setup: assigned thread_id=1
init: final thread_id=1, base_seed=nil
script_want_response
Running 2m test @ http://10.10.1.1:13990
  1 threads and 10 connections

  Thread calibration: mean lat.: 61.262ms, rate sampling interval: 120ms

-----------------------------------------------------------------------
Test Results @ http://10.10.1.1:13990 
  Thread Stats   Avg      Stdev     99%   +/- Stdev
    Latency     7.57ms    0.88ms   9.82ms   77.24%
    Req/Sec   100.21     30.38   168.00     81.17%
  Latency Distribution (HdrHistogram - Recorded Latency)
 50.000%    7.45ms
 75.000%    7.95ms
 90.000%    8.70ms
 99.000%    9.82ms
 99.900%   13.41ms
 99.990%   19.81ms
 99.999%   20.11ms
100.000%   20.11ms

  Detailed Percentile spectrum:
       Value   Percentile   TotalCount 1/(1-Percentile)

       4.671     0.000000            1         1.00
       6.715     0.100000          900         1.11
       6.959     0.200000         1819         1.25
       7.131     0.300000         2713         1.43
       7.291     0.400000         3601         1.67
       7.447     0.500000         4516         2.00
       7.531     0.550000         4953         2.22
       7.607     0.600000         5399         2.50
       7.707     0.650000         5856         2.86
       7.823     0.700000         6307         3.33
       7.955     0.750000         6756         4.00
       8.043     0.775000         6973         4.44
       8.143     0.800000         7201         5.00
       8.247     0.825000         7424         5.71
       8.391     0.850000         7661         6.67
       8.535     0.875000         7880         8.00
       8.615     0.887500         7987         8.89
       8.703     0.900000         8102        10.00
       8.791     0.912500         8215        11.43
       8.879     0.925000         8324        13.33
       8.975     0.937500         8435        16.00
       9.031     0.943750         8494        17.78
       9.095     0.950000         8548        20.00
       9.175     0.956250         8604        22.86
       9.263     0.962500         8664        26.67
       9.351     0.968750         8718        32.00
       9.391     0.971875         8744        35.56
       9.439     0.975000         8773        40.00
       9.503     0.978125         8801        45.71
       9.591     0.981250         8830        53.33
       9.679     0.984375         8858        64.00
       9.727     0.985938         8871        71.11
       9.751     0.987500         8886        80.00
       9.783     0.989062         8899        91.43
       9.847     0.990625         8913       106.67
       9.919     0.992188         8927       128.00
       9.999     0.992969         8934       142.22
      10.071     0.993750         8941       160.00
      10.191     0.994531         8948       182.86
      10.343     0.995313         8956       213.33
      11.103     0.996094         8962       256.00
      11.895     0.996484         8966       284.44
      12.127     0.996875         8969       320.00
      12.327     0.997266         8973       365.71
      12.431     0.997656         8976       426.67
      12.831     0.998047         8980       512.00
      12.895     0.998242         8982       568.89
      12.919     0.998437         8983       640.00
      12.951     0.998633         8985       731.43
      13.383     0.998828         8987       853.33
      13.431     0.999023         8989      1024.00
      14.135     0.999121         8990      1137.78
      14.135     0.999219         8990      1280.00
      14.167     0.999316         8991      1462.86
      16.031     0.999414         8992      1706.67
      16.247     0.999512         8993      2048.00
      16.463     0.999561         8994      2275.56
      16.463     0.999609         8994      2560.00
      16.463     0.999658         8994      2925.71
      18.287     0.999707         8995      3413.33
      18.287     0.999756         8995      4096.00
      19.807     0.999780         8996      4551.11
      19.807     0.999805         8996      5120.00
      19.807     0.999829         8996      5851.43
      19.807     0.999854         8996      6826.67
      19.807     0.999878         8996      8192.00
      20.111     0.999890         8997      9102.22
      20.111     1.000000         8997          inf
#[Mean    =        7.571, StdDeviation   =        0.884]
#[Max     =       20.096, Total count    =         8997]
#[Buckets =           27, SubBuckets     =         2048]
-----------------------------------------------------------------------
  9991 requests in 1.67m, 1.55MB read
Requests/sec:     99.90  
Transfer/sec:     15.86KB

=== rps=2000 c=200 t=20 url=http://10.10.1.1:13990 ===
setup: assigned thread_id=1
init: final thread_id=1, base_seed=nil
setup: assigned thread_id=2
init: final thread_id=2, base_seed=nil
setup: assigned thread_id=3
init: final thread_id=3, base_seed=nil
setup: assigned thread_id=4
init: final thread_id=4, base_seed=nil
setup: assigned thread_id=5
init: final thread_id=5, base_seed=nil
setup: assigned thread_id=6
init: final thread_id=6, base_seed=nil
setup: assigned thread_id=7
init: final thread_id=7, base_seed=nil
setup: assigned thread_id=8
init: final thread_id=8, base_seed=nil
setup: assigned thread_id=9
init: final thread_id=9, base_seed=nil
setup: assigned thread_id=10
init: final thread_id=10, base_seed=nil
setup: assigned thread_id=11
init: final thread_id=11, base_seed=nil
setup: assigned thread_id=12
init: final thread_id=12, base_seed=nil
setup: assigned thread_id=13
init: final thread_id=13, base_seed=nil
setup: assigned thread_id=14
init: final thread_id=14, base_seed=nil
setup: assigned thread_id=15
init: final thread_id=15, base_seed=nil
setup: assigned thread_id=16
init: final thread_id=16, base_seed=nil
setup: assigned thread_id=17
init: final thread_id=17, base_seed=nil
setup: assigned thread_id=18
init: final thread_id=18, base_seed=nil
setup: assigned thread_id=19
init: final thread_id=19, base_seed=nil
setup: assigned thread_id=20
init: final thread_id=20, base_seed=nil
script_want_response
Running 1m test @ http://10.10.1.1:13990
  20 threads and 200 connections

  Thread calibration: mean lat.: 10.067ms, rate sampling interval: 30ms
  Thread calibration: mean lat.: 11.257ms, rate sampling interval: 38ms
  Thread calibration: mean lat.: 12.284ms, rate sampling interval: 42ms
  Thread calibration: mean lat.: 13.010ms, rate sampling interval: 42ms
  Thread calibration: mean lat.: 13.519ms, rate sampling interval: 41ms
  Thread calibration: mean lat.: 14.115ms, rate sampling interval: 41ms
  Thread calibration: mean lat.: 15.431ms, rate sampling interval: 43ms
  Thread calibration: mean lat.: 15.976ms, rate sampling interval: 43ms
  Thread calibration: mean lat.: 15.913ms, rate sampling interval: 41ms
  Thread calibration: mean lat.: 16.548ms, rate sampling interval: 42ms
  Thread calibration: mean lat.: 16.538ms, rate sampling interval: 47ms
  Thread calibration: mean lat.: 16.820ms, rate sampling interval: 47ms
  Thread calibration: mean lat.: 18.503ms, rate sampling interval: 52ms
  Thread calibration: mean lat.: 18.302ms, rate sampling interval: 51ms
  Thread calibration: mean lat.: 18.705ms, rate sampling interval: 53ms
  Thread calibration: mean lat.: 20.155ms, rate sampling interval: 52ms
  Thread calibration: mean lat.: 19.692ms, rate sampling interval: 50ms
  Thread calibration: mean lat.: 19.076ms, rate sampling interval: 50ms
  Thread calibration: mean lat.: 18.510ms, rate sampling interval: 47ms
  Thread calibration: mean lat.: 17.829ms, rate sampling interval: 46ms

-----------------------------------------------------------------------
Test Results @ http://10.10.1.1:13990 
  Thread Stats   Avg      Stdev     99%   +/- Stdev
    Latency    18.16ms    8.30ms  50.01ms   73.96%
    Req/Sec   100.83     80.11   300.00     56.37%
  Latency Distribution (HdrHistogram - Recorded Latency)
 50.000%   17.20ms
 75.000%   21.57ms
 90.000%   27.28ms
 99.000%   50.01ms
 99.900%   67.58ms
 99.990%   72.00ms
 99.999%   78.91ms
100.000%   80.38ms

  Detailed Percentile spectrum:
       Value   Percentile   TotalCount 1/(1-Percentile)

       6.411     0.000000            1         1.00
       8.703     0.100000        10041         1.11
      11.583     0.200000        20005         1.25
      13.751     0.300000        29997         1.43
      15.551     0.400000        39956         1.67
      17.199     0.500000        50021         2.00
      18.015     0.550000        54970         2.22
      18.799     0.600000        59971         2.50
      19.631     0.650000        64998         2.86
      20.527     0.700000        69917         3.33
      21.567     0.750000        74939         4.00
      22.159     0.775000        77452         4.44
      22.847     0.800000        79932         5.00
      23.663     0.825000        82428         5.71
      24.591     0.850000        84938         6.67
      25.743     0.875000        87391         8.00
      26.479     0.887500        88651         8.89
      27.279     0.900000        89904        10.00
      28.159     0.912500        91144        11.43
      29.215     0.925000        92402        13.33
      30.415     0.937500        93641        16.00
      31.231     0.943750        94269        17.78
      32.111     0.950000        94892        20.00
      33.311     0.956250        95506        22.86
      34.847     0.962500        96139        26.67
      37.087     0.968750        96757        32.00
      38.111     0.971875        97070        35.56
      39.199     0.975000        97383        40.00
      40.383     0.978125        97691        45.71
      42.239     0.981250        98006        53.33
      44.703     0.984375        98320        64.00
      46.047     0.985938        98471        71.11
      47.807     0.987500        98628        80.00
      49.343     0.989062        98785        91.43
      50.655     0.990625        98939       106.67
      52.831     0.992188        99096       128.00
      54.335     0.992969        99173       142.22
      56.799     0.993750        99251       160.00
      58.239     0.994531        99329       182.86
      59.839     0.995313        99407       213.33
      61.567     0.996094        99486       256.00
      62.751     0.996484        99526       284.44
      63.807     0.996875        99563       320.00
      64.799     0.997266        99602       365.71
      65.407     0.997656        99641       426.67
      66.111     0.998047        99683       512.00
      66.367     0.998242        99702       568.89
      66.687     0.998437        99723       640.00
      66.943     0.998633        99741       731.43
      67.327     0.998828        99762       853.33
      67.583     0.999023        99783      1024.00
      67.903     0.999121        99791      1137.78
      68.095     0.999219        99800      1280.00
      68.287     0.999316        99809      1462.86
      68.543     0.999414        99817      1706.67
      68.799     0.999512        99827      2048.00
      68.991     0.999561        99832      2275.56
      69.247     0.999609        99837      2560.00
      69.503     0.999658        99841      2925.71
      69.695     0.999707        99846      3413.33
      70.079     0.999756        99852      4096.00
      70.463     0.999780        99854      4551.11
      70.783     0.999805        99856      5120.00
      70.911     0.999829        99858      5851.43
      71.231     0.999854        99861      6826.67
      71.743     0.999878        99863      8192.00
      71.999     0.999890        99865      9102.22
      72.063     0.999902        99867     10240.00
      72.063     0.999915        99867     11702.86
      72.319     0.999927        99868     13653.33
      73.855     0.999939        99869     16384.00
      74.239     0.999945        99870     18204.44
      74.751     0.999951        99871     20480.00
      74.751     0.999957        99871     23405.71
      74.943     0.999963        99872     27306.67
      74.943     0.999969        99872     32768.00
      77.823     0.999973        99873     36408.89
      77.823     0.999976        99873     40960.00
      77.823     0.999979        99873     46811.43
      78.911     0.999982        99874     54613.33
      78.911     0.999985        99874     65536.00
      78.911     0.999986        99874     72817.78
      78.911     0.999988        99874     81920.00
      78.911     0.999989        99874     93622.86
      80.383     0.999991        99875    109226.67
      80.383     1.000000        99875          inf
#[Mean    =       18.165, StdDeviation   =        8.297]
#[Max     =       80.320, Total count    =        99875]
#[Buckets =           27, SubBuckets     =         2048]
-----------------------------------------------------------------------
  119705 requests in 1.00m, 18.56MB read
Requests/sec:   1998.09  
Transfer/sec:    317.30KB

=== rps=2200 c=242 t=25 url=http://10.10.1.1:13990 ===
setup: assigned thread_id=1
init: final thread_id=1, base_seed=nil
setup: assigned thread_id=2
init: final thread_id=2, base_seed=nil
setup: assigned thread_id=3
init: final thread_id=3, base_seed=nil
setup: assigned thread_id=4
init: final thread_id=4, base_seed=nil
setup: assigned thread_id=5
init: final thread_id=5, base_seed=nil
setup: assigned thread_id=6
init: final thread_id=6, base_seed=nil
setup: assigned thread_id=7
init: final thread_id=7, base_seed=nil
setup: assigned thread_id=8
init: final thread_id=8, base_seed=nil
setup: assigned thread_id=9
init: final thread_id=9, base_seed=nil
setup: assigned thread_id=10
init: final thread_id=10, base_seed=nil
setup: assigned thread_id=11
init: final thread_id=11, base_seed=nil
setup: assigned thread_id=12
init: final thread_id=12, base_seed=nil
setup: assigned thread_id=13
init: final thread_id=13, base_seed=nil
setup: assigned thread_id=14
init: final thread_id=14, base_seed=nil
setup: assigned thread_id=15
init: final thread_id=15, base_seed=nil
setup: assigned thread_id=16
init: final thread_id=16, base_seed=nil
setup: assigned thread_id=17
init: final thread_id=17, base_seed=nil
setup: assigned thread_id=18
init: final thread_id=18, base_seed=nil
setup: assigned thread_id=19
init: final thread_id=19, base_seed=nil
setup: assigned thread_id=20
init: final thread_id=20, base_seed=nil
setup: assigned thread_id=21
init: final thread_id=21, base_seed=nil
setup: assigned thread_id=22
init: final thread_id=22, base_seed=nil
setup: assigned thread_id=23
init: final thread_id=23, base_seed=nil
setup: assigned thread_id=24
init: final thread_id=24, base_seed=nil
setup: assigned thread_id=25
init: final thread_id=25, base_seed=nil
script_want_response
Running 1m test @ http://10.10.1.1:13990
  25 threads and 242 connections

  Thread calibration: mean lat.: 11.124ms, rate sampling interval: 28ms
  Thread calibration: mean lat.: 11.636ms, rate sampling interval: 31ms
  Thread calibration: mean lat.: 11.645ms, rate sampling interval: 31ms
  Thread calibration: mean lat.: 12.098ms, rate sampling interval: 32ms
  Thread calibration: mean lat.: 12.415ms, rate sampling interval: 35ms
  Thread calibration: mean lat.: 13.222ms, rate sampling interval: 38ms
  Thread calibration: mean lat.: 13.495ms, rate sampling interval: 39ms
  Thread calibration: mean lat.: 12.965ms, rate sampling interval: 39ms
  Thread calibration: mean lat.: 14.207ms, rate sampling interval: 40ms
  Thread calibration: mean lat.: 14.243ms, rate sampling interval: 39ms
  Thread calibration: mean lat.: 14.867ms, rate sampling interval: 42ms
  Thread calibration: mean lat.: 15.047ms, rate sampling interval: 40ms
  Thread calibration: mean lat.: 15.218ms, rate sampling interval: 41ms
  Thread calibration: mean lat.: 15.339ms, rate sampling interval: 42ms
  Thread calibration: mean lat.: 15.076ms, rate sampling interval: 41ms
  Thread calibration: mean lat.: 15.965ms, rate sampling interval: 47ms
  Thread calibration: mean lat.: 15.889ms, rate sampling interval: 47ms
  Thread calibration: mean lat.: 20.385ms, rate sampling interval: 57ms
  Thread calibration: mean lat.: 21.497ms, rate sampling interval: 58ms
  Thread calibration: mean lat.: 21.986ms, rate sampling interval: 59ms
  Thread calibration: mean lat.: 21.980ms, rate sampling interval: 59ms
  Thread calibration: mean lat.: 22.286ms, rate sampling interval: 59ms
  Thread calibration: mean lat.: 22.206ms, rate sampling interval: 58ms
  Thread calibration: mean lat.: 21.935ms, rate sampling interval: 58ms
  Thread calibration: mean lat.: 21.446ms, rate sampling interval: 57ms

-----------------------------------------------------------------------
Test Results @ http://10.10.1.1:13990 
  Thread Stats   Avg      Stdev     99%   +/- Stdev
    Latency    16.59ms    7.92ms  40.35ms   82.44%
    Req/Sec    88.83     85.02   300.00     50.80%
  Latency Distribution (HdrHistogram - Recorded Latency)
 50.000%   14.98ms
 75.000%   19.87ms
 90.000%   25.42ms
 99.000%   40.35ms
 99.900%  105.28ms
 99.990%  150.91ms
 99.999%  167.04ms
100.000%  168.83ms

  Detailed Percentile spectrum:
       Value   Percentile   TotalCount 1/(1-Percentile)

       6.575     0.000000            1         1.00
       9.295     0.100000        11019         1.11
      10.687     0.200000        22049         1.25
      12.055     0.300000        32984         1.43
      13.487     0.400000        44018         1.67
      14.975     0.500000        54980         2.00
      15.791     0.550000        60476         2.22
      16.671     0.600000        66019         2.50
      17.599     0.650000        71459         2.86
      18.687     0.700000        77036         3.33
      19.871     0.750000        82489         4.00
      20.543     0.775000        85209         4.44
      21.295     0.800000        87972         5.00
      22.111     0.825000        90703         5.71
      23.039     0.850000        93454         6.67
      24.111     0.875000        96209         8.00
      24.735     0.887500        97573         8.89
      25.423     0.900000        98952        10.00
      26.191     0.912500       100320        11.43
      27.023     0.925000       101687        13.33
      28.031     0.937500       103071        16.00
      28.639     0.943750       103744        17.78
      29.311     0.950000       104428        20.00
      30.079     0.956250       105129        22.86
      30.991     0.962500       105803        26.67
      32.159     0.968750       106492        32.00
      32.831     0.971875       106833        35.56
      33.599     0.975000       107185        40.00
      34.495     0.978125       107519        45.71
      35.455     0.981250       107865        53.33
      36.671     0.984375       108209        64.00
      37.439     0.985938       108384        71.11
      38.335     0.987500       108550        80.00
      39.487     0.989062       108722        91.43
      40.863     0.990625       108892       106.67
      42.463     0.992188       109065       128.00
      43.679     0.992969       109150       142.22
      44.959     0.993750       109235       160.00
      46.527     0.994531       109321       182.86
      48.735     0.995313       109407       213.33
      51.775     0.996094       109494       256.00
      53.727     0.996484       109536       284.44
      55.615     0.996875       109579       320.00
      58.047     0.997266       109622       365.71
      60.255     0.997656       109666       426.67
      64.863     0.998047       109708       512.00
      82.687     0.998242       109729       568.89
      85.375     0.998437       109751       640.00
      88.127     0.998633       109772       731.43
     102.207     0.998828       109796       853.33
     105.855     0.999023       109815      1024.00
     107.007     0.999121       109826      1137.78
     107.839     0.999219       109837      1280.00
     109.887     0.999316       109848      1462.86
     111.103     0.999414       109858      1706.67
     113.215     0.999512       109869      2048.00
     113.599     0.999561       109874      2275.56
     114.751     0.999609       109880      2560.00
     126.591     0.999658       109885      2925.71
     133.503     0.999707       109890      3413.33
     138.367     0.999756       109896      4096.00
     138.623     0.999780       109899      4551.11
     138.879     0.999805       109901      5120.00
     139.775     0.999829       109904      5851.43
     140.159     0.999854       109906      6826.67
     141.439     0.999878       109909      8192.00
     148.479     0.999890       109910      9102.22
     151.423     0.999902       109912     10240.00
     152.191     0.999915       109913     11702.86
     155.007     0.999927       109914     13653.33
     158.847     0.999939       109916     16384.00
     158.847     0.999945       109916     18204.44
     161.663     0.999951       109917     20480.00
     161.919     0.999957       109918     23405.71
     161.919     0.999963       109918     27306.67
     162.687     0.999969       109919     32768.00
     162.687     0.999973       109919     36408.89
     165.119     0.999976       109920     40960.00
     165.119     0.999979       109920     46811.43
     165.119     0.999982       109920     54613.33
     167.039     0.999985       109921     65536.00
     167.039     0.999986       109921     72817.78
     167.039     0.999988       109921     81920.00
     167.039     0.999989       109921     93622.86
     167.039     0.999991       109921    109226.67
     168.831     0.999992       109922    131072.00
     168.831     1.000000       109922          inf
#[Mean    =       16.593, StdDeviation   =        7.918]
#[Max     =      168.704, Total count    =       109922]
#[Buckets =           27, SubBuckets     =         2048]
-----------------------------------------------------------------------
  131671 requests in 1.00m, 20.42MB read
Requests/sec:   2195.90  
Transfer/sec:    348.68KB

=== rps=2400 c=288 t=29 url=http://10.10.1.1:13990 ===
setup: assigned thread_id=1
init: final thread_id=1, base_seed=nil
setup: assigned thread_id=2
init: final thread_id=2, base_seed=nil
setup: assigned thread_id=3
init: final thread_id=3, base_seed=nil
setup: assigned thread_id=4
init: final thread_id=4, base_seed=nil
setup: assigned thread_id=5
init: final thread_id=5, base_seed=nil
setup: assigned thread_id=6
init: final thread_id=6, base_seed=nil
setup: assigned thread_id=7
init: final thread_id=7, base_seed=nil
setup: assigned thread_id=8
init: final thread_id=8, base_seed=nil
setup: assigned thread_id=9
init: final thread_id=9, base_seed=nil
setup: assigned thread_id=10
init: final thread_id=10, base_seed=nil
setup: assigned thread_id=11
init: final thread_id=11, base_seed=nil
setup: assigned thread_id=12
init: final thread_id=12, base_seed=nil
setup: assigned thread_id=13
init: final thread_id=13, base_seed=nil
setup: assigned thread_id=14
init: final thread_id=14, base_seed=nil
setup: assigned thread_id=15
init: final thread_id=15, base_seed=nil
setup: assigned thread_id=16
init: final thread_id=16, base_seed=nil
setup: assigned thread_id=17
init: final thread_id=17, base_seed=nil
setup: assigned thread_id=18
init: final thread_id=18, base_seed=nil
setup: assigned thread_id=19
init: final thread_id=19, base_seed=nil
setup: assigned thread_id=20
init: final thread_id=20, base_seed=nil
setup: assigned thread_id=21
init: final thread_id=21, base_seed=nil
setup: assigned thread_id=22
init: final thread_id=22, base_seed=nil
setup: assigned thread_id=23
init: final thread_id=23, base_seed=nil
setup: assigned thread_id=24
init: final thread_id=24, base_seed=nil
setup: assigned thread_id=25
init: final thread_id=25, base_seed=nil
setup: assigned thread_id=26
init: final thread_id=26, base_seed=nil
setup: assigned thread_id=27
init: final thread_id=27, base_seed=nil
setup: assigned thread_id=28
init: final thread_id=28, base_seed=nil
setup: assigned thread_id=29
init: final thread_id=29, base_seed=nil
script_want_response
Running 1m test @ http://10.10.1.1:13990
  29 threads and 288 connections

  Thread calibration: mean lat.: 21.862ms, rate sampling interval: 69ms
  Thread calibration: mean lat.: 21.673ms, rate sampling interval: 67ms
  Thread calibration: mean lat.: 21.331ms, rate sampling interval: 64ms
  Thread calibration: mean lat.: 21.091ms, rate sampling interval: 63ms
  Thread calibration: mean lat.: 20.878ms, rate sampling interval: 61ms
  Thread calibration: mean lat.: 20.803ms, rate sampling interval: 60ms
  Thread calibration: mean lat.: 20.740ms, rate sampling interval: 59ms
  Thread calibration: mean lat.: 20.598ms, rate sampling interval: 56ms
  Thread calibration: mean lat.: 20.463ms, rate sampling interval: 55ms
  Thread calibration: mean lat.: 20.370ms, rate sampling interval: 54ms
  Thread calibration: mean lat.: 20.623ms, rate sampling interval: 55ms
  Thread calibration: mean lat.: 16.551ms, rate sampling interval: 48ms
  Thread calibration: mean lat.: 15.797ms, rate sampling interval: 45ms
  Thread calibration: mean lat.: 15.395ms, rate sampling interval: 43ms
  Thread calibration: mean lat.: 14.904ms, rate sampling interval: 41ms
  Thread calibration: mean lat.: 19.738ms, rate sampling interval: 64ms
  Thread calibration: mean lat.: 21.274ms, rate sampling interval: 69ms
  Thread calibration: mean lat.: 22.737ms, rate sampling interval: 71ms
  Thread calibration: mean lat.: 23.951ms, rate sampling interval: 71ms
  Thread calibration: mean lat.: 25.112ms, rate sampling interval: 73ms
  Thread calibration: mean lat.: 26.078ms, rate sampling interval: 72ms
  Thread calibration: mean lat.: 26.685ms, rate sampling interval: 73ms
  Thread calibration: mean lat.: 25.666ms, rate sampling interval: 72ms
  Thread calibration: mean lat.: 22.728ms, rate sampling interval: 68ms
  Thread calibration: mean lat.: 22.802ms, rate sampling interval: 68ms
  Thread calibration: mean lat.: 21.193ms, rate sampling interval: 67ms
  Thread calibration: mean lat.: 19.520ms, rate sampling interval: 63ms
  Thread calibration: mean lat.: 18.101ms, rate sampling interval: 59ms
  Thread calibration: mean lat.: 16.555ms, rate sampling interval: 55ms

-----------------------------------------------------------------------
Test Results @ http://10.10.1.1:13990 
  Thread Stats   Avg      Stdev     99%   +/- Stdev
    Latency    20.97ms    8.58ms  46.17ms   67.15%
    Req/Sec    82.38     54.81   209.00     65.90%
  Latency Distribution (HdrHistogram - Recorded Latency)
 50.000%   19.52ms
 75.000%   26.32ms
 90.000%   32.75ms
 99.000%   46.17ms
 99.900%   54.94ms
 99.990%   60.80ms
 99.999%   85.89ms
100.000%   88.25ms

  Detailed Percentile spectrum:
       Value   Percentile   TotalCount 1/(1-Percentile)

       7.223     0.000000            1         1.00
      11.039     0.100000        11888         1.11
      13.159     0.200000        23801         1.25
      15.167     0.300000        35712         1.43
      17.311     0.400000        47620         1.67
      19.519     0.500000        59498         2.00
      20.655     0.550000        65410         2.22
      21.855     0.600000        71326         2.50
      23.167     0.650000        77289         2.86
      24.639     0.700000        83237         3.33
      26.319     0.750000        89186         4.00
      27.247     0.775000        92158         4.44
      28.175     0.800000        95116         5.00
      29.183     0.825000        98075         5.71
      30.239     0.850000       101036         6.67
      31.407     0.875000       104016         8.00
      32.047     0.887500       105499         8.89
      32.751     0.900000       106991        10.00
      33.535     0.912500       108458        11.43
      34.463     0.925000       109963        13.33
      35.551     0.937500       111429        16.00
      36.223     0.943750       112199        17.78
      36.863     0.950000       112922        20.00
      37.631     0.956250       113677        22.86
      38.495     0.962500       114417        26.67
      39.519     0.968750       115159        32.00
      40.127     0.971875       115534        35.56
      40.799     0.975000       115900        40.00
      41.599     0.978125       116260        45.71
      42.495     0.981250       116639        53.33
      43.487     0.984375       117004        64.00
      44.031     0.985938       117188        71.11
      44.831     0.987500       117376        80.00
      45.631     0.989062       117565        91.43
      46.527     0.990625       117747       106.67
      47.775     0.992188       117928       128.00
      48.287     0.992969       118021       142.22
      48.895     0.993750       118116       160.00
      49.503     0.994531       118211       182.86
      50.047     0.995313       118300       213.33
      50.719     0.996094       118397       256.00
      51.103     0.996484       118440       284.44
      51.519     0.996875       118486       320.00
      51.967     0.997266       118532       365.71
      52.543     0.997656       118578       426.67
      53.215     0.998047       118624       512.00
      53.599     0.998242       118649       568.89
      54.015     0.998437       118673       640.00
      54.303     0.998633       118694       731.43
      54.591     0.998828       118719       853.33
      55.103     0.999023       118741      1024.00
      55.391     0.999121       118753      1137.78
      55.647     0.999219       118765      1280.00
      55.967     0.999316       118777      1462.86
      56.287     0.999414       118787      1706.67
      57.151     0.999512       118798      2048.00
      57.503     0.999561       118804      2275.56
      57.919     0.999609       118810      2560.00
      58.143     0.999658       118816      2925.71
      58.431     0.999707       118822      3413.33
      58.687     0.999756       118827      4096.00
      59.071     0.999780       118830      4551.11
      59.359     0.999805       118833      5120.00
      59.519     0.999829       118836      5851.43
      59.935     0.999854       118839      6826.67
      60.479     0.999878       118842      8192.00
      60.767     0.999890       118843      9102.22
      61.311     0.999902       118845     10240.00
      61.759     0.999915       118846     11702.86
      61.823     0.999927       118848     13653.33
      64.831     0.999939       118849     16384.00
      68.415     0.999945       118850     18204.44
      68.479     0.999951       118851     20480.00
      68.479     0.999957       118851     23405.71
      76.607     0.999963       118852     27306.67
      80.063     0.999969       118853     32768.00
      80.063     0.999973       118853     36408.89
      83.135     0.999976       118854     40960.00
      83.135     0.999979       118854     46811.43
      83.135     0.999982       118854     54613.33
      85.887     0.999985       118855     65536.00
      85.887     0.999986       118855     72817.78
      85.887     0.999988       118855     81920.00
      85.887     0.999989       118855     93622.86
      85.887     0.999991       118855    109226.67
      88.255     0.999992       118856    131072.00
      88.255     1.000000       118856          inf
#[Mean    =       20.974, StdDeviation   =        8.584]
#[Max     =       88.192, Total count    =       118856]
#[Buckets =           27, SubBuckets     =         2048]
-----------------------------------------------------------------------
  142377 requests in 1.00m, 22.08MB read
Requests/sec:   2375.09  
Transfer/sec:    377.22KB

=== rps=2600 c=338 t=34 url=http://10.10.1.1:13990 ===
setup: assigned thread_id=1
init: final thread_id=1, base_seed=nil
setup: assigned thread_id=2
init: final thread_id=2, base_seed=nil
setup: assigned thread_id=3
init: final thread_id=3, base_seed=nil
setup: assigned thread_id=4
init: final thread_id=4, base_seed=nil
setup: assigned thread_id=5
init: final thread_id=5, base_seed=nil
setup: assigned thread_id=6
init: final thread_id=6, base_seed=nil
setup: assigned thread_id=7
init: final thread_id=7, base_seed=nil
setup: assigned thread_id=8
init: final thread_id=8, base_seed=nil
setup: assigned thread_id=9
init: final thread_id=9, base_seed=nil
setup: assigned thread_id=10
init: final thread_id=10, base_seed=nil
setup: assigned thread_id=11
init: final thread_id=11, base_seed=nil
setup: assigned thread_id=12
init: final thread_id=12, base_seed=nil
setup: assigned thread_id=13
init: final thread_id=13, base_seed=nil
setup: assigned thread_id=14
init: final thread_id=14, base_seed=nil
setup: assigned thread_id=15
init: final thread_id=15, base_seed=nil
setup: assigned thread_id=16
init: final thread_id=16, base_seed=nil
setup: assigned thread_id=17
init: final thread_id=17, base_seed=nil
setup: assigned thread_id=18
init: final thread_id=18, base_seed=nil
setup: assigned thread_id=19
init: final thread_id=19, base_seed=nil
setup: assigned thread_id=20
init: final thread_id=20, base_seed=nil
setup: assigned thread_id=21
init: final thread_id=21, base_seed=nil
setup: assigned thread_id=22
init: final thread_id=22, base_seed=nil
setup: assigned thread_id=23
init: final thread_id=23, base_seed=nil
setup: assigned thread_id=24
init: final thread_id=24, base_seed=nil
setup: assigned thread_id=25
init: final thread_id=25, base_seed=nil
setup: assigned thread_id=26
init: final thread_id=26, base_seed=nil
setup: assigned thread_id=27
init: final thread_id=27, base_seed=nil
setup: assigned thread_id=28
init: final thread_id=28, base_seed=nil
setup: assigned thread_id=29
init: final thread_id=29, base_seed=nil
setup: assigned thread_id=30
init: final thread_id=30, base_seed=nil
setup: assigned thread_id=31
init: final thread_id=31, base_seed=nil
setup: assigned thread_id=32
init: final thread_id=32, base_seed=nil
setup: assigned thread_id=33
init: final thread_id=33, base_seed=nil
setup: assigned thread_id=34
init: final thread_id=34, base_seed=nil
script_want_response
Running 1m test @ http://10.10.1.1:13990
  34 threads and 338 connections

  Thread calibration: mean lat.: 21.106ms, rate sampling interval: 81ms
  Thread calibration: mean lat.: 22.155ms, rate sampling interval: 85ms
  Thread calibration: mean lat.: 22.251ms, rate sampling interval: 84ms
  Thread calibration: mean lat.: 22.955ms, rate sampling interval: 81ms
  Thread calibration: mean lat.: 22.376ms, rate sampling interval: 75ms
  Thread calibration: mean lat.: 23.123ms, rate sampling interval: 76ms
  Thread calibration: mean lat.: 23.452ms, rate sampling interval: 76ms
  Thread calibration: mean lat.: 24.757ms, rate sampling interval: 81ms
  Thread calibration: mean lat.: 24.336ms, rate sampling interval: 74ms
  Thread calibration: mean lat.: 24.677ms, rate sampling interval: 79ms
  Thread calibration: mean lat.: 23.102ms, rate sampling interval: 66ms
  Thread calibration: mean lat.: 18.605ms, rate sampling interval: 55ms
  Thread calibration: mean lat.: 18.165ms, rate sampling interval: 54ms
  Thread calibration: mean lat.: 17.521ms, rate sampling interval: 52ms
  Thread calibration: mean lat.: 16.820ms, rate sampling interval: 49ms
  Thread calibration: mean lat.: 22.991ms, rate sampling interval: 75ms
  Thread calibration: mean lat.: 24.781ms, rate sampling interval: 77ms
  Thread calibration: mean lat.: 26.876ms, rate sampling interval: 80ms
  Thread calibration: mean lat.: 27.604ms, rate sampling interval: 82ms
  Thread calibration: mean lat.: 28.855ms, rate sampling interval: 81ms
  Thread calibration: mean lat.: 29.262ms, rate sampling interval: 81ms
  Thread calibration: mean lat.: 29.990ms, rate sampling interval: 80ms
  Thread calibration: mean lat.: 30.770ms, rate sampling interval: 82ms
  Thread calibration: mean lat.: 32.040ms, rate sampling interval: 86ms
  Thread calibration: mean lat.: 31.714ms, rate sampling interval: 85ms
  Thread calibration: mean lat.: 32.528ms, rate sampling interval: 88ms
  Thread calibration: mean lat.: 32.913ms, rate sampling interval: 90ms
  Thread calibration: mean lat.: 33.681ms, rate sampling interval: 92ms
  Thread calibration: mean lat.: 33.880ms, rate sampling interval: 93ms
  Thread calibration: mean lat.: 34.805ms, rate sampling interval: 94ms
  Thread calibration: mean lat.: 33.798ms, rate sampling interval: 88ms
  Thread calibration: mean lat.: 33.264ms, rate sampling interval: 87ms
  Thread calibration: mean lat.: 32.575ms, rate sampling interval: 86ms
  Thread calibration: mean lat.: 32.043ms, rate sampling interval: 85ms

-----------------------------------------------------------------------
Test Results @ http://10.10.1.1:13990 
  Thread Stats   Avg      Stdev     99%   +/- Stdev
    Latency    26.25ms   14.06ms  66.82ms   78.40%
    Req/Sec    76.00     43.80   173.00     72.75%
  Latency Distribution (HdrHistogram - Recorded Latency)
 50.000%   23.97ms
 75.000%   32.75ms
 90.000%   42.05ms
 99.000%   66.82ms
 99.900%  144.77ms
 99.990%  278.27ms
 99.999%  327.17ms
100.000%  327.93ms

  Detailed Percentile spectrum:
       Value   Percentile   TotalCount 1/(1-Percentile)

       7.571     0.000000            1         1.00
      12.343     0.100000        12907         1.11
      15.295     0.200000        25823         1.25
      18.191     0.300000        38683         1.43
      21.039     0.400000        51584         1.67
      23.967     0.500000        64460         2.00
      25.471     0.550000        70948         2.22
      27.039     0.600000        77380         2.50
      28.767     0.650000        83838         2.86
      30.671     0.700000        90242         3.33
      32.751     0.750000        96708         4.00
      33.887     0.775000        99913         4.44
      35.167     0.800000       103178         5.00
      36.607     0.825000       106356         5.71
      38.239     0.850000       109607         6.67
      40.031     0.875000       112817         8.00
      41.023     0.887500       114438         8.89
      42.047     0.900000       116063        10.00
      43.039     0.912500       117642        11.43
      44.223     0.925000       119252        13.33
      45.663     0.937500       120847        16.00
      46.463     0.943750       121668        17.78
      47.423     0.950000       122476        20.00
      48.447     0.956250       123271        22.86
      49.759     0.962500       124079        26.67
      51.391     0.968750       124885        32.00
      52.351     0.971875       125284        35.56
      53.247     0.975000       125681        40.00
      54.527     0.978125       126088        45.71
      56.223     0.981250       126490        53.33
      58.815     0.984375       126890        64.00
      60.223     0.985938       127091        71.11
      62.207     0.987500       127293        80.00
      64.927     0.989062       127493        91.43
      68.351     0.990625       127695       106.67
      73.599     0.992188       127896       128.00
      76.863     0.992969       127996       142.22
      82.111     0.993750       128097       160.00
      87.487     0.994531       128198       182.86
      93.759     0.995313       128300       213.33
     103.295     0.996094       128400       256.00
     108.415     0.996484       128449       284.44
     113.215     0.996875       128500       320.00
     117.247     0.997266       128551       365.71
     119.167     0.997656       128600       426.67
     120.703     0.998047       128651       512.00
     122.175     0.998242       128676       568.89
     123.519     0.998437       128701       640.00
     125.055     0.998633       128726       731.43
     134.143     0.998828       128751       853.33
     147.455     0.999023       128778      1024.00
     158.463     0.999121       128789      1137.78
     159.871     0.999219       128802      1280.00
     165.759     0.999316       128814      1462.86
     175.103     0.999414       128827      1706.67
     193.663     0.999512       128840      2048.00
     201.087     0.999561       128846      2275.56
     202.239     0.999609       128852      2560.00
     204.415     0.999658       128858      2925.71
     225.663     0.999707       128865      3413.33
     229.887     0.999756       128871      4096.00
     231.039     0.999780       128874      4551.11
     234.111     0.999805       128877      5120.00
     237.311     0.999829       128880      5851.43
     268.543     0.999854       128884      6826.67
     276.991     0.999878       128887      8192.00
     277.759     0.999890       128888      9102.22
     279.295     0.999902       128890     10240.00
     282.111     0.999915       128891     11702.86
     283.647     0.999927       128893     13653.33
     285.439     0.999939       128895     16384.00
     285.439     0.999945       128895     18204.44
     288.255     0.999951       128896     20480.00
     317.183     0.999957       128897     23405.71
     322.047     0.999963       128898     27306.67
     323.839     0.999969       128899     32768.00
     323.839     0.999973       128899     36408.89
     323.839     0.999976       128899     40960.00
     325.375     0.999979       128900     46811.43
     325.375     0.999982       128900     54613.33
     327.167     0.999985       128901     65536.00
     327.167     0.999986       128901     72817.78
     327.167     0.999988       128901     81920.00
     327.167     0.999989       128901     93622.86
     327.167     0.999991       128901    109226.67
     327.935     0.999992       128902    131072.00
     327.935     1.000000       128902          inf
#[Mean    =       26.245, StdDeviation   =       14.056]
#[Max     =      327.680, Total count    =       128902]
#[Buckets =           27, SubBuckets     =         2048]
-----------------------------------------------------------------------
  154637 requests in 1.00m, 23.98MB read
Requests/sec:   2579.44  
Transfer/sec:    409.61KB

=== rps=2800 c=392 t=40 url=http://10.10.1.1:13990 ===
setup: assigned thread_id=1
init: final thread_id=1, base_seed=nil
setup: assigned thread_id=2
init: final thread_id=2, base_seed=nil
setup: assigned thread_id=3
init: final thread_id=3, base_seed=nil
setup: assigned thread_id=4
init: final thread_id=4, base_seed=nil
setup: assigned thread_id=5
init: final thread_id=5, base_seed=nil
setup: assigned thread_id=6
init: final thread_id=6, base_seed=nil
setup: assigned thread_id=7
init: final thread_id=7, base_seed=nil
setup: assigned thread_id=8
init: final thread_id=8, base_seed=nil
setup: assigned thread_id=9
init: final thread_id=9, base_seed=nil
setup: assigned thread_id=10
init: final thread_id=10, base_seed=nil
setup: assigned thread_id=11
init: final thread_id=11, base_seed=nil
setup: assigned thread_id=12
init: final thread_id=12, base_seed=nil
setup: assigned thread_id=13
init: final thread_id=13, base_seed=nil
setup: assigned thread_id=14
init: final thread_id=14, base_seed=nil
setup: assigned thread_id=15
init: final thread_id=15, base_seed=nil
setup: assigned thread_id=16
init: final thread_id=16, base_seed=nil
setup: assigned thread_id=17
init: final thread_id=17, base_seed=nil
setup: assigned thread_id=18
init: final thread_id=18, base_seed=nil
setup: assigned thread_id=19
init: final thread_id=19, base_seed=nil
setup: assigned thread_id=20
init: final thread_id=20, base_seed=nil
setup: assigned thread_id=21
init: final thread_id=21, base_seed=nil
setup: assigned thread_id=22
init: final thread_id=22, base_seed=nil
setup: assigned thread_id=23
init: final thread_id=23, base_seed=nil
setup: assigned thread_id=24
init: final thread_id=24, base_seed=nil
setup: assigned thread_id=25
init: final thread_id=25, base_seed=nil
setup: assigned thread_id=26
init: final thread_id=26, base_seed=nil
setup: assigned thread_id=27
init: final thread_id=27, base_seed=nil
setup: assigned thread_id=28
init: final thread_id=28, base_seed=nil
setup: assigned thread_id=29
init: final thread_id=29, base_seed=nil
setup: assigned thread_id=30
init: final thread_id=30, base_seed=nil
setup: assigned thread_id=31
init: final thread_id=31, base_seed=nil
setup: assigned thread_id=32
init: final thread_id=32, base_seed=nil
setup: assigned thread_id=33
init: final thread_id=33, base_seed=nil
setup: assigned thread_id=34
init: final thread_id=34, base_seed=nil
setup: assigned thread_id=35
init: final thread_id=35, base_seed=nil
setup: assigned thread_id=36
init: final thread_id=36, base_seed=nil
setup: assigned thread_id=37
init: final thread_id=37, base_seed=nil
setup: assigned thread_id=38
init: final thread_id=38, base_seed=nil
setup: assigned thread_id=39
init: final thread_id=39, base_seed=nil
setup: assigned thread_id=40
init: final thread_id=40, base_seed=nil
script_want_response
Running 1m test @ http://10.10.1.1:13990
  40 threads and 392 connections

  Thread calibration: mean lat.: 41.442ms, rate sampling interval: 200ms
  Thread calibration: mean lat.: 41.241ms, rate sampling interval: 195ms
  Thread calibration: mean lat.: 41.311ms, rate sampling interval: 194ms
  Thread calibration: mean lat.: 43.945ms, rate sampling interval: 194ms
  Thread calibration: mean lat.: 45.377ms, rate sampling interval: 193ms
  Thread calibration: mean lat.: 46.630ms, rate sampling interval: 191ms
  Thread calibration: mean lat.: 46.912ms, rate sampling interval: 190ms
  Thread calibration: mean lat.: 48.366ms, rate sampling interval: 190ms
  Thread calibration: mean lat.: 50.484ms, rate sampling interval: 189ms
  Thread calibration: mean lat.: 50.192ms, rate sampling interval: 188ms
  Thread calibration: mean lat.: 49.934ms, rate sampling interval: 188ms
  Thread calibration: mean lat.: 60.495ms, rate sampling interval: 176ms
  Thread calibration: mean lat.: 60.584ms, rate sampling interval: 175ms
  Thread calibration: mean lat.: 65.310ms, rate sampling interval: 178ms
  Thread calibration: mean lat.: 62.264ms, rate sampling interval: 172ms
  Thread calibration: mean lat.: 42.065ms, rate sampling interval: 172ms
  Thread calibration: mean lat.: 69.705ms, rate sampling interval: 201ms
  Thread calibration: mean lat.: 40.907ms, rate sampling interval: 171ms
  Thread calibration: mean lat.: 38.639ms, rate sampling interval: 161ms
  Thread calibration: mean lat.: 72.460ms, rate sampling interval: 227ms
  Thread calibration: mean lat.: 40.783ms, rate sampling interval: 152ms
  Thread calibration: mean lat.: 42.646ms, rate sampling interval: 152ms
  Thread calibration: mean lat.: 42.756ms, rate sampling interval: 151ms
  Thread calibration: mean lat.: 43.751ms, rate sampling interval: 150ms
  Thread calibration: mean lat.: 44.695ms, rate sampling interval: 148ms
  Thread calibration: mean lat.: 46.662ms, rate sampling interval: 150ms
  Thread calibration: mean lat.: 46.350ms, rate sampling interval: 150ms
  Thread calibration: mean lat.: 47.427ms, rate sampling interval: 150ms
  Thread calibration: mean lat.: 46.751ms, rate sampling interval: 151ms
  Thread calibration: mean lat.: 47.985ms, rate sampling interval: 162ms
  Thread calibration: mean lat.: 44.244ms, rate sampling interval: 194ms
  Thread calibration: mean lat.: 49.236ms, rate sampling interval: 172ms
  Thread calibration: mean lat.: 50.066ms, rate sampling interval: 181ms
  Thread calibration: mean lat.: 49.931ms, rate sampling interval: 182ms
  Thread calibration: mean lat.: 49.519ms, rate sampling interval: 181ms
  Thread calibration: mean lat.: 54.189ms, rate sampling interval: 178ms
  Thread calibration: mean lat.: 55.157ms, rate sampling interval: 177ms
  Thread calibration: mean lat.: 55.971ms, rate sampling interval: 175ms
  Thread calibration: mean lat.: 57.449ms, rate sampling interval: 176ms
  Thread calibration: mean lat.: 63.136ms, rate sampling interval: 178ms

-----------------------------------------------------------------------
Test Results @ http://10.10.1.1:13990 
  Thread Stats   Avg      Stdev     99%   +/- Stdev
    Latency    33.94ms   21.89ms 107.14ms   75.95%
    Req/Sec    69.71     19.22   120.00     70.76%
  Latency Distribution (HdrHistogram - Recorded Latency)
 50.000%   28.16ms
 75.000%   43.52ms
 90.000%   63.55ms
 99.000%  107.14ms
 99.900%  133.76ms
 99.990%  141.44ms
 99.999%  142.98ms
100.000%  143.62ms

  Detailed Percentile spectrum:
       Value   Percentile   TotalCount 1/(1-Percentile)

       7.795     0.000000            1         1.00
      12.071     0.100000        14008         1.11
      15.807     0.200000        27964         1.25
      19.807     0.300000        41951         1.43
      23.791     0.400000        55949         1.67
      28.159     0.500000        69881         2.00
      30.623     0.550000        76859         2.22
      33.343     0.600000        83875         2.50
      36.351     0.650000        90881         2.86
      39.647     0.700000        97815         3.33
      43.519     0.750000       104830         4.00
      45.727     0.775000       108309         4.44
      48.223     0.800000       111796         5.00
      51.135     0.825000       115289         5.71
      54.399     0.850000       118788         6.67
      58.495     0.875000       122266         8.00
      60.959     0.887500       124002         8.89
      63.551     0.900000       125766        10.00
      66.687     0.912500       127516        11.43
      70.271     0.925000       129239        13.33
      74.367     0.937500       130992        16.00
      76.927     0.943750       131874        17.78
      79.999     0.950000       132749        20.00
      83.391     0.956250       133611        22.86
      86.655     0.962500       134481        26.67
      90.111     0.968750       135355        32.00
      92.159     0.971875       135797        35.56
      94.271     0.975000       136230        40.00
      96.575     0.978125       136674        45.71
      98.495     0.981250       137101        53.33
     100.735     0.984375       137540        64.00
     102.079     0.985938       137757        71.11
     103.679     0.987500       137976        80.00
     105.471     0.989062       138190        91.43
     108.799     0.990625       138408       106.67
     111.871     0.992188       138629       128.00
     112.959     0.992969       138736       142.22
     114.495     0.993750       138844       160.00
     116.031     0.994531       138956       182.86
     117.823     0.995313       139064       213.33
     120.255     0.996094       139174       256.00
     121.919     0.996484       139226       284.44
     123.519     0.996875       139281       320.00
     124.863     0.997266       139335       365.71
     126.463     0.997656       139390       426.67
     128.703     0.998047       139445       512.00
     129.471     0.998242       139473       568.89
     130.175     0.998437       139500       640.00
     131.071     0.998633       139527       731.43
     132.479     0.998828       139554       853.33
     133.887     0.999023       139583      1024.00
     134.399     0.999121       139597      1137.78
     134.911     0.999219       139608      1280.00
     135.551     0.999316       139622      1462.86
     136.191     0.999414       139637      1706.67
     136.959     0.999512       139649      2048.00
     137.599     0.999561       139657      2275.56
     138.111     0.999609       139666      2560.00
     138.495     0.999658       139671      2925.71
     139.007     0.999707       139678      3413.33
     139.263     0.999756       139683      4096.00
     140.031     0.999780       139687      4551.11
     140.671     0.999805       139691      5120.00
     140.927     0.999829       139694      5851.43
     141.055     0.999854       139697      6826.67
     141.311     0.999878       139700      8192.00
     141.439     0.999890       139703      9102.22
     141.567     0.999902       139705     10240.00
     141.951     0.999915       139706     11702.86
     142.079     0.999927       139708     13653.33
     142.335     0.999939       139709     16384.00
     142.463     0.999945       139710     18204.44
     142.591     0.999951       139712     20480.00
     142.591     0.999957       139712     23405.71
     142.591     0.999963       139712     27306.67
     142.847     0.999969       139714     32768.00
     142.847     0.999973       139714     36408.89
     142.847     0.999976       139714     40960.00
     142.975     0.999979       139716     46811.43
     142.975     0.999982       139716     54613.33
     142.975     0.999985       139716     65536.00
     142.975     0.999986       139716     72817.78
     142.975     0.999988       139716     81920.00
     142.975     0.999989       139716     93622.86
     142.975     0.999991       139716    109226.67
     142.975     0.999992       139716    131072.00
     143.615     0.999993       139717    145635.56
     143.615     1.000000       139717          inf
#[Mean    =       33.943, StdDeviation   =       21.890]
#[Max     =      143.488, Total count    =       139717]
#[Buckets =           27, SubBuckets     =         2048]
-----------------------------------------------------------------------
  166964 requests in 1.00m, 25.89MB read
Requests/sec:   2785.91  
Transfer/sec:    442.32KB

=== rps=3000 c=450 t=45 url=http://10.10.1.1:13990 ===
setup: assigned thread_id=1
init: final thread_id=1, base_seed=nil
setup: assigned thread_id=2
init: final thread_id=2, base_seed=nil
setup: assigned thread_id=3
init: final thread_id=3, base_seed=nil
setup: assigned thread_id=4
init: final thread_id=4, base_seed=nil
setup: assigned thread_id=5
init: final thread_id=5, base_seed=nil
setup: assigned thread_id=6
init: final thread_id=6, base_seed=nil
setup: assigned thread_id=7
init: final thread_id=7, base_seed=nil
setup: assigned thread_id=8
init: final thread_id=8, base_seed=nil
setup: assigned thread_id=9
init: final thread_id=9, base_seed=nil
setup: assigned thread_id=10
init: final thread_id=10, base_seed=nil
setup: assigned thread_id=11
init: final thread_id=11, base_seed=nil
setup: assigned thread_id=12
init: final thread_id=12, base_seed=nil
setup: assigned thread_id=13
init: final thread_id=13, base_seed=nil
setup: assigned thread_id=14
init: final thread_id=14, base_seed=nil
setup: assigned thread_id=15
init: final thread_id=15, base_seed=nil
setup: assigned thread_id=16
init: final thread_id=16, base_seed=nil
setup: assigned thread_id=17
init: final thread_id=17, base_seed=nil
setup: assigned thread_id=18
init: final thread_id=18, base_seed=nil
setup: assigned thread_id=19
init: final thread_id=19, base_seed=nil
setup: assigned thread_id=20
init: final thread_id=20, base_seed=nil
setup: assigned thread_id=21
init: final thread_id=21, base_seed=nil
setup: assigned thread_id=22
init: final thread_id=22, base_seed=nil
setup: assigned thread_id=23
init: final thread_id=23, base_seed=nil
setup: assigned thread_id=24
init: final thread_id=24, base_seed=nil
setup: assigned thread_id=25
init: final thread_id=25, base_seed=nil
setup: assigned thread_id=26
init: final thread_id=26, base_seed=nil
setup: assigned thread_id=27
init: final thread_id=27, base_seed=nil
setup: assigned thread_id=28
init: final thread_id=28, base_seed=nil
setup: assigned thread_id=29
init: final thread_id=29, base_seed=nil
setup: assigned thread_id=30
init: final thread_id=30, base_seed=nil
setup: assigned thread_id=31
init: final thread_id=31, base_seed=nil
setup: assigned thread_id=32
init: final thread_id=32, base_seed=nil
setup: assigned thread_id=33
init: final thread_id=33, base_seed=nil
setup: assigned thread_id=34
init: final thread_id=34, base_seed=nil
setup: assigned thread_id=35
init: final thread_id=35, base_seed=nil
setup: assigned thread_id=36
init: final thread_id=36, base_seed=nil
setup: assigned thread_id=37
init: final thread_id=37, base_seed=nil
setup: assigned thread_id=38
init: final thread_id=38, base_seed=nil
setup: assigned thread_id=39
init: final thread_id=39, base_seed=nil
setup: assigned thread_id=40
init: final thread_id=40, base_seed=nil
setup: assigned thread_id=41
init: final thread_id=41, base_seed=nil
setup: assigned thread_id=42
init: final thread_id=42, base_seed=nil
setup: assigned thread_id=43
init: final thread_id=43, base_seed=nil
setup: assigned thread_id=44
init: final thread_id=44, base_seed=nil
setup: assigned thread_id=45
init: final thread_id=45, base_seed=nil
script_want_response
Running 1m test @ http://10.10.1.1:13990
  45 threads and 450 connections

  Thread calibration: mean lat.: 100.079ms, rate sampling interval: 274ms
  Thread calibration: mean lat.: 100.895ms, rate sampling interval: 271ms
  Thread calibration: mean lat.: 103.667ms, rate sampling interval: 287ms
  Thread calibration: mean lat.: 104.783ms, rate sampling interval: 306ms
  Thread calibration: mean lat.: 106.346ms, rate sampling interval: 316ms
  Thread calibration: mean lat.: 107.805ms, rate sampling interval: 320ms
  Thread calibration: mean lat.: 107.714ms, rate sampling interval: 321ms
  Thread calibration: mean lat.: 108.630ms, rate sampling interval: 322ms
  Thread calibration: mean lat.: 110.027ms, rate sampling interval: 323ms
  Thread calibration: mean lat.: 111.202ms, rate sampling interval: 323ms
  Thread calibration: mean lat.: 112.090ms, rate sampling interval: 323ms
  Thread calibration: mean lat.: 98.980ms, rate sampling interval: 286ms
  Thread calibration: mean lat.: 96.873ms, rate sampling interval: 276ms
  Thread calibration: mean lat.: 93.844ms, rate sampling interval: 266ms
  Thread calibration: mean lat.: 93.929ms, rate sampling interval: 263ms
  Thread calibration: mean lat.: 97.350ms, rate sampling interval: 263ms
  Thread calibration: mean lat.: 97.039ms, rate sampling interval: 263ms
  Thread calibration: mean lat.: 104.048ms, rate sampling interval: 263ms
  Thread calibration: mean lat.: 95.497ms, rate sampling interval: 258ms
  Thread calibration: mean lat.: 100.461ms, rate sampling interval: 263ms
  Thread calibration: mean lat.: 97.272ms, rate sampling interval: 278ms
  Thread calibration: mean lat.: 99.081ms, rate sampling interval: 292ms
  Thread calibration: mean lat.: 100.386ms, rate sampling interval: 291ms
  Thread calibration: mean lat.: 104.473ms, rate sampling interval: 297ms
  Thread calibration: mean lat.: 104.501ms, rate sampling interval: 296ms
  Thread calibration: mean lat.: 96.290ms, rate sampling interval: 294ms
  Thread calibration: mean lat.: 96.418ms, rate sampling interval: 293ms
  Thread calibration: mean lat.: 96.780ms, rate sampling interval: 293ms
  Thread calibration: mean lat.: 102.898ms, rate sampling interval: 257ms
  Thread calibration: mean lat.: 99.269ms, rate sampling interval: 284ms
  Thread calibration: mean lat.: 110.680ms, rate sampling interval: 259ms
  Thread calibration: mean lat.: 100.478ms, rate sampling interval: 279ms
  Thread calibration: mean lat.: 104.167ms, rate sampling interval: 260ms
  Thread calibration: mean lat.: 100.716ms, rate sampling interval: 276ms
  Thread calibration: mean lat.: 100.556ms, rate sampling interval: 274ms
  Thread calibration: mean lat.: 100.919ms, rate sampling interval: 272ms
  Thread calibration: mean lat.: 101.637ms, rate sampling interval: 268ms
  Thread calibration: mean lat.: 92.163ms, rate sampling interval: 247ms
  Thread calibration: mean lat.: 101.441ms, rate sampling interval: 265ms
  Thread calibration: mean lat.: 101.052ms, rate sampling interval: 264ms
  Thread calibration: mean lat.: 101.116ms, rate sampling interval: 264ms
  Thread calibration: mean lat.: 100.690ms, rate sampling interval: 262ms
  Thread calibration: mean lat.: 100.612ms, rate sampling interval: 261ms
  Thread calibration: mean lat.: 99.844ms, rate sampling interval: 261ms
  Thread calibration: mean lat.: 99.109ms, rate sampling interval: 261ms

-----------------------------------------------------------------------
Test Results @ http://10.10.1.1:13990 
  Thread Stats   Avg      Stdev     99%   +/- Stdev
    Latency    59.16ms   35.42ms 155.39ms   70.31%
    Req/Sec    65.65     12.72    87.00     80.05%
  Latency Distribution (HdrHistogram - Recorded Latency)
 50.000%   50.43ms
 75.000%   71.87ms
 90.000%  119.23ms
 99.000%  155.39ms
 99.900%  179.84ms
 99.990%  207.74ms
 99.999%  214.91ms
100.000%  218.88ms

  Detailed Percentile spectrum:
       Value   Percentile   TotalCount 1/(1-Percentile)

       9.295     0.000000            1         1.00
      21.519     0.100000        14830         1.11
      30.239     0.200000        29658         1.25
      36.959     0.300000        44546         1.43
      43.647     0.400000        59319         1.67
      50.431     0.500000        74194         2.00
      54.047     0.550000        81582         2.22
      57.983     0.600000        89014         2.50
      62.175     0.650000        96388         2.86
      66.559     0.700000       103799         3.33
      71.871     0.750000       111236         4.00
      75.775     0.775000       114943         4.44
      82.111     0.800000       118634         5.00
      93.375     0.825000       122337         5.71
     105.663     0.850000       126050         6.67
     112.639     0.875000       129758         8.00
     116.031     0.887500       131636         8.89
     119.231     0.900000       133456        10.00
     122.367     0.912500       135347        11.43
     125.631     0.925000       137179        13.33
     129.087     0.937500       139027        16.00
     130.879     0.943750       139947        17.78
     132.735     0.950000       140895        20.00
     134.911     0.956250       141803        22.86
     137.855     0.962500       142744        26.67
     140.671     0.968750       143675        32.00
     142.335     0.971875       144138        35.56
     143.999     0.975000       144612        40.00
     145.535     0.978125       145071        45.71
     147.199     0.981250       145508        53.33
     149.631     0.984375       145983        64.00
     151.551     0.985938       146217        71.11
     153.087     0.987500       146451        80.00
     154.367     0.989062       146674        91.43
     156.031     0.990625       146897       106.67
     157.695     0.992188       147126       128.00
     158.975     0.992969       147245       142.22
     160.767     0.993750       147363       160.00
     162.303     0.994531       147475       182.86
     163.327     0.995313       147591       213.33
     164.479     0.996094       147711       256.00
     165.119     0.996484       147764       284.44
     166.143     0.996875       147821       320.00
     167.935     0.997266       147881       365.71
     169.855     0.997656       147946       426.67
     171.775     0.998047       147995       512.00
     172.927     0.998242       148028       568.89
     174.463     0.998437       148056       640.00
     176.255     0.998633       148082       731.43
     178.175     0.998828       148111       853.33
     180.479     0.999023       148141      1024.00
     188.927     0.999121       148154      1137.78
     191.231     0.999219       148170      1280.00
     191.999     0.999316       148183      1462.86
     194.687     0.999414       148198      1706.67
     196.991     0.999512       148213      2048.00
     197.631     0.999561       148219      2275.56
     198.143     0.999609       148228      2560.00
     198.911     0.999658       148236      2925.71
     200.191     0.999707       148241      3413.33
     201.471     0.999756       148249      4096.00
     202.751     0.999780       148252      4551.11
     203.135     0.999805       148256      5120.00
     204.671     0.999829       148261      5851.43
     205.183     0.999854       148263      6826.67
     206.975     0.999878       148266      8192.00
     207.231     0.999890       148268      9102.22
     207.743     0.999902       148270     10240.00
     208.255     0.999915       148272     11702.86
     209.151     0.999927       148274     13653.33
     209.663     0.999939       148275     16384.00
     210.047     0.999945       148276     18204.44
     212.479     0.999951       148277     20480.00
     212.991     0.999957       148278     23405.71
     213.119     0.999963       148279     27306.67
     213.631     0.999969       148280     32768.00
     213.631     0.999973       148280     36408.89
     214.399     0.999976       148281     40960.00
     214.399     0.999979       148281     46811.43
     214.783     0.999982       148282     54613.33
     214.783     0.999985       148282     65536.00
     214.783     0.999986       148282     72817.78
     214.911     0.999988       148283     81920.00
     214.911     0.999989       148283     93622.86
     214.911     0.999991       148283    109226.67
     214.911     0.999992       148283    131072.00
     214.911     0.999993       148283    145635.56
     218.879     0.999994       148284    163840.00
     218.879     1.000000       148284          inf
#[Mean    =       59.163, StdDeviation   =       35.421]
#[Max     =      218.752, Total count    =       148284]
#[Buckets =           27, SubBuckets     =         2048]
-----------------------------------------------------------------------
  177322 requests in 1.00m, 27.49MB read
Requests/sec:   2957.84  
Transfer/sec:    469.62KB

=== rps=3200 c=512 t=52 url=http://10.10.1.1:13990 ===
setup: assigned thread_id=1
init: final thread_id=1, base_seed=nil
setup: assigned thread_id=2
init: final thread_id=2, base_seed=nil
setup: assigned thread_id=3
init: final thread_id=3, base_seed=nil
setup: assigned thread_id=4
init: final thread_id=4, base_seed=nil
setup: assigned thread_id=5
init: final thread_id=5, base_seed=nil
setup: assigned thread_id=6
init: final thread_id=6, base_seed=nil
setup: assigned thread_id=7
init: final thread_id=7, base_seed=nil
setup: assigned thread_id=8
init: final thread_id=8, base_seed=nil
setup: assigned thread_id=9
init: final thread_id=9, base_seed=nil
setup: assigned thread_id=10
init: final thread_id=10, base_seed=nil
setup: assigned thread_id=11
init: final thread_id=11, base_seed=nil
setup: assigned thread_id=12
init: final thread_id=12, base_seed=nil
setup: assigned thread_id=13
init: final thread_id=13, base_seed=nil
setup: assigned thread_id=14
init: final thread_id=14, base_seed=nil
setup: assigned thread_id=15
init: final thread_id=15, base_seed=nil
setup: assigned thread_id=16
init: final thread_id=16, base_seed=nil
setup: assigned thread_id=17
init: final thread_id=17, base_seed=nil
setup: assigned thread_id=18
init: final thread_id=18, base_seed=nil
setup: assigned thread_id=19
init: final thread_id=19, base_seed=nil
setup: assigned thread_id=20
init: final thread_id=20, base_seed=nil
setup: assigned thread_id=21
init: final thread_id=21, base_seed=nil
setup: assigned thread_id=22
init: final thread_id=22, base_seed=nil
setup: assigned thread_id=23
init: final thread_id=23, base_seed=nil
setup: assigned thread_id=24
init: final thread_id=24, base_seed=nil
setup: assigned thread_id=25
init: final thread_id=25, base_seed=nil
setup: assigned thread_id=26
init: final thread_id=26, base_seed=nil
setup: assigned thread_id=27
init: final thread_id=27, base_seed=nil
setup: assigned thread_id=28
init: final thread_id=28, base_seed=nil
setup: assigned thread_id=29
init: final thread_id=29, base_seed=nil
setup: assigned thread_id=30
init: final thread_id=30, base_seed=nil
setup: assigned thread_id=31
init: final thread_id=31, base_seed=nil
setup: assigned thread_id=32
init: final thread_id=32, base_seed=nil
setup: assigned thread_id=33
init: final thread_id=33, base_seed=nil
setup: assigned thread_id=34
init: final thread_id=34, base_seed=nil
setup: assigned thread_id=35
init: final thread_id=35, base_seed=nil
setup: assigned thread_id=36
init: final thread_id=36, base_seed=nil
setup: assigned thread_id=37
init: final thread_id=37, base_seed=nil
setup: assigned thread_id=38
init: final thread_id=38, base_seed=nil
setup: assigned thread_id=39
init: final thread_id=39, base_seed=nil
setup: assigned thread_id=40
init: final thread_id=40, base_seed=nil
setup: assigned thread_id=41
init: final thread_id=41, base_seed=nil
setup: assigned thread_id=42
init: final thread_id=42, base_seed=nil
setup: assigned thread_id=43
init: final thread_id=43, base_seed=nil
setup: assigned thread_id=44
init: final thread_id=44, base_seed=nil
setup: assigned thread_id=45
init: final thread_id=45, base_seed=nil
setup: assigned thread_id=46
init: final thread_id=46, base_seed=nil
setup: assigned thread_id=47
init: final thread_id=47, base_seed=nil
setup: assigned thread_id=48
init: final thread_id=48, base_seed=nil
setup: assigned thread_id=49
init: final thread_id=49, base_seed=nil
setup: assigned thread_id=50
init: final thread_id=50, base_seed=nil
setup: assigned thread_id=51
init: final thread_id=51, base_seed=nil
setup: assigned thread_id=52
init: final thread_id=52, base_seed=nil
script_want_response
Running 1m test @ http://10.10.1.1:13990
  52 threads and 512 connections

  Thread calibration: mean lat.: 133.593ms, rate sampling interval: 373ms
  Thread calibration: mean lat.: 132.848ms, rate sampling interval: 369ms
  Thread calibration: mean lat.: 133.159ms, rate sampling interval: 365ms
  Thread calibration: mean lat.: 136.928ms, rate sampling interval: 374ms
  Thread calibration: mean lat.: 134.361ms, rate sampling interval: 368ms
  Thread calibration: mean lat.: 139.129ms, rate sampling interval: 378ms
  Thread calibration: mean lat.: 143.921ms, rate sampling interval: 381ms
  Thread calibration: mean lat.: 143.452ms, rate sampling interval: 381ms
  Thread calibration: mean lat.: 146.022ms, rate sampling interval: 389ms
  Thread calibration: mean lat.: 149.342ms, rate sampling interval: 404ms
  Thread calibration: mean lat.: 139.431ms, rate sampling interval: 396ms
  Thread calibration: mean lat.: 128.089ms, rate sampling interval: 368ms
  Thread calibration: mean lat.: 127.486ms, rate sampling interval: 366ms
  Thread calibration: mean lat.: 121.793ms, rate sampling interval: 358ms
  Thread calibration: mean lat.: 110.472ms, rate sampling interval: 327ms
  Thread calibration: mean lat.: 104.862ms, rate sampling interval: 314ms
  Thread calibration: mean lat.: 98.076ms, rate sampling interval: 284ms
  Thread calibration: mean lat.: 97.655ms, rate sampling interval: 285ms
  Thread calibration: mean lat.: 97.771ms, rate sampling interval: 286ms
  Thread calibration: mean lat.: 98.159ms, rate sampling interval: 292ms
  Thread calibration: mean lat.: 99.290ms, rate sampling interval: 295ms
  Thread calibration: mean lat.: 99.592ms, rate sampling interval: 295ms
  Thread calibration: mean lat.: 103.303ms, rate sampling interval: 303ms
  Thread calibration: mean lat.: 108.283ms, rate sampling interval: 308ms
  Thread calibration: mean lat.: 109.343ms, rate sampling interval: 309ms
  Thread calibration: mean lat.: 111.992ms, rate sampling interval: 313ms
  Thread calibration: mean lat.: 115.871ms, rate sampling interval: 320ms
  Thread calibration: mean lat.: 122.414ms, rate sampling interval: 336ms
  Thread calibration: mean lat.: 121.381ms, rate sampling interval: 334ms
  Thread calibration: mean lat.: 126.824ms, rate sampling interval: 343ms
  Thread calibration: mean lat.: 126.084ms, rate sampling interval: 342ms
  Thread calibration: mean lat.: 123.361ms, rate sampling interval: 326ms
  Thread calibration: mean lat.: 122.759ms, rate sampling interval: 324ms
  Thread calibration: mean lat.: 121.354ms, rate sampling interval: 317ms
  Thread calibration: mean lat.: 121.280ms, rate sampling interval: 321ms
  Thread calibration: mean lat.: 123.181ms, rate sampling interval: 328ms
  Thread calibration: mean lat.: 120.176ms, rate sampling interval: 316ms
  Thread calibration: mean lat.: 120.615ms, rate sampling interval: 319ms
  Thread calibration: mean lat.: 120.313ms, rate sampling interval: 319ms
  Thread calibration: mean lat.: 120.967ms, rate sampling interval: 321ms
  Thread calibration: mean lat.: 119.847ms, rate sampling interval: 317ms
  Thread calibration: mean lat.: 119.966ms, rate sampling interval: 316ms
  Thread calibration: mean lat.: 120.098ms, rate sampling interval: 315ms
  Thread calibration: mean lat.: 118.575ms, rate sampling interval: 308ms
  Thread calibration: mean lat.: 122.241ms, rate sampling interval: 320ms
  Thread calibration: mean lat.: 122.799ms, rate sampling interval: 322ms
  Thread calibration: mean lat.: 124.470ms, rate sampling interval: 328ms
  Thread calibration: mean lat.: 123.306ms, rate sampling interval: 325ms
  Thread calibration: mean lat.: 131.900ms, rate sampling interval: 364ms
  Thread calibration: mean lat.: 131.645ms, rate sampling interval: 364ms
  Thread calibration: mean lat.: 131.233ms, rate sampling interval: 365ms
  Thread calibration: mean lat.: 127.938ms, rate sampling interval: 353ms

-----------------------------------------------------------------------
Test Results @ http://10.10.1.1:13990 
  Thread Stats   Avg      Stdev     99%   +/- Stdev
    Latency   119.32ms   63.90ms 259.84ms   60.93%
    Req/Sec    60.73      9.15    85.00     75.56%
  Latency Distribution (HdrHistogram - Recorded Latency)
 50.000%  121.54ms
 75.000%  165.12ms
 90.000%  204.03ms
 99.000%  259.84ms
 99.900%  277.25ms
 99.990%  288.51ms
 99.999%  294.40ms
100.000%  295.17ms

  Detailed Percentile spectrum:
       Value   Percentile   TotalCount 1/(1-Percentile)

       9.303     0.000000            1         1.00
      28.751     0.100000        15868         1.11
      50.143     0.200000        31715         1.25
      81.855     0.300000        47589         1.43
     104.767     0.400000        63428         1.67
     121.535     0.500000        79275         2.00
     129.535     0.550000        87214         2.22
     138.367     0.600000        95166         2.50
     147.455     0.650000       103097         2.86
     156.287     0.700000       111070         3.33
     165.119     0.750000       118941         4.00
     169.599     0.775000       122899         4.44
     174.463     0.800000       126900         5.00
     180.863     0.825000       130823         5.71
     187.903     0.850000       134760         6.67
     195.455     0.875000       138748         8.00
     199.679     0.887500       140716         8.89
     204.031     0.900000       142677        10.00
     208.767     0.912500       144674        11.43
     214.271     0.925000       146673        13.33
     221.055     0.937500       148639        16.00
     224.639     0.943750       149618        17.78
     228.351     0.950000       150620        20.00
     232.319     0.956250       151616        22.86
     236.287     0.962500       152593        26.67
     240.383     0.968750       153594        32.00
     242.431     0.971875       154067        35.56
     244.863     0.975000       154577        40.00
     247.551     0.978125       155080        45.71
     250.239     0.981250       155556        53.33
     253.439     0.984375       156049        64.00
     255.103     0.985938       156312        71.11
     256.767     0.987500       156547        80.00
     258.687     0.989062       156799        91.43
     260.607     0.990625       157046       106.67
     262.911     0.992188       157302       128.00
     263.935     0.992969       157416       142.22
     265.215     0.993750       157542       160.00
     266.495     0.994531       157680       182.86
     267.775     0.995313       157793       213.33
     269.055     0.996094       157923       256.00
     269.823     0.996484       157977       284.44
     270.847     0.996875       158045       320.00
     271.615     0.997266       158108       365.71
     272.639     0.997656       158162       426.67
     273.919     0.998047       158226       512.00
     274.431     0.998242       158252       568.89
     274.943     0.998437       158283       640.00
     275.455     0.998633       158315       731.43
     276.479     0.998828       158348       853.33
     277.247     0.999023       158371      1024.00
     278.015     0.999121       158390      1137.78
     278.527     0.999219       158405      1280.00
     279.295     0.999316       158418      1462.86
     280.063     0.999414       158435      1706.67
     280.831     0.999512       158448      2048.00
     281.343     0.999561       158457      2275.56
     282.111     0.999609       158467      2560.00
     282.623     0.999658       158471      2925.71
     283.647     0.999707       158481      3413.33
     283.903     0.999756       158488      4096.00
     284.671     0.999780       158492      4551.11
     284.927     0.999805       158495      5120.00
     285.695     0.999829       158499      5851.43
     286.207     0.999854       158502      6826.67
     287.487     0.999878       158506      8192.00
     288.511     0.999890       158511      9102.22
     288.511     0.999902       158511     10240.00
     288.767     0.999915       158513     11702.86
     289.023     0.999927       158514     13653.33
     290.047     0.999939       158516     16384.00
     290.303     0.999945       158517     18204.44
     290.815     0.999951       158519     20480.00
     290.815     0.999957       158519     23405.71
     291.327     0.999963       158520     27306.67
     292.351     0.999969       158521     32768.00
     292.351     0.999973       158521     36408.89
     293.375     0.999976       158522     40960.00
     293.375     0.999979       158522     46811.43
     294.399     0.999982       158524     54613.33
     294.399     0.999985       158524     65536.00
     294.399     0.999986       158524     72817.78
     294.399     0.999988       158524     81920.00
     294.399     0.999989       158524     93622.86
     294.399     0.999991       158524    109226.67
     294.399     0.999992       158524    131072.00
     294.399     0.999993       158524    145635.56
     295.167     0.999994       158525    163840.00
     295.167     1.000000       158525          inf
#[Mean    =      119.320, StdDeviation   =       63.897]
#[Max     =      294.912, Total count    =       158525]
#[Buckets =           27, SubBuckets     =         2048]
-----------------------------------------------------------------------
  189572 requests in 1.00m, 29.40MB read
Requests/sec:   3164.59  
Transfer/sec:    502.48KB

=== rps=3400 c=578 t=58 url=http://10.10.1.1:13990 ===
setup: assigned thread_id=1
init: final thread_id=1, base_seed=nil
setup: assigned thread_id=2
init: final thread_id=2, base_seed=nil
setup: assigned thread_id=3
init: final thread_id=3, base_seed=nil
setup: assigned thread_id=4
init: final thread_id=4, base_seed=nil
setup: assigned thread_id=5
init: final thread_id=5, base_seed=nil
setup: assigned thread_id=6
init: final thread_id=6, base_seed=nil
setup: assigned thread_id=7
init: final thread_id=7, base_seed=nil
setup: assigned thread_id=8
init: final thread_id=8, base_seed=nil
setup: assigned thread_id=9
init: final thread_id=9, base_seed=nil
setup: assigned thread_id=10
init: final thread_id=10, base_seed=nil
setup: assigned thread_id=11
init: final thread_id=11, base_seed=nil
setup: assigned thread_id=12
init: final thread_id=12, base_seed=nil
setup: assigned thread_id=13
init: final thread_id=13, base_seed=nil
setup: assigned thread_id=14
init: final thread_id=14, base_seed=nil
setup: assigned thread_id=15
init: final thread_id=15, base_seed=nil
setup: assigned thread_id=16
init: final thread_id=16, base_seed=nil
setup: assigned thread_id=17
init: final thread_id=17, base_seed=nil
setup: assigned thread_id=18
init: final thread_id=18, base_seed=nil
setup: assigned thread_id=19
init: final thread_id=19, base_seed=nil
setup: assigned thread_id=20
init: final thread_id=20, base_seed=nil
setup: assigned thread_id=21
init: final thread_id=21, base_seed=nil
setup: assigned thread_id=22
init: final thread_id=22, base_seed=nil
setup: assigned thread_id=23
init: final thread_id=23, base_seed=nil
setup: assigned thread_id=24
init: final thread_id=24, base_seed=nil
setup: assigned thread_id=25
init: final thread_id=25, base_seed=nil
setup: assigned thread_id=26
init: final thread_id=26, base_seed=nil
setup: assigned thread_id=27
init: final thread_id=27, base_seed=nil
setup: assigned thread_id=28
init: final thread_id=28, base_seed=nil
setup: assigned thread_id=29
init: final thread_id=29, base_seed=nil
setup: assigned thread_id=30
init: final thread_id=30, base_seed=nil
setup: assigned thread_id=31
init: final thread_id=31, base_seed=nil
setup: assigned thread_id=32
init: final thread_id=32, base_seed=nil
setup: assigned thread_id=33
init: final thread_id=33, base_seed=nil
setup: assigned thread_id=34
init: final thread_id=34, base_seed=nil
setup: assigned thread_id=35
init: final thread_id=35, base_seed=nil
setup: assigned thread_id=36
init: final thread_id=36, base_seed=nil
setup: assigned thread_id=37
init: final thread_id=37, base_seed=nil
setup: assigned thread_id=38
init: final thread_id=38, base_seed=nil
setup: assigned thread_id=39
init: final thread_id=39, base_seed=nil
setup: assigned thread_id=40
init: final thread_id=40, base_seed=nil
setup: assigned thread_id=41
init: final thread_id=41, base_seed=nil
setup: assigned thread_id=42
init: final thread_id=42, base_seed=nil
setup: assigned thread_id=43
init: final thread_id=43, base_seed=nil
setup: assigned thread_id=44
init: final thread_id=44, base_seed=nil
setup: assigned thread_id=45
init: final thread_id=45, base_seed=nil
setup: assigned thread_id=46
init: final thread_id=46, base_seed=nil
setup: assigned thread_id=47
init: final thread_id=47, base_seed=nil
setup: assigned thread_id=48
init: final thread_id=48, base_seed=nil
setup: assigned thread_id=49
init: final thread_id=49, base_seed=nil
setup: assigned thread_id=50
init: final thread_id=50, base_seed=nil
setup: assigned thread_id=51
init: final thread_id=51, base_seed=nil
setup: assigned thread_id=52
init: final thread_id=52, base_seed=nil
setup: assigned thread_id=53
init: final thread_id=53, base_seed=nil
setup: assigned thread_id=54
init: final thread_id=54, base_seed=nil
setup: assigned thread_id=55
init: final thread_id=55, base_seed=nil
setup: assigned thread_id=56
init: final thread_id=56, base_seed=nil
setup: assigned thread_id=57
init: final thread_id=57, base_seed=nil
setup: assigned thread_id=58
init: final thread_id=58, base_seed=nil
script_want_response
Running 1m test @ http://10.10.1.1:13990
  58 threads and 578 connections

  Thread calibration: mean lat.: 512.005ms, rate sampling interval: 1397ms
  Thread calibration: mean lat.: 527.448ms, rate sampling interval: 1411ms
  Thread calibration: mean lat.: 518.046ms, rate sampling interval: 1400ms
  Thread calibration: mean lat.: 532.535ms, rate sampling interval: 1417ms
  Thread calibration: mean lat.: 498.596ms, rate sampling interval: 1346ms
  Thread calibration: mean lat.: 509.840ms, rate sampling interval: 1384ms
  Thread calibration: mean lat.: 516.554ms, rate sampling interval: 1384ms
  Thread calibration: mean lat.: 488.212ms, rate sampling interval: 1361ms
  Thread calibration: mean lat.: 512.870ms, rate sampling interval: 1367ms
  Thread calibration: mean lat.: 485.214ms, rate sampling interval: 1348ms
  Thread calibration: mean lat.: 497.653ms, rate sampling interval: 1354ms
  Thread calibration: mean lat.: 496.327ms, rate sampling interval: 1353ms
  Thread calibration: mean lat.: 504.401ms, rate sampling interval: 1367ms
  Thread calibration: mean lat.: 512.584ms, rate sampling interval: 1372ms
  Thread calibration: mean lat.: 513.841ms, rate sampling interval: 1374ms
  Thread calibration: mean lat.: 509.146ms, rate sampling interval: 1369ms
  Thread calibration: mean lat.: 521.039ms, rate sampling interval: 1392ms
  Thread calibration: mean lat.: 512.037ms, rate sampling interval: 1372ms
  Thread calibration: mean lat.: 511.489ms, rate sampling interval: 1369ms
  Thread calibration: mean lat.: 511.625ms, rate sampling interval: 1369ms
  Thread calibration: mean lat.: 489.873ms, rate sampling interval: 1243ms
  Thread calibration: mean lat.: 501.698ms, rate sampling interval: 1341ms
  Thread calibration: mean lat.: 509.495ms, rate sampling interval: 1367ms
  Thread calibration: mean lat.: 512.679ms, rate sampling interval: 1371ms
  Thread calibration: mean lat.: 505.876ms, rate sampling interval: 1361ms
  Thread calibration: mean lat.: 520.450ms, rate sampling interval: 1371ms
  Thread calibration: mean lat.: 531.628ms, rate sampling interval: 1434ms
  Thread calibration: mean lat.: 529.329ms, rate sampling interval: 1410ms
  Thread calibration: mean lat.: 545.590ms, rate sampling interval: 1436ms
  Thread calibration: mean lat.: 528.866ms, rate sampling interval: 1416ms
  Thread calibration: mean lat.: 524.634ms, rate sampling interval: 1422ms
  Thread calibration: mean lat.: 544.580ms, rate sampling interval: 1430ms
  Thread calibration: mean lat.: 536.576ms, rate sampling interval: 1425ms
  Thread calibration: mean lat.: 530.726ms, rate sampling interval: 1417ms
  Thread calibration: mean lat.: 542.084ms, rate sampling interval: 1428ms
  Thread calibration: mean lat.: 527.868ms, rate sampling interval: 1399ms
  Thread calibration: mean lat.: 522.082ms, rate sampling interval: 1400ms
  Thread calibration: mean lat.: 504.632ms, rate sampling interval: 1351ms
  Thread calibration: mean lat.: 530.514ms, rate sampling interval: 1411ms
  Thread calibration: mean lat.: 541.636ms, rate sampling interval: 1417ms
  Thread calibration: mean lat.: 540.633ms, rate sampling interval: 1412ms
  Thread calibration: mean lat.: 531.195ms, rate sampling interval: 1412ms
  Thread calibration: mean lat.: 521.757ms, rate sampling interval: 1394ms
  Thread calibration: mean lat.: 514.161ms, rate sampling interval: 1387ms
  Thread calibration: mean lat.: 527.891ms, rate sampling interval: 1396ms
  Thread calibration: mean lat.: 501.556ms, rate sampling interval: 1369ms
  Thread calibration: mean lat.: 523.471ms, rate sampling interval: 1388ms
  Thread calibration: mean lat.: 494.072ms, rate sampling interval: 1358ms
  Thread calibration: mean lat.: 510.359ms, rate sampling interval: 1361ms
  Thread calibration: mean lat.: 524.771ms, rate sampling interval: 1383ms
  Thread calibration: mean lat.: 504.466ms, rate sampling interval: 1372ms
  Thread calibration: mean lat.: 521.647ms, rate sampling interval: 1382ms
  Thread calibration: mean lat.: 520.663ms, rate sampling interval: 1398ms
  Thread calibration: mean lat.: 534.371ms, rate sampling interval: 1398ms
  Thread calibration: mean lat.: 528.204ms, rate sampling interval: 1387ms
  Thread calibration: mean lat.: 530.831ms, rate sampling interval: 1394ms
  Thread calibration: mean lat.: 528.732ms, rate sampling interval: 1394ms
  Thread calibration: mean lat.: 531.023ms, rate sampling interval: 1393ms

-----------------------------------------------------------------------
Test Results @ http://10.10.1.1:13990 
  Thread Stats   Avg      Stdev     99%   +/- Stdev
    Latency   215.67ms  151.51ms 700.41ms   76.04%
    Req/Sec    58.32      3.46    65.00     75.79%
  Latency Distribution (HdrHistogram - Recorded Latency)
 50.000%  178.43ms
 75.000%  290.05ms
 90.000%  414.21ms
 99.000%  700.41ms
 99.900%  734.72ms
 99.990%  747.01ms
 99.999%  775.17ms
100.000%  786.43ms

  Detailed Percentile spectrum:
       Value   Percentile   TotalCount 1/(1-Percentile)

      10.703     0.000000            1         1.00
      57.535     0.100000        17011         1.11
      88.511     0.200000        34049         1.25
     119.743     0.300000        51043         1.43
     146.815     0.400000        68095         1.67
     178.431     0.500000        85057         2.00
     203.519     0.550000        93568         2.22
     225.151     0.600000       102097         2.50
     245.375     0.650000       110574         2.86
     267.519     0.700000       119075         3.33
     290.047     0.750000       127612         4.00
     300.543     0.775000       131897         4.44
     311.807     0.800000       136121         5.00
     322.815     0.825000       140307         5.71
     336.639     0.850000       144572         6.67
     358.911     0.875000       148831         8.00
     383.999     0.887500       150951         8.89
     414.207     0.900000       153073        10.00
     443.647     0.912500       155194        11.43
     491.007     0.925000       157316        13.33
     529.919     0.937500       159449        16.00
     554.495     0.943750       160509        17.78
     573.951     0.950000       161588        20.00
     587.263     0.956250       162658        22.86
     598.015     0.962500       163724        26.67
     610.303     0.968750       164774        32.00
     618.495     0.971875       165288        35.56
     629.247     0.975000       165838        40.00
     641.535     0.978125       166369        45.71
     653.311     0.981250       166896        53.33
     667.135     0.984375       167420        64.00
     677.887     0.985938       167694        71.11
     687.103     0.987500       167958        80.00
     695.807     0.989062       168209        91.43
     702.975     0.990625       168480       106.67
     708.607     0.992188       168749       128.00
     711.679     0.992969       168891       142.22
     714.239     0.993750       169010       160.00
     717.311     0.994531       169149       182.86
     719.871     0.995313       169282       213.33
     722.431     0.996094       169417       256.00
     723.967     0.996484       169497       284.44
     724.991     0.996875       169548       320.00
     726.527     0.997266       169615       365.71
     728.063     0.997656       169692       426.67
     729.599     0.998047       169753       512.00
     730.623     0.998242       169788       568.89
     731.647     0.998437       169819       640.00
     732.671     0.998633       169851       731.43
     733.695     0.998828       169881       853.33
     734.719     0.999023       169909      1024.00
     735.231     0.999121       169922      1137.78
     736.255     0.999219       169945      1280.00
     736.767     0.999316       169954      1462.86
     737.791     0.999414       169970      1706.67
     738.815     0.999512       169986      2048.00
     739.327     0.999561       169997      2275.56
     740.351     0.999609       170008      2560.00
     740.863     0.999658       170017      2925.71
     741.887     0.999707       170023      3413.33
     742.399     0.999756       170028      4096.00
     742.911     0.999780       170032      4551.11
     743.935     0.999805       170038      5120.00
     744.447     0.999829       170043      5851.43
     744.959     0.999854       170045      6826.67
     745.983     0.999878       170050      8192.00
     746.495     0.999890       170051      9102.22
     747.519     0.999902       170055     10240.00
     747.519     0.999915       170055     11702.86
     749.055     0.999927       170060     13653.33
     749.055     0.999939       170060     16384.00
     749.055     0.999945       170060     18204.44
     750.079     0.999951       170063     20480.00
     750.079     0.999957       170063     23405.71
     750.079     0.999963       170063     27306.67
     754.175     0.999969       170064     32768.00
     768.511     0.999973       170065     36408.89
     768.511     0.999976       170065     40960.00
     772.095     0.999979       170066     46811.43
     772.095     0.999982       170066     54613.33
     775.167     0.999985       170067     65536.00
     775.167     0.999986       170067     72817.78
     775.167     0.999988       170067     81920.00
     780.799     0.999989       170068     93622.86
     780.799     0.999991       170068    109226.67
     780.799     0.999992       170068    131072.00
     780.799     0.999993       170068    145635.56
     780.799     0.999994       170068    163840.00
     786.431     0.999995       170069    187245.71
     786.431     1.000000       170069          inf
#[Mean    =      215.673, StdDeviation   =      151.509]
#[Max     =      785.920, Total count    =       170069]
#[Buckets =           27, SubBuckets     =         2048]
-----------------------------------------------------------------------
  201028 requests in 1.00m, 31.17MB read
Requests/sec:   3358.39  
Transfer/sec:    533.24KB

=== rps=3600 c=648 t=65 url=http://10.10.1.1:13990 ===
setup: assigned thread_id=1
init: final thread_id=1, base_seed=nil
setup: assigned thread_id=2
init: final thread_id=2, base_seed=nil
setup: assigned thread_id=3
init: final thread_id=3, base_seed=nil
setup: assigned thread_id=4
init: final thread_id=4, base_seed=nil
setup: assigned thread_id=5
init: final thread_id=5, base_seed=nil
setup: assigned thread_id=6
init: final thread_id=6, base_seed=nil
setup: assigned thread_id=7
init: final thread_id=7, base_seed=nil
setup: assigned thread_id=8
init: final thread_id=8, base_seed=nil
setup: assigned thread_id=9
init: final thread_id=9, base_seed=nil
setup: assigned thread_id=10
init: final thread_id=10, base_seed=nil
setup: assigned thread_id=11
init: final thread_id=11, base_seed=nil
setup: assigned thread_id=12
init: final thread_id=12, base_seed=nil
setup: assigned thread_id=13
init: final thread_id=13, base_seed=nil
setup: assigned thread_id=14
init: final thread_id=14, base_seed=nil
setup: assigned thread_id=15
init: final thread_id=15, base_seed=nil
setup: assigned thread_id=16
init: final thread_id=16, base_seed=nil
setup: assigned thread_id=17
init: final thread_id=17, base_seed=nil
setup: assigned thread_id=18
init: final thread_id=18, base_seed=nil
setup: assigned thread_id=19
init: final thread_id=19, base_seed=nil
setup: assigned thread_id=20
init: final thread_id=20, base_seed=nil
setup: assigned thread_id=21
init: final thread_id=21, base_seed=nil
setup: assigned thread_id=22
init: final thread_id=22, base_seed=nil
setup: assigned thread_id=23
init: final thread_id=23, base_seed=nil
setup: assigned thread_id=24
init: final thread_id=24, base_seed=nil
setup: assigned thread_id=25
init: final thread_id=25, base_seed=nil
setup: assigned thread_id=26
init: final thread_id=26, base_seed=nil
setup: assigned thread_id=27
init: final thread_id=27, base_seed=nil
setup: assigned thread_id=28
init: final thread_id=28, base_seed=nil
setup: assigned thread_id=29
init: final thread_id=29, base_seed=nil
setup: assigned thread_id=30
init: final thread_id=30, base_seed=nil
setup: assigned thread_id=31
init: final thread_id=31, base_seed=nil
setup: assigned thread_id=32
init: final thread_id=32, base_seed=nil
setup: assigned thread_id=33
init: final thread_id=33, base_seed=nil
setup: assigned thread_id=34
init: final thread_id=34, base_seed=nil
setup: assigned thread_id=35
init: final thread_id=35, base_seed=nil
setup: assigned thread_id=36
init: final thread_id=36, base_seed=nil
setup: assigned thread_id=37
init: final thread_id=37, base_seed=nil
setup: assigned thread_id=38
init: final thread_id=38, base_seed=nil
setup: assigned thread_id=39
init: final thread_id=39, base_seed=nil
setup: assigned thread_id=40
init: final thread_id=40, base_seed=nil
setup: assigned thread_id=41
init: final thread_id=41, base_seed=nil
setup: assigned thread_id=42
init: final thread_id=42, base_seed=nil
setup: assigned thread_id=43
init: final thread_id=43, base_seed=nil
setup: assigned thread_id=44
init: final thread_id=44, base_seed=nil
setup: assigned thread_id=45
init: final thread_id=45, base_seed=nil
setup: assigned thread_id=46
init: final thread_id=46, base_seed=nil
setup: assigned thread_id=47
init: final thread_id=47, base_seed=nil
setup: assigned thread_id=48
init: final thread_id=48, base_seed=nil
setup: assigned thread_id=49
init: final thread_id=49, base_seed=nil
setup: assigned thread_id=50
init: final thread_id=50, base_seed=nil
setup: assigned thread_id=51
init: final thread_id=51, base_seed=nil
setup: assigned thread_id=52
init: final thread_id=52, base_seed=nil
setup: assigned thread_id=53
init: final thread_id=53, base_seed=nil
setup: assigned thread_id=54
init: final thread_id=54, base_seed=nil
setup: assigned thread_id=55
init: final thread_id=55, base_seed=nil
setup: assigned thread_id=56
init: final thread_id=56, base_seed=nil
setup: assigned thread_id=57
init: final thread_id=57, base_seed=nil
setup: assigned thread_id=58
init: final thread_id=58, base_seed=nil
setup: assigned thread_id=59
init: final thread_id=59, base_seed=nil
setup: assigned thread_id=60
init: final thread_id=60, base_seed=nil
setup: assigned thread_id=61
init: final thread_id=61, base_seed=nil
setup: assigned thread_id=62
init: final thread_id=62, base_seed=nil
setup: assigned thread_id=63
init: final thread_id=63, base_seed=nil
setup: assigned thread_id=64
init: final thread_id=64, base_seed=nil
setup: assigned thread_id=65
init: final thread_id=65, base_seed=nil
script_want_response
Running 1m test @ http://10.10.1.1:13990
  65 threads and 648 connections

  Thread calibration: mean lat.: 604.365ms, rate sampling interval: 2291ms
  Thread calibration: mean lat.: 596.684ms, rate sampling interval: 2234ms
  Thread calibration: mean lat.: 581.521ms, rate sampling interval: 2181ms
  Thread calibration: mean lat.: 593.104ms, rate sampling interval: 2236ms
  Thread calibration: mean lat.: 596.000ms, rate sampling interval: 2248ms
  Thread calibration: mean lat.: 606.383ms, rate sampling interval: 2260ms
  Thread calibration: mean lat.: 593.668ms, rate sampling interval: 2230ms
  Thread calibration: mean lat.: 621.662ms, rate sampling interval: 2273ms
  Thread calibration: mean lat.: 607.863ms, rate sampling interval: 2277ms
  Thread calibration: mean lat.: 599.171ms, rate sampling interval: 2252ms
  Thread calibration: mean lat.: 614.487ms, rate sampling interval: 2275ms
  Thread calibration: mean lat.: 624.348ms, rate sampling interval: 2299ms
  Thread calibration: mean lat.: 628.776ms, rate sampling interval: 2301ms
  Thread calibration: mean lat.: 623.452ms, rate sampling interval: 2277ms
  Thread calibration: mean lat.: 647.089ms, rate sampling interval: 2385ms
  Thread calibration: mean lat.: 638.226ms, rate sampling interval: 2301ms
  Thread calibration: mean lat.: 640.814ms, rate sampling interval: 2340ms
  Thread calibration: mean lat.: 640.531ms, rate sampling interval: 2336ms
  Thread calibration: mean lat.: 623.212ms, rate sampling interval: 2295ms
  Thread calibration: mean lat.: 646.559ms, rate sampling interval: 2361ms
  Thread calibration: mean lat.: 601.030ms, rate sampling interval: 2205ms
  Thread calibration: mean lat.: 618.674ms, rate sampling interval: 2287ms
  Thread calibration: mean lat.: 612.735ms, rate sampling interval: 2265ms
  Thread calibration: mean lat.: 611.716ms, rate sampling interval: 2281ms
  Thread calibration: mean lat.: 587.468ms, rate sampling interval: 2205ms
  Thread calibration: mean lat.: 611.015ms, rate sampling interval: 2236ms
  Thread calibration: mean lat.: 571.363ms, rate sampling interval: 2179ms
  Thread calibration: mean lat.: 595.779ms, rate sampling interval: 2250ms
  Thread calibration: mean lat.: 564.903ms, rate sampling interval: 2154ms
  Thread calibration: mean lat.: 594.937ms, rate sampling interval: 2205ms
  Thread calibration: mean lat.: 588.106ms, rate sampling interval: 2195ms
  Thread calibration: mean lat.: 598.420ms, rate sampling interval: 2236ms
  Thread calibration: mean lat.: 598.193ms, rate sampling interval: 2246ms
  Thread calibration: mean lat.: 599.620ms, rate sampling interval: 2207ms
  Thread calibration: mean lat.: 596.514ms, rate sampling interval: 2232ms
  Thread calibration: mean lat.: 603.450ms, rate sampling interval: 2234ms
  Thread calibration: mean lat.: 594.269ms, rate sampling interval: 2222ms
  Thread calibration: mean lat.: 603.715ms, rate sampling interval: 2242ms
  Thread calibration: mean lat.: 607.877ms, rate sampling interval: 2256ms
  Thread calibration: mean lat.: 621.763ms, rate sampling interval: 2332ms
  Thread calibration: mean lat.: 599.366ms, rate sampling interval: 2205ms
  Thread calibration: mean lat.: 609.730ms, rate sampling interval: 2275ms
  Thread calibration: mean lat.: 600.543ms, rate sampling interval: 2263ms
  Thread calibration: mean lat.: 614.625ms, rate sampling interval: 2267ms
  Thread calibration: mean lat.: 617.329ms, rate sampling interval: 2312ms
  Thread calibration: mean lat.: 602.665ms, rate sampling interval: 2234ms
  Thread calibration: mean lat.: 612.299ms, rate sampling interval: 2269ms
  Thread calibration: mean lat.: 606.827ms, rate sampling interval: 2256ms
  Thread calibration: mean lat.: 593.900ms, rate sampling interval: 2209ms
  Thread calibration: mean lat.: 602.863ms, rate sampling interval: 2244ms
  Thread calibration: mean lat.: 625.782ms, rate sampling interval: 2316ms
  Thread calibration: mean lat.: 600.999ms, rate sampling interval: 2238ms
  Thread calibration: mean lat.: 618.403ms, rate sampling interval: 2281ms
  Thread calibration: mean lat.: 631.940ms, rate sampling interval: 2301ms
  Thread calibration: mean lat.: 622.959ms, rate sampling interval: 2267ms
  Thread calibration: mean lat.: 633.786ms, rate sampling interval: 2299ms
  Thread calibration: mean lat.: 613.924ms, rate sampling interval: 2244ms
  Thread calibration: mean lat.: 621.962ms, rate sampling interval: 2273ms
  Thread calibration: mean lat.: 620.552ms, rate sampling interval: 2303ms
  Thread calibration: mean lat.: 623.807ms, rate sampling interval: 2279ms
  Thread calibration: mean lat.: 627.735ms, rate sampling interval: 2267ms
  Thread calibration: mean lat.: 626.299ms, rate sampling interval: 2316ms
  Thread calibration: mean lat.: 621.642ms, rate sampling interval: 2277ms
  Thread calibration: mean lat.: 646.779ms, rate sampling interval: 2342ms
  Thread calibration: mean lat.: 621.713ms, rate sampling interval: 2299ms

-----------------------------------------------------------------------
Test Results @ http://10.10.1.1:13990 
  Thread Stats   Avg      Stdev     99%   +/- Stdev
    Latency     1.08s   517.90ms   1.86s    59.34%
    Req/Sec    54.57      4.37    63.00     69.29%
  Latency Distribution (HdrHistogram - Recorded Latency)
 50.000%    1.11s 
 75.000%    1.54s 
 90.000%    1.72s 
 99.000%    1.86s 
 99.900%    1.92s 
 99.990%    1.94s 
 99.999%    1.95s 
100.000%    1.96s 

  Detailed Percentile spectrum:
       Value   Percentile   TotalCount 1/(1-Percentile)

      12.647     0.000000            1         1.00
     291.071     0.100000        17842         1.11
     558.079     0.200000        35689         1.25
     812.543     0.300000        53515         1.43
     966.143     0.400000        71381         1.67
    1113.087     0.500000        89184         2.00
    1195.007     0.550000        98133         2.22
    1301.503     0.600000       107047         2.50
    1400.831     0.650000       115987         2.86
    1477.631     0.700000       124952         3.33
    1542.143     0.750000       133822         4.00
    1573.887     0.775000       138317         4.44
    1604.607     0.800000       142716         5.00
    1634.303     0.825000       147266         5.71
    1663.999     0.850000       151627         6.67
    1693.695     0.875000       156104         8.00
    1709.055     0.887500       158295         8.89
    1724.415     0.900000       160580        10.00
    1738.751     0.912500       162836        11.43
    1754.111     0.925000       165028        13.33
    1769.471     0.937500       167242        16.00
    1777.663     0.943750       168457        17.78
    1784.831     0.950000       169498        20.00
    1794.047     0.956250       170651        22.86
    1803.263     0.962500       171744        26.67
    1814.527     0.968750       172862        32.00
    1819.647     0.971875       173405        35.56
    1824.767     0.975000       173911        40.00
    1830.911     0.978125       174506        45.71
    1838.079     0.981250       175019        53.33
    1846.271     0.984375       175576        64.00
    1851.391     0.985938       175894        71.11
    1855.487     0.987500       176141        80.00
    1861.631     0.989062       176442        91.43
    1867.775     0.990625       176721       106.67
    1874.943     0.992188       177018       128.00
    1876.991     0.992969       177110       142.22
    1881.087     0.993750       177260       160.00
    1884.159     0.994531       177391       182.86
    1888.255     0.995313       177554       213.33
    1892.351     0.996094       177687       256.00
    1894.399     0.996484       177738       284.44
    1897.471     0.996875       177822       320.00
    1899.519     0.997266       177869       365.71
    1903.615     0.997656       177952       426.67
    1906.687     0.998047       178023       512.00
    1908.735     0.998242       178063       568.89
    1909.759     0.998437       178087       640.00
    1911.807     0.998633       178121       731.43
    1913.855     0.998828       178153       853.33
    1916.927     0.999023       178182      1024.00
    1918.975     0.999121       178205      1137.78
    1922.047     0.999219       178220      1280.00
    1924.095     0.999316       178238      1462.86
    1926.143     0.999414       178253      1706.67
    1928.191     0.999512       178271      2048.00
    1929.215     0.999561       178278      2275.56
    1931.263     0.999609       178291      2560.00
    1932.287     0.999658       178299      2925.71
    1933.311     0.999707       178312      3413.33
    1934.335     0.999756       178321      4096.00
    1934.335     0.999780       178321      4551.11
    1935.359     0.999805       178323      5120.00
    1936.383     0.999829       178327      5851.43
    1938.431     0.999854       178332      6826.67
    1940.479     0.999878       178338      8192.00
    1940.479     0.999890       178338      9102.22
    1942.527     0.999902       178340     10240.00
    1944.575     0.999915       178341     11702.86
    1946.623     0.999927       178344     13653.33
    1947.647     0.999939       178348     16384.00
    1947.647     0.999945       178348     18204.44
    1947.647     0.999951       178348     20480.00
    1948.671     0.999957       178350     23405.71
    1948.671     0.999963       178350     27306.67
    1949.695     0.999969       178351     32768.00
    1953.791     0.999973       178352     36408.89
    1953.791     0.999976       178352     40960.00
    1954.815     0.999979       178354     46811.43
    1954.815     0.999982       178354     54613.33
    1954.815     0.999985       178354     65536.00
    1954.815     0.999986       178354     72817.78
    1954.815     0.999988       178354     81920.00
    1955.839     0.999989       178355     93622.86
    1955.839     0.999991       178355    109226.67
    1955.839     0.999992       178355    131072.00
    1955.839     0.999993       178355    145635.56
    1955.839     0.999994       178355    163840.00
    1956.863     0.999995       178356    187245.71
    1956.863     1.000000       178356          inf
#[Mean    =     1079.896, StdDeviation   =      517.902]
#[Max     =     1955.840, Total count    =       178356]
#[Buckets =           27, SubBuckets     =         2048]
-----------------------------------------------------------------------
  209525 requests in 1.00m, 32.49MB read
Requests/sec:   3498.48  
Transfer/sec:    555.54KB

=== rps=3800 c=722 t=73 url=http://10.10.1.1:13990 ===
setup: assigned thread_id=1
init: final thread_id=1, base_seed=nil
setup: assigned thread_id=2
init: final thread_id=2, base_seed=nil
setup: assigned thread_id=3
init: final thread_id=3, base_seed=nil
setup: assigned thread_id=4
init: final thread_id=4, base_seed=nil
setup: assigned thread_id=5
init: final thread_id=5, base_seed=nil
setup: assigned thread_id=6
init: final thread_id=6, base_seed=nil
setup: assigned thread_id=7
init: final thread_id=7, base_seed=nil
setup: assigned thread_id=8
init: final thread_id=8, base_seed=nil
setup: assigned thread_id=9
init: final thread_id=9, base_seed=nil
setup: assigned thread_id=10
init: final thread_id=10, base_seed=nil
setup: assigned thread_id=11
init: final thread_id=11, base_seed=nil
setup: assigned thread_id=12
init: final thread_id=12, base_seed=nil
setup: assigned thread_id=13
init: final thread_id=13, base_seed=nil
setup: assigned thread_id=14
init: final thread_id=14, base_seed=nil
setup: assigned thread_id=15
init: final thread_id=15, base_seed=nil
setup: assigned thread_id=16
init: final thread_id=16, base_seed=nil
setup: assigned thread_id=17
init: final thread_id=17, base_seed=nil
setup: assigned thread_id=18
init: final thread_id=18, base_seed=nil
setup: assigned thread_id=19
init: final thread_id=19, base_seed=nil
setup: assigned thread_id=20
init: final thread_id=20, base_seed=nil
setup: assigned thread_id=21
init: final thread_id=21, base_seed=nil
setup: assigned thread_id=22
init: final thread_id=22, base_seed=nil
setup: assigned thread_id=23
init: final thread_id=23, base_seed=nil
setup: assigned thread_id=24
init: final thread_id=24, base_seed=nil
setup: assigned thread_id=25
init: final thread_id=25, base_seed=nil
setup: assigned thread_id=26
init: final thread_id=26, base_seed=nil
setup: assigned thread_id=27
init: final thread_id=27, base_seed=nil
setup: assigned thread_id=28
init: final thread_id=28, base_seed=nil
setup: assigned thread_id=29
init: final thread_id=29, base_seed=nil
setup: assigned thread_id=30
init: final thread_id=30, base_seed=nil
setup: assigned thread_id=31
init: final thread_id=31, base_seed=nil
setup: assigned thread_id=32
init: final thread_id=32, base_seed=nil
setup: assigned thread_id=33
init: final thread_id=33, base_seed=nil
setup: assigned thread_id=34
init: final thread_id=34, base_seed=nil
setup: assigned thread_id=35
init: final thread_id=35, base_seed=nil
setup: assigned thread_id=36
init: final thread_id=36, base_seed=nil
setup: assigned thread_id=37
init: final thread_id=37, base_seed=nil
setup: assigned thread_id=38
init: final thread_id=38, base_seed=nil
setup: assigned thread_id=39
init: final thread_id=39, base_seed=nil
setup: assigned thread_id=40
init: final thread_id=40, base_seed=nil
setup: assigned thread_id=41
init: final thread_id=41, base_seed=nil
setup: assigned thread_id=42
init: final thread_id=42, base_seed=nil
setup: assigned thread_id=43
init: final thread_id=43, base_seed=nil
setup: assigned thread_id=44
init: final thread_id=44, base_seed=nil
setup: assigned thread_id=45
init: final thread_id=45, base_seed=nil
setup: assigned thread_id=46
init: final thread_id=46, base_seed=nil
setup: assigned thread_id=47
init: final thread_id=47, base_seed=nil
setup: assigned thread_id=48
init: final thread_id=48, base_seed=nil
setup: assigned thread_id=49
init: final thread_id=49, base_seed=nil
setup: assigned thread_id=50
init: final thread_id=50, base_seed=nil
setup: assigned thread_id=51
init: final thread_id=51, base_seed=nil
setup: assigned thread_id=52
init: final thread_id=52, base_seed=nil
setup: assigned thread_id=53
init: final thread_id=53, base_seed=nil
setup: assigned thread_id=54
init: final thread_id=54, base_seed=nil
setup: assigned thread_id=55
init: final thread_id=55, base_seed=nil
setup: assigned thread_id=56
init: final thread_id=56, base_seed=nil
setup: assigned thread_id=57
init: final thread_id=57, base_seed=nil
setup: assigned thread_id=58
init: final thread_id=58, base_seed=nil
setup: assigned thread_id=59
init: final thread_id=59, base_seed=nil
setup: assigned thread_id=60
init: final thread_id=60, base_seed=nil
setup: assigned thread_id=61
init: final thread_id=61, base_seed=nil
setup: assigned thread_id=62
init: final thread_id=62, base_seed=nil
setup: assigned thread_id=63
init: final thread_id=63, base_seed=nil
setup: assigned thread_id=64
init: final thread_id=64, base_seed=nil
setup: assigned thread_id=65
init: final thread_id=65, base_seed=nil
setup: assigned thread_id=66
init: final thread_id=66, base_seed=nil
setup: assigned thread_id=67
init: final thread_id=67, base_seed=nil
setup: assigned thread_id=68
init: final thread_id=68, base_seed=nil
setup: assigned thread_id=69
init: final thread_id=69, base_seed=nil
setup: assigned thread_id=70
init: final thread_id=70, base_seed=nil
setup: assigned thread_id=71
init: final thread_id=71, base_seed=nil
setup: assigned thread_id=72
init: final thread_id=72, base_seed=nil
setup: assigned thread_id=73
init: final thread_id=73, base_seed=nil
script_want_response
Running 1m test @ http://10.10.1.1:13990
  73 threads and 722 connections

  Thread calibration: mean lat.: 130.588ms, rate sampling interval: 440ms
  Thread calibration: mean lat.: 120.655ms, rate sampling interval: 412ms
  Thread calibration: mean lat.: 123.666ms, rate sampling interval: 414ms
  Thread calibration: mean lat.: 125.112ms, rate sampling interval: 418ms
  Thread calibration: mean lat.: 123.633ms, rate sampling interval: 405ms
  Thread calibration: mean lat.: 123.268ms, rate sampling interval: 405ms
  Thread calibration: mean lat.: 128.498ms, rate sampling interval: 421ms
  Thread calibration: mean lat.: 126.031ms, rate sampling interval: 404ms
  Thread calibration: mean lat.: 123.167ms, rate sampling interval: 393ms
  Thread calibration: mean lat.: 133.851ms, rate sampling interval: 469ms
  Thread calibration: mean lat.: 137.383ms, rate sampling interval: 467ms
  Thread calibration: mean lat.: 134.194ms, rate sampling interval: 458ms
  Thread calibration: mean lat.: 126.955ms, rate sampling interval: 430ms
  Thread calibration: mean lat.: 128.183ms, rate sampling interval: 431ms
  Thread calibration: mean lat.: 126.050ms, rate sampling interval: 419ms
  Thread calibration: mean lat.: 125.393ms, rate sampling interval: 429ms
  Thread calibration: mean lat.: 120.663ms, rate sampling interval: 396ms
  Thread calibration: mean lat.: 118.929ms, rate sampling interval: 381ms
  Thread calibration: mean lat.: 117.078ms, rate sampling interval: 376ms
  Thread calibration: mean lat.: 118.152ms, rate sampling interval: 382ms
  Thread calibration: mean lat.: 116.663ms, rate sampling interval: 376ms
  Thread calibration: mean lat.: 117.549ms, rate sampling interval: 388ms
  Thread calibration: mean lat.: 117.468ms, rate sampling interval: 386ms
  Thread calibration: mean lat.: 118.332ms, rate sampling interval: 393ms
  Thread calibration: mean lat.: 118.844ms, rate sampling interval: 398ms
  Thread calibration: mean lat.: 120.946ms, rate sampling interval: 395ms
  Thread calibration: mean lat.: 124.439ms, rate sampling interval: 406ms
  Thread calibration: mean lat.: 122.496ms, rate sampling interval: 398ms
  Thread calibration: mean lat.: 126.803ms, rate sampling interval: 415ms
  Thread calibration: mean lat.: 121.791ms, rate sampling interval: 396ms
  Thread calibration: mean lat.: 125.318ms, rate sampling interval: 401ms
  Thread calibration: mean lat.: 123.832ms, rate sampling interval: 397ms
  Thread calibration: mean lat.: 128.984ms, rate sampling interval: 406ms
  Thread calibration: mean lat.: 129.890ms, rate sampling interval: 509ms
  Thread calibration: mean lat.: 129.840ms, rate sampling interval: 410ms
  Thread calibration: mean lat.: 126.152ms, rate sampling interval: 396ms
  Thread calibration: mean lat.: 125.047ms, rate sampling interval: 389ms
  Thread calibration: mean lat.: 111.653ms, rate sampling interval: 442ms
  Thread calibration: mean lat.: 127.412ms, rate sampling interval: 403ms
  Thread calibration: mean lat.: 108.922ms, rate sampling interval: 378ms
  Thread calibration: mean lat.: 104.456ms, rate sampling interval: 363ms
  Thread calibration: mean lat.: 125.108ms, rate sampling interval: 400ms
  Thread calibration: mean lat.: 126.583ms, rate sampling interval: 398ms
  Thread calibration: mean lat.: 123.699ms, rate sampling interval: 387ms
  Thread calibration: mean lat.: 128.663ms, rate sampling interval: 406ms
  Thread calibration: mean lat.: 120.521ms, rate sampling interval: 370ms
  Thread calibration: mean lat.: 125.824ms, rate sampling interval: 386ms
  Thread calibration: mean lat.: 130.539ms, rate sampling interval: 412ms
  Thread calibration: mean lat.: 123.978ms, rate sampling interval: 379ms
  Thread calibration: mean lat.: 129.580ms, rate sampling interval: 397ms
  Thread calibration: mean lat.: 130.816ms, rate sampling interval: 408ms
  Thread calibration: mean lat.: 129.460ms, rate sampling interval: 400ms
  Thread calibration: mean lat.: 129.968ms, rate sampling interval: 408ms
  Thread calibration: mean lat.: 131.485ms, rate sampling interval: 409ms
  Thread calibration: mean lat.: 137.270ms, rate sampling interval: 436ms
  Thread calibration: mean lat.: 132.294ms, rate sampling interval: 415ms
  Thread calibration: mean lat.: 134.013ms, rate sampling interval: 425ms
  Thread calibration: mean lat.: 131.892ms, rate sampling interval: 416ms
  Thread calibration: mean lat.: 139.428ms, rate sampling interval: 442ms
  Thread calibration: mean lat.: 134.678ms, rate sampling interval: 432ms
  Thread calibration: mean lat.: 138.382ms, rate sampling interval: 433ms
  Thread calibration: mean lat.: 136.884ms, rate sampling interval: 430ms
  Thread calibration: mean lat.: 133.131ms, rate sampling interval: 417ms
  Thread calibration: mean lat.: 136.250ms, rate sampling interval: 423ms
  Thread calibration: mean lat.: 136.539ms, rate sampling interval: 425ms
  Thread calibration: mean lat.: 140.317ms, rate sampling interval: 439ms
  Thread calibration: mean lat.: 137.718ms, rate sampling interval: 429ms
  Thread calibration: mean lat.: 141.083ms, rate sampling interval: 466ms
  Thread calibration: mean lat.: 140.104ms, rate sampling interval: 451ms
  Thread calibration: mean lat.: 133.958ms, rate sampling interval: 413ms
  Thread calibration: mean lat.: 133.704ms, rate sampling interval: 413ms
  Thread calibration: mean lat.: 138.058ms, rate sampling interval: 444ms
  Thread calibration: mean lat.: 131.178ms, rate sampling interval: 409ms

-----------------------------------------------------------------------
Test Results @ http://10.10.1.1:13990 
  Thread Stats   Avg      Stdev     99%   +/- Stdev
    Latency     2.08s     1.08s    4.00s    59.99%
    Req/Sec    47.58      5.61    62.00     81.43%
  Latency Distribution (HdrHistogram - Recorded Latency)
 50.000%    2.05s 
 75.000%    2.99s 
 90.000%    3.67s 
 99.000%    4.00s 
 99.900%    4.16s 
 99.990%    4.29s 
 99.999%    4.37s 
100.000%    4.38s 

  Detailed Percentile spectrum:
       Value   Percentile   TotalCount 1/(1-Percentile)

      10.743     0.000000            1         1.00
     543.231     0.100000        17473         1.11
    1087.487     0.200000        34964         1.25
    1540.095     0.300000        52436         1.43
    1883.135     0.400000        69916         1.67
    2047.999     0.500000        87419         2.00
    2111.487     0.550000        96322         2.22
    2179.071     0.600000       104850         2.50
    2295.807     0.650000       113581         2.86
    2592.767     0.700000       122297         3.33
    2988.031     0.750000       131060         4.00
    3149.823     0.775000       135420         4.44
    3295.231     0.800000       139759         5.00
    3416.063     0.825000       144155         5.71
    3516.415     0.850000       148573         6.67
    3596.287     0.875000       152889         8.00
    3633.151     0.887500       155042         8.89
    3667.967     0.900000       157223        10.00
    3702.783     0.912500       159395        11.43
    3737.599     0.925000       161610        13.33
    3772.415     0.937500       163769        16.00
    3790.847     0.943750       164857        17.78
    3811.327     0.950000       166014        20.00
    3829.759     0.956250       167097        22.86
    3852.287     0.962500       168118        26.67
    3878.911     0.968750       169278        32.00
    3891.199     0.971875       169760        35.56
    3905.535     0.975000       170306        40.00
    3921.919     0.978125       170905        45.71
    3938.303     0.981250       171410        53.33
    3956.735     0.984375       171960        64.00
    3969.023     0.985938       172256        71.11
    3981.311     0.987500       172511        80.00
    3995.647     0.989062       172795        91.43
    4007.935     0.990625       173056       106.67
    4022.271     0.992188       173326       128.00
    4030.463     0.992969       173444       142.22
    4038.655     0.993750       173579       160.00
    4050.943     0.994531       173713       182.86
    4065.279     0.995313       173857       213.33
    4077.567     0.996094       173988       256.00
    4083.711     0.996484       174057       284.44
    4089.855     0.996875       174136       320.00
    4095.999     0.997266       174192       365.71
    4106.239     0.997656       174268       426.67
    4120.575     0.998047       174337       512.00
    4128.767     0.998242       174368       568.89
    4136.959     0.998437       174401       640.00
    4145.151     0.998633       174431       731.43
    4155.391     0.998828       174465       853.33
    4165.631     0.999023       174499      1024.00
    4169.727     0.999121       174516      1137.78
    4175.871     0.999219       174535      1280.00
    4186.111     0.999316       174551      1462.86
    4194.303     0.999414       174567      1706.67
    4206.591     0.999512       174585      2048.00
    4214.783     0.999561       174598      2275.56
    4218.879     0.999609       174600      2560.00
    4222.975     0.999658       174609      2925.71
    4231.167     0.999707       174618      3413.33
    4239.359     0.999756       174627      4096.00
    4251.647     0.999780       174631      4551.11
    4259.839     0.999805       174636      5120.00
    4263.935     0.999829       174639      5851.43
    4272.127     0.999854       174646      6826.67
    4276.223     0.999878       174647      8192.00
    4284.415     0.999890       174649      9102.22
    4288.511     0.999902       174653     10240.00
    4292.607     0.999915       174654     11702.86
    4313.087     0.999927       174656     13653.33
    4337.663     0.999939       174658     16384.00
    4349.951     0.999945       174660     18204.44
    4349.951     0.999951       174660     20480.00
    4358.143     0.999957       174661     23405.71
    4362.239     0.999963       174662     27306.67
    4366.335     0.999969       174665     32768.00
    4366.335     0.999973       174665     36408.89
    4366.335     0.999976       174665     40960.00
    4366.335     0.999979       174665     46811.43
    4366.335     0.999982       174665     54613.33
    4370.431     0.999985       174667     65536.00
    4370.431     0.999986       174667     72817.78
    4370.431     0.999988       174667     81920.00
    4370.431     0.999989       174667     93622.86
    4370.431     0.999991       174667    109226.67
    4370.431     0.999992       174667    131072.00
    4370.431     0.999993       174667    145635.56
    4370.431     0.999994       174667    163840.00
    4382.719     0.999995       174668    187245.71
    4382.719     1.000000       174668          inf
#[Mean    =     2084.672, StdDeviation   =     1081.879]
#[Max     =     4378.624, Total count    =       174668]
#[Buckets =           27, SubBuckets     =         2048]
-----------------------------------------------------------------------
  211964 requests in 1.00m, 32.87MB read
Requests/sec:   3545.53  
Transfer/sec:    563.05KB

=== rps=4000 c=800 t=80 url=http://10.10.1.1:13990 ===
setup: assigned thread_id=1
init: final thread_id=1, base_seed=nil
setup: assigned thread_id=2
init: final thread_id=2, base_seed=nil
setup: assigned thread_id=3
init: final thread_id=3, base_seed=nil
setup: assigned thread_id=4
init: final thread_id=4, base_seed=nil
setup: assigned thread_id=5
init: final thread_id=5, base_seed=nil
setup: assigned thread_id=6
init: final thread_id=6, base_seed=nil
setup: assigned thread_id=7
init: final thread_id=7, base_seed=nil
setup: assigned thread_id=8
init: final thread_id=8, base_seed=nil
setup: assigned thread_id=9
init: final thread_id=9, base_seed=nil
setup: assigned thread_id=10
init: final thread_id=10, base_seed=nil
setup: assigned thread_id=11
init: final thread_id=11, base_seed=nil
setup: assigned thread_id=12
init: final thread_id=12, base_seed=nil
setup: assigned thread_id=13
init: final thread_id=13, base_seed=nil
setup: assigned thread_id=14
init: final thread_id=14, base_seed=nil
setup: assigned thread_id=15
init: final thread_id=15, base_seed=nil
setup: assigned thread_id=16
init: final thread_id=16, base_seed=nil
setup: assigned thread_id=17
init: final thread_id=17, base_seed=nil
setup: assigned thread_id=18
init: final thread_id=18, base_seed=nil
setup: assigned thread_id=19
init: final thread_id=19, base_seed=nil
setup: assigned thread_id=20
init: final thread_id=20, base_seed=nil
setup: assigned thread_id=21
init: final thread_id=21, base_seed=nil
setup: assigned thread_id=22
init: final thread_id=22, base_seed=nil
setup: assigned thread_id=23
init: final thread_id=23, base_seed=nil
setup: assigned thread_id=24
init: final thread_id=24, base_seed=nil
setup: assigned thread_id=25
init: final thread_id=25, base_seed=nil
setup: assigned thread_id=26
init: final thread_id=26, base_seed=nil
setup: assigned thread_id=27
init: final thread_id=27, base_seed=nil
setup: assigned thread_id=28
init: final thread_id=28, base_seed=nil
setup: assigned thread_id=29
init: final thread_id=29, base_seed=nil
setup: assigned thread_id=30
init: final thread_id=30, base_seed=nil
setup: assigned thread_id=31
init: final thread_id=31, base_seed=nil
setup: assigned thread_id=32
init: final thread_id=32, base_seed=nil
setup: assigned thread_id=33
init: final thread_id=33, base_seed=nil
setup: assigned thread_id=34
init: final thread_id=34, base_seed=nil
setup: assigned thread_id=35
init: final thread_id=35, base_seed=nil
setup: assigned thread_id=36
init: final thread_id=36, base_seed=nil
setup: assigned thread_id=37
init: final thread_id=37, base_seed=nil
setup: assigned thread_id=38
init: final thread_id=38, base_seed=nil
setup: assigned thread_id=39
init: final thread_id=39, base_seed=nil
setup: assigned thread_id=40
init: final thread_id=40, base_seed=nil
setup: assigned thread_id=41
init: final thread_id=41, base_seed=nil
setup: assigned thread_id=42
init: final thread_id=42, base_seed=nil
setup: assigned thread_id=43
init: final thread_id=43, base_seed=nil
setup: assigned thread_id=44
init: final thread_id=44, base_seed=nil
setup: assigned thread_id=45
init: final thread_id=45, base_seed=nil
setup: assigned thread_id=46
init: final thread_id=46, base_seed=nil
setup: assigned thread_id=47
init: final thread_id=47, base_seed=nil
setup: assigned thread_id=48
init: final thread_id=48, base_seed=nil
setup: assigned thread_id=49
init: final thread_id=49, base_seed=nil
setup: assigned thread_id=50
init: final thread_id=50, base_seed=nil
setup: assigned thread_id=51
init: final thread_id=51, base_seed=nil
setup: assigned thread_id=52
init: final thread_id=52, base_seed=nil
setup: assigned thread_id=53
init: final thread_id=53, base_seed=nil
setup: assigned thread_id=54
init: final thread_id=54, base_seed=nil
setup: assigned thread_id=55
init: final thread_id=55, base_seed=nil
setup: assigned thread_id=56
init: final thread_id=56, base_seed=nil
setup: assigned thread_id=57
init: final thread_id=57, base_seed=nil
setup: assigned thread_id=58
init: final thread_id=58, base_seed=nil
setup: assigned thread_id=59
init: final thread_id=59, base_seed=nil
setup: assigned thread_id=60
init: final thread_id=60, base_seed=nil
setup: assigned thread_id=61
init: final thread_id=61, base_seed=nil
setup: assigned thread_id=62
init: final thread_id=62, base_seed=nil
setup: assigned thread_id=63
init: final thread_id=63, base_seed=nil
setup: assigned thread_id=64
init: final thread_id=64, base_seed=nil
setup: assigned thread_id=65
init: final thread_id=65, base_seed=nil
setup: assigned thread_id=66
init: final thread_id=66, base_seed=nil
setup: assigned thread_id=67
init: final thread_id=67, base_seed=nil
setup: assigned thread_id=68
init: final thread_id=68, base_seed=nil
setup: assigned thread_id=69
init: final thread_id=69, base_seed=nil
setup: assigned thread_id=70
init: final thread_id=70, base_seed=nil
setup: assigned thread_id=71
init: final thread_id=71, base_seed=nil
setup: assigned thread_id=72
init: final thread_id=72, base_seed=nil
setup: assigned thread_id=73
init: final thread_id=73, base_seed=nil
setup: assigned thread_id=74
init: final thread_id=74, base_seed=nil
setup: assigned thread_id=75
init: final thread_id=75, base_seed=nil
setup: assigned thread_id=76
init: final thread_id=76, base_seed=nil
setup: assigned thread_id=77
init: final thread_id=77, base_seed=nil
setup: assigned thread_id=78
init: final thread_id=78, base_seed=nil
setup: assigned thread_id=79
init: final thread_id=79, base_seed=nil
setup: assigned thread_id=80
init: final thread_id=80, base_seed=nil
script_want_response
Running 1m test @ http://10.10.1.1:13990
  80 threads and 800 connections

  Thread calibration: mean lat.: 319.838ms, rate sampling interval: 941ms
  Thread calibration: mean lat.: 339.016ms, rate sampling interval: 952ms
  Thread calibration: mean lat.: 337.460ms, rate sampling interval: 1026ms
  Thread calibration: mean lat.: 315.262ms, rate sampling interval: 904ms
  Thread calibration: mean lat.: 321.952ms, rate sampling interval: 927ms
  Thread calibration: mean lat.: 322.695ms, rate sampling interval: 895ms
  Thread calibration: mean lat.: 323.949ms, rate sampling interval: 992ms
  Thread calibration: mean lat.: 303.597ms, rate sampling interval: 871ms
  Thread calibration: mean lat.: 342.838ms, rate sampling interval: 1080ms
  Thread calibration: mean lat.: 344.527ms, rate sampling interval: 1013ms
  Thread calibration: mean lat.: 325.871ms, rate sampling interval: 1029ms
  Thread calibration: mean lat.: 327.194ms, rate sampling interval: 918ms
  Thread calibration: mean lat.: 324.729ms, rate sampling interval: 925ms
  Thread calibration: mean lat.: 359.363ms, rate sampling interval: 1107ms
  Thread calibration: mean lat.: 323.874ms, rate sampling interval: 927ms
  Thread calibration: mean lat.: 289.083ms, rate sampling interval: 784ms
  Thread calibration: mean lat.: 303.297ms, rate sampling interval: 795ms
  Thread calibration: mean lat.: 289.885ms, rate sampling interval: 797ms
  Thread calibration: mean lat.: 323.063ms, rate sampling interval: 983ms
  Thread calibration: mean lat.: 308.879ms, rate sampling interval: 883ms
  Thread calibration: mean lat.: 284.812ms, rate sampling interval: 862ms
  Thread calibration: mean lat.: 306.202ms, rate sampling interval: 938ms
  Thread calibration: mean lat.: 290.031ms, rate sampling interval: 828ms
  Thread calibration: mean lat.: 311.682ms, rate sampling interval: 841ms
  Thread calibration: mean lat.: 328.340ms, rate sampling interval: 999ms
  Thread calibration: mean lat.: 359.013ms, rate sampling interval: 1046ms
  Thread calibration: mean lat.: 287.182ms, rate sampling interval: 807ms
  Thread calibration: mean lat.: 306.409ms, rate sampling interval: 864ms
  Thread calibration: mean lat.: 325.493ms, rate sampling interval: 990ms
  Thread calibration: mean lat.: 333.814ms, rate sampling interval: 992ms
  Thread calibration: mean lat.: 311.052ms, rate sampling interval: 941ms
  Thread calibration: mean lat.: 319.980ms, rate sampling interval: 977ms
  Thread calibration: mean lat.: 298.151ms, rate sampling interval: 822ms
  Thread calibration: mean lat.: 300.435ms, rate sampling interval: 857ms
  Thread calibration: mean lat.: 316.622ms, rate sampling interval: 980ms
  Thread calibration: mean lat.: 321.469ms, rate sampling interval: 977ms
  Thread calibration: mean lat.: 356.478ms, rate sampling interval: 1046ms
  Thread calibration: mean lat.: 378.207ms, rate sampling interval: 1149ms
  Thread calibration: mean lat.: 359.962ms, rate sampling interval: 1092ms
  Thread calibration: mean lat.: 329.420ms, rate sampling interval: 953ms
  Thread calibration: mean lat.: 346.811ms, rate sampling interval: 986ms
  Thread calibration: mean lat.: 339.386ms, rate sampling interval: 986ms
  Thread calibration: mean lat.: 328.502ms, rate sampling interval: 904ms
  Thread calibration: mean lat.: 326.011ms, rate sampling interval: 897ms
  Thread calibration: mean lat.: 351.332ms, rate sampling interval: 1038ms
  Thread calibration: mean lat.: 347.504ms, rate sampling interval: 1048ms
  Thread calibration: mean lat.: 331.091ms, rate sampling interval: 1007ms
  Thread calibration: mean lat.: 355.093ms, rate sampling interval: 1079ms
  Thread calibration: mean lat.: 338.554ms, rate sampling interval: 1020ms
  Thread calibration: mean lat.: 304.882ms, rate sampling interval: 956ms
  Thread calibration: mean lat.: 303.026ms, rate sampling interval: 909ms
  Thread calibration: mean lat.: 309.095ms, rate sampling interval: 1004ms
  Thread calibration: mean lat.: 292.484ms, rate sampling interval: 820ms
  Thread calibration: mean lat.: 335.259ms, rate sampling interval: 1056ms
  Thread calibration: mean lat.: 311.848ms, rate sampling interval: 903ms
  Thread calibration: mean lat.: 310.654ms, rate sampling interval: 921ms
  Thread calibration: mean lat.: 294.128ms, rate sampling interval: 873ms
  Thread calibration: mean lat.: 334.888ms, rate sampling interval: 968ms
  Thread calibration: mean lat.: 337.770ms, rate sampling interval: 1031ms
  Thread calibration: mean lat.: 318.775ms, rate sampling interval: 955ms
  Thread calibration: mean lat.: 306.111ms, rate sampling interval: 884ms
  Thread calibration: mean lat.: 312.525ms, rate sampling interval: 911ms
  Thread calibration: mean lat.: 301.657ms, rate sampling interval: 847ms
  Thread calibration: mean lat.: 298.865ms, rate sampling interval: 887ms
  Thread calibration: mean lat.: 350.439ms, rate sampling interval: 1022ms
  Thread calibration: mean lat.: 328.182ms, rate sampling interval: 941ms
  Thread calibration: mean lat.: 353.723ms, rate sampling interval: 1020ms
  Thread calibration: mean lat.: 341.112ms, rate sampling interval: 1051ms
  Thread calibration: mean lat.: 343.691ms, rate sampling interval: 920ms
  Thread calibration: mean lat.: 352.781ms, rate sampling interval: 1040ms
  Thread calibration: mean lat.: 339.170ms, rate sampling interval: 1039ms
  Thread calibration: mean lat.: 357.173ms, rate sampling interval: 1124ms
  Thread calibration: mean lat.: 350.721ms, rate sampling interval: 1046ms
  Thread calibration: mean lat.: 363.217ms, rate sampling interval: 995ms
  Thread calibration: mean lat.: 344.360ms, rate sampling interval: 1013ms
  Thread calibration: mean lat.: 368.125ms, rate sampling interval: 1015ms
  Thread calibration: mean lat.: 380.467ms, rate sampling interval: 1092ms
  Thread calibration: mean lat.: 340.952ms, rate sampling interval: 945ms
  Thread calibration: mean lat.: 348.577ms, rate sampling interval: 994ms
  Thread calibration: mean lat.: 368.300ms, rate sampling interval: 1081ms

-----------------------------------------------------------------------
Test Results @ http://10.10.1.1:13990 
  Thread Stats   Avg      Stdev     99%   +/- Stdev
    Latency     3.27s     2.13s    6.82s    52.07%
    Req/Sec    43.39      4.59    51.00     80.87%
  Latency Distribution (HdrHistogram - Recorded Latency)
 50.000%    3.05s 
 75.000%    5.35s 
 90.000%    6.13s 
 99.000%    6.82s 
 99.900%    7.22s 
 99.990%    7.50s 
 99.999%    7.60s 
100.000%    7.67s 

  Detailed Percentile spectrum:
       Value   Percentile   TotalCount 1/(1-Percentile)

     167.167     0.000000            1         1.00
     712.191     0.100000        17516         1.11
    1013.759     0.200000        35003         1.25
    1357.823     0.300000        52534         1.43
    1811.455     0.400000        69970         1.67
    3047.423     0.500000        87453         2.00
    3735.551     0.550000        96232         2.22
    4300.799     0.600000       105010         2.50
    4739.071     0.650000       113745         2.86
    5074.943     0.700000       122504         3.33
    5353.471     0.750000       131193         4.00
    5488.639     0.775000       135665         4.44
    5615.615     0.800000       139946         5.00
    5750.783     0.825000       144426         5.71
    5873.663     0.850000       148688         6.67
    6000.639     0.875000       153147         8.00
    6062.079     0.887500       155278         8.89
    6127.615     0.900000       157489        10.00
    6189.055     0.912500       159662        11.43
    6254.591     0.925000       161844        13.33
    6324.223     0.937500       163981        16.00
    6365.183     0.943750       165121        17.78
    6406.143     0.950000       166255        20.00
    6447.103     0.956250       167257        22.86
    6496.255     0.962500       168393        26.67
    6549.503     0.968750       169491        32.00
    6578.175     0.971875       170052        35.56
    6606.847     0.975000       170560        40.00
    6643.711     0.978125       171134        45.71
    6680.575     0.981250       171666        53.33
    6721.535     0.984375       172199        64.00
    6746.111     0.985938       172483        71.11
    6770.687     0.987500       172745        80.00
    6799.359     0.989062       173017        91.43
    6832.127     0.990625       173271       106.67
    6868.991     0.992188       173545       128.00
    6889.471     0.992969       173683       142.22
    6914.047     0.993750       173842       160.00
    6938.623     0.994531       173957       182.86
    6971.391     0.995313       174101       213.33
    7000.063     0.996094       174230       256.00
    7020.543     0.996484       174303       284.44
    7036.927     0.996875       174361       320.00
    7061.503     0.997266       174435       365.71
    7090.175     0.997656       174502       426.67
    7118.847     0.998047       174570       512.00
    7139.327     0.998242       174604       568.89
    7159.807     0.998437       174634       640.00
    7184.383     0.998633       174670       731.43
    7204.863     0.998828       174708       853.33
    7225.343     0.999023       174736      1024.00
    7241.727     0.999121       174760      1137.78
    7258.111     0.999219       174773      1280.00
    7278.591     0.999316       174789      1462.86
    7299.071     0.999414       174804      1706.67
    7331.839     0.999512       174823      2048.00
    7344.127     0.999561       174830      2275.56
    7364.607     0.999609       174840      2560.00
    7380.991     0.999658       174850      2925.71
    7393.279     0.999707       174855      3413.33
    7409.663     0.999756       174868      4096.00
    7409.663     0.999780       174868      4551.11
    7421.951     0.999805       174873      5120.00
    7446.527     0.999829       174877      5851.43
    7462.911     0.999854       174882      6826.67
    7487.487     0.999878       174885      8192.00
    7491.583     0.999890       174887      9102.22
    7495.679     0.999902       174889     10240.00
    7507.967     0.999915       174892     11702.86
    7536.639     0.999927       174895     13653.33
    7540.735     0.999939       174896     16384.00
    7544.831     0.999945       174897     18204.44
    7548.927     0.999951       174899     20480.00
    7548.927     0.999957       174899     23405.71
    7553.023     0.999963       174900     27306.67
    7569.407     0.999969       174901     32768.00
    7581.695     0.999973       174902     36408.89
    7581.695     0.999976       174902     40960.00
    7593.983     0.999979       174903     46811.43
    7593.983     0.999982       174903     54613.33
    7598.079     0.999985       174904     65536.00
    7598.079     0.999986       174904     72817.78
    7598.079     0.999988       174904     81920.00
    7639.039     0.999989       174905     93622.86
    7639.039     0.999991       174905    109226.67
    7639.039     0.999992       174905    131072.00
    7639.039     0.999993       174905    145635.56
    7639.039     0.999994       174905    163840.00
    7667.711     0.999995       174906    187245.71
    7667.711     1.000000       174906          inf
#[Mean    =     3268.103, StdDeviation   =     2126.826]
#[Max     =     7663.616, Total count    =       174906]
#[Buckets =           27, SubBuckets     =         2048]
-----------------------------------------------------------------------
  212579 requests in 1.00m, 32.96MB read
Requests/sec:   3555.98  
Transfer/sec:    564.60KB
