setup: assigned thread_id=1
init: final thread_id=1, base_seed=nil
script_want_response
Running 2m test @ http://10.10.1.1:19293
  1 threads and 10 connections

  Thread calibration: mean lat.: 61.345ms, rate sampling interval: 106ms

-----------------------------------------------------------------------
Test Results @ http://10.10.1.1:19293 
  Thread Stats   Avg      Stdev     99%   +/- Stdev
    Latency     7.47ms  832.81us   9.61ms   71.65%
    Req/Sec   100.16     16.67   169.00     89.39%
  Latency Distribution (HdrHistogram - Recorded Latency)
 50.000%    7.39ms
 75.000%    7.94ms
 90.000%    8.62ms
 99.000%    9.61ms
 99.900%   10.46ms
 99.990%   12.39ms
 99.999%   12.52ms
100.000%   12.52ms

  Detailed Percentile spectrum:
       Value   Percentile   TotalCount 1/(1-Percentile)

       4.483     0.000000            1         1.00
       6.547     0.100000          902         1.11
       6.835     0.200000         1810         1.25
       7.035     0.300000         2703         1.43
       7.219     0.400000         3616         1.67
       7.395     0.500000         4502         2.00
       7.487     0.550000         4951         2.22
       7.583     0.600000         5400         2.50
       7.687     0.650000         5855         2.86
       7.803     0.700000         6298         3.33
       7.943     0.750000         6765         4.00
       8.027     0.775000         6982         4.44
       8.119     0.800000         7202         5.00
       8.223     0.825000         7426         5.71
       8.343     0.850000         7658         6.67
       8.479     0.875000         7876         8.00
       8.559     0.887500         7997         8.89
       8.623     0.900000         8108        10.00
       8.695     0.912500         8217        11.43
       8.775     0.925000         8323        13.33
       8.879     0.937500         8441        16.00
       8.911     0.943750         8495        17.78
       8.959     0.950000         8551        20.00
       9.023     0.956250         8604        22.86
       9.119     0.962500         8661        26.67
       9.199     0.968750         8718        32.00
       9.239     0.971875         8746        35.56
       9.279     0.975000         8774        40.00
       9.327     0.978125         8801        45.71
       9.383     0.981250         8831        53.33
       9.439     0.984375         8857        64.00
       9.487     0.985938         8871        71.11
       9.543     0.987500         8885        80.00
       9.583     0.989062         8899        91.43
       9.639     0.990625         8914       106.67
       9.703     0.992188         8928       128.00
       9.735     0.992969         8935       142.22
       9.775     0.993750         8941       160.00
       9.831     0.994531         8948       182.86
       9.871     0.995313         8955       213.33
       9.927     0.996094         8962       256.00
       9.967     0.996484         8967       284.44
       9.991     0.996875         8969       320.00
      10.007     0.997266         8973       365.71
      10.135     0.997656         8976       426.67
      10.191     0.998047         8980       512.00
      10.239     0.998242         8982       568.89
      10.263     0.998437         8983       640.00
      10.359     0.998633         8985       731.43
      10.463     0.998828         8988       853.33
      10.615     0.999023         8989      1024.00
      10.623     0.999121         8990      1137.78
      10.623     0.999219         8990      1280.00
      10.655     0.999316         8991      1462.86
      10.887     0.999414         8992      1706.67
      11.063     0.999512         8993      2048.00
      11.223     0.999561         8994      2275.56
      11.223     0.999609         8994      2560.00
      11.223     0.999658         8994      2925.71
      11.231     0.999707         8995      3413.33
      11.231     0.999756         8995      4096.00
      12.391     0.999780         8996      4551.11
      12.391     0.999805         8996      5120.00
      12.391     0.999829         8996      5851.43
      12.391     0.999854         8996      6826.67
      12.391     0.999878         8996      8192.00
      12.519     0.999890         8997      9102.22
      12.519     1.000000         8997          inf
#[Mean    =        7.475, StdDeviation   =        0.833]
#[Max     =       12.512, Total count    =         8997]
#[Buckets =           27, SubBuckets     =         2048]
-----------------------------------------------------------------------
  9991 requests in 1.67m, 1.55MB read
Requests/sec:     99.90  
Transfer/sec:     15.86KB

=== rps=2000 c=200 t=20 url=http://10.10.1.1:19293 ===
setup: assigned thread_id=1
init: final thread_id=1, base_seed=nil
setup: assigned thread_id=2
init: final thread_id=2, base_seed=nil
setup: assigned thread_id=3
init: final thread_id=3, base_seed=nil
setup: assigned thread_id=4
init: final thread_id=4, base_seed=nil
setup: assigned thread_id=5
init: final thread_id=5, base_seed=nil
setup: assigned thread_id=6
init: final thread_id=6, base_seed=nil
setup: assigned thread_id=7
init: final thread_id=7, base_seed=nil
setup: assigned thread_id=8
init: final thread_id=8, base_seed=nil
setup: assigned thread_id=9
init: final thread_id=9, base_seed=nil
setup: assigned thread_id=10
init: final thread_id=10, base_seed=nil
setup: assigned thread_id=11
init: final thread_id=11, base_seed=nil
setup: assigned thread_id=12
init: final thread_id=12, base_seed=nil
setup: assigned thread_id=13
init: final thread_id=13, base_seed=nil
setup: assigned thread_id=14
init: final thread_id=14, base_seed=nil
setup: assigned thread_id=15
init: final thread_id=15, base_seed=nil
setup: assigned thread_id=16
init: final thread_id=16, base_seed=nil
setup: assigned thread_id=17
init: final thread_id=17, base_seed=nil
setup: assigned thread_id=18
init: final thread_id=18, base_seed=nil
setup: assigned thread_id=19
init: final thread_id=19, base_seed=nil
setup: assigned thread_id=20
init: final thread_id=20, base_seed=nil
script_want_response
Running 1m test @ http://10.10.1.1:19293
  20 threads and 200 connections

  Thread calibration: mean lat.: 18.404ms, rate sampling interval: 47ms
  Thread calibration: mean lat.: 17.440ms, rate sampling interval: 46ms
  Thread calibration: mean lat.: 16.908ms, rate sampling interval: 46ms
  Thread calibration: mean lat.: 16.210ms, rate sampling interval: 44ms
  Thread calibration: mean lat.: 16.074ms, rate sampling interval: 44ms
  Thread calibration: mean lat.: 15.041ms, rate sampling interval: 42ms
  Thread calibration: mean lat.: 14.699ms, rate sampling interval: 41ms
  Thread calibration: mean lat.: 13.984ms, rate sampling interval: 39ms
  Thread calibration: mean lat.: 12.956ms, rate sampling interval: 35ms
  Thread calibration: mean lat.: 12.573ms, rate sampling interval: 34ms
  Thread calibration: mean lat.: 11.194ms, rate sampling interval: 29ms
  Thread calibration: mean lat.: 11.516ms, rate sampling interval: 30ms
  Thread calibration: mean lat.: 11.730ms, rate sampling interval: 32ms
  Thread calibration: mean lat.: 11.823ms, rate sampling interval: 32ms
  Thread calibration: mean lat.: 12.251ms, rate sampling interval: 34ms
  Thread calibration: mean lat.: 16.179ms, rate sampling interval: 47ms
  Thread calibration: mean lat.: 16.717ms, rate sampling interval: 48ms
  Thread calibration: mean lat.: 17.211ms, rate sampling interval: 48ms
  Thread calibration: mean lat.: 17.586ms, rate sampling interval: 48ms
  Thread calibration: mean lat.: 18.065ms, rate sampling interval: 48ms

-----------------------------------------------------------------------
Test Results @ http://10.10.1.1:19293 
  Thread Stats   Avg      Stdev     99%   +/- Stdev
    Latency    17.33ms    7.59ms  45.73ms   75.98%
    Req/Sec   101.01     90.12   272.00     45.69%
  Latency Distribution (HdrHistogram - Recorded Latency)
 50.000%   15.75ms
 75.000%   21.01ms
 90.000%   26.37ms
 99.000%   45.73ms
 99.900%   61.60ms
 99.990%   67.14ms
 99.999%   67.90ms
100.000%   68.22ms

  Detailed Percentile spectrum:
       Value   Percentile   TotalCount 1/(1-Percentile)

       6.343     0.000000            1         1.00
       9.575     0.100000        10018         1.11
      11.039     0.200000        20004         1.25
      12.551     0.300000        30004         1.43
      14.071     0.400000        39977         1.67
      15.751     0.500000        49965         2.00
      16.703     0.550000        54969         2.22
      17.663     0.600000        59960         2.50
      18.703     0.650000        64961         2.86
      19.791     0.700000        69958         3.33
      21.007     0.750000        74946         4.00
      21.663     0.775000        77457         4.44
      22.383     0.800000        79988         5.00
      23.151     0.825000        82436         5.71
      24.015     0.850000        84957         6.67
      25.055     0.875000        87429         8.00
      25.695     0.887500        88695         8.89
      26.367     0.900000        89943        10.00
      27.199     0.912500        91178        11.43
      28.159     0.925000        92448        13.33
      29.279     0.937500        93679        16.00
      29.951     0.943750        94299        17.78
      30.703     0.950000        94920        20.00
      31.695     0.956250        95553        22.86
      32.831     0.962500        96172        26.67
      34.431     0.968750        96793        32.00
      35.551     0.971875        97108        35.56
      36.799     0.975000        97419        40.00
      38.271     0.978125        97732        45.71
      40.095     0.981250        98047        53.33
      41.727     0.984375        98355        64.00
      42.783     0.985938        98512        71.11
      43.871     0.987500        98668        80.00
      45.055     0.989062        98823        91.43
      46.239     0.990625        98980       106.67
      47.679     0.992188        99135       128.00
      48.479     0.992969        99213       142.22
      49.279     0.993750        99292       160.00
      50.303     0.994531        99369       182.86
      51.231     0.995313        99447       213.33
      52.255     0.996094        99528       256.00
      52.799     0.996484        99566       284.44
      53.279     0.996875        99605       320.00
      54.047     0.997266        99642       365.71
      55.135     0.997656        99682       426.67
      56.447     0.998047        99721       512.00
      57.311     0.998242        99740       568.89
      58.431     0.998437        99760       640.00
      60.127     0.998633        99779       731.43
      61.055     0.998828        99798       853.33
      61.919     0.999023        99820      1024.00
      62.111     0.999121        99828      1137.78
      62.655     0.999219        99837      1280.00
      63.071     0.999316        99847      1462.86
      63.679     0.999414        99858      1706.67
      64.383     0.999512        99867      2048.00
      64.671     0.999561        99874      2275.56
      64.959     0.999609        99876      2560.00
      65.311     0.999658        99881      2925.71
      65.791     0.999707        99886      3413.33
      66.111     0.999756        99891      4096.00
      66.367     0.999780        99894      4551.11
      66.623     0.999805        99898      5120.00
      66.623     0.999829        99898      5851.43
      66.815     0.999854        99901      6826.67
      67.135     0.999878        99905      8192.00
      67.135     0.999890        99905      9102.22
      67.199     0.999902        99907     10240.00
      67.199     0.999915        99907     11702.86
      67.519     0.999927        99908     13653.33
      67.583     0.999939        99909     16384.00
      67.647     0.999945        99911     18204.44
      67.647     0.999951        99911     20480.00
      67.647     0.999957        99911     23405.71
      67.711     0.999963        99912     27306.67
      67.711     0.999969        99912     32768.00
      67.903     0.999973        99914     36408.89
      67.903     0.999976        99914     40960.00
      67.903     0.999979        99914     46811.43
      67.903     0.999982        99914     54613.33
      67.903     0.999985        99914     65536.00
      67.903     0.999986        99914     72817.78
      67.903     0.999988        99914     81920.00
      67.903     0.999989        99914     93622.86
      68.223     0.999991        99915    109226.67
      68.223     1.000000        99915          inf
#[Mean    =       17.331, StdDeviation   =        7.591]
#[Max     =       68.160, Total count    =        99915]
#[Buckets =           27, SubBuckets     =         2048]
-----------------------------------------------------------------------
  119726 requests in 1.00m, 18.57MB read
Requests/sec:   1997.94  
Transfer/sec:    317.27KB

=== rps=2200 c=242 t=25 url=http://10.10.1.1:19293 ===
setup: assigned thread_id=1
init: final thread_id=1, base_seed=nil
setup: assigned thread_id=2
init: final thread_id=2, base_seed=nil
setup: assigned thread_id=3
init: final thread_id=3, base_seed=nil
setup: assigned thread_id=4
init: final thread_id=4, base_seed=nil
setup: assigned thread_id=5
init: final thread_id=5, base_seed=nil
setup: assigned thread_id=6
init: final thread_id=6, base_seed=nil
setup: assigned thread_id=7
init: final thread_id=7, base_seed=nil
setup: assigned thread_id=8
init: final thread_id=8, base_seed=nil
setup: assigned thread_id=9
init: final thread_id=9, base_seed=nil
setup: assigned thread_id=10
init: final thread_id=10, base_seed=nil
setup: assigned thread_id=11
init: final thread_id=11, base_seed=nil
setup: assigned thread_id=12
init: final thread_id=12, base_seed=nil
setup: assigned thread_id=13
init: final thread_id=13, base_seed=nil
setup: assigned thread_id=14
init: final thread_id=14, base_seed=nil
setup: assigned thread_id=15
init: final thread_id=15, base_seed=nil
setup: assigned thread_id=16
init: final thread_id=16, base_seed=nil
setup: assigned thread_id=17
init: final thread_id=17, base_seed=nil
setup: assigned thread_id=18
init: final thread_id=18, base_seed=nil
setup: assigned thread_id=19
init: final thread_id=19, base_seed=nil
setup: assigned thread_id=20
init: final thread_id=20, base_seed=nil
setup: assigned thread_id=21
init: final thread_id=21, base_seed=nil
setup: assigned thread_id=22
init: final thread_id=22, base_seed=nil
setup: assigned thread_id=23
init: final thread_id=23, base_seed=nil
setup: assigned thread_id=24
init: final thread_id=24, base_seed=nil
setup: assigned thread_id=25
init: final thread_id=25, base_seed=nil
script_want_response
Running 1m test @ http://10.10.1.1:19293
  25 threads and 242 connections

  Thread calibration: mean lat.: 17.430ms, rate sampling interval: 66ms
  Thread calibration: mean lat.: 20.260ms, rate sampling interval: 70ms
  Thread calibration: mean lat.: 22.488ms, rate sampling interval: 72ms
  Thread calibration: mean lat.: 8.432ms, rate sampling interval: 19ms
  Thread calibration: mean lat.: 20.303ms, rate sampling interval: 69ms
  Thread calibration: mean lat.: 20.523ms, rate sampling interval: 68ms
  Thread calibration: mean lat.: 22.566ms, rate sampling interval: 71ms
  Thread calibration: mean lat.: 19.550ms, rate sampling interval: 67ms
  Thread calibration: mean lat.: 20.348ms, rate sampling interval: 68ms
  Thread calibration: mean lat.: 17.604ms, rate sampling interval: 63ms
  Thread calibration: mean lat.: 15.598ms, rate sampling interval: 55ms
  Thread calibration: mean lat.: 16.463ms, rate sampling interval: 56ms
  Thread calibration: mean lat.: 11.359ms, rate sampling interval: 31ms
  Thread calibration: mean lat.: 18.356ms, rate sampling interval: 66ms
  Thread calibration: mean lat.: 19.259ms, rate sampling interval: 67ms
  Thread calibration: mean lat.: 21.354ms, rate sampling interval: 69ms
  Thread calibration: mean lat.: 20.913ms, rate sampling interval: 68ms
  Thread calibration: mean lat.: 24.360ms, rate sampling interval: 72ms
  Thread calibration: mean lat.: 29.702ms, rate sampling interval: 78ms
  Thread calibration: mean lat.: 29.861ms, rate sampling interval: 77ms
  Thread calibration: mean lat.: 30.082ms, rate sampling interval: 76ms
  Thread calibration: mean lat.: 29.683ms, rate sampling interval: 75ms
  Thread calibration: mean lat.: 29.030ms, rate sampling interval: 77ms
  Thread calibration: mean lat.: 28.308ms, rate sampling interval: 73ms
  Thread calibration: mean lat.: 27.728ms, rate sampling interval: 70ms

-----------------------------------------------------------------------
Test Results @ http://10.10.1.1:19293 
  Thread Stats   Avg      Stdev     99%   +/- Stdev
    Latency    23.05ms   12.05ms  56.86ms   64.28%
    Req/Sec    88.58     83.19   473.00     75.36%
  Latency Distribution (HdrHistogram - Recorded Latency)
 50.000%   21.89ms
 75.000%   31.55ms
 90.000%   38.85ms
 99.000%   56.86ms
 99.900%   67.14ms
 99.990%   78.08ms
 99.999%   80.32ms
100.000%   80.64ms

  Detailed Percentile spectrum:
       Value   Percentile   TotalCount 1/(1-Percentile)

       5.827     0.000000            2         1.00
       8.743     0.100000        11010         1.11
      11.231     0.200000        21985         1.25
      13.695     0.300000        32970         1.43
      16.991     0.400000        43962         1.67
      21.887     0.500000        54947         2.00
      24.079     0.550000        60460         2.22
      26.127     0.600000        65953         2.50
      28.031     0.650000        71462         2.86
      29.775     0.700000        76927         3.33
      31.551     0.750000        82423         4.00
      32.479     0.775000        85165         4.44
      33.567     0.800000        87944         5.00
      34.687     0.825000        90659         5.71
      35.935     0.850000        93450         6.67
      37.279     0.875000        96177         8.00
      38.015     0.887500        97516         8.89
      38.847     0.900000        98928        10.00
      39.743     0.912500       100280        11.43
      40.799     0.925000       101667        13.33
      42.079     0.937500       103037        16.00
      42.783     0.943750       103720        17.78
      43.583     0.950000       104388        20.00
      44.575     0.956250       105075        22.86
      45.855     0.962500       105760        26.67
      47.711     0.968750       106450        32.00
      48.607     0.971875       106790        35.56
      49.663     0.975000       107130        40.00
      50.943     0.978125       107481        45.71
      52.191     0.981250       107820        53.33
      53.535     0.984375       108160        64.00
      54.399     0.985938       108332        71.11
      55.263     0.987500       108507        80.00
      56.159     0.989062       108675        91.43
      57.311     0.990625       108846       106.67
      58.431     0.992188       109019       128.00
      59.103     0.992969       109107       142.22
      59.839     0.993750       109188       160.00
      60.479     0.994531       109274       182.86
      61.343     0.995313       109359       213.33
      62.591     0.996094       109446       256.00
      63.199     0.996484       109488       284.44
      63.807     0.996875       109531       320.00
      64.255     0.997266       109575       365.71
      64.799     0.997656       109618       426.67
      65.375     0.998047       109660       512.00
      65.727     0.998242       109682       568.89
      66.111     0.998437       109707       640.00
      66.367     0.998633       109724       731.43
      66.879     0.998828       109746       853.33
      67.263     0.999023       109772      1024.00
      67.327     0.999121       109778      1137.78
      67.583     0.999219       109789      1280.00
      67.839     0.999316       109802      1462.86
      68.095     0.999414       109813      1706.67
      68.223     0.999512       109821      2048.00
      68.351     0.999561       109826      2275.56
      68.543     0.999609       109833      2560.00
      68.735     0.999658       109837      2925.71
      68.863     0.999707       109842      3413.33
      69.631     0.999756       109848      4096.00
      72.319     0.999780       109850      4551.11
      73.215     0.999805       109853      5120.00
      76.031     0.999829       109856      5851.43
      76.479     0.999854       109858      6826.67
      77.759     0.999878       109861      8192.00
      78.015     0.999890       109862      9102.22
      78.591     0.999902       109865     10240.00
      78.591     0.999915       109865     11702.86
      78.975     0.999927       109866     13653.33
      79.743     0.999939       109868     16384.00
      79.743     0.999945       109868     18204.44
      79.807     0.999951       109869     20480.00
      79.999     0.999957       109871     23405.71
      79.999     0.999963       109871     27306.67
      79.999     0.999969       109871     32768.00
      79.999     0.999973       109871     36408.89
      80.191     0.999976       109872     40960.00
      80.191     0.999979       109872     46811.43
      80.191     0.999982       109872     54613.33
      80.319     0.999985       109873     65536.00
      80.319     0.999986       109873     72817.78
      80.319     0.999988       109873     81920.00
      80.319     0.999989       109873     93622.86
      80.319     0.999991       109873    109226.67
      80.639     0.999992       109874    131072.00
      80.639     1.000000       109874          inf
#[Mean    =       23.048, StdDeviation   =       12.049]
#[Max     =       80.576, Total count    =       109874]
#[Buckets =           27, SubBuckets     =         2048]
-----------------------------------------------------------------------
  131544 requests in 1.00m, 20.40MB read
Requests/sec:   2193.84  
Transfer/sec:    348.37KB

=== rps=2400 c=288 t=29 url=http://10.10.1.1:19293 ===
setup: assigned thread_id=1
init: final thread_id=1, base_seed=nil
setup: assigned thread_id=2
init: final thread_id=2, base_seed=nil
setup: assigned thread_id=3
init: final thread_id=3, base_seed=nil
setup: assigned thread_id=4
init: final thread_id=4, base_seed=nil
setup: assigned thread_id=5
init: final thread_id=5, base_seed=nil
setup: assigned thread_id=6
init: final thread_id=6, base_seed=nil
setup: assigned thread_id=7
init: final thread_id=7, base_seed=nil
setup: assigned thread_id=8
init: final thread_id=8, base_seed=nil
setup: assigned thread_id=9
init: final thread_id=9, base_seed=nil
setup: assigned thread_id=10
init: final thread_id=10, base_seed=nil
setup: assigned thread_id=11
init: final thread_id=11, base_seed=nil
setup: assigned thread_id=12
init: final thread_id=12, base_seed=nil
setup: assigned thread_id=13
init: final thread_id=13, base_seed=nil
setup: assigned thread_id=14
init: final thread_id=14, base_seed=nil
setup: assigned thread_id=15
init: final thread_id=15, base_seed=nil
setup: assigned thread_id=16
init: final thread_id=16, base_seed=nil
setup: assigned thread_id=17
init: final thread_id=17, base_seed=nil
setup: assigned thread_id=18
init: final thread_id=18, base_seed=nil
setup: assigned thread_id=19
init: final thread_id=19, base_seed=nil
setup: assigned thread_id=20
init: final thread_id=20, base_seed=nil
setup: assigned thread_id=21
init: final thread_id=21, base_seed=nil
setup: assigned thread_id=22
init: final thread_id=22, base_seed=nil
setup: assigned thread_id=23
init: final thread_id=23, base_seed=nil
setup: assigned thread_id=24
init: final thread_id=24, base_seed=nil
setup: assigned thread_id=25
init: final thread_id=25, base_seed=nil
setup: assigned thread_id=26
init: final thread_id=26, base_seed=nil
setup: assigned thread_id=27
init: final thread_id=27, base_seed=nil
setup: assigned thread_id=28
init: final thread_id=28, base_seed=nil
setup: assigned thread_id=29
init: final thread_id=29, base_seed=nil
script_want_response
Running 1m test @ http://10.10.1.1:19293
  29 threads and 288 connections

  Thread calibration: mean lat.: 34.756ms, rate sampling interval: 101ms
  Thread calibration: mean lat.: 35.567ms, rate sampling interval: 100ms
  Thread calibration: mean lat.: 36.710ms, rate sampling interval: 100ms
  Thread calibration: mean lat.: 34.819ms, rate sampling interval: 99ms
  Thread calibration: mean lat.: 33.435ms, rate sampling interval: 98ms
  Thread calibration: mean lat.: 28.432ms, rate sampling interval: 93ms
  Thread calibration: mean lat.: 29.254ms, rate sampling interval: 93ms
  Thread calibration: mean lat.: 24.044ms, rate sampling interval: 84ms
  Thread calibration: mean lat.: 21.445ms, rate sampling interval: 78ms
  Thread calibration: mean lat.: 19.570ms, rate sampling interval: 68ms
  Thread calibration: mean lat.: 16.208ms, rate sampling interval: 49ms
  Thread calibration: mean lat.: 16.108ms, rate sampling interval: 48ms
  Thread calibration: mean lat.: 16.148ms, rate sampling interval: 48ms
  Thread calibration: mean lat.: 15.886ms, rate sampling interval: 48ms
  Thread calibration: mean lat.: 16.102ms, rate sampling interval: 48ms
  Thread calibration: mean lat.: 16.323ms, rate sampling interval: 47ms
  Thread calibration: mean lat.: 25.609ms, rate sampling interval: 89ms
  Thread calibration: mean lat.: 28.662ms, rate sampling interval: 96ms
  Thread calibration: mean lat.: 38.073ms, rate sampling interval: 96ms
  Thread calibration: mean lat.: 30.780ms, rate sampling interval: 99ms
  Thread calibration: mean lat.: 31.945ms, rate sampling interval: 98ms
  Thread calibration: mean lat.: 34.133ms, rate sampling interval: 100ms
  Thread calibration: mean lat.: 34.781ms, rate sampling interval: 101ms
  Thread calibration: mean lat.: 34.150ms, rate sampling interval: 87ms
  Thread calibration: mean lat.: 37.284ms, rate sampling interval: 100ms
  Thread calibration: mean lat.: 32.259ms, rate sampling interval: 96ms
  Thread calibration: mean lat.: 29.838ms, rate sampling interval: 94ms
  Thread calibration: mean lat.: 27.174ms, rate sampling interval: 93ms
  Thread calibration: mean lat.: 23.544ms, rate sampling interval: 88ms

-----------------------------------------------------------------------
Test Results @ http://10.10.1.1:19293 
  Thread Stats   Avg      Stdev     99%   +/- Stdev
    Latency    28.52ms   13.84ms  61.38ms   61.87%
    Req/Sec    82.10     37.67   173.00     68.48%
  Latency Distribution (HdrHistogram - Recorded Latency)
 50.000%   27.23ms
 75.000%   39.17ms
 90.000%   47.29ms
 99.000%   61.38ms
 99.900%   71.23ms
 99.990%  101.50ms
 99.999%  108.42ms
100.000%  110.91ms

  Detailed Percentile spectrum:
       Value   Percentile   TotalCount 1/(1-Percentile)

       6.747     0.000000            1         1.00
      11.271     0.100000        11908         1.11
      14.583     0.200000        23777         1.25
      18.079     0.300000        35675         1.43
      22.255     0.400000        47560         1.67
      27.231     0.500000        59421         2.00
      29.855     0.550000        65363         2.22
      32.495     0.600000        71333         2.50
      34.943     0.650000        77286         2.86
      37.119     0.700000        83221         3.33
      39.167     0.750000        89115         4.00
      40.223     0.775000        92140         4.44
      41.343     0.800000        95118         5.00
      42.527     0.825000        98034         5.71
      43.999     0.850000       101035         6.67
      45.535     0.875000       103998         8.00
      46.367     0.887500       105455         8.89
      47.295     0.900000       106979        10.00
      48.319     0.912500       108466        11.43
      49.407     0.925000       109949        13.33
      50.623     0.937500       111408        16.00
      51.359     0.943750       112138        17.78
      52.159     0.950000       112892        20.00
      52.991     0.956250       113621        22.86
      53.887     0.962500       114372        26.67
      54.911     0.968750       115103        32.00
      55.519     0.971875       115480        35.56
      56.255     0.975000       115860        40.00
      57.023     0.978125       116222        45.71
      57.951     0.981250       116592        53.33
      59.007     0.984375       116967        64.00
      59.583     0.985938       117151        71.11
      60.223     0.987500       117334        80.00
      60.831     0.989062       117516        91.43
      61.759     0.990625       117703       106.67
      62.687     0.992188       117887       128.00
      63.199     0.992969       117980       142.22
      63.679     0.993750       118073       160.00
      64.255     0.994531       118170       182.86
      64.927     0.995313       118263       213.33
      65.503     0.996094       118353       256.00
      65.919     0.996484       118402       284.44
      66.367     0.996875       118444       320.00
      66.943     0.997266       118493       365.71
      67.583     0.997656       118537       426.67
      68.415     0.998047       118587       512.00
      68.863     0.998242       118607       568.89
      69.375     0.998437       118631       640.00
      69.823     0.998633       118657       731.43
      70.655     0.998828       118676       853.33
      71.359     0.999023       118701      1024.00
      71.807     0.999121       118714      1137.78
      71.999     0.999219       118723      1280.00
      72.511     0.999316       118734      1462.86
      73.407     0.999414       118746      1706.67
      75.391     0.999512       118757      2048.00
      76.095     0.999561       118763      2275.56
      78.591     0.999609       118769      2560.00
      86.143     0.999658       118775      2925.71
      89.791     0.999707       118781      3413.33
      92.095     0.999756       118787      4096.00
      92.671     0.999780       118789      4551.11
      94.079     0.999805       118792      5120.00
      96.831     0.999829       118795      5851.43
      98.751     0.999854       118798      6826.67
     100.927     0.999878       118801      8192.00
     101.503     0.999890       118803      9102.22
     101.567     0.999902       118804     10240.00
     102.335     0.999915       118805     11702.86
     103.231     0.999927       118807     13653.33
     103.871     0.999939       118808     16384.00
     104.063     0.999945       118809     18204.44
     104.191     0.999951       118810     20480.00
     104.191     0.999957       118810     23405.71
     104.703     0.999963       118811     27306.67
     107.007     0.999969       118812     32768.00
     107.007     0.999973       118812     36408.89
     107.263     0.999976       118813     40960.00
     107.263     0.999979       118813     46811.43
     107.263     0.999982       118813     54613.33
     108.415     0.999985       118814     65536.00
     108.415     0.999986       118814     72817.78
     108.415     0.999988       118814     81920.00
     108.415     0.999989       118814     93622.86
     108.415     0.999991       118814    109226.67
     110.911     0.999992       118815    131072.00
     110.911     1.000000       118815          inf
#[Mean    =       28.516, StdDeviation   =       13.840]
#[Max     =      110.848, Total count    =       118815]
#[Buckets =           27, SubBuckets     =         2048]
-----------------------------------------------------------------------
  142191 requests in 1.00m, 22.05MB read
Requests/sec:   2371.96  
Transfer/sec:    376.57KB

=== rps=2600 c=338 t=34 url=http://10.10.1.1:19293 ===
setup: assigned thread_id=1
init: final thread_id=1, base_seed=nil
setup: assigned thread_id=2
init: final thread_id=2, base_seed=nil
setup: assigned thread_id=3
init: final thread_id=3, base_seed=nil
setup: assigned thread_id=4
init: final thread_id=4, base_seed=nil
setup: assigned thread_id=5
init: final thread_id=5, base_seed=nil
setup: assigned thread_id=6
init: final thread_id=6, base_seed=nil
setup: assigned thread_id=7
init: final thread_id=7, base_seed=nil
setup: assigned thread_id=8
init: final thread_id=8, base_seed=nil
setup: assigned thread_id=9
init: final thread_id=9, base_seed=nil
setup: assigned thread_id=10
init: final thread_id=10, base_seed=nil
setup: assigned thread_id=11
init: final thread_id=11, base_seed=nil
setup: assigned thread_id=12
init: final thread_id=12, base_seed=nil
setup: assigned thread_id=13
init: final thread_id=13, base_seed=nil
setup: assigned thread_id=14
init: final thread_id=14, base_seed=nil
setup: assigned thread_id=15
init: final thread_id=15, base_seed=nil
setup: assigned thread_id=16
init: final thread_id=16, base_seed=nil
setup: assigned thread_id=17
init: final thread_id=17, base_seed=nil
setup: assigned thread_id=18
init: final thread_id=18, base_seed=nil
setup: assigned thread_id=19
init: final thread_id=19, base_seed=nil
setup: assigned thread_id=20
init: final thread_id=20, base_seed=nil
setup: assigned thread_id=21
init: final thread_id=21, base_seed=nil
setup: assigned thread_id=22
init: final thread_id=22, base_seed=nil
setup: assigned thread_id=23
init: final thread_id=23, base_seed=nil
setup: assigned thread_id=24
init: final thread_id=24, base_seed=nil
setup: assigned thread_id=25
init: final thread_id=25, base_seed=nil
setup: assigned thread_id=26
init: final thread_id=26, base_seed=nil
setup: assigned thread_id=27
init: final thread_id=27, base_seed=nil
setup: assigned thread_id=28
init: final thread_id=28, base_seed=nil
setup: assigned thread_id=29
init: final thread_id=29, base_seed=nil
setup: assigned thread_id=30
init: final thread_id=30, base_seed=nil
setup: assigned thread_id=31
init: final thread_id=31, base_seed=nil
setup: assigned thread_id=32
init: final thread_id=32, base_seed=nil
setup: assigned thread_id=33
init: final thread_id=33, base_seed=nil
setup: assigned thread_id=34
init: final thread_id=34, base_seed=nil
script_want_response
Running 1m test @ http://10.10.1.1:19293
  34 threads and 338 connections

  Thread calibration: mean lat.: 36.688ms, rate sampling interval: 108ms
  Thread calibration: mean lat.: 38.968ms, rate sampling interval: 109ms
  Thread calibration: mean lat.: 40.401ms, rate sampling interval: 110ms
  Thread calibration: mean lat.: 37.466ms, rate sampling interval: 107ms
  Thread calibration: mean lat.: 38.424ms, rate sampling interval: 107ms
  Thread calibration: mean lat.: 34.963ms, rate sampling interval: 103ms
  Thread calibration: mean lat.: 32.815ms, rate sampling interval: 97ms
  Thread calibration: mean lat.: 33.131ms, rate sampling interval: 99ms
  Thread calibration: mean lat.: 29.180ms, rate sampling interval: 87ms
  Thread calibration: mean lat.: 29.004ms, rate sampling interval: 86ms
  Thread calibration: mean lat.: 26.703ms, rate sampling interval: 78ms
  Thread calibration: mean lat.: 21.014ms, rate sampling interval: 64ms
  Thread calibration: mean lat.: 22.285ms, rate sampling interval: 70ms
  Thread calibration: mean lat.: 20.215ms, rate sampling interval: 62ms
  Thread calibration: mean lat.: 20.739ms, rate sampling interval: 64ms
  Thread calibration: mean lat.: 21.829ms, rate sampling interval: 66ms
  Thread calibration: mean lat.: 33.565ms, rate sampling interval: 105ms
  Thread calibration: mean lat.: 36.599ms, rate sampling interval: 109ms
  Thread calibration: mean lat.: 38.710ms, rate sampling interval: 109ms
  Thread calibration: mean lat.: 39.638ms, rate sampling interval: 108ms
  Thread calibration: mean lat.: 41.749ms, rate sampling interval: 110ms
  Thread calibration: mean lat.: 42.054ms, rate sampling interval: 109ms
  Thread calibration: mean lat.: 40.199ms, rate sampling interval: 107ms
  Thread calibration: mean lat.: 40.562ms, rate sampling interval: 107ms
  Thread calibration: mean lat.: 38.040ms, rate sampling interval: 104ms
  Thread calibration: mean lat.: 34.119ms, rate sampling interval: 101ms
  Thread calibration: mean lat.: 29.350ms, rate sampling interval: 94ms
  Thread calibration: mean lat.: 27.439ms, rate sampling interval: 90ms
  Thread calibration: mean lat.: 25.121ms, rate sampling interval: 85ms
  Thread calibration: mean lat.: 24.340ms, rate sampling interval: 76ms
  Thread calibration: mean lat.: 24.587ms, rate sampling interval: 75ms
  Thread calibration: mean lat.: 24.901ms, rate sampling interval: 76ms
  Thread calibration: mean lat.: 25.234ms, rate sampling interval: 76ms
  Thread calibration: mean lat.: 25.201ms, rate sampling interval: 75ms

-----------------------------------------------------------------------
Test Results @ http://10.10.1.1:19293 
  Thread Stats   Avg      Stdev     99%   +/- Stdev
    Latency    32.05ms   14.11ms  68.54ms   64.16%
    Req/Sec    76.03     34.99   140.00     67.25%
  Latency Distribution (HdrHistogram - Recorded Latency)
 50.000%   30.70ms
 75.000%   41.79ms
 90.000%   51.23ms
 99.000%   68.54ms
 99.900%   84.29ms
 99.990%  101.38ms
 99.999%  124.16ms
100.000%  124.80ms

  Detailed Percentile spectrum:
       Value   Percentile   TotalCount 1/(1-Percentile)

       7.299     0.000000            1         1.00
      14.231     0.100000        12905         1.11
      18.671     0.200000        25801         1.25
      22.799     0.300000        38745         1.43
      26.735     0.400000        51607         1.67
      30.703     0.500000        64503         2.00
      32.799     0.550000        71035         2.22
      34.911     0.600000        77445         2.50
      37.151     0.650000        83893         2.86
      39.327     0.700000        90371         3.33
      41.791     0.750000        96777         4.00
      43.167     0.775000        99975         4.44
      44.671     0.800000       103237         5.00
      46.239     0.825000       106449         5.71
      47.775     0.850000       109647         6.67
      49.407     0.875000       112894         8.00
      50.303     0.887500       114498         8.89
      51.231     0.900000       116114        10.00
      52.223     0.912500       117705        11.43
      53.375     0.925000       119358        13.33
      54.591     0.937500       120959        16.00
      55.295     0.943750       121744        17.78
      56.095     0.950000       122544        20.00
      56.991     0.956250       123357        22.86
      58.111     0.962500       124155        26.67
      59.551     0.968750       124957        32.00
      60.511     0.971875       125362        35.56
      61.535     0.975000       125762        40.00
      62.655     0.978125       126173        45.71
      63.807     0.981250       126571        53.33
      65.055     0.984375       126972        64.00
      65.919     0.985938       127183        71.11
      66.751     0.987500       127376        80.00
      67.775     0.989062       127583        91.43
      68.927     0.990625       127776       106.67
      70.143     0.992188       127983       128.00
      70.911     0.992969       128083       142.22
      71.615     0.993750       128179       160.00
      72.639     0.994531       128280       182.86
      73.791     0.995313       128382       213.33
      75.135     0.996094       128482       256.00
      75.839     0.996484       128533       284.44
      76.607     0.996875       128582       320.00
      77.439     0.997266       128635       365.71
      78.271     0.997656       128682       426.67
      79.807     0.998047       128733       512.00
      80.575     0.998242       128760       568.89
      81.663     0.998437       128787       640.00
      82.431     0.998633       128810       731.43
      83.135     0.998828       128834       853.33
      84.415     0.999023       128860      1024.00
      85.375     0.999121       128871      1137.78
      86.655     0.999219       128884      1280.00
      87.615     0.999316       128896      1462.86
      88.831     0.999414       128909      1706.67
      91.007     0.999512       128923      2048.00
      91.711     0.999561       128929      2275.56
      92.671     0.999609       128934      2560.00
      93.375     0.999658       128940      2925.71
      94.463     0.999707       128947      3413.33
      94.975     0.999756       128954      4096.00
      95.999     0.999780       128956      4551.11
      97.663     0.999805       128959      5120.00
      99.007     0.999829       128962      5851.43
      99.903     0.999854       128966      6826.67
     100.735     0.999878       128969      8192.00
     101.055     0.999890       128970      9102.22
     102.143     0.999902       128972     10240.00
     103.295     0.999915       128973     11702.86
     106.367     0.999927       128975     13653.33
     108.991     0.999939       128977     16384.00
     108.991     0.999945       128977     18204.44
     114.815     0.999951       128978     20480.00
     118.783     0.999957       128979     23405.71
     119.231     0.999963       128980     27306.67
     119.679     0.999969       128981     32768.00
     119.679     0.999973       128981     36408.89
     119.679     0.999976       128981     40960.00
     119.871     0.999979       128982     46811.43
     119.871     0.999982       128982     54613.33
     124.159     0.999985       128983     65536.00
     124.159     0.999986       128983     72817.78
     124.159     0.999988       128983     81920.00
     124.159     0.999989       128983     93622.86
     124.159     0.999991       128983    109226.67
     124.799     0.999992       128984    131072.00
     124.799     1.000000       128984          inf
#[Mean    =       32.046, StdDeviation   =       14.112]
#[Max     =      124.736, Total count    =       128984]
#[Buckets =           27, SubBuckets     =         2048]
-----------------------------------------------------------------------
  154597 requests in 1.00m, 23.97MB read
Requests/sec:   2580.20  
Transfer/sec:    409.63KB

=== rps=2800 c=392 t=40 url=http://10.10.1.1:19293 ===
setup: assigned thread_id=1
init: final thread_id=1, base_seed=nil
setup: assigned thread_id=2
init: final thread_id=2, base_seed=nil
setup: assigned thread_id=3
init: final thread_id=3, base_seed=nil
setup: assigned thread_id=4
init: final thread_id=4, base_seed=nil
setup: assigned thread_id=5
init: final thread_id=5, base_seed=nil
setup: assigned thread_id=6
init: final thread_id=6, base_seed=nil
setup: assigned thread_id=7
init: final thread_id=7, base_seed=nil
setup: assigned thread_id=8
init: final thread_id=8, base_seed=nil
setup: assigned thread_id=9
init: final thread_id=9, base_seed=nil
setup: assigned thread_id=10
init: final thread_id=10, base_seed=nil
setup: assigned thread_id=11
init: final thread_id=11, base_seed=nil
setup: assigned thread_id=12
init: final thread_id=12, base_seed=nil
setup: assigned thread_id=13
init: final thread_id=13, base_seed=nil
setup: assigned thread_id=14
init: final thread_id=14, base_seed=nil
setup: assigned thread_id=15
init: final thread_id=15, base_seed=nil
setup: assigned thread_id=16
init: final thread_id=16, base_seed=nil
setup: assigned thread_id=17
init: final thread_id=17, base_seed=nil
setup: assigned thread_id=18
init: final thread_id=18, base_seed=nil
setup: assigned thread_id=19
init: final thread_id=19, base_seed=nil
setup: assigned thread_id=20
init: final thread_id=20, base_seed=nil
setup: assigned thread_id=21
init: final thread_id=21, base_seed=nil
setup: assigned thread_id=22
init: final thread_id=22, base_seed=nil
setup: assigned thread_id=23
init: final thread_id=23, base_seed=nil
setup: assigned thread_id=24
init: final thread_id=24, base_seed=nil
setup: assigned thread_id=25
init: final thread_id=25, base_seed=nil
setup: assigned thread_id=26
init: final thread_id=26, base_seed=nil
setup: assigned thread_id=27
init: final thread_id=27, base_seed=nil
setup: assigned thread_id=28
init: final thread_id=28, base_seed=nil
setup: assigned thread_id=29
init: final thread_id=29, base_seed=nil
setup: assigned thread_id=30
init: final thread_id=30, base_seed=nil
setup: assigned thread_id=31
init: final thread_id=31, base_seed=nil
setup: assigned thread_id=32
init: final thread_id=32, base_seed=nil
setup: assigned thread_id=33
init: final thread_id=33, base_seed=nil
setup: assigned thread_id=34
init: final thread_id=34, base_seed=nil
setup: assigned thread_id=35
init: final thread_id=35, base_seed=nil
setup: assigned thread_id=36
init: final thread_id=36, base_seed=nil
setup: assigned thread_id=37
init: final thread_id=37, base_seed=nil
setup: assigned thread_id=38
init: final thread_id=38, base_seed=nil
setup: assigned thread_id=39
init: final thread_id=39, base_seed=nil
setup: assigned thread_id=40
init: final thread_id=40, base_seed=nil
script_want_response
Running 1m test @ http://10.10.1.1:19293
  40 threads and 392 connections

  Thread calibration: mean lat.: 39.304ms, rate sampling interval: 111ms
  Thread calibration: mean lat.: 38.631ms, rate sampling interval: 109ms
  Thread calibration: mean lat.: 38.000ms, rate sampling interval: 109ms
  Thread calibration: mean lat.: 36.051ms, rate sampling interval: 106ms
  Thread calibration: mean lat.: 35.568ms, rate sampling interval: 104ms
  Thread calibration: mean lat.: 34.688ms, rate sampling interval: 104ms
  Thread calibration: mean lat.: 32.535ms, rate sampling interval: 98ms
  Thread calibration: mean lat.: 32.451ms, rate sampling interval: 101ms
  Thread calibration: mean lat.: 31.453ms, rate sampling interval: 97ms
  Thread calibration: mean lat.: 29.480ms, rate sampling interval: 92ms
  Thread calibration: mean lat.: 26.875ms, rate sampling interval: 89ms
  Thread calibration: mean lat.: 26.518ms, rate sampling interval: 89ms
  Thread calibration: mean lat.: 25.574ms, rate sampling interval: 86ms
  Thread calibration: mean lat.: 25.739ms, rate sampling interval: 90ms
  Thread calibration: mean lat.: 25.977ms, rate sampling interval: 91ms
  Thread calibration: mean lat.: 25.851ms, rate sampling interval: 94ms
  Thread calibration: mean lat.: 25.810ms, rate sampling interval: 95ms
  Thread calibration: mean lat.: 32.354ms, rate sampling interval: 98ms
  Thread calibration: mean lat.: 25.379ms, rate sampling interval: 83ms
  Thread calibration: mean lat.: 33.217ms, rate sampling interval: 97ms
  Thread calibration: mean lat.: 34.355ms, rate sampling interval: 98ms
  Thread calibration: mean lat.: 34.063ms, rate sampling interval: 95ms
  Thread calibration: mean lat.: 33.775ms, rate sampling interval: 95ms
  Thread calibration: mean lat.: 32.562ms, rate sampling interval: 93ms
  Thread calibration: mean lat.: 31.383ms, rate sampling interval: 93ms
  Thread calibration: mean lat.: 30.232ms, rate sampling interval: 95ms
  Thread calibration: mean lat.: 28.952ms, rate sampling interval: 94ms
  Thread calibration: mean lat.: 27.745ms, rate sampling interval: 93ms
  Thread calibration: mean lat.: 19.221ms, rate sampling interval: 74ms
  Thread calibration: mean lat.: 25.580ms, rate sampling interval: 103ms
  Thread calibration: mean lat.: 29.604ms, rate sampling interval: 100ms
  Thread calibration: mean lat.: 31.158ms, rate sampling interval: 102ms
  Thread calibration: mean lat.: 32.205ms, rate sampling interval: 103ms
  Thread calibration: mean lat.: 33.560ms, rate sampling interval: 104ms
  Thread calibration: mean lat.: 34.387ms, rate sampling interval: 104ms
  Thread calibration: mean lat.: 35.331ms, rate sampling interval: 105ms
  Thread calibration: mean lat.: 37.164ms, rate sampling interval: 110ms
  Thread calibration: mean lat.: 37.513ms, rate sampling interval: 109ms
  Thread calibration: mean lat.: 38.724ms, rate sampling interval: 110ms
  Thread calibration: mean lat.: 38.354ms, rate sampling interval: 108ms

-----------------------------------------------------------------------
Test Results @ http://10.10.1.1:19293 
  Thread Stats   Avg      Stdev     99%   +/- Stdev
    Latency    31.81ms   19.18ms  96.57ms   77.55%
    Req/Sec    69.82     33.90   121.00     75.41%
  Latency Distribution (HdrHistogram - Recorded Latency)
 50.000%   27.61ms
 75.000%   39.55ms
 90.000%   56.48ms
 99.000%   96.57ms
 99.900%  135.81ms
 99.990%  271.36ms
 99.999%  300.54ms
100.000%  301.05ms

  Detailed Percentile spectrum:
       Value   Percentile   TotalCount 1/(1-Percentile)

       7.199     0.000000            1         1.00
      12.879     0.100000        13993         1.11
      16.639     0.200000        27999         1.25
      20.159     0.300000        41948         1.43
      23.807     0.400000        55930         1.67
      27.615     0.500000        69862         2.00
      29.551     0.550000        76874         2.22
      31.615     0.600000        83834         2.50
      33.887     0.650000        90817         2.86
      36.479     0.700000        97806         3.33
      39.551     0.750000       104823         4.00
      41.215     0.775000       108298         4.44
      43.103     0.800000       111779         5.00
      45.311     0.825000       115258         5.71
      48.191     0.850000       118760         6.67
      51.871     0.875000       122242         8.00
      53.983     0.887500       123977         8.89
      56.479     0.900000       125719        10.00
      59.007     0.912500       127487        11.43
      61.823     0.925000       129229        13.33
      65.183     0.937500       130963        16.00
      67.135     0.943750       131839        17.78
      69.183     0.950000       132728        20.00
      71.551     0.956250       133576        22.86
      74.815     0.962500       134451        26.67
      77.695     0.968750       135324        32.00
      79.615     0.971875       135765        35.56
      81.855     0.975000       136194        40.00
      84.351     0.978125       136636        45.71
      86.975     0.981250       137071        53.33
      89.727     0.984375       137516        64.00
      91.263     0.985938       137732        71.11
      93.119     0.987500       137940        80.00
      95.359     0.989062       138163        91.43
      97.535     0.990625       138377       106.67
      99.775     0.992188       138600       128.00
     101.119     0.992969       138705       142.22
     102.335     0.993750       138815       160.00
     104.511     0.994531       138923       182.86
     107.519     0.995313       139032       213.33
     110.335     0.996094       139141       256.00
     111.871     0.996484       139197       284.44
     113.151     0.996875       139254       320.00
     113.983     0.997266       139305       365.71
     115.647     0.997656       139362       426.67
     118.143     0.998047       139414       512.00
     120.319     0.998242       139441       568.89
     122.431     0.998437       139468       640.00
     124.735     0.998633       139496       731.43
     132.991     0.998828       139523       853.33
     136.063     0.999023       139551      1024.00
     141.951     0.999121       139564      1137.78
     160.255     0.999219       139577      1280.00
     173.567     0.999316       139591      1462.86
     184.575     0.999414       139605      1706.67
     197.631     0.999512       139619      2048.00
     203.263     0.999561       139625      2275.56
     217.855     0.999609       139632      2560.00
     220.287     0.999658       139639      2925.71
     222.847     0.999707       139647      3413.33
     251.391     0.999756       139652      4096.00
     252.799     0.999780       139656      4551.11
     253.439     0.999805       139660      5120.00
     253.823     0.999829       139663      5851.43
     255.231     0.999854       139666      6826.67
     269.823     0.999878       139669      8192.00
     271.103     0.999890       139671      9102.22
     271.871     0.999902       139673     10240.00
     289.535     0.999915       139675     11702.86
     289.791     0.999927       139678     13653.33
     289.791     0.999939       139678     16384.00
     290.047     0.999945       139679     18204.44
     298.751     0.999951       139680     20480.00
     299.007     0.999957       139681     23405.71
     299.007     0.999963       139681     27306.67
     299.263     0.999969       139683     32768.00
     299.263     0.999973       139683     36408.89
     299.263     0.999976       139683     40960.00
     300.031     0.999979       139684     46811.43
     300.031     0.999982       139684     54613.33
     300.031     0.999985       139684     65536.00
     300.543     0.999986       139685     72817.78
     300.543     0.999988       139685     81920.00
     300.543     0.999989       139685     93622.86
     300.543     0.999991       139685    109226.67
     300.543     0.999992       139685    131072.00
     301.055     0.999993       139686    145635.56
     301.055     1.000000       139686          inf
#[Mean    =       31.814, StdDeviation   =       19.183]
#[Max     =      300.800, Total count    =       139686]
#[Buckets =           27, SubBuckets     =         2048]
-----------------------------------------------------------------------
  167295 requests in 1.00m, 25.94MB read
Requests/sec:   2789.22  
Transfer/sec:    442.80KB

=== rps=3000 c=450 t=45 url=http://10.10.1.1:19293 ===
setup: assigned thread_id=1
init: final thread_id=1, base_seed=nil
setup: assigned thread_id=2
init: final thread_id=2, base_seed=nil
setup: assigned thread_id=3
init: final thread_id=3, base_seed=nil
setup: assigned thread_id=4
init: final thread_id=4, base_seed=nil
setup: assigned thread_id=5
init: final thread_id=5, base_seed=nil
setup: assigned thread_id=6
init: final thread_id=6, base_seed=nil
setup: assigned thread_id=7
init: final thread_id=7, base_seed=nil
setup: assigned thread_id=8
init: final thread_id=8, base_seed=nil
setup: assigned thread_id=9
init: final thread_id=9, base_seed=nil
setup: assigned thread_id=10
init: final thread_id=10, base_seed=nil
setup: assigned thread_id=11
init: final thread_id=11, base_seed=nil
setup: assigned thread_id=12
init: final thread_id=12, base_seed=nil
setup: assigned thread_id=13
init: final thread_id=13, base_seed=nil
setup: assigned thread_id=14
init: final thread_id=14, base_seed=nil
setup: assigned thread_id=15
init: final thread_id=15, base_seed=nil
setup: assigned thread_id=16
init: final thread_id=16, base_seed=nil
setup: assigned thread_id=17
init: final thread_id=17, base_seed=nil
setup: assigned thread_id=18
init: final thread_id=18, base_seed=nil
setup: assigned thread_id=19
init: final thread_id=19, base_seed=nil
setup: assigned thread_id=20
init: final thread_id=20, base_seed=nil
setup: assigned thread_id=21
init: final thread_id=21, base_seed=nil
setup: assigned thread_id=22
init: final thread_id=22, base_seed=nil
setup: assigned thread_id=23
init: final thread_id=23, base_seed=nil
setup: assigned thread_id=24
init: final thread_id=24, base_seed=nil
setup: assigned thread_id=25
init: final thread_id=25, base_seed=nil
setup: assigned thread_id=26
init: final thread_id=26, base_seed=nil
setup: assigned thread_id=27
init: final thread_id=27, base_seed=nil
setup: assigned thread_id=28
init: final thread_id=28, base_seed=nil
setup: assigned thread_id=29
init: final thread_id=29, base_seed=nil
setup: assigned thread_id=30
init: final thread_id=30, base_seed=nil
setup: assigned thread_id=31
init: final thread_id=31, base_seed=nil
setup: assigned thread_id=32
init: final thread_id=32, base_seed=nil
setup: assigned thread_id=33
init: final thread_id=33, base_seed=nil
setup: assigned thread_id=34
init: final thread_id=34, base_seed=nil
setup: assigned thread_id=35
init: final thread_id=35, base_seed=nil
setup: assigned thread_id=36
init: final thread_id=36, base_seed=nil
setup: assigned thread_id=37
init: final thread_id=37, base_seed=nil
setup: assigned thread_id=38
init: final thread_id=38, base_seed=nil
setup: assigned thread_id=39
init: final thread_id=39, base_seed=nil
setup: assigned thread_id=40
init: final thread_id=40, base_seed=nil
setup: assigned thread_id=41
init: final thread_id=41, base_seed=nil
setup: assigned thread_id=42
init: final thread_id=42, base_seed=nil
setup: assigned thread_id=43
init: final thread_id=43, base_seed=nil
setup: assigned thread_id=44
init: final thread_id=44, base_seed=nil
setup: assigned thread_id=45
init: final thread_id=45, base_seed=nil
script_want_response
Running 1m test @ http://10.10.1.1:19293
  45 threads and 450 connections

  Thread calibration: mean lat.: 88.010ms, rate sampling interval: 294ms
  Thread calibration: mean lat.: 85.506ms, rate sampling interval: 270ms
  Thread calibration: mean lat.: 88.757ms, rate sampling interval: 304ms
  Thread calibration: mean lat.: 84.061ms, rate sampling interval: 266ms
  Thread calibration: mean lat.: 80.162ms, rate sampling interval: 259ms
  Thread calibration: mean lat.: 80.126ms, rate sampling interval: 260ms
  Thread calibration: mean lat.: 78.664ms, rate sampling interval: 259ms
  Thread calibration: mean lat.: 74.399ms, rate sampling interval: 254ms
  Thread calibration: mean lat.: 74.796ms, rate sampling interval: 256ms
  Thread calibration: mean lat.: 74.528ms, rate sampling interval: 255ms
  Thread calibration: mean lat.: 73.074ms, rate sampling interval: 254ms
  Thread calibration: mean lat.: 59.300ms, rate sampling interval: 207ms
  Thread calibration: mean lat.: 58.950ms, rate sampling interval: 203ms
  Thread calibration: mean lat.: 60.279ms, rate sampling interval: 194ms
  Thread calibration: mean lat.: 63.694ms, rate sampling interval: 200ms
  Thread calibration: mean lat.: 66.778ms, rate sampling interval: 200ms
  Thread calibration: mean lat.: 69.887ms, rate sampling interval: 292ms
  Thread calibration: mean lat.: 65.115ms, rate sampling interval: 210ms
  Thread calibration: mean lat.: 71.763ms, rate sampling interval: 298ms
  Thread calibration: mean lat.: 72.014ms, rate sampling interval: 280ms
  Thread calibration: mean lat.: 75.691ms, rate sampling interval: 301ms
  Thread calibration: mean lat.: 71.262ms, rate sampling interval: 289ms
  Thread calibration: mean lat.: 80.185ms, rate sampling interval: 307ms
  Thread calibration: mean lat.: 76.312ms, rate sampling interval: 285ms
  Thread calibration: mean lat.: 77.087ms, rate sampling interval: 281ms
  Thread calibration: mean lat.: 79.534ms, rate sampling interval: 280ms
  Thread calibration: mean lat.: 78.131ms, rate sampling interval: 278ms
  Thread calibration: mean lat.: 79.805ms, rate sampling interval: 276ms
  Thread calibration: mean lat.: 83.734ms, rate sampling interval: 268ms
  Thread calibration: mean lat.: 62.522ms, rate sampling interval: 226ms
  Thread calibration: mean lat.: 84.953ms, rate sampling interval: 265ms
  Thread calibration: mean lat.: 85.766ms, rate sampling interval: 261ms
  Thread calibration: mean lat.: 61.702ms, rate sampling interval: 222ms
  Thread calibration: mean lat.: 87.232ms, rate sampling interval: 258ms
  Thread calibration: mean lat.: 86.507ms, rate sampling interval: 260ms
  Thread calibration: mean lat.: 86.584ms, rate sampling interval: 256ms
  Thread calibration: mean lat.: 86.841ms, rate sampling interval: 255ms
  Thread calibration: mean lat.: 86.837ms, rate sampling interval: 251ms
  Thread calibration: mean lat.: 87.466ms, rate sampling interval: 249ms
  Thread calibration: mean lat.: 86.698ms, rate sampling interval: 247ms
  Thread calibration: mean lat.: 86.355ms, rate sampling interval: 246ms
  Thread calibration: mean lat.: 85.896ms, rate sampling interval: 244ms
  Thread calibration: mean lat.: 85.871ms, rate sampling interval: 244ms
  Thread calibration: mean lat.: 85.154ms, rate sampling interval: 242ms
  Thread calibration: mean lat.: 85.018ms, rate sampling interval: 241ms

-----------------------------------------------------------------------
Test Results @ http://10.10.1.1:19293 
  Thread Stats   Avg      Stdev     99%   +/- Stdev
    Latency    47.00ms   27.89ms 137.09ms   70.79%
    Req/Sec    65.71     16.11   100.00     71.30%
  Latency Distribution (HdrHistogram - Recorded Latency)
 50.000%   42.11ms
 75.000%   62.05ms
 90.000%   83.84ms
 99.000%  137.09ms
 99.900%  169.73ms
 99.990%  179.84ms
 99.999%  191.74ms
100.000%  193.15ms

  Detailed Percentile spectrum:
       Value   Percentile   TotalCount 1/(1-Percentile)

       7.827     0.000000            1         1.00
      16.159     0.100000        14837         1.11
      22.415     0.200000        29675         1.25
      28.431     0.300000        44511         1.43
      34.943     0.400000        59335         1.67
      42.111     0.500000        74184         2.00
      45.887     0.550000        81571         2.22
      49.695     0.600000        88978         2.50
      53.407     0.650000        96445         2.86
      57.503     0.700000       103812         3.33
      62.047     0.750000       111220         4.00
      64.575     0.775000       114932         4.44
      67.391     0.800000       118706         5.00
      70.399     0.825000       122394         5.71
      74.111     0.850000       126046         6.67
      78.463     0.875000       129771         8.00
      80.895     0.887500       131631         8.89
      83.839     0.900000       133492        10.00
      86.975     0.912500       135338        11.43
      90.431     0.925000       137191        13.33
      94.591     0.937500       139026        16.00
      97.407     0.943750       139953        17.78
     100.223     0.950000       140890        20.00
     103.231     0.956250       141804        22.86
     106.751     0.962500       142734        26.67
     111.807     0.968750       143657        32.00
     115.007     0.971875       144123        35.56
     118.079     0.975000       144581        40.00
     120.959     0.978125       145050        45.71
     124.031     0.981250       145506        53.33
     127.615     0.984375       145971        64.00
     130.367     0.985938       146200        71.11
     132.991     0.987500       146438        80.00
     135.551     0.989062       146665        91.43
     137.983     0.990625       146900       106.67
     140.415     0.992188       147130       128.00
     142.079     0.992969       147244       142.22
     144.383     0.993750       147369       160.00
     146.431     0.994531       147475       182.86
     149.375     0.995313       147592       213.33
     154.111     0.996094       147706       256.00
     156.671     0.996484       147766       284.44
     159.871     0.996875       147822       320.00
     162.175     0.997266       147880       365.71
     164.223     0.997656       147940       426.67
     165.887     0.998047       147997       512.00
     166.527     0.998242       148025       568.89
     167.423     0.998437       148060       640.00
     167.935     0.998633       148084       731.43
     168.831     0.998828       148113       853.33
     169.855     0.999023       148143      1024.00
     170.367     0.999121       148155      1137.78
     171.007     0.999219       148171      1280.00
     171.391     0.999316       148184      1462.86
     171.775     0.999414       148199      1706.67
     172.799     0.999512       148215      2048.00
     173.439     0.999561       148222      2275.56
     173.823     0.999609       148228      2560.00
     174.847     0.999658       148235      2925.71
     175.487     0.999707       148242      3413.33
     176.767     0.999756       148250      4096.00
     177.407     0.999780       148254      4551.11
     178.047     0.999805       148259      5120.00
     178.303     0.999829       148260      5851.43
     178.687     0.999854       148264      6826.67
     179.199     0.999878       148267      8192.00
     179.711     0.999890       148269      9102.22
     180.351     0.999902       148272     10240.00
     180.735     0.999915       148274     11702.86
     182.399     0.999927       148275     13653.33
     182.527     0.999939       148276     16384.00
     183.551     0.999945       148277     18204.44
     185.471     0.999951       148278     20480.00
     186.367     0.999957       148279     23405.71
     189.183     0.999963       148280     27306.67
     190.591     0.999969       148281     32768.00
     190.591     0.999973       148281     36408.89
     190.975     0.999976       148282     40960.00
     190.975     0.999979       148282     46811.43
     191.487     0.999982       148283     54613.33
     191.487     0.999985       148283     65536.00
     191.487     0.999986       148283     72817.78
     191.743     0.999988       148284     81920.00
     191.743     0.999989       148284     93622.86
     191.743     0.999991       148284    109226.67
     191.743     0.999992       148284    131072.00
     191.743     0.999993       148284    145635.56
     193.151     0.999994       148285    163840.00
     193.151     1.000000       148285          inf
#[Mean    =       47.002, StdDeviation   =       27.888]
#[Max     =      193.024, Total count    =       148285]
#[Buckets =           27, SubBuckets     =         2048]
-----------------------------------------------------------------------
  177446 requests in 1.00m, 27.52MB read
Requests/sec:   2959.45  
Transfer/sec:    469.92KB

=== rps=3200 c=512 t=52 url=http://10.10.1.1:19293 ===
setup: assigned thread_id=1
init: final thread_id=1, base_seed=nil
setup: assigned thread_id=2
init: final thread_id=2, base_seed=nil
setup: assigned thread_id=3
init: final thread_id=3, base_seed=nil
setup: assigned thread_id=4
init: final thread_id=4, base_seed=nil
setup: assigned thread_id=5
init: final thread_id=5, base_seed=nil
setup: assigned thread_id=6
init: final thread_id=6, base_seed=nil
setup: assigned thread_id=7
init: final thread_id=7, base_seed=nil
setup: assigned thread_id=8
init: final thread_id=8, base_seed=nil
setup: assigned thread_id=9
init: final thread_id=9, base_seed=nil
setup: assigned thread_id=10
init: final thread_id=10, base_seed=nil
setup: assigned thread_id=11
init: final thread_id=11, base_seed=nil
setup: assigned thread_id=12
init: final thread_id=12, base_seed=nil
setup: assigned thread_id=13
init: final thread_id=13, base_seed=nil
setup: assigned thread_id=14
init: final thread_id=14, base_seed=nil
setup: assigned thread_id=15
init: final thread_id=15, base_seed=nil
setup: assigned thread_id=16
init: final thread_id=16, base_seed=nil
setup: assigned thread_id=17
init: final thread_id=17, base_seed=nil
setup: assigned thread_id=18
init: final thread_id=18, base_seed=nil
setup: assigned thread_id=19
init: final thread_id=19, base_seed=nil
setup: assigned thread_id=20
init: final thread_id=20, base_seed=nil
setup: assigned thread_id=21
init: final thread_id=21, base_seed=nil
setup: assigned thread_id=22
init: final thread_id=22, base_seed=nil
setup: assigned thread_id=23
init: final thread_id=23, base_seed=nil
setup: assigned thread_id=24
init: final thread_id=24, base_seed=nil
setup: assigned thread_id=25
init: final thread_id=25, base_seed=nil
setup: assigned thread_id=26
init: final thread_id=26, base_seed=nil
setup: assigned thread_id=27
init: final thread_id=27, base_seed=nil
setup: assigned thread_id=28
init: final thread_id=28, base_seed=nil
setup: assigned thread_id=29
init: final thread_id=29, base_seed=nil
setup: assigned thread_id=30
init: final thread_id=30, base_seed=nil
setup: assigned thread_id=31
init: final thread_id=31, base_seed=nil
setup: assigned thread_id=32
init: final thread_id=32, base_seed=nil
setup: assigned thread_id=33
init: final thread_id=33, base_seed=nil
setup: assigned thread_id=34
init: final thread_id=34, base_seed=nil
setup: assigned thread_id=35
init: final thread_id=35, base_seed=nil
setup: assigned thread_id=36
init: final thread_id=36, base_seed=nil
setup: assigned thread_id=37
init: final thread_id=37, base_seed=nil
setup: assigned thread_id=38
init: final thread_id=38, base_seed=nil
setup: assigned thread_id=39
init: final thread_id=39, base_seed=nil
setup: assigned thread_id=40
init: final thread_id=40, base_seed=nil
setup: assigned thread_id=41
init: final thread_id=41, base_seed=nil
setup: assigned thread_id=42
init: final thread_id=42, base_seed=nil
setup: assigned thread_id=43
init: final thread_id=43, base_seed=nil
setup: assigned thread_id=44
init: final thread_id=44, base_seed=nil
setup: assigned thread_id=45
init: final thread_id=45, base_seed=nil
setup: assigned thread_id=46
init: final thread_id=46, base_seed=nil
setup: assigned thread_id=47
init: final thread_id=47, base_seed=nil
setup: assigned thread_id=48
init: final thread_id=48, base_seed=nil
setup: assigned thread_id=49
init: final thread_id=49, base_seed=nil
setup: assigned thread_id=50
init: final thread_id=50, base_seed=nil
setup: assigned thread_id=51
init: final thread_id=51, base_seed=nil
setup: assigned thread_id=52
init: final thread_id=52, base_seed=nil
script_want_response
Running 1m test @ http://10.10.1.1:19293
  52 threads and 512 connections

  Thread calibration: mean lat.: 107.494ms, rate sampling interval: 318ms
  Thread calibration: mean lat.: 110.631ms, rate sampling interval: 321ms
  Thread calibration: mean lat.: 114.202ms, rate sampling interval: 325ms
  Thread calibration: mean lat.: 109.619ms, rate sampling interval: 319ms
  Thread calibration: mean lat.: 117.799ms, rate sampling interval: 330ms
  Thread calibration: mean lat.: 119.511ms, rate sampling interval: 341ms
  Thread calibration: mean lat.: 117.124ms, rate sampling interval: 331ms
  Thread calibration: mean lat.: 118.766ms, rate sampling interval: 345ms
  Thread calibration: mean lat.: 123.994ms, rate sampling interval: 355ms
  Thread calibration: mean lat.: 127.562ms, rate sampling interval: 367ms
  Thread calibration: mean lat.: 111.130ms, rate sampling interval: 324ms
  Thread calibration: mean lat.: 115.915ms, rate sampling interval: 351ms
  Thread calibration: mean lat.: 114.900ms, rate sampling interval: 342ms
  Thread calibration: mean lat.: 108.580ms, rate sampling interval: 319ms
  Thread calibration: mean lat.: 111.030ms, rate sampling interval: 342ms
  Thread calibration: mean lat.: 108.904ms, rate sampling interval: 322ms
  Thread calibration: mean lat.: 101.858ms, rate sampling interval: 277ms
  Thread calibration: mean lat.: 104.408ms, rate sampling interval: 292ms
  Thread calibration: mean lat.: 113.731ms, rate sampling interval: 375ms
  Thread calibration: mean lat.: 134.439ms, rate sampling interval: 317ms
  Thread calibration: mean lat.: 119.991ms, rate sampling interval: 384ms
  Thread calibration: mean lat.: 130.978ms, rate sampling interval: 307ms
  Thread calibration: mean lat.: 120.063ms, rate sampling interval: 379ms
  Thread calibration: mean lat.: 111.973ms, rate sampling interval: 365ms
  Thread calibration: mean lat.: 123.272ms, rate sampling interval: 383ms
  Thread calibration: mean lat.: 116.573ms, rate sampling interval: 367ms
  Thread calibration: mean lat.: 116.267ms, rate sampling interval: 364ms
  Thread calibration: mean lat.: 113.489ms, rate sampling interval: 342ms
  Thread calibration: mean lat.: 117.694ms, rate sampling interval: 359ms
  Thread calibration: mean lat.: 111.392ms, rate sampling interval: 300ms
  Thread calibration: mean lat.: 118.158ms, rate sampling interval: 337ms
  Thread calibration: mean lat.: 115.821ms, rate sampling interval: 326ms
  Thread calibration: mean lat.: 113.239ms, rate sampling interval: 285ms
  Thread calibration: mean lat.: 115.953ms, rate sampling interval: 338ms
  Thread calibration: mean lat.: 116.696ms, rate sampling interval: 313ms
  Thread calibration: mean lat.: 114.579ms, rate sampling interval: 337ms
  Thread calibration: mean lat.: 116.823ms, rate sampling interval: 312ms
  Thread calibration: mean lat.: 113.945ms, rate sampling interval: 339ms
  Thread calibration: mean lat.: 130.118ms, rate sampling interval: 388ms
  Thread calibration: mean lat.: 126.390ms, rate sampling interval: 378ms
  Thread calibration: mean lat.: 130.327ms, rate sampling interval: 388ms
  Thread calibration: mean lat.: 127.969ms, rate sampling interval: 381ms
  Thread calibration: mean lat.: 122.660ms, rate sampling interval: 360ms
  Thread calibration: mean lat.: 132.912ms, rate sampling interval: 390ms
  Thread calibration: mean lat.: 134.717ms, rate sampling interval: 390ms
  Thread calibration: mean lat.: 129.897ms, rate sampling interval: 381ms
  Thread calibration: mean lat.: 129.665ms, rate sampling interval: 382ms
  Thread calibration: mean lat.: 128.761ms, rate sampling interval: 378ms
  Thread calibration: mean lat.: 130.391ms, rate sampling interval: 377ms
  Thread calibration: mean lat.: 133.765ms, rate sampling interval: 368ms
  Thread calibration: mean lat.: 127.280ms, rate sampling interval: 369ms
  Thread calibration: mean lat.: 121.907ms, rate sampling interval: 361ms

-----------------------------------------------------------------------
Test Results @ http://10.10.1.1:19293 
  Thread Stats   Avg      Stdev     99%   +/- Stdev
    Latency    84.03ms   54.51ms 219.65ms   61.56%
    Req/Sec    60.64      9.96    84.00     72.81%
  Latency Distribution (HdrHistogram - Recorded Latency)
 50.000%   75.90ms
 75.000%  125.06ms
 90.000%  158.85ms
 99.000%  219.65ms
 99.900%  249.98ms
 99.990%  269.31ms
 99.999%  274.94ms
100.000%  281.09ms

  Detailed Percentile spectrum:
       Value   Percentile   TotalCount 1/(1-Percentile)

       8.439     0.000000            1         1.00
      19.135     0.100000        15863         1.11
      29.855     0.200000        31689         1.25
      41.695     0.300000        47510         1.43
      57.887     0.400000        63345         1.67
      75.903     0.500000        79184         2.00
      85.567     0.550000        87116         2.22
      95.295     0.600000        95072         2.50
     104.447     0.650000       102968         2.86
     114.431     0.700000       110884         3.33
     125.055     0.750000       118810         4.00
     130.815     0.775000       122746         4.44
     136.063     0.800000       126734         5.00
     141.183     0.825000       130660         5.71
     146.943     0.850000       134670         6.67
     152.319     0.875000       138632         8.00
     155.263     0.887500       140545         8.89
     158.847     0.900000       142549        10.00
     163.199     0.912500       144545        11.43
     168.191     0.925000       146490        13.33
     175.487     0.937500       148462        16.00
     179.199     0.943750       149464        17.78
     183.423     0.950000       150456        20.00
     187.263     0.956250       151440        22.86
     191.487     0.962500       152420        26.67
     195.967     0.968750       153431        32.00
     198.527     0.971875       153909        35.56
     201.215     0.975000       154393        40.00
     204.415     0.978125       154892        45.71
     207.103     0.981250       155387        53.33
     210.815     0.984375       155880        64.00
     212.863     0.985938       156127        71.11
     215.167     0.987500       156385        80.00
     217.599     0.989062       156627        91.43
     220.927     0.990625       156871       106.67
     224.383     0.992188       157121       128.00
     226.047     0.992969       157248       142.22
     227.967     0.993750       157370       160.00
     229.759     0.994531       157487       182.86
     232.319     0.995313       157611       213.33
     235.007     0.996094       157737       256.00
     236.159     0.996484       157798       284.44
     237.695     0.996875       157863       320.00
     239.359     0.997266       157921       365.71
     241.023     0.997656       157982       426.67
     243.071     0.998047       158046       512.00
     244.095     0.998242       158075       568.89
     245.759     0.998437       158104       640.00
     247.039     0.998633       158136       731.43
     248.575     0.998828       158168       853.33
     250.111     0.999023       158197      1024.00
     251.135     0.999121       158212      1137.78
     252.415     0.999219       158228      1280.00
     253.951     0.999316       158244      1462.86
     255.487     0.999414       158259      1706.67
     256.895     0.999512       158275      2048.00
     257.535     0.999561       158285      2275.56
     258.303     0.999609       158291      2560.00
     259.199     0.999658       158297      2925.71
     260.479     0.999707       158305      3413.33
     262.143     0.999756       158313      4096.00
     263.167     0.999780       158317      4551.11
     265.471     0.999805       158321      5120.00
     265.983     0.999829       158324      5851.43
     267.263     0.999854       158328      6826.67
     267.775     0.999878       158332      8192.00
     269.055     0.999890       158334      9102.22
     269.311     0.999902       158337     10240.00
     270.079     0.999915       158338     11702.86
     270.591     0.999927       158340     13653.33
     270.847     0.999939       158343     16384.00
     270.847     0.999945       158343     18204.44
     271.615     0.999951       158344     20480.00
     272.383     0.999957       158345     23405.71
     272.639     0.999963       158346     27306.67
     272.895     0.999969       158348     32768.00
     272.895     0.999973       158348     36408.89
     272.895     0.999976       158348     40960.00
     272.895     0.999979       158348     46811.43
     274.943     0.999982       158349     54613.33
     274.943     0.999985       158349     65536.00
     274.943     0.999986       158349     72817.78
     276.223     0.999988       158350     81920.00
     276.223     0.999989       158350     93622.86
     276.223     0.999991       158350    109226.67
     276.223     0.999992       158350    131072.00
     276.223     0.999993       158350    145635.56
     281.087     0.999994       158351    163840.00
     281.087     1.000000       158351          inf
#[Mean    =       84.030, StdDeviation   =       54.508]
#[Max     =      280.832, Total count    =       158351]
#[Buckets =           27, SubBuckets     =         2048]
-----------------------------------------------------------------------
  189283 requests in 1.00m, 29.35MB read
Requests/sec:   3157.90  
Transfer/sec:    501.41KB

=== rps=3400 c=578 t=58 url=http://10.10.1.1:19293 ===
setup: assigned thread_id=1
init: final thread_id=1, base_seed=nil
setup: assigned thread_id=2
init: final thread_id=2, base_seed=nil
setup: assigned thread_id=3
init: final thread_id=3, base_seed=nil
setup: assigned thread_id=4
init: final thread_id=4, base_seed=nil
setup: assigned thread_id=5
init: final thread_id=5, base_seed=nil
setup: assigned thread_id=6
init: final thread_id=6, base_seed=nil
setup: assigned thread_id=7
init: final thread_id=7, base_seed=nil
setup: assigned thread_id=8
init: final thread_id=8, base_seed=nil
setup: assigned thread_id=9
init: final thread_id=9, base_seed=nil
setup: assigned thread_id=10
init: final thread_id=10, base_seed=nil
setup: assigned thread_id=11
init: final thread_id=11, base_seed=nil
setup: assigned thread_id=12
init: final thread_id=12, base_seed=nil
setup: assigned thread_id=13
init: final thread_id=13, base_seed=nil
setup: assigned thread_id=14
init: final thread_id=14, base_seed=nil
setup: assigned thread_id=15
init: final thread_id=15, base_seed=nil
setup: assigned thread_id=16
init: final thread_id=16, base_seed=nil
setup: assigned thread_id=17
init: final thread_id=17, base_seed=nil
setup: assigned thread_id=18
init: final thread_id=18, base_seed=nil
setup: assigned thread_id=19
init: final thread_id=19, base_seed=nil
setup: assigned thread_id=20
init: final thread_id=20, base_seed=nil
setup: assigned thread_id=21
init: final thread_id=21, base_seed=nil
setup: assigned thread_id=22
init: final thread_id=22, base_seed=nil
setup: assigned thread_id=23
init: final thread_id=23, base_seed=nil
setup: assigned thread_id=24
init: final thread_id=24, base_seed=nil
setup: assigned thread_id=25
init: final thread_id=25, base_seed=nil
setup: assigned thread_id=26
init: final thread_id=26, base_seed=nil
setup: assigned thread_id=27
init: final thread_id=27, base_seed=nil
setup: assigned thread_id=28
init: final thread_id=28, base_seed=nil
setup: assigned thread_id=29
init: final thread_id=29, base_seed=nil
setup: assigned thread_id=30
init: final thread_id=30, base_seed=nil
setup: assigned thread_id=31
init: final thread_id=31, base_seed=nil
setup: assigned thread_id=32
init: final thread_id=32, base_seed=nil
setup: assigned thread_id=33
init: final thread_id=33, base_seed=nil
setup: assigned thread_id=34
init: final thread_id=34, base_seed=nil
setup: assigned thread_id=35
init: final thread_id=35, base_seed=nil
setup: assigned thread_id=36
init: final thread_id=36, base_seed=nil
setup: assigned thread_id=37
init: final thread_id=37, base_seed=nil
setup: assigned thread_id=38
init: final thread_id=38, base_seed=nil
setup: assigned thread_id=39
init: final thread_id=39, base_seed=nil
setup: assigned thread_id=40
init: final thread_id=40, base_seed=nil
setup: assigned thread_id=41
init: final thread_id=41, base_seed=nil
setup: assigned thread_id=42
init: final thread_id=42, base_seed=nil
setup: assigned thread_id=43
init: final thread_id=43, base_seed=nil
setup: assigned thread_id=44
init: final thread_id=44, base_seed=nil
setup: assigned thread_id=45
init: final thread_id=45, base_seed=nil
setup: assigned thread_id=46
init: final thread_id=46, base_seed=nil
setup: assigned thread_id=47
init: final thread_id=47, base_seed=nil
setup: assigned thread_id=48
init: final thread_id=48, base_seed=nil
setup: assigned thread_id=49
init: final thread_id=49, base_seed=nil
setup: assigned thread_id=50
init: final thread_id=50, base_seed=nil
setup: assigned thread_id=51
init: final thread_id=51, base_seed=nil
setup: assigned thread_id=52
init: final thread_id=52, base_seed=nil
setup: assigned thread_id=53
init: final thread_id=53, base_seed=nil
setup: assigned thread_id=54
init: final thread_id=54, base_seed=nil
setup: assigned thread_id=55
init: final thread_id=55, base_seed=nil
setup: assigned thread_id=56
init: final thread_id=56, base_seed=nil
setup: assigned thread_id=57
init: final thread_id=57, base_seed=nil
setup: assigned thread_id=58
init: final thread_id=58, base_seed=nil
script_want_response
Running 1m test @ http://10.10.1.1:19293
  58 threads and 578 connections

  Thread calibration: mean lat.: 421.491ms, rate sampling interval: 1484ms
  Thread calibration: mean lat.: 412.313ms, rate sampling interval: 1455ms
  Thread calibration: mean lat.: 401.555ms, rate sampling interval: 1467ms
  Thread calibration: mean lat.: 423.492ms, rate sampling interval: 1498ms
  Thread calibration: mean lat.: 424.904ms, rate sampling interval: 1510ms
  Thread calibration: mean lat.: 404.816ms, rate sampling interval: 1469ms
  Thread calibration: mean lat.: 382.122ms, rate sampling interval: 1367ms
  Thread calibration: mean lat.: 393.832ms, rate sampling interval: 1426ms
  Thread calibration: mean lat.: 403.841ms, rate sampling interval: 1456ms
  Thread calibration: mean lat.: 379.657ms, rate sampling interval: 1329ms
  Thread calibration: mean lat.: 375.021ms, rate sampling interval: 1348ms
  Thread calibration: mean lat.: 390.220ms, rate sampling interval: 1402ms
  Thread calibration: mean lat.: 377.227ms, rate sampling interval: 1383ms
  Thread calibration: mean lat.: 404.084ms, rate sampling interval: 1417ms
  Thread calibration: mean lat.: 400.375ms, rate sampling interval: 1418ms
  Thread calibration: mean lat.: 391.122ms, rate sampling interval: 1392ms
  Thread calibration: mean lat.: 392.239ms, rate sampling interval: 1411ms
  Thread calibration: mean lat.: 388.973ms, rate sampling interval: 1387ms
  Thread calibration: mean lat.: 418.449ms, rate sampling interval: 1468ms
  Thread calibration: mean lat.: 399.981ms, rate sampling interval: 1386ms
  Thread calibration: mean lat.: 389.439ms, rate sampling interval: 1383ms
  Thread calibration: mean lat.: 374.787ms, rate sampling interval: 1344ms
  Thread calibration: mean lat.: 384.156ms, rate sampling interval: 1360ms
  Thread calibration: mean lat.: 364.980ms, rate sampling interval: 1341ms
  Thread calibration: mean lat.: 372.067ms, rate sampling interval: 1321ms
  Thread calibration: mean lat.: 362.062ms, rate sampling interval: 1350ms
  Thread calibration: mean lat.: 371.973ms, rate sampling interval: 1334ms
  Thread calibration: mean lat.: 360.593ms, rate sampling interval: 1328ms
  Thread calibration: mean lat.: 360.217ms, rate sampling interval: 1306ms
  Thread calibration: mean lat.: 358.515ms, rate sampling interval: 1306ms
  Thread calibration: mean lat.: 369.600ms, rate sampling interval: 1311ms
  Thread calibration: mean lat.: 365.474ms, rate sampling interval: 1324ms
  Thread calibration: mean lat.: 404.140ms, rate sampling interval: 1426ms
  Thread calibration: mean lat.: 363.919ms, rate sampling interval: 1296ms
  Thread calibration: mean lat.: 409.953ms, rate sampling interval: 1437ms
  Thread calibration: mean lat.: 439.120ms, rate sampling interval: 1452ms
  Thread calibration: mean lat.: 409.350ms, rate sampling interval: 1471ms
  Thread calibration: mean lat.: 407.703ms, rate sampling interval: 1439ms
  Thread calibration: mean lat.: 403.629ms, rate sampling interval: 1435ms
  Thread calibration: mean lat.: 398.665ms, rate sampling interval: 1423ms
  Thread calibration: mean lat.: 435.542ms, rate sampling interval: 1559ms
  Thread calibration: mean lat.: 428.770ms, rate sampling interval: 1499ms
  Thread calibration: mean lat.: 428.169ms, rate sampling interval: 1490ms
  Thread calibration: mean lat.: 437.606ms, rate sampling interval: 1507ms
  Thread calibration: mean lat.: 444.623ms, rate sampling interval: 1534ms
  Thread calibration: mean lat.: 453.276ms, rate sampling interval: 1540ms
  Thread calibration: mean lat.: 428.509ms, rate sampling interval: 1467ms
  Thread calibration: mean lat.: 425.720ms, rate sampling interval: 1540ms
  Thread calibration: mean lat.: 446.755ms, rate sampling interval: 1547ms
  Thread calibration: mean lat.: 421.614ms, rate sampling interval: 1427ms
  Thread calibration: mean lat.: 425.973ms, rate sampling interval: 1482ms
  Thread calibration: mean lat.: 437.174ms, rate sampling interval: 1511ms
  Thread calibration: mean lat.: 432.030ms, rate sampling interval: 1505ms
  Thread calibration: mean lat.: 403.807ms, rate sampling interval: 1421ms
  Thread calibration: mean lat.: 452.476ms, rate sampling interval: 1519ms
  Thread calibration: mean lat.: 415.120ms, rate sampling interval: 1464ms
  Thread calibration: mean lat.: 419.567ms, rate sampling interval: 1459ms
  Thread calibration: mean lat.: 410.925ms, rate sampling interval: 1463ms

-----------------------------------------------------------------------
Test Results @ http://10.10.1.1:19293 
  Thread Stats   Avg      Stdev     99%   +/- Stdev
    Latency   425.18ms  328.56ms   1.15s    61.02%
    Req/Sec    58.36      3.42    66.00     82.15%
  Latency Distribution (HdrHistogram - Recorded Latency)
 50.000%  338.94ms
 75.000%  704.00ms
 90.000%  939.01ms
 99.000%    1.15s 
 99.900%    1.25s 
 99.990%    1.31s 
 99.999%    1.31s 
100.000%    1.32s 

  Detailed Percentile spectrum:
       Value   Percentile   TotalCount 1/(1-Percentile)

       9.583     0.000000            1         1.00
      47.103     0.100000        17037         1.11
     116.415     0.200000        34071         1.25
     177.151     0.300000        51090         1.43
     258.175     0.400000        68113         1.67
     338.943     0.500000        85168         2.00
     381.183     0.550000        93683         2.22
     429.567     0.600000       102173         2.50
     487.679     0.650000       110686         2.86
     581.119     0.700000       119199         3.33
     703.999     0.750000       127749         4.00
     751.103     0.775000       131990         4.44
     791.551     0.800000       136273         5.00
     829.951     0.825000       140499         5.71
     864.255     0.850000       144802         6.67
     901.119     0.875000       149034         8.00
     921.599     0.887500       151179         8.89
     939.007     0.900000       153253        10.00
     959.487     0.912500       155385        11.43
     983.039     0.925000       157509        13.33
    1004.543     0.937500       159669        16.00
    1015.295     0.943750       160722        17.78
    1027.071     0.950000       161774        20.00
    1040.895     0.956250       162840        22.86
    1055.743     0.962500       163898        26.67
    1070.079     0.968750       164967        32.00
    1078.271     0.971875       165540        35.56
    1087.487     0.975000       166079        40.00
    1096.703     0.978125       166588        45.71
    1108.991     0.981250       167124        53.33
    1120.255     0.984375       167640        64.00
    1127.423     0.985938       167923        71.11
    1133.567     0.987500       168163        80.00
    1140.735     0.989062       168426        91.43
    1147.903     0.990625       168684       106.67
    1157.119     0.992188       168965       128.00
    1162.239     0.992969       169096       142.22
    1168.383     0.993750       169235       160.00
    1174.527     0.994531       169349       182.86
    1183.743     0.995313       169484       213.33
    1196.031     0.996094       169623       256.00
    1201.151     0.996484       169682       284.44
    1208.319     0.996875       169759       320.00
    1213.439     0.997266       169814       365.71
    1219.583     0.997656       169887       426.67
    1226.751     0.998047       169960       512.00
    1228.799     0.998242       169980       568.89
    1232.895     0.998437       170016       640.00
    1238.015     0.998633       170048       731.43
    1243.135     0.998828       170081       853.33
    1249.279     0.999023       170113      1024.00
    1253.375     0.999121       170134      1137.78
    1256.447     0.999219       170147      1280.00
    1262.591     0.999316       170164      1462.86
    1267.711     0.999414       170181      1706.67
    1274.879     0.999512       170197      2048.00
    1279.999     0.999561       170209      2275.56
    1282.047     0.999609       170214      2560.00
    1285.119     0.999658       170223      2925.71
    1290.239     0.999707       170230      3413.33
    1294.335     0.999756       170238      4096.00
    1296.383     0.999780       170244      4551.11
    1297.407     0.999805       170247      5120.00
    1298.431     0.999829       170251      5851.43
    1300.479     0.999854       170256      6826.67
    1306.623     0.999878       170260      8192.00
    1307.647     0.999890       170262      9102.22
    1308.671     0.999902       170263     10240.00
    1309.695     0.999915       170267     11702.86
    1309.695     0.999927       170267     13653.33
    1310.719     0.999939       170270     16384.00
    1310.719     0.999945       170270     18204.44
    1311.743     0.999951       170274     20480.00
    1311.743     0.999957       170274     23405.71
    1311.743     0.999963       170274     27306.67
    1311.743     0.999969       170274     32768.00
    1312.767     0.999973       170276     36408.89
    1312.767     0.999976       170276     40960.00
    1312.767     0.999979       170276     46811.43
    1312.767     0.999982       170276     54613.33
    1313.791     0.999985       170278     65536.00
    1313.791     0.999986       170278     72817.78
    1313.791     0.999988       170278     81920.00
    1313.791     0.999989       170278     93622.86
    1313.791     0.999991       170278    109226.67
    1313.791     0.999992       170278    131072.00
    1313.791     0.999993       170278    145635.56
    1313.791     0.999994       170278    163840.00
    1318.911     0.999995       170279    187245.71
    1318.911     1.000000       170279          inf
#[Mean    =      425.177, StdDeviation   =      328.559]
#[Max     =     1317.888, Total count    =       170279]
#[Buckets =           27, SubBuckets     =         2048]
-----------------------------------------------------------------------
  201125 requests in 1.00m, 31.19MB read
Requests/sec:   3357.11  
Transfer/sec:    533.13KB

=== rps=3600 c=648 t=65 url=http://10.10.1.1:19293 ===
setup: assigned thread_id=1
init: final thread_id=1, base_seed=nil
setup: assigned thread_id=2
init: final thread_id=2, base_seed=nil
setup: assigned thread_id=3
init: final thread_id=3, base_seed=nil
setup: assigned thread_id=4
init: final thread_id=4, base_seed=nil
setup: assigned thread_id=5
init: final thread_id=5, base_seed=nil
setup: assigned thread_id=6
init: final thread_id=6, base_seed=nil
setup: assigned thread_id=7
init: final thread_id=7, base_seed=nil
setup: assigned thread_id=8
init: final thread_id=8, base_seed=nil
setup: assigned thread_id=9
init: final thread_id=9, base_seed=nil
setup: assigned thread_id=10
init: final thread_id=10, base_seed=nil
setup: assigned thread_id=11
init: final thread_id=11, base_seed=nil
setup: assigned thread_id=12
init: final thread_id=12, base_seed=nil
setup: assigned thread_id=13
init: final thread_id=13, base_seed=nil
setup: assigned thread_id=14
init: final thread_id=14, base_seed=nil
setup: assigned thread_id=15
init: final thread_id=15, base_seed=nil
setup: assigned thread_id=16
init: final thread_id=16, base_seed=nil
setup: assigned thread_id=17
init: final thread_id=17, base_seed=nil
setup: assigned thread_id=18
init: final thread_id=18, base_seed=nil
setup: assigned thread_id=19
init: final thread_id=19, base_seed=nil
setup: assigned thread_id=20
init: final thread_id=20, base_seed=nil
setup: assigned thread_id=21
init: final thread_id=21, base_seed=nil
setup: assigned thread_id=22
init: final thread_id=22, base_seed=nil
setup: assigned thread_id=23
init: final thread_id=23, base_seed=nil
setup: assigned thread_id=24
init: final thread_id=24, base_seed=nil
setup: assigned thread_id=25
init: final thread_id=25, base_seed=nil
setup: assigned thread_id=26
init: final thread_id=26, base_seed=nil
setup: assigned thread_id=27
init: final thread_id=27, base_seed=nil
setup: assigned thread_id=28
init: final thread_id=28, base_seed=nil
setup: assigned thread_id=29
init: final thread_id=29, base_seed=nil
setup: assigned thread_id=30
init: final thread_id=30, base_seed=nil
setup: assigned thread_id=31
init: final thread_id=31, base_seed=nil
setup: assigned thread_id=32
init: final thread_id=32, base_seed=nil
setup: assigned thread_id=33
init: final thread_id=33, base_seed=nil
setup: assigned thread_id=34
init: final thread_id=34, base_seed=nil
setup: assigned thread_id=35
init: final thread_id=35, base_seed=nil
setup: assigned thread_id=36
init: final thread_id=36, base_seed=nil
setup: assigned thread_id=37
init: final thread_id=37, base_seed=nil
setup: assigned thread_id=38
init: final thread_id=38, base_seed=nil
setup: assigned thread_id=39
init: final thread_id=39, base_seed=nil
setup: assigned thread_id=40
init: final thread_id=40, base_seed=nil
setup: assigned thread_id=41
init: final thread_id=41, base_seed=nil
setup: assigned thread_id=42
init: final thread_id=42, base_seed=nil
setup: assigned thread_id=43
init: final thread_id=43, base_seed=nil
setup: assigned thread_id=44
init: final thread_id=44, base_seed=nil
setup: assigned thread_id=45
init: final thread_id=45, base_seed=nil
setup: assigned thread_id=46
init: final thread_id=46, base_seed=nil
setup: assigned thread_id=47
init: final thread_id=47, base_seed=nil
setup: assigned thread_id=48
init: final thread_id=48, base_seed=nil
setup: assigned thread_id=49
init: final thread_id=49, base_seed=nil
setup: assigned thread_id=50
init: final thread_id=50, base_seed=nil
setup: assigned thread_id=51
init: final thread_id=51, base_seed=nil
setup: assigned thread_id=52
init: final thread_id=52, base_seed=nil
setup: assigned thread_id=53
init: final thread_id=53, base_seed=nil
setup: assigned thread_id=54
init: final thread_id=54, base_seed=nil
setup: assigned thread_id=55
init: final thread_id=55, base_seed=nil
setup: assigned thread_id=56
init: final thread_id=56, base_seed=nil
setup: assigned thread_id=57
init: final thread_id=57, base_seed=nil
setup: assigned thread_id=58
init: final thread_id=58, base_seed=nil
setup: assigned thread_id=59
init: final thread_id=59, base_seed=nil
setup: assigned thread_id=60
init: final thread_id=60, base_seed=nil
setup: assigned thread_id=61
init: final thread_id=61, base_seed=nil
setup: assigned thread_id=62
init: final thread_id=62, base_seed=nil
setup: assigned thread_id=63
init: final thread_id=63, base_seed=nil
setup: assigned thread_id=64
init: final thread_id=64, base_seed=nil
setup: assigned thread_id=65
init: final thread_id=65, base_seed=nil
script_want_response
Running 1m test @ http://10.10.1.1:19293
  65 threads and 648 connections

  Thread calibration: mean lat.: 342.019ms, rate sampling interval: 953ms
  Thread calibration: mean lat.: 302.735ms, rate sampling interval: 831ms
  Thread calibration: mean lat.: 342.811ms, rate sampling interval: 978ms
  Thread calibration: mean lat.: 331.685ms, rate sampling interval: 1005ms
  Thread calibration: mean lat.: 306.528ms, rate sampling interval: 901ms
  Thread calibration: mean lat.: 339.570ms, rate sampling interval: 951ms
  Thread calibration: mean lat.: 371.162ms, rate sampling interval: 1082ms
  Thread calibration: mean lat.: 427.723ms, rate sampling interval: 1104ms
  Thread calibration: mean lat.: 403.872ms, rate sampling interval: 1091ms
  Thread calibration: mean lat.: 329.874ms, rate sampling interval: 911ms
  Thread calibration: mean lat.: 347.926ms, rate sampling interval: 1039ms
  Thread calibration: mean lat.: 368.348ms, rate sampling interval: 1056ms
  Thread calibration: mean lat.: 341.081ms, rate sampling interval: 962ms
  Thread calibration: mean lat.: 342.271ms, rate sampling interval: 1034ms
  Thread calibration: mean lat.: 357.354ms, rate sampling interval: 1032ms
  Thread calibration: mean lat.: 342.458ms, rate sampling interval: 993ms
  Thread calibration: mean lat.: 341.520ms, rate sampling interval: 1010ms
  Thread calibration: mean lat.: 347.952ms, rate sampling interval: 1019ms
  Thread calibration: mean lat.: 356.076ms, rate sampling interval: 1021ms
  Thread calibration: mean lat.: 356.684ms, rate sampling interval: 999ms
  Thread calibration: mean lat.: 328.836ms, rate sampling interval: 986ms
  Thread calibration: mean lat.: 350.158ms, rate sampling interval: 990ms
  Thread calibration: mean lat.: 302.864ms, rate sampling interval: 820ms
  Thread calibration: mean lat.: 311.397ms, rate sampling interval: 973ms
  Thread calibration: mean lat.: 365.682ms, rate sampling interval: 995ms
  Thread calibration: mean lat.: 342.665ms, rate sampling interval: 994ms
  Thread calibration: mean lat.: 340.608ms, rate sampling interval: 985ms
  Thread calibration: mean lat.: 325.780ms, rate sampling interval: 999ms
  Thread calibration: mean lat.: 328.163ms, rate sampling interval: 943ms
  Thread calibration: mean lat.: 374.167ms, rate sampling interval: 1019ms
  Thread calibration: mean lat.: 362.099ms, rate sampling interval: 1019ms
  Thread calibration: mean lat.: 343.440ms, rate sampling interval: 915ms
  Thread calibration: mean lat.: 310.088ms, rate sampling interval: 891ms
  Thread calibration: mean lat.: 372.500ms, rate sampling interval: 1025ms
  Thread calibration: mean lat.: 358.841ms, rate sampling interval: 1013ms
  Thread calibration: mean lat.: 322.220ms, rate sampling interval: 985ms
  Thread calibration: mean lat.: 336.922ms, rate sampling interval: 968ms
  Thread calibration: mean lat.: 361.536ms, rate sampling interval: 1009ms
  Thread calibration: mean lat.: 351.806ms, rate sampling interval: 986ms
  Thread calibration: mean lat.: 356.128ms, rate sampling interval: 1000ms
  Thread calibration: mean lat.: 321.890ms, rate sampling interval: 916ms
  Thread calibration: mean lat.: 355.005ms, rate sampling interval: 996ms
  Thread calibration: mean lat.: 325.640ms, rate sampling interval: 977ms
  Thread calibration: mean lat.: 349.593ms, rate sampling interval: 989ms
  Thread calibration: mean lat.: 382.358ms, rate sampling interval: 974ms
  Thread calibration: mean lat.: 365.890ms, rate sampling interval: 997ms
  Thread calibration: mean lat.: 355.220ms, rate sampling interval: 972ms
  Thread calibration: mean lat.: 356.237ms, rate sampling interval: 983ms
  Thread calibration: mean lat.: 339.743ms, rate sampling interval: 954ms
  Thread calibration: mean lat.: 358.049ms, rate sampling interval: 988ms
  Thread calibration: mean lat.: 347.628ms, rate sampling interval: 989ms
  Thread calibration: mean lat.: 332.893ms, rate sampling interval: 958ms
  Thread calibration: mean lat.: 371.980ms, rate sampling interval: 999ms
  Thread calibration: mean lat.: 359.316ms, rate sampling interval: 988ms
  Thread calibration: mean lat.: 381.247ms, rate sampling interval: 1169ms
  Thread calibration: mean lat.: 357.361ms, rate sampling interval: 969ms
  Thread calibration: mean lat.: 384.038ms, rate sampling interval: 1081ms
  Thread calibration: mean lat.: 377.886ms, rate sampling interval: 1042ms
  Thread calibration: mean lat.: 358.355ms, rate sampling interval: 1050ms
  Thread calibration: mean lat.: 387.759ms, rate sampling interval: 1064ms
  Thread calibration: mean lat.: 354.970ms, rate sampling interval: 1037ms
  Thread calibration: mean lat.: 378.931ms, rate sampling interval: 1053ms
  Thread calibration: mean lat.: 355.742ms, rate sampling interval: 1043ms
  Thread calibration: mean lat.: 355.761ms, rate sampling interval: 1038ms
  Thread calibration: mean lat.: 382.407ms, rate sampling interval: 1055ms

-----------------------------------------------------------------------
Test Results @ http://10.10.1.1:19293 
  Thread Stats   Avg      Stdev     99%   +/- Stdev
    Latency     1.23s   669.30ms   2.85s    60.77%
    Req/Sec    52.24      2.97    60.00     82.59%
  Latency Distribution (HdrHistogram - Recorded Latency)
 50.000%    1.22s 
 75.000%    1.70s 
 90.000%    2.15s 
 99.000%    2.85s 
 99.900%    3.14s 
 99.990%    3.33s 
 99.999%    3.47s 
100.000%    3.52s 

  Detailed Percentile spectrum:
       Value   Percentile   TotalCount 1/(1-Percentile)

      83.711     0.000000            2         1.00
     377.599     0.100000        17098         1.11
     520.447     0.200000        34184         1.25
     766.463     0.300000        51250         1.43
    1030.655     0.400000        68345         1.67
    1222.655     0.500000        85416         2.00
    1305.599     0.550000        93952         2.22
    1392.639     0.600000       102483         2.50
    1483.775     0.650000       111115         2.86
    1587.199     0.700000       119578         3.33
    1696.767     0.750000       128106         4.00
    1758.207     0.775000       132420         4.44
    1819.647     0.800000       136647         5.00
    1888.255     0.825000       140963         5.71
    1959.935     0.850000       145210         6.67
    2050.047     0.875000       149475         8.00
    2101.247     0.887500       151610         8.89
    2152.447     0.900000       153751        10.00
    2209.791     0.912500       155864        11.43
    2273.279     0.925000       158030        13.33
    2342.911     0.937500       160145        16.00
    2379.775     0.943750       161259        17.78
    2420.735     0.950000       162271        20.00
    2467.839     0.956250       163358        22.86
    2519.039     0.962500       164437        26.67
    2574.335     0.968750       165498        32.00
    2605.055     0.971875       166036        35.56
    2639.871     0.975000       166566        40.00
    2674.687     0.978125       167068        45.71
    2711.551     0.981250       167610        53.33
    2754.559     0.984375       168153        64.00
    2779.135     0.985938       168435        71.11
    2801.663     0.987500       168680        80.00
    2830.335     0.989062       168952        91.43
    2859.007     0.990625       169214       106.67
    2885.631     0.992188       169481       128.00
    2902.015     0.992969       169616       142.22
    2918.399     0.993750       169742       160.00
    2938.879     0.994531       169870       182.86
    2961.407     0.995313       170012       213.33
    2983.935     0.996094       170143       256.00
    3002.367     0.996484       170207       284.44
    3014.655     0.996875       170272       320.00
    3033.087     0.997266       170338       365.71
    3049.471     0.997656       170406       426.67
    3071.999     0.998047       170474       512.00
    3084.287     0.998242       170506       568.89
    3098.623     0.998437       170543       640.00
    3106.815     0.998633       170571       731.43
    3119.103     0.998828       170604       853.33
    3135.487     0.999023       170638      1024.00
    3141.631     0.999121       170654      1137.78
    3153.919     0.999219       170671      1280.00
    3174.399     0.999316       170688      1462.86
    3192.831     0.999414       170707      1706.67
    3207.167     0.999512       170724      2048.00
    3211.263     0.999561       170731      2275.56
    3219.455     0.999609       170738      2560.00
    3227.647     0.999658       170746      2925.71
    3248.127     0.999707       170755      3413.33
    3266.559     0.999756       170764      4096.00
    3272.703     0.999780       170767      4551.11
    3287.039     0.999805       170771      5120.00
    3303.423     0.999829       170775      5851.43
    3311.615     0.999854       170780      6826.67
    3323.903     0.999878       170784      8192.00
    3334.143     0.999890       170787      9102.22
    3338.239     0.999902       170788     10240.00
    3356.671     0.999915       170790     11702.86
    3360.767     0.999927       170792     13653.33
    3362.815     0.999939       170794     16384.00
    3366.911     0.999945       170795     18204.44
    3389.439     0.999951       170796     20480.00
    3401.727     0.999957       170797     23405.71
    3411.967     0.999963       170798     27306.67
    3432.447     0.999969       170799     32768.00
    3452.927     0.999973       170800     36408.89
    3452.927     0.999976       170800     40960.00
    3461.119     0.999979       170801     46811.43
    3461.119     0.999982       170801     54613.33
    3471.359     0.999985       170802     65536.00
    3471.359     0.999986       170802     72817.78
    3471.359     0.999988       170802     81920.00
    3483.647     0.999989       170803     93622.86
    3483.647     0.999991       170803    109226.67
    3483.647     0.999992       170803    131072.00
    3483.647     0.999993       170803    145635.56
    3483.647     0.999994       170803    163840.00
    3520.511     0.999995       170804    187245.71
    3520.511     1.000000       170804          inf
#[Mean    =     1233.295, StdDeviation   =      669.299]
#[Max     =     3518.464, Total count    =       170804]
#[Buckets =           27, SubBuckets     =         2048]
-----------------------------------------------------------------------
  204747 requests in 1.00m, 31.75MB read
Requests/sec:   3420.96  
Transfer/sec:    543.21KB

=== rps=3800 c=722 t=73 url=http://10.10.1.1:19293 ===
setup: assigned thread_id=1
init: final thread_id=1, base_seed=nil
setup: assigned thread_id=2
init: final thread_id=2, base_seed=nil
setup: assigned thread_id=3
init: final thread_id=3, base_seed=nil
setup: assigned thread_id=4
init: final thread_id=4, base_seed=nil
setup: assigned thread_id=5
init: final thread_id=5, base_seed=nil
setup: assigned thread_id=6
init: final thread_id=6, base_seed=nil
setup: assigned thread_id=7
init: final thread_id=7, base_seed=nil
setup: assigned thread_id=8
init: final thread_id=8, base_seed=nil
setup: assigned thread_id=9
init: final thread_id=9, base_seed=nil
setup: assigned thread_id=10
init: final thread_id=10, base_seed=nil
setup: assigned thread_id=11
init: final thread_id=11, base_seed=nil
setup: assigned thread_id=12
init: final thread_id=12, base_seed=nil
setup: assigned thread_id=13
init: final thread_id=13, base_seed=nil
setup: assigned thread_id=14
init: final thread_id=14, base_seed=nil
setup: assigned thread_id=15
init: final thread_id=15, base_seed=nil
setup: assigned thread_id=16
init: final thread_id=16, base_seed=nil
setup: assigned thread_id=17
init: final thread_id=17, base_seed=nil
setup: assigned thread_id=18
init: final thread_id=18, base_seed=nil
setup: assigned thread_id=19
init: final thread_id=19, base_seed=nil
setup: assigned thread_id=20
init: final thread_id=20, base_seed=nil
setup: assigned thread_id=21
init: final thread_id=21, base_seed=nil
setup: assigned thread_id=22
init: final thread_id=22, base_seed=nil
setup: assigned thread_id=23
init: final thread_id=23, base_seed=nil
setup: assigned thread_id=24
init: final thread_id=24, base_seed=nil
setup: assigned thread_id=25
init: final thread_id=25, base_seed=nil
setup: assigned thread_id=26
init: final thread_id=26, base_seed=nil
setup: assigned thread_id=27
init: final thread_id=27, base_seed=nil
setup: assigned thread_id=28
init: final thread_id=28, base_seed=nil
setup: assigned thread_id=29
init: final thread_id=29, base_seed=nil
setup: assigned thread_id=30
init: final thread_id=30, base_seed=nil
setup: assigned thread_id=31
init: final thread_id=31, base_seed=nil
setup: assigned thread_id=32
init: final thread_id=32, base_seed=nil
setup: assigned thread_id=33
init: final thread_id=33, base_seed=nil
setup: assigned thread_id=34
init: final thread_id=34, base_seed=nil
setup: assigned thread_id=35
init: final thread_id=35, base_seed=nil
setup: assigned thread_id=36
init: final thread_id=36, base_seed=nil
setup: assigned thread_id=37
init: final thread_id=37, base_seed=nil
setup: assigned thread_id=38
init: final thread_id=38, base_seed=nil
setup: assigned thread_id=39
init: final thread_id=39, base_seed=nil
setup: assigned thread_id=40
init: final thread_id=40, base_seed=nil
setup: assigned thread_id=41
init: final thread_id=41, base_seed=nil
setup: assigned thread_id=42
init: final thread_id=42, base_seed=nil
setup: assigned thread_id=43
init: final thread_id=43, base_seed=nil
setup: assigned thread_id=44
init: final thread_id=44, base_seed=nil
setup: assigned thread_id=45
init: final thread_id=45, base_seed=nil
setup: assigned thread_id=46
init: final thread_id=46, base_seed=nil
setup: assigned thread_id=47
init: final thread_id=47, base_seed=nil
setup: assigned thread_id=48
init: final thread_id=48, base_seed=nil
setup: assigned thread_id=49
init: final thread_id=49, base_seed=nil
setup: assigned thread_id=50
init: final thread_id=50, base_seed=nil
setup: assigned thread_id=51
init: final thread_id=51, base_seed=nil
setup: assigned thread_id=52
init: final thread_id=52, base_seed=nil
setup: assigned thread_id=53
init: final thread_id=53, base_seed=nil
setup: assigned thread_id=54
init: final thread_id=54, base_seed=nil
setup: assigned thread_id=55
init: final thread_id=55, base_seed=nil
setup: assigned thread_id=56
init: final thread_id=56, base_seed=nil
setup: assigned thread_id=57
init: final thread_id=57, base_seed=nil
setup: assigned thread_id=58
init: final thread_id=58, base_seed=nil
setup: assigned thread_id=59
init: final thread_id=59, base_seed=nil
setup: assigned thread_id=60
init: final thread_id=60, base_seed=nil
setup: assigned thread_id=61
init: final thread_id=61, base_seed=nil
setup: assigned thread_id=62
init: final thread_id=62, base_seed=nil
setup: assigned thread_id=63
init: final thread_id=63, base_seed=nil
setup: assigned thread_id=64
init: final thread_id=64, base_seed=nil
setup: assigned thread_id=65
init: final thread_id=65, base_seed=nil
setup: assigned thread_id=66
init: final thread_id=66, base_seed=nil
setup: assigned thread_id=67
init: final thread_id=67, base_seed=nil
setup: assigned thread_id=68
init: final thread_id=68, base_seed=nil
setup: assigned thread_id=69
init: final thread_id=69, base_seed=nil
setup: assigned thread_id=70
init: final thread_id=70, base_seed=nil
setup: assigned thread_id=71
init: final thread_id=71, base_seed=nil
setup: assigned thread_id=72
init: final thread_id=72, base_seed=nil
setup: assigned thread_id=73
init: final thread_id=73, base_seed=nil
script_want_response
Running 1m test @ http://10.10.1.1:19293
  73 threads and 722 connections

  Thread calibration: mean lat.: 98.732ms, rate sampling interval: 353ms
  Thread calibration: mean lat.: 101.074ms, rate sampling interval: 360ms
  Thread calibration: mean lat.: 96.876ms, rate sampling interval: 329ms
  Thread calibration: mean lat.: 103.874ms, rate sampling interval: 368ms
  Thread calibration: mean lat.: 98.798ms, rate sampling interval: 360ms
  Thread calibration: mean lat.: 95.693ms, rate sampling interval: 345ms
  Thread calibration: mean lat.: 93.626ms, rate sampling interval: 347ms
  Thread calibration: mean lat.: 79.497ms, rate sampling interval: 311ms
  Thread calibration: mean lat.: 79.885ms, rate sampling interval: 311ms
  Thread calibration: mean lat.: 91.953ms, rate sampling interval: 347ms
  Thread calibration: mean lat.: 94.415ms, rate sampling interval: 350ms
  Thread calibration: mean lat.: 89.156ms, rate sampling interval: 339ms
  Thread calibration: mean lat.: 88.144ms, rate sampling interval: 336ms
  Thread calibration: mean lat.: 89.395ms, rate sampling interval: 337ms
  Thread calibration: mean lat.: 93.773ms, rate sampling interval: 348ms
  Thread calibration: mean lat.: 90.692ms, rate sampling interval: 342ms
  Thread calibration: mean lat.: 91.895ms, rate sampling interval: 349ms
  Thread calibration: mean lat.: 92.832ms, rate sampling interval: 358ms
  Thread calibration: mean lat.: 93.165ms, rate sampling interval: 356ms
  Thread calibration: mean lat.: 92.847ms, rate sampling interval: 354ms
  Thread calibration: mean lat.: 95.951ms, rate sampling interval: 356ms
  Thread calibration: mean lat.: 93.075ms, rate sampling interval: 351ms
  Thread calibration: mean lat.: 94.243ms, rate sampling interval: 352ms
  Thread calibration: mean lat.: 94.618ms, rate sampling interval: 353ms
  Thread calibration: mean lat.: 93.364ms, rate sampling interval: 349ms
  Thread calibration: mean lat.: 90.821ms, rate sampling interval: 309ms
  Thread calibration: mean lat.: 91.207ms, rate sampling interval: 342ms
  Thread calibration: mean lat.: 93.400ms, rate sampling interval: 354ms
  Thread calibration: mean lat.: 89.443ms, rate sampling interval: 340ms
  Thread calibration: mean lat.: 88.987ms, rate sampling interval: 335ms
  Thread calibration: mean lat.: 89.600ms, rate sampling interval: 340ms
  Thread calibration: mean lat.: 84.712ms, rate sampling interval: 314ms
  Thread calibration: mean lat.: 91.843ms, rate sampling interval: 334ms
  Thread calibration: mean lat.: 90.182ms, rate sampling interval: 321ms
  Thread calibration: mean lat.: 93.882ms, rate sampling interval: 334ms
  Thread calibration: mean lat.: 96.754ms, rate sampling interval: 335ms
  Thread calibration: mean lat.: 96.069ms, rate sampling interval: 333ms
  Thread calibration: mean lat.: 94.708ms, rate sampling interval: 332ms
  Thread calibration: mean lat.: 95.039ms, rate sampling interval: 330ms
  Thread calibration: mean lat.: 99.206ms, rate sampling interval: 340ms
  Thread calibration: mean lat.: 97.753ms, rate sampling interval: 327ms
  Thread calibration: mean lat.: 97.637ms, rate sampling interval: 323ms
  Thread calibration: mean lat.: 99.031ms, rate sampling interval: 326ms
  Thread calibration: mean lat.: 100.826ms, rate sampling interval: 338ms
  Thread calibration: mean lat.: 101.337ms, rate sampling interval: 338ms
  Thread calibration: mean lat.: 101.083ms, rate sampling interval: 335ms
  Thread calibration: mean lat.: 100.803ms, rate sampling interval: 334ms
  Thread calibration: mean lat.: 102.238ms, rate sampling interval: 356ms
  Thread calibration: mean lat.: 100.637ms, rate sampling interval: 335ms
  Thread calibration: mean lat.: 102.060ms, rate sampling interval: 359ms
  Thread calibration: mean lat.: 103.080ms, rate sampling interval: 362ms
  Thread calibration: mean lat.: 101.743ms, rate sampling interval: 359ms
  Thread calibration: mean lat.: 100.848ms, rate sampling interval: 358ms
  Thread calibration: mean lat.: 97.581ms, rate sampling interval: 322ms
  Thread calibration: mean lat.: 97.675ms, rate sampling interval: 325ms
  Thread calibration: mean lat.: 100.383ms, rate sampling interval: 342ms
  Thread calibration: mean lat.: 97.645ms, rate sampling interval: 325ms
  Thread calibration: mean lat.: 95.063ms, rate sampling interval: 317ms
  Thread calibration: mean lat.: 94.838ms, rate sampling interval: 314ms
  Thread calibration: mean lat.: 99.384ms, rate sampling interval: 365ms
  Thread calibration: mean lat.: 98.788ms, rate sampling interval: 359ms
  Thread calibration: mean lat.: 96.468ms, rate sampling interval: 316ms
  Thread calibration: mean lat.: 90.311ms, rate sampling interval: 332ms
  Thread calibration: mean lat.: 103.268ms, rate sampling interval: 394ms
  Thread calibration: mean lat.: 101.872ms, rate sampling interval: 392ms
  Thread calibration: mean lat.: 103.283ms, rate sampling interval: 390ms
  Thread calibration: mean lat.: 99.157ms, rate sampling interval: 365ms
  Thread calibration: mean lat.: 98.724ms, rate sampling interval: 365ms
  Thread calibration: mean lat.: 102.546ms, rate sampling interval: 395ms
  Thread calibration: mean lat.: 99.767ms, rate sampling interval: 370ms
  Thread calibration: mean lat.: 100.117ms, rate sampling interval: 379ms
  Thread calibration: mean lat.: 100.781ms, rate sampling interval: 372ms
  Thread calibration: mean lat.: 100.035ms, rate sampling interval: 371ms

-----------------------------------------------------------------------
Test Results @ http://10.10.1.1:19293 
  Thread Stats   Avg      Stdev     99%   +/- Stdev
    Latency     2.37s   964.30ms   4.37s    66.18%
    Req/Sec    47.81      6.66    61.00     75.70%
  Latency Distribution (HdrHistogram - Recorded Latency)
 50.000%    2.60s 
 75.000%    3.01s 
 90.000%    3.47s 
 99.000%    4.37s 
 99.900%    4.98s 
 99.990%    5.34s 
 99.999%    5.55s 
100.000%    5.56s 

  Detailed Percentile spectrum:
       Value   Percentile   TotalCount 1/(1-Percentile)

     128.639     0.000000            1         1.00
     924.159     0.100000        17576         1.11
    1394.687     0.200000        35185         1.25
    1918.975     0.300000        52725         1.43
    2359.295     0.400000        70339         1.67
    2598.911     0.500000        87992         2.00
    2686.975     0.550000        96686         2.22
    2762.751     0.600000       105517         2.50
    2842.623     0.650000       114422         2.86
    2926.591     0.700000       123150         3.33
    3014.655     0.750000       131782         4.00
    3067.903     0.775000       136272         4.44
    3131.391     0.800000       140567         5.00
    3203.071     0.825000       145015         5.71
    3280.895     0.850000       149375         6.67
    3371.007     0.875000       153731         8.00
    3418.111     0.887500       155972         8.89
    3469.311     0.900000       158176        10.00
    3530.751     0.912500       160332        11.43
    3590.143     0.925000       162530        13.33
    3661.823     0.937500       164756        16.00
    3706.879     0.943750       165868        17.78
    3747.839     0.950000       166936        20.00
    3799.039     0.956250       168017        22.86
    3858.431     0.962500       169101        26.67
    3930.111     0.968750       170206        32.00
    3975.167     0.971875       170756        35.56
    4020.223     0.975000       171297        40.00
    4073.471     0.978125       171867        45.71
    4141.055     0.981250       172407        53.33
    4206.591     0.984375       172960        64.00
    4247.551     0.985938       173218        71.11
    4288.511     0.987500       173503        80.00
    4337.663     0.989062       173771        91.43
    4395.007     0.990625       174040       106.67
    4456.447     0.992188       174322       128.00
    4493.311     0.992969       174463       142.22
    4526.079     0.993750       174599       160.00
    4575.231     0.994531       174739       182.86
    4616.191     0.995313       174865       213.33
    4673.535     0.996094       175005       256.00
    4698.111     0.996484       175075       284.44
    4726.783     0.996875       175148       320.00
    4759.551     0.997266       175213       365.71
    4800.511     0.997656       175278       426.67
    4841.471     0.998047       175346       512.00
    4861.951     0.998242       175380       568.89
    4890.623     0.998437       175415       640.00
    4927.487     0.998633       175455       731.43
    4952.063     0.998828       175483       853.33
    4988.927     0.999023       175518      1024.00
    5013.503     0.999121       175535      1137.78
    5033.983     0.999219       175550      1280.00
    5058.559     0.999316       175567      1462.86
    5083.135     0.999414       175589      1706.67
    5111.807     0.999512       175604      2048.00
    5124.095     0.999561       175611      2275.56
    5136.383     0.999609       175619      2560.00
    5152.767     0.999658       175628      2925.71
    5197.823     0.999707       175639      3413.33
    5218.303     0.999756       175645      4096.00
    5230.591     0.999780       175650      4551.11
    5246.975     0.999805       175653      5120.00
    5271.551     0.999829       175657      5851.43
    5287.935     0.999854       175663      6826.67
    5304.319     0.999878       175666      8192.00
    5337.087     0.999890       175669      9102.22
    5353.471     0.999902       175670     10240.00
    5365.759     0.999915       175672     11702.86
    5390.335     0.999927       175676     13653.33
    5423.103     0.999939       175677     16384.00
    5443.583     0.999945       175678     18204.44
    5447.679     0.999951       175679     20480.00
    5496.831     0.999957       175680     23405.71
    5505.023     0.999963       175681     27306.67
    5509.119     0.999969       175682     32768.00
    5529.599     0.999973       175683     36408.89
    5529.599     0.999976       175683     40960.00
    5533.695     0.999979       175684     46811.43
    5533.695     0.999982       175684     54613.33
    5545.983     0.999985       175685     65536.00
    5545.983     0.999986       175685     72817.78
    5545.983     0.999988       175685     81920.00
    5550.079     0.999989       175686     93622.86
    5550.079     0.999991       175686    109226.67
    5550.079     0.999992       175686    131072.00
    5550.079     0.999993       175686    145635.56
    5550.079     0.999994       175686    163840.00
    5562.367     0.999995       175687    187245.71
    5562.367     1.000000       175687          inf
#[Mean    =     2371.488, StdDeviation   =      964.298]
#[Max     =     5558.272, Total count    =       175687]
#[Buckets =           27, SubBuckets     =         2048]
-----------------------------------------------------------------------
  212403 requests in 1.00m, 32.93MB read
Requests/sec:   3549.46  
Transfer/sec:    563.57KB

=== rps=4000 c=800 t=80 url=http://10.10.1.1:19293 ===
setup: assigned thread_id=1
init: final thread_id=1, base_seed=nil
setup: assigned thread_id=2
init: final thread_id=2, base_seed=nil
setup: assigned thread_id=3
init: final thread_id=3, base_seed=nil
setup: assigned thread_id=4
init: final thread_id=4, base_seed=nil
setup: assigned thread_id=5
init: final thread_id=5, base_seed=nil
setup: assigned thread_id=6
init: final thread_id=6, base_seed=nil
setup: assigned thread_id=7
init: final thread_id=7, base_seed=nil
setup: assigned thread_id=8
init: final thread_id=8, base_seed=nil
setup: assigned thread_id=9
init: final thread_id=9, base_seed=nil
setup: assigned thread_id=10
init: final thread_id=10, base_seed=nil
setup: assigned thread_id=11
init: final thread_id=11, base_seed=nil
setup: assigned thread_id=12
init: final thread_id=12, base_seed=nil
setup: assigned thread_id=13
init: final thread_id=13, base_seed=nil
setup: assigned thread_id=14
init: final thread_id=14, base_seed=nil
setup: assigned thread_id=15
init: final thread_id=15, base_seed=nil
setup: assigned thread_id=16
init: final thread_id=16, base_seed=nil
setup: assigned thread_id=17
init: final thread_id=17, base_seed=nil
setup: assigned thread_id=18
init: final thread_id=18, base_seed=nil
setup: assigned thread_id=19
init: final thread_id=19, base_seed=nil
setup: assigned thread_id=20
init: final thread_id=20, base_seed=nil
setup: assigned thread_id=21
init: final thread_id=21, base_seed=nil
setup: assigned thread_id=22
init: final thread_id=22, base_seed=nil
setup: assigned thread_id=23
init: final thread_id=23, base_seed=nil
setup: assigned thread_id=24
init: final thread_id=24, base_seed=nil
setup: assigned thread_id=25
init: final thread_id=25, base_seed=nil
setup: assigned thread_id=26
init: final thread_id=26, base_seed=nil
setup: assigned thread_id=27
init: final thread_id=27, base_seed=nil
setup: assigned thread_id=28
init: final thread_id=28, base_seed=nil
setup: assigned thread_id=29
init: final thread_id=29, base_seed=nil
setup: assigned thread_id=30
init: final thread_id=30, base_seed=nil
setup: assigned thread_id=31
init: final thread_id=31, base_seed=nil
setup: assigned thread_id=32
init: final thread_id=32, base_seed=nil
setup: assigned thread_id=33
init: final thread_id=33, base_seed=nil
setup: assigned thread_id=34
init: final thread_id=34, base_seed=nil
setup: assigned thread_id=35
init: final thread_id=35, base_seed=nil
setup: assigned thread_id=36
init: final thread_id=36, base_seed=nil
setup: assigned thread_id=37
init: final thread_id=37, base_seed=nil
setup: assigned thread_id=38
init: final thread_id=38, base_seed=nil
setup: assigned thread_id=39
init: final thread_id=39, base_seed=nil
setup: assigned thread_id=40
init: final thread_id=40, base_seed=nil
setup: assigned thread_id=41
init: final thread_id=41, base_seed=nil
setup: assigned thread_id=42
init: final thread_id=42, base_seed=nil
setup: assigned thread_id=43
init: final thread_id=43, base_seed=nil
setup: assigned thread_id=44
init: final thread_id=44, base_seed=nil
setup: assigned thread_id=45
init: final thread_id=45, base_seed=nil
setup: assigned thread_id=46
init: final thread_id=46, base_seed=nil
setup: assigned thread_id=47
init: final thread_id=47, base_seed=nil
setup: assigned thread_id=48
init: final thread_id=48, base_seed=nil
setup: assigned thread_id=49
init: final thread_id=49, base_seed=nil
setup: assigned thread_id=50
init: final thread_id=50, base_seed=nil
setup: assigned thread_id=51
init: final thread_id=51, base_seed=nil
setup: assigned thread_id=52
init: final thread_id=52, base_seed=nil
setup: assigned thread_id=53
init: final thread_id=53, base_seed=nil
setup: assigned thread_id=54
init: final thread_id=54, base_seed=nil
setup: assigned thread_id=55
init: final thread_id=55, base_seed=nil
setup: assigned thread_id=56
init: final thread_id=56, base_seed=nil
setup: assigned thread_id=57
init: final thread_id=57, base_seed=nil
setup: assigned thread_id=58
init: final thread_id=58, base_seed=nil
setup: assigned thread_id=59
init: final thread_id=59, base_seed=nil
setup: assigned thread_id=60
init: final thread_id=60, base_seed=nil
setup: assigned thread_id=61
init: final thread_id=61, base_seed=nil
setup: assigned thread_id=62
init: final thread_id=62, base_seed=nil
setup: assigned thread_id=63
init: final thread_id=63, base_seed=nil
setup: assigned thread_id=64
init: final thread_id=64, base_seed=nil
setup: assigned thread_id=65
init: final thread_id=65, base_seed=nil
setup: assigned thread_id=66
init: final thread_id=66, base_seed=nil
setup: assigned thread_id=67
init: final thread_id=67, base_seed=nil
setup: assigned thread_id=68
init: final thread_id=68, base_seed=nil
setup: assigned thread_id=69
init: final thread_id=69, base_seed=nil
setup: assigned thread_id=70
init: final thread_id=70, base_seed=nil
setup: assigned thread_id=71
init: final thread_id=71, base_seed=nil
setup: assigned thread_id=72
init: final thread_id=72, base_seed=nil
setup: assigned thread_id=73
init: final thread_id=73, base_seed=nil
setup: assigned thread_id=74
init: final thread_id=74, base_seed=nil
setup: assigned thread_id=75
init: final thread_id=75, base_seed=nil
setup: assigned thread_id=76
init: final thread_id=76, base_seed=nil
setup: assigned thread_id=77
init: final thread_id=77, base_seed=nil
setup: assigned thread_id=78
init: final thread_id=78, base_seed=nil
setup: assigned thread_id=79
init: final thread_id=79, base_seed=nil
setup: assigned thread_id=80
init: final thread_id=80, base_seed=nil
script_want_response
Running 1m test @ http://10.10.1.1:19293
  80 threads and 800 connections

  Thread calibration: mean lat.: 334.228ms, rate sampling interval: 1080ms
  Thread calibration: mean lat.: 388.715ms, rate sampling interval: 1244ms
  Thread calibration: mean lat.: 360.382ms, rate sampling interval: 1128ms
  Thread calibration: mean lat.: 370.135ms, rate sampling interval: 1276ms
  Thread calibration: mean lat.: 352.779ms, rate sampling interval: 1154ms
  Thread calibration: mean lat.: 380.523ms, rate sampling interval: 1257ms
  Thread calibration: mean lat.: 351.361ms, rate sampling interval: 1089ms
  Thread calibration: mean lat.: 393.694ms, rate sampling interval: 1307ms
  Thread calibration: mean lat.: 385.967ms, rate sampling interval: 1228ms
  Thread calibration: mean lat.: 382.582ms, rate sampling interval: 1195ms
  Thread calibration: mean lat.: 416.862ms, rate sampling interval: 1412ms
  Thread calibration: mean lat.: 372.151ms, rate sampling interval: 1138ms
  Thread calibration: mean lat.: 374.446ms, rate sampling interval: 1126ms
  Thread calibration: mean lat.: 425.586ms, rate sampling interval: 1351ms
  Thread calibration: mean lat.: 385.494ms, rate sampling interval: 1259ms
  Thread calibration: mean lat.: 425.131ms, rate sampling interval: 1380ms
  Thread calibration: mean lat.: 406.517ms, rate sampling interval: 1318ms
  Thread calibration: mean lat.: 401.331ms, rate sampling interval: 1165ms
  Thread calibration: mean lat.: 413.429ms, rate sampling interval: 1303ms
  Thread calibration: mean lat.: 478.419ms, rate sampling interval: 1643ms
  Thread calibration: mean lat.: 387.730ms, rate sampling interval: 1282ms
  Thread calibration: mean lat.: 421.550ms, rate sampling interval: 1376ms
  Thread calibration: mean lat.: 389.272ms, rate sampling interval: 1268ms
  Thread calibration: mean lat.: 385.624ms, rate sampling interval: 1290ms
  Thread calibration: mean lat.: 361.119ms, rate sampling interval: 1139ms
  Thread calibration: mean lat.: 336.758ms, rate sampling interval: 1068ms
  Thread calibration: mean lat.: 358.959ms, rate sampling interval: 1204ms
  Thread calibration: mean lat.: 401.991ms, rate sampling interval: 1387ms
  Thread calibration: mean lat.: 305.894ms, rate sampling interval: 967ms
  Thread calibration: mean lat.: 395.058ms, rate sampling interval: 1303ms
  Thread calibration: mean lat.: 367.636ms, rate sampling interval: 1068ms
  Thread calibration: mean lat.: 384.234ms, rate sampling interval: 1228ms
  Thread calibration: mean lat.: 381.693ms, rate sampling interval: 1188ms
  Thread calibration: mean lat.: 311.180ms, rate sampling interval: 1044ms
  Thread calibration: mean lat.: 336.767ms, rate sampling interval: 1036ms
  Thread calibration: mean lat.: 326.999ms, rate sampling interval: 1058ms
  Thread calibration: mean lat.: 383.233ms, rate sampling interval: 1437ms
  Thread calibration: mean lat.: 335.510ms, rate sampling interval: 1161ms
  Thread calibration: mean lat.: 393.743ms, rate sampling interval: 1550ms
  Thread calibration: mean lat.: 355.762ms, rate sampling interval: 1243ms
  Thread calibration: mean lat.: 317.373ms, rate sampling interval: 928ms
  Thread calibration: mean lat.: 371.534ms, rate sampling interval: 1216ms
  Thread calibration: mean lat.: 365.037ms, rate sampling interval: 1180ms
  Thread calibration: mean lat.: 318.476ms, rate sampling interval: 1032ms
  Thread calibration: mean lat.: 366.433ms, rate sampling interval: 1277ms
  Thread calibration: mean lat.: 334.777ms, rate sampling interval: 1019ms
  Thread calibration: mean lat.: 327.111ms, rate sampling interval: 1026ms
  Thread calibration: mean lat.: 409.363ms, rate sampling interval: 1368ms
  Thread calibration: mean lat.: 376.686ms, rate sampling interval: 1268ms
  Thread calibration: mean lat.: 355.293ms, rate sampling interval: 1120ms
  Thread calibration: mean lat.: 360.899ms, rate sampling interval: 1116ms
  Thread calibration: mean lat.: 344.527ms, rate sampling interval: 1129ms
  Thread calibration: mean lat.: 393.962ms, rate sampling interval: 1179ms
  Thread calibration: mean lat.: 350.444ms, rate sampling interval: 1122ms
  Thread calibration: mean lat.: 431.156ms, rate sampling interval: 1498ms
  Thread calibration: mean lat.: 389.635ms, rate sampling interval: 1203ms
  Thread calibration: mean lat.: 355.285ms, rate sampling interval: 1092ms
  Thread calibration: mean lat.: 392.147ms, rate sampling interval: 1219ms
  Thread calibration: mean lat.: 380.684ms, rate sampling interval: 1126ms
  Thread calibration: mean lat.: 348.835ms, rate sampling interval: 1025ms
  Thread calibration: mean lat.: 367.444ms, rate sampling interval: 1094ms
  Thread calibration: mean lat.: 417.881ms, rate sampling interval: 1325ms
  Thread calibration: mean lat.: 360.268ms, rate sampling interval: 1113ms
  Thread calibration: mean lat.: 409.136ms, rate sampling interval: 1285ms
  Thread calibration: mean lat.: 374.455ms, rate sampling interval: 1257ms
  Thread calibration: mean lat.: 390.200ms, rate sampling interval: 1273ms
  Thread calibration: mean lat.: 363.322ms, rate sampling interval: 1105ms
  Thread calibration: mean lat.: 369.132ms, rate sampling interval: 1200ms
  Thread calibration: mean lat.: 384.726ms, rate sampling interval: 1177ms
  Thread calibration: mean lat.: 395.666ms, rate sampling interval: 1255ms
  Thread calibration: mean lat.: 404.637ms, rate sampling interval: 1310ms
  Thread calibration: mean lat.: 410.051ms, rate sampling interval: 1283ms
  Thread calibration: mean lat.: 367.068ms, rate sampling interval: 1193ms
  Thread calibration: mean lat.: 367.884ms, rate sampling interval: 1162ms
  Thread calibration: mean lat.: 359.392ms, rate sampling interval: 1120ms
  Thread calibration: mean lat.: 354.302ms, rate sampling interval: 1114ms
  Thread calibration: mean lat.: 413.073ms, rate sampling interval: 1238ms
  Thread calibration: mean lat.: 388.726ms, rate sampling interval: 1189ms
  Thread calibration: mean lat.: 436.752ms, rate sampling interval: 1471ms
  Thread calibration: mean lat.: 421.416ms, rate sampling interval: 1360ms

-----------------------------------------------------------------------
Test Results @ http://10.10.1.1:19293 
  Thread Stats   Avg      Stdev     99%   +/- Stdev
    Latency     2.78s     1.62s    7.75s    63.21%
    Req/Sec    44.96      2.76    51.00     80.72%
  Latency Distribution (HdrHistogram - Recorded Latency)
 50.000%    2.77s 
 75.000%    3.92s 
 90.000%    4.68s 
 99.000%    7.75s 
 99.900%    8.74s 
 99.990%    9.43s 
 99.999%   10.13s 
100.000%   10.16s 

  Detailed Percentile spectrum:
       Value   Percentile   TotalCount 1/(1-Percentile)

     218.495     0.000000            1         1.00
     863.231     0.100000        18140         1.11
    1094.655     0.200000        36225         1.25
    1424.383     0.300000        54336         1.43
    2123.775     0.400000        72475         1.67
    2768.895     0.500000        90611         2.00
    3031.039     0.550000        99629         2.22
    3264.511     0.600000       108653         2.50
    3487.743     0.650000       117752         2.86
    3702.783     0.700000       126801         3.33
    3915.775     0.750000       135882         4.00
    4020.223     0.775000       140361         4.44
    4130.815     0.800000       144919         5.00
    4247.551     0.825000       149458         5.71
    4374.527     0.850000       154034         6.67
    4513.791     0.875000       158467         8.00
    4595.711     0.887500       160791         8.89
    4681.727     0.900000       162984        10.00
    4788.223     0.912500       165319        11.43
    4919.295     0.925000       167544        13.33
    5091.327     0.937500       169803        16.00
    5201.919     0.943750       170908        17.78
    5328.895     0.950000       172051        20.00
    5484.543     0.956250       173184        22.86
    5726.207     0.962500       174304        26.67
    6148.095     0.968750       175431        32.00
    6385.663     0.971875       176001        35.56
    6631.423     0.975000       176565        40.00
    6873.087     0.978125       177136        45.71
    7102.463     0.981250       177697        53.33
    7348.223     0.984375       178261        64.00
    7462.911     0.985938       178547        71.11
    7581.695     0.987500       178829        80.00
    7688.191     0.989062       179119        91.43
    7798.783     0.990625       179398       106.67
    7921.663     0.992188       179676       128.00
    7983.103     0.992969       179814       142.22
    8044.543     0.993750       179963       160.00
    8105.983     0.994531       180114       182.86
    8183.807     0.995313       180242       213.33
    8265.727     0.996094       180386       256.00
    8306.687     0.996484       180455       284.44
    8355.839     0.996875       180530       320.00
    8413.183     0.997266       180599       365.71
    8462.335     0.997656       180666       426.67
    8527.871     0.998047       180735       512.00
    8577.023     0.998242       180778       568.89
    8601.599     0.998437       180807       640.00
    8642.559     0.998633       180844       731.43
    8683.519     0.998828       180875       853.33
    8749.055     0.999023       180912      1024.00
    8781.823     0.999121       180933      1137.78
    8814.591     0.999219       180949      1280.00
    8855.551     0.999316       180968      1462.86
    8888.319     0.999414       180983      1706.67
    8937.471     0.999512       181004      2048.00
    8945.663     0.999561       181009      2275.56
    8970.239     0.999609       181018      2560.00
    9003.007     0.999658       181026      2925.71
    9035.775     0.999707       181038      3413.33
    9060.351     0.999756       181043      4096.00
    9101.311     0.999780       181048      4551.11
    9166.847     0.999805       181052      5120.00
    9240.575     0.999829       181057      5851.43
    9347.071     0.999854       181062      6826.67
    9363.455     0.999878       181065      8192.00
    9420.799     0.999890       181068      9102.22
    9478.143     0.999902       181071     10240.00
    9560.063     0.999915       181072     11702.86
    9773.055     0.999927       181074     13653.33
    9822.207     0.999939       181076     16384.00
    9871.359     0.999945       181078     18204.44
    9920.511     0.999951       181079     20480.00
    9977.855     0.999957       181080     23405.71
    9994.239     0.999963       181081     27306.67
   10051.583     0.999969       181082     32768.00
   10100.735     0.999973       181083     36408.89
   10100.735     0.999976       181083     40960.00
   10108.927     0.999979       181084     46811.43
   10108.927     0.999982       181084     54613.33
   10133.503     0.999985       181085     65536.00
   10133.503     0.999986       181085     72817.78
   10133.503     0.999988       181085     81920.00
   10141.695     0.999989       181086     93622.86
   10141.695     0.999991       181086    109226.67
   10141.695     0.999992       181086    131072.00
   10141.695     0.999993       181086    145635.56
   10141.695     0.999994       181086    163840.00
   10158.079     0.999995       181087    187245.71
   10158.079     1.000000       181087          inf
#[Mean    =     2778.668, StdDeviation   =     1620.150]
#[Max     =    10149.888, Total count    =       181087]
#[Buckets =           27, SubBuckets     =         2048]
-----------------------------------------------------------------------
  217795 requests in 1.00m, 33.77MB read
Requests/sec:   3642.74  
Transfer/sec:    578.44KB
