setup: assigned thread_id=1
init: final thread_id=1, base_seed=nil
script_want_response
Running 2m test @ http://10.10.1.1:18180
  1 threads and 10 connections

  Thread calibration: mean lat.: 60.492ms, rate sampling interval: 111ms

-----------------------------------------------------------------------
Test Results @ http://10.10.1.1:18180 
  Thread Stats   Avg      Stdev     99%   +/- Stdev
    Latency     7.24ms    0.86ms   9.50ms   72.80%
    Req/Sec   100.03     24.02   181.00     86.42%
  Latency Distribution (HdrHistogram - Recorded Latency)
 50.000%    7.14ms
 75.000%    7.68ms
 90.000%    8.45ms
 99.000%    9.50ms
 99.900%   10.49ms
 99.990%   11.95ms
 99.999%   14.60ms
100.000%   14.60ms

  Detailed Percentile spectrum:
       Value   Percentile   TotalCount 1/(1-Percentile)

       4.219     0.000000            1         1.00
       6.311     0.100000          901         1.11
       6.575     0.200000         1804         1.25
       6.787     0.300000         2707         1.43
       6.967     0.400000         3615         1.67
       7.135     0.500000         4512         2.00
       7.223     0.550000         4952         2.22
       7.327     0.600000         5416         2.50
       7.431     0.650000         5866         2.86
       7.547     0.700000         6315         3.33
       7.675     0.750000         6749         4.00
       7.755     0.775000         6974         4.44
       7.851     0.800000         7205         5.00
       7.975     0.825000         7425         5.71
       8.107     0.850000         7648         6.67
       8.271     0.875000         7875         8.00
       8.359     0.887500         7985         8.89
       8.455     0.900000         8102        10.00
       8.551     0.912500         8212        11.43
       8.663     0.925000         8331        13.33
       8.767     0.937500         8437        16.00
       8.831     0.943750         8494        17.78
       8.887     0.950000         8549        20.00
       8.951     0.956250         8605        22.86
       9.031     0.962500         8662        26.67
       9.103     0.968750         8718        32.00
       9.143     0.971875         8747        35.56
       9.199     0.975000         8775        40.00
       9.247     0.978125         8804        45.71
       9.295     0.981250         8830        53.33
       9.367     0.984375         8859        64.00
       9.407     0.985938         8871        71.11
       9.439     0.987500         8885        80.00
       9.471     0.989062         8899        91.43
       9.535     0.990625         8913       106.67
       9.599     0.992188         8928       128.00
       9.623     0.992969         8934       142.22
       9.663     0.993750         8941       160.00
       9.679     0.994531         8948       182.86
       9.759     0.995313         8957       213.33
       9.823     0.996094         8962       256.00
       9.895     0.996484         8967       284.44
       9.911     0.996875         8969       320.00
       9.927     0.997266         8973       365.71
       9.951     0.997656         8977       426.67
      10.031     0.998047         8980       512.00
      10.071     0.998242         8982       568.89
      10.087     0.998437         8983       640.00
      10.271     0.998633         8985       731.43
      10.335     0.998828         8987       853.33
      10.559     0.999023         8989      1024.00
      10.615     0.999121         8990      1137.78
      10.615     0.999219         8990      1280.00
      10.719     0.999316         8992      1462.86
      10.719     0.999414         8992      1706.67
      11.303     0.999512         8993      2048.00
      11.391     0.999561         8994      2275.56
      11.391     0.999609         8994      2560.00
      11.391     0.999658         8994      2925.71
      11.663     0.999707         8995      3413.33
      11.663     0.999756         8995      4096.00
      11.951     0.999780         8996      4551.11
      11.951     0.999805         8996      5120.00
      11.951     0.999829         8996      5851.43
      11.951     0.999854         8996      6826.67
      11.951     0.999878         8996      8192.00
      14.599     0.999890         8997      9102.22
      14.599     1.000000         8997          inf
#[Mean    =        7.241, StdDeviation   =        0.860]
#[Max     =       14.592, Total count    =         8997]
#[Buckets =           27, SubBuckets     =         2048]
-----------------------------------------------------------------------
  9991 requests in 1.67m, 1.55MB read
Requests/sec:     99.90  
Transfer/sec:     15.86KB

=== rps=2000 c=200 t=20 url=http://10.10.1.1:18180 ===
setup: assigned thread_id=1
init: final thread_id=1, base_seed=nil
setup: assigned thread_id=2
init: final thread_id=2, base_seed=nil
setup: assigned thread_id=3
init: final thread_id=3, base_seed=nil
setup: assigned thread_id=4
init: final thread_id=4, base_seed=nil
setup: assigned thread_id=5
init: final thread_id=5, base_seed=nil
setup: assigned thread_id=6
init: final thread_id=6, base_seed=nil
setup: assigned thread_id=7
init: final thread_id=7, base_seed=nil
setup: assigned thread_id=8
init: final thread_id=8, base_seed=nil
setup: assigned thread_id=9
init: final thread_id=9, base_seed=nil
setup: assigned thread_id=10
init: final thread_id=10, base_seed=nil
setup: assigned thread_id=11
init: final thread_id=11, base_seed=nil
setup: assigned thread_id=12
init: final thread_id=12, base_seed=nil
setup: assigned thread_id=13
init: final thread_id=13, base_seed=nil
setup: assigned thread_id=14
init: final thread_id=14, base_seed=nil
setup: assigned thread_id=15
init: final thread_id=15, base_seed=nil
setup: assigned thread_id=16
init: final thread_id=16, base_seed=nil
setup: assigned thread_id=17
init: final thread_id=17, base_seed=nil
setup: assigned thread_id=18
init: final thread_id=18, base_seed=nil
setup: assigned thread_id=19
init: final thread_id=19, base_seed=nil
setup: assigned thread_id=20
init: final thread_id=20, base_seed=nil
script_want_response
Running 1m test @ http://10.10.1.1:18180
  20 threads and 200 connections

  Thread calibration: mean lat.: 10.768ms, rate sampling interval: 36ms
  Thread calibration: mean lat.: 12.249ms, rate sampling interval: 43ms
  Thread calibration: mean lat.: 11.531ms, rate sampling interval: 40ms
  Thread calibration: mean lat.: 11.684ms, rate sampling interval: 39ms
  Thread calibration: mean lat.: 12.153ms, rate sampling interval: 40ms
  Thread calibration: mean lat.: 13.595ms, rate sampling interval: 43ms
  Thread calibration: mean lat.: 13.199ms, rate sampling interval: 41ms
  Thread calibration: mean lat.: 13.260ms, rate sampling interval: 39ms
  Thread calibration: mean lat.: 14.001ms, rate sampling interval: 42ms
  Thread calibration: mean lat.: 13.742ms, rate sampling interval: 41ms
  Thread calibration: mean lat.: 13.748ms, rate sampling interval: 43ms
  Thread calibration: mean lat.: 16.651ms, rate sampling interval: 47ms
  Thread calibration: mean lat.: 16.515ms, rate sampling interval: 47ms
  Thread calibration: mean lat.: 17.218ms, rate sampling interval: 49ms
  Thread calibration: mean lat.: 18.127ms, rate sampling interval: 50ms
  Thread calibration: mean lat.: 19.727ms, rate sampling interval: 51ms
  Thread calibration: mean lat.: 19.451ms, rate sampling interval: 49ms
  Thread calibration: mean lat.: 18.901ms, rate sampling interval: 49ms
  Thread calibration: mean lat.: 18.467ms, rate sampling interval: 48ms
  Thread calibration: mean lat.: 17.782ms, rate sampling interval: 46ms

-----------------------------------------------------------------------
Test Results @ http://10.10.1.1:18180 
  Thread Stats   Avg      Stdev     99%   +/- Stdev
    Latency    16.87ms    8.57ms  51.13ms   78.64%
    Req/Sec   100.88     78.71   257.00     54.31%
  Latency Distribution (HdrHistogram - Recorded Latency)
 50.000%   15.00ms
 75.000%   20.45ms
 90.000%   27.04ms
 99.000%   51.13ms
 99.900%   69.95ms
 99.990%   74.75ms
 99.999%   76.16ms
100.000%   77.57ms

  Detailed Percentile spectrum:
       Value   Percentile   TotalCount 1/(1-Percentile)

       5.935     0.000000            1         1.00
       8.503     0.100000         9997         1.11
      10.047     0.200000        19984         1.25
      11.535     0.300000        30025         1.43
      13.279     0.400000        39969         1.67
      14.999     0.500000        49965         2.00
      15.903     0.550000        54996         2.22
      16.847     0.600000        59991         2.50
      17.919     0.650000        64962         2.86
      19.135     0.700000        69982         3.33
      20.447     0.750000        74959         4.00
      21.183     0.775000        77443         4.44
      21.999     0.800000        79938         5.00
      22.959     0.825000        82431         5.71
      24.079     0.850000        84941         6.67
      25.407     0.875000        87418         8.00
      26.159     0.887500        88676         8.89
      27.039     0.900000        89918        10.00
      28.127     0.912500        91172        11.43
      29.759     0.925000        92414        13.33
      31.391     0.937500        93670        16.00
      32.191     0.943750        94309        17.78
      32.895     0.950000        94920        20.00
      33.695     0.956250        95539        22.86
      34.687     0.962500        96171        26.67
      36.223     0.968750        96787        32.00
      37.279     0.971875        97104        35.56
      38.463     0.975000        97413        40.00
      39.711     0.978125        97720        45.71
      41.311     0.981250        98032        53.33
      44.319     0.984375        98344        64.00
      45.823     0.985938        98501        71.11
      48.351     0.987500        98659        80.00
      50.175     0.989062        98815        91.43
      51.679     0.990625        98972       106.67
      53.407     0.992188        99126       128.00
      54.079     0.992969        99204       142.22
      55.007     0.993750        99281       160.00
      55.743     0.994531        99359       182.86
      56.767     0.995313        99438       213.33
      58.335     0.996094        99516       256.00
      59.007     0.996484        99556       284.44
      59.903     0.996875        99593       320.00
      60.927     0.997266        99634       365.71
      61.855     0.997656        99671       426.67
      63.455     0.998047        99710       512.00
      64.735     0.998242        99730       568.89
      66.239     0.998437        99750       640.00
      67.775     0.998633        99770       731.43
      68.863     0.998828        99788       853.33
      70.143     0.999023        99809      1024.00
      70.655     0.999121        99822      1137.78
      70.911     0.999219        99827      1280.00
      71.167     0.999316        99837      1462.86
      71.615     0.999414        99847      1706.67
      72.255     0.999512        99857      2048.00
      72.703     0.999561        99862      2275.56
      73.087     0.999609        99866      2560.00
      73.471     0.999658        99871      2925.71
      73.599     0.999707        99877      3413.33
      73.791     0.999756        99881      4096.00
      73.919     0.999780        99885      4551.11
      73.983     0.999805        99886      5120.00
      74.111     0.999829        99888      5851.43
      74.431     0.999854        99891      6826.67
      74.623     0.999878        99893      8192.00
      74.751     0.999890        99897      9102.22
      74.751     0.999902        99897     10240.00
      74.751     0.999915        99897     11702.86
      75.071     0.999927        99899     13653.33
      75.071     0.999939        99899     16384.00
      75.199     0.999945        99900     18204.44
      75.519     0.999951        99902     20480.00
      75.519     0.999957        99902     23405.71
      75.519     0.999963        99902     27306.67
      75.519     0.999969        99902     32768.00
      75.583     0.999973        99903     36408.89
      75.583     0.999976        99903     40960.00
      75.583     0.999979        99903     46811.43
      76.159     0.999982        99904     54613.33
      76.159     0.999985        99904     65536.00
      76.159     0.999986        99904     72817.78
      76.159     0.999988        99904     81920.00
      76.159     0.999989        99904     93622.86
      77.567     0.999991        99905    109226.67
      77.567     1.000000        99905          inf
#[Mean    =       16.872, StdDeviation   =        8.574]
#[Max     =       77.504, Total count    =        99905]
#[Buckets =           27, SubBuckets     =         2048]
-----------------------------------------------------------------------
  119734 requests in 1.00m, 18.57MB read
Requests/sec:   1998.41  
Transfer/sec:    317.39KB

=== rps=2200 c=242 t=25 url=http://10.10.1.1:18180 ===
setup: assigned thread_id=1
init: final thread_id=1, base_seed=nil
setup: assigned thread_id=2
init: final thread_id=2, base_seed=nil
setup: assigned thread_id=3
init: final thread_id=3, base_seed=nil
setup: assigned thread_id=4
init: final thread_id=4, base_seed=nil
setup: assigned thread_id=5
init: final thread_id=5, base_seed=nil
setup: assigned thread_id=6
init: final thread_id=6, base_seed=nil
setup: assigned thread_id=7
init: final thread_id=7, base_seed=nil
setup: assigned thread_id=8
init: final thread_id=8, base_seed=nil
setup: assigned thread_id=9
init: final thread_id=9, base_seed=nil
setup: assigned thread_id=10
init: final thread_id=10, base_seed=nil
setup: assigned thread_id=11
init: final thread_id=11, base_seed=nil
setup: assigned thread_id=12
init: final thread_id=12, base_seed=nil
setup: assigned thread_id=13
init: final thread_id=13, base_seed=nil
setup: assigned thread_id=14
init: final thread_id=14, base_seed=nil
setup: assigned thread_id=15
init: final thread_id=15, base_seed=nil
setup: assigned thread_id=16
init: final thread_id=16, base_seed=nil
setup: assigned thread_id=17
init: final thread_id=17, base_seed=nil
setup: assigned thread_id=18
init: final thread_id=18, base_seed=nil
setup: assigned thread_id=19
init: final thread_id=19, base_seed=nil
setup: assigned thread_id=20
init: final thread_id=20, base_seed=nil
setup: assigned thread_id=21
init: final thread_id=21, base_seed=nil
setup: assigned thread_id=22
init: final thread_id=22, base_seed=nil
setup: assigned thread_id=23
init: final thread_id=23, base_seed=nil
setup: assigned thread_id=24
init: final thread_id=24, base_seed=nil
setup: assigned thread_id=25
init: final thread_id=25, base_seed=nil
script_want_response
Running 1m test @ http://10.10.1.1:18180
  25 threads and 242 connections

  Thread calibration: mean lat.: 12.536ms, rate sampling interval: 47ms
  Thread calibration: mean lat.: 12.673ms, rate sampling interval: 45ms
  Thread calibration: mean lat.: 12.594ms, rate sampling interval: 42ms
  Thread calibration: mean lat.: 12.619ms, rate sampling interval: 39ms
  Thread calibration: mean lat.: 12.569ms, rate sampling interval: 38ms
  Thread calibration: mean lat.: 16.383ms, rate sampling interval: 49ms
  Thread calibration: mean lat.: 12.830ms, rate sampling interval: 36ms
  Thread calibration: mean lat.: 12.955ms, rate sampling interval: 35ms
  Thread calibration: mean lat.: 12.793ms, rate sampling interval: 34ms
  Thread calibration: mean lat.: 12.903ms, rate sampling interval: 33ms
  Thread calibration: mean lat.: 12.843ms, rate sampling interval: 32ms
  Thread calibration: mean lat.: 12.636ms, rate sampling interval: 32ms
  Thread calibration: mean lat.: 12.774ms, rate sampling interval: 32ms
  Thread calibration: mean lat.: 12.801ms, rate sampling interval: 32ms
  Thread calibration: mean lat.: 12.527ms, rate sampling interval: 31ms
  Thread calibration: mean lat.: 12.473ms, rate sampling interval: 32ms
  Thread calibration: mean lat.: 12.987ms, rate sampling interval: 34ms
  Thread calibration: mean lat.: 16.546ms, rate sampling interval: 49ms
  Thread calibration: mean lat.: 16.952ms, rate sampling interval: 50ms
  Thread calibration: mean lat.: 17.433ms, rate sampling interval: 51ms
  Thread calibration: mean lat.: 17.656ms, rate sampling interval: 52ms
  Thread calibration: mean lat.: 17.622ms, rate sampling interval: 51ms
  Thread calibration: mean lat.: 17.547ms, rate sampling interval: 51ms
  Thread calibration: mean lat.: 17.368ms, rate sampling interval: 50ms
  Thread calibration: mean lat.: 16.936ms, rate sampling interval: 50ms

-----------------------------------------------------------------------
Test Results @ http://10.10.1.1:18180 
  Thread Stats   Avg      Stdev     99%   +/- Stdev
    Latency    15.18ms    6.73ms  39.49ms   81.30%
    Req/Sec    88.91     79.62   250.00     41.97%
  Latency Distribution (HdrHistogram - Recorded Latency)
 50.000%   13.41ms
 75.000%   17.55ms
 90.000%   23.57ms
 99.000%   39.49ms
 99.900%   60.26ms
 99.990%   73.34ms
 99.999%   75.20ms
100.000%   75.26ms

  Detailed Percentile spectrum:
       Value   Percentile   TotalCount 1/(1-Percentile)

       6.139     0.000000            1         1.00
       9.039     0.100000        11017         1.11
      10.191     0.200000        22075         1.25
      11.207     0.300000        32990         1.43
      12.263     0.400000        44000         1.67
      13.415     0.500000        54964         2.00
      14.063     0.550000        60519         2.22
      14.767     0.600000        65957         2.50
      15.575     0.650000        71502         2.86
      16.495     0.700000        77016         3.33
      17.551     0.750000        82441         4.00
      18.191     0.775000        85204         4.44
      18.911     0.800000        87994         5.00
      19.727     0.825000        90689         5.71
      20.719     0.850000        93467         6.67
      21.951     0.875000        96185         8.00
      22.703     0.887500        97573         8.89
      23.567     0.900000        98938        10.00
      24.527     0.912500       100320        11.43
      25.663     0.925000       101679        13.33
      26.911     0.937500       103057        16.00
      27.647     0.943750       103746        17.78
      28.511     0.950000       104428        20.00
      29.455     0.956250       105114        22.86
      30.495     0.962500       105801        26.67
      31.759     0.968750       106488        32.00
      32.463     0.971875       106834        35.56
      33.343     0.975000       107184        40.00
      34.175     0.978125       107517        45.71
      35.327     0.981250       107866        53.33
      36.639     0.984375       108209        64.00
      37.247     0.985938       108376        71.11
      37.983     0.987500       108550        80.00
      38.847     0.989062       108719        91.43
      39.903     0.990625       108894       106.67
      41.055     0.992188       109066       128.00
      41.823     0.992969       109150       142.22
      42.719     0.993750       109234       160.00
      43.775     0.994531       109321       182.86
      44.703     0.995313       109406       213.33
      45.791     0.996094       109493       256.00
      46.559     0.996484       109536       284.44
      47.583     0.996875       109578       320.00
      48.799     0.997266       109622       365.71
      50.367     0.997656       109664       426.67
      52.415     0.998047       109708       512.00
      53.183     0.998242       109729       568.89
      54.335     0.998437       109750       640.00
      55.711     0.998633       109771       731.43
      58.527     0.998828       109793       853.33
      61.055     0.999023       109814      1024.00
      62.239     0.999121       109825      1137.78
      63.903     0.999219       109836      1280.00
      64.415     0.999316       109847      1462.86
      65.727     0.999414       109858      1706.67
      67.263     0.999512       109868      2048.00
      68.479     0.999561       109874      2275.56
      68.991     0.999609       109879      2560.00
      69.823     0.999658       109885      2925.71
      70.527     0.999707       109889      3413.33
      71.551     0.999756       109895      4096.00
      71.679     0.999780       109897      4551.11
      71.999     0.999805       109900      5120.00
      72.319     0.999829       109903      5851.43
      72.703     0.999854       109905      6826.67
      73.151     0.999878       109909      8192.00
      73.151     0.999890       109909      9102.22
      73.599     0.999902       109911     10240.00
      73.791     0.999915       109913     11702.86
      73.791     0.999927       109913     13653.33
      74.175     0.999939       109915     16384.00
      74.175     0.999945       109915     18204.44
      74.239     0.999951       109916     20480.00
      74.559     0.999957       109917     23405.71
      74.559     0.999963       109917     27306.67
      74.815     0.999969       109918     32768.00
      74.815     0.999973       109918     36408.89
      75.007     0.999976       109919     40960.00
      75.007     0.999979       109919     46811.43
      75.007     0.999982       109919     54613.33
      75.199     0.999985       109920     65536.00
      75.199     0.999986       109920     72817.78
      75.199     0.999988       109920     81920.00
      75.199     0.999989       109920     93622.86
      75.199     0.999991       109920    109226.67
      75.263     0.999992       109921    131072.00
      75.263     1.000000       109921          inf
#[Mean    =       15.182, StdDeviation   =        6.728]
#[Max     =       75.200, Total count    =       109921]
#[Buckets =           27, SubBuckets     =         2048]
-----------------------------------------------------------------------
  131671 requests in 1.00m, 20.42MB read
Requests/sec:   2196.51  
Transfer/sec:    348.79KB

=== rps=2400 c=288 t=29 url=http://10.10.1.1:18180 ===
setup: assigned thread_id=1
init: final thread_id=1, base_seed=nil
setup: assigned thread_id=2
init: final thread_id=2, base_seed=nil
setup: assigned thread_id=3
init: final thread_id=3, base_seed=nil
setup: assigned thread_id=4
init: final thread_id=4, base_seed=nil
setup: assigned thread_id=5
init: final thread_id=5, base_seed=nil
setup: assigned thread_id=6
init: final thread_id=6, base_seed=nil
setup: assigned thread_id=7
init: final thread_id=7, base_seed=nil
setup: assigned thread_id=8
init: final thread_id=8, base_seed=nil
setup: assigned thread_id=9
init: final thread_id=9, base_seed=nil
setup: assigned thread_id=10
init: final thread_id=10, base_seed=nil
setup: assigned thread_id=11
init: final thread_id=11, base_seed=nil
setup: assigned thread_id=12
init: final thread_id=12, base_seed=nil
setup: assigned thread_id=13
init: final thread_id=13, base_seed=nil
setup: assigned thread_id=14
init: final thread_id=14, base_seed=nil
setup: assigned thread_id=15
init: final thread_id=15, base_seed=nil
setup: assigned thread_id=16
init: final thread_id=16, base_seed=nil
setup: assigned thread_id=17
init: final thread_id=17, base_seed=nil
setup: assigned thread_id=18
init: final thread_id=18, base_seed=nil
setup: assigned thread_id=19
init: final thread_id=19, base_seed=nil
setup: assigned thread_id=20
init: final thread_id=20, base_seed=nil
setup: assigned thread_id=21
init: final thread_id=21, base_seed=nil
setup: assigned thread_id=22
init: final thread_id=22, base_seed=nil
setup: assigned thread_id=23
init: final thread_id=23, base_seed=nil
setup: assigned thread_id=24
init: final thread_id=24, base_seed=nil
setup: assigned thread_id=25
init: final thread_id=25, base_seed=nil
setup: assigned thread_id=26
init: final thread_id=26, base_seed=nil
setup: assigned thread_id=27
init: final thread_id=27, base_seed=nil
setup: assigned thread_id=28
init: final thread_id=28, base_seed=nil
setup: assigned thread_id=29
init: final thread_id=29, base_seed=nil
script_want_response
Running 1m test @ http://10.10.1.1:18180
  29 threads and 288 connections

  Thread calibration: mean lat.: 19.079ms, rate sampling interval: 61ms
  Thread calibration: mean lat.: 19.809ms, rate sampling interval: 60ms
  Thread calibration: mean lat.: 20.681ms, rate sampling interval: 60ms
  Thread calibration: mean lat.: 20.672ms, rate sampling interval: 60ms
  Thread calibration: mean lat.: 20.126ms, rate sampling interval: 59ms
  Thread calibration: mean lat.: 19.552ms, rate sampling interval: 57ms
  Thread calibration: mean lat.: 19.340ms, rate sampling interval: 55ms
  Thread calibration: mean lat.: 18.083ms, rate sampling interval: 52ms
  Thread calibration: mean lat.: 17.606ms, rate sampling interval: 49ms
  Thread calibration: mean lat.: 17.155ms, rate sampling interval: 48ms
  Thread calibration: mean lat.: 16.433ms, rate sampling interval: 46ms
  Thread calibration: mean lat.: 15.231ms, rate sampling interval: 44ms
  Thread calibration: mean lat.: 15.512ms, rate sampling interval: 46ms
  Thread calibration: mean lat.: 15.383ms, rate sampling interval: 46ms
  Thread calibration: mean lat.: 15.243ms, rate sampling interval: 46ms
  Thread calibration: mean lat.: 19.157ms, rate sampling interval: 63ms
  Thread calibration: mean lat.: 20.332ms, rate sampling interval: 69ms
  Thread calibration: mean lat.: 21.428ms, rate sampling interval: 71ms
  Thread calibration: mean lat.: 22.119ms, rate sampling interval: 72ms
  Thread calibration: mean lat.: 22.984ms, rate sampling interval: 74ms
  Thread calibration: mean lat.: 23.448ms, rate sampling interval: 73ms
  Thread calibration: mean lat.: 24.003ms, rate sampling interval: 73ms
  Thread calibration: mean lat.: 23.786ms, rate sampling interval: 74ms
  Thread calibration: mean lat.: 23.149ms, rate sampling interval: 71ms
  Thread calibration: mean lat.: 22.514ms, rate sampling interval: 70ms
  Thread calibration: mean lat.: 22.370ms, rate sampling interval: 69ms
  Thread calibration: mean lat.: 22.022ms, rate sampling interval: 68ms
  Thread calibration: mean lat.: 21.626ms, rate sampling interval: 65ms
  Thread calibration: mean lat.: 21.779ms, rate sampling interval: 66ms

-----------------------------------------------------------------------
Test Results @ http://10.10.1.1:18180 
  Thread Stats   Avg      Stdev     99%   +/- Stdev
    Latency    26.40ms   14.00ms  66.94ms   74.94%
    Req/Sec    82.35     60.20   200.00     58.05%
  Latency Distribution (HdrHistogram - Recorded Latency)
 50.000%   23.47ms
 75.000%   33.60ms
 90.000%   44.06ms
 99.000%   66.94ms
 99.900%  140.80ms
 99.990%  191.49ms
 99.999%  215.17ms
100.000%  215.81ms

  Detailed Percentile spectrum:
       Value   Percentile   TotalCount 1/(1-Percentile)

       7.087     0.000000            1         1.00
      12.239     0.100000        11883         1.11
      14.959     0.200000        23775         1.25
      17.679     0.300000        35692         1.43
      20.463     0.400000        47567         1.67
      23.471     0.500000        59399         2.00
      25.103     0.550000        65363         2.22
      26.831     0.600000        71290         2.50
      28.895     0.650000        77247         2.86
      31.199     0.700000        83206         3.33
      33.599     0.750000        89099         4.00
      34.879     0.775000        92079         4.44
      36.415     0.800000        95096         5.00
      38.047     0.825000        98013         5.71
      39.999     0.850000       100994         6.67
      42.079     0.875000       103992         8.00
      43.039     0.887500       105435         8.89
      44.063     0.900000       106921        10.00
      45.215     0.912500       108444        11.43
      46.527     0.925000       109908        13.33
      48.031     0.937500       111395        16.00
      48.863     0.943750       112121        17.78
      49.855     0.950000       112865        20.00
      50.975     0.956250       113604        22.86
      52.223     0.962500       114354        26.67
      53.951     0.968750       115085        32.00
      54.943     0.971875       115459        35.56
      55.999     0.975000       115834        40.00
      57.439     0.978125       116203        45.71
      59.039     0.981250       116573        53.33
      61.311     0.984375       116944        64.00
      62.559     0.985938       117131        71.11
      64.127     0.987500       117314        80.00
      65.791     0.989062       117499        91.43
      67.583     0.990625       117685       106.67
      70.655     0.992188       117870       128.00
      73.279     0.992969       117963       142.22
      76.031     0.993750       118057       160.00
      79.231     0.994531       118149       182.86
      82.303     0.995313       118242       213.33
      84.671     0.996094       118334       256.00
      86.591     0.996484       118381       284.44
      91.391     0.996875       118426       320.00
      98.559     0.997266       118473       365.71
     106.879     0.997656       118520       426.67
     119.551     0.998047       118565       512.00
     125.183     0.998242       118589       568.89
     129.855     0.998437       118612       640.00
     137.343     0.998633       118635       731.43
     139.391     0.998828       118660       853.33
     141.055     0.999023       118682      1024.00
     143.615     0.999121       118693      1137.78
     147.455     0.999219       118705      1280.00
     152.447     0.999316       118716      1462.86
     160.639     0.999414       118728      1706.67
     171.647     0.999512       118741      2048.00
     173.567     0.999561       118745      2275.56
     175.103     0.999609       118751      2560.00
     178.047     0.999658       118757      2925.71
     180.223     0.999707       118763      3413.33
     181.631     0.999756       118768      4096.00
     183.423     0.999780       118771      4551.11
     185.983     0.999805       118774      5120.00
     187.263     0.999829       118777      5851.43
     189.951     0.999854       118780      6826.67
     190.719     0.999878       118783      8192.00
     191.359     0.999890       118784      9102.22
     191.999     0.999902       118786     10240.00
     192.383     0.999915       118787     11702.86
     193.663     0.999927       118789     13653.33
     194.047     0.999939       118790     16384.00
     194.559     0.999945       118791     18204.44
     194.687     0.999951       118792     20480.00
     194.687     0.999957       118792     23405.71
     195.071     0.999963       118793     27306.67
     200.831     0.999969       118794     32768.00
     200.831     0.999973       118794     36408.89
     203.263     0.999976       118795     40960.00
     203.263     0.999979       118795     46811.43
     203.263     0.999982       118795     54613.33
     215.167     0.999985       118796     65536.00
     215.167     0.999986       118796     72817.78
     215.167     0.999988       118796     81920.00
     215.167     0.999989       118796     93622.86
     215.167     0.999991       118796    109226.67
     215.807     0.999992       118797    131072.00
     215.807     1.000000       118797          inf
#[Mean    =       26.400, StdDeviation   =       13.996]
#[Max     =      215.680, Total count    =       118797]
#[Buckets =           27, SubBuckets     =         2048]
-----------------------------------------------------------------------
  142335 requests in 1.00m, 22.07MB read
Requests/sec:   2373.85  
Transfer/sec:    376.94KB

=== rps=2600 c=338 t=34 url=http://10.10.1.1:18180 ===
setup: assigned thread_id=1
init: final thread_id=1, base_seed=nil
setup: assigned thread_id=2
init: final thread_id=2, base_seed=nil
setup: assigned thread_id=3
init: final thread_id=3, base_seed=nil
setup: assigned thread_id=4
init: final thread_id=4, base_seed=nil
setup: assigned thread_id=5
init: final thread_id=5, base_seed=nil
setup: assigned thread_id=6
init: final thread_id=6, base_seed=nil
setup: assigned thread_id=7
init: final thread_id=7, base_seed=nil
setup: assigned thread_id=8
init: final thread_id=8, base_seed=nil
setup: assigned thread_id=9
init: final thread_id=9, base_seed=nil
setup: assigned thread_id=10
init: final thread_id=10, base_seed=nil
setup: assigned thread_id=11
init: final thread_id=11, base_seed=nil
setup: assigned thread_id=12
init: final thread_id=12, base_seed=nil
setup: assigned thread_id=13
init: final thread_id=13, base_seed=nil
setup: assigned thread_id=14
init: final thread_id=14, base_seed=nil
setup: assigned thread_id=15
init: final thread_id=15, base_seed=nil
setup: assigned thread_id=16
init: final thread_id=16, base_seed=nil
setup: assigned thread_id=17
init: final thread_id=17, base_seed=nil
setup: assigned thread_id=18
init: final thread_id=18, base_seed=nil
setup: assigned thread_id=19
init: final thread_id=19, base_seed=nil
setup: assigned thread_id=20
init: final thread_id=20, base_seed=nil
setup: assigned thread_id=21
init: final thread_id=21, base_seed=nil
setup: assigned thread_id=22
init: final thread_id=22, base_seed=nil
setup: assigned thread_id=23
init: final thread_id=23, base_seed=nil
setup: assigned thread_id=24
init: final thread_id=24, base_seed=nil
setup: assigned thread_id=25
init: final thread_id=25, base_seed=nil
setup: assigned thread_id=26
init: final thread_id=26, base_seed=nil
setup: assigned thread_id=27
init: final thread_id=27, base_seed=nil
setup: assigned thread_id=28
init: final thread_id=28, base_seed=nil
setup: assigned thread_id=29
init: final thread_id=29, base_seed=nil
setup: assigned thread_id=30
init: final thread_id=30, base_seed=nil
setup: assigned thread_id=31
init: final thread_id=31, base_seed=nil
setup: assigned thread_id=32
init: final thread_id=32, base_seed=nil
setup: assigned thread_id=33
init: final thread_id=33, base_seed=nil
setup: assigned thread_id=34
init: final thread_id=34, base_seed=nil
script_want_response
Running 1m test @ http://10.10.1.1:18180
  34 threads and 338 connections

  Thread calibration: mean lat.: 43.628ms, rate sampling interval: 124ms
  Thread calibration: mean lat.: 43.875ms, rate sampling interval: 122ms
  Thread calibration: mean lat.: 43.345ms, rate sampling interval: 122ms
  Thread calibration: mean lat.: 43.058ms, rate sampling interval: 121ms
  Thread calibration: mean lat.: 43.264ms, rate sampling interval: 123ms
  Thread calibration: mean lat.: 43.019ms, rate sampling interval: 124ms
  Thread calibration: mean lat.: 42.771ms, rate sampling interval: 122ms
  Thread calibration: mean lat.: 42.497ms, rate sampling interval: 120ms
  Thread calibration: mean lat.: 43.090ms, rate sampling interval: 125ms
  Thread calibration: mean lat.: 42.698ms, rate sampling interval: 123ms
  Thread calibration: mean lat.: 43.023ms, rate sampling interval: 125ms
  Thread calibration: mean lat.: 36.848ms, rate sampling interval: 118ms
  Thread calibration: mean lat.: 32.985ms, rate sampling interval: 120ms
  Thread calibration: mean lat.: 32.469ms, rate sampling interval: 118ms
  Thread calibration: mean lat.: 30.879ms, rate sampling interval: 118ms
  Thread calibration: mean lat.: 30.236ms, rate sampling interval: 120ms
  Thread calibration: mean lat.: 33.530ms, rate sampling interval: 123ms
  Thread calibration: mean lat.: 34.624ms, rate sampling interval: 124ms
  Thread calibration: mean lat.: 36.116ms, rate sampling interval: 125ms
  Thread calibration: mean lat.: 37.878ms, rate sampling interval: 127ms
  Thread calibration: mean lat.: 39.100ms, rate sampling interval: 126ms
  Thread calibration: mean lat.: 40.995ms, rate sampling interval: 126ms
  Thread calibration: mean lat.: 42.258ms, rate sampling interval: 126ms
  Thread calibration: mean lat.: 40.540ms, rate sampling interval: 127ms
  Thread calibration: mean lat.: 40.303ms, rate sampling interval: 127ms
  Thread calibration: mean lat.: 40.844ms, rate sampling interval: 126ms
  Thread calibration: mean lat.: 43.375ms, rate sampling interval: 121ms
  Thread calibration: mean lat.: 37.790ms, rate sampling interval: 126ms
  Thread calibration: mean lat.: 35.038ms, rate sampling interval: 124ms
  Thread calibration: mean lat.: 37.023ms, rate sampling interval: 123ms
  Thread calibration: mean lat.: 37.543ms, rate sampling interval: 123ms
  Thread calibration: mean lat.: 38.527ms, rate sampling interval: 121ms
  Thread calibration: mean lat.: 39.859ms, rate sampling interval: 125ms
  Thread calibration: mean lat.: 40.282ms, rate sampling interval: 124ms

-----------------------------------------------------------------------
Test Results @ http://10.10.1.1:18180 
  Thread Stats   Avg      Stdev     99%   +/- Stdev
    Latency    46.34ms   23.54ms 116.10ms   68.40%
    Req/Sec    75.86     25.42   145.00     76.34%
  Latency Distribution (HdrHistogram - Recorded Latency)
 50.000%   43.62ms
 75.000%   60.70ms
 90.000%   76.48ms
 99.000%  116.10ms
 99.900%  155.77ms
 99.990%  182.14ms
 99.999%  201.98ms
100.000%  202.37ms

  Detailed Percentile spectrum:
       Value   Percentile   TotalCount 1/(1-Percentile)

       7.275     0.000000            1         1.00
      18.175     0.100000        12916         1.11
      24.943     0.200000        25809         1.25
      31.535     0.300000        38707         1.43
      37.631     0.400000        51618         1.67
      43.615     0.500000        64532         2.00
      46.623     0.550000        70988         2.22
      49.759     0.600000        77459         2.50
      53.087     0.650000        83853         2.86
      56.671     0.700000        90349         3.33
      60.703     0.750000        96764         4.00
      62.751     0.775000       100010         4.44
      64.927     0.800000       103223         5.00
      67.327     0.825000       106502         5.71
      69.951     0.850000       109728         6.67
      72.831     0.875000       112937         8.00
      74.495     0.887500       114529         8.89
      76.479     0.900000       116152        10.00
      78.527     0.912500       117712        11.43
      81.215     0.925000       119340        13.33
      84.479     0.937500       120959        16.00
      86.591     0.943750       121743        17.78
      88.703     0.950000       122555        20.00
      91.071     0.956250       123366        22.86
      93.503     0.962500       124164        26.67
      96.767     0.968750       124984        32.00
      98.687     0.971875       125372        35.56
     101.183     0.975000       125780        40.00
     103.551     0.978125       126182        45.71
     106.367     0.981250       126585        53.33
     109.567     0.984375       126983        64.00
     111.487     0.985938       127184        71.11
     113.279     0.987500       127392        80.00
     115.007     0.989062       127593        91.43
     117.119     0.990625       127791       106.67
     119.935     0.992188       127993       128.00
     121.471     0.992969       128094       142.22
     122.943     0.993750       128192       160.00
     124.735     0.994531       128293       182.86
     127.551     0.995313       128395       213.33
     129.791     0.996094       128496       256.00
     131.711     0.996484       128547       284.44
     133.247     0.996875       128598       320.00
     135.423     0.997266       128646       365.71
     137.855     0.997656       128696       426.67
     141.055     0.998047       128748       512.00
     143.615     0.998242       128772       568.89
     147.199     0.998437       128797       640.00
     151.295     0.998633       128823       731.43
     153.599     0.998828       128847       853.33
     156.031     0.999023       128873      1024.00
     158.847     0.999121       128885      1137.78
     162.175     0.999219       128899      1280.00
     164.223     0.999316       128911      1462.86
     166.399     0.999414       128924      1706.67
     169.343     0.999512       128936      2048.00
     170.623     0.999561       128944      2275.56
     171.519     0.999609       128948      2560.00
     172.415     0.999658       128955      2925.71
     173.183     0.999707       128961      3413.33
     174.463     0.999756       128967      4096.00
     175.487     0.999780       128970      4551.11
     176.127     0.999805       128973      5120.00
     178.687     0.999829       128976      5851.43
     181.119     0.999854       128980      6826.67
     181.887     0.999878       128984      8192.00
     181.887     0.999890       128984      9102.22
     182.399     0.999902       128986     10240.00
     183.679     0.999915       128987     11702.86
     184.319     0.999927       128989     13653.33
     185.599     0.999939       128991     16384.00
     185.599     0.999945       128991     18204.44
     185.855     0.999951       128992     20480.00
     186.367     0.999957       128993     23405.71
     187.391     0.999963       128994     27306.67
     190.207     0.999969       128995     32768.00
     190.207     0.999973       128995     36408.89
     190.207     0.999976       128995     40960.00
     196.223     0.999979       128996     46811.43
     196.223     0.999982       128996     54613.33
     201.983     0.999985       128997     65536.00
     201.983     0.999986       128997     72817.78
     201.983     0.999988       128997     81920.00
     201.983     0.999989       128997     93622.86
     201.983     0.999991       128997    109226.67
     202.367     0.999992       128998    131072.00
     202.367     1.000000       128998          inf
#[Mean    =       46.336, StdDeviation   =       23.542]
#[Max     =      202.240, Total count    =       128998]
#[Buckets =           27, SubBuckets     =         2048]
-----------------------------------------------------------------------
  154566 requests in 1.00m, 23.97MB read
Requests/sec:   2578.34  
Transfer/sec:    409.46KB

=== rps=2800 c=392 t=40 url=http://10.10.1.1:18180 ===
setup: assigned thread_id=1
init: final thread_id=1, base_seed=nil
setup: assigned thread_id=2
init: final thread_id=2, base_seed=nil
setup: assigned thread_id=3
init: final thread_id=3, base_seed=nil
setup: assigned thread_id=4
init: final thread_id=4, base_seed=nil
setup: assigned thread_id=5
init: final thread_id=5, base_seed=nil
setup: assigned thread_id=6
init: final thread_id=6, base_seed=nil
setup: assigned thread_id=7
init: final thread_id=7, base_seed=nil
setup: assigned thread_id=8
init: final thread_id=8, base_seed=nil
setup: assigned thread_id=9
init: final thread_id=9, base_seed=nil
setup: assigned thread_id=10
init: final thread_id=10, base_seed=nil
setup: assigned thread_id=11
init: final thread_id=11, base_seed=nil
setup: assigned thread_id=12
init: final thread_id=12, base_seed=nil
setup: assigned thread_id=13
init: final thread_id=13, base_seed=nil
setup: assigned thread_id=14
init: final thread_id=14, base_seed=nil
setup: assigned thread_id=15
init: final thread_id=15, base_seed=nil
setup: assigned thread_id=16
init: final thread_id=16, base_seed=nil
setup: assigned thread_id=17
init: final thread_id=17, base_seed=nil
setup: assigned thread_id=18
init: final thread_id=18, base_seed=nil
setup: assigned thread_id=19
init: final thread_id=19, base_seed=nil
setup: assigned thread_id=20
init: final thread_id=20, base_seed=nil
setup: assigned thread_id=21
init: final thread_id=21, base_seed=nil
setup: assigned thread_id=22
init: final thread_id=22, base_seed=nil
setup: assigned thread_id=23
init: final thread_id=23, base_seed=nil
setup: assigned thread_id=24
init: final thread_id=24, base_seed=nil
setup: assigned thread_id=25
init: final thread_id=25, base_seed=nil
setup: assigned thread_id=26
init: final thread_id=26, base_seed=nil
setup: assigned thread_id=27
init: final thread_id=27, base_seed=nil
setup: assigned thread_id=28
init: final thread_id=28, base_seed=nil
setup: assigned thread_id=29
init: final thread_id=29, base_seed=nil
setup: assigned thread_id=30
init: final thread_id=30, base_seed=nil
setup: assigned thread_id=31
init: final thread_id=31, base_seed=nil
setup: assigned thread_id=32
init: final thread_id=32, base_seed=nil
setup: assigned thread_id=33
init: final thread_id=33, base_seed=nil
setup: assigned thread_id=34
init: final thread_id=34, base_seed=nil
setup: assigned thread_id=35
init: final thread_id=35, base_seed=nil
setup: assigned thread_id=36
init: final thread_id=36, base_seed=nil
setup: assigned thread_id=37
init: final thread_id=37, base_seed=nil
setup: assigned thread_id=38
init: final thread_id=38, base_seed=nil
setup: assigned thread_id=39
init: final thread_id=39, base_seed=nil
setup: assigned thread_id=40
init: final thread_id=40, base_seed=nil
script_want_response
Running 1m test @ http://10.10.1.1:18180
  40 threads and 392 connections

  Thread calibration: mean lat.: 50.058ms, rate sampling interval: 176ms
  Thread calibration: mean lat.: 50.255ms, rate sampling interval: 177ms
  Thread calibration: mean lat.: 50.293ms, rate sampling interval: 177ms
  Thread calibration: mean lat.: 54.370ms, rate sampling interval: 177ms
  Thread calibration: mean lat.: 54.476ms, rate sampling interval: 180ms
  Thread calibration: mean lat.: 56.664ms, rate sampling interval: 178ms
  Thread calibration: mean lat.: 60.266ms, rate sampling interval: 185ms
  Thread calibration: mean lat.: 61.296ms, rate sampling interval: 185ms
  Thread calibration: mean lat.: 64.993ms, rate sampling interval: 183ms
  Thread calibration: mean lat.: 66.973ms, rate sampling interval: 185ms
  Thread calibration: mean lat.: 59.786ms, rate sampling interval: 171ms
  Thread calibration: mean lat.: 59.139ms, rate sampling interval: 171ms
  Thread calibration: mean lat.: 57.364ms, rate sampling interval: 171ms
  Thread calibration: mean lat.: 53.448ms, rate sampling interval: 167ms
  Thread calibration: mean lat.: 51.322ms, rate sampling interval: 164ms
  Thread calibration: mean lat.: 50.765ms, rate sampling interval: 165ms
  Thread calibration: mean lat.: 51.300ms, rate sampling interval: 175ms
  Thread calibration: mean lat.: 52.298ms, rate sampling interval: 177ms
  Thread calibration: mean lat.: 52.196ms, rate sampling interval: 175ms
  Thread calibration: mean lat.: 52.765ms, rate sampling interval: 177ms
  Thread calibration: mean lat.: 53.106ms, rate sampling interval: 174ms
  Thread calibration: mean lat.: 52.789ms, rate sampling interval: 174ms
  Thread calibration: mean lat.: 53.868ms, rate sampling interval: 177ms
  Thread calibration: mean lat.: 54.376ms, rate sampling interval: 177ms
  Thread calibration: mean lat.: 56.021ms, rate sampling interval: 190ms
  Thread calibration: mean lat.: 56.035ms, rate sampling interval: 187ms
  Thread calibration: mean lat.: 57.648ms, rate sampling interval: 194ms
  Thread calibration: mean lat.: 56.198ms, rate sampling interval: 191ms
  Thread calibration: mean lat.: 58.718ms, rate sampling interval: 200ms
  Thread calibration: mean lat.: 57.528ms, rate sampling interval: 199ms
  Thread calibration: mean lat.: 61.533ms, rate sampling interval: 196ms
  Thread calibration: mean lat.: 61.137ms, rate sampling interval: 191ms
  Thread calibration: mean lat.: 63.672ms, rate sampling interval: 192ms
  Thread calibration: mean lat.: 64.864ms, rate sampling interval: 193ms
  Thread calibration: mean lat.: 66.059ms, rate sampling interval: 192ms
  Thread calibration: mean lat.: 66.896ms, rate sampling interval: 191ms
  Thread calibration: mean lat.: 67.441ms, rate sampling interval: 191ms
  Thread calibration: mean lat.: 69.412ms, rate sampling interval: 193ms
  Thread calibration: mean lat.: 70.408ms, rate sampling interval: 190ms
  Thread calibration: mean lat.: 70.037ms, rate sampling interval: 186ms

-----------------------------------------------------------------------
Test Results @ http://10.10.1.1:18180 
  Thread Stats   Avg      Stdev     99%   +/- Stdev
    Latency    65.71ms   35.41ms 184.96ms   73.71%
    Req/Sec    69.66     21.31   109.00     66.78%
  Latency Distribution (HdrHistogram - Recorded Latency)
 50.000%   61.12ms
 75.000%   83.84ms
 90.000%  107.71ms
 99.000%  184.96ms
 99.900%  263.17ms
 99.990%  349.18ms
 99.999%  385.28ms
100.000%  393.47ms

  Detailed Percentile spectrum:
       Value   Percentile   TotalCount 1/(1-Percentile)

       7.899     0.000000            1         1.00
      26.815     0.100000        13978         1.11
      36.095     0.200000        27937         1.25
      43.935     0.300000        41940         1.43
      52.383     0.400000        55885         1.67
      61.119     0.500000        69838         2.00
      65.055     0.550000        76828         2.22
      69.119     0.600000        83864         2.50
      73.471     0.650000        90856         2.86
      78.399     0.700000        97794         3.33
      83.839     0.750000       104780         4.00
      86.655     0.775000       108294         4.44
      89.855     0.800000       111781         5.00
      93.311     0.825000       115249         5.71
      97.343     0.850000       118736         6.67
     102.143     0.875000       122210         8.00
     104.831     0.887500       123960         8.89
     107.711     0.900000       125703        10.00
     111.487     0.912500       127470        11.43
     116.223     0.925000       129188        13.33
     121.983     0.937500       130944        16.00
     125.311     0.943750       131818        17.78
     129.599     0.950000       132682        20.00
     134.143     0.956250       133568        22.86
     138.879     0.962500       134453        26.67
     144.383     0.968750       135312        32.00
     147.967     0.971875       135753        35.56
     151.167     0.975000       136185        40.00
     156.031     0.978125       136616        45.71
     160.383     0.981250       137045        53.33
     167.807     0.984375       137483        64.00
     172.031     0.985938       137705        71.11
     176.511     0.987500       137921        80.00
     181.887     0.989062       138140        91.43
     187.263     0.990625       138356       106.67
     192.767     0.992188       138571       128.00
     197.503     0.992969       138681       142.22
     202.239     0.993750       138790       160.00
     206.975     0.994531       138900       182.86
     214.527     0.995313       139008       213.33
     222.335     0.996094       139118       256.00
     226.559     0.996484       139173       284.44
     230.783     0.996875       139226       320.00
     238.207     0.997266       139281       365.71
     244.351     0.997656       139335       426.67
     248.959     0.998047       139390       512.00
     251.135     0.998242       139417       568.89
     253.567     0.998437       139444       640.00
     256.511     0.998633       139473       731.43
     259.327     0.998828       139499       853.33
     263.935     0.999023       139526      1024.00
     266.239     0.999121       139540      1137.78
     270.079     0.999219       139553      1280.00
     275.455     0.999316       139567      1462.86
     280.063     0.999414       139582      1706.67
     283.391     0.999512       139594      2048.00
     286.719     0.999561       139601      2275.56
     290.047     0.999609       139608      2560.00
     294.143     0.999658       139615      2925.71
     304.639     0.999707       139622      3413.33
     314.367     0.999756       139628      4096.00
     318.719     0.999780       139632      4551.11
     320.255     0.999805       139635      5120.00
     329.983     0.999829       139639      5851.43
     332.031     0.999854       139642      6826.67
     336.127     0.999878       139645      8192.00
     348.927     0.999890       139647      9102.22
     350.207     0.999902       139650     10240.00
     352.767     0.999915       139651     11702.86
     355.839     0.999927       139652     13653.33
     375.295     0.999939       139654     16384.00
     376.575     0.999945       139655     18204.44
     377.599     0.999951       139656     20480.00
     379.903     0.999957       139657     23405.71
     379.903     0.999963       139657     27306.67
     381.951     0.999969       139658     32768.00
     385.023     0.999973       139660     36408.89
     385.023     0.999976       139660     40960.00
     385.023     0.999979       139660     46811.43
     385.023     0.999982       139660     54613.33
     385.023     0.999985       139660     65536.00
     385.279     0.999986       139661     72817.78
     385.279     0.999988       139661     81920.00
     385.279     0.999989       139661     93622.86
     385.279     0.999991       139661    109226.67
     385.279     0.999992       139661    131072.00
     393.471     0.999993       139662    145635.56
     393.471     1.000000       139662          inf
#[Mean    =       65.708, StdDeviation   =       35.414]
#[Max     =      393.216, Total count    =       139662]
#[Buckets =           27, SubBuckets     =         2048]
-----------------------------------------------------------------------
  167403 requests in 1.00m, 25.96MB read
Requests/sec:   2793.24  
Transfer/sec:    443.57KB

=== rps=3000 c=450 t=45 url=http://10.10.1.1:18180 ===
setup: assigned thread_id=1
init: final thread_id=1, base_seed=nil
setup: assigned thread_id=2
init: final thread_id=2, base_seed=nil
setup: assigned thread_id=3
init: final thread_id=3, base_seed=nil
setup: assigned thread_id=4
init: final thread_id=4, base_seed=nil
setup: assigned thread_id=5
init: final thread_id=5, base_seed=nil
setup: assigned thread_id=6
init: final thread_id=6, base_seed=nil
setup: assigned thread_id=7
init: final thread_id=7, base_seed=nil
setup: assigned thread_id=8
init: final thread_id=8, base_seed=nil
setup: assigned thread_id=9
init: final thread_id=9, base_seed=nil
setup: assigned thread_id=10
init: final thread_id=10, base_seed=nil
setup: assigned thread_id=11
init: final thread_id=11, base_seed=nil
setup: assigned thread_id=12
init: final thread_id=12, base_seed=nil
setup: assigned thread_id=13
init: final thread_id=13, base_seed=nil
setup: assigned thread_id=14
init: final thread_id=14, base_seed=nil
setup: assigned thread_id=15
init: final thread_id=15, base_seed=nil
setup: assigned thread_id=16
init: final thread_id=16, base_seed=nil
setup: assigned thread_id=17
init: final thread_id=17, base_seed=nil
setup: assigned thread_id=18
init: final thread_id=18, base_seed=nil
setup: assigned thread_id=19
init: final thread_id=19, base_seed=nil
setup: assigned thread_id=20
init: final thread_id=20, base_seed=nil
setup: assigned thread_id=21
init: final thread_id=21, base_seed=nil
setup: assigned thread_id=22
init: final thread_id=22, base_seed=nil
setup: assigned thread_id=23
init: final thread_id=23, base_seed=nil
setup: assigned thread_id=24
init: final thread_id=24, base_seed=nil
setup: assigned thread_id=25
init: final thread_id=25, base_seed=nil
setup: assigned thread_id=26
init: final thread_id=26, base_seed=nil
setup: assigned thread_id=27
init: final thread_id=27, base_seed=nil
setup: assigned thread_id=28
init: final thread_id=28, base_seed=nil
setup: assigned thread_id=29
init: final thread_id=29, base_seed=nil
setup: assigned thread_id=30
init: final thread_id=30, base_seed=nil
setup: assigned thread_id=31
init: final thread_id=31, base_seed=nil
setup: assigned thread_id=32
init: final thread_id=32, base_seed=nil
setup: assigned thread_id=33
init: final thread_id=33, base_seed=nil
setup: assigned thread_id=34
init: final thread_id=34, base_seed=nil
setup: assigned thread_id=35
init: final thread_id=35, base_seed=nil
setup: assigned thread_id=36
init: final thread_id=36, base_seed=nil
setup: assigned thread_id=37
init: final thread_id=37, base_seed=nil
setup: assigned thread_id=38
init: final thread_id=38, base_seed=nil
setup: assigned thread_id=39
init: final thread_id=39, base_seed=nil
setup: assigned thread_id=40
init: final thread_id=40, base_seed=nil
setup: assigned thread_id=41
init: final thread_id=41, base_seed=nil
setup: assigned thread_id=42
init: final thread_id=42, base_seed=nil
setup: assigned thread_id=43
init: final thread_id=43, base_seed=nil
setup: assigned thread_id=44
init: final thread_id=44, base_seed=nil
setup: assigned thread_id=45
init: final thread_id=45, base_seed=nil
script_want_response
Running 1m test @ http://10.10.1.1:18180
  45 threads and 450 connections

  Thread calibration: mean lat.: 128.921ms, rate sampling interval: 431ms
  Thread calibration: mean lat.: 123.062ms, rate sampling interval: 401ms
  Thread calibration: mean lat.: 124.023ms, rate sampling interval: 405ms
  Thread calibration: mean lat.: 122.530ms, rate sampling interval: 393ms
  Thread calibration: mean lat.: 123.501ms, rate sampling interval: 400ms
  Thread calibration: mean lat.: 121.964ms, rate sampling interval: 387ms
  Thread calibration: mean lat.: 122.260ms, rate sampling interval: 387ms
  Thread calibration: mean lat.: 117.609ms, rate sampling interval: 368ms
  Thread calibration: mean lat.: 115.679ms, rate sampling interval: 352ms
  Thread calibration: mean lat.: 114.932ms, rate sampling interval: 351ms
  Thread calibration: mean lat.: 109.188ms, rate sampling interval: 357ms
  Thread calibration: mean lat.: 108.274ms, rate sampling interval: 348ms
  Thread calibration: mean lat.: 108.085ms, rate sampling interval: 360ms
  Thread calibration: mean lat.: 110.120ms, rate sampling interval: 377ms
  Thread calibration: mean lat.: 107.361ms, rate sampling interval: 363ms
  Thread calibration: mean lat.: 105.628ms, rate sampling interval: 362ms
  Thread calibration: mean lat.: 108.154ms, rate sampling interval: 375ms
  Thread calibration: mean lat.: 105.225ms, rate sampling interval: 354ms
  Thread calibration: mean lat.: 104.491ms, rate sampling interval: 359ms
  Thread calibration: mean lat.: 107.040ms, rate sampling interval: 374ms
  Thread calibration: mean lat.: 105.661ms, rate sampling interval: 365ms
  Thread calibration: mean lat.: 108.904ms, rate sampling interval: 378ms
  Thread calibration: mean lat.: 110.001ms, rate sampling interval: 400ms
  Thread calibration: mean lat.: 109.931ms, rate sampling interval: 409ms
  Thread calibration: mean lat.: 111.231ms, rate sampling interval: 393ms
  Thread calibration: mean lat.: 111.754ms, rate sampling interval: 397ms
  Thread calibration: mean lat.: 114.767ms, rate sampling interval: 412ms
  Thread calibration: mean lat.: 120.294ms, rate sampling interval: 413ms
  Thread calibration: mean lat.: 122.054ms, rate sampling interval: 413ms
  Thread calibration: mean lat.: 120.552ms, rate sampling interval: 410ms
  Thread calibration: mean lat.: 121.342ms, rate sampling interval: 409ms
  Thread calibration: mean lat.: 125.884ms, rate sampling interval: 420ms
  Thread calibration: mean lat.: 123.999ms, rate sampling interval: 405ms
  Thread calibration: mean lat.: 126.830ms, rate sampling interval: 418ms
  Thread calibration: mean lat.: 127.880ms, rate sampling interval: 410ms
  Thread calibration: mean lat.: 128.733ms, rate sampling interval: 412ms
  Thread calibration: mean lat.: 128.854ms, rate sampling interval: 411ms
  Thread calibration: mean lat.: 129.888ms, rate sampling interval: 410ms
  Thread calibration: mean lat.: 130.961ms, rate sampling interval: 405ms
  Thread calibration: mean lat.: 129.600ms, rate sampling interval: 401ms
  Thread calibration: mean lat.: 131.021ms, rate sampling interval: 408ms
  Thread calibration: mean lat.: 131.153ms, rate sampling interval: 409ms
  Thread calibration: mean lat.: 132.813ms, rate sampling interval: 417ms
  Thread calibration: mean lat.: 131.534ms, rate sampling interval: 415ms
  Thread calibration: mean lat.: 132.368ms, rate sampling interval: 414ms

-----------------------------------------------------------------------
Test Results @ http://10.10.1.1:18180 
  Thread Stats   Avg      Stdev     99%   +/- Stdev
    Latency   206.73ms  214.43ms   1.10s    89.37%
    Req/Sec    64.42     13.01    94.00     72.17%
  Latency Distribution (HdrHistogram - Recorded Latency)
 50.000%  136.96ms
 75.000%  223.74ms
 90.000%  442.37ms
 99.000%    1.10s 
 99.900%    1.42s 
 99.990%    1.66s 
 99.999%    1.77s 
100.000%    1.78s 

  Detailed Percentile spectrum:
       Value   Percentile   TotalCount 1/(1-Percentile)

       9.559     0.000000            1         1.00
      55.647     0.100000        14576         1.11
      77.183     0.200000        29174         1.25
      96.767     0.300000        43702         1.43
     117.503     0.400000        58285         1.67
     136.959     0.500000        72865         2.00
     150.015     0.550000        80149         2.22
     163.455     0.600000        87395         2.50
     177.791     0.650000        94727         2.86
     198.143     0.700000       101953         3.33
     223.743     0.750000       109257         4.00
     243.327     0.775000       112890         4.44
     262.015     0.800000       116519         5.00
     286.719     0.825000       120174         5.71
     318.207     0.850000       123810         6.67
     372.991     0.875000       127452         8.00
     405.503     0.887500       129266         8.89
     442.367     0.900000       131084        10.00
     495.359     0.912500       132903        11.43
     553.983     0.925000       134719        13.33
     622.591     0.937500       136539        16.00
     664.063     0.943750       137452        17.78
     706.047     0.950000       138360        20.00
     749.055     0.956250       139283        22.86
     796.671     0.962500       140186        26.67
     850.943     0.968750       141100        32.00
     878.079     0.971875       141553        35.56
     909.311     0.975000       142003        40.00
     945.663     0.978125       142457        45.71
     979.967     0.981250       142912        53.33
    1018.879     0.984375       143367        64.00
    1038.847     0.985938       143593        71.11
    1059.839     0.987500       143822        80.00
    1081.343     0.989062       144050        91.43
    1116.159     0.990625       144280       106.67
    1149.951     0.992188       144505       128.00
    1165.311     0.992969       144627       142.22
    1182.719     0.993750       144732       160.00
    1204.223     0.994531       144845       182.86
    1221.631     0.995313       144963       213.33
    1250.303     0.996094       145073       256.00
    1263.615     0.996484       145132       284.44
    1278.975     0.996875       145188       320.00
    1296.383     0.997266       145247       365.71
    1311.743     0.997656       145301       426.67
    1326.079     0.998047       145359       512.00
    1344.511     0.998242       145385       568.89
    1360.895     0.998437       145416       640.00
    1371.135     0.998633       145443       731.43
    1393.663     0.998828       145471       853.33
    1418.239     0.999023       145499      1024.00
    1425.407     0.999121       145513      1137.78
    1452.031     0.999219       145529      1280.00
    1465.343     0.999316       145542      1462.86
    1483.775     0.999414       145557      1706.67
    1502.207     0.999512       145570      2048.00
    1510.399     0.999561       145578      2275.56
    1520.639     0.999609       145585      2560.00
    1559.551     0.999658       145592      2925.71
    1574.911     0.999707       145599      3413.33
    1585.151     0.999756       145606      4096.00
    1593.343     0.999780       145609      4551.11
    1606.655     0.999805       145615      5120.00
    1624.063     0.999829       145618      5851.43
    1634.303     0.999854       145620      6826.67
    1655.807     0.999878       145624      8192.00
    1662.975     0.999890       145625      9102.22
    1665.023     0.999902       145628     10240.00
    1667.071     0.999915       145630     11702.86
    1668.095     0.999927       145631     13653.33
    1674.239     0.999939       145633     16384.00
    1674.239     0.999945       145633     18204.44
    1676.287     0.999951       145634     20480.00
    1700.863     0.999957       145635     23405.71
    1728.511     0.999963       145636     27306.67
    1740.799     0.999969       145637     32768.00
    1740.799     0.999973       145637     36408.89
    1748.991     0.999976       145638     40960.00
    1748.991     0.999979       145638     46811.43
    1763.327     0.999982       145639     54613.33
    1763.327     0.999985       145639     65536.00
    1763.327     0.999986       145639     72817.78
    1773.567     0.999988       145640     81920.00
    1773.567     0.999989       145640     93622.86
    1773.567     0.999991       145640    109226.67
    1773.567     0.999992       145640    131072.00
    1773.567     0.999993       145640    145635.56
    1782.783     0.999994       145641    163840.00
    1782.783     1.000000       145641          inf
#[Mean    =      206.733, StdDeviation   =      214.429]
#[Max     =     1781.760, Total count    =       145641]
#[Buckets =           27, SubBuckets     =         2048]
-----------------------------------------------------------------------
  174908 requests in 1.00m, 27.12MB read
Requests/sec:   2917.99  
Transfer/sec:    463.25KB

=== rps=3200 c=512 t=52 url=http://10.10.1.1:18180 ===
setup: assigned thread_id=1
init: final thread_id=1, base_seed=nil
setup: assigned thread_id=2
init: final thread_id=2, base_seed=nil
setup: assigned thread_id=3
init: final thread_id=3, base_seed=nil
setup: assigned thread_id=4
init: final thread_id=4, base_seed=nil
setup: assigned thread_id=5
init: final thread_id=5, base_seed=nil
setup: assigned thread_id=6
init: final thread_id=6, base_seed=nil
setup: assigned thread_id=7
init: final thread_id=7, base_seed=nil
setup: assigned thread_id=8
init: final thread_id=8, base_seed=nil
setup: assigned thread_id=9
init: final thread_id=9, base_seed=nil
setup: assigned thread_id=10
init: final thread_id=10, base_seed=nil
setup: assigned thread_id=11
init: final thread_id=11, base_seed=nil
setup: assigned thread_id=12
init: final thread_id=12, base_seed=nil
setup: assigned thread_id=13
init: final thread_id=13, base_seed=nil
setup: assigned thread_id=14
init: final thread_id=14, base_seed=nil
setup: assigned thread_id=15
init: final thread_id=15, base_seed=nil
setup: assigned thread_id=16
init: final thread_id=16, base_seed=nil
setup: assigned thread_id=17
init: final thread_id=17, base_seed=nil
setup: assigned thread_id=18
init: final thread_id=18, base_seed=nil
setup: assigned thread_id=19
init: final thread_id=19, base_seed=nil
setup: assigned thread_id=20
init: final thread_id=20, base_seed=nil
setup: assigned thread_id=21
init: final thread_id=21, base_seed=nil
setup: assigned thread_id=22
init: final thread_id=22, base_seed=nil
setup: assigned thread_id=23
init: final thread_id=23, base_seed=nil
setup: assigned thread_id=24
init: final thread_id=24, base_seed=nil
setup: assigned thread_id=25
init: final thread_id=25, base_seed=nil
setup: assigned thread_id=26
init: final thread_id=26, base_seed=nil
setup: assigned thread_id=27
init: final thread_id=27, base_seed=nil
setup: assigned thread_id=28
init: final thread_id=28, base_seed=nil
setup: assigned thread_id=29
init: final thread_id=29, base_seed=nil
setup: assigned thread_id=30
init: final thread_id=30, base_seed=nil
setup: assigned thread_id=31
init: final thread_id=31, base_seed=nil
setup: assigned thread_id=32
init: final thread_id=32, base_seed=nil
setup: assigned thread_id=33
init: final thread_id=33, base_seed=nil
setup: assigned thread_id=34
init: final thread_id=34, base_seed=nil
setup: assigned thread_id=35
init: final thread_id=35, base_seed=nil
setup: assigned thread_id=36
init: final thread_id=36, base_seed=nil
setup: assigned thread_id=37
init: final thread_id=37, base_seed=nil
setup: assigned thread_id=38
init: final thread_id=38, base_seed=nil
setup: assigned thread_id=39
init: final thread_id=39, base_seed=nil
setup: assigned thread_id=40
init: final thread_id=40, base_seed=nil
setup: assigned thread_id=41
init: final thread_id=41, base_seed=nil
setup: assigned thread_id=42
init: final thread_id=42, base_seed=nil
setup: assigned thread_id=43
init: final thread_id=43, base_seed=nil
setup: assigned thread_id=44
init: final thread_id=44, base_seed=nil
setup: assigned thread_id=45
init: final thread_id=45, base_seed=nil
setup: assigned thread_id=46
init: final thread_id=46, base_seed=nil
setup: assigned thread_id=47
init: final thread_id=47, base_seed=nil
setup: assigned thread_id=48
init: final thread_id=48, base_seed=nil
setup: assigned thread_id=49
init: final thread_id=49, base_seed=nil
setup: assigned thread_id=50
init: final thread_id=50, base_seed=nil
setup: assigned thread_id=51
init: final thread_id=51, base_seed=nil
setup: assigned thread_id=52
init: final thread_id=52, base_seed=nil
script_want_response
Running 1m test @ http://10.10.1.1:18180
  52 threads and 512 connections

  Thread calibration: mean lat.: 821.066ms, rate sampling interval: 2863ms
  Thread calibration: mean lat.: 892.132ms, rate sampling interval: 2979ms
  Thread calibration: mean lat.: 770.842ms, rate sampling interval: 2656ms
  Thread calibration: mean lat.: 766.231ms, rate sampling interval: 2627ms
  Thread calibration: mean lat.: 843.757ms, rate sampling interval: 2879ms
  Thread calibration: mean lat.: 770.383ms, rate sampling interval: 2680ms
  Thread calibration: mean lat.: 757.958ms, rate sampling interval: 2541ms
  Thread calibration: mean lat.: 895.957ms, rate sampling interval: 3035ms
  Thread calibration: mean lat.: 794.636ms, rate sampling interval: 2699ms
  Thread calibration: mean lat.: 733.859ms, rate sampling interval: 2498ms
  Thread calibration: mean lat.: 784.864ms, rate sampling interval: 2684ms
  Thread calibration: mean lat.: 824.701ms, rate sampling interval: 2795ms
  Thread calibration: mean lat.: 787.326ms, rate sampling interval: 2643ms
  Thread calibration: mean lat.: 711.301ms, rate sampling interval: 2445ms
  Thread calibration: mean lat.: 794.884ms, rate sampling interval: 2734ms
  Thread calibration: mean lat.: 768.216ms, rate sampling interval: 2617ms
  Thread calibration: mean lat.: 876.022ms, rate sampling interval: 2713ms
  Thread calibration: mean lat.: 827.969ms, rate sampling interval: 2699ms
  Thread calibration: mean lat.: 747.305ms, rate sampling interval: 2551ms
  Thread calibration: mean lat.: 815.386ms, rate sampling interval: 2693ms
  Thread calibration: mean lat.: 829.763ms, rate sampling interval: 2963ms
  Thread calibration: mean lat.: 701.202ms, rate sampling interval: 2467ms
  Thread calibration: mean lat.: 804.033ms, rate sampling interval: 2637ms
  Thread calibration: mean lat.: 833.465ms, rate sampling interval: 2777ms
  Thread calibration: mean lat.: 752.694ms, rate sampling interval: 2574ms
  Thread calibration: mean lat.: 891.715ms, rate sampling interval: 3004ms
  Thread calibration: mean lat.: 857.168ms, rate sampling interval: 3012ms
  Thread calibration: mean lat.: 825.936ms, rate sampling interval: 2852ms
  Thread calibration: mean lat.: 808.170ms, rate sampling interval: 2850ms
  Thread calibration: mean lat.: 693.224ms, rate sampling interval: 2318ms
  Thread calibration: mean lat.: 804.270ms, rate sampling interval: 2926ms
  Thread calibration: mean lat.: 905.438ms, rate sampling interval: 2871ms
  Thread calibration: mean lat.: 800.317ms, rate sampling interval: 2572ms
  Thread calibration: mean lat.: 830.231ms, rate sampling interval: 2861ms
  Thread calibration: mean lat.: 799.363ms, rate sampling interval: 2799ms
  Thread calibration: mean lat.: 721.752ms, rate sampling interval: 2351ms
  Thread calibration: mean lat.: 699.842ms, rate sampling interval: 2461ms
  Thread calibration: mean lat.: 740.624ms, rate sampling interval: 2742ms
  Thread calibration: mean lat.: 736.751ms, rate sampling interval: 2488ms
  Thread calibration: mean lat.: 845.479ms, rate sampling interval: 2848ms
  Thread calibration: mean lat.: 860.352ms, rate sampling interval: 2811ms
  Thread calibration: mean lat.: 824.479ms, rate sampling interval: 3049ms
  Thread calibration: mean lat.: 865.662ms, rate sampling interval: 2861ms
  Thread calibration: mean lat.: 818.332ms, rate sampling interval: 2822ms
  Thread calibration: mean lat.: 805.995ms, rate sampling interval: 2746ms
  Thread calibration: mean lat.: 807.094ms, rate sampling interval: 2770ms
  Thread calibration: mean lat.: 913.928ms, rate sampling interval: 2971ms
  Thread calibration: mean lat.: 839.169ms, rate sampling interval: 2846ms
  Thread calibration: mean lat.: 775.306ms, rate sampling interval: 2779ms
  Thread calibration: mean lat.: 835.934ms, rate sampling interval: 2922ms
  Thread calibration: mean lat.: 821.013ms, rate sampling interval: 2768ms
  Thread calibration: mean lat.: 878.410ms, rate sampling interval: 2879ms

-----------------------------------------------------------------------
Test Results @ http://10.10.1.1:18180 
  Thread Stats   Avg      Stdev     99%   +/- Stdev
    Latency     8.72s     4.66s   18.66s    60.58%
    Req/Sec    39.76      7.93    60.00     77.62%
  Latency Distribution (HdrHistogram - Recorded Latency)
 50.000%    8.50s 
 75.000%   12.44s 
 90.000%   15.15s 
 99.000%   18.66s 
 99.900%   19.53s 
 99.990%   20.05s 
 99.999%   20.32s 
100.000%   20.35s 

  Detailed Percentile spectrum:
       Value   Percentile   TotalCount 1/(1-Percentile)

     777.727     0.000000            1         1.00
    3035.135     0.100000        10384         1.11
    3928.063     0.200000        20782         1.25
    4890.623     0.300000        31143         1.43
    6770.687     0.400000        41507         1.67
    8495.103     0.500000        51927         2.00
    9199.615     0.550000        57076         2.22
   10231.807     0.600000        62262         2.50
   11239.423     0.650000        67476         2.86
   11878.399     0.700000        72657         3.33
   12443.647     0.750000        77903         4.00
   12722.175     0.775000        80437         4.44
   13017.087     0.800000        83089         5.00
   13361.151     0.825000        85610         5.71
   13819.903     0.850000        88215         6.67
   14458.879     0.875000        90808         8.00
   14794.751     0.887500        92099         8.89
   15147.007     0.900000        93421        10.00
   15482.879     0.912500        94700        11.43
   15818.751     0.925000        95995        13.33
   16211.967     0.937500        97300        16.00
   16441.343     0.943750        97942        17.78
   16695.295     0.950000        98592        20.00
   16990.207     0.956250        99239        22.86
   17301.503     0.962500        99877        26.67
   17661.951     0.968750       100573        32.00
   17809.407     0.971875       100869        35.56
   17956.863     0.975000       101197        40.00
   18087.935     0.978125       101498        45.71
   18235.391     0.981250       101830        53.33
   18382.847     0.984375       102161        64.00
   18448.383     0.985938       102326        71.11
   18546.687     0.987500       102502        80.00
   18595.839     0.989062       102636        91.43
   18694.143     0.990625       102794       106.67
   18792.447     0.992188       102975       128.00
   18857.983     0.992969       103070       142.22
   18890.751     0.993750       103141       160.00
   18956.287     0.994531       103213       182.86
   19021.823     0.995313       103301       213.33
   19087.359     0.996094       103367       256.00
   19136.511     0.996484       103411       284.44
   19169.279     0.996875       103448       320.00
   19202.047     0.997266       103487       365.71
   19283.967     0.997656       103528       426.67
   19333.119     0.998047       103573       512.00
   19365.887     0.998242       103585       568.89
   19431.423     0.998437       103610       640.00
   19464.191     0.998633       103636       731.43
   19480.575     0.998828       103649       853.33
   19546.111     0.999023       103668      1024.00
   19578.879     0.999121       103677      1137.78
   19611.647     0.999219       103689      1280.00
   19644.415     0.999316       103700      1462.86
   19693.567     0.999414       103709      1706.67
   19742.719     0.999512       103719      2048.00
   19759.103     0.999561       103723      2275.56
   19808.255     0.999609       103727      2560.00
   19857.407     0.999658       103733      2925.71
   19873.791     0.999707       103739      3413.33
   19890.175     0.999756       103741      4096.00
   19922.943     0.999780       103744      4551.11
   19939.327     0.999805       103746      5120.00
   20004.863     0.999829       103750      5851.43
   20021.247     0.999854       103752      6826.67
   20054.015     0.999878       103756      8192.00
   20054.015     0.999890       103756      9102.22
   20054.015     0.999902       103756     10240.00
   20070.399     0.999915       103758     11702.86
   20086.783     0.999927       103760     13653.33
   20086.783     0.999939       103760     16384.00
   20168.703     0.999945       103761     18204.44
   20168.703     0.999951       103761     20480.00
   20185.087     0.999957       103763     23405.71
   20185.087     0.999963       103763     27306.67
   20185.087     0.999969       103763     32768.00
   20250.623     0.999973       103764     36408.89
   20250.623     0.999976       103764     40960.00
   20250.623     0.999979       103764     46811.43
   20316.159     0.999982       103765     54613.33
   20316.159     0.999985       103765     65536.00
   20316.159     0.999986       103765     72817.78
   20316.159     0.999988       103765     81920.00
   20316.159     0.999989       103765     93622.86
   20348.927     0.999991       103766    109226.67
   20348.927     1.000000       103766          inf
#[Mean    =     8720.656, StdDeviation   =     4658.133]
#[Max     =    20332.544, Total count    =       103766]
#[Buckets =           27, SubBuckets     =         2048]
-----------------------------------------------------------------------
  129902 requests in 1.00m, 20.14MB read
Requests/sec:   2165.08  
Transfer/sec:    343.80KB

=== rps=3400 c=578 t=58 url=http://10.10.1.1:18180 ===
setup: assigned thread_id=1
init: final thread_id=1, base_seed=nil
setup: assigned thread_id=2
init: final thread_id=2, base_seed=nil
setup: assigned thread_id=3
init: final thread_id=3, base_seed=nil
setup: assigned thread_id=4
init: final thread_id=4, base_seed=nil
setup: assigned thread_id=5
init: final thread_id=5, base_seed=nil
setup: assigned thread_id=6
init: final thread_id=6, base_seed=nil
setup: assigned thread_id=7
init: final thread_id=7, base_seed=nil
setup: assigned thread_id=8
init: final thread_id=8, base_seed=nil
setup: assigned thread_id=9
init: final thread_id=9, base_seed=nil
setup: assigned thread_id=10
init: final thread_id=10, base_seed=nil
setup: assigned thread_id=11
init: final thread_id=11, base_seed=nil
setup: assigned thread_id=12
init: final thread_id=12, base_seed=nil
setup: assigned thread_id=13
init: final thread_id=13, base_seed=nil
setup: assigned thread_id=14
init: final thread_id=14, base_seed=nil
setup: assigned thread_id=15
init: final thread_id=15, base_seed=nil
setup: assigned thread_id=16
init: final thread_id=16, base_seed=nil
setup: assigned thread_id=17
init: final thread_id=17, base_seed=nil
setup: assigned thread_id=18
init: final thread_id=18, base_seed=nil
setup: assigned thread_id=19
init: final thread_id=19, base_seed=nil
setup: assigned thread_id=20
init: final thread_id=20, base_seed=nil
setup: assigned thread_id=21
init: final thread_id=21, base_seed=nil
setup: assigned thread_id=22
init: final thread_id=22, base_seed=nil
setup: assigned thread_id=23
init: final thread_id=23, base_seed=nil
setup: assigned thread_id=24
init: final thread_id=24, base_seed=nil
setup: assigned thread_id=25
init: final thread_id=25, base_seed=nil
setup: assigned thread_id=26
init: final thread_id=26, base_seed=nil
setup: assigned thread_id=27
init: final thread_id=27, base_seed=nil
setup: assigned thread_id=28
init: final thread_id=28, base_seed=nil
setup: assigned thread_id=29
init: final thread_id=29, base_seed=nil
setup: assigned thread_id=30
init: final thread_id=30, base_seed=nil
setup: assigned thread_id=31
init: final thread_id=31, base_seed=nil
setup: assigned thread_id=32
init: final thread_id=32, base_seed=nil
setup: assigned thread_id=33
init: final thread_id=33, base_seed=nil
setup: assigned thread_id=34
init: final thread_id=34, base_seed=nil
setup: assigned thread_id=35
init: final thread_id=35, base_seed=nil
setup: assigned thread_id=36
init: final thread_id=36, base_seed=nil
setup: assigned thread_id=37
init: final thread_id=37, base_seed=nil
setup: assigned thread_id=38
init: final thread_id=38, base_seed=nil
setup: assigned thread_id=39
init: final thread_id=39, base_seed=nil
setup: assigned thread_id=40
init: final thread_id=40, base_seed=nil
setup: assigned thread_id=41
init: final thread_id=41, base_seed=nil
setup: assigned thread_id=42
init: final thread_id=42, base_seed=nil
setup: assigned thread_id=43
init: final thread_id=43, base_seed=nil
setup: assigned thread_id=44
init: final thread_id=44, base_seed=nil
setup: assigned thread_id=45
init: final thread_id=45, base_seed=nil
setup: assigned thread_id=46
init: final thread_id=46, base_seed=nil
setup: assigned thread_id=47
init: final thread_id=47, base_seed=nil
setup: assigned thread_id=48
init: final thread_id=48, base_seed=nil
setup: assigned thread_id=49
init: final thread_id=49, base_seed=nil
setup: assigned thread_id=50
init: final thread_id=50, base_seed=nil
setup: assigned thread_id=51
init: final thread_id=51, base_seed=nil
setup: assigned thread_id=52
init: final thread_id=52, base_seed=nil
setup: assigned thread_id=53
init: final thread_id=53, base_seed=nil
setup: assigned thread_id=54
init: final thread_id=54, base_seed=nil
setup: assigned thread_id=55
init: final thread_id=55, base_seed=nil
setup: assigned thread_id=56
init: final thread_id=56, base_seed=nil
setup: assigned thread_id=57
init: final thread_id=57, base_seed=nil
setup: assigned thread_id=58
init: final thread_id=58, base_seed=nil
script_want_response
Running 1m test @ http://10.10.1.1:18180
  58 threads and 578 connections

  Thread calibration: mean lat.: 2276.955ms, rate sampling interval: 8155ms
  Thread calibration: mean lat.: 2153.219ms, rate sampling interval: 7704ms
  Thread calibration: mean lat.: 2391.187ms, rate sampling interval: 8577ms
  Thread calibration: mean lat.: 2355.693ms, rate sampling interval: 8568ms
  Thread calibration: mean lat.: 2362.427ms, rate sampling interval: 8232ms
  Thread calibration: mean lat.: 2355.711ms, rate sampling interval: 8593ms
  Thread calibration: mean lat.: 2291.355ms, rate sampling interval: 8097ms
  Thread calibration: mean lat.: 2222.425ms, rate sampling interval: 7843ms
  Thread calibration: mean lat.: 2272.447ms, rate sampling interval: 8396ms
  Thread calibration: mean lat.: 2342.600ms, rate sampling interval: 8175ms
  Thread calibration: mean lat.: 2312.674ms, rate sampling interval: 8470ms
  Thread calibration: mean lat.: 2275.443ms, rate sampling interval: 8073ms
  Thread calibration: mean lat.: 2240.626ms, rate sampling interval: 8208ms
  Thread calibration: mean lat.: 2170.307ms, rate sampling interval: 8003ms
  Thread calibration: mean lat.: 2300.540ms, rate sampling interval: 8187ms
  Thread calibration: mean lat.: 2276.424ms, rate sampling interval: 8318ms
  Thread calibration: mean lat.: 2278.283ms, rate sampling interval: 8056ms
  Thread calibration: mean lat.: 2349.931ms, rate sampling interval: 8331ms
  Thread calibration: mean lat.: 2259.857ms, rate sampling interval: 8200ms
  Thread calibration: mean lat.: 2241.633ms, rate sampling interval: 8228ms
  Thread calibration: mean lat.: 2354.122ms, rate sampling interval: 8454ms
  Thread calibration: mean lat.: 2307.162ms, rate sampling interval: 8404ms
  Thread calibration: mean lat.: 2340.565ms, rate sampling interval: 8421ms
  Thread calibration: mean lat.: 2318.320ms, rate sampling interval: 8196ms
  Thread calibration: mean lat.: 2259.008ms, rate sampling interval: 8261ms
  Thread calibration: mean lat.: 2264.369ms, rate sampling interval: 8208ms
  Thread calibration: mean lat.: 2206.048ms, rate sampling interval: 7925ms
  Thread calibration: mean lat.: 2203.000ms, rate sampling interval: 7938ms
  Thread calibration: mean lat.: 2192.547ms, rate sampling interval: 7987ms
  Thread calibration: mean lat.: 2132.828ms, rate sampling interval: 7897ms
  Thread calibration: mean lat.: 2111.894ms, rate sampling interval: 7454ms
  Thread calibration: mean lat.: 2162.434ms, rate sampling interval: 7335ms
  Thread calibration: mean lat.: 2282.400ms, rate sampling interval: 8282ms
  Thread calibration: mean lat.: 2253.051ms, rate sampling interval: 8216ms
  Thread calibration: mean lat.: 2232.473ms, rate sampling interval: 8204ms
  Thread calibration: mean lat.: 2277.118ms, rate sampling interval: 8220ms
  Thread calibration: mean lat.: 2324.254ms, rate sampling interval: 8335ms
  Thread calibration: mean lat.: 2135.289ms, rate sampling interval: 7938ms
  Thread calibration: mean lat.: 2229.626ms, rate sampling interval: 8167ms
  Thread calibration: mean lat.: 2290.799ms, rate sampling interval: 8290ms
  Thread calibration: mean lat.: 2244.628ms, rate sampling interval: 8298ms
  Thread calibration: mean lat.: 2248.091ms, rate sampling interval: 8224ms
  Thread calibration: mean lat.: 2189.006ms, rate sampling interval: 7970ms
  Thread calibration: mean lat.: 2279.839ms, rate sampling interval: 8486ms
  Thread calibration: mean lat.: 2208.771ms, rate sampling interval: 8077ms
  Thread calibration: mean lat.: 2371.644ms, rate sampling interval: 8495ms
  Thread calibration: mean lat.: 2222.620ms, rate sampling interval: 8040ms
  Thread calibration: mean lat.: 2218.941ms, rate sampling interval: 8306ms
  Thread calibration: mean lat.: 2257.816ms, rate sampling interval: 8130ms
  Thread calibration: mean lat.: 2277.250ms, rate sampling interval: 8335ms
  Thread calibration: mean lat.: 2213.219ms, rate sampling interval: 8183ms
  Thread calibration: mean lat.: 2210.068ms, rate sampling interval: 8253ms
  Thread calibration: mean lat.: 2264.376ms, rate sampling interval: 8208ms
  Thread calibration: mean lat.: 2280.186ms, rate sampling interval: 8179ms
  Thread calibration: mean lat.: 2305.037ms, rate sampling interval: 8146ms
  Thread calibration: mean lat.: 2250.676ms, rate sampling interval: 8351ms
  Thread calibration: mean lat.: 2227.151ms, rate sampling interval: 8155ms
  Thread calibration: mean lat.: 2222.166ms, rate sampling interval: 8073ms

-----------------------------------------------------------------------
Test Results @ http://10.10.1.1:18180 
  Thread Stats   Avg      Stdev     99%   +/- Stdev
    Latency    17.67s     8.09s   32.13s    56.85%
    Req/Sec    25.50      2.31    30.00     72.54%
  Latency Distribution (HdrHistogram - Recorded Latency)
 50.000%   17.56s 
 75.000%   24.99s 
 90.000%   28.69s 
 99.000%   32.13s 
 99.900%   33.08s 
 99.990%   33.62s 
 99.999%   34.05s 
100.000%   34.11s 

  Detailed Percentile spectrum:
       Value   Percentile   TotalCount 1/(1-Percentile)

    3936.255     0.000000            1         1.00
    6582.271     0.100000         7462         1.11
    9363.455     0.200000        14885         1.25
   12304.383     0.300000        22333         1.43
   14335.999     0.400000        29770         1.67
   17563.647     0.500000        37213         2.00
   18710.527     0.550000        40990         2.22
   20004.863     0.600000        44687         2.50
   21168.127     0.650000        48393         2.86
   23658.495     0.700000        52113         3.33
   24985.599     0.750000        55833         4.00
   25870.335     0.775000        57707         4.44
   26558.463     0.800000        59555         5.00
   27230.207     0.825000        61407         5.71
   27738.111     0.850000        63308         6.67
   28180.479     0.875000        65134         8.00
   28426.239     0.887500        66065         8.89
   28688.383     0.900000        67000        10.00
   28950.527     0.912500        67947        11.43
   29294.591     0.925000        68889        13.33
   29671.423     0.937500        69783        16.00
   29917.183     0.943750        70256        17.78
   30179.327     0.950000        70716        20.00
   30457.855     0.956250        71184        22.86
   30719.999     0.962500        71650        26.67
   30982.143     0.968750        72096        32.00
   31113.215     0.971875        72337        35.56
   31244.287     0.975000        72569        40.00
   31391.743     0.978125        72793        45.71
   31571.967     0.981250        73047        53.33
   31735.807     0.984375        73272        64.00
   31834.111     0.985938        73375        71.11
   31948.799     0.987500        73505        80.00
   32047.103     0.989062        73609        91.43
   32178.175     0.990625        73733       106.67
   32309.247     0.992188        73842       128.00
   32374.783     0.992969        73899       142.22
   32440.319     0.993750        73970       160.00
   32505.855     0.994531        74021       182.86
   32571.391     0.995313        74074       213.33
   32636.927     0.996094        74130       256.00
   32702.463     0.996484        74167       284.44
   32751.615     0.996875        74201       320.00
   32784.383     0.997266        74222       365.71
   32849.919     0.997656        74245       426.67
   32931.839     0.998047        74278       512.00
   32948.223     0.998242        74289       568.89
   32980.991     0.998437        74307       640.00
   32997.375     0.998633        74321       731.43
   33046.527     0.998828        74337       853.33
   33095.679     0.999023        74349      1024.00
   33144.831     0.999121        74357      1137.78
   33177.599     0.999219        74364      1280.00
   33210.367     0.999316        74369      1462.86
   33243.135     0.999414        74376      1706.67
   33308.671     0.999512        74384      2048.00
   33325.055     0.999561        74389      2275.56
   33357.823     0.999609        74392      2560.00
   33374.207     0.999658        74396      2925.71
   33390.591     0.999707        74398      3413.33
   33423.359     0.999756        74401      4096.00
   33456.127     0.999780        74404      4551.11
   33472.511     0.999805        74405      5120.00
   33521.663     0.999829        74407      5851.43
   33554.431     0.999854        74409      6826.67
   33587.199     0.999878        74410      8192.00
   33619.967     0.999890        74412      9102.22
   33619.967     0.999902        74412     10240.00
   33685.503     0.999915        74413     11702.86
   33718.271     0.999927        74414     13653.33
   33816.575     0.999939        74415     16384.00
   33816.575     0.999945        74415     18204.44
   33980.415     0.999951        74416     20480.00
   33980.415     0.999957        74416     23405.71
   34045.951     0.999963        74418     27306.67
   34045.951     0.999969        74418     32768.00
   34045.951     0.999973        74418     36408.89
   34045.951     0.999976        74418     40960.00
   34045.951     0.999979        74418     46811.43
   34045.951     0.999982        74418     54613.33
   34045.951     0.999985        74418     65536.00
   34045.951     0.999986        74418     72817.78
   34111.487     0.999988        74419     81920.00
   34111.487     1.000000        74419          inf
#[Mean    =    17673.471, StdDeviation   =     8088.237]
#[Max     =    34078.720, Total count    =        74419]
#[Buckets =           27, SubBuckets     =         2048]
-----------------------------------------------------------------------
  91386 requests in 1.00m, 14.17MB read
  Socket errors: connect 0, read 0, write 0, timeout 220
Requests/sec:   1522.80  
Transfer/sec:    241.74KB

=== rps=3600 c=648 t=65 url=http://10.10.1.1:18180 ===
setup: assigned thread_id=1
init: final thread_id=1, base_seed=nil
setup: assigned thread_id=2
init: final thread_id=2, base_seed=nil
setup: assigned thread_id=3
init: final thread_id=3, base_seed=nil
setup: assigned thread_id=4
init: final thread_id=4, base_seed=nil
setup: assigned thread_id=5
init: final thread_id=5, base_seed=nil
setup: assigned thread_id=6
init: final thread_id=6, base_seed=nil
setup: assigned thread_id=7
init: final thread_id=7, base_seed=nil
setup: assigned thread_id=8
init: final thread_id=8, base_seed=nil
setup: assigned thread_id=9
init: final thread_id=9, base_seed=nil
setup: assigned thread_id=10
init: final thread_id=10, base_seed=nil
setup: assigned thread_id=11
init: final thread_id=11, base_seed=nil
setup: assigned thread_id=12
init: final thread_id=12, base_seed=nil
setup: assigned thread_id=13
init: final thread_id=13, base_seed=nil
setup: assigned thread_id=14
init: final thread_id=14, base_seed=nil
setup: assigned thread_id=15
init: final thread_id=15, base_seed=nil
setup: assigned thread_id=16
init: final thread_id=16, base_seed=nil
setup: assigned thread_id=17
init: final thread_id=17, base_seed=nil
setup: assigned thread_id=18
init: final thread_id=18, base_seed=nil
setup: assigned thread_id=19
init: final thread_id=19, base_seed=nil
setup: assigned thread_id=20
init: final thread_id=20, base_seed=nil
setup: assigned thread_id=21
init: final thread_id=21, base_seed=nil
setup: assigned thread_id=22
init: final thread_id=22, base_seed=nil
setup: assigned thread_id=23
init: final thread_id=23, base_seed=nil
setup: assigned thread_id=24
init: final thread_id=24, base_seed=nil
setup: assigned thread_id=25
init: final thread_id=25, base_seed=nil
setup: assigned thread_id=26
init: final thread_id=26, base_seed=nil
setup: assigned thread_id=27
init: final thread_id=27, base_seed=nil
setup: assigned thread_id=28
init: final thread_id=28, base_seed=nil
setup: assigned thread_id=29
init: final thread_id=29, base_seed=nil
setup: assigned thread_id=30
init: final thread_id=30, base_seed=nil
setup: assigned thread_id=31
init: final thread_id=31, base_seed=nil
setup: assigned thread_id=32
init: final thread_id=32, base_seed=nil
setup: assigned thread_id=33
init: final thread_id=33, base_seed=nil
setup: assigned thread_id=34
init: final thread_id=34, base_seed=nil
setup: assigned thread_id=35
init: final thread_id=35, base_seed=nil
setup: assigned thread_id=36
init: final thread_id=36, base_seed=nil
setup: assigned thread_id=37
init: final thread_id=37, base_seed=nil
setup: assigned thread_id=38
init: final thread_id=38, base_seed=nil
setup: assigned thread_id=39
init: final thread_id=39, base_seed=nil
setup: assigned thread_id=40
init: final thread_id=40, base_seed=nil
setup: assigned thread_id=41
init: final thread_id=41, base_seed=nil
setup: assigned thread_id=42
init: final thread_id=42, base_seed=nil
setup: assigned thread_id=43
init: final thread_id=43, base_seed=nil
setup: assigned thread_id=44
init: final thread_id=44, base_seed=nil
setup: assigned thread_id=45
init: final thread_id=45, base_seed=nil
setup: assigned thread_id=46
init: final thread_id=46, base_seed=nil
setup: assigned thread_id=47
init: final thread_id=47, base_seed=nil
setup: assigned thread_id=48
init: final thread_id=48, base_seed=nil
setup: assigned thread_id=49
init: final thread_id=49, base_seed=nil
setup: assigned thread_id=50
init: final thread_id=50, base_seed=nil
setup: assigned thread_id=51
init: final thread_id=51, base_seed=nil
setup: assigned thread_id=52
init: final thread_id=52, base_seed=nil
setup: assigned thread_id=53
init: final thread_id=53, base_seed=nil
setup: assigned thread_id=54
init: final thread_id=54, base_seed=nil
setup: assigned thread_id=55
init: final thread_id=55, base_seed=nil
setup: assigned thread_id=56
init: final thread_id=56, base_seed=nil
setup: assigned thread_id=57
init: final thread_id=57, base_seed=nil
setup: assigned thread_id=58
init: final thread_id=58, base_seed=nil
setup: assigned thread_id=59
init: final thread_id=59, base_seed=nil
setup: assigned thread_id=60
init: final thread_id=60, base_seed=nil
setup: assigned thread_id=61
init: final thread_id=61, base_seed=nil
setup: assigned thread_id=62
init: final thread_id=62, base_seed=nil
setup: assigned thread_id=63
init: final thread_id=63, base_seed=nil
setup: assigned thread_id=64
init: final thread_id=64, base_seed=nil
setup: assigned thread_id=65
init: final thread_id=65, base_seed=nil
script_want_response
Running 1m test @ http://10.10.1.1:18180
  65 threads and 648 connections

  Thread calibration: mean lat.: 2780.600ms, rate sampling interval: 9707ms
  Thread calibration: mean lat.: 2855.091ms, rate sampling interval: 9691ms
  Thread calibration: mean lat.: 2768.465ms, rate sampling interval: 9674ms
  Thread calibration: mean lat.: 2709.699ms, rate sampling interval: 9707ms
  Thread calibration: mean lat.: 2805.757ms, rate sampling interval: 9887ms
  Thread calibration: mean lat.: 2873.989ms, rate sampling interval: 9969ms
  Thread calibration: mean lat.: 2763.497ms, rate sampling interval: 9576ms
  Thread calibration: mean lat.: 2646.286ms, rate sampling interval: 9543ms
  Thread calibration: mean lat.: 2882.202ms, rate sampling interval: 10043ms
  Thread calibration: mean lat.: 2823.614ms, rate sampling interval: 9863ms
  Thread calibration: mean lat.: 2998.060ms, rate sampling interval: 10108ms
  Thread calibration: mean lat.: 2898.046ms, rate sampling interval: 9822ms
  Thread calibration: mean lat.: 2901.914ms, rate sampling interval: 9854ms
  Thread calibration: mean lat.: 2882.593ms, rate sampling interval: 9838ms
  Thread calibration: mean lat.: 2836.970ms, rate sampling interval: 9863ms
  Thread calibration: mean lat.: 2809.965ms, rate sampling interval: 9805ms
  Thread calibration: mean lat.: 2818.782ms, rate sampling interval: 9576ms
  Thread calibration: mean lat.: 2971.423ms, rate sampling interval: 9814ms
  Thread calibration: mean lat.: 2921.648ms, rate sampling interval: 9830ms
  Thread calibration: mean lat.: 2871.349ms, rate sampling interval: 9871ms
  Thread calibration: mean lat.: 2680.688ms, rate sampling interval: 9469ms
  Thread calibration: mean lat.: 2790.068ms, rate sampling interval: 9601ms
  Thread calibration: mean lat.: 2836.452ms, rate sampling interval: 10092ms
  Thread calibration: mean lat.: 3004.357ms, rate sampling interval: 10051ms
  Thread calibration: mean lat.: 2902.142ms, rate sampling interval: 9756ms
  Thread calibration: mean lat.: 3005.967ms, rate sampling interval: 10289ms
  Thread calibration: mean lat.: 2794.200ms, rate sampling interval: 9953ms
  Thread calibration: mean lat.: 2706.899ms, rate sampling interval: 9494ms
  Thread calibration: mean lat.: 2887.872ms, rate sampling interval: 10027ms
  Thread calibration: mean lat.: 2708.076ms, rate sampling interval: 9371ms
  Thread calibration: mean lat.: 2761.802ms, rate sampling interval: 9682ms
  Thread calibration: mean lat.: 2765.229ms, rate sampling interval: 9723ms
  Thread calibration: mean lat.: 2825.941ms, rate sampling interval: 9682ms
  Thread calibration: mean lat.: 2617.539ms, rate sampling interval: 9420ms
  Thread calibration: mean lat.: 2732.556ms, rate sampling interval: 9666ms
  Thread calibration: mean lat.: 2871.718ms, rate sampling interval: 9994ms
  Thread calibration: mean lat.: 2862.475ms, rate sampling interval: 9666ms
  Thread calibration: mean lat.: 2747.079ms, rate sampling interval: 9379ms
  Thread calibration: mean lat.: 2772.347ms, rate sampling interval: 9707ms
  Thread calibration: mean lat.: 2821.819ms, rate sampling interval: 9781ms
  Thread calibration: mean lat.: 2828.721ms, rate sampling interval: 9781ms
  Thread calibration: mean lat.: 2813.296ms, rate sampling interval: 9854ms
  Thread calibration: mean lat.: 2849.367ms, rate sampling interval: 9682ms
  Thread calibration: mean lat.: 2747.175ms, rate sampling interval: 9617ms
  Thread calibration: mean lat.: 2927.292ms, rate sampling interval: 10158ms
  Thread calibration: mean lat.: 2943.692ms, rate sampling interval: 10018ms
  Thread calibration: mean lat.: 2892.609ms, rate sampling interval: 10174ms
  Thread calibration: mean lat.: 2970.964ms, rate sampling interval: 9986ms
  Thread calibration: mean lat.: 3081.441ms, rate sampling interval: 10223ms
  Thread calibration: mean lat.: 2991.317ms, rate sampling interval: 10215ms
  Thread calibration: mean lat.: 3127.400ms, rate sampling interval: 10428ms
  Thread calibration: mean lat.: 2868.064ms, rate sampling interval: 9641ms
  Thread calibration: mean lat.: 2971.203ms, rate sampling interval: 9789ms
  Thread calibration: mean lat.: 2976.475ms, rate sampling interval: 9945ms
  Thread calibration: mean lat.: 2916.915ms, rate sampling interval: 9928ms
  Thread calibration: mean lat.: 2932.755ms, rate sampling interval: 9912ms
  Thread calibration: mean lat.: 2917.734ms, rate sampling interval: 9732ms
  Thread calibration: mean lat.: 2967.446ms, rate sampling interval: 9994ms
  Thread calibration: mean lat.: 3005.808ms, rate sampling interval: 10018ms
  Thread calibration: mean lat.: 2978.302ms, rate sampling interval: 10215ms
  Thread calibration: mean lat.: 2904.933ms, rate sampling interval: 9887ms
  Thread calibration: mean lat.: 2951.237ms, rate sampling interval: 9879ms
  Thread calibration: mean lat.: 2993.892ms, rate sampling interval: 9969ms
  Thread calibration: mean lat.: 2966.517ms, rate sampling interval: 10190ms
  Thread calibration: mean lat.: 3002.399ms, rate sampling interval: 10027ms

-----------------------------------------------------------------------
Test Results @ http://10.10.1.1:18180 
  Thread Stats   Avg      Stdev     99%   +/- Stdev
    Latency    19.80s     8.26s   34.05s    59.83%
    Req/Sec    23.27      1.19    26.00     91.83%
  Latency Distribution (HdrHistogram - Recorded Latency)
 50.000%   19.97s 
 75.000%   26.89s 
 90.000%   31.62s 
 99.000%   34.05s 
 99.900%   35.00s 
 99.990%   35.49s 
 99.999%   35.72s 
100.000%   35.78s 

  Detailed Percentile spectrum:
       Value   Percentile   TotalCount 1/(1-Percentile)

    4689.919     0.000000            1         1.00
    8437.759     0.100000         7689         1.11
   11198.463     0.200000        15354         1.25
   13533.183     0.300000        23027         1.43
   17612.799     0.400000        30711         1.67
   19972.095     0.500000        38369         2.00
   21331.967     0.550000        42198         2.22
   22527.999     0.600000        46041         2.50
   23756.799     0.650000        49873         2.86
   25411.583     0.700000        53703         3.33
   26886.143     0.750000        57553         4.00
   27459.583     0.775000        59455         4.44
   27918.335     0.800000        61374         5.00
   28491.775     0.825000        63294         5.71
   29343.743     0.850000        65216         6.67
   30752.767     0.875000        67156         8.00
   31244.287     0.887500        68090         8.89
   31621.119     0.900000        69076        10.00
   31948.799     0.912500        70033        11.43
   32227.327     0.925000        70977        13.33
   32522.239     0.937500        71949        16.00
   32669.695     0.943750        72447        17.78
   32817.151     0.950000        72893        20.00
   32948.223     0.956250        73363        22.86
   33112.063     0.962500        73856        26.67
   33275.903     0.968750        74339        32.00
   33357.823     0.971875        74570        35.56
   33439.743     0.975000        74802        40.00
   33538.047     0.978125        75056        45.71
   33652.735     0.981250        75317        53.33
   33783.807     0.984375        75546        64.00
   33849.343     0.985938        75649        71.11
   33914.879     0.987500        75780        80.00
   34013.183     0.989062        75925        91.43
   34078.719     0.990625        76030       106.67
   34177.023     0.992188        76139       128.00
   34242.559     0.992969        76213       142.22
   34275.327     0.993750        76249       160.00
   34340.863     0.994531        76308       182.86
   34406.399     0.995313        76362       213.33
   34471.935     0.996094        76418       256.00
   34537.471     0.996484        76463       284.44
   34570.239     0.996875        76486       320.00
   34635.775     0.997266        76517       365.71
   34668.543     0.997656        76537       426.67
   34766.847     0.998047        76572       512.00
   34832.383     0.998242        76589       568.89
   34865.151     0.998437        76601       640.00
   34897.919     0.998633        76614       731.43
   34963.455     0.998828        76636       853.33
   34996.223     0.999023        76644      1024.00
   35028.991     0.999121        76650      1137.78
   35061.759     0.999219        76657      1280.00
   35094.527     0.999316        76664      1462.86
   35160.063     0.999414        76675      1706.67
   35225.599     0.999512        76682      2048.00
   35258.367     0.999561        76687      2275.56
   35258.367     0.999609        76687      2560.00
   35291.135     0.999658        76691      2925.71
   35323.903     0.999707        76698      3413.33
   35323.903     0.999756        76698      4096.00
   35356.671     0.999780        76701      4551.11
   35389.439     0.999805        76703      5120.00
   35389.439     0.999829        76703      5851.43
   35487.743     0.999854        76708      6826.67
   35487.743     0.999878        76708      8192.00
   35487.743     0.999890        76708      9102.22
   35520.511     0.999902        76709     10240.00
   35586.047     0.999915        76712     11702.86
   35586.047     0.999927        76712     13653.33
   35586.047     0.999939        76712     16384.00
   35586.047     0.999945        76712     18204.44
   35717.119     0.999951        76715     20480.00
   35717.119     0.999957        76715     23405.71
   35717.119     0.999963        76715     27306.67
   35717.119     0.999969        76715     32768.00
   35717.119     0.999973        76715     36408.89
   35717.119     0.999976        76715     40960.00
   35717.119     0.999979        76715     46811.43
   35717.119     0.999982        76715     54613.33
   35717.119     0.999985        76715     65536.00
   35717.119     0.999986        76715     72817.78
   35782.655     0.999988        76716     81920.00
   35782.655     1.000000        76716          inf
#[Mean    =    19795.463, StdDeviation   =     8255.199]
#[Max     =    35749.888, Total count    =        76716]
#[Buckets =           27, SubBuckets     =         2048]
-----------------------------------------------------------------------
  92141 requests in 1.00m, 14.29MB read
  Socket errors: connect 0, read 0, write 0, timeout 165
Requests/sec:   1535.56  
Transfer/sec:    243.82KB

=== rps=3800 c=722 t=73 url=http://10.10.1.1:18180 ===
setup: assigned thread_id=1
init: final thread_id=1, base_seed=nil
setup: assigned thread_id=2
init: final thread_id=2, base_seed=nil
setup: assigned thread_id=3
init: final thread_id=3, base_seed=nil
setup: assigned thread_id=4
init: final thread_id=4, base_seed=nil
setup: assigned thread_id=5
init: final thread_id=5, base_seed=nil
setup: assigned thread_id=6
init: final thread_id=6, base_seed=nil
setup: assigned thread_id=7
init: final thread_id=7, base_seed=nil
setup: assigned thread_id=8
init: final thread_id=8, base_seed=nil
setup: assigned thread_id=9
init: final thread_id=9, base_seed=nil
setup: assigned thread_id=10
init: final thread_id=10, base_seed=nil
setup: assigned thread_id=11
init: final thread_id=11, base_seed=nil
setup: assigned thread_id=12
init: final thread_id=12, base_seed=nil
setup: assigned thread_id=13
init: final thread_id=13, base_seed=nil
setup: assigned thread_id=14
init: final thread_id=14, base_seed=nil
setup: assigned thread_id=15
init: final thread_id=15, base_seed=nil
setup: assigned thread_id=16
init: final thread_id=16, base_seed=nil
setup: assigned thread_id=17
init: final thread_id=17, base_seed=nil
setup: assigned thread_id=18
init: final thread_id=18, base_seed=nil
setup: assigned thread_id=19
init: final thread_id=19, base_seed=nil
setup: assigned thread_id=20
init: final thread_id=20, base_seed=nil
setup: assigned thread_id=21
init: final thread_id=21, base_seed=nil
setup: assigned thread_id=22
init: final thread_id=22, base_seed=nil
setup: assigned thread_id=23
init: final thread_id=23, base_seed=nil
setup: assigned thread_id=24
init: final thread_id=24, base_seed=nil
setup: assigned thread_id=25
init: final thread_id=25, base_seed=nil
setup: assigned thread_id=26
init: final thread_id=26, base_seed=nil
setup: assigned thread_id=27
init: final thread_id=27, base_seed=nil
setup: assigned thread_id=28
init: final thread_id=28, base_seed=nil
setup: assigned thread_id=29
init: final thread_id=29, base_seed=nil
setup: assigned thread_id=30
init: final thread_id=30, base_seed=nil
setup: assigned thread_id=31
init: final thread_id=31, base_seed=nil
setup: assigned thread_id=32
init: final thread_id=32, base_seed=nil
setup: assigned thread_id=33
init: final thread_id=33, base_seed=nil
setup: assigned thread_id=34
init: final thread_id=34, base_seed=nil
setup: assigned thread_id=35
init: final thread_id=35, base_seed=nil
setup: assigned thread_id=36
init: final thread_id=36, base_seed=nil
setup: assigned thread_id=37
init: final thread_id=37, base_seed=nil
setup: assigned thread_id=38
init: final thread_id=38, base_seed=nil
setup: assigned thread_id=39
init: final thread_id=39, base_seed=nil
setup: assigned thread_id=40
init: final thread_id=40, base_seed=nil
setup: assigned thread_id=41
init: final thread_id=41, base_seed=nil
setup: assigned thread_id=42
init: final thread_id=42, base_seed=nil
setup: assigned thread_id=43
init: final thread_id=43, base_seed=nil
setup: assigned thread_id=44
init: final thread_id=44, base_seed=nil
setup: assigned thread_id=45
init: final thread_id=45, base_seed=nil
setup: assigned thread_id=46
init: final thread_id=46, base_seed=nil
setup: assigned thread_id=47
init: final thread_id=47, base_seed=nil
setup: assigned thread_id=48
init: final thread_id=48, base_seed=nil
setup: assigned thread_id=49
init: final thread_id=49, base_seed=nil
setup: assigned thread_id=50
init: final thread_id=50, base_seed=nil
setup: assigned thread_id=51
init: final thread_id=51, base_seed=nil
setup: assigned thread_id=52
init: final thread_id=52, base_seed=nil
setup: assigned thread_id=53
init: final thread_id=53, base_seed=nil
setup: assigned thread_id=54
init: final thread_id=54, base_seed=nil
setup: assigned thread_id=55
init: final thread_id=55, base_seed=nil
setup: assigned thread_id=56
init: final thread_id=56, base_seed=nil
setup: assigned thread_id=57
init: final thread_id=57, base_seed=nil
setup: assigned thread_id=58
init: final thread_id=58, base_seed=nil
setup: assigned thread_id=59
init: final thread_id=59, base_seed=nil
setup: assigned thread_id=60
init: final thread_id=60, base_seed=nil
setup: assigned thread_id=61
init: final thread_id=61, base_seed=nil
setup: assigned thread_id=62
init: final thread_id=62, base_seed=nil
setup: assigned thread_id=63
init: final thread_id=63, base_seed=nil
setup: assigned thread_id=64
init: final thread_id=64, base_seed=nil
setup: assigned thread_id=65
init: final thread_id=65, base_seed=nil
setup: assigned thread_id=66
init: final thread_id=66, base_seed=nil
setup: assigned thread_id=67
init: final thread_id=67, base_seed=nil
setup: assigned thread_id=68
init: final thread_id=68, base_seed=nil
setup: assigned thread_id=69
init: final thread_id=69, base_seed=nil
setup: assigned thread_id=70
init: final thread_id=70, base_seed=nil
setup: assigned thread_id=71
init: final thread_id=71, base_seed=nil
setup: assigned thread_id=72
init: final thread_id=72, base_seed=nil
setup: assigned thread_id=73
init: final thread_id=73, base_seed=nil
script_want_response
Running 1m test @ http://10.10.1.1:18180
  73 threads and 722 connections

  Thread calibration: mean lat.: 3488.722ms, rate sampling interval: 12025ms
  Thread calibration: mean lat.: 3435.758ms, rate sampling interval: 12091ms
  Thread calibration: mean lat.: 3505.263ms, rate sampling interval: 12443ms
  Thread calibration: mean lat.: 3403.229ms, rate sampling interval: 11943ms
  Thread calibration: mean lat.: 3576.599ms, rate sampling interval: 12599ms
  Thread calibration: mean lat.: 3438.417ms, rate sampling interval: 12222ms
  Thread calibration: mean lat.: 3596.274ms, rate sampling interval: 12845ms
  Thread calibration: mean lat.: 3331.807ms, rate sampling interval: 11935ms
  Thread calibration: mean lat.: 3304.888ms, rate sampling interval: 11952ms
  Thread calibration: mean lat.: 3506.673ms, rate sampling interval: 12279ms
  Thread calibration: mean lat.: 3316.722ms, rate sampling interval: 11952ms
  Thread calibration: mean lat.: 3352.201ms, rate sampling interval: 11911ms
  Thread calibration: mean lat.: 3454.023ms, rate sampling interval: 12427ms
  Thread calibration: mean lat.: 3528.973ms, rate sampling interval: 11362ms
  Thread calibration: mean lat.: 3300.507ms, rate sampling interval: 11911ms
  Thread calibration: mean lat.: 3464.335ms, rate sampling interval: 11190ms
  Thread calibration: mean lat.: 3295.560ms, rate sampling interval: 12484ms
  Thread calibration: mean lat.: 3341.442ms, rate sampling interval: 12173ms
  Thread calibration: mean lat.: 3237.265ms, rate sampling interval: 12476ms
  Thread calibration: mean lat.: 3248.195ms, rate sampling interval: 11845ms
  Thread calibration: mean lat.: 3220.454ms, rate sampling interval: 11804ms
  Thread calibration: mean lat.: 3249.159ms, rate sampling interval: 11771ms
  Thread calibration: mean lat.: 3371.786ms, rate sampling interval: 11804ms
  Thread calibration: mean lat.: 3421.593ms, rate sampling interval: 12509ms
  Thread calibration: mean lat.: 3362.576ms, rate sampling interval: 12091ms
  Thread calibration: mean lat.: 3216.830ms, rate sampling interval: 11476ms
  Thread calibration: mean lat.: 3256.582ms, rate sampling interval: 11649ms
  Thread calibration: mean lat.: 3289.785ms, rate sampling interval: 12451ms
  Thread calibration: mean lat.: 3332.916ms, rate sampling interval: 12156ms
  Thread calibration: mean lat.: 3311.508ms, rate sampling interval: 12091ms
  Thread calibration: mean lat.: 3321.233ms, rate sampling interval: 12156ms
  Thread calibration: mean lat.: 3646.272ms, rate sampling interval: 11501ms
  Thread calibration: mean lat.: 3330.698ms, rate sampling interval: 12058ms
  Thread calibration: mean lat.: 3597.562ms, rate sampling interval: 11436ms
  Thread calibration: mean lat.: 3615.120ms, rate sampling interval: 11182ms
  Thread calibration: mean lat.: 3521.853ms, rate sampling interval: 11141ms
  Thread calibration: mean lat.: 3666.955ms, rate sampling interval: 11517ms
  Thread calibration: mean lat.: 3613.413ms, rate sampling interval: 11476ms
  Thread calibration: mean lat.: 3554.654ms, rate sampling interval: 11157ms
  Thread calibration: mean lat.: 3485.934ms, rate sampling interval: 11149ms
  Thread calibration: mean lat.: 3621.392ms, rate sampling interval: 11403ms
  Thread calibration: mean lat.: 3450.715ms, rate sampling interval: 12083ms
  Thread calibration: mean lat.: 3662.284ms, rate sampling interval: 11476ms
  Thread calibration: mean lat.: 3609.193ms, rate sampling interval: 11427ms
  Thread calibration: mean lat.: 3344.797ms, rate sampling interval: 12058ms
  Thread calibration: mean lat.: 3470.592ms, rate sampling interval: 11476ms
  Thread calibration: mean lat.: 3504.454ms, rate sampling interval: 11214ms
  Thread calibration: mean lat.: 3463.656ms, rate sampling interval: 12402ms
  Thread calibration: mean lat.: 3662.526ms, rate sampling interval: 11468ms
  Thread calibration: mean lat.: 3486.128ms, rate sampling interval: 11419ms
  Thread calibration: mean lat.: 3513.360ms, rate sampling interval: 12107ms
  Thread calibration: mean lat.: 3617.276ms, rate sampling interval: 11378ms
  Thread calibration: mean lat.: 3596.210ms, rate sampling interval: 11771ms
  Thread calibration: mean lat.: 3522.235ms, rate sampling interval: 12337ms
  Thread calibration: mean lat.: 3605.078ms, rate sampling interval: 11386ms
  Thread calibration: mean lat.: 3666.473ms, rate sampling interval: 12099ms
  Thread calibration: mean lat.: 3667.436ms, rate sampling interval: 11436ms
  Thread calibration: mean lat.: 3695.446ms, rate sampling interval: 11698ms
  Thread calibration: mean lat.: 3671.329ms, rate sampling interval: 11476ms
  Thread calibration: mean lat.: 3552.816ms, rate sampling interval: 11100ms
  Thread calibration: mean lat.: 3645.637ms, rate sampling interval: 11444ms
  Thread calibration: mean lat.: 3594.326ms, rate sampling interval: 12238ms
  Thread calibration: mean lat.: 3597.937ms, rate sampling interval: 12083ms
  Thread calibration: mean lat.: 3587.085ms, rate sampling interval: 11468ms
  Thread calibration: mean lat.: 3604.509ms, rate sampling interval: 12476ms
  Thread calibration: mean lat.: 3543.563ms, rate sampling interval: 11714ms
  Thread calibration: mean lat.: 3569.548ms, rate sampling interval: 12296ms
  Thread calibration: mean lat.: 3541.361ms, rate sampling interval: 12468ms
  Thread calibration: mean lat.: 3670.668ms, rate sampling interval: 12648ms
  Thread calibration: mean lat.: 3631.183ms, rate sampling interval: 12361ms
  Thread calibration: mean lat.: 3520.418ms, rate sampling interval: 12337ms
  Thread calibration: mean lat.: 3630.284ms, rate sampling interval: 12034ms
  Thread calibration: mean lat.: 3672.454ms, rate sampling interval: 12673ms

-----------------------------------------------------------------------
Test Results @ http://10.10.1.1:18180 
  Thread Stats   Avg      Stdev     99%   +/- Stdev
    Latency    23.43s     9.28s   39.78s    59.77%
    Req/Sec    16.93      1.31    19.00     98.60%
  Latency Distribution (HdrHistogram - Recorded Latency)
 50.000%   23.43s 
 75.000%   31.05s 
 90.000%   36.24s 
 99.000%   39.78s 
 99.900%   40.89s 
 99.990%   41.48s 
 99.999%   41.78s 
100.000%   41.98s 

  Detailed Percentile spectrum:
       Value   Percentile   TotalCount 1/(1-Percentile)

    6107.135     0.000000            1         1.00
   10805.247     0.100000         6343         1.11
   14270.463     0.200000        12694         1.25
   16859.135     0.300000        19057         1.43
   20070.399     0.400000        25380         1.67
   23429.119     0.500000        31723         2.00
   24854.527     0.550000        34880         2.22
   26738.687     0.600000        38047         2.50
   28508.159     0.650000        41226         2.86
   29933.567     0.700000        44418         3.33
   31047.679     0.750000        47566         4.00
   32063.487     0.775000        49150         4.44
   32882.687     0.800000        50742         5.00
   33685.503     0.825000        52342         5.71
   34570.239     0.850000        53915         6.67
   35389.439     0.875000        55546         8.00
   35782.655     0.887500        56318         8.89
   36241.407     0.900000        57076        10.00
   36765.695     0.912500        57886        11.43
   37257.215     0.925000        58666        13.33
   37683.199     0.937500        59489        16.00
   37879.807     0.943750        59904        17.78
   38076.415     0.950000        60274        20.00
   38273.023     0.956250        60662        22.86
   38469.631     0.962500        61048        26.67
   38699.007     0.968750        61439        32.00
   38830.079     0.971875        61647        35.56
   38961.151     0.975000        61825        40.00
   39124.991     0.978125        62053        45.71
   39256.063     0.981250        62238        53.33
   39419.903     0.984375        62428        64.00
   39518.207     0.985938        62520        71.11
   39616.511     0.987500        62628        80.00
   39747.583     0.989062        62742        91.43
   39845.887     0.990625        62828       106.67
   39944.191     0.992188        62933       128.00
   40042.495     0.992969        62985       142.22
   40108.031     0.993750        63039       160.00
   40173.567     0.994531        63067       182.86
   40271.871     0.995313        63127       213.33
   40370.175     0.996094        63174       256.00
   40435.711     0.996484        63199       284.44
   40468.479     0.996875        63217       320.00
   40566.783     0.997266        63253       365.71
   40599.551     0.997656        63266       426.67
   40665.087     0.998047        63288       512.00
   40730.623     0.998242        63312       568.89
   40730.623     0.998437        63312       640.00
   40796.159     0.998633        63330       731.43
   40861.695     0.998828        63341       853.33
   40927.231     0.999023        63353      1024.00
   40959.999     0.999121        63362      1137.78
   40959.999     0.999219        63362      1280.00
   41025.535     0.999316        63368      1462.86
   41058.303     0.999414        63373      1706.67
   41156.607     0.999512        63381      2048.00
   41189.375     0.999561        63383      2275.56
   41254.911     0.999609        63392      2560.00
   41254.911     0.999658        63392      2925.71
   41254.911     0.999707        63392      3413.33
   41320.447     0.999756        63395      4096.00
   41385.983     0.999780        63398      4551.11
   41385.983     0.999805        63398      5120.00
   41418.751     0.999829        63400      5851.43
   41451.519     0.999854        63401      6826.67
   41484.287     0.999878        63404      8192.00
   41484.287     0.999890        63404      9102.22
   41484.287     0.999902        63404     10240.00
   41582.591     0.999915        63406     11702.86
   41582.591     0.999927        63406     13653.33
   41615.359     0.999939        63407     16384.00
   41615.359     0.999945        63407     18204.44
   41615.359     0.999951        63407     20480.00
   41648.127     0.999957        63408     23405.71
   41648.127     0.999963        63408     27306.67
   41779.199     0.999969        63409     32768.00
   41779.199     0.999973        63409     36408.89
   41779.199     0.999976        63409     40960.00
   41779.199     0.999979        63409     46811.43
   41779.199     0.999982        63409     54613.33
   41975.807     0.999985        63410     65536.00
   41975.807     1.000000        63410          inf
#[Mean    =    23434.923, StdDeviation   =     9282.294]
#[Max     =    41943.040, Total count    =        63410]
#[Buckets =           27, SubBuckets     =         2048]
-----------------------------------------------------------------------
  74212 requests in 1.00m, 11.51MB read
  Socket errors: connect 0, read 0, write 0, timeout 987
Requests/sec:   1238.54  
Transfer/sec:    196.64KB

=== rps=4000 c=800 t=80 url=http://10.10.1.1:18180 ===
setup: assigned thread_id=1
init: final thread_id=1, base_seed=nil
setup: assigned thread_id=2
init: final thread_id=2, base_seed=nil
setup: assigned thread_id=3
init: final thread_id=3, base_seed=nil
setup: assigned thread_id=4
init: final thread_id=4, base_seed=nil
setup: assigned thread_id=5
init: final thread_id=5, base_seed=nil
setup: assigned thread_id=6
init: final thread_id=6, base_seed=nil
setup: assigned thread_id=7
init: final thread_id=7, base_seed=nil
setup: assigned thread_id=8
init: final thread_id=8, base_seed=nil
setup: assigned thread_id=9
init: final thread_id=9, base_seed=nil
setup: assigned thread_id=10
init: final thread_id=10, base_seed=nil
setup: assigned thread_id=11
init: final thread_id=11, base_seed=nil
setup: assigned thread_id=12
init: final thread_id=12, base_seed=nil
setup: assigned thread_id=13
init: final thread_id=13, base_seed=nil
setup: assigned thread_id=14
init: final thread_id=14, base_seed=nil
setup: assigned thread_id=15
init: final thread_id=15, base_seed=nil
setup: assigned thread_id=16
init: final thread_id=16, base_seed=nil
setup: assigned thread_id=17
init: final thread_id=17, base_seed=nil
setup: assigned thread_id=18
init: final thread_id=18, base_seed=nil
setup: assigned thread_id=19
init: final thread_id=19, base_seed=nil
setup: assigned thread_id=20
init: final thread_id=20, base_seed=nil
setup: assigned thread_id=21
init: final thread_id=21, base_seed=nil
setup: assigned thread_id=22
init: final thread_id=22, base_seed=nil
setup: assigned thread_id=23
init: final thread_id=23, base_seed=nil
setup: assigned thread_id=24
init: final thread_id=24, base_seed=nil
setup: assigned thread_id=25
init: final thread_id=25, base_seed=nil
setup: assigned thread_id=26
init: final thread_id=26, base_seed=nil
setup: assigned thread_id=27
init: final thread_id=27, base_seed=nil
setup: assigned thread_id=28
init: final thread_id=28, base_seed=nil
setup: assigned thread_id=29
init: final thread_id=29, base_seed=nil
setup: assigned thread_id=30
init: final thread_id=30, base_seed=nil
setup: assigned thread_id=31
init: final thread_id=31, base_seed=nil
setup: assigned thread_id=32
init: final thread_id=32, base_seed=nil
setup: assigned thread_id=33
init: final thread_id=33, base_seed=nil
setup: assigned thread_id=34
init: final thread_id=34, base_seed=nil
setup: assigned thread_id=35
init: final thread_id=35, base_seed=nil
setup: assigned thread_id=36
init: final thread_id=36, base_seed=nil
setup: assigned thread_id=37
init: final thread_id=37, base_seed=nil
setup: assigned thread_id=38
init: final thread_id=38, base_seed=nil
setup: assigned thread_id=39
init: final thread_id=39, base_seed=nil
setup: assigned thread_id=40
init: final thread_id=40, base_seed=nil
setup: assigned thread_id=41
init: final thread_id=41, base_seed=nil
setup: assigned thread_id=42
init: final thread_id=42, base_seed=nil
setup: assigned thread_id=43
init: final thread_id=43, base_seed=nil
setup: assigned thread_id=44
init: final thread_id=44, base_seed=nil
setup: assigned thread_id=45
init: final thread_id=45, base_seed=nil
setup: assigned thread_id=46
init: final thread_id=46, base_seed=nil
setup: assigned thread_id=47
init: final thread_id=47, base_seed=nil
setup: assigned thread_id=48
init: final thread_id=48, base_seed=nil
setup: assigned thread_id=49
init: final thread_id=49, base_seed=nil
setup: assigned thread_id=50
init: final thread_id=50, base_seed=nil
setup: assigned thread_id=51
init: final thread_id=51, base_seed=nil
setup: assigned thread_id=52
init: final thread_id=52, base_seed=nil
setup: assigned thread_id=53
init: final thread_id=53, base_seed=nil
setup: assigned thread_id=54
init: final thread_id=54, base_seed=nil
setup: assigned thread_id=55
init: final thread_id=55, base_seed=nil
setup: assigned thread_id=56
init: final thread_id=56, base_seed=nil
setup: assigned thread_id=57
init: final thread_id=57, base_seed=nil
setup: assigned thread_id=58
init: final thread_id=58, base_seed=nil
setup: assigned thread_id=59
init: final thread_id=59, base_seed=nil
setup: assigned thread_id=60
init: final thread_id=60, base_seed=nil
setup: assigned thread_id=61
init: final thread_id=61, base_seed=nil
setup: assigned thread_id=62
init: final thread_id=62, base_seed=nil
setup: assigned thread_id=63
init: final thread_id=63, base_seed=nil
setup: assigned thread_id=64
init: final thread_id=64, base_seed=nil
setup: assigned thread_id=65
init: final thread_id=65, base_seed=nil
setup: assigned thread_id=66
init: final thread_id=66, base_seed=nil
setup: assigned thread_id=67
init: final thread_id=67, base_seed=nil
setup: assigned thread_id=68
init: final thread_id=68, base_seed=nil
setup: assigned thread_id=69
init: final thread_id=69, base_seed=nil
setup: assigned thread_id=70
init: final thread_id=70, base_seed=nil
setup: assigned thread_id=71
init: final thread_id=71, base_seed=nil
setup: assigned thread_id=72
init: final thread_id=72, base_seed=nil
setup: assigned thread_id=73
init: final thread_id=73, base_seed=nil
setup: assigned thread_id=74
init: final thread_id=74, base_seed=nil
setup: assigned thread_id=75
init: final thread_id=75, base_seed=nil
setup: assigned thread_id=76
init: final thread_id=76, base_seed=nil
setup: assigned thread_id=77
init: final thread_id=77, base_seed=nil
setup: assigned thread_id=78
init: final thread_id=78, base_seed=nil
setup: assigned thread_id=79
init: final thread_id=79, base_seed=nil
setup: assigned thread_id=80
init: final thread_id=80, base_seed=nil
script_want_response
Running 1m test @ http://10.10.1.1:18180
  80 threads and 800 connections

  Thread calibration: mean lat.: 3347.078ms, rate sampling interval: 11829ms
  Thread calibration: mean lat.: 3570.336ms, rate sampling interval: 12312ms
  Thread calibration: mean lat.: 3482.232ms, rate sampling interval: 12312ms
  Thread calibration: mean lat.: 3222.336ms, rate sampling interval: 11755ms
  Thread calibration: mean lat.: 2646.503ms, rate sampling interval: 10321ms
  Thread calibration: mean lat.: 2606.575ms, rate sampling interval: 10551ms
  Thread calibration: mean lat.: 2803.745ms, rate sampling interval: 10551ms
  Thread calibration: mean lat.: 3472.260ms, rate sampling interval: 11968ms
  Thread calibration: mean lat.: 3345.824ms, rate sampling interval: 11870ms
  Thread calibration: mean lat.: 3342.143ms, rate sampling interval: 11935ms
  Thread calibration: mean lat.: 3343.845ms, rate sampling interval: 11911ms
  Thread calibration: mean lat.: 3257.243ms, rate sampling interval: 11509ms
  Thread calibration: mean lat.: 3332.012ms, rate sampling interval: 11788ms
  Thread calibration: mean lat.: 3147.610ms, rate sampling interval: 11493ms
  Thread calibration: mean lat.: 3377.621ms, rate sampling interval: 11927ms
  Thread calibration: mean lat.: 3232.882ms, rate sampling interval: 11755ms
  Thread calibration: mean lat.: 3455.676ms, rate sampling interval: 12025ms
  Thread calibration: mean lat.: 3152.665ms, rate sampling interval: 11476ms
  Thread calibration: mean lat.: 3385.838ms, rate sampling interval: 12066ms
  Thread calibration: mean lat.: 3269.745ms, rate sampling interval: 11591ms
  Thread calibration: mean lat.: 3419.043ms, rate sampling interval: 11984ms
  Thread calibration: mean lat.: 3372.545ms, rate sampling interval: 11935ms
  Thread calibration: mean lat.: 3318.131ms, rate sampling interval: 11984ms
  Thread calibration: mean lat.: 3391.838ms, rate sampling interval: 12156ms
  Thread calibration: mean lat.: 3453.970ms, rate sampling interval: 11943ms
  Thread calibration: mean lat.: 3460.785ms, rate sampling interval: 12066ms
  Thread calibration: mean lat.: 3443.650ms, rate sampling interval: 12271ms
  Thread calibration: mean lat.: 3413.862ms, rate sampling interval: 12025ms
  Thread calibration: mean lat.: 3725.955ms, rate sampling interval: 12206ms
  Thread calibration: mean lat.: 3580.172ms, rate sampling interval: 12419ms
  Thread calibration: mean lat.: 3530.775ms, rate sampling interval: 12050ms
  Thread calibration: mean lat.: 3618.201ms, rate sampling interval: 12271ms
  Thread calibration: mean lat.: 3617.678ms, rate sampling interval: 12181ms
  Thread calibration: mean lat.: 3600.088ms, rate sampling interval: 12083ms
  Thread calibration: mean lat.: 3635.240ms, rate sampling interval: 12042ms
  Thread calibration: mean lat.: 3593.173ms, rate sampling interval: 12206ms
  Thread calibration: mean lat.: 3663.372ms, rate sampling interval: 12279ms
  Thread calibration: mean lat.: 3731.471ms, rate sampling interval: 12460ms
  Thread calibration: mean lat.: 3564.950ms, rate sampling interval: 12009ms
  Thread calibration: mean lat.: 3588.172ms, rate sampling interval: 12427ms
  Thread calibration: mean lat.: 3666.876ms, rate sampling interval: 12263ms
  Thread calibration: mean lat.: 3465.413ms, rate sampling interval: 12222ms
  Thread calibration: mean lat.: 3681.993ms, rate sampling interval: 12238ms
  Thread calibration: mean lat.: 3486.567ms, rate sampling interval: 12238ms
  Thread calibration: mean lat.: 3498.473ms, rate sampling interval: 11862ms
  Thread calibration: mean lat.: 3551.539ms, rate sampling interval: 12058ms
  Thread calibration: mean lat.: 3584.616ms, rate sampling interval: 12058ms
  Thread calibration: mean lat.: 3665.194ms, rate sampling interval: 12050ms
  Thread calibration: mean lat.: 3717.881ms, rate sampling interval: 12632ms
  Thread calibration: mean lat.: 3734.289ms, rate sampling interval: 12255ms
  Thread calibration: mean lat.: 3541.991ms, rate sampling interval: 11960ms
  Thread calibration: mean lat.: 2866.937ms, rate sampling interval: 1047ERROR: Status 500 - Body: rpc error: code = DeadlineExceeded desc = context deadline exceeded
 | media_ids: [577736598432288241, 497562619990642868, 299838423829730248, 752658076617079462] | media_types: ["png", "png", "png", "png"]
ERROR: Status 500 - Body: rpc error: code = DeadlineExceeded desc = context deadline exceeded
 | media_ids: [949007787116589553, 386488227785722994, 772024263975383183, 533143324548760586, 263761389979667259] | media_types: ["png", "png", "png", "png", "png"]
7ms
  Thread calibration: mean lat.: 3859.670ms, rate sampling interval: 12378ms
  Thread calibration: mean lat.: 3786.847ms, rate sampling interval: 12378ms
  Thread calibration: mean lat.: 3926.860ms, rate sampling interval: 12877ms
  Thread calibration: mean lat.: 3900.890ms, rate sampling interval: 12673ms
  Thread calibration: mean lat.: 3904.784ms, rate sampling interval: 12763ms
  Thread calibration: mean lat.: 3854.857ms, rate sampling interval: 12558ms
  Thread calibration: mean lat.: 3961.009ms, rate sampling interval: 12378ms
  Thread calibration: mean lat.: 3812.878ms, rate sampling interval: 12353ms
  Thread calibration: mean lat.: 3732.736ms, rate sampling interval: 12230ms
  Thread calibration: mean lat.: 3814.627ms, rate sampling interval: 12533ms
  Thread calibration: mean lat.: 3865.851ms, rate sampling interval: 12476ms
  Thread calibration: mean lat.: 3899.588ms, rate sampling interval: 12443ms
  Thread calibration: mean lat.: 3763.630ms, rate sampling interval: 12132ms
  Thread calibration: mean lat.: 2674.842ms, rate sampling interval: 10280ms
  Thread calibration: mean lat.: 3794.129ms, rate sampling interval: 12509ms
  Thread calibration: mean lat.: 2850.628ms, rate sampling interval: 10665ms
  Thread calibration: mean lat.: 2991.151ms, rate sampling interval: 10731ms
  Thread calibration: mean lat.: 2857.433ms, rate sampling interval: 10346ms
  Thread calibration: mean lat.: 2794.606ms, rate sampling interval: 10338ms
  Thread calibration: mean lat.: 2960.329ms, rate sampling interval: 10706ms
  Thread calibration: mean lat.: 3835.408ms, rate sampling interval: 12337ms
  Thread calibration: mean lat.: 3708.184ms, rate sampling interval: 12099ms
  Thread calibration: mean lat.: 2863.585ms, rate sampling interval: 10510ms
  Thread calibration: mean lat.: 2873.528ms, rate sampling interval: 10330ms
  Thread calibration: mean lat.: 2973.792ms, rate sampling interval: 10674ms
  Thread calibration: mean lat.: 2918.028ms, rate sampling interval: 10674ms
  Thread calibration: mean lat.: 2887.792ms, rate sampling interval: 10428ms
  Thread calibration: mean lat.: 3579.566ms, rate sampling interval: 12173ms

-----------------------------------------------------------------------
Test Results @ http://10.10.1.1:18180 
  Thread Stats   Avg      Stdev     99%   +/- Stdev
    Latency    22.52s     9.67s   39.39s    56.68%
    Req/Sec    16.26      1.41    18.00     95.51%
  Latency Distribution (HdrHistogram - Recorded Latency)
 50.000%   22.13s 
 75.000%   31.56s 
 90.000%   35.45s 
 99.000%   39.39s 
 99.900%   40.70s 
 99.990%   41.45s 
 99.999%   41.71s 
100.000%   42.24s 

  Detailed Percentile spectrum:
       Value   Percentile   TotalCount 1/(1-Percentile)

    5165.055     0.000000            1         1.00
    9101.311     0.100000         6642         1.11
   12443.647     0.200000        13275         1.25
   16211.967     0.300000        19907         1.43
   18825.215     0.400000        26548         1.67
   22134.783     0.500000        33179         2.00
   23707.647     0.550000        36525         2.22
   25575.423     0.600000        39818         2.50
   27869.183     0.650000        43132         2.86
   29917.183     0.700000        46453         3.33
   31555.583     0.750000        49790         4.00
   32145.407     0.775000        51441         4.44
   32718.847     0.800000        53087         5.00
   33341.439     0.825000        54763         5.71
   34013.183     0.850000        56472         6.67
   34701.311     0.875000        58074         8.00
   35094.527     0.887500        58944         8.89
   35454.975     0.900000        59742        10.00
   35880.959     0.912500        60543        11.43
   36372.479     0.925000        61411        13.33
   36896.767     0.937500        62207        16.00
   37191.679     0.943750        62634        17.78
   37486.591     0.950000        63055        20.00
   37748.735     0.956250        63488        22.86
   38010.879     0.962500        63893        26.67
   38305.791     0.968750        64320        32.00
   38404.095     0.971875        64480        35.56
   38567.935     0.975000        64724        40.00
   38699.007     0.978125        64896        45.71
   38895.615     0.981250        65154        53.33
   39026.687     0.984375        65309        64.00
   39124.991     0.985938        65411        71.11
   39223.295     0.987500        65516        80.00
   39354.367     0.989062        65661        91.43
   39452.671     0.990625        65726       106.67
   39583.743     0.992188        65835       128.00
   39682.047     0.992969        65900       142.22
   39747.583     0.993750        65942       160.00
   39845.887     0.994531        65982       182.86
   39944.191     0.995313        66038       213.33
   40075.263     0.996094        66092       256.00
   40108.031     0.996484        66110       284.44
   40173.567     0.996875        66146       320.00
   40271.871     0.997266        66169       365.71
   40337.407     0.997656        66202       426.67
   40435.711     0.998047        66219       512.00
   40501.247     0.998242        66235       568.89
   40534.015     0.998437        66246       640.00
   40566.783     0.998633        66257       731.43
   40632.319     0.998828        66269       853.33
   40697.855     0.999023        66282      1024.00
   40730.623     0.999121        66289      1137.78
   40828.927     0.999219        66294      1280.00
   40894.463     0.999316        66301      1462.86
   40959.999     0.999414        66308      1706.67
   40992.767     0.999512        66313      2048.00
   41025.535     0.999561        66315      2275.56
   41091.071     0.999609        66318      2560.00
   41123.839     0.999658        66321      2925.71
   41189.375     0.999707        66324      3413.33
   41320.447     0.999756        66328      4096.00
   41353.215     0.999780        66331      4551.11
   41353.215     0.999805        66331      5120.00
   41385.983     0.999829        66334      5851.43
   41385.983     0.999854        66334      6826.67
   41418.751     0.999878        66335      8192.00
   41451.519     0.999890        66336      9102.22
   41517.055     0.999902        66337     10240.00
   41549.823     0.999915        66338     11702.86
   41615.359     0.999927        66339     13653.33
   41615.359     0.999939        66339     16384.00
   41648.127     0.999945        66340     18204.44
   41648.127     0.999951        66340     20480.00
   41713.663     0.999957        66342     23405.71
   41713.663     0.999963        66342     27306.67
   41713.663     0.999969        66342     32768.00
   41713.663     0.999973        66342     36408.89
   41713.663     0.999976        66342     40960.00
   41713.663     0.999979        66342     46811.43
   41713.663     0.999982        66342     54613.33
   41713.663     0.999985        66342     65536.00
   42237.951     0.999986        66343     72817.78
   42237.951     1.000000        66343          inf
#[Mean    =    22516.270, StdDeviation   =     9669.200]
#[Max     =    42205.184, Total count    =        66343]
#[Buckets =           27, SubBuckets     =         2048]
-----------------------------------------------------------------------
  79583 requests in 1.00m, 12.34MB read
  Socket errors: connect 0, read 0, write 0, timeout 1019
  Non-2xx or 3xx responses: 2
Requests/sec:   1328.94  
Transfer/sec:    210.97KB
