time	phase	step_rps	category	source	metric	value
1781385476	snap	0	otelcol	otelcol-sb-esrev1-ctr-w5r65	otelcol_processor_incoming_items	113834
1781385476	snap	0	otelcol	otelcol-sb-esrev1-ctr-w5r65	otelcol_processor_batch_batch_send_size_sum	110670
1781385476	snap	0	otelcol	otelcol-sb-esrev1-ctr-w5r65	otelcol_processor_outgoing_items	110670
1781385476	snap	0	otelcol	otelcol-sb-esrev1-ctr-w5r65	otelcol_processor_batch_metadata_cardinality	1
1781385476	snap	0	otelcol	otelcol-sb-esrev1-ctr-w5r65	otelcol_process_cpu_seconds	3
1781385476	snap	0	otelcol	otelcol-sb-esrev1-ctr-w5r65	otelcol_processor_batch_timeout_trigger_send	166
1781385476	snap	0	otelcol	otelcol-sb-esrev1-ctr-w5r65	otelcol_receiver_refused_spans	3164
1781385476	snap	0	otelcol	otelcol-sb-esrev1-ctr-w5r65	otelcol_process_runtime_total_sys_memory_bytes	83388696
1781385476	snap	0	otelcol	otelcol-sb-esrev1-ctr-w5r65	otelcol_exporter_sent_spans	110670
1781385476	snap	0	otelcol	otelcol-sb-esrev1-ctr-w5r65	otelcol_exporter_queue_size	0
1781385476	snap	0	otelcol	otelcol-sb-esrev1-ctr-w5r65	otelcol_receiver_accepted_spans	110670
1781385476	snap	0	otelcol	otelcol-sb-esrev1-ctr-w5r65	otelcol_process_uptime	84
1781385476	snap	0	otelcol	otelcol-sb-esrev1-ctr-w5r65	otelcol_process_runtime_total_alloc_bytes	113595960
1781385476	snap	0	otelcol	otelcol-sb-esrev1-ctr-w5r65	otelcol_process_runtime_heap_alloc_bytes	44188232
1781385476	snap	0	otelcol	otelcol-sb-esrev1-ctr-w5r65	otelcol_exporter_send_failed_spans	0
1781385476	snap	0	otelcol	otelcol-sb-esrev1-ctr-w5r65	otelcol_exporter_queue_batch_send_size_sum	110670
1781385476	snap	0	otelcol	otelcol-sb-esrev1-ctr-w5r65	otelcol_receiver_failed_spans	0
1781385476	snap	0	otelcol	otelcol-sb-esrev1-ctr-w5r65	otelcol_exporter_queue_capacity	1001
1781385476	snap	0	otelcol	otelcol-sb-esrev1-ctr-w5r65	otelcol_process_memory_rss	216907776
1781385476	snap	0	otelcol	otelcol-sb-esrev1-ctr-5hn7z	otelcol_processor_batch_metadata_cardinality	1
1781385476	snap	0	otelcol	otelcol-sb-esrev1-ctr-5hn7z	otelcol_exporter_queue_capacity	1001
1781385476	snap	0	otelcol	otelcol-sb-esrev1-ctr-5hn7z	otelcol_process_cpu_seconds	1
1781385476	snap	0	otelcol	otelcol-sb-esrev1-ctr-5hn7z	otelcol_process_uptime	83
1781385476	snap	0	otelcol	otelcol-sb-esrev1-ctr-5hn7z	otelcol_process_runtime_total_sys_memory_bytes	47913224
1781385476	snap	0	otelcol	otelcol-sb-esrev1-ctr-5hn7z	otelcol_process_memory_rss	180224000
1781385476	snap	0	otelcol	otelcol-sb-esrev1-ctr-5hn7z	otelcol_process_runtime_total_alloc_bytes	34622096
1781385476	snap	0	otelcol	otelcol-sb-esrev1-ctr-5hn7z	otelcol_process_runtime_heap_alloc_bytes	21822328
1781385476	snap	0	otelcol	otelcol-sb-esrev1-ctr-5hn7z	otelcol_exporter_queue_size	0
1781385476	snap	0	otelcol	otelcol-sb-esrev1-ctr-m57hx	otelcol_process_memory_rss	177242112
1781385476	snap	0	otelcol	otelcol-sb-esrev1-ctr-m57hx	otelcol_process_runtime_total_sys_memory_bytes	48228632
1781385476	snap	0	otelcol	otelcol-sb-esrev1-ctr-m57hx	otelcol_exporter_queue_size	0
1781385476	snap	0	otelcol	otelcol-sb-esrev1-ctr-m57hx	otelcol_exporter_queue_capacity	1001
1781385476	snap	0	otelcol	otelcol-sb-esrev1-ctr-m57hx	otelcol_process_runtime_total_alloc_bytes	34567280
1781385476	snap	0	otelcol	otelcol-sb-esrev1-ctr-m57hx	otelcol_process_uptime	82
1781385476	snap	0	otelcol	otelcol-sb-esrev1-ctr-m57hx	otelcol_process_cpu_seconds	1
1781385476	snap	0	otelcol	otelcol-sb-esrev1-ctr-m57hx	otelcol_processor_batch_metadata_cardinality	1
1781385476	snap	0	otelcol	otelcol-sb-esrev1-ctr-m57hx	otelcol_process_runtime_heap_alloc_bytes	21399744
1781385476	snap	0	otelcol	otelcol-sb-esrev1-ctr-9j7x7	otelcol_process_cpu_seconds	2
1781385476	snap	0	otelcol	otelcol-sb-esrev1-ctr-9j7x7	otelcol_exporter_send_failed_spans	0
1781385476	snap	0	otelcol	otelcol-sb-esrev1-ctr-9j7x7	otelcol_processor_incoming_items	79096
1781385476	snap	0	otelcol	otelcol-sb-esrev1-ctr-9j7x7	otelcol_process_memory_rss	215879680
1781385476	snap	0	otelcol	otelcol-sb-esrev1-ctr-9j7x7	otelcol_exporter_sent_spans	79096
1781385476	snap	0	otelcol	otelcol-sb-esrev1-ctr-9j7x7	otelcol_exporter_queue_batch_send_size_sum	79096
1781385476	snap	0	otelcol	otelcol-sb-esrev1-ctr-9j7x7	otelcol_processor_outgoing_items	79096
1781385476	snap	0	otelcol	otelcol-sb-esrev1-ctr-9j7x7	otelcol_processor_batch_batch_send_size_sum	79096
1781385476	snap	0	otelcol	otelcol-sb-esrev1-ctr-9j7x7	otelcol_process_runtime_heap_alloc_bytes	52391712
1781385476	snap	0	otelcol	otelcol-sb-esrev1-ctr-9j7x7	otelcol_process_runtime_total_sys_memory_bytes	82766104
1781385476	snap	0	otelcol	otelcol-sb-esrev1-ctr-9j7x7	otelcol_receiver_refused_spans	0
1781385476	snap	0	otelcol	otelcol-sb-esrev1-ctr-9j7x7	otelcol_processor_batch_metadata_cardinality	1
1781385476	snap	0	otelcol	otelcol-sb-esrev1-ctr-9j7x7	otelcol_receiver_failed_spans	0
1781385476	snap	0	otelcol	otelcol-sb-esrev1-ctr-9j7x7	otelcol_processor_batch_timeout_trigger_send	168
1781385476	snap	0	otelcol	otelcol-sb-esrev1-ctr-9j7x7	otelcol_exporter_queue_size	0
1781385476	snap	0	otelcol	otelcol-sb-esrev1-ctr-9j7x7	otelcol_receiver_accepted_spans	79096
1781385476	snap	0	otelcol	otelcol-sb-esrev1-ctr-9j7x7	otelcol_process_uptime	82
1781385476	snap	0	otelcol	otelcol-sb-esrev1-ctr-9j7x7	otelcol_process_runtime_total_alloc_bytes	97285352
1781385476	snap	0	otelcol	otelcol-sb-esrev1-ctr-9j7x7	otelcol_exporter_queue_capacity	1001
1781385476	snap	0	otelcol	otelcol-sb-esrev1-ctr-rbg9n	otelcol_exporter_queue_capacity	1001
1781385476	snap	0	otelcol	otelcol-sb-esrev1-ctr-rbg9n	otelcol_process_cpu_seconds	1
1781385476	snap	0	otelcol	otelcol-sb-esrev1-ctr-rbg9n	otelcol_process_runtime_total_alloc_bytes	34456152
1781385476	snap	0	otelcol	otelcol-sb-esrev1-ctr-rbg9n	otelcol_process_memory_rss	179318784
1781385476	snap	0	otelcol	otelcol-sb-esrev1-ctr-rbg9n	otelcol_processor_batch_metadata_cardinality	1
1781385476	snap	0	otelcol	otelcol-sb-esrev1-ctr-rbg9n	otelcol_process_runtime_heap_alloc_bytes	20803504
1781385476	snap	0	otelcol	otelcol-sb-esrev1-ctr-rbg9n	otelcol_process_uptime	81
1781385476	snap	0	otelcol	otelcol-sb-esrev1-ctr-rbg9n	otelcol_exporter_queue_size	0
1781385476	snap	0	otelcol	otelcol-sb-esrev1-ctr-rbg9n	otelcol_process_runtime_total_sys_memory_bytes	43247896
1781385476	snap	0	otelcol	otelcol-sb-esrev1-ctr-qd64d	otelcol_process_runtime_total_sys_memory_bytes	43493656
1781385476	snap	0	otelcol	otelcol-sb-esrev1-ctr-qd64d	otelcol_process_uptime	83
1781385476	snap	0	otelcol	otelcol-sb-esrev1-ctr-qd64d	otelcol_exporter_queue_capacity	1001
1781385476	snap	0	otelcol	otelcol-sb-esrev1-ctr-qd64d	otelcol_exporter_queue_size	0
1781385476	snap	0	otelcol	otelcol-sb-esrev1-ctr-qd64d	otelcol_processor_batch_metadata_cardinality	1
1781385476	snap	0	otelcol	otelcol-sb-esrev1-ctr-qd64d	otelcol_process_runtime_heap_alloc_bytes	21324864
1781385476	snap	0	otelcol	otelcol-sb-esrev1-ctr-qd64d	otelcol_process_memory_rss	178929664
1781385476	snap	0	otelcol	otelcol-sb-esrev1-ctr-qd64d	otelcol_process_cpu_seconds	1
1781385476	snap	0	otelcol	otelcol-sb-esrev1-ctr-qd64d	otelcol_process_runtime_total_alloc_bytes	34561664
1781385476	snap	0	otelcol	otelcol-sb-esrev1-ctr-jjcwc	otelcol_process_runtime_total_alloc_bytes	34608608
1781385476	snap	0	otelcol	otelcol-sb-esrev1-ctr-jjcwc	otelcol_process_runtime_heap_alloc_bytes	23033272
1781385476	snap	0	otelcol	otelcol-sb-esrev1-ctr-jjcwc	otelcol_process_memory_rss	178577408
1781385476	snap	0	otelcol	otelcol-sb-esrev1-ctr-jjcwc	otelcol_exporter_queue_size	0
1781385476	snap	0	otelcol	otelcol-sb-esrev1-ctr-jjcwc	otelcol_processor_batch_metadata_cardinality	1
1781385476	snap	0	otelcol	otelcol-sb-esrev1-ctr-jjcwc	otelcol_exporter_queue_capacity	1001
1781385476	snap	0	otelcol	otelcol-sb-esrev1-ctr-jjcwc	otelcol_process_runtime_total_sys_memory_bytes	48236824
1781385476	snap	0	otelcol	otelcol-sb-esrev1-ctr-jjcwc	otelcol_process_cpu_seconds	1
1781385476	snap	0	otelcol	otelcol-sb-esrev1-ctr-jjcwc	otelcol_process_uptime	83
1781385476	snap	0	otelcol	otelcol-sb-esrev1-ctr-64dpb	otelcol_exporter_queue_size	0
1781385476	snap	0	otelcol	otelcol-sb-esrev1-ctr-64dpb	otelcol_process_runtime_total_alloc_bytes	34594016
1781385476	snap	0	otelcol	otelcol-sb-esrev1-ctr-64dpb	otelcol_processor_batch_metadata_cardinality	1
1781385476	snap	0	otelcol	otelcol-sb-esrev1-ctr-64dpb	otelcol_process_runtime_heap_alloc_bytes	21201768
1781385476	snap	0	otelcol	otelcol-sb-esrev1-ctr-64dpb	otelcol_process_memory_rss	179830784
1781385476	snap	0	otelcol	otelcol-sb-esrev1-ctr-64dpb	otelcol_process_cpu_seconds	1
1781385476	snap	0	otelcol	otelcol-sb-esrev1-ctr-64dpb	otelcol_exporter_queue_capacity	1001
1781385476	snap	0	otelcol	otelcol-sb-esrev1-ctr-64dpb	otelcol_process_uptime	83
1781385476	snap	0	otelcol	otelcol-sb-esrev1-ctr-64dpb	otelcol_process_runtime_total_sys_memory_bytes	47913224
1781385476	snap	0	otelcol	otelcol-sb-esrev1-ctr-lmnfn	otelcol_processor_batch_timeout_trigger_send	164
1781385476	snap	0	otelcol	otelcol-sb-esrev1-ctr-lmnfn	otelcol_processor_batch_batch_send_size_sum	75248
1781385476	snap	0	otelcol	otelcol-sb-esrev1-ctr-lmnfn	otelcol_process_runtime_total_alloc_bytes	86665984
1781385476	snap	0	otelcol	otelcol-sb-esrev1-ctr-lmnfn	otelcol_process_runtime_heap_alloc_bytes	41556048
1781385476	snap	0	otelcol	otelcol-sb-esrev1-ctr-lmnfn	otelcol_exporter_queue_batch_send_size_sum	75248
1781385476	snap	0	otelcol	otelcol-sb-esrev1-ctr-lmnfn	otelcol_process_uptime	82
1781385476	snap	0	otelcol	otelcol-sb-esrev1-ctr-lmnfn	otelcol_process_cpu_seconds	2
1781385476	snap	0	otelcol	otelcol-sb-esrev1-ctr-lmnfn	otelcol_exporter_send_failed_spans	0
1781385476	snap	0	otelcol	otelcol-sb-esrev1-ctr-lmnfn	otelcol_exporter_sent_spans	75248
1781385476	snap	0	otelcol	otelcol-sb-esrev1-ctr-lmnfn	otelcol_receiver_refused_spans	0
1781385476	snap	0	otelcol	otelcol-sb-esrev1-ctr-lmnfn	otelcol_processor_incoming_items	75248
1781385476	snap	0	otelcol	otelcol-sb-esrev1-ctr-lmnfn	otelcol_receiver_accepted_spans	75248
1781385476	snap	0	otelcol	otelcol-sb-esrev1-ctr-lmnfn	otelcol_processor_outgoing_items	75248
1781385476	snap	0	otelcol	otelcol-sb-esrev1-ctr-lmnfn	otelcol_process_runtime_total_sys_memory_bytes	74656024
1781385476	snap	0	otelcol	otelcol-sb-esrev1-ctr-lmnfn	otelcol_process_memory_rss	209502208
1781385476	snap	0	otelcol	otelcol-sb-esrev1-ctr-lmnfn	otelcol_receiver_failed_spans	0
1781385476	snap	0	otelcol	otelcol-sb-esrev1-ctr-lmnfn	otelcol_processor_batch_metadata_cardinality	1
1781385476	snap	0	otelcol	otelcol-sb-esrev1-ctr-lmnfn	otelcol_exporter_queue_size	0
1781385476	snap	0	otelcol	otelcol-sb-esrev1-ctr-lmnfn	otelcol_exporter_queue_capacity	1001
1781385476	snap	0	k8s	otelcol-sb-esrev1-ctr-5hn7z	restart_count	0
1781385476	snap	0	k8s	otelcol-sb-esrev1-ctr-64dpb	restart_count	0
1781385476	snap	0	k8s	otelcol-sb-esrev1-ctr-9j7x7	restart_count	0
1781385476	snap	0	k8s	otelcol-sb-esrev1-ctr-jjcwc	restart_count	0
1781385476	snap	0	k8s	otelcol-sb-esrev1-ctr-lmnfn	restart_count	0
1781385476	snap	0	k8s	otelcol-sb-esrev1-ctr-m57hx	restart_count	0
1781385476	snap	0	k8s	otelcol-sb-esrev1-ctr-qd64d	restart_count	0
1781385476	snap	0	k8s	otelcol-sb-esrev1-ctr-rbg9n	restart_count	0
1781385476	snap	0	k8s	otelcol-sb-esrev1-ctr-w5r65	restart_count	0
1781385476	snap	0	sdk	wrk2api	spans_received	77172
1781385476	snap	0	sdk	wrk2api	spans_sent	77172
1781385476	snap	0	sdk	wrk2api	spans_dropped	0
1781385476	snap	0	sdk	wrk2api	spans_flushed	77172
1781385476	snap	0	sdk	wrk2api	batches_sent	514
1781385476	snap	0	sdk	wrk2api	batches_dropped	0
1781385476	snap	0	sdk	wrk2api	send_unavailable	0
1781385476	snap	0	sdk	wrk2api	send_deadline	0
1781385476	snap	0	sdk	wrk2api	send_exhausted	0
1781385476	snap	0	sdk	wrk2api	send_canceled	0
1781385476	snap	0	sdk	wrk2api	send_other	0
1781385476	snap	0	sdk	wrk2api	buffer_depth	0
0
1781385476	snap	0	sdk	wrk2api	cp_received	38586
1781385476	snap	0	sdk	wrk2api	lp_received	38586
1781385476	snap	0	sdk	wrk2api	cp_sent	38586
1781385476	snap	0	sdk	wrk2api	lp_sent	38586
1781385476	snap	0	sdk	wrk2api	cp_dropped	0
1781385476	snap	0	sdk	wrk2api	lp_dropped	0
1781385476	snap	0	sdk	composepost	spans_received	0
1781385476	snap	0	sdk	composepost	spans_sent	0
1781385476	snap	0	sdk	composepost	spans_dropped	0
1781385476	snap	0	sdk	composepost	spans_flushed	0
1781385476	snap	0	sdk	composepost	batches_sent	0
1781385476	snap	0	sdk	composepost	batches_dropped	0
1781385476	snap	0	sdk	composepost	send_unavailable	0
1781385476	snap	0	sdk	composepost	send_deadline	0
1781385476	snap	0	sdk	composepost	send_exhausted	0
1781385476	snap	0	sdk	composepost	send_canceled	0
1781385476	snap	0	sdk	composepost	send_other	0
1781385476	snap	0	sdk	composepost	buffer_depth	0
0
1781385476	snap	0	sdk	composepost	cp_received	0
1781385476	snap	0	sdk	composepost	lp_received	0
1781385476	snap	0	sdk	composepost	cp_sent	0
1781385476	snap	0	sdk	composepost	lp_sent	0
1781385476	snap	0	sdk	composepost	cp_dropped	0
1781385476	snap	0	sdk	composepost	lp_dropped	0
1781385476	snap	0	sdk	hometimeline	spans_received	0
1781385476	snap	0	sdk	hometimeline	spans_sent	0
1781385476	snap	0	sdk	hometimeline	spans_dropped	0
1781385476	snap	0	sdk	hometimeline	spans_flushed	0
1781385476	snap	0	sdk	hometimeline	batches_sent	0
1781385476	snap	0	sdk	hometimeline	batches_dropped	0
1781385476	snap	0	sdk	hometimeline	send_unavailable	0
1781385476	snap	0	sdk	hometimeline	send_deadline	0
1781385476	snap	0	sdk	hometimeline	send_exhausted	0
1781385476	snap	0	sdk	hometimeline	send_canceled	0
1781385476	snap	0	sdk	hometimeline	send_other	0
1781385476	snap	0	sdk	hometimeline	buffer_depth	0
0
1781385476	snap	0	sdk	hometimeline	cp_received	0
1781385476	snap	0	sdk	hometimeline	lp_received	0
1781385476	snap	0	sdk	hometimeline	cp_sent	0
1781385476	snap	0	sdk	hometimeline	lp_sent	0
1781385476	snap	0	sdk	hometimeline	cp_dropped	0
1781385476	snap	0	sdk	hometimeline	lp_dropped	0
1781385476	snap	0	sdk	media	spans_received	0
1781385476	snap	0	sdk	media	spans_sent	0
1781385476	snap	0	sdk	media	spans_dropped	0
1781385476	snap	0	sdk	media	spans_flushed	0
1781385476	snap	0	sdk	media	batches_sent	0
1781385476	snap	0	sdk	media	batches_dropped	0
1781385476	snap	0	sdk	media	send_unavailable	0
1781385476	snap	0	sdk	media	send_deadline	0
1781385476	snap	0	sdk	media	send_exhausted	0
1781385476	snap	0	sdk	media	send_canceled	0
1781385476	snap	0	sdk	media	send_other	0
1781385476	snap	0	sdk	media	buffer_depth	0
0
1781385476	snap	0	sdk	media	cp_received	0
1781385476	snap	0	sdk	media	lp_received	0
1781385476	snap	0	sdk	media	cp_sent	0
1781385476	snap	0	sdk	media	lp_sent	0
1781385476	snap	0	sdk	media	cp_dropped	0
1781385476	snap	0	sdk	media	lp_dropped	0
1781385476	snap	0	sdk	post-storage	spans_received	0
1781385476	snap	0	sdk	post-storage	spans_sent	0
1781385476	snap	0	sdk	post-storage	spans_dropped	0
1781385476	snap	0	sdk	post-storage	spans_flushed	0
1781385476	snap	0	sdk	post-storage	batches_sent	0
1781385476	snap	0	sdk	post-storage	batches_dropped	0
1781385476	snap	0	sdk	post-storage	send_unavailable	0
1781385476	snap	0	sdk	post-storage	send_deadline	0
1781385476	snap	0	sdk	post-storage	send_exhausted	0
1781385476	snap	0	sdk	post-storage	send_canceled	0
1781385476	snap	0	sdk	post-storage	send_other	0
1781385476	snap	0	sdk	post-storage	buffer_depth	0
0
1781385476	snap	0	sdk	post-storage	cp_received	0
1781385476	snap	0	sdk	post-storage	lp_received	0
1781385476	snap	0	sdk	post-storage	cp_sent	0
1781385476	snap	0	sdk	post-storage	lp_sent	0
1781385476	snap	0	sdk	post-storage	cp_dropped	0
1781385476	snap	0	sdk	post-storage	lp_dropped	0
1781385476	snap	0	sdk	socialgraph	spans_received	113834
1781385476	snap	0	sdk	socialgraph	spans_sent	110670
1781385476	snap	0	sdk	socialgraph	spans_dropped	3164
1781385476	snap	0	sdk	socialgraph	spans_flushed	113834
1781385476	snap	0	sdk	socialgraph	batches_sent	494
1781385476	snap	0	sdk	socialgraph	batches_dropped	16
1781385476	snap	0	sdk	socialgraph	send_unavailable	16
1781385476	snap	0	sdk	socialgraph	send_deadline	0
1781385476	snap	0	sdk	socialgraph	send_exhausted	0
1781385476	snap	0	sdk	socialgraph	send_canceled	0
1781385476	snap	0	sdk	socialgraph	send_other	0
1781385476	snap	0	sdk	socialgraph	buffer_depth	0
0
1781385476	snap	0	sdk	socialgraph	cp_received	76210
1781385476	snap	0	sdk	socialgraph	lp_received	37624
1781385476	snap	0	sdk	socialgraph	cp_sent	76210
1781385476	snap	0	sdk	socialgraph	lp_sent	34460
1781385476	snap	0	sdk	socialgraph	cp_dropped	0
1781385476	snap	0	sdk	socialgraph	lp_dropped	3164
1781385476	snap	0	sdk	text	spans_received	0
1781385476	snap	0	sdk	text	spans_sent	0
1781385476	snap	0	sdk	text	spans_dropped	0
1781385476	snap	0	sdk	text	spans_flushed	0
1781385476	snap	0	sdk	text	batches_sent	0
1781385476	snap	0	sdk	text	batches_dropped	0
1781385476	snap	0	sdk	text	send_unavailable	0
1781385476	snap	0	sdk	text	send_deadline	0
1781385476	snap	0	sdk	text	send_exhausted	0
1781385476	snap	0	sdk	text	send_canceled	0
1781385476	snap	0	sdk	text	send_other	0
1781385476	snap	0	sdk	text	buffer_depth	0
0
1781385476	snap	0	sdk	text	cp_received	0
1781385476	snap	0	sdk	text	lp_received	0
1781385476	snap	0	sdk	text	cp_sent	0
1781385476	snap	0	sdk	text	lp_sent	0
1781385476	snap	0	sdk	text	cp_dropped	0
1781385476	snap	0	sdk	text	lp_dropped	0
1781385476	snap	0	sdk	uniqueid	spans_received	0
1781385476	snap	0	sdk	uniqueid	spans_sent	0
1781385476	snap	0	sdk	uniqueid	spans_dropped	0
1781385476	snap	0	sdk	uniqueid	spans_flushed	0
1781385476	snap	0	sdk	uniqueid	batches_sent	0
1781385476	snap	0	sdk	uniqueid	batches_dropped	0
1781385476	snap	0	sdk	uniqueid	send_unavailable	0
1781385476	snap	0	sdk	uniqueid	send_deadline	0
1781385476	snap	0	sdk	uniqueid	send_exhausted	0
1781385476	snap	0	sdk	uniqueid	send_canceled	0
1781385476	snap	0	sdk	uniqueid	send_other	0
1781385476	snap	0	sdk	uniqueid	buffer_depth	0
0
1781385476	snap	0	sdk	uniqueid	cp_received	0
1781385476	snap	0	sdk	uniqueid	lp_received	0
1781385476	snap	0	sdk	uniqueid	cp_sent	0
1781385476	snap	0	sdk	uniqueid	lp_sent	0
1781385476	snap	0	sdk	uniqueid	cp_dropped	0
1781385476	snap	0	sdk	uniqueid	lp_dropped	0
1781385476	snap	0	sdk	urlshorten	spans_received	0
1781385476	snap	0	sdk	urlshorten	spans_sent	0
1781385476	snap	0	sdk	urlshorten	spans_dropped	0
1781385476	snap	0	sdk	urlshorten	spans_flushed	0
1781385476	snap	0	sdk	urlshorten	batches_sent	0
1781385476	snap	0	sdk	urlshorten	batches_dropped	0
1781385476	snap	0	sdk	urlshorten	send_unavailable	0
1781385476	snap	0	sdk	urlshorten	send_deadline	0
1781385476	snap	0	sdk	urlshorten	send_exhausted	0
1781385476	snap	0	sdk	urlshorten	send_canceled	0
1781385476	snap	0	sdk	urlshorten	send_other	0
1781385476	snap	0	sdk	urlshorten	buffer_depth	0
0
1781385476	snap	0	sdk	urlshorten	cp_received	0
1781385476	snap	0	sdk	urlshorten	lp_received	0
1781385476	snap	0	sdk	urlshorten	cp_sent	0
1781385476	snap	0	sdk	urlshorten	lp_sent	0
1781385476	snap	0	sdk	urlshorten	cp_dropped	0
1781385476	snap	0	sdk	urlshorten	lp_dropped	0
1781385476	snap	0	sdk	user	spans_received	1924
1781385476	snap	0	sdk	user	spans_sent	1924
1781385476	snap	0	sdk	user	spans_dropped	0
1781385476	snap	0	sdk	user	spans_flushed	1924
1781385476	snap	0	sdk	user	batches_sent	10
1781385476	snap	0	sdk	user	batches_dropped	0
1781385476	snap	0	sdk	user	send_unavailable	0
1781385476	snap	0	sdk	user	send_deadline	0
1781385476	snap	0	sdk	user	send_exhausted	0
1781385476	snap	0	sdk	user	send_canceled	0
1781385476	snap	0	sdk	user	send_other	0
1781385476	snap	0	sdk	user	buffer_depth	0
0
1781385476	snap	0	sdk	user	cp_received	962
1781385476	snap	0	sdk	user	lp_received	962
1781385476	snap	0	sdk	user	cp_sent	962
1781385476	snap	0	sdk	user	lp_sent	962
1781385476	snap	0	sdk	user	cp_dropped	0
1781385476	snap	0	sdk	user	lp_dropped	0
1781385476	snap	0	sdk	userid	spans_received	75248
1781385476	snap	0	sdk	userid	spans_sent	75248
1781385476	snap	0	sdk	userid	spans_dropped	0
1781385476	snap	0	sdk	userid	spans_flushed	75248
1781385476	snap	0	sdk	userid	batches_sent	250
1781385476	snap	0	sdk	userid	batches_dropped	0
1781385476	snap	0	sdk	userid	send_unavailable	0
1781385476	snap	0	sdk	userid	send_deadline	0
1781385476	snap	0	sdk	userid	send_exhausted	0
1781385476	snap	0	sdk	userid	send_canceled	0
1781385476	snap	0	sdk	userid	send_other	0
1781385476	snap	0	sdk	userid	buffer_depth	0
0
1781385476	snap	0	sdk	userid	cp_received	75248
1781385476	snap	0	sdk	userid	lp_received	0
1781385476	snap	0	sdk	userid	cp_sent	75248
1781385476	snap	0	sdk	userid	lp_sent	0
1781385476	snap	0	sdk	userid	cp_dropped	0
1781385476	snap	0	sdk	userid	lp_dropped	0
1781385476	snap	0	sdk	usermention	spans_received	0
1781385476	snap	0	sdk	usermention	spans_sent	0
1781385476	snap	0	sdk	usermention	spans_dropped	0
1781385476	snap	0	sdk	usermention	spans_flushed	0
1781385476	snap	0	sdk	usermention	batches_sent	0
1781385476	snap	0	sdk	usermention	batches_dropped	0
1781385476	snap	0	sdk	usermention	send_unavailable	0
1781385476	snap	0	sdk	usermention	send_deadline	0
1781385476	snap	0	sdk	usermention	send_exhausted	0
1781385476	snap	0	sdk	usermention	send_canceled	0
1781385476	snap	0	sdk	usermention	send_other	0
1781385476	snap	0	sdk	usermention	buffer_depth	0
0
1781385476	snap	0	sdk	usermention	cp_received	0
1781385476	snap	0	sdk	usermention	lp_received	0
1781385476	snap	0	sdk	usermention	cp_sent	0
1781385476	snap	0	sdk	usermention	lp_sent	0
1781385476	snap	0	sdk	usermention	cp_dropped	0
1781385476	snap	0	sdk	usermention	lp_dropped	0
1781385476	snap	0	sdk	usertimeline	spans_received	0
1781385476	snap	0	sdk	usertimeline	spans_sent	0
1781385476	snap	0	sdk	usertimeline	spans_dropped	0
1781385476	snap	0	sdk	usertimeline	spans_flushed	0
1781385476	snap	0	sdk	usertimeline	batches_sent	0
1781385476	snap	0	sdk	usertimeline	batches_dropped	0
1781385476	snap	0	sdk	usertimeline	send_unavailable	0
1781385476	snap	0	sdk	usertimeline	send_deadline	0
1781385476	snap	0	sdk	usertimeline	send_exhausted	0
1781385476	snap	0	sdk	usertimeline	send_canceled	0
1781385476	snap	0	sdk	usertimeline	send_other	0
1781385476	snap	0	sdk	usertimeline	buffer_depth	0
0
1781385476	snap	0	sdk	usertimeline	cp_received	0
1781385476	snap	0	sdk	usertimeline	lp_received	0
1781385476	snap	0	sdk	usertimeline	cp_sent	0
1781385476	snap	0	sdk	usertimeline	lp_sent	0
1781385476	snap	0	sdk	usertimeline	cp_dropped	0
1781385476	snap	0	sdk	usertimeline	lp_dropped	0
1781385583	snap	0	otelcol	otelcol-sb-esrev1-ctr-w5r65	otelcol_processor_incoming_items	123833
1781385583	snap	0	otelcol	otelcol-sb-esrev1-ctr-w5r65	otelcol_processor_batch_batch_send_size_sum	120669
1781385583	snap	0	otelcol	otelcol-sb-esrev1-ctr-w5r65	otelcol_processor_outgoing_items	120669
1781385583	snap	0	otelcol	otelcol-sb-esrev1-ctr-w5r65	otelcol_processor_batch_metadata_cardinality	1
1781385583	snap	0	otelcol	otelcol-sb-esrev1-ctr-w5r65	otelcol_process_cpu_seconds	5
1781385583	snap	0	otelcol	otelcol-sb-esrev1-ctr-w5r65	otelcol_processor_batch_timeout_trigger_send	662
1781385583	snap	0	otelcol	otelcol-sb-esrev1-ctr-w5r65	otelcol_receiver_refused_spans	3164
1781385583	snap	0	otelcol	otelcol-sb-esrev1-ctr-w5r65	otelcol_process_runtime_total_sys_memory_bytes	83716376
1781385583	snap	0	otelcol	otelcol-sb-esrev1-ctr-w5r65	otelcol_exporter_sent_spans	120669
1781385583	snap	0	otelcol	otelcol-sb-esrev1-ctr-w5r65	otelcol_exporter_queue_size	0
1781385583	snap	0	otelcol	otelcol-sb-esrev1-ctr-w5r65	otelcol_receiver_accepted_spans	120669
1781385583	snap	0	otelcol	otelcol-sb-esrev1-ctr-w5r65	otelcol_process_uptime	191
1781385583	snap	0	otelcol	otelcol-sb-esrev1-ctr-w5r65	otelcol_process_runtime_total_alloc_bytes	141824336
1781385583	snap	0	otelcol	otelcol-sb-esrev1-ctr-w5r65	otelcol_process_runtime_heap_alloc_bytes	23445328
1781385583	snap	0	otelcol	otelcol-sb-esrev1-ctr-w5r65	otelcol_exporter_send_failed_spans	0
1781385583	snap	0	otelcol	otelcol-sb-esrev1-ctr-w5r65	otelcol_exporter_queue_batch_send_size_sum	120669
1781385583	snap	0	otelcol	otelcol-sb-esrev1-ctr-w5r65	otelcol_receiver_failed_spans	0
1781385583	snap	0	otelcol	otelcol-sb-esrev1-ctr-w5r65	otelcol_exporter_queue_capacity	1001
1781385583	snap	0	otelcol	otelcol-sb-esrev1-ctr-w5r65	otelcol_process_memory_rss	208117760
1781385583	snap	0	otelcol	otelcol-sb-esrev1-ctr-5hn7z	otelcol_processor_batch_metadata_cardinality	1
1781385583	snap	0	otelcol	otelcol-sb-esrev1-ctr-5hn7z	otelcol_exporter_queue_capacity	1001
1781385583	snap	0	otelcol	otelcol-sb-esrev1-ctr-5hn7z	otelcol_exporter_queue_batch_send_size_sum	9999
1781385583	snap	0	otelcol	otelcol-sb-esrev1-ctr-5hn7z	otelcol_exporter_send_failed_spans	0
1781385583	snap	0	otelcol	otelcol-sb-esrev1-ctr-5hn7z	otelcol_processor_batch_batch_send_size_sum	9999
1781385583	snap	0	otelcol	otelcol-sb-esrev1-ctr-5hn7z	otelcol_processor_batch_timeout_trigger_send	496
1781385583	snap	0	otelcol	otelcol-sb-esrev1-ctr-5hn7z	otelcol_process_cpu_seconds	3
1781385583	snap	0	otelcol	otelcol-sb-esrev1-ctr-5hn7z	otelcol_process_uptime	190
1781385583	snap	0	otelcol	otelcol-sb-esrev1-ctr-5hn7z	otelcol_exporter_sent_spans	9999
1781385583	snap	0	otelcol	otelcol-sb-esrev1-ctr-5hn7z	otelcol_receiver_failed_spans	0
1781385583	snap	0	otelcol	otelcol-sb-esrev1-ctr-5hn7z	otelcol_process_runtime_total_sys_memory_bytes	66738440
1781385583	snap	0	otelcol	otelcol-sb-esrev1-ctr-5hn7z	otelcol_receiver_refused_spans	0
1781385583	snap	0	otelcol	otelcol-sb-esrev1-ctr-5hn7z	otelcol_process_memory_rss	198045696
1781385583	snap	0	otelcol	otelcol-sb-esrev1-ctr-5hn7z	otelcol_processor_incoming_items	9999
1781385583	snap	0	otelcol	otelcol-sb-esrev1-ctr-5hn7z	otelcol_process_runtime_total_alloc_bytes	67369872
1781385583	snap	0	otelcol	otelcol-sb-esrev1-ctr-5hn7z	otelcol_process_runtime_heap_alloc_bytes	29601760
1781385583	snap	0	otelcol	otelcol-sb-esrev1-ctr-5hn7z	otelcol_receiver_accepted_spans	9999
1781385583	snap	0	otelcol	otelcol-sb-esrev1-ctr-5hn7z	otelcol_processor_outgoing_items	9999
1781385583	snap	0	otelcol	otelcol-sb-esrev1-ctr-5hn7z	otelcol_exporter_queue_size	0
1781385583	snap	0	otelcol	otelcol-sb-esrev1-ctr-m57hx	otelcol_process_memory_rss	177242112
1781385583	snap	0	otelcol	otelcol-sb-esrev1-ctr-m57hx	otelcol_process_runtime_total_sys_memory_bytes	48269592
1781385583	snap	0	otelcol	otelcol-sb-esrev1-ctr-m57hx	otelcol_exporter_queue_size	0
1781385583	snap	0	otelcol	otelcol-sb-esrev1-ctr-m57hx	otelcol_exporter_queue_capacity	1001
1781385583	snap	0	otelcol	otelcol-sb-esrev1-ctr-m57hx	otelcol_process_runtime_total_alloc_bytes	35872144
1781385583	snap	0	otelcol	otelcol-sb-esrev1-ctr-m57hx	otelcol_process_uptime	189
1781385583	snap	0	otelcol	otelcol-sb-esrev1-ctr-m57hx	otelcol_process_cpu_seconds	2
1781385583	snap	0	otelcol	otelcol-sb-esrev1-ctr-m57hx	otelcol_processor_batch_metadata_cardinality	1
1781385583	snap	0	otelcol	otelcol-sb-esrev1-ctr-m57hx	otelcol_process_runtime_heap_alloc_bytes	18739136
1781385583	snap	0	otelcol	otelcol-sb-esrev1-ctr-9j7x7	otelcol_process_cpu_seconds	6
1781385583	snap	0	otelcol	otelcol-sb-esrev1-ctr-9j7x7	otelcol_exporter_send_failed_spans	0
1781385583	snap	0	otelcol	otelcol-sb-esrev1-ctr-9j7x7	otelcol_processor_incoming_items	109111
1781385583	snap	0	otelcol	otelcol-sb-esrev1-ctr-9j7x7	otelcol_process_memory_rss	207708160
1781385583	snap	0	otelcol	otelcol-sb-esrev1-ctr-9j7x7	otelcol_exporter_sent_spans	109111
1781385583	snap	0	otelcol	otelcol-sb-esrev1-ctr-9j7x7	otelcol_exporter_queue_batch_send_size_sum	109111
1781385583	snap	0	otelcol	otelcol-sb-esrev1-ctr-9j7x7	otelcol_processor_outgoing_items	109111
1781385583	snap	0	otelcol	otelcol-sb-esrev1-ctr-9j7x7	otelcol_processor_batch_batch_send_size_sum	109111
1781385583	snap	0	otelcol	otelcol-sb-esrev1-ctr-9j7x7	otelcol_process_runtime_heap_alloc_bytes	28245200
1781385583	snap	0	otelcol	otelcol-sb-esrev1-ctr-9j7x7	otelcol_process_runtime_total_sys_memory_bytes	83462424
1781385583	snap	0	otelcol	otelcol-sb-esrev1-ctr-9j7x7	otelcol_receiver_refused_spans	0
1781385583	snap	0	otelcol	otelcol-sb-esrev1-ctr-9j7x7	otelcol_processor_batch_metadata_cardinality	1
1781385583	snap	0	otelcol	otelcol-sb-esrev1-ctr-9j7x7	otelcol_receiver_failed_spans	0
1781385583	snap	0	otelcol	otelcol-sb-esrev1-ctr-9j7x7	otelcol_processor_batch_timeout_trigger_send	665
1781385583	snap	0	otelcol	otelcol-sb-esrev1-ctr-9j7x7	otelcol_exporter_queue_size	0
1781385583	snap	0	otelcol	otelcol-sb-esrev1-ctr-9j7x7	otelcol_receiver_accepted_spans	109111
1781385583	snap	0	otelcol	otelcol-sb-esrev1-ctr-9j7x7	otelcol_process_uptime	189
1781385583	snap	0	otelcol	otelcol-sb-esrev1-ctr-9j7x7	otelcol_process_runtime_total_alloc_bytes	163017512
1781385583	snap	0	otelcol	otelcol-sb-esrev1-ctr-9j7x7	otelcol_exporter_queue_capacity	1001
1781385583	snap	0	otelcol	otelcol-sb-esrev1-ctr-rbg9n	otelcol_exporter_queue_capacity	1001
1781385583	snap	0	otelcol	otelcol-sb-esrev1-ctr-rbg9n	otelcol_process_cpu_seconds	7
1781385583	snap	0	otelcol	otelcol-sb-esrev1-ctr-rbg9n	otelcol_exporter_send_failed_spans	0
1781385583	snap	0	otelcol	otelcol-sb-esrev1-ctr-rbg9n	otelcol_receiver_refused_spans	154
1781385583	snap	0	otelcol	otelcol-sb-esrev1-ctr-rbg9n	otelcol_process_runtime_total_alloc_bytes	295563000
1781385583	snap	0	otelcol	otelcol-sb-esrev1-ctr-rbg9n	otelcol_process_memory_rss	226275328
1781385583	snap	0	otelcol	otelcol-sb-esrev1-ctr-rbg9n	otelcol_processor_batch_metadata_cardinality	1
1781385583	snap	0	otelcol	otelcol-sb-esrev1-ctr-rbg9n	otelcol_processor_batch_timeout_trigger_send	498
1781385583	snap	0	otelcol	otelcol-sb-esrev1-ctr-rbg9n	otelcol_receiver_failed_spans	0
1781385583	snap	0	otelcol	otelcol-sb-esrev1-ctr-rbg9n	otelcol_process_runtime_heap_alloc_bytes	56258984
1781385583	snap	0	otelcol	otelcol-sb-esrev1-ctr-rbg9n	otelcol_exporter_sent_spans	99899
1781385583	snap	0	otelcol	otelcol-sb-esrev1-ctr-rbg9n	otelcol_processor_incoming_items	100053
1781385583	snap	0	otelcol	otelcol-sb-esrev1-ctr-rbg9n	otelcol_processor_outgoing_items	99899
1781385583	snap	0	otelcol	otelcol-sb-esrev1-ctr-rbg9n	otelcol_receiver_accepted_spans	99899
1781385583	snap	0	otelcol	otelcol-sb-esrev1-ctr-rbg9n	otelcol_processor_batch_batch_send_size_sum	99899
1781385583	snap	0	otelcol	otelcol-sb-esrev1-ctr-rbg9n	otelcol_process_uptime	188
1781385583	snap	0	otelcol	otelcol-sb-esrev1-ctr-rbg9n	otelcol_exporter_queue_size	0
1781385583	snap	0	otelcol	otelcol-sb-esrev1-ctr-rbg9n	otelcol_exporter_queue_batch_send_size_sum	99899
1781385583	snap	0	otelcol	otelcol-sb-esrev1-ctr-rbg9n	otelcol_process_runtime_total_sys_memory_bytes	92920104
1781385583	snap	0	otelcol	otelcol-sb-esrev1-ctr-qd64d	otelcol_receiver_accepted_spans	20016
1781385583	snap	0	otelcol	otelcol-sb-esrev1-ctr-qd64d	otelcol_process_runtime_total_sys_memory_bytes	70273304
1781385583	snap	0	otelcol	otelcol-sb-esrev1-ctr-qd64d	otelcol_processor_incoming_items	20016
1781385583	snap	0	otelcol	otelcol-sb-esrev1-ctr-qd64d	otelcol_process_uptime	190
1781385583	snap	0	otelcol	otelcol-sb-esrev1-ctr-qd64d	otelcol_exporter_send_failed_spans	0
1781385583	snap	0	otelcol	otelcol-sb-esrev1-ctr-qd64d	otelcol_exporter_queue_capacity	1001
1781385583	snap	0	otelcol	otelcol-sb-esrev1-ctr-qd64d	otelcol_processor_outgoing_items	20016
1781385583	snap	0	otelcol	otelcol-sb-esrev1-ctr-qd64d	otelcol_exporter_queue_size	0
1781385583	snap	0	otelcol	otelcol-sb-esrev1-ctr-qd64d	otelcol_processor_batch_metadata_cardinality	1
1781385583	snap	0	otelcol	otelcol-sb-esrev1-ctr-qd64d	otelcol_processor_batch_timeout_trigger_send	497
1781385583	snap	0	otelcol	otelcol-sb-esrev1-ctr-qd64d	otelcol_process_runtime_heap_alloc_bytes	29257200
1781385583	snap	0	otelcol	otelcol-sb-esrev1-ctr-qd64d	otelcol_processor_batch_batch_send_size_sum	20016
1781385583	snap	0	otelcol	otelcol-sb-esrev1-ctr-qd64d	otelcol_process_memory_rss	201953280
1781385583	snap	0	otelcol	otelcol-sb-esrev1-ctr-qd64d	otelcol_receiver_refused_spans	0
1781385583	snap	0	otelcol	otelcol-sb-esrev1-ctr-qd64d	otelcol_process_cpu_seconds	4
1781385583	snap	0	otelcol	otelcol-sb-esrev1-ctr-qd64d	otelcol_exporter_queue_batch_send_size_sum	20016
1781385583	snap	0	otelcol	otelcol-sb-esrev1-ctr-qd64d	otelcol_receiver_failed_spans	0
1781385583	snap	0	otelcol	otelcol-sb-esrev1-ctr-qd64d	otelcol_exporter_sent_spans	20016
1781385583	snap	0	otelcol	otelcol-sb-esrev1-ctr-qd64d	otelcol_process_runtime_total_alloc_bytes	87459824
1781385583	snap	0	otelcol	otelcol-sb-esrev1-ctr-jjcwc	otelcol_process_runtime_total_alloc_bytes	71636112
1781385583	snap	0	otelcol	otelcol-sb-esrev1-ctr-jjcwc	otelcol_process_runtime_heap_alloc_bytes	33095720
1781385583	snap	0	otelcol	otelcol-sb-esrev1-ctr-jjcwc	otelcol_receiver_failed_spans	0
1781385583	snap	0	otelcol	otelcol-sb-esrev1-ctr-jjcwc	otelcol_process_memory_rss	198344704
1781385583	snap	0	otelcol	otelcol-sb-esrev1-ctr-jjcwc	otelcol_exporter_queue_size	0
1781385583	snap	0	otelcol	otelcol-sb-esrev1-ctr-jjcwc	otelcol_receiver_accepted_spans	10008
1781385583	snap	0	otelcol	otelcol-sb-esrev1-ctr-jjcwc	otelcol_processor_incoming_items	10008
1781385583	snap	0	otelcol	otelcol-sb-esrev1-ctr-jjcwc	otelcol_processor_batch_metadata_cardinality	1
1781385583	snap	0	otelcol	otelcol-sb-esrev1-ctr-jjcwc	otelcol_exporter_queue_capacity	1001
1781385583	snap	0	otelcol	otelcol-sb-esrev1-ctr-jjcwc	otelcol_processor_outgoing_items	10008
1781385583	snap	0	otelcol	otelcol-sb-esrev1-ctr-jjcwc	otelcol_processor_batch_timeout_trigger_send	496
1781385583	snap	0	otelcol	otelcol-sb-esrev1-ctr-jjcwc	otelcol_process_runtime_total_sys_memory_bytes	70977816
1781385583	snap	0	otelcol	otelcol-sb-esrev1-ctr-jjcwc	otelcol_receiver_refused_spans	0
1781385583	snap	0	otelcol	otelcol-sb-esrev1-ctr-jjcwc	otelcol_exporter_send_failed_spans	0
1781385583	snap	0	otelcol	otelcol-sb-esrev1-ctr-jjcwc	otelcol_exporter_queue_batch_send_size_sum	10008
1781385583	snap	0	otelcol	otelcol-sb-esrev1-ctr-jjcwc	otelcol_processor_batch_batch_send_size_sum	10008
1781385583	snap	0	otelcol	otelcol-sb-esrev1-ctr-jjcwc	otelcol_process_cpu_seconds	3
1781385583	snap	0	otelcol	otelcol-sb-esrev1-ctr-jjcwc	otelcol_process_uptime	190
1781385583	snap	0	otelcol	otelcol-sb-esrev1-ctr-jjcwc	otelcol_exporter_sent_spans	10008
1781385583	snap	0	otelcol	otelcol-sb-esrev1-ctr-64dpb	otelcol_exporter_queue_batch_send_size_sum	9999
1781385583	snap	0	otelcol	otelcol-sb-esrev1-ctr-64dpb	otelcol_exporter_send_failed_spans	0
1781385583	snap	0	otelcol	otelcol-sb-esrev1-ctr-64dpb	otelcol_exporter_queue_size	0
1781385583	snap	0	otelcol	otelcol-sb-esrev1-ctr-64dpb	otelcol_process_runtime_total_alloc_bytes	67267304
1781385583	snap	0	otelcol	otelcol-sb-esrev1-ctr-64dpb	otelcol_processor_batch_metadata_cardinality	1
1781385583	snap	0	otelcol	otelcol-sb-esrev1-ctr-64dpb	otelcol_process_runtime_heap_alloc_bytes	29120648
1781385583	snap	0	otelcol	otelcol-sb-esrev1-ctr-64dpb	otelcol_processor_batch_timeout_trigger_send	495
1781385583	snap	0	otelcol	otelcol-sb-esrev1-ctr-64dpb	otelcol_process_memory_rss	197877760
1781385583	snap	0	otelcol	otelcol-sb-esrev1-ctr-64dpb	otelcol_receiver_refused_spans	0
1781385583	snap	0	otelcol	otelcol-sb-esrev1-ctr-64dpb	otelcol_receiver_failed_spans	0
1781385583	snap	0	otelcol	otelcol-sb-esrev1-ctr-64dpb	otelcol_receiver_accepted_spans	9999
1781385583	snap	0	otelcol	otelcol-sb-esrev1-ctr-64dpb	otelcol_processor_incoming_items	9999
1781385583	snap	0	otelcol	otelcol-sb-esrev1-ctr-64dpb	otelcol_process_cpu_seconds	3
1781385583	snap	0	otelcol	otelcol-sb-esrev1-ctr-64dpb	otelcol_exporter_queue_capacity	1001
1781385583	snap	0	otelcol	otelcol-sb-esrev1-ctr-64dpb	otelcol_processor_outgoing_items	9999
1781385583	snap	0	otelcol	otelcol-sb-esrev1-ctr-64dpb	otelcol_processor_batch_batch_send_size_sum	9999
1781385583	snap	0	otelcol	otelcol-sb-esrev1-ctr-64dpb	otelcol_process_uptime	190
1781385583	snap	0	otelcol	otelcol-sb-esrev1-ctr-64dpb	otelcol_process_runtime_total_sys_memory_bytes	65657096
1781385583	snap	0	otelcol	otelcol-sb-esrev1-ctr-64dpb	otelcol_exporter_sent_spans	9999
1781385583	snap	0	otelcol	otelcol-sb-esrev1-ctr-lmnfn	otelcol_processor_batch_timeout_trigger_send	662
1781385583	snap	0	otelcol	otelcol-sb-esrev1-ctr-lmnfn	otelcol_processor_batch_batch_send_size_sum	115298
1781385583	snap	0	otelcol	otelcol-sb-esrev1-ctr-lmnfn	otelcol_process_runtime_total_alloc_bytes	174464000
1781385583	snap	0	otelcol	otelcol-sb-esrev1-ctr-lmnfn	otelcol_process_runtime_heap_alloc_bytes	45550016
1781385583	snap	0	otelcol	otelcol-sb-esrev1-ctr-lmnfn	otelcol_exporter_queue_batch_send_size_sum	115298
1781385583	snap	0	otelcol	otelcol-sb-esrev1-ctr-lmnfn	otelcol_process_uptime	189
1781385583	snap	0	otelcol	otelcol-sb-esrev1-ctr-lmnfn	otelcol_process_cpu_seconds	6
1781385583	snap	0	otelcol	otelcol-sb-esrev1-ctr-lmnfn	otelcol_exporter_send_failed_spans	0
1781385583	snap	0	otelcol	otelcol-sb-esrev1-ctr-lmnfn	otelcol_exporter_sent_spans	115298
1781385583	snap	0	otelcol	otelcol-sb-esrev1-ctr-lmnfn	otelcol_receiver_refused_spans	0
1781385583	snap	0	otelcol	otelcol-sb-esrev1-ctr-lmnfn	otelcol_processor_incoming_items	115298
1781385583	snap	0	otelcol	otelcol-sb-esrev1-ctr-lmnfn	otelcol_receiver_accepted_spans	115298
1781385583	snap	0	otelcol	otelcol-sb-esrev1-ctr-lmnfn	otelcol_processor_outgoing_items	115298
1781385583	snap	0	otelcol	otelcol-sb-esrev1-ctr-lmnfn	otelcol_process_runtime_total_sys_memory_bytes	79743256
1781385583	snap	0	otelcol	otelcol-sb-esrev1-ctr-lmnfn	otelcol_process_memory_rss	211058688
1781385583	snap	0	otelcol	otelcol-sb-esrev1-ctr-lmnfn	otelcol_receiver_failed_spans	0
1781385583	snap	0	otelcol	otelcol-sb-esrev1-ctr-lmnfn	otelcol_processor_batch_metadata_cardinality	1
1781385583	snap	0	otelcol	otelcol-sb-esrev1-ctr-lmnfn	otelcol_exporter_queue_size	0
1781385583	snap	0	otelcol	otelcol-sb-esrev1-ctr-lmnfn	otelcol_exporter_queue_capacity	1001
1781385583	snap	0	k8s	otelcol-sb-esrev1-ctr-5hn7z	restart_count	0
1781385583	snap	0	k8s	otelcol-sb-esrev1-ctr-64dpb	restart_count	0
1781385583	snap	0	k8s	otelcol-sb-esrev1-ctr-9j7x7	restart_count	0
1781385583	snap	0	k8s	otelcol-sb-esrev1-ctr-jjcwc	restart_count	0
1781385583	snap	0	k8s	otelcol-sb-esrev1-ctr-lmnfn	restart_count	0
1781385583	snap	0	k8s	otelcol-sb-esrev1-ctr-m57hx	restart_count	0
1781385583	snap	0	k8s	otelcol-sb-esrev1-ctr-qd64d	restart_count	0
1781385583	snap	0	k8s	otelcol-sb-esrev1-ctr-rbg9n	restart_count	0
1781385583	snap	0	k8s	otelcol-sb-esrev1-ctr-w5r65	restart_count	0
1781385583	snap	0	sdk	wrk2api	spans_received	97179
1781385583	snap	0	sdk	wrk2api	spans_sent	97179
1781385583	snap	0	sdk	wrk2api	spans_dropped	0
1781385583	snap	0	sdk	wrk2api	spans_flushed	97179
1781385583	snap	0	sdk	wrk2api	batches_sent	2502
1781385583	snap	0	sdk	wrk2api	batches_dropped	0
1781385583	snap	0	sdk	wrk2api	send_unavailable	0
1781385583	snap	0	sdk	wrk2api	send_deadline	0
1781385583	snap	0	sdk	wrk2api	send_exhausted	0
1781385583	snap	0	sdk	wrk2api	send_canceled	0
1781385583	snap	0	sdk	wrk2api	send_other	0
1781385583	snap	0	sdk	wrk2api	buffer_depth	0
0
1781385583	snap	0	sdk	wrk2api	cp_received	48585
1781385583	snap	0	sdk	wrk2api	lp_received	48594
1781385583	snap	0	sdk	wrk2api	cp_sent	48585
1781385583	snap	0	sdk	wrk2api	lp_sent	48594
1781385583	snap	0	sdk	wrk2api	cp_dropped	0
1781385583	snap	0	sdk	wrk2api	lp_dropped	0
1781385583	snap	0	sdk	composepost	spans_received	80055
1781385583	snap	0	sdk	composepost	spans_sent	80005
1781385583	snap	0	sdk	composepost	spans_dropped	50
1781385583	snap	0	sdk	composepost	spans_flushed	80055
1781385583	snap	0	sdk	composepost	batches_sent	7943
1781385583	snap	0	sdk	composepost	batches_dropped	5
1781385583	snap	0	sdk	composepost	send_unavailable	5
1781385583	snap	0	sdk	composepost	send_deadline	0
1781385583	snap	0	sdk	composepost	send_exhausted	0
1781385583	snap	0	sdk	composepost	send_canceled	0
1781385583	snap	0	sdk	composepost	send_other	0
1781385583	snap	0	sdk	composepost	buffer_depth	0
0
1781385583	snap	0	sdk	composepost	cp_received	70047
1781385583	snap	0	sdk	composepost	lp_received	10008
1781385583	snap	0	sdk	composepost	cp_sent	70047
1781385583	snap	0	sdk	composepost	lp_sent	9958
1781385583	snap	0	sdk	composepost	cp_dropped	0
1781385583	snap	0	sdk	composepost	lp_dropped	50
1781385583	snap	0	sdk	hometimeline	spans_received	19998
1781385583	snap	0	sdk	hometimeline	spans_sent	19894
1781385583	snap	0	sdk	hometimeline	spans_dropped	104
1781385583	snap	0	sdk	hometimeline	spans_flushed	19998
1781385583	snap	0	sdk	hometimeline	batches_sent	1980
1781385583	snap	0	sdk	hometimeline	batches_dropped	10
1781385583	snap	0	sdk	hometimeline	send_unavailable	10
1781385583	snap	0	sdk	hometimeline	send_deadline	0
1781385583	snap	0	sdk	hometimeline	send_exhausted	0
1781385583	snap	0	sdk	hometimeline	send_canceled	0
1781385583	snap	0	sdk	hometimeline	send_other	0
1781385583	snap	0	sdk	hometimeline	buffer_depth	0
0
1781385583	snap	0	sdk	hometimeline	cp_received	0
1781385583	snap	0	sdk	hometimeline	lp_received	19998
1781385583	snap	0	sdk	hometimeline	cp_sent	0
1781385583	snap	0	sdk	hometimeline	lp_sent	19894
1781385583	snap	0	sdk	hometimeline	cp_dropped	0
1781385583	snap	0	sdk	hometimeline	lp_dropped	104
1781385583	snap	0	sdk	media	spans_received	10008
1781385583	snap	0	sdk	media	spans_sent	10008
1781385583	snap	0	sdk	media	spans_dropped	0
1781385583	snap	0	sdk	media	spans_flushed	10008
1781385583	snap	0	sdk	media	batches_sent	994
1781385583	snap	0	sdk	media	batches_dropped	0
1781385583	snap	0	sdk	media	send_unavailable	0
1781385583	snap	0	sdk	media	send_deadline	0
1781385583	snap	0	sdk	media	send_exhausted	0
1781385583	snap	0	sdk	media	send_canceled	0
1781385583	snap	0	sdk	media	send_other	0
1781385583	snap	0	sdk	media	buffer_depth	0
0
1781385583	snap	0	sdk	media	cp_received	10008
1781385583	snap	0	sdk	media	lp_received	0
1781385583	snap	0	sdk	media	cp_sent	10008
1781385583	snap	0	sdk	media	lp_sent	0
1781385583	snap	0	sdk	media	cp_dropped	0
1781385583	snap	0	sdk	media	lp_dropped	0
1781385583	snap	0	sdk	post-storage	spans_received	9999
1781385583	snap	0	sdk	post-storage	spans_sent	9999
1781385583	snap	0	sdk	post-storage	spans_dropped	0
1781385583	snap	0	sdk	post-storage	spans_flushed	9999
1781385583	snap	0	sdk	post-storage	batches_sent	994
1781385583	snap	0	sdk	post-storage	batches_dropped	0
1781385583	snap	0	sdk	post-storage	send_unavailable	0
1781385583	snap	0	sdk	post-storage	send_deadline	0
1781385583	snap	0	sdk	post-storage	send_exhausted	0
1781385583	snap	0	sdk	post-storage	send_canceled	0
1781385583	snap	0	sdk	post-storage	send_other	0
1781385583	snap	0	sdk	post-storage	buffer_depth	0
0
1781385583	snap	0	sdk	post-storage	cp_received	9999
1781385583	snap	0	sdk	post-storage	lp_received	0
1781385583	snap	0	sdk	post-storage	cp_sent	9999
1781385583	snap	0	sdk	post-storage	lp_sent	0
1781385583	snap	0	sdk	post-storage	cp_dropped	0
1781385583	snap	0	sdk	post-storage	lp_dropped	0
1781385583	snap	0	sdk	socialgraph	spans_received	123833
1781385583	snap	0	sdk	socialgraph	spans_sent	120669
1781385583	snap	0	sdk	socialgraph	spans_dropped	3164
1781385583	snap	0	sdk	socialgraph	spans_flushed	123833
1781385583	snap	0	sdk	socialgraph	batches_sent	1489
1781385583	snap	0	sdk	socialgraph	batches_dropped	16
1781385583	snap	0	sdk	socialgraph	send_unavailable	16
1781385583	snap	0	sdk	socialgraph	send_deadline	0
1781385583	snap	0	sdk	socialgraph	send_exhausted	0
1781385583	snap	0	sdk	socialgraph	send_canceled	0
1781385583	snap	0	sdk	socialgraph	send_other	0
1781385583	snap	0	sdk	socialgraph	buffer_depth	0
0
1781385583	snap	0	sdk	socialgraph	cp_received	86209
1781385583	snap	0	sdk	socialgraph	lp_received	37624
1781385583	snap	0	sdk	socialgraph	cp_sent	86209
1781385583	snap	0	sdk	socialgraph	lp_sent	34460
1781385583	snap	0	sdk	socialgraph	cp_dropped	0
1781385583	snap	0	sdk	socialgraph	lp_dropped	3164
1781385583	snap	0	sdk	text	spans_received	30042
1781385583	snap	0	sdk	text	spans_sent	30042
1781385583	snap	0	sdk	text	spans_dropped	0
1781385583	snap	0	sdk	text	spans_flushed	30042
1781385583	snap	0	sdk	text	batches_sent	2985
1781385583	snap	0	sdk	text	batches_dropped	0
1781385583	snap	0	sdk	text	send_unavailable	0
1781385583	snap	0	sdk	text	send_deadline	0
1781385583	snap	0	sdk	text	send_exhausted	0
1781385583	snap	0	sdk	text	send_canceled	0
1781385583	snap	0	sdk	text	send_other	0
1781385583	snap	0	sdk	text	buffer_depth	0
0
1781385583	snap	0	sdk	text	cp_received	0
1781385583	snap	0	sdk	text	lp_received	30042
1781385583	snap	0	sdk	text	cp_sent	0
1781385583	snap	0	sdk	text	lp_sent	30042
1781385583	snap	0	sdk	text	cp_dropped	0
1781385583	snap	0	sdk	text	lp_dropped	0
1781385583	snap	0	sdk	uniqueid	spans_received	10008
1781385583	snap	0	sdk	uniqueid	spans_sent	10008
1781385583	snap	0	sdk	uniqueid	spans_dropped	0
1781385583	snap	0	sdk	uniqueid	spans_flushed	10008
1781385583	snap	0	sdk	uniqueid	batches_sent	994
1781385583	snap	0	sdk	uniqueid	batches_dropped	0
1781385583	snap	0	sdk	uniqueid	send_unavailable	0
1781385583	snap	0	sdk	uniqueid	send_deadline	0
1781385583	snap	0	sdk	uniqueid	send_exhausted	0
1781385583	snap	0	sdk	uniqueid	send_canceled	0
1781385583	snap	0	sdk	uniqueid	send_other	0
1781385583	snap	0	sdk	uniqueid	buffer_depth	0
0
1781385583	snap	0	sdk	uniqueid	cp_received	10008
1781385583	snap	0	sdk	uniqueid	lp_received	0
1781385583	snap	0	sdk	uniqueid	cp_sent	10008
1781385583	snap	0	sdk	uniqueid	lp_sent	0
1781385583	snap	0	sdk	uniqueid	cp_dropped	0
1781385583	snap	0	sdk	uniqueid	lp_dropped	0
1781385583	snap	0	sdk	urlshorten	spans_received	10008
1781385583	snap	0	sdk	urlshorten	spans_sent	10008
1781385583	snap	0	sdk	urlshorten	spans_dropped	0
1781385583	snap	0	sdk	urlshorten	spans_flushed	10008
1781385583	snap	0	sdk	urlshorten	batches_sent	994
1781385583	snap	0	sdk	urlshorten	batches_dropped	0
1781385583	snap	0	sdk	urlshorten	send_unavailable	0
1781385583	snap	0	sdk	urlshorten	send_deadline	0
1781385583	snap	0	sdk	urlshorten	send_exhausted	0
1781385583	snap	0	sdk	urlshorten	send_canceled	0
1781385583	snap	0	sdk	urlshorten	send_other	0
1781385583	snap	0	sdk	urlshorten	buffer_depth	0
0
1781385583	snap	0	sdk	urlshorten	cp_received	10008
1781385583	snap	0	sdk	urlshorten	lp_received	0
1781385583	snap	0	sdk	urlshorten	cp_sent	10008
1781385583	snap	0	sdk	urlshorten	lp_sent	0
1781385583	snap	0	sdk	urlshorten	cp_dropped	0
1781385583	snap	0	sdk	urlshorten	lp_dropped	0
1781385583	snap	0	sdk	user	spans_received	11932
1781385583	snap	0	sdk	user	spans_sent	11932
1781385583	snap	0	sdk	user	spans_dropped	0
1781385583	snap	0	sdk	user	spans_flushed	11932
1781385583	snap	0	sdk	user	batches_sent	1004
1781385583	snap	0	sdk	user	batches_dropped	0
1781385583	snap	0	sdk	user	send_unavailable	0
1781385583	snap	0	sdk	user	send_deadline	0
1781385583	snap	0	sdk	user	send_exhausted	0
1781385583	snap	0	sdk	user	send_canceled	0
1781385583	snap	0	sdk	user	send_other	0
1781385583	snap	0	sdk	user	buffer_depth	0
0
1781385583	snap	0	sdk	user	cp_received	10970
1781385583	snap	0	sdk	user	lp_received	962
1781385583	snap	0	sdk	user	cp_sent	10970
1781385583	snap	0	sdk	user	lp_sent	962
1781385583	snap	0	sdk	user	cp_dropped	0
1781385583	snap	0	sdk	user	lp_dropped	0
1781385583	snap	0	sdk	userid	spans_received	75248
1781385583	snap	0	sdk	userid	spans_sent	75248
1781385583	snap	0	sdk	userid	spans_dropped	0
1781385583	snap	0	sdk	userid	spans_flushed	75248
1781385583	snap	0	sdk	userid	batches_sent	250
1781385583	snap	0	sdk	userid	batches_dropped	0
1781385583	snap	0	sdk	userid	send_unavailable	0
1781385583	snap	0	sdk	userid	send_deadline	0
1781385583	snap	0	sdk	userid	send_exhausted	0
1781385583	snap	0	sdk	userid	send_canceled	0
1781385583	snap	0	sdk	userid	send_other	0
1781385583	snap	0	sdk	userid	buffer_depth	0
0
1781385583	snap	0	sdk	userid	cp_received	75248
1781385583	snap	0	sdk	userid	lp_received	0
1781385583	snap	0	sdk	userid	cp_sent	75248
1781385583	snap	0	sdk	userid	lp_sent	0
1781385583	snap	0	sdk	userid	cp_dropped	0
1781385583	snap	0	sdk	userid	lp_dropped	0
1781385583	snap	0	sdk	usermention	spans_received	10008
1781385583	snap	0	sdk	usermention	spans_sent	10008
1781385583	snap	0	sdk	usermention	spans_dropped	0
1781385583	snap	0	sdk	usermention	spans_flushed	10008
1781385583	snap	0	sdk	usermention	batches_sent	995
1781385583	snap	0	sdk	usermention	batches_dropped	0
1781385583	snap	0	sdk	usermention	send_unavailable	0
1781385583	snap	0	sdk	usermention	send_deadline	0
1781385583	snap	0	sdk	usermention	send_exhausted	0
1781385583	snap	0	sdk	usermention	send_canceled	0
1781385583	snap	0	sdk	usermention	send_other	0
1781385583	snap	0	sdk	usermention	buffer_depth	0
0
1781385583	snap	0	sdk	usermention	cp_received	10008
1781385583	snap	0	sdk	usermention	lp_received	0
1781385583	snap	0	sdk	usermention	cp_sent	10008
1781385583	snap	0	sdk	usermention	lp_sent	0
1781385583	snap	0	sdk	usermention	cp_dropped	0
1781385583	snap	0	sdk	usermention	lp_dropped	0
1781385583	snap	0	sdk	usertimeline	spans_received	9999
1781385583	snap	0	sdk	usertimeline	spans_sent	9999
1781385583	snap	0	sdk	usertimeline	spans_dropped	0
1781385583	snap	0	sdk	usertimeline	spans_flushed	9999
1781385583	snap	0	sdk	usertimeline	batches_sent	994
1781385583	snap	0	sdk	usertimeline	batches_dropped	0
1781385583	snap	0	sdk	usertimeline	send_unavailable	0
1781385583	snap	0	sdk	usertimeline	send_deadline	0
1781385583	snap	0	sdk	usertimeline	send_exhausted	0
1781385583	snap	0	sdk	usertimeline	send_canceled	0
1781385583	snap	0	sdk	usertimeline	send_other	0
1781385583	snap	0	sdk	usertimeline	buffer_depth	0
0
1781385583	snap	0	sdk	usertimeline	cp_received	9999
1781385583	snap	0	sdk	usertimeline	lp_received	0
1781385583	snap	0	sdk	usertimeline	cp_sent	9999
1781385583	snap	0	sdk	usertimeline	lp_sent	0
1781385583	snap	0	sdk	usertimeline	cp_dropped	0
1781385583	snap	0	sdk	usertimeline	lp_dropped	0
1781385590	snap	2000	otelcol	otelcol-sb-esrev1-ctr-w5r65	otelcol_processor_incoming_items	123833
1781385590	snap	2000	otelcol	otelcol-sb-esrev1-ctr-w5r65	otelcol_processor_batch_batch_send_size_sum	120669
1781385590	snap	2000	otelcol	otelcol-sb-esrev1-ctr-w5r65	otelcol_processor_outgoing_items	120669
1781385590	snap	2000	otelcol	otelcol-sb-esrev1-ctr-w5r65	otelcol_processor_batch_metadata_cardinality	1
1781385590	snap	2000	otelcol	otelcol-sb-esrev1-ctr-w5r65	otelcol_process_cpu_seconds	5
1781385590	snap	2000	otelcol	otelcol-sb-esrev1-ctr-w5r65	otelcol_processor_batch_timeout_trigger_send	662
1781385590	snap	2000	otelcol	otelcol-sb-esrev1-ctr-w5r65	otelcol_receiver_refused_spans	3164
1781385590	snap	2000	otelcol	otelcol-sb-esrev1-ctr-w5r65	otelcol_process_runtime_total_sys_memory_bytes	83716376
1781385590	snap	2000	otelcol	otelcol-sb-esrev1-ctr-w5r65	otelcol_exporter_sent_spans	120669
1781385590	snap	2000	otelcol	otelcol-sb-esrev1-ctr-w5r65	otelcol_exporter_queue_size	0
1781385590	snap	2000	otelcol	otelcol-sb-esrev1-ctr-w5r65	otelcol_receiver_accepted_spans	120669
1781385590	snap	2000	otelcol	otelcol-sb-esrev1-ctr-w5r65	otelcol_process_uptime	198
1781385590	snap	2000	otelcol	otelcol-sb-esrev1-ctr-w5r65	otelcol_process_runtime_total_alloc_bytes	142463448
1781385590	snap	2000	otelcol	otelcol-sb-esrev1-ctr-w5r65	otelcol_process_runtime_heap_alloc_bytes	24084440
1781385590	snap	2000	otelcol	otelcol-sb-esrev1-ctr-w5r65	otelcol_exporter_send_failed_spans	0
1781385590	snap	2000	otelcol	otelcol-sb-esrev1-ctr-w5r65	otelcol_exporter_queue_batch_send_size_sum	120669
1781385590	snap	2000	otelcol	otelcol-sb-esrev1-ctr-w5r65	otelcol_receiver_failed_spans	0
1781385590	snap	2000	otelcol	otelcol-sb-esrev1-ctr-w5r65	otelcol_exporter_queue_capacity	1001
1781385590	snap	2000	otelcol	otelcol-sb-esrev1-ctr-w5r65	otelcol_process_memory_rss	208117760
1781385590	snap	2000	otelcol	otelcol-sb-esrev1-ctr-5hn7z	otelcol_processor_batch_metadata_cardinality	1
1781385590	snap	2000	otelcol	otelcol-sb-esrev1-ctr-5hn7z	otelcol_exporter_queue_capacity	1001
1781385590	snap	2000	otelcol	otelcol-sb-esrev1-ctr-5hn7z	otelcol_exporter_queue_batch_send_size_sum	9999
1781385590	snap	2000	otelcol	otelcol-sb-esrev1-ctr-5hn7z	otelcol_exporter_send_failed_spans	0
1781385590	snap	2000	otelcol	otelcol-sb-esrev1-ctr-5hn7z	otelcol_processor_batch_batch_send_size_sum	9999
1781385590	snap	2000	otelcol	otelcol-sb-esrev1-ctr-5hn7z	otelcol_processor_batch_timeout_trigger_send	496
1781385590	snap	2000	otelcol	otelcol-sb-esrev1-ctr-5hn7z	otelcol_process_cpu_seconds	3
1781385590	snap	2000	otelcol	otelcol-sb-esrev1-ctr-5hn7z	otelcol_process_uptime	197
1781385590	snap	2000	otelcol	otelcol-sb-esrev1-ctr-5hn7z	otelcol_exporter_sent_spans	9999
1781385590	snap	2000	otelcol	otelcol-sb-esrev1-ctr-5hn7z	otelcol_receiver_failed_spans	0
1781385590	snap	2000	otelcol	otelcol-sb-esrev1-ctr-5hn7z	otelcol_process_runtime_total_sys_memory_bytes	66738440
1781385590	snap	2000	otelcol	otelcol-sb-esrev1-ctr-5hn7z	otelcol_receiver_refused_spans	0
1781385590	snap	2000	otelcol	otelcol-sb-esrev1-ctr-5hn7z	otelcol_process_memory_rss	198045696
1781385590	snap	2000	otelcol	otelcol-sb-esrev1-ctr-5hn7z	otelcol_processor_incoming_items	9999
1781385590	snap	2000	otelcol	otelcol-sb-esrev1-ctr-5hn7z	otelcol_process_runtime_total_alloc_bytes	68011224
1781385590	snap	2000	otelcol	otelcol-sb-esrev1-ctr-5hn7z	otelcol_process_runtime_heap_alloc_bytes	30243112
1781385590	snap	2000	otelcol	otelcol-sb-esrev1-ctr-5hn7z	otelcol_receiver_accepted_spans	9999
1781385590	snap	2000	otelcol	otelcol-sb-esrev1-ctr-5hn7z	otelcol_processor_outgoing_items	9999
1781385590	snap	2000	otelcol	otelcol-sb-esrev1-ctr-5hn7z	otelcol_exporter_queue_size	0
1781385590	snap	2000	otelcol	otelcol-sb-esrev1-ctr-m57hx	otelcol_process_memory_rss	177242112
1781385590	snap	2000	otelcol	otelcol-sb-esrev1-ctr-m57hx	otelcol_process_runtime_total_sys_memory_bytes	48269592
1781385590	snap	2000	otelcol	otelcol-sb-esrev1-ctr-m57hx	otelcol_exporter_queue_size	0
1781385590	snap	2000	otelcol	otelcol-sb-esrev1-ctr-m57hx	otelcol_exporter_queue_capacity	1001
1781385590	snap	2000	otelcol	otelcol-sb-esrev1-ctr-m57hx	otelcol_process_runtime_total_alloc_bytes	36132984
1781385590	snap	2000	otelcol	otelcol-sb-esrev1-ctr-m57hx	otelcol_process_uptime	196
1781385590	snap	2000	otelcol	otelcol-sb-esrev1-ctr-m57hx	otelcol_process_cpu_seconds	2
1781385590	snap	2000	otelcol	otelcol-sb-esrev1-ctr-m57hx	otelcol_processor_batch_metadata_cardinality	1
1781385590	snap	2000	otelcol	otelcol-sb-esrev1-ctr-m57hx	otelcol_process_runtime_heap_alloc_bytes	18999976
1781385590	snap	2000	otelcol	otelcol-sb-esrev1-ctr-9j7x7	otelcol_process_cpu_seconds	6
1781385590	snap	2000	otelcol	otelcol-sb-esrev1-ctr-9j7x7	otelcol_exporter_send_failed_spans	0
1781385590	snap	2000	otelcol	otelcol-sb-esrev1-ctr-9j7x7	otelcol_processor_incoming_items	109111
1781385590	snap	2000	otelcol	otelcol-sb-esrev1-ctr-9j7x7	otelcol_process_memory_rss	207708160
1781385590	snap	2000	otelcol	otelcol-sb-esrev1-ctr-9j7x7	otelcol_exporter_sent_spans	109111
1781385590	snap	2000	otelcol	otelcol-sb-esrev1-ctr-9j7x7	otelcol_exporter_queue_batch_send_size_sum	109111
1781385590	snap	2000	otelcol	otelcol-sb-esrev1-ctr-9j7x7	otelcol_processor_outgoing_items	109111
1781385590	snap	2000	otelcol	otelcol-sb-esrev1-ctr-9j7x7	otelcol_processor_batch_batch_send_size_sum	109111
1781385590	snap	2000	otelcol	otelcol-sb-esrev1-ctr-9j7x7	otelcol_process_runtime_heap_alloc_bytes	28873880
1781385590	snap	2000	otelcol	otelcol-sb-esrev1-ctr-9j7x7	otelcol_process_runtime_total_sys_memory_bytes	83462424
1781385590	snap	2000	otelcol	otelcol-sb-esrev1-ctr-9j7x7	otelcol_receiver_refused_spans	0
1781385590	snap	2000	otelcol	otelcol-sb-esrev1-ctr-9j7x7	otelcol_processor_batch_metadata_cardinality	1
1781385590	snap	2000	otelcol	otelcol-sb-esrev1-ctr-9j7x7	otelcol_receiver_failed_spans	0
1781385590	snap	2000	otelcol	otelcol-sb-esrev1-ctr-9j7x7	otelcol_processor_batch_timeout_trigger_send	665
1781385590	snap	2000	otelcol	otelcol-sb-esrev1-ctr-9j7x7	otelcol_exporter_queue_size	0
1781385590	snap	2000	otelcol	otelcol-sb-esrev1-ctr-9j7x7	otelcol_receiver_accepted_spans	109111
1781385590	snap	2000	otelcol	otelcol-sb-esrev1-ctr-9j7x7	otelcol_process_uptime	196
1781385590	snap	2000	otelcol	otelcol-sb-esrev1-ctr-9j7x7	otelcol_process_runtime_total_alloc_bytes	163646192
1781385590	snap	2000	otelcol	otelcol-sb-esrev1-ctr-9j7x7	otelcol_exporter_queue_capacity	1001
1781385590	snap	2000	otelcol	otelcol-sb-esrev1-ctr-rbg9n	otelcol_exporter_queue_capacity	1001
1781385590	snap	2000	otelcol	otelcol-sb-esrev1-ctr-rbg9n	otelcol_process_cpu_seconds	8
1781385590	snap	2000	otelcol	otelcol-sb-esrev1-ctr-rbg9n	otelcol_exporter_send_failed_spans	0
1781385590	snap	2000	otelcol	otelcol-sb-esrev1-ctr-rbg9n	otelcol_receiver_refused_spans	154
1781385590	snap	2000	otelcol	otelcol-sb-esrev1-ctr-rbg9n	otelcol_process_runtime_total_alloc_bytes	296201072
1781385590	snap	2000	otelcol	otelcol-sb-esrev1-ctr-rbg9n	otelcol_process_memory_rss	226275328
1781385590	snap	2000	otelcol	otelcol-sb-esrev1-ctr-rbg9n	otelcol_processor_batch_metadata_cardinality	1
1781385590	snap	2000	otelcol	otelcol-sb-esrev1-ctr-rbg9n	otelcol_processor_batch_timeout_trigger_send	498
1781385590	snap	2000	otelcol	otelcol-sb-esrev1-ctr-rbg9n	otelcol_receiver_failed_spans	0
1781385590	snap	2000	otelcol	otelcol-sb-esrev1-ctr-rbg9n	otelcol_process_runtime_heap_alloc_bytes	56897056
1781385590	snap	2000	otelcol	otelcol-sb-esrev1-ctr-rbg9n	otelcol_exporter_sent_spans	99899
1781385590	snap	2000	otelcol	otelcol-sb-esrev1-ctr-rbg9n	otelcol_processor_incoming_items	100053
1781385590	snap	2000	otelcol	otelcol-sb-esrev1-ctr-rbg9n	otelcol_processor_outgoing_items	99899
1781385590	snap	2000	otelcol	otelcol-sb-esrev1-ctr-rbg9n	otelcol_receiver_accepted_spans	99899
1781385590	snap	2000	otelcol	otelcol-sb-esrev1-ctr-rbg9n	otelcol_processor_batch_batch_send_size_sum	99899
1781385590	snap	2000	otelcol	otelcol-sb-esrev1-ctr-rbg9n	otelcol_process_uptime	195
1781385590	snap	2000	otelcol	otelcol-sb-esrev1-ctr-rbg9n	otelcol_exporter_queue_size	0
1781385590	snap	2000	otelcol	otelcol-sb-esrev1-ctr-rbg9n	otelcol_exporter_queue_batch_send_size_sum	99899
1781385590	snap	2000	otelcol	otelcol-sb-esrev1-ctr-rbg9n	otelcol_process_runtime_total_sys_memory_bytes	92920104
1781385590	snap	2000	otelcol	otelcol-sb-esrev1-ctr-qd64d	otelcol_receiver_accepted_spans	20016
1781385590	snap	2000	otelcol	otelcol-sb-esrev1-ctr-qd64d	otelcol_process_runtime_total_sys_memory_bytes	70273304
1781385590	snap	2000	otelcol	otelcol-sb-esrev1-ctr-qd64d	otelcol_processor_incoming_items	20016
1781385590	snap	2000	otelcol	otelcol-sb-esrev1-ctr-qd64d	otelcol_process_uptime	197
1781385590	snap	2000	otelcol	otelcol-sb-esrev1-ctr-qd64d	otelcol_exporter_send_failed_spans	0
1781385590	snap	2000	otelcol	otelcol-sb-esrev1-ctr-qd64d	otelcol_exporter_queue_capacity	1001
1781385590	snap	2000	otelcol	otelcol-sb-esrev1-ctr-qd64d	otelcol_processor_outgoing_items	20016
1781385590	snap	2000	otelcol	otelcol-sb-esrev1-ctr-qd64d	otelcol_exporter_queue_size	0
1781385590	snap	2000	otelcol	otelcol-sb-esrev1-ctr-qd64d	otelcol_processor_batch_metadata_cardinality	1
1781385590	snap	2000	otelcol	otelcol-sb-esrev1-ctr-qd64d	otelcol_processor_batch_timeout_trigger_send	497
1781385590	snap	2000	otelcol	otelcol-sb-esrev1-ctr-qd64d	otelcol_process_runtime_heap_alloc_bytes	29899696
1781385590	snap	2000	otelcol	otelcol-sb-esrev1-ctr-qd64d	otelcol_processor_batch_batch_send_size_sum	20016
1781385590	snap	2000	otelcol	otelcol-sb-esrev1-ctr-qd64d	otelcol_process_memory_rss	201953280
1781385590	snap	2000	otelcol	otelcol-sb-esrev1-ctr-qd64d	otelcol_receiver_refused_spans	0
1781385590	snap	2000	otelcol	otelcol-sb-esrev1-ctr-qd64d	otelcol_process_cpu_seconds	4
1781385590	snap	2000	otelcol	otelcol-sb-esrev1-ctr-qd64d	otelcol_exporter_queue_batch_send_size_sum	20016
1781385590	snap	2000	otelcol	otelcol-sb-esrev1-ctr-qd64d	otelcol_receiver_failed_spans	0
1781385590	snap	2000	otelcol	otelcol-sb-esrev1-ctr-qd64d	otelcol_exporter_sent_spans	20016
1781385590	snap	2000	otelcol	otelcol-sb-esrev1-ctr-qd64d	otelcol_process_runtime_total_alloc_bytes	88102320
1781385590	snap	2000	otelcol	otelcol-sb-esrev1-ctr-jjcwc	otelcol_process_runtime_total_alloc_bytes	72275584
1781385590	snap	2000	otelcol	otelcol-sb-esrev1-ctr-jjcwc	otelcol_process_runtime_heap_alloc_bytes	33735192
1781385590	snap	2000	otelcol	otelcol-sb-esrev1-ctr-jjcwc	otelcol_receiver_failed_spans	0
1781385590	snap	2000	otelcol	otelcol-sb-esrev1-ctr-jjcwc	otelcol_process_memory_rss	198344704
1781385590	snap	2000	otelcol	otelcol-sb-esrev1-ctr-jjcwc	otelcol_exporter_queue_size	0
1781385590	snap	2000	otelcol	otelcol-sb-esrev1-ctr-jjcwc	otelcol_receiver_accepted_spans	10008
1781385590	snap	2000	otelcol	otelcol-sb-esrev1-ctr-jjcwc	otelcol_processor_incoming_items	10008
1781385590	snap	2000	otelcol	otelcol-sb-esrev1-ctr-jjcwc	otelcol_processor_batch_metadata_cardinality	1
1781385590	snap	2000	otelcol	otelcol-sb-esrev1-ctr-jjcwc	otelcol_exporter_queue_capacity	1001
1781385590	snap	2000	otelcol	otelcol-sb-esrev1-ctr-jjcwc	otelcol_processor_outgoing_items	10008
1781385590	snap	2000	otelcol	otelcol-sb-esrev1-ctr-jjcwc	otelcol_processor_batch_timeout_trigger_send	496
1781385590	snap	2000	otelcol	otelcol-sb-esrev1-ctr-jjcwc	otelcol_process_runtime_total_sys_memory_bytes	70977816
1781385590	snap	2000	otelcol	otelcol-sb-esrev1-ctr-jjcwc	otelcol_receiver_refused_spans	0
1781385590	snap	2000	otelcol	otelcol-sb-esrev1-ctr-jjcwc	otelcol_exporter_send_failed_spans	0
1781385590	snap	2000	otelcol	otelcol-sb-esrev1-ctr-jjcwc	otelcol_exporter_queue_batch_send_size_sum	10008
1781385590	snap	2000	otelcol	otelcol-sb-esrev1-ctr-jjcwc	otelcol_processor_batch_batch_send_size_sum	10008
1781385590	snap	2000	otelcol	otelcol-sb-esrev1-ctr-jjcwc	otelcol_process_cpu_seconds	3
1781385590	snap	2000	otelcol	otelcol-sb-esrev1-ctr-jjcwc	otelcol_process_uptime	197
1781385590	snap	2000	otelcol	otelcol-sb-esrev1-ctr-jjcwc	otelcol_exporter_sent_spans	10008
1781385590	snap	2000	otelcol	otelcol-sb-esrev1-ctr-64dpb	otelcol_exporter_queue_batch_send_size_sum	9999
1781385590	snap	2000	otelcol	otelcol-sb-esrev1-ctr-64dpb	otelcol_exporter_send_failed_spans	0
1781385590	snap	2000	otelcol	otelcol-sb-esrev1-ctr-64dpb	otelcol_exporter_queue_size	0
1781385590	snap	2000	otelcol	otelcol-sb-esrev1-ctr-64dpb	otelcol_process_runtime_total_alloc_bytes	67895080
1781385590	snap	2000	otelcol	otelcol-sb-esrev1-ctr-64dpb	otelcol_processor_batch_metadata_cardinality	1
1781385590	snap	2000	otelcol	otelcol-sb-esrev1-ctr-64dpb	otelcol_process_runtime_heap_alloc_bytes	29748424
1781385590	snap	2000	otelcol	otelcol-sb-esrev1-ctr-64dpb	otelcol_processor_batch_timeout_trigger_send	495
1781385590	snap	2000	otelcol	otelcol-sb-esrev1-ctr-64dpb	otelcol_process_memory_rss	197877760
1781385590	snap	2000	otelcol	otelcol-sb-esrev1-ctr-64dpb	otelcol_receiver_refused_spans	0
1781385590	snap	2000	otelcol	otelcol-sb-esrev1-ctr-64dpb	otelcol_receiver_failed_spans	0
1781385590	snap	2000	otelcol	otelcol-sb-esrev1-ctr-64dpb	otelcol_receiver_accepted_spans	9999
1781385590	snap	2000	otelcol	otelcol-sb-esrev1-ctr-64dpb	otelcol_processor_incoming_items	9999
1781385590	snap	2000	otelcol	otelcol-sb-esrev1-ctr-64dpb	otelcol_process_cpu_seconds	3
1781385590	snap	2000	otelcol	otelcol-sb-esrev1-ctr-64dpb	otelcol_exporter_queue_capacity	1001
1781385590	snap	2000	otelcol	otelcol-sb-esrev1-ctr-64dpb	otelcol_processor_outgoing_items	9999
1781385590	snap	2000	otelcol	otelcol-sb-esrev1-ctr-64dpb	otelcol_processor_batch_batch_send_size_sum	9999
1781385590	snap	2000	otelcol	otelcol-sb-esrev1-ctr-64dpb	otelcol_process_uptime	197
1781385590	snap	2000	otelcol	otelcol-sb-esrev1-ctr-64dpb	otelcol_process_runtime_total_sys_memory_bytes	65657096
1781385590	snap	2000	otelcol	otelcol-sb-esrev1-ctr-64dpb	otelcol_exporter_sent_spans	9999
1781385590	snap	2000	otelcol	otelcol-sb-esrev1-ctr-lmnfn	otelcol_processor_batch_timeout_trigger_send	662
1781385590	snap	2000	otelcol	otelcol-sb-esrev1-ctr-lmnfn	otelcol_processor_batch_batch_send_size_sum	115298
1781385590	snap	2000	otelcol	otelcol-sb-esrev1-ctr-lmnfn	otelcol_process_runtime_total_alloc_bytes	175167208
1781385590	snap	2000	otelcol	otelcol-sb-esrev1-ctr-lmnfn	otelcol_process_runtime_heap_alloc_bytes	25136912
1781385590	snap	2000	otelcol	otelcol-sb-esrev1-ctr-lmnfn	otelcol_exporter_queue_batch_send_size_sum	115298
1781385590	snap	2000	otelcol	otelcol-sb-esrev1-ctr-lmnfn	otelcol_process_uptime	196
1781385590	snap	2000	otelcol	otelcol-sb-esrev1-ctr-lmnfn	otelcol_process_cpu_seconds	6
1781385590	snap	2000	otelcol	otelcol-sb-esrev1-ctr-lmnfn	otelcol_exporter_send_failed_spans	0
1781385590	snap	2000	otelcol	otelcol-sb-esrev1-ctr-lmnfn	otelcol_exporter_sent_spans	115298
1781385590	snap	2000	otelcol	otelcol-sb-esrev1-ctr-lmnfn	otelcol_receiver_refused_spans	0
1781385590	snap	2000	otelcol	otelcol-sb-esrev1-ctr-lmnfn	otelcol_processor_incoming_items	115298
1781385590	snap	2000	otelcol	otelcol-sb-esrev1-ctr-lmnfn	otelcol_receiver_accepted_spans	115298
1781385590	snap	2000	otelcol	otelcol-sb-esrev1-ctr-lmnfn	otelcol_processor_outgoing_items	115298
1781385590	snap	2000	otelcol	otelcol-sb-esrev1-ctr-lmnfn	otelcol_process_runtime_total_sys_memory_bytes	79751448
1781385590	snap	2000	otelcol	otelcol-sb-esrev1-ctr-lmnfn	otelcol_process_memory_rss	211009536
1781385590	snap	2000	otelcol	otelcol-sb-esrev1-ctr-lmnfn	otelcol_receiver_failed_spans	0
1781385590	snap	2000	otelcol	otelcol-sb-esrev1-ctr-lmnfn	otelcol_processor_batch_metadata_cardinality	1
1781385590	snap	2000	otelcol	otelcol-sb-esrev1-ctr-lmnfn	otelcol_exporter_queue_size	0
1781385590	snap	2000	otelcol	otelcol-sb-esrev1-ctr-lmnfn	otelcol_exporter_queue_capacity	1001
1781385590	snap	2000	k8s	otelcol-sb-esrev1-ctr-5hn7z	restart_count	0
1781385590	snap	2000	k8s	otelcol-sb-esrev1-ctr-64dpb	restart_count	0
1781385590	snap	2000	k8s	otelcol-sb-esrev1-ctr-9j7x7	restart_count	0
1781385590	snap	2000	k8s	otelcol-sb-esrev1-ctr-jjcwc	restart_count	0
1781385590	snap	2000	k8s	otelcol-sb-esrev1-ctr-lmnfn	restart_count	0
1781385590	snap	2000	k8s	otelcol-sb-esrev1-ctr-m57hx	restart_count	0
1781385590	snap	2000	k8s	otelcol-sb-esrev1-ctr-qd64d	restart_count	0
1781385590	snap	2000	k8s	otelcol-sb-esrev1-ctr-rbg9n	restart_count	0
1781385590	snap	2000	k8s	otelcol-sb-esrev1-ctr-w5r65	restart_count	0
1781385590	snap	2000	sdk	wrk2api	spans_received	97179
1781385590	snap	2000	sdk	wrk2api	spans_sent	97179
1781385590	snap	2000	sdk	wrk2api	spans_dropped	0
1781385590	snap	2000	sdk	wrk2api	spans_flushed	97179
1781385590	snap	2000	sdk	wrk2api	batches_sent	2502
1781385590	snap	2000	sdk	wrk2api	batches_dropped	0
1781385590	snap	2000	sdk	wrk2api	send_unavailable	0
1781385590	snap	2000	sdk	wrk2api	send_deadline	0
1781385590	snap	2000	sdk	wrk2api	send_exhausted	0
1781385590	snap	2000	sdk	wrk2api	send_canceled	0
1781385590	snap	2000	sdk	wrk2api	send_other	0
1781385590	snap	2000	sdk	wrk2api	buffer_depth	0
0
1781385590	snap	2000	sdk	wrk2api	cp_received	48585
1781385590	snap	2000	sdk	wrk2api	lp_received	48594
1781385590	snap	2000	sdk	wrk2api	cp_sent	48585
1781385590	snap	2000	sdk	wrk2api	lp_sent	48594
1781385590	snap	2000	sdk	wrk2api	cp_dropped	0
1781385590	snap	2000	sdk	wrk2api	lp_dropped	0
1781385590	snap	2000	sdk	composepost	spans_received	80055
1781385590	snap	2000	sdk	composepost	spans_sent	80005
1781385590	snap	2000	sdk	composepost	spans_dropped	50
1781385590	snap	2000	sdk	composepost	spans_flushed	80055
1781385590	snap	2000	sdk	composepost	batches_sent	7943
1781385590	snap	2000	sdk	composepost	batches_dropped	5
1781385590	snap	2000	sdk	composepost	send_unavailable	5
1781385590	snap	2000	sdk	composepost	send_deadline	0
1781385590	snap	2000	sdk	composepost	send_exhausted	0
1781385590	snap	2000	sdk	composepost	send_canceled	0
1781385590	snap	2000	sdk	composepost	send_other	0
1781385590	snap	2000	sdk	composepost	buffer_depth	0
0
1781385590	snap	2000	sdk	composepost	cp_received	70047
1781385590	snap	2000	sdk	composepost	lp_received	10008
1781385590	snap	2000	sdk	composepost	cp_sent	70047
1781385590	snap	2000	sdk	composepost	lp_sent	9958
1781385590	snap	2000	sdk	composepost	cp_dropped	0
1781385590	snap	2000	sdk	composepost	lp_dropped	50
1781385590	snap	2000	sdk	hometimeline	spans_received	19998
1781385590	snap	2000	sdk	hometimeline	spans_sent	19894
1781385590	snap	2000	sdk	hometimeline	spans_dropped	104
1781385590	snap	2000	sdk	hometimeline	spans_flushed	19998
1781385590	snap	2000	sdk	hometimeline	batches_sent	1980
1781385590	snap	2000	sdk	hometimeline	batches_dropped	10
1781385590	snap	2000	sdk	hometimeline	send_unavailable	10
1781385590	snap	2000	sdk	hometimeline	send_deadline	0
1781385590	snap	2000	sdk	hometimeline	send_exhausted	0
1781385590	snap	2000	sdk	hometimeline	send_canceled	0
1781385590	snap	2000	sdk	hometimeline	send_other	0
1781385590	snap	2000	sdk	hometimeline	buffer_depth	0
0
1781385590	snap	2000	sdk	hometimeline	cp_received	0
1781385590	snap	2000	sdk	hometimeline	lp_received	19998
1781385590	snap	2000	sdk	hometimeline	cp_sent	0
1781385590	snap	2000	sdk	hometimeline	lp_sent	19894
1781385590	snap	2000	sdk	hometimeline	cp_dropped	0
1781385590	snap	2000	sdk	hometimeline	lp_dropped	104
1781385590	snap	2000	sdk	media	spans_received	10008
1781385590	snap	2000	sdk	media	spans_sent	10008
1781385590	snap	2000	sdk	media	spans_dropped	0
1781385590	snap	2000	sdk	media	spans_flushed	10008
1781385590	snap	2000	sdk	media	batches_sent	994
1781385590	snap	2000	sdk	media	batches_dropped	0
1781385590	snap	2000	sdk	media	send_unavailable	0
1781385590	snap	2000	sdk	media	send_deadline	0
1781385590	snap	2000	sdk	media	send_exhausted	0
1781385590	snap	2000	sdk	media	send_canceled	0
1781385590	snap	2000	sdk	media	send_other	0
1781385590	snap	2000	sdk	media	buffer_depth	0
0
1781385590	snap	2000	sdk	media	cp_received	10008
1781385590	snap	2000	sdk	media	lp_received	0
1781385590	snap	2000	sdk	media	cp_sent	10008
1781385590	snap	2000	sdk	media	lp_sent	0
1781385590	snap	2000	sdk	media	cp_dropped	0
1781385590	snap	2000	sdk	media	lp_dropped	0
1781385590	snap	2000	sdk	post-storage	spans_received	9999
1781385590	snap	2000	sdk	post-storage	spans_sent	9999
1781385590	snap	2000	sdk	post-storage	spans_dropped	0
1781385590	snap	2000	sdk	post-storage	spans_flushed	9999
1781385590	snap	2000	sdk	post-storage	batches_sent	994
1781385590	snap	2000	sdk	post-storage	batches_dropped	0
1781385590	snap	2000	sdk	post-storage	send_unavailable	0
1781385590	snap	2000	sdk	post-storage	send_deadline	0
1781385590	snap	2000	sdk	post-storage	send_exhausted	0
1781385590	snap	2000	sdk	post-storage	send_canceled	0
1781385590	snap	2000	sdk	post-storage	send_other	0
1781385590	snap	2000	sdk	post-storage	buffer_depth	0
0
1781385590	snap	2000	sdk	post-storage	cp_received	9999
1781385590	snap	2000	sdk	post-storage	lp_received	0
1781385590	snap	2000	sdk	post-storage	cp_sent	9999
1781385590	snap	2000	sdk	post-storage	lp_sent	0
1781385590	snap	2000	sdk	post-storage	cp_dropped	0
1781385590	snap	2000	sdk	post-storage	lp_dropped	0
1781385590	snap	2000	sdk	socialgraph	spans_received	123833
1781385590	snap	2000	sdk	socialgraph	spans_sent	120669
1781385590	snap	2000	sdk	socialgraph	spans_dropped	3164
1781385590	snap	2000	sdk	socialgraph	spans_flushed	123833
1781385590	snap	2000	sdk	socialgraph	batches_sent	1489
1781385590	snap	2000	sdk	socialgraph	batches_dropped	16
1781385590	snap	2000	sdk	socialgraph	send_unavailable	16
1781385590	snap	2000	sdk	socialgraph	send_deadline	0
1781385590	snap	2000	sdk	socialgraph	send_exhausted	0
1781385590	snap	2000	sdk	socialgraph	send_canceled	0
1781385590	snap	2000	sdk	socialgraph	send_other	0
1781385590	snap	2000	sdk	socialgraph	buffer_depth	0
0
1781385590	snap	2000	sdk	socialgraph	cp_received	86209
1781385590	snap	2000	sdk	socialgraph	lp_received	37624
1781385590	snap	2000	sdk	socialgraph	cp_sent	86209
1781385590	snap	2000	sdk	socialgraph	lp_sent	34460
1781385590	snap	2000	sdk	socialgraph	cp_dropped	0
1781385590	snap	2000	sdk	socialgraph	lp_dropped	3164
1781385590	snap	2000	sdk	text	spans_received	30042
1781385590	snap	2000	sdk	text	spans_sent	30042
1781385590	snap	2000	sdk	text	spans_dropped	0
1781385590	snap	2000	sdk	text	spans_flushed	30042
1781385590	snap	2000	sdk	text	batches_sent	2985
1781385590	snap	2000	sdk	text	batches_dropped	0
1781385590	snap	2000	sdk	text	send_unavailable	0
1781385590	snap	2000	sdk	text	send_deadline	0
1781385590	snap	2000	sdk	text	send_exhausted	0
1781385590	snap	2000	sdk	text	send_canceled	0
1781385590	snap	2000	sdk	text	send_other	0
1781385590	snap	2000	sdk	text	buffer_depth	0
0
1781385590	snap	2000	sdk	text	cp_received	0
1781385590	snap	2000	sdk	text	lp_received	30042
1781385590	snap	2000	sdk	text	cp_sent	0
1781385590	snap	2000	sdk	text	lp_sent	30042
1781385590	snap	2000	sdk	text	cp_dropped	0
1781385590	snap	2000	sdk	text	lp_dropped	0
1781385590	snap	2000	sdk	uniqueid	spans_received	10008
1781385590	snap	2000	sdk	uniqueid	spans_sent	10008
1781385590	snap	2000	sdk	uniqueid	spans_dropped	0
1781385590	snap	2000	sdk	uniqueid	spans_flushed	10008
1781385590	snap	2000	sdk	uniqueid	batches_sent	994
1781385590	snap	2000	sdk	uniqueid	batches_dropped	0
1781385590	snap	2000	sdk	uniqueid	send_unavailable	0
1781385590	snap	2000	sdk	uniqueid	send_deadline	0
1781385590	snap	2000	sdk	uniqueid	send_exhausted	0
1781385590	snap	2000	sdk	uniqueid	send_canceled	0
1781385590	snap	2000	sdk	uniqueid	send_other	0
1781385590	snap	2000	sdk	uniqueid	buffer_depth	0
0
1781385590	snap	2000	sdk	uniqueid	cp_received	10008
1781385590	snap	2000	sdk	uniqueid	lp_received	0
1781385590	snap	2000	sdk	uniqueid	cp_sent	10008
1781385590	snap	2000	sdk	uniqueid	lp_sent	0
1781385590	snap	2000	sdk	uniqueid	cp_dropped	0
1781385590	snap	2000	sdk	uniqueid	lp_dropped	0
1781385590	snap	2000	sdk	urlshorten	spans_received	10008
1781385590	snap	2000	sdk	urlshorten	spans_sent	10008
1781385590	snap	2000	sdk	urlshorten	spans_dropped	0
1781385590	snap	2000	sdk	urlshorten	spans_flushed	10008
1781385590	snap	2000	sdk	urlshorten	batches_sent	994
1781385590	snap	2000	sdk	urlshorten	batches_dropped	0
1781385590	snap	2000	sdk	urlshorten	send_unavailable	0
1781385590	snap	2000	sdk	urlshorten	send_deadline	0
1781385590	snap	2000	sdk	urlshorten	send_exhausted	0
1781385590	snap	2000	sdk	urlshorten	send_canceled	0
1781385590	snap	2000	sdk	urlshorten	send_other	0
1781385590	snap	2000	sdk	urlshorten	buffer_depth	0
0
1781385590	snap	2000	sdk	urlshorten	cp_received	10008
1781385590	snap	2000	sdk	urlshorten	lp_received	0
1781385590	snap	2000	sdk	urlshorten	cp_sent	10008
1781385590	snap	2000	sdk	urlshorten	lp_sent	0
1781385590	snap	2000	sdk	urlshorten	cp_dropped	0
1781385590	snap	2000	sdk	urlshorten	lp_dropped	0
1781385590	snap	2000	sdk	user	spans_received	11932
1781385590	snap	2000	sdk	user	spans_sent	11932
1781385590	snap	2000	sdk	user	spans_dropped	0
1781385590	snap	2000	sdk	user	spans_flushed	11932
1781385590	snap	2000	sdk	user	batches_sent	1004
1781385590	snap	2000	sdk	user	batches_dropped	0
1781385590	snap	2000	sdk	user	send_unavailable	0
1781385590	snap	2000	sdk	user	send_deadline	0
1781385590	snap	2000	sdk	user	send_exhausted	0
1781385590	snap	2000	sdk	user	send_canceled	0
1781385590	snap	2000	sdk	user	send_other	0
1781385590	snap	2000	sdk	user	buffer_depth	0
0
1781385590	snap	2000	sdk	user	cp_received	10970
1781385590	snap	2000	sdk	user	lp_received	962
1781385590	snap	2000	sdk	user	cp_sent	10970
1781385590	snap	2000	sdk	user	lp_sent	962
1781385590	snap	2000	sdk	user	cp_dropped	0
1781385590	snap	2000	sdk	user	lp_dropped	0
1781385590	snap	2000	sdk	userid	spans_received	75248
1781385590	snap	2000	sdk	userid	spans_sent	75248
1781385590	snap	2000	sdk	userid	spans_dropped	0
1781385590	snap	2000	sdk	userid	spans_flushed	75248
1781385590	snap	2000	sdk	userid	batches_sent	250
1781385590	snap	2000	sdk	userid	batches_dropped	0
1781385590	snap	2000	sdk	userid	send_unavailable	0
1781385590	snap	2000	sdk	userid	send_deadline	0
1781385590	snap	2000	sdk	userid	send_exhausted	0
1781385590	snap	2000	sdk	userid	send_canceled	0
1781385590	snap	2000	sdk	userid	send_other	0
1781385590	snap	2000	sdk	userid	buffer_depth	0
0
1781385590	snap	2000	sdk	userid	cp_received	75248
1781385590	snap	2000	sdk	userid	lp_received	0
1781385590	snap	2000	sdk	userid	cp_sent	75248
1781385590	snap	2000	sdk	userid	lp_sent	0
1781385590	snap	2000	sdk	userid	cp_dropped	0
1781385590	snap	2000	sdk	userid	lp_dropped	0
1781385590	snap	2000	sdk	usermention	spans_received	10008
1781385590	snap	2000	sdk	usermention	spans_sent	10008
1781385590	snap	2000	sdk	usermention	spans_dropped	0
1781385590	snap	2000	sdk	usermention	spans_flushed	10008
1781385590	snap	2000	sdk	usermention	batches_sent	995
1781385590	snap	2000	sdk	usermention	batches_dropped	0
1781385590	snap	2000	sdk	usermention	send_unavailable	0
1781385590	snap	2000	sdk	usermention	send_deadline	0
1781385590	snap	2000	sdk	usermention	send_exhausted	0
1781385590	snap	2000	sdk	usermention	send_canceled	0
1781385590	snap	2000	sdk	usermention	send_other	0
1781385590	snap	2000	sdk	usermention	buffer_depth	0
0
1781385590	snap	2000	sdk	usermention	cp_received	10008
1781385590	snap	2000	sdk	usermention	lp_received	0
1781385590	snap	2000	sdk	usermention	cp_sent	10008
1781385590	snap	2000	sdk	usermention	lp_sent	0
1781385590	snap	2000	sdk	usermention	cp_dropped	0
1781385590	snap	2000	sdk	usermention	lp_dropped	0
1781385590	snap	2000	sdk	usertimeline	spans_received	9999
1781385590	snap	2000	sdk	usertimeline	spans_sent	9999
1781385590	snap	2000	sdk	usertimeline	spans_dropped	0
1781385590	snap	2000	sdk	usertimeline	spans_flushed	9999
1781385590	snap	2000	sdk	usertimeline	batches_sent	994
1781385590	snap	2000	sdk	usertimeline	batches_dropped	0
1781385590	snap	2000	sdk	usertimeline	send_unavailable	0
1781385590	snap	2000	sdk	usertimeline	send_deadline	0
1781385590	snap	2000	sdk	usertimeline	send_exhausted	0
1781385590	snap	2000	sdk	usertimeline	send_canceled	0
1781385590	snap	2000	sdk	usertimeline	send_other	0
1781385590	snap	2000	sdk	usertimeline	buffer_depth	0
0
1781385590	snap	2000	sdk	usertimeline	cp_received	9999
1781385590	snap	2000	sdk	usertimeline	lp_received	0
1781385590	snap	2000	sdk	usertimeline	cp_sent	9999
1781385590	snap	2000	sdk	usertimeline	lp_sent	0
1781385590	snap	2000	sdk	usertimeline	cp_dropped	0
1781385590	snap	2000	sdk	usertimeline	lp_dropped	0
1781385657	snap	2000	otelcol	otelcol-sb-esrev1-ctr-w5r65	otelcol_processor_incoming_items	243692
1781385657	snap	2000	otelcol	otelcol-sb-esrev1-ctr-w5r65	otelcol_processor_batch_batch_send_size_sum	240528
1781385657	snap	2000	otelcol	otelcol-sb-esrev1-ctr-w5r65	otelcol_processor_outgoing_items	240528
1781385657	snap	2000	otelcol	otelcol-sb-esrev1-ctr-w5r65	otelcol_processor_batch_metadata_cardinality	1
1781385657	snap	2000	otelcol	otelcol-sb-esrev1-ctr-w5r65	otelcol_process_cpu_seconds	7
1781385657	snap	2000	otelcol	otelcol-sb-esrev1-ctr-w5r65	otelcol_processor_batch_timeout_trigger_send	961
1781385657	snap	2000	otelcol	otelcol-sb-esrev1-ctr-w5r65	otelcol_receiver_refused_spans	3164
1781385657	snap	2000	otelcol	otelcol-sb-esrev1-ctr-w5r65	otelcol_process_runtime_total_sys_memory_bytes	83757336
1781385657	snap	2000	otelcol	otelcol-sb-esrev1-ctr-w5r65	otelcol_exporter_sent_spans	184785
1781385657	snap	2000	otelcol	otelcol-sb-esrev1-ctr-w5r65	otelcol_exporter_queue_size	139
1781385657	snap	2000	otelcol	otelcol-sb-esrev1-ctr-w5r65	otelcol_receiver_accepted_spans	240528
1781385657	snap	2000	otelcol	otelcol-sb-esrev1-ctr-w5r65	otelcol_process_uptime	265
1781385657	snap	2000	otelcol	otelcol-sb-esrev1-ctr-w5r65	otelcol_process_runtime_total_alloc_bytes	210951896
1781385657	snap	2000	otelcol	otelcol-sb-esrev1-ctr-w5r65	otelcol_process_runtime_heap_alloc_bytes	45765840
1781385657	snap	2000	otelcol	otelcol-sb-esrev1-ctr-w5r65	otelcol_exporter_send_failed_spans	0
1781385657	snap	2000	otelcol	otelcol-sb-esrev1-ctr-w5r65	otelcol_exporter_queue_batch_send_size_sum	240528
1781385657	snap	2000	otelcol	otelcol-sb-esrev1-ctr-w5r65	otelcol_receiver_failed_spans	0
1781385657	snap	2000	otelcol	otelcol-sb-esrev1-ctr-w5r65	otelcol_exporter_queue_capacity	1001
1781385657	snap	2000	otelcol	otelcol-sb-esrev1-ctr-w5r65	otelcol_process_memory_rss	217415680
1781385657	snap	2000	otelcol	otelcol-sb-esrev1-ctr-5hn7z	otelcol_processor_batch_metadata_cardinality	1
1781385657	snap	2000	otelcol	otelcol-sb-esrev1-ctr-5hn7z	otelcol_exporter_queue_capacity	1001
1781385657	snap	2000	otelcol	otelcol-sb-esrev1-ctr-5hn7z	otelcol_exporter_queue_batch_send_size_sum	129858
1781385657	snap	2000	otelcol	otelcol-sb-esrev1-ctr-5hn7z	otelcol_exporter_send_failed_spans	0
1781385657	snap	2000	otelcol	otelcol-sb-esrev1-ctr-5hn7z	otelcol_processor_batch_batch_send_size_sum	129858
1781385657	snap	2000	otelcol	otelcol-sb-esrev1-ctr-5hn7z	otelcol_processor_batch_timeout_trigger_send	795
1781385657	snap	2000	otelcol	otelcol-sb-esrev1-ctr-5hn7z	otelcol_process_cpu_seconds	6
1781385657	snap	2000	otelcol	otelcol-sb-esrev1-ctr-5hn7z	otelcol_process_uptime	264
1781385657	snap	2000	otelcol	otelcol-sb-esrev1-ctr-5hn7z	otelcol_exporter_sent_spans	70514
1781385657	snap	2000	otelcol	otelcol-sb-esrev1-ctr-5hn7z	otelcol_receiver_failed_spans	0
1781385657	snap	2000	otelcol	otelcol-sb-esrev1-ctr-5hn7z	otelcol_process_runtime_total_sys_memory_bytes	80857368
1781385657	snap	2000	otelcol	otelcol-sb-esrev1-ctr-5hn7z	otelcol_receiver_refused_spans	0
1781385657	snap	2000	otelcol	otelcol-sb-esrev1-ctr-5hn7z	otelcol_process_memory_rss	214368256
1781385657	snap	2000	otelcol	otelcol-sb-esrev1-ctr-5hn7z	otelcol_processor_incoming_items	129858
1781385657	snap	2000	otelcol	otelcol-sb-esrev1-ctr-5hn7z	otelcol_process_runtime_total_alloc_bytes	140139976
1781385657	snap	2000	otelcol	otelcol-sb-esrev1-ctr-5hn7z	otelcol_process_runtime_heap_alloc_bytes	51723440
1781385657	snap	2000	otelcol	otelcol-sb-esrev1-ctr-5hn7z	otelcol_receiver_accepted_spans	129858
1781385657	snap	2000	otelcol	otelcol-sb-esrev1-ctr-5hn7z	otelcol_processor_outgoing_items	129858
1781385657	snap	2000	otelcol	otelcol-sb-esrev1-ctr-5hn7z	otelcol_exporter_queue_size	148
1781385657	snap	2000	otelcol	otelcol-sb-esrev1-ctr-m57hx	otelcol_process_memory_rss	177012736
1781385657	snap	2000	otelcol	otelcol-sb-esrev1-ctr-m57hx	otelcol_process_runtime_total_sys_memory_bytes	48269592
1781385657	snap	2000	otelcol	otelcol-sb-esrev1-ctr-m57hx	otelcol_exporter_queue_size	0
1781385657	snap	2000	otelcol	otelcol-sb-esrev1-ctr-m57hx	otelcol_exporter_queue_capacity	1001
1781385657	snap	2000	otelcol	otelcol-sb-esrev1-ctr-m57hx	otelcol_process_runtime_total_alloc_bytes	36986520
1781385657	snap	2000	otelcol	otelcol-sb-esrev1-ctr-m57hx	otelcol_process_uptime	263
1781385657	snap	2000	otelcol	otelcol-sb-esrev1-ctr-m57hx	otelcol_process_cpu_seconds	2
1781385657	snap	2000	otelcol	otelcol-sb-esrev1-ctr-m57hx	otelcol_processor_batch_metadata_cardinality	1
1781385657	snap	2000	otelcol	otelcol-sb-esrev1-ctr-m57hx	otelcol_process_runtime_heap_alloc_bytes	18174656
1781385657	snap	2000	otelcol	otelcol-sb-esrev1-ctr-9j7x7	otelcol_process_cpu_seconds	10
1781385657	snap	2000	otelcol	otelcol-sb-esrev1-ctr-9j7x7	otelcol_exporter_send_failed_spans	0
1781385657	snap	2000	otelcol	otelcol-sb-esrev1-ctr-9j7x7	otelcol_processor_incoming_items	468688
1781385657	snap	2000	otelcol	otelcol-sb-esrev1-ctr-9j7x7	otelcol_process_memory_rss	259735552
1781385657	snap	2000	otelcol	otelcol-sb-esrev1-ctr-9j7x7	otelcol_exporter_sent_spans	297200
1781385657	snap	2000	otelcol	otelcol-sb-esrev1-ctr-9j7x7	otelcol_exporter_queue_batch_send_size_sum	468688
1781385657	snap	2000	otelcol	otelcol-sb-esrev1-ctr-9j7x7	otelcol_processor_outgoing_items	468688
1781385657	snap	2000	otelcol	otelcol-sb-esrev1-ctr-9j7x7	otelcol_processor_batch_batch_send_size_sum	468688
1781385657	snap	2000	otelcol	otelcol-sb-esrev1-ctr-9j7x7	otelcol_process_runtime_heap_alloc_bytes	96921384
1781385657	snap	2000	otelcol	otelcol-sb-esrev1-ctr-9j7x7	otelcol_process_runtime_total_sys_memory_bytes	128665880
1781385657	snap	2000	otelcol	otelcol-sb-esrev1-ctr-9j7x7	otelcol_receiver_refused_spans	0
1781385657	snap	2000	otelcol	otelcol-sb-esrev1-ctr-9j7x7	otelcol_processor_batch_metadata_cardinality	1
1781385657	snap	2000	otelcol	otelcol-sb-esrev1-ctr-9j7x7	otelcol_receiver_failed_spans	0
1781385657	snap	2000	otelcol	otelcol-sb-esrev1-ctr-9j7x7	otelcol_processor_batch_timeout_trigger_send	965
1781385657	snap	2000	otelcol	otelcol-sb-esrev1-ctr-9j7x7	otelcol_exporter_queue_size	143
1781385657	snap	2000	otelcol	otelcol-sb-esrev1-ctr-9j7x7	otelcol_receiver_accepted_spans	468688
1781385657	snap	2000	otelcol	otelcol-sb-esrev1-ctr-9j7x7	otelcol_process_uptime	263
1781385657	snap	2000	otelcol	otelcol-sb-esrev1-ctr-9j7x7	otelcol_process_runtime_total_alloc_bytes	362153936
1781385657	snap	2000	otelcol	otelcol-sb-esrev1-ctr-9j7x7	otelcol_exporter_queue_capacity	1001
1781385657	snap	2000	otelcol	otelcol-sb-esrev1-ctr-rbg9n	otelcol_exporter_queue_capacity	1001
1781385657	snap	2000	otelcol	otelcol-sb-esrev1-ctr-rbg9n	otelcol_process_cpu_seconds	21
1781385657	snap	2000	otelcol	otelcol-sb-esrev1-ctr-rbg9n	otelcol_exporter_send_failed_spans	0
1781385657	snap	2000	otelcol	otelcol-sb-esrev1-ctr-rbg9n	otelcol_receiver_refused_spans	326349
1781385657	snap	2000	otelcol	otelcol-sb-esrev1-ctr-rbg9n	otelcol_process_runtime_total_alloc_bytes	1042661832
1781385657	snap	2000	otelcol	otelcol-sb-esrev1-ctr-rbg9n	otelcol_process_memory_rss	322023424
1781385657	snap	2000	otelcol	otelcol-sb-esrev1-ctr-rbg9n	otelcol_processor_batch_metadata_cardinality	1
1781385657	snap	2000	otelcol	otelcol-sb-esrev1-ctr-rbg9n	otelcol_processor_batch_timeout_trigger_send	750
1781385657	snap	2000	otelcol	otelcol-sb-esrev1-ctr-rbg9n	otelcol_receiver_failed_spans	0
1781385657	snap	2000	otelcol	otelcol-sb-esrev1-ctr-rbg9n	otelcol_process_runtime_heap_alloc_bytes	137567576
1781385657	snap	2000	otelcol	otelcol-sb-esrev1-ctr-rbg9n	otelcol_exporter_sent_spans	695358
1781385657	snap	2000	otelcol	otelcol-sb-esrev1-ctr-rbg9n	otelcol_processor_incoming_items	1298643
1781385657	snap	2000	otelcol	otelcol-sb-esrev1-ctr-rbg9n	otelcol_processor_outgoing_items	972294
1781385657	snap	2000	otelcol	otelcol-sb-esrev1-ctr-rbg9n	otelcol_receiver_accepted_spans	972294
1781385657	snap	2000	otelcol	otelcol-sb-esrev1-ctr-rbg9n	otelcol_processor_batch_batch_send_size_sum	972294
1781385657	snap	2000	otelcol	otelcol-sb-esrev1-ctr-rbg9n	otelcol_process_uptime	262
1781385657	snap	2000	otelcol	otelcol-sb-esrev1-ctr-rbg9n	otelcol_exporter_queue_size	100
1781385657	snap	2000	otelcol	otelcol-sb-esrev1-ctr-rbg9n	otelcol_exporter_queue_batch_send_size_sum	972294
1781385657	snap	2000	otelcol	otelcol-sb-esrev1-ctr-rbg9n	otelcol_process_runtime_total_sys_memory_bytes	203082040
1781385657	snap	2000	otelcol	otelcol-sb-esrev1-ctr-qd64d	otelcol_receiver_accepted_spans	259734
1781385657	snap	2000	otelcol	otelcol-sb-esrev1-ctr-qd64d	otelcol_process_runtime_total_sys_memory_bytes	105810200
1781385657	snap	2000	otelcol	otelcol-sb-esrev1-ctr-qd64d	otelcol_processor_incoming_items	259734
1781385657	snap	2000	otelcol	otelcol-sb-esrev1-ctr-qd64d	otelcol_process_uptime	264
1781385657	snap	2000	otelcol	otelcol-sb-esrev1-ctr-qd64d	otelcol_exporter_send_failed_spans	0
1781385657	snap	2000	otelcol	otelcol-sb-esrev1-ctr-qd64d	otelcol_exporter_queue_capacity	1001
1781385657	snap	2000	otelcol	otelcol-sb-esrev1-ctr-qd64d	otelcol_processor_outgoing_items	259734
1781385657	snap	2000	otelcol	otelcol-sb-esrev1-ctr-qd64d	otelcol_exporter_queue_size	144
1781385657	snap	2000	otelcol	otelcol-sb-esrev1-ctr-qd64d	otelcol_processor_batch_metadata_cardinality	1
1781385657	snap	2000	otelcol	otelcol-sb-esrev1-ctr-qd64d	otelcol_processor_batch_timeout_trigger_send	797
1781385657	snap	2000	otelcol	otelcol-sb-esrev1-ctr-qd64d	otelcol_process_runtime_heap_alloc_bytes	69344136
1781385657	snap	2000	otelcol	otelcol-sb-esrev1-ctr-qd64d	otelcol_processor_batch_batch_send_size_sum	259734
1781385657	snap	2000	otelcol	otelcol-sb-esrev1-ctr-qd64d	otelcol_process_memory_rss	239013888
1781385657	snap	2000	otelcol	otelcol-sb-esrev1-ctr-qd64d	otelcol_receiver_refused_spans	0
1781385657	snap	2000	otelcol	otelcol-sb-esrev1-ctr-qd64d	otelcol_process_cpu_seconds	8
1781385657	snap	2000	otelcol	otelcol-sb-esrev1-ctr-qd64d	otelcol_exporter_queue_batch_send_size_sum	259734
1781385657	snap	2000	otelcol	otelcol-sb-esrev1-ctr-qd64d	otelcol_receiver_failed_spans	0
1781385657	snap	2000	otelcol	otelcol-sb-esrev1-ctr-qd64d	otelcol_exporter_sent_spans	144590
1781385657	snap	2000	otelcol	otelcol-sb-esrev1-ctr-qd64d	otelcol_process_runtime_total_alloc_bytes	220725744
1781385657	snap	2000	otelcol	otelcol-sb-esrev1-ctr-jjcwc	otelcol_process_runtime_total_alloc_bytes	147210576
1781385657	snap	2000	otelcol	otelcol-sb-esrev1-ctr-jjcwc	otelcol_process_runtime_heap_alloc_bytes	54009832
1781385657	snap	2000	otelcol	otelcol-sb-esrev1-ctr-jjcwc	otelcol_receiver_failed_spans	0
1781385657	snap	2000	otelcol	otelcol-sb-esrev1-ctr-jjcwc	otelcol_process_memory_rss	214265856
1781385657	snap	2000	otelcol	otelcol-sb-esrev1-ctr-jjcwc	otelcol_exporter_queue_size	151
1781385657	snap	2000	otelcol	otelcol-sb-esrev1-ctr-jjcwc	otelcol_receiver_accepted_spans	129867
1781385657	snap	2000	otelcol	otelcol-sb-esrev1-ctr-jjcwc	otelcol_processor_incoming_items	129867
1781385657	snap	2000	otelcol	otelcol-sb-esrev1-ctr-jjcwc	otelcol_processor_batch_metadata_cardinality	1
1781385657	snap	2000	otelcol	otelcol-sb-esrev1-ctr-jjcwc	otelcol_exporter_queue_capacity	1001
1781385657	snap	2000	otelcol	otelcol-sb-esrev1-ctr-jjcwc	otelcol_processor_outgoing_items	129867
1781385657	snap	2000	otelcol	otelcol-sb-esrev1-ctr-jjcwc	otelcol_processor_batch_timeout_trigger_send	796
1781385657	snap	2000	otelcol	otelcol-sb-esrev1-ctr-jjcwc	otelcol_process_runtime_total_sys_memory_bytes	84273432
1781385657	snap	2000	otelcol	otelcol-sb-esrev1-ctr-jjcwc	otelcol_receiver_refused_spans	0
1781385657	snap	2000	otelcol	otelcol-sb-esrev1-ctr-jjcwc	otelcol_exporter_send_failed_spans	0
1781385657	snap	2000	otelcol	otelcol-sb-esrev1-ctr-jjcwc	otelcol_exporter_queue_batch_send_size_sum	129867
1781385657	snap	2000	otelcol	otelcol-sb-esrev1-ctr-jjcwc	otelcol_processor_batch_batch_send_size_sum	129867
1781385657	snap	2000	otelcol	otelcol-sb-esrev1-ctr-jjcwc	otelcol_process_cpu_seconds	6
1781385657	snap	2000	otelcol	otelcol-sb-esrev1-ctr-jjcwc	otelcol_process_uptime	264
1781385657	snap	2000	otelcol	otelcol-sb-esrev1-ctr-jjcwc	otelcol_exporter_sent_spans	69467
1781385657	snap	2000	otelcol	otelcol-sb-esrev1-ctr-64dpb	otelcol_exporter_queue_batch_send_size_sum	129858
1781385657	snap	2000	otelcol	otelcol-sb-esrev1-ctr-64dpb	otelcol_exporter_send_failed_spans	0
1781385657	snap	2000	otelcol	otelcol-sb-esrev1-ctr-64dpb	otelcol_exporter_queue_size	144
1781385657	snap	2000	otelcol	otelcol-sb-esrev1-ctr-64dpb	otelcol_process_runtime_total_alloc_bytes	134536032
1781385657	snap	2000	otelcol	otelcol-sb-esrev1-ctr-64dpb	otelcol_processor_batch_metadata_cardinality	1
1781385657	snap	2000	otelcol	otelcol-sb-esrev1-ctr-64dpb	otelcol_process_runtime_heap_alloc_bytes	48410048
1781385657	snap	2000	otelcol	otelcol-sb-esrev1-ctr-64dpb	otelcol_processor_batch_timeout_trigger_send	794
1781385657	snap	2000	otelcol	otelcol-sb-esrev1-ctr-64dpb	otelcol_process_memory_rss	212500480
1781385657	snap	2000	otelcol	otelcol-sb-esrev1-ctr-64dpb	otelcol_receiver_refused_spans	0
1781385657	snap	2000	otelcol	otelcol-sb-esrev1-ctr-64dpb	otelcol_receiver_failed_spans	0
1781385657	snap	2000	otelcol	otelcol-sb-esrev1-ctr-64dpb	otelcol_receiver_accepted_spans	129858
1781385657	snap	2000	otelcol	otelcol-sb-esrev1-ctr-64dpb	otelcol_processor_incoming_items	129858
1781385657	snap	2000	otelcol	otelcol-sb-esrev1-ctr-64dpb	otelcol_process_cpu_seconds	6
1781385657	snap	2000	otelcol	otelcol-sb-esrev1-ctr-64dpb	otelcol_exporter_queue_capacity	1001
1781385657	snap	2000	otelcol	otelcol-sb-esrev1-ctr-64dpb	otelcol_processor_outgoing_items	129858
1781385657	snap	2000	otelcol	otelcol-sb-esrev1-ctr-64dpb	otelcol_processor_batch_batch_send_size_sum	129858
1781385657	snap	2000	otelcol	otelcol-sb-esrev1-ctr-64dpb	otelcol_process_uptime	264
1781385657	snap	2000	otelcol	otelcol-sb-esrev1-ctr-64dpb	otelcol_process_runtime_total_sys_memory_bytes	79550728
1781385657	snap	2000	otelcol	otelcol-sb-esrev1-ctr-64dpb	otelcol_exporter_sent_spans	72114
1781385657	snap	2000	otelcol	otelcol-sb-esrev1-ctr-lmnfn	otelcol_processor_batch_timeout_trigger_send	961
1781385657	snap	2000	otelcol	otelcol-sb-esrev1-ctr-lmnfn	otelcol_processor_batch_batch_send_size_sum	564302
1781385657	snap	2000	otelcol	otelcol-sb-esrev1-ctr-lmnfn	otelcol_process_runtime_total_alloc_bytes	423068736
1781385657	snap	2000	otelcol	otelcol-sb-esrev1-ctr-lmnfn	otelcol_process_runtime_heap_alloc_bytes	119375984
1781385657	snap	2000	otelcol	otelcol-sb-esrev1-ctr-lmnfn	otelcol_exporter_queue_batch_send_size_sum	564302
1781385657	snap	2000	otelcol	otelcol-sb-esrev1-ctr-lmnfn	otelcol_process_uptime	263
1781385657	snap	2000	otelcol	otelcol-sb-esrev1-ctr-lmnfn	otelcol_process_cpu_seconds	12
1781385657	snap	2000	otelcol	otelcol-sb-esrev1-ctr-lmnfn	otelcol_exporter_send_failed_spans	0
1781385657	snap	2000	otelcol	otelcol-sb-esrev1-ctr-lmnfn	otelcol_exporter_sent_spans	350302
1781385657	snap	2000	otelcol	otelcol-sb-esrev1-ctr-lmnfn	otelcol_receiver_refused_spans	30432
1781385657	snap	2000	otelcol	otelcol-sb-esrev1-ctr-lmnfn	otelcol_processor_incoming_items	594734
1781385657	snap	2000	otelcol	otelcol-sb-esrev1-ctr-lmnfn	otelcol_receiver_accepted_spans	564302
1781385657	snap	2000	otelcol	otelcol-sb-esrev1-ctr-lmnfn	otelcol_processor_outgoing_items	564302
1781385657	snap	2000	otelcol	otelcol-sb-esrev1-ctr-lmnfn	otelcol_process_runtime_total_sys_memory_bytes	157391144
1781385657	snap	2000	otelcol	otelcol-sb-esrev1-ctr-lmnfn	otelcol_process_memory_rss	292020224
1781385657	snap	2000	otelcol	otelcol-sb-esrev1-ctr-lmnfn	otelcol_receiver_failed_spans	0
1781385657	snap	2000	otelcol	otelcol-sb-esrev1-ctr-lmnfn	otelcol_processor_batch_metadata_cardinality	1
1781385657	snap	2000	otelcol	otelcol-sb-esrev1-ctr-lmnfn	otelcol_exporter_queue_size	152
1781385657	snap	2000	otelcol	otelcol-sb-esrev1-ctr-lmnfn	otelcol_exporter_queue_capacity	1001
1781385657	snap	2000	k8s	otelcol-sb-esrev1-ctr-5hn7z	restart_count	0
1781385657	snap	2000	k8s	otelcol-sb-esrev1-ctr-64dpb	restart_count	0
1781385657	snap	2000	k8s	otelcol-sb-esrev1-ctr-9j7x7	restart_count	0
1781385657	snap	2000	k8s	otelcol-sb-esrev1-ctr-jjcwc	restart_count	0
1781385657	snap	2000	k8s	otelcol-sb-esrev1-ctr-lmnfn	restart_count	0
1781385657	snap	2000	k8s	otelcol-sb-esrev1-ctr-m57hx	restart_count	0
1781385657	snap	2000	k8s	otelcol-sb-esrev1-ctr-qd64d	restart_count	0
1781385657	snap	2000	k8s	otelcol-sb-esrev1-ctr-rbg9n	restart_count	0
1781385657	snap	2000	k8s	otelcol-sb-esrev1-ctr-w5r65	restart_count	0
1781385657	snap	2000	sdk	wrk2api	spans_received	336897
1781385657	snap	2000	sdk	wrk2api	spans_sent	336897
1781385657	snap	2000	sdk	wrk2api	spans_dropped	0
1781385657	snap	2000	sdk	wrk2api	spans_flushed	336897
1781385657	snap	2000	sdk	wrk2api	batches_sent	3702
1781385657	snap	2000	sdk	wrk2api	batches_dropped	0
1781385657	snap	2000	sdk	wrk2api	send_unavailable	0
1781385657	snap	2000	sdk	wrk2api	send_deadline	0
1781385657	snap	2000	sdk	wrk2api	send_exhausted	0
1781385657	snap	2000	sdk	wrk2api	send_canceled	0
1781385657	snap	2000	sdk	wrk2api	send_other	0
1781385657	snap	2000	sdk	wrk2api	buffer_depth	0
0
1781385657	snap	2000	sdk	wrk2api	cp_received	168444
1781385657	snap	2000	sdk	wrk2api	lp_received	168453
1781385657	snap	2000	sdk	wrk2api	cp_sent	168444
1781385657	snap	2000	sdk	wrk2api	lp_sent	168453
1781385657	snap	2000	sdk	wrk2api	cp_dropped	0
1781385657	snap	2000	sdk	wrk2api	lp_dropped	0
1781385657	snap	2000	sdk	composepost	spans_received	1038927
1781385657	snap	2000	sdk	composepost	spans_sent	833852
1781385657	snap	2000	sdk	composepost	spans_dropped	205075
1781385657	snap	2000	sdk	composepost	spans_flushed	1038927
1781385657	snap	2000	sdk	composepost	batches_sent	11721
1781385657	snap	2000	sdk	composepost	batches_dropped	1035
1781385657	snap	2000	sdk	composepost	send_unavailable	1035
1781385657	snap	2000	sdk	composepost	send_deadline	0
1781385657	snap	2000	sdk	composepost	send_exhausted	0
1781385657	snap	2000	sdk	composepost	send_canceled	0
1781385657	snap	2000	sdk	composepost	send_other	0
1781385657	snap	2000	sdk	composepost	buffer_depth	0
0
1781385657	snap	2000	sdk	composepost	cp_received	909060
1781385657	snap	2000	sdk	composepost	lp_received	129867
1781385657	snap	2000	sdk	composepost	cp_sent	764603
1781385657	snap	2000	sdk	composepost	lp_sent	69249
1781385657	snap	2000	sdk	composepost	cp_dropped	144457
1781385657	snap	2000	sdk	composepost	lp_dropped	60618
1781385657	snap	2000	sdk	hometimeline	spans_received	259716
1781385657	snap	2000	sdk	hometimeline	spans_sent	138442
1781385657	snap	2000	sdk	hometimeline	spans_dropped	121274
1781385657	snap	2000	sdk	hometimeline	spans_flushed	259716
1781385657	snap	2000	sdk	hometimeline	batches_sent	2574
1781385657	snap	2000	sdk	hometimeline	batches_dropped	616
1781385657	snap	2000	sdk	hometimeline	send_unavailable	616
1781385657	snap	2000	sdk	hometimeline	send_deadline	0
1781385657	snap	2000	sdk	hometimeline	send_exhausted	0
1781385657	snap	2000	sdk	hometimeline	send_canceled	0
1781385657	snap	2000	sdk	hometimeline	send_other	0
1781385657	snap	2000	sdk	hometimeline	buffer_depth	0
0
1781385657	snap	2000	sdk	hometimeline	cp_received	0
1781385657	snap	2000	sdk	hometimeline	lp_received	259716
1781385657	snap	2000	sdk	hometimeline	cp_sent	0
1781385657	snap	2000	sdk	hometimeline	lp_sent	138442
1781385657	snap	2000	sdk	hometimeline	cp_dropped	0
1781385657	snap	2000	sdk	hometimeline	lp_dropped	121274
1781385657	snap	2000	sdk	media	spans_received	129867
1781385657	snap	2000	sdk	media	spans_sent	129867
1781385657	snap	2000	sdk	media	spans_dropped	0
1781385657	snap	2000	sdk	media	spans_flushed	129867
1781385657	snap	2000	sdk	media	batches_sent	1594
1781385657	snap	2000	sdk	media	batches_dropped	0
1781385657	snap	2000	sdk	media	send_unavailable	0
1781385657	snap	2000	sdk	media	send_deadline	0
1781385657	snap	2000	sdk	media	send_exhausted	0
1781385657	snap	2000	sdk	media	send_canceled	0
1781385657	snap	2000	sdk	media	send_other	0
1781385657	snap	2000	sdk	media	buffer_depth	0
0
1781385657	snap	2000	sdk	media	cp_received	129867
1781385657	snap	2000	sdk	media	lp_received	0
1781385657	snap	2000	sdk	media	cp_sent	129867
1781385657	snap	2000	sdk	media	lp_sent	0
1781385657	snap	2000	sdk	media	cp_dropped	0
1781385657	snap	2000	sdk	media	lp_dropped	0
1781385657	snap	2000	sdk	post-storage	spans_received	129858
1781385657	snap	2000	sdk	post-storage	spans_sent	129858
1781385657	snap	2000	sdk	post-storage	spans_dropped	0
1781385657	snap	2000	sdk	post-storage	spans_flushed	129858
1781385657	snap	2000	sdk	post-storage	batches_sent	1594
1781385657	snap	2000	sdk	post-storage	batches_dropped	0
1781385657	snap	2000	sdk	post-storage	send_unavailable	0
1781385657	snap	2000	sdk	post-storage	send_deadline	0
1781385657	snap	2000	sdk	post-storage	send_exhausted	0
1781385657	snap	2000	sdk	post-storage	send_canceled	0
1781385657	snap	2000	sdk	post-storage	send_other	0
1781385657	snap	2000	sdk	post-storage	buffer_depth	0
0
1781385657	snap	2000	sdk	post-storage	cp_received	129858
1781385657	snap	2000	sdk	post-storage	lp_received	0
1781385657	snap	2000	sdk	post-storage	cp_sent	129858
1781385657	snap	2000	sdk	post-storage	lp_sent	0
1781385657	snap	2000	sdk	post-storage	cp_dropped	0
1781385657	snap	2000	sdk	post-storage	lp_dropped	0
1781385657	snap	2000	sdk	socialgraph	spans_received	243692
1781385657	snap	2000	sdk	socialgraph	spans_sent	240528
1781385657	snap	2000	sdk	socialgraph	spans_dropped	3164
1781385657	snap	2000	sdk	socialgraph	spans_flushed	243692
1781385657	snap	2000	sdk	socialgraph	batches_sent	2089
1781385657	snap	2000	sdk	socialgraph	batches_dropped	16
1781385657	snap	2000	sdk	socialgraph	send_unavailable	16
1781385657	snap	2000	sdk	socialgraph	send_deadline	0
1781385657	snap	2000	sdk	socialgraph	send_exhausted	0
1781385657	snap	2000	sdk	socialgraph	send_canceled	0
1781385657	snap	2000	sdk	socialgraph	send_other	0
1781385657	snap	2000	sdk	socialgraph	buffer_depth	0
0
1781385657	snap	2000	sdk	socialgraph	cp_received	206068
1781385657	snap	2000	sdk	socialgraph	lp_received	37624
1781385657	snap	2000	sdk	socialgraph	cp_sent	206068
1781385657	snap	2000	sdk	socialgraph	lp_sent	34460
1781385657	snap	2000	sdk	socialgraph	cp_dropped	0
1781385657	snap	2000	sdk	socialgraph	lp_dropped	3164
1781385657	snap	2000	sdk	text	spans_received	389619
1781385657	snap	2000	sdk	text	spans_sent	359187
1781385657	snap	2000	sdk	text	spans_dropped	30432
1781385657	snap	2000	sdk	text	spans_flushed	389619
1781385657	snap	2000	sdk	text	batches_sent	4632
1781385657	snap	2000	sdk	text	batches_dropped	153
1781385657	snap	2000	sdk	text	send_unavailable	153
1781385657	snap	2000	sdk	text	send_deadline	0
1781385657	snap	2000	sdk	text	send_exhausted	0
1781385657	snap	2000	sdk	text	send_canceled	0
1781385657	snap	2000	sdk	text	send_other	0
1781385657	snap	2000	sdk	text	buffer_depth	0
0
1781385657	snap	2000	sdk	text	cp_received	0
1781385657	snap	2000	sdk	text	lp_received	389619
1781385657	snap	2000	sdk	text	cp_sent	0
1781385657	snap	2000	sdk	text	lp_sent	359187
1781385657	snap	2000	sdk	text	cp_dropped	0
1781385657	snap	2000	sdk	text	lp_dropped	30432
1781385657	snap	2000	sdk	uniqueid	spans_received	129867
1781385657	snap	2000	sdk	uniqueid	spans_sent	129867
1781385657	snap	2000	sdk	uniqueid	spans_dropped	0
1781385657	snap	2000	sdk	uniqueid	spans_flushed	129867
1781385657	snap	2000	sdk	uniqueid	batches_sent	1594
1781385657	snap	2000	sdk	uniqueid	batches_dropped	0
1781385657	snap	2000	sdk	uniqueid	send_unavailable	0
1781385657	snap	2000	sdk	uniqueid	send_deadline	0
1781385657	snap	2000	sdk	uniqueid	send_exhausted	0
1781385657	snap	2000	sdk	uniqueid	send_canceled	0
1781385657	snap	2000	sdk	uniqueid	send_other	0
1781385657	snap	2000	sdk	uniqueid	buffer_depth	0
0
1781385657	snap	2000	sdk	uniqueid	cp_received	129867
1781385657	snap	2000	sdk	uniqueid	lp_received	0
1781385657	snap	2000	sdk	uniqueid	cp_sent	129867
1781385657	snap	2000	sdk	uniqueid	lp_sent	0
1781385657	snap	2000	sdk	uniqueid	cp_dropped	0
1781385657	snap	2000	sdk	uniqueid	lp_dropped	0
1781385657	snap	2000	sdk	urlshorten	spans_received	129867
1781385657	snap	2000	sdk	urlshorten	spans_sent	129867
1781385657	snap	2000	sdk	urlshorten	spans_dropped	0
1781385657	snap	2000	sdk	urlshorten	spans_flushed	129867
1781385657	snap	2000	sdk	urlshorten	batches_sent	1594
1781385657	snap	2000	sdk	urlshorten	batches_dropped	0
1781385657	snap	2000	sdk	urlshorten	send_unavailable	0
1781385657	snap	2000	sdk	urlshorten	send_deadline	0
1781385657	snap	2000	sdk	urlshorten	send_exhausted	0
1781385657	snap	2000	sdk	urlshorten	send_canceled	0
1781385657	snap	2000	sdk	urlshorten	send_other	0
1781385657	snap	2000	sdk	urlshorten	buffer_depth	0
0
1781385657	snap	2000	sdk	urlshorten	cp_received	129867
1781385657	snap	2000	sdk	urlshorten	lp_received	0
1781385657	snap	2000	sdk	urlshorten	cp_sent	129867
1781385657	snap	2000	sdk	urlshorten	lp_sent	0
1781385657	snap	2000	sdk	urlshorten	cp_dropped	0
1781385657	snap	2000	sdk	urlshorten	lp_dropped	0
1781385657	snap	2000	sdk	user	spans_received	131791
1781385657	snap	2000	sdk	user	spans_sent	131791
1781385657	snap	2000	sdk	user	spans_dropped	0
1781385657	snap	2000	sdk	user	spans_flushed	131791
1781385657	snap	2000	sdk	user	batches_sent	1604
1781385657	snap	2000	sdk	user	batches_dropped	0
1781385657	snap	2000	sdk	user	send_unavailable	0
1781385657	snap	2000	sdk	user	send_deadline	0
1781385657	snap	2000	sdk	user	send_exhausted	0
1781385657	snap	2000	sdk	user	send_canceled	0
1781385657	snap	2000	sdk	user	send_other	0
1781385657	snap	2000	sdk	user	buffer_depth	0
0
1781385657	snap	2000	sdk	user	cp_received	130829
1781385657	snap	2000	sdk	user	lp_received	962
1781385657	snap	2000	sdk	user	cp_sent	130829
1781385657	snap	2000	sdk	user	lp_sent	962
1781385657	snap	2000	sdk	user	cp_dropped	0
1781385657	snap	2000	sdk	user	lp_dropped	0
1781385657	snap	2000	sdk	userid	spans_received	75248
1781385657	snap	2000	sdk	userid	spans_sent	75248
1781385657	snap	2000	sdk	userid	spans_dropped	0
1781385657	snap	2000	sdk	userid	spans_flushed	75248
1781385657	snap	2000	sdk	userid	batches_sent	250
1781385657	snap	2000	sdk	userid	batches_dropped	0
1781385657	snap	2000	sdk	userid	send_unavailable	0
1781385657	snap	2000	sdk	userid	send_deadline	0
1781385657	snap	2000	sdk	userid	send_exhausted	0
1781385657	snap	2000	sdk	userid	send_canceled	0
1781385657	snap	2000	sdk	userid	send_other	0
1781385657	snap	2000	sdk	userid	buffer_depth	0
0
1781385657	snap	2000	sdk	userid	cp_received	75248
1781385657	snap	2000	sdk	userid	lp_received	0
1781385657	snap	2000	sdk	userid	cp_sent	75248
1781385657	snap	2000	sdk	userid	lp_sent	0
1781385657	snap	2000	sdk	userid	cp_dropped	0
1781385657	snap	2000	sdk	userid	lp_dropped	0
1781385657	snap	2000	sdk	usermention	spans_received	129867
1781385657	snap	2000	sdk	usermention	spans_sent	129867
1781385657	snap	2000	sdk	usermention	spans_dropped	0
1781385657	snap	2000	sdk	usermention	spans_flushed	129867
1781385657	snap	2000	sdk	usermention	batches_sent	1595
1781385657	snap	2000	sdk	usermention	batches_dropped	0
1781385657	snap	2000	sdk	usermention	send_unavailable	0
1781385657	snap	2000	sdk	usermention	send_deadline	0
1781385657	snap	2000	sdk	usermention	send_exhausted	0
1781385657	snap	2000	sdk	usermention	send_canceled	0
1781385657	snap	2000	sdk	usermention	send_other	0
1781385657	snap	2000	sdk	usermention	buffer_depth	0
0
1781385657	snap	2000	sdk	usermention	cp_received	129867
1781385657	snap	2000	sdk	usermention	lp_received	0
1781385657	snap	2000	sdk	usermention	cp_sent	129867
1781385657	snap	2000	sdk	usermention	lp_sent	0
1781385657	snap	2000	sdk	usermention	cp_dropped	0
1781385657	snap	2000	sdk	usermention	lp_dropped	0
1781385657	snap	2000	sdk	usertimeline	spans_received	129858
1781385657	snap	2000	sdk	usertimeline	spans_sent	129858
1781385657	snap	2000	sdk	usertimeline	spans_dropped	0
1781385657	snap	2000	sdk	usertimeline	spans_flushed	129858
1781385657	snap	2000	sdk	usertimeline	batches_sent	1594
1781385657	snap	2000	sdk	usertimeline	batches_dropped	0
1781385657	snap	2000	sdk	usertimeline	send_unavailable	0
1781385657	snap	2000	sdk	usertimeline	send_deadline	0
1781385657	snap	2000	sdk	usertimeline	send_exhausted	0
1781385657	snap	2000	sdk	usertimeline	send_canceled	0
1781385657	snap	2000	sdk	usertimeline	send_other	0
1781385657	snap	2000	sdk	usertimeline	buffer_depth	0
0
1781385657	snap	2000	sdk	usertimeline	cp_received	129858
1781385657	snap	2000	sdk	usertimeline	lp_received	0
1781385657	snap	2000	sdk	usertimeline	cp_sent	129858
1781385657	snap	2000	sdk	usertimeline	lp_sent	0
1781385657	snap	2000	sdk	usertimeline	cp_dropped	0
1781385657	snap	2000	sdk	usertimeline	lp_dropped	0
1781385664	snap	2200	otelcol	otelcol-sb-esrev1-ctr-w5r65	otelcol_processor_incoming_items	243692
1781385664	snap	2200	otelcol	otelcol-sb-esrev1-ctr-w5r65	otelcol_processor_batch_batch_send_size_sum	240528
1781385664	snap	2200	otelcol	otelcol-sb-esrev1-ctr-w5r65	otelcol_processor_outgoing_items	240528
1781385664	snap	2200	otelcol	otelcol-sb-esrev1-ctr-w5r65	otelcol_processor_batch_metadata_cardinality	1
1781385664	snap	2200	otelcol	otelcol-sb-esrev1-ctr-w5r65	otelcol_process_cpu_seconds	7
1781385664	snap	2200	otelcol	otelcol-sb-esrev1-ctr-w5r65	otelcol_processor_batch_timeout_trigger_send	961
1781385664	snap	2200	otelcol	otelcol-sb-esrev1-ctr-w5r65	otelcol_receiver_refused_spans	3164
1781385664	snap	2200	otelcol	otelcol-sb-esrev1-ctr-w5r65	otelcol_process_runtime_total_sys_memory_bytes	83757336
1781385664	snap	2200	otelcol	otelcol-sb-esrev1-ctr-w5r65	otelcol_exporter_sent_spans	185984
1781385664	snap	2200	otelcol	otelcol-sb-esrev1-ctr-w5r65	otelcol_exporter_queue_size	136
1781385664	snap	2200	otelcol	otelcol-sb-esrev1-ctr-w5r65	otelcol_receiver_accepted_spans	240528
1781385664	snap	2200	otelcol	otelcol-sb-esrev1-ctr-w5r65	otelcol_process_uptime	272
1781385664	snap	2200	otelcol	otelcol-sb-esrev1-ctr-w5r65	otelcol_process_runtime_total_alloc_bytes	212130240
1781385664	snap	2200	otelcol	otelcol-sb-esrev1-ctr-w5r65	otelcol_process_runtime_heap_alloc_bytes	46944184
1781385664	snap	2200	otelcol	otelcol-sb-esrev1-ctr-w5r65	otelcol_exporter_send_failed_spans	0
1781385664	snap	2200	otelcol	otelcol-sb-esrev1-ctr-w5r65	otelcol_exporter_queue_batch_send_size_sum	240528
1781385664	snap	2200	otelcol	otelcol-sb-esrev1-ctr-w5r65	otelcol_receiver_failed_spans	0
1781385664	snap	2200	otelcol	otelcol-sb-esrev1-ctr-w5r65	otelcol_exporter_queue_capacity	1001
1781385664	snap	2200	otelcol	otelcol-sb-esrev1-ctr-w5r65	otelcol_process_memory_rss	217415680
1781385664	snap	2200	otelcol	otelcol-sb-esrev1-ctr-5hn7z	otelcol_processor_batch_metadata_cardinality	1
1781385664	snap	2200	otelcol	otelcol-sb-esrev1-ctr-5hn7z	otelcol_exporter_queue_capacity	1001
1781385664	snap	2200	otelcol	otelcol-sb-esrev1-ctr-5hn7z	otelcol_exporter_queue_batch_send_size_sum	129858
1781385664	snap	2200	otelcol	otelcol-sb-esrev1-ctr-5hn7z	otelcol_exporter_send_failed_spans	0
1781385664	snap	2200	otelcol	otelcol-sb-esrev1-ctr-5hn7z	otelcol_processor_batch_batch_send_size_sum	129858
1781385664	snap	2200	otelcol	otelcol-sb-esrev1-ctr-5hn7z	otelcol_processor_batch_timeout_trigger_send	795
1781385664	snap	2200	otelcol	otelcol-sb-esrev1-ctr-5hn7z	otelcol_process_cpu_seconds	6
1781385664	snap	2200	otelcol	otelcol-sb-esrev1-ctr-5hn7z	otelcol_process_uptime	271
1781385664	snap	2200	otelcol	otelcol-sb-esrev1-ctr-5hn7z	otelcol_exporter_sent_spans	71314
1781385664	snap	2200	otelcol	otelcol-sb-esrev1-ctr-5hn7z	otelcol_receiver_failed_spans	0
1781385664	snap	2200	otelcol	otelcol-sb-esrev1-ctr-5hn7z	otelcol_process_runtime_total_sys_memory_bytes	80857368
1781385664	snap	2200	otelcol	otelcol-sb-esrev1-ctr-5hn7z	otelcol_receiver_refused_spans	0
1781385664	snap	2200	otelcol	otelcol-sb-esrev1-ctr-5hn7z	otelcol_process_memory_rss	214622208
1781385664	snap	2200	otelcol	otelcol-sb-esrev1-ctr-5hn7z	otelcol_processor_incoming_items	129858
1781385664	snap	2200	otelcol	otelcol-sb-esrev1-ctr-5hn7z	otelcol_process_runtime_total_alloc_bytes	141029608
1781385664	snap	2200	otelcol	otelcol-sb-esrev1-ctr-5hn7z	otelcol_process_runtime_heap_alloc_bytes	52613072
1781385664	snap	2200	otelcol	otelcol-sb-esrev1-ctr-5hn7z	otelcol_receiver_accepted_spans	129858
1781385664	snap	2200	otelcol	otelcol-sb-esrev1-ctr-5hn7z	otelcol_processor_outgoing_items	129858
1781385664	snap	2200	otelcol	otelcol-sb-esrev1-ctr-5hn7z	otelcol_exporter_queue_size	146
1781385664	snap	2200	otelcol	otelcol-sb-esrev1-ctr-m57hx	otelcol_process_memory_rss	177012736
1781385664	snap	2200	otelcol	otelcol-sb-esrev1-ctr-m57hx	otelcol_process_runtime_total_sys_memory_bytes	48269592
1781385664	snap	2200	otelcol	otelcol-sb-esrev1-ctr-m57hx	otelcol_exporter_queue_size	0
1781385664	snap	2200	otelcol	otelcol-sb-esrev1-ctr-m57hx	otelcol_exporter_queue_capacity	1001
1781385664	snap	2200	otelcol	otelcol-sb-esrev1-ctr-m57hx	otelcol_process_runtime_total_alloc_bytes	37184984
1781385664	snap	2200	otelcol	otelcol-sb-esrev1-ctr-m57hx	otelcol_process_uptime	269
1781385664	snap	2200	otelcol	otelcol-sb-esrev1-ctr-m57hx	otelcol_process_cpu_seconds	2
1781385664	snap	2200	otelcol	otelcol-sb-esrev1-ctr-m57hx	otelcol_processor_batch_metadata_cardinality	1
1781385664	snap	2200	otelcol	otelcol-sb-esrev1-ctr-m57hx	otelcol_process_runtime_heap_alloc_bytes	18373120
1781385664	snap	2200	otelcol	otelcol-sb-esrev1-ctr-9j7x7	otelcol_process_cpu_seconds	10
1781385664	snap	2200	otelcol	otelcol-sb-esrev1-ctr-9j7x7	otelcol_exporter_send_failed_spans	0
1781385664	snap	2200	otelcol	otelcol-sb-esrev1-ctr-9j7x7	otelcol_processor_incoming_items	468688
1781385664	snap	2200	otelcol	otelcol-sb-esrev1-ctr-9j7x7	otelcol_process_memory_rss	260689920
1781385664	snap	2200	otelcol	otelcol-sb-esrev1-ctr-9j7x7	otelcol_exporter_sent_spans	299600
1781385664	snap	2200	otelcol	otelcol-sb-esrev1-ctr-9j7x7	otelcol_exporter_queue_batch_send_size_sum	468688
1781385664	snap	2200	otelcol	otelcol-sb-esrev1-ctr-9j7x7	otelcol_processor_outgoing_items	468688
1781385664	snap	2200	otelcol	otelcol-sb-esrev1-ctr-9j7x7	otelcol_processor_batch_batch_send_size_sum	468688
1781385664	snap	2200	otelcol	otelcol-sb-esrev1-ctr-9j7x7	otelcol_process_runtime_heap_alloc_bytes	98139320
1781385664	snap	2200	otelcol	otelcol-sb-esrev1-ctr-9j7x7	otelcol_process_runtime_total_sys_memory_bytes	128665880
1781385664	snap	2200	otelcol	otelcol-sb-esrev1-ctr-9j7x7	otelcol_receiver_refused_spans	0
1781385664	snap	2200	otelcol	otelcol-sb-esrev1-ctr-9j7x7	otelcol_processor_batch_metadata_cardinality	1
1781385664	snap	2200	otelcol	otelcol-sb-esrev1-ctr-9j7x7	otelcol_receiver_failed_spans	0
1781385664	snap	2200	otelcol	otelcol-sb-esrev1-ctr-9j7x7	otelcol_processor_batch_timeout_trigger_send	965
1781385664	snap	2200	otelcol	otelcol-sb-esrev1-ctr-9j7x7	otelcol_exporter_queue_size	141
1781385664	snap	2200	otelcol	otelcol-sb-esrev1-ctr-9j7x7	otelcol_receiver_accepted_spans	468688
1781385664	snap	2200	otelcol	otelcol-sb-esrev1-ctr-9j7x7	otelcol_process_uptime	270
1781385664	snap	2200	otelcol	otelcol-sb-esrev1-ctr-9j7x7	otelcol_process_runtime_total_alloc_bytes	363371872
1781385664	snap	2200	otelcol	otelcol-sb-esrev1-ctr-9j7x7	otelcol_exporter_queue_capacity	1001
1781385664	snap	2200	otelcol	otelcol-sb-esrev1-ctr-rbg9n	otelcol_exporter_queue_capacity	1001
1781385664	snap	2200	otelcol	otelcol-sb-esrev1-ctr-rbg9n	otelcol_process_cpu_seconds	22
1781385664	snap	2200	otelcol	otelcol-sb-esrev1-ctr-rbg9n	otelcol_exporter_send_failed_spans	0
1781385664	snap	2200	otelcol	otelcol-sb-esrev1-ctr-rbg9n	otelcol_receiver_refused_spans	326349
1781385664	snap	2200	otelcol	otelcol-sb-esrev1-ctr-rbg9n	otelcol_process_runtime_total_alloc_bytes	1047993968
1781385664	snap	2200	otelcol	otelcol-sb-esrev1-ctr-rbg9n	otelcol_process_memory_rss	323706880
1781385664	snap	2200	otelcol	otelcol-sb-esrev1-ctr-rbg9n	otelcol_processor_batch_metadata_cardinality	1
1781385664	snap	2200	otelcol	otelcol-sb-esrev1-ctr-rbg9n	otelcol_processor_batch_timeout_trigger_send	750
1781385664	snap	2200	otelcol	otelcol-sb-esrev1-ctr-rbg9n	otelcol_receiver_failed_spans	0
1781385664	snap	2200	otelcol	otelcol-sb-esrev1-ctr-rbg9n	otelcol_process_runtime_heap_alloc_bytes	142899712
1781385664	snap	2200	otelcol	otelcol-sb-esrev1-ctr-rbg9n	otelcol_exporter_sent_spans	703691
1781385664	snap	2200	otelcol	otelcol-sb-esrev1-ctr-rbg9n	otelcol_processor_incoming_items	1298643
1781385664	snap	2200	otelcol	otelcol-sb-esrev1-ctr-rbg9n	otelcol_processor_outgoing_items	972294
1781385664	snap	2200	otelcol	otelcol-sb-esrev1-ctr-rbg9n	otelcol_receiver_accepted_spans	972294
1781385664	snap	2200	otelcol	otelcol-sb-esrev1-ctr-rbg9n	otelcol_processor_batch_batch_send_size_sum	972294
1781385664	snap	2200	otelcol	otelcol-sb-esrev1-ctr-rbg9n	otelcol_process_uptime	269
1781385664	snap	2200	otelcol	otelcol-sb-esrev1-ctr-rbg9n	otelcol_exporter_queue_size	97
1781385664	snap	2200	otelcol	otelcol-sb-esrev1-ctr-rbg9n	otelcol_exporter_queue_batch_send_size_sum	972294
1781385664	snap	2200	otelcol	otelcol-sb-esrev1-ctr-rbg9n	otelcol_process_runtime_total_sys_memory_bytes	203082040
1781385664	snap	2200	otelcol	otelcol-sb-esrev1-ctr-qd64d	otelcol_receiver_accepted_spans	259734
1781385664	snap	2200	otelcol	otelcol-sb-esrev1-ctr-qd64d	otelcol_process_runtime_total_sys_memory_bytes	110074152
1781385664	snap	2200	otelcol	otelcol-sb-esrev1-ctr-qd64d	otelcol_processor_incoming_items	259734
1781385664	snap	2200	otelcol	otelcol-sb-esrev1-ctr-qd64d	otelcol_process_uptime	271
1781385664	snap	2200	otelcol	otelcol-sb-esrev1-ctr-qd64d	otelcol_exporter_send_failed_spans	0
1781385664	snap	2200	otelcol	otelcol-sb-esrev1-ctr-qd64d	otelcol_exporter_queue_capacity	1001
1781385664	snap	2200	otelcol	otelcol-sb-esrev1-ctr-qd64d	otelcol_processor_outgoing_items	259734
1781385664	snap	2200	otelcol	otelcol-sb-esrev1-ctr-qd64d	otelcol_exporter_queue_size	141
1781385664	snap	2200	otelcol	otelcol-sb-esrev1-ctr-qd64d	otelcol_processor_batch_metadata_cardinality	1
1781385664	snap	2200	otelcol	otelcol-sb-esrev1-ctr-qd64d	otelcol_processor_batch_timeout_trigger_send	797
1781385664	snap	2200	otelcol	otelcol-sb-esrev1-ctr-qd64d	otelcol_process_runtime_heap_alloc_bytes	73317528
1781385664	snap	2200	otelcol	otelcol-sb-esrev1-ctr-qd64d	otelcol_processor_batch_batch_send_size_sum	259734
1781385664	snap	2200	otelcol	otelcol-sb-esrev1-ctr-qd64d	otelcol_process_memory_rss	241225728
1781385664	snap	2200	otelcol	otelcol-sb-esrev1-ctr-qd64d	otelcol_receiver_refused_spans	0
1781385664	snap	2200	otelcol	otelcol-sb-esrev1-ctr-qd64d	otelcol_process_cpu_seconds	8
1781385664	snap	2200	otelcol	otelcol-sb-esrev1-ctr-qd64d	otelcol_exporter_queue_batch_send_size_sum	259734
1781385664	snap	2200	otelcol	otelcol-sb-esrev1-ctr-qd64d	otelcol_receiver_failed_spans	0
1781385664	snap	2200	otelcol	otelcol-sb-esrev1-ctr-qd64d	otelcol_exporter_sent_spans	146990
1781385664	snap	2200	otelcol	otelcol-sb-esrev1-ctr-qd64d	otelcol_process_runtime_total_alloc_bytes	224699136
1781385664	snap	2200	otelcol	otelcol-sb-esrev1-ctr-jjcwc	otelcol_process_runtime_total_alloc_bytes	148289232
1781385664	snap	2200	otelcol	otelcol-sb-esrev1-ctr-jjcwc	otelcol_process_runtime_heap_alloc_bytes	55088488
1781385664	snap	2200	otelcol	otelcol-sb-esrev1-ctr-jjcwc	otelcol_receiver_failed_spans	0
1781385664	snap	2200	otelcol	otelcol-sb-esrev1-ctr-jjcwc	otelcol_process_memory_rss	215007232
1781385664	snap	2200	otelcol	otelcol-sb-esrev1-ctr-jjcwc	otelcol_exporter_queue_size	148
1781385664	snap	2200	otelcol	otelcol-sb-esrev1-ctr-jjcwc	otelcol_receiver_accepted_spans	129867
1781385664	snap	2200	otelcol	otelcol-sb-esrev1-ctr-jjcwc	otelcol_processor_incoming_items	129867
1781385664	snap	2200	otelcol	otelcol-sb-esrev1-ctr-jjcwc	otelcol_processor_batch_metadata_cardinality	1
1781385664	snap	2200	otelcol	otelcol-sb-esrev1-ctr-jjcwc	otelcol_exporter_queue_capacity	1001
1781385664	snap	2200	otelcol	otelcol-sb-esrev1-ctr-jjcwc	otelcol_processor_outgoing_items	129867
1781385664	snap	2200	otelcol	otelcol-sb-esrev1-ctr-jjcwc	otelcol_processor_batch_timeout_trigger_send	796
1781385664	snap	2200	otelcol	otelcol-sb-esrev1-ctr-jjcwc	otelcol_process_runtime_total_sys_memory_bytes	84273432
1781385664	snap	2200	otelcol	otelcol-sb-esrev1-ctr-jjcwc	otelcol_receiver_refused_spans	0
1781385664	snap	2200	otelcol	otelcol-sb-esrev1-ctr-jjcwc	otelcol_exporter_send_failed_spans	0
1781385664	snap	2200	otelcol	otelcol-sb-esrev1-ctr-jjcwc	otelcol_exporter_queue_batch_send_size_sum	129867
1781385664	snap	2200	otelcol	otelcol-sb-esrev1-ctr-jjcwc	otelcol_processor_batch_batch_send_size_sum	129867
1781385664	snap	2200	otelcol	otelcol-sb-esrev1-ctr-jjcwc	otelcol_process_cpu_seconds	6
1781385664	snap	2200	otelcol	otelcol-sb-esrev1-ctr-jjcwc	otelcol_process_uptime	271
1781385664	snap	2200	otelcol	otelcol-sb-esrev1-ctr-jjcwc	otelcol_exporter_sent_spans	70667
1781385664	snap	2200	otelcol	otelcol-sb-esrev1-ctr-64dpb	otelcol_exporter_queue_batch_send_size_sum	129858
1781385664	snap	2200	otelcol	otelcol-sb-esrev1-ctr-64dpb	otelcol_exporter_send_failed_spans	0
1781385664	snap	2200	otelcol	otelcol-sb-esrev1-ctr-64dpb	otelcol_exporter_queue_size	140
1781385664	snap	2200	otelcol	otelcol-sb-esrev1-ctr-64dpb	otelcol_process_runtime_total_alloc_bytes	135636768
1781385664	snap	2200	otelcol	otelcol-sb-esrev1-ctr-64dpb	otelcol_processor_batch_metadata_cardinality	1
1781385664	snap	2200	otelcol	otelcol-sb-esrev1-ctr-64dpb	otelcol_process_runtime_heap_alloc_bytes	49510784
1781385664	snap	2200	otelcol	otelcol-sb-esrev1-ctr-64dpb	otelcol_processor_batch_timeout_trigger_send	794
1781385664	snap	2200	otelcol	otelcol-sb-esrev1-ctr-64dpb	otelcol_process_memory_rss	212705280
1781385664	snap	2200	otelcol	otelcol-sb-esrev1-ctr-64dpb	otelcol_receiver_refused_spans	0
1781385664	snap	2200	otelcol	otelcol-sb-esrev1-ctr-64dpb	otelcol_receiver_failed_spans	0
1781385664	snap	2200	otelcol	otelcol-sb-esrev1-ctr-64dpb	otelcol_receiver_accepted_spans	129858
1781385664	snap	2200	otelcol	otelcol-sb-esrev1-ctr-64dpb	otelcol_processor_incoming_items	129858
1781385664	snap	2200	otelcol	otelcol-sb-esrev1-ctr-64dpb	otelcol_process_cpu_seconds	6
1781385664	snap	2200	otelcol	otelcol-sb-esrev1-ctr-64dpb	otelcol_exporter_queue_capacity	1001
1781385664	snap	2200	otelcol	otelcol-sb-esrev1-ctr-64dpb	otelcol_processor_outgoing_items	129858
1781385664	snap	2200	otelcol	otelcol-sb-esrev1-ctr-64dpb	otelcol_processor_batch_batch_send_size_sum	129858
1781385664	snap	2200	otelcol	otelcol-sb-esrev1-ctr-64dpb	otelcol_process_uptime	270
1781385664	snap	2200	otelcol	otelcol-sb-esrev1-ctr-64dpb	otelcol_process_runtime_total_sys_memory_bytes	79550728
1781385664	snap	2200	otelcol	otelcol-sb-esrev1-ctr-64dpb	otelcol_exporter_sent_spans	73714
1781385664	snap	2200	otelcol	otelcol-sb-esrev1-ctr-lmnfn	otelcol_processor_batch_timeout_trigger_send	961
1781385664	snap	2200	otelcol	otelcol-sb-esrev1-ctr-lmnfn	otelcol_processor_batch_batch_send_size_sum	564302
1781385664	snap	2200	otelcol	otelcol-sb-esrev1-ctr-lmnfn	otelcol_process_runtime_total_alloc_bytes	424319312
1781385664	snap	2200	otelcol	otelcol-sb-esrev1-ctr-lmnfn	otelcol_process_runtime_heap_alloc_bytes	120626560
1781385664	snap	2200	otelcol	otelcol-sb-esrev1-ctr-lmnfn	otelcol_exporter_queue_batch_send_size_sum	564302
1781385664	snap	2200	otelcol	otelcol-sb-esrev1-ctr-lmnfn	otelcol_process_uptime	270
1781385664	snap	2200	otelcol	otelcol-sb-esrev1-ctr-lmnfn	otelcol_process_cpu_seconds	12
1781385664	snap	2200	otelcol	otelcol-sb-esrev1-ctr-lmnfn	otelcol_exporter_send_failed_spans	0
1781385664	snap	2200	otelcol	otelcol-sb-esrev1-ctr-lmnfn	otelcol_exporter_sent_spans	353502
1781385664	snap	2200	otelcol	otelcol-sb-esrev1-ctr-lmnfn	otelcol_receiver_refused_spans	30432
1781385664	snap	2200	otelcol	otelcol-sb-esrev1-ctr-lmnfn	otelcol_processor_incoming_items	594734
1781385664	snap	2200	otelcol	otelcol-sb-esrev1-ctr-lmnfn	otelcol_receiver_accepted_spans	564302
1781385664	snap	2200	otelcol	otelcol-sb-esrev1-ctr-lmnfn	otelcol_processor_outgoing_items	564302
1781385664	snap	2200	otelcol	otelcol-sb-esrev1-ctr-lmnfn	otelcol_process_runtime_total_sys_memory_bytes	157653288
1781385664	snap	2200	otelcol	otelcol-sb-esrev1-ctr-lmnfn	otelcol_process_memory_rss	292020224
1781385664	snap	2200	otelcol	otelcol-sb-esrev1-ctr-lmnfn	otelcol_receiver_failed_spans	0
1781385664	snap	2200	otelcol	otelcol-sb-esrev1-ctr-lmnfn	otelcol_processor_batch_metadata_cardinality	1
1781385664	snap	2200	otelcol	otelcol-sb-esrev1-ctr-lmnfn	otelcol_exporter_queue_size	150
1781385664	snap	2200	otelcol	otelcol-sb-esrev1-ctr-lmnfn	otelcol_exporter_queue_capacity	1001
1781385664	snap	2200	k8s	otelcol-sb-esrev1-ctr-5hn7z	restart_count	0
1781385664	snap	2200	k8s	otelcol-sb-esrev1-ctr-64dpb	restart_count	0
1781385664	snap	2200	k8s	otelcol-sb-esrev1-ctr-9j7x7	restart_count	0
1781385664	snap	2200	k8s	otelcol-sb-esrev1-ctr-jjcwc	restart_count	0
1781385664	snap	2200	k8s	otelcol-sb-esrev1-ctr-lmnfn	restart_count	0
1781385664	snap	2200	k8s	otelcol-sb-esrev1-ctr-m57hx	restart_count	0
1781385664	snap	2200	k8s	otelcol-sb-esrev1-ctr-qd64d	restart_count	0
1781385664	snap	2200	k8s	otelcol-sb-esrev1-ctr-rbg9n	restart_count	0
1781385664	snap	2200	k8s	otelcol-sb-esrev1-ctr-w5r65	restart_count	0
1781385664	snap	2200	sdk	wrk2api	spans_received	336897
1781385664	snap	2200	sdk	wrk2api	spans_sent	336897
1781385664	snap	2200	sdk	wrk2api	spans_dropped	0
1781385664	snap	2200	sdk	wrk2api	spans_flushed	336897
1781385664	snap	2200	sdk	wrk2api	batches_sent	3702
1781385664	snap	2200	sdk	wrk2api	batches_dropped	0
1781385664	snap	2200	sdk	wrk2api	send_unavailable	0
1781385664	snap	2200	sdk	wrk2api	send_deadline	0
1781385664	snap	2200	sdk	wrk2api	send_exhausted	0
1781385664	snap	2200	sdk	wrk2api	send_canceled	0
1781385664	snap	2200	sdk	wrk2api	send_other	0
1781385664	snap	2200	sdk	wrk2api	buffer_depth	0
0
1781385664	snap	2200	sdk	wrk2api	cp_received	168444
1781385664	snap	2200	sdk	wrk2api	lp_received	168453
1781385664	snap	2200	sdk	wrk2api	cp_sent	168444
1781385664	snap	2200	sdk	wrk2api	lp_sent	168453
1781385664	snap	2200	sdk	wrk2api	cp_dropped	0
1781385664	snap	2200	sdk	wrk2api	lp_dropped	0
1781385664	snap	2200	sdk	composepost	spans_received	1038927
1781385664	snap	2200	sdk	composepost	spans_sent	833852
1781385664	snap	2200	sdk	composepost	spans_dropped	205075
1781385664	snap	2200	sdk	composepost	spans_flushed	1038927
1781385664	snap	2200	sdk	composepost	batches_sent	11721
1781385664	snap	2200	sdk	composepost	batches_dropped	1035
1781385664	snap	2200	sdk	composepost	send_unavailable	1035
1781385664	snap	2200	sdk	composepost	send_deadline	0
1781385664	snap	2200	sdk	composepost	send_exhausted	0
1781385664	snap	2200	sdk	composepost	send_canceled	0
1781385664	snap	2200	sdk	composepost	send_other	0
1781385664	snap	2200	sdk	composepost	buffer_depth	0
0
1781385664	snap	2200	sdk	composepost	cp_received	909060
1781385664	snap	2200	sdk	composepost	lp_received	129867
1781385664	snap	2200	sdk	composepost	cp_sent	764603
1781385664	snap	2200	sdk	composepost	lp_sent	69249
1781385664	snap	2200	sdk	composepost	cp_dropped	144457
1781385664	snap	2200	sdk	composepost	lp_dropped	60618
1781385664	snap	2200	sdk	hometimeline	spans_received	259716
1781385664	snap	2200	sdk	hometimeline	spans_sent	138442
1781385664	snap	2200	sdk	hometimeline	spans_dropped	121274
1781385664	snap	2200	sdk	hometimeline	spans_flushed	259716
1781385664	snap	2200	sdk	hometimeline	batches_sent	2574
1781385664	snap	2200	sdk	hometimeline	batches_dropped	616
1781385664	snap	2200	sdk	hometimeline	send_unavailable	616
1781385664	snap	2200	sdk	hometimeline	send_deadline	0
1781385664	snap	2200	sdk	hometimeline	send_exhausted	0
1781385664	snap	2200	sdk	hometimeline	send_canceled	0
1781385664	snap	2200	sdk	hometimeline	send_other	0
1781385664	snap	2200	sdk	hometimeline	buffer_depth	0
0
1781385664	snap	2200	sdk	hometimeline	cp_received	0
1781385664	snap	2200	sdk	hometimeline	lp_received	259716
1781385664	snap	2200	sdk	hometimeline	cp_sent	0
1781385664	snap	2200	sdk	hometimeline	lp_sent	138442
1781385664	snap	2200	sdk	hometimeline	cp_dropped	0
1781385664	snap	2200	sdk	hometimeline	lp_dropped	121274
1781385664	snap	2200	sdk	media	spans_received	129867
1781385664	snap	2200	sdk	media	spans_sent	129867
1781385664	snap	2200	sdk	media	spans_dropped	0
1781385664	snap	2200	sdk	media	spans_flushed	129867
1781385664	snap	2200	sdk	media	batches_sent	1594
1781385664	snap	2200	sdk	media	batches_dropped	0
1781385664	snap	2200	sdk	media	send_unavailable	0
1781385664	snap	2200	sdk	media	send_deadline	0
1781385664	snap	2200	sdk	media	send_exhausted	0
1781385664	snap	2200	sdk	media	send_canceled	0
1781385664	snap	2200	sdk	media	send_other	0
1781385664	snap	2200	sdk	media	buffer_depth	0
0
1781385664	snap	2200	sdk	media	cp_received	129867
1781385664	snap	2200	sdk	media	lp_received	0
1781385664	snap	2200	sdk	media	cp_sent	129867
1781385664	snap	2200	sdk	media	lp_sent	0
1781385664	snap	2200	sdk	media	cp_dropped	0
1781385664	snap	2200	sdk	media	lp_dropped	0
1781385664	snap	2200	sdk	post-storage	spans_received	129858
1781385664	snap	2200	sdk	post-storage	spans_sent	129858
1781385664	snap	2200	sdk	post-storage	spans_dropped	0
1781385664	snap	2200	sdk	post-storage	spans_flushed	129858
1781385664	snap	2200	sdk	post-storage	batches_sent	1594
1781385664	snap	2200	sdk	post-storage	batches_dropped	0
1781385664	snap	2200	sdk	post-storage	send_unavailable	0
1781385664	snap	2200	sdk	post-storage	send_deadline	0
1781385664	snap	2200	sdk	post-storage	send_exhausted	0
1781385664	snap	2200	sdk	post-storage	send_canceled	0
1781385664	snap	2200	sdk	post-storage	send_other	0
1781385664	snap	2200	sdk	post-storage	buffer_depth	0
0
1781385664	snap	2200	sdk	post-storage	cp_received	129858
1781385664	snap	2200	sdk	post-storage	lp_received	0
1781385664	snap	2200	sdk	post-storage	cp_sent	129858
1781385664	snap	2200	sdk	post-storage	lp_sent	0
1781385664	snap	2200	sdk	post-storage	cp_dropped	0
1781385664	snap	2200	sdk	post-storage	lp_dropped	0
1781385664	snap	2200	sdk	socialgraph	spans_received	243692
1781385664	snap	2200	sdk	socialgraph	spans_sent	240528
1781385664	snap	2200	sdk	socialgraph	spans_dropped	3164
1781385664	snap	2200	sdk	socialgraph	spans_flushed	243692
1781385664	snap	2200	sdk	socialgraph	batches_sent	2089
1781385664	snap	2200	sdk	socialgraph	batches_dropped	16
1781385664	snap	2200	sdk	socialgraph	send_unavailable	16
1781385664	snap	2200	sdk	socialgraph	send_deadline	0
1781385664	snap	2200	sdk	socialgraph	send_exhausted	0
1781385664	snap	2200	sdk	socialgraph	send_canceled	0
1781385664	snap	2200	sdk	socialgraph	send_other	0
1781385664	snap	2200	sdk	socialgraph	buffer_depth	0
0
1781385664	snap	2200	sdk	socialgraph	cp_received	206068
1781385664	snap	2200	sdk	socialgraph	lp_received	37624
1781385664	snap	2200	sdk	socialgraph	cp_sent	206068
1781385664	snap	2200	sdk	socialgraph	lp_sent	34460
1781385664	snap	2200	sdk	socialgraph	cp_dropped	0
1781385664	snap	2200	sdk	socialgraph	lp_dropped	3164
1781385664	snap	2200	sdk	text	spans_received	389619
1781385664	snap	2200	sdk	text	spans_sent	359187
1781385664	snap	2200	sdk	text	spans_dropped	30432
1781385664	snap	2200	sdk	text	spans_flushed	389619
1781385664	snap	2200	sdk	text	batches_sent	4632
1781385664	snap	2200	sdk	text	batches_dropped	153
1781385664	snap	2200	sdk	text	send_unavailable	153
1781385664	snap	2200	sdk	text	send_deadline	0
1781385664	snap	2200	sdk	text	send_exhausted	0
1781385664	snap	2200	sdk	text	send_canceled	0
1781385664	snap	2200	sdk	text	send_other	0
1781385664	snap	2200	sdk	text	buffer_depth	0
0
1781385664	snap	2200	sdk	text	cp_received	0
1781385664	snap	2200	sdk	text	lp_received	389619
1781385664	snap	2200	sdk	text	cp_sent	0
1781385664	snap	2200	sdk	text	lp_sent	359187
1781385664	snap	2200	sdk	text	cp_dropped	0
1781385664	snap	2200	sdk	text	lp_dropped	30432
1781385664	snap	2200	sdk	uniqueid	spans_received	129867
1781385664	snap	2200	sdk	uniqueid	spans_sent	129867
1781385664	snap	2200	sdk	uniqueid	spans_dropped	0
1781385664	snap	2200	sdk	uniqueid	spans_flushed	129867
1781385664	snap	2200	sdk	uniqueid	batches_sent	1594
1781385664	snap	2200	sdk	uniqueid	batches_dropped	0
1781385664	snap	2200	sdk	uniqueid	send_unavailable	0
1781385664	snap	2200	sdk	uniqueid	send_deadline	0
1781385664	snap	2200	sdk	uniqueid	send_exhausted	0
1781385664	snap	2200	sdk	uniqueid	send_canceled	0
1781385664	snap	2200	sdk	uniqueid	send_other	0
1781385664	snap	2200	sdk	uniqueid	buffer_depth	0
0
1781385664	snap	2200	sdk	uniqueid	cp_received	129867
1781385664	snap	2200	sdk	uniqueid	lp_received	0
1781385664	snap	2200	sdk	uniqueid	cp_sent	129867
1781385664	snap	2200	sdk	uniqueid	lp_sent	0
1781385664	snap	2200	sdk	uniqueid	cp_dropped	0
1781385664	snap	2200	sdk	uniqueid	lp_dropped	0
1781385664	snap	2200	sdk	urlshorten	spans_received	129867
1781385664	snap	2200	sdk	urlshorten	spans_sent	129867
1781385664	snap	2200	sdk	urlshorten	spans_dropped	0
1781385664	snap	2200	sdk	urlshorten	spans_flushed	129867
1781385664	snap	2200	sdk	urlshorten	batches_sent	1594
1781385664	snap	2200	sdk	urlshorten	batches_dropped	0
1781385664	snap	2200	sdk	urlshorten	send_unavailable	0
1781385664	snap	2200	sdk	urlshorten	send_deadline	0
1781385664	snap	2200	sdk	urlshorten	send_exhausted	0
1781385664	snap	2200	sdk	urlshorten	send_canceled	0
1781385664	snap	2200	sdk	urlshorten	send_other	0
1781385664	snap	2200	sdk	urlshorten	buffer_depth	0
0
1781385664	snap	2200	sdk	urlshorten	cp_received	129867
1781385664	snap	2200	sdk	urlshorten	lp_received	0
1781385664	snap	2200	sdk	urlshorten	cp_sent	129867
1781385664	snap	2200	sdk	urlshorten	lp_sent	0
1781385664	snap	2200	sdk	urlshorten	cp_dropped	0
1781385664	snap	2200	sdk	urlshorten	lp_dropped	0
1781385664	snap	2200	sdk	user	spans_received	131791
1781385664	snap	2200	sdk	user	spans_sent	131791
1781385664	snap	2200	sdk	user	spans_dropped	0
1781385664	snap	2200	sdk	user	spans_flushed	131791
1781385664	snap	2200	sdk	user	batches_sent	1604
1781385664	snap	2200	sdk	user	batches_dropped	0
1781385664	snap	2200	sdk	user	send_unavailable	0
1781385664	snap	2200	sdk	user	send_deadline	0
1781385664	snap	2200	sdk	user	send_exhausted	0
1781385664	snap	2200	sdk	user	send_canceled	0
1781385664	snap	2200	sdk	user	send_other	0
1781385664	snap	2200	sdk	user	buffer_depth	0
0
1781385664	snap	2200	sdk	user	cp_received	130829
1781385664	snap	2200	sdk	user	lp_received	962
1781385664	snap	2200	sdk	user	cp_sent	130829
1781385664	snap	2200	sdk	user	lp_sent	962
1781385664	snap	2200	sdk	user	cp_dropped	0
1781385664	snap	2200	sdk	user	lp_dropped	0
1781385664	snap	2200	sdk	userid	spans_received	75248
1781385664	snap	2200	sdk	userid	spans_sent	75248
1781385664	snap	2200	sdk	userid	spans_dropped	0
1781385664	snap	2200	sdk	userid	spans_flushed	75248
1781385664	snap	2200	sdk	userid	batches_sent	250
1781385664	snap	2200	sdk	userid	batches_dropped	0
1781385664	snap	2200	sdk	userid	send_unavailable	0
1781385664	snap	2200	sdk	userid	send_deadline	0
1781385664	snap	2200	sdk	userid	send_exhausted	0
1781385664	snap	2200	sdk	userid	send_canceled	0
1781385664	snap	2200	sdk	userid	send_other	0
1781385664	snap	2200	sdk	userid	buffer_depth	0
0
1781385664	snap	2200	sdk	userid	cp_received	75248
1781385664	snap	2200	sdk	userid	lp_received	0
1781385664	snap	2200	sdk	userid	cp_sent	75248
1781385664	snap	2200	sdk	userid	lp_sent	0
1781385664	snap	2200	sdk	userid	cp_dropped	0
1781385664	snap	2200	sdk	userid	lp_dropped	0
1781385664	snap	2200	sdk	usermention	spans_received	129867
1781385664	snap	2200	sdk	usermention	spans_sent	129867
1781385664	snap	2200	sdk	usermention	spans_dropped	0
1781385664	snap	2200	sdk	usermention	spans_flushed	129867
1781385664	snap	2200	sdk	usermention	batches_sent	1595
1781385664	snap	2200	sdk	usermention	batches_dropped	0
1781385664	snap	2200	sdk	usermention	send_unavailable	0
1781385664	snap	2200	sdk	usermention	send_deadline	0
1781385664	snap	2200	sdk	usermention	send_exhausted	0
1781385664	snap	2200	sdk	usermention	send_canceled	0
1781385664	snap	2200	sdk	usermention	send_other	0
1781385664	snap	2200	sdk	usermention	buffer_depth	0
0
1781385664	snap	2200	sdk	usermention	cp_received	129867
1781385664	snap	2200	sdk	usermention	lp_received	0
1781385664	snap	2200	sdk	usermention	cp_sent	129867
1781385664	snap	2200	sdk	usermention	lp_sent	0
1781385664	snap	2200	sdk	usermention	cp_dropped	0
1781385664	snap	2200	sdk	usermention	lp_dropped	0
1781385664	snap	2200	sdk	usertimeline	spans_received	129858
1781385664	snap	2200	sdk	usertimeline	spans_sent	129858
1781385664	snap	2200	sdk	usertimeline	spans_dropped	0
1781385664	snap	2200	sdk	usertimeline	spans_flushed	129858
1781385664	snap	2200	sdk	usertimeline	batches_sent	1594
1781385664	snap	2200	sdk	usertimeline	batches_dropped	0
1781385664	snap	2200	sdk	usertimeline	send_unavailable	0
1781385664	snap	2200	sdk	usertimeline	send_deadline	0
1781385664	snap	2200	sdk	usertimeline	send_exhausted	0
1781385664	snap	2200	sdk	usertimeline	send_canceled	0
1781385664	snap	2200	sdk	usertimeline	send_other	0
1781385664	snap	2200	sdk	usertimeline	buffer_depth	0
0
1781385664	snap	2200	sdk	usertimeline	cp_received	129858
1781385664	snap	2200	sdk	usertimeline	lp_received	0
1781385664	snap	2200	sdk	usertimeline	cp_sent	129858
1781385664	snap	2200	sdk	usertimeline	lp_sent	0
1781385664	snap	2200	sdk	usertimeline	cp_dropped	0
1781385664	snap	2200	sdk	usertimeline	lp_dropped	0
1781385731	snap	2200	otelcol	otelcol-sb-esrev1-ctr-w5r65	otelcol_processor_incoming_items	375461
1781385731	snap	2200	otelcol	otelcol-sb-esrev1-ctr-w5r65	otelcol_processor_batch_batch_send_size_sum	372297
1781385731	snap	2200	otelcol	otelcol-sb-esrev1-ctr-w5r65	otelcol_processor_outgoing_items	372297
1781385731	snap	2200	otelcol	otelcol-sb-esrev1-ctr-w5r65	otelcol_processor_batch_metadata_cardinality	1
1781385731	snap	2200	otelcol	otelcol-sb-esrev1-ctr-w5r65	otelcol_process_cpu_seconds	9
1781385731	snap	2200	otelcol	otelcol-sb-esrev1-ctr-w5r65	otelcol_processor_batch_timeout_trigger_send	1260
1781385731	snap	2200	otelcol	otelcol-sb-esrev1-ctr-w5r65	otelcol_receiver_refused_spans	3164
1781385731	snap	2200	otelcol	otelcol-sb-esrev1-ctr-w5r65	otelcol_process_runtime_total_sys_memory_bytes	127113512
1781385731	snap	2200	otelcol	otelcol-sb-esrev1-ctr-w5r65	otelcol_exporter_sent_spans	194383
1781385731	snap	2200	otelcol	otelcol-sb-esrev1-ctr-w5r65	otelcol_exporter_queue_size	414
1781385731	snap	2200	otelcol	otelcol-sb-esrev1-ctr-w5r65	otelcol_receiver_accepted_spans	372297
1781385731	snap	2200	otelcol	otelcol-sb-esrev1-ctr-w5r65	otelcol_process_uptime	339
1781385731	snap	2200	otelcol	otelcol-sb-esrev1-ctr-w5r65	otelcol_process_runtime_total_alloc_bytes	276798976
1781385731	snap	2200	otelcol	otelcol-sb-esrev1-ctr-w5r65	otelcol_process_runtime_heap_alloc_bytes	98459448
1781385731	snap	2200	otelcol	otelcol-sb-esrev1-ctr-w5r65	otelcol_exporter_send_failed_spans	0
1781385731	snap	2200	otelcol	otelcol-sb-esrev1-ctr-w5r65	otelcol_exporter_queue_batch_send_size_sum	372297
1781385731	snap	2200	otelcol	otelcol-sb-esrev1-ctr-w5r65	otelcol_receiver_failed_spans	0
1781385731	snap	2200	otelcol	otelcol-sb-esrev1-ctr-w5r65	otelcol_exporter_queue_capacity	1001
1781385731	snap	2200	otelcol	otelcol-sb-esrev1-ctr-w5r65	otelcol_process_memory_rss	266817536
1781385731	snap	2200	otelcol	otelcol-sb-esrev1-ctr-5hn7z	otelcol_processor_batch_metadata_cardinality	1
1781385731	snap	2200	otelcol	otelcol-sb-esrev1-ctr-5hn7z	otelcol_exporter_queue_capacity	1001
1781385731	snap	2200	otelcol	otelcol-sb-esrev1-ctr-5hn7z	otelcol_exporter_queue_batch_send_size_sum	261627
1781385731	snap	2200	otelcol	otelcol-sb-esrev1-ctr-5hn7z	otelcol_exporter_send_failed_spans	0
1781385731	snap	2200	otelcol	otelcol-sb-esrev1-ctr-5hn7z	otelcol_processor_batch_batch_send_size_sum	261627
1781385731	snap	2200	otelcol	otelcol-sb-esrev1-ctr-5hn7z	otelcol_processor_batch_timeout_trigger_send	1094
1781385731	snap	2200	otelcol	otelcol-sb-esrev1-ctr-5hn7z	otelcol_process_cpu_seconds	8
1781385731	snap	2200	otelcol	otelcol-sb-esrev1-ctr-5hn7z	otelcol_process_uptime	338
1781385731	snap	2200	otelcol	otelcol-sb-esrev1-ctr-5hn7z	otelcol_exporter_sent_spans	88514
1781385731	snap	2200	otelcol	otelcol-sb-esrev1-ctr-5hn7z	otelcol_receiver_failed_spans	0
1781385731	snap	2200	otelcol	otelcol-sb-esrev1-ctr-5hn7z	otelcol_process_runtime_total_sys_memory_bytes	132589848
1781385731	snap	2200	otelcol	otelcol-sb-esrev1-ctr-5hn7z	otelcol_receiver_refused_spans	0
1781385731	snap	2200	otelcol	otelcol-sb-esrev1-ctr-5hn7z	otelcol_process_memory_rss	268320768
1781385731	snap	2200	otelcol	otelcol-sb-esrev1-ctr-5hn7z	otelcol_processor_incoming_items	261627
1781385731	snap	2200	otelcol	otelcol-sb-esrev1-ctr-5hn7z	otelcol_process_runtime_total_alloc_bytes	204947512
1781385731	snap	2200	otelcol	otelcol-sb-esrev1-ctr-5hn7z	otelcol_process_runtime_heap_alloc_bytes	102826896
1781385731	snap	2200	otelcol	otelcol-sb-esrev1-ctr-5hn7z	otelcol_receiver_accepted_spans	261627
1781385731	snap	2200	otelcol	otelcol-sb-esrev1-ctr-5hn7z	otelcol_processor_outgoing_items	261627
1781385731	snap	2200	otelcol	otelcol-sb-esrev1-ctr-5hn7z	otelcol_exporter_queue_size	402
1781385731	snap	2200	otelcol	otelcol-sb-esrev1-ctr-m57hx	otelcol_process_memory_rss	177012736
1781385731	snap	2200	otelcol	otelcol-sb-esrev1-ctr-m57hx	otelcol_process_runtime_total_sys_memory_bytes	48269592
1781385731	snap	2200	otelcol	otelcol-sb-esrev1-ctr-m57hx	otelcol_exporter_queue_size	0
1781385731	snap	2200	otelcol	otelcol-sb-esrev1-ctr-m57hx	otelcol_exporter_queue_capacity	1001
1781385731	snap	2200	otelcol	otelcol-sb-esrev1-ctr-m57hx	otelcol_process_runtime_total_alloc_bytes	37974752
1781385731	snap	2200	otelcol	otelcol-sb-esrev1-ctr-m57hx	otelcol_process_uptime	337
1781385731	snap	2200	otelcol	otelcol-sb-esrev1-ctr-m57hx	otelcol_process_cpu_seconds	3
1781385731	snap	2200	otelcol	otelcol-sb-esrev1-ctr-m57hx	otelcol_processor_batch_metadata_cardinality	1
1781385731	snap	2200	otelcol	otelcol-sb-esrev1-ctr-m57hx	otelcol_process_runtime_heap_alloc_bytes	19162888
1781385731	snap	2200	otelcol	otelcol-sb-esrev1-ctr-9j7x7	otelcol_process_cpu_seconds	40
1781385731	snap	2200	otelcol	otelcol-sb-esrev1-ctr-9j7x7	otelcol_exporter_send_failed_spans	0
1781385731	snap	2200	otelcol	otelcol-sb-esrev1-ctr-9j7x7	otelcol_processor_incoming_items	4419401
1781385731	snap	2200	otelcol	otelcol-sb-esrev1-ctr-9j7x7	otelcol_process_memory_rss	317800448
1781385731	snap	2200	otelcol	otelcol-sb-esrev1-ctr-9j7x7	otelcol_exporter_sent_spans	339200
1781385731	snap	2200	otelcol	otelcol-sb-esrev1-ctr-9j7x7	otelcol_exporter_queue_batch_send_size_sum	600468
1781385731	snap	2200	otelcol	otelcol-sb-esrev1-ctr-9j7x7	otelcol_processor_outgoing_items	600468
1781385731	snap	2200	otelcol	otelcol-sb-esrev1-ctr-9j7x7	otelcol_processor_batch_batch_send_size_sum	600468
1781385731	snap	2200	otelcol	otelcol-sb-esrev1-ctr-9j7x7	otelcol_process_runtime_heap_alloc_bytes	125560472
1781385731	snap	2200	otelcol	otelcol-sb-esrev1-ctr-9j7x7	otelcol_process_runtime_total_sys_memory_bytes	212654376
1781385731	snap	2200	otelcol	otelcol-sb-esrev1-ctr-9j7x7	otelcol_receiver_refused_spans	3818933
1781385731	snap	2200	otelcol	otelcol-sb-esrev1-ctr-9j7x7	otelcol_processor_batch_metadata_cardinality	1
1781385731	snap	2200	otelcol	otelcol-sb-esrev1-ctr-9j7x7	otelcol_receiver_failed_spans	0
1781385731	snap	2200	otelcol	otelcol-sb-esrev1-ctr-9j7x7	otelcol_processor_batch_timeout_trigger_send	1065
1781385731	snap	2200	otelcol	otelcol-sb-esrev1-ctr-9j7x7	otelcol_exporter_queue_size	208
1781385731	snap	2200	otelcol	otelcol-sb-esrev1-ctr-9j7x7	otelcol_receiver_accepted_spans	600468
1781385731	snap	2200	otelcol	otelcol-sb-esrev1-ctr-9j7x7	otelcol_process_uptime	337
1781385731	snap	2200	otelcol	otelcol-sb-esrev1-ctr-9j7x7	otelcol_process_runtime_total_alloc_bytes	2361709568
1781385731	snap	2200	otelcol	otelcol-sb-esrev1-ctr-9j7x7	otelcol_exporter_queue_capacity	1001
1781385731	snap	2200	otelcol	otelcol-sb-esrev1-ctr-rbg9n	otelcol_exporter_queue_capacity	1001
1781385731	snap	2200	otelcol	otelcol-sb-esrev1-ctr-rbg9n	otelcol_process_cpu_seconds	40
1781385731	snap	2200	otelcol	otelcol-sb-esrev1-ctr-rbg9n	otelcol_exporter_send_failed_spans	0
1781385731	snap	2200	otelcol	otelcol-sb-esrev1-ctr-rbg9n	otelcol_receiver_refused_spans	1572457
1781385731	snap	2200	otelcol	otelcol-sb-esrev1-ctr-rbg9n	otelcol_process_runtime_total_alloc_bytes	2017611656
1781385731	snap	2200	otelcol	otelcol-sb-esrev1-ctr-rbg9n	otelcol_process_memory_rss	323411968
1781385731	snap	2200	otelcol	otelcol-sb-esrev1-ctr-rbg9n	otelcol_processor_batch_metadata_cardinality	1
1781385731	snap	2200	otelcol	otelcol-sb-esrev1-ctr-rbg9n	otelcol_processor_batch_timeout_trigger_send	786
1781385731	snap	2200	otelcol	otelcol-sb-esrev1-ctr-rbg9n	otelcol_receiver_failed_spans	0
1781385731	snap	2200	otelcol	otelcol-sb-esrev1-ctr-rbg9n	otelcol_process_runtime_heap_alloc_bytes	138553784
1781385731	snap	2200	otelcol	otelcol-sb-esrev1-ctr-rbg9n	otelcol_exporter_sent_spans	779581
1781385731	snap	2200	otelcol	otelcol-sb-esrev1-ctr-rbg9n	otelcol_processor_incoming_items	2616333
1781385731	snap	2200	otelcol	otelcol-sb-esrev1-ctr-rbg9n	otelcol_processor_outgoing_items	1043876
1781385731	snap	2200	otelcol	otelcol-sb-esrev1-ctr-rbg9n	otelcol_receiver_accepted_spans	1043876
1781385731	snap	2200	otelcol	otelcol-sb-esrev1-ctr-rbg9n	otelcol_processor_batch_batch_send_size_sum	1043876
1781385731	snap	2200	otelcol	otelcol-sb-esrev1-ctr-rbg9n	otelcol_process_uptime	336
1781385731	snap	2200	otelcol	otelcol-sb-esrev1-ctr-rbg9n	otelcol_exporter_queue_size	108
1781385731	snap	2200	otelcol	otelcol-sb-esrev1-ctr-rbg9n	otelcol_exporter_queue_batch_send_size_sum	1043876
1781385731	snap	2200	otelcol	otelcol-sb-esrev1-ctr-rbg9n	otelcol_process_runtime_total_sys_memory_bytes	211806520
1781385731	snap	2200	otelcol	otelcol-sb-esrev1-ctr-qd64d	otelcol_receiver_accepted_spans	452791
1781385731	snap	2200	otelcol	otelcol-sb-esrev1-ctr-qd64d	otelcol_process_runtime_total_sys_memory_bytes	188303672
1781385731	snap	2200	otelcol	otelcol-sb-esrev1-ctr-qd64d	otelcol_processor_incoming_items	523272
1781385731	snap	2200	otelcol	otelcol-sb-esrev1-ctr-qd64d	otelcol_process_uptime	338
1781385731	snap	2200	otelcol	otelcol-sb-esrev1-ctr-qd64d	otelcol_exporter_send_failed_spans	0
1781385731	snap	2200	otelcol	otelcol-sb-esrev1-ctr-qd64d	otelcol_exporter_queue_capacity	1001
1781385731	snap	2200	otelcol	otelcol-sb-esrev1-ctr-qd64d	otelcol_processor_outgoing_items	452791
1781385731	snap	2200	otelcol	otelcol-sb-esrev1-ctr-qd64d	otelcol_exporter_queue_size	330
1781385731	snap	2200	otelcol	otelcol-sb-esrev1-ctr-qd64d	otelcol_processor_batch_metadata_cardinality	1
1781385731	snap	2200	otelcol	otelcol-sb-esrev1-ctr-qd64d	otelcol_processor_batch_timeout_trigger_send	1017
1781385731	snap	2200	otelcol	otelcol-sb-esrev1-ctr-qd64d	otelcol_process_runtime_heap_alloc_bytes	130306576
1781385731	snap	2200	otelcol	otelcol-sb-esrev1-ctr-qd64d	otelcol_processor_batch_batch_send_size_sum	452791
1781385731	snap	2200	otelcol	otelcol-sb-esrev1-ctr-qd64d	otelcol_process_memory_rss	322318336
1781385731	snap	2200	otelcol	otelcol-sb-esrev1-ctr-qd64d	otelcol_receiver_refused_spans	70481
1781385731	snap	2200	otelcol	otelcol-sb-esrev1-ctr-qd64d	otelcol_process_cpu_seconds	12
1781385731	snap	2200	otelcol	otelcol-sb-esrev1-ctr-qd64d	otelcol_exporter_queue_batch_send_size_sum	452791
1781385731	snap	2200	otelcol	otelcol-sb-esrev1-ctr-qd64d	otelcol_receiver_failed_spans	0
1781385731	snap	2200	otelcol	otelcol-sb-esrev1-ctr-qd64d	otelcol_exporter_sent_spans	171990
1781385731	snap	2200	otelcol	otelcol-sb-esrev1-ctr-qd64d	otelcol_process_runtime_total_alloc_bytes	366159232
1781385731	snap	2200	otelcol	otelcol-sb-esrev1-ctr-jjcwc	otelcol_process_runtime_total_alloc_bytes	212425144
1781385731	snap	2200	otelcol	otelcol-sb-esrev1-ctr-jjcwc	otelcol_process_runtime_heap_alloc_bytes	105807488
1781385731	snap	2200	otelcol	otelcol-sb-esrev1-ctr-jjcwc	otelcol_receiver_failed_spans	0
1781385731	snap	2200	otelcol	otelcol-sb-esrev1-ctr-jjcwc	otelcol_process_memory_rss	267988992
1781385731	snap	2200	otelcol	otelcol-sb-esrev1-ctr-jjcwc	otelcol_exporter_queue_size	412
1781385731	snap	2200	otelcol	otelcol-sb-esrev1-ctr-jjcwc	otelcol_receiver_accepted_spans	261636
1781385731	snap	2200	otelcol	otelcol-sb-esrev1-ctr-jjcwc	otelcol_processor_incoming_items	261636
1781385731	snap	2200	otelcol	otelcol-sb-esrev1-ctr-jjcwc	otelcol_processor_batch_metadata_cardinality	1
1781385731	snap	2200	otelcol	otelcol-sb-esrev1-ctr-jjcwc	otelcol_exporter_queue_capacity	1001
1781385731	snap	2200	otelcol	otelcol-sb-esrev1-ctr-jjcwc	otelcol_processor_outgoing_items	261636
1781385731	snap	2200	otelcol	otelcol-sb-esrev1-ctr-jjcwc	otelcol_processor_batch_timeout_trigger_send	1095
1781385731	snap	2200	otelcol	otelcol-sb-esrev1-ctr-jjcwc	otelcol_process_runtime_total_sys_memory_bytes	136329512
1781385731	snap	2200	otelcol	otelcol-sb-esrev1-ctr-jjcwc	otelcol_receiver_refused_spans	0
1781385731	snap	2200	otelcol	otelcol-sb-esrev1-ctr-jjcwc	otelcol_exporter_send_failed_spans	0
1781385731	snap	2200	otelcol	otelcol-sb-esrev1-ctr-jjcwc	otelcol_exporter_queue_batch_send_size_sum	261636
1781385731	snap	2200	otelcol	otelcol-sb-esrev1-ctr-jjcwc	otelcol_processor_batch_batch_send_size_sum	261636
1781385731	snap	2200	otelcol	otelcol-sb-esrev1-ctr-jjcwc	otelcol_process_cpu_seconds	7
1781385731	snap	2200	otelcol	otelcol-sb-esrev1-ctr-jjcwc	otelcol_process_uptime	338
1781385731	snap	2200	otelcol	otelcol-sb-esrev1-ctr-jjcwc	otelcol_exporter_sent_spans	84667
1781385731	snap	2200	otelcol	otelcol-sb-esrev1-ctr-64dpb	otelcol_exporter_queue_batch_send_size_sum	261627
1781385731	snap	2200	otelcol	otelcol-sb-esrev1-ctr-64dpb	otelcol_exporter_send_failed_spans	0
1781385731	snap	2200	otelcol	otelcol-sb-esrev1-ctr-64dpb	otelcol_exporter_queue_size	401
1781385731	snap	2200	otelcol	otelcol-sb-esrev1-ctr-64dpb	otelcol_process_runtime_total_alloc_bytes	202987624
1781385731	snap	2200	otelcol	otelcol-sb-esrev1-ctr-64dpb	otelcol_processor_batch_metadata_cardinality	1
1781385731	snap	2200	otelcol	otelcol-sb-esrev1-ctr-64dpb	otelcol_process_runtime_heap_alloc_bytes	102202248
1781385731	snap	2200	otelcol	otelcol-sb-esrev1-ctr-64dpb	otelcol_processor_batch_timeout_trigger_send	1093
1781385731	snap	2200	otelcol	otelcol-sb-esrev1-ctr-64dpb	otelcol_process_memory_rss	266420224
1781385731	snap	2200	otelcol	otelcol-sb-esrev1-ctr-64dpb	otelcol_receiver_refused_spans	0
1781385731	snap	2200	otelcol	otelcol-sb-esrev1-ctr-64dpb	otelcol_receiver_failed_spans	0
1781385731	snap	2200	otelcol	otelcol-sb-esrev1-ctr-64dpb	otelcol_receiver_accepted_spans	261627
1781385731	snap	2200	otelcol	otelcol-sb-esrev1-ctr-64dpb	otelcol_processor_incoming_items	261627
1781385731	snap	2200	otelcol	otelcol-sb-esrev1-ctr-64dpb	otelcol_process_cpu_seconds	7
1781385731	snap	2200	otelcol	otelcol-sb-esrev1-ctr-64dpb	otelcol_exporter_queue_capacity	1001
1781385731	snap	2200	otelcol	otelcol-sb-esrev1-ctr-64dpb	otelcol_processor_outgoing_items	261627
1781385731	snap	2200	otelcol	otelcol-sb-esrev1-ctr-64dpb	otelcol_processor_batch_batch_send_size_sum	261627
1781385731	snap	2200	otelcol	otelcol-sb-esrev1-ctr-64dpb	otelcol_process_uptime	337
1781385731	snap	2200	otelcol	otelcol-sb-esrev1-ctr-64dpb	otelcol_process_runtime_total_sys_memory_bytes	131229976
1781385731	snap	2200	otelcol	otelcol-sb-esrev1-ctr-64dpb	otelcol_exporter_sent_spans	88914
1781385731	snap	2200	otelcol	otelcol-sb-esrev1-ctr-lmnfn	otelcol_processor_batch_timeout_trigger_send	1145
1781385731	snap	2200	otelcol	otelcol-sb-esrev1-ctr-lmnfn	otelcol_processor_batch_batch_send_size_sum	644152
1781385731	snap	2200	otelcol	otelcol-sb-esrev1-ctr-lmnfn	otelcol_process_runtime_total_alloc_bytes	673841168
1781385731	snap	2200	otelcol	otelcol-sb-esrev1-ctr-lmnfn	otelcol_process_runtime_heap_alloc_bytes	119377704
1781385731	snap	2200	otelcol	otelcol-sb-esrev1-ctr-lmnfn	otelcol_exporter_queue_batch_send_size_sum	644152
1781385731	snap	2200	otelcol	otelcol-sb-esrev1-ctr-lmnfn	otelcol_process_uptime	337
1781385731	snap	2200	otelcol	otelcol-sb-esrev1-ctr-lmnfn	otelcol_process_cpu_seconds	17
1781385731	snap	2200	otelcol	otelcol-sb-esrev1-ctr-lmnfn	otelcol_exporter_send_failed_spans	0
1781385731	snap	2200	otelcol	otelcol-sb-esrev1-ctr-lmnfn	otelcol_exporter_sent_spans	384702
1781385731	snap	2200	otelcol	otelcol-sb-esrev1-ctr-lmnfn	otelcol_receiver_refused_spans	477658
1781385731	snap	2200	otelcol	otelcol-sb-esrev1-ctr-lmnfn	otelcol_processor_incoming_items	1121810
1781385731	snap	2200	otelcol	otelcol-sb-esrev1-ctr-lmnfn	otelcol_receiver_accepted_spans	644152
1781385731	snap	2200	otelcol	otelcol-sb-esrev1-ctr-lmnfn	otelcol_processor_outgoing_items	644152
1781385731	snap	2200	otelcol	otelcol-sb-esrev1-ctr-lmnfn	otelcol_process_runtime_total_sys_memory_bytes	188377400
1781385731	snap	2200	otelcol	otelcol-sb-esrev1-ctr-lmnfn	otelcol_process_memory_rss	322580480
1781385731	snap	2200	otelcol	otelcol-sb-esrev1-ctr-lmnfn	otelcol_receiver_failed_spans	0
1781385731	snap	2200	otelcol	otelcol-sb-esrev1-ctr-lmnfn	otelcol_processor_batch_metadata_cardinality	1
1781385731	snap	2200	otelcol	otelcol-sb-esrev1-ctr-lmnfn	otelcol_exporter_queue_size	315
1781385731	snap	2200	otelcol	otelcol-sb-esrev1-ctr-lmnfn	otelcol_exporter_queue_capacity	1001
1781385731	snap	2200	k8s	otelcol-sb-esrev1-ctr-5hn7z	restart_count	0
1781385731	snap	2200	k8s	otelcol-sb-esrev1-ctr-64dpb	restart_count	0
1781385731	snap	2200	k8s	otelcol-sb-esrev1-ctr-9j7x7	restart_count	0
1781385731	snap	2200	k8s	otelcol-sb-esrev1-ctr-jjcwc	restart_count	0
1781385731	snap	2200	k8s	otelcol-sb-esrev1-ctr-lmnfn	restart_count	0
1781385731	snap	2200	k8s	otelcol-sb-esrev1-ctr-m57hx	restart_count	0
1781385731	snap	2200	k8s	otelcol-sb-esrev1-ctr-qd64d	restart_count	0
1781385731	snap	2200	k8s	otelcol-sb-esrev1-ctr-rbg9n	restart_count	0
1781385731	snap	2200	k8s	otelcol-sb-esrev1-ctr-w5r65	restart_count	0
1781385731	snap	2200	sdk	wrk2api	spans_received	600435
1781385731	snap	2200	sdk	wrk2api	spans_sent	437281
1781385731	snap	2200	sdk	wrk2api	spans_dropped	0
1781385731	snap	2200	sdk	wrk2api	spans_flushed	600435
1781385731	snap	2200	sdk	wrk2api	batches_sent	4160
1781385731	snap	2200	sdk	wrk2api	batches_dropped	0
1781385731	snap	2200	sdk	wrk2api	send_unavailable	0
1781385731	snap	2200	sdk	wrk2api	send_deadline	0
1781385731	snap	2200	sdk	wrk2api	send_exhausted	0
1781385731	snap	2200	sdk	wrk2api	send_canceled	0
1781385731	snap	2200	sdk	wrk2api	send_other	0
1781385731	snap	2200	sdk	wrk2api	buffer_depth	0
0
1781385731	snap	2200	sdk	wrk2api	cp_received	300213
1781385731	snap	2200	sdk	wrk2api	lp_received	300222
1781385731	snap	2200	sdk	wrk2api	cp_sent	261782
1781385731	snap	2200	sdk	wrk2api	lp_sent	175499
1781385731	snap	2200	sdk	wrk2api	cp_dropped	0
1781385731	snap	2200	sdk	wrk2api	lp_dropped	0
1781385731	snap	2200	sdk	composepost	spans_received	2093079
1781385731	snap	2200	sdk	composepost	spans_sent	905434
1781385731	snap	2200	sdk	composepost	spans_dropped	1187645
1781385731	snap	2200	sdk	composepost	spans_flushed	2093079
1781385731	snap	2200	sdk	composepost	batches_sent	12053
1781385731	snap	2200	sdk	composepost	batches_dropped	5509
1781385731	snap	2200	sdk	composepost	send_unavailable	5509
1781385731	snap	2200	sdk	composepost	send_deadline	0
1781385731	snap	2200	sdk	composepost	send_exhausted	0
1781385731	snap	2200	sdk	composepost	send_canceled	0
1781385731	snap	2200	sdk	composepost	send_other	0
1781385731	snap	2200	sdk	composepost	buffer_depth	0
0
1781385731	snap	2200	sdk	composepost	cp_received	1831443
1781385731	snap	2200	sdk	composepost	lp_received	261636
1781385731	snap	2200	sdk	composepost	cp_sent	836185
1781385731	snap	2200	sdk	composepost	lp_sent	69249
1781385731	snap	2200	sdk	composepost	cp_dropped	995258
1781385731	snap	2200	sdk	composepost	lp_dropped	192387
1781385731	snap	2200	sdk	hometimeline	spans_received	523254
1781385731	snap	2200	sdk	hometimeline	spans_sent	138442
1781385731	snap	2200	sdk	hometimeline	spans_dropped	384812
1781385731	snap	2200	sdk	hometimeline	spans_flushed	523254
1781385731	snap	2200	sdk	hometimeline	batches_sent	2574
1781385731	snap	2200	sdk	hometimeline	batches_dropped	1816
1781385731	snap	2200	sdk	hometimeline	send_unavailable	1816
1781385731	snap	2200	sdk	hometimeline	send_deadline	0
1781385731	snap	2200	sdk	hometimeline	send_exhausted	0
1781385731	snap	2200	sdk	hometimeline	send_canceled	0
1781385731	snap	2200	sdk	hometimeline	send_other	0
1781385731	snap	2200	sdk	hometimeline	buffer_depth	0
0
1781385731	snap	2200	sdk	hometimeline	cp_received	0
1781385731	snap	2200	sdk	hometimeline	lp_received	523254
1781385731	snap	2200	sdk	hometimeline	cp_sent	0
1781385731	snap	2200	sdk	hometimeline	lp_sent	138442
1781385731	snap	2200	sdk	hometimeline	cp_dropped	0
1781385731	snap	2200	sdk	hometimeline	lp_dropped	384812
1781385731	snap	2200	sdk	media	spans_received	261636
1781385731	snap	2200	sdk	media	spans_sent	209717
1781385731	snap	2200	sdk	media	spans_dropped	51919
1781385731	snap	2200	sdk	media	spans_flushed	261636
1781385731	snap	2200	sdk	media	batches_sent	1958
1781385731	snap	2200	sdk	media	batches_dropped	236
1781385731	snap	2200	sdk	media	send_unavailable	236
1781385731	snap	2200	sdk	media	send_deadline	0
1781385731	snap	2200	sdk	media	send_exhausted	0
1781385731	snap	2200	sdk	media	send_canceled	0
1781385731	snap	2200	sdk	media	send_other	0
1781385731	snap	2200	sdk	media	buffer_depth	0
0
1781385731	snap	2200	sdk	media	cp_received	261636
1781385731	snap	2200	sdk	media	lp_received	0
1781385731	snap	2200	sdk	media	cp_sent	209717
1781385731	snap	2200	sdk	media	lp_sent	0
1781385731	snap	2200	sdk	media	cp_dropped	51919
1781385731	snap	2200	sdk	media	lp_dropped	0
1781385731	snap	2200	sdk	post-storage	spans_received	261627
1781385731	snap	2200	sdk	post-storage	spans_sent	261627
1781385731	snap	2200	sdk	post-storage	spans_dropped	0
1781385731	snap	2200	sdk	post-storage	spans_flushed	261627
1781385731	snap	2200	sdk	post-storage	batches_sent	2194
1781385731	snap	2200	sdk	post-storage	batches_dropped	0
1781385731	snap	2200	sdk	post-storage	send_unavailable	0
1781385731	snap	2200	sdk	post-storage	send_deadline	0
1781385731	snap	2200	sdk	post-storage	send_exhausted	0
1781385731	snap	2200	sdk	post-storage	send_canceled	0
1781385731	snap	2200	sdk	post-storage	send_other	0
1781385731	snap	2200	sdk	post-storage	buffer_depth	0
0
1781385731	snap	2200	sdk	post-storage	cp_received	261627
1781385731	snap	2200	sdk	post-storage	lp_received	0
1781385731	snap	2200	sdk	post-storage	cp_sent	261627
1781385731	snap	2200	sdk	post-storage	lp_sent	0
1781385731	snap	2200	sdk	post-storage	cp_dropped	0
1781385731	snap	2200	sdk	post-storage	lp_dropped	0
1781385731	snap	2200	sdk	socialgraph	spans_received	375461
1781385731	snap	2200	sdk	socialgraph	spans_sent	372297
1781385731	snap	2200	sdk	socialgraph	spans_dropped	3164
1781385731	snap	2200	sdk	socialgraph	spans_flushed	375461
1781385731	snap	2200	sdk	socialgraph	batches_sent	2689
1781385731	snap	2200	sdk	socialgraph	batches_dropped	16
1781385731	snap	2200	sdk	socialgraph	send_unavailable	16
1781385731	snap	2200	sdk	socialgraph	send_deadline	0
1781385731	snap	2200	sdk	socialgraph	send_exhausted	0
1781385731	snap	2200	sdk	socialgraph	send_canceled	0
1781385731	snap	2200	sdk	socialgraph	send_other	0
1781385731	snap	2200	sdk	socialgraph	buffer_depth	0
0
1781385731	snap	2200	sdk	socialgraph	cp_received	337837
1781385731	snap	2200	sdk	socialgraph	lp_received	37624
1781385731	snap	2200	sdk	socialgraph	cp_sent	337837
1781385731	snap	2200	sdk	socialgraph	lp_sent	34460
1781385731	snap	2200	sdk	socialgraph	cp_dropped	0
1781385731	snap	2200	sdk	socialgraph	lp_dropped	3164
1781385731	snap	2200	sdk	text	spans_received	784926
1781385731	snap	2200	sdk	text	spans_sent	359187
1781385731	snap	2200	sdk	text	spans_dropped	425739
1781385731	snap	2200	sdk	text	spans_flushed	784926
1781385731	snap	2200	sdk	text	batches_sent	4632
1781385731	snap	2200	sdk	text	batches_dropped	1953
1781385731	snap	2200	sdk	text	send_unavailable	1953
1781385731	snap	2200	sdk	text	send_deadline	0
1781385731	snap	2200	sdk	text	send_exhausted	0
1781385731	snap	2200	sdk	text	send_canceled	0
1781385731	snap	2200	sdk	text	send_other	0
1781385731	snap	2200	sdk	text	buffer_depth	0
0
1781385731	snap	2200	sdk	text	cp_received	0
1781385731	snap	2200	sdk	text	lp_received	784926
1781385731	snap	2200	sdk	text	cp_sent	0
1781385731	snap	2200	sdk	text	lp_sent	359187
1781385731	snap	2200	sdk	text	cp_dropped	0
1781385731	snap	2200	sdk	text	lp_dropped	425739
1781385731	snap	2200	sdk	uniqueid	spans_received	261636
1781385731	snap	2200	sdk	uniqueid	spans_sent	226199
1781385731	snap	2200	sdk	uniqueid	spans_dropped	35437
1781385731	snap	2200	sdk	uniqueid	spans_flushed	261636
1781385731	snap	2200	sdk	uniqueid	batches_sent	2033
1781385731	snap	2200	sdk	uniqueid	batches_dropped	161
1781385731	snap	2200	sdk	uniqueid	send_unavailable	161
1781385731	snap	2200	sdk	uniqueid	send_deadline	0
1781385731	snap	2200	sdk	uniqueid	send_exhausted	0
1781385731	snap	2200	sdk	uniqueid	send_canceled	0
1781385731	snap	2200	sdk	uniqueid	send_other	0
1781385731	snap	2200	sdk	uniqueid	buffer_depth	0
0
1781385731	snap	2200	sdk	uniqueid	cp_received	261636
1781385731	snap	2200	sdk	uniqueid	lp_received	0
1781385731	snap	2200	sdk	uniqueid	cp_sent	226199
1781385731	snap	2200	sdk	uniqueid	lp_sent	0
1781385731	snap	2200	sdk	uniqueid	cp_dropped	35437
1781385731	snap	2200	sdk	uniqueid	lp_dropped	0
1781385731	snap	2200	sdk	urlshorten	spans_received	261636
1781385731	snap	2200	sdk	urlshorten	spans_sent	261636
1781385731	snap	2200	sdk	urlshorten	spans_dropped	0
1781385731	snap	2200	sdk	urlshorten	spans_flushed	261636
1781385731	snap	2200	sdk	urlshorten	batches_sent	2194
1781385731	snap	2200	sdk	urlshorten	batches_dropped	0
1781385731	snap	2200	sdk	urlshorten	send_unavailable	0
1781385731	snap	2200	sdk	urlshorten	send_deadline	0
1781385731	snap	2200	sdk	urlshorten	send_exhausted	0
1781385731	snap	2200	sdk	urlshorten	send_canceled	0
1781385731	snap	2200	sdk	urlshorten	send_other	0
1781385731	snap	2200	sdk	urlshorten	buffer_depth	0
0
1781385731	snap	2200	sdk	urlshorten	cp_received	261636
1781385731	snap	2200	sdk	urlshorten	lp_received	0
1781385731	snap	2200	sdk	urlshorten	cp_sent	261636
1781385731	snap	2200	sdk	urlshorten	lp_sent	0
1781385731	snap	2200	sdk	urlshorten	cp_dropped	0
1781385731	snap	2200	sdk	urlshorten	lp_dropped	0
1781385731	snap	2200	sdk	user	spans_received	263560
1781385731	snap	2200	sdk	user	spans_sent	162754
1781385731	snap	2200	sdk	user	spans_dropped	100806
1781385731	snap	2200	sdk	user	spans_flushed	263560
1781385731	snap	2200	sdk	user	batches_sent	1746
1781385731	snap	2200	sdk	user	batches_dropped	458
1781385731	snap	2200	sdk	user	send_unavailable	458
1781385731	snap	2200	sdk	user	send_deadline	0
1781385731	snap	2200	sdk	user	send_exhausted	0
1781385731	snap	2200	sdk	user	send_canceled	0
1781385731	snap	2200	sdk	user	send_other	0
1781385731	snap	2200	sdk	user	buffer_depth	0
0
1781385731	snap	2200	sdk	user	cp_received	262598
1781385731	snap	2200	sdk	user	lp_received	962
1781385731	snap	2200	sdk	user	cp_sent	161792
1781385731	snap	2200	sdk	user	lp_sent	962
1781385731	snap	2200	sdk	user	cp_dropped	100806
1781385731	snap	2200	sdk	user	lp_dropped	0
1781385731	snap	2200	sdk	userid	spans_received	75248
1781385731	snap	2200	sdk	userid	spans_sent	75248
1781385731	snap	2200	sdk	userid	spans_dropped	0
1781385731	snap	2200	sdk	userid	spans_flushed	75248
1781385731	snap	2200	sdk	userid	batches_sent	250
1781385731	snap	2200	sdk	userid	batches_dropped	0
1781385731	snap	2200	sdk	userid	send_unavailable	0
1781385731	snap	2200	sdk	userid	send_deadline	0
1781385731	snap	2200	sdk	userid	send_exhausted	0
1781385731	snap	2200	sdk	userid	send_canceled	0
1781385731	snap	2200	sdk	userid	send_other	0
1781385731	snap	2200	sdk	userid	buffer_depth	0
0
1781385731	snap	2200	sdk	userid	cp_received	75248
1781385731	snap	2200	sdk	userid	lp_received	0
1781385731	snap	2200	sdk	userid	cp_sent	75248
1781385731	snap	2200	sdk	userid	lp_sent	0
1781385731	snap	2200	sdk	userid	cp_dropped	0
1781385731	snap	2200	sdk	userid	lp_dropped	0
1781385731	snap	2200	sdk	usermention	spans_received	261636
1781385731	snap	2200	sdk	usermention	spans_sent	226592
1781385731	snap	2200	sdk	usermention	spans_dropped	35044
1781385731	snap	2200	sdk	usermention	spans_flushed	261636
1781385731	snap	2200	sdk	usermention	batches_sent	2036
1781385731	snap	2200	sdk	usermention	batches_dropped	159
1781385731	snap	2200	sdk	usermention	send_unavailable	159
1781385731	snap	2200	sdk	usermention	send_deadline	0
1781385731	snap	2200	sdk	usermention	send_exhausted	0
1781385731	snap	2200	sdk	usermention	send_canceled	0
1781385731	snap	2200	sdk	usermention	send_other	0
1781385731	snap	2200	sdk	usermention	buffer_depth	0
0
1781385731	snap	2200	sdk	usermention	cp_received	261636
1781385731	snap	2200	sdk	usermention	lp_received	0
1781385731	snap	2200	sdk	usermention	cp_sent	226592
1781385731	snap	2200	sdk	usermention	lp_sent	0
1781385731	snap	2200	sdk	usermention	cp_dropped	35044
1781385731	snap	2200	sdk	usermention	lp_dropped	0
1781385731	snap	2200	sdk	usertimeline	spans_received	261627
1781385731	snap	2200	sdk	usertimeline	spans_sent	261627
1781385731	snap	2200	sdk	usertimeline	spans_dropped	0
1781385731	snap	2200	sdk	usertimeline	spans_flushed	261627
1781385731	snap	2200	sdk	usertimeline	batches_sent	2194
1781385731	snap	2200	sdk	usertimeline	batches_dropped	0
1781385731	snap	2200	sdk	usertimeline	send_unavailable	0
1781385731	snap	2200	sdk	usertimeline	send_deadline	0
1781385731	snap	2200	sdk	usertimeline	send_exhausted	0
1781385731	snap	2200	sdk	usertimeline	send_canceled	0
1781385731	snap	2200	sdk	usertimeline	send_other	0
1781385731	snap	2200	sdk	usertimeline	buffer_depth	0
0
1781385731	snap	2200	sdk	usertimeline	cp_received	261627
1781385731	snap	2200	sdk	usertimeline	lp_received	0
1781385731	snap	2200	sdk	usertimeline	cp_sent	261627
1781385731	snap	2200	sdk	usertimeline	lp_sent	0
1781385731	snap	2200	sdk	usertimeline	cp_dropped	0
1781385731	snap	2200	sdk	usertimeline	lp_dropped	0
1781385738	snap	2400	otelcol	otelcol-sb-esrev1-ctr-w5r65	otelcol_processor_incoming_items	375461
1781385738	snap	2400	otelcol	otelcol-sb-esrev1-ctr-w5r65	otelcol_processor_batch_batch_send_size_sum	372297
1781385738	snap	2400	otelcol	otelcol-sb-esrev1-ctr-w5r65	otelcol_processor_outgoing_items	372297
1781385738	snap	2400	otelcol	otelcol-sb-esrev1-ctr-w5r65	otelcol_processor_batch_metadata_cardinality	1
1781385738	snap	2400	otelcol	otelcol-sb-esrev1-ctr-w5r65	otelcol_process_cpu_seconds	9
1781385738	snap	2400	otelcol	otelcol-sb-esrev1-ctr-w5r65	otelcol_processor_batch_timeout_trigger_send	1260
1781385738	snap	2400	otelcol	otelcol-sb-esrev1-ctr-w5r65	otelcol_receiver_refused_spans	3164
1781385738	snap	2400	otelcol	otelcol-sb-esrev1-ctr-w5r65	otelcol_process_runtime_total_sys_memory_bytes	127162664
1781385738	snap	2400	otelcol	otelcol-sb-esrev1-ctr-w5r65	otelcol_exporter_sent_spans	194383
1781385738	snap	2400	otelcol	otelcol-sb-esrev1-ctr-w5r65	otelcol_exporter_queue_size	414
1781385738	snap	2400	otelcol	otelcol-sb-esrev1-ctr-w5r65	otelcol_receiver_accepted_spans	372297
1781385738	snap	2400	otelcol	otelcol-sb-esrev1-ctr-w5r65	otelcol_process_uptime	346
1781385738	snap	2400	otelcol	otelcol-sb-esrev1-ctr-w5r65	otelcol_process_runtime_total_alloc_bytes	277555256
1781385738	snap	2400	otelcol	otelcol-sb-esrev1-ctr-w5r65	otelcol_process_runtime_heap_alloc_bytes	99215728
1781385738	snap	2400	otelcol	otelcol-sb-esrev1-ctr-w5r65	otelcol_exporter_send_failed_spans	0
1781385738	snap	2400	otelcol	otelcol-sb-esrev1-ctr-w5r65	otelcol_exporter_queue_batch_send_size_sum	372297
1781385738	snap	2400	otelcol	otelcol-sb-esrev1-ctr-w5r65	otelcol_receiver_failed_spans	0
1781385738	snap	2400	otelcol	otelcol-sb-esrev1-ctr-w5r65	otelcol_exporter_queue_capacity	1001
1781385738	snap	2400	otelcol	otelcol-sb-esrev1-ctr-w5r65	otelcol_process_memory_rss	266854400
1781385738	snap	2400	otelcol	otelcol-sb-esrev1-ctr-5hn7z	otelcol_processor_batch_metadata_cardinality	1
1781385738	snap	2400	otelcol	otelcol-sb-esrev1-ctr-5hn7z	otelcol_exporter_queue_capacity	1001
1781385738	snap	2400	otelcol	otelcol-sb-esrev1-ctr-5hn7z	otelcol_exporter_queue_batch_send_size_sum	261627
1781385738	snap	2400	otelcol	otelcol-sb-esrev1-ctr-5hn7z	otelcol_exporter_send_failed_spans	0
1781385738	snap	2400	otelcol	otelcol-sb-esrev1-ctr-5hn7z	otelcol_processor_batch_batch_send_size_sum	261627
1781385738	snap	2400	otelcol	otelcol-sb-esrev1-ctr-5hn7z	otelcol_processor_batch_timeout_trigger_send	1094
1781385738	snap	2400	otelcol	otelcol-sb-esrev1-ctr-5hn7z	otelcol_process_cpu_seconds	8
1781385738	snap	2400	otelcol	otelcol-sb-esrev1-ctr-5hn7z	otelcol_process_uptime	345
1781385738	snap	2400	otelcol	otelcol-sb-esrev1-ctr-5hn7z	otelcol_exporter_sent_spans	89714
1781385738	snap	2400	otelcol	otelcol-sb-esrev1-ctr-5hn7z	otelcol_receiver_failed_spans	0
1781385738	snap	2400	otelcol	otelcol-sb-esrev1-ctr-5hn7z	otelcol_process_runtime_total_sys_memory_bytes	132589848
1781385738	snap	2400	otelcol	otelcol-sb-esrev1-ctr-5hn7z	otelcol_receiver_refused_spans	0
1781385738	snap	2400	otelcol	otelcol-sb-esrev1-ctr-5hn7z	otelcol_process_memory_rss	269250560
1781385738	snap	2400	otelcol	otelcol-sb-esrev1-ctr-5hn7z	otelcol_processor_incoming_items	261627
1781385738	snap	2400	otelcol	otelcol-sb-esrev1-ctr-5hn7z	otelcol_process_runtime_total_alloc_bytes	205910568
1781385738	snap	2400	otelcol	otelcol-sb-esrev1-ctr-5hn7z	otelcol_process_runtime_heap_alloc_bytes	103789952
1781385738	snap	2400	otelcol	otelcol-sb-esrev1-ctr-5hn7z	otelcol_receiver_accepted_spans	261627
1781385738	snap	2400	otelcol	otelcol-sb-esrev1-ctr-5hn7z	otelcol_processor_outgoing_items	261627
1781385738	snap	2400	otelcol	otelcol-sb-esrev1-ctr-5hn7z	otelcol_exporter_queue_size	399
1781385738	snap	2400	otelcol	otelcol-sb-esrev1-ctr-m57hx	otelcol_process_memory_rss	177012736
1781385738	snap	2400	otelcol	otelcol-sb-esrev1-ctr-m57hx	otelcol_process_runtime_total_sys_memory_bytes	48269592
1781385738	snap	2400	otelcol	otelcol-sb-esrev1-ctr-m57hx	otelcol_exporter_queue_size	0
1781385738	snap	2400	otelcol	otelcol-sb-esrev1-ctr-m57hx	otelcol_exporter_queue_capacity	1001
1781385738	snap	2400	otelcol	otelcol-sb-esrev1-ctr-m57hx	otelcol_process_runtime_total_alloc_bytes	38268560
1781385738	snap	2400	otelcol	otelcol-sb-esrev1-ctr-m57hx	otelcol_process_uptime	343
1781385738	snap	2400	otelcol	otelcol-sb-esrev1-ctr-m57hx	otelcol_process_cpu_seconds	3
1781385738	snap	2400	otelcol	otelcol-sb-esrev1-ctr-m57hx	otelcol_processor_batch_metadata_cardinality	1
1781385738	snap	2400	otelcol	otelcol-sb-esrev1-ctr-m57hx	otelcol_process_runtime_heap_alloc_bytes	19456696
1781385738	snap	2400	otelcol	otelcol-sb-esrev1-ctr-9j7x7	otelcol_process_cpu_seconds	40
1781385738	snap	2400	otelcol	otelcol-sb-esrev1-ctr-9j7x7	otelcol_exporter_send_failed_spans	0
1781385738	snap	2400	otelcol	otelcol-sb-esrev1-ctr-9j7x7	otelcol_processor_incoming_items	4419401
1781385738	snap	2400	otelcol	otelcol-sb-esrev1-ctr-9j7x7	otelcol_process_memory_rss	319901696
1781385738	snap	2400	otelcol	otelcol-sb-esrev1-ctr-9j7x7	otelcol_exporter_sent_spans	342800
1781385738	snap	2400	otelcol	otelcol-sb-esrev1-ctr-9j7x7	otelcol_exporter_queue_batch_send_size_sum	600468
1781385738	snap	2400	otelcol	otelcol-sb-esrev1-ctr-9j7x7	otelcol_processor_outgoing_items	600468
1781385738	snap	2400	otelcol	otelcol-sb-esrev1-ctr-9j7x7	otelcol_processor_batch_batch_send_size_sum	600468
1781385738	snap	2400	otelcol	otelcol-sb-esrev1-ctr-9j7x7	otelcol_process_runtime_heap_alloc_bytes	129755640
1781385738	snap	2400	otelcol	otelcol-sb-esrev1-ctr-9j7x7	otelcol_process_runtime_total_sys_memory_bytes	212654376
1781385738	snap	2400	otelcol	otelcol-sb-esrev1-ctr-9j7x7	otelcol_receiver_refused_spans	3818933
1781385738	snap	2400	otelcol	otelcol-sb-esrev1-ctr-9j7x7	otelcol_processor_batch_metadata_cardinality	1
1781385738	snap	2400	otelcol	otelcol-sb-esrev1-ctr-9j7x7	otelcol_receiver_failed_spans	0
1781385738	snap	2400	otelcol	otelcol-sb-esrev1-ctr-9j7x7	otelcol_processor_batch_timeout_trigger_send	1065
1781385738	snap	2400	otelcol	otelcol-sb-esrev1-ctr-9j7x7	otelcol_exporter_queue_size	205
1781385738	snap	2400	otelcol	otelcol-sb-esrev1-ctr-9j7x7	otelcol_receiver_accepted_spans	600468
1781385738	snap	2400	otelcol	otelcol-sb-esrev1-ctr-9j7x7	otelcol_process_uptime	344
1781385738	snap	2400	otelcol	otelcol-sb-esrev1-ctr-9j7x7	otelcol_process_runtime_total_alloc_bytes	2365904736
1781385738	snap	2400	otelcol	otelcol-sb-esrev1-ctr-9j7x7	otelcol_exporter_queue_capacity	1001
1781385738	snap	2400	otelcol	otelcol-sb-esrev1-ctr-rbg9n	otelcol_exporter_queue_capacity	1001
1781385738	snap	2400	otelcol	otelcol-sb-esrev1-ctr-rbg9n	otelcol_process_cpu_seconds	41
1781385738	snap	2400	otelcol	otelcol-sb-esrev1-ctr-rbg9n	otelcol_exporter_send_failed_spans	0
1781385738	snap	2400	otelcol	otelcol-sb-esrev1-ctr-rbg9n	otelcol_receiver_refused_spans	1572457
1781385738	snap	2400	otelcol	otelcol-sb-esrev1-ctr-rbg9n	otelcol_process_runtime_total_alloc_bytes	2021801960
1781385738	snap	2400	otelcol	otelcol-sb-esrev1-ctr-rbg9n	otelcol_process_memory_rss	325898240
1781385738	snap	2400	otelcol	otelcol-sb-esrev1-ctr-rbg9n	otelcol_processor_batch_metadata_cardinality	1
1781385738	snap	2400	otelcol	otelcol-sb-esrev1-ctr-rbg9n	otelcol_processor_batch_timeout_trigger_send	786
1781385738	snap	2400	otelcol	otelcol-sb-esrev1-ctr-rbg9n	otelcol_receiver_failed_spans	0
1781385738	snap	2400	otelcol	otelcol-sb-esrev1-ctr-rbg9n	otelcol_process_runtime_heap_alloc_bytes	142744088
1781385738	snap	2400	otelcol	otelcol-sb-esrev1-ctr-rbg9n	otelcol_exporter_sent_spans	783612
1781385738	snap	2400	otelcol	otelcol-sb-esrev1-ctr-rbg9n	otelcol_processor_incoming_items	2616333
1781385738	snap	2400	otelcol	otelcol-sb-esrev1-ctr-rbg9n	otelcol_processor_outgoing_items	1043876
1781385738	snap	2400	otelcol	otelcol-sb-esrev1-ctr-rbg9n	otelcol_receiver_accepted_spans	1043876
1781385738	snap	2400	otelcol	otelcol-sb-esrev1-ctr-rbg9n	otelcol_processor_batch_batch_send_size_sum	1043876
1781385738	snap	2400	otelcol	otelcol-sb-esrev1-ctr-rbg9n	otelcol_process_uptime	343
1781385738	snap	2400	otelcol	otelcol-sb-esrev1-ctr-rbg9n	otelcol_exporter_queue_size	107
1781385738	snap	2400	otelcol	otelcol-sb-esrev1-ctr-rbg9n	otelcol_exporter_queue_batch_send_size_sum	1043876
1781385738	snap	2400	otelcol	otelcol-sb-esrev1-ctr-rbg9n	otelcol_process_runtime_total_sys_memory_bytes	211806520
1781385738	snap	2400	otelcol	otelcol-sb-esrev1-ctr-qd64d	otelcol_receiver_accepted_spans	452791
1781385738	snap	2400	otelcol	otelcol-sb-esrev1-ctr-qd64d	otelcol_process_runtime_total_sys_memory_bytes	188303672
1781385738	snap	2400	otelcol	otelcol-sb-esrev1-ctr-qd64d	otelcol_processor_incoming_items	523272
1781385738	snap	2400	otelcol	otelcol-sb-esrev1-ctr-qd64d	otelcol_process_uptime	345
1781385738	snap	2400	otelcol	otelcol-sb-esrev1-ctr-qd64d	otelcol_exporter_send_failed_spans	0
1781385738	snap	2400	otelcol	otelcol-sb-esrev1-ctr-qd64d	otelcol_exporter_queue_capacity	1001
1781385738	snap	2400	otelcol	otelcol-sb-esrev1-ctr-qd64d	otelcol_processor_outgoing_items	452791
1781385738	snap	2400	otelcol	otelcol-sb-esrev1-ctr-qd64d	otelcol_exporter_queue_size	325
1781385738	snap	2400	otelcol	otelcol-sb-esrev1-ctr-qd64d	otelcol_processor_batch_metadata_cardinality	1
1781385738	snap	2400	otelcol	otelcol-sb-esrev1-ctr-qd64d	otelcol_processor_batch_timeout_trigger_send	1017
1781385738	snap	2400	otelcol	otelcol-sb-esrev1-ctr-qd64d	otelcol_process_runtime_heap_alloc_bytes	133304704
1781385738	snap	2400	otelcol	otelcol-sb-esrev1-ctr-qd64d	otelcol_processor_batch_batch_send_size_sum	452791
1781385738	snap	2400	otelcol	otelcol-sb-esrev1-ctr-qd64d	otelcol_process_memory_rss	322326528
1781385738	snap	2400	otelcol	otelcol-sb-esrev1-ctr-qd64d	otelcol_receiver_refused_spans	70481
1781385738	snap	2400	otelcol	otelcol-sb-esrev1-ctr-qd64d	otelcol_process_cpu_seconds	12
1781385738	snap	2400	otelcol	otelcol-sb-esrev1-ctr-qd64d	otelcol_exporter_queue_batch_send_size_sum	452791
1781385738	snap	2400	otelcol	otelcol-sb-esrev1-ctr-qd64d	otelcol_receiver_failed_spans	0
1781385738	snap	2400	otelcol	otelcol-sb-esrev1-ctr-qd64d	otelcol_exporter_sent_spans	175990
1781385738	snap	2400	otelcol	otelcol-sb-esrev1-ctr-qd64d	otelcol_process_runtime_total_alloc_bytes	369157360
1781385738	snap	2400	otelcol	otelcol-sb-esrev1-ctr-jjcwc	otelcol_process_runtime_total_alloc_bytes	213843376
1781385738	snap	2400	otelcol	otelcol-sb-esrev1-ctr-jjcwc	otelcol_process_runtime_heap_alloc_bytes	107225720
1781385738	snap	2400	otelcol	otelcol-sb-esrev1-ctr-jjcwc	otelcol_receiver_failed_spans	0
1781385738	snap	2400	otelcol	otelcol-sb-esrev1-ctr-jjcwc	otelcol_process_memory_rss	269438976
1781385738	snap	2400	otelcol	otelcol-sb-esrev1-ctr-jjcwc	otelcol_exporter_queue_size	402
1781385738	snap	2400	otelcol	otelcol-sb-esrev1-ctr-jjcwc	otelcol_receiver_accepted_spans	261636
1781385738	snap	2400	otelcol	otelcol-sb-esrev1-ctr-jjcwc	otelcol_processor_incoming_items	261636
1781385738	snap	2400	otelcol	otelcol-sb-esrev1-ctr-jjcwc	otelcol_processor_batch_metadata_cardinality	1
1781385738	snap	2400	otelcol	otelcol-sb-esrev1-ctr-jjcwc	otelcol_exporter_queue_capacity	1001
1781385738	snap	2400	otelcol	otelcol-sb-esrev1-ctr-jjcwc	otelcol_processor_outgoing_items	261636
1781385738	snap	2400	otelcol	otelcol-sb-esrev1-ctr-jjcwc	otelcol_processor_batch_timeout_trigger_send	1095
1781385738	snap	2400	otelcol	otelcol-sb-esrev1-ctr-jjcwc	otelcol_process_runtime_total_sys_memory_bytes	136329512
1781385738	snap	2400	otelcol	otelcol-sb-esrev1-ctr-jjcwc	otelcol_receiver_refused_spans	0
1781385738	snap	2400	otelcol	otelcol-sb-esrev1-ctr-jjcwc	otelcol_exporter_send_failed_spans	0
1781385738	snap	2400	otelcol	otelcol-sb-esrev1-ctr-jjcwc	otelcol_exporter_queue_batch_send_size_sum	261636
1781385738	snap	2400	otelcol	otelcol-sb-esrev1-ctr-jjcwc	otelcol_processor_batch_batch_send_size_sum	261636
1781385738	snap	2400	otelcol	otelcol-sb-esrev1-ctr-jjcwc	otelcol_process_cpu_seconds	8
1781385738	snap	2400	otelcol	otelcol-sb-esrev1-ctr-jjcwc	otelcol_process_uptime	345
1781385738	snap	2400	otelcol	otelcol-sb-esrev1-ctr-jjcwc	otelcol_exporter_sent_spans	88667
1781385738	snap	2400	otelcol	otelcol-sb-esrev1-ctr-64dpb	otelcol_exporter_queue_batch_send_size_sum	261627
1781385738	snap	2400	otelcol	otelcol-sb-esrev1-ctr-64dpb	otelcol_exporter_send_failed_spans	0
1781385738	snap	2400	otelcol	otelcol-sb-esrev1-ctr-64dpb	otelcol_exporter_queue_size	399
1781385738	snap	2400	otelcol	otelcol-sb-esrev1-ctr-64dpb	otelcol_process_runtime_total_alloc_bytes	203859504
1781385738	snap	2400	otelcol	otelcol-sb-esrev1-ctr-64dpb	otelcol_processor_batch_metadata_cardinality	1
1781385738	snap	2400	otelcol	otelcol-sb-esrev1-ctr-64dpb	otelcol_process_runtime_heap_alloc_bytes	103074128
1781385738	snap	2400	otelcol	otelcol-sb-esrev1-ctr-64dpb	otelcol_processor_batch_timeout_trigger_send	1093
1781385738	snap	2400	otelcol	otelcol-sb-esrev1-ctr-64dpb	otelcol_process_memory_rss	266862592
1781385738	snap	2400	otelcol	otelcol-sb-esrev1-ctr-64dpb	otelcol_receiver_refused_spans	0
1781385738	snap	2400	otelcol	otelcol-sb-esrev1-ctr-64dpb	otelcol_receiver_failed_spans	0
1781385738	snap	2400	otelcol	otelcol-sb-esrev1-ctr-64dpb	otelcol_receiver_accepted_spans	261627
1781385738	snap	2400	otelcol	otelcol-sb-esrev1-ctr-64dpb	otelcol_processor_incoming_items	261627
1781385738	snap	2400	otelcol	otelcol-sb-esrev1-ctr-64dpb	otelcol_process_cpu_seconds	8
1781385738	snap	2400	otelcol	otelcol-sb-esrev1-ctr-64dpb	otelcol_exporter_queue_capacity	1001
1781385738	snap	2400	otelcol	otelcol-sb-esrev1-ctr-64dpb	otelcol_processor_outgoing_items	261627
1781385738	snap	2400	otelcol	otelcol-sb-esrev1-ctr-64dpb	otelcol_processor_batch_batch_send_size_sum	261627
1781385738	snap	2400	otelcol	otelcol-sb-esrev1-ctr-64dpb	otelcol_process_uptime	344
1781385738	snap	2400	otelcol	otelcol-sb-esrev1-ctr-64dpb	otelcol_process_runtime_total_sys_memory_bytes	131279128
1781385738	snap	2400	otelcol	otelcol-sb-esrev1-ctr-64dpb	otelcol_exporter_sent_spans	89714
1781385738	snap	2400	otelcol	otelcol-sb-esrev1-ctr-lmnfn	otelcol_processor_batch_timeout_trigger_send	1145
1781385738	snap	2400	otelcol	otelcol-sb-esrev1-ctr-lmnfn	otelcol_processor_batch_batch_send_size_sum	644152
1781385738	snap	2400	otelcol	otelcol-sb-esrev1-ctr-lmnfn	otelcol_process_runtime_total_alloc_bytes	675081272
1781385738	snap	2400	otelcol	otelcol-sb-esrev1-ctr-lmnfn	otelcol_process_runtime_heap_alloc_bytes	120617808
1781385738	snap	2400	otelcol	otelcol-sb-esrev1-ctr-lmnfn	otelcol_exporter_queue_batch_send_size_sum	644152
1781385738	snap	2400	otelcol	otelcol-sb-esrev1-ctr-lmnfn	otelcol_process_uptime	344
1781385738	snap	2400	otelcol	otelcol-sb-esrev1-ctr-lmnfn	otelcol_process_cpu_seconds	17
1781385738	snap	2400	otelcol	otelcol-sb-esrev1-ctr-lmnfn	otelcol_exporter_send_failed_spans	0
1781385738	snap	2400	otelcol	otelcol-sb-esrev1-ctr-lmnfn	otelcol_exporter_sent_spans	386302
1781385738	snap	2400	otelcol	otelcol-sb-esrev1-ctr-lmnfn	otelcol_receiver_refused_spans	477658
1781385738	snap	2400	otelcol	otelcol-sb-esrev1-ctr-lmnfn	otelcol_processor_incoming_items	1121810
1781385738	snap	2400	otelcol	otelcol-sb-esrev1-ctr-lmnfn	otelcol_receiver_accepted_spans	644152
1781385738	snap	2400	otelcol	otelcol-sb-esrev1-ctr-lmnfn	otelcol_processor_outgoing_items	644152
1781385738	snap	2400	otelcol	otelcol-sb-esrev1-ctr-lmnfn	otelcol_process_runtime_total_sys_memory_bytes	188377400
1781385738	snap	2400	otelcol	otelcol-sb-esrev1-ctr-lmnfn	otelcol_process_memory_rss	322580480
1781385738	snap	2400	otelcol	otelcol-sb-esrev1-ctr-lmnfn	otelcol_receiver_failed_spans	0
1781385738	snap	2400	otelcol	otelcol-sb-esrev1-ctr-lmnfn	otelcol_processor_batch_metadata_cardinality	1
1781385738	snap	2400	otelcol	otelcol-sb-esrev1-ctr-lmnfn	otelcol_exporter_queue_size	314
1781385738	snap	2400	otelcol	otelcol-sb-esrev1-ctr-lmnfn	otelcol_exporter_queue_capacity	1001
1781385738	snap	2400	k8s	otelcol-sb-esrev1-ctr-5hn7z	restart_count	0
1781385738	snap	2400	k8s	otelcol-sb-esrev1-ctr-64dpb	restart_count	0
1781385738	snap	2400	k8s	otelcol-sb-esrev1-ctr-9j7x7	restart_count	0
1781385738	snap	2400	k8s	otelcol-sb-esrev1-ctr-jjcwc	restart_count	0
1781385738	snap	2400	k8s	otelcol-sb-esrev1-ctr-lmnfn	restart_count	0
1781385738	snap	2400	k8s	otelcol-sb-esrev1-ctr-m57hx	restart_count	0
1781385738	snap	2400	k8s	otelcol-sb-esrev1-ctr-qd64d	restart_count	0
1781385738	snap	2400	k8s	otelcol-sb-esrev1-ctr-rbg9n	restart_count	0
1781385738	snap	2400	k8s	otelcol-sb-esrev1-ctr-w5r65	restart_count	0
1781385738	snap	2400	sdk	wrk2api	spans_received	600435
1781385738	snap	2400	sdk	wrk2api	spans_sent	437281
1781385738	snap	2400	sdk	wrk2api	spans_dropped	0
1781385738	snap	2400	sdk	wrk2api	spans_flushed	600435
1781385738	snap	2400	sdk	wrk2api	batches_sent	4160
1781385738	snap	2400	sdk	wrk2api	batches_dropped	0
1781385738	snap	2400	sdk	wrk2api	send_unavailable	0
1781385738	snap	2400	sdk	wrk2api	send_deadline	0
1781385738	snap	2400	sdk	wrk2api	send_exhausted	0
1781385738	snap	2400	sdk	wrk2api	send_canceled	0
1781385738	snap	2400	sdk	wrk2api	send_other	0
1781385738	snap	2400	sdk	wrk2api	buffer_depth	0
0
1781385738	snap	2400	sdk	wrk2api	cp_received	300213
1781385738	snap	2400	sdk	wrk2api	lp_received	300222
1781385738	snap	2400	sdk	wrk2api	cp_sent	261782
1781385738	snap	2400	sdk	wrk2api	lp_sent	175499
1781385738	snap	2400	sdk	wrk2api	cp_dropped	0
1781385738	snap	2400	sdk	wrk2api	lp_dropped	0
1781385738	snap	2400	sdk	composepost	spans_received	2093079
1781385738	snap	2400	sdk	composepost	spans_sent	905434
1781385738	snap	2400	sdk	composepost	spans_dropped	1187645
1781385738	snap	2400	sdk	composepost	spans_flushed	2093079
1781385738	snap	2400	sdk	composepost	batches_sent	12053
1781385738	snap	2400	sdk	composepost	batches_dropped	5509
1781385738	snap	2400	sdk	composepost	send_unavailable	5509
1781385738	snap	2400	sdk	composepost	send_deadline	0
1781385738	snap	2400	sdk	composepost	send_exhausted	0
1781385738	snap	2400	sdk	composepost	send_canceled	0
1781385738	snap	2400	sdk	composepost	send_other	0
1781385738	snap	2400	sdk	composepost	buffer_depth	0
0
1781385738	snap	2400	sdk	composepost	cp_received	1831443
1781385738	snap	2400	sdk	composepost	lp_received	261636
1781385738	snap	2400	sdk	composepost	cp_sent	836185
1781385738	snap	2400	sdk	composepost	lp_sent	69249
1781385738	snap	2400	sdk	composepost	cp_dropped	995258
1781385738	snap	2400	sdk	composepost	lp_dropped	192387
1781385738	snap	2400	sdk	hometimeline	spans_received	523254
1781385738	snap	2400	sdk	hometimeline	spans_sent	138442
1781385738	snap	2400	sdk	hometimeline	spans_dropped	384812
1781385738	snap	2400	sdk	hometimeline	spans_flushed	523254
1781385738	snap	2400	sdk	hometimeline	batches_sent	2574
1781385738	snap	2400	sdk	hometimeline	batches_dropped	1816
1781385738	snap	2400	sdk	hometimeline	send_unavailable	1816
1781385738	snap	2400	sdk	hometimeline	send_deadline	0
1781385738	snap	2400	sdk	hometimeline	send_exhausted	0
1781385738	snap	2400	sdk	hometimeline	send_canceled	0
1781385738	snap	2400	sdk	hometimeline	send_other	0
1781385738	snap	2400	sdk	hometimeline	buffer_depth	0
0
1781385738	snap	2400	sdk	hometimeline	cp_received	0
1781385738	snap	2400	sdk	hometimeline	lp_received	523254
1781385738	snap	2400	sdk	hometimeline	cp_sent	0
1781385738	snap	2400	sdk	hometimeline	lp_sent	138442
1781385738	snap	2400	sdk	hometimeline	cp_dropped	0
1781385738	snap	2400	sdk	hometimeline	lp_dropped	384812
1781385738	snap	2400	sdk	media	spans_received	261636
1781385738	snap	2400	sdk	media	spans_sent	209717
1781385738	snap	2400	sdk	media	spans_dropped	51919
1781385738	snap	2400	sdk	media	spans_flushed	261636
1781385738	snap	2400	sdk	media	batches_sent	1958
1781385738	snap	2400	sdk	media	batches_dropped	236
1781385738	snap	2400	sdk	media	send_unavailable	236
1781385738	snap	2400	sdk	media	send_deadline	0
1781385738	snap	2400	sdk	media	send_exhausted	0
1781385738	snap	2400	sdk	media	send_canceled	0
1781385738	snap	2400	sdk	media	send_other	0
1781385738	snap	2400	sdk	media	buffer_depth	0
0
1781385738	snap	2400	sdk	media	cp_received	261636
1781385738	snap	2400	sdk	media	lp_received	0
1781385738	snap	2400	sdk	media	cp_sent	209717
1781385738	snap	2400	sdk	media	lp_sent	0
1781385738	snap	2400	sdk	media	cp_dropped	51919
1781385738	snap	2400	sdk	media	lp_dropped	0
1781385738	snap	2400	sdk	post-storage	spans_received	261627
1781385738	snap	2400	sdk	post-storage	spans_sent	261627
1781385738	snap	2400	sdk	post-storage	spans_dropped	0
1781385738	snap	2400	sdk	post-storage	spans_flushed	261627
1781385738	snap	2400	sdk	post-storage	batches_sent	2194
1781385738	snap	2400	sdk	post-storage	batches_dropped	0
1781385738	snap	2400	sdk	post-storage	send_unavailable	0
1781385738	snap	2400	sdk	post-storage	send_deadline	0
1781385738	snap	2400	sdk	post-storage	send_exhausted	0
1781385738	snap	2400	sdk	post-storage	send_canceled	0
1781385738	snap	2400	sdk	post-storage	send_other	0
1781385738	snap	2400	sdk	post-storage	buffer_depth	0
0
1781385738	snap	2400	sdk	post-storage	cp_received	261627
1781385738	snap	2400	sdk	post-storage	lp_received	0
1781385738	snap	2400	sdk	post-storage	cp_sent	261627
1781385738	snap	2400	sdk	post-storage	lp_sent	0
1781385738	snap	2400	sdk	post-storage	cp_dropped	0
1781385738	snap	2400	sdk	post-storage	lp_dropped	0
1781385738	snap	2400	sdk	socialgraph	spans_received	375461
1781385738	snap	2400	sdk	socialgraph	spans_sent	372297
1781385738	snap	2400	sdk	socialgraph	spans_dropped	3164
1781385738	snap	2400	sdk	socialgraph	spans_flushed	375461
1781385738	snap	2400	sdk	socialgraph	batches_sent	2689
1781385738	snap	2400	sdk	socialgraph	batches_dropped	16
1781385738	snap	2400	sdk	socialgraph	send_unavailable	16
1781385738	snap	2400	sdk	socialgraph	send_deadline	0
1781385738	snap	2400	sdk	socialgraph	send_exhausted	0
1781385738	snap	2400	sdk	socialgraph	send_canceled	0
1781385738	snap	2400	sdk	socialgraph	send_other	0
1781385738	snap	2400	sdk	socialgraph	buffer_depth	0
0
1781385738	snap	2400	sdk	socialgraph	cp_received	337837
1781385738	snap	2400	sdk	socialgraph	lp_received	37624
1781385738	snap	2400	sdk	socialgraph	cp_sent	337837
1781385738	snap	2400	sdk	socialgraph	lp_sent	34460
1781385738	snap	2400	sdk	socialgraph	cp_dropped	0
1781385738	snap	2400	sdk	socialgraph	lp_dropped	3164
1781385738	snap	2400	sdk	text	spans_received	784926
1781385738	snap	2400	sdk	text	spans_sent	359187
1781385738	snap	2400	sdk	text	spans_dropped	425739
1781385738	snap	2400	sdk	text	spans_flushed	784926
1781385738	snap	2400	sdk	text	batches_sent	4632
1781385738	snap	2400	sdk	text	batches_dropped	1953
1781385738	snap	2400	sdk	text	send_unavailable	1953
1781385738	snap	2400	sdk	text	send_deadline	0
1781385738	snap	2400	sdk	text	send_exhausted	0
1781385738	snap	2400	sdk	text	send_canceled	0
1781385738	snap	2400	sdk	text	send_other	0
1781385738	snap	2400	sdk	text	buffer_depth	0
0
1781385738	snap	2400	sdk	text	cp_received	0
1781385738	snap	2400	sdk	text	lp_received	784926
1781385738	snap	2400	sdk	text	cp_sent	0
1781385738	snap	2400	sdk	text	lp_sent	359187
1781385738	snap	2400	sdk	text	cp_dropped	0
1781385738	snap	2400	sdk	text	lp_dropped	425739
1781385738	snap	2400	sdk	uniqueid	spans_received	261636
1781385738	snap	2400	sdk	uniqueid	spans_sent	226199
1781385738	snap	2400	sdk	uniqueid	spans_dropped	35437
1781385738	snap	2400	sdk	uniqueid	spans_flushed	261636
1781385738	snap	2400	sdk	uniqueid	batches_sent	2033
1781385738	snap	2400	sdk	uniqueid	batches_dropped	161
1781385738	snap	2400	sdk	uniqueid	send_unavailable	161
1781385738	snap	2400	sdk	uniqueid	send_deadline	0
1781385738	snap	2400	sdk	uniqueid	send_exhausted	0
1781385738	snap	2400	sdk	uniqueid	send_canceled	0
1781385738	snap	2400	sdk	uniqueid	send_other	0
1781385738	snap	2400	sdk	uniqueid	buffer_depth	0
0
1781385738	snap	2400	sdk	uniqueid	cp_received	261636
1781385738	snap	2400	sdk	uniqueid	lp_received	0
1781385738	snap	2400	sdk	uniqueid	cp_sent	226199
1781385738	snap	2400	sdk	uniqueid	lp_sent	0
1781385738	snap	2400	sdk	uniqueid	cp_dropped	35437
1781385738	snap	2400	sdk	uniqueid	lp_dropped	0
1781385738	snap	2400	sdk	urlshorten	spans_received	261636
1781385738	snap	2400	sdk	urlshorten	spans_sent	261636
1781385738	snap	2400	sdk	urlshorten	spans_dropped	0
1781385738	snap	2400	sdk	urlshorten	spans_flushed	261636
1781385738	snap	2400	sdk	urlshorten	batches_sent	2194
1781385738	snap	2400	sdk	urlshorten	batches_dropped	0
1781385738	snap	2400	sdk	urlshorten	send_unavailable	0
1781385738	snap	2400	sdk	urlshorten	send_deadline	0
1781385738	snap	2400	sdk	urlshorten	send_exhausted	0
1781385738	snap	2400	sdk	urlshorten	send_canceled	0
1781385738	snap	2400	sdk	urlshorten	send_other	0
1781385738	snap	2400	sdk	urlshorten	buffer_depth	0
0
1781385738	snap	2400	sdk	urlshorten	cp_received	261636
1781385738	snap	2400	sdk	urlshorten	lp_received	0
1781385738	snap	2400	sdk	urlshorten	cp_sent	261636
1781385738	snap	2400	sdk	urlshorten	lp_sent	0
1781385738	snap	2400	sdk	urlshorten	cp_dropped	0
1781385738	snap	2400	sdk	urlshorten	lp_dropped	0
1781385738	snap	2400	sdk	user	spans_received	263560
1781385738	snap	2400	sdk	user	spans_sent	162754
1781385738	snap	2400	sdk	user	spans_dropped	100806
1781385738	snap	2400	sdk	user	spans_flushed	263560
1781385738	snap	2400	sdk	user	batches_sent	1746
1781385738	snap	2400	sdk	user	batches_dropped	458
1781385738	snap	2400	sdk	user	send_unavailable	458
1781385738	snap	2400	sdk	user	send_deadline	0
1781385738	snap	2400	sdk	user	send_exhausted	0
1781385738	snap	2400	sdk	user	send_canceled	0
1781385738	snap	2400	sdk	user	send_other	0
1781385738	snap	2400	sdk	user	buffer_depth	0
0
1781385738	snap	2400	sdk	user	cp_received	262598
1781385738	snap	2400	sdk	user	lp_received	962
1781385738	snap	2400	sdk	user	cp_sent	161792
1781385738	snap	2400	sdk	user	lp_sent	962
1781385738	snap	2400	sdk	user	cp_dropped	100806
1781385738	snap	2400	sdk	user	lp_dropped	0
1781385738	snap	2400	sdk	userid	spans_received	75248
1781385738	snap	2400	sdk	userid	spans_sent	75248
1781385738	snap	2400	sdk	userid	spans_dropped	0
1781385738	snap	2400	sdk	userid	spans_flushed	75248
1781385738	snap	2400	sdk	userid	batches_sent	250
1781385738	snap	2400	sdk	userid	batches_dropped	0
1781385738	snap	2400	sdk	userid	send_unavailable	0
1781385738	snap	2400	sdk	userid	send_deadline	0
1781385738	snap	2400	sdk	userid	send_exhausted	0
1781385738	snap	2400	sdk	userid	send_canceled	0
1781385738	snap	2400	sdk	userid	send_other	0
1781385738	snap	2400	sdk	userid	buffer_depth	0
0
1781385738	snap	2400	sdk	userid	cp_received	75248
1781385738	snap	2400	sdk	userid	lp_received	0
1781385738	snap	2400	sdk	userid	cp_sent	75248
1781385738	snap	2400	sdk	userid	lp_sent	0
1781385738	snap	2400	sdk	userid	cp_dropped	0
1781385738	snap	2400	sdk	userid	lp_dropped	0
1781385738	snap	2400	sdk	usermention	spans_received	261636
1781385738	snap	2400	sdk	usermention	spans_sent	226592
1781385738	snap	2400	sdk	usermention	spans_dropped	35044
1781385738	snap	2400	sdk	usermention	spans_flushed	261636
1781385738	snap	2400	sdk	usermention	batches_sent	2036
1781385738	snap	2400	sdk	usermention	batches_dropped	159
1781385738	snap	2400	sdk	usermention	send_unavailable	159
1781385738	snap	2400	sdk	usermention	send_deadline	0
1781385738	snap	2400	sdk	usermention	send_exhausted	0
1781385738	snap	2400	sdk	usermention	send_canceled	0
1781385738	snap	2400	sdk	usermention	send_other	0
1781385738	snap	2400	sdk	usermention	buffer_depth	0
0
1781385738	snap	2400	sdk	usermention	cp_received	261636
1781385738	snap	2400	sdk	usermention	lp_received	0
1781385738	snap	2400	sdk	usermention	cp_sent	226592
1781385738	snap	2400	sdk	usermention	lp_sent	0
1781385738	snap	2400	sdk	usermention	cp_dropped	35044
1781385738	snap	2400	sdk	usermention	lp_dropped	0
1781385738	snap	2400	sdk	usertimeline	spans_received	261627
1781385738	snap	2400	sdk	usertimeline	spans_sent	261627
1781385738	snap	2400	sdk	usertimeline	spans_dropped	0
1781385738	snap	2400	sdk	usertimeline	spans_flushed	261627
1781385738	snap	2400	sdk	usertimeline	batches_sent	2194
1781385738	snap	2400	sdk	usertimeline	batches_dropped	0
1781385738	snap	2400	sdk	usertimeline	send_unavailable	0
1781385738	snap	2400	sdk	usertimeline	send_deadline	0
1781385738	snap	2400	sdk	usertimeline	send_exhausted	0
1781385738	snap	2400	sdk	usertimeline	send_canceled	0
1781385738	snap	2400	sdk	usertimeline	send_other	0
1781385738	snap	2400	sdk	usertimeline	buffer_depth	0
0
1781385738	snap	2400	sdk	usertimeline	cp_received	261627
1781385738	snap	2400	sdk	usertimeline	lp_received	0
1781385738	snap	2400	sdk	usertimeline	cp_sent	261627
1781385738	snap	2400	sdk	usertimeline	lp_sent	0
1781385738	snap	2400	sdk	usertimeline	cp_dropped	0
1781385738	snap	2400	sdk	usertimeline	lp_dropped	0
1781385805	snap	2400	otelcol	otelcol-sb-esrev1-ctr-w5r65	otelcol_processor_incoming_items	517943
1781385805	snap	2400	otelcol	otelcol-sb-esrev1-ctr-w5r65	otelcol_processor_batch_batch_send_size_sum	477473
1781385805	snap	2400	otelcol	otelcol-sb-esrev1-ctr-w5r65	otelcol_processor_outgoing_items	477473
1781385805	snap	2400	otelcol	otelcol-sb-esrev1-ctr-w5r65	otelcol_processor_batch_metadata_cardinality	1
1781385805	snap	2400	otelcol	otelcol-sb-esrev1-ctr-w5r65	otelcol_process_cpu_seconds	11
1781385805	snap	2400	otelcol	otelcol-sb-esrev1-ctr-w5r65	otelcol_processor_batch_timeout_trigger_send	1482
1781385805	snap	2400	otelcol	otelcol-sb-esrev1-ctr-w5r65	otelcol_receiver_refused_spans	40470
1781385805	snap	2400	otelcol	otelcol-sb-esrev1-ctr-w5r65	otelcol_process_runtime_total_sys_memory_bytes	187918648
1781385805	snap	2400	otelcol	otelcol-sb-esrev1-ctr-w5r65	otelcol_exporter_sent_spans	209383
1781385805	snap	2400	otelcol	otelcol-sb-esrev1-ctr-w5r65	otelcol_exporter_queue_size	599
1781385805	snap	2400	otelcol	otelcol-sb-esrev1-ctr-w5r65	otelcol_receiver_accepted_spans	477473
1781385805	snap	2400	otelcol	otelcol-sb-esrev1-ctr-w5r65	otelcol_process_uptime	413
1781385805	snap	2400	otelcol	otelcol-sb-esrev1-ctr-w5r65	otelcol_process_runtime_total_alloc_bytes	353236536
1781385805	snap	2400	otelcol	otelcol-sb-esrev1-ctr-w5r65	otelcol_process_runtime_heap_alloc_bytes	127408128
1781385805	snap	2400	otelcol	otelcol-sb-esrev1-ctr-w5r65	otelcol_exporter_send_failed_spans	0
1781385805	snap	2400	otelcol	otelcol-sb-esrev1-ctr-w5r65	otelcol_exporter_queue_batch_send_size_sum	477473
1781385805	snap	2400	otelcol	otelcol-sb-esrev1-ctr-w5r65	otelcol_receiver_failed_spans	0
1781385805	snap	2400	otelcol	otelcol-sb-esrev1-ctr-w5r65	otelcol_exporter_queue_capacity	1001
1781385805	snap	2400	otelcol	otelcol-sb-esrev1-ctr-w5r65	otelcol_process_memory_rss	322215936
1781385805	snap	2400	otelcol	otelcol-sb-esrev1-ctr-5hn7z	otelcol_processor_batch_metadata_cardinality	1
1781385805	snap	2400	otelcol	otelcol-sb-esrev1-ctr-5hn7z	otelcol_exporter_queue_capacity	1001
1781385805	snap	2400	otelcol	otelcol-sb-esrev1-ctr-5hn7z	otelcol_exporter_queue_batch_send_size_sum	376533
1781385805	snap	2400	otelcol	otelcol-sb-esrev1-ctr-5hn7z	otelcol_exporter_send_failed_spans	0
1781385805	snap	2400	otelcol	otelcol-sb-esrev1-ctr-5hn7z	otelcol_processor_batch_batch_send_size_sum	376533
1781385805	snap	2400	otelcol	otelcol-sb-esrev1-ctr-5hn7z	otelcol_processor_batch_timeout_trigger_send	1337
1781385805	snap	2400	otelcol	otelcol-sb-esrev1-ctr-5hn7z	otelcol_process_cpu_seconds	10
1781385805	snap	2400	otelcol	otelcol-sb-esrev1-ctr-5hn7z	otelcol_process_uptime	412
1781385805	snap	2400	otelcol	otelcol-sb-esrev1-ctr-5hn7z	otelcol_exporter_sent_spans	99314
1781385805	snap	2400	otelcol	otelcol-sb-esrev1-ctr-5hn7z	otelcol_receiver_failed_spans	0
1781385805	snap	2400	otelcol	otelcol-sb-esrev1-ctr-5hn7z	otelcol_process_runtime_total_sys_memory_bytes	188102952
1781385805	snap	2400	otelcol	otelcol-sb-esrev1-ctr-5hn7z	otelcol_receiver_refused_spans	27576
1781385805	snap	2400	otelcol	otelcol-sb-esrev1-ctr-5hn7z	otelcol_process_memory_rss	323022848
1781385805	snap	2400	otelcol	otelcol-sb-esrev1-ctr-5hn7z	otelcol_processor_incoming_items	404109
1781385805	snap	2400	otelcol	otelcol-sb-esrev1-ctr-5hn7z	otelcol_process_runtime_total_alloc_bytes	279251928
1781385805	snap	2400	otelcol	otelcol-sb-esrev1-ctr-5hn7z	otelcol_process_runtime_heap_alloc_bytes	133170952
1781385805	snap	2400	otelcol	otelcol-sb-esrev1-ctr-5hn7z	otelcol_receiver_accepted_spans	376533
1781385805	snap	2400	otelcol	otelcol-sb-esrev1-ctr-5hn7z	otelcol_processor_outgoing_items	376533
1781385805	snap	2400	otelcol	otelcol-sb-esrev1-ctr-5hn7z	otelcol_exporter_queue_size	618
1781385805	snap	2400	otelcol	otelcol-sb-esrev1-ctr-m57hx	otelcol_process_memory_rss	177012736
1781385805	snap	2400	otelcol	otelcol-sb-esrev1-ctr-m57hx	otelcol_process_runtime_total_sys_memory_bytes	48269592
1781385805	snap	2400	otelcol	otelcol-sb-esrev1-ctr-m57hx	otelcol_exporter_queue_size	0
1781385805	snap	2400	otelcol	otelcol-sb-esrev1-ctr-m57hx	otelcol_exporter_queue_capacity	1001
1781385805	snap	2400	otelcol	otelcol-sb-esrev1-ctr-m57hx	otelcol_process_runtime_total_alloc_bytes	39067800
1781385805	snap	2400	otelcol	otelcol-sb-esrev1-ctr-m57hx	otelcol_process_uptime	411
1781385805	snap	2400	otelcol	otelcol-sb-esrev1-ctr-m57hx	otelcol_process_cpu_seconds	3
1781385805	snap	2400	otelcol	otelcol-sb-esrev1-ctr-m57hx	otelcol_processor_batch_metadata_cardinality	1
1781385805	snap	2400	otelcol	otelcol-sb-esrev1-ctr-m57hx	otelcol_process_runtime_heap_alloc_bytes	18456240
1781385805	snap	2400	otelcol	otelcol-sb-esrev1-ctr-9j7x7	otelcol_process_cpu_seconds	71
1781385805	snap	2400	otelcol	otelcol-sb-esrev1-ctr-9j7x7	otelcol_exporter_send_failed_spans	0
1781385805	snap	2400	otelcol	otelcol-sb-esrev1-ctr-9j7x7	otelcol_processor_incoming_items	6592081
1781385805	snap	2400	otelcol	otelcol-sb-esrev1-ctr-9j7x7	otelcol_process_memory_rss	319176704
1781385805	snap	2400	otelcol	otelcol-sb-esrev1-ctr-9j7x7	otelcol_exporter_sent_spans	381912
1781385805	snap	2400	otelcol	otelcol-sb-esrev1-ctr-9j7x7	otelcol_exporter_queue_batch_send_size_sum	625774
1781385805	snap	2400	otelcol	otelcol-sb-esrev1-ctr-9j7x7	otelcol_processor_outgoing_items	625774
1781385805	snap	2400	otelcol	otelcol-sb-esrev1-ctr-9j7x7	otelcol_processor_batch_batch_send_size_sum	625774
1781385805	snap	2400	otelcol	otelcol-sb-esrev1-ctr-9j7x7	otelcol_process_runtime_heap_alloc_bytes	127822544
1781385805	snap	2400	otelcol	otelcol-sb-esrev1-ctr-9j7x7	otelcol_process_runtime_total_sys_memory_bytes	221112632
1781385805	snap	2400	otelcol	otelcol-sb-esrev1-ctr-9j7x7	otelcol_receiver_refused_spans	5966307
1781385805	snap	2400	otelcol	otelcol-sb-esrev1-ctr-9j7x7	otelcol_processor_batch_metadata_cardinality	1
1781385805	snap	2400	otelcol	otelcol-sb-esrev1-ctr-9j7x7	otelcol_receiver_failed_spans	0
1781385805	snap	2400	otelcol	otelcol-sb-esrev1-ctr-9j7x7	otelcol_processor_batch_timeout_trigger_send	1079
1781385805	snap	2400	otelcol	otelcol-sb-esrev1-ctr-9j7x7	otelcol_exporter_queue_size	187
1781385805	snap	2400	otelcol	otelcol-sb-esrev1-ctr-9j7x7	otelcol_receiver_accepted_spans	625774
1781385805	snap	2400	otelcol	otelcol-sb-esrev1-ctr-9j7x7	otelcol_process_uptime	411
1781385805	snap	2400	otelcol	otelcol-sb-esrev1-ctr-9j7x7	otelcol_process_runtime_total_alloc_bytes	4014120712
1781385805	snap	2400	otelcol	otelcol-sb-esrev1-ctr-9j7x7	otelcol_exporter_queue_capacity	1001
1781385805	snap	2400	otelcol	otelcol-sb-esrev1-ctr-rbg9n	otelcol_exporter_queue_capacity	1001
1781385805	snap	2400	otelcol	otelcol-sb-esrev1-ctr-rbg9n	otelcol_process_cpu_seconds	64
1781385805	snap	2400	otelcol	otelcol-sb-esrev1-ctr-rbg9n	otelcol_exporter_send_failed_spans	0
1781385805	snap	2400	otelcol	otelcol-sb-esrev1-ctr-rbg9n	otelcol_receiver_refused_spans	2801121
1781385805	snap	2400	otelcol	otelcol-sb-esrev1-ctr-rbg9n	otelcol_process_runtime_total_alloc_bytes	3108960392
1781385805	snap	2400	otelcol	otelcol-sb-esrev1-ctr-rbg9n	otelcol_process_memory_rss	320352256
1781385805	snap	2400	otelcol	otelcol-sb-esrev1-ctr-rbg9n	otelcol_processor_batch_metadata_cardinality	1
1781385805	snap	2400	otelcol	otelcol-sb-esrev1-ctr-rbg9n	otelcol_processor_batch_timeout_trigger_send	814
1781385805	snap	2400	otelcol	otelcol-sb-esrev1-ctr-rbg9n	otelcol_receiver_failed_spans	0
1781385805	snap	2400	otelcol	otelcol-sb-esrev1-ctr-rbg9n	otelcol_process_runtime_heap_alloc_bytes	126801576
1781385805	snap	2400	otelcol	otelcol-sb-esrev1-ctr-rbg9n	otelcol_exporter_sent_spans	867584
1781385805	snap	2400	otelcol	otelcol-sb-esrev1-ctr-rbg9n	otelcol_processor_incoming_items	3901119
1781385805	snap	2400	otelcol	otelcol-sb-esrev1-ctr-rbg9n	otelcol_processor_outgoing_items	1099998
1781385805	snap	2400	otelcol	otelcol-sb-esrev1-ctr-rbg9n	otelcol_receiver_accepted_spans	1099998
1781385805	snap	2400	otelcol	otelcol-sb-esrev1-ctr-rbg9n	otelcol_processor_batch_batch_send_size_sum	1099998
1781385805	snap	2400	otelcol	otelcol-sb-esrev1-ctr-rbg9n	otelcol_process_uptime	410
1781385805	snap	2400	otelcol	otelcol-sb-esrev1-ctr-rbg9n	otelcol_exporter_queue_size	105
1781385805	snap	2400	otelcol	otelcol-sb-esrev1-ctr-rbg9n	otelcol_exporter_queue_batch_send_size_sum	1099998
1781385805	snap	2400	otelcol	otelcol-sb-esrev1-ctr-rbg9n	otelcol_process_runtime_total_sys_memory_bytes	232847688
1781385805	snap	2400	otelcol	otelcol-sb-esrev1-ctr-qd64d	otelcol_receiver_accepted_spans	472626
1781385805	snap	2400	otelcol	otelcol-sb-esrev1-ctr-qd64d	otelcol_process_runtime_total_sys_memory_bytes	197822776
1781385805	snap	2400	otelcol	otelcol-sb-esrev1-ctr-qd64d	otelcol_processor_incoming_items	808236
1781385805	snap	2400	otelcol	otelcol-sb-esrev1-ctr-qd64d	otelcol_process_uptime	412
1781385805	snap	2400	otelcol	otelcol-sb-esrev1-ctr-qd64d	otelcol_exporter_send_failed_spans	0
1781385805	snap	2400	otelcol	otelcol-sb-esrev1-ctr-qd64d	otelcol_exporter_queue_capacity	1001
1781385805	snap	2400	otelcol	otelcol-sb-esrev1-ctr-qd64d	otelcol_processor_outgoing_items	472626
1781385805	snap	2400	otelcol	otelcol-sb-esrev1-ctr-qd64d	otelcol_exporter_queue_size	328
1781385805	snap	2400	otelcol	otelcol-sb-esrev1-ctr-qd64d	otelcol_processor_batch_metadata_cardinality	1
1781385805	snap	2400	otelcol	otelcol-sb-esrev1-ctr-qd64d	otelcol_processor_batch_timeout_trigger_send	1043
1781385805	snap	2400	otelcol	otelcol-sb-esrev1-ctr-qd64d	otelcol_process_runtime_heap_alloc_bytes	147641376
1781385805	snap	2400	otelcol	otelcol-sb-esrev1-ctr-qd64d	otelcol_processor_batch_batch_send_size_sum	472626
1781385805	snap	2400	otelcol	otelcol-sb-esrev1-ctr-qd64d	otelcol_process_memory_rss	324456448
1781385805	snap	2400	otelcol	otelcol-sb-esrev1-ctr-qd64d	otelcol_receiver_refused_spans	335610
1781385805	snap	2400	otelcol	otelcol-sb-esrev1-ctr-qd64d	otelcol_process_cpu_seconds	16
1781385805	snap	2400	otelcol	otelcol-sb-esrev1-ctr-qd64d	otelcol_exporter_queue_batch_send_size_sum	472626
1781385805	snap	2400	otelcol	otelcol-sb-esrev1-ctr-qd64d	otelcol_receiver_failed_spans	0
1781385805	snap	2400	otelcol	otelcol-sb-esrev1-ctr-qd64d	otelcol_exporter_sent_spans	194590
1781385805	snap	2400	otelcol	otelcol-sb-esrev1-ctr-qd64d	otelcol_process_runtime_total_alloc_bytes	554473792
1781385805	snap	2400	otelcol	otelcol-sb-esrev1-ctr-jjcwc	otelcol_process_runtime_total_alloc_bytes	290806656
1781385805	snap	2400	otelcol	otelcol-sb-esrev1-ctr-jjcwc	otelcol_process_runtime_heap_alloc_bytes	136233000
1781385805	snap	2400	otelcol	otelcol-sb-esrev1-ctr-jjcwc	otelcol_receiver_failed_spans	0
1781385805	snap	2400	otelcol	otelcol-sb-esrev1-ctr-jjcwc	otelcol_process_memory_rss	321449984
1781385805	snap	2400	otelcol	otelcol-sb-esrev1-ctr-jjcwc	otelcol_exporter_queue_size	599
1781385805	snap	2400	otelcol	otelcol-sb-esrev1-ctr-jjcwc	otelcol_receiver_accepted_spans	370995
1781385805	snap	2400	otelcol	otelcol-sb-esrev1-ctr-jjcwc	otelcol_processor_incoming_items	404118
1781385805	snap	2400	otelcol	otelcol-sb-esrev1-ctr-jjcwc	otelcol_processor_batch_metadata_cardinality	1
1781385805	snap	2400	otelcol	otelcol-sb-esrev1-ctr-jjcwc	otelcol_exporter_queue_capacity	1001
1781385805	snap	2400	otelcol	otelcol-sb-esrev1-ctr-jjcwc	otelcol_processor_outgoing_items	370995
1781385805	snap	2400	otelcol	otelcol-sb-esrev1-ctr-jjcwc	otelcol_processor_batch_timeout_trigger_send	1325
1781385805	snap	2400	otelcol	otelcol-sb-esrev1-ctr-jjcwc	otelcol_process_runtime_total_sys_memory_bytes	187861304
1781385805	snap	2400	otelcol	otelcol-sb-esrev1-ctr-jjcwc	otelcol_receiver_refused_spans	33123
1781385805	snap	2400	otelcol	otelcol-sb-esrev1-ctr-jjcwc	otelcol_exporter_send_failed_spans	0
1781385805	snap	2400	otelcol	otelcol-sb-esrev1-ctr-jjcwc	otelcol_exporter_queue_batch_send_size_sum	370995
1781385805	snap	2400	otelcol	otelcol-sb-esrev1-ctr-jjcwc	otelcol_processor_batch_batch_send_size_sum	370995
1781385805	snap	2400	otelcol	otelcol-sb-esrev1-ctr-jjcwc	otelcol_process_cpu_seconds	10
1781385805	snap	2400	otelcol	otelcol-sb-esrev1-ctr-jjcwc	otelcol_process_uptime	412
1781385805	snap	2400	otelcol	otelcol-sb-esrev1-ctr-jjcwc	otelcol_exporter_sent_spans	101867
1781385805	snap	2400	otelcol	otelcol-sb-esrev1-ctr-64dpb	otelcol_exporter_queue_batch_send_size_sum	370985
1781385805	snap	2400	otelcol	otelcol-sb-esrev1-ctr-64dpb	otelcol_exporter_send_failed_spans	0
1781385805	snap	2400	otelcol	otelcol-sb-esrev1-ctr-64dpb	otelcol_exporter_queue_size	609
1781385805	snap	2400	otelcol	otelcol-sb-esrev1-ctr-64dpb	otelcol_process_runtime_total_alloc_bytes	273944360
1781385805	snap	2400	otelcol	otelcol-sb-esrev1-ctr-64dpb	otelcol_processor_batch_metadata_cardinality	1
1781385805	snap	2400	otelcol	otelcol-sb-esrev1-ctr-64dpb	otelcol_process_runtime_heap_alloc_bytes	127665144
1781385805	snap	2400	otelcol	otelcol-sb-esrev1-ctr-64dpb	otelcol_processor_batch_timeout_trigger_send	1324
1781385805	snap	2400	otelcol	otelcol-sb-esrev1-ctr-64dpb	otelcol_process_memory_rss	320856064
1781385805	snap	2400	otelcol	otelcol-sb-esrev1-ctr-64dpb	otelcol_receiver_refused_spans	33124
1781385805	snap	2400	otelcol	otelcol-sb-esrev1-ctr-64dpb	otelcol_receiver_failed_spans	0
1781385805	snap	2400	otelcol	otelcol-sb-esrev1-ctr-64dpb	otelcol_receiver_accepted_spans	370985
1781385805	snap	2400	otelcol	otelcol-sb-esrev1-ctr-64dpb	otelcol_processor_incoming_items	404109
1781385805	snap	2400	otelcol	otelcol-sb-esrev1-ctr-64dpb	otelcol_process_cpu_seconds	10
1781385805	snap	2400	otelcol	otelcol-sb-esrev1-ctr-64dpb	otelcol_exporter_queue_capacity	1001
1781385805	snap	2400	otelcol	otelcol-sb-esrev1-ctr-64dpb	otelcol_processor_outgoing_items	370985
1781385805	snap	2400	otelcol	otelcol-sb-esrev1-ctr-64dpb	otelcol_processor_batch_batch_send_size_sum	370985
1781385805	snap	2400	otelcol	otelcol-sb-esrev1-ctr-64dpb	otelcol_process_uptime	411
1781385805	snap	2400	otelcol	otelcol-sb-esrev1-ctr-64dpb	otelcol_process_runtime_total_sys_memory_bytes	187316520
1781385805	snap	2400	otelcol	otelcol-sb-esrev1-ctr-64dpb	otelcol_exporter_sent_spans	98314
1781385805	snap	2400	otelcol	otelcol-sb-esrev1-ctr-lmnfn	otelcol_processor_batch_timeout_trigger_send	1284
1781385805	snap	2400	otelcol	otelcol-sb-esrev1-ctr-lmnfn	otelcol_processor_batch_batch_send_size_sum	708269
1781385805	snap	2400	otelcol	otelcol-sb-esrev1-ctr-lmnfn	otelcol_process_runtime_total_alloc_bytes	975573856
1781385805	snap	2400	otelcol	otelcol-sb-esrev1-ctr-lmnfn	otelcol_process_runtime_heap_alloc_bytes	146993000
1781385805	snap	2400	otelcol	otelcol-sb-esrev1-ctr-lmnfn	otelcol_exporter_queue_batch_send_size_sum	708269
1781385805	snap	2400	otelcol	otelcol-sb-esrev1-ctr-lmnfn	otelcol_process_uptime	411
1781385805	snap	2400	otelcol	otelcol-sb-esrev1-ctr-lmnfn	otelcol_process_cpu_seconds	23
1781385805	snap	2400	otelcol	otelcol-sb-esrev1-ctr-lmnfn	otelcol_exporter_send_failed_spans	0
1781385805	snap	2400	otelcol	otelcol-sb-esrev1-ctr-lmnfn	otelcol_exporter_sent_spans	438902
1781385805	snap	2400	otelcol	otelcol-sb-esrev1-ctr-lmnfn	otelcol_receiver_refused_spans	983469
1781385805	snap	2400	otelcol	otelcol-sb-esrev1-ctr-lmnfn	otelcol_processor_incoming_items	1691738
1781385805	snap	2400	otelcol	otelcol-sb-esrev1-ctr-lmnfn	otelcol_receiver_accepted_spans	708269
1781385805	snap	2400	otelcol	otelcol-sb-esrev1-ctr-lmnfn	otelcol_processor_outgoing_items	708269
1781385805	snap	2400	otelcol	otelcol-sb-esrev1-ctr-lmnfn	otelcol_process_runtime_total_sys_memory_bytes	197568824
1781385805	snap	2400	otelcol	otelcol-sb-esrev1-ctr-lmnfn	otelcol_process_memory_rss	321880064
1781385805	snap	2400	otelcol	otelcol-sb-esrev1-ctr-lmnfn	otelcol_receiver_failed_spans	0
1781385805	snap	2400	otelcol	otelcol-sb-esrev1-ctr-lmnfn	otelcol_processor_batch_metadata_cardinality	1
1781385805	snap	2400	otelcol	otelcol-sb-esrev1-ctr-lmnfn	otelcol_exporter_queue_size	420
1781385805	snap	2400	otelcol	otelcol-sb-esrev1-ctr-lmnfn	otelcol_exporter_queue_capacity	1001
1781385805	snap	2400	k8s	otelcol-sb-esrev1-ctr-5hn7z	restart_count	0
1781385805	snap	2400	k8s	otelcol-sb-esrev1-ctr-64dpb	restart_count	0
1781385805	snap	2400	k8s	otelcol-sb-esrev1-ctr-9j7x7	restart_count	0
1781385805	snap	2400	k8s	otelcol-sb-esrev1-ctr-jjcwc	restart_count	0
1781385805	snap	2400	k8s	otelcol-sb-esrev1-ctr-lmnfn	restart_count	0
1781385805	snap	2400	k8s	otelcol-sb-esrev1-ctr-m57hx	restart_count	0
1781385805	snap	2400	k8s	otelcol-sb-esrev1-ctr-qd64d	restart_count	0
1781385805	snap	2400	k8s	otelcol-sb-esrev1-ctr-rbg9n	restart_count	0
1781385805	snap	2400	k8s	otelcol-sb-esrev1-ctr-w5r65	restart_count	0
1781385805	snap	2400	sdk	wrk2api	spans_received	885399
1781385805	snap	2400	sdk	wrk2api	spans_sent	458525
1781385805	snap	2400	sdk	wrk2api	spans_dropped	0
1781385805	snap	2400	sdk	wrk2api	spans_flushed	885399
1781385805	snap	2400	sdk	wrk2api	batches_sent	4250
1781385805	snap	2400	sdk	wrk2api	batches_dropped	0
1781385805	snap	2400	sdk	wrk2api	send_unavailable	0
1781385805	snap	2400	sdk	wrk2api	send_deadline	0
1781385805	snap	2400	sdk	wrk2api	send_exhausted	0
1781385805	snap	2400	sdk	wrk2api	send_canceled	0
1781385805	snap	2400	sdk	wrk2api	send_other	0
1781385805	snap	2400	sdk	wrk2api	buffer_depth	0
0
1781385805	snap	2400	sdk	wrk2api	cp_received	442695
1781385805	snap	2400	sdk	wrk2api	lp_received	442704
1781385805	snap	2400	sdk	wrk2api	cp_sent	283026
1781385805	snap	2400	sdk	wrk2api	lp_sent	175499
1781385805	snap	2400	sdk	wrk2api	cp_dropped	0
1781385805	snap	2400	sdk	wrk2api	lp_dropped	0
1781385805	snap	2400	sdk	composepost	spans_received	3232935
1781385805	snap	2400	sdk	composepost	spans_sent	961556
1781385805	snap	2400	sdk	composepost	spans_dropped	2271379
1781385805	snap	2400	sdk	composepost	spans_flushed	3232935
1781385805	snap	2400	sdk	composepost	batches_sent	12285
1781385805	snap	2400	sdk	composepost	batches_dropped	10077
1781385805	snap	2400	sdk	composepost	send_unavailable	9027
1781385805	snap	2400	sdk	composepost	send_deadline	1050
1781385805	snap	2400	sdk	composepost	send_exhausted	0
1781385805	snap	2400	sdk	composepost	send_canceled	0
1781385805	snap	2400	sdk	composepost	send_other	0
1781385805	snap	2400	sdk	composepost	buffer_depth	0
0
1781385805	snap	2400	sdk	composepost	cp_received	2828817
1781385805	snap	2400	sdk	composepost	lp_received	404118
1781385805	snap	2400	sdk	composepost	cp_sent	892307
1781385805	snap	2400	sdk	composepost	lp_sent	69249
1781385805	snap	2400	sdk	composepost	cp_dropped	1936510
1781385805	snap	2400	sdk	composepost	lp_dropped	334869
1781385805	snap	2400	sdk	hometimeline	spans_received	808218
1781385805	snap	2400	sdk	hometimeline	spans_sent	138442
1781385805	snap	2400	sdk	hometimeline	spans_dropped	669776
1781385805	snap	2400	sdk	hometimeline	spans_flushed	808218
1781385805	snap	2400	sdk	hometimeline	batches_sent	2574
1781385805	snap	2400	sdk	hometimeline	batches_dropped	3018
1781385805	snap	2400	sdk	hometimeline	send_unavailable	2996
1781385805	snap	2400	sdk	hometimeline	send_deadline	22
1781385805	snap	2400	sdk	hometimeline	send_exhausted	0
1781385805	snap	2400	sdk	hometimeline	send_canceled	0
1781385805	snap	2400	sdk	hometimeline	send_other	0
1781385805	snap	2400	sdk	hometimeline	buffer_depth	0
0
1781385805	snap	2400	sdk	hometimeline	cp_received	0
1781385805	snap	2400	sdk	hometimeline	lp_received	808218
1781385805	snap	2400	sdk	hometimeline	cp_sent	0
1781385805	snap	2400	sdk	hometimeline	lp_sent	138442
1781385805	snap	2400	sdk	hometimeline	cp_dropped	0
1781385805	snap	2400	sdk	hometimeline	lp_dropped	669776
1781385805	snap	2400	sdk	media	spans_received	404118
1781385805	snap	2400	sdk	media	spans_sent	273834
1781385805	snap	2400	sdk	media	spans_dropped	130284
1781385805	snap	2400	sdk	media	spans_flushed	404118
1781385805	snap	2400	sdk	media	batches_sent	2229
1781385805	snap	2400	sdk	media	batches_dropped	566
1781385805	snap	2400	sdk	media	send_unavailable	566
1781385805	snap	2400	sdk	media	send_deadline	0
1781385805	snap	2400	sdk	media	send_exhausted	0
1781385805	snap	2400	sdk	media	send_canceled	0
1781385805	snap	2400	sdk	media	send_other	0
1781385805	snap	2400	sdk	media	buffer_depth	0
0
1781385805	snap	2400	sdk	media	cp_received	404118
1781385805	snap	2400	sdk	media	lp_received	0
1781385805	snap	2400	sdk	media	cp_sent	273834
1781385805	snap	2400	sdk	media	lp_sent	0
1781385805	snap	2400	sdk	media	cp_dropped	130284
1781385805	snap	2400	sdk	media	lp_dropped	0
1781385805	snap	2400	sdk	post-storage	spans_received	404109
1781385805	snap	2400	sdk	post-storage	spans_sent	370985
1781385805	snap	2400	sdk	post-storage	spans_dropped	33124
1781385805	snap	2400	sdk	post-storage	spans_flushed	404109
1781385805	snap	2400	sdk	post-storage	batches_sent	2655
1781385805	snap	2400	sdk	post-storage	batches_dropped	139
1781385805	snap	2400	sdk	post-storage	send_unavailable	139
1781385805	snap	2400	sdk	post-storage	send_deadline	0
1781385805	snap	2400	sdk	post-storage	send_exhausted	0
1781385805	snap	2400	sdk	post-storage	send_canceled	0
1781385805	snap	2400	sdk	post-storage	send_other	0
1781385805	snap	2400	sdk	post-storage	buffer_depth	0
0
1781385805	snap	2400	sdk	post-storage	cp_received	404109
1781385805	snap	2400	sdk	post-storage	lp_received	0
1781385805	snap	2400	sdk	post-storage	cp_sent	370985
1781385805	snap	2400	sdk	post-storage	lp_sent	0
1781385805	snap	2400	sdk	post-storage	cp_dropped	33124
1781385805	snap	2400	sdk	post-storage	lp_dropped	0
1781385805	snap	2400	sdk	socialgraph	spans_received	517943
1781385805	snap	2400	sdk	socialgraph	spans_sent	477473
1781385805	snap	2400	sdk	socialgraph	spans_dropped	40470
1781385805	snap	2400	sdk	socialgraph	spans_flushed	517943
1781385805	snap	2400	sdk	socialgraph	batches_sent	3133
1781385805	snap	2400	sdk	socialgraph	batches_dropped	173
1781385805	snap	2400	sdk	socialgraph	send_unavailable	173
1781385805	snap	2400	sdk	socialgraph	send_deadline	0
1781385805	snap	2400	sdk	socialgraph	send_exhausted	0
1781385805	snap	2400	sdk	socialgraph	send_canceled	0
1781385805	snap	2400	sdk	socialgraph	send_other	0
1781385805	snap	2400	sdk	socialgraph	buffer_depth	0
0
1781385805	snap	2400	sdk	socialgraph	cp_received	480319
1781385805	snap	2400	sdk	socialgraph	lp_received	37624
1781385805	snap	2400	sdk	socialgraph	cp_sent	443013
1781385805	snap	2400	sdk	socialgraph	lp_sent	34460
1781385805	snap	2400	sdk	socialgraph	cp_dropped	37306
1781385805	snap	2400	sdk	socialgraph	lp_dropped	3164
1781385805	snap	2400	sdk	text	spans_received	1212372
1781385805	snap	2400	sdk	text	spans_sent	359187
1781385805	snap	2400	sdk	text	spans_dropped	853185
1781385805	snap	2400	sdk	text	spans_flushed	1212372
1781385805	snap	2400	sdk	text	batches_sent	4632
1781385805	snap	2400	sdk	text	batches_dropped	3756
1781385805	snap	2400	sdk	text	send_unavailable	3756
1781385805	snap	2400	sdk	text	send_deadline	0
1781385805	snap	2400	sdk	text	send_exhausted	0
1781385805	snap	2400	sdk	text	send_canceled	0
1781385805	snap	2400	sdk	text	send_other	0
1781385805	snap	2400	sdk	text	buffer_depth	0
0
1781385805	snap	2400	sdk	text	cp_received	0
1781385805	snap	2400	sdk	text	lp_received	1212372
1781385805	snap	2400	sdk	text	cp_sent	0
1781385805	snap	2400	sdk	text	lp_sent	359187
1781385805	snap	2400	sdk	text	cp_dropped	0
1781385805	snap	2400	sdk	text	lp_dropped	853185
1781385805	snap	2400	sdk	uniqueid	spans_received	404118
1781385805	snap	2400	sdk	uniqueid	spans_sent	235965
1781385805	snap	2400	sdk	uniqueid	spans_dropped	168153
1781385805	snap	2400	sdk	uniqueid	spans_flushed	404118
1781385805	snap	2400	sdk	uniqueid	batches_sent	2075
1781385805	snap	2400	sdk	uniqueid	batches_dropped	720
1781385805	snap	2400	sdk	uniqueid	send_unavailable	720
1781385805	snap	2400	sdk	uniqueid	send_deadline	0
1781385805	snap	2400	sdk	uniqueid	send_exhausted	0
1781385805	snap	2400	sdk	uniqueid	send_canceled	0
1781385805	snap	2400	sdk	uniqueid	send_other	0
1781385805	snap	2400	sdk	uniqueid	buffer_depth	0
0
1781385805	snap	2400	sdk	uniqueid	cp_received	404118
1781385805	snap	2400	sdk	uniqueid	lp_received	0
1781385805	snap	2400	sdk	uniqueid	cp_sent	235965
1781385805	snap	2400	sdk	uniqueid	lp_sent	0
1781385805	snap	2400	sdk	uniqueid	cp_dropped	168153
1781385805	snap	2400	sdk	uniqueid	lp_dropped	0
1781385805	snap	2400	sdk	urlshorten	spans_received	404118
1781385805	snap	2400	sdk	urlshorten	spans_sent	370995
1781385805	snap	2400	sdk	urlshorten	spans_dropped	33123
1781385805	snap	2400	sdk	urlshorten	spans_flushed	404118
1781385805	snap	2400	sdk	urlshorten	batches_sent	2655
1781385805	snap	2400	sdk	urlshorten	batches_dropped	140
1781385805	snap	2400	sdk	urlshorten	send_unavailable	140
1781385805	snap	2400	sdk	urlshorten	send_deadline	0
1781385805	snap	2400	sdk	urlshorten	send_exhausted	0
1781385805	snap	2400	sdk	urlshorten	send_canceled	0
1781385805	snap	2400	sdk	urlshorten	send_other	0
1781385805	snap	2400	sdk	urlshorten	buffer_depth	0
0
1781385805	snap	2400	sdk	urlshorten	cp_received	404118
1781385805	snap	2400	sdk	urlshorten	lp_received	0
1781385805	snap	2400	sdk	urlshorten	cp_sent	370995
1781385805	snap	2400	sdk	urlshorten	lp_sent	0
1781385805	snap	2400	sdk	urlshorten	cp_dropped	33123
1781385805	snap	2400	sdk	urlshorten	lp_dropped	0
1781385805	snap	2400	sdk	user	spans_received	406042
1781385805	snap	2400	sdk	user	spans_sent	166363
1781385805	snap	2400	sdk	user	spans_dropped	239679
1781385805	snap	2400	sdk	user	spans_flushed	406042
1781385805	snap	2400	sdk	user	batches_sent	1761
1781385805	snap	2400	sdk	user	batches_dropped	1044
1781385805	snap	2400	sdk	user	send_unavailable	1044
1781385805	snap	2400	sdk	user	send_deadline	0
1781385805	snap	2400	sdk	user	send_exhausted	0
1781385805	snap	2400	sdk	user	send_canceled	0
1781385805	snap	2400	sdk	user	send_other	0
1781385805	snap	2400	sdk	user	buffer_depth	0
0
1781385805	snap	2400	sdk	user	cp_received	405080
1781385805	snap	2400	sdk	user	lp_received	962
1781385805	snap	2400	sdk	user	cp_sent	165401
1781385805	snap	2400	sdk	user	lp_sent	962
1781385805	snap	2400	sdk	user	cp_dropped	239679
1781385805	snap	2400	sdk	user	lp_dropped	0
1781385805	snap	2400	sdk	userid	spans_received	75248
1781385805	snap	2400	sdk	userid	spans_sent	75248
1781385805	snap	2400	sdk	userid	spans_dropped	0
1781385805	snap	2400	sdk	userid	spans_flushed	75248
1781385805	snap	2400	sdk	userid	batches_sent	250
1781385805	snap	2400	sdk	userid	batches_dropped	0
1781385805	snap	2400	sdk	userid	send_unavailable	0
1781385805	snap	2400	sdk	userid	send_deadline	0
1781385805	snap	2400	sdk	userid	send_exhausted	0
1781385805	snap	2400	sdk	userid	send_canceled	0
1781385805	snap	2400	sdk	userid	send_other	0
1781385805	snap	2400	sdk	userid	buffer_depth	0
0
1781385805	snap	2400	sdk	userid	cp_received	75248
1781385805	snap	2400	sdk	userid	lp_received	0
1781385805	snap	2400	sdk	userid	cp_sent	75248
1781385805	snap	2400	sdk	userid	lp_sent	0
1781385805	snap	2400	sdk	userid	cp_dropped	0
1781385805	snap	2400	sdk	userid	lp_dropped	0
1781385805	snap	2400	sdk	usermention	spans_received	404118
1781385805	snap	2400	sdk	usermention	spans_sent	236661
1781385805	snap	2400	sdk	usermention	spans_dropped	167457
1781385805	snap	2400	sdk	usermention	spans_flushed	404118
1781385805	snap	2400	sdk	usermention	batches_sent	2079
1781385805	snap	2400	sdk	usermention	batches_dropped	716
1781385805	snap	2400	sdk	usermention	send_unavailable	716
1781385805	snap	2400	sdk	usermention	send_deadline	0
1781385805	snap	2400	sdk	usermention	send_exhausted	0
1781385805	snap	2400	sdk	usermention	send_canceled	0
1781385805	snap	2400	sdk	usermention	send_other	0
1781385805	snap	2400	sdk	usermention	buffer_depth	0
0
1781385805	snap	2400	sdk	usermention	cp_received	404118
1781385805	snap	2400	sdk	usermention	lp_received	0
1781385805	snap	2400	sdk	usermention	cp_sent	236661
1781385805	snap	2400	sdk	usermention	lp_sent	0
1781385805	snap	2400	sdk	usermention	cp_dropped	167457
1781385805	snap	2400	sdk	usermention	lp_dropped	0
1781385805	snap	2400	sdk	usertimeline	spans_received	404109
1781385805	snap	2400	sdk	usertimeline	spans_sent	376533
1781385805	snap	2400	sdk	usertimeline	spans_dropped	27576
1781385805	snap	2400	sdk	usertimeline	spans_flushed	404109
1781385805	snap	2400	sdk	usertimeline	batches_sent	2679
1781385805	snap	2400	sdk	usertimeline	batches_dropped	116
1781385805	snap	2400	sdk	usertimeline	send_unavailable	116
1781385805	snap	2400	sdk	usertimeline	send_deadline	0
1781385805	snap	2400	sdk	usertimeline	send_exhausted	0
1781385805	snap	2400	sdk	usertimeline	send_canceled	0
1781385805	snap	2400	sdk	usertimeline	send_other	0
1781385805	snap	2400	sdk	usertimeline	buffer_depth	0
0
1781385805	snap	2400	sdk	usertimeline	cp_received	404109
1781385805	snap	2400	sdk	usertimeline	lp_received	0
1781385805	snap	2400	sdk	usertimeline	cp_sent	376533
1781385805	snap	2400	sdk	usertimeline	lp_sent	0
1781385805	snap	2400	sdk	usertimeline	cp_dropped	27576
1781385805	snap	2400	sdk	usertimeline	lp_dropped	0
1781385812	snap	2600	otelcol	otelcol-sb-esrev1-ctr-w5r65	otelcol_processor_incoming_items	517943
1781385812	snap	2600	otelcol	otelcol-sb-esrev1-ctr-w5r65	otelcol_processor_batch_batch_send_size_sum	477473
1781385812	snap	2600	otelcol	otelcol-sb-esrev1-ctr-w5r65	otelcol_processor_outgoing_items	477473
1781385812	snap	2600	otelcol	otelcol-sb-esrev1-ctr-w5r65	otelcol_processor_batch_metadata_cardinality	1
1781385812	snap	2600	otelcol	otelcol-sb-esrev1-ctr-w5r65	otelcol_process_cpu_seconds	11
1781385812	snap	2600	otelcol	otelcol-sb-esrev1-ctr-w5r65	otelcol_processor_batch_timeout_trigger_send	1482
1781385812	snap	2600	otelcol	otelcol-sb-esrev1-ctr-w5r65	otelcol_receiver_refused_spans	40470
1781385812	snap	2600	otelcol	otelcol-sb-esrev1-ctr-w5r65	otelcol_process_runtime_total_sys_memory_bytes	187918648
1781385812	snap	2600	otelcol	otelcol-sb-esrev1-ctr-w5r65	otelcol_exporter_sent_spans	209383
1781385812	snap	2600	otelcol	otelcol-sb-esrev1-ctr-w5r65	otelcol_exporter_queue_size	599
1781385812	snap	2600	otelcol	otelcol-sb-esrev1-ctr-w5r65	otelcol_receiver_accepted_spans	477473
1781385812	snap	2600	otelcol	otelcol-sb-esrev1-ctr-w5r65	otelcol_process_uptime	420
1781385812	snap	2600	otelcol	otelcol-sb-esrev1-ctr-w5r65	otelcol_process_runtime_total_alloc_bytes	354014384
1781385812	snap	2600	otelcol	otelcol-sb-esrev1-ctr-w5r65	otelcol_process_runtime_heap_alloc_bytes	128185976
1781385812	snap	2600	otelcol	otelcol-sb-esrev1-ctr-w5r65	otelcol_exporter_send_failed_spans	0
1781385812	snap	2600	otelcol	otelcol-sb-esrev1-ctr-w5r65	otelcol_exporter_queue_batch_send_size_sum	477473
1781385812	snap	2600	otelcol	otelcol-sb-esrev1-ctr-w5r65	otelcol_receiver_failed_spans	0
1781385812	snap	2600	otelcol	otelcol-sb-esrev1-ctr-w5r65	otelcol_exporter_queue_capacity	1001
1781385812	snap	2600	otelcol	otelcol-sb-esrev1-ctr-w5r65	otelcol_process_memory_rss	322494464
1781385812	snap	2600	otelcol	otelcol-sb-esrev1-ctr-5hn7z	otelcol_processor_batch_metadata_cardinality	1
1781385812	snap	2600	otelcol	otelcol-sb-esrev1-ctr-5hn7z	otelcol_exporter_queue_capacity	1001
1781385812	snap	2600	otelcol	otelcol-sb-esrev1-ctr-5hn7z	otelcol_exporter_queue_batch_send_size_sum	376533
1781385812	snap	2600	otelcol	otelcol-sb-esrev1-ctr-5hn7z	otelcol_exporter_send_failed_spans	0
1781385812	snap	2600	otelcol	otelcol-sb-esrev1-ctr-5hn7z	otelcol_processor_batch_batch_send_size_sum	376533
1781385812	snap	2600	otelcol	otelcol-sb-esrev1-ctr-5hn7z	otelcol_processor_batch_timeout_trigger_send	1337
1781385812	snap	2600	otelcol	otelcol-sb-esrev1-ctr-5hn7z	otelcol_process_cpu_seconds	10
1781385812	snap	2600	otelcol	otelcol-sb-esrev1-ctr-5hn7z	otelcol_process_uptime	419
1781385812	snap	2600	otelcol	otelcol-sb-esrev1-ctr-5hn7z	otelcol_exporter_sent_spans	101514
1781385812	snap	2600	otelcol	otelcol-sb-esrev1-ctr-5hn7z	otelcol_receiver_failed_spans	0
1781385812	snap	2600	otelcol	otelcol-sb-esrev1-ctr-5hn7z	otelcol_process_runtime_total_sys_memory_bytes	188102952
1781385812	snap	2600	otelcol	otelcol-sb-esrev1-ctr-5hn7z	otelcol_receiver_refused_spans	27576
1781385812	snap	2600	otelcol	otelcol-sb-esrev1-ctr-5hn7z	otelcol_process_memory_rss	323166208
1781385812	snap	2600	otelcol	otelcol-sb-esrev1-ctr-5hn7z	otelcol_processor_incoming_items	404109
1781385812	snap	2600	otelcol	otelcol-sb-esrev1-ctr-5hn7z	otelcol_process_runtime_total_alloc_bytes	280431000
1781385812	snap	2600	otelcol	otelcol-sb-esrev1-ctr-5hn7z	otelcol_process_runtime_heap_alloc_bytes	134350024
1781385812	snap	2600	otelcol	otelcol-sb-esrev1-ctr-5hn7z	otelcol_receiver_accepted_spans	376533
1781385812	snap	2600	otelcol	otelcol-sb-esrev1-ctr-5hn7z	otelcol_processor_outgoing_items	376533
1781385812	snap	2600	otelcol	otelcol-sb-esrev1-ctr-5hn7z	otelcol_exporter_queue_size	613
1781385812	snap	2600	otelcol	otelcol-sb-esrev1-ctr-m57hx	otelcol_process_memory_rss	177012736
1781385812	snap	2600	otelcol	otelcol-sb-esrev1-ctr-m57hx	otelcol_process_runtime_total_sys_memory_bytes	48269592
1781385812	snap	2600	otelcol	otelcol-sb-esrev1-ctr-m57hx	otelcol_exporter_queue_size	0
1781385812	snap	2600	otelcol	otelcol-sb-esrev1-ctr-m57hx	otelcol_exporter_queue_capacity	1001
1781385812	snap	2600	otelcol	otelcol-sb-esrev1-ctr-m57hx	otelcol_process_runtime_total_alloc_bytes	39374976
1781385812	snap	2600	otelcol	otelcol-sb-esrev1-ctr-m57hx	otelcol_process_uptime	417
1781385812	snap	2600	otelcol	otelcol-sb-esrev1-ctr-m57hx	otelcol_process_cpu_seconds	3
1781385812	snap	2600	otelcol	otelcol-sb-esrev1-ctr-m57hx	otelcol_processor_batch_metadata_cardinality	1
1781385812	snap	2600	otelcol	otelcol-sb-esrev1-ctr-m57hx	otelcol_process_runtime_heap_alloc_bytes	18763416
1781385812	snap	2600	otelcol	otelcol-sb-esrev1-ctr-9j7x7	otelcol_process_cpu_seconds	71
1781385812	snap	2600	otelcol	otelcol-sb-esrev1-ctr-9j7x7	otelcol_exporter_send_failed_spans	0
1781385812	snap	2600	otelcol	otelcol-sb-esrev1-ctr-9j7x7	otelcol_processor_incoming_items	6592081
1781385812	snap	2600	otelcol	otelcol-sb-esrev1-ctr-9j7x7	otelcol_process_memory_rss	319246336
1781385812	snap	2600	otelcol	otelcol-sb-esrev1-ctr-9j7x7	otelcol_exporter_sent_spans	383112
1781385812	snap	2600	otelcol	otelcol-sb-esrev1-ctr-9j7x7	otelcol_exporter_queue_batch_send_size_sum	625774
1781385812	snap	2600	otelcol	otelcol-sb-esrev1-ctr-9j7x7	otelcol_processor_outgoing_items	625774
1781385812	snap	2600	otelcol	otelcol-sb-esrev1-ctr-9j7x7	otelcol_processor_batch_batch_send_size_sum	625774
1781385812	snap	2600	otelcol	otelcol-sb-esrev1-ctr-9j7x7	otelcol_process_runtime_heap_alloc_bytes	128709584
1781385812	snap	2600	otelcol	otelcol-sb-esrev1-ctr-9j7x7	otelcol_process_runtime_total_sys_memory_bytes	221112632
1781385812	snap	2600	otelcol	otelcol-sb-esrev1-ctr-9j7x7	otelcol_receiver_refused_spans	5966307
1781385812	snap	2600	otelcol	otelcol-sb-esrev1-ctr-9j7x7	otelcol_processor_batch_metadata_cardinality	1
1781385812	snap	2600	otelcol	otelcol-sb-esrev1-ctr-9j7x7	otelcol_receiver_failed_spans	0
1781385812	snap	2600	otelcol	otelcol-sb-esrev1-ctr-9j7x7	otelcol_processor_batch_timeout_trigger_send	1079
1781385812	snap	2600	otelcol	otelcol-sb-esrev1-ctr-9j7x7	otelcol_exporter_queue_size	186
1781385812	snap	2600	otelcol	otelcol-sb-esrev1-ctr-9j7x7	otelcol_receiver_accepted_spans	625774
1781385812	snap	2600	otelcol	otelcol-sb-esrev1-ctr-9j7x7	otelcol_process_uptime	418
1781385812	snap	2600	otelcol	otelcol-sb-esrev1-ctr-9j7x7	otelcol_process_runtime_total_alloc_bytes	4015007752
1781385812	snap	2600	otelcol	otelcol-sb-esrev1-ctr-9j7x7	otelcol_exporter_queue_capacity	1001
1781385812	snap	2600	otelcol	otelcol-sb-esrev1-ctr-rbg9n	otelcol_exporter_queue_capacity	1001
1781385812	snap	2600	otelcol	otelcol-sb-esrev1-ctr-rbg9n	otelcol_process_cpu_seconds	64
1781385812	snap	2600	otelcol	otelcol-sb-esrev1-ctr-rbg9n	otelcol_exporter_send_failed_spans	0
1781385812	snap	2600	otelcol	otelcol-sb-esrev1-ctr-rbg9n	otelcol_receiver_refused_spans	2801121
1781385812	snap	2600	otelcol	otelcol-sb-esrev1-ctr-rbg9n	otelcol_process_runtime_total_alloc_bytes	3111548288
1781385812	snap	2600	otelcol	otelcol-sb-esrev1-ctr-rbg9n	otelcol_process_memory_rss	321716224
1781385812	snap	2600	otelcol	otelcol-sb-esrev1-ctr-rbg9n	otelcol_processor_batch_metadata_cardinality	1
1781385812	snap	2600	otelcol	otelcol-sb-esrev1-ctr-rbg9n	otelcol_processor_batch_timeout_trigger_send	814
1781385812	snap	2600	otelcol	otelcol-sb-esrev1-ctr-rbg9n	otelcol_receiver_failed_spans	0
1781385812	snap	2600	otelcol	otelcol-sb-esrev1-ctr-rbg9n	otelcol_process_runtime_heap_alloc_bytes	129389472
1781385812	snap	2600	otelcol	otelcol-sb-esrev1-ctr-rbg9n	otelcol_exporter_sent_spans	867584
1781385812	snap	2600	otelcol	otelcol-sb-esrev1-ctr-rbg9n	otelcol_processor_incoming_items	3901119
1781385812	snap	2600	otelcol	otelcol-sb-esrev1-ctr-rbg9n	otelcol_processor_outgoing_items	1099998
1781385812	snap	2600	otelcol	otelcol-sb-esrev1-ctr-rbg9n	otelcol_receiver_accepted_spans	1099998
1781385812	snap	2600	otelcol	otelcol-sb-esrev1-ctr-rbg9n	otelcol_processor_batch_batch_send_size_sum	1099998
1781385812	snap	2600	otelcol	otelcol-sb-esrev1-ctr-rbg9n	otelcol_process_uptime	417
1781385812	snap	2600	otelcol	otelcol-sb-esrev1-ctr-rbg9n	otelcol_exporter_queue_size	105
1781385812	snap	2600	otelcol	otelcol-sb-esrev1-ctr-rbg9n	otelcol_exporter_queue_batch_send_size_sum	1099998
1781385812	snap	2600	otelcol	otelcol-sb-esrev1-ctr-rbg9n	otelcol_process_runtime_total_sys_memory_bytes	232847688
1781385812	snap	2600	otelcol	otelcol-sb-esrev1-ctr-qd64d	otelcol_receiver_accepted_spans	472626
1781385812	snap	2600	otelcol	otelcol-sb-esrev1-ctr-qd64d	otelcol_process_runtime_total_sys_memory_bytes	197822776
1781385812	snap	2600	otelcol	otelcol-sb-esrev1-ctr-qd64d	otelcol_processor_incoming_items	808236
1781385812	snap	2600	otelcol	otelcol-sb-esrev1-ctr-qd64d	otelcol_process_uptime	419
1781385812	snap	2600	otelcol	otelcol-sb-esrev1-ctr-qd64d	otelcol_exporter_send_failed_spans	0
1781385812	snap	2600	otelcol	otelcol-sb-esrev1-ctr-qd64d	otelcol_exporter_queue_capacity	1001
1781385812	snap	2600	otelcol	otelcol-sb-esrev1-ctr-qd64d	otelcol_processor_outgoing_items	472626
1781385812	snap	2600	otelcol	otelcol-sb-esrev1-ctr-qd64d	otelcol_exporter_queue_size	325
1781385812	snap	2600	otelcol	otelcol-sb-esrev1-ctr-qd64d	otelcol_processor_batch_metadata_cardinality	1
1781385812	snap	2600	otelcol	otelcol-sb-esrev1-ctr-qd64d	otelcol_processor_batch_timeout_trigger_send	1043
1781385812	snap	2600	otelcol	otelcol-sb-esrev1-ctr-qd64d	otelcol_process_runtime_heap_alloc_bytes	130823696
1781385812	snap	2600	otelcol	otelcol-sb-esrev1-ctr-qd64d	otelcol_processor_batch_batch_send_size_sum	472626
1781385812	snap	2600	otelcol	otelcol-sb-esrev1-ctr-qd64d	otelcol_process_memory_rss	322572288
1781385812	snap	2600	otelcol	otelcol-sb-esrev1-ctr-qd64d	otelcol_receiver_refused_spans	335610
1781385812	snap	2600	otelcol	otelcol-sb-esrev1-ctr-qd64d	otelcol_process_cpu_seconds	16
1781385812	snap	2600	otelcol	otelcol-sb-esrev1-ctr-qd64d	otelcol_exporter_queue_batch_send_size_sum	472626
1781385812	snap	2600	otelcol	otelcol-sb-esrev1-ctr-qd64d	otelcol_receiver_failed_spans	0
1781385812	snap	2600	otelcol	otelcol-sb-esrev1-ctr-qd64d	otelcol_exporter_sent_spans	196990
1781385812	snap	2600	otelcol	otelcol-sb-esrev1-ctr-qd64d	otelcol_process_runtime_total_alloc_bytes	555839040
1781385812	snap	2600	otelcol	otelcol-sb-esrev1-ctr-jjcwc	otelcol_process_runtime_total_alloc_bytes	292055640
1781385812	snap	2600	otelcol	otelcol-sb-esrev1-ctr-jjcwc	otelcol_process_runtime_heap_alloc_bytes	137481984
1781385812	snap	2600	otelcol	otelcol-sb-esrev1-ctr-jjcwc	otelcol_receiver_failed_spans	0
1781385812	snap	2600	otelcol	otelcol-sb-esrev1-ctr-jjcwc	otelcol_process_memory_rss	321552384
1781385812	snap	2600	otelcol	otelcol-sb-esrev1-ctr-jjcwc	otelcol_exporter_queue_size	594
1781385812	snap	2600	otelcol	otelcol-sb-esrev1-ctr-jjcwc	otelcol_receiver_accepted_spans	370995
1781385812	snap	2600	otelcol	otelcol-sb-esrev1-ctr-jjcwc	otelcol_processor_incoming_items	404118
1781385812	snap	2600	otelcol	otelcol-sb-esrev1-ctr-jjcwc	otelcol_processor_batch_metadata_cardinality	1
1781385812	snap	2600	otelcol	otelcol-sb-esrev1-ctr-jjcwc	otelcol_exporter_queue_capacity	1001
1781385812	snap	2600	otelcol	otelcol-sb-esrev1-ctr-jjcwc	otelcol_processor_outgoing_items	370995
1781385812	snap	2600	otelcol	otelcol-sb-esrev1-ctr-jjcwc	otelcol_processor_batch_timeout_trigger_send	1325
1781385812	snap	2600	otelcol	otelcol-sb-esrev1-ctr-jjcwc	otelcol_process_runtime_total_sys_memory_bytes	187861304
1781385812	snap	2600	otelcol	otelcol-sb-esrev1-ctr-jjcwc	otelcol_receiver_refused_spans	33123
1781385812	snap	2600	otelcol	otelcol-sb-esrev1-ctr-jjcwc	otelcol_exporter_send_failed_spans	0
1781385812	snap	2600	otelcol	otelcol-sb-esrev1-ctr-jjcwc	otelcol_exporter_queue_batch_send_size_sum	370995
1781385812	snap	2600	otelcol	otelcol-sb-esrev1-ctr-jjcwc	otelcol_processor_batch_batch_send_size_sum	370995
1781385812	snap	2600	otelcol	otelcol-sb-esrev1-ctr-jjcwc	otelcol_process_cpu_seconds	10
1781385812	snap	2600	otelcol	otelcol-sb-esrev1-ctr-jjcwc	otelcol_process_uptime	419
1781385812	snap	2600	otelcol	otelcol-sb-esrev1-ctr-jjcwc	otelcol_exporter_sent_spans	103867
1781385812	snap	2600	otelcol	otelcol-sb-esrev1-ctr-64dpb	otelcol_exporter_queue_batch_send_size_sum	370985
1781385812	snap	2600	otelcol	otelcol-sb-esrev1-ctr-64dpb	otelcol_exporter_send_failed_spans	0
1781385812	snap	2600	otelcol	otelcol-sb-esrev1-ctr-64dpb	otelcol_exporter_queue_size	601
1781385812	snap	2600	otelcol	otelcol-sb-esrev1-ctr-64dpb	otelcol_process_runtime_total_alloc_bytes	275714224
1781385812	snap	2600	otelcol	otelcol-sb-esrev1-ctr-64dpb	otelcol_processor_batch_metadata_cardinality	1
1781385812	snap	2600	otelcol	otelcol-sb-esrev1-ctr-64dpb	otelcol_process_runtime_heap_alloc_bytes	129435008
1781385812	snap	2600	otelcol	otelcol-sb-esrev1-ctr-64dpb	otelcol_processor_batch_timeout_trigger_send	1324
1781385812	snap	2600	otelcol	otelcol-sb-esrev1-ctr-64dpb	otelcol_process_memory_rss	320868352
1781385812	snap	2600	otelcol	otelcol-sb-esrev1-ctr-64dpb	otelcol_receiver_refused_spans	33124
1781385812	snap	2600	otelcol	otelcol-sb-esrev1-ctr-64dpb	otelcol_receiver_failed_spans	0
1781385812	snap	2600	otelcol	otelcol-sb-esrev1-ctr-64dpb	otelcol_receiver_accepted_spans	370985
1781385812	snap	2600	otelcol	otelcol-sb-esrev1-ctr-64dpb	otelcol_processor_incoming_items	404109
1781385812	snap	2600	otelcol	otelcol-sb-esrev1-ctr-64dpb	otelcol_process_cpu_seconds	10
1781385812	snap	2600	otelcol	otelcol-sb-esrev1-ctr-64dpb	otelcol_exporter_queue_capacity	1001
1781385812	snap	2600	otelcol	otelcol-sb-esrev1-ctr-64dpb	otelcol_processor_outgoing_items	370985
1781385812	snap	2600	otelcol	otelcol-sb-esrev1-ctr-64dpb	otelcol_processor_batch_batch_send_size_sum	370985
1781385812	snap	2600	otelcol	otelcol-sb-esrev1-ctr-64dpb	otelcol_process_uptime	418
1781385812	snap	2600	otelcol	otelcol-sb-esrev1-ctr-64dpb	otelcol_process_runtime_total_sys_memory_bytes	187316520
1781385812	snap	2600	otelcol	otelcol-sb-esrev1-ctr-64dpb	otelcol_exporter_sent_spans	101514
1781385812	snap	2600	otelcol	otelcol-sb-esrev1-ctr-lmnfn	otelcol_processor_batch_timeout_trigger_send	1284
1781385812	snap	2600	otelcol	otelcol-sb-esrev1-ctr-lmnfn	otelcol_processor_batch_batch_send_size_sum	708269
1781385812	snap	2600	otelcol	otelcol-sb-esrev1-ctr-lmnfn	otelcol_process_runtime_total_alloc_bytes	979421000
1781385812	snap	2600	otelcol	otelcol-sb-esrev1-ctr-lmnfn	otelcol_process_runtime_heap_alloc_bytes	123652568
1781385812	snap	2600	otelcol	otelcol-sb-esrev1-ctr-lmnfn	otelcol_exporter_queue_batch_send_size_sum	708269
1781385812	snap	2600	otelcol	otelcol-sb-esrev1-ctr-lmnfn	otelcol_process_uptime	418
1781385812	snap	2600	otelcol	otelcol-sb-esrev1-ctr-lmnfn	otelcol_process_cpu_seconds	23
1781385812	snap	2600	otelcol	otelcol-sb-esrev1-ctr-lmnfn	otelcol_exporter_send_failed_spans	0
1781385812	snap	2600	otelcol	otelcol-sb-esrev1-ctr-lmnfn	otelcol_exporter_sent_spans	442102
1781385812	snap	2600	otelcol	otelcol-sb-esrev1-ctr-lmnfn	otelcol_receiver_refused_spans	983469
1781385812	snap	2600	otelcol	otelcol-sb-esrev1-ctr-lmnfn	otelcol_processor_incoming_items	1691738
1781385812	snap	2600	otelcol	otelcol-sb-esrev1-ctr-lmnfn	otelcol_receiver_accepted_spans	708269
1781385812	snap	2600	otelcol	otelcol-sb-esrev1-ctr-lmnfn	otelcol_processor_outgoing_items	708269
1781385812	snap	2600	otelcol	otelcol-sb-esrev1-ctr-lmnfn	otelcol_process_runtime_total_sys_memory_bytes	197568824
1781385812	snap	2600	otelcol	otelcol-sb-esrev1-ctr-lmnfn	otelcol_process_memory_rss	320294912
1781385812	snap	2600	otelcol	otelcol-sb-esrev1-ctr-lmnfn	otelcol_receiver_failed_spans	0
1781385812	snap	2600	otelcol	otelcol-sb-esrev1-ctr-lmnfn	otelcol_processor_batch_metadata_cardinality	1
1781385812	snap	2600	otelcol	otelcol-sb-esrev1-ctr-lmnfn	otelcol_exporter_queue_size	418
1781385812	snap	2600	otelcol	otelcol-sb-esrev1-ctr-lmnfn	otelcol_exporter_queue_capacity	1001
1781385812	snap	2600	k8s	otelcol-sb-esrev1-ctr-5hn7z	restart_count	0
1781385812	snap	2600	k8s	otelcol-sb-esrev1-ctr-64dpb	restart_count	0
1781385812	snap	2600	k8s	otelcol-sb-esrev1-ctr-9j7x7	restart_count	0
1781385812	snap	2600	k8s	otelcol-sb-esrev1-ctr-jjcwc	restart_count	0
1781385812	snap	2600	k8s	otelcol-sb-esrev1-ctr-lmnfn	restart_count	0
1781385812	snap	2600	k8s	otelcol-sb-esrev1-ctr-m57hx	restart_count	0
1781385812	snap	2600	k8s	otelcol-sb-esrev1-ctr-qd64d	restart_count	0
1781385812	snap	2600	k8s	otelcol-sb-esrev1-ctr-rbg9n	restart_count	0
1781385812	snap	2600	k8s	otelcol-sb-esrev1-ctr-w5r65	restart_count	0
1781385812	snap	2600	sdk	wrk2api	spans_received	885399
1781385812	snap	2600	sdk	wrk2api	spans_sent	458525
1781385812	snap	2600	sdk	wrk2api	spans_dropped	0
1781385812	snap	2600	sdk	wrk2api	spans_flushed	885399
1781385812	snap	2600	sdk	wrk2api	batches_sent	4250
1781385812	snap	2600	sdk	wrk2api	batches_dropped	0
1781385812	snap	2600	sdk	wrk2api	send_unavailable	0
1781385812	snap	2600	sdk	wrk2api	send_deadline	0
1781385812	snap	2600	sdk	wrk2api	send_exhausted	0
1781385812	snap	2600	sdk	wrk2api	send_canceled	0
1781385812	snap	2600	sdk	wrk2api	send_other	0
1781385812	snap	2600	sdk	wrk2api	buffer_depth	0
0
1781385812	snap	2600	sdk	wrk2api	cp_received	442695
1781385812	snap	2600	sdk	wrk2api	lp_received	442704
1781385812	snap	2600	sdk	wrk2api	cp_sent	283026
1781385812	snap	2600	sdk	wrk2api	lp_sent	175499
1781385812	snap	2600	sdk	wrk2api	cp_dropped	0
1781385812	snap	2600	sdk	wrk2api	lp_dropped	0
1781385812	snap	2600	sdk	composepost	spans_received	3232935
1781385812	snap	2600	sdk	composepost	spans_sent	961556
1781385812	snap	2600	sdk	composepost	spans_dropped	2271379
1781385812	snap	2600	sdk	composepost	spans_flushed	3232935
1781385812	snap	2600	sdk	composepost	batches_sent	12285
1781385812	snap	2600	sdk	composepost	batches_dropped	10077
1781385812	snap	2600	sdk	composepost	send_unavailable	9027
1781385812	snap	2600	sdk	composepost	send_deadline	1050
1781385812	snap	2600	sdk	composepost	send_exhausted	0
1781385812	snap	2600	sdk	composepost	send_canceled	0
1781385812	snap	2600	sdk	composepost	send_other	0
1781385812	snap	2600	sdk	composepost	buffer_depth	0
0
1781385812	snap	2600	sdk	composepost	cp_received	2828817
1781385812	snap	2600	sdk	composepost	lp_received	404118
1781385812	snap	2600	sdk	composepost	cp_sent	892307
1781385812	snap	2600	sdk	composepost	lp_sent	69249
1781385812	snap	2600	sdk	composepost	cp_dropped	1936510
1781385812	snap	2600	sdk	composepost	lp_dropped	334869
1781385812	snap	2600	sdk	hometimeline	spans_received	808218
1781385812	snap	2600	sdk	hometimeline	spans_sent	138442
1781385812	snap	2600	sdk	hometimeline	spans_dropped	669776
1781385812	snap	2600	sdk	hometimeline	spans_flushed	808218
1781385812	snap	2600	sdk	hometimeline	batches_sent	2574
1781385812	snap	2600	sdk	hometimeline	batches_dropped	3018
1781385812	snap	2600	sdk	hometimeline	send_unavailable	2996
1781385812	snap	2600	sdk	hometimeline	send_deadline	22
1781385812	snap	2600	sdk	hometimeline	send_exhausted	0
1781385812	snap	2600	sdk	hometimeline	send_canceled	0
1781385812	snap	2600	sdk	hometimeline	send_other	0
1781385812	snap	2600	sdk	hometimeline	buffer_depth	0
0
1781385812	snap	2600	sdk	hometimeline	cp_received	0
1781385812	snap	2600	sdk	hometimeline	lp_received	808218
1781385812	snap	2600	sdk	hometimeline	cp_sent	0
1781385812	snap	2600	sdk	hometimeline	lp_sent	138442
1781385812	snap	2600	sdk	hometimeline	cp_dropped	0
1781385812	snap	2600	sdk	hometimeline	lp_dropped	669776
1781385812	snap	2600	sdk	media	spans_received	404118
1781385812	snap	2600	sdk	media	spans_sent	273834
1781385812	snap	2600	sdk	media	spans_dropped	130284
1781385812	snap	2600	sdk	media	spans_flushed	404118
1781385812	snap	2600	sdk	media	batches_sent	2229
1781385812	snap	2600	sdk	media	batches_dropped	566
1781385812	snap	2600	sdk	media	send_unavailable	566
1781385812	snap	2600	sdk	media	send_deadline	0
1781385812	snap	2600	sdk	media	send_exhausted	0
1781385812	snap	2600	sdk	media	send_canceled	0
1781385812	snap	2600	sdk	media	send_other	0
1781385812	snap	2600	sdk	media	buffer_depth	0
0
1781385812	snap	2600	sdk	media	cp_received	404118
1781385812	snap	2600	sdk	media	lp_received	0
1781385812	snap	2600	sdk	media	cp_sent	273834
1781385812	snap	2600	sdk	media	lp_sent	0
1781385812	snap	2600	sdk	media	cp_dropped	130284
1781385812	snap	2600	sdk	media	lp_dropped	0
1781385812	snap	2600	sdk	post-storage	spans_received	404109
1781385812	snap	2600	sdk	post-storage	spans_sent	370985
1781385812	snap	2600	sdk	post-storage	spans_dropped	33124
1781385812	snap	2600	sdk	post-storage	spans_flushed	404109
1781385812	snap	2600	sdk	post-storage	batches_sent	2655
1781385812	snap	2600	sdk	post-storage	batches_dropped	139
1781385812	snap	2600	sdk	post-storage	send_unavailable	139
1781385812	snap	2600	sdk	post-storage	send_deadline	0
1781385812	snap	2600	sdk	post-storage	send_exhausted	0
1781385812	snap	2600	sdk	post-storage	send_canceled	0
1781385812	snap	2600	sdk	post-storage	send_other	0
1781385812	snap	2600	sdk	post-storage	buffer_depth	0
0
1781385812	snap	2600	sdk	post-storage	cp_received	404109
1781385812	snap	2600	sdk	post-storage	lp_received	0
1781385812	snap	2600	sdk	post-storage	cp_sent	370985
1781385812	snap	2600	sdk	post-storage	lp_sent	0
1781385812	snap	2600	sdk	post-storage	cp_dropped	33124
1781385812	snap	2600	sdk	post-storage	lp_dropped	0
1781385812	snap	2600	sdk	socialgraph	spans_received	517943
1781385812	snap	2600	sdk	socialgraph	spans_sent	477473
1781385812	snap	2600	sdk	socialgraph	spans_dropped	40470
1781385812	snap	2600	sdk	socialgraph	spans_flushed	517943
1781385812	snap	2600	sdk	socialgraph	batches_sent	3133
1781385812	snap	2600	sdk	socialgraph	batches_dropped	173
1781385812	snap	2600	sdk	socialgraph	send_unavailable	173
1781385812	snap	2600	sdk	socialgraph	send_deadline	0
1781385812	snap	2600	sdk	socialgraph	send_exhausted	0
1781385812	snap	2600	sdk	socialgraph	send_canceled	0
1781385812	snap	2600	sdk	socialgraph	send_other	0
1781385812	snap	2600	sdk	socialgraph	buffer_depth	0
0
1781385812	snap	2600	sdk	socialgraph	cp_received	480319
1781385812	snap	2600	sdk	socialgraph	lp_received	37624
1781385812	snap	2600	sdk	socialgraph	cp_sent	443013
1781385812	snap	2600	sdk	socialgraph	lp_sent	34460
1781385812	snap	2600	sdk	socialgraph	cp_dropped	37306
1781385812	snap	2600	sdk	socialgraph	lp_dropped	3164
1781385812	snap	2600	sdk	text	spans_received	1212372
1781385812	snap	2600	sdk	text	spans_sent	359187
1781385812	snap	2600	sdk	text	spans_dropped	853185
1781385812	snap	2600	sdk	text	spans_flushed	1212372
1781385812	snap	2600	sdk	text	batches_sent	4632
1781385812	snap	2600	sdk	text	batches_dropped	3756
1781385812	snap	2600	sdk	text	send_unavailable	3756
1781385812	snap	2600	sdk	text	send_deadline	0
1781385812	snap	2600	sdk	text	send_exhausted	0
1781385812	snap	2600	sdk	text	send_canceled	0
1781385812	snap	2600	sdk	text	send_other	0
1781385812	snap	2600	sdk	text	buffer_depth	0
0
1781385812	snap	2600	sdk	text	cp_received	0
1781385812	snap	2600	sdk	text	lp_received	1212372
1781385812	snap	2600	sdk	text	cp_sent	0
1781385812	snap	2600	sdk	text	lp_sent	359187
1781385812	snap	2600	sdk	text	cp_dropped	0
1781385812	snap	2600	sdk	text	lp_dropped	853185
1781385812	snap	2600	sdk	uniqueid	spans_received	404118
1781385812	snap	2600	sdk	uniqueid	spans_sent	235965
1781385812	snap	2600	sdk	uniqueid	spans_dropped	168153
1781385812	snap	2600	sdk	uniqueid	spans_flushed	404118
1781385812	snap	2600	sdk	uniqueid	batches_sent	2075
1781385812	snap	2600	sdk	uniqueid	batches_dropped	720
1781385812	snap	2600	sdk	uniqueid	send_unavailable	720
1781385812	snap	2600	sdk	uniqueid	send_deadline	0
1781385812	snap	2600	sdk	uniqueid	send_exhausted	0
1781385812	snap	2600	sdk	uniqueid	send_canceled	0
1781385812	snap	2600	sdk	uniqueid	send_other	0
1781385812	snap	2600	sdk	uniqueid	buffer_depth	0
0
1781385812	snap	2600	sdk	uniqueid	cp_received	404118
1781385812	snap	2600	sdk	uniqueid	lp_received	0
1781385812	snap	2600	sdk	uniqueid	cp_sent	235965
1781385812	snap	2600	sdk	uniqueid	lp_sent	0
1781385812	snap	2600	sdk	uniqueid	cp_dropped	168153
1781385812	snap	2600	sdk	uniqueid	lp_dropped	0
1781385812	snap	2600	sdk	urlshorten	spans_received	404118
1781385812	snap	2600	sdk	urlshorten	spans_sent	370995
1781385812	snap	2600	sdk	urlshorten	spans_dropped	33123
1781385812	snap	2600	sdk	urlshorten	spans_flushed	404118
1781385812	snap	2600	sdk	urlshorten	batches_sent	2655
1781385812	snap	2600	sdk	urlshorten	batches_dropped	140
1781385812	snap	2600	sdk	urlshorten	send_unavailable	140
1781385812	snap	2600	sdk	urlshorten	send_deadline	0
1781385812	snap	2600	sdk	urlshorten	send_exhausted	0
1781385812	snap	2600	sdk	urlshorten	send_canceled	0
1781385812	snap	2600	sdk	urlshorten	send_other	0
1781385812	snap	2600	sdk	urlshorten	buffer_depth	0
0
1781385812	snap	2600	sdk	urlshorten	cp_received	404118
1781385812	snap	2600	sdk	urlshorten	lp_received	0
1781385812	snap	2600	sdk	urlshorten	cp_sent	370995
1781385812	snap	2600	sdk	urlshorten	lp_sent	0
1781385812	snap	2600	sdk	urlshorten	cp_dropped	33123
1781385812	snap	2600	sdk	urlshorten	lp_dropped	0
1781385812	snap	2600	sdk	user	spans_received	406042
1781385812	snap	2600	sdk	user	spans_sent	166363
1781385812	snap	2600	sdk	user	spans_dropped	239679
1781385812	snap	2600	sdk	user	spans_flushed	406042
1781385812	snap	2600	sdk	user	batches_sent	1761
1781385812	snap	2600	sdk	user	batches_dropped	1044
1781385812	snap	2600	sdk	user	send_unavailable	1044
1781385812	snap	2600	sdk	user	send_deadline	0
1781385812	snap	2600	sdk	user	send_exhausted	0
1781385812	snap	2600	sdk	user	send_canceled	0
1781385812	snap	2600	sdk	user	send_other	0
1781385812	snap	2600	sdk	user	buffer_depth	0
0
1781385812	snap	2600	sdk	user	cp_received	405080
1781385812	snap	2600	sdk	user	lp_received	962
1781385812	snap	2600	sdk	user	cp_sent	165401
1781385812	snap	2600	sdk	user	lp_sent	962
1781385812	snap	2600	sdk	user	cp_dropped	239679
1781385812	snap	2600	sdk	user	lp_dropped	0
1781385812	snap	2600	sdk	userid	spans_received	75248
1781385812	snap	2600	sdk	userid	spans_sent	75248
1781385812	snap	2600	sdk	userid	spans_dropped	0
1781385812	snap	2600	sdk	userid	spans_flushed	75248
1781385812	snap	2600	sdk	userid	batches_sent	250
1781385812	snap	2600	sdk	userid	batches_dropped	0
1781385812	snap	2600	sdk	userid	send_unavailable	0
1781385812	snap	2600	sdk	userid	send_deadline	0
1781385812	snap	2600	sdk	userid	send_exhausted	0
1781385812	snap	2600	sdk	userid	send_canceled	0
1781385812	snap	2600	sdk	userid	send_other	0
1781385812	snap	2600	sdk	userid	buffer_depth	0
0
1781385812	snap	2600	sdk	userid	cp_received	75248
1781385812	snap	2600	sdk	userid	lp_received	0
1781385812	snap	2600	sdk	userid	cp_sent	75248
1781385812	snap	2600	sdk	userid	lp_sent	0
1781385812	snap	2600	sdk	userid	cp_dropped	0
1781385812	snap	2600	sdk	userid	lp_dropped	0
1781385812	snap	2600	sdk	usermention	spans_received	404118
1781385812	snap	2600	sdk	usermention	spans_sent	236661
1781385812	snap	2600	sdk	usermention	spans_dropped	167457
1781385812	snap	2600	sdk	usermention	spans_flushed	404118
1781385812	snap	2600	sdk	usermention	batches_sent	2079
1781385812	snap	2600	sdk	usermention	batches_dropped	716
1781385812	snap	2600	sdk	usermention	send_unavailable	716
1781385812	snap	2600	sdk	usermention	send_deadline	0
1781385812	snap	2600	sdk	usermention	send_exhausted	0
1781385812	snap	2600	sdk	usermention	send_canceled	0
1781385812	snap	2600	sdk	usermention	send_other	0
1781385812	snap	2600	sdk	usermention	buffer_depth	0
0
1781385812	snap	2600	sdk	usermention	cp_received	404118
1781385812	snap	2600	sdk	usermention	lp_received	0
1781385812	snap	2600	sdk	usermention	cp_sent	236661
1781385812	snap	2600	sdk	usermention	lp_sent	0
1781385812	snap	2600	sdk	usermention	cp_dropped	167457
1781385812	snap	2600	sdk	usermention	lp_dropped	0
1781385812	snap	2600	sdk	usertimeline	spans_received	404109
1781385812	snap	2600	sdk	usertimeline	spans_sent	376533
1781385812	snap	2600	sdk	usertimeline	spans_dropped	27576
1781385812	snap	2600	sdk	usertimeline	spans_flushed	404109
1781385812	snap	2600	sdk	usertimeline	batches_sent	2679
1781385812	snap	2600	sdk	usertimeline	batches_dropped	116
1781385812	snap	2600	sdk	usertimeline	send_unavailable	116
1781385812	snap	2600	sdk	usertimeline	send_deadline	0
1781385812	snap	2600	sdk	usertimeline	send_exhausted	0
1781385812	snap	2600	sdk	usertimeline	send_canceled	0
1781385812	snap	2600	sdk	usertimeline	send_other	0
1781385812	snap	2600	sdk	usertimeline	buffer_depth	0
0
1781385812	snap	2600	sdk	usertimeline	cp_received	404109
1781385812	snap	2600	sdk	usertimeline	lp_received	0
1781385812	snap	2600	sdk	usertimeline	cp_sent	376533
1781385812	snap	2600	sdk	usertimeline	lp_sent	0
1781385812	snap	2600	sdk	usertimeline	cp_dropped	27576
1781385812	snap	2600	sdk	usertimeline	lp_dropped	0
1781385879	snap	2600	otelcol	otelcol-sb-esrev1-ctr-w5r65	otelcol_processor_incoming_items	672674
1781385879	snap	2600	otelcol	otelcol-sb-esrev1-ctr-w5r65	otelcol_processor_batch_batch_send_size_sum	506037
1781385879	snap	2600	otelcol	otelcol-sb-esrev1-ctr-w5r65	otelcol_processor_outgoing_items	506037
1781385879	snap	2600	otelcol	otelcol-sb-esrev1-ctr-w5r65	otelcol_processor_batch_metadata_cardinality	1
1781385879	snap	2600	otelcol	otelcol-sb-esrev1-ctr-w5r65	otelcol_process_cpu_seconds	14
1781385879	snap	2600	otelcol	otelcol-sb-esrev1-ctr-w5r65	otelcol_processor_batch_timeout_trigger_send	1542
1781385879	snap	2600	otelcol	otelcol-sb-esrev1-ctr-w5r65	otelcol_receiver_refused_spans	166637
1781385879	snap	2600	otelcol	otelcol-sb-esrev1-ctr-w5r65	otelcol_process_runtime_total_sys_memory_bytes	196987192
1781385879	snap	2600	otelcol	otelcol-sb-esrev1-ctr-w5r65	otelcol_exporter_sent_spans	216182
1781385879	snap	2600	otelcol	otelcol-sb-esrev1-ctr-w5r65	otelcol_exporter_queue_size	642
1781385879	snap	2600	otelcol	otelcol-sb-esrev1-ctr-w5r65	otelcol_receiver_accepted_spans	506037
1781385879	snap	2600	otelcol	otelcol-sb-esrev1-ctr-w5r65	otelcol_process_uptime	487
1781385879	snap	2600	otelcol	otelcol-sb-esrev1-ctr-w5r65	otelcol_process_runtime_total_alloc_bytes	439517632
1781385879	snap	2600	otelcol	otelcol-sb-esrev1-ctr-w5r65	otelcol_process_runtime_heap_alloc_bytes	144510736
1781385879	snap	2600	otelcol	otelcol-sb-esrev1-ctr-w5r65	otelcol_exporter_send_failed_spans	0
1781385879	snap	2600	otelcol	otelcol-sb-esrev1-ctr-w5r65	otelcol_exporter_queue_batch_send_size_sum	506037
1781385879	snap	2600	otelcol	otelcol-sb-esrev1-ctr-w5r65	otelcol_receiver_failed_spans	0
1781385879	snap	2600	otelcol	otelcol-sb-esrev1-ctr-w5r65	otelcol_exporter_queue_capacity	1001
1781385879	snap	2600	otelcol	otelcol-sb-esrev1-ctr-w5r65	otelcol_process_memory_rss	324542464
1781385879	snap	2600	otelcol	otelcol-sb-esrev1-ctr-5hn7z	otelcol_processor_batch_metadata_cardinality	1
1781385879	snap	2600	otelcol	otelcol-sb-esrev1-ctr-5hn7z	otelcol_exporter_queue_capacity	1001
1781385879	snap	2600	otelcol	otelcol-sb-esrev1-ctr-5hn7z	otelcol_exporter_queue_batch_send_size_sum	402490
1781385879	snap	2600	otelcol	otelcol-sb-esrev1-ctr-5hn7z	otelcol_exporter_send_failed_spans	0
1781385879	snap	2600	otelcol	otelcol-sb-esrev1-ctr-5hn7z	otelcol_processor_batch_batch_send_size_sum	402490
1781385879	snap	2600	otelcol	otelcol-sb-esrev1-ctr-5hn7z	otelcol_processor_batch_timeout_trigger_send	1389
1781385879	snap	2600	otelcol	otelcol-sb-esrev1-ctr-5hn7z	otelcol_process_cpu_seconds	13
1781385879	snap	2600	otelcol	otelcol-sb-esrev1-ctr-5hn7z	otelcol_process_uptime	486
1781385879	snap	2600	otelcol	otelcol-sb-esrev1-ctr-5hn7z	otelcol_exporter_sent_spans	107514
1781385879	snap	2600	otelcol	otelcol-sb-esrev1-ctr-5hn7z	otelcol_receiver_failed_spans	0
1781385879	snap	2600	otelcol	otelcol-sb-esrev1-ctr-5hn7z	otelcol_process_runtime_total_sys_memory_bytes	188848424
1781385879	snap	2600	otelcol	otelcol-sb-esrev1-ctr-5hn7z	otelcol_receiver_refused_spans	156350
1781385879	snap	2600	otelcol	otelcol-sb-esrev1-ctr-5hn7z	otelcol_process_memory_rss	327274496
1781385879	snap	2600	otelcol	otelcol-sb-esrev1-ctr-5hn7z	otelcol_processor_incoming_items	558840
1781385879	snap	2600	otelcol	otelcol-sb-esrev1-ctr-5hn7z	otelcol_process_runtime_total_alloc_bytes	366919904
1781385879	snap	2600	otelcol	otelcol-sb-esrev1-ctr-5hn7z	otelcol_process_runtime_heap_alloc_bytes	145197032
1781385879	snap	2600	otelcol	otelcol-sb-esrev1-ctr-5hn7z	otelcol_receiver_accepted_spans	402490
1781385879	snap	2600	otelcol	otelcol-sb-esrev1-ctr-5hn7z	otelcol_processor_outgoing_items	402490
1781385879	snap	2600	otelcol	otelcol-sb-esrev1-ctr-5hn7z	otelcol_exporter_queue_size	650
1781385879	snap	2600	otelcol	otelcol-sb-esrev1-ctr-m57hx	otelcol_process_memory_rss	177524736
1781385879	snap	2600	otelcol	otelcol-sb-esrev1-ctr-m57hx	otelcol_process_runtime_total_sys_memory_bytes	48269592
1781385879	snap	2600	otelcol	otelcol-sb-esrev1-ctr-m57hx	otelcol_exporter_queue_size	0
1781385879	snap	2600	otelcol	otelcol-sb-esrev1-ctr-m57hx	otelcol_exporter_queue_capacity	1001
1781385879	snap	2600	otelcol	otelcol-sb-esrev1-ctr-m57hx	otelcol_process_runtime_total_alloc_bytes	40258552
1781385879	snap	2600	otelcol	otelcol-sb-esrev1-ctr-m57hx	otelcol_process_uptime	485
1781385879	snap	2600	otelcol	otelcol-sb-esrev1-ctr-m57hx	otelcol_process_cpu_seconds	4
1781385879	snap	2600	otelcol	otelcol-sb-esrev1-ctr-m57hx	otelcol_processor_batch_metadata_cardinality	1
1781385879	snap	2600	otelcol	otelcol-sb-esrev1-ctr-m57hx	otelcol_process_runtime_heap_alloc_bytes	18045064
1781385879	snap	2600	otelcol	otelcol-sb-esrev1-ctr-9j7x7	otelcol_process_cpu_seconds	101
1781385879	snap	2600	otelcol	otelcol-sb-esrev1-ctr-9j7x7	otelcol_exporter_send_failed_spans	0
1781385879	snap	2600	otelcol	otelcol-sb-esrev1-ctr-9j7x7	otelcol_processor_incoming_items	8818997
1781385879	snap	2600	otelcol	otelcol-sb-esrev1-ctr-9j7x7	otelcol_process_memory_rss	319504384
1781385879	snap	2600	otelcol	otelcol-sb-esrev1-ctr-9j7x7	otelcol_exporter_sent_spans	422712
1781385879	snap	2600	otelcol	otelcol-sb-esrev1-ctr-9j7x7	otelcol_exporter_queue_batch_send_size_sum	665962
1781385879	snap	2600	otelcol	otelcol-sb-esrev1-ctr-9j7x7	otelcol_processor_outgoing_items	665962
1781385879	snap	2600	otelcol	otelcol-sb-esrev1-ctr-9j7x7	otelcol_processor_batch_batch_send_size_sum	665962
1781385879	snap	2600	otelcol	otelcol-sb-esrev1-ctr-9j7x7	otelcol_process_runtime_heap_alloc_bytes	129762232
1781385879	snap	2600	otelcol	otelcol-sb-esrev1-ctr-9j7x7	otelcol_process_runtime_total_sys_memory_bytes	225306936
1781385879	snap	2600	otelcol	otelcol-sb-esrev1-ctr-9j7x7	otelcol_receiver_refused_spans	8153035
1781385879	snap	2600	otelcol	otelcol-sb-esrev1-ctr-9j7x7	otelcol_processor_batch_metadata_cardinality	1
1781385879	snap	2600	otelcol	otelcol-sb-esrev1-ctr-9j7x7	otelcol_receiver_failed_spans	0
1781385879	snap	2600	otelcol	otelcol-sb-esrev1-ctr-9j7x7	otelcol_processor_batch_timeout_trigger_send	1098
1781385879	snap	2600	otelcol	otelcol-sb-esrev1-ctr-9j7x7	otelcol_exporter_queue_size	172
1781385879	snap	2600	otelcol	otelcol-sb-esrev1-ctr-9j7x7	otelcol_receiver_accepted_spans	665962
1781385879	snap	2600	otelcol	otelcol-sb-esrev1-ctr-9j7x7	otelcol_process_uptime	485
1781385879	snap	2600	otelcol	otelcol-sb-esrev1-ctr-9j7x7	otelcol_process_runtime_total_alloc_bytes	5741728944
1781385879	snap	2600	otelcol	otelcol-sb-esrev1-ctr-9j7x7	otelcol_exporter_queue_capacity	1001
1781385879	snap	2600	otelcol	otelcol-sb-esrev1-ctr-rbg9n	otelcol_exporter_queue_capacity	1001
1781385879	snap	2600	otelcol	otelcol-sb-esrev1-ctr-rbg9n	otelcol_process_cpu_seconds	91
1781385879	snap	2600	otelcol	otelcol-sb-esrev1-ctr-rbg9n	otelcol_exporter_send_failed_spans	0
1781385879	snap	2600	otelcol	otelcol-sb-esrev1-ctr-rbg9n	otelcol_receiver_refused_spans	3806435
1781385879	snap	2600	otelcol	otelcol-sb-esrev1-ctr-rbg9n	otelcol_process_runtime_total_alloc_bytes	4207234648
1781385879	snap	2600	otelcol	otelcol-sb-esrev1-ctr-rbg9n	otelcol_process_memory_rss	321003520
1781385879	snap	2600	otelcol	otelcol-sb-esrev1-ctr-rbg9n	otelcol_processor_batch_metadata_cardinality	1
1781385879	snap	2600	otelcol	otelcol-sb-esrev1-ctr-rbg9n	otelcol_processor_batch_timeout_trigger_send	849
1781385879	snap	2600	otelcol	otelcol-sb-esrev1-ctr-rbg9n	otelcol_receiver_failed_spans	0
1781385879	snap	2600	otelcol	otelcol-sb-esrev1-ctr-rbg9n	otelcol_process_runtime_heap_alloc_bytes	135003024
1781385879	snap	2600	otelcol	otelcol-sb-esrev1-ctr-rbg9n	otelcol_exporter_sent_spans	958738
1781385879	snap	2600	otelcol	otelcol-sb-esrev1-ctr-rbg9n	otelcol_processor_incoming_items	5013094
1781385879	snap	2600	otelcol	otelcol-sb-esrev1-ctr-rbg9n	otelcol_processor_outgoing_items	1206659
1781385879	snap	2600	otelcol	otelcol-sb-esrev1-ctr-rbg9n	otelcol_receiver_accepted_spans	1206659
1781385879	snap	2600	otelcol	otelcol-sb-esrev1-ctr-rbg9n	otelcol_processor_batch_batch_send_size_sum	1206659
1781385879	snap	2600	otelcol	otelcol-sb-esrev1-ctr-rbg9n	otelcol_process_uptime	484
1781385879	snap	2600	otelcol	otelcol-sb-esrev1-ctr-rbg9n	otelcol_exporter_queue_size	103
1781385879	snap	2600	otelcol	otelcol-sb-esrev1-ctr-rbg9n	otelcol_exporter_queue_batch_send_size_sum	1206659
1781385879	snap	2600	otelcol	otelcol-sb-esrev1-ctr-rbg9n	otelcol_process_runtime_total_sys_memory_bytes	237304136
1781385879	snap	2600	otelcol	otelcol-sb-esrev1-ctr-qd64d	otelcol_receiver_accepted_spans	507776
1781385879	snap	2600	otelcol	otelcol-sb-esrev1-ctr-qd64d	otelcol_process_runtime_total_sys_memory_bytes	198093112
1781385879	snap	2600	otelcol	otelcol-sb-esrev1-ctr-qd64d	otelcol_processor_incoming_items	1117698
1781385879	snap	2600	otelcol	otelcol-sb-esrev1-ctr-qd64d	otelcol_process_uptime	486
1781385879	snap	2600	otelcol	otelcol-sb-esrev1-ctr-qd64d	otelcol_exporter_send_failed_spans	0
1781385879	snap	2600	otelcol	otelcol-sb-esrev1-ctr-qd64d	otelcol_exporter_queue_capacity	1001
1781385879	snap	2600	otelcol	otelcol-sb-esrev1-ctr-qd64d	otelcol_processor_outgoing_items	507776
1781385879	snap	2600	otelcol	otelcol-sb-esrev1-ctr-qd64d	otelcol_exporter_queue_size	330
1781385879	snap	2600	otelcol	otelcol-sb-esrev1-ctr-qd64d	otelcol_processor_batch_metadata_cardinality	1
1781385879	snap	2600	otelcol	otelcol-sb-esrev1-ctr-qd64d	otelcol_processor_batch_timeout_trigger_send	1082
1781385879	snap	2600	otelcol	otelcol-sb-esrev1-ctr-qd64d	otelcol_process_runtime_heap_alloc_bytes	145687152
1781385879	snap	2600	otelcol	otelcol-sb-esrev1-ctr-qd64d	otelcol_processor_batch_batch_send_size_sum	507776
1781385879	snap	2600	otelcol	otelcol-sb-esrev1-ctr-qd64d	otelcol_process_memory_rss	323760128
1781385879	snap	2600	otelcol	otelcol-sb-esrev1-ctr-qd64d	otelcol_receiver_refused_spans	609922
1781385879	snap	2600	otelcol	otelcol-sb-esrev1-ctr-qd64d	otelcol_process_cpu_seconds	20
1781385879	snap	2600	otelcol	otelcol-sb-esrev1-ctr-qd64d	otelcol_exporter_queue_batch_send_size_sum	507776
1781385879	snap	2600	otelcol	otelcol-sb-esrev1-ctr-qd64d	otelcol_receiver_failed_spans	0
1781385879	snap	2600	otelcol	otelcol-sb-esrev1-ctr-qd64d	otelcol_exporter_sent_spans	224190
1781385879	snap	2600	otelcol	otelcol-sb-esrev1-ctr-qd64d	otelcol_process_runtime_total_alloc_bytes	740165512
1781385879	snap	2600	otelcol	otelcol-sb-esrev1-ctr-jjcwc	otelcol_process_runtime_total_alloc_bytes	387507112
1781385879	snap	2600	otelcol	otelcol-sb-esrev1-ctr-jjcwc	otelcol_process_runtime_heap_alloc_bytes	143222504
1781385879	snap	2600	otelcol	otelcol-sb-esrev1-ctr-jjcwc	otelcol_receiver_failed_spans	0
1781385879	snap	2600	otelcol	otelcol-sb-esrev1-ctr-jjcwc	otelcol_process_memory_rss	329105408
1781385879	snap	2600	otelcol	otelcol-sb-esrev1-ctr-jjcwc	otelcol_exporter_queue_size	611
1781385879	snap	2600	otelcol	otelcol-sb-esrev1-ctr-jjcwc	otelcol_receiver_accepted_spans	393916
1781385879	snap	2600	otelcol	otelcol-sb-esrev1-ctr-jjcwc	otelcol_processor_incoming_items	558849
1781385879	snap	2600	otelcol	otelcol-sb-esrev1-ctr-jjcwc	otelcol_processor_batch_metadata_cardinality	1
1781385879	snap	2600	otelcol	otelcol-sb-esrev1-ctr-jjcwc	otelcol_exporter_queue_capacity	1001
1781385879	snap	2600	otelcol	otelcol-sb-esrev1-ctr-jjcwc	otelcol_processor_outgoing_items	393916
1781385879	snap	2600	otelcol	otelcol-sb-esrev1-ctr-jjcwc	otelcol_processor_batch_timeout_trigger_send	1372
1781385879	snap	2600	otelcol	otelcol-sb-esrev1-ctr-jjcwc	otelcol_process_runtime_total_sys_memory_bytes	192719160
1781385879	snap	2600	otelcol	otelcol-sb-esrev1-ctr-jjcwc	otelcol_receiver_refused_spans	164933
1781385879	snap	2600	otelcol	otelcol-sb-esrev1-ctr-jjcwc	otelcol_exporter_send_failed_spans	0
1781385879	snap	2600	otelcol	otelcol-sb-esrev1-ctr-jjcwc	otelcol_exporter_queue_batch_send_size_sum	393916
1781385879	snap	2600	otelcol	otelcol-sb-esrev1-ctr-jjcwc	otelcol_processor_batch_batch_send_size_sum	393916
1781385879	snap	2600	otelcol	otelcol-sb-esrev1-ctr-jjcwc	otelcol_process_cpu_seconds	12
1781385879	snap	2600	otelcol	otelcol-sb-esrev1-ctr-jjcwc	otelcol_process_uptime	486
1781385879	snap	2600	otelcol	otelcol-sb-esrev1-ctr-jjcwc	otelcol_exporter_sent_spans	115867
1781385879	snap	2600	otelcol	otelcol-sb-esrev1-ctr-64dpb	otelcol_exporter_queue_batch_send_size_sum	403817
1781385879	snap	2600	otelcol	otelcol-sb-esrev1-ctr-64dpb	otelcol_exporter_send_failed_spans	0
1781385879	snap	2600	otelcol	otelcol-sb-esrev1-ctr-64dpb	otelcol_exporter_queue_size	627
1781385879	snap	2600	otelcol	otelcol-sb-esrev1-ctr-64dpb	otelcol_process_runtime_total_alloc_bytes	357953608
1781385879	snap	2600	otelcol	otelcol-sb-esrev1-ctr-64dpb	otelcol_processor_batch_metadata_cardinality	1
1781385879	snap	2600	otelcol	otelcol-sb-esrev1-ctr-64dpb	otelcol_process_runtime_heap_alloc_bytes	138859776
1781385879	snap	2600	otelcol	otelcol-sb-esrev1-ctr-64dpb	otelcol_processor_batch_timeout_trigger_send	1389
1781385879	snap	2600	otelcol	otelcol-sb-esrev1-ctr-64dpb	otelcol_process_memory_rss	324853760
1781385879	snap	2600	otelcol	otelcol-sb-esrev1-ctr-64dpb	otelcol_receiver_refused_spans	155023
1781385879	snap	2600	otelcol	otelcol-sb-esrev1-ctr-64dpb	otelcol_receiver_failed_spans	0
1781385879	snap	2600	otelcol	otelcol-sb-esrev1-ctr-64dpb	otelcol_receiver_accepted_spans	403817
1781385879	snap	2600	otelcol	otelcol-sb-esrev1-ctr-64dpb	otelcol_processor_incoming_items	558840
1781385879	snap	2600	otelcol	otelcol-sb-esrev1-ctr-64dpb	otelcol_process_cpu_seconds	13
1781385879	snap	2600	otelcol	otelcol-sb-esrev1-ctr-64dpb	otelcol_exporter_queue_capacity	1001
1781385879	snap	2600	otelcol	otelcol-sb-esrev1-ctr-64dpb	otelcol_processor_outgoing_items	403817
1781385879	snap	2600	otelcol	otelcol-sb-esrev1-ctr-64dpb	otelcol_processor_batch_batch_send_size_sum	403817
1781385879	snap	2600	otelcol	otelcol-sb-esrev1-ctr-64dpb	otelcol_process_uptime	486
1781385879	snap	2600	otelcol	otelcol-sb-esrev1-ctr-64dpb	otelcol_process_runtime_total_sys_memory_bytes	191928616
1781385879	snap	2600	otelcol	otelcol-sb-esrev1-ctr-64dpb	otelcol_exporter_sent_spans	117114
1781385879	snap	2600	otelcol	otelcol-sb-esrev1-ctr-lmnfn	otelcol_processor_batch_timeout_trigger_send	1404
1781385879	snap	2600	otelcol	otelcol-sb-esrev1-ctr-lmnfn	otelcol_processor_batch_batch_send_size_sum	765461
1781385879	snap	2600	otelcol	otelcol-sb-esrev1-ctr-lmnfn	otelcol_process_runtime_total_alloc_bytes	1352402336
1781385879	snap	2600	otelcol	otelcol-sb-esrev1-ctr-lmnfn	otelcol_process_runtime_heap_alloc_bytes	143180416
1781385879	snap	2600	otelcol	otelcol-sb-esrev1-ctr-lmnfn	otelcol_exporter_queue_batch_send_size_sum	765461
1781385879	snap	2600	otelcol	otelcol-sb-esrev1-ctr-lmnfn	otelcol_process_uptime	485
1781385879	snap	2600	otelcol	otelcol-sb-esrev1-ctr-lmnfn	otelcol_process_cpu_seconds	29
1781385879	snap	2600	otelcol	otelcol-sb-esrev1-ctr-lmnfn	otelcol_exporter_send_failed_spans	0
1781385879	snap	2600	otelcol	otelcol-sb-esrev1-ctr-lmnfn	otelcol_exporter_sent_spans	494902
1781385879	snap	2600	otelcol	otelcol-sb-esrev1-ctr-lmnfn	otelcol_receiver_refused_spans	1545201
1781385879	snap	2600	otelcol	otelcol-sb-esrev1-ctr-lmnfn	otelcol_processor_incoming_items	2310662
1781385879	snap	2600	otelcol	otelcol-sb-esrev1-ctr-lmnfn	otelcol_receiver_accepted_spans	765461
1781385879	snap	2600	otelcol	otelcol-sb-esrev1-ctr-lmnfn	otelcol_processor_outgoing_items	765461
1781385879	snap	2600	otelcol	otelcol-sb-esrev1-ctr-lmnfn	otelcol_process_runtime_total_sys_memory_bytes	202025272
1781385879	snap	2600	otelcol	otelcol-sb-esrev1-ctr-lmnfn	otelcol_process_memory_rss	319696896
1781385879	snap	2600	otelcol	otelcol-sb-esrev1-ctr-lmnfn	otelcol_receiver_failed_spans	0
1781385879	snap	2600	otelcol	otelcol-sb-esrev1-ctr-lmnfn	otelcol_processor_batch_metadata_cardinality	1
1781385879	snap	2600	otelcol	otelcol-sb-esrev1-ctr-lmnfn	otelcol_exporter_queue_size	505
1781385879	snap	2600	otelcol	otelcol-sb-esrev1-ctr-lmnfn	otelcol_exporter_queue_capacity	1001
1781385879	snap	2600	k8s	otelcol-sb-esrev1-ctr-5hn7z	restart_count	0
1781385879	snap	2600	k8s	otelcol-sb-esrev1-ctr-64dpb	restart_count	0
1781385879	snap	2600	k8s	otelcol-sb-esrev1-ctr-9j7x7	restart_count	0
1781385879	snap	2600	k8s	otelcol-sb-esrev1-ctr-jjcwc	restart_count	0
1781385879	snap	2600	k8s	otelcol-sb-esrev1-ctr-lmnfn	restart_count	0
1781385879	snap	2600	k8s	otelcol-sb-esrev1-ctr-m57hx	restart_count	0
1781385879	snap	2600	k8s	otelcol-sb-esrev1-ctr-qd64d	restart_count	0
1781385879	snap	2600	k8s	otelcol-sb-esrev1-ctr-rbg9n	restart_count	0
1781385879	snap	2600	k8s	otelcol-sb-esrev1-ctr-w5r65	restart_count	0
1781385879	snap	2600	sdk	wrk2api	spans_received	1194861
1781385879	snap	2600	sdk	wrk2api	spans_sent	490665
1781385879	snap	2600	sdk	wrk2api	spans_dropped	0
1781385879	snap	2600	sdk	wrk2api	spans_flushed	1194861
1781385879	snap	2600	sdk	wrk2api	batches_sent	4376
1781385879	snap	2600	sdk	wrk2api	batches_dropped	0
1781385879	snap	2600	sdk	wrk2api	send_unavailable	0
1781385879	snap	2600	sdk	wrk2api	send_deadline	0
1781385879	snap	2600	sdk	wrk2api	send_exhausted	0
1781385879	snap	2600	sdk	wrk2api	send_canceled	0
1781385879	snap	2600	sdk	wrk2api	send_other	0
1781385879	snap	2600	sdk	wrk2api	buffer_depth	0
0
1781385879	snap	2600	sdk	wrk2api	cp_received	597426
1781385879	snap	2600	sdk	wrk2api	lp_received	597435
1781385879	snap	2600	sdk	wrk2api	cp_sent	315166
1781385879	snap	2600	sdk	wrk2api	lp_sent	175499
1781385879	snap	2600	sdk	wrk2api	cp_dropped	0
1781385879	snap	2600	sdk	wrk2api	lp_dropped	0
1781385879	snap	2600	sdk	composepost	spans_received	4470783
1781385879	snap	2600	sdk	composepost	spans_sent	1065954
1781385879	snap	2600	sdk	composepost	spans_dropped	3404829
1781385879	snap	2600	sdk	composepost	spans_flushed	4470783
1781385879	snap	2600	sdk	composepost	batches_sent	12692
1781385879	snap	2600	sdk	composepost	batches_dropped	14480
1781385879	snap	2600	sdk	composepost	send_unavailable	10899
1781385879	snap	2600	sdk	composepost	send_deadline	3581
1781385879	snap	2600	sdk	composepost	send_exhausted	0
1781385879	snap	2600	sdk	composepost	send_canceled	0
1781385879	snap	2600	sdk	composepost	send_other	0
1781385879	snap	2600	sdk	composepost	buffer_depth	0
0
1781385879	snap	2600	sdk	composepost	cp_received	3911934
1781385879	snap	2600	sdk	composepost	lp_received	558849
1781385879	snap	2600	sdk	composepost	cp_sent	996705
1781385879	snap	2600	sdk	composepost	lp_sent	69249
1781385879	snap	2600	sdk	composepost	cp_dropped	2915229
1781385879	snap	2600	sdk	composepost	lp_dropped	489600
1781385879	snap	2600	sdk	hometimeline	spans_received	1117680
1781385879	snap	2600	sdk	hometimeline	spans_sent	138442
1781385879	snap	2600	sdk	hometimeline	spans_dropped	979238
1781385879	snap	2600	sdk	hometimeline	spans_flushed	1117680
1781385879	snap	2600	sdk	hometimeline	batches_sent	2574
1781385879	snap	2600	sdk	hometimeline	batches_dropped	4220
1781385879	snap	2600	sdk	hometimeline	send_unavailable	4076
1781385879	snap	2600	sdk	hometimeline	send_deadline	144
1781385879	snap	2600	sdk	hometimeline	send_exhausted	0
1781385879	snap	2600	sdk	hometimeline	send_canceled	0
1781385879	snap	2600	sdk	hometimeline	send_other	0
1781385879	snap	2600	sdk	hometimeline	buffer_depth	0
0
1781385879	snap	2600	sdk	hometimeline	cp_received	0
1781385879	snap	2600	sdk	hometimeline	lp_received	1117680
1781385879	snap	2600	sdk	hometimeline	cp_sent	0
1781385879	snap	2600	sdk	hometimeline	lp_sent	138442
1781385879	snap	2600	sdk	hometimeline	cp_dropped	0
1781385879	snap	2600	sdk	hometimeline	lp_dropped	979238
1781385879	snap	2600	sdk	media	spans_received	558849
1781385879	snap	2600	sdk	media	spans_sent	331026
1781385879	snap	2600	sdk	media	spans_dropped	227823
1781385879	snap	2600	sdk	media	spans_flushed	558849
1781385879	snap	2600	sdk	media	batches_sent	2451
1781385879	snap	2600	sdk	media	batches_dropped	944
1781385879	snap	2600	sdk	media	send_unavailable	944
1781385879	snap	2600	sdk	media	send_deadline	0
1781385879	snap	2600	sdk	media	send_exhausted	0
1781385879	snap	2600	sdk	media	send_canceled	0
1781385879	snap	2600	sdk	media	send_other	0
1781385879	snap	2600	sdk	media	buffer_depth	0
0
1781385879	snap	2600	sdk	media	cp_received	558849
1781385879	snap	2600	sdk	media	lp_received	0
1781385879	snap	2600	sdk	media	cp_sent	331026
1781385879	snap	2600	sdk	media	lp_sent	0
1781385879	snap	2600	sdk	media	cp_dropped	227823
1781385879	snap	2600	sdk	media	lp_dropped	0
1781385879	snap	2600	sdk	post-storage	spans_received	558840
1781385879	snap	2600	sdk	post-storage	spans_sent	403817
1781385879	snap	2600	sdk	post-storage	spans_dropped	155023
1781385879	snap	2600	sdk	post-storage	spans_flushed	558840
1781385879	snap	2600	sdk	post-storage	batches_sent	2783
1781385879	snap	2600	sdk	post-storage	batches_dropped	612
1781385879	snap	2600	sdk	post-storage	send_unavailable	612
1781385879	snap	2600	sdk	post-storage	send_deadline	0
1781385879	snap	2600	sdk	post-storage	send_exhausted	0
1781385879	snap	2600	sdk	post-storage	send_canceled	0
1781385879	snap	2600	sdk	post-storage	send_other	0
1781385879	snap	2600	sdk	post-storage	buffer_depth	0
0
1781385879	snap	2600	sdk	post-storage	cp_received	558840
1781385879	snap	2600	sdk	post-storage	lp_received	0
1781385879	snap	2600	sdk	post-storage	cp_sent	403817
1781385879	snap	2600	sdk	post-storage	lp_sent	0
1781385879	snap	2600	sdk	post-storage	cp_dropped	155023
1781385879	snap	2600	sdk	post-storage	lp_dropped	0
1781385879	snap	2600	sdk	socialgraph	spans_received	672674
1781385879	snap	2600	sdk	socialgraph	spans_sent	506037
1781385879	snap	2600	sdk	socialgraph	spans_dropped	166637
1781385879	snap	2600	sdk	socialgraph	spans_flushed	672674
1781385879	snap	2600	sdk	socialgraph	batches_sent	3245
1781385879	snap	2600	sdk	socialgraph	batches_dropped	662
1781385879	snap	2600	sdk	socialgraph	send_unavailable	662
1781385879	snap	2600	sdk	socialgraph	send_deadline	0
1781385879	snap	2600	sdk	socialgraph	send_exhausted	0
1781385879	snap	2600	sdk	socialgraph	send_canceled	0
1781385879	snap	2600	sdk	socialgraph	send_other	0
1781385879	snap	2600	sdk	socialgraph	buffer_depth	0
0
1781385879	snap	2600	sdk	socialgraph	cp_received	635050
1781385879	snap	2600	sdk	socialgraph	lp_received	37624
1781385879	snap	2600	sdk	socialgraph	cp_sent	471577
1781385879	snap	2600	sdk	socialgraph	lp_sent	34460
1781385879	snap	2600	sdk	socialgraph	cp_dropped	163473
1781385879	snap	2600	sdk	socialgraph	lp_dropped	3164
1781385879	snap	2600	sdk	text	spans_received	1676565
1781385879	snap	2600	sdk	text	spans_sent	359187
1781385879	snap	2600	sdk	text	spans_dropped	1317378
1781385879	snap	2600	sdk	text	spans_flushed	1676565
1781385879	snap	2600	sdk	text	batches_sent	4632
1781385879	snap	2600	sdk	text	batches_dropped	5556
1781385879	snap	2600	sdk	text	send_unavailable	5556
1781385879	snap	2600	sdk	text	send_deadline	0
1781385879	snap	2600	sdk	text	send_exhausted	0
1781385879	snap	2600	sdk	text	send_canceled	0
1781385879	snap	2600	sdk	text	send_other	0
1781385879	snap	2600	sdk	text	buffer_depth	0
0
1781385879	snap	2600	sdk	text	cp_received	0
1781385879	snap	2600	sdk	text	lp_received	1676565
1781385879	snap	2600	sdk	text	cp_sent	0
1781385879	snap	2600	sdk	text	lp_sent	359187
1781385879	snap	2600	sdk	text	cp_dropped	0
1781385879	snap	2600	sdk	text	lp_dropped	1317378
1781385879	snap	2600	sdk	uniqueid	spans_received	558849
1781385879	snap	2600	sdk	uniqueid	spans_sent	253540
1781385879	snap	2600	sdk	uniqueid	spans_dropped	305309
1781385879	snap	2600	sdk	uniqueid	spans_flushed	558849
1781385879	snap	2600	sdk	uniqueid	batches_sent	2144
1781385879	snap	2600	sdk	uniqueid	batches_dropped	1252
1781385879	snap	2600	sdk	uniqueid	send_unavailable	1252
1781385879	snap	2600	sdk	uniqueid	send_deadline	0
1781385879	snap	2600	sdk	uniqueid	send_exhausted	0
1781385879	snap	2600	sdk	uniqueid	send_canceled	0
1781385879	snap	2600	sdk	uniqueid	send_other	0
1781385879	snap	2600	sdk	uniqueid	buffer_depth	0
0
1781385879	snap	2600	sdk	uniqueid	cp_received	558849
1781385879	snap	2600	sdk	uniqueid	lp_received	0
1781385879	snap	2600	sdk	uniqueid	cp_sent	253540
1781385879	snap	2600	sdk	uniqueid	lp_sent	0
1781385879	snap	2600	sdk	uniqueid	cp_dropped	305309
1781385879	snap	2600	sdk	uniqueid	lp_dropped	0
1781385879	snap	2600	sdk	urlshorten	spans_received	558849
1781385879	snap	2600	sdk	urlshorten	spans_sent	393916
1781385879	snap	2600	sdk	urlshorten	spans_dropped	164933
1781385879	snap	2600	sdk	urlshorten	spans_flushed	558849
1781385879	snap	2600	sdk	urlshorten	batches_sent	2743
1781385879	snap	2600	sdk	urlshorten	batches_dropped	652
1781385879	snap	2600	sdk	urlshorten	send_unavailable	652
1781385879	snap	2600	sdk	urlshorten	send_deadline	0
1781385879	snap	2600	sdk	urlshorten	send_exhausted	0
1781385879	snap	2600	sdk	urlshorten	send_canceled	0
1781385879	snap	2600	sdk	urlshorten	send_other	0
1781385879	snap	2600	sdk	urlshorten	buffer_depth	0
0
1781385879	snap	2600	sdk	urlshorten	cp_received	558849
1781385879	snap	2600	sdk	urlshorten	lp_received	0
1781385879	snap	2600	sdk	urlshorten	cp_sent	393916
1781385879	snap	2600	sdk	urlshorten	lp_sent	0
1781385879	snap	2600	sdk	urlshorten	cp_dropped	164933
1781385879	snap	2600	sdk	urlshorten	lp_dropped	0
1781385879	snap	2600	sdk	user	spans_received	560773
1781385879	snap	2600	sdk	user	spans_sent	171938
1781385879	snap	2600	sdk	user	spans_dropped	388835
1781385879	snap	2600	sdk	user	spans_flushed	560773
1781385879	snap	2600	sdk	user	batches_sent	1784
1781385879	snap	2600	sdk	user	batches_dropped	1622
1781385879	snap	2600	sdk	user	send_unavailable	1622
1781385879	snap	2600	sdk	user	send_deadline	0
1781385879	snap	2600	sdk	user	send_exhausted	0
1781385879	snap	2600	sdk	user	send_canceled	0
1781385879	snap	2600	sdk	user	send_other	0
1781385879	snap	2600	sdk	user	buffer_depth	0
0
1781385879	snap	2600	sdk	user	cp_received	559811
1781385879	snap	2600	sdk	user	lp_received	962
1781385879	snap	2600	sdk	user	cp_sent	170976
1781385879	snap	2600	sdk	user	lp_sent	962
1781385879	snap	2600	sdk	user	cp_dropped	388835
1781385879	snap	2600	sdk	user	lp_dropped	0
1781385879	snap	2600	sdk	userid	spans_received	75248
1781385879	snap	2600	sdk	userid	spans_sent	75248
1781385879	snap	2600	sdk	userid	spans_dropped	0
1781385879	snap	2600	sdk	userid	spans_flushed	75248
1781385879	snap	2600	sdk	userid	batches_sent	250
1781385879	snap	2600	sdk	userid	batches_dropped	0
1781385879	snap	2600	sdk	userid	send_unavailable	0
1781385879	snap	2600	sdk	userid	send_deadline	0
1781385879	snap	2600	sdk	userid	send_exhausted	0
1781385879	snap	2600	sdk	userid	send_canceled	0
1781385879	snap	2600	sdk	userid	send_other	0
1781385879	snap	2600	sdk	userid	buffer_depth	0
0
1781385879	snap	2600	sdk	userid	cp_received	75248
1781385879	snap	2600	sdk	userid	lp_received	0
1781385879	snap	2600	sdk	userid	cp_sent	75248
1781385879	snap	2600	sdk	userid	lp_sent	0
1781385879	snap	2600	sdk	userid	cp_dropped	0
1781385879	snap	2600	sdk	userid	lp_dropped	0
1781385879	snap	2600	sdk	usermention	spans_received	558849
1781385879	snap	2600	sdk	usermention	spans_sent	254236
1781385879	snap	2600	sdk	usermention	spans_dropped	304613
1781385879	snap	2600	sdk	usermention	spans_flushed	558849
1781385879	snap	2600	sdk	usermention	batches_sent	2148
1781385879	snap	2600	sdk	usermention	batches_dropped	1248
1781385879	snap	2600	sdk	usermention	send_unavailable	1248
1781385879	snap	2600	sdk	usermention	send_deadline	0
1781385879	snap	2600	sdk	usermention	send_exhausted	0
1781385879	snap	2600	sdk	usermention	send_canceled	0
1781385879	snap	2600	sdk	usermention	send_other	0
1781385879	snap	2600	sdk	usermention	buffer_depth	0
0
1781385879	snap	2600	sdk	usermention	cp_received	558849
1781385879	snap	2600	sdk	usermention	lp_received	0
1781385879	snap	2600	sdk	usermention	cp_sent	254236
1781385879	snap	2600	sdk	usermention	lp_sent	0
1781385879	snap	2600	sdk	usermention	cp_dropped	304613
1781385879	snap	2600	sdk	usermention	lp_dropped	0
1781385879	snap	2600	sdk	usertimeline	spans_received	558840
1781385879	snap	2600	sdk	usertimeline	spans_sent	402490
1781385879	snap	2600	sdk	usertimeline	spans_dropped	156350
1781385879	snap	2600	sdk	usertimeline	spans_flushed	558840
1781385879	snap	2600	sdk	usertimeline	batches_sent	2779
1781385879	snap	2600	sdk	usertimeline	batches_dropped	616
1781385879	snap	2600	sdk	usertimeline	send_unavailable	616
1781385879	snap	2600	sdk	usertimeline	send_deadline	0
1781385879	snap	2600	sdk	usertimeline	send_exhausted	0
1781385879	snap	2600	sdk	usertimeline	send_canceled	0
1781385879	snap	2600	sdk	usertimeline	send_other	0
1781385879	snap	2600	sdk	usertimeline	buffer_depth	0
0
1781385879	snap	2600	sdk	usertimeline	cp_received	558840
1781385879	snap	2600	sdk	usertimeline	lp_received	0
1781385879	snap	2600	sdk	usertimeline	cp_sent	402490
1781385879	snap	2600	sdk	usertimeline	lp_sent	0
1781385879	snap	2600	sdk	usertimeline	cp_dropped	156350
1781385879	snap	2600	sdk	usertimeline	lp_dropped	0
1781385886	snap	2800	otelcol	otelcol-sb-esrev1-ctr-w5r65	otelcol_processor_incoming_items	672674
1781385886	snap	2800	otelcol	otelcol-sb-esrev1-ctr-w5r65	otelcol_processor_batch_batch_send_size_sum	506037
1781385886	snap	2800	otelcol	otelcol-sb-esrev1-ctr-w5r65	otelcol_processor_outgoing_items	506037
1781385886	snap	2800	otelcol	otelcol-sb-esrev1-ctr-w5r65	otelcol_processor_batch_metadata_cardinality	1
1781385886	snap	2800	otelcol	otelcol-sb-esrev1-ctr-w5r65	otelcol_process_cpu_seconds	14
1781385886	snap	2800	otelcol	otelcol-sb-esrev1-ctr-w5r65	otelcol_processor_batch_timeout_trigger_send	1542
1781385886	snap	2800	otelcol	otelcol-sb-esrev1-ctr-w5r65	otelcol_receiver_refused_spans	166637
1781385886	snap	2800	otelcol	otelcol-sb-esrev1-ctr-w5r65	otelcol_process_runtime_total_sys_memory_bytes	196987192
1781385886	snap	2800	otelcol	otelcol-sb-esrev1-ctr-w5r65	otelcol_exporter_sent_spans	217382
1781385886	snap	2800	otelcol	otelcol-sb-esrev1-ctr-w5r65	otelcol_exporter_queue_size	639
1781385886	snap	2800	otelcol	otelcol-sb-esrev1-ctr-w5r65	otelcol_receiver_accepted_spans	506037
1781385886	snap	2800	otelcol	otelcol-sb-esrev1-ctr-w5r65	otelcol_process_uptime	494
1781385886	snap	2800	otelcol	otelcol-sb-esrev1-ctr-w5r65	otelcol_process_runtime_total_alloc_bytes	440496648
1781385886	snap	2800	otelcol	otelcol-sb-esrev1-ctr-w5r65	otelcol_process_runtime_heap_alloc_bytes	145489752
1781385886	snap	2800	otelcol	otelcol-sb-esrev1-ctr-w5r65	otelcol_exporter_send_failed_spans	0
1781385886	snap	2800	otelcol	otelcol-sb-esrev1-ctr-w5r65	otelcol_exporter_queue_batch_send_size_sum	506037
1781385886	snap	2800	otelcol	otelcol-sb-esrev1-ctr-w5r65	otelcol_receiver_failed_spans	0
1781385886	snap	2800	otelcol	otelcol-sb-esrev1-ctr-w5r65	otelcol_exporter_queue_capacity	1001
1781385886	snap	2800	otelcol	otelcol-sb-esrev1-ctr-w5r65	otelcol_process_memory_rss	324542464
1781385886	snap	2800	otelcol	otelcol-sb-esrev1-ctr-5hn7z	otelcol_processor_batch_metadata_cardinality	1
1781385886	snap	2800	otelcol	otelcol-sb-esrev1-ctr-5hn7z	otelcol_exporter_queue_capacity	1001
1781385886	snap	2800	otelcol	otelcol-sb-esrev1-ctr-5hn7z	otelcol_exporter_queue_batch_send_size_sum	402490
1781385886	snap	2800	otelcol	otelcol-sb-esrev1-ctr-5hn7z	otelcol_exporter_send_failed_spans	0
1781385886	snap	2800	otelcol	otelcol-sb-esrev1-ctr-5hn7z	otelcol_processor_batch_batch_send_size_sum	402490
1781385886	snap	2800	otelcol	otelcol-sb-esrev1-ctr-5hn7z	otelcol_processor_batch_timeout_trigger_send	1389
1781385886	snap	2800	otelcol	otelcol-sb-esrev1-ctr-5hn7z	otelcol_process_cpu_seconds	13
1781385886	snap	2800	otelcol	otelcol-sb-esrev1-ctr-5hn7z	otelcol_process_uptime	493
1781385886	snap	2800	otelcol	otelcol-sb-esrev1-ctr-5hn7z	otelcol_exporter_sent_spans	107914
1781385886	snap	2800	otelcol	otelcol-sb-esrev1-ctr-5hn7z	otelcol_receiver_failed_spans	0
1781385886	snap	2800	otelcol	otelcol-sb-esrev1-ctr-5hn7z	otelcol_process_runtime_total_sys_memory_bytes	188848424
1781385886	snap	2800	otelcol	otelcol-sb-esrev1-ctr-5hn7z	otelcol_receiver_refused_spans	156350
1781385886	snap	2800	otelcol	otelcol-sb-esrev1-ctr-5hn7z	otelcol_process_memory_rss	327282688
1781385886	snap	2800	otelcol	otelcol-sb-esrev1-ctr-5hn7z	otelcol_processor_incoming_items	558840
1781385886	snap	2800	otelcol	otelcol-sb-esrev1-ctr-5hn7z	otelcol_process_runtime_total_alloc_bytes	367777656
1781385886	snap	2800	otelcol	otelcol-sb-esrev1-ctr-5hn7z	otelcol_process_runtime_heap_alloc_bytes	146054784
1781385886	snap	2800	otelcol	otelcol-sb-esrev1-ctr-5hn7z	otelcol_receiver_accepted_spans	402490
1781385886	snap	2800	otelcol	otelcol-sb-esrev1-ctr-5hn7z	otelcol_processor_outgoing_items	402490
1781385886	snap	2800	otelcol	otelcol-sb-esrev1-ctr-5hn7z	otelcol_exporter_queue_size	649
1781385886	snap	2800	otelcol	otelcol-sb-esrev1-ctr-m57hx	otelcol_process_memory_rss	177524736
1781385886	snap	2800	otelcol	otelcol-sb-esrev1-ctr-m57hx	otelcol_process_runtime_total_sys_memory_bytes	48269592
1781385886	snap	2800	otelcol	otelcol-sb-esrev1-ctr-m57hx	otelcol_exporter_queue_size	0
1781385886	snap	2800	otelcol	otelcol-sb-esrev1-ctr-m57hx	otelcol_exporter_queue_capacity	1001
1781385886	snap	2800	otelcol	otelcol-sb-esrev1-ctr-m57hx	otelcol_process_runtime_total_alloc_bytes	40524864
1781385886	snap	2800	otelcol	otelcol-sb-esrev1-ctr-m57hx	otelcol_process_uptime	491
1781385886	snap	2800	otelcol	otelcol-sb-esrev1-ctr-m57hx	otelcol_process_cpu_seconds	4
1781385886	snap	2800	otelcol	otelcol-sb-esrev1-ctr-m57hx	otelcol_processor_batch_metadata_cardinality	1
1781385886	snap	2800	otelcol	otelcol-sb-esrev1-ctr-m57hx	otelcol_process_runtime_heap_alloc_bytes	18311376
1781385886	snap	2800	otelcol	otelcol-sb-esrev1-ctr-9j7x7	otelcol_process_cpu_seconds	101
1781385886	snap	2800	otelcol	otelcol-sb-esrev1-ctr-9j7x7	otelcol_exporter_send_failed_spans	0
1781385886	snap	2800	otelcol	otelcol-sb-esrev1-ctr-9j7x7	otelcol_processor_incoming_items	8818997
1781385886	snap	2800	otelcol	otelcol-sb-esrev1-ctr-9j7x7	otelcol_process_memory_rss	320077824
1781385886	snap	2800	otelcol	otelcol-sb-esrev1-ctr-9j7x7	otelcol_exporter_sent_spans	423912
1781385886	snap	2800	otelcol	otelcol-sb-esrev1-ctr-9j7x7	otelcol_exporter_queue_batch_send_size_sum	665962
1781385886	snap	2800	otelcol	otelcol-sb-esrev1-ctr-9j7x7	otelcol_processor_outgoing_items	665962
1781385886	snap	2800	otelcol	otelcol-sb-esrev1-ctr-9j7x7	otelcol_processor_batch_batch_send_size_sum	665962
1781385886	snap	2800	otelcol	otelcol-sb-esrev1-ctr-9j7x7	otelcol_process_runtime_heap_alloc_bytes	131785368
1781385886	snap	2800	otelcol	otelcol-sb-esrev1-ctr-9j7x7	otelcol_process_runtime_total_sys_memory_bytes	225306936
1781385886	snap	2800	otelcol	otelcol-sb-esrev1-ctr-9j7x7	otelcol_receiver_refused_spans	8153035
1781385886	snap	2800	otelcol	otelcol-sb-esrev1-ctr-9j7x7	otelcol_processor_batch_metadata_cardinality	1
1781385886	snap	2800	otelcol	otelcol-sb-esrev1-ctr-9j7x7	otelcol_receiver_failed_spans	0
1781385886	snap	2800	otelcol	otelcol-sb-esrev1-ctr-9j7x7	otelcol_processor_batch_timeout_trigger_send	1098
1781385886	snap	2800	otelcol	otelcol-sb-esrev1-ctr-9j7x7	otelcol_exporter_queue_size	171
1781385886	snap	2800	otelcol	otelcol-sb-esrev1-ctr-9j7x7	otelcol_receiver_accepted_spans	665962
1781385886	snap	2800	otelcol	otelcol-sb-esrev1-ctr-9j7x7	otelcol_process_uptime	492
1781385886	snap	2800	otelcol	otelcol-sb-esrev1-ctr-9j7x7	otelcol_process_runtime_total_alloc_bytes	5743752080
1781385886	snap	2800	otelcol	otelcol-sb-esrev1-ctr-9j7x7	otelcol_exporter_queue_capacity	1001
1781385886	snap	2800	otelcol	otelcol-sb-esrev1-ctr-rbg9n	otelcol_exporter_queue_capacity	1001
1781385886	snap	2800	otelcol	otelcol-sb-esrev1-ctr-rbg9n	otelcol_process_cpu_seconds	92
1781385886	snap	2800	otelcol	otelcol-sb-esrev1-ctr-rbg9n	otelcol_exporter_send_failed_spans	0
1781385886	snap	2800	otelcol	otelcol-sb-esrev1-ctr-rbg9n	otelcol_receiver_refused_spans	3806435
1781385886	snap	2800	otelcol	otelcol-sb-esrev1-ctr-rbg9n	otelcol_process_runtime_total_alloc_bytes	4211950784
1781385886	snap	2800	otelcol	otelcol-sb-esrev1-ctr-rbg9n	otelcol_process_memory_rss	323784704
1781385886	snap	2800	otelcol	otelcol-sb-esrev1-ctr-rbg9n	otelcol_processor_batch_metadata_cardinality	1
1781385886	snap	2800	otelcol	otelcol-sb-esrev1-ctr-rbg9n	otelcol_processor_batch_timeout_trigger_send	849
1781385886	snap	2800	otelcol	otelcol-sb-esrev1-ctr-rbg9n	otelcol_receiver_failed_spans	0
1781385886	snap	2800	otelcol	otelcol-sb-esrev1-ctr-rbg9n	otelcol_process_runtime_heap_alloc_bytes	139719160
1781385886	snap	2800	otelcol	otelcol-sb-esrev1-ctr-rbg9n	otelcol_exporter_sent_spans	967666
1781385886	snap	2800	otelcol	otelcol-sb-esrev1-ctr-rbg9n	otelcol_processor_incoming_items	5013094
1781385886	snap	2800	otelcol	otelcol-sb-esrev1-ctr-rbg9n	otelcol_processor_outgoing_items	1206659
1781385886	snap	2800	otelcol	otelcol-sb-esrev1-ctr-rbg9n	otelcol_receiver_accepted_spans	1206659
1781385886	snap	2800	otelcol	otelcol-sb-esrev1-ctr-rbg9n	otelcol_processor_batch_batch_send_size_sum	1206659
1781385886	snap	2800	otelcol	otelcol-sb-esrev1-ctr-rbg9n	otelcol_process_uptime	491
1781385886	snap	2800	otelcol	otelcol-sb-esrev1-ctr-rbg9n	otelcol_exporter_queue_size	99
1781385886	snap	2800	otelcol	otelcol-sb-esrev1-ctr-rbg9n	otelcol_exporter_queue_batch_send_size_sum	1206659
1781385886	snap	2800	otelcol	otelcol-sb-esrev1-ctr-rbg9n	otelcol_process_runtime_total_sys_memory_bytes	237304136
1781385886	snap	2800	otelcol	otelcol-sb-esrev1-ctr-qd64d	otelcol_receiver_accepted_spans	507776
1781385886	snap	2800	otelcol	otelcol-sb-esrev1-ctr-qd64d	otelcol_process_runtime_total_sys_memory_bytes	198093112
1781385886	snap	2800	otelcol	otelcol-sb-esrev1-ctr-qd64d	otelcol_processor_incoming_items	1117698
1781385886	snap	2800	otelcol	otelcol-sb-esrev1-ctr-qd64d	otelcol_process_uptime	493
1781385886	snap	2800	otelcol	otelcol-sb-esrev1-ctr-qd64d	otelcol_exporter_send_failed_spans	0
1781385886	snap	2800	otelcol	otelcol-sb-esrev1-ctr-qd64d	otelcol_exporter_queue_capacity	1001
1781385886	snap	2800	otelcol	otelcol-sb-esrev1-ctr-qd64d	otelcol_processor_outgoing_items	507776
1781385886	snap	2800	otelcol	otelcol-sb-esrev1-ctr-qd64d	otelcol_exporter_queue_size	319
1781385886	snap	2800	otelcol	otelcol-sb-esrev1-ctr-qd64d	otelcol_processor_batch_metadata_cardinality	1
1781385886	snap	2800	otelcol	otelcol-sb-esrev1-ctr-qd64d	otelcol_processor_batch_timeout_trigger_send	1082
1781385886	snap	2800	otelcol	otelcol-sb-esrev1-ctr-qd64d	otelcol_process_runtime_heap_alloc_bytes	147674632
1781385886	snap	2800	otelcol	otelcol-sb-esrev1-ctr-qd64d	otelcol_processor_batch_batch_send_size_sum	507776
1781385886	snap	2800	otelcol	otelcol-sb-esrev1-ctr-qd64d	otelcol_process_memory_rss	323878912
1781385886	snap	2800	otelcol	otelcol-sb-esrev1-ctr-qd64d	otelcol_receiver_refused_spans	609922
1781385886	snap	2800	otelcol	otelcol-sb-esrev1-ctr-qd64d	otelcol_process_cpu_seconds	21
1781385886	snap	2800	otelcol	otelcol-sb-esrev1-ctr-qd64d	otelcol_exporter_queue_batch_send_size_sum	507776
1781385886	snap	2800	otelcol	otelcol-sb-esrev1-ctr-qd64d	otelcol_receiver_failed_spans	0
1781385886	snap	2800	otelcol	otelcol-sb-esrev1-ctr-qd64d	otelcol_exporter_sent_spans	232990
1781385886	snap	2800	otelcol	otelcol-sb-esrev1-ctr-qd64d	otelcol_process_runtime_total_alloc_bytes	742152992
1781385886	snap	2800	otelcol	otelcol-sb-esrev1-ctr-jjcwc	otelcol_process_runtime_total_alloc_bytes	388368680
1781385886	snap	2800	otelcol	otelcol-sb-esrev1-ctr-jjcwc	otelcol_process_runtime_heap_alloc_bytes	144084072
1781385886	snap	2800	otelcol	otelcol-sb-esrev1-ctr-jjcwc	otelcol_receiver_failed_spans	0
1781385886	snap	2800	otelcol	otelcol-sb-esrev1-ctr-jjcwc	otelcol_process_memory_rss	329105408
1781385886	snap	2800	otelcol	otelcol-sb-esrev1-ctr-jjcwc	otelcol_exporter_queue_size	609
1781385886	snap	2800	otelcol	otelcol-sb-esrev1-ctr-jjcwc	otelcol_receiver_accepted_spans	393916
1781385886	snap	2800	otelcol	otelcol-sb-esrev1-ctr-jjcwc	otelcol_processor_incoming_items	558849
1781385886	snap	2800	otelcol	otelcol-sb-esrev1-ctr-jjcwc	otelcol_processor_batch_metadata_cardinality	1
1781385886	snap	2800	otelcol	otelcol-sb-esrev1-ctr-jjcwc	otelcol_exporter_queue_capacity	1001
1781385886	snap	2800	otelcol	otelcol-sb-esrev1-ctr-jjcwc	otelcol_processor_outgoing_items	393916
1781385886	snap	2800	otelcol	otelcol-sb-esrev1-ctr-jjcwc	otelcol_processor_batch_timeout_trigger_send	1372
1781385886	snap	2800	otelcol	otelcol-sb-esrev1-ctr-jjcwc	otelcol_process_runtime_total_sys_memory_bytes	192719160
1781385886	snap	2800	otelcol	otelcol-sb-esrev1-ctr-jjcwc	otelcol_receiver_refused_spans	164933
1781385886	snap	2800	otelcol	otelcol-sb-esrev1-ctr-jjcwc	otelcol_exporter_send_failed_spans	0
1781385886	snap	2800	otelcol	otelcol-sb-esrev1-ctr-jjcwc	otelcol_exporter_queue_batch_send_size_sum	393916
1781385886	snap	2800	otelcol	otelcol-sb-esrev1-ctr-jjcwc	otelcol_processor_batch_batch_send_size_sum	393916
1781385886	snap	2800	otelcol	otelcol-sb-esrev1-ctr-jjcwc	otelcol_process_cpu_seconds	13
1781385886	snap	2800	otelcol	otelcol-sb-esrev1-ctr-jjcwc	otelcol_process_uptime	493
1781385886	snap	2800	otelcol	otelcol-sb-esrev1-ctr-jjcwc	otelcol_exporter_sent_spans	116667
1781385886	snap	2800	otelcol	otelcol-sb-esrev1-ctr-64dpb	otelcol_exporter_queue_batch_send_size_sum	403817
1781385886	snap	2800	otelcol	otelcol-sb-esrev1-ctr-64dpb	otelcol_exporter_send_failed_spans	0
1781385886	snap	2800	otelcol	otelcol-sb-esrev1-ctr-64dpb	otelcol_exporter_queue_size	627
1781385886	snap	2800	otelcol	otelcol-sb-esrev1-ctr-64dpb	otelcol_process_runtime_total_alloc_bytes	358763008
1781385886	snap	2800	otelcol	otelcol-sb-esrev1-ctr-64dpb	otelcol_processor_batch_metadata_cardinality	1
1781385886	snap	2800	otelcol	otelcol-sb-esrev1-ctr-64dpb	otelcol_process_runtime_heap_alloc_bytes	139669176
1781385886	snap	2800	otelcol	otelcol-sb-esrev1-ctr-64dpb	otelcol_processor_batch_timeout_trigger_send	1389
1781385886	snap	2800	otelcol	otelcol-sb-esrev1-ctr-64dpb	otelcol_process_memory_rss	324853760
1781385886	snap	2800	otelcol	otelcol-sb-esrev1-ctr-64dpb	otelcol_receiver_refused_spans	155023
1781385886	snap	2800	otelcol	otelcol-sb-esrev1-ctr-64dpb	otelcol_receiver_failed_spans	0
1781385886	snap	2800	otelcol	otelcol-sb-esrev1-ctr-64dpb	otelcol_receiver_accepted_spans	403817
1781385886	snap	2800	otelcol	otelcol-sb-esrev1-ctr-64dpb	otelcol_processor_incoming_items	558840
1781385886	snap	2800	otelcol	otelcol-sb-esrev1-ctr-64dpb	otelcol_process_cpu_seconds	13
1781385886	snap	2800	otelcol	otelcol-sb-esrev1-ctr-64dpb	otelcol_exporter_queue_capacity	1001
1781385886	snap	2800	otelcol	otelcol-sb-esrev1-ctr-64dpb	otelcol_processor_outgoing_items	403817
1781385886	snap	2800	otelcol	otelcol-sb-esrev1-ctr-64dpb	otelcol_processor_batch_batch_send_size_sum	403817
1781385886	snap	2800	otelcol	otelcol-sb-esrev1-ctr-64dpb	otelcol_process_uptime	492
1781385886	snap	2800	otelcol	otelcol-sb-esrev1-ctr-64dpb	otelcol_process_runtime_total_sys_memory_bytes	191928616
1781385886	snap	2800	otelcol	otelcol-sb-esrev1-ctr-64dpb	otelcol_exporter_sent_spans	117114
1781385886	snap	2800	otelcol	otelcol-sb-esrev1-ctr-lmnfn	otelcol_processor_batch_timeout_trigger_send	1404
1781385886	snap	2800	otelcol	otelcol-sb-esrev1-ctr-lmnfn	otelcol_processor_batch_batch_send_size_sum	765461
1781385886	snap	2800	otelcol	otelcol-sb-esrev1-ctr-lmnfn	otelcol_process_runtime_total_alloc_bytes	1354465680
1781385886	snap	2800	otelcol	otelcol-sb-esrev1-ctr-lmnfn	otelcol_process_runtime_heap_alloc_bytes	123939800
1781385886	snap	2800	otelcol	otelcol-sb-esrev1-ctr-lmnfn	otelcol_exporter_queue_batch_send_size_sum	765461
1781385886	snap	2800	otelcol	otelcol-sb-esrev1-ctr-lmnfn	otelcol_process_uptime	492
1781385886	snap	2800	otelcol	otelcol-sb-esrev1-ctr-lmnfn	otelcol_process_cpu_seconds	30
1781385886	snap	2800	otelcol	otelcol-sb-esrev1-ctr-lmnfn	otelcol_exporter_send_failed_spans	0
1781385886	snap	2800	otelcol	otelcol-sb-esrev1-ctr-lmnfn	otelcol_exporter_sent_spans	494902
1781385886	snap	2800	otelcol	otelcol-sb-esrev1-ctr-lmnfn	otelcol_receiver_refused_spans	1545201
1781385886	snap	2800	otelcol	otelcol-sb-esrev1-ctr-lmnfn	otelcol_processor_incoming_items	2310662
1781385886	snap	2800	otelcol	otelcol-sb-esrev1-ctr-lmnfn	otelcol_receiver_accepted_spans	765461
1781385886	snap	2800	otelcol	otelcol-sb-esrev1-ctr-lmnfn	otelcol_processor_outgoing_items	765461
1781385886	snap	2800	otelcol	otelcol-sb-esrev1-ctr-lmnfn	otelcol_process_runtime_total_sys_memory_bytes	202025272
1781385886	snap	2800	otelcol	otelcol-sb-esrev1-ctr-lmnfn	otelcol_process_memory_rss	319242240
1781385886	snap	2800	otelcol	otelcol-sb-esrev1-ctr-lmnfn	otelcol_receiver_failed_spans	0
1781385886	snap	2800	otelcol	otelcol-sb-esrev1-ctr-lmnfn	otelcol_processor_batch_metadata_cardinality	1
1781385886	snap	2800	otelcol	otelcol-sb-esrev1-ctr-lmnfn	otelcol_exporter_queue_size	505
1781385886	snap	2800	otelcol	otelcol-sb-esrev1-ctr-lmnfn	otelcol_exporter_queue_capacity	1001
1781385886	snap	2800	k8s	otelcol-sb-esrev1-ctr-5hn7z	restart_count	0
1781385886	snap	2800	k8s	otelcol-sb-esrev1-ctr-64dpb	restart_count	0
1781385886	snap	2800	k8s	otelcol-sb-esrev1-ctr-9j7x7	restart_count	0
1781385886	snap	2800	k8s	otelcol-sb-esrev1-ctr-jjcwc	restart_count	0
1781385886	snap	2800	k8s	otelcol-sb-esrev1-ctr-lmnfn	restart_count	0
1781385886	snap	2800	k8s	otelcol-sb-esrev1-ctr-m57hx	restart_count	0
1781385886	snap	2800	k8s	otelcol-sb-esrev1-ctr-qd64d	restart_count	0
1781385886	snap	2800	k8s	otelcol-sb-esrev1-ctr-rbg9n	restart_count	0
1781385886	snap	2800	k8s	otelcol-sb-esrev1-ctr-w5r65	restart_count	0
1781385886	snap	2800	sdk	wrk2api	spans_received	1194861
1781385886	snap	2800	sdk	wrk2api	spans_sent	490665
1781385886	snap	2800	sdk	wrk2api	spans_dropped	0
1781385886	snap	2800	sdk	wrk2api	spans_flushed	1194861
1781385886	snap	2800	sdk	wrk2api	batches_sent	4376
1781385886	snap	2800	sdk	wrk2api	batches_dropped	0
1781385886	snap	2800	sdk	wrk2api	send_unavailable	0
1781385886	snap	2800	sdk	wrk2api	send_deadline	0
1781385886	snap	2800	sdk	wrk2api	send_exhausted	0
1781385886	snap	2800	sdk	wrk2api	send_canceled	0
1781385886	snap	2800	sdk	wrk2api	send_other	0
1781385886	snap	2800	sdk	wrk2api	buffer_depth	0
0
1781385886	snap	2800	sdk	wrk2api	cp_received	597426
1781385886	snap	2800	sdk	wrk2api	lp_received	597435
1781385886	snap	2800	sdk	wrk2api	cp_sent	315166
1781385886	snap	2800	sdk	wrk2api	lp_sent	175499
1781385886	snap	2800	sdk	wrk2api	cp_dropped	0
1781385886	snap	2800	sdk	wrk2api	lp_dropped	0
1781385886	snap	2800	sdk	composepost	spans_received	4470783
1781385886	snap	2800	sdk	composepost	spans_sent	1065954
1781385886	snap	2800	sdk	composepost	spans_dropped	3404829
1781385886	snap	2800	sdk	composepost	spans_flushed	4470783
1781385886	snap	2800	sdk	composepost	batches_sent	12692
1781385886	snap	2800	sdk	composepost	batches_dropped	14480
1781385886	snap	2800	sdk	composepost	send_unavailable	10899
1781385886	snap	2800	sdk	composepost	send_deadline	3581
1781385886	snap	2800	sdk	composepost	send_exhausted	0
1781385886	snap	2800	sdk	composepost	send_canceled	0
1781385886	snap	2800	sdk	composepost	send_other	0
1781385886	snap	2800	sdk	composepost	buffer_depth	0
0
1781385886	snap	2800	sdk	composepost	cp_received	3911934
1781385886	snap	2800	sdk	composepost	lp_received	558849
1781385886	snap	2800	sdk	composepost	cp_sent	996705
1781385886	snap	2800	sdk	composepost	lp_sent	69249
1781385886	snap	2800	sdk	composepost	cp_dropped	2915229
1781385886	snap	2800	sdk	composepost	lp_dropped	489600
1781385886	snap	2800	sdk	hometimeline	spans_received	1117680
1781385886	snap	2800	sdk	hometimeline	spans_sent	138442
1781385886	snap	2800	sdk	hometimeline	spans_dropped	979238
1781385886	snap	2800	sdk	hometimeline	spans_flushed	1117680
1781385886	snap	2800	sdk	hometimeline	batches_sent	2574
1781385886	snap	2800	sdk	hometimeline	batches_dropped	4220
1781385886	snap	2800	sdk	hometimeline	send_unavailable	4076
1781385886	snap	2800	sdk	hometimeline	send_deadline	144
1781385886	snap	2800	sdk	hometimeline	send_exhausted	0
1781385886	snap	2800	sdk	hometimeline	send_canceled	0
1781385886	snap	2800	sdk	hometimeline	send_other	0
1781385886	snap	2800	sdk	hometimeline	buffer_depth	0
0
1781385886	snap	2800	sdk	hometimeline	cp_received	0
1781385886	snap	2800	sdk	hometimeline	lp_received	1117680
1781385886	snap	2800	sdk	hometimeline	cp_sent	0
1781385886	snap	2800	sdk	hometimeline	lp_sent	138442
1781385886	snap	2800	sdk	hometimeline	cp_dropped	0
1781385886	snap	2800	sdk	hometimeline	lp_dropped	979238
1781385886	snap	2800	sdk	media	spans_received	558849
1781385886	snap	2800	sdk	media	spans_sent	331026
1781385886	snap	2800	sdk	media	spans_dropped	227823
1781385886	snap	2800	sdk	media	spans_flushed	558849
1781385886	snap	2800	sdk	media	batches_sent	2451
1781385886	snap	2800	sdk	media	batches_dropped	944
1781385886	snap	2800	sdk	media	send_unavailable	944
1781385886	snap	2800	sdk	media	send_deadline	0
1781385886	snap	2800	sdk	media	send_exhausted	0
1781385886	snap	2800	sdk	media	send_canceled	0
1781385886	snap	2800	sdk	media	send_other	0
1781385886	snap	2800	sdk	media	buffer_depth	0
0
1781385886	snap	2800	sdk	media	cp_received	558849
1781385886	snap	2800	sdk	media	lp_received	0
1781385886	snap	2800	sdk	media	cp_sent	331026
1781385886	snap	2800	sdk	media	lp_sent	0
1781385886	snap	2800	sdk	media	cp_dropped	227823
1781385886	snap	2800	sdk	media	lp_dropped	0
1781385886	snap	2800	sdk	post-storage	spans_received	558840
1781385886	snap	2800	sdk	post-storage	spans_sent	403817
1781385886	snap	2800	sdk	post-storage	spans_dropped	155023
1781385886	snap	2800	sdk	post-storage	spans_flushed	558840
1781385886	snap	2800	sdk	post-storage	batches_sent	2783
1781385886	snap	2800	sdk	post-storage	batches_dropped	612
1781385886	snap	2800	sdk	post-storage	send_unavailable	612
1781385886	snap	2800	sdk	post-storage	send_deadline	0
1781385886	snap	2800	sdk	post-storage	send_exhausted	0
1781385886	snap	2800	sdk	post-storage	send_canceled	0
1781385886	snap	2800	sdk	post-storage	send_other	0
1781385886	snap	2800	sdk	post-storage	buffer_depth	0
0
1781385886	snap	2800	sdk	post-storage	cp_received	558840
1781385886	snap	2800	sdk	post-storage	lp_received	0
1781385886	snap	2800	sdk	post-storage	cp_sent	403817
1781385886	snap	2800	sdk	post-storage	lp_sent	0
1781385886	snap	2800	sdk	post-storage	cp_dropped	155023
1781385886	snap	2800	sdk	post-storage	lp_dropped	0
1781385886	snap	2800	sdk	socialgraph	spans_received	672674
1781385886	snap	2800	sdk	socialgraph	spans_sent	506037
1781385886	snap	2800	sdk	socialgraph	spans_dropped	166637
1781385886	snap	2800	sdk	socialgraph	spans_flushed	672674
1781385886	snap	2800	sdk	socialgraph	batches_sent	3245
1781385886	snap	2800	sdk	socialgraph	batches_dropped	662
1781385886	snap	2800	sdk	socialgraph	send_unavailable	662
1781385886	snap	2800	sdk	socialgraph	send_deadline	0
1781385886	snap	2800	sdk	socialgraph	send_exhausted	0
1781385886	snap	2800	sdk	socialgraph	send_canceled	0
1781385886	snap	2800	sdk	socialgraph	send_other	0
1781385886	snap	2800	sdk	socialgraph	buffer_depth	0
0
1781385886	snap	2800	sdk	socialgraph	cp_received	635050
1781385886	snap	2800	sdk	socialgraph	lp_received	37624
1781385886	snap	2800	sdk	socialgraph	cp_sent	471577
1781385886	snap	2800	sdk	socialgraph	lp_sent	34460
1781385886	snap	2800	sdk	socialgraph	cp_dropped	163473
1781385886	snap	2800	sdk	socialgraph	lp_dropped	3164
1781385886	snap	2800	sdk	text	spans_received	1676565
1781385886	snap	2800	sdk	text	spans_sent	359187
1781385886	snap	2800	sdk	text	spans_dropped	1317378
1781385886	snap	2800	sdk	text	spans_flushed	1676565
1781385886	snap	2800	sdk	text	batches_sent	4632
1781385886	snap	2800	sdk	text	batches_dropped	5556
1781385886	snap	2800	sdk	text	send_unavailable	5556
1781385886	snap	2800	sdk	text	send_deadline	0
1781385886	snap	2800	sdk	text	send_exhausted	0
1781385886	snap	2800	sdk	text	send_canceled	0
1781385886	snap	2800	sdk	text	send_other	0
1781385886	snap	2800	sdk	text	buffer_depth	0
0
1781385886	snap	2800	sdk	text	cp_received	0
1781385886	snap	2800	sdk	text	lp_received	1676565
1781385886	snap	2800	sdk	text	cp_sent	0
1781385886	snap	2800	sdk	text	lp_sent	359187
1781385886	snap	2800	sdk	text	cp_dropped	0
1781385886	snap	2800	sdk	text	lp_dropped	1317378
1781385886	snap	2800	sdk	uniqueid	spans_received	558849
1781385886	snap	2800	sdk	uniqueid	spans_sent	253540
1781385886	snap	2800	sdk	uniqueid	spans_dropped	305309
1781385886	snap	2800	sdk	uniqueid	spans_flushed	558849
1781385886	snap	2800	sdk	uniqueid	batches_sent	2144
1781385886	snap	2800	sdk	uniqueid	batches_dropped	1252
1781385886	snap	2800	sdk	uniqueid	send_unavailable	1252
1781385886	snap	2800	sdk	uniqueid	send_deadline	0
1781385886	snap	2800	sdk	uniqueid	send_exhausted	0
1781385886	snap	2800	sdk	uniqueid	send_canceled	0
1781385886	snap	2800	sdk	uniqueid	send_other	0
1781385886	snap	2800	sdk	uniqueid	buffer_depth	0
0
1781385886	snap	2800	sdk	uniqueid	cp_received	558849
1781385886	snap	2800	sdk	uniqueid	lp_received	0
1781385886	snap	2800	sdk	uniqueid	cp_sent	253540
1781385886	snap	2800	sdk	uniqueid	lp_sent	0
1781385886	snap	2800	sdk	uniqueid	cp_dropped	305309
1781385886	snap	2800	sdk	uniqueid	lp_dropped	0
1781385886	snap	2800	sdk	urlshorten	spans_received	558849
1781385886	snap	2800	sdk	urlshorten	spans_sent	393916
1781385886	snap	2800	sdk	urlshorten	spans_dropped	164933
1781385886	snap	2800	sdk	urlshorten	spans_flushed	558849
1781385886	snap	2800	sdk	urlshorten	batches_sent	2743
1781385886	snap	2800	sdk	urlshorten	batches_dropped	652
1781385886	snap	2800	sdk	urlshorten	send_unavailable	652
1781385886	snap	2800	sdk	urlshorten	send_deadline	0
1781385886	snap	2800	sdk	urlshorten	send_exhausted	0
1781385886	snap	2800	sdk	urlshorten	send_canceled	0
1781385886	snap	2800	sdk	urlshorten	send_other	0
1781385886	snap	2800	sdk	urlshorten	buffer_depth	0
0
1781385886	snap	2800	sdk	urlshorten	cp_received	558849
1781385886	snap	2800	sdk	urlshorten	lp_received	0
1781385886	snap	2800	sdk	urlshorten	cp_sent	393916
1781385886	snap	2800	sdk	urlshorten	lp_sent	0
1781385886	snap	2800	sdk	urlshorten	cp_dropped	164933
1781385886	snap	2800	sdk	urlshorten	lp_dropped	0
1781385886	snap	2800	sdk	user	spans_received	560773
1781385886	snap	2800	sdk	user	spans_sent	171938
1781385886	snap	2800	sdk	user	spans_dropped	388835
1781385886	snap	2800	sdk	user	spans_flushed	560773
1781385886	snap	2800	sdk	user	batches_sent	1784
1781385886	snap	2800	sdk	user	batches_dropped	1622
1781385886	snap	2800	sdk	user	send_unavailable	1622
1781385886	snap	2800	sdk	user	send_deadline	0
1781385886	snap	2800	sdk	user	send_exhausted	0
1781385886	snap	2800	sdk	user	send_canceled	0
1781385886	snap	2800	sdk	user	send_other	0
1781385886	snap	2800	sdk	user	buffer_depth	0
0
1781385886	snap	2800	sdk	user	cp_received	559811
1781385886	snap	2800	sdk	user	lp_received	962
1781385886	snap	2800	sdk	user	cp_sent	170976
1781385886	snap	2800	sdk	user	lp_sent	962
1781385886	snap	2800	sdk	user	cp_dropped	388835
1781385886	snap	2800	sdk	user	lp_dropped	0
1781385886	snap	2800	sdk	userid	spans_received	75248
1781385886	snap	2800	sdk	userid	spans_sent	75248
1781385886	snap	2800	sdk	userid	spans_dropped	0
1781385886	snap	2800	sdk	userid	spans_flushed	75248
1781385886	snap	2800	sdk	userid	batches_sent	250
1781385886	snap	2800	sdk	userid	batches_dropped	0
1781385886	snap	2800	sdk	userid	send_unavailable	0
1781385886	snap	2800	sdk	userid	send_deadline	0
1781385886	snap	2800	sdk	userid	send_exhausted	0
1781385886	snap	2800	sdk	userid	send_canceled	0
1781385886	snap	2800	sdk	userid	send_other	0
1781385886	snap	2800	sdk	userid	buffer_depth	0
0
1781385886	snap	2800	sdk	userid	cp_received	75248
1781385886	snap	2800	sdk	userid	lp_received	0
1781385886	snap	2800	sdk	userid	cp_sent	75248
1781385886	snap	2800	sdk	userid	lp_sent	0
1781385886	snap	2800	sdk	userid	cp_dropped	0
1781385886	snap	2800	sdk	userid	lp_dropped	0
1781385886	snap	2800	sdk	usermention	spans_received	558849
1781385886	snap	2800	sdk	usermention	spans_sent	254236
1781385886	snap	2800	sdk	usermention	spans_dropped	304613
1781385886	snap	2800	sdk	usermention	spans_flushed	558849
1781385886	snap	2800	sdk	usermention	batches_sent	2148
1781385886	snap	2800	sdk	usermention	batches_dropped	1248
1781385886	snap	2800	sdk	usermention	send_unavailable	1248
1781385886	snap	2800	sdk	usermention	send_deadline	0
1781385886	snap	2800	sdk	usermention	send_exhausted	0
1781385886	snap	2800	sdk	usermention	send_canceled	0
1781385886	snap	2800	sdk	usermention	send_other	0
1781385886	snap	2800	sdk	usermention	buffer_depth	0
0
1781385886	snap	2800	sdk	usermention	cp_received	558849
1781385886	snap	2800	sdk	usermention	lp_received	0
1781385886	snap	2800	sdk	usermention	cp_sent	254236
1781385886	snap	2800	sdk	usermention	lp_sent	0
1781385886	snap	2800	sdk	usermention	cp_dropped	304613
1781385886	snap	2800	sdk	usermention	lp_dropped	0
1781385886	snap	2800	sdk	usertimeline	spans_received	558840
1781385886	snap	2800	sdk	usertimeline	spans_sent	402490
1781385886	snap	2800	sdk	usertimeline	spans_dropped	156350
1781385886	snap	2800	sdk	usertimeline	spans_flushed	558840
1781385886	snap	2800	sdk	usertimeline	batches_sent	2779
1781385886	snap	2800	sdk	usertimeline	batches_dropped	616
1781385886	snap	2800	sdk	usertimeline	send_unavailable	616
1781385886	snap	2800	sdk	usertimeline	send_deadline	0
1781385886	snap	2800	sdk	usertimeline	send_exhausted	0
1781385886	snap	2800	sdk	usertimeline	send_canceled	0
1781385886	snap	2800	sdk	usertimeline	send_other	0
1781385886	snap	2800	sdk	usertimeline	buffer_depth	0
0
1781385886	snap	2800	sdk	usertimeline	cp_received	558840
1781385886	snap	2800	sdk	usertimeline	lp_received	0
1781385886	snap	2800	sdk	usertimeline	cp_sent	402490
1781385886	snap	2800	sdk	usertimeline	lp_sent	0
1781385886	snap	2800	sdk	usertimeline	cp_dropped	156350
1781385886	snap	2800	sdk	usertimeline	lp_dropped	0
1781385953	snap	2800	otelcol	otelcol-sb-esrev1-ctr-w5r65	otelcol_processor_incoming_items	840291
1781385953	snap	2800	otelcol	otelcol-sb-esrev1-ctr-w5r65	otelcol_processor_batch_batch_send_size_sum	523553
1781385953	snap	2800	otelcol	otelcol-sb-esrev1-ctr-w5r65	otelcol_processor_outgoing_items	523553
1781385953	snap	2800	otelcol	otelcol-sb-esrev1-ctr-w5r65	otelcol_processor_batch_metadata_cardinality	1
1781385953	snap	2800	otelcol	otelcol-sb-esrev1-ctr-w5r65	otelcol_process_cpu_seconds	16
1781385953	snap	2800	otelcol	otelcol-sb-esrev1-ctr-w5r65	otelcol_processor_batch_timeout_trigger_send	1577
1781385953	snap	2800	otelcol	otelcol-sb-esrev1-ctr-w5r65	otelcol_receiver_refused_spans	316738
1781385953	snap	2800	otelcol	otelcol-sb-esrev1-ctr-w5r65	otelcol_process_runtime_total_sys_memory_bytes	197527864
1781385953	snap	2800	otelcol	otelcol-sb-esrev1-ctr-w5r65	otelcol_exporter_sent_spans	230584
1781385953	snap	2800	otelcol	otelcol-sb-esrev1-ctr-w5r65	otelcol_exporter_queue_size	641
1781385953	snap	2800	otelcol	otelcol-sb-esrev1-ctr-w5r65	otelcol_receiver_accepted_spans	523553
1781385953	snap	2800	otelcol	otelcol-sb-esrev1-ctr-w5r65	otelcol_process_uptime	561
1781385953	snap	2800	otelcol	otelcol-sb-esrev1-ctr-w5r65	otelcol_process_runtime_total_alloc_bytes	526795184
1781385953	snap	2800	otelcol	otelcol-sb-esrev1-ctr-w5r65	otelcol_process_runtime_heap_alloc_bytes	144787992
1781385953	snap	2800	otelcol	otelcol-sb-esrev1-ctr-w5r65	otelcol_exporter_send_failed_spans	0
1781385953	snap	2800	otelcol	otelcol-sb-esrev1-ctr-w5r65	otelcol_exporter_queue_batch_send_size_sum	523553
1781385953	snap	2800	otelcol	otelcol-sb-esrev1-ctr-w5r65	otelcol_receiver_failed_spans	0
1781385953	snap	2800	otelcol	otelcol-sb-esrev1-ctr-w5r65	otelcol_exporter_queue_capacity	1001
1781385953	snap	2800	otelcol	otelcol-sb-esrev1-ctr-w5r65	otelcol_process_memory_rss	324505600
1781385953	snap	2800	otelcol	otelcol-sb-esrev1-ctr-5hn7z	otelcol_processor_batch_metadata_cardinality	1
1781385953	snap	2800	otelcol	otelcol-sb-esrev1-ctr-5hn7z	otelcol_exporter_queue_capacity	1001
1781385953	snap	2800	otelcol	otelcol-sb-esrev1-ctr-5hn7z	otelcol_exporter_queue_batch_send_size_sum	409577
1781385953	snap	2800	otelcol	otelcol-sb-esrev1-ctr-5hn7z	otelcol_exporter_send_failed_spans	0
1781385953	snap	2800	otelcol	otelcol-sb-esrev1-ctr-5hn7z	otelcol_processor_batch_batch_send_size_sum	409577
1781385953	snap	2800	otelcol	otelcol-sb-esrev1-ctr-5hn7z	otelcol_processor_batch_timeout_trigger_send	1403
1781385953	snap	2800	otelcol	otelcol-sb-esrev1-ctr-5hn7z	otelcol_process_cpu_seconds	15
1781385953	snap	2800	otelcol	otelcol-sb-esrev1-ctr-5hn7z	otelcol_process_uptime	560
1781385953	snap	2800	otelcol	otelcol-sb-esrev1-ctr-5hn7z	otelcol_exporter_sent_spans	109514
1781385953	snap	2800	otelcol	otelcol-sb-esrev1-ctr-5hn7z	otelcol_receiver_failed_spans	0
1781385953	snap	2800	otelcol	otelcol-sb-esrev1-ctr-5hn7z	otelcol_process_runtime_total_sys_memory_bytes	188848424
1781385953	snap	2800	otelcol	otelcol-sb-esrev1-ctr-5hn7z	otelcol_receiver_refused_spans	316880
1781385953	snap	2800	otelcol	otelcol-sb-esrev1-ctr-5hn7z	otelcol_process_memory_rss	325042176
1781385953	snap	2800	otelcol	otelcol-sb-esrev1-ctr-5hn7z	otelcol_processor_incoming_items	726457
1781385953	snap	2800	otelcol	otelcol-sb-esrev1-ctr-5hn7z	otelcol_process_runtime_total_alloc_bytes	452204520
1781385953	snap	2800	otelcol	otelcol-sb-esrev1-ctr-5hn7z	otelcol_process_runtime_heap_alloc_bytes	149170240
1781385953	snap	2800	otelcol	otelcol-sb-esrev1-ctr-5hn7z	otelcol_receiver_accepted_spans	409577
1781385953	snap	2800	otelcol	otelcol-sb-esrev1-ctr-5hn7z	otelcol_processor_outgoing_items	409577
1781385953	snap	2800	otelcol	otelcol-sb-esrev1-ctr-5hn7z	otelcol_exporter_queue_size	659
1781385953	snap	2800	otelcol	otelcol-sb-esrev1-ctr-m57hx	otelcol_process_memory_rss	177524736
1781385953	snap	2800	otelcol	otelcol-sb-esrev1-ctr-m57hx	otelcol_process_runtime_total_sys_memory_bytes	48269592
1781385953	snap	2800	otelcol	otelcol-sb-esrev1-ctr-m57hx	otelcol_exporter_queue_size	0
1781385953	snap	2800	otelcol	otelcol-sb-esrev1-ctr-m57hx	otelcol_exporter_queue_capacity	1001
1781385953	snap	2800	otelcol	otelcol-sb-esrev1-ctr-m57hx	otelcol_process_runtime_total_alloc_bytes	41382432
1781385953	snap	2800	otelcol	otelcol-sb-esrev1-ctr-m57hx	otelcol_process_uptime	559
1781385953	snap	2800	otelcol	otelcol-sb-esrev1-ctr-m57hx	otelcol_process_cpu_seconds	4
1781385953	snap	2800	otelcol	otelcol-sb-esrev1-ctr-m57hx	otelcol_processor_batch_metadata_cardinality	1
1781385953	snap	2800	otelcol	otelcol-sb-esrev1-ctr-m57hx	otelcol_process_runtime_heap_alloc_bytes	19168944
1781385953	snap	2800	otelcol	otelcol-sb-esrev1-ctr-9j7x7	otelcol_process_cpu_seconds	132
1781385953	snap	2800	otelcol	otelcol-sb-esrev1-ctr-9j7x7	otelcol_exporter_send_failed_spans	0
1781385953	snap	2800	otelcol	otelcol-sb-esrev1-ctr-9j7x7	otelcol_processor_incoming_items	11001812
1781385953	snap	2800	otelcol	otelcol-sb-esrev1-ctr-9j7x7	otelcol_process_memory_rss	318386176
1781385953	snap	2800	otelcol	otelcol-sb-esrev1-ctr-9j7x7	otelcol_exporter_sent_spans	470640
1781385953	snap	2800	otelcol	otelcol-sb-esrev1-ctr-9j7x7	otelcol_exporter_queue_batch_send_size_sum	712823
1781385953	snap	2800	otelcol	otelcol-sb-esrev1-ctr-9j7x7	otelcol_processor_outgoing_items	712823
1781385953	snap	2800	otelcol	otelcol-sb-esrev1-ctr-9j7x7	otelcol_processor_batch_batch_send_size_sum	712823
1781385953	snap	2800	otelcol	otelcol-sb-esrev1-ctr-9j7x7	otelcol_process_runtime_heap_alloc_bytes	127299872
1781385953	snap	2800	otelcol	otelcol-sb-esrev1-ctr-9j7x7	otelcol_process_runtime_total_sys_memory_bytes	229501240
1781385953	snap	2800	otelcol	otelcol-sb-esrev1-ctr-9j7x7	otelcol_receiver_refused_spans	10288989
1781385953	snap	2800	otelcol	otelcol-sb-esrev1-ctr-9j7x7	otelcol_processor_batch_metadata_cardinality	1
1781385953	snap	2800	otelcol	otelcol-sb-esrev1-ctr-9j7x7	otelcol_receiver_failed_spans	0
1781385953	snap	2800	otelcol	otelcol-sb-esrev1-ctr-9j7x7	otelcol_processor_batch_timeout_trigger_send	1122
1781385953	snap	2800	otelcol	otelcol-sb-esrev1-ctr-9j7x7	otelcol_exporter_queue_size	156
1781385953	snap	2800	otelcol	otelcol-sb-esrev1-ctr-9j7x7	otelcol_receiver_accepted_spans	712823
1781385953	snap	2800	otelcol	otelcol-sb-esrev1-ctr-9j7x7	otelcol_process_uptime	559
1781385953	snap	2800	otelcol	otelcol-sb-esrev1-ctr-9j7x7	otelcol_process_runtime_total_alloc_bytes	7427491416
1781385953	snap	2800	otelcol	otelcol-sb-esrev1-ctr-9j7x7	otelcol_exporter_queue_capacity	1001
1781385953	snap	2800	otelcol	otelcol-sb-esrev1-ctr-rbg9n	otelcol_exporter_queue_capacity	1001
1781385953	snap	2800	otelcol	otelcol-sb-esrev1-ctr-rbg9n	otelcol_process_cpu_seconds	122
1781385953	snap	2800	otelcol	otelcol-sb-esrev1-ctr-rbg9n	otelcol_exporter_send_failed_spans	0
1781385953	snap	2800	otelcol	otelcol-sb-esrev1-ctr-rbg9n	otelcol_receiver_refused_spans	4899505
1781385953	snap	2800	otelcol	otelcol-sb-esrev1-ctr-rbg9n	otelcol_process_runtime_total_alloc_bytes	5326484864
1781385953	snap	2800	otelcol	otelcol-sb-esrev1-ctr-rbg9n	otelcol_process_memory_rss	319823872
1781385953	snap	2800	otelcol	otelcol-sb-esrev1-ctr-rbg9n	otelcol_processor_batch_metadata_cardinality	1
1781385953	snap	2800	otelcol	otelcol-sb-esrev1-ctr-rbg9n	otelcol_processor_batch_timeout_trigger_send	855
1781385953	snap	2800	otelcol	otelcol-sb-esrev1-ctr-rbg9n	otelcol_receiver_failed_spans	0
1781385953	snap	2800	otelcol	otelcol-sb-esrev1-ctr-rbg9n	otelcol_processor_batch_batch_size_trigger_send	1
1781385953	snap	2800	otelcol	otelcol-sb-esrev1-ctr-rbg9n	otelcol_process_runtime_heap_alloc_bytes	127789488
1781385953	snap	2800	otelcol	otelcol-sb-esrev1-ctr-rbg9n	otelcol_exporter_sent_spans	994093
1781385953	snap	2800	otelcol	otelcol-sb-esrev1-ctr-rbg9n	otelcol_processor_incoming_items	6131856
1781385953	snap	2800	otelcol	otelcol-sb-esrev1-ctr-rbg9n	otelcol_processor_outgoing_items	1232351
1781385953	snap	2800	otelcol	otelcol-sb-esrev1-ctr-rbg9n	otelcol_receiver_accepted_spans	1232351
1781385953	snap	2800	otelcol	otelcol-sb-esrev1-ctr-rbg9n	otelcol_processor_batch_batch_send_size_sum	1232351
1781385953	snap	2800	otelcol	otelcol-sb-esrev1-ctr-rbg9n	otelcol_process_uptime	558
1781385953	snap	2800	otelcol	otelcol-sb-esrev1-ctr-rbg9n	otelcol_exporter_queue_size	93
1781385953	snap	2800	otelcol	otelcol-sb-esrev1-ctr-rbg9n	otelcol_exporter_queue_batch_send_size_sum	1232351
1781385953	snap	2800	otelcol	otelcol-sb-esrev1-ctr-rbg9n	otelcol_process_runtime_total_sys_memory_bytes	237828424
1781385953	snap	2800	otelcol	otelcol-sb-esrev1-ctr-qd64d	otelcol_receiver_accepted_spans	553923
1781385953	snap	2800	otelcol	otelcol-sb-esrev1-ctr-qd64d	otelcol_process_runtime_total_sys_memory_bytes	198101304
1781385953	snap	2800	otelcol	otelcol-sb-esrev1-ctr-qd64d	otelcol_processor_incoming_items	1452932
1781385953	snap	2800	otelcol	otelcol-sb-esrev1-ctr-qd64d	otelcol_process_uptime	560
1781385953	snap	2800	otelcol	otelcol-sb-esrev1-ctr-qd64d	otelcol_exporter_send_failed_spans	0
1781385953	snap	2800	otelcol	otelcol-sb-esrev1-ctr-qd64d	otelcol_exporter_queue_capacity	1001
1781385953	snap	2800	otelcol	otelcol-sb-esrev1-ctr-qd64d	otelcol_processor_outgoing_items	553923
1781385953	snap	2800	otelcol	otelcol-sb-esrev1-ctr-qd64d	otelcol_exporter_queue_size	306
1781385953	snap	2800	otelcol	otelcol-sb-esrev1-ctr-qd64d	otelcol_processor_batch_metadata_cardinality	1
1781385953	snap	2800	otelcol	otelcol-sb-esrev1-ctr-qd64d	otelcol_processor_batch_timeout_trigger_send	1129
1781385953	snap	2800	otelcol	otelcol-sb-esrev1-ctr-qd64d	otelcol_process_runtime_heap_alloc_bytes	143367744
1781385953	snap	2800	otelcol	otelcol-sb-esrev1-ctr-qd64d	otelcol_processor_batch_batch_send_size_sum	553923
1781385953	snap	2800	otelcol	otelcol-sb-esrev1-ctr-qd64d	otelcol_process_memory_rss	321511424
1781385953	snap	2800	otelcol	otelcol-sb-esrev1-ctr-qd64d	otelcol_receiver_refused_spans	899009
1781385953	snap	2800	otelcol	otelcol-sb-esrev1-ctr-qd64d	otelcol_process_cpu_seconds	26
1781385953	snap	2800	otelcol	otelcol-sb-esrev1-ctr-qd64d	otelcol_exporter_queue_batch_send_size_sum	553923
1781385953	snap	2800	otelcol	otelcol-sb-esrev1-ctr-qd64d	otelcol_receiver_failed_spans	0
1781385953	snap	2800	otelcol	otelcol-sb-esrev1-ctr-qd64d	otelcol_exporter_sent_spans	282134
1781385953	snap	2800	otelcol	otelcol-sb-esrev1-ctr-qd64d	otelcol_process_runtime_total_alloc_bytes	956723192
1781385953	snap	2800	otelcol	otelcol-sb-esrev1-ctr-jjcwc	otelcol_process_runtime_total_alloc_bytes	480333176
1781385953	snap	2800	otelcol	otelcol-sb-esrev1-ctr-jjcwc	otelcol_process_runtime_heap_alloc_bytes	144224760
1781385953	snap	2800	otelcol	otelcol-sb-esrev1-ctr-jjcwc	otelcol_receiver_failed_spans	0
1781385953	snap	2800	otelcol	otelcol-sb-esrev1-ctr-jjcwc	otelcol_process_memory_rss	322977792
1781385953	snap	2800	otelcol	otelcol-sb-esrev1-ctr-jjcwc	otelcol_exporter_queue_size	617
1781385953	snap	2800	otelcol	otelcol-sb-esrev1-ctr-jjcwc	otelcol_receiver_accepted_spans	413928
1781385953	snap	2800	otelcol	otelcol-sb-esrev1-ctr-jjcwc	otelcol_processor_incoming_items	726466
1781385953	snap	2800	otelcol	otelcol-sb-esrev1-ctr-jjcwc	otelcol_processor_batch_metadata_cardinality	1
1781385953	snap	2800	otelcol	otelcol-sb-esrev1-ctr-jjcwc	otelcol_exporter_queue_capacity	1001
1781385953	snap	2800	otelcol	otelcol-sb-esrev1-ctr-jjcwc	otelcol_processor_outgoing_items	413928
1781385953	snap	2800	otelcol	otelcol-sb-esrev1-ctr-jjcwc	otelcol_processor_batch_timeout_trigger_send	1410
1781385953	snap	2800	otelcol	otelcol-sb-esrev1-ctr-jjcwc	otelcol_process_runtime_total_sys_memory_bytes	192801080
1781385953	snap	2800	otelcol	otelcol-sb-esrev1-ctr-jjcwc	otelcol_receiver_refused_spans	312538
1781385953	snap	2800	otelcol	otelcol-sb-esrev1-ctr-jjcwc	otelcol_exporter_send_failed_spans	0
1781385953	snap	2800	otelcol	otelcol-sb-esrev1-ctr-jjcwc	otelcol_exporter_queue_batch_send_size_sum	413928
1781385953	snap	2800	otelcol	otelcol-sb-esrev1-ctr-jjcwc	otelcol_processor_batch_batch_send_size_sum	413928
1781385953	snap	2800	otelcol	otelcol-sb-esrev1-ctr-jjcwc	otelcol_process_cpu_seconds	15
1781385953	snap	2800	otelcol	otelcol-sb-esrev1-ctr-jjcwc	otelcol_process_uptime	560
1781385953	snap	2800	otelcol	otelcol-sb-esrev1-ctr-jjcwc	otelcol_exporter_sent_spans	129037
1781385953	snap	2800	otelcol	otelcol-sb-esrev1-ctr-64dpb	otelcol_exporter_queue_batch_send_size_sum	422938
1781385953	snap	2800	otelcol	otelcol-sb-esrev1-ctr-64dpb	otelcol_exporter_send_failed_spans	0
1781385953	snap	2800	otelcol	otelcol-sb-esrev1-ctr-64dpb	otelcol_exporter_queue_size	623
1781385953	snap	2800	otelcol	otelcol-sb-esrev1-ctr-64dpb	otelcol_process_runtime_total_alloc_bytes	446981848
1781385953	snap	2800	otelcol	otelcol-sb-esrev1-ctr-64dpb	otelcol_processor_batch_metadata_cardinality	1
1781385953	snap	2800	otelcol	otelcol-sb-esrev1-ctr-64dpb	otelcol_process_runtime_heap_alloc_bytes	141709448
1781385953	snap	2800	otelcol	otelcol-sb-esrev1-ctr-64dpb	otelcol_processor_batch_timeout_trigger_send	1423
1781385953	snap	2800	otelcol	otelcol-sb-esrev1-ctr-64dpb	otelcol_process_memory_rss	326205440
1781385953	snap	2800	otelcol	otelcol-sb-esrev1-ctr-64dpb	otelcol_receiver_refused_spans	303519
1781385953	snap	2800	otelcol	otelcol-sb-esrev1-ctr-64dpb	otelcol_receiver_failed_spans	0
1781385953	snap	2800	otelcol	otelcol-sb-esrev1-ctr-64dpb	otelcol_receiver_accepted_spans	422938
1781385953	snap	2800	otelcol	otelcol-sb-esrev1-ctr-64dpb	otelcol_processor_incoming_items	726457
1781385953	snap	2800	otelcol	otelcol-sb-esrev1-ctr-64dpb	otelcol_process_cpu_seconds	15
1781385953	snap	2800	otelcol	otelcol-sb-esrev1-ctr-64dpb	otelcol_exporter_queue_capacity	1001
1781385953	snap	2800	otelcol	otelcol-sb-esrev1-ctr-64dpb	otelcol_processor_outgoing_items	422938
1781385953	snap	2800	otelcol	otelcol-sb-esrev1-ctr-64dpb	otelcol_processor_batch_batch_send_size_sum	422938
1781385953	snap	2800	otelcol	otelcol-sb-esrev1-ctr-64dpb	otelcol_process_uptime	560
1781385953	snap	2800	otelcol	otelcol-sb-esrev1-ctr-64dpb	otelcol_process_runtime_total_sys_memory_bytes	196385064
1781385953	snap	2800	otelcol	otelcol-sb-esrev1-ctr-64dpb	otelcol_exporter_sent_spans	132631
1781385953	snap	2800	otelcol	otelcol-sb-esrev1-ctr-lmnfn	otelcol_processor_batch_timeout_trigger_send	1517
1781385953	snap	2800	otelcol	otelcol-sb-esrev1-ctr-lmnfn	otelcol_processor_batch_batch_send_size_sum	823356
1781385953	snap	2800	otelcol	otelcol-sb-esrev1-ctr-lmnfn	otelcol_process_runtime_total_alloc_bytes	1759263984
1781385953	snap	2800	otelcol	otelcol-sb-esrev1-ctr-lmnfn	otelcol_process_runtime_heap_alloc_bytes	129685648
1781385953	snap	2800	otelcol	otelcol-sb-esrev1-ctr-lmnfn	otelcol_exporter_queue_batch_send_size_sum	823356
1781385953	snap	2800	otelcol	otelcol-sb-esrev1-ctr-lmnfn	otelcol_process_uptime	559
1781385953	snap	2800	otelcol	otelcol-sb-esrev1-ctr-lmnfn	otelcol_process_cpu_seconds	37
1781385953	snap	2800	otelcol	otelcol-sb-esrev1-ctr-lmnfn	otelcol_exporter_send_failed_spans	0
1781385953	snap	2800	otelcol	otelcol-sb-esrev1-ctr-lmnfn	otelcol_exporter_sent_spans	553902
1781385953	snap	2800	otelcol	otelcol-sb-esrev1-ctr-lmnfn	otelcol_receiver_refused_spans	2157774
1781385953	snap	2800	otelcol	otelcol-sb-esrev1-ctr-lmnfn	otelcol_processor_incoming_items	2981130
1781385953	snap	2800	otelcol	otelcol-sb-esrev1-ctr-lmnfn	otelcol_receiver_accepted_spans	823356
1781385953	snap	2800	otelcol	otelcol-sb-esrev1-ctr-lmnfn	otelcol_processor_outgoing_items	823356
1781385953	snap	2800	otelcol	otelcol-sb-esrev1-ctr-lmnfn	otelcol_process_runtime_total_sys_memory_bytes	206227768
1781385953	snap	2800	otelcol	otelcol-sb-esrev1-ctr-lmnfn	otelcol_process_memory_rss	325038080
1781385953	snap	2800	otelcol	otelcol-sb-esrev1-ctr-lmnfn	otelcol_receiver_failed_spans	0
1781385953	snap	2800	otelcol	otelcol-sb-esrev1-ctr-lmnfn	otelcol_processor_batch_metadata_cardinality	1
1781385953	snap	2800	otelcol	otelcol-sb-esrev1-ctr-lmnfn	otelcol_exporter_queue_size	573
1781385953	snap	2800	otelcol	otelcol-sb-esrev1-ctr-lmnfn	otelcol_exporter_queue_capacity	1001
1781385953	snap	2800	k8s	otelcol-sb-esrev1-ctr-5hn7z	restart_count	0
1781385953	snap	2800	k8s	otelcol-sb-esrev1-ctr-64dpb	restart_count	0
1781385953	snap	2800	k8s	otelcol-sb-esrev1-ctr-9j7x7	restart_count	0
1781385953	snap	2800	k8s	otelcol-sb-esrev1-ctr-jjcwc	restart_count	0
1781385953	snap	2800	k8s	otelcol-sb-esrev1-ctr-lmnfn	restart_count	0
1781385953	snap	2800	k8s	otelcol-sb-esrev1-ctr-m57hx	restart_count	0
1781385953	snap	2800	k8s	otelcol-sb-esrev1-ctr-qd64d	restart_count	0
1781385953	snap	2800	k8s	otelcol-sb-esrev1-ctr-rbg9n	restart_count	0
1781385953	snap	2800	k8s	otelcol-sb-esrev1-ctr-w5r65	restart_count	0
1781385953	snap	2800	sdk	wrk2api	spans_received	1530095
1781385953	snap	2800	sdk	wrk2api	spans_sent	528061
1781385953	snap	2800	sdk	wrk2api	spans_dropped	0
1781385953	snap	2800	sdk	wrk2api	spans_flushed	1530095
1781385953	snap	2800	sdk	wrk2api	batches_sent	4510
1781385953	snap	2800	sdk	wrk2api	batches_dropped	0
1781385953	snap	2800	sdk	wrk2api	send_unavailable	0
1781385953	snap	2800	sdk	wrk2api	send_deadline	0
1781385953	snap	2800	sdk	wrk2api	send_exhausted	0
1781385953	snap	2800	sdk	wrk2api	send_canceled	0
1781385953	snap	2800	sdk	wrk2api	send_other	0
1781385953	snap	2800	sdk	wrk2api	buffer_depth	0
0
1781385953	snap	2800	sdk	wrk2api	cp_received	765043
1781385953	snap	2800	sdk	wrk2api	lp_received	765052
1781385953	snap	2800	sdk	wrk2api	cp_sent	352562
1781385953	snap	2800	sdk	wrk2api	lp_sent	175499
1781385953	snap	2800	sdk	wrk2api	cp_dropped	0
1781385953	snap	2800	sdk	wrk2api	lp_dropped	0
1781385953	snap	2800	sdk	composepost	spans_received	5811719
1781385953	snap	2800	sdk	composepost	spans_sent	1090053
1781385953	snap	2800	sdk	composepost	spans_dropped	4721666
1781385953	snap	2800	sdk	composepost	spans_flushed	5811719
1781385953	snap	2800	sdk	composepost	batches_sent	12810
1781385953	snap	2800	sdk	composepost	batches_dropped	19180
1781385953	snap	2800	sdk	composepost	send_unavailable	12462
1781385953	snap	2800	sdk	composepost	send_deadline	6718
1781385953	snap	2800	sdk	composepost	send_exhausted	0
1781385953	snap	2800	sdk	composepost	send_canceled	0
1781385953	snap	2800	sdk	composepost	send_other	0
1781385953	snap	2800	sdk	composepost	buffer_depth	0
0
1781385953	snap	2800	sdk	composepost	cp_received	5085253
1781385953	snap	2800	sdk	composepost	lp_received	726466
1781385953	snap	2800	sdk	composepost	cp_sent	1020804
1781385953	snap	2800	sdk	composepost	lp_sent	69249
1781385953	snap	2800	sdk	composepost	cp_dropped	4064449
1781385953	snap	2800	sdk	composepost	lp_dropped	657217
1781385953	snap	2800	sdk	hometimeline	spans_received	1452914
1781385953	snap	2800	sdk	hometimeline	spans_sent	138442
1781385953	snap	2800	sdk	hometimeline	spans_dropped	1314472
1781385953	snap	2800	sdk	hometimeline	spans_flushed	1452914
1781385953	snap	2800	sdk	hometimeline	batches_sent	2574
1781385953	snap	2800	sdk	hometimeline	batches_dropped	5426
1781385953	snap	2800	sdk	hometimeline	send_unavailable	5193
1781385953	snap	2800	sdk	hometimeline	send_deadline	233
1781385953	snap	2800	sdk	hometimeline	send_exhausted	0
1781385953	snap	2800	sdk	hometimeline	send_canceled	0
1781385953	snap	2800	sdk	hometimeline	send_other	0
1781385953	snap	2800	sdk	hometimeline	buffer_depth	0
0
1781385953	snap	2800	sdk	hometimeline	cp_received	0
1781385953	snap	2800	sdk	hometimeline	lp_received	1452914
1781385953	snap	2800	sdk	hometimeline	cp_sent	0
1781385953	snap	2800	sdk	hometimeline	lp_sent	138442
1781385953	snap	2800	sdk	hometimeline	cp_dropped	0
1781385953	snap	2800	sdk	hometimeline	lp_dropped	1314472
1781385953	snap	2800	sdk	media	spans_received	726466
1781385953	snap	2800	sdk	media	spans_sent	388921
1781385953	snap	2800	sdk	media	spans_dropped	337545
1781385953	snap	2800	sdk	media	spans_flushed	726466
1781385953	snap	2800	sdk	media	batches_sent	2658
1781385953	snap	2800	sdk	media	batches_dropped	1335
1781385953	snap	2800	sdk	media	send_unavailable	1335
1781385953	snap	2800	sdk	media	send_deadline	0
1781385953	snap	2800	sdk	media	send_exhausted	0
1781385953	snap	2800	sdk	media	send_canceled	0
1781385953	snap	2800	sdk	media	send_other	0
1781385953	snap	2800	sdk	media	buffer_depth	0
0
1781385953	snap	2800	sdk	media	cp_received	726466
1781385953	snap	2800	sdk	media	lp_received	0
1781385953	snap	2800	sdk	media	cp_sent	388921
1781385953	snap	2800	sdk	media	lp_sent	0
1781385953	snap	2800	sdk	media	cp_dropped	337545
1781385953	snap	2800	sdk	media	lp_dropped	0
1781385953	snap	2800	sdk	post-storage	spans_received	726457
1781385953	snap	2800	sdk	post-storage	spans_sent	422938
1781385953	snap	2800	sdk	post-storage	spans_dropped	303519
1781385953	snap	2800	sdk	post-storage	spans_flushed	726457
1781385953	snap	2800	sdk	post-storage	batches_sent	2851
1781385953	snap	2800	sdk	post-storage	batches_dropped	1144
1781385953	snap	2800	sdk	post-storage	send_unavailable	1144
1781385953	snap	2800	sdk	post-storage	send_deadline	0
1781385953	snap	2800	sdk	post-storage	send_exhausted	0
1781385953	snap	2800	sdk	post-storage	send_canceled	0
1781385953	snap	2800	sdk	post-storage	send_other	0
1781385953	snap	2800	sdk	post-storage	buffer_depth	0
0
1781385953	snap	2800	sdk	post-storage	cp_received	726457
1781385953	snap	2800	sdk	post-storage	lp_received	0
1781385953	snap	2800	sdk	post-storage	cp_sent	422938
1781385953	snap	2800	sdk	post-storage	lp_sent	0
1781385953	snap	2800	sdk	post-storage	cp_dropped	303519
1781385953	snap	2800	sdk	post-storage	lp_dropped	0
1781385953	snap	2800	sdk	socialgraph	spans_received	840291
1781385953	snap	2800	sdk	socialgraph	spans_sent	523553
1781385953	snap	2800	sdk	socialgraph	spans_dropped	316738
1781385953	snap	2800	sdk	socialgraph	spans_flushed	840291
1781385953	snap	2800	sdk	socialgraph	batches_sent	3308
1781385953	snap	2800	sdk	socialgraph	batches_dropped	1203
1781385953	snap	2800	sdk	socialgraph	send_unavailable	1203
1781385953	snap	2800	sdk	socialgraph	send_deadline	0
1781385953	snap	2800	sdk	socialgraph	send_exhausted	0
1781385953	snap	2800	sdk	socialgraph	send_canceled	0
1781385953	snap	2800	sdk	socialgraph	send_other	0
1781385953	snap	2800	sdk	socialgraph	buffer_depth	0
0
1781385953	snap	2800	sdk	socialgraph	cp_received	802667
1781385953	snap	2800	sdk	socialgraph	lp_received	37624
1781385953	snap	2800	sdk	socialgraph	cp_sent	489093
1781385953	snap	2800	sdk	socialgraph	lp_sent	34460
1781385953	snap	2800	sdk	socialgraph	cp_dropped	313574
1781385953	snap	2800	sdk	socialgraph	lp_dropped	3164
1781385953	snap	2800	sdk	text	spans_received	2179416
1781385953	snap	2800	sdk	text	spans_sent	359187
1781385953	snap	2800	sdk	text	spans_dropped	1820229
1781385953	snap	2800	sdk	text	spans_flushed	2179416
1781385953	snap	2800	sdk	text	batches_sent	4632
1781385953	snap	2800	sdk	text	batches_dropped	7368
1781385953	snap	2800	sdk	text	send_unavailable	7368
1781385953	snap	2800	sdk	text	send_deadline	0
1781385953	snap	2800	sdk	text	send_exhausted	0
1781385953	snap	2800	sdk	text	send_canceled	0
1781385953	snap	2800	sdk	text	send_other	0
1781385953	snap	2800	sdk	text	buffer_depth	0
0
1781385953	snap	2800	sdk	text	cp_received	0
1781385953	snap	2800	sdk	text	lp_received	2179416
1781385953	snap	2800	sdk	text	cp_sent	0
1781385953	snap	2800	sdk	text	lp_sent	359187
1781385953	snap	2800	sdk	text	cp_dropped	0
1781385953	snap	2800	sdk	text	lp_dropped	1820229
1781385953	snap	2800	sdk	uniqueid	spans_received	726466
1781385953	snap	2800	sdk	uniqueid	spans_sent	276717
1781385953	snap	2800	sdk	uniqueid	spans_dropped	449749
1781385953	snap	2800	sdk	uniqueid	spans_flushed	726466
1781385953	snap	2800	sdk	uniqueid	batches_sent	2226
1781385953	snap	2800	sdk	uniqueid	batches_dropped	1770
1781385953	snap	2800	sdk	uniqueid	send_unavailable	1770
1781385953	snap	2800	sdk	uniqueid	send_deadline	0
1781385953	snap	2800	sdk	uniqueid	send_exhausted	0
1781385953	snap	2800	sdk	uniqueid	send_canceled	0
1781385953	snap	2800	sdk	uniqueid	send_other	0
1781385953	snap	2800	sdk	uniqueid	buffer_depth	0
0
1781385953	snap	2800	sdk	uniqueid	cp_received	726466
1781385953	snap	2800	sdk	uniqueid	lp_received	0
1781385953	snap	2800	sdk	uniqueid	cp_sent	276717
1781385953	snap	2800	sdk	uniqueid	lp_sent	0
1781385953	snap	2800	sdk	uniqueid	cp_dropped	449749
1781385953	snap	2800	sdk	uniqueid	lp_dropped	0
1781385953	snap	2800	sdk	urlshorten	spans_received	726466
1781385953	snap	2800	sdk	urlshorten	spans_sent	413928
1781385953	snap	2800	sdk	urlshorten	spans_dropped	312538
1781385953	snap	2800	sdk	urlshorten	spans_flushed	726466
1781385953	snap	2800	sdk	urlshorten	batches_sent	2813
1781385953	snap	2800	sdk	urlshorten	batches_dropped	1180
1781385953	snap	2800	sdk	urlshorten	send_unavailable	1180
1781385953	snap	2800	sdk	urlshorten	send_deadline	0
1781385953	snap	2800	sdk	urlshorten	send_exhausted	0
1781385953	snap	2800	sdk	urlshorten	send_canceled	0
1781385953	snap	2800	sdk	urlshorten	send_other	0
1781385953	snap	2800	sdk	urlshorten	buffer_depth	0
0
1781385953	snap	2800	sdk	urlshorten	cp_received	726466
1781385953	snap	2800	sdk	urlshorten	lp_received	0
1781385953	snap	2800	sdk	urlshorten	cp_sent	413928
1781385953	snap	2800	sdk	urlshorten	lp_sent	0
1781385953	snap	2800	sdk	urlshorten	cp_dropped	312538
1781385953	snap	2800	sdk	urlshorten	lp_dropped	0
1781385953	snap	2800	sdk	user	spans_received	728390
1781385953	snap	2800	sdk	user	spans_sent	179408
1781385953	snap	2800	sdk	user	spans_dropped	548982
1781385953	snap	2800	sdk	user	spans_flushed	728390
1781385953	snap	2800	sdk	user	batches_sent	1810
1781385953	snap	2800	sdk	user	batches_dropped	2197
1781385953	snap	2800	sdk	user	send_unavailable	2193
1781385953	snap	2800	sdk	user	send_deadline	4
1781385953	snap	2800	sdk	user	send_exhausted	0
1781385953	snap	2800	sdk	user	send_canceled	0
1781385953	snap	2800	sdk	user	send_other	0
1781385953	snap	2800	sdk	user	buffer_depth	0
0
1781385953	snap	2800	sdk	user	cp_received	727428
1781385953	snap	2800	sdk	user	lp_received	962
1781385953	snap	2800	sdk	user	cp_sent	178446
1781385953	snap	2800	sdk	user	lp_sent	962
1781385953	snap	2800	sdk	user	cp_dropped	548982
1781385953	snap	2800	sdk	user	lp_dropped	0
1781385953	snap	2800	sdk	userid	spans_received	75248
1781385953	snap	2800	sdk	userid	spans_sent	75248
1781385953	snap	2800	sdk	userid	spans_dropped	0
1781385953	snap	2800	sdk	userid	spans_flushed	75248
1781385953	snap	2800	sdk	userid	batches_sent	250
1781385953	snap	2800	sdk	userid	batches_dropped	0
1781385953	snap	2800	sdk	userid	send_unavailable	0
1781385953	snap	2800	sdk	userid	send_deadline	0
1781385953	snap	2800	sdk	userid	send_exhausted	0
1781385953	snap	2800	sdk	userid	send_canceled	0
1781385953	snap	2800	sdk	userid	send_other	0
1781385953	snap	2800	sdk	userid	buffer_depth	0
0
1781385953	snap	2800	sdk	userid	cp_received	75248
1781385953	snap	2800	sdk	userid	lp_received	0
1781385953	snap	2800	sdk	userid	cp_sent	75248
1781385953	snap	2800	sdk	userid	lp_sent	0
1781385953	snap	2800	sdk	userid	cp_dropped	0
1781385953	snap	2800	sdk	userid	lp_dropped	0
1781385953	snap	2800	sdk	usermention	spans_received	726466
1781385953	snap	2800	sdk	usermention	spans_sent	277206
1781385953	snap	2800	sdk	usermention	spans_dropped	449260
1781385953	snap	2800	sdk	usermention	spans_flushed	726466
1781385953	snap	2800	sdk	usermention	batches_sent	2231
1781385953	snap	2800	sdk	usermention	batches_dropped	1765
1781385953	snap	2800	sdk	usermention	send_unavailable	1765
1781385953	snap	2800	sdk	usermention	send_deadline	0
1781385953	snap	2800	sdk	usermention	send_exhausted	0
1781385953	snap	2800	sdk	usermention	send_canceled	0
1781385953	snap	2800	sdk	usermention	send_other	0
1781385953	snap	2800	sdk	usermention	buffer_depth	0
0
1781385953	snap	2800	sdk	usermention	cp_received	726466
1781385953	snap	2800	sdk	usermention	lp_received	0
1781385953	snap	2800	sdk	usermention	cp_sent	277206
1781385953	snap	2800	sdk	usermention	lp_sent	0
1781385953	snap	2800	sdk	usermention	cp_dropped	449260
1781385953	snap	2800	sdk	usermention	lp_dropped	0
1781385953	snap	2800	sdk	usertimeline	spans_received	726457
1781385953	snap	2800	sdk	usertimeline	spans_sent	409577
1781385953	snap	2800	sdk	usertimeline	spans_dropped	316880
1781385953	snap	2800	sdk	usertimeline	spans_flushed	726457
1781385953	snap	2800	sdk	usertimeline	batches_sent	2804
1781385953	snap	2800	sdk	usertimeline	batches_dropped	1206
1781385953	snap	2800	sdk	usertimeline	send_unavailable	1206
1781385953	snap	2800	sdk	usertimeline	send_deadline	0
1781385953	snap	2800	sdk	usertimeline	send_exhausted	0
1781385953	snap	2800	sdk	usertimeline	send_canceled	0
1781385953	snap	2800	sdk	usertimeline	send_other	0
1781385953	snap	2800	sdk	usertimeline	buffer_depth	0
0
1781385953	snap	2800	sdk	usertimeline	cp_received	726457
1781385953	snap	2800	sdk	usertimeline	lp_received	0
1781385953	snap	2800	sdk	usertimeline	cp_sent	409577
1781385953	snap	2800	sdk	usertimeline	lp_sent	0
1781385953	snap	2800	sdk	usertimeline	cp_dropped	316880
1781385953	snap	2800	sdk	usertimeline	lp_dropped	0
1781385960	snap	3000	otelcol	otelcol-sb-esrev1-ctr-w5r65	otelcol_processor_incoming_items	840291
1781385960	snap	3000	otelcol	otelcol-sb-esrev1-ctr-w5r65	otelcol_processor_batch_batch_send_size_sum	523553
1781385960	snap	3000	otelcol	otelcol-sb-esrev1-ctr-w5r65	otelcol_processor_outgoing_items	523553
1781385960	snap	3000	otelcol	otelcol-sb-esrev1-ctr-w5r65	otelcol_processor_batch_metadata_cardinality	1
1781385960	snap	3000	otelcol	otelcol-sb-esrev1-ctr-w5r65	otelcol_process_cpu_seconds	16
1781385960	snap	3000	otelcol	otelcol-sb-esrev1-ctr-w5r65	otelcol_processor_batch_timeout_trigger_send	1577
1781385960	snap	3000	otelcol	otelcol-sb-esrev1-ctr-w5r65	otelcol_receiver_refused_spans	316738
1781385960	snap	3000	otelcol	otelcol-sb-esrev1-ctr-w5r65	otelcol_process_runtime_total_sys_memory_bytes	197527864
1781385960	snap	3000	otelcol	otelcol-sb-esrev1-ctr-w5r65	otelcol_exporter_sent_spans	233784
1781385960	snap	3000	otelcol	otelcol-sb-esrev1-ctr-w5r65	otelcol_exporter_queue_size	633
1781385960	snap	3000	otelcol	otelcol-sb-esrev1-ctr-w5r65	otelcol_receiver_accepted_spans	523553
1781385960	snap	3000	otelcol	otelcol-sb-esrev1-ctr-w5r65	otelcol_process_uptime	568
1781385960	snap	3000	otelcol	otelcol-sb-esrev1-ctr-w5r65	otelcol_process_runtime_total_alloc_bytes	528170600
1781385960	snap	3000	otelcol	otelcol-sb-esrev1-ctr-w5r65	otelcol_process_runtime_heap_alloc_bytes	146163408
1781385960	snap	3000	otelcol	otelcol-sb-esrev1-ctr-w5r65	otelcol_exporter_send_failed_spans	0
1781385960	snap	3000	otelcol	otelcol-sb-esrev1-ctr-w5r65	otelcol_exporter_queue_batch_send_size_sum	523553
1781385960	snap	3000	otelcol	otelcol-sb-esrev1-ctr-w5r65	otelcol_receiver_failed_spans	0
1781385960	snap	3000	otelcol	otelcol-sb-esrev1-ctr-w5r65	otelcol_exporter_queue_capacity	1001
1781385960	snap	3000	otelcol	otelcol-sb-esrev1-ctr-w5r65	otelcol_process_memory_rss	324505600
1781385960	snap	3000	otelcol	otelcol-sb-esrev1-ctr-5hn7z	otelcol_processor_batch_metadata_cardinality	1
1781385960	snap	3000	otelcol	otelcol-sb-esrev1-ctr-5hn7z	otelcol_exporter_queue_capacity	1001
1781385960	snap	3000	otelcol	otelcol-sb-esrev1-ctr-5hn7z	otelcol_exporter_queue_batch_send_size_sum	409577
1781385960	snap	3000	otelcol	otelcol-sb-esrev1-ctr-5hn7z	otelcol_exporter_send_failed_spans	0
1781385960	snap	3000	otelcol	otelcol-sb-esrev1-ctr-5hn7z	otelcol_processor_batch_batch_send_size_sum	409577
1781385960	snap	3000	otelcol	otelcol-sb-esrev1-ctr-5hn7z	otelcol_processor_batch_timeout_trigger_send	1403
1781385960	snap	3000	otelcol	otelcol-sb-esrev1-ctr-5hn7z	otelcol_process_cpu_seconds	15
1781385960	snap	3000	otelcol	otelcol-sb-esrev1-ctr-5hn7z	otelcol_process_uptime	567
1781385960	snap	3000	otelcol	otelcol-sb-esrev1-ctr-5hn7z	otelcol_exporter_sent_spans	109914
1781385960	snap	3000	otelcol	otelcol-sb-esrev1-ctr-5hn7z	otelcol_receiver_failed_spans	0
1781385960	snap	3000	otelcol	otelcol-sb-esrev1-ctr-5hn7z	otelcol_process_runtime_total_sys_memory_bytes	188848424
1781385960	snap	3000	otelcol	otelcol-sb-esrev1-ctr-5hn7z	otelcol_receiver_refused_spans	316880
1781385960	snap	3000	otelcol	otelcol-sb-esrev1-ctr-5hn7z	otelcol_process_memory_rss	325238784
1781385960	snap	3000	otelcol	otelcol-sb-esrev1-ctr-5hn7z	otelcol_processor_incoming_items	726457
1781385960	snap	3000	otelcol	otelcol-sb-esrev1-ctr-5hn7z	otelcol_process_runtime_total_alloc_bytes	453154320
1781385960	snap	3000	otelcol	otelcol-sb-esrev1-ctr-5hn7z	otelcol_process_runtime_heap_alloc_bytes	150120040
1781385960	snap	3000	otelcol	otelcol-sb-esrev1-ctr-5hn7z	otelcol_receiver_accepted_spans	409577
1781385960	snap	3000	otelcol	otelcol-sb-esrev1-ctr-5hn7z	otelcol_processor_outgoing_items	409577
1781385960	snap	3000	otelcol	otelcol-sb-esrev1-ctr-5hn7z	otelcol_exporter_queue_size	658
1781385960	snap	3000	otelcol	otelcol-sb-esrev1-ctr-m57hx	otelcol_process_memory_rss	177524736
1781385960	snap	3000	otelcol	otelcol-sb-esrev1-ctr-m57hx	otelcol_process_runtime_total_sys_memory_bytes	48269592
1781385960	snap	3000	otelcol	otelcol-sb-esrev1-ctr-m57hx	otelcol_exporter_queue_size	0
1781385960	snap	3000	otelcol	otelcol-sb-esrev1-ctr-m57hx	otelcol_exporter_queue_capacity	1001
1781385960	snap	3000	otelcol	otelcol-sb-esrev1-ctr-m57hx	otelcol_process_runtime_total_alloc_bytes	41605280
1781385960	snap	3000	otelcol	otelcol-sb-esrev1-ctr-m57hx	otelcol_process_uptime	566
1781385960	snap	3000	otelcol	otelcol-sb-esrev1-ctr-m57hx	otelcol_process_cpu_seconds	4
1781385960	snap	3000	otelcol	otelcol-sb-esrev1-ctr-m57hx	otelcol_processor_batch_metadata_cardinality	1
1781385960	snap	3000	otelcol	otelcol-sb-esrev1-ctr-m57hx	otelcol_process_runtime_heap_alloc_bytes	19391792
1781385960	snap	3000	otelcol	otelcol-sb-esrev1-ctr-9j7x7	otelcol_process_cpu_seconds	132
1781385960	snap	3000	otelcol	otelcol-sb-esrev1-ctr-9j7x7	otelcol_exporter_send_failed_spans	0
1781385960	snap	3000	otelcol	otelcol-sb-esrev1-ctr-9j7x7	otelcol_processor_incoming_items	11001812
1781385960	snap	3000	otelcol	otelcol-sb-esrev1-ctr-9j7x7	otelcol_process_memory_rss	318730240
1781385960	snap	3000	otelcol	otelcol-sb-esrev1-ctr-9j7x7	otelcol_exporter_sent_spans	471840
1781385960	snap	3000	otelcol	otelcol-sb-esrev1-ctr-9j7x7	otelcol_exporter_queue_batch_send_size_sum	712823
1781385960	snap	3000	otelcol	otelcol-sb-esrev1-ctr-9j7x7	otelcol_processor_outgoing_items	712823
1781385960	snap	3000	otelcol	otelcol-sb-esrev1-ctr-9j7x7	otelcol_processor_batch_batch_send_size_sum	712823
1781385960	snap	3000	otelcol	otelcol-sb-esrev1-ctr-9j7x7	otelcol_process_runtime_heap_alloc_bytes	129870072
1781385960	snap	3000	otelcol	otelcol-sb-esrev1-ctr-9j7x7	otelcol_process_runtime_total_sys_memory_bytes	229501240
1781385960	snap	3000	otelcol	otelcol-sb-esrev1-ctr-9j7x7	otelcol_receiver_refused_spans	10288989
1781385960	snap	3000	otelcol	otelcol-sb-esrev1-ctr-9j7x7	otelcol_processor_batch_metadata_cardinality	1
1781385960	snap	3000	otelcol	otelcol-sb-esrev1-ctr-9j7x7	otelcol_receiver_failed_spans	0
1781385960	snap	3000	otelcol	otelcol-sb-esrev1-ctr-9j7x7	otelcol_processor_batch_timeout_trigger_send	1122
1781385960	snap	3000	otelcol	otelcol-sb-esrev1-ctr-9j7x7	otelcol_exporter_queue_size	155
1781385960	snap	3000	otelcol	otelcol-sb-esrev1-ctr-9j7x7	otelcol_receiver_accepted_spans	712823
1781385960	snap	3000	otelcol	otelcol-sb-esrev1-ctr-9j7x7	otelcol_process_uptime	566
1781385960	snap	3000	otelcol	otelcol-sb-esrev1-ctr-9j7x7	otelcol_process_runtime_total_alloc_bytes	7430061616
1781385960	snap	3000	otelcol	otelcol-sb-esrev1-ctr-9j7x7	otelcol_exporter_queue_capacity	1001
1781385960	snap	3000	otelcol	otelcol-sb-esrev1-ctr-rbg9n	otelcol_exporter_queue_capacity	1001
1781385960	snap	3000	otelcol	otelcol-sb-esrev1-ctr-rbg9n	otelcol_process_cpu_seconds	122
1781385960	snap	3000	otelcol	otelcol-sb-esrev1-ctr-rbg9n	otelcol_exporter_send_failed_spans	0
1781385960	snap	3000	otelcol	otelcol-sb-esrev1-ctr-rbg9n	otelcol_receiver_refused_spans	4899505
1781385960	snap	3000	otelcol	otelcol-sb-esrev1-ctr-rbg9n	otelcol_process_runtime_total_alloc_bytes	5328569056
1781385960	snap	3000	otelcol	otelcol-sb-esrev1-ctr-rbg9n	otelcol_process_memory_rss	320651264
1781385960	snap	3000	otelcol	otelcol-sb-esrev1-ctr-rbg9n	otelcol_processor_batch_metadata_cardinality	1
1781385960	snap	3000	otelcol	otelcol-sb-esrev1-ctr-rbg9n	otelcol_processor_batch_timeout_trigger_send	855
1781385960	snap	3000	otelcol	otelcol-sb-esrev1-ctr-rbg9n	otelcol_receiver_failed_spans	0
1781385960	snap	3000	otelcol	otelcol-sb-esrev1-ctr-rbg9n	otelcol_processor_batch_batch_size_trigger_send	1
1781385960	snap	3000	otelcol	otelcol-sb-esrev1-ctr-rbg9n	otelcol_process_runtime_heap_alloc_bytes	129873680
1781385960	snap	3000	otelcol	otelcol-sb-esrev1-ctr-rbg9n	otelcol_exporter_sent_spans	994093
1781385960	snap	3000	otelcol	otelcol-sb-esrev1-ctr-rbg9n	otelcol_processor_incoming_items	6131856
1781385960	snap	3000	otelcol	otelcol-sb-esrev1-ctr-rbg9n	otelcol_processor_outgoing_items	1232351
1781385960	snap	3000	otelcol	otelcol-sb-esrev1-ctr-rbg9n	otelcol_receiver_accepted_spans	1232351
1781385960	snap	3000	otelcol	otelcol-sb-esrev1-ctr-rbg9n	otelcol_processor_batch_batch_send_size_sum	1232351
1781385960	snap	3000	otelcol	otelcol-sb-esrev1-ctr-rbg9n	otelcol_process_uptime	565
1781385960	snap	3000	otelcol	otelcol-sb-esrev1-ctr-rbg9n	otelcol_exporter_queue_size	93
1781385960	snap	3000	otelcol	otelcol-sb-esrev1-ctr-rbg9n	otelcol_exporter_queue_batch_send_size_sum	1232351
1781385960	snap	3000	otelcol	otelcol-sb-esrev1-ctr-rbg9n	otelcol_process_runtime_total_sys_memory_bytes	237828424
1781385960	snap	3000	otelcol	otelcol-sb-esrev1-ctr-qd64d	otelcol_receiver_accepted_spans	553923
1781385960	snap	3000	otelcol	otelcol-sb-esrev1-ctr-qd64d	otelcol_process_runtime_total_sys_memory_bytes	198101304
1781385960	snap	3000	otelcol	otelcol-sb-esrev1-ctr-qd64d	otelcol_processor_incoming_items	1452932
1781385960	snap	3000	otelcol	otelcol-sb-esrev1-ctr-qd64d	otelcol_process_uptime	567
1781385960	snap	3000	otelcol	otelcol-sb-esrev1-ctr-qd64d	otelcol_exporter_send_failed_spans	0
1781385960	snap	3000	otelcol	otelcol-sb-esrev1-ctr-qd64d	otelcol_exporter_queue_capacity	1001
1781385960	snap	3000	otelcol	otelcol-sb-esrev1-ctr-qd64d	otelcol_processor_outgoing_items	553923
1781385960	snap	3000	otelcol	otelcol-sb-esrev1-ctr-qd64d	otelcol_exporter_queue_size	302
1781385960	snap	3000	otelcol	otelcol-sb-esrev1-ctr-qd64d	otelcol_processor_batch_metadata_cardinality	1
1781385960	snap	3000	otelcol	otelcol-sb-esrev1-ctr-qd64d	otelcol_processor_batch_timeout_trigger_send	1129
1781385960	snap	3000	otelcol	otelcol-sb-esrev1-ctr-qd64d	otelcol_process_runtime_heap_alloc_bytes	144888240
1781385960	snap	3000	otelcol	otelcol-sb-esrev1-ctr-qd64d	otelcol_processor_batch_batch_send_size_sum	553923
1781385960	snap	3000	otelcol	otelcol-sb-esrev1-ctr-qd64d	otelcol_process_memory_rss	321585152
1781385960	snap	3000	otelcol	otelcol-sb-esrev1-ctr-qd64d	otelcol_receiver_refused_spans	899009
1781385960	snap	3000	otelcol	otelcol-sb-esrev1-ctr-qd64d	otelcol_process_cpu_seconds	26
1781385960	snap	3000	otelcol	otelcol-sb-esrev1-ctr-qd64d	otelcol_exporter_queue_batch_send_size_sum	553923
1781385960	snap	3000	otelcol	otelcol-sb-esrev1-ctr-qd64d	otelcol_receiver_failed_spans	0
1781385960	snap	3000	otelcol	otelcol-sb-esrev1-ctr-qd64d	otelcol_exporter_sent_spans	285574
1781385960	snap	3000	otelcol	otelcol-sb-esrev1-ctr-qd64d	otelcol_process_runtime_total_alloc_bytes	958243688
1781385960	snap	3000	otelcol	otelcol-sb-esrev1-ctr-jjcwc	otelcol_process_runtime_total_alloc_bytes	481204232
1781385960	snap	3000	otelcol	otelcol-sb-esrev1-ctr-jjcwc	otelcol_process_runtime_heap_alloc_bytes	145095816
1781385960	snap	3000	otelcol	otelcol-sb-esrev1-ctr-jjcwc	otelcol_receiver_failed_spans	0
1781385960	snap	3000	otelcol	otelcol-sb-esrev1-ctr-jjcwc	otelcol_process_memory_rss	322977792
1781385960	snap	3000	otelcol	otelcol-sb-esrev1-ctr-jjcwc	otelcol_exporter_queue_size	617
1781385960	snap	3000	otelcol	otelcol-sb-esrev1-ctr-jjcwc	otelcol_receiver_accepted_spans	413928
1781385960	snap	3000	otelcol	otelcol-sb-esrev1-ctr-jjcwc	otelcol_processor_incoming_items	726466
1781385960	snap	3000	otelcol	otelcol-sb-esrev1-ctr-jjcwc	otelcol_processor_batch_metadata_cardinality	1
1781385960	snap	3000	otelcol	otelcol-sb-esrev1-ctr-jjcwc	otelcol_exporter_queue_capacity	1001
1781385960	snap	3000	otelcol	otelcol-sb-esrev1-ctr-jjcwc	otelcol_processor_outgoing_items	413928
1781385960	snap	3000	otelcol	otelcol-sb-esrev1-ctr-jjcwc	otelcol_processor_batch_timeout_trigger_send	1410
1781385960	snap	3000	otelcol	otelcol-sb-esrev1-ctr-jjcwc	otelcol_process_runtime_total_sys_memory_bytes	192801080
1781385960	snap	3000	otelcol	otelcol-sb-esrev1-ctr-jjcwc	otelcol_receiver_refused_spans	312538
1781385960	snap	3000	otelcol	otelcol-sb-esrev1-ctr-jjcwc	otelcol_exporter_send_failed_spans	0
1781385960	snap	3000	otelcol	otelcol-sb-esrev1-ctr-jjcwc	otelcol_exporter_queue_batch_send_size_sum	413928
1781385960	snap	3000	otelcol	otelcol-sb-esrev1-ctr-jjcwc	otelcol_processor_batch_batch_send_size_sum	413928
1781385960	snap	3000	otelcol	otelcol-sb-esrev1-ctr-jjcwc	otelcol_process_cpu_seconds	15
1781385960	snap	3000	otelcol	otelcol-sb-esrev1-ctr-jjcwc	otelcol_process_uptime	567
1781385960	snap	3000	otelcol	otelcol-sb-esrev1-ctr-jjcwc	otelcol_exporter_sent_spans	129037
1781385960	snap	3000	otelcol	otelcol-sb-esrev1-ctr-64dpb	otelcol_exporter_queue_batch_send_size_sum	422938
1781385960	snap	3000	otelcol	otelcol-sb-esrev1-ctr-64dpb	otelcol_exporter_send_failed_spans	0
1781385960	snap	3000	otelcol	otelcol-sb-esrev1-ctr-64dpb	otelcol_exporter_queue_size	623
1781385960	snap	3000	otelcol	otelcol-sb-esrev1-ctr-64dpb	otelcol_process_runtime_total_alloc_bytes	447881936
1781385960	snap	3000	otelcol	otelcol-sb-esrev1-ctr-64dpb	otelcol_processor_batch_metadata_cardinality	1
1781385960	snap	3000	otelcol	otelcol-sb-esrev1-ctr-64dpb	otelcol_process_runtime_heap_alloc_bytes	142609536
1781385960	snap	3000	otelcol	otelcol-sb-esrev1-ctr-64dpb	otelcol_processor_batch_timeout_trigger_send	1423
1781385960	snap	3000	otelcol	otelcol-sb-esrev1-ctr-64dpb	otelcol_process_memory_rss	326205440
1781385960	snap	3000	otelcol	otelcol-sb-esrev1-ctr-64dpb	otelcol_receiver_refused_spans	303519
1781385960	snap	3000	otelcol	otelcol-sb-esrev1-ctr-64dpb	otelcol_receiver_failed_spans	0
1781385960	snap	3000	otelcol	otelcol-sb-esrev1-ctr-64dpb	otelcol_receiver_accepted_spans	422938
1781385960	snap	3000	otelcol	otelcol-sb-esrev1-ctr-64dpb	otelcol_processor_incoming_items	726457
1781385960	snap	3000	otelcol	otelcol-sb-esrev1-ctr-64dpb	otelcol_process_cpu_seconds	15
1781385960	snap	3000	otelcol	otelcol-sb-esrev1-ctr-64dpb	otelcol_exporter_queue_capacity	1001
1781385960	snap	3000	otelcol	otelcol-sb-esrev1-ctr-64dpb	otelcol_processor_outgoing_items	422938
1781385960	snap	3000	otelcol	otelcol-sb-esrev1-ctr-64dpb	otelcol_processor_batch_batch_send_size_sum	422938
1781385960	snap	3000	otelcol	otelcol-sb-esrev1-ctr-64dpb	otelcol_process_uptime	566
1781385960	snap	3000	otelcol	otelcol-sb-esrev1-ctr-64dpb	otelcol_process_runtime_total_sys_memory_bytes	196385064
1781385960	snap	3000	otelcol	otelcol-sb-esrev1-ctr-64dpb	otelcol_exporter_sent_spans	132631
1781385960	snap	3000	otelcol	otelcol-sb-esrev1-ctr-lmnfn	otelcol_processor_batch_timeout_trigger_send	1517
1781385960	snap	3000	otelcol	otelcol-sb-esrev1-ctr-lmnfn	otelcol_processor_batch_batch_send_size_sum	823356
1781385960	snap	3000	otelcol	otelcol-sb-esrev1-ctr-lmnfn	otelcol_process_runtime_total_alloc_bytes	1761416512
1781385960	snap	3000	otelcol	otelcol-sb-esrev1-ctr-lmnfn	otelcol_process_runtime_heap_alloc_bytes	131838176
1781385960	snap	3000	otelcol	otelcol-sb-esrev1-ctr-lmnfn	otelcol_exporter_queue_batch_send_size_sum	823356
1781385960	snap	3000	otelcol	otelcol-sb-esrev1-ctr-lmnfn	otelcol_process_uptime	566
1781385960	snap	3000	otelcol	otelcol-sb-esrev1-ctr-lmnfn	otelcol_process_cpu_seconds	37
1781385960	snap	3000	otelcol	otelcol-sb-esrev1-ctr-lmnfn	otelcol_exporter_send_failed_spans	0
1781385960	snap	3000	otelcol	otelcol-sb-esrev1-ctr-lmnfn	otelcol_exporter_sent_spans	557902
1781385960	snap	3000	otelcol	otelcol-sb-esrev1-ctr-lmnfn	otelcol_receiver_refused_spans	2157774
1781385960	snap	3000	otelcol	otelcol-sb-esrev1-ctr-lmnfn	otelcol_processor_incoming_items	2981130
1781385960	snap	3000	otelcol	otelcol-sb-esrev1-ctr-lmnfn	otelcol_receiver_accepted_spans	823356
1781385960	snap	3000	otelcol	otelcol-sb-esrev1-ctr-lmnfn	otelcol_processor_outgoing_items	823356
1781385960	snap	3000	otelcol	otelcol-sb-esrev1-ctr-lmnfn	otelcol_process_runtime_total_sys_memory_bytes	206227768
1781385960	snap	3000	otelcol	otelcol-sb-esrev1-ctr-lmnfn	otelcol_process_memory_rss	325038080
1781385960	snap	3000	otelcol	otelcol-sb-esrev1-ctr-lmnfn	otelcol_receiver_failed_spans	0
1781385960	snap	3000	otelcol	otelcol-sb-esrev1-ctr-lmnfn	otelcol_processor_batch_metadata_cardinality	1
1781385960	snap	3000	otelcol	otelcol-sb-esrev1-ctr-lmnfn	otelcol_exporter_queue_size	566
1781385960	snap	3000	otelcol	otelcol-sb-esrev1-ctr-lmnfn	otelcol_exporter_queue_capacity	1001
1781385960	snap	3000	k8s	otelcol-sb-esrev1-ctr-5hn7z	restart_count	0
1781385960	snap	3000	k8s	otelcol-sb-esrev1-ctr-64dpb	restart_count	0
1781385960	snap	3000	k8s	otelcol-sb-esrev1-ctr-9j7x7	restart_count	0
1781385960	snap	3000	k8s	otelcol-sb-esrev1-ctr-jjcwc	restart_count	0
1781385960	snap	3000	k8s	otelcol-sb-esrev1-ctr-lmnfn	restart_count	0
1781385960	snap	3000	k8s	otelcol-sb-esrev1-ctr-m57hx	restart_count	0
1781385960	snap	3000	k8s	otelcol-sb-esrev1-ctr-qd64d	restart_count	0
1781385960	snap	3000	k8s	otelcol-sb-esrev1-ctr-rbg9n	restart_count	0
1781385960	snap	3000	k8s	otelcol-sb-esrev1-ctr-w5r65	restart_count	0
1781385960	snap	3000	sdk	wrk2api	spans_received	1530095
1781385960	snap	3000	sdk	wrk2api	spans_sent	528061
1781385960	snap	3000	sdk	wrk2api	spans_dropped	0
1781385960	snap	3000	sdk	wrk2api	spans_flushed	1530095
1781385960	snap	3000	sdk	wrk2api	batches_sent	4510
1781385960	snap	3000	sdk	wrk2api	batches_dropped	0
1781385960	snap	3000	sdk	wrk2api	send_unavailable	0
1781385960	snap	3000	sdk	wrk2api	send_deadline	0
1781385960	snap	3000	sdk	wrk2api	send_exhausted	0
1781385960	snap	3000	sdk	wrk2api	send_canceled	0
1781385960	snap	3000	sdk	wrk2api	send_other	0
1781385960	snap	3000	sdk	wrk2api	buffer_depth	0
0
1781385960	snap	3000	sdk	wrk2api	cp_received	765043
1781385960	snap	3000	sdk	wrk2api	lp_received	765052
1781385960	snap	3000	sdk	wrk2api	cp_sent	352562
1781385960	snap	3000	sdk	wrk2api	lp_sent	175499
1781385960	snap	3000	sdk	wrk2api	cp_dropped	0
1781385960	snap	3000	sdk	wrk2api	lp_dropped	0
1781385960	snap	3000	sdk	composepost	spans_received	5811719
1781385960	snap	3000	sdk	composepost	spans_sent	1090053
1781385960	snap	3000	sdk	composepost	spans_dropped	4721666
1781385960	snap	3000	sdk	composepost	spans_flushed	5811719
1781385960	snap	3000	sdk	composepost	batches_sent	12810
1781385960	snap	3000	sdk	composepost	batches_dropped	19180
1781385960	snap	3000	sdk	composepost	send_unavailable	12462
1781385960	snap	3000	sdk	composepost	send_deadline	6718
1781385960	snap	3000	sdk	composepost	send_exhausted	0
1781385960	snap	3000	sdk	composepost	send_canceled	0
1781385960	snap	3000	sdk	composepost	send_other	0
1781385960	snap	3000	sdk	composepost	buffer_depth	0
0
1781385960	snap	3000	sdk	composepost	cp_received	5085253
1781385960	snap	3000	sdk	composepost	lp_received	726466
1781385960	snap	3000	sdk	composepost	cp_sent	1020804
1781385960	snap	3000	sdk	composepost	lp_sent	69249
1781385960	snap	3000	sdk	composepost	cp_dropped	4064449
1781385960	snap	3000	sdk	composepost	lp_dropped	657217
1781385960	snap	3000	sdk	hometimeline	spans_received	1452914
1781385960	snap	3000	sdk	hometimeline	spans_sent	138442
1781385960	snap	3000	sdk	hometimeline	spans_dropped	1314472
1781385960	snap	3000	sdk	hometimeline	spans_flushed	1452914
1781385960	snap	3000	sdk	hometimeline	batches_sent	2574
1781385960	snap	3000	sdk	hometimeline	batches_dropped	5426
1781385960	snap	3000	sdk	hometimeline	send_unavailable	5193
1781385960	snap	3000	sdk	hometimeline	send_deadline	233
1781385960	snap	3000	sdk	hometimeline	send_exhausted	0
1781385960	snap	3000	sdk	hometimeline	send_canceled	0
1781385960	snap	3000	sdk	hometimeline	send_other	0
1781385960	snap	3000	sdk	hometimeline	buffer_depth	0
0
1781385960	snap	3000	sdk	hometimeline	cp_received	0
1781385960	snap	3000	sdk	hometimeline	lp_received	1452914
1781385960	snap	3000	sdk	hometimeline	cp_sent	0
1781385960	snap	3000	sdk	hometimeline	lp_sent	138442
1781385960	snap	3000	sdk	hometimeline	cp_dropped	0
1781385960	snap	3000	sdk	hometimeline	lp_dropped	1314472
1781385960	snap	3000	sdk	media	spans_received	726466
1781385960	snap	3000	sdk	media	spans_sent	388921
1781385960	snap	3000	sdk	media	spans_dropped	337545
1781385960	snap	3000	sdk	media	spans_flushed	726466
1781385960	snap	3000	sdk	media	batches_sent	2658
1781385960	snap	3000	sdk	media	batches_dropped	1335
1781385960	snap	3000	sdk	media	send_unavailable	1335
1781385960	snap	3000	sdk	media	send_deadline	0
1781385960	snap	3000	sdk	media	send_exhausted	0
1781385960	snap	3000	sdk	media	send_canceled	0
1781385960	snap	3000	sdk	media	send_other	0
1781385960	snap	3000	sdk	media	buffer_depth	0
0
1781385960	snap	3000	sdk	media	cp_received	726466
1781385960	snap	3000	sdk	media	lp_received	0
1781385960	snap	3000	sdk	media	cp_sent	388921
1781385960	snap	3000	sdk	media	lp_sent	0
1781385960	snap	3000	sdk	media	cp_dropped	337545
1781385960	snap	3000	sdk	media	lp_dropped	0
1781385960	snap	3000	sdk	post-storage	spans_received	726457
1781385960	snap	3000	sdk	post-storage	spans_sent	422938
1781385960	snap	3000	sdk	post-storage	spans_dropped	303519
1781385960	snap	3000	sdk	post-storage	spans_flushed	726457
1781385960	snap	3000	sdk	post-storage	batches_sent	2851
1781385960	snap	3000	sdk	post-storage	batches_dropped	1144
1781385960	snap	3000	sdk	post-storage	send_unavailable	1144
1781385960	snap	3000	sdk	post-storage	send_deadline	0
1781385960	snap	3000	sdk	post-storage	send_exhausted	0
1781385960	snap	3000	sdk	post-storage	send_canceled	0
1781385960	snap	3000	sdk	post-storage	send_other	0
1781385960	snap	3000	sdk	post-storage	buffer_depth	0
0
1781385960	snap	3000	sdk	post-storage	cp_received	726457
1781385960	snap	3000	sdk	post-storage	lp_received	0
1781385960	snap	3000	sdk	post-storage	cp_sent	422938
1781385960	snap	3000	sdk	post-storage	lp_sent	0
1781385960	snap	3000	sdk	post-storage	cp_dropped	303519
1781385960	snap	3000	sdk	post-storage	lp_dropped	0
1781385960	snap	3000	sdk	socialgraph	spans_received	840291
1781385960	snap	3000	sdk	socialgraph	spans_sent	523553
1781385960	snap	3000	sdk	socialgraph	spans_dropped	316738
1781385960	snap	3000	sdk	socialgraph	spans_flushed	840291
1781385960	snap	3000	sdk	socialgraph	batches_sent	3308
1781385960	snap	3000	sdk	socialgraph	batches_dropped	1203
1781385960	snap	3000	sdk	socialgraph	send_unavailable	1203
1781385960	snap	3000	sdk	socialgraph	send_deadline	0
1781385960	snap	3000	sdk	socialgraph	send_exhausted	0
1781385960	snap	3000	sdk	socialgraph	send_canceled	0
1781385960	snap	3000	sdk	socialgraph	send_other	0
1781385960	snap	3000	sdk	socialgraph	buffer_depth	0
0
1781385960	snap	3000	sdk	socialgraph	cp_received	802667
1781385960	snap	3000	sdk	socialgraph	lp_received	37624
1781385960	snap	3000	sdk	socialgraph	cp_sent	489093
1781385960	snap	3000	sdk	socialgraph	lp_sent	34460
1781385960	snap	3000	sdk	socialgraph	cp_dropped	313574
1781385960	snap	3000	sdk	socialgraph	lp_dropped	3164
1781385960	snap	3000	sdk	text	spans_received	2179416
1781385960	snap	3000	sdk	text	spans_sent	359187
1781385960	snap	3000	sdk	text	spans_dropped	1820229
1781385960	snap	3000	sdk	text	spans_flushed	2179416
1781385960	snap	3000	sdk	text	batches_sent	4632
1781385960	snap	3000	sdk	text	batches_dropped	7368
1781385960	snap	3000	sdk	text	send_unavailable	7368
1781385960	snap	3000	sdk	text	send_deadline	0
1781385960	snap	3000	sdk	text	send_exhausted	0
1781385960	snap	3000	sdk	text	send_canceled	0
1781385960	snap	3000	sdk	text	send_other	0
1781385960	snap	3000	sdk	text	buffer_depth	0
0
1781385960	snap	3000	sdk	text	cp_received	0
1781385960	snap	3000	sdk	text	lp_received	2179416
1781385960	snap	3000	sdk	text	cp_sent	0
1781385960	snap	3000	sdk	text	lp_sent	359187
1781385960	snap	3000	sdk	text	cp_dropped	0
1781385960	snap	3000	sdk	text	lp_dropped	1820229
1781385960	snap	3000	sdk	uniqueid	spans_received	726466
1781385960	snap	3000	sdk	uniqueid	spans_sent	276717
1781385960	snap	3000	sdk	uniqueid	spans_dropped	449749
1781385960	snap	3000	sdk	uniqueid	spans_flushed	726466
1781385960	snap	3000	sdk	uniqueid	batches_sent	2226
1781385960	snap	3000	sdk	uniqueid	batches_dropped	1770
1781385960	snap	3000	sdk	uniqueid	send_unavailable	1770
1781385960	snap	3000	sdk	uniqueid	send_deadline	0
1781385960	snap	3000	sdk	uniqueid	send_exhausted	0
1781385960	snap	3000	sdk	uniqueid	send_canceled	0
1781385960	snap	3000	sdk	uniqueid	send_other	0
1781385960	snap	3000	sdk	uniqueid	buffer_depth	0
0
1781385960	snap	3000	sdk	uniqueid	cp_received	726466
1781385960	snap	3000	sdk	uniqueid	lp_received	0
1781385960	snap	3000	sdk	uniqueid	cp_sent	276717
1781385960	snap	3000	sdk	uniqueid	lp_sent	0
1781385960	snap	3000	sdk	uniqueid	cp_dropped	449749
1781385960	snap	3000	sdk	uniqueid	lp_dropped	0
1781385960	snap	3000	sdk	urlshorten	spans_received	726466
1781385960	snap	3000	sdk	urlshorten	spans_sent	413928
1781385960	snap	3000	sdk	urlshorten	spans_dropped	312538
1781385960	snap	3000	sdk	urlshorten	spans_flushed	726466
1781385960	snap	3000	sdk	urlshorten	batches_sent	2813
1781385960	snap	3000	sdk	urlshorten	batches_dropped	1180
1781385960	snap	3000	sdk	urlshorten	send_unavailable	1180
1781385960	snap	3000	sdk	urlshorten	send_deadline	0
1781385960	snap	3000	sdk	urlshorten	send_exhausted	0
1781385960	snap	3000	sdk	urlshorten	send_canceled	0
1781385960	snap	3000	sdk	urlshorten	send_other	0
1781385960	snap	3000	sdk	urlshorten	buffer_depth	0
0
1781385960	snap	3000	sdk	urlshorten	cp_received	726466
1781385960	snap	3000	sdk	urlshorten	lp_received	0
1781385960	snap	3000	sdk	urlshorten	cp_sent	413928
1781385960	snap	3000	sdk	urlshorten	lp_sent	0
1781385960	snap	3000	sdk	urlshorten	cp_dropped	312538
1781385960	snap	3000	sdk	urlshorten	lp_dropped	0
1781385960	snap	3000	sdk	user	spans_received	728390
1781385960	snap	3000	sdk	user	spans_sent	179408
1781385960	snap	3000	sdk	user	spans_dropped	548982
1781385960	snap	3000	sdk	user	spans_flushed	728390
1781385960	snap	3000	sdk	user	batches_sent	1810
1781385960	snap	3000	sdk	user	batches_dropped	2197
1781385960	snap	3000	sdk	user	send_unavailable	2193
1781385960	snap	3000	sdk	user	send_deadline	4
1781385960	snap	3000	sdk	user	send_exhausted	0
1781385960	snap	3000	sdk	user	send_canceled	0
1781385960	snap	3000	sdk	user	send_other	0
1781385960	snap	3000	sdk	user	buffer_depth	0
0
1781385960	snap	3000	sdk	user	cp_received	727428
1781385960	snap	3000	sdk	user	lp_received	962
1781385960	snap	3000	sdk	user	cp_sent	178446
1781385960	snap	3000	sdk	user	lp_sent	962
1781385960	snap	3000	sdk	user	cp_dropped	548982
1781385960	snap	3000	sdk	user	lp_dropped	0
1781385960	snap	3000	sdk	userid	spans_received	75248
1781385960	snap	3000	sdk	userid	spans_sent	75248
1781385960	snap	3000	sdk	userid	spans_dropped	0
1781385960	snap	3000	sdk	userid	spans_flushed	75248
1781385960	snap	3000	sdk	userid	batches_sent	250
1781385960	snap	3000	sdk	userid	batches_dropped	0
1781385960	snap	3000	sdk	userid	send_unavailable	0
1781385960	snap	3000	sdk	userid	send_deadline	0
1781385960	snap	3000	sdk	userid	send_exhausted	0
1781385960	snap	3000	sdk	userid	send_canceled	0
1781385960	snap	3000	sdk	userid	send_other	0
1781385960	snap	3000	sdk	userid	buffer_depth	0
0
1781385960	snap	3000	sdk	userid	cp_received	75248
1781385960	snap	3000	sdk	userid	lp_received	0
1781385960	snap	3000	sdk	userid	cp_sent	75248
1781385960	snap	3000	sdk	userid	lp_sent	0
1781385960	snap	3000	sdk	userid	cp_dropped	0
1781385960	snap	3000	sdk	userid	lp_dropped	0
1781385960	snap	3000	sdk	usermention	spans_received	726466
1781385960	snap	3000	sdk	usermention	spans_sent	277206
1781385960	snap	3000	sdk	usermention	spans_dropped	449260
1781385960	snap	3000	sdk	usermention	spans_flushed	726466
1781385960	snap	3000	sdk	usermention	batches_sent	2231
1781385960	snap	3000	sdk	usermention	batches_dropped	1765
1781385960	snap	3000	sdk	usermention	send_unavailable	1765
1781385960	snap	3000	sdk	usermention	send_deadline	0
1781385960	snap	3000	sdk	usermention	send_exhausted	0
1781385960	snap	3000	sdk	usermention	send_canceled	0
1781385960	snap	3000	sdk	usermention	send_other	0
1781385960	snap	3000	sdk	usermention	buffer_depth	0
0
1781385960	snap	3000	sdk	usermention	cp_received	726466
1781385960	snap	3000	sdk	usermention	lp_received	0
1781385960	snap	3000	sdk	usermention	cp_sent	277206
1781385960	snap	3000	sdk	usermention	lp_sent	0
1781385960	snap	3000	sdk	usermention	cp_dropped	449260
1781385960	snap	3000	sdk	usermention	lp_dropped	0
1781385960	snap	3000	sdk	usertimeline	spans_received	726457
1781385960	snap	3000	sdk	usertimeline	spans_sent	409577
1781385960	snap	3000	sdk	usertimeline	spans_dropped	316880
1781385960	snap	3000	sdk	usertimeline	spans_flushed	726457
1781385960	snap	3000	sdk	usertimeline	batches_sent	2804
1781385960	snap	3000	sdk	usertimeline	batches_dropped	1206
1781385960	snap	3000	sdk	usertimeline	send_unavailable	1206
1781385960	snap	3000	sdk	usertimeline	send_deadline	0
1781385960	snap	3000	sdk	usertimeline	send_exhausted	0
1781385960	snap	3000	sdk	usertimeline	send_canceled	0
1781385960	snap	3000	sdk	usertimeline	send_other	0
1781385960	snap	3000	sdk	usertimeline	buffer_depth	0
0
1781385960	snap	3000	sdk	usertimeline	cp_received	726457
1781385960	snap	3000	sdk	usertimeline	lp_received	0
1781385960	snap	3000	sdk	usertimeline	cp_sent	409577
1781385960	snap	3000	sdk	usertimeline	lp_sent	0
1781385960	snap	3000	sdk	usertimeline	cp_dropped	316880
1781385960	snap	3000	sdk	usertimeline	lp_dropped	0
1781386027	snap	3000	otelcol	otelcol-sb-esrev1-ctr-w5r65	otelcol_processor_incoming_items	1016098
1781386027	snap	3000	otelcol	otelcol-sb-esrev1-ctr-w5r65	otelcol_processor_batch_batch_send_size_sum	536548
1781386027	snap	3000	otelcol	otelcol-sb-esrev1-ctr-w5r65	otelcol_processor_outgoing_items	536548
1781386027	snap	3000	otelcol	otelcol-sb-esrev1-ctr-w5r65	otelcol_processor_batch_metadata_cardinality	1
1781386027	snap	3000	otelcol	otelcol-sb-esrev1-ctr-w5r65	otelcol_process_cpu_seconds	19
1781386027	snap	3000	otelcol	otelcol-sb-esrev1-ctr-w5r65	otelcol_processor_batch_timeout_trigger_send	1602
1781386027	snap	3000	otelcol	otelcol-sb-esrev1-ctr-w5r65	otelcol_receiver_refused_spans	479550
1781386027	snap	3000	otelcol	otelcol-sb-esrev1-ctr-w5r65	otelcol_process_runtime_total_sys_memory_bytes	197527864
1781386027	snap	3000	otelcol	otelcol-sb-esrev1-ctr-w5r65	otelcol_exporter_sent_spans	250241
1781386027	snap	3000	otelcol	otelcol-sb-esrev1-ctr-w5r65	otelcol_exporter_queue_size	619
1781386027	snap	3000	otelcol	otelcol-sb-esrev1-ctr-w5r65	otelcol_receiver_accepted_spans	536548
1781386027	snap	3000	otelcol	otelcol-sb-esrev1-ctr-w5r65	otelcol_process_uptime	635
1781386027	snap	3000	otelcol	otelcol-sb-esrev1-ctr-w5r65	otelcol_process_runtime_total_alloc_bytes	630928248
1781386027	snap	3000	otelcol	otelcol-sb-esrev1-ctr-w5r65	otelcol_process_runtime_heap_alloc_bytes	140774064
1781386027	snap	3000	otelcol	otelcol-sb-esrev1-ctr-w5r65	otelcol_exporter_send_failed_spans	0
1781386027	snap	3000	otelcol	otelcol-sb-esrev1-ctr-w5r65	otelcol_exporter_queue_batch_send_size_sum	536548
1781386027	snap	3000	otelcol	otelcol-sb-esrev1-ctr-w5r65	otelcol_receiver_failed_spans	0
1781386027	snap	3000	otelcol	otelcol-sb-esrev1-ctr-w5r65	otelcol_exporter_queue_capacity	1001
1781386027	snap	3000	otelcol	otelcol-sb-esrev1-ctr-w5r65	otelcol_process_memory_rss	322830336
1781386027	snap	3000	otelcol	otelcol-sb-esrev1-ctr-5hn7z	otelcol_processor_batch_metadata_cardinality	1
1781386027	snap	3000	otelcol	otelcol-sb-esrev1-ctr-5hn7z	otelcol_exporter_queue_capacity	1001
1781386027	snap	3000	otelcol	otelcol-sb-esrev1-ctr-5hn7z	otelcol_exporter_queue_batch_send_size_sum	416044
1781386027	snap	3000	otelcol	otelcol-sb-esrev1-ctr-5hn7z	otelcol_exporter_send_failed_spans	0
1781386027	snap	3000	otelcol	otelcol-sb-esrev1-ctr-5hn7z	otelcol_processor_batch_batch_send_size_sum	416044
1781386027	snap	3000	otelcol	otelcol-sb-esrev1-ctr-5hn7z	otelcol_processor_batch_timeout_trigger_send	1417
1781386027	snap	3000	otelcol	otelcol-sb-esrev1-ctr-5hn7z	otelcol_process_cpu_seconds	18
1781386027	snap	3000	otelcol	otelcol-sb-esrev1-ctr-5hn7z	otelcol_process_uptime	634
1781386027	snap	3000	otelcol	otelcol-sb-esrev1-ctr-5hn7z	otelcol_exporter_sent_spans	124314
1781386027	snap	3000	otelcol	otelcol-sb-esrev1-ctr-5hn7z	otelcol_receiver_failed_spans	0
1781386027	snap	3000	otelcol	otelcol-sb-esrev1-ctr-5hn7z	otelcol_process_runtime_total_sys_memory_bytes	193042728
1781386027	snap	3000	otelcol	otelcol-sb-esrev1-ctr-5hn7z	otelcol_receiver_refused_spans	486220
1781386027	snap	3000	otelcol	otelcol-sb-esrev1-ctr-5hn7z	otelcol_process_memory_rss	323383296
1781386027	snap	3000	otelcol	otelcol-sb-esrev1-ctr-5hn7z	otelcol_processor_incoming_items	902264
1781386027	snap	3000	otelcol	otelcol-sb-esrev1-ctr-5hn7z	otelcol_process_runtime_total_alloc_bytes	553690744
1781386027	snap	3000	otelcol	otelcol-sb-esrev1-ctr-5hn7z	otelcol_process_runtime_heap_alloc_bytes	139221760
1781386027	snap	3000	otelcol	otelcol-sb-esrev1-ctr-5hn7z	otelcol_receiver_accepted_spans	416044
1781386027	snap	3000	otelcol	otelcol-sb-esrev1-ctr-5hn7z	otelcol_processor_outgoing_items	416044
1781386027	snap	3000	otelcol	otelcol-sb-esrev1-ctr-5hn7z	otelcol_exporter_queue_size	636
1781386027	snap	3000	otelcol	otelcol-sb-esrev1-ctr-m57hx	otelcol_process_memory_rss	179331072
1781386027	snap	3000	otelcol	otelcol-sb-esrev1-ctr-m57hx	otelcol_process_runtime_total_sys_memory_bytes	48269592
1781386027	snap	3000	otelcol	otelcol-sb-esrev1-ctr-m57hx	otelcol_exporter_queue_size	0
1781386027	snap	3000	otelcol	otelcol-sb-esrev1-ctr-m57hx	otelcol_exporter_queue_capacity	1001
1781386027	snap	3000	otelcol	otelcol-sb-esrev1-ctr-m57hx	otelcol_process_runtime_total_alloc_bytes	42475224
1781386027	snap	3000	otelcol	otelcol-sb-esrev1-ctr-m57hx	otelcol_process_uptime	633
1781386027	snap	3000	otelcol	otelcol-sb-esrev1-ctr-m57hx	otelcol_process_cpu_seconds	5
1781386027	snap	3000	otelcol	otelcol-sb-esrev1-ctr-m57hx	otelcol_processor_batch_metadata_cardinality	1
1781386027	snap	3000	otelcol	otelcol-sb-esrev1-ctr-m57hx	otelcol_process_runtime_heap_alloc_bytes	18326536
1781386027	snap	3000	otelcol	otelcol-sb-esrev1-ctr-9j7x7	otelcol_process_cpu_seconds	162
1781386027	snap	3000	otelcol	otelcol-sb-esrev1-ctr-9j7x7	otelcol_exporter_send_failed_spans	0
1781386027	snap	3000	otelcol	otelcol-sb-esrev1-ctr-9j7x7	otelcol_processor_incoming_items	13266236
1781386027	snap	3000	otelcol	otelcol-sb-esrev1-ctr-9j7x7	otelcol_process_memory_rss	318365696
1781386027	snap	3000	otelcol	otelcol-sb-esrev1-ctr-9j7x7	otelcol_exporter_sent_spans	507319
1781386027	snap	3000	otelcol	otelcol-sb-esrev1-ctr-9j7x7	otelcol_exporter_queue_batch_send_size_sum	768723
1781386027	snap	3000	otelcol	otelcol-sb-esrev1-ctr-9j7x7	otelcol_processor_outgoing_items	768723
1781386027	snap	3000	otelcol	otelcol-sb-esrev1-ctr-9j7x7	otelcol_processor_batch_batch_send_size_sum	768723
1781386027	snap	3000	otelcol	otelcol-sb-esrev1-ctr-9j7x7	otelcol_process_runtime_heap_alloc_bytes	136564496
1781386027	snap	3000	otelcol	otelcol-sb-esrev1-ctr-9j7x7	otelcol_process_runtime_total_sys_memory_bytes	229501240
1781386027	snap	3000	otelcol	otelcol-sb-esrev1-ctr-9j7x7	otelcol_receiver_refused_spans	12497513
1781386027	snap	3000	otelcol	otelcol-sb-esrev1-ctr-9j7x7	otelcol_processor_batch_metadata_cardinality	1
1781386027	snap	3000	otelcol	otelcol-sb-esrev1-ctr-9j7x7	otelcol_receiver_failed_spans	0
1781386027	snap	3000	otelcol	otelcol-sb-esrev1-ctr-9j7x7	otelcol_processor_batch_timeout_trigger_send	1154
1781386027	snap	3000	otelcol	otelcol-sb-esrev1-ctr-9j7x7	otelcol_exporter_queue_size	153
1781386027	snap	3000	otelcol	otelcol-sb-esrev1-ctr-9j7x7	otelcol_receiver_accepted_spans	768723
1781386027	snap	3000	otelcol	otelcol-sb-esrev1-ctr-9j7x7	otelcol_process_uptime	634
1781386027	snap	3000	otelcol	otelcol-sb-esrev1-ctr-9j7x7	otelcol_process_runtime_total_alloc_bytes	9148430264
1781386027	snap	3000	otelcol	otelcol-sb-esrev1-ctr-9j7x7	otelcol_exporter_queue_capacity	1001
1781386027	snap	3000	otelcol	otelcol-sb-esrev1-ctr-rbg9n	otelcol_exporter_queue_capacity	1001
1781386027	snap	3000	otelcol	otelcol-sb-esrev1-ctr-rbg9n	otelcol_process_cpu_seconds	152
1781386027	snap	3000	otelcol	otelcol-sb-esrev1-ctr-rbg9n	otelcol_exporter_send_failed_spans	0
1781386027	snap	3000	otelcol	otelcol-sb-esrev1-ctr-rbg9n	otelcol_receiver_refused_spans	5930490
1781386027	snap	3000	otelcol	otelcol-sb-esrev1-ctr-rbg9n	otelcol_process_runtime_total_alloc_bytes	6410871984
1781386027	snap	3000	otelcol	otelcol-sb-esrev1-ctr-rbg9n	otelcol_process_memory_rss	321716224
1781386027	snap	3000	otelcol	otelcol-sb-esrev1-ctr-rbg9n	otelcol_processor_batch_metadata_cardinality	1
1781386027	snap	3000	otelcol	otelcol-sb-esrev1-ctr-rbg9n	otelcol_processor_batch_timeout_trigger_send	867
1781386027	snap	3000	otelcol	otelcol-sb-esrev1-ctr-rbg9n	otelcol_receiver_failed_spans	0
1781386027	snap	3000	otelcol	otelcol-sb-esrev1-ctr-rbg9n	otelcol_processor_batch_batch_size_trigger_send	1
1781386027	snap	3000	otelcol	otelcol-sb-esrev1-ctr-rbg9n	otelcol_process_runtime_heap_alloc_bytes	131897192
1781386027	snap	3000	otelcol	otelcol-sb-esrev1-ctr-rbg9n	otelcol_exporter_sent_spans	1055644
1781386027	snap	3000	otelcol	otelcol-sb-esrev1-ctr-rbg9n	otelcol_processor_incoming_items	7211088
1781386027	snap	3000	otelcol	otelcol-sb-esrev1-ctr-rbg9n	otelcol_processor_outgoing_items	1280598
1781386027	snap	3000	otelcol	otelcol-sb-esrev1-ctr-rbg9n	otelcol_receiver_accepted_spans	1280598
1781386027	snap	3000	otelcol	otelcol-sb-esrev1-ctr-rbg9n	otelcol_processor_batch_batch_send_size_sum	1280598
1781386027	snap	3000	otelcol	otelcol-sb-esrev1-ctr-rbg9n	otelcol_process_uptime	632
1781386027	snap	3000	otelcol	otelcol-sb-esrev1-ctr-rbg9n	otelcol_exporter_queue_size	75
1781386027	snap	3000	otelcol	otelcol-sb-esrev1-ctr-rbg9n	otelcol_exporter_queue_batch_send_size_sum	1280598
1781386027	snap	3000	otelcol	otelcol-sb-esrev1-ctr-rbg9n	otelcol_process_runtime_total_sys_memory_bytes	237828424
1781386027	snap	3000	otelcol	otelcol-sb-esrev1-ctr-qd64d	otelcol_receiver_accepted_spans	601597
1781386027	snap	3000	otelcol	otelcol-sb-esrev1-ctr-qd64d	otelcol_process_runtime_total_sys_memory_bytes	198101304
1781386027	snap	3000	otelcol	otelcol-sb-esrev1-ctr-qd64d	otelcol_processor_incoming_items	1804546
1781386027	snap	3000	otelcol	otelcol-sb-esrev1-ctr-qd64d	otelcol_process_uptime	634
1781386027	snap	3000	otelcol	otelcol-sb-esrev1-ctr-qd64d	otelcol_exporter_send_failed_spans	0
1781386027	snap	3000	otelcol	otelcol-sb-esrev1-ctr-qd64d	otelcol_exporter_queue_capacity	1001
1781386027	snap	3000	otelcol	otelcol-sb-esrev1-ctr-qd64d	otelcol_processor_outgoing_items	601597
1781386027	snap	3000	otelcol	otelcol-sb-esrev1-ctr-qd64d	otelcol_exporter_queue_size	307
1781386027	snap	3000	otelcol	otelcol-sb-esrev1-ctr-qd64d	otelcol_processor_batch_metadata_cardinality	1
1781386027	snap	3000	otelcol	otelcol-sb-esrev1-ctr-qd64d	otelcol_processor_batch_timeout_trigger_send	1176
1781386027	snap	3000	otelcol	otelcol-sb-esrev1-ctr-qd64d	otelcol_process_runtime_heap_alloc_bytes	140758160
1781386027	snap	3000	otelcol	otelcol-sb-esrev1-ctr-qd64d	otelcol_processor_batch_batch_send_size_sum	601597
1781386027	snap	3000	otelcol	otelcol-sb-esrev1-ctr-qd64d	otelcol_process_memory_rss	321777664
1781386027	snap	3000	otelcol	otelcol-sb-esrev1-ctr-qd64d	otelcol_receiver_refused_spans	1202949
1781386027	snap	3000	otelcol	otelcol-sb-esrev1-ctr-qd64d	otelcol_process_cpu_seconds	30
1781386027	snap	3000	otelcol	otelcol-sb-esrev1-ctr-qd64d	otelcol_exporter_queue_batch_send_size_sum	601597
1781386027	snap	3000	otelcol	otelcol-sb-esrev1-ctr-qd64d	otelcol_receiver_failed_spans	0
1781386027	snap	3000	otelcol	otelcol-sb-esrev1-ctr-qd64d	otelcol_exporter_sent_spans	322737
1781386027	snap	3000	otelcol	otelcol-sb-esrev1-ctr-qd64d	otelcol_process_runtime_total_alloc_bytes	1173390472
1781386027	snap	3000	otelcol	otelcol-sb-esrev1-ctr-jjcwc	otelcol_process_runtime_total_alloc_bytes	580617936
1781386027	snap	3000	otelcol	otelcol-sb-esrev1-ctr-jjcwc	otelcol_process_runtime_heap_alloc_bytes	146868960
1781386027	snap	3000	otelcol	otelcol-sb-esrev1-ctr-jjcwc	otelcol_receiver_failed_spans	0
1781386027	snap	3000	otelcol	otelcol-sb-esrev1-ctr-jjcwc	otelcol_process_memory_rss	328527872
1781386027	snap	3000	otelcol	otelcol-sb-esrev1-ctr-jjcwc	otelcol_exporter_queue_size	605
1781386027	snap	3000	otelcol	otelcol-sb-esrev1-ctr-jjcwc	otelcol_receiver_accepted_spans	427380
1781386027	snap	3000	otelcol	otelcol-sb-esrev1-ctr-jjcwc	otelcol_processor_incoming_items	902273
1781386027	snap	3000	otelcol	otelcol-sb-esrev1-ctr-jjcwc	otelcol_processor_batch_metadata_cardinality	1
1781386027	snap	3000	otelcol	otelcol-sb-esrev1-ctr-jjcwc	otelcol_exporter_queue_capacity	1001
1781386027	snap	3000	otelcol	otelcol-sb-esrev1-ctr-jjcwc	otelcol_processor_outgoing_items	427380
1781386027	snap	3000	otelcol	otelcol-sb-esrev1-ctr-jjcwc	otelcol_processor_batch_timeout_trigger_send	1433
1781386027	snap	3000	otelcol	otelcol-sb-esrev1-ctr-jjcwc	otelcol_process_runtime_total_sys_memory_bytes	197265720
1781386027	snap	3000	otelcol	otelcol-sb-esrev1-ctr-jjcwc	otelcol_receiver_refused_spans	474893
1781386027	snap	3000	otelcol	otelcol-sb-esrev1-ctr-jjcwc	otelcol_exporter_send_failed_spans	0
1781386027	snap	3000	otelcol	otelcol-sb-esrev1-ctr-jjcwc	otelcol_exporter_queue_batch_send_size_sum	427380
1781386027	snap	3000	otelcol	otelcol-sb-esrev1-ctr-jjcwc	otelcol_processor_batch_batch_send_size_sum	427380
1781386027	snap	3000	otelcol	otelcol-sb-esrev1-ctr-jjcwc	otelcol_process_cpu_seconds	18
1781386027	snap	3000	otelcol	otelcol-sb-esrev1-ctr-jjcwc	otelcol_process_uptime	634
1781386027	snap	3000	otelcol	otelcol-sb-esrev1-ctr-jjcwc	otelcol_exporter_sent_spans	144031
1781386027	snap	3000	otelcol	otelcol-sb-esrev1-ctr-64dpb	otelcol_exporter_queue_batch_send_size_sum	436250
1781386027	snap	3000	otelcol	otelcol-sb-esrev1-ctr-64dpb	otelcol_exporter_send_failed_spans	0
1781386027	snap	3000	otelcol	otelcol-sb-esrev1-ctr-64dpb	otelcol_exporter_queue_size	628
1781386027	snap	3000	otelcol	otelcol-sb-esrev1-ctr-64dpb	otelcol_process_runtime_total_alloc_bytes	542585704
1781386027	snap	3000	otelcol	otelcol-sb-esrev1-ctr-64dpb	otelcol_processor_batch_metadata_cardinality	1
1781386027	snap	3000	otelcol	otelcol-sb-esrev1-ctr-64dpb	otelcol_process_runtime_heap_alloc_bytes	134874976
1781386027	snap	3000	otelcol	otelcol-sb-esrev1-ctr-64dpb	otelcol_processor_batch_timeout_trigger_send	1448
1781386027	snap	3000	otelcol	otelcol-sb-esrev1-ctr-64dpb	otelcol_process_memory_rss	325144576
1781386027	snap	3000	otelcol	otelcol-sb-esrev1-ctr-64dpb	otelcol_receiver_refused_spans	466014
1781386027	snap	3000	otelcol	otelcol-sb-esrev1-ctr-64dpb	otelcol_receiver_failed_spans	0
1781386027	snap	3000	otelcol	otelcol-sb-esrev1-ctr-64dpb	otelcol_receiver_accepted_spans	436250
1781386027	snap	3000	otelcol	otelcol-sb-esrev1-ctr-64dpb	otelcol_processor_incoming_items	902264
1781386027	snap	3000	otelcol	otelcol-sb-esrev1-ctr-64dpb	otelcol_process_cpu_seconds	18
1781386027	snap	3000	otelcol	otelcol-sb-esrev1-ctr-64dpb	otelcol_exporter_queue_capacity	1001
1781386027	snap	3000	otelcol	otelcol-sb-esrev1-ctr-64dpb	otelcol_processor_outgoing_items	436250
1781386027	snap	3000	otelcol	otelcol-sb-esrev1-ctr-64dpb	otelcol_processor_batch_batch_send_size_sum	436250
1781386027	snap	3000	otelcol	otelcol-sb-esrev1-ctr-64dpb	otelcol_process_uptime	634
1781386027	snap	3000	otelcol	otelcol-sb-esrev1-ctr-64dpb	otelcol_process_runtime_total_sys_memory_bytes	196409640
1781386027	snap	3000	otelcol	otelcol-sb-esrev1-ctr-64dpb	otelcol_exporter_sent_spans	141288
1781386027	snap	3000	otelcol	otelcol-sb-esrev1-ctr-lmnfn	otelcol_processor_batch_timeout_trigger_send	1610
1781386027	snap	3000	otelcol	otelcol-sb-esrev1-ctr-lmnfn	otelcol_processor_batch_batch_send_size_sum	868777
1781386027	snap	3000	otelcol	otelcol-sb-esrev1-ctr-lmnfn	otelcol_process_runtime_total_alloc_bytes	2197708056
1781386027	snap	3000	otelcol	otelcol-sb-esrev1-ctr-lmnfn	otelcol_process_runtime_heap_alloc_bytes	142845336
1781386027	snap	3000	otelcol	otelcol-sb-esrev1-ctr-lmnfn	otelcol_exporter_queue_batch_send_size_sum	868777
1781386027	snap	3000	otelcol	otelcol-sb-esrev1-ctr-lmnfn	otelcol_process_uptime	633
1781386027	snap	3000	otelcol	otelcol-sb-esrev1-ctr-lmnfn	otelcol_process_cpu_seconds	45
1781386027	snap	3000	otelcol	otelcol-sb-esrev1-ctr-lmnfn	otelcol_exporter_send_failed_spans	0
1781386027	snap	3000	otelcol	otelcol-sb-esrev1-ctr-lmnfn	otelcol_exporter_sent_spans	584397
1781386027	snap	3000	otelcol	otelcol-sb-esrev1-ctr-lmnfn	otelcol_receiver_refused_spans	2815581
1781386027	snap	3000	otelcol	otelcol-sb-esrev1-ctr-lmnfn	otelcol_processor_incoming_items	3684358
1781386027	snap	3000	otelcol	otelcol-sb-esrev1-ctr-lmnfn	otelcol_receiver_accepted_spans	868777
1781386027	snap	3000	otelcol	otelcol-sb-esrev1-ctr-lmnfn	otelcol_processor_outgoing_items	868777
1781386027	snap	3000	otelcol	otelcol-sb-esrev1-ctr-lmnfn	otelcol_process_runtime_total_sys_memory_bytes	206752056
1781386027	snap	3000	otelcol	otelcol-sb-esrev1-ctr-lmnfn	otelcol_process_memory_rss	320413696
1781386027	snap	3000	otelcol	otelcol-sb-esrev1-ctr-lmnfn	otelcol_receiver_failed_spans	0
1781386027	snap	3000	otelcol	otelcol-sb-esrev1-ctr-lmnfn	otelcol_processor_batch_metadata_cardinality	1
1781386027	snap	3000	otelcol	otelcol-sb-esrev1-ctr-lmnfn	otelcol_exporter_queue_size	599
1781386027	snap	3000	otelcol	otelcol-sb-esrev1-ctr-lmnfn	otelcol_exporter_queue_capacity	1001
1781386027	snap	3000	k8s	otelcol-sb-esrev1-ctr-5hn7z	restart_count	0
1781386027	snap	3000	k8s	otelcol-sb-esrev1-ctr-64dpb	restart_count	0
1781386027	snap	3000	k8s	otelcol-sb-esrev1-ctr-9j7x7	restart_count	0
1781386027	snap	3000	k8s	otelcol-sb-esrev1-ctr-jjcwc	restart_count	0
1781386027	snap	3000	k8s	otelcol-sb-esrev1-ctr-lmnfn	restart_count	0
1781386027	snap	3000	k8s	otelcol-sb-esrev1-ctr-m57hx	restart_count	0
1781386027	snap	3000	k8s	otelcol-sb-esrev1-ctr-qd64d	restart_count	0
1781386027	snap	3000	k8s	otelcol-sb-esrev1-ctr-rbg9n	restart_count	0
1781386027	snap	3000	k8s	otelcol-sb-esrev1-ctr-w5r65	restart_count	0
1781386027	snap	3000	sdk	wrk2api	spans_received	1881709
1781386027	snap	3000	sdk	wrk2api	spans_sent	572607
1781386027	snap	3000	sdk	wrk2api	spans_dropped	0
1781386027	snap	3000	sdk	wrk2api	spans_flushed	1881709
1781386027	snap	3000	sdk	wrk2api	batches_sent	4662
1781386027	snap	3000	sdk	wrk2api	batches_dropped	0
1781386027	snap	3000	sdk	wrk2api	send_unavailable	0
1781386027	snap	3000	sdk	wrk2api	send_deadline	0
1781386027	snap	3000	sdk	wrk2api	send_exhausted	0
1781386027	snap	3000	sdk	wrk2api	send_canceled	0
1781386027	snap	3000	sdk	wrk2api	send_other	0
1781386027	snap	3000	sdk	wrk2api	buffer_depth	0
0
1781386027	snap	3000	sdk	wrk2api	cp_received	940850
1781386027	snap	3000	sdk	wrk2api	lp_received	940859
1781386027	snap	3000	sdk	wrk2api	cp_sent	397108
1781386027	snap	3000	sdk	wrk2api	lp_sent	175499
1781386027	snap	3000	sdk	wrk2api	cp_dropped	0
1781386027	snap	3000	sdk	wrk2api	lp_dropped	0
1781386027	snap	3000	sdk	composepost	spans_received	7218175
1781386027	snap	3000	sdk	composepost	spans_sent	1134921
1781386027	snap	3000	sdk	composepost	spans_dropped	6083254
1781386027	snap	3000	sdk	composepost	spans_flushed	7218175
1781386027	snap	3000	sdk	composepost	batches_sent	12994
1781386027	snap	3000	sdk	composepost	batches_dropped	23975
1781386027	snap	3000	sdk	composepost	send_unavailable	14308
1781386027	snap	3000	sdk	composepost	send_deadline	9667
1781386027	snap	3000	sdk	composepost	send_exhausted	0
1781386027	snap	3000	sdk	composepost	send_canceled	0
1781386027	snap	3000	sdk	composepost	send_other	0
1781386027	snap	3000	sdk	composepost	buffer_depth	0
0
1781386027	snap	3000	sdk	composepost	cp_received	6315902
1781386027	snap	3000	sdk	composepost	lp_received	902273
1781386027	snap	3000	sdk	composepost	cp_sent	1065672
1781386027	snap	3000	sdk	composepost	lp_sent	69249
1781386027	snap	3000	sdk	composepost	cp_dropped	5250230
1781386027	snap	3000	sdk	composepost	lp_dropped	833024
1781386027	snap	3000	sdk	hometimeline	spans_received	1804528
1781386027	snap	3000	sdk	hometimeline	spans_sent	138442
1781386027	snap	3000	sdk	hometimeline	spans_dropped	1666086
1781386027	snap	3000	sdk	hometimeline	spans_flushed	1804528
1781386027	snap	3000	sdk	hometimeline	batches_sent	2574
1781386027	snap	3000	sdk	hometimeline	batches_dropped	6658
1781386027	snap	3000	sdk	hometimeline	send_unavailable	6332
1781386027	snap	3000	sdk	hometimeline	send_deadline	326
1781386027	snap	3000	sdk	hometimeline	send_exhausted	0
1781386027	snap	3000	sdk	hometimeline	send_canceled	0
1781386027	snap	3000	sdk	hometimeline	send_other	0
1781386027	snap	3000	sdk	hometimeline	buffer_depth	0
0
1781386027	snap	3000	sdk	hometimeline	cp_received	0
1781386027	snap	3000	sdk	hometimeline	lp_received	1804528
1781386027	snap	3000	sdk	hometimeline	cp_sent	0
1781386027	snap	3000	sdk	hometimeline	lp_sent	138442
1781386027	snap	3000	sdk	hometimeline	cp_dropped	0
1781386027	snap	3000	sdk	hometimeline	lp_dropped	1666086
1781386027	snap	3000	sdk	media	spans_received	902273
1781386027	snap	3000	sdk	media	spans_sent	434342
1781386027	snap	3000	sdk	media	spans_dropped	467931
1781386027	snap	3000	sdk	media	spans_flushed	902273
1781386027	snap	3000	sdk	media	batches_sent	2822
1781386027	snap	3000	sdk	media	batches_dropped	1787
1781386027	snap	3000	sdk	media	send_unavailable	1787
1781386027	snap	3000	sdk	media	send_deadline	0
1781386027	snap	3000	sdk	media	send_exhausted	0
1781386027	snap	3000	sdk	media	send_canceled	0
1781386027	snap	3000	sdk	media	send_other	0
1781386027	snap	3000	sdk	media	buffer_depth	0
0
1781386027	snap	3000	sdk	media	cp_received	902273
1781386027	snap	3000	sdk	media	lp_received	0
1781386027	snap	3000	sdk	media	cp_sent	434342
1781386027	snap	3000	sdk	media	lp_sent	0
1781386027	snap	3000	sdk	media	cp_dropped	467931
1781386027	snap	3000	sdk	media	lp_dropped	0
1781386027	snap	3000	sdk	post-storage	spans_received	902264
1781386027	snap	3000	sdk	post-storage	spans_sent	436250
1781386027	snap	3000	sdk	post-storage	spans_dropped	466014
1781386027	snap	3000	sdk	post-storage	spans_flushed	902264
1781386027	snap	3000	sdk	post-storage	batches_sent	2900
1781386027	snap	3000	sdk	post-storage	batches_dropped	1721
1781386027	snap	3000	sdk	post-storage	send_unavailable	1721
1781386027	snap	3000	sdk	post-storage	send_deadline	0
1781386027	snap	3000	sdk	post-storage	send_exhausted	0
1781386027	snap	3000	sdk	post-storage	send_canceled	0
1781386027	snap	3000	sdk	post-storage	send_other	0
1781386027	snap	3000	sdk	post-storage	buffer_depth	0
0
1781386027	snap	3000	sdk	post-storage	cp_received	902264
1781386027	snap	3000	sdk	post-storage	lp_received	0
1781386027	snap	3000	sdk	post-storage	cp_sent	436250
1781386027	snap	3000	sdk	post-storage	lp_sent	0
1781386027	snap	3000	sdk	post-storage	cp_dropped	466014
1781386027	snap	3000	sdk	post-storage	lp_dropped	0
1781386027	snap	3000	sdk	socialgraph	spans_received	1016098
1781386027	snap	3000	sdk	socialgraph	spans_sent	536548
1781386027	snap	3000	sdk	socialgraph	spans_dropped	479550
1781386027	snap	3000	sdk	socialgraph	spans_flushed	1016098
1781386027	snap	3000	sdk	socialgraph	batches_sent	3354
1781386027	snap	3000	sdk	socialgraph	batches_dropped	1773
1781386027	snap	3000	sdk	socialgraph	send_unavailable	1773
1781386027	snap	3000	sdk	socialgraph	send_deadline	0
1781386027	snap	3000	sdk	socialgraph	send_exhausted	0
1781386027	snap	3000	sdk	socialgraph	send_canceled	0
1781386027	snap	3000	sdk	socialgraph	send_other	0
1781386027	snap	3000	sdk	socialgraph	buffer_depth	0
0
1781386027	snap	3000	sdk	socialgraph	cp_received	978474
1781386027	snap	3000	sdk	socialgraph	lp_received	37624
1781386027	snap	3000	sdk	socialgraph	cp_sent	502088
1781386027	snap	3000	sdk	socialgraph	lp_sent	34460
1781386027	snap	3000	sdk	socialgraph	cp_dropped	476386
1781386027	snap	3000	sdk	socialgraph	lp_dropped	3164
1781386027	snap	3000	sdk	text	spans_received	2706837
1781386027	snap	3000	sdk	text	spans_sent	359187
1781386027	snap	3000	sdk	text	spans_dropped	2347650
1781386027	snap	3000	sdk	text	spans_flushed	2706837
1781386027	snap	3000	sdk	text	batches_sent	4632
1781386027	snap	3000	sdk	text	batches_dropped	9227
1781386027	snap	3000	sdk	text	send_unavailable	9227
1781386027	snap	3000	sdk	text	send_deadline	0
1781386027	snap	3000	sdk	text	send_exhausted	0
1781386027	snap	3000	sdk	text	send_canceled	0
1781386027	snap	3000	sdk	text	send_other	0
1781386027	snap	3000	sdk	text	buffer_depth	0
0
1781386027	snap	3000	sdk	text	cp_received	0
1781386027	snap	3000	sdk	text	lp_received	2706837
1781386027	snap	3000	sdk	text	cp_sent	0
1781386027	snap	3000	sdk	text	lp_sent	359187
1781386027	snap	3000	sdk	text	cp_dropped	0
1781386027	snap	3000	sdk	text	lp_dropped	2347650
1781386027	snap	3000	sdk	uniqueid	spans_received	902273
1781386027	snap	3000	sdk	uniqueid	spans_sent	300785
1781386027	snap	3000	sdk	uniqueid	spans_dropped	601488
1781386027	snap	3000	sdk	uniqueid	spans_flushed	902273
1781386027	snap	3000	sdk	uniqueid	batches_sent	2310
1781386027	snap	3000	sdk	uniqueid	batches_dropped	2304
1781386027	snap	3000	sdk	uniqueid	send_unavailable	2304
1781386027	snap	3000	sdk	uniqueid	send_deadline	0
1781386027	snap	3000	sdk	uniqueid	send_exhausted	0
1781386027	snap	3000	sdk	uniqueid	send_canceled	0
1781386027	snap	3000	sdk	uniqueid	send_other	0
1781386027	snap	3000	sdk	uniqueid	buffer_depth	0
0
1781386027	snap	3000	sdk	uniqueid	cp_received	902273
1781386027	snap	3000	sdk	uniqueid	lp_received	0
1781386027	snap	3000	sdk	uniqueid	cp_sent	300785
1781386027	snap	3000	sdk	uniqueid	lp_sent	0
1781386027	snap	3000	sdk	uniqueid	cp_dropped	601488
1781386027	snap	3000	sdk	uniqueid	lp_dropped	0
1781386027	snap	3000	sdk	urlshorten	spans_received	902273
1781386027	snap	3000	sdk	urlshorten	spans_sent	427380
1781386027	snap	3000	sdk	urlshorten	spans_dropped	474893
1781386027	snap	3000	sdk	urlshorten	spans_flushed	902273
1781386027	snap	3000	sdk	urlshorten	batches_sent	2859
1781386027	snap	3000	sdk	urlshorten	batches_dropped	1749
1781386027	snap	3000	sdk	urlshorten	send_unavailable	1749
1781386027	snap	3000	sdk	urlshorten	send_deadline	0
1781386027	snap	3000	sdk	urlshorten	send_exhausted	0
1781386027	snap	3000	sdk	urlshorten	send_canceled	0
1781386027	snap	3000	sdk	urlshorten	send_other	0
1781386027	snap	3000	sdk	urlshorten	buffer_depth	0
0
1781386027	snap	3000	sdk	urlshorten	cp_received	902273
1781386027	snap	3000	sdk	urlshorten	lp_received	0
1781386027	snap	3000	sdk	urlshorten	cp_sent	427380
1781386027	snap	3000	sdk	urlshorten	lp_sent	0
1781386027	snap	3000	sdk	urlshorten	cp_dropped	474893
1781386027	snap	3000	sdk	urlshorten	lp_dropped	0
1781386027	snap	3000	sdk	user	spans_received	904197
1781386027	snap	3000	sdk	user	spans_sent	189514
1781386027	snap	3000	sdk	user	spans_dropped	714683
1781386027	snap	3000	sdk	user	spans_flushed	904197
1781386027	snap	3000	sdk	user	batches_sent	1846
1781386027	snap	3000	sdk	user	batches_dropped	2779
1781386027	snap	3000	sdk	user	send_unavailable	2775
1781386027	snap	3000	sdk	user	send_deadline	4
1781386027	snap	3000	sdk	user	send_exhausted	0
1781386027	snap	3000	sdk	user	send_canceled	0
1781386027	snap	3000	sdk	user	send_other	0
1781386027	snap	3000	sdk	user	buffer_depth	0
0
1781386027	snap	3000	sdk	user	cp_received	903235
1781386027	snap	3000	sdk	user	lp_received	962
1781386027	snap	3000	sdk	user	cp_sent	188552
1781386027	snap	3000	sdk	user	lp_sent	962
1781386027	snap	3000	sdk	user	cp_dropped	714683
1781386027	snap	3000	sdk	user	lp_dropped	0
1781386027	snap	3000	sdk	userid	spans_received	75248
1781386027	snap	3000	sdk	userid	spans_sent	75248
1781386027	snap	3000	sdk	userid	spans_dropped	0
1781386027	snap	3000	sdk	userid	spans_flushed	75248
1781386027	snap	3000	sdk	userid	batches_sent	250
1781386027	snap	3000	sdk	userid	batches_dropped	0
1781386027	snap	3000	sdk	userid	send_unavailable	0
1781386027	snap	3000	sdk	userid	send_deadline	0
1781386027	snap	3000	sdk	userid	send_exhausted	0
1781386027	snap	3000	sdk	userid	send_canceled	0
1781386027	snap	3000	sdk	userid	send_other	0
1781386027	snap	3000	sdk	userid	buffer_depth	0
0
1781386027	snap	3000	sdk	userid	cp_received	75248
1781386027	snap	3000	sdk	userid	lp_received	0
1781386027	snap	3000	sdk	userid	cp_sent	75248
1781386027	snap	3000	sdk	userid	lp_sent	0
1781386027	snap	3000	sdk	userid	cp_dropped	0
1781386027	snap	3000	sdk	userid	lp_dropped	0
1781386027	snap	3000	sdk	usermention	spans_received	902273
1781386027	snap	3000	sdk	usermention	spans_sent	300812
1781386027	snap	3000	sdk	usermention	spans_dropped	601461
1781386027	snap	3000	sdk	usermention	spans_flushed	902273
1781386027	snap	3000	sdk	usermention	batches_sent	2317
1781386027	snap	3000	sdk	usermention	batches_dropped	2306
1781386027	snap	3000	sdk	usermention	send_unavailable	2306
1781386027	snap	3000	sdk	usermention	send_deadline	0
1781386027	snap	3000	sdk	usermention	send_exhausted	0
1781386027	snap	3000	sdk	usermention	send_canceled	0
1781386027	snap	3000	sdk	usermention	send_other	0
1781386027	snap	3000	sdk	usermention	buffer_depth	0
0
1781386027	snap	3000	sdk	usermention	cp_received	902273
1781386027	snap	3000	sdk	usermention	lp_received	0
1781386027	snap	3000	sdk	usermention	cp_sent	300812
1781386027	snap	3000	sdk	usermention	lp_sent	0
1781386027	snap	3000	sdk	usermention	cp_dropped	601461
1781386027	snap	3000	sdk	usermention	lp_dropped	0
1781386027	snap	3000	sdk	usertimeline	spans_received	902264
1781386027	snap	3000	sdk	usertimeline	spans_sent	416044
1781386027	snap	3000	sdk	usertimeline	spans_dropped	486220
1781386027	snap	3000	sdk	usertimeline	spans_flushed	902264
1781386027	snap	3000	sdk	usertimeline	batches_sent	2827
1781386027	snap	3000	sdk	usertimeline	batches_dropped	1821
1781386027	snap	3000	sdk	usertimeline	send_unavailable	1821
1781386027	snap	3000	sdk	usertimeline	send_deadline	0
1781386027	snap	3000	sdk	usertimeline	send_exhausted	0
1781386027	snap	3000	sdk	usertimeline	send_canceled	0
1781386027	snap	3000	sdk	usertimeline	send_other	0
1781386027	snap	3000	sdk	usertimeline	buffer_depth	0
0
1781386027	snap	3000	sdk	usertimeline	cp_received	902264
1781386027	snap	3000	sdk	usertimeline	lp_received	0
1781386027	snap	3000	sdk	usertimeline	cp_sent	416044
1781386027	snap	3000	sdk	usertimeline	lp_sent	0
1781386027	snap	3000	sdk	usertimeline	cp_dropped	486220
1781386027	snap	3000	sdk	usertimeline	lp_dropped	0
1781386034	snap	3200	otelcol	otelcol-sb-esrev1-ctr-w5r65	otelcol_processor_incoming_items	1016098
1781386034	snap	3200	otelcol	otelcol-sb-esrev1-ctr-w5r65	otelcol_processor_batch_batch_send_size_sum	536548
1781386034	snap	3200	otelcol	otelcol-sb-esrev1-ctr-w5r65	otelcol_processor_outgoing_items	536548
1781386034	snap	3200	otelcol	otelcol-sb-esrev1-ctr-w5r65	otelcol_processor_batch_metadata_cardinality	1
1781386034	snap	3200	otelcol	otelcol-sb-esrev1-ctr-w5r65	otelcol_process_cpu_seconds	19
1781386034	snap	3200	otelcol	otelcol-sb-esrev1-ctr-w5r65	otelcol_processor_batch_timeout_trigger_send	1602
1781386034	snap	3200	otelcol	otelcol-sb-esrev1-ctr-w5r65	otelcol_receiver_refused_spans	479550
1781386034	snap	3200	otelcol	otelcol-sb-esrev1-ctr-w5r65	otelcol_process_runtime_total_sys_memory_bytes	197527864
1781386034	snap	3200	otelcol	otelcol-sb-esrev1-ctr-w5r65	otelcol_exporter_sent_spans	250691
1781386034	snap	3200	otelcol	otelcol-sb-esrev1-ctr-w5r65	otelcol_exporter_queue_size	618
1781386034	snap	3200	otelcol	otelcol-sb-esrev1-ctr-w5r65	otelcol_receiver_accepted_spans	536548
1781386034	snap	3200	otelcol	otelcol-sb-esrev1-ctr-w5r65	otelcol_process_uptime	642
1781386034	snap	3200	otelcol	otelcol-sb-esrev1-ctr-w5r65	otelcol_process_runtime_total_alloc_bytes	631779224
1781386034	snap	3200	otelcol	otelcol-sb-esrev1-ctr-w5r65	otelcol_process_runtime_heap_alloc_bytes	141625040
1781386034	snap	3200	otelcol	otelcol-sb-esrev1-ctr-w5r65	otelcol_exporter_send_failed_spans	0
1781386034	snap	3200	otelcol	otelcol-sb-esrev1-ctr-w5r65	otelcol_exporter_queue_batch_send_size_sum	536548
1781386034	snap	3200	otelcol	otelcol-sb-esrev1-ctr-w5r65	otelcol_receiver_failed_spans	0
1781386034	snap	3200	otelcol	otelcol-sb-esrev1-ctr-w5r65	otelcol_exporter_queue_capacity	1001
1781386034	snap	3200	otelcol	otelcol-sb-esrev1-ctr-w5r65	otelcol_process_memory_rss	322830336
1781386034	snap	3200	otelcol	otelcol-sb-esrev1-ctr-5hn7z	otelcol_processor_batch_metadata_cardinality	1
1781386034	snap	3200	otelcol	otelcol-sb-esrev1-ctr-5hn7z	otelcol_exporter_queue_capacity	1001
1781386034	snap	3200	otelcol	otelcol-sb-esrev1-ctr-5hn7z	otelcol_exporter_queue_batch_send_size_sum	416044
1781386034	snap	3200	otelcol	otelcol-sb-esrev1-ctr-5hn7z	otelcol_exporter_send_failed_spans	0
1781386034	snap	3200	otelcol	otelcol-sb-esrev1-ctr-5hn7z	otelcol_processor_batch_batch_send_size_sum	416044
1781386034	snap	3200	otelcol	otelcol-sb-esrev1-ctr-5hn7z	otelcol_processor_batch_timeout_trigger_send	1417
1781386034	snap	3200	otelcol	otelcol-sb-esrev1-ctr-5hn7z	otelcol_process_cpu_seconds	18
1781386034	snap	3200	otelcol	otelcol-sb-esrev1-ctr-5hn7z	otelcol_process_uptime	641
1781386034	snap	3200	otelcol	otelcol-sb-esrev1-ctr-5hn7z	otelcol_exporter_sent_spans	126258
1781386034	snap	3200	otelcol	otelcol-sb-esrev1-ctr-5hn7z	otelcol_receiver_failed_spans	0
1781386034	snap	3200	otelcol	otelcol-sb-esrev1-ctr-5hn7z	otelcol_process_runtime_total_sys_memory_bytes	193042728
1781386034	snap	3200	otelcol	otelcol-sb-esrev1-ctr-5hn7z	otelcol_receiver_refused_spans	486220
1781386034	snap	3200	otelcol	otelcol-sb-esrev1-ctr-5hn7z	otelcol_process_memory_rss	323383296
1781386034	snap	3200	otelcol	otelcol-sb-esrev1-ctr-5hn7z	otelcol_processor_incoming_items	902264
1781386034	snap	3200	otelcol	otelcol-sb-esrev1-ctr-5hn7z	otelcol_process_runtime_total_alloc_bytes	554826680
1781386034	snap	3200	otelcol	otelcol-sb-esrev1-ctr-5hn7z	otelcol_process_runtime_heap_alloc_bytes	140357696
1781386034	snap	3200	otelcol	otelcol-sb-esrev1-ctr-5hn7z	otelcol_receiver_accepted_spans	416044
1781386034	snap	3200	otelcol	otelcol-sb-esrev1-ctr-5hn7z	otelcol_processor_outgoing_items	416044
1781386034	snap	3200	otelcol	otelcol-sb-esrev1-ctr-5hn7z	otelcol_exporter_queue_size	631
1781386034	snap	3200	otelcol	otelcol-sb-esrev1-ctr-m57hx	otelcol_process_memory_rss	179331072
1781386034	snap	3200	otelcol	otelcol-sb-esrev1-ctr-m57hx	otelcol_process_runtime_total_sys_memory_bytes	48269592
1781386034	snap	3200	otelcol	otelcol-sb-esrev1-ctr-m57hx	otelcol_exporter_queue_size	0
1781386034	snap	3200	otelcol	otelcol-sb-esrev1-ctr-m57hx	otelcol_exporter_queue_capacity	1001
1781386034	snap	3200	otelcol	otelcol-sb-esrev1-ctr-m57hx	otelcol_process_runtime_total_alloc_bytes	42774136
1781386034	snap	3200	otelcol	otelcol-sb-esrev1-ctr-m57hx	otelcol_process_uptime	640
1781386034	snap	3200	otelcol	otelcol-sb-esrev1-ctr-m57hx	otelcol_process_cpu_seconds	5
1781386034	snap	3200	otelcol	otelcol-sb-esrev1-ctr-m57hx	otelcol_processor_batch_metadata_cardinality	1
1781386034	snap	3200	otelcol	otelcol-sb-esrev1-ctr-m57hx	otelcol_process_runtime_heap_alloc_bytes	18625448
1781386034	snap	3200	otelcol	otelcol-sb-esrev1-ctr-9j7x7	otelcol_process_cpu_seconds	162
1781386034	snap	3200	otelcol	otelcol-sb-esrev1-ctr-9j7x7	otelcol_exporter_send_failed_spans	0
1781386034	snap	3200	otelcol	otelcol-sb-esrev1-ctr-9j7x7	otelcol_processor_incoming_items	13266236
1781386034	snap	3200	otelcol	otelcol-sb-esrev1-ctr-9j7x7	otelcol_process_memory_rss	320299008
1781386034	snap	3200	otelcol	otelcol-sb-esrev1-ctr-9j7x7	otelcol_exporter_sent_spans	508865
1781386034	snap	3200	otelcol	otelcol-sb-esrev1-ctr-9j7x7	otelcol_exporter_queue_batch_send_size_sum	768723
1781386034	snap	3200	otelcol	otelcol-sb-esrev1-ctr-9j7x7	otelcol_processor_outgoing_items	768723
1781386034	snap	3200	otelcol	otelcol-sb-esrev1-ctr-9j7x7	otelcol_processor_batch_batch_send_size_sum	768723
1781386034	snap	3200	otelcol	otelcol-sb-esrev1-ctr-9j7x7	otelcol_process_runtime_heap_alloc_bytes	140573856
1781386034	snap	3200	otelcol	otelcol-sb-esrev1-ctr-9j7x7	otelcol_process_runtime_total_sys_memory_bytes	229501240
1781386034	snap	3200	otelcol	otelcol-sb-esrev1-ctr-9j7x7	otelcol_receiver_refused_spans	12497513
1781386034	snap	3200	otelcol	otelcol-sb-esrev1-ctr-9j7x7	otelcol_processor_batch_metadata_cardinality	1
1781386034	snap	3200	otelcol	otelcol-sb-esrev1-ctr-9j7x7	otelcol_receiver_failed_spans	0
1781386034	snap	3200	otelcol	otelcol-sb-esrev1-ctr-9j7x7	otelcol_processor_batch_timeout_trigger_send	1154
1781386034	snap	3200	otelcol	otelcol-sb-esrev1-ctr-9j7x7	otelcol_exporter_queue_size	151
1781386034	snap	3200	otelcol	otelcol-sb-esrev1-ctr-9j7x7	otelcol_receiver_accepted_spans	768723
1781386034	snap	3200	otelcol	otelcol-sb-esrev1-ctr-9j7x7	otelcol_process_uptime	640
1781386034	snap	3200	otelcol	otelcol-sb-esrev1-ctr-9j7x7	otelcol_process_runtime_total_alloc_bytes	9152439624
1781386034	snap	3200	otelcol	otelcol-sb-esrev1-ctr-9j7x7	otelcol_exporter_queue_capacity	1001
1781386034	snap	3200	otelcol	otelcol-sb-esrev1-ctr-rbg9n	otelcol_exporter_queue_capacity	1001
1781386034	snap	3200	otelcol	otelcol-sb-esrev1-ctr-rbg9n	otelcol_process_cpu_seconds	152
1781386034	snap	3200	otelcol	otelcol-sb-esrev1-ctr-rbg9n	otelcol_exporter_send_failed_spans	0
1781386034	snap	3200	otelcol	otelcol-sb-esrev1-ctr-rbg9n	otelcol_receiver_refused_spans	5930490
1781386034	snap	3200	otelcol	otelcol-sb-esrev1-ctr-rbg9n	otelcol_process_runtime_total_alloc_bytes	6415293464
1781386034	snap	3200	otelcol	otelcol-sb-esrev1-ctr-rbg9n	otelcol_process_memory_rss	323178496
1781386034	snap	3200	otelcol	otelcol-sb-esrev1-ctr-rbg9n	otelcol_processor_batch_metadata_cardinality	1
1781386034	snap	3200	otelcol	otelcol-sb-esrev1-ctr-rbg9n	otelcol_processor_batch_timeout_trigger_send	867
1781386034	snap	3200	otelcol	otelcol-sb-esrev1-ctr-rbg9n	otelcol_receiver_failed_spans	0
1781386034	snap	3200	otelcol	otelcol-sb-esrev1-ctr-rbg9n	otelcol_processor_batch_batch_size_trigger_send	1
1781386034	snap	3200	otelcol	otelcol-sb-esrev1-ctr-rbg9n	otelcol_process_runtime_heap_alloc_bytes	136318672
1781386034	snap	3200	otelcol	otelcol-sb-esrev1-ctr-rbg9n	otelcol_exporter_sent_spans	1066934
1781386034	snap	3200	otelcol	otelcol-sb-esrev1-ctr-rbg9n	otelcol_processor_incoming_items	7211088
1781386034	snap	3200	otelcol	otelcol-sb-esrev1-ctr-rbg9n	otelcol_processor_outgoing_items	1280598
1781386034	snap	3200	otelcol	otelcol-sb-esrev1-ctr-rbg9n	otelcol_receiver_accepted_spans	1280598
1781386034	snap	3200	otelcol	otelcol-sb-esrev1-ctr-rbg9n	otelcol_processor_batch_batch_send_size_sum	1280598
1781386034	snap	3200	otelcol	otelcol-sb-esrev1-ctr-rbg9n	otelcol_process_uptime	639
1781386034	snap	3200	otelcol	otelcol-sb-esrev1-ctr-rbg9n	otelcol_exporter_queue_size	70
1781386034	snap	3200	otelcol	otelcol-sb-esrev1-ctr-rbg9n	otelcol_exporter_queue_batch_send_size_sum	1280598
1781386034	snap	3200	otelcol	otelcol-sb-esrev1-ctr-rbg9n	otelcol_process_runtime_total_sys_memory_bytes	237828424
1781386034	snap	3200	otelcol	otelcol-sb-esrev1-ctr-qd64d	otelcol_receiver_accepted_spans	601597
1781386034	snap	3200	otelcol	otelcol-sb-esrev1-ctr-qd64d	otelcol_process_runtime_total_sys_memory_bytes	198101304
1781386034	snap	3200	otelcol	otelcol-sb-esrev1-ctr-qd64d	otelcol_processor_incoming_items	1804546
1781386034	snap	3200	otelcol	otelcol-sb-esrev1-ctr-qd64d	otelcol_process_uptime	641
1781386034	snap	3200	otelcol	otelcol-sb-esrev1-ctr-qd64d	otelcol_exporter_send_failed_spans	0
1781386034	snap	3200	otelcol	otelcol-sb-esrev1-ctr-qd64d	otelcol_exporter_queue_capacity	1001
1781386034	snap	3200	otelcol	otelcol-sb-esrev1-ctr-qd64d	otelcol_processor_outgoing_items	601597
1781386034	snap	3200	otelcol	otelcol-sb-esrev1-ctr-qd64d	otelcol_exporter_queue_size	307
1781386034	snap	3200	otelcol	otelcol-sb-esrev1-ctr-qd64d	otelcol_processor_batch_metadata_cardinality	1
1781386034	snap	3200	otelcol	otelcol-sb-esrev1-ctr-qd64d	otelcol_processor_batch_timeout_trigger_send	1176
1781386034	snap	3200	otelcol	otelcol-sb-esrev1-ctr-qd64d	otelcol_process_runtime_heap_alloc_bytes	141827280
1781386034	snap	3200	otelcol	otelcol-sb-esrev1-ctr-qd64d	otelcol_processor_batch_batch_send_size_sum	601597
1781386034	snap	3200	otelcol	otelcol-sb-esrev1-ctr-qd64d	otelcol_process_memory_rss	321777664
1781386034	snap	3200	otelcol	otelcol-sb-esrev1-ctr-qd64d	otelcol_receiver_refused_spans	1202949
1781386034	snap	3200	otelcol	otelcol-sb-esrev1-ctr-qd64d	otelcol_process_cpu_seconds	31
1781386034	snap	3200	otelcol	otelcol-sb-esrev1-ctr-qd64d	otelcol_exporter_queue_batch_send_size_sum	601597
1781386034	snap	3200	otelcol	otelcol-sb-esrev1-ctr-qd64d	otelcol_receiver_failed_spans	0
1781386034	snap	3200	otelcol	otelcol-sb-esrev1-ctr-qd64d	otelcol_exporter_sent_spans	322737
1781386034	snap	3200	otelcol	otelcol-sb-esrev1-ctr-qd64d	otelcol_process_runtime_total_alloc_bytes	1174459592
1781386034	snap	3200	otelcol	otelcol-sb-esrev1-ctr-jjcwc	otelcol_process_runtime_total_alloc_bytes	581401576
1781386034	snap	3200	otelcol	otelcol-sb-esrev1-ctr-jjcwc	otelcol_process_runtime_heap_alloc_bytes	147652600
1781386034	snap	3200	otelcol	otelcol-sb-esrev1-ctr-jjcwc	otelcol_receiver_failed_spans	0
1781386034	snap	3200	otelcol	otelcol-sb-esrev1-ctr-jjcwc	otelcol_process_memory_rss	328527872
1781386034	snap	3200	otelcol	otelcol-sb-esrev1-ctr-jjcwc	otelcol_exporter_queue_size	604
1781386034	snap	3200	otelcol	otelcol-sb-esrev1-ctr-jjcwc	otelcol_receiver_accepted_spans	427380
1781386034	snap	3200	otelcol	otelcol-sb-esrev1-ctr-jjcwc	otelcol_processor_incoming_items	902273
1781386034	snap	3200	otelcol	otelcol-sb-esrev1-ctr-jjcwc	otelcol_processor_batch_metadata_cardinality	1
1781386034	snap	3200	otelcol	otelcol-sb-esrev1-ctr-jjcwc	otelcol_exporter_queue_capacity	1001
1781386034	snap	3200	otelcol	otelcol-sb-esrev1-ctr-jjcwc	otelcol_processor_outgoing_items	427380
1781386034	snap	3200	otelcol	otelcol-sb-esrev1-ctr-jjcwc	otelcol_processor_batch_timeout_trigger_send	1433
1781386034	snap	3200	otelcol	otelcol-sb-esrev1-ctr-jjcwc	otelcol_process_runtime_total_sys_memory_bytes	197265720
1781386034	snap	3200	otelcol	otelcol-sb-esrev1-ctr-jjcwc	otelcol_receiver_refused_spans	474893
1781386034	snap	3200	otelcol	otelcol-sb-esrev1-ctr-jjcwc	otelcol_exporter_send_failed_spans	0
1781386034	snap	3200	otelcol	otelcol-sb-esrev1-ctr-jjcwc	otelcol_exporter_queue_batch_send_size_sum	427380
1781386034	snap	3200	otelcol	otelcol-sb-esrev1-ctr-jjcwc	otelcol_processor_batch_batch_send_size_sum	427380
1781386034	snap	3200	otelcol	otelcol-sb-esrev1-ctr-jjcwc	otelcol_process_cpu_seconds	18
1781386034	snap	3200	otelcol	otelcol-sb-esrev1-ctr-jjcwc	otelcol_process_uptime	641
1781386034	snap	3200	otelcol	otelcol-sb-esrev1-ctr-jjcwc	otelcol_exporter_sent_spans	144481
1781386034	snap	3200	otelcol	otelcol-sb-esrev1-ctr-64dpb	otelcol_exporter_queue_batch_send_size_sum	436250
1781386034	snap	3200	otelcol	otelcol-sb-esrev1-ctr-64dpb	otelcol_exporter_send_failed_spans	0
1781386034	snap	3200	otelcol	otelcol-sb-esrev1-ctr-64dpb	otelcol_exporter_queue_size	627
1781386034	snap	3200	otelcol	otelcol-sb-esrev1-ctr-64dpb	otelcol_process_runtime_total_alloc_bytes	543508616
1781386034	snap	3200	otelcol	otelcol-sb-esrev1-ctr-64dpb	otelcol_processor_batch_metadata_cardinality	1
1781386034	snap	3200	otelcol	otelcol-sb-esrev1-ctr-64dpb	otelcol_process_runtime_heap_alloc_bytes	135797888
1781386034	snap	3200	otelcol	otelcol-sb-esrev1-ctr-64dpb	otelcol_processor_batch_timeout_trigger_send	1448
1781386034	snap	3200	otelcol	otelcol-sb-esrev1-ctr-64dpb	otelcol_process_memory_rss	325144576
1781386034	snap	3200	otelcol	otelcol-sb-esrev1-ctr-64dpb	otelcol_receiver_refused_spans	466014
1781386034	snap	3200	otelcol	otelcol-sb-esrev1-ctr-64dpb	otelcol_receiver_failed_spans	0
1781386034	snap	3200	otelcol	otelcol-sb-esrev1-ctr-64dpb	otelcol_receiver_accepted_spans	436250
1781386034	snap	3200	otelcol	otelcol-sb-esrev1-ctr-64dpb	otelcol_processor_incoming_items	902264
1781386034	snap	3200	otelcol	otelcol-sb-esrev1-ctr-64dpb	otelcol_process_cpu_seconds	18
1781386034	snap	3200	otelcol	otelcol-sb-esrev1-ctr-64dpb	otelcol_exporter_queue_capacity	1001
1781386034	snap	3200	otelcol	otelcol-sb-esrev1-ctr-64dpb	otelcol_processor_outgoing_items	436250
1781386034	snap	3200	otelcol	otelcol-sb-esrev1-ctr-64dpb	otelcol_processor_batch_batch_send_size_sum	436250
1781386034	snap	3200	otelcol	otelcol-sb-esrev1-ctr-64dpb	otelcol_process_uptime	640
1781386034	snap	3200	otelcol	otelcol-sb-esrev1-ctr-64dpb	otelcol_process_runtime_total_sys_memory_bytes	196409640
1781386034	snap	3200	otelcol	otelcol-sb-esrev1-ctr-64dpb	otelcol_exporter_sent_spans	141738
1781386034	snap	3200	otelcol	otelcol-sb-esrev1-ctr-lmnfn	otelcol_processor_batch_timeout_trigger_send	1610
1781386034	snap	3200	otelcol	otelcol-sb-esrev1-ctr-lmnfn	otelcol_processor_batch_batch_send_size_sum	868777
1781386034	snap	3200	otelcol	otelcol-sb-esrev1-ctr-lmnfn	otelcol_process_runtime_total_alloc_bytes	2199699552
1781386034	snap	3200	otelcol	otelcol-sb-esrev1-ctr-lmnfn	otelcol_process_runtime_heap_alloc_bytes	128261024
1781386034	snap	3200	otelcol	otelcol-sb-esrev1-ctr-lmnfn	otelcol_exporter_queue_batch_send_size_sum	868777
1781386034	snap	3200	otelcol	otelcol-sb-esrev1-ctr-lmnfn	otelcol_process_uptime	640
1781386034	snap	3200	otelcol	otelcol-sb-esrev1-ctr-lmnfn	otelcol_process_cpu_seconds	45
1781386034	snap	3200	otelcol	otelcol-sb-esrev1-ctr-lmnfn	otelcol_exporter_send_failed_spans	0
1781386034	snap	3200	otelcol	otelcol-sb-esrev1-ctr-lmnfn	otelcol_exporter_sent_spans	585297
1781386034	snap	3200	otelcol	otelcol-sb-esrev1-ctr-lmnfn	otelcol_receiver_refused_spans	2815581
1781386034	snap	3200	otelcol	otelcol-sb-esrev1-ctr-lmnfn	otelcol_processor_incoming_items	3684358
1781386034	snap	3200	otelcol	otelcol-sb-esrev1-ctr-lmnfn	otelcol_receiver_accepted_spans	868777
1781386034	snap	3200	otelcol	otelcol-sb-esrev1-ctr-lmnfn	otelcol_processor_outgoing_items	868777
1781386034	snap	3200	otelcol	otelcol-sb-esrev1-ctr-lmnfn	otelcol_process_runtime_total_sys_memory_bytes	206752056
1781386034	snap	3200	otelcol	otelcol-sb-esrev1-ctr-lmnfn	otelcol_process_memory_rss	318644224
1781386034	snap	3200	otelcol	otelcol-sb-esrev1-ctr-lmnfn	otelcol_receiver_failed_spans	0
1781386034	snap	3200	otelcol	otelcol-sb-esrev1-ctr-lmnfn	otelcol_processor_batch_metadata_cardinality	1
1781386034	snap	3200	otelcol	otelcol-sb-esrev1-ctr-lmnfn	otelcol_exporter_queue_size	597
1781386034	snap	3200	otelcol	otelcol-sb-esrev1-ctr-lmnfn	otelcol_exporter_queue_capacity	1001
1781386034	snap	3200	k8s	otelcol-sb-esrev1-ctr-5hn7z	restart_count	0
1781386034	snap	3200	k8s	otelcol-sb-esrev1-ctr-64dpb	restart_count	0
1781386034	snap	3200	k8s	otelcol-sb-esrev1-ctr-9j7x7	restart_count	0
1781386034	snap	3200	k8s	otelcol-sb-esrev1-ctr-jjcwc	restart_count	0
1781386034	snap	3200	k8s	otelcol-sb-esrev1-ctr-lmnfn	restart_count	0
1781386034	snap	3200	k8s	otelcol-sb-esrev1-ctr-m57hx	restart_count	0
1781386034	snap	3200	k8s	otelcol-sb-esrev1-ctr-qd64d	restart_count	0
1781386034	snap	3200	k8s	otelcol-sb-esrev1-ctr-rbg9n	restart_count	0
1781386034	snap	3200	k8s	otelcol-sb-esrev1-ctr-w5r65	restart_count	0
1781386034	snap	3200	sdk	wrk2api	spans_received	1881709
1781386034	snap	3200	sdk	wrk2api	spans_sent	572607
1781386034	snap	3200	sdk	wrk2api	spans_dropped	0
1781386034	snap	3200	sdk	wrk2api	spans_flushed	1881709
1781386034	snap	3200	sdk	wrk2api	batches_sent	4662
1781386034	snap	3200	sdk	wrk2api	batches_dropped	0
1781386034	snap	3200	sdk	wrk2api	send_unavailable	0
1781386034	snap	3200	sdk	wrk2api	send_deadline	0
1781386034	snap	3200	sdk	wrk2api	send_exhausted	0
1781386034	snap	3200	sdk	wrk2api	send_canceled	0
1781386034	snap	3200	sdk	wrk2api	send_other	0
1781386034	snap	3200	sdk	wrk2api	buffer_depth	0
0
1781386034	snap	3200	sdk	wrk2api	cp_received	940850
1781386034	snap	3200	sdk	wrk2api	lp_received	940859
1781386034	snap	3200	sdk	wrk2api	cp_sent	397108
1781386034	snap	3200	sdk	wrk2api	lp_sent	175499
1781386034	snap	3200	sdk	wrk2api	cp_dropped	0
1781386034	snap	3200	sdk	wrk2api	lp_dropped	0
1781386034	snap	3200	sdk	composepost	spans_received	7218175
1781386034	snap	3200	sdk	composepost	spans_sent	1134921
1781386034	snap	3200	sdk	composepost	spans_dropped	6083254
1781386034	snap	3200	sdk	composepost	spans_flushed	7218175
1781386034	snap	3200	sdk	composepost	batches_sent	12994
1781386034	snap	3200	sdk	composepost	batches_dropped	23975
1781386034	snap	3200	sdk	composepost	send_unavailable	14308
1781386034	snap	3200	sdk	composepost	send_deadline	9667
1781386034	snap	3200	sdk	composepost	send_exhausted	0
1781386034	snap	3200	sdk	composepost	send_canceled	0
1781386034	snap	3200	sdk	composepost	send_other	0
1781386034	snap	3200	sdk	composepost	buffer_depth	0
0
1781386034	snap	3200	sdk	composepost	cp_received	6315902
1781386034	snap	3200	sdk	composepost	lp_received	902273
1781386034	snap	3200	sdk	composepost	cp_sent	1065672
1781386034	snap	3200	sdk	composepost	lp_sent	69249
1781386034	snap	3200	sdk	composepost	cp_dropped	5250230
1781386034	snap	3200	sdk	composepost	lp_dropped	833024
1781386034	snap	3200	sdk	hometimeline	spans_received	1804528
1781386034	snap	3200	sdk	hometimeline	spans_sent	138442
1781386034	snap	3200	sdk	hometimeline	spans_dropped	1666086
1781386034	snap	3200	sdk	hometimeline	spans_flushed	1804528
1781386034	snap	3200	sdk	hometimeline	batches_sent	2574
1781386034	snap	3200	sdk	hometimeline	batches_dropped	6658
1781386034	snap	3200	sdk	hometimeline	send_unavailable	6332
1781386034	snap	3200	sdk	hometimeline	send_deadline	326
1781386034	snap	3200	sdk	hometimeline	send_exhausted	0
1781386034	snap	3200	sdk	hometimeline	send_canceled	0
1781386034	snap	3200	sdk	hometimeline	send_other	0
1781386034	snap	3200	sdk	hometimeline	buffer_depth	0
0
1781386034	snap	3200	sdk	hometimeline	cp_received	0
1781386034	snap	3200	sdk	hometimeline	lp_received	1804528
1781386034	snap	3200	sdk	hometimeline	cp_sent	0
1781386034	snap	3200	sdk	hometimeline	lp_sent	138442
1781386034	snap	3200	sdk	hometimeline	cp_dropped	0
1781386034	snap	3200	sdk	hometimeline	lp_dropped	1666086
1781386034	snap	3200	sdk	media	spans_received	902273
1781386034	snap	3200	sdk	media	spans_sent	434342
1781386034	snap	3200	sdk	media	spans_dropped	467931
1781386034	snap	3200	sdk	media	spans_flushed	902273
1781386034	snap	3200	sdk	media	batches_sent	2822
1781386034	snap	3200	sdk	media	batches_dropped	1787
1781386034	snap	3200	sdk	media	send_unavailable	1787
1781386034	snap	3200	sdk	media	send_deadline	0
1781386034	snap	3200	sdk	media	send_exhausted	0
1781386034	snap	3200	sdk	media	send_canceled	0
1781386034	snap	3200	sdk	media	send_other	0
1781386034	snap	3200	sdk	media	buffer_depth	0
0
1781386034	snap	3200	sdk	media	cp_received	902273
1781386034	snap	3200	sdk	media	lp_received	0
1781386034	snap	3200	sdk	media	cp_sent	434342
1781386034	snap	3200	sdk	media	lp_sent	0
1781386034	snap	3200	sdk	media	cp_dropped	467931
1781386034	snap	3200	sdk	media	lp_dropped	0
1781386034	snap	3200	sdk	post-storage	spans_received	902264
1781386034	snap	3200	sdk	post-storage	spans_sent	436250
1781386034	snap	3200	sdk	post-storage	spans_dropped	466014
1781386034	snap	3200	sdk	post-storage	spans_flushed	902264
1781386034	snap	3200	sdk	post-storage	batches_sent	2900
1781386034	snap	3200	sdk	post-storage	batches_dropped	1721
1781386034	snap	3200	sdk	post-storage	send_unavailable	1721
1781386034	snap	3200	sdk	post-storage	send_deadline	0
1781386034	snap	3200	sdk	post-storage	send_exhausted	0
1781386034	snap	3200	sdk	post-storage	send_canceled	0
1781386034	snap	3200	sdk	post-storage	send_other	0
1781386034	snap	3200	sdk	post-storage	buffer_depth	0
0
1781386034	snap	3200	sdk	post-storage	cp_received	902264
1781386034	snap	3200	sdk	post-storage	lp_received	0
1781386034	snap	3200	sdk	post-storage	cp_sent	436250
1781386034	snap	3200	sdk	post-storage	lp_sent	0
1781386034	snap	3200	sdk	post-storage	cp_dropped	466014
1781386034	snap	3200	sdk	post-storage	lp_dropped	0
1781386034	snap	3200	sdk	socialgraph	spans_received	1016098
1781386034	snap	3200	sdk	socialgraph	spans_sent	536548
1781386034	snap	3200	sdk	socialgraph	spans_dropped	479550
1781386034	snap	3200	sdk	socialgraph	spans_flushed	1016098
1781386034	snap	3200	sdk	socialgraph	batches_sent	3354
1781386034	snap	3200	sdk	socialgraph	batches_dropped	1773
1781386034	snap	3200	sdk	socialgraph	send_unavailable	1773
1781386034	snap	3200	sdk	socialgraph	send_deadline	0
1781386034	snap	3200	sdk	socialgraph	send_exhausted	0
1781386034	snap	3200	sdk	socialgraph	send_canceled	0
1781386034	snap	3200	sdk	socialgraph	send_other	0
1781386034	snap	3200	sdk	socialgraph	buffer_depth	0
0
1781386034	snap	3200	sdk	socialgraph	cp_received	978474
1781386034	snap	3200	sdk	socialgraph	lp_received	37624
1781386034	snap	3200	sdk	socialgraph	cp_sent	502088
1781386034	snap	3200	sdk	socialgraph	lp_sent	34460
1781386034	snap	3200	sdk	socialgraph	cp_dropped	476386
1781386034	snap	3200	sdk	socialgraph	lp_dropped	3164
1781386034	snap	3200	sdk	text	spans_received	2706837
1781386034	snap	3200	sdk	text	spans_sent	359187
1781386034	snap	3200	sdk	text	spans_dropped	2347650
1781386034	snap	3200	sdk	text	spans_flushed	2706837
1781386034	snap	3200	sdk	text	batches_sent	4632
1781386034	snap	3200	sdk	text	batches_dropped	9227
1781386034	snap	3200	sdk	text	send_unavailable	9227
1781386034	snap	3200	sdk	text	send_deadline	0
1781386034	snap	3200	sdk	text	send_exhausted	0
1781386034	snap	3200	sdk	text	send_canceled	0
1781386034	snap	3200	sdk	text	send_other	0
1781386034	snap	3200	sdk	text	buffer_depth	0
0
1781386034	snap	3200	sdk	text	cp_received	0
1781386034	snap	3200	sdk	text	lp_received	2706837
1781386034	snap	3200	sdk	text	cp_sent	0
1781386034	snap	3200	sdk	text	lp_sent	359187
1781386034	snap	3200	sdk	text	cp_dropped	0
1781386034	snap	3200	sdk	text	lp_dropped	2347650
1781386034	snap	3200	sdk	uniqueid	spans_received	902273
1781386034	snap	3200	sdk	uniqueid	spans_sent	300785
1781386034	snap	3200	sdk	uniqueid	spans_dropped	601488
1781386034	snap	3200	sdk	uniqueid	spans_flushed	902273
1781386034	snap	3200	sdk	uniqueid	batches_sent	2310
1781386034	snap	3200	sdk	uniqueid	batches_dropped	2304
1781386034	snap	3200	sdk	uniqueid	send_unavailable	2304
1781386034	snap	3200	sdk	uniqueid	send_deadline	0
1781386034	snap	3200	sdk	uniqueid	send_exhausted	0
1781386034	snap	3200	sdk	uniqueid	send_canceled	0
1781386034	snap	3200	sdk	uniqueid	send_other	0
1781386034	snap	3200	sdk	uniqueid	buffer_depth	0
0
1781386034	snap	3200	sdk	uniqueid	cp_received	902273
1781386034	snap	3200	sdk	uniqueid	lp_received	0
1781386034	snap	3200	sdk	uniqueid	cp_sent	300785
1781386034	snap	3200	sdk	uniqueid	lp_sent	0
1781386034	snap	3200	sdk	uniqueid	cp_dropped	601488
1781386034	snap	3200	sdk	uniqueid	lp_dropped	0
1781386034	snap	3200	sdk	urlshorten	spans_received	902273
1781386034	snap	3200	sdk	urlshorten	spans_sent	427380
1781386034	snap	3200	sdk	urlshorten	spans_dropped	474893
1781386034	snap	3200	sdk	urlshorten	spans_flushed	902273
1781386034	snap	3200	sdk	urlshorten	batches_sent	2859
1781386034	snap	3200	sdk	urlshorten	batches_dropped	1749
1781386034	snap	3200	sdk	urlshorten	send_unavailable	1749
1781386034	snap	3200	sdk	urlshorten	send_deadline	0
1781386034	snap	3200	sdk	urlshorten	send_exhausted	0
1781386034	snap	3200	sdk	urlshorten	send_canceled	0
1781386034	snap	3200	sdk	urlshorten	send_other	0
1781386034	snap	3200	sdk	urlshorten	buffer_depth	0
0
1781386034	snap	3200	sdk	urlshorten	cp_received	902273
1781386034	snap	3200	sdk	urlshorten	lp_received	0
1781386034	snap	3200	sdk	urlshorten	cp_sent	427380
1781386034	snap	3200	sdk	urlshorten	lp_sent	0
1781386034	snap	3200	sdk	urlshorten	cp_dropped	474893
1781386034	snap	3200	sdk	urlshorten	lp_dropped	0
1781386034	snap	3200	sdk	user	spans_received	904197
1781386034	snap	3200	sdk	user	spans_sent	189514
1781386034	snap	3200	sdk	user	spans_dropped	714683
1781386034	snap	3200	sdk	user	spans_flushed	904197
1781386034	snap	3200	sdk	user	batches_sent	1846
1781386034	snap	3200	sdk	user	batches_dropped	2779
1781386034	snap	3200	sdk	user	send_unavailable	2775
1781386034	snap	3200	sdk	user	send_deadline	4
1781386034	snap	3200	sdk	user	send_exhausted	0
1781386034	snap	3200	sdk	user	send_canceled	0
1781386034	snap	3200	sdk	user	send_other	0
1781386034	snap	3200	sdk	user	buffer_depth	0
0
1781386034	snap	3200	sdk	user	cp_received	903235
1781386034	snap	3200	sdk	user	lp_received	962
1781386034	snap	3200	sdk	user	cp_sent	188552
1781386034	snap	3200	sdk	user	lp_sent	962
1781386034	snap	3200	sdk	user	cp_dropped	714683
1781386034	snap	3200	sdk	user	lp_dropped	0
1781386034	snap	3200	sdk	userid	spans_received	75248
1781386034	snap	3200	sdk	userid	spans_sent	75248
1781386034	snap	3200	sdk	userid	spans_dropped	0
1781386034	snap	3200	sdk	userid	spans_flushed	75248
1781386034	snap	3200	sdk	userid	batches_sent	250
1781386034	snap	3200	sdk	userid	batches_dropped	0
1781386034	snap	3200	sdk	userid	send_unavailable	0
1781386034	snap	3200	sdk	userid	send_deadline	0
1781386034	snap	3200	sdk	userid	send_exhausted	0
1781386034	snap	3200	sdk	userid	send_canceled	0
1781386034	snap	3200	sdk	userid	send_other	0
1781386034	snap	3200	sdk	userid	buffer_depth	0
0
1781386034	snap	3200	sdk	userid	cp_received	75248
1781386034	snap	3200	sdk	userid	lp_received	0
1781386034	snap	3200	sdk	userid	cp_sent	75248
1781386034	snap	3200	sdk	userid	lp_sent	0
1781386034	snap	3200	sdk	userid	cp_dropped	0
1781386034	snap	3200	sdk	userid	lp_dropped	0
1781386034	snap	3200	sdk	usermention	spans_received	902273
1781386034	snap	3200	sdk	usermention	spans_sent	300812
1781386034	snap	3200	sdk	usermention	spans_dropped	601461
1781386034	snap	3200	sdk	usermention	spans_flushed	902273
1781386034	snap	3200	sdk	usermention	batches_sent	2317
1781386034	snap	3200	sdk	usermention	batches_dropped	2306
1781386034	snap	3200	sdk	usermention	send_unavailable	2306
1781386034	snap	3200	sdk	usermention	send_deadline	0
1781386034	snap	3200	sdk	usermention	send_exhausted	0
1781386034	snap	3200	sdk	usermention	send_canceled	0
1781386034	snap	3200	sdk	usermention	send_other	0
1781386034	snap	3200	sdk	usermention	buffer_depth	0
0
1781386034	snap	3200	sdk	usermention	cp_received	902273
1781386034	snap	3200	sdk	usermention	lp_received	0
1781386034	snap	3200	sdk	usermention	cp_sent	300812
1781386034	snap	3200	sdk	usermention	lp_sent	0
1781386034	snap	3200	sdk	usermention	cp_dropped	601461
1781386034	snap	3200	sdk	usermention	lp_dropped	0
1781386034	snap	3200	sdk	usertimeline	spans_received	902264
1781386034	snap	3200	sdk	usertimeline	spans_sent	416044
1781386034	snap	3200	sdk	usertimeline	spans_dropped	486220
1781386034	snap	3200	sdk	usertimeline	spans_flushed	902264
1781386034	snap	3200	sdk	usertimeline	batches_sent	2827
1781386034	snap	3200	sdk	usertimeline	batches_dropped	1821
1781386034	snap	3200	sdk	usertimeline	send_unavailable	1821
1781386034	snap	3200	sdk	usertimeline	send_deadline	0
1781386034	snap	3200	sdk	usertimeline	send_exhausted	0
1781386034	snap	3200	sdk	usertimeline	send_canceled	0
1781386034	snap	3200	sdk	usertimeline	send_other	0
1781386034	snap	3200	sdk	usertimeline	buffer_depth	0
0
1781386034	snap	3200	sdk	usertimeline	cp_received	902264
1781386034	snap	3200	sdk	usertimeline	lp_received	0
1781386034	snap	3200	sdk	usertimeline	cp_sent	416044
1781386034	snap	3200	sdk	usertimeline	lp_sent	0
1781386034	snap	3200	sdk	usertimeline	cp_dropped	486220
1781386034	snap	3200	sdk	usertimeline	lp_dropped	0
1781386102	snap	3200	otelcol	otelcol-sb-esrev1-ctr-w5r65	otelcol_processor_incoming_items	1146936
1781386102	snap	3200	otelcol	otelcol-sb-esrev1-ctr-w5r65	otelcol_processor_batch_batch_send_size_sum	550920
1781386102	snap	3200	otelcol	otelcol-sb-esrev1-ctr-w5r65	otelcol_processor_outgoing_items	550920
1781386102	snap	3200	otelcol	otelcol-sb-esrev1-ctr-w5r65	otelcol_processor_batch_metadata_cardinality	1
1781386102	snap	3200	otelcol	otelcol-sb-esrev1-ctr-w5r65	otelcol_process_cpu_seconds	21
1781386102	snap	3200	otelcol	otelcol-sb-esrev1-ctr-w5r65	otelcol_processor_batch_timeout_trigger_send	1634
1781386102	snap	3200	otelcol	otelcol-sb-esrev1-ctr-w5r65	otelcol_receiver_refused_spans	596016
1781386102	snap	3200	otelcol	otelcol-sb-esrev1-ctr-w5r65	otelcol_process_runtime_total_sys_memory_bytes	197527864
1781386102	snap	3200	otelcol	otelcol-sb-esrev1-ctr-w5r65	otelcol_exporter_sent_spans	270739
1781386102	snap	3200	otelcol	otelcol-sb-esrev1-ctr-w5r65	otelcol_exporter_queue_size	604
1781386102	snap	3200	otelcol	otelcol-sb-esrev1-ctr-w5r65	otelcol_receiver_accepted_spans	550920
1781386102	snap	3200	otelcol	otelcol-sb-esrev1-ctr-w5r65	otelcol_process_uptime	709
1781386102	snap	3200	otelcol	otelcol-sb-esrev1-ctr-w5r65	otelcol_process_runtime_total_alloc_bytes	706150704
1781386102	snap	3200	otelcol	otelcol-sb-esrev1-ctr-w5r65	otelcol_process_runtime_heap_alloc_bytes	142472576
1781386102	snap	3200	otelcol	otelcol-sb-esrev1-ctr-w5r65	otelcol_exporter_send_failed_spans	0
1781386102	snap	3200	otelcol	otelcol-sb-esrev1-ctr-w5r65	otelcol_exporter_queue_batch_send_size_sum	550920
1781386102	snap	3200	otelcol	otelcol-sb-esrev1-ctr-w5r65	otelcol_receiver_failed_spans	0
1781386102	snap	3200	otelcol	otelcol-sb-esrev1-ctr-w5r65	otelcol_exporter_queue_capacity	1001
1781386102	snap	3200	otelcol	otelcol-sb-esrev1-ctr-w5r65	otelcol_process_memory_rss	324149248
1781386102	snap	3200	otelcol	otelcol-sb-esrev1-ctr-5hn7z	otelcol_processor_batch_metadata_cardinality	1
1781386102	snap	3200	otelcol	otelcol-sb-esrev1-ctr-5hn7z	otelcol_exporter_queue_capacity	1001
1781386102	snap	3200	otelcol	otelcol-sb-esrev1-ctr-5hn7z	otelcol_exporter_queue_batch_send_size_sum	429107
1781386102	snap	3200	otelcol	otelcol-sb-esrev1-ctr-5hn7z	otelcol_exporter_send_failed_spans	0
1781386102	snap	3200	otelcol	otelcol-sb-esrev1-ctr-5hn7z	otelcol_processor_batch_batch_send_size_sum	429107
1781386102	snap	3200	otelcol	otelcol-sb-esrev1-ctr-5hn7z	otelcol_processor_batch_timeout_trigger_send	1449
1781386102	snap	3200	otelcol	otelcol-sb-esrev1-ctr-5hn7z	otelcol_process_cpu_seconds	21
1781386102	snap	3200	otelcol	otelcol-sb-esrev1-ctr-5hn7z	otelcol_process_uptime	708
1781386102	snap	3200	otelcol	otelcol-sb-esrev1-ctr-5hn7z	otelcol_exporter_sent_spans	148279
1781386102	snap	3200	otelcol	otelcol-sb-esrev1-ctr-5hn7z	otelcol_receiver_failed_spans	0
1781386102	snap	3200	otelcol	otelcol-sb-esrev1-ctr-5hn7z	otelcol_process_runtime_total_sys_memory_bytes	197237032
1781386102	snap	3200	otelcol	otelcol-sb-esrev1-ctr-5hn7z	otelcol_receiver_refused_spans	603995
1781386102	snap	3200	otelcol	otelcol-sb-esrev1-ctr-5hn7z	otelcol_process_memory_rss	327094272
1781386102	snap	3200	otelcol	otelcol-sb-esrev1-ctr-5hn7z	otelcol_processor_incoming_items	1033102
1781386102	snap	3200	otelcol	otelcol-sb-esrev1-ctr-5hn7z	otelcol_process_runtime_total_alloc_bytes	642053664
1781386102	snap	3200	otelcol	otelcol-sb-esrev1-ctr-5hn7z	otelcol_process_runtime_heap_alloc_bytes	145084536
1781386102	snap	3200	otelcol	otelcol-sb-esrev1-ctr-5hn7z	otelcol_receiver_accepted_spans	429107
1781386102	snap	3200	otelcol	otelcol-sb-esrev1-ctr-5hn7z	otelcol_processor_outgoing_items	429107
1781386102	snap	3200	otelcol	otelcol-sb-esrev1-ctr-5hn7z	otelcol_exporter_queue_size	612
1781386102	snap	3200	otelcol	otelcol-sb-esrev1-ctr-m57hx	otelcol_process_memory_rss	179331072
1781386102	snap	3200	otelcol	otelcol-sb-esrev1-ctr-m57hx	otelcol_process_runtime_total_sys_memory_bytes	48269592
1781386102	snap	3200	otelcol	otelcol-sb-esrev1-ctr-m57hx	otelcol_exporter_queue_size	0
1781386102	snap	3200	otelcol	otelcol-sb-esrev1-ctr-m57hx	otelcol_exporter_queue_capacity	1001
1781386102	snap	3200	otelcol	otelcol-sb-esrev1-ctr-m57hx	otelcol_process_runtime_total_alloc_bytes	43565304
1781386102	snap	3200	otelcol	otelcol-sb-esrev1-ctr-m57hx	otelcol_process_uptime	707
1781386102	snap	3200	otelcol	otelcol-sb-esrev1-ctr-m57hx	otelcol_process_cpu_seconds	5
1781386102	snap	3200	otelcol	otelcol-sb-esrev1-ctr-m57hx	otelcol_processor_batch_metadata_cardinality	1
1781386102	snap	3200	otelcol	otelcol-sb-esrev1-ctr-m57hx	otelcol_process_runtime_heap_alloc_bytes	19416616
1781386102	snap	3200	otelcol	otelcol-sb-esrev1-ctr-9j7x7	otelcol_process_cpu_seconds	188
1781386102	snap	3200	otelcol	otelcol-sb-esrev1-ctr-9j7x7	otelcol_exporter_send_failed_spans	0
1781386102	snap	3200	otelcol	otelcol-sb-esrev1-ctr-9j7x7	otelcol_processor_incoming_items	14778993
1781386102	snap	3200	otelcol	otelcol-sb-esrev1-ctr-9j7x7	otelcol_process_memory_rss	320712704
1781386102	snap	3200	otelcol	otelcol-sb-esrev1-ctr-9j7x7	otelcol_exporter_sent_spans	540429
1781386102	snap	3200	otelcol	otelcol-sb-esrev1-ctr-9j7x7	otelcol_exporter_queue_batch_send_size_sum	829209
1781386102	snap	3200	otelcol	otelcol-sb-esrev1-ctr-9j7x7	otelcol_processor_outgoing_items	829209
1781386102	snap	3200	otelcol	otelcol-sb-esrev1-ctr-9j7x7	otelcol_processor_batch_batch_send_size_sum	829209
1781386102	snap	3200	otelcol	otelcol-sb-esrev1-ctr-9j7x7	otelcol_process_runtime_heap_alloc_bytes	140248400
1781386102	snap	3200	otelcol	otelcol-sb-esrev1-ctr-9j7x7	otelcol_process_runtime_total_sys_memory_bytes	229501240
1781386102	snap	3200	otelcol	otelcol-sb-esrev1-ctr-9j7x7	otelcol_receiver_refused_spans	13949784
1781386102	snap	3200	otelcol	otelcol-sb-esrev1-ctr-9j7x7	otelcol_processor_batch_metadata_cardinality	1
1781386102	snap	3200	otelcol	otelcol-sb-esrev1-ctr-9j7x7	otelcol_receiver_failed_spans	0
1781386102	snap	3200	otelcol	otelcol-sb-esrev1-ctr-9j7x7	otelcol_processor_batch_timeout_trigger_send	1194
1781386102	snap	3200	otelcol	otelcol-sb-esrev1-ctr-9j7x7	otelcol_exporter_queue_size	167
1781386102	snap	3200	otelcol	otelcol-sb-esrev1-ctr-9j7x7	otelcol_receiver_accepted_spans	829209
1781386102	snap	3200	otelcol	otelcol-sb-esrev1-ctr-9j7x7	otelcol_process_uptime	708
1781386102	snap	3200	otelcol	otelcol-sb-esrev1-ctr-9j7x7	otelcol_process_runtime_total_alloc_bytes	10387834608
1781386102	snap	3200	otelcol	otelcol-sb-esrev1-ctr-9j7x7	otelcol_exporter_queue_capacity	1001
1781386102	snap	3200	otelcol	otelcol-sb-esrev1-ctr-rbg9n	otelcol_exporter_queue_capacity	1001
1781386102	snap	3200	otelcol	otelcol-sb-esrev1-ctr-rbg9n	otelcol_process_cpu_seconds	179
1781386102	snap	3200	otelcol	otelcol-sb-esrev1-ctr-rbg9n	otelcol_exporter_send_failed_spans	0
1781386102	snap	3200	otelcol	otelcol-sb-esrev1-ctr-rbg9n	otelcol_receiver_refused_spans	6862182
1781386102	snap	3200	otelcol	otelcol-sb-esrev1-ctr-rbg9n	otelcol_process_runtime_total_alloc_bytes	7395153912
1781386102	snap	3200	otelcol	otelcol-sb-esrev1-ctr-rbg9n	otelcol_process_memory_rss	321560576
1781386102	snap	3200	otelcol	otelcol-sb-esrev1-ctr-rbg9n	otelcol_processor_batch_metadata_cardinality	1
1781386102	snap	3200	otelcol	otelcol-sb-esrev1-ctr-rbg9n	otelcol_processor_batch_timeout_trigger_send	903
1781386102	snap	3200	otelcol	otelcol-sb-esrev1-ctr-rbg9n	otelcol_receiver_failed_spans	0
1781386102	snap	3200	otelcol	otelcol-sb-esrev1-ctr-rbg9n	otelcol_processor_batch_batch_size_trigger_send	1
1781386102	snap	3200	otelcol	otelcol-sb-esrev1-ctr-rbg9n	otelcol_process_runtime_heap_alloc_bytes	138493080
1781386102	snap	3200	otelcol	otelcol-sb-esrev1-ctr-rbg9n	otelcol_exporter_sent_spans	1117207
1781386102	snap	3200	otelcol	otelcol-sb-esrev1-ctr-rbg9n	otelcol_processor_incoming_items	8251372
1781386102	snap	3200	otelcol	otelcol-sb-esrev1-ctr-rbg9n	otelcol_processor_outgoing_items	1389190
1781386102	snap	3200	otelcol	otelcol-sb-esrev1-ctr-rbg9n	otelcol_receiver_accepted_spans	1389190
1781386102	snap	3200	otelcol	otelcol-sb-esrev1-ctr-rbg9n	otelcol_processor_batch_batch_send_size_sum	1389190
1781386102	snap	3200	otelcol	otelcol-sb-esrev1-ctr-rbg9n	otelcol_process_uptime	706
1781386102	snap	3200	otelcol	otelcol-sb-esrev1-ctr-rbg9n	otelcol_exporter_queue_size	84
1781386102	snap	3200	otelcol	otelcol-sb-esrev1-ctr-rbg9n	otelcol_exporter_queue_batch_send_size_sum	1389190
1781386102	snap	3200	otelcol	otelcol-sb-esrev1-ctr-rbg9n	otelcol_process_runtime_total_sys_memory_bytes	237828424
1781386102	snap	3200	otelcol	otelcol-sb-esrev1-ctr-qd64d	otelcol_receiver_accepted_spans	647602
1781386102	snap	3200	otelcol	otelcol-sb-esrev1-ctr-qd64d	otelcol_process_runtime_total_sys_memory_bytes	198101304
1781386102	snap	3200	otelcol	otelcol-sb-esrev1-ctr-qd64d	otelcol_processor_incoming_items	2066222
1781386102	snap	3200	otelcol	otelcol-sb-esrev1-ctr-qd64d	otelcol_process_uptime	708
1781386102	snap	3200	otelcol	otelcol-sb-esrev1-ctr-qd64d	otelcol_exporter_send_failed_spans	0
1781386102	snap	3200	otelcol	otelcol-sb-esrev1-ctr-qd64d	otelcol_exporter_queue_capacity	1001
1781386102	snap	3200	otelcol	otelcol-sb-esrev1-ctr-qd64d	otelcol_processor_outgoing_items	647602
1781386102	snap	3200	otelcol	otelcol-sb-esrev1-ctr-qd64d	otelcol_exporter_queue_size	330
1781386102	snap	3200	otelcol	otelcol-sb-esrev1-ctr-qd64d	otelcol_processor_batch_metadata_cardinality	1
1781386102	snap	3200	otelcol	otelcol-sb-esrev1-ctr-qd64d	otelcol_processor_batch_timeout_trigger_send	1234
1781386102	snap	3200	otelcol	otelcol-sb-esrev1-ctr-qd64d	otelcol_process_runtime_heap_alloc_bytes	134589312
1781386102	snap	3200	otelcol	otelcol-sb-esrev1-ctr-qd64d	otelcol_processor_batch_batch_send_size_sum	647602
1781386102	snap	3200	otelcol	otelcol-sb-esrev1-ctr-qd64d	otelcol_process_memory_rss	319524864
1781386102	snap	3200	otelcol	otelcol-sb-esrev1-ctr-qd64d	otelcol_receiver_refused_spans	1418620
1781386102	snap	3200	otelcol	otelcol-sb-esrev1-ctr-qd64d	otelcol_process_cpu_seconds	35
1781386102	snap	3200	otelcol	otelcol-sb-esrev1-ctr-qd64d	otelcol_exporter_queue_batch_send_size_sum	647602
1781386102	snap	3200	otelcol	otelcol-sb-esrev1-ctr-qd64d	otelcol_receiver_failed_spans	0
1781386102	snap	3200	otelcol	otelcol-sb-esrev1-ctr-qd64d	otelcol_exporter_sent_spans	353895
1781386102	snap	3200	otelcol	otelcol-sb-esrev1-ctr-qd64d	otelcol_process_runtime_total_alloc_bytes	1326718152
1781386102	snap	3200	otelcol	otelcol-sb-esrev1-ctr-jjcwc	otelcol_process_runtime_total_alloc_bytes	649141880
1781386102	snap	3200	otelcol	otelcol-sb-esrev1-ctr-jjcwc	otelcol_process_runtime_heap_alloc_bytes	139900384
1781386102	snap	3200	otelcol	otelcol-sb-esrev1-ctr-jjcwc	otelcol_receiver_failed_spans	0
1781386102	snap	3200	otelcol	otelcol-sb-esrev1-ctr-jjcwc	otelcol_process_memory_rss	322670592
1781386102	snap	3200	otelcol	otelcol-sb-esrev1-ctr-jjcwc	otelcol_exporter_queue_size	612
1781386102	snap	3200	otelcol	otelcol-sb-esrev1-ctr-jjcwc	otelcol_receiver_accepted_spans	446393
1781386102	snap	3200	otelcol	otelcol-sb-esrev1-ctr-jjcwc	otelcol_processor_incoming_items	1033111
1781386102	snap	3200	otelcol	otelcol-sb-esrev1-ctr-jjcwc	otelcol_processor_batch_metadata_cardinality	1
1781386102	snap	3200	otelcol	otelcol-sb-esrev1-ctr-jjcwc	otelcol_exporter_queue_capacity	1001
1781386102	snap	3200	otelcol	otelcol-sb-esrev1-ctr-jjcwc	otelcol_processor_outgoing_items	446393
1781386102	snap	3200	otelcol	otelcol-sb-esrev1-ctr-jjcwc	otelcol_processor_batch_timeout_trigger_send	1472
1781386102	snap	3200	otelcol	otelcol-sb-esrev1-ctr-jjcwc	otelcol_process_runtime_total_sys_memory_bytes	197265720
1781386102	snap	3200	otelcol	otelcol-sb-esrev1-ctr-jjcwc	otelcol_receiver_refused_spans	586718
1781386102	snap	3200	otelcol	otelcol-sb-esrev1-ctr-jjcwc	otelcol_exporter_send_failed_spans	0
1781386102	snap	3200	otelcol	otelcol-sb-esrev1-ctr-jjcwc	otelcol_exporter_queue_batch_send_size_sum	446393
1781386102	snap	3200	otelcol	otelcol-sb-esrev1-ctr-jjcwc	otelcol_processor_batch_batch_send_size_sum	446393
1781386102	snap	3200	otelcol	otelcol-sb-esrev1-ctr-jjcwc	otelcol_process_cpu_seconds	20
1781386102	snap	3200	otelcol	otelcol-sb-esrev1-ctr-jjcwc	otelcol_process_uptime	708
1781386102	snap	3200	otelcol	otelcol-sb-esrev1-ctr-jjcwc	otelcol_exporter_sent_spans	158058
1781386102	snap	3200	otelcol	otelcol-sb-esrev1-ctr-64dpb	otelcol_exporter_queue_batch_send_size_sum	443088
1781386102	snap	3200	otelcol	otelcol-sb-esrev1-ctr-64dpb	otelcol_exporter_send_failed_spans	0
1781386102	snap	3200	otelcol	otelcol-sb-esrev1-ctr-64dpb	otelcol_exporter_queue_size	615
1781386102	snap	3200	otelcol	otelcol-sb-esrev1-ctr-64dpb	otelcol_process_runtime_total_alloc_bytes	614897344
1781386102	snap	3200	otelcol	otelcol-sb-esrev1-ctr-64dpb	otelcol_processor_batch_metadata_cardinality	1
1781386102	snap	3200	otelcol	otelcol-sb-esrev1-ctr-64dpb	otelcol_process_runtime_heap_alloc_bytes	144189776
1781386102	snap	3200	otelcol	otelcol-sb-esrev1-ctr-64dpb	otelcol_processor_batch_timeout_trigger_send	1463
1781386102	snap	3200	otelcol	otelcol-sb-esrev1-ctr-64dpb	otelcol_process_memory_rss	327663616
1781386102	snap	3200	otelcol	otelcol-sb-esrev1-ctr-64dpb	otelcol_receiver_refused_spans	590014
1781386102	snap	3200	otelcol	otelcol-sb-esrev1-ctr-64dpb	otelcol_receiver_failed_spans	0
1781386102	snap	3200	otelcol	otelcol-sb-esrev1-ctr-64dpb	otelcol_receiver_accepted_spans	443088
1781386102	snap	3200	otelcol	otelcol-sb-esrev1-ctr-64dpb	otelcol_processor_incoming_items	1033102
1781386102	snap	3200	otelcol	otelcol-sb-esrev1-ctr-64dpb	otelcol_process_cpu_seconds	20
1781386102	snap	3200	otelcol	otelcol-sb-esrev1-ctr-64dpb	otelcol_exporter_queue_capacity	1001
1781386102	snap	3200	otelcol	otelcol-sb-esrev1-ctr-64dpb	otelcol_processor_outgoing_items	443088
1781386102	snap	3200	otelcol	otelcol-sb-esrev1-ctr-64dpb	otelcol_processor_batch_batch_send_size_sum	443088
1781386102	snap	3200	otelcol	otelcol-sb-esrev1-ctr-64dpb	otelcol_process_uptime	708
1781386102	snap	3200	otelcol	otelcol-sb-esrev1-ctr-64dpb	otelcol_process_runtime_total_sys_memory_bytes	196409640
1781386102	snap	3200	otelcol	otelcol-sb-esrev1-ctr-64dpb	otelcol_exporter_sent_spans	153541
1781386102	snap	3200	otelcol	otelcol-sb-esrev1-ctr-lmnfn	otelcol_processor_batch_timeout_trigger_send	1679
1781386102	snap	3200	otelcol	otelcol-sb-esrev1-ctr-lmnfn	otelcol_processor_batch_batch_send_size_sum	892318
1781386102	snap	3200	otelcol	otelcol-sb-esrev1-ctr-lmnfn	otelcol_process_runtime_total_alloc_bytes	2552177232
1781386102	snap	3200	otelcol	otelcol-sb-esrev1-ctr-lmnfn	otelcol_process_runtime_heap_alloc_bytes	143520440
1781386102	snap	3200	otelcol	otelcol-sb-esrev1-ctr-lmnfn	otelcol_exporter_queue_batch_send_size_sum	892318
1781386102	snap	3200	otelcol	otelcol-sb-esrev1-ctr-lmnfn	otelcol_process_uptime	707
1781386102	snap	3200	otelcol	otelcol-sb-esrev1-ctr-lmnfn	otelcol_process_cpu_seconds	52
1781386102	snap	3200	otelcol	otelcol-sb-esrev1-ctr-lmnfn	otelcol_exporter_send_failed_spans	0
1781386102	snap	3200	otelcol	otelcol-sb-esrev1-ctr-lmnfn	otelcol_exporter_sent_spans	603110
1781386102	snap	3200	otelcol	otelcol-sb-esrev1-ctr-lmnfn	otelcol_receiver_refused_spans	3315392
1781386102	snap	3200	otelcol	otelcol-sb-esrev1-ctr-lmnfn	otelcol_processor_incoming_items	4207710
1781386102	snap	3200	otelcol	otelcol-sb-esrev1-ctr-lmnfn	otelcol_receiver_accepted_spans	892318
1781386102	snap	3200	otelcol	otelcol-sb-esrev1-ctr-lmnfn	otelcol_processor_outgoing_items	892318
1781386102	snap	3200	otelcol	otelcol-sb-esrev1-ctr-lmnfn	otelcol_process_runtime_total_sys_memory_bytes	206752056
1781386102	snap	3200	otelcol	otelcol-sb-esrev1-ctr-lmnfn	otelcol_process_memory_rss	320049152
1781386102	snap	3200	otelcol	otelcol-sb-esrev1-ctr-lmnfn	otelcol_receiver_failed_spans	0
1781386102	snap	3200	otelcol	otelcol-sb-esrev1-ctr-lmnfn	otelcol_processor_batch_metadata_cardinality	1
1781386102	snap	3200	otelcol	otelcol-sb-esrev1-ctr-lmnfn	otelcol_exporter_queue_size	627
1781386102	snap	3200	otelcol	otelcol-sb-esrev1-ctr-lmnfn	otelcol_exporter_queue_capacity	1001
1781386102	snap	3200	k8s	otelcol-sb-esrev1-ctr-5hn7z	restart_count	0
1781386102	snap	3200	k8s	otelcol-sb-esrev1-ctr-64dpb	restart_count	0
1781386102	snap	3200	k8s	otelcol-sb-esrev1-ctr-9j7x7	restart_count	0
1781386102	snap	3200	k8s	otelcol-sb-esrev1-ctr-jjcwc	restart_count	0
1781386102	snap	3200	k8s	otelcol-sb-esrev1-ctr-lmnfn	restart_count	0
1781386102	snap	3200	k8s	otelcol-sb-esrev1-ctr-m57hx	restart_count	0
1781386102	snap	3200	k8s	otelcol-sb-esrev1-ctr-qd64d	restart_count	0
1781386102	snap	3200	k8s	otelcol-sb-esrev1-ctr-rbg9n	restart_count	0
1781386102	snap	3200	k8s	otelcol-sb-esrev1-ctr-w5r65	restart_count	0
1781386102	snap	3200	sdk	wrk2api	spans_received	2143385
1781386102	snap	3200	sdk	wrk2api	spans_sent	616565
1781386102	snap	3200	sdk	wrk2api	spans_dropped	0
1781386102	snap	3200	sdk	wrk2api	spans_flushed	2143385
1781386102	snap	3200	sdk	wrk2api	batches_sent	4857
1781386102	snap	3200	sdk	wrk2api	batches_dropped	0
1781386102	snap	3200	sdk	wrk2api	send_unavailable	0
1781386102	snap	3200	sdk	wrk2api	send_deadline	0
1781386102	snap	3200	sdk	wrk2api	send_exhausted	0
1781386102	snap	3200	sdk	wrk2api	send_canceled	0
1781386102	snap	3200	sdk	wrk2api	send_other	0
1781386102	snap	3200	sdk	wrk2api	buffer_depth	0
0
1781386102	snap	3200	sdk	wrk2api	cp_received	1071688
1781386102	snap	3200	sdk	wrk2api	lp_received	1071697
1781386102	snap	3200	sdk	wrk2api	cp_sent	441066
1781386102	snap	3200	sdk	wrk2api	lp_sent	175499
1781386102	snap	3200	sdk	wrk2api	cp_dropped	0
1781386102	snap	3200	sdk	wrk2api	lp_dropped	0
1781386102	snap	3200	sdk	composepost	spans_received	8264879
1781386102	snap	3200	sdk	composepost	spans_sent	1243513
1781386102	snap	3200	sdk	composepost	spans_dropped	7021366
1781386102	snap	3200	sdk	composepost	spans_flushed	8264879
1781386102	snap	3200	sdk	composepost	batches_sent	13422
1781386102	snap	3200	sdk	composepost	batches_dropped	27946
1781386102	snap	3200	sdk	composepost	send_unavailable	16811
1781386102	snap	3200	sdk	composepost	send_deadline	11135
1781386102	snap	3200	sdk	composepost	send_exhausted	0
1781386102	snap	3200	sdk	composepost	send_canceled	0
1781386102	snap	3200	sdk	composepost	send_other	0
1781386102	snap	3200	sdk	composepost	buffer_depth	0
0
1781386102	snap	3200	sdk	composepost	cp_received	7231768
1781386102	snap	3200	sdk	composepost	lp_received	1033111
1781386102	snap	3200	sdk	composepost	cp_sent	1174264
1781386102	snap	3200	sdk	composepost	lp_sent	69249
1781386102	snap	3200	sdk	composepost	cp_dropped	6057504
1781386102	snap	3200	sdk	composepost	lp_dropped	963862
1781386102	snap	3200	sdk	hometimeline	spans_received	2066204
1781386102	snap	3200	sdk	hometimeline	spans_sent	138442
1781386102	snap	3200	sdk	hometimeline	spans_dropped	1927762
1781386102	snap	3200	sdk	hometimeline	spans_flushed	2066204
1781386102	snap	3200	sdk	hometimeline	batches_sent	2574
1781386102	snap	3200	sdk	hometimeline	batches_dropped	7771
1781386102	snap	3200	sdk	hometimeline	send_unavailable	7416
1781386102	snap	3200	sdk	hometimeline	send_deadline	355
1781386102	snap	3200	sdk	hometimeline	send_exhausted	0
1781386102	snap	3200	sdk	hometimeline	send_canceled	0
1781386102	snap	3200	sdk	hometimeline	send_other	0
1781386102	snap	3200	sdk	hometimeline	buffer_depth	0
0
1781386102	snap	3200	sdk	hometimeline	cp_received	0
1781386102	snap	3200	sdk	hometimeline	lp_received	2066204
1781386102	snap	3200	sdk	hometimeline	cp_sent	0
1781386102	snap	3200	sdk	hometimeline	lp_sent	138442
1781386102	snap	3200	sdk	hometimeline	cp_dropped	0
1781386102	snap	3200	sdk	hometimeline	lp_dropped	1927762
1781386102	snap	3200	sdk	media	spans_received	1033111
1781386102	snap	3200	sdk	media	spans_sent	457883
1781386102	snap	3200	sdk	media	spans_dropped	575228
1781386102	snap	3200	sdk	media	spans_flushed	1033111
1781386102	snap	3200	sdk	media	batches_sent	2924
1781386102	snap	3200	sdk	media	batches_dropped	2235
1781386102	snap	3200	sdk	media	send_unavailable	2235
1781386102	snap	3200	sdk	media	send_deadline	0
1781386102	snap	3200	sdk	media	send_exhausted	0
1781386102	snap	3200	sdk	media	send_canceled	0
1781386102	snap	3200	sdk	media	send_other	0
1781386102	snap	3200	sdk	media	buffer_depth	0
0
1781386102	snap	3200	sdk	media	cp_received	1033111
1781386102	snap	3200	sdk	media	lp_received	0
1781386102	snap	3200	sdk	media	cp_sent	457883
1781386102	snap	3200	sdk	media	lp_sent	0
1781386102	snap	3200	sdk	media	cp_dropped	575228
1781386102	snap	3200	sdk	media	lp_dropped	0
1781386102	snap	3200	sdk	post-storage	spans_received	1033102
1781386102	snap	3200	sdk	post-storage	spans_sent	443088
1781386102	snap	3200	sdk	post-storage	spans_dropped	590014
1781386102	snap	3200	sdk	post-storage	spans_flushed	1033102
1781386102	snap	3200	sdk	post-storage	batches_sent	2927
1781386102	snap	3200	sdk	post-storage	batches_dropped	2250
1781386102	snap	3200	sdk	post-storage	send_unavailable	2250
1781386102	snap	3200	sdk	post-storage	send_deadline	0
1781386102	snap	3200	sdk	post-storage	send_exhausted	0
1781386102	snap	3200	sdk	post-storage	send_canceled	0
1781386102	snap	3200	sdk	post-storage	send_other	0
1781386102	snap	3200	sdk	post-storage	buffer_depth	0
0
1781386102	snap	3200	sdk	post-storage	cp_received	1033102
1781386102	snap	3200	sdk	post-storage	lp_received	0
1781386102	snap	3200	sdk	post-storage	cp_sent	443088
1781386102	snap	3200	sdk	post-storage	lp_sent	0
1781386102	snap	3200	sdk	post-storage	cp_dropped	590014
1781386102	snap	3200	sdk	post-storage	lp_dropped	0
1781386102	snap	3200	sdk	socialgraph	spans_received	1146936
1781386102	snap	3200	sdk	socialgraph	spans_sent	550920
1781386102	snap	3200	sdk	socialgraph	spans_dropped	596016
1781386102	snap	3200	sdk	socialgraph	spans_flushed	1146936
1781386102	snap	3200	sdk	socialgraph	batches_sent	3412
1781386102	snap	3200	sdk	socialgraph	batches_dropped	2271
1781386102	snap	3200	sdk	socialgraph	send_unavailable	2271
1781386102	snap	3200	sdk	socialgraph	send_deadline	0
1781386102	snap	3200	sdk	socialgraph	send_exhausted	0
1781386102	snap	3200	sdk	socialgraph	send_canceled	0
1781386102	snap	3200	sdk	socialgraph	send_other	0
1781386102	snap	3200	sdk	socialgraph	buffer_depth	0
0
1781386102	snap	3200	sdk	socialgraph	cp_received	1109312
1781386102	snap	3200	sdk	socialgraph	lp_received	37624
1781386102	snap	3200	sdk	socialgraph	cp_sent	516460
1781386102	snap	3200	sdk	socialgraph	lp_sent	34460
1781386102	snap	3200	sdk	socialgraph	cp_dropped	592852
1781386102	snap	3200	sdk	socialgraph	lp_dropped	3164
1781386102	snap	3200	sdk	text	spans_received	3099351
1781386102	snap	3200	sdk	text	spans_sent	359187
1781386102	snap	3200	sdk	text	spans_dropped	2740164
1781386102	snap	3200	sdk	text	spans_flushed	3099351
1781386102	snap	3200	sdk	text	batches_sent	4632
1781386102	snap	3200	sdk	text	batches_dropped	10885
1781386102	snap	3200	sdk	text	send_unavailable	10885
1781386102	snap	3200	sdk	text	send_deadline	0
1781386102	snap	3200	sdk	text	send_exhausted	0
1781386102	snap	3200	sdk	text	send_canceled	0
1781386102	snap	3200	sdk	text	send_other	0
1781386102	snap	3200	sdk	text	buffer_depth	0
0
1781386102	snap	3200	sdk	text	cp_received	0
1781386102	snap	3200	sdk	text	lp_received	3099351
1781386102	snap	3200	sdk	text	cp_sent	0
1781386102	snap	3200	sdk	text	lp_sent	359187
1781386102	snap	3200	sdk	text	cp_dropped	0
1781386102	snap	3200	sdk	text	lp_dropped	2740164
1781386102	snap	3200	sdk	uniqueid	spans_received	1033111
1781386102	snap	3200	sdk	uniqueid	spans_sent	323183
1781386102	snap	3200	sdk	uniqueid	spans_dropped	709928
1781386102	snap	3200	sdk	uniqueid	spans_flushed	1033111
1781386102	snap	3200	sdk	uniqueid	batches_sent	2407
1781386102	snap	3200	sdk	uniqueid	batches_dropped	2762
1781386102	snap	3200	sdk	uniqueid	send_unavailable	2762
1781386102	snap	3200	sdk	uniqueid	send_deadline	0
1781386102	snap	3200	sdk	uniqueid	send_exhausted	0
1781386102	snap	3200	sdk	uniqueid	send_canceled	0
1781386102	snap	3200	sdk	uniqueid	send_other	0
1781386102	snap	3200	sdk	uniqueid	buffer_depth	0
0
1781386102	snap	3200	sdk	uniqueid	cp_received	1033111
1781386102	snap	3200	sdk	uniqueid	lp_received	0
1781386102	snap	3200	sdk	uniqueid	cp_sent	323183
1781386102	snap	3200	sdk	uniqueid	lp_sent	0
1781386102	snap	3200	sdk	uniqueid	cp_dropped	709928
1781386102	snap	3200	sdk	uniqueid	lp_dropped	0
1781386102	snap	3200	sdk	urlshorten	spans_received	1033111
1781386102	snap	3200	sdk	urlshorten	spans_sent	446393
1781386102	snap	3200	sdk	urlshorten	spans_dropped	586718
1781386102	snap	3200	sdk	urlshorten	spans_flushed	1033111
1781386102	snap	3200	sdk	urlshorten	batches_sent	2933
1781386102	snap	3200	sdk	urlshorten	batches_dropped	2221
1781386102	snap	3200	sdk	urlshorten	send_unavailable	2221
1781386102	snap	3200	sdk	urlshorten	send_deadline	0
1781386102	snap	3200	sdk	urlshorten	send_exhausted	0
1781386102	snap	3200	sdk	urlshorten	send_canceled	0
1781386102	snap	3200	sdk	urlshorten	send_other	0
1781386102	snap	3200	sdk	urlshorten	buffer_depth	0
0
1781386102	snap	3200	sdk	urlshorten	cp_received	1033111
1781386102	snap	3200	sdk	urlshorten	lp_received	0
1781386102	snap	3200	sdk	urlshorten	cp_sent	446393
1781386102	snap	3200	sdk	urlshorten	lp_sent	0
1781386102	snap	3200	sdk	urlshorten	cp_dropped	586718
1781386102	snap	3200	sdk	urlshorten	lp_dropped	0
1781386102	snap	3200	sdk	user	spans_received	1035035
1781386102	snap	3200	sdk	user	spans_sent	203710
1781386102	snap	3200	sdk	user	spans_dropped	831325
1781386102	snap	3200	sdk	user	spans_flushed	1035035
1781386102	snap	3200	sdk	user	batches_sent	1903
1781386102	snap	3200	sdk	user	batches_dropped	3267
1781386102	snap	3200	sdk	user	send_unavailable	3263
1781386102	snap	3200	sdk	user	send_deadline	4
1781386102	snap	3200	sdk	user	send_exhausted	0
1781386102	snap	3200	sdk	user	send_canceled	0
1781386102	snap	3200	sdk	user	send_other	0
1781386102	snap	3200	sdk	user	buffer_depth	0
0
1781386102	snap	3200	sdk	user	cp_received	1034073
1781386102	snap	3200	sdk	user	lp_received	962
1781386102	snap	3200	sdk	user	cp_sent	202748
1781386102	snap	3200	sdk	user	lp_sent	962
1781386102	snap	3200	sdk	user	cp_dropped	831325
1781386102	snap	3200	sdk	user	lp_dropped	0
1781386102	snap	3200	sdk	userid	spans_received	75248
1781386102	snap	3200	sdk	userid	spans_sent	75248
1781386102	snap	3200	sdk	userid	spans_dropped	0
1781386102	snap	3200	sdk	userid	spans_flushed	75248
1781386102	snap	3200	sdk	userid	batches_sent	250
1781386102	snap	3200	sdk	userid	batches_dropped	0
1781386102	snap	3200	sdk	userid	send_unavailable	0
1781386102	snap	3200	sdk	userid	send_deadline	0
1781386102	snap	3200	sdk	userid	send_exhausted	0
1781386102	snap	3200	sdk	userid	send_canceled	0
1781386102	snap	3200	sdk	userid	send_other	0
1781386102	snap	3200	sdk	userid	buffer_depth	0
0
1781386102	snap	3200	sdk	userid	cp_received	75248
1781386102	snap	3200	sdk	userid	lp_received	0
1781386102	snap	3200	sdk	userid	cp_sent	75248
1781386102	snap	3200	sdk	userid	lp_sent	0
1781386102	snap	3200	sdk	userid	cp_dropped	0
1781386102	snap	3200	sdk	userid	lp_dropped	0
1781386102	snap	3200	sdk	usermention	spans_received	1033111
1781386102	snap	3200	sdk	usermention	spans_sent	324419
1781386102	snap	3200	sdk	usermention	spans_dropped	708692
1781386102	snap	3200	sdk	usermention	spans_flushed	1033111
1781386102	snap	3200	sdk	usermention	batches_sent	2424
1781386102	snap	3200	sdk	usermention	batches_dropped	2754
1781386102	snap	3200	sdk	usermention	send_unavailable	2754
1781386102	snap	3200	sdk	usermention	send_deadline	0
1781386102	snap	3200	sdk	usermention	send_exhausted	0
1781386102	snap	3200	sdk	usermention	send_canceled	0
1781386102	snap	3200	sdk	usermention	send_other	0
1781386102	snap	3200	sdk	usermention	buffer_depth	0
0
1781386102	snap	3200	sdk	usermention	cp_received	1033111
1781386102	snap	3200	sdk	usermention	lp_received	0
1781386102	snap	3200	sdk	usermention	cp_sent	324419
1781386102	snap	3200	sdk	usermention	lp_sent	0
1781386102	snap	3200	sdk	usermention	cp_dropped	708692
1781386102	snap	3200	sdk	usermention	lp_dropped	0
1781386102	snap	3200	sdk	usertimeline	spans_received	1033102
1781386102	snap	3200	sdk	usertimeline	spans_sent	429107
1781386102	snap	3200	sdk	usertimeline	spans_dropped	603995
1781386102	snap	3200	sdk	usertimeline	spans_flushed	1033102
1781386102	snap	3200	sdk	usertimeline	batches_sent	2887
1781386102	snap	3200	sdk	usertimeline	batches_dropped	2332
1781386102	snap	3200	sdk	usertimeline	send_unavailable	2332
1781386102	snap	3200	sdk	usertimeline	send_deadline	0
1781386102	snap	3200	sdk	usertimeline	send_exhausted	0
1781386102	snap	3200	sdk	usertimeline	send_canceled	0
1781386102	snap	3200	sdk	usertimeline	send_other	0
1781386102	snap	3200	sdk	usertimeline	buffer_depth	0
0
1781386102	snap	3200	sdk	usertimeline	cp_received	1033102
1781386102	snap	3200	sdk	usertimeline	lp_received	0
1781386102	snap	3200	sdk	usertimeline	cp_sent	429107
1781386102	snap	3200	sdk	usertimeline	lp_sent	0
1781386102	snap	3200	sdk	usertimeline	cp_dropped	603995
1781386102	snap	3200	sdk	usertimeline	lp_dropped	0
1781386108	snap	3400	otelcol	otelcol-sb-esrev1-ctr-w5r65	otelcol_processor_incoming_items	1146936
1781386108	snap	3400	otelcol	otelcol-sb-esrev1-ctr-w5r65	otelcol_processor_batch_batch_send_size_sum	550920
1781386108	snap	3400	otelcol	otelcol-sb-esrev1-ctr-w5r65	otelcol_processor_outgoing_items	550920
1781386108	snap	3400	otelcol	otelcol-sb-esrev1-ctr-w5r65	otelcol_processor_batch_metadata_cardinality	1
1781386108	snap	3400	otelcol	otelcol-sb-esrev1-ctr-w5r65	otelcol_process_cpu_seconds	21
1781386108	snap	3400	otelcol	otelcol-sb-esrev1-ctr-w5r65	otelcol_processor_batch_timeout_trigger_send	1634
1781386108	snap	3400	otelcol	otelcol-sb-esrev1-ctr-w5r65	otelcol_receiver_refused_spans	596016
1781386108	snap	3400	otelcol	otelcol-sb-esrev1-ctr-w5r65	otelcol_process_runtime_total_sys_memory_bytes	197527864
1781386108	snap	3400	otelcol	otelcol-sb-esrev1-ctr-w5r65	otelcol_exporter_sent_spans	272485
1781386108	snap	3400	otelcol	otelcol-sb-esrev1-ctr-w5r65	otelcol_exporter_queue_size	600
1781386108	snap	3400	otelcol	otelcol-sb-esrev1-ctr-w5r65	otelcol_receiver_accepted_spans	550920
1781386108	snap	3400	otelcol	otelcol-sb-esrev1-ctr-w5r65	otelcol_process_uptime	716
1781386108	snap	3400	otelcol	otelcol-sb-esrev1-ctr-w5r65	otelcol_process_runtime_total_alloc_bytes	707255368
1781386108	snap	3400	otelcol	otelcol-sb-esrev1-ctr-w5r65	otelcol_process_runtime_heap_alloc_bytes	143577240
1781386108	snap	3400	otelcol	otelcol-sb-esrev1-ctr-w5r65	otelcol_exporter_send_failed_spans	0
1781386108	snap	3400	otelcol	otelcol-sb-esrev1-ctr-w5r65	otelcol_exporter_queue_batch_send_size_sum	550920
1781386108	snap	3400	otelcol	otelcol-sb-esrev1-ctr-w5r65	otelcol_receiver_failed_spans	0
1781386108	snap	3400	otelcol	otelcol-sb-esrev1-ctr-w5r65	otelcol_exporter_queue_capacity	1001
1781386108	snap	3400	otelcol	otelcol-sb-esrev1-ctr-w5r65	otelcol_process_memory_rss	324149248
1781386108	snap	3400	otelcol	otelcol-sb-esrev1-ctr-5hn7z	otelcol_processor_batch_metadata_cardinality	1
1781386108	snap	3400	otelcol	otelcol-sb-esrev1-ctr-5hn7z	otelcol_exporter_queue_capacity	1001
1781386108	snap	3400	otelcol	otelcol-sb-esrev1-ctr-5hn7z	otelcol_exporter_queue_batch_send_size_sum	429107
1781386108	snap	3400	otelcol	otelcol-sb-esrev1-ctr-5hn7z	otelcol_exporter_send_failed_spans	0
1781386108	snap	3400	otelcol	otelcol-sb-esrev1-ctr-5hn7z	otelcol_processor_batch_batch_send_size_sum	429107
1781386108	snap	3400	otelcol	otelcol-sb-esrev1-ctr-5hn7z	otelcol_processor_batch_timeout_trigger_send	1449
1781386108	snap	3400	otelcol	otelcol-sb-esrev1-ctr-5hn7z	otelcol_process_cpu_seconds	21
1781386108	snap	3400	otelcol	otelcol-sb-esrev1-ctr-5hn7z	otelcol_process_uptime	715
1781386108	snap	3400	otelcol	otelcol-sb-esrev1-ctr-5hn7z	otelcol_exporter_sent_spans	149126
1781386108	snap	3400	otelcol	otelcol-sb-esrev1-ctr-5hn7z	otelcol_receiver_failed_spans	0
1781386108	snap	3400	otelcol	otelcol-sb-esrev1-ctr-5hn7z	otelcol_process_runtime_total_sys_memory_bytes	197237032
1781386108	snap	3400	otelcol	otelcol-sb-esrev1-ctr-5hn7z	otelcol_receiver_refused_spans	603995
1781386108	snap	3400	otelcol	otelcol-sb-esrev1-ctr-5hn7z	otelcol_process_memory_rss	327249920
1781386108	snap	3400	otelcol	otelcol-sb-esrev1-ctr-5hn7z	otelcol_processor_incoming_items	1033102
1781386108	snap	3400	otelcol	otelcol-sb-esrev1-ctr-5hn7z	otelcol_process_runtime_total_alloc_bytes	643148792
1781386108	snap	3400	otelcol	otelcol-sb-esrev1-ctr-5hn7z	otelcol_process_runtime_heap_alloc_bytes	146179664
1781386108	snap	3400	otelcol	otelcol-sb-esrev1-ctr-5hn7z	otelcol_receiver_accepted_spans	429107
1781386108	snap	3400	otelcol	otelcol-sb-esrev1-ctr-5hn7z	otelcol_processor_outgoing_items	429107
1781386108	snap	3400	otelcol	otelcol-sb-esrev1-ctr-5hn7z	otelcol_exporter_queue_size	610
1781386108	snap	3400	otelcol	otelcol-sb-esrev1-ctr-m57hx	otelcol_process_memory_rss	179331072
1781386108	snap	3400	otelcol	otelcol-sb-esrev1-ctr-m57hx	otelcol_process_runtime_total_sys_memory_bytes	48269592
1781386108	snap	3400	otelcol	otelcol-sb-esrev1-ctr-m57hx	otelcol_exporter_queue_size	0
1781386108	snap	3400	otelcol	otelcol-sb-esrev1-ctr-m57hx	otelcol_exporter_queue_capacity	1001
1781386108	snap	3400	otelcol	otelcol-sb-esrev1-ctr-m57hx	otelcol_process_runtime_total_alloc_bytes	43742480
1781386108	snap	3400	otelcol	otelcol-sb-esrev1-ctr-m57hx	otelcol_process_uptime	714
1781386108	snap	3400	otelcol	otelcol-sb-esrev1-ctr-m57hx	otelcol_process_cpu_seconds	5
1781386108	snap	3400	otelcol	otelcol-sb-esrev1-ctr-m57hx	otelcol_processor_batch_metadata_cardinality	1
1781386108	snap	3400	otelcol	otelcol-sb-esrev1-ctr-m57hx	otelcol_process_runtime_heap_alloc_bytes	19593792
1781386108	snap	3400	otelcol	otelcol-sb-esrev1-ctr-9j7x7	otelcol_process_cpu_seconds	188
1781386108	snap	3400	otelcol	otelcol-sb-esrev1-ctr-9j7x7	otelcol_exporter_send_failed_spans	0
1781386108	snap	3400	otelcol	otelcol-sb-esrev1-ctr-9j7x7	otelcol_processor_incoming_items	14778993
1781386108	snap	3400	otelcol	otelcol-sb-esrev1-ctr-9j7x7	otelcol_process_memory_rss	322179072
1781386108	snap	3400	otelcol	otelcol-sb-esrev1-ctr-9j7x7	otelcol_exporter_sent_spans	541288
1781386108	snap	3400	otelcol	otelcol-sb-esrev1-ctr-9j7x7	otelcol_exporter_queue_batch_send_size_sum	829209
1781386108	snap	3400	otelcol	otelcol-sb-esrev1-ctr-9j7x7	otelcol_processor_outgoing_items	829209
1781386108	snap	3400	otelcol	otelcol-sb-esrev1-ctr-9j7x7	otelcol_processor_batch_batch_send_size_sum	829209
1781386108	snap	3400	otelcol	otelcol-sb-esrev1-ctr-9j7x7	otelcol_process_runtime_heap_alloc_bytes	143037848
1781386108	snap	3400	otelcol	otelcol-sb-esrev1-ctr-9j7x7	otelcol_process_runtime_total_sys_memory_bytes	229501240
1781386108	snap	3400	otelcol	otelcol-sb-esrev1-ctr-9j7x7	otelcol_receiver_refused_spans	13949784
1781386108	snap	3400	otelcol	otelcol-sb-esrev1-ctr-9j7x7	otelcol_processor_batch_metadata_cardinality	1
1781386108	snap	3400	otelcol	otelcol-sb-esrev1-ctr-9j7x7	otelcol_receiver_failed_spans	0
1781386108	snap	3400	otelcol	otelcol-sb-esrev1-ctr-9j7x7	otelcol_processor_batch_timeout_trigger_send	1194
1781386108	snap	3400	otelcol	otelcol-sb-esrev1-ctr-9j7x7	otelcol_exporter_queue_size	166
1781386108	snap	3400	otelcol	otelcol-sb-esrev1-ctr-9j7x7	otelcol_receiver_accepted_spans	829209
1781386108	snap	3400	otelcol	otelcol-sb-esrev1-ctr-9j7x7	otelcol_process_uptime	715
1781386108	snap	3400	otelcol	otelcol-sb-esrev1-ctr-9j7x7	otelcol_process_runtime_total_alloc_bytes	10390624056
1781386108	snap	3400	otelcol	otelcol-sb-esrev1-ctr-9j7x7	otelcol_exporter_queue_capacity	1001
1781386108	snap	3400	otelcol	otelcol-sb-esrev1-ctr-rbg9n	otelcol_exporter_queue_capacity	1001
1781386108	snap	3400	otelcol	otelcol-sb-esrev1-ctr-rbg9n	otelcol_process_cpu_seconds	180
1781386108	snap	3400	otelcol	otelcol-sb-esrev1-ctr-rbg9n	otelcol_exporter_send_failed_spans	0
1781386108	snap	3400	otelcol	otelcol-sb-esrev1-ctr-rbg9n	otelcol_receiver_refused_spans	6862182
1781386108	snap	3400	otelcol	otelcol-sb-esrev1-ctr-rbg9n	otelcol_process_runtime_total_alloc_bytes	7405823920
1781386108	snap	3400	otelcol	otelcol-sb-esrev1-ctr-rbg9n	otelcol_process_memory_rss	322457600
1781386108	snap	3400	otelcol	otelcol-sb-esrev1-ctr-rbg9n	otelcol_processor_batch_metadata_cardinality	1
1781386108	snap	3400	otelcol	otelcol-sb-esrev1-ctr-rbg9n	otelcol_processor_batch_timeout_trigger_send	903
1781386108	snap	3400	otelcol	otelcol-sb-esrev1-ctr-rbg9n	otelcol_receiver_failed_spans	0
1781386108	snap	3400	otelcol	otelcol-sb-esrev1-ctr-rbg9n	otelcol_processor_batch_batch_size_trigger_send	1
1781386108	snap	3400	otelcol	otelcol-sb-esrev1-ctr-rbg9n	otelcol_process_runtime_heap_alloc_bytes	135000200
1781386108	snap	3400	otelcol	otelcol-sb-esrev1-ctr-rbg9n	otelcol_exporter_sent_spans	1133811
1781386108	snap	3400	otelcol	otelcol-sb-esrev1-ctr-rbg9n	otelcol_processor_incoming_items	8251372
1781386108	snap	3400	otelcol	otelcol-sb-esrev1-ctr-rbg9n	otelcol_processor_outgoing_items	1389190
1781386108	snap	3400	otelcol	otelcol-sb-esrev1-ctr-rbg9n	otelcol_receiver_accepted_spans	1389190
1781386108	snap	3400	otelcol	otelcol-sb-esrev1-ctr-rbg9n	otelcol_processor_batch_batch_send_size_sum	1389190
1781386108	snap	3400	otelcol	otelcol-sb-esrev1-ctr-rbg9n	otelcol_process_uptime	713
1781386108	snap	3400	otelcol	otelcol-sb-esrev1-ctr-rbg9n	otelcol_exporter_queue_size	78
1781386108	snap	3400	otelcol	otelcol-sb-esrev1-ctr-rbg9n	otelcol_exporter_queue_batch_send_size_sum	1389190
1781386108	snap	3400	otelcol	otelcol-sb-esrev1-ctr-rbg9n	otelcol_process_runtime_total_sys_memory_bytes	237828424
1781386108	snap	3400	otelcol	otelcol-sb-esrev1-ctr-qd64d	otelcol_receiver_accepted_spans	647602
1781386108	snap	3400	otelcol	otelcol-sb-esrev1-ctr-qd64d	otelcol_process_runtime_total_sys_memory_bytes	198101304
1781386108	snap	3400	otelcol	otelcol-sb-esrev1-ctr-qd64d	otelcol_processor_incoming_items	2066222
1781386108	snap	3400	otelcol	otelcol-sb-esrev1-ctr-qd64d	otelcol_process_uptime	715
1781386108	snap	3400	otelcol	otelcol-sb-esrev1-ctr-qd64d	otelcol_exporter_send_failed_spans	0
1781386108	snap	3400	otelcol	otelcol-sb-esrev1-ctr-qd64d	otelcol_exporter_queue_capacity	1001
1781386108	snap	3400	otelcol	otelcol-sb-esrev1-ctr-qd64d	otelcol_processor_outgoing_items	647602
1781386108	snap	3400	otelcol	otelcol-sb-esrev1-ctr-qd64d	otelcol_exporter_queue_size	328
1781386108	snap	3400	otelcol	otelcol-sb-esrev1-ctr-qd64d	otelcol_processor_batch_metadata_cardinality	1
1781386108	snap	3400	otelcol	otelcol-sb-esrev1-ctr-qd64d	otelcol_processor_batch_timeout_trigger_send	1234
1781386108	snap	3400	otelcol	otelcol-sb-esrev1-ctr-qd64d	otelcol_process_runtime_heap_alloc_bytes	135731344
1781386108	snap	3400	otelcol	otelcol-sb-esrev1-ctr-qd64d	otelcol_processor_batch_batch_send_size_sum	647602
1781386108	snap	3400	otelcol	otelcol-sb-esrev1-ctr-qd64d	otelcol_process_memory_rss	319725568
1781386108	snap	3400	otelcol	otelcol-sb-esrev1-ctr-qd64d	otelcol_receiver_refused_spans	1418620
1781386108	snap	3400	otelcol	otelcol-sb-esrev1-ctr-qd64d	otelcol_process_cpu_seconds	35
1781386108	snap	3400	otelcol	otelcol-sb-esrev1-ctr-qd64d	otelcol_exporter_queue_batch_send_size_sum	647602
1781386108	snap	3400	otelcol	otelcol-sb-esrev1-ctr-qd64d	otelcol_receiver_failed_spans	0
1781386108	snap	3400	otelcol	otelcol-sb-esrev1-ctr-qd64d	otelcol_exporter_sent_spans	355652
1781386108	snap	3400	otelcol	otelcol-sb-esrev1-ctr-qd64d	otelcol_process_runtime_total_alloc_bytes	1327860184
1781386108	snap	3400	otelcol	otelcol-sb-esrev1-ctr-jjcwc	otelcol_process_runtime_total_alloc_bytes	650106720
1781386108	snap	3400	otelcol	otelcol-sb-esrev1-ctr-jjcwc	otelcol_process_runtime_heap_alloc_bytes	140865224
1781386108	snap	3400	otelcol	otelcol-sb-esrev1-ctr-jjcwc	otelcol_receiver_failed_spans	0
1781386108	snap	3400	otelcol	otelcol-sb-esrev1-ctr-jjcwc	otelcol_process_memory_rss	322670592
1781386108	snap	3400	otelcol	otelcol-sb-esrev1-ctr-jjcwc	otelcol_exporter_queue_size	610
1781386108	snap	3400	otelcol	otelcol-sb-esrev1-ctr-jjcwc	otelcol_receiver_accepted_spans	446393
1781386108	snap	3400	otelcol	otelcol-sb-esrev1-ctr-jjcwc	otelcol_processor_incoming_items	1033111
1781386108	snap	3400	otelcol	otelcol-sb-esrev1-ctr-jjcwc	otelcol_processor_batch_metadata_cardinality	1
1781386108	snap	3400	otelcol	otelcol-sb-esrev1-ctr-jjcwc	otelcol_exporter_queue_capacity	1001
1781386108	snap	3400	otelcol	otelcol-sb-esrev1-ctr-jjcwc	otelcol_processor_outgoing_items	446393
1781386108	snap	3400	otelcol	otelcol-sb-esrev1-ctr-jjcwc	otelcol_processor_batch_timeout_trigger_send	1472
1781386108	snap	3400	otelcol	otelcol-sb-esrev1-ctr-jjcwc	otelcol_process_runtime_total_sys_memory_bytes	197265720
1781386108	snap	3400	otelcol	otelcol-sb-esrev1-ctr-jjcwc	otelcol_receiver_refused_spans	586718
1781386108	snap	3400	otelcol	otelcol-sb-esrev1-ctr-jjcwc	otelcol_exporter_send_failed_spans	0
1781386108	snap	3400	otelcol	otelcol-sb-esrev1-ctr-jjcwc	otelcol_exporter_queue_batch_send_size_sum	446393
1781386108	snap	3400	otelcol	otelcol-sb-esrev1-ctr-jjcwc	otelcol_processor_batch_batch_send_size_sum	446393
1781386108	snap	3400	otelcol	otelcol-sb-esrev1-ctr-jjcwc	otelcol_process_cpu_seconds	20
1781386108	snap	3400	otelcol	otelcol-sb-esrev1-ctr-jjcwc	otelcol_process_uptime	715
1781386108	snap	3400	otelcol	otelcol-sb-esrev1-ctr-jjcwc	otelcol_exporter_sent_spans	158942
1781386108	snap	3400	otelcol	otelcol-sb-esrev1-ctr-64dpb	otelcol_exporter_queue_batch_send_size_sum	443088
1781386108	snap	3400	otelcol	otelcol-sb-esrev1-ctr-64dpb	otelcol_exporter_send_failed_spans	0
1781386108	snap	3400	otelcol	otelcol-sb-esrev1-ctr-64dpb	otelcol_exporter_queue_size	610
1781386108	snap	3400	otelcol	otelcol-sb-esrev1-ctr-64dpb	otelcol_process_runtime_total_alloc_bytes	615922944
1781386108	snap	3400	otelcol	otelcol-sb-esrev1-ctr-64dpb	otelcol_processor_batch_metadata_cardinality	1
1781386108	snap	3400	otelcol	otelcol-sb-esrev1-ctr-64dpb	otelcol_process_runtime_heap_alloc_bytes	145215376
1781386108	snap	3400	otelcol	otelcol-sb-esrev1-ctr-64dpb	otelcol_processor_batch_timeout_trigger_send	1463
1781386108	snap	3400	otelcol	otelcol-sb-esrev1-ctr-64dpb	otelcol_process_memory_rss	327663616
1781386108	snap	3400	otelcol	otelcol-sb-esrev1-ctr-64dpb	otelcol_receiver_refused_spans	590014
1781386108	snap	3400	otelcol	otelcol-sb-esrev1-ctr-64dpb	otelcol_receiver_failed_spans	0
1781386108	snap	3400	otelcol	otelcol-sb-esrev1-ctr-64dpb	otelcol_receiver_accepted_spans	443088
1781386108	snap	3400	otelcol	otelcol-sb-esrev1-ctr-64dpb	otelcol_processor_incoming_items	1033102
1781386108	snap	3400	otelcol	otelcol-sb-esrev1-ctr-64dpb	otelcol_process_cpu_seconds	20
1781386108	snap	3400	otelcol	otelcol-sb-esrev1-ctr-64dpb	otelcol_exporter_queue_capacity	1001
1781386108	snap	3400	otelcol	otelcol-sb-esrev1-ctr-64dpb	otelcol_processor_outgoing_items	443088
1781386108	snap	3400	otelcol	otelcol-sb-esrev1-ctr-64dpb	otelcol_processor_batch_batch_send_size_sum	443088
1781386108	snap	3400	otelcol	otelcol-sb-esrev1-ctr-64dpb	otelcol_process_uptime	715
1781386108	snap	3400	otelcol	otelcol-sb-esrev1-ctr-64dpb	otelcol_process_runtime_total_sys_memory_bytes	196409640
1781386108	snap	3400	otelcol	otelcol-sb-esrev1-ctr-64dpb	otelcol_exporter_sent_spans	155698
1781386108	snap	3400	otelcol	otelcol-sb-esrev1-ctr-lmnfn	otelcol_processor_batch_timeout_trigger_send	1679
1781386108	snap	3400	otelcol	otelcol-sb-esrev1-ctr-lmnfn	otelcol_processor_batch_batch_send_size_sum	892318
1781386108	snap	3400	otelcol	otelcol-sb-esrev1-ctr-lmnfn	otelcol_process_runtime_total_alloc_bytes	2553087040
1781386108	snap	3400	otelcol	otelcol-sb-esrev1-ctr-lmnfn	otelcol_process_runtime_heap_alloc_bytes	144430248
1781386108	snap	3400	otelcol	otelcol-sb-esrev1-ctr-lmnfn	otelcol_exporter_queue_batch_send_size_sum	892318
1781386108	snap	3400	otelcol	otelcol-sb-esrev1-ctr-lmnfn	otelcol_process_uptime	714
1781386108	snap	3400	otelcol	otelcol-sb-esrev1-ctr-lmnfn	otelcol_process_cpu_seconds	52
1781386108	snap	3400	otelcol	otelcol-sb-esrev1-ctr-lmnfn	otelcol_exporter_send_failed_spans	0
1781386108	snap	3400	otelcol	otelcol-sb-esrev1-ctr-lmnfn	otelcol_exporter_sent_spans	603549
1781386108	snap	3400	otelcol	otelcol-sb-esrev1-ctr-lmnfn	otelcol_receiver_refused_spans	3315392
1781386108	snap	3400	otelcol	otelcol-sb-esrev1-ctr-lmnfn	otelcol_processor_incoming_items	4207710
1781386108	snap	3400	otelcol	otelcol-sb-esrev1-ctr-lmnfn	otelcol_receiver_accepted_spans	892318
1781386108	snap	3400	otelcol	otelcol-sb-esrev1-ctr-lmnfn	otelcol_processor_outgoing_items	892318
1781386108	snap	3400	otelcol	otelcol-sb-esrev1-ctr-lmnfn	otelcol_process_runtime_total_sys_memory_bytes	206752056
1781386108	snap	3400	otelcol	otelcol-sb-esrev1-ctr-lmnfn	otelcol_process_memory_rss	320548864
1781386108	snap	3400	otelcol	otelcol-sb-esrev1-ctr-lmnfn	otelcol_receiver_failed_spans	0
1781386108	snap	3400	otelcol	otelcol-sb-esrev1-ctr-lmnfn	otelcol_processor_batch_metadata_cardinality	1
1781386108	snap	3400	otelcol	otelcol-sb-esrev1-ctr-lmnfn	otelcol_exporter_queue_size	626
1781386108	snap	3400	otelcol	otelcol-sb-esrev1-ctr-lmnfn	otelcol_exporter_queue_capacity	1001
1781386108	snap	3400	k8s	otelcol-sb-esrev1-ctr-5hn7z	restart_count	0
1781386108	snap	3400	k8s	otelcol-sb-esrev1-ctr-64dpb	restart_count	0
1781386108	snap	3400	k8s	otelcol-sb-esrev1-ctr-9j7x7	restart_count	0
1781386108	snap	3400	k8s	otelcol-sb-esrev1-ctr-jjcwc	restart_count	0
1781386108	snap	3400	k8s	otelcol-sb-esrev1-ctr-lmnfn	restart_count	0
1781386108	snap	3400	k8s	otelcol-sb-esrev1-ctr-m57hx	restart_count	0
1781386108	snap	3400	k8s	otelcol-sb-esrev1-ctr-qd64d	restart_count	0
1781386108	snap	3400	k8s	otelcol-sb-esrev1-ctr-rbg9n	restart_count	0
1781386108	snap	3400	k8s	otelcol-sb-esrev1-ctr-w5r65	restart_count	0
1781386108	snap	3400	sdk	wrk2api	spans_received	2143385
1781386108	snap	3400	sdk	wrk2api	spans_sent	616565
1781386108	snap	3400	sdk	wrk2api	spans_dropped	0
1781386108	snap	3400	sdk	wrk2api	spans_flushed	2143385
1781386108	snap	3400	sdk	wrk2api	batches_sent	4857
1781386108	snap	3400	sdk	wrk2api	batches_dropped	0
1781386108	snap	3400	sdk	wrk2api	send_unavailable	0
1781386108	snap	3400	sdk	wrk2api	send_deadline	0
1781386108	snap	3400	sdk	wrk2api	send_exhausted	0
1781386108	snap	3400	sdk	wrk2api	send_canceled	0
1781386108	snap	3400	sdk	wrk2api	send_other	0
1781386108	snap	3400	sdk	wrk2api	buffer_depth	0
0
1781386108	snap	3400	sdk	wrk2api	cp_received	1071688
1781386108	snap	3400	sdk	wrk2api	lp_received	1071697
1781386108	snap	3400	sdk	wrk2api	cp_sent	441066
1781386108	snap	3400	sdk	wrk2api	lp_sent	175499
1781386108	snap	3400	sdk	wrk2api	cp_dropped	0
1781386108	snap	3400	sdk	wrk2api	lp_dropped	0
1781386108	snap	3400	sdk	composepost	spans_received	8264879
1781386108	snap	3400	sdk	composepost	spans_sent	1243513
1781386108	snap	3400	sdk	composepost	spans_dropped	7021366
1781386108	snap	3400	sdk	composepost	spans_flushed	8264879
1781386108	snap	3400	sdk	composepost	batches_sent	13422
1781386108	snap	3400	sdk	composepost	batches_dropped	27946
1781386108	snap	3400	sdk	composepost	send_unavailable	16811
1781386108	snap	3400	sdk	composepost	send_deadline	11135
1781386108	snap	3400	sdk	composepost	send_exhausted	0
1781386108	snap	3400	sdk	composepost	send_canceled	0
1781386108	snap	3400	sdk	composepost	send_other	0
1781386108	snap	3400	sdk	composepost	buffer_depth	0
0
1781386108	snap	3400	sdk	composepost	cp_received	7231768
1781386108	snap	3400	sdk	composepost	lp_received	1033111
1781386108	snap	3400	sdk	composepost	cp_sent	1174264
1781386108	snap	3400	sdk	composepost	lp_sent	69249
1781386108	snap	3400	sdk	composepost	cp_dropped	6057504
1781386108	snap	3400	sdk	composepost	lp_dropped	963862
1781386108	snap	3400	sdk	hometimeline	spans_received	2066204
1781386108	snap	3400	sdk	hometimeline	spans_sent	138442
1781386108	snap	3400	sdk	hometimeline	spans_dropped	1927762
1781386108	snap	3400	sdk	hometimeline	spans_flushed	2066204
1781386108	snap	3400	sdk	hometimeline	batches_sent	2574
1781386108	snap	3400	sdk	hometimeline	batches_dropped	7771
1781386108	snap	3400	sdk	hometimeline	send_unavailable	7416
1781386108	snap	3400	sdk	hometimeline	send_deadline	355
1781386108	snap	3400	sdk	hometimeline	send_exhausted	0
1781386108	snap	3400	sdk	hometimeline	send_canceled	0
1781386108	snap	3400	sdk	hometimeline	send_other	0
1781386108	snap	3400	sdk	hometimeline	buffer_depth	0
0
1781386108	snap	3400	sdk	hometimeline	cp_received	0
1781386108	snap	3400	sdk	hometimeline	lp_received	2066204
1781386108	snap	3400	sdk	hometimeline	cp_sent	0
1781386108	snap	3400	sdk	hometimeline	lp_sent	138442
1781386108	snap	3400	sdk	hometimeline	cp_dropped	0
1781386108	snap	3400	sdk	hometimeline	lp_dropped	1927762
1781386108	snap	3400	sdk	media	spans_received	1033111
1781386108	snap	3400	sdk	media	spans_sent	457883
1781386108	snap	3400	sdk	media	spans_dropped	575228
1781386108	snap	3400	sdk	media	spans_flushed	1033111
1781386108	snap	3400	sdk	media	batches_sent	2924
1781386108	snap	3400	sdk	media	batches_dropped	2235
1781386108	snap	3400	sdk	media	send_unavailable	2235
1781386108	snap	3400	sdk	media	send_deadline	0
1781386108	snap	3400	sdk	media	send_exhausted	0
1781386108	snap	3400	sdk	media	send_canceled	0
1781386108	snap	3400	sdk	media	send_other	0
1781386108	snap	3400	sdk	media	buffer_depth	0
0
1781386108	snap	3400	sdk	media	cp_received	1033111
1781386108	snap	3400	sdk	media	lp_received	0
1781386108	snap	3400	sdk	media	cp_sent	457883
1781386108	snap	3400	sdk	media	lp_sent	0
1781386108	snap	3400	sdk	media	cp_dropped	575228
1781386108	snap	3400	sdk	media	lp_dropped	0
1781386108	snap	3400	sdk	post-storage	spans_received	1033102
1781386108	snap	3400	sdk	post-storage	spans_sent	443088
1781386108	snap	3400	sdk	post-storage	spans_dropped	590014
1781386108	snap	3400	sdk	post-storage	spans_flushed	1033102
1781386108	snap	3400	sdk	post-storage	batches_sent	2927
1781386108	snap	3400	sdk	post-storage	batches_dropped	2250
1781386108	snap	3400	sdk	post-storage	send_unavailable	2250
1781386108	snap	3400	sdk	post-storage	send_deadline	0
1781386108	snap	3400	sdk	post-storage	send_exhausted	0
1781386108	snap	3400	sdk	post-storage	send_canceled	0
1781386108	snap	3400	sdk	post-storage	send_other	0
1781386108	snap	3400	sdk	post-storage	buffer_depth	0
0
1781386108	snap	3400	sdk	post-storage	cp_received	1033102
1781386108	snap	3400	sdk	post-storage	lp_received	0
1781386108	snap	3400	sdk	post-storage	cp_sent	443088
1781386108	snap	3400	sdk	post-storage	lp_sent	0
1781386108	snap	3400	sdk	post-storage	cp_dropped	590014
1781386108	snap	3400	sdk	post-storage	lp_dropped	0
1781386108	snap	3400	sdk	socialgraph	spans_received	1146936
1781386108	snap	3400	sdk	socialgraph	spans_sent	550920
1781386108	snap	3400	sdk	socialgraph	spans_dropped	596016
1781386108	snap	3400	sdk	socialgraph	spans_flushed	1146936
1781386108	snap	3400	sdk	socialgraph	batches_sent	3412
1781386108	snap	3400	sdk	socialgraph	batches_dropped	2271
1781386108	snap	3400	sdk	socialgraph	send_unavailable	2271
1781386108	snap	3400	sdk	socialgraph	send_deadline	0
1781386108	snap	3400	sdk	socialgraph	send_exhausted	0
1781386108	snap	3400	sdk	socialgraph	send_canceled	0
1781386108	snap	3400	sdk	socialgraph	send_other	0
1781386108	snap	3400	sdk	socialgraph	buffer_depth	0
0
1781386108	snap	3400	sdk	socialgraph	cp_received	1109312
1781386108	snap	3400	sdk	socialgraph	lp_received	37624
1781386108	snap	3400	sdk	socialgraph	cp_sent	516460
1781386108	snap	3400	sdk	socialgraph	lp_sent	34460
1781386108	snap	3400	sdk	socialgraph	cp_dropped	592852
1781386108	snap	3400	sdk	socialgraph	lp_dropped	3164
1781386108	snap	3400	sdk	text	spans_received	3099351
1781386108	snap	3400	sdk	text	spans_sent	359187
1781386108	snap	3400	sdk	text	spans_dropped	2740164
1781386108	snap	3400	sdk	text	spans_flushed	3099351
1781386108	snap	3400	sdk	text	batches_sent	4632
1781386108	snap	3400	sdk	text	batches_dropped	10885
1781386108	snap	3400	sdk	text	send_unavailable	10885
1781386108	snap	3400	sdk	text	send_deadline	0
1781386108	snap	3400	sdk	text	send_exhausted	0
1781386108	snap	3400	sdk	text	send_canceled	0
1781386108	snap	3400	sdk	text	send_other	0
1781386108	snap	3400	sdk	text	buffer_depth	0
0
1781386108	snap	3400	sdk	text	cp_received	0
1781386108	snap	3400	sdk	text	lp_received	3099351
1781386108	snap	3400	sdk	text	cp_sent	0
1781386108	snap	3400	sdk	text	lp_sent	359187
1781386108	snap	3400	sdk	text	cp_dropped	0
1781386108	snap	3400	sdk	text	lp_dropped	2740164
1781386108	snap	3400	sdk	uniqueid	spans_received	1033111
1781386108	snap	3400	sdk	uniqueid	spans_sent	323183
1781386108	snap	3400	sdk	uniqueid	spans_dropped	709928
1781386108	snap	3400	sdk	uniqueid	spans_flushed	1033111
1781386108	snap	3400	sdk	uniqueid	batches_sent	2407
1781386108	snap	3400	sdk	uniqueid	batches_dropped	2762
1781386108	snap	3400	sdk	uniqueid	send_unavailable	2762
1781386108	snap	3400	sdk	uniqueid	send_deadline	0
1781386108	snap	3400	sdk	uniqueid	send_exhausted	0
1781386108	snap	3400	sdk	uniqueid	send_canceled	0
1781386108	snap	3400	sdk	uniqueid	send_other	0
1781386108	snap	3400	sdk	uniqueid	buffer_depth	0
0
1781386108	snap	3400	sdk	uniqueid	cp_received	1033111
1781386108	snap	3400	sdk	uniqueid	lp_received	0
1781386108	snap	3400	sdk	uniqueid	cp_sent	323183
1781386108	snap	3400	sdk	uniqueid	lp_sent	0
1781386108	snap	3400	sdk	uniqueid	cp_dropped	709928
1781386108	snap	3400	sdk	uniqueid	lp_dropped	0
1781386108	snap	3400	sdk	urlshorten	spans_received	1033111
1781386108	snap	3400	sdk	urlshorten	spans_sent	446393
1781386108	snap	3400	sdk	urlshorten	spans_dropped	586718
1781386108	snap	3400	sdk	urlshorten	spans_flushed	1033111
1781386108	snap	3400	sdk	urlshorten	batches_sent	2933
1781386108	snap	3400	sdk	urlshorten	batches_dropped	2221
1781386108	snap	3400	sdk	urlshorten	send_unavailable	2221
1781386108	snap	3400	sdk	urlshorten	send_deadline	0
1781386108	snap	3400	sdk	urlshorten	send_exhausted	0
1781386108	snap	3400	sdk	urlshorten	send_canceled	0
1781386108	snap	3400	sdk	urlshorten	send_other	0
1781386108	snap	3400	sdk	urlshorten	buffer_depth	0
0
1781386108	snap	3400	sdk	urlshorten	cp_received	1033111
1781386108	snap	3400	sdk	urlshorten	lp_received	0
1781386108	snap	3400	sdk	urlshorten	cp_sent	446393
1781386108	snap	3400	sdk	urlshorten	lp_sent	0
1781386108	snap	3400	sdk	urlshorten	cp_dropped	586718
1781386108	snap	3400	sdk	urlshorten	lp_dropped	0
1781386108	snap	3400	sdk	user	spans_received	1035035
1781386108	snap	3400	sdk	user	spans_sent	203710
1781386108	snap	3400	sdk	user	spans_dropped	831325
1781386108	snap	3400	sdk	user	spans_flushed	1035035
1781386108	snap	3400	sdk	user	batches_sent	1903
1781386108	snap	3400	sdk	user	batches_dropped	3267
1781386108	snap	3400	sdk	user	send_unavailable	3263
1781386108	snap	3400	sdk	user	send_deadline	4
1781386108	snap	3400	sdk	user	send_exhausted	0
1781386108	snap	3400	sdk	user	send_canceled	0
1781386108	snap	3400	sdk	user	send_other	0
1781386108	snap	3400	sdk	user	buffer_depth	0
0
1781386108	snap	3400	sdk	user	cp_received	1034073
1781386108	snap	3400	sdk	user	lp_received	962
1781386108	snap	3400	sdk	user	cp_sent	202748
1781386108	snap	3400	sdk	user	lp_sent	962
1781386108	snap	3400	sdk	user	cp_dropped	831325
1781386108	snap	3400	sdk	user	lp_dropped	0
1781386108	snap	3400	sdk	userid	spans_received	75248
1781386108	snap	3400	sdk	userid	spans_sent	75248
1781386108	snap	3400	sdk	userid	spans_dropped	0
1781386108	snap	3400	sdk	userid	spans_flushed	75248
1781386108	snap	3400	sdk	userid	batches_sent	250
1781386108	snap	3400	sdk	userid	batches_dropped	0
1781386108	snap	3400	sdk	userid	send_unavailable	0
1781386108	snap	3400	sdk	userid	send_deadline	0
1781386108	snap	3400	sdk	userid	send_exhausted	0
1781386108	snap	3400	sdk	userid	send_canceled	0
1781386108	snap	3400	sdk	userid	send_other	0
1781386108	snap	3400	sdk	userid	buffer_depth	0
0
1781386108	snap	3400	sdk	userid	cp_received	75248
1781386108	snap	3400	sdk	userid	lp_received	0
1781386108	snap	3400	sdk	userid	cp_sent	75248
1781386108	snap	3400	sdk	userid	lp_sent	0
1781386108	snap	3400	sdk	userid	cp_dropped	0
1781386108	snap	3400	sdk	userid	lp_dropped	0
1781386108	snap	3400	sdk	usermention	spans_received	1033111
1781386108	snap	3400	sdk	usermention	spans_sent	324419
1781386108	snap	3400	sdk	usermention	spans_dropped	708692
1781386108	snap	3400	sdk	usermention	spans_flushed	1033111
1781386108	snap	3400	sdk	usermention	batches_sent	2424
1781386108	snap	3400	sdk	usermention	batches_dropped	2754
1781386108	snap	3400	sdk	usermention	send_unavailable	2754
1781386108	snap	3400	sdk	usermention	send_deadline	0
1781386108	snap	3400	sdk	usermention	send_exhausted	0
1781386108	snap	3400	sdk	usermention	send_canceled	0
1781386108	snap	3400	sdk	usermention	send_other	0
1781386108	snap	3400	sdk	usermention	buffer_depth	0
0
1781386108	snap	3400	sdk	usermention	cp_received	1033111
1781386108	snap	3400	sdk	usermention	lp_received	0
1781386108	snap	3400	sdk	usermention	cp_sent	324419
1781386108	snap	3400	sdk	usermention	lp_sent	0
1781386108	snap	3400	sdk	usermention	cp_dropped	708692
1781386108	snap	3400	sdk	usermention	lp_dropped	0
1781386108	snap	3400	sdk	usertimeline	spans_received	1033102
1781386108	snap	3400	sdk	usertimeline	spans_sent	429107
1781386108	snap	3400	sdk	usertimeline	spans_dropped	603995
1781386108	snap	3400	sdk	usertimeline	spans_flushed	1033102
1781386108	snap	3400	sdk	usertimeline	batches_sent	2887
1781386108	snap	3400	sdk	usertimeline	batches_dropped	2332
1781386108	snap	3400	sdk	usertimeline	send_unavailable	2332
1781386108	snap	3400	sdk	usertimeline	send_deadline	0
1781386108	snap	3400	sdk	usertimeline	send_exhausted	0
1781386108	snap	3400	sdk	usertimeline	send_canceled	0
1781386108	snap	3400	sdk	usertimeline	send_other	0
1781386108	snap	3400	sdk	usertimeline	buffer_depth	0
0
1781386108	snap	3400	sdk	usertimeline	cp_received	1033102
1781386108	snap	3400	sdk	usertimeline	lp_received	0
1781386108	snap	3400	sdk	usertimeline	cp_sent	429107
1781386108	snap	3400	sdk	usertimeline	lp_sent	0
1781386108	snap	3400	sdk	usertimeline	cp_dropped	603995
1781386108	snap	3400	sdk	usertimeline	lp_dropped	0
1781386176	snap	3400	otelcol	otelcol-sb-esrev1-ctr-w5r65	otelcol_processor_incoming_items	1239600
1781386176	snap	3400	otelcol	otelcol-sb-esrev1-ctr-w5r65	otelcol_processor_batch_batch_send_size_sum	574296
1781386176	snap	3400	otelcol	otelcol-sb-esrev1-ctr-w5r65	otelcol_processor_outgoing_items	574296
1781386176	snap	3400	otelcol	otelcol-sb-esrev1-ctr-w5r65	otelcol_processor_batch_metadata_cardinality	1
1781386176	snap	3400	otelcol	otelcol-sb-esrev1-ctr-w5r65	otelcol_process_cpu_seconds	23
1781386176	snap	3400	otelcol	otelcol-sb-esrev1-ctr-w5r65	otelcol_processor_batch_timeout_trigger_send	1701
1781386176	snap	3400	otelcol	otelcol-sb-esrev1-ctr-w5r65	otelcol_receiver_refused_spans	665304
1781386176	snap	3400	otelcol	otelcol-sb-esrev1-ctr-w5r65	otelcol_process_runtime_total_sys_memory_bytes	197790008
1781386176	snap	3400	otelcol	otelcol-sb-esrev1-ctr-w5r65	otelcol_exporter_sent_spans	294183
1781386176	snap	3400	otelcol	otelcol-sb-esrev1-ctr-w5r65	otelcol_exporter_queue_size	618
1781386176	snap	3400	otelcol	otelcol-sb-esrev1-ctr-w5r65	otelcol_receiver_accepted_spans	574296
1781386176	snap	3400	otelcol	otelcol-sb-esrev1-ctr-w5r65	otelcol_process_uptime	784
1781386176	snap	3400	otelcol	otelcol-sb-esrev1-ctr-w5r65	otelcol_process_runtime_total_alloc_bytes	761871080
1781386176	snap	3400	otelcol	otelcol-sb-esrev1-ctr-w5r65	otelcol_process_runtime_heap_alloc_bytes	132710104
1781386176	snap	3400	otelcol	otelcol-sb-esrev1-ctr-w5r65	otelcol_exporter_send_failed_spans	0
1781386176	snap	3400	otelcol	otelcol-sb-esrev1-ctr-w5r65	otelcol_exporter_queue_batch_send_size_sum	574296
1781386176	snap	3400	otelcol	otelcol-sb-esrev1-ctr-w5r65	otelcol_receiver_failed_spans	0
1781386176	snap	3400	otelcol	otelcol-sb-esrev1-ctr-w5r65	otelcol_exporter_queue_capacity	1001
1781386176	snap	3400	otelcol	otelcol-sb-esrev1-ctr-w5r65	otelcol_process_memory_rss	322240512
1781386176	snap	3400	otelcol	otelcol-sb-esrev1-ctr-5hn7z	otelcol_processor_batch_metadata_cardinality	1
1781386176	snap	3400	otelcol	otelcol-sb-esrev1-ctr-5hn7z	otelcol_exporter_queue_capacity	1001
1781386176	snap	3400	otelcol	otelcol-sb-esrev1-ctr-5hn7z	otelcol_exporter_queue_batch_send_size_sum	454860
1781386176	snap	3400	otelcol	otelcol-sb-esrev1-ctr-5hn7z	otelcol_exporter_send_failed_spans	0
1781386176	snap	3400	otelcol	otelcol-sb-esrev1-ctr-5hn7z	otelcol_processor_batch_batch_send_size_sum	454860
1781386176	snap	3400	otelcol	otelcol-sb-esrev1-ctr-5hn7z	otelcol_processor_batch_timeout_trigger_send	1520
1781386176	snap	3400	otelcol	otelcol-sb-esrev1-ctr-5hn7z	otelcol_process_cpu_seconds	23
1781386176	snap	3400	otelcol	otelcol-sb-esrev1-ctr-5hn7z	otelcol_process_uptime	782
1781386176	snap	3400	otelcol	otelcol-sb-esrev1-ctr-5hn7z	otelcol_exporter_sent_spans	168160
1781386176	snap	3400	otelcol	otelcol-sb-esrev1-ctr-5hn7z	otelcol_receiver_failed_spans	0
1781386176	snap	3400	otelcol	otelcol-sb-esrev1-ctr-5hn7z	otelcol_process_runtime_total_sys_memory_bytes	197245224
1781386176	snap	3400	otelcol	otelcol-sb-esrev1-ctr-5hn7z	otelcol_receiver_refused_spans	670906
1781386176	snap	3400	otelcol	otelcol-sb-esrev1-ctr-5hn7z	otelcol_process_memory_rss	324628480
1781386176	snap	3400	otelcol	otelcol-sb-esrev1-ctr-5hn7z	otelcol_processor_incoming_items	1125766
1781386176	snap	3400	otelcol	otelcol-sb-esrev1-ctr-5hn7z	otelcol_process_runtime_total_alloc_bytes	693593816
1781386176	snap	3400	otelcol	otelcol-sb-esrev1-ctr-5hn7z	otelcol_process_runtime_heap_alloc_bytes	142185152
1781386176	snap	3400	otelcol	otelcol-sb-esrev1-ctr-5hn7z	otelcol_receiver_accepted_spans	454860
1781386176	snap	3400	otelcol	otelcol-sb-esrev1-ctr-5hn7z	otelcol_processor_outgoing_items	454860
1781386176	snap	3400	otelcol	otelcol-sb-esrev1-ctr-5hn7z	otelcol_exporter_queue_size	638
1781386176	snap	3400	otelcol	otelcol-sb-esrev1-ctr-m57hx	otelcol_process_memory_rss	179331072
1781386176	snap	3400	otelcol	otelcol-sb-esrev1-ctr-m57hx	otelcol_process_runtime_total_sys_memory_bytes	48269592
1781386176	snap	3400	otelcol	otelcol-sb-esrev1-ctr-m57hx	otelcol_exporter_queue_size	0
1781386176	snap	3400	otelcol	otelcol-sb-esrev1-ctr-m57hx	otelcol_exporter_queue_capacity	1001
1781386176	snap	3400	otelcol	otelcol-sb-esrev1-ctr-m57hx	otelcol_process_runtime_total_alloc_bytes	44640296
1781386176	snap	3400	otelcol	otelcol-sb-esrev1-ctr-m57hx	otelcol_process_uptime	781
1781386176	snap	3400	otelcol	otelcol-sb-esrev1-ctr-m57hx	otelcol_process_cpu_seconds	6
1781386176	snap	3400	otelcol	otelcol-sb-esrev1-ctr-m57hx	otelcol_processor_batch_metadata_cardinality	1
1781386176	snap	3400	otelcol	otelcol-sb-esrev1-ctr-m57hx	otelcol_process_runtime_heap_alloc_bytes	18651632
1781386176	snap	3400	otelcol	otelcol-sb-esrev1-ctr-9j7x7	otelcol_process_cpu_seconds	207
1781386176	snap	3400	otelcol	otelcol-sb-esrev1-ctr-9j7x7	otelcol_exporter_send_failed_spans	0
1781386176	snap	3400	otelcol	otelcol-sb-esrev1-ctr-9j7x7	otelcol_processor_incoming_items	15910978
1781386176	snap	3400	otelcol	otelcol-sb-esrev1-ctr-9j7x7	otelcol_process_memory_rss	317583360
1781386176	snap	3400	otelcol	otelcol-sb-esrev1-ctr-9j7x7	otelcol_exporter_sent_spans	602680
1781386176	snap	3400	otelcol	otelcol-sb-esrev1-ctr-9j7x7	otelcol_exporter_queue_batch_send_size_sum	877576
1781386176	snap	3400	otelcol	otelcol-sb-esrev1-ctr-9j7x7	otelcol_processor_outgoing_items	877576
1781386176	snap	3400	otelcol	otelcol-sb-esrev1-ctr-9j7x7	otelcol_processor_batch_batch_send_size_sum	877576
1781386176	snap	3400	otelcol	otelcol-sb-esrev1-ctr-9j7x7	otelcol_process_runtime_heap_alloc_bytes	124635944
1781386176	snap	3400	otelcol	otelcol-sb-esrev1-ctr-9j7x7	otelcol_process_runtime_total_sys_memory_bytes	229501240
1781386176	snap	3400	otelcol	otelcol-sb-esrev1-ctr-9j7x7	otelcol_receiver_refused_spans	15033402
1781386176	snap	3400	otelcol	otelcol-sb-esrev1-ctr-9j7x7	otelcol_processor_batch_metadata_cardinality	1
1781386176	snap	3400	otelcol	otelcol-sb-esrev1-ctr-9j7x7	otelcol_receiver_failed_spans	0
1781386176	snap	3400	otelcol	otelcol-sb-esrev1-ctr-9j7x7	otelcol_processor_batch_timeout_trigger_send	1249
1781386176	snap	3400	otelcol	otelcol-sb-esrev1-ctr-9j7x7	otelcol_exporter_queue_size	185
1781386176	snap	3400	otelcol	otelcol-sb-esrev1-ctr-9j7x7	otelcol_receiver_accepted_spans	877576
1781386176	snap	3400	otelcol	otelcol-sb-esrev1-ctr-9j7x7	otelcol_process_uptime	782
1781386176	snap	3400	otelcol	otelcol-sb-esrev1-ctr-9j7x7	otelcol_process_runtime_total_alloc_bytes	11293896552
1781386176	snap	3400	otelcol	otelcol-sb-esrev1-ctr-9j7x7	otelcol_exporter_queue_capacity	1001
1781386176	snap	3400	otelcol	otelcol-sb-esrev1-ctr-rbg9n	otelcol_exporter_queue_capacity	1001
1781386176	snap	3400	otelcol	otelcol-sb-esrev1-ctr-rbg9n	otelcol_process_cpu_seconds	200
1781386176	snap	3400	otelcol	otelcol-sb-esrev1-ctr-rbg9n	otelcol_exporter_send_failed_spans	0
1781386176	snap	3400	otelcol	otelcol-sb-esrev1-ctr-rbg9n	otelcol_receiver_refused_spans	7691435
1781386176	snap	3400	otelcol	otelcol-sb-esrev1-ctr-rbg9n	otelcol_process_runtime_total_alloc_bytes	8253209464
1781386176	snap	3400	otelcol	otelcol-sb-esrev1-ctr-rbg9n	otelcol_process_memory_rss	320663552
1781386176	snap	3400	otelcol	otelcol-sb-esrev1-ctr-rbg9n	otelcol_processor_batch_metadata_cardinality	1
1781386176	snap	3400	otelcol	otelcol-sb-esrev1-ctr-rbg9n	otelcol_processor_batch_timeout_trigger_send	951
1781386176	snap	3400	otelcol	otelcol-sb-esrev1-ctr-rbg9n	otelcol_receiver_failed_spans	0
1781386176	snap	3400	otelcol	otelcol-sb-esrev1-ctr-rbg9n	otelcol_processor_batch_batch_size_trigger_send	1
1781386176	snap	3400	otelcol	otelcol-sb-esrev1-ctr-rbg9n	otelcol_process_runtime_heap_alloc_bytes	132429656
1781386176	snap	3400	otelcol	otelcol-sb-esrev1-ctr-rbg9n	otelcol_exporter_sent_spans	1214006
1781386176	snap	3400	otelcol	otelcol-sb-esrev1-ctr-rbg9n	otelcol_processor_incoming_items	9166660
1781386176	snap	3400	otelcol	otelcol-sb-esrev1-ctr-rbg9n	otelcol_processor_outgoing_items	1475225
1781386176	snap	3400	otelcol	otelcol-sb-esrev1-ctr-rbg9n	otelcol_receiver_accepted_spans	1475225
1781386176	snap	3400	otelcol	otelcol-sb-esrev1-ctr-rbg9n	otelcol_processor_batch_batch_send_size_sum	1475225
1781386176	snap	3400	otelcol	otelcol-sb-esrev1-ctr-rbg9n	otelcol_process_uptime	781
1781386176	snap	3400	otelcol	otelcol-sb-esrev1-ctr-rbg9n	otelcol_exporter_queue_size	102
1781386176	snap	3400	otelcol	otelcol-sb-esrev1-ctr-rbg9n	otelcol_exporter_queue_batch_send_size_sum	1475225
1781386176	snap	3400	otelcol	otelcol-sb-esrev1-ctr-rbg9n	otelcol_process_runtime_total_sys_memory_bytes	237828424
1781386176	snap	3400	otelcol	otelcol-sb-esrev1-ctr-qd64d	otelcol_receiver_accepted_spans	670516
1781386176	snap	3400	otelcol	otelcol-sb-esrev1-ctr-qd64d	otelcol_process_runtime_total_sys_memory_bytes	198101304
1781386176	snap	3400	otelcol	otelcol-sb-esrev1-ctr-qd64d	otelcol_processor_incoming_items	2251550
1781386176	snap	3400	otelcol	otelcol-sb-esrev1-ctr-qd64d	otelcol_process_uptime	782
1781386176	snap	3400	otelcol	otelcol-sb-esrev1-ctr-qd64d	otelcol_exporter_send_failed_spans	0
1781386176	snap	3400	otelcol	otelcol-sb-esrev1-ctr-qd64d	otelcol_exporter_queue_capacity	1001
1781386176	snap	3400	otelcol	otelcol-sb-esrev1-ctr-qd64d	otelcol_processor_outgoing_items	670516
1781386176	snap	3400	otelcol	otelcol-sb-esrev1-ctr-qd64d	otelcol_exporter_queue_size	319
1781386176	snap	3400	otelcol	otelcol-sb-esrev1-ctr-qd64d	otelcol_processor_batch_metadata_cardinality	1
1781386176	snap	3400	otelcol	otelcol-sb-esrev1-ctr-qd64d	otelcol_processor_batch_timeout_trigger_send	1269
1781386176	snap	3400	otelcol	otelcol-sb-esrev1-ctr-qd64d	otelcol_process_runtime_heap_alloc_bytes	130767304
1781386176	snap	3400	otelcol	otelcol-sb-esrev1-ctr-qd64d	otelcol_processor_batch_batch_send_size_sum	670516
1781386176	snap	3400	otelcol	otelcol-sb-esrev1-ctr-qd64d	otelcol_process_memory_rss	322449408
1781386176	snap	3400	otelcol	otelcol-sb-esrev1-ctr-qd64d	otelcol_receiver_refused_spans	1581034
1781386176	snap	3400	otelcol	otelcol-sb-esrev1-ctr-qd64d	otelcol_process_cpu_seconds	38
1781386176	snap	3400	otelcol	otelcol-sb-esrev1-ctr-qd64d	otelcol_exporter_queue_batch_send_size_sum	670516
1781386176	snap	3400	otelcol	otelcol-sb-esrev1-ctr-qd64d	otelcol_receiver_failed_spans	0
1781386176	snap	3400	otelcol	otelcol-sb-esrev1-ctr-qd64d	otelcol_exporter_sent_spans	394994
1781386176	snap	3400	otelcol	otelcol-sb-esrev1-ctr-qd64d	otelcol_process_runtime_total_alloc_bytes	1450342776
1781386176	snap	3400	otelcol	otelcol-sb-esrev1-ctr-jjcwc	otelcol_process_runtime_total_alloc_bytes	702678008
1781386176	snap	3400	otelcol	otelcol-sb-esrev1-ctr-jjcwc	otelcol_process_runtime_heap_alloc_bytes	131716944
1781386176	snap	3400	otelcol	otelcol-sb-esrev1-ctr-jjcwc	otelcol_receiver_failed_spans	0
1781386176	snap	3400	otelcol	otelcol-sb-esrev1-ctr-jjcwc	otelcol_process_memory_rss	324583424
1781386176	snap	3400	otelcol	otelcol-sb-esrev1-ctr-jjcwc	otelcol_exporter_queue_size	607
1781386176	snap	3400	otelcol	otelcol-sb-esrev1-ctr-jjcwc	otelcol_receiver_accepted_spans	458274
1781386176	snap	3400	otelcol	otelcol-sb-esrev1-ctr-jjcwc	otelcol_processor_incoming_items	1125775
1781386176	snap	3400	otelcol	otelcol-sb-esrev1-ctr-jjcwc	otelcol_processor_batch_metadata_cardinality	1
1781386176	snap	3400	otelcol	otelcol-sb-esrev1-ctr-jjcwc	otelcol_exporter_queue_capacity	1001
1781386176	snap	3400	otelcol	otelcol-sb-esrev1-ctr-jjcwc	otelcol_processor_outgoing_items	458274
1781386176	snap	3400	otelcol	otelcol-sb-esrev1-ctr-jjcwc	otelcol_processor_batch_timeout_trigger_send	1504
1781386176	snap	3400	otelcol	otelcol-sb-esrev1-ctr-jjcwc	otelcol_process_runtime_total_sys_memory_bytes	197265720
1781386176	snap	3400	otelcol	otelcol-sb-esrev1-ctr-jjcwc	otelcol_receiver_refused_spans	667501
1781386176	snap	3400	otelcol	otelcol-sb-esrev1-ctr-jjcwc	otelcol_exporter_send_failed_spans	0
1781386176	snap	3400	otelcol	otelcol-sb-esrev1-ctr-jjcwc	otelcol_exporter_queue_batch_send_size_sum	458274
1781386176	snap	3400	otelcol	otelcol-sb-esrev1-ctr-jjcwc	otelcol_processor_batch_batch_send_size_sum	458274
1781386176	snap	3400	otelcol	otelcol-sb-esrev1-ctr-jjcwc	otelcol_process_cpu_seconds	22
1781386176	snap	3400	otelcol	otelcol-sb-esrev1-ctr-jjcwc	otelcol_process_uptime	783
1781386176	snap	3400	otelcol	otelcol-sb-esrev1-ctr-jjcwc	otelcol_exporter_sent_spans	174459
1781386176	snap	3400	otelcol	otelcol-sb-esrev1-ctr-64dpb	otelcol_exporter_queue_batch_send_size_sum	460291
1781386176	snap	3400	otelcol	otelcol-sb-esrev1-ctr-64dpb	otelcol_exporter_send_failed_spans	0
1781386176	snap	3400	otelcol	otelcol-sb-esrev1-ctr-64dpb	otelcol_exporter_queue_size	612
1781386176	snap	3400	otelcol	otelcol-sb-esrev1-ctr-64dpb	otelcol_process_runtime_total_alloc_bytes	672294256
1781386176	snap	3400	otelcol	otelcol-sb-esrev1-ctr-64dpb	otelcol_processor_batch_metadata_cardinality	1
1781386176	snap	3400	otelcol	otelcol-sb-esrev1-ctr-64dpb	otelcol_process_runtime_heap_alloc_bytes	136717968
1781386176	snap	3400	otelcol	otelcol-sb-esrev1-ctr-64dpb	otelcol_processor_batch_timeout_trigger_send	1511
1781386176	snap	3400	otelcol	otelcol-sb-esrev1-ctr-64dpb	otelcol_process_memory_rss	329089024
1781386176	snap	3400	otelcol	otelcol-sb-esrev1-ctr-64dpb	otelcol_receiver_refused_spans	665475
1781386176	snap	3400	otelcol	otelcol-sb-esrev1-ctr-64dpb	otelcol_receiver_failed_spans	0
1781386176	snap	3400	otelcol	otelcol-sb-esrev1-ctr-64dpb	otelcol_receiver_accepted_spans	460291
1781386176	snap	3400	otelcol	otelcol-sb-esrev1-ctr-64dpb	otelcol_processor_incoming_items	1125766
1781386176	snap	3400	otelcol	otelcol-sb-esrev1-ctr-64dpb	otelcol_process_cpu_seconds	22
1781386176	snap	3400	otelcol	otelcol-sb-esrev1-ctr-64dpb	otelcol_exporter_queue_capacity	1001
1781386176	snap	3400	otelcol	otelcol-sb-esrev1-ctr-64dpb	otelcol_processor_outgoing_items	460291
1781386176	snap	3400	otelcol	otelcol-sb-esrev1-ctr-64dpb	otelcol_processor_batch_batch_send_size_sum	460291
1781386176	snap	3400	otelcol	otelcol-sb-esrev1-ctr-64dpb	otelcol_process_uptime	782
1781386176	snap	3400	otelcol	otelcol-sb-esrev1-ctr-64dpb	otelcol_process_runtime_total_sys_memory_bytes	196671784
1781386176	snap	3400	otelcol	otelcol-sb-esrev1-ctr-64dpb	otelcol_exporter_sent_spans	175995
1781386176	snap	3400	otelcol	otelcol-sb-esrev1-ctr-lmnfn	otelcol_processor_batch_timeout_trigger_send	1732
1781386176	snap	3400	otelcol	otelcol-sb-esrev1-ctr-lmnfn	otelcol_processor_batch_batch_send_size_sum	907539
1781386176	snap	3400	otelcol	otelcol-sb-esrev1-ctr-lmnfn	otelcol_process_runtime_total_alloc_bytes	2787724904
1781386176	snap	3400	otelcol	otelcol-sb-esrev1-ctr-lmnfn	otelcol_process_runtime_heap_alloc_bytes	141010232
1781386176	snap	3400	otelcol	otelcol-sb-esrev1-ctr-lmnfn	otelcol_exporter_queue_batch_send_size_sum	907539
1781386176	snap	3400	otelcol	otelcol-sb-esrev1-ctr-lmnfn	otelcol_process_uptime	782
1781386176	snap	3400	otelcol	otelcol-sb-esrev1-ctr-lmnfn	otelcol_process_cpu_seconds	57
1781386176	snap	3400	otelcol	otelcol-sb-esrev1-ctr-lmnfn	otelcol_exporter_send_failed_spans	0
1781386176	snap	3400	otelcol	otelcol-sb-esrev1-ctr-lmnfn	otelcol_exporter_sent_spans	612831
1781386176	snap	3400	otelcol	otelcol-sb-esrev1-ctr-lmnfn	otelcol_receiver_refused_spans	3670827
1781386176	snap	3400	otelcol	otelcol-sb-esrev1-ctr-lmnfn	otelcol_processor_incoming_items	4578366
1781386176	snap	3400	otelcol	otelcol-sb-esrev1-ctr-lmnfn	otelcol_receiver_accepted_spans	907539
1781386176	snap	3400	otelcol	otelcol-sb-esrev1-ctr-lmnfn	otelcol_processor_outgoing_items	907539
1781386176	snap	3400	otelcol	otelcol-sb-esrev1-ctr-lmnfn	otelcol_process_runtime_total_sys_memory_bytes	207014200
1781386176	snap	3400	otelcol	otelcol-sb-esrev1-ctr-lmnfn	otelcol_process_memory_rss	321560576
1781386176	snap	3400	otelcol	otelcol-sb-esrev1-ctr-lmnfn	otelcol_receiver_failed_spans	0
1781386176	snap	3400	otelcol	otelcol-sb-esrev1-ctr-lmnfn	otelcol_processor_batch_metadata_cardinality	1
1781386176	snap	3400	otelcol	otelcol-sb-esrev1-ctr-lmnfn	otelcol_exporter_queue_size	658
1781386176	snap	3400	otelcol	otelcol-sb-esrev1-ctr-lmnfn	otelcol_exporter_queue_capacity	1001
1781386176	snap	3400	k8s	otelcol-sb-esrev1-ctr-5hn7z	restart_count	0
1781386176	snap	3400	k8s	otelcol-sb-esrev1-ctr-64dpb	restart_count	0
1781386176	snap	3400	k8s	otelcol-sb-esrev1-ctr-9j7x7	restart_count	0
1781386176	snap	3400	k8s	otelcol-sb-esrev1-ctr-jjcwc	restart_count	0
1781386176	snap	3400	k8s	otelcol-sb-esrev1-ctr-lmnfn	restart_count	0
1781386176	snap	3400	k8s	otelcol-sb-esrev1-ctr-m57hx	restart_count	0
1781386176	snap	3400	k8s	otelcol-sb-esrev1-ctr-qd64d	restart_count	0
1781386176	snap	3400	k8s	otelcol-sb-esrev1-ctr-rbg9n	restart_count	0
1781386176	snap	3400	k8s	otelcol-sb-esrev1-ctr-w5r65	restart_count	0
1781386176	snap	3400	sdk	wrk2api	spans_received	2328479
1781386176	snap	3400	sdk	wrk2api	spans_sent	647761
1781386176	snap	3400	sdk	wrk2api	spans_dropped	0
1781386176	snap	3400	sdk	wrk2api	spans_flushed	2328479
1781386176	snap	3400	sdk	wrk2api	batches_sent	5037
1781386176	snap	3400	sdk	wrk2api	batches_dropped	0
1781386176	snap	3400	sdk	wrk2api	send_unavailable	0
1781386176	snap	3400	sdk	wrk2api	send_deadline	0
1781386176	snap	3400	sdk	wrk2api	send_exhausted	0
1781386176	snap	3400	sdk	wrk2api	send_canceled	0
1781386176	snap	3400	sdk	wrk2api	send_other	0
1781386176	snap	3400	sdk	wrk2api	buffer_depth	0
0
1781386176	snap	3400	sdk	wrk2api	cp_received	1164118
1781386176	snap	3400	sdk	wrk2api	lp_received	1164361
1781386176	snap	3400	sdk	wrk2api	cp_sent	472262
1781386176	snap	3400	sdk	wrk2api	lp_sent	175499
1781386176	snap	3400	sdk	wrk2api	cp_dropped	0
1781386176	snap	3400	sdk	wrk2api	lp_dropped	0
1781386176	snap	3400	sdk	composepost	spans_received	9006191
1781386176	snap	3400	sdk	composepost	spans_sent	1329548
1781386176	snap	3400	sdk	composepost	spans_dropped	7676643
1781386176	snap	3400	sdk	composepost	spans_flushed	9006191
1781386176	snap	3400	sdk	composepost	batches_sent	13829
1781386176	snap	3400	sdk	composepost	batches_dropped	30977
1781386176	snap	3400	sdk	composepost	send_unavailable	19664
1781386176	snap	3400	sdk	composepost	send_deadline	11313
1781386176	snap	3400	sdk	composepost	send_exhausted	0
1781386176	snap	3400	sdk	composepost	send_canceled	0
1781386176	snap	3400	sdk	composepost	send_other	0
1781386176	snap	3400	sdk	composepost	buffer_depth	0
0
1781386176	snap	3400	sdk	composepost	cp_received	7880416
1781386176	snap	3400	sdk	composepost	lp_received	1125775
1781386176	snap	3400	sdk	composepost	cp_sent	1260299
1781386176	snap	3400	sdk	composepost	lp_sent	69249
1781386176	snap	3400	sdk	composepost	cp_dropped	6620117
1781386176	snap	3400	sdk	composepost	lp_dropped	1056526
1781386176	snap	3400	sdk	hometimeline	spans_received	2251532
1781386176	snap	3400	sdk	hometimeline	spans_sent	138442
1781386176	snap	3400	sdk	hometimeline	spans_dropped	2113090
1781386176	snap	3400	sdk	hometimeline	spans_flushed	2251532
1781386176	snap	3400	sdk	hometimeline	batches_sent	2574
1781386176	snap	3400	sdk	hometimeline	batches_dropped	8655
1781386176	snap	3400	sdk	hometimeline	send_unavailable	8293
1781386176	snap	3400	sdk	hometimeline	send_deadline	362
1781386176	snap	3400	sdk	hometimeline	send_exhausted	0
1781386176	snap	3400	sdk	hometimeline	send_canceled	0
1781386176	snap	3400	sdk	hometimeline	send_other	0
1781386176	snap	3400	sdk	hometimeline	buffer_depth	0
0
1781386176	snap	3400	sdk	hometimeline	cp_received	0
1781386176	snap	3400	sdk	hometimeline	lp_received	2251532
1781386176	snap	3400	sdk	hometimeline	cp_sent	0
1781386176	snap	3400	sdk	hometimeline	lp_sent	138442
1781386176	snap	3400	sdk	hometimeline	cp_dropped	0
1781386176	snap	3400	sdk	hometimeline	lp_dropped	2113090
1781386176	snap	3400	sdk	media	spans_received	1125775
1781386176	snap	3400	sdk	media	spans_sent	473104
1781386176	snap	3400	sdk	media	spans_dropped	652671
1781386176	snap	3400	sdk	media	spans_flushed	1125775
1781386176	snap	3400	sdk	media	batches_sent	2993
1781386176	snap	3400	sdk	media	batches_dropped	2585
1781386176	snap	3400	sdk	media	send_unavailable	2585
1781386176	snap	3400	sdk	media	send_deadline	0
1781386176	snap	3400	sdk	media	send_exhausted	0
1781386176	snap	3400	sdk	media	send_canceled	0
1781386176	snap	3400	sdk	media	send_other	0
1781386176	snap	3400	sdk	media	buffer_depth	0
0
1781386176	snap	3400	sdk	media	cp_received	1125775
1781386176	snap	3400	sdk	media	lp_received	0
1781386176	snap	3400	sdk	media	cp_sent	473104
1781386176	snap	3400	sdk	media	lp_sent	0
1781386176	snap	3400	sdk	media	cp_dropped	652671
1781386176	snap	3400	sdk	media	lp_dropped	0
1781386176	snap	3400	sdk	post-storage	spans_received	1125766
1781386176	snap	3400	sdk	post-storage	spans_sent	460291
1781386176	snap	3400	sdk	post-storage	spans_dropped	665475
1781386176	snap	3400	sdk	post-storage	spans_flushed	1125766
1781386176	snap	3400	sdk	post-storage	batches_sent	3008
1781386176	snap	3400	sdk	post-storage	batches_dropped	2590
1781386176	snap	3400	sdk	post-storage	send_unavailable	2590
1781386176	snap	3400	sdk	post-storage	send_deadline	0
1781386176	snap	3400	sdk	post-storage	send_exhausted	0
1781386176	snap	3400	sdk	post-storage	send_canceled	0
1781386176	snap	3400	sdk	post-storage	send_other	0
1781386176	snap	3400	sdk	post-storage	buffer_depth	0
0
1781386176	snap	3400	sdk	post-storage	cp_received	1125766
1781386176	snap	3400	sdk	post-storage	lp_received	0
1781386176	snap	3400	sdk	post-storage	cp_sent	460291
1781386176	snap	3400	sdk	post-storage	lp_sent	0
1781386176	snap	3400	sdk	post-storage	cp_dropped	665475
1781386176	snap	3400	sdk	post-storage	lp_dropped	0
1781386176	snap	3400	sdk	socialgraph	spans_received	1239600
1781386176	snap	3400	sdk	socialgraph	spans_sent	574296
1781386176	snap	3400	sdk	socialgraph	spans_dropped	665304
1781386176	snap	3400	sdk	socialgraph	spans_flushed	1239600
1781386176	snap	3400	sdk	socialgraph	batches_sent	3522
1781386176	snap	3400	sdk	socialgraph	batches_dropped	2581
1781386176	snap	3400	sdk	socialgraph	send_unavailable	2581
1781386176	snap	3400	sdk	socialgraph	send_deadline	0
1781386176	snap	3400	sdk	socialgraph	send_exhausted	0
1781386176	snap	3400	sdk	socialgraph	send_canceled	0
1781386176	snap	3400	sdk	socialgraph	send_other	0
1781386176	snap	3400	sdk	socialgraph	buffer_depth	0
0
1781386176	snap	3400	sdk	socialgraph	cp_received	1201976
1781386176	snap	3400	sdk	socialgraph	lp_received	37624
1781386176	snap	3400	sdk	socialgraph	cp_sent	539836
1781386176	snap	3400	sdk	socialgraph	lp_sent	34460
1781386176	snap	3400	sdk	socialgraph	cp_dropped	662140
1781386176	snap	3400	sdk	socialgraph	lp_dropped	3164
1781386176	snap	3400	sdk	text	spans_received	3377343
1781386176	snap	3400	sdk	text	spans_sent	359187
1781386176	snap	3400	sdk	text	spans_dropped	3018156
1781386176	snap	3400	sdk	text	spans_flushed	3377343
1781386176	snap	3400	sdk	text	batches_sent	4632
1781386176	snap	3400	sdk	text	batches_dropped	12140
1781386176	snap	3400	sdk	text	send_unavailable	12140
1781386176	snap	3400	sdk	text	send_deadline	0
1781386176	snap	3400	sdk	text	send_exhausted	0
1781386176	snap	3400	sdk	text	send_canceled	0
1781386176	snap	3400	sdk	text	send_other	0
1781386176	snap	3400	sdk	text	buffer_depth	0
0
1781386176	snap	3400	sdk	text	cp_received	0
1781386176	snap	3400	sdk	text	lp_received	3377343
1781386176	snap	3400	sdk	text	cp_sent	0
1781386176	snap	3400	sdk	text	lp_sent	359187
1781386176	snap	3400	sdk	text	cp_dropped	0
1781386176	snap	3400	sdk	text	lp_dropped	3018156
1781386176	snap	3400	sdk	uniqueid	spans_received	1125775
1781386176	snap	3400	sdk	uniqueid	spans_sent	334544
1781386176	snap	3400	sdk	uniqueid	spans_dropped	791231
1781386176	snap	3400	sdk	uniqueid	spans_flushed	1125775
1781386176	snap	3400	sdk	uniqueid	batches_sent	2460
1781386176	snap	3400	sdk	uniqueid	batches_dropped	3129
1781386176	snap	3400	sdk	uniqueid	send_unavailable	3129
1781386176	snap	3400	sdk	uniqueid	send_deadline	0
1781386176	snap	3400	sdk	uniqueid	send_exhausted	0
1781386176	snap	3400	sdk	uniqueid	send_canceled	0
1781386176	snap	3400	sdk	uniqueid	send_other	0
1781386176	snap	3400	sdk	uniqueid	buffer_depth	0
0
1781386176	snap	3400	sdk	uniqueid	cp_received	1125775
1781386176	snap	3400	sdk	uniqueid	lp_received	0
1781386176	snap	3400	sdk	uniqueid	cp_sent	334544
1781386176	snap	3400	sdk	uniqueid	lp_sent	0
1781386176	snap	3400	sdk	uniqueid	cp_dropped	791231
1781386176	snap	3400	sdk	uniqueid	lp_dropped	0
1781386176	snap	3400	sdk	urlshorten	spans_received	1125775
1781386176	snap	3400	sdk	urlshorten	spans_sent	458274
1781386176	snap	3400	sdk	urlshorten	spans_dropped	667501
1781386176	snap	3400	sdk	urlshorten	spans_flushed	1125775
1781386176	snap	3400	sdk	urlshorten	batches_sent	2984
1781386176	snap	3400	sdk	urlshorten	batches_dropped	2582
1781386176	snap	3400	sdk	urlshorten	send_unavailable	2582
1781386176	snap	3400	sdk	urlshorten	send_deadline	0
1781386176	snap	3400	sdk	urlshorten	send_exhausted	0
1781386176	snap	3400	sdk	urlshorten	send_canceled	0
1781386176	snap	3400	sdk	urlshorten	send_other	0
1781386176	snap	3400	sdk	urlshorten	buffer_depth	0
0
1781386176	snap	3400	sdk	urlshorten	cp_received	1125775
1781386176	snap	3400	sdk	urlshorten	lp_received	0
1781386176	snap	3400	sdk	urlshorten	cp_sent	458274
1781386176	snap	3400	sdk	urlshorten	lp_sent	0
1781386176	snap	3400	sdk	urlshorten	cp_dropped	667501
1781386176	snap	3400	sdk	urlshorten	lp_dropped	0
1781386176	snap	3400	sdk	user	spans_received	1127699
1781386176	snap	3400	sdk	user	spans_sent	217136
1781386176	snap	3400	sdk	user	spans_dropped	910563
1781386176	snap	3400	sdk	user	spans_flushed	1127699
1781386176	snap	3400	sdk	user	batches_sent	1960
1781386176	snap	3400	sdk	user	batches_dropped	3628
1781386176	snap	3400	sdk	user	send_unavailable	3624
1781386176	snap	3400	sdk	user	send_deadline	4
1781386176	snap	3400	sdk	user	send_exhausted	0
1781386176	snap	3400	sdk	user	send_canceled	0
1781386176	snap	3400	sdk	user	send_other	0
1781386176	snap	3400	sdk	user	buffer_depth	0
0
1781386176	snap	3400	sdk	user	cp_received	1126737
1781386176	snap	3400	sdk	user	lp_received	962
1781386176	snap	3400	sdk	user	cp_sent	216174
1781386176	snap	3400	sdk	user	lp_sent	962
1781386176	snap	3400	sdk	user	cp_dropped	910563
1781386176	snap	3400	sdk	user	lp_dropped	0
1781386176	snap	3400	sdk	userid	spans_received	75248
1781386176	snap	3400	sdk	userid	spans_sent	75248
1781386176	snap	3400	sdk	userid	spans_dropped	0
1781386176	snap	3400	sdk	userid	spans_flushed	75248
1781386176	snap	3400	sdk	userid	batches_sent	250
1781386176	snap	3400	sdk	userid	batches_dropped	0
1781386176	snap	3400	sdk	userid	send_unavailable	0
1781386176	snap	3400	sdk	userid	send_deadline	0
1781386176	snap	3400	sdk	userid	send_exhausted	0
1781386176	snap	3400	sdk	userid	send_canceled	0
1781386176	snap	3400	sdk	userid	send_other	0
1781386176	snap	3400	sdk	userid	buffer_depth	0
0
1781386176	snap	3400	sdk	userid	cp_received	75248
1781386176	snap	3400	sdk	userid	lp_received	0
1781386176	snap	3400	sdk	userid	cp_sent	75248
1781386176	snap	3400	sdk	userid	lp_sent	0
1781386176	snap	3400	sdk	userid	cp_dropped	0
1781386176	snap	3400	sdk	userid	lp_dropped	0
1781386176	snap	3400	sdk	usermention	spans_received	1125775
1781386176	snap	3400	sdk	usermention	spans_sent	335972
1781386176	snap	3400	sdk	usermention	spans_dropped	789803
1781386176	snap	3400	sdk	usermention	spans_flushed	1125775
1781386176	snap	3400	sdk	usermention	batches_sent	2479
1781386176	snap	3400	sdk	usermention	batches_dropped	3118
1781386176	snap	3400	sdk	usermention	send_unavailable	3118
1781386176	snap	3400	sdk	usermention	send_deadline	0
1781386176	snap	3400	sdk	usermention	send_exhausted	0
1781386176	snap	3400	sdk	usermention	send_canceled	0
1781386176	snap	3400	sdk	usermention	send_other	0
1781386176	snap	3400	sdk	usermention	buffer_depth	0
0
1781386176	snap	3400	sdk	usermention	cp_received	1125775
1781386176	snap	3400	sdk	usermention	lp_received	0
1781386176	snap	3400	sdk	usermention	cp_sent	335972
1781386176	snap	3400	sdk	usermention	lp_sent	0
1781386176	snap	3400	sdk	usermention	cp_dropped	789803
1781386176	snap	3400	sdk	usermention	lp_dropped	0
1781386176	snap	3400	sdk	usertimeline	spans_received	1125766
1781386176	snap	3400	sdk	usertimeline	spans_sent	454860
1781386176	snap	3400	sdk	usertimeline	spans_dropped	670906
1781386176	snap	3400	sdk	usertimeline	spans_flushed	1125766
1781386176	snap	3400	sdk	usertimeline	batches_sent	3003
1781386176	snap	3400	sdk	usertimeline	batches_dropped	2652
1781386176	snap	3400	sdk	usertimeline	send_unavailable	2652
1781386176	snap	3400	sdk	usertimeline	send_deadline	0
1781386176	snap	3400	sdk	usertimeline	send_exhausted	0
1781386176	snap	3400	sdk	usertimeline	send_canceled	0
1781386176	snap	3400	sdk	usertimeline	send_other	0
1781386176	snap	3400	sdk	usertimeline	buffer_depth	0
0
1781386176	snap	3400	sdk	usertimeline	cp_received	1125766
1781386176	snap	3400	sdk	usertimeline	lp_received	0
1781386176	snap	3400	sdk	usertimeline	cp_sent	454860
1781386176	snap	3400	sdk	usertimeline	lp_sent	0
1781386176	snap	3400	sdk	usertimeline	cp_dropped	670906
1781386176	snap	3400	sdk	usertimeline	lp_dropped	0
1781386183	snap	3600	otelcol	otelcol-sb-esrev1-ctr-w5r65	otelcol_processor_incoming_items	1239600
1781386183	snap	3600	otelcol	otelcol-sb-esrev1-ctr-w5r65	otelcol_processor_batch_batch_send_size_sum	574296
1781386183	snap	3600	otelcol	otelcol-sb-esrev1-ctr-w5r65	otelcol_processor_outgoing_items	574296
1781386183	snap	3600	otelcol	otelcol-sb-esrev1-ctr-w5r65	otelcol_processor_batch_metadata_cardinality	1
1781386183	snap	3600	otelcol	otelcol-sb-esrev1-ctr-w5r65	otelcol_process_cpu_seconds	23
1781386183	snap	3600	otelcol	otelcol-sb-esrev1-ctr-w5r65	otelcol_processor_batch_timeout_trigger_send	1701
1781386183	snap	3600	otelcol	otelcol-sb-esrev1-ctr-w5r65	otelcol_receiver_refused_spans	665304
1781386183	snap	3600	otelcol	otelcol-sb-esrev1-ctr-w5r65	otelcol_process_runtime_total_sys_memory_bytes	197790008
1781386183	snap	3600	otelcol	otelcol-sb-esrev1-ctr-w5r65	otelcol_exporter_sent_spans	295083
1781386183	snap	3600	otelcol	otelcol-sb-esrev1-ctr-w5r65	otelcol_exporter_queue_size	616
1781386183	snap	3600	otelcol	otelcol-sb-esrev1-ctr-w5r65	otelcol_receiver_accepted_spans	574296
1781386183	snap	3600	otelcol	otelcol-sb-esrev1-ctr-w5r65	otelcol_process_uptime	790
1781386183	snap	3600	otelcol	otelcol-sb-esrev1-ctr-w5r65	otelcol_process_runtime_total_alloc_bytes	762844976
1781386183	snap	3600	otelcol	otelcol-sb-esrev1-ctr-w5r65	otelcol_process_runtime_heap_alloc_bytes	133684000
1781386183	snap	3600	otelcol	otelcol-sb-esrev1-ctr-w5r65	otelcol_exporter_send_failed_spans	0
1781386183	snap	3600	otelcol	otelcol-sb-esrev1-ctr-w5r65	otelcol_exporter_queue_batch_send_size_sum	574296
1781386183	snap	3600	otelcol	otelcol-sb-esrev1-ctr-w5r65	otelcol_receiver_failed_spans	0
1781386183	snap	3600	otelcol	otelcol-sb-esrev1-ctr-w5r65	otelcol_exporter_queue_capacity	1001
1781386183	snap	3600	otelcol	otelcol-sb-esrev1-ctr-w5r65	otelcol_process_memory_rss	322240512
1781386183	snap	3600	otelcol	otelcol-sb-esrev1-ctr-5hn7z	otelcol_processor_batch_metadata_cardinality	1
1781386183	snap	3600	otelcol	otelcol-sb-esrev1-ctr-5hn7z	otelcol_exporter_queue_capacity	1001
1781386183	snap	3600	otelcol	otelcol-sb-esrev1-ctr-5hn7z	otelcol_exporter_queue_batch_send_size_sum	454860
1781386183	snap	3600	otelcol	otelcol-sb-esrev1-ctr-5hn7z	otelcol_exporter_send_failed_spans	0
1781386183	snap	3600	otelcol	otelcol-sb-esrev1-ctr-5hn7z	otelcol_processor_batch_batch_send_size_sum	454860
1781386183	snap	3600	otelcol	otelcol-sb-esrev1-ctr-5hn7z	otelcol_processor_batch_timeout_trigger_send	1520
1781386183	snap	3600	otelcol	otelcol-sb-esrev1-ctr-5hn7z	otelcol_process_cpu_seconds	23
1781386183	snap	3600	otelcol	otelcol-sb-esrev1-ctr-5hn7z	otelcol_process_uptime	789
1781386183	snap	3600	otelcol	otelcol-sb-esrev1-ctr-5hn7z	otelcol_exporter_sent_spans	171261
1781386183	snap	3600	otelcol	otelcol-sb-esrev1-ctr-5hn7z	otelcol_receiver_failed_spans	0
1781386183	snap	3600	otelcol	otelcol-sb-esrev1-ctr-5hn7z	otelcol_process_runtime_total_sys_memory_bytes	197245224
1781386183	snap	3600	otelcol	otelcol-sb-esrev1-ctr-5hn7z	otelcol_receiver_refused_spans	670906
1781386183	snap	3600	otelcol	otelcol-sb-esrev1-ctr-5hn7z	otelcol_process_memory_rss	324628480
1781386183	snap	3600	otelcol	otelcol-sb-esrev1-ctr-5hn7z	otelcol_processor_incoming_items	1125766
1781386183	snap	3600	otelcol	otelcol-sb-esrev1-ctr-5hn7z	otelcol_process_runtime_total_alloc_bytes	694834416
1781386183	snap	3600	otelcol	otelcol-sb-esrev1-ctr-5hn7z	otelcol_process_runtime_heap_alloc_bytes	143425752
1781386183	snap	3600	otelcol	otelcol-sb-esrev1-ctr-5hn7z	otelcol_receiver_accepted_spans	454860
1781386183	snap	3600	otelcol	otelcol-sb-esrev1-ctr-5hn7z	otelcol_processor_outgoing_items	454860
1781386183	snap	3600	otelcol	otelcol-sb-esrev1-ctr-5hn7z	otelcol_exporter_queue_size	631
1781386183	snap	3600	otelcol	otelcol-sb-esrev1-ctr-m57hx	otelcol_process_memory_rss	179331072
1781386183	snap	3600	otelcol	otelcol-sb-esrev1-ctr-m57hx	otelcol_process_runtime_total_sys_memory_bytes	48269592
1781386183	snap	3600	otelcol	otelcol-sb-esrev1-ctr-m57hx	otelcol_exporter_queue_size	0
1781386183	snap	3600	otelcol	otelcol-sb-esrev1-ctr-m57hx	otelcol_exporter_queue_capacity	1001
1781386183	snap	3600	otelcol	otelcol-sb-esrev1-ctr-m57hx	otelcol_process_runtime_total_alloc_bytes	44918584
1781386183	snap	3600	otelcol	otelcol-sb-esrev1-ctr-m57hx	otelcol_process_uptime	788
1781386183	snap	3600	otelcol	otelcol-sb-esrev1-ctr-m57hx	otelcol_process_cpu_seconds	6
1781386183	snap	3600	otelcol	otelcol-sb-esrev1-ctr-m57hx	otelcol_processor_batch_metadata_cardinality	1
1781386183	snap	3600	otelcol	otelcol-sb-esrev1-ctr-m57hx	otelcol_process_runtime_heap_alloc_bytes	18929920
1781386183	snap	3600	otelcol	otelcol-sb-esrev1-ctr-9j7x7	otelcol_process_cpu_seconds	207
1781386183	snap	3600	otelcol	otelcol-sb-esrev1-ctr-9j7x7	otelcol_exporter_send_failed_spans	0
1781386183	snap	3600	otelcol	otelcol-sb-esrev1-ctr-9j7x7	otelcol_processor_incoming_items	15910978
1781386183	snap	3600	otelcol	otelcol-sb-esrev1-ctr-9j7x7	otelcol_process_memory_rss	317771776
1781386183	snap	3600	otelcol	otelcol-sb-esrev1-ctr-9j7x7	otelcol_exporter_sent_spans	607416
1781386183	snap	3600	otelcol	otelcol-sb-esrev1-ctr-9j7x7	otelcol_exporter_queue_batch_send_size_sum	877576
1781386183	snap	3600	otelcol	otelcol-sb-esrev1-ctr-9j7x7	otelcol_processor_outgoing_items	877576
1781386183	snap	3600	otelcol	otelcol-sb-esrev1-ctr-9j7x7	otelcol_processor_batch_batch_send_size_sum	877576
1781386183	snap	3600	otelcol	otelcol-sb-esrev1-ctr-9j7x7	otelcol_process_runtime_heap_alloc_bytes	129182136
1781386183	snap	3600	otelcol	otelcol-sb-esrev1-ctr-9j7x7	otelcol_process_runtime_total_sys_memory_bytes	229501240
1781386183	snap	3600	otelcol	otelcol-sb-esrev1-ctr-9j7x7	otelcol_receiver_refused_spans	15033402
1781386183	snap	3600	otelcol	otelcol-sb-esrev1-ctr-9j7x7	otelcol_processor_batch_metadata_cardinality	1
1781386183	snap	3600	otelcol	otelcol-sb-esrev1-ctr-9j7x7	otelcol_receiver_failed_spans	0
1781386183	snap	3600	otelcol	otelcol-sb-esrev1-ctr-9j7x7	otelcol_processor_batch_timeout_trigger_send	1249
1781386183	snap	3600	otelcol	otelcol-sb-esrev1-ctr-9j7x7	otelcol_exporter_queue_size	181
1781386183	snap	3600	otelcol	otelcol-sb-esrev1-ctr-9j7x7	otelcol_receiver_accepted_spans	877576
1781386183	snap	3600	otelcol	otelcol-sb-esrev1-ctr-9j7x7	otelcol_process_uptime	789
1781386183	snap	3600	otelcol	otelcol-sb-esrev1-ctr-9j7x7	otelcol_process_runtime_total_alloc_bytes	11298442744
1781386183	snap	3600	otelcol	otelcol-sb-esrev1-ctr-9j7x7	otelcol_exporter_queue_capacity	1001
1781386183	snap	3600	otelcol	otelcol-sb-esrev1-ctr-rbg9n	otelcol_exporter_queue_capacity	1001
1781386183	snap	3600	otelcol	otelcol-sb-esrev1-ctr-rbg9n	otelcol_process_cpu_seconds	201
1781386183	snap	3600	otelcol	otelcol-sb-esrev1-ctr-rbg9n	otelcol_exporter_send_failed_spans	0
1781386183	snap	3600	otelcol	otelcol-sb-esrev1-ctr-rbg9n	otelcol_receiver_refused_spans	7691435
1781386183	snap	3600	otelcol	otelcol-sb-esrev1-ctr-rbg9n	otelcol_process_runtime_total_alloc_bytes	8267867608
1781386183	snap	3600	otelcol	otelcol-sb-esrev1-ctr-rbg9n	otelcol_process_memory_rss	323035136
1781386183	snap	3600	otelcol	otelcol-sb-esrev1-ctr-rbg9n	otelcol_processor_batch_metadata_cardinality	1
1781386183	snap	3600	otelcol	otelcol-sb-esrev1-ctr-rbg9n	otelcol_processor_batch_timeout_trigger_send	951
1781386183	snap	3600	otelcol	otelcol-sb-esrev1-ctr-rbg9n	otelcol_receiver_failed_spans	0
1781386183	snap	3600	otelcol	otelcol-sb-esrev1-ctr-rbg9n	otelcol_processor_batch_batch_size_trigger_send	1
1781386183	snap	3600	otelcol	otelcol-sb-esrev1-ctr-rbg9n	otelcol_process_runtime_heap_alloc_bytes	132220184
1781386183	snap	3600	otelcol	otelcol-sb-esrev1-ctr-rbg9n	otelcol_exporter_sent_spans	1214006
1781386183	snap	3600	otelcol	otelcol-sb-esrev1-ctr-rbg9n	otelcol_processor_incoming_items	9166660
1781386183	snap	3600	otelcol	otelcol-sb-esrev1-ctr-rbg9n	otelcol_processor_outgoing_items	1475225
1781386183	snap	3600	otelcol	otelcol-sb-esrev1-ctr-rbg9n	otelcol_receiver_accepted_spans	1475225
1781386183	snap	3600	otelcol	otelcol-sb-esrev1-ctr-rbg9n	otelcol_processor_batch_batch_send_size_sum	1475225
1781386183	snap	3600	otelcol	otelcol-sb-esrev1-ctr-rbg9n	otelcol_process_uptime	787
1781386183	snap	3600	otelcol	otelcol-sb-esrev1-ctr-rbg9n	otelcol_exporter_queue_size	102
1781386183	snap	3600	otelcol	otelcol-sb-esrev1-ctr-rbg9n	otelcol_exporter_queue_batch_send_size_sum	1475225
1781386183	snap	3600	otelcol	otelcol-sb-esrev1-ctr-rbg9n	otelcol_process_runtime_total_sys_memory_bytes	237828424
1781386183	snap	3600	otelcol	otelcol-sb-esrev1-ctr-qd64d	otelcol_receiver_accepted_spans	670516
1781386183	snap	3600	otelcol	otelcol-sb-esrev1-ctr-qd64d	otelcol_process_runtime_total_sys_memory_bytes	198101304
1781386183	snap	3600	otelcol	otelcol-sb-esrev1-ctr-qd64d	otelcol_processor_incoming_items	2251550
1781386183	snap	3600	otelcol	otelcol-sb-esrev1-ctr-qd64d	otelcol_process_uptime	789
1781386183	snap	3600	otelcol	otelcol-sb-esrev1-ctr-qd64d	otelcol_exporter_send_failed_spans	0
1781386183	snap	3600	otelcol	otelcol-sb-esrev1-ctr-qd64d	otelcol_exporter_queue_capacity	1001
1781386183	snap	3600	otelcol	otelcol-sb-esrev1-ctr-qd64d	otelcol_processor_outgoing_items	670516
1781386183	snap	3600	otelcol	otelcol-sb-esrev1-ctr-qd64d	otelcol_exporter_queue_size	315
1781386183	snap	3600	otelcol	otelcol-sb-esrev1-ctr-qd64d	otelcol_processor_batch_metadata_cardinality	1
1781386183	snap	3600	otelcol	otelcol-sb-esrev1-ctr-qd64d	otelcol_processor_batch_timeout_trigger_send	1269
1781386183	snap	3600	otelcol	otelcol-sb-esrev1-ctr-qd64d	otelcol_process_runtime_heap_alloc_bytes	133648744
1781386183	snap	3600	otelcol	otelcol-sb-esrev1-ctr-qd64d	otelcol_processor_batch_batch_send_size_sum	670516
1781386183	snap	3600	otelcol	otelcol-sb-esrev1-ctr-qd64d	otelcol_process_memory_rss	322449408
1781386183	snap	3600	otelcol	otelcol-sb-esrev1-ctr-qd64d	otelcol_receiver_refused_spans	1581034
1781386183	snap	3600	otelcol	otelcol-sb-esrev1-ctr-qd64d	otelcol_process_cpu_seconds	39
1781386183	snap	3600	otelcol	otelcol-sb-esrev1-ctr-qd64d	otelcol_exporter_queue_batch_send_size_sum	670516
1781386183	snap	3600	otelcol	otelcol-sb-esrev1-ctr-qd64d	otelcol_receiver_failed_spans	0
1781386183	snap	3600	otelcol	otelcol-sb-esrev1-ctr-qd64d	otelcol_exporter_sent_spans	398408
1781386183	snap	3600	otelcol	otelcol-sb-esrev1-ctr-qd64d	otelcol_process_runtime_total_alloc_bytes	1453224216
1781386183	snap	3600	otelcol	otelcol-sb-esrev1-ctr-jjcwc	otelcol_process_runtime_total_alloc_bytes	704072248
1781386183	snap	3600	otelcol	otelcol-sb-esrev1-ctr-jjcwc	otelcol_process_runtime_heap_alloc_bytes	133111184
1781386183	snap	3600	otelcol	otelcol-sb-esrev1-ctr-jjcwc	otelcol_receiver_failed_spans	0
1781386183	snap	3600	otelcol	otelcol-sb-esrev1-ctr-jjcwc	otelcol_process_memory_rss	325226496
1781386183	snap	3600	otelcol	otelcol-sb-esrev1-ctr-jjcwc	otelcol_exporter_queue_size	606
1781386183	snap	3600	otelcol	otelcol-sb-esrev1-ctr-jjcwc	otelcol_receiver_accepted_spans	458274
1781386183	snap	3600	otelcol	otelcol-sb-esrev1-ctr-jjcwc	otelcol_processor_incoming_items	1125775
1781386183	snap	3600	otelcol	otelcol-sb-esrev1-ctr-jjcwc	otelcol_processor_batch_metadata_cardinality	1
1781386183	snap	3600	otelcol	otelcol-sb-esrev1-ctr-jjcwc	otelcol_exporter_queue_capacity	1001
1781386183	snap	3600	otelcol	otelcol-sb-esrev1-ctr-jjcwc	otelcol_processor_outgoing_items	458274
1781386183	snap	3600	otelcol	otelcol-sb-esrev1-ctr-jjcwc	otelcol_processor_batch_timeout_trigger_send	1504
1781386183	snap	3600	otelcol	otelcol-sb-esrev1-ctr-jjcwc	otelcol_process_runtime_total_sys_memory_bytes	197265720
1781386183	snap	3600	otelcol	otelcol-sb-esrev1-ctr-jjcwc	otelcol_receiver_refused_spans	667501
1781386183	snap	3600	otelcol	otelcol-sb-esrev1-ctr-jjcwc	otelcol_exporter_send_failed_spans	0
1781386183	snap	3600	otelcol	otelcol-sb-esrev1-ctr-jjcwc	otelcol_exporter_queue_batch_send_size_sum	458274
1781386183	snap	3600	otelcol	otelcol-sb-esrev1-ctr-jjcwc	otelcol_processor_batch_batch_send_size_sum	458274
1781386183	snap	3600	otelcol	otelcol-sb-esrev1-ctr-jjcwc	otelcol_process_cpu_seconds	22
1781386183	snap	3600	otelcol	otelcol-sb-esrev1-ctr-jjcwc	otelcol_process_uptime	790
1781386183	snap	3600	otelcol	otelcol-sb-esrev1-ctr-jjcwc	otelcol_exporter_sent_spans	174908
1781386183	snap	3600	otelcol	otelcol-sb-esrev1-ctr-64dpb	otelcol_exporter_queue_batch_send_size_sum	460291
1781386183	snap	3600	otelcol	otelcol-sb-esrev1-ctr-64dpb	otelcol_exporter_send_failed_spans	0
1781386183	snap	3600	otelcol	otelcol-sb-esrev1-ctr-64dpb	otelcol_exporter_queue_size	606
1781386183	snap	3600	otelcol	otelcol-sb-esrev1-ctr-64dpb	otelcol_process_runtime_total_alloc_bytes	673588760
1781386183	snap	3600	otelcol	otelcol-sb-esrev1-ctr-64dpb	otelcol_processor_batch_metadata_cardinality	1
1781386183	snap	3600	otelcol	otelcol-sb-esrev1-ctr-64dpb	otelcol_process_runtime_heap_alloc_bytes	138012472
1781386183	snap	3600	otelcol	otelcol-sb-esrev1-ctr-64dpb	otelcol_processor_batch_timeout_trigger_send	1511
1781386183	snap	3600	otelcol	otelcol-sb-esrev1-ctr-64dpb	otelcol_process_memory_rss	329089024
1781386183	snap	3600	otelcol	otelcol-sb-esrev1-ctr-64dpb	otelcol_receiver_refused_spans	665475
1781386183	snap	3600	otelcol	otelcol-sb-esrev1-ctr-64dpb	otelcol_receiver_failed_spans	0
1781386183	snap	3600	otelcol	otelcol-sb-esrev1-ctr-64dpb	otelcol_receiver_accepted_spans	460291
1781386183	snap	3600	otelcol	otelcol-sb-esrev1-ctr-64dpb	otelcol_processor_incoming_items	1125766
1781386183	snap	3600	otelcol	otelcol-sb-esrev1-ctr-64dpb	otelcol_process_cpu_seconds	22
1781386183	snap	3600	otelcol	otelcol-sb-esrev1-ctr-64dpb	otelcol_exporter_queue_capacity	1001
1781386183	snap	3600	otelcol	otelcol-sb-esrev1-ctr-64dpb	otelcol_processor_outgoing_items	460291
1781386183	snap	3600	otelcol	otelcol-sb-esrev1-ctr-64dpb	otelcol_processor_batch_batch_send_size_sum	460291
1781386183	snap	3600	otelcol	otelcol-sb-esrev1-ctr-64dpb	otelcol_process_uptime	789
1781386183	snap	3600	otelcol	otelcol-sb-esrev1-ctr-64dpb	otelcol_process_runtime_total_sys_memory_bytes	196671784
1781386183	snap	3600	otelcol	otelcol-sb-esrev1-ctr-64dpb	otelcol_exporter_sent_spans	178688
1781386183	snap	3600	otelcol	otelcol-sb-esrev1-ctr-lmnfn	otelcol_processor_batch_timeout_trigger_send	1732
1781386183	snap	3600	otelcol	otelcol-sb-esrev1-ctr-lmnfn	otelcol_processor_batch_batch_send_size_sum	907539
1781386183	snap	3600	otelcol	otelcol-sb-esrev1-ctr-lmnfn	otelcol_process_runtime_total_alloc_bytes	2789955368
1781386183	snap	3600	otelcol	otelcol-sb-esrev1-ctr-lmnfn	otelcol_process_runtime_heap_alloc_bytes	143240696
1781386183	snap	3600	otelcol	otelcol-sb-esrev1-ctr-lmnfn	otelcol_exporter_queue_batch_send_size_sum	907539
1781386183	snap	3600	otelcol	otelcol-sb-esrev1-ctr-lmnfn	otelcol_process_uptime	789
1781386183	snap	3600	otelcol	otelcol-sb-esrev1-ctr-lmnfn	otelcol_process_cpu_seconds	57
1781386183	snap	3600	otelcol	otelcol-sb-esrev1-ctr-lmnfn	otelcol_exporter_send_failed_spans	0
1781386183	snap	3600	otelcol	otelcol-sb-esrev1-ctr-lmnfn	otelcol_exporter_sent_spans	615437
1781386183	snap	3600	otelcol	otelcol-sb-esrev1-ctr-lmnfn	otelcol_receiver_refused_spans	3670827
1781386183	snap	3600	otelcol	otelcol-sb-esrev1-ctr-lmnfn	otelcol_processor_incoming_items	4578366
1781386183	snap	3600	otelcol	otelcol-sb-esrev1-ctr-lmnfn	otelcol_receiver_accepted_spans	907539
1781386183	snap	3600	otelcol	otelcol-sb-esrev1-ctr-lmnfn	otelcol_processor_outgoing_items	907539
1781386183	snap	3600	otelcol	otelcol-sb-esrev1-ctr-lmnfn	otelcol_process_runtime_total_sys_memory_bytes	207014200
1781386183	snap	3600	otelcol	otelcol-sb-esrev1-ctr-lmnfn	otelcol_process_memory_rss	321560576
1781386183	snap	3600	otelcol	otelcol-sb-esrev1-ctr-lmnfn	otelcol_receiver_failed_spans	0
1781386183	snap	3600	otelcol	otelcol-sb-esrev1-ctr-lmnfn	otelcol_processor_batch_metadata_cardinality	1
1781386183	snap	3600	otelcol	otelcol-sb-esrev1-ctr-lmnfn	otelcol_exporter_queue_size	652
1781386183	snap	3600	otelcol	otelcol-sb-esrev1-ctr-lmnfn	otelcol_exporter_queue_capacity	1001
1781386183	snap	3600	k8s	otelcol-sb-esrev1-ctr-5hn7z	restart_count	0
1781386183	snap	3600	k8s	otelcol-sb-esrev1-ctr-64dpb	restart_count	0
1781386183	snap	3600	k8s	otelcol-sb-esrev1-ctr-9j7x7	restart_count	0
1781386183	snap	3600	k8s	otelcol-sb-esrev1-ctr-jjcwc	restart_count	0
1781386183	snap	3600	k8s	otelcol-sb-esrev1-ctr-lmnfn	restart_count	0
1781386183	snap	3600	k8s	otelcol-sb-esrev1-ctr-m57hx	restart_count	0
1781386183	snap	3600	k8s	otelcol-sb-esrev1-ctr-qd64d	restart_count	0
1781386183	snap	3600	k8s	otelcol-sb-esrev1-ctr-rbg9n	restart_count	0
1781386183	snap	3600	k8s	otelcol-sb-esrev1-ctr-w5r65	restart_count	0
1781386183	snap	3600	sdk	wrk2api	spans_received	2328479
1781386183	snap	3600	sdk	wrk2api	spans_sent	647761
1781386183	snap	3600	sdk	wrk2api	spans_dropped	0
1781386183	snap	3600	sdk	wrk2api	spans_flushed	2328479
1781386183	snap	3600	sdk	wrk2api	batches_sent	5037
1781386183	snap	3600	sdk	wrk2api	batches_dropped	0
1781386183	snap	3600	sdk	wrk2api	send_unavailable	0
1781386183	snap	3600	sdk	wrk2api	send_deadline	0
1781386183	snap	3600	sdk	wrk2api	send_exhausted	0
1781386183	snap	3600	sdk	wrk2api	send_canceled	0
1781386183	snap	3600	sdk	wrk2api	send_other	0
1781386183	snap	3600	sdk	wrk2api	buffer_depth	0
0
1781386183	snap	3600	sdk	wrk2api	cp_received	1164118
1781386183	snap	3600	sdk	wrk2api	lp_received	1164361
1781386183	snap	3600	sdk	wrk2api	cp_sent	472262
1781386183	snap	3600	sdk	wrk2api	lp_sent	175499
1781386183	snap	3600	sdk	wrk2api	cp_dropped	0
1781386183	snap	3600	sdk	wrk2api	lp_dropped	0
1781386183	snap	3600	sdk	composepost	spans_received	9006191
1781386183	snap	3600	sdk	composepost	spans_sent	1329548
1781386183	snap	3600	sdk	composepost	spans_dropped	7676643
1781386183	snap	3600	sdk	composepost	spans_flushed	9006191
1781386183	snap	3600	sdk	composepost	batches_sent	13829
1781386183	snap	3600	sdk	composepost	batches_dropped	30977
1781386183	snap	3600	sdk	composepost	send_unavailable	19664
1781386183	snap	3600	sdk	composepost	send_deadline	11313
1781386183	snap	3600	sdk	composepost	send_exhausted	0
1781386183	snap	3600	sdk	composepost	send_canceled	0
1781386183	snap	3600	sdk	composepost	send_other	0
1781386183	snap	3600	sdk	composepost	buffer_depth	0
0
1781386183	snap	3600	sdk	composepost	cp_received	7880416
1781386183	snap	3600	sdk	composepost	lp_received	1125775
1781386183	snap	3600	sdk	composepost	cp_sent	1260299
1781386183	snap	3600	sdk	composepost	lp_sent	69249
1781386183	snap	3600	sdk	composepost	cp_dropped	6620117
1781386183	snap	3600	sdk	composepost	lp_dropped	1056526
1781386183	snap	3600	sdk	hometimeline	spans_received	2251532
1781386183	snap	3600	sdk	hometimeline	spans_sent	138442
1781386183	snap	3600	sdk	hometimeline	spans_dropped	2113090
1781386183	snap	3600	sdk	hometimeline	spans_flushed	2251532
1781386183	snap	3600	sdk	hometimeline	batches_sent	2574
1781386183	snap	3600	sdk	hometimeline	batches_dropped	8655
1781386183	snap	3600	sdk	hometimeline	send_unavailable	8293
1781386183	snap	3600	sdk	hometimeline	send_deadline	362
1781386183	snap	3600	sdk	hometimeline	send_exhausted	0
1781386183	snap	3600	sdk	hometimeline	send_canceled	0
1781386183	snap	3600	sdk	hometimeline	send_other	0
1781386183	snap	3600	sdk	hometimeline	buffer_depth	0
0
1781386183	snap	3600	sdk	hometimeline	cp_received	0
1781386183	snap	3600	sdk	hometimeline	lp_received	2251532
1781386183	snap	3600	sdk	hometimeline	cp_sent	0
1781386183	snap	3600	sdk	hometimeline	lp_sent	138442
1781386183	snap	3600	sdk	hometimeline	cp_dropped	0
1781386183	snap	3600	sdk	hometimeline	lp_dropped	2113090
1781386183	snap	3600	sdk	media	spans_received	1125775
1781386183	snap	3600	sdk	media	spans_sent	473104
1781386183	snap	3600	sdk	media	spans_dropped	652671
1781386183	snap	3600	sdk	media	spans_flushed	1125775
1781386183	snap	3600	sdk	media	batches_sent	2993
1781386183	snap	3600	sdk	media	batches_dropped	2585
1781386183	snap	3600	sdk	media	send_unavailable	2585
1781386183	snap	3600	sdk	media	send_deadline	0
1781386183	snap	3600	sdk	media	send_exhausted	0
1781386183	snap	3600	sdk	media	send_canceled	0
1781386183	snap	3600	sdk	media	send_other	0
1781386183	snap	3600	sdk	media	buffer_depth	0
0
1781386183	snap	3600	sdk	media	cp_received	1125775
1781386183	snap	3600	sdk	media	lp_received	0
1781386183	snap	3600	sdk	media	cp_sent	473104
1781386183	snap	3600	sdk	media	lp_sent	0
1781386183	snap	3600	sdk	media	cp_dropped	652671
1781386183	snap	3600	sdk	media	lp_dropped	0
1781386183	snap	3600	sdk	post-storage	spans_received	1125766
1781386183	snap	3600	sdk	post-storage	spans_sent	460291
1781386183	snap	3600	sdk	post-storage	spans_dropped	665475
1781386183	snap	3600	sdk	post-storage	spans_flushed	1125766
1781386183	snap	3600	sdk	post-storage	batches_sent	3008
1781386183	snap	3600	sdk	post-storage	batches_dropped	2590
1781386183	snap	3600	sdk	post-storage	send_unavailable	2590
1781386183	snap	3600	sdk	post-storage	send_deadline	0
1781386183	snap	3600	sdk	post-storage	send_exhausted	0
1781386183	snap	3600	sdk	post-storage	send_canceled	0
1781386183	snap	3600	sdk	post-storage	send_other	0
1781386183	snap	3600	sdk	post-storage	buffer_depth	0
0
1781386183	snap	3600	sdk	post-storage	cp_received	1125766
1781386183	snap	3600	sdk	post-storage	lp_received	0
1781386183	snap	3600	sdk	post-storage	cp_sent	460291
1781386183	snap	3600	sdk	post-storage	lp_sent	0
1781386183	snap	3600	sdk	post-storage	cp_dropped	665475
1781386183	snap	3600	sdk	post-storage	lp_dropped	0
1781386183	snap	3600	sdk	socialgraph	spans_received	1239600
1781386183	snap	3600	sdk	socialgraph	spans_sent	574296
1781386183	snap	3600	sdk	socialgraph	spans_dropped	665304
1781386183	snap	3600	sdk	socialgraph	spans_flushed	1239600
1781386183	snap	3600	sdk	socialgraph	batches_sent	3522
1781386183	snap	3600	sdk	socialgraph	batches_dropped	2581
1781386183	snap	3600	sdk	socialgraph	send_unavailable	2581
1781386183	snap	3600	sdk	socialgraph	send_deadline	0
1781386183	snap	3600	sdk	socialgraph	send_exhausted	0
1781386183	snap	3600	sdk	socialgraph	send_canceled	0
1781386183	snap	3600	sdk	socialgraph	send_other	0
1781386183	snap	3600	sdk	socialgraph	buffer_depth	0
0
1781386183	snap	3600	sdk	socialgraph	cp_received	1201976
1781386183	snap	3600	sdk	socialgraph	lp_received	37624
1781386183	snap	3600	sdk	socialgraph	cp_sent	539836
1781386183	snap	3600	sdk	socialgraph	lp_sent	34460
1781386183	snap	3600	sdk	socialgraph	cp_dropped	662140
1781386183	snap	3600	sdk	socialgraph	lp_dropped	3164
1781386183	snap	3600	sdk	text	spans_received	3377343
1781386183	snap	3600	sdk	text	spans_sent	359187
1781386183	snap	3600	sdk	text	spans_dropped	3018156
1781386183	snap	3600	sdk	text	spans_flushed	3377343
1781386183	snap	3600	sdk	text	batches_sent	4632
1781386183	snap	3600	sdk	text	batches_dropped	12140
1781386183	snap	3600	sdk	text	send_unavailable	12140
1781386183	snap	3600	sdk	text	send_deadline	0
1781386183	snap	3600	sdk	text	send_exhausted	0
1781386183	snap	3600	sdk	text	send_canceled	0
1781386183	snap	3600	sdk	text	send_other	0
1781386183	snap	3600	sdk	text	buffer_depth	0
0
1781386183	snap	3600	sdk	text	cp_received	0
1781386183	snap	3600	sdk	text	lp_received	3377343
1781386183	snap	3600	sdk	text	cp_sent	0
1781386183	snap	3600	sdk	text	lp_sent	359187
1781386183	snap	3600	sdk	text	cp_dropped	0
1781386183	snap	3600	sdk	text	lp_dropped	3018156
1781386183	snap	3600	sdk	uniqueid	spans_received	1125775
1781386183	snap	3600	sdk	uniqueid	spans_sent	334544
1781386183	snap	3600	sdk	uniqueid	spans_dropped	791231
1781386183	snap	3600	sdk	uniqueid	spans_flushed	1125775
1781386183	snap	3600	sdk	uniqueid	batches_sent	2460
1781386183	snap	3600	sdk	uniqueid	batches_dropped	3129
1781386183	snap	3600	sdk	uniqueid	send_unavailable	3129
1781386183	snap	3600	sdk	uniqueid	send_deadline	0
1781386183	snap	3600	sdk	uniqueid	send_exhausted	0
1781386183	snap	3600	sdk	uniqueid	send_canceled	0
1781386183	snap	3600	sdk	uniqueid	send_other	0
1781386183	snap	3600	sdk	uniqueid	buffer_depth	0
0
1781386183	snap	3600	sdk	uniqueid	cp_received	1125775
1781386183	snap	3600	sdk	uniqueid	lp_received	0
1781386183	snap	3600	sdk	uniqueid	cp_sent	334544
1781386183	snap	3600	sdk	uniqueid	lp_sent	0
1781386183	snap	3600	sdk	uniqueid	cp_dropped	791231
1781386183	snap	3600	sdk	uniqueid	lp_dropped	0
1781386183	snap	3600	sdk	urlshorten	spans_received	1125775
1781386183	snap	3600	sdk	urlshorten	spans_sent	458274
1781386183	snap	3600	sdk	urlshorten	spans_dropped	667501
1781386183	snap	3600	sdk	urlshorten	spans_flushed	1125775
1781386183	snap	3600	sdk	urlshorten	batches_sent	2984
1781386183	snap	3600	sdk	urlshorten	batches_dropped	2582
1781386183	snap	3600	sdk	urlshorten	send_unavailable	2582
1781386183	snap	3600	sdk	urlshorten	send_deadline	0
1781386183	snap	3600	sdk	urlshorten	send_exhausted	0
1781386183	snap	3600	sdk	urlshorten	send_canceled	0
1781386183	snap	3600	sdk	urlshorten	send_other	0
1781386183	snap	3600	sdk	urlshorten	buffer_depth	0
0
1781386183	snap	3600	sdk	urlshorten	cp_received	1125775
1781386183	snap	3600	sdk	urlshorten	lp_received	0
1781386183	snap	3600	sdk	urlshorten	cp_sent	458274
1781386183	snap	3600	sdk	urlshorten	lp_sent	0
1781386183	snap	3600	sdk	urlshorten	cp_dropped	667501
1781386183	snap	3600	sdk	urlshorten	lp_dropped	0
1781386183	snap	3600	sdk	user	spans_received	1127699
1781386183	snap	3600	sdk	user	spans_sent	217136
1781386183	snap	3600	sdk	user	spans_dropped	910563
1781386183	snap	3600	sdk	user	spans_flushed	1127699
1781386183	snap	3600	sdk	user	batches_sent	1960
1781386183	snap	3600	sdk	user	batches_dropped	3628
1781386183	snap	3600	sdk	user	send_unavailable	3624
1781386183	snap	3600	sdk	user	send_deadline	4
1781386183	snap	3600	sdk	user	send_exhausted	0
1781386183	snap	3600	sdk	user	send_canceled	0
1781386183	snap	3600	sdk	user	send_other	0
1781386183	snap	3600	sdk	user	buffer_depth	0
0
1781386183	snap	3600	sdk	user	cp_received	1126737
1781386183	snap	3600	sdk	user	lp_received	962
1781386183	snap	3600	sdk	user	cp_sent	216174
1781386183	snap	3600	sdk	user	lp_sent	962
1781386183	snap	3600	sdk	user	cp_dropped	910563
1781386183	snap	3600	sdk	user	lp_dropped	0
1781386183	snap	3600	sdk	userid	spans_received	75248
1781386183	snap	3600	sdk	userid	spans_sent	75248
1781386183	snap	3600	sdk	userid	spans_dropped	0
1781386183	snap	3600	sdk	userid	spans_flushed	75248
1781386183	snap	3600	sdk	userid	batches_sent	250
1781386183	snap	3600	sdk	userid	batches_dropped	0
1781386183	snap	3600	sdk	userid	send_unavailable	0
1781386183	snap	3600	sdk	userid	send_deadline	0
1781386183	snap	3600	sdk	userid	send_exhausted	0
1781386183	snap	3600	sdk	userid	send_canceled	0
1781386183	snap	3600	sdk	userid	send_other	0
1781386183	snap	3600	sdk	userid	buffer_depth	0
0
1781386183	snap	3600	sdk	userid	cp_received	75248
1781386183	snap	3600	sdk	userid	lp_received	0
1781386183	snap	3600	sdk	userid	cp_sent	75248
1781386183	snap	3600	sdk	userid	lp_sent	0
1781386183	snap	3600	sdk	userid	cp_dropped	0
1781386183	snap	3600	sdk	userid	lp_dropped	0
1781386183	snap	3600	sdk	usermention	spans_received	1125775
1781386183	snap	3600	sdk	usermention	spans_sent	335972
1781386183	snap	3600	sdk	usermention	spans_dropped	789803
1781386183	snap	3600	sdk	usermention	spans_flushed	1125775
1781386183	snap	3600	sdk	usermention	batches_sent	2479
1781386183	snap	3600	sdk	usermention	batches_dropped	3118
1781386183	snap	3600	sdk	usermention	send_unavailable	3118
1781386183	snap	3600	sdk	usermention	send_deadline	0
1781386183	snap	3600	sdk	usermention	send_exhausted	0
1781386183	snap	3600	sdk	usermention	send_canceled	0
1781386183	snap	3600	sdk	usermention	send_other	0
1781386183	snap	3600	sdk	usermention	buffer_depth	0
0
1781386183	snap	3600	sdk	usermention	cp_received	1125775
1781386183	snap	3600	sdk	usermention	lp_received	0
1781386183	snap	3600	sdk	usermention	cp_sent	335972
1781386183	snap	3600	sdk	usermention	lp_sent	0
1781386183	snap	3600	sdk	usermention	cp_dropped	789803
1781386183	snap	3600	sdk	usermention	lp_dropped	0
1781386183	snap	3600	sdk	usertimeline	spans_received	1125766
1781386183	snap	3600	sdk	usertimeline	spans_sent	454860
1781386183	snap	3600	sdk	usertimeline	spans_dropped	670906
1781386183	snap	3600	sdk	usertimeline	spans_flushed	1125766
1781386183	snap	3600	sdk	usertimeline	batches_sent	3003
1781386183	snap	3600	sdk	usertimeline	batches_dropped	2652
1781386183	snap	3600	sdk	usertimeline	send_unavailable	2652
1781386183	snap	3600	sdk	usertimeline	send_deadline	0
1781386183	snap	3600	sdk	usertimeline	send_exhausted	0
1781386183	snap	3600	sdk	usertimeline	send_canceled	0
1781386183	snap	3600	sdk	usertimeline	send_other	0
1781386183	snap	3600	sdk	usertimeline	buffer_depth	0
0
1781386183	snap	3600	sdk	usertimeline	cp_received	1125766
1781386183	snap	3600	sdk	usertimeline	lp_received	0
1781386183	snap	3600	sdk	usertimeline	cp_sent	454860
1781386183	snap	3600	sdk	usertimeline	lp_sent	0
1781386183	snap	3600	sdk	usertimeline	cp_dropped	670906
1781386183	snap	3600	sdk	usertimeline	lp_dropped	0
1781386250	snap	3600	otelcol	otelcol-sb-esrev1-ctr-w5r65	otelcol_processor_incoming_items	1333554
1781386250	snap	3600	otelcol	otelcol-sb-esrev1-ctr-w5r65	otelcol_processor_batch_batch_send_size_sum	601189
1781386250	snap	3600	otelcol	otelcol-sb-esrev1-ctr-w5r65	otelcol_processor_outgoing_items	601189
1781386250	snap	3600	otelcol	otelcol-sb-esrev1-ctr-w5r65	otelcol_processor_batch_metadata_cardinality	1
1781386250	snap	3600	otelcol	otelcol-sb-esrev1-ctr-w5r65	otelcol_process_cpu_seconds	25
1781386250	snap	3600	otelcol	otelcol-sb-esrev1-ctr-w5r65	otelcol_processor_batch_timeout_trigger_send	1771
1781386250	snap	3600	otelcol	otelcol-sb-esrev1-ctr-w5r65	otelcol_receiver_refused_spans	732365
1781386250	snap	3600	otelcol	otelcol-sb-esrev1-ctr-w5r65	otelcol_process_runtime_total_sys_memory_bytes	197798200
1781386250	snap	3600	otelcol	otelcol-sb-esrev1-ctr-w5r65	otelcol_exporter_sent_spans	331222
1781386250	snap	3600	otelcol	otelcol-sb-esrev1-ctr-w5r65	otelcol_exporter_queue_size	604
1781386250	snap	3600	otelcol	otelcol-sb-esrev1-ctr-w5r65	otelcol_receiver_accepted_spans	601189
1781386250	snap	3600	otelcol	otelcol-sb-esrev1-ctr-w5r65	otelcol_process_uptime	858
1781386250	snap	3600	otelcol	otelcol-sb-esrev1-ctr-w5r65	otelcol_process_runtime_total_alloc_bytes	822365000
1781386250	snap	3600	otelcol	otelcol-sb-esrev1-ctr-w5r65	otelcol_process_runtime_heap_alloc_bytes	141566776
1781386250	snap	3600	otelcol	otelcol-sb-esrev1-ctr-w5r65	otelcol_exporter_send_failed_spans	0
1781386250	snap	3600	otelcol	otelcol-sb-esrev1-ctr-w5r65	otelcol_exporter_queue_batch_send_size_sum	601189
1781386250	snap	3600	otelcol	otelcol-sb-esrev1-ctr-w5r65	otelcol_receiver_failed_spans	0
1781386250	snap	3600	otelcol	otelcol-sb-esrev1-ctr-w5r65	otelcol_exporter_queue_capacity	1001
1781386250	snap	3600	otelcol	otelcol-sb-esrev1-ctr-w5r65	otelcol_process_memory_rss	323813376
1781386250	snap	3600	otelcol	otelcol-sb-esrev1-ctr-5hn7z	otelcol_processor_batch_metadata_cardinality	1
1781386250	snap	3600	otelcol	otelcol-sb-esrev1-ctr-5hn7z	otelcol_exporter_queue_capacity	1001
1781386250	snap	3600	otelcol	otelcol-sb-esrev1-ctr-5hn7z	otelcol_exporter_queue_batch_send_size_sum	478375
1781386250	snap	3600	otelcol	otelcol-sb-esrev1-ctr-5hn7z	otelcol_exporter_send_failed_spans	0
1781386250	snap	3600	otelcol	otelcol-sb-esrev1-ctr-5hn7z	otelcol_processor_batch_batch_send_size_sum	478375
1781386250	snap	3600	otelcol	otelcol-sb-esrev1-ctr-5hn7z	otelcol_processor_batch_timeout_trigger_send	1582
1781386250	snap	3600	otelcol	otelcol-sb-esrev1-ctr-5hn7z	otelcol_process_cpu_seconds	25
1781386250	snap	3600	otelcol	otelcol-sb-esrev1-ctr-5hn7z	otelcol_process_uptime	857
1781386250	snap	3600	otelcol	otelcol-sb-esrev1-ctr-5hn7z	otelcol_exporter_sent_spans	191035
1781386250	snap	3600	otelcol	otelcol-sb-esrev1-ctr-5hn7z	otelcol_receiver_failed_spans	0
1781386250	snap	3600	otelcol	otelcol-sb-esrev1-ctr-5hn7z	otelcol_process_runtime_total_sys_memory_bytes	197523752
1781386250	snap	3600	otelcol	otelcol-sb-esrev1-ctr-5hn7z	otelcol_receiver_refused_spans	741335
1781386250	snap	3600	otelcol	otelcol-sb-esrev1-ctr-5hn7z	otelcol_process_memory_rss	323346432
1781386250	snap	3600	otelcol	otelcol-sb-esrev1-ctr-5hn7z	otelcol_processor_incoming_items	1219710
1781386250	snap	3600	otelcol	otelcol-sb-esrev1-ctr-5hn7z	otelcol_process_runtime_total_alloc_bytes	753092816
1781386250	snap	3600	otelcol	otelcol-sb-esrev1-ctr-5hn7z	otelcol_process_runtime_heap_alloc_bytes	144231528
1781386250	snap	3600	otelcol	otelcol-sb-esrev1-ctr-5hn7z	otelcol_receiver_accepted_spans	478375
1781386250	snap	3600	otelcol	otelcol-sb-esrev1-ctr-5hn7z	otelcol_processor_outgoing_items	478375
1781386250	snap	3600	otelcol	otelcol-sb-esrev1-ctr-5hn7z	otelcol_exporter_queue_size	648
1781386250	snap	3600	otelcol	otelcol-sb-esrev1-ctr-m57hx	otelcol_process_memory_rss	179335168
1781386250	snap	3600	otelcol	otelcol-sb-esrev1-ctr-m57hx	otelcol_process_runtime_total_sys_memory_bytes	48269592
1781386250	snap	3600	otelcol	otelcol-sb-esrev1-ctr-m57hx	otelcol_exporter_queue_size	0
1781386250	snap	3600	otelcol	otelcol-sb-esrev1-ctr-m57hx	otelcol_exporter_queue_capacity	1001
1781386250	snap	3600	otelcol	otelcol-sb-esrev1-ctr-m57hx	otelcol_process_runtime_total_alloc_bytes	45787576
1781386250	snap	3600	otelcol	otelcol-sb-esrev1-ctr-m57hx	otelcol_process_uptime	855
1781386250	snap	3600	otelcol	otelcol-sb-esrev1-ctr-m57hx	otelcol_process_cpu_seconds	6
1781386250	snap	3600	otelcol	otelcol-sb-esrev1-ctr-m57hx	otelcol_processor_batch_metadata_cardinality	1
1781386250	snap	3600	otelcol	otelcol-sb-esrev1-ctr-m57hx	otelcol_process_runtime_heap_alloc_bytes	18165952
1781386250	snap	3600	otelcol	otelcol-sb-esrev1-ctr-9j7x7	otelcol_process_cpu_seconds	227
1781386250	snap	3600	otelcol	otelcol-sb-esrev1-ctr-9j7x7	otelcol_exporter_send_failed_spans	0
1781386250	snap	3600	otelcol	otelcol-sb-esrev1-ctr-9j7x7	otelcol_processor_incoming_items	17047722
1781386250	snap	3600	otelcol	otelcol-sb-esrev1-ctr-9j7x7	otelcol_process_memory_rss	318369792
1781386250	snap	3600	otelcol	otelcol-sb-esrev1-ctr-9j7x7	otelcol_exporter_sent_spans	631830
1781386250	snap	3600	otelcol	otelcol-sb-esrev1-ctr-9j7x7	otelcol_exporter_queue_batch_send_size_sum	925133
1781386250	snap	3600	otelcol	otelcol-sb-esrev1-ctr-9j7x7	otelcol_processor_outgoing_items	925133
1781386250	snap	3600	otelcol	otelcol-sb-esrev1-ctr-9j7x7	otelcol_processor_batch_batch_send_size_sum	925133
1781386250	snap	3600	otelcol	otelcol-sb-esrev1-ctr-9j7x7	otelcol_process_runtime_heap_alloc_bytes	135397120
1781386250	snap	3600	otelcol	otelcol-sb-esrev1-ctr-9j7x7	otelcol_process_runtime_total_sys_memory_bytes	229501240
1781386250	snap	3600	otelcol	otelcol-sb-esrev1-ctr-9j7x7	otelcol_receiver_refused_spans	16122589
1781386250	snap	3600	otelcol	otelcol-sb-esrev1-ctr-9j7x7	otelcol_processor_batch_metadata_cardinality	1
1781386250	snap	3600	otelcol	otelcol-sb-esrev1-ctr-9j7x7	otelcol_receiver_failed_spans	0
1781386250	snap	3600	otelcol	otelcol-sb-esrev1-ctr-9j7x7	otelcol_processor_batch_timeout_trigger_send	1297
1781386250	snap	3600	otelcol	otelcol-sb-esrev1-ctr-9j7x7	otelcol_exporter_queue_size	215
1781386250	snap	3600	otelcol	otelcol-sb-esrev1-ctr-9j7x7	otelcol_receiver_accepted_spans	925133
1781386250	snap	3600	otelcol	otelcol-sb-esrev1-ctr-9j7x7	otelcol_process_uptime	856
1781386250	snap	3600	otelcol	otelcol-sb-esrev1-ctr-9j7x7	otelcol_process_runtime_total_alloc_bytes	12231153552
1781386250	snap	3600	otelcol	otelcol-sb-esrev1-ctr-9j7x7	otelcol_exporter_queue_capacity	1001
1781386250	snap	3600	otelcol	otelcol-sb-esrev1-ctr-rbg9n	otelcol_exporter_queue_capacity	1001
1781386250	snap	3600	otelcol	otelcol-sb-esrev1-ctr-rbg9n	otelcol_process_cpu_seconds	225
1781386250	snap	3600	otelcol	otelcol-sb-esrev1-ctr-rbg9n	otelcol_exporter_send_failed_spans	0
1781386250	snap	3600	otelcol	otelcol-sb-esrev1-ctr-rbg9n	otelcol_receiver_refused_spans	8479435
1781386250	snap	3600	otelcol	otelcol-sb-esrev1-ctr-rbg9n	otelcol_process_runtime_total_alloc_bytes	9148885984
1781386250	snap	3600	otelcol	otelcol-sb-esrev1-ctr-rbg9n	otelcol_process_memory_rss	319737856
1781386250	snap	3600	otelcol	otelcol-sb-esrev1-ctr-rbg9n	otelcol_processor_batch_metadata_cardinality	1
1781386250	snap	3600	otelcol	otelcol-sb-esrev1-ctr-rbg9n	otelcol_processor_batch_timeout_trigger_send	996
1781386250	snap	3600	otelcol	otelcol-sb-esrev1-ctr-rbg9n	otelcol_receiver_failed_spans	0
1781386250	snap	3600	otelcol	otelcol-sb-esrev1-ctr-rbg9n	otelcol_processor_batch_batch_size_trigger_send	1
1781386250	snap	3600	otelcol	otelcol-sb-esrev1-ctr-rbg9n	otelcol_process_runtime_heap_alloc_bytes	133734568
1781386250	snap	3600	otelcol	otelcol-sb-esrev1-ctr-rbg9n	otelcol_exporter_sent_spans	1299297
1781386250	snap	3600	otelcol	otelcol-sb-esrev1-ctr-rbg9n	otelcol_processor_incoming_items	10055333
1781386250	snap	3600	otelcol	otelcol-sb-esrev1-ctr-rbg9n	otelcol_processor_outgoing_items	1575898
1781386250	snap	3600	otelcol	otelcol-sb-esrev1-ctr-rbg9n	otelcol_receiver_accepted_spans	1575898
1781386250	snap	3600	otelcol	otelcol-sb-esrev1-ctr-rbg9n	otelcol_processor_batch_batch_send_size_sum	1575898
1781386250	snap	3600	otelcol	otelcol-sb-esrev1-ctr-rbg9n	otelcol_process_uptime	855
1781386250	snap	3600	otelcol	otelcol-sb-esrev1-ctr-rbg9n	otelcol_exporter_queue_size	123
1781386250	snap	3600	otelcol	otelcol-sb-esrev1-ctr-rbg9n	otelcol_exporter_queue_batch_send_size_sum	1575898
1781386250	snap	3600	otelcol	otelcol-sb-esrev1-ctr-rbg9n	otelcol_process_runtime_total_sys_memory_bytes	237828424
1781386250	snap	3600	otelcol	otelcol-sb-esrev1-ctr-qd64d	otelcol_receiver_accepted_spans	724593
1781386250	snap	3600	otelcol	otelcol-sb-esrev1-ctr-qd64d	otelcol_process_runtime_total_sys_memory_bytes	198101304
1781386250	snap	3600	otelcol	otelcol-sb-esrev1-ctr-qd64d	otelcol_processor_incoming_items	2439528
1781386250	snap	3600	otelcol	otelcol-sb-esrev1-ctr-qd64d	otelcol_process_uptime	856
1781386250	snap	3600	otelcol	otelcol-sb-esrev1-ctr-qd64d	otelcol_exporter_send_failed_spans	0
1781386250	snap	3600	otelcol	otelcol-sb-esrev1-ctr-qd64d	otelcol_exporter_queue_capacity	1001
1781386250	snap	3600	otelcol	otelcol-sb-esrev1-ctr-qd64d	otelcol_processor_outgoing_items	724593
1781386250	snap	3600	otelcol	otelcol-sb-esrev1-ctr-qd64d	otelcol_exporter_queue_size	332
1781386250	snap	3600	otelcol	otelcol-sb-esrev1-ctr-qd64d	otelcol_processor_batch_metadata_cardinality	1
1781386250	snap	3600	otelcol	otelcol-sb-esrev1-ctr-qd64d	otelcol_processor_batch_timeout_trigger_send	1346
1781386250	snap	3600	otelcol	otelcol-sb-esrev1-ctr-qd64d	otelcol_process_runtime_heap_alloc_bytes	142159240
1781386250	snap	3600	otelcol	otelcol-sb-esrev1-ctr-qd64d	otelcol_processor_batch_batch_send_size_sum	724593
1781386250	snap	3600	otelcol	otelcol-sb-esrev1-ctr-qd64d	otelcol_process_memory_rss	322502656
1781386250	snap	3600	otelcol	otelcol-sb-esrev1-ctr-qd64d	otelcol_receiver_refused_spans	1714935
1781386250	snap	3600	otelcol	otelcol-sb-esrev1-ctr-qd64d	otelcol_process_cpu_seconds	42
1781386250	snap	3600	otelcol	otelcol-sb-esrev1-ctr-qd64d	otelcol_exporter_queue_batch_send_size_sum	724593
1781386250	snap	3600	otelcol	otelcol-sb-esrev1-ctr-qd64d	otelcol_receiver_failed_spans	0
1781386250	snap	3600	otelcol	otelcol-sb-esrev1-ctr-qd64d	otelcol_exporter_sent_spans	449395
1781386250	snap	3600	otelcol	otelcol-sb-esrev1-ctr-qd64d	otelcol_process_runtime_total_alloc_bytes	1566231352
1781386250	snap	3600	otelcol	otelcol-sb-esrev1-ctr-jjcwc	otelcol_process_runtime_total_alloc_bytes	760899528
1781386250	snap	3600	otelcol	otelcol-sb-esrev1-ctr-jjcwc	otelcol_process_runtime_heap_alloc_bytes	147536896
1781386250	snap	3600	otelcol	otelcol-sb-esrev1-ctr-jjcwc	otelcol_receiver_failed_spans	0
1781386250	snap	3600	otelcol	otelcol-sb-esrev1-ctr-jjcwc	otelcol_process_memory_rss	329609216
1781386250	snap	3600	otelcol	otelcol-sb-esrev1-ctr-jjcwc	otelcol_exporter_queue_size	590
1781386250	snap	3600	otelcol	otelcol-sb-esrev1-ctr-jjcwc	otelcol_receiver_accepted_spans	463359
1781386250	snap	3600	otelcol	otelcol-sb-esrev1-ctr-jjcwc	otelcol_processor_incoming_items	1219764
1781386250	snap	3600	otelcol	otelcol-sb-esrev1-ctr-jjcwc	otelcol_processor_batch_metadata_cardinality	1
1781386250	snap	3600	otelcol	otelcol-sb-esrev1-ctr-jjcwc	otelcol_exporter_queue_capacity	1001
1781386250	snap	3600	otelcol	otelcol-sb-esrev1-ctr-jjcwc	otelcol_processor_outgoing_items	463359
1781386250	snap	3600	otelcol	otelcol-sb-esrev1-ctr-jjcwc	otelcol_processor_batch_timeout_trigger_send	1519
1781386250	snap	3600	otelcol	otelcol-sb-esrev1-ctr-jjcwc	otelcol_process_runtime_total_sys_memory_bytes	197265720
1781386250	snap	3600	otelcol	otelcol-sb-esrev1-ctr-jjcwc	otelcol_receiver_refused_spans	756405
1781386250	snap	3600	otelcol	otelcol-sb-esrev1-ctr-jjcwc	otelcol_exporter_send_failed_spans	0
1781386250	snap	3600	otelcol	otelcol-sb-esrev1-ctr-jjcwc	otelcol_exporter_queue_batch_send_size_sum	463359
1781386250	snap	3600	otelcol	otelcol-sb-esrev1-ctr-jjcwc	otelcol_processor_batch_batch_send_size_sum	463359
1781386250	snap	3600	otelcol	otelcol-sb-esrev1-ctr-jjcwc	otelcol_process_cpu_seconds	24
1781386250	snap	3600	otelcol	otelcol-sb-esrev1-ctr-jjcwc	otelcol_process_uptime	857
1781386250	snap	3600	otelcol	otelcol-sb-esrev1-ctr-jjcwc	otelcol_exporter_sent_spans	188572
1781386250	snap	3600	otelcol	otelcol-sb-esrev1-ctr-64dpb	otelcol_exporter_queue_batch_send_size_sum	483192
1781386250	snap	3600	otelcol	otelcol-sb-esrev1-ctr-64dpb	otelcol_exporter_send_failed_spans	0
1781386250	snap	3600	otelcol	otelcol-sb-esrev1-ctr-64dpb	otelcol_exporter_queue_size	625
1781386250	snap	3600	otelcol	otelcol-sb-esrev1-ctr-64dpb	otelcol_process_runtime_total_alloc_bytes	723821360
1781386250	snap	3600	otelcol	otelcol-sb-esrev1-ctr-64dpb	otelcol_processor_batch_metadata_cardinality	1
1781386250	snap	3600	otelcol	otelcol-sb-esrev1-ctr-64dpb	otelcol_process_runtime_heap_alloc_bytes	139734160
1781386250	snap	3600	otelcol	otelcol-sb-esrev1-ctr-64dpb	otelcol_processor_batch_timeout_trigger_send	1573
1781386250	snap	3600	otelcol	otelcol-sb-esrev1-ctr-64dpb	otelcol_process_memory_rss	325185536
1781386250	snap	3600	otelcol	otelcol-sb-esrev1-ctr-64dpb	otelcol_receiver_refused_spans	736518
1781386250	snap	3600	otelcol	otelcol-sb-esrev1-ctr-64dpb	otelcol_receiver_failed_spans	0
1781386250	snap	3600	otelcol	otelcol-sb-esrev1-ctr-64dpb	otelcol_receiver_accepted_spans	483192
1781386250	snap	3600	otelcol	otelcol-sb-esrev1-ctr-64dpb	otelcol_processor_incoming_items	1219710
1781386250	snap	3600	otelcol	otelcol-sb-esrev1-ctr-64dpb	otelcol_process_cpu_seconds	24
1781386250	snap	3600	otelcol	otelcol-sb-esrev1-ctr-64dpb	otelcol_exporter_queue_capacity	1001
1781386250	snap	3600	otelcol	otelcol-sb-esrev1-ctr-64dpb	otelcol_processor_outgoing_items	483192
1781386250	snap	3600	otelcol	otelcol-sb-esrev1-ctr-64dpb	otelcol_processor_batch_batch_send_size_sum	483192
1781386250	snap	3600	otelcol	otelcol-sb-esrev1-ctr-64dpb	otelcol_process_uptime	856
1781386250	snap	3600	otelcol	otelcol-sb-esrev1-ctr-64dpb	otelcol_process_runtime_total_sys_memory_bytes	196671784
1781386250	snap	3600	otelcol	otelcol-sb-esrev1-ctr-64dpb	otelcol_exporter_sent_spans	197773
1781386250	snap	3600	otelcol	otelcol-sb-esrev1-ctr-lmnfn	otelcol_processor_batch_timeout_trigger_send	1802
1781386250	snap	3600	otelcol	otelcol-sb-esrev1-ctr-lmnfn	otelcol_processor_batch_batch_send_size_sum	932417
1781386250	snap	3600	otelcol	otelcol-sb-esrev1-ctr-lmnfn	otelcol_process_runtime_total_alloc_bytes	3042793912
1781386250	snap	3600	otelcol	otelcol-sb-esrev1-ctr-lmnfn	otelcol_process_runtime_heap_alloc_bytes	134312072
1781386250	snap	3600	otelcol	otelcol-sb-esrev1-ctr-lmnfn	otelcol_exporter_queue_batch_send_size_sum	932417
1781386250	snap	3600	otelcol	otelcol-sb-esrev1-ctr-lmnfn	otelcol_process_uptime	856
1781386250	snap	3600	otelcol	otelcol-sb-esrev1-ctr-lmnfn	otelcol_process_cpu_seconds	63
1781386250	snap	3600	otelcol	otelcol-sb-esrev1-ctr-lmnfn	otelcol_exporter_send_failed_spans	0
1781386250	snap	3600	otelcol	otelcol-sb-esrev1-ctr-lmnfn	otelcol_exporter_sent_spans	646473
1781386250	snap	3600	otelcol	otelcol-sb-esrev1-ctr-lmnfn	otelcol_receiver_refused_spans	4021905
1781386250	snap	3600	otelcol	otelcol-sb-esrev1-ctr-lmnfn	otelcol_processor_incoming_items	4954322
1781386250	snap	3600	otelcol	otelcol-sb-esrev1-ctr-lmnfn	otelcol_receiver_accepted_spans	932417
1781386250	snap	3600	otelcol	otelcol-sb-esrev1-ctr-lmnfn	otelcol_processor_outgoing_items	932417
1781386250	snap	3600	otelcol	otelcol-sb-esrev1-ctr-lmnfn	otelcol_process_runtime_total_sys_memory_bytes	207087928
1781386250	snap	3600	otelcol	otelcol-sb-esrev1-ctr-lmnfn	otelcol_process_memory_rss	318582784
1781386250	snap	3600	otelcol	otelcol-sb-esrev1-ctr-lmnfn	otelcol_receiver_failed_spans	0
1781386250	snap	3600	otelcol	otelcol-sb-esrev1-ctr-lmnfn	otelcol_processor_batch_metadata_cardinality	1
1781386250	snap	3600	otelcol	otelcol-sb-esrev1-ctr-lmnfn	otelcol_exporter_queue_size	652
1781386250	snap	3600	otelcol	otelcol-sb-esrev1-ctr-lmnfn	otelcol_exporter_queue_capacity	1001
1781386250	snap	3600	k8s	otelcol-sb-esrev1-ctr-5hn7z	restart_count	0
1781386250	snap	3600	k8s	otelcol-sb-esrev1-ctr-64dpb	restart_count	0
1781386250	snap	3600	k8s	otelcol-sb-esrev1-ctr-9j7x7	restart_count	0
1781386250	snap	3600	k8s	otelcol-sb-esrev1-ctr-jjcwc	restart_count	0
1781386250	snap	3600	k8s	otelcol-sb-esrev1-ctr-lmnfn	restart_count	0
1781386250	snap	3600	k8s	otelcol-sb-esrev1-ctr-m57hx	restart_count	0
1781386250	snap	3600	k8s	otelcol-sb-esrev1-ctr-qd64d	restart_count	0
1781386250	snap	3600	k8s	otelcol-sb-esrev1-ctr-rbg9n	restart_count	0
1781386250	snap	3600	k8s	otelcol-sb-esrev1-ctr-w5r65	restart_count	0
1781386250	snap	3600	sdk	wrk2api	spans_received	2515815
1781386250	snap	3600	sdk	wrk2api	spans_sent	678330
1781386250	snap	3600	sdk	wrk2api	spans_dropped	0
1781386250	snap	3600	sdk	wrk2api	spans_flushed	2515815
1781386250	snap	3600	sdk	wrk2api	batches_sent	5205
1781386250	snap	3600	sdk	wrk2api	batches_dropped	0
1781386250	snap	3600	sdk	wrk2api	send_unavailable	0
1781386250	snap	3600	sdk	wrk2api	send_deadline	0
1781386250	snap	3600	sdk	wrk2api	send_exhausted	0
1781386250	snap	3600	sdk	wrk2api	send_canceled	0
1781386250	snap	3600	sdk	wrk2api	send_other	0
1781386250	snap	3600	sdk	wrk2api	buffer_depth	0
0
1781386250	snap	3600	sdk	wrk2api	cp_received	1257465
1781386250	snap	3600	sdk	wrk2api	lp_received	1258350
1781386250	snap	3600	sdk	wrk2api	cp_sent	502831
1781386250	snap	3600	sdk	wrk2api	lp_sent	175499
1781386250	snap	3600	sdk	wrk2api	cp_dropped	0
1781386250	snap	3600	sdk	wrk2api	lp_dropped	0
1781386250	snap	3600	sdk	composepost	spans_received	9758450
1781386250	snap	3600	sdk	composepost	spans_sent	1430221
1781386250	snap	3600	sdk	composepost	spans_dropped	8328229
1781386250	snap	3600	sdk	composepost	spans_flushed	9758450
1781386250	snap	3600	sdk	composepost	batches_sent	14273
1781386250	snap	3600	sdk	composepost	batches_dropped	33953
1781386250	snap	3600	sdk	composepost	send_unavailable	22169
1781386250	snap	3600	sdk	composepost	send_deadline	11784
1781386250	snap	3600	sdk	composepost	send_exhausted	0
1781386250	snap	3600	sdk	composepost	send_canceled	0
1781386250	snap	3600	sdk	composepost	send_other	0
1781386250	snap	3600	sdk	composepost	buffer_depth	0
0
1781386250	snap	3600	sdk	composepost	cp_received	8538686
1781386250	snap	3600	sdk	composepost	lp_received	1219764
1781386250	snap	3600	sdk	composepost	cp_sent	1360972
1781386250	snap	3600	sdk	composepost	lp_sent	69249
1781386250	snap	3600	sdk	composepost	cp_dropped	7177714
1781386250	snap	3600	sdk	composepost	lp_dropped	1150515
1781386250	snap	3600	sdk	hometimeline	spans_received	2439446
1781386250	snap	3600	sdk	hometimeline	spans_sent	138442
1781386250	snap	3600	sdk	hometimeline	spans_dropped	2301004
1781386250	snap	3600	sdk	hometimeline	spans_flushed	2439446
1781386250	snap	3600	sdk	hometimeline	batches_sent	2574
1781386250	snap	3600	sdk	hometimeline	batches_dropped	9536
1781386250	snap	3600	sdk	hometimeline	send_unavailable	9163
1781386250	snap	3600	sdk	hometimeline	send_deadline	373
1781386250	snap	3600	sdk	hometimeline	send_exhausted	0
1781386250	snap	3600	sdk	hometimeline	send_canceled	0
1781386250	snap	3600	sdk	hometimeline	send_other	0
1781386250	snap	3600	sdk	hometimeline	buffer_depth	0
0
1781386250	snap	3600	sdk	hometimeline	cp_received	0
1781386250	snap	3600	sdk	hometimeline	lp_received	2439446
1781386250	snap	3600	sdk	hometimeline	cp_sent	0
1781386250	snap	3600	sdk	hometimeline	lp_sent	138442
1781386250	snap	3600	sdk	hometimeline	cp_dropped	0
1781386250	snap	3600	sdk	hometimeline	lp_dropped	2301004
1781386250	snap	3600	sdk	media	spans_received	1219764
1781386250	snap	3600	sdk	media	spans_sent	497982
1781386250	snap	3600	sdk	media	spans_dropped	721782
1781386250	snap	3600	sdk	media	spans_flushed	1219764
1781386250	snap	3600	sdk	media	batches_sent	3105
1781386250	snap	3600	sdk	media	batches_dropped	2896
1781386250	snap	3600	sdk	media	send_unavailable	2896
1781386250	snap	3600	sdk	media	send_deadline	0
1781386250	snap	3600	sdk	media	send_exhausted	0
1781386250	snap	3600	sdk	media	send_canceled	0
1781386250	snap	3600	sdk	media	send_other	0
1781386250	snap	3600	sdk	media	buffer_depth	0
0
1781386250	snap	3600	sdk	media	cp_received	1219764
1781386250	snap	3600	sdk	media	lp_received	0
1781386250	snap	3600	sdk	media	cp_sent	497982
1781386250	snap	3600	sdk	media	lp_sent	0
1781386250	snap	3600	sdk	media	cp_dropped	721782
1781386250	snap	3600	sdk	media	lp_dropped	0
1781386250	snap	3600	sdk	post-storage	spans_received	1219710
1781386250	snap	3600	sdk	post-storage	spans_sent	483192
1781386250	snap	3600	sdk	post-storage	spans_dropped	736518
1781386250	snap	3600	sdk	post-storage	spans_flushed	1219710
1781386250	snap	3600	sdk	post-storage	batches_sent	3108
1781386250	snap	3600	sdk	post-storage	batches_dropped	2912
1781386250	snap	3600	sdk	post-storage	send_unavailable	2912
1781386250	snap	3600	sdk	post-storage	send_deadline	0
1781386250	snap	3600	sdk	post-storage	send_exhausted	0
1781386250	snap	3600	sdk	post-storage	send_canceled	0
1781386250	snap	3600	sdk	post-storage	send_other	0
1781386250	snap	3600	sdk	post-storage	buffer_depth	0
0
1781386250	snap	3600	sdk	post-storage	cp_received	1219710
1781386250	snap	3600	sdk	post-storage	lp_received	0
1781386250	snap	3600	sdk	post-storage	cp_sent	483192
1781386250	snap	3600	sdk	post-storage	lp_sent	0
1781386250	snap	3600	sdk	post-storage	cp_dropped	736518
1781386250	snap	3600	sdk	post-storage	lp_dropped	0
1781386250	snap	3600	sdk	socialgraph	spans_received	1333554
1781386250	snap	3600	sdk	socialgraph	spans_sent	601189
1781386250	snap	3600	sdk	socialgraph	spans_dropped	732365
1781386250	snap	3600	sdk	socialgraph	spans_flushed	1333554
1781386250	snap	3600	sdk	socialgraph	batches_sent	3643
1781386250	snap	3600	sdk	socialgraph	batches_dropped	2887
1781386250	snap	3600	sdk	socialgraph	send_unavailable	2887
1781386250	snap	3600	sdk	socialgraph	send_deadline	0
1781386250	snap	3600	sdk	socialgraph	send_exhausted	0
1781386250	snap	3600	sdk	socialgraph	send_canceled	0
1781386250	snap	3600	sdk	socialgraph	send_other	0
1781386250	snap	3600	sdk	socialgraph	buffer_depth	0
0
1781386250	snap	3600	sdk	socialgraph	cp_received	1295930
1781386250	snap	3600	sdk	socialgraph	lp_received	37624
1781386250	snap	3600	sdk	socialgraph	cp_sent	566729
1781386250	snap	3600	sdk	socialgraph	lp_sent	34460
1781386250	snap	3600	sdk	socialgraph	cp_dropped	729201
1781386250	snap	3600	sdk	socialgraph	lp_dropped	3164
1781386250	snap	3600	sdk	text	spans_received	3659310
1781386250	snap	3600	sdk	text	spans_sent	359187
1781386250	snap	3600	sdk	text	spans_dropped	3300123
1781386250	snap	3600	sdk	text	spans_flushed	3659310
1781386250	snap	3600	sdk	text	batches_sent	4632
1781386250	snap	3600	sdk	text	batches_dropped	13403
1781386250	snap	3600	sdk	text	send_unavailable	13403
1781386250	snap	3600	sdk	text	send_deadline	0
1781386250	snap	3600	sdk	text	send_exhausted	0
1781386250	snap	3600	sdk	text	send_canceled	0
1781386250	snap	3600	sdk	text	send_other	0
1781386250	snap	3600	sdk	text	buffer_depth	0
0
1781386250	snap	3600	sdk	text	cp_received	0
1781386250	snap	3600	sdk	text	lp_received	3659310
1781386250	snap	3600	sdk	text	cp_sent	0
1781386250	snap	3600	sdk	text	lp_sent	359187
1781386250	snap	3600	sdk	text	cp_dropped	0
1781386250	snap	3600	sdk	text	lp_dropped	3300123
1781386250	snap	3600	sdk	uniqueid	spans_received	1219764
1781386250	snap	3600	sdk	uniqueid	spans_sent	361654
1781386250	snap	3600	sdk	uniqueid	spans_dropped	858110
1781386250	snap	3600	sdk	uniqueid	spans_flushed	1219764
1781386250	snap	3600	sdk	uniqueid	batches_sent	2573
1781386250	snap	3600	sdk	uniqueid	batches_dropped	3432
1781386250	snap	3600	sdk	uniqueid	send_unavailable	3432
1781386250	snap	3600	sdk	uniqueid	send_deadline	0
1781386250	snap	3600	sdk	uniqueid	send_exhausted	0
1781386250	snap	3600	sdk	uniqueid	send_canceled	0
1781386250	snap	3600	sdk	uniqueid	send_other	0
1781386250	snap	3600	sdk	uniqueid	buffer_depth	0
0
1781386250	snap	3600	sdk	uniqueid	cp_received	1219764
1781386250	snap	3600	sdk	uniqueid	lp_received	0
1781386250	snap	3600	sdk	uniqueid	cp_sent	361654
1781386250	snap	3600	sdk	uniqueid	lp_sent	0
1781386250	snap	3600	sdk	uniqueid	cp_dropped	858110
1781386250	snap	3600	sdk	uniqueid	lp_dropped	0
1781386250	snap	3600	sdk	urlshorten	spans_received	1219764
1781386250	snap	3600	sdk	urlshorten	spans_sent	463359
1781386250	snap	3600	sdk	urlshorten	spans_dropped	756405
1781386250	snap	3600	sdk	urlshorten	spans_flushed	1219764
1781386250	snap	3600	sdk	urlshorten	batches_sent	3007
1781386250	snap	3600	sdk	urlshorten	batches_dropped	2982
1781386250	snap	3600	sdk	urlshorten	send_unavailable	2982
1781386250	snap	3600	sdk	urlshorten	send_deadline	0
1781386250	snap	3600	sdk	urlshorten	send_exhausted	0
1781386250	snap	3600	sdk	urlshorten	send_canceled	0
1781386250	snap	3600	sdk	urlshorten	send_other	0
1781386250	snap	3600	sdk	urlshorten	buffer_depth	0
0
1781386250	snap	3600	sdk	urlshorten	cp_received	1219764
1781386250	snap	3600	sdk	urlshorten	lp_received	0
1781386250	snap	3600	sdk	urlshorten	cp_sent	463359
1781386250	snap	3600	sdk	urlshorten	lp_sent	0
1781386250	snap	3600	sdk	urlshorten	cp_dropped	756405
1781386250	snap	3600	sdk	urlshorten	lp_dropped	0
1781386250	snap	3600	sdk	user	spans_received	1221688
1781386250	snap	3600	sdk	user	spans_sent	227381
1781386250	snap	3600	sdk	user	spans_dropped	994307
1781386250	snap	3600	sdk	user	spans_flushed	1221688
1781386250	snap	3600	sdk	user	batches_sent	2003
1781386250	snap	3600	sdk	user	batches_dropped	4002
1781386250	snap	3600	sdk	user	send_unavailable	3998
1781386250	snap	3600	sdk	user	send_deadline	4
1781386250	snap	3600	sdk	user	send_exhausted	0
1781386250	snap	3600	sdk	user	send_canceled	0
1781386250	snap	3600	sdk	user	send_other	0
1781386250	snap	3600	sdk	user	buffer_depth	0
0
1781386250	snap	3600	sdk	user	cp_received	1220726
1781386250	snap	3600	sdk	user	lp_received	962
1781386250	snap	3600	sdk	user	cp_sent	226419
1781386250	snap	3600	sdk	user	lp_sent	962
1781386250	snap	3600	sdk	user	cp_dropped	994307
1781386250	snap	3600	sdk	user	lp_dropped	0
1781386250	snap	3600	sdk	userid	spans_received	75248
1781386250	snap	3600	sdk	userid	spans_sent	75248
1781386250	snap	3600	sdk	userid	spans_dropped	0
1781386250	snap	3600	sdk	userid	spans_flushed	75248
1781386250	snap	3600	sdk	userid	batches_sent	250
1781386250	snap	3600	sdk	userid	batches_dropped	0
1781386250	snap	3600	sdk	userid	send_unavailable	0
1781386250	snap	3600	sdk	userid	send_deadline	0
1781386250	snap	3600	sdk	userid	send_exhausted	0
1781386250	snap	3600	sdk	userid	send_canceled	0
1781386250	snap	3600	sdk	userid	send_other	0
1781386250	snap	3600	sdk	userid	buffer_depth	0
0
1781386250	snap	3600	sdk	userid	cp_received	75248
1781386250	snap	3600	sdk	userid	lp_received	0
1781386250	snap	3600	sdk	userid	cp_sent	75248
1781386250	snap	3600	sdk	userid	lp_sent	0
1781386250	snap	3600	sdk	userid	cp_dropped	0
1781386250	snap	3600	sdk	userid	lp_dropped	0
1781386250	snap	3600	sdk	usermention	spans_received	1219764
1781386250	snap	3600	sdk	usermention	spans_sent	362939
1781386250	snap	3600	sdk	usermention	spans_dropped	856825
1781386250	snap	3600	sdk	usermention	spans_flushed	1219764
1781386250	snap	3600	sdk	usermention	batches_sent	2595
1781386250	snap	3600	sdk	usermention	batches_dropped	3420
1781386250	snap	3600	sdk	usermention	send_unavailable	3420
1781386250	snap	3600	sdk	usermention	send_deadline	0
1781386250	snap	3600	sdk	usermention	send_exhausted	0
1781386250	snap	3600	sdk	usermention	send_canceled	0
1781386250	snap	3600	sdk	usermention	send_other	0
1781386250	snap	3600	sdk	usermention	buffer_depth	0
0
1781386250	snap	3600	sdk	usermention	cp_received	1219764
1781386250	snap	3600	sdk	usermention	lp_received	0
1781386250	snap	3600	sdk	usermention	cp_sent	362939
1781386250	snap	3600	sdk	usermention	lp_sent	0
1781386250	snap	3600	sdk	usermention	cp_dropped	856825
1781386250	snap	3600	sdk	usermention	lp_dropped	0
1781386250	snap	3600	sdk	usertimeline	spans_received	1219710
1781386250	snap	3600	sdk	usertimeline	spans_sent	478375
1781386250	snap	3600	sdk	usertimeline	spans_dropped	741335
1781386250	snap	3600	sdk	usertimeline	spans_flushed	1219710
1781386250	snap	3600	sdk	usertimeline	batches_sent	3115
1781386250	snap	3600	sdk	usertimeline	batches_dropped	2981
1781386250	snap	3600	sdk	usertimeline	send_unavailable	2981
1781386250	snap	3600	sdk	usertimeline	send_deadline	0
1781386250	snap	3600	sdk	usertimeline	send_exhausted	0
1781386250	snap	3600	sdk	usertimeline	send_canceled	0
1781386250	snap	3600	sdk	usertimeline	send_other	0
1781386250	snap	3600	sdk	usertimeline	buffer_depth	0
0
1781386250	snap	3600	sdk	usertimeline	cp_received	1219710
1781386250	snap	3600	sdk	usertimeline	lp_received	0
1781386250	snap	3600	sdk	usertimeline	cp_sent	478375
1781386250	snap	3600	sdk	usertimeline	lp_sent	0
1781386250	snap	3600	sdk	usertimeline	cp_dropped	741335
1781386250	snap	3600	sdk	usertimeline	lp_dropped	0
1781386257	snap	3800	otelcol	otelcol-sb-esrev1-ctr-w5r65	otelcol_processor_incoming_items	1333554
1781386257	snap	3800	otelcol	otelcol-sb-esrev1-ctr-w5r65	otelcol_processor_batch_batch_send_size_sum	601189
1781386257	snap	3800	otelcol	otelcol-sb-esrev1-ctr-w5r65	otelcol_processor_outgoing_items	601189
1781386257	snap	3800	otelcol	otelcol-sb-esrev1-ctr-w5r65	otelcol_processor_batch_metadata_cardinality	1
1781386257	snap	3800	otelcol	otelcol-sb-esrev1-ctr-w5r65	otelcol_process_cpu_seconds	26
1781386257	snap	3800	otelcol	otelcol-sb-esrev1-ctr-w5r65	otelcol_processor_batch_timeout_trigger_send	1771
1781386257	snap	3800	otelcol	otelcol-sb-esrev1-ctr-w5r65	otelcol_receiver_refused_spans	732365
1781386257	snap	3800	otelcol	otelcol-sb-esrev1-ctr-w5r65	otelcol_process_runtime_total_sys_memory_bytes	197798200
1781386257	snap	3800	otelcol	otelcol-sb-esrev1-ctr-w5r65	otelcol_exporter_sent_spans	332537
1781386257	snap	3800	otelcol	otelcol-sb-esrev1-ctr-w5r65	otelcol_exporter_queue_size	601
1781386257	snap	3800	otelcol	otelcol-sb-esrev1-ctr-w5r65	otelcol_receiver_accepted_spans	601189
1781386257	snap	3800	otelcol	otelcol-sb-esrev1-ctr-w5r65	otelcol_process_uptime	865
1781386257	snap	3800	otelcol	otelcol-sb-esrev1-ctr-w5r65	otelcol_process_runtime_total_alloc_bytes	823509312
1781386257	snap	3800	otelcol	otelcol-sb-esrev1-ctr-w5r65	otelcol_process_runtime_heap_alloc_bytes	142711088
1781386257	snap	3800	otelcol	otelcol-sb-esrev1-ctr-w5r65	otelcol_exporter_send_failed_spans	0
1781386257	snap	3800	otelcol	otelcol-sb-esrev1-ctr-w5r65	otelcol_exporter_queue_batch_send_size_sum	601189
1781386257	snap	3800	otelcol	otelcol-sb-esrev1-ctr-w5r65	otelcol_receiver_failed_spans	0
1781386257	snap	3800	otelcol	otelcol-sb-esrev1-ctr-w5r65	otelcol_exporter_queue_capacity	1001
1781386257	snap	3800	otelcol	otelcol-sb-esrev1-ctr-w5r65	otelcol_process_memory_rss	323813376
1781386257	snap	3800	otelcol	otelcol-sb-esrev1-ctr-5hn7z	otelcol_processor_batch_metadata_cardinality	1
1781386257	snap	3800	otelcol	otelcol-sb-esrev1-ctr-5hn7z	otelcol_exporter_queue_capacity	1001
1781386257	snap	3800	otelcol	otelcol-sb-esrev1-ctr-5hn7z	otelcol_exporter_queue_batch_send_size_sum	478375
1781386257	snap	3800	otelcol	otelcol-sb-esrev1-ctr-5hn7z	otelcol_exporter_send_failed_spans	0
1781386257	snap	3800	otelcol	otelcol-sb-esrev1-ctr-5hn7z	otelcol_processor_batch_batch_send_size_sum	478375
1781386257	snap	3800	otelcol	otelcol-sb-esrev1-ctr-5hn7z	otelcol_processor_batch_timeout_trigger_send	1582
1781386257	snap	3800	otelcol	otelcol-sb-esrev1-ctr-5hn7z	otelcol_process_cpu_seconds	25
1781386257	snap	3800	otelcol	otelcol-sb-esrev1-ctr-5hn7z	otelcol_process_uptime	863
1781386257	snap	3800	otelcol	otelcol-sb-esrev1-ctr-5hn7z	otelcol_exporter_sent_spans	192362
1781386257	snap	3800	otelcol	otelcol-sb-esrev1-ctr-5hn7z	otelcol_receiver_failed_spans	0
1781386257	snap	3800	otelcol	otelcol-sb-esrev1-ctr-5hn7z	otelcol_process_runtime_total_sys_memory_bytes	197523752
1781386257	snap	3800	otelcol	otelcol-sb-esrev1-ctr-5hn7z	otelcol_receiver_refused_spans	741335
1781386257	snap	3800	otelcol	otelcol-sb-esrev1-ctr-5hn7z	otelcol_process_memory_rss	323346432
1781386257	snap	3800	otelcol	otelcol-sb-esrev1-ctr-5hn7z	otelcol_processor_incoming_items	1219710
1781386257	snap	3800	otelcol	otelcol-sb-esrev1-ctr-5hn7z	otelcol_process_runtime_total_alloc_bytes	754049848
1781386257	snap	3800	otelcol	otelcol-sb-esrev1-ctr-5hn7z	otelcol_process_runtime_heap_alloc_bytes	145188560
1781386257	snap	3800	otelcol	otelcol-sb-esrev1-ctr-5hn7z	otelcol_receiver_accepted_spans	478375
1781386257	snap	3800	otelcol	otelcol-sb-esrev1-ctr-5hn7z	otelcol_processor_outgoing_items	478375
1781386257	snap	3800	otelcol	otelcol-sb-esrev1-ctr-5hn7z	otelcol_exporter_queue_size	645
1781386257	snap	3800	otelcol	otelcol-sb-esrev1-ctr-m57hx	otelcol_process_memory_rss	179335168
1781386257	snap	3800	otelcol	otelcol-sb-esrev1-ctr-m57hx	otelcol_process_runtime_total_sys_memory_bytes	48269592
1781386257	snap	3800	otelcol	otelcol-sb-esrev1-ctr-m57hx	otelcol_exporter_queue_size	0
1781386257	snap	3800	otelcol	otelcol-sb-esrev1-ctr-m57hx	otelcol_exporter_queue_capacity	1001
1781386257	snap	3800	otelcol	otelcol-sb-esrev1-ctr-m57hx	otelcol_process_runtime_total_alloc_bytes	46006624
1781386257	snap	3800	otelcol	otelcol-sb-esrev1-ctr-m57hx	otelcol_process_uptime	862
1781386257	snap	3800	otelcol	otelcol-sb-esrev1-ctr-m57hx	otelcol_process_cpu_seconds	6
1781386257	snap	3800	otelcol	otelcol-sb-esrev1-ctr-m57hx	otelcol_processor_batch_metadata_cardinality	1
1781386257	snap	3800	otelcol	otelcol-sb-esrev1-ctr-m57hx	otelcol_process_runtime_heap_alloc_bytes	18385000
1781386257	snap	3800	otelcol	otelcol-sb-esrev1-ctr-9j7x7	otelcol_process_cpu_seconds	227
1781386257	snap	3800	otelcol	otelcol-sb-esrev1-ctr-9j7x7	otelcol_exporter_send_failed_spans	0
1781386257	snap	3800	otelcol	otelcol-sb-esrev1-ctr-9j7x7	otelcol_processor_incoming_items	17047722
1781386257	snap	3800	otelcol	otelcol-sb-esrev1-ctr-9j7x7	otelcol_process_memory_rss	318369792
1781386257	snap	3800	otelcol	otelcol-sb-esrev1-ctr-9j7x7	otelcol_exporter_sent_spans	631830
1781386257	snap	3800	otelcol	otelcol-sb-esrev1-ctr-9j7x7	otelcol_exporter_queue_batch_send_size_sum	925133
1781386257	snap	3800	otelcol	otelcol-sb-esrev1-ctr-9j7x7	otelcol_processor_outgoing_items	925133
1781386257	snap	3800	otelcol	otelcol-sb-esrev1-ctr-9j7x7	otelcol_processor_batch_batch_send_size_sum	925133
1781386257	snap	3800	otelcol	otelcol-sb-esrev1-ctr-9j7x7	otelcol_process_runtime_heap_alloc_bytes	136374688
1781386257	snap	3800	otelcol	otelcol-sb-esrev1-ctr-9j7x7	otelcol_process_runtime_total_sys_memory_bytes	229501240
1781386257	snap	3800	otelcol	otelcol-sb-esrev1-ctr-9j7x7	otelcol_receiver_refused_spans	16122589
1781386257	snap	3800	otelcol	otelcol-sb-esrev1-ctr-9j7x7	otelcol_processor_batch_metadata_cardinality	1
1781386257	snap	3800	otelcol	otelcol-sb-esrev1-ctr-9j7x7	otelcol_receiver_failed_spans	0
1781386257	snap	3800	otelcol	otelcol-sb-esrev1-ctr-9j7x7	otelcol_processor_batch_timeout_trigger_send	1297
1781386257	snap	3800	otelcol	otelcol-sb-esrev1-ctr-9j7x7	otelcol_exporter_queue_size	215
1781386257	snap	3800	otelcol	otelcol-sb-esrev1-ctr-9j7x7	otelcol_receiver_accepted_spans	925133
1781386257	snap	3800	otelcol	otelcol-sb-esrev1-ctr-9j7x7	otelcol_process_uptime	863
1781386257	snap	3800	otelcol	otelcol-sb-esrev1-ctr-9j7x7	otelcol_process_runtime_total_alloc_bytes	12232131120
1781386257	snap	3800	otelcol	otelcol-sb-esrev1-ctr-9j7x7	otelcol_exporter_queue_capacity	1001
1781386257	snap	3800	otelcol	otelcol-sb-esrev1-ctr-rbg9n	otelcol_exporter_queue_capacity	1001
1781386257	snap	3800	otelcol	otelcol-sb-esrev1-ctr-rbg9n	otelcol_process_cpu_seconds	226
1781386257	snap	3800	otelcol	otelcol-sb-esrev1-ctr-rbg9n	otelcol_exporter_send_failed_spans	0
1781386257	snap	3800	otelcol	otelcol-sb-esrev1-ctr-rbg9n	otelcol_receiver_refused_spans	8479435
1781386257	snap	3800	otelcol	otelcol-sb-esrev1-ctr-rbg9n	otelcol_process_runtime_total_alloc_bytes	9156779752
1781386257	snap	3800	otelcol	otelcol-sb-esrev1-ctr-rbg9n	otelcol_process_memory_rss	322801664
1781386257	snap	3800	otelcol	otelcol-sb-esrev1-ctr-rbg9n	otelcol_processor_batch_metadata_cardinality	1
1781386257	snap	3800	otelcol	otelcol-sb-esrev1-ctr-rbg9n	otelcol_processor_batch_timeout_trigger_send	996
1781386257	snap	3800	otelcol	otelcol-sb-esrev1-ctr-rbg9n	otelcol_receiver_failed_spans	0
1781386257	snap	3800	otelcol	otelcol-sb-esrev1-ctr-rbg9n	otelcol_processor_batch_batch_size_trigger_send	1
1781386257	snap	3800	otelcol	otelcol-sb-esrev1-ctr-rbg9n	otelcol_process_runtime_heap_alloc_bytes	141628336
1781386257	snap	3800	otelcol	otelcol-sb-esrev1-ctr-rbg9n	otelcol_exporter_sent_spans	1314872
1781386257	snap	3800	otelcol	otelcol-sb-esrev1-ctr-rbg9n	otelcol_processor_incoming_items	10055333
1781386257	snap	3800	otelcol	otelcol-sb-esrev1-ctr-rbg9n	otelcol_processor_outgoing_items	1575898
1781386257	snap	3800	otelcol	otelcol-sb-esrev1-ctr-rbg9n	otelcol_receiver_accepted_spans	1575898
1781386257	snap	3800	otelcol	otelcol-sb-esrev1-ctr-rbg9n	otelcol_processor_batch_batch_send_size_sum	1575898
1781386257	snap	3800	otelcol	otelcol-sb-esrev1-ctr-rbg9n	otelcol_process_uptime	862
1781386257	snap	3800	otelcol	otelcol-sb-esrev1-ctr-rbg9n	otelcol_exporter_queue_size	117
1781386257	snap	3800	otelcol	otelcol-sb-esrev1-ctr-rbg9n	otelcol_exporter_queue_batch_send_size_sum	1575898
1781386257	snap	3800	otelcol	otelcol-sb-esrev1-ctr-rbg9n	otelcol_process_runtime_total_sys_memory_bytes	237828424
1781386257	snap	3800	otelcol	otelcol-sb-esrev1-ctr-qd64d	otelcol_receiver_accepted_spans	724593
1781386257	snap	3800	otelcol	otelcol-sb-esrev1-ctr-qd64d	otelcol_process_runtime_total_sys_memory_bytes	198101304
1781386257	snap	3800	otelcol	otelcol-sb-esrev1-ctr-qd64d	otelcol_processor_incoming_items	2439528
1781386257	snap	3800	otelcol	otelcol-sb-esrev1-ctr-qd64d	otelcol_process_uptime	863
1781386257	snap	3800	otelcol	otelcol-sb-esrev1-ctr-qd64d	otelcol_exporter_send_failed_spans	0
1781386257	snap	3800	otelcol	otelcol-sb-esrev1-ctr-qd64d	otelcol_exporter_queue_capacity	1001
1781386257	snap	3800	otelcol	otelcol-sb-esrev1-ctr-qd64d	otelcol_processor_outgoing_items	724593
1781386257	snap	3800	otelcol	otelcol-sb-esrev1-ctr-qd64d	otelcol_exporter_queue_size	330
1781386257	snap	3800	otelcol	otelcol-sb-esrev1-ctr-qd64d	otelcol_processor_batch_metadata_cardinality	1
1781386257	snap	3800	otelcol	otelcol-sb-esrev1-ctr-qd64d	otelcol_processor_batch_timeout_trigger_send	1346
1781386257	snap	3800	otelcol	otelcol-sb-esrev1-ctr-qd64d	otelcol_process_runtime_heap_alloc_bytes	143412216
1781386257	snap	3800	otelcol	otelcol-sb-esrev1-ctr-qd64d	otelcol_processor_batch_batch_send_size_sum	724593
1781386257	snap	3800	otelcol	otelcol-sb-esrev1-ctr-qd64d	otelcol_process_memory_rss	322502656
1781386257	snap	3800	otelcol	otelcol-sb-esrev1-ctr-qd64d	otelcol_receiver_refused_spans	1714935
1781386257	snap	3800	otelcol	otelcol-sb-esrev1-ctr-qd64d	otelcol_process_cpu_seconds	42
1781386257	snap	3800	otelcol	otelcol-sb-esrev1-ctr-qd64d	otelcol_exporter_queue_batch_send_size_sum	724593
1781386257	snap	3800	otelcol	otelcol-sb-esrev1-ctr-qd64d	otelcol_receiver_failed_spans	0
1781386257	snap	3800	otelcol	otelcol-sb-esrev1-ctr-qd64d	otelcol_exporter_sent_spans	451244
1781386257	snap	3800	otelcol	otelcol-sb-esrev1-ctr-qd64d	otelcol_process_runtime_total_alloc_bytes	1567484328
1781386257	snap	3800	otelcol	otelcol-sb-esrev1-ctr-jjcwc	otelcol_process_runtime_total_alloc_bytes	762083120
1781386257	snap	3800	otelcol	otelcol-sb-esrev1-ctr-jjcwc	otelcol_process_runtime_heap_alloc_bytes	148720488
1781386257	snap	3800	otelcol	otelcol-sb-esrev1-ctr-jjcwc	otelcol_receiver_failed_spans	0
1781386257	snap	3800	otelcol	otelcol-sb-esrev1-ctr-jjcwc	otelcol_process_memory_rss	329609216
1781386257	snap	3800	otelcol	otelcol-sb-esrev1-ctr-jjcwc	otelcol_exporter_queue_size	586
1781386257	snap	3800	otelcol	otelcol-sb-esrev1-ctr-jjcwc	otelcol_receiver_accepted_spans	463359
1781386257	snap	3800	otelcol	otelcol-sb-esrev1-ctr-jjcwc	otelcol_processor_incoming_items	1219764
1781386257	snap	3800	otelcol	otelcol-sb-esrev1-ctr-jjcwc	otelcol_processor_batch_metadata_cardinality	1
1781386257	snap	3800	otelcol	otelcol-sb-esrev1-ctr-jjcwc	otelcol_exporter_queue_capacity	1001
1781386257	snap	3800	otelcol	otelcol-sb-esrev1-ctr-jjcwc	otelcol_processor_outgoing_items	463359
1781386257	snap	3800	otelcol	otelcol-sb-esrev1-ctr-jjcwc	otelcol_processor_batch_timeout_trigger_send	1519
1781386257	snap	3800	otelcol	otelcol-sb-esrev1-ctr-jjcwc	otelcol_process_runtime_total_sys_memory_bytes	197265720
1781386257	snap	3800	otelcol	otelcol-sb-esrev1-ctr-jjcwc	otelcol_receiver_refused_spans	756405
1781386257	snap	3800	otelcol	otelcol-sb-esrev1-ctr-jjcwc	otelcol_exporter_send_failed_spans	0
1781386257	snap	3800	otelcol	otelcol-sb-esrev1-ctr-jjcwc	otelcol_exporter_queue_batch_send_size_sum	463359
1781386257	snap	3800	otelcol	otelcol-sb-esrev1-ctr-jjcwc	otelcol_processor_batch_batch_send_size_sum	463359
1781386257	snap	3800	otelcol	otelcol-sb-esrev1-ctr-jjcwc	otelcol_process_cpu_seconds	24
1781386257	snap	3800	otelcol	otelcol-sb-esrev1-ctr-jjcwc	otelcol_process_uptime	864
1781386257	snap	3800	otelcol	otelcol-sb-esrev1-ctr-jjcwc	otelcol_exporter_sent_spans	190318
1781386257	snap	3800	otelcol	otelcol-sb-esrev1-ctr-64dpb	otelcol_exporter_queue_batch_send_size_sum	483192
1781386257	snap	3800	otelcol	otelcol-sb-esrev1-ctr-64dpb	otelcol_exporter_send_failed_spans	0
1781386257	snap	3800	otelcol	otelcol-sb-esrev1-ctr-64dpb	otelcol_exporter_queue_size	625
1781386257	snap	3800	otelcol	otelcol-sb-esrev1-ctr-64dpb	otelcol_process_runtime_total_alloc_bytes	724685760
1781386257	snap	3800	otelcol	otelcol-sb-esrev1-ctr-64dpb	otelcol_processor_batch_metadata_cardinality	1
1781386257	snap	3800	otelcol	otelcol-sb-esrev1-ctr-64dpb	otelcol_process_runtime_heap_alloc_bytes	140598560
1781386257	snap	3800	otelcol	otelcol-sb-esrev1-ctr-64dpb	otelcol_processor_batch_timeout_trigger_send	1573
1781386257	snap	3800	otelcol	otelcol-sb-esrev1-ctr-64dpb	otelcol_process_memory_rss	325185536
1781386257	snap	3800	otelcol	otelcol-sb-esrev1-ctr-64dpb	otelcol_receiver_refused_spans	736518
1781386257	snap	3800	otelcol	otelcol-sb-esrev1-ctr-64dpb	otelcol_receiver_failed_spans	0
1781386257	snap	3800	otelcol	otelcol-sb-esrev1-ctr-64dpb	otelcol_receiver_accepted_spans	483192
1781386257	snap	3800	otelcol	otelcol-sb-esrev1-ctr-64dpb	otelcol_processor_incoming_items	1219710
1781386257	snap	3800	otelcol	otelcol-sb-esrev1-ctr-64dpb	otelcol_process_cpu_seconds	24
1781386257	snap	3800	otelcol	otelcol-sb-esrev1-ctr-64dpb	otelcol_exporter_queue_capacity	1001
1781386257	snap	3800	otelcol	otelcol-sb-esrev1-ctr-64dpb	otelcol_processor_outgoing_items	483192
1781386257	snap	3800	otelcol	otelcol-sb-esrev1-ctr-64dpb	otelcol_processor_batch_batch_send_size_sum	483192
1781386257	snap	3800	otelcol	otelcol-sb-esrev1-ctr-64dpb	otelcol_process_uptime	863
1781386257	snap	3800	otelcol	otelcol-sb-esrev1-ctr-64dpb	otelcol_process_runtime_total_sys_memory_bytes	196671784
1781386257	snap	3800	otelcol	otelcol-sb-esrev1-ctr-64dpb	otelcol_exporter_sent_spans	197773
1781386257	snap	3800	otelcol	otelcol-sb-esrev1-ctr-lmnfn	otelcol_processor_batch_timeout_trigger_send	1802
1781386257	snap	3800	otelcol	otelcol-sb-esrev1-ctr-lmnfn	otelcol_processor_batch_batch_send_size_sum	932417
1781386257	snap	3800	otelcol	otelcol-sb-esrev1-ctr-lmnfn	otelcol_process_runtime_total_alloc_bytes	3045409808
1781386257	snap	3800	otelcol	otelcol-sb-esrev1-ctr-lmnfn	otelcol_process_runtime_heap_alloc_bytes	136927968
1781386257	snap	3800	otelcol	otelcol-sb-esrev1-ctr-lmnfn	otelcol_exporter_queue_batch_send_size_sum	932417
1781386257	snap	3800	otelcol	otelcol-sb-esrev1-ctr-lmnfn	otelcol_process_uptime	863
1781386257	snap	3800	otelcol	otelcol-sb-esrev1-ctr-lmnfn	otelcol_process_cpu_seconds	63
1781386257	snap	3800	otelcol	otelcol-sb-esrev1-ctr-lmnfn	otelcol_exporter_send_failed_spans	0
1781386257	snap	3800	otelcol	otelcol-sb-esrev1-ctr-lmnfn	otelcol_exporter_sent_spans	653733
1781386257	snap	3800	otelcol	otelcol-sb-esrev1-ctr-lmnfn	otelcol_receiver_refused_spans	4021905
1781386257	snap	3800	otelcol	otelcol-sb-esrev1-ctr-lmnfn	otelcol_processor_incoming_items	4954322
1781386257	snap	3800	otelcol	otelcol-sb-esrev1-ctr-lmnfn	otelcol_receiver_accepted_spans	932417
1781386257	snap	3800	otelcol	otelcol-sb-esrev1-ctr-lmnfn	otelcol_processor_outgoing_items	932417
1781386257	snap	3800	otelcol	otelcol-sb-esrev1-ctr-lmnfn	otelcol_process_runtime_total_sys_memory_bytes	207087928
1781386257	snap	3800	otelcol	otelcol-sb-esrev1-ctr-lmnfn	otelcol_process_memory_rss	319266816
1781386257	snap	3800	otelcol	otelcol-sb-esrev1-ctr-lmnfn	otelcol_receiver_failed_spans	0
1781386257	snap	3800	otelcol	otelcol-sb-esrev1-ctr-lmnfn	otelcol_processor_batch_metadata_cardinality	1
1781386257	snap	3800	otelcol	otelcol-sb-esrev1-ctr-lmnfn	otelcol_exporter_queue_size	636
1781386257	snap	3800	otelcol	otelcol-sb-esrev1-ctr-lmnfn	otelcol_exporter_queue_capacity	1001
1781386257	snap	3800	k8s	otelcol-sb-esrev1-ctr-5hn7z	restart_count	0
1781386257	snap	3800	k8s	otelcol-sb-esrev1-ctr-64dpb	restart_count	0
1781386257	snap	3800	k8s	otelcol-sb-esrev1-ctr-9j7x7	restart_count	0
1781386257	snap	3800	k8s	otelcol-sb-esrev1-ctr-jjcwc	restart_count	0
1781386257	snap	3800	k8s	otelcol-sb-esrev1-ctr-lmnfn	restart_count	0
1781386257	snap	3800	k8s	otelcol-sb-esrev1-ctr-m57hx	restart_count	0
1781386257	snap	3800	k8s	otelcol-sb-esrev1-ctr-qd64d	restart_count	0
1781386257	snap	3800	k8s	otelcol-sb-esrev1-ctr-rbg9n	restart_count	0
1781386257	snap	3800	k8s	otelcol-sb-esrev1-ctr-w5r65	restart_count	0
1781386257	snap	3800	sdk	wrk2api	spans_received	2515815
1781386257	snap	3800	sdk	wrk2api	spans_sent	678330
1781386257	snap	3800	sdk	wrk2api	spans_dropped	0
1781386257	snap	3800	sdk	wrk2api	spans_flushed	2515815
1781386257	snap	3800	sdk	wrk2api	batches_sent	5205
1781386257	snap	3800	sdk	wrk2api	batches_dropped	0
1781386257	snap	3800	sdk	wrk2api	send_unavailable	0
1781386257	snap	3800	sdk	wrk2api	send_deadline	0
1781386257	snap	3800	sdk	wrk2api	send_exhausted	0
1781386257	snap	3800	sdk	wrk2api	send_canceled	0
1781386257	snap	3800	sdk	wrk2api	send_other	0
1781386257	snap	3800	sdk	wrk2api	buffer_depth	0
0
1781386257	snap	3800	sdk	wrk2api	cp_received	1257465
1781386257	snap	3800	sdk	wrk2api	lp_received	1258350
1781386257	snap	3800	sdk	wrk2api	cp_sent	502831
1781386257	snap	3800	sdk	wrk2api	lp_sent	175499
1781386257	snap	3800	sdk	wrk2api	cp_dropped	0
1781386257	snap	3800	sdk	wrk2api	lp_dropped	0
1781386257	snap	3800	sdk	composepost	spans_received	9758450
1781386257	snap	3800	sdk	composepost	spans_sent	1430221
1781386257	snap	3800	sdk	composepost	spans_dropped	8328229
1781386257	snap	3800	sdk	composepost	spans_flushed	9758450
1781386257	snap	3800	sdk	composepost	batches_sent	14273
1781386257	snap	3800	sdk	composepost	batches_dropped	33953
1781386257	snap	3800	sdk	composepost	send_unavailable	22169
1781386257	snap	3800	sdk	composepost	send_deadline	11784
1781386257	snap	3800	sdk	composepost	send_exhausted	0
1781386257	snap	3800	sdk	composepost	send_canceled	0
1781386257	snap	3800	sdk	composepost	send_other	0
1781386257	snap	3800	sdk	composepost	buffer_depth	0
0
1781386257	snap	3800	sdk	composepost	cp_received	8538686
1781386257	snap	3800	sdk	composepost	lp_received	1219764
1781386257	snap	3800	sdk	composepost	cp_sent	1360972
1781386257	snap	3800	sdk	composepost	lp_sent	69249
1781386257	snap	3800	sdk	composepost	cp_dropped	7177714
1781386257	snap	3800	sdk	composepost	lp_dropped	1150515
1781386257	snap	3800	sdk	hometimeline	spans_received	2439446
1781386257	snap	3800	sdk	hometimeline	spans_sent	138442
1781386257	snap	3800	sdk	hometimeline	spans_dropped	2301004
1781386257	snap	3800	sdk	hometimeline	spans_flushed	2439446
1781386257	snap	3800	sdk	hometimeline	batches_sent	2574
1781386257	snap	3800	sdk	hometimeline	batches_dropped	9536
1781386257	snap	3800	sdk	hometimeline	send_unavailable	9163
1781386257	snap	3800	sdk	hometimeline	send_deadline	373
1781386257	snap	3800	sdk	hometimeline	send_exhausted	0
1781386257	snap	3800	sdk	hometimeline	send_canceled	0
1781386257	snap	3800	sdk	hometimeline	send_other	0
1781386257	snap	3800	sdk	hometimeline	buffer_depth	0
0
1781386257	snap	3800	sdk	hometimeline	cp_received	0
1781386257	snap	3800	sdk	hometimeline	lp_received	2439446
1781386257	snap	3800	sdk	hometimeline	cp_sent	0
1781386257	snap	3800	sdk	hometimeline	lp_sent	138442
1781386257	snap	3800	sdk	hometimeline	cp_dropped	0
1781386257	snap	3800	sdk	hometimeline	lp_dropped	2301004
1781386257	snap	3800	sdk	media	spans_received	1219764
1781386257	snap	3800	sdk	media	spans_sent	497982
1781386257	snap	3800	sdk	media	spans_dropped	721782
1781386257	snap	3800	sdk	media	spans_flushed	1219764
1781386257	snap	3800	sdk	media	batches_sent	3105
1781386257	snap	3800	sdk	media	batches_dropped	2896
1781386257	snap	3800	sdk	media	send_unavailable	2896
1781386257	snap	3800	sdk	media	send_deadline	0
1781386257	snap	3800	sdk	media	send_exhausted	0
1781386257	snap	3800	sdk	media	send_canceled	0
1781386257	snap	3800	sdk	media	send_other	0
1781386257	snap	3800	sdk	media	buffer_depth	0
0
1781386257	snap	3800	sdk	media	cp_received	1219764
1781386257	snap	3800	sdk	media	lp_received	0
1781386257	snap	3800	sdk	media	cp_sent	497982
1781386257	snap	3800	sdk	media	lp_sent	0
1781386257	snap	3800	sdk	media	cp_dropped	721782
1781386257	snap	3800	sdk	media	lp_dropped	0
1781386257	snap	3800	sdk	post-storage	spans_received	1219710
1781386257	snap	3800	sdk	post-storage	spans_sent	483192
1781386257	snap	3800	sdk	post-storage	spans_dropped	736518
1781386257	snap	3800	sdk	post-storage	spans_flushed	1219710
1781386257	snap	3800	sdk	post-storage	batches_sent	3108
1781386257	snap	3800	sdk	post-storage	batches_dropped	2912
1781386257	snap	3800	sdk	post-storage	send_unavailable	2912
1781386257	snap	3800	sdk	post-storage	send_deadline	0
1781386257	snap	3800	sdk	post-storage	send_exhausted	0
1781386257	snap	3800	sdk	post-storage	send_canceled	0
1781386257	snap	3800	sdk	post-storage	send_other	0
1781386257	snap	3800	sdk	post-storage	buffer_depth	0
0
1781386257	snap	3800	sdk	post-storage	cp_received	1219710
1781386257	snap	3800	sdk	post-storage	lp_received	0
1781386257	snap	3800	sdk	post-storage	cp_sent	483192
1781386257	snap	3800	sdk	post-storage	lp_sent	0
1781386257	snap	3800	sdk	post-storage	cp_dropped	736518
1781386257	snap	3800	sdk	post-storage	lp_dropped	0
1781386257	snap	3800	sdk	socialgraph	spans_received	1333554
1781386257	snap	3800	sdk	socialgraph	spans_sent	601189
1781386257	snap	3800	sdk	socialgraph	spans_dropped	732365
1781386257	snap	3800	sdk	socialgraph	spans_flushed	1333554
1781386257	snap	3800	sdk	socialgraph	batches_sent	3643
1781386257	snap	3800	sdk	socialgraph	batches_dropped	2887
1781386257	snap	3800	sdk	socialgraph	send_unavailable	2887
1781386257	snap	3800	sdk	socialgraph	send_deadline	0
1781386257	snap	3800	sdk	socialgraph	send_exhausted	0
1781386257	snap	3800	sdk	socialgraph	send_canceled	0
1781386257	snap	3800	sdk	socialgraph	send_other	0
1781386257	snap	3800	sdk	socialgraph	buffer_depth	0
0
1781386257	snap	3800	sdk	socialgraph	cp_received	1295930
1781386257	snap	3800	sdk	socialgraph	lp_received	37624
1781386257	snap	3800	sdk	socialgraph	cp_sent	566729
1781386257	snap	3800	sdk	socialgraph	lp_sent	34460
1781386257	snap	3800	sdk	socialgraph	cp_dropped	729201
1781386257	snap	3800	sdk	socialgraph	lp_dropped	3164
1781386257	snap	3800	sdk	text	spans_received	3659310
1781386257	snap	3800	sdk	text	spans_sent	359187
1781386257	snap	3800	sdk	text	spans_dropped	3300123
1781386257	snap	3800	sdk	text	spans_flushed	3659310
1781386257	snap	3800	sdk	text	batches_sent	4632
1781386257	snap	3800	sdk	text	batches_dropped	13403
1781386257	snap	3800	sdk	text	send_unavailable	13403
1781386257	snap	3800	sdk	text	send_deadline	0
1781386257	snap	3800	sdk	text	send_exhausted	0
1781386257	snap	3800	sdk	text	send_canceled	0
1781386257	snap	3800	sdk	text	send_other	0
1781386257	snap	3800	sdk	text	buffer_depth	0
0
1781386257	snap	3800	sdk	text	cp_received	0
1781386257	snap	3800	sdk	text	lp_received	3659310
1781386257	snap	3800	sdk	text	cp_sent	0
1781386257	snap	3800	sdk	text	lp_sent	359187
1781386257	snap	3800	sdk	text	cp_dropped	0
1781386257	snap	3800	sdk	text	lp_dropped	3300123
1781386257	snap	3800	sdk	uniqueid	spans_received	1219764
1781386257	snap	3800	sdk	uniqueid	spans_sent	361654
1781386257	snap	3800	sdk	uniqueid	spans_dropped	858110
1781386257	snap	3800	sdk	uniqueid	spans_flushed	1219764
1781386257	snap	3800	sdk	uniqueid	batches_sent	2573
1781386257	snap	3800	sdk	uniqueid	batches_dropped	3432
1781386257	snap	3800	sdk	uniqueid	send_unavailable	3432
1781386257	snap	3800	sdk	uniqueid	send_deadline	0
1781386257	snap	3800	sdk	uniqueid	send_exhausted	0
1781386257	snap	3800	sdk	uniqueid	send_canceled	0
1781386257	snap	3800	sdk	uniqueid	send_other	0
1781386257	snap	3800	sdk	uniqueid	buffer_depth	0
0
1781386257	snap	3800	sdk	uniqueid	cp_received	1219764
1781386257	snap	3800	sdk	uniqueid	lp_received	0
1781386257	snap	3800	sdk	uniqueid	cp_sent	361654
1781386257	snap	3800	sdk	uniqueid	lp_sent	0
1781386257	snap	3800	sdk	uniqueid	cp_dropped	858110
1781386257	snap	3800	sdk	uniqueid	lp_dropped	0
1781386257	snap	3800	sdk	urlshorten	spans_received	1219764
1781386257	snap	3800	sdk	urlshorten	spans_sent	463359
1781386257	snap	3800	sdk	urlshorten	spans_dropped	756405
1781386257	snap	3800	sdk	urlshorten	spans_flushed	1219764
1781386257	snap	3800	sdk	urlshorten	batches_sent	3007
1781386257	snap	3800	sdk	urlshorten	batches_dropped	2982
1781386257	snap	3800	sdk	urlshorten	send_unavailable	2982
1781386257	snap	3800	sdk	urlshorten	send_deadline	0
1781386257	snap	3800	sdk	urlshorten	send_exhausted	0
1781386257	snap	3800	sdk	urlshorten	send_canceled	0
1781386257	snap	3800	sdk	urlshorten	send_other	0
1781386257	snap	3800	sdk	urlshorten	buffer_depth	0
0
1781386257	snap	3800	sdk	urlshorten	cp_received	1219764
1781386257	snap	3800	sdk	urlshorten	lp_received	0
1781386257	snap	3800	sdk	urlshorten	cp_sent	463359
1781386257	snap	3800	sdk	urlshorten	lp_sent	0
1781386257	snap	3800	sdk	urlshorten	cp_dropped	756405
1781386257	snap	3800	sdk	urlshorten	lp_dropped	0
1781386257	snap	3800	sdk	user	spans_received	1221688
1781386257	snap	3800	sdk	user	spans_sent	227381
1781386257	snap	3800	sdk	user	spans_dropped	994307
1781386257	snap	3800	sdk	user	spans_flushed	1221688
1781386257	snap	3800	sdk	user	batches_sent	2003
1781386257	snap	3800	sdk	user	batches_dropped	4002
1781386257	snap	3800	sdk	user	send_unavailable	3998
1781386257	snap	3800	sdk	user	send_deadline	4
1781386257	snap	3800	sdk	user	send_exhausted	0
1781386257	snap	3800	sdk	user	send_canceled	0
1781386257	snap	3800	sdk	user	send_other	0
1781386257	snap	3800	sdk	user	buffer_depth	0
0
1781386257	snap	3800	sdk	user	cp_received	1220726
1781386257	snap	3800	sdk	user	lp_received	962
1781386257	snap	3800	sdk	user	cp_sent	226419
1781386257	snap	3800	sdk	user	lp_sent	962
1781386257	snap	3800	sdk	user	cp_dropped	994307
1781386257	snap	3800	sdk	user	lp_dropped	0
1781386257	snap	3800	sdk	userid	spans_received	75248
1781386257	snap	3800	sdk	userid	spans_sent	75248
1781386257	snap	3800	sdk	userid	spans_dropped	0
1781386257	snap	3800	sdk	userid	spans_flushed	75248
1781386257	snap	3800	sdk	userid	batches_sent	250
1781386257	snap	3800	sdk	userid	batches_dropped	0
1781386257	snap	3800	sdk	userid	send_unavailable	0
1781386257	snap	3800	sdk	userid	send_deadline	0
1781386257	snap	3800	sdk	userid	send_exhausted	0
1781386257	snap	3800	sdk	userid	send_canceled	0
1781386257	snap	3800	sdk	userid	send_other	0
1781386257	snap	3800	sdk	userid	buffer_depth	0
0
1781386257	snap	3800	sdk	userid	cp_received	75248
1781386257	snap	3800	sdk	userid	lp_received	0
1781386257	snap	3800	sdk	userid	cp_sent	75248
1781386257	snap	3800	sdk	userid	lp_sent	0
1781386257	snap	3800	sdk	userid	cp_dropped	0
1781386257	snap	3800	sdk	userid	lp_dropped	0
1781386257	snap	3800	sdk	usermention	spans_received	1219764
1781386257	snap	3800	sdk	usermention	spans_sent	362939
1781386257	snap	3800	sdk	usermention	spans_dropped	856825
1781386257	snap	3800	sdk	usermention	spans_flushed	1219764
1781386257	snap	3800	sdk	usermention	batches_sent	2595
1781386257	snap	3800	sdk	usermention	batches_dropped	3420
1781386257	snap	3800	sdk	usermention	send_unavailable	3420
1781386257	snap	3800	sdk	usermention	send_deadline	0
1781386257	snap	3800	sdk	usermention	send_exhausted	0
1781386257	snap	3800	sdk	usermention	send_canceled	0
1781386257	snap	3800	sdk	usermention	send_other	0
1781386257	snap	3800	sdk	usermention	buffer_depth	0
0
1781386257	snap	3800	sdk	usermention	cp_received	1219764
1781386257	snap	3800	sdk	usermention	lp_received	0
1781386257	snap	3800	sdk	usermention	cp_sent	362939
1781386257	snap	3800	sdk	usermention	lp_sent	0
1781386257	snap	3800	sdk	usermention	cp_dropped	856825
1781386257	snap	3800	sdk	usermention	lp_dropped	0
1781386257	snap	3800	sdk	usertimeline	spans_received	1219710
1781386257	snap	3800	sdk	usertimeline	spans_sent	478375
1781386257	snap	3800	sdk	usertimeline	spans_dropped	741335
1781386257	snap	3800	sdk	usertimeline	spans_flushed	1219710
1781386257	snap	3800	sdk	usertimeline	batches_sent	3115
1781386257	snap	3800	sdk	usertimeline	batches_dropped	2981
1781386257	snap	3800	sdk	usertimeline	send_unavailable	2981
1781386257	snap	3800	sdk	usertimeline	send_deadline	0
1781386257	snap	3800	sdk	usertimeline	send_exhausted	0
1781386257	snap	3800	sdk	usertimeline	send_canceled	0
1781386257	snap	3800	sdk	usertimeline	send_other	0
1781386257	snap	3800	sdk	usertimeline	buffer_depth	0
0
1781386257	snap	3800	sdk	usertimeline	cp_received	1219710
1781386257	snap	3800	sdk	usertimeline	lp_received	0
1781386257	snap	3800	sdk	usertimeline	cp_sent	478375
1781386257	snap	3800	sdk	usertimeline	lp_sent	0
1781386257	snap	3800	sdk	usertimeline	cp_dropped	741335
1781386257	snap	3800	sdk	usertimeline	lp_dropped	0
1781386324	snap	3800	otelcol	otelcol-sb-esrev1-ctr-w5r65	otelcol_processor_incoming_items	1411683
1781386324	snap	3800	otelcol	otelcol-sb-esrev1-ctr-w5r65	otelcol_processor_batch_batch_send_size_sum	622382
1781386324	snap	3800	otelcol	otelcol-sb-esrev1-ctr-w5r65	otelcol_processor_outgoing_items	622382
1781386324	snap	3800	otelcol	otelcol-sb-esrev1-ctr-w5r65	otelcol_processor_batch_metadata_cardinality	1
1781386324	snap	3800	otelcol	otelcol-sb-esrev1-ctr-w5r65	otelcol_process_cpu_seconds	27
1781386324	snap	3800	otelcol	otelcol-sb-esrev1-ctr-w5r65	otelcol_processor_batch_timeout_trigger_send	1833
1781386324	snap	3800	otelcol	otelcol-sb-esrev1-ctr-w5r65	otelcol_receiver_refused_spans	789301
1781386324	snap	3800	otelcol	otelcol-sb-esrev1-ctr-w5r65	otelcol_process_runtime_total_sys_memory_bytes	201992504
1781386324	snap	3800	otelcol	otelcol-sb-esrev1-ctr-w5r65	otelcol_exporter_sent_spans	346648
1781386324	snap	3800	otelcol	otelcol-sb-esrev1-ctr-w5r65	otelcol_exporter_queue_size	631
1781386324	snap	3800	otelcol	otelcol-sb-esrev1-ctr-w5r65	otelcol_receiver_accepted_spans	622382
1781386324	snap	3800	otelcol	otelcol-sb-esrev1-ctr-w5r65	otelcol_process_uptime	932
1781386324	snap	3800	otelcol	otelcol-sb-esrev1-ctr-w5r65	otelcol_process_runtime_total_alloc_bytes	872351952
1781386324	snap	3800	otelcol	otelcol-sb-esrev1-ctr-w5r65	otelcol_process_runtime_heap_alloc_bytes	145330976
1781386324	snap	3800	otelcol	otelcol-sb-esrev1-ctr-w5r65	otelcol_exporter_send_failed_spans	0
1781386324	snap	3800	otelcol	otelcol-sb-esrev1-ctr-w5r65	otelcol_exporter_queue_batch_send_size_sum	622382
1781386324	snap	3800	otelcol	otelcol-sb-esrev1-ctr-w5r65	otelcol_receiver_failed_spans	0
1781386324	snap	3800	otelcol	otelcol-sb-esrev1-ctr-w5r65	otelcol_exporter_queue_capacity	1001
1781386324	snap	3800	otelcol	otelcol-sb-esrev1-ctr-w5r65	otelcol_process_memory_rss	328900608
1781386324	snap	3800	otelcol	otelcol-sb-esrev1-ctr-5hn7z	otelcol_processor_batch_metadata_cardinality	1
1781386324	snap	3800	otelcol	otelcol-sb-esrev1-ctr-5hn7z	otelcol_exporter_queue_capacity	1001
1781386324	snap	3800	otelcol	otelcol-sb-esrev1-ctr-5hn7z	otelcol_exporter_queue_batch_send_size_sum	502996
1781386324	snap	3800	otelcol	otelcol-sb-esrev1-ctr-5hn7z	otelcol_exporter_send_failed_spans	0
1781386324	snap	3800	otelcol	otelcol-sb-esrev1-ctr-5hn7z	otelcol_processor_batch_batch_send_size_sum	502996
1781386324	snap	3800	otelcol	otelcol-sb-esrev1-ctr-5hn7z	otelcol_processor_batch_timeout_trigger_send	1653
1781386324	snap	3800	otelcol	otelcol-sb-esrev1-ctr-5hn7z	otelcol_process_cpu_seconds	27
1781386324	snap	3800	otelcol	otelcol-sb-esrev1-ctr-5hn7z	otelcol_process_uptime	931
1781386324	snap	3800	otelcol	otelcol-sb-esrev1-ctr-5hn7z	otelcol_exporter_sent_spans	215279
1781386324	snap	3800	otelcol	otelcol-sb-esrev1-ctr-5hn7z	otelcol_receiver_failed_spans	0
1781386324	snap	3800	otelcol	otelcol-sb-esrev1-ctr-5hn7z	otelcol_process_runtime_total_sys_memory_bytes	197785896
1781386324	snap	3800	otelcol	otelcol-sb-esrev1-ctr-5hn7z	otelcol_receiver_refused_spans	794858
1781386324	snap	3800	otelcol	otelcol-sb-esrev1-ctr-5hn7z	otelcol_process_memory_rss	324321280
1781386324	snap	3800	otelcol	otelcol-sb-esrev1-ctr-5hn7z	otelcol_processor_incoming_items	1297854
1781386324	snap	3800	otelcol	otelcol-sb-esrev1-ctr-5hn7z	otelcol_process_runtime_total_alloc_bytes	805767000
1781386324	snap	3800	otelcol	otelcol-sb-esrev1-ctr-5hn7z	otelcol_process_runtime_heap_alloc_bytes	136555920
1781386324	snap	3800	otelcol	otelcol-sb-esrev1-ctr-5hn7z	otelcol_receiver_accepted_spans	502996
1781386324	snap	3800	otelcol	otelcol-sb-esrev1-ctr-5hn7z	otelcol_processor_outgoing_items	502996
1781386324	snap	3800	otelcol	otelcol-sb-esrev1-ctr-5hn7z	otelcol_exporter_queue_size	664
1781386324	snap	3800	otelcol	otelcol-sb-esrev1-ctr-m57hx	otelcol_process_memory_rss	179335168
1781386324	snap	3800	otelcol	otelcol-sb-esrev1-ctr-m57hx	otelcol_process_runtime_total_sys_memory_bytes	48269592
1781386324	snap	3800	otelcol	otelcol-sb-esrev1-ctr-m57hx	otelcol_exporter_queue_size	0
1781386324	snap	3800	otelcol	otelcol-sb-esrev1-ctr-m57hx	otelcol_exporter_queue_capacity	1001
1781386324	snap	3800	otelcol	otelcol-sb-esrev1-ctr-m57hx	otelcol_process_runtime_total_alloc_bytes	46866648
1781386324	snap	3800	otelcol	otelcol-sb-esrev1-ctr-m57hx	otelcol_process_uptime	929
1781386324	snap	3800	otelcol	otelcol-sb-esrev1-ctr-m57hx	otelcol_process_cpu_seconds	7
1781386324	snap	3800	otelcol	otelcol-sb-esrev1-ctr-m57hx	otelcol_processor_batch_metadata_cardinality	1
1781386324	snap	3800	otelcol	otelcol-sb-esrev1-ctr-m57hx	otelcol_process_runtime_heap_alloc_bytes	19245024
1781386324	snap	3800	otelcol	otelcol-sb-esrev1-ctr-9j7x7	otelcol_process_cpu_seconds	243
1781386324	snap	3800	otelcol	otelcol-sb-esrev1-ctr-9j7x7	otelcol_exporter_send_failed_spans	0
1781386324	snap	3800	otelcol	otelcol-sb-esrev1-ctr-9j7x7	otelcol_processor_incoming_items	17940420
1781386324	snap	3800	otelcol	otelcol-sb-esrev1-ctr-9j7x7	otelcol_process_memory_rss	321871872
1781386324	snap	3800	otelcol	otelcol-sb-esrev1-ctr-9j7x7	otelcol_exporter_sent_spans	666295
1781386324	snap	3800	otelcol	otelcol-sb-esrev1-ctr-9j7x7	otelcol_exporter_queue_batch_send_size_sum	955314
1781386324	snap	3800	otelcol	otelcol-sb-esrev1-ctr-9j7x7	otelcol_processor_outgoing_items	955314
1781386324	snap	3800	otelcol	otelcol-sb-esrev1-ctr-9j7x7	otelcol_processor_batch_batch_send_size_sum	955314
1781386324	snap	3800	otelcol	otelcol-sb-esrev1-ctr-9j7x7	otelcol_process_runtime_heap_alloc_bytes	140724960
1781386324	snap	3800	otelcol	otelcol-sb-esrev1-ctr-9j7x7	otelcol_process_runtime_total_sys_memory_bytes	229501240
1781386324	snap	3800	otelcol	otelcol-sb-esrev1-ctr-9j7x7	otelcol_receiver_refused_spans	16985106
1781386324	snap	3800	otelcol	otelcol-sb-esrev1-ctr-9j7x7	otelcol_processor_batch_metadata_cardinality	1
1781386324	snap	3800	otelcol	otelcol-sb-esrev1-ctr-9j7x7	otelcol_receiver_failed_spans	0
1781386324	snap	3800	otelcol	otelcol-sb-esrev1-ctr-9j7x7	otelcol_processor_batch_timeout_trigger_send	1328
1781386324	snap	3800	otelcol	otelcol-sb-esrev1-ctr-9j7x7	otelcol_exporter_queue_size	227
1781386324	snap	3800	otelcol	otelcol-sb-esrev1-ctr-9j7x7	otelcol_receiver_accepted_spans	955314
1781386324	snap	3800	otelcol	otelcol-sb-esrev1-ctr-9j7x7	otelcol_process_uptime	930
1781386324	snap	3800	otelcol	otelcol-sb-esrev1-ctr-9j7x7	otelcol_process_runtime_total_alloc_bytes	12997753416
1781386324	snap	3800	otelcol	otelcol-sb-esrev1-ctr-9j7x7	otelcol_exporter_queue_capacity	1001
1781386324	snap	3800	otelcol	otelcol-sb-esrev1-ctr-rbg9n	otelcol_exporter_queue_capacity	1001
1781386324	snap	3800	otelcol	otelcol-sb-esrev1-ctr-rbg9n	otelcol_process_cpu_seconds	244
1781386324	snap	3800	otelcol	otelcol-sb-esrev1-ctr-rbg9n	otelcol_exporter_send_failed_spans	0
1781386324	snap	3800	otelcol	otelcol-sb-esrev1-ctr-rbg9n	otelcol_receiver_refused_spans	9141380
1781386324	snap	3800	otelcol	otelcol-sb-esrev1-ctr-rbg9n	otelcol_process_runtime_total_alloc_bytes	9891148336
1781386324	snap	3800	otelcol	otelcol-sb-esrev1-ctr-rbg9n	otelcol_process_memory_rss	319930368
1781386324	snap	3800	otelcol	otelcol-sb-esrev1-ctr-rbg9n	otelcol_processor_batch_metadata_cardinality	1
1781386324	snap	3800	otelcol	otelcol-sb-esrev1-ctr-rbg9n	otelcol_processor_batch_timeout_trigger_send	1049
1781386324	snap	3800	otelcol	otelcol-sb-esrev1-ctr-rbg9n	otelcol_receiver_failed_spans	0
1781386324	snap	3800	otelcol	otelcol-sb-esrev1-ctr-rbg9n	otelcol_processor_batch_batch_size_trigger_send	1
1781386324	snap	3800	otelcol	otelcol-sb-esrev1-ctr-rbg9n	otelcol_process_runtime_heap_alloc_bytes	135775120
1781386324	snap	3800	otelcol	otelcol-sb-esrev1-ctr-rbg9n	otelcol_exporter_sent_spans	1408917
1781386324	snap	3800	otelcol	otelcol-sb-esrev1-ctr-rbg9n	otelcol_processor_incoming_items	10820988
1781386324	snap	3800	otelcol	otelcol-sb-esrev1-ctr-rbg9n	otelcol_processor_outgoing_items	1679608
1781386324	snap	3800	otelcol	otelcol-sb-esrev1-ctr-rbg9n	otelcol_receiver_accepted_spans	1679608
1781386324	snap	3800	otelcol	otelcol-sb-esrev1-ctr-rbg9n	otelcol_processor_batch_batch_send_size_sum	1679608
1781386324	snap	3800	otelcol	otelcol-sb-esrev1-ctr-rbg9n	otelcol_process_uptime	929
1781386324	snap	3800	otelcol	otelcol-sb-esrev1-ctr-rbg9n	otelcol_exporter_queue_size	128
1781386324	snap	3800	otelcol	otelcol-sb-esrev1-ctr-rbg9n	otelcol_exporter_queue_batch_send_size_sum	1679608
1781386324	snap	3800	otelcol	otelcol-sb-esrev1-ctr-rbg9n	otelcol_process_runtime_total_sys_memory_bytes	237828424
1781386324	snap	3800	otelcol	otelcol-sb-esrev1-ctr-qd64d	otelcol_receiver_accepted_spans	770936
1781386324	snap	3800	otelcol	otelcol-sb-esrev1-ctr-qd64d	otelcol_process_runtime_total_sys_memory_bytes	198363448
1781386324	snap	3800	otelcol	otelcol-sb-esrev1-ctr-qd64d	otelcol_processor_incoming_items	2596226
1781386324	snap	3800	otelcol	otelcol-sb-esrev1-ctr-qd64d	otelcol_process_uptime	931
1781386324	snap	3800	otelcol	otelcol-sb-esrev1-ctr-qd64d	otelcol_exporter_send_failed_spans	0
1781386324	snap	3800	otelcol	otelcol-sb-esrev1-ctr-qd64d	otelcol_exporter_queue_capacity	1001
1781386324	snap	3800	otelcol	otelcol-sb-esrev1-ctr-qd64d	otelcol_processor_outgoing_items	770936
1781386324	snap	3800	otelcol	otelcol-sb-esrev1-ctr-qd64d	otelcol_exporter_queue_size	346
1781386324	snap	3800	otelcol	otelcol-sb-esrev1-ctr-qd64d	otelcol_processor_batch_metadata_cardinality	1
1781386324	snap	3800	otelcol	otelcol-sb-esrev1-ctr-qd64d	otelcol_processor_batch_timeout_trigger_send	1412
1781386324	snap	3800	otelcol	otelcol-sb-esrev1-ctr-qd64d	otelcol_process_runtime_heap_alloc_bytes	141999704
1781386324	snap	3800	otelcol	otelcol-sb-esrev1-ctr-qd64d	otelcol_processor_batch_batch_send_size_sum	770936
1781386324	snap	3800	otelcol	otelcol-sb-esrev1-ctr-qd64d	otelcol_process_memory_rss	321871872
1781386324	snap	3800	otelcol	otelcol-sb-esrev1-ctr-qd64d	otelcol_receiver_refused_spans	1825290
1781386324	snap	3800	otelcol	otelcol-sb-esrev1-ctr-qd64d	otelcol_process_cpu_seconds	45
1781386324	snap	3800	otelcol	otelcol-sb-esrev1-ctr-qd64d	otelcol_exporter_queue_batch_send_size_sum	770936
1781386324	snap	3800	otelcol	otelcol-sb-esrev1-ctr-qd64d	otelcol_receiver_failed_spans	0
1781386324	snap	3800	otelcol	otelcol-sb-esrev1-ctr-qd64d	otelcol_exporter_sent_spans	492676
1781386324	snap	3800	otelcol	otelcol-sb-esrev1-ctr-qd64d	otelcol_process_runtime_total_alloc_bytes	1661827944
1781386324	snap	3800	otelcol	otelcol-sb-esrev1-ctr-jjcwc	otelcol_process_runtime_total_alloc_bytes	819046440
1781386324	snap	3800	otelcol	otelcol-sb-esrev1-ctr-jjcwc	otelcol_process_runtime_heap_alloc_bytes	136317056
1781386324	snap	3800	otelcol	otelcol-sb-esrev1-ctr-jjcwc	otelcol_receiver_failed_spans	0
1781386324	snap	3800	otelcol	otelcol-sb-esrev1-ctr-jjcwc	otelcol_process_memory_rss	322371584
1781386324	snap	3800	otelcol	otelcol-sb-esrev1-ctr-jjcwc	otelcol_exporter_queue_size	595
1781386324	snap	3800	otelcol	otelcol-sb-esrev1-ctr-jjcwc	otelcol_receiver_accepted_spans	484630
1781386324	snap	3800	otelcol	otelcol-sb-esrev1-ctr-jjcwc	otelcol_processor_incoming_items	1298111
1781386324	snap	3800	otelcol	otelcol-sb-esrev1-ctr-jjcwc	otelcol_processor_batch_metadata_cardinality	1
1781386324	snap	3800	otelcol	otelcol-sb-esrev1-ctr-jjcwc	otelcol_exporter_queue_capacity	1001
1781386324	snap	3800	otelcol	otelcol-sb-esrev1-ctr-jjcwc	otelcol_processor_outgoing_items	484630
1781386324	snap	3800	otelcol	otelcol-sb-esrev1-ctr-jjcwc	otelcol_processor_batch_timeout_trigger_send	1576
1781386324	snap	3800	otelcol	otelcol-sb-esrev1-ctr-jjcwc	otelcol_process_runtime_total_sys_memory_bytes	201460024
1781386324	snap	3800	otelcol	otelcol-sb-esrev1-ctr-jjcwc	otelcol_receiver_refused_spans	813481
1781386324	snap	3800	otelcol	otelcol-sb-esrev1-ctr-jjcwc	otelcol_exporter_send_failed_spans	0
1781386324	snap	3800	otelcol	otelcol-sb-esrev1-ctr-jjcwc	otelcol_exporter_queue_batch_send_size_sum	484630
1781386324	snap	3800	otelcol	otelcol-sb-esrev1-ctr-jjcwc	otelcol_processor_batch_batch_send_size_sum	484630
1781386324	snap	3800	otelcol	otelcol-sb-esrev1-ctr-jjcwc	otelcol_process_cpu_seconds	26
1781386324	snap	3800	otelcol	otelcol-sb-esrev1-ctr-jjcwc	otelcol_process_uptime	931
1781386324	snap	3800	otelcol	otelcol-sb-esrev1-ctr-jjcwc	otelcol_exporter_sent_spans	211416
1781386324	snap	3800	otelcol	otelcol-sb-esrev1-ctr-64dpb	otelcol_exporter_queue_batch_send_size_sum	496844
1781386324	snap	3800	otelcol	otelcol-sb-esrev1-ctr-64dpb	otelcol_exporter_send_failed_spans	0
1781386324	snap	3800	otelcol	otelcol-sb-esrev1-ctr-64dpb	otelcol_exporter_queue_size	618
1781386324	snap	3800	otelcol	otelcol-sb-esrev1-ctr-64dpb	otelcol_process_runtime_total_alloc_bytes	771787592
1781386324	snap	3800	otelcol	otelcol-sb-esrev1-ctr-64dpb	otelcol_processor_batch_metadata_cardinality	1
1781386324	snap	3800	otelcol	otelcol-sb-esrev1-ctr-64dpb	otelcol_process_runtime_heap_alloc_bytes	141875496
1781386324	snap	3800	otelcol	otelcol-sb-esrev1-ctr-64dpb	otelcol_processor_batch_timeout_trigger_send	1610
1781386324	snap	3800	otelcol	otelcol-sb-esrev1-ctr-64dpb	otelcol_process_memory_rss	326340608
1781386324	snap	3800	otelcol	otelcol-sb-esrev1-ctr-64dpb	otelcol_receiver_refused_spans	801012
1781386324	snap	3800	otelcol	otelcol-sb-esrev1-ctr-64dpb	otelcol_receiver_failed_spans	0
1781386324	snap	3800	otelcol	otelcol-sb-esrev1-ctr-64dpb	otelcol_receiver_accepted_spans	496844
1781386324	snap	3800	otelcol	otelcol-sb-esrev1-ctr-64dpb	otelcol_processor_incoming_items	1297856
1781386324	snap	3800	otelcol	otelcol-sb-esrev1-ctr-64dpb	otelcol_process_cpu_seconds	26
1781386324	snap	3800	otelcol	otelcol-sb-esrev1-ctr-64dpb	otelcol_exporter_queue_capacity	1001
1781386324	snap	3800	otelcol	otelcol-sb-esrev1-ctr-64dpb	otelcol_processor_outgoing_items	496844
1781386324	snap	3800	otelcol	otelcol-sb-esrev1-ctr-64dpb	otelcol_processor_batch_batch_send_size_sum	496844
1781386324	snap	3800	otelcol	otelcol-sb-esrev1-ctr-64dpb	otelcol_process_uptime	930
1781386324	snap	3800	otelcol	otelcol-sb-esrev1-ctr-64dpb	otelcol_process_runtime_total_sys_memory_bytes	196671784
1781386324	snap	3800	otelcol	otelcol-sb-esrev1-ctr-64dpb	otelcol_exporter_sent_spans	217246
1781386324	snap	3800	otelcol	otelcol-sb-esrev1-ctr-lmnfn	otelcol_processor_batch_timeout_trigger_send	1874
1781386324	snap	3800	otelcol	otelcol-sb-esrev1-ctr-lmnfn	otelcol_processor_batch_batch_send_size_sum	959262
1781386324	snap	3800	otelcol	otelcol-sb-esrev1-ctr-lmnfn	otelcol_process_runtime_total_alloc_bytes	3250987712
1781386324	snap	3800	otelcol	otelcol-sb-esrev1-ctr-lmnfn	otelcol_process_runtime_heap_alloc_bytes	132022808
1781386324	snap	3800	otelcol	otelcol-sb-esrev1-ctr-lmnfn	otelcol_exporter_queue_batch_send_size_sum	959262
1781386324	snap	3800	otelcol	otelcol-sb-esrev1-ctr-lmnfn	otelcol_process_uptime	930
1781386324	snap	3800	otelcol	otelcol-sb-esrev1-ctr-lmnfn	otelcol_process_cpu_seconds	68
1781386324	snap	3800	otelcol	otelcol-sb-esrev1-ctr-lmnfn	otelcol_exporter_send_failed_spans	0
1781386324	snap	3800	otelcol	otelcol-sb-esrev1-ctr-lmnfn	otelcol_exporter_sent_spans	681710
1781386324	snap	3800	otelcol	otelcol-sb-esrev1-ctr-lmnfn	otelcol_receiver_refused_spans	4308717
1781386324	snap	3800	otelcol	otelcol-sb-esrev1-ctr-lmnfn	otelcol_processor_incoming_items	5267979
1781386324	snap	3800	otelcol	otelcol-sb-esrev1-ctr-lmnfn	otelcol_receiver_accepted_spans	959262
1781386324	snap	3800	otelcol	otelcol-sb-esrev1-ctr-lmnfn	otelcol_processor_outgoing_items	959262
1781386324	snap	3800	otelcol	otelcol-sb-esrev1-ctr-lmnfn	otelcol_process_runtime_total_sys_memory_bytes	207087928
1781386324	snap	3800	otelcol	otelcol-sb-esrev1-ctr-lmnfn	otelcol_process_memory_rss	319758336
1781386324	snap	3800	otelcol	otelcol-sb-esrev1-ctr-lmnfn	otelcol_receiver_failed_spans	0
1781386324	snap	3800	otelcol	otelcol-sb-esrev1-ctr-lmnfn	otelcol_processor_batch_metadata_cardinality	1
1781386324	snap	3800	otelcol	otelcol-sb-esrev1-ctr-lmnfn	otelcol_exporter_queue_size	647
1781386324	snap	3800	otelcol	otelcol-sb-esrev1-ctr-lmnfn	otelcol_exporter_queue_capacity	1001
1781386324	snap	3800	k8s	otelcol-sb-esrev1-ctr-5hn7z	restart_count	0
1781386324	snap	3800	k8s	otelcol-sb-esrev1-ctr-64dpb	restart_count	0
1781386324	snap	3800	k8s	otelcol-sb-esrev1-ctr-9j7x7	restart_count	0
1781386324	snap	3800	k8s	otelcol-sb-esrev1-ctr-jjcwc	restart_count	0
1781386324	snap	3800	k8s	otelcol-sb-esrev1-ctr-lmnfn	restart_count	0
1781386324	snap	3800	k8s	otelcol-sb-esrev1-ctr-m57hx	restart_count	0
1781386324	snap	3800	k8s	otelcol-sb-esrev1-ctr-qd64d	restart_count	0
1781386324	snap	3800	k8s	otelcol-sb-esrev1-ctr-rbg9n	restart_count	0
1781386324	snap	3800	k8s	otelcol-sb-esrev1-ctr-w5r65	restart_count	0
1781386324	snap	3800	sdk	wrk2api	spans_received	2669861
1781386324	snap	3800	sdk	wrk2api	spans_sent	698653
1781386324	snap	3800	sdk	wrk2api	spans_dropped	0
1781386324	snap	3800	sdk	wrk2api	spans_flushed	2669861
1781386324	snap	3800	sdk	wrk2api	batches_sent	5328
1781386324	snap	3800	sdk	wrk2api	batches_dropped	0
1781386324	snap	3800	sdk	wrk2api	send_unavailable	0
1781386324	snap	3800	sdk	wrk2api	send_deadline	0
1781386324	snap	3800	sdk	wrk2api	send_exhausted	0
1781386324	snap	3800	sdk	wrk2api	send_canceled	0
1781386324	snap	3800	sdk	wrk2api	send_other	0
1781386324	snap	3800	sdk	wrk2api	buffer_depth	0
0
1781386324	snap	3800	sdk	wrk2api	cp_received	1332994
1781386324	snap	3800	sdk	wrk2api	lp_received	1336867
1781386324	snap	3800	sdk	wrk2api	cp_sent	523154
1781386324	snap	3800	sdk	wrk2api	lp_sent	175499
1781386324	snap	3800	sdk	wrk2api	cp_dropped	0
1781386324	snap	3800	sdk	wrk2api	lp_dropped	0
1781386324	snap	3800	sdk	composepost	spans_received	10386959
1781386324	snap	3800	sdk	composepost	spans_sent	1533931
1781386324	snap	3800	sdk	composepost	spans_dropped	8853028
1781386324	snap	3800	sdk	composepost	spans_flushed	10386959
1781386324	snap	3800	sdk	composepost	batches_sent	14718
1781386324	snap	3800	sdk	composepost	batches_dropped	36351
1781386324	snap	3800	sdk	composepost	send_unavailable	24399
1781386324	snap	3800	sdk	composepost	send_deadline	11952
1781386324	snap	3800	sdk	composepost	send_exhausted	0
1781386324	snap	3800	sdk	composepost	send_canceled	0
1781386324	snap	3800	sdk	composepost	send_other	0
1781386324	snap	3800	sdk	composepost	buffer_depth	0
0
1781386324	snap	3800	sdk	composepost	cp_received	9088802
1781386324	snap	3800	sdk	composepost	lp_received	1298157
1781386324	snap	3800	sdk	composepost	cp_sent	1464682
1781386324	snap	3800	sdk	composepost	lp_sent	69249
1781386324	snap	3800	sdk	composepost	cp_dropped	7624120
1781386324	snap	3800	sdk	composepost	lp_dropped	1228908
1781386324	snap	3800	sdk	hometimeline	spans_received	2595810
1781386324	snap	3800	sdk	hometimeline	spans_sent	138442
1781386324	snap	3800	sdk	hometimeline	spans_dropped	2457368
1781386324	snap	3800	sdk	hometimeline	spans_flushed	2595810
1781386324	snap	3800	sdk	hometimeline	batches_sent	2574
1781386324	snap	3800	sdk	hometimeline	batches_dropped	10297
1781386324	snap	3800	sdk	hometimeline	send_unavailable	9918
1781386324	snap	3800	sdk	hometimeline	send_deadline	379
1781386324	snap	3800	sdk	hometimeline	send_exhausted	0
1781386324	snap	3800	sdk	hometimeline	send_canceled	0
1781386324	snap	3800	sdk	hometimeline	send_other	0
1781386324	snap	3800	sdk	hometimeline	buffer_depth	0
0
1781386324	snap	3800	sdk	hometimeline	cp_received	0
1781386324	snap	3800	sdk	hometimeline	lp_received	2595810
1781386324	snap	3800	sdk	hometimeline	cp_sent	0
1781386324	snap	3800	sdk	hometimeline	lp_sent	138442
1781386324	snap	3800	sdk	hometimeline	cp_dropped	0
1781386324	snap	3800	sdk	hometimeline	lp_dropped	2457368
1781386324	snap	3800	sdk	media	spans_received	1298117
1781386324	snap	3800	sdk	media	spans_sent	524827
1781386324	snap	3800	sdk	media	spans_dropped	773290
1781386324	snap	3800	sdk	media	spans_flushed	1298117
1781386324	snap	3800	sdk	media	batches_sent	3216
1781386324	snap	3800	sdk	media	batches_dropped	3127
1781386324	snap	3800	sdk	media	send_unavailable	3127
1781386324	snap	3800	sdk	media	send_deadline	0
1781386324	snap	3800	sdk	media	send_exhausted	0
1781386324	snap	3800	sdk	media	send_canceled	0
1781386324	snap	3800	sdk	media	send_other	0
1781386324	snap	3800	sdk	media	buffer_depth	0
0
1781386324	snap	3800	sdk	media	cp_received	1298117
1781386324	snap	3800	sdk	media	lp_received	0
1781386324	snap	3800	sdk	media	cp_sent	524827
1781386324	snap	3800	sdk	media	lp_sent	0
1781386324	snap	3800	sdk	media	cp_dropped	773290
1781386324	snap	3800	sdk	media	lp_dropped	0
1781386324	snap	3800	sdk	post-storage	spans_received	1297856
1781386324	snap	3800	sdk	post-storage	spans_sent	496844
1781386324	snap	3800	sdk	post-storage	spans_dropped	801012
1781386324	snap	3800	sdk	post-storage	spans_flushed	1297856
1781386324	snap	3800	sdk	post-storage	batches_sent	3167
1781386324	snap	3800	sdk	post-storage	batches_dropped	3184
1781386324	snap	3800	sdk	post-storage	send_unavailable	3184
1781386324	snap	3800	sdk	post-storage	send_deadline	0
1781386324	snap	3800	sdk	post-storage	send_exhausted	0
1781386324	snap	3800	sdk	post-storage	send_canceled	0
1781386324	snap	3800	sdk	post-storage	send_other	0
1781386324	snap	3800	sdk	post-storage	buffer_depth	0
0
1781386324	snap	3800	sdk	post-storage	cp_received	1297856
1781386324	snap	3800	sdk	post-storage	lp_received	0
1781386324	snap	3800	sdk	post-storage	cp_sent	496844
1781386324	snap	3800	sdk	post-storage	lp_sent	0
1781386324	snap	3800	sdk	post-storage	cp_dropped	801012
1781386324	snap	3800	sdk	post-storage	lp_dropped	0
1781386324	snap	3800	sdk	socialgraph	spans_received	1411683
1781386324	snap	3800	sdk	socialgraph	spans_sent	622382
1781386324	snap	3800	sdk	socialgraph	spans_dropped	789301
1781386324	snap	3800	sdk	socialgraph	spans_flushed	1411683
1781386324	snap	3800	sdk	socialgraph	batches_sent	3738
1781386324	snap	3800	sdk	socialgraph	batches_dropped	3134
1781386324	snap	3800	sdk	socialgraph	send_unavailable	3134
1781386324	snap	3800	sdk	socialgraph	send_deadline	0
1781386324	snap	3800	sdk	socialgraph	send_exhausted	0
1781386324	snap	3800	sdk	socialgraph	send_canceled	0
1781386324	snap	3800	sdk	socialgraph	send_other	0
1781386324	snap	3800	sdk	socialgraph	buffer_depth	0
0
1781386324	snap	3800	sdk	socialgraph	cp_received	1374059
1781386324	snap	3800	sdk	socialgraph	lp_received	37624
1781386324	snap	3800	sdk	socialgraph	cp_sent	587922
1781386324	snap	3800	sdk	socialgraph	lp_sent	34460
1781386324	snap	3800	sdk	socialgraph	cp_dropped	786137
1781386324	snap	3800	sdk	socialgraph	lp_dropped	3164
1781386324	snap	3800	sdk	text	spans_received	3894614
1781386324	snap	3800	sdk	text	spans_sent	359187
1781386324	snap	3800	sdk	text	spans_dropped	3535427
1781386324	snap	3800	sdk	text	spans_flushed	3894614
1781386324	snap	3800	sdk	text	batches_sent	4632
1781386324	snap	3800	sdk	text	batches_dropped	14404
1781386324	snap	3800	sdk	text	send_unavailable	14404
1781386324	snap	3800	sdk	text	send_deadline	0
1781386324	snap	3800	sdk	text	send_exhausted	0
1781386324	snap	3800	sdk	text	send_canceled	0
1781386324	snap	3800	sdk	text	send_other	0
1781386324	snap	3800	sdk	text	buffer_depth	0
0
1781386324	snap	3800	sdk	text	cp_received	0
1781386324	snap	3800	sdk	text	lp_received	3894614
1781386324	snap	3800	sdk	text	cp_sent	0
1781386324	snap	3800	sdk	text	lp_sent	359187
1781386324	snap	3800	sdk	text	cp_dropped	0
1781386324	snap	3800	sdk	text	lp_dropped	3535427
1781386324	snap	3800	sdk	uniqueid	spans_received	1298116
1781386324	snap	3800	sdk	uniqueid	spans_sent	384826
1781386324	snap	3800	sdk	uniqueid	spans_dropped	913290
1781386324	snap	3800	sdk	uniqueid	spans_flushed	1298116
1781386324	snap	3800	sdk	uniqueid	batches_sent	2672
1781386324	snap	3800	sdk	uniqueid	batches_dropped	3670
1781386324	snap	3800	sdk	uniqueid	send_unavailable	3670
1781386324	snap	3800	sdk	uniqueid	send_deadline	0
1781386324	snap	3800	sdk	uniqueid	send_exhausted	0
1781386324	snap	3800	sdk	uniqueid	send_canceled	0
1781386324	snap	3800	sdk	uniqueid	send_other	0
1781386324	snap	3800	sdk	uniqueid	buffer_depth	0
0
1781386324	snap	3800	sdk	uniqueid	cp_received	1298116
1781386324	snap	3800	sdk	uniqueid	lp_received	0
1781386324	snap	3800	sdk	uniqueid	cp_sent	384826
1781386324	snap	3800	sdk	uniqueid	lp_sent	0
1781386324	snap	3800	sdk	uniqueid	cp_dropped	913290
1781386324	snap	3800	sdk	uniqueid	lp_dropped	0
1781386324	snap	3800	sdk	urlshorten	spans_received	1298111
1781386324	snap	3800	sdk	urlshorten	spans_sent	484630
1781386324	snap	3800	sdk	urlshorten	spans_dropped	813481
1781386324	snap	3800	sdk	urlshorten	spans_flushed	1298111
1781386324	snap	3800	sdk	urlshorten	batches_sent	3099
1781386324	snap	3800	sdk	urlshorten	batches_dropped	3228
1781386324	snap	3800	sdk	urlshorten	send_unavailable	3228
1781386324	snap	3800	sdk	urlshorten	send_deadline	0
1781386324	snap	3800	sdk	urlshorten	send_exhausted	0
1781386324	snap	3800	sdk	urlshorten	send_canceled	0
1781386324	snap	3800	sdk	urlshorten	send_other	0
1781386324	snap	3800	sdk	urlshorten	buffer_depth	0
0
1781386324	snap	3800	sdk	urlshorten	cp_received	1298111
1781386324	snap	3800	sdk	urlshorten	lp_received	0
1781386324	snap	3800	sdk	urlshorten	cp_sent	484630
1781386324	snap	3800	sdk	urlshorten	lp_sent	0
1781386324	snap	3800	sdk	urlshorten	cp_dropped	813481
1781386324	snap	3800	sdk	urlshorten	lp_dropped	0
1781386324	snap	3800	sdk	user	spans_received	1300056
1781386324	snap	3800	sdk	user	spans_sent	233319
1781386324	snap	3800	sdk	user	spans_dropped	1066737
1781386324	snap	3800	sdk	user	spans_flushed	1300056
1781386324	snap	3800	sdk	user	batches_sent	2026
1781386324	snap	3800	sdk	user	batches_dropped	4313
1781386324	snap	3800	sdk	user	send_unavailable	4309
1781386324	snap	3800	sdk	user	send_deadline	4
1781386324	snap	3800	sdk	user	send_exhausted	0
1781386324	snap	3800	sdk	user	send_canceled	0
1781386324	snap	3800	sdk	user	send_other	0
1781386324	snap	3800	sdk	user	buffer_depth	0
0
1781386324	snap	3800	sdk	user	cp_received	1299094
1781386324	snap	3800	sdk	user	lp_received	962
1781386324	snap	3800	sdk	user	cp_sent	232357
1781386324	snap	3800	sdk	user	lp_sent	962
1781386324	snap	3800	sdk	user	cp_dropped	1066737
1781386324	snap	3800	sdk	user	lp_dropped	0
1781386324	snap	3800	sdk	userid	spans_received	75248
1781386324	snap	3800	sdk	userid	spans_sent	75248
1781386324	snap	3800	sdk	userid	spans_dropped	0
1781386324	snap	3800	sdk	userid	spans_flushed	75248
1781386324	snap	3800	sdk	userid	batches_sent	250
1781386324	snap	3800	sdk	userid	batches_dropped	0
1781386324	snap	3800	sdk	userid	send_unavailable	0
1781386324	snap	3800	sdk	userid	send_deadline	0
1781386324	snap	3800	sdk	userid	send_exhausted	0
1781386324	snap	3800	sdk	userid	send_canceled	0
1781386324	snap	3800	sdk	userid	send_other	0
1781386324	snap	3800	sdk	userid	buffer_depth	0
0
1781386324	snap	3800	sdk	userid	cp_received	75248
1781386324	snap	3800	sdk	userid	lp_received	0
1781386324	snap	3800	sdk	userid	cp_sent	75248
1781386324	snap	3800	sdk	userid	lp_sent	0
1781386324	snap	3800	sdk	userid	cp_dropped	0
1781386324	snap	3800	sdk	userid	lp_dropped	0
1781386324	snap	3800	sdk	usermention	spans_received	1298110
1781386324	snap	3800	sdk	usermention	spans_sent	386110
1781386324	snap	3800	sdk	usermention	spans_dropped	912000
1781386324	snap	3800	sdk	usermention	spans_flushed	1298110
1781386324	snap	3800	sdk	usermention	batches_sent	2691
1781386324	snap	3800	sdk	usermention	batches_dropped	3651
1781386324	snap	3800	sdk	usermention	send_unavailable	3651
1781386324	snap	3800	sdk	usermention	send_deadline	0
1781386324	snap	3800	sdk	usermention	send_exhausted	0
1781386324	snap	3800	sdk	usermention	send_canceled	0
1781386324	snap	3800	sdk	usermention	send_other	0
1781386324	snap	3800	sdk	usermention	buffer_depth	0
0
1781386324	snap	3800	sdk	usermention	cp_received	1298110
1781386324	snap	3800	sdk	usermention	lp_received	0
1781386324	snap	3800	sdk	usermention	cp_sent	386110
1781386324	snap	3800	sdk	usermention	lp_sent	0
1781386324	snap	3800	sdk	usermention	cp_dropped	912000
1781386324	snap	3800	sdk	usermention	lp_dropped	0
1781386324	snap	3800	sdk	usertimeline	spans_received	1297854
1781386324	snap	3800	sdk	usertimeline	spans_sent	502996
1781386324	snap	3800	sdk	usertimeline	spans_dropped	794858
1781386324	snap	3800	sdk	usertimeline	spans_flushed	1297854
1781386324	snap	3800	sdk	usertimeline	batches_sent	3236
1781386324	snap	3800	sdk	usertimeline	batches_dropped	3237
1781386324	snap	3800	sdk	usertimeline	send_unavailable	3237
1781386324	snap	3800	sdk	usertimeline	send_deadline	0
1781386324	snap	3800	sdk	usertimeline	send_exhausted	0
1781386324	snap	3800	sdk	usertimeline	send_canceled	0
1781386324	snap	3800	sdk	usertimeline	send_other	0
1781386324	snap	3800	sdk	usertimeline	buffer_depth	0
0
1781386324	snap	3800	sdk	usertimeline	cp_received	1297854
1781386324	snap	3800	sdk	usertimeline	lp_received	0
1781386324	snap	3800	sdk	usertimeline	cp_sent	502996
1781386324	snap	3800	sdk	usertimeline	lp_sent	0
1781386324	snap	3800	sdk	usertimeline	cp_dropped	794858
1781386324	snap	3800	sdk	usertimeline	lp_dropped	0
1781386331	snap	4000	otelcol	otelcol-sb-esrev1-ctr-w5r65	otelcol_processor_incoming_items	1411683
1781386331	snap	4000	otelcol	otelcol-sb-esrev1-ctr-w5r65	otelcol_processor_batch_batch_send_size_sum	622382
1781386331	snap	4000	otelcol	otelcol-sb-esrev1-ctr-w5r65	otelcol_processor_outgoing_items	622382
1781386331	snap	4000	otelcol	otelcol-sb-esrev1-ctr-w5r65	otelcol_processor_batch_metadata_cardinality	1
1781386331	snap	4000	otelcol	otelcol-sb-esrev1-ctr-w5r65	otelcol_process_cpu_seconds	28
1781386331	snap	4000	otelcol	otelcol-sb-esrev1-ctr-w5r65	otelcol_processor_batch_timeout_trigger_send	1833
1781386331	snap	4000	otelcol	otelcol-sb-esrev1-ctr-w5r65	otelcol_receiver_refused_spans	789301
1781386331	snap	4000	otelcol	otelcol-sb-esrev1-ctr-w5r65	otelcol_process_runtime_total_sys_memory_bytes	201992504
1781386331	snap	4000	otelcol	otelcol-sb-esrev1-ctr-w5r65	otelcol_exporter_sent_spans	349271
1781386331	snap	4000	otelcol	otelcol-sb-esrev1-ctr-w5r65	otelcol_exporter_queue_size	625
1781386331	snap	4000	otelcol	otelcol-sb-esrev1-ctr-w5r65	otelcol_receiver_accepted_spans	622382
1781386331	snap	4000	otelcol	otelcol-sb-esrev1-ctr-w5r65	otelcol_process_uptime	939
1781386331	snap	4000	otelcol	otelcol-sb-esrev1-ctr-w5r65	otelcol_process_runtime_total_alloc_bytes	873573416
1781386331	snap	4000	otelcol	otelcol-sb-esrev1-ctr-w5r65	otelcol_process_runtime_heap_alloc_bytes	146552440
1781386331	snap	4000	otelcol	otelcol-sb-esrev1-ctr-w5r65	otelcol_exporter_send_failed_spans	0
1781386331	snap	4000	otelcol	otelcol-sb-esrev1-ctr-w5r65	otelcol_exporter_queue_batch_send_size_sum	622382
1781386331	snap	4000	otelcol	otelcol-sb-esrev1-ctr-w5r65	otelcol_receiver_failed_spans	0
1781386331	snap	4000	otelcol	otelcol-sb-esrev1-ctr-w5r65	otelcol_exporter_queue_capacity	1001
1781386331	snap	4000	otelcol	otelcol-sb-esrev1-ctr-w5r65	otelcol_process_memory_rss	328900608
1781386331	snap	4000	otelcol	otelcol-sb-esrev1-ctr-5hn7z	otelcol_processor_batch_metadata_cardinality	1
1781386331	snap	4000	otelcol	otelcol-sb-esrev1-ctr-5hn7z	otelcol_exporter_queue_capacity	1001
1781386331	snap	4000	otelcol	otelcol-sb-esrev1-ctr-5hn7z	otelcol_exporter_queue_batch_send_size_sum	502996
1781386331	snap	4000	otelcol	otelcol-sb-esrev1-ctr-5hn7z	otelcol_exporter_send_failed_spans	0
1781386331	snap	4000	otelcol	otelcol-sb-esrev1-ctr-5hn7z	otelcol_processor_batch_batch_send_size_sum	502996
1781386331	snap	4000	otelcol	otelcol-sb-esrev1-ctr-5hn7z	otelcol_processor_batch_timeout_trigger_send	1653
1781386331	snap	4000	otelcol	otelcol-sb-esrev1-ctr-5hn7z	otelcol_process_cpu_seconds	28
1781386331	snap	4000	otelcol	otelcol-sb-esrev1-ctr-5hn7z	otelcol_process_uptime	938
1781386331	snap	4000	otelcol	otelcol-sb-esrev1-ctr-5hn7z	otelcol_exporter_sent_spans	216598
1781386331	snap	4000	otelcol	otelcol-sb-esrev1-ctr-5hn7z	otelcol_receiver_failed_spans	0
1781386331	snap	4000	otelcol	otelcol-sb-esrev1-ctr-5hn7z	otelcol_process_runtime_total_sys_memory_bytes	197785896
1781386331	snap	4000	otelcol	otelcol-sb-esrev1-ctr-5hn7z	otelcol_receiver_refused_spans	794858
1781386331	snap	4000	otelcol	otelcol-sb-esrev1-ctr-5hn7z	otelcol_process_memory_rss	324321280
1781386331	snap	4000	otelcol	otelcol-sb-esrev1-ctr-5hn7z	otelcol_processor_incoming_items	1297854
1781386331	snap	4000	otelcol	otelcol-sb-esrev1-ctr-5hn7z	otelcol_process_runtime_total_alloc_bytes	806771968
1781386331	snap	4000	otelcol	otelcol-sb-esrev1-ctr-5hn7z	otelcol_process_runtime_heap_alloc_bytes	137560888
1781386331	snap	4000	otelcol	otelcol-sb-esrev1-ctr-5hn7z	otelcol_receiver_accepted_spans	502996
1781386331	snap	4000	otelcol	otelcol-sb-esrev1-ctr-5hn7z	otelcol_processor_outgoing_items	502996
1781386331	snap	4000	otelcol	otelcol-sb-esrev1-ctr-5hn7z	otelcol_exporter_queue_size	661
1781386331	snap	4000	otelcol	otelcol-sb-esrev1-ctr-m57hx	otelcol_process_memory_rss	179335168
1781386331	snap	4000	otelcol	otelcol-sb-esrev1-ctr-m57hx	otelcol_process_runtime_total_sys_memory_bytes	48269592
1781386331	snap	4000	otelcol	otelcol-sb-esrev1-ctr-m57hx	otelcol_exporter_queue_size	0
1781386331	snap	4000	otelcol	otelcol-sb-esrev1-ctr-m57hx	otelcol_exporter_queue_capacity	1001
1781386331	snap	4000	otelcol	otelcol-sb-esrev1-ctr-m57hx	otelcol_process_runtime_total_alloc_bytes	47152328
1781386331	snap	4000	otelcol	otelcol-sb-esrev1-ctr-m57hx	otelcol_process_uptime	936
1781386331	snap	4000	otelcol	otelcol-sb-esrev1-ctr-m57hx	otelcol_process_cpu_seconds	7
1781386331	snap	4000	otelcol	otelcol-sb-esrev1-ctr-m57hx	otelcol_processor_batch_metadata_cardinality	1
1781386331	snap	4000	otelcol	otelcol-sb-esrev1-ctr-m57hx	otelcol_process_runtime_heap_alloc_bytes	19530704
1781386331	snap	4000	otelcol	otelcol-sb-esrev1-ctr-9j7x7	otelcol_process_cpu_seconds	244
1781386331	snap	4000	otelcol	otelcol-sb-esrev1-ctr-9j7x7	otelcol_exporter_send_failed_spans	0
1781386331	snap	4000	otelcol	otelcol-sb-esrev1-ctr-9j7x7	otelcol_processor_incoming_items	17940420
1781386331	snap	4000	otelcol	otelcol-sb-esrev1-ctr-9j7x7	otelcol_process_memory_rss	319475712
1781386331	snap	4000	otelcol	otelcol-sb-esrev1-ctr-9j7x7	otelcol_exporter_sent_spans	677041
1781386331	snap	4000	otelcol	otelcol-sb-esrev1-ctr-9j7x7	otelcol_exporter_queue_batch_send_size_sum	955314
1781386331	snap	4000	otelcol	otelcol-sb-esrev1-ctr-9j7x7	otelcol_processor_outgoing_items	955314
1781386331	snap	4000	otelcol	otelcol-sb-esrev1-ctr-9j7x7	otelcol_processor_batch_batch_send_size_sum	955314
1781386331	snap	4000	otelcol	otelcol-sb-esrev1-ctr-9j7x7	otelcol_process_runtime_heap_alloc_bytes	135074224
1781386331	snap	4000	otelcol	otelcol-sb-esrev1-ctr-9j7x7	otelcol_process_runtime_total_sys_memory_bytes	229501240
1781386331	snap	4000	otelcol	otelcol-sb-esrev1-ctr-9j7x7	otelcol_receiver_refused_spans	16985106
1781386331	snap	4000	otelcol	otelcol-sb-esrev1-ctr-9j7x7	otelcol_processor_batch_metadata_cardinality	1
1781386331	snap	4000	otelcol	otelcol-sb-esrev1-ctr-9j7x7	otelcol_receiver_failed_spans	0
1781386331	snap	4000	otelcol	otelcol-sb-esrev1-ctr-9j7x7	otelcol_processor_batch_timeout_trigger_send	1328
1781386331	snap	4000	otelcol	otelcol-sb-esrev1-ctr-9j7x7	otelcol_exporter_queue_size	222
1781386331	snap	4000	otelcol	otelcol-sb-esrev1-ctr-9j7x7	otelcol_receiver_accepted_spans	955314
1781386331	snap	4000	otelcol	otelcol-sb-esrev1-ctr-9j7x7	otelcol_process_uptime	937
1781386331	snap	4000	otelcol	otelcol-sb-esrev1-ctr-9j7x7	otelcol_process_runtime_total_alloc_bytes	13003396272
1781386331	snap	4000	otelcol	otelcol-sb-esrev1-ctr-9j7x7	otelcol_exporter_queue_capacity	1001
1781386331	snap	4000	otelcol	otelcol-sb-esrev1-ctr-rbg9n	otelcol_exporter_queue_capacity	1001
1781386331	snap	4000	otelcol	otelcol-sb-esrev1-ctr-rbg9n	otelcol_process_cpu_seconds	244
1781386331	snap	4000	otelcol	otelcol-sb-esrev1-ctr-rbg9n	otelcol_exporter_send_failed_spans	0
1781386331	snap	4000	otelcol	otelcol-sb-esrev1-ctr-rbg9n	otelcol_receiver_refused_spans	9141380
1781386331	snap	4000	otelcol	otelcol-sb-esrev1-ctr-rbg9n	otelcol_process_runtime_total_alloc_bytes	9896475928
1781386331	snap	4000	otelcol	otelcol-sb-esrev1-ctr-rbg9n	otelcol_process_memory_rss	322924544
1781386331	snap	4000	otelcol	otelcol-sb-esrev1-ctr-rbg9n	otelcol_processor_batch_metadata_cardinality	1
1781386331	snap	4000	otelcol	otelcol-sb-esrev1-ctr-rbg9n	otelcol_processor_batch_timeout_trigger_send	1049
1781386331	snap	4000	otelcol	otelcol-sb-esrev1-ctr-rbg9n	otelcol_receiver_failed_spans	0
1781386331	snap	4000	otelcol	otelcol-sb-esrev1-ctr-rbg9n	otelcol_processor_batch_batch_size_trigger_send	1
1781386331	snap	4000	otelcol	otelcol-sb-esrev1-ctr-rbg9n	otelcol_process_runtime_heap_alloc_bytes	141102712
1781386331	snap	4000	otelcol	otelcol-sb-esrev1-ctr-rbg9n	otelcol_exporter_sent_spans	1413533
1781386331	snap	4000	otelcol	otelcol-sb-esrev1-ctr-rbg9n	otelcol_processor_incoming_items	10820988
1781386331	snap	4000	otelcol	otelcol-sb-esrev1-ctr-rbg9n	otelcol_processor_outgoing_items	1679608
1781386331	snap	4000	otelcol	otelcol-sb-esrev1-ctr-rbg9n	otelcol_receiver_accepted_spans	1679608
1781386331	snap	4000	otelcol	otelcol-sb-esrev1-ctr-rbg9n	otelcol_processor_batch_batch_send_size_sum	1679608
1781386331	snap	4000	otelcol	otelcol-sb-esrev1-ctr-rbg9n	otelcol_process_uptime	936
1781386331	snap	4000	otelcol	otelcol-sb-esrev1-ctr-rbg9n	otelcol_exporter_queue_size	127
1781386331	snap	4000	otelcol	otelcol-sb-esrev1-ctr-rbg9n	otelcol_exporter_queue_batch_send_size_sum	1679608
1781386331	snap	4000	otelcol	otelcol-sb-esrev1-ctr-rbg9n	otelcol_process_runtime_total_sys_memory_bytes	237828424
1781386331	snap	4000	otelcol	otelcol-sb-esrev1-ctr-qd64d	otelcol_receiver_accepted_spans	770936
1781386331	snap	4000	otelcol	otelcol-sb-esrev1-ctr-qd64d	otelcol_process_runtime_total_sys_memory_bytes	198363448
1781386331	snap	4000	otelcol	otelcol-sb-esrev1-ctr-qd64d	otelcol_processor_incoming_items	2596226
1781386331	snap	4000	otelcol	otelcol-sb-esrev1-ctr-qd64d	otelcol_process_uptime	937
1781386331	snap	4000	otelcol	otelcol-sb-esrev1-ctr-qd64d	otelcol_exporter_send_failed_spans	0
1781386331	snap	4000	otelcol	otelcol-sb-esrev1-ctr-qd64d	otelcol_exporter_queue_capacity	1001
1781386331	snap	4000	otelcol	otelcol-sb-esrev1-ctr-qd64d	otelcol_processor_outgoing_items	770936
1781386331	snap	4000	otelcol	otelcol-sb-esrev1-ctr-qd64d	otelcol_exporter_queue_size	343
1781386331	snap	4000	otelcol	otelcol-sb-esrev1-ctr-qd64d	otelcol_processor_batch_metadata_cardinality	1
1781386331	snap	4000	otelcol	otelcol-sb-esrev1-ctr-qd64d	otelcol_processor_batch_timeout_trigger_send	1412
1781386331	snap	4000	otelcol	otelcol-sb-esrev1-ctr-qd64d	otelcol_process_runtime_heap_alloc_bytes	143178992
1781386331	snap	4000	otelcol	otelcol-sb-esrev1-ctr-qd64d	otelcol_processor_batch_batch_send_size_sum	770936
1781386331	snap	4000	otelcol	otelcol-sb-esrev1-ctr-qd64d	otelcol_process_memory_rss	321871872
1781386331	snap	4000	otelcol	otelcol-sb-esrev1-ctr-qd64d	otelcol_receiver_refused_spans	1825290
1781386331	snap	4000	otelcol	otelcol-sb-esrev1-ctr-qd64d	otelcol_process_cpu_seconds	45
1781386331	snap	4000	otelcol	otelcol-sb-esrev1-ctr-qd64d	otelcol_exporter_queue_batch_send_size_sum	770936
1781386331	snap	4000	otelcol	otelcol-sb-esrev1-ctr-qd64d	otelcol_receiver_failed_spans	0
1781386331	snap	4000	otelcol	otelcol-sb-esrev1-ctr-qd64d	otelcol_exporter_sent_spans	495833
1781386331	snap	4000	otelcol	otelcol-sb-esrev1-ctr-qd64d	otelcol_process_runtime_total_alloc_bytes	1663007232
1781386331	snap	4000	otelcol	otelcol-sb-esrev1-ctr-jjcwc	otelcol_process_runtime_total_alloc_bytes	822003456
1781386331	snap	4000	otelcol	otelcol-sb-esrev1-ctr-jjcwc	otelcol_process_runtime_heap_alloc_bytes	139274072
1781386331	snap	4000	otelcol	otelcol-sb-esrev1-ctr-jjcwc	otelcol_receiver_failed_spans	0
1781386331	snap	4000	otelcol	otelcol-sb-esrev1-ctr-jjcwc	otelcol_process_memory_rss	322732032
1781386331	snap	4000	otelcol	otelcol-sb-esrev1-ctr-jjcwc	otelcol_exporter_queue_size	585
1781386331	snap	4000	otelcol	otelcol-sb-esrev1-ctr-jjcwc	otelcol_receiver_accepted_spans	484630
1781386331	snap	4000	otelcol	otelcol-sb-esrev1-ctr-jjcwc	otelcol_processor_incoming_items	1298111
1781386331	snap	4000	otelcol	otelcol-sb-esrev1-ctr-jjcwc	otelcol_processor_batch_metadata_cardinality	1
1781386331	snap	4000	otelcol	otelcol-sb-esrev1-ctr-jjcwc	otelcol_exporter_queue_capacity	1001
1781386331	snap	4000	otelcol	otelcol-sb-esrev1-ctr-jjcwc	otelcol_processor_outgoing_items	484630
1781386331	snap	4000	otelcol	otelcol-sb-esrev1-ctr-jjcwc	otelcol_processor_batch_timeout_trigger_send	1576
1781386331	snap	4000	otelcol	otelcol-sb-esrev1-ctr-jjcwc	otelcol_process_runtime_total_sys_memory_bytes	201460024
1781386331	snap	4000	otelcol	otelcol-sb-esrev1-ctr-jjcwc	otelcol_receiver_refused_spans	813481
1781386331	snap	4000	otelcol	otelcol-sb-esrev1-ctr-jjcwc	otelcol_exporter_send_failed_spans	0
1781386331	snap	4000	otelcol	otelcol-sb-esrev1-ctr-jjcwc	otelcol_exporter_queue_batch_send_size_sum	484630
1781386331	snap	4000	otelcol	otelcol-sb-esrev1-ctr-jjcwc	otelcol_processor_batch_batch_send_size_sum	484630
1781386331	snap	4000	otelcol	otelcol-sb-esrev1-ctr-jjcwc	otelcol_process_cpu_seconds	26
1781386331	snap	4000	otelcol	otelcol-sb-esrev1-ctr-jjcwc	otelcol_process_uptime	938
1781386331	snap	4000	otelcol	otelcol-sb-esrev1-ctr-jjcwc	otelcol_exporter_sent_spans	215832
1781386331	snap	4000	otelcol	otelcol-sb-esrev1-ctr-64dpb	otelcol_exporter_queue_batch_send_size_sum	496844
1781386331	snap	4000	otelcol	otelcol-sb-esrev1-ctr-64dpb	otelcol_exporter_send_failed_spans	0
1781386331	snap	4000	otelcol	otelcol-sb-esrev1-ctr-64dpb	otelcol_exporter_queue_size	614
1781386331	snap	4000	otelcol	otelcol-sb-esrev1-ctr-64dpb	otelcol_process_runtime_total_alloc_bytes	772847624
1781386331	snap	4000	otelcol	otelcol-sb-esrev1-ctr-64dpb	otelcol_processor_batch_metadata_cardinality	1
1781386331	snap	4000	otelcol	otelcol-sb-esrev1-ctr-64dpb	otelcol_process_runtime_heap_alloc_bytes	142935528
1781386331	snap	4000	otelcol	otelcol-sb-esrev1-ctr-64dpb	otelcol_processor_batch_timeout_trigger_send	1610
1781386331	snap	4000	otelcol	otelcol-sb-esrev1-ctr-64dpb	otelcol_process_memory_rss	326340608
1781386331	snap	4000	otelcol	otelcol-sb-esrev1-ctr-64dpb	otelcol_receiver_refused_spans	801012
1781386331	snap	4000	otelcol	otelcol-sb-esrev1-ctr-64dpb	otelcol_receiver_failed_spans	0
1781386331	snap	4000	otelcol	otelcol-sb-esrev1-ctr-64dpb	otelcol_receiver_accepted_spans	496844
1781386331	snap	4000	otelcol	otelcol-sb-esrev1-ctr-64dpb	otelcol_processor_incoming_items	1297856
1781386331	snap	4000	otelcol	otelcol-sb-esrev1-ctr-64dpb	otelcol_process_cpu_seconds	26
1781386331	snap	4000	otelcol	otelcol-sb-esrev1-ctr-64dpb	otelcol_exporter_queue_capacity	1001
1781386331	snap	4000	otelcol	otelcol-sb-esrev1-ctr-64dpb	otelcol_processor_outgoing_items	496844
1781386331	snap	4000	otelcol	otelcol-sb-esrev1-ctr-64dpb	otelcol_processor_batch_batch_send_size_sum	496844
1781386331	snap	4000	otelcol	otelcol-sb-esrev1-ctr-64dpb	otelcol_process_uptime	937
1781386331	snap	4000	otelcol	otelcol-sb-esrev1-ctr-64dpb	otelcol_process_runtime_total_sys_memory_bytes	196671784
1781386331	snap	4000	otelcol	otelcol-sb-esrev1-ctr-64dpb	otelcol_exporter_sent_spans	219046
1781386331	snap	4000	otelcol	otelcol-sb-esrev1-ctr-lmnfn	otelcol_processor_batch_timeout_trigger_send	1874
1781386331	snap	4000	otelcol	otelcol-sb-esrev1-ctr-lmnfn	otelcol_processor_batch_batch_send_size_sum	959262
1781386331	snap	4000	otelcol	otelcol-sb-esrev1-ctr-lmnfn	otelcol_process_runtime_total_alloc_bytes	3252460296
1781386331	snap	4000	otelcol	otelcol-sb-esrev1-ctr-lmnfn	otelcol_process_runtime_heap_alloc_bytes	133495392
1781386331	snap	4000	otelcol	otelcol-sb-esrev1-ctr-lmnfn	otelcol_exporter_queue_batch_send_size_sum	959262
1781386331	snap	4000	otelcol	otelcol-sb-esrev1-ctr-lmnfn	otelcol_process_uptime	937
1781386331	snap	4000	otelcol	otelcol-sb-esrev1-ctr-lmnfn	otelcol_process_cpu_seconds	68
1781386331	snap	4000	otelcol	otelcol-sb-esrev1-ctr-lmnfn	otelcol_exporter_send_failed_spans	0
1781386331	snap	4000	otelcol	otelcol-sb-esrev1-ctr-lmnfn	otelcol_exporter_sent_spans	685246
1781386331	snap	4000	otelcol	otelcol-sb-esrev1-ctr-lmnfn	otelcol_receiver_refused_spans	4308717
1781386331	snap	4000	otelcol	otelcol-sb-esrev1-ctr-lmnfn	otelcol_processor_incoming_items	5267979
1781386331	snap	4000	otelcol	otelcol-sb-esrev1-ctr-lmnfn	otelcol_receiver_accepted_spans	959262
1781386331	snap	4000	otelcol	otelcol-sb-esrev1-ctr-lmnfn	otelcol_processor_outgoing_items	959262
1781386331	snap	4000	otelcol	otelcol-sb-esrev1-ctr-lmnfn	otelcol_process_runtime_total_sys_memory_bytes	207087928
1781386331	snap	4000	otelcol	otelcol-sb-esrev1-ctr-lmnfn	otelcol_process_memory_rss	319758336
1781386331	snap	4000	otelcol	otelcol-sb-esrev1-ctr-lmnfn	otelcol_receiver_failed_spans	0
1781386331	snap	4000	otelcol	otelcol-sb-esrev1-ctr-lmnfn	otelcol_processor_batch_metadata_cardinality	1
1781386331	snap	4000	otelcol	otelcol-sb-esrev1-ctr-lmnfn	otelcol_exporter_queue_size	640
1781386331	snap	4000	otelcol	otelcol-sb-esrev1-ctr-lmnfn	otelcol_exporter_queue_capacity	1001
1781386331	snap	4000	k8s	otelcol-sb-esrev1-ctr-5hn7z	restart_count	0
1781386331	snap	4000	k8s	otelcol-sb-esrev1-ctr-64dpb	restart_count	0
1781386331	snap	4000	k8s	otelcol-sb-esrev1-ctr-9j7x7	restart_count	0
1781386331	snap	4000	k8s	otelcol-sb-esrev1-ctr-jjcwc	restart_count	0
1781386331	snap	4000	k8s	otelcol-sb-esrev1-ctr-lmnfn	restart_count	0
1781386331	snap	4000	k8s	otelcol-sb-esrev1-ctr-m57hx	restart_count	0
1781386331	snap	4000	k8s	otelcol-sb-esrev1-ctr-qd64d	restart_count	0
1781386331	snap	4000	k8s	otelcol-sb-esrev1-ctr-rbg9n	restart_count	0
1781386331	snap	4000	k8s	otelcol-sb-esrev1-ctr-w5r65	restart_count	0
1781386331	snap	4000	sdk	wrk2api	spans_received	2669861
1781386331	snap	4000	sdk	wrk2api	spans_sent	698653
1781386331	snap	4000	sdk	wrk2api	spans_dropped	0
1781386331	snap	4000	sdk	wrk2api	spans_flushed	2669861
1781386331	snap	4000	sdk	wrk2api	batches_sent	5328
1781386331	snap	4000	sdk	wrk2api	batches_dropped	0
1781386331	snap	4000	sdk	wrk2api	send_unavailable	0
1781386331	snap	4000	sdk	wrk2api	send_deadline	0
1781386331	snap	4000	sdk	wrk2api	send_exhausted	0
1781386331	snap	4000	sdk	wrk2api	send_canceled	0
1781386331	snap	4000	sdk	wrk2api	send_other	0
1781386331	snap	4000	sdk	wrk2api	buffer_depth	0
0
1781386331	snap	4000	sdk	wrk2api	cp_received	1332994
1781386331	snap	4000	sdk	wrk2api	lp_received	1336867
1781386331	snap	4000	sdk	wrk2api	cp_sent	523154
1781386331	snap	4000	sdk	wrk2api	lp_sent	175499
1781386331	snap	4000	sdk	wrk2api	cp_dropped	0
1781386331	snap	4000	sdk	wrk2api	lp_dropped	0
1781386331	snap	4000	sdk	composepost	spans_received	10386959
1781386331	snap	4000	sdk	composepost	spans_sent	1533931
1781386331	snap	4000	sdk	composepost	spans_dropped	8853028
1781386331	snap	4000	sdk	composepost	spans_flushed	10386959
1781386331	snap	4000	sdk	composepost	batches_sent	14718
1781386331	snap	4000	sdk	composepost	batches_dropped	36351
1781386331	snap	4000	sdk	composepost	send_unavailable	24399
1781386331	snap	4000	sdk	composepost	send_deadline	11952
1781386331	snap	4000	sdk	composepost	send_exhausted	0
1781386331	snap	4000	sdk	composepost	send_canceled	0
1781386331	snap	4000	sdk	composepost	send_other	0
1781386331	snap	4000	sdk	composepost	buffer_depth	0
0
1781386331	snap	4000	sdk	composepost	cp_received	9088802
1781386331	snap	4000	sdk	composepost	lp_received	1298157
1781386331	snap	4000	sdk	composepost	cp_sent	1464682
1781386331	snap	4000	sdk	composepost	lp_sent	69249
1781386331	snap	4000	sdk	composepost	cp_dropped	7624120
1781386331	snap	4000	sdk	composepost	lp_dropped	1228908
1781386331	snap	4000	sdk	hometimeline	spans_received	2595810
1781386331	snap	4000	sdk	hometimeline	spans_sent	138442
1781386331	snap	4000	sdk	hometimeline	spans_dropped	2457368
1781386331	snap	4000	sdk	hometimeline	spans_flushed	2595810
1781386331	snap	4000	sdk	hometimeline	batches_sent	2574
1781386331	snap	4000	sdk	hometimeline	batches_dropped	10297
1781386331	snap	4000	sdk	hometimeline	send_unavailable	9918
1781386331	snap	4000	sdk	hometimeline	send_deadline	379
1781386331	snap	4000	sdk	hometimeline	send_exhausted	0
1781386331	snap	4000	sdk	hometimeline	send_canceled	0
1781386331	snap	4000	sdk	hometimeline	send_other	0
1781386331	snap	4000	sdk	hometimeline	buffer_depth	0
0
1781386331	snap	4000	sdk	hometimeline	cp_received	0
1781386331	snap	4000	sdk	hometimeline	lp_received	2595810
1781386331	snap	4000	sdk	hometimeline	cp_sent	0
1781386331	snap	4000	sdk	hometimeline	lp_sent	138442
1781386331	snap	4000	sdk	hometimeline	cp_dropped	0
1781386331	snap	4000	sdk	hometimeline	lp_dropped	2457368
1781386331	snap	4000	sdk	media	spans_received	1298117
1781386331	snap	4000	sdk	media	spans_sent	524827
1781386331	snap	4000	sdk	media	spans_dropped	773290
1781386331	snap	4000	sdk	media	spans_flushed	1298117
1781386331	snap	4000	sdk	media	batches_sent	3216
1781386331	snap	4000	sdk	media	batches_dropped	3127
1781386331	snap	4000	sdk	media	send_unavailable	3127
1781386331	snap	4000	sdk	media	send_deadline	0
1781386331	snap	4000	sdk	media	send_exhausted	0
1781386331	snap	4000	sdk	media	send_canceled	0
1781386331	snap	4000	sdk	media	send_other	0
1781386331	snap	4000	sdk	media	buffer_depth	0
0
1781386331	snap	4000	sdk	media	cp_received	1298117
1781386331	snap	4000	sdk	media	lp_received	0
1781386331	snap	4000	sdk	media	cp_sent	524827
1781386331	snap	4000	sdk	media	lp_sent	0
1781386331	snap	4000	sdk	media	cp_dropped	773290
1781386331	snap	4000	sdk	media	lp_dropped	0
1781386331	snap	4000	sdk	post-storage	spans_received	1297856
1781386331	snap	4000	sdk	post-storage	spans_sent	496844
1781386331	snap	4000	sdk	post-storage	spans_dropped	801012
1781386331	snap	4000	sdk	post-storage	spans_flushed	1297856
1781386331	snap	4000	sdk	post-storage	batches_sent	3167
1781386331	snap	4000	sdk	post-storage	batches_dropped	3184
1781386331	snap	4000	sdk	post-storage	send_unavailable	3184
1781386331	snap	4000	sdk	post-storage	send_deadline	0
1781386331	snap	4000	sdk	post-storage	send_exhausted	0
1781386331	snap	4000	sdk	post-storage	send_canceled	0
1781386331	snap	4000	sdk	post-storage	send_other	0
1781386331	snap	4000	sdk	post-storage	buffer_depth	0
0
1781386331	snap	4000	sdk	post-storage	cp_received	1297856
1781386331	snap	4000	sdk	post-storage	lp_received	0
1781386331	snap	4000	sdk	post-storage	cp_sent	496844
1781386331	snap	4000	sdk	post-storage	lp_sent	0
1781386331	snap	4000	sdk	post-storage	cp_dropped	801012
1781386331	snap	4000	sdk	post-storage	lp_dropped	0
1781386331	snap	4000	sdk	socialgraph	spans_received	1411683
1781386331	snap	4000	sdk	socialgraph	spans_sent	622382
1781386331	snap	4000	sdk	socialgraph	spans_dropped	789301
1781386331	snap	4000	sdk	socialgraph	spans_flushed	1411683
1781386331	snap	4000	sdk	socialgraph	batches_sent	3738
1781386331	snap	4000	sdk	socialgraph	batches_dropped	3134
1781386331	snap	4000	sdk	socialgraph	send_unavailable	3134
1781386331	snap	4000	sdk	socialgraph	send_deadline	0
1781386331	snap	4000	sdk	socialgraph	send_exhausted	0
1781386331	snap	4000	sdk	socialgraph	send_canceled	0
1781386331	snap	4000	sdk	socialgraph	send_other	0
1781386331	snap	4000	sdk	socialgraph	buffer_depth	0
0
1781386331	snap	4000	sdk	socialgraph	cp_received	1374059
1781386331	snap	4000	sdk	socialgraph	lp_received	37624
1781386331	snap	4000	sdk	socialgraph	cp_sent	587922
1781386331	snap	4000	sdk	socialgraph	lp_sent	34460
1781386331	snap	4000	sdk	socialgraph	cp_dropped	786137
1781386331	snap	4000	sdk	socialgraph	lp_dropped	3164
1781386331	snap	4000	sdk	text	spans_received	3894614
1781386331	snap	4000	sdk	text	spans_sent	359187
1781386331	snap	4000	sdk	text	spans_dropped	3535427
1781386331	snap	4000	sdk	text	spans_flushed	3894614
1781386331	snap	4000	sdk	text	batches_sent	4632
1781386331	snap	4000	sdk	text	batches_dropped	14404
1781386331	snap	4000	sdk	text	send_unavailable	14404
1781386331	snap	4000	sdk	text	send_deadline	0
1781386331	snap	4000	sdk	text	send_exhausted	0
1781386331	snap	4000	sdk	text	send_canceled	0
1781386331	snap	4000	sdk	text	send_other	0
1781386331	snap	4000	sdk	text	buffer_depth	0
0
1781386331	snap	4000	sdk	text	cp_received	0
1781386331	snap	4000	sdk	text	lp_received	3894614
1781386331	snap	4000	sdk	text	cp_sent	0
1781386331	snap	4000	sdk	text	lp_sent	359187
1781386331	snap	4000	sdk	text	cp_dropped	0
1781386331	snap	4000	sdk	text	lp_dropped	3535427
1781386331	snap	4000	sdk	uniqueid	spans_received	1298116
1781386331	snap	4000	sdk	uniqueid	spans_sent	384826
1781386331	snap	4000	sdk	uniqueid	spans_dropped	913290
1781386331	snap	4000	sdk	uniqueid	spans_flushed	1298116
1781386331	snap	4000	sdk	uniqueid	batches_sent	2672
1781386331	snap	4000	sdk	uniqueid	batches_dropped	3670
1781386331	snap	4000	sdk	uniqueid	send_unavailable	3670
1781386331	snap	4000	sdk	uniqueid	send_deadline	0
1781386331	snap	4000	sdk	uniqueid	send_exhausted	0
1781386331	snap	4000	sdk	uniqueid	send_canceled	0
1781386331	snap	4000	sdk	uniqueid	send_other	0
1781386331	snap	4000	sdk	uniqueid	buffer_depth	0
0
1781386331	snap	4000	sdk	uniqueid	cp_received	1298116
1781386331	snap	4000	sdk	uniqueid	lp_received	0
1781386331	snap	4000	sdk	uniqueid	cp_sent	384826
1781386331	snap	4000	sdk	uniqueid	lp_sent	0
1781386331	snap	4000	sdk	uniqueid	cp_dropped	913290
1781386331	snap	4000	sdk	uniqueid	lp_dropped	0
1781386331	snap	4000	sdk	urlshorten	spans_received	1298111
1781386331	snap	4000	sdk	urlshorten	spans_sent	484630
1781386331	snap	4000	sdk	urlshorten	spans_dropped	813481
1781386331	snap	4000	sdk	urlshorten	spans_flushed	1298111
1781386331	snap	4000	sdk	urlshorten	batches_sent	3099
1781386331	snap	4000	sdk	urlshorten	batches_dropped	3228
1781386331	snap	4000	sdk	urlshorten	send_unavailable	3228
1781386331	snap	4000	sdk	urlshorten	send_deadline	0
1781386331	snap	4000	sdk	urlshorten	send_exhausted	0
1781386331	snap	4000	sdk	urlshorten	send_canceled	0
1781386331	snap	4000	sdk	urlshorten	send_other	0
1781386331	snap	4000	sdk	urlshorten	buffer_depth	0
0
1781386331	snap	4000	sdk	urlshorten	cp_received	1298111
1781386331	snap	4000	sdk	urlshorten	lp_received	0
1781386331	snap	4000	sdk	urlshorten	cp_sent	484630
1781386331	snap	4000	sdk	urlshorten	lp_sent	0
1781386331	snap	4000	sdk	urlshorten	cp_dropped	813481
1781386331	snap	4000	sdk	urlshorten	lp_dropped	0
1781386331	snap	4000	sdk	user	spans_received	1300056
1781386331	snap	4000	sdk	user	spans_sent	233319
1781386331	snap	4000	sdk	user	spans_dropped	1066737
1781386331	snap	4000	sdk	user	spans_flushed	1300056
1781386331	snap	4000	sdk	user	batches_sent	2026
1781386331	snap	4000	sdk	user	batches_dropped	4313
1781386331	snap	4000	sdk	user	send_unavailable	4309
1781386331	snap	4000	sdk	user	send_deadline	4
1781386331	snap	4000	sdk	user	send_exhausted	0
1781386331	snap	4000	sdk	user	send_canceled	0
1781386331	snap	4000	sdk	user	send_other	0
1781386331	snap	4000	sdk	user	buffer_depth	0
0
1781386331	snap	4000	sdk	user	cp_received	1299094
1781386331	snap	4000	sdk	user	lp_received	962
1781386331	snap	4000	sdk	user	cp_sent	232357
1781386331	snap	4000	sdk	user	lp_sent	962
1781386331	snap	4000	sdk	user	cp_dropped	1066737
1781386331	snap	4000	sdk	user	lp_dropped	0
1781386331	snap	4000	sdk	userid	spans_received	75248
1781386331	snap	4000	sdk	userid	spans_sent	75248
1781386331	snap	4000	sdk	userid	spans_dropped	0
1781386331	snap	4000	sdk	userid	spans_flushed	75248
1781386331	snap	4000	sdk	userid	batches_sent	250
1781386331	snap	4000	sdk	userid	batches_dropped	0
1781386331	snap	4000	sdk	userid	send_unavailable	0
1781386331	snap	4000	sdk	userid	send_deadline	0
1781386331	snap	4000	sdk	userid	send_exhausted	0
1781386331	snap	4000	sdk	userid	send_canceled	0
1781386331	snap	4000	sdk	userid	send_other	0
1781386331	snap	4000	sdk	userid	buffer_depth	0
0
1781386331	snap	4000	sdk	userid	cp_received	75248
1781386331	snap	4000	sdk	userid	lp_received	0
1781386331	snap	4000	sdk	userid	cp_sent	75248
1781386331	snap	4000	sdk	userid	lp_sent	0
1781386331	snap	4000	sdk	userid	cp_dropped	0
1781386331	snap	4000	sdk	userid	lp_dropped	0
1781386331	snap	4000	sdk	usermention	spans_received	1298110
1781386331	snap	4000	sdk	usermention	spans_sent	386110
1781386331	snap	4000	sdk	usermention	spans_dropped	912000
1781386331	snap	4000	sdk	usermention	spans_flushed	1298110
1781386331	snap	4000	sdk	usermention	batches_sent	2691
1781386331	snap	4000	sdk	usermention	batches_dropped	3651
1781386331	snap	4000	sdk	usermention	send_unavailable	3651
1781386331	snap	4000	sdk	usermention	send_deadline	0
1781386331	snap	4000	sdk	usermention	send_exhausted	0
1781386331	snap	4000	sdk	usermention	send_canceled	0
1781386331	snap	4000	sdk	usermention	send_other	0
1781386331	snap	4000	sdk	usermention	buffer_depth	0
0
1781386331	snap	4000	sdk	usermention	cp_received	1298110
1781386331	snap	4000	sdk	usermention	lp_received	0
1781386331	snap	4000	sdk	usermention	cp_sent	386110
1781386331	snap	4000	sdk	usermention	lp_sent	0
1781386331	snap	4000	sdk	usermention	cp_dropped	912000
1781386331	snap	4000	sdk	usermention	lp_dropped	0
1781386331	snap	4000	sdk	usertimeline	spans_received	1297854
1781386331	snap	4000	sdk	usertimeline	spans_sent	502996
1781386331	snap	4000	sdk	usertimeline	spans_dropped	794858
1781386331	snap	4000	sdk	usertimeline	spans_flushed	1297854
1781386331	snap	4000	sdk	usertimeline	batches_sent	3236
1781386331	snap	4000	sdk	usertimeline	batches_dropped	3237
1781386331	snap	4000	sdk	usertimeline	send_unavailable	3237
1781386331	snap	4000	sdk	usertimeline	send_deadline	0
1781386331	snap	4000	sdk	usertimeline	send_exhausted	0
1781386331	snap	4000	sdk	usertimeline	send_canceled	0
1781386331	snap	4000	sdk	usertimeline	send_other	0
1781386331	snap	4000	sdk	usertimeline	buffer_depth	0
0
1781386331	snap	4000	sdk	usertimeline	cp_received	1297854
1781386331	snap	4000	sdk	usertimeline	lp_received	0
1781386331	snap	4000	sdk	usertimeline	cp_sent	502996
1781386331	snap	4000	sdk	usertimeline	lp_sent	0
1781386331	snap	4000	sdk	usertimeline	cp_dropped	794858
1781386331	snap	4000	sdk	usertimeline	lp_dropped	0
1781386398	snap	4000	otelcol	otelcol-sb-esrev1-ctr-w5r65	otelcol_processor_incoming_items	1499168
1781386398	snap	4000	otelcol	otelcol-sb-esrev1-ctr-w5r65	otelcol_processor_batch_batch_send_size_sum	650144
1781386398	snap	4000	otelcol	otelcol-sb-esrev1-ctr-w5r65	otelcol_processor_outgoing_items	650144
1781386398	snap	4000	otelcol	otelcol-sb-esrev1-ctr-w5r65	otelcol_processor_batch_metadata_cardinality	1
1781386398	snap	4000	otelcol	otelcol-sb-esrev1-ctr-w5r65	otelcol_process_cpu_seconds	29
1781386398	snap	4000	otelcol	otelcol-sb-esrev1-ctr-w5r65	otelcol_processor_batch_timeout_trigger_send	1903
1781386398	snap	4000	otelcol	otelcol-sb-esrev1-ctr-w5r65	otelcol_receiver_refused_spans	849024
1781386398	snap	4000	otelcol	otelcol-sb-esrev1-ctr-w5r65	otelcol_process_runtime_total_sys_memory_bytes	202000696
1781386398	snap	4000	otelcol	otelcol-sb-esrev1-ctr-w5r65	otelcol_exporter_sent_spans	367749
1781386398	snap	4000	otelcol	otelcol-sb-esrev1-ctr-w5r65	otelcol_exporter_queue_size	653
1781386398	snap	4000	otelcol	otelcol-sb-esrev1-ctr-w5r65	otelcol_receiver_accepted_spans	650144
1781386398	snap	4000	otelcol	otelcol-sb-esrev1-ctr-w5r65	otelcol_process_uptime	1006
1781386398	snap	4000	otelcol	otelcol-sb-esrev1-ctr-w5r65	otelcol_process_runtime_total_alloc_bytes	924954056
1781386398	snap	4000	otelcol	otelcol-sb-esrev1-ctr-w5r65	otelcol_process_runtime_heap_alloc_bytes	136229032
1781386398	snap	4000	otelcol	otelcol-sb-esrev1-ctr-w5r65	otelcol_exporter_send_failed_spans	0
1781386398	snap	4000	otelcol	otelcol-sb-esrev1-ctr-w5r65	otelcol_exporter_queue_batch_send_size_sum	650144
1781386398	snap	4000	otelcol	otelcol-sb-esrev1-ctr-w5r65	otelcol_receiver_failed_spans	0
1781386398	snap	4000	otelcol	otelcol-sb-esrev1-ctr-w5r65	otelcol_exporter_queue_capacity	1001
1781386398	snap	4000	otelcol	otelcol-sb-esrev1-ctr-w5r65	otelcol_process_memory_rss	325701632
1781386398	snap	4000	otelcol	otelcol-sb-esrev1-ctr-5hn7z	otelcol_processor_batch_metadata_cardinality	1
1781386398	snap	4000	otelcol	otelcol-sb-esrev1-ctr-5hn7z	otelcol_exporter_queue_capacity	1001
1781386398	snap	4000	otelcol	otelcol-sb-esrev1-ctr-5hn7z	otelcol_exporter_queue_batch_send_size_sum	519769
1781386398	snap	4000	otelcol	otelcol-sb-esrev1-ctr-5hn7z	otelcol_exporter_send_failed_spans	0
1781386398	snap	4000	otelcol	otelcol-sb-esrev1-ctr-5hn7z	otelcol_processor_batch_batch_send_size_sum	519769
1781386398	snap	4000	otelcol	otelcol-sb-esrev1-ctr-5hn7z	otelcol_processor_batch_timeout_trigger_send	1694
1781386398	snap	4000	otelcol	otelcol-sb-esrev1-ctr-5hn7z	otelcol_process_cpu_seconds	30
1781386398	snap	4000	otelcol	otelcol-sb-esrev1-ctr-5hn7z	otelcol_process_uptime	1005
1781386398	snap	4000	otelcol	otelcol-sb-esrev1-ctr-5hn7z	otelcol_exporter_sent_spans	238343
1781386398	snap	4000	otelcol	otelcol-sb-esrev1-ctr-5hn7z	otelcol_receiver_failed_spans	0
1781386398	snap	4000	otelcol	otelcol-sb-esrev1-ctr-5hn7z	otelcol_process_runtime_total_sys_memory_bytes	197785896
1781386398	snap	4000	otelcol	otelcol-sb-esrev1-ctr-5hn7z	otelcol_receiver_refused_spans	865568
1781386398	snap	4000	otelcol	otelcol-sb-esrev1-ctr-5hn7z	otelcol_process_memory_rss	324616192
1781386398	snap	4000	otelcol	otelcol-sb-esrev1-ctr-5hn7z	otelcol_processor_incoming_items	1385337
1781386398	snap	4000	otelcol	otelcol-sb-esrev1-ctr-5hn7z	otelcol_process_runtime_total_alloc_bytes	864028112
1781386398	snap	4000	otelcol	otelcol-sb-esrev1-ctr-5hn7z	otelcol_process_runtime_heap_alloc_bytes	133597416
1781386398	snap	4000	otelcol	otelcol-sb-esrev1-ctr-5hn7z	otelcol_receiver_accepted_spans	519769
1781386398	snap	4000	otelcol	otelcol-sb-esrev1-ctr-5hn7z	otelcol_processor_outgoing_items	519769
1781386398	snap	4000	otelcol	otelcol-sb-esrev1-ctr-5hn7z	otelcol_exporter_queue_size	653
1781386398	snap	4000	otelcol	otelcol-sb-esrev1-ctr-m57hx	otelcol_process_memory_rss	179335168
1781386398	snap	4000	otelcol	otelcol-sb-esrev1-ctr-m57hx	otelcol_process_runtime_total_sys_memory_bytes	48531736
1781386398	snap	4000	otelcol	otelcol-sb-esrev1-ctr-m57hx	otelcol_exporter_queue_size	0
1781386398	snap	4000	otelcol	otelcol-sb-esrev1-ctr-m57hx	otelcol_exporter_queue_capacity	1001
1781386398	snap	4000	otelcol	otelcol-sb-esrev1-ctr-m57hx	otelcol_process_runtime_total_alloc_bytes	47966576
1781386398	snap	4000	otelcol	otelcol-sb-esrev1-ctr-m57hx	otelcol_process_uptime	1003
1781386398	snap	4000	otelcol	otelcol-sb-esrev1-ctr-m57hx	otelcol_process_cpu_seconds	7
1781386398	snap	4000	otelcol	otelcol-sb-esrev1-ctr-m57hx	otelcol_processor_batch_metadata_cardinality	1
1781386398	snap	4000	otelcol	otelcol-sb-esrev1-ctr-m57hx	otelcol_process_runtime_heap_alloc_bytes	18528192
1781386398	snap	4000	otelcol	otelcol-sb-esrev1-ctr-9j7x7	otelcol_process_cpu_seconds	260
1781386398	snap	4000	otelcol	otelcol-sb-esrev1-ctr-9j7x7	otelcol_exporter_send_failed_spans	0
1781386398	snap	4000	otelcol	otelcol-sb-esrev1-ctr-9j7x7	otelcol_processor_incoming_items	18980804
1781386398	snap	4000	otelcol	otelcol-sb-esrev1-ctr-9j7x7	otelcol_process_memory_rss	320667648
1781386398	snap	4000	otelcol	otelcol-sb-esrev1-ctr-9j7x7	otelcol_exporter_sent_spans	751203
1781386398	snap	4000	otelcol	otelcol-sb-esrev1-ctr-9j7x7	otelcol_exporter_queue_batch_send_size_sum	1026638
1781386398	snap	4000	otelcol	otelcol-sb-esrev1-ctr-9j7x7	otelcol_processor_outgoing_items	1026638
1781386398	snap	4000	otelcol	otelcol-sb-esrev1-ctr-9j7x7	otelcol_processor_batch_batch_send_size_sum	1026638
1781386398	snap	4000	otelcol	otelcol-sb-esrev1-ctr-9j7x7	otelcol_process_runtime_heap_alloc_bytes	138035184
1781386398	snap	4000	otelcol	otelcol-sb-esrev1-ctr-9j7x7	otelcol_process_runtime_total_sys_memory_bytes	229763384
1781386398	snap	4000	otelcol	otelcol-sb-esrev1-ctr-9j7x7	otelcol_receiver_refused_spans	17954166
1781386398	snap	4000	otelcol	otelcol-sb-esrev1-ctr-9j7x7	otelcol_processor_batch_metadata_cardinality	1
1781386398	snap	4000	otelcol	otelcol-sb-esrev1-ctr-9j7x7	otelcol_receiver_failed_spans	0
1781386398	snap	4000	otelcol	otelcol-sb-esrev1-ctr-9j7x7	otelcol_processor_batch_timeout_trigger_send	1405
1781386398	snap	4000	otelcol	otelcol-sb-esrev1-ctr-9j7x7	otelcol_exporter_queue_size	259
1781386398	snap	4000	otelcol	otelcol-sb-esrev1-ctr-9j7x7	otelcol_receiver_accepted_spans	1026638
1781386398	snap	4000	otelcol	otelcol-sb-esrev1-ctr-9j7x7	otelcol_process_uptime	1004
1781386398	snap	4000	otelcol	otelcol-sb-esrev1-ctr-9j7x7	otelcol_process_runtime_total_alloc_bytes	13835241520
1781386398	snap	4000	otelcol	otelcol-sb-esrev1-ctr-9j7x7	otelcol_exporter_queue_capacity	1001
1781386398	snap	4000	otelcol	otelcol-sb-esrev1-ctr-rbg9n	otelcol_exporter_queue_capacity	1001
1781386398	snap	4000	otelcol	otelcol-sb-esrev1-ctr-rbg9n	otelcol_process_cpu_seconds	269
1781386398	snap	4000	otelcol	otelcol-sb-esrev1-ctr-rbg9n	otelcol_exporter_send_failed_spans	0
1781386398	snap	4000	otelcol	otelcol-sb-esrev1-ctr-rbg9n	otelcol_receiver_refused_spans	9985556
1781386398	snap	4000	otelcol	otelcol-sb-esrev1-ctr-rbg9n	otelcol_process_runtime_total_alloc_bytes	10806517336
1781386398	snap	4000	otelcol	otelcol-sb-esrev1-ctr-rbg9n	otelcol_process_memory_rss	320516096
1781386398	snap	4000	otelcol	otelcol-sb-esrev1-ctr-rbg9n	otelcol_processor_batch_metadata_cardinality	1
1781386398	snap	4000	otelcol	otelcol-sb-esrev1-ctr-rbg9n	otelcol_processor_batch_timeout_trigger_send	1063
1781386398	snap	4000	otelcol	otelcol-sb-esrev1-ctr-rbg9n	otelcol_receiver_failed_spans	0
1781386398	snap	4000	otelcol	otelcol-sb-esrev1-ctr-rbg9n	otelcol_processor_batch_batch_size_trigger_send	1
1781386398	snap	4000	otelcol	otelcol-sb-esrev1-ctr-rbg9n	otelcol_process_runtime_heap_alloc_bytes	134430776
1781386398	snap	4000	otelcol	otelcol-sb-esrev1-ctr-rbg9n	otelcol_exporter_sent_spans	1458660
1781386398	snap	4000	otelcol	otelcol-sb-esrev1-ctr-rbg9n	otelcol_processor_incoming_items	11702139
1781386398	snap	4000	otelcol	otelcol-sb-esrev1-ctr-rbg9n	otelcol_processor_outgoing_items	1716583
1781386398	snap	4000	otelcol	otelcol-sb-esrev1-ctr-rbg9n	otelcol_receiver_accepted_spans	1716583
1781386398	snap	4000	otelcol	otelcol-sb-esrev1-ctr-rbg9n	otelcol_processor_batch_batch_send_size_sum	1716583
1781386398	snap	4000	otelcol	otelcol-sb-esrev1-ctr-rbg9n	otelcol_process_uptime	1003
1781386398	snap	4000	otelcol	otelcol-sb-esrev1-ctr-rbg9n	otelcol_exporter_queue_size	118
1781386398	snap	4000	otelcol	otelcol-sb-esrev1-ctr-rbg9n	otelcol_exporter_queue_batch_send_size_sum	1716583
1781386398	snap	4000	otelcol	otelcol-sb-esrev1-ctr-rbg9n	otelcol_process_runtime_total_sys_memory_bytes	237828424
1781386398	snap	4000	otelcol	otelcol-sb-esrev1-ctr-qd64d	otelcol_receiver_accepted_spans	806393
1781386398	snap	4000	otelcol	otelcol-sb-esrev1-ctr-qd64d	otelcol_process_runtime_total_sys_memory_bytes	198363448
1781386398	snap	4000	otelcol	otelcol-sb-esrev1-ctr-qd64d	otelcol_processor_incoming_items	2772188
1781386398	snap	4000	otelcol	otelcol-sb-esrev1-ctr-qd64d	otelcol_process_uptime	1005
1781386398	snap	4000	otelcol	otelcol-sb-esrev1-ctr-qd64d	otelcol_exporter_send_failed_spans	0
1781386398	snap	4000	otelcol	otelcol-sb-esrev1-ctr-qd64d	otelcol_exporter_queue_capacity	1001
1781386398	snap	4000	otelcol	otelcol-sb-esrev1-ctr-qd64d	otelcol_processor_outgoing_items	806393
1781386398	snap	4000	otelcol	otelcol-sb-esrev1-ctr-qd64d	otelcol_exporter_queue_size	347
1781386398	snap	4000	otelcol	otelcol-sb-esrev1-ctr-qd64d	otelcol_processor_batch_metadata_cardinality	1
1781386398	snap	4000	otelcol	otelcol-sb-esrev1-ctr-qd64d	otelcol_processor_batch_timeout_trigger_send	1461
1781386398	snap	4000	otelcol	otelcol-sb-esrev1-ctr-qd64d	otelcol_process_runtime_heap_alloc_bytes	139498504
1781386398	snap	4000	otelcol	otelcol-sb-esrev1-ctr-qd64d	otelcol_processor_batch_batch_send_size_sum	806393
1781386398	snap	4000	otelcol	otelcol-sb-esrev1-ctr-qd64d	otelcol_process_memory_rss	322150400
1781386398	snap	4000	otelcol	otelcol-sb-esrev1-ctr-qd64d	otelcol_receiver_refused_spans	1965795
1781386398	snap	4000	otelcol	otelcol-sb-esrev1-ctr-qd64d	otelcol_process_cpu_seconds	48
1781386398	snap	4000	otelcol	otelcol-sb-esrev1-ctr-qd64d	otelcol_exporter_queue_batch_send_size_sum	806393
1781386398	snap	4000	otelcol	otelcol-sb-esrev1-ctr-qd64d	otelcol_receiver_failed_spans	0
1781386398	snap	4000	otelcol	otelcol-sb-esrev1-ctr-qd64d	otelcol_exporter_sent_spans	538499
1781386398	snap	4000	otelcol	otelcol-sb-esrev1-ctr-qd64d	otelcol_process_runtime_total_alloc_bytes	1777194040
1781386398	snap	4000	otelcol	otelcol-sb-esrev1-ctr-jjcwc	otelcol_process_runtime_total_alloc_bytes	870973048
1781386398	snap	4000	otelcol	otelcol-sb-esrev1-ctr-jjcwc	otelcol_process_runtime_heap_alloc_bytes	143074184
1781386398	snap	4000	otelcol	otelcol-sb-esrev1-ctr-jjcwc	otelcol_receiver_failed_spans	0
1781386398	snap	4000	otelcol	otelcol-sb-esrev1-ctr-jjcwc	otelcol_process_memory_rss	324001792
1781386398	snap	4000	otelcol	otelcol-sb-esrev1-ctr-jjcwc	otelcol_exporter_queue_size	594
1781386398	snap	4000	otelcol	otelcol-sb-esrev1-ctr-jjcwc	otelcol_receiver_accepted_spans	508310
1781386398	snap	4000	otelcol	otelcol-sb-esrev1-ctr-jjcwc	otelcol_processor_incoming_items	1386090
1781386398	snap	4000	otelcol	otelcol-sb-esrev1-ctr-jjcwc	otelcol_processor_batch_metadata_cardinality	1
1781386398	snap	4000	otelcol	otelcol-sb-esrev1-ctr-jjcwc	otelcol_exporter_queue_capacity	1001
1781386398	snap	4000	otelcol	otelcol-sb-esrev1-ctr-jjcwc	otelcol_processor_outgoing_items	508310
1781386398	snap	4000	otelcol	otelcol-sb-esrev1-ctr-jjcwc	otelcol_processor_batch_timeout_trigger_send	1630
1781386398	snap	4000	otelcol	otelcol-sb-esrev1-ctr-jjcwc	otelcol_process_runtime_total_sys_memory_bytes	201476408
1781386398	snap	4000	otelcol	otelcol-sb-esrev1-ctr-jjcwc	otelcol_receiver_refused_spans	877780
1781386398	snap	4000	otelcol	otelcol-sb-esrev1-ctr-jjcwc	otelcol_exporter_send_failed_spans	0
1781386398	snap	4000	otelcol	otelcol-sb-esrev1-ctr-jjcwc	otelcol_exporter_queue_batch_send_size_sum	508310
1781386398	snap	4000	otelcol	otelcol-sb-esrev1-ctr-jjcwc	otelcol_processor_batch_batch_send_size_sum	508310
1781386398	snap	4000	otelcol	otelcol-sb-esrev1-ctr-jjcwc	otelcol_process_cpu_seconds	28
1781386398	snap	4000	otelcol	otelcol-sb-esrev1-ctr-jjcwc	otelcol_process_uptime	1005
1781386398	snap	4000	otelcol	otelcol-sb-esrev1-ctr-jjcwc	otelcol_exporter_sent_spans	235892
1781386398	snap	4000	otelcol	otelcol-sb-esrev1-ctr-64dpb	otelcol_exporter_queue_batch_send_size_sum	520297
1781386398	snap	4000	otelcol	otelcol-sb-esrev1-ctr-64dpb	otelcol_exporter_send_failed_spans	0
1781386398	snap	4000	otelcol	otelcol-sb-esrev1-ctr-64dpb	otelcol_exporter_queue_size	642
1781386398	snap	4000	otelcol	otelcol-sb-esrev1-ctr-64dpb	otelcol_process_runtime_total_alloc_bytes	815348944
1781386398	snap	4000	otelcol	otelcol-sb-esrev1-ctr-64dpb	otelcol_processor_batch_metadata_cardinality	1
1781386398	snap	4000	otelcol	otelcol-sb-esrev1-ctr-64dpb	otelcol_process_runtime_heap_alloc_bytes	141092416
1781386398	snap	4000	otelcol	otelcol-sb-esrev1-ctr-64dpb	otelcol_processor_batch_timeout_trigger_send	1661
1781386398	snap	4000	otelcol	otelcol-sb-esrev1-ctr-64dpb	otelcol_process_memory_rss	323993600
1781386398	snap	4000	otelcol	otelcol-sb-esrev1-ctr-64dpb	otelcol_receiver_refused_spans	865056
1781386398	snap	4000	otelcol	otelcol-sb-esrev1-ctr-64dpb	otelcol_receiver_failed_spans	0
1781386398	snap	4000	otelcol	otelcol-sb-esrev1-ctr-64dpb	otelcol_receiver_accepted_spans	520297
1781386398	snap	4000	otelcol	otelcol-sb-esrev1-ctr-64dpb	otelcol_processor_incoming_items	1385353
1781386398	snap	4000	otelcol	otelcol-sb-esrev1-ctr-64dpb	otelcol_process_cpu_seconds	28
1781386398	snap	4000	otelcol	otelcol-sb-esrev1-ctr-64dpb	otelcol_exporter_queue_capacity	1001
1781386398	snap	4000	otelcol	otelcol-sb-esrev1-ctr-64dpb	otelcol_processor_outgoing_items	520297
1781386398	snap	4000	otelcol	otelcol-sb-esrev1-ctr-64dpb	otelcol_processor_batch_batch_send_size_sum	520297
1781386398	snap	4000	otelcol	otelcol-sb-esrev1-ctr-64dpb	otelcol_process_uptime	1004
1781386398	snap	4000	otelcol	otelcol-sb-esrev1-ctr-64dpb	otelcol_process_runtime_total_sys_memory_bytes	196671784
1781386398	snap	4000	otelcol	otelcol-sb-esrev1-ctr-64dpb	otelcol_exporter_sent_spans	229137
1781386398	snap	4000	otelcol	otelcol-sb-esrev1-ctr-lmnfn	otelcol_processor_batch_timeout_trigger_send	1939
1781386398	snap	4000	otelcol	otelcol-sb-esrev1-ctr-lmnfn	otelcol_processor_batch_batch_send_size_sum	987156
1781386398	snap	4000	otelcol	otelcol-sb-esrev1-ctr-lmnfn	otelcol_process_runtime_total_alloc_bytes	3494646440
1781386398	snap	4000	otelcol	otelcol-sb-esrev1-ctr-lmnfn	otelcol_process_runtime_heap_alloc_bytes	140054528
1781386398	snap	4000	otelcol	otelcol-sb-esrev1-ctr-lmnfn	otelcol_exporter_queue_batch_send_size_sum	987156
1781386398	snap	4000	otelcol	otelcol-sb-esrev1-ctr-lmnfn	otelcol_process_uptime	1004
1781386398	snap	4000	otelcol	otelcol-sb-esrev1-ctr-lmnfn	otelcol_process_cpu_seconds	73
1781386398	snap	4000	otelcol	otelcol-sb-esrev1-ctr-lmnfn	otelcol_exporter_send_failed_spans	0
1781386398	snap	4000	otelcol	otelcol-sb-esrev1-ctr-lmnfn	otelcol_exporter_sent_spans	710615
1781386398	snap	4000	otelcol	otelcol-sb-esrev1-ctr-lmnfn	otelcol_receiver_refused_spans	4632834
1781386398	snap	4000	otelcol	otelcol-sb-esrev1-ctr-lmnfn	otelcol_processor_incoming_items	5619990
1781386398	snap	4000	otelcol	otelcol-sb-esrev1-ctr-lmnfn	otelcol_receiver_accepted_spans	987156
1781386398	snap	4000	otelcol	otelcol-sb-esrev1-ctr-lmnfn	otelcol_processor_outgoing_items	987156
1781386398	snap	4000	otelcol	otelcol-sb-esrev1-ctr-lmnfn	otelcol_process_runtime_total_sys_memory_bytes	207087928
1781386398	snap	4000	otelcol	otelcol-sb-esrev1-ctr-lmnfn	otelcol_process_memory_rss	321105920
1781386398	snap	4000	otelcol	otelcol-sb-esrev1-ctr-lmnfn	otelcol_receiver_failed_spans	0
1781386398	snap	4000	otelcol	otelcol-sb-esrev1-ctr-lmnfn	otelcol_processor_batch_metadata_cardinality	1
1781386398	snap	4000	otelcol	otelcol-sb-esrev1-ctr-lmnfn	otelcol_exporter_queue_size	649
1781386398	snap	4000	otelcol	otelcol-sb-esrev1-ctr-lmnfn	otelcol_exporter_queue_capacity	1001
1781386398	snap	4000	k8s	otelcol-sb-esrev1-ctr-5hn7z	restart_count	0
1781386398	snap	4000	k8s	otelcol-sb-esrev1-ctr-64dpb	restart_count	0
1781386398	snap	4000	k8s	otelcol-sb-esrev1-ctr-9j7x7	restart_count	0
1781386398	snap	4000	k8s	otelcol-sb-esrev1-ctr-jjcwc	restart_count	0
1781386398	snap	4000	k8s	otelcol-sb-esrev1-ctr-lmnfn	restart_count	0
1781386398	snap	4000	k8s	otelcol-sb-esrev1-ctr-m57hx	restart_count	0
1781386398	snap	4000	k8s	otelcol-sb-esrev1-ctr-qd64d	restart_count	0
1781386398	snap	4000	k8s	otelcol-sb-esrev1-ctr-rbg9n	restart_count	0
1781386398	snap	4000	k8s	otelcol-sb-esrev1-ctr-w5r65	restart_count	0
1781386398	snap	4000	sdk	wrk2api	spans_received	2839291
1781386398	snap	4000	sdk	wrk2api	spans_sent	742270
1781386398	snap	4000	sdk	wrk2api	spans_dropped	0
1781386398	snap	4000	sdk	wrk2api	spans_flushed	2839291
1781386398	snap	4000	sdk	wrk2api	batches_sent	5555
1781386398	snap	4000	sdk	wrk2api	batches_dropped	0
1781386398	snap	4000	sdk	wrk2api	send_unavailable	0
1781386398	snap	4000	sdk	wrk2api	send_deadline	0
1781386398	snap	4000	sdk	wrk2api	send_exhausted	0
1781386398	snap	4000	sdk	wrk2api	send_canceled	0
1781386398	snap	4000	sdk	wrk2api	send_other	0
1781386398	snap	4000	sdk	wrk2api	buffer_depth	0
0
1781386398	snap	4000	sdk	wrk2api	cp_received	1414177
1781386398	snap	4000	sdk	wrk2api	lp_received	1425114
1781386398	snap	4000	sdk	wrk2api	cp_sent	566771
1781386398	snap	4000	sdk	wrk2api	lp_sent	175499
1781386398	snap	4000	sdk	wrk2api	cp_dropped	0
1781386398	snap	4000	sdk	wrk2api	lp_dropped	0
1781386398	snap	4000	sdk	composepost	spans_received	11100025
1781386398	snap	4000	sdk	composepost	spans_sent	1570906
1781386398	snap	4000	sdk	composepost	spans_dropped	9529119
1781386398	snap	4000	sdk	composepost	spans_flushed	11100025
1781386398	snap	4000	sdk	composepost	batches_sent	14856
1781386398	snap	4000	sdk	composepost	batches_dropped	39166
1781386398	snap	4000	sdk	composepost	send_unavailable	27029
1781386398	snap	4000	sdk	composepost	send_deadline	12137
1781386398	snap	4000	sdk	composepost	send_exhausted	0
1781386398	snap	4000	sdk	composepost	send_canceled	0
1781386398	snap	4000	sdk	composepost	send_other	0
1781386398	snap	4000	sdk	composepost	buffer_depth	0
0
1781386398	snap	4000	sdk	composepost	cp_received	9713834
1781386398	snap	4000	sdk	composepost	lp_received	1386191
1781386398	snap	4000	sdk	composepost	cp_sent	1501657
1781386398	snap	4000	sdk	composepost	lp_sent	69249
1781386398	snap	4000	sdk	composepost	cp_dropped	8212177
1781386398	snap	4000	sdk	composepost	lp_dropped	1316942
1781386398	snap	4000	sdk	hometimeline	spans_received	2771066
1781386398	snap	4000	sdk	hometimeline	spans_sent	138442
1781386398	snap	4000	sdk	hometimeline	spans_dropped	2632624
1781386398	snap	4000	sdk	hometimeline	spans_flushed	2771066
1781386398	snap	4000	sdk	hometimeline	batches_sent	2574
1781386398	snap	4000	sdk	hometimeline	batches_dropped	11061
1781386398	snap	4000	sdk	hometimeline	send_unavailable	10677
1781386398	snap	4000	sdk	hometimeline	send_deadline	384
1781386398	snap	4000	sdk	hometimeline	send_exhausted	0
1781386398	snap	4000	sdk	hometimeline	send_canceled	0
1781386398	snap	4000	sdk	hometimeline	send_other	0
1781386398	snap	4000	sdk	hometimeline	buffer_depth	0
0
1781386398	snap	4000	sdk	hometimeline	cp_received	0
1781386398	snap	4000	sdk	hometimeline	lp_received	2771066
1781386398	snap	4000	sdk	hometimeline	cp_sent	0
1781386398	snap	4000	sdk	hometimeline	lp_sent	138442
1781386398	snap	4000	sdk	hometimeline	cp_dropped	0
1781386398	snap	4000	sdk	hometimeline	lp_dropped	2632624
1781386398	snap	4000	sdk	media	spans_received	1386098
1781386398	snap	4000	sdk	media	spans_sent	552721
1781386398	snap	4000	sdk	media	spans_dropped	833377
1781386398	snap	4000	sdk	media	spans_flushed	1386098
1781386398	snap	4000	sdk	media	batches_sent	3322
1781386398	snap	4000	sdk	media	batches_dropped	3369
1781386398	snap	4000	sdk	media	send_unavailable	3369
1781386398	snap	4000	sdk	media	send_deadline	0
1781386398	snap	4000	sdk	media	send_exhausted	0
1781386398	snap	4000	sdk	media	send_canceled	0
1781386398	snap	4000	sdk	media	send_other	0
1781386398	snap	4000	sdk	media	buffer_depth	0
0
1781386398	snap	4000	sdk	media	cp_received	1386098
1781386398	snap	4000	sdk	media	lp_received	0
1781386398	snap	4000	sdk	media	cp_sent	552721
1781386398	snap	4000	sdk	media	lp_sent	0
1781386398	snap	4000	sdk	media	cp_dropped	833377
1781386398	snap	4000	sdk	media	lp_dropped	0
1781386398	snap	4000	sdk	post-storage	spans_received	1385353
1781386398	snap	4000	sdk	post-storage	spans_sent	520297
1781386398	snap	4000	sdk	post-storage	spans_dropped	865056
1781386398	snap	4000	sdk	post-storage	spans_flushed	1385353
1781386398	snap	4000	sdk	post-storage	batches_sent	3253
1781386398	snap	4000	sdk	post-storage	batches_dropped	3434
1781386398	snap	4000	sdk	post-storage	send_unavailable	3434
1781386398	snap	4000	sdk	post-storage	send_deadline	0
1781386398	snap	4000	sdk	post-storage	send_exhausted	0
1781386398	snap	4000	sdk	post-storage	send_canceled	0
1781386398	snap	4000	sdk	post-storage	send_other	0
1781386398	snap	4000	sdk	post-storage	buffer_depth	0
0
1781386398	snap	4000	sdk	post-storage	cp_received	1385353
1781386398	snap	4000	sdk	post-storage	lp_received	0
1781386398	snap	4000	sdk	post-storage	cp_sent	520297
1781386398	snap	4000	sdk	post-storage	lp_sent	0
1781386398	snap	4000	sdk	post-storage	cp_dropped	865056
1781386398	snap	4000	sdk	post-storage	lp_dropped	0
1781386398	snap	4000	sdk	socialgraph	spans_received	1499168
1781386398	snap	4000	sdk	socialgraph	spans_sent	650144
1781386398	snap	4000	sdk	socialgraph	spans_dropped	849024
1781386398	snap	4000	sdk	socialgraph	spans_flushed	1499168
1781386398	snap	4000	sdk	socialgraph	batches_sent	3848
1781386398	snap	4000	sdk	socialgraph	batches_dropped	3369
1781386398	snap	4000	sdk	socialgraph	send_unavailable	3369
1781386398	snap	4000	sdk	socialgraph	send_deadline	0
1781386398	snap	4000	sdk	socialgraph	send_exhausted	0
1781386398	snap	4000	sdk	socialgraph	send_canceled	0
1781386398	snap	4000	sdk	socialgraph	send_other	0
1781386398	snap	4000	sdk	socialgraph	buffer_depth	0
0
1781386398	snap	4000	sdk	socialgraph	cp_received	1461544
1781386398	snap	4000	sdk	socialgraph	lp_received	37624
1781386398	snap	4000	sdk	socialgraph	cp_sent	615684
1781386398	snap	4000	sdk	socialgraph	lp_sent	34460
1781386398	snap	4000	sdk	socialgraph	cp_dropped	845860
1781386398	snap	4000	sdk	socialgraph	lp_dropped	3164
1781386398	snap	4000	sdk	text	spans_received	4158644
1781386398	snap	4000	sdk	text	spans_sent	359187
1781386398	snap	4000	sdk	text	spans_dropped	3799457
1781386398	snap	4000	sdk	text	spans_flushed	4158644
1781386398	snap	4000	sdk	text	batches_sent	4632
1781386398	snap	4000	sdk	text	batches_dropped	15436
1781386398	snap	4000	sdk	text	send_unavailable	15436
1781386398	snap	4000	sdk	text	send_deadline	0
1781386398	snap	4000	sdk	text	send_exhausted	0
1781386398	snap	4000	sdk	text	send_canceled	0
1781386398	snap	4000	sdk	text	send_other	0
1781386398	snap	4000	sdk	text	buffer_depth	0
0
1781386398	snap	4000	sdk	text	cp_received	0
1781386398	snap	4000	sdk	text	lp_received	4158644
1781386398	snap	4000	sdk	text	cp_sent	0
1781386398	snap	4000	sdk	text	lp_sent	359187
1781386398	snap	4000	sdk	text	cp_dropped	0
1781386398	snap	4000	sdk	text	lp_dropped	3799457
1781386398	snap	4000	sdk	uniqueid	spans_received	1386098
1781386398	snap	4000	sdk	uniqueid	spans_sent	402431
1781386398	snap	4000	sdk	uniqueid	spans_dropped	983667
1781386398	snap	4000	sdk	uniqueid	spans_flushed	1386098
1781386398	snap	4000	sdk	uniqueid	batches_sent	2742
1781386398	snap	4000	sdk	uniqueid	batches_dropped	3944
1781386398	snap	4000	sdk	uniqueid	send_unavailable	3944
1781386398	snap	4000	sdk	uniqueid	send_deadline	0
1781386398	snap	4000	sdk	uniqueid	send_exhausted	0
1781386398	snap	4000	sdk	uniqueid	send_canceled	0
1781386398	snap	4000	sdk	uniqueid	send_other	0
1781386398	snap	4000	sdk	uniqueid	buffer_depth	0
0
1781386398	snap	4000	sdk	uniqueid	cp_received	1386098
1781386398	snap	4000	sdk	uniqueid	lp_received	0
1781386398	snap	4000	sdk	uniqueid	cp_sent	402431
1781386398	snap	4000	sdk	uniqueid	lp_sent	0
1781386398	snap	4000	sdk	uniqueid	cp_dropped	983667
1781386398	snap	4000	sdk	uniqueid	lp_dropped	0
1781386398	snap	4000	sdk	urlshorten	spans_received	1386090
1781386398	snap	4000	sdk	urlshorten	spans_sent	508310
1781386398	snap	4000	sdk	urlshorten	spans_dropped	877780
1781386398	snap	4000	sdk	urlshorten	spans_flushed	1386090
1781386398	snap	4000	sdk	urlshorten	batches_sent	3194
1781386398	snap	4000	sdk	urlshorten	batches_dropped	3487
1781386398	snap	4000	sdk	urlshorten	send_unavailable	3487
1781386398	snap	4000	sdk	urlshorten	send_deadline	0
1781386398	snap	4000	sdk	urlshorten	send_exhausted	0
1781386398	snap	4000	sdk	urlshorten	send_canceled	0
1781386398	snap	4000	sdk	urlshorten	send_other	0
1781386398	snap	4000	sdk	urlshorten	buffer_depth	0
0
1781386398	snap	4000	sdk	urlshorten	cp_received	1386090
1781386398	snap	4000	sdk	urlshorten	lp_received	0
1781386398	snap	4000	sdk	urlshorten	cp_sent	508310
1781386398	snap	4000	sdk	urlshorten	lp_sent	0
1781386398	snap	4000	sdk	urlshorten	cp_dropped	877780
1781386398	snap	4000	sdk	urlshorten	lp_dropped	0
1781386398	snap	4000	sdk	user	spans_received	1388042
1781386398	snap	4000	sdk	user	spans_sent	253473
1781386398	snap	4000	sdk	user	spans_dropped	1134569
1781386398	snap	4000	sdk	user	spans_flushed	1388042
1781386398	snap	4000	sdk	user	batches_sent	2097
1781386398	snap	4000	sdk	user	batches_dropped	4580
1781386398	snap	4000	sdk	user	send_unavailable	4576
1781386398	snap	4000	sdk	user	send_deadline	4
1781386398	snap	4000	sdk	user	send_exhausted	0
1781386398	snap	4000	sdk	user	send_canceled	0
1781386398	snap	4000	sdk	user	send_other	0
1781386398	snap	4000	sdk	user	buffer_depth	0
0
1781386398	snap	4000	sdk	user	cp_received	1387080
1781386398	snap	4000	sdk	user	lp_received	962
1781386398	snap	4000	sdk	user	cp_sent	252511
1781386398	snap	4000	sdk	user	lp_sent	962
1781386398	snap	4000	sdk	user	cp_dropped	1134569
1781386398	snap	4000	sdk	user	lp_dropped	0
1781386398	snap	4000	sdk	userid	spans_received	75248
1781386398	snap	4000	sdk	userid	spans_sent	75248
1781386398	snap	4000	sdk	userid	spans_dropped	0
1781386398	snap	4000	sdk	userid	spans_flushed	75248
1781386398	snap	4000	sdk	userid	batches_sent	250
1781386398	snap	4000	sdk	userid	batches_dropped	0
1781386398	snap	4000	sdk	userid	send_unavailable	0
1781386398	snap	4000	sdk	userid	send_deadline	0
1781386398	snap	4000	sdk	userid	send_exhausted	0
1781386398	snap	4000	sdk	userid	send_canceled	0
1781386398	snap	4000	sdk	userid	send_other	0
1781386398	snap	4000	sdk	userid	buffer_depth	0
0
1781386398	snap	4000	sdk	userid	cp_received	75248
1781386398	snap	4000	sdk	userid	lp_received	0
1781386398	snap	4000	sdk	userid	cp_sent	75248
1781386398	snap	4000	sdk	userid	lp_sent	0
1781386398	snap	4000	sdk	userid	cp_dropped	0
1781386398	snap	4000	sdk	userid	lp_dropped	0
1781386398	snap	4000	sdk	usermention	spans_received	1386090
1781386398	snap	4000	sdk	usermention	spans_sent	403962
1781386398	snap	4000	sdk	usermention	spans_dropped	982128
1781386398	snap	4000	sdk	usermention	spans_flushed	1386090
1781386398	snap	4000	sdk	usermention	batches_sent	2757
1781386398	snap	4000	sdk	usermention	batches_dropped	3925
1781386398	snap	4000	sdk	usermention	send_unavailable	3925
1781386398	snap	4000	sdk	usermention	send_deadline	0
1781386398	snap	4000	sdk	usermention	send_exhausted	0
1781386398	snap	4000	sdk	usermention	send_canceled	0
1781386398	snap	4000	sdk	usermention	send_other	0
1781386398	snap	4000	sdk	usermention	buffer_depth	0
0
1781386398	snap	4000	sdk	usermention	cp_received	1386090
1781386398	snap	4000	sdk	usermention	lp_received	0
1781386398	snap	4000	sdk	usermention	cp_sent	403962
1781386398	snap	4000	sdk	usermention	lp_sent	0
1781386398	snap	4000	sdk	usermention	cp_dropped	982128
1781386398	snap	4000	sdk	usermention	lp_dropped	0
1781386398	snap	4000	sdk	usertimeline	spans_received	1385337
1781386398	snap	4000	sdk	usertimeline	spans_sent	519769
1781386398	snap	4000	sdk	usertimeline	spans_dropped	865568
1781386398	snap	4000	sdk	usertimeline	spans_flushed	1385337
1781386398	snap	4000	sdk	usertimeline	batches_sent	3309
1781386398	snap	4000	sdk	usertimeline	batches_dropped	3571
1781386398	snap	4000	sdk	usertimeline	send_unavailable	3571
1781386398	snap	4000	sdk	usertimeline	send_deadline	0
1781386398	snap	4000	sdk	usertimeline	send_exhausted	0
1781386398	snap	4000	sdk	usertimeline	send_canceled	0
1781386398	snap	4000	sdk	usertimeline	send_other	0
1781386398	snap	4000	sdk	usertimeline	buffer_depth	0
0
1781386398	snap	4000	sdk	usertimeline	cp_received	1385337
1781386398	snap	4000	sdk	usertimeline	lp_received	0
1781386398	snap	4000	sdk	usertimeline	cp_sent	519769
1781386398	snap	4000	sdk	usertimeline	lp_sent	0
1781386398	snap	4000	sdk	usertimeline	cp_dropped	865568
1781386398	snap	4000	sdk	usertimeline	lp_dropped	0
