setup: assigned thread_id=1
init: final thread_id=1, base_seed=nil
script_want_response
Running 2m test @ http://10.10.1.1:5475
  1 threads and 10 connections

  Thread calibration: mean lat.: 61.718ms, rate sampling interval: 108ms

-----------------------------------------------------------------------
Test Results @ http://10.10.1.1:5475 
  Thread Stats   Avg      Stdev     99%   +/- Stdev
    Latency     7.45ms  816.60us   9.38ms   72.71%
    Req/Sec   100.01     19.92   177.00     88.58%
  Latency Distribution (HdrHistogram - Recorded Latency)
 50.000%    7.39ms
 75.000%    7.92ms
 90.000%    8.49ms
 99.000%    9.38ms
 99.900%   10.58ms
 99.990%   17.79ms
 99.999%   17.81ms
100.000%   17.81ms

  Detailed Percentile spectrum:
       Value   Percentile   TotalCount 1/(1-Percentile)

       4.375     0.000000            1         1.00
       6.555     0.100000          900         1.11
       6.847     0.200000         1801         1.25
       7.047     0.300000         2701         1.43
       7.219     0.400000         3619         1.67
       7.387     0.500000         4507         2.00
       7.475     0.550000         4953         2.22
       7.567     0.600000         5403         2.50
       7.671     0.650000         5854         2.86
       7.783     0.700000         6306         3.33
       7.923     0.750000         6751         4.00
       7.999     0.775000         6984         4.44
       8.083     0.800000         7200         5.00
       8.175     0.825000         7437         5.71
       8.271     0.850000         7652         6.67
       8.383     0.875000         7884         8.00
       8.439     0.887500         7997         8.89
       8.503     0.900000         8113        10.00
       8.567     0.912500         8217        11.43
       8.639     0.925000         8326        13.33
       8.719     0.937500         8437        16.00
       8.767     0.943750         8496        17.78
       8.823     0.950000         8551        20.00
       8.887     0.956250         8606        22.86
       8.959     0.962500         8669        26.67
       9.031     0.968750         8727        32.00
       9.071     0.971875         8748        35.56
       9.103     0.975000         8777        40.00
       9.135     0.978125         8804        45.71
       9.191     0.981250         8834        53.33
       9.255     0.984375         8861        64.00
       9.295     0.985938         8876        71.11
       9.327     0.987500         8892        80.00
       9.367     0.989062         8905        91.43
       9.399     0.990625         8915       106.67
       9.471     0.992188         8929       128.00
       9.503     0.992969         8936       142.22
       9.551     0.993750         8943       160.00
       9.615     0.994531         8950       182.86
       9.663     0.995313         8957       213.33
       9.719     0.996094         8964       256.00
       9.767     0.996484         8968       284.44
       9.799     0.996875         8971       320.00
       9.895     0.997266         8975       365.71
       9.967     0.997656         8978       426.67
      10.047     0.998047         8982       512.00
      10.079     0.998242         8984       568.89
      10.087     0.998437         8985       640.00
      10.175     0.998633         8987       731.43
      10.311     0.998828         8989       853.33
      10.759     0.999023         8991      1024.00
      11.223     0.999121         8992      1137.78
      11.223     0.999219         8992      1280.00
      11.415     0.999316         8993      1462.86
      11.647     0.999414         8994      1706.67
      12.831     0.999512         8995      2048.00
      15.215     0.999561         8996      2275.56
      15.215     0.999609         8996      2560.00
      15.215     0.999658         8996      2925.71
      17.327     0.999707         8997      3413.33
      17.327     0.999756         8997      4096.00
      17.791     0.999780         8998      4551.11
      17.791     0.999805         8998      5120.00
      17.791     0.999829         8998      5851.43
      17.791     0.999854         8998      6826.67
      17.791     0.999878         8998      8192.00
      17.807     0.999890         8999      9102.22
      17.807     1.000000         8999          inf
#[Mean    =        7.451, StdDeviation   =        0.817]
#[Max     =       17.792, Total count    =         8999]
#[Buckets =           27, SubBuckets     =         2048]
-----------------------------------------------------------------------
  9991 requests in 1.67m, 1.55MB read
Requests/sec:     99.90  
Transfer/sec:     15.86KB

=== rps=2000 c=200 t=20 url=http://10.10.1.1:5475 ===
setup: assigned thread_id=1
init: final thread_id=1, base_seed=nil
setup: assigned thread_id=2
init: final thread_id=2, base_seed=nil
setup: assigned thread_id=3
init: final thread_id=3, base_seed=nil
setup: assigned thread_id=4
init: final thread_id=4, base_seed=nil
setup: assigned thread_id=5
init: final thread_id=5, base_seed=nil
setup: assigned thread_id=6
init: final thread_id=6, base_seed=nil
setup: assigned thread_id=7
init: final thread_id=7, base_seed=nil
setup: assigned thread_id=8
init: final thread_id=8, base_seed=nil
setup: assigned thread_id=9
init: final thread_id=9, base_seed=nil
setup: assigned thread_id=10
init: final thread_id=10, base_seed=nil
setup: assigned thread_id=11
init: final thread_id=11, base_seed=nil
setup: assigned thread_id=12
init: final thread_id=12, base_seed=nil
setup: assigned thread_id=13
init: final thread_id=13, base_seed=nil
setup: assigned thread_id=14
init: final thread_id=14, base_seed=nil
setup: assigned thread_id=15
init: final thread_id=15, base_seed=nil
setup: assigned thread_id=16
init: final thread_id=16, base_seed=nil
setup: assigned thread_id=17
init: final thread_id=17, base_seed=nil
setup: assigned thread_id=18
init: final thread_id=18, base_seed=nil
setup: assigned thread_id=19
init: final thread_id=19, base_seed=nil
setup: assigned thread_id=20
init: final thread_id=20, base_seed=nil
script_want_response
Running 1m test @ http://10.10.1.1:5475
  20 threads and 200 connections

  Thread calibration: mean lat.: 10.718ms, rate sampling interval: 31ms
  Thread calibration: mean lat.: 10.910ms, rate sampling interval: 30ms
  Thread calibration: mean lat.: 10.918ms, rate sampling interval: 30ms
  Thread calibration: mean lat.: 10.356ms, rate sampling interval: 29ms
  Thread calibration: mean lat.: 10.936ms, rate sampling interval: 30ms
  Thread calibration: mean lat.: 11.161ms, rate sampling interval: 31ms
  Thread calibration: mean lat.: 11.393ms, rate sampling interval: 31ms
  Thread calibration: mean lat.: 11.708ms, rate sampling interval: 31ms
  Thread calibration: mean lat.: 11.823ms, rate sampling interval: 31ms
  Thread calibration: mean lat.: 12.004ms, rate sampling interval: 31ms
  Thread calibration: mean lat.: 12.137ms, rate sampling interval: 30ms
  Thread calibration: mean lat.: 10.619ms, rate sampling interval: 28ms
  Thread calibration: mean lat.: 10.563ms, rate sampling interval: 28ms
  Thread calibration: mean lat.: 10.321ms, rate sampling interval: 27ms
  Thread calibration: mean lat.: 9.798ms, rate sampling interval: 25ms
  Thread calibration: mean lat.: 11.031ms, rate sampling interval: 30ms
  Thread calibration: mean lat.: 11.311ms, rate sampling interval: 30ms
  Thread calibration: mean lat.: 11.151ms, rate sampling interval: 31ms
  Thread calibration: mean lat.: 10.986ms, rate sampling interval: 31ms
  Thread calibration: mean lat.: 10.943ms, rate sampling interval: 31ms

-----------------------------------------------------------------------
Test Results @ http://10.10.1.1:5475 
  Thread Stats   Avg      Stdev     99%   +/- Stdev
    Latency    12.05ms    5.65ms  36.80ms   90.43%
    Req/Sec   101.53    116.49   344.00     81.33%
  Latency Distribution (HdrHistogram - Recorded Latency)
 50.000%   10.56ms
 75.000%   13.66ms
 90.000%   17.26ms
 99.000%   36.80ms
 99.900%   58.08ms
 99.990%   63.20ms
 99.999%   65.92ms
100.000%   66.30ms

  Detailed Percentile spectrum:
       Value   Percentile   TotalCount 1/(1-Percentile)

       5.603     0.000000            1         1.00
       7.579     0.100000         9992         1.11
       8.319     0.200000        20002         1.25
       9.023     0.300000        29998         1.43
       9.759     0.400000        40035         1.67
      10.559     0.500000        50000         2.00
      11.015     0.550000        55006         2.22
      11.527     0.600000        60003         2.50
      12.111     0.650000        64984         2.86
      12.815     0.700000        69978         3.33
      13.663     0.750000        74973         4.00
      14.135     0.775000        77461         4.44
      14.647     0.800000        79933         5.00
      15.191     0.825000        82438         5.71
      15.751     0.850000        84937         6.67
      16.415     0.875000        87464         8.00
      16.799     0.887500        88674         8.89
      17.263     0.900000        89923        10.00
      17.887     0.912500        91188        11.43
      18.671     0.925000        92440        13.33
      19.679     0.937500        93685        16.00
      20.303     0.943750        94294        17.78
      21.071     0.950000        94925        20.00
      22.015     0.956250        95545        22.86
      23.199     0.962500        96169        26.67
      24.655     0.968750        96794        32.00
      25.887     0.971875        97104        35.56
      27.407     0.975000        97416        40.00
      28.783     0.978125        97735        45.71
      30.271     0.981250        98040        53.33
      32.399     0.984375        98353        64.00
      33.535     0.985938        98509        71.11
      34.687     0.987500        98665        80.00
      35.903     0.989062        98821        91.43
      37.343     0.990625        98979       106.67
      38.815     0.992188        99134       128.00
      39.871     0.992969        99214       142.22
      41.055     0.993750        99289       160.00
      43.071     0.994531        99369       182.86
      45.215     0.995313        99446       213.33
      47.391     0.996094        99523       256.00
      48.735     0.996484        99563       284.44
      50.175     0.996875        99601       320.00
      51.935     0.997266        99640       365.71
      53.215     0.997656        99679       426.67
      54.431     0.998047        99718       512.00
      55.135     0.998242        99738       568.89
      55.871     0.998437        99757       640.00
      56.351     0.998633        99777       731.43
      56.927     0.998828        99797       853.33
      58.271     0.999023        99816      1024.00
      58.719     0.999121        99826      1137.78
      59.103     0.999219        99835      1280.00
      59.487     0.999316        99847      1462.86
      60.159     0.999414        99855      1706.67
      60.575     0.999512        99865      2048.00
      60.895     0.999561        99872      2275.56
      61.055     0.999609        99874      2560.00
      61.407     0.999658        99880      2925.71
      61.631     0.999707        99884      3413.33
      61.823     0.999756        99889      4096.00
      62.303     0.999780        99892      4551.11
      62.591     0.999805        99894      5120.00
      62.655     0.999829        99897      5851.43
      62.911     0.999854        99899      6826.67
      63.039     0.999878        99901      8192.00
      63.199     0.999890        99903      9102.22
      63.327     0.999902        99904     10240.00
      63.647     0.999915        99906     11702.86
      63.647     0.999927        99906     13653.33
      63.679     0.999939        99907     16384.00
      64.127     0.999945        99908     18204.44
      64.863     0.999951        99909     20480.00
      64.863     0.999957        99909     23405.71
      65.023     0.999963        99910     27306.67
      65.023     0.999969        99910     32768.00
      65.791     0.999973        99911     36408.89
      65.791     0.999976        99911     40960.00
      65.791     0.999979        99911     46811.43
      65.919     0.999982        99912     54613.33
      65.919     0.999985        99912     65536.00
      65.919     0.999986        99912     72817.78
      65.919     0.999988        99912     81920.00
      65.919     0.999989        99912     93622.86
      66.303     0.999991        99913    109226.67
      66.303     1.000000        99913          inf
#[Mean    =       12.049, StdDeviation   =        5.655]
#[Max     =       66.240, Total count    =        99913]
#[Buckets =           27, SubBuckets     =         2048]
-----------------------------------------------------------------------
  119653 requests in 1.00m, 18.55MB read
Requests/sec:   1996.56  
Transfer/sec:    317.04KB

=== rps=2200 c=242 t=25 url=http://10.10.1.1:5475 ===
setup: assigned thread_id=1
init: final thread_id=1, base_seed=nil
setup: assigned thread_id=2
init: final thread_id=2, base_seed=nil
setup: assigned thread_id=3
init: final thread_id=3, base_seed=nil
setup: assigned thread_id=4
init: final thread_id=4, base_seed=nil
setup: assigned thread_id=5
init: final thread_id=5, base_seed=nil
setup: assigned thread_id=6
init: final thread_id=6, base_seed=nil
setup: assigned thread_id=7
init: final thread_id=7, base_seed=nil
setup: assigned thread_id=8
init: final thread_id=8, base_seed=nil
setup: assigned thread_id=9
init: final thread_id=9, base_seed=nil
setup: assigned thread_id=10
init: final thread_id=10, base_seed=nil
setup: assigned thread_id=11
init: final thread_id=11, base_seed=nil
setup: assigned thread_id=12
init: final thread_id=12, base_seed=nil
setup: assigned thread_id=13
init: final thread_id=13, base_seed=nil
setup: assigned thread_id=14
init: final thread_id=14, base_seed=nil
setup: assigned thread_id=15
init: final thread_id=15, base_seed=nil
setup: assigned thread_id=16
init: final thread_id=16, base_seed=nil
setup: assigned thread_id=17
init: final thread_id=17, base_seed=nil
setup: assigned thread_id=18
init: final thread_id=18, base_seed=nil
setup: assigned thread_id=19
init: final thread_id=19, base_seed=nil
setup: assigned thread_id=20
init: final thread_id=20, base_seed=nil
setup: assigned thread_id=21
init: final thread_id=21, base_seed=nil
setup: assigned thread_id=22
init: final thread_id=22, base_seed=nil
setup: assigned thread_id=23
init: final thread_id=23, base_seed=nil
setup: assigned thread_id=24
init: final thread_id=24, base_seed=nil
setup: assigned thread_id=25
init: final thread_id=25, base_seed=nil
script_want_response
Running 1m test @ http://10.10.1.1:5475
  25 threads and 242 connections

  Thread calibration: mean lat.: 10.821ms, rate sampling interval: 30ms
  Thread calibration: mean lat.: 11.002ms, rate sampling interval: 30ms
  Thread calibration: mean lat.: 11.135ms, rate sampling interval: 29ms
  Thread calibration: mean lat.: 11.182ms, rate sampling interval: 31ms
  Thread calibration: mean lat.: 11.400ms, rate sampling interval: 30ms
  Thread calibration: mean lat.: 11.673ms, rate sampling interval: 31ms
  Thread calibration: mean lat.: 12.001ms, rate sampling interval: 32ms
  Thread calibration: mean lat.: 12.113ms, rate sampling interval: 33ms
  Thread calibration: mean lat.: 12.286ms, rate sampling interval: 33ms
  Thread calibration: mean lat.: 12.267ms, rate sampling interval: 32ms
  Thread calibration: mean lat.: 12.026ms, rate sampling interval: 31ms
  Thread calibration: mean lat.: 12.192ms, rate sampling interval: 32ms
  Thread calibration: mean lat.: 12.120ms, rate sampling interval: 31ms
  Thread calibration: mean lat.: 11.963ms, rate sampling interval: 30ms
  Thread calibration: mean lat.: 11.846ms, rate sampling interval: 31ms
  Thread calibration: mean lat.: 12.241ms, rate sampling interval: 32ms
  Thread calibration: mean lat.: 13.989ms, rate sampling interval: 40ms
  Thread calibration: mean lat.: 14.866ms, rate sampling interval: 42ms
  Thread calibration: mean lat.: 15.153ms, rate sampling interval: 42ms
  Thread calibration: mean lat.: 15.554ms, rate sampling interval: 43ms
  Thread calibration: mean lat.: 15.790ms, rate sampling interval: 43ms
  Thread calibration: mean lat.: 15.574ms, rate sampling interval: 43ms
  Thread calibration: mean lat.: 15.445ms, rate sampling interval: 42ms
  Thread calibration: mean lat.: 15.463ms, rate sampling interval: 42ms
  Thread calibration: mean lat.: 14.789ms, rate sampling interval: 40ms

-----------------------------------------------------------------------
Test Results @ http://10.10.1.1:5475 
  Thread Stats   Avg      Stdev     99%   +/- Stdev
    Latency    13.82ms    5.19ms  32.22ms   77.64%
    Req/Sec    89.08     95.84   300.00     75.27%
  Latency Distribution (HdrHistogram - Recorded Latency)
 50.000%   12.57ms
 75.000%   16.02ms
 90.000%   20.29ms
 99.000%   32.22ms
 99.900%   43.01ms
 99.990%   55.36ms
 99.999%   73.73ms
100.000%   97.92ms

  Detailed Percentile spectrum:
       Value   Percentile   TotalCount 1/(1-Percentile)

       6.327     0.000000            1         1.00
       8.727     0.100000        10992         1.11
       9.751     0.200000        22010         1.25
      10.655     0.300000        33023         1.43
      11.575     0.400000        43971         1.67
      12.575     0.500000        55029         2.00
      13.127     0.550000        60493         2.22
      13.711     0.600000        65979         2.50
      14.367     0.650000        71491         2.86
      15.143     0.700000        76952         3.33
      16.023     0.750000        82459         4.00
      16.543     0.775000        85232         4.44
      17.103     0.800000        87979         5.00
      17.711     0.825000        90674         5.71
      18.431     0.850000        93430         6.67
      19.279     0.875000        96198         8.00
      19.743     0.887500        97559         8.89
      20.287     0.900000        98924        10.00
      20.959     0.912500       100295        11.43
      21.759     0.925000       101678        13.33
      22.671     0.937500       103041        16.00
      23.231     0.943750       103730        17.78
      23.887     0.950000       104418        20.00
      24.607     0.956250       105091        22.86
      25.439     0.962500       105783        26.67
      26.383     0.968750       106473        32.00
      26.943     0.971875       106818        35.56
      27.535     0.975000       107154        40.00
      28.175     0.978125       107496        45.71
      29.007     0.981250       107844        53.33
      30.015     0.984375       108184        64.00
      30.495     0.985938       108357        71.11
      30.991     0.987500       108527        80.00
      31.711     0.989062       108699        91.43
      32.543     0.990625       108869       106.67
      33.439     0.992188       109040       128.00
      34.047     0.992969       109131       142.22
      34.655     0.993750       109212       160.00
      35.263     0.994531       109300       182.86
      36.255     0.995313       109384       213.33
      37.183     0.996094       109469       256.00
      37.663     0.996484       109512       284.44
      38.335     0.996875       109557       320.00
      38.879     0.997266       109601       365.71
      39.359     0.997656       109641       426.67
      40.063     0.998047       109684       512.00
      40.575     0.998242       109706       568.89
      41.055     0.998437       109727       640.00
      41.631     0.998633       109748       731.43
      42.335     0.998828       109770       853.33
      43.071     0.999023       109791      1024.00
      43.519     0.999121       109802      1137.78
      43.999     0.999219       109813      1280.00
      44.479     0.999316       109823      1462.86
      45.215     0.999414       109834      1706.67
      46.175     0.999512       109845      2048.00
      46.591     0.999561       109851      2275.56
      47.455     0.999609       109856      2560.00
      48.639     0.999658       109861      2925.71
      49.855     0.999707       109866      3413.33
      52.415     0.999756       109872      4096.00
      52.991     0.999780       109875      4551.11
      53.087     0.999805       109877      5120.00
      53.471     0.999829       109880      5851.43
      54.911     0.999854       109882      6826.67
      55.199     0.999878       109885      8192.00
      55.295     0.999890       109886      9102.22
      55.455     0.999902       109888     10240.00
      55.935     0.999915       109889     11702.86
      56.639     0.999927       109890     13653.33
      56.767     0.999939       109892     16384.00
      56.767     0.999945       109892     18204.44
      58.303     0.999951       109893     20480.00
      58.847     0.999957       109894     23405.71
      58.847     0.999963       109894     27306.67
      64.671     0.999969       109895     32768.00
      64.671     0.999973       109895     36408.89
      69.887     0.999976       109896     40960.00
      69.887     0.999979       109896     46811.43
      69.887     0.999982       109896     54613.33
      73.727     0.999985       109897     65536.00
      73.727     0.999986       109897     72817.78
      73.727     0.999988       109897     81920.00
      73.727     0.999989       109897     93622.86
      73.727     0.999991       109897    109226.67
      97.919     0.999992       109898    131072.00
      97.919     1.000000       109898          inf
#[Mean    =       13.817, StdDeviation   =        5.194]
#[Max     =       97.856, Total count    =       109898]
#[Buckets =           27, SubBuckets     =         2048]
-----------------------------------------------------------------------
  131738 requests in 1.00m, 20.43MB read
Requests/sec:   2197.78  
Transfer/sec:    349.00KB

=== rps=2400 c=288 t=29 url=http://10.10.1.1:5475 ===
setup: assigned thread_id=1
init: final thread_id=1, base_seed=nil
setup: assigned thread_id=2
init: final thread_id=2, base_seed=nil
setup: assigned thread_id=3
init: final thread_id=3, base_seed=nil
setup: assigned thread_id=4
init: final thread_id=4, base_seed=nil
setup: assigned thread_id=5
init: final thread_id=5, base_seed=nil
setup: assigned thread_id=6
init: final thread_id=6, base_seed=nil
setup: assigned thread_id=7
init: final thread_id=7, base_seed=nil
setup: assigned thread_id=8
init: final thread_id=8, base_seed=nil
setup: assigned thread_id=9
init: final thread_id=9, base_seed=nil
setup: assigned thread_id=10
init: final thread_id=10, base_seed=nil
setup: assigned thread_id=11
init: final thread_id=11, base_seed=nil
setup: assigned thread_id=12
init: final thread_id=12, base_seed=nil
setup: assigned thread_id=13
init: final thread_id=13, base_seed=nil
setup: assigned thread_id=14
init: final thread_id=14, base_seed=nil
setup: assigned thread_id=15
init: final thread_id=15, base_seed=nil
setup: assigned thread_id=16
init: final thread_id=16, base_seed=nil
setup: assigned thread_id=17
init: final thread_id=17, base_seed=nil
setup: assigned thread_id=18
init: final thread_id=18, base_seed=nil
setup: assigned thread_id=19
init: final thread_id=19, base_seed=nil
setup: assigned thread_id=20
init: final thread_id=20, base_seed=nil
setup: assigned thread_id=21
init: final thread_id=21, base_seed=nil
setup: assigned thread_id=22
init: final thread_id=22, base_seed=nil
setup: assigned thread_id=23
init: final thread_id=23, base_seed=nil
setup: assigned thread_id=24
init: final thread_id=24, base_seed=nil
setup: assigned thread_id=25
init: final thread_id=25, base_seed=nil
setup: assigned thread_id=26
init: final thread_id=26, base_seed=nil
setup: assigned thread_id=27
init: final thread_id=27, base_seed=nil
setup: assigned thread_id=28
init: final thread_id=28, base_seed=nil
setup: assigned thread_id=29
init: final thread_id=29, base_seed=nil
script_want_response
Running 1m test @ http://10.10.1.1:5475
  29 threads and 288 connections

  Thread calibration: mean lat.: 12.526ms, rate sampling interval: 40ms
  Thread calibration: mean lat.: 13.056ms, rate sampling interval: 39ms
  Thread calibration: mean lat.: 13.526ms, rate sampling interval: 40ms
  Thread calibration: mean lat.: 13.143ms, rate sampling interval: 39ms
  Thread calibration: mean lat.: 13.861ms, rate sampling interval: 40ms
  Thread calibration: mean lat.: 13.766ms, rate sampling interval: 40ms
  Thread calibration: mean lat.: 13.664ms, rate sampling interval: 39ms
  Thread calibration: mean lat.: 13.206ms, rate sampling interval: 38ms
  Thread calibration: mean lat.: 13.331ms, rate sampling interval: 38ms
  Thread calibration: mean lat.: 8.508ms, rate sampling interval: 20ms
  Thread calibration: mean lat.: 12.820ms, rate sampling interval: 36ms
  Thread calibration: mean lat.: 12.379ms, rate sampling interval: 34ms
  Thread calibration: mean lat.: 8.731ms, rate sampling interval: 22ms
  Thread calibration: mean lat.: 12.523ms, rate sampling interval: 34ms
  Thread calibration: mean lat.: 12.213ms, rate sampling interval: 33ms
  Thread calibration: mean lat.: 12.328ms, rate sampling interval: 33ms
  Thread calibration: mean lat.: 12.299ms, rate sampling interval: 33ms
  Thread calibration: mean lat.: 15.948ms, rate sampling interval: 54ms
  Thread calibration: mean lat.: 16.874ms, rate sampling interval: 57ms
  Thread calibration: mean lat.: 18.333ms, rate sampling interval: 59ms
  Thread calibration: mean lat.: 19.143ms, rate sampling interval: 60ms
  Thread calibration: mean lat.: 19.606ms, rate sampling interval: 59ms
  Thread calibration: mean lat.: 16.993ms, rate sampling interval: 51ms
  Thread calibration: mean lat.: 20.069ms, rate sampling interval: 60ms
  Thread calibration: mean lat.: 20.746ms, rate sampling interval: 60ms
  Thread calibration: mean lat.: 20.678ms, rate sampling interval: 59ms
  Thread calibration: mean lat.: 19.550ms, rate sampling interval: 58ms
  Thread calibration: mean lat.: 18.631ms, rate sampling interval: 56ms
  Thread calibration: mean lat.: 17.660ms, rate sampling interval: 54ms

-----------------------------------------------------------------------
Test Results @ http://10.10.1.1:5475 
  Thread Stats   Avg      Stdev     99%   +/- Stdev
    Latency    16.51ms    8.69ms  50.62ms   84.13%
    Req/Sec    82.91     96.40   450.00     87.89%
  Latency Distribution (HdrHistogram - Recorded Latency)
 50.000%   14.07ms
 75.000%   19.74ms
 90.000%   26.67ms
 99.000%   50.62ms
 99.900%   72.13ms
 99.990%  108.03ms
 99.999%  111.49ms
100.000%  117.63ms

  Detailed Percentile spectrum:
       Value   Percentile   TotalCount 1/(1-Percentile)

       6.439     0.000000            1         1.00
       8.767     0.100000        11919         1.11
      10.007     0.200000        23798         1.25
      11.255     0.300000        35715         1.43
      12.575     0.400000        47542         1.67
      14.071     0.500000        59414         2.00
      14.967     0.550000        65375         2.22
      15.943     0.600000        71319         2.50
      17.039     0.650000        77225         2.86
      18.287     0.700000        83159         3.33
      19.743     0.750000        89107         4.00
      20.559     0.775000        92083         4.44
      21.487     0.800000        95068         5.00
      22.495     0.825000        98042         5.71
      23.647     0.850000       100987         6.67
      24.991     0.875000       103956         8.00
      25.759     0.887500       105438         8.89
      26.671     0.900000       106926        10.00
      27.759     0.912500       108403        11.43
      29.087     0.925000       109890        13.33
      30.767     0.937500       111376        16.00
      31.679     0.943750       112114        17.78
      32.927     0.950000       112872        20.00
      34.111     0.956250       113606        22.86
      35.647     0.962500       114353        26.67
      37.823     0.968750       115090        32.00
      38.911     0.971875       115454        35.56
      40.255     0.975000       115826        40.00
      41.823     0.978125       116208        45.71
      43.647     0.981250       116569        53.33
      45.919     0.984375       116942        64.00
      47.167     0.985938       117129        71.11
      48.511     0.987500       117314        80.00
      49.791     0.989062       117498        91.43
      51.199     0.990625       117687       106.67
      52.991     0.992188       117871       128.00
      53.983     0.992969       117961       142.22
      54.975     0.993750       118058       160.00
      55.839     0.994531       118146       182.86
      56.863     0.995313       118242       213.33
      58.143     0.996094       118331       256.00
      58.751     0.996484       118378       284.44
      59.743     0.996875       118425       320.00
      60.543     0.997266       118473       365.71
      61.471     0.997656       118518       426.67
      63.423     0.998047       118563       512.00
      65.119     0.998242       118587       568.89
      66.175     0.998437       118610       640.00
      67.711     0.998633       118633       731.43
      69.759     0.998828       118656       853.33
      72.959     0.999023       118679      1024.00
      74.687     0.999121       118691      1137.78
      76.095     0.999219       118703      1280.00
      77.503     0.999316       118714      1462.86
      78.399     0.999414       118726      1706.67
      79.167     0.999512       118737      2048.00
      79.999     0.999561       118743      2275.56
      80.511     0.999609       118749      2560.00
      80.959     0.999658       118755      2925.71
      82.751     0.999707       118761      3413.33
      83.391     0.999756       118766      4096.00
      83.839     0.999780       118769      4551.11
      85.567     0.999805       118772      5120.00
      89.919     0.999829       118775      5851.43
     105.407     0.999854       118778      6826.67
     106.495     0.999878       118781      8192.00
     106.687     0.999890       118782      9102.22
     108.287     0.999902       118784     10240.00
     108.351     0.999915       118785     11702.86
     108.991     0.999927       118787     13653.33
     109.439     0.999939       118788     16384.00
     110.143     0.999945       118789     18204.44
     110.207     0.999951       118790     20480.00
     110.207     0.999957       118790     23405.71
     110.527     0.999963       118791     27306.67
     110.783     0.999969       118792     32768.00
     110.783     0.999973       118792     36408.89
     110.975     0.999976       118793     40960.00
     110.975     0.999979       118793     46811.43
     110.975     0.999982       118793     54613.33
     111.487     0.999985       118794     65536.00
     111.487     0.999986       118794     72817.78
     111.487     0.999988       118794     81920.00
     111.487     0.999989       118794     93622.86
     111.487     0.999991       118794    109226.67
     117.631     0.999992       118795    131072.00
     117.631     1.000000       118795          inf
#[Mean    =       16.510, StdDeviation   =        8.694]
#[Max     =      117.568, Total count    =       118795]
#[Buckets =           27, SubBuckets     =         2048]
-----------------------------------------------------------------------
  142149 requests in 1.00m, 22.04MB read
Requests/sec:   2370.93  
Transfer/sec:    376.37KB

=== rps=2600 c=338 t=34 url=http://10.10.1.1:5475 ===
setup: assigned thread_id=1
init: final thread_id=1, base_seed=nil
setup: assigned thread_id=2
init: final thread_id=2, base_seed=nil
setup: assigned thread_id=3
init: final thread_id=3, base_seed=nil
setup: assigned thread_id=4
init: final thread_id=4, base_seed=nil
setup: assigned thread_id=5
init: final thread_id=5, base_seed=nil
setup: assigned thread_id=6
init: final thread_id=6, base_seed=nil
setup: assigned thread_id=7
init: final thread_id=7, base_seed=nil
setup: assigned thread_id=8
init: final thread_id=8, base_seed=nil
setup: assigned thread_id=9
init: final thread_id=9, base_seed=nil
setup: assigned thread_id=10
init: final thread_id=10, base_seed=nil
setup: assigned thread_id=11
init: final thread_id=11, base_seed=nil
setup: assigned thread_id=12
init: final thread_id=12, base_seed=nil
setup: assigned thread_id=13
init: final thread_id=13, base_seed=nil
setup: assigned thread_id=14
init: final thread_id=14, base_seed=nil
setup: assigned thread_id=15
init: final thread_id=15, base_seed=nil
setup: assigned thread_id=16
init: final thread_id=16, base_seed=nil
setup: assigned thread_id=17
init: final thread_id=17, base_seed=nil
setup: assigned thread_id=18
init: final thread_id=18, base_seed=nil
setup: assigned thread_id=19
init: final thread_id=19, base_seed=nil
setup: assigned thread_id=20
init: final thread_id=20, base_seed=nil
setup: assigned thread_id=21
init: final thread_id=21, base_seed=nil
setup: assigned thread_id=22
init: final thread_id=22, base_seed=nil
setup: assigned thread_id=23
init: final thread_id=23, base_seed=nil
setup: assigned thread_id=24
init: final thread_id=24, base_seed=nil
setup: assigned thread_id=25
init: final thread_id=25, base_seed=nil
setup: assigned thread_id=26
init: final thread_id=26, base_seed=nil
setup: assigned thread_id=27
init: final thread_id=27, base_seed=nil
setup: assigned thread_id=28
init: final thread_id=28, base_seed=nil
setup: assigned thread_id=29
init: final thread_id=29, base_seed=nil
setup: assigned thread_id=30
init: final thread_id=30, base_seed=nil
setup: assigned thread_id=31
init: final thread_id=31, base_seed=nil
setup: assigned thread_id=32
init: final thread_id=32, base_seed=nil
setup: assigned thread_id=33
init: final thread_id=33, base_seed=nil
setup: assigned thread_id=34
init: final thread_id=34, base_seed=nil
script_want_response
Running 1m test @ http://10.10.1.1:5475
  34 threads and 338 connections

  Thread calibration: mean lat.: 21.110ms, rate sampling interval: 64ms
  Thread calibration: mean lat.: 20.762ms, rate sampling interval: 63ms
  Thread calibration: mean lat.: 20.618ms, rate sampling interval: 62ms
  Thread calibration: mean lat.: 19.626ms, rate sampling interval: 60ms
  Thread calibration: mean lat.: 19.070ms, rate sampling interval: 58ms
  Thread calibration: mean lat.: 17.705ms, rate sampling interval: 55ms
  Thread calibration: mean lat.: 17.511ms, rate sampling interval: 53ms
  Thread calibration: mean lat.: 16.727ms, rate sampling interval: 50ms
  Thread calibration: mean lat.: 15.808ms, rate sampling interval: 48ms
  Thread calibration: mean lat.: 15.469ms, rate sampling interval: 47ms
  Thread calibration: mean lat.: 14.591ms, rate sampling interval: 40ms
  Thread calibration: mean lat.: 14.303ms, rate sampling interval: 39ms
  Thread calibration: mean lat.: 14.397ms, rate sampling interval: 39ms
  Thread calibration: mean lat.: 14.405ms, rate sampling interval: 39ms
  Thread calibration: mean lat.: 15.067ms, rate sampling interval: 41ms
  Thread calibration: mean lat.: 14.774ms, rate sampling interval: 40ms
  Thread calibration: mean lat.: 19.809ms, rate sampling interval: 63ms
  Thread calibration: mean lat.: 21.235ms, rate sampling interval: 65ms
  Thread calibration: mean lat.: 21.717ms, rate sampling interval: 65ms
  Thread calibration: mean lat.: 22.162ms, rate sampling interval: 66ms
  Thread calibration: mean lat.: 23.111ms, rate sampling interval: 67ms
  Thread calibration: mean lat.: 23.252ms, rate sampling interval: 67ms
  Thread calibration: mean lat.: 22.387ms, rate sampling interval: 66ms
  Thread calibration: mean lat.: 20.936ms, rate sampling interval: 65ms
  Thread calibration: mean lat.: 20.906ms, rate sampling interval: 64ms
  Thread calibration: mean lat.: 20.657ms, rate sampling interval: 64ms
  Thread calibration: mean lat.: 19.244ms, rate sampling interval: 62ms
  Thread calibration: mean lat.: 18.790ms, rate sampling interval: 60ms
  Thread calibration: mean lat.: 18.315ms, rate sampling interval: 61ms
  Thread calibration: mean lat.: 17.961ms, rate sampling interval: 56ms
  Thread calibration: mean lat.: 17.093ms, rate sampling interval: 49ms
  Thread calibration: mean lat.: 16.787ms, rate sampling interval: 48ms
  Thread calibration: mean lat.: 16.662ms, rate sampling interval: 48ms
  Thread calibration: mean lat.: 16.065ms, rate sampling interval: 47ms

-----------------------------------------------------------------------
Test Results @ http://10.10.1.1:5475 
  Thread Stats   Avg      Stdev     99%   +/- Stdev
    Latency    20.54ms    9.29ms  54.72ms   77.24%
    Req/Sec    76.36     65.53   200.00     52.92%
  Latency Distribution (HdrHistogram - Recorded Latency)
 50.000%   18.42ms
 75.000%   24.91ms
 90.000%   31.79ms
 99.000%   54.72ms
 99.900%   78.65ms
 99.990%   88.77ms
 99.999%   91.26ms
100.000%   92.74ms

  Detailed Percentile spectrum:
       Value   Percentile   TotalCount 1/(1-Percentile)

       7.371     0.000000            1         1.00
      11.303     0.100000        12929         1.11
      13.031     0.200000        25803         1.25
      14.695     0.300000        38751         1.43
      16.431     0.400000        51612         1.67
      18.415     0.500000        64550         2.00
      19.535     0.550000        70948         2.22
      20.799     0.600000        77467         2.50
      22.111     0.650000        83903         2.86
      23.471     0.700000        90365         3.33
      24.911     0.750000        96748         4.00
      25.727     0.775000        99986         4.44
      26.639     0.800000       103209         5.00
      27.615     0.825000       106419         5.71
      28.783     0.850000       109674         6.67
      30.175     0.875000       112884         8.00
      30.959     0.887500       114485         8.89
      31.807     0.900000       116116        10.00
      32.751     0.912500       117704        11.43
      33.919     0.925000       119337        13.33
      35.263     0.937500       120941        16.00
      36.127     0.943750       121759        17.78
      37.119     0.950000       122551        20.00
      38.207     0.956250       123346        22.86
      39.711     0.962500       124166        26.67
      41.183     0.968750       124958        32.00
      42.047     0.971875       125373        35.56
      43.103     0.975000       125767        40.00
      44.735     0.978125       126171        45.71
      46.655     0.981250       126572        53.33
      48.703     0.984375       126975        64.00
      50.239     0.985938       127179        71.11
      51.839     0.987500       127375        80.00
      53.471     0.989062       127578        91.43
      55.743     0.990625       127781       106.67
      57.983     0.992188       127980       128.00
      59.423     0.992969       128081       142.22
      60.767     0.993750       128184       160.00
      62.015     0.994531       128284       182.86
      63.359     0.995313       128384       213.33
      65.215     0.996094       128484       256.00
      66.687     0.996484       128537       284.44
      68.351     0.996875       128584       320.00
      69.631     0.997266       128636       365.71
      71.167     0.997656       128690       426.67
      72.447     0.998047       128738       512.00
      73.279     0.998242       128763       568.89
      74.495     0.998437       128787       640.00
      75.903     0.998633       128812       731.43
      77.247     0.998828       128836       853.33
      79.039     0.999023       128863      1024.00
      79.807     0.999121       128874      1137.78
      81.151     0.999219       128888      1280.00
      81.855     0.999316       128899      1462.86
      83.199     0.999414       128912      1706.67
      83.839     0.999512       128927      2048.00
      84.095     0.999561       128932      2275.56
      84.671     0.999609       128937      2560.00
      84.991     0.999658       128945      2925.71
      85.247     0.999707       128953      3413.33
      85.567     0.999756       128956      4096.00
      85.631     0.999780       128959      4551.11
      86.143     0.999805       128962      5120.00
      86.783     0.999829       128965      5851.43
      87.807     0.999854       128969      6826.67
      88.383     0.999878       128972      8192.00
      88.639     0.999890       128973      9102.22
      88.895     0.999902       128975     10240.00
      88.959     0.999915       128976     11702.86
      89.151     0.999927       128978     13653.33
      89.599     0.999939       128980     16384.00
      89.599     0.999945       128980     18204.44
      89.791     0.999951       128981     20480.00
      89.983     0.999957       128983     23405.71
      89.983     0.999963       128983     27306.67
      90.303     0.999969       128984     32768.00
      90.303     0.999973       128984     36408.89
      90.303     0.999976       128984     40960.00
      91.071     0.999979       128985     46811.43
      91.071     0.999982       128985     54613.33
      91.263     0.999985       128986     65536.00
      91.263     0.999986       128986     72817.78
      91.263     0.999988       128986     81920.00
      91.263     0.999989       128986     93622.86
      91.263     0.999991       128986    109226.67
      92.735     0.999992       128987    131072.00
      92.735     1.000000       128987          inf
#[Mean    =       20.535, StdDeviation   =        9.293]
#[Max     =       92.672, Total count    =       128987]
#[Buckets =           27, SubBuckets     =         2048]
-----------------------------------------------------------------------
  154665 requests in 1.00m, 23.98MB read
Requests/sec:   2580.55  
Transfer/sec:    409.65KB

=== rps=2800 c=392 t=40 url=http://10.10.1.1:5475 ===
setup: assigned thread_id=1
init: final thread_id=1, base_seed=nil
setup: assigned thread_id=2
init: final thread_id=2, base_seed=nil
setup: assigned thread_id=3
init: final thread_id=3, base_seed=nil
setup: assigned thread_id=4
init: final thread_id=4, base_seed=nil
setup: assigned thread_id=5
init: final thread_id=5, base_seed=nil
setup: assigned thread_id=6
init: final thread_id=6, base_seed=nil
setup: assigned thread_id=7
init: final thread_id=7, base_seed=nil
setup: assigned thread_id=8
init: final thread_id=8, base_seed=nil
setup: assigned thread_id=9
init: final thread_id=9, base_seed=nil
setup: assigned thread_id=10
init: final thread_id=10, base_seed=nil
setup: assigned thread_id=11
init: final thread_id=11, base_seed=nil
setup: assigned thread_id=12
init: final thread_id=12, base_seed=nil
setup: assigned thread_id=13
init: final thread_id=13, base_seed=nil
setup: assigned thread_id=14
init: final thread_id=14, base_seed=nil
setup: assigned thread_id=15
init: final thread_id=15, base_seed=nil
setup: assigned thread_id=16
init: final thread_id=16, base_seed=nil
setup: assigned thread_id=17
init: final thread_id=17, base_seed=nil
setup: assigned thread_id=18
init: final thread_id=18, base_seed=nil
setup: assigned thread_id=19
init: final thread_id=19, base_seed=nil
setup: assigned thread_id=20
init: final thread_id=20, base_seed=nil
setup: assigned thread_id=21
init: final thread_id=21, base_seed=nil
setup: assigned thread_id=22
init: final thread_id=22, base_seed=nil
setup: assigned thread_id=23
init: final thread_id=23, base_seed=nil
setup: assigned thread_id=24
init: final thread_id=24, base_seed=nil
setup: assigned thread_id=25
init: final thread_id=25, base_seed=nil
setup: assigned thread_id=26
init: final thread_id=26, base_seed=nil
setup: assigned thread_id=27
init: final thread_id=27, base_seed=nil
setup: assigned thread_id=28
init: final thread_id=28, base_seed=nil
setup: assigned thread_id=29
init: final thread_id=29, base_seed=nil
setup: assigned thread_id=30
init: final thread_id=30, base_seed=nil
setup: assigned thread_id=31
init: final thread_id=31, base_seed=nil
setup: assigned thread_id=32
init: final thread_id=32, base_seed=nil
setup: assigned thread_id=33
init: final thread_id=33, base_seed=nil
setup: assigned thread_id=34
init: final thread_id=34, base_seed=nil
setup: assigned thread_id=35
init: final thread_id=35, base_seed=nil
setup: assigned thread_id=36
init: final thread_id=36, base_seed=nil
setup: assigned thread_id=37
init: final thread_id=37, base_seed=nil
setup: assigned thread_id=38
init: final thread_id=38, base_seed=nil
setup: assigned thread_id=39
init: final thread_id=39, base_seed=nil
setup: assigned thread_id=40
init: final thread_id=40, base_seed=nil
script_want_response
Running 1m test @ http://10.10.1.1:5475
  40 threads and 392 connections

  Thread calibration: mean lat.: 36.693ms, rate sampling interval: 114ms
  Thread calibration: mean lat.: 38.156ms, rate sampling interval: 112ms
  Thread calibration: mean lat.: 34.975ms, rate sampling interval: 94ms
  Thread calibration: mean lat.: 39.333ms, rate sampling interval: 113ms
  Thread calibration: mean lat.: 38.753ms, rate sampling interval: 110ms
  Thread calibration: mean lat.: 39.140ms, rate sampling interval: 108ms
  Thread calibration: mean lat.: 38.445ms, rate sampling interval: 108ms
  Thread calibration: mean lat.: 35.085ms, rate sampling interval: 101ms
  Thread calibration: mean lat.: 33.614ms, rate sampling interval: 99ms
  Thread calibration: mean lat.: 32.081ms, rate sampling interval: 94ms
  Thread calibration: mean lat.: 32.379ms, rate sampling interval: 94ms
  Thread calibration: mean lat.: 35.736ms, rate sampling interval: 133ms
  Thread calibration: mean lat.: 23.441ms, rate sampling interval: 68ms
  Thread calibration: mean lat.: 22.611ms, rate sampling interval: 66ms
  Thread calibration: mean lat.: 22.412ms, rate sampling interval: 64ms
  Thread calibration: mean lat.: 20.601ms, rate sampling interval: 61ms
  Thread calibration: mean lat.: 20.534ms, rate sampling interval: 62ms
  Thread calibration: mean lat.: 20.440ms, rate sampling interval: 59ms
  Thread calibration: mean lat.: 28.054ms, rate sampling interval: 92ms
  Thread calibration: mean lat.: 28.983ms, rate sampling interval: 91ms
  Thread calibration: mean lat.: 30.395ms, rate sampling interval: 93ms
  Thread calibration: mean lat.: 31.597ms, rate sampling interval: 91ms
  Thread calibration: mean lat.: 32.386ms, rate sampling interval: 91ms
  Thread calibration: mean lat.: 32.666ms, rate sampling interval: 92ms
  Thread calibration: mean lat.: 33.101ms, rate sampling interval: 95ms
  Thread calibration: mean lat.: 34.726ms, rate sampling interval: 100ms
  Thread calibration: mean lat.: 34.520ms, rate sampling interval: 98ms
  Thread calibration: mean lat.: 34.869ms, rate sampling interval: 101ms
  Thread calibration: mean lat.: 35.467ms, rate sampling interval: 106ms
  Thread calibration: mean lat.: 36.519ms, rate sampling interval: 112ms
  Thread calibration: mean lat.: 36.495ms, rate sampling interval: 113ms
  Thread calibration: mean lat.: 37.035ms, rate sampling interval: 112ms
  Thread calibration: mean lat.: 35.770ms, rate sampling interval: 88ms
  Thread calibration: mean lat.: 44.159ms, rate sampling interval: 110ms
  Thread calibration: mean lat.: 44.819ms, rate sampling interval: 113ms
  Thread calibration: mean lat.: 45.291ms, rate sampling interval: 112ms
  Thread calibration: mean lat.: 45.585ms, rate sampling interval: 113ms
  Thread calibration: mean lat.: 46.614ms, rate sampling interval: 128ms
  Thread calibration: mean lat.: 45.779ms, rate sampling interval: 126ms
  Thread calibration: mean lat.: 45.503ms, rate sampling interval: 129ms

-----------------------------------------------------------------------
Test Results @ http://10.10.1.1:5475 
  Thread Stats   Avg      Stdev     99%   +/- Stdev
    Latency    33.46ms   20.50ms 135.42ms   85.48%
    Req/Sec    69.91     35.18   147.00     73.87%
  Latency Distribution (HdrHistogram - Recorded Latency)
 50.000%   29.87ms
 75.000%   40.45ms
 90.000%   51.52ms
 99.000%  135.42ms
 99.900%  189.18ms
 99.990%  203.90ms
 99.999%  207.23ms
100.000%  208.00ms

  Detailed Percentile spectrum:
       Value   Percentile   TotalCount 1/(1-Percentile)

       7.819     0.000000            1         1.00
      14.743     0.100000        13988         1.11
      19.199     0.200000        27969         1.25
      23.087     0.300000        41996         1.43
      26.623     0.400000        55956         1.67
      29.871     0.500000        69944         2.00
      31.663     0.550000        76919         2.22
      33.599     0.600000        83992         2.50
      35.647     0.650000        90898         2.86
      37.855     0.700000        97918         3.33
      40.447     0.750000       104872         4.00
      41.983     0.775000       108409         4.44
      43.519     0.800000       111858         5.00
      45.215     0.825000       115388         5.71
      46.911     0.850000       118896         6.67
      48.895     0.875000       122334         8.00
      50.111     0.887500       124111         8.89
      51.519     0.900000       125837        10.00
      53.247     0.912500       127591        11.43
      55.231     0.925000       129352        13.33
      57.791     0.937500       131082        16.00
      59.359     0.943750       131949        17.78
      61.055     0.950000       132841        20.00
      63.263     0.956250       133695        22.86
      65.919     0.962500       134578        26.67
      69.119     0.968750       135455        32.00
      71.743     0.971875       135889        35.56
      76.543     0.975000       136320        40.00
      82.751     0.978125       136755        45.71
      99.519     0.981250       137189        53.33
     113.023     0.984375       137628        64.00
     117.055     0.985938       137846        71.11
     122.175     0.987500       138064        80.00
     130.239     0.989062       138281        91.43
     138.751     0.990625       138501       106.67
     145.919     0.992188       138719       128.00
     150.015     0.992969       138830       142.22
     152.831     0.993750       138939       160.00
     154.751     0.994531       139046       182.86
     157.311     0.995313       139157       213.33
     160.639     0.996094       139266       256.00
     162.175     0.996484       139321       284.44
     163.711     0.996875       139374       320.00
     170.751     0.997266       139428       365.71
     179.327     0.997656       139483       426.67
     183.423     0.998047       139539       512.00
     184.703     0.998242       139567       568.89
     185.599     0.998437       139592       640.00
     186.751     0.998633       139619       731.43
     188.031     0.998828       139648       853.33
     189.439     0.999023       139675      1024.00
     190.207     0.999121       139690      1137.78
     190.847     0.999219       139702      1280.00
     191.615     0.999316       139715      1462.86
     192.511     0.999414       139729      1706.67
     194.175     0.999512       139743      2048.00
     194.815     0.999561       139750      2275.56
     195.327     0.999609       139758      2560.00
     196.095     0.999658       139763      2925.71
     196.607     0.999707       139770      3413.33
     197.503     0.999756       139778      4096.00
     197.759     0.999780       139780      4551.11
     198.271     0.999805       139784      5120.00
     199.039     0.999829       139790      5851.43
     199.039     0.999854       139790      6826.67
     200.191     0.999878       139793      8192.00
     203.647     0.999890       139795      9102.22
     204.031     0.999902       139797     10240.00
     204.671     0.999915       139799     11702.86
     204.799     0.999927       139800     13653.33
     205.311     0.999939       139802     16384.00
     205.567     0.999945       139803     18204.44
     205.695     0.999951       139804     20480.00
     205.951     0.999957       139805     23405.71
     205.951     0.999963       139805     27306.67
     206.207     0.999969       139806     32768.00
     206.335     0.999973       139807     36408.89
     206.335     0.999976       139807     40960.00
     207.103     0.999979       139808     46811.43
     207.103     0.999982       139808     54613.33
     207.103     0.999985       139808     65536.00
     207.231     0.999986       139809     72817.78
     207.231     0.999988       139809     81920.00
     207.231     0.999989       139809     93622.86
     207.231     0.999991       139809    109226.67
     207.231     0.999992       139809    131072.00
     207.999     0.999993       139810    145635.56
     207.999     1.000000       139810          inf
#[Mean    =       33.460, StdDeviation   =       20.497]
#[Max     =      207.872, Total count    =       139810]
#[Buckets =           27, SubBuckets     =         2048]
-----------------------------------------------------------------------
  167349 requests in 1.00m, 25.96MB read
Requests/sec:   2791.68  
Transfer/sec:    443.39KB

=== rps=3000 c=450 t=45 url=http://10.10.1.1:5475 ===
setup: assigned thread_id=1
init: final thread_id=1, base_seed=nil
setup: assigned thread_id=2
init: final thread_id=2, base_seed=nil
setup: assigned thread_id=3
init: final thread_id=3, base_seed=nil
setup: assigned thread_id=4
init: final thread_id=4, base_seed=nil
setup: assigned thread_id=5
init: final thread_id=5, base_seed=nil
setup: assigned thread_id=6
init: final thread_id=6, base_seed=nil
setup: assigned thread_id=7
init: final thread_id=7, base_seed=nil
setup: assigned thread_id=8
init: final thread_id=8, base_seed=nil
setup: assigned thread_id=9
init: final thread_id=9, base_seed=nil
setup: assigned thread_id=10
init: final thread_id=10, base_seed=nil
setup: assigned thread_id=11
init: final thread_id=11, base_seed=nil
setup: assigned thread_id=12
init: final thread_id=12, base_seed=nil
setup: assigned thread_id=13
init: final thread_id=13, base_seed=nil
setup: assigned thread_id=14
init: final thread_id=14, base_seed=nil
setup: assigned thread_id=15
init: final thread_id=15, base_seed=nil
setup: assigned thread_id=16
init: final thread_id=16, base_seed=nil
setup: assigned thread_id=17
init: final thread_id=17, base_seed=nil
setup: assigned thread_id=18
init: final thread_id=18, base_seed=nil
setup: assigned thread_id=19
init: final thread_id=19, base_seed=nil
setup: assigned thread_id=20
init: final thread_id=20, base_seed=nil
setup: assigned thread_id=21
init: final thread_id=21, base_seed=nil
setup: assigned thread_id=22
init: final thread_id=22, base_seed=nil
setup: assigned thread_id=23
init: final thread_id=23, base_seed=nil
setup: assigned thread_id=24
init: final thread_id=24, base_seed=nil
setup: assigned thread_id=25
init: final thread_id=25, base_seed=nil
setup: assigned thread_id=26
init: final thread_id=26, base_seed=nil
setup: assigned thread_id=27
init: final thread_id=27, base_seed=nil
setup: assigned thread_id=28
init: final thread_id=28, base_seed=nil
setup: assigned thread_id=29
init: final thread_id=29, base_seed=nil
setup: assigned thread_id=30
init: final thread_id=30, base_seed=nil
setup: assigned thread_id=31
init: final thread_id=31, base_seed=nil
setup: assigned thread_id=32
init: final thread_id=32, base_seed=nil
setup: assigned thread_id=33
init: final thread_id=33, base_seed=nil
setup: assigned thread_id=34
init: final thread_id=34, base_seed=nil
setup: assigned thread_id=35
init: final thread_id=35, base_seed=nil
setup: assigned thread_id=36
init: final thread_id=36, base_seed=nil
setup: assigned thread_id=37
init: final thread_id=37, base_seed=nil
setup: assigned thread_id=38
init: final thread_id=38, base_seed=nil
setup: assigned thread_id=39
init: final thread_id=39, base_seed=nil
setup: assigned thread_id=40
init: final thread_id=40, base_seed=nil
setup: assigned thread_id=41
init: final thread_id=41, base_seed=nil
setup: assigned thread_id=42
init: final thread_id=42, base_seed=nil
setup: assigned thread_id=43
init: final thread_id=43, base_seed=nil
setup: assigned thread_id=44
init: final thread_id=44, base_seed=nil
setup: assigned thread_id=45
init: final thread_id=45, base_seed=nil
script_want_response
Running 1m test @ http://10.10.1.1:5475
  45 threads and 450 connections

  Thread calibration: mean lat.: 16.387ms, rate sampling interval: 53ms
  Thread calibration: mean lat.: 17.262ms, rate sampling interval: 54ms
  Thread calibration: mean lat.: 20.853ms, rate sampling interval: 86ms
  Thread calibration: mean lat.: 24.443ms, rate sampling interval: 100ms
  Thread calibration: mean lat.: 31.254ms, rate sampling interval: 111ms
  Thread calibration: mean lat.: 34.445ms, rate sampling interval: 112ms
  Thread calibration: mean lat.: 35.046ms, rate sampling interval: 112ms
  Thread calibration: mean lat.: 41.278ms, rate sampling interval: 115ms
  Thread calibration: mean lat.: 44.521ms, rate sampling interval: 117ms
  Thread calibration: mean lat.: 44.534ms, rate sampling interval: 117ms
  Thread calibration: mean lat.: 32.702ms, rate sampling interval: 108ms
  Thread calibration: mean lat.: 28.957ms, rate sampling interval: 105ms
  Thread calibration: mean lat.: 26.204ms, rate sampling interval: 101ms
  Thread calibration: mean lat.: 22.753ms, rate sampling interval: 96ms
  Thread calibration: mean lat.: 24.855ms, rate sampling interval: 76ms
  Thread calibration: mean lat.: 26.650ms, rate sampling interval: 78ms
  Thread calibration: mean lat.: 27.845ms, rate sampling interval: 78ms
  Thread calibration: mean lat.: 28.713ms, rate sampling interval: 78ms
  Thread calibration: mean lat.: 29.235ms, rate sampling interval: 77ms
  Thread calibration: mean lat.: 29.718ms, rate sampling interval: 78ms
  Thread calibration: mean lat.: 29.893ms, rate sampling interval: 78ms
  Thread calibration: mean lat.: 30.031ms, rate sampling interval: 81ms
  Thread calibration: mean lat.: 30.093ms, rate sampling interval: 82ms
  Thread calibration: mean lat.: 30.823ms, rate sampling interval: 85ms
  Thread calibration: mean lat.: 30.309ms, rate sampling interval: 88ms
  Thread calibration: mean lat.: 31.491ms, rate sampling interval: 93ms
  Thread calibration: mean lat.: 30.899ms, rate sampling interval: 94ms
  Thread calibration: mean lat.: 32.937ms, rate sampling interval: 104ms
  Thread calibration: mean lat.: 41.604ms, rate sampling interval: 121ms
  Thread calibration: mean lat.: 43.879ms, rate sampling interval: 124ms
  Thread calibration: mean lat.: 44.833ms, rate sampling interval: 125ms
  Thread calibration: mean lat.: 46.779ms, rate sampling interval: 135ms
  Thread calibration: mean lat.: 48.304ms, rate sampling interval: 141ms
  Thread calibration: mean lat.: 49.273ms, rate sampling interval: 140ms
  Thread calibration: mean lat.: 50.641ms, rate sampling interval: 144ms
  Thread calibration: mean lat.: 51.270ms, rate sampling interval: 143ms
  Thread calibration: mean lat.: 53.929ms, rate sampling interval: 147ms
  Thread calibration: mean lat.: 27.814ms, rate sampling interval: 83ms
  Thread calibration: mean lat.: 54.735ms, rate sampling interval: 145ms
  Thread calibration: mean lat.: 55.275ms, rate sampling interval: 144ms
  Thread calibration: mean lat.: 55.594ms, rate sampling interval: 143ms
  Thread calibration: mean lat.: 55.579ms, rate sampling interval: 141ms
  Thread calibration: mean lat.: 56.073ms, rate sampling interval: 140ms
  Thread calibration: mean lat.: 56.212ms, rate sampling interval: 140ms
  Thread calibration: mean lat.: 56.523ms, rate sampling interval: 138ms

-----------------------------------------------------------------------
Test Results @ http://10.10.1.1:5475 
  Thread Stats   Avg      Stdev     99%   +/- Stdev
    Latency    75.00ms   85.13ms 384.51ms   86.18%
    Req/Sec    65.96     42.38   188.00     63.95%
  Latency Distribution (HdrHistogram - Recorded Latency)
 50.000%   41.53ms
 75.000%   75.14ms
 90.000%  206.98ms
 99.000%  384.51ms
 99.900%  454.91ms
 99.990%  486.65ms
 99.999%  555.52ms
100.000%  560.13ms

  Detailed Percentile spectrum:
       Value   Percentile   TotalCount 1/(1-Percentile)

       8.155     0.000000            1         1.00
      16.183     0.100000        14839         1.11
      22.575     0.200000        29657         1.25
      28.143     0.300000        44469         1.43
      33.791     0.400000        59368         1.67
      41.535     0.500000        74161         2.00
      46.111     0.550000        81549         2.22
      51.007     0.600000        88941         2.50
      56.447     0.650000        96364         2.86
      63.167     0.700000       103766         3.33
      75.135     0.750000       111201         4.00
      84.671     0.775000       114889         4.44
     102.975     0.800000       118584         5.00
     124.991     0.825000       122289         5.71
     147.711     0.850000       125991         6.67
     173.439     0.875000       129718         8.00
     192.127     0.887500       131552         8.89
     206.975     0.900000       133404        10.00
     224.127     0.912500       135253        11.43
     238.591     0.925000       137107        13.33
     258.175     0.937500       138959        16.00
     269.823     0.943750       139901        17.78
     283.903     0.950000       140813        20.00
     295.423     0.956250       141740        22.86
     308.735     0.962500       142666        26.67
     323.583     0.968750       143601        32.00
     330.751     0.971875       144063        35.56
     338.431     0.975000       144518        40.00
     346.623     0.978125       144980        45.71
     356.351     0.981250       145446        53.33
     365.055     0.984375       145911        64.00
     370.175     0.985938       146146        71.11
     374.783     0.987500       146376        80.00
     380.927     0.989062       146607        91.43
     386.815     0.990625       146837       106.67
     392.959     0.992188       147071       128.00
     396.543     0.992969       147181       142.22
     401.151     0.993750       147297       160.00
     406.271     0.994531       147416       182.86
     411.903     0.995313       147528       213.33
     420.607     0.996094       147647       256.00
     424.703     0.996484       147700       284.44
     429.823     0.996875       147758       320.00
     433.663     0.997266       147819       365.71
     436.991     0.997656       147875       426.67
     440.831     0.998047       147934       512.00
     442.623     0.998242       147961       568.89
     445.695     0.998437       147990       640.00
     449.279     0.998633       148024       731.43
     451.839     0.998828       148048       853.33
     455.423     0.999023       148078      1024.00
     456.703     0.999121       148091      1137.78
     459.519     0.999219       148106      1280.00
     463.103     0.999316       148121      1462.86
     465.151     0.999414       148135      1706.67
     467.455     0.999512       148150      2048.00
     468.735     0.999561       148156      2275.56
     471.039     0.999609       148165      2560.00
     472.319     0.999658       148172      2925.71
     474.111     0.999707       148178      3413.33
     476.159     0.999756       148185      4096.00
     478.463     0.999780       148190      4551.11
     480.255     0.999805       148193      5120.00
     482.303     0.999829       148196      5851.43
     484.095     0.999854       148200      6826.67
     485.119     0.999878       148204      8192.00
     486.143     0.999890       148205      9102.22
     487.423     0.999902       148207     10240.00
     490.495     0.999915       148209     11702.86
     505.855     0.999927       148211     13653.33
     511.743     0.999939       148212     16384.00
     513.535     0.999945       148213     18204.44
     515.839     0.999951       148214     20480.00
     518.143     0.999957       148215     23405.71
     518.911     0.999963       148216     27306.67
     524.799     0.999969       148217     32768.00
     524.799     0.999973       148217     36408.89
     537.599     0.999976       148218     40960.00
     537.599     0.999979       148218     46811.43
     539.135     0.999982       148219     54613.33
     539.135     0.999985       148219     65536.00
     539.135     0.999986       148219     72817.78
     555.519     0.999988       148220     81920.00
     555.519     0.999989       148220     93622.86
     555.519     0.999991       148220    109226.67
     555.519     0.999992       148220    131072.00
     555.519     0.999993       148220    145635.56
     560.127     0.999994       148221    163840.00
     560.127     1.000000       148221          inf
#[Mean    =       74.999, StdDeviation   =       85.125]
#[Max     =      559.616, Total count    =       148221]
#[Buckets =           27, SubBuckets     =         2048]
-----------------------------------------------------------------------
  177449 requests in 1.00m, 27.52MB read
Requests/sec:   2963.29  
Transfer/sec:    470.53KB

=== rps=3200 c=512 t=52 url=http://10.10.1.1:5475 ===
setup: assigned thread_id=1
init: final thread_id=1, base_seed=nil
setup: assigned thread_id=2
init: final thread_id=2, base_seed=nil
setup: assigned thread_id=3
init: final thread_id=3, base_seed=nil
setup: assigned thread_id=4
init: final thread_id=4, base_seed=nil
setup: assigned thread_id=5
init: final thread_id=5, base_seed=nil
setup: assigned thread_id=6
init: final thread_id=6, base_seed=nil
setup: assigned thread_id=7
init: final thread_id=7, base_seed=nil
setup: assigned thread_id=8
init: final thread_id=8, base_seed=nil
setup: assigned thread_id=9
init: final thread_id=9, base_seed=nil
setup: assigned thread_id=10
init: final thread_id=10, base_seed=nil
setup: assigned thread_id=11
init: final thread_id=11, base_seed=nil
setup: assigned thread_id=12
init: final thread_id=12, base_seed=nil
setup: assigned thread_id=13
init: final thread_id=13, base_seed=nil
setup: assigned thread_id=14
init: final thread_id=14, base_seed=nil
setup: assigned thread_id=15
init: final thread_id=15, base_seed=nil
setup: assigned thread_id=16
init: final thread_id=16, base_seed=nil
setup: assigned thread_id=17
init: final thread_id=17, base_seed=nil
setup: assigned thread_id=18
init: final thread_id=18, base_seed=nil
setup: assigned thread_id=19
init: final thread_id=19, base_seed=nil
setup: assigned thread_id=20
init: final thread_id=20, base_seed=nil
setup: assigned thread_id=21
init: final thread_id=21, base_seed=nil
setup: assigned thread_id=22
init: final thread_id=22, base_seed=nil
setup: assigned thread_id=23
init: final thread_id=23, base_seed=nil
setup: assigned thread_id=24
init: final thread_id=24, base_seed=nil
setup: assigned thread_id=25
init: final thread_id=25, base_seed=nil
setup: assigned thread_id=26
init: final thread_id=26, base_seed=nil
setup: assigned thread_id=27
init: final thread_id=27, base_seed=nil
setup: assigned thread_id=28
init: final thread_id=28, base_seed=nil
setup: assigned thread_id=29
init: final thread_id=29, base_seed=nil
setup: assigned thread_id=30
init: final thread_id=30, base_seed=nil
setup: assigned thread_id=31
init: final thread_id=31, base_seed=nil
setup: assigned thread_id=32
init: final thread_id=32, base_seed=nil
setup: assigned thread_id=33
init: final thread_id=33, base_seed=nil
setup: assigned thread_id=34
init: final thread_id=34, base_seed=nil
setup: assigned thread_id=35
init: final thread_id=35, base_seed=nil
setup: assigned thread_id=36
init: final thread_id=36, base_seed=nil
setup: assigned thread_id=37
init: final thread_id=37, base_seed=nil
setup: assigned thread_id=38
init: final thread_id=38, base_seed=nil
setup: assigned thread_id=39
init: final thread_id=39, base_seed=nil
setup: assigned thread_id=40
init: final thread_id=40, base_seed=nil
setup: assigned thread_id=41
init: final thread_id=41, base_seed=nil
setup: assigned thread_id=42
init: final thread_id=42, base_seed=nil
setup: assigned thread_id=43
init: final thread_id=43, base_seed=nil
setup: assigned thread_id=44
init: final thread_id=44, base_seed=nil
setup: assigned thread_id=45
init: final thread_id=45, base_seed=nil
setup: assigned thread_id=46
init: final thread_id=46, base_seed=nil
setup: assigned thread_id=47
init: final thread_id=47, base_seed=nil
setup: assigned thread_id=48
init: final thread_id=48, base_seed=nil
setup: assigned thread_id=49
init: final thread_id=49, base_seed=nil
setup: assigned thread_id=50
init: final thread_id=50, base_seed=nil
setup: assigned thread_id=51
init: final thread_id=51, base_seed=nil
setup: assigned thread_id=52
init: final thread_id=52, base_seed=nil
script_want_response
Running 1m test @ http://10.10.1.1:5475
  52 threads and 512 connections

  Thread calibration: mean lat.: 75.945ms, rate sampling interval: 388ms
  Thread calibration: mean lat.: 81.106ms, rate sampling interval: 444ms
  Thread calibration: mean lat.: 83.719ms, rate sampling interval: 455ms
  Thread calibration: mean lat.: 85.528ms, rate sampling interval: 461ms
  Thread calibration: mean lat.: 80.912ms, rate sampling interval: 411ms
  Thread calibration: mean lat.: 87.792ms, rate sampling interval: 472ms
  Thread calibration: mean lat.: 91.141ms, rate sampling interval: 477ms
  Thread calibration: mean lat.: 92.591ms, rate sampling interval: 454ms
  Thread calibration: mean lat.: 93.487ms, rate sampling interval: 417ms
  Thread calibration: mean lat.: 92.374ms, rate sampling interval: 411ms
  Thread calibration: mean lat.: 92.991ms, rate sampling interval: 407ms
  Thread calibration: mean lat.: 90.007ms, rate sampling interval: 408ms
  Thread calibration: mean lat.: 87.406ms, rate sampling interval: 398ms
  Thread calibration: mean lat.: 84.431ms, rate sampling interval: 390ms
  Thread calibration: mean lat.: 82.689ms, rate sampling interval: 381ms
  Thread calibration: mean lat.: 80.263ms, rate sampling interval: 397ms
  Thread calibration: mean lat.: 78.713ms, rate sampling interval: 390ms
  Thread calibration: mean lat.: 76.202ms, rate sampling interval: 390ms
  Thread calibration: mean lat.: 77.358ms, rate sampling interval: 384ms
  Thread calibration: mean lat.: 75.464ms, rate sampling interval: 388ms
  Thread calibration: mean lat.: 76.078ms, rate sampling interval: 381ms
  Thread calibration: mean lat.: 76.403ms, rate sampling interval: 386ms
  Thread calibration: mean lat.: 74.675ms, rate sampling interval: 377ms
  Thread calibration: mean lat.: 78.983ms, rate sampling interval: 402ms
  Thread calibration: mean lat.: 77.688ms, rate sampling interval: 424ms
  Thread calibration: mean lat.: 79.843ms, rate sampling interval: 435ms
  Thread calibration: mean lat.: 80.892ms, rate sampling interval: 435ms
  Thread calibration: mean lat.: 80.013ms, rate sampling interval: 434ms
  Thread calibration: mean lat.: 81.252ms, rate sampling interval: 447ms
  Thread calibration: mean lat.: 82.747ms, rate sampling interval: 443ms
  Thread calibration: mean lat.: 89.634ms, rate sampling interval: 469ms
  Thread calibration: mean lat.: 90.371ms, rate sampling interval: 460ms
  Thread calibration: mean lat.: 93.685ms, rate sampling interval: 464ms
  Thread calibration: mean lat.: 92.999ms, rate sampling interval: 459ms
  Thread calibration: mean lat.: 95.548ms, rate sampling interval: 460ms
  Thread calibration: mean lat.: 96.814ms, rate sampling interval: 461ms
  Thread calibration: mean lat.: 98.608ms, rate sampling interval: 459ms
  Thread calibration: mean lat.: 97.509ms, rate sampling interval: 425ms
  Thread calibration: mean lat.: 100.081ms, rate sampling interval: 450ms
  Thread calibration: mean lat.: 101.696ms, rate sampling interval: 455ms
  Thread calibration: mean lat.: 102.160ms, rate sampling interval: 442ms
  Thread calibration: mean lat.: 100.731ms, rate sampling interval: 404ms
  Thread calibration: mean lat.: 95.890ms, rate sampling interval: 371ms
  Thread calibration: mean lat.: 100.129ms, rate sampling interval: 404ms
  Thread calibration: mean lat.: 103.123ms, rate sampling interval: 432ms
  Thread calibration: mean lat.: 99.796ms, rate sampling interval: 389ms
  Thread calibration: mean lat.: 98.070ms, rate sampling interval: 378ms
  Thread calibration: mean lat.: 101.901ms, rate sampling interval: 412ms
  Thread calibration: mean lat.: 101.092ms, rate sampling interval: 415ms
  Thread calibration: mean lat.: 100.099ms, rate sampling interval: 398ms
  Thread calibration: mean lat.: 102.537ms, rate sampling interval: 424ms
  Thread calibration: mean lat.: 99.614ms, rate sampling interval: 404ms

-----------------------------------------------------------------------
Test Results @ http://10.10.1.1:5475 
  Thread Stats   Avg      Stdev     99%   +/- Stdev
    Latency    52.67ms   43.31ms 230.14ms   88.57%
    Req/Sec    60.49      8.64    79.00     75.39%
  Latency Distribution (HdrHistogram - Recorded Latency)
 50.000%   40.42ms
 75.000%   61.69ms
 90.000%  103.81ms
 99.000%  230.14ms
 99.900%  262.65ms
 99.990%  271.87ms
 99.999%  276.73ms
100.000%  278.02ms

  Detailed Percentile spectrum:
       Value   Percentile   TotalCount 1/(1-Percentile)

       8.623     0.000000            1         1.00
      17.183     0.100000        15845         1.11
      22.447     0.200000        31637         1.25
      28.111     0.300000        47429         1.43
      34.111     0.400000        63283         1.67
      40.415     0.500000        79092         2.00
      43.807     0.550000        86953         2.22
      47.423     0.600000        94890         2.50
      51.391     0.650000       102771         2.86
      55.935     0.700000       110682         3.33
      61.695     0.750000       118558         4.00
      65.055     0.775000       122540         4.44
      68.799     0.800000       126483         5.00
      73.407     0.825000       130439         5.71
      79.807     0.850000       134396         6.67
      89.919     0.875000       138334         8.00
      96.703     0.887500       140296         8.89
     103.807     0.900000       142283        10.00
     112.319     0.912500       144250        11.43
     122.943     0.925000       146224        13.33
     133.631     0.937500       148216        16.00
     139.903     0.943750       149195        17.78
     147.199     0.950000       150177        20.00
     157.439     0.956250       151165        22.86
     168.831     0.962500       152150        26.67
     180.735     0.968750       153141        32.00
     185.727     0.971875       153636        35.56
     191.743     0.975000       154126        40.00
     198.783     0.978125       154628        45.71
     207.743     0.981250       155117        53.33
     215.423     0.984375       155614        64.00
     219.391     0.985938       155857        71.11
     223.103     0.987500       156102        80.00
     227.583     0.989062       156347        91.43
     232.063     0.990625       156601       106.67
     236.799     0.992188       156841       128.00
     240.127     0.992969       156971       142.22
     242.559     0.993750       157089       160.00
     245.247     0.994531       157214       182.86
     247.679     0.995313       157339       213.33
     250.367     0.996094       157460       256.00
     251.391     0.996484       157523       284.44
     252.671     0.996875       157586       320.00
     254.079     0.997266       157646       365.71
     255.743     0.997656       157708       426.67
     257.279     0.998047       157769       512.00
     257.919     0.998242       157800       568.89
     258.815     0.998437       157829       640.00
     259.839     0.998633       157861       731.43
     261.119     0.998828       157891       853.33
     262.655     0.999023       157922      1024.00
     263.167     0.999121       157937      1137.78
     263.935     0.999219       157954      1280.00
     264.959     0.999316       157967      1462.86
     265.983     0.999414       157985      1706.67
     266.751     0.999512       158005      2048.00
     267.007     0.999561       158013      2275.56
     267.263     0.999609       158019      2560.00
     267.519     0.999658       158022      2925.71
     268.031     0.999707       158029      3413.33
     268.799     0.999756       158039      4096.00
     269.055     0.999780       158041      4551.11
     269.567     0.999805       158045      5120.00
     270.079     0.999829       158048      5851.43
     270.847     0.999854       158052      6826.67
     271.359     0.999878       158056      8192.00
     271.615     0.999890       158058      9102.22
     271.871     0.999902       158060     10240.00
     272.639     0.999915       158062     11702.86
     272.895     0.999927       158064     13653.33
     273.407     0.999939       158067     16384.00
     273.407     0.999945       158067     18204.44
     273.919     0.999951       158068     20480.00
     274.687     0.999957       158069     23405.71
     275.967     0.999963       158070     27306.67
     276.479     0.999969       158072     32768.00
     276.479     0.999973       158072     36408.89
     276.479     0.999976       158072     40960.00
     276.479     0.999979       158072     46811.43
     276.735     0.999982       158073     54613.33
     276.735     0.999985       158073     65536.00
     276.735     0.999986       158073     72817.78
     277.503     0.999988       158074     81920.00
     277.503     0.999989       158074     93622.86
     277.503     0.999991       158074    109226.67
     277.503     0.999992       158074    131072.00
     277.503     0.999993       158074    145635.56
     278.015     0.999994       158075    163840.00
     278.015     1.000000       158075          inf
#[Mean    =       52.667, StdDeviation   =       43.311]
#[Max     =      277.760, Total count    =       158075]
#[Buckets =           27, SubBuckets     =         2048]
-----------------------------------------------------------------------
  189365 requests in 1.00m, 29.36MB read
Requests/sec:   3160.16  
Transfer/sec:    501.78KB

=== rps=3400 c=578 t=58 url=http://10.10.1.1:5475 ===
setup: assigned thread_id=1
init: final thread_id=1, base_seed=nil
setup: assigned thread_id=2
init: final thread_id=2, base_seed=nil
setup: assigned thread_id=3
init: final thread_id=3, base_seed=nil
setup: assigned thread_id=4
init: final thread_id=4, base_seed=nil
setup: assigned thread_id=5
init: final thread_id=5, base_seed=nil
setup: assigned thread_id=6
init: final thread_id=6, base_seed=nil
setup: assigned thread_id=7
init: final thread_id=7, base_seed=nil
setup: assigned thread_id=8
init: final thread_id=8, base_seed=nil
setup: assigned thread_id=9
init: final thread_id=9, base_seed=nil
setup: assigned thread_id=10
init: final thread_id=10, base_seed=nil
setup: assigned thread_id=11
init: final thread_id=11, base_seed=nil
setup: assigned thread_id=12
init: final thread_id=12, base_seed=nil
setup: assigned thread_id=13
init: final thread_id=13, base_seed=nil
setup: assigned thread_id=14
init: final thread_id=14, base_seed=nil
setup: assigned thread_id=15
init: final thread_id=15, base_seed=nil
setup: assigned thread_id=16
init: final thread_id=16, base_seed=nil
setup: assigned thread_id=17
init: final thread_id=17, base_seed=nil
setup: assigned thread_id=18
init: final thread_id=18, base_seed=nil
setup: assigned thread_id=19
init: final thread_id=19, base_seed=nil
setup: assigned thread_id=20
init: final thread_id=20, base_seed=nil
setup: assigned thread_id=21
init: final thread_id=21, base_seed=nil
setup: assigned thread_id=22
init: final thread_id=22, base_seed=nil
setup: assigned thread_id=23
init: final thread_id=23, base_seed=nil
setup: assigned thread_id=24
init: final thread_id=24, base_seed=nil
setup: assigned thread_id=25
init: final thread_id=25, base_seed=nil
setup: assigned thread_id=26
init: final thread_id=26, base_seed=nil
setup: assigned thread_id=27
init: final thread_id=27, base_seed=nil
setup: assigned thread_id=28
init: final thread_id=28, base_seed=nil
setup: assigned thread_id=29
init: final thread_id=29, base_seed=nil
setup: assigned thread_id=30
init: final thread_id=30, base_seed=nil
setup: assigned thread_id=31
init: final thread_id=31, base_seed=nil
setup: assigned thread_id=32
init: final thread_id=32, base_seed=nil
setup: assigned thread_id=33
init: final thread_id=33, base_seed=nil
setup: assigned thread_id=34
init: final thread_id=34, base_seed=nil
setup: assigned thread_id=35
init: final thread_id=35, base_seed=nil
setup: assigned thread_id=36
init: final thread_id=36, base_seed=nil
setup: assigned thread_id=37
init: final thread_id=37, base_seed=nil
setup: assigned thread_id=38
init: final thread_id=38, base_seed=nil
setup: assigned thread_id=39
init: final thread_id=39, base_seed=nil
setup: assigned thread_id=40
init: final thread_id=40, base_seed=nil
setup: assigned thread_id=41
init: final thread_id=41, base_seed=nil
setup: assigned thread_id=42
init: final thread_id=42, base_seed=nil
setup: assigned thread_id=43
init: final thread_id=43, base_seed=nil
setup: assigned thread_id=44
init: final thread_id=44, base_seed=nil
setup: assigned thread_id=45
init: final thread_id=45, base_seed=nil
setup: assigned thread_id=46
init: final thread_id=46, base_seed=nil
setup: assigned thread_id=47
init: final thread_id=47, base_seed=nil
setup: assigned thread_id=48
init: final thread_id=48, base_seed=nil
setup: assigned thread_id=49
init: final thread_id=49, base_seed=nil
setup: assigned thread_id=50
init: final thread_id=50, base_seed=nil
setup: assigned thread_id=51
init: final thread_id=51, base_seed=nil
setup: assigned thread_id=52
init: final thread_id=52, base_seed=nil
setup: assigned thread_id=53
init: final thread_id=53, base_seed=nil
setup: assigned thread_id=54
init: final thread_id=54, base_seed=nil
setup: assigned thread_id=55
init: final thread_id=55, base_seed=nil
setup: assigned thread_id=56
init: final thread_id=56, base_seed=nil
setup: assigned thread_id=57
init: final thread_id=57, base_seed=nil
setup: assigned thread_id=58
init: final thread_id=58, base_seed=nil
script_want_response
Running 1m test @ http://10.10.1.1:5475
  58 threads and 578 connections

  Thread calibration: mean lat.: 133.978ms, rate sampling interval: 412ms
  Thread calibration: mean lat.: 147.752ms, rate sampling interval: 483ms
  Thread calibration: mean lat.: 159.436ms, rate sampling interval: 511ms
  Thread calibration: mean lat.: 143.237ms, rate sampling interval: 472ms
  Thread calibration: mean lat.: 156.821ms, rate sampling interval: 505ms
  Thread calibration: mean lat.: 165.563ms, rate sampling interval: 554ms
  Thread calibration: mean lat.: 145.520ms, rate sampling interval: 470ms
  Thread calibration: mean lat.: 169.535ms, rate sampling interval: 586ms
  Thread calibration: mean lat.: 152.981ms, rate sampling interval: 519ms
  Thread calibration: mean lat.: 157.779ms, rate sampling interval: 551ms
  Thread calibration: mean lat.: 143.271ms, rate sampling interval: 486ms
  Thread calibration: mean lat.: 147.601ms, rate sampling interval: 517ms
  Thread calibration: mean lat.: 143.147ms, rate sampling interval: 493ms
  Thread calibration: mean lat.: 148.669ms, rate sampling interval: 498ms
  Thread calibration: mean lat.: 145.004ms, rate sampling interval: 489ms
  Thread calibration: mean lat.: 140.597ms, rate sampling interval: 483ms
  Thread calibration: mean lat.: 133.400ms, rate sampling interval: 472ms
  Thread calibration: mean lat.: 137.888ms, rate sampling interval: 473ms
  Thread calibration: mean lat.: 140.007ms, rate sampling interval: 476ms
  Thread calibration: mean lat.: 137.811ms, rate sampling interval: 469ms
  Thread calibration: mean lat.: 138.638ms, rate sampling interval: 469ms
  Thread calibration: mean lat.: 124.901ms, rate sampling interval: 341ms
  Thread calibration: mean lat.: 125.740ms, rate sampling interval: 337ms
  Thread calibration: mean lat.: 135.169ms, rate sampling interval: 462ms
  Thread calibration: mean lat.: 129.217ms, rate sampling interval: 451ms
  Thread calibration: mean lat.: 131.100ms, rate sampling interval: 456ms
  Thread calibration: mean lat.: 129.596ms, rate sampling interval: 448ms
  Thread calibration: mean lat.: 119.682ms, rate sampling interval: 410ms
  Thread calibration: mean lat.: 126.192ms, rate sampling interval: 433ms
  Thread calibration: mean lat.: 125.863ms, rate sampling interval: 401ms
  Thread calibration: mean lat.: 129.779ms, rate sampling interval: 432ms
  Thread calibration: mean lat.: 129.708ms, rate sampling interval: 492ms
  Thread calibration: mean lat.: 134.275ms, rate sampling interval: 495ms
  Thread calibration: mean lat.: 146.230ms, rate sampling interval: 516ms
  Thread calibration: mean lat.: 136.762ms, rate sampling interval: 493ms
  Thread calibration: mean lat.: 147.458ms, rate sampling interval: 507ms
  Thread calibration: mean lat.: 135.903ms, rate sampling interval: 499ms
  Thread calibration: mean lat.: 134.385ms, rate sampling interval: 486ms
  Thread calibration: mean lat.: 126.712ms, rate sampling interval: 380ms
  Thread calibration: mean lat.: 142.337ms, rate sampling interval: 498ms
  Thread calibration: mean lat.: 132.104ms, rate sampling interval: 432ms
  Thread calibration: mean lat.: 140.197ms, rate sampling interval: 493ms
  Thread calibration: mean lat.: 136.842ms, rate sampling interval: 483ms
  Thread calibration: mean lat.: 125.828ms, rate sampling interval: 355ms
  Thread calibration: mean lat.: 140.443ms, rate sampling interval: 484ms
  Thread calibration: mean lat.: 122.099ms, rate sampling interval: 365ms
  Thread calibration: mean lat.: 140.673ms, rate sampling interval: 478ms
  Thread calibration: mean lat.: 136.934ms, rate sampling interval: 461ms
  Thread calibration: mean lat.: 138.624ms, rate sampling interval: 462ms
  Thread calibration: mean lat.: 151.053ms, rate sampling interval: 484ms
  Thread calibration: mean lat.: 153.057ms, rate sampling interval: 486ms
  Thread calibration: mean lat.: 147.341ms, rate sampling interval: 495ms
  Thread calibration: mean lat.: 164.439ms, rate sampling interval: 555ms
  Thread calibration: mean lat.: 149.631ms, rate sampling interval: 474ms
  Thread calibration: mean lat.: 151.410ms, rate sampling interval: 474ms
  Thread calibration: mean lat.: 161.870ms, rate sampling interval: 557ms
  Thread calibration: mean lat.: 153.772ms, rate sampling interval: 464ms
  Thread calibration: mean lat.: 143.799ms, rate sampling interval: 415ms

-----------------------------------------------------------------------
Test Results @ http://10.10.1.1:5475 
  Thread Stats   Avg      Stdev     99%   +/- Stdev
    Latency   107.47ms   68.20ms 294.65ms   67.52%
    Req/Sec    57.68      7.82    77.00     78.63%
  Latency Distribution (HdrHistogram - Recorded Latency)
 50.000%  103.49ms
 75.000%  148.35ms
 90.000%  201.60ms
 99.000%  294.65ms
 99.900%  328.96ms
 99.990%  339.20ms
 99.999%  342.78ms
100.000%  346.11ms

  Detailed Percentile spectrum:
       Value   Percentile   TotalCount 1/(1-Percentile)

       9.687     0.000000            1         1.00
      25.631     0.100000        16828         1.11
      42.943     0.200000        33685         1.25
      56.863     0.300000        50482         1.43
      75.967     0.400000        67308         1.67
     103.487     0.500000        84174         2.00
     112.895     0.550000        92570         2.22
     122.431     0.600000       100980         2.50
     131.071     0.650000       109370         2.86
     139.775     0.700000       117838         3.33
     148.351     0.750000       126273         4.00
     153.727     0.775000       130387         4.44
     159.743     0.800000       134607         5.00
     166.527     0.825000       138802         5.71
     175.103     0.850000       143006         6.67
     185.343     0.875000       147219         8.00
     192.767     0.887500       149348         8.89
     201.599     0.900000       151441        10.00
     209.919     0.912500       153556        11.43
     218.623     0.925000       155632        13.33
     228.095     0.937500       157743        16.00
     233.855     0.943750       158786        17.78
     240.511     0.950000       159833        20.00
     247.295     0.956250       160900        22.86
     253.695     0.962500       161936        26.67
     262.015     0.968750       163000        32.00
     265.983     0.971875       163510        35.56
     269.567     0.975000       164036        40.00
     273.407     0.978125       164573        45.71
     278.271     0.981250       165104        53.33
     283.391     0.984375       165626        64.00
     285.951     0.985938       165877        71.11
     288.511     0.987500       166140        80.00
     291.839     0.989062       166409        91.43
     296.447     0.990625       166664       106.67
     301.823     0.992188       166933       128.00
     304.127     0.992969       167062       142.22
     306.687     0.993750       167193       160.00
     309.503     0.994531       167329       182.86
     312.319     0.995313       167453       213.33
     314.623     0.996094       167592       256.00
     315.903     0.996484       167650       284.44
     317.439     0.996875       167716       320.00
     318.975     0.997266       167782       365.71
     321.279     0.997656       167849       426.67
     324.095     0.998047       167914       512.00
     324.863     0.998242       167946       568.89
     326.143     0.998437       167982       640.00
     327.167     0.998633       168011       731.43
     328.191     0.998828       168044       853.33
     329.215     0.999023       168080      1024.00
     329.727     0.999121       168097      1137.78
     330.239     0.999219       168111      1280.00
     331.263     0.999316       168131      1462.86
     332.031     0.999414       168144      1706.67
     332.799     0.999512       168159      2048.00
     333.311     0.999561       168167      2275.56
     333.823     0.999609       168175      2560.00
     334.591     0.999658       168183      2925.71
     335.103     0.999707       168194      3413.33
     335.359     0.999756       168200      4096.00
     336.127     0.999780       168205      4551.11
     336.639     0.999805       168209      5120.00
     337.151     0.999829       168214      5851.43
     337.663     0.999854       168218      6826.67
     338.431     0.999878       168221      8192.00
     338.687     0.999890       168222      9102.22
     339.455     0.999902       168225     10240.00
     339.711     0.999915       168226     11702.86
     339.967     0.999927       168228     13653.33
     340.991     0.999939       168230     16384.00
     341.247     0.999945       168232     18204.44
     341.247     0.999951       168232     20480.00
     341.503     0.999957       168233     23405.71
     342.015     0.999963       168234     27306.67
     342.271     0.999969       168236     32768.00
     342.271     0.999973       168236     36408.89
     342.271     0.999976       168236     40960.00
     342.783     0.999979       168238     46811.43
     342.783     0.999982       168238     54613.33
     342.783     0.999985       168238     65536.00
     342.783     0.999986       168238     72817.78
     342.783     0.999988       168238     81920.00
     343.807     0.999989       168239     93622.86
     343.807     0.999991       168239    109226.67
     343.807     0.999992       168239    131072.00
     343.807     0.999993       168239    145635.56
     343.807     0.999994       168239    163840.00
     346.111     0.999995       168240    187245.71
     346.111     1.000000       168240          inf
#[Mean    =      107.471, StdDeviation   =       68.198]
#[Max     =      345.856, Total count    =       168240]
#[Buckets =           27, SubBuckets     =         2048]
-----------------------------------------------------------------------
  201001 requests in 1.00m, 31.17MB read
Requests/sec:   3353.53  
Transfer/sec:    532.45KB

=== rps=3600 c=648 t=65 url=http://10.10.1.1:5475 ===
setup: assigned thread_id=1
init: final thread_id=1, base_seed=nil
setup: assigned thread_id=2
init: final thread_id=2, base_seed=nil
setup: assigned thread_id=3
init: final thread_id=3, base_seed=nil
setup: assigned thread_id=4
init: final thread_id=4, base_seed=nil
setup: assigned thread_id=5
init: final thread_id=5, base_seed=nil
setup: assigned thread_id=6
init: final thread_id=6, base_seed=nil
setup: assigned thread_id=7
init: final thread_id=7, base_seed=nil
setup: assigned thread_id=8
init: final thread_id=8, base_seed=nil
setup: assigned thread_id=9
init: final thread_id=9, base_seed=nil
setup: assigned thread_id=10
init: final thread_id=10, base_seed=nil
setup: assigned thread_id=11
init: final thread_id=11, base_seed=nil
setup: assigned thread_id=12
init: final thread_id=12, base_seed=nil
setup: assigned thread_id=13
init: final thread_id=13, base_seed=nil
setup: assigned thread_id=14
init: final thread_id=14, base_seed=nil
setup: assigned thread_id=15
init: final thread_id=15, base_seed=nil
setup: assigned thread_id=16
init: final thread_id=16, base_seed=nil
setup: assigned thread_id=17
init: final thread_id=17, base_seed=nil
setup: assigned thread_id=18
init: final thread_id=18, base_seed=nil
setup: assigned thread_id=19
init: final thread_id=19, base_seed=nil
setup: assigned thread_id=20
init: final thread_id=20, base_seed=nil
setup: assigned thread_id=21
init: final thread_id=21, base_seed=nil
setup: assigned thread_id=22
init: final thread_id=22, base_seed=nil
setup: assigned thread_id=23
init: final thread_id=23, base_seed=nil
setup: assigned thread_id=24
init: final thread_id=24, base_seed=nil
setup: assigned thread_id=25
init: final thread_id=25, base_seed=nil
setup: assigned thread_id=26
init: final thread_id=26, base_seed=nil
setup: assigned thread_id=27
init: final thread_id=27, base_seed=nil
setup: assigned thread_id=28
init: final thread_id=28, base_seed=nil
setup: assigned thread_id=29
init: final thread_id=29, base_seed=nil
setup: assigned thread_id=30
init: final thread_id=30, base_seed=nil
setup: assigned thread_id=31
init: final thread_id=31, base_seed=nil
setup: assigned thread_id=32
init: final thread_id=32, base_seed=nil
setup: assigned thread_id=33
init: final thread_id=33, base_seed=nil
setup: assigned thread_id=34
init: final thread_id=34, base_seed=nil
setup: assigned thread_id=35
init: final thread_id=35, base_seed=nil
setup: assigned thread_id=36
init: final thread_id=36, base_seed=nil
setup: assigned thread_id=37
init: final thread_id=37, base_seed=nil
setup: assigned thread_id=38
init: final thread_id=38, base_seed=nil
setup: assigned thread_id=39
init: final thread_id=39, base_seed=nil
setup: assigned thread_id=40
init: final thread_id=40, base_seed=nil
setup: assigned thread_id=41
init: final thread_id=41, base_seed=nil
setup: assigned thread_id=42
init: final thread_id=42, base_seed=nil
setup: assigned thread_id=43
init: final thread_id=43, base_seed=nil
setup: assigned thread_id=44
init: final thread_id=44, base_seed=nil
setup: assigned thread_id=45
init: final thread_id=45, base_seed=nil
setup: assigned thread_id=46
init: final thread_id=46, base_seed=nil
setup: assigned thread_id=47
init: final thread_id=47, base_seed=nil
setup: assigned thread_id=48
init: final thread_id=48, base_seed=nil
setup: assigned thread_id=49
init: final thread_id=49, base_seed=nil
setup: assigned thread_id=50
init: final thread_id=50, base_seed=nil
setup: assigned thread_id=51
init: final thread_id=51, base_seed=nil
setup: assigned thread_id=52
init: final thread_id=52, base_seed=nil
setup: assigned thread_id=53
init: final thread_id=53, base_seed=nil
setup: assigned thread_id=54
init: final thread_id=54, base_seed=nil
setup: assigned thread_id=55
init: final thread_id=55, base_seed=nil
setup: assigned thread_id=56
init: final thread_id=56, base_seed=nil
setup: assigned thread_id=57
init: final thread_id=57, base_seed=nil
setup: assigned thread_id=58
init: final thread_id=58, base_seed=nil
setup: assigned thread_id=59
init: final thread_id=59, base_seed=nil
setup: assigned thread_id=60
init: final thread_id=60, base_seed=nil
setup: assigned thread_id=61
init: final thread_id=61, base_seed=nil
setup: assigned thread_id=62
init: final thread_id=62, base_seed=nil
setup: assigned thread_id=63
init: final thread_id=63, base_seed=nil
setup: assigned thread_id=64
init: final thread_id=64, base_seed=nil
setup: assigned thread_id=65
init: final thread_id=65, base_seed=nil
script_want_response
Running 1m test @ http://10.10.1.1:5475
  65 threads and 648 connections

  Thread calibration: mean lat.: 235.489ms, rate sampling interval: 647ms
  Thread calibration: mean lat.: 257.679ms, rate sampling interval: 689ms
  Thread calibration: mean lat.: 254.405ms, rate sampling interval: 784ms
  Thread calibration: mean lat.: 261.581ms, rate sampling interval: 777ms
  Thread calibration: mean lat.: 256.692ms, rate sampling interval: 704ms
  Thread calibration: mean lat.: 257.499ms, rate sampling interval: 722ms
  Thread calibration: mean lat.: 285.284ms, rate sampling interval: 784ms
  Thread calibration: mean lat.: 258.494ms, rate sampling interval: 777ms
  Thread calibration: mean lat.: 257.399ms, rate sampling interval: 713ms
  Thread calibration: mean lat.: 252.997ms, rate sampling interval: 710ms
  Thread calibration: mean lat.: 271.396ms, rate sampling interval: 714ms
  Thread calibration: mean lat.: 257.342ms, rate sampling interval: 721ms
  Thread calibration: mean lat.: 245.044ms, rate sampling interval: 700ms
  Thread calibration: mean lat.: 280.399ms, rate sampling interval: 738ms
  Thread calibration: mean lat.: 286.271ms, rate sampling interval: 738ms
  Thread calibration: mean lat.: 264.763ms, rate sampling interval: 731ms
  Thread calibration: mean lat.: 277.891ms, rate sampling interval: 739ms
  Thread calibration: mean lat.: 262.114ms, rate sampling interval: 721ms
  Thread calibration: mean lat.: 255.593ms, rate sampling interval: 718ms
  Thread calibration: mean lat.: 282.322ms, rate sampling interval: 731ms
  Thread calibration: mean lat.: 272.863ms, rate sampling interval: 722ms
  Thread calibration: mean lat.: 275.590ms, rate sampling interval: 726ms
  Thread calibration: mean lat.: 263.176ms, rate sampling interval: 717ms
  Thread calibration: mean lat.: 267.008ms, rate sampling interval: 723ms
  Thread calibration: mean lat.: 264.737ms, rate sampling interval: 739ms
  Thread calibration: mean lat.: 284.338ms, rate sampling interval: 797ms
  Thread calibration: mean lat.: 294.264ms, rate sampling interval: 799ms
  Thread calibration: mean lat.: 297.992ms, rate sampling interval: 799ms
  Thread calibration: mean lat.: 305.317ms, rate sampling interval: 806ms
  Thread calibration: mean lat.: 298.486ms, rate sampling interval: 795ms
  Thread calibration: mean lat.: 302.742ms, rate sampling interval: 792ms
  Thread calibration: mean lat.: 302.033ms, rate sampling interval: 792ms
  Thread calibration: mean lat.: 303.189ms, rate sampling interval: 793ms
  Thread calibration: mean lat.: 279.985ms, rate sampling interval: 781ms
  Thread calibration: mean lat.: 288.638ms, rate sampling interval: 785ms
  Thread calibration: mean lat.: 302.923ms, rate sampling interval: 784ms
  Thread calibration: mean lat.: 283.128ms, rate sampling interval: 779ms
  Thread calibration: mean lat.: 298.364ms, rate sampling interval: 783ms
  Thread calibration: mean lat.: 297.516ms, rate sampling interval: 780ms
  Thread calibration: mean lat.: 289.328ms, rate sampling interval: 776ms
  Thread calibration: mean lat.: 280.272ms, rate sampling interval: 770ms
  Thread calibration: mean lat.: 295.085ms, rate sampling interval: 774ms
  Thread calibration: mean lat.: 280.698ms, rate sampling interval: 767ms
  Thread calibration: mean lat.: 292.744ms, rate sampling interval: 770ms
  Thread calibration: mean lat.: 269.135ms, rate sampling interval: 763ms
  Thread calibration: mean lat.: 282.353ms, rate sampling interval: 763ms
  Thread calibration: mean lat.: 278.866ms, rate sampling interval: 761ms
  Thread calibration: mean lat.: 275.177ms, rate sampling interval: 765ms
  Thread calibration: mean lat.: 286.999ms, rate sampling interval: 760ms
  Thread calibration: mean lat.: 296.223ms, rate sampling interval: 819ms
  Thread calibration: mean lat.: 296.171ms, rate sampling interval: 813ms
  Thread calibration: mean lat.: 308.472ms, rate sampling interval: 829ms
  Thread calibration: mean lat.: 291.235ms, rate sampling interval: 830ms
  Thread calibration: mean lat.: 317.562ms, rate sampling interval: 836ms
  Thread calibration: mean lat.: 329.785ms, rate sampling interval: 836ms
  Thread calibration: mean lat.: 331.873ms, rate sampling interval: 840ms
  Thread calibration: mean lat.: 320.837ms, rate sampling interval: 830ms
  Thread calibration: mean lat.: 318.065ms, rate sampling interval: 831ms
  Thread calibration: mean lat.: 337.375ms, rate sampling interval: 833ms
  Thread calibration: mean lat.: 310.603ms, rate sampling interval: 823ms
  Thread calibration: mean lat.: 300.001ms, rate sampling interval: 818ms
  Thread calibration: mean lat.: 325.443ms, rate sampling interval: 826ms
  Thread calibration: mean lat.: 317.203ms, rate sampling interval: 821ms
  Thread calibration: mean lat.: 320.648ms, rate sampling interval: 817ms
  Thread calibration: mean lat.: 322.436ms, rate sampling interval: 830ms

-----------------------------------------------------------------------
Test Results @ http://10.10.1.1:5475 
  Thread Stats   Avg      Stdev     99%   +/- Stdev
    Latency   172.75ms  117.11ms 436.48ms   60.39%
    Req/Sec    54.69      4.75    65.00     79.65%
  Latency Distribution (HdrHistogram - Recorded Latency)
 50.000%  152.70ms
 75.000%  262.40ms
 90.000%  347.65ms
 99.000%  436.48ms
 99.900%  462.08ms
 99.990%  500.99ms
 99.999%  532.99ms
100.000%  534.53ms

  Detailed Percentile spectrum:
       Value   Percentile   TotalCount 1/(1-Percentile)

       9.935     0.000000            1         1.00
      38.431     0.100000        17872         1.11
      56.159     0.200000        35728         1.25
      78.015     0.300000        53626         1.43
     111.999     0.400000        71456         1.67
     152.703     0.500000        89324         2.00
     173.823     0.550000        98288         2.22
     193.791     0.600000       107207         2.50
     215.807     0.650000       116116         2.86
     238.079     0.700000       125095         3.33
     262.399     0.750000       134045         4.00
     275.711     0.775000       138438         4.44
     289.535     0.800000       142952         5.00
     303.871     0.825000       147384         5.71
     317.439     0.850000       151904         6.67
     332.031     0.875000       156367         8.00
     339.199     0.887500       158536         8.89
     347.647     0.900000       160791        10.00
     356.863     0.912500       163019        11.43
     367.103     0.925000       165266        13.33
     376.831     0.937500       167502        16.00
     381.951     0.943750       168615        17.78
     386.815     0.950000       169707        20.00
     392.447     0.956250       170855        22.86
     398.591     0.962500       171957        26.67
     404.735     0.968750       173050        32.00
     408.575     0.971875       173638        35.56
     412.159     0.975000       174174        40.00
     415.743     0.978125       174738        45.71
     419.839     0.981250       175291        53.33
     425.215     0.984375       175854        64.00
     428.287     0.985938       176136        71.11
     431.103     0.987500       176406        80.00
     434.687     0.989062       176692        91.43
     437.759     0.990625       176967       106.67
     441.087     0.992188       177238       128.00
     442.623     0.992969       177375       142.22
     444.415     0.993750       177515       160.00
     446.463     0.994531       177667       182.86
     448.255     0.995313       177812       213.33
     450.559     0.996094       177937       256.00
     451.583     0.996484       178005       284.44
     452.863     0.996875       178081       320.00
     453.887     0.997266       178144       365.71
     455.167     0.997656       178214       426.67
     457.215     0.998047       178283       512.00
     458.239     0.998242       178319       568.89
     459.263     0.998437       178354       640.00
     460.287     0.998633       178395       731.43
     461.311     0.998828       178429       853.33
     462.335     0.999023       178461      1024.00
     462.847     0.999121       178473      1137.78
     464.383     0.999219       178491      1280.00
     465.663     0.999316       178507      1462.86
     467.199     0.999414       178529      1706.67
     468.991     0.999512       178544      2048.00
     469.759     0.999561       178551      2275.56
     470.783     0.999609       178560      2560.00
     472.575     0.999658       178570      2925.71
     474.367     0.999707       178578      3413.33
     476.927     0.999756       178588      4096.00
     477.951     0.999780       178590      4551.11
     479.999     0.999805       178595      5120.00
     482.559     0.999829       178599      5851.43
     487.679     0.999854       178603      6826.67
     492.799     0.999878       178608      8192.00
     496.639     0.999890       178610      9102.22
     502.783     0.999902       178612     10240.00
     518.655     0.999915       178614     11702.86
     521.215     0.999927       178616     13653.33
     524.799     0.999939       178619     16384.00
     525.311     0.999945       178620     18204.44
     527.359     0.999951       178621     20480.00
     529.919     0.999957       178622     23405.71
     531.455     0.999963       178624     27306.67
     531.455     0.999969       178624     32768.00
     532.991     0.999973       178627     36408.89
     532.991     0.999976       178627     40960.00
     532.991     0.999979       178627     46811.43
     532.991     0.999982       178627     54613.33
     532.991     0.999985       178627     65536.00
     532.991     0.999986       178627     72817.78
     532.991     0.999988       178627     81920.00
     533.503     0.999989       178628     93622.86
     533.503     0.999991       178628    109226.67
     533.503     0.999992       178628    131072.00
     533.503     0.999993       178628    145635.56
     533.503     0.999994       178628    163840.00
     534.527     0.999995       178629    187245.71
     534.527     1.000000       178629          inf
#[Mean    =      172.746, StdDeviation   =      117.105]
#[Max     =      534.016, Total count    =       178629]
#[Buckets =           27, SubBuckets     =         2048]
-----------------------------------------------------------------------
  213510 requests in 1.00m, 33.11MB read
Requests/sec:   3567.36  
Transfer/sec:    566.44KB

=== rps=3800 c=722 t=73 url=http://10.10.1.1:5475 ===
setup: assigned thread_id=1
init: final thread_id=1, base_seed=nil
setup: assigned thread_id=2
init: final thread_id=2, base_seed=nil
setup: assigned thread_id=3
init: final thread_id=3, base_seed=nil
setup: assigned thread_id=4
init: final thread_id=4, base_seed=nil
setup: assigned thread_id=5
init: final thread_id=5, base_seed=nil
setup: assigned thread_id=6
init: final thread_id=6, base_seed=nil
setup: assigned thread_id=7
init: final thread_id=7, base_seed=nil
setup: assigned thread_id=8
init: final thread_id=8, base_seed=nil
setup: assigned thread_id=9
init: final thread_id=9, base_seed=nil
setup: assigned thread_id=10
init: final thread_id=10, base_seed=nil
setup: assigned thread_id=11
init: final thread_id=11, base_seed=nil
setup: assigned thread_id=12
init: final thread_id=12, base_seed=nil
setup: assigned thread_id=13
init: final thread_id=13, base_seed=nil
setup: assigned thread_id=14
init: final thread_id=14, base_seed=nil
setup: assigned thread_id=15
init: final thread_id=15, base_seed=nil
setup: assigned thread_id=16
init: final thread_id=16, base_seed=nil
setup: assigned thread_id=17
init: final thread_id=17, base_seed=nil
setup: assigned thread_id=18
init: final thread_id=18, base_seed=nil
setup: assigned thread_id=19
init: final thread_id=19, base_seed=nil
setup: assigned thread_id=20
init: final thread_id=20, base_seed=nil
setup: assigned thread_id=21
init: final thread_id=21, base_seed=nil
setup: assigned thread_id=22
init: final thread_id=22, base_seed=nil
setup: assigned thread_id=23
init: final thread_id=23, base_seed=nil
setup: assigned thread_id=24
init: final thread_id=24, base_seed=nil
setup: assigned thread_id=25
init: final thread_id=25, base_seed=nil
setup: assigned thread_id=26
init: final thread_id=26, base_seed=nil
setup: assigned thread_id=27
init: final thread_id=27, base_seed=nil
setup: assigned thread_id=28
init: final thread_id=28, base_seed=nil
setup: assigned thread_id=29
init: final thread_id=29, base_seed=nil
setup: assigned thread_id=30
init: final thread_id=30, base_seed=nil
setup: assigned thread_id=31
init: final thread_id=31, base_seed=nil
setup: assigned thread_id=32
init: final thread_id=32, base_seed=nil
setup: assigned thread_id=33
init: final thread_id=33, base_seed=nil
setup: assigned thread_id=34
init: final thread_id=34, base_seed=nil
setup: assigned thread_id=35
init: final thread_id=35, base_seed=nil
setup: assigned thread_id=36
init: final thread_id=36, base_seed=nil
setup: assigned thread_id=37
init: final thread_id=37, base_seed=nil
setup: assigned thread_id=38
init: final thread_id=38, base_seed=nil
setup: assigned thread_id=39
init: final thread_id=39, base_seed=nil
setup: assigned thread_id=40
init: final thread_id=40, base_seed=nil
setup: assigned thread_id=41
init: final thread_id=41, base_seed=nil
setup: assigned thread_id=42
init: final thread_id=42, base_seed=nil
setup: assigned thread_id=43
init: final thread_id=43, base_seed=nil
setup: assigned thread_id=44
init: final thread_id=44, base_seed=nil
setup: assigned thread_id=45
init: final thread_id=45, base_seed=nil
setup: assigned thread_id=46
init: final thread_id=46, base_seed=nil
setup: assigned thread_id=47
init: final thread_id=47, base_seed=nil
setup: assigned thread_id=48
init: final thread_id=48, base_seed=nil
setup: assigned thread_id=49
init: final thread_id=49, base_seed=nil
setup: assigned thread_id=50
init: final thread_id=50, base_seed=nil
setup: assigned thread_id=51
init: final thread_id=51, base_seed=nil
setup: assigned thread_id=52
init: final thread_id=52, base_seed=nil
setup: assigned thread_id=53
init: final thread_id=53, base_seed=nil
setup: assigned thread_id=54
init: final thread_id=54, base_seed=nil
setup: assigned thread_id=55
init: final thread_id=55, base_seed=nil
setup: assigned thread_id=56
init: final thread_id=56, base_seed=nil
setup: assigned thread_id=57
init: final thread_id=57, base_seed=nil
setup: assigned thread_id=58
init: final thread_id=58, base_seed=nil
setup: assigned thread_id=59
init: final thread_id=59, base_seed=nil
setup: assigned thread_id=60
init: final thread_id=60, base_seed=nil
setup: assigned thread_id=61
init: final thread_id=61, base_seed=nil
setup: assigned thread_id=62
init: final thread_id=62, base_seed=nil
setup: assigned thread_id=63
init: final thread_id=63, base_seed=nil
setup: assigned thread_id=64
init: final thread_id=64, base_seed=nil
setup: assigned thread_id=65
init: final thread_id=65, base_seed=nil
setup: assigned thread_id=66
init: final thread_id=66, base_seed=nil
setup: assigned thread_id=67
init: final thread_id=67, base_seed=nil
setup: assigned thread_id=68
init: final thread_id=68, base_seed=nil
setup: assigned thread_id=69
init: final thread_id=69, base_seed=nil
setup: assigned thread_id=70
init: final thread_id=70, base_seed=nil
setup: assigned thread_id=71
init: final thread_id=71, base_seed=nil
setup: assigned thread_id=72
init: final thread_id=72, base_seed=nil
setup: assigned thread_id=73
init: final thread_id=73, base_seed=nil
script_want_response
Running 1m test @ http://10.10.1.1:5475
  73 threads and 722 connections

  Thread calibration: mean lat.: 460.830ms, rate sampling interval: 1315ms
  Thread calibration: mean lat.: 436.306ms, rate sampling interval: 1193ms
  Thread calibration: mean lat.: 454.245ms, rate sampling interval: 1191ms
  Thread calibration: mean lat.: 464.534ms, rate sampling interval: 1190ms
  Thread calibration: mean lat.: 478.426ms, rate sampling interval: 1298ms
  Thread calibration: mean lat.: 443.896ms, rate sampling interval: 1186ms
  Thread calibration: mean lat.: 463.174ms, rate sampling interval: 1233ms
  Thread calibration: mean lat.: 465.702ms, rate sampling interval: 1202ms
  Thread calibration: mean lat.: 481.145ms, rate sampling interval: 1265ms
  Thread calibration: mean lat.: 449.335ms, rate sampling interval: 1233ms
  Thread calibration: mean lat.: 490.907ms, rate sampling interval: 1376ms
  Thread calibration: mean lat.: 444.903ms, rate sampling interval: 1234ms
  Thread calibration: mean lat.: 465.844ms, rate sampling interval: 1241ms
  Thread calibration: mean lat.: 437.012ms, rate sampling interval: 1141ms
  Thread calibration: mean lat.: 440.344ms, rate sampling interval: 1150ms
  Thread calibration: mean lat.: 468.297ms, rate sampling interval: 1283ms
  Thread calibration: mean lat.: 436.365ms, rate sampling interval: 1193ms
  Thread calibration: mean lat.: 421.356ms, rate sampling interval: 1128ms
  Thread calibration: mean lat.: 454.192ms, rate sampling interval: 1172ms
  Thread calibration: mean lat.: 432.246ms, rate sampling interval: 1127ms
  Thread calibration: mean lat.: 453.847ms, rate sampling interval: 1294ms
  Thread calibration: mean lat.: 458.136ms, rate sampling interval: 1196ms
  Thread calibration: mean lat.: 450.806ms, rate sampling interval: 1154ms
  Thread calibration: mean lat.: 449.031ms, rate sampling interval: 1252ms
  Thread calibration: mean lat.: 451.823ms, rate sampling interval: 1210ms
  Thread calibration: mean lat.: 463.062ms, rate sampling interval: 1303ms
  Thread calibration: mean lat.: 456.225ms, rate sampling interval: 1226ms
  Thread calibration: mean lat.: 450.518ms, rate sampling interval: 1197ms
  Thread calibration: mean lat.: 453.437ms, rate sampling interval: 1308ms
  Thread calibration: mean lat.: 441.942ms, rate sampling interval: 1191ms
  Thread calibration: mean lat.: 437.092ms, rate sampling interval: 1180ms
  Thread calibration: mean lat.: 442.567ms, rate sampling interval: 1181ms
  Thread calibration: mean lat.: 450.404ms, rate sampling interval: 1195ms
  Thread calibration: mean lat.: 475.708ms, rate sampling interval: 1323ms
  Thread calibration: mean lat.: 434.656ms, rate sampling interval: 1168ms
  Thread calibration: mean lat.: 463.531ms, rate sampling interval: 1290ms
  Thread calibration: mean lat.: 462.344ms, rate sampling interval: 1174ms
  Thread calibration: mean lat.: 453.845ms, rate sampling interval: 1216ms
  Thread calibration: mean lat.: 456.595ms, rate sampling interval: 1192ms
  Thread calibration: mean lat.: 478.005ms, rate sampling interval: 1191ms
  Thread calibration: mean lat.: 461.990ms, rate sampling interval: 1321ms
  Thread calibration: mean lat.: 456.285ms, rate sampling interval: 1178ms
  Thread calibration: mean lat.: 439.629ms, rate sampling interval: 1159ms
  Thread calibration: mean lat.: 450.363ms, rate sampling interval: 1165ms
  Thread calibration: mean lat.: 459.810ms, rate sampling interval: 1179ms
  Thread calibration: mean lat.: 453.180ms, rate sampling interval: 1165ms
  Thread calibration: mean lat.: 448.210ms, rate sampling interval: 1174ms
  Thread calibration: mean lat.: 468.384ms, rate sampling interval: 1277ms
  Thread calibration: mean lat.: 477.507ms, rate sampling interval: 1232ms
  Thread calibration: mean lat.: 438.930ms, rate sampling interval: 1207ms
  Thread calibration: mean lat.: 489.532ms, rate sampling interval: 1323ms
  Thread calibration: mean lat.: 467.589ms, rate sampling interval: 1372ms
  Thread calibration: mean lat.: 479.368ms, rate sampling interval: 1269ms
  Thread calibration: mean lat.: 487.890ms, rate sampling interval: 1267ms
  Thread calibration: mean lat.: 466.287ms, rate sampling interval: 1192ms
  Thread calibration: mean lat.: 455.275ms, rate sampling interval: 1221ms
  Thread calibration: mean lat.: 498.928ms, rate sampling interval: 1299ms
  Thread calibration: mean lat.: 457.546ms, rate sampling interval: 1259ms
  Thread calibration: mean lat.: 487.279ms, rate sampling interval: 1248ms
  Thread calibration: mean lat.: 472.429ms, rate sampling interval: 1243ms
  Thread calibration: mean lat.: 492.563ms, rate sampling interval: 1242ms
  Thread calibration: mean lat.: 456.437ms, rate sampling interval: 1217ms
  Thread calibration: mean lat.: 492.551ms, rate sampling interval: 1267ms
  Thread calibration: mean lat.: 471.273ms, rate sampling interval: 1358ms
  Thread calibration: mean lat.: 484.973ms, rate sampling interval: 1252ms
  Thread calibration: mean lat.: 484.521ms, rate sampling interval: 1275ms
  Thread calibration: mean lat.: 488.113ms, rate sampling interval: 1247ms
  Thread calibration: mean lat.: 496.961ms, rate sampling interval: 1275ms
  Thread calibration: mean lat.: 484.981ms, rate sampling interval: 1245ms
  Thread calibration: mean lat.: 489.937ms, rate sampling interval: 1353ms
  Thread calibration: mean lat.: 484.307ms, rate sampling interval: 1226ms
  Thread calibration: mean lat.: 502.038ms, rate sampling interval: 1265ms
  Thread calibration: mean lat.: 491.473ms, rate sampling interval: 1230ms

-----------------------------------------------------------------------
Test Results @ http://10.10.1.1:5475 
  Thread Stats   Avg      Stdev     99%   +/- Stdev
    Latency   626.52ms  347.78ms   1.87s    73.85%
    Req/Sec    51.09      3.39    58.00     84.18%
  Latency Distribution (HdrHistogram - Recorded Latency)
 50.000%  604.67ms
 75.000%  773.12ms
 90.000%    1.03s 
 99.000%    1.87s 
 99.900%    2.18s 
 99.990%    2.37s 
 99.999%    2.42s 
100.000%    2.45s 

  Detailed Percentile spectrum:
       Value   Percentile   TotalCount 1/(1-Percentile)

      13.439     0.000000            1         1.00
     183.295     0.100000        18767         1.11
     356.351     0.200000        37555         1.25
     457.471     0.300000        56300         1.43
     538.623     0.400000        75147         1.67
     604.671     0.500000        93932         2.00
     635.903     0.550000       103310         2.22
     665.087     0.600000       112622         2.50
     698.879     0.650000       122057         2.86
     732.159     0.700000       131365         3.33
     773.119     0.750000       140811         4.00
     797.695     0.775000       145450         4.44
     826.367     0.800000       150172         5.00
     862.207     0.825000       154850         5.71
     906.751     0.850000       159557         6.67
     963.583     0.875000       164230         8.00
     993.279     0.887500       166585         8.89
    1028.607     0.900000       168917        10.00
    1069.055     0.912500       171273        11.43
    1115.135     0.925000       173613        13.33
    1168.383     0.937500       175954        16.00
    1205.247     0.943750       177117        17.78
    1245.183     0.950000       178289        20.00
    1290.239     0.956250       179467        22.86
    1347.583     0.962500       180629        26.67
    1441.791     0.968750       181796        32.00
    1507.327     0.971875       182386        35.56
    1579.007     0.975000       182979        40.00
    1639.423     0.978125       183559        45.71
    1697.791     0.981250       184146        53.33
    1759.231     0.984375       184735        64.00
    1791.999     0.985938       185033        71.11
    1819.647     0.987500       185318        80.00
    1851.391     0.989062       185618        91.43
    1892.351     0.990625       185905       106.67
    1930.239     0.992188       186198       128.00
    1950.719     0.992969       186351       142.22
    1968.127     0.993750       186490       160.00
    1992.703     0.994531       186637       182.86
    2017.279     0.995313       186786       213.33
    2050.047     0.996094       186932       256.00
    2063.359     0.996484       187008       284.44
    2076.671     0.996875       187076       320.00
    2091.007     0.997266       187150       365.71
    2107.391     0.997656       187226       426.67
    2119.679     0.998047       187298       512.00
    2125.823     0.998242       187332       568.89
    2134.015     0.998437       187372       640.00
    2144.255     0.998633       187408       731.43
    2160.639     0.998828       187445       853.33
    2179.071     0.999023       187481      1024.00
    2187.263     0.999121       187498      1137.78
    2201.599     0.999219       187517      1280.00
    2215.935     0.999316       187534      1462.86
    2238.463     0.999414       187551      1706.67
    2265.087     0.999512       187572      2048.00
    2279.423     0.999561       187581      2275.56
    2285.567     0.999609       187588      2560.00
    2291.711     0.999658       187597      2925.71
    2299.903     0.999707       187606      3413.33
    2310.143     0.999756       187617      4096.00
    2322.431     0.999780       187621      4551.11
    2332.671     0.999805       187625      5120.00
    2336.767     0.999829       187628      5851.43
    2355.199     0.999854       187634      6826.67
    2367.487     0.999878       187639      8192.00
    2371.583     0.999890       187642      9102.22
    2371.583     0.999902       187642     10240.00
    2373.631     0.999915       187644     11702.86
    2381.823     0.999927       187648     13653.33
    2383.871     0.999939       187649     16384.00
    2385.919     0.999945       187650     18204.44
    2387.967     0.999951       187651     20480.00
    2390.015     0.999957       187653     23405.71
    2404.351     0.999963       187654     27306.67
    2418.687     0.999969       187656     32768.00
    2418.687     0.999973       187656     36408.89
    2418.687     0.999976       187656     40960.00
    2418.687     0.999979       187656     46811.43
    2420.735     0.999982       187657     54613.33
    2424.831     0.999985       187658     65536.00
    2424.831     0.999986       187658     72817.78
    2424.831     0.999988       187658     81920.00
    2424.831     0.999989       187658     93622.86
    2447.359     0.999991       187659    109226.67
    2447.359     0.999992       187659    131072.00
    2447.359     0.999993       187659    145635.56
    2447.359     0.999994       187659    163840.00
    2447.359     0.999995       187659    187245.71
    2451.455     0.999995       187660    218453.33
    2451.455     1.000000       187660          inf
#[Mean    =      626.521, StdDeviation   =      347.784]
#[Max     =     2449.408, Total count    =       187660]
#[Buckets =           27, SubBuckets     =         2048]
-----------------------------------------------------------------------
  223072 requests in 1.00m, 34.59MB read
Requests/sec:   3727.65  
Transfer/sec:    591.81KB

=== rps=4000 c=800 t=80 url=http://10.10.1.1:5475 ===
setup: assigned thread_id=1
init: final thread_id=1, base_seed=nil
setup: assigned thread_id=2
init: final thread_id=2, base_seed=nil
setup: assigned thread_id=3
init: final thread_id=3, base_seed=nil
setup: assigned thread_id=4
init: final thread_id=4, base_seed=nil
setup: assigned thread_id=5
init: final thread_id=5, base_seed=nil
setup: assigned thread_id=6
init: final thread_id=6, base_seed=nil
setup: assigned thread_id=7
init: final thread_id=7, base_seed=nil
setup: assigned thread_id=8
init: final thread_id=8, base_seed=nil
setup: assigned thread_id=9
init: final thread_id=9, base_seed=nil
setup: assigned thread_id=10
init: final thread_id=10, base_seed=nil
setup: assigned thread_id=11
init: final thread_id=11, base_seed=nil
setup: assigned thread_id=12
init: final thread_id=12, base_seed=nil
setup: assigned thread_id=13
init: final thread_id=13, base_seed=nil
setup: assigned thread_id=14
init: final thread_id=14, base_seed=nil
setup: assigned thread_id=15
init: final thread_id=15, base_seed=nil
setup: assigned thread_id=16
init: final thread_id=16, base_seed=nil
setup: assigned thread_id=17
init: final thread_id=17, base_seed=nil
setup: assigned thread_id=18
init: final thread_id=18, base_seed=nil
setup: assigned thread_id=19
init: final thread_id=19, base_seed=nil
setup: assigned thread_id=20
init: final thread_id=20, base_seed=nil
setup: assigned thread_id=21
init: final thread_id=21, base_seed=nil
setup: assigned thread_id=22
init: final thread_id=22, base_seed=nil
setup: assigned thread_id=23
init: final thread_id=23, base_seed=nil
setup: assigned thread_id=24
init: final thread_id=24, base_seed=nil
setup: assigned thread_id=25
init: final thread_id=25, base_seed=nil
setup: assigned thread_id=26
init: final thread_id=26, base_seed=nil
setup: assigned thread_id=27
init: final thread_id=27, base_seed=nil
setup: assigned thread_id=28
init: final thread_id=28, base_seed=nil
setup: assigned thread_id=29
init: final thread_id=29, base_seed=nil
setup: assigned thread_id=30
init: final thread_id=30, base_seed=nil
setup: assigned thread_id=31
init: final thread_id=31, base_seed=nil
setup: assigned thread_id=32
init: final thread_id=32, base_seed=nil
setup: assigned thread_id=33
init: final thread_id=33, base_seed=nil
setup: assigned thread_id=34
init: final thread_id=34, base_seed=nil
setup: assigned thread_id=35
init: final thread_id=35, base_seed=nil
setup: assigned thread_id=36
init: final thread_id=36, base_seed=nil
setup: assigned thread_id=37
init: final thread_id=37, base_seed=nil
setup: assigned thread_id=38
init: final thread_id=38, base_seed=nil
setup: assigned thread_id=39
init: final thread_id=39, base_seed=nil
setup: assigned thread_id=40
init: final thread_id=40, base_seed=nil
setup: assigned thread_id=41
init: final thread_id=41, base_seed=nil
setup: assigned thread_id=42
init: final thread_id=42, base_seed=nil
setup: assigned thread_id=43
init: final thread_id=43, base_seed=nil
setup: assigned thread_id=44
init: final thread_id=44, base_seed=nil
setup: assigned thread_id=45
init: final thread_id=45, base_seed=nil
setup: assigned thread_id=46
init: final thread_id=46, base_seed=nil
setup: assigned thread_id=47
init: final thread_id=47, base_seed=nil
setup: assigned thread_id=48
init: final thread_id=48, base_seed=nil
setup: assigned thread_id=49
init: final thread_id=49, base_seed=nil
setup: assigned thread_id=50
init: final thread_id=50, base_seed=nil
setup: assigned thread_id=51
init: final thread_id=51, base_seed=nil
setup: assigned thread_id=52
init: final thread_id=52, base_seed=nil
setup: assigned thread_id=53
init: final thread_id=53, base_seed=nil
setup: assigned thread_id=54
init: final thread_id=54, base_seed=nil
setup: assigned thread_id=55
init: final thread_id=55, base_seed=nil
setup: assigned thread_id=56
init: final thread_id=56, base_seed=nil
setup: assigned thread_id=57
init: final thread_id=57, base_seed=nil
setup: assigned thread_id=58
init: final thread_id=58, base_seed=nil
setup: assigned thread_id=59
init: final thread_id=59, base_seed=nil
setup: assigned thread_id=60
init: final thread_id=60, base_seed=nil
setup: assigned thread_id=61
init: final thread_id=61, base_seed=nil
setup: assigned thread_id=62
init: final thread_id=62, base_seed=nil
setup: assigned thread_id=63
init: final thread_id=63, base_seed=nil
setup: assigned thread_id=64
init: final thread_id=64, base_seed=nil
setup: assigned thread_id=65
init: final thread_id=65, base_seed=nil
setup: assigned thread_id=66
init: final thread_id=66, base_seed=nil
setup: assigned thread_id=67
init: final thread_id=67, base_seed=nil
setup: assigned thread_id=68
init: final thread_id=68, base_seed=nil
setup: assigned thread_id=69
init: final thread_id=69, base_seed=nil
setup: assigned thread_id=70
init: final thread_id=70, base_seed=nil
setup: assigned thread_id=71
init: final thread_id=71, base_seed=nil
setup: assigned thread_id=72
init: final thread_id=72, base_seed=nil
setup: assigned thread_id=73
init: final thread_id=73, base_seed=nil
setup: assigned thread_id=74
init: final thread_id=74, base_seed=nil
setup: assigned thread_id=75
init: final thread_id=75, base_seed=nil
setup: assigned thread_id=76
init: final thread_id=76, base_seed=nil
setup: assigned thread_id=77
init: final thread_id=77, base_seed=nil
setup: assigned thread_id=78
init: final thread_id=78, base_seed=nil
setup: assigned thread_id=79
init: final thread_id=79, base_seed=nil
setup: assigned thread_id=80
init: final thread_id=80, base_seed=nil
script_want_response
Running 1m test @ http://10.10.1.1:5475
  80 threads and 800 connections

  Thread calibration: mean lat.: 484.095ms, rate sampling interval: 1770ms
  Thread calibration: mean lat.: 472.274ms, rate sampling interval: 1692ms
  Thread calibration: mean lat.: 542.855ms, rate sampling interval: 2279ms
  Thread calibration: mean lat.: 458.680ms, rate sampling interval: 1603ms
  Thread calibration: mean lat.: 473.999ms, rate sampling interval: 1776ms
  Thread calibration: mean lat.: 507.426ms, rate sampling interval: 1890ms
  Thread calibration: mean lat.: 493.442ms, rate sampling interval: 1822ms
  Thread calibration: mean lat.: 496.917ms, rate sampling interval: 1913ms
  Thread calibration: mean lat.: 516.836ms, rate sampling interval: 1907ms
  Thread calibration: mean lat.: 485.465ms, rate sampling interval: 1823ms
  Thread calibration: mean lat.: 468.116ms, rate sampling interval: 1757ms
  Thread calibration: mean lat.: 515.717ms, rate sampling interval: 1796ms
  Thread calibration: mean lat.: 513.077ms, rate sampling interval: 1876ms
  Thread calibration: mean lat.: 513.375ms, rate sampling interval: 1891ms
  Thread calibration: mean lat.: 483.457ms, rate sampling interval: 1850ms
  Thread calibration: mean lat.: 501.152ms, rate sampling interval: 1821ms
  Thread calibration: mean lat.: 480.224ms, rate sampling interval: 1687ms
  Thread calibration: mean lat.: 489.574ms, rate sampling interval: 1886ms
  Thread calibration: mean lat.: 485.102ms, rate sampling interval: 1743ms
  Thread calibration: mean lat.: 478.124ms, rate sampling interval: 1745ms
  Thread calibration: mean lat.: 480.684ms, rate sampling interval: 1752ms
  Thread calibration: mean lat.: 494.237ms, rate sampling interval: 1829ms
  Thread calibration: mean lat.: 471.870ms, rate sampling interval: 1709ms
  Thread calibration: mean lat.: 506.003ms, rate sampling interval: 1847ms
  Thread calibration: mean lat.: 498.003ms, rate sampling interval: 1859ms
  Thread calibration: mean lat.: 480.943ms, rate sampling interval: 1693ms
  Thread calibration: mean lat.: 504.185ms, rate sampling interval: 1793ms
  Thread calibration: mean lat.: 494.373ms, rate sampling interval: 1849ms
  Thread calibration: mean lat.: 489.667ms, rate sampling interval: 1765ms
  Thread calibration: mean lat.: 479.514ms, rate sampling interval: 1639ms
  Thread calibration: mean lat.: 478.076ms, rate sampling interval: 1731ms
  Thread calibration: mean lat.: 485.385ms, rate sampling interval: 1689ms
  Thread calibration: mean lat.: 503.392ms, rate sampling interval: 1870ms
  Thread calibration: mean lat.: 513.152ms, rate sampling interval: 1911ms
  Thread calibration: mean lat.: 486.241ms, rate sampling interval: 1773ms
  Thread calibration: mean lat.: 518.789ms, rate sampling interval: 1987ms
  Thread calibration: mean lat.: 488.676ms, rate sampling interval: 1811ms
  Thread calibration: mean lat.: 498.951ms, rate sampling interval: 1808ms
  Thread calibration: mean lat.: 514.289ms, rate sampling interval: 1905ms
  Thread calibration: mean lat.: 535.586ms, rate sampling interval: 1949ms
  Thread calibration: mean lat.: 519.400ms, rate sampling interval: 1932ms
  Thread calibration: mean lat.: 502.494ms, rate sampling interval: 1830ms
  Thread calibration: mean lat.: 561.598ms, rate sampling interval: 2138ms
  Thread calibration: mean lat.: 489.528ms, rate sampling interval: 1808ms
  Thread calibration: mean lat.: 478.200ms, rate sampling interval: 1702ms
  Thread calibration: mean lat.: 478.515ms, rate sampling interval: 1667ms
  Thread calibration: mean lat.: 492.621ms, rate sampling interval: 1795ms
  Thread calibration: mean lat.: 481.621ms, rate sampling interval: 1750ms
  Thread calibration: mean lat.: 469.507ms, rate sampling interval: 1705ms
  Thread calibration: mean lat.: 506.987ms, rate sampling interval: 1831ms
  Thread calibration: mean lat.: 473.005ms, rate sampling interval: 1741ms
  Thread calibration: mean lat.: 546.123ms, rate sampling interval: 2211ms
  Thread calibration: mean lat.: 523.389ms, rate sampling interval: 1973ms
  Thread calibration: mean lat.: 463.608ms, rate sampling interval: 1709ms
  Thread calibration: mean lat.: 456.646ms, rate sampling interval: 1601ms
  Thread calibration: mean lat.: 494.357ms, rate sampling interval: 1879ms
  Thread calibration: mean lat.: 479.825ms, rate sampling interval: 1808ms
  Thread calibration: mean lat.: 465.407ms, rate sampling interval: 1586ms
  Thread calibration: mean lat.: 493.147ms, rate sampling interval: 1763ms
  Thread calibration: mean lat.: 536.668ms, rate sampling interval: 1902ms
  Thread calibration: mean lat.: 492.903ms, rate sampling interval: 1725ms
  Thread calibration: mean lat.: 527.630ms, rate sampling interval: 2003ms
  Thread calibration: mean lat.: 470.504ms, rate sampling interval: 1670ms
  Thread calibration: mean lat.: 509.321ms, rate sampling interval: 1847ms
  Thread calibration: mean lat.: 518.724ms, rate sampling interval: 1950ms
  Thread calibration: mean lat.: 479.470ms, rate sampling interval: 1802ms
  Thread calibration: mean lat.: 543.287ms, rate sampling interval: 1918ms
  Thread calibration: mean lat.: 509.898ms, rate sampling interval: 1755ms
  Thread calibration: mean lat.: 514.935ms, rate sampling interval: 1815ms
  Thread calibration: mean lat.: 535.742ms, rate sampling interval: 1888ms
  Thread calibration: mean lat.: 495.077ms, rate sampling interval: 1760ms
  Thread calibration: mean lat.: 546.329ms, rate sampling interval: 1952ms
  Thread calibration: mean lat.: 545.842ms, rate sampling interval: 1953ms
  Thread calibration: mean lat.: 530.773ms, rate sampling interval: 1791ms
  Thread calibration: mean lat.: 486.105ms, rate sampling interval: 1676ms
  Thread calibration: mean lat.: 557.947ms, rate sampling interval: 1956ms
  Thread calibration: mean lat.: 554.268ms, rate sampling interval: 1961ms
  Thread calibration: mean lat.: 526.366ms, rate sampling interval: 1818ms
  Thread calibration: mean lat.: 547.636ms, rate sampling interval: 1936ms
  Thread calibration: mean lat.: 489.036ms, rate sampling interval: 1715ms

-----------------------------------------------------------------------
Test Results @ http://10.10.1.1:5475 
  Thread Stats   Avg      Stdev     99%   +/- Stdev
    Latency     3.90s     1.77s    8.72s    64.13%
    Req/Sec    43.76      1.85    48.00     90.32%
  Latency Distribution (HdrHistogram - Recorded Latency)
 50.000%    3.87s 
 75.000%    5.18s 
 90.000%    6.08s 
 99.000%    8.72s 
 99.900%    9.75s 
 99.990%   10.33s 
 99.999%   10.54s 
100.000%   10.55s 

  Detailed Percentile spectrum:
       Value   Percentile   TotalCount 1/(1-Percentile)

     422.399     0.000000            1         1.00
    1458.175     0.100000        17665         1.11
    2148.351     0.200000        35342         1.25
    2875.391     0.300000        52977         1.43
    3411.967     0.400000        70620         1.67
    3872.767     0.500000        88314         2.00
    4110.335     0.550000        97127         2.22
    4366.335     0.600000       105909         2.50
    4636.671     0.650000       114775         2.86
    4902.911     0.700000       123620         3.33
    5181.439     0.750000       132502         4.00
    5316.607     0.775000       136825         4.44
    5455.871     0.800000       141264         5.00
    5595.135     0.825000       145647         5.71
    5746.687     0.850000       150130         6.67
    5898.239     0.875000       154456         8.00
    5980.159     0.887500       156651         8.89
    6078.463     0.900000       158874        10.00
    6184.959     0.912500       161094        11.43
    6303.743     0.925000       163287        13.33
    6447.103     0.937500       165460        16.00
    6537.215     0.943750       166561        17.78
    6647.807     0.950000       167666        20.00
    6782.975     0.956250       168779        22.86
    6950.911     0.962500       169869        26.67
    7196.671     0.968750       170976        32.00
    7368.703     0.971875       171530        35.56
    7581.695     0.975000       172073        40.00
    7819.263     0.978125       172625        45.71
    8052.735     0.981250       173177        53.33
    8290.303     0.984375       173739        64.00
    8413.183     0.985938       174009        71.11
    8527.871     0.987500       174281        80.00
    8642.559     0.989062       174562        91.43
    8773.631     0.990625       174850       106.67
    8912.895     0.992188       175113       128.00
    8978.431     0.992969       175253       142.22
    9052.159     0.993750       175395       160.00
    9117.695     0.994531       175522       182.86
    9199.615     0.995313       175670       213.33
    9289.727     0.996094       175800       256.00
    9338.879     0.996484       175871       284.44
    9379.839     0.996875       175937       320.00
    9428.991     0.997266       176008       365.71
    9478.143     0.997656       176081       426.67
    9535.487     0.998047       176144       512.00
    9568.255     0.998242       176177       568.89
    9601.023     0.998437       176215       640.00
    9641.983     0.998633       176245       731.43
    9707.519     0.998828       176281       853.33
    9756.671     0.999023       176315      1024.00
    9805.823     0.999121       176333      1137.78
    9830.399     0.999219       176353      1280.00
    9854.975     0.999316       176367      1462.86
    9895.935     0.999414       176383      1706.67
    9936.895     0.999512       176401      2048.00
    9961.471     0.999561       176410      2275.56
    9977.855     0.999609       176418      2560.00
   10018.815     0.999658       176425      2925.71
   10067.967     0.999707       176435      3413.33
   10108.927     0.999756       176443      4096.00
   10141.695     0.999780       176448      4551.11
   10182.655     0.999805       176451      5120.00
   10231.807     0.999829       176456      5851.43
   10264.575     0.999854       176460      6826.67
   10305.535     0.999878       176464      8192.00
   10313.727     0.999890       176466      9102.22
   10338.303     0.999902       176470     10240.00
   10338.303     0.999915       176470     11702.86
   10354.687     0.999927       176473     13653.33
   10362.879     0.999939       176477     16384.00
   10362.879     0.999945       176477     18204.44
   10362.879     0.999951       176477     20480.00
   10395.647     0.999957       176478     23405.71
   10412.031     0.999963       176480     27306.67
   10412.031     0.999969       176480     32768.00
   10428.415     0.999973       176481     36408.89
   10428.415     0.999976       176481     40960.00
   10518.527     0.999979       176482     46811.43
   10518.527     0.999982       176482     54613.33
   10543.103     0.999985       176483     65536.00
   10543.103     0.999986       176483     72817.78
   10543.103     0.999988       176483     81920.00
   10551.295     0.999989       176485     93622.86
   10551.295     1.000000       176485          inf
#[Mean    =     3899.401, StdDeviation   =     1770.014]
#[Max     =    10543.104, Total count    =       176485]
#[Buckets =           27, SubBuckets     =         2048]
-----------------------------------------------------------------------
  212082 requests in 1.00m, 32.88MB read
Requests/sec:   3544.18  
Transfer/sec:    562.72KB
