setup: assigned thread_id=1
init: final thread_id=1, base_seed=nil
script_want_response
Running 2m test @ http://10.10.1.1:35677
  1 threads and 10 connections

  Thread calibration: mean lat.: 60.985ms, rate sampling interval: 115ms

-----------------------------------------------------------------------
Test Results @ http://10.10.1.1:35677 
  Thread Stats   Avg      Stdev     99%   +/- Stdev
    Latency     7.37ms    0.93ms   9.69ms   80.07%
    Req/Sec    99.63     27.55   175.00     84.53%
  Latency Distribution (HdrHistogram - Recorded Latency)
 50.000%    7.28ms
 75.000%    7.78ms
 90.000%    8.38ms
 99.000%    9.69ms
 99.900%   16.77ms
 99.990%   24.09ms
 99.999%   27.61ms
100.000%   27.61ms

  Detailed Percentile spectrum:
       Value   Percentile   TotalCount 1/(1-Percentile)

       4.383     0.000000            2         1.00
       6.499     0.100000          903         1.11
       6.771     0.200000         1824         1.25
       6.951     0.300000         2703         1.43
       7.115     0.400000         3621         1.67
       7.279     0.500000         4504         2.00
       7.367     0.550000         4976         2.22
       7.459     0.600000         5418         2.50
       7.547     0.650000         5855         2.86
       7.659     0.700000         6301         3.33
       7.775     0.750000         6752         4.00
       7.839     0.775000         6977         4.44
       7.923     0.800000         7213         5.00
       8.011     0.825000         7427         5.71
       8.119     0.850000         7649         6.67
       8.247     0.875000         7886         8.00
       8.311     0.887500         7988         8.89
       8.383     0.900000         8101        10.00
       8.479     0.912500         8218        11.43
       8.583     0.925000         8328        13.33
       8.719     0.937500         8437        16.00
       8.791     0.943750         8497        17.78
       8.847     0.950000         8549        20.00
       8.959     0.956250         8608        22.86
       9.063     0.962500         8661        26.67
       9.175     0.968750         8720        32.00
       9.223     0.971875         8746        35.56
       9.271     0.975000         8775        40.00
       9.343     0.978125         8802        45.71
       9.423     0.981250         8830        53.33
       9.511     0.984375         8860        64.00
       9.567     0.985938         8874        71.11
       9.599     0.987500         8888        80.00
       9.655     0.989062         8900        91.43
       9.727     0.990625         8916       106.67
       9.767     0.992188         8928       128.00
       9.807     0.992969         8937       142.22
       9.847     0.993750         8943       160.00
       9.887     0.994531         8949       182.86
       9.927     0.995313         8957       213.33
       9.967     0.996094         8963       256.00
      10.031     0.996484         8968       284.44
      10.055     0.996875         8970       320.00
      10.095     0.997266         8974       365.71
      10.167     0.997656         8977       426.67
      10.247     0.998047         8981       512.00
      10.375     0.998242         8983       568.89
      10.447     0.998437         8984       640.00
      10.879     0.998633         8986       731.43
      14.823     0.998828         8988       853.33
      18.351     0.999023         8990      1024.00
      18.575     0.999121         8991      1137.78
      18.575     0.999219         8991      1280.00
      19.791     0.999316         8992      1462.86
      20.959     0.999414         8993      1706.67
      21.695     0.999512         8994      2048.00
      21.711     0.999561         8995      2275.56
      21.711     0.999609         8995      2560.00
      21.711     0.999658         8995      2925.71
      22.623     0.999707         8996      3413.33
      22.623     0.999756         8996      4096.00
      24.095     0.999780         8997      4551.11
      24.095     0.999805         8997      5120.00
      24.095     0.999829         8997      5851.43
      24.095     0.999854         8997      6826.67
      24.095     0.999878         8997      8192.00
      27.615     0.999890         8998      9102.22
      27.615     1.000000         8998          inf
#[Mean    =        7.373, StdDeviation   =        0.932]
#[Max     =       27.600, Total count    =         8998]
#[Buckets =           27, SubBuckets     =         2048]
-----------------------------------------------------------------------
  9992 requests in 1.67m, 1.55MB read
Requests/sec:     99.91  
Transfer/sec:     15.86KB

=== rps=2000 c=200 t=20 url=http://10.10.1.1:35677 ===
setup: assigned thread_id=1
init: final thread_id=1, base_seed=nil
setup: assigned thread_id=2
init: final thread_id=2, base_seed=nil
setup: assigned thread_id=3
init: final thread_id=3, base_seed=nil
setup: assigned thread_id=4
init: final thread_id=4, base_seed=nil
setup: assigned thread_id=5
init: final thread_id=5, base_seed=nil
setup: assigned thread_id=6
init: final thread_id=6, base_seed=nil
setup: assigned thread_id=7
init: final thread_id=7, base_seed=nil
setup: assigned thread_id=8
init: final thread_id=8, base_seed=nil
setup: assigned thread_id=9
init: final thread_id=9, base_seed=nil
setup: assigned thread_id=10
init: final thread_id=10, base_seed=nil
setup: assigned thread_id=11
init: final thread_id=11, base_seed=nil
setup: assigned thread_id=12
init: final thread_id=12, base_seed=nil
setup: assigned thread_id=13
init: final thread_id=13, base_seed=nil
setup: assigned thread_id=14
init: final thread_id=14, base_seed=nil
setup: assigned thread_id=15
init: final thread_id=15, base_seed=nil
setup: assigned thread_id=16
init: final thread_id=16, base_seed=nil
setup: assigned thread_id=17
init: final thread_id=17, base_seed=nil
setup: assigned thread_id=18
init: final thread_id=18, base_seed=nil
setup: assigned thread_id=19
init: final thread_id=19, base_seed=nil
setup: assigned thread_id=20
init: final thread_id=20, base_seed=nil
script_want_response
Running 1m test @ http://10.10.1.1:35677
  20 threads and 200 connections

  Thread calibration: mean lat.: 19.930ms, rate sampling interval: 53ms
  Thread calibration: mean lat.: 19.785ms, rate sampling interval: 53ms
  Thread calibration: mean lat.: 18.999ms, rate sampling interval: 52ms
  Thread calibration: mean lat.: 17.387ms, rate sampling interval: 50ms
  Thread calibration: mean lat.: 16.692ms, rate sampling interval: 48ms
  Thread calibration: mean lat.: 16.288ms, rate sampling interval: 47ms
  Thread calibration: mean lat.: 15.053ms, rate sampling interval: 45ms
  Thread calibration: mean lat.: 14.607ms, rate sampling interval: 42ms
  Thread calibration: mean lat.: 13.285ms, rate sampling interval: 37ms
  Thread calibration: mean lat.: 12.628ms, rate sampling interval: 33ms
  Thread calibration: mean lat.: 11.836ms, rate sampling interval: 30ms
  Thread calibration: mean lat.: 12.342ms, rate sampling interval: 34ms
  Thread calibration: mean lat.: 13.222ms, rate sampling interval: 38ms
  Thread calibration: mean lat.: 12.937ms, rate sampling interval: 40ms
  Thread calibration: mean lat.: 13.136ms, rate sampling interval: 42ms
  Thread calibration: mean lat.: 17.718ms, rate sampling interval: 53ms
  Thread calibration: mean lat.: 18.444ms, rate sampling interval: 53ms
  Thread calibration: mean lat.: 18.658ms, rate sampling interval: 53ms
  Thread calibration: mean lat.: 19.063ms, rate sampling interval: 53ms
  Thread calibration: mean lat.: 19.427ms, rate sampling interval: 53ms

-----------------------------------------------------------------------
Test Results @ http://10.10.1.1:35677 
  Thread Stats   Avg      Stdev     99%   +/- Stdev
    Latency    18.31ms    8.00ms  45.95ms   73.44%
    Req/Sec   100.93     81.83   277.00     51.81%
  Latency Distribution (HdrHistogram - Recorded Latency)
 50.000%   16.94ms
 75.000%   22.54ms
 90.000%   27.66ms
 99.000%   45.95ms
 99.900%   65.09ms
 99.990%   69.38ms
 99.999%   70.53ms
100.000%   71.81ms

  Detailed Percentile spectrum:
       Value   Percentile   TotalCount 1/(1-Percentile)

       6.535     0.000000            1         1.00
       9.711     0.100000        10026         1.11
      11.415     0.200000        19985         1.25
      13.287     0.300000        29996         1.43
      14.903     0.400000        39968         1.67
      16.943     0.500000        50002         2.00
      18.031     0.550000        54979         2.22
      19.103     0.600000        60006         2.50
      20.223     0.650000        65011         2.86
      21.359     0.700000        69990         3.33
      22.543     0.750000        75010         4.00
      23.167     0.775000        77465         4.44
      23.855     0.800000        79984         5.00
      24.607     0.825000        82486         5.71
      25.471     0.850000        84949         6.67
      26.447     0.875000        87456         8.00
      26.991     0.887500        88692         8.89
      27.663     0.900000        89929        10.00
      28.431     0.912500        91186        11.43
      29.391     0.925000        92428        13.33
      30.591     0.937500        93674        16.00
      31.263     0.943750        94303        17.78
      32.079     0.950000        94925        20.00
      33.055     0.956250        95557        22.86
      34.335     0.962500        96172        26.67
      35.999     0.968750        96797        32.00
      36.991     0.971875        97108        35.56
      38.207     0.975000        97421        40.00
      39.327     0.978125        97733        45.71
      40.575     0.981250        98041        53.33
      42.143     0.984375        98353        64.00
      42.911     0.985938        98509        71.11
      43.935     0.987500        98668        80.00
      45.087     0.989062        98824        91.43
      46.463     0.990625        98978       106.67
      48.543     0.992188        99134       128.00
      49.887     0.992969        99212       142.22
      50.943     0.993750        99291       160.00
      52.287     0.994531        99368       182.86
      53.887     0.995313        99446       213.33
      56.895     0.996094        99524       256.00
      58.655     0.996484        99563       284.44
      59.615     0.996875        99602       320.00
      60.607     0.997266        99641       365.71
      61.343     0.997656        99680       426.67
      62.367     0.998047        99719       512.00
      62.911     0.998242        99739       568.89
      63.487     0.998437        99758       640.00
      64.191     0.998633        99778       731.43
      64.671     0.998828        99797       853.33
      65.151     0.999023        99817      1024.00
      65.407     0.999121        99827      1137.78
      65.855     0.999219        99839      1280.00
      66.175     0.999316        99847      1462.86
      66.623     0.999414        99857      1706.67
      66.943     0.999512        99869      2048.00
      67.007     0.999561        99871      2275.56
      67.135     0.999609        99876      2560.00
      67.327     0.999658        99881      2925.71
      67.519     0.999707        99885      3413.33
      67.711     0.999756        99890      4096.00
      67.903     0.999780        99893      4551.11
      68.031     0.999805        99896      5120.00
      68.095     0.999829        99897      5851.43
      68.543     0.999854        99901      6826.67
      68.799     0.999878        99902      8192.00
      69.375     0.999890        99904      9102.22
      69.567     0.999902        99905     10240.00
      69.695     0.999915        99907     11702.86
      69.695     0.999927        99907     13653.33
      69.759     0.999939        99908     16384.00
      69.823     0.999945        99910     18204.44
      69.823     0.999951        99910     20480.00
      69.823     0.999957        99910     23405.71
      69.951     0.999963        99911     27306.67
      69.951     0.999969        99911     32768.00
      70.079     0.999973        99912     36408.89
      70.079     0.999976        99912     40960.00
      70.079     0.999979        99912     46811.43
      70.527     0.999982        99913     54613.33
      70.527     0.999985        99913     65536.00
      70.527     0.999986        99913     72817.78
      70.527     0.999988        99913     81920.00
      70.527     0.999989        99913     93622.86
      71.807     0.999991        99914    109226.67
      71.807     1.000000        99914          inf
#[Mean    =       18.308, StdDeviation   =        8.001]
#[Max     =       71.744, Total count    =        99914]
#[Buckets =           27, SubBuckets     =         2048]
-----------------------------------------------------------------------
  119724 requests in 1.00m, 18.57MB read
Requests/sec:   1997.95  
Transfer/sec:    317.30KB

=== rps=2200 c=242 t=25 url=http://10.10.1.1:35677 ===
setup: assigned thread_id=1
init: final thread_id=1, base_seed=nil
setup: assigned thread_id=2
init: final thread_id=2, base_seed=nil
setup: assigned thread_id=3
init: final thread_id=3, base_seed=nil
setup: assigned thread_id=4
init: final thread_id=4, base_seed=nil
setup: assigned thread_id=5
init: final thread_id=5, base_seed=nil
setup: assigned thread_id=6
init: final thread_id=6, base_seed=nil
setup: assigned thread_id=7
init: final thread_id=7, base_seed=nil
setup: assigned thread_id=8
init: final thread_id=8, base_seed=nil
setup: assigned thread_id=9
init: final thread_id=9, base_seed=nil
setup: assigned thread_id=10
init: final thread_id=10, base_seed=nil
setup: assigned thread_id=11
init: final thread_id=11, base_seed=nil
setup: assigned thread_id=12
init: final thread_id=12, base_seed=nil
setup: assigned thread_id=13
init: final thread_id=13, base_seed=nil
setup: assigned thread_id=14
init: final thread_id=14, base_seed=nil
setup: assigned thread_id=15
init: final thread_id=15, base_seed=nil
setup: assigned thread_id=16
init: final thread_id=16, base_seed=nil
setup: assigned thread_id=17
init: final thread_id=17, base_seed=nil
setup: assigned thread_id=18
init: final thread_id=18, base_seed=nil
setup: assigned thread_id=19
init: final thread_id=19, base_seed=nil
setup: assigned thread_id=20
init: final thread_id=20, base_seed=nil
setup: assigned thread_id=21
init: final thread_id=21, base_seed=nil
setup: assigned thread_id=22
init: final thread_id=22, base_seed=nil
setup: assigned thread_id=23
init: final thread_id=23, base_seed=nil
setup: assigned thread_id=24
init: final thread_id=24, base_seed=nil
setup: assigned thread_id=25
init: final thread_id=25, base_seed=nil
script_want_response
Running 1m test @ http://10.10.1.1:35677
  25 threads and 242 connections

  Thread calibration: mean lat.: 29.328ms, rate sampling interval: 88ms
  Thread calibration: mean lat.: 30.146ms, rate sampling interval: 87ms
  Thread calibration: mean lat.: 30.553ms, rate sampling interval: 85ms
  Thread calibration: mean lat.: 27.014ms, rate sampling interval: 81ms
  Thread calibration: mean lat.: 25.249ms, rate sampling interval: 78ms
  Thread calibration: mean lat.: 25.033ms, rate sampling interval: 75ms
  Thread calibration: mean lat.: 23.135ms, rate sampling interval: 71ms
  Thread calibration: mean lat.: 19.739ms, rate sampling interval: 66ms
  Thread calibration: mean lat.: 19.285ms, rate sampling interval: 63ms
  Thread calibration: mean lat.: 17.686ms, rate sampling interval: 60ms
  Thread calibration: mean lat.: 16.280ms, rate sampling interval: 51ms
  Thread calibration: mean lat.: 13.915ms, rate sampling interval: 37ms
  Thread calibration: mean lat.: 14.177ms, rate sampling interval: 38ms
  Thread calibration: mean lat.: 14.211ms, rate sampling interval: 40ms
  Thread calibration: mean lat.: 14.407ms, rate sampling interval: 41ms
  Thread calibration: mean lat.: 14.871ms, rate sampling interval: 43ms
  Thread calibration: mean lat.: 21.417ms, rate sampling interval: 73ms
  Thread calibration: mean lat.: 23.255ms, rate sampling interval: 77ms
  Thread calibration: mean lat.: 25.291ms, rate sampling interval: 80ms
  Thread calibration: mean lat.: 26.349ms, rate sampling interval: 82ms
  Thread calibration: mean lat.: 28.235ms, rate sampling interval: 86ms
  Thread calibration: mean lat.: 29.376ms, rate sampling interval: 89ms
  Thread calibration: mean lat.: 30.150ms, rate sampling interval: 89ms
  Thread calibration: mean lat.: 30.830ms, rate sampling interval: 87ms
  Thread calibration: mean lat.: 30.576ms, rate sampling interval: 83ms

-----------------------------------------------------------------------
Test Results @ http://10.10.1.1:35677 
  Thread Stats   Avg      Stdev     99%   +/- Stdev
    Latency    24.41ms   11.33ms  55.62ms   65.35%
    Req/Sec    88.37     47.78   186.00     67.61%
  Latency Distribution (HdrHistogram - Recorded Latency)
 50.000%   23.06ms
 75.000%   32.54ms
 90.000%   39.10ms
 99.000%   55.62ms
 99.900%   66.94ms
 99.990%   96.32ms
 99.999%  106.94ms
100.000%  158.98ms

  Detailed Percentile spectrum:
       Value   Percentile   TotalCount 1/(1-Percentile)

       7.023     0.000000            1         1.00
      11.111     0.100000        11013         1.11
      13.455     0.200000        21994         1.25
      15.847     0.300000        32982         1.43
      18.799     0.400000        43971         1.67
      23.055     0.500000        54944         2.00
      25.247     0.550000        60427         2.22
      27.279     0.600000        65954         2.50
      29.119     0.650000        71426         2.86
      30.831     0.700000        76940         3.33
      32.543     0.750000        82413         4.00
      33.439     0.775000        85205         4.44
      34.335     0.800000        87924         5.00
      35.295     0.825000        90695         5.71
      36.351     0.850000        93410         6.67
      37.599     0.875000        96185         8.00
      38.303     0.887500        97525         8.89
      39.103     0.900000        98888        10.00
      39.999     0.912500       100266        11.43
      41.023     0.925000       101638        13.33
      42.271     0.937500       103022        16.00
      42.975     0.943750       103691        17.78
      43.807     0.950000       104373        20.00
      44.767     0.956250       105061        22.86
      45.791     0.962500       105756        26.67
      46.975     0.968750       106435        32.00
      47.711     0.971875       106789        35.56
      48.543     0.975000       107129        40.00
      49.631     0.978125       107466        45.71
      50.975     0.981250       107811        53.33
      52.351     0.984375       108154        64.00
      53.151     0.985938       108329        71.11
      53.951     0.987500       108493        80.00
      55.039     0.989062       108672        91.43
      56.095     0.990625       108839       106.67
      57.471     0.992188       109009       128.00
      58.111     0.992969       109095       142.22
      58.847     0.993750       109182       160.00
      59.583     0.994531       109266       182.86
      60.287     0.995313       109356       213.33
      60.991     0.996094       109439       256.00
      61.439     0.996484       109481       284.44
      61.951     0.996875       109526       320.00
      62.527     0.997266       109568       365.71
      63.103     0.997656       109612       426.67
      63.903     0.998047       109654       512.00
      64.127     0.998242       109673       568.89
      64.767     0.998437       109695       640.00
      65.599     0.998633       109718       731.43
      66.047     0.998828       109738       853.33
      67.071     0.999023       109759      1024.00
      67.839     0.999121       109770      1137.78
      76.159     0.999219       109781      1280.00
      80.191     0.999316       109791      1462.86
      82.751     0.999414       109802      1706.67
      84.735     0.999512       109813      2048.00
      85.695     0.999561       109818      2275.56
      88.383     0.999609       109824      2560.00
      89.471     0.999658       109830      2925.71
      89.855     0.999707       109834      3413.33
      91.391     0.999756       109840      4096.00
      91.967     0.999780       109843      4551.11
      92.223     0.999805       109845      5120.00
      94.207     0.999829       109848      5851.43
      94.783     0.999854       109850      6826.67
      96.127     0.999878       109853      8192.00
      96.191     0.999890       109854      9102.22
      96.511     0.999902       109856     10240.00
      97.023     0.999915       109857     11702.86
      97.535     0.999927       109858     13653.33
     102.207     0.999939       109860     16384.00
     102.207     0.999945       109860     18204.44
     103.871     0.999951       109861     20480.00
     105.087     0.999957       109862     23405.71
     105.087     0.999963       109862     27306.67
     106.879     0.999969       109863     32768.00
     106.879     0.999973       109863     36408.89
     106.943     0.999976       109865     40960.00
     106.943     0.999979       109865     46811.43
     106.943     0.999982       109865     54613.33
     106.943     0.999985       109865     65536.00
     106.943     0.999986       109865     72817.78
     106.943     0.999988       109865     81920.00
     106.943     0.999989       109865     93622.86
     106.943     0.999991       109865    109226.67
     158.975     0.999992       109866    131072.00
     158.975     1.000000       109866          inf
#[Mean    =       24.411, StdDeviation   =       11.332]
#[Max     =      158.848, Total count    =       109866]
#[Buckets =           27, SubBuckets     =         2048]
-----------------------------------------------------------------------
  131713 requests in 1.00m, 20.42MB read
Requests/sec:   2197.26  
Transfer/sec:    348.83KB

=== rps=2400 c=288 t=29 url=http://10.10.1.1:35677 ===
setup: assigned thread_id=1
init: final thread_id=1, base_seed=nil
setup: assigned thread_id=2
init: final thread_id=2, base_seed=nil
setup: assigned thread_id=3
init: final thread_id=3, base_seed=nil
setup: assigned thread_id=4
init: final thread_id=4, base_seed=nil
setup: assigned thread_id=5
init: final thread_id=5, base_seed=nil
setup: assigned thread_id=6
init: final thread_id=6, base_seed=nil
setup: assigned thread_id=7
init: final thread_id=7, base_seed=nil
setup: assigned thread_id=8
init: final thread_id=8, base_seed=nil
setup: assigned thread_id=9
init: final thread_id=9, base_seed=nil
setup: assigned thread_id=10
init: final thread_id=10, base_seed=nil
setup: assigned thread_id=11
init: final thread_id=11, base_seed=nil
setup: assigned thread_id=12
init: final thread_id=12, base_seed=nil
setup: assigned thread_id=13
init: final thread_id=13, base_seed=nil
setup: assigned thread_id=14
init: final thread_id=14, base_seed=nil
setup: assigned thread_id=15
init: final thread_id=15, base_seed=nil
setup: assigned thread_id=16
init: final thread_id=16, base_seed=nil
setup: assigned thread_id=17
init: final thread_id=17, base_seed=nil
setup: assigned thread_id=18
init: final thread_id=18, base_seed=nil
setup: assigned thread_id=19
init: final thread_id=19, base_seed=nil
setup: assigned thread_id=20
init: final thread_id=20, base_seed=nil
setup: assigned thread_id=21
init: final thread_id=21, base_seed=nil
setup: assigned thread_id=22
init: final thread_id=22, base_seed=nil
setup: assigned thread_id=23
init: final thread_id=23, base_seed=nil
setup: assigned thread_id=24
init: final thread_id=24, base_seed=nil
setup: assigned thread_id=25
init: final thread_id=25, base_seed=nil
setup: assigned thread_id=26
init: final thread_id=26, base_seed=nil
setup: assigned thread_id=27
init: final thread_id=27, base_seed=nil
setup: assigned thread_id=28
init: final thread_id=28, base_seed=nil
setup: assigned thread_id=29
init: final thread_id=29, base_seed=nil
script_want_response
Running 1m test @ http://10.10.1.1:35677
  29 threads and 288 connections

  Thread calibration: mean lat.: 21.989ms, rate sampling interval: 73ms
  Thread calibration: mean lat.: 21.722ms, rate sampling interval: 72ms
  Thread calibration: mean lat.: 20.598ms, rate sampling interval: 70ms
  Thread calibration: mean lat.: 20.436ms, rate sampling interval: 67ms
  Thread calibration: mean lat.: 18.742ms, rate sampling interval: 63ms
  Thread calibration: mean lat.: 18.205ms, rate sampling interval: 60ms
  Thread calibration: mean lat.: 17.982ms, rate sampling interval: 58ms
  Thread calibration: mean lat.: 17.221ms, rate sampling interval: 55ms
  Thread calibration: mean lat.: 15.934ms, rate sampling interval: 47ms
  Thread calibration: mean lat.: 15.692ms, rate sampling interval: 45ms
  Thread calibration: mean lat.: 14.155ms, rate sampling interval: 39ms
  Thread calibration: mean lat.: 13.940ms, rate sampling interval: 38ms
  Thread calibration: mean lat.: 14.056ms, rate sampling interval: 39ms
  Thread calibration: mean lat.: 9.423ms, rate sampling interval: 21ms
  Thread calibration: mean lat.: 13.710ms, rate sampling interval: 37ms
  Thread calibration: mean lat.: 13.828ms, rate sampling interval: 39ms
  Thread calibration: mean lat.: 19.728ms, rate sampling interval: 69ms
  Thread calibration: mean lat.: 21.163ms, rate sampling interval: 74ms
  Thread calibration: mean lat.: 22.877ms, rate sampling interval: 76ms
  Thread calibration: mean lat.: 23.794ms, rate sampling interval: 76ms
  Thread calibration: mean lat.: 24.612ms, rate sampling interval: 76ms
  Thread calibration: mean lat.: 25.461ms, rate sampling interval: 77ms
  Thread calibration: mean lat.: 26.185ms, rate sampling interval: 77ms
  Thread calibration: mean lat.: 26.726ms, rate sampling interval: 78ms
  Thread calibration: mean lat.: 23.856ms, rate sampling interval: 73ms
  Thread calibration: mean lat.: 22.767ms, rate sampling interval: 71ms
  Thread calibration: mean lat.: 22.882ms, rate sampling interval: 71ms
  Thread calibration: mean lat.: 24.041ms, rate sampling interval: 82ms
  Thread calibration: mean lat.: 19.711ms, rate sampling interval: 66ms

-----------------------------------------------------------------------
Test Results @ http://10.10.1.1:35677 
  Thread Stats   Avg      Stdev     99%   +/- Stdev
    Latency    19.95ms   11.65ms  51.94ms   82.08%
    Req/Sec    82.55     78.34   428.00     65.42%
  Latency Distribution (HdrHistogram - Recorded Latency)
 50.000%   17.28ms
 75.000%   25.42ms
 90.000%   33.53ms
 99.000%   51.94ms
 99.900%   93.76ms
 99.990%  311.55ms
 99.999%  356.35ms
100.000%  362.49ms

  Detailed Percentile spectrum:
       Value   Percentile   TotalCount 1/(1-Percentile)

       6.475     0.000000            1         1.00
       9.287     0.100000        11916         1.11
      11.223     0.200000        23774         1.25
      13.071     0.300000        35629         1.43
      14.991     0.400000        47532         1.67
      17.279     0.500000        59380         2.00
      18.591     0.550000        65339         2.22
      20.079     0.600000        71292         2.50
      21.599     0.650000        77187         2.86
      23.343     0.700000        83160         3.33
      25.423     0.750000        89070         4.00
      26.527     0.775000        92061         4.44
      27.663     0.800000        95003         5.00
      28.911     0.825000        97983         5.71
      30.239     0.850000       100957         6.67
      31.679     0.875000       103913         8.00
      32.559     0.887500       105397         8.89
      33.535     0.900000       106893        10.00
      34.559     0.912500       108367        11.43
      35.743     0.925000       109868        13.33
      37.183     0.937500       111342        16.00
      38.047     0.943750       112086        17.78
      38.975     0.950000       112826        20.00
      39.967     0.956250       113557        22.86
      41.183     0.962500       114317        26.67
      42.591     0.968750       115040        32.00
      43.455     0.971875       115418        35.56
      44.447     0.975000       115782        40.00
      45.535     0.978125       116154        45.71
      46.815     0.981250       116526        53.33
      48.223     0.984375       116896        64.00
      49.119     0.985938       117088        71.11
      50.111     0.987500       117264        80.00
      51.199     0.989062       117455        91.43
      52.479     0.990625       117636       106.67
      53.983     0.992188       117823       128.00
      54.911     0.992969       117915       142.22
      55.935     0.993750       118007       160.00
      57.119     0.994531       118099       182.86
      58.783     0.995313       118193       213.33
      61.087     0.996094       118286       256.00
      62.463     0.996484       118331       284.44
      64.767     0.996875       118377       320.00
      66.431     0.997266       118425       365.71
      68.095     0.997656       118471       426.67
      70.015     0.998047       118518       512.00
      71.615     0.998242       118540       568.89
      75.199     0.998437       118563       640.00
      81.151     0.998633       118586       731.43
      90.879     0.998828       118609       853.33
      94.015     0.999023       118634      1024.00
      96.255     0.999121       118644      1137.78
     109.375     0.999219       118656      1280.00
     122.495     0.999316       118667      1462.86
     171.647     0.999414       118679      1706.67
     187.647     0.999512       118691      2048.00
     191.103     0.999561       118696      2275.56
     213.375     0.999609       118702      2560.00
     230.399     0.999658       118708      2925.71
     235.903     0.999707       118714      3413.33
     242.303     0.999756       118720      4096.00
     246.783     0.999780       118722      4551.11
     273.663     0.999805       118725      5120.00
     280.063     0.999829       118728      5851.43
     293.887     0.999854       118731      6826.67
     310.783     0.999878       118734      8192.00
     311.039     0.999890       118735      9102.22
     311.807     0.999902       118737     10240.00
     313.343     0.999915       118739     11702.86
     314.623     0.999927       118740     13653.33
     316.415     0.999939       118741     16384.00
     316.927     0.999945       118742     18204.44
     321.023     0.999951       118743     20480.00
     321.023     0.999957       118743     23405.71
     323.071     0.999963       118745     27306.67
     323.071     0.999969       118745     32768.00
     323.071     0.999973       118745     36408.89
     354.303     0.999976       118746     40960.00
     354.303     0.999979       118746     46811.43
     354.303     0.999982       118746     54613.33
     356.351     0.999985       118747     65536.00
     356.351     0.999986       118747     72817.78
     356.351     0.999988       118747     81920.00
     356.351     0.999989       118747     93622.86
     356.351     0.999991       118747    109226.67
     362.495     0.999992       118748    131072.00
     362.495     1.000000       118748          inf
#[Mean    =       19.951, StdDeviation   =       11.654]
#[Max     =      362.240, Total count    =       118748]
#[Buckets =           27, SubBuckets     =         2048]
-----------------------------------------------------------------------
  142174 requests in 1.00m, 22.05MB read
Requests/sec:   2371.64  
Transfer/sec:    376.61KB

=== rps=2600 c=338 t=34 url=http://10.10.1.1:35677 ===
setup: assigned thread_id=1
init: final thread_id=1, base_seed=nil
setup: assigned thread_id=2
init: final thread_id=2, base_seed=nil
setup: assigned thread_id=3
init: final thread_id=3, base_seed=nil
setup: assigned thread_id=4
init: final thread_id=4, base_seed=nil
setup: assigned thread_id=5
init: final thread_id=5, base_seed=nil
setup: assigned thread_id=6
init: final thread_id=6, base_seed=nil
setup: assigned thread_id=7
init: final thread_id=7, base_seed=nil
setup: assigned thread_id=8
init: final thread_id=8, base_seed=nil
setup: assigned thread_id=9
init: final thread_id=9, base_seed=nil
setup: assigned thread_id=10
init: final thread_id=10, base_seed=nil
setup: assigned thread_id=11
init: final thread_id=11, base_seed=nil
setup: assigned thread_id=12
init: final thread_id=12, base_seed=nil
setup: assigned thread_id=13
init: final thread_id=13, base_seed=nil
setup: assigned thread_id=14
init: final thread_id=14, base_seed=nil
setup: assigned thread_id=15
init: final thread_id=15, base_seed=nil
setup: assigned thread_id=16
init: final thread_id=16, base_seed=nil
setup: assigned thread_id=17
init: final thread_id=17, base_seed=nil
setup: assigned thread_id=18
init: final thread_id=18, base_seed=nil
setup: assigned thread_id=19
init: final thread_id=19, base_seed=nil
setup: assigned thread_id=20
init: final thread_id=20, base_seed=nil
setup: assigned thread_id=21
init: final thread_id=21, base_seed=nil
setup: assigned thread_id=22
init: final thread_id=22, base_seed=nil
setup: assigned thread_id=23
init: final thread_id=23, base_seed=nil
setup: assigned thread_id=24
init: final thread_id=24, base_seed=nil
setup: assigned thread_id=25
init: final thread_id=25, base_seed=nil
setup: assigned thread_id=26
init: final thread_id=26, base_seed=nil
setup: assigned thread_id=27
init: final thread_id=27, base_seed=nil
setup: assigned thread_id=28
init: final thread_id=28, base_seed=nil
setup: assigned thread_id=29
init: final thread_id=29, base_seed=nil
setup: assigned thread_id=30
init: final thread_id=30, base_seed=nil
setup: assigned thread_id=31
init: final thread_id=31, base_seed=nil
setup: assigned thread_id=32
init: final thread_id=32, base_seed=nil
setup: assigned thread_id=33
init: final thread_id=33, base_seed=nil
setup: assigned thread_id=34
init: final thread_id=34, base_seed=nil
script_want_response
Running 1m test @ http://10.10.1.1:35677
  34 threads and 338 connections

  Thread calibration: mean lat.: 15.079ms, rate sampling interval: 51ms
  Thread calibration: mean lat.: 15.673ms, rate sampling interval: 51ms
  Thread calibration: mean lat.: 15.760ms, rate sampling interval: 50ms
  Thread calibration: mean lat.: 16.135ms, rate sampling interval: 51ms
  Thread calibration: mean lat.: 16.435ms, rate sampling interval: 51ms
  Thread calibration: mean lat.: 16.300ms, rate sampling interval: 51ms
  Thread calibration: mean lat.: 16.849ms, rate sampling interval: 50ms
  Thread calibration: mean lat.: 16.817ms, rate sampling interval: 50ms
  Thread calibration: mean lat.: 17.187ms, rate sampling interval: 49ms
  Thread calibration: mean lat.: 17.184ms, rate sampling interval: 49ms
  Thread calibration: mean lat.: 16.640ms, rate sampling interval: 45ms
  Thread calibration: mean lat.: 16.624ms, rate sampling interval: 45ms
  Thread calibration: mean lat.: 16.827ms, rate sampling interval: 45ms
  Thread calibration: mean lat.: 16.293ms, rate sampling interval: 44ms
  Thread calibration: mean lat.: 17.190ms, rate sampling interval: 46ms
  Thread calibration: mean lat.: 17.641ms, rate sampling interval: 49ms
  Thread calibration: mean lat.: 25.157ms, rate sampling interval: 76ms
  Thread calibration: mean lat.: 26.355ms, rate sampling interval: 76ms
  Thread calibration: mean lat.: 27.338ms, rate sampling interval: 76ms
  Thread calibration: mean lat.: 28.375ms, rate sampling interval: 76ms
  Thread calibration: mean lat.: 28.670ms, rate sampling interval: 75ms
  Thread calibration: mean lat.: 28.096ms, rate sampling interval: 75ms
  Thread calibration: mean lat.: 27.945ms, rate sampling interval: 73ms
  Thread calibration: mean lat.: 26.907ms, rate sampling interval: 72ms
  Thread calibration: mean lat.: 25.134ms, rate sampling interval: 71ms
  Thread calibration: mean lat.: 24.923ms, rate sampling interval: 70ms
  Thread calibration: mean lat.: 24.174ms, rate sampling interval: 67ms
  Thread calibration: mean lat.: 22.668ms, rate sampling interval: 66ms
  Thread calibration: mean lat.: 23.038ms, rate sampling interval: 65ms
  Thread calibration: mean lat.: 22.320ms, rate sampling interval: 64ms
  Thread calibration: mean lat.: 22.121ms, rate sampling interval: 59ms
  Thread calibration: mean lat.: 21.993ms, rate sampling interval: 58ms
  Thread calibration: mean lat.: 21.481ms, rate sampling interval: 56ms
  Thread calibration: mean lat.: 21.087ms, rate sampling interval: 55ms

-----------------------------------------------------------------------
Test Results @ http://10.10.1.1:35677 
  Thread Stats   Avg      Stdev     99%   +/- Stdev
    Latency    22.06ms   19.88ms  58.81ms   95.91%
    Req/Sec    76.36     60.68   200.00     56.85%
  Latency Distribution (HdrHistogram - Recorded Latency)
 50.000%   19.25ms
 75.000%   26.21ms
 90.000%   34.40ms
 99.000%   58.81ms
 99.900%  342.27ms
 99.990%  647.17ms
 99.999%  815.10ms
100.000%  815.10ms

  Detailed Percentile spectrum:
       Value   Percentile   TotalCount 1/(1-Percentile)

       7.015     0.000000            1         1.00
      10.863     0.100000        12914         1.11
      13.015     0.200000        25838         1.25
      15.063     0.300000        38724         1.43
      17.103     0.400000        51603         1.67
      19.247     0.500000        64544         2.00
      20.415     0.550000        70987         2.22
      21.679     0.600000        77412         2.50
      23.039     0.650000        83875         2.86
      24.527     0.700000        90314         3.33
      26.207     0.750000        96763         4.00
      27.151     0.775000        99970         4.44
      28.207     0.800000       103195         5.00
      29.359     0.825000       106419         5.71
      30.719     0.850000       109646         6.67
      32.367     0.875000       112885         8.00
      33.375     0.887500       114528         8.89
      34.399     0.900000       116121        10.00
      35.583     0.912500       117711        11.43
      36.895     0.925000       119336        13.33
      38.463     0.937500       120951        16.00
      39.263     0.943750       121732        17.78
      40.255     0.950000       122538        20.00
      41.375     0.956250       123344        22.86
      42.687     0.962500       124160        26.67
      44.159     0.968750       124950        32.00
      45.343     0.971875       125365        35.56
      46.783     0.975000       125762        40.00
      48.575     0.978125       126164        45.71
      50.399     0.981250       126570        53.33
      52.415     0.984375       126966        64.00
      53.727     0.985938       127167        71.11
      55.071     0.987500       127370        80.00
      56.927     0.989062       127572        91.43
      60.287     0.990625       127771       106.67
      63.039     0.992188       127975       128.00
      64.319     0.992969       128074       142.22
      66.815     0.993750       128174       160.00
      70.207     0.994531       128276       182.86
      73.407     0.995313       128378       213.33
      77.503     0.996094       128477       256.00
      79.935     0.996484       128527       284.44
      82.751     0.996875       128577       320.00
      88.575     0.997266       128628       365.71
     107.007     0.997656       128678       426.67
     151.551     0.998047       128729       512.00
     198.271     0.998242       128754       568.89
     244.223     0.998437       128779       640.00
     274.175     0.998633       128804       731.43
     303.359     0.998828       128829       853.33
     351.231     0.999023       128855      1024.00
     378.111     0.999121       128867      1137.78
     386.815     0.999219       128880      1280.00
     418.303     0.999316       128892      1462.86
     449.535     0.999414       128905      1706.67
     475.903     0.999512       128918      2048.00
     497.151     0.999561       128924      2275.56
     525.311     0.999609       128930      2560.00
     528.383     0.999658       128936      2925.71
     550.911     0.999707       128943      3413.33
     574.463     0.999756       128949      4096.00
     575.999     0.999780       128952      4551.11
     580.095     0.999805       128956      5120.00
     583.167     0.999829       128958      5851.43
     610.303     0.999854       128962      6826.67
     639.487     0.999878       128965      8192.00
     642.559     0.999890       128966      9102.22
     647.679     0.999902       128968     10240.00
     660.479     0.999915       128969     11702.86
     668.671     0.999927       128971     13653.33
     705.023     0.999939       128973     16384.00
     705.023     0.999945       128973     18204.44
     705.535     0.999951       128974     20480.00
     706.047     0.999957       128975     23405.71
     726.015     0.999963       128976     27306.67
     777.727     0.999969       128977     32768.00
     777.727     0.999973       128977     36408.89
     777.727     0.999976       128977     40960.00
     814.591     0.999979       128978     46811.43
     814.591     0.999982       128978     54613.33
     815.103     0.999985       128980     65536.00
     815.103     1.000000       128980          inf
#[Mean    =       22.061, StdDeviation   =       19.883]
#[Max     =      814.592, Total count    =       128980]
#[Buckets =           27, SubBuckets     =         2048]
-----------------------------------------------------------------------
  154670 requests in 1.00m, 23.98MB read
Requests/sec:   2580.81  
Transfer/sec:    409.81KB

=== rps=2800 c=392 t=40 url=http://10.10.1.1:35677 ===
setup: assigned thread_id=1
init: final thread_id=1, base_seed=nil
setup: assigned thread_id=2
init: final thread_id=2, base_seed=nil
setup: assigned thread_id=3
init: final thread_id=3, base_seed=nil
setup: assigned thread_id=4
init: final thread_id=4, base_seed=nil
setup: assigned thread_id=5
init: final thread_id=5, base_seed=nil
setup: assigned thread_id=6
init: final thread_id=6, base_seed=nil
setup: assigned thread_id=7
init: final thread_id=7, base_seed=nil
setup: assigned thread_id=8
init: final thread_id=8, base_seed=nil
setup: assigned thread_id=9
init: final thread_id=9, base_seed=nil
setup: assigned thread_id=10
init: final thread_id=10, base_seed=nil
setup: assigned thread_id=11
init: final thread_id=11, base_seed=nil
setup: assigned thread_id=12
init: final thread_id=12, base_seed=nil
setup: assigned thread_id=13
init: final thread_id=13, base_seed=nil
setup: assigned thread_id=14
init: final thread_id=14, base_seed=nil
setup: assigned thread_id=15
init: final thread_id=15, base_seed=nil
setup: assigned thread_id=16
init: final thread_id=16, base_seed=nil
setup: assigned thread_id=17
init: final thread_id=17, base_seed=nil
setup: assigned thread_id=18
init: final thread_id=18, base_seed=nil
setup: assigned thread_id=19
init: final thread_id=19, base_seed=nil
setup: assigned thread_id=20
init: final thread_id=20, base_seed=nil
setup: assigned thread_id=21
init: final thread_id=21, base_seed=nil
setup: assigned thread_id=22
init: final thread_id=22, base_seed=nil
setup: assigned thread_id=23
init: final thread_id=23, base_seed=nil
setup: assigned thread_id=24
init: final thread_id=24, base_seed=nil
setup: assigned thread_id=25
init: final thread_id=25, base_seed=nil
setup: assigned thread_id=26
init: final thread_id=26, base_seed=nil
setup: assigned thread_id=27
init: final thread_id=27, base_seed=nil
setup: assigned thread_id=28
init: final thread_id=28, base_seed=nil
setup: assigned thread_id=29
init: final thread_id=29, base_seed=nil
setup: assigned thread_id=30
init: final thread_id=30, base_seed=nil
setup: assigned thread_id=31
init: final thread_id=31, base_seed=nil
setup: assigned thread_id=32
init: final thread_id=32, base_seed=nil
setup: assigned thread_id=33
init: final thread_id=33, base_seed=nil
setup: assigned thread_id=34
init: final thread_id=34, base_seed=nil
setup: assigned thread_id=35
init: final thread_id=35, base_seed=nil
setup: assigned thread_id=36
init: final thread_id=36, base_seed=nil
setup: assigned thread_id=37
init: final thread_id=37, base_seed=nil
setup: assigned thread_id=38
init: final thread_id=38, base_seed=nil
setup: assigned thread_id=39
init: final thread_id=39, base_seed=nil
setup: assigned thread_id=40
init: final thread_id=40, base_seed=nil
script_want_response
Running 1m test @ http://10.10.1.1:35677
  40 threads and 392 connections

  Thread calibration: mean lat.: 35.319ms, rate sampling interval: 107ms
  Thread calibration: mean lat.: 35.017ms, rate sampling interval: 106ms
  Thread calibration: mean lat.: 34.840ms, rate sampling interval: 106ms
  Thread calibration: mean lat.: 35.243ms, rate sampling interval: 105ms
  Thread calibration: mean lat.: 35.681ms, rate sampling interval: 103ms
  Thread calibration: mean lat.: 36.538ms, rate sampling interval: 101ms
  Thread calibration: mean lat.: 37.174ms, rate sampling interval: 101ms
  Thread calibration: mean lat.: 37.637ms, rate sampling interval: 102ms
  Thread calibration: mean lat.: 38.069ms, rate sampling interval: 100ms
  Thread calibration: mean lat.: 38.165ms, rate sampling interval: 101ms
  Thread calibration: mean lat.: 30.817ms, rate sampling interval: 90ms
  Thread calibration: mean lat.: 29.914ms, rate sampling interval: 86ms
  Thread calibration: mean lat.: 28.351ms, rate sampling interval: 84ms
  Thread calibration: mean lat.: 25.221ms, rate sampling interval: 82ms
  Thread calibration: mean lat.: 23.057ms, rate sampling interval: 76ms
  Thread calibration: mean lat.: 22.951ms, rate sampling interval: 75ms
  Thread calibration: mean lat.: 28.300ms, rate sampling interval: 84ms
  Thread calibration: mean lat.: 29.413ms, rate sampling interval: 83ms
  Thread calibration: mean lat.: 30.494ms, rate sampling interval: 84ms
  Thread calibration: mean lat.: 31.515ms, rate sampling interval: 85ms
  Thread calibration: mean lat.: 32.529ms, rate sampling interval: 88ms
  Thread calibration: mean lat.: 32.892ms, rate sampling interval: 88ms
  Thread calibration: mean lat.: 35.708ms, rate sampling interval: 112ms
  Thread calibration: mean lat.: 36.126ms, rate sampling interval: 115ms
  Thread calibration: mean lat.: 37.508ms, rate sampling interval: 122ms
  Thread calibration: mean lat.: 39.369ms, rate sampling interval: 125ms
  Thread calibration: mean lat.: 41.205ms, rate sampling interval: 128ms
  Thread calibration: mean lat.: 43.005ms, rate sampling interval: 130ms
  Thread calibration: mean lat.: 43.396ms, rate sampling interval: 131ms
  Thread calibration: mean lat.: 47.053ms, rate sampling interval: 130ms
  Thread calibration: mean lat.: 47.033ms, rate sampling interval: 128ms
  Thread calibration: mean lat.: 46.846ms, rate sampling interval: 127ms
  Thread calibration: mean lat.: 47.221ms, rate sampling interval: 127ms
  Thread calibration: mean lat.: 47.180ms, rate sampling interval: 125ms
  Thread calibration: mean lat.: 47.147ms, rate sampling interval: 123ms
  Thread calibration: mean lat.: 47.553ms, rate sampling interval: 124ms
  Thread calibration: mean lat.: 47.431ms, rate sampling interval: 123ms
  Thread calibration: mean lat.: 47.848ms, rate sampling interval: 123ms
  Thread calibration: mean lat.: 47.862ms, rate sampling interval: 122ms
  Thread calibration: mean lat.: 47.721ms, rate sampling interval: 121ms

-----------------------------------------------------------------------
Test Results @ http://10.10.1.1:35677 
  Thread Stats   Avg      Stdev     99%   +/- Stdev
    Latency    33.88ms   17.73ms  88.57ms   69.59%
    Req/Sec    69.87     30.72   121.00     66.33%
  Latency Distribution (HdrHistogram - Recorded Latency)
 50.000%   30.98ms
 75.000%   43.62ms
 90.000%   57.95ms
 99.000%   88.57ms
 99.900%  124.29ms
 99.990%  136.83ms
 99.999%  137.98ms
100.000%  138.11ms

  Detailed Percentile spectrum:
       Value   Percentile   TotalCount 1/(1-Percentile)

       7.447     0.000000            1         1.00
      13.863     0.100000        13968         1.11
      18.143     0.200000        27923         1.25
      22.351     0.300000        41917         1.43
      26.751     0.400000        55851         1.67
      30.975     0.500000        69791         2.00
      33.151     0.550000        76783         2.22
      35.327     0.600000        83765         2.50
      37.727     0.650000        90727         2.86
      40.447     0.700000        97707         3.33
      43.615     0.750000       104682         4.00
      45.343     0.775000       108159         4.44
      47.295     0.800000       111669         5.00
      49.407     0.825000       115164         5.71
      51.871     0.850000       118629         6.67
      54.655     0.875000       122109         8.00
      56.319     0.887500       123869         8.89
      57.951     0.900000       125600        10.00
      59.743     0.912500       127346        11.43
      61.695     0.925000       129098        13.33
      63.871     0.937500       130850        16.00
      65.119     0.943750       131708        17.78
      66.559     0.950000       132603        20.00
      68.031     0.956250       133456        22.86
      69.823     0.962500       134325        26.67
      72.191     0.968750       135206        32.00
      73.471     0.971875       135636        35.56
      74.879     0.975000       136069        40.00
      76.415     0.978125       136506        45.71
      78.207     0.981250       136948        53.33
      80.255     0.984375       137379        64.00
      81.791     0.985938       137597        71.11
      83.839     0.987500       137810        80.00
      86.783     0.989062       138031        91.43
      89.983     0.990625       138246       106.67
      93.055     0.992188       138467       128.00
      94.591     0.992969       138576       142.22
      96.127     0.993750       138682       160.00
      98.367     0.994531       138794       182.86
     100.799     0.995313       138899       213.33
     103.871     0.996094       139008       256.00
     105.855     0.996484       139063       284.44
     109.247     0.996875       139118       320.00
     115.071     0.997266       139173       365.71
     117.695     0.997656       139227       426.67
     119.551     0.998047       139281       512.00
     120.511     0.998242       139309       568.89
     121.535     0.998437       139337       640.00
     122.367     0.998633       139365       731.43
     123.391     0.998828       139390       853.33
     124.415     0.999023       139417      1024.00
     124.927     0.999121       139431      1137.78
     125.631     0.999219       139446      1280.00
     126.655     0.999316       139458      1462.86
     129.151     0.999414       139472      1706.67
     130.367     0.999512       139486      2048.00
     130.815     0.999561       139493      2275.56
     131.199     0.999609       139500      2560.00
     131.711     0.999658       139506      2925.71
     132.479     0.999707       139516      3413.33
     132.991     0.999756       139519      4096.00
     134.911     0.999780       139523      4551.11
     135.295     0.999805       139526      5120.00
     135.935     0.999829       139532      5851.43
     136.063     0.999854       139533      6826.67
     136.319     0.999878       139536      8192.00
     136.575     0.999890       139538      9102.22
     136.831     0.999902       139540     10240.00
     136.959     0.999915       139542     11702.86
     137.087     0.999927       139543     13653.33
     137.343     0.999939       139545     16384.00
     137.471     0.999945       139548     18204.44
     137.471     0.999951       139548     20480.00
     137.471     0.999957       139548     23405.71
     137.471     0.999963       139548     27306.67
     137.599     0.999969       139549     32768.00
     137.727     0.999973       139550     36408.89
     137.727     0.999976       139550     40960.00
     137.855     0.999979       139551     46811.43
     137.855     0.999982       139551     54613.33
     137.855     0.999985       139551     65536.00
     137.983     0.999986       139552     72817.78
     137.983     0.999988       139552     81920.00
     137.983     0.999989       139552     93622.86
     137.983     0.999991       139552    109226.67
     137.983     0.999992       139552    131072.00
     138.111     0.999993       139553    145635.56
     138.111     1.000000       139553          inf
#[Mean    =       33.876, StdDeviation   =       17.735]
#[Max     =      137.984, Total count    =       139553]
#[Buckets =           27, SubBuckets     =         2048]
-----------------------------------------------------------------------
  167300 requests in 1.00m, 25.94MB read
Requests/sec:   2791.22  
Transfer/sec:    443.22KB

=== rps=3000 c=450 t=45 url=http://10.10.1.1:35677 ===
setup: assigned thread_id=1
init: final thread_id=1, base_seed=nil
setup: assigned thread_id=2
init: final thread_id=2, base_seed=nil
setup: assigned thread_id=3
init: final thread_id=3, base_seed=nil
setup: assigned thread_id=4
init: final thread_id=4, base_seed=nil
setup: assigned thread_id=5
init: final thread_id=5, base_seed=nil
setup: assigned thread_id=6
init: final thread_id=6, base_seed=nil
setup: assigned thread_id=7
init: final thread_id=7, base_seed=nil
setup: assigned thread_id=8
init: final thread_id=8, base_seed=nil
setup: assigned thread_id=9
init: final thread_id=9, base_seed=nil
setup: assigned thread_id=10
init: final thread_id=10, base_seed=nil
setup: assigned thread_id=11
init: final thread_id=11, base_seed=nil
setup: assigned thread_id=12
init: final thread_id=12, base_seed=nil
setup: assigned thread_id=13
init: final thread_id=13, base_seed=nil
setup: assigned thread_id=14
init: final thread_id=14, base_seed=nil
setup: assigned thread_id=15
init: final thread_id=15, base_seed=nil
setup: assigned thread_id=16
init: final thread_id=16, base_seed=nil
setup: assigned thread_id=17
init: final thread_id=17, base_seed=nil
setup: assigned thread_id=18
init: final thread_id=18, base_seed=nil
setup: assigned thread_id=19
init: final thread_id=19, base_seed=nil
setup: assigned thread_id=20
init: final thread_id=20, base_seed=nil
setup: assigned thread_id=21
init: final thread_id=21, base_seed=nil
setup: assigned thread_id=22
init: final thread_id=22, base_seed=nil
setup: assigned thread_id=23
init: final thread_id=23, base_seed=nil
setup: assigned thread_id=24
init: final thread_id=24, base_seed=nil
setup: assigned thread_id=25
init: final thread_id=25, base_seed=nil
setup: assigned thread_id=26
init: final thread_id=26, base_seed=nil
setup: assigned thread_id=27
init: final thread_id=27, base_seed=nil
setup: assigned thread_id=28
init: final thread_id=28, base_seed=nil
setup: assigned thread_id=29
init: final thread_id=29, base_seed=nil
setup: assigned thread_id=30
init: final thread_id=30, base_seed=nil
setup: assigned thread_id=31
init: final thread_id=31, base_seed=nil
setup: assigned thread_id=32
init: final thread_id=32, base_seed=nil
setup: assigned thread_id=33
init: final thread_id=33, base_seed=nil
setup: assigned thread_id=34
init: final thread_id=34, base_seed=nil
setup: assigned thread_id=35
init: final thread_id=35, base_seed=nil
setup: assigned thread_id=36
init: final thread_id=36, base_seed=nil
setup: assigned thread_id=37
init: final thread_id=37, base_seed=nil
setup: assigned thread_id=38
init: final thread_id=38, base_seed=nil
setup: assigned thread_id=39
init: final thread_id=39, base_seed=nil
setup: assigned thread_id=40
init: final thread_id=40, base_seed=nil
setup: assigned thread_id=41
init: final thread_id=41, base_seed=nil
setup: assigned thread_id=42
init: final thread_id=42, base_seed=nil
setup: assigned thread_id=43
init: final thread_id=43, base_seed=nil
setup: assigned thread_id=44
init: final thread_id=44, base_seed=nil
setup: assigned thread_id=45
init: final thread_id=45, base_seed=nil
script_want_response
Running 1m test @ http://10.10.1.1:35677
  45 threads and 450 connections

  Thread calibration: mean lat.: 125.226ms, rate sampling interval: 404ms
  Thread calibration: mean lat.: 114.976ms, rate sampling interval: 375ms
  Thread calibration: mean lat.: 119.192ms, rate sampling interval: 386ms
  Thread calibration: mean lat.: 138.627ms, rate sampling interval: 536ms
  Thread calibration: mean lat.: 111.435ms, rate sampling interval: 349ms
  Thread calibration: mean lat.: 141.107ms, rate sampling interval: 480ms
  Thread calibration: mean lat.: 144.938ms, rate sampling interval: 561ms
  Thread calibration: mean lat.: 148.406ms, rate sampling interval: 578ms
  Thread calibration: mean lat.: 133.986ms, rate sampling interval: 460ms
  Thread calibration: mean lat.: 140.991ms, rate sampling interval: 497ms
  Thread calibration: mean lat.: 110.239ms, rate sampling interval: 427ms
  Thread calibration: mean lat.: 112.879ms, rate sampling interval: 405ms
  Thread calibration: mean lat.: 112.172ms, rate sampling interval: 391ms
  Thread calibration: mean lat.: 108.318ms, rate sampling interval: 382ms
  Thread calibration: mean lat.: 103.819ms, rate sampling interval: 372ms
  Thread calibration: mean lat.: 155.548ms, rate sampling interval: 505ms
  Thread calibration: mean lat.: 115.738ms, rate sampling interval: 390ms
  Thread calibration: mean lat.: 114.661ms, rate sampling interval: 378ms
  Thread calibration: mean lat.: 133.603ms, rate sampling interval: 426ms
  Thread calibration: mean lat.: 126.696ms, rate sampling interval: 452ms
  Thread calibration: mean lat.: 122.532ms, rate sampling interval: 428ms
  Thread calibration: mean lat.: 116.849ms, rate sampling interval: 411ms
  Thread calibration: mean lat.: 125.704ms, rate sampling interval: 456ms
  Thread calibration: mean lat.: 135.361ms, rate sampling interval: 435ms
  Thread calibration: mean lat.: 135.706ms, rate sampling interval: 428ms
  Thread calibration: mean lat.: 138.765ms, rate sampling interval: 492ms
  Thread calibration: mean lat.: 137.879ms, rate sampling interval: 451ms
  Thread calibration: mean lat.: 126.168ms, rate sampling interval: 403ms
  Thread calibration: mean lat.: 133.452ms, rate sampling interval: 420ms
  Thread calibration: mean lat.: 127.714ms, rate sampling interval: 394ms
  Thread calibration: mean lat.: 123.789ms, rate sampling interval: 403ms
  Thread calibration: mean lat.: 140.955ms, rate sampling interval: 410ms
  Thread calibration: mean lat.: 127.123ms, rate sampling interval: 404ms
  Thread calibration: mean lat.: 99.937ms, rate sampling interval: 335ms
  Thread calibration: mean lat.: 147.355ms, rate sampling interval: 573ms
  Thread calibration: mean lat.: 165.607ms, rate sampling interval: 662ms
  Thread calibration: mean lat.: 166.844ms, rate sampling interval: 706ms
  Thread calibration: mean lat.: 213.744ms, rate sampling interval: 963ms
  Thread calibration: mean lat.: 151.683ms, rate sampling interval: 628ms
  Thread calibration: mean lat.: 112.312ms, rate sampling interval: 348ms
  Thread calibration: mean lat.: 173.041ms, rate sampling interval: 933ms
  Thread calibration: mean lat.: 157.253ms, rate sampling interval: 631ms
  Thread calibration: mean lat.: 145.288ms, rate sampling interval: 455ms
  Thread calibration: mean lat.: 143.597ms, rate sampling interval: 445ms
  Thread calibration: mean lat.: 129.095ms, rate sampling interval: 390ms

-----------------------------------------------------------------------
Test Results @ http://10.10.1.1:35677 
  Thread Stats   Avg      Stdev     99%   +/- Stdev
    Latency    55.73ms   35.80ms 153.21ms   74.63%
    Req/Sec    65.69      8.94    86.00     72.32%
  Latency Distribution (HdrHistogram - Recorded Latency)
 50.000%   49.15ms
 75.000%   72.13ms
 90.000%  100.35ms
 99.000%  153.21ms
 99.900%  356.61ms
 99.990%  616.96ms
 99.999%  725.50ms
100.000%  769.02ms

  Detailed Percentile spectrum:
       Value   Percentile   TotalCount 1/(1-Percentile)

       7.927     0.000000            1         1.00
      18.351     0.100000        14870         1.11
      26.527     0.200000        29695         1.25
      35.295     0.300000        44574         1.43
      42.495     0.400000        59451         1.67
      49.151     0.500000        74296         2.00
      53.023     0.550000        81686         2.22
      57.407     0.600000        89116         2.50
      61.951     0.650000        96543         2.86
      66.879     0.700000       103949         3.33
      72.127     0.750000       111417         4.00
      75.519     0.775000       115070         4.44
      79.231     0.800000       118830         5.00
      83.327     0.825000       122516         5.71
      87.935     0.850000       126201         6.67
      93.375     0.875000       129915         8.00
      96.767     0.887500       131787         8.89
     100.351     0.900000       133629        10.00
     104.255     0.912500       135501        11.43
     108.799     0.925000       137341        13.33
     115.135     0.937500       139192        16.00
     118.719     0.943750       140121        17.78
     122.495     0.950000       141060        20.00
     126.079     0.956250       141980        22.86
     129.855     0.962500       142912        26.67
     134.143     0.968750       143831        32.00
     136.319     0.971875       144308        35.56
     138.623     0.975000       144758        40.00
     140.799     0.978125       145224        45.71
     143.359     0.981250       145693        53.33
     146.687     0.984375       146167        64.00
     148.095     0.985938       146390        71.11
     150.015     0.987500       146625        80.00
     152.319     0.989062       146857        91.43
     153.727     0.990625       147082       106.67
     156.159     0.992188       147317       128.00
     158.335     0.992969       147434       142.22
     161.023     0.993750       147544       160.00
     164.223     0.994531       147658       182.86
     167.295     0.995313       147773       213.33
     177.535     0.996094       147894       256.00
     179.583     0.996484       147958       284.44
     180.863     0.996875       148007       320.00
     182.399     0.997266       148068       365.71
     183.551     0.997656       148124       426.67
     186.495     0.998047       148179       512.00
     197.503     0.998242       148208       568.89
     241.023     0.998437       148237       640.00
     285.695     0.998633       148267       731.43
     314.879     0.998828       148295       853.33
     365.823     0.999023       148324      1024.00
     381.183     0.999121       148339      1137.78
     411.903     0.999219       148353      1280.00
     433.407     0.999316       148368      1462.86
     454.399     0.999414       148382      1706.67
     477.951     0.999512       148397      2048.00
     486.143     0.999561       148403      2275.56
     516.351     0.999609       148411      2560.00
     523.519     0.999658       148418      2925.71
     532.479     0.999707       148425      3413.33
     555.519     0.999756       148432      4096.00
     566.783     0.999780       148436      4551.11
     577.023     0.999805       148442      5120.00
     582.143     0.999829       148444      5851.43
     584.703     0.999854       148447      6826.67
     589.823     0.999878       148450      8192.00
     616.447     0.999890       148452      9102.22
     619.007     0.999902       148454     10240.00
     624.127     0.999915       148456     11702.86
     634.367     0.999927       148458     13653.33
     638.463     0.999939       148459     16384.00
     638.975     0.999945       148460     18204.44
     662.527     0.999951       148461     20480.00
     670.207     0.999957       148462     23405.71
     672.255     0.999963       148463     27306.67
     678.399     0.999969       148464     32768.00
     678.399     0.999973       148464     36408.89
     686.079     0.999976       148465     40960.00
     686.079     0.999979       148465     46811.43
     719.871     0.999982       148466     54613.33
     719.871     0.999985       148466     65536.00
     719.871     0.999986       148466     72817.78
     725.503     0.999988       148467     81920.00
     725.503     0.999989       148467     93622.86
     725.503     0.999991       148467    109226.67
     725.503     0.999992       148467    131072.00
     725.503     0.999993       148467    145635.56
     769.023     0.999994       148468    163840.00
     769.023     1.000000       148468          inf
#[Mean    =       55.734, StdDeviation   =       35.804]
#[Max     =      768.512, Total count    =       148468]
#[Buckets =           27, SubBuckets     =         2048]
-----------------------------------------------------------------------
  177385 requests in 1.00m, 27.51MB read
Requests/sec:   2958.55  
Transfer/sec:    469.81KB

=== rps=3200 c=512 t=52 url=http://10.10.1.1:35677 ===
setup: assigned thread_id=1
init: final thread_id=1, base_seed=nil
setup: assigned thread_id=2
init: final thread_id=2, base_seed=nil
setup: assigned thread_id=3
init: final thread_id=3, base_seed=nil
setup: assigned thread_id=4
init: final thread_id=4, base_seed=nil
setup: assigned thread_id=5
init: final thread_id=5, base_seed=nil
setup: assigned thread_id=6
init: final thread_id=6, base_seed=nil
setup: assigned thread_id=7
init: final thread_id=7, base_seed=nil
setup: assigned thread_id=8
init: final thread_id=8, base_seed=nil
setup: assigned thread_id=9
init: final thread_id=9, base_seed=nil
setup: assigned thread_id=10
init: final thread_id=10, base_seed=nil
setup: assigned thread_id=11
init: final thread_id=11, base_seed=nil
setup: assigned thread_id=12
init: final thread_id=12, base_seed=nil
setup: assigned thread_id=13
init: final thread_id=13, base_seed=nil
setup: assigned thread_id=14
init: final thread_id=14, base_seed=nil
setup: assigned thread_id=15
init: final thread_id=15, base_seed=nil
setup: assigned thread_id=16
init: final thread_id=16, base_seed=nil
setup: assigned thread_id=17
init: final thread_id=17, base_seed=nil
setup: assigned thread_id=18
init: final thread_id=18, base_seed=nil
setup: assigned thread_id=19
init: final thread_id=19, base_seed=nil
setup: assigned thread_id=20
init: final thread_id=20, base_seed=nil
setup: assigned thread_id=21
init: final thread_id=21, base_seed=nil
setup: assigned thread_id=22
init: final thread_id=22, base_seed=nil
setup: assigned thread_id=23
init: final thread_id=23, base_seed=nil
setup: assigned thread_id=24
init: final thread_id=24, base_seed=nil
setup: assigned thread_id=25
init: final thread_id=25, base_seed=nil
setup: assigned thread_id=26
init: final thread_id=26, base_seed=nil
setup: assigned thread_id=27
init: final thread_id=27, base_seed=nil
setup: assigned thread_id=28
init: final thread_id=28, base_seed=nil
setup: assigned thread_id=29
init: final thread_id=29, base_seed=nil
setup: assigned thread_id=30
init: final thread_id=30, base_seed=nil
setup: assigned thread_id=31
init: final thread_id=31, base_seed=nil
setup: assigned thread_id=32
init: final thread_id=32, base_seed=nil
setup: assigned thread_id=33
init: final thread_id=33, base_seed=nil
setup: assigned thread_id=34
init: final thread_id=34, base_seed=nil
setup: assigned thread_id=35
init: final thread_id=35, base_seed=nil
setup: assigned thread_id=36
init: final thread_id=36, base_seed=nil
setup: assigned thread_id=37
init: final thread_id=37, base_seed=nil
setup: assigned thread_id=38
init: final thread_id=38, base_seed=nil
setup: assigned thread_id=39
init: final thread_id=39, base_seed=nil
setup: assigned thread_id=40
init: final thread_id=40, base_seed=nil
setup: assigned thread_id=41
init: final thread_id=41, base_seed=nil
setup: assigned thread_id=42
init: final thread_id=42, base_seed=nil
setup: assigned thread_id=43
init: final thread_id=43, base_seed=nil
setup: assigned thread_id=44
init: final thread_id=44, base_seed=nil
setup: assigned thread_id=45
init: final thread_id=45, base_seed=nil
setup: assigned thread_id=46
init: final thread_id=46, base_seed=nil
setup: assigned thread_id=47
init: final thread_id=47, base_seed=nil
setup: assigned thread_id=48
init: final thread_id=48, base_seed=nil
setup: assigned thread_id=49
init: final thread_id=49, base_seed=nil
setup: assigned thread_id=50
init: final thread_id=50, base_seed=nil
setup: assigned thread_id=51
init: final thread_id=51, base_seed=nil
setup: assigned thread_id=52
init: final thread_id=52, base_seed=nil
script_want_response
Running 1m test @ http://10.10.1.1:35677
  52 threads and 512 connections

  Thread calibration: mean lat.: 113.433ms, rate sampling interval: 322ms
  Thread calibration: mean lat.: 118.603ms, rate sampling interval: 344ms
  Thread calibration: mean lat.: 113.846ms, rate sampling interval: 323ms
  Thread calibration: mean lat.: 117.084ms, rate sampling interval: 338ms
  Thread calibration: mean lat.: 114.031ms, rate sampling interval: 320ms
  Thread calibration: mean lat.: 114.716ms, rate sampling interval: 303ms
  Thread calibration: mean lat.: 114.447ms, rate sampling interval: 301ms
  Thread calibration: mean lat.: 115.072ms, rate sampling interval: 301ms
  Thread calibration: mean lat.: 112.935ms, rate sampling interval: 293ms
  Thread calibration: mean lat.: 101.792ms, rate sampling interval: 303ms
  Thread calibration: mean lat.: 112.690ms, rate sampling interval: 298ms
  Thread calibration: mean lat.: 102.106ms, rate sampling interval: 302ms
  Thread calibration: mean lat.: 98.347ms, rate sampling interval: 303ms
  Thread calibration: mean lat.: 98.283ms, rate sampling interval: 304ms
  Thread calibration: mean lat.: 103.275ms, rate sampling interval: 339ms
  Thread calibration: mean lat.: 97.385ms, rate sampling interval: 320ms
  Thread calibration: mean lat.: 95.722ms, rate sampling interval: 325ms
  Thread calibration: mean lat.: 96.756ms, rate sampling interval: 331ms
  Thread calibration: mean lat.: 96.375ms, rate sampling interval: 332ms
  Thread calibration: mean lat.: 90.452ms, rate sampling interval: 325ms
  Thread calibration: mean lat.: 94.097ms, rate sampling interval: 351ms
  Thread calibration: mean lat.: 91.672ms, rate sampling interval: 324ms
  Thread calibration: mean lat.: 92.417ms, rate sampling interval: 318ms
  Thread calibration: mean lat.: 93.395ms, rate sampling interval: 316ms
  Thread calibration: mean lat.: 94.113ms, rate sampling interval: 314ms
  Thread calibration: mean lat.: 97.444ms, rate sampling interval: 316ms
  Thread calibration: mean lat.: 99.262ms, rate sampling interval: 315ms
  Thread calibration: mean lat.: 102.063ms, rate sampling interval: 314ms
  Thread calibration: mean lat.: 101.014ms, rate sampling interval: 312ms
  Thread calibration: mean lat.: 105.044ms, rate sampling interval: 314ms
  Thread calibration: mean lat.: 106.358ms, rate sampling interval: 309ms
  Thread calibration: mean lat.: 105.938ms, rate sampling interval: 306ms
  Thread calibration: mean lat.: 110.541ms, rate sampling interval: 316ms
  Thread calibration: mean lat.: 112.668ms, rate sampling interval: 312ms
  Thread calibration: mean lat.: 116.067ms, rate sampling interval: 326ms
  Thread calibration: mean lat.: 120.090ms, rate sampling interval: 347ms
  Thread calibration: mean lat.: 113.744ms, rate sampling interval: 313ms
  Thread calibration: mean lat.: 118.521ms, rate sampling interval: 346ms
  Thread calibration: mean lat.: 121.319ms, rate sampling interval: 356ms
  Thread calibration: mean lat.: 96.676ms, rate sampling interval: 313ms
  Thread calibration: mean lat.: 125.246ms, rate sampling interval: 368ms
  Thread calibration: mean lat.: 126.321ms, rate sampling interval: 374ms
  Thread calibration: mean lat.: 126.164ms, rate sampling interval: 368ms
  Thread calibration: mean lat.: 121.676ms, rate sampling interval: 350ms
  Thread calibration: mean lat.: 125.364ms, rate sampling interval: 365ms
  Thread calibration: mean lat.: 121.794ms, rate sampling interval: 351ms
  Thread calibration: mean lat.: 121.295ms, rate sampling interval: 348ms
  Thread calibration: mean lat.: 120.153ms, rate sampling interval: 340ms
  Thread calibration: mean lat.: 118.561ms, rate sampling interval: 337ms
  Thread calibration: mean lat.: 123.157ms, rate sampling interval: 355ms
  Thread calibration: mean lat.: 123.494ms, rate sampling interval: 356ms
  Thread calibration: mean lat.: 115.121ms, rate sampling interval: 321ms

-----------------------------------------------------------------------
Test Results @ http://10.10.1.1:35677 
  Thread Stats   Avg      Stdev     99%   +/- Stdev
    Latency   102.33ms   60.72ms 315.90ms   74.43%
    Req/Sec    60.77     10.08    86.00     76.34%
  Latency Distribution (HdrHistogram - Recorded Latency)
 50.000%   99.20ms
 75.000%  135.29ms
 90.000%  163.20ms
 99.000%  315.90ms
 99.900%  404.73ms
 99.990%  449.02ms
 99.999%  456.70ms
100.000%  459.52ms

  Detailed Percentile spectrum:
       Value   Percentile   TotalCount 1/(1-Percentile)

       8.919     0.000000            1         1.00
      31.103     0.100000        15887         1.11
      48.575     0.200000        31757         1.25
      64.095     0.300000        47641         1.43
      82.559     0.400000        63505         1.67
      99.199     0.500000        79399         2.00
     106.559     0.550000        87366         2.22
     113.599     0.600000        95287         2.50
     121.343     0.650000       103229         2.86
     128.639     0.700000       111131         3.33
     135.295     0.750000       119054         4.00
     139.135     0.775000       123082         4.44
     143.231     0.800000       127097         5.00
     147.711     0.825000       131043         5.71
     151.807     0.850000       135027         6.67
     156.927     0.875000       138991         8.00
     159.871     0.887500       140929         8.89
     163.199     0.900000       142903        10.00
     167.807     0.912500       144898        11.43
     174.079     0.925000       146829        13.33
     187.647     0.937500       148825        16.00
     196.735     0.943750       149804        17.78
     207.999     0.950000       150801        20.00
     220.159     0.956250       151792        22.86
     235.263     0.962500       152784        26.67
     247.679     0.968750       153781        32.00
     255.871     0.971875       154280        35.56
     264.447     0.975000       154767        40.00
     273.407     0.978125       155260        45.71
     282.623     0.981250       155766        53.33
     291.071     0.984375       156256        64.00
     296.447     0.985938       156500        71.11
     303.615     0.987500       156747        80.00
     311.551     0.989062       157002        91.43
     318.975     0.990625       157245       106.67
     328.447     0.992188       157491       128.00
     333.311     0.992969       157617       142.22
     338.431     0.993750       157743       160.00
     344.319     0.994531       157865       182.86
     351.231     0.995313       157987       213.33
     359.167     0.996094       158112       256.00
     363.007     0.996484       158174       284.44
     366.591     0.996875       158235       320.00
     370.175     0.997266       158298       365.71
     376.063     0.997656       158360       426.67
     381.439     0.998047       158422       512.00
     386.047     0.998242       158454       568.89
     389.631     0.998437       158483       640.00
     393.727     0.998633       158514       731.43
     400.127     0.998828       158545       853.33
     405.759     0.999023       158576      1024.00
     409.087     0.999121       158594      1137.78
     411.391     0.999219       158608      1280.00
     414.207     0.999316       158623      1462.86
     418.559     0.999414       158639      1706.67
     423.935     0.999512       158655      2048.00
     426.495     0.999561       158663      2275.56
     431.103     0.999609       158672      2560.00
     432.639     0.999658       158678      2925.71
     434.687     0.999707       158685      3413.33
     438.527     0.999756       158694      4096.00
     439.551     0.999780       158699      4551.11
     440.063     0.999805       158700      5120.00
     442.623     0.999829       158704      5851.43
     444.927     0.999854       158710      6826.67
     446.207     0.999878       158712      8192.00
     447.231     0.999890       158714      9102.22
     449.791     0.999902       158716     10240.00
     451.071     0.999915       158718     11702.86
     452.351     0.999927       158721     13653.33
     452.607     0.999939       158722     16384.00
     453.119     0.999945       158723     18204.44
     453.631     0.999951       158724     20480.00
     454.143     0.999957       158726     23405.71
     454.143     0.999963       158726     27306.67
     454.911     0.999969       158727     32768.00
     454.911     0.999973       158727     36408.89
     456.447     0.999976       158728     40960.00
     456.447     0.999979       158728     46811.43
     456.703     0.999982       158729     54613.33
     456.703     0.999985       158729     65536.00
     456.703     0.999986       158729     72817.78
     457.471     0.999988       158730     81920.00
     457.471     0.999989       158730     93622.86
     457.471     0.999991       158730    109226.67
     457.471     0.999992       158730    131072.00
     457.471     0.999993       158730    145635.56
     459.519     0.999994       158731    163840.00
     459.519     1.000000       158731          inf
#[Mean    =      102.332, StdDeviation   =       60.718]
#[Max     =      459.264, Total count    =       158731]
#[Buckets =           27, SubBuckets     =         2048]
-----------------------------------------------------------------------
  189358 requests in 1.00m, 29.36MB read
Requests/sec:   3159.49  
Transfer/sec:    501.66KB

=== rps=3400 c=578 t=58 url=http://10.10.1.1:35677 ===
setup: assigned thread_id=1
init: final thread_id=1, base_seed=nil
setup: assigned thread_id=2
init: final thread_id=2, base_seed=nil
setup: assigned thread_id=3
init: final thread_id=3, base_seed=nil
setup: assigned thread_id=4
init: final thread_id=4, base_seed=nil
setup: assigned thread_id=5
init: final thread_id=5, base_seed=nil
setup: assigned thread_id=6
init: final thread_id=6, base_seed=nil
setup: assigned thread_id=7
init: final thread_id=7, base_seed=nil
setup: assigned thread_id=8
init: final thread_id=8, base_seed=nil
setup: assigned thread_id=9
init: final thread_id=9, base_seed=nil
setup: assigned thread_id=10
init: final thread_id=10, base_seed=nil
setup: assigned thread_id=11
init: final thread_id=11, base_seed=nil
setup: assigned thread_id=12
init: final thread_id=12, base_seed=nil
setup: assigned thread_id=13
init: final thread_id=13, base_seed=nil
setup: assigned thread_id=14
init: final thread_id=14, base_seed=nil
setup: assigned thread_id=15
init: final thread_id=15, base_seed=nil
setup: assigned thread_id=16
init: final thread_id=16, base_seed=nil
setup: assigned thread_id=17
init: final thread_id=17, base_seed=nil
setup: assigned thread_id=18
init: final thread_id=18, base_seed=nil
setup: assigned thread_id=19
init: final thread_id=19, base_seed=nil
setup: assigned thread_id=20
init: final thread_id=20, base_seed=nil
setup: assigned thread_id=21
init: final thread_id=21, base_seed=nil
setup: assigned thread_id=22
init: final thread_id=22, base_seed=nil
setup: assigned thread_id=23
init: final thread_id=23, base_seed=nil
setup: assigned thread_id=24
init: final thread_id=24, base_seed=nil
setup: assigned thread_id=25
init: final thread_id=25, base_seed=nil
setup: assigned thread_id=26
init: final thread_id=26, base_seed=nil
setup: assigned thread_id=27
init: final thread_id=27, base_seed=nil
setup: assigned thread_id=28
init: final thread_id=28, base_seed=nil
setup: assigned thread_id=29
init: final thread_id=29, base_seed=nil
setup: assigned thread_id=30
init: final thread_id=30, base_seed=nil
setup: assigned thread_id=31
init: final thread_id=31, base_seed=nil
setup: assigned thread_id=32
init: final thread_id=32, base_seed=nil
setup: assigned thread_id=33
init: final thread_id=33, base_seed=nil
setup: assigned thread_id=34
init: final thread_id=34, base_seed=nil
setup: assigned thread_id=35
init: final thread_id=35, base_seed=nil
setup: assigned thread_id=36
init: final thread_id=36, base_seed=nil
setup: assigned thread_id=37
init: final thread_id=37, base_seed=nil
setup: assigned thread_id=38
init: final thread_id=38, base_seed=nil
setup: assigned thread_id=39
init: final thread_id=39, base_seed=nil
setup: assigned thread_id=40
init: final thread_id=40, base_seed=nil
setup: assigned thread_id=41
init: final thread_id=41, base_seed=nil
setup: assigned thread_id=42
init: final thread_id=42, base_seed=nil
setup: assigned thread_id=43
init: final thread_id=43, base_seed=nil
setup: assigned thread_id=44
init: final thread_id=44, base_seed=nil
setup: assigned thread_id=45
init: final thread_id=45, base_seed=nil
setup: assigned thread_id=46
init: final thread_id=46, base_seed=nil
setup: assigned thread_id=47
init: final thread_id=47, base_seed=nil
setup: assigned thread_id=48
init: final thread_id=48, base_seed=nil
setup: assigned thread_id=49
init: final thread_id=49, base_seed=nil
setup: assigned thread_id=50
init: final thread_id=50, base_seed=nil
setup: assigned thread_id=51
init: final thread_id=51, base_seed=nil
setup: assigned thread_id=52
init: final thread_id=52, base_seed=nil
setup: assigned thread_id=53
init: final thread_id=53, base_seed=nil
setup: assigned thread_id=54
init: final thread_id=54, base_seed=nil
setup: assigned thread_id=55
init: final thread_id=55, base_seed=nil
setup: assigned thread_id=56
init: final thread_id=56, base_seed=nil
setup: assigned thread_id=57
init: final thread_id=57, base_seed=nil
setup: assigned thread_id=58
init: final thread_id=58, base_seed=nil
script_want_response
Running 1m test @ http://10.10.1.1:35677
  58 threads and 578 connections

  Thread calibration: mean lat.: 182.305ms, rate sampling interval: 567ms
  Thread calibration: mean lat.: 180.259ms, rate sampling interval: 573ms
  Thread calibration: mean lat.: 188.942ms, rate sampling interval: 586ms
  Thread calibration: mean lat.: 182.871ms, rate sampling interval: 571ms
  Thread calibration: mean lat.: 174.468ms, rate sampling interval: 503ms
  Thread calibration: mean lat.: 186.662ms, rate sampling interval: 539ms
  Thread calibration: mean lat.: 192.878ms, rate sampling interval: 571ms
  Thread calibration: mean lat.: 189.597ms, rate sampling interval: 558ms
  Thread calibration: mean lat.: 184.994ms, rate sampling interval: 515ms
  Thread calibration: mean lat.: 162.337ms, rate sampling interval: 441ms
  Thread calibration: mean lat.: 182.354ms, rate sampling interval: 522ms
  Thread calibration: mean lat.: 167.516ms, rate sampling interval: 498ms
  Thread calibration: mean lat.: 179.560ms, rate sampling interval: 526ms
  Thread calibration: mean lat.: 179.973ms, rate sampling interval: 526ms
  Thread calibration: mean lat.: 193.036ms, rate sampling interval: 571ms
  Thread calibration: mean lat.: 190.842ms, rate sampling interval: 562ms
  Thread calibration: mean lat.: 185.345ms, rate sampling interval: 548ms
  Thread calibration: mean lat.: 183.998ms, rate sampling interval: 548ms
  Thread calibration: mean lat.: 163.642ms, rate sampling interval: 510ms
  Thread calibration: mean lat.: 177.983ms, rate sampling interval: 538ms
  Thread calibration: mean lat.: 169.480ms, rate sampling interval: 537ms
  Thread calibration: mean lat.: 176.841ms, rate sampling interval: 529ms
  Thread calibration: mean lat.: 162.325ms, rate sampling interval: 510ms
  Thread calibration: mean lat.: 165.493ms, rate sampling interval: 514ms
  Thread calibration: mean lat.: 164.546ms, rate sampling interval: 508ms
  Thread calibration: mean lat.: 176.481ms, rate sampling interval: 560ms
  Thread calibration: mean lat.: 176.999ms, rate sampling interval: 559ms
  Thread calibration: mean lat.: 184.701ms, rate sampling interval: 551ms
  Thread calibration: mean lat.: 181.368ms, rate sampling interval: 563ms
  Thread calibration: mean lat.: 195.884ms, rate sampling interval: 588ms
  Thread calibration: mean lat.: 184.901ms, rate sampling interval: 555ms
  Thread calibration: mean lat.: 188.923ms, rate sampling interval: 576ms
  Thread calibration: mean lat.: 176.421ms, rate sampling interval: 497ms
  Thread calibration: mean lat.: 176.880ms, rate sampling interval: 563ms
  Thread calibration: mean lat.: 177.214ms, rate sampling interval: 547ms
  Thread calibration: mean lat.: 192.196ms, rate sampling interval: 581ms
  Thread calibration: mean lat.: 192.927ms, rate sampling interval: 574ms
  Thread calibration: mean lat.: 170.867ms, rate sampling interval: 477ms
  Thread calibration: mean lat.: 174.640ms, rate sampling interval: 488ms
  Thread calibration: mean lat.: 174.735ms, rate sampling interval: 538ms
  Thread calibration: mean lat.: 184.092ms, rate sampling interval: 566ms
  Thread calibration: mean lat.: 192.013ms, rate sampling interval: 575ms
  Thread calibration: mean lat.: 189.791ms, rate sampling interval: 562ms
  Thread calibration: mean lat.: 185.927ms, rate sampling interval: 560ms
  Thread calibration: mean lat.: 199.105ms, rate sampling interval: 566ms
  Thread calibration: mean lat.: 179.267ms, rate sampling interval: 551ms
  Thread calibration: mean lat.: 172.841ms, rate sampling interval: 537ms
  Thread calibration: mean lat.: 180.839ms, rate sampling interval: 551ms
  Thread calibration: mean lat.: 175.644ms, rate sampling interval: 542ms
  Thread calibration: mean lat.: 183.884ms, rate sampling interval: 564ms
  Thread calibration: mean lat.: 184.517ms, rate sampling interval: 565ms
  Thread calibration: mean lat.: 188.096ms, rate sampling interval: 564ms
  Thread calibration: mean lat.: 190.352ms, rate sampling interval: 577ms
  Thread calibration: mean lat.: 183.571ms, rate sampling interval: 588ms
  Thread calibration: mean lat.: 193.063ms, rate sampling interval: 550ms
  Thread calibration: mean lat.: 188.052ms, rate sampling interval: 544ms
  Thread calibration: mean lat.: 203.410ms, rate sampling interval: 589ms
  Thread calibration: mean lat.: 157.216ms, rate sampling interval: 449ms

-----------------------------------------------------------------------
Test Results @ http://10.10.1.1:35677 
  Thread Stats   Avg      Stdev     99%   +/- Stdev
    Latency   162.99ms   95.38ms 463.87ms   70.28%
    Req/Sec    57.72      6.46    73.00     76.20%
  Latency Distribution (HdrHistogram - Recorded Latency)
 50.000%  148.86ms
 75.000%  210.94ms
 90.000%  288.77ms
 99.000%  463.87ms
 99.900%  576.00ms
 99.990%  634.88ms
 99.999%  680.96ms
100.000%  690.17ms

  Detailed Percentile spectrum:
       Value   Percentile   TotalCount 1/(1-Percentile)

       8.967     0.000000            1         1.00
      53.919     0.100000        16836         1.11
      79.679     0.200000        33657         1.25
     107.903     0.300000        50489         1.43
     128.383     0.400000        67301         1.67
     148.863     0.500000        84116         2.00
     158.335     0.550000        92536         2.22
     168.959     0.600000       100941         2.50
     181.247     0.650000       109357         2.86
     194.943     0.700000       117808         3.33
     210.943     0.750000       126211         4.00
     220.671     0.775000       130390         4.44
     231.807     0.800000       134581         5.00
     242.815     0.825000       138775         5.71
     254.975     0.850000       142997         6.67
     270.335     0.875000       147212         8.00
     278.527     0.887500       149324         8.89
     288.767     0.900000       151408        10.00
     301.567     0.912500       153499        11.43
     316.671     0.925000       155621        13.33
     333.311     0.937500       157699        16.00
     342.527     0.943750       158764        17.78
     351.999     0.950000       159792        20.00
     362.239     0.956250       160848        22.86
     371.455     0.962500       161930        26.67
     380.927     0.968750       162955        32.00
     387.839     0.971875       163480        35.56
     396.799     0.975000       164012        40.00
     406.271     0.978125       164535        45.71
     418.303     0.981250       165048        53.33
     432.127     0.984375       165584        64.00
     440.575     0.985938       165841        71.11
     450.559     0.987500       166103        80.00
     459.519     0.989062       166363        91.43
     466.943     0.990625       166630       106.67
     475.135     0.992188       166891       128.00
     481.023     0.992969       167021       142.22
     487.167     0.993750       167151       160.00
     497.151     0.994531       167285       182.86
     510.463     0.995313       167417       213.33
     518.399     0.996094       167549       256.00
     522.495     0.996484       167611       284.44
     527.871     0.996875       167679       320.00
     533.503     0.997266       167742       365.71
     542.719     0.997656       167807       426.67
     551.423     0.998047       167874       512.00
     556.543     0.998242       167906       568.89
     560.639     0.998437       167939       640.00
     567.295     0.998633       167972       731.43
     571.391     0.998828       168004       853.33
     576.511     0.999023       168037      1024.00
     579.583     0.999121       168059      1137.78
     582.143     0.999219       168071      1280.00
     587.263     0.999316       168087      1462.86
     595.455     0.999414       168103      1706.67
     606.207     0.999512       168121      2048.00
     609.279     0.999561       168129      2275.56
     611.327     0.999609       168136      2560.00
     614.399     0.999658       168145      2925.71
     616.959     0.999707       168152      3413.33
     618.495     0.999756       168160      4096.00
     621.055     0.999780       168165      4551.11
     623.615     0.999805       168169      5120.00
     625.151     0.999829       168173      5851.43
     627.199     0.999854       168177      6826.67
     631.295     0.999878       168182      8192.00
     631.807     0.999890       168183      9102.22
     636.415     0.999902       168185     10240.00
     638.975     0.999915       168187     11702.86
     654.335     0.999927       168189     13653.33
     655.871     0.999939       168192     16384.00
     655.871     0.999945       168192     18204.44
     658.431     0.999951       168193     20480.00
     660.479     0.999957       168194     23405.71
     670.207     0.999963       168195     27306.67
     672.255     0.999969       168196     32768.00
     674.303     0.999973       168197     36408.89
     674.303     0.999976       168197     40960.00
     675.327     0.999979       168198     46811.43
     675.327     0.999982       168198     54613.33
     680.959     0.999985       168199     65536.00
     680.959     0.999986       168199     72817.78
     680.959     0.999988       168199     81920.00
     687.615     0.999989       168200     93622.86
     687.615     0.999991       168200    109226.67
     687.615     0.999992       168200    131072.00
     687.615     0.999993       168200    145635.56
     687.615     0.999994       168200    163840.00
     690.175     0.999995       168201    187245.71
     690.175     1.000000       168201          inf
#[Mean    =      162.985, StdDeviation   =       95.384]
#[Max     =      689.664, Total count    =       168201]
#[Buckets =           27, SubBuckets     =         2048]
-----------------------------------------------------------------------
  201025 requests in 1.00m, 31.18MB read
Requests/sec:   3355.61  
Transfer/sec:    532.88KB

=== rps=3600 c=648 t=65 url=http://10.10.1.1:35677 ===
setup: assigned thread_id=1
init: final thread_id=1, base_seed=nil
setup: assigned thread_id=2
init: final thread_id=2, base_seed=nil
setup: assigned thread_id=3
init: final thread_id=3, base_seed=nil
setup: assigned thread_id=4
init: final thread_id=4, base_seed=nil
setup: assigned thread_id=5
init: final thread_id=5, base_seed=nil
setup: assigned thread_id=6
init: final thread_id=6, base_seed=nil
setup: assigned thread_id=7
init: final thread_id=7, base_seed=nil
setup: assigned thread_id=8
init: final thread_id=8, base_seed=nil
setup: assigned thread_id=9
init: final thread_id=9, base_seed=nil
setup: assigned thread_id=10
init: final thread_id=10, base_seed=nil
setup: assigned thread_id=11
init: final thread_id=11, base_seed=nil
setup: assigned thread_id=12
init: final thread_id=12, base_seed=nil
setup: assigned thread_id=13
init: final thread_id=13, base_seed=nil
setup: assigned thread_id=14
init: final thread_id=14, base_seed=nil
setup: assigned thread_id=15
init: final thread_id=15, base_seed=nil
setup: assigned thread_id=16
init: final thread_id=16, base_seed=nil
setup: assigned thread_id=17
init: final thread_id=17, base_seed=nil
setup: assigned thread_id=18
init: final thread_id=18, base_seed=nil
setup: assigned thread_id=19
init: final thread_id=19, base_seed=nil
setup: assigned thread_id=20
init: final thread_id=20, base_seed=nil
setup: assigned thread_id=21
init: final thread_id=21, base_seed=nil
setup: assigned thread_id=22
init: final thread_id=22, base_seed=nil
setup: assigned thread_id=23
init: final thread_id=23, base_seed=nil
setup: assigned thread_id=24
init: final thread_id=24, base_seed=nil
setup: assigned thread_id=25
init: final thread_id=25, base_seed=nil
setup: assigned thread_id=26
init: final thread_id=26, base_seed=nil
setup: assigned thread_id=27
init: final thread_id=27, base_seed=nil
setup: assigned thread_id=28
init: final thread_id=28, base_seed=nil
setup: assigned thread_id=29
init: final thread_id=29, base_seed=nil
setup: assigned thread_id=30
init: final thread_id=30, base_seed=nil
setup: assigned thread_id=31
init: final thread_id=31, base_seed=nil
setup: assigned thread_id=32
init: final thread_id=32, base_seed=nil
setup: assigned thread_id=33
init: final thread_id=33, base_seed=nil
setup: assigned thread_id=34
init: final thread_id=34, base_seed=nil
setup: assigned thread_id=35
init: final thread_id=35, base_seed=nil
setup: assigned thread_id=36
init: final thread_id=36, base_seed=nil
setup: assigned thread_id=37
init: final thread_id=37, base_seed=nil
setup: assigned thread_id=38
init: final thread_id=38, base_seed=nil
setup: assigned thread_id=39
init: final thread_id=39, base_seed=nil
setup: assigned thread_id=40
init: final thread_id=40, base_seed=nil
setup: assigned thread_id=41
init: final thread_id=41, base_seed=nil
setup: assigned thread_id=42
init: final thread_id=42, base_seed=nil
setup: assigned thread_id=43
init: final thread_id=43, base_seed=nil
setup: assigned thread_id=44
init: final thread_id=44, base_seed=nil
setup: assigned thread_id=45
init: final thread_id=45, base_seed=nil
setup: assigned thread_id=46
init: final thread_id=46, base_seed=nil
setup: assigned thread_id=47
init: final thread_id=47, base_seed=nil
setup: assigned thread_id=48
init: final thread_id=48, base_seed=nil
setup: assigned thread_id=49
init: final thread_id=49, base_seed=nil
setup: assigned thread_id=50
init: final thread_id=50, base_seed=nil
setup: assigned thread_id=51
init: final thread_id=51, base_seed=nil
setup: assigned thread_id=52
init: final thread_id=52, base_seed=nil
setup: assigned thread_id=53
init: final thread_id=53, base_seed=nil
setup: assigned thread_id=54
init: final thread_id=54, base_seed=nil
setup: assigned thread_id=55
init: final thread_id=55, base_seed=nil
setup: assigned thread_id=56
init: final thread_id=56, base_seed=nil
setup: assigned thread_id=57
init: final thread_id=57, base_seed=nil
setup: assigned thread_id=58
init: final thread_id=58, base_seed=nil
setup: assigned thread_id=59
init: final thread_id=59, base_seed=nil
setup: assigned thread_id=60
init: final thread_id=60, base_seed=nil
setup: assigned thread_id=61
init: final thread_id=61, base_seed=nil
setup: assigned thread_id=62
init: final thread_id=62, base_seed=nil
setup: assigned thread_id=63
init: final thread_id=63, base_seed=nil
setup: assigned thread_id=64
init: final thread_id=64, base_seed=nil
setup: assigned thread_id=65
init: final thread_id=65, base_seed=nil
script_want_response
Running 1m test @ http://10.10.1.1:35677
  65 threads and 648 connections

  Thread calibration: mean lat.: 265.519ms, rate sampling interval: 1336ms
  Thread calibration: mean lat.: 282.098ms, rate sampling interval: 1457ms
  Thread calibration: mean lat.: 268.934ms, rate sampling interval: 1356ms
  Thread calibration: mean lat.: 282.898ms, rate sampling interval: 1435ms
  Thread calibration: mean lat.: 275.053ms, rate sampling interval: 1373ms
  Thread calibration: mean lat.: 282.731ms, rate sampling interval: 1459ms
  Thread calibration: mean lat.: 281.929ms, rate sampling interval: 1415ms
  Thread calibration: mean lat.: 275.349ms, rate sampling interval: 1403ms
  Thread calibration: mean lat.: 279.546ms, rate sampling interval: 1412ms
  Thread calibration: mean lat.: 280.780ms, rate sampling interval: 1409ms
  Thread calibration: mean lat.: 281.563ms, rate sampling interval: 1455ms
  Thread calibration: mean lat.: 264.357ms, rate sampling interval: 1402ms
  Thread calibration: mean lat.: 243.599ms, rate sampling interval: 1259ms
  Thread calibration: mean lat.: 252.409ms, rate sampling interval: 1320ms
  Thread calibration: mean lat.: 254.407ms, rate sampling interval: 1382ms
  Thread calibration: mean lat.: 239.535ms, rate sampling interval: 1284ms
  Thread calibration: mean lat.: 234.063ms, rate sampling interval: 1255ms
  Thread calibration: mean lat.: 247.992ms, rate sampling interval: 1362ms
  Thread calibration: mean lat.: 267.141ms, rate sampling interval: 1401ms
  Thread calibration: mean lat.: 252.518ms, rate sampling interval: 1339ms
  Thread calibration: mean lat.: 249.297ms, rate sampling interval: 1327ms
  Thread calibration: mean lat.: 271.903ms, rate sampling interval: 1471ms
  Thread calibration: mean lat.: 257.388ms, rate sampling interval: 1401ms
  Thread calibration: mean lat.: 259.947ms, rate sampling interval: 1390ms
  Thread calibration: mean lat.: 263.983ms, rate sampling interval: 1414ms
  Thread calibration: mean lat.: 267.296ms, rate sampling interval: 1459ms
  Thread calibration: mean lat.: 262.950ms, rate sampling interval: 1396ms
  Thread calibration: mean lat.: 262.876ms, rate sampling interval: 1428ms
  Thread calibration: mean lat.: 259.408ms, rate sampling interval: 1387ms
  Thread calibration: mean lat.: 269.331ms, rate sampling interval: 1392ms
  Thread calibration: mean lat.: 262.562ms, rate sampling interval: 1392ms
  Thread calibration: mean lat.: 249.605ms, rate sampling interval: 1377ms
  Thread calibration: mean lat.: 264.596ms, rate sampling interval: 1438ms
  Thread calibration: mean lat.: 246.693ms, rate sampling interval: 1299ms
  Thread calibration: mean lat.: 255.701ms, rate sampling interval: 1369ms
  Thread calibration: mean lat.: 262.266ms, rate sampling interval: 1398ms
  Thread calibration: mean lat.: 264.641ms, rate sampling interval: 1369ms
  Thread calibration: mean lat.: 258.615ms, rate sampling interval: 1373ms
  Thread calibration: mean lat.: 264.631ms, rate sampling interval: 1360ms
  Thread calibration: mean lat.: 277.177ms, rate sampling interval: 1455ms
  Thread calibration: mean lat.: 276.582ms, rate sampling interval: 1427ms
  Thread calibration: mean lat.: 270.109ms, rate sampling interval: 1401ms
  Thread calibration: mean lat.: 272.534ms, rate sampling interval: 1358ms
  Thread calibration: mean lat.: 274.206ms, rate sampling interval: 1381ms
  Thread calibration: mean lat.: 267.330ms, rate sampling interval: 1353ms
  Thread calibration: mean lat.: 287.691ms, rate sampling interval: 1476ms
  Thread calibration: mean lat.: 264.112ms, rate sampling interval: 1284ms
  Thread calibration: mean lat.: 275.768ms, rate sampling interval: 1347ms
  Thread calibration: mean lat.: 283.451ms, rate sampling interval: 1435ms
  Thread calibration: mean lat.: 268.941ms, rate sampling interval: 1348ms
  Thread calibration: mean lat.: 282.301ms, rate sampling interval: 1398ms
  Thread calibration: mean lat.: 282.723ms, rate sampling interval: 1442ms
  Thread calibration: mean lat.: 279.702ms, rate sampling interval: 1388ms
  Thread calibration: mean lat.: 268.433ms, rate sampling interval: 1334ms
  Thread calibration: mean lat.: 309.952ms, rate sampling interval: 1525ms
  Thread calibration: mean lat.: 268.736ms, rate sampling interval: 1342ms
  Thread calibration: mean lat.: 277.683ms, rate sampling interval: 1363ms
  Thread calibration: mean lat.: 295.630ms, rate sampling interval: 1455ms
  Thread calibration: mean lat.: 296.493ms, rate sampling interval: 1501ms
  Thread calibration: mean lat.: 305.487ms, rate sampling interval: 1577ms
  Thread calibration: mean lat.: 333.848ms, rate sampling interval: 1563ms
  Thread calibration: mean lat.: 292.798ms, rate sampling interval: 1486ms
  Thread calibration: mean lat.: 283.880ms, rate sampling interval: 1439ms
  Thread calibration: mean lat.: 293.175ms, rate sampling interval: 1502ms
  Thread calibration: mean lat.: 299.526ms, rate sampling interval: 1491ms

-----------------------------------------------------------------------
Test Results @ http://10.10.1.1:35677 
  Thread Stats   Avg      Stdev     99%   +/- Stdev
    Latency     3.89s     1.43s    6.12s    62.33%
    Req/Sec    48.96      2.76    55.00     78.95%
  Latency Distribution (HdrHistogram - Recorded Latency)
 50.000%    4.22s 
 75.000%    5.07s 
 90.000%    5.54s 
 99.000%    6.12s 
 99.900%    6.41s 
 99.990%    6.60s 
 99.999%    6.70s 
100.000%    6.70s 

  Detailed Percentile spectrum:
       Value   Percentile   TotalCount 1/(1-Percentile)

     658.431     0.000000            1         1.00
    1707.007     0.100000        16039         1.11
    2338.815     0.200000        32057         1.25
    3108.863     0.300000        48103         1.43
    3655.679     0.400000        64130         1.67
    4218.879     0.500000        80154         2.00
    4456.447     0.550000        88188         2.22
    4653.055     0.600000        96248         2.50
    4804.607     0.650000       104191         2.86
    4935.679     0.700000       112295         3.33
    5066.751     0.750000       120274         4.00
    5136.383     0.775000       124305         4.44
    5206.015     0.800000       128239         5.00
    5283.839     0.825000       132326         5.71
    5361.663     0.850000       136307         6.67
    5447.679     0.875000       140310         8.00
    5492.735     0.887500       142259         8.89
    5541.887     0.900000       144348        10.00
    5591.039     0.912500       146384        11.43
    5644.287     0.925000       148249        13.33
    5705.727     0.937500       150370        16.00
    5734.399     0.943750       151286        17.78
    5771.263     0.950000       152317        20.00
    5808.127     0.956250       153318        22.86
    5849.087     0.962500       154271        26.67
    5898.239     0.968750       155341        32.00
    5918.719     0.971875       155787        35.56
    5947.391     0.975000       156311        40.00
    5976.063     0.978125       156778        45.71
    6004.735     0.981250       157261        53.33
    6041.599     0.984375       157771        64.00
    6062.079     0.985938       158057        71.11
    6082.559     0.987500       158311        80.00
    6103.039     0.989062       158513        91.43
    6131.711     0.990625       158777       106.67
    6160.383     0.992188       159013       128.00
    6176.767     0.992969       159147       142.22
    6197.247     0.993750       159274       160.00
    6217.727     0.994531       159408       182.86
    6238.207     0.995313       159532       213.33
    6262.783     0.996094       159641       256.00
    6275.071     0.996484       159708       284.44
    6287.359     0.996875       159768       320.00
    6303.743     0.997266       159827       365.71
    6324.223     0.997656       159896       426.67
    6340.607     0.998047       159957       512.00
    6352.895     0.998242       159984       568.89
    6369.279     0.998437       160022       640.00
    6381.567     0.998633       160055       731.43
    6397.951     0.998828       160086       853.33
    6410.239     0.999023       160111      1024.00
    6422.527     0.999121       160129      1137.78
    6430.719     0.999219       160141      1280.00
    6443.007     0.999316       160160      1462.86
    6459.391     0.999414       160172      1706.67
    6475.775     0.999512       160189      2048.00
    6483.967     0.999561       160194      2275.56
    6500.351     0.999609       160202      2560.00
    6508.543     0.999658       160211      2925.71
    6537.215     0.999707       160222      3413.33
    6541.311     0.999756       160225      4096.00
    6549.503     0.999780       160230      4551.11
    6561.791     0.999805       160235      5120.00
    6569.983     0.999829       160238      5851.43
    6582.271     0.999854       160242      6826.67
    6590.463     0.999878       160245      8192.00
    6598.655     0.999890       160247      9102.22
    6606.847     0.999902       160249     10240.00
    6615.039     0.999915       160251     11702.86
    6619.135     0.999927       160253     13653.33
    6635.519     0.999939       160255     16384.00
    6639.615     0.999945       160256     18204.44
    6660.095     0.999951       160257     20480.00
    6664.191     0.999957       160258     23405.71
    6668.287     0.999963       160259     27306.67
    6672.383     0.999969       160260     32768.00
    6672.383     0.999973       160260     36408.89
    6680.575     0.999976       160261     40960.00
    6680.575     0.999979       160261     46811.43
    6696.959     0.999982       160263     54613.33
    6696.959     0.999985       160263     65536.00
    6696.959     0.999986       160263     72817.78
    6696.959     0.999988       160263     81920.00
    6696.959     0.999989       160263     93622.86
    6696.959     0.999991       160263    109226.67
    6696.959     0.999992       160263    131072.00
    6696.959     0.999993       160263    145635.56
    6701.055     0.999994       160264    163840.00
    6701.055     1.000000       160264          inf
#[Mean    =     3889.568, StdDeviation   =     1428.474]
#[Max     =     6696.960, Total count    =       160264]
#[Buckets =           27, SubBuckets     =         2048]
-----------------------------------------------------------------------
  192446 requests in 1.00m, 29.84MB read
Requests/sec:   3214.06  
Transfer/sec:    510.39KB

=== rps=3800 c=722 t=73 url=http://10.10.1.1:35677 ===
setup: assigned thread_id=1
init: final thread_id=1, base_seed=nil
setup: assigned thread_id=2
init: final thread_id=2, base_seed=nil
setup: assigned thread_id=3
init: final thread_id=3, base_seed=nil
setup: assigned thread_id=4
init: final thread_id=4, base_seed=nil
setup: assigned thread_id=5
init: final thread_id=5, base_seed=nil
setup: assigned thread_id=6
init: final thread_id=6, base_seed=nil
setup: assigned thread_id=7
init: final thread_id=7, base_seed=nil
setup: assigned thread_id=8
init: final thread_id=8, base_seed=nil
setup: assigned thread_id=9
init: final thread_id=9, base_seed=nil
setup: assigned thread_id=10
init: final thread_id=10, base_seed=nil
setup: assigned thread_id=11
init: final thread_id=11, base_seed=nil
setup: assigned thread_id=12
init: final thread_id=12, base_seed=nil
setup: assigned thread_id=13
init: final thread_id=13, base_seed=nil
setup: assigned thread_id=14
init: final thread_id=14, base_seed=nil
setup: assigned thread_id=15
init: final thread_id=15, base_seed=nil
setup: assigned thread_id=16
init: final thread_id=16, base_seed=nil
setup: assigned thread_id=17
init: final thread_id=17, base_seed=nil
setup: assigned thread_id=18
init: final thread_id=18, base_seed=nil
setup: assigned thread_id=19
init: final thread_id=19, base_seed=nil
setup: assigned thread_id=20
init: final thread_id=20, base_seed=nil
setup: assigned thread_id=21
init: final thread_id=21, base_seed=nil
setup: assigned thread_id=22
init: final thread_id=22, base_seed=nil
setup: assigned thread_id=23
init: final thread_id=23, base_seed=nil
setup: assigned thread_id=24
init: final thread_id=24, base_seed=nil
setup: assigned thread_id=25
init: final thread_id=25, base_seed=nil
setup: assigned thread_id=26
init: final thread_id=26, base_seed=nil
setup: assigned thread_id=27
init: final thread_id=27, base_seed=nil
setup: assigned thread_id=28
init: final thread_id=28, base_seed=nil
setup: assigned thread_id=29
init: final thread_id=29, base_seed=nil
setup: assigned thread_id=30
init: final thread_id=30, base_seed=nil
setup: assigned thread_id=31
init: final thread_id=31, base_seed=nil
setup: assigned thread_id=32
init: final thread_id=32, base_seed=nil
setup: assigned thread_id=33
init: final thread_id=33, base_seed=nil
setup: assigned thread_id=34
init: final thread_id=34, base_seed=nil
setup: assigned thread_id=35
init: final thread_id=35, base_seed=nil
setup: assigned thread_id=36
init: final thread_id=36, base_seed=nil
setup: assigned thread_id=37
init: final thread_id=37, base_seed=nil
setup: assigned thread_id=38
init: final thread_id=38, base_seed=nil
setup: assigned thread_id=39
init: final thread_id=39, base_seed=nil
setup: assigned thread_id=40
init: final thread_id=40, base_seed=nil
setup: assigned thread_id=41
init: final thread_id=41, base_seed=nil
setup: assigned thread_id=42
init: final thread_id=42, base_seed=nil
setup: assigned thread_id=43
init: final thread_id=43, base_seed=nil
setup: assigned thread_id=44
init: final thread_id=44, base_seed=nil
setup: assigned thread_id=45
init: final thread_id=45, base_seed=nil
setup: assigned thread_id=46
init: final thread_id=46, base_seed=nil
setup: assigned thread_id=47
init: final thread_id=47, base_seed=nil
setup: assigned thread_id=48
init: final thread_id=48, base_seed=nil
setup: assigned thread_id=49
init: final thread_id=49, base_seed=nil
setup: assigned thread_id=50
init: final thread_id=50, base_seed=nil
setup: assigned thread_id=51
init: final thread_id=51, base_seed=nil
setup: assigned thread_id=52
init: final thread_id=52, base_seed=nil
setup: assigned thread_id=53
init: final thread_id=53, base_seed=nil
setup: assigned thread_id=54
init: final thread_id=54, base_seed=nil
setup: assigned thread_id=55
init: final thread_id=55, base_seed=nil
setup: assigned thread_id=56
init: final thread_id=56, base_seed=nil
setup: assigned thread_id=57
init: final thread_id=57, base_seed=nil
setup: assigned thread_id=58
init: final thread_id=58, base_seed=nil
setup: assigned thread_id=59
init: final thread_id=59, base_seed=nil
setup: assigned thread_id=60
init: final thread_id=60, base_seed=nil
setup: assigned thread_id=61
init: final thread_id=61, base_seed=nil
setup: assigned thread_id=62
init: final thread_id=62, base_seed=nil
setup: assigned thread_id=63
init: final thread_id=63, base_seed=nil
setup: assigned thread_id=64
init: final thread_id=64, base_seed=nil
setup: assigned thread_id=65
init: final thread_id=65, base_seed=nil
setup: assigned thread_id=66
init: final thread_id=66, base_seed=nil
setup: assigned thread_id=67
init: final thread_id=67, base_seed=nil
setup: assigned thread_id=68
init: final thread_id=68, base_seed=nil
setup: assigned thread_id=69
init: final thread_id=69, base_seed=nil
setup: assigned thread_id=70
init: final thread_id=70, base_seed=nil
setup: assigned thread_id=71
init: final thread_id=71, base_seed=nil
setup: assigned thread_id=72
init: final thread_id=72, base_seed=nil
setup: assigned thread_id=73
init: final thread_id=73, base_seed=nil
script_want_response
Running 1m test @ http://10.10.1.1:35677
  73 threads and 722 connections

  Thread calibration: mean lat.: 82.293ms, rate sampling interval: 317ms
  Thread calibration: mean lat.: 81.942ms, rate sampling interval: 316ms
  Thread calibration: mean lat.: 81.491ms, rate sampling interval: 315ms
  Thread calibration: mean lat.: 80.903ms, rate sampling interval: 314ms
  Thread calibration: mean lat.: 80.620ms, rate sampling interval: 313ms
  Thread calibration: mean lat.: 99.939ms, rate sampling interval: 380ms
  Thread calibration: mean lat.: 107.164ms, rate sampling interval: 386ms
  Thread calibration: mean lat.: 103.117ms, rate sampling interval: 381ms
  Thread calibration: mean lat.: 102.939ms, rate sampling interval: 372ms
  Thread calibration: mean lat.: 108.855ms, rate sampling interval: 390ms
  Thread calibration: mean lat.: 103.315ms, rate sampling interval: 372ms
  Thread calibration: mean lat.: 108.010ms, rate sampling interval: 383ms
  Thread calibration: mean lat.: 104.504ms, rate sampling interval: 368ms
  Thread calibration: mean lat.: 103.763ms, rate sampling interval: 338ms
  Thread calibration: mean lat.: 106.284ms, rate sampling interval: 381ms
  Thread calibration: mean lat.: 97.307ms, rate sampling interval: 337ms
  Thread calibration: mean lat.: 96.455ms, rate sampling interval: 354ms
  Thread calibration: mean lat.: 96.049ms, rate sampling interval: 358ms
  Thread calibration: mean lat.: 91.166ms, rate sampling interval: 353ms
  Thread calibration: mean lat.: 95.265ms, rate sampling interval: 367ms
  Thread calibration: mean lat.: 99.025ms, rate sampling interval: 489ms
  Thread calibration: mean lat.: 99.862ms, rate sampling interval: 489ms
  Thread calibration: mean lat.: 107.779ms, rate sampling interval: 504ms
  Thread calibration: mean lat.: 101.636ms, rate sampling interval: 490ms
  Thread calibration: mean lat.: 96.031ms, rate sampling interval: 444ms
  Thread calibration: mean lat.: 101.418ms, rate sampling interval: 482ms
  Thread calibration: mean lat.: 103.007ms, rate sampling interval: 483ms
  Thread calibration: mean lat.: 96.778ms, rate sampling interval: 453ms
  Thread calibration: mean lat.: 95.287ms, rate sampling interval: 467ms
  Thread calibration: mean lat.: 90.092ms, rate sampling interval: 381ms
  Thread calibration: mean lat.: 85.008ms, rate sampling interval: 333ms
  Thread calibration: mean lat.: 86.003ms, rate sampling interval: 335ms
  Thread calibration: mean lat.: 86.859ms, rate sampling interval: 368ms
  Thread calibration: mean lat.: 87.605ms, rate sampling interval: 391ms
  Thread calibration: mean lat.: 89.639ms, rate sampling interval: 382ms
  Thread calibration: mean lat.: 87.593ms, rate sampling interval: 359ms
  Thread calibration: mean lat.: 93.163ms, rate sampling interval: 385ms
  Thread calibration: mean lat.: 97.677ms, rate sampling interval: 387ms
  Thread calibration: mean lat.: 96.901ms, rate sampling interval: 385ms
  Thread calibration: mean lat.: 99.505ms, rate sampling interval: 391ms
  Thread calibration: mean lat.: 94.847ms, rate sampling interval: 368ms
  Thread calibration: mean lat.: 96.233ms, rate sampling interval: 376ms
  Thread calibration: mean lat.: 107.235ms, rate sampling interval: 394ms
  Thread calibration: mean lat.: 103.970ms, rate sampling interval: 388ms
  Thread calibration: mean lat.: 106.803ms, rate sampling interval: 387ms
  Thread calibration: mean lat.: 106.948ms, rate sampling interval: 385ms
  Thread calibration: mean lat.: 108.231ms, rate sampling interval: 382ms
  Thread calibration: mean lat.: 109.176ms, rate sampling interval: 387ms
  Thread calibration: mean lat.: 111.909ms, rate sampling interval: 389ms
  Thread calibration: mean lat.: 104.985ms, rate sampling interval: 378ms
  Thread calibration: mean lat.: 110.638ms, rate sampling interval: 393ms
  Thread calibration: mean lat.: 106.383ms, rate sampling interval: 379ms
  Thread calibration: mean lat.: 71.496ms, rate sampling interval: 288ms
  Thread calibration: mean lat.: 112.786ms, rate sampling interval: 393ms
  Thread calibration: mean lat.: 114.600ms, rate sampling interval: 447ms
  Thread calibration: mean lat.: 111.036ms, rate sampling interval: 390ms
  Thread calibration: mean lat.: 107.467ms, rate sampling interval: 378ms
  Thread calibration: mean lat.: 112.027ms, rate sampling interval: 433ms
  Thread calibration: mean lat.: 106.676ms, rate sampling interval: 378ms
  Thread calibration: mean lat.: 107.715ms, rate sampling interval: 378ms
  Thread calibration: mean lat.: 109.006ms, rate sampling interval: 404ms
  Thread calibration: mean lat.: 110.552ms, rate sampling interval: 430ms
  Thread calibration: mean lat.: 108.892ms, rate sampling interval: 429ms
  Thread calibration: mean lat.: 105.616ms, rate sampling interval: 416ms
  Thread calibration: mean lat.: 107.734ms, rate sampling interval: 427ms
  Thread calibration: mean lat.: 106.396ms, rate sampling interval: 419ms
  Thread calibration: mean lat.: 106.155ms, rate sampling interval: 420ms
  Thread calibration: mean lat.: 107.654ms, rate sampling interval: 425ms
  Thread calibration: mean lat.: 103.457ms, rate sampling interval: 411ms
  Thread calibration: mean lat.: 102.780ms, rate sampling interval: 412ms
  Thread calibration: mean lat.: 104.502ms, rate sampling interval: 416ms
  Thread calibration: mean lat.: 102.924ms, rate sampling interval: 410ms
  Thread calibration: mean lat.: 107.311ms, rate sampling interval: 419ms

-----------------------------------------------------------------------
Test Results @ http://10.10.1.1:35677 
  Thread Stats   Avg      Stdev     99%   +/- Stdev
    Latency     2.24s     1.62s    5.35s    55.48%
    Req/Sec    46.29      5.91    64.00     79.75%
  Latency Distribution (HdrHistogram - Recorded Latency)
 50.000%    2.22s 
 75.000%    3.64s 
 90.000%    4.51s 
 99.000%    5.35s 
 99.900%    5.73s 
 99.990%    5.92s 
 99.999%    5.99s 
100.000%    6.00s 

  Detailed Percentile spectrum:
       Value   Percentile   TotalCount 1/(1-Percentile)

      10.911     0.000000            1         1.00
      92.671     0.100000        17018         1.11
     430.079     0.200000        34037         1.25
     997.375     0.300000        51061         1.43
    1489.919     0.400000        68083         1.67
    2224.127     0.500000        85130         2.00
    2537.471     0.550000        93650         2.22
    2793.471     0.600000       102120         2.50
    3045.375     0.650000       110671         2.86
    3327.999     0.700000       119169         3.33
    3635.199     0.750000       127658         4.00
    3782.655     0.775000       131906         4.44
    3928.063     0.800000       136187         5.00
    4071.423     0.825000       140407         5.71
    4218.879     0.850000       144728         6.67
    4362.239     0.875000       148922         8.00
    4440.063     0.887500       151113         8.89
    4513.791     0.900000       153204        10.00
    4587.519     0.912500       155304        11.43
    4665.343     0.925000       157450        13.33
    4743.167     0.937500       159542        16.00
    4788.223     0.943750       160676        17.78
    4833.279     0.950000       161728        20.00
    4882.431     0.956250       162785        22.86
    4935.679     0.962500       163814        26.67
    4997.119     0.968750       164863        32.00
    5033.983     0.971875       165405        35.56
    5074.943     0.975000       165959        40.00
    5115.903     0.978125       166471        45.71
    5165.055     0.981250       166990        53.33
    5226.495     0.984375       167546        64.00
    5259.263     0.985938       167809        71.11
    5292.031     0.987500       168060        80.00
    5328.895     0.989062       168323        91.43
    5369.855     0.990625       168587       106.67
    5414.911     0.992188       168855       128.00
    5439.487     0.992969       168989       142.22
    5464.063     0.993750       169113       160.00
    5492.735     0.994531       169252       182.86
    5525.503     0.995313       169391       213.33
    5554.175     0.996094       169516       256.00
    5574.655     0.996484       169589       284.44
    5591.039     0.996875       169649       320.00
    5615.615     0.997266       169729       365.71
    5636.095     0.997656       169790       426.67
    5660.671     0.998047       169857       512.00
    5672.959     0.998242       169888       568.89
    5685.247     0.998437       169912       640.00
    5701.631     0.998633       169950       731.43
    5718.015     0.998828       169983       853.33
    5738.495     0.999023       170018      1024.00
    5746.687     0.999121       170029      1137.78
    5758.975     0.999219       170044      1280.00
    5775.359     0.999316       170062      1462.86
    5783.551     0.999414       170077      1706.67
    5804.031     0.999512       170094      2048.00
    5812.223     0.999561       170102      2275.56
    5820.415     0.999609       170110      2560.00
    5832.703     0.999658       170121      2925.71
    5844.991     0.999707       170127      3413.33
    5857.279     0.999756       170136      4096.00
    5869.567     0.999780       170139      4551.11
    5877.759     0.999805       170146      5120.00
    5881.855     0.999829       170147      5851.43
    5894.143     0.999854       170153      6826.67
    5902.335     0.999878       170156      8192.00
    5914.623     0.999890       170158      9102.22
    5922.815     0.999902       170163     10240.00
    5922.815     0.999915       170163     11702.86
    5926.911     0.999927       170164     13653.33
    5935.103     0.999939       170166     16384.00
    5939.199     0.999945       170167     18204.44
    5951.487     0.999951       170168     20480.00
    5955.583     0.999957       170169     23405.71
    5959.679     0.999963       170170     27306.67
    5971.967     0.999969       170171     32768.00
    5976.063     0.999973       170172     36408.89
    5976.063     0.999976       170172     40960.00
    5980.159     0.999979       170173     46811.43
    5980.159     0.999982       170173     54613.33
    5988.351     0.999985       170174     65536.00
    5988.351     0.999986       170174     72817.78
    5988.351     0.999988       170174     81920.00
    5992.447     0.999989       170175     93622.86
    5992.447     0.999991       170175    109226.67
    5992.447     0.999992       170175    131072.00
    5992.447     0.999993       170175    145635.56
    5992.447     0.999994       170175    163840.00
    6004.735     0.999995       170176    187245.71
    6004.735     1.000000       170176          inf
#[Mean    =     2242.661, StdDeviation   =     1618.032]
#[Max     =     6000.640, Total count    =       170176]
#[Buckets =           27, SubBuckets     =         2048]
-----------------------------------------------------------------------
  207355 requests in 1.00m, 32.15MB read
Requests/sec:   3464.43  
Transfer/sec:    550.06KB

=== rps=4000 c=800 t=80 url=http://10.10.1.1:35677 ===
setup: assigned thread_id=1
init: final thread_id=1, base_seed=nil
setup: assigned thread_id=2
init: final thread_id=2, base_seed=nil
setup: assigned thread_id=3
init: final thread_id=3, base_seed=nil
setup: assigned thread_id=4
init: final thread_id=4, base_seed=nil
setup: assigned thread_id=5
init: final thread_id=5, base_seed=nil
setup: assigned thread_id=6
init: final thread_id=6, base_seed=nil
setup: assigned thread_id=7
init: final thread_id=7, base_seed=nil
setup: assigned thread_id=8
init: final thread_id=8, base_seed=nil
setup: assigned thread_id=9
init: final thread_id=9, base_seed=nil
setup: assigned thread_id=10
init: final thread_id=10, base_seed=nil
setup: assigned thread_id=11
init: final thread_id=11, base_seed=nil
setup: assigned thread_id=12
init: final thread_id=12, base_seed=nil
setup: assigned thread_id=13
init: final thread_id=13, base_seed=nil
setup: assigned thread_id=14
init: final thread_id=14, base_seed=nil
setup: assigned thread_id=15
init: final thread_id=15, base_seed=nil
setup: assigned thread_id=16
init: final thread_id=16, base_seed=nil
setup: assigned thread_id=17
init: final thread_id=17, base_seed=nil
setup: assigned thread_id=18
init: final thread_id=18, base_seed=nil
setup: assigned thread_id=19
init: final thread_id=19, base_seed=nil
setup: assigned thread_id=20
init: final thread_id=20, base_seed=nil
setup: assigned thread_id=21
init: final thread_id=21, base_seed=nil
setup: assigned thread_id=22
init: final thread_id=22, base_seed=nil
setup: assigned thread_id=23
init: final thread_id=23, base_seed=nil
setup: assigned thread_id=24
init: final thread_id=24, base_seed=nil
setup: assigned thread_id=25
init: final thread_id=25, base_seed=nil
setup: assigned thread_id=26
init: final thread_id=26, base_seed=nil
setup: assigned thread_id=27
init: final thread_id=27, base_seed=nil
setup: assigned thread_id=28
init: final thread_id=28, base_seed=nil
setup: assigned thread_id=29
init: final thread_id=29, base_seed=nil
setup: assigned thread_id=30
init: final thread_id=30, base_seed=nil
setup: assigned thread_id=31
init: final thread_id=31, base_seed=nil
setup: assigned thread_id=32
init: final thread_id=32, base_seed=nil
setup: assigned thread_id=33
init: final thread_id=33, base_seed=nil
setup: assigned thread_id=34
init: final thread_id=34, base_seed=nil
setup: assigned thread_id=35
init: final thread_id=35, base_seed=nil
setup: assigned thread_id=36
init: final thread_id=36, base_seed=nil
setup: assigned thread_id=37
init: final thread_id=37, base_seed=nil
setup: assigned thread_id=38
init: final thread_id=38, base_seed=nil
setup: assigned thread_id=39
init: final thread_id=39, base_seed=nil
setup: assigned thread_id=40
init: final thread_id=40, base_seed=nil
setup: assigned thread_id=41
init: final thread_id=41, base_seed=nil
setup: assigned thread_id=42
init: final thread_id=42, base_seed=nil
setup: assigned thread_id=43
init: final thread_id=43, base_seed=nil
setup: assigned thread_id=44
init: final thread_id=44, base_seed=nil
setup: assigned thread_id=45
init: final thread_id=45, base_seed=nil
setup: assigned thread_id=46
init: final thread_id=46, base_seed=nil
setup: assigned thread_id=47
init: final thread_id=47, base_seed=nil
setup: assigned thread_id=48
init: final thread_id=48, base_seed=nil
setup: assigned thread_id=49
init: final thread_id=49, base_seed=nil
setup: assigned thread_id=50
init: final thread_id=50, base_seed=nil
setup: assigned thread_id=51
init: final thread_id=51, base_seed=nil
setup: assigned thread_id=52
init: final thread_id=52, base_seed=nil
setup: assigned thread_id=53
init: final thread_id=53, base_seed=nil
setup: assigned thread_id=54
init: final thread_id=54, base_seed=nil
setup: assigned thread_id=55
init: final thread_id=55, base_seed=nil
setup: assigned thread_id=56
init: final thread_id=56, base_seed=nil
setup: assigned thread_id=57
init: final thread_id=57, base_seed=nil
setup: assigned thread_id=58
init: final thread_id=58, base_seed=nil
setup: assigned thread_id=59
init: final thread_id=59, base_seed=nil
setup: assigned thread_id=60
init: final thread_id=60, base_seed=nil
setup: assigned thread_id=61
init: final thread_id=61, base_seed=nil
setup: assigned thread_id=62
init: final thread_id=62, base_seed=nil
setup: assigned thread_id=63
init: final thread_id=63, base_seed=nil
setup: assigned thread_id=64
init: final thread_id=64, base_seed=nil
setup: assigned thread_id=65
init: final thread_id=65, base_seed=nil
setup: assigned thread_id=66
init: final thread_id=66, base_seed=nil
setup: assigned thread_id=67
init: final thread_id=67, base_seed=nil
setup: assigned thread_id=68
init: final thread_id=68, base_seed=nil
setup: assigned thread_id=69
init: final thread_id=69, base_seed=nil
setup: assigned thread_id=70
init: final thread_id=70, base_seed=nil
setup: assigned thread_id=71
init: final thread_id=71, base_seed=nil
setup: assigned thread_id=72
init: final thread_id=72, base_seed=nil
setup: assigned thread_id=73
init: final thread_id=73, base_seed=nil
setup: assigned thread_id=74
init: final thread_id=74, base_seed=nil
setup: assigned thread_id=75
init: final thread_id=75, base_seed=nil
setup: assigned thread_id=76
init: final thread_id=76, base_seed=nil
setup: assigned thread_id=77
init: final thread_id=77, base_seed=nil
setup: assigned thread_id=78
init: final thread_id=78, base_seed=nil
setup: assigned thread_id=79
init: final thread_id=79, base_seed=nil
setup: assigned thread_id=80
init: final thread_id=80, base_seed=nil
script_want_response
Running 1m test @ http://10.10.1.1:35677
  80 threads and 800 connections

  Thread calibration: mean lat.: 651.596ms, rate sampling interval: 1642ms
  Thread calibration: mean lat.: 682.482ms, rate sampling interval: 2000ms
  Thread calibration: mean lat.: 570.083ms, rate sampling interval: 1575ms
  Thread calibration: mean lat.: 665.340ms, rate sampling interval: 1737ms
  Thread calibration: mean lat.: 669.770ms, rate sampling interval: 1691ms
  Thread calibration: mean lat.: 693.500ms, rate sampling interval: 1989ms
  Thread calibration: mean lat.: 660.707ms, rate sampling interval: 1902ms
  Thread calibration: mean lat.: 653.027ms, rate sampling interval: 1811ms
  Thread calibration: mean lat.: 719.754ms, rate sampling interval: 2036ms
  Thread calibration: mean lat.: 672.827ms, rate sampling interval: 1861ms
  Thread calibration: mean lat.: 662.206ms, rate sampling interval: 1936ms
  Thread calibration: mean lat.: 665.914ms, rate sampling interval: 1807ms
  Thread calibration: mean lat.: 626.595ms, rate sampling interval: 1638ms
  Thread calibration: mean lat.: 639.229ms, rate sampling interval: 1797ms
  Thread calibration: mean lat.: 628.033ms, rate sampling interval: 1791ms
  Thread calibration: mean lat.: 658.888ms, rate sampling interval: 1942ms
  Thread calibration: mean lat.: 642.324ms, rate sampling interval: 1682ms
  Thread calibration: mean lat.: 603.450ms, rate sampling interval: 1591ms
  Thread calibration: mean lat.: 640.862ms, rate sampling interval: 1855ms
  Thread calibration: mean lat.: 595.552ms, rate sampling interval: 1579ms
  Thread calibration: mean lat.: 646.749ms, rate sampling interval: 1916ms
  Thread calibration: mean lat.: 707.517ms, rate sampling interval: 2254ms
  Thread calibration: mean lat.: 629.531ms, rate sampling interval: 1630ms
  Thread calibration: mean lat.: 647.753ms, rate sampling interval: 1725ms
  Thread calibration: mean lat.: 609.272ms, rate sampling interval: 1550ms
  Thread calibration: mean lat.: 647.434ms, rate sampling interval: 1805ms
  Thread calibration: mean lat.: 722.099ms, rate sampling interval: 1993ms
  Thread calibration: mean lat.: 639.111ms, rate sampling interval: 1753ms
  Thread calibration: mean lat.: 731.427ms, rate sampling interval: 2226ms
  Thread calibration: mean lat.: 719.098ms, rate sampling interval: 2024ms
  Thread calibration: mean lat.: 697.980ms, rate sampling interval: 2027ms
  Thread calibration: mean lat.: 615.577ms, rate sampling interval: 1593ms
  Thread calibration: mean lat.: 649.752ms, rate sampling interval: 1728ms
  Thread calibration: mean lat.: 681.758ms, rate sampling interval: 1724ms
  Thread calibration: mean lat.: 615.966ms, rate sampling interval: 1591ms
  Thread calibration: mean lat.: 661.726ms, rate sampling interval: 1718ms
  Thread calibration: mean lat.: 668.625ms, rate sampling interval: 1815ms
  Thread calibration: mean lat.: 661.431ms, rate sampling interval: 1879ms
  Thread calibration: mean lat.: 663.124ms, rate sampling interval: 1805ms
  Thread calibration: mean lat.: 650.954ms, rate sampling interval: 1728ms
  Thread calibration: mean lat.: 659.922ms, rate sampling interval: 1778ms
  Thread calibration: mean lat.: 648.104ms, rate sampling interval: 1667ms
  Thread calibration: mean lat.: 664.705ms, rate sampling interval: 1833ms
  Thread calibration: mean lat.: 660.623ms, rate sampling interval: 1747ms
  Thread calibration: mean lat.: 709.176ms, rate sampling interval: 1964ms
  Thread calibration: mean lat.: 674.232ms, rate sampling interval: 1790ms
  Thread calibration: mean lat.: 743.667ms, rate sampling interval: 2195ms
  Thread calibration: mean lat.: 678.431ms, rate sampling interval: 1842ms
  Thread calibration: mean lat.: 634.123ms, rate sampling interval: 1747ms
  Thread calibration: mean lat.: 656.569ms, rate sampling interval: 1804ms
  Thread calibration: mean lat.: 707.529ms, rate sampling interval: 1973ms
  Thread calibration: mean lat.: 661.851ms, rate sampling interval: 1719ms
  Thread calibration: mean lat.: 651.748ms, rate sampling interval: 1633ms
  Thread calibration: mean lat.: 653.728ms, rate sampling interval: 1777ms
  Thread calibration: mean lat.: 706.579ms, rate sampling interval: 2037ms
  Thread calibration: mean lat.: 644.834ms, rate sampling interval: 1678ms
  Thread calibration: mean lat.: 689.617ms, rate sampling interval: 1940ms
  Thread calibration: mean lat.: 618.285ms, rate sampling interval: 1610ms
  Thread calibration: mean lat.: 689.891ms, rate sampling interval: 1848ms
  Thread calibration: mean lat.: 737.222ms, rate sampling interval: 2224ms
  Thread calibration: mean lat.: 709.905ms, rate sampling interval: 1950ms
  Thread calibration: mean lat.: 657.230ms, rate sampling interval: 1728ms
  Thread calibration: mean lat.: 755.070ms, rate sampling interval: 2181ms
  Thread calibration: mean lat.: 714.605ms, rate sampling interval: 1878ms
  Thread calibration: mean lat.: 621.287ms, rate sampling interval: 1573ms
  Thread calibration: mean lat.: 751.205ms, rate sampling interval: 1993ms
  Thread calibration: mean lat.: 754.465ms, rate sampling interval: 1973ms
  Thread calibration: mean lat.: 704.743ms, rate sampling interval: 1970ms
  Thread calibration: mean lat.: 637.398ms, rate sampling interval: 1730ms
  Thread calibration: mean lat.: 690.491ms, rate sampling interval: 1763ms
  Thread calibration: mean lat.: 769.117ms, rate sampling interval: 2258ms
  Thread calibration: mean lat.: 745.275ms, rate sampling interval: 1960ms
  Thread calibration: mean lat.: 718.570ms, rate sampling interval: 1838ms
  Thread calibration: mean lat.: 784.359ms, rate sampling interval: 2146ms
  Thread calibration: mean lat.: 724.404ms, rate sampling interval: 1883ms
  Thread calibration: mean lat.: 708.681ms, rate sampling interval: 1885ms
  Thread calibration: mean lat.: 721.654ms, rate sampling interval: 1842ms
  Thread calibration: mean lat.: 642.024ms, rate sampling interval: 1674ms
  Thread calibration: mean lat.: 738.344ms, rate sampling interval: 1826ms
  Thread calibration: mean lat.: 755.484ms, rate sampling interval: 1918ms

-----------------------------------------------------------------------
Test Results @ http://10.10.1.1:35677 
  Thread Stats   Avg      Stdev     99%   +/- Stdev
    Latency     3.37s     1.70s    8.45s    66.11%
    Req/Sec    44.07      2.53    49.00     82.48%
  Latency Distribution (HdrHistogram - Recorded Latency)
 50.000%    3.17s 
 75.000%    4.63s 
 90.000%    5.51s 
 99.000%    8.45s 
 99.900%    9.58s 
 99.990%    9.98s 
 99.999%   10.28s 
100.000%   10.40s 

  Detailed Percentile spectrum:
       Value   Percentile   TotalCount 1/(1-Percentile)

     545.791     0.000000            2         1.00
    1372.159     0.100000        17757         1.11
    1767.423     0.200000        35484         1.25
    2117.631     0.300000        53310         1.43
    2490.367     0.400000        70992         1.67
    3174.399     0.500000        88709         2.00
    3518.463     0.550000        97577         2.22
    3831.807     0.600000       106453         2.50
    4124.671     0.650000       115371         2.86
    4390.911     0.700000       124345         3.33
    4632.575     0.750000       133240         4.00
    4747.263     0.775000       137644         4.44
    4874.239     0.800000       141943         5.00
    5005.311     0.825000       146431         5.71
    5148.671     0.850000       150851         6.67
    5320.703     0.875000       155249         8.00
    5406.719     0.887500       157476         8.89
    5509.119     0.900000       159697        10.00
    5619.711     0.912500       161906        11.43
    5750.783     0.925000       164175        13.33
    5902.335     0.937500       166360        16.00
    5996.543     0.943750       167447        17.78
    6111.231     0.950000       168567        20.00
    6270.975     0.956250       169660        22.86
    6475.775     0.962500       170760        26.67
    6750.207     0.968750       171875        32.00
    6914.047     0.971875       172431        35.56
    7098.367     0.975000       172977        40.00
    7323.647     0.978125       173532        45.71
    7585.791     0.981250       174093        53.33
    7876.607     0.984375       174643        64.00
    8028.159     0.985938       174921        71.11
    8163.327     0.987500       175196        80.00
    8331.263     0.989062       175475        91.43
    8519.679     0.990625       175762       106.67
    8683.519     0.992188       176031       128.00
    8773.631     0.992969       176166       142.22
    8863.743     0.993750       176303       160.00
    8945.663     0.994531       176442       182.86
    9035.775     0.995313       176585       213.33
    9125.887     0.996094       176724       256.00
    9175.039     0.996484       176791       284.44
    9232.383     0.996875       176861       320.00
    9273.343     0.997266       176935       365.71
    9322.495     0.997656       177004       426.67
    9396.223     0.998047       177075       512.00
    9428.991     0.998242       177105       568.89
    9461.759     0.998437       177136       640.00
    9494.527     0.998633       177174       731.43
    9527.295     0.998828       177204       853.33
    9584.639     0.999023       177239      1024.00
    9617.407     0.999121       177256      1137.78
    9650.175     0.999219       177276      1280.00
    9674.751     0.999316       177290      1462.86
    9715.711     0.999414       177315      1706.67
    9732.095     0.999512       177327      2048.00
    9756.671     0.999561       177336      2275.56
    9773.055     0.999609       177344      2560.00
    9805.823     0.999658       177351      2925.71
    9838.591     0.999707       177360      3413.33
    9863.167     0.999756       177369      4096.00
    9871.359     0.999780       177373      4551.11
    9879.551     0.999805       177378      5120.00
    9895.935     0.999829       177381      5851.43
    9928.703     0.999854       177387      6826.67
    9961.471     0.999878       177392      8192.00
    9961.471     0.999890       177392      9102.22
    9977.855     0.999902       177395     10240.00
    9994.239     0.999915       177396     11702.86
   10010.623     0.999927       177399     13653.33
   10059.775     0.999939       177401     16384.00
   10084.351     0.999945       177403     18204.44
   10084.351     0.999951       177403     20480.00
   10174.463     0.999957       177404     23405.71
   10199.039     0.999963       177405     27306.67
   10215.423     0.999969       177406     32768.00
   10248.191     0.999973       177407     36408.89
   10248.191     0.999976       177407     40960.00
   10272.767     0.999979       177408     46811.43
   10272.767     0.999982       177408     54613.33
   10280.959     0.999985       177409     65536.00
   10280.959     0.999986       177409     72817.78
   10280.959     0.999988       177409     81920.00
   10289.151     0.999989       177410     93622.86
   10289.151     0.999991       177410    109226.67
   10289.151     0.999992       177410    131072.00
   10289.151     0.999993       177410    145635.56
   10289.151     0.999994       177410    163840.00
   10403.839     0.999995       177411    187245.71
   10403.839     1.000000       177411          inf
#[Mean    =     3370.298, StdDeviation   =     1703.647]
#[Max     =    10395.648, Total count    =       177411]
#[Buckets =           27, SubBuckets     =         2048]
-----------------------------------------------------------------------
  213188 requests in 1.00m, 33.06MB read
Requests/sec:   3564.03  
Transfer/sec:    565.92KB
