time	phase	step_rps	category	source	metric	value
1781384309	snap	0	otelcol	otelcol-sb-esrev1-ctr-9czsx	otelcol_process_memory_rss	180244480
1781384309	snap	0	otelcol	otelcol-sb-esrev1-ctr-9czsx	otelcol_process_runtime_heap_alloc_bytes	21175456
1781384309	snap	0	otelcol	otelcol-sb-esrev1-ctr-9czsx	otelcol_process_cpu_seconds	1
1781384309	snap	0	otelcol	otelcol-sb-esrev1-ctr-9czsx	otelcol_process_uptime	83
1781384309	snap	0	otelcol	otelcol-sb-esrev1-ctr-9czsx	otelcol_process_runtime_total_sys_memory_bytes	48969992
1781384309	snap	0	otelcol	otelcol-sb-esrev1-ctr-9czsx	otelcol_exporter_queue_capacity	1001
1781384309	snap	0	otelcol	otelcol-sb-esrev1-ctr-9czsx	otelcol_processor_batch_metadata_cardinality	1
1781384309	snap	0	otelcol	otelcol-sb-esrev1-ctr-9czsx	otelcol_process_runtime_total_alloc_bytes	34604488
1781384309	snap	0	otelcol	otelcol-sb-esrev1-ctr-9czsx	otelcol_exporter_queue_size	0
1781384309	snap	0	otelcol	otelcol-sb-esrev1-ctr-r7tfk	otelcol_process_uptime	82
1781384309	snap	0	otelcol	otelcol-sb-esrev1-ctr-r7tfk	otelcol_process_cpu_seconds	1
1781384309	snap	0	otelcol	otelcol-sb-esrev1-ctr-r7tfk	otelcol_processor_batch_metadata_cardinality	1
1781384309	snap	0	otelcol	otelcol-sb-esrev1-ctr-r7tfk	otelcol_process_runtime_total_alloc_bytes	34519632
1781384309	snap	0	otelcol	otelcol-sb-esrev1-ctr-r7tfk	otelcol_process_runtime_heap_alloc_bytes	21629040
1781384309	snap	0	otelcol	otelcol-sb-esrev1-ctr-r7tfk	otelcol_process_memory_rss	179093504
1781384309	snap	0	otelcol	otelcol-sb-esrev1-ctr-r7tfk	otelcol_exporter_queue_capacity	1001
1781384309	snap	0	otelcol	otelcol-sb-esrev1-ctr-r7tfk	otelcol_exporter_queue_size	0
1781384309	snap	0	otelcol	otelcol-sb-esrev1-ctr-r7tfk	otelcol_process_runtime_total_sys_memory_bytes	44042520
1781384309	snap	0	otelcol	otelcol-sb-esrev1-ctr-srbgp	otelcol_processor_batch_batch_send_size_sum	113834
1781384309	snap	0	otelcol	otelcol-sb-esrev1-ctr-srbgp	otelcol_exporter_sent_spans	113834
1781384309	snap	0	otelcol	otelcol-sb-esrev1-ctr-srbgp	otelcol_exporter_queue_size	0
1781384309	snap	0	otelcol	otelcol-sb-esrev1-ctr-srbgp	otelcol_exporter_queue_capacity	1001
1781384309	snap	0	otelcol	otelcol-sb-esrev1-ctr-srbgp	otelcol_processor_incoming_items	134834
1781384309	snap	0	otelcol	otelcol-sb-esrev1-ctr-srbgp	otelcol_receiver_failed_spans	0
1781384309	snap	0	otelcol	otelcol-sb-esrev1-ctr-srbgp	otelcol_processor_outgoing_items	113834
1781384309	snap	0	otelcol	otelcol-sb-esrev1-ctr-srbgp	otelcol_process_runtime_heap_alloc_bytes	51612536
1781384309	snap	0	otelcol	otelcol-sb-esrev1-ctr-srbgp	otelcol_processor_batch_metadata_cardinality	1
1781384309	snap	0	otelcol	otelcol-sb-esrev1-ctr-srbgp	otelcol_receiver_refused_spans	21000
1781384309	snap	0	otelcol	otelcol-sb-esrev1-ctr-srbgp	otelcol_processor_batch_timeout_trigger_send	166
1781384309	snap	0	otelcol	otelcol-sb-esrev1-ctr-srbgp	otelcol_process_runtime_total_sys_memory_bytes	84314392
1781384309	snap	0	otelcol	otelcol-sb-esrev1-ctr-srbgp	otelcol_process_cpu_seconds	3
1781384309	snap	0	otelcol	otelcol-sb-esrev1-ctr-srbgp	otelcol_exporter_queue_batch_send_size_sum	113834
1781384309	snap	0	otelcol	otelcol-sb-esrev1-ctr-srbgp	otelcol_process_runtime_total_alloc_bytes	124732616
1781384309	snap	0	otelcol	otelcol-sb-esrev1-ctr-srbgp	otelcol_process_memory_rss	213409792
1781384309	snap	0	otelcol	otelcol-sb-esrev1-ctr-srbgp	otelcol_process_uptime	84
1781384309	snap	0	otelcol	otelcol-sb-esrev1-ctr-srbgp	otelcol_receiver_accepted_spans	113834
1781384309	snap	0	otelcol	otelcol-sb-esrev1-ctr-srbgp	otelcol_exporter_send_failed_spans	0
1781384309	snap	0	otelcol	otelcol-sb-esrev1-ctr-j2cng	otelcol_exporter_queue_capacity	1001
1781384309	snap	0	otelcol	otelcol-sb-esrev1-ctr-j2cng	otelcol_process_memory_rss	176529408
1781384309	snap	0	otelcol	otelcol-sb-esrev1-ctr-j2cng	otelcol_process_cpu_seconds	1
1781384309	snap	0	otelcol	otelcol-sb-esrev1-ctr-j2cng	otelcol_process_runtime_total_alloc_bytes	34599160
1781384309	snap	0	otelcol	otelcol-sb-esrev1-ctr-j2cng	otelcol_process_runtime_heap_alloc_bytes	21114840
1781384309	snap	0	otelcol	otelcol-sb-esrev1-ctr-j2cng	otelcol_processor_batch_metadata_cardinality	1
1781384309	snap	0	otelcol	otelcol-sb-esrev1-ctr-j2cng	otelcol_process_uptime	83
1781384309	snap	0	otelcol	otelcol-sb-esrev1-ctr-j2cng	otelcol_process_runtime_total_sys_memory_bytes	48199944
1781384309	snap	0	otelcol	otelcol-sb-esrev1-ctr-j2cng	otelcol_exporter_queue_size	0
1781384309	snap	0	otelcol	otelcol-sb-esrev1-ctr-z4fxx	otelcol_exporter_queue_size	0
1781384309	snap	0	otelcol	otelcol-sb-esrev1-ctr-z4fxx	otelcol_processor_batch_metadata_cardinality	1
1781384309	snap	0	otelcol	otelcol-sb-esrev1-ctr-z4fxx	otelcol_process_runtime_total_alloc_bytes	34681232
1781384309	snap	0	otelcol	otelcol-sb-esrev1-ctr-z4fxx	otelcol_process_memory_rss	182509568
1781384309	snap	0	otelcol	otelcol-sb-esrev1-ctr-z4fxx	otelcol_process_runtime_total_sys_memory_bytes	43718920
1781384309	snap	0	otelcol	otelcol-sb-esrev1-ctr-z4fxx	otelcol_exporter_queue_capacity	1001
1781384309	snap	0	otelcol	otelcol-sb-esrev1-ctr-z4fxx	otelcol_process_uptime	83
1781384309	snap	0	otelcol	otelcol-sb-esrev1-ctr-z4fxx	otelcol_process_runtime_heap_alloc_bytes	21382456
1781384309	snap	0	otelcol	otelcol-sb-esrev1-ctr-z4fxx	otelcol_process_cpu_seconds	1
1781384309	snap	0	otelcol	otelcol-sb-esrev1-ctr-bdbcb	otelcol_process_uptime	83
1781384309	snap	0	otelcol	otelcol-sb-esrev1-ctr-bdbcb	otelcol_process_memory_rss	179679232
1781384309	snap	0	otelcol	otelcol-sb-esrev1-ctr-bdbcb	otelcol_process_cpu_seconds	1
1781384309	snap	0	otelcol	otelcol-sb-esrev1-ctr-bdbcb	otelcol_exporter_queue_capacity	1001
1781384309	snap	0	otelcol	otelcol-sb-esrev1-ctr-bdbcb	otelcol_process_runtime_total_sys_memory_bytes	48531736
1781384309	snap	0	otelcol	otelcol-sb-esrev1-ctr-bdbcb	otelcol_process_runtime_heap_alloc_bytes	21145416
1781384309	snap	0	otelcol	otelcol-sb-esrev1-ctr-bdbcb	otelcol_processor_batch_metadata_cardinality	1
1781384309	snap	0	otelcol	otelcol-sb-esrev1-ctr-bdbcb	otelcol_process_runtime_total_alloc_bytes	34674600
1781384309	snap	0	otelcol	otelcol-sb-esrev1-ctr-bdbcb	otelcol_exporter_queue_size	0
1781384309	snap	0	otelcol	otelcol-sb-esrev1-ctr-zjs5l	otelcol_receiver_refused_spans	0
1781384309	snap	0	otelcol	otelcol-sb-esrev1-ctr-zjs5l	otelcol_processor_batch_timeout_trigger_send	164
1781384309	snap	0	otelcol	otelcol-sb-esrev1-ctr-zjs5l	otelcol_exporter_sent_spans	75248
1781384309	snap	0	otelcol	otelcol-sb-esrev1-ctr-zjs5l	otelcol_receiver_failed_spans	0
1781384309	snap	0	otelcol	otelcol-sb-esrev1-ctr-zjs5l	otelcol_process_runtime_total_sys_memory_bytes	78588184
1781384309	snap	0	otelcol	otelcol-sb-esrev1-ctr-zjs5l	otelcol_process_uptime	82
1781384309	snap	0	otelcol	otelcol-sb-esrev1-ctr-zjs5l	otelcol_exporter_queue_size	0
1781384309	snap	0	otelcol	otelcol-sb-esrev1-ctr-zjs5l	otelcol_receiver_accepted_spans	75248
1781384309	snap	0	otelcol	otelcol-sb-esrev1-ctr-zjs5l	otelcol_process_runtime_total_alloc_bytes	86693632
1781384309	snap	0	otelcol	otelcol-sb-esrev1-ctr-zjs5l	otelcol_process_runtime_heap_alloc_bytes	40834632
1781384309	snap	0	otelcol	otelcol-sb-esrev1-ctr-zjs5l	otelcol_processor_batch_batch_send_size_sum	75248
1781384309	snap	0	otelcol	otelcol-sb-esrev1-ctr-zjs5l	otelcol_process_memory_rss	212066304
1781384309	snap	0	otelcol	otelcol-sb-esrev1-ctr-zjs5l	otelcol_exporter_queue_capacity	1001
1781384309	snap	0	otelcol	otelcol-sb-esrev1-ctr-zjs5l	otelcol_exporter_queue_batch_send_size_sum	75248
1781384309	snap	0	otelcol	otelcol-sb-esrev1-ctr-zjs5l	otelcol_processor_incoming_items	75248
1781384309	snap	0	otelcol	otelcol-sb-esrev1-ctr-zjs5l	otelcol_processor_outgoing_items	75248
1781384309	snap	0	otelcol	otelcol-sb-esrev1-ctr-zjs5l	otelcol_processor_batch_metadata_cardinality	1
1781384309	snap	0	otelcol	otelcol-sb-esrev1-ctr-zjs5l	otelcol_process_cpu_seconds	2
1781384309	snap	0	otelcol	otelcol-sb-esrev1-ctr-zjs5l	otelcol_exporter_send_failed_spans	0
1781384309	snap	0	otelcol	otelcol-sb-esrev1-ctr-mqr25	otelcol_processor_batch_timeout_trigger_send	166
1781384309	snap	0	otelcol	otelcol-sb-esrev1-ctr-mqr25	otelcol_exporter_queue_size	0
1781384309	snap	0	otelcol	otelcol-sb-esrev1-ctr-mqr25	otelcol_processor_incoming_items	79096
1781384309	snap	0	otelcol	otelcol-sb-esrev1-ctr-mqr25	otelcol_processor_batch_batch_send_size_sum	79096
1781384309	snap	0	otelcol	otelcol-sb-esrev1-ctr-mqr25	otelcol_process_runtime_heap_alloc_bytes	49257368
1781384309	snap	0	otelcol	otelcol-sb-esrev1-ctr-mqr25	otelcol_processor_outgoing_items	79096
1781384309	snap	0	otelcol	otelcol-sb-esrev1-ctr-mqr25	otelcol_process_runtime_total_alloc_bytes	92038664
1781384309	snap	0	otelcol	otelcol-sb-esrev1-ctr-mqr25	otelcol_exporter_send_failed_spans	0
1781384309	snap	0	otelcol	otelcol-sb-esrev1-ctr-mqr25	otelcol_receiver_failed_spans	0
1781384309	snap	0	otelcol	otelcol-sb-esrev1-ctr-mqr25	otelcol_process_memory_rss	212307968
1781384309	snap	0	otelcol	otelcol-sb-esrev1-ctr-mqr25	otelcol_process_cpu_seconds	2
1781384309	snap	0	otelcol	otelcol-sb-esrev1-ctr-mqr25	otelcol_processor_batch_metadata_cardinality	1
1781384309	snap	0	otelcol	otelcol-sb-esrev1-ctr-mqr25	otelcol_process_uptime	83
1781384309	snap	0	otelcol	otelcol-sb-esrev1-ctr-mqr25	otelcol_exporter_sent_spans	79096
1781384309	snap	0	otelcol	otelcol-sb-esrev1-ctr-mqr25	otelcol_exporter_queue_batch_send_size_sum	79096
1781384309	snap	0	otelcol	otelcol-sb-esrev1-ctr-mqr25	otelcol_receiver_refused_spans	0
1781384309	snap	0	otelcol	otelcol-sb-esrev1-ctr-mqr25	otelcol_process_runtime_total_sys_memory_bytes	83388696
1781384309	snap	0	otelcol	otelcol-sb-esrev1-ctr-mqr25	otelcol_receiver_accepted_spans	79096
1781384309	snap	0	otelcol	otelcol-sb-esrev1-ctr-mqr25	otelcol_exporter_queue_capacity	1001
1781384309	snap	0	otelcol	otelcol-sb-esrev1-ctr-j7lcx	otelcol_processor_batch_metadata_cardinality	1
1781384309	snap	0	otelcol	otelcol-sb-esrev1-ctr-j7lcx	otelcol_process_runtime_total_alloc_bytes	34471664
1781384309	snap	0	otelcol	otelcol-sb-esrev1-ctr-j7lcx	otelcol_process_cpu_seconds	1
1781384309	snap	0	otelcol	otelcol-sb-esrev1-ctr-j7lcx	otelcol_process_runtime_heap_alloc_bytes	22881272
1781384309	snap	0	otelcol	otelcol-sb-esrev1-ctr-j7lcx	otelcol_process_memory_rss	179699712
1781384309	snap	0	otelcol	otelcol-sb-esrev1-ctr-j7lcx	otelcol_process_uptime	81
1781384309	snap	0	otelcol	otelcol-sb-esrev1-ctr-j7lcx	otelcol_process_runtime_total_sys_memory_bytes	44513544
1781384309	snap	0	otelcol	otelcol-sb-esrev1-ctr-j7lcx	otelcol_exporter_queue_size	0
1781384309	snap	0	otelcol	otelcol-sb-esrev1-ctr-j7lcx	otelcol_exporter_queue_capacity	1001
1781384309	snap	0	k8s	otelcol-sb-esrev1-ctr-9czsx	restart_count	0
1781384309	snap	0	k8s	otelcol-sb-esrev1-ctr-bdbcb	restart_count	0
1781384309	snap	0	k8s	otelcol-sb-esrev1-ctr-j2cng	restart_count	0
1781384309	snap	0	k8s	otelcol-sb-esrev1-ctr-j7lcx	restart_count	0
1781384309	snap	0	k8s	otelcol-sb-esrev1-ctr-mqr25	restart_count	0
1781384309	snap	0	k8s	otelcol-sb-esrev1-ctr-r7tfk	restart_count	0
1781384309	snap	0	k8s	otelcol-sb-esrev1-ctr-srbgp	restart_count	0
1781384309	snap	0	k8s	otelcol-sb-esrev1-ctr-z4fxx	restart_count	0
1781384309	snap	0	k8s	otelcol-sb-esrev1-ctr-zjs5l	restart_count	0
1781384309	snap	0	sdk	wrk2api	spans_received	77172
1781384309	snap	0	sdk	wrk2api	spans_sent	77172
1781384309	snap	0	sdk	wrk2api	spans_dropped	0
1781384309	snap	0	sdk	wrk2api	spans_flushed	77172
1781384309	snap	0	sdk	wrk2api	batches_sent	502
1781384309	snap	0	sdk	wrk2api	batches_dropped	0
1781384309	snap	0	sdk	wrk2api	send_unavailable	0
1781384309	snap	0	sdk	wrk2api	send_deadline	0
1781384309	snap	0	sdk	wrk2api	send_exhausted	0
1781384309	snap	0	sdk	wrk2api	send_canceled	0
1781384309	snap	0	sdk	wrk2api	send_other	0
1781384309	snap	0	sdk	wrk2api	buffer_depth	0
0
1781384309	snap	0	sdk	wrk2api	cp_received	38586
1781384309	snap	0	sdk	wrk2api	lp_received	38586
1781384309	snap	0	sdk	wrk2api	cp_sent	38586
1781384309	snap	0	sdk	wrk2api	lp_sent	38586
1781384309	snap	0	sdk	wrk2api	cp_dropped	0
1781384309	snap	0	sdk	wrk2api	lp_dropped	0
1781384309	snap	0	sdk	composepost	spans_received	0
1781384309	snap	0	sdk	composepost	spans_sent	0
1781384309	snap	0	sdk	composepost	spans_dropped	0
1781384309	snap	0	sdk	composepost	spans_flushed	0
1781384309	snap	0	sdk	composepost	batches_sent	0
1781384309	snap	0	sdk	composepost	batches_dropped	0
1781384309	snap	0	sdk	composepost	send_unavailable	0
1781384309	snap	0	sdk	composepost	send_deadline	0
1781384309	snap	0	sdk	composepost	send_exhausted	0
1781384309	snap	0	sdk	composepost	send_canceled	0
1781384309	snap	0	sdk	composepost	send_other	0
1781384309	snap	0	sdk	composepost	buffer_depth	0
0
1781384309	snap	0	sdk	composepost	cp_received	0
1781384309	snap	0	sdk	composepost	lp_received	0
1781384309	snap	0	sdk	composepost	cp_sent	0
1781384309	snap	0	sdk	composepost	lp_sent	0
1781384309	snap	0	sdk	composepost	cp_dropped	0
1781384309	snap	0	sdk	composepost	lp_dropped	0
1781384309	snap	0	sdk	hometimeline	spans_received	0
1781384309	snap	0	sdk	hometimeline	spans_sent	0
1781384309	snap	0	sdk	hometimeline	spans_dropped	0
1781384309	snap	0	sdk	hometimeline	spans_flushed	0
1781384309	snap	0	sdk	hometimeline	batches_sent	0
1781384309	snap	0	sdk	hometimeline	batches_dropped	0
1781384309	snap	0	sdk	hometimeline	send_unavailable	0
1781384309	snap	0	sdk	hometimeline	send_deadline	0
1781384309	snap	0	sdk	hometimeline	send_exhausted	0
1781384309	snap	0	sdk	hometimeline	send_canceled	0
1781384309	snap	0	sdk	hometimeline	send_other	0
1781384309	snap	0	sdk	hometimeline	buffer_depth	0
0
1781384309	snap	0	sdk	hometimeline	cp_received	0
1781384309	snap	0	sdk	hometimeline	lp_received	0
1781384309	snap	0	sdk	hometimeline	cp_sent	0
1781384309	snap	0	sdk	hometimeline	lp_sent	0
1781384309	snap	0	sdk	hometimeline	cp_dropped	0
1781384309	snap	0	sdk	hometimeline	lp_dropped	0
1781384309	snap	0	sdk	media	spans_received	0
1781384309	snap	0	sdk	media	spans_sent	0
1781384309	snap	0	sdk	media	spans_dropped	0
1781384309	snap	0	sdk	media	spans_flushed	0
1781384309	snap	0	sdk	media	batches_sent	0
1781384309	snap	0	sdk	media	batches_dropped	0
1781384309	snap	0	sdk	media	send_unavailable	0
1781384309	snap	0	sdk	media	send_deadline	0
1781384309	snap	0	sdk	media	send_exhausted	0
1781384309	snap	0	sdk	media	send_canceled	0
1781384309	snap	0	sdk	media	send_other	0
1781384309	snap	0	sdk	media	buffer_depth	0
0
1781384309	snap	0	sdk	media	cp_received	0
1781384309	snap	0	sdk	media	lp_received	0
1781384309	snap	0	sdk	media	cp_sent	0
1781384309	snap	0	sdk	media	lp_sent	0
1781384309	snap	0	sdk	media	cp_dropped	0
1781384309	snap	0	sdk	media	lp_dropped	0
1781384309	snap	0	sdk	post-storage	spans_received	0
1781384309	snap	0	sdk	post-storage	spans_sent	0
1781384309	snap	0	sdk	post-storage	spans_dropped	0
1781384309	snap	0	sdk	post-storage	spans_flushed	0
1781384309	snap	0	sdk	post-storage	batches_sent	0
1781384309	snap	0	sdk	post-storage	batches_dropped	0
1781384309	snap	0	sdk	post-storage	send_unavailable	0
1781384309	snap	0	sdk	post-storage	send_deadline	0
1781384309	snap	0	sdk	post-storage	send_exhausted	0
1781384309	snap	0	sdk	post-storage	send_canceled	0
1781384309	snap	0	sdk	post-storage	send_other	0
1781384309	snap	0	sdk	post-storage	buffer_depth	0
0
1781384309	snap	0	sdk	post-storage	cp_received	0
1781384309	snap	0	sdk	post-storage	lp_received	0
1781384309	snap	0	sdk	post-storage	cp_sent	0
1781384309	snap	0	sdk	post-storage	lp_sent	0
1781384309	snap	0	sdk	post-storage	cp_dropped	0
1781384309	snap	0	sdk	post-storage	lp_dropped	0
1781384309	snap	0	sdk	socialgraph	spans_received	113834
1781384309	snap	0	sdk	socialgraph	spans_sent	113834
1781384309	snap	0	sdk	socialgraph	spans_dropped	0
1781384309	snap	0	sdk	socialgraph	spans_flushed	113834
1781384309	snap	0	sdk	socialgraph	batches_sent	501
1781384309	snap	0	sdk	socialgraph	batches_dropped	0
1781384309	snap	0	sdk	socialgraph	send_unavailable	0
1781384309	snap	0	sdk	socialgraph	send_deadline	0
1781384309	snap	0	sdk	socialgraph	send_exhausted	0
1781384309	snap	0	sdk	socialgraph	send_canceled	0
1781384309	snap	0	sdk	socialgraph	send_other	0
1781384309	snap	0	sdk	socialgraph	buffer_depth	0
0
1781384309	snap	0	sdk	socialgraph	cp_received	76210
1781384309	snap	0	sdk	socialgraph	lp_received	37624
1781384309	snap	0	sdk	socialgraph	cp_sent	76210
1781384309	snap	0	sdk	socialgraph	lp_sent	37624
1781384309	snap	0	sdk	socialgraph	cp_dropped	0
1781384309	snap	0	sdk	socialgraph	lp_dropped	0
1781384309	snap	0	sdk	text	spans_received	0
1781384309	snap	0	sdk	text	spans_sent	0
1781384309	snap	0	sdk	text	spans_dropped	0
1781384309	snap	0	sdk	text	spans_flushed	0
1781384309	snap	0	sdk	text	batches_sent	0
1781384309	snap	0	sdk	text	batches_dropped	0
1781384309	snap	0	sdk	text	send_unavailable	0
1781384309	snap	0	sdk	text	send_deadline	0
1781384309	snap	0	sdk	text	send_exhausted	0
1781384309	snap	0	sdk	text	send_canceled	0
1781384309	snap	0	sdk	text	send_other	0
1781384309	snap	0	sdk	text	buffer_depth	0
0
1781384309	snap	0	sdk	text	cp_received	0
1781384309	snap	0	sdk	text	lp_received	0
1781384309	snap	0	sdk	text	cp_sent	0
1781384309	snap	0	sdk	text	lp_sent	0
1781384309	snap	0	sdk	text	cp_dropped	0
1781384309	snap	0	sdk	text	lp_dropped	0
1781384309	snap	0	sdk	uniqueid	spans_received	0
1781384309	snap	0	sdk	uniqueid	spans_sent	0
1781384309	snap	0	sdk	uniqueid	spans_dropped	0
1781384309	snap	0	sdk	uniqueid	spans_flushed	0
1781384309	snap	0	sdk	uniqueid	batches_sent	0
1781384309	snap	0	sdk	uniqueid	batches_dropped	0
1781384309	snap	0	sdk	uniqueid	send_unavailable	0
1781384309	snap	0	sdk	uniqueid	send_deadline	0
1781384309	snap	0	sdk	uniqueid	send_exhausted	0
1781384309	snap	0	sdk	uniqueid	send_canceled	0
1781384309	snap	0	sdk	uniqueid	send_other	0
1781384309	snap	0	sdk	uniqueid	buffer_depth	0
0
1781384309	snap	0	sdk	uniqueid	cp_received	0
1781384309	snap	0	sdk	uniqueid	lp_received	0
1781384309	snap	0	sdk	uniqueid	cp_sent	0
1781384309	snap	0	sdk	uniqueid	lp_sent	0
1781384309	snap	0	sdk	uniqueid	cp_dropped	0
1781384309	snap	0	sdk	uniqueid	lp_dropped	0
1781384309	snap	0	sdk	urlshorten	spans_received	0
1781384309	snap	0	sdk	urlshorten	spans_sent	0
1781384309	snap	0	sdk	urlshorten	spans_dropped	0
1781384309	snap	0	sdk	urlshorten	spans_flushed	0
1781384309	snap	0	sdk	urlshorten	batches_sent	0
1781384309	snap	0	sdk	urlshorten	batches_dropped	0
1781384309	snap	0	sdk	urlshorten	send_unavailable	0
1781384309	snap	0	sdk	urlshorten	send_deadline	0
1781384309	snap	0	sdk	urlshorten	send_exhausted	0
1781384309	snap	0	sdk	urlshorten	send_canceled	0
1781384309	snap	0	sdk	urlshorten	send_other	0
1781384309	snap	0	sdk	urlshorten	buffer_depth	0
0
1781384309	snap	0	sdk	urlshorten	cp_received	0
1781384309	snap	0	sdk	urlshorten	lp_received	0
1781384309	snap	0	sdk	urlshorten	cp_sent	0
1781384309	snap	0	sdk	urlshorten	lp_sent	0
1781384309	snap	0	sdk	urlshorten	cp_dropped	0
1781384309	snap	0	sdk	urlshorten	lp_dropped	0
1781384309	snap	0	sdk	user	spans_received	1924
1781384309	snap	0	sdk	user	spans_sent	1924
1781384309	snap	0	sdk	user	spans_dropped	0
1781384309	snap	0	sdk	user	spans_flushed	1924
1781384309	snap	0	sdk	user	batches_sent	12
1781384309	snap	0	sdk	user	batches_dropped	0
1781384309	snap	0	sdk	user	send_unavailable	0
1781384309	snap	0	sdk	user	send_deadline	0
1781384309	snap	0	sdk	user	send_exhausted	0
1781384309	snap	0	sdk	user	send_canceled	0
1781384309	snap	0	sdk	user	send_other	0
1781384309	snap	0	sdk	user	buffer_depth	0
0
1781384309	snap	0	sdk	user	cp_received	962
1781384309	snap	0	sdk	user	lp_received	962
1781384309	snap	0	sdk	user	cp_sent	962
1781384309	snap	0	sdk	user	lp_sent	962
1781384309	snap	0	sdk	user	cp_dropped	0
1781384309	snap	0	sdk	user	lp_dropped	0
1781384309	snap	0	sdk	userid	spans_received	75248
1781384309	snap	0	sdk	userid	spans_sent	75248
1781384309	snap	0	sdk	userid	spans_dropped	0
1781384309	snap	0	sdk	userid	spans_flushed	75248
1781384309	snap	0	sdk	userid	batches_sent	250
1781384309	snap	0	sdk	userid	batches_dropped	0
1781384309	snap	0	sdk	userid	send_unavailable	0
1781384309	snap	0	sdk	userid	send_deadline	0
1781384309	snap	0	sdk	userid	send_exhausted	0
1781384309	snap	0	sdk	userid	send_canceled	0
1781384309	snap	0	sdk	userid	send_other	0
1781384309	snap	0	sdk	userid	buffer_depth	0
0
1781384309	snap	0	sdk	userid	cp_received	75248
1781384309	snap	0	sdk	userid	lp_received	0
1781384309	snap	0	sdk	userid	cp_sent	75248
1781384309	snap	0	sdk	userid	lp_sent	0
1781384309	snap	0	sdk	userid	cp_dropped	0
1781384309	snap	0	sdk	userid	lp_dropped	0
1781384309	snap	0	sdk	usermention	spans_received	0
1781384309	snap	0	sdk	usermention	spans_sent	0
1781384309	snap	0	sdk	usermention	spans_dropped	0
1781384309	snap	0	sdk	usermention	spans_flushed	0
1781384309	snap	0	sdk	usermention	batches_sent	0
1781384309	snap	0	sdk	usermention	batches_dropped	0
1781384309	snap	0	sdk	usermention	send_unavailable	0
1781384309	snap	0	sdk	usermention	send_deadline	0
1781384309	snap	0	sdk	usermention	send_exhausted	0
1781384309	snap	0	sdk	usermention	send_canceled	0
1781384309	snap	0	sdk	usermention	send_other	0
1781384309	snap	0	sdk	usermention	buffer_depth	0
0
1781384309	snap	0	sdk	usermention	cp_received	0
1781384309	snap	0	sdk	usermention	lp_received	0
1781384309	snap	0	sdk	usermention	cp_sent	0
1781384309	snap	0	sdk	usermention	lp_sent	0
1781384309	snap	0	sdk	usermention	cp_dropped	0
1781384309	snap	0	sdk	usermention	lp_dropped	0
1781384309	snap	0	sdk	usertimeline	spans_received	0
1781384309	snap	0	sdk	usertimeline	spans_sent	0
1781384309	snap	0	sdk	usertimeline	spans_dropped	0
1781384309	snap	0	sdk	usertimeline	spans_flushed	0
1781384309	snap	0	sdk	usertimeline	batches_sent	0
1781384309	snap	0	sdk	usertimeline	batches_dropped	0
1781384309	snap	0	sdk	usertimeline	send_unavailable	0
1781384309	snap	0	sdk	usertimeline	send_deadline	0
1781384309	snap	0	sdk	usertimeline	send_exhausted	0
1781384309	snap	0	sdk	usertimeline	send_canceled	0
1781384309	snap	0	sdk	usertimeline	send_other	0
1781384309	snap	0	sdk	usertimeline	buffer_depth	0
0
1781384309	snap	0	sdk	usertimeline	cp_received	0
1781384309	snap	0	sdk	usertimeline	lp_received	0
1781384309	snap	0	sdk	usertimeline	cp_sent	0
1781384309	snap	0	sdk	usertimeline	lp_sent	0
1781384309	snap	0	sdk	usertimeline	cp_dropped	0
1781384309	snap	0	sdk	usertimeline	lp_dropped	0
1781384416	snap	0	otelcol	otelcol-sb-esrev1-ctr-9czsx	otelcol_process_memory_rss	200691712
1781384416	snap	0	otelcol	otelcol-sb-esrev1-ctr-9czsx	otelcol_receiver_accepted_spans	10007
1781384416	snap	0	otelcol	otelcol-sb-esrev1-ctr-9czsx	otelcol_processor_outgoing_items	10007
1781384416	snap	0	otelcol	otelcol-sb-esrev1-ctr-9czsx	otelcol_process_runtime_heap_alloc_bytes	32564776
1781384416	snap	0	otelcol	otelcol-sb-esrev1-ctr-9czsx	otelcol_process_cpu_seconds	3
1781384416	snap	0	otelcol	otelcol-sb-esrev1-ctr-9czsx	otelcol_exporter_queue_batch_send_size_sum	10007
1781384416	snap	0	otelcol	otelcol-sb-esrev1-ctr-9czsx	otelcol_receiver_failed_spans	0
1781384416	snap	0	otelcol	otelcol-sb-esrev1-ctr-9czsx	otelcol_process_uptime	190
1781384416	snap	0	otelcol	otelcol-sb-esrev1-ctr-9czsx	otelcol_process_runtime_total_sys_memory_bytes	71518488
1781384416	snap	0	otelcol	otelcol-sb-esrev1-ctr-9czsx	otelcol_exporter_send_failed_spans	0
1781384416	snap	0	otelcol	otelcol-sb-esrev1-ctr-9czsx	otelcol_exporter_queue_capacity	1001
1781384416	snap	0	otelcol	otelcol-sb-esrev1-ctr-9czsx	otelcol_processor_batch_metadata_cardinality	1
1781384416	snap	0	otelcol	otelcol-sb-esrev1-ctr-9czsx	otelcol_process_runtime_total_alloc_bytes	70573992
1781384416	snap	0	otelcol	otelcol-sb-esrev1-ctr-9czsx	otelcol_processor_batch_timeout_trigger_send	497
1781384416	snap	0	otelcol	otelcol-sb-esrev1-ctr-9czsx	otelcol_processor_batch_batch_send_size_sum	10007
1781384416	snap	0	otelcol	otelcol-sb-esrev1-ctr-9czsx	otelcol_exporter_sent_spans	10007
1781384416	snap	0	otelcol	otelcol-sb-esrev1-ctr-9czsx	otelcol_exporter_queue_size	0
1781384416	snap	0	otelcol	otelcol-sb-esrev1-ctr-9czsx	otelcol_receiver_refused_spans	0
1781384416	snap	0	otelcol	otelcol-sb-esrev1-ctr-9czsx	otelcol_processor_incoming_items	10007
1781384416	snap	0	otelcol	otelcol-sb-esrev1-ctr-r7tfk	otelcol_processor_batch_batch_send_size_sum	100043
1781384416	snap	0	otelcol	otelcol-sb-esrev1-ctr-r7tfk	otelcol_process_uptime	189
1781384416	snap	0	otelcol	otelcol-sb-esrev1-ctr-r7tfk	otelcol_processor_outgoing_items	100043
1781384416	snap	0	otelcol	otelcol-sb-esrev1-ctr-r7tfk	otelcol_exporter_queue_batch_send_size_sum	100043
1781384416	snap	0	otelcol	otelcol-sb-esrev1-ctr-r7tfk	otelcol_receiver_failed_spans	0
1781384416	snap	0	otelcol	otelcol-sb-esrev1-ctr-r7tfk	otelcol_receiver_refused_spans	1720
1781384416	snap	0	otelcol	otelcol-sb-esrev1-ctr-r7tfk	otelcol_receiver_accepted_spans	100043
1781384416	snap	0	otelcol	otelcol-sb-esrev1-ctr-r7tfk	otelcol_process_cpu_seconds	8
1781384416	snap	0	otelcol	otelcol-sb-esrev1-ctr-r7tfk	otelcol_processor_batch_metadata_cardinality	1
1781384416	snap	0	otelcol	otelcol-sb-esrev1-ctr-r7tfk	otelcol_process_runtime_total_alloc_bytes	296815496
1781384416	snap	0	otelcol	otelcol-sb-esrev1-ctr-r7tfk	otelcol_process_runtime_heap_alloc_bytes	33666552
1781384416	snap	0	otelcol	otelcol-sb-esrev1-ctr-r7tfk	otelcol_process_memory_rss	219598848
1781384416	snap	0	otelcol	otelcol-sb-esrev1-ctr-r7tfk	otelcol_exporter_queue_capacity	1001
1781384416	snap	0	otelcol	otelcol-sb-esrev1-ctr-r7tfk	otelcol_processor_batch_timeout_trigger_send	497
1781384416	snap	0	otelcol	otelcol-sb-esrev1-ctr-r7tfk	otelcol_exporter_send_failed_spans	0
1781384416	snap	0	otelcol	otelcol-sb-esrev1-ctr-r7tfk	otelcol_exporter_sent_spans	100043
1781384416	snap	0	otelcol	otelcol-sb-esrev1-ctr-r7tfk	otelcol_exporter_queue_size	0
1781384416	snap	0	otelcol	otelcol-sb-esrev1-ctr-r7tfk	otelcol_processor_incoming_items	101763
1781384416	snap	0	otelcol	otelcol-sb-esrev1-ctr-r7tfk	otelcol_process_runtime_total_sys_memory_bytes	92932376
1781384416	snap	0	otelcol	otelcol-sb-esrev1-ctr-srbgp	otelcol_processor_batch_batch_send_size_sum	123832
1781384416	snap	0	otelcol	otelcol-sb-esrev1-ctr-srbgp	otelcol_exporter_sent_spans	123832
1781384416	snap	0	otelcol	otelcol-sb-esrev1-ctr-srbgp	otelcol_exporter_queue_size	0
1781384416	snap	0	otelcol	otelcol-sb-esrev1-ctr-srbgp	otelcol_exporter_queue_capacity	1001
1781384416	snap	0	otelcol	otelcol-sb-esrev1-ctr-srbgp	otelcol_processor_incoming_items	144832
1781384416	snap	0	otelcol	otelcol-sb-esrev1-ctr-srbgp	otelcol_receiver_failed_spans	0
1781384416	snap	0	otelcol	otelcol-sb-esrev1-ctr-srbgp	otelcol_processor_outgoing_items	123832
1781384416	snap	0	otelcol	otelcol-sb-esrev1-ctr-srbgp	otelcol_process_runtime_heap_alloc_bytes	33088800
1781384416	snap	0	otelcol	otelcol-sb-esrev1-ctr-srbgp	otelcol_processor_batch_metadata_cardinality	1
1781384416	snap	0	otelcol	otelcol-sb-esrev1-ctr-srbgp	otelcol_receiver_refused_spans	21000
1781384416	snap	0	otelcol	otelcol-sb-esrev1-ctr-srbgp	otelcol_processor_batch_timeout_trigger_send	662
1781384416	snap	0	otelcol	otelcol-sb-esrev1-ctr-srbgp	otelcol_process_runtime_total_sys_memory_bytes	84855064
1781384416	snap	0	otelcol	otelcol-sb-esrev1-ctr-srbgp	otelcol_process_cpu_seconds	5
1781384416	snap	0	otelcol	otelcol-sb-esrev1-ctr-srbgp	otelcol_exporter_queue_batch_send_size_sum	123832
1781384416	snap	0	otelcol	otelcol-sb-esrev1-ctr-srbgp	otelcol_process_runtime_total_alloc_bytes	154451344
1781384416	snap	0	otelcol	otelcol-sb-esrev1-ctr-srbgp	otelcol_process_memory_rss	201711616
1781384416	snap	0	otelcol	otelcol-sb-esrev1-ctr-srbgp	otelcol_process_uptime	191
1781384416	snap	0	otelcol	otelcol-sb-esrev1-ctr-srbgp	otelcol_receiver_accepted_spans	123832
1781384416	snap	0	otelcol	otelcol-sb-esrev1-ctr-srbgp	otelcol_exporter_send_failed_spans	0
1781384416	snap	0	otelcol	otelcol-sb-esrev1-ctr-j2cng	otelcol_processor_incoming_items	9998
1781384416	snap	0	otelcol	otelcol-sb-esrev1-ctr-j2cng	otelcol_exporter_queue_capacity	1001
1781384416	snap	0	otelcol	otelcol-sb-esrev1-ctr-j2cng	otelcol_process_memory_rss	197677056
1781384416	snap	0	otelcol	otelcol-sb-esrev1-ctr-j2cng	otelcol_processor_outgoing_items	9998
1781384416	snap	0	otelcol	otelcol-sb-esrev1-ctr-j2cng	otelcol_receiver_refused_spans	0
1781384416	snap	0	otelcol	otelcol-sb-esrev1-ctr-j2cng	otelcol_process_cpu_seconds	3
1781384416	snap	0	otelcol	otelcol-sb-esrev1-ctr-j2cng	otelcol_exporter_queue_batch_send_size_sum	9998
1781384416	snap	0	otelcol	otelcol-sb-esrev1-ctr-j2cng	otelcol_exporter_sent_spans	9998
1781384416	snap	0	otelcol	otelcol-sb-esrev1-ctr-j2cng	otelcol_exporter_send_failed_spans	0
1781384416	snap	0	otelcol	otelcol-sb-esrev1-ctr-j2cng	otelcol_process_runtime_total_alloc_bytes	67502096
1781384416	snap	0	otelcol	otelcol-sb-esrev1-ctr-j2cng	otelcol_processor_batch_batch_send_size_sum	9998
1781384416	snap	0	otelcol	otelcol-sb-esrev1-ctr-j2cng	otelcol_receiver_failed_spans	0
1781384416	snap	0	otelcol	otelcol-sb-esrev1-ctr-j2cng	otelcol_process_runtime_heap_alloc_bytes	28508928
1781384416	snap	0	otelcol	otelcol-sb-esrev1-ctr-j2cng	otelcol_processor_batch_metadata_cardinality	1
1781384416	snap	0	otelcol	otelcol-sb-esrev1-ctr-j2cng	otelcol_process_uptime	190
1781384416	snap	0	otelcol	otelcol-sb-esrev1-ctr-j2cng	otelcol_process_runtime_total_sys_memory_bytes	66464024
1781384416	snap	0	otelcol	otelcol-sb-esrev1-ctr-j2cng	otelcol_exporter_queue_size	0
1781384416	snap	0	otelcol	otelcol-sb-esrev1-ctr-j2cng	otelcol_receiver_accepted_spans	9998
1781384416	snap	0	otelcol	otelcol-sb-esrev1-ctr-j2cng	otelcol_processor_batch_timeout_trigger_send	495
1781384416	snap	0	otelcol	otelcol-sb-esrev1-ctr-z4fxx	otelcol_receiver_failed_spans	0
1781384416	snap	0	otelcol	otelcol-sb-esrev1-ctr-z4fxx	otelcol_processor_batch_batch_send_size_sum	20014
1781384416	snap	0	otelcol	otelcol-sb-esrev1-ctr-z4fxx	otelcol_exporter_send_failed_spans	0
1781384416	snap	0	otelcol	otelcol-sb-esrev1-ctr-z4fxx	otelcol_processor_incoming_items	20014
1781384416	snap	0	otelcol	otelcol-sb-esrev1-ctr-z4fxx	otelcol_exporter_queue_size	0
1781384416	snap	0	otelcol	otelcol-sb-esrev1-ctr-z4fxx	otelcol_receiver_accepted_spans	20014
1781384416	snap	0	otelcol	otelcol-sb-esrev1-ctr-z4fxx	otelcol_processor_batch_metadata_cardinality	1
1781384416	snap	0	otelcol	otelcol-sb-esrev1-ctr-z4fxx	otelcol_process_runtime_total_alloc_bytes	91534136
1781384416	snap	0	otelcol	otelcol-sb-esrev1-ctr-z4fxx	otelcol_process_memory_rss	207572992
1781384416	snap	0	otelcol	otelcol-sb-esrev1-ctr-z4fxx	otelcol_processor_batch_timeout_trigger_send	497
1781384416	snap	0	otelcol	otelcol-sb-esrev1-ctr-z4fxx	otelcol_receiver_refused_spans	0
1781384416	snap	0	otelcol	otelcol-sb-esrev1-ctr-z4fxx	otelcol_process_runtime_total_sys_memory_bytes	75507992
1781384416	snap	0	otelcol	otelcol-sb-esrev1-ctr-z4fxx	otelcol_exporter_queue_capacity	1001
1781384416	snap	0	otelcol	otelcol-sb-esrev1-ctr-z4fxx	otelcol_processor_outgoing_items	20014
1781384416	snap	0	otelcol	otelcol-sb-esrev1-ctr-z4fxx	otelcol_process_uptime	190
1781384416	snap	0	otelcol	otelcol-sb-esrev1-ctr-z4fxx	otelcol_process_runtime_heap_alloc_bytes	30687168
1781384416	snap	0	otelcol	otelcol-sb-esrev1-ctr-z4fxx	otelcol_process_cpu_seconds	4
1781384416	snap	0	otelcol	otelcol-sb-esrev1-ctr-z4fxx	otelcol_exporter_sent_spans	20014
1781384416	snap	0	otelcol	otelcol-sb-esrev1-ctr-z4fxx	otelcol_exporter_queue_batch_send_size_sum	20014
1781384416	snap	0	otelcol	otelcol-sb-esrev1-ctr-bdbcb	otelcol_processor_incoming_items	9998
1781384416	snap	0	otelcol	otelcol-sb-esrev1-ctr-bdbcb	otelcol_processor_batch_batch_send_size_sum	9998
1781384416	snap	0	otelcol	otelcol-sb-esrev1-ctr-bdbcb	otelcol_process_uptime	190
1781384416	snap	0	otelcol	otelcol-sb-esrev1-ctr-bdbcb	otelcol_receiver_accepted_spans	9998
1781384416	snap	0	otelcol	otelcol-sb-esrev1-ctr-bdbcb	otelcol_process_memory_rss	201043968
1781384416	snap	0	otelcol	otelcol-sb-esrev1-ctr-bdbcb	otelcol_process_cpu_seconds	3
1781384416	snap	0	otelcol	otelcol-sb-esrev1-ctr-bdbcb	otelcol_receiver_refused_spans	0
1781384416	snap	0	otelcol	otelcol-sb-esrev1-ctr-bdbcb	otelcol_exporter_sent_spans	9998
1781384416	snap	0	otelcol	otelcol-sb-esrev1-ctr-bdbcb	otelcol_exporter_queue_capacity	1001
1781384416	snap	0	otelcol	otelcol-sb-esrev1-ctr-bdbcb	otelcol_exporter_queue_batch_send_size_sum	9998
1781384416	snap	0	otelcol	otelcol-sb-esrev1-ctr-bdbcb	otelcol_process_runtime_total_sys_memory_bytes	75180312
1781384416	snap	0	otelcol	otelcol-sb-esrev1-ctr-bdbcb	otelcol_processor_outgoing_items	9998
1781384416	snap	0	otelcol	otelcol-sb-esrev1-ctr-bdbcb	otelcol_process_runtime_heap_alloc_bytes	29333592
1781384416	snap	0	otelcol	otelcol-sb-esrev1-ctr-bdbcb	otelcol_processor_batch_metadata_cardinality	1
1781384416	snap	0	otelcol	otelcol-sb-esrev1-ctr-bdbcb	otelcol_process_runtime_total_alloc_bytes	68754008
1781384416	snap	0	otelcol	otelcol-sb-esrev1-ctr-bdbcb	otelcol_exporter_queue_size	0
1781384416	snap	0	otelcol	otelcol-sb-esrev1-ctr-bdbcb	otelcol_processor_batch_timeout_trigger_send	496
1781384416	snap	0	otelcol	otelcol-sb-esrev1-ctr-bdbcb	otelcol_exporter_send_failed_spans	0
1781384416	snap	0	otelcol	otelcol-sb-esrev1-ctr-bdbcb	otelcol_receiver_failed_spans	0
1781384416	snap	0	otelcol	otelcol-sb-esrev1-ctr-zjs5l	otelcol_receiver_refused_spans	0
1781384416	snap	0	otelcol	otelcol-sb-esrev1-ctr-zjs5l	otelcol_processor_batch_timeout_trigger_send	661
1781384416	snap	0	otelcol	otelcol-sb-esrev1-ctr-zjs5l	otelcol_exporter_sent_spans	115294
1781384416	snap	0	otelcol	otelcol-sb-esrev1-ctr-zjs5l	otelcol_receiver_failed_spans	0
1781384416	snap	0	otelcol	otelcol-sb-esrev1-ctr-zjs5l	otelcol_process_runtime_total_sys_memory_bytes	78932248
1781384416	snap	0	otelcol	otelcol-sb-esrev1-ctr-zjs5l	otelcol_process_uptime	189
1781384416	snap	0	otelcol	otelcol-sb-esrev1-ctr-zjs5l	otelcol_exporter_queue_size	0
1781384416	snap	0	otelcol	otelcol-sb-esrev1-ctr-zjs5l	otelcol_receiver_accepted_spans	115294
1781384416	snap	0	otelcol	otelcol-sb-esrev1-ctr-zjs5l	otelcol_process_runtime_total_alloc_bytes	177960584
1781384416	snap	0	otelcol	otelcol-sb-esrev1-ctr-zjs5l	otelcol_process_runtime_heap_alloc_bytes	41524992
1781384416	snap	0	otelcol	otelcol-sb-esrev1-ctr-zjs5l	otelcol_processor_batch_batch_send_size_sum	115294
1781384416	snap	0	otelcol	otelcol-sb-esrev1-ctr-zjs5l	otelcol_process_memory_rss	212201472
1781384416	snap	0	otelcol	otelcol-sb-esrev1-ctr-zjs5l	otelcol_exporter_queue_capacity	1001
1781384416	snap	0	otelcol	otelcol-sb-esrev1-ctr-zjs5l	otelcol_exporter_queue_batch_send_size_sum	115294
1781384416	snap	0	otelcol	otelcol-sb-esrev1-ctr-zjs5l	otelcol_processor_incoming_items	115294
1781384416	snap	0	otelcol	otelcol-sb-esrev1-ctr-zjs5l	otelcol_processor_outgoing_items	115294
1781384416	snap	0	otelcol	otelcol-sb-esrev1-ctr-zjs5l	otelcol_processor_batch_metadata_cardinality	1
1781384416	snap	0	otelcol	otelcol-sb-esrev1-ctr-zjs5l	otelcol_process_cpu_seconds	6
1781384416	snap	0	otelcol	otelcol-sb-esrev1-ctr-zjs5l	otelcol_exporter_send_failed_spans	0
1781384416	snap	0	otelcol	otelcol-sb-esrev1-ctr-mqr25	otelcol_processor_batch_timeout_trigger_send	663
1781384416	snap	0	otelcol	otelcol-sb-esrev1-ctr-mqr25	otelcol_exporter_queue_size	0
1781384416	snap	0	otelcol	otelcol-sb-esrev1-ctr-mqr25	otelcol_processor_incoming_items	109108
1781384416	snap	0	otelcol	otelcol-sb-esrev1-ctr-mqr25	otelcol_processor_batch_batch_send_size_sum	109108
1781384416	snap	0	otelcol	otelcol-sb-esrev1-ctr-mqr25	otelcol_process_runtime_heap_alloc_bytes	39350592
1781384416	snap	0	otelcol	otelcol-sb-esrev1-ctr-mqr25	otelcol_processor_outgoing_items	109108
1781384416	snap	0	otelcol	otelcol-sb-esrev1-ctr-mqr25	otelcol_process_runtime_total_alloc_bytes	169161408
1781384416	snap	0	otelcol	otelcol-sb-esrev1-ctr-mqr25	otelcol_exporter_send_failed_spans	0
1781384416	snap	0	otelcol	otelcol-sb-esrev1-ctr-mqr25	otelcol_receiver_failed_spans	0
1781384416	snap	0	otelcol	otelcol-sb-esrev1-ctr-mqr25	otelcol_process_memory_rss	211746816
1781384416	snap	0	otelcol	otelcol-sb-esrev1-ctr-mqr25	otelcol_process_cpu_seconds	6
1781384416	snap	0	otelcol	otelcol-sb-esrev1-ctr-mqr25	otelcol_processor_batch_metadata_cardinality	1
1781384416	snap	0	otelcol	otelcol-sb-esrev1-ctr-mqr25	otelcol_process_uptime	190
1781384416	snap	0	otelcol	otelcol-sb-esrev1-ctr-mqr25	otelcol_exporter_sent_spans	109108
1781384416	snap	0	otelcol	otelcol-sb-esrev1-ctr-mqr25	otelcol_exporter_queue_batch_send_size_sum	109108
1781384416	snap	0	otelcol	otelcol-sb-esrev1-ctr-mqr25	otelcol_receiver_refused_spans	0
1781384416	snap	0	otelcol	otelcol-sb-esrev1-ctr-mqr25	otelcol_process_runtime_total_sys_memory_bytes	83806488
1781384416	snap	0	otelcol	otelcol-sb-esrev1-ctr-mqr25	otelcol_receiver_accepted_spans	109108
1781384416	snap	0	otelcol	otelcol-sb-esrev1-ctr-mqr25	otelcol_exporter_queue_capacity	1001
1781384416	snap	0	otelcol	otelcol-sb-esrev1-ctr-j7lcx	otelcol_processor_batch_metadata_cardinality	1
1781384416	snap	0	otelcol	otelcol-sb-esrev1-ctr-j7lcx	otelcol_process_runtime_total_alloc_bytes	35791968
1781384416	snap	0	otelcol	otelcol-sb-esrev1-ctr-j7lcx	otelcol_process_cpu_seconds	2
1781384416	snap	0	otelcol	otelcol-sb-esrev1-ctr-j7lcx	otelcol_process_runtime_heap_alloc_bytes	18694984
1781384416	snap	0	otelcol	otelcol-sb-esrev1-ctr-j7lcx	otelcol_process_memory_rss	181014528
1781384416	snap	0	otelcol	otelcol-sb-esrev1-ctr-j7lcx	otelcol_process_uptime	188
1781384416	snap	0	otelcol	otelcol-sb-esrev1-ctr-j7lcx	otelcol_process_runtime_total_sys_memory_bytes	44546312
1781384416	snap	0	otelcol	otelcol-sb-esrev1-ctr-j7lcx	otelcol_exporter_queue_size	0
1781384416	snap	0	otelcol	otelcol-sb-esrev1-ctr-j7lcx	otelcol_exporter_queue_capacity	1001
1781384416	snap	0	k8s	otelcol-sb-esrev1-ctr-9czsx	restart_count	0
1781384416	snap	0	k8s	otelcol-sb-esrev1-ctr-bdbcb	restart_count	0
1781384416	snap	0	k8s	otelcol-sb-esrev1-ctr-j2cng	restart_count	0
1781384416	snap	0	k8s	otelcol-sb-esrev1-ctr-j7lcx	restart_count	0
1781384416	snap	0	k8s	otelcol-sb-esrev1-ctr-mqr25	restart_count	0
1781384416	snap	0	k8s	otelcol-sb-esrev1-ctr-r7tfk	restart_count	0
1781384416	snap	0	k8s	otelcol-sb-esrev1-ctr-srbgp	restart_count	0
1781384416	snap	0	k8s	otelcol-sb-esrev1-ctr-z4fxx	restart_count	0
1781384416	snap	0	k8s	otelcol-sb-esrev1-ctr-zjs5l	restart_count	0
1781384416	snap	0	sdk	wrk2api	spans_received	97177
1781384416	snap	0	sdk	wrk2api	spans_sent	97177
1781384416	snap	0	sdk	wrk2api	spans_dropped	0
1781384416	snap	0	sdk	wrk2api	spans_flushed	97177
1781384416	snap	0	sdk	wrk2api	batches_sent	2490
1781384416	snap	0	sdk	wrk2api	batches_dropped	0
1781384416	snap	0	sdk	wrk2api	send_unavailable	0
1781384416	snap	0	sdk	wrk2api	send_deadline	0
1781384416	snap	0	sdk	wrk2api	send_exhausted	0
1781384416	snap	0	sdk	wrk2api	send_canceled	0
1781384416	snap	0	sdk	wrk2api	send_other	0
1781384416	snap	0	sdk	wrk2api	buffer_depth	0
0
1781384416	snap	0	sdk	wrk2api	cp_received	48584
1781384416	snap	0	sdk	wrk2api	lp_received	48593
1781384416	snap	0	sdk	wrk2api	cp_sent	48584
1781384416	snap	0	sdk	wrk2api	lp_sent	48593
1781384416	snap	0	sdk	wrk2api	cp_dropped	0
1781384416	snap	0	sdk	wrk2api	lp_dropped	0
1781384416	snap	0	sdk	composepost	spans_received	80047
1781384416	snap	0	sdk	composepost	spans_sent	80047
1781384416	snap	0	sdk	composepost	spans_dropped	0
1781384416	snap	0	sdk	composepost	spans_flushed	80047
1781384416	snap	0	sdk	composepost	batches_sent	7957
1781384416	snap	0	sdk	composepost	batches_dropped	0
1781384416	snap	0	sdk	composepost	send_unavailable	0
1781384416	snap	0	sdk	composepost	send_deadline	0
1781384416	snap	0	sdk	composepost	send_exhausted	0
1781384416	snap	0	sdk	composepost	send_canceled	0
1781384416	snap	0	sdk	composepost	send_other	0
1781384416	snap	0	sdk	composepost	buffer_depth	0
0
1781384416	snap	0	sdk	composepost	cp_received	70040
1781384416	snap	0	sdk	composepost	lp_received	10007
1781384416	snap	0	sdk	composepost	cp_sent	70040
1781384416	snap	0	sdk	composepost	lp_sent	10007
1781384416	snap	0	sdk	composepost	cp_dropped	0
1781384416	snap	0	sdk	composepost	lp_dropped	0
1781384416	snap	0	sdk	hometimeline	spans_received	19996
1781384416	snap	0	sdk	hometimeline	spans_sent	19996
1781384416	snap	0	sdk	hometimeline	spans_dropped	0
1781384416	snap	0	sdk	hometimeline	spans_flushed	19996
1781384416	snap	0	sdk	hometimeline	batches_sent	1990
1781384416	snap	0	sdk	hometimeline	batches_dropped	0
1781384416	snap	0	sdk	hometimeline	send_unavailable	0
1781384416	snap	0	sdk	hometimeline	send_deadline	0
1781384416	snap	0	sdk	hometimeline	send_exhausted	0
1781384416	snap	0	sdk	hometimeline	send_canceled	0
1781384416	snap	0	sdk	hometimeline	send_other	0
1781384416	snap	0	sdk	hometimeline	buffer_depth	0
0
1781384416	snap	0	sdk	hometimeline	cp_received	0
1781384416	snap	0	sdk	hometimeline	lp_received	19996
1781384416	snap	0	sdk	hometimeline	cp_sent	0
1781384416	snap	0	sdk	hometimeline	lp_sent	19996
1781384416	snap	0	sdk	hometimeline	cp_dropped	0
1781384416	snap	0	sdk	hometimeline	lp_dropped	0
1781384416	snap	0	sdk	media	spans_received	10007
1781384416	snap	0	sdk	media	spans_sent	10007
1781384416	snap	0	sdk	media	spans_dropped	0
1781384416	snap	0	sdk	media	spans_flushed	10007
1781384416	snap	0	sdk	media	batches_sent	995
1781384416	snap	0	sdk	media	batches_dropped	0
1781384416	snap	0	sdk	media	send_unavailable	0
1781384416	snap	0	sdk	media	send_deadline	0
1781384416	snap	0	sdk	media	send_exhausted	0
1781384416	snap	0	sdk	media	send_canceled	0
1781384416	snap	0	sdk	media	send_other	0
1781384416	snap	0	sdk	media	buffer_depth	0
0
1781384416	snap	0	sdk	media	cp_received	10007
1781384416	snap	0	sdk	media	lp_received	0
1781384416	snap	0	sdk	media	cp_sent	10007
1781384416	snap	0	sdk	media	lp_sent	0
1781384416	snap	0	sdk	media	cp_dropped	0
1781384416	snap	0	sdk	media	lp_dropped	0
1781384416	snap	0	sdk	post-storage	spans_received	9998
1781384416	snap	0	sdk	post-storage	spans_sent	9998
1781384416	snap	0	sdk	post-storage	spans_dropped	0
1781384416	snap	0	sdk	post-storage	spans_flushed	9998
1781384416	snap	0	sdk	post-storage	batches_sent	994
1781384416	snap	0	sdk	post-storage	batches_dropped	0
1781384416	snap	0	sdk	post-storage	send_unavailable	0
1781384416	snap	0	sdk	post-storage	send_deadline	0
1781384416	snap	0	sdk	post-storage	send_exhausted	0
1781384416	snap	0	sdk	post-storage	send_canceled	0
1781384416	snap	0	sdk	post-storage	send_other	0
1781384416	snap	0	sdk	post-storage	buffer_depth	0
0
1781384416	snap	0	sdk	post-storage	cp_received	9998
1781384416	snap	0	sdk	post-storage	lp_received	0
1781384416	snap	0	sdk	post-storage	cp_sent	9998
1781384416	snap	0	sdk	post-storage	lp_sent	0
1781384416	snap	0	sdk	post-storage	cp_dropped	0
1781384416	snap	0	sdk	post-storage	lp_dropped	0
1781384416	snap	0	sdk	socialgraph	spans_received	123832
1781384416	snap	0	sdk	socialgraph	spans_sent	123832
1781384416	snap	0	sdk	socialgraph	spans_dropped	0
1781384416	snap	0	sdk	socialgraph	spans_flushed	123832
1781384416	snap	0	sdk	socialgraph	batches_sent	1496
1781384416	snap	0	sdk	socialgraph	batches_dropped	0
1781384416	snap	0	sdk	socialgraph	send_unavailable	0
1781384416	snap	0	sdk	socialgraph	send_deadline	0
1781384416	snap	0	sdk	socialgraph	send_exhausted	0
1781384416	snap	0	sdk	socialgraph	send_canceled	0
1781384416	snap	0	sdk	socialgraph	send_other	0
1781384416	snap	0	sdk	socialgraph	buffer_depth	0
0
1781384416	snap	0	sdk	socialgraph	cp_received	86208
1781384416	snap	0	sdk	socialgraph	lp_received	37624
1781384416	snap	0	sdk	socialgraph	cp_sent	86208
1781384416	snap	0	sdk	socialgraph	lp_sent	37624
1781384416	snap	0	sdk	socialgraph	cp_dropped	0
1781384416	snap	0	sdk	socialgraph	lp_dropped	0
1781384416	snap	0	sdk	text	spans_received	30039
1781384416	snap	0	sdk	text	spans_sent	30039
1781384416	snap	0	sdk	text	spans_dropped	0
1781384416	snap	0	sdk	text	spans_flushed	30039
1781384416	snap	0	sdk	text	batches_sent	2985
1781384416	snap	0	sdk	text	batches_dropped	0
1781384416	snap	0	sdk	text	send_unavailable	0
1781384416	snap	0	sdk	text	send_deadline	0
1781384416	snap	0	sdk	text	send_exhausted	0
1781384416	snap	0	sdk	text	send_canceled	0
1781384416	snap	0	sdk	text	send_other	0
1781384416	snap	0	sdk	text	buffer_depth	0
0
1781384416	snap	0	sdk	text	cp_received	0
1781384416	snap	0	sdk	text	lp_received	30039
1781384416	snap	0	sdk	text	cp_sent	0
1781384416	snap	0	sdk	text	lp_sent	30039
1781384416	snap	0	sdk	text	cp_dropped	0
1781384416	snap	0	sdk	text	lp_dropped	0
1781384416	snap	0	sdk	uniqueid	spans_received	10007
1781384416	snap	0	sdk	uniqueid	spans_sent	10007
1781384416	snap	0	sdk	uniqueid	spans_dropped	0
1781384416	snap	0	sdk	uniqueid	spans_flushed	10007
1781384416	snap	0	sdk	uniqueid	batches_sent	995
1781384416	snap	0	sdk	uniqueid	batches_dropped	0
1781384416	snap	0	sdk	uniqueid	send_unavailable	0
1781384416	snap	0	sdk	uniqueid	send_deadline	0
1781384416	snap	0	sdk	uniqueid	send_exhausted	0
1781384416	snap	0	sdk	uniqueid	send_canceled	0
1781384416	snap	0	sdk	uniqueid	send_other	0
1781384416	snap	0	sdk	uniqueid	buffer_depth	0
0
1781384416	snap	0	sdk	uniqueid	cp_received	10007
1781384416	snap	0	sdk	uniqueid	lp_received	0
1781384416	snap	0	sdk	uniqueid	cp_sent	10007
1781384416	snap	0	sdk	uniqueid	lp_sent	0
1781384416	snap	0	sdk	uniqueid	cp_dropped	0
1781384416	snap	0	sdk	uniqueid	lp_dropped	0
1781384416	snap	0	sdk	urlshorten	spans_received	10007
1781384416	snap	0	sdk	urlshorten	spans_sent	10007
1781384416	snap	0	sdk	urlshorten	spans_dropped	0
1781384416	snap	0	sdk	urlshorten	spans_flushed	10007
1781384416	snap	0	sdk	urlshorten	batches_sent	995
1781384416	snap	0	sdk	urlshorten	batches_dropped	0
1781384416	snap	0	sdk	urlshorten	send_unavailable	0
1781384416	snap	0	sdk	urlshorten	send_deadline	0
1781384416	snap	0	sdk	urlshorten	send_exhausted	0
1781384416	snap	0	sdk	urlshorten	send_canceled	0
1781384416	snap	0	sdk	urlshorten	send_other	0
1781384416	snap	0	sdk	urlshorten	buffer_depth	0
0
1781384416	snap	0	sdk	urlshorten	cp_received	10007
1781384416	snap	0	sdk	urlshorten	lp_received	0
1781384416	snap	0	sdk	urlshorten	cp_sent	10007
1781384416	snap	0	sdk	urlshorten	lp_sent	0
1781384416	snap	0	sdk	urlshorten	cp_dropped	0
1781384416	snap	0	sdk	urlshorten	lp_dropped	0
1781384416	snap	0	sdk	user	spans_received	11931
1781384416	snap	0	sdk	user	spans_sent	11931
1781384416	snap	0	sdk	user	spans_dropped	0
1781384416	snap	0	sdk	user	spans_flushed	11931
1781384416	snap	0	sdk	user	batches_sent	1007
1781384416	snap	0	sdk	user	batches_dropped	0
1781384416	snap	0	sdk	user	send_unavailable	0
1781384416	snap	0	sdk	user	send_deadline	0
1781384416	snap	0	sdk	user	send_exhausted	0
1781384416	snap	0	sdk	user	send_canceled	0
1781384416	snap	0	sdk	user	send_other	0
1781384416	snap	0	sdk	user	buffer_depth	0
0
1781384416	snap	0	sdk	user	cp_received	10969
1781384416	snap	0	sdk	user	lp_received	962
1781384416	snap	0	sdk	user	cp_sent	10969
1781384416	snap	0	sdk	user	lp_sent	962
1781384416	snap	0	sdk	user	cp_dropped	0
1781384416	snap	0	sdk	user	lp_dropped	0
1781384416	snap	0	sdk	userid	spans_received	75248
1781384416	snap	0	sdk	userid	spans_sent	75248
1781384416	snap	0	sdk	userid	spans_dropped	0
1781384416	snap	0	sdk	userid	spans_flushed	75248
1781384416	snap	0	sdk	userid	batches_sent	250
1781384416	snap	0	sdk	userid	batches_dropped	0
1781384416	snap	0	sdk	userid	send_unavailable	0
1781384416	snap	0	sdk	userid	send_deadline	0
1781384416	snap	0	sdk	userid	send_exhausted	0
1781384416	snap	0	sdk	userid	send_canceled	0
1781384416	snap	0	sdk	userid	send_other	0
1781384416	snap	0	sdk	userid	buffer_depth	0
0
1781384416	snap	0	sdk	userid	cp_received	75248
1781384416	snap	0	sdk	userid	lp_received	0
1781384416	snap	0	sdk	userid	cp_sent	75248
1781384416	snap	0	sdk	userid	lp_sent	0
1781384416	snap	0	sdk	userid	cp_dropped	0
1781384416	snap	0	sdk	userid	lp_dropped	0
1781384416	snap	0	sdk	usermention	spans_received	10007
1781384416	snap	0	sdk	usermention	spans_sent	10007
1781384416	snap	0	sdk	usermention	spans_dropped	0
1781384416	snap	0	sdk	usermention	spans_flushed	10007
1781384416	snap	0	sdk	usermention	batches_sent	995
1781384416	snap	0	sdk	usermention	batches_dropped	0
1781384416	snap	0	sdk	usermention	send_unavailable	0
1781384416	snap	0	sdk	usermention	send_deadline	0
1781384416	snap	0	sdk	usermention	send_exhausted	0
1781384416	snap	0	sdk	usermention	send_canceled	0
1781384416	snap	0	sdk	usermention	send_other	0
1781384416	snap	0	sdk	usermention	buffer_depth	0
0
1781384416	snap	0	sdk	usermention	cp_received	10007
1781384416	snap	0	sdk	usermention	lp_received	0
1781384416	snap	0	sdk	usermention	cp_sent	10007
1781384416	snap	0	sdk	usermention	lp_sent	0
1781384416	snap	0	sdk	usermention	cp_dropped	0
1781384416	snap	0	sdk	usermention	lp_dropped	0
1781384416	snap	0	sdk	usertimeline	spans_received	9998
1781384416	snap	0	sdk	usertimeline	spans_sent	9998
1781384416	snap	0	sdk	usertimeline	spans_dropped	0
1781384416	snap	0	sdk	usertimeline	spans_flushed	9998
1781384416	snap	0	sdk	usertimeline	batches_sent	994
1781384416	snap	0	sdk	usertimeline	batches_dropped	0
1781384416	snap	0	sdk	usertimeline	send_unavailable	0
1781384416	snap	0	sdk	usertimeline	send_deadline	0
1781384416	snap	0	sdk	usertimeline	send_exhausted	0
1781384416	snap	0	sdk	usertimeline	send_canceled	0
1781384416	snap	0	sdk	usertimeline	send_other	0
1781384416	snap	0	sdk	usertimeline	buffer_depth	0
0
1781384416	snap	0	sdk	usertimeline	cp_received	9998
1781384416	snap	0	sdk	usertimeline	lp_received	0
1781384416	snap	0	sdk	usertimeline	cp_sent	9998
1781384416	snap	0	sdk	usertimeline	lp_sent	0
1781384416	snap	0	sdk	usertimeline	cp_dropped	0
1781384416	snap	0	sdk	usertimeline	lp_dropped	0
1781384423	snap	2000	otelcol	otelcol-sb-esrev1-ctr-9czsx	otelcol_process_memory_rss	200691712
1781384423	snap	2000	otelcol	otelcol-sb-esrev1-ctr-9czsx	otelcol_receiver_accepted_spans	10007
1781384423	snap	2000	otelcol	otelcol-sb-esrev1-ctr-9czsx	otelcol_processor_outgoing_items	10007
1781384423	snap	2000	otelcol	otelcol-sb-esrev1-ctr-9czsx	otelcol_process_runtime_heap_alloc_bytes	33207376
1781384423	snap	2000	otelcol	otelcol-sb-esrev1-ctr-9czsx	otelcol_process_cpu_seconds	3
1781384423	snap	2000	otelcol	otelcol-sb-esrev1-ctr-9czsx	otelcol_exporter_queue_batch_send_size_sum	10007
1781384423	snap	2000	otelcol	otelcol-sb-esrev1-ctr-9czsx	otelcol_receiver_failed_spans	0
1781384423	snap	2000	otelcol	otelcol-sb-esrev1-ctr-9czsx	otelcol_process_uptime	197
1781384423	snap	2000	otelcol	otelcol-sb-esrev1-ctr-9czsx	otelcol_process_runtime_total_sys_memory_bytes	71518488
1781384423	snap	2000	otelcol	otelcol-sb-esrev1-ctr-9czsx	otelcol_exporter_send_failed_spans	0
1781384423	snap	2000	otelcol	otelcol-sb-esrev1-ctr-9czsx	otelcol_exporter_queue_capacity	1001
1781384423	snap	2000	otelcol	otelcol-sb-esrev1-ctr-9czsx	otelcol_processor_batch_metadata_cardinality	1
1781384423	snap	2000	otelcol	otelcol-sb-esrev1-ctr-9czsx	otelcol_process_runtime_total_alloc_bytes	71216592
1781384423	snap	2000	otelcol	otelcol-sb-esrev1-ctr-9czsx	otelcol_processor_batch_timeout_trigger_send	497
1781384423	snap	2000	otelcol	otelcol-sb-esrev1-ctr-9czsx	otelcol_processor_batch_batch_send_size_sum	10007
1781384423	snap	2000	otelcol	otelcol-sb-esrev1-ctr-9czsx	otelcol_exporter_sent_spans	10007
1781384423	snap	2000	otelcol	otelcol-sb-esrev1-ctr-9czsx	otelcol_exporter_queue_size	0
1781384423	snap	2000	otelcol	otelcol-sb-esrev1-ctr-9czsx	otelcol_receiver_refused_spans	0
1781384423	snap	2000	otelcol	otelcol-sb-esrev1-ctr-9czsx	otelcol_processor_incoming_items	10007
1781384423	snap	2000	otelcol	otelcol-sb-esrev1-ctr-r7tfk	otelcol_processor_batch_batch_send_size_sum	100043
1781384423	snap	2000	otelcol	otelcol-sb-esrev1-ctr-r7tfk	otelcol_process_uptime	196
1781384423	snap	2000	otelcol	otelcol-sb-esrev1-ctr-r7tfk	otelcol_processor_outgoing_items	100043
1781384423	snap	2000	otelcol	otelcol-sb-esrev1-ctr-r7tfk	otelcol_exporter_queue_batch_send_size_sum	100043
1781384423	snap	2000	otelcol	otelcol-sb-esrev1-ctr-r7tfk	otelcol_receiver_failed_spans	0
1781384423	snap	2000	otelcol	otelcol-sb-esrev1-ctr-r7tfk	otelcol_receiver_refused_spans	1720
1781384423	snap	2000	otelcol	otelcol-sb-esrev1-ctr-r7tfk	otelcol_receiver_accepted_spans	100043
1781384423	snap	2000	otelcol	otelcol-sb-esrev1-ctr-r7tfk	otelcol_process_cpu_seconds	8
1781384423	snap	2000	otelcol	otelcol-sb-esrev1-ctr-r7tfk	otelcol_processor_batch_metadata_cardinality	1
1781384423	snap	2000	otelcol	otelcol-sb-esrev1-ctr-r7tfk	otelcol_process_runtime_total_alloc_bytes	297461280
1781384423	snap	2000	otelcol	otelcol-sb-esrev1-ctr-r7tfk	otelcol_process_runtime_heap_alloc_bytes	34312336
1781384423	snap	2000	otelcol	otelcol-sb-esrev1-ctr-r7tfk	otelcol_process_memory_rss	219598848
1781384423	snap	2000	otelcol	otelcol-sb-esrev1-ctr-r7tfk	otelcol_exporter_queue_capacity	1001
1781384423	snap	2000	otelcol	otelcol-sb-esrev1-ctr-r7tfk	otelcol_processor_batch_timeout_trigger_send	497
1781384423	snap	2000	otelcol	otelcol-sb-esrev1-ctr-r7tfk	otelcol_exporter_send_failed_spans	0
1781384423	snap	2000	otelcol	otelcol-sb-esrev1-ctr-r7tfk	otelcol_exporter_sent_spans	100043
1781384423	snap	2000	otelcol	otelcol-sb-esrev1-ctr-r7tfk	otelcol_exporter_queue_size	0
1781384423	snap	2000	otelcol	otelcol-sb-esrev1-ctr-r7tfk	otelcol_processor_incoming_items	101763
1781384423	snap	2000	otelcol	otelcol-sb-esrev1-ctr-r7tfk	otelcol_process_runtime_total_sys_memory_bytes	92932376
1781384423	snap	2000	otelcol	otelcol-sb-esrev1-ctr-srbgp	otelcol_processor_batch_batch_send_size_sum	123832
1781384423	snap	2000	otelcol	otelcol-sb-esrev1-ctr-srbgp	otelcol_exporter_sent_spans	123832
1781384423	snap	2000	otelcol	otelcol-sb-esrev1-ctr-srbgp	otelcol_exporter_queue_size	0
1781384423	snap	2000	otelcol	otelcol-sb-esrev1-ctr-srbgp	otelcol_exporter_queue_capacity	1001
1781384423	snap	2000	otelcol	otelcol-sb-esrev1-ctr-srbgp	otelcol_processor_incoming_items	144832
1781384423	snap	2000	otelcol	otelcol-sb-esrev1-ctr-srbgp	otelcol_receiver_failed_spans	0
1781384423	snap	2000	otelcol	otelcol-sb-esrev1-ctr-srbgp	otelcol_processor_outgoing_items	123832
1781384423	snap	2000	otelcol	otelcol-sb-esrev1-ctr-srbgp	otelcol_process_runtime_heap_alloc_bytes	33715384
1781384423	snap	2000	otelcol	otelcol-sb-esrev1-ctr-srbgp	otelcol_processor_batch_metadata_cardinality	1
1781384423	snap	2000	otelcol	otelcol-sb-esrev1-ctr-srbgp	otelcol_receiver_refused_spans	21000
1781384423	snap	2000	otelcol	otelcol-sb-esrev1-ctr-srbgp	otelcol_processor_batch_timeout_trigger_send	662
1781384423	snap	2000	otelcol	otelcol-sb-esrev1-ctr-srbgp	otelcol_process_runtime_total_sys_memory_bytes	84855064
1781384423	snap	2000	otelcol	otelcol-sb-esrev1-ctr-srbgp	otelcol_process_cpu_seconds	5
1781384423	snap	2000	otelcol	otelcol-sb-esrev1-ctr-srbgp	otelcol_exporter_queue_batch_send_size_sum	123832
1781384423	snap	2000	otelcol	otelcol-sb-esrev1-ctr-srbgp	otelcol_process_runtime_total_alloc_bytes	155077928
1781384423	snap	2000	otelcol	otelcol-sb-esrev1-ctr-srbgp	otelcol_process_memory_rss	201711616
1781384423	snap	2000	otelcol	otelcol-sb-esrev1-ctr-srbgp	otelcol_process_uptime	198
1781384423	snap	2000	otelcol	otelcol-sb-esrev1-ctr-srbgp	otelcol_receiver_accepted_spans	123832
1781384423	snap	2000	otelcol	otelcol-sb-esrev1-ctr-srbgp	otelcol_exporter_send_failed_spans	0
1781384423	snap	2000	otelcol	otelcol-sb-esrev1-ctr-j2cng	otelcol_processor_incoming_items	9998
1781384423	snap	2000	otelcol	otelcol-sb-esrev1-ctr-j2cng	otelcol_exporter_queue_capacity	1001
1781384423	snap	2000	otelcol	otelcol-sb-esrev1-ctr-j2cng	otelcol_process_memory_rss	197677056
1781384423	snap	2000	otelcol	otelcol-sb-esrev1-ctr-j2cng	otelcol_processor_outgoing_items	9998
1781384423	snap	2000	otelcol	otelcol-sb-esrev1-ctr-j2cng	otelcol_receiver_refused_spans	0
1781384423	snap	2000	otelcol	otelcol-sb-esrev1-ctr-j2cng	otelcol_process_cpu_seconds	3
1781384423	snap	2000	otelcol	otelcol-sb-esrev1-ctr-j2cng	otelcol_exporter_queue_batch_send_size_sum	9998
1781384423	snap	2000	otelcol	otelcol-sb-esrev1-ctr-j2cng	otelcol_exporter_sent_spans	9998
1781384423	snap	2000	otelcol	otelcol-sb-esrev1-ctr-j2cng	otelcol_exporter_send_failed_spans	0
1781384423	snap	2000	otelcol	otelcol-sb-esrev1-ctr-j2cng	otelcol_process_runtime_total_alloc_bytes	68144872
1781384423	snap	2000	otelcol	otelcol-sb-esrev1-ctr-j2cng	otelcol_processor_batch_batch_send_size_sum	9998
1781384423	snap	2000	otelcol	otelcol-sb-esrev1-ctr-j2cng	otelcol_receiver_failed_spans	0
1781384423	snap	2000	otelcol	otelcol-sb-esrev1-ctr-j2cng	otelcol_process_runtime_heap_alloc_bytes	29151704
1781384423	snap	2000	otelcol	otelcol-sb-esrev1-ctr-j2cng	otelcol_processor_batch_metadata_cardinality	1
1781384423	snap	2000	otelcol	otelcol-sb-esrev1-ctr-j2cng	otelcol_process_uptime	197
1781384423	snap	2000	otelcol	otelcol-sb-esrev1-ctr-j2cng	otelcol_process_runtime_total_sys_memory_bytes	66529560
1781384423	snap	2000	otelcol	otelcol-sb-esrev1-ctr-j2cng	otelcol_exporter_queue_size	0
1781384423	snap	2000	otelcol	otelcol-sb-esrev1-ctr-j2cng	otelcol_receiver_accepted_spans	9998
1781384423	snap	2000	otelcol	otelcol-sb-esrev1-ctr-j2cng	otelcol_processor_batch_timeout_trigger_send	495
1781384423	snap	2000	otelcol	otelcol-sb-esrev1-ctr-z4fxx	otelcol_receiver_failed_spans	0
1781384423	snap	2000	otelcol	otelcol-sb-esrev1-ctr-z4fxx	otelcol_processor_batch_batch_send_size_sum	20014
1781384423	snap	2000	otelcol	otelcol-sb-esrev1-ctr-z4fxx	otelcol_exporter_send_failed_spans	0
1781384423	snap	2000	otelcol	otelcol-sb-esrev1-ctr-z4fxx	otelcol_processor_incoming_items	20014
1781384423	snap	2000	otelcol	otelcol-sb-esrev1-ctr-z4fxx	otelcol_exporter_queue_size	0
1781384423	snap	2000	otelcol	otelcol-sb-esrev1-ctr-z4fxx	otelcol_receiver_accepted_spans	20014
1781384423	snap	2000	otelcol	otelcol-sb-esrev1-ctr-z4fxx	otelcol_processor_batch_metadata_cardinality	1
1781384423	snap	2000	otelcol	otelcol-sb-esrev1-ctr-z4fxx	otelcol_process_runtime_total_alloc_bytes	92174648
1781384423	snap	2000	otelcol	otelcol-sb-esrev1-ctr-z4fxx	otelcol_process_memory_rss	207572992
1781384423	snap	2000	otelcol	otelcol-sb-esrev1-ctr-z4fxx	otelcol_processor_batch_timeout_trigger_send	497
1781384423	snap	2000	otelcol	otelcol-sb-esrev1-ctr-z4fxx	otelcol_receiver_refused_spans	0
1781384423	snap	2000	otelcol	otelcol-sb-esrev1-ctr-z4fxx	otelcol_process_runtime_total_sys_memory_bytes	75507992
1781384423	snap	2000	otelcol	otelcol-sb-esrev1-ctr-z4fxx	otelcol_exporter_queue_capacity	1001
1781384423	snap	2000	otelcol	otelcol-sb-esrev1-ctr-z4fxx	otelcol_processor_outgoing_items	20014
1781384423	snap	2000	otelcol	otelcol-sb-esrev1-ctr-z4fxx	otelcol_process_uptime	197
1781384423	snap	2000	otelcol	otelcol-sb-esrev1-ctr-z4fxx	otelcol_process_runtime_heap_alloc_bytes	31327680
1781384423	snap	2000	otelcol	otelcol-sb-esrev1-ctr-z4fxx	otelcol_process_cpu_seconds	4
1781384423	snap	2000	otelcol	otelcol-sb-esrev1-ctr-z4fxx	otelcol_exporter_sent_spans	20014
1781384423	snap	2000	otelcol	otelcol-sb-esrev1-ctr-z4fxx	otelcol_exporter_queue_batch_send_size_sum	20014
1781384423	snap	2000	otelcol	otelcol-sb-esrev1-ctr-bdbcb	otelcol_processor_incoming_items	9998
1781384423	snap	2000	otelcol	otelcol-sb-esrev1-ctr-bdbcb	otelcol_processor_batch_batch_send_size_sum	9998
1781384423	snap	2000	otelcol	otelcol-sb-esrev1-ctr-bdbcb	otelcol_process_uptime	197
1781384423	snap	2000	otelcol	otelcol-sb-esrev1-ctr-bdbcb	otelcol_receiver_accepted_spans	9998
1781384423	snap	2000	otelcol	otelcol-sb-esrev1-ctr-bdbcb	otelcol_process_memory_rss	201043968
1781384423	snap	2000	otelcol	otelcol-sb-esrev1-ctr-bdbcb	otelcol_process_cpu_seconds	3
1781384423	snap	2000	otelcol	otelcol-sb-esrev1-ctr-bdbcb	otelcol_receiver_refused_spans	0
1781384423	snap	2000	otelcol	otelcol-sb-esrev1-ctr-bdbcb	otelcol_exporter_sent_spans	9998
1781384423	snap	2000	otelcol	otelcol-sb-esrev1-ctr-bdbcb	otelcol_exporter_queue_capacity	1001
1781384423	snap	2000	otelcol	otelcol-sb-esrev1-ctr-bdbcb	otelcol_exporter_queue_batch_send_size_sum	9998
1781384423	snap	2000	otelcol	otelcol-sb-esrev1-ctr-bdbcb	otelcol_process_runtime_total_sys_memory_bytes	75180312
1781384423	snap	2000	otelcol	otelcol-sb-esrev1-ctr-bdbcb	otelcol_processor_outgoing_items	9998
1781384423	snap	2000	otelcol	otelcol-sb-esrev1-ctr-bdbcb	otelcol_process_runtime_heap_alloc_bytes	29977504
1781384423	snap	2000	otelcol	otelcol-sb-esrev1-ctr-bdbcb	otelcol_processor_batch_metadata_cardinality	1
1781384423	snap	2000	otelcol	otelcol-sb-esrev1-ctr-bdbcb	otelcol_process_runtime_total_alloc_bytes	69397920
1781384423	snap	2000	otelcol	otelcol-sb-esrev1-ctr-bdbcb	otelcol_exporter_queue_size	0
1781384423	snap	2000	otelcol	otelcol-sb-esrev1-ctr-bdbcb	otelcol_processor_batch_timeout_trigger_send	496
1781384423	snap	2000	otelcol	otelcol-sb-esrev1-ctr-bdbcb	otelcol_exporter_send_failed_spans	0
1781384423	snap	2000	otelcol	otelcol-sb-esrev1-ctr-bdbcb	otelcol_receiver_failed_spans	0
1781384423	snap	2000	otelcol	otelcol-sb-esrev1-ctr-zjs5l	otelcol_receiver_refused_spans	0
1781384423	snap	2000	otelcol	otelcol-sb-esrev1-ctr-zjs5l	otelcol_processor_batch_timeout_trigger_send	661
1781384423	snap	2000	otelcol	otelcol-sb-esrev1-ctr-zjs5l	otelcol_exporter_sent_spans	115294
1781384423	snap	2000	otelcol	otelcol-sb-esrev1-ctr-zjs5l	otelcol_receiver_failed_spans	0
1781384423	snap	2000	otelcol	otelcol-sb-esrev1-ctr-zjs5l	otelcol_process_runtime_total_sys_memory_bytes	78932248
1781384423	snap	2000	otelcol	otelcol-sb-esrev1-ctr-zjs5l	otelcol_process_uptime	196
1781384423	snap	2000	otelcol	otelcol-sb-esrev1-ctr-zjs5l	otelcol_exporter_queue_size	0
1781384423	snap	2000	otelcol	otelcol-sb-esrev1-ctr-zjs5l	otelcol_receiver_accepted_spans	115294
1781384423	snap	2000	otelcol	otelcol-sb-esrev1-ctr-zjs5l	otelcol_process_runtime_total_alloc_bytes	178600120
1781384423	snap	2000	otelcol	otelcol-sb-esrev1-ctr-zjs5l	otelcol_process_runtime_heap_alloc_bytes	42164528
1781384423	snap	2000	otelcol	otelcol-sb-esrev1-ctr-zjs5l	otelcol_processor_batch_batch_send_size_sum	115294
1781384423	snap	2000	otelcol	otelcol-sb-esrev1-ctr-zjs5l	otelcol_process_memory_rss	212201472
1781384423	snap	2000	otelcol	otelcol-sb-esrev1-ctr-zjs5l	otelcol_exporter_queue_capacity	1001
1781384423	snap	2000	otelcol	otelcol-sb-esrev1-ctr-zjs5l	otelcol_exporter_queue_batch_send_size_sum	115294
1781384423	snap	2000	otelcol	otelcol-sb-esrev1-ctr-zjs5l	otelcol_processor_incoming_items	115294
1781384423	snap	2000	otelcol	otelcol-sb-esrev1-ctr-zjs5l	otelcol_processor_outgoing_items	115294
1781384423	snap	2000	otelcol	otelcol-sb-esrev1-ctr-zjs5l	otelcol_processor_batch_metadata_cardinality	1
1781384423	snap	2000	otelcol	otelcol-sb-esrev1-ctr-zjs5l	otelcol_process_cpu_seconds	6
1781384423	snap	2000	otelcol	otelcol-sb-esrev1-ctr-zjs5l	otelcol_exporter_send_failed_spans	0
1781384423	snap	2000	otelcol	otelcol-sb-esrev1-ctr-mqr25	otelcol_processor_batch_timeout_trigger_send	663
1781384423	snap	2000	otelcol	otelcol-sb-esrev1-ctr-mqr25	otelcol_exporter_queue_size	0
1781384423	snap	2000	otelcol	otelcol-sb-esrev1-ctr-mqr25	otelcol_processor_incoming_items	109108
1781384423	snap	2000	otelcol	otelcol-sb-esrev1-ctr-mqr25	otelcol_processor_batch_batch_send_size_sum	109108
1781384423	snap	2000	otelcol	otelcol-sb-esrev1-ctr-mqr25	otelcol_process_runtime_heap_alloc_bytes	39993136
1781384423	snap	2000	otelcol	otelcol-sb-esrev1-ctr-mqr25	otelcol_processor_outgoing_items	109108
1781384423	snap	2000	otelcol	otelcol-sb-esrev1-ctr-mqr25	otelcol_process_runtime_total_alloc_bytes	169803952
1781384423	snap	2000	otelcol	otelcol-sb-esrev1-ctr-mqr25	otelcol_exporter_send_failed_spans	0
1781384423	snap	2000	otelcol	otelcol-sb-esrev1-ctr-mqr25	otelcol_receiver_failed_spans	0
1781384423	snap	2000	otelcol	otelcol-sb-esrev1-ctr-mqr25	otelcol_process_memory_rss	211746816
1781384423	snap	2000	otelcol	otelcol-sb-esrev1-ctr-mqr25	otelcol_process_cpu_seconds	6
1781384423	snap	2000	otelcol	otelcol-sb-esrev1-ctr-mqr25	otelcol_processor_batch_metadata_cardinality	1
1781384423	snap	2000	otelcol	otelcol-sb-esrev1-ctr-mqr25	otelcol_process_uptime	197
1781384423	snap	2000	otelcol	otelcol-sb-esrev1-ctr-mqr25	otelcol_exporter_sent_spans	109108
1781384423	snap	2000	otelcol	otelcol-sb-esrev1-ctr-mqr25	otelcol_exporter_queue_batch_send_size_sum	109108
1781384423	snap	2000	otelcol	otelcol-sb-esrev1-ctr-mqr25	otelcol_receiver_refused_spans	0
1781384423	snap	2000	otelcol	otelcol-sb-esrev1-ctr-mqr25	otelcol_process_runtime_total_sys_memory_bytes	83806488
1781384423	snap	2000	otelcol	otelcol-sb-esrev1-ctr-mqr25	otelcol_receiver_accepted_spans	109108
1781384423	snap	2000	otelcol	otelcol-sb-esrev1-ctr-mqr25	otelcol_exporter_queue_capacity	1001
1781384423	snap	2000	otelcol	otelcol-sb-esrev1-ctr-j7lcx	otelcol_processor_batch_metadata_cardinality	1
1781384423	snap	2000	otelcol	otelcol-sb-esrev1-ctr-j7lcx	otelcol_process_runtime_total_alloc_bytes	36110632
1781384423	snap	2000	otelcol	otelcol-sb-esrev1-ctr-j7lcx	otelcol_process_cpu_seconds	2
1781384423	snap	2000	otelcol	otelcol-sb-esrev1-ctr-j7lcx	otelcol_process_runtime_heap_alloc_bytes	19013648
1781384423	snap	2000	otelcol	otelcol-sb-esrev1-ctr-j7lcx	otelcol_process_memory_rss	181014528
1781384423	snap	2000	otelcol	otelcol-sb-esrev1-ctr-j7lcx	otelcol_process_uptime	195
1781384423	snap	2000	otelcol	otelcol-sb-esrev1-ctr-j7lcx	otelcol_process_runtime_total_sys_memory_bytes	44546312
1781384423	snap	2000	otelcol	otelcol-sb-esrev1-ctr-j7lcx	otelcol_exporter_queue_size	0
1781384423	snap	2000	otelcol	otelcol-sb-esrev1-ctr-j7lcx	otelcol_exporter_queue_capacity	1001
1781384423	snap	2000	k8s	otelcol-sb-esrev1-ctr-9czsx	restart_count	0
1781384423	snap	2000	k8s	otelcol-sb-esrev1-ctr-bdbcb	restart_count	0
1781384423	snap	2000	k8s	otelcol-sb-esrev1-ctr-j2cng	restart_count	0
1781384423	snap	2000	k8s	otelcol-sb-esrev1-ctr-j7lcx	restart_count	0
1781384423	snap	2000	k8s	otelcol-sb-esrev1-ctr-mqr25	restart_count	0
1781384423	snap	2000	k8s	otelcol-sb-esrev1-ctr-r7tfk	restart_count	0
1781384423	snap	2000	k8s	otelcol-sb-esrev1-ctr-srbgp	restart_count	0
1781384423	snap	2000	k8s	otelcol-sb-esrev1-ctr-z4fxx	restart_count	0
1781384423	snap	2000	k8s	otelcol-sb-esrev1-ctr-zjs5l	restart_count	0
1781384423	snap	2000	sdk	wrk2api	spans_received	97177
1781384423	snap	2000	sdk	wrk2api	spans_sent	97177
1781384423	snap	2000	sdk	wrk2api	spans_dropped	0
1781384423	snap	2000	sdk	wrk2api	spans_flushed	97177
1781384423	snap	2000	sdk	wrk2api	batches_sent	2490
1781384423	snap	2000	sdk	wrk2api	batches_dropped	0
1781384423	snap	2000	sdk	wrk2api	send_unavailable	0
1781384423	snap	2000	sdk	wrk2api	send_deadline	0
1781384423	snap	2000	sdk	wrk2api	send_exhausted	0
1781384423	snap	2000	sdk	wrk2api	send_canceled	0
1781384423	snap	2000	sdk	wrk2api	send_other	0
1781384423	snap	2000	sdk	wrk2api	buffer_depth	0
0
1781384423	snap	2000	sdk	wrk2api	cp_received	48584
1781384423	snap	2000	sdk	wrk2api	lp_received	48593
1781384423	snap	2000	sdk	wrk2api	cp_sent	48584
1781384423	snap	2000	sdk	wrk2api	lp_sent	48593
1781384423	snap	2000	sdk	wrk2api	cp_dropped	0
1781384423	snap	2000	sdk	wrk2api	lp_dropped	0
1781384423	snap	2000	sdk	composepost	spans_received	80047
1781384423	snap	2000	sdk	composepost	spans_sent	80047
1781384423	snap	2000	sdk	composepost	spans_dropped	0
1781384423	snap	2000	sdk	composepost	spans_flushed	80047
1781384423	snap	2000	sdk	composepost	batches_sent	7957
1781384423	snap	2000	sdk	composepost	batches_dropped	0
1781384423	snap	2000	sdk	composepost	send_unavailable	0
1781384423	snap	2000	sdk	composepost	send_deadline	0
1781384423	snap	2000	sdk	composepost	send_exhausted	0
1781384423	snap	2000	sdk	composepost	send_canceled	0
1781384423	snap	2000	sdk	composepost	send_other	0
1781384423	snap	2000	sdk	composepost	buffer_depth	0
0
1781384423	snap	2000	sdk	composepost	cp_received	70040
1781384423	snap	2000	sdk	composepost	lp_received	10007
1781384423	snap	2000	sdk	composepost	cp_sent	70040
1781384423	snap	2000	sdk	composepost	lp_sent	10007
1781384423	snap	2000	sdk	composepost	cp_dropped	0
1781384423	snap	2000	sdk	composepost	lp_dropped	0
1781384423	snap	2000	sdk	hometimeline	spans_received	19996
1781384423	snap	2000	sdk	hometimeline	spans_sent	19996
1781384423	snap	2000	sdk	hometimeline	spans_dropped	0
1781384423	snap	2000	sdk	hometimeline	spans_flushed	19996
1781384423	snap	2000	sdk	hometimeline	batches_sent	1990
1781384423	snap	2000	sdk	hometimeline	batches_dropped	0
1781384423	snap	2000	sdk	hometimeline	send_unavailable	0
1781384423	snap	2000	sdk	hometimeline	send_deadline	0
1781384423	snap	2000	sdk	hometimeline	send_exhausted	0
1781384423	snap	2000	sdk	hometimeline	send_canceled	0
1781384423	snap	2000	sdk	hometimeline	send_other	0
1781384423	snap	2000	sdk	hometimeline	buffer_depth	0
0
1781384423	snap	2000	sdk	hometimeline	cp_received	0
1781384423	snap	2000	sdk	hometimeline	lp_received	19996
1781384423	snap	2000	sdk	hometimeline	cp_sent	0
1781384423	snap	2000	sdk	hometimeline	lp_sent	19996
1781384423	snap	2000	sdk	hometimeline	cp_dropped	0
1781384423	snap	2000	sdk	hometimeline	lp_dropped	0
1781384423	snap	2000	sdk	media	spans_received	10007
1781384423	snap	2000	sdk	media	spans_sent	10007
1781384423	snap	2000	sdk	media	spans_dropped	0
1781384423	snap	2000	sdk	media	spans_flushed	10007
1781384423	snap	2000	sdk	media	batches_sent	995
1781384423	snap	2000	sdk	media	batches_dropped	0
1781384423	snap	2000	sdk	media	send_unavailable	0
1781384423	snap	2000	sdk	media	send_deadline	0
1781384423	snap	2000	sdk	media	send_exhausted	0
1781384423	snap	2000	sdk	media	send_canceled	0
1781384423	snap	2000	sdk	media	send_other	0
1781384423	snap	2000	sdk	media	buffer_depth	0
0
1781384423	snap	2000	sdk	media	cp_received	10007
1781384423	snap	2000	sdk	media	lp_received	0
1781384423	snap	2000	sdk	media	cp_sent	10007
1781384423	snap	2000	sdk	media	lp_sent	0
1781384423	snap	2000	sdk	media	cp_dropped	0
1781384423	snap	2000	sdk	media	lp_dropped	0
1781384423	snap	2000	sdk	post-storage	spans_received	9998
1781384423	snap	2000	sdk	post-storage	spans_sent	9998
1781384423	snap	2000	sdk	post-storage	spans_dropped	0
1781384423	snap	2000	sdk	post-storage	spans_flushed	9998
1781384423	snap	2000	sdk	post-storage	batches_sent	994
1781384423	snap	2000	sdk	post-storage	batches_dropped	0
1781384423	snap	2000	sdk	post-storage	send_unavailable	0
1781384423	snap	2000	sdk	post-storage	send_deadline	0
1781384423	snap	2000	sdk	post-storage	send_exhausted	0
1781384423	snap	2000	sdk	post-storage	send_canceled	0
1781384423	snap	2000	sdk	post-storage	send_other	0
1781384423	snap	2000	sdk	post-storage	buffer_depth	0
0
1781384423	snap	2000	sdk	post-storage	cp_received	9998
1781384423	snap	2000	sdk	post-storage	lp_received	0
1781384423	snap	2000	sdk	post-storage	cp_sent	9998
1781384423	snap	2000	sdk	post-storage	lp_sent	0
1781384423	snap	2000	sdk	post-storage	cp_dropped	0
1781384423	snap	2000	sdk	post-storage	lp_dropped	0
1781384423	snap	2000	sdk	socialgraph	spans_received	123832
1781384423	snap	2000	sdk	socialgraph	spans_sent	123832
1781384423	snap	2000	sdk	socialgraph	spans_dropped	0
1781384423	snap	2000	sdk	socialgraph	spans_flushed	123832
1781384423	snap	2000	sdk	socialgraph	batches_sent	1496
1781384423	snap	2000	sdk	socialgraph	batches_dropped	0
1781384423	snap	2000	sdk	socialgraph	send_unavailable	0
1781384423	snap	2000	sdk	socialgraph	send_deadline	0
1781384423	snap	2000	sdk	socialgraph	send_exhausted	0
1781384423	snap	2000	sdk	socialgraph	send_canceled	0
1781384423	snap	2000	sdk	socialgraph	send_other	0
1781384423	snap	2000	sdk	socialgraph	buffer_depth	0
0
1781384423	snap	2000	sdk	socialgraph	cp_received	86208
1781384423	snap	2000	sdk	socialgraph	lp_received	37624
1781384423	snap	2000	sdk	socialgraph	cp_sent	86208
1781384423	snap	2000	sdk	socialgraph	lp_sent	37624
1781384423	snap	2000	sdk	socialgraph	cp_dropped	0
1781384423	snap	2000	sdk	socialgraph	lp_dropped	0
1781384423	snap	2000	sdk	text	spans_received	30039
1781384423	snap	2000	sdk	text	spans_sent	30039
1781384423	snap	2000	sdk	text	spans_dropped	0
1781384423	snap	2000	sdk	text	spans_flushed	30039
1781384423	snap	2000	sdk	text	batches_sent	2985
1781384423	snap	2000	sdk	text	batches_dropped	0
1781384423	snap	2000	sdk	text	send_unavailable	0
1781384423	snap	2000	sdk	text	send_deadline	0
1781384423	snap	2000	sdk	text	send_exhausted	0
1781384423	snap	2000	sdk	text	send_canceled	0
1781384423	snap	2000	sdk	text	send_other	0
1781384423	snap	2000	sdk	text	buffer_depth	0
0
1781384423	snap	2000	sdk	text	cp_received	0
1781384423	snap	2000	sdk	text	lp_received	30039
1781384423	snap	2000	sdk	text	cp_sent	0
1781384423	snap	2000	sdk	text	lp_sent	30039
1781384423	snap	2000	sdk	text	cp_dropped	0
1781384423	snap	2000	sdk	text	lp_dropped	0
1781384423	snap	2000	sdk	uniqueid	spans_received	10007
1781384423	snap	2000	sdk	uniqueid	spans_sent	10007
1781384423	snap	2000	sdk	uniqueid	spans_dropped	0
1781384423	snap	2000	sdk	uniqueid	spans_flushed	10007
1781384423	snap	2000	sdk	uniqueid	batches_sent	995
1781384423	snap	2000	sdk	uniqueid	batches_dropped	0
1781384423	snap	2000	sdk	uniqueid	send_unavailable	0
1781384423	snap	2000	sdk	uniqueid	send_deadline	0
1781384423	snap	2000	sdk	uniqueid	send_exhausted	0
1781384423	snap	2000	sdk	uniqueid	send_canceled	0
1781384423	snap	2000	sdk	uniqueid	send_other	0
1781384423	snap	2000	sdk	uniqueid	buffer_depth	0
0
1781384423	snap	2000	sdk	uniqueid	cp_received	10007
1781384423	snap	2000	sdk	uniqueid	lp_received	0
1781384423	snap	2000	sdk	uniqueid	cp_sent	10007
1781384423	snap	2000	sdk	uniqueid	lp_sent	0
1781384423	snap	2000	sdk	uniqueid	cp_dropped	0
1781384423	snap	2000	sdk	uniqueid	lp_dropped	0
1781384423	snap	2000	sdk	urlshorten	spans_received	10007
1781384423	snap	2000	sdk	urlshorten	spans_sent	10007
1781384423	snap	2000	sdk	urlshorten	spans_dropped	0
1781384423	snap	2000	sdk	urlshorten	spans_flushed	10007
1781384423	snap	2000	sdk	urlshorten	batches_sent	995
1781384423	snap	2000	sdk	urlshorten	batches_dropped	0
1781384423	snap	2000	sdk	urlshorten	send_unavailable	0
1781384423	snap	2000	sdk	urlshorten	send_deadline	0
1781384423	snap	2000	sdk	urlshorten	send_exhausted	0
1781384423	snap	2000	sdk	urlshorten	send_canceled	0
1781384423	snap	2000	sdk	urlshorten	send_other	0
1781384423	snap	2000	sdk	urlshorten	buffer_depth	0
0
1781384423	snap	2000	sdk	urlshorten	cp_received	10007
1781384423	snap	2000	sdk	urlshorten	lp_received	0
1781384423	snap	2000	sdk	urlshorten	cp_sent	10007
1781384423	snap	2000	sdk	urlshorten	lp_sent	0
1781384423	snap	2000	sdk	urlshorten	cp_dropped	0
1781384423	snap	2000	sdk	urlshorten	lp_dropped	0
1781384423	snap	2000	sdk	user	spans_received	11931
1781384423	snap	2000	sdk	user	spans_sent	11931
1781384423	snap	2000	sdk	user	spans_dropped	0
1781384423	snap	2000	sdk	user	spans_flushed	11931
1781384423	snap	2000	sdk	user	batches_sent	1007
1781384423	snap	2000	sdk	user	batches_dropped	0
1781384423	snap	2000	sdk	user	send_unavailable	0
1781384423	snap	2000	sdk	user	send_deadline	0
1781384423	snap	2000	sdk	user	send_exhausted	0
1781384423	snap	2000	sdk	user	send_canceled	0
1781384423	snap	2000	sdk	user	send_other	0
1781384423	snap	2000	sdk	user	buffer_depth	0
0
1781384423	snap	2000	sdk	user	cp_received	10969
1781384423	snap	2000	sdk	user	lp_received	962
1781384423	snap	2000	sdk	user	cp_sent	10969
1781384423	snap	2000	sdk	user	lp_sent	962
1781384423	snap	2000	sdk	user	cp_dropped	0
1781384423	snap	2000	sdk	user	lp_dropped	0
1781384423	snap	2000	sdk	userid	spans_received	75248
1781384423	snap	2000	sdk	userid	spans_sent	75248
1781384423	snap	2000	sdk	userid	spans_dropped	0
1781384423	snap	2000	sdk	userid	spans_flushed	75248
1781384423	snap	2000	sdk	userid	batches_sent	250
1781384423	snap	2000	sdk	userid	batches_dropped	0
1781384423	snap	2000	sdk	userid	send_unavailable	0
1781384423	snap	2000	sdk	userid	send_deadline	0
1781384423	snap	2000	sdk	userid	send_exhausted	0
1781384423	snap	2000	sdk	userid	send_canceled	0
1781384423	snap	2000	sdk	userid	send_other	0
1781384423	snap	2000	sdk	userid	buffer_depth	0
0
1781384423	snap	2000	sdk	userid	cp_received	75248
1781384423	snap	2000	sdk	userid	lp_received	0
1781384423	snap	2000	sdk	userid	cp_sent	75248
1781384423	snap	2000	sdk	userid	lp_sent	0
1781384423	snap	2000	sdk	userid	cp_dropped	0
1781384423	snap	2000	sdk	userid	lp_dropped	0
1781384423	snap	2000	sdk	usermention	spans_received	10007
1781384423	snap	2000	sdk	usermention	spans_sent	10007
1781384423	snap	2000	sdk	usermention	spans_dropped	0
1781384423	snap	2000	sdk	usermention	spans_flushed	10007
1781384423	snap	2000	sdk	usermention	batches_sent	995
1781384423	snap	2000	sdk	usermention	batches_dropped	0
1781384423	snap	2000	sdk	usermention	send_unavailable	0
1781384423	snap	2000	sdk	usermention	send_deadline	0
1781384423	snap	2000	sdk	usermention	send_exhausted	0
1781384423	snap	2000	sdk	usermention	send_canceled	0
1781384423	snap	2000	sdk	usermention	send_other	0
1781384423	snap	2000	sdk	usermention	buffer_depth	0
0
1781384423	snap	2000	sdk	usermention	cp_received	10007
1781384423	snap	2000	sdk	usermention	lp_received	0
1781384423	snap	2000	sdk	usermention	cp_sent	10007
1781384423	snap	2000	sdk	usermention	lp_sent	0
1781384423	snap	2000	sdk	usermention	cp_dropped	0
1781384423	snap	2000	sdk	usermention	lp_dropped	0
1781384423	snap	2000	sdk	usertimeline	spans_received	9998
1781384423	snap	2000	sdk	usertimeline	spans_sent	9998
1781384423	snap	2000	sdk	usertimeline	spans_dropped	0
1781384423	snap	2000	sdk	usertimeline	spans_flushed	9998
1781384423	snap	2000	sdk	usertimeline	batches_sent	994
1781384423	snap	2000	sdk	usertimeline	batches_dropped	0
1781384423	snap	2000	sdk	usertimeline	send_unavailable	0
1781384423	snap	2000	sdk	usertimeline	send_deadline	0
1781384423	snap	2000	sdk	usertimeline	send_exhausted	0
1781384423	snap	2000	sdk	usertimeline	send_canceled	0
1781384423	snap	2000	sdk	usertimeline	send_other	0
1781384423	snap	2000	sdk	usertimeline	buffer_depth	0
0
1781384423	snap	2000	sdk	usertimeline	cp_received	9998
1781384423	snap	2000	sdk	usertimeline	lp_received	0
1781384423	snap	2000	sdk	usertimeline	cp_sent	9998
1781384423	snap	2000	sdk	usertimeline	lp_sent	0
1781384423	snap	2000	sdk	usertimeline	cp_dropped	0
1781384423	snap	2000	sdk	usertimeline	lp_dropped	0
1781384490	snap	2000	otelcol	otelcol-sb-esrev1-ctr-9czsx	otelcol_process_memory_rss	216760320
1781384490	snap	2000	otelcol	otelcol-sb-esrev1-ctr-9czsx	otelcol_receiver_accepted_spans	129777
1781384490	snap	2000	otelcol	otelcol-sb-esrev1-ctr-9czsx	otelcol_processor_outgoing_items	129777
1781384490	snap	2000	otelcol	otelcol-sb-esrev1-ctr-9czsx	otelcol_process_runtime_heap_alloc_bytes	55477752
1781384490	snap	2000	otelcol	otelcol-sb-esrev1-ctr-9czsx	otelcol_process_cpu_seconds	6
1781384490	snap	2000	otelcol	otelcol-sb-esrev1-ctr-9czsx	otelcol_exporter_queue_batch_send_size_sum	129777
1781384490	snap	2000	otelcol	otelcol-sb-esrev1-ctr-9czsx	otelcol_receiver_failed_spans	0
1781384490	snap	2000	otelcol	otelcol-sb-esrev1-ctr-9czsx	otelcol_process_uptime	264
1781384490	snap	2000	otelcol	otelcol-sb-esrev1-ctr-9czsx	otelcol_process_runtime_total_sys_memory_bytes	80529688
1781384490	snap	2000	otelcol	otelcol-sb-esrev1-ctr-9czsx	otelcol_exporter_send_failed_spans	0
1781384490	snap	2000	otelcol	otelcol-sb-esrev1-ctr-9czsx	otelcol_exporter_queue_capacity	1001
1781384490	snap	2000	otelcol	otelcol-sb-esrev1-ctr-9czsx	otelcol_processor_batch_metadata_cardinality	1
1781384490	snap	2000	otelcol	otelcol-sb-esrev1-ctr-9czsx	otelcol_process_runtime_total_alloc_bytes	147507200
1781384490	snap	2000	otelcol	otelcol-sb-esrev1-ctr-9czsx	otelcol_processor_batch_timeout_trigger_send	797
1781384490	snap	2000	otelcol	otelcol-sb-esrev1-ctr-9czsx	otelcol_processor_batch_batch_send_size_sum	129777
1781384490	snap	2000	otelcol	otelcol-sb-esrev1-ctr-9czsx	otelcol_exporter_sent_spans	70577
1781384490	snap	2000	otelcol	otelcol-sb-esrev1-ctr-9czsx	otelcol_exporter_queue_size	148
1781384490	snap	2000	otelcol	otelcol-sb-esrev1-ctr-9czsx	otelcol_receiver_refused_spans	0
1781384490	snap	2000	otelcol	otelcol-sb-esrev1-ctr-9czsx	otelcol_processor_incoming_items	129777
1781384490	snap	2000	otelcol	otelcol-sb-esrev1-ctr-r7tfk	otelcol_processor_batch_batch_send_size_sum	913193
1781384490	snap	2000	otelcol	otelcol-sb-esrev1-ctr-r7tfk	otelcol_process_uptime	263
1781384490	snap	2000	otelcol	otelcol-sb-esrev1-ctr-r7tfk	otelcol_processor_outgoing_items	913193
1781384490	snap	2000	otelcol	otelcol-sb-esrev1-ctr-r7tfk	otelcol_exporter_queue_batch_send_size_sum	913193
1781384490	snap	2000	otelcol	otelcol-sb-esrev1-ctr-r7tfk	otelcol_receiver_failed_spans	0
1781384490	snap	2000	otelcol	otelcol-sb-esrev1-ctr-r7tfk	otelcol_processor_batch_batch_size_trigger_send	7
1781384490	snap	2000	otelcol	otelcol-sb-esrev1-ctr-r7tfk	otelcol_receiver_refused_spans	1824152
1781384490	snap	2000	otelcol	otelcol-sb-esrev1-ctr-r7tfk	otelcol_receiver_accepted_spans	913193
1781384490	snap	2000	otelcol	otelcol-sb-esrev1-ctr-r7tfk	otelcol_process_cpu_seconds	30
1781384490	snap	2000	otelcol	otelcol-sb-esrev1-ctr-r7tfk	otelcol_processor_batch_metadata_cardinality	1
1781384490	snap	2000	otelcol	otelcol-sb-esrev1-ctr-r7tfk	otelcol_process_runtime_total_alloc_bytes	1868973608
1781384490	snap	2000	otelcol	otelcol-sb-esrev1-ctr-r7tfk	otelcol_process_runtime_heap_alloc_bytes	125420544
1781384490	snap	2000	otelcol	otelcol-sb-esrev1-ctr-r7tfk	otelcol_process_memory_rss	323448832
1781384490	snap	2000	otelcol	otelcol-sb-esrev1-ctr-r7tfk	otelcol_exporter_queue_capacity	1001
1781384490	snap	2000	otelcol	otelcol-sb-esrev1-ctr-r7tfk	otelcol_processor_batch_timeout_trigger_send	693
1781384490	snap	2000	otelcol	otelcol-sb-esrev1-ctr-r7tfk	otelcol_exporter_send_failed_spans	0
1781384490	snap	2000	otelcol	otelcol-sb-esrev1-ctr-r7tfk	otelcol_exporter_sent_spans	685249
1781384490	snap	2000	otelcol	otelcol-sb-esrev1-ctr-r7tfk	otelcol_exporter_queue_size	57
1781384490	snap	2000	otelcol	otelcol-sb-esrev1-ctr-r7tfk	otelcol_processor_incoming_items	2737345
1781384490	snap	2000	otelcol	otelcol-sb-esrev1-ctr-r7tfk	otelcol_process_runtime_total_sys_memory_bytes	216066360
1781384490	snap	2000	otelcol	otelcol-sb-esrev1-ctr-srbgp	otelcol_processor_batch_batch_send_size_sum	243602
1781384490	snap	2000	otelcol	otelcol-sb-esrev1-ctr-srbgp	otelcol_exporter_sent_spans	181399
1781384490	snap	2000	otelcol	otelcol-sb-esrev1-ctr-srbgp	otelcol_exporter_queue_size	156
1781384490	snap	2000	otelcol	otelcol-sb-esrev1-ctr-srbgp	otelcol_exporter_queue_capacity	1001
1781384490	snap	2000	otelcol	otelcol-sb-esrev1-ctr-srbgp	otelcol_processor_incoming_items	264602
1781384490	snap	2000	otelcol	otelcol-sb-esrev1-ctr-srbgp	otelcol_receiver_failed_spans	0
1781384490	snap	2000	otelcol	otelcol-sb-esrev1-ctr-srbgp	otelcol_processor_outgoing_items	243602
1781384490	snap	2000	otelcol	otelcol-sb-esrev1-ctr-srbgp	otelcol_process_runtime_heap_alloc_bytes	50956272
1781384490	snap	2000	otelcol	otelcol-sb-esrev1-ctr-srbgp	otelcol_processor_batch_metadata_cardinality	1
1781384490	snap	2000	otelcol	otelcol-sb-esrev1-ctr-srbgp	otelcol_receiver_refused_spans	21000
1781384490	snap	2000	otelcol	otelcol-sb-esrev1-ctr-srbgp	otelcol_processor_batch_timeout_trigger_send	962
1781384490	snap	2000	otelcol	otelcol-sb-esrev1-ctr-srbgp	otelcol_process_runtime_total_sys_memory_bytes	85133592
1781384490	snap	2000	otelcol	otelcol-sb-esrev1-ctr-srbgp	otelcol_process_cpu_seconds	7
1781384490	snap	2000	otelcol	otelcol-sb-esrev1-ctr-srbgp	otelcol_exporter_queue_batch_send_size_sum	243602
1781384490	snap	2000	otelcol	otelcol-sb-esrev1-ctr-srbgp	otelcol_process_runtime_total_alloc_bytes	221798088
1781384490	snap	2000	otelcol	otelcol-sb-esrev1-ctr-srbgp	otelcol_process_memory_rss	210673664
1781384490	snap	2000	otelcol	otelcol-sb-esrev1-ctr-srbgp	otelcol_process_uptime	265
1781384490	snap	2000	otelcol	otelcol-sb-esrev1-ctr-srbgp	otelcol_receiver_accepted_spans	243602
1781384490	snap	2000	otelcol	otelcol-sb-esrev1-ctr-srbgp	otelcol_exporter_send_failed_spans	0
1781384490	snap	2000	otelcol	otelcol-sb-esrev1-ctr-j2cng	otelcol_processor_incoming_items	129768
1781384490	snap	2000	otelcol	otelcol-sb-esrev1-ctr-j2cng	otelcol_exporter_queue_capacity	1001
1781384490	snap	2000	otelcol	otelcol-sb-esrev1-ctr-j2cng	otelcol_process_memory_rss	212340736
1781384490	snap	2000	otelcol	otelcol-sb-esrev1-ctr-j2cng	otelcol_processor_outgoing_items	129768
1781384490	snap	2000	otelcol	otelcol-sb-esrev1-ctr-j2cng	otelcol_receiver_refused_spans	0
1781384490	snap	2000	otelcol	otelcol-sb-esrev1-ctr-j2cng	otelcol_process_cpu_seconds	6
1781384490	snap	2000	otelcol	otelcol-sb-esrev1-ctr-j2cng	otelcol_exporter_queue_batch_send_size_sum	129768
1781384490	snap	2000	otelcol	otelcol-sb-esrev1-ctr-j2cng	otelcol_exporter_sent_spans	70021
1781384490	snap	2000	otelcol	otelcol-sb-esrev1-ctr-j2cng	otelcol_exporter_send_failed_spans	0
1781384490	snap	2000	otelcol	otelcol-sb-esrev1-ctr-j2cng	otelcol_process_runtime_total_alloc_bytes	135106152
1781384490	snap	2000	otelcol	otelcol-sb-esrev1-ctr-j2cng	otelcol_processor_batch_batch_send_size_sum	129768
1781384490	snap	2000	otelcol	otelcol-sb-esrev1-ctr-j2cng	otelcol_receiver_failed_spans	0
1781384490	snap	2000	otelcol	otelcol-sb-esrev1-ctr-j2cng	otelcol_process_runtime_heap_alloc_bytes	50046664
1781384490	snap	2000	otelcol	otelcol-sb-esrev1-ctr-j2cng	otelcol_processor_batch_metadata_cardinality	1
1781384490	snap	2000	otelcol	otelcol-sb-esrev1-ctr-j2cng	otelcol_process_uptime	264
1781384490	snap	2000	otelcol	otelcol-sb-esrev1-ctr-j2cng	otelcol_process_runtime_total_sys_memory_bytes	79800600
1781384490	snap	2000	otelcol	otelcol-sb-esrev1-ctr-j2cng	otelcol_exporter_queue_size	149
1781384490	snap	2000	otelcol	otelcol-sb-esrev1-ctr-j2cng	otelcol_receiver_accepted_spans	129768
1781384490	snap	2000	otelcol	otelcol-sb-esrev1-ctr-j2cng	otelcol_processor_batch_timeout_trigger_send	794
1781384490	snap	2000	otelcol	otelcol-sb-esrev1-ctr-z4fxx	otelcol_receiver_failed_spans	0
1781384490	snap	2000	otelcol	otelcol-sb-esrev1-ctr-z4fxx	otelcol_processor_batch_batch_send_size_sum	259554
1781384490	snap	2000	otelcol	otelcol-sb-esrev1-ctr-z4fxx	otelcol_exporter_send_failed_spans	0
1781384490	snap	2000	otelcol	otelcol-sb-esrev1-ctr-z4fxx	otelcol_processor_incoming_items	259554
1781384490	snap	2000	otelcol	otelcol-sb-esrev1-ctr-z4fxx	otelcol_exporter_queue_size	154
1781384490	snap	2000	otelcol	otelcol-sb-esrev1-ctr-z4fxx	otelcol_receiver_accepted_spans	259554
1781384490	snap	2000	otelcol	otelcol-sb-esrev1-ctr-z4fxx	otelcol_processor_batch_metadata_cardinality	1
1781384490	snap	2000	otelcol	otelcol-sb-esrev1-ctr-z4fxx	otelcol_process_runtime_total_alloc_bytes	230744160
1781384490	snap	2000	otelcol	otelcol-sb-esrev1-ctr-z4fxx	otelcol_process_memory_rss	242728960
1781384490	snap	2000	otelcol	otelcol-sb-esrev1-ctr-z4fxx	otelcol_processor_batch_timeout_trigger_send	797
1781384490	snap	2000	otelcol	otelcol-sb-esrev1-ctr-z4fxx	otelcol_receiver_refused_spans	0
1781384490	snap	2000	otelcol	otelcol-sb-esrev1-ctr-z4fxx	otelcol_process_runtime_total_sys_memory_bytes	110111000
1781384490	snap	2000	otelcol	otelcol-sb-esrev1-ctr-z4fxx	otelcol_exporter_queue_capacity	1001
1781384490	snap	2000	otelcol	otelcol-sb-esrev1-ctr-z4fxx	otelcol_processor_outgoing_items	259554
1781384490	snap	2000	otelcol	otelcol-sb-esrev1-ctr-z4fxx	otelcol_process_uptime	264
1781384490	snap	2000	otelcol	otelcol-sb-esrev1-ctr-z4fxx	otelcol_process_runtime_heap_alloc_bytes	74194824
1781384490	snap	2000	otelcol	otelcol-sb-esrev1-ctr-z4fxx	otelcol_process_cpu_seconds	7
1781384490	snap	2000	otelcol	otelcol-sb-esrev1-ctr-z4fxx	otelcol_exporter_sent_spans	136353
1781384490	snap	2000	otelcol	otelcol-sb-esrev1-ctr-z4fxx	otelcol_exporter_queue_batch_send_size_sum	259554
1781384490	snap	2000	otelcol	otelcol-sb-esrev1-ctr-bdbcb	otelcol_processor_incoming_items	129768
1781384490	snap	2000	otelcol	otelcol-sb-esrev1-ctr-bdbcb	otelcol_processor_batch_batch_send_size_sum	129768
1781384490	snap	2000	otelcol	otelcol-sb-esrev1-ctr-bdbcb	otelcol_process_uptime	264
1781384490	snap	2000	otelcol	otelcol-sb-esrev1-ctr-bdbcb	otelcol_receiver_accepted_spans	129768
1781384490	snap	2000	otelcol	otelcol-sb-esrev1-ctr-bdbcb	otelcol_process_memory_rss	213774336
1781384490	snap	2000	otelcol	otelcol-sb-esrev1-ctr-bdbcb	otelcol_process_cpu_seconds	6
1781384490	snap	2000	otelcol	otelcol-sb-esrev1-ctr-bdbcb	otelcol_receiver_refused_spans	0
1781384490	snap	2000	otelcol	otelcol-sb-esrev1-ctr-bdbcb	otelcol_exporter_sent_spans	75821
1781384490	snap	2000	otelcol	otelcol-sb-esrev1-ctr-bdbcb	otelcol_exporter_queue_capacity	1001
1781384490	snap	2000	otelcol	otelcol-sb-esrev1-ctr-bdbcb	otelcol_exporter_queue_batch_send_size_sum	129768
1781384490	snap	2000	otelcol	otelcol-sb-esrev1-ctr-bdbcb	otelcol_process_runtime_total_sys_memory_bytes	84855064
1781384490	snap	2000	otelcol	otelcol-sb-esrev1-ctr-bdbcb	otelcol_processor_outgoing_items	129768
1781384490	snap	2000	otelcol	otelcol-sb-esrev1-ctr-bdbcb	otelcol_process_runtime_heap_alloc_bytes	47972240
1781384490	snap	2000	otelcol	otelcol-sb-esrev1-ctr-bdbcb	otelcol_processor_batch_metadata_cardinality	1
1781384490	snap	2000	otelcol	otelcol-sb-esrev1-ctr-bdbcb	otelcol_process_runtime_total_alloc_bytes	138004024
1781384490	snap	2000	otelcol	otelcol-sb-esrev1-ctr-bdbcb	otelcol_exporter_queue_size	135
1781384490	snap	2000	otelcol	otelcol-sb-esrev1-ctr-bdbcb	otelcol_processor_batch_timeout_trigger_send	796
1781384490	snap	2000	otelcol	otelcol-sb-esrev1-ctr-bdbcb	otelcol_exporter_send_failed_spans	0
1781384490	snap	2000	otelcol	otelcol-sb-esrev1-ctr-bdbcb	otelcol_receiver_failed_spans	0
1781384490	snap	2000	otelcol	otelcol-sb-esrev1-ctr-zjs5l	otelcol_receiver_refused_spans	544191
1781384490	snap	2000	otelcol	otelcol-sb-esrev1-ctr-zjs5l	otelcol_processor_batch_timeout_trigger_send	946
1781384490	snap	2000	otelcol	otelcol-sb-esrev1-ctr-zjs5l	otelcol_exporter_sent_spans	364774
1781384490	snap	2000	otelcol	otelcol-sb-esrev1-ctr-zjs5l	otelcol_receiver_failed_spans	0
1781384490	snap	2000	otelcol	otelcol-sb-esrev1-ctr-zjs5l	otelcol_process_runtime_total_sys_memory_bytes	203077928
1781384490	snap	2000	otelcol	otelcol-sb-esrev1-ctr-zjs5l	otelcol_process_uptime	263
1781384490	snap	2000	otelcol	otelcol-sb-esrev1-ctr-zjs5l	otelcol_exporter_queue_size	129
1781384490	snap	2000	otelcol	otelcol-sb-esrev1-ctr-zjs5l	otelcol_receiver_accepted_spans	557774
1781384490	snap	2000	otelcol	otelcol-sb-esrev1-ctr-zjs5l	otelcol_process_runtime_total_alloc_bytes	682091384
1781384490	snap	2000	otelcol	otelcol-sb-esrev1-ctr-zjs5l	otelcol_process_runtime_heap_alloc_bytes	109408472
1781384490	snap	2000	otelcol	otelcol-sb-esrev1-ctr-zjs5l	otelcol_processor_batch_batch_send_size_sum	557774
1781384490	snap	2000	otelcol	otelcol-sb-esrev1-ctr-zjs5l	otelcol_process_memory_rss	320040960
1781384490	snap	2000	otelcol	otelcol-sb-esrev1-ctr-zjs5l	otelcol_exporter_queue_capacity	1001
1781384490	snap	2000	otelcol	otelcol-sb-esrev1-ctr-zjs5l	otelcol_exporter_queue_batch_send_size_sum	557774
1781384490	snap	2000	otelcol	otelcol-sb-esrev1-ctr-zjs5l	otelcol_processor_incoming_items	1101965
1781384490	snap	2000	otelcol	otelcol-sb-esrev1-ctr-zjs5l	otelcol_processor_outgoing_items	557774
1781384490	snap	2000	otelcol	otelcol-sb-esrev1-ctr-zjs5l	otelcol_processor_batch_metadata_cardinality	1
1781384490	snap	2000	otelcol	otelcol-sb-esrev1-ctr-zjs5l	otelcol_process_cpu_seconds	15
1781384490	snap	2000	otelcol	otelcol-sb-esrev1-ctr-zjs5l	otelcol_exporter_send_failed_spans	0
1781384490	snap	2000	otelcol	otelcol-sb-esrev1-ctr-mqr25	otelcol_processor_batch_timeout_trigger_send	962
1781384490	snap	2000	otelcol	otelcol-sb-esrev1-ctr-mqr25	otelcol_exporter_queue_size	151
1781384490	snap	2000	otelcol	otelcol-sb-esrev1-ctr-mqr25	otelcol_processor_incoming_items	468418
1781384490	snap	2000	otelcol	otelcol-sb-esrev1-ctr-mqr25	otelcol_processor_batch_batch_send_size_sum	468418
1781384490	snap	2000	otelcol	otelcol-sb-esrev1-ctr-mqr25	otelcol_process_runtime_heap_alloc_bytes	102426600
1781384490	snap	2000	otelcol	otelcol-sb-esrev1-ctr-mqr25	otelcol_processor_outgoing_items	468418
1781384490	snap	2000	otelcol	otelcol-sb-esrev1-ctr-mqr25	otelcol_process_runtime_total_alloc_bytes	365447448
1781384490	snap	2000	otelcol	otelcol-sb-esrev1-ctr-mqr25	otelcol_exporter_send_failed_spans	0
1781384490	snap	2000	otelcol	otelcol-sb-esrev1-ctr-mqr25	otelcol_receiver_failed_spans	0
1781384490	snap	2000	otelcol	otelcol-sb-esrev1-ctr-mqr25	otelcol_process_memory_rss	266825728
1781384490	snap	2000	otelcol	otelcol-sb-esrev1-ctr-mqr25	otelcol_process_cpu_seconds	10
1781384490	snap	2000	otelcol	otelcol-sb-esrev1-ctr-mqr25	otelcol_processor_batch_metadata_cardinality	1
1781384490	snap	2000	otelcol	otelcol-sb-esrev1-ctr-mqr25	otelcol_process_uptime	264
1781384490	snap	2000	otelcol	otelcol-sb-esrev1-ctr-mqr25	otelcol_exporter_sent_spans	286410
1781384490	snap	2000	otelcol	otelcol-sb-esrev1-ctr-mqr25	otelcol_exporter_queue_batch_send_size_sum	468418
1781384490	snap	2000	otelcol	otelcol-sb-esrev1-ctr-mqr25	otelcol_receiver_refused_spans	0
1781384490	snap	2000	otelcol	otelcol-sb-esrev1-ctr-mqr25	otelcol_process_runtime_total_sys_memory_bytes	131692840
1781384490	snap	2000	otelcol	otelcol-sb-esrev1-ctr-mqr25	otelcol_receiver_accepted_spans	468418
1781384490	snap	2000	otelcol	otelcol-sb-esrev1-ctr-mqr25	otelcol_exporter_queue_capacity	1001
1781384490	snap	2000	otelcol	otelcol-sb-esrev1-ctr-j7lcx	otelcol_processor_batch_metadata_cardinality	1
1781384490	snap	2000	otelcol	otelcol-sb-esrev1-ctr-j7lcx	otelcol_process_runtime_total_alloc_bytes	36941224
1781384490	snap	2000	otelcol	otelcol-sb-esrev1-ctr-j7lcx	otelcol_process_cpu_seconds	2
1781384490	snap	2000	otelcol	otelcol-sb-esrev1-ctr-j7lcx	otelcol_process_runtime_heap_alloc_bytes	18142096
1781384490	snap	2000	otelcol	otelcol-sb-esrev1-ctr-j7lcx	otelcol_process_memory_rss	180428800
1781384490	snap	2000	otelcol	otelcol-sb-esrev1-ctr-j7lcx	otelcol_process_uptime	262
1781384490	snap	2000	otelcol	otelcol-sb-esrev1-ctr-j7lcx	otelcol_process_runtime_total_sys_memory_bytes	44546312
1781384490	snap	2000	otelcol	otelcol-sb-esrev1-ctr-j7lcx	otelcol_exporter_queue_size	0
1781384490	snap	2000	otelcol	otelcol-sb-esrev1-ctr-j7lcx	otelcol_exporter_queue_capacity	1001
1781384490	snap	2000	k8s	otelcol-sb-esrev1-ctr-9czsx	restart_count	0
1781384490	snap	2000	k8s	otelcol-sb-esrev1-ctr-bdbcb	restart_count	0
1781384490	snap	2000	k8s	otelcol-sb-esrev1-ctr-j2cng	restart_count	0
1781384490	snap	2000	k8s	otelcol-sb-esrev1-ctr-j7lcx	restart_count	0
1781384490	snap	2000	k8s	otelcol-sb-esrev1-ctr-mqr25	restart_count	0
1781384490	snap	2000	k8s	otelcol-sb-esrev1-ctr-r7tfk	restart_count	0
1781384490	snap	2000	k8s	otelcol-sb-esrev1-ctr-srbgp	restart_count	0
1781384490	snap	2000	k8s	otelcol-sb-esrev1-ctr-z4fxx	restart_count	0
1781384490	snap	2000	k8s	otelcol-sb-esrev1-ctr-zjs5l	restart_count	0
1781384490	snap	2000	sdk	wrk2api	spans_received	336717
1781384490	snap	2000	sdk	wrk2api	spans_sent	336717
1781384490	snap	2000	sdk	wrk2api	spans_dropped	0
1781384490	snap	2000	sdk	wrk2api	spans_flushed	336717
1781384490	snap	2000	sdk	wrk2api	batches_sent	3690
1781384490	snap	2000	sdk	wrk2api	batches_dropped	0
1781384490	snap	2000	sdk	wrk2api	send_unavailable	0
1781384490	snap	2000	sdk	wrk2api	send_deadline	0
1781384490	snap	2000	sdk	wrk2api	send_exhausted	0
1781384490	snap	2000	sdk	wrk2api	send_canceled	0
1781384490	snap	2000	sdk	wrk2api	send_other	0
1781384490	snap	2000	sdk	wrk2api	buffer_depth	0
0
1781384490	snap	2000	sdk	wrk2api	cp_received	168354
1781384490	snap	2000	sdk	wrk2api	lp_received	168363
1781384490	snap	2000	sdk	wrk2api	cp_sent	168354
1781384490	snap	2000	sdk	wrk2api	lp_sent	168363
1781384490	snap	2000	sdk	wrk2api	cp_dropped	0
1781384490	snap	2000	sdk	wrk2api	lp_dropped	0
1781384490	snap	2000	sdk	composepost	spans_received	1038207
1781384490	snap	2000	sdk	composepost	spans_sent	757140
1781384490	snap	2000	sdk	composepost	spans_dropped	0
1781384490	snap	2000	sdk	composepost	spans_flushed	1038207
1781384490	snap	2000	sdk	composepost	batches_sent	11355
1781384490	snap	2000	sdk	composepost	batches_dropped	0
1781384490	snap	2000	sdk	composepost	send_unavailable	0
1781384490	snap	2000	sdk	composepost	send_deadline	0
1781384490	snap	2000	sdk	composepost	send_exhausted	0
1781384490	snap	2000	sdk	composepost	send_canceled	0
1781384490	snap	2000	sdk	composepost	send_other	0
1781384490	snap	2000	sdk	composepost	buffer_depth	0
0
1781384490	snap	2000	sdk	composepost	cp_received	908430
1781384490	snap	2000	sdk	composepost	lp_received	129777
1781384490	snap	2000	sdk	composepost	cp_sent	680163
1781384490	snap	2000	sdk	composepost	lp_sent	76977
1781384490	snap	2000	sdk	composepost	cp_dropped	0
1781384490	snap	2000	sdk	composepost	lp_dropped	0
1781384490	snap	2000	sdk	hometimeline	spans_received	259536
1781384490	snap	2000	sdk	hometimeline	spans_sent	153642
1781384490	snap	2000	sdk	hometimeline	spans_dropped	0
1781384490	snap	2000	sdk	hometimeline	spans_flushed	259536
1781384490	snap	2000	sdk	hometimeline	batches_sent	2660
1781384490	snap	2000	sdk	hometimeline	batches_dropped	0
1781384490	snap	2000	sdk	hometimeline	send_unavailable	0
1781384490	snap	2000	sdk	hometimeline	send_deadline	0
1781384490	snap	2000	sdk	hometimeline	send_exhausted	0
1781384490	snap	2000	sdk	hometimeline	send_canceled	0
1781384490	snap	2000	sdk	hometimeline	send_other	0
1781384490	snap	2000	sdk	hometimeline	buffer_depth	0
0
1781384490	snap	2000	sdk	hometimeline	cp_received	0
1781384490	snap	2000	sdk	hometimeline	lp_received	259536
1781384490	snap	2000	sdk	hometimeline	cp_sent	0
1781384490	snap	2000	sdk	hometimeline	lp_sent	153642
1781384490	snap	2000	sdk	hometimeline	cp_dropped	0
1781384490	snap	2000	sdk	hometimeline	lp_dropped	0
1781384490	snap	2000	sdk	media	spans_received	129777
1781384490	snap	2000	sdk	media	spans_sent	129777
1781384490	snap	2000	sdk	media	spans_dropped	0
1781384490	snap	2000	sdk	media	spans_flushed	129777
1781384490	snap	2000	sdk	media	batches_sent	1595
1781384490	snap	2000	sdk	media	batches_dropped	0
1781384490	snap	2000	sdk	media	send_unavailable	0
1781384490	snap	2000	sdk	media	send_deadline	0
1781384490	snap	2000	sdk	media	send_exhausted	0
1781384490	snap	2000	sdk	media	send_canceled	0
1781384490	snap	2000	sdk	media	send_other	0
1781384490	snap	2000	sdk	media	buffer_depth	0
0
1781384490	snap	2000	sdk	media	cp_received	129777
1781384490	snap	2000	sdk	media	lp_received	0
1781384490	snap	2000	sdk	media	cp_sent	129777
1781384490	snap	2000	sdk	media	lp_sent	0
1781384490	snap	2000	sdk	media	cp_dropped	0
1781384490	snap	2000	sdk	media	lp_dropped	0
1781384490	snap	2000	sdk	post-storage	spans_received	129768
1781384490	snap	2000	sdk	post-storage	spans_sent	129768
1781384490	snap	2000	sdk	post-storage	spans_dropped	0
1781384490	snap	2000	sdk	post-storage	spans_flushed	129768
1781384490	snap	2000	sdk	post-storage	batches_sent	1593
1781384490	snap	2000	sdk	post-storage	batches_dropped	0
1781384490	snap	2000	sdk	post-storage	send_unavailable	0
1781384490	snap	2000	sdk	post-storage	send_deadline	0
1781384490	snap	2000	sdk	post-storage	send_exhausted	0
1781384490	snap	2000	sdk	post-storage	send_canceled	0
1781384490	snap	2000	sdk	post-storage	send_other	0
1781384490	snap	2000	sdk	post-storage	buffer_depth	0
0
1781384490	snap	2000	sdk	post-storage	cp_received	129768
1781384490	snap	2000	sdk	post-storage	lp_received	0
1781384490	snap	2000	sdk	post-storage	cp_sent	129768
1781384490	snap	2000	sdk	post-storage	lp_sent	0
1781384490	snap	2000	sdk	post-storage	cp_dropped	0
1781384490	snap	2000	sdk	post-storage	lp_dropped	0
1781384490	snap	2000	sdk	socialgraph	spans_received	243602
1781384490	snap	2000	sdk	socialgraph	spans_sent	243602
1781384490	snap	2000	sdk	socialgraph	spans_dropped	0
1781384490	snap	2000	sdk	socialgraph	spans_flushed	243602
1781384490	snap	2000	sdk	socialgraph	batches_sent	2097
1781384490	snap	2000	sdk	socialgraph	batches_dropped	0
1781384490	snap	2000	sdk	socialgraph	send_unavailable	0
1781384490	snap	2000	sdk	socialgraph	send_deadline	0
1781384490	snap	2000	sdk	socialgraph	send_exhausted	0
1781384490	snap	2000	sdk	socialgraph	send_canceled	0
1781384490	snap	2000	sdk	socialgraph	send_other	0
1781384490	snap	2000	sdk	socialgraph	buffer_depth	0
0
1781384490	snap	2000	sdk	socialgraph	cp_received	205978
1781384490	snap	2000	sdk	socialgraph	lp_received	37624
1781384490	snap	2000	sdk	socialgraph	cp_sent	205978
1781384490	snap	2000	sdk	socialgraph	lp_sent	37624
1781384490	snap	2000	sdk	socialgraph	cp_dropped	0
1781384490	snap	2000	sdk	socialgraph	lp_dropped	0
1781384490	snap	2000	sdk	text	spans_received	389349
1781384490	snap	2000	sdk	text	spans_sent	352749
1781384490	snap	2000	sdk	text	spans_dropped	0
1781384490	snap	2000	sdk	text	spans_flushed	389349
1781384490	snap	2000	sdk	text	batches_sent	4602
1781384490	snap	2000	sdk	text	batches_dropped	0
1781384490	snap	2000	sdk	text	send_unavailable	0
1781384490	snap	2000	sdk	text	send_deadline	0
1781384490	snap	2000	sdk	text	send_exhausted	0
1781384490	snap	2000	sdk	text	send_canceled	0
1781384490	snap	2000	sdk	text	send_other	0
1781384490	snap	2000	sdk	text	buffer_depth	0
0
1781384490	snap	2000	sdk	text	cp_received	0
1781384490	snap	2000	sdk	text	lp_received	389349
1781384490	snap	2000	sdk	text	cp_sent	0
1781384490	snap	2000	sdk	text	lp_sent	352749
1781384490	snap	2000	sdk	text	cp_dropped	0
1781384490	snap	2000	sdk	text	lp_dropped	0
1781384490	snap	2000	sdk	uniqueid	spans_received	129777
1781384490	snap	2000	sdk	uniqueid	spans_sent	129777
1781384490	snap	2000	sdk	uniqueid	spans_dropped	0
1781384490	snap	2000	sdk	uniqueid	spans_flushed	129777
1781384490	snap	2000	sdk	uniqueid	batches_sent	1595
1781384490	snap	2000	sdk	uniqueid	batches_dropped	0
1781384490	snap	2000	sdk	uniqueid	send_unavailable	0
1781384490	snap	2000	sdk	uniqueid	send_deadline	0
1781384490	snap	2000	sdk	uniqueid	send_exhausted	0
1781384490	snap	2000	sdk	uniqueid	send_canceled	0
1781384490	snap	2000	sdk	uniqueid	send_other	0
1781384490	snap	2000	sdk	uniqueid	buffer_depth	0
0
1781384490	snap	2000	sdk	uniqueid	cp_received	129777
1781384490	snap	2000	sdk	uniqueid	lp_received	0
1781384490	snap	2000	sdk	uniqueid	cp_sent	129777
1781384490	snap	2000	sdk	uniqueid	lp_sent	0
1781384490	snap	2000	sdk	uniqueid	cp_dropped	0
1781384490	snap	2000	sdk	uniqueid	lp_dropped	0
1781384490	snap	2000	sdk	urlshorten	spans_received	129777
1781384490	snap	2000	sdk	urlshorten	spans_sent	129777
1781384490	snap	2000	sdk	urlshorten	spans_dropped	0
1781384490	snap	2000	sdk	urlshorten	spans_flushed	129777
1781384490	snap	2000	sdk	urlshorten	batches_sent	1595
1781384490	snap	2000	sdk	urlshorten	batches_dropped	0
1781384490	snap	2000	sdk	urlshorten	send_unavailable	0
1781384490	snap	2000	sdk	urlshorten	send_deadline	0
1781384490	snap	2000	sdk	urlshorten	send_exhausted	0
1781384490	snap	2000	sdk	urlshorten	send_canceled	0
1781384490	snap	2000	sdk	urlshorten	send_other	0
1781384490	snap	2000	sdk	urlshorten	buffer_depth	0
0
1781384490	snap	2000	sdk	urlshorten	cp_received	129777
1781384490	snap	2000	sdk	urlshorten	lp_received	0
1781384490	snap	2000	sdk	urlshorten	cp_sent	129777
1781384490	snap	2000	sdk	urlshorten	lp_sent	0
1781384490	snap	2000	sdk	urlshorten	cp_dropped	0
1781384490	snap	2000	sdk	urlshorten	lp_dropped	0
1781384490	snap	2000	sdk	user	spans_received	131701
1781384490	snap	2000	sdk	user	spans_sent	131701
1781384490	snap	2000	sdk	user	spans_dropped	0
1781384490	snap	2000	sdk	user	spans_flushed	131701
1781384490	snap	2000	sdk	user	batches_sent	1607
1781384490	snap	2000	sdk	user	batches_dropped	0
1781384490	snap	2000	sdk	user	send_unavailable	0
1781384490	snap	2000	sdk	user	send_deadline	0
1781384490	snap	2000	sdk	user	send_exhausted	0
1781384490	snap	2000	sdk	user	send_canceled	0
1781384490	snap	2000	sdk	user	send_other	0
1781384490	snap	2000	sdk	user	buffer_depth	0
0
1781384490	snap	2000	sdk	user	cp_received	130739
1781384490	snap	2000	sdk	user	lp_received	962
1781384490	snap	2000	sdk	user	cp_sent	130739
1781384490	snap	2000	sdk	user	lp_sent	962
1781384490	snap	2000	sdk	user	cp_dropped	0
1781384490	snap	2000	sdk	user	lp_dropped	0
1781384490	snap	2000	sdk	userid	spans_received	75248
1781384490	snap	2000	sdk	userid	spans_sent	75248
1781384490	snap	2000	sdk	userid	spans_dropped	0
1781384490	snap	2000	sdk	userid	spans_flushed	75248
1781384490	snap	2000	sdk	userid	batches_sent	250
1781384490	snap	2000	sdk	userid	batches_dropped	0
1781384490	snap	2000	sdk	userid	send_unavailable	0
1781384490	snap	2000	sdk	userid	send_deadline	0
1781384490	snap	2000	sdk	userid	send_exhausted	0
1781384490	snap	2000	sdk	userid	send_canceled	0
1781384490	snap	2000	sdk	userid	send_other	0
1781384490	snap	2000	sdk	userid	buffer_depth	0
0
1781384490	snap	2000	sdk	userid	cp_received	75248
1781384490	snap	2000	sdk	userid	lp_received	0
1781384490	snap	2000	sdk	userid	cp_sent	75248
1781384490	snap	2000	sdk	userid	lp_sent	0
1781384490	snap	2000	sdk	userid	cp_dropped	0
1781384490	snap	2000	sdk	userid	lp_dropped	0
1781384490	snap	2000	sdk	usermention	spans_received	129777
1781384490	snap	2000	sdk	usermention	spans_sent	129777
1781384490	snap	2000	sdk	usermention	spans_dropped	0
1781384490	snap	2000	sdk	usermention	spans_flushed	129777
1781384490	snap	2000	sdk	usermention	batches_sent	1596
1781384490	snap	2000	sdk	usermention	batches_dropped	0
1781384490	snap	2000	sdk	usermention	send_unavailable	0
1781384490	snap	2000	sdk	usermention	send_deadline	0
1781384490	snap	2000	sdk	usermention	send_exhausted	0
1781384490	snap	2000	sdk	usermention	send_canceled	0
1781384490	snap	2000	sdk	usermention	send_other	0
1781384490	snap	2000	sdk	usermention	buffer_depth	0
0
1781384490	snap	2000	sdk	usermention	cp_received	129777
1781384490	snap	2000	sdk	usermention	lp_received	0
1781384490	snap	2000	sdk	usermention	cp_sent	129777
1781384490	snap	2000	sdk	usermention	lp_sent	0
1781384490	snap	2000	sdk	usermention	cp_dropped	0
1781384490	snap	2000	sdk	usermention	lp_dropped	0
1781384490	snap	2000	sdk	usertimeline	spans_received	129768
1781384490	snap	2000	sdk	usertimeline	spans_sent	129768
1781384490	snap	2000	sdk	usertimeline	spans_dropped	0
1781384490	snap	2000	sdk	usertimeline	spans_flushed	129768
1781384490	snap	2000	sdk	usertimeline	batches_sent	1593
1781384490	snap	2000	sdk	usertimeline	batches_dropped	0
1781384490	snap	2000	sdk	usertimeline	send_unavailable	0
1781384490	snap	2000	sdk	usertimeline	send_deadline	0
1781384490	snap	2000	sdk	usertimeline	send_exhausted	0
1781384490	snap	2000	sdk	usertimeline	send_canceled	0
1781384490	snap	2000	sdk	usertimeline	send_other	0
1781384490	snap	2000	sdk	usertimeline	buffer_depth	0
0
1781384490	snap	2000	sdk	usertimeline	cp_received	129768
1781384490	snap	2000	sdk	usertimeline	lp_received	0
1781384490	snap	2000	sdk	usertimeline	cp_sent	129768
1781384490	snap	2000	sdk	usertimeline	lp_sent	0
1781384490	snap	2000	sdk	usertimeline	cp_dropped	0
1781384490	snap	2000	sdk	usertimeline	lp_dropped	0
1781384497	snap	2200	otelcol	otelcol-sb-esrev1-ctr-9czsx	otelcol_process_memory_rss	217018368
1781384497	snap	2200	otelcol	otelcol-sb-esrev1-ctr-9czsx	otelcol_receiver_accepted_spans	129777
1781384497	snap	2200	otelcol	otelcol-sb-esrev1-ctr-9czsx	otelcol_processor_outgoing_items	129777
1781384497	snap	2200	otelcol	otelcol-sb-esrev1-ctr-9czsx	otelcol_process_runtime_heap_alloc_bytes	56365720
1781384497	snap	2200	otelcol	otelcol-sb-esrev1-ctr-9czsx	otelcol_process_cpu_seconds	6
1781384497	snap	2200	otelcol	otelcol-sb-esrev1-ctr-9czsx	otelcol_exporter_queue_batch_send_size_sum	129777
1781384497	snap	2200	otelcol	otelcol-sb-esrev1-ctr-9czsx	otelcol_receiver_failed_spans	0
1781384497	snap	2200	otelcol	otelcol-sb-esrev1-ctr-9czsx	otelcol_process_uptime	271
1781384497	snap	2200	otelcol	otelcol-sb-esrev1-ctr-9czsx	otelcol_process_runtime_total_sys_memory_bytes	80529688
1781384497	snap	2200	otelcol	otelcol-sb-esrev1-ctr-9czsx	otelcol_exporter_send_failed_spans	0
1781384497	snap	2200	otelcol	otelcol-sb-esrev1-ctr-9czsx	otelcol_exporter_queue_capacity	1001
1781384497	snap	2200	otelcol	otelcol-sb-esrev1-ctr-9czsx	otelcol_processor_batch_metadata_cardinality	1
1781384497	snap	2200	otelcol	otelcol-sb-esrev1-ctr-9czsx	otelcol_process_runtime_total_alloc_bytes	148395168
1781384497	snap	2200	otelcol	otelcol-sb-esrev1-ctr-9czsx	otelcol_processor_batch_timeout_trigger_send	797
1781384497	snap	2200	otelcol	otelcol-sb-esrev1-ctr-9czsx	otelcol_processor_batch_batch_send_size_sum	129777
1781384497	snap	2200	otelcol	otelcol-sb-esrev1-ctr-9czsx	otelcol_exporter_sent_spans	70577
1781384497	snap	2200	otelcol	otelcol-sb-esrev1-ctr-9czsx	otelcol_exporter_queue_size	148
1781384497	snap	2200	otelcol	otelcol-sb-esrev1-ctr-9czsx	otelcol_receiver_refused_spans	0
1781384497	snap	2200	otelcol	otelcol-sb-esrev1-ctr-9czsx	otelcol_processor_incoming_items	129777
1781384497	snap	2200	otelcol	otelcol-sb-esrev1-ctr-r7tfk	otelcol_processor_batch_batch_send_size_sum	913193
1781384497	snap	2200	otelcol	otelcol-sb-esrev1-ctr-r7tfk	otelcol_process_uptime	270
1781384497	snap	2200	otelcol	otelcol-sb-esrev1-ctr-r7tfk	otelcol_processor_outgoing_items	913193
1781384497	snap	2200	otelcol	otelcol-sb-esrev1-ctr-r7tfk	otelcol_exporter_queue_batch_send_size_sum	913193
1781384497	snap	2200	otelcol	otelcol-sb-esrev1-ctr-r7tfk	otelcol_receiver_failed_spans	0
1781384497	snap	2200	otelcol	otelcol-sb-esrev1-ctr-r7tfk	otelcol_processor_batch_batch_size_trigger_send	7
1781384497	snap	2200	otelcol	otelcol-sb-esrev1-ctr-r7tfk	otelcol_receiver_refused_spans	1824152
1781384497	snap	2200	otelcol	otelcol-sb-esrev1-ctr-r7tfk	otelcol_receiver_accepted_spans	913193
1781384497	snap	2200	otelcol	otelcol-sb-esrev1-ctr-r7tfk	otelcol_process_cpu_seconds	30
1781384497	snap	2200	otelcol	otelcol-sb-esrev1-ctr-r7tfk	otelcol_processor_batch_metadata_cardinality	1
1781384497	snap	2200	otelcol	otelcol-sb-esrev1-ctr-r7tfk	otelcol_process_runtime_total_alloc_bytes	1880027000
1781384497	snap	2200	otelcol	otelcol-sb-esrev1-ctr-r7tfk	otelcol_process_runtime_heap_alloc_bytes	112054712
1781384497	snap	2200	otelcol	otelcol-sb-esrev1-ctr-r7tfk	otelcol_process_memory_rss	320729088
1781384497	snap	2200	otelcol	otelcol-sb-esrev1-ctr-r7tfk	otelcol_exporter_queue_capacity	1001
1781384497	snap	2200	otelcol	otelcol-sb-esrev1-ctr-r7tfk	otelcol_processor_batch_timeout_trigger_send	693
1781384497	snap	2200	otelcol	otelcol-sb-esrev1-ctr-r7tfk	otelcol_exporter_send_failed_spans	0
1781384497	snap	2200	otelcol	otelcol-sb-esrev1-ctr-r7tfk	otelcol_exporter_sent_spans	708040
1781384497	snap	2200	otelcol	otelcol-sb-esrev1-ctr-r7tfk	otelcol_exporter_queue_size	52
1781384497	snap	2200	otelcol	otelcol-sb-esrev1-ctr-r7tfk	otelcol_processor_incoming_items	2737345
1781384497	snap	2200	otelcol	otelcol-sb-esrev1-ctr-r7tfk	otelcol_process_runtime_total_sys_memory_bytes	216066360
1781384497	snap	2200	otelcol	otelcol-sb-esrev1-ctr-srbgp	otelcol_processor_batch_batch_send_size_sum	243602
1781384497	snap	2200	otelcol	otelcol-sb-esrev1-ctr-srbgp	otelcol_exporter_sent_spans	183064
1781384497	snap	2200	otelcol	otelcol-sb-esrev1-ctr-srbgp	otelcol_exporter_queue_size	152
1781384497	snap	2200	otelcol	otelcol-sb-esrev1-ctr-srbgp	otelcol_exporter_queue_capacity	1001
1781384497	snap	2200	otelcol	otelcol-sb-esrev1-ctr-srbgp	otelcol_processor_incoming_items	264602
1781384497	snap	2200	otelcol	otelcol-sb-esrev1-ctr-srbgp	otelcol_receiver_failed_spans	0
1781384497	snap	2200	otelcol	otelcol-sb-esrev1-ctr-srbgp	otelcol_processor_outgoing_items	243602
1781384497	snap	2200	otelcol	otelcol-sb-esrev1-ctr-srbgp	otelcol_process_runtime_heap_alloc_bytes	52196512
1781384497	snap	2200	otelcol	otelcol-sb-esrev1-ctr-srbgp	otelcol_processor_batch_metadata_cardinality	1
1781384497	snap	2200	otelcol	otelcol-sb-esrev1-ctr-srbgp	otelcol_receiver_refused_spans	21000
1781384497	snap	2200	otelcol	otelcol-sb-esrev1-ctr-srbgp	otelcol_processor_batch_timeout_trigger_send	962
1781384497	snap	2200	otelcol	otelcol-sb-esrev1-ctr-srbgp	otelcol_process_runtime_total_sys_memory_bytes	85133592
1781384497	snap	2200	otelcol	otelcol-sb-esrev1-ctr-srbgp	otelcol_process_cpu_seconds	7
1781384497	snap	2200	otelcol	otelcol-sb-esrev1-ctr-srbgp	otelcol_exporter_queue_batch_send_size_sum	243602
1781384497	snap	2200	otelcol	otelcol-sb-esrev1-ctr-srbgp	otelcol_process_runtime_total_alloc_bytes	223038328
1781384497	snap	2200	otelcol	otelcol-sb-esrev1-ctr-srbgp	otelcol_process_memory_rss	211660800
1781384497	snap	2200	otelcol	otelcol-sb-esrev1-ctr-srbgp	otelcol_process_uptime	272
1781384497	snap	2200	otelcol	otelcol-sb-esrev1-ctr-srbgp	otelcol_receiver_accepted_spans	243602
1781384497	snap	2200	otelcol	otelcol-sb-esrev1-ctr-srbgp	otelcol_exporter_send_failed_spans	0
1781384497	snap	2200	otelcol	otelcol-sb-esrev1-ctr-j2cng	otelcol_processor_incoming_items	129768
1781384497	snap	2200	otelcol	otelcol-sb-esrev1-ctr-j2cng	otelcol_exporter_queue_capacity	1001
1781384497	snap	2200	otelcol	otelcol-sb-esrev1-ctr-j2cng	otelcol_process_memory_rss	212832256
1781384497	snap	2200	otelcol	otelcol-sb-esrev1-ctr-j2cng	otelcol_processor_outgoing_items	129768
1781384497	snap	2200	otelcol	otelcol-sb-esrev1-ctr-j2cng	otelcol_receiver_refused_spans	0
1781384497	snap	2200	otelcol	otelcol-sb-esrev1-ctr-j2cng	otelcol_process_cpu_seconds	6
1781384497	snap	2200	otelcol	otelcol-sb-esrev1-ctr-j2cng	otelcol_exporter_queue_batch_send_size_sum	129768
1781384497	snap	2200	otelcol	otelcol-sb-esrev1-ctr-j2cng	otelcol_exporter_sent_spans	70021
1781384497	snap	2200	otelcol	otelcol-sb-esrev1-ctr-j2cng	otelcol_exporter_send_failed_spans	0
1781384497	snap	2200	otelcol	otelcol-sb-esrev1-ctr-j2cng	otelcol_process_runtime_total_alloc_bytes	136006256
1781384497	snap	2200	otelcol	otelcol-sb-esrev1-ctr-j2cng	otelcol_processor_batch_batch_send_size_sum	129768
1781384497	snap	2200	otelcol	otelcol-sb-esrev1-ctr-j2cng	otelcol_receiver_failed_spans	0
1781384497	snap	2200	otelcol	otelcol-sb-esrev1-ctr-j2cng	otelcol_process_runtime_heap_alloc_bytes	50946768
1781384497	snap	2200	otelcol	otelcol-sb-esrev1-ctr-j2cng	otelcol_processor_batch_metadata_cardinality	1
1781384497	snap	2200	otelcol	otelcol-sb-esrev1-ctr-j2cng	otelcol_process_uptime	271
1781384497	snap	2200	otelcol	otelcol-sb-esrev1-ctr-j2cng	otelcol_process_runtime_total_sys_memory_bytes	79800600
1781384497	snap	2200	otelcol	otelcol-sb-esrev1-ctr-j2cng	otelcol_exporter_queue_size	149
1781384497	snap	2200	otelcol	otelcol-sb-esrev1-ctr-j2cng	otelcol_receiver_accepted_spans	129768
1781384497	snap	2200	otelcol	otelcol-sb-esrev1-ctr-j2cng	otelcol_processor_batch_timeout_trigger_send	794
1781384497	snap	2200	otelcol	otelcol-sb-esrev1-ctr-z4fxx	otelcol_receiver_failed_spans	0
1781384497	snap	2200	otelcol	otelcol-sb-esrev1-ctr-z4fxx	otelcol_processor_batch_batch_send_size_sum	259554
1781384497	snap	2200	otelcol	otelcol-sb-esrev1-ctr-z4fxx	otelcol_exporter_send_failed_spans	0
1781384497	snap	2200	otelcol	otelcol-sb-esrev1-ctr-z4fxx	otelcol_processor_incoming_items	259554
1781384497	snap	2200	otelcol	otelcol-sb-esrev1-ctr-z4fxx	otelcol_exporter_queue_size	151
1781384497	snap	2200	otelcol	otelcol-sb-esrev1-ctr-z4fxx	otelcol_receiver_accepted_spans	259554
1781384497	snap	2200	otelcol	otelcol-sb-esrev1-ctr-z4fxx	otelcol_processor_batch_metadata_cardinality	1
1781384497	snap	2200	otelcol	otelcol-sb-esrev1-ctr-z4fxx	otelcol_process_runtime_total_alloc_bytes	232216248
1781384497	snap	2200	otelcol	otelcol-sb-esrev1-ctr-z4fxx	otelcol_process_memory_rss	242941952
1781384497	snap	2200	otelcol	otelcol-sb-esrev1-ctr-z4fxx	otelcol_processor_batch_timeout_trigger_send	797
1781384497	snap	2200	otelcol	otelcol-sb-esrev1-ctr-z4fxx	otelcol_receiver_refused_spans	0
1781384497	snap	2200	otelcol	otelcol-sb-esrev1-ctr-z4fxx	otelcol_process_runtime_total_sys_memory_bytes	110111000
1781384497	snap	2200	otelcol	otelcol-sb-esrev1-ctr-z4fxx	otelcol_exporter_queue_capacity	1001
1781384497	snap	2200	otelcol	otelcol-sb-esrev1-ctr-z4fxx	otelcol_processor_outgoing_items	259554
1781384497	snap	2200	otelcol	otelcol-sb-esrev1-ctr-z4fxx	otelcol_process_uptime	271
1781384497	snap	2200	otelcol	otelcol-sb-esrev1-ctr-z4fxx	otelcol_process_runtime_heap_alloc_bytes	75666912
1781384497	snap	2200	otelcol	otelcol-sb-esrev1-ctr-z4fxx	otelcol_process_cpu_seconds	8
1781384497	snap	2200	otelcol	otelcol-sb-esrev1-ctr-z4fxx	otelcol_exporter_sent_spans	138754
1781384497	snap	2200	otelcol	otelcol-sb-esrev1-ctr-z4fxx	otelcol_exporter_queue_batch_send_size_sum	259554
1781384497	snap	2200	otelcol	otelcol-sb-esrev1-ctr-bdbcb	otelcol_processor_incoming_items	129768
1781384497	snap	2200	otelcol	otelcol-sb-esrev1-ctr-bdbcb	otelcol_processor_batch_batch_send_size_sum	129768
1781384497	snap	2200	otelcol	otelcol-sb-esrev1-ctr-bdbcb	otelcol_process_uptime	270
1781384497	snap	2200	otelcol	otelcol-sb-esrev1-ctr-bdbcb	otelcol_receiver_accepted_spans	129768
1781384497	snap	2200	otelcol	otelcol-sb-esrev1-ctr-bdbcb	otelcol_process_memory_rss	213774336
1781384497	snap	2200	otelcol	otelcol-sb-esrev1-ctr-bdbcb	otelcol_process_cpu_seconds	6
1781384497	snap	2200	otelcol	otelcol-sb-esrev1-ctr-bdbcb	otelcol_receiver_refused_spans	0
1781384497	snap	2200	otelcol	otelcol-sb-esrev1-ctr-bdbcb	otelcol_exporter_sent_spans	77021
1781384497	snap	2200	otelcol	otelcol-sb-esrev1-ctr-bdbcb	otelcol_exporter_queue_capacity	1001
1781384497	snap	2200	otelcol	otelcol-sb-esrev1-ctr-bdbcb	otelcol_exporter_queue_batch_send_size_sum	129768
1781384497	snap	2200	otelcol	otelcol-sb-esrev1-ctr-bdbcb	otelcol_process_runtime_total_sys_memory_bytes	84855064
1781384497	snap	2200	otelcol	otelcol-sb-esrev1-ctr-bdbcb	otelcol_processor_outgoing_items	129768
1781384497	snap	2200	otelcol	otelcol-sb-esrev1-ctr-bdbcb	otelcol_process_runtime_heap_alloc_bytes	49037672
1781384497	snap	2200	otelcol	otelcol-sb-esrev1-ctr-bdbcb	otelcol_processor_batch_metadata_cardinality	1
1781384497	snap	2200	otelcol	otelcol-sb-esrev1-ctr-bdbcb	otelcol_process_runtime_total_alloc_bytes	139069456
1781384497	snap	2200	otelcol	otelcol-sb-esrev1-ctr-bdbcb	otelcol_exporter_queue_size	132
1781384497	snap	2200	otelcol	otelcol-sb-esrev1-ctr-bdbcb	otelcol_processor_batch_timeout_trigger_send	796
1781384497	snap	2200	otelcol	otelcol-sb-esrev1-ctr-bdbcb	otelcol_exporter_send_failed_spans	0
1781384497	snap	2200	otelcol	otelcol-sb-esrev1-ctr-bdbcb	otelcol_receiver_failed_spans	0
1781384497	snap	2200	otelcol	otelcol-sb-esrev1-ctr-zjs5l	otelcol_receiver_refused_spans	544191
1781384497	snap	2200	otelcol	otelcol-sb-esrev1-ctr-zjs5l	otelcol_processor_batch_timeout_trigger_send	946
1781384497	snap	2200	otelcol	otelcol-sb-esrev1-ctr-zjs5l	otelcol_exporter_sent_spans	371174
1781384497	snap	2200	otelcol	otelcol-sb-esrev1-ctr-zjs5l	otelcol_receiver_failed_spans	0
1781384497	snap	2200	otelcol	otelcol-sb-esrev1-ctr-zjs5l	otelcol_process_runtime_total_sys_memory_bytes	203077928
1781384497	snap	2200	otelcol	otelcol-sb-esrev1-ctr-zjs5l	otelcol_process_uptime	270
1781384497	snap	2200	otelcol	otelcol-sb-esrev1-ctr-zjs5l	otelcol_exporter_queue_size	125
1781384497	snap	2200	otelcol	otelcol-sb-esrev1-ctr-zjs5l	otelcol_receiver_accepted_spans	557774
1781384497	snap	2200	otelcol	otelcol-sb-esrev1-ctr-zjs5l	otelcol_process_runtime_total_alloc_bytes	686780080
1781384497	snap	2200	otelcol	otelcol-sb-esrev1-ctr-zjs5l	otelcol_process_runtime_heap_alloc_bytes	114097168
1781384497	snap	2200	otelcol	otelcol-sb-esrev1-ctr-zjs5l	otelcol_processor_batch_batch_send_size_sum	557774
1781384497	snap	2200	otelcol	otelcol-sb-esrev1-ctr-zjs5l	otelcol_process_memory_rss	321568768
1781384497	snap	2200	otelcol	otelcol-sb-esrev1-ctr-zjs5l	otelcol_exporter_queue_capacity	1001
1781384497	snap	2200	otelcol	otelcol-sb-esrev1-ctr-zjs5l	otelcol_exporter_queue_batch_send_size_sum	557774
1781384497	snap	2200	otelcol	otelcol-sb-esrev1-ctr-zjs5l	otelcol_processor_incoming_items	1101965
1781384497	snap	2200	otelcol	otelcol-sb-esrev1-ctr-zjs5l	otelcol_processor_outgoing_items	557774
1781384497	snap	2200	otelcol	otelcol-sb-esrev1-ctr-zjs5l	otelcol_processor_batch_metadata_cardinality	1
1781384497	snap	2200	otelcol	otelcol-sb-esrev1-ctr-zjs5l	otelcol_process_cpu_seconds	15
1781384497	snap	2200	otelcol	otelcol-sb-esrev1-ctr-zjs5l	otelcol_exporter_send_failed_spans	0
1781384497	snap	2200	otelcol	otelcol-sb-esrev1-ctr-mqr25	otelcol_processor_batch_timeout_trigger_send	962
1781384497	snap	2200	otelcol	otelcol-sb-esrev1-ctr-mqr25	otelcol_exporter_queue_size	149
1781384497	snap	2200	otelcol	otelcol-sb-esrev1-ctr-mqr25	otelcol_processor_incoming_items	468418
1781384497	snap	2200	otelcol	otelcol-sb-esrev1-ctr-mqr25	otelcol_processor_batch_batch_send_size_sum	468418
1781384497	snap	2200	otelcol	otelcol-sb-esrev1-ctr-mqr25	otelcol_process_runtime_heap_alloc_bytes	103646592
1781384497	snap	2200	otelcol	otelcol-sb-esrev1-ctr-mqr25	otelcol_processor_outgoing_items	468418
1781384497	snap	2200	otelcol	otelcol-sb-esrev1-ctr-mqr25	otelcol_process_runtime_total_alloc_bytes	366667440
1781384497	snap	2200	otelcol	otelcol-sb-esrev1-ctr-mqr25	otelcol_exporter_send_failed_spans	0
1781384497	snap	2200	otelcol	otelcol-sb-esrev1-ctr-mqr25	otelcol_receiver_failed_spans	0
1781384497	snap	2200	otelcol	otelcol-sb-esrev1-ctr-mqr25	otelcol_process_memory_rss	267628544
1781384497	snap	2200	otelcol	otelcol-sb-esrev1-ctr-mqr25	otelcol_process_cpu_seconds	10
1781384497	snap	2200	otelcol	otelcol-sb-esrev1-ctr-mqr25	otelcol_processor_batch_metadata_cardinality	1
1781384497	snap	2200	otelcol	otelcol-sb-esrev1-ctr-mqr25	otelcol_process_uptime	271
1781384497	snap	2200	otelcol	otelcol-sb-esrev1-ctr-mqr25	otelcol_exporter_sent_spans	288985
1781384497	snap	2200	otelcol	otelcol-sb-esrev1-ctr-mqr25	otelcol_exporter_queue_batch_send_size_sum	468418
1781384497	snap	2200	otelcol	otelcol-sb-esrev1-ctr-mqr25	otelcol_receiver_refused_spans	0
1781384497	snap	2200	otelcol	otelcol-sb-esrev1-ctr-mqr25	otelcol_process_runtime_total_sys_memory_bytes	131692840
1781384497	snap	2200	otelcol	otelcol-sb-esrev1-ctr-mqr25	otelcol_receiver_accepted_spans	468418
1781384497	snap	2200	otelcol	otelcol-sb-esrev1-ctr-mqr25	otelcol_exporter_queue_capacity	1001
1781384497	snap	2200	otelcol	otelcol-sb-esrev1-ctr-j7lcx	otelcol_processor_batch_metadata_cardinality	1
1781384497	snap	2200	otelcol	otelcol-sb-esrev1-ctr-j7lcx	otelcol_process_runtime_total_alloc_bytes	37232240
1781384497	snap	2200	otelcol	otelcol-sb-esrev1-ctr-j7lcx	otelcol_process_cpu_seconds	2
1781384497	snap	2200	otelcol	otelcol-sb-esrev1-ctr-j7lcx	otelcol_process_runtime_heap_alloc_bytes	18433112
1781384497	snap	2200	otelcol	otelcol-sb-esrev1-ctr-j7lcx	otelcol_process_memory_rss	180428800
1781384497	snap	2200	otelcol	otelcol-sb-esrev1-ctr-j7lcx	otelcol_process_uptime	269
1781384497	snap	2200	otelcol	otelcol-sb-esrev1-ctr-j7lcx	otelcol_process_runtime_total_sys_memory_bytes	44546312
1781384497	snap	2200	otelcol	otelcol-sb-esrev1-ctr-j7lcx	otelcol_exporter_queue_size	0
1781384497	snap	2200	otelcol	otelcol-sb-esrev1-ctr-j7lcx	otelcol_exporter_queue_capacity	1001
1781384497	snap	2200	k8s	otelcol-sb-esrev1-ctr-9czsx	restart_count	0
1781384497	snap	2200	k8s	otelcol-sb-esrev1-ctr-bdbcb	restart_count	0
1781384497	snap	2200	k8s	otelcol-sb-esrev1-ctr-j2cng	restart_count	0
1781384497	snap	2200	k8s	otelcol-sb-esrev1-ctr-j7lcx	restart_count	0
1781384497	snap	2200	k8s	otelcol-sb-esrev1-ctr-mqr25	restart_count	0
1781384497	snap	2200	k8s	otelcol-sb-esrev1-ctr-r7tfk	restart_count	0
1781384497	snap	2200	k8s	otelcol-sb-esrev1-ctr-srbgp	restart_count	0
1781384497	snap	2200	k8s	otelcol-sb-esrev1-ctr-z4fxx	restart_count	0
1781384497	snap	2200	k8s	otelcol-sb-esrev1-ctr-zjs5l	restart_count	0
1781384497	snap	2200	sdk	wrk2api	spans_received	336717
1781384497	snap	2200	sdk	wrk2api	spans_sent	336717
1781384497	snap	2200	sdk	wrk2api	spans_dropped	0
1781384497	snap	2200	sdk	wrk2api	spans_flushed	336717
1781384497	snap	2200	sdk	wrk2api	batches_sent	3690
1781384497	snap	2200	sdk	wrk2api	batches_dropped	0
1781384497	snap	2200	sdk	wrk2api	send_unavailable	0
1781384497	snap	2200	sdk	wrk2api	send_deadline	0
1781384497	snap	2200	sdk	wrk2api	send_exhausted	0
1781384497	snap	2200	sdk	wrk2api	send_canceled	0
1781384497	snap	2200	sdk	wrk2api	send_other	0
1781384497	snap	2200	sdk	wrk2api	buffer_depth	0
0
1781384497	snap	2200	sdk	wrk2api	cp_received	168354
1781384497	snap	2200	sdk	wrk2api	lp_received	168363
1781384497	snap	2200	sdk	wrk2api	cp_sent	168354
1781384497	snap	2200	sdk	wrk2api	lp_sent	168363
1781384497	snap	2200	sdk	wrk2api	cp_dropped	0
1781384497	snap	2200	sdk	wrk2api	lp_dropped	0
1781384497	snap	2200	sdk	composepost	spans_received	1038207
1781384497	snap	2200	sdk	composepost	spans_sent	757140
1781384497	snap	2200	sdk	composepost	spans_dropped	0
1781384497	snap	2200	sdk	composepost	spans_flushed	1038207
1781384497	snap	2200	sdk	composepost	batches_sent	11355
1781384497	snap	2200	sdk	composepost	batches_dropped	0
1781384497	snap	2200	sdk	composepost	send_unavailable	0
1781384497	snap	2200	sdk	composepost	send_deadline	0
1781384497	snap	2200	sdk	composepost	send_exhausted	0
1781384497	snap	2200	sdk	composepost	send_canceled	0
1781384497	snap	2200	sdk	composepost	send_other	0
1781384497	snap	2200	sdk	composepost	buffer_depth	0
0
1781384497	snap	2200	sdk	composepost	cp_received	908430
1781384497	snap	2200	sdk	composepost	lp_received	129777
1781384497	snap	2200	sdk	composepost	cp_sent	680163
1781384497	snap	2200	sdk	composepost	lp_sent	76977
1781384497	snap	2200	sdk	composepost	cp_dropped	0
1781384497	snap	2200	sdk	composepost	lp_dropped	0
1781384497	snap	2200	sdk	hometimeline	spans_received	259536
1781384497	snap	2200	sdk	hometimeline	spans_sent	153642
1781384497	snap	2200	sdk	hometimeline	spans_dropped	0
1781384497	snap	2200	sdk	hometimeline	spans_flushed	259536
1781384497	snap	2200	sdk	hometimeline	batches_sent	2660
1781384497	snap	2200	sdk	hometimeline	batches_dropped	0
1781384497	snap	2200	sdk	hometimeline	send_unavailable	0
1781384497	snap	2200	sdk	hometimeline	send_deadline	0
1781384497	snap	2200	sdk	hometimeline	send_exhausted	0
1781384497	snap	2200	sdk	hometimeline	send_canceled	0
1781384497	snap	2200	sdk	hometimeline	send_other	0
1781384497	snap	2200	sdk	hometimeline	buffer_depth	0
0
1781384497	snap	2200	sdk	hometimeline	cp_received	0
1781384497	snap	2200	sdk	hometimeline	lp_received	259536
1781384497	snap	2200	sdk	hometimeline	cp_sent	0
1781384497	snap	2200	sdk	hometimeline	lp_sent	153642
1781384497	snap	2200	sdk	hometimeline	cp_dropped	0
1781384497	snap	2200	sdk	hometimeline	lp_dropped	0
1781384497	snap	2200	sdk	media	spans_received	129777
1781384497	snap	2200	sdk	media	spans_sent	129777
1781384497	snap	2200	sdk	media	spans_dropped	0
1781384497	snap	2200	sdk	media	spans_flushed	129777
1781384497	snap	2200	sdk	media	batches_sent	1595
1781384497	snap	2200	sdk	media	batches_dropped	0
1781384497	snap	2200	sdk	media	send_unavailable	0
1781384497	snap	2200	sdk	media	send_deadline	0
1781384497	snap	2200	sdk	media	send_exhausted	0
1781384497	snap	2200	sdk	media	send_canceled	0
1781384497	snap	2200	sdk	media	send_other	0
1781384497	snap	2200	sdk	media	buffer_depth	0
0
1781384497	snap	2200	sdk	media	cp_received	129777
1781384497	snap	2200	sdk	media	lp_received	0
1781384497	snap	2200	sdk	media	cp_sent	129777
1781384497	snap	2200	sdk	media	lp_sent	0
1781384497	snap	2200	sdk	media	cp_dropped	0
1781384497	snap	2200	sdk	media	lp_dropped	0
1781384497	snap	2200	sdk	post-storage	spans_received	129768
1781384497	snap	2200	sdk	post-storage	spans_sent	129768
1781384497	snap	2200	sdk	post-storage	spans_dropped	0
1781384497	snap	2200	sdk	post-storage	spans_flushed	129768
1781384497	snap	2200	sdk	post-storage	batches_sent	1593
1781384497	snap	2200	sdk	post-storage	batches_dropped	0
1781384497	snap	2200	sdk	post-storage	send_unavailable	0
1781384497	snap	2200	sdk	post-storage	send_deadline	0
1781384497	snap	2200	sdk	post-storage	send_exhausted	0
1781384497	snap	2200	sdk	post-storage	send_canceled	0
1781384497	snap	2200	sdk	post-storage	send_other	0
1781384497	snap	2200	sdk	post-storage	buffer_depth	0
0
1781384497	snap	2200	sdk	post-storage	cp_received	129768
1781384497	snap	2200	sdk	post-storage	lp_received	0
1781384497	snap	2200	sdk	post-storage	cp_sent	129768
1781384497	snap	2200	sdk	post-storage	lp_sent	0
1781384497	snap	2200	sdk	post-storage	cp_dropped	0
1781384497	snap	2200	sdk	post-storage	lp_dropped	0
1781384497	snap	2200	sdk	socialgraph	spans_received	243602
1781384497	snap	2200	sdk	socialgraph	spans_sent	243602
1781384497	snap	2200	sdk	socialgraph	spans_dropped	0
1781384497	snap	2200	sdk	socialgraph	spans_flushed	243602
1781384497	snap	2200	sdk	socialgraph	batches_sent	2097
1781384497	snap	2200	sdk	socialgraph	batches_dropped	0
1781384497	snap	2200	sdk	socialgraph	send_unavailable	0
1781384497	snap	2200	sdk	socialgraph	send_deadline	0
1781384497	snap	2200	sdk	socialgraph	send_exhausted	0
1781384497	snap	2200	sdk	socialgraph	send_canceled	0
1781384497	snap	2200	sdk	socialgraph	send_other	0
1781384497	snap	2200	sdk	socialgraph	buffer_depth	0
0
1781384497	snap	2200	sdk	socialgraph	cp_received	205978
1781384497	snap	2200	sdk	socialgraph	lp_received	37624
1781384497	snap	2200	sdk	socialgraph	cp_sent	205978
1781384497	snap	2200	sdk	socialgraph	lp_sent	37624
1781384497	snap	2200	sdk	socialgraph	cp_dropped	0
1781384497	snap	2200	sdk	socialgraph	lp_dropped	0
1781384497	snap	2200	sdk	text	spans_received	389349
1781384497	snap	2200	sdk	text	spans_sent	352749
1781384497	snap	2200	sdk	text	spans_dropped	0
1781384497	snap	2200	sdk	text	spans_flushed	389349
1781384497	snap	2200	sdk	text	batches_sent	4602
1781384497	snap	2200	sdk	text	batches_dropped	0
1781384497	snap	2200	sdk	text	send_unavailable	0
1781384497	snap	2200	sdk	text	send_deadline	0
1781384497	snap	2200	sdk	text	send_exhausted	0
1781384497	snap	2200	sdk	text	send_canceled	0
1781384497	snap	2200	sdk	text	send_other	0
1781384497	snap	2200	sdk	text	buffer_depth	0
0
1781384497	snap	2200	sdk	text	cp_received	0
1781384497	snap	2200	sdk	text	lp_received	389349
1781384497	snap	2200	sdk	text	cp_sent	0
1781384497	snap	2200	sdk	text	lp_sent	352749
1781384497	snap	2200	sdk	text	cp_dropped	0
1781384497	snap	2200	sdk	text	lp_dropped	0
1781384497	snap	2200	sdk	uniqueid	spans_received	129777
1781384497	snap	2200	sdk	uniqueid	spans_sent	129777
1781384497	snap	2200	sdk	uniqueid	spans_dropped	0
1781384497	snap	2200	sdk	uniqueid	spans_flushed	129777
1781384497	snap	2200	sdk	uniqueid	batches_sent	1595
1781384497	snap	2200	sdk	uniqueid	batches_dropped	0
1781384497	snap	2200	sdk	uniqueid	send_unavailable	0
1781384497	snap	2200	sdk	uniqueid	send_deadline	0
1781384497	snap	2200	sdk	uniqueid	send_exhausted	0
1781384497	snap	2200	sdk	uniqueid	send_canceled	0
1781384497	snap	2200	sdk	uniqueid	send_other	0
1781384497	snap	2200	sdk	uniqueid	buffer_depth	0
0
1781384497	snap	2200	sdk	uniqueid	cp_received	129777
1781384497	snap	2200	sdk	uniqueid	lp_received	0
1781384497	snap	2200	sdk	uniqueid	cp_sent	129777
1781384497	snap	2200	sdk	uniqueid	lp_sent	0
1781384497	snap	2200	sdk	uniqueid	cp_dropped	0
1781384497	snap	2200	sdk	uniqueid	lp_dropped	0
1781384497	snap	2200	sdk	urlshorten	spans_received	129777
1781384497	snap	2200	sdk	urlshorten	spans_sent	129777
1781384497	snap	2200	sdk	urlshorten	spans_dropped	0
1781384497	snap	2200	sdk	urlshorten	spans_flushed	129777
1781384497	snap	2200	sdk	urlshorten	batches_sent	1595
1781384497	snap	2200	sdk	urlshorten	batches_dropped	0
1781384497	snap	2200	sdk	urlshorten	send_unavailable	0
1781384497	snap	2200	sdk	urlshorten	send_deadline	0
1781384497	snap	2200	sdk	urlshorten	send_exhausted	0
1781384497	snap	2200	sdk	urlshorten	send_canceled	0
1781384497	snap	2200	sdk	urlshorten	send_other	0
1781384497	snap	2200	sdk	urlshorten	buffer_depth	0
0
1781384497	snap	2200	sdk	urlshorten	cp_received	129777
1781384497	snap	2200	sdk	urlshorten	lp_received	0
1781384497	snap	2200	sdk	urlshorten	cp_sent	129777
1781384497	snap	2200	sdk	urlshorten	lp_sent	0
1781384497	snap	2200	sdk	urlshorten	cp_dropped	0
1781384497	snap	2200	sdk	urlshorten	lp_dropped	0
1781384497	snap	2200	sdk	user	spans_received	131701
1781384497	snap	2200	sdk	user	spans_sent	131701
1781384497	snap	2200	sdk	user	spans_dropped	0
1781384497	snap	2200	sdk	user	spans_flushed	131701
1781384497	snap	2200	sdk	user	batches_sent	1607
1781384497	snap	2200	sdk	user	batches_dropped	0
1781384497	snap	2200	sdk	user	send_unavailable	0
1781384497	snap	2200	sdk	user	send_deadline	0
1781384497	snap	2200	sdk	user	send_exhausted	0
1781384497	snap	2200	sdk	user	send_canceled	0
1781384497	snap	2200	sdk	user	send_other	0
1781384497	snap	2200	sdk	user	buffer_depth	0
0
1781384497	snap	2200	sdk	user	cp_received	130739
1781384497	snap	2200	sdk	user	lp_received	962
1781384497	snap	2200	sdk	user	cp_sent	130739
1781384497	snap	2200	sdk	user	lp_sent	962
1781384497	snap	2200	sdk	user	cp_dropped	0
1781384497	snap	2200	sdk	user	lp_dropped	0
1781384497	snap	2200	sdk	userid	spans_received	75248
1781384497	snap	2200	sdk	userid	spans_sent	75248
1781384497	snap	2200	sdk	userid	spans_dropped	0
1781384497	snap	2200	sdk	userid	spans_flushed	75248
1781384497	snap	2200	sdk	userid	batches_sent	250
1781384497	snap	2200	sdk	userid	batches_dropped	0
1781384497	snap	2200	sdk	userid	send_unavailable	0
1781384497	snap	2200	sdk	userid	send_deadline	0
1781384497	snap	2200	sdk	userid	send_exhausted	0
1781384497	snap	2200	sdk	userid	send_canceled	0
1781384497	snap	2200	sdk	userid	send_other	0
1781384497	snap	2200	sdk	userid	buffer_depth	0
0
1781384497	snap	2200	sdk	userid	cp_received	75248
1781384497	snap	2200	sdk	userid	lp_received	0
1781384497	snap	2200	sdk	userid	cp_sent	75248
1781384497	snap	2200	sdk	userid	lp_sent	0
1781384497	snap	2200	sdk	userid	cp_dropped	0
1781384497	snap	2200	sdk	userid	lp_dropped	0
1781384497	snap	2200	sdk	usermention	spans_received	129777
1781384497	snap	2200	sdk	usermention	spans_sent	129777
1781384497	snap	2200	sdk	usermention	spans_dropped	0
1781384497	snap	2200	sdk	usermention	spans_flushed	129777
1781384497	snap	2200	sdk	usermention	batches_sent	1596
1781384497	snap	2200	sdk	usermention	batches_dropped	0
1781384497	snap	2200	sdk	usermention	send_unavailable	0
1781384497	snap	2200	sdk	usermention	send_deadline	0
1781384497	snap	2200	sdk	usermention	send_exhausted	0
1781384497	snap	2200	sdk	usermention	send_canceled	0
1781384497	snap	2200	sdk	usermention	send_other	0
1781384497	snap	2200	sdk	usermention	buffer_depth	0
0
1781384497	snap	2200	sdk	usermention	cp_received	129777
1781384497	snap	2200	sdk	usermention	lp_received	0
1781384497	snap	2200	sdk	usermention	cp_sent	129777
1781384497	snap	2200	sdk	usermention	lp_sent	0
1781384497	snap	2200	sdk	usermention	cp_dropped	0
1781384497	snap	2200	sdk	usermention	lp_dropped	0
1781384497	snap	2200	sdk	usertimeline	spans_received	129768
1781384497	snap	2200	sdk	usertimeline	spans_sent	129768
1781384497	snap	2200	sdk	usertimeline	spans_dropped	0
1781384497	snap	2200	sdk	usertimeline	spans_flushed	129768
1781384497	snap	2200	sdk	usertimeline	batches_sent	1593
1781384497	snap	2200	sdk	usertimeline	batches_dropped	0
1781384497	snap	2200	sdk	usertimeline	send_unavailable	0
1781384497	snap	2200	sdk	usertimeline	send_deadline	0
1781384497	snap	2200	sdk	usertimeline	send_exhausted	0
1781384497	snap	2200	sdk	usertimeline	send_canceled	0
1781384497	snap	2200	sdk	usertimeline	send_other	0
1781384497	snap	2200	sdk	usertimeline	buffer_depth	0
0
1781384497	snap	2200	sdk	usertimeline	cp_received	129768
1781384497	snap	2200	sdk	usertimeline	lp_received	0
1781384497	snap	2200	sdk	usertimeline	cp_sent	129768
1781384497	snap	2200	sdk	usertimeline	lp_sent	0
1781384497	snap	2200	sdk	usertimeline	cp_dropped	0
1781384497	snap	2200	sdk	usertimeline	lp_dropped	0
1781384564	snap	2200	otelcol	otelcol-sb-esrev1-ctr-9czsx	otelcol_process_memory_rss	269328384
1781384564	snap	2200	otelcol	otelcol-sb-esrev1-ctr-9czsx	otelcol_receiver_accepted_spans	261526
1781384564	snap	2200	otelcol	otelcol-sb-esrev1-ctr-9czsx	otelcol_processor_outgoing_items	261526
1781384564	snap	2200	otelcol	otelcol-sb-esrev1-ctr-9czsx	otelcol_process_runtime_heap_alloc_bytes	105946880
1781384564	snap	2200	otelcol	otelcol-sb-esrev1-ctr-9czsx	otelcol_process_cpu_seconds	8
1781384564	snap	2200	otelcol	otelcol-sb-esrev1-ctr-9czsx	otelcol_exporter_queue_batch_send_size_sum	261526
1781384564	snap	2200	otelcol	otelcol-sb-esrev1-ctr-9czsx	otelcol_receiver_failed_spans	0
1781384564	snap	2200	otelcol	otelcol-sb-esrev1-ctr-9czsx	otelcol_process_uptime	338
1781384564	snap	2200	otelcol	otelcol-sb-esrev1-ctr-9czsx	otelcol_process_runtime_total_sys_memory_bytes	132340008
1781384564	snap	2200	otelcol	otelcol-sb-esrev1-ctr-9czsx	otelcol_exporter_send_failed_spans	0
1781384564	snap	2200	otelcol	otelcol-sb-esrev1-ctr-9czsx	otelcol_exporter_queue_capacity	1001
1781384564	snap	2200	otelcol	otelcol-sb-esrev1-ctr-9czsx	otelcol_processor_batch_metadata_cardinality	1
1781384564	snap	2200	otelcol	otelcol-sb-esrev1-ctr-9czsx	otelcol_process_runtime_total_alloc_bytes	213303536
1781384564	snap	2200	otelcol	otelcol-sb-esrev1-ctr-9czsx	otelcol_processor_batch_timeout_trigger_send	1098
1781384564	snap	2200	otelcol	otelcol-sb-esrev1-ctr-9czsx	otelcol_processor_batch_batch_send_size_sum	261526
1781384564	snap	2200	otelcol	otelcol-sb-esrev1-ctr-9czsx	otelcol_exporter_sent_spans	87377
1781384564	snap	2200	otelcol	otelcol-sb-esrev1-ctr-9czsx	otelcol_exporter_queue_size	407
1781384564	snap	2200	otelcol	otelcol-sb-esrev1-ctr-9czsx	otelcol_receiver_refused_spans	0
1781384564	snap	2200	otelcol	otelcol-sb-esrev1-ctr-9czsx	otelcol_processor_incoming_items	261526
1781384564	snap	2200	otelcol	otelcol-sb-esrev1-ctr-r7tfk	otelcol_processor_batch_batch_send_size_sum	1042812
1781384564	snap	2200	otelcol	otelcol-sb-esrev1-ctr-r7tfk	otelcol_process_uptime	337
1781384564	snap	2200	otelcol	otelcol-sb-esrev1-ctr-r7tfk	otelcol_processor_outgoing_items	1042812
1781384564	snap	2200	otelcol	otelcol-sb-esrev1-ctr-r7tfk	otelcol_exporter_queue_batch_send_size_sum	1042812
1781384564	snap	2200	otelcol	otelcol-sb-esrev1-ctr-r7tfk	otelcol_receiver_failed_spans	0
1781384564	snap	2200	otelcol	otelcol-sb-esrev1-ctr-r7tfk	otelcol_processor_batch_batch_size_trigger_send	12
1781384564	snap	2200	otelcol	otelcol-sb-esrev1-ctr-r7tfk	otelcol_receiver_refused_spans	4979515
1781384564	snap	2200	otelcol	otelcol-sb-esrev1-ctr-r7tfk	otelcol_receiver_accepted_spans	1042812
1781384564	snap	2200	otelcol	otelcol-sb-esrev1-ctr-r7tfk	otelcol_process_cpu_seconds	61
1781384564	snap	2200	otelcol	otelcol-sb-esrev1-ctr-r7tfk	otelcol_processor_batch_metadata_cardinality	1
1781384564	snap	2200	otelcol	otelcol-sb-esrev1-ctr-r7tfk	otelcol_process_runtime_total_alloc_bytes	4057963064
1781384564	snap	2200	otelcol	otelcol-sb-esrev1-ctr-r7tfk	otelcol_process_runtime_heap_alloc_bytes	138036856
1781384564	snap	2200	otelcol	otelcol-sb-esrev1-ctr-r7tfk	otelcol_process_memory_rss	320983040
1781384564	snap	2200	otelcol	otelcol-sb-esrev1-ctr-r7tfk	otelcol_exporter_queue_capacity	1001
1781384564	snap	2200	otelcol	otelcol-sb-esrev1-ctr-r7tfk	otelcol_processor_batch_timeout_trigger_send	721
1781384564	snap	2200	otelcol	otelcol-sb-esrev1-ctr-r7tfk	otelcol_exporter_send_failed_spans	0
1781384564	snap	2200	otelcol	otelcol-sb-esrev1-ctr-r7tfk	otelcol_exporter_sent_spans	790606
1781384564	snap	2200	otelcol	otelcol-sb-esrev1-ctr-r7tfk	otelcol_exporter_queue_size	62
1781384564	snap	2200	otelcol	otelcol-sb-esrev1-ctr-r7tfk	otelcol_processor_incoming_items	6022327
1781384564	snap	2200	otelcol	otelcol-sb-esrev1-ctr-r7tfk	otelcol_process_runtime_total_sys_memory_bytes	253884744
1781384564	snap	2200	otelcol	otelcol-sb-esrev1-ctr-srbgp	otelcol_processor_batch_batch_send_size_sum	375351
1781384564	snap	2200	otelcol	otelcol-sb-esrev1-ctr-srbgp	otelcol_exporter_sent_spans	190613
1781384564	snap	2200	otelcol	otelcol-sb-esrev1-ctr-srbgp	otelcol_exporter_queue_size	433
1781384564	snap	2200	otelcol	otelcol-sb-esrev1-ctr-srbgp	otelcol_exporter_queue_capacity	1001
1781384564	snap	2200	otelcol	otelcol-sb-esrev1-ctr-srbgp	otelcol_processor_incoming_items	396351
1781384564	snap	2200	otelcol	otelcol-sb-esrev1-ctr-srbgp	otelcol_receiver_failed_spans	0
1781384564	snap	2200	otelcol	otelcol-sb-esrev1-ctr-srbgp	otelcol_processor_outgoing_items	375351
1781384564	snap	2200	otelcol	otelcol-sb-esrev1-ctr-srbgp	otelcol_process_runtime_heap_alloc_bytes	107389712
1781384564	snap	2200	otelcol	otelcol-sb-esrev1-ctr-srbgp	otelcol_processor_batch_metadata_cardinality	1
1781384564	snap	2200	otelcol	otelcol-sb-esrev1-ctr-srbgp	otelcol_receiver_refused_spans	21000
1781384564	snap	2200	otelcol	otelcol-sb-esrev1-ctr-srbgp	otelcol_processor_batch_timeout_trigger_send	1262
1781384564	snap	2200	otelcol	otelcol-sb-esrev1-ctr-srbgp	otelcol_process_runtime_total_sys_memory_bytes	137402664
1781384564	snap	2200	otelcol	otelcol-sb-esrev1-ctr-srbgp	otelcol_process_cpu_seconds	9
1781384564	snap	2200	otelcol	otelcol-sb-esrev1-ctr-srbgp	otelcol_exporter_queue_batch_send_size_sum	375351
1781384564	snap	2200	otelcol	otelcol-sb-esrev1-ctr-srbgp	otelcol_process_runtime_total_alloc_bytes	289327240
1781384564	snap	2200	otelcol	otelcol-sb-esrev1-ctr-srbgp	otelcol_process_memory_rss	270999552
1781384564	snap	2200	otelcol	otelcol-sb-esrev1-ctr-srbgp	otelcol_process_uptime	339
1781384564	snap	2200	otelcol	otelcol-sb-esrev1-ctr-srbgp	otelcol_receiver_accepted_spans	375351
1781384564	snap	2200	otelcol	otelcol-sb-esrev1-ctr-srbgp	otelcol_exporter_send_failed_spans	0
1781384564	snap	2200	otelcol	otelcol-sb-esrev1-ctr-j2cng	otelcol_processor_incoming_items	261517
1781384564	snap	2200	otelcol	otelcol-sb-esrev1-ctr-j2cng	otelcol_exporter_queue_capacity	1001
1781384564	snap	2200	otelcol	otelcol-sb-esrev1-ctr-j2cng	otelcol_process_memory_rss	263790592
1781384564	snap	2200	otelcol	otelcol-sb-esrev1-ctr-j2cng	otelcol_processor_outgoing_items	261517
1781384564	snap	2200	otelcol	otelcol-sb-esrev1-ctr-j2cng	otelcol_receiver_refused_spans	0
1781384564	snap	2200	otelcol	otelcol-sb-esrev1-ctr-j2cng	otelcol_process_cpu_seconds	8
1781384564	snap	2200	otelcol	otelcol-sb-esrev1-ctr-j2cng	otelcol_exporter_queue_batch_send_size_sum	261517
1781384564	snap	2200	otelcol	otelcol-sb-esrev1-ctr-j2cng	otelcol_exporter_sent_spans	79621
1781384564	snap	2200	otelcol	otelcol-sb-esrev1-ctr-j2cng	otelcol_exporter_send_failed_spans	0
1781384564	snap	2200	otelcol	otelcol-sb-esrev1-ctr-j2cng	otelcol_process_runtime_total_alloc_bytes	198833144
1781384564	snap	2200	otelcol	otelcol-sb-esrev1-ctr-j2cng	otelcol_processor_batch_batch_send_size_sum	261517
1781384564	snap	2200	otelcol	otelcol-sb-esrev1-ctr-j2cng	otelcol_receiver_failed_spans	0
1781384564	snap	2200	otelcol	otelcol-sb-esrev1-ctr-j2cng	otelcol_process_runtime_heap_alloc_bytes	100130704
1781384564	snap	2200	otelcol	otelcol-sb-esrev1-ctr-j2cng	otelcol_processor_batch_metadata_cardinality	1
1781384564	snap	2200	otelcol	otelcol-sb-esrev1-ctr-j2cng	otelcol_process_uptime	338
1781384564	snap	2200	otelcol	otelcol-sb-esrev1-ctr-j2cng	otelcol_process_runtime_total_sys_memory_bytes	127281432
1781384564	snap	2200	otelcol	otelcol-sb-esrev1-ctr-j2cng	otelcol_exporter_queue_size	425
1781384564	snap	2200	otelcol	otelcol-sb-esrev1-ctr-j2cng	otelcol_receiver_accepted_spans	261517
1781384564	snap	2200	otelcol	otelcol-sb-esrev1-ctr-j2cng	otelcol_processor_batch_timeout_trigger_send	1094
1781384564	snap	2200	otelcol	otelcol-sb-esrev1-ctr-z4fxx	otelcol_receiver_failed_spans	0
1781384564	snap	2200	otelcol	otelcol-sb-esrev1-ctr-z4fxx	otelcol_processor_batch_batch_send_size_sum	407231
1781384564	snap	2200	otelcol	otelcol-sb-esrev1-ctr-z4fxx	otelcol_exporter_send_failed_spans	0
1781384564	snap	2200	otelcol	otelcol-sb-esrev1-ctr-z4fxx	otelcol_processor_incoming_items	1452551
1781384564	snap	2200	otelcol	otelcol-sb-esrev1-ctr-z4fxx	otelcol_exporter_queue_size	288
1781384564	snap	2200	otelcol	otelcol-sb-esrev1-ctr-z4fxx	otelcol_receiver_accepted_spans	407231
1781384564	snap	2200	otelcol	otelcol-sb-esrev1-ctr-z4fxx	otelcol_processor_batch_metadata_cardinality	1
1781384564	snap	2200	otelcol	otelcol-sb-esrev1-ctr-z4fxx	otelcol_process_runtime_total_alloc_bytes	1112546448
1781384564	snap	2200	otelcol	otelcol-sb-esrev1-ctr-z4fxx	otelcol_process_memory_rss	323067904
1781384564	snap	2200	otelcol	otelcol-sb-esrev1-ctr-z4fxx	otelcol_processor_batch_timeout_trigger_send	963
1781384564	snap	2200	otelcol	otelcol-sb-esrev1-ctr-z4fxx	otelcol_receiver_refused_spans	1045320
1781384564	snap	2200	otelcol	otelcol-sb-esrev1-ctr-z4fxx	otelcol_process_runtime_total_sys_memory_bytes	224454968
1781384564	snap	2200	otelcol	otelcol-sb-esrev1-ctr-z4fxx	otelcol_exporter_queue_capacity	1001
1781384564	snap	2200	otelcol	otelcol-sb-esrev1-ctr-z4fxx	otelcol_processor_outgoing_items	407231
1781384564	snap	2200	otelcol	otelcol-sb-esrev1-ctr-z4fxx	otelcol_process_uptime	338
1781384564	snap	2200	otelcol	otelcol-sb-esrev1-ctr-z4fxx	otelcol_process_runtime_heap_alloc_bytes	133570112
1781384564	snap	2200	otelcol	otelcol-sb-esrev1-ctr-z4fxx	otelcol_process_cpu_seconds	24
1781384564	snap	2200	otelcol	otelcol-sb-esrev1-ctr-z4fxx	otelcol_exporter_sent_spans	161899
1781384564	snap	2200	otelcol	otelcol-sb-esrev1-ctr-z4fxx	otelcol_exporter_queue_batch_send_size_sum	407231
1781384564	snap	2200	otelcol	otelcol-sb-esrev1-ctr-bdbcb	otelcol_processor_incoming_items	261517
1781384564	snap	2200	otelcol	otelcol-sb-esrev1-ctr-bdbcb	otelcol_processor_batch_batch_send_size_sum	261517
1781384564	snap	2200	otelcol	otelcol-sb-esrev1-ctr-bdbcb	otelcol_process_uptime	338
1781384564	snap	2200	otelcol	otelcol-sb-esrev1-ctr-bdbcb	otelcol_receiver_accepted_spans	261517
1781384564	snap	2200	otelcol	otelcol-sb-esrev1-ctr-bdbcb	otelcol_process_memory_rss	268337152
1781384564	snap	2200	otelcol	otelcol-sb-esrev1-ctr-bdbcb	otelcol_process_cpu_seconds	8
1781384564	snap	2200	otelcol	otelcol-sb-esrev1-ctr-bdbcb	otelcol_receiver_refused_spans	0
1781384564	snap	2200	otelcol	otelcol-sb-esrev1-ctr-bdbcb	otelcol_exporter_sent_spans	90221
1781384564	snap	2200	otelcol	otelcol-sb-esrev1-ctr-bdbcb	otelcol_exporter_queue_capacity	1001
1781384564	snap	2200	otelcol	otelcol-sb-esrev1-ctr-bdbcb	otelcol_exporter_queue_batch_send_size_sum	261517
1781384564	snap	2200	otelcol	otelcol-sb-esrev1-ctr-bdbcb	otelcol_process_runtime_total_sys_memory_bytes	132659496
1781384564	snap	2200	otelcol	otelcol-sb-esrev1-ctr-bdbcb	otelcol_processor_outgoing_items	261517
1781384564	snap	2200	otelcol	otelcol-sb-esrev1-ctr-bdbcb	otelcol_process_runtime_heap_alloc_bytes	102085296
1781384564	snap	2200	otelcol	otelcol-sb-esrev1-ctr-bdbcb	otelcol_processor_batch_metadata_cardinality	1
1781384564	snap	2200	otelcol	otelcol-sb-esrev1-ctr-bdbcb	otelcol_process_runtime_total_alloc_bytes	207346616
1781384564	snap	2200	otelcol	otelcol-sb-esrev1-ctr-bdbcb	otelcol_exporter_queue_size	398
1781384564	snap	2200	otelcol	otelcol-sb-esrev1-ctr-bdbcb	otelcol_processor_batch_timeout_trigger_send	1095
1781384564	snap	2200	otelcol	otelcol-sb-esrev1-ctr-bdbcb	otelcol_exporter_send_failed_spans	0
1781384564	snap	2200	otelcol	otelcol-sb-esrev1-ctr-bdbcb	otelcol_receiver_failed_spans	0
1781384564	snap	2200	otelcol	otelcol-sb-esrev1-ctr-zjs5l	otelcol_receiver_refused_spans	4774936
1781384564	snap	2200	otelcol	otelcol-sb-esrev1-ctr-zjs5l	otelcol_processor_batch_timeout_trigger_send	1030
1781384564	snap	2200	otelcol	otelcol-sb-esrev1-ctr-zjs5l	otelcol_exporter_sent_spans	437374
1781384564	snap	2200	otelcol	otelcol-sb-esrev1-ctr-zjs5l	otelcol_receiver_failed_spans	0
1781384564	snap	2200	otelcol	otelcol-sb-esrev1-ctr-zjs5l	otelcol_process_runtime_total_sys_memory_bytes	216262968
1781384564	snap	2200	otelcol	otelcol-sb-esrev1-ctr-zjs5l	otelcol_process_uptime	337
1781384564	snap	2200	otelcol	otelcol-sb-esrev1-ctr-zjs5l	otelcol_exporter_queue_size	168
1781384564	snap	2200	otelcol	otelcol-sb-esrev1-ctr-zjs5l	otelcol_receiver_accepted_spans	656129
1781384564	snap	2200	otelcol	otelcol-sb-esrev1-ctr-zjs5l	otelcol_process_runtime_total_alloc_bytes	3210416344
1781384564	snap	2200	otelcol	otelcol-sb-esrev1-ctr-zjs5l	otelcol_process_runtime_heap_alloc_bytes	122962432
1781384564	snap	2200	otelcol	otelcol-sb-esrev1-ctr-zjs5l	otelcol_processor_batch_batch_send_size_sum	656129
1781384564	snap	2200	otelcol	otelcol-sb-esrev1-ctr-zjs5l	otelcol_process_memory_rss	321273856
1781384564	snap	2200	otelcol	otelcol-sb-esrev1-ctr-zjs5l	otelcol_exporter_queue_capacity	1001
1781384564	snap	2200	otelcol	otelcol-sb-esrev1-ctr-zjs5l	otelcol_exporter_queue_batch_send_size_sum	656129
1781384564	snap	2200	otelcol	otelcol-sb-esrev1-ctr-zjs5l	otelcol_processor_incoming_items	5431065
1781384564	snap	2200	otelcol	otelcol-sb-esrev1-ctr-zjs5l	otelcol_processor_outgoing_items	656129
1781384564	snap	2200	otelcol	otelcol-sb-esrev1-ctr-zjs5l	otelcol_processor_batch_metadata_cardinality	1
1781384564	snap	2200	otelcol	otelcol-sb-esrev1-ctr-zjs5l	otelcol_process_cpu_seconds	46
1781384564	snap	2200	otelcol	otelcol-sb-esrev1-ctr-zjs5l	otelcol_exporter_send_failed_spans	0
1781384564	snap	2200	otelcol	otelcol-sb-esrev1-ctr-mqr25	otelcol_processor_batch_timeout_trigger_send	1017
1781384564	snap	2200	otelcol	otelcol-sb-esrev1-ctr-mqr25	otelcol_exporter_queue_size	186
1781384564	snap	2200	otelcol	otelcol-sb-esrev1-ctr-mqr25	otelcol_processor_incoming_items	3667067
1781384564	snap	2200	otelcol	otelcol-sb-esrev1-ctr-mqr25	otelcol_processor_batch_batch_send_size_sum	567474
1781384564	snap	2200	otelcol	otelcol-sb-esrev1-ctr-mqr25	otelcol_process_runtime_heap_alloc_bytes	132426144
1781384564	snap	2200	otelcol	otelcol-sb-esrev1-ctr-mqr25	otelcol_processor_outgoing_items	567474
1781384564	snap	2200	otelcol	otelcol-sb-esrev1-ctr-mqr25	otelcol_process_runtime_total_alloc_bytes	2348692384
1781384564	snap	2200	otelcol	otelcol-sb-esrev1-ctr-mqr25	otelcol_exporter_send_failed_spans	0
1781384564	snap	2200	otelcol	otelcol-sb-esrev1-ctr-mqr25	otelcol_receiver_failed_spans	0
1781384564	snap	2200	otelcol	otelcol-sb-esrev1-ctr-mqr25	otelcol_process_memory_rss	319356928
1781384564	snap	2200	otelcol	otelcol-sb-esrev1-ctr-mqr25	otelcol_process_cpu_seconds	39
1781384564	snap	2200	otelcol	otelcol-sb-esrev1-ctr-mqr25	otelcol_processor_batch_metadata_cardinality	1
1781384564	snap	2200	otelcol	otelcol-sb-esrev1-ctr-mqr25	otelcol_process_uptime	338
1781384564	snap	2200	otelcol	otelcol-sb-esrev1-ctr-mqr25	otelcol_exporter_sent_spans	310765
1781384564	snap	2200	otelcol	otelcol-sb-esrev1-ctr-mqr25	otelcol_exporter_queue_batch_send_size_sum	567474
1781384564	snap	2200	otelcol	otelcol-sb-esrev1-ctr-mqr25	otelcol_receiver_refused_spans	3099593
1781384564	snap	2200	otelcol	otelcol-sb-esrev1-ctr-mqr25	otelcol_process_runtime_total_sys_memory_bytes	225634616
1781384564	snap	2200	otelcol	otelcol-sb-esrev1-ctr-mqr25	otelcol_receiver_accepted_spans	567474
1781384564	snap	2200	otelcol	otelcol-sb-esrev1-ctr-mqr25	otelcol_exporter_queue_capacity	1001
1781384564	snap	2200	otelcol	otelcol-sb-esrev1-ctr-j7lcx	otelcol_processor_batch_metadata_cardinality	1
1781384564	snap	2200	otelcol	otelcol-sb-esrev1-ctr-j7lcx	otelcol_process_runtime_total_alloc_bytes	38086600
1781384564	snap	2200	otelcol	otelcol-sb-esrev1-ctr-j7lcx	otelcol_process_cpu_seconds	3
1781384564	snap	2200	otelcol	otelcol-sb-esrev1-ctr-j7lcx	otelcol_process_runtime_heap_alloc_bytes	19287472
1781384564	snap	2200	otelcol	otelcol-sb-esrev1-ctr-j7lcx	otelcol_process_memory_rss	180428800
1781384564	snap	2200	otelcol	otelcol-sb-esrev1-ctr-j7lcx	otelcol_process_uptime	336
1781384564	snap	2200	otelcol	otelcol-sb-esrev1-ctr-j7lcx	otelcol_process_runtime_total_sys_memory_bytes	44546312
1781384564	snap	2200	otelcol	otelcol-sb-esrev1-ctr-j7lcx	otelcol_exporter_queue_size	0
1781384564	snap	2200	otelcol	otelcol-sb-esrev1-ctr-j7lcx	otelcol_exporter_queue_capacity	1001
1781384564	snap	2200	k8s	otelcol-sb-esrev1-ctr-9czsx	restart_count	0
1781384564	snap	2200	k8s	otelcol-sb-esrev1-ctr-bdbcb	restart_count	0
1781384564	snap	2200	k8s	otelcol-sb-esrev1-ctr-j2cng	restart_count	0
1781384564	snap	2200	k8s	otelcol-sb-esrev1-ctr-j7lcx	restart_count	0
1781384564	snap	2200	k8s	otelcol-sb-esrev1-ctr-mqr25	restart_count	0
1781384564	snap	2200	k8s	otelcol-sb-esrev1-ctr-r7tfk	restart_count	0
1781384564	snap	2200	k8s	otelcol-sb-esrev1-ctr-srbgp	restart_count	0
1781384564	snap	2200	k8s	otelcol-sb-esrev1-ctr-z4fxx	restart_count	0
1781384564	snap	2200	k8s	otelcol-sb-esrev1-ctr-zjs5l	restart_count	0
1781384564	snap	2200	sdk	wrk2api	spans_received	600215
1781384564	snap	2200	sdk	wrk2api	spans_sent	390530
1781384564	snap	2200	sdk	wrk2api	spans_dropped	0
1781384564	snap	2200	sdk	wrk2api	spans_flushed	600215
1781384564	snap	2200	sdk	wrk2api	batches_sent	3938
1781384564	snap	2200	sdk	wrk2api	batches_dropped	0
1781384564	snap	2200	sdk	wrk2api	send_unavailable	0
1781384564	snap	2200	sdk	wrk2api	send_deadline	0
1781384564	snap	2200	sdk	wrk2api	send_exhausted	0
1781384564	snap	2200	sdk	wrk2api	send_canceled	0
1781384564	snap	2200	sdk	wrk2api	send_other	0
1781384564	snap	2200	sdk	wrk2api	buffer_depth	0
0
1781384564	snap	2200	sdk	wrk2api	cp_received	300103
1781384564	snap	2200	sdk	wrk2api	lp_received	300112
1781384564	snap	2200	sdk	wrk2api	cp_sent	212588
1781384564	snap	2200	sdk	wrk2api	lp_sent	177942
1781384564	snap	2200	sdk	wrk2api	cp_dropped	0
1781384564	snap	2200	sdk	wrk2api	lp_dropped	0
1781384564	snap	2200	sdk	composepost	spans_received	2092199
1781384564	snap	2200	sdk	composepost	spans_sent	875365
1781384564	snap	2200	sdk	composepost	spans_dropped	0
1781384564	snap	2200	sdk	composepost	spans_flushed	2092199
1781384564	snap	2200	sdk	composepost	batches_sent	11907
1781384564	snap	2200	sdk	composepost	batches_dropped	0
1781384564	snap	2200	sdk	composepost	send_unavailable	0
1781384564	snap	2200	sdk	composepost	send_deadline	0
1781384564	snap	2200	sdk	composepost	send_exhausted	0
1781384564	snap	2200	sdk	composepost	send_canceled	0
1781384564	snap	2200	sdk	composepost	send_other	0
1781384564	snap	2200	sdk	composepost	buffer_depth	0
0
1781384564	snap	2200	sdk	composepost	cp_received	1830673
1781384564	snap	2200	sdk	composepost	lp_received	261526
1781384564	snap	2200	sdk	composepost	cp_sent	798388
1781384564	snap	2200	sdk	composepost	lp_sent	76977
1781384564	snap	2200	sdk	composepost	cp_dropped	0
1781384564	snap	2200	sdk	composepost	lp_dropped	0
1781384564	snap	2200	sdk	hometimeline	spans_received	523034
1781384564	snap	2200	sdk	hometimeline	spans_sent	153642
1781384564	snap	2200	sdk	hometimeline	spans_dropped	0
1781384564	snap	2200	sdk	hometimeline	spans_flushed	523034
1781384564	snap	2200	sdk	hometimeline	batches_sent	2660
1781384564	snap	2200	sdk	hometimeline	batches_dropped	0
1781384564	snap	2200	sdk	hometimeline	send_unavailable	0
1781384564	snap	2200	sdk	hometimeline	send_deadline	0
1781384564	snap	2200	sdk	hometimeline	send_exhausted	0
1781384564	snap	2200	sdk	hometimeline	send_canceled	0
1781384564	snap	2200	sdk	hometimeline	send_other	0
1781384564	snap	2200	sdk	hometimeline	buffer_depth	0
0
1781384564	snap	2200	sdk	hometimeline	cp_received	0
1781384564	snap	2200	sdk	hometimeline	lp_received	523034
1781384564	snap	2200	sdk	hometimeline	cp_sent	0
1781384564	snap	2200	sdk	hometimeline	lp_sent	153642
1781384564	snap	2200	sdk	hometimeline	cp_dropped	0
1781384564	snap	2200	sdk	hometimeline	lp_dropped	0
1781384564	snap	2200	sdk	media	spans_received	261526
1781384564	snap	2200	sdk	media	spans_sent	227708
1781384564	snap	2200	sdk	media	spans_dropped	0
1781384564	snap	2200	sdk	media	spans_flushed	261526
1781384564	snap	2200	sdk	media	batches_sent	2041
1781384564	snap	2200	sdk	media	batches_dropped	0
1781384564	snap	2200	sdk	media	send_unavailable	0
1781384564	snap	2200	sdk	media	send_deadline	0
1781384564	snap	2200	sdk	media	send_exhausted	0
1781384564	snap	2200	sdk	media	send_canceled	0
1781384564	snap	2200	sdk	media	send_other	0
1781384564	snap	2200	sdk	media	buffer_depth	0
0
1781384564	snap	2200	sdk	media	cp_received	261526
1781384564	snap	2200	sdk	media	lp_received	0
1781384564	snap	2200	sdk	media	cp_sent	227708
1781384564	snap	2200	sdk	media	lp_sent	0
1781384564	snap	2200	sdk	media	cp_dropped	0
1781384564	snap	2200	sdk	media	lp_dropped	0
1781384564	snap	2200	sdk	post-storage	spans_received	261517
1781384564	snap	2200	sdk	post-storage	spans_sent	261517
1781384564	snap	2200	sdk	post-storage	spans_dropped	0
1781384564	snap	2200	sdk	post-storage	spans_flushed	261517
1781384564	snap	2200	sdk	post-storage	batches_sent	2194
1781384564	snap	2200	sdk	post-storage	batches_dropped	0
1781384564	snap	2200	sdk	post-storage	send_unavailable	0
1781384564	snap	2200	sdk	post-storage	send_deadline	0
1781384564	snap	2200	sdk	post-storage	send_exhausted	0
1781384564	snap	2200	sdk	post-storage	send_canceled	0
1781384564	snap	2200	sdk	post-storage	send_other	0
1781384564	snap	2200	sdk	post-storage	buffer_depth	0
0
1781384564	snap	2200	sdk	post-storage	cp_received	261517
1781384564	snap	2200	sdk	post-storage	lp_received	0
1781384564	snap	2200	sdk	post-storage	cp_sent	261517
1781384564	snap	2200	sdk	post-storage	lp_sent	0
1781384564	snap	2200	sdk	post-storage	cp_dropped	0
1781384564	snap	2200	sdk	post-storage	lp_dropped	0
1781384564	snap	2200	sdk	socialgraph	spans_received	375351
1781384564	snap	2200	sdk	socialgraph	spans_sent	375351
1781384564	snap	2200	sdk	socialgraph	spans_dropped	0
1781384564	snap	2200	sdk	socialgraph	spans_flushed	375351
1781384564	snap	2200	sdk	socialgraph	batches_sent	2699
1781384564	snap	2200	sdk	socialgraph	batches_dropped	0
1781384564	snap	2200	sdk	socialgraph	send_unavailable	0
1781384564	snap	2200	sdk	socialgraph	send_deadline	0
1781384564	snap	2200	sdk	socialgraph	send_exhausted	0
1781384564	snap	2200	sdk	socialgraph	send_canceled	0
1781384564	snap	2200	sdk	socialgraph	send_other	0
1781384564	snap	2200	sdk	socialgraph	buffer_depth	0
0
1781384564	snap	2200	sdk	socialgraph	cp_received	337727
1781384564	snap	2200	sdk	socialgraph	lp_received	37624
1781384564	snap	2200	sdk	socialgraph	cp_sent	337727
1781384564	snap	2200	sdk	socialgraph	lp_sent	37624
1781384564	snap	2200	sdk	socialgraph	cp_dropped	0
1781384564	snap	2200	sdk	socialgraph	lp_dropped	0
1781384564	snap	2200	sdk	text	spans_received	784596
1781384564	snap	2200	sdk	text	spans_sent	352749
1781384564	snap	2200	sdk	text	spans_dropped	0
1781384564	snap	2200	sdk	text	spans_flushed	784596
1781384564	snap	2200	sdk	text	batches_sent	4602
1781384564	snap	2200	sdk	text	batches_dropped	0
1781384564	snap	2200	sdk	text	send_unavailable	0
1781384564	snap	2200	sdk	text	send_deadline	0
1781384564	snap	2200	sdk	text	send_exhausted	0
1781384564	snap	2200	sdk	text	send_canceled	0
1781384564	snap	2200	sdk	text	send_other	0
1781384564	snap	2200	sdk	text	buffer_depth	0
0
1781384564	snap	2200	sdk	text	cp_received	0
1781384564	snap	2200	sdk	text	lp_received	784596
1781384564	snap	2200	sdk	text	cp_sent	0
1781384564	snap	2200	sdk	text	lp_sent	352749
1781384564	snap	2200	sdk	text	cp_dropped	0
1781384564	snap	2200	sdk	text	lp_dropped	0
1781384564	snap	2200	sdk	uniqueid	spans_received	261526
1781384564	snap	2200	sdk	uniqueid	spans_sent	203627
1781384564	snap	2200	sdk	uniqueid	spans_dropped	0
1781384564	snap	2200	sdk	uniqueid	spans_flushed	261526
1781384564	snap	2200	sdk	uniqueid	batches_sent	1933
1781384564	snap	2200	sdk	uniqueid	batches_dropped	0
1781384564	snap	2200	sdk	uniqueid	send_unavailable	0
1781384564	snap	2200	sdk	uniqueid	send_deadline	0
1781384564	snap	2200	sdk	uniqueid	send_exhausted	0
1781384564	snap	2200	sdk	uniqueid	send_canceled	0
1781384564	snap	2200	sdk	uniqueid	send_other	0
1781384564	snap	2200	sdk	uniqueid	buffer_depth	0
0
1781384564	snap	2200	sdk	uniqueid	cp_received	261526
1781384564	snap	2200	sdk	uniqueid	lp_received	0
1781384564	snap	2200	sdk	uniqueid	cp_sent	203627
1781384564	snap	2200	sdk	uniqueid	lp_sent	0
1781384564	snap	2200	sdk	uniqueid	cp_dropped	0
1781384564	snap	2200	sdk	uniqueid	lp_dropped	0
1781384564	snap	2200	sdk	urlshorten	spans_received	261526
1781384564	snap	2200	sdk	urlshorten	spans_sent	261526
1781384564	snap	2200	sdk	urlshorten	spans_dropped	0
1781384564	snap	2200	sdk	urlshorten	spans_flushed	261526
1781384564	snap	2200	sdk	urlshorten	batches_sent	2197
1781384564	snap	2200	sdk	urlshorten	batches_dropped	0
1781384564	snap	2200	sdk	urlshorten	send_unavailable	0
1781384564	snap	2200	sdk	urlshorten	send_deadline	0
1781384564	snap	2200	sdk	urlshorten	send_exhausted	0
1781384564	snap	2200	sdk	urlshorten	send_canceled	0
1781384564	snap	2200	sdk	urlshorten	send_other	0
1781384564	snap	2200	sdk	urlshorten	buffer_depth	0
0
1781384564	snap	2200	sdk	urlshorten	cp_received	261526
1781384564	snap	2200	sdk	urlshorten	lp_received	0
1781384564	snap	2200	sdk	urlshorten	cp_sent	261526
1781384564	snap	2200	sdk	urlshorten	lp_sent	0
1781384564	snap	2200	sdk	urlshorten	cp_dropped	0
1781384564	snap	2200	sdk	urlshorten	lp_dropped	0
1781384564	snap	2200	sdk	user	spans_received	263450
1781384564	snap	2200	sdk	user	spans_sent	175425
1781384564	snap	2200	sdk	user	spans_dropped	0
1781384564	snap	2200	sdk	user	spans_flushed	263450
1781384564	snap	2200	sdk	user	batches_sent	1808
1781384564	snap	2200	sdk	user	batches_dropped	0
1781384564	snap	2200	sdk	user	send_unavailable	0
1781384564	snap	2200	sdk	user	send_deadline	0
1781384564	snap	2200	sdk	user	send_exhausted	0
1781384564	snap	2200	sdk	user	send_canceled	0
1781384564	snap	2200	sdk	user	send_other	0
1781384564	snap	2200	sdk	user	buffer_depth	0
0
1781384564	snap	2200	sdk	user	cp_received	262488
1781384564	snap	2200	sdk	user	lp_received	962
1781384564	snap	2200	sdk	user	cp_sent	174463
1781384564	snap	2200	sdk	user	lp_sent	962
1781384564	snap	2200	sdk	user	cp_dropped	0
1781384564	snap	2200	sdk	user	lp_dropped	0
1781384564	snap	2200	sdk	userid	spans_received	75248
1781384564	snap	2200	sdk	userid	spans_sent	75248
1781384564	snap	2200	sdk	userid	spans_dropped	0
1781384564	snap	2200	sdk	userid	spans_flushed	75248
1781384564	snap	2200	sdk	userid	batches_sent	250
1781384564	snap	2200	sdk	userid	batches_dropped	0
1781384564	snap	2200	sdk	userid	send_unavailable	0
1781384564	snap	2200	sdk	userid	send_deadline	0
1781384564	snap	2200	sdk	userid	send_exhausted	0
1781384564	snap	2200	sdk	userid	send_canceled	0
1781384564	snap	2200	sdk	userid	send_other	0
1781384564	snap	2200	sdk	userid	buffer_depth	0
0
1781384564	snap	2200	sdk	userid	cp_received	75248
1781384564	snap	2200	sdk	userid	lp_received	0
1781384564	snap	2200	sdk	userid	cp_sent	75248
1781384564	snap	2200	sdk	userid	lp_sent	0
1781384564	snap	2200	sdk	userid	cp_dropped	0
1781384564	snap	2200	sdk	userid	lp_dropped	0
1781384564	snap	2200	sdk	usermention	spans_received	261526
1781384564	snap	2200	sdk	usermention	spans_sent	203604
1781384564	snap	2200	sdk	usermention	spans_dropped	0
1781384564	snap	2200	sdk	usermention	spans_flushed	261526
1781384564	snap	2200	sdk	usermention	batches_sent	1934
1781384564	snap	2200	sdk	usermention	batches_dropped	0
1781384564	snap	2200	sdk	usermention	send_unavailable	0
1781384564	snap	2200	sdk	usermention	send_deadline	0
1781384564	snap	2200	sdk	usermention	send_exhausted	0
1781384564	snap	2200	sdk	usermention	send_canceled	0
1781384564	snap	2200	sdk	usermention	send_other	0
1781384564	snap	2200	sdk	usermention	buffer_depth	0
0
1781384564	snap	2200	sdk	usermention	cp_received	261526
1781384564	snap	2200	sdk	usermention	lp_received	0
1781384564	snap	2200	sdk	usermention	cp_sent	203604
1781384564	snap	2200	sdk	usermention	lp_sent	0
1781384564	snap	2200	sdk	usermention	cp_dropped	0
1781384564	snap	2200	sdk	usermention	lp_dropped	0
1781384564	snap	2200	sdk	usertimeline	spans_received	261517
1781384564	snap	2200	sdk	usertimeline	spans_sent	261517
1781384564	snap	2200	sdk	usertimeline	spans_dropped	0
1781384564	snap	2200	sdk	usertimeline	spans_flushed	261517
1781384564	snap	2200	sdk	usertimeline	batches_sent	2195
1781384564	snap	2200	sdk	usertimeline	batches_dropped	0
1781384564	snap	2200	sdk	usertimeline	send_unavailable	0
1781384564	snap	2200	sdk	usertimeline	send_deadline	0
1781384564	snap	2200	sdk	usertimeline	send_exhausted	0
1781384564	snap	2200	sdk	usertimeline	send_canceled	0
1781384564	snap	2200	sdk	usertimeline	send_other	0
1781384564	snap	2200	sdk	usertimeline	buffer_depth	0
0
1781384564	snap	2200	sdk	usertimeline	cp_received	261517
1781384564	snap	2200	sdk	usertimeline	lp_received	0
1781384564	snap	2200	sdk	usertimeline	cp_sent	261517
1781384564	snap	2200	sdk	usertimeline	lp_sent	0
1781384564	snap	2200	sdk	usertimeline	cp_dropped	0
1781384564	snap	2200	sdk	usertimeline	lp_dropped	0
1781384571	snap	2400	otelcol	otelcol-sb-esrev1-ctr-9czsx	otelcol_process_memory_rss	274903040
1781384571	snap	2400	otelcol	otelcol-sb-esrev1-ctr-9czsx	otelcol_receiver_accepted_spans	261526
1781384571	snap	2400	otelcol	otelcol-sb-esrev1-ctr-9czsx	otelcol_processor_outgoing_items	261526
1781384571	snap	2400	otelcol	otelcol-sb-esrev1-ctr-9czsx	otelcol_process_runtime_heap_alloc_bytes	90753480
1781384571	snap	2400	otelcol	otelcol-sb-esrev1-ctr-9czsx	otelcol_process_cpu_seconds	8
1781384571	snap	2400	otelcol	otelcol-sb-esrev1-ctr-9czsx	otelcol_exporter_queue_batch_send_size_sum	261526
1781384571	snap	2400	otelcol	otelcol-sb-esrev1-ctr-9czsx	otelcol_receiver_failed_spans	0
1781384571	snap	2400	otelcol	otelcol-sb-esrev1-ctr-9czsx	otelcol_process_uptime	345
1781384571	snap	2400	otelcol	otelcol-sb-esrev1-ctr-9czsx	otelcol_process_runtime_total_sys_memory_bytes	140794152
1781384571	snap	2400	otelcol	otelcol-sb-esrev1-ctr-9czsx	otelcol_exporter_send_failed_spans	0
1781384571	snap	2400	otelcol	otelcol-sb-esrev1-ctr-9czsx	otelcol_exporter_queue_capacity	1001
1781384571	snap	2400	otelcol	otelcol-sb-esrev1-ctr-9czsx	otelcol_processor_batch_metadata_cardinality	1
1781384571	snap	2400	otelcol	otelcol-sb-esrev1-ctr-9czsx	otelcol_process_runtime_total_alloc_bytes	215882480
1781384571	snap	2400	otelcol	otelcol-sb-esrev1-ctr-9czsx	otelcol_processor_batch_timeout_trigger_send	1098
1781384571	snap	2400	otelcol	otelcol-sb-esrev1-ctr-9czsx	otelcol_processor_batch_batch_send_size_sum	261526
1781384571	snap	2400	otelcol	otelcol-sb-esrev1-ctr-9czsx	otelcol_exporter_sent_spans	88977
1781384571	snap	2400	otelcol	otelcol-sb-esrev1-ctr-9czsx	otelcol_exporter_queue_size	403
1781384571	snap	2400	otelcol	otelcol-sb-esrev1-ctr-9czsx	otelcol_receiver_refused_spans	0
1781384571	snap	2400	otelcol	otelcol-sb-esrev1-ctr-9czsx	otelcol_processor_incoming_items	261526
1781384571	snap	2400	otelcol	otelcol-sb-esrev1-ctr-r7tfk	otelcol_processor_batch_batch_send_size_sum	1042812
1781384571	snap	2400	otelcol	otelcol-sb-esrev1-ctr-r7tfk	otelcol_process_uptime	344
1781384571	snap	2400	otelcol	otelcol-sb-esrev1-ctr-r7tfk	otelcol_processor_outgoing_items	1042812
1781384571	snap	2400	otelcol	otelcol-sb-esrev1-ctr-r7tfk	otelcol_exporter_queue_batch_send_size_sum	1042812
1781384571	snap	2400	otelcol	otelcol-sb-esrev1-ctr-r7tfk	otelcol_receiver_failed_spans	0
1781384571	snap	2400	otelcol	otelcol-sb-esrev1-ctr-r7tfk	otelcol_processor_batch_batch_size_trigger_send	12
1781384571	snap	2400	otelcol	otelcol-sb-esrev1-ctr-r7tfk	otelcol_receiver_refused_spans	4979515
1781384571	snap	2400	otelcol	otelcol-sb-esrev1-ctr-r7tfk	otelcol_receiver_accepted_spans	1042812
1781384571	snap	2400	otelcol	otelcol-sb-esrev1-ctr-r7tfk	otelcol_process_cpu_seconds	62
1781384571	snap	2400	otelcol	otelcol-sb-esrev1-ctr-r7tfk	otelcol_processor_batch_metadata_cardinality	1
1781384571	snap	2400	otelcol	otelcol-sb-esrev1-ctr-r7tfk	otelcol_process_runtime_total_alloc_bytes	4068814384
1781384571	snap	2400	otelcol	otelcol-sb-esrev1-ctr-r7tfk	otelcol_process_runtime_heap_alloc_bytes	120703968
1781384571	snap	2400	otelcol	otelcol-sb-esrev1-ctr-r7tfk	otelcol_process_memory_rss	323145728
1781384571	snap	2400	otelcol	otelcol-sb-esrev1-ctr-r7tfk	otelcol_exporter_queue_capacity	1001
1781384571	snap	2400	otelcol	otelcol-sb-esrev1-ctr-r7tfk	otelcol_processor_batch_timeout_trigger_send	721
1781384571	snap	2400	otelcol	otelcol-sb-esrev1-ctr-r7tfk	otelcol_exporter_send_failed_spans	0
1781384571	snap	2400	otelcol	otelcol-sb-esrev1-ctr-r7tfk	otelcol_exporter_sent_spans	802942
1781384571	snap	2400	otelcol	otelcol-sb-esrev1-ctr-r7tfk	otelcol_exporter_queue_size	60
1781384571	snap	2400	otelcol	otelcol-sb-esrev1-ctr-r7tfk	otelcol_processor_incoming_items	6022327
1781384571	snap	2400	otelcol	otelcol-sb-esrev1-ctr-r7tfk	otelcol_process_runtime_total_sys_memory_bytes	253884744
1781384571	snap	2400	otelcol	otelcol-sb-esrev1-ctr-srbgp	otelcol_processor_batch_batch_send_size_sum	375351
1781384571	snap	2400	otelcol	otelcol-sb-esrev1-ctr-srbgp	otelcol_exporter_sent_spans	192183
1781384571	snap	2400	otelcol	otelcol-sb-esrev1-ctr-srbgp	otelcol_exporter_queue_size	429
1781384571	snap	2400	otelcol	otelcol-sb-esrev1-ctr-srbgp	otelcol_exporter_queue_capacity	1001
1781384571	snap	2400	otelcol	otelcol-sb-esrev1-ctr-srbgp	otelcol_processor_incoming_items	396351
1781384571	snap	2400	otelcol	otelcol-sb-esrev1-ctr-srbgp	otelcol_receiver_failed_spans	0
1781384571	snap	2400	otelcol	otelcol-sb-esrev1-ctr-srbgp	otelcol_processor_outgoing_items	375351
1781384571	snap	2400	otelcol	otelcol-sb-esrev1-ctr-srbgp	otelcol_process_runtime_heap_alloc_bytes	108362856
1781384571	snap	2400	otelcol	otelcol-sb-esrev1-ctr-srbgp	otelcol_processor_batch_metadata_cardinality	1
1781384571	snap	2400	otelcol	otelcol-sb-esrev1-ctr-srbgp	otelcol_receiver_refused_spans	21000
1781384571	snap	2400	otelcol	otelcol-sb-esrev1-ctr-srbgp	otelcol_processor_batch_timeout_trigger_send	1262
1781384571	snap	2400	otelcol	otelcol-sb-esrev1-ctr-srbgp	otelcol_process_runtime_total_sys_memory_bytes	137402664
1781384571	snap	2400	otelcol	otelcol-sb-esrev1-ctr-srbgp	otelcol_process_cpu_seconds	9
1781384571	snap	2400	otelcol	otelcol-sb-esrev1-ctr-srbgp	otelcol_exporter_queue_batch_send_size_sum	375351
1781384571	snap	2400	otelcol	otelcol-sb-esrev1-ctr-srbgp	otelcol_process_runtime_total_alloc_bytes	290300384
1781384571	snap	2400	otelcol	otelcol-sb-esrev1-ctr-srbgp	otelcol_process_memory_rss	272027648
1781384571	snap	2400	otelcol	otelcol-sb-esrev1-ctr-srbgp	otelcol_process_uptime	346
1781384571	snap	2400	otelcol	otelcol-sb-esrev1-ctr-srbgp	otelcol_receiver_accepted_spans	375351
1781384571	snap	2400	otelcol	otelcol-sb-esrev1-ctr-srbgp	otelcol_exporter_send_failed_spans	0
1781384571	snap	2400	otelcol	otelcol-sb-esrev1-ctr-j2cng	otelcol_processor_incoming_items	261517
1781384571	snap	2400	otelcol	otelcol-sb-esrev1-ctr-j2cng	otelcol_exporter_queue_capacity	1001
1781384571	snap	2400	otelcol	otelcol-sb-esrev1-ctr-j2cng	otelcol_process_memory_rss	264724480
1781384571	snap	2400	otelcol	otelcol-sb-esrev1-ctr-j2cng	otelcol_processor_outgoing_items	261517
1781384571	snap	2400	otelcol	otelcol-sb-esrev1-ctr-j2cng	otelcol_receiver_refused_spans	0
1781384571	snap	2400	otelcol	otelcol-sb-esrev1-ctr-j2cng	otelcol_process_cpu_seconds	8
1781384571	snap	2400	otelcol	otelcol-sb-esrev1-ctr-j2cng	otelcol_exporter_queue_batch_send_size_sum	261517
1781384571	snap	2400	otelcol	otelcol-sb-esrev1-ctr-j2cng	otelcol_exporter_sent_spans	80021
1781384571	snap	2400	otelcol	otelcol-sb-esrev1-ctr-j2cng	otelcol_exporter_send_failed_spans	0
1781384571	snap	2400	otelcol	otelcol-sb-esrev1-ctr-j2cng	otelcol_process_runtime_total_alloc_bytes	199648360
1781384571	snap	2400	otelcol	otelcol-sb-esrev1-ctr-j2cng	otelcol_processor_batch_batch_send_size_sum	261517
1781384571	snap	2400	otelcol	otelcol-sb-esrev1-ctr-j2cng	otelcol_receiver_failed_spans	0
1781384571	snap	2400	otelcol	otelcol-sb-esrev1-ctr-j2cng	otelcol_process_runtime_heap_alloc_bytes	100945920
1781384571	snap	2400	otelcol	otelcol-sb-esrev1-ctr-j2cng	otelcol_processor_batch_metadata_cardinality	1
1781384571	snap	2400	otelcol	otelcol-sb-esrev1-ctr-j2cng	otelcol_process_uptime	345
1781384571	snap	2400	otelcol	otelcol-sb-esrev1-ctr-j2cng	otelcol_process_runtime_total_sys_memory_bytes	127281432
1781384571	snap	2400	otelcol	otelcol-sb-esrev1-ctr-j2cng	otelcol_exporter_queue_size	424
1781384571	snap	2400	otelcol	otelcol-sb-esrev1-ctr-j2cng	otelcol_receiver_accepted_spans	261517
1781384571	snap	2400	otelcol	otelcol-sb-esrev1-ctr-j2cng	otelcol_processor_batch_timeout_trigger_send	1094
1781384571	snap	2400	otelcol	otelcol-sb-esrev1-ctr-z4fxx	otelcol_receiver_failed_spans	0
1781384571	snap	2400	otelcol	otelcol-sb-esrev1-ctr-z4fxx	otelcol_processor_batch_batch_send_size_sum	407231
1781384571	snap	2400	otelcol	otelcol-sb-esrev1-ctr-z4fxx	otelcol_exporter_send_failed_spans	0
1781384571	snap	2400	otelcol	otelcol-sb-esrev1-ctr-z4fxx	otelcol_processor_incoming_items	1452551
1781384571	snap	2400	otelcol	otelcol-sb-esrev1-ctr-z4fxx	otelcol_exporter_queue_size	284
1781384571	snap	2400	otelcol	otelcol-sb-esrev1-ctr-z4fxx	otelcol_receiver_accepted_spans	407231
1781384571	snap	2400	otelcol	otelcol-sb-esrev1-ctr-z4fxx	otelcol_processor_batch_metadata_cardinality	1
1781384571	snap	2400	otelcol	otelcol-sb-esrev1-ctr-z4fxx	otelcol_process_runtime_total_alloc_bytes	1114973912
1781384571	snap	2400	otelcol	otelcol-sb-esrev1-ctr-z4fxx	otelcol_process_memory_rss	323858432
1781384571	snap	2400	otelcol	otelcol-sb-esrev1-ctr-z4fxx	otelcol_processor_batch_timeout_trigger_send	963
1781384571	snap	2400	otelcol	otelcol-sb-esrev1-ctr-z4fxx	otelcol_receiver_refused_spans	1045320
1781384571	snap	2400	otelcol	otelcol-sb-esrev1-ctr-z4fxx	otelcol_process_runtime_total_sys_memory_bytes	224454968
1781384571	snap	2400	otelcol	otelcol-sb-esrev1-ctr-z4fxx	otelcol_exporter_queue_capacity	1001
1781384571	snap	2400	otelcol	otelcol-sb-esrev1-ctr-z4fxx	otelcol_processor_outgoing_items	407231
1781384571	snap	2400	otelcol	otelcol-sb-esrev1-ctr-z4fxx	otelcol_process_uptime	345
1781384571	snap	2400	otelcol	otelcol-sb-esrev1-ctr-z4fxx	otelcol_process_runtime_heap_alloc_bytes	135997576
1781384571	snap	2400	otelcol	otelcol-sb-esrev1-ctr-z4fxx	otelcol_process_cpu_seconds	24
1781384571	snap	2400	otelcol	otelcol-sb-esrev1-ctr-z4fxx	otelcol_exporter_sent_spans	165153
1781384571	snap	2400	otelcol	otelcol-sb-esrev1-ctr-z4fxx	otelcol_exporter_queue_batch_send_size_sum	407231
1781384571	snap	2400	otelcol	otelcol-sb-esrev1-ctr-bdbcb	otelcol_processor_incoming_items	261517
1781384571	snap	2400	otelcol	otelcol-sb-esrev1-ctr-bdbcb	otelcol_processor_batch_batch_send_size_sum	261517
1781384571	snap	2400	otelcol	otelcol-sb-esrev1-ctr-bdbcb	otelcol_process_uptime	344
1781384571	snap	2400	otelcol	otelcol-sb-esrev1-ctr-bdbcb	otelcol_receiver_accepted_spans	261517
1781384571	snap	2400	otelcol	otelcol-sb-esrev1-ctr-bdbcb	otelcol_process_memory_rss	268742656
1781384571	snap	2400	otelcol	otelcol-sb-esrev1-ctr-bdbcb	otelcol_process_cpu_seconds	8
1781384571	snap	2400	otelcol	otelcol-sb-esrev1-ctr-bdbcb	otelcol_receiver_refused_spans	0
1781384571	snap	2400	otelcol	otelcol-sb-esrev1-ctr-bdbcb	otelcol_exporter_sent_spans	90221
1781384571	snap	2400	otelcol	otelcol-sb-esrev1-ctr-bdbcb	otelcol_exporter_queue_capacity	1001
1781384571	snap	2400	otelcol	otelcol-sb-esrev1-ctr-bdbcb	otelcol_exporter_queue_batch_send_size_sum	261517
1781384571	snap	2400	otelcol	otelcol-sb-esrev1-ctr-bdbcb	otelcol_process_runtime_total_sys_memory_bytes	132659496
1781384571	snap	2400	otelcol	otelcol-sb-esrev1-ctr-bdbcb	otelcol_processor_outgoing_items	261517
1781384571	snap	2400	otelcol	otelcol-sb-esrev1-ctr-bdbcb	otelcol_process_runtime_heap_alloc_bytes	102882744
1781384571	snap	2400	otelcol	otelcol-sb-esrev1-ctr-bdbcb	otelcol_processor_batch_metadata_cardinality	1
1781384571	snap	2400	otelcol	otelcol-sb-esrev1-ctr-bdbcb	otelcol_process_runtime_total_alloc_bytes	208144064
1781384571	snap	2400	otelcol	otelcol-sb-esrev1-ctr-bdbcb	otelcol_exporter_queue_size	398
1781384571	snap	2400	otelcol	otelcol-sb-esrev1-ctr-bdbcb	otelcol_processor_batch_timeout_trigger_send	1095
1781384571	snap	2400	otelcol	otelcol-sb-esrev1-ctr-bdbcb	otelcol_exporter_send_failed_spans	0
1781384571	snap	2400	otelcol	otelcol-sb-esrev1-ctr-bdbcb	otelcol_receiver_failed_spans	0
1781384571	snap	2400	otelcol	otelcol-sb-esrev1-ctr-zjs5l	otelcol_receiver_refused_spans	4774936
1781384571	snap	2400	otelcol	otelcol-sb-esrev1-ctr-zjs5l	otelcol_processor_batch_timeout_trigger_send	1030
1781384571	snap	2400	otelcol	otelcol-sb-esrev1-ctr-zjs5l	otelcol_exporter_sent_spans	440574
1781384571	snap	2400	otelcol	otelcol-sb-esrev1-ctr-zjs5l	otelcol_receiver_failed_spans	0
1781384571	snap	2400	otelcol	otelcol-sb-esrev1-ctr-zjs5l	otelcol_process_runtime_total_sys_memory_bytes	216262968
1781384571	snap	2400	otelcol	otelcol-sb-esrev1-ctr-zjs5l	otelcol_process_uptime	344
1781384571	snap	2400	otelcol	otelcol-sb-esrev1-ctr-zjs5l	otelcol_exporter_queue_size	166
1781384571	snap	2400	otelcol	otelcol-sb-esrev1-ctr-zjs5l	otelcol_receiver_accepted_spans	656129
1781384571	snap	2400	otelcol	otelcol-sb-esrev1-ctr-zjs5l	otelcol_process_runtime_total_alloc_bytes	3212892584
1781384571	snap	2400	otelcol	otelcol-sb-esrev1-ctr-zjs5l	otelcol_process_runtime_heap_alloc_bytes	125438672
1781384571	snap	2400	otelcol	otelcol-sb-esrev1-ctr-zjs5l	otelcol_processor_batch_batch_send_size_sum	656129
1781384571	snap	2400	otelcol	otelcol-sb-esrev1-ctr-zjs5l	otelcol_process_memory_rss	321646592
1781384571	snap	2400	otelcol	otelcol-sb-esrev1-ctr-zjs5l	otelcol_exporter_queue_capacity	1001
1781384571	snap	2400	otelcol	otelcol-sb-esrev1-ctr-zjs5l	otelcol_exporter_queue_batch_send_size_sum	656129
1781384571	snap	2400	otelcol	otelcol-sb-esrev1-ctr-zjs5l	otelcol_processor_incoming_items	5431065
1781384571	snap	2400	otelcol	otelcol-sb-esrev1-ctr-zjs5l	otelcol_processor_outgoing_items	656129
1781384571	snap	2400	otelcol	otelcol-sb-esrev1-ctr-zjs5l	otelcol_processor_batch_metadata_cardinality	1
1781384571	snap	2400	otelcol	otelcol-sb-esrev1-ctr-zjs5l	otelcol_process_cpu_seconds	46
1781384571	snap	2400	otelcol	otelcol-sb-esrev1-ctr-zjs5l	otelcol_exporter_send_failed_spans	0
1781384571	snap	2400	otelcol	otelcol-sb-esrev1-ctr-mqr25	otelcol_processor_batch_timeout_trigger_send	1017
1781384571	snap	2400	otelcol	otelcol-sb-esrev1-ctr-mqr25	otelcol_exporter_queue_size	184
1781384571	snap	2400	otelcol	otelcol-sb-esrev1-ctr-mqr25	otelcol_processor_incoming_items	3667067
1781384571	snap	2400	otelcol	otelcol-sb-esrev1-ctr-mqr25	otelcol_processor_batch_batch_send_size_sum	567474
1781384571	snap	2400	otelcol	otelcol-sb-esrev1-ctr-mqr25	otelcol_process_runtime_heap_alloc_bytes	135474120
1781384571	snap	2400	otelcol	otelcol-sb-esrev1-ctr-mqr25	otelcol_processor_outgoing_items	567474
1781384571	snap	2400	otelcol	otelcol-sb-esrev1-ctr-mqr25	otelcol_process_runtime_total_alloc_bytes	2351740360
1781384571	snap	2400	otelcol	otelcol-sb-esrev1-ctr-mqr25	otelcol_exporter_send_failed_spans	0
1781384571	snap	2400	otelcol	otelcol-sb-esrev1-ctr-mqr25	otelcol_receiver_failed_spans	0
1781384571	snap	2400	otelcol	otelcol-sb-esrev1-ctr-mqr25	otelcol_process_memory_rss	320561152
1781384571	snap	2400	otelcol	otelcol-sb-esrev1-ctr-mqr25	otelcol_process_cpu_seconds	39
1781384571	snap	2400	otelcol	otelcol-sb-esrev1-ctr-mqr25	otelcol_processor_batch_metadata_cardinality	1
1781384571	snap	2400	otelcol	otelcol-sb-esrev1-ctr-mqr25	otelcol_process_uptime	345
1781384571	snap	2400	otelcol	otelcol-sb-esrev1-ctr-mqr25	otelcol_exporter_sent_spans	313169
1781384571	snap	2400	otelcol	otelcol-sb-esrev1-ctr-mqr25	otelcol_exporter_queue_batch_send_size_sum	567474
1781384571	snap	2400	otelcol	otelcol-sb-esrev1-ctr-mqr25	otelcol_receiver_refused_spans	3099593
1781384571	snap	2400	otelcol	otelcol-sb-esrev1-ctr-mqr25	otelcol_process_runtime_total_sys_memory_bytes	225634616
1781384571	snap	2400	otelcol	otelcol-sb-esrev1-ctr-mqr25	otelcol_receiver_accepted_spans	567474
1781384571	snap	2400	otelcol	otelcol-sb-esrev1-ctr-mqr25	otelcol_exporter_queue_capacity	1001
1781384571	snap	2400	otelcol	otelcol-sb-esrev1-ctr-j7lcx	otelcol_processor_batch_metadata_cardinality	1
1781384571	snap	2400	otelcol	otelcol-sb-esrev1-ctr-j7lcx	otelcol_process_runtime_total_alloc_bytes	38298616
1781384571	snap	2400	otelcol	otelcol-sb-esrev1-ctr-j7lcx	otelcol_process_cpu_seconds	3
1781384571	snap	2400	otelcol	otelcol-sb-esrev1-ctr-j7lcx	otelcol_process_runtime_heap_alloc_bytes	19499488
1781384571	snap	2400	otelcol	otelcol-sb-esrev1-ctr-j7lcx	otelcol_process_memory_rss	180428800
1781384571	snap	2400	otelcol	otelcol-sb-esrev1-ctr-j7lcx	otelcol_process_uptime	343
1781384571	snap	2400	otelcol	otelcol-sb-esrev1-ctr-j7lcx	otelcol_process_runtime_total_sys_memory_bytes	44546312
1781384571	snap	2400	otelcol	otelcol-sb-esrev1-ctr-j7lcx	otelcol_exporter_queue_size	0
1781384571	snap	2400	otelcol	otelcol-sb-esrev1-ctr-j7lcx	otelcol_exporter_queue_capacity	1001
1781384571	snap	2400	k8s	otelcol-sb-esrev1-ctr-9czsx	restart_count	0
1781384571	snap	2400	k8s	otelcol-sb-esrev1-ctr-bdbcb	restart_count	0
1781384571	snap	2400	k8s	otelcol-sb-esrev1-ctr-j2cng	restart_count	0
1781384571	snap	2400	k8s	otelcol-sb-esrev1-ctr-j7lcx	restart_count	0
1781384571	snap	2400	k8s	otelcol-sb-esrev1-ctr-mqr25	restart_count	0
1781384571	snap	2400	k8s	otelcol-sb-esrev1-ctr-r7tfk	restart_count	0
1781384571	snap	2400	k8s	otelcol-sb-esrev1-ctr-srbgp	restart_count	0
1781384571	snap	2400	k8s	otelcol-sb-esrev1-ctr-z4fxx	restart_count	0
1781384571	snap	2400	k8s	otelcol-sb-esrev1-ctr-zjs5l	restart_count	0
1781384571	snap	2400	sdk	wrk2api	spans_received	600215
1781384571	snap	2400	sdk	wrk2api	spans_sent	390530
1781384571	snap	2400	sdk	wrk2api	spans_dropped	0
1781384571	snap	2400	sdk	wrk2api	spans_flushed	600215
1781384571	snap	2400	sdk	wrk2api	batches_sent	3938
1781384571	snap	2400	sdk	wrk2api	batches_dropped	0
1781384571	snap	2400	sdk	wrk2api	send_unavailable	0
1781384571	snap	2400	sdk	wrk2api	send_deadline	0
1781384571	snap	2400	sdk	wrk2api	send_exhausted	0
1781384571	snap	2400	sdk	wrk2api	send_canceled	0
1781384571	snap	2400	sdk	wrk2api	send_other	0
1781384571	snap	2400	sdk	wrk2api	buffer_depth	0
0
1781384571	snap	2400	sdk	wrk2api	cp_received	300103
1781384571	snap	2400	sdk	wrk2api	lp_received	300112
1781384571	snap	2400	sdk	wrk2api	cp_sent	212588
1781384571	snap	2400	sdk	wrk2api	lp_sent	177942
1781384571	snap	2400	sdk	wrk2api	cp_dropped	0
1781384571	snap	2400	sdk	wrk2api	lp_dropped	0
1781384571	snap	2400	sdk	composepost	spans_received	2092199
1781384571	snap	2400	sdk	composepost	spans_sent	875365
1781384571	snap	2400	sdk	composepost	spans_dropped	0
1781384571	snap	2400	sdk	composepost	spans_flushed	2092199
1781384571	snap	2400	sdk	composepost	batches_sent	11907
1781384571	snap	2400	sdk	composepost	batches_dropped	0
1781384571	snap	2400	sdk	composepost	send_unavailable	0
1781384571	snap	2400	sdk	composepost	send_deadline	0
1781384571	snap	2400	sdk	composepost	send_exhausted	0
1781384571	snap	2400	sdk	composepost	send_canceled	0
1781384571	snap	2400	sdk	composepost	send_other	0
1781384571	snap	2400	sdk	composepost	buffer_depth	0
0
1781384571	snap	2400	sdk	composepost	cp_received	1830673
1781384571	snap	2400	sdk	composepost	lp_received	261526
1781384571	snap	2400	sdk	composepost	cp_sent	798388
1781384571	snap	2400	sdk	composepost	lp_sent	76977
1781384571	snap	2400	sdk	composepost	cp_dropped	0
1781384571	snap	2400	sdk	composepost	lp_dropped	0
1781384571	snap	2400	sdk	hometimeline	spans_received	523034
1781384571	snap	2400	sdk	hometimeline	spans_sent	153642
1781384571	snap	2400	sdk	hometimeline	spans_dropped	0
1781384571	snap	2400	sdk	hometimeline	spans_flushed	523034
1781384571	snap	2400	sdk	hometimeline	batches_sent	2660
1781384571	snap	2400	sdk	hometimeline	batches_dropped	0
1781384571	snap	2400	sdk	hometimeline	send_unavailable	0
1781384571	snap	2400	sdk	hometimeline	send_deadline	0
1781384571	snap	2400	sdk	hometimeline	send_exhausted	0
1781384571	snap	2400	sdk	hometimeline	send_canceled	0
1781384571	snap	2400	sdk	hometimeline	send_other	0
1781384571	snap	2400	sdk	hometimeline	buffer_depth	0
0
1781384571	snap	2400	sdk	hometimeline	cp_received	0
1781384571	snap	2400	sdk	hometimeline	lp_received	523034
1781384571	snap	2400	sdk	hometimeline	cp_sent	0
1781384571	snap	2400	sdk	hometimeline	lp_sent	153642
1781384571	snap	2400	sdk	hometimeline	cp_dropped	0
1781384571	snap	2400	sdk	hometimeline	lp_dropped	0
1781384571	snap	2400	sdk	media	spans_received	261526
1781384571	snap	2400	sdk	media	spans_sent	227708
1781384571	snap	2400	sdk	media	spans_dropped	0
1781384571	snap	2400	sdk	media	spans_flushed	261526
1781384571	snap	2400	sdk	media	batches_sent	2041
1781384571	snap	2400	sdk	media	batches_dropped	0
1781384571	snap	2400	sdk	media	send_unavailable	0
1781384571	snap	2400	sdk	media	send_deadline	0
1781384571	snap	2400	sdk	media	send_exhausted	0
1781384571	snap	2400	sdk	media	send_canceled	0
1781384571	snap	2400	sdk	media	send_other	0
1781384571	snap	2400	sdk	media	buffer_depth	0
0
1781384571	snap	2400	sdk	media	cp_received	261526
1781384571	snap	2400	sdk	media	lp_received	0
1781384571	snap	2400	sdk	media	cp_sent	227708
1781384571	snap	2400	sdk	media	lp_sent	0
1781384571	snap	2400	sdk	media	cp_dropped	0
1781384571	snap	2400	sdk	media	lp_dropped	0
1781384571	snap	2400	sdk	post-storage	spans_received	261517
1781384571	snap	2400	sdk	post-storage	spans_sent	261517
1781384571	snap	2400	sdk	post-storage	spans_dropped	0
1781384571	snap	2400	sdk	post-storage	spans_flushed	261517
1781384571	snap	2400	sdk	post-storage	batches_sent	2194
1781384571	snap	2400	sdk	post-storage	batches_dropped	0
1781384571	snap	2400	sdk	post-storage	send_unavailable	0
1781384571	snap	2400	sdk	post-storage	send_deadline	0
1781384571	snap	2400	sdk	post-storage	send_exhausted	0
1781384571	snap	2400	sdk	post-storage	send_canceled	0
1781384571	snap	2400	sdk	post-storage	send_other	0
1781384571	snap	2400	sdk	post-storage	buffer_depth	0
0
1781384571	snap	2400	sdk	post-storage	cp_received	261517
1781384571	snap	2400	sdk	post-storage	lp_received	0
1781384571	snap	2400	sdk	post-storage	cp_sent	261517
1781384571	snap	2400	sdk	post-storage	lp_sent	0
1781384571	snap	2400	sdk	post-storage	cp_dropped	0
1781384571	snap	2400	sdk	post-storage	lp_dropped	0
1781384571	snap	2400	sdk	socialgraph	spans_received	375351
1781384571	snap	2400	sdk	socialgraph	spans_sent	375351
1781384571	snap	2400	sdk	socialgraph	spans_dropped	0
1781384571	snap	2400	sdk	socialgraph	spans_flushed	375351
1781384571	snap	2400	sdk	socialgraph	batches_sent	2699
1781384571	snap	2400	sdk	socialgraph	batches_dropped	0
1781384571	snap	2400	sdk	socialgraph	send_unavailable	0
1781384571	snap	2400	sdk	socialgraph	send_deadline	0
1781384571	snap	2400	sdk	socialgraph	send_exhausted	0
1781384571	snap	2400	sdk	socialgraph	send_canceled	0
1781384571	snap	2400	sdk	socialgraph	send_other	0
1781384571	snap	2400	sdk	socialgraph	buffer_depth	0
0
1781384571	snap	2400	sdk	socialgraph	cp_received	337727
1781384571	snap	2400	sdk	socialgraph	lp_received	37624
1781384571	snap	2400	sdk	socialgraph	cp_sent	337727
1781384571	snap	2400	sdk	socialgraph	lp_sent	37624
1781384571	snap	2400	sdk	socialgraph	cp_dropped	0
1781384571	snap	2400	sdk	socialgraph	lp_dropped	0
1781384571	snap	2400	sdk	text	spans_received	784596
1781384571	snap	2400	sdk	text	spans_sent	352749
1781384571	snap	2400	sdk	text	spans_dropped	0
1781384571	snap	2400	sdk	text	spans_flushed	784596
1781384571	snap	2400	sdk	text	batches_sent	4602
1781384571	snap	2400	sdk	text	batches_dropped	0
1781384571	snap	2400	sdk	text	send_unavailable	0
1781384571	snap	2400	sdk	text	send_deadline	0
1781384571	snap	2400	sdk	text	send_exhausted	0
1781384571	snap	2400	sdk	text	send_canceled	0
1781384571	snap	2400	sdk	text	send_other	0
1781384571	snap	2400	sdk	text	buffer_depth	0
0
1781384571	snap	2400	sdk	text	cp_received	0
1781384571	snap	2400	sdk	text	lp_received	784596
1781384571	snap	2400	sdk	text	cp_sent	0
1781384571	snap	2400	sdk	text	lp_sent	352749
1781384571	snap	2400	sdk	text	cp_dropped	0
1781384571	snap	2400	sdk	text	lp_dropped	0
1781384571	snap	2400	sdk	uniqueid	spans_received	261526
1781384571	snap	2400	sdk	uniqueid	spans_sent	203627
1781384571	snap	2400	sdk	uniqueid	spans_dropped	0
1781384571	snap	2400	sdk	uniqueid	spans_flushed	261526
1781384571	snap	2400	sdk	uniqueid	batches_sent	1933
1781384571	snap	2400	sdk	uniqueid	batches_dropped	0
1781384571	snap	2400	sdk	uniqueid	send_unavailable	0
1781384571	snap	2400	sdk	uniqueid	send_deadline	0
1781384571	snap	2400	sdk	uniqueid	send_exhausted	0
1781384571	snap	2400	sdk	uniqueid	send_canceled	0
1781384571	snap	2400	sdk	uniqueid	send_other	0
1781384571	snap	2400	sdk	uniqueid	buffer_depth	0
0
1781384571	snap	2400	sdk	uniqueid	cp_received	261526
1781384571	snap	2400	sdk	uniqueid	lp_received	0
1781384571	snap	2400	sdk	uniqueid	cp_sent	203627
1781384571	snap	2400	sdk	uniqueid	lp_sent	0
1781384571	snap	2400	sdk	uniqueid	cp_dropped	0
1781384571	snap	2400	sdk	uniqueid	lp_dropped	0
1781384571	snap	2400	sdk	urlshorten	spans_received	261526
1781384571	snap	2400	sdk	urlshorten	spans_sent	261526
1781384571	snap	2400	sdk	urlshorten	spans_dropped	0
1781384571	snap	2400	sdk	urlshorten	spans_flushed	261526
1781384571	snap	2400	sdk	urlshorten	batches_sent	2197
1781384571	snap	2400	sdk	urlshorten	batches_dropped	0
1781384571	snap	2400	sdk	urlshorten	send_unavailable	0
1781384571	snap	2400	sdk	urlshorten	send_deadline	0
1781384571	snap	2400	sdk	urlshorten	send_exhausted	0
1781384571	snap	2400	sdk	urlshorten	send_canceled	0
1781384571	snap	2400	sdk	urlshorten	send_other	0
1781384571	snap	2400	sdk	urlshorten	buffer_depth	0
0
1781384571	snap	2400	sdk	urlshorten	cp_received	261526
1781384571	snap	2400	sdk	urlshorten	lp_received	0
1781384571	snap	2400	sdk	urlshorten	cp_sent	261526
1781384571	snap	2400	sdk	urlshorten	lp_sent	0
1781384571	snap	2400	sdk	urlshorten	cp_dropped	0
1781384571	snap	2400	sdk	urlshorten	lp_dropped	0
1781384571	snap	2400	sdk	user	spans_received	263450
1781384571	snap	2400	sdk	user	spans_sent	175425
1781384571	snap	2400	sdk	user	spans_dropped	0
1781384571	snap	2400	sdk	user	spans_flushed	263450
1781384571	snap	2400	sdk	user	batches_sent	1808
1781384571	snap	2400	sdk	user	batches_dropped	0
1781384571	snap	2400	sdk	user	send_unavailable	0
1781384571	snap	2400	sdk	user	send_deadline	0
1781384571	snap	2400	sdk	user	send_exhausted	0
1781384571	snap	2400	sdk	user	send_canceled	0
1781384571	snap	2400	sdk	user	send_other	0
1781384571	snap	2400	sdk	user	buffer_depth	0
0
1781384571	snap	2400	sdk	user	cp_received	262488
1781384571	snap	2400	sdk	user	lp_received	962
1781384571	snap	2400	sdk	user	cp_sent	174463
1781384571	snap	2400	sdk	user	lp_sent	962
1781384571	snap	2400	sdk	user	cp_dropped	0
1781384571	snap	2400	sdk	user	lp_dropped	0
1781384571	snap	2400	sdk	userid	spans_received	75248
1781384571	snap	2400	sdk	userid	spans_sent	75248
1781384571	snap	2400	sdk	userid	spans_dropped	0
1781384571	snap	2400	sdk	userid	spans_flushed	75248
1781384571	snap	2400	sdk	userid	batches_sent	250
1781384571	snap	2400	sdk	userid	batches_dropped	0
1781384571	snap	2400	sdk	userid	send_unavailable	0
1781384571	snap	2400	sdk	userid	send_deadline	0
1781384571	snap	2400	sdk	userid	send_exhausted	0
1781384571	snap	2400	sdk	userid	send_canceled	0
1781384571	snap	2400	sdk	userid	send_other	0
1781384571	snap	2400	sdk	userid	buffer_depth	0
0
1781384571	snap	2400	sdk	userid	cp_received	75248
1781384571	snap	2400	sdk	userid	lp_received	0
1781384571	snap	2400	sdk	userid	cp_sent	75248
1781384571	snap	2400	sdk	userid	lp_sent	0
1781384571	snap	2400	sdk	userid	cp_dropped	0
1781384571	snap	2400	sdk	userid	lp_dropped	0
1781384571	snap	2400	sdk	usermention	spans_received	261526
1781384571	snap	2400	sdk	usermention	spans_sent	203604
1781384571	snap	2400	sdk	usermention	spans_dropped	0
1781384571	snap	2400	sdk	usermention	spans_flushed	261526
1781384571	snap	2400	sdk	usermention	batches_sent	1934
1781384571	snap	2400	sdk	usermention	batches_dropped	0
1781384571	snap	2400	sdk	usermention	send_unavailable	0
1781384571	snap	2400	sdk	usermention	send_deadline	0
1781384571	snap	2400	sdk	usermention	send_exhausted	0
1781384571	snap	2400	sdk	usermention	send_canceled	0
1781384571	snap	2400	sdk	usermention	send_other	0
1781384571	snap	2400	sdk	usermention	buffer_depth	0
0
1781384571	snap	2400	sdk	usermention	cp_received	261526
1781384571	snap	2400	sdk	usermention	lp_received	0
1781384571	snap	2400	sdk	usermention	cp_sent	203604
1781384571	snap	2400	sdk	usermention	lp_sent	0
1781384571	snap	2400	sdk	usermention	cp_dropped	0
1781384571	snap	2400	sdk	usermention	lp_dropped	0
1781384571	snap	2400	sdk	usertimeline	spans_received	261517
1781384571	snap	2400	sdk	usertimeline	spans_sent	261517
1781384571	snap	2400	sdk	usertimeline	spans_dropped	0
1781384571	snap	2400	sdk	usertimeline	spans_flushed	261517
1781384571	snap	2400	sdk	usertimeline	batches_sent	2195
1781384571	snap	2400	sdk	usertimeline	batches_dropped	0
1781384571	snap	2400	sdk	usertimeline	send_unavailable	0
1781384571	snap	2400	sdk	usertimeline	send_deadline	0
1781384571	snap	2400	sdk	usertimeline	send_exhausted	0
1781384571	snap	2400	sdk	usertimeline	send_canceled	0
1781384571	snap	2400	sdk	usertimeline	send_other	0
1781384571	snap	2400	sdk	usertimeline	buffer_depth	0
0
1781384571	snap	2400	sdk	usertimeline	cp_received	261517
1781384571	snap	2400	sdk	usertimeline	lp_received	0
1781384571	snap	2400	sdk	usertimeline	cp_sent	261517
1781384571	snap	2400	sdk	usertimeline	lp_sent	0
1781384571	snap	2400	sdk	usertimeline	cp_dropped	0
1781384571	snap	2400	sdk	usertimeline	lp_dropped	0
1781384638	snap	2400	otelcol	otelcol-sb-esrev1-ctr-9czsx	otelcol_process_memory_rss	324423680
1781384638	snap	2400	otelcol	otelcol-sb-esrev1-ctr-9czsx	otelcol_receiver_accepted_spans	360639
1781384638	snap	2400	otelcol	otelcol-sb-esrev1-ctr-9czsx	otelcol_processor_outgoing_items	360639
1781384638	snap	2400	otelcol	otelcol-sb-esrev1-ctr-9czsx	otelcol_process_runtime_heap_alloc_bytes	144215416
1781384638	snap	2400	otelcol	otelcol-sb-esrev1-ctr-9czsx	otelcol_process_cpu_seconds	17
1781384638	snap	2400	otelcol	otelcol-sb-esrev1-ctr-9czsx	otelcol_exporter_queue_batch_send_size_sum	360639
1781384638	snap	2400	otelcol	otelcol-sb-esrev1-ctr-9czsx	otelcol_receiver_failed_spans	0
1781384638	snap	2400	otelcol	otelcol-sb-esrev1-ctr-9czsx	otelcol_process_uptime	412
1781384638	snap	2400	otelcol	otelcol-sb-esrev1-ctr-9czsx	otelcol_process_runtime_total_sys_memory_bytes	210856248
1781384638	snap	2400	otelcol	otelcol-sb-esrev1-ctr-9czsx	otelcol_exporter_send_failed_spans	0
1781384638	snap	2400	otelcol	otelcol-sb-esrev1-ctr-9czsx	otelcol_exporter_queue_capacity	1001
1781384638	snap	2400	otelcol	otelcol-sb-esrev1-ctr-9czsx	otelcol_processor_batch_metadata_cardinality	1
1781384638	snap	2400	otelcol	otelcol-sb-esrev1-ctr-9czsx	otelcol_process_runtime_total_alloc_bytes	719164928
1781384638	snap	2400	otelcol	otelcol-sb-esrev1-ctr-9czsx	otelcol_processor_batch_timeout_trigger_send	1328
1781384638	snap	2400	otelcol	otelcol-sb-esrev1-ctr-9czsx	otelcol_processor_batch_batch_send_size_sum	360639
1781384638	snap	2400	otelcol	otelcol-sb-esrev1-ctr-9czsx	otelcol_exporter_sent_spans	95524
1781384638	snap	2400	otelcol	otelcol-sb-esrev1-ctr-9czsx	otelcol_exporter_queue_size	618
1781384638	snap	2400	otelcol	otelcol-sb-esrev1-ctr-9czsx	otelcol_receiver_refused_spans	626661
1781384638	snap	2400	otelcol	otelcol-sb-esrev1-ctr-9czsx	otelcol_processor_incoming_items	987300
1781384638	snap	2400	otelcol	otelcol-sb-esrev1-ctr-r7tfk	otelcol_processor_batch_batch_send_size_sum	1132870
1781384638	snap	2400	otelcol	otelcol-sb-esrev1-ctr-r7tfk	otelcol_process_uptime	411
1781384638	snap	2400	otelcol	otelcol-sb-esrev1-ctr-r7tfk	otelcol_processor_outgoing_items	1132870
1781384638	snap	2400	otelcol	otelcol-sb-esrev1-ctr-r7tfk	otelcol_exporter_queue_batch_send_size_sum	1132870
1781384638	snap	2400	otelcol	otelcol-sb-esrev1-ctr-r7tfk	otelcol_receiver_failed_spans	0
1781384638	snap	2400	otelcol	otelcol-sb-esrev1-ctr-r7tfk	otelcol_processor_batch_batch_size_trigger_send	15
1781384638	snap	2400	otelcol	otelcol-sb-esrev1-ctr-r7tfk	otelcol_receiver_refused_spans	7910897
1781384638	snap	2400	otelcol	otelcol-sb-esrev1-ctr-r7tfk	otelcol_receiver_accepted_spans	1132870
1781384638	snap	2400	otelcol	otelcol-sb-esrev1-ctr-r7tfk	otelcol_process_cpu_seconds	93
1781384638	snap	2400	otelcol	otelcol-sb-esrev1-ctr-r7tfk	otelcol_processor_batch_metadata_cardinality	1
1781384638	snap	2400	otelcol	otelcol-sb-esrev1-ctr-r7tfk	otelcol_process_runtime_total_alloc_bytes	6153160192
1781384638	snap	2400	otelcol	otelcol-sb-esrev1-ctr-r7tfk	otelcol_process_runtime_heap_alloc_bytes	121348400
1781384638	snap	2400	otelcol	otelcol-sb-esrev1-ctr-r7tfk	otelcol_process_memory_rss	321576960
1781384638	snap	2400	otelcol	otelcol-sb-esrev1-ctr-r7tfk	otelcol_exporter_queue_capacity	1001
1781384638	snap	2400	otelcol	otelcol-sb-esrev1-ctr-r7tfk	otelcol_processor_batch_timeout_trigger_send	749
1781384638	snap	2400	otelcol	otelcol-sb-esrev1-ctr-r7tfk	otelcol_exporter_send_failed_spans	0
1781384638	snap	2400	otelcol	otelcol-sb-esrev1-ctr-r7tfk	otelcol_exporter_sent_spans	877664
1781384638	snap	2400	otelcol	otelcol-sb-esrev1-ctr-r7tfk	otelcol_exporter_queue_size	72
1781384638	snap	2400	otelcol	otelcol-sb-esrev1-ctr-r7tfk	otelcol_processor_incoming_items	9043767
1781384638	snap	2400	otelcol	otelcol-sb-esrev1-ctr-r7tfk	otelcol_process_runtime_total_sys_memory_bytes	253884744
1781384638	snap	2400	otelcol	otelcol-sb-esrev1-ctr-srbgp	otelcol_processor_batch_batch_send_size_sum	468917
1781384638	snap	2400	otelcol	otelcol-sb-esrev1-ctr-srbgp	otelcol_exporter_sent_spans	201453
1781384638	snap	2400	otelcol	otelcol-sb-esrev1-ctr-srbgp	otelcol_exporter_queue_size	625
1781384638	snap	2400	otelcol	otelcol-sb-esrev1-ctr-srbgp	otelcol_exporter_queue_capacity	1001
1781384638	snap	2400	otelcol	otelcol-sb-esrev1-ctr-srbgp	otelcol_processor_incoming_items	1185549
1781384638	snap	2400	otelcol	otelcol-sb-esrev1-ctr-srbgp	otelcol_receiver_failed_spans	0
1781384638	snap	2400	otelcol	otelcol-sb-esrev1-ctr-srbgp	otelcol_processor_outgoing_items	468917
1781384638	snap	2400	otelcol	otelcol-sb-esrev1-ctr-srbgp	otelcol_process_runtime_heap_alloc_bytes	135889232
1781384638	snap	2400	otelcol	otelcol-sb-esrev1-ctr-srbgp	otelcol_processor_batch_metadata_cardinality	1
1781384638	snap	2400	otelcol	otelcol-sb-esrev1-ctr-srbgp	otelcol_receiver_refused_spans	716632
1781384638	snap	2400	otelcol	otelcol-sb-esrev1-ctr-srbgp	otelcol_processor_batch_timeout_trigger_send	1480
1781384638	snap	2400	otelcol	otelcol-sb-esrev1-ctr-srbgp	otelcol_process_runtime_total_sys_memory_bytes	211118392
1781384638	snap	2400	otelcol	otelcol-sb-esrev1-ctr-srbgp	otelcol_process_cpu_seconds	20
1781384638	snap	2400	otelcol	otelcol-sb-esrev1-ctr-srbgp	otelcol_exporter_queue_batch_send_size_sum	468917
1781384638	snap	2400	otelcol	otelcol-sb-esrev1-ctr-srbgp	otelcol_process_runtime_total_alloc_bytes	863099520
1781384638	snap	2400	otelcol	otelcol-sb-esrev1-ctr-srbgp	otelcol_process_memory_rss	319938560
1781384638	snap	2400	otelcol	otelcol-sb-esrev1-ctr-srbgp	otelcol_process_uptime	413
1781384638	snap	2400	otelcol	otelcol-sb-esrev1-ctr-srbgp	otelcol_receiver_accepted_spans	468917
1781384638	snap	2400	otelcol	otelcol-sb-esrev1-ctr-srbgp	otelcol_exporter_send_failed_spans	0
1781384638	snap	2400	otelcol	otelcol-sb-esrev1-ctr-j2cng	otelcol_processor_incoming_items	648931
1781384638	snap	2400	otelcol	otelcol-sb-esrev1-ctr-j2cng	otelcol_exporter_queue_capacity	1001
1781384638	snap	2400	otelcol	otelcol-sb-esrev1-ctr-j2cng	otelcol_process_memory_rss	321761280
1781384638	snap	2400	otelcol	otelcol-sb-esrev1-ctr-j2cng	otelcol_processor_outgoing_items	367932
1781384638	snap	2400	otelcol	otelcol-sb-esrev1-ctr-j2cng	otelcol_receiver_refused_spans	280999
1781384638	snap	2400	otelcol	otelcol-sb-esrev1-ctr-j2cng	otelcol_process_cpu_seconds	14
1781384638	snap	2400	otelcol	otelcol-sb-esrev1-ctr-j2cng	otelcol_exporter_queue_batch_send_size_sum	367932
1781384638	snap	2400	otelcol	otelcol-sb-esrev1-ctr-j2cng	otelcol_exporter_sent_spans	99621
1781384638	snap	2400	otelcol	otelcol-sb-esrev1-ctr-j2cng	otelcol_exporter_send_failed_spans	0
1781384638	snap	2400	otelcol	otelcol-sb-esrev1-ctr-j2cng	otelcol_process_runtime_total_alloc_bytes	493253576
1781384638	snap	2400	otelcol	otelcol-sb-esrev1-ctr-j2cng	otelcol_processor_batch_batch_send_size_sum	367932
1781384638	snap	2400	otelcol	otelcol-sb-esrev1-ctr-j2cng	otelcol_receiver_failed_spans	0
1781384638	snap	2400	otelcol	otelcol-sb-esrev1-ctr-j2cng	otelcol_process_runtime_heap_alloc_bytes	136622480
1781384638	snap	2400	otelcol	otelcol-sb-esrev1-ctr-j2cng	otelcol_processor_batch_metadata_cardinality	1
1781384638	snap	2400	otelcol	otelcol-sb-esrev1-ctr-j2cng	otelcol_process_uptime	412
1781384638	snap	2400	otelcol	otelcol-sb-esrev1-ctr-j2cng	otelcol_process_runtime_total_sys_memory_bytes	215124280
1781384638	snap	2400	otelcol	otelcol-sb-esrev1-ctr-j2cng	otelcol_exporter_queue_size	633
1781384638	snap	2400	otelcol	otelcol-sb-esrev1-ctr-j2cng	otelcol_receiver_accepted_spans	367932
1781384638	snap	2400	otelcol	otelcol-sb-esrev1-ctr-j2cng	otelcol_processor_batch_timeout_trigger_send	1352
1781384638	snap	2400	otelcol	otelcol-sb-esrev1-ctr-z4fxx	otelcol_receiver_failed_spans	0
1781384638	snap	2400	otelcol	otelcol-sb-esrev1-ctr-z4fxx	otelcol_processor_batch_batch_send_size_sum	449005
1781384638	snap	2400	otelcol	otelcol-sb-esrev1-ctr-z4fxx	otelcol_exporter_send_failed_spans	0
1781384638	snap	2400	otelcol	otelcol-sb-esrev1-ctr-z4fxx	otelcol_processor_incoming_items	3624390
1781384638	snap	2400	otelcol	otelcol-sb-esrev1-ctr-z4fxx	otelcol_exporter_queue_size	282
1781384638	snap	2400	otelcol	otelcol-sb-esrev1-ctr-z4fxx	otelcol_receiver_accepted_spans	449005
1781384638	snap	2400	otelcol	otelcol-sb-esrev1-ctr-z4fxx	otelcol_processor_batch_metadata_cardinality	1
1781384638	snap	2400	otelcol	otelcol-sb-esrev1-ctr-z4fxx	otelcol_process_runtime_total_alloc_bytes	2767765144
1781384638	snap	2400	otelcol	otelcol-sb-esrev1-ctr-z4fxx	otelcol_process_memory_rss	321163264
1781384638	snap	2400	otelcol	otelcol-sb-esrev1-ctr-z4fxx	otelcol_processor_batch_timeout_trigger_send	994
1781384638	snap	2400	otelcol	otelcol-sb-esrev1-ctr-z4fxx	otelcol_receiver_refused_spans	3175385
1781384638	snap	2400	otelcol	otelcol-sb-esrev1-ctr-z4fxx	otelcol_process_runtime_total_sys_memory_bytes	224586040
1781384638	snap	2400	otelcol	otelcol-sb-esrev1-ctr-z4fxx	otelcol_exporter_queue_capacity	1001
1781384638	snap	2400	otelcol	otelcol-sb-esrev1-ctr-z4fxx	otelcol_processor_outgoing_items	449005
1781384638	snap	2400	otelcol	otelcol-sb-esrev1-ctr-z4fxx	otelcol_process_uptime	412
1781384638	snap	2400	otelcol	otelcol-sb-esrev1-ctr-z4fxx	otelcol_process_runtime_heap_alloc_bytes	129786896
1781384638	snap	2400	otelcol	otelcol-sb-esrev1-ctr-z4fxx	otelcol_process_cpu_seconds	52
1781384638	snap	2400	otelcol	otelcol-sb-esrev1-ctr-z4fxx	otelcol_exporter_sent_spans	191746
1781384638	snap	2400	otelcol	otelcol-sb-esrev1-ctr-z4fxx	otelcol_exporter_queue_batch_send_size_sum	449005
1781384638	snap	2400	otelcol	otelcol-sb-esrev1-ctr-bdbcb	otelcol_processor_incoming_items	696719
1781384638	snap	2400	otelcol	otelcol-sb-esrev1-ctr-bdbcb	otelcol_processor_batch_batch_send_size_sum	365559
1781384638	snap	2400	otelcol	otelcol-sb-esrev1-ctr-bdbcb	otelcol_process_uptime	412
1781384638	snap	2400	otelcol	otelcol-sb-esrev1-ctr-bdbcb	otelcol_receiver_accepted_spans	365559
1781384638	snap	2400	otelcol	otelcol-sb-esrev1-ctr-bdbcb	otelcol_process_memory_rss	319389696
1781384638	snap	2400	otelcol	otelcol-sb-esrev1-ctr-bdbcb	otelcol_process_cpu_seconds	15
1781384638	snap	2400	otelcol	otelcol-sb-esrev1-ctr-bdbcb	otelcol_receiver_refused_spans	331160
1781384638	snap	2400	otelcol	otelcol-sb-esrev1-ctr-bdbcb	otelcol_exporter_sent_spans	104221
1781384638	snap	2400	otelcol	otelcol-sb-esrev1-ctr-bdbcb	otelcol_exporter_queue_capacity	1001
1781384638	snap	2400	otelcol	otelcol-sb-esrev1-ctr-bdbcb	otelcol_exporter_queue_batch_send_size_sum	365559
1781384638	snap	2400	otelcol	otelcol-sb-esrev1-ctr-bdbcb	otelcol_process_runtime_total_sys_memory_bytes	211257656
1781384638	snap	2400	otelcol	otelcol-sb-esrev1-ctr-bdbcb	otelcol_processor_outgoing_items	365559
1781384638	snap	2400	otelcol	otelcol-sb-esrev1-ctr-bdbcb	otelcol_process_runtime_heap_alloc_bytes	124653760
1781384638	snap	2400	otelcol	otelcol-sb-esrev1-ctr-bdbcb	otelcol_processor_batch_metadata_cardinality	1
1781384638	snap	2400	otelcol	otelcol-sb-esrev1-ctr-bdbcb	otelcol_process_runtime_total_alloc_bytes	514204352
1781384638	snap	2400	otelcol	otelcol-sb-esrev1-ctr-bdbcb	otelcol_exporter_queue_size	615
1781384638	snap	2400	otelcol	otelcol-sb-esrev1-ctr-bdbcb	otelcol_processor_batch_timeout_trigger_send	1347
1781384638	snap	2400	otelcol	otelcol-sb-esrev1-ctr-bdbcb	otelcol_exporter_send_failed_spans	0
1781384638	snap	2400	otelcol	otelcol-sb-esrev1-ctr-bdbcb	otelcol_receiver_failed_spans	0
1781384638	snap	2400	otelcol	otelcol-sb-esrev1-ctr-zjs5l	otelcol_receiver_refused_spans	8487853
1781384638	snap	2400	otelcol	otelcol-sb-esrev1-ctr-zjs5l	otelcol_processor_batch_timeout_trigger_send	1094
1781384638	snap	2400	otelcol	otelcol-sb-esrev1-ctr-zjs5l	otelcol_exporter_sent_spans	483974
1781384638	snap	2400	otelcol	otelcol-sb-esrev1-ctr-zjs5l	otelcol_receiver_failed_spans	0
1781384638	snap	2400	otelcol	otelcol-sb-esrev1-ctr-zjs5l	otelcol_process_runtime_total_sys_memory_bytes	220457272
1781384638	snap	2400	otelcol	otelcol-sb-esrev1-ctr-zjs5l	otelcol_process_uptime	411
1781384638	snap	2400	otelcol	otelcol-sb-esrev1-ctr-zjs5l	otelcol_exporter_queue_size	203
1781384638	snap	2400	otelcol	otelcol-sb-esrev1-ctr-zjs5l	otelcol_receiver_accepted_spans	720379
1781384638	snap	2400	otelcol	otelcol-sb-esrev1-ctr-zjs5l	otelcol_process_runtime_total_alloc_bytes	5544540400
1781384638	snap	2400	otelcol	otelcol-sb-esrev1-ctr-zjs5l	otelcol_process_runtime_heap_alloc_bytes	121959144
1781384638	snap	2400	otelcol	otelcol-sb-esrev1-ctr-zjs5l	otelcol_processor_batch_batch_send_size_sum	720379
1781384638	snap	2400	otelcol	otelcol-sb-esrev1-ctr-zjs5l	otelcol_process_memory_rss	322703360
1781384638	snap	2400	otelcol	otelcol-sb-esrev1-ctr-zjs5l	otelcol_exporter_queue_capacity	1001
1781384638	snap	2400	otelcol	otelcol-sb-esrev1-ctr-zjs5l	otelcol_exporter_queue_batch_send_size_sum	720379
1781384638	snap	2400	otelcol	otelcol-sb-esrev1-ctr-zjs5l	otelcol_processor_incoming_items	9208232
1781384638	snap	2400	otelcol	otelcol-sb-esrev1-ctr-zjs5l	otelcol_processor_outgoing_items	720379
1781384638	snap	2400	otelcol	otelcol-sb-esrev1-ctr-zjs5l	otelcol_processor_batch_metadata_cardinality	1
1781384638	snap	2400	otelcol	otelcol-sb-esrev1-ctr-zjs5l	otelcol_process_cpu_seconds	76
1781384638	snap	2400	otelcol	otelcol-sb-esrev1-ctr-zjs5l	otelcol_exporter_send_failed_spans	0
1781384638	snap	2400	otelcol	otelcol-sb-esrev1-ctr-mqr25	otelcol_processor_batch_timeout_trigger_send	1043
1781384638	snap	2400	otelcol	otelcol-sb-esrev1-ctr-mqr25	otelcol_exporter_queue_size	195
1781384638	snap	2400	otelcol	otelcol-sb-esrev1-ctr-mqr25	otelcol_processor_incoming_items	6633261
1781384638	snap	2400	otelcol	otelcol-sb-esrev1-ctr-mqr25	otelcol_processor_batch_batch_send_size_sum	606728
1781384638	snap	2400	otelcol	otelcol-sb-esrev1-ctr-mqr25	otelcol_process_runtime_heap_alloc_bytes	133363160
1781384638	snap	2400	otelcol	otelcol-sb-esrev1-ctr-mqr25	otelcol_processor_outgoing_items	606728
1781384638	snap	2400	otelcol	otelcol-sb-esrev1-ctr-mqr25	otelcol_process_runtime_total_alloc_bytes	4342385528
1781384638	snap	2400	otelcol	otelcol-sb-esrev1-ctr-mqr25	otelcol_exporter_send_failed_spans	0
1781384638	snap	2400	otelcol	otelcol-sb-esrev1-ctr-mqr25	otelcol_receiver_failed_spans	0
1781384638	snap	2400	otelcol	otelcol-sb-esrev1-ctr-mqr25	otelcol_process_memory_rss	319819776
1781384638	snap	2400	otelcol	otelcol-sb-esrev1-ctr-mqr25	otelcol_process_cpu_seconds	70
1781384638	snap	2400	otelcol	otelcol-sb-esrev1-ctr-mqr25	otelcol_processor_batch_metadata_cardinality	1
1781384638	snap	2400	otelcol	otelcol-sb-esrev1-ctr-mqr25	otelcol_process_uptime	412
1781384638	snap	2400	otelcol	otelcol-sb-esrev1-ctr-mqr25	otelcol_exporter_sent_spans	331320
1781384638	snap	2400	otelcol	otelcol-sb-esrev1-ctr-mqr25	otelcol_exporter_queue_batch_send_size_sum	606728
1781384638	snap	2400	otelcol	otelcol-sb-esrev1-ctr-mqr25	otelcol_receiver_refused_spans	6026533
1781384638	snap	2400	otelcol	otelcol-sb-esrev1-ctr-mqr25	otelcol_process_runtime_total_sys_memory_bytes	225634616
1781384638	snap	2400	otelcol	otelcol-sb-esrev1-ctr-mqr25	otelcol_receiver_accepted_spans	606728
1781384638	snap	2400	otelcol	otelcol-sb-esrev1-ctr-mqr25	otelcol_exporter_queue_capacity	1001
1781384638	snap	2400	otelcol	otelcol-sb-esrev1-ctr-j7lcx	otelcol_processor_batch_metadata_cardinality	1
1781384638	snap	2400	otelcol	otelcol-sb-esrev1-ctr-j7lcx	otelcol_process_runtime_total_alloc_bytes	39177720
1781384638	snap	2400	otelcol	otelcol-sb-esrev1-ctr-j7lcx	otelcol_process_cpu_seconds	3
1781384638	snap	2400	otelcol	otelcol-sb-esrev1-ctr-j7lcx	otelcol_process_runtime_heap_alloc_bytes	18551424
1781384638	snap	2400	otelcol	otelcol-sb-esrev1-ctr-j7lcx	otelcol_process_memory_rss	180428800
1781384638	snap	2400	otelcol	otelcol-sb-esrev1-ctr-j7lcx	otelcol_process_uptime	410
1781384638	snap	2400	otelcol	otelcol-sb-esrev1-ctr-j7lcx	otelcol_process_runtime_total_sys_memory_bytes	44546312
1781384638	snap	2400	otelcol	otelcol-sb-esrev1-ctr-j7lcx	otelcol_exporter_queue_size	0
1781384638	snap	2400	otelcol	otelcol-sb-esrev1-ctr-j7lcx	otelcol_exporter_queue_capacity	1001
1781384638	snap	2400	k8s	otelcol-sb-esrev1-ctr-9czsx	restart_count	0
1781384638	snap	2400	k8s	otelcol-sb-esrev1-ctr-bdbcb	restart_count	0
1781384638	snap	2400	k8s	otelcol-sb-esrev1-ctr-j2cng	restart_count	0
1781384638	snap	2400	k8s	otelcol-sb-esrev1-ctr-j7lcx	restart_count	0
1781384638	snap	2400	k8s	otelcol-sb-esrev1-ctr-mqr25	restart_count	0
1781384638	snap	2400	k8s	otelcol-sb-esrev1-ctr-r7tfk	restart_count	0
1781384638	snap	2400	k8s	otelcol-sb-esrev1-ctr-srbgp	restart_count	0
1781384638	snap	2400	k8s	otelcol-sb-esrev1-ctr-z4fxx	restart_count	0
1781384638	snap	2400	k8s	otelcol-sb-esrev1-ctr-zjs5l	restart_count	0
1781384638	snap	2400	sdk	wrk2api	spans_received	828370
1781384638	snap	2400	sdk	wrk2api	spans_sent	409062
1781384638	snap	2400	sdk	wrk2api	spans_dropped	0
1781384638	snap	2400	sdk	wrk2api	spans_flushed	828370
1781384638	snap	2400	sdk	wrk2api	batches_sent	4049
1781384638	snap	2400	sdk	wrk2api	batches_dropped	0
1781384638	snap	2400	sdk	wrk2api	send_unavailable	0
1781384638	snap	2400	sdk	wrk2api	send_deadline	0
1781384638	snap	2400	sdk	wrk2api	send_exhausted	0
1781384638	snap	2400	sdk	wrk2api	send_canceled	0
1781384638	snap	2400	sdk	wrk2api	send_other	0
1781384638	snap	2400	sdk	wrk2api	buffer_depth	0
0
1781384638	snap	2400	sdk	wrk2api	cp_received	414027
1781384638	snap	2400	sdk	wrk2api	lp_received	414343
1781384638	snap	2400	sdk	wrk2api	cp_sent	231120
1781384638	snap	2400	sdk	wrk2api	lp_sent	177942
1781384638	snap	2400	sdk	wrk2api	cp_dropped	0
1781384638	snap	2400	sdk	wrk2api	lp_dropped	0
1781384638	snap	2400	sdk	composepost	spans_received	3006665
1781384638	snap	2400	sdk	composepost	spans_sent	956308
1781384638	snap	2400	sdk	composepost	spans_dropped	0
1781384638	snap	2400	sdk	composepost	spans_flushed	3006665
1781384638	snap	2400	sdk	composepost	batches_sent	12384
1781384638	snap	2400	sdk	composepost	batches_dropped	0
1781384638	snap	2400	sdk	composepost	send_unavailable	0
1781384638	snap	2400	sdk	composepost	send_deadline	0
1781384638	snap	2400	sdk	composepost	send_exhausted	0
1781384638	snap	2400	sdk	composepost	send_canceled	0
1781384638	snap	2400	sdk	composepost	send_other	0
1781384638	snap	2400	sdk	composepost	buffer_depth	0
0
1781384638	snap	2400	sdk	composepost	cp_received	2630908
1781384638	snap	2400	sdk	composepost	lp_received	375757
1781384638	snap	2400	sdk	composepost	cp_sent	879331
1781384638	snap	2400	sdk	composepost	lp_sent	76977
1781384638	snap	2400	sdk	composepost	cp_dropped	0
1781384638	snap	2400	sdk	composepost	lp_dropped	0
1781384638	snap	2400	sdk	hometimeline	spans_received	751272
1781384638	snap	2400	sdk	hometimeline	spans_sent	153642
1781384638	snap	2400	sdk	hometimeline	spans_dropped	0
1781384638	snap	2400	sdk	hometimeline	spans_flushed	751272
1781384638	snap	2400	sdk	hometimeline	batches_sent	2660
1781384638	snap	2400	sdk	hometimeline	batches_dropped	0
1781384638	snap	2400	sdk	hometimeline	send_unavailable	0
1781384638	snap	2400	sdk	hometimeline	send_deadline	0
1781384638	snap	2400	sdk	hometimeline	send_exhausted	0
1781384638	snap	2400	sdk	hometimeline	send_canceled	0
1781384638	snap	2400	sdk	hometimeline	send_other	0
1781384638	snap	2400	sdk	hometimeline	buffer_depth	0
0
1781384638	snap	2400	sdk	hometimeline	cp_received	0
1781384638	snap	2400	sdk	hometimeline	lp_received	751272
1781384638	snap	2400	sdk	hometimeline	cp_sent	0
1781384638	snap	2400	sdk	hometimeline	lp_sent	153642
1781384638	snap	2400	sdk	hometimeline	cp_dropped	0
1781384638	snap	2400	sdk	hometimeline	lp_dropped	0
1781384638	snap	2400	sdk	media	spans_received	375757
1781384638	snap	2400	sdk	media	spans_sent	290983
1781384638	snap	2400	sdk	media	spans_dropped	0
1781384638	snap	2400	sdk	media	spans_flushed	375757
1781384638	snap	2400	sdk	media	batches_sent	2362
1781384638	snap	2400	sdk	media	batches_dropped	0
1781384638	snap	2400	sdk	media	send_unavailable	0
1781384638	snap	2400	sdk	media	send_deadline	0
1781384638	snap	2400	sdk	media	send_exhausted	0
1781384638	snap	2400	sdk	media	send_canceled	0
1781384638	snap	2400	sdk	media	send_other	0
1781384638	snap	2400	sdk	media	buffer_depth	0
0
1781384638	snap	2400	sdk	media	cp_received	375757
1781384638	snap	2400	sdk	media	lp_received	0
1781384638	snap	2400	sdk	media	cp_sent	290983
1781384638	snap	2400	sdk	media	lp_sent	0
1781384638	snap	2400	sdk	media	cp_dropped	0
1781384638	snap	2400	sdk	media	lp_dropped	0
1781384638	snap	2400	sdk	post-storage	spans_received	375616
1781384638	snap	2400	sdk	post-storage	spans_sent	365559
1781384638	snap	2400	sdk	post-storage	spans_dropped	0
1781384638	snap	2400	sdk	post-storage	spans_flushed	375616
1781384638	snap	2400	sdk	post-storage	batches_sent	2690
1781384638	snap	2400	sdk	post-storage	batches_dropped	0
1781384638	snap	2400	sdk	post-storage	send_unavailable	0
1781384638	snap	2400	sdk	post-storage	send_deadline	0
1781384638	snap	2400	sdk	post-storage	send_exhausted	0
1781384638	snap	2400	sdk	post-storage	send_canceled	0
1781384638	snap	2400	sdk	post-storage	send_other	0
1781384638	snap	2400	sdk	post-storage	buffer_depth	0
0
1781384638	snap	2400	sdk	post-storage	cp_received	375616
1781384638	snap	2400	sdk	post-storage	lp_received	0
1781384638	snap	2400	sdk	post-storage	cp_sent	365559
1781384638	snap	2400	sdk	post-storage	lp_sent	0
1781384638	snap	2400	sdk	post-storage	cp_dropped	0
1781384638	snap	2400	sdk	post-storage	lp_dropped	0
1781384638	snap	2400	sdk	socialgraph	spans_received	489445
1781384638	snap	2400	sdk	socialgraph	spans_sent	468735
1781384638	snap	2400	sdk	socialgraph	spans_dropped	0
1781384638	snap	2400	sdk	socialgraph	spans_flushed	489445
1781384638	snap	2400	sdk	socialgraph	batches_sent	3144
1781384638	snap	2400	sdk	socialgraph	batches_dropped	0
1781384638	snap	2400	sdk	socialgraph	send_unavailable	0
1781384638	snap	2400	sdk	socialgraph	send_deadline	0
1781384638	snap	2400	sdk	socialgraph	send_exhausted	0
1781384638	snap	2400	sdk	socialgraph	send_canceled	0
1781384638	snap	2400	sdk	socialgraph	send_other	0
1781384638	snap	2400	sdk	socialgraph	buffer_depth	0
0
1781384638	snap	2400	sdk	socialgraph	cp_received	451821
1781384638	snap	2400	sdk	socialgraph	lp_received	37624
1781384638	snap	2400	sdk	socialgraph	cp_sent	431111
1781384638	snap	2400	sdk	socialgraph	lp_sent	37624
1781384638	snap	2400	sdk	socialgraph	cp_dropped	0
1781384638	snap	2400	sdk	socialgraph	lp_dropped	0
1781384638	snap	2400	sdk	text	spans_received	1127289
1781384638	snap	2400	sdk	text	spans_sent	352749
1781384638	snap	2400	sdk	text	spans_dropped	0
1781384638	snap	2400	sdk	text	spans_flushed	1127289
1781384638	snap	2400	sdk	text	batches_sent	4602
1781384638	snap	2400	sdk	text	batches_dropped	0
1781384638	snap	2400	sdk	text	send_unavailable	0
1781384638	snap	2400	sdk	text	send_deadline	0
1781384638	snap	2400	sdk	text	send_exhausted	0
1781384638	snap	2400	sdk	text	send_canceled	0
1781384638	snap	2400	sdk	text	send_other	0
1781384638	snap	2400	sdk	text	buffer_depth	0
0
1781384638	snap	2400	sdk	text	cp_received	0
1781384638	snap	2400	sdk	text	lp_received	1127289
1781384638	snap	2400	sdk	text	cp_sent	0
1781384638	snap	2400	sdk	text	lp_sent	352749
1781384638	snap	2400	sdk	text	cp_dropped	0
1781384638	snap	2400	sdk	text	lp_dropped	0
1781384638	snap	2400	sdk	uniqueid	spans_received	375757
1781384638	snap	2400	sdk	uniqueid	spans_sent	223919
1781384638	snap	2400	sdk	uniqueid	spans_dropped	0
1781384638	snap	2400	sdk	uniqueid	spans_flushed	375757
1781384638	snap	2400	sdk	uniqueid	batches_sent	2042
1781384638	snap	2400	sdk	uniqueid	batches_dropped	0
1781384638	snap	2400	sdk	uniqueid	send_unavailable	0
1781384638	snap	2400	sdk	uniqueid	send_deadline	0
1781384638	snap	2400	sdk	uniqueid	send_exhausted	0
1781384638	snap	2400	sdk	uniqueid	send_canceled	0
1781384638	snap	2400	sdk	uniqueid	send_other	0
1781384638	snap	2400	sdk	uniqueid	buffer_depth	0
0
1781384638	snap	2400	sdk	uniqueid	cp_received	375757
1781384638	snap	2400	sdk	uniqueid	lp_received	0
1781384638	snap	2400	sdk	uniqueid	cp_sent	223919
1781384638	snap	2400	sdk	uniqueid	lp_sent	0
1781384638	snap	2400	sdk	uniqueid	cp_dropped	0
1781384638	snap	2400	sdk	uniqueid	lp_dropped	0
1781384638	snap	2400	sdk	urlshorten	spans_received	375757
1781384638	snap	2400	sdk	urlshorten	spans_sent	360328
1781384638	snap	2400	sdk	urlshorten	spans_dropped	0
1781384638	snap	2400	sdk	urlshorten	spans_flushed	375757
1781384638	snap	2400	sdk	urlshorten	batches_sent	2674
1781384638	snap	2400	sdk	urlshorten	batches_dropped	0
1781384638	snap	2400	sdk	urlshorten	send_unavailable	0
1781384638	snap	2400	sdk	urlshorten	send_deadline	0
1781384638	snap	2400	sdk	urlshorten	send_exhausted	0
1781384638	snap	2400	sdk	urlshorten	send_canceled	0
1781384638	snap	2400	sdk	urlshorten	send_other	0
1781384638	snap	2400	sdk	urlshorten	buffer_depth	0
0
1781384638	snap	2400	sdk	urlshorten	cp_received	375757
1781384638	snap	2400	sdk	urlshorten	lp_received	0
1781384638	snap	2400	sdk	urlshorten	cp_sent	360328
1781384638	snap	2400	sdk	urlshorten	lp_sent	0
1781384638	snap	2400	sdk	urlshorten	cp_dropped	0
1781384638	snap	2400	sdk	urlshorten	lp_dropped	0
1781384638	snap	2400	sdk	user	spans_received	377681
1781384638	snap	2400	sdk	user	spans_sent	195867
1781384638	snap	2400	sdk	user	spans_dropped	0
1781384638	snap	2400	sdk	user	spans_flushed	377681
1781384638	snap	2400	sdk	user	batches_sent	1925
1781384638	snap	2400	sdk	user	batches_dropped	0
1781384638	snap	2400	sdk	user	send_unavailable	0
1781384638	snap	2400	sdk	user	send_deadline	0
1781384638	snap	2400	sdk	user	send_exhausted	0
1781384638	snap	2400	sdk	user	send_canceled	0
1781384638	snap	2400	sdk	user	send_other	0
1781384638	snap	2400	sdk	user	buffer_depth	0
0
1781384638	snap	2400	sdk	user	cp_received	376719
1781384638	snap	2400	sdk	user	lp_received	962
1781384638	snap	2400	sdk	user	cp_sent	194905
1781384638	snap	2400	sdk	user	lp_sent	962
1781384638	snap	2400	sdk	user	cp_dropped	0
1781384638	snap	2400	sdk	user	lp_dropped	0
1781384638	snap	2400	sdk	userid	spans_received	75248
1781384638	snap	2400	sdk	userid	spans_sent	75248
1781384638	snap	2400	sdk	userid	spans_dropped	0
1781384638	snap	2400	sdk	userid	spans_flushed	75248
1781384638	snap	2400	sdk	userid	batches_sent	250
1781384638	snap	2400	sdk	userid	batches_dropped	0
1781384638	snap	2400	sdk	userid	send_unavailable	0
1781384638	snap	2400	sdk	userid	send_deadline	0
1781384638	snap	2400	sdk	userid	send_exhausted	0
1781384638	snap	2400	sdk	userid	send_canceled	0
1781384638	snap	2400	sdk	userid	send_other	0
1781384638	snap	2400	sdk	userid	buffer_depth	0
0
1781384638	snap	2400	sdk	userid	cp_received	75248
1781384638	snap	2400	sdk	userid	lp_received	0
1781384638	snap	2400	sdk	userid	cp_sent	75248
1781384638	snap	2400	sdk	userid	lp_sent	0
1781384638	snap	2400	sdk	userid	cp_dropped	0
1781384638	snap	2400	sdk	userid	lp_dropped	0
1781384638	snap	2400	sdk	usermention	spans_received	375757
1781384638	snap	2400	sdk	usermention	spans_sent	223918
1781384638	snap	2400	sdk	usermention	spans_dropped	0
1781384638	snap	2400	sdk	usermention	spans_flushed	375757
1781384638	snap	2400	sdk	usermention	batches_sent	2049
1781384638	snap	2400	sdk	usermention	batches_dropped	0
1781384638	snap	2400	sdk	usermention	send_unavailable	0
1781384638	snap	2400	sdk	usermention	send_deadline	0
1781384638	snap	2400	sdk	usermention	send_exhausted	0
1781384638	snap	2400	sdk	usermention	send_canceled	0
1781384638	snap	2400	sdk	usermention	send_other	0
1781384638	snap	2400	sdk	usermention	buffer_depth	0
0
1781384638	snap	2400	sdk	usermention	cp_received	375757
1781384638	snap	2400	sdk	usermention	lp_received	0
1781384638	snap	2400	sdk	usermention	cp_sent	223918
1781384638	snap	2400	sdk	usermention	lp_sent	0
1781384638	snap	2400	sdk	usermention	cp_dropped	0
1781384638	snap	2400	sdk	usermention	lp_dropped	0
1781384638	snap	2400	sdk	usertimeline	spans_received	375616
1781384638	snap	2400	sdk	usertimeline	spans_sent	367932
1781384638	snap	2400	sdk	usertimeline	spans_dropped	0
1781384638	snap	2400	sdk	usertimeline	spans_flushed	375616
1781384638	snap	2400	sdk	usertimeline	batches_sent	2706
1781384638	snap	2400	sdk	usertimeline	batches_dropped	0
1781384638	snap	2400	sdk	usertimeline	send_unavailable	0
1781384638	snap	2400	sdk	usertimeline	send_deadline	0
1781384638	snap	2400	sdk	usertimeline	send_exhausted	0
1781384638	snap	2400	sdk	usertimeline	send_canceled	0
1781384638	snap	2400	sdk	usertimeline	send_other	0
1781384638	snap	2400	sdk	usertimeline	buffer_depth	0
0
1781384638	snap	2400	sdk	usertimeline	cp_received	375616
1781384638	snap	2400	sdk	usertimeline	lp_received	0
1781384638	snap	2400	sdk	usertimeline	cp_sent	367932
1781384638	snap	2400	sdk	usertimeline	lp_sent	0
1781384638	snap	2400	sdk	usertimeline	cp_dropped	0
1781384638	snap	2400	sdk	usertimeline	lp_dropped	0
1781384645	snap	2600	otelcol	otelcol-sb-esrev1-ctr-9czsx	otelcol_process_memory_rss	320905216
1781384645	snap	2600	otelcol	otelcol-sb-esrev1-ctr-9czsx	otelcol_receiver_accepted_spans	360639
1781384645	snap	2600	otelcol	otelcol-sb-esrev1-ctr-9czsx	otelcol_processor_outgoing_items	360639
1781384645	snap	2600	otelcol	otelcol-sb-esrev1-ctr-9czsx	otelcol_process_runtime_heap_alloc_bytes	129518928
1781384645	snap	2600	otelcol	otelcol-sb-esrev1-ctr-9czsx	otelcol_process_cpu_seconds	17
1781384645	snap	2600	otelcol	otelcol-sb-esrev1-ctr-9czsx	otelcol_exporter_queue_batch_send_size_sum	360639
1781384645	snap	2600	otelcol	otelcol-sb-esrev1-ctr-9czsx	otelcol_receiver_failed_spans	0
1781384645	snap	2600	otelcol	otelcol-sb-esrev1-ctr-9czsx	otelcol_process_uptime	419
1781384645	snap	2600	otelcol	otelcol-sb-esrev1-ctr-9czsx	otelcol_process_runtime_total_sys_memory_bytes	210856248
1781384645	snap	2600	otelcol	otelcol-sb-esrev1-ctr-9czsx	otelcol_exporter_send_failed_spans	0
1781384645	snap	2600	otelcol	otelcol-sb-esrev1-ctr-9czsx	otelcol_exporter_queue_capacity	1001
1781384645	snap	2600	otelcol	otelcol-sb-esrev1-ctr-9czsx	otelcol_processor_batch_metadata_cardinality	1
1781384645	snap	2600	otelcol	otelcol-sb-esrev1-ctr-9czsx	otelcol_process_runtime_total_alloc_bytes	724793440
1781384645	snap	2600	otelcol	otelcol-sb-esrev1-ctr-9czsx	otelcol_processor_batch_timeout_trigger_send	1328
1781384645	snap	2600	otelcol	otelcol-sb-esrev1-ctr-9czsx	otelcol_processor_batch_batch_send_size_sum	360639
1781384645	snap	2600	otelcol	otelcol-sb-esrev1-ctr-9czsx	otelcol_exporter_sent_spans	96724
1781384645	snap	2600	otelcol	otelcol-sb-esrev1-ctr-9czsx	otelcol_exporter_queue_size	615
1781384645	snap	2600	otelcol	otelcol-sb-esrev1-ctr-9czsx	otelcol_receiver_refused_spans	626661
1781384645	snap	2600	otelcol	otelcol-sb-esrev1-ctr-9czsx	otelcol_processor_incoming_items	987300
1781384645	snap	2600	otelcol	otelcol-sb-esrev1-ctr-r7tfk	otelcol_processor_batch_batch_send_size_sum	1132870
1781384645	snap	2600	otelcol	otelcol-sb-esrev1-ctr-r7tfk	otelcol_process_uptime	418
1781384645	snap	2600	otelcol	otelcol-sb-esrev1-ctr-r7tfk	otelcol_processor_outgoing_items	1132870
1781384645	snap	2600	otelcol	otelcol-sb-esrev1-ctr-r7tfk	otelcol_exporter_queue_batch_send_size_sum	1132870
1781384645	snap	2600	otelcol	otelcol-sb-esrev1-ctr-r7tfk	otelcol_receiver_failed_spans	0
1781384645	snap	2600	otelcol	otelcol-sb-esrev1-ctr-r7tfk	otelcol_processor_batch_batch_size_trigger_send	15
1781384645	snap	2600	otelcol	otelcol-sb-esrev1-ctr-r7tfk	otelcol_receiver_refused_spans	7910897
1781384645	snap	2600	otelcol	otelcol-sb-esrev1-ctr-r7tfk	otelcol_receiver_accepted_spans	1132870
1781384645	snap	2600	otelcol	otelcol-sb-esrev1-ctr-r7tfk	otelcol_process_cpu_seconds	93
1781384645	snap	2600	otelcol	otelcol-sb-esrev1-ctr-r7tfk	otelcol_processor_batch_metadata_cardinality	1
1781384645	snap	2600	otelcol	otelcol-sb-esrev1-ctr-r7tfk	otelcol_process_runtime_total_alloc_bytes	6166044096
1781384645	snap	2600	otelcol	otelcol-sb-esrev1-ctr-r7tfk	otelcol_process_runtime_heap_alloc_bytes	134232304
1781384645	snap	2600	otelcol	otelcol-sb-esrev1-ctr-r7tfk	otelcol_process_memory_rss	327610368
1781384645	snap	2600	otelcol	otelcol-sb-esrev1-ctr-r7tfk	otelcol_exporter_queue_capacity	1001
1781384645	snap	2600	otelcol	otelcol-sb-esrev1-ctr-r7tfk	otelcol_processor_batch_timeout_trigger_send	749
1781384645	snap	2600	otelcol	otelcol-sb-esrev1-ctr-r7tfk	otelcol_exporter_send_failed_spans	0
1781384645	snap	2600	otelcol	otelcol-sb-esrev1-ctr-r7tfk	otelcol_exporter_sent_spans	898558
1781384645	snap	2600	otelcol	otelcol-sb-esrev1-ctr-r7tfk	otelcol_exporter_queue_size	68
1781384645	snap	2600	otelcol	otelcol-sb-esrev1-ctr-r7tfk	otelcol_processor_incoming_items	9043767
1781384645	snap	2600	otelcol	otelcol-sb-esrev1-ctr-r7tfk	otelcol_process_runtime_total_sys_memory_bytes	253884744
1781384645	snap	2600	otelcol	otelcol-sb-esrev1-ctr-srbgp	otelcol_processor_batch_batch_send_size_sum	468917
1781384645	snap	2600	otelcol	otelcol-sb-esrev1-ctr-srbgp	otelcol_exporter_sent_spans	201866
1781384645	snap	2600	otelcol	otelcol-sb-esrev1-ctr-srbgp	otelcol_exporter_queue_size	624
1781384645	snap	2600	otelcol	otelcol-sb-esrev1-ctr-srbgp	otelcol_exporter_queue_capacity	1001
1781384645	snap	2600	otelcol	otelcol-sb-esrev1-ctr-srbgp	otelcol_processor_incoming_items	1185549
1781384645	snap	2600	otelcol	otelcol-sb-esrev1-ctr-srbgp	otelcol_receiver_failed_spans	0
1781384645	snap	2600	otelcol	otelcol-sb-esrev1-ctr-srbgp	otelcol_processor_outgoing_items	468917
1781384645	snap	2600	otelcol	otelcol-sb-esrev1-ctr-srbgp	otelcol_process_runtime_heap_alloc_bytes	136743088
1781384645	snap	2600	otelcol	otelcol-sb-esrev1-ctr-srbgp	otelcol_processor_batch_metadata_cardinality	1
1781384645	snap	2600	otelcol	otelcol-sb-esrev1-ctr-srbgp	otelcol_receiver_refused_spans	716632
1781384645	snap	2600	otelcol	otelcol-sb-esrev1-ctr-srbgp	otelcol_processor_batch_timeout_trigger_send	1480
1781384645	snap	2600	otelcol	otelcol-sb-esrev1-ctr-srbgp	otelcol_process_runtime_total_sys_memory_bytes	211118392
1781384645	snap	2600	otelcol	otelcol-sb-esrev1-ctr-srbgp	otelcol_process_cpu_seconds	20
1781384645	snap	2600	otelcol	otelcol-sb-esrev1-ctr-srbgp	otelcol_exporter_queue_batch_send_size_sum	468917
1781384645	snap	2600	otelcol	otelcol-sb-esrev1-ctr-srbgp	otelcol_process_runtime_total_alloc_bytes	863953376
1781384645	snap	2600	otelcol	otelcol-sb-esrev1-ctr-srbgp	otelcol_process_memory_rss	320106496
1781384645	snap	2600	otelcol	otelcol-sb-esrev1-ctr-srbgp	otelcol_process_uptime	420
1781384645	snap	2600	otelcol	otelcol-sb-esrev1-ctr-srbgp	otelcol_receiver_accepted_spans	468917
1781384645	snap	2600	otelcol	otelcol-sb-esrev1-ctr-srbgp	otelcol_exporter_send_failed_spans	0
1781384645	snap	2600	otelcol	otelcol-sb-esrev1-ctr-j2cng	otelcol_processor_incoming_items	648931
1781384645	snap	2600	otelcol	otelcol-sb-esrev1-ctr-j2cng	otelcol_exporter_queue_capacity	1001
1781384645	snap	2600	otelcol	otelcol-sb-esrev1-ctr-j2cng	otelcol_process_memory_rss	324734976
1781384645	snap	2600	otelcol	otelcol-sb-esrev1-ctr-j2cng	otelcol_processor_outgoing_items	367932
1781384645	snap	2600	otelcol	otelcol-sb-esrev1-ctr-j2cng	otelcol_receiver_refused_spans	280999
1781384645	snap	2600	otelcol	otelcol-sb-esrev1-ctr-j2cng	otelcol_process_cpu_seconds	14
1781384645	snap	2600	otelcol	otelcol-sb-esrev1-ctr-j2cng	otelcol_exporter_queue_batch_send_size_sum	367932
1781384645	snap	2600	otelcol	otelcol-sb-esrev1-ctr-j2cng	otelcol_exporter_sent_spans	101626
1781384645	snap	2600	otelcol	otelcol-sb-esrev1-ctr-j2cng	otelcol_exporter_send_failed_spans	0
1781384645	snap	2600	otelcol	otelcol-sb-esrev1-ctr-j2cng	otelcol_process_runtime_total_alloc_bytes	497361432
1781384645	snap	2600	otelcol	otelcol-sb-esrev1-ctr-j2cng	otelcol_processor_batch_batch_send_size_sum	367932
1781384645	snap	2600	otelcol	otelcol-sb-esrev1-ctr-j2cng	otelcol_receiver_failed_spans	0
1781384645	snap	2600	otelcol	otelcol-sb-esrev1-ctr-j2cng	otelcol_process_runtime_heap_alloc_bytes	140730336
1781384645	snap	2600	otelcol	otelcol-sb-esrev1-ctr-j2cng	otelcol_processor_batch_metadata_cardinality	1
1781384645	snap	2600	otelcol	otelcol-sb-esrev1-ctr-j2cng	otelcol_process_uptime	419
1781384645	snap	2600	otelcol	otelcol-sb-esrev1-ctr-j2cng	otelcol_process_runtime_total_sys_memory_bytes	215124280
1781384645	snap	2600	otelcol	otelcol-sb-esrev1-ctr-j2cng	otelcol_exporter_queue_size	628
1781384645	snap	2600	otelcol	otelcol-sb-esrev1-ctr-j2cng	otelcol_receiver_accepted_spans	367932
1781384645	snap	2600	otelcol	otelcol-sb-esrev1-ctr-j2cng	otelcol_processor_batch_timeout_trigger_send	1352
1781384645	snap	2600	otelcol	otelcol-sb-esrev1-ctr-z4fxx	otelcol_receiver_failed_spans	0
1781384645	snap	2600	otelcol	otelcol-sb-esrev1-ctr-z4fxx	otelcol_processor_batch_batch_send_size_sum	449005
1781384645	snap	2600	otelcol	otelcol-sb-esrev1-ctr-z4fxx	otelcol_exporter_send_failed_spans	0
1781384645	snap	2600	otelcol	otelcol-sb-esrev1-ctr-z4fxx	otelcol_processor_incoming_items	3624390
1781384645	snap	2600	otelcol	otelcol-sb-esrev1-ctr-z4fxx	otelcol_exporter_queue_size	276
1781384645	snap	2600	otelcol	otelcol-sb-esrev1-ctr-z4fxx	otelcol_receiver_accepted_spans	449005
1781384645	snap	2600	otelcol	otelcol-sb-esrev1-ctr-z4fxx	otelcol_processor_batch_metadata_cardinality	1
1781384645	snap	2600	otelcol	otelcol-sb-esrev1-ctr-z4fxx	otelcol_process_runtime_total_alloc_bytes	2771043072
1781384645	snap	2600	otelcol	otelcol-sb-esrev1-ctr-z4fxx	otelcol_process_memory_rss	322408448
1781384645	snap	2600	otelcol	otelcol-sb-esrev1-ctr-z4fxx	otelcol_processor_batch_timeout_trigger_send	994
1781384645	snap	2600	otelcol	otelcol-sb-esrev1-ctr-z4fxx	otelcol_receiver_refused_spans	3175385
1781384645	snap	2600	otelcol	otelcol-sb-esrev1-ctr-z4fxx	otelcol_process_runtime_total_sys_memory_bytes	224586040
1781384645	snap	2600	otelcol	otelcol-sb-esrev1-ctr-z4fxx	otelcol_exporter_queue_capacity	1001
1781384645	snap	2600	otelcol	otelcol-sb-esrev1-ctr-z4fxx	otelcol_processor_outgoing_items	449005
1781384645	snap	2600	otelcol	otelcol-sb-esrev1-ctr-z4fxx	otelcol_process_uptime	419
1781384645	snap	2600	otelcol	otelcol-sb-esrev1-ctr-z4fxx	otelcol_process_runtime_heap_alloc_bytes	133064824
1781384645	snap	2600	otelcol	otelcol-sb-esrev1-ctr-z4fxx	otelcol_process_cpu_seconds	52
1781384645	snap	2600	otelcol	otelcol-sb-esrev1-ctr-z4fxx	otelcol_exporter_sent_spans	196545
1781384645	snap	2600	otelcol	otelcol-sb-esrev1-ctr-z4fxx	otelcol_exporter_queue_batch_send_size_sum	449005
1781384645	snap	2600	otelcol	otelcol-sb-esrev1-ctr-bdbcb	otelcol_processor_incoming_items	696719
1781384645	snap	2600	otelcol	otelcol-sb-esrev1-ctr-bdbcb	otelcol_processor_batch_batch_send_size_sum	365559
1781384645	snap	2600	otelcol	otelcol-sb-esrev1-ctr-bdbcb	otelcol_process_uptime	418
1781384645	snap	2600	otelcol	otelcol-sb-esrev1-ctr-bdbcb	otelcol_receiver_accepted_spans	365559
1781384645	snap	2600	otelcol	otelcol-sb-esrev1-ctr-bdbcb	otelcol_process_memory_rss	321601536
1781384645	snap	2600	otelcol	otelcol-sb-esrev1-ctr-bdbcb	otelcol_process_cpu_seconds	15
1781384645	snap	2600	otelcol	otelcol-sb-esrev1-ctr-bdbcb	otelcol_receiver_refused_spans	331160
1781384645	snap	2600	otelcol	otelcol-sb-esrev1-ctr-bdbcb	otelcol_exporter_sent_spans	105821
1781384645	snap	2600	otelcol	otelcol-sb-esrev1-ctr-bdbcb	otelcol_exporter_queue_capacity	1001
1781384645	snap	2600	otelcol	otelcol-sb-esrev1-ctr-bdbcb	otelcol_exporter_queue_batch_send_size_sum	365559
1781384645	snap	2600	otelcol	otelcol-sb-esrev1-ctr-bdbcb	otelcol_process_runtime_total_sys_memory_bytes	211257656
1781384645	snap	2600	otelcol	otelcol-sb-esrev1-ctr-bdbcb	otelcol_processor_outgoing_items	365559
1781384645	snap	2600	otelcol	otelcol-sb-esrev1-ctr-bdbcb	otelcol_process_runtime_heap_alloc_bytes	129967824
1781384645	snap	2600	otelcol	otelcol-sb-esrev1-ctr-bdbcb	otelcol_processor_batch_metadata_cardinality	1
1781384645	snap	2600	otelcol	otelcol-sb-esrev1-ctr-bdbcb	otelcol_process_runtime_total_alloc_bytes	519518416
1781384645	snap	2600	otelcol	otelcol-sb-esrev1-ctr-bdbcb	otelcol_exporter_queue_size	611
1781384645	snap	2600	otelcol	otelcol-sb-esrev1-ctr-bdbcb	otelcol_processor_batch_timeout_trigger_send	1347
1781384645	snap	2600	otelcol	otelcol-sb-esrev1-ctr-bdbcb	otelcol_exporter_send_failed_spans	0
1781384645	snap	2600	otelcol	otelcol-sb-esrev1-ctr-bdbcb	otelcol_receiver_failed_spans	0
1781384645	snap	2600	otelcol	otelcol-sb-esrev1-ctr-zjs5l	otelcol_receiver_refused_spans	8487853
1781384645	snap	2600	otelcol	otelcol-sb-esrev1-ctr-zjs5l	otelcol_processor_batch_timeout_trigger_send	1094
1781384645	snap	2600	otelcol	otelcol-sb-esrev1-ctr-zjs5l	otelcol_exporter_sent_spans	483974
1781384645	snap	2600	otelcol	otelcol-sb-esrev1-ctr-zjs5l	otelcol_receiver_failed_spans	0
1781384645	snap	2600	otelcol	otelcol-sb-esrev1-ctr-zjs5l	otelcol_process_runtime_total_sys_memory_bytes	220457272
1781384645	snap	2600	otelcol	otelcol-sb-esrev1-ctr-zjs5l	otelcol_process_uptime	418
1781384645	snap	2600	otelcol	otelcol-sb-esrev1-ctr-zjs5l	otelcol_exporter_queue_size	203
1781384645	snap	2600	otelcol	otelcol-sb-esrev1-ctr-zjs5l	otelcol_receiver_accepted_spans	720379
1781384645	snap	2600	otelcol	otelcol-sb-esrev1-ctr-zjs5l	otelcol_process_runtime_total_alloc_bytes	5546994832
1781384645	snap	2600	otelcol	otelcol-sb-esrev1-ctr-zjs5l	otelcol_process_runtime_heap_alloc_bytes	124413576
1781384645	snap	2600	otelcol	otelcol-sb-esrev1-ctr-zjs5l	otelcol_processor_batch_batch_send_size_sum	720379
1781384645	snap	2600	otelcol	otelcol-sb-esrev1-ctr-zjs5l	otelcol_process_memory_rss	323751936
1781384645	snap	2600	otelcol	otelcol-sb-esrev1-ctr-zjs5l	otelcol_exporter_queue_capacity	1001
1781384645	snap	2600	otelcol	otelcol-sb-esrev1-ctr-zjs5l	otelcol_exporter_queue_batch_send_size_sum	720379
1781384645	snap	2600	otelcol	otelcol-sb-esrev1-ctr-zjs5l	otelcol_processor_incoming_items	9208232
1781384645	snap	2600	otelcol	otelcol-sb-esrev1-ctr-zjs5l	otelcol_processor_outgoing_items	720379
1781384645	snap	2600	otelcol	otelcol-sb-esrev1-ctr-zjs5l	otelcol_processor_batch_metadata_cardinality	1
1781384645	snap	2600	otelcol	otelcol-sb-esrev1-ctr-zjs5l	otelcol_process_cpu_seconds	76
1781384645	snap	2600	otelcol	otelcol-sb-esrev1-ctr-zjs5l	otelcol_exporter_send_failed_spans	0
1781384645	snap	2600	otelcol	otelcol-sb-esrev1-ctr-mqr25	otelcol_processor_batch_timeout_trigger_send	1043
1781384645	snap	2600	otelcol	otelcol-sb-esrev1-ctr-mqr25	otelcol_exporter_queue_size	195
1781384645	snap	2600	otelcol	otelcol-sb-esrev1-ctr-mqr25	otelcol_processor_incoming_items	6633261
1781384645	snap	2600	otelcol	otelcol-sb-esrev1-ctr-mqr25	otelcol_processor_batch_batch_send_size_sum	606728
1781384645	snap	2600	otelcol	otelcol-sb-esrev1-ctr-mqr25	otelcol_process_runtime_heap_alloc_bytes	136494592
1781384645	snap	2600	otelcol	otelcol-sb-esrev1-ctr-mqr25	otelcol_processor_outgoing_items	606728
1781384645	snap	2600	otelcol	otelcol-sb-esrev1-ctr-mqr25	otelcol_process_runtime_total_alloc_bytes	4345516960
1781384645	snap	2600	otelcol	otelcol-sb-esrev1-ctr-mqr25	otelcol_exporter_send_failed_spans	0
1781384645	snap	2600	otelcol	otelcol-sb-esrev1-ctr-mqr25	otelcol_receiver_failed_spans	0
1781384645	snap	2600	otelcol	otelcol-sb-esrev1-ctr-mqr25	otelcol_process_memory_rss	320884736
1781384645	snap	2600	otelcol	otelcol-sb-esrev1-ctr-mqr25	otelcol_process_cpu_seconds	70
1781384645	snap	2600	otelcol	otelcol-sb-esrev1-ctr-mqr25	otelcol_processor_batch_metadata_cardinality	1
1781384645	snap	2600	otelcol	otelcol-sb-esrev1-ctr-mqr25	otelcol_process_uptime	419
1781384645	snap	2600	otelcol	otelcol-sb-esrev1-ctr-mqr25	otelcol_exporter_sent_spans	331320
1781384645	snap	2600	otelcol	otelcol-sb-esrev1-ctr-mqr25	otelcol_exporter_queue_batch_send_size_sum	606728
1781384645	snap	2600	otelcol	otelcol-sb-esrev1-ctr-mqr25	otelcol_receiver_refused_spans	6026533
1781384645	snap	2600	otelcol	otelcol-sb-esrev1-ctr-mqr25	otelcol_process_runtime_total_sys_memory_bytes	225634616
1781384645	snap	2600	otelcol	otelcol-sb-esrev1-ctr-mqr25	otelcol_receiver_accepted_spans	606728
1781384645	snap	2600	otelcol	otelcol-sb-esrev1-ctr-mqr25	otelcol_exporter_queue_capacity	1001
1781384645	snap	2600	otelcol	otelcol-sb-esrev1-ctr-j7lcx	otelcol_processor_batch_metadata_cardinality	1
1781384645	snap	2600	otelcol	otelcol-sb-esrev1-ctr-j7lcx	otelcol_process_runtime_total_alloc_bytes	39473448
1781384645	snap	2600	otelcol	otelcol-sb-esrev1-ctr-j7lcx	otelcol_process_cpu_seconds	3
1781384645	snap	2600	otelcol	otelcol-sb-esrev1-ctr-j7lcx	otelcol_process_runtime_heap_alloc_bytes	18847152
1781384645	snap	2600	otelcol	otelcol-sb-esrev1-ctr-j7lcx	otelcol_process_memory_rss	180428800
1781384645	snap	2600	otelcol	otelcol-sb-esrev1-ctr-j7lcx	otelcol_process_uptime	417
1781384645	snap	2600	otelcol	otelcol-sb-esrev1-ctr-j7lcx	otelcol_process_runtime_total_sys_memory_bytes	44546312
1781384645	snap	2600	otelcol	otelcol-sb-esrev1-ctr-j7lcx	otelcol_exporter_queue_size	0
1781384645	snap	2600	otelcol	otelcol-sb-esrev1-ctr-j7lcx	otelcol_exporter_queue_capacity	1001
1781384645	snap	2600	k8s	otelcol-sb-esrev1-ctr-9czsx	restart_count	0
1781384645	snap	2600	k8s	otelcol-sb-esrev1-ctr-bdbcb	restart_count	0
1781384645	snap	2600	k8s	otelcol-sb-esrev1-ctr-j2cng	restart_count	0
1781384645	snap	2600	k8s	otelcol-sb-esrev1-ctr-j7lcx	restart_count	0
1781384645	snap	2600	k8s	otelcol-sb-esrev1-ctr-mqr25	restart_count	0
1781384645	snap	2600	k8s	otelcol-sb-esrev1-ctr-r7tfk	restart_count	0
1781384645	snap	2600	k8s	otelcol-sb-esrev1-ctr-srbgp	restart_count	0
1781384645	snap	2600	k8s	otelcol-sb-esrev1-ctr-z4fxx	restart_count	0
1781384645	snap	2600	k8s	otelcol-sb-esrev1-ctr-zjs5l	restart_count	0
1781384645	snap	2600	sdk	wrk2api	spans_received	828370
1781384645	snap	2600	sdk	wrk2api	spans_sent	409062
1781384645	snap	2600	sdk	wrk2api	spans_dropped	0
1781384645	snap	2600	sdk	wrk2api	spans_flushed	828370
1781384645	snap	2600	sdk	wrk2api	batches_sent	4049
1781384645	snap	2600	sdk	wrk2api	batches_dropped	0
1781384645	snap	2600	sdk	wrk2api	send_unavailable	0
1781384645	snap	2600	sdk	wrk2api	send_deadline	0
1781384645	snap	2600	sdk	wrk2api	send_exhausted	0
1781384645	snap	2600	sdk	wrk2api	send_canceled	0
1781384645	snap	2600	sdk	wrk2api	send_other	0
1781384645	snap	2600	sdk	wrk2api	buffer_depth	0
0
1781384645	snap	2600	sdk	wrk2api	cp_received	414027
1781384645	snap	2600	sdk	wrk2api	lp_received	414343
1781384645	snap	2600	sdk	wrk2api	cp_sent	231120
1781384645	snap	2600	sdk	wrk2api	lp_sent	177942
1781384645	snap	2600	sdk	wrk2api	cp_dropped	0
1781384645	snap	2600	sdk	wrk2api	lp_dropped	0
1781384645	snap	2600	sdk	composepost	spans_received	3006665
1781384645	snap	2600	sdk	composepost	spans_sent	956308
1781384645	snap	2600	sdk	composepost	spans_dropped	0
1781384645	snap	2600	sdk	composepost	spans_flushed	3006665
1781384645	snap	2600	sdk	composepost	batches_sent	12384
1781384645	snap	2600	sdk	composepost	batches_dropped	0
1781384645	snap	2600	sdk	composepost	send_unavailable	0
1781384645	snap	2600	sdk	composepost	send_deadline	0
1781384645	snap	2600	sdk	composepost	send_exhausted	0
1781384645	snap	2600	sdk	composepost	send_canceled	0
1781384645	snap	2600	sdk	composepost	send_other	0
1781384645	snap	2600	sdk	composepost	buffer_depth	0
0
1781384645	snap	2600	sdk	composepost	cp_received	2630908
1781384645	snap	2600	sdk	composepost	lp_received	375757
1781384645	snap	2600	sdk	composepost	cp_sent	879331
1781384645	snap	2600	sdk	composepost	lp_sent	76977
1781384645	snap	2600	sdk	composepost	cp_dropped	0
1781384645	snap	2600	sdk	composepost	lp_dropped	0
1781384645	snap	2600	sdk	hometimeline	spans_received	751272
1781384645	snap	2600	sdk	hometimeline	spans_sent	153642
1781384645	snap	2600	sdk	hometimeline	spans_dropped	0
1781384645	snap	2600	sdk	hometimeline	spans_flushed	751272
1781384645	snap	2600	sdk	hometimeline	batches_sent	2660
1781384645	snap	2600	sdk	hometimeline	batches_dropped	0
1781384645	snap	2600	sdk	hometimeline	send_unavailable	0
1781384645	snap	2600	sdk	hometimeline	send_deadline	0
1781384645	snap	2600	sdk	hometimeline	send_exhausted	0
1781384645	snap	2600	sdk	hometimeline	send_canceled	0
1781384645	snap	2600	sdk	hometimeline	send_other	0
1781384645	snap	2600	sdk	hometimeline	buffer_depth	0
0
1781384645	snap	2600	sdk	hometimeline	cp_received	0
1781384645	snap	2600	sdk	hometimeline	lp_received	751272
1781384645	snap	2600	sdk	hometimeline	cp_sent	0
1781384645	snap	2600	sdk	hometimeline	lp_sent	153642
1781384645	snap	2600	sdk	hometimeline	cp_dropped	0
1781384645	snap	2600	sdk	hometimeline	lp_dropped	0
1781384645	snap	2600	sdk	media	spans_received	375757
1781384645	snap	2600	sdk	media	spans_sent	290983
1781384645	snap	2600	sdk	media	spans_dropped	0
1781384645	snap	2600	sdk	media	spans_flushed	375757
1781384645	snap	2600	sdk	media	batches_sent	2362
1781384645	snap	2600	sdk	media	batches_dropped	0
1781384645	snap	2600	sdk	media	send_unavailable	0
1781384645	snap	2600	sdk	media	send_deadline	0
1781384645	snap	2600	sdk	media	send_exhausted	0
1781384645	snap	2600	sdk	media	send_canceled	0
1781384645	snap	2600	sdk	media	send_other	0
1781384645	snap	2600	sdk	media	buffer_depth	0
0
1781384645	snap	2600	sdk	media	cp_received	375757
1781384645	snap	2600	sdk	media	lp_received	0
1781384645	snap	2600	sdk	media	cp_sent	290983
1781384645	snap	2600	sdk	media	lp_sent	0
1781384645	snap	2600	sdk	media	cp_dropped	0
1781384645	snap	2600	sdk	media	lp_dropped	0
1781384645	snap	2600	sdk	post-storage	spans_received	375616
1781384645	snap	2600	sdk	post-storage	spans_sent	365559
1781384645	snap	2600	sdk	post-storage	spans_dropped	0
1781384645	snap	2600	sdk	post-storage	spans_flushed	375616
1781384645	snap	2600	sdk	post-storage	batches_sent	2690
1781384645	snap	2600	sdk	post-storage	batches_dropped	0
1781384645	snap	2600	sdk	post-storage	send_unavailable	0
1781384645	snap	2600	sdk	post-storage	send_deadline	0
1781384645	snap	2600	sdk	post-storage	send_exhausted	0
1781384645	snap	2600	sdk	post-storage	send_canceled	0
1781384645	snap	2600	sdk	post-storage	send_other	0
1781384645	snap	2600	sdk	post-storage	buffer_depth	0
0
1781384645	snap	2600	sdk	post-storage	cp_received	375616
1781384645	snap	2600	sdk	post-storage	lp_received	0
1781384645	snap	2600	sdk	post-storage	cp_sent	365559
1781384645	snap	2600	sdk	post-storage	lp_sent	0
1781384645	snap	2600	sdk	post-storage	cp_dropped	0
1781384645	snap	2600	sdk	post-storage	lp_dropped	0
1781384645	snap	2600	sdk	socialgraph	spans_received	489445
1781384645	snap	2600	sdk	socialgraph	spans_sent	468735
1781384645	snap	2600	sdk	socialgraph	spans_dropped	0
1781384645	snap	2600	sdk	socialgraph	spans_flushed	489445
1781384645	snap	2600	sdk	socialgraph	batches_sent	3144
1781384645	snap	2600	sdk	socialgraph	batches_dropped	0
1781384645	snap	2600	sdk	socialgraph	send_unavailable	0
1781384645	snap	2600	sdk	socialgraph	send_deadline	0
1781384645	snap	2600	sdk	socialgraph	send_exhausted	0
1781384645	snap	2600	sdk	socialgraph	send_canceled	0
1781384645	snap	2600	sdk	socialgraph	send_other	0
1781384645	snap	2600	sdk	socialgraph	buffer_depth	0
0
1781384645	snap	2600	sdk	socialgraph	cp_received	451821
1781384645	snap	2600	sdk	socialgraph	lp_received	37624
1781384645	snap	2600	sdk	socialgraph	cp_sent	431111
1781384645	snap	2600	sdk	socialgraph	lp_sent	37624
1781384645	snap	2600	sdk	socialgraph	cp_dropped	0
1781384645	snap	2600	sdk	socialgraph	lp_dropped	0
1781384645	snap	2600	sdk	text	spans_received	1127289
1781384645	snap	2600	sdk	text	spans_sent	352749
1781384645	snap	2600	sdk	text	spans_dropped	0
1781384645	snap	2600	sdk	text	spans_flushed	1127289
1781384645	snap	2600	sdk	text	batches_sent	4602
1781384645	snap	2600	sdk	text	batches_dropped	0
1781384645	snap	2600	sdk	text	send_unavailable	0
1781384645	snap	2600	sdk	text	send_deadline	0
1781384645	snap	2600	sdk	text	send_exhausted	0
1781384645	snap	2600	sdk	text	send_canceled	0
1781384645	snap	2600	sdk	text	send_other	0
1781384645	snap	2600	sdk	text	buffer_depth	0
0
1781384645	snap	2600	sdk	text	cp_received	0
1781384645	snap	2600	sdk	text	lp_received	1127289
1781384645	snap	2600	sdk	text	cp_sent	0
1781384645	snap	2600	sdk	text	lp_sent	352749
1781384645	snap	2600	sdk	text	cp_dropped	0
1781384645	snap	2600	sdk	text	lp_dropped	0
1781384645	snap	2600	sdk	uniqueid	spans_received	375757
1781384645	snap	2600	sdk	uniqueid	spans_sent	223919
1781384645	snap	2600	sdk	uniqueid	spans_dropped	0
1781384645	snap	2600	sdk	uniqueid	spans_flushed	375757
1781384645	snap	2600	sdk	uniqueid	batches_sent	2042
1781384645	snap	2600	sdk	uniqueid	batches_dropped	0
1781384645	snap	2600	sdk	uniqueid	send_unavailable	0
1781384645	snap	2600	sdk	uniqueid	send_deadline	0
1781384645	snap	2600	sdk	uniqueid	send_exhausted	0
1781384645	snap	2600	sdk	uniqueid	send_canceled	0
1781384645	snap	2600	sdk	uniqueid	send_other	0
1781384645	snap	2600	sdk	uniqueid	buffer_depth	0
0
1781384645	snap	2600	sdk	uniqueid	cp_received	375757
1781384645	snap	2600	sdk	uniqueid	lp_received	0
1781384645	snap	2600	sdk	uniqueid	cp_sent	223919
1781384645	snap	2600	sdk	uniqueid	lp_sent	0
1781384645	snap	2600	sdk	uniqueid	cp_dropped	0
1781384645	snap	2600	sdk	uniqueid	lp_dropped	0
1781384645	snap	2600	sdk	urlshorten	spans_received	375757
1781384645	snap	2600	sdk	urlshorten	spans_sent	360328
1781384645	snap	2600	sdk	urlshorten	spans_dropped	0
1781384645	snap	2600	sdk	urlshorten	spans_flushed	375757
1781384645	snap	2600	sdk	urlshorten	batches_sent	2674
1781384645	snap	2600	sdk	urlshorten	batches_dropped	0
1781384645	snap	2600	sdk	urlshorten	send_unavailable	0
1781384645	snap	2600	sdk	urlshorten	send_deadline	0
1781384645	snap	2600	sdk	urlshorten	send_exhausted	0
1781384645	snap	2600	sdk	urlshorten	send_canceled	0
1781384645	snap	2600	sdk	urlshorten	send_other	0
1781384645	snap	2600	sdk	urlshorten	buffer_depth	0
0
1781384645	snap	2600	sdk	urlshorten	cp_received	375757
1781384645	snap	2600	sdk	urlshorten	lp_received	0
1781384645	snap	2600	sdk	urlshorten	cp_sent	360328
1781384645	snap	2600	sdk	urlshorten	lp_sent	0
1781384645	snap	2600	sdk	urlshorten	cp_dropped	0
1781384645	snap	2600	sdk	urlshorten	lp_dropped	0
1781384645	snap	2600	sdk	user	spans_received	377681
1781384645	snap	2600	sdk	user	spans_sent	195867
1781384645	snap	2600	sdk	user	spans_dropped	0
1781384645	snap	2600	sdk	user	spans_flushed	377681
1781384645	snap	2600	sdk	user	batches_sent	1925
1781384645	snap	2600	sdk	user	batches_dropped	0
1781384645	snap	2600	sdk	user	send_unavailable	0
1781384645	snap	2600	sdk	user	send_deadline	0
1781384645	snap	2600	sdk	user	send_exhausted	0
1781384645	snap	2600	sdk	user	send_canceled	0
1781384645	snap	2600	sdk	user	send_other	0
1781384645	snap	2600	sdk	user	buffer_depth	0
0
1781384645	snap	2600	sdk	user	cp_received	376719
1781384645	snap	2600	sdk	user	lp_received	962
1781384645	snap	2600	sdk	user	cp_sent	194905
1781384645	snap	2600	sdk	user	lp_sent	962
1781384645	snap	2600	sdk	user	cp_dropped	0
1781384645	snap	2600	sdk	user	lp_dropped	0
1781384645	snap	2600	sdk	userid	spans_received	75248
1781384645	snap	2600	sdk	userid	spans_sent	75248
1781384645	snap	2600	sdk	userid	spans_dropped	0
1781384645	snap	2600	sdk	userid	spans_flushed	75248
1781384645	snap	2600	sdk	userid	batches_sent	250
1781384645	snap	2600	sdk	userid	batches_dropped	0
1781384645	snap	2600	sdk	userid	send_unavailable	0
1781384645	snap	2600	sdk	userid	send_deadline	0
1781384645	snap	2600	sdk	userid	send_exhausted	0
1781384645	snap	2600	sdk	userid	send_canceled	0
1781384645	snap	2600	sdk	userid	send_other	0
1781384645	snap	2600	sdk	userid	buffer_depth	0
0
1781384645	snap	2600	sdk	userid	cp_received	75248
1781384645	snap	2600	sdk	userid	lp_received	0
1781384645	snap	2600	sdk	userid	cp_sent	75248
1781384645	snap	2600	sdk	userid	lp_sent	0
1781384645	snap	2600	sdk	userid	cp_dropped	0
1781384645	snap	2600	sdk	userid	lp_dropped	0
1781384645	snap	2600	sdk	usermention	spans_received	375757
1781384645	snap	2600	sdk	usermention	spans_sent	223918
1781384645	snap	2600	sdk	usermention	spans_dropped	0
1781384645	snap	2600	sdk	usermention	spans_flushed	375757
1781384645	snap	2600	sdk	usermention	batches_sent	2049
1781384645	snap	2600	sdk	usermention	batches_dropped	0
1781384645	snap	2600	sdk	usermention	send_unavailable	0
1781384645	snap	2600	sdk	usermention	send_deadline	0
1781384645	snap	2600	sdk	usermention	send_exhausted	0
1781384645	snap	2600	sdk	usermention	send_canceled	0
1781384645	snap	2600	sdk	usermention	send_other	0
1781384645	snap	2600	sdk	usermention	buffer_depth	0
0
1781384645	snap	2600	sdk	usermention	cp_received	375757
1781384645	snap	2600	sdk	usermention	lp_received	0
1781384645	snap	2600	sdk	usermention	cp_sent	223918
1781384645	snap	2600	sdk	usermention	lp_sent	0
1781384645	snap	2600	sdk	usermention	cp_dropped	0
1781384645	snap	2600	sdk	usermention	lp_dropped	0
1781384645	snap	2600	sdk	usertimeline	spans_received	375616
1781384645	snap	2600	sdk	usertimeline	spans_sent	367932
1781384645	snap	2600	sdk	usertimeline	spans_dropped	0
1781384645	snap	2600	sdk	usertimeline	spans_flushed	375616
1781384645	snap	2600	sdk	usertimeline	batches_sent	2706
1781384645	snap	2600	sdk	usertimeline	batches_dropped	0
1781384645	snap	2600	sdk	usertimeline	send_unavailable	0
1781384645	snap	2600	sdk	usertimeline	send_deadline	0
1781384645	snap	2600	sdk	usertimeline	send_exhausted	0
1781384645	snap	2600	sdk	usertimeline	send_canceled	0
1781384645	snap	2600	sdk	usertimeline	send_other	0
1781384645	snap	2600	sdk	usertimeline	buffer_depth	0
0
1781384645	snap	2600	sdk	usertimeline	cp_received	375616
1781384645	snap	2600	sdk	usertimeline	lp_received	0
1781384645	snap	2600	sdk	usertimeline	cp_sent	367932
1781384645	snap	2600	sdk	usertimeline	lp_sent	0
1781384645	snap	2600	sdk	usertimeline	cp_dropped	0
1781384645	snap	2600	sdk	usertimeline	lp_dropped	0
1781384712	snap	2600	otelcol	otelcol-sb-esrev1-ctr-9czsx	otelcol_process_memory_rss	321011712
1781384712	snap	2600	otelcol	otelcol-sb-esrev1-ctr-9czsx	otelcol_receiver_accepted_spans	380948
1781384712	snap	2600	otelcol	otelcol-sb-esrev1-ctr-9czsx	otelcol_processor_outgoing_items	380948
1781384712	snap	2600	otelcol	otelcol-sb-esrev1-ctr-9czsx	otelcol_process_runtime_heap_alloc_bytes	133826776
1781384712	snap	2600	otelcol	otelcol-sb-esrev1-ctr-9czsx	otelcol_process_cpu_seconds	41
1781384712	snap	2600	otelcol	otelcol-sb-esrev1-ctr-9czsx	otelcol_exporter_queue_batch_send_size_sum	380948
1781384712	snap	2600	otelcol	otelcol-sb-esrev1-ctr-9czsx	otelcol_receiver_failed_spans	0
1781384712	snap	2600	otelcol	otelcol-sb-esrev1-ctr-9czsx	otelcol_process_uptime	486
1781384712	snap	2600	otelcol	otelcol-sb-esrev1-ctr-9czsx	otelcol_process_runtime_total_sys_memory_bytes	220326200
1781384712	snap	2600	otelcol	otelcol-sb-esrev1-ctr-9czsx	otelcol_exporter_send_failed_spans	0
1781384712	snap	2600	otelcol	otelcol-sb-esrev1-ctr-9czsx	otelcol_exporter_queue_capacity	1001
1781384712	snap	2600	otelcol	otelcol-sb-esrev1-ctr-9czsx	otelcol_processor_batch_metadata_cardinality	1
1781384712	snap	2600	otelcol	otelcol-sb-esrev1-ctr-9czsx	otelcol_process_runtime_total_alloc_bytes	1770339384
1781384712	snap	2600	otelcol	otelcol-sb-esrev1-ctr-9czsx	otelcol_processor_batch_timeout_trigger_send	1395
1781384712	snap	2600	otelcol	otelcol-sb-esrev1-ctr-9czsx	otelcol_processor_batch_batch_send_size_sum	380948
1781384712	snap	2600	otelcol	otelcol-sb-esrev1-ctr-9czsx	otelcol_exporter_sent_spans	102724
1781384712	snap	2600	otelcol	otelcol-sb-esrev1-ctr-9czsx	otelcol_exporter_queue_size	667
1781384712	snap	2600	otelcol	otelcol-sb-esrev1-ctr-9czsx	otelcol_receiver_refused_spans	1856564
1781384712	snap	2600	otelcol	otelcol-sb-esrev1-ctr-9czsx	otelcol_processor_incoming_items	2237512
1781384712	snap	2600	otelcol	otelcol-sb-esrev1-ctr-r7tfk	otelcol_processor_batch_batch_send_size_sum	1197127
1781384712	snap	2600	otelcol	otelcol-sb-esrev1-ctr-r7tfk	otelcol_process_uptime	485
1781384712	snap	2600	otelcol	otelcol-sb-esrev1-ctr-r7tfk	otelcol_processor_outgoing_items	1197127
1781384712	snap	2600	otelcol	otelcol-sb-esrev1-ctr-r7tfk	otelcol_exporter_queue_batch_send_size_sum	1197127
1781384712	snap	2600	otelcol	otelcol-sb-esrev1-ctr-r7tfk	otelcol_receiver_failed_spans	0
1781384712	snap	2600	otelcol	otelcol-sb-esrev1-ctr-r7tfk	otelcol_processor_batch_batch_size_trigger_send	16
1781384712	snap	2600	otelcol	otelcol-sb-esrev1-ctr-r7tfk	otelcol_receiver_refused_spans	10491680
1781384712	snap	2600	otelcol	otelcol-sb-esrev1-ctr-r7tfk	otelcol_receiver_accepted_spans	1197127
1781384712	snap	2600	otelcol	otelcol-sb-esrev1-ctr-r7tfk	otelcol_process_cpu_seconds	124
1781384712	snap	2600	otelcol	otelcol-sb-esrev1-ctr-r7tfk	otelcol_processor_batch_metadata_cardinality	1
1781384712	snap	2600	otelcol	otelcol-sb-esrev1-ctr-r7tfk	otelcol_process_runtime_total_alloc_bytes	8085747528
1781384712	snap	2600	otelcol	otelcol-sb-esrev1-ctr-r7tfk	otelcol_process_runtime_heap_alloc_bytes	141373976
1781384712	snap	2600	otelcol	otelcol-sb-esrev1-ctr-r7tfk	otelcol_process_memory_rss	323751936
1781384712	snap	2600	otelcol	otelcol-sb-esrev1-ctr-r7tfk	otelcol_exporter_queue_capacity	1001
1781384712	snap	2600	otelcol	otelcol-sb-esrev1-ctr-r7tfk	otelcol_processor_batch_timeout_trigger_send	771
1781384712	snap	2600	otelcol	otelcol-sb-esrev1-ctr-r7tfk	otelcol_exporter_send_failed_spans	0
1781384712	snap	2600	otelcol	otelcol-sb-esrev1-ctr-r7tfk	otelcol_exporter_sent_spans	958591
1781384712	snap	2600	otelcol	otelcol-sb-esrev1-ctr-r7tfk	otelcol_exporter_queue_size	74
1781384712	snap	2600	otelcol	otelcol-sb-esrev1-ctr-r7tfk	otelcol_processor_incoming_items	11688807
1781384712	snap	2600	otelcol	otelcol-sb-esrev1-ctr-r7tfk	otelcol_process_runtime_total_sys_memory_bytes	253884744
1781384712	snap	2600	otelcol	otelcol-sb-esrev1-ctr-srbgp	otelcol_processor_batch_batch_send_size_sum	473666
1781384712	snap	2600	otelcol	otelcol-sb-esrev1-ctr-srbgp	otelcol_exporter_sent_spans	210812
1781384712	snap	2600	otelcol	otelcol-sb-esrev1-ctr-srbgp	otelcol_exporter_queue_size	618
1781384712	snap	2600	otelcol	otelcol-sb-esrev1-ctr-srbgp	otelcol_exporter_queue_capacity	1001
1781384712	snap	2600	otelcol	otelcol-sb-esrev1-ctr-srbgp	otelcol_processor_incoming_items	3006391
1781384712	snap	2600	otelcol	otelcol-sb-esrev1-ctr-srbgp	otelcol_receiver_failed_spans	0
1781384712	snap	2600	otelcol	otelcol-sb-esrev1-ctr-srbgp	otelcol_processor_outgoing_items	473666
1781384712	snap	2600	otelcol	otelcol-sb-esrev1-ctr-srbgp	otelcol_process_runtime_heap_alloc_bytes	136937088
1781384712	snap	2600	otelcol	otelcol-sb-esrev1-ctr-srbgp	otelcol_processor_batch_metadata_cardinality	1
1781384712	snap	2600	otelcol	otelcol-sb-esrev1-ctr-srbgp	otelcol_receiver_refused_spans	2532725
1781384712	snap	2600	otelcol	otelcol-sb-esrev1-ctr-srbgp	otelcol_processor_batch_timeout_trigger_send	1497
1781384712	snap	2600	otelcol	otelcol-sb-esrev1-ctr-srbgp	otelcol_process_runtime_total_sys_memory_bytes	215599416
1781384712	snap	2600	otelcol	otelcol-sb-esrev1-ctr-srbgp	otelcol_process_cpu_seconds	48
1781384712	snap	2600	otelcol	otelcol-sb-esrev1-ctr-srbgp	otelcol_exporter_queue_batch_send_size_sum	473666
1781384712	snap	2600	otelcol	otelcol-sb-esrev1-ctr-srbgp	otelcol_process_runtime_total_alloc_bytes	2346735288
1781384712	snap	2600	otelcol	otelcol-sb-esrev1-ctr-srbgp	otelcol_process_memory_rss	318476288
1781384712	snap	2600	otelcol	otelcol-sb-esrev1-ctr-srbgp	otelcol_process_uptime	487
1781384712	snap	2600	otelcol	otelcol-sb-esrev1-ctr-srbgp	otelcol_receiver_accepted_spans	473666
1781384712	snap	2600	otelcol	otelcol-sb-esrev1-ctr-srbgp	otelcol_exporter_send_failed_spans	0
1781384712	snap	2600	otelcol	otelcol-sb-esrev1-ctr-j2cng	otelcol_processor_incoming_items	2607370
1781384712	snap	2600	otelcol	otelcol-sb-esrev1-ctr-j2cng	otelcol_exporter_queue_capacity	1001
1781384712	snap	2600	otelcol	otelcol-sb-esrev1-ctr-j2cng	otelcol_process_memory_rss	321253376
1781384712	snap	2600	otelcol	otelcol-sb-esrev1-ctr-j2cng	otelcol_processor_outgoing_items	385093
1781384712	snap	2600	otelcol	otelcol-sb-esrev1-ctr-j2cng	otelcol_receiver_refused_spans	2222277
1781384712	snap	2600	otelcol	otelcol-sb-esrev1-ctr-j2cng	otelcol_process_cpu_seconds	41
1781384712	snap	2600	otelcol	otelcol-sb-esrev1-ctr-j2cng	otelcol_exporter_queue_batch_send_size_sum	385093
1781384712	snap	2600	otelcol	otelcol-sb-esrev1-ctr-j2cng	otelcol_exporter_sent_spans	113933
1781384712	snap	2600	otelcol	otelcol-sb-esrev1-ctr-j2cng	otelcol_exporter_send_failed_spans	0
1781384712	snap	2600	otelcol	otelcol-sb-esrev1-ctr-j2cng	otelcol_process_runtime_total_alloc_bytes	2013146224
1781384712	snap	2600	otelcol	otelcol-sb-esrev1-ctr-j2cng	otelcol_processor_batch_batch_send_size_sum	385093
1781384712	snap	2600	otelcol	otelcol-sb-esrev1-ctr-j2cng	otelcol_receiver_failed_spans	0
1781384712	snap	2600	otelcol	otelcol-sb-esrev1-ctr-j2cng	otelcol_process_runtime_heap_alloc_bytes	131484360
1781384712	snap	2600	otelcol	otelcol-sb-esrev1-ctr-j2cng	otelcol_processor_batch_metadata_cardinality	1
1781384712	snap	2600	otelcol	otelcol-sb-esrev1-ctr-j2cng	otelcol_process_uptime	486
1781384712	snap	2600	otelcol	otelcol-sb-esrev1-ctr-j2cng	otelcol_process_runtime_total_sys_memory_bytes	215927096
1781384712	snap	2600	otelcol	otelcol-sb-esrev1-ctr-j2cng	otelcol_exporter_queue_size	638
1781384712	snap	2600	otelcol	otelcol-sb-esrev1-ctr-j2cng	otelcol_receiver_accepted_spans	385093
1781384712	snap	2600	otelcol	otelcol-sb-esrev1-ctr-j2cng	otelcol_processor_batch_timeout_trigger_send	1393
1781384712	snap	2600	otelcol	otelcol-sb-esrev1-ctr-z4fxx	otelcol_receiver_failed_spans	0
1781384712	snap	2600	otelcol	otelcol-sb-esrev1-ctr-z4fxx	otelcol_processor_batch_batch_send_size_sum	487739
1781384712	snap	2600	otelcol	otelcol-sb-esrev1-ctr-z4fxx	otelcol_exporter_send_failed_spans	0
1781384712	snap	2600	otelcol	otelcol-sb-esrev1-ctr-z4fxx	otelcol_processor_incoming_items	5438424
1781384712	snap	2600	otelcol	otelcol-sb-esrev1-ctr-z4fxx	otelcol_exporter_queue_size	296
1781384712	snap	2600	otelcol	otelcol-sb-esrev1-ctr-z4fxx	otelcol_receiver_accepted_spans	487739
1781384712	snap	2600	otelcol	otelcol-sb-esrev1-ctr-z4fxx	otelcol_processor_batch_metadata_cardinality	1
1781384712	snap	2600	otelcol	otelcol-sb-esrev1-ctr-z4fxx	otelcol_process_runtime_total_alloc_bytes	4157562848
1781384712	snap	2600	otelcol	otelcol-sb-esrev1-ctr-z4fxx	otelcol_process_memory_rss	321064960
1781384712	snap	2600	otelcol	otelcol-sb-esrev1-ctr-z4fxx	otelcol_processor_batch_timeout_trigger_send	1057
1781384712	snap	2600	otelcol	otelcol-sb-esrev1-ctr-z4fxx	otelcol_receiver_refused_spans	4950685
1781384712	snap	2600	otelcol	otelcol-sb-esrev1-ctr-z4fxx	otelcol_process_runtime_total_sys_memory_bytes	224586040
1781384712	snap	2600	otelcol	otelcol-sb-esrev1-ctr-z4fxx	otelcol_exporter_queue_capacity	1001
1781384712	snap	2600	otelcol	otelcol-sb-esrev1-ctr-z4fxx	otelcol_processor_outgoing_items	487739
1781384712	snap	2600	otelcol	otelcol-sb-esrev1-ctr-z4fxx	otelcol_process_uptime	486
1781384712	snap	2600	otelcol	otelcol-sb-esrev1-ctr-z4fxx	otelcol_process_runtime_heap_alloc_bytes	129695424
1781384712	snap	2600	otelcol	otelcol-sb-esrev1-ctr-z4fxx	otelcol_process_cpu_seconds	77
1781384712	snap	2600	otelcol	otelcol-sb-esrev1-ctr-z4fxx	otelcol_exporter_sent_spans	231192
1781384712	snap	2600	otelcol	otelcol-sb-esrev1-ctr-z4fxx	otelcol_exporter_queue_batch_send_size_sum	487739
1781384712	snap	2600	otelcol	otelcol-sb-esrev1-ctr-bdbcb	otelcol_processor_incoming_items	2030007
1781384712	snap	2600	otelcol	otelcol-sb-esrev1-ctr-bdbcb	otelcol_processor_batch_batch_send_size_sum	398463
1781384712	snap	2600	otelcol	otelcol-sb-esrev1-ctr-bdbcb	otelcol_process_uptime	485
1781384712	snap	2600	otelcol	otelcol-sb-esrev1-ctr-bdbcb	otelcol_receiver_accepted_spans	398463
1781384712	snap	2600	otelcol	otelcol-sb-esrev1-ctr-bdbcb	otelcol_process_memory_rss	321613824
1781384712	snap	2600	otelcol	otelcol-sb-esrev1-ctr-bdbcb	otelcol_process_cpu_seconds	37
1781384712	snap	2600	otelcol	otelcol-sb-esrev1-ctr-bdbcb	otelcol_receiver_refused_spans	1631544
1781384712	snap	2600	otelcol	otelcol-sb-esrev1-ctr-bdbcb	otelcol_exporter_sent_spans	122854
1781384712	snap	2600	otelcol	otelcol-sb-esrev1-ctr-bdbcb	otelcol_exporter_queue_capacity	1001
1781384712	snap	2600	otelcol	otelcol-sb-esrev1-ctr-bdbcb	otelcol_exporter_queue_batch_send_size_sum	398463
1781384712	snap	2600	otelcol	otelcol-sb-esrev1-ctr-bdbcb	otelcol_process_runtime_total_sys_memory_bytes	224381240
1781384712	snap	2600	otelcol	otelcol-sb-esrev1-ctr-bdbcb	otelcol_processor_outgoing_items	398463
1781384712	snap	2600	otelcol	otelcol-sb-esrev1-ctr-bdbcb	otelcol_process_runtime_heap_alloc_bytes	135137504
1781384712	snap	2600	otelcol	otelcol-sb-esrev1-ctr-bdbcb	otelcol_processor_batch_metadata_cardinality	1
1781384712	snap	2600	otelcol	otelcol-sb-esrev1-ctr-bdbcb	otelcol_process_runtime_total_alloc_bytes	1628965032
1781384712	snap	2600	otelcol	otelcol-sb-esrev1-ctr-bdbcb	otelcol_exporter_queue_size	654
1781384712	snap	2600	otelcol	otelcol-sb-esrev1-ctr-bdbcb	otelcol_processor_batch_timeout_trigger_send	1432
1781384712	snap	2600	otelcol	otelcol-sb-esrev1-ctr-bdbcb	otelcol_exporter_send_failed_spans	0
1781384712	snap	2600	otelcol	otelcol-sb-esrev1-ctr-bdbcb	otelcol_receiver_failed_spans	0
1781384712	snap	2600	otelcol	otelcol-sb-esrev1-ctr-zjs5l	otelcol_receiver_refused_spans	11674058
1781384712	snap	2600	otelcol	otelcol-sb-esrev1-ctr-zjs5l	otelcol_processor_batch_timeout_trigger_send	1153
1781384712	snap	2600	otelcol	otelcol-sb-esrev1-ctr-zjs5l	otelcol_exporter_sent_spans	514363
1781384712	snap	2600	otelcol	otelcol-sb-esrev1-ctr-zjs5l	otelcol_receiver_failed_spans	0
1781384712	snap	2600	otelcol	otelcol-sb-esrev1-ctr-zjs5l	otelcol_process_runtime_total_sys_memory_bytes	220457272
1781384712	snap	2600	otelcol	otelcol-sb-esrev1-ctr-zjs5l	otelcol_process_uptime	485
1781384712	snap	2600	otelcol	otelcol-sb-esrev1-ctr-zjs5l	otelcol_exporter_queue_size	243
1781384712	snap	2600	otelcol	otelcol-sb-esrev1-ctr-zjs5l	otelcol_receiver_accepted_spans	764057
1781384712	snap	2600	otelcol	otelcol-sb-esrev1-ctr-zjs5l	otelcol_process_runtime_total_alloc_bytes	7706897464
1781384712	snap	2600	otelcol	otelcol-sb-esrev1-ctr-zjs5l	otelcol_process_runtime_heap_alloc_bytes	123828096
1781384712	snap	2600	otelcol	otelcol-sb-esrev1-ctr-zjs5l	otelcol_processor_batch_batch_send_size_sum	764057
1781384712	snap	2600	otelcol	otelcol-sb-esrev1-ctr-zjs5l	otelcol_process_memory_rss	321331200
1781384712	snap	2600	otelcol	otelcol-sb-esrev1-ctr-zjs5l	otelcol_exporter_queue_capacity	1001
1781384712	snap	2600	otelcol	otelcol-sb-esrev1-ctr-zjs5l	otelcol_exporter_queue_batch_send_size_sum	764057
1781384712	snap	2600	otelcol	otelcol-sb-esrev1-ctr-zjs5l	otelcol_processor_incoming_items	12438115
1781384712	snap	2600	otelcol	otelcol-sb-esrev1-ctr-zjs5l	otelcol_processor_outgoing_items	764057
1781384712	snap	2600	otelcol	otelcol-sb-esrev1-ctr-zjs5l	otelcol_processor_batch_metadata_cardinality	1
1781384712	snap	2600	otelcol	otelcol-sb-esrev1-ctr-zjs5l	otelcol_process_cpu_seconds	106
1781384712	snap	2600	otelcol	otelcol-sb-esrev1-ctr-zjs5l	otelcol_exporter_send_failed_spans	0
1781384712	snap	2600	otelcol	otelcol-sb-esrev1-ctr-mqr25	otelcol_processor_batch_timeout_trigger_send	1060
1781384712	snap	2600	otelcol	otelcol-sb-esrev1-ctr-mqr25	otelcol_exporter_queue_size	195
1781384712	snap	2600	otelcol	otelcol-sb-esrev1-ctr-mqr25	otelcol_processor_incoming_items	9218703
1781384712	snap	2600	otelcol	otelcol-sb-esrev1-ctr-mqr25	otelcol_processor_batch_batch_send_size_sum	620439
1781384712	snap	2600	otelcol	otelcol-sb-esrev1-ctr-mqr25	otelcol_process_runtime_heap_alloc_bytes	131312424
1781384712	snap	2600	otelcol	otelcol-sb-esrev1-ctr-mqr25	otelcol_processor_outgoing_items	620439
1781384712	snap	2600	otelcol	otelcol-sb-esrev1-ctr-mqr25	otelcol_process_runtime_total_alloc_bytes	6170523280
1781384712	snap	2600	otelcol	otelcol-sb-esrev1-ctr-mqr25	otelcol_exporter_send_failed_spans	0
1781384712	snap	2600	otelcol	otelcol-sb-esrev1-ctr-mqr25	otelcol_receiver_failed_spans	0
1781384712	snap	2600	otelcol	otelcol-sb-esrev1-ctr-mqr25	otelcol_process_memory_rss	320524288
1781384712	snap	2600	otelcol	otelcol-sb-esrev1-ctr-mqr25	otelcol_process_cpu_seconds	101
1781384712	snap	2600	otelcol	otelcol-sb-esrev1-ctr-mqr25	otelcol_processor_batch_metadata_cardinality	1
1781384712	snap	2600	otelcol	otelcol-sb-esrev1-ctr-mqr25	otelcol_process_uptime	486
1781384712	snap	2600	otelcol	otelcol-sb-esrev1-ctr-mqr25	otelcol_exporter_sent_spans	351682
1781384712	snap	2600	otelcol	otelcol-sb-esrev1-ctr-mqr25	otelcol_exporter_queue_batch_send_size_sum	620439
1781384712	snap	2600	otelcol	otelcol-sb-esrev1-ctr-mqr25	otelcol_receiver_refused_spans	8598264
1781384712	snap	2600	otelcol	otelcol-sb-esrev1-ctr-mqr25	otelcol_process_runtime_total_sys_memory_bytes	225634616
1781384712	snap	2600	otelcol	otelcol-sb-esrev1-ctr-mqr25	otelcol_receiver_accepted_spans	620439
1781384712	snap	2600	otelcol	otelcol-sb-esrev1-ctr-mqr25	otelcol_exporter_queue_capacity	1001
1781384712	snap	2600	otelcol	otelcol-sb-esrev1-ctr-j7lcx	otelcol_processor_batch_metadata_cardinality	1
1781384712	snap	2600	otelcol	otelcol-sb-esrev1-ctr-j7lcx	otelcol_process_runtime_total_alloc_bytes	40331936
1781384712	snap	2600	otelcol	otelcol-sb-esrev1-ctr-j7lcx	otelcol_process_cpu_seconds	4
1781384712	snap	2600	otelcol	otelcol-sb-esrev1-ctr-j7lcx	otelcol_process_runtime_heap_alloc_bytes	18112880
1781384712	snap	2600	otelcol	otelcol-sb-esrev1-ctr-j7lcx	otelcol_process_memory_rss	180428800
1781384712	snap	2600	otelcol	otelcol-sb-esrev1-ctr-j7lcx	otelcol_process_uptime	484
1781384712	snap	2600	otelcol	otelcol-sb-esrev1-ctr-j7lcx	otelcol_process_runtime_total_sys_memory_bytes	44546312
1781384712	snap	2600	otelcol	otelcol-sb-esrev1-ctr-j7lcx	otelcol_exporter_queue_size	0
1781384712	snap	2600	otelcol	otelcol-sb-esrev1-ctr-j7lcx	otelcol_exporter_queue_capacity	1001
1781384712	snap	2600	k8s	otelcol-sb-esrev1-ctr-9czsx	restart_count	0
1781384712	snap	2600	k8s	otelcol-sb-esrev1-ctr-bdbcb	restart_count	0
1781384712	snap	2600	k8s	otelcol-sb-esrev1-ctr-j2cng	restart_count	0
1781384712	snap	2600	k8s	otelcol-sb-esrev1-ctr-j7lcx	restart_count	0
1781384712	snap	2600	k8s	otelcol-sb-esrev1-ctr-mqr25	restart_count	0
1781384712	snap	2600	k8s	otelcol-sb-esrev1-ctr-r7tfk	restart_count	0
1781384712	snap	2600	k8s	otelcol-sb-esrev1-ctr-srbgp	restart_count	0
1781384712	snap	2600	k8s	otelcol-sb-esrev1-ctr-z4fxx	restart_count	0
1781384712	snap	2600	k8s	otelcol-sb-esrev1-ctr-zjs5l	restart_count	0
1781384712	snap	2600	sdk	wrk2api	spans_received	1002040
1781384712	snap	2600	sdk	wrk2api	spans_sent	415245
1781384712	snap	2600	sdk	wrk2api	spans_dropped	0
1781384712	snap	2600	sdk	wrk2api	spans_flushed	1002040
1781384712	snap	2600	sdk	wrk2api	batches_sent	4090
1781384712	snap	2600	sdk	wrk2api	batches_dropped	0
1781384712	snap	2600	sdk	wrk2api	send_unavailable	0
1781384712	snap	2600	sdk	wrk2api	send_deadline	0
1781384712	snap	2600	sdk	wrk2api	send_exhausted	0
1781384712	snap	2600	sdk	wrk2api	send_canceled	0
1781384712	snap	2600	sdk	wrk2api	send_other	0
1781384712	snap	2600	sdk	wrk2api	buffer_depth	0
0
1781384712	snap	2600	sdk	wrk2api	cp_received	499924
1781384712	snap	2600	sdk	wrk2api	lp_received	502116
1781384712	snap	2600	sdk	wrk2api	cp_sent	237303
1781384712	snap	2600	sdk	wrk2api	lp_sent	177942
1781384712	snap	2600	sdk	wrk2api	cp_dropped	0
1781384712	snap	2600	sdk	wrk2api	lp_dropped	0
1781384712	snap	2600	sdk	composepost	spans_received	3713159
1781384712	snap	2600	sdk	composepost	spans_sent	1017716
1781384712	snap	2600	sdk	composepost	spans_dropped	0
1781384712	snap	2600	sdk	composepost	spans_flushed	3713159
1781384712	snap	2600	sdk	composepost	batches_sent	12803
1781384712	snap	2600	sdk	composepost	batches_dropped	0
1781384712	snap	2600	sdk	composepost	send_unavailable	0
1781384712	snap	2600	sdk	composepost	send_deadline	0
1781384712	snap	2600	sdk	composepost	send_exhausted	0
1781384712	snap	2600	sdk	composepost	send_canceled	0
1781384712	snap	2600	sdk	composepost	send_other	0
1781384712	snap	2600	sdk	composepost	buffer_depth	0
0
1781384712	snap	2600	sdk	composepost	cp_received	3249756
1781384712	snap	2600	sdk	composepost	lp_received	463403
1781384712	snap	2600	sdk	composepost	cp_sent	940739
1781384712	snap	2600	sdk	composepost	lp_sent	76977
1781384712	snap	2600	sdk	composepost	cp_dropped	0
1781384712	snap	2600	sdk	composepost	lp_dropped	0
1781384712	snap	2600	sdk	hometimeline	spans_received	926000
1781384712	snap	2600	sdk	hometimeline	spans_sent	153642
1781384712	snap	2600	sdk	hometimeline	spans_dropped	0
1781384712	snap	2600	sdk	hometimeline	spans_flushed	926000
1781384712	snap	2600	sdk	hometimeline	batches_sent	2660
1781384712	snap	2600	sdk	hometimeline	batches_dropped	0
1781384712	snap	2600	sdk	hometimeline	send_unavailable	0
1781384712	snap	2600	sdk	hometimeline	send_deadline	0
1781384712	snap	2600	sdk	hometimeline	send_exhausted	0
1781384712	snap	2600	sdk	hometimeline	send_canceled	0
1781384712	snap	2600	sdk	hometimeline	send_other	0
1781384712	snap	2600	sdk	hometimeline	buffer_depth	0
0
1781384712	snap	2600	sdk	hometimeline	cp_received	0
1781384712	snap	2600	sdk	hometimeline	lp_received	926000
1781384712	snap	2600	sdk	hometimeline	cp_sent	0
1781384712	snap	2600	sdk	hometimeline	lp_sent	153642
1781384712	snap	2600	sdk	hometimeline	cp_dropped	0
1781384712	snap	2600	sdk	hometimeline	lp_dropped	0
1781384712	snap	2600	sdk	media	spans_received	463339
1781384712	snap	2600	sdk	media	spans_sent	334214
1781384712	snap	2600	sdk	media	spans_dropped	0
1781384712	snap	2600	sdk	media	spans_flushed	463339
1781384712	snap	2600	sdk	media	batches_sent	2615
1781384712	snap	2600	sdk	media	batches_dropped	0
1781384712	snap	2600	sdk	media	send_unavailable	0
1781384712	snap	2600	sdk	media	send_deadline	0
1781384712	snap	2600	sdk	media	send_exhausted	0
1781384712	snap	2600	sdk	media	send_canceled	0
1781384712	snap	2600	sdk	media	send_other	0
1781384712	snap	2600	sdk	media	buffer_depth	0
0
1781384712	snap	2600	sdk	media	cp_received	463339
1781384712	snap	2600	sdk	media	lp_received	0
1781384712	snap	2600	sdk	media	cp_sent	334214
1781384712	snap	2600	sdk	media	lp_sent	0
1781384712	snap	2600	sdk	media	cp_dropped	0
1781384712	snap	2600	sdk	media	lp_dropped	0
1781384712	snap	2600	sdk	post-storage	spans_received	462917
1781384712	snap	2600	sdk	post-storage	spans_sent	398059
1781384712	snap	2600	sdk	post-storage	spans_dropped	0
1781384712	snap	2600	sdk	post-storage	spans_flushed	462917
1781384712	snap	2600	sdk	post-storage	batches_sent	2889
1781384712	snap	2600	sdk	post-storage	batches_dropped	0
1781384712	snap	2600	sdk	post-storage	send_unavailable	0
1781384712	snap	2600	sdk	post-storage	send_deadline	0
1781384712	snap	2600	sdk	post-storage	send_exhausted	0
1781384712	snap	2600	sdk	post-storage	send_canceled	0
1781384712	snap	2600	sdk	post-storage	send_other	0
1781384712	snap	2600	sdk	post-storage	buffer_depth	0
0
1781384712	snap	2600	sdk	post-storage	cp_received	462917
1781384712	snap	2600	sdk	post-storage	lp_received	0
1781384712	snap	2600	sdk	post-storage	cp_sent	398059
1781384712	snap	2600	sdk	post-storage	lp_sent	0
1781384712	snap	2600	sdk	post-storage	cp_dropped	0
1781384712	snap	2600	sdk	post-storage	lp_dropped	0
1781384712	snap	2600	sdk	socialgraph	spans_received	576585
1781384712	snap	2600	sdk	socialgraph	spans_sent	473484
1781384712	snap	2600	sdk	socialgraph	spans_dropped	0
1781384712	snap	2600	sdk	socialgraph	spans_flushed	576585
1781384712	snap	2600	sdk	socialgraph	batches_sent	3180
1781384712	snap	2600	sdk	socialgraph	batches_dropped	0
1781384712	snap	2600	sdk	socialgraph	send_unavailable	0
1781384712	snap	2600	sdk	socialgraph	send_deadline	0
1781384712	snap	2600	sdk	socialgraph	send_exhausted	0
1781384712	snap	2600	sdk	socialgraph	send_canceled	0
1781384712	snap	2600	sdk	socialgraph	send_other	0
1781384712	snap	2600	sdk	socialgraph	buffer_depth	0
0
1781384712	snap	2600	sdk	socialgraph	cp_received	538961
1781384712	snap	2600	sdk	socialgraph	lp_received	37624
1781384712	snap	2600	sdk	socialgraph	cp_sent	435860
1781384712	snap	2600	sdk	socialgraph	lp_sent	37624
1781384712	snap	2600	sdk	socialgraph	cp_dropped	0
1781384712	snap	2600	sdk	socialgraph	lp_dropped	0
1781384712	snap	2600	sdk	text	spans_received	1390210
1781384712	snap	2600	sdk	text	spans_sent	352749
1781384712	snap	2600	sdk	text	spans_dropped	0
1781384712	snap	2600	sdk	text	spans_flushed	1390210
1781384712	snap	2600	sdk	text	batches_sent	4602
1781384712	snap	2600	sdk	text	batches_dropped	0
1781384712	snap	2600	sdk	text	send_unavailable	0
1781384712	snap	2600	sdk	text	send_deadline	0
1781384712	snap	2600	sdk	text	send_exhausted	0
1781384712	snap	2600	sdk	text	send_canceled	0
1781384712	snap	2600	sdk	text	send_other	0
1781384712	snap	2600	sdk	text	buffer_depth	0
0
1781384712	snap	2600	sdk	text	cp_received	0
1781384712	snap	2600	sdk	text	lp_received	1390210
1781384712	snap	2600	sdk	text	cp_sent	0
1781384712	snap	2600	sdk	text	lp_sent	352749
1781384712	snap	2600	sdk	text	cp_dropped	0
1781384712	snap	2600	sdk	text	lp_dropped	0
1781384712	snap	2600	sdk	uniqueid	spans_received	463339
1781384712	snap	2600	sdk	uniqueid	spans_sent	243284
1781384712	snap	2600	sdk	uniqueid	spans_dropped	0
1781384712	snap	2600	sdk	uniqueid	spans_flushed	463339
1781384712	snap	2600	sdk	uniqueid	batches_sent	2174
1781384712	snap	2600	sdk	uniqueid	batches_dropped	0
1781384712	snap	2600	sdk	uniqueid	send_unavailable	0
1781384712	snap	2600	sdk	uniqueid	send_deadline	0
1781384712	snap	2600	sdk	uniqueid	send_exhausted	0
1781384712	snap	2600	sdk	uniqueid	send_canceled	0
1781384712	snap	2600	sdk	uniqueid	send_other	0
1781384712	snap	2600	sdk	uniqueid	buffer_depth	0
0
1781384712	snap	2600	sdk	uniqueid	cp_received	463339
1781384712	snap	2600	sdk	uniqueid	lp_received	0
1781384712	snap	2600	sdk	uniqueid	cp_sent	243284
1781384712	snap	2600	sdk	uniqueid	lp_sent	0
1781384712	snap	2600	sdk	uniqueid	cp_dropped	0
1781384712	snap	2600	sdk	uniqueid	lp_dropped	0
1781384712	snap	2600	sdk	urlshorten	spans_received	463258
1781384712	snap	2600	sdk	urlshorten	spans_sent	380637
1781384712	snap	2600	sdk	urlshorten	spans_dropped	0
1781384712	snap	2600	sdk	urlshorten	spans_flushed	463258
1781384712	snap	2600	sdk	urlshorten	batches_sent	2798
1781384712	snap	2600	sdk	urlshorten	batches_dropped	0
1781384712	snap	2600	sdk	urlshorten	send_unavailable	0
1781384712	snap	2600	sdk	urlshorten	send_deadline	0
1781384712	snap	2600	sdk	urlshorten	send_exhausted	0
1781384712	snap	2600	sdk	urlshorten	send_canceled	0
1781384712	snap	2600	sdk	urlshorten	send_other	0
1781384712	snap	2600	sdk	urlshorten	buffer_depth	0
0
1781384712	snap	2600	sdk	urlshorten	cp_received	463258
1781384712	snap	2600	sdk	urlshorten	lp_received	0
1781384712	snap	2600	sdk	urlshorten	cp_sent	380637
1781384712	snap	2600	sdk	urlshorten	lp_sent	0
1781384712	snap	2600	sdk	urlshorten	cp_dropped	0
1781384712	snap	2600	sdk	urlshorten	lp_dropped	0
1781384712	snap	2600	sdk	user	spans_received	465263
1781384712	snap	2600	sdk	user	spans_sent	203395
1781384712	snap	2600	sdk	user	spans_dropped	0
1781384712	snap	2600	sdk	user	spans_flushed	465263
1781384712	snap	2600	sdk	user	batches_sent	1973
1781384712	snap	2600	sdk	user	batches_dropped	0
1781384712	snap	2600	sdk	user	send_unavailable	0
1781384712	snap	2600	sdk	user	send_deadline	0
1781384712	snap	2600	sdk	user	send_exhausted	0
1781384712	snap	2600	sdk	user	send_canceled	0
1781384712	snap	2600	sdk	user	send_other	0
1781384712	snap	2600	sdk	user	buffer_depth	0
0
1781384712	snap	2600	sdk	user	cp_received	464301
1781384712	snap	2600	sdk	user	lp_received	962
1781384712	snap	2600	sdk	user	cp_sent	202433
1781384712	snap	2600	sdk	user	lp_sent	962
1781384712	snap	2600	sdk	user	cp_dropped	0
1781384712	snap	2600	sdk	user	lp_dropped	0
1781384712	snap	2600	sdk	userid	spans_received	75248
1781384712	snap	2600	sdk	userid	spans_sent	75248
1781384712	snap	2600	sdk	userid	spans_dropped	0
1781384712	snap	2600	sdk	userid	spans_flushed	75248
1781384712	snap	2600	sdk	userid	batches_sent	250
1781384712	snap	2600	sdk	userid	batches_dropped	0
1781384712	snap	2600	sdk	userid	send_unavailable	0
1781384712	snap	2600	sdk	userid	send_deadline	0
1781384712	snap	2600	sdk	userid	send_exhausted	0
1781384712	snap	2600	sdk	userid	send_canceled	0
1781384712	snap	2600	sdk	userid	send_other	0
1781384712	snap	2600	sdk	userid	buffer_depth	0
0
1781384712	snap	2600	sdk	userid	cp_received	75248
1781384712	snap	2600	sdk	userid	lp_received	0
1781384712	snap	2600	sdk	userid	cp_sent	75248
1781384712	snap	2600	sdk	userid	lp_sent	0
1781384712	snap	2600	sdk	userid	cp_dropped	0
1781384712	snap	2600	sdk	userid	lp_dropped	0
1781384712	snap	2600	sdk	usermention	spans_received	463259
1781384712	snap	2600	sdk	usermention	spans_sent	242922
1781384712	snap	2600	sdk	usermention	spans_dropped	0
1781384712	snap	2600	sdk	usermention	spans_flushed	463259
1781384712	snap	2600	sdk	usermention	batches_sent	2180
1781384712	snap	2600	sdk	usermention	batches_dropped	0
1781384712	snap	2600	sdk	usermention	send_unavailable	0
1781384712	snap	2600	sdk	usermention	send_deadline	0
1781384712	snap	2600	sdk	usermention	send_exhausted	0
1781384712	snap	2600	sdk	usermention	send_canceled	0
1781384712	snap	2600	sdk	usermention	send_other	0
1781384712	snap	2600	sdk	usermention	buffer_depth	0
0
1781384712	snap	2600	sdk	usermention	cp_received	463259
1781384712	snap	2600	sdk	usermention	lp_received	0
1781384712	snap	2600	sdk	usermention	cp_sent	242922
1781384712	snap	2600	sdk	usermention	lp_sent	0
1781384712	snap	2600	sdk	usermention	cp_dropped	0
1781384712	snap	2600	sdk	usermention	lp_dropped	0
1781384712	snap	2600	sdk	usertimeline	spans_received	462874
1781384712	snap	2600	sdk	usertimeline	spans_sent	385093
1781384712	snap	2600	sdk	usertimeline	spans_dropped	0
1781384712	snap	2600	sdk	usertimeline	spans_flushed	462874
1781384712	snap	2600	sdk	usertimeline	batches_sent	2816
1781384712	snap	2600	sdk	usertimeline	batches_dropped	0
1781384712	snap	2600	sdk	usertimeline	send_unavailable	0
1781384712	snap	2600	sdk	usertimeline	send_deadline	0
1781384712	snap	2600	sdk	usertimeline	send_exhausted	0
1781384712	snap	2600	sdk	usertimeline	send_canceled	0
1781384712	snap	2600	sdk	usertimeline	send_other	0
1781384712	snap	2600	sdk	usertimeline	buffer_depth	0
0
1781384712	snap	2600	sdk	usertimeline	cp_received	462874
1781384712	snap	2600	sdk	usertimeline	lp_received	0
1781384712	snap	2600	sdk	usertimeline	cp_sent	385093
1781384712	snap	2600	sdk	usertimeline	lp_sent	0
1781384712	snap	2600	sdk	usertimeline	cp_dropped	0
1781384712	snap	2600	sdk	usertimeline	lp_dropped	0
1781384719	snap	2800	otelcol	otelcol-sb-esrev1-ctr-9czsx	otelcol_process_memory_rss	323489792
1781384719	snap	2800	otelcol	otelcol-sb-esrev1-ctr-9czsx	otelcol_receiver_accepted_spans	380948
1781384719	snap	2800	otelcol	otelcol-sb-esrev1-ctr-9czsx	otelcol_processor_outgoing_items	380948
1781384719	snap	2800	otelcol	otelcol-sb-esrev1-ctr-9czsx	otelcol_process_runtime_heap_alloc_bytes	137542328
1781384719	snap	2800	otelcol	otelcol-sb-esrev1-ctr-9czsx	otelcol_process_cpu_seconds	41
1781384719	snap	2800	otelcol	otelcol-sb-esrev1-ctr-9czsx	otelcol_exporter_queue_batch_send_size_sum	380948
1781384719	snap	2800	otelcol	otelcol-sb-esrev1-ctr-9czsx	otelcol_receiver_failed_spans	0
1781384719	snap	2800	otelcol	otelcol-sb-esrev1-ctr-9czsx	otelcol_process_uptime	493
1781384719	snap	2800	otelcol	otelcol-sb-esrev1-ctr-9czsx	otelcol_process_runtime_total_sys_memory_bytes	220326200
1781384719	snap	2800	otelcol	otelcol-sb-esrev1-ctr-9czsx	otelcol_exporter_send_failed_spans	0
1781384719	snap	2800	otelcol	otelcol-sb-esrev1-ctr-9czsx	otelcol_exporter_queue_capacity	1001
1781384719	snap	2800	otelcol	otelcol-sb-esrev1-ctr-9czsx	otelcol_processor_batch_metadata_cardinality	1
1781384719	snap	2800	otelcol	otelcol-sb-esrev1-ctr-9czsx	otelcol_process_runtime_total_alloc_bytes	1774054936
1781384719	snap	2800	otelcol	otelcol-sb-esrev1-ctr-9czsx	otelcol_processor_batch_timeout_trigger_send	1395
1781384719	snap	2800	otelcol	otelcol-sb-esrev1-ctr-9czsx	otelcol_processor_batch_batch_send_size_sum	380948
1781384719	snap	2800	otelcol	otelcol-sb-esrev1-ctr-9czsx	otelcol_exporter_sent_spans	103124
1781384719	snap	2800	otelcol	otelcol-sb-esrev1-ctr-9czsx	otelcol_exporter_queue_size	666
1781384719	snap	2800	otelcol	otelcol-sb-esrev1-ctr-9czsx	otelcol_receiver_refused_spans	1856564
1781384719	snap	2800	otelcol	otelcol-sb-esrev1-ctr-9czsx	otelcol_processor_incoming_items	2237512
1781384719	snap	2800	otelcol	otelcol-sb-esrev1-ctr-r7tfk	otelcol_processor_batch_batch_send_size_sum	1197127
1781384719	snap	2800	otelcol	otelcol-sb-esrev1-ctr-r7tfk	otelcol_process_uptime	492
1781384719	snap	2800	otelcol	otelcol-sb-esrev1-ctr-r7tfk	otelcol_processor_outgoing_items	1197127
1781384719	snap	2800	otelcol	otelcol-sb-esrev1-ctr-r7tfk	otelcol_exporter_queue_batch_send_size_sum	1197127
1781384719	snap	2800	otelcol	otelcol-sb-esrev1-ctr-r7tfk	otelcol_receiver_failed_spans	0
1781384719	snap	2800	otelcol	otelcol-sb-esrev1-ctr-r7tfk	otelcol_processor_batch_batch_size_trigger_send	16
1781384719	snap	2800	otelcol	otelcol-sb-esrev1-ctr-r7tfk	otelcol_receiver_refused_spans	10491680
1781384719	snap	2800	otelcol	otelcol-sb-esrev1-ctr-r7tfk	otelcol_receiver_accepted_spans	1197127
1781384719	snap	2800	otelcol	otelcol-sb-esrev1-ctr-r7tfk	otelcol_process_cpu_seconds	124
1781384719	snap	2800	otelcol	otelcol-sb-esrev1-ctr-r7tfk	otelcol_processor_batch_metadata_cardinality	1
1781384719	snap	2800	otelcol	otelcol-sb-esrev1-ctr-r7tfk	otelcol_process_runtime_total_alloc_bytes	8100566544
1781384719	snap	2800	otelcol	otelcol-sb-esrev1-ctr-r7tfk	otelcol_process_runtime_heap_alloc_bytes	133085264
1781384719	snap	2800	otelcol	otelcol-sb-esrev1-ctr-r7tfk	otelcol_process_memory_rss	327012352
1781384719	snap	2800	otelcol	otelcol-sb-esrev1-ctr-r7tfk	otelcol_exporter_queue_capacity	1001
1781384719	snap	2800	otelcol	otelcol-sb-esrev1-ctr-r7tfk	otelcol_processor_batch_timeout_trigger_send	771
1781384719	snap	2800	otelcol	otelcol-sb-esrev1-ctr-r7tfk	otelcol_exporter_send_failed_spans	0
1781384719	snap	2800	otelcol	otelcol-sb-esrev1-ctr-r7tfk	otelcol_exporter_sent_spans	962687
1781384719	snap	2800	otelcol	otelcol-sb-esrev1-ctr-r7tfk	otelcol_exporter_queue_size	72
1781384719	snap	2800	otelcol	otelcol-sb-esrev1-ctr-r7tfk	otelcol_processor_incoming_items	11688807
1781384719	snap	2800	otelcol	otelcol-sb-esrev1-ctr-r7tfk	otelcol_process_runtime_total_sys_memory_bytes	253884744
1781384719	snap	2800	otelcol	otelcol-sb-esrev1-ctr-srbgp	otelcol_processor_batch_batch_send_size_sum	473666
1781384719	snap	2800	otelcol	otelcol-sb-esrev1-ctr-srbgp	otelcol_exporter_sent_spans	211224
1781384719	snap	2800	otelcol	otelcol-sb-esrev1-ctr-srbgp	otelcol_exporter_queue_size	617
1781384719	snap	2800	otelcol	otelcol-sb-esrev1-ctr-srbgp	otelcol_exporter_queue_capacity	1001
1781384719	snap	2800	otelcol	otelcol-sb-esrev1-ctr-srbgp	otelcol_processor_incoming_items	3006391
1781384719	snap	2800	otelcol	otelcol-sb-esrev1-ctr-srbgp	otelcol_receiver_failed_spans	0
1781384719	snap	2800	otelcol	otelcol-sb-esrev1-ctr-srbgp	otelcol_processor_outgoing_items	473666
1781384719	snap	2800	otelcol	otelcol-sb-esrev1-ctr-srbgp	otelcol_process_runtime_heap_alloc_bytes	139203472
1781384719	snap	2800	otelcol	otelcol-sb-esrev1-ctr-srbgp	otelcol_processor_batch_metadata_cardinality	1
1781384719	snap	2800	otelcol	otelcol-sb-esrev1-ctr-srbgp	otelcol_receiver_refused_spans	2532725
1781384719	snap	2800	otelcol	otelcol-sb-esrev1-ctr-srbgp	otelcol_processor_batch_timeout_trigger_send	1497
1781384719	snap	2800	otelcol	otelcol-sb-esrev1-ctr-srbgp	otelcol_process_runtime_total_sys_memory_bytes	215599416
1781384719	snap	2800	otelcol	otelcol-sb-esrev1-ctr-srbgp	otelcol_process_cpu_seconds	48
1781384719	snap	2800	otelcol	otelcol-sb-esrev1-ctr-srbgp	otelcol_exporter_queue_batch_send_size_sum	473666
1781384719	snap	2800	otelcol	otelcol-sb-esrev1-ctr-srbgp	otelcol_process_runtime_total_alloc_bytes	2349001672
1781384719	snap	2800	otelcol	otelcol-sb-esrev1-ctr-srbgp	otelcol_process_memory_rss	319332352
1781384719	snap	2800	otelcol	otelcol-sb-esrev1-ctr-srbgp	otelcol_process_uptime	494
1781384719	snap	2800	otelcol	otelcol-sb-esrev1-ctr-srbgp	otelcol_receiver_accepted_spans	473666
1781384719	snap	2800	otelcol	otelcol-sb-esrev1-ctr-srbgp	otelcol_exporter_send_failed_spans	0
1781384719	snap	2800	otelcol	otelcol-sb-esrev1-ctr-j2cng	otelcol_processor_incoming_items	2607370
1781384719	snap	2800	otelcol	otelcol-sb-esrev1-ctr-j2cng	otelcol_exporter_queue_capacity	1001
1781384719	snap	2800	otelcol	otelcol-sb-esrev1-ctr-j2cng	otelcol_process_memory_rss	321974272
1781384719	snap	2800	otelcol	otelcol-sb-esrev1-ctr-j2cng	otelcol_processor_outgoing_items	385093
1781384719	snap	2800	otelcol	otelcol-sb-esrev1-ctr-j2cng	otelcol_receiver_refused_spans	2222277
1781384719	snap	2800	otelcol	otelcol-sb-esrev1-ctr-j2cng	otelcol_process_cpu_seconds	41
1781384719	snap	2800	otelcol	otelcol-sb-esrev1-ctr-j2cng	otelcol_exporter_queue_batch_send_size_sum	385093
1781384719	snap	2800	otelcol	otelcol-sb-esrev1-ctr-j2cng	otelcol_exporter_sent_spans	116702
1781384719	snap	2800	otelcol	otelcol-sb-esrev1-ctr-j2cng	otelcol_exporter_send_failed_spans	0
1781384719	snap	2800	otelcol	otelcol-sb-esrev1-ctr-j2cng	otelcol_process_runtime_total_alloc_bytes	2015360712
1781384719	snap	2800	otelcol	otelcol-sb-esrev1-ctr-j2cng	otelcol_processor_batch_batch_send_size_sum	385093
1781384719	snap	2800	otelcol	otelcol-sb-esrev1-ctr-j2cng	otelcol_receiver_failed_spans	0
1781384719	snap	2800	otelcol	otelcol-sb-esrev1-ctr-j2cng	otelcol_process_runtime_heap_alloc_bytes	133698848
1781384719	snap	2800	otelcol	otelcol-sb-esrev1-ctr-j2cng	otelcol_processor_batch_metadata_cardinality	1
1781384719	snap	2800	otelcol	otelcol-sb-esrev1-ctr-j2cng	otelcol_process_uptime	493
1781384719	snap	2800	otelcol	otelcol-sb-esrev1-ctr-j2cng	otelcol_process_runtime_total_sys_memory_bytes	215927096
1781384719	snap	2800	otelcol	otelcol-sb-esrev1-ctr-j2cng	otelcol_exporter_queue_size	631
1781384719	snap	2800	otelcol	otelcol-sb-esrev1-ctr-j2cng	otelcol_receiver_accepted_spans	385093
1781384719	snap	2800	otelcol	otelcol-sb-esrev1-ctr-j2cng	otelcol_processor_batch_timeout_trigger_send	1393
1781384719	snap	2800	otelcol	otelcol-sb-esrev1-ctr-z4fxx	otelcol_receiver_failed_spans	0
1781384719	snap	2800	otelcol	otelcol-sb-esrev1-ctr-z4fxx	otelcol_processor_batch_batch_send_size_sum	487739
1781384719	snap	2800	otelcol	otelcol-sb-esrev1-ctr-z4fxx	otelcol_exporter_send_failed_spans	0
1781384719	snap	2800	otelcol	otelcol-sb-esrev1-ctr-z4fxx	otelcol_processor_incoming_items	5438424
1781384719	snap	2800	otelcol	otelcol-sb-esrev1-ctr-z4fxx	otelcol_exporter_queue_size	291
1781384719	snap	2800	otelcol	otelcol-sb-esrev1-ctr-z4fxx	otelcol_receiver_accepted_spans	487739
1781384719	snap	2800	otelcol	otelcol-sb-esrev1-ctr-z4fxx	otelcol_processor_batch_metadata_cardinality	1
1781384719	snap	2800	otelcol	otelcol-sb-esrev1-ctr-z4fxx	otelcol_process_runtime_total_alloc_bytes	4159997560
1781384719	snap	2800	otelcol	otelcol-sb-esrev1-ctr-z4fxx	otelcol_process_memory_rss	322011136
1781384719	snap	2800	otelcol	otelcol-sb-esrev1-ctr-z4fxx	otelcol_processor_batch_timeout_trigger_send	1057
1781384719	snap	2800	otelcol	otelcol-sb-esrev1-ctr-z4fxx	otelcol_receiver_refused_spans	4950685
1781384719	snap	2800	otelcol	otelcol-sb-esrev1-ctr-z4fxx	otelcol_process_runtime_total_sys_memory_bytes	224586040
1781384719	snap	2800	otelcol	otelcol-sb-esrev1-ctr-z4fxx	otelcol_exporter_queue_capacity	1001
1781384719	snap	2800	otelcol	otelcol-sb-esrev1-ctr-z4fxx	otelcol_processor_outgoing_items	487739
1781384719	snap	2800	otelcol	otelcol-sb-esrev1-ctr-z4fxx	otelcol_process_uptime	493
1781384719	snap	2800	otelcol	otelcol-sb-esrev1-ctr-z4fxx	otelcol_process_runtime_heap_alloc_bytes	132130136
1781384719	snap	2800	otelcol	otelcol-sb-esrev1-ctr-z4fxx	otelcol_process_cpu_seconds	77
1781384719	snap	2800	otelcol	otelcol-sb-esrev1-ctr-z4fxx	otelcol_exporter_sent_spans	235147
1781384719	snap	2800	otelcol	otelcol-sb-esrev1-ctr-z4fxx	otelcol_exporter_queue_batch_send_size_sum	487739
1781384719	snap	2800	otelcol	otelcol-sb-esrev1-ctr-bdbcb	otelcol_processor_incoming_items	2030007
1781384719	snap	2800	otelcol	otelcol-sb-esrev1-ctr-bdbcb	otelcol_processor_batch_batch_send_size_sum	398463
1781384719	snap	2800	otelcol	otelcol-sb-esrev1-ctr-bdbcb	otelcol_process_uptime	492
1781384719	snap	2800	otelcol	otelcol-sb-esrev1-ctr-bdbcb	otelcol_receiver_accepted_spans	398463
1781384719	snap	2800	otelcol	otelcol-sb-esrev1-ctr-bdbcb	otelcol_process_memory_rss	324866048
1781384719	snap	2800	otelcol	otelcol-sb-esrev1-ctr-bdbcb	otelcol_process_cpu_seconds	37
1781384719	snap	2800	otelcol	otelcol-sb-esrev1-ctr-bdbcb	otelcol_receiver_refused_spans	1631544
1781384719	snap	2800	otelcol	otelcol-sb-esrev1-ctr-bdbcb	otelcol_exporter_sent_spans	123653
1781384719	snap	2800	otelcol	otelcol-sb-esrev1-ctr-bdbcb	otelcol_exporter_queue_capacity	1001
1781384719	snap	2800	otelcol	otelcol-sb-esrev1-ctr-bdbcb	otelcol_exporter_queue_batch_send_size_sum	398463
1781384719	snap	2800	otelcol	otelcol-sb-esrev1-ctr-bdbcb	otelcol_process_runtime_total_sys_memory_bytes	224381240
1781384719	snap	2800	otelcol	otelcol-sb-esrev1-ctr-bdbcb	otelcol_processor_outgoing_items	398463
1781384719	snap	2800	otelcol	otelcol-sb-esrev1-ctr-bdbcb	otelcol_process_runtime_heap_alloc_bytes	140296984
1781384719	snap	2800	otelcol	otelcol-sb-esrev1-ctr-bdbcb	otelcol_processor_batch_metadata_cardinality	1
1781384719	snap	2800	otelcol	otelcol-sb-esrev1-ctr-bdbcb	otelcol_process_runtime_total_alloc_bytes	1634124512
1781384719	snap	2800	otelcol	otelcol-sb-esrev1-ctr-bdbcb	otelcol_exporter_queue_size	652
1781384719	snap	2800	otelcol	otelcol-sb-esrev1-ctr-bdbcb	otelcol_processor_batch_timeout_trigger_send	1432
1781384719	snap	2800	otelcol	otelcol-sb-esrev1-ctr-bdbcb	otelcol_exporter_send_failed_spans	0
1781384719	snap	2800	otelcol	otelcol-sb-esrev1-ctr-bdbcb	otelcol_receiver_failed_spans	0
1781384719	snap	2800	otelcol	otelcol-sb-esrev1-ctr-zjs5l	otelcol_receiver_refused_spans	11674058
1781384719	snap	2800	otelcol	otelcol-sb-esrev1-ctr-zjs5l	otelcol_processor_batch_timeout_trigger_send	1153
1781384719	snap	2800	otelcol	otelcol-sb-esrev1-ctr-zjs5l	otelcol_exporter_sent_spans	519163
1781384719	snap	2800	otelcol	otelcol-sb-esrev1-ctr-zjs5l	otelcol_receiver_failed_spans	0
1781384719	snap	2800	otelcol	otelcol-sb-esrev1-ctr-zjs5l	otelcol_process_runtime_total_sys_memory_bytes	220457272
1781384719	snap	2800	otelcol	otelcol-sb-esrev1-ctr-zjs5l	otelcol_process_uptime	492
1781384719	snap	2800	otelcol	otelcol-sb-esrev1-ctr-zjs5l	otelcol_exporter_queue_size	240
1781384719	snap	2800	otelcol	otelcol-sb-esrev1-ctr-zjs5l	otelcol_receiver_accepted_spans	764057
1781384719	snap	2800	otelcol	otelcol-sb-esrev1-ctr-zjs5l	otelcol_process_runtime_total_alloc_bytes	7710902912
1781384719	snap	2800	otelcol	otelcol-sb-esrev1-ctr-zjs5l	otelcol_process_runtime_heap_alloc_bytes	127833544
1781384719	snap	2800	otelcol	otelcol-sb-esrev1-ctr-zjs5l	otelcol_processor_batch_batch_send_size_sum	764057
1781384719	snap	2800	otelcol	otelcol-sb-esrev1-ctr-zjs5l	otelcol_process_memory_rss	322678784
1781384719	snap	2800	otelcol	otelcol-sb-esrev1-ctr-zjs5l	otelcol_exporter_queue_capacity	1001
1781384719	snap	2800	otelcol	otelcol-sb-esrev1-ctr-zjs5l	otelcol_exporter_queue_batch_send_size_sum	764057
1781384719	snap	2800	otelcol	otelcol-sb-esrev1-ctr-zjs5l	otelcol_processor_incoming_items	12438115
1781384719	snap	2800	otelcol	otelcol-sb-esrev1-ctr-zjs5l	otelcol_processor_outgoing_items	764057
1781384719	snap	2800	otelcol	otelcol-sb-esrev1-ctr-zjs5l	otelcol_processor_batch_metadata_cardinality	1
1781384719	snap	2800	otelcol	otelcol-sb-esrev1-ctr-zjs5l	otelcol_process_cpu_seconds	107
1781384719	snap	2800	otelcol	otelcol-sb-esrev1-ctr-zjs5l	otelcol_exporter_send_failed_spans	0
1781384719	snap	2800	otelcol	otelcol-sb-esrev1-ctr-mqr25	otelcol_processor_batch_timeout_trigger_send	1060
1781384719	snap	2800	otelcol	otelcol-sb-esrev1-ctr-mqr25	otelcol_exporter_queue_size	194
1781384719	snap	2800	otelcol	otelcol-sb-esrev1-ctr-mqr25	otelcol_processor_incoming_items	9218703
1781384719	snap	2800	otelcol	otelcol-sb-esrev1-ctr-mqr25	otelcol_processor_batch_batch_send_size_sum	620439
1781384719	snap	2800	otelcol	otelcol-sb-esrev1-ctr-mqr25	otelcol_process_runtime_heap_alloc_bytes	133878528
1781384719	snap	2800	otelcol	otelcol-sb-esrev1-ctr-mqr25	otelcol_processor_outgoing_items	620439
1781384719	snap	2800	otelcol	otelcol-sb-esrev1-ctr-mqr25	otelcol_process_runtime_total_alloc_bytes	6173089384
1781384719	snap	2800	otelcol	otelcol-sb-esrev1-ctr-mqr25	otelcol_exporter_send_failed_spans	0
1781384719	snap	2800	otelcol	otelcol-sb-esrev1-ctr-mqr25	otelcol_receiver_failed_spans	0
1781384719	snap	2800	otelcol	otelcol-sb-esrev1-ctr-mqr25	otelcol_process_memory_rss	321830912
1781384719	snap	2800	otelcol	otelcol-sb-esrev1-ctr-mqr25	otelcol_process_cpu_seconds	101
1781384719	snap	2800	otelcol	otelcol-sb-esrev1-ctr-mqr25	otelcol_processor_batch_metadata_cardinality	1
1781384719	snap	2800	otelcol	otelcol-sb-esrev1-ctr-mqr25	otelcol_process_uptime	493
1781384719	snap	2800	otelcol	otelcol-sb-esrev1-ctr-mqr25	otelcol_exporter_sent_spans	352880
1781384719	snap	2800	otelcol	otelcol-sb-esrev1-ctr-mqr25	otelcol_exporter_queue_batch_send_size_sum	620439
1781384719	snap	2800	otelcol	otelcol-sb-esrev1-ctr-mqr25	otelcol_receiver_refused_spans	8598264
1781384719	snap	2800	otelcol	otelcol-sb-esrev1-ctr-mqr25	otelcol_process_runtime_total_sys_memory_bytes	225634616
1781384719	snap	2800	otelcol	otelcol-sb-esrev1-ctr-mqr25	otelcol_receiver_accepted_spans	620439
1781384719	snap	2800	otelcol	otelcol-sb-esrev1-ctr-mqr25	otelcol_exporter_queue_capacity	1001
1781384719	snap	2800	otelcol	otelcol-sb-esrev1-ctr-j7lcx	otelcol_processor_batch_metadata_cardinality	1
1781384719	snap	2800	otelcol	otelcol-sb-esrev1-ctr-j7lcx	otelcol_process_runtime_total_alloc_bytes	40536032
1781384719	snap	2800	otelcol	otelcol-sb-esrev1-ctr-j7lcx	otelcol_process_cpu_seconds	4
1781384719	snap	2800	otelcol	otelcol-sb-esrev1-ctr-j7lcx	otelcol_process_runtime_heap_alloc_bytes	18316976
1781384719	snap	2800	otelcol	otelcol-sb-esrev1-ctr-j7lcx	otelcol_process_memory_rss	180428800
1781384719	snap	2800	otelcol	otelcol-sb-esrev1-ctr-j7lcx	otelcol_process_uptime	491
1781384719	snap	2800	otelcol	otelcol-sb-esrev1-ctr-j7lcx	otelcol_process_runtime_total_sys_memory_bytes	44546312
1781384719	snap	2800	otelcol	otelcol-sb-esrev1-ctr-j7lcx	otelcol_exporter_queue_size	0
1781384719	snap	2800	otelcol	otelcol-sb-esrev1-ctr-j7lcx	otelcol_exporter_queue_capacity	1001
1781384719	snap	2800	k8s	otelcol-sb-esrev1-ctr-9czsx	restart_count	0
1781384719	snap	2800	k8s	otelcol-sb-esrev1-ctr-bdbcb	restart_count	0
1781384719	snap	2800	k8s	otelcol-sb-esrev1-ctr-j2cng	restart_count	0
1781384719	snap	2800	k8s	otelcol-sb-esrev1-ctr-j7lcx	restart_count	0
1781384719	snap	2800	k8s	otelcol-sb-esrev1-ctr-mqr25	restart_count	0
1781384719	snap	2800	k8s	otelcol-sb-esrev1-ctr-r7tfk	restart_count	0
1781384719	snap	2800	k8s	otelcol-sb-esrev1-ctr-srbgp	restart_count	0
1781384719	snap	2800	k8s	otelcol-sb-esrev1-ctr-z4fxx	restart_count	0
1781384719	snap	2800	k8s	otelcol-sb-esrev1-ctr-zjs5l	restart_count	0
1781384719	snap	2800	sdk	wrk2api	spans_received	1002040
1781384719	snap	2800	sdk	wrk2api	spans_sent	415245
1781384719	snap	2800	sdk	wrk2api	spans_dropped	0
1781384719	snap	2800	sdk	wrk2api	spans_flushed	1002040
1781384719	snap	2800	sdk	wrk2api	batches_sent	4090
1781384719	snap	2800	sdk	wrk2api	batches_dropped	0
1781384719	snap	2800	sdk	wrk2api	send_unavailable	0
1781384719	snap	2800	sdk	wrk2api	send_deadline	0
1781384719	snap	2800	sdk	wrk2api	send_exhausted	0
1781384719	snap	2800	sdk	wrk2api	send_canceled	0
1781384719	snap	2800	sdk	wrk2api	send_other	0
1781384719	snap	2800	sdk	wrk2api	buffer_depth	0
0
1781384719	snap	2800	sdk	wrk2api	cp_received	499924
1781384719	snap	2800	sdk	wrk2api	lp_received	502116
1781384719	snap	2800	sdk	wrk2api	cp_sent	237303
1781384719	snap	2800	sdk	wrk2api	lp_sent	177942
1781384719	snap	2800	sdk	wrk2api	cp_dropped	0
1781384719	snap	2800	sdk	wrk2api	lp_dropped	0
1781384719	snap	2800	sdk	composepost	spans_received	3713159
1781384719	snap	2800	sdk	composepost	spans_sent	1017716
1781384719	snap	2800	sdk	composepost	spans_dropped	0
1781384719	snap	2800	sdk	composepost	spans_flushed	3713159
1781384719	snap	2800	sdk	composepost	batches_sent	12803
1781384719	snap	2800	sdk	composepost	batches_dropped	0
1781384719	snap	2800	sdk	composepost	send_unavailable	0
1781384719	snap	2800	sdk	composepost	send_deadline	0
1781384719	snap	2800	sdk	composepost	send_exhausted	0
1781384719	snap	2800	sdk	composepost	send_canceled	0
1781384719	snap	2800	sdk	composepost	send_other	0
1781384719	snap	2800	sdk	composepost	buffer_depth	0
0
1781384719	snap	2800	sdk	composepost	cp_received	3249756
1781384719	snap	2800	sdk	composepost	lp_received	463403
1781384719	snap	2800	sdk	composepost	cp_sent	940739
1781384719	snap	2800	sdk	composepost	lp_sent	76977
1781384719	snap	2800	sdk	composepost	cp_dropped	0
1781384719	snap	2800	sdk	composepost	lp_dropped	0
1781384719	snap	2800	sdk	hometimeline	spans_received	926000
1781384719	snap	2800	sdk	hometimeline	spans_sent	153642
1781384719	snap	2800	sdk	hometimeline	spans_dropped	0
1781384719	snap	2800	sdk	hometimeline	spans_flushed	926000
1781384719	snap	2800	sdk	hometimeline	batches_sent	2660
1781384719	snap	2800	sdk	hometimeline	batches_dropped	0
1781384719	snap	2800	sdk	hometimeline	send_unavailable	0
1781384719	snap	2800	sdk	hometimeline	send_deadline	0
1781384719	snap	2800	sdk	hometimeline	send_exhausted	0
1781384719	snap	2800	sdk	hometimeline	send_canceled	0
1781384719	snap	2800	sdk	hometimeline	send_other	0
1781384719	snap	2800	sdk	hometimeline	buffer_depth	0
0
1781384719	snap	2800	sdk	hometimeline	cp_received	0
1781384719	snap	2800	sdk	hometimeline	lp_received	926000
1781384719	snap	2800	sdk	hometimeline	cp_sent	0
1781384719	snap	2800	sdk	hometimeline	lp_sent	153642
1781384719	snap	2800	sdk	hometimeline	cp_dropped	0
1781384719	snap	2800	sdk	hometimeline	lp_dropped	0
1781384719	snap	2800	sdk	media	spans_received	463339
1781384719	snap	2800	sdk	media	spans_sent	334214
1781384719	snap	2800	sdk	media	spans_dropped	0
1781384719	snap	2800	sdk	media	spans_flushed	463339
1781384719	snap	2800	sdk	media	batches_sent	2615
1781384719	snap	2800	sdk	media	batches_dropped	0
1781384719	snap	2800	sdk	media	send_unavailable	0
1781384719	snap	2800	sdk	media	send_deadline	0
1781384719	snap	2800	sdk	media	send_exhausted	0
1781384719	snap	2800	sdk	media	send_canceled	0
1781384719	snap	2800	sdk	media	send_other	0
1781384719	snap	2800	sdk	media	buffer_depth	0
0
1781384719	snap	2800	sdk	media	cp_received	463339
1781384719	snap	2800	sdk	media	lp_received	0
1781384719	snap	2800	sdk	media	cp_sent	334214
1781384719	snap	2800	sdk	media	lp_sent	0
1781384719	snap	2800	sdk	media	cp_dropped	0
1781384719	snap	2800	sdk	media	lp_dropped	0
1781384719	snap	2800	sdk	post-storage	spans_received	462917
1781384719	snap	2800	sdk	post-storage	spans_sent	398059
1781384719	snap	2800	sdk	post-storage	spans_dropped	0
1781384719	snap	2800	sdk	post-storage	spans_flushed	462917
1781384719	snap	2800	sdk	post-storage	batches_sent	2889
1781384719	snap	2800	sdk	post-storage	batches_dropped	0
1781384719	snap	2800	sdk	post-storage	send_unavailable	0
1781384719	snap	2800	sdk	post-storage	send_deadline	0
1781384719	snap	2800	sdk	post-storage	send_exhausted	0
1781384719	snap	2800	sdk	post-storage	send_canceled	0
1781384719	snap	2800	sdk	post-storage	send_other	0
1781384719	snap	2800	sdk	post-storage	buffer_depth	0
0
1781384719	snap	2800	sdk	post-storage	cp_received	462917
1781384719	snap	2800	sdk	post-storage	lp_received	0
1781384719	snap	2800	sdk	post-storage	cp_sent	398059
1781384719	snap	2800	sdk	post-storage	lp_sent	0
1781384719	snap	2800	sdk	post-storage	cp_dropped	0
1781384719	snap	2800	sdk	post-storage	lp_dropped	0
1781384719	snap	2800	sdk	socialgraph	spans_received	576585
1781384719	snap	2800	sdk	socialgraph	spans_sent	473484
1781384719	snap	2800	sdk	socialgraph	spans_dropped	0
1781384719	snap	2800	sdk	socialgraph	spans_flushed	576585
1781384719	snap	2800	sdk	socialgraph	batches_sent	3180
1781384719	snap	2800	sdk	socialgraph	batches_dropped	0
1781384719	snap	2800	sdk	socialgraph	send_unavailable	0
1781384719	snap	2800	sdk	socialgraph	send_deadline	0
1781384719	snap	2800	sdk	socialgraph	send_exhausted	0
1781384719	snap	2800	sdk	socialgraph	send_canceled	0
1781384719	snap	2800	sdk	socialgraph	send_other	0
1781384719	snap	2800	sdk	socialgraph	buffer_depth	0
0
1781384719	snap	2800	sdk	socialgraph	cp_received	538961
1781384719	snap	2800	sdk	socialgraph	lp_received	37624
1781384719	snap	2800	sdk	socialgraph	cp_sent	435860
1781384719	snap	2800	sdk	socialgraph	lp_sent	37624
1781384719	snap	2800	sdk	socialgraph	cp_dropped	0
1781384719	snap	2800	sdk	socialgraph	lp_dropped	0
1781384719	snap	2800	sdk	text	spans_received	1390210
1781384719	snap	2800	sdk	text	spans_sent	352749
1781384719	snap	2800	sdk	text	spans_dropped	0
1781384719	snap	2800	sdk	text	spans_flushed	1390210
1781384719	snap	2800	sdk	text	batches_sent	4602
1781384719	snap	2800	sdk	text	batches_dropped	0
1781384719	snap	2800	sdk	text	send_unavailable	0
1781384719	snap	2800	sdk	text	send_deadline	0
1781384719	snap	2800	sdk	text	send_exhausted	0
1781384719	snap	2800	sdk	text	send_canceled	0
1781384719	snap	2800	sdk	text	send_other	0
1781384719	snap	2800	sdk	text	buffer_depth	0
0
1781384719	snap	2800	sdk	text	cp_received	0
1781384719	snap	2800	sdk	text	lp_received	1390210
1781384719	snap	2800	sdk	text	cp_sent	0
1781384719	snap	2800	sdk	text	lp_sent	352749
1781384719	snap	2800	sdk	text	cp_dropped	0
1781384719	snap	2800	sdk	text	lp_dropped	0
1781384719	snap	2800	sdk	uniqueid	spans_received	463339
1781384719	snap	2800	sdk	uniqueid	spans_sent	243284
1781384719	snap	2800	sdk	uniqueid	spans_dropped	0
1781384719	snap	2800	sdk	uniqueid	spans_flushed	463339
1781384719	snap	2800	sdk	uniqueid	batches_sent	2174
1781384719	snap	2800	sdk	uniqueid	batches_dropped	0
1781384719	snap	2800	sdk	uniqueid	send_unavailable	0
1781384719	snap	2800	sdk	uniqueid	send_deadline	0
1781384719	snap	2800	sdk	uniqueid	send_exhausted	0
1781384719	snap	2800	sdk	uniqueid	send_canceled	0
1781384719	snap	2800	sdk	uniqueid	send_other	0
1781384719	snap	2800	sdk	uniqueid	buffer_depth	0
0
1781384719	snap	2800	sdk	uniqueid	cp_received	463339
1781384719	snap	2800	sdk	uniqueid	lp_received	0
1781384719	snap	2800	sdk	uniqueid	cp_sent	243284
1781384719	snap	2800	sdk	uniqueid	lp_sent	0
1781384719	snap	2800	sdk	uniqueid	cp_dropped	0
1781384719	snap	2800	sdk	uniqueid	lp_dropped	0
1781384719	snap	2800	sdk	urlshorten	spans_received	463258
1781384719	snap	2800	sdk	urlshorten	spans_sent	380637
1781384719	snap	2800	sdk	urlshorten	spans_dropped	0
1781384719	snap	2800	sdk	urlshorten	spans_flushed	463258
1781384719	snap	2800	sdk	urlshorten	batches_sent	2798
1781384719	snap	2800	sdk	urlshorten	batches_dropped	0
1781384719	snap	2800	sdk	urlshorten	send_unavailable	0
1781384719	snap	2800	sdk	urlshorten	send_deadline	0
1781384719	snap	2800	sdk	urlshorten	send_exhausted	0
1781384719	snap	2800	sdk	urlshorten	send_canceled	0
1781384719	snap	2800	sdk	urlshorten	send_other	0
1781384719	snap	2800	sdk	urlshorten	buffer_depth	0
0
1781384719	snap	2800	sdk	urlshorten	cp_received	463258
1781384719	snap	2800	sdk	urlshorten	lp_received	0
1781384719	snap	2800	sdk	urlshorten	cp_sent	380637
1781384719	snap	2800	sdk	urlshorten	lp_sent	0
1781384719	snap	2800	sdk	urlshorten	cp_dropped	0
1781384719	snap	2800	sdk	urlshorten	lp_dropped	0
1781384719	snap	2800	sdk	user	spans_received	465263
1781384719	snap	2800	sdk	user	spans_sent	203395
1781384719	snap	2800	sdk	user	spans_dropped	0
1781384719	snap	2800	sdk	user	spans_flushed	465263
1781384719	snap	2800	sdk	user	batches_sent	1973
1781384719	snap	2800	sdk	user	batches_dropped	0
1781384719	snap	2800	sdk	user	send_unavailable	0
1781384719	snap	2800	sdk	user	send_deadline	0
1781384719	snap	2800	sdk	user	send_exhausted	0
1781384719	snap	2800	sdk	user	send_canceled	0
1781384719	snap	2800	sdk	user	send_other	0
1781384719	snap	2800	sdk	user	buffer_depth	0
0
1781384719	snap	2800	sdk	user	cp_received	464301
1781384719	snap	2800	sdk	user	lp_received	962
1781384719	snap	2800	sdk	user	cp_sent	202433
1781384719	snap	2800	sdk	user	lp_sent	962
1781384719	snap	2800	sdk	user	cp_dropped	0
1781384719	snap	2800	sdk	user	lp_dropped	0
1781384719	snap	2800	sdk	userid	spans_received	75248
1781384719	snap	2800	sdk	userid	spans_sent	75248
1781384719	snap	2800	sdk	userid	spans_dropped	0
1781384719	snap	2800	sdk	userid	spans_flushed	75248
1781384719	snap	2800	sdk	userid	batches_sent	250
1781384719	snap	2800	sdk	userid	batches_dropped	0
1781384719	snap	2800	sdk	userid	send_unavailable	0
1781384719	snap	2800	sdk	userid	send_deadline	0
1781384719	snap	2800	sdk	userid	send_exhausted	0
1781384719	snap	2800	sdk	userid	send_canceled	0
1781384719	snap	2800	sdk	userid	send_other	0
1781384719	snap	2800	sdk	userid	buffer_depth	0
0
1781384719	snap	2800	sdk	userid	cp_received	75248
1781384719	snap	2800	sdk	userid	lp_received	0
1781384719	snap	2800	sdk	userid	cp_sent	75248
1781384719	snap	2800	sdk	userid	lp_sent	0
1781384719	snap	2800	sdk	userid	cp_dropped	0
1781384719	snap	2800	sdk	userid	lp_dropped	0
1781384719	snap	2800	sdk	usermention	spans_received	463259
1781384719	snap	2800	sdk	usermention	spans_sent	242922
1781384719	snap	2800	sdk	usermention	spans_dropped	0
1781384719	snap	2800	sdk	usermention	spans_flushed	463259
1781384719	snap	2800	sdk	usermention	batches_sent	2180
1781384719	snap	2800	sdk	usermention	batches_dropped	0
1781384719	snap	2800	sdk	usermention	send_unavailable	0
1781384719	snap	2800	sdk	usermention	send_deadline	0
1781384719	snap	2800	sdk	usermention	send_exhausted	0
1781384719	snap	2800	sdk	usermention	send_canceled	0
1781384719	snap	2800	sdk	usermention	send_other	0
1781384719	snap	2800	sdk	usermention	buffer_depth	0
0
1781384719	snap	2800	sdk	usermention	cp_received	463259
1781384719	snap	2800	sdk	usermention	lp_received	0
1781384719	snap	2800	sdk	usermention	cp_sent	242922
1781384719	snap	2800	sdk	usermention	lp_sent	0
1781384719	snap	2800	sdk	usermention	cp_dropped	0
1781384719	snap	2800	sdk	usermention	lp_dropped	0
1781384719	snap	2800	sdk	usertimeline	spans_received	462874
1781384719	snap	2800	sdk	usertimeline	spans_sent	385093
1781384719	snap	2800	sdk	usertimeline	spans_dropped	0
1781384719	snap	2800	sdk	usertimeline	spans_flushed	462874
1781384719	snap	2800	sdk	usertimeline	batches_sent	2816
1781384719	snap	2800	sdk	usertimeline	batches_dropped	0
1781384719	snap	2800	sdk	usertimeline	send_unavailable	0
1781384719	snap	2800	sdk	usertimeline	send_deadline	0
1781384719	snap	2800	sdk	usertimeline	send_exhausted	0
1781384719	snap	2800	sdk	usertimeline	send_canceled	0
1781384719	snap	2800	sdk	usertimeline	send_other	0
1781384719	snap	2800	sdk	usertimeline	buffer_depth	0
0
1781384719	snap	2800	sdk	usertimeline	cp_received	462874
1781384719	snap	2800	sdk	usertimeline	lp_received	0
1781384719	snap	2800	sdk	usertimeline	cp_sent	385093
1781384719	snap	2800	sdk	usertimeline	lp_sent	0
1781384719	snap	2800	sdk	usertimeline	cp_dropped	0
1781384719	snap	2800	sdk	usertimeline	lp_dropped	0
1781384786	snap	2800	otelcol	otelcol-sb-esrev1-ctr-9czsx	otelcol_process_memory_rss	318197760
1781384786	snap	2800	otelcol	otelcol-sb-esrev1-ctr-9czsx	otelcol_receiver_accepted_spans	394131
1781384786	snap	2800	otelcol	otelcol-sb-esrev1-ctr-9czsx	otelcol_processor_outgoing_items	394131
1781384786	snap	2800	otelcol	otelcol-sb-esrev1-ctr-9czsx	otelcol_process_runtime_heap_alloc_bytes	138267088
1781384786	snap	2800	otelcol	otelcol-sb-esrev1-ctr-9czsx	otelcol_process_cpu_seconds	61
1781384786	snap	2800	otelcol	otelcol-sb-esrev1-ctr-9czsx	otelcol_exporter_queue_batch_send_size_sum	394131
1781384786	snap	2800	otelcol	otelcol-sb-esrev1-ctr-9czsx	otelcol_receiver_failed_spans	0
1781384786	snap	2800	otelcol	otelcol-sb-esrev1-ctr-9czsx	otelcol_process_uptime	560
1781384786	snap	2800	otelcol	otelcol-sb-esrev1-ctr-9czsx	otelcol_process_runtime_total_sys_memory_bytes	220326200
1781384786	snap	2800	otelcol	otelcol-sb-esrev1-ctr-9czsx	otelcol_exporter_send_failed_spans	0
1781384786	snap	2800	otelcol	otelcol-sb-esrev1-ctr-9czsx	otelcol_exporter_queue_capacity	1001
1781384786	snap	2800	otelcol	otelcol-sb-esrev1-ctr-9czsx	otelcol_processor_batch_metadata_cardinality	1
1781384786	snap	2800	otelcol	otelcol-sb-esrev1-ctr-9czsx	otelcol_process_runtime_total_alloc_bytes	2691539816
1781384786	snap	2800	otelcol	otelcol-sb-esrev1-ctr-9czsx	otelcol_processor_batch_timeout_trigger_send	1452
1781384786	snap	2800	otelcol	otelcol-sb-esrev1-ctr-9czsx	otelcol_processor_batch_batch_send_size_sum	394131
1781384786	snap	2800	otelcol	otelcol-sb-esrev1-ctr-9czsx	otelcol_exporter_sent_spans	115170
1781384786	snap	2800	otelcol	otelcol-sb-esrev1-ctr-9czsx	otelcol_exporter_queue_size	692
1781384786	snap	2800	otelcol	otelcol-sb-esrev1-ctr-9czsx	otelcol_receiver_refused_spans	2887150
1781384786	snap	2800	otelcol	otelcol-sb-esrev1-ctr-9czsx	otelcol_processor_incoming_items	3281281
1781384786	snap	2800	otelcol	otelcol-sb-esrev1-ctr-r7tfk	otelcol_processor_batch_batch_send_size_sum	1297812
1781384786	snap	2800	otelcol	otelcol-sb-esrev1-ctr-r7tfk	otelcol_process_uptime	559
1781384786	snap	2800	otelcol	otelcol-sb-esrev1-ctr-r7tfk	otelcol_processor_outgoing_items	1297812
1781384786	snap	2800	otelcol	otelcol-sb-esrev1-ctr-r7tfk	otelcol_exporter_queue_batch_send_size_sum	1297812
1781384786	snap	2800	otelcol	otelcol-sb-esrev1-ctr-r7tfk	otelcol_receiver_failed_spans	0
1781384786	snap	2800	otelcol	otelcol-sb-esrev1-ctr-r7tfk	otelcol_processor_batch_batch_size_trigger_send	16
1781384786	snap	2800	otelcol	otelcol-sb-esrev1-ctr-r7tfk	otelcol_receiver_refused_spans	12171750
1781384786	snap	2800	otelcol	otelcol-sb-esrev1-ctr-r7tfk	otelcol_receiver_accepted_spans	1297812
1781384786	snap	2800	otelcol	otelcol-sb-esrev1-ctr-r7tfk	otelcol_process_cpu_seconds	149
1781384786	snap	2800	otelcol	otelcol-sb-esrev1-ctr-r7tfk	otelcol_processor_batch_metadata_cardinality	1
1781384786	snap	2800	otelcol	otelcol-sb-esrev1-ctr-r7tfk	otelcol_process_runtime_total_alloc_bytes	9623015056
1781384786	snap	2800	otelcol	otelcol-sb-esrev1-ctr-r7tfk	otelcol_process_runtime_heap_alloc_bytes	120482800
1781384786	snap	2800	otelcol	otelcol-sb-esrev1-ctr-r7tfk	otelcol_process_memory_rss	322584576
1781384786	snap	2800	otelcol	otelcol-sb-esrev1-ctr-r7tfk	otelcol_exporter_queue_capacity	1001
1781384786	snap	2800	otelcol	otelcol-sb-esrev1-ctr-r7tfk	otelcol_processor_batch_timeout_trigger_send	837
1781384786	snap	2800	otelcol	otelcol-sb-esrev1-ctr-r7tfk	otelcol_exporter_send_failed_spans	0
1781384786	snap	2800	otelcol	otelcol-sb-esrev1-ctr-r7tfk	otelcol_exporter_sent_spans	1097596
1781384786	snap	2800	otelcol	otelcol-sb-esrev1-ctr-r7tfk	otelcol_exporter_queue_size	105
1781384786	snap	2800	otelcol	otelcol-sb-esrev1-ctr-r7tfk	otelcol_processor_incoming_items	13469562
1781384786	snap	2800	otelcol	otelcol-sb-esrev1-ctr-r7tfk	otelcol_process_runtime_total_sys_memory_bytes	253884744
1781384786	snap	2800	otelcol	otelcol-sb-esrev1-ctr-srbgp	otelcol_processor_batch_batch_send_size_sum	494240
1781384786	snap	2800	otelcol	otelcol-sb-esrev1-ctr-srbgp	otelcol_exporter_sent_spans	222229
1781384786	snap	2800	otelcol	otelcol-sb-esrev1-ctr-srbgp	otelcol_exporter_queue_size	681
1781384786	snap	2800	otelcol	otelcol-sb-esrev1-ctr-srbgp	otelcol_exporter_queue_capacity	1001
1781384786	snap	2800	otelcol	otelcol-sb-esrev1-ctr-srbgp	otelcol_processor_incoming_items	3699487
1781384786	snap	2800	otelcol	otelcol-sb-esrev1-ctr-srbgp	otelcol_receiver_failed_spans	0
1781384786	snap	2800	otelcol	otelcol-sb-esrev1-ctr-srbgp	otelcol_processor_outgoing_items	494240
1781384786	snap	2800	otelcol	otelcol-sb-esrev1-ctr-srbgp	otelcol_process_runtime_heap_alloc_bytes	129437608
1781384786	snap	2800	otelcol	otelcol-sb-esrev1-ctr-srbgp	otelcol_processor_batch_metadata_cardinality	1
1781384786	snap	2800	otelcol	otelcol-sb-esrev1-ctr-srbgp	otelcol_receiver_refused_spans	3205247
1781384786	snap	2800	otelcol	otelcol-sb-esrev1-ctr-srbgp	otelcol_processor_batch_timeout_trigger_send	1589
1781384786	snap	2800	otelcol	otelcol-sb-esrev1-ctr-srbgp	otelcol_process_runtime_total_sys_memory_bytes	215607608
1781384786	snap	2800	otelcol	otelcol-sb-esrev1-ctr-srbgp	otelcol_process_cpu_seconds	59
1781384786	snap	2800	otelcol	otelcol-sb-esrev1-ctr-srbgp	otelcol_exporter_queue_batch_send_size_sum	494240
1781384786	snap	2800	otelcol	otelcol-sb-esrev1-ctr-srbgp	otelcol_process_runtime_total_alloc_bytes	2902442136
1781384786	snap	2800	otelcol	otelcol-sb-esrev1-ctr-srbgp	otelcol_process_memory_rss	318214144
1781384786	snap	2800	otelcol	otelcol-sb-esrev1-ctr-srbgp	otelcol_process_uptime	562
1781384786	snap	2800	otelcol	otelcol-sb-esrev1-ctr-srbgp	otelcol_receiver_accepted_spans	494240
1781384786	snap	2800	otelcol	otelcol-sb-esrev1-ctr-srbgp	otelcol_exporter_send_failed_spans	0
1781384786	snap	2800	otelcol	otelcol-sb-esrev1-ctr-j2cng	otelcol_processor_incoming_items	3144682
1781384786	snap	2800	otelcol	otelcol-sb-esrev1-ctr-j2cng	otelcol_exporter_queue_capacity	1001
1781384786	snap	2800	otelcol	otelcol-sb-esrev1-ctr-j2cng	otelcol_process_memory_rss	321085440
1781384786	snap	2800	otelcol	otelcol-sb-esrev1-ctr-j2cng	otelcol_processor_outgoing_items	410628
1781384786	snap	2800	otelcol	otelcol-sb-esrev1-ctr-j2cng	otelcol_receiver_refused_spans	2734054
1781384786	snap	2800	otelcol	otelcol-sb-esrev1-ctr-j2cng	otelcol_process_cpu_seconds	50
1781384786	snap	2800	otelcol	otelcol-sb-esrev1-ctr-j2cng	otelcol_exporter_queue_batch_send_size_sum	410628
1781384786	snap	2800	otelcol	otelcol-sb-esrev1-ctr-j2cng	otelcol_exporter_sent_spans	128310
1781384786	snap	2800	otelcol	otelcol-sb-esrev1-ctr-j2cng	otelcol_exporter_send_failed_spans	0
1781384786	snap	2800	otelcol	otelcol-sb-esrev1-ctr-j2cng	otelcol_process_runtime_total_alloc_bytes	2481532648
1781384786	snap	2800	otelcol	otelcol-sb-esrev1-ctr-j2cng	otelcol_processor_batch_batch_send_size_sum	410628
1781384786	snap	2800	otelcol	otelcol-sb-esrev1-ctr-j2cng	otelcol_receiver_failed_spans	0
1781384786	snap	2800	otelcol	otelcol-sb-esrev1-ctr-j2cng	otelcol_process_runtime_heap_alloc_bytes	134866608
1781384786	snap	2800	otelcol	otelcol-sb-esrev1-ctr-j2cng	otelcol_processor_batch_metadata_cardinality	1
1781384786	snap	2800	otelcol	otelcol-sb-esrev1-ctr-j2cng	otelcol_process_uptime	560
1781384786	snap	2800	otelcol	otelcol-sb-esrev1-ctr-j2cng	otelcol_process_runtime_total_sys_memory_bytes	216189240
1781384786	snap	2800	otelcol	otelcol-sb-esrev1-ctr-j2cng	otelcol_exporter_queue_size	707
1781384786	snap	2800	otelcol	otelcol-sb-esrev1-ctr-j2cng	otelcol_receiver_accepted_spans	410628
1781384786	snap	2800	otelcol	otelcol-sb-esrev1-ctr-j2cng	otelcol_processor_batch_timeout_trigger_send	1498
1781384786	snap	2800	otelcol	otelcol-sb-esrev1-ctr-z4fxx	otelcol_receiver_failed_spans	0
1781384786	snap	2800	otelcol	otelcol-sb-esrev1-ctr-z4fxx	otelcol_processor_batch_batch_send_size_sum	532385
1781384786	snap	2800	otelcol	otelcol-sb-esrev1-ctr-z4fxx	otelcol_exporter_send_failed_spans	0
1781384786	snap	2800	otelcol	otelcol-sb-esrev1-ctr-z4fxx	otelcol_processor_incoming_items	6296704
1781384786	snap	2800	otelcol	otelcol-sb-esrev1-ctr-z4fxx	otelcol_exporter_queue_size	377
1781384786	snap	2800	otelcol	otelcol-sb-esrev1-ctr-z4fxx	otelcol_receiver_accepted_spans	532385
1781384786	snap	2800	otelcol	otelcol-sb-esrev1-ctr-z4fxx	otelcol_processor_batch_metadata_cardinality	1
1781384786	snap	2800	otelcol	otelcol-sb-esrev1-ctr-z4fxx	otelcol_process_runtime_total_alloc_bytes	4822594712
1781384786	snap	2800	otelcol	otelcol-sb-esrev1-ctr-z4fxx	otelcol_process_memory_rss	322568192
1781384786	snap	2800	otelcol	otelcol-sb-esrev1-ctr-z4fxx	otelcol_processor_batch_timeout_trigger_send	1174
1781384786	snap	2800	otelcol	otelcol-sb-esrev1-ctr-z4fxx	otelcol_receiver_refused_spans	5764319
1781384786	snap	2800	otelcol	otelcol-sb-esrev1-ctr-z4fxx	otelcol_process_runtime_total_sys_memory_bytes	224586040
1781384786	snap	2800	otelcol	otelcol-sb-esrev1-ctr-z4fxx	otelcol_exporter_queue_capacity	1001
1781384786	snap	2800	otelcol	otelcol-sb-esrev1-ctr-z4fxx	otelcol_processor_outgoing_items	532385
1781384786	snap	2800	otelcol	otelcol-sb-esrev1-ctr-z4fxx	otelcol_process_uptime	560
1781384786	snap	2800	otelcol	otelcol-sb-esrev1-ctr-z4fxx	otelcol_process_runtime_heap_alloc_bytes	134547704
1781384786	snap	2800	otelcol	otelcol-sb-esrev1-ctr-z4fxx	otelcol_process_cpu_seconds	90
1781384786	snap	2800	otelcol	otelcol-sb-esrev1-ctr-z4fxx	otelcol_exporter_sent_spans	260275
1781384786	snap	2800	otelcol	otelcol-sb-esrev1-ctr-z4fxx	otelcol_exporter_queue_batch_send_size_sum	532385
1781384786	snap	2800	otelcol	otelcol-sb-esrev1-ctr-bdbcb	otelcol_processor_incoming_items	2494867
1781384786	snap	2800	otelcol	otelcol-sb-esrev1-ctr-bdbcb	otelcol_processor_batch_batch_send_size_sum	422828
1781384786	snap	2800	otelcol	otelcol-sb-esrev1-ctr-bdbcb	otelcol_process_uptime	560
1781384786	snap	2800	otelcol	otelcol-sb-esrev1-ctr-bdbcb	otelcol_receiver_accepted_spans	422828
1781384786	snap	2800	otelcol	otelcol-sb-esrev1-ctr-bdbcb	otelcol_process_memory_rss	321077248
1781384786	snap	2800	otelcol	otelcol-sb-esrev1-ctr-bdbcb	otelcol_process_cpu_seconds	47
1781384786	snap	2800	otelcol	otelcol-sb-esrev1-ctr-bdbcb	otelcol_receiver_refused_spans	2072039
1781384786	snap	2800	otelcol	otelcol-sb-esrev1-ctr-bdbcb	otelcol_exporter_sent_spans	137207
1781384786	snap	2800	otelcol	otelcol-sb-esrev1-ctr-bdbcb	otelcol_exporter_queue_capacity	1001
1781384786	snap	2800	otelcol	otelcol-sb-esrev1-ctr-bdbcb	otelcol_exporter_queue_batch_send_size_sum	422828
1781384786	snap	2800	otelcol	otelcol-sb-esrev1-ctr-bdbcb	otelcol_process_runtime_total_sys_memory_bytes	224643384
1781384786	snap	2800	otelcol	otelcol-sb-esrev1-ctr-bdbcb	otelcol_processor_outgoing_items	422828
1781384786	snap	2800	otelcol	otelcol-sb-esrev1-ctr-bdbcb	otelcol_process_runtime_heap_alloc_bytes	134164712
1781384786	snap	2800	otelcol	otelcol-sb-esrev1-ctr-bdbcb	otelcol_processor_batch_metadata_cardinality	1
1781384786	snap	2800	otelcol	otelcol-sb-esrev1-ctr-bdbcb	otelcol_process_runtime_total_alloc_bytes	2030385960
1781384786	snap	2800	otelcol	otelcol-sb-esrev1-ctr-bdbcb	otelcol_exporter_queue_size	729
1781384786	snap	2800	otelcol	otelcol-sb-esrev1-ctr-bdbcb	otelcol_processor_batch_timeout_trigger_send	1541
1781384786	snap	2800	otelcol	otelcol-sb-esrev1-ctr-bdbcb	otelcol_exporter_send_failed_spans	0
1781384786	snap	2800	otelcol	otelcol-sb-esrev1-ctr-bdbcb	otelcol_receiver_failed_spans	0
1781384786	snap	2800	otelcol	otelcol-sb-esrev1-ctr-zjs5l	otelcol_receiver_refused_spans	13683358
1781384786	snap	2800	otelcol	otelcol-sb-esrev1-ctr-zjs5l	otelcol_processor_batch_timeout_trigger_send	1247
1781384786	snap	2800	otelcol	otelcol-sb-esrev1-ctr-zjs5l	otelcol_exporter_sent_spans	536339
1781384786	snap	2800	otelcol	otelcol-sb-esrev1-ctr-zjs5l	otelcol_receiver_failed_spans	0
1781384786	snap	2800	otelcol	otelcol-sb-esrev1-ctr-zjs5l	otelcol_process_runtime_total_sys_memory_bytes	220457272
1781384786	snap	2800	otelcol	otelcol-sb-esrev1-ctr-zjs5l	otelcol_process_uptime	559
1781384786	snap	2800	otelcol	otelcol-sb-esrev1-ctr-zjs5l	otelcol_exporter_queue_size	321
1781384786	snap	2800	otelcol	otelcol-sb-esrev1-ctr-zjs5l	otelcol_receiver_accepted_spans	792411
1781384786	snap	2800	otelcol	otelcol-sb-esrev1-ctr-zjs5l	otelcol_process_runtime_total_alloc_bytes	9117594120
1781384786	snap	2800	otelcol	otelcol-sb-esrev1-ctr-zjs5l	otelcol_process_runtime_heap_alloc_bytes	138715784
1781384786	snap	2800	otelcol	otelcol-sb-esrev1-ctr-zjs5l	otelcol_processor_batch_batch_send_size_sum	792411
1781384786	snap	2800	otelcol	otelcol-sb-esrev1-ctr-zjs5l	otelcol_process_memory_rss	321400832
1781384786	snap	2800	otelcol	otelcol-sb-esrev1-ctr-zjs5l	otelcol_exporter_queue_capacity	1001
1781384786	snap	2800	otelcol	otelcol-sb-esrev1-ctr-zjs5l	otelcol_exporter_queue_batch_send_size_sum	792411
1781384786	snap	2800	otelcol	otelcol-sb-esrev1-ctr-zjs5l	otelcol_processor_incoming_items	14475769
1781384786	snap	2800	otelcol	otelcol-sb-esrev1-ctr-zjs5l	otelcol_processor_outgoing_items	792411
1781384786	snap	2800	otelcol	otelcol-sb-esrev1-ctr-zjs5l	otelcol_processor_batch_metadata_cardinality	1
1781384786	snap	2800	otelcol	otelcol-sb-esrev1-ctr-zjs5l	otelcol_process_cpu_seconds	128
1781384786	snap	2800	otelcol	otelcol-sb-esrev1-ctr-zjs5l	otelcol_exporter_send_failed_spans	0
1781384786	snap	2800	otelcol	otelcol-sb-esrev1-ctr-mqr25	otelcol_processor_batch_timeout_trigger_send	1130
1781384786	snap	2800	otelcol	otelcol-sb-esrev1-ctr-mqr25	otelcol_exporter_queue_size	235
1781384786	snap	2800	otelcol	otelcol-sb-esrev1-ctr-mqr25	otelcol_processor_incoming_items	11442058
1781384786	snap	2800	otelcol	otelcol-sb-esrev1-ctr-mqr25	otelcol_processor_batch_batch_send_size_sum	644884
1781384786	snap	2800	otelcol	otelcol-sb-esrev1-ctr-mqr25	otelcol_process_runtime_heap_alloc_bytes	137953584
1781384786	snap	2800	otelcol	otelcol-sb-esrev1-ctr-mqr25	otelcol_processor_outgoing_items	644884
1781384786	snap	2800	otelcol	otelcol-sb-esrev1-ctr-mqr25	otelcol_process_runtime_total_alloc_bytes	8046698016
1781384786	snap	2800	otelcol	otelcol-sb-esrev1-ctr-mqr25	otelcol_exporter_send_failed_spans	0
1781384786	snap	2800	otelcol	otelcol-sb-esrev1-ctr-mqr25	otelcol_receiver_failed_spans	0
1781384786	snap	2800	otelcol	otelcol-sb-esrev1-ctr-mqr25	otelcol_process_memory_rss	319352832
1781384786	snap	2800	otelcol	otelcol-sb-esrev1-ctr-mqr25	otelcol_process_cpu_seconds	130
1781384786	snap	2800	otelcol	otelcol-sb-esrev1-ctr-mqr25	otelcol_processor_batch_metadata_cardinality	1
1781384786	snap	2800	otelcol	otelcol-sb-esrev1-ctr-mqr25	otelcol_process_uptime	560
1781384786	snap	2800	otelcol	otelcol-sb-esrev1-ctr-mqr25	otelcol_exporter_sent_spans	387699
1781384786	snap	2800	otelcol	otelcol-sb-esrev1-ctr-mqr25	otelcol_exporter_queue_batch_send_size_sum	644884
1781384786	snap	2800	otelcol	otelcol-sb-esrev1-ctr-mqr25	otelcol_receiver_refused_spans	10797174
1781384786	snap	2800	otelcol	otelcol-sb-esrev1-ctr-mqr25	otelcol_process_runtime_total_sys_memory_bytes	225634616
1781384786	snap	2800	otelcol	otelcol-sb-esrev1-ctr-mqr25	otelcol_receiver_accepted_spans	644884
1781384786	snap	2800	otelcol	otelcol-sb-esrev1-ctr-mqr25	otelcol_exporter_queue_capacity	1001
1781384786	snap	2800	otelcol	otelcol-sb-esrev1-ctr-j7lcx	otelcol_processor_batch_metadata_cardinality	1
1781384786	snap	2800	otelcol	otelcol-sb-esrev1-ctr-j7lcx	otelcol_process_runtime_total_alloc_bytes	41335536
1781384786	snap	2800	otelcol	otelcol-sb-esrev1-ctr-j7lcx	otelcol_process_cpu_seconds	4
1781384786	snap	2800	otelcol	otelcol-sb-esrev1-ctr-j7lcx	otelcol_process_runtime_heap_alloc_bytes	19116480
1781384786	snap	2800	otelcol	otelcol-sb-esrev1-ctr-j7lcx	otelcol_process_memory_rss	180428800
1781384786	snap	2800	otelcol	otelcol-sb-esrev1-ctr-j7lcx	otelcol_process_uptime	559
1781384786	snap	2800	otelcol	otelcol-sb-esrev1-ctr-j7lcx	otelcol_process_runtime_total_sys_memory_bytes	44546312
1781384786	snap	2800	otelcol	otelcol-sb-esrev1-ctr-j7lcx	otelcol_exporter_queue_size	0
1781384786	snap	2800	otelcol	otelcol-sb-esrev1-ctr-j7lcx	otelcol_exporter_queue_capacity	1001
1781384786	snap	2800	k8s	otelcol-sb-esrev1-ctr-9czsx	restart_count	0
1781384786	snap	2800	k8s	otelcol-sb-esrev1-ctr-bdbcb	restart_count	0
1781384786	snap	2800	k8s	otelcol-sb-esrev1-ctr-j2cng	restart_count	0
1781384786	snap	2800	k8s	otelcol-sb-esrev1-ctr-j7lcx	restart_count	0
1781384786	snap	2800	k8s	otelcol-sb-esrev1-ctr-mqr25	restart_count	0
1781384786	snap	2800	k8s	otelcol-sb-esrev1-ctr-r7tfk	restart_count	0
1781384786	snap	2800	k8s	otelcol-sb-esrev1-ctr-srbgp	restart_count	0
1781384786	snap	2800	k8s	otelcol-sb-esrev1-ctr-z4fxx	restart_count	0
1781384786	snap	2800	k8s	otelcol-sb-esrev1-ctr-zjs5l	restart_count	0
1781384786	snap	2800	sdk	wrk2api	spans_received	1080134
1781384786	snap	2800	sdk	wrk2api	spans_sent	425813
1781384786	snap	2800	sdk	wrk2api	spans_dropped	0
1781384786	snap	2800	sdk	wrk2api	spans_flushed	1080134
1781384786	snap	2800	sdk	wrk2api	batches_sent	4199
1781384786	snap	2800	sdk	wrk2api	batches_dropped	0
1781384786	snap	2800	sdk	wrk2api	send_unavailable	0
1781384786	snap	2800	sdk	wrk2api	send_deadline	0
1781384786	snap	2800	sdk	wrk2api	send_exhausted	0
1781384786	snap	2800	sdk	wrk2api	send_canceled	0
1781384786	snap	2800	sdk	wrk2api	send_other	0
1781384786	snap	2800	sdk	wrk2api	buffer_depth	0
0
1781384786	snap	2800	sdk	wrk2api	cp_received	534043
1781384786	snap	2800	sdk	wrk2api	lp_received	546091
1781384786	snap	2800	sdk	wrk2api	cp_sent	247871
1781384786	snap	2800	sdk	wrk2api	lp_sent	177942
1781384786	snap	2800	sdk	wrk2api	cp_dropped	0
1781384786	snap	2800	sdk	wrk2api	lp_dropped	0
1781384786	snap	2800	sdk	hometimeline	spans_received	996728
1781384786	snap	2800	sdk	hometimeline	spans_sent	153642
1781384786	snap	2800	sdk	hometimeline	spans_dropped	0
1781384786	snap	2800	sdk	hometimeline	spans_flushed	996728
1781384786	snap	2800	sdk	hometimeline	batches_sent	2660
1781384786	snap	2800	sdk	hometimeline	batches_dropped	0
1781384786	snap	2800	sdk	hometimeline	send_unavailable	0
1781384786	snap	2800	sdk	hometimeline	send_deadline	0
1781384786	snap	2800	sdk	hometimeline	send_exhausted	0
1781384786	snap	2800	sdk	hometimeline	send_canceled	0
1781384786	snap	2800	sdk	hometimeline	send_other	0
1781384786	snap	2800	sdk	hometimeline	buffer_depth	0
0
1781384786	snap	2800	sdk	hometimeline	cp_received	0
1781384786	snap	2800	sdk	hometimeline	lp_received	996728
1781384786	snap	2800	sdk	hometimeline	cp_sent	0
1781384786	snap	2800	sdk	hometimeline	lp_sent	153642
1781384786	snap	2800	sdk	hometimeline	cp_dropped	0
1781384786	snap	2800	sdk	hometimeline	lp_dropped	0
1781384786	snap	2800	sdk	media	spans_received	502185
1781384786	snap	2800	sdk	media	spans_sent	362381
1781384786	snap	2800	sdk	media	spans_dropped	0
1781384786	snap	2800	sdk	media	spans_flushed	502185
1781384786	snap	2800	sdk	media	batches_sent	2813
1781384786	snap	2800	sdk	media	batches_dropped	0
1781384786	snap	2800	sdk	media	send_unavailable	0
1781384786	snap	2800	sdk	media	send_deadline	0
1781384786	snap	2800	sdk	media	send_exhausted	0
1781384786	snap	2800	sdk	media	send_canceled	0
1781384786	snap	2800	sdk	media	send_other	0
1781384786	snap	2800	sdk	media	buffer_depth	0
0
1781384786	snap	2800	sdk	media	cp_received	502185
1781384786	snap	2800	sdk	media	lp_received	0
1781384786	snap	2800	sdk	media	cp_sent	362381
1781384786	snap	2800	sdk	media	lp_sent	0
1781384786	snap	2800	sdk	media	cp_dropped	0
1781384786	snap	2800	sdk	media	lp_dropped	0
1781384786	snap	2800	sdk	post-storage	spans_received	497913
1781384786	snap	2800	sdk	post-storage	spans_sent	422424
1781384786	snap	2800	sdk	post-storage	spans_dropped	0
1781384786	snap	2800	sdk	post-storage	spans_flushed	497913
1781384786	snap	2800	sdk	post-storage	batches_sent	3058
1781384786	snap	2800	sdk	post-storage	batches_dropped	0
1781384786	snap	2800	sdk	post-storage	send_unavailable	0
1781384786	snap	2800	sdk	post-storage	send_deadline	0
1781384786	snap	2800	sdk	post-storage	send_exhausted	0
1781384786	snap	2800	sdk	post-storage	send_canceled	0
1781384786	snap	2800	sdk	post-storage	send_other	0
1781384786	snap	2800	sdk	post-storage	buffer_depth	0
0
1781384786	snap	2800	sdk	post-storage	cp_received	497913
1781384786	snap	2800	sdk	post-storage	lp_received	0
1781384786	snap	2800	sdk	post-storage	cp_sent	422424
1781384786	snap	2800	sdk	post-storage	lp_sent	0
1781384786	snap	2800	sdk	post-storage	cp_dropped	0
1781384786	snap	2800	sdk	post-storage	lp_dropped	0
1781384786	snap	2800	sdk	socialgraph	spans_received	611132
1781384786	snap	2800	sdk	socialgraph	spans_sent	494060
1781384786	snap	2800	sdk	socialgraph	spans_dropped	0
1781384786	snap	2800	sdk	socialgraph	spans_flushed	611132
1781384786	snap	2800	sdk	socialgraph	batches_sent	3333
1781384786	snap	2800	sdk	socialgraph	batches_dropped	0
1781384786	snap	2800	sdk	socialgraph	send_unavailable	0
1781384786	snap	2800	sdk	socialgraph	send_deadline	0
1781384786	snap	2800	sdk	socialgraph	send_exhausted	0
1781384786	snap	2800	sdk	socialgraph	send_canceled	0
1781384786	snap	2800	sdk	socialgraph	send_other	0
1781384786	snap	2800	sdk	socialgraph	buffer_depth	0
0
1781384786	snap	2800	sdk	socialgraph	cp_received	573508
1781384786	snap	2800	sdk	socialgraph	lp_received	37624
1781384786	snap	2800	sdk	socialgraph	cp_sent	456436
1781384786	snap	2800	sdk	socialgraph	lp_sent	37624
1781384786	snap	2800	sdk	socialgraph	cp_dropped	0
1781384786	snap	2800	sdk	socialgraph	lp_dropped	0
1781384786	snap	2800	sdk	text	spans_received	1507869
1781384786	snap	2800	sdk	text	spans_sent	352749
1781384786	snap	2800	sdk	text	spans_dropped	0
1781384786	snap	2800	sdk	text	spans_flushed	1507869
1781384786	snap	2800	sdk	text	batches_sent	4602
1781384786	snap	2800	sdk	text	batches_dropped	0
1781384786	snap	2800	sdk	text	send_unavailable	0
1781384786	snap	2800	sdk	text	send_deadline	0
1781384786	snap	2800	sdk	text	send_exhausted	0
1781384786	snap	2800	sdk	text	send_canceled	0
1781384786	snap	2800	sdk	text	send_other	0
1781384786	snap	2800	sdk	text	buffer_depth	0
0
1781384786	snap	2800	sdk	text	cp_received	0
1781384786	snap	2800	sdk	text	lp_received	1507869
1781384786	snap	2800	sdk	text	cp_sent	0
1781384786	snap	2800	sdk	text	lp_sent	352749
1781384786	snap	2800	sdk	text	cp_dropped	0
1781384786	snap	2800	sdk	text	lp_dropped	0
1781384786	snap	2800	sdk	uniqueid	spans_received	502115
1781384786	snap	2800	sdk	uniqueid	spans_sent	265870
1781384786	snap	2800	sdk	uniqueid	spans_dropped	0
1781384786	snap	2800	sdk	uniqueid	spans_flushed	502115
1781384786	snap	2800	sdk	uniqueid	batches_sent	2332
1781384786	snap	2800	sdk	uniqueid	batches_dropped	0
1781384786	snap	2800	sdk	uniqueid	send_unavailable	0
1781384786	snap	2800	sdk	uniqueid	send_deadline	0
1781384786	snap	2800	sdk	uniqueid	send_exhausted	0
1781384786	snap	2800	sdk	uniqueid	send_canceled	0
1781384786	snap	2800	sdk	uniqueid	send_other	0
1781384786	snap	2800	sdk	uniqueid	buffer_depth	0
0
1781384786	snap	2800	sdk	uniqueid	cp_received	502115
1781384786	snap	2800	sdk	uniqueid	lp_received	0
1781384786	snap	2800	sdk	uniqueid	cp_sent	265870
1781384786	snap	2800	sdk	uniqueid	lp_sent	0
1781384786	snap	2800	sdk	uniqueid	cp_dropped	0
1781384786	snap	2800	sdk	uniqueid	lp_dropped	0
1781384786	snap	2800	sdk	urlshorten	spans_received	501725
1781384786	snap	2800	sdk	urlshorten	spans_sent	393896
1781384786	snap	2800	sdk	urlshorten	spans_dropped	0
1781384786	snap	2800	sdk	urlshorten	spans_flushed	501725
1781384786	snap	2800	sdk	urlshorten	batches_sent	2889
1781384786	snap	2800	sdk	urlshorten	batches_dropped	0
1781384786	snap	2800	sdk	urlshorten	send_unavailable	0
1781384786	snap	2800	sdk	urlshorten	send_deadline	0
1781384786	snap	2800	sdk	urlshorten	send_exhausted	0
1781384786	snap	2800	sdk	urlshorten	send_canceled	0
1781384786	snap	2800	sdk	urlshorten	send_other	0
1781384786	snap	2800	sdk	urlshorten	buffer_depth	0
0
1781384786	snap	2800	sdk	urlshorten	cp_received	501725
1781384786	snap	2800	sdk	urlshorten	lp_received	0
1781384786	snap	2800	sdk	urlshorten	cp_sent	393896
1781384786	snap	2800	sdk	urlshorten	lp_sent	0
1781384786	snap	2800	sdk	urlshorten	cp_dropped	0
1781384786	snap	2800	sdk	urlshorten	lp_dropped	0
1781384786	snap	2800	sdk	user	spans_received	504301
1781384786	snap	2800	sdk	user	spans_sent	217117
1781384786	snap	2800	sdk	user	spans_dropped	0
1781384786	snap	2800	sdk	user	spans_flushed	504301
1781384786	snap	2800	sdk	user	batches_sent	2088
1781384786	snap	2800	sdk	user	batches_dropped	0
1781384786	snap	2800	sdk	user	send_unavailable	0
1781384786	snap	2800	sdk	user	send_deadline	0
1781384786	snap	2800	sdk	user	send_exhausted	0
1781384786	snap	2800	sdk	user	send_canceled	0
1781384786	snap	2800	sdk	user	send_other	0
1781384786	snap	2800	sdk	user	buffer_depth	0
0
1781384786	snap	2800	sdk	user	cp_received	503339
1781384786	snap	2800	sdk	user	lp_received	962
1781384786	snap	2800	sdk	user	cp_sent	216155
1781384786	snap	2800	sdk	user	lp_sent	962
1781384786	snap	2800	sdk	user	cp_dropped	0
1781384786	snap	2800	sdk	user	lp_dropped	0
1781384786	snap	2800	sdk	userid	spans_received	75248
1781384786	snap	2800	sdk	userid	spans_sent	75248
1781384786	snap	2800	sdk	userid	spans_dropped	0
1781384786	snap	2800	sdk	userid	spans_flushed	75248
1781384786	snap	2800	sdk	userid	batches_sent	250
1781384786	snap	2800	sdk	userid	batches_dropped	0
1781384786	snap	2800	sdk	userid	send_unavailable	0
1781384786	snap	2800	sdk	userid	send_deadline	0
1781384786	snap	2800	sdk	userid	send_exhausted	0
1781384786	snap	2800	sdk	userid	send_canceled	0
1781384786	snap	2800	sdk	userid	send_other	0
1781384786	snap	2800	sdk	userid	buffer_depth	0
0
1781384786	snap	2800	sdk	userid	cp_received	75248
1781384786	snap	2800	sdk	userid	lp_received	0
1781384786	snap	2800	sdk	userid	cp_sent	75248
1781384786	snap	2800	sdk	userid	lp_sent	0
1781384786	snap	2800	sdk	userid	cp_dropped	0
1781384786	snap	2800	sdk	userid	lp_dropped	0
1781384786	snap	2800	sdk	usermention	spans_received	501811
1781384786	snap	2800	sdk	usermention	spans_sent	265134
1781384786	snap	2800	sdk	usermention	spans_dropped	0
1781384786	snap	2800	sdk	usermention	spans_flushed	501811
1781384786	snap	2800	sdk	usermention	batches_sent	2338
1781384786	snap	2800	sdk	usermention	batches_dropped	0
1781384786	snap	2800	sdk	usermention	send_unavailable	0
1781384786	snap	2800	sdk	usermention	send_deadline	0
1781384786	snap	2800	sdk	usermention	send_exhausted	0
1781384786	snap	2800	sdk	usermention	send_canceled	0
1781384786	snap	2800	sdk	usermention	send_other	0
1781384786	snap	2800	sdk	usermention	buffer_depth	0
0
1781384786	snap	2800	sdk	usermention	cp_received	501811
1781384786	snap	2800	sdk	usermention	lp_received	0
1781384786	snap	2800	sdk	usermention	cp_sent	265134
1781384786	snap	2800	sdk	usermention	lp_sent	0
1781384786	snap	2800	sdk	usermention	cp_dropped	0
1781384786	snap	2800	sdk	usermention	lp_dropped	0
1781384786	snap	2800	sdk	usertimeline	spans_received	497721
1781384786	snap	2800	sdk	usertimeline	spans_sent	410630
1781384786	snap	2800	sdk	usertimeline	spans_dropped	0
1781384786	snap	2800	sdk	usertimeline	spans_flushed	497721
1781384786	snap	2800	sdk	usertimeline	batches_sent	3002
1781384786	snap	2800	sdk	usertimeline	batches_dropped	0
1781384786	snap	2800	sdk	usertimeline	send_unavailable	0
1781384786	snap	2800	sdk	usertimeline	send_deadline	0
1781384786	snap	2800	sdk	usertimeline	send_exhausted	0
1781384786	snap	2800	sdk	usertimeline	send_canceled	0
1781384786	snap	2800	sdk	usertimeline	send_other	0
1781384786	snap	2800	sdk	usertimeline	buffer_depth	0
0
1781384786	snap	2800	sdk	usertimeline	cp_received	497721
1781384786	snap	2800	sdk	usertimeline	lp_received	0
1781384786	snap	2800	sdk	usertimeline	cp_sent	410630
1781384786	snap	2800	sdk	usertimeline	lp_sent	0
1781384786	snap	2800	sdk	usertimeline	cp_dropped	0
1781384786	snap	2800	sdk	usertimeline	lp_dropped	0
1781384793	snap	3000	otelcol	otelcol-sb-esrev1-ctr-9czsx	otelcol_process_memory_rss	321572864
1781384793	snap	3000	otelcol	otelcol-sb-esrev1-ctr-9czsx	otelcol_receiver_accepted_spans	394208
1781384793	snap	3000	otelcol	otelcol-sb-esrev1-ctr-9czsx	otelcol_processor_outgoing_items	394208
1781384793	snap	3000	otelcol	otelcol-sb-esrev1-ctr-9czsx	otelcol_process_runtime_heap_alloc_bytes	137442840
1781384793	snap	3000	otelcol	otelcol-sb-esrev1-ctr-9czsx	otelcol_process_cpu_seconds	62
1781384793	snap	3000	otelcol	otelcol-sb-esrev1-ctr-9czsx	otelcol_exporter_queue_batch_send_size_sum	394208
1781384793	snap	3000	otelcol	otelcol-sb-esrev1-ctr-9czsx	otelcol_receiver_failed_spans	0
1781384793	snap	3000	otelcol	otelcol-sb-esrev1-ctr-9czsx	otelcol_process_uptime	567
1781384793	snap	3000	otelcol	otelcol-sb-esrev1-ctr-9czsx	otelcol_process_runtime_total_sys_memory_bytes	220326200
1781384793	snap	3000	otelcol	otelcol-sb-esrev1-ctr-9czsx	otelcol_exporter_send_failed_spans	0
1781384793	snap	3000	otelcol	otelcol-sb-esrev1-ctr-9czsx	otelcol_exporter_queue_capacity	1001
1781384793	snap	3000	otelcol	otelcol-sb-esrev1-ctr-9czsx	otelcol_processor_batch_metadata_cardinality	1
1781384793	snap	3000	otelcol	otelcol-sb-esrev1-ctr-9czsx	otelcol_process_runtime_total_alloc_bytes	2708204088
1781384793	snap	3000	otelcol	otelcol-sb-esrev1-ctr-9czsx	otelcol_processor_batch_timeout_trigger_send	1453
1781384793	snap	3000	otelcol	otelcol-sb-esrev1-ctr-9czsx	otelcol_processor_batch_batch_send_size_sum	394208
1781384793	snap	3000	otelcol	otelcol-sb-esrev1-ctr-9czsx	otelcol_exporter_sent_spans	117604
1781384793	snap	3000	otelcol	otelcol-sb-esrev1-ctr-9czsx	otelcol_exporter_queue_size	687
1781384793	snap	3000	otelcol	otelcol-sb-esrev1-ctr-9czsx	otelcol_receiver_refused_spans	2897160
1781384793	snap	3000	otelcol	otelcol-sb-esrev1-ctr-9czsx	otelcol_processor_incoming_items	3291368
1781384793	snap	3000	otelcol	otelcol-sb-esrev1-ctr-r7tfk	otelcol_processor_batch_batch_send_size_sum	1298735
1781384793	snap	3000	otelcol	otelcol-sb-esrev1-ctr-r7tfk	otelcol_process_uptime	566
1781384793	snap	3000	otelcol	otelcol-sb-esrev1-ctr-r7tfk	otelcol_processor_outgoing_items	1298735
1781384793	snap	3000	otelcol	otelcol-sb-esrev1-ctr-r7tfk	otelcol_exporter_queue_batch_send_size_sum	1298735
1781384793	snap	3000	otelcol	otelcol-sb-esrev1-ctr-r7tfk	otelcol_receiver_failed_spans	0
1781384793	snap	3000	otelcol	otelcol-sb-esrev1-ctr-r7tfk	otelcol_processor_batch_batch_size_trigger_send	16
1781384793	snap	3000	otelcol	otelcol-sb-esrev1-ctr-r7tfk	otelcol_receiver_refused_spans	12173957
1781384793	snap	3000	otelcol	otelcol-sb-esrev1-ctr-r7tfk	otelcol_receiver_accepted_spans	1298735
1781384793	snap	3000	otelcol	otelcol-sb-esrev1-ctr-r7tfk	otelcol_process_cpu_seconds	150
1781384793	snap	3000	otelcol	otelcol-sb-esrev1-ctr-r7tfk	otelcol_processor_batch_metadata_cardinality	1
1781384793	snap	3000	otelcol	otelcol-sb-esrev1-ctr-r7tfk	otelcol_process_runtime_total_alloc_bytes	9645428832
1781384793	snap	3000	otelcol	otelcol-sb-esrev1-ctr-r7tfk	otelcol_process_runtime_heap_alloc_bytes	118590344
1781384793	snap	3000	otelcol	otelcol-sb-esrev1-ctr-r7tfk	otelcol_process_memory_rss	322338816
1781384793	snap	3000	otelcol	otelcol-sb-esrev1-ctr-r7tfk	otelcol_exporter_queue_capacity	1001
1781384793	snap	3000	otelcol	otelcol-sb-esrev1-ctr-r7tfk	otelcol_processor_batch_timeout_trigger_send	841
1781384793	snap	3000	otelcol	otelcol-sb-esrev1-ctr-r7tfk	otelcol_exporter_send_failed_spans	0
1781384793	snap	3000	otelcol	otelcol-sb-esrev1-ctr-r7tfk	otelcol_exporter_sent_spans	1115568
1781384793	snap	3000	otelcol	otelcol-sb-esrev1-ctr-r7tfk	otelcol_exporter_queue_size	103
1781384793	snap	3000	otelcol	otelcol-sb-esrev1-ctr-r7tfk	otelcol_processor_incoming_items	13472692
1781384793	snap	3000	otelcol	otelcol-sb-esrev1-ctr-r7tfk	otelcol_process_runtime_total_sys_memory_bytes	253884744
1781384793	snap	3000	otelcol	otelcol-sb-esrev1-ctr-srbgp	otelcol_processor_batch_batch_send_size_sum	494242
1781384793	snap	3000	otelcol	otelcol-sb-esrev1-ctr-srbgp	otelcol_exporter_sent_spans	223346
1781384793	snap	3000	otelcol	otelcol-sb-esrev1-ctr-srbgp	otelcol_exporter_queue_size	679
1781384793	snap	3000	otelcol	otelcol-sb-esrev1-ctr-srbgp	otelcol_exporter_queue_capacity	1001
1781384793	snap	3000	otelcol	otelcol-sb-esrev1-ctr-srbgp	otelcol_processor_incoming_items	3699489
1781384793	snap	3000	otelcol	otelcol-sb-esrev1-ctr-srbgp	otelcol_receiver_failed_spans	0
1781384793	snap	3000	otelcol	otelcol-sb-esrev1-ctr-srbgp	otelcol_processor_outgoing_items	494242
1781384793	snap	3000	otelcol	otelcol-sb-esrev1-ctr-srbgp	otelcol_process_runtime_heap_alloc_bytes	131500888
1781384793	snap	3000	otelcol	otelcol-sb-esrev1-ctr-srbgp	otelcol_processor_batch_metadata_cardinality	1
1781384793	snap	3000	otelcol	otelcol-sb-esrev1-ctr-srbgp	otelcol_receiver_refused_spans	3205247
1781384793	snap	3000	otelcol	otelcol-sb-esrev1-ctr-srbgp	otelcol_processor_batch_timeout_trigger_send	1590
1781384793	snap	3000	otelcol	otelcol-sb-esrev1-ctr-srbgp	otelcol_process_runtime_total_sys_memory_bytes	215607608
1781384793	snap	3000	otelcol	otelcol-sb-esrev1-ctr-srbgp	otelcol_process_cpu_seconds	59
1781384793	snap	3000	otelcol	otelcol-sb-esrev1-ctr-srbgp	otelcol_exporter_queue_batch_send_size_sum	494242
1781384793	snap	3000	otelcol	otelcol-sb-esrev1-ctr-srbgp	otelcol_process_runtime_total_alloc_bytes	2904505416
1781384793	snap	3000	otelcol	otelcol-sb-esrev1-ctr-srbgp	otelcol_process_memory_rss	318722048
1781384793	snap	3000	otelcol	otelcol-sb-esrev1-ctr-srbgp	otelcol_process_uptime	568
1781384793	snap	3000	otelcol	otelcol-sb-esrev1-ctr-srbgp	otelcol_receiver_accepted_spans	494242
1781384793	snap	3000	otelcol	otelcol-sb-esrev1-ctr-srbgp	otelcol_exporter_send_failed_spans	0
1781384793	snap	3000	otelcol	otelcol-sb-esrev1-ctr-j2cng	otelcol_processor_incoming_items	3145836
1781384793	snap	3000	otelcol	otelcol-sb-esrev1-ctr-j2cng	otelcol_exporter_queue_capacity	1001
1781384793	snap	3000	otelcol	otelcol-sb-esrev1-ctr-j2cng	otelcol_process_memory_rss	321294336
1781384793	snap	3000	otelcol	otelcol-sb-esrev1-ctr-j2cng	otelcol_processor_outgoing_items	410630
1781384793	snap	3000	otelcol	otelcol-sb-esrev1-ctr-j2cng	otelcol_receiver_refused_spans	2735206
1781384793	snap	3000	otelcol	otelcol-sb-esrev1-ctr-j2cng	otelcol_process_cpu_seconds	51
1781384793	snap	3000	otelcol	otelcol-sb-esrev1-ctr-j2cng	otelcol_exporter_queue_batch_send_size_sum	410630
1781384793	snap	3000	otelcol	otelcol-sb-esrev1-ctr-j2cng	otelcol_exporter_sent_spans	129384
1781384793	snap	3000	otelcol	otelcol-sb-esrev1-ctr-j2cng	otelcol_exporter_send_failed_spans	0
1781384793	snap	3000	otelcol	otelcol-sb-esrev1-ctr-j2cng	otelcol_process_runtime_total_alloc_bytes	2494264008
1781384793	snap	3000	otelcol	otelcol-sb-esrev1-ctr-j2cng	otelcol_processor_batch_batch_send_size_sum	410630
1781384793	snap	3000	otelcol	otelcol-sb-esrev1-ctr-j2cng	otelcol_receiver_failed_spans	0
1781384793	snap	3000	otelcol	otelcol-sb-esrev1-ctr-j2cng	otelcol_process_runtime_heap_alloc_bytes	129916464
1781384793	snap	3000	otelcol	otelcol-sb-esrev1-ctr-j2cng	otelcol_processor_batch_metadata_cardinality	1
1781384793	snap	3000	otelcol	otelcol-sb-esrev1-ctr-j2cng	otelcol_process_uptime	567
1781384793	snap	3000	otelcol	otelcol-sb-esrev1-ctr-j2cng	otelcol_process_runtime_total_sys_memory_bytes	216189240
1781384793	snap	3000	otelcol	otelcol-sb-esrev1-ctr-j2cng	otelcol_exporter_queue_size	705
1781384793	snap	3000	otelcol	otelcol-sb-esrev1-ctr-j2cng	otelcol_receiver_accepted_spans	410630
1781384793	snap	3000	otelcol	otelcol-sb-esrev1-ctr-j2cng	otelcol_processor_batch_timeout_trigger_send	1499
1781384793	snap	3000	otelcol	otelcol-sb-esrev1-ctr-z4fxx	otelcol_receiver_failed_spans	0
1781384793	snap	3000	otelcol	otelcol-sb-esrev1-ctr-z4fxx	otelcol_processor_batch_batch_send_size_sum	532539
1781384793	snap	3000	otelcol	otelcol-sb-esrev1-ctr-z4fxx	otelcol_exporter_send_failed_spans	0
1781384793	snap	3000	otelcol	otelcol-sb-esrev1-ctr-z4fxx	otelcol_processor_incoming_items	6309438
1781384793	snap	3000	otelcol	otelcol-sb-esrev1-ctr-z4fxx	otelcol_exporter_queue_size	371
1781384793	snap	3000	otelcol	otelcol-sb-esrev1-ctr-z4fxx	otelcol_receiver_accepted_spans	532539
1781384793	snap	3000	otelcol	otelcol-sb-esrev1-ctr-z4fxx	otelcol_processor_batch_metadata_cardinality	1
1781384793	snap	3000	otelcol	otelcol-sb-esrev1-ctr-z4fxx	otelcol_process_runtime_total_alloc_bytes	4836173536
1781384793	snap	3000	otelcol	otelcol-sb-esrev1-ctr-z4fxx	otelcol_process_memory_rss	321597440
1781384793	snap	3000	otelcol	otelcol-sb-esrev1-ctr-z4fxx	otelcol_processor_batch_timeout_trigger_send	1175
1781384793	snap	3000	otelcol	otelcol-sb-esrev1-ctr-z4fxx	otelcol_receiver_refused_spans	5776899
1781384793	snap	3000	otelcol	otelcol-sb-esrev1-ctr-z4fxx	otelcol_process_runtime_total_sys_memory_bytes	224586040
1781384793	snap	3000	otelcol	otelcol-sb-esrev1-ctr-z4fxx	otelcol_exporter_queue_capacity	1001
1781384793	snap	3000	otelcol	otelcol-sb-esrev1-ctr-z4fxx	otelcol_processor_outgoing_items	532539
1781384793	snap	3000	otelcol	otelcol-sb-esrev1-ctr-z4fxx	otelcol_process_uptime	567
1781384793	snap	3000	otelcol	otelcol-sb-esrev1-ctr-z4fxx	otelcol_process_runtime_heap_alloc_bytes	131265064
1781384793	snap	3000	otelcol	otelcol-sb-esrev1-ctr-z4fxx	otelcol_process_cpu_seconds	90
1781384793	snap	3000	otelcol	otelcol-sb-esrev1-ctr-z4fxx	otelcol_exporter_sent_spans	266494
1781384793	snap	3000	otelcol	otelcol-sb-esrev1-ctr-z4fxx	otelcol_exporter_queue_batch_send_size_sum	532539
1781384793	snap	3000	otelcol	otelcol-sb-esrev1-ctr-bdbcb	otelcol_processor_incoming_items	2496475
1781384793	snap	3000	otelcol	otelcol-sb-esrev1-ctr-bdbcb	otelcol_processor_batch_batch_send_size_sum	422830
1781384793	snap	3000	otelcol	otelcol-sb-esrev1-ctr-bdbcb	otelcol_process_uptime	566
1781384793	snap	3000	otelcol	otelcol-sb-esrev1-ctr-bdbcb	otelcol_receiver_accepted_spans	422830
1781384793	snap	3000	otelcol	otelcol-sb-esrev1-ctr-bdbcb	otelcol_process_memory_rss	322527232
1781384793	snap	3000	otelcol	otelcol-sb-esrev1-ctr-bdbcb	otelcol_process_cpu_seconds	47
1781384793	snap	3000	otelcol	otelcol-sb-esrev1-ctr-bdbcb	otelcol_receiver_refused_spans	2073645
1781384793	snap	3000	otelcol	otelcol-sb-esrev1-ctr-bdbcb	otelcol_exporter_sent_spans	138452
1781384793	snap	3000	otelcol	otelcol-sb-esrev1-ctr-bdbcb	otelcol_exporter_queue_capacity	1001
1781384793	snap	3000	otelcol	otelcol-sb-esrev1-ctr-bdbcb	otelcol_exporter_queue_batch_send_size_sum	422830
1781384793	snap	3000	otelcol	otelcol-sb-esrev1-ctr-bdbcb	otelcol_process_runtime_total_sys_memory_bytes	224643384
1781384793	snap	3000	otelcol	otelcol-sb-esrev1-ctr-bdbcb	otelcol_processor_outgoing_items	422830
1781384793	snap	3000	otelcol	otelcol-sb-esrev1-ctr-bdbcb	otelcol_process_runtime_heap_alloc_bytes	136249032
1781384793	snap	3000	otelcol	otelcol-sb-esrev1-ctr-bdbcb	otelcol_processor_batch_metadata_cardinality	1
1781384793	snap	3000	otelcol	otelcol-sb-esrev1-ctr-bdbcb	otelcol_process_runtime_total_alloc_bytes	2048935784
1781384793	snap	3000	otelcol	otelcol-sb-esrev1-ctr-bdbcb	otelcol_exporter_queue_size	727
1781384793	snap	3000	otelcol	otelcol-sb-esrev1-ctr-bdbcb	otelcol_processor_batch_timeout_trigger_send	1542
1781384793	snap	3000	otelcol	otelcol-sb-esrev1-ctr-bdbcb	otelcol_exporter_send_failed_spans	0
1781384793	snap	3000	otelcol	otelcol-sb-esrev1-ctr-bdbcb	otelcol_receiver_failed_spans	0
1781384793	snap	3000	otelcol	otelcol-sb-esrev1-ctr-zjs5l	otelcol_receiver_refused_spans	13692764
1781384793	snap	3000	otelcol	otelcol-sb-esrev1-ctr-zjs5l	otelcol_processor_batch_timeout_trigger_send	1248
1781384793	snap	3000	otelcol	otelcol-sb-esrev1-ctr-zjs5l	otelcol_exporter_sent_spans	536339
1781384793	snap	3000	otelcol	otelcol-sb-esrev1-ctr-zjs5l	otelcol_receiver_failed_spans	0
1781384793	snap	3000	otelcol	otelcol-sb-esrev1-ctr-zjs5l	otelcol_process_runtime_total_sys_memory_bytes	220457272
1781384793	snap	3000	otelcol	otelcol-sb-esrev1-ctr-zjs5l	otelcol_process_uptime	566
1781384793	snap	3000	otelcol	otelcol-sb-esrev1-ctr-zjs5l	otelcol_exporter_queue_size	322
1781384793	snap	3000	otelcol	otelcol-sb-esrev1-ctr-zjs5l	otelcol_receiver_accepted_spans	792488
1781384793	snap	3000	otelcol	otelcol-sb-esrev1-ctr-zjs5l	otelcol_process_runtime_total_alloc_bytes	9124039192
1781384793	snap	3000	otelcol	otelcol-sb-esrev1-ctr-zjs5l	otelcol_process_runtime_heap_alloc_bytes	121283336
1781384793	snap	3000	otelcol	otelcol-sb-esrev1-ctr-zjs5l	otelcol_processor_batch_batch_send_size_sum	792488
1781384793	snap	3000	otelcol	otelcol-sb-esrev1-ctr-zjs5l	otelcol_process_memory_rss	320315392
1781384793	snap	3000	otelcol	otelcol-sb-esrev1-ctr-zjs5l	otelcol_exporter_queue_capacity	1001
1781384793	snap	3000	otelcol	otelcol-sb-esrev1-ctr-zjs5l	otelcol_exporter_queue_batch_send_size_sum	792488
1781384793	snap	3000	otelcol	otelcol-sb-esrev1-ctr-zjs5l	otelcol_processor_incoming_items	14485252
1781384793	snap	3000	otelcol	otelcol-sb-esrev1-ctr-zjs5l	otelcol_processor_outgoing_items	792488
1781384793	snap	3000	otelcol	otelcol-sb-esrev1-ctr-zjs5l	otelcol_processor_batch_metadata_cardinality	1
1781384793	snap	3000	otelcol	otelcol-sb-esrev1-ctr-zjs5l	otelcol_process_cpu_seconds	129
1781384793	snap	3000	otelcol	otelcol-sb-esrev1-ctr-zjs5l	otelcol_exporter_send_failed_spans	0
1781384793	snap	3000	otelcol	otelcol-sb-esrev1-ctr-mqr25	otelcol_processor_batch_timeout_trigger_send	1133
1781384793	snap	3000	otelcol	otelcol-sb-esrev1-ctr-mqr25	otelcol_exporter_queue_size	237
1781384793	snap	3000	otelcol	otelcol-sb-esrev1-ctr-mqr25	otelcol_processor_incoming_items	11464025
1781384793	snap	3000	otelcol	otelcol-sb-esrev1-ctr-mqr25	otelcol_processor_batch_batch_send_size_sum	645041
1781384793	snap	3000	otelcol	otelcol-sb-esrev1-ctr-mqr25	otelcol_process_runtime_heap_alloc_bytes	119566488
1781384793	snap	3000	otelcol	otelcol-sb-esrev1-ctr-mqr25	otelcol_processor_outgoing_items	645041
1781384793	snap	3000	otelcol	otelcol-sb-esrev1-ctr-mqr25	otelcol_process_runtime_total_alloc_bytes	8079617152
1781384793	snap	3000	otelcol	otelcol-sb-esrev1-ctr-mqr25	otelcol_exporter_send_failed_spans	0
1781384793	snap	3000	otelcol	otelcol-sb-esrev1-ctr-mqr25	otelcol_receiver_failed_spans	0
1781384793	snap	3000	otelcol	otelcol-sb-esrev1-ctr-mqr25	otelcol_process_memory_rss	319397888
1781384793	snap	3000	otelcol	otelcol-sb-esrev1-ctr-mqr25	otelcol_process_cpu_seconds	131
1781384793	snap	3000	otelcol	otelcol-sb-esrev1-ctr-mqr25	otelcol_processor_batch_metadata_cardinality	1
1781384793	snap	3000	otelcol	otelcol-sb-esrev1-ctr-mqr25	otelcol_process_uptime	567
1781384793	snap	3000	otelcol	otelcol-sb-esrev1-ctr-mqr25	otelcol_exporter_sent_spans	388935
1781384793	snap	3000	otelcol	otelcol-sb-esrev1-ctr-mqr25	otelcol_exporter_queue_batch_send_size_sum	645041
1781384793	snap	3000	otelcol	otelcol-sb-esrev1-ctr-mqr25	otelcol_receiver_refused_spans	10818984
1781384793	snap	3000	otelcol	otelcol-sb-esrev1-ctr-mqr25	otelcol_process_runtime_total_sys_memory_bytes	225634616
1781384793	snap	3000	otelcol	otelcol-sb-esrev1-ctr-mqr25	otelcol_receiver_accepted_spans	645041
1781384793	snap	3000	otelcol	otelcol-sb-esrev1-ctr-mqr25	otelcol_exporter_queue_capacity	1001
1781384793	snap	3000	otelcol	otelcol-sb-esrev1-ctr-j7lcx	otelcol_processor_batch_metadata_cardinality	1
1781384793	snap	3000	otelcol	otelcol-sb-esrev1-ctr-j7lcx	otelcol_process_runtime_total_alloc_bytes	41573320
1781384793	snap	3000	otelcol	otelcol-sb-esrev1-ctr-j7lcx	otelcol_process_cpu_seconds	4
1781384793	snap	3000	otelcol	otelcol-sb-esrev1-ctr-j7lcx	otelcol_process_runtime_heap_alloc_bytes	19354264
1781384793	snap	3000	otelcol	otelcol-sb-esrev1-ctr-j7lcx	otelcol_process_memory_rss	180428800
1781384793	snap	3000	otelcol	otelcol-sb-esrev1-ctr-j7lcx	otelcol_process_uptime	565
1781384793	snap	3000	otelcol	otelcol-sb-esrev1-ctr-j7lcx	otelcol_process_runtime_total_sys_memory_bytes	44546312
1781384793	snap	3000	otelcol	otelcol-sb-esrev1-ctr-j7lcx	otelcol_exporter_queue_size	0
1781384793	snap	3000	otelcol	otelcol-sb-esrev1-ctr-j7lcx	otelcol_exporter_queue_capacity	1001
1781384793	snap	3000	k8s	otelcol-sb-esrev1-ctr-9czsx	restart_count	0
1781384793	snap	3000	k8s	otelcol-sb-esrev1-ctr-bdbcb	restart_count	0
1781384793	snap	3000	k8s	otelcol-sb-esrev1-ctr-j2cng	restart_count	0
1781384793	snap	3000	k8s	otelcol-sb-esrev1-ctr-j7lcx	restart_count	0
1781384793	snap	3000	k8s	otelcol-sb-esrev1-ctr-mqr25	restart_count	0
1781384793	snap	3000	k8s	otelcol-sb-esrev1-ctr-r7tfk	restart_count	0
1781384793	snap	3000	k8s	otelcol-sb-esrev1-ctr-srbgp	restart_count	0
1781384793	snap	3000	k8s	otelcol-sb-esrev1-ctr-z4fxx	restart_count	0
1781384793	snap	3000	k8s	otelcol-sb-esrev1-ctr-zjs5l	restart_count	0
1781384793	snap	3000	sdk	wrk2api	spans_received	1080366
1781384793	snap	3000	sdk	wrk2api	spans_sent	425891
1781384793	snap	3000	sdk	wrk2api	spans_dropped	0
1781384793	snap	3000	sdk	wrk2api	spans_flushed	1080366
1781384793	snap	3000	sdk	wrk2api	batches_sent	4202
1781384793	snap	3000	sdk	wrk2api	batches_dropped	0
1781384793	snap	3000	sdk	wrk2api	send_unavailable	0
1781384793	snap	3000	sdk	wrk2api	send_deadline	0
1781384793	snap	3000	sdk	wrk2api	send_exhausted	0
1781384793	snap	3000	sdk	wrk2api	send_canceled	0
1781384793	snap	3000	sdk	wrk2api	send_other	0
1781384793	snap	3000	sdk	wrk2api	buffer_depth	0
0
1781384793	snap	3000	sdk	wrk2api	cp_received	534121
1781384793	snap	3000	sdk	wrk2api	lp_received	546245
1781384793	snap	3000	sdk	wrk2api	cp_sent	247949
1781384793	snap	3000	sdk	wrk2api	lp_sent	177942
1781384793	snap	3000	sdk	wrk2api	cp_dropped	0
1781384793	snap	3000	sdk	wrk2api	lp_dropped	0
1781384793	snap	3000	sdk	composepost	spans_received	4054926
1781384793	snap	3000	sdk	composepost	spans_sent	1106924
1781384793	snap	3000	sdk	composepost	spans_dropped	0
1781384793	snap	3000	sdk	composepost	spans_flushed	4054926
1781384793	snap	3000	sdk	composepost	batches_sent	13496
1781384793	snap	3000	sdk	composepost	batches_dropped	0
1781384793	snap	3000	sdk	composepost	send_unavailable	0
1781384793	snap	3000	sdk	composepost	send_deadline	0
1781384793	snap	3000	sdk	composepost	send_exhausted	0
1781384793	snap	3000	sdk	composepost	send_canceled	0
1781384793	snap	3000	sdk	composepost	send_other	0
1781384793	snap	3000	sdk	composepost	buffer_depth	0
0
1781384793	snap	3000	sdk	composepost	cp_received	3551456
1781384793	snap	3000	sdk	composepost	lp_received	503470
1781384793	snap	3000	sdk	composepost	cp_sent	1029947
1781384793	snap	3000	sdk	composepost	lp_sent	76977
1781384793	snap	3000	sdk	composepost	cp_dropped	0
1781384793	snap	3000	sdk	composepost	lp_dropped	0
1781384793	snap	3000	sdk	hometimeline	spans_received	996732
1781384793	snap	3000	sdk	hometimeline	spans_sent	153642
1781384793	snap	3000	sdk	hometimeline	spans_dropped	0
1781384793	snap	3000	sdk	hometimeline	spans_flushed	996732
1781384793	snap	3000	sdk	hometimeline	batches_sent	2660
1781384793	snap	3000	sdk	hometimeline	batches_dropped	0
1781384793	snap	3000	sdk	hometimeline	send_unavailable	0
1781384793	snap	3000	sdk	hometimeline	send_deadline	0
1781384793	snap	3000	sdk	hometimeline	send_exhausted	0
1781384793	snap	3000	sdk	hometimeline	send_canceled	0
1781384793	snap	3000	sdk	hometimeline	send_other	0
1781384793	snap	3000	sdk	hometimeline	buffer_depth	0
0
1781384793	snap	3000	sdk	hometimeline	cp_received	0
1781384793	snap	3000	sdk	hometimeline	lp_received	996732
1781384793	snap	3000	sdk	hometimeline	cp_sent	0
1781384793	snap	3000	sdk	hometimeline	lp_sent	153642
1781384793	snap	3000	sdk	hometimeline	cp_dropped	0
1781384793	snap	3000	sdk	hometimeline	lp_dropped	0
1781384793	snap	3000	sdk	media	spans_received	502185
1781384793	snap	3000	sdk	media	spans_sent	362381
1781384793	snap	3000	sdk	media	spans_dropped	0
1781384793	snap	3000	sdk	media	spans_flushed	502185
1781384793	snap	3000	sdk	media	batches_sent	2813
1781384793	snap	3000	sdk	media	batches_dropped	0
1781384793	snap	3000	sdk	media	send_unavailable	0
1781384793	snap	3000	sdk	media	send_deadline	0
1781384793	snap	3000	sdk	media	send_exhausted	0
1781384793	snap	3000	sdk	media	send_canceled	0
1781384793	snap	3000	sdk	media	send_other	0
1781384793	snap	3000	sdk	media	buffer_depth	0
0
1781384793	snap	3000	sdk	media	cp_received	502185
1781384793	snap	3000	sdk	media	lp_received	0
1781384793	snap	3000	sdk	media	cp_sent	362381
1781384793	snap	3000	sdk	media	lp_sent	0
1781384793	snap	3000	sdk	media	cp_dropped	0
1781384793	snap	3000	sdk	media	lp_dropped	0
1781384793	snap	3000	sdk	post-storage	spans_received	497913
1781384793	snap	3000	sdk	post-storage	spans_sent	422426
1781384793	snap	3000	sdk	post-storage	spans_dropped	0
1781384793	snap	3000	sdk	post-storage	spans_flushed	497913
1781384793	snap	3000	sdk	post-storage	batches_sent	3059
1781384793	snap	3000	sdk	post-storage	batches_dropped	0
1781384793	snap	3000	sdk	post-storage	send_unavailable	0
1781384793	snap	3000	sdk	post-storage	send_deadline	0
1781384793	snap	3000	sdk	post-storage	send_exhausted	0
1781384793	snap	3000	sdk	post-storage	send_canceled	0
1781384793	snap	3000	sdk	post-storage	send_other	0
1781384793	snap	3000	sdk	post-storage	buffer_depth	0
0
1781384793	snap	3000	sdk	post-storage	cp_received	497913
1781384793	snap	3000	sdk	post-storage	lp_received	0
1781384793	snap	3000	sdk	post-storage	cp_sent	422426
1781384793	snap	3000	sdk	post-storage	lp_sent	0
1781384793	snap	3000	sdk	post-storage	cp_dropped	0
1781384793	snap	3000	sdk	post-storage	lp_dropped	0
1781384793	snap	3000	sdk	socialgraph	spans_received	611132
1781384793	snap	3000	sdk	socialgraph	spans_sent	494060
1781384793	snap	3000	sdk	socialgraph	spans_dropped	0
1781384793	snap	3000	sdk	socialgraph	spans_flushed	611132
1781384793	snap	3000	sdk	socialgraph	batches_sent	3333
1781384793	snap	3000	sdk	socialgraph	batches_dropped	0
1781384793	snap	3000	sdk	socialgraph	send_unavailable	0
1781384793	snap	3000	sdk	socialgraph	send_deadline	0
1781384793	snap	3000	sdk	socialgraph	send_exhausted	0
1781384793	snap	3000	sdk	socialgraph	send_canceled	0
1781384793	snap	3000	sdk	socialgraph	send_other	0
1781384793	snap	3000	sdk	socialgraph	buffer_depth	0
0
1781384793	snap	3000	sdk	socialgraph	cp_received	573508
1781384793	snap	3000	sdk	socialgraph	lp_received	37624
1781384793	snap	3000	sdk	socialgraph	cp_sent	456436
1781384793	snap	3000	sdk	socialgraph	lp_sent	37624
1781384793	snap	3000	sdk	socialgraph	cp_dropped	0
1781384793	snap	3000	sdk	socialgraph	lp_dropped	0
1781384793	snap	3000	sdk	text	spans_received	1507869
1781384793	snap	3000	sdk	text	spans_sent	352749
1781384793	snap	3000	sdk	text	spans_dropped	0
1781384793	snap	3000	sdk	text	spans_flushed	1507869
1781384793	snap	3000	sdk	text	batches_sent	4602
1781384793	snap	3000	sdk	text	batches_dropped	0
1781384793	snap	3000	sdk	text	send_unavailable	0
1781384793	snap	3000	sdk	text	send_deadline	0
1781384793	snap	3000	sdk	text	send_exhausted	0
1781384793	snap	3000	sdk	text	send_canceled	0
1781384793	snap	3000	sdk	text	send_other	0
1781384793	snap	3000	sdk	text	buffer_depth	0
0
1781384793	snap	3000	sdk	text	cp_received	0
1781384793	snap	3000	sdk	text	lp_received	1507869
1781384793	snap	3000	sdk	text	cp_sent	0
1781384793	snap	3000	sdk	text	lp_sent	352749
1781384793	snap	3000	sdk	text	cp_dropped	0
1781384793	snap	3000	sdk	text	lp_dropped	0
1781384793	snap	3000	sdk	uniqueid	spans_received	502115
1781384793	snap	3000	sdk	uniqueid	spans_sent	265870
1781384793	snap	3000	sdk	uniqueid	spans_dropped	0
1781384793	snap	3000	sdk	uniqueid	spans_flushed	502115
1781384793	snap	3000	sdk	uniqueid	batches_sent	2332
1781384793	snap	3000	sdk	uniqueid	batches_dropped	0
1781384793	snap	3000	sdk	uniqueid	send_unavailable	0
1781384793	snap	3000	sdk	uniqueid	send_deadline	0
1781384793	snap	3000	sdk	uniqueid	send_exhausted	0
1781384793	snap	3000	sdk	uniqueid	send_canceled	0
1781384793	snap	3000	sdk	uniqueid	send_other	0
1781384793	snap	3000	sdk	uniqueid	buffer_depth	0
0
1781384793	snap	3000	sdk	uniqueid	cp_received	502115
1781384793	snap	3000	sdk	uniqueid	lp_received	0
1781384793	snap	3000	sdk	uniqueid	cp_sent	265870
1781384793	snap	3000	sdk	uniqueid	lp_sent	0
1781384793	snap	3000	sdk	uniqueid	cp_dropped	0
1781384793	snap	3000	sdk	uniqueid	lp_dropped	0
1781384793	snap	3000	sdk	urlshorten	spans_received	501725
1781384793	snap	3000	sdk	urlshorten	spans_sent	393896
1781384793	snap	3000	sdk	urlshorten	spans_dropped	0
1781384793	snap	3000	sdk	urlshorten	spans_flushed	501725
1781384793	snap	3000	sdk	urlshorten	batches_sent	2889
1781384793	snap	3000	sdk	urlshorten	batches_dropped	0
1781384793	snap	3000	sdk	urlshorten	send_unavailable	0
1781384793	snap	3000	sdk	urlshorten	send_deadline	0
1781384793	snap	3000	sdk	urlshorten	send_exhausted	0
1781384793	snap	3000	sdk	urlshorten	send_canceled	0
1781384793	snap	3000	sdk	urlshorten	send_other	0
1781384793	snap	3000	sdk	urlshorten	buffer_depth	0
0
1781384793	snap	3000	sdk	urlshorten	cp_received	501725
1781384793	snap	3000	sdk	urlshorten	lp_received	0
1781384793	snap	3000	sdk	urlshorten	cp_sent	393896
1781384793	snap	3000	sdk	urlshorten	lp_sent	0
1781384793	snap	3000	sdk	urlshorten	cp_dropped	0
1781384793	snap	3000	sdk	urlshorten	lp_dropped	0
1781384793	snap	3000	sdk	user	spans_received	504301
1781384793	snap	3000	sdk	user	spans_sent	217117
1781384793	snap	3000	sdk	user	spans_dropped	0
1781384793	snap	3000	sdk	user	spans_flushed	504301
1781384793	snap	3000	sdk	user	batches_sent	2088
1781384793	snap	3000	sdk	user	batches_dropped	0
1781384793	snap	3000	sdk	user	send_unavailable	0
1781384793	snap	3000	sdk	user	send_deadline	0
1781384793	snap	3000	sdk	user	send_exhausted	0
1781384793	snap	3000	sdk	user	send_canceled	0
1781384793	snap	3000	sdk	user	send_other	0
1781384793	snap	3000	sdk	user	buffer_depth	0
0
1781384793	snap	3000	sdk	user	cp_received	503339
1781384793	snap	3000	sdk	user	lp_received	962
1781384793	snap	3000	sdk	user	cp_sent	216155
1781384793	snap	3000	sdk	user	lp_sent	962
1781384793	snap	3000	sdk	user	cp_dropped	0
1781384793	snap	3000	sdk	user	lp_dropped	0
1781384793	snap	3000	sdk	userid	spans_received	75248
1781384793	snap	3000	sdk	userid	spans_sent	75248
1781384793	snap	3000	sdk	userid	spans_dropped	0
1781384793	snap	3000	sdk	userid	spans_flushed	75248
1781384793	snap	3000	sdk	userid	batches_sent	250
1781384793	snap	3000	sdk	userid	batches_dropped	0
1781384793	snap	3000	sdk	userid	send_unavailable	0
1781384793	snap	3000	sdk	userid	send_deadline	0
1781384793	snap	3000	sdk	userid	send_exhausted	0
1781384793	snap	3000	sdk	userid	send_canceled	0
1781384793	snap	3000	sdk	userid	send_other	0
1781384793	snap	3000	sdk	userid	buffer_depth	0
0
1781384793	snap	3000	sdk	userid	cp_received	75248
1781384793	snap	3000	sdk	userid	lp_received	0
1781384793	snap	3000	sdk	userid	cp_sent	75248
1781384793	snap	3000	sdk	userid	lp_sent	0
1781384793	snap	3000	sdk	userid	cp_dropped	0
1781384793	snap	3000	sdk	userid	lp_dropped	0
1781384793	snap	3000	sdk	usermention	spans_received	501811
1781384793	snap	3000	sdk	usermention	spans_sent	265134
1781384793	snap	3000	sdk	usermention	spans_dropped	0
1781384793	snap	3000	sdk	usermention	spans_flushed	501811
1781384793	snap	3000	sdk	usermention	batches_sent	2338
1781384793	snap	3000	sdk	usermention	batches_dropped	0
1781384793	snap	3000	sdk	usermention	send_unavailable	0
1781384793	snap	3000	sdk	usermention	send_deadline	0
1781384793	snap	3000	sdk	usermention	send_exhausted	0
1781384793	snap	3000	sdk	usermention	send_canceled	0
1781384793	snap	3000	sdk	usermention	send_other	0
1781384793	snap	3000	sdk	usermention	buffer_depth	0
0
1781384793	snap	3000	sdk	usermention	cp_received	501811
1781384793	snap	3000	sdk	usermention	lp_received	0
1781384793	snap	3000	sdk	usermention	cp_sent	265134
1781384793	snap	3000	sdk	usermention	lp_sent	0
1781384793	snap	3000	sdk	usermention	cp_dropped	0
1781384793	snap	3000	sdk	usermention	lp_dropped	0
1781384793	snap	3000	sdk	usertimeline	spans_received	497721
1781384793	snap	3000	sdk	usertimeline	spans_sent	410630
1781384793	snap	3000	sdk	usertimeline	spans_dropped	0
1781384793	snap	3000	sdk	usertimeline	spans_flushed	497721
1781384793	snap	3000	sdk	usertimeline	batches_sent	3002
1781384793	snap	3000	sdk	usertimeline	batches_dropped	0
1781384793	snap	3000	sdk	usertimeline	send_unavailable	0
1781384793	snap	3000	sdk	usertimeline	send_deadline	0
1781384793	snap	3000	sdk	usertimeline	send_exhausted	0
1781384793	snap	3000	sdk	usertimeline	send_canceled	0
1781384793	snap	3000	sdk	usertimeline	send_other	0
1781384793	snap	3000	sdk	usertimeline	buffer_depth	0
0
1781384793	snap	3000	sdk	usertimeline	cp_received	497721
1781384793	snap	3000	sdk	usertimeline	lp_received	0
1781384793	snap	3000	sdk	usertimeline	cp_sent	410630
1781384793	snap	3000	sdk	usertimeline	lp_sent	0
1781384793	snap	3000	sdk	usertimeline	cp_dropped	0
1781384793	snap	3000	sdk	usertimeline	lp_dropped	0
1781384860	snap	3000	otelcol	otelcol-sb-esrev1-ctr-9czsx	otelcol_process_memory_rss	321503232
1781384860	snap	3000	otelcol	otelcol-sb-esrev1-ctr-9czsx	otelcol_receiver_accepted_spans	407035
1781384860	snap	3000	otelcol	otelcol-sb-esrev1-ctr-9czsx	otelcol_processor_outgoing_items	407035
1781384860	snap	3000	otelcol	otelcol-sb-esrev1-ctr-9czsx	otelcol_process_runtime_heap_alloc_bytes	134169168
1781384860	snap	3000	otelcol	otelcol-sb-esrev1-ctr-9czsx	otelcol_process_cpu_seconds	83
1781384860	snap	3000	otelcol	otelcol-sb-esrev1-ctr-9czsx	otelcol_exporter_queue_batch_send_size_sum	407035
1781384860	snap	3000	otelcol	otelcol-sb-esrev1-ctr-9czsx	otelcol_receiver_failed_spans	0
1781384860	snap	3000	otelcol	otelcol-sb-esrev1-ctr-9czsx	otelcol_process_uptime	634
1781384860	snap	3000	otelcol	otelcol-sb-esrev1-ctr-9czsx	otelcol_process_runtime_total_sys_memory_bytes	220588344
1781384860	snap	3000	otelcol	otelcol-sb-esrev1-ctr-9czsx	otelcol_exporter_send_failed_spans	0
1781384860	snap	3000	otelcol	otelcol-sb-esrev1-ctr-9czsx	otelcol_exporter_queue_capacity	1001
1781384860	snap	3000	otelcol	otelcol-sb-esrev1-ctr-9czsx	otelcol_processor_batch_metadata_cardinality	1
1781384860	snap	3000	otelcol	otelcol-sb-esrev1-ctr-9czsx	otelcol_process_runtime_total_alloc_bytes	3740336000
1781384860	snap	3000	otelcol	otelcol-sb-esrev1-ctr-9czsx	otelcol_processor_batch_timeout_trigger_send	1506
1781384860	snap	3000	otelcol	otelcol-sb-esrev1-ctr-9czsx	otelcol_processor_batch_batch_send_size_sum	407035
1781384860	snap	3000	otelcol	otelcol-sb-esrev1-ctr-9czsx	otelcol_exporter_sent_spans	131561
1781384860	snap	3000	otelcol	otelcol-sb-esrev1-ctr-9czsx	otelcol_exporter_queue_size	705
1781384860	snap	3000	otelcol	otelcol-sb-esrev1-ctr-9czsx	otelcol_receiver_refused_spans	4169149
1781384860	snap	3000	otelcol	otelcol-sb-esrev1-ctr-9czsx	otelcol_processor_incoming_items	4576184
1781384860	snap	3000	otelcol	otelcol-sb-esrev1-ctr-r7tfk	otelcol_processor_batch_batch_send_size_sum	1391782
1781384860	snap	3000	otelcol	otelcol-sb-esrev1-ctr-r7tfk	otelcol_process_uptime	633
1781384860	snap	3000	otelcol	otelcol-sb-esrev1-ctr-r7tfk	otelcol_processor_outgoing_items	1391782
1781384860	snap	3000	otelcol	otelcol-sb-esrev1-ctr-r7tfk	otelcol_exporter_queue_batch_send_size_sum	1391782
1781384860	snap	3000	otelcol	otelcol-sb-esrev1-ctr-r7tfk	otelcol_receiver_failed_spans	0
1781384860	snap	3000	otelcol	otelcol-sb-esrev1-ctr-r7tfk	otelcol_processor_batch_batch_size_trigger_send	16
1781384860	snap	3000	otelcol	otelcol-sb-esrev1-ctr-r7tfk	otelcol_receiver_refused_spans	14005229
1781384860	snap	3000	otelcol	otelcol-sb-esrev1-ctr-r7tfk	otelcol_receiver_accepted_spans	1391782
1781384860	snap	3000	otelcol	otelcol-sb-esrev1-ctr-r7tfk	otelcol_process_cpu_seconds	177
1781384860	snap	3000	otelcol	otelcol-sb-esrev1-ctr-r7tfk	otelcol_processor_batch_metadata_cardinality	1
1781384860	snap	3000	otelcol	otelcol-sb-esrev1-ctr-r7tfk	otelcol_process_runtime_total_alloc_bytes	11173907336
1781384860	snap	3000	otelcol	otelcol-sb-esrev1-ctr-r7tfk	otelcol_process_runtime_heap_alloc_bytes	150136288
1781384860	snap	3000	otelcol	otelcol-sb-esrev1-ctr-r7tfk	otelcol_process_memory_rss	327827456
1781384860	snap	3000	otelcol	otelcol-sb-esrev1-ctr-r7tfk	otelcol_exporter_queue_capacity	1001
1781384860	snap	3000	otelcol	otelcol-sb-esrev1-ctr-r7tfk	otelcol_processor_batch_timeout_trigger_send	893
1781384860	snap	3000	otelcol	otelcol-sb-esrev1-ctr-r7tfk	otelcol_exporter_send_failed_spans	0
1781384860	snap	3000	otelcol	otelcol-sb-esrev1-ctr-r7tfk	otelcol_exporter_sent_spans	1176437
1781384860	snap	3000	otelcol	otelcol-sb-esrev1-ctr-r7tfk	otelcol_exporter_queue_size	128
1781384860	snap	3000	otelcol	otelcol-sb-esrev1-ctr-r7tfk	otelcol_processor_incoming_items	15397011
1781384860	snap	3000	otelcol	otelcol-sb-esrev1-ctr-r7tfk	otelcol_process_runtime_total_sys_memory_bytes	253884744
1781384860	snap	3000	otelcol	otelcol-sb-esrev1-ctr-srbgp	otelcol_processor_batch_batch_send_size_sum	510384
1781384860	snap	3000	otelcol	otelcol-sb-esrev1-ctr-srbgp	otelcol_exporter_sent_spans	238349
1781384860	snap	3000	otelcol	otelcol-sb-esrev1-ctr-srbgp	otelcol_exporter_queue_size	701
1781384860	snap	3000	otelcol	otelcol-sb-esrev1-ctr-srbgp	otelcol_exporter_queue_capacity	1001
1781384860	snap	3000	otelcol	otelcol-sb-esrev1-ctr-srbgp	otelcol_processor_incoming_items	4691069
1781384860	snap	3000	otelcol	otelcol-sb-esrev1-ctr-srbgp	otelcol_receiver_failed_spans	0
1781384860	snap	3000	otelcol	otelcol-sb-esrev1-ctr-srbgp	otelcol_processor_outgoing_items	510384
1781384860	snap	3000	otelcol	otelcol-sb-esrev1-ctr-srbgp	otelcol_process_runtime_heap_alloc_bytes	133142832
1781384860	snap	3000	otelcol	otelcol-sb-esrev1-ctr-srbgp	otelcol_processor_batch_metadata_cardinality	1
1781384860	snap	3000	otelcol	otelcol-sb-esrev1-ctr-srbgp	otelcol_receiver_refused_spans	4180685
1781384860	snap	3000	otelcol	otelcol-sb-esrev1-ctr-srbgp	otelcol_processor_batch_timeout_trigger_send	1649
1781384860	snap	3000	otelcol	otelcol-sb-esrev1-ctr-srbgp	otelcol_process_runtime_total_sys_memory_bytes	215607608
1781384860	snap	3000	otelcol	otelcol-sb-esrev1-ctr-srbgp	otelcol_process_cpu_seconds	77
1781384860	snap	3000	otelcol	otelcol-sb-esrev1-ctr-srbgp	otelcol_exporter_queue_batch_send_size_sum	510384
1781384860	snap	3000	otelcol	otelcol-sb-esrev1-ctr-srbgp	otelcol_process_runtime_total_alloc_bytes	3752029120
1781384860	snap	3000	otelcol	otelcol-sb-esrev1-ctr-srbgp	otelcol_process_memory_rss	317919232
1781384860	snap	3000	otelcol	otelcol-sb-esrev1-ctr-srbgp	otelcol_process_uptime	636
1781384860	snap	3000	otelcol	otelcol-sb-esrev1-ctr-srbgp	otelcol_receiver_accepted_spans	510384
1781384860	snap	3000	otelcol	otelcol-sb-esrev1-ctr-srbgp	otelcol_exporter_send_failed_spans	0
1781384860	snap	3000	otelcol	otelcol-sb-esrev1-ctr-j2cng	otelcol_processor_incoming_items	4080381
1781384860	snap	3000	otelcol	otelcol-sb-esrev1-ctr-j2cng	otelcol_exporter_queue_capacity	1001
1781384860	snap	3000	otelcol	otelcol-sb-esrev1-ctr-j2cng	otelcol_process_memory_rss	324292608
1781384860	snap	3000	otelcol	otelcol-sb-esrev1-ctr-j2cng	otelcol_processor_outgoing_items	427285
1781384860	snap	3000	otelcol	otelcol-sb-esrev1-ctr-j2cng	otelcol_receiver_refused_spans	3653096
1781384860	snap	3000	otelcol	otelcol-sb-esrev1-ctr-j2cng	otelcol_process_cpu_seconds	68
1781384860	snap	3000	otelcol	otelcol-sb-esrev1-ctr-j2cng	otelcol_exporter_queue_batch_send_size_sum	427285
1781384860	snap	3000	otelcol	otelcol-sb-esrev1-ctr-j2cng	otelcol_exporter_sent_spans	140080
1781384860	snap	3000	otelcol	otelcol-sb-esrev1-ctr-j2cng	otelcol_exporter_send_failed_spans	0
1781384860	snap	3000	otelcol	otelcol-sb-esrev1-ctr-j2cng	otelcol_process_runtime_total_alloc_bytes	3258230424
1781384860	snap	3000	otelcol	otelcol-sb-esrev1-ctr-j2cng	otelcol_processor_batch_batch_send_size_sum	427285
1781384860	snap	3000	otelcol	otelcol-sb-esrev1-ctr-j2cng	otelcol_receiver_failed_spans	0
1781384860	snap	3000	otelcol	otelcol-sb-esrev1-ctr-j2cng	otelcol_process_runtime_heap_alloc_bytes	138419552
1781384860	snap	3000	otelcol	otelcol-sb-esrev1-ctr-j2cng	otelcol_processor_batch_metadata_cardinality	1
1781384860	snap	3000	otelcol	otelcol-sb-esrev1-ctr-j2cng	otelcol_process_uptime	635
1781384860	snap	3000	otelcol	otelcol-sb-esrev1-ctr-j2cng	otelcol_process_runtime_total_sys_memory_bytes	216197432
1781384860	snap	3000	otelcol	otelcol-sb-esrev1-ctr-j2cng	otelcol_exporter_queue_size	755
1781384860	snap	3000	otelcol	otelcol-sb-esrev1-ctr-j2cng	otelcol_receiver_accepted_spans	427285
1781384860	snap	3000	otelcol	otelcol-sb-esrev1-ctr-j2cng	otelcol_processor_batch_timeout_trigger_send	1572
1781384860	snap	3000	otelcol	otelcol-sb-esrev1-ctr-z4fxx	otelcol_receiver_failed_spans	0
1781384860	snap	3000	otelcol	otelcol-sb-esrev1-ctr-z4fxx	otelcol_processor_batch_batch_send_size_sum	560229
1781384860	snap	3000	otelcol	otelcol-sb-esrev1-ctr-z4fxx	otelcol_exporter_send_failed_spans	0
1781384860	snap	3000	otelcol	otelcol-sb-esrev1-ctr-z4fxx	otelcol_processor_incoming_items	7886399
1781384860	snap	3000	otelcol	otelcol-sb-esrev1-ctr-z4fxx	otelcol_exporter_queue_size	418
1781384860	snap	3000	otelcol	otelcol-sb-esrev1-ctr-z4fxx	otelcol_receiver_accepted_spans	560229
1781384860	snap	3000	otelcol	otelcol-sb-esrev1-ctr-z4fxx	otelcol_processor_batch_metadata_cardinality	1
1781384860	snap	3000	otelcol	otelcol-sb-esrev1-ctr-z4fxx	otelcol_process_runtime_total_alloc_bytes	5989163064
1781384860	snap	3000	otelcol	otelcol-sb-esrev1-ctr-z4fxx	otelcol_process_memory_rss	320516096
1781384860	snap	3000	otelcol	otelcol-sb-esrev1-ctr-z4fxx	otelcol_processor_batch_timeout_trigger_send	1240
1781384860	snap	3000	otelcol	otelcol-sb-esrev1-ctr-z4fxx	otelcol_receiver_refused_spans	7326170
1781384860	snap	3000	otelcol	otelcol-sb-esrev1-ctr-z4fxx	otelcol_process_runtime_total_sys_memory_bytes	224586040
1781384860	snap	3000	otelcol	otelcol-sb-esrev1-ctr-z4fxx	otelcol_exporter_queue_capacity	1001
1781384860	snap	3000	otelcol	otelcol-sb-esrev1-ctr-z4fxx	otelcol_processor_outgoing_items	560229
1781384860	snap	3000	otelcol	otelcol-sb-esrev1-ctr-z4fxx	otelcol_process_uptime	634
1781384860	snap	3000	otelcol	otelcol-sb-esrev1-ctr-z4fxx	otelcol_process_runtime_heap_alloc_bytes	142283976
1781384860	snap	3000	otelcol	otelcol-sb-esrev1-ctr-z4fxx	otelcol_process_cpu_seconds	113
1781384860	snap	3000	otelcol	otelcol-sb-esrev1-ctr-z4fxx	otelcol_exporter_sent_spans	281843
1781384860	snap	3000	otelcol	otelcol-sb-esrev1-ctr-z4fxx	otelcol_exporter_queue_batch_send_size_sum	560229
1781384860	snap	3000	otelcol	otelcol-sb-esrev1-ctr-bdbcb	otelcol_processor_incoming_items	3518564
1781384860	snap	3000	otelcol	otelcol-sb-esrev1-ctr-bdbcb	otelcol_processor_batch_batch_send_size_sum	433740
1781384860	snap	3000	otelcol	otelcol-sb-esrev1-ctr-bdbcb	otelcol_process_uptime	634
1781384860	snap	3000	otelcol	otelcol-sb-esrev1-ctr-bdbcb	otelcol_receiver_accepted_spans	433740
1781384860	snap	3000	otelcol	otelcol-sb-esrev1-ctr-bdbcb	otelcol_process_memory_rss	323145728
1781384860	snap	3000	otelcol	otelcol-sb-esrev1-ctr-bdbcb	otelcol_process_cpu_seconds	68
1781384860	snap	3000	otelcol	otelcol-sb-esrev1-ctr-bdbcb	otelcol_receiver_refused_spans	3084824
1781384860	snap	3000	otelcol	otelcol-sb-esrev1-ctr-bdbcb	otelcol_exporter_sent_spans	148584
1781384860	snap	3000	otelcol	otelcol-sb-esrev1-ctr-bdbcb	otelcol_exporter_queue_capacity	1001
1781384860	snap	3000	otelcol	otelcol-sb-esrev1-ctr-bdbcb	otelcol_exporter_queue_batch_send_size_sum	433740
1781384860	snap	3000	otelcol	otelcol-sb-esrev1-ctr-bdbcb	otelcol_process_runtime_total_sys_memory_bytes	224651576
1781384860	snap	3000	otelcol	otelcol-sb-esrev1-ctr-bdbcb	otelcol_processor_outgoing_items	433740
1781384860	snap	3000	otelcol	otelcol-sb-esrev1-ctr-bdbcb	otelcol_process_runtime_heap_alloc_bytes	137706712
1781384860	snap	3000	otelcol	otelcol-sb-esrev1-ctr-bdbcb	otelcol_processor_batch_metadata_cardinality	1
1781384860	snap	3000	otelcol	otelcol-sb-esrev1-ctr-bdbcb	otelcol_process_runtime_total_alloc_bytes	2929908640
1781384860	snap	3000	otelcol	otelcol-sb-esrev1-ctr-bdbcb	otelcol_exporter_queue_size	753
1781384860	snap	3000	otelcol	otelcol-sb-esrev1-ctr-bdbcb	otelcol_processor_batch_timeout_trigger_send	1592
1781384860	snap	3000	otelcol	otelcol-sb-esrev1-ctr-bdbcb	otelcol_exporter_send_failed_spans	0
1781384860	snap	3000	otelcol	otelcol-sb-esrev1-ctr-bdbcb	otelcol_receiver_failed_spans	0
1781384860	snap	3000	otelcol	otelcol-sb-esrev1-ctr-zjs5l	otelcol_receiver_refused_spans	15750723
1781384860	snap	3000	otelcol	otelcol-sb-esrev1-ctr-zjs5l	otelcol_processor_batch_timeout_trigger_send	1332
1781384860	snap	3000	otelcol	otelcol-sb-esrev1-ctr-zjs5l	otelcol_exporter_sent_spans	563085
1781384860	snap	3000	otelcol	otelcol-sb-esrev1-ctr-zjs5l	otelcol_receiver_failed_spans	0
1781384860	snap	3000	otelcol	otelcol-sb-esrev1-ctr-zjs5l	otelcol_process_runtime_total_sys_memory_bytes	220457272
1781384860	snap	3000	otelcol	otelcol-sb-esrev1-ctr-zjs5l	otelcol_process_uptime	633
1781384860	snap	3000	otelcol	otelcol-sb-esrev1-ctr-zjs5l	otelcol_exporter_queue_size	377
1781384860	snap	3000	otelcol	otelcol-sb-esrev1-ctr-zjs5l	otelcol_receiver_accepted_spans	823220
1781384860	snap	3000	otelcol	otelcol-sb-esrev1-ctr-zjs5l	otelcol_process_runtime_total_alloc_bytes	10530824712
1781384860	snap	3000	otelcol	otelcol-sb-esrev1-ctr-zjs5l	otelcol_process_runtime_heap_alloc_bytes	128321048
1781384860	snap	3000	otelcol	otelcol-sb-esrev1-ctr-zjs5l	otelcol_processor_batch_batch_send_size_sum	823220
1781384860	snap	3000	otelcol	otelcol-sb-esrev1-ctr-zjs5l	otelcol_process_memory_rss	319406080
1781384860	snap	3000	otelcol	otelcol-sb-esrev1-ctr-zjs5l	otelcol_exporter_queue_capacity	1001
1781384860	snap	3000	otelcol	otelcol-sb-esrev1-ctr-zjs5l	otelcol_exporter_queue_batch_send_size_sum	823220
1781384860	snap	3000	otelcol	otelcol-sb-esrev1-ctr-zjs5l	otelcol_processor_incoming_items	16573943
1781384860	snap	3000	otelcol	otelcol-sb-esrev1-ctr-zjs5l	otelcol_processor_outgoing_items	823220
1781384860	snap	3000	otelcol	otelcol-sb-esrev1-ctr-zjs5l	otelcol_processor_batch_metadata_cardinality	1
1781384860	snap	3000	otelcol	otelcol-sb-esrev1-ctr-zjs5l	otelcol_process_cpu_seconds	150
1781384860	snap	3000	otelcol	otelcol-sb-esrev1-ctr-zjs5l	otelcol_exporter_send_failed_spans	0
1781384860	snap	3000	otelcol	otelcol-sb-esrev1-ctr-mqr25	otelcol_processor_batch_timeout_trigger_send	1206
1781384860	snap	3000	otelcol	otelcol-sb-esrev1-ctr-mqr25	otelcol_exporter_queue_size	277
1781384860	snap	3000	otelcol	otelcol-sb-esrev1-ctr-mqr25	otelcol_processor_incoming_items	13821556
1781384860	snap	3000	otelcol	otelcol-sb-esrev1-ctr-mqr25	otelcol_processor_batch_batch_send_size_sum	692989
1781384860	snap	3000	otelcol	otelcol-sb-esrev1-ctr-mqr25	otelcol_process_runtime_heap_alloc_bytes	123124448
1781384860	snap	3000	otelcol	otelcol-sb-esrev1-ctr-mqr25	otelcol_processor_outgoing_items	692989
1781384860	snap	3000	otelcol	otelcol-sb-esrev1-ctr-mqr25	otelcol_process_runtime_total_alloc_bytes	9926624064
1781384860	snap	3000	otelcol	otelcol-sb-esrev1-ctr-mqr25	otelcol_exporter_send_failed_spans	0
1781384860	snap	3000	otelcol	otelcol-sb-esrev1-ctr-mqr25	otelcol_receiver_failed_spans	0
1781384860	snap	3000	otelcol	otelcol-sb-esrev1-ctr-mqr25	otelcol_process_memory_rss	318562304
1781384860	snap	3000	otelcol	otelcol-sb-esrev1-ctr-mqr25	otelcol_process_cpu_seconds	160
1781384860	snap	3000	otelcol	otelcol-sb-esrev1-ctr-mqr25	otelcol_processor_batch_metadata_cardinality	1
1781384860	snap	3000	otelcol	otelcol-sb-esrev1-ctr-mqr25	otelcol_process_uptime	634
1781384860	snap	3000	otelcol	otelcol-sb-esrev1-ctr-mqr25	otelcol_exporter_sent_spans	428526
1781384860	snap	3000	otelcol	otelcol-sb-esrev1-ctr-mqr25	otelcol_exporter_queue_batch_send_size_sum	692989
1781384860	snap	3000	otelcol	otelcol-sb-esrev1-ctr-mqr25	otelcol_receiver_refused_spans	13128567
1781384860	snap	3000	otelcol	otelcol-sb-esrev1-ctr-mqr25	otelcol_process_runtime_total_sys_memory_bytes	225634616
1781384860	snap	3000	otelcol	otelcol-sb-esrev1-ctr-mqr25	otelcol_receiver_accepted_spans	692989
1781384860	snap	3000	otelcol	otelcol-sb-esrev1-ctr-mqr25	otelcol_exporter_queue_capacity	1001
1781384860	snap	3000	otelcol	otelcol-sb-esrev1-ctr-j7lcx	otelcol_processor_batch_metadata_cardinality	1
1781384860	snap	3000	otelcol	otelcol-sb-esrev1-ctr-j7lcx	otelcol_process_runtime_total_alloc_bytes	42403400
1781384860	snap	3000	otelcol	otelcol-sb-esrev1-ctr-j7lcx	otelcol_process_cpu_seconds	5
1781384860	snap	3000	otelcol	otelcol-sb-esrev1-ctr-j7lcx	otelcol_process_runtime_heap_alloc_bytes	18351368
1781384860	snap	3000	otelcol	otelcol-sb-esrev1-ctr-j7lcx	otelcol_process_memory_rss	181166080
1781384860	snap	3000	otelcol	otelcol-sb-esrev1-ctr-j7lcx	otelcol_process_uptime	633
1781384860	snap	3000	otelcol	otelcol-sb-esrev1-ctr-j7lcx	otelcol_process_runtime_total_sys_memory_bytes	44546312
1781384860	snap	3000	otelcol	otelcol-sb-esrev1-ctr-j7lcx	otelcol_exporter_queue_size	0
1781384860	snap	3000	otelcol	otelcol-sb-esrev1-ctr-j7lcx	otelcol_exporter_queue_capacity	1001
1781384860	snap	3000	k8s	otelcol-sb-esrev1-ctr-9czsx	restart_count	0
1781384860	snap	3000	k8s	otelcol-sb-esrev1-ctr-bdbcb	restart_count	0
1781384860	snap	3000	k8s	otelcol-sb-esrev1-ctr-j2cng	restart_count	0
1781384860	snap	3000	k8s	otelcol-sb-esrev1-ctr-j7lcx	restart_count	0
1781384860	snap	3000	k8s	otelcol-sb-esrev1-ctr-mqr25	restart_count	0
1781384860	snap	3000	k8s	otelcol-sb-esrev1-ctr-r7tfk	restart_count	0
1781384860	snap	3000	k8s	otelcol-sb-esrev1-ctr-srbgp	restart_count	0
1781384860	snap	3000	k8s	otelcol-sb-esrev1-ctr-z4fxx	restart_count	0
1781384860	snap	3000	k8s	otelcol-sb-esrev1-ctr-zjs5l	restart_count	0
1781384860	snap	3000	sdk	wrk2api	spans_received	1169397
1781384860	snap	3000	sdk	wrk2api	spans_sent	445405
1781384860	snap	3000	sdk	wrk2api	spans_dropped	0
1781384860	snap	3000	sdk	wrk2api	spans_flushed	1169397
1781384860	snap	3000	sdk	wrk2api	batches_sent	4373
1781384860	snap	3000	sdk	wrk2api	batches_dropped	0
1781384860	snap	3000	sdk	wrk2api	send_unavailable	0
1781384860	snap	3000	sdk	wrk2api	send_deadline	0
1781384860	snap	3000	sdk	wrk2api	send_exhausted	0
1781384860	snap	3000	sdk	wrk2api	send_canceled	0
1781384860	snap	3000	sdk	wrk2api	send_other	0
1781384860	snap	3000	sdk	wrk2api	buffer_depth	0
0
1781384860	snap	3000	sdk	wrk2api	cp_received	573376
1781384860	snap	3000	sdk	wrk2api	lp_received	596021
1781384860	snap	3000	sdk	wrk2api	cp_sent	267463
1781384860	snap	3000	sdk	wrk2api	lp_sent	177942
1781384860	snap	3000	sdk	wrk2api	cp_dropped	0
1781384860	snap	3000	sdk	wrk2api	lp_dropped	0
1781384860	snap	3000	sdk	composepost	spans_received	4454042
1781384860	snap	3000	sdk	composepost	spans_sent	1193824
1781384860	snap	3000	sdk	composepost	spans_dropped	0
1781384860	snap	3000	sdk	composepost	spans_flushed	4454042
1781384860	snap	3000	sdk	composepost	batches_sent	14069
1781384860	snap	3000	sdk	composepost	batches_dropped	0
1781384860	snap	3000	sdk	composepost	send_unavailable	0
1781384860	snap	3000	sdk	composepost	send_deadline	0
1781384860	snap	3000	sdk	composepost	send_exhausted	0
1781384860	snap	3000	sdk	composepost	send_canceled	0
1781384860	snap	3000	sdk	composepost	send_other	0
1781384860	snap	3000	sdk	composepost	buffer_depth	0
0
1781384860	snap	3000	sdk	composepost	cp_received	3902644
1781384860	snap	3000	sdk	composepost	lp_received	551398
1781384860	snap	3000	sdk	composepost	cp_sent	1116847
1781384860	snap	3000	sdk	composepost	lp_sent	76977
1781384860	snap	3000	sdk	composepost	cp_dropped	0
1781384860	snap	3000	sdk	composepost	lp_dropped	0
1781384860	snap	3000	sdk	hometimeline	spans_received	1081594
1781384860	snap	3000	sdk	hometimeline	spans_sent	153642
1781384860	snap	3000	sdk	hometimeline	spans_dropped	0
1781384860	snap	3000	sdk	hometimeline	spans_flushed	1081594
1781384860	snap	3000	sdk	hometimeline	batches_sent	2660
1781384860	snap	3000	sdk	hometimeline	batches_dropped	0
1781384860	snap	3000	sdk	hometimeline	send_unavailable	0
1781384860	snap	3000	sdk	hometimeline	send_deadline	0
1781384860	snap	3000	sdk	hometimeline	send_exhausted	0
1781384860	snap	3000	sdk	hometimeline	send_canceled	0
1781384860	snap	3000	sdk	hometimeline	send_other	0
1781384860	snap	3000	sdk	hometimeline	buffer_depth	0
0
1781384860	snap	3000	sdk	hometimeline	cp_received	0
1781384860	snap	3000	sdk	hometimeline	lp_received	1081594
1781384860	snap	3000	sdk	hometimeline	cp_sent	0
1781384860	snap	3000	sdk	hometimeline	lp_sent	153642
1781384860	snap	3000	sdk	hometimeline	cp_dropped	0
1781384860	snap	3000	sdk	hometimeline	lp_dropped	0
1781384860	snap	3000	sdk	media	spans_received	549435
1781384860	snap	3000	sdk	media	spans_sent	392722
1781384860	snap	3000	sdk	media	spans_dropped	0
1781384860	snap	3000	sdk	media	spans_flushed	549435
1781384860	snap	3000	sdk	media	batches_sent	3030
1781384860	snap	3000	sdk	media	batches_dropped	0
1781384860	snap	3000	sdk	media	send_unavailable	0
1781384860	snap	3000	sdk	media	send_deadline	0
1781384860	snap	3000	sdk	media	send_exhausted	0
1781384860	snap	3000	sdk	media	send_canceled	0
1781384860	snap	3000	sdk	media	send_other	0
1781384860	snap	3000	sdk	media	buffer_depth	0
0
1781384860	snap	3000	sdk	media	cp_received	549435
1781384860	snap	3000	sdk	media	lp_received	0
1781384860	snap	3000	sdk	media	cp_sent	392722
1781384860	snap	3000	sdk	media	lp_sent	0
1781384860	snap	3000	sdk	media	cp_dropped	0
1781384860	snap	3000	sdk	media	lp_dropped	0
1781384860	snap	3000	sdk	post-storage	spans_received	539256
1781384860	snap	3000	sdk	post-storage	spans_sent	433327
1781384860	snap	3000	sdk	post-storage	spans_dropped	0
1781384860	snap	3000	sdk	post-storage	spans_flushed	539256
1781384860	snap	3000	sdk	post-storage	batches_sent	3140
1781384860	snap	3000	sdk	post-storage	batches_dropped	0
1781384860	snap	3000	sdk	post-storage	send_unavailable	0
1781384860	snap	3000	sdk	post-storage	send_deadline	0
1781384860	snap	3000	sdk	post-storage	send_exhausted	0
1781384860	snap	3000	sdk	post-storage	send_canceled	0
1781384860	snap	3000	sdk	post-storage	send_other	0
1781384860	snap	3000	sdk	post-storage	buffer_depth	0
0
1781384860	snap	3000	sdk	post-storage	cp_received	539256
1781384860	snap	3000	sdk	post-storage	lp_received	0
1781384860	snap	3000	sdk	post-storage	cp_sent	433327
1781384860	snap	3000	sdk	post-storage	lp_sent	0
1781384860	snap	3000	sdk	post-storage	cp_dropped	0
1781384860	snap	3000	sdk	post-storage	lp_dropped	0
1781384860	snap	3000	sdk	socialgraph	spans_received	652073
1781384860	snap	3000	sdk	socialgraph	spans_sent	510202
1781384860	snap	3000	sdk	socialgraph	spans_dropped	0
1781384860	snap	3000	sdk	socialgraph	spans_flushed	652073
1781384860	snap	3000	sdk	socialgraph	batches_sent	3448
1781384860	snap	3000	sdk	socialgraph	batches_dropped	0
1781384860	snap	3000	sdk	socialgraph	send_unavailable	0
1781384860	snap	3000	sdk	socialgraph	send_deadline	0
1781384860	snap	3000	sdk	socialgraph	send_exhausted	0
1781384860	snap	3000	sdk	socialgraph	send_canceled	0
1781384860	snap	3000	sdk	socialgraph	send_other	0
1781384860	snap	3000	sdk	socialgraph	buffer_depth	0
0
1781384860	snap	3000	sdk	socialgraph	cp_received	614449
1781384860	snap	3000	sdk	socialgraph	lp_received	37624
1781384860	snap	3000	sdk	socialgraph	cp_sent	472578
1781384860	snap	3000	sdk	socialgraph	lp_sent	37624
1781384860	snap	3000	sdk	socialgraph	cp_dropped	0
1781384860	snap	3000	sdk	socialgraph	lp_dropped	0
1781384860	snap	3000	sdk	text	spans_received	1651779
1781384860	snap	3000	sdk	text	spans_sent	352749
1781384860	snap	3000	sdk	text	spans_dropped	0
1781384860	snap	3000	sdk	text	spans_flushed	1651779
1781384860	snap	3000	sdk	text	batches_sent	4602
1781384860	snap	3000	sdk	text	batches_dropped	0
1781384860	snap	3000	sdk	text	send_unavailable	0
1781384860	snap	3000	sdk	text	send_deadline	0
1781384860	snap	3000	sdk	text	send_exhausted	0
1781384860	snap	3000	sdk	text	send_canceled	0
1781384860	snap	3000	sdk	text	send_other	0
1781384860	snap	3000	sdk	text	buffer_depth	0
0
1781384860	snap	3000	sdk	text	cp_received	0
1781384860	snap	3000	sdk	text	lp_received	1651779
1781384860	snap	3000	sdk	text	cp_sent	0
1781384860	snap	3000	sdk	text	lp_sent	352749
1781384860	snap	3000	sdk	text	cp_dropped	0
1781384860	snap	3000	sdk	text	lp_dropped	0
1781384860	snap	3000	sdk	uniqueid	spans_received	549354
1781384860	snap	3000	sdk	uniqueid	spans_sent	280097
1781384860	snap	3000	sdk	uniqueid	spans_dropped	0
1781384860	snap	3000	sdk	uniqueid	spans_flushed	549354
1781384860	snap	3000	sdk	uniqueid	batches_sent	2424
1781384860	snap	3000	sdk	uniqueid	batches_dropped	0
1781384860	snap	3000	sdk	uniqueid	send_unavailable	0
1781384860	snap	3000	sdk	uniqueid	send_deadline	0
1781384860	snap	3000	sdk	uniqueid	send_exhausted	0
1781384860	snap	3000	sdk	uniqueid	send_canceled	0
1781384860	snap	3000	sdk	uniqueid	send_other	0
1781384860	snap	3000	sdk	uniqueid	buffer_depth	0
0
1781384860	snap	3000	sdk	uniqueid	cp_received	549354
1781384860	snap	3000	sdk	uniqueid	lp_received	0
1781384860	snap	3000	sdk	uniqueid	cp_sent	280097
1781384860	snap	3000	sdk	uniqueid	lp_sent	0
1781384860	snap	3000	sdk	uniqueid	cp_dropped	0
1781384860	snap	3000	sdk	uniqueid	lp_dropped	0
1781384860	snap	3000	sdk	urlshorten	spans_received	548594
1781384860	snap	3000	sdk	urlshorten	spans_sent	406657
1781384860	snap	3000	sdk	urlshorten	spans_dropped	0
1781384860	snap	3000	sdk	urlshorten	spans_flushed	548594
1781384860	snap	3000	sdk	urlshorten	batches_sent	2979
1781384860	snap	3000	sdk	urlshorten	batches_dropped	0
1781384860	snap	3000	sdk	urlshorten	send_unavailable	0
1781384860	snap	3000	sdk	urlshorten	send_deadline	0
1781384860	snap	3000	sdk	urlshorten	send_exhausted	0
1781384860	snap	3000	sdk	urlshorten	send_canceled	0
1781384860	snap	3000	sdk	urlshorten	send_other	0
1781384860	snap	3000	sdk	urlshorten	buffer_depth	0
0
1781384860	snap	3000	sdk	urlshorten	cp_received	548594
1781384860	snap	3000	sdk	urlshorten	lp_received	0
1781384860	snap	3000	sdk	urlshorten	cp_sent	406657
1781384860	snap	3000	sdk	urlshorten	lp_sent	0
1781384860	snap	3000	sdk	urlshorten	cp_dropped	0
1781384860	snap	3000	sdk	urlshorten	lp_dropped	0
1781384860	snap	3000	sdk	user	spans_received	551718
1781384860	snap	3000	sdk	user	spans_sent	245013
1781384860	snap	3000	sdk	user	spans_dropped	0
1781384860	snap	3000	sdk	user	spans_flushed	551718
1781384860	snap	3000	sdk	user	batches_sent	2279
1781384860	snap	3000	sdk	user	batches_dropped	0
1781384860	snap	3000	sdk	user	send_unavailable	0
1781384860	snap	3000	sdk	user	send_deadline	0
1781384860	snap	3000	sdk	user	send_exhausted	0
1781384860	snap	3000	sdk	user	send_canceled	0
1781384860	snap	3000	sdk	user	send_other	0
1781384860	snap	3000	sdk	user	buffer_depth	0
0
1781384860	snap	3000	sdk	user	cp_received	550756
1781384860	snap	3000	sdk	user	lp_received	962
1781384860	snap	3000	sdk	user	cp_sent	244051
1781384860	snap	3000	sdk	user	lp_sent	962
1781384860	snap	3000	sdk	user	cp_dropped	0
1781384860	snap	3000	sdk	user	lp_dropped	0
1781384860	snap	3000	sdk	userid	spans_received	75248
1781384860	snap	3000	sdk	userid	spans_sent	75248
1781384860	snap	3000	sdk	userid	spans_dropped	0
1781384860	snap	3000	sdk	userid	spans_flushed	75248
1781384860	snap	3000	sdk	userid	batches_sent	250
1781384860	snap	3000	sdk	userid	batches_dropped	0
1781384860	snap	3000	sdk	userid	send_unavailable	0
1781384860	snap	3000	sdk	userid	send_deadline	0
1781384860	snap	3000	sdk	userid	send_exhausted	0
1781384860	snap	3000	sdk	userid	send_canceled	0
1781384860	snap	3000	sdk	userid	send_other	0
1781384860	snap	3000	sdk	userid	buffer_depth	0
0
1781384860	snap	3000	sdk	userid	cp_received	75248
1781384860	snap	3000	sdk	userid	lp_received	0
1781384860	snap	3000	sdk	userid	cp_sent	75248
1781384860	snap	3000	sdk	userid	lp_sent	0
1781384860	snap	3000	sdk	userid	cp_dropped	0
1781384860	snap	3000	sdk	userid	lp_dropped	0
1781384860	snap	3000	sdk	usermention	spans_received	548743
1781384860	snap	3000	sdk	usermention	spans_sent	278597
1781384860	snap	3000	sdk	usermention	spans_dropped	0
1781384860	snap	3000	sdk	usermention	spans_flushed	548743
1781384860	snap	3000	sdk	usermention	batches_sent	2433
1781384860	snap	3000	sdk	usermention	batches_dropped	0
1781384860	snap	3000	sdk	usermention	send_unavailable	0
1781384860	snap	3000	sdk	usermention	send_deadline	0
1781384860	snap	3000	sdk	usermention	send_exhausted	0
1781384860	snap	3000	sdk	usermention	send_canceled	0
1781384860	snap	3000	sdk	usermention	send_other	0
1781384860	snap	3000	sdk	usermention	buffer_depth	0
0
1781384860	snap	3000	sdk	usermention	cp_received	548743
1781384860	snap	3000	sdk	usermention	lp_received	0
1781384860	snap	3000	sdk	usermention	cp_sent	278597
1781384860	snap	3000	sdk	usermention	lp_sent	0
1781384860	snap	3000	sdk	usermention	cp_dropped	0
1781384860	snap	3000	sdk	usermention	lp_dropped	0
1781384860	snap	3000	sdk	usertimeline	spans_received	539042
1781384860	snap	3000	sdk	usertimeline	spans_sent	427285
1781384860	snap	3000	sdk	usertimeline	spans_dropped	0
1781384860	snap	3000	sdk	usertimeline	spans_flushed	539042
1781384860	snap	3000	sdk	usertimeline	batches_sent	3129
1781384860	snap	3000	sdk	usertimeline	batches_dropped	0
1781384860	snap	3000	sdk	usertimeline	send_unavailable	0
1781384860	snap	3000	sdk	usertimeline	send_deadline	0
1781384860	snap	3000	sdk	usertimeline	send_exhausted	0
1781384860	snap	3000	sdk	usertimeline	send_canceled	0
1781384860	snap	3000	sdk	usertimeline	send_other	0
1781384860	snap	3000	sdk	usertimeline	buffer_depth	0
0
1781384860	snap	3000	sdk	usertimeline	cp_received	539042
1781384860	snap	3000	sdk	usertimeline	lp_received	0
1781384860	snap	3000	sdk	usertimeline	cp_sent	427285
1781384860	snap	3000	sdk	usertimeline	lp_sent	0
1781384860	snap	3000	sdk	usertimeline	cp_dropped	0
1781384860	snap	3000	sdk	usertimeline	lp_dropped	0
1781384867	snap	3200	otelcol	otelcol-sb-esrev1-ctr-9czsx	otelcol_process_memory_rss	323944448
1781384867	snap	3200	otelcol	otelcol-sb-esrev1-ctr-9czsx	otelcol_receiver_accepted_spans	407035
1781384867	snap	3200	otelcol	otelcol-sb-esrev1-ctr-9czsx	otelcol_processor_outgoing_items	407035
1781384867	snap	3200	otelcol	otelcol-sb-esrev1-ctr-9czsx	otelcol_process_runtime_heap_alloc_bytes	138512952
1781384867	snap	3200	otelcol	otelcol-sb-esrev1-ctr-9czsx	otelcol_process_cpu_seconds	83
1781384867	snap	3200	otelcol	otelcol-sb-esrev1-ctr-9czsx	otelcol_exporter_queue_batch_send_size_sum	407035
1781384867	snap	3200	otelcol	otelcol-sb-esrev1-ctr-9czsx	otelcol_receiver_failed_spans	0
1781384867	snap	3200	otelcol	otelcol-sb-esrev1-ctr-9czsx	otelcol_process_uptime	641
1781384867	snap	3200	otelcol	otelcol-sb-esrev1-ctr-9czsx	otelcol_process_runtime_total_sys_memory_bytes	220588344
1781384867	snap	3200	otelcol	otelcol-sb-esrev1-ctr-9czsx	otelcol_exporter_send_failed_spans	0
1781384867	snap	3200	otelcol	otelcol-sb-esrev1-ctr-9czsx	otelcol_exporter_queue_capacity	1001
1781384867	snap	3200	otelcol	otelcol-sb-esrev1-ctr-9czsx	otelcol_processor_batch_metadata_cardinality	1
1781384867	snap	3200	otelcol	otelcol-sb-esrev1-ctr-9czsx	otelcol_process_runtime_total_alloc_bytes	3744679784
1781384867	snap	3200	otelcol	otelcol-sb-esrev1-ctr-9czsx	otelcol_processor_batch_timeout_trigger_send	1506
1781384867	snap	3200	otelcol	otelcol-sb-esrev1-ctr-9czsx	otelcol_processor_batch_batch_send_size_sum	407035
1781384867	snap	3200	otelcol	otelcol-sb-esrev1-ctr-9czsx	otelcol_exporter_sent_spans	134184
1781384867	snap	3200	otelcol	otelcol-sb-esrev1-ctr-9czsx	otelcol_exporter_queue_size	699
1781384867	snap	3200	otelcol	otelcol-sb-esrev1-ctr-9czsx	otelcol_receiver_refused_spans	4169149
1781384867	snap	3200	otelcol	otelcol-sb-esrev1-ctr-9czsx	otelcol_processor_incoming_items	4576184
1781384867	snap	3200	otelcol	otelcol-sb-esrev1-ctr-r7tfk	otelcol_processor_batch_batch_send_size_sum	1391782
1781384867	snap	3200	otelcol	otelcol-sb-esrev1-ctr-r7tfk	otelcol_process_uptime	640
1781384867	snap	3200	otelcol	otelcol-sb-esrev1-ctr-r7tfk	otelcol_processor_outgoing_items	1391782
1781384867	snap	3200	otelcol	otelcol-sb-esrev1-ctr-r7tfk	otelcol_exporter_queue_batch_send_size_sum	1391782
1781384867	snap	3200	otelcol	otelcol-sb-esrev1-ctr-r7tfk	otelcol_receiver_failed_spans	0
1781384867	snap	3200	otelcol	otelcol-sb-esrev1-ctr-r7tfk	otelcol_processor_batch_batch_size_trigger_send	16
1781384867	snap	3200	otelcol	otelcol-sb-esrev1-ctr-r7tfk	otelcol_receiver_refused_spans	14005229
1781384867	snap	3200	otelcol	otelcol-sb-esrev1-ctr-r7tfk	otelcol_receiver_accepted_spans	1391782
1781384867	snap	3200	otelcol	otelcol-sb-esrev1-ctr-r7tfk	otelcol_process_cpu_seconds	177
1781384867	snap	3200	otelcol	otelcol-sb-esrev1-ctr-r7tfk	otelcol_processor_batch_metadata_cardinality	1
1781384867	snap	3200	otelcol	otelcol-sb-esrev1-ctr-r7tfk	otelcol_process_runtime_total_alloc_bytes	11175842784
1781384867	snap	3200	otelcol	otelcol-sb-esrev1-ctr-r7tfk	otelcol_process_runtime_heap_alloc_bytes	138090208
1781384867	snap	3200	otelcol	otelcol-sb-esrev1-ctr-r7tfk	otelcol_process_memory_rss	321400832
1781384867	snap	3200	otelcol	otelcol-sb-esrev1-ctr-r7tfk	otelcol_exporter_queue_capacity	1001
1781384867	snap	3200	otelcol	otelcol-sb-esrev1-ctr-r7tfk	otelcol_processor_batch_timeout_trigger_send	893
1781384867	snap	3200	otelcol	otelcol-sb-esrev1-ctr-r7tfk	otelcol_exporter_send_failed_spans	0
1781384867	snap	3200	otelcol	otelcol-sb-esrev1-ctr-r7tfk	otelcol_exporter_sent_spans	1177602
1781384867	snap	3200	otelcol	otelcol-sb-esrev1-ctr-r7tfk	otelcol_exporter_queue_size	126
1781384867	snap	3200	otelcol	otelcol-sb-esrev1-ctr-r7tfk	otelcol_processor_incoming_items	15397011
1781384867	snap	3200	otelcol	otelcol-sb-esrev1-ctr-r7tfk	otelcol_process_runtime_total_sys_memory_bytes	253884744
1781384867	snap	3200	otelcol	otelcol-sb-esrev1-ctr-srbgp	otelcol_processor_batch_batch_send_size_sum	510384
1781384867	snap	3200	otelcol	otelcol-sb-esrev1-ctr-srbgp	otelcol_exporter_sent_spans	238755
1781384867	snap	3200	otelcol	otelcol-sb-esrev1-ctr-srbgp	otelcol_exporter_queue_size	700
1781384867	snap	3200	otelcol	otelcol-sb-esrev1-ctr-srbgp	otelcol_exporter_queue_capacity	1001
1781384867	snap	3200	otelcol	otelcol-sb-esrev1-ctr-srbgp	otelcol_processor_incoming_items	4691069
1781384867	snap	3200	otelcol	otelcol-sb-esrev1-ctr-srbgp	otelcol_receiver_failed_spans	0
1781384867	snap	3200	otelcol	otelcol-sb-esrev1-ctr-srbgp	otelcol_processor_outgoing_items	510384
1781384867	snap	3200	otelcol	otelcol-sb-esrev1-ctr-srbgp	otelcol_process_runtime_heap_alloc_bytes	137627680
1781384867	snap	3200	otelcol	otelcol-sb-esrev1-ctr-srbgp	otelcol_processor_batch_metadata_cardinality	1
1781384867	snap	3200	otelcol	otelcol-sb-esrev1-ctr-srbgp	otelcol_receiver_refused_spans	4180685
1781384867	snap	3200	otelcol	otelcol-sb-esrev1-ctr-srbgp	otelcol_processor_batch_timeout_trigger_send	1649
1781384867	snap	3200	otelcol	otelcol-sb-esrev1-ctr-srbgp	otelcol_process_runtime_total_sys_memory_bytes	215607608
1781384867	snap	3200	otelcol	otelcol-sb-esrev1-ctr-srbgp	otelcol_process_cpu_seconds	77
1781384867	snap	3200	otelcol	otelcol-sb-esrev1-ctr-srbgp	otelcol_exporter_queue_batch_send_size_sum	510384
1781384867	snap	3200	otelcol	otelcol-sb-esrev1-ctr-srbgp	otelcol_process_runtime_total_alloc_bytes	3756513968
1781384867	snap	3200	otelcol	otelcol-sb-esrev1-ctr-srbgp	otelcol_process_memory_rss	321396736
1781384867	snap	3200	otelcol	otelcol-sb-esrev1-ctr-srbgp	otelcol_process_uptime	643
1781384867	snap	3200	otelcol	otelcol-sb-esrev1-ctr-srbgp	otelcol_receiver_accepted_spans	510384
1781384867	snap	3200	otelcol	otelcol-sb-esrev1-ctr-srbgp	otelcol_exporter_send_failed_spans	0
1781384867	snap	3200	otelcol	otelcol-sb-esrev1-ctr-j2cng	otelcol_processor_incoming_items	4080381
1781384867	snap	3200	otelcol	otelcol-sb-esrev1-ctr-j2cng	otelcol_exporter_queue_capacity	1001
1781384867	snap	3200	otelcol	otelcol-sb-esrev1-ctr-j2cng	otelcol_process_memory_rss	324997120
1781384867	snap	3200	otelcol	otelcol-sb-esrev1-ctr-j2cng	otelcol_processor_outgoing_items	427285
1781384867	snap	3200	otelcol	otelcol-sb-esrev1-ctr-j2cng	otelcol_receiver_refused_spans	3653096
1781384867	snap	3200	otelcol	otelcol-sb-esrev1-ctr-j2cng	otelcol_process_cpu_seconds	68
1781384867	snap	3200	otelcol	otelcol-sb-esrev1-ctr-j2cng	otelcol_exporter_queue_batch_send_size_sum	427285
1781384867	snap	3200	otelcol	otelcol-sb-esrev1-ctr-j2cng	otelcol_exporter_sent_spans	141262
1781384867	snap	3200	otelcol	otelcol-sb-esrev1-ctr-j2cng	otelcol_exporter_send_failed_spans	0
1781384867	snap	3200	otelcol	otelcol-sb-esrev1-ctr-j2cng	otelcol_process_runtime_total_alloc_bytes	3261843176
1781384867	snap	3200	otelcol	otelcol-sb-esrev1-ctr-j2cng	otelcol_processor_batch_batch_send_size_sum	427285
1781384867	snap	3200	otelcol	otelcol-sb-esrev1-ctr-j2cng	otelcol_receiver_failed_spans	0
1781384867	snap	3200	otelcol	otelcol-sb-esrev1-ctr-j2cng	otelcol_process_runtime_heap_alloc_bytes	142032304
1781384867	snap	3200	otelcol	otelcol-sb-esrev1-ctr-j2cng	otelcol_processor_batch_metadata_cardinality	1
1781384867	snap	3200	otelcol	otelcol-sb-esrev1-ctr-j2cng	otelcol_process_uptime	641
1781384867	snap	3200	otelcol	otelcol-sb-esrev1-ctr-j2cng	otelcol_process_runtime_total_sys_memory_bytes	216197432
1781384867	snap	3200	otelcol	otelcol-sb-esrev1-ctr-j2cng	otelcol_exporter_queue_size	752
1781384867	snap	3200	otelcol	otelcol-sb-esrev1-ctr-j2cng	otelcol_receiver_accepted_spans	427285
1781384867	snap	3200	otelcol	otelcol-sb-esrev1-ctr-j2cng	otelcol_processor_batch_timeout_trigger_send	1572
1781384867	snap	3200	otelcol	otelcol-sb-esrev1-ctr-z4fxx	otelcol_receiver_failed_spans	0
1781384867	snap	3200	otelcol	otelcol-sb-esrev1-ctr-z4fxx	otelcol_processor_batch_batch_send_size_sum	560229
1781384867	snap	3200	otelcol	otelcol-sb-esrev1-ctr-z4fxx	otelcol_exporter_send_failed_spans	0
1781384867	snap	3200	otelcol	otelcol-sb-esrev1-ctr-z4fxx	otelcol_processor_incoming_items	7886399
1781384867	snap	3200	otelcol	otelcol-sb-esrev1-ctr-z4fxx	otelcol_exporter_queue_size	412
1781384867	snap	3200	otelcol	otelcol-sb-esrev1-ctr-z4fxx	otelcol_receiver_accepted_spans	560229
1781384867	snap	3200	otelcol	otelcol-sb-esrev1-ctr-z4fxx	otelcol_processor_batch_metadata_cardinality	1
1781384867	snap	3200	otelcol	otelcol-sb-esrev1-ctr-z4fxx	otelcol_process_runtime_total_alloc_bytes	5998690672
1781384867	snap	3200	otelcol	otelcol-sb-esrev1-ctr-z4fxx	otelcol_process_memory_rss	324521984
1781384867	snap	3200	otelcol	otelcol-sb-esrev1-ctr-z4fxx	otelcol_processor_batch_timeout_trigger_send	1240
1781384867	snap	3200	otelcol	otelcol-sb-esrev1-ctr-z4fxx	otelcol_receiver_refused_spans	7326170
1781384867	snap	3200	otelcol	otelcol-sb-esrev1-ctr-z4fxx	otelcol_process_runtime_total_sys_memory_bytes	224586040
1781384867	snap	3200	otelcol	otelcol-sb-esrev1-ctr-z4fxx	otelcol_exporter_queue_capacity	1001
1781384867	snap	3200	otelcol	otelcol-sb-esrev1-ctr-z4fxx	otelcol_processor_outgoing_items	560229
1781384867	snap	3200	otelcol	otelcol-sb-esrev1-ctr-z4fxx	otelcol_process_uptime	641
1781384867	snap	3200	otelcol	otelcol-sb-esrev1-ctr-z4fxx	otelcol_process_runtime_heap_alloc_bytes	136061712
1781384867	snap	3200	otelcol	otelcol-sb-esrev1-ctr-z4fxx	otelcol_process_cpu_seconds	113
1781384867	snap	3200	otelcol	otelcol-sb-esrev1-ctr-z4fxx	otelcol_exporter_sent_spans	287077
1781384867	snap	3200	otelcol	otelcol-sb-esrev1-ctr-z4fxx	otelcol_exporter_queue_batch_send_size_sum	560229
1781384867	snap	3200	otelcol	otelcol-sb-esrev1-ctr-bdbcb	otelcol_processor_incoming_items	3518564
1781384867	snap	3200	otelcol	otelcol-sb-esrev1-ctr-bdbcb	otelcol_processor_batch_batch_send_size_sum	433740
1781384867	snap	3200	otelcol	otelcol-sb-esrev1-ctr-bdbcb	otelcol_process_uptime	641
1781384867	snap	3200	otelcol	otelcol-sb-esrev1-ctr-bdbcb	otelcol_receiver_accepted_spans	433740
1781384867	snap	3200	otelcol	otelcol-sb-esrev1-ctr-bdbcb	otelcol_process_memory_rss	320040960
1781384867	snap	3200	otelcol	otelcol-sb-esrev1-ctr-bdbcb	otelcol_process_cpu_seconds	68
1781384867	snap	3200	otelcol	otelcol-sb-esrev1-ctr-bdbcb	otelcol_receiver_refused_spans	3084824
1781384867	snap	3200	otelcol	otelcol-sb-esrev1-ctr-bdbcb	otelcol_exporter_sent_spans	149011
1781384867	snap	3200	otelcol	otelcol-sb-esrev1-ctr-bdbcb	otelcol_exporter_queue_capacity	1001
1781384867	snap	3200	otelcol	otelcol-sb-esrev1-ctr-bdbcb	otelcol_exporter_queue_batch_send_size_sum	433740
1781384867	snap	3200	otelcol	otelcol-sb-esrev1-ctr-bdbcb	otelcol_process_runtime_total_sys_memory_bytes	224651576
1781384867	snap	3200	otelcol	otelcol-sb-esrev1-ctr-bdbcb	otelcol_processor_outgoing_items	433740
1781384867	snap	3200	otelcol	otelcol-sb-esrev1-ctr-bdbcb	otelcol_process_runtime_heap_alloc_bytes	136805408
1781384867	snap	3200	otelcol	otelcol-sb-esrev1-ctr-bdbcb	otelcol_processor_batch_metadata_cardinality	1
1781384867	snap	3200	otelcol	otelcol-sb-esrev1-ctr-bdbcb	otelcol_process_runtime_total_alloc_bytes	2933603880
1781384867	snap	3200	otelcol	otelcol-sb-esrev1-ctr-bdbcb	otelcol_exporter_queue_size	752
1781384867	snap	3200	otelcol	otelcol-sb-esrev1-ctr-bdbcb	otelcol_processor_batch_timeout_trigger_send	1592
1781384867	snap	3200	otelcol	otelcol-sb-esrev1-ctr-bdbcb	otelcol_exporter_send_failed_spans	0
1781384867	snap	3200	otelcol	otelcol-sb-esrev1-ctr-bdbcb	otelcol_receiver_failed_spans	0
1781384867	snap	3200	otelcol	otelcol-sb-esrev1-ctr-zjs5l	otelcol_receiver_refused_spans	15750723
1781384867	snap	3200	otelcol	otelcol-sb-esrev1-ctr-zjs5l	otelcol_processor_batch_timeout_trigger_send	1332
1781384867	snap	3200	otelcol	otelcol-sb-esrev1-ctr-zjs5l	otelcol_exporter_sent_spans	563685
1781384867	snap	3200	otelcol	otelcol-sb-esrev1-ctr-zjs5l	otelcol_receiver_failed_spans	0
1781384867	snap	3200	otelcol	otelcol-sb-esrev1-ctr-zjs5l	otelcol_process_runtime_total_sys_memory_bytes	220457272
1781384867	snap	3200	otelcol	otelcol-sb-esrev1-ctr-zjs5l	otelcol_process_uptime	640
1781384867	snap	3200	otelcol	otelcol-sb-esrev1-ctr-zjs5l	otelcol_exporter_queue_size	376
1781384867	snap	3200	otelcol	otelcol-sb-esrev1-ctr-zjs5l	otelcol_receiver_accepted_spans	823220
1781384867	snap	3200	otelcol	otelcol-sb-esrev1-ctr-zjs5l	otelcol_process_runtime_total_alloc_bytes	10533848824
1781384867	snap	3200	otelcol	otelcol-sb-esrev1-ctr-zjs5l	otelcol_process_runtime_heap_alloc_bytes	131345160
1781384867	snap	3200	otelcol	otelcol-sb-esrev1-ctr-zjs5l	otelcol_processor_batch_batch_send_size_sum	823220
1781384867	snap	3200	otelcol	otelcol-sb-esrev1-ctr-zjs5l	otelcol_process_memory_rss	320733184
1781384867	snap	3200	otelcol	otelcol-sb-esrev1-ctr-zjs5l	otelcol_exporter_queue_capacity	1001
1781384867	snap	3200	otelcol	otelcol-sb-esrev1-ctr-zjs5l	otelcol_exporter_queue_batch_send_size_sum	823220
1781384867	snap	3200	otelcol	otelcol-sb-esrev1-ctr-zjs5l	otelcol_processor_incoming_items	16573943
1781384867	snap	3200	otelcol	otelcol-sb-esrev1-ctr-zjs5l	otelcol_processor_outgoing_items	823220
1781384867	snap	3200	otelcol	otelcol-sb-esrev1-ctr-zjs5l	otelcol_processor_batch_metadata_cardinality	1
1781384867	snap	3200	otelcol	otelcol-sb-esrev1-ctr-zjs5l	otelcol_process_cpu_seconds	150
1781384867	snap	3200	otelcol	otelcol-sb-esrev1-ctr-zjs5l	otelcol_exporter_send_failed_spans	0
1781384867	snap	3200	otelcol	otelcol-sb-esrev1-ctr-mqr25	otelcol_processor_batch_timeout_trigger_send	1206
1781384867	snap	3200	otelcol	otelcol-sb-esrev1-ctr-mqr25	otelcol_exporter_queue_size	272
1781384867	snap	3200	otelcol	otelcol-sb-esrev1-ctr-mqr25	otelcol_processor_incoming_items	13821556
1781384867	snap	3200	otelcol	otelcol-sb-esrev1-ctr-mqr25	otelcol_processor_batch_batch_send_size_sum	692989
1781384867	snap	3200	otelcol	otelcol-sb-esrev1-ctr-mqr25	otelcol_process_runtime_heap_alloc_bytes	126476672
1781384867	snap	3200	otelcol	otelcol-sb-esrev1-ctr-mqr25	otelcol_processor_outgoing_items	692989
1781384867	snap	3200	otelcol	otelcol-sb-esrev1-ctr-mqr25	otelcol_process_runtime_total_alloc_bytes	9929976288
1781384867	snap	3200	otelcol	otelcol-sb-esrev1-ctr-mqr25	otelcol_exporter_send_failed_spans	0
1781384867	snap	3200	otelcol	otelcol-sb-esrev1-ctr-mqr25	otelcol_receiver_failed_spans	0
1781384867	snap	3200	otelcol	otelcol-sb-esrev1-ctr-mqr25	otelcol_process_memory_rss	318996480
1781384867	snap	3200	otelcol	otelcol-sb-esrev1-ctr-mqr25	otelcol_process_cpu_seconds	160
1781384867	snap	3200	otelcol	otelcol-sb-esrev1-ctr-mqr25	otelcol_processor_batch_metadata_cardinality	1
1781384867	snap	3200	otelcol	otelcol-sb-esrev1-ctr-mqr25	otelcol_process_uptime	641
1781384867	snap	3200	otelcol	otelcol-sb-esrev1-ctr-mqr25	otelcol_exporter_sent_spans	434549
1781384867	snap	3200	otelcol	otelcol-sb-esrev1-ctr-mqr25	otelcol_exporter_queue_batch_send_size_sum	692989
1781384867	snap	3200	otelcol	otelcol-sb-esrev1-ctr-mqr25	otelcol_receiver_refused_spans	13128567
1781384867	snap	3200	otelcol	otelcol-sb-esrev1-ctr-mqr25	otelcol_process_runtime_total_sys_memory_bytes	225634616
1781384867	snap	3200	otelcol	otelcol-sb-esrev1-ctr-mqr25	otelcol_receiver_accepted_spans	692989
1781384867	snap	3200	otelcol	otelcol-sb-esrev1-ctr-mqr25	otelcol_exporter_queue_capacity	1001
1781384867	snap	3200	otelcol	otelcol-sb-esrev1-ctr-j7lcx	otelcol_processor_batch_metadata_cardinality	1
1781384867	snap	3200	otelcol	otelcol-sb-esrev1-ctr-j7lcx	otelcol_process_runtime_total_alloc_bytes	42683136
1781384867	snap	3200	otelcol	otelcol-sb-esrev1-ctr-j7lcx	otelcol_process_cpu_seconds	5
1781384867	snap	3200	otelcol	otelcol-sb-esrev1-ctr-j7lcx	otelcol_process_runtime_heap_alloc_bytes	18631104
1781384867	snap	3200	otelcol	otelcol-sb-esrev1-ctr-j7lcx	otelcol_process_memory_rss	181276672
1781384867	snap	3200	otelcol	otelcol-sb-esrev1-ctr-j7lcx	otelcol_process_uptime	640
1781384867	snap	3200	otelcol	otelcol-sb-esrev1-ctr-j7lcx	otelcol_process_runtime_total_sys_memory_bytes	44546312
1781384867	snap	3200	otelcol	otelcol-sb-esrev1-ctr-j7lcx	otelcol_exporter_queue_size	0
1781384867	snap	3200	otelcol	otelcol-sb-esrev1-ctr-j7lcx	otelcol_exporter_queue_capacity	1001
1781384867	snap	3200	k8s	otelcol-sb-esrev1-ctr-9czsx	restart_count	0
1781384867	snap	3200	k8s	otelcol-sb-esrev1-ctr-bdbcb	restart_count	0
1781384867	snap	3200	k8s	otelcol-sb-esrev1-ctr-j2cng	restart_count	0
1781384867	snap	3200	k8s	otelcol-sb-esrev1-ctr-j7lcx	restart_count	0
1781384867	snap	3200	k8s	otelcol-sb-esrev1-ctr-mqr25	restart_count	0
1781384867	snap	3200	k8s	otelcol-sb-esrev1-ctr-r7tfk	restart_count	0
1781384867	snap	3200	k8s	otelcol-sb-esrev1-ctr-srbgp	restart_count	0
1781384867	snap	3200	k8s	otelcol-sb-esrev1-ctr-z4fxx	restart_count	0
1781384867	snap	3200	k8s	otelcol-sb-esrev1-ctr-zjs5l	restart_count	0
1781384867	snap	3200	sdk	wrk2api	spans_received	1169397
1781384867	snap	3200	sdk	wrk2api	spans_sent	445405
1781384867	snap	3200	sdk	wrk2api	spans_dropped	0
1781384867	snap	3200	sdk	wrk2api	spans_flushed	1169397
1781384867	snap	3200	sdk	wrk2api	batches_sent	4373
1781384867	snap	3200	sdk	wrk2api	batches_dropped	0
1781384867	snap	3200	sdk	wrk2api	send_unavailable	0
1781384867	snap	3200	sdk	wrk2api	send_deadline	0
1781384867	snap	3200	sdk	wrk2api	send_exhausted	0
1781384867	snap	3200	sdk	wrk2api	send_canceled	0
1781384867	snap	3200	sdk	wrk2api	send_other	0
1781384867	snap	3200	sdk	wrk2api	buffer_depth	0
0
1781384867	snap	3200	sdk	wrk2api	cp_received	573376
1781384867	snap	3200	sdk	wrk2api	lp_received	596021
1781384867	snap	3200	sdk	wrk2api	cp_sent	267463
1781384867	snap	3200	sdk	wrk2api	lp_sent	177942
1781384867	snap	3200	sdk	wrk2api	cp_dropped	0
1781384867	snap	3200	sdk	wrk2api	lp_dropped	0
1781384867	snap	3200	sdk	composepost	spans_received	4454042
1781384867	snap	3200	sdk	composepost	spans_sent	1193824
1781384867	snap	3200	sdk	composepost	spans_dropped	0
1781384867	snap	3200	sdk	composepost	spans_flushed	4454042
1781384867	snap	3200	sdk	composepost	batches_sent	14069
1781384867	snap	3200	sdk	composepost	batches_dropped	0
1781384867	snap	3200	sdk	composepost	send_unavailable	0
1781384867	snap	3200	sdk	composepost	send_deadline	0
1781384867	snap	3200	sdk	composepost	send_exhausted	0
1781384867	snap	3200	sdk	composepost	send_canceled	0
1781384867	snap	3200	sdk	composepost	send_other	0
1781384867	snap	3200	sdk	composepost	buffer_depth	0
0
1781384867	snap	3200	sdk	composepost	cp_received	3902644
1781384867	snap	3200	sdk	composepost	lp_received	551398
1781384867	snap	3200	sdk	composepost	cp_sent	1116847
1781384867	snap	3200	sdk	composepost	lp_sent	76977
1781384867	snap	3200	sdk	composepost	cp_dropped	0
1781384867	snap	3200	sdk	composepost	lp_dropped	0
1781384867	snap	3200	sdk	hometimeline	spans_received	1081594
1781384867	snap	3200	sdk	hometimeline	spans_sent	153642
1781384867	snap	3200	sdk	hometimeline	spans_dropped	0
1781384867	snap	3200	sdk	hometimeline	spans_flushed	1081594
1781384867	snap	3200	sdk	hometimeline	batches_sent	2660
1781384867	snap	3200	sdk	hometimeline	batches_dropped	0
1781384867	snap	3200	sdk	hometimeline	send_unavailable	0
1781384867	snap	3200	sdk	hometimeline	send_deadline	0
1781384867	snap	3200	sdk	hometimeline	send_exhausted	0
1781384867	snap	3200	sdk	hometimeline	send_canceled	0
1781384867	snap	3200	sdk	hometimeline	send_other	0
1781384867	snap	3200	sdk	hometimeline	buffer_depth	0
0
1781384867	snap	3200	sdk	hometimeline	cp_received	0
1781384867	snap	3200	sdk	hometimeline	lp_received	1081594
1781384867	snap	3200	sdk	hometimeline	cp_sent	0
1781384867	snap	3200	sdk	hometimeline	lp_sent	153642
1781384867	snap	3200	sdk	hometimeline	cp_dropped	0
1781384867	snap	3200	sdk	hometimeline	lp_dropped	0
1781384867	snap	3200	sdk	media	spans_received	549435
1781384867	snap	3200	sdk	media	spans_sent	392722
1781384867	snap	3200	sdk	media	spans_dropped	0
1781384867	snap	3200	sdk	media	spans_flushed	549435
1781384867	snap	3200	sdk	media	batches_sent	3030
1781384867	snap	3200	sdk	media	batches_dropped	0
1781384867	snap	3200	sdk	media	send_unavailable	0
1781384867	snap	3200	sdk	media	send_deadline	0
1781384867	snap	3200	sdk	media	send_exhausted	0
1781384867	snap	3200	sdk	media	send_canceled	0
1781384867	snap	3200	sdk	media	send_other	0
1781384867	snap	3200	sdk	media	buffer_depth	0
0
1781384867	snap	3200	sdk	media	cp_received	549435
1781384867	snap	3200	sdk	media	lp_received	0
1781384867	snap	3200	sdk	media	cp_sent	392722
1781384867	snap	3200	sdk	media	lp_sent	0
1781384867	snap	3200	sdk	media	cp_dropped	0
1781384867	snap	3200	sdk	media	lp_dropped	0
1781384867	snap	3200	sdk	post-storage	spans_received	539256
1781384867	snap	3200	sdk	post-storage	spans_sent	433327
1781384867	snap	3200	sdk	post-storage	spans_dropped	0
1781384867	snap	3200	sdk	post-storage	spans_flushed	539256
1781384867	snap	3200	sdk	post-storage	batches_sent	3140
1781384867	snap	3200	sdk	post-storage	batches_dropped	0
1781384867	snap	3200	sdk	post-storage	send_unavailable	0
1781384867	snap	3200	sdk	post-storage	send_deadline	0
1781384867	snap	3200	sdk	post-storage	send_exhausted	0
1781384867	snap	3200	sdk	post-storage	send_canceled	0
1781384867	snap	3200	sdk	post-storage	send_other	0
1781384867	snap	3200	sdk	post-storage	buffer_depth	0
0
1781384867	snap	3200	sdk	post-storage	cp_received	539256
1781384867	snap	3200	sdk	post-storage	lp_received	0
1781384867	snap	3200	sdk	post-storage	cp_sent	433327
1781384867	snap	3200	sdk	post-storage	lp_sent	0
1781384867	snap	3200	sdk	post-storage	cp_dropped	0
1781384867	snap	3200	sdk	post-storage	lp_dropped	0
1781384867	snap	3200	sdk	socialgraph	spans_received	652073
1781384867	snap	3200	sdk	socialgraph	spans_sent	510202
1781384867	snap	3200	sdk	socialgraph	spans_dropped	0
1781384867	snap	3200	sdk	socialgraph	spans_flushed	652073
1781384867	snap	3200	sdk	socialgraph	batches_sent	3448
1781384867	snap	3200	sdk	socialgraph	batches_dropped	0
1781384867	snap	3200	sdk	socialgraph	send_unavailable	0
1781384867	snap	3200	sdk	socialgraph	send_deadline	0
1781384867	snap	3200	sdk	socialgraph	send_exhausted	0
1781384867	snap	3200	sdk	socialgraph	send_canceled	0
1781384867	snap	3200	sdk	socialgraph	send_other	0
1781384867	snap	3200	sdk	socialgraph	buffer_depth	0
0
1781384867	snap	3200	sdk	socialgraph	cp_received	614449
1781384867	snap	3200	sdk	socialgraph	lp_received	37624
1781384867	snap	3200	sdk	socialgraph	cp_sent	472578
1781384867	snap	3200	sdk	socialgraph	lp_sent	37624
1781384867	snap	3200	sdk	socialgraph	cp_dropped	0
1781384867	snap	3200	sdk	socialgraph	lp_dropped	0
1781384867	snap	3200	sdk	text	spans_received	1651779
1781384867	snap	3200	sdk	text	spans_sent	352749
1781384867	snap	3200	sdk	text	spans_dropped	0
1781384867	snap	3200	sdk	text	spans_flushed	1651779
1781384867	snap	3200	sdk	text	batches_sent	4602
1781384867	snap	3200	sdk	text	batches_dropped	0
1781384867	snap	3200	sdk	text	send_unavailable	0
1781384867	snap	3200	sdk	text	send_deadline	0
1781384867	snap	3200	sdk	text	send_exhausted	0
1781384867	snap	3200	sdk	text	send_canceled	0
1781384867	snap	3200	sdk	text	send_other	0
1781384867	snap	3200	sdk	text	buffer_depth	0
0
1781384867	snap	3200	sdk	text	cp_received	0
1781384867	snap	3200	sdk	text	lp_received	1651779
1781384867	snap	3200	sdk	text	cp_sent	0
1781384867	snap	3200	sdk	text	lp_sent	352749
1781384867	snap	3200	sdk	text	cp_dropped	0
1781384867	snap	3200	sdk	text	lp_dropped	0
1781384867	snap	3200	sdk	uniqueid	spans_received	549354
1781384867	snap	3200	sdk	uniqueid	spans_sent	280097
1781384867	snap	3200	sdk	uniqueid	spans_dropped	0
1781384867	snap	3200	sdk	uniqueid	spans_flushed	549354
1781384867	snap	3200	sdk	uniqueid	batches_sent	2424
1781384867	snap	3200	sdk	uniqueid	batches_dropped	0
1781384867	snap	3200	sdk	uniqueid	send_unavailable	0
1781384867	snap	3200	sdk	uniqueid	send_deadline	0
1781384867	snap	3200	sdk	uniqueid	send_exhausted	0
1781384867	snap	3200	sdk	uniqueid	send_canceled	0
1781384867	snap	3200	sdk	uniqueid	send_other	0
1781384867	snap	3200	sdk	uniqueid	buffer_depth	0
0
1781384867	snap	3200	sdk	uniqueid	cp_received	549354
1781384867	snap	3200	sdk	uniqueid	lp_received	0
1781384867	snap	3200	sdk	uniqueid	cp_sent	280097
1781384867	snap	3200	sdk	uniqueid	lp_sent	0
1781384867	snap	3200	sdk	uniqueid	cp_dropped	0
1781384867	snap	3200	sdk	uniqueid	lp_dropped	0
1781384867	snap	3200	sdk	urlshorten	spans_received	548594
1781384867	snap	3200	sdk	urlshorten	spans_sent	406657
1781384867	snap	3200	sdk	urlshorten	spans_dropped	0
1781384867	snap	3200	sdk	urlshorten	spans_flushed	548594
1781384867	snap	3200	sdk	urlshorten	batches_sent	2979
1781384867	snap	3200	sdk	urlshorten	batches_dropped	0
1781384867	snap	3200	sdk	urlshorten	send_unavailable	0
1781384867	snap	3200	sdk	urlshorten	send_deadline	0
1781384867	snap	3200	sdk	urlshorten	send_exhausted	0
1781384867	snap	3200	sdk	urlshorten	send_canceled	0
1781384867	snap	3200	sdk	urlshorten	send_other	0
1781384867	snap	3200	sdk	urlshorten	buffer_depth	0
0
1781384867	snap	3200	sdk	urlshorten	cp_received	548594
1781384867	snap	3200	sdk	urlshorten	lp_received	0
1781384867	snap	3200	sdk	urlshorten	cp_sent	406657
1781384867	snap	3200	sdk	urlshorten	lp_sent	0
1781384867	snap	3200	sdk	urlshorten	cp_dropped	0
1781384867	snap	3200	sdk	urlshorten	lp_dropped	0
1781384867	snap	3200	sdk	user	spans_received	551718
1781384867	snap	3200	sdk	user	spans_sent	245013
1781384867	snap	3200	sdk	user	spans_dropped	0
1781384867	snap	3200	sdk	user	spans_flushed	551718
1781384867	snap	3200	sdk	user	batches_sent	2279
1781384867	snap	3200	sdk	user	batches_dropped	0
1781384867	snap	3200	sdk	user	send_unavailable	0
1781384867	snap	3200	sdk	user	send_deadline	0
1781384867	snap	3200	sdk	user	send_exhausted	0
1781384867	snap	3200	sdk	user	send_canceled	0
1781384867	snap	3200	sdk	user	send_other	0
1781384867	snap	3200	sdk	user	buffer_depth	0
0
1781384867	snap	3200	sdk	user	cp_received	550756
1781384867	snap	3200	sdk	user	lp_received	962
1781384867	snap	3200	sdk	user	cp_sent	244051
1781384867	snap	3200	sdk	user	lp_sent	962
1781384867	snap	3200	sdk	user	cp_dropped	0
1781384867	snap	3200	sdk	user	lp_dropped	0
1781384867	snap	3200	sdk	userid	spans_received	75248
1781384867	snap	3200	sdk	userid	spans_sent	75248
1781384867	snap	3200	sdk	userid	spans_dropped	0
1781384867	snap	3200	sdk	userid	spans_flushed	75248
1781384867	snap	3200	sdk	userid	batches_sent	250
1781384867	snap	3200	sdk	userid	batches_dropped	0
1781384867	snap	3200	sdk	userid	send_unavailable	0
1781384867	snap	3200	sdk	userid	send_deadline	0
1781384867	snap	3200	sdk	userid	send_exhausted	0
1781384867	snap	3200	sdk	userid	send_canceled	0
1781384867	snap	3200	sdk	userid	send_other	0
1781384867	snap	3200	sdk	userid	buffer_depth	0
0
1781384867	snap	3200	sdk	userid	cp_received	75248
1781384867	snap	3200	sdk	userid	lp_received	0
1781384867	snap	3200	sdk	userid	cp_sent	75248
1781384867	snap	3200	sdk	userid	lp_sent	0
1781384867	snap	3200	sdk	userid	cp_dropped	0
1781384867	snap	3200	sdk	userid	lp_dropped	0
1781384867	snap	3200	sdk	usermention	spans_received	548743
1781384867	snap	3200	sdk	usermention	spans_sent	278597
1781384867	snap	3200	sdk	usermention	spans_dropped	0
1781384867	snap	3200	sdk	usermention	spans_flushed	548743
1781384867	snap	3200	sdk	usermention	batches_sent	2433
1781384867	snap	3200	sdk	usermention	batches_dropped	0
1781384867	snap	3200	sdk	usermention	send_unavailable	0
1781384867	snap	3200	sdk	usermention	send_deadline	0
1781384867	snap	3200	sdk	usermention	send_exhausted	0
1781384867	snap	3200	sdk	usermention	send_canceled	0
1781384867	snap	3200	sdk	usermention	send_other	0
1781384867	snap	3200	sdk	usermention	buffer_depth	0
0
1781384867	snap	3200	sdk	usermention	cp_received	548743
1781384867	snap	3200	sdk	usermention	lp_received	0
1781384867	snap	3200	sdk	usermention	cp_sent	278597
1781384867	snap	3200	sdk	usermention	lp_sent	0
1781384867	snap	3200	sdk	usermention	cp_dropped	0
1781384867	snap	3200	sdk	usermention	lp_dropped	0
1781384867	snap	3200	sdk	usertimeline	spans_received	539042
1781384867	snap	3200	sdk	usertimeline	spans_sent	427285
1781384867	snap	3200	sdk	usertimeline	spans_dropped	0
1781384867	snap	3200	sdk	usertimeline	spans_flushed	539042
1781384867	snap	3200	sdk	usertimeline	batches_sent	3129
1781384867	snap	3200	sdk	usertimeline	batches_dropped	0
1781384867	snap	3200	sdk	usertimeline	send_unavailable	0
1781384867	snap	3200	sdk	usertimeline	send_deadline	0
1781384867	snap	3200	sdk	usertimeline	send_exhausted	0
1781384867	snap	3200	sdk	usertimeline	send_canceled	0
1781384867	snap	3200	sdk	usertimeline	send_other	0
1781384867	snap	3200	sdk	usertimeline	buffer_depth	0
0
1781384867	snap	3200	sdk	usertimeline	cp_received	539042
1781384867	snap	3200	sdk	usertimeline	lp_received	0
1781384867	snap	3200	sdk	usertimeline	cp_sent	427285
1781384867	snap	3200	sdk	usertimeline	lp_sent	0
1781384867	snap	3200	sdk	usertimeline	cp_dropped	0
1781384867	snap	3200	sdk	usertimeline	lp_dropped	0
1781384935	snap	3200	otelcol	otelcol-sb-esrev1-ctr-9czsx	otelcol_process_memory_rss	326332416
1781384935	snap	3200	otelcol	otelcol-sb-esrev1-ctr-9czsx	otelcol_receiver_accepted_spans	427116
1781384935	snap	3200	otelcol	otelcol-sb-esrev1-ctr-9czsx	otelcol_processor_outgoing_items	427116
1781384935	snap	3200	otelcol	otelcol-sb-esrev1-ctr-9czsx	otelcol_process_runtime_heap_alloc_bytes	133781272
1781384935	snap	3200	otelcol	otelcol-sb-esrev1-ctr-9czsx	otelcol_process_cpu_seconds	93
1781384935	snap	3200	otelcol	otelcol-sb-esrev1-ctr-9czsx	otelcol_exporter_queue_batch_send_size_sum	427116
1781384935	snap	3200	otelcol	otelcol-sb-esrev1-ctr-9czsx	otelcol_receiver_failed_spans	0
1781384935	snap	3200	otelcol	otelcol-sb-esrev1-ctr-9czsx	otelcol_process_uptime	709
1781384935	snap	3200	otelcol	otelcol-sb-esrev1-ctr-9czsx	otelcol_process_runtime_total_sys_memory_bytes	220588344
1781384935	snap	3200	otelcol	otelcol-sb-esrev1-ctr-9czsx	otelcol_exporter_send_failed_spans	0
1781384935	snap	3200	otelcol	otelcol-sb-esrev1-ctr-9czsx	otelcol_exporter_queue_capacity	1001
1781384935	snap	3200	otelcol	otelcol-sb-esrev1-ctr-9czsx	otelcol_processor_batch_metadata_cardinality	1
1781384935	snap	3200	otelcol	otelcol-sb-esrev1-ctr-9czsx	otelcol_process_runtime_total_alloc_bytes	4231411176
1781384935	snap	3200	otelcol	otelcol-sb-esrev1-ctr-9czsx	otelcol_processor_batch_timeout_trigger_send	1593
1781384935	snap	3200	otelcol	otelcol-sb-esrev1-ctr-9czsx	otelcol_processor_batch_batch_send_size_sum	427116
1781384935	snap	3200	otelcol	otelcol-sb-esrev1-ctr-9czsx	otelcol_exporter_sent_spans	143267
1781384935	snap	3200	otelcol	otelcol-sb-esrev1-ctr-9czsx	otelcol_exporter_queue_size	765
1781384935	snap	3200	otelcol	otelcol-sb-esrev1-ctr-9czsx	otelcol_receiver_refused_spans	4832537
1781384935	snap	3200	otelcol	otelcol-sb-esrev1-ctr-9czsx	otelcol_processor_incoming_items	5259653
1781384935	snap	3200	otelcol	otelcol-sb-esrev1-ctr-r7tfk	otelcol_processor_batch_batch_send_size_sum	1433471
1781384935	snap	3200	otelcol	otelcol-sb-esrev1-ctr-r7tfk	otelcol_process_uptime	708
1781384935	snap	3200	otelcol	otelcol-sb-esrev1-ctr-r7tfk	otelcol_processor_outgoing_items	1433471
1781384935	snap	3200	otelcol	otelcol-sb-esrev1-ctr-r7tfk	otelcol_exporter_queue_batch_send_size_sum	1433471
1781384935	snap	3200	otelcol	otelcol-sb-esrev1-ctr-r7tfk	otelcol_receiver_failed_spans	0
1781384935	snap	3200	otelcol	otelcol-sb-esrev1-ctr-r7tfk	otelcol_processor_batch_batch_size_trigger_send	16
1781384935	snap	3200	otelcol	otelcol-sb-esrev1-ctr-r7tfk	otelcol_receiver_refused_spans	14942597
1781384935	snap	3200	otelcol	otelcol-sb-esrev1-ctr-r7tfk	otelcol_receiver_accepted_spans	1433471
1781384935	snap	3200	otelcol	otelcol-sb-esrev1-ctr-r7tfk	otelcol_process_cpu_seconds	200
1781384935	snap	3200	otelcol	otelcol-sb-esrev1-ctr-r7tfk	otelcol_processor_batch_metadata_cardinality	1
1781384935	snap	3200	otelcol	otelcol-sb-esrev1-ctr-r7tfk	otelcol_process_runtime_total_alloc_bytes	12174640296
1781384935	snap	3200	otelcol	otelcol-sb-esrev1-ctr-r7tfk	otelcol_process_runtime_heap_alloc_bytes	144220088
1781384935	snap	3200	otelcol	otelcol-sb-esrev1-ctr-r7tfk	otelcol_process_memory_rss	327020544
1781384935	snap	3200	otelcol	otelcol-sb-esrev1-ctr-r7tfk	otelcol_exporter_queue_capacity	1001
1781384935	snap	3200	otelcol	otelcol-sb-esrev1-ctr-r7tfk	otelcol_processor_batch_timeout_trigger_send	910
1781384935	snap	3200	otelcol	otelcol-sb-esrev1-ctr-r7tfk	otelcol_exporter_send_failed_spans	0
1781384935	snap	3200	otelcol	otelcol-sb-esrev1-ctr-r7tfk	otelcol_exporter_sent_spans	1227409
1781384935	snap	3200	otelcol	otelcol-sb-esrev1-ctr-r7tfk	otelcol_exporter_queue_size	116
1781384935	snap	3200	otelcol	otelcol-sb-esrev1-ctr-r7tfk	otelcol_processor_incoming_items	16376068
1781384935	snap	3200	otelcol	otelcol-sb-esrev1-ctr-r7tfk	otelcol_process_runtime_total_sys_memory_bytes	253884744
1781384935	snap	3200	otelcol	otelcol-sb-esrev1-ctr-srbgp	otelcol_processor_batch_batch_send_size_sum	522169
1781384935	snap	3200	otelcol	otelcol-sb-esrev1-ctr-srbgp	otelcol_exporter_sent_spans	244418
1781384935	snap	3200	otelcol	otelcol-sb-esrev1-ctr-srbgp	otelcol_exporter_queue_size	758
1781384935	snap	3200	otelcol	otelcol-sb-esrev1-ctr-srbgp	otelcol_exporter_queue_capacity	1001
1781384935	snap	3200	otelcol	otelcol-sb-esrev1-ctr-srbgp	otelcol_processor_incoming_items	4840950
1781384935	snap	3200	otelcol	otelcol-sb-esrev1-ctr-srbgp	otelcol_receiver_failed_spans	0
1781384935	snap	3200	otelcol	otelcol-sb-esrev1-ctr-srbgp	otelcol_processor_outgoing_items	522169
1781384935	snap	3200	otelcol	otelcol-sb-esrev1-ctr-srbgp	otelcol_process_runtime_heap_alloc_bytes	133666704
1781384935	snap	3200	otelcol	otelcol-sb-esrev1-ctr-srbgp	otelcol_processor_batch_metadata_cardinality	1
1781384935	snap	3200	otelcol	otelcol-sb-esrev1-ctr-srbgp	otelcol_receiver_refused_spans	4318781
1781384935	snap	3200	otelcol	otelcol-sb-esrev1-ctr-srbgp	otelcol_processor_batch_timeout_trigger_send	1722
1781384935	snap	3200	otelcol	otelcol-sb-esrev1-ctr-srbgp	otelcol_process_runtime_total_sys_memory_bytes	215607608
1781384935	snap	3200	otelcol	otelcol-sb-esrev1-ctr-srbgp	otelcol_process_cpu_seconds	81
1781384935	snap	3200	otelcol	otelcol-sb-esrev1-ctr-srbgp	otelcol_exporter_queue_batch_send_size_sum	522169
1781384935	snap	3200	otelcol	otelcol-sb-esrev1-ctr-srbgp	otelcol_process_runtime_total_alloc_bytes	3895043280
1781384935	snap	3200	otelcol	otelcol-sb-esrev1-ctr-srbgp	otelcol_process_memory_rss	318611456
1781384935	snap	3200	otelcol	otelcol-sb-esrev1-ctr-srbgp	otelcol_process_uptime	710
1781384935	snap	3200	otelcol	otelcol-sb-esrev1-ctr-srbgp	otelcol_receiver_accepted_spans	522169
1781384935	snap	3200	otelcol	otelcol-sb-esrev1-ctr-srbgp	otelcol_exporter_send_failed_spans	0
1781384935	snap	3200	otelcol	otelcol-sb-esrev1-ctr-j2cng	otelcol_processor_incoming_items	4252026
1781384935	snap	3200	otelcol	otelcol-sb-esrev1-ctr-j2cng	otelcol_exporter_queue_capacity	1001
1781384935	snap	3200	otelcol	otelcol-sb-esrev1-ctr-j2cng	otelcol_process_memory_rss	322646016
1781384935	snap	3200	otelcol	otelcol-sb-esrev1-ctr-j2cng	otelcol_processor_outgoing_items	437358
1781384935	snap	3200	otelcol	otelcol-sb-esrev1-ctr-j2cng	otelcol_receiver_refused_spans	3814668
1781384935	snap	3200	otelcol	otelcol-sb-esrev1-ctr-j2cng	otelcol_process_cpu_seconds	72
1781384935	snap	3200	otelcol	otelcol-sb-esrev1-ctr-j2cng	otelcol_exporter_queue_batch_send_size_sum	437358
1781384935	snap	3200	otelcol	otelcol-sb-esrev1-ctr-j2cng	otelcol_exporter_sent_spans	163205
1781384935	snap	3200	otelcol	otelcol-sb-esrev1-ctr-j2cng	otelcol_exporter_send_failed_spans	0
1781384935	snap	3200	otelcol	otelcol-sb-esrev1-ctr-j2cng	otelcol_process_runtime_total_alloc_bytes	3434006944
1781384935	snap	3200	otelcol	otelcol-sb-esrev1-ctr-j2cng	otelcol_processor_batch_batch_send_size_sum	437358
1781384935	snap	3200	otelcol	otelcol-sb-esrev1-ctr-j2cng	otelcol_receiver_failed_spans	0
1781384935	snap	3200	otelcol	otelcol-sb-esrev1-ctr-j2cng	otelcol_process_runtime_heap_alloc_bytes	134126944
1781384935	snap	3200	otelcol	otelcol-sb-esrev1-ctr-j2cng	otelcol_processor_batch_metadata_cardinality	1
1781384935	snap	3200	otelcol	otelcol-sb-esrev1-ctr-j2cng	otelcol_process_uptime	709
1781384935	snap	3200	otelcol	otelcol-sb-esrev1-ctr-j2cng	otelcol_process_runtime_total_sys_memory_bytes	216197432
1781384935	snap	3200	otelcol	otelcol-sb-esrev1-ctr-j2cng	otelcol_exporter_queue_size	769
1781384935	snap	3200	otelcol	otelcol-sb-esrev1-ctr-j2cng	otelcol_receiver_accepted_spans	437358
1781384935	snap	3200	otelcol	otelcol-sb-esrev1-ctr-j2cng	otelcol_processor_batch_timeout_trigger_send	1639
1781384935	snap	3200	otelcol	otelcol-sb-esrev1-ctr-z4fxx	otelcol_receiver_failed_spans	0
1781384935	snap	3200	otelcol	otelcol-sb-esrev1-ctr-z4fxx	otelcol_processor_batch_batch_send_size_sum	589962
1781384935	snap	3200	otelcol	otelcol-sb-esrev1-ctr-z4fxx	otelcol_exporter_send_failed_spans	0
1781384935	snap	3200	otelcol	otelcol-sb-esrev1-ctr-z4fxx	otelcol_processor_incoming_items	9126085
1781384935	snap	3200	otelcol	otelcol-sb-esrev1-ctr-z4fxx	otelcol_exporter_queue_size	449
1781384935	snap	3200	otelcol	otelcol-sb-esrev1-ctr-z4fxx	otelcol_receiver_accepted_spans	589962
1781384935	snap	3200	otelcol	otelcol-sb-esrev1-ctr-z4fxx	otelcol_processor_batch_metadata_cardinality	1
1781384935	snap	3200	otelcol	otelcol-sb-esrev1-ctr-z4fxx	otelcol_process_runtime_total_alloc_bytes	6865474104
1781384935	snap	3200	otelcol	otelcol-sb-esrev1-ctr-z4fxx	otelcol_process_memory_rss	320524288
1781384935	snap	3200	otelcol	otelcol-sb-esrev1-ctr-z4fxx	otelcol_processor_batch_timeout_trigger_send	1316
1781384935	snap	3200	otelcol	otelcol-sb-esrev1-ctr-z4fxx	otelcol_receiver_refused_spans	8536123
1781384935	snap	3200	otelcol	otelcol-sb-esrev1-ctr-z4fxx	otelcol_process_runtime_total_sys_memory_bytes	224586040
1781384935	snap	3200	otelcol	otelcol-sb-esrev1-ctr-z4fxx	otelcol_exporter_queue_capacity	1001
1781384935	snap	3200	otelcol	otelcol-sb-esrev1-ctr-z4fxx	otelcol_processor_outgoing_items	589962
1781384935	snap	3200	otelcol	otelcol-sb-esrev1-ctr-z4fxx	otelcol_process_uptime	709
1781384935	snap	3200	otelcol	otelcol-sb-esrev1-ctr-z4fxx	otelcol_process_runtime_heap_alloc_bytes	129768296
1781384935	snap	3200	otelcol	otelcol-sb-esrev1-ctr-z4fxx	otelcol_process_cpu_seconds	129
1781384935	snap	3200	otelcol	otelcol-sb-esrev1-ctr-z4fxx	otelcol_exporter_sent_spans	321320
1781384935	snap	3200	otelcol	otelcol-sb-esrev1-ctr-z4fxx	otelcol_exporter_queue_batch_send_size_sum	589962
1781384935	snap	3200	otelcol	otelcol-sb-esrev1-ctr-bdbcb	otelcol_processor_incoming_items	3744511
1781384935	snap	3200	otelcol	otelcol-sb-esrev1-ctr-bdbcb	otelcol_processor_batch_batch_send_size_sum	444031
1781384935	snap	3200	otelcol	otelcol-sb-esrev1-ctr-bdbcb	otelcol_process_uptime	708
1781384935	snap	3200	otelcol	otelcol-sb-esrev1-ctr-bdbcb	otelcol_receiver_accepted_spans	444031
1781384935	snap	3200	otelcol	otelcol-sb-esrev1-ctr-bdbcb	otelcol_process_memory_rss	319995904
1781384935	snap	3200	otelcol	otelcol-sb-esrev1-ctr-bdbcb	otelcol_process_cpu_seconds	74
1781384935	snap	3200	otelcol	otelcol-sb-esrev1-ctr-bdbcb	otelcol_receiver_refused_spans	3300480
1781384935	snap	3200	otelcol	otelcol-sb-esrev1-ctr-bdbcb	otelcol_exporter_sent_spans	164315
1781384935	snap	3200	otelcol	otelcol-sb-esrev1-ctr-bdbcb	otelcol_exporter_queue_capacity	1001
1781384935	snap	3200	otelcol	otelcol-sb-esrev1-ctr-bdbcb	otelcol_exporter_queue_batch_send_size_sum	444031
1781384935	snap	3200	otelcol	otelcol-sb-esrev1-ctr-bdbcb	otelcol_process_runtime_total_sys_memory_bytes	224651576
1781384935	snap	3200	otelcol	otelcol-sb-esrev1-ctr-bdbcb	otelcol_processor_outgoing_items	444031
1781384935	snap	3200	otelcol	otelcol-sb-esrev1-ctr-bdbcb	otelcol_process_runtime_heap_alloc_bytes	133509096
1781384935	snap	3200	otelcol	otelcol-sb-esrev1-ctr-bdbcb	otelcol_processor_batch_metadata_cardinality	1
1781384935	snap	3200	otelcol	otelcol-sb-esrev1-ctr-bdbcb	otelcol_process_runtime_total_alloc_bytes	3182722640
1781384935	snap	3200	otelcol	otelcol-sb-esrev1-ctr-bdbcb	otelcol_exporter_queue_size	783
1781384935	snap	3200	otelcol	otelcol-sb-esrev1-ctr-bdbcb	otelcol_processor_batch_timeout_trigger_send	1657
1781384935	snap	3200	otelcol	otelcol-sb-esrev1-ctr-bdbcb	otelcol_exporter_send_failed_spans	0
1781384935	snap	3200	otelcol	otelcol-sb-esrev1-ctr-bdbcb	otelcol_receiver_failed_spans	0
1781384935	snap	3200	otelcol	otelcol-sb-esrev1-ctr-zjs5l	otelcol_receiver_refused_spans	16868607
1781384935	snap	3200	otelcol	otelcol-sb-esrev1-ctr-zjs5l	otelcol_processor_batch_timeout_trigger_send	1437
1781384935	snap	3200	otelcol	otelcol-sb-esrev1-ctr-zjs5l	otelcol_exporter_sent_spans	604777
1781384935	snap	3200	otelcol	otelcol-sb-esrev1-ctr-zjs5l	otelcol_receiver_failed_spans	0
1781384935	snap	3200	otelcol	otelcol-sb-esrev1-ctr-zjs5l	otelcol_process_runtime_total_sys_memory_bytes	220457272
1781384935	snap	3200	otelcol	otelcol-sb-esrev1-ctr-zjs5l	otelcol_process_uptime	708
1781384935	snap	3200	otelcol	otelcol-sb-esrev1-ctr-zjs5l	otelcol_exporter_queue_size	447
1781384935	snap	3200	otelcol	otelcol-sb-esrev1-ctr-zjs5l	otelcol_receiver_accepted_spans	852461
1781384935	snap	3200	otelcol	otelcol-sb-esrev1-ctr-zjs5l	otelcol_process_runtime_total_alloc_bytes	11339287744
1781384935	snap	3200	otelcol	otelcol-sb-esrev1-ctr-zjs5l	otelcol_process_runtime_heap_alloc_bytes	128242024
1781384935	snap	3200	otelcol	otelcol-sb-esrev1-ctr-zjs5l	otelcol_processor_batch_batch_send_size_sum	852461
1781384935	snap	3200	otelcol	otelcol-sb-esrev1-ctr-zjs5l	otelcol_process_memory_rss	318783488
1781384935	snap	3200	otelcol	otelcol-sb-esrev1-ctr-zjs5l	otelcol_exporter_queue_capacity	1001
1781384935	snap	3200	otelcol	otelcol-sb-esrev1-ctr-zjs5l	otelcol_exporter_queue_batch_send_size_sum	852461
1781384935	snap	3200	otelcol	otelcol-sb-esrev1-ctr-zjs5l	otelcol_processor_incoming_items	17721068
1781384935	snap	3200	otelcol	otelcol-sb-esrev1-ctr-zjs5l	otelcol_processor_outgoing_items	852461
1781384935	snap	3200	otelcol	otelcol-sb-esrev1-ctr-zjs5l	otelcol_processor_batch_metadata_cardinality	1
1781384935	snap	3200	otelcol	otelcol-sb-esrev1-ctr-zjs5l	otelcol_process_cpu_seconds	162
1781384935	snap	3200	otelcol	otelcol-sb-esrev1-ctr-zjs5l	otelcol_exporter_send_failed_spans	0
1781384935	snap	3200	otelcol	otelcol-sb-esrev1-ctr-mqr25	otelcol_processor_batch_timeout_trigger_send	1298
1781384935	snap	3200	otelcol	otelcol-sb-esrev1-ctr-mqr25	otelcol_exporter_queue_size	343
1781384935	snap	3200	otelcol	otelcol-sb-esrev1-ctr-mqr25	otelcol_processor_incoming_items	15733604
1781384935	snap	3200	otelcol	otelcol-sb-esrev1-ctr-mqr25	otelcol_processor_batch_batch_send_size_sum	723358
1781384935	snap	3200	otelcol	otelcol-sb-esrev1-ctr-mqr25	otelcol_process_runtime_heap_alloc_bytes	147766976
1781384935	snap	3200	otelcol	otelcol-sb-esrev1-ctr-mqr25	otelcol_processor_outgoing_items	723358
1781384935	snap	3200	otelcol	otelcol-sb-esrev1-ctr-mqr25	otelcol_process_runtime_total_alloc_bytes	11704781856
1781384935	snap	3200	otelcol	otelcol-sb-esrev1-ctr-mqr25	otelcol_exporter_send_failed_spans	0
1781384935	snap	3200	otelcol	otelcol-sb-esrev1-ctr-mqr25	otelcol_receiver_failed_spans	0
1781384935	snap	3200	otelcol	otelcol-sb-esrev1-ctr-mqr25	otelcol_process_memory_rss	324632576
1781384935	snap	3200	otelcol	otelcol-sb-esrev1-ctr-mqr25	otelcol_process_cpu_seconds	188
1781384935	snap	3200	otelcol	otelcol-sb-esrev1-ctr-mqr25	otelcol_processor_batch_metadata_cardinality	1
1781384935	snap	3200	otelcol	otelcol-sb-esrev1-ctr-mqr25	otelcol_process_uptime	709
1781384935	snap	3200	otelcol	otelcol-sb-esrev1-ctr-mqr25	otelcol_exporter_sent_spans	460045
1781384935	snap	3200	otelcol	otelcol-sb-esrev1-ctr-mqr25	otelcol_exporter_queue_batch_send_size_sum	723358
1781384935	snap	3200	otelcol	otelcol-sb-esrev1-ctr-mqr25	otelcol_receiver_refused_spans	15010246
1781384935	snap	3200	otelcol	otelcol-sb-esrev1-ctr-mqr25	otelcol_process_runtime_total_sys_memory_bytes	225634616
1781384935	snap	3200	otelcol	otelcol-sb-esrev1-ctr-mqr25	otelcol_receiver_accepted_spans	723358
1781384935	snap	3200	otelcol	otelcol-sb-esrev1-ctr-mqr25	otelcol_exporter_queue_capacity	1001
1781384935	snap	3200	otelcol	otelcol-sb-esrev1-ctr-j7lcx	otelcol_processor_batch_metadata_cardinality	1
1781384935	snap	3200	otelcol	otelcol-sb-esrev1-ctr-j7lcx	otelcol_process_runtime_total_alloc_bytes	43489536
1781384935	snap	3200	otelcol	otelcol-sb-esrev1-ctr-j7lcx	otelcol_process_cpu_seconds	5
1781384935	snap	3200	otelcol	otelcol-sb-esrev1-ctr-j7lcx	otelcol_process_runtime_heap_alloc_bytes	19437504
1781384935	snap	3200	otelcol	otelcol-sb-esrev1-ctr-j7lcx	otelcol_process_memory_rss	181489664
1781384935	snap	3200	otelcol	otelcol-sb-esrev1-ctr-j7lcx	otelcol_process_uptime	707
1781384935	snap	3200	otelcol	otelcol-sb-esrev1-ctr-j7lcx	otelcol_process_runtime_total_sys_memory_bytes	44546312
1781384935	snap	3200	otelcol	otelcol-sb-esrev1-ctr-j7lcx	otelcol_exporter_queue_size	0
1781384935	snap	3200	otelcol	otelcol-sb-esrev1-ctr-j7lcx	otelcol_exporter_queue_capacity	1001
1781384935	snap	3200	k8s	otelcol-sb-esrev1-ctr-9czsx	restart_count	0
1781384935	snap	3200	k8s	otelcol-sb-esrev1-ctr-bdbcb	restart_count	0
1781384935	snap	3200	k8s	otelcol-sb-esrev1-ctr-j2cng	restart_count	0
1781384935	snap	3200	k8s	otelcol-sb-esrev1-ctr-j7lcx	restart_count	0
1781384935	snap	3200	k8s	otelcol-sb-esrev1-ctr-mqr25	restart_count	0
1781384935	snap	3200	k8s	otelcol-sb-esrev1-ctr-r7tfk	restart_count	0
1781384935	snap	3200	k8s	otelcol-sb-esrev1-ctr-srbgp	restart_count	0
1781384935	snap	3200	k8s	otelcol-sb-esrev1-ctr-z4fxx	restart_count	0
1781384935	snap	3200	k8s	otelcol-sb-esrev1-ctr-zjs5l	restart_count	0
1781384935	snap	3200	sdk	hometimeline	spans_received	1109894
1781384935	snap	3200	sdk	hometimeline	spans_sent	153642
1781384935	snap	3200	sdk	hometimeline	spans_dropped	0
1781384935	snap	3200	sdk	hometimeline	spans_flushed	1109894
1781384935	snap	3200	sdk	hometimeline	batches_sent	2660
1781384935	snap	3200	sdk	hometimeline	batches_dropped	0
1781384935	snap	3200	sdk	hometimeline	send_unavailable	0
1781384935	snap	3200	sdk	hometimeline	send_deadline	0
1781384935	snap	3200	sdk	hometimeline	send_exhausted	0
1781384935	snap	3200	sdk	hometimeline	send_canceled	0
1781384935	snap	3200	sdk	hometimeline	send_other	0
1781384935	snap	3200	sdk	hometimeline	buffer_depth	0
0
1781384935	snap	3200	sdk	hometimeline	cp_received	0
1781384935	snap	3200	sdk	hometimeline	lp_received	1109894
1781384935	snap	3200	sdk	hometimeline	cp_sent	0
1781384935	snap	3200	sdk	hometimeline	lp_sent	153642
1781384935	snap	3200	sdk	hometimeline	cp_dropped	0
1781384935	snap	3200	sdk	hometimeline	lp_dropped	0
1781384935	snap	3200	sdk	media	spans_received	579050
1781384935	snap	3200	sdk	media	spans_sent	421963
1781384935	snap	3200	sdk	media	spans_dropped	0
1781384935	snap	3200	sdk	media	spans_flushed	579050
1781384935	snap	3200	sdk	media	batches_sent	3219
1781384935	snap	3200	sdk	media	batches_dropped	0
1781384935	snap	3200	sdk	media	send_unavailable	0
1781384935	snap	3200	sdk	media	send_deadline	0
1781384935	snap	3200	sdk	media	send_exhausted	0
1781384935	snap	3200	sdk	media	send_canceled	0
1781384935	snap	3200	sdk	media	send_other	0
1781384935	snap	3200	sdk	media	buffer_depth	0
0
1781384935	snap	3200	sdk	media	cp_received	579050
1781384935	snap	3200	sdk	media	lp_received	0
1781384935	snap	3200	sdk	media	cp_sent	421963
1781384935	snap	3200	sdk	media	lp_sent	0
1781384935	snap	3200	sdk	media	cp_dropped	0
1781384935	snap	3200	sdk	media	lp_dropped	0
1781384935	snap	3200	sdk	post-storage	spans_received	552751
1781384935	snap	3200	sdk	post-storage	spans_sent	443618
1781384935	snap	3200	sdk	post-storage	spans_dropped	0
1781384935	snap	3200	sdk	post-storage	spans_flushed	552751
1781384935	snap	3200	sdk	post-storage	batches_sent	3228
1781384935	snap	3200	sdk	post-storage	batches_dropped	0
1781384935	snap	3200	sdk	post-storage	send_unavailable	0
1781384935	snap	3200	sdk	post-storage	send_deadline	0
1781384935	snap	3200	sdk	post-storage	send_exhausted	0
1781384935	snap	3200	sdk	post-storage	send_canceled	0
1781384935	snap	3200	sdk	post-storage	send_other	0
1781384935	snap	3200	sdk	post-storage	buffer_depth	0
0
1781384935	snap	3200	sdk	post-storage	cp_received	552751
1781384935	snap	3200	sdk	post-storage	lp_received	0
1781384935	snap	3200	sdk	post-storage	cp_sent	443618
1781384935	snap	3200	sdk	post-storage	lp_sent	0
1781384935	snap	3200	sdk	post-storage	cp_dropped	0
1781384935	snap	3200	sdk	post-storage	lp_dropped	0
1781384935	snap	3200	sdk	socialgraph	spans_received	665097
1781384935	snap	3200	sdk	socialgraph	spans_sent	521987
1781384935	snap	3200	sdk	socialgraph	spans_dropped	0
1781384935	snap	3200	sdk	socialgraph	spans_flushed	665097
1781384935	snap	3200	sdk	socialgraph	batches_sent	3558
1781384935	snap	3200	sdk	socialgraph	batches_dropped	0
1781384935	snap	3200	sdk	socialgraph	send_unavailable	0
1781384935	snap	3200	sdk	socialgraph	send_deadline	0
1781384935	snap	3200	sdk	socialgraph	send_exhausted	0
1781384935	snap	3200	sdk	socialgraph	send_canceled	0
1781384935	snap	3200	sdk	socialgraph	send_other	0
1781384935	snap	3200	sdk	socialgraph	buffer_depth	0
0
1781384935	snap	3200	sdk	socialgraph	cp_received	627473
1781384935	snap	3200	sdk	socialgraph	lp_received	37624
1781384935	snap	3200	sdk	socialgraph	cp_sent	484363
1781384935	snap	3200	sdk	socialgraph	lp_sent	37624
1781384935	snap	3200	sdk	socialgraph	cp_dropped	0
1781384935	snap	3200	sdk	socialgraph	lp_dropped	0
1781384935	snap	3200	sdk	text	spans_received	1751834
1781384935	snap	3200	sdk	text	spans_sent	352749
1781384935	snap	3200	sdk	text	spans_dropped	0
1781384935	snap	3200	sdk	text	spans_flushed	1751834
1781384935	snap	3200	sdk	text	batches_sent	4602
1781384935	snap	3200	sdk	text	batches_dropped	0
1781384935	snap	3200	sdk	text	send_unavailable	0
1781384935	snap	3200	sdk	text	send_deadline	0
1781384935	snap	3200	sdk	text	send_exhausted	0
1781384935	snap	3200	sdk	text	send_canceled	0
1781384935	snap	3200	sdk	text	send_other	0
1781384935	snap	3200	sdk	text	buffer_depth	0
0
1781384935	snap	3200	sdk	text	cp_received	0
1781384935	snap	3200	sdk	text	lp_received	1751834
1781384935	snap	3200	sdk	text	cp_sent	0
1781384935	snap	3200	sdk	text	lp_sent	352749
1781384935	snap	3200	sdk	text	cp_dropped	0
1781384935	snap	3200	sdk	text	lp_dropped	0
1781384935	snap	3200	sdk	urlshorten	spans_received	576330
1781384935	snap	3200	sdk	urlshorten	spans_sent	427007
1781384935	snap	3200	sdk	urlshorten	spans_dropped	0
1781384935	snap	3200	sdk	urlshorten	spans_flushed	576330
1781384935	snap	3200	sdk	urlshorten	batches_sent	3110
1781384935	snap	3200	sdk	urlshorten	batches_dropped	0
1781384935	snap	3200	sdk	urlshorten	send_unavailable	0
1781384935	snap	3200	sdk	urlshorten	send_deadline	0
1781384935	snap	3200	sdk	urlshorten	send_exhausted	0
1781384935	snap	3200	sdk	urlshorten	send_canceled	0
1781384935	snap	3200	sdk	urlshorten	send_other	0
1781384935	snap	3200	sdk	urlshorten	buffer_depth	0
0
1781384935	snap	3200	sdk	urlshorten	cp_received	576330
1781384935	snap	3200	sdk	urlshorten	lp_received	0
1781384935	snap	3200	sdk	urlshorten	cp_sent	427007
1781384935	snap	3200	sdk	urlshorten	lp_sent	0
1781384935	snap	3200	sdk	urlshorten	cp_dropped	0
1781384935	snap	3200	sdk	urlshorten	lp_dropped	0
1781384935	snap	3200	sdk	user	spans_received	581933
1781384935	snap	3200	sdk	user	spans_sent	266691
1781384935	snap	3200	sdk	user	spans_dropped	0
1781384935	snap	3200	sdk	user	spans_flushed	581933
1781384935	snap	3200	sdk	user	batches_sent	2415
1781384935	snap	3200	sdk	user	batches_dropped	0
1781384935	snap	3200	sdk	user	send_unavailable	0
1781384935	snap	3200	sdk	user	send_deadline	0
1781384935	snap	3200	sdk	user	send_exhausted	0
1781384935	snap	3200	sdk	user	send_canceled	0
1781384935	snap	3200	sdk	user	send_other	0
1781384935	snap	3200	sdk	user	buffer_depth	0
0
1781384935	snap	3200	sdk	user	cp_received	580971
1781384935	snap	3200	sdk	user	lp_received	962
1781384935	snap	3200	sdk	user	cp_sent	265729
1781384935	snap	3200	sdk	user	lp_sent	962
1781384935	snap	3200	sdk	user	cp_dropped	0
1781384935	snap	3200	sdk	user	lp_dropped	0
1781384935	snap	3200	sdk	userid	spans_received	75248
1781384935	snap	3200	sdk	userid	spans_sent	75248
1781384935	snap	3200	sdk	userid	spans_dropped	0
1781384935	snap	3200	sdk	userid	spans_flushed	75248
1781384935	snap	3200	sdk	userid	batches_sent	250
1781384935	snap	3200	sdk	userid	batches_dropped	0
1781384935	snap	3200	sdk	userid	send_unavailable	0
1781384935	snap	3200	sdk	userid	send_deadline	0
1781384935	snap	3200	sdk	userid	send_exhausted	0
1781384935	snap	3200	sdk	userid	send_canceled	0
1781384935	snap	3200	sdk	userid	send_other	0
1781384935	snap	3200	sdk	userid	buffer_depth	0
0
1781384935	snap	3200	sdk	userid	cp_received	75248
1781384935	snap	3200	sdk	userid	lp_received	0
1781384935	snap	3200	sdk	userid	cp_sent	75248
1781384935	snap	3200	sdk	userid	lp_sent	0
1781384935	snap	3200	sdk	userid	cp_dropped	0
1781384935	snap	3200	sdk	userid	lp_dropped	0
1781384935	snap	3200	sdk	usermention	spans_received	576744
1781384935	snap	3200	sdk	usermention	spans_sent	292659
1781384935	snap	3200	sdk	usermention	spans_dropped	0
1781384935	snap	3200	sdk	usermention	spans_flushed	576744
1781384935	snap	3200	sdk	usermention	batches_sent	2529
1781384935	snap	3200	sdk	usermention	batches_dropped	0
1781384935	snap	3200	sdk	usermention	send_unavailable	0
1781384935	snap	3200	sdk	usermention	send_deadline	0
1781384935	snap	3200	sdk	usermention	send_exhausted	0
1781384935	snap	3200	sdk	usermention	send_canceled	0
1781384935	snap	3200	sdk	usermention	send_other	0
1781384935	snap	3200	sdk	usermention	buffer_depth	0
0
1781384935	snap	3200	sdk	usermention	cp_received	576744
1781384935	snap	3200	sdk	usermention	lp_received	0
1781384935	snap	3200	sdk	usermention	cp_sent	292659
1781384935	snap	3200	sdk	usermention	lp_sent	0
1781384935	snap	3200	sdk	usermention	cp_dropped	0
1781384935	snap	3200	sdk	usermention	lp_dropped	0
1781384935	snap	3200	sdk	usertimeline	spans_received	552357
1781384935	snap	3200	sdk	usertimeline	spans_sent	437358
1781384935	snap	3200	sdk	usertimeline	spans_dropped	0
1781384935	snap	3200	sdk	usertimeline	spans_flushed	552357
1781384935	snap	3200	sdk	usertimeline	batches_sent	3225
1781384935	snap	3200	sdk	usertimeline	batches_dropped	0
1781384935	snap	3200	sdk	usertimeline	send_unavailable	0
1781384935	snap	3200	sdk	usertimeline	send_deadline	0
1781384935	snap	3200	sdk	usertimeline	send_exhausted	0
1781384935	snap	3200	sdk	usertimeline	send_canceled	0
1781384935	snap	3200	sdk	usertimeline	send_other	0
1781384935	snap	3200	sdk	usertimeline	buffer_depth	0
0
1781384935	snap	3200	sdk	usertimeline	cp_received	552357
1781384935	snap	3200	sdk	usertimeline	lp_received	0
1781384935	snap	3200	sdk	usertimeline	cp_sent	437358
1781384935	snap	3200	sdk	usertimeline	lp_sent	0
1781384935	snap	3200	sdk	usertimeline	cp_dropped	0
1781384935	snap	3200	sdk	usertimeline	lp_dropped	0
1781384942	snap	3400	otelcol	otelcol-sb-esrev1-ctr-9czsx	otelcol_process_memory_rss	323362816
1781384942	snap	3400	otelcol	otelcol-sb-esrev1-ctr-9czsx	otelcol_receiver_accepted_spans	427448
1781384942	snap	3400	otelcol	otelcol-sb-esrev1-ctr-9czsx	otelcol_processor_outgoing_items	427448
1781384942	snap	3400	otelcol	otelcol-sb-esrev1-ctr-9czsx	otelcol_process_runtime_heap_alloc_bytes	130768960
1781384942	snap	3400	otelcol	otelcol-sb-esrev1-ctr-9czsx	otelcol_process_cpu_seconds	94
1781384942	snap	3400	otelcol	otelcol-sb-esrev1-ctr-9czsx	otelcol_exporter_queue_batch_send_size_sum	427448
1781384942	snap	3400	otelcol	otelcol-sb-esrev1-ctr-9czsx	otelcol_receiver_failed_spans	0
1781384942	snap	3400	otelcol	otelcol-sb-esrev1-ctr-9czsx	otelcol_process_uptime	716
1781384942	snap	3400	otelcol	otelcol-sb-esrev1-ctr-9czsx	otelcol_process_runtime_total_sys_memory_bytes	220588344
1781384942	snap	3400	otelcol	otelcol-sb-esrev1-ctr-9czsx	otelcol_exporter_send_failed_spans	0
1781384942	snap	3400	otelcol	otelcol-sb-esrev1-ctr-9czsx	otelcol_exporter_queue_capacity	1001
1781384942	snap	3400	otelcol	otelcol-sb-esrev1-ctr-9czsx	otelcol_processor_batch_metadata_cardinality	1
1781384942	snap	3400	otelcol	otelcol-sb-esrev1-ctr-9czsx	otelcol_process_runtime_total_alloc_bytes	4260108040
1781384942	snap	3400	otelcol	otelcol-sb-esrev1-ctr-9czsx	otelcol_processor_batch_timeout_trigger_send	1598
1781384942	snap	3400	otelcol	otelcol-sb-esrev1-ctr-9czsx	otelcol_processor_batch_batch_send_size_sum	427448
1781384942	snap	3400	otelcol	otelcol-sb-esrev1-ctr-9czsx	otelcol_exporter_sent_spans	144983
1781384942	snap	3400	otelcol	otelcol-sb-esrev1-ctr-9czsx	otelcol_exporter_queue_size	766
1781384942	snap	3400	otelcol	otelcol-sb-esrev1-ctr-9czsx	otelcol_receiver_refused_spans	4871435
1781384942	snap	3400	otelcol	otelcol-sb-esrev1-ctr-9czsx	otelcol_processor_incoming_items	5298883
1781384942	snap	3400	otelcol	otelcol-sb-esrev1-ctr-r7tfk	otelcol_processor_batch_batch_send_size_sum	1435794
1781384942	snap	3400	otelcol	otelcol-sb-esrev1-ctr-r7tfk	otelcol_process_uptime	715
1781384942	snap	3400	otelcol	otelcol-sb-esrev1-ctr-r7tfk	otelcol_processor_outgoing_items	1435794
1781384942	snap	3400	otelcol	otelcol-sb-esrev1-ctr-r7tfk	otelcol_exporter_queue_batch_send_size_sum	1435794
1781384942	snap	3400	otelcol	otelcol-sb-esrev1-ctr-r7tfk	otelcol_receiver_failed_spans	0
1781384942	snap	3400	otelcol	otelcol-sb-esrev1-ctr-r7tfk	otelcol_processor_batch_batch_size_trigger_send	16
1781384942	snap	3400	otelcol	otelcol-sb-esrev1-ctr-r7tfk	otelcol_receiver_refused_spans	14975558
1781384942	snap	3400	otelcol	otelcol-sb-esrev1-ctr-r7tfk	otelcol_receiver_accepted_spans	1435794
1781384942	snap	3400	otelcol	otelcol-sb-esrev1-ctr-r7tfk	otelcol_process_cpu_seconds	201
1781384942	snap	3400	otelcol	otelcol-sb-esrev1-ctr-r7tfk	otelcol_processor_batch_metadata_cardinality	1
1781384942	snap	3400	otelcol	otelcol-sb-esrev1-ctr-r7tfk	otelcol_process_runtime_total_alloc_bytes	12213404808
1781384942	snap	3400	otelcol	otelcol-sb-esrev1-ctr-r7tfk	otelcol_process_runtime_heap_alloc_bytes	132133488
1781384942	snap	3400	otelcol	otelcol-sb-esrev1-ctr-r7tfk	otelcol_process_memory_rss	322015232
1781384942	snap	3400	otelcol	otelcol-sb-esrev1-ctr-r7tfk	otelcol_exporter_queue_capacity	1001
1781384942	snap	3400	otelcol	otelcol-sb-esrev1-ctr-r7tfk	otelcol_processor_batch_timeout_trigger_send	913
1781384942	snap	3400	otelcol	otelcol-sb-esrev1-ctr-r7tfk	otelcol_exporter_send_failed_spans	0
1781384942	snap	3400	otelcol	otelcol-sb-esrev1-ctr-r7tfk	otelcol_exporter_sent_spans	1229778
1781384942	snap	3400	otelcol	otelcol-sb-esrev1-ctr-r7tfk	otelcol_exporter_queue_size	115
1781384942	snap	3400	otelcol	otelcol-sb-esrev1-ctr-r7tfk	otelcol_processor_incoming_items	16411352
1781384942	snap	3400	otelcol	otelcol-sb-esrev1-ctr-r7tfk	otelcol_process_runtime_total_sys_memory_bytes	253884744
1781384942	snap	3400	otelcol	otelcol-sb-esrev1-ctr-srbgp	otelcol_processor_batch_batch_send_size_sum	522169
1781384942	snap	3400	otelcol	otelcol-sb-esrev1-ctr-srbgp	otelcol_exporter_sent_spans	247502
1781384942	snap	3400	otelcol	otelcol-sb-esrev1-ctr-srbgp	otelcol_exporter_queue_size	751
1781384942	snap	3400	otelcol	otelcol-sb-esrev1-ctr-srbgp	otelcol_exporter_queue_capacity	1001
1781384942	snap	3400	otelcol	otelcol-sb-esrev1-ctr-srbgp	otelcol_processor_incoming_items	4840950
1781384942	snap	3400	otelcol	otelcol-sb-esrev1-ctr-srbgp	otelcol_receiver_failed_spans	0
1781384942	snap	3400	otelcol	otelcol-sb-esrev1-ctr-srbgp	otelcol_processor_outgoing_items	522169
1781384942	snap	3400	otelcol	otelcol-sb-esrev1-ctr-srbgp	otelcol_process_runtime_heap_alloc_bytes	135888208
1781384942	snap	3400	otelcol	otelcol-sb-esrev1-ctr-srbgp	otelcol_processor_batch_metadata_cardinality	1
1781384942	snap	3400	otelcol	otelcol-sb-esrev1-ctr-srbgp	otelcol_receiver_refused_spans	4318781
1781384942	snap	3400	otelcol	otelcol-sb-esrev1-ctr-srbgp	otelcol_processor_batch_timeout_trigger_send	1722
1781384942	snap	3400	otelcol	otelcol-sb-esrev1-ctr-srbgp	otelcol_process_runtime_total_sys_memory_bytes	215607608
1781384942	snap	3400	otelcol	otelcol-sb-esrev1-ctr-srbgp	otelcol_process_cpu_seconds	81
1781384942	snap	3400	otelcol	otelcol-sb-esrev1-ctr-srbgp	otelcol_exporter_queue_batch_send_size_sum	522169
1781384942	snap	3400	otelcol	otelcol-sb-esrev1-ctr-srbgp	otelcol_process_runtime_total_alloc_bytes	3897264784
1781384942	snap	3400	otelcol	otelcol-sb-esrev1-ctr-srbgp	otelcol_process_memory_rss	318861312
1781384942	snap	3400	otelcol	otelcol-sb-esrev1-ctr-srbgp	otelcol_process_uptime	717
1781384942	snap	3400	otelcol	otelcol-sb-esrev1-ctr-srbgp	otelcol_receiver_accepted_spans	522169
1781384942	snap	3400	otelcol	otelcol-sb-esrev1-ctr-srbgp	otelcol_exporter_send_failed_spans	0
1781384942	snap	3400	otelcol	otelcol-sb-esrev1-ctr-j2cng	otelcol_processor_incoming_items	4252026
1781384942	snap	3400	otelcol	otelcol-sb-esrev1-ctr-j2cng	otelcol_exporter_queue_capacity	1001
1781384942	snap	3400	otelcol	otelcol-sb-esrev1-ctr-j2cng	otelcol_process_memory_rss	322646016
1781384942	snap	3400	otelcol	otelcol-sb-esrev1-ctr-j2cng	otelcol_processor_outgoing_items	437358
1781384942	snap	3400	otelcol	otelcol-sb-esrev1-ctr-j2cng	otelcol_receiver_refused_spans	3814668
1781384942	snap	3400	otelcol	otelcol-sb-esrev1-ctr-j2cng	otelcol_process_cpu_seconds	72
1781384942	snap	3400	otelcol	otelcol-sb-esrev1-ctr-j2cng	otelcol_exporter_queue_batch_send_size_sum	437358
1781384942	snap	3400	otelcol	otelcol-sb-esrev1-ctr-j2cng	otelcol_exporter_sent_spans	164082
1781384942	snap	3400	otelcol	otelcol-sb-esrev1-ctr-j2cng	otelcol_exporter_send_failed_spans	0
1781384942	snap	3400	otelcol	otelcol-sb-esrev1-ctr-j2cng	otelcol_process_runtime_total_alloc_bytes	3435042320
1781384942	snap	3400	otelcol	otelcol-sb-esrev1-ctr-j2cng	otelcol_processor_batch_batch_send_size_sum	437358
1781384942	snap	3400	otelcol	otelcol-sb-esrev1-ctr-j2cng	otelcol_receiver_failed_spans	0
1781384942	snap	3400	otelcol	otelcol-sb-esrev1-ctr-j2cng	otelcol_process_runtime_heap_alloc_bytes	135162320
1781384942	snap	3400	otelcol	otelcol-sb-esrev1-ctr-j2cng	otelcol_processor_batch_metadata_cardinality	1
1781384942	snap	3400	otelcol	otelcol-sb-esrev1-ctr-j2cng	otelcol_process_uptime	716
1781384942	snap	3400	otelcol	otelcol-sb-esrev1-ctr-j2cng	otelcol_process_runtime_total_sys_memory_bytes	216197432
1781384942	snap	3400	otelcol	otelcol-sb-esrev1-ctr-j2cng	otelcol_exporter_queue_size	767
1781384942	snap	3400	otelcol	otelcol-sb-esrev1-ctr-j2cng	otelcol_receiver_accepted_spans	437358
1781384942	snap	3400	otelcol	otelcol-sb-esrev1-ctr-j2cng	otelcol_processor_batch_timeout_trigger_send	1639
1781384942	snap	3400	otelcol	otelcol-sb-esrev1-ctr-z4fxx	otelcol_receiver_failed_spans	0
1781384942	snap	3400	otelcol	otelcol-sb-esrev1-ctr-z4fxx	otelcol_processor_batch_batch_send_size_sum	590399
1781384942	snap	3400	otelcol	otelcol-sb-esrev1-ctr-z4fxx	otelcol_exporter_send_failed_spans	0
1781384942	snap	3400	otelcol	otelcol-sb-esrev1-ctr-z4fxx	otelcol_processor_incoming_items	9126522
1781384942	snap	3400	otelcol	otelcol-sb-esrev1-ctr-z4fxx	otelcol_exporter_queue_size	454
1781384942	snap	3400	otelcol	otelcol-sb-esrev1-ctr-z4fxx	otelcol_receiver_accepted_spans	590399
1781384942	snap	3400	otelcol	otelcol-sb-esrev1-ctr-z4fxx	otelcol_processor_batch_metadata_cardinality	1
1781384942	snap	3400	otelcol	otelcol-sb-esrev1-ctr-z4fxx	otelcol_process_runtime_total_alloc_bytes	6869654568
1781384942	snap	3400	otelcol	otelcol-sb-esrev1-ctr-z4fxx	otelcol_process_memory_rss	322367488
1781384942	snap	3400	otelcol	otelcol-sb-esrev1-ctr-z4fxx	otelcol_processor_batch_timeout_trigger_send	1323
1781384942	snap	3400	otelcol	otelcol-sb-esrev1-ctr-z4fxx	otelcol_receiver_refused_spans	8536123
1781384942	snap	3400	otelcol	otelcol-sb-esrev1-ctr-z4fxx	otelcol_process_runtime_total_sys_memory_bytes	224586040
1781384942	snap	3400	otelcol	otelcol-sb-esrev1-ctr-z4fxx	otelcol_exporter_queue_capacity	1001
1781384942	snap	3400	otelcol	otelcol-sb-esrev1-ctr-z4fxx	otelcol_processor_outgoing_items	590399
1781384942	snap	3400	otelcol	otelcol-sb-esrev1-ctr-z4fxx	otelcol_process_uptime	716
1781384942	snap	3400	otelcol	otelcol-sb-esrev1-ctr-z4fxx	otelcol_process_runtime_heap_alloc_bytes	133948760
1781384942	snap	3400	otelcol	otelcol-sb-esrev1-ctr-z4fxx	otelcol_process_cpu_seconds	129
1781384942	snap	3400	otelcol	otelcol-sb-esrev1-ctr-z4fxx	otelcol_exporter_sent_spans	323067
1781384942	snap	3400	otelcol	otelcol-sb-esrev1-ctr-z4fxx	otelcol_exporter_queue_batch_send_size_sum	590399
1781384942	snap	3400	otelcol	otelcol-sb-esrev1-ctr-bdbcb	otelcol_processor_incoming_items	3744511
1781384942	snap	3400	otelcol	otelcol-sb-esrev1-ctr-bdbcb	otelcol_processor_batch_batch_send_size_sum	444031
1781384942	snap	3400	otelcol	otelcol-sb-esrev1-ctr-bdbcb	otelcol_process_uptime	715
1781384942	snap	3400	otelcol	otelcol-sb-esrev1-ctr-bdbcb	otelcol_receiver_accepted_spans	444031
1781384942	snap	3400	otelcol	otelcol-sb-esrev1-ctr-bdbcb	otelcol_process_memory_rss	319995904
1781384942	snap	3400	otelcol	otelcol-sb-esrev1-ctr-bdbcb	otelcol_process_cpu_seconds	74
1781384942	snap	3400	otelcol	otelcol-sb-esrev1-ctr-bdbcb	otelcol_receiver_refused_spans	3300480
1781384942	snap	3400	otelcol	otelcol-sb-esrev1-ctr-bdbcb	otelcol_exporter_sent_spans	167362
1781384942	snap	3400	otelcol	otelcol-sb-esrev1-ctr-bdbcb	otelcol_exporter_queue_capacity	1001
1781384942	snap	3400	otelcol	otelcol-sb-esrev1-ctr-bdbcb	otelcol_exporter_queue_batch_send_size_sum	444031
1781384942	snap	3400	otelcol	otelcol-sb-esrev1-ctr-bdbcb	otelcol_process_runtime_total_sys_memory_bytes	224651576
1781384942	snap	3400	otelcol	otelcol-sb-esrev1-ctr-bdbcb	otelcol_processor_outgoing_items	444031
1781384942	snap	3400	otelcol	otelcol-sb-esrev1-ctr-bdbcb	otelcol_process_runtime_heap_alloc_bytes	134760112
1781384942	snap	3400	otelcol	otelcol-sb-esrev1-ctr-bdbcb	otelcol_processor_batch_metadata_cardinality	1
1781384942	snap	3400	otelcol	otelcol-sb-esrev1-ctr-bdbcb	otelcol_process_runtime_total_alloc_bytes	3183973656
1781384942	snap	3400	otelcol	otelcol-sb-esrev1-ctr-bdbcb	otelcol_exporter_queue_size	776
1781384942	snap	3400	otelcol	otelcol-sb-esrev1-ctr-bdbcb	otelcol_processor_batch_timeout_trigger_send	1657
1781384942	snap	3400	otelcol	otelcol-sb-esrev1-ctr-bdbcb	otelcol_exporter_send_failed_spans	0
1781384942	snap	3400	otelcol	otelcol-sb-esrev1-ctr-bdbcb	otelcol_receiver_failed_spans	0
1781384942	snap	3400	otelcol	otelcol-sb-esrev1-ctr-zjs5l	otelcol_receiver_refused_spans	16894414
1781384942	snap	3400	otelcol	otelcol-sb-esrev1-ctr-zjs5l	otelcol_processor_batch_timeout_trigger_send	1439
1781384942	snap	3400	otelcol	otelcol-sb-esrev1-ctr-zjs5l	otelcol_exporter_sent_spans	611887
1781384942	snap	3400	otelcol	otelcol-sb-esrev1-ctr-zjs5l	otelcol_receiver_failed_spans	0
1781384942	snap	3400	otelcol	otelcol-sb-esrev1-ctr-zjs5l	otelcol_process_runtime_total_sys_memory_bytes	220457272
1781384942	snap	3400	otelcol	otelcol-sb-esrev1-ctr-zjs5l	otelcol_process_uptime	715
1781384942	snap	3400	otelcol	otelcol-sb-esrev1-ctr-zjs5l	otelcol_exporter_queue_size	444
1781384942	snap	3400	otelcol	otelcol-sb-esrev1-ctr-zjs5l	otelcol_receiver_accepted_spans	852628
1781384942	snap	3400	otelcol	otelcol-sb-esrev1-ctr-zjs5l	otelcol_process_runtime_total_alloc_bytes	11366280808
1781384942	snap	3400	otelcol	otelcol-sb-esrev1-ctr-zjs5l	otelcol_process_runtime_heap_alloc_bytes	131785320
1781384942	snap	3400	otelcol	otelcol-sb-esrev1-ctr-zjs5l	otelcol_processor_batch_batch_send_size_sum	852628
1781384942	snap	3400	otelcol	otelcol-sb-esrev1-ctr-zjs5l	otelcol_process_memory_rss	321372160
1781384942	snap	3400	otelcol	otelcol-sb-esrev1-ctr-zjs5l	otelcol_exporter_queue_capacity	1001
1781384942	snap	3400	otelcol	otelcol-sb-esrev1-ctr-zjs5l	otelcol_exporter_queue_batch_send_size_sum	852628
1781384942	snap	3400	otelcol	otelcol-sb-esrev1-ctr-zjs5l	otelcol_processor_incoming_items	17747042
1781384942	snap	3400	otelcol	otelcol-sb-esrev1-ctr-zjs5l	otelcol_processor_outgoing_items	852628
1781384942	snap	3400	otelcol	otelcol-sb-esrev1-ctr-zjs5l	otelcol_processor_batch_metadata_cardinality	1
1781384942	snap	3400	otelcol	otelcol-sb-esrev1-ctr-zjs5l	otelcol_process_cpu_seconds	163
1781384942	snap	3400	otelcol	otelcol-sb-esrev1-ctr-zjs5l	otelcol_exporter_send_failed_spans	0
1781384942	snap	3400	otelcol	otelcol-sb-esrev1-ctr-mqr25	otelcol_processor_batch_timeout_trigger_send	1305
1781384942	snap	3400	otelcol	otelcol-sb-esrev1-ctr-mqr25	otelcol_exporter_queue_size	349
1781384942	snap	3400	otelcol	otelcol-sb-esrev1-ctr-mqr25	otelcol_processor_incoming_items	15802146
1781384942	snap	3400	otelcol	otelcol-sb-esrev1-ctr-mqr25	otelcol_processor_batch_batch_send_size_sum	724572
1781384942	snap	3400	otelcol	otelcol-sb-esrev1-ctr-mqr25	otelcol_process_runtime_heap_alloc_bytes	127984760
1781384942	snap	3400	otelcol	otelcol-sb-esrev1-ctr-mqr25	otelcol_processor_outgoing_items	724572
1781384942	snap	3400	otelcol	otelcol-sb-esrev1-ctr-mqr25	otelcol_process_runtime_total_alloc_bytes	11768888496
1781384942	snap	3400	otelcol	otelcol-sb-esrev1-ctr-mqr25	otelcol_exporter_send_failed_spans	0
1781384942	snap	3400	otelcol	otelcol-sb-esrev1-ctr-mqr25	otelcol_receiver_failed_spans	0
1781384942	snap	3400	otelcol	otelcol-sb-esrev1-ctr-mqr25	otelcol_process_memory_rss	319467520
1781384942	snap	3400	otelcol	otelcol-sb-esrev1-ctr-mqr25	otelcol_process_cpu_seconds	190
1781384942	snap	3400	otelcol	otelcol-sb-esrev1-ctr-mqr25	otelcol_processor_batch_metadata_cardinality	1
1781384942	snap	3400	otelcol	otelcol-sb-esrev1-ctr-mqr25	otelcol_process_uptime	716
1781384942	snap	3400	otelcol	otelcol-sb-esrev1-ctr-mqr25	otelcol_exporter_sent_spans	461373
1781384942	snap	3400	otelcol	otelcol-sb-esrev1-ctr-mqr25	otelcol_exporter_queue_batch_send_size_sum	724572
1781384942	snap	3400	otelcol	otelcol-sb-esrev1-ctr-mqr25	otelcol_receiver_refused_spans	15077574
1781384942	snap	3400	otelcol	otelcol-sb-esrev1-ctr-mqr25	otelcol_process_runtime_total_sys_memory_bytes	225634616
1781384942	snap	3400	otelcol	otelcol-sb-esrev1-ctr-mqr25	otelcol_receiver_accepted_spans	724572
1781384942	snap	3400	otelcol	otelcol-sb-esrev1-ctr-mqr25	otelcol_exporter_queue_capacity	1001
1781384942	snap	3400	otelcol	otelcol-sb-esrev1-ctr-j7lcx	otelcol_processor_batch_metadata_cardinality	1
1781384942	snap	3400	otelcol	otelcol-sb-esrev1-ctr-j7lcx	otelcol_process_runtime_total_alloc_bytes	43663552
1781384942	snap	3400	otelcol	otelcol-sb-esrev1-ctr-j7lcx	otelcol_process_cpu_seconds	5
1781384942	snap	3400	otelcol	otelcol-sb-esrev1-ctr-j7lcx	otelcol_process_runtime_heap_alloc_bytes	19611520
1781384942	snap	3400	otelcol	otelcol-sb-esrev1-ctr-j7lcx	otelcol_process_memory_rss	181489664
1781384942	snap	3400	otelcol	otelcol-sb-esrev1-ctr-j7lcx	otelcol_process_uptime	714
1781384942	snap	3400	otelcol	otelcol-sb-esrev1-ctr-j7lcx	otelcol_process_runtime_total_sys_memory_bytes	44546312
1781384942	snap	3400	otelcol	otelcol-sb-esrev1-ctr-j7lcx	otelcol_exporter_queue_size	0
1781384942	snap	3400	otelcol	otelcol-sb-esrev1-ctr-j7lcx	otelcol_exporter_queue_capacity	1001
1781384942	snap	3400	k8s	otelcol-sb-esrev1-ctr-9czsx	restart_count	0
1781384942	snap	3400	k8s	otelcol-sb-esrev1-ctr-bdbcb	restart_count	0
1781384942	snap	3400	k8s	otelcol-sb-esrev1-ctr-j2cng	restart_count	0
1781384942	snap	3400	k8s	otelcol-sb-esrev1-ctr-j7lcx	restart_count	0
1781384942	snap	3400	k8s	otelcol-sb-esrev1-ctr-mqr25	restart_count	0
1781384942	snap	3400	k8s	otelcol-sb-esrev1-ctr-r7tfk	restart_count	0
1781384942	snap	3400	k8s	otelcol-sb-esrev1-ctr-srbgp	restart_count	0
1781384942	snap	3400	k8s	otelcol-sb-esrev1-ctr-z4fxx	restart_count	0
1781384942	snap	3400	k8s	otelcol-sb-esrev1-ctr-zjs5l	restart_count	0
1781384942	snap	3400	sdk	wrk2api	spans_received	1218952
1781384942	snap	3400	sdk	wrk2api	spans_sent	455253
1781384942	snap	3400	sdk	wrk2api	spans_dropped	0
1781384942	snap	3400	sdk	wrk2api	spans_flushed	1218952
1781384942	snap	3400	sdk	wrk2api	batches_sent	4511
1781384942	snap	3400	sdk	wrk2api	batches_dropped	0
1781384942	snap	3400	sdk	wrk2api	send_unavailable	0
1781384942	snap	3400	sdk	wrk2api	send_deadline	0
1781384942	snap	3400	sdk	wrk2api	send_exhausted	0
1781384942	snap	3400	sdk	wrk2api	send_canceled	0
1781384942	snap	3400	sdk	wrk2api	send_other	0
1781384942	snap	3400	sdk	wrk2api	buffer_depth	0
0
1781384942	snap	3400	sdk	wrk2api	cp_received	589326
1781384942	snap	3400	sdk	wrk2api	lp_received	629626
1781384942	snap	3400	sdk	wrk2api	cp_sent	277311
1781384942	snap	3400	sdk	wrk2api	lp_sent	177942
1781384942	snap	3400	sdk	wrk2api	cp_dropped	0
1781384942	snap	3400	sdk	wrk2api	lp_dropped	0
1781384942	snap	3400	sdk	composepost	spans_received	4741039
1781384942	snap	3400	sdk	composepost	spans_sent	1232423
1781384942	snap	3400	sdk	composepost	spans_dropped	0
1781384942	snap	3400	sdk	composepost	spans_flushed	4741039
1781384942	snap	3400	sdk	composepost	batches_sent	14276
1781384942	snap	3400	sdk	composepost	batches_dropped	0
1781384942	snap	3400	sdk	composepost	send_unavailable	0
1781384942	snap	3400	sdk	composepost	send_deadline	0
1781384942	snap	3400	sdk	composepost	send_exhausted	0
1781384942	snap	3400	sdk	composepost	send_canceled	0
1781384942	snap	3400	sdk	composepost	send_other	0
1781384942	snap	3400	sdk	composepost	buffer_depth	0
0
1781384942	snap	3400	sdk	composepost	cp_received	4157488
1781384942	snap	3400	sdk	composepost	lp_received	583551
1781384942	snap	3400	sdk	composepost	cp_sent	1155446
1781384942	snap	3400	sdk	composepost	lp_sent	76977
1781384942	snap	3400	sdk	composepost	cp_dropped	0
1781384942	snap	3400	sdk	composepost	lp_dropped	0
1781384942	snap	3400	sdk	hometimeline	spans_received	1109894
1781384942	snap	3400	sdk	hometimeline	spans_sent	153642
1781384942	snap	3400	sdk	hometimeline	spans_dropped	0
1781384942	snap	3400	sdk	hometimeline	spans_flushed	1109894
1781384942	snap	3400	sdk	hometimeline	batches_sent	2660
1781384942	snap	3400	sdk	hometimeline	batches_dropped	0
1781384942	snap	3400	sdk	hometimeline	send_unavailable	0
1781384942	snap	3400	sdk	hometimeline	send_deadline	0
1781384942	snap	3400	sdk	hometimeline	send_exhausted	0
1781384942	snap	3400	sdk	hometimeline	send_canceled	0
1781384942	snap	3400	sdk	hometimeline	send_other	0
1781384942	snap	3400	sdk	hometimeline	buffer_depth	0
0
1781384942	snap	3400	sdk	hometimeline	cp_received	0
1781384942	snap	3400	sdk	hometimeline	lp_received	1109894
1781384942	snap	3400	sdk	hometimeline	cp_sent	0
1781384942	snap	3400	sdk	hometimeline	lp_sent	153642
1781384942	snap	3400	sdk	hometimeline	cp_dropped	0
1781384942	snap	3400	sdk	hometimeline	lp_dropped	0
1781384942	snap	3400	sdk	media	spans_received	579217
1781384942	snap	3400	sdk	media	spans_sent	422130
1781384942	snap	3400	sdk	media	spans_dropped	0
1781384942	snap	3400	sdk	media	spans_flushed	579217
1781384942	snap	3400	sdk	media	batches_sent	3221
1781384942	snap	3400	sdk	media	batches_dropped	0
1781384942	snap	3400	sdk	media	send_unavailable	0
1781384942	snap	3400	sdk	media	send_deadline	0
1781384942	snap	3400	sdk	media	send_exhausted	0
1781384942	snap	3400	sdk	media	send_canceled	0
1781384942	snap	3400	sdk	media	send_other	0
1781384942	snap	3400	sdk	media	buffer_depth	0
0
1781384942	snap	3400	sdk	media	cp_received	579217
1781384942	snap	3400	sdk	media	lp_received	0
1781384942	snap	3400	sdk	media	cp_sent	422130
1781384942	snap	3400	sdk	media	lp_sent	0
1781384942	snap	3400	sdk	media	cp_dropped	0
1781384942	snap	3400	sdk	media	lp_dropped	0
1781384942	snap	3400	sdk	post-storage	spans_received	552751
1781384942	snap	3400	sdk	post-storage	spans_sent	443618
1781384942	snap	3400	sdk	post-storage	spans_dropped	0
1781384942	snap	3400	sdk	post-storage	spans_flushed	552751
1781384942	snap	3400	sdk	post-storage	batches_sent	3228
1781384942	snap	3400	sdk	post-storage	batches_dropped	0
1781384942	snap	3400	sdk	post-storage	send_unavailable	0
1781384942	snap	3400	sdk	post-storage	send_deadline	0
1781384942	snap	3400	sdk	post-storage	send_exhausted	0
1781384942	snap	3400	sdk	post-storage	send_canceled	0
1781384942	snap	3400	sdk	post-storage	send_other	0
1781384942	snap	3400	sdk	post-storage	buffer_depth	0
0
1781384942	snap	3400	sdk	post-storage	cp_received	552751
1781384942	snap	3400	sdk	post-storage	lp_received	0
1781384942	snap	3400	sdk	post-storage	cp_sent	443618
1781384942	snap	3400	sdk	post-storage	lp_sent	0
1781384942	snap	3400	sdk	post-storage	cp_dropped	0
1781384942	snap	3400	sdk	post-storage	lp_dropped	0
1781384942	snap	3400	sdk	socialgraph	spans_received	665097
1781384942	snap	3400	sdk	socialgraph	spans_sent	521987
1781384942	snap	3400	sdk	socialgraph	spans_dropped	0
1781384942	snap	3400	sdk	socialgraph	spans_flushed	665097
1781384942	snap	3400	sdk	socialgraph	batches_sent	3558
1781384942	snap	3400	sdk	socialgraph	batches_dropped	0
1781384942	snap	3400	sdk	socialgraph	send_unavailable	0
1781384942	snap	3400	sdk	socialgraph	send_deadline	0
1781384942	snap	3400	sdk	socialgraph	send_exhausted	0
1781384942	snap	3400	sdk	socialgraph	send_canceled	0
1781384942	snap	3400	sdk	socialgraph	send_other	0
1781384942	snap	3400	sdk	socialgraph	buffer_depth	0
0
1781384942	snap	3400	sdk	socialgraph	cp_received	627473
1781384942	snap	3400	sdk	socialgraph	lp_received	37624
1781384942	snap	3400	sdk	socialgraph	cp_sent	484363
1781384942	snap	3400	sdk	socialgraph	lp_sent	37624
1781384942	snap	3400	sdk	socialgraph	cp_dropped	0
1781384942	snap	3400	sdk	socialgraph	lp_dropped	0
1781384942	snap	3400	sdk	text	spans_received	1752256
1781384942	snap	3400	sdk	text	spans_sent	352749
1781384942	snap	3400	sdk	text	spans_dropped	0
1781384942	snap	3400	sdk	text	spans_flushed	1752256
1781384942	snap	3400	sdk	text	batches_sent	4602
1781384942	snap	3400	sdk	text	batches_dropped	0
1781384942	snap	3400	sdk	text	send_unavailable	0
1781384942	snap	3400	sdk	text	send_deadline	0
1781384942	snap	3400	sdk	text	send_exhausted	0
1781384942	snap	3400	sdk	text	send_canceled	0
1781384942	snap	3400	sdk	text	send_other	0
1781384942	snap	3400	sdk	text	buffer_depth	0
0
1781384942	snap	3400	sdk	text	cp_received	0
1781384942	snap	3400	sdk	text	lp_received	1752256
1781384942	snap	3400	sdk	text	cp_sent	0
1781384942	snap	3400	sdk	text	lp_sent	352749
1781384942	snap	3400	sdk	text	cp_dropped	0
1781384942	snap	3400	sdk	text	lp_dropped	0
1781384942	snap	3400	sdk	uniqueid	spans_received	579233
1781384942	snap	3400	sdk	uniqueid	spans_sent	296204
1781384942	snap	3400	sdk	uniqueid	spans_dropped	0
1781384942	snap	3400	sdk	uniqueid	spans_flushed	579233
1781384942	snap	3400	sdk	uniqueid	batches_sent	2530
1781384942	snap	3400	sdk	uniqueid	batches_dropped	0
1781384942	snap	3400	sdk	uniqueid	send_unavailable	0
1781384942	snap	3400	sdk	uniqueid	send_deadline	0
1781384942	snap	3400	sdk	uniqueid	send_exhausted	0
1781384942	snap	3400	sdk	uniqueid	send_canceled	0
1781384942	snap	3400	sdk	uniqueid	send_other	0
1781384942	snap	3400	sdk	uniqueid	buffer_depth	0
0
1781384942	snap	3400	sdk	uniqueid	cp_received	579233
1781384942	snap	3400	sdk	uniqueid	lp_received	0
1781384942	snap	3400	sdk	uniqueid	cp_sent	296204
1781384942	snap	3400	sdk	uniqueid	lp_sent	0
1781384942	snap	3400	sdk	uniqueid	cp_dropped	0
1781384942	snap	3400	sdk	uniqueid	lp_dropped	0
1781384942	snap	3400	sdk	urlshorten	spans_received	576393
1781384942	snap	3400	sdk	urlshorten	spans_sent	427070
1781384942	snap	3400	sdk	urlshorten	spans_dropped	0
1781384942	snap	3400	sdk	urlshorten	spans_flushed	576393
1781384942	snap	3400	sdk	urlshorten	batches_sent	3114
1781384942	snap	3400	sdk	urlshorten	batches_dropped	0
1781384942	snap	3400	sdk	urlshorten	send_unavailable	0
1781384942	snap	3400	sdk	urlshorten	send_deadline	0
1781384942	snap	3400	sdk	urlshorten	send_exhausted	0
1781384942	snap	3400	sdk	urlshorten	send_canceled	0
1781384942	snap	3400	sdk	urlshorten	send_other	0
1781384942	snap	3400	sdk	urlshorten	buffer_depth	0
0
1781384942	snap	3400	sdk	urlshorten	cp_received	576393
1781384942	snap	3400	sdk	urlshorten	lp_received	0
1781384942	snap	3400	sdk	urlshorten	cp_sent	427070
1781384942	snap	3400	sdk	urlshorten	lp_sent	0
1781384942	snap	3400	sdk	urlshorten	cp_dropped	0
1781384942	snap	3400	sdk	urlshorten	lp_dropped	0
1781384942	snap	3400	sdk	user	spans_received	581990
1781384942	snap	3400	sdk	user	spans_sent	266748
1781384942	snap	3400	sdk	user	spans_dropped	0
1781384942	snap	3400	sdk	user	spans_flushed	581990
1781384942	snap	3400	sdk	user	batches_sent	2416
1781384942	snap	3400	sdk	user	batches_dropped	0
1781384942	snap	3400	sdk	user	send_unavailable	0
1781384942	snap	3400	sdk	user	send_deadline	0
1781384942	snap	3400	sdk	user	send_exhausted	0
1781384942	snap	3400	sdk	user	send_canceled	0
1781384942	snap	3400	sdk	user	send_other	0
1781384942	snap	3400	sdk	user	buffer_depth	0
0
1781384942	snap	3400	sdk	user	cp_received	581028
1781384942	snap	3400	sdk	user	lp_received	962
1781384942	snap	3400	sdk	user	cp_sent	265786
1781384942	snap	3400	sdk	user	lp_sent	962
1781384942	snap	3400	sdk	user	cp_dropped	0
1781384942	snap	3400	sdk	user	lp_dropped	0
1781384942	snap	3400	sdk	userid	spans_received	75248
1781384942	snap	3400	sdk	userid	spans_sent	75248
1781384942	snap	3400	sdk	userid	spans_dropped	0
1781384942	snap	3400	sdk	userid	spans_flushed	75248
1781384942	snap	3400	sdk	userid	batches_sent	250
1781384942	snap	3400	sdk	userid	batches_dropped	0
1781384942	snap	3400	sdk	userid	send_unavailable	0
1781384942	snap	3400	sdk	userid	send_deadline	0
1781384942	snap	3400	sdk	userid	send_exhausted	0
1781384942	snap	3400	sdk	userid	send_canceled	0
1781384942	snap	3400	sdk	userid	send_other	0
1781384942	snap	3400	sdk	userid	buffer_depth	0
0
1781384942	snap	3400	sdk	userid	cp_received	75248
1781384942	snap	3400	sdk	userid	lp_received	0
1781384942	snap	3400	sdk	userid	cp_sent	75248
1781384942	snap	3400	sdk	userid	lp_sent	0
1781384942	snap	3400	sdk	userid	cp_dropped	0
1781384942	snap	3400	sdk	userid	lp_dropped	0
1781384942	snap	3400	sdk	usermention	spans_received	576745
1781384942	snap	3400	sdk	usermention	spans_sent	292660
1781384942	snap	3400	sdk	usermention	spans_dropped	0
1781384942	snap	3400	sdk	usermention	spans_flushed	576745
1781384942	snap	3400	sdk	usermention	batches_sent	2530
1781384942	snap	3400	sdk	usermention	batches_dropped	0
1781384942	snap	3400	sdk	usermention	send_unavailable	0
1781384942	snap	3400	sdk	usermention	send_deadline	0
1781384942	snap	3400	sdk	usermention	send_exhausted	0
1781384942	snap	3400	sdk	usermention	send_canceled	0
1781384942	snap	3400	sdk	usermention	send_other	0
1781384942	snap	3400	sdk	usermention	buffer_depth	0
0
1781384942	snap	3400	sdk	usermention	cp_received	576745
1781384942	snap	3400	sdk	usermention	lp_received	0
1781384942	snap	3400	sdk	usermention	cp_sent	292660
1781384942	snap	3400	sdk	usermention	lp_sent	0
1781384942	snap	3400	sdk	usermention	cp_dropped	0
1781384942	snap	3400	sdk	usermention	lp_dropped	0
1781384942	snap	3400	sdk	usertimeline	spans_received	552357
1781384942	snap	3400	sdk	usertimeline	spans_sent	437358
1781384942	snap	3400	sdk	usertimeline	spans_dropped	0
1781384942	snap	3400	sdk	usertimeline	spans_flushed	552357
1781384942	snap	3400	sdk	usertimeline	batches_sent	3225
1781384942	snap	3400	sdk	usertimeline	batches_dropped	0
1781384942	snap	3400	sdk	usertimeline	send_unavailable	0
1781384942	snap	3400	sdk	usertimeline	send_deadline	0
1781384942	snap	3400	sdk	usertimeline	send_exhausted	0
1781384942	snap	3400	sdk	usertimeline	send_canceled	0
1781384942	snap	3400	sdk	usertimeline	send_other	0
1781384942	snap	3400	sdk	usertimeline	buffer_depth	0
0
1781384942	snap	3400	sdk	usertimeline	cp_received	552357
1781384942	snap	3400	sdk	usertimeline	lp_received	0
1781384942	snap	3400	sdk	usertimeline	cp_sent	437358
1781384942	snap	3400	sdk	usertimeline	lp_sent	0
1781384942	snap	3400	sdk	usertimeline	cp_dropped	0
1781384942	snap	3400	sdk	usertimeline	lp_dropped	0
1781385009	snap	3400	otelcol	otelcol-sb-esrev1-ctr-9czsx	otelcol_process_memory_rss	321290240
1781385009	snap	3400	otelcol	otelcol-sb-esrev1-ctr-9czsx	otelcol_receiver_accepted_spans	440476
1781385009	snap	3400	otelcol	otelcol-sb-esrev1-ctr-9czsx	otelcol_processor_outgoing_items	440476
1781385009	snap	3400	otelcol	otelcol-sb-esrev1-ctr-9czsx	otelcol_process_runtime_heap_alloc_bytes	145413256
1781385009	snap	3400	otelcol	otelcol-sb-esrev1-ctr-9czsx	otelcol_process_cpu_seconds	113
1781385009	snap	3400	otelcol	otelcol-sb-esrev1-ctr-9czsx	otelcol_exporter_queue_batch_send_size_sum	440476
1781385009	snap	3400	otelcol	otelcol-sb-esrev1-ctr-9czsx	otelcol_receiver_failed_spans	0
1781385009	snap	3400	otelcol	otelcol-sb-esrev1-ctr-9czsx	otelcol_process_uptime	783
1781385009	snap	3400	otelcol	otelcol-sb-esrev1-ctr-9czsx	otelcol_process_runtime_total_sys_memory_bytes	220588344
1781385009	snap	3400	otelcol	otelcol-sb-esrev1-ctr-9czsx	otelcol_exporter_send_failed_spans	0
1781385009	snap	3400	otelcol	otelcol-sb-esrev1-ctr-9czsx	otelcol_exporter_queue_capacity	1001
1781385009	snap	3400	otelcol	otelcol-sb-esrev1-ctr-9czsx	otelcol_processor_batch_metadata_cardinality	1
1781385009	snap	3400	otelcol	otelcol-sb-esrev1-ctr-9czsx	otelcol_process_runtime_total_alloc_bytes	5072455840
1781385009	snap	3400	otelcol	otelcol-sb-esrev1-ctr-9czsx	otelcol_processor_batch_timeout_trigger_send	1659
1781385009	snap	3400	otelcol	otelcol-sb-esrev1-ctr-9czsx	otelcol_processor_batch_batch_send_size_sum	440476
1781385009	snap	3400	otelcol	otelcol-sb-esrev1-ctr-9czsx	otelcol_exporter_sent_spans	160281
1781385009	snap	3400	otelcol	otelcol-sb-esrev1-ctr-9czsx	otelcol_exporter_queue_size	792
1781385009	snap	3400	otelcol	otelcol-sb-esrev1-ctr-9czsx	otelcol_receiver_refused_spans	5958951
1781385009	snap	3400	otelcol	otelcol-sb-esrev1-ctr-9czsx	otelcol_processor_incoming_items	6399427
1781385009	snap	3400	otelcol	otelcol-sb-esrev1-ctr-r7tfk	otelcol_processor_batch_batch_send_size_sum	1471265
1781385009	snap	3400	otelcol	otelcol-sb-esrev1-ctr-r7tfk	otelcol_process_uptime	782
1781385009	snap	3400	otelcol	otelcol-sb-esrev1-ctr-r7tfk	otelcol_processor_outgoing_items	1471265
1781385009	snap	3400	otelcol	otelcol-sb-esrev1-ctr-r7tfk	otelcol_exporter_queue_batch_send_size_sum	1471265
1781385009	snap	3400	otelcol	otelcol-sb-esrev1-ctr-r7tfk	otelcol_receiver_failed_spans	0
1781385009	snap	3400	otelcol	otelcol-sb-esrev1-ctr-r7tfk	otelcol_processor_batch_batch_size_trigger_send	16
1781385009	snap	3400	otelcol	otelcol-sb-esrev1-ctr-r7tfk	otelcol_receiver_refused_spans	16043495
1781385009	snap	3400	otelcol	otelcol-sb-esrev1-ctr-r7tfk	otelcol_receiver_accepted_spans	1471265
1781385009	snap	3400	otelcol	otelcol-sb-esrev1-ctr-r7tfk	otelcol_process_cpu_seconds	227
1781385009	snap	3400	otelcol	otelcol-sb-esrev1-ctr-r7tfk	otelcol_processor_batch_metadata_cardinality	1
1781385009	snap	3400	otelcol	otelcol-sb-esrev1-ctr-r7tfk	otelcol_process_runtime_total_alloc_bytes	13299947000
1781385009	snap	3400	otelcol	otelcol-sb-esrev1-ctr-r7tfk	otelcol_process_runtime_heap_alloc_bytes	142318952
1781385009	snap	3400	otelcol	otelcol-sb-esrev1-ctr-r7tfk	otelcol_process_memory_rss	331706368
1781385009	snap	3400	otelcol	otelcol-sb-esrev1-ctr-r7tfk	otelcol_exporter_queue_capacity	1001
1781385009	snap	3400	otelcol	otelcol-sb-esrev1-ctr-r7tfk	otelcol_processor_batch_timeout_trigger_send	931
1781385009	snap	3400	otelcol	otelcol-sb-esrev1-ctr-r7tfk	otelcol_exporter_send_failed_spans	0
1781385009	snap	3400	otelcol	otelcol-sb-esrev1-ctr-r7tfk	otelcol_exporter_sent_spans	1272995
1781385009	snap	3400	otelcol	otelcol-sb-esrev1-ctr-r7tfk	otelcol_exporter_queue_size	107
1781385009	snap	3400	otelcol	otelcol-sb-esrev1-ctr-r7tfk	otelcol_processor_incoming_items	17514760
1781385009	snap	3400	otelcol	otelcol-sb-esrev1-ctr-r7tfk	otelcol_process_runtime_total_sys_memory_bytes	253884744
1781385009	snap	3400	otelcol	otelcol-sb-esrev1-ctr-srbgp	otelcol_processor_batch_batch_send_size_sum	540241
1781385009	snap	3400	otelcol	otelcol-sb-esrev1-ctr-srbgp	otelcol_exporter_sent_spans	274147
1781385009	snap	3400	otelcol	otelcol-sb-esrev1-ctr-srbgp	otelcol_exporter_queue_size	786
1781385009	snap	3400	otelcol	otelcol-sb-esrev1-ctr-srbgp	otelcol_exporter_queue_capacity	1001
1781385009	snap	3400	otelcol	otelcol-sb-esrev1-ctr-srbgp	otelcol_processor_incoming_items	5048033
1781385009	snap	3400	otelcol	otelcol-sb-esrev1-ctr-srbgp	otelcol_receiver_failed_spans	0
1781385009	snap	3400	otelcol	otelcol-sb-esrev1-ctr-srbgp	otelcol_processor_outgoing_items	540241
1781385009	snap	3400	otelcol	otelcol-sb-esrev1-ctr-srbgp	otelcol_process_runtime_heap_alloc_bytes	128955120
1781385009	snap	3400	otelcol	otelcol-sb-esrev1-ctr-srbgp	otelcol_processor_batch_metadata_cardinality	1
1781385009	snap	3400	otelcol	otelcol-sb-esrev1-ctr-srbgp	otelcol_receiver_refused_spans	4507792
1781385009	snap	3400	otelcol	otelcol-sb-esrev1-ctr-srbgp	otelcol_processor_batch_timeout_trigger_send	1818
1781385009	snap	3400	otelcol	otelcol-sb-esrev1-ctr-srbgp	otelcol_process_runtime_total_sys_memory_bytes	215607608
1781385009	snap	3400	otelcol	otelcol-sb-esrev1-ctr-srbgp	otelcol_process_cpu_seconds	85
1781385009	snap	3400	otelcol	otelcol-sb-esrev1-ctr-srbgp	otelcol_exporter_queue_batch_send_size_sum	540241
1781385009	snap	3400	otelcol	otelcol-sb-esrev1-ctr-srbgp	otelcol_process_runtime_total_alloc_bytes	4052895712
1781385009	snap	3400	otelcol	otelcol-sb-esrev1-ctr-srbgp	otelcol_process_memory_rss	317300736
1781385009	snap	3400	otelcol	otelcol-sb-esrev1-ctr-srbgp	otelcol_process_uptime	785
1781385009	snap	3400	otelcol	otelcol-sb-esrev1-ctr-srbgp	otelcol_receiver_accepted_spans	540241
1781385009	snap	3400	otelcol	otelcol-sb-esrev1-ctr-srbgp	otelcol_exporter_send_failed_spans	0
1781385009	snap	3400	otelcol	otelcol-sb-esrev1-ctr-j2cng	otelcol_processor_incoming_items	4377941
1781385009	snap	3400	otelcol	otelcol-sb-esrev1-ctr-j2cng	otelcol_exporter_queue_capacity	1001
1781385009	snap	3400	otelcol	otelcol-sb-esrev1-ctr-j2cng	otelcol_process_memory_rss	322011136
1781385009	snap	3400	otelcol	otelcol-sb-esrev1-ctr-j2cng	otelcol_processor_outgoing_items	456600
1781385009	snap	3400	otelcol	otelcol-sb-esrev1-ctr-j2cng	otelcol_receiver_refused_spans	3921341
1781385009	snap	3400	otelcol	otelcol-sb-esrev1-ctr-j2cng	otelcol_process_cpu_seconds	76
1781385009	snap	3400	otelcol	otelcol-sb-esrev1-ctr-j2cng	otelcol_exporter_queue_batch_send_size_sum	456600
1781385009	snap	3400	otelcol	otelcol-sb-esrev1-ctr-j2cng	otelcol_exporter_sent_spans	174038
1781385009	snap	3400	otelcol	otelcol-sb-esrev1-ctr-j2cng	otelcol_exporter_send_failed_spans	0
1781385009	snap	3400	otelcol	otelcol-sb-esrev1-ctr-j2cng	otelcol_process_runtime_total_alloc_bytes	3549878664
1781385009	snap	3400	otelcol	otelcol-sb-esrev1-ctr-j2cng	otelcol_processor_batch_batch_send_size_sum	456600
1781385009	snap	3400	otelcol	otelcol-sb-esrev1-ctr-j2cng	otelcol_receiver_failed_spans	0
1781385009	snap	3400	otelcol	otelcol-sb-esrev1-ctr-j2cng	otelcol_process_runtime_heap_alloc_bytes	133339792
1781385009	snap	3400	otelcol	otelcol-sb-esrev1-ctr-j2cng	otelcol_processor_batch_metadata_cardinality	1
1781385009	snap	3400	otelcol	otelcol-sb-esrev1-ctr-j2cng	otelcol_process_uptime	784
1781385009	snap	3400	otelcol	otelcol-sb-esrev1-ctr-j2cng	otelcol_process_runtime_total_sys_memory_bytes	216197432
1781385009	snap	3400	otelcol	otelcol-sb-esrev1-ctr-j2cng	otelcol_exporter_queue_size	846
1781385009	snap	3400	otelcol	otelcol-sb-esrev1-ctr-j2cng	otelcol_receiver_accepted_spans	456600
1781385009	snap	3400	otelcol	otelcol-sb-esrev1-ctr-j2cng	otelcol_processor_batch_timeout_trigger_send	1741
1781385009	snap	3400	otelcol	otelcol-sb-esrev1-ctr-z4fxx	otelcol_receiver_failed_spans	0
1781385009	snap	3400	otelcol	otelcol-sb-esrev1-ctr-z4fxx	otelcol_processor_batch_batch_send_size_sum	621135
1781385009	snap	3400	otelcol	otelcol-sb-esrev1-ctr-z4fxx	otelcol_exporter_send_failed_spans	0
1781385009	snap	3400	otelcol	otelcol-sb-esrev1-ctr-z4fxx	otelcol_processor_incoming_items	10653902
1781385009	snap	3400	otelcol	otelcol-sb-esrev1-ctr-z4fxx	otelcol_exporter_queue_size	509
1781385009	snap	3400	otelcol	otelcol-sb-esrev1-ctr-z4fxx	otelcol_receiver_accepted_spans	621135
1781385009	snap	3400	otelcol	otelcol-sb-esrev1-ctr-z4fxx	otelcol_processor_batch_metadata_cardinality	1
1781385009	snap	3400	otelcol	otelcol-sb-esrev1-ctr-z4fxx	otelcol_process_runtime_total_alloc_bytes	7924169792
1781385009	snap	3400	otelcol	otelcol-sb-esrev1-ctr-z4fxx	otelcol_process_memory_rss	320954368
1781385009	snap	3400	otelcol	otelcol-sb-esrev1-ctr-z4fxx	otelcol_processor_batch_timeout_trigger_send	1408
1781385009	snap	3400	otelcol	otelcol-sb-esrev1-ctr-z4fxx	otelcol_receiver_refused_spans	10032767
1781385009	snap	3400	otelcol	otelcol-sb-esrev1-ctr-z4fxx	otelcol_process_runtime_total_sys_memory_bytes	224586040
1781385009	snap	3400	otelcol	otelcol-sb-esrev1-ctr-z4fxx	otelcol_exporter_queue_capacity	1001
1781385009	snap	3400	otelcol	otelcol-sb-esrev1-ctr-z4fxx	otelcol_processor_outgoing_items	621135
1781385009	snap	3400	otelcol	otelcol-sb-esrev1-ctr-z4fxx	otelcol_process_uptime	783
1781385009	snap	3400	otelcol	otelcol-sb-esrev1-ctr-z4fxx	otelcol_process_runtime_heap_alloc_bytes	129490128
1781385009	snap	3400	otelcol	otelcol-sb-esrev1-ctr-z4fxx	otelcol_process_cpu_seconds	149
1781385009	snap	3400	otelcol	otelcol-sb-esrev1-ctr-z4fxx	otelcol_exporter_sent_spans	349426
1781385009	snap	3400	otelcol	otelcol-sb-esrev1-ctr-z4fxx	otelcol_exporter_queue_batch_send_size_sum	621135
1781385009	snap	3400	otelcol	otelcol-sb-esrev1-ctr-bdbcb	otelcol_processor_incoming_items	3833156
1781385009	snap	3400	otelcol	otelcol-sb-esrev1-ctr-bdbcb	otelcol_processor_batch_batch_send_size_sum	463300
1781385009	snap	3400	otelcol	otelcol-sb-esrev1-ctr-bdbcb	otelcol_process_uptime	783
1781385009	snap	3400	otelcol	otelcol-sb-esrev1-ctr-bdbcb	otelcol_receiver_accepted_spans	463300
1781385009	snap	3400	otelcol	otelcol-sb-esrev1-ctr-bdbcb	otelcol_process_memory_rss	319488000
1781385009	snap	3400	otelcol	otelcol-sb-esrev1-ctr-bdbcb	otelcol_process_cpu_seconds	77
1781385009	snap	3400	otelcol	otelcol-sb-esrev1-ctr-bdbcb	otelcol_receiver_refused_spans	3369856
1781385009	snap	3400	otelcol	otelcol-sb-esrev1-ctr-bdbcb	otelcol_exporter_sent_spans	186794
1781385009	snap	3400	otelcol	otelcol-sb-esrev1-ctr-bdbcb	otelcol_exporter_queue_capacity	1001
1781385009	snap	3400	otelcol	otelcol-sb-esrev1-ctr-bdbcb	otelcol_exporter_queue_batch_send_size_sum	463300
1781385009	snap	3400	otelcol	otelcol-sb-esrev1-ctr-bdbcb	otelcol_process_runtime_total_sys_memory_bytes	224651576
1781385009	snap	3400	otelcol	otelcol-sb-esrev1-ctr-bdbcb	otelcol_processor_outgoing_items	463300
1781385009	snap	3400	otelcol	otelcol-sb-esrev1-ctr-bdbcb	otelcol_process_runtime_heap_alloc_bytes	130082992
1781385009	snap	3400	otelcol	otelcol-sb-esrev1-ctr-bdbcb	otelcol_processor_batch_metadata_cardinality	1
1781385009	snap	3400	otelcol	otelcol-sb-esrev1-ctr-bdbcb	otelcol_process_runtime_total_alloc_bytes	3261248672
1781385009	snap	3400	otelcol	otelcol-sb-esrev1-ctr-bdbcb	otelcol_exporter_queue_size	837
1781385009	snap	3400	otelcol	otelcol-sb-esrev1-ctr-bdbcb	otelcol_processor_batch_timeout_trigger_send	1763
1781385009	snap	3400	otelcol	otelcol-sb-esrev1-ctr-bdbcb	otelcol_exporter_send_failed_spans	0
1781385009	snap	3400	otelcol	otelcol-sb-esrev1-ctr-bdbcb	otelcol_receiver_failed_spans	0
1781385009	snap	3400	otelcol	otelcol-sb-esrev1-ctr-zjs5l	otelcol_receiver_refused_spans	18054734
1781385009	snap	3400	otelcol	otelcol-sb-esrev1-ctr-zjs5l	otelcol_processor_batch_timeout_trigger_send	1566
1781385009	snap	3400	otelcol	otelcol-sb-esrev1-ctr-zjs5l	otelcol_exporter_sent_spans	640158
1781385009	snap	3400	otelcol	otelcol-sb-esrev1-ctr-zjs5l	otelcol_receiver_failed_spans	0
1781385009	snap	3400	otelcol	otelcol-sb-esrev1-ctr-zjs5l	otelcol_process_runtime_total_sys_memory_bytes	220457272
1781385009	snap	3400	otelcol	otelcol-sb-esrev1-ctr-zjs5l	otelcol_process_uptime	782
1781385009	snap	3400	otelcol	otelcol-sb-esrev1-ctr-zjs5l	otelcol_exporter_queue_size	550
1781385009	snap	3400	otelcol	otelcol-sb-esrev1-ctr-zjs5l	otelcol_receiver_accepted_spans	889408
1781385009	snap	3400	otelcol	otelcol-sb-esrev1-ctr-zjs5l	otelcol_process_runtime_total_alloc_bytes	12200992360
1781385009	snap	3400	otelcol	otelcol-sb-esrev1-ctr-zjs5l	otelcol_process_runtime_heap_alloc_bytes	125306952
1781385009	snap	3400	otelcol	otelcol-sb-esrev1-ctr-zjs5l	otelcol_processor_batch_batch_send_size_sum	889408
1781385009	snap	3400	otelcol	otelcol-sb-esrev1-ctr-zjs5l	otelcol_process_memory_rss	319406080
1781385009	snap	3400	otelcol	otelcol-sb-esrev1-ctr-zjs5l	otelcol_exporter_queue_capacity	1001
1781385009	snap	3400	otelcol	otelcol-sb-esrev1-ctr-zjs5l	otelcol_exporter_queue_batch_send_size_sum	889408
1781385009	snap	3400	otelcol	otelcol-sb-esrev1-ctr-zjs5l	otelcol_processor_incoming_items	18944142
1781385009	snap	3400	otelcol	otelcol-sb-esrev1-ctr-zjs5l	otelcol_processor_outgoing_items	889408
1781385009	snap	3400	otelcol	otelcol-sb-esrev1-ctr-zjs5l	otelcol_processor_batch_metadata_cardinality	1
1781385009	snap	3400	otelcol	otelcol-sb-esrev1-ctr-zjs5l	otelcol_process_cpu_seconds	176
1781385009	snap	3400	otelcol	otelcol-sb-esrev1-ctr-zjs5l	otelcol_exporter_send_failed_spans	0
1781385009	snap	3400	otelcol	otelcol-sb-esrev1-ctr-mqr25	otelcol_processor_batch_timeout_trigger_send	1342
1781385009	snap	3400	otelcol	otelcol-sb-esrev1-ctr-mqr25	otelcol_exporter_queue_size	372
1781385009	snap	3400	otelcol	otelcol-sb-esrev1-ctr-mqr25	otelcol_processor_incoming_items	17736332
1781385009	snap	3400	otelcol	otelcol-sb-esrev1-ctr-mqr25	otelcol_processor_batch_batch_send_size_sum	744556
1781385009	snap	3400	otelcol	otelcol-sb-esrev1-ctr-mqr25	otelcol_process_runtime_heap_alloc_bytes	141487200
1781385009	snap	3400	otelcol	otelcol-sb-esrev1-ctr-mqr25	otelcol_processor_outgoing_items	744556
1781385009	snap	3400	otelcol	otelcol-sb-esrev1-ctr-mqr25	otelcol_process_runtime_total_alloc_bytes	13438596288
1781385009	snap	3400	otelcol	otelcol-sb-esrev1-ctr-mqr25	otelcol_exporter_send_failed_spans	0
1781385009	snap	3400	otelcol	otelcol-sb-esrev1-ctr-mqr25	otelcol_receiver_failed_spans	0
1781385009	snap	3400	otelcol	otelcol-sb-esrev1-ctr-mqr25	otelcol_process_memory_rss	329195520
1781385009	snap	3400	otelcol	otelcol-sb-esrev1-ctr-mqr25	otelcol_process_cpu_seconds	219
1781385009	snap	3400	otelcol	otelcol-sb-esrev1-ctr-mqr25	otelcol_processor_batch_metadata_cardinality	1
1781385009	snap	3400	otelcol	otelcol-sb-esrev1-ctr-mqr25	otelcol_process_uptime	783
1781385009	snap	3400	otelcol	otelcol-sb-esrev1-ctr-mqr25	otelcol_exporter_sent_spans	477183
1781385009	snap	3400	otelcol	otelcol-sb-esrev1-ctr-mqr25	otelcol_exporter_queue_batch_send_size_sum	744556
1781385009	snap	3400	otelcol	otelcol-sb-esrev1-ctr-mqr25	otelcol_receiver_refused_spans	16991776
1781385009	snap	3400	otelcol	otelcol-sb-esrev1-ctr-mqr25	otelcol_process_runtime_total_sys_memory_bytes	225634616
1781385009	snap	3400	otelcol	otelcol-sb-esrev1-ctr-mqr25	otelcol_receiver_accepted_spans	744556
1781385009	snap	3400	otelcol	otelcol-sb-esrev1-ctr-mqr25	otelcol_exporter_queue_capacity	1001
1781385009	snap	3400	otelcol	otelcol-sb-esrev1-ctr-j7lcx	otelcol_processor_batch_metadata_cardinality	1
1781385009	snap	3400	otelcol	otelcol-sb-esrev1-ctr-j7lcx	otelcol_process_runtime_total_alloc_bytes	44568312
1781385009	snap	3400	otelcol	otelcol-sb-esrev1-ctr-j7lcx	otelcol_process_cpu_seconds	6
1781385009	snap	3400	otelcol	otelcol-sb-esrev1-ctr-j7lcx	otelcol_process_runtime_heap_alloc_bytes	18658384
1781385009	snap	3400	otelcol	otelcol-sb-esrev1-ctr-j7lcx	otelcol_process_memory_rss	182956032
1781385009	snap	3400	otelcol	otelcol-sb-esrev1-ctr-j7lcx	otelcol_process_uptime	782
1781385009	snap	3400	otelcol	otelcol-sb-esrev1-ctr-j7lcx	otelcol_process_runtime_total_sys_memory_bytes	44546312
1781385009	snap	3400	otelcol	otelcol-sb-esrev1-ctr-j7lcx	otelcol_exporter_queue_size	0
1781385009	snap	3400	otelcol	otelcol-sb-esrev1-ctr-j7lcx	otelcol_exporter_queue_capacity	1001
1781385009	snap	3400	k8s	otelcol-sb-esrev1-ctr-9czsx	restart_count	0
1781385009	snap	3400	k8s	otelcol-sb-esrev1-ctr-bdbcb	restart_count	0
1781385009	snap	3400	k8s	otelcol-sb-esrev1-ctr-j2cng	restart_count	0
1781385009	snap	3400	k8s	otelcol-sb-esrev1-ctr-j7lcx	restart_count	0
1781385009	snap	3400	k8s	otelcol-sb-esrev1-ctr-mqr25	restart_count	0
1781385009	snap	3400	k8s	otelcol-sb-esrev1-ctr-r7tfk	restart_count	0
1781385009	snap	3400	k8s	otelcol-sb-esrev1-ctr-srbgp	restart_count	0
1781385009	snap	3400	k8s	otelcol-sb-esrev1-ctr-z4fxx	restart_count	0
1781385009	snap	3400	k8s	otelcol-sb-esrev1-ctr-zjs5l	restart_count	0
1781385009	snap	3400	sdk	wrk2api	spans_received	1278924
1781385009	snap	3400	sdk	wrk2api	spans_sent	460627
1781385009	snap	3400	sdk	wrk2api	spans_dropped	0
1781385009	snap	3400	sdk	wrk2api	spans_flushed	1278924
1781385009	snap	3400	sdk	wrk2api	batches_sent	4579
1781385009	snap	3400	sdk	wrk2api	batches_dropped	0
1781385009	snap	3400	sdk	wrk2api	send_unavailable	0
1781385009	snap	3400	sdk	wrk2api	send_deadline	0
1781385009	snap	3400	sdk	wrk2api	send_exhausted	0
1781385009	snap	3400	sdk	wrk2api	send_canceled	0
1781385009	snap	3400	sdk	wrk2api	send_other	0
1781385009	snap	3400	sdk	wrk2api	buffer_depth	0
0
1781385009	snap	3400	sdk	wrk2api	cp_received	610116
1781385009	snap	3400	sdk	wrk2api	lp_received	668808
1781385009	snap	3400	sdk	wrk2api	cp_sent	282685
1781385009	snap	3400	sdk	wrk2api	lp_sent	177942
1781385009	snap	3400	sdk	wrk2api	cp_dropped	0
1781385009	snap	3400	sdk	wrk2api	lp_dropped	0
1781385009	snap	3400	sdk	composepost	spans_received	5060310
1781385009	snap	3400	sdk	composepost	spans_sent	1265507
1781385009	snap	3400	sdk	composepost	spans_dropped	0
1781385009	snap	3400	sdk	composepost	spans_flushed	5060310
1781385009	snap	3400	sdk	composepost	batches_sent	14450
1781385009	snap	3400	sdk	composepost	batches_dropped	0
1781385009	snap	3400	sdk	composepost	send_unavailable	0
1781385009	snap	3400	sdk	composepost	send_deadline	0
1781385009	snap	3400	sdk	composepost	send_exhausted	0
1781385009	snap	3400	sdk	composepost	send_canceled	0
1781385009	snap	3400	sdk	composepost	send_other	0
1781385009	snap	3400	sdk	composepost	buffer_depth	0
0
1781385009	snap	3400	sdk	composepost	cp_received	4438558
1781385009	snap	3400	sdk	composepost	lp_received	621752
1781385009	snap	3400	sdk	composepost	cp_sent	1188530
1781385009	snap	3400	sdk	composepost	lp_sent	76977
1781385009	snap	3400	sdk	composepost	cp_dropped	0
1781385009	snap	3400	sdk	composepost	lp_dropped	0
1781385009	snap	3400	sdk	hometimeline	spans_received	1151570
1781385009	snap	3400	sdk	hometimeline	spans_sent	153642
1781385009	snap	3400	sdk	hometimeline	spans_dropped	0
1781385009	snap	3400	sdk	hometimeline	spans_flushed	1151570
1781385009	snap	3400	sdk	hometimeline	batches_sent	2660
1781385009	snap	3400	sdk	hometimeline	batches_dropped	0
1781385009	snap	3400	sdk	hometimeline	send_unavailable	0
1781385009	snap	3400	sdk	hometimeline	send_deadline	0
1781385009	snap	3400	sdk	hometimeline	send_exhausted	0
1781385009	snap	3400	sdk	hometimeline	send_canceled	0
1781385009	snap	3400	sdk	hometimeline	send_other	0
1781385009	snap	3400	sdk	hometimeline	buffer_depth	0
0
1781385009	snap	3400	sdk	hometimeline	cp_received	0
1781385009	snap	3400	sdk	hometimeline	lp_received	1151570
1781385009	snap	3400	sdk	hometimeline	cp_sent	0
1781385009	snap	3400	sdk	hometimeline	lp_sent	153642
1781385009	snap	3400	sdk	hometimeline	cp_dropped	0
1781385009	snap	3400	sdk	hometimeline	lp_dropped	0
1781385009	snap	3400	sdk	media	spans_received	615997
1781385009	snap	3400	sdk	media	spans_sent	458842
1781385009	snap	3400	sdk	media	spans_dropped	0
1781385009	snap	3400	sdk	media	spans_flushed	615997
1781385009	snap	3400	sdk	media	batches_sent	3479
1781385009	snap	3400	sdk	media	batches_dropped	0
1781385009	snap	3400	sdk	media	send_unavailable	0
1781385009	snap	3400	sdk	media	send_deadline	0
1781385009	snap	3400	sdk	media	send_exhausted	0
1781385009	snap	3400	sdk	media	send_canceled	0
1781385009	snap	3400	sdk	media	send_other	0
1781385009	snap	3400	sdk	media	buffer_depth	0
0
1781385009	snap	3400	sdk	media	cp_received	615997
1781385009	snap	3400	sdk	media	lp_received	0
1781385009	snap	3400	sdk	media	cp_sent	458842
1781385009	snap	3400	sdk	media	lp_sent	0
1781385009	snap	3400	sdk	media	cp_dropped	0
1781385009	snap	3400	sdk	media	lp_dropped	0
1781385009	snap	3400	sdk	post-storage	spans_received	572897
1781385009	snap	3400	sdk	post-storage	spans_sent	462887
1781385009	snap	3400	sdk	post-storage	spans_dropped	0
1781385009	snap	3400	sdk	post-storage	spans_flushed	572897
1781385009	snap	3400	sdk	post-storage	batches_sent	3381
1781385009	snap	3400	sdk	post-storage	batches_dropped	0
1781385009	snap	3400	sdk	post-storage	send_unavailable	0
1781385009	snap	3400	sdk	post-storage	send_deadline	0
1781385009	snap	3400	sdk	post-storage	send_exhausted	0
1781385009	snap	3400	sdk	post-storage	send_canceled	0
1781385009	snap	3400	sdk	post-storage	send_other	0
1781385009	snap	3400	sdk	post-storage	buffer_depth	0
0
1781385009	snap	3400	sdk	post-storage	cp_received	572897
1781385009	snap	3400	sdk	post-storage	lp_received	0
1781385009	snap	3400	sdk	post-storage	cp_sent	462887
1781385009	snap	3400	sdk	post-storage	lp_sent	0
1781385009	snap	3400	sdk	post-storage	cp_dropped	0
1781385009	snap	3400	sdk	post-storage	lp_dropped	0
1781385009	snap	3400	sdk	socialgraph	spans_received	684910
1781385009	snap	3400	sdk	socialgraph	spans_sent	540059
1781385009	snap	3400	sdk	socialgraph	spans_dropped	0
1781385009	snap	3400	sdk	socialgraph	spans_flushed	684910
1781385009	snap	3400	sdk	socialgraph	batches_sent	3696
1781385009	snap	3400	sdk	socialgraph	batches_dropped	0
1781385009	snap	3400	sdk	socialgraph	send_unavailable	0
1781385009	snap	3400	sdk	socialgraph	send_deadline	0
1781385009	snap	3400	sdk	socialgraph	send_exhausted	0
1781385009	snap	3400	sdk	socialgraph	send_canceled	0
1781385009	snap	3400	sdk	socialgraph	send_other	0
1781385009	snap	3400	sdk	socialgraph	buffer_depth	0
0
1781385009	snap	3400	sdk	socialgraph	cp_received	647286
1781385009	snap	3400	sdk	socialgraph	lp_received	37624
1781385009	snap	3400	sdk	socialgraph	cp_sent	502435
1781385009	snap	3400	sdk	socialgraph	lp_sent	37624
1781385009	snap	3400	sdk	socialgraph	cp_dropped	0
1781385009	snap	3400	sdk	socialgraph	lp_dropped	0
1781385009	snap	3400	sdk	text	spans_received	1879755
1781385009	snap	3400	sdk	text	spans_sent	352749
1781385009	snap	3400	sdk	text	spans_dropped	0
1781385009	snap	3400	sdk	text	spans_flushed	1879755
1781385009	snap	3400	sdk	text	batches_sent	4602
1781385009	snap	3400	sdk	text	batches_dropped	0
1781385009	snap	3400	sdk	text	send_unavailable	0
1781385009	snap	3400	sdk	text	send_deadline	0
1781385009	snap	3400	sdk	text	send_exhausted	0
1781385009	snap	3400	sdk	text	send_canceled	0
1781385009	snap	3400	sdk	text	send_other	0
1781385009	snap	3400	sdk	text	buffer_depth	0
0
1781385009	snap	3400	sdk	text	cp_received	0
1781385009	snap	3400	sdk	text	lp_received	1879755
1781385009	snap	3400	sdk	text	cp_sent	0
1781385009	snap	3400	sdk	text	lp_sent	352749
1781385009	snap	3400	sdk	text	cp_dropped	0
1781385009	snap	3400	sdk	text	lp_dropped	0
1781385009	snap	3400	sdk	uniqueid	spans_received	616117
1781385009	snap	3400	sdk	uniqueid	spans_sent	313436
1781385009	snap	3400	sdk	uniqueid	spans_dropped	0
1781385009	snap	3400	sdk	uniqueid	spans_flushed	616117
1781385009	snap	3400	sdk	uniqueid	batches_sent	2641
1781385009	snap	3400	sdk	uniqueid	batches_dropped	0
1781385009	snap	3400	sdk	uniqueid	send_unavailable	0
1781385009	snap	3400	sdk	uniqueid	send_deadline	0
1781385009	snap	3400	sdk	uniqueid	send_exhausted	0
1781385009	snap	3400	sdk	uniqueid	send_canceled	0
1781385009	snap	3400	sdk	uniqueid	send_other	0
1781385009	snap	3400	sdk	uniqueid	buffer_depth	0
0
1781385009	snap	3400	sdk	uniqueid	cp_received	616117
1781385009	snap	3400	sdk	uniqueid	lp_received	0
1781385009	snap	3400	sdk	uniqueid	cp_sent	313436
1781385009	snap	3400	sdk	uniqueid	lp_sent	0
1781385009	snap	3400	sdk	uniqueid	cp_dropped	0
1781385009	snap	3400	sdk	uniqueid	lp_dropped	0
1781385009	snap	3400	sdk	urlshorten	spans_received	610189
1781385009	snap	3400	sdk	urlshorten	spans_sent	440098
1781385009	snap	3400	sdk	urlshorten	spans_dropped	0
1781385009	snap	3400	sdk	urlshorten	spans_flushed	610189
1781385009	snap	3400	sdk	urlshorten	batches_sent	3193
1781385009	snap	3400	sdk	urlshorten	batches_dropped	0
1781385009	snap	3400	sdk	urlshorten	send_unavailable	0
1781385009	snap	3400	sdk	urlshorten	send_deadline	0
1781385009	snap	3400	sdk	urlshorten	send_exhausted	0
1781385009	snap	3400	sdk	urlshorten	send_canceled	0
1781385009	snap	3400	sdk	urlshorten	send_other	0
1781385009	snap	3400	sdk	urlshorten	buffer_depth	0
0
1781385009	snap	3400	sdk	urlshorten	cp_received	610189
1781385009	snap	3400	sdk	urlshorten	lp_received	0
1781385009	snap	3400	sdk	urlshorten	cp_sent	440098
1781385009	snap	3400	sdk	urlshorten	lp_sent	0
1781385009	snap	3400	sdk	urlshorten	cp_dropped	0
1781385009	snap	3400	sdk	urlshorten	lp_dropped	0
1781385009	snap	3400	sdk	user	spans_received	618881
1781385009	snap	3400	sdk	user	spans_sent	280545
1781385009	snap	3400	sdk	user	spans_dropped	0
1781385009	snap	3400	sdk	user	spans_flushed	618881
1781385009	snap	3400	sdk	user	batches_sent	2512
1781385009	snap	3400	sdk	user	batches_dropped	0
1781385009	snap	3400	sdk	user	send_unavailable	0
1781385009	snap	3400	sdk	user	send_deadline	0
1781385009	snap	3400	sdk	user	send_exhausted	0
1781385009	snap	3400	sdk	user	send_canceled	0
1781385009	snap	3400	sdk	user	send_other	0
1781385009	snap	3400	sdk	user	buffer_depth	0
0
1781385009	snap	3400	sdk	user	cp_received	617919
1781385009	snap	3400	sdk	user	lp_received	962
1781385009	snap	3400	sdk	user	cp_sent	279583
1781385009	snap	3400	sdk	user	lp_sent	962
1781385009	snap	3400	sdk	user	cp_dropped	0
1781385009	snap	3400	sdk	user	lp_dropped	0
1781385009	snap	3400	sdk	userid	spans_received	75248
1781385009	snap	3400	sdk	userid	spans_sent	75248
1781385009	snap	3400	sdk	userid	spans_dropped	0
1781385009	snap	3400	sdk	userid	spans_flushed	75248
1781385009	snap	3400	sdk	userid	batches_sent	250
1781385009	snap	3400	sdk	userid	batches_dropped	0
1781385009	snap	3400	sdk	userid	send_unavailable	0
1781385009	snap	3400	sdk	userid	send_deadline	0
1781385009	snap	3400	sdk	userid	send_exhausted	0
1781385009	snap	3400	sdk	userid	send_canceled	0
1781385009	snap	3400	sdk	userid	send_other	0
1781385009	snap	3400	sdk	userid	buffer_depth	0
0
1781385009	snap	3400	sdk	userid	cp_received	75248
1781385009	snap	3400	sdk	userid	lp_received	0
1781385009	snap	3400	sdk	userid	cp_sent	75248
1781385009	snap	3400	sdk	userid	lp_sent	0
1781385009	snap	3400	sdk	userid	cp_dropped	0
1781385009	snap	3400	sdk	userid	lp_dropped	0
1781385009	snap	3400	sdk	usermention	spans_received	611109
1781385009	snap	3400	sdk	usermention	spans_sent	306129
1781385009	snap	3400	sdk	usermention	spans_dropped	0
1781385009	snap	3400	sdk	usermention	spans_flushed	611109
1781385009	snap	3400	sdk	usermention	batches_sent	2613
1781385009	snap	3400	sdk	usermention	batches_dropped	0
1781385009	snap	3400	sdk	usermention	send_unavailable	0
1781385009	snap	3400	sdk	usermention	send_deadline	0
1781385009	snap	3400	sdk	usermention	send_exhausted	0
1781385009	snap	3400	sdk	usermention	send_canceled	0
1781385009	snap	3400	sdk	usermention	send_other	0
1781385009	snap	3400	sdk	usermention	buffer_depth	0
0
1781385009	snap	3400	sdk	usermention	cp_received	611109
1781385009	snap	3400	sdk	usermention	lp_received	0
1781385009	snap	3400	sdk	usermention	cp_sent	306129
1781385009	snap	3400	sdk	usermention	lp_sent	0
1781385009	snap	3400	sdk	usermention	cp_dropped	0
1781385009	snap	3400	sdk	usermention	lp_dropped	0
1781385009	snap	3400	sdk	usertimeline	spans_received	572476
1781385009	snap	3400	sdk	usertimeline	spans_sent	456600
1781385009	snap	3400	sdk	usertimeline	spans_dropped	0
1781385009	snap	3400	sdk	usertimeline	spans_flushed	572476
1781385009	snap	3400	sdk	usertimeline	batches_sent	3376
1781385009	snap	3400	sdk	usertimeline	batches_dropped	0
1781385009	snap	3400	sdk	usertimeline	send_unavailable	0
1781385009	snap	3400	sdk	usertimeline	send_deadline	0
1781385009	snap	3400	sdk	usertimeline	send_exhausted	0
1781385009	snap	3400	sdk	usertimeline	send_canceled	0
1781385009	snap	3400	sdk	usertimeline	send_other	0
1781385009	snap	3400	sdk	usertimeline	buffer_depth	0
0
1781385009	snap	3400	sdk	usertimeline	cp_received	572476
1781385009	snap	3400	sdk	usertimeline	lp_received	0
1781385009	snap	3400	sdk	usertimeline	cp_sent	456600
1781385009	snap	3400	sdk	usertimeline	lp_sent	0
1781385009	snap	3400	sdk	usertimeline	cp_dropped	0
1781385009	snap	3400	sdk	usertimeline	lp_dropped	0
1781385016	snap	3600	otelcol	otelcol-sb-esrev1-ctr-9czsx	otelcol_process_memory_rss	320196608
1781385016	snap	3600	otelcol	otelcol-sb-esrev1-ctr-9czsx	otelcol_receiver_accepted_spans	440476
1781385016	snap	3600	otelcol	otelcol-sb-esrev1-ctr-9czsx	otelcol_processor_outgoing_items	440476
1781385016	snap	3600	otelcol	otelcol-sb-esrev1-ctr-9czsx	otelcol_process_runtime_heap_alloc_bytes	131314184
1781385016	snap	3600	otelcol	otelcol-sb-esrev1-ctr-9czsx	otelcol_process_cpu_seconds	113
1781385016	snap	3600	otelcol	otelcol-sb-esrev1-ctr-9czsx	otelcol_exporter_queue_batch_send_size_sum	440476
1781385016	snap	3600	otelcol	otelcol-sb-esrev1-ctr-9czsx	otelcol_receiver_failed_spans	0
1781385016	snap	3600	otelcol	otelcol-sb-esrev1-ctr-9czsx	otelcol_process_uptime	791
1781385016	snap	3600	otelcol	otelcol-sb-esrev1-ctr-9czsx	otelcol_process_runtime_total_sys_memory_bytes	220588344
1781385016	snap	3600	otelcol	otelcol-sb-esrev1-ctr-9czsx	otelcol_exporter_send_failed_spans	0
1781385016	snap	3600	otelcol	otelcol-sb-esrev1-ctr-9czsx	otelcol_exporter_queue_capacity	1001
1781385016	snap	3600	otelcol	otelcol-sb-esrev1-ctr-9czsx	otelcol_processor_batch_metadata_cardinality	1
1781385016	snap	3600	otelcol	otelcol-sb-esrev1-ctr-9czsx	otelcol_process_runtime_total_alloc_bytes	5077950840
1781385016	snap	3600	otelcol	otelcol-sb-esrev1-ctr-9czsx	otelcol_processor_batch_timeout_trigger_send	1659
1781385016	snap	3600	otelcol	otelcol-sb-esrev1-ctr-9czsx	otelcol_processor_batch_batch_send_size_sum	440476
1781385016	snap	3600	otelcol	otelcol-sb-esrev1-ctr-9czsx	otelcol_exporter_sent_spans	160777
1781385016	snap	3600	otelcol	otelcol-sb-esrev1-ctr-9czsx	otelcol_exporter_queue_size	791
1781385016	snap	3600	otelcol	otelcol-sb-esrev1-ctr-9czsx	otelcol_receiver_refused_spans	5959483
1781385016	snap	3600	otelcol	otelcol-sb-esrev1-ctr-9czsx	otelcol_processor_incoming_items	6399959
1781385016	snap	3600	otelcol	otelcol-sb-esrev1-ctr-r7tfk	otelcol_processor_batch_batch_send_size_sum	1471265
1781385016	snap	3600	otelcol	otelcol-sb-esrev1-ctr-r7tfk	otelcol_process_uptime	789
1781385016	snap	3600	otelcol	otelcol-sb-esrev1-ctr-r7tfk	otelcol_processor_outgoing_items	1471265
1781385016	snap	3600	otelcol	otelcol-sb-esrev1-ctr-r7tfk	otelcol_exporter_queue_batch_send_size_sum	1471265
1781385016	snap	3600	otelcol	otelcol-sb-esrev1-ctr-r7tfk	otelcol_receiver_failed_spans	0
1781385016	snap	3600	otelcol	otelcol-sb-esrev1-ctr-r7tfk	otelcol_processor_batch_batch_size_trigger_send	16
1781385016	snap	3600	otelcol	otelcol-sb-esrev1-ctr-r7tfk	otelcol_receiver_refused_spans	16043607
1781385016	snap	3600	otelcol	otelcol-sb-esrev1-ctr-r7tfk	otelcol_receiver_accepted_spans	1471265
1781385016	snap	3600	otelcol	otelcol-sb-esrev1-ctr-r7tfk	otelcol_process_cpu_seconds	227
1781385016	snap	3600	otelcol	otelcol-sb-esrev1-ctr-r7tfk	otelcol_processor_batch_metadata_cardinality	1
1781385016	snap	3600	otelcol	otelcol-sb-esrev1-ctr-r7tfk	otelcol_process_runtime_total_alloc_bytes	13304375208
1781385016	snap	3600	otelcol	otelcol-sb-esrev1-ctr-r7tfk	otelcol_process_runtime_heap_alloc_bytes	131960248
1781385016	snap	3600	otelcol	otelcol-sb-esrev1-ctr-r7tfk	otelcol_process_memory_rss	324034560
1781385016	snap	3600	otelcol	otelcol-sb-esrev1-ctr-r7tfk	otelcol_exporter_queue_capacity	1001
1781385016	snap	3600	otelcol	otelcol-sb-esrev1-ctr-r7tfk	otelcol_processor_batch_timeout_trigger_send	931
1781385016	snap	3600	otelcol	otelcol-sb-esrev1-ctr-r7tfk	otelcol_exporter_send_failed_spans	0
1781385016	snap	3600	otelcol	otelcol-sb-esrev1-ctr-r7tfk	otelcol_exporter_sent_spans	1280252
1781385016	snap	3600	otelcol	otelcol-sb-esrev1-ctr-r7tfk	otelcol_exporter_queue_size	103
1781385016	snap	3600	otelcol	otelcol-sb-esrev1-ctr-r7tfk	otelcol_processor_incoming_items	17514872
1781385016	snap	3600	otelcol	otelcol-sb-esrev1-ctr-r7tfk	otelcol_process_runtime_total_sys_memory_bytes	253884744
1781385016	snap	3600	otelcol	otelcol-sb-esrev1-ctr-srbgp	otelcol_processor_batch_batch_send_size_sum	540241
1781385016	snap	3600	otelcol	otelcol-sb-esrev1-ctr-srbgp	otelcol_exporter_sent_spans	275596
1781385016	snap	3600	otelcol	otelcol-sb-esrev1-ctr-srbgp	otelcol_exporter_queue_size	783
1781385016	snap	3600	otelcol	otelcol-sb-esrev1-ctr-srbgp	otelcol_exporter_queue_capacity	1001
1781385016	snap	3600	otelcol	otelcol-sb-esrev1-ctr-srbgp	otelcol_processor_incoming_items	5048033
1781385016	snap	3600	otelcol	otelcol-sb-esrev1-ctr-srbgp	otelcol_receiver_failed_spans	0
1781385016	snap	3600	otelcol	otelcol-sb-esrev1-ctr-srbgp	otelcol_processor_outgoing_items	540241
1781385016	snap	3600	otelcol	otelcol-sb-esrev1-ctr-srbgp	otelcol_process_runtime_heap_alloc_bytes	130011320
1781385016	snap	3600	otelcol	otelcol-sb-esrev1-ctr-srbgp	otelcol_processor_batch_metadata_cardinality	1
1781385016	snap	3600	otelcol	otelcol-sb-esrev1-ctr-srbgp	otelcol_receiver_refused_spans	4507792
1781385016	snap	3600	otelcol	otelcol-sb-esrev1-ctr-srbgp	otelcol_processor_batch_timeout_trigger_send	1818
1781385016	snap	3600	otelcol	otelcol-sb-esrev1-ctr-srbgp	otelcol_process_runtime_total_sys_memory_bytes	215607608
1781385016	snap	3600	otelcol	otelcol-sb-esrev1-ctr-srbgp	otelcol_process_cpu_seconds	85
1781385016	snap	3600	otelcol	otelcol-sb-esrev1-ctr-srbgp	otelcol_exporter_queue_batch_send_size_sum	540241
1781385016	snap	3600	otelcol	otelcol-sb-esrev1-ctr-srbgp	otelcol_process_runtime_total_alloc_bytes	4053951912
1781385016	snap	3600	otelcol	otelcol-sb-esrev1-ctr-srbgp	otelcol_process_memory_rss	317300736
1781385016	snap	3600	otelcol	otelcol-sb-esrev1-ctr-srbgp	otelcol_process_uptime	792
1781385016	snap	3600	otelcol	otelcol-sb-esrev1-ctr-srbgp	otelcol_receiver_accepted_spans	540241
1781385016	snap	3600	otelcol	otelcol-sb-esrev1-ctr-srbgp	otelcol_exporter_send_failed_spans	0
1781385016	snap	3600	otelcol	otelcol-sb-esrev1-ctr-j2cng	otelcol_processor_incoming_items	4377941
1781385016	snap	3600	otelcol	otelcol-sb-esrev1-ctr-j2cng	otelcol_exporter_queue_capacity	1001
1781385016	snap	3600	otelcol	otelcol-sb-esrev1-ctr-j2cng	otelcol_process_memory_rss	322232320
1781385016	snap	3600	otelcol	otelcol-sb-esrev1-ctr-j2cng	otelcol_processor_outgoing_items	456600
1781385016	snap	3600	otelcol	otelcol-sb-esrev1-ctr-j2cng	otelcol_receiver_refused_spans	3921341
1781385016	snap	3600	otelcol	otelcol-sb-esrev1-ctr-j2cng	otelcol_process_cpu_seconds	76
1781385016	snap	3600	otelcol	otelcol-sb-esrev1-ctr-j2cng	otelcol_exporter_queue_batch_send_size_sum	456600
1781385016	snap	3600	otelcol	otelcol-sb-esrev1-ctr-j2cng	otelcol_exporter_sent_spans	174456
1781385016	snap	3600	otelcol	otelcol-sb-esrev1-ctr-j2cng	otelcol_exporter_send_failed_spans	0
1781385016	snap	3600	otelcol	otelcol-sb-esrev1-ctr-j2cng	otelcol_process_runtime_total_alloc_bytes	3550909800
1781385016	snap	3600	otelcol	otelcol-sb-esrev1-ctr-j2cng	otelcol_processor_batch_batch_send_size_sum	456600
1781385016	snap	3600	otelcol	otelcol-sb-esrev1-ctr-j2cng	otelcol_receiver_failed_spans	0
1781385016	snap	3600	otelcol	otelcol-sb-esrev1-ctr-j2cng	otelcol_process_runtime_heap_alloc_bytes	134370928
1781385016	snap	3600	otelcol	otelcol-sb-esrev1-ctr-j2cng	otelcol_processor_batch_metadata_cardinality	1
1781385016	snap	3600	otelcol	otelcol-sb-esrev1-ctr-j2cng	otelcol_process_uptime	791
1781385016	snap	3600	otelcol	otelcol-sb-esrev1-ctr-j2cng	otelcol_process_runtime_total_sys_memory_bytes	216197432
1781385016	snap	3600	otelcol	otelcol-sb-esrev1-ctr-j2cng	otelcol_exporter_queue_size	845
1781385016	snap	3600	otelcol	otelcol-sb-esrev1-ctr-j2cng	otelcol_receiver_accepted_spans	456600
1781385016	snap	3600	otelcol	otelcol-sb-esrev1-ctr-j2cng	otelcol_processor_batch_timeout_trigger_send	1741
1781385016	snap	3600	otelcol	otelcol-sb-esrev1-ctr-z4fxx	otelcol_receiver_failed_spans	0
1781385016	snap	3600	otelcol	otelcol-sb-esrev1-ctr-z4fxx	otelcol_processor_batch_batch_send_size_sum	621135
1781385016	snap	3600	otelcol	otelcol-sb-esrev1-ctr-z4fxx	otelcol_exporter_send_failed_spans	0
1781385016	snap	3600	otelcol	otelcol-sb-esrev1-ctr-z4fxx	otelcol_processor_incoming_items	10653902
1781385016	snap	3600	otelcol	otelcol-sb-esrev1-ctr-z4fxx	otelcol_exporter_queue_size	501
1781385016	snap	3600	otelcol	otelcol-sb-esrev1-ctr-z4fxx	otelcol_receiver_accepted_spans	621135
1781385016	snap	3600	otelcol	otelcol-sb-esrev1-ctr-z4fxx	otelcol_processor_batch_metadata_cardinality	1
1781385016	snap	3600	otelcol	otelcol-sb-esrev1-ctr-z4fxx	otelcol_process_runtime_total_alloc_bytes	7928658464
1781385016	snap	3600	otelcol	otelcol-sb-esrev1-ctr-z4fxx	otelcol_process_memory_rss	322981888
1781385016	snap	3600	otelcol	otelcol-sb-esrev1-ctr-z4fxx	otelcol_processor_batch_timeout_trigger_send	1408
1781385016	snap	3600	otelcol	otelcol-sb-esrev1-ctr-z4fxx	otelcol_receiver_refused_spans	10032767
1781385016	snap	3600	otelcol	otelcol-sb-esrev1-ctr-z4fxx	otelcol_process_runtime_total_sys_memory_bytes	224586040
1781385016	snap	3600	otelcol	otelcol-sb-esrev1-ctr-z4fxx	otelcol_exporter_queue_capacity	1001
1781385016	snap	3600	otelcol	otelcol-sb-esrev1-ctr-z4fxx	otelcol_processor_outgoing_items	621135
1781385016	snap	3600	otelcol	otelcol-sb-esrev1-ctr-z4fxx	otelcol_process_uptime	790
1781385016	snap	3600	otelcol	otelcol-sb-esrev1-ctr-z4fxx	otelcol_process_runtime_heap_alloc_bytes	133978800
1781385016	snap	3600	otelcol	otelcol-sb-esrev1-ctr-z4fxx	otelcol_process_cpu_seconds	149
1781385016	snap	3600	otelcol	otelcol-sb-esrev1-ctr-z4fxx	otelcol_exporter_sent_spans	355743
1781385016	snap	3600	otelcol	otelcol-sb-esrev1-ctr-z4fxx	otelcol_exporter_queue_batch_send_size_sum	621135
1781385016	snap	3600	otelcol	otelcol-sb-esrev1-ctr-bdbcb	otelcol_processor_incoming_items	3833156
1781385016	snap	3600	otelcol	otelcol-sb-esrev1-ctr-bdbcb	otelcol_processor_batch_batch_send_size_sum	463300
1781385016	snap	3600	otelcol	otelcol-sb-esrev1-ctr-bdbcb	otelcol_process_uptime	790
1781385016	snap	3600	otelcol	otelcol-sb-esrev1-ctr-bdbcb	otelcol_receiver_accepted_spans	463300
1781385016	snap	3600	otelcol	otelcol-sb-esrev1-ctr-bdbcb	otelcol_process_memory_rss	319868928
1781385016	snap	3600	otelcol	otelcol-sb-esrev1-ctr-bdbcb	otelcol_process_cpu_seconds	77
1781385016	snap	3600	otelcol	otelcol-sb-esrev1-ctr-bdbcb	otelcol_receiver_refused_spans	3369856
1781385016	snap	3600	otelcol	otelcol-sb-esrev1-ctr-bdbcb	otelcol_exporter_sent_spans	189008
1781385016	snap	3600	otelcol	otelcol-sb-esrev1-ctr-bdbcb	otelcol_exporter_queue_capacity	1001
1781385016	snap	3600	otelcol	otelcol-sb-esrev1-ctr-bdbcb	otelcol_exporter_queue_batch_send_size_sum	463300
1781385016	snap	3600	otelcol	otelcol-sb-esrev1-ctr-bdbcb	otelcol_process_runtime_total_sys_memory_bytes	224651576
1781385016	snap	3600	otelcol	otelcol-sb-esrev1-ctr-bdbcb	otelcol_processor_outgoing_items	463300
1781385016	snap	3600	otelcol	otelcol-sb-esrev1-ctr-bdbcb	otelcol_process_runtime_heap_alloc_bytes	131429288
1781385016	snap	3600	otelcol	otelcol-sb-esrev1-ctr-bdbcb	otelcol_processor_batch_metadata_cardinality	1
1781385016	snap	3600	otelcol	otelcol-sb-esrev1-ctr-bdbcb	otelcol_process_runtime_total_alloc_bytes	3262594968
1781385016	snap	3600	otelcol	otelcol-sb-esrev1-ctr-bdbcb	otelcol_exporter_queue_size	832
1781385016	snap	3600	otelcol	otelcol-sb-esrev1-ctr-bdbcb	otelcol_processor_batch_timeout_trigger_send	1763
1781385016	snap	3600	otelcol	otelcol-sb-esrev1-ctr-bdbcb	otelcol_exporter_send_failed_spans	0
1781385016	snap	3600	otelcol	otelcol-sb-esrev1-ctr-bdbcb	otelcol_receiver_failed_spans	0
1781385016	snap	3600	otelcol	otelcol-sb-esrev1-ctr-zjs5l	otelcol_receiver_refused_spans	18054734
1781385016	snap	3600	otelcol	otelcol-sb-esrev1-ctr-zjs5l	otelcol_processor_batch_timeout_trigger_send	1566
1781385016	snap	3600	otelcol	otelcol-sb-esrev1-ctr-zjs5l	otelcol_exporter_sent_spans	644547
1781385016	snap	3600	otelcol	otelcol-sb-esrev1-ctr-zjs5l	otelcol_receiver_failed_spans	0
1781385016	snap	3600	otelcol	otelcol-sb-esrev1-ctr-zjs5l	otelcol_process_runtime_total_sys_memory_bytes	220457272
1781385016	snap	3600	otelcol	otelcol-sb-esrev1-ctr-zjs5l	otelcol_process_uptime	789
1781385016	snap	3600	otelcol	otelcol-sb-esrev1-ctr-zjs5l	otelcol_exporter_queue_size	547
1781385016	snap	3600	otelcol	otelcol-sb-esrev1-ctr-zjs5l	otelcol_receiver_accepted_spans	889408
1781385016	snap	3600	otelcol	otelcol-sb-esrev1-ctr-zjs5l	otelcol_process_runtime_total_alloc_bytes	12202832712
1781385016	snap	3600	otelcol	otelcol-sb-esrev1-ctr-zjs5l	otelcol_process_runtime_heap_alloc_bytes	127147304
1781385016	snap	3600	otelcol	otelcol-sb-esrev1-ctr-zjs5l	otelcol_processor_batch_batch_send_size_sum	889408
1781385016	snap	3600	otelcol	otelcol-sb-esrev1-ctr-zjs5l	otelcol_process_memory_rss	319811584
1781385016	snap	3600	otelcol	otelcol-sb-esrev1-ctr-zjs5l	otelcol_exporter_queue_capacity	1001
1781385016	snap	3600	otelcol	otelcol-sb-esrev1-ctr-zjs5l	otelcol_exporter_queue_batch_send_size_sum	889408
1781385016	snap	3600	otelcol	otelcol-sb-esrev1-ctr-zjs5l	otelcol_processor_incoming_items	18944142
1781385016	snap	3600	otelcol	otelcol-sb-esrev1-ctr-zjs5l	otelcol_processor_outgoing_items	889408
1781385016	snap	3600	otelcol	otelcol-sb-esrev1-ctr-zjs5l	otelcol_processor_batch_metadata_cardinality	1
1781385016	snap	3600	otelcol	otelcol-sb-esrev1-ctr-zjs5l	otelcol_process_cpu_seconds	176
1781385016	snap	3600	otelcol	otelcol-sb-esrev1-ctr-zjs5l	otelcol_exporter_send_failed_spans	0
1781385016	snap	3600	otelcol	otelcol-sb-esrev1-ctr-mqr25	otelcol_processor_batch_timeout_trigger_send	1342
1781385016	snap	3600	otelcol	otelcol-sb-esrev1-ctr-mqr25	otelcol_exporter_queue_size	371
1781385016	snap	3600	otelcol	otelcol-sb-esrev1-ctr-mqr25	otelcol_processor_incoming_items	17736332
1781385016	snap	3600	otelcol	otelcol-sb-esrev1-ctr-mqr25	otelcol_processor_batch_batch_send_size_sum	744556
1781385016	snap	3600	otelcol	otelcol-sb-esrev1-ctr-mqr25	otelcol_process_runtime_heap_alloc_bytes	132326712
1781385016	snap	3600	otelcol	otelcol-sb-esrev1-ctr-mqr25	otelcol_processor_outgoing_items	744556
1781385016	snap	3600	otelcol	otelcol-sb-esrev1-ctr-mqr25	otelcol_process_runtime_total_alloc_bytes	13441349248
1781385016	snap	3600	otelcol	otelcol-sb-esrev1-ctr-mqr25	otelcol_exporter_send_failed_spans	0
1781385016	snap	3600	otelcol	otelcol-sb-esrev1-ctr-mqr25	otelcol_receiver_failed_spans	0
1781385016	snap	3600	otelcol	otelcol-sb-esrev1-ctr-mqr25	otelcol_process_memory_rss	321036288
1781385016	snap	3600	otelcol	otelcol-sb-esrev1-ctr-mqr25	otelcol_process_cpu_seconds	220
1781385016	snap	3600	otelcol	otelcol-sb-esrev1-ctr-mqr25	otelcol_processor_batch_metadata_cardinality	1
1781385016	snap	3600	otelcol	otelcol-sb-esrev1-ctr-mqr25	otelcol_process_uptime	790
1781385016	snap	3600	otelcol	otelcol-sb-esrev1-ctr-mqr25	otelcol_exporter_sent_spans	478345
1781385016	snap	3600	otelcol	otelcol-sb-esrev1-ctr-mqr25	otelcol_exporter_queue_batch_send_size_sum	744556
1781385016	snap	3600	otelcol	otelcol-sb-esrev1-ctr-mqr25	otelcol_receiver_refused_spans	16991776
1781385016	snap	3600	otelcol	otelcol-sb-esrev1-ctr-mqr25	otelcol_process_runtime_total_sys_memory_bytes	225634616
1781385016	snap	3600	otelcol	otelcol-sb-esrev1-ctr-mqr25	otelcol_receiver_accepted_spans	744556
1781385016	snap	3600	otelcol	otelcol-sb-esrev1-ctr-mqr25	otelcol_exporter_queue_capacity	1001
1781385016	snap	3600	otelcol	otelcol-sb-esrev1-ctr-j7lcx	otelcol_processor_batch_metadata_cardinality	1
1781385016	snap	3600	otelcol	otelcol-sb-esrev1-ctr-j7lcx	otelcol_process_runtime_total_alloc_bytes	44836880
1781385016	snap	3600	otelcol	otelcol-sb-esrev1-ctr-j7lcx	otelcol_process_cpu_seconds	6
1781385016	snap	3600	otelcol	otelcol-sb-esrev1-ctr-j7lcx	otelcol_process_runtime_heap_alloc_bytes	18926952
1781385016	snap	3600	otelcol	otelcol-sb-esrev1-ctr-j7lcx	otelcol_process_memory_rss	182956032
1781385016	snap	3600	otelcol	otelcol-sb-esrev1-ctr-j7lcx	otelcol_process_uptime	789
1781385016	snap	3600	otelcol	otelcol-sb-esrev1-ctr-j7lcx	otelcol_process_runtime_total_sys_memory_bytes	44546312
1781385016	snap	3600	otelcol	otelcol-sb-esrev1-ctr-j7lcx	otelcol_exporter_queue_size	0
1781385016	snap	3600	otelcol	otelcol-sb-esrev1-ctr-j7lcx	otelcol_exporter_queue_capacity	1001
1781385016	snap	3600	k8s	otelcol-sb-esrev1-ctr-9czsx	restart_count	0
1781385016	snap	3600	k8s	otelcol-sb-esrev1-ctr-bdbcb	restart_count	0
1781385016	snap	3600	k8s	otelcol-sb-esrev1-ctr-j2cng	restart_count	0
1781385016	snap	3600	k8s	otelcol-sb-esrev1-ctr-j7lcx	restart_count	0
1781385016	snap	3600	k8s	otelcol-sb-esrev1-ctr-mqr25	restart_count	0
1781385016	snap	3600	k8s	otelcol-sb-esrev1-ctr-r7tfk	restart_count	0
1781385016	snap	3600	k8s	otelcol-sb-esrev1-ctr-srbgp	restart_count	0
1781385016	snap	3600	k8s	otelcol-sb-esrev1-ctr-z4fxx	restart_count	0
1781385016	snap	3600	k8s	otelcol-sb-esrev1-ctr-zjs5l	restart_count	0
1781385016	snap	3600	sdk	wrk2api	spans_received	1278924
1781385016	snap	3600	sdk	wrk2api	spans_sent	460627
1781385016	snap	3600	sdk	wrk2api	spans_dropped	0
1781385016	snap	3600	sdk	wrk2api	spans_flushed	1278924
1781385016	snap	3600	sdk	wrk2api	batches_sent	4579
1781385016	snap	3600	sdk	wrk2api	batches_dropped	0
1781385016	snap	3600	sdk	wrk2api	send_unavailable	0
1781385016	snap	3600	sdk	wrk2api	send_deadline	0
1781385016	snap	3600	sdk	wrk2api	send_exhausted	0
1781385016	snap	3600	sdk	wrk2api	send_canceled	0
1781385016	snap	3600	sdk	wrk2api	send_other	0
1781385016	snap	3600	sdk	wrk2api	buffer_depth	0
0
1781385016	snap	3600	sdk	wrk2api	cp_received	610116
1781385016	snap	3600	sdk	wrk2api	lp_received	668808
1781385016	snap	3600	sdk	wrk2api	cp_sent	282685
1781385016	snap	3600	sdk	wrk2api	lp_sent	177942
1781385016	snap	3600	sdk	wrk2api	cp_dropped	0
1781385016	snap	3600	sdk	wrk2api	lp_dropped	0
1781385016	snap	3600	sdk	composepost	spans_received	5060310
1781385016	snap	3600	sdk	composepost	spans_sent	1265507
1781385016	snap	3600	sdk	composepost	spans_dropped	0
1781385016	snap	3600	sdk	composepost	spans_flushed	5060310
1781385016	snap	3600	sdk	composepost	batches_sent	14450
1781385016	snap	3600	sdk	composepost	batches_dropped	0
1781385016	snap	3600	sdk	composepost	send_unavailable	0
1781385016	snap	3600	sdk	composepost	send_deadline	0
1781385016	snap	3600	sdk	composepost	send_exhausted	0
1781385016	snap	3600	sdk	composepost	send_canceled	0
1781385016	snap	3600	sdk	composepost	send_other	0
1781385016	snap	3600	sdk	composepost	buffer_depth	0
0
1781385016	snap	3600	sdk	composepost	cp_received	4438558
1781385016	snap	3600	sdk	composepost	lp_received	621752
1781385016	snap	3600	sdk	composepost	cp_sent	1188530
1781385016	snap	3600	sdk	composepost	lp_sent	76977
1781385016	snap	3600	sdk	composepost	cp_dropped	0
1781385016	snap	3600	sdk	composepost	lp_dropped	0
1781385016	snap	3600	sdk	hometimeline	spans_received	1151570
1781385016	snap	3600	sdk	hometimeline	spans_sent	153642
1781385016	snap	3600	sdk	hometimeline	spans_dropped	0
1781385016	snap	3600	sdk	hometimeline	spans_flushed	1151570
1781385016	snap	3600	sdk	hometimeline	batches_sent	2660
1781385016	snap	3600	sdk	hometimeline	batches_dropped	0
1781385016	snap	3600	sdk	hometimeline	send_unavailable	0
1781385016	snap	3600	sdk	hometimeline	send_deadline	0
1781385016	snap	3600	sdk	hometimeline	send_exhausted	0
1781385016	snap	3600	sdk	hometimeline	send_canceled	0
1781385016	snap	3600	sdk	hometimeline	send_other	0
1781385016	snap	3600	sdk	hometimeline	buffer_depth	0
0
1781385016	snap	3600	sdk	hometimeline	cp_received	0
1781385016	snap	3600	sdk	hometimeline	lp_received	1151570
1781385016	snap	3600	sdk	hometimeline	cp_sent	0
1781385016	snap	3600	sdk	hometimeline	lp_sent	153642
1781385016	snap	3600	sdk	hometimeline	cp_dropped	0
1781385016	snap	3600	sdk	hometimeline	lp_dropped	0
1781385016	snap	3600	sdk	media	spans_received	615997
1781385016	snap	3600	sdk	media	spans_sent	458842
1781385016	snap	3600	sdk	media	spans_dropped	0
1781385016	snap	3600	sdk	media	spans_flushed	615997
1781385016	snap	3600	sdk	media	batches_sent	3479
1781385016	snap	3600	sdk	media	batches_dropped	0
1781385016	snap	3600	sdk	media	send_unavailable	0
1781385016	snap	3600	sdk	media	send_deadline	0
1781385016	snap	3600	sdk	media	send_exhausted	0
1781385016	snap	3600	sdk	media	send_canceled	0
1781385016	snap	3600	sdk	media	send_other	0
1781385016	snap	3600	sdk	media	buffer_depth	0
0
1781385016	snap	3600	sdk	media	cp_received	615997
1781385016	snap	3600	sdk	media	lp_received	0
1781385016	snap	3600	sdk	media	cp_sent	458842
1781385016	snap	3600	sdk	media	lp_sent	0
1781385016	snap	3600	sdk	media	cp_dropped	0
1781385016	snap	3600	sdk	media	lp_dropped	0
1781385016	snap	3600	sdk	post-storage	spans_received	572897
1781385016	snap	3600	sdk	post-storage	spans_sent	462887
1781385016	snap	3600	sdk	post-storage	spans_dropped	0
1781385016	snap	3600	sdk	post-storage	spans_flushed	572897
1781385016	snap	3600	sdk	post-storage	batches_sent	3381
1781385016	snap	3600	sdk	post-storage	batches_dropped	0
1781385016	snap	3600	sdk	post-storage	send_unavailable	0
1781385016	snap	3600	sdk	post-storage	send_deadline	0
1781385016	snap	3600	sdk	post-storage	send_exhausted	0
1781385016	snap	3600	sdk	post-storage	send_canceled	0
1781385016	snap	3600	sdk	post-storage	send_other	0
1781385016	snap	3600	sdk	post-storage	buffer_depth	0
0
1781385016	snap	3600	sdk	post-storage	cp_received	572897
1781385016	snap	3600	sdk	post-storage	lp_received	0
1781385016	snap	3600	sdk	post-storage	cp_sent	462887
1781385016	snap	3600	sdk	post-storage	lp_sent	0
1781385016	snap	3600	sdk	post-storage	cp_dropped	0
1781385016	snap	3600	sdk	post-storage	lp_dropped	0
1781385016	snap	3600	sdk	socialgraph	spans_received	684910
1781385016	snap	3600	sdk	socialgraph	spans_sent	540059
1781385016	snap	3600	sdk	socialgraph	spans_dropped	0
1781385016	snap	3600	sdk	socialgraph	spans_flushed	684910
1781385016	snap	3600	sdk	socialgraph	batches_sent	3696
1781385016	snap	3600	sdk	socialgraph	batches_dropped	0
1781385016	snap	3600	sdk	socialgraph	send_unavailable	0
1781385016	snap	3600	sdk	socialgraph	send_deadline	0
1781385016	snap	3600	sdk	socialgraph	send_exhausted	0
1781385016	snap	3600	sdk	socialgraph	send_canceled	0
1781385016	snap	3600	sdk	socialgraph	send_other	0
1781385016	snap	3600	sdk	socialgraph	buffer_depth	0
0
1781385016	snap	3600	sdk	socialgraph	cp_received	647286
1781385016	snap	3600	sdk	socialgraph	lp_received	37624
1781385016	snap	3600	sdk	socialgraph	cp_sent	502435
1781385016	snap	3600	sdk	socialgraph	lp_sent	37624
1781385016	snap	3600	sdk	socialgraph	cp_dropped	0
1781385016	snap	3600	sdk	socialgraph	lp_dropped	0
1781385016	snap	3600	sdk	text	spans_received	1879755
1781385016	snap	3600	sdk	text	spans_sent	352749
1781385016	snap	3600	sdk	text	spans_dropped	0
1781385016	snap	3600	sdk	text	spans_flushed	1879755
1781385016	snap	3600	sdk	text	batches_sent	4602
1781385016	snap	3600	sdk	text	batches_dropped	0
1781385016	snap	3600	sdk	text	send_unavailable	0
1781385016	snap	3600	sdk	text	send_deadline	0
1781385016	snap	3600	sdk	text	send_exhausted	0
1781385016	snap	3600	sdk	text	send_canceled	0
1781385016	snap	3600	sdk	text	send_other	0
1781385016	snap	3600	sdk	text	buffer_depth	0
0
1781385016	snap	3600	sdk	text	cp_received	0
1781385016	snap	3600	sdk	text	lp_received	1879755
1781385016	snap	3600	sdk	text	cp_sent	0
1781385016	snap	3600	sdk	text	lp_sent	352749
1781385016	snap	3600	sdk	text	cp_dropped	0
1781385016	snap	3600	sdk	text	lp_dropped	0
1781385016	snap	3600	sdk	uniqueid	spans_received	616117
1781385016	snap	3600	sdk	uniqueid	spans_sent	313436
1781385016	snap	3600	sdk	uniqueid	spans_dropped	0
1781385016	snap	3600	sdk	uniqueid	spans_flushed	616117
1781385016	snap	3600	sdk	uniqueid	batches_sent	2641
1781385016	snap	3600	sdk	uniqueid	batches_dropped	0
1781385016	snap	3600	sdk	uniqueid	send_unavailable	0
1781385016	snap	3600	sdk	uniqueid	send_deadline	0
1781385016	snap	3600	sdk	uniqueid	send_exhausted	0
1781385016	snap	3600	sdk	uniqueid	send_canceled	0
1781385016	snap	3600	sdk	uniqueid	send_other	0
1781385016	snap	3600	sdk	uniqueid	buffer_depth	0
0
1781385016	snap	3600	sdk	uniqueid	cp_received	616117
1781385016	snap	3600	sdk	uniqueid	lp_received	0
1781385016	snap	3600	sdk	uniqueid	cp_sent	313436
1781385016	snap	3600	sdk	uniqueid	lp_sent	0
1781385016	snap	3600	sdk	uniqueid	cp_dropped	0
1781385016	snap	3600	sdk	uniqueid	lp_dropped	0
1781385016	snap	3600	sdk	urlshorten	spans_received	610189
1781385016	snap	3600	sdk	urlshorten	spans_sent	440098
1781385016	snap	3600	sdk	urlshorten	spans_dropped	0
1781385016	snap	3600	sdk	urlshorten	spans_flushed	610189
1781385016	snap	3600	sdk	urlshorten	batches_sent	3193
1781385016	snap	3600	sdk	urlshorten	batches_dropped	0
1781385016	snap	3600	sdk	urlshorten	send_unavailable	0
1781385016	snap	3600	sdk	urlshorten	send_deadline	0
1781385016	snap	3600	sdk	urlshorten	send_exhausted	0
1781385016	snap	3600	sdk	urlshorten	send_canceled	0
1781385016	snap	3600	sdk	urlshorten	send_other	0
1781385016	snap	3600	sdk	urlshorten	buffer_depth	0
0
1781385016	snap	3600	sdk	urlshorten	cp_received	610189
1781385016	snap	3600	sdk	urlshorten	lp_received	0
1781385016	snap	3600	sdk	urlshorten	cp_sent	440098
1781385016	snap	3600	sdk	urlshorten	lp_sent	0
1781385016	snap	3600	sdk	urlshorten	cp_dropped	0
1781385016	snap	3600	sdk	urlshorten	lp_dropped	0
1781385016	snap	3600	sdk	user	spans_received	618881
1781385016	snap	3600	sdk	user	spans_sent	280545
1781385016	snap	3600	sdk	user	spans_dropped	0
1781385016	snap	3600	sdk	user	spans_flushed	618881
1781385016	snap	3600	sdk	user	batches_sent	2512
1781385016	snap	3600	sdk	user	batches_dropped	0
1781385016	snap	3600	sdk	user	send_unavailable	0
1781385016	snap	3600	sdk	user	send_deadline	0
1781385016	snap	3600	sdk	user	send_exhausted	0
1781385016	snap	3600	sdk	user	send_canceled	0
1781385016	snap	3600	sdk	user	send_other	0
1781385016	snap	3600	sdk	user	buffer_depth	0
0
1781385016	snap	3600	sdk	user	cp_received	617919
1781385016	snap	3600	sdk	user	lp_received	962
1781385016	snap	3600	sdk	user	cp_sent	279583
1781385016	snap	3600	sdk	user	lp_sent	962
1781385016	snap	3600	sdk	user	cp_dropped	0
1781385016	snap	3600	sdk	user	lp_dropped	0
1781385016	snap	3600	sdk	userid	spans_received	75248
1781385016	snap	3600	sdk	userid	spans_sent	75248
1781385016	snap	3600	sdk	userid	spans_dropped	0
1781385016	snap	3600	sdk	userid	spans_flushed	75248
1781385016	snap	3600	sdk	userid	batches_sent	250
1781385016	snap	3600	sdk	userid	batches_dropped	0
1781385016	snap	3600	sdk	userid	send_unavailable	0
1781385016	snap	3600	sdk	userid	send_deadline	0
1781385016	snap	3600	sdk	userid	send_exhausted	0
1781385016	snap	3600	sdk	userid	send_canceled	0
1781385016	snap	3600	sdk	userid	send_other	0
1781385016	snap	3600	sdk	userid	buffer_depth	0
0
1781385016	snap	3600	sdk	userid	cp_received	75248
1781385016	snap	3600	sdk	userid	lp_received	0
1781385016	snap	3600	sdk	userid	cp_sent	75248
1781385016	snap	3600	sdk	userid	lp_sent	0
1781385016	snap	3600	sdk	userid	cp_dropped	0
1781385016	snap	3600	sdk	userid	lp_dropped	0
1781385016	snap	3600	sdk	usermention	spans_received	611109
1781385016	snap	3600	sdk	usermention	spans_sent	306129
1781385016	snap	3600	sdk	usermention	spans_dropped	0
1781385016	snap	3600	sdk	usermention	spans_flushed	611109
1781385016	snap	3600	sdk	usermention	batches_sent	2613
1781385016	snap	3600	sdk	usermention	batches_dropped	0
1781385016	snap	3600	sdk	usermention	send_unavailable	0
1781385016	snap	3600	sdk	usermention	send_deadline	0
1781385016	snap	3600	sdk	usermention	send_exhausted	0
1781385016	snap	3600	sdk	usermention	send_canceled	0
1781385016	snap	3600	sdk	usermention	send_other	0
1781385016	snap	3600	sdk	usermention	buffer_depth	0
0
1781385016	snap	3600	sdk	usermention	cp_received	611109
1781385016	snap	3600	sdk	usermention	lp_received	0
1781385016	snap	3600	sdk	usermention	cp_sent	306129
1781385016	snap	3600	sdk	usermention	lp_sent	0
1781385016	snap	3600	sdk	usermention	cp_dropped	0
1781385016	snap	3600	sdk	usermention	lp_dropped	0
1781385016	snap	3600	sdk	usertimeline	spans_received	572476
1781385016	snap	3600	sdk	usertimeline	spans_sent	456600
1781385016	snap	3600	sdk	usertimeline	spans_dropped	0
1781385016	snap	3600	sdk	usertimeline	spans_flushed	572476
1781385016	snap	3600	sdk	usertimeline	batches_sent	3376
1781385016	snap	3600	sdk	usertimeline	batches_dropped	0
1781385016	snap	3600	sdk	usertimeline	send_unavailable	0
1781385016	snap	3600	sdk	usertimeline	send_deadline	0
1781385016	snap	3600	sdk	usertimeline	send_exhausted	0
1781385016	snap	3600	sdk	usertimeline	send_canceled	0
1781385016	snap	3600	sdk	usertimeline	send_other	0
1781385016	snap	3600	sdk	usertimeline	buffer_depth	0
0
1781385016	snap	3600	sdk	usertimeline	cp_received	572476
1781385016	snap	3600	sdk	usertimeline	lp_received	0
1781385016	snap	3600	sdk	usertimeline	cp_sent	456600
1781385016	snap	3600	sdk	usertimeline	lp_sent	0
1781385016	snap	3600	sdk	usertimeline	cp_dropped	0
1781385016	snap	3600	sdk	usertimeline	lp_dropped	0
1781385084	snap	3600	otelcol	otelcol-sb-esrev1-ctr-9czsx	otelcol_process_memory_rss	319098880
1781385084	snap	3600	otelcol	otelcol-sb-esrev1-ctr-9czsx	otelcol_receiver_accepted_spans	452448
1781385084	snap	3600	otelcol	otelcol-sb-esrev1-ctr-9czsx	otelcol_processor_outgoing_items	452448
1781385084	snap	3600	otelcol	otelcol-sb-esrev1-ctr-9czsx	otelcol_process_runtime_heap_alloc_bytes	132779648
1781385084	snap	3600	otelcol	otelcol-sb-esrev1-ctr-9czsx	otelcol_process_cpu_seconds	127
1781385084	snap	3600	otelcol	otelcol-sb-esrev1-ctr-9czsx	otelcol_exporter_queue_batch_send_size_sum	452448
1781385084	snap	3600	otelcol	otelcol-sb-esrev1-ctr-9czsx	otelcol_receiver_failed_spans	0
1781385084	snap	3600	otelcol	otelcol-sb-esrev1-ctr-9czsx	otelcol_process_uptime	858
1781385084	snap	3600	otelcol	otelcol-sb-esrev1-ctr-9czsx	otelcol_process_runtime_total_sys_memory_bytes	220588344
1781385084	snap	3600	otelcol	otelcol-sb-esrev1-ctr-9czsx	otelcol_exporter_send_failed_spans	0
1781385084	snap	3600	otelcol	otelcol-sb-esrev1-ctr-9czsx	otelcol_exporter_queue_capacity	1001
1781385084	snap	3600	otelcol	otelcol-sb-esrev1-ctr-9czsx	otelcol_processor_batch_metadata_cardinality	1
1781385084	snap	3600	otelcol	otelcol-sb-esrev1-ctr-9czsx	otelcol_process_runtime_total_alloc_bytes	5688578928
1781385084	snap	3600	otelcol	otelcol-sb-esrev1-ctr-9czsx	otelcol_processor_batch_timeout_trigger_send	1711
1781385084	snap	3600	otelcol	otelcol-sb-esrev1-ctr-9czsx	otelcol_processor_batch_batch_send_size_sum	452448
1781385084	snap	3600	otelcol	otelcol-sb-esrev1-ctr-9czsx	otelcol_exporter_sent_spans	171551
1781385084	snap	3600	otelcol	otelcol-sb-esrev1-ctr-9czsx	otelcol_exporter_queue_size	818
1781385084	snap	3600	otelcol	otelcol-sb-esrev1-ctr-9czsx	otelcol_receiver_refused_spans	6717594
1781385084	snap	3600	otelcol	otelcol-sb-esrev1-ctr-9czsx	otelcol_processor_incoming_items	7170042
1781385084	snap	3600	otelcol	otelcol-sb-esrev1-ctr-r7tfk	otelcol_processor_batch_batch_send_size_sum	1500049
1781385084	snap	3600	otelcol	otelcol-sb-esrev1-ctr-r7tfk	otelcol_process_uptime	857
1781385084	snap	3600	otelcol	otelcol-sb-esrev1-ctr-r7tfk	otelcol_processor_outgoing_items	1500049
1781385084	snap	3600	otelcol	otelcol-sb-esrev1-ctr-r7tfk	otelcol_exporter_queue_batch_send_size_sum	1500049
1781385084	snap	3600	otelcol	otelcol-sb-esrev1-ctr-r7tfk	otelcol_receiver_failed_spans	0
1781385084	snap	3600	otelcol	otelcol-sb-esrev1-ctr-r7tfk	otelcol_processor_batch_batch_size_trigger_send	16
1781385084	snap	3600	otelcol	otelcol-sb-esrev1-ctr-r7tfk	otelcol_receiver_refused_spans	16614927
1781385084	snap	3600	otelcol	otelcol-sb-esrev1-ctr-r7tfk	otelcol_receiver_accepted_spans	1500049
1781385084	snap	3600	otelcol	otelcol-sb-esrev1-ctr-r7tfk	otelcol_process_cpu_seconds	244
1781385084	snap	3600	otelcol	otelcol-sb-esrev1-ctr-r7tfk	otelcol_processor_batch_metadata_cardinality	1
1781385084	snap	3600	otelcol	otelcol-sb-esrev1-ctr-r7tfk	otelcol_process_runtime_total_alloc_bytes	13993841664
1781385084	snap	3600	otelcol	otelcol-sb-esrev1-ctr-r7tfk	otelcol_process_runtime_heap_alloc_bytes	129307560
1781385084	snap	3600	otelcol	otelcol-sb-esrev1-ctr-r7tfk	otelcol_process_memory_rss	321593344
1781385084	snap	3600	otelcol	otelcol-sb-esrev1-ctr-r7tfk	otelcol_exporter_queue_capacity	1001
1781385084	snap	3600	otelcol	otelcol-sb-esrev1-ctr-r7tfk	otelcol_processor_batch_timeout_trigger_send	954
1781385084	snap	3600	otelcol	otelcol-sb-esrev1-ctr-r7tfk	otelcol_exporter_send_failed_spans	0
1781385084	snap	3600	otelcol	otelcol-sb-esrev1-ctr-r7tfk	otelcol_exporter_sent_spans	1321367
1781385084	snap	3600	otelcol	otelcol-sb-esrev1-ctr-r7tfk	otelcol_exporter_queue_size	102
1781385084	snap	3600	otelcol	otelcol-sb-esrev1-ctr-r7tfk	otelcol_processor_incoming_items	18114976
1781385084	snap	3600	otelcol	otelcol-sb-esrev1-ctr-r7tfk	otelcol_process_runtime_total_sys_memory_bytes	253884744
1781385084	snap	3600	otelcol	otelcol-sb-esrev1-ctr-srbgp	otelcol_processor_batch_batch_send_size_sum	549519
1781385084	snap	3600	otelcol	otelcol-sb-esrev1-ctr-srbgp	otelcol_exporter_sent_spans	290163
1781385084	snap	3600	otelcol	otelcol-sb-esrev1-ctr-srbgp	otelcol_exporter_queue_size	789
1781385084	snap	3600	otelcol	otelcol-sb-esrev1-ctr-srbgp	otelcol_exporter_queue_capacity	1001
1781385084	snap	3600	otelcol	otelcol-sb-esrev1-ctr-srbgp	otelcol_processor_incoming_items	5153881
1781385084	snap	3600	otelcol	otelcol-sb-esrev1-ctr-srbgp	otelcol_receiver_failed_spans	0
1781385084	snap	3600	otelcol	otelcol-sb-esrev1-ctr-srbgp	otelcol_processor_outgoing_items	549519
1781385084	snap	3600	otelcol	otelcol-sb-esrev1-ctr-srbgp	otelcol_process_runtime_heap_alloc_bytes	129051984
1781385084	snap	3600	otelcol	otelcol-sb-esrev1-ctr-srbgp	otelcol_processor_batch_metadata_cardinality	1
1781385084	snap	3600	otelcol	otelcol-sb-esrev1-ctr-srbgp	otelcol_receiver_refused_spans	4604362
1781385084	snap	3600	otelcol	otelcol-sb-esrev1-ctr-srbgp	otelcol_processor_batch_timeout_trigger_send	1857
1781385084	snap	3600	otelcol	otelcol-sb-esrev1-ctr-srbgp	otelcol_process_runtime_total_sys_memory_bytes	215607608
1781385084	snap	3600	otelcol	otelcol-sb-esrev1-ctr-srbgp	otelcol_process_cpu_seconds	88
1781385084	snap	3600	otelcol	otelcol-sb-esrev1-ctr-srbgp	otelcol_exporter_queue_batch_send_size_sum	549519
1781385084	snap	3600	otelcol	otelcol-sb-esrev1-ctr-srbgp	otelcol_process_runtime_total_alloc_bytes	4163598368
1781385084	snap	3600	otelcol	otelcol-sb-esrev1-ctr-srbgp	otelcol_process_memory_rss	319012864
1781385084	snap	3600	otelcol	otelcol-sb-esrev1-ctr-srbgp	otelcol_process_uptime	859
1781385084	snap	3600	otelcol	otelcol-sb-esrev1-ctr-srbgp	otelcol_receiver_accepted_spans	549519
1781385084	snap	3600	otelcol	otelcol-sb-esrev1-ctr-srbgp	otelcol_exporter_send_failed_spans	0
1781385084	snap	3600	otelcol	otelcol-sb-esrev1-ctr-j2cng	otelcol_processor_incoming_items	4669861
1781385084	snap	3600	otelcol	otelcol-sb-esrev1-ctr-j2cng	otelcol_exporter_queue_capacity	1001
1781385084	snap	3600	otelcol	otelcol-sb-esrev1-ctr-j2cng	otelcol_process_memory_rss	322068480
1781385084	snap	3600	otelcol	otelcol-sb-esrev1-ctr-j2cng	otelcol_processor_outgoing_items	463215
1781385084	snap	3600	otelcol	otelcol-sb-esrev1-ctr-j2cng	otelcol_receiver_refused_spans	4206646
1781385084	snap	3600	otelcol	otelcol-sb-esrev1-ctr-j2cng	otelcol_process_cpu_seconds	82
1781385084	snap	3600	otelcol	otelcol-sb-esrev1-ctr-j2cng	otelcol_exporter_queue_batch_send_size_sum	463215
1781385084	snap	3600	otelcol	otelcol-sb-esrev1-ctr-j2cng	otelcol_exporter_sent_spans	183253
1781385084	snap	3600	otelcol	otelcol-sb-esrev1-ctr-j2cng	otelcol_exporter_send_failed_spans	0
1781385084	snap	3600	otelcol	otelcol-sb-esrev1-ctr-j2cng	otelcol_process_runtime_total_alloc_bytes	3793222496
1781385084	snap	3600	otelcol	otelcol-sb-esrev1-ctr-j2cng	otelcol_processor_batch_batch_send_size_sum	463215
1781385084	snap	3600	otelcol	otelcol-sb-esrev1-ctr-j2cng	otelcol_receiver_failed_spans	0
1781385084	snap	3600	otelcol	otelcol-sb-esrev1-ctr-j2cng	otelcol_process_runtime_heap_alloc_bytes	131901440
1781385084	snap	3600	otelcol	otelcol-sb-esrev1-ctr-j2cng	otelcol_processor_batch_metadata_cardinality	1
1781385084	snap	3600	otelcol	otelcol-sb-esrev1-ctr-j2cng	otelcol_process_uptime	858
1781385084	snap	3600	otelcol	otelcol-sb-esrev1-ctr-j2cng	otelcol_process_runtime_total_sys_memory_bytes	216197432
1781385084	snap	3600	otelcol	otelcol-sb-esrev1-ctr-j2cng	otelcol_exporter_queue_size	856
1781385084	snap	3600	otelcol	otelcol-sb-esrev1-ctr-j2cng	otelcol_receiver_accepted_spans	463215
1781385084	snap	3600	otelcol	otelcol-sb-esrev1-ctr-j2cng	otelcol_processor_batch_timeout_trigger_send	1772
1781385084	snap	3600	otelcol	otelcol-sb-esrev1-ctr-z4fxx	otelcol_receiver_failed_spans	0
1781385084	snap	3600	otelcol	otelcol-sb-esrev1-ctr-z4fxx	otelcol_processor_batch_batch_send_size_sum	666215
1781385084	snap	3600	otelcol	otelcol-sb-esrev1-ctr-z4fxx	otelcol_exporter_send_failed_spans	0
1781385084	snap	3600	otelcol	otelcol-sb-esrev1-ctr-z4fxx	otelcol_processor_incoming_items	11299287
1781385084	snap	3600	otelcol	otelcol-sb-esrev1-ctr-z4fxx	otelcol_exporter_queue_size	579
1781385084	snap	3600	otelcol	otelcol-sb-esrev1-ctr-z4fxx	otelcol_receiver_accepted_spans	666215
1781385084	snap	3600	otelcol	otelcol-sb-esrev1-ctr-z4fxx	otelcol_processor_batch_metadata_cardinality	1
1781385084	snap	3600	otelcol	otelcol-sb-esrev1-ctr-z4fxx	otelcol_process_runtime_total_alloc_bytes	8385587744
1781385084	snap	3600	otelcol	otelcol-sb-esrev1-ctr-z4fxx	otelcol_process_memory_rss	320851968
1781385084	snap	3600	otelcol	otelcol-sb-esrev1-ctr-z4fxx	otelcol_processor_batch_timeout_trigger_send	1525
1781385084	snap	3600	otelcol	otelcol-sb-esrev1-ctr-z4fxx	otelcol_receiver_refused_spans	10633072
1781385084	snap	3600	otelcol	otelcol-sb-esrev1-ctr-z4fxx	otelcol_process_runtime_total_sys_memory_bytes	224586040
1781385084	snap	3600	otelcol	otelcol-sb-esrev1-ctr-z4fxx	otelcol_exporter_queue_capacity	1001
1781385084	snap	3600	otelcol	otelcol-sb-esrev1-ctr-z4fxx	otelcol_processor_outgoing_items	666215
1781385084	snap	3600	otelcol	otelcol-sb-esrev1-ctr-z4fxx	otelcol_process_uptime	858
1781385084	snap	3600	otelcol	otelcol-sb-esrev1-ctr-z4fxx	otelcol_process_runtime_heap_alloc_bytes	138102008
1781385084	snap	3600	otelcol	otelcol-sb-esrev1-ctr-z4fxx	otelcol_process_cpu_seconds	158
1781385084	snap	3600	otelcol	otelcol-sb-esrev1-ctr-z4fxx	otelcol_exporter_sent_spans	390255
1781385084	snap	3600	otelcol	otelcol-sb-esrev1-ctr-z4fxx	otelcol_exporter_queue_batch_send_size_sum	666215
1781385084	snap	3600	otelcol	otelcol-sb-esrev1-ctr-bdbcb	otelcol_processor_incoming_items	3883703
1781385084	snap	3600	otelcol	otelcol-sb-esrev1-ctr-bdbcb	otelcol_processor_batch_batch_send_size_sum	473442
1781385084	snap	3600	otelcol	otelcol-sb-esrev1-ctr-bdbcb	otelcol_process_uptime	857
1781385084	snap	3600	otelcol	otelcol-sb-esrev1-ctr-bdbcb	otelcol_receiver_accepted_spans	473442
1781385084	snap	3600	otelcol	otelcol-sb-esrev1-ctr-bdbcb	otelcol_process_memory_rss	321363968
1781385084	snap	3600	otelcol	otelcol-sb-esrev1-ctr-bdbcb	otelcol_process_cpu_seconds	79
1781385084	snap	3600	otelcol	otelcol-sb-esrev1-ctr-bdbcb	otelcol_receiver_refused_spans	3410261
1781385084	snap	3600	otelcol	otelcol-sb-esrev1-ctr-bdbcb	otelcol_exporter_sent_spans	195948
1781385084	snap	3600	otelcol	otelcol-sb-esrev1-ctr-bdbcb	otelcol_exporter_queue_capacity	1001
1781385084	snap	3600	otelcol	otelcol-sb-esrev1-ctr-bdbcb	otelcol_exporter_queue_batch_send_size_sum	473442
1781385084	snap	3600	otelcol	otelcol-sb-esrev1-ctr-bdbcb	otelcol_process_runtime_total_sys_memory_bytes	224651576
1781385084	snap	3600	otelcol	otelcol-sb-esrev1-ctr-bdbcb	otelcol_processor_outgoing_items	473442
1781385084	snap	3600	otelcol	otelcol-sb-esrev1-ctr-bdbcb	otelcol_process_runtime_heap_alloc_bytes	132069200
1781385084	snap	3600	otelcol	otelcol-sb-esrev1-ctr-bdbcb	otelcol_processor_batch_metadata_cardinality	1
1781385084	snap	3600	otelcol	otelcol-sb-esrev1-ctr-bdbcb	otelcol_process_runtime_total_alloc_bytes	3330892472
1781385084	snap	3600	otelcol	otelcol-sb-esrev1-ctr-bdbcb	otelcol_exporter_queue_size	857
1781385084	snap	3600	otelcol	otelcol-sb-esrev1-ctr-bdbcb	otelcol_processor_batch_timeout_trigger_send	1803
1781385084	snap	3600	otelcol	otelcol-sb-esrev1-ctr-bdbcb	otelcol_exporter_send_failed_spans	0
1781385084	snap	3600	otelcol	otelcol-sb-esrev1-ctr-bdbcb	otelcol_receiver_failed_spans	0
1781385084	snap	3600	otelcol	otelcol-sb-esrev1-ctr-zjs5l	otelcol_receiver_refused_spans	18913349
1781385084	snap	3600	otelcol	otelcol-sb-esrev1-ctr-zjs5l	otelcol_processor_batch_timeout_trigger_send	1658
1781385084	snap	3600	otelcol	otelcol-sb-esrev1-ctr-zjs5l	otelcol_exporter_sent_spans	670244
1781385084	snap	3600	otelcol	otelcol-sb-esrev1-ctr-zjs5l	otelcol_receiver_failed_spans	0
1781385084	snap	3600	otelcol	otelcol-sb-esrev1-ctr-zjs5l	otelcol_process_runtime_total_sys_memory_bytes	220457272
1781385084	snap	3600	otelcol	otelcol-sb-esrev1-ctr-zjs5l	otelcol_process_uptime	857
1781385084	snap	3600	otelcol	otelcol-sb-esrev1-ctr-zjs5l	otelcol_exporter_queue_size	613
1781385084	snap	3600	otelcol	otelcol-sb-esrev1-ctr-zjs5l	otelcol_receiver_accepted_spans	919439
1781385084	snap	3600	otelcol	otelcol-sb-esrev1-ctr-zjs5l	otelcol_process_runtime_total_alloc_bytes	12889303952
1781385084	snap	3600	otelcol	otelcol-sb-esrev1-ctr-zjs5l	otelcol_process_runtime_heap_alloc_bytes	127361704
1781385084	snap	3600	otelcol	otelcol-sb-esrev1-ctr-zjs5l	otelcol_processor_batch_batch_send_size_sum	919439
1781385084	snap	3600	otelcol	otelcol-sb-esrev1-ctr-zjs5l	otelcol_process_memory_rss	322105344
1781385084	snap	3600	otelcol	otelcol-sb-esrev1-ctr-zjs5l	otelcol_exporter_queue_capacity	1001
1781385084	snap	3600	otelcol	otelcol-sb-esrev1-ctr-zjs5l	otelcol_exporter_queue_batch_send_size_sum	919439
1781385084	snap	3600	otelcol	otelcol-sb-esrev1-ctr-zjs5l	otelcol_processor_incoming_items	19832788
1781385084	snap	3600	otelcol	otelcol-sb-esrev1-ctr-zjs5l	otelcol_processor_outgoing_items	919439
1781385084	snap	3600	otelcol	otelcol-sb-esrev1-ctr-zjs5l	otelcol_processor_batch_metadata_cardinality	1
1781385084	snap	3600	otelcol	otelcol-sb-esrev1-ctr-zjs5l	otelcol_process_cpu_seconds	186
1781385084	snap	3600	otelcol	otelcol-sb-esrev1-ctr-zjs5l	otelcol_exporter_send_failed_spans	0
1781385084	snap	3600	otelcol	otelcol-sb-esrev1-ctr-mqr25	otelcol_processor_batch_timeout_trigger_send	1420
1781385084	snap	3600	otelcol	otelcol-sb-esrev1-ctr-mqr25	otelcol_exporter_queue_size	421
1781385084	snap	3600	otelcol	otelcol-sb-esrev1-ctr-mqr25	otelcol_processor_incoming_items	19478455
1781385084	snap	3600	otelcol	otelcol-sb-esrev1-ctr-mqr25	otelcol_processor_batch_batch_send_size_sum	775942
1781385084	snap	3600	otelcol	otelcol-sb-esrev1-ctr-mqr25	otelcol_process_runtime_heap_alloc_bytes	129881632
1781385084	snap	3600	otelcol	otelcol-sb-esrev1-ctr-mqr25	otelcol_processor_outgoing_items	775942
1781385084	snap	3600	otelcol	otelcol-sb-esrev1-ctr-mqr25	otelcol_process_runtime_total_alloc_bytes	15091385072
1781385084	snap	3600	otelcol	otelcol-sb-esrev1-ctr-mqr25	otelcol_exporter_send_failed_spans	0
1781385084	snap	3600	otelcol	otelcol-sb-esrev1-ctr-mqr25	otelcol_receiver_failed_spans	0
1781385084	snap	3600	otelcol	otelcol-sb-esrev1-ctr-mqr25	otelcol_process_memory_rss	318984192
1781385084	snap	3600	otelcol	otelcol-sb-esrev1-ctr-mqr25	otelcol_process_cpu_seconds	248
1781385084	snap	3600	otelcol	otelcol-sb-esrev1-ctr-mqr25	otelcol_processor_batch_metadata_cardinality	1
1781385084	snap	3600	otelcol	otelcol-sb-esrev1-ctr-mqr25	otelcol_process_uptime	858
1781385084	snap	3600	otelcol	otelcol-sb-esrev1-ctr-mqr25	otelcol_exporter_sent_spans	531161
1781385084	snap	3600	otelcol	otelcol-sb-esrev1-ctr-mqr25	otelcol_exporter_queue_batch_send_size_sum	775942
1781385084	snap	3600	otelcol	otelcol-sb-esrev1-ctr-mqr25	otelcol_receiver_refused_spans	18702513
1781385084	snap	3600	otelcol	otelcol-sb-esrev1-ctr-mqr25	otelcol_process_runtime_total_sys_memory_bytes	225634616
1781385084	snap	3600	otelcol	otelcol-sb-esrev1-ctr-mqr25	otelcol_receiver_accepted_spans	775942
1781385084	snap	3600	otelcol	otelcol-sb-esrev1-ctr-mqr25	otelcol_exporter_queue_capacity	1001
1781385084	snap	3600	otelcol	otelcol-sb-esrev1-ctr-j7lcx	otelcol_processor_batch_metadata_cardinality	1
1781385084	snap	3600	otelcol	otelcol-sb-esrev1-ctr-j7lcx	otelcol_process_runtime_total_alloc_bytes	45681744
1781385084	snap	3600	otelcol	otelcol-sb-esrev1-ctr-j7lcx	otelcol_process_cpu_seconds	6
1781385084	snap	3600	otelcol	otelcol-sb-esrev1-ctr-j7lcx	otelcol_process_runtime_heap_alloc_bytes	18234560
1781385084	snap	3600	otelcol	otelcol-sb-esrev1-ctr-j7lcx	otelcol_process_memory_rss	182956032
1781385084	snap	3600	otelcol	otelcol-sb-esrev1-ctr-j7lcx	otelcol_process_uptime	856
1781385084	snap	3600	otelcol	otelcol-sb-esrev1-ctr-j7lcx	otelcol_process_runtime_total_sys_memory_bytes	44546312
1781385084	snap	3600	otelcol	otelcol-sb-esrev1-ctr-j7lcx	otelcol_exporter_queue_size	0
1781385084	snap	3600	otelcol	otelcol-sb-esrev1-ctr-j7lcx	otelcol_exporter_queue_capacity	1001
1781385084	snap	3600	k8s	otelcol-sb-esrev1-ctr-9czsx	restart_count	0
1781385084	snap	3600	k8s	otelcol-sb-esrev1-ctr-bdbcb	restart_count	0
1781385084	snap	3600	k8s	otelcol-sb-esrev1-ctr-j2cng	restart_count	0
1781385084	snap	3600	k8s	otelcol-sb-esrev1-ctr-j7lcx	restart_count	0
1781385084	snap	3600	k8s	otelcol-sb-esrev1-ctr-mqr25	restart_count	0
1781385084	snap	3600	k8s	otelcol-sb-esrev1-ctr-r7tfk	restart_count	0
1781385084	snap	3600	k8s	otelcol-sb-esrev1-ctr-srbgp	restart_count	0
1781385084	snap	3600	k8s	otelcol-sb-esrev1-ctr-z4fxx	restart_count	0
1781385084	snap	3600	k8s	otelcol-sb-esrev1-ctr-zjs5l	restart_count	0
1781385084	snap	3600	sdk	wrk2api	spans_received	1337311
1781385084	snap	3600	sdk	wrk2api	spans_sent	471311
1781385084	snap	3600	sdk	wrk2api	spans_dropped	0
1781385084	snap	3600	sdk	wrk2api	spans_flushed	1337311
1781385084	snap	3600	sdk	wrk2api	batches_sent	4692
1781385084	snap	3600	sdk	wrk2api	batches_dropped	0
1781385084	snap	3600	sdk	wrk2api	send_unavailable	0
1781385084	snap	3600	sdk	wrk2api	send_deadline	0
1781385084	snap	3600	sdk	wrk2api	send_exhausted	0
1781385084	snap	3600	sdk	wrk2api	send_canceled	0
1781385084	snap	3600	sdk	wrk2api	send_other	0
1781385084	snap	3600	sdk	wrk2api	buffer_depth	0
0
1781385084	snap	3600	sdk	wrk2api	cp_received	627790
1781385084	snap	3600	sdk	wrk2api	lp_received	709521
1781385084	snap	3600	sdk	wrk2api	cp_sent	293369
1781385084	snap	3600	sdk	wrk2api	lp_sent	177942
1781385084	snap	3600	sdk	wrk2api	cp_dropped	0
1781385084	snap	3600	sdk	wrk2api	lp_dropped	0
1781385084	snap	3600	sdk	composepost	spans_received	5360101
1781385084	snap	3600	sdk	composepost	spans_sent	1289640
1781385084	snap	3600	sdk	composepost	spans_dropped	0
1781385084	snap	3600	sdk	composepost	spans_flushed	5360101
1781385084	snap	3600	sdk	composepost	batches_sent	14554
1781385084	snap	3600	sdk	composepost	batches_dropped	0
1781385084	snap	3600	sdk	composepost	send_unavailable	0
1781385084	snap	3600	sdk	composepost	send_deadline	0
1781385084	snap	3600	sdk	composepost	send_exhausted	0
1781385084	snap	3600	sdk	composepost	send_canceled	0
1781385084	snap	3600	sdk	composepost	send_other	0
1781385084	snap	3600	sdk	composepost	buffer_depth	0
0
1781385084	snap	3600	sdk	composepost	cp_received	4703520
1781385084	snap	3600	sdk	composepost	lp_received	656581
1781385084	snap	3600	sdk	composepost	cp_sent	1212663
1781385084	snap	3600	sdk	composepost	lp_sent	76977
1781385084	snap	3600	sdk	composepost	cp_dropped	0
1781385084	snap	3600	sdk	composepost	lp_dropped	0
1781385084	snap	3600	sdk	hometimeline	spans_received	1173556
1781385084	snap	3600	sdk	hometimeline	spans_sent	153642
1781385084	snap	3600	sdk	hometimeline	spans_dropped	0
1781385084	snap	3600	sdk	hometimeline	spans_flushed	1173556
1781385084	snap	3600	sdk	hometimeline	batches_sent	2660
1781385084	snap	3600	sdk	hometimeline	batches_dropped	0
1781385084	snap	3600	sdk	hometimeline	send_unavailable	0
1781385084	snap	3600	sdk	hometimeline	send_deadline	0
1781385084	snap	3600	sdk	hometimeline	send_exhausted	0
1781385084	snap	3600	sdk	hometimeline	send_canceled	0
1781385084	snap	3600	sdk	hometimeline	send_other	0
1781385084	snap	3600	sdk	hometimeline	buffer_depth	0
0
1781385084	snap	3600	sdk	hometimeline	cp_received	0
1781385084	snap	3600	sdk	hometimeline	lp_received	1173556
1781385084	snap	3600	sdk	hometimeline	cp_sent	0
1781385084	snap	3600	sdk	hometimeline	lp_sent	153642
1781385084	snap	3600	sdk	hometimeline	cp_dropped	0
1781385084	snap	3600	sdk	hometimeline	lp_dropped	0
1781385084	snap	3600	sdk	media	spans_received	646619
1781385084	snap	3600	sdk	media	spans_sent	488783
1781385084	snap	3600	sdk	media	spans_dropped	0
1781385084	snap	3600	sdk	media	spans_flushed	646619
1781385084	snap	3600	sdk	media	batches_sent	3662
1781385084	snap	3600	sdk	media	batches_dropped	0
1781385084	snap	3600	sdk	media	send_unavailable	0
1781385084	snap	3600	sdk	media	send_deadline	0
1781385084	snap	3600	sdk	media	send_exhausted	0
1781385084	snap	3600	sdk	media	send_canceled	0
1781385084	snap	3600	sdk	media	send_other	0
1781385084	snap	3600	sdk	media	buffer_depth	0
0
1781385084	snap	3600	sdk	media	cp_received	646619
1781385084	snap	3600	sdk	media	lp_received	0
1781385084	snap	3600	sdk	media	cp_sent	488783
1781385084	snap	3600	sdk	media	lp_sent	0
1781385084	snap	3600	sdk	media	cp_dropped	0
1781385084	snap	3600	sdk	media	lp_dropped	0
1781385084	snap	3600	sdk	post-storage	spans_received	583658
1781385084	snap	3600	sdk	post-storage	spans_sent	473029
1781385084	snap	3600	sdk	post-storage	spans_dropped	0
1781385084	snap	3600	sdk	post-storage	spans_flushed	583658
1781385084	snap	3600	sdk	post-storage	batches_sent	3447
1781385084	snap	3600	sdk	post-storage	batches_dropped	0
1781385084	snap	3600	sdk	post-storage	send_unavailable	0
1781385084	snap	3600	sdk	post-storage	send_deadline	0
1781385084	snap	3600	sdk	post-storage	send_exhausted	0
1781385084	snap	3600	sdk	post-storage	send_canceled	0
1781385084	snap	3600	sdk	post-storage	send_other	0
1781385084	snap	3600	sdk	post-storage	buffer_depth	0
0
1781385084	snap	3600	sdk	post-storage	cp_received	583658
1781385084	snap	3600	sdk	post-storage	lp_received	0
1781385084	snap	3600	sdk	post-storage	cp_sent	473029
1781385084	snap	3600	sdk	post-storage	lp_sent	0
1781385084	snap	3600	sdk	post-storage	cp_dropped	0
1781385084	snap	3600	sdk	post-storage	lp_dropped	0
1781385084	snap	3600	sdk	socialgraph	spans_received	695598
1781385084	snap	3600	sdk	socialgraph	spans_sent	549337
1781385084	snap	3600	sdk	socialgraph	spans_dropped	0
1781385084	snap	3600	sdk	socialgraph	spans_flushed	695598
1781385084	snap	3600	sdk	socialgraph	batches_sent	3760
1781385084	snap	3600	sdk	socialgraph	batches_dropped	0
1781385084	snap	3600	sdk	socialgraph	send_unavailable	0
1781385084	snap	3600	sdk	socialgraph	send_deadline	0
1781385084	snap	3600	sdk	socialgraph	send_exhausted	0
1781385084	snap	3600	sdk	socialgraph	send_canceled	0
1781385084	snap	3600	sdk	socialgraph	send_other	0
1781385084	snap	3600	sdk	socialgraph	buffer_depth	0
0
1781385084	snap	3600	sdk	socialgraph	cp_received	657974
1781385084	snap	3600	sdk	socialgraph	lp_received	37624
1781385084	snap	3600	sdk	socialgraph	cp_sent	511713
1781385084	snap	3600	sdk	socialgraph	lp_sent	37624
1781385084	snap	3600	sdk	socialgraph	cp_dropped	0
1781385084	snap	3600	sdk	socialgraph	lp_dropped	0
1781385084	snap	3600	sdk	text	spans_received	1995976
1781385084	snap	3600	sdk	text	spans_sent	352749
1781385084	snap	3600	sdk	text	spans_dropped	0
1781385084	snap	3600	sdk	text	spans_flushed	1995976
1781385084	snap	3600	sdk	text	batches_sent	4602
1781385084	snap	3600	sdk	text	batches_dropped	0
1781385084	snap	3600	sdk	text	send_unavailable	0
1781385084	snap	3600	sdk	text	send_deadline	0
1781385084	snap	3600	sdk	text	send_exhausted	0
1781385084	snap	3600	sdk	text	send_canceled	0
1781385084	snap	3600	sdk	text	send_other	0
1781385084	snap	3600	sdk	text	buffer_depth	0
0
1781385084	snap	3600	sdk	text	cp_received	0
1781385084	snap	3600	sdk	text	lp_received	1995976
1781385084	snap	3600	sdk	text	cp_sent	0
1781385084	snap	3600	sdk	text	lp_sent	352749
1781385084	snap	3600	sdk	text	cp_dropped	0
1781385084	snap	3600	sdk	text	lp_dropped	0
1781385084	snap	3600	sdk	uniqueid	spans_received	646759
1781385084	snap	3600	sdk	uniqueid	spans_sent	337088
1781385084	snap	3600	sdk	uniqueid	spans_dropped	0
1781385084	snap	3600	sdk	uniqueid	spans_flushed	646759
1781385084	snap	3600	sdk	uniqueid	batches_sent	2781
1781385084	snap	3600	sdk	uniqueid	batches_dropped	0
1781385084	snap	3600	sdk	uniqueid	send_unavailable	0
1781385084	snap	3600	sdk	uniqueid	send_deadline	0
1781385084	snap	3600	sdk	uniqueid	send_exhausted	0
1781385084	snap	3600	sdk	uniqueid	send_canceled	0
1781385084	snap	3600	sdk	uniqueid	send_other	0
1781385084	snap	3600	sdk	uniqueid	buffer_depth	0
0
1781385084	snap	3600	sdk	uniqueid	cp_received	646759
1781385084	snap	3600	sdk	uniqueid	lp_received	0
1781385084	snap	3600	sdk	uniqueid	cp_sent	337088
1781385084	snap	3600	sdk	uniqueid	lp_sent	0
1781385084	snap	3600	sdk	uniqueid	cp_dropped	0
1781385084	snap	3600	sdk	uniqueid	lp_dropped	0
1781385084	snap	3600	sdk	urlshorten	spans_received	637235
1781385084	snap	3600	sdk	urlshorten	spans_sent	452085
1781385084	snap	3600	sdk	urlshorten	spans_dropped	0
1781385084	snap	3600	sdk	urlshorten	spans_flushed	637235
1781385084	snap	3600	sdk	urlshorten	batches_sent	3263
1781385084	snap	3600	sdk	urlshorten	batches_dropped	0
1781385084	snap	3600	sdk	urlshorten	send_unavailable	0
1781385084	snap	3600	sdk	urlshorten	send_deadline	0
1781385084	snap	3600	sdk	urlshorten	send_exhausted	0
1781385084	snap	3600	sdk	urlshorten	send_canceled	0
1781385084	snap	3600	sdk	urlshorten	send_other	0
1781385084	snap	3600	sdk	urlshorten	buffer_depth	0
0
1781385084	snap	3600	sdk	urlshorten	cp_received	637235
1781385084	snap	3600	sdk	urlshorten	lp_received	0
1781385084	snap	3600	sdk	urlshorten	cp_sent	452085
1781385084	snap	3600	sdk	urlshorten	lp_sent	0
1781385084	snap	3600	sdk	urlshorten	cp_dropped	0
1781385084	snap	3600	sdk	urlshorten	lp_dropped	0
1781385084	snap	3600	sdk	user	spans_received	650577
1781385084	snap	3600	sdk	user	spans_sent	300819
1781385084	snap	3600	sdk	user	spans_dropped	0
1781385084	snap	3600	sdk	user	spans_flushed	650577
1781385084	snap	3600	sdk	user	batches_sent	2637
1781385084	snap	3600	sdk	user	batches_dropped	0
1781385084	snap	3600	sdk	user	send_unavailable	0
1781385084	snap	3600	sdk	user	send_deadline	0
1781385084	snap	3600	sdk	user	send_exhausted	0
1781385084	snap	3600	sdk	user	send_canceled	0
1781385084	snap	3600	sdk	user	send_other	0
1781385084	snap	3600	sdk	user	buffer_depth	0
0
1781385084	snap	3600	sdk	user	cp_received	649615
1781385084	snap	3600	sdk	user	lp_received	962
1781385084	snap	3600	sdk	user	cp_sent	299857
1781385084	snap	3600	sdk	user	lp_sent	962
1781385084	snap	3600	sdk	user	cp_dropped	0
1781385084	snap	3600	sdk	user	lp_dropped	0
1781385084	snap	3600	sdk	userid	spans_received	75248
1781385084	snap	3600	sdk	userid	spans_sent	75248
1781385084	snap	3600	sdk	userid	spans_dropped	0
1781385084	snap	3600	sdk	userid	spans_flushed	75248
1781385084	snap	3600	sdk	userid	batches_sent	250
1781385084	snap	3600	sdk	userid	batches_dropped	0
1781385084	snap	3600	sdk	userid	send_unavailable	0
1781385084	snap	3600	sdk	userid	send_deadline	0
1781385084	snap	3600	sdk	userid	send_exhausted	0
1781385084	snap	3600	sdk	userid	send_canceled	0
1781385084	snap	3600	sdk	userid	send_other	0
1781385084	snap	3600	sdk	userid	buffer_depth	0
0
1781385084	snap	3600	sdk	userid	cp_received	75248
1781385084	snap	3600	sdk	userid	lp_received	0
1781385084	snap	3600	sdk	userid	cp_sent	75248
1781385084	snap	3600	sdk	userid	lp_sent	0
1781385084	snap	3600	sdk	userid	cp_dropped	0
1781385084	snap	3600	sdk	userid	lp_dropped	0
1781385084	snap	3600	sdk	usermention	spans_received	637795
1781385084	snap	3600	sdk	usermention	spans_sent	327578
1781385084	snap	3600	sdk	usermention	spans_dropped	0
1781385084	snap	3600	sdk	usermention	spans_flushed	637795
1781385084	snap	3600	sdk	usermention	batches_sent	2731
1781385084	snap	3600	sdk	usermention	batches_dropped	0
1781385084	snap	3600	sdk	usermention	send_unavailable	0
1781385084	snap	3600	sdk	usermention	send_deadline	0
1781385084	snap	3600	sdk	usermention	send_exhausted	0
1781385084	snap	3600	sdk	usermention	send_canceled	0
1781385084	snap	3600	sdk	usermention	send_other	0
1781385084	snap	3600	sdk	usermention	buffer_depth	0
0
1781385084	snap	3600	sdk	usermention	cp_received	637795
1781385084	snap	3600	sdk	usermention	lp_received	0
1781385084	snap	3600	sdk	usermention	cp_sent	327578
1781385084	snap	3600	sdk	usermention	lp_sent	0
1781385084	snap	3600	sdk	usermention	cp_dropped	0
1781385084	snap	3600	sdk	usermention	lp_dropped	0
1781385084	snap	3600	sdk	usertimeline	spans_received	583216
1781385084	snap	3600	sdk	usertimeline	spans_sent	463215
1781385084	snap	3600	sdk	usertimeline	spans_dropped	0
1781385084	snap	3600	sdk	usertimeline	spans_flushed	583216
1781385084	snap	3600	sdk	usertimeline	batches_sent	3420
1781385084	snap	3600	sdk	usertimeline	batches_dropped	0
1781385084	snap	3600	sdk	usertimeline	send_unavailable	0
1781385084	snap	3600	sdk	usertimeline	send_deadline	0
1781385084	snap	3600	sdk	usertimeline	send_exhausted	0
1781385084	snap	3600	sdk	usertimeline	send_canceled	0
1781385084	snap	3600	sdk	usertimeline	send_other	0
1781385084	snap	3600	sdk	usertimeline	buffer_depth	0
0
1781385084	snap	3600	sdk	usertimeline	cp_received	583216
1781385084	snap	3600	sdk	usertimeline	lp_received	0
1781385084	snap	3600	sdk	usertimeline	cp_sent	463215
1781385084	snap	3600	sdk	usertimeline	lp_sent	0
1781385084	snap	3600	sdk	usertimeline	cp_dropped	0
1781385084	snap	3600	sdk	usertimeline	lp_dropped	0
1781385091	snap	3800	otelcol	otelcol-sb-esrev1-ctr-9czsx	otelcol_process_memory_rss	318210048
1781385091	snap	3800	otelcol	otelcol-sb-esrev1-ctr-9czsx	otelcol_receiver_accepted_spans	452463
1781385091	snap	3800	otelcol	otelcol-sb-esrev1-ctr-9czsx	otelcol_processor_outgoing_items	452463
1781385091	snap	3800	otelcol	otelcol-sb-esrev1-ctr-9czsx	otelcol_process_runtime_heap_alloc_bytes	130886344
1781385091	snap	3800	otelcol	otelcol-sb-esrev1-ctr-9czsx	otelcol_process_cpu_seconds	127
1781385091	snap	3800	otelcol	otelcol-sb-esrev1-ctr-9czsx	otelcol_exporter_queue_batch_send_size_sum	452463
1781385091	snap	3800	otelcol	otelcol-sb-esrev1-ctr-9czsx	otelcol_receiver_failed_spans	0
1781385091	snap	3800	otelcol	otelcol-sb-esrev1-ctr-9czsx	otelcol_process_uptime	865
1781385091	snap	3800	otelcol	otelcol-sb-esrev1-ctr-9czsx	otelcol_process_runtime_total_sys_memory_bytes	220588344
1781385091	snap	3800	otelcol	otelcol-sb-esrev1-ctr-9czsx	otelcol_exporter_send_failed_spans	0
1781385091	snap	3800	otelcol	otelcol-sb-esrev1-ctr-9czsx	otelcol_exporter_queue_capacity	1001
1781385091	snap	3800	otelcol	otelcol-sb-esrev1-ctr-9czsx	otelcol_processor_batch_metadata_cardinality	1
1781385091	snap	3800	otelcol	otelcol-sb-esrev1-ctr-9czsx	otelcol_process_runtime_total_alloc_bytes	5702191016
1781385091	snap	3800	otelcol	otelcol-sb-esrev1-ctr-9czsx	otelcol_processor_batch_timeout_trigger_send	1712
1781385091	snap	3800	otelcol	otelcol-sb-esrev1-ctr-9czsx	otelcol_processor_batch_batch_send_size_sum	452463
1781385091	snap	3800	otelcol	otelcol-sb-esrev1-ctr-9czsx	otelcol_exporter_sent_spans	174055
1781385091	snap	3800	otelcol	otelcol-sb-esrev1-ctr-9czsx	otelcol_exporter_queue_size	814
1781385091	snap	3800	otelcol	otelcol-sb-esrev1-ctr-9czsx	otelcol_receiver_refused_spans	6723054
1781385091	snap	3800	otelcol	otelcol-sb-esrev1-ctr-9czsx	otelcol_processor_incoming_items	7175517
1781385091	snap	3800	otelcol	otelcol-sb-esrev1-ctr-r7tfk	otelcol_processor_batch_batch_send_size_sum	1505390
1781385091	snap	3800	otelcol	otelcol-sb-esrev1-ctr-r7tfk	otelcol_process_uptime	864
1781385091	snap	3800	otelcol	otelcol-sb-esrev1-ctr-r7tfk	otelcol_processor_outgoing_items	1505390
1781385091	snap	3800	otelcol	otelcol-sb-esrev1-ctr-r7tfk	otelcol_exporter_queue_batch_send_size_sum	1505390
1781385091	snap	3800	otelcol	otelcol-sb-esrev1-ctr-r7tfk	otelcol_receiver_failed_spans	0
1781385091	snap	3800	otelcol	otelcol-sb-esrev1-ctr-r7tfk	otelcol_processor_batch_batch_size_trigger_send	16
1781385091	snap	3800	otelcol	otelcol-sb-esrev1-ctr-r7tfk	otelcol_receiver_refused_spans	16621011
1781385091	snap	3800	otelcol	otelcol-sb-esrev1-ctr-r7tfk	otelcol_receiver_accepted_spans	1505390
1781385091	snap	3800	otelcol	otelcol-sb-esrev1-ctr-r7tfk	otelcol_process_cpu_seconds	245
1781385091	snap	3800	otelcol	otelcol-sb-esrev1-ctr-r7tfk	otelcol_processor_batch_metadata_cardinality	1
1781385091	snap	3800	otelcol	otelcol-sb-esrev1-ctr-r7tfk	otelcol_process_runtime_total_alloc_bytes	14008239976
1781385091	snap	3800	otelcol	otelcol-sb-esrev1-ctr-r7tfk	otelcol_process_runtime_heap_alloc_bytes	127333248
1781385091	snap	3800	otelcol	otelcol-sb-esrev1-ctr-r7tfk	otelcol_process_memory_rss	321536000
1781385091	snap	3800	otelcol	otelcol-sb-esrev1-ctr-r7tfk	otelcol_exporter_queue_capacity	1001
1781385091	snap	3800	otelcol	otelcol-sb-esrev1-ctr-r7tfk	otelcol_processor_batch_timeout_trigger_send	958
1781385091	snap	3800	otelcol	otelcol-sb-esrev1-ctr-r7tfk	otelcol_exporter_send_failed_spans	0
1781385091	snap	3800	otelcol	otelcol-sb-esrev1-ctr-r7tfk	otelcol_exporter_sent_spans	1331297
1781385091	snap	3800	otelcol	otelcol-sb-esrev1-ctr-r7tfk	otelcol_exporter_queue_size	103
1781385091	snap	3800	otelcol	otelcol-sb-esrev1-ctr-r7tfk	otelcol_processor_incoming_items	18126401
1781385091	snap	3800	otelcol	otelcol-sb-esrev1-ctr-r7tfk	otelcol_process_runtime_total_sys_memory_bytes	253884744
1781385091	snap	3800	otelcol	otelcol-sb-esrev1-ctr-srbgp	otelcol_processor_batch_batch_send_size_sum	549519
1781385091	snap	3800	otelcol	otelcol-sb-esrev1-ctr-srbgp	otelcol_exporter_sent_spans	290596
1781385091	snap	3800	otelcol	otelcol-sb-esrev1-ctr-srbgp	otelcol_exporter_queue_size	788
1781385091	snap	3800	otelcol	otelcol-sb-esrev1-ctr-srbgp	otelcol_exporter_queue_capacity	1001
1781385091	snap	3800	otelcol	otelcol-sb-esrev1-ctr-srbgp	otelcol_processor_incoming_items	5153881
1781385091	snap	3800	otelcol	otelcol-sb-esrev1-ctr-srbgp	otelcol_receiver_failed_spans	0
1781385091	snap	3800	otelcol	otelcol-sb-esrev1-ctr-srbgp	otelcol_processor_outgoing_items	549519
1781385091	snap	3800	otelcol	otelcol-sb-esrev1-ctr-srbgp	otelcol_process_runtime_heap_alloc_bytes	130020792
1781385091	snap	3800	otelcol	otelcol-sb-esrev1-ctr-srbgp	otelcol_processor_batch_metadata_cardinality	1
1781385091	snap	3800	otelcol	otelcol-sb-esrev1-ctr-srbgp	otelcol_receiver_refused_spans	4604362
1781385091	snap	3800	otelcol	otelcol-sb-esrev1-ctr-srbgp	otelcol_processor_batch_timeout_trigger_send	1857
1781385091	snap	3800	otelcol	otelcol-sb-esrev1-ctr-srbgp	otelcol_process_runtime_total_sys_memory_bytes	215607608
1781385091	snap	3800	otelcol	otelcol-sb-esrev1-ctr-srbgp	otelcol_process_cpu_seconds	88
1781385091	snap	3800	otelcol	otelcol-sb-esrev1-ctr-srbgp	otelcol_exporter_queue_batch_send_size_sum	549519
1781385091	snap	3800	otelcol	otelcol-sb-esrev1-ctr-srbgp	otelcol_process_runtime_total_alloc_bytes	4164567176
1781385091	snap	3800	otelcol	otelcol-sb-esrev1-ctr-srbgp	otelcol_process_memory_rss	319012864
1781385091	snap	3800	otelcol	otelcol-sb-esrev1-ctr-srbgp	otelcol_process_uptime	866
1781385091	snap	3800	otelcol	otelcol-sb-esrev1-ctr-srbgp	otelcol_receiver_accepted_spans	549519
1781385091	snap	3800	otelcol	otelcol-sb-esrev1-ctr-srbgp	otelcol_exporter_send_failed_spans	0
1781385091	snap	3800	otelcol	otelcol-sb-esrev1-ctr-j2cng	otelcol_processor_incoming_items	4669861
1781385091	snap	3800	otelcol	otelcol-sb-esrev1-ctr-j2cng	otelcol_exporter_queue_capacity	1001
1781385091	snap	3800	otelcol	otelcol-sb-esrev1-ctr-j2cng	otelcol_process_memory_rss	324349952
1781385091	snap	3800	otelcol	otelcol-sb-esrev1-ctr-j2cng	otelcol_processor_outgoing_items	463215
1781385091	snap	3800	otelcol	otelcol-sb-esrev1-ctr-j2cng	otelcol_receiver_refused_spans	4206646
1781385091	snap	3800	otelcol	otelcol-sb-esrev1-ctr-j2cng	otelcol_process_cpu_seconds	82
1781385091	snap	3800	otelcol	otelcol-sb-esrev1-ctr-j2cng	otelcol_exporter_queue_batch_send_size_sum	463215
1781385091	snap	3800	otelcol	otelcol-sb-esrev1-ctr-j2cng	otelcol_exporter_sent_spans	184541
1781385091	snap	3800	otelcol	otelcol-sb-esrev1-ctr-j2cng	otelcol_exporter_send_failed_spans	0
1781385091	snap	3800	otelcol	otelcol-sb-esrev1-ctr-j2cng	otelcol_process_runtime_total_alloc_bytes	3796996952
1781385091	snap	3800	otelcol	otelcol-sb-esrev1-ctr-j2cng	otelcol_processor_batch_batch_send_size_sum	463215
1781385091	snap	3800	otelcol	otelcol-sb-esrev1-ctr-j2cng	otelcol_receiver_failed_spans	0
1781385091	snap	3800	otelcol	otelcol-sb-esrev1-ctr-j2cng	otelcol_process_runtime_heap_alloc_bytes	135675896
1781385091	snap	3800	otelcol	otelcol-sb-esrev1-ctr-j2cng	otelcol_processor_batch_metadata_cardinality	1
1781385091	snap	3800	otelcol	otelcol-sb-esrev1-ctr-j2cng	otelcol_process_uptime	865
1781385091	snap	3800	otelcol	otelcol-sb-esrev1-ctr-j2cng	otelcol_process_runtime_total_sys_memory_bytes	216197432
1781385091	snap	3800	otelcol	otelcol-sb-esrev1-ctr-j2cng	otelcol_exporter_queue_size	853
1781385091	snap	3800	otelcol	otelcol-sb-esrev1-ctr-j2cng	otelcol_receiver_accepted_spans	463215
1781385091	snap	3800	otelcol	otelcol-sb-esrev1-ctr-j2cng	otelcol_processor_batch_timeout_trigger_send	1772
1781385091	snap	3800	otelcol	otelcol-sb-esrev1-ctr-z4fxx	otelcol_receiver_failed_spans	0
1781385091	snap	3800	otelcol	otelcol-sb-esrev1-ctr-z4fxx	otelcol_processor_batch_batch_send_size_sum	666236
1781385091	snap	3800	otelcol	otelcol-sb-esrev1-ctr-z4fxx	otelcol_exporter_send_failed_spans	0
1781385091	snap	3800	otelcol	otelcol-sb-esrev1-ctr-z4fxx	otelcol_processor_incoming_items	11304321
1781385091	snap	3800	otelcol	otelcol-sb-esrev1-ctr-z4fxx	otelcol_exporter_queue_size	578
1781385091	snap	3800	otelcol	otelcol-sb-esrev1-ctr-z4fxx	otelcol_receiver_accepted_spans	666236
1781385091	snap	3800	otelcol	otelcol-sb-esrev1-ctr-z4fxx	otelcol_processor_batch_metadata_cardinality	1
1781385091	snap	3800	otelcol	otelcol-sb-esrev1-ctr-z4fxx	otelcol_process_runtime_total_alloc_bytes	8395913056
1781385091	snap	3800	otelcol	otelcol-sb-esrev1-ctr-z4fxx	otelcol_process_memory_rss	320561152
1781385091	snap	3800	otelcol	otelcol-sb-esrev1-ctr-z4fxx	otelcol_processor_batch_timeout_trigger_send	1526
1781385091	snap	3800	otelcol	otelcol-sb-esrev1-ctr-z4fxx	otelcol_receiver_refused_spans	10638085
1781385091	snap	3800	otelcol	otelcol-sb-esrev1-ctr-z4fxx	otelcol_process_runtime_total_sys_memory_bytes	224586040
1781385091	snap	3800	otelcol	otelcol-sb-esrev1-ctr-z4fxx	otelcol_exporter_queue_capacity	1001
1781385091	snap	3800	otelcol	otelcol-sb-esrev1-ctr-z4fxx	otelcol_processor_outgoing_items	666236
1781385091	snap	3800	otelcol	otelcol-sb-esrev1-ctr-z4fxx	otelcol_process_uptime	865
1781385091	snap	3800	otelcol	otelcol-sb-esrev1-ctr-z4fxx	otelcol_process_runtime_heap_alloc_bytes	132084064
1781385091	snap	3800	otelcol	otelcol-sb-esrev1-ctr-z4fxx	otelcol_process_cpu_seconds	159
1781385091	snap	3800	otelcol	otelcol-sb-esrev1-ctr-z4fxx	otelcol_exporter_sent_spans	391995
1781385091	snap	3800	otelcol	otelcol-sb-esrev1-ctr-z4fxx	otelcol_exporter_queue_batch_send_size_sum	666236
1781385091	snap	3800	otelcol	otelcol-sb-esrev1-ctr-bdbcb	otelcol_processor_incoming_items	3883703
1781385091	snap	3800	otelcol	otelcol-sb-esrev1-ctr-bdbcb	otelcol_processor_batch_batch_send_size_sum	473442
1781385091	snap	3800	otelcol	otelcol-sb-esrev1-ctr-bdbcb	otelcol_process_uptime	864
1781385091	snap	3800	otelcol	otelcol-sb-esrev1-ctr-bdbcb	otelcol_receiver_accepted_spans	473442
1781385091	snap	3800	otelcol	otelcol-sb-esrev1-ctr-bdbcb	otelcol_process_memory_rss	321363968
1781385091	snap	3800	otelcol	otelcol-sb-esrev1-ctr-bdbcb	otelcol_process_cpu_seconds	79
1781385091	snap	3800	otelcol	otelcol-sb-esrev1-ctr-bdbcb	otelcol_receiver_refused_spans	3410261
1781385091	snap	3800	otelcol	otelcol-sb-esrev1-ctr-bdbcb	otelcol_exporter_sent_spans	196388
1781385091	snap	3800	otelcol	otelcol-sb-esrev1-ctr-bdbcb	otelcol_exporter_queue_capacity	1001
1781385091	snap	3800	otelcol	otelcol-sb-esrev1-ctr-bdbcb	otelcol_exporter_queue_batch_send_size_sum	473442
1781385091	snap	3800	otelcol	otelcol-sb-esrev1-ctr-bdbcb	otelcol_process_runtime_total_sys_memory_bytes	224651576
1781385091	snap	3800	otelcol	otelcol-sb-esrev1-ctr-bdbcb	otelcol_processor_outgoing_items	473442
1781385091	snap	3800	otelcol	otelcol-sb-esrev1-ctr-bdbcb	otelcol_process_runtime_heap_alloc_bytes	132823336
1781385091	snap	3800	otelcol	otelcol-sb-esrev1-ctr-bdbcb	otelcol_processor_batch_metadata_cardinality	1
1781385091	snap	3800	otelcol	otelcol-sb-esrev1-ctr-bdbcb	otelcol_process_runtime_total_alloc_bytes	3331646608
1781385091	snap	3800	otelcol	otelcol-sb-esrev1-ctr-bdbcb	otelcol_exporter_queue_size	856
1781385091	snap	3800	otelcol	otelcol-sb-esrev1-ctr-bdbcb	otelcol_processor_batch_timeout_trigger_send	1803
1781385091	snap	3800	otelcol	otelcol-sb-esrev1-ctr-bdbcb	otelcol_exporter_send_failed_spans	0
1781385091	snap	3800	otelcol	otelcol-sb-esrev1-ctr-bdbcb	otelcol_receiver_failed_spans	0
1781385091	snap	3800	otelcol	otelcol-sb-esrev1-ctr-zjs5l	otelcol_receiver_refused_spans	18914169
1781385091	snap	3800	otelcol	otelcol-sb-esrev1-ctr-zjs5l	otelcol_processor_batch_timeout_trigger_send	1659
1781385091	snap	3800	otelcol	otelcol-sb-esrev1-ctr-zjs5l	otelcol_exporter_sent_spans	678698
1781385091	snap	3800	otelcol	otelcol-sb-esrev1-ctr-zjs5l	otelcol_receiver_failed_spans	0
1781385091	snap	3800	otelcol	otelcol-sb-esrev1-ctr-zjs5l	otelcol_process_runtime_total_sys_memory_bytes	220457272
1781385091	snap	3800	otelcol	otelcol-sb-esrev1-ctr-zjs5l	otelcol_process_uptime	864
1781385091	snap	3800	otelcol	otelcol-sb-esrev1-ctr-zjs5l	otelcol_exporter_queue_size	607
1781385091	snap	3800	otelcol	otelcol-sb-esrev1-ctr-zjs5l	otelcol_receiver_accepted_spans	919457
1781385091	snap	3800	otelcol	otelcol-sb-esrev1-ctr-zjs5l	otelcol_process_runtime_total_alloc_bytes	12896438584
1781385091	snap	3800	otelcol	otelcol-sb-esrev1-ctr-zjs5l	otelcol_process_runtime_heap_alloc_bytes	134496336
1781385091	snap	3800	otelcol	otelcol-sb-esrev1-ctr-zjs5l	otelcol_processor_batch_batch_send_size_sum	919457
1781385091	snap	3800	otelcol	otelcol-sb-esrev1-ctr-zjs5l	otelcol_process_memory_rss	325050368
1781385091	snap	3800	otelcol	otelcol-sb-esrev1-ctr-zjs5l	otelcol_exporter_queue_capacity	1001
1781385091	snap	3800	otelcol	otelcol-sb-esrev1-ctr-zjs5l	otelcol_exporter_queue_batch_send_size_sum	919457
1781385091	snap	3800	otelcol	otelcol-sb-esrev1-ctr-zjs5l	otelcol_processor_incoming_items	19833626
1781385091	snap	3800	otelcol	otelcol-sb-esrev1-ctr-zjs5l	otelcol_processor_outgoing_items	919457
1781385091	snap	3800	otelcol	otelcol-sb-esrev1-ctr-zjs5l	otelcol_processor_batch_metadata_cardinality	1
1781385091	snap	3800	otelcol	otelcol-sb-esrev1-ctr-zjs5l	otelcol_process_cpu_seconds	187
1781385091	snap	3800	otelcol	otelcol-sb-esrev1-ctr-zjs5l	otelcol_exporter_send_failed_spans	0
1781385091	snap	3800	otelcol	otelcol-sb-esrev1-ctr-mqr25	otelcol_processor_batch_timeout_trigger_send	1422
1781385091	snap	3800	otelcol	otelcol-sb-esrev1-ctr-mqr25	otelcol_exporter_queue_size	421
1781385091	snap	3800	otelcol	otelcol-sb-esrev1-ctr-mqr25	otelcol_processor_incoming_items	19542334
1781385091	snap	3800	otelcol	otelcol-sb-esrev1-ctr-mqr25	otelcol_processor_batch_batch_send_size_sum	776601
1781385091	snap	3800	otelcol	otelcol-sb-esrev1-ctr-mqr25	otelcol_process_runtime_heap_alloc_bytes	125389752
1781385091	snap	3800	otelcol	otelcol-sb-esrev1-ctr-mqr25	otelcol_processor_outgoing_items	776601
1781385091	snap	3800	otelcol	otelcol-sb-esrev1-ctr-mqr25	otelcol_process_runtime_total_alloc_bytes	15154523688
1781385091	snap	3800	otelcol	otelcol-sb-esrev1-ctr-mqr25	otelcol_exporter_send_failed_spans	0
1781385091	snap	3800	otelcol	otelcol-sb-esrev1-ctr-mqr25	otelcol_receiver_failed_spans	0
1781385091	snap	3800	otelcol	otelcol-sb-esrev1-ctr-mqr25	otelcol_process_memory_rss	321286144
1781385091	snap	3800	otelcol	otelcol-sb-esrev1-ctr-mqr25	otelcol_process_cpu_seconds	249
1781385091	snap	3800	otelcol	otelcol-sb-esrev1-ctr-mqr25	otelcol_processor_batch_metadata_cardinality	1
1781385091	snap	3800	otelcol	otelcol-sb-esrev1-ctr-mqr25	otelcol_process_uptime	865
1781385091	snap	3800	otelcol	otelcol-sb-esrev1-ctr-mqr25	otelcol_exporter_sent_spans	536733
1781385091	snap	3800	otelcol	otelcol-sb-esrev1-ctr-mqr25	otelcol_exporter_queue_batch_send_size_sum	776601
1781385091	snap	3800	otelcol	otelcol-sb-esrev1-ctr-mqr25	otelcol_receiver_refused_spans	18765733
1781385091	snap	3800	otelcol	otelcol-sb-esrev1-ctr-mqr25	otelcol_process_runtime_total_sys_memory_bytes	225634616
1781385091	snap	3800	otelcol	otelcol-sb-esrev1-ctr-mqr25	otelcol_receiver_accepted_spans	776601
1781385091	snap	3800	otelcol	otelcol-sb-esrev1-ctr-mqr25	otelcol_exporter_queue_capacity	1001
1781385091	snap	3800	otelcol	otelcol-sb-esrev1-ctr-j7lcx	otelcol_processor_batch_metadata_cardinality	1
1781385091	snap	3800	otelcol	otelcol-sb-esrev1-ctr-j7lcx	otelcol_process_runtime_total_alloc_bytes	45915072
1781385091	snap	3800	otelcol	otelcol-sb-esrev1-ctr-j7lcx	otelcol_process_cpu_seconds	6
1781385091	snap	3800	otelcol	otelcol-sb-esrev1-ctr-j7lcx	otelcol_process_runtime_heap_alloc_bytes	18467888
1781385091	snap	3800	otelcol	otelcol-sb-esrev1-ctr-j7lcx	otelcol_process_memory_rss	182956032
1781385091	snap	3800	otelcol	otelcol-sb-esrev1-ctr-j7lcx	otelcol_process_uptime	863
1781385091	snap	3800	otelcol	otelcol-sb-esrev1-ctr-j7lcx	otelcol_process_runtime_total_sys_memory_bytes	44546312
1781385091	snap	3800	otelcol	otelcol-sb-esrev1-ctr-j7lcx	otelcol_exporter_queue_size	0
1781385091	snap	3800	otelcol	otelcol-sb-esrev1-ctr-j7lcx	otelcol_exporter_queue_capacity	1001
1781385091	snap	3800	k8s	otelcol-sb-esrev1-ctr-9czsx	restart_count	0
1781385091	snap	3800	k8s	otelcol-sb-esrev1-ctr-bdbcb	restart_count	0
1781385091	snap	3800	k8s	otelcol-sb-esrev1-ctr-j2cng	restart_count	0
1781385091	snap	3800	k8s	otelcol-sb-esrev1-ctr-j7lcx	restart_count	0
1781385091	snap	3800	k8s	otelcol-sb-esrev1-ctr-mqr25	restart_count	0
1781385091	snap	3800	k8s	otelcol-sb-esrev1-ctr-r7tfk	restart_count	0
1781385091	snap	3800	k8s	otelcol-sb-esrev1-ctr-srbgp	restart_count	0
1781385091	snap	3800	k8s	otelcol-sb-esrev1-ctr-z4fxx	restart_count	0
1781385091	snap	3800	k8s	otelcol-sb-esrev1-ctr-zjs5l	restart_count	0
1781385091	snap	3800	sdk	wrk2api	spans_received	1338481
1781385091	snap	3800	sdk	wrk2api	spans_sent	471896
1781385091	snap	3800	sdk	wrk2api	spans_dropped	0
1781385091	snap	3800	sdk	wrk2api	spans_flushed	1338481
1781385091	snap	3800	sdk	wrk2api	batches_sent	4696
1781385091	snap	3800	sdk	wrk2api	batches_dropped	0
1781385091	snap	3800	sdk	wrk2api	send_unavailable	0
1781385091	snap	3800	sdk	wrk2api	send_deadline	0
1781385091	snap	3800	sdk	wrk2api	send_exhausted	0
1781385091	snap	3800	sdk	wrk2api	send_canceled	0
1781385091	snap	3800	sdk	wrk2api	send_other	0
1781385091	snap	3800	sdk	wrk2api	buffer_depth	0
0
1781385091	snap	3800	sdk	wrk2api	cp_received	628375
1781385091	snap	3800	sdk	wrk2api	lp_received	710106
1781385091	snap	3800	sdk	wrk2api	cp_sent	293954
1781385091	snap	3800	sdk	wrk2api	lp_sent	177942
1781385091	snap	3800	sdk	wrk2api	cp_dropped	0
1781385091	snap	3800	sdk	wrk2api	lp_dropped	0
1781385091	snap	3800	sdk	composepost	spans_received	5365053
1781385091	snap	3800	sdk	composepost	spans_sent	1292504
1781385091	snap	3800	sdk	composepost	spans_dropped	0
1781385091	snap	3800	sdk	composepost	spans_flushed	5365053
1781385091	snap	3800	sdk	composepost	batches_sent	14563
1781385091	snap	3800	sdk	composepost	batches_dropped	0
1781385091	snap	3800	sdk	composepost	send_unavailable	0
1781385091	snap	3800	sdk	composepost	send_deadline	0
1781385091	snap	3800	sdk	composepost	send_exhausted	0
1781385091	snap	3800	sdk	composepost	send_canceled	0
1781385091	snap	3800	sdk	composepost	send_other	0
1781385091	snap	3800	sdk	composepost	buffer_depth	0
0
1781385091	snap	3800	sdk	composepost	cp_received	4708053
1781385091	snap	3800	sdk	composepost	lp_received	657000
1781385091	snap	3800	sdk	composepost	cp_sent	1215527
1781385091	snap	3800	sdk	composepost	lp_sent	76977
1781385091	snap	3800	sdk	composepost	cp_dropped	0
1781385091	snap	3800	sdk	composepost	lp_dropped	0
1781385091	snap	3800	sdk	hometimeline	spans_received	1173556
1781385091	snap	3800	sdk	hometimeline	spans_sent	153642
1781385091	snap	3800	sdk	hometimeline	spans_dropped	0
1781385091	snap	3800	sdk	hometimeline	spans_flushed	1173556
1781385091	snap	3800	sdk	hometimeline	batches_sent	2660
1781385091	snap	3800	sdk	hometimeline	batches_dropped	0
1781385091	snap	3800	sdk	hometimeline	send_unavailable	0
1781385091	snap	3800	sdk	hometimeline	send_deadline	0
1781385091	snap	3800	sdk	hometimeline	send_exhausted	0
1781385091	snap	3800	sdk	hometimeline	send_canceled	0
1781385091	snap	3800	sdk	hometimeline	send_other	0
1781385091	snap	3800	sdk	hometimeline	buffer_depth	0
0
1781385091	snap	3800	sdk	hometimeline	cp_received	0
1781385091	snap	3800	sdk	hometimeline	lp_received	1173556
1781385091	snap	3800	sdk	hometimeline	cp_sent	0
1781385091	snap	3800	sdk	hometimeline	lp_sent	153642
1781385091	snap	3800	sdk	hometimeline	cp_dropped	0
1781385091	snap	3800	sdk	hometimeline	lp_dropped	0
1781385091	snap	3800	sdk	media	spans_received	646619
1781385091	snap	3800	sdk	media	spans_sent	488783
1781385091	snap	3800	sdk	media	spans_dropped	0
1781385091	snap	3800	sdk	media	spans_flushed	646619
1781385091	snap	3800	sdk	media	batches_sent	3662
1781385091	snap	3800	sdk	media	batches_dropped	0
1781385091	snap	3800	sdk	media	send_unavailable	0
1781385091	snap	3800	sdk	media	send_deadline	0
1781385091	snap	3800	sdk	media	send_exhausted	0
1781385091	snap	3800	sdk	media	send_canceled	0
1781385091	snap	3800	sdk	media	send_other	0
1781385091	snap	3800	sdk	media	buffer_depth	0
0
1781385091	snap	3800	sdk	media	cp_received	646619
1781385091	snap	3800	sdk	media	lp_received	0
1781385091	snap	3800	sdk	media	cp_sent	488783
1781385091	snap	3800	sdk	media	lp_sent	0
1781385091	snap	3800	sdk	media	cp_dropped	0
1781385091	snap	3800	sdk	media	lp_dropped	0
1781385091	snap	3800	sdk	post-storage	spans_received	583658
1781385091	snap	3800	sdk	post-storage	spans_sent	473029
1781385091	snap	3800	sdk	post-storage	spans_dropped	0
1781385091	snap	3800	sdk	post-storage	spans_flushed	583658
1781385091	snap	3800	sdk	post-storage	batches_sent	3447
1781385091	snap	3800	sdk	post-storage	batches_dropped	0
1781385091	snap	3800	sdk	post-storage	send_unavailable	0
1781385091	snap	3800	sdk	post-storage	send_deadline	0
1781385091	snap	3800	sdk	post-storage	send_exhausted	0
1781385091	snap	3800	sdk	post-storage	send_canceled	0
1781385091	snap	3800	sdk	post-storage	send_other	0
1781385091	snap	3800	sdk	post-storage	buffer_depth	0
0
1781385091	snap	3800	sdk	post-storage	cp_received	583658
1781385091	snap	3800	sdk	post-storage	lp_received	0
1781385091	snap	3800	sdk	post-storage	cp_sent	473029
1781385091	snap	3800	sdk	post-storage	lp_sent	0
1781385091	snap	3800	sdk	post-storage	cp_dropped	0
1781385091	snap	3800	sdk	post-storage	lp_dropped	0
1781385091	snap	3800	sdk	socialgraph	spans_received	695598
1781385091	snap	3800	sdk	socialgraph	spans_sent	549337
1781385091	snap	3800	sdk	socialgraph	spans_dropped	0
1781385091	snap	3800	sdk	socialgraph	spans_flushed	695598
1781385091	snap	3800	sdk	socialgraph	batches_sent	3760
1781385091	snap	3800	sdk	socialgraph	batches_dropped	0
1781385091	snap	3800	sdk	socialgraph	send_unavailable	0
1781385091	snap	3800	sdk	socialgraph	send_deadline	0
1781385091	snap	3800	sdk	socialgraph	send_exhausted	0
1781385091	snap	3800	sdk	socialgraph	send_canceled	0
1781385091	snap	3800	sdk	socialgraph	send_other	0
1781385091	snap	3800	sdk	socialgraph	buffer_depth	0
0
1781385091	snap	3800	sdk	socialgraph	cp_received	657974
1781385091	snap	3800	sdk	socialgraph	lp_received	37624
1781385091	snap	3800	sdk	socialgraph	cp_sent	511713
1781385091	snap	3800	sdk	socialgraph	lp_sent	37624
1781385091	snap	3800	sdk	socialgraph	cp_dropped	0
1781385091	snap	3800	sdk	socialgraph	lp_dropped	0
1781385091	snap	3800	sdk	text	spans_received	1995976
1781385091	snap	3800	sdk	text	spans_sent	352749
1781385091	snap	3800	sdk	text	spans_dropped	0
1781385091	snap	3800	sdk	text	spans_flushed	1995976
1781385091	snap	3800	sdk	text	batches_sent	4602
1781385091	snap	3800	sdk	text	batches_dropped	0
1781385091	snap	3800	sdk	text	send_unavailable	0
1781385091	snap	3800	sdk	text	send_deadline	0
1781385091	snap	3800	sdk	text	send_exhausted	0
1781385091	snap	3800	sdk	text	send_canceled	0
1781385091	snap	3800	sdk	text	send_other	0
1781385091	snap	3800	sdk	text	buffer_depth	0
0
1781385091	snap	3800	sdk	text	cp_received	0
1781385091	snap	3800	sdk	text	lp_received	1995976
1781385091	snap	3800	sdk	text	cp_sent	0
1781385091	snap	3800	sdk	text	lp_sent	352749
1781385091	snap	3800	sdk	text	cp_dropped	0
1781385091	snap	3800	sdk	text	lp_dropped	0
1781385091	snap	3800	sdk	uniqueid	spans_received	646759
1781385091	snap	3800	sdk	uniqueid	spans_sent	337088
1781385091	snap	3800	sdk	uniqueid	spans_dropped	0
1781385091	snap	3800	sdk	uniqueid	spans_flushed	646759
1781385091	snap	3800	sdk	uniqueid	batches_sent	2781
1781385091	snap	3800	sdk	uniqueid	batches_dropped	0
1781385091	snap	3800	sdk	uniqueid	send_unavailable	0
1781385091	snap	3800	sdk	uniqueid	send_deadline	0
1781385091	snap	3800	sdk	uniqueid	send_exhausted	0
1781385091	snap	3800	sdk	uniqueid	send_canceled	0
1781385091	snap	3800	sdk	uniqueid	send_other	0
1781385091	snap	3800	sdk	uniqueid	buffer_depth	0
0
1781385091	snap	3800	sdk	uniqueid	cp_received	646759
1781385091	snap	3800	sdk	uniqueid	lp_received	0
1781385091	snap	3800	sdk	uniqueid	cp_sent	337088
1781385091	snap	3800	sdk	uniqueid	lp_sent	0
1781385091	snap	3800	sdk	uniqueid	cp_dropped	0
1781385091	snap	3800	sdk	uniqueid	lp_dropped	0
1781385091	snap	3800	sdk	urlshorten	spans_received	637235
1781385091	snap	3800	sdk	urlshorten	spans_sent	452085
1781385091	snap	3800	sdk	urlshorten	spans_dropped	0
1781385091	snap	3800	sdk	urlshorten	spans_flushed	637235
1781385091	snap	3800	sdk	urlshorten	batches_sent	3263
1781385091	snap	3800	sdk	urlshorten	batches_dropped	0
1781385091	snap	3800	sdk	urlshorten	send_unavailable	0
1781385091	snap	3800	sdk	urlshorten	send_deadline	0
1781385091	snap	3800	sdk	urlshorten	send_exhausted	0
1781385091	snap	3800	sdk	urlshorten	send_canceled	0
1781385091	snap	3800	sdk	urlshorten	send_other	0
1781385091	snap	3800	sdk	urlshorten	buffer_depth	0
0
1781385091	snap	3800	sdk	urlshorten	cp_received	637235
1781385091	snap	3800	sdk	urlshorten	lp_received	0
1781385091	snap	3800	sdk	urlshorten	cp_sent	452085
1781385091	snap	3800	sdk	urlshorten	lp_sent	0
1781385091	snap	3800	sdk	urlshorten	cp_dropped	0
1781385091	snap	3800	sdk	urlshorten	lp_dropped	0
1781385091	snap	3800	sdk	user	spans_received	650577
1781385091	snap	3800	sdk	user	spans_sent	300819
1781385091	snap	3800	sdk	user	spans_dropped	0
1781385091	snap	3800	sdk	user	spans_flushed	650577
1781385091	snap	3800	sdk	user	batches_sent	2637
1781385091	snap	3800	sdk	user	batches_dropped	0
1781385091	snap	3800	sdk	user	send_unavailable	0
1781385091	snap	3800	sdk	user	send_deadline	0
1781385091	snap	3800	sdk	user	send_exhausted	0
1781385091	snap	3800	sdk	user	send_canceled	0
1781385091	snap	3800	sdk	user	send_other	0
1781385091	snap	3800	sdk	user	buffer_depth	0
0
1781385091	snap	3800	sdk	user	cp_received	649615
1781385091	snap	3800	sdk	user	lp_received	962
1781385091	snap	3800	sdk	user	cp_sent	299857
1781385091	snap	3800	sdk	user	lp_sent	962
1781385091	snap	3800	sdk	user	cp_dropped	0
1781385091	snap	3800	sdk	user	lp_dropped	0
1781385091	snap	3800	sdk	userid	spans_received	75248
1781385091	snap	3800	sdk	userid	spans_sent	75248
1781385091	snap	3800	sdk	userid	spans_dropped	0
1781385091	snap	3800	sdk	userid	spans_flushed	75248
1781385091	snap	3800	sdk	userid	batches_sent	250
1781385091	snap	3800	sdk	userid	batches_dropped	0
1781385091	snap	3800	sdk	userid	send_unavailable	0
1781385091	snap	3800	sdk	userid	send_deadline	0
1781385091	snap	3800	sdk	userid	send_exhausted	0
1781385091	snap	3800	sdk	userid	send_canceled	0
1781385091	snap	3800	sdk	userid	send_other	0
1781385091	snap	3800	sdk	userid	buffer_depth	0
0
1781385091	snap	3800	sdk	userid	cp_received	75248
1781385091	snap	3800	sdk	userid	lp_received	0
1781385091	snap	3800	sdk	userid	cp_sent	75248
1781385091	snap	3800	sdk	userid	lp_sent	0
1781385091	snap	3800	sdk	userid	cp_dropped	0
1781385091	snap	3800	sdk	userid	lp_dropped	0
1781385091	snap	3800	sdk	usermention	spans_received	637795
1781385091	snap	3800	sdk	usermention	spans_sent	327578
1781385091	snap	3800	sdk	usermention	spans_dropped	0
1781385091	snap	3800	sdk	usermention	spans_flushed	637795
1781385091	snap	3800	sdk	usermention	batches_sent	2731
1781385091	snap	3800	sdk	usermention	batches_dropped	0
1781385091	snap	3800	sdk	usermention	send_unavailable	0
1781385091	snap	3800	sdk	usermention	send_deadline	0
1781385091	snap	3800	sdk	usermention	send_exhausted	0
1781385091	snap	3800	sdk	usermention	send_canceled	0
1781385091	snap	3800	sdk	usermention	send_other	0
1781385091	snap	3800	sdk	usermention	buffer_depth	0
0
1781385091	snap	3800	sdk	usermention	cp_received	637795
1781385091	snap	3800	sdk	usermention	lp_received	0
1781385091	snap	3800	sdk	usermention	cp_sent	327578
1781385091	snap	3800	sdk	usermention	lp_sent	0
1781385091	snap	3800	sdk	usermention	cp_dropped	0
1781385091	snap	3800	sdk	usermention	lp_dropped	0
1781385091	snap	3800	sdk	usertimeline	spans_received	583216
1781385091	snap	3800	sdk	usertimeline	spans_sent	463215
1781385091	snap	3800	sdk	usertimeline	spans_dropped	0
1781385091	snap	3800	sdk	usertimeline	spans_flushed	583216
1781385091	snap	3800	sdk	usertimeline	batches_sent	3420
1781385091	snap	3800	sdk	usertimeline	batches_dropped	0
1781385091	snap	3800	sdk	usertimeline	send_unavailable	0
1781385091	snap	3800	sdk	usertimeline	send_deadline	0
1781385091	snap	3800	sdk	usertimeline	send_exhausted	0
1781385091	snap	3800	sdk	usertimeline	send_canceled	0
1781385091	snap	3800	sdk	usertimeline	send_other	0
1781385091	snap	3800	sdk	usertimeline	buffer_depth	0
0
1781385091	snap	3800	sdk	usertimeline	cp_received	583216
1781385091	snap	3800	sdk	usertimeline	lp_received	0
1781385091	snap	3800	sdk	usertimeline	cp_sent	463215
1781385091	snap	3800	sdk	usertimeline	lp_sent	0
1781385091	snap	3800	sdk	usertimeline	cp_dropped	0
1781385091	snap	3800	sdk	usertimeline	lp_dropped	0
1781385158	snap	3800	otelcol	otelcol-sb-esrev1-ctr-9czsx	otelcol_process_memory_rss	324857856
1781385158	snap	3800	otelcol	otelcol-sb-esrev1-ctr-9czsx	otelcol_receiver_accepted_spans	466137
1781385158	snap	3800	otelcol	otelcol-sb-esrev1-ctr-9czsx	otelcol_processor_outgoing_items	466137
1781385158	snap	3800	otelcol	otelcol-sb-esrev1-ctr-9czsx	otelcol_process_runtime_heap_alloc_bytes	143758808
1781385158	snap	3800	otelcol	otelcol-sb-esrev1-ctr-9czsx	otelcol_process_cpu_seconds	141
1781385158	snap	3800	otelcol	otelcol-sb-esrev1-ctr-9czsx	otelcol_exporter_queue_batch_send_size_sum	466137
1781385158	snap	3800	otelcol	otelcol-sb-esrev1-ctr-9czsx	otelcol_receiver_failed_spans	0
1781385158	snap	3800	otelcol	otelcol-sb-esrev1-ctr-9czsx	otelcol_process_uptime	933
1781385158	snap	3800	otelcol	otelcol-sb-esrev1-ctr-9czsx	otelcol_process_runtime_total_sys_memory_bytes	220588344
1781385158	snap	3800	otelcol	otelcol-sb-esrev1-ctr-9czsx	otelcol_exporter_send_failed_spans	0
1781385158	snap	3800	otelcol	otelcol-sb-esrev1-ctr-9czsx	otelcol_exporter_queue_capacity	1001
1781385158	snap	3800	otelcol	otelcol-sb-esrev1-ctr-9czsx	otelcol_processor_batch_metadata_cardinality	1
1781385158	snap	3800	otelcol	otelcol-sb-esrev1-ctr-9czsx	otelcol_process_runtime_total_alloc_bytes	6308338904
1781385158	snap	3800	otelcol	otelcol-sb-esrev1-ctr-9czsx	otelcol_processor_batch_timeout_trigger_send	1759
1781385158	snap	3800	otelcol	otelcol-sb-esrev1-ctr-9czsx	otelcol_processor_batch_batch_send_size_sum	466137
1781385158	snap	3800	otelcol	otelcol-sb-esrev1-ctr-9czsx	otelcol_exporter_sent_spans	196451
1781385158	snap	3800	otelcol	otelcol-sb-esrev1-ctr-9czsx	otelcol_exporter_queue_size	810
1781385158	snap	3800	otelcol	otelcol-sb-esrev1-ctr-9czsx	otelcol_receiver_refused_spans	7487178
1781385158	snap	3800	otelcol	otelcol-sb-esrev1-ctr-9czsx	otelcol_processor_incoming_items	7953315
1781385158	snap	3800	otelcol	otelcol-sb-esrev1-ctr-r7tfk	otelcol_processor_batch_batch_send_size_sum	1566126
1781385158	snap	3800	otelcol	otelcol-sb-esrev1-ctr-r7tfk	otelcol_process_uptime	931
1781385158	snap	3800	otelcol	otelcol-sb-esrev1-ctr-r7tfk	otelcol_processor_outgoing_items	1566126
1781385158	snap	3800	otelcol	otelcol-sb-esrev1-ctr-r7tfk	otelcol_exporter_queue_batch_send_size_sum	1566126
1781385158	snap	3800	otelcol	otelcol-sb-esrev1-ctr-r7tfk	otelcol_receiver_failed_spans	0
1781385158	snap	3800	otelcol	otelcol-sb-esrev1-ctr-r7tfk	otelcol_processor_batch_batch_size_trigger_send	16
1781385158	snap	3800	otelcol	otelcol-sb-esrev1-ctr-r7tfk	otelcol_receiver_refused_spans	17275723
1781385158	snap	3800	otelcol	otelcol-sb-esrev1-ctr-r7tfk	otelcol_receiver_accepted_spans	1566126
1781385158	snap	3800	otelcol	otelcol-sb-esrev1-ctr-r7tfk	otelcol_process_cpu_seconds	262
1781385158	snap	3800	otelcol	otelcol-sb-esrev1-ctr-r7tfk	otelcol_processor_batch_metadata_cardinality	1
1781385158	snap	3800	otelcol	otelcol-sb-esrev1-ctr-r7tfk	otelcol_process_runtime_total_alloc_bytes	14758163776
1781385158	snap	3800	otelcol	otelcol-sb-esrev1-ctr-r7tfk	otelcol_process_runtime_heap_alloc_bytes	157448120
1781385158	snap	3800	otelcol	otelcol-sb-esrev1-ctr-r7tfk	otelcol_process_memory_rss	333901824
1781385158	snap	3800	otelcol	otelcol-sb-esrev1-ctr-r7tfk	otelcol_exporter_queue_capacity	1001
1781385158	snap	3800	otelcol	otelcol-sb-esrev1-ctr-r7tfk	otelcol_processor_batch_timeout_trigger_send	1000
1781385158	snap	3800	otelcol	otelcol-sb-esrev1-ctr-r7tfk	otelcol_exporter_send_failed_spans	0
1781385158	snap	3800	otelcol	otelcol-sb-esrev1-ctr-r7tfk	otelcol_exporter_sent_spans	1378090
1781385158	snap	3800	otelcol	otelcol-sb-esrev1-ctr-r7tfk	otelcol_exporter_queue_size	116
1781385158	snap	3800	otelcol	otelcol-sb-esrev1-ctr-r7tfk	otelcol_processor_incoming_items	18841849
1781385158	snap	3800	otelcol	otelcol-sb-esrev1-ctr-r7tfk	otelcol_process_runtime_total_sys_memory_bytes	253884744
1781385158	snap	3800	otelcol	otelcol-sb-esrev1-ctr-srbgp	otelcol_processor_batch_batch_send_size_sum	560512
1781385158	snap	3800	otelcol	otelcol-sb-esrev1-ctr-srbgp	otelcol_exporter_sent_spans	307313
1781385158	snap	3800	otelcol	otelcol-sb-esrev1-ctr-srbgp	otelcol_exporter_queue_size	796
1781385158	snap	3800	otelcol	otelcol-sb-esrev1-ctr-srbgp	otelcol_exporter_queue_capacity	1001
1781385158	snap	3800	otelcol	otelcol-sb-esrev1-ctr-srbgp	otelcol_processor_incoming_items	5178997
1781385158	snap	3800	otelcol	otelcol-sb-esrev1-ctr-srbgp	otelcol_receiver_failed_spans	0
1781385158	snap	3800	otelcol	otelcol-sb-esrev1-ctr-srbgp	otelcol_processor_outgoing_items	560512
1781385158	snap	3800	otelcol	otelcol-sb-esrev1-ctr-srbgp	otelcol_process_runtime_heap_alloc_bytes	130865488
1781385158	snap	3800	otelcol	otelcol-sb-esrev1-ctr-srbgp	otelcol_processor_batch_metadata_cardinality	1
1781385158	snap	3800	otelcol	otelcol-sb-esrev1-ctr-srbgp	otelcol_receiver_refused_spans	4618485
1781385158	snap	3800	otelcol	otelcol-sb-esrev1-ctr-srbgp	otelcol_processor_batch_timeout_trigger_send	1902
1781385158	snap	3800	otelcol	otelcol-sb-esrev1-ctr-srbgp	otelcol_process_runtime_total_sys_memory_bytes	215607608
1781385158	snap	3800	otelcol	otelcol-sb-esrev1-ctr-srbgp	otelcol_process_cpu_seconds	89
1781385158	snap	3800	otelcol	otelcol-sb-esrev1-ctr-srbgp	otelcol_exporter_queue_batch_send_size_sum	560512
1781385158	snap	3800	otelcol	otelcol-sb-esrev1-ctr-srbgp	otelcol_process_runtime_total_alloc_bytes	4185620336
1781385158	snap	3800	otelcol	otelcol-sb-esrev1-ctr-srbgp	otelcol_process_memory_rss	318210048
1781385158	snap	3800	otelcol	otelcol-sb-esrev1-ctr-srbgp	otelcol_process_uptime	934
1781385158	snap	3800	otelcol	otelcol-sb-esrev1-ctr-srbgp	otelcol_receiver_accepted_spans	560512
1781385158	snap	3800	otelcol	otelcol-sb-esrev1-ctr-srbgp	otelcol_exporter_send_failed_spans	0
1781385158	snap	3800	otelcol	otelcol-sb-esrev1-ctr-j2cng	otelcol_processor_incoming_items	4911824
1781385158	snap	3800	otelcol	otelcol-sb-esrev1-ctr-j2cng	otelcol_exporter_queue_capacity	1001
1781385158	snap	3800	otelcol	otelcol-sb-esrev1-ctr-j2cng	otelcol_process_memory_rss	328085504
1781385158	snap	3800	otelcol	otelcol-sb-esrev1-ctr-j2cng	otelcol_processor_outgoing_items	472399
1781385158	snap	3800	otelcol	otelcol-sb-esrev1-ctr-j2cng	otelcol_receiver_refused_spans	4439425
1781385158	snap	3800	otelcol	otelcol-sb-esrev1-ctr-j2cng	otelcol_process_cpu_seconds	86
1781385158	snap	3800	otelcol	otelcol-sb-esrev1-ctr-j2cng	otelcol_exporter_queue_batch_send_size_sum	472399
1781385158	snap	3800	otelcol	otelcol-sb-esrev1-ctr-j2cng	otelcol_exporter_sent_spans	195504
1781385158	snap	3800	otelcol	otelcol-sb-esrev1-ctr-j2cng	otelcol_exporter_send_failed_spans	0
1781385158	snap	3800	otelcol	otelcol-sb-esrev1-ctr-j2cng	otelcol_process_runtime_total_alloc_bytes	3978676992
1781385158	snap	3800	otelcol	otelcol-sb-esrev1-ctr-j2cng	otelcol_processor_batch_batch_send_size_sum	472399
1781385158	snap	3800	otelcol	otelcol-sb-esrev1-ctr-j2cng	otelcol_receiver_failed_spans	0
1781385158	snap	3800	otelcol	otelcol-sb-esrev1-ctr-j2cng	otelcol_process_runtime_heap_alloc_bytes	146675224
1781385158	snap	3800	otelcol	otelcol-sb-esrev1-ctr-j2cng	otelcol_processor_batch_metadata_cardinality	1
1781385158	snap	3800	otelcol	otelcol-sb-esrev1-ctr-j2cng	otelcol_process_uptime	933
1781385158	snap	3800	otelcol	otelcol-sb-esrev1-ctr-j2cng	otelcol_process_runtime_total_sys_memory_bytes	216197432
1781385158	snap	3800	otelcol	otelcol-sb-esrev1-ctr-j2cng	otelcol_exporter_queue_size	866
1781385158	snap	3800	otelcol	otelcol-sb-esrev1-ctr-j2cng	otelcol_receiver_accepted_spans	472399
1781385158	snap	3800	otelcol	otelcol-sb-esrev1-ctr-j2cng	otelcol_processor_batch_timeout_trigger_send	1810
1781385158	snap	3800	otelcol	otelcol-sb-esrev1-ctr-z4fxx	otelcol_receiver_failed_spans	0
1781385158	snap	3800	otelcol	otelcol-sb-esrev1-ctr-z4fxx	otelcol_processor_batch_batch_send_size_sum	687834
1781385158	snap	3800	otelcol	otelcol-sb-esrev1-ctr-z4fxx	otelcol_exporter_send_failed_spans	0
1781385158	snap	3800	otelcol	otelcol-sb-esrev1-ctr-z4fxx	otelcol_processor_incoming_items	12625488
1781385158	snap	3800	otelcol	otelcol-sb-esrev1-ctr-z4fxx	otelcol_exporter_queue_size	607
1781385158	snap	3800	otelcol	otelcol-sb-esrev1-ctr-z4fxx	otelcol_receiver_accepted_spans	687834
1781385158	snap	3800	otelcol	otelcol-sb-esrev1-ctr-z4fxx	otelcol_processor_batch_metadata_cardinality	1
1781385158	snap	3800	otelcol	otelcol-sb-esrev1-ctr-z4fxx	otelcol_process_runtime_total_alloc_bytes	9290822848
1781385158	snap	3800	otelcol	otelcol-sb-esrev1-ctr-z4fxx	otelcol_process_memory_rss	321224704
1781385158	snap	3800	otelcol	otelcol-sb-esrev1-ctr-z4fxx	otelcol_processor_batch_timeout_trigger_send	1587
1781385158	snap	3800	otelcol	otelcol-sb-esrev1-ctr-z4fxx	otelcol_receiver_refused_spans	11937654
1781385158	snap	3800	otelcol	otelcol-sb-esrev1-ctr-z4fxx	otelcol_process_runtime_total_sys_memory_bytes	224586040
1781385158	snap	3800	otelcol	otelcol-sb-esrev1-ctr-z4fxx	otelcol_exporter_queue_capacity	1001
1781385158	snap	3800	otelcol	otelcol-sb-esrev1-ctr-z4fxx	otelcol_processor_outgoing_items	687834
1781385158	snap	3800	otelcol	otelcol-sb-esrev1-ctr-z4fxx	otelcol_process_uptime	933
1781385158	snap	3800	otelcol	otelcol-sb-esrev1-ctr-z4fxx	otelcol_process_runtime_heap_alloc_bytes	126123512
1781385158	snap	3800	otelcol	otelcol-sb-esrev1-ctr-z4fxx	otelcol_process_cpu_seconds	176
1781385158	snap	3800	otelcol	otelcol-sb-esrev1-ctr-z4fxx	otelcol_exporter_sent_spans	437513
1781385158	snap	3800	otelcol	otelcol-sb-esrev1-ctr-z4fxx	otelcol_exporter_queue_batch_send_size_sum	687834
1781385158	snap	3800	otelcol	otelcol-sb-esrev1-ctr-bdbcb	otelcol_processor_incoming_items	4144114
1781385158	snap	3800	otelcol	otelcol-sb-esrev1-ctr-bdbcb	otelcol_processor_batch_batch_send_size_sum	480707
1781385158	snap	3800	otelcol	otelcol-sb-esrev1-ctr-bdbcb	otelcol_process_uptime	932
1781385158	snap	3800	otelcol	otelcol-sb-esrev1-ctr-bdbcb	otelcol_receiver_accepted_spans	480707
1781385158	snap	3800	otelcol	otelcol-sb-esrev1-ctr-bdbcb	otelcol_process_memory_rss	322797568
1781385158	snap	3800	otelcol	otelcol-sb-esrev1-ctr-bdbcb	otelcol_process_cpu_seconds	84
1781385158	snap	3800	otelcol	otelcol-sb-esrev1-ctr-bdbcb	otelcol_receiver_refused_spans	3663407
1781385158	snap	3800	otelcol	otelcol-sb-esrev1-ctr-bdbcb	otelcol_exporter_sent_spans	205667
1781385158	snap	3800	otelcol	otelcol-sb-esrev1-ctr-bdbcb	otelcol_exporter_queue_capacity	1001
1781385158	snap	3800	otelcol	otelcol-sb-esrev1-ctr-bdbcb	otelcol_exporter_queue_batch_send_size_sum	480707
1781385158	snap	3800	otelcol	otelcol-sb-esrev1-ctr-bdbcb	otelcol_process_runtime_total_sys_memory_bytes	224651576
1781385158	snap	3800	otelcol	otelcol-sb-esrev1-ctr-bdbcb	otelcol_processor_outgoing_items	480707
1781385158	snap	3800	otelcol	otelcol-sb-esrev1-ctr-bdbcb	otelcol_process_runtime_heap_alloc_bytes	131961008
1781385158	snap	3800	otelcol	otelcol-sb-esrev1-ctr-bdbcb	otelcol_processor_batch_metadata_cardinality	1
1781385158	snap	3800	otelcol	otelcol-sb-esrev1-ctr-bdbcb	otelcol_process_runtime_total_alloc_bytes	3541938096
1781385158	snap	3800	otelcol	otelcol-sb-esrev1-ctr-bdbcb	otelcol_exporter_queue_size	863
1781385158	snap	3800	otelcol	otelcol-sb-esrev1-ctr-bdbcb	otelcol_processor_batch_timeout_trigger_send	1831
1781385158	snap	3800	otelcol	otelcol-sb-esrev1-ctr-bdbcb	otelcol_exporter_send_failed_spans	0
1781385158	snap	3800	otelcol	otelcol-sb-esrev1-ctr-bdbcb	otelcol_receiver_failed_spans	0
1781385158	snap	3800	otelcol	otelcol-sb-esrev1-ctr-zjs5l	otelcol_receiver_refused_spans	19675708
1781385158	snap	3800	otelcol	otelcol-sb-esrev1-ctr-zjs5l	otelcol_processor_batch_timeout_trigger_send	1759
1781385158	snap	3800	otelcol	otelcol-sb-esrev1-ctr-zjs5l	otelcol_exporter_sent_spans	732643
1781385158	snap	3800	otelcol	otelcol-sb-esrev1-ctr-zjs5l	otelcol_receiver_failed_spans	0
1781385158	snap	3800	otelcol	otelcol-sb-esrev1-ctr-zjs5l	otelcol_process_runtime_total_sys_memory_bytes	220457272
1781385158	snap	3800	otelcol	otelcol-sb-esrev1-ctr-zjs5l	otelcol_process_uptime	932
1781385158	snap	3800	otelcol	otelcol-sb-esrev1-ctr-zjs5l	otelcol_exporter_queue_size	641
1781385158	snap	3800	otelcol	otelcol-sb-esrev1-ctr-zjs5l	otelcol_receiver_accepted_spans	952064
1781385158	snap	3800	otelcol	otelcol-sb-esrev1-ctr-zjs5l	otelcol_process_runtime_total_alloc_bytes	13509191648
1781385158	snap	3800	otelcol	otelcol-sb-esrev1-ctr-zjs5l	otelcol_process_runtime_heap_alloc_bytes	118365768
1781385158	snap	3800	otelcol	otelcol-sb-esrev1-ctr-zjs5l	otelcol_processor_batch_batch_send_size_sum	951997
1781385158	snap	3800	otelcol	otelcol-sb-esrev1-ctr-zjs5l	otelcol_process_memory_rss	320081920
1781385158	snap	3800	otelcol	otelcol-sb-esrev1-ctr-zjs5l	otelcol_exporter_queue_capacity	1001
1781385158	snap	3800	otelcol	otelcol-sb-esrev1-ctr-zjs5l	otelcol_exporter_queue_batch_send_size_sum	951997
1781385158	snap	3800	otelcol	otelcol-sb-esrev1-ctr-zjs5l	otelcol_processor_incoming_items	20627772
1781385158	snap	3800	otelcol	otelcol-sb-esrev1-ctr-zjs5l	otelcol_processor_outgoing_items	952064
1781385158	snap	3800	otelcol	otelcol-sb-esrev1-ctr-zjs5l	otelcol_processor_batch_metadata_cardinality	1
1781385158	snap	3800	otelcol	otelcol-sb-esrev1-ctr-zjs5l	otelcol_process_cpu_seconds	196
1781385158	snap	3800	otelcol	otelcol-sb-esrev1-ctr-zjs5l	otelcol_exporter_send_failed_spans	0
1781385158	snap	3800	otelcol	otelcol-sb-esrev1-ctr-mqr25	otelcol_processor_batch_timeout_trigger_send	1533
1781385158	snap	3800	otelcol	otelcol-sb-esrev1-ctr-mqr25	otelcol_exporter_queue_size	504
1781385158	snap	3800	otelcol	otelcol-sb-esrev1-ctr-mqr25	otelcol_processor_incoming_items	21421966
1781385158	snap	3800	otelcol	otelcol-sb-esrev1-ctr-mqr25	otelcol_processor_batch_batch_send_size_sum	822790
1781385158	snap	3800	otelcol	otelcol-sb-esrev1-ctr-mqr25	otelcol_process_runtime_heap_alloc_bytes	142700368
1781385158	snap	3800	otelcol	otelcol-sb-esrev1-ctr-mqr25	otelcol_processor_outgoing_items	822844
1781385158	snap	3800	otelcol	otelcol-sb-esrev1-ctr-mqr25	otelcol_process_runtime_total_alloc_bytes	17041707480
1781385158	snap	3800	otelcol	otelcol-sb-esrev1-ctr-mqr25	otelcol_exporter_send_failed_spans	0
1781385158	snap	3800	otelcol	otelcol-sb-esrev1-ctr-mqr25	otelcol_receiver_failed_spans	0
1781385158	snap	3800	otelcol	otelcol-sb-esrev1-ctr-mqr25	otelcol_process_memory_rss	321961984
1781385158	snap	3800	otelcol	otelcol-sb-esrev1-ctr-mqr25	otelcol_process_cpu_seconds	278
1781385158	snap	3800	otelcol	otelcol-sb-esrev1-ctr-mqr25	otelcol_processor_batch_metadata_cardinality	1
1781385158	snap	3800	otelcol	otelcol-sb-esrev1-ctr-mqr25	otelcol_process_uptime	933
1781385158	snap	3800	otelcol	otelcol-sb-esrev1-ctr-mqr25	otelcol_exporter_sent_spans	585738
1781385158	snap	3800	otelcol	otelcol-sb-esrev1-ctr-mqr25	otelcol_exporter_queue_batch_send_size_sum	822844
1781385158	snap	3800	otelcol	otelcol-sb-esrev1-ctr-mqr25	otelcol_receiver_refused_spans	20599122
1781385158	snap	3800	otelcol	otelcol-sb-esrev1-ctr-mqr25	otelcol_process_runtime_total_sys_memory_bytes	225634616
1781385158	snap	3800	otelcol	otelcol-sb-esrev1-ctr-mqr25	otelcol_receiver_accepted_spans	822844
1781385158	snap	3800	otelcol	otelcol-sb-esrev1-ctr-mqr25	otelcol_exporter_queue_capacity	1001
1781385158	snap	3800	otelcol	otelcol-sb-esrev1-ctr-j7lcx	otelcol_processor_batch_metadata_cardinality	1
1781385158	snap	3800	otelcol	otelcol-sb-esrev1-ctr-j7lcx	otelcol_process_runtime_total_alloc_bytes	46716528
1781385158	snap	3800	otelcol	otelcol-sb-esrev1-ctr-j7lcx	otelcol_process_cpu_seconds	7
1781385158	snap	3800	otelcol	otelcol-sb-esrev1-ctr-j7lcx	otelcol_process_runtime_heap_alloc_bytes	19269344
1781385158	snap	3800	otelcol	otelcol-sb-esrev1-ctr-j7lcx	otelcol_process_memory_rss	182956032
1781385158	snap	3800	otelcol	otelcol-sb-esrev1-ctr-j7lcx	otelcol_process_uptime	931
1781385158	snap	3800	otelcol	otelcol-sb-esrev1-ctr-j7lcx	otelcol_process_runtime_total_sys_memory_bytes	44546312
1781385158	snap	3800	otelcol	otelcol-sb-esrev1-ctr-j7lcx	otelcol_exporter_queue_size	0
1781385158	snap	3800	otelcol	otelcol-sb-esrev1-ctr-j7lcx	otelcol_exporter_queue_capacity	1001
1781385158	snap	3800	k8s	otelcol-sb-esrev1-ctr-9czsx	restart_count	0
1781385158	snap	3800	k8s	otelcol-sb-esrev1-ctr-bdbcb	restart_count	0
1781385158	snap	3800	k8s	otelcol-sb-esrev1-ctr-j2cng	restart_count	0
1781385158	snap	3800	k8s	otelcol-sb-esrev1-ctr-j7lcx	restart_count	0
1781385158	snap	3800	k8s	otelcol-sb-esrev1-ctr-mqr25	restart_count	0
1781385158	snap	3800	k8s	otelcol-sb-esrev1-ctr-r7tfk	restart_count	0
1781385158	snap	3800	k8s	otelcol-sb-esrev1-ctr-srbgp	restart_count	0
1781385158	snap	3800	k8s	otelcol-sb-esrev1-ctr-z4fxx	restart_count	0
1781385158	snap	3800	k8s	otelcol-sb-esrev1-ctr-zjs5l	restart_count	0
1781385158	snap	3800	sdk	wrk2api	spans_received	1399816
1781385158	snap	3800	sdk	wrk2api	spans_sent	487348
1781385158	snap	3800	sdk	wrk2api	spans_dropped	0
1781385158	snap	3800	sdk	wrk2api	spans_flushed	1399816
1781385158	snap	3800	sdk	wrk2api	batches_sent	4893
1781385158	snap	3800	sdk	wrk2api	batches_dropped	0
1781385158	snap	3800	sdk	wrk2api	send_unavailable	0
1781385158	snap	3800	sdk	wrk2api	send_deadline	0
1781385158	snap	3800	sdk	wrk2api	send_exhausted	0
1781385158	snap	3800	sdk	wrk2api	send_canceled	0
1781385158	snap	3800	sdk	wrk2api	send_other	0
1781385158	snap	3800	sdk	wrk2api	buffer_depth	0
0
1781385158	snap	3800	sdk	wrk2api	cp_received	645987
1781385158	snap	3800	sdk	wrk2api	lp_received	753829
1781385158	snap	3800	sdk	wrk2api	cp_sent	309406
1781385158	snap	3800	sdk	wrk2api	lp_sent	177942
1781385158	snap	3800	sdk	wrk2api	cp_dropped	0
1781385158	snap	3800	sdk	wrk2api	lp_dropped	0
1781385158	snap	3800	sdk	hometimeline	spans_received	1197692
1781385158	snap	3800	sdk	hometimeline	spans_sent	153642
1781385158	snap	3800	sdk	hometimeline	spans_dropped	0
1781385158	snap	3800	sdk	hometimeline	spans_flushed	1197692
1781385158	snap	3800	sdk	hometimeline	batches_sent	2660
1781385158	snap	3800	sdk	hometimeline	batches_dropped	0
1781385158	snap	3800	sdk	hometimeline	send_unavailable	0
1781385158	snap	3800	sdk	hometimeline	send_deadline	0
1781385158	snap	3800	sdk	hometimeline	send_exhausted	0
1781385158	snap	3800	sdk	hometimeline	send_canceled	0
1781385158	snap	3800	sdk	hometimeline	send_other	0
1781385158	snap	3800	sdk	hometimeline	buffer_depth	0
0
1781385158	snap	3800	sdk	hometimeline	cp_received	0
1781385158	snap	3800	sdk	hometimeline	lp_received	1197692
1781385158	snap	3800	sdk	hometimeline	cp_sent	0
1781385158	snap	3800	sdk	hometimeline	lp_sent	153642
1781385158	snap	3800	sdk	hometimeline	cp_dropped	0
1781385158	snap	3800	sdk	hometimeline	lp_dropped	0
1781385158	snap	3800	sdk	media	spans_received	679306
1781385158	snap	3800	sdk	media	spans_sent	521470
1781385158	snap	3800	sdk	media	spans_dropped	0
1781385158	snap	3800	sdk	media	spans_flushed	679306
1781385158	snap	3800	sdk	media	batches_sent	3869
1781385158	snap	3800	sdk	media	batches_dropped	0
1781385158	snap	3800	sdk	media	send_unavailable	0
1781385158	snap	3800	sdk	media	send_deadline	0
1781385158	snap	3800	sdk	media	send_exhausted	0
1781385158	snap	3800	sdk	media	send_canceled	0
1781385158	snap	3800	sdk	media	send_other	0
1781385158	snap	3800	sdk	media	buffer_depth	0
0
1781385158	snap	3800	sdk	media	cp_received	679306
1781385158	snap	3800	sdk	media	lp_received	0
1781385158	snap	3800	sdk	media	cp_sent	521470
1781385158	snap	3800	sdk	media	lp_sent	0
1781385158	snap	3800	sdk	media	cp_dropped	0
1781385158	snap	3800	sdk	media	lp_dropped	0
1781385158	snap	3800	sdk	post-storage	spans_received	595318
1781385158	snap	3800	sdk	post-storage	spans_sent	480296
1781385158	snap	3800	sdk	post-storage	spans_dropped	0
1781385158	snap	3800	sdk	post-storage	spans_flushed	595318
1781385158	snap	3800	sdk	post-storage	batches_sent	3490
1781385158	snap	3800	sdk	post-storage	batches_dropped	0
1781385158	snap	3800	sdk	post-storage	send_unavailable	0
1781385158	snap	3800	sdk	post-storage	send_deadline	0
1781385158	snap	3800	sdk	post-storage	send_exhausted	0
1781385158	snap	3800	sdk	post-storage	send_canceled	0
1781385158	snap	3800	sdk	post-storage	send_other	0
1781385158	snap	3800	sdk	post-storage	buffer_depth	0
0
1781385158	snap	3800	sdk	post-storage	cp_received	595318
1781385158	snap	3800	sdk	post-storage	lp_received	0
1781385158	snap	3800	sdk	post-storage	cp_sent	480296
1781385158	snap	3800	sdk	post-storage	lp_sent	0
1781385158	snap	3800	sdk	post-storage	cp_dropped	0
1781385158	snap	3800	sdk	post-storage	lp_dropped	0
1781385158	snap	3800	sdk	socialgraph	spans_received	706593
1781385158	snap	3800	sdk	socialgraph	spans_sent	560332
1781385158	snap	3800	sdk	socialgraph	spans_dropped	0
1781385158	snap	3800	sdk	socialgraph	spans_flushed	706593
1781385158	snap	3800	sdk	socialgraph	batches_sent	3829
1781385158	snap	3800	sdk	socialgraph	batches_dropped	0
1781385158	snap	3800	sdk	socialgraph	send_unavailable	0
1781385158	snap	3800	sdk	socialgraph	send_deadline	0
1781385158	snap	3800	sdk	socialgraph	send_exhausted	0
1781385158	snap	3800	sdk	socialgraph	send_canceled	0
1781385158	snap	3800	sdk	socialgraph	send_other	0
1781385158	snap	3800	sdk	socialgraph	buffer_depth	0
0
1781385158	snap	3800	sdk	socialgraph	cp_received	668969
1781385158	snap	3800	sdk	socialgraph	lp_received	37624
1781385158	snap	3800	sdk	socialgraph	cp_sent	522708
1781385158	snap	3800	sdk	socialgraph	lp_sent	37624
1781385158	snap	3800	sdk	socialgraph	cp_dropped	0
1781385158	snap	3800	sdk	socialgraph	lp_dropped	0
1781385158	snap	3800	sdk	text	spans_received	2124182
1781385158	snap	3800	sdk	text	spans_sent	352749
1781385158	snap	3800	sdk	text	spans_dropped	0
1781385158	snap	3800	sdk	text	spans_flushed	2124182
1781385158	snap	3800	sdk	text	batches_sent	4602
1781385158	snap	3800	sdk	text	batches_dropped	0
1781385158	snap	3800	sdk	text	send_unavailable	0
1781385158	snap	3800	sdk	text	send_deadline	0
1781385158	snap	3800	sdk	text	send_exhausted	0
1781385158	snap	3800	sdk	text	send_canceled	0
1781385158	snap	3800	sdk	text	send_other	0
1781385158	snap	3800	sdk	text	buffer_depth	0
0
1781385158	snap	3800	sdk	text	cp_received	0
1781385158	snap	3800	sdk	text	lp_received	2124182
1781385158	snap	3800	sdk	text	cp_sent	0
1781385158	snap	3800	sdk	text	lp_sent	352749
1781385158	snap	3800	sdk	text	cp_dropped	0
1781385158	snap	3800	sdk	text	lp_dropped	0
1781385158	snap	3800	sdk	urlshorten	spans_received	666763
1781385158	snap	3800	sdk	urlshorten	spans_sent	465921
1781385158	snap	3800	sdk	urlshorten	spans_dropped	0
1781385158	snap	3800	sdk	urlshorten	spans_flushed	666692
1781385158	snap	3800	sdk	urlshorten	batches_sent	3339
1781385158	snap	3800	sdk	urlshorten	batches_dropped	0
1781385158	snap	3800	sdk	urlshorten	send_unavailable	0
1781385158	snap	3800	sdk	urlshorten	send_deadline	0
1781385158	snap	3800	sdk	urlshorten	send_exhausted	0
1781385158	snap	3800	sdk	urlshorten	send_canceled	0
1781385158	snap	3800	sdk	urlshorten	send_other	0
1781385158	snap	3800	sdk	urlshorten	buffer_depth	71
0
1781385158	snap	3800	sdk	urlshorten	cp_received	666763
1781385158	snap	3800	sdk	urlshorten	lp_received	0
1781385158	snap	3800	sdk	urlshorten	cp_sent	465921
1781385158	snap	3800	sdk	urlshorten	lp_sent	0
1781385158	snap	3800	sdk	urlshorten	cp_dropped	0
1781385158	snap	3800	sdk	urlshorten	lp_dropped	0
1781385158	snap	3800	sdk	user	spans_received	683744
1781385158	snap	3800	sdk	user	spans_sent	332217
1781385158	snap	3800	sdk	user	spans_dropped	0
1781385158	snap	3800	sdk	user	spans_flushed	683744
1781385158	snap	3800	sdk	user	batches_sent	2837
1781385158	snap	3800	sdk	user	batches_dropped	0
1781385158	snap	3800	sdk	user	send_unavailable	0
1781385158	snap	3800	sdk	user	send_deadline	0
1781385158	snap	3800	sdk	user	send_exhausted	0
1781385158	snap	3800	sdk	user	send_canceled	0
1781385158	snap	3800	sdk	user	send_other	0
1781385158	snap	3800	sdk	user	buffer_depth	0
0
1781385158	snap	3800	sdk	user	cp_received	682782
1781385158	snap	3800	sdk	user	lp_received	962
1781385158	snap	3800	sdk	user	cp_sent	331255
1781385158	snap	3800	sdk	user	lp_sent	962
1781385158	snap	3800	sdk	user	cp_dropped	0
1781385158	snap	3800	sdk	user	lp_dropped	0
1781385158	snap	3800	sdk	userid	spans_received	75248
1781385158	snap	3800	sdk	userid	spans_sent	75248
1781385158	snap	3800	sdk	userid	spans_dropped	0
1781385158	snap	3800	sdk	userid	spans_flushed	75248
1781385158	snap	3800	sdk	userid	batches_sent	250
1781385158	snap	3800	sdk	userid	batches_dropped	0
1781385158	snap	3800	sdk	userid	send_unavailable	0
1781385158	snap	3800	sdk	userid	send_deadline	0
1781385158	snap	3800	sdk	userid	send_exhausted	0
1781385158	snap	3800	sdk	userid	send_canceled	0
1781385158	snap	3800	sdk	userid	send_other	0
1781385158	snap	3800	sdk	userid	buffer_depth	0
0
1781385158	snap	3800	sdk	userid	cp_received	75248
1781385158	snap	3800	sdk	userid	lp_received	0
1781385158	snap	3800	sdk	userid	cp_sent	75248
1781385158	snap	3800	sdk	userid	lp_sent	0
1781385158	snap	3800	sdk	userid	cp_dropped	0
1781385158	snap	3800	sdk	userid	lp_dropped	0
1781385158	snap	3800	sdk	usermention	spans_received	666257
1781385158	snap	3800	sdk	usermention	spans_sent	336852
1781385158	snap	3800	sdk	usermention	spans_dropped	0
1781385158	snap	3800	sdk	usermention	spans_flushed	666257
1781385158	snap	3800	sdk	usermention	batches_sent	2785
1781385158	snap	3800	sdk	usermention	batches_dropped	0
1781385158	snap	3800	sdk	usermention	send_unavailable	0
1781385158	snap	3800	sdk	usermention	send_deadline	0
1781385158	snap	3800	sdk	usermention	send_exhausted	0
1781385158	snap	3800	sdk	usermention	send_canceled	0
1781385158	snap	3800	sdk	usermention	send_other	0
1781385158	snap	3800	sdk	usermention	buffer_depth	0
0
1781385158	snap	3800	sdk	usermention	cp_received	666257
1781385158	snap	3800	sdk	usermention	lp_received	0
1781385158	snap	3800	sdk	usermention	cp_sent	336852
1781385158	snap	3800	sdk	usermention	lp_sent	0
1781385158	snap	3800	sdk	usermention	cp_dropped	0
1781385158	snap	3800	sdk	usermention	lp_dropped	0
1781385158	snap	3800	sdk	usertimeline	spans_received	594859
1781385158	snap	3800	sdk	usertimeline	spans_sent	472399
1781385158	snap	3800	sdk	usertimeline	spans_dropped	0
1781385158	snap	3800	sdk	usertimeline	spans_flushed	594859
1781385158	snap	3800	sdk	usertimeline	batches_sent	3480
1781385158	snap	3800	sdk	usertimeline	batches_dropped	0
1781385158	snap	3800	sdk	usertimeline	send_unavailable	0
1781385158	snap	3800	sdk	usertimeline	send_deadline	0
1781385158	snap	3800	sdk	usertimeline	send_exhausted	0
1781385158	snap	3800	sdk	usertimeline	send_canceled	0
1781385158	snap	3800	sdk	usertimeline	send_other	0
1781385158	snap	3800	sdk	usertimeline	buffer_depth	0
0
1781385158	snap	3800	sdk	usertimeline	cp_received	594859
1781385158	snap	3800	sdk	usertimeline	lp_received	0
1781385158	snap	3800	sdk	usertimeline	cp_sent	472399
1781385158	snap	3800	sdk	usertimeline	lp_sent	0
1781385158	snap	3800	sdk	usertimeline	cp_dropped	0
1781385158	snap	3800	sdk	usertimeline	lp_dropped	0
1781385165	snap	4000	otelcol	otelcol-sb-esrev1-ctr-9czsx	otelcol_process_memory_rss	319803392
1781385165	snap	4000	otelcol	otelcol-sb-esrev1-ctr-9czsx	otelcol_receiver_accepted_spans	466370
1781385165	snap	4000	otelcol	otelcol-sb-esrev1-ctr-9czsx	otelcol_processor_outgoing_items	466370
1781385165	snap	4000	otelcol	otelcol-sb-esrev1-ctr-9czsx	otelcol_process_runtime_heap_alloc_bytes	130284600
1781385165	snap	4000	otelcol	otelcol-sb-esrev1-ctr-9czsx	otelcol_process_cpu_seconds	142
1781385165	snap	4000	otelcol	otelcol-sb-esrev1-ctr-9czsx	otelcol_exporter_queue_batch_send_size_sum	466370
1781385165	snap	4000	otelcol	otelcol-sb-esrev1-ctr-9czsx	otelcol_receiver_failed_spans	0
1781385165	snap	4000	otelcol	otelcol-sb-esrev1-ctr-9czsx	otelcol_process_uptime	940
1781385165	snap	4000	otelcol	otelcol-sb-esrev1-ctr-9czsx	otelcol_process_runtime_total_sys_memory_bytes	220588344
1781385165	snap	4000	otelcol	otelcol-sb-esrev1-ctr-9czsx	otelcol_exporter_send_failed_spans	0
1781385165	snap	4000	otelcol	otelcol-sb-esrev1-ctr-9czsx	otelcol_exporter_queue_capacity	1001
1781385165	snap	4000	otelcol	otelcol-sb-esrev1-ctr-9czsx	otelcol_processor_batch_metadata_cardinality	1
1781385165	snap	4000	otelcol	otelcol-sb-esrev1-ctr-9czsx	otelcol_process_runtime_total_alloc_bytes	6332838240
1781385165	snap	4000	otelcol	otelcol-sb-esrev1-ctr-9czsx	otelcol_processor_batch_timeout_trigger_send	1763
1781385165	snap	4000	otelcol	otelcol-sb-esrev1-ctr-9czsx	otelcol_processor_batch_batch_send_size_sum	466370
1781385165	snap	4000	otelcol	otelcol-sb-esrev1-ctr-9czsx	otelcol_exporter_sent_spans	198506
1781385165	snap	4000	otelcol	otelcol-sb-esrev1-ctr-9czsx	otelcol_exporter_queue_size	809
1781385165	snap	4000	otelcol	otelcol-sb-esrev1-ctr-9czsx	otelcol_receiver_refused_spans	7515250
1781385165	snap	4000	otelcol	otelcol-sb-esrev1-ctr-9czsx	otelcol_processor_incoming_items	7981620
1781385165	snap	4000	otelcol	otelcol-sb-esrev1-ctr-r7tfk	otelcol_processor_batch_batch_send_size_sum	1566972
1781385165	snap	4000	otelcol	otelcol-sb-esrev1-ctr-r7tfk	otelcol_process_uptime	938
1781385165	snap	4000	otelcol	otelcol-sb-esrev1-ctr-r7tfk	otelcol_processor_outgoing_items	1566972
1781385165	snap	4000	otelcol	otelcol-sb-esrev1-ctr-r7tfk	otelcol_exporter_queue_batch_send_size_sum	1566972
1781385165	snap	4000	otelcol	otelcol-sb-esrev1-ctr-r7tfk	otelcol_receiver_failed_spans	0
1781385165	snap	4000	otelcol	otelcol-sb-esrev1-ctr-r7tfk	otelcol_processor_batch_batch_size_trigger_send	16
1781385165	snap	4000	otelcol	otelcol-sb-esrev1-ctr-r7tfk	otelcol_receiver_refused_spans	17290646
1781385165	snap	4000	otelcol	otelcol-sb-esrev1-ctr-r7tfk	otelcol_receiver_accepted_spans	1566972
1781385165	snap	4000	otelcol	otelcol-sb-esrev1-ctr-r7tfk	otelcol_process_cpu_seconds	263
1781385165	snap	4000	otelcol	otelcol-sb-esrev1-ctr-r7tfk	otelcol_processor_batch_metadata_cardinality	1
1781385165	snap	4000	otelcol	otelcol-sb-esrev1-ctr-r7tfk	otelcol_process_runtime_total_alloc_bytes	14787360944
1781385165	snap	4000	otelcol	otelcol-sb-esrev1-ctr-r7tfk	otelcol_process_runtime_heap_alloc_bytes	135462560
1781385165	snap	4000	otelcol	otelcol-sb-esrev1-ctr-r7tfk	otelcol_process_memory_rss	321290240
1781385165	snap	4000	otelcol	otelcol-sb-esrev1-ctr-r7tfk	otelcol_exporter_queue_capacity	1001
1781385165	snap	4000	otelcol	otelcol-sb-esrev1-ctr-r7tfk	otelcol_processor_batch_timeout_trigger_send	1002
1781385165	snap	4000	otelcol	otelcol-sb-esrev1-ctr-r7tfk	otelcol_exporter_send_failed_spans	0
1781385165	snap	4000	otelcol	otelcol-sb-esrev1-ctr-r7tfk	otelcol_exporter_sent_spans	1381243
1781385165	snap	4000	otelcol	otelcol-sb-esrev1-ctr-r7tfk	otelcol_exporter_queue_size	116
1781385165	snap	4000	otelcol	otelcol-sb-esrev1-ctr-r7tfk	otelcol_processor_incoming_items	18857618
1781385165	snap	4000	otelcol	otelcol-sb-esrev1-ctr-r7tfk	otelcol_process_runtime_total_sys_memory_bytes	253884744
1781385165	snap	4000	otelcol	otelcol-sb-esrev1-ctr-srbgp	otelcol_processor_batch_batch_send_size_sum	560514
1781385165	snap	4000	otelcol	otelcol-sb-esrev1-ctr-srbgp	otelcol_exporter_sent_spans	309928
1781385165	snap	4000	otelcol	otelcol-sb-esrev1-ctr-srbgp	otelcol_exporter_queue_size	791
1781385165	snap	4000	otelcol	otelcol-sb-esrev1-ctr-srbgp	otelcol_exporter_queue_capacity	1001
1781385165	snap	4000	otelcol	otelcol-sb-esrev1-ctr-srbgp	otelcol_processor_incoming_items	5178999
1781385165	snap	4000	otelcol	otelcol-sb-esrev1-ctr-srbgp	otelcol_receiver_failed_spans	0
1781385165	snap	4000	otelcol	otelcol-sb-esrev1-ctr-srbgp	otelcol_processor_outgoing_items	560514
1781385165	snap	4000	otelcol	otelcol-sb-esrev1-ctr-srbgp	otelcol_process_runtime_heap_alloc_bytes	132059416
1781385165	snap	4000	otelcol	otelcol-sb-esrev1-ctr-srbgp	otelcol_processor_batch_metadata_cardinality	1
1781385165	snap	4000	otelcol	otelcol-sb-esrev1-ctr-srbgp	otelcol_receiver_refused_spans	4618485
1781385165	snap	4000	otelcol	otelcol-sb-esrev1-ctr-srbgp	otelcol_processor_batch_timeout_trigger_send	1903
1781385165	snap	4000	otelcol	otelcol-sb-esrev1-ctr-srbgp	otelcol_process_runtime_total_sys_memory_bytes	215607608
1781385165	snap	4000	otelcol	otelcol-sb-esrev1-ctr-srbgp	otelcol_process_cpu_seconds	89
1781385165	snap	4000	otelcol	otelcol-sb-esrev1-ctr-srbgp	otelcol_exporter_queue_batch_send_size_sum	560514
1781385165	snap	4000	otelcol	otelcol-sb-esrev1-ctr-srbgp	otelcol_process_runtime_total_alloc_bytes	4186814264
1781385165	snap	4000	otelcol	otelcol-sb-esrev1-ctr-srbgp	otelcol_process_memory_rss	318328832
1781385165	snap	4000	otelcol	otelcol-sb-esrev1-ctr-srbgp	otelcol_process_uptime	941
1781385165	snap	4000	otelcol	otelcol-sb-esrev1-ctr-srbgp	otelcol_receiver_accepted_spans	560514
1781385165	snap	4000	otelcol	otelcol-sb-esrev1-ctr-srbgp	otelcol_exporter_send_failed_spans	0
1781385165	snap	4000	otelcol	otelcol-sb-esrev1-ctr-j2cng	otelcol_processor_incoming_items	4933633
1781385165	snap	4000	otelcol	otelcol-sb-esrev1-ctr-j2cng	otelcol_exporter_queue_capacity	1001
1781385165	snap	4000	otelcol	otelcol-sb-esrev1-ctr-j2cng	otelcol_process_memory_rss	326111232
1781385165	snap	4000	otelcol	otelcol-sb-esrev1-ctr-j2cng	otelcol_processor_outgoing_items	472399
1781385165	snap	4000	otelcol	otelcol-sb-esrev1-ctr-j2cng	otelcol_receiver_refused_spans	4461234
1781385165	snap	4000	otelcol	otelcol-sb-esrev1-ctr-j2cng	otelcol_process_cpu_seconds	86
1781385165	snap	4000	otelcol	otelcol-sb-esrev1-ctr-j2cng	otelcol_exporter_queue_batch_send_size_sum	472399
1781385165	snap	4000	otelcol	otelcol-sb-esrev1-ctr-j2cng	otelcol_exporter_sent_spans	196330
1781385165	snap	4000	otelcol	otelcol-sb-esrev1-ctr-j2cng	otelcol_exporter_send_failed_spans	0
1781385165	snap	4000	otelcol	otelcol-sb-esrev1-ctr-j2cng	otelcol_process_runtime_total_alloc_bytes	4007554760
1781385165	snap	4000	otelcol	otelcol-sb-esrev1-ctr-j2cng	otelcol_processor_batch_batch_send_size_sum	472399
1781385165	snap	4000	otelcol	otelcol-sb-esrev1-ctr-j2cng	otelcol_receiver_failed_spans	0
1781385165	snap	4000	otelcol	otelcol-sb-esrev1-ctr-j2cng	otelcol_process_runtime_heap_alloc_bytes	143666256
1781385165	snap	4000	otelcol	otelcol-sb-esrev1-ctr-j2cng	otelcol_processor_batch_metadata_cardinality	1
1781385165	snap	4000	otelcol	otelcol-sb-esrev1-ctr-j2cng	otelcol_process_uptime	940
1781385165	snap	4000	otelcol	otelcol-sb-esrev1-ctr-j2cng	otelcol_process_runtime_total_sys_memory_bytes	216197432
1781385165	snap	4000	otelcol	otelcol-sb-esrev1-ctr-j2cng	otelcol_exporter_queue_size	864
1781385165	snap	4000	otelcol	otelcol-sb-esrev1-ctr-j2cng	otelcol_receiver_accepted_spans	472399
1781385165	snap	4000	otelcol	otelcol-sb-esrev1-ctr-j2cng	otelcol_processor_batch_timeout_trigger_send	1810
1781385165	snap	4000	otelcol	otelcol-sb-esrev1-ctr-z4fxx	otelcol_receiver_failed_spans	0
1781385165	snap	4000	otelcol	otelcol-sb-esrev1-ctr-z4fxx	otelcol_processor_batch_batch_send_size_sum	688354
1781385165	snap	4000	otelcol	otelcol-sb-esrev1-ctr-z4fxx	otelcol_exporter_send_failed_spans	0
1781385165	snap	4000	otelcol	otelcol-sb-esrev1-ctr-z4fxx	otelcol_processor_incoming_items	12626008
1781385165	snap	4000	otelcol	otelcol-sb-esrev1-ctr-z4fxx	otelcol_exporter_queue_size	617
1781385165	snap	4000	otelcol	otelcol-sb-esrev1-ctr-z4fxx	otelcol_receiver_accepted_spans	688354
1781385165	snap	4000	otelcol	otelcol-sb-esrev1-ctr-z4fxx	otelcol_processor_batch_metadata_cardinality	1
1781385165	snap	4000	otelcol	otelcol-sb-esrev1-ctr-z4fxx	otelcol_process_runtime_total_alloc_bytes	9292231016
1781385165	snap	4000	otelcol	otelcol-sb-esrev1-ctr-z4fxx	otelcol_process_memory_rss	321224704
1781385165	snap	4000	otelcol	otelcol-sb-esrev1-ctr-z4fxx	otelcol_processor_batch_timeout_trigger_send	1598
1781385165	snap	4000	otelcol	otelcol-sb-esrev1-ctr-z4fxx	otelcol_receiver_refused_spans	11937654
1781385165	snap	4000	otelcol	otelcol-sb-esrev1-ctr-z4fxx	otelcol_process_runtime_total_sys_memory_bytes	224586040
1781385165	snap	4000	otelcol	otelcol-sb-esrev1-ctr-z4fxx	otelcol_exporter_queue_capacity	1001
1781385165	snap	4000	otelcol	otelcol-sb-esrev1-ctr-z4fxx	otelcol_processor_outgoing_items	688354
1781385165	snap	4000	otelcol	otelcol-sb-esrev1-ctr-z4fxx	otelcol_process_uptime	940
1781385165	snap	4000	otelcol	otelcol-sb-esrev1-ctr-z4fxx	otelcol_process_runtime_heap_alloc_bytes	127531680
1781385165	snap	4000	otelcol	otelcol-sb-esrev1-ctr-z4fxx	otelcol_process_cpu_seconds	176
1781385165	snap	4000	otelcol	otelcol-sb-esrev1-ctr-z4fxx	otelcol_exporter_sent_spans	438117
1781385165	snap	4000	otelcol	otelcol-sb-esrev1-ctr-z4fxx	otelcol_exporter_queue_batch_send_size_sum	688354
1781385165	snap	4000	otelcol	otelcol-sb-esrev1-ctr-bdbcb	otelcol_processor_incoming_items	4144116
1781385165	snap	4000	otelcol	otelcol-sb-esrev1-ctr-bdbcb	otelcol_processor_batch_batch_send_size_sum	480709
1781385165	snap	4000	otelcol	otelcol-sb-esrev1-ctr-bdbcb	otelcol_process_uptime	939
1781385165	snap	4000	otelcol	otelcol-sb-esrev1-ctr-bdbcb	otelcol_receiver_accepted_spans	480709
1781385165	snap	4000	otelcol	otelcol-sb-esrev1-ctr-bdbcb	otelcol_process_memory_rss	323350528
1781385165	snap	4000	otelcol	otelcol-sb-esrev1-ctr-bdbcb	otelcol_process_cpu_seconds	84
1781385165	snap	4000	otelcol	otelcol-sb-esrev1-ctr-bdbcb	otelcol_receiver_refused_spans	3663407
1781385165	snap	4000	otelcol	otelcol-sb-esrev1-ctr-bdbcb	otelcol_exporter_sent_spans	207914
1781385165	snap	4000	otelcol	otelcol-sb-esrev1-ctr-bdbcb	otelcol_exporter_queue_capacity	1001
1781385165	snap	4000	otelcol	otelcol-sb-esrev1-ctr-bdbcb	otelcol_exporter_queue_batch_send_size_sum	480709
1781385165	snap	4000	otelcol	otelcol-sb-esrev1-ctr-bdbcb	otelcol_process_runtime_total_sys_memory_bytes	224651576
1781385165	snap	4000	otelcol	otelcol-sb-esrev1-ctr-bdbcb	otelcol_processor_outgoing_items	480709
1781385165	snap	4000	otelcol	otelcol-sb-esrev1-ctr-bdbcb	otelcol_process_runtime_heap_alloc_bytes	133984384
1781385165	snap	4000	otelcol	otelcol-sb-esrev1-ctr-bdbcb	otelcol_processor_batch_metadata_cardinality	1
1781385165	snap	4000	otelcol	otelcol-sb-esrev1-ctr-bdbcb	otelcol_process_runtime_total_alloc_bytes	3543961472
1781385165	snap	4000	otelcol	otelcol-sb-esrev1-ctr-bdbcb	otelcol_exporter_queue_size	859
1781385165	snap	4000	otelcol	otelcol-sb-esrev1-ctr-bdbcb	otelcol_processor_batch_timeout_trigger_send	1832
1781385165	snap	4000	otelcol	otelcol-sb-esrev1-ctr-bdbcb	otelcol_exporter_send_failed_spans	0
1781385165	snap	4000	otelcol	otelcol-sb-esrev1-ctr-bdbcb	otelcol_receiver_failed_spans	0
1781385165	snap	4000	otelcol	otelcol-sb-esrev1-ctr-zjs5l	otelcol_receiver_refused_spans	19685166
1781385165	snap	4000	otelcol	otelcol-sb-esrev1-ctr-zjs5l	otelcol_processor_batch_timeout_trigger_send	1765
1781385165	snap	4000	otelcol	otelcol-sb-esrev1-ctr-zjs5l	otelcol_exporter_sent_spans	736007
1781385165	snap	4000	otelcol	otelcol-sb-esrev1-ctr-zjs5l	otelcol_receiver_failed_spans	0
1781385165	snap	4000	otelcol	otelcol-sb-esrev1-ctr-zjs5l	otelcol_process_runtime_total_sys_memory_bytes	220457272
1781385165	snap	4000	otelcol	otelcol-sb-esrev1-ctr-zjs5l	otelcol_process_uptime	939
1781385165	snap	4000	otelcol	otelcol-sb-esrev1-ctr-zjs5l	otelcol_exporter_queue_size	642
1781385165	snap	4000	otelcol	otelcol-sb-esrev1-ctr-zjs5l	otelcol_receiver_accepted_spans	952346
1781385165	snap	4000	otelcol	otelcol-sb-esrev1-ctr-zjs5l	otelcol_process_runtime_total_alloc_bytes	13520869096
1781385165	snap	4000	otelcol	otelcol-sb-esrev1-ctr-zjs5l	otelcol_process_runtime_heap_alloc_bytes	130043216
1781385165	snap	4000	otelcol	otelcol-sb-esrev1-ctr-zjs5l	otelcol_processor_batch_batch_send_size_sum	952346
1781385165	snap	4000	otelcol	otelcol-sb-esrev1-ctr-zjs5l	otelcol_process_memory_rss	322318336
1781385165	snap	4000	otelcol	otelcol-sb-esrev1-ctr-zjs5l	otelcol_exporter_queue_capacity	1001
1781385165	snap	4000	otelcol	otelcol-sb-esrev1-ctr-zjs5l	otelcol_exporter_queue_batch_send_size_sum	952346
1781385165	snap	4000	otelcol	otelcol-sb-esrev1-ctr-zjs5l	otelcol_processor_incoming_items	20637512
1781385165	snap	4000	otelcol	otelcol-sb-esrev1-ctr-zjs5l	otelcol_processor_outgoing_items	952346
1781385165	snap	4000	otelcol	otelcol-sb-esrev1-ctr-zjs5l	otelcol_processor_batch_metadata_cardinality	1
1781385165	snap	4000	otelcol	otelcol-sb-esrev1-ctr-zjs5l	otelcol_process_cpu_seconds	196
1781385165	snap	4000	otelcol	otelcol-sb-esrev1-ctr-zjs5l	otelcol_exporter_send_failed_spans	0
1781385165	snap	4000	otelcol	otelcol-sb-esrev1-ctr-mqr25	otelcol_processor_batch_timeout_trigger_send	1541
1781385165	snap	4000	otelcol	otelcol-sb-esrev1-ctr-mqr25	otelcol_exporter_queue_size	510
1781385165	snap	4000	otelcol	otelcol-sb-esrev1-ctr-mqr25	otelcol_processor_incoming_items	21475320
1781385165	snap	4000	otelcol	otelcol-sb-esrev1-ctr-mqr25	otelcol_processor_batch_batch_send_size_sum	823561
1781385165	snap	4000	otelcol	otelcol-sb-esrev1-ctr-mqr25	otelcol_process_runtime_heap_alloc_bytes	135309336
1781385165	snap	4000	otelcol	otelcol-sb-esrev1-ctr-mqr25	otelcol_processor_outgoing_items	823561
1781385165	snap	4000	otelcol	otelcol-sb-esrev1-ctr-mqr25	otelcol_process_runtime_total_alloc_bytes	17102476880
1781385165	snap	4000	otelcol	otelcol-sb-esrev1-ctr-mqr25	otelcol_exporter_send_failed_spans	0
1781385165	snap	4000	otelcol	otelcol-sb-esrev1-ctr-mqr25	otelcol_receiver_failed_spans	0
1781385165	snap	4000	otelcol	otelcol-sb-esrev1-ctr-mqr25	otelcol_process_memory_rss	320045056
1781385165	snap	4000	otelcol	otelcol-sb-esrev1-ctr-mqr25	otelcol_process_cpu_seconds	279
1781385165	snap	4000	otelcol	otelcol-sb-esrev1-ctr-mqr25	otelcol_processor_batch_metadata_cardinality	1
1781385165	snap	4000	otelcol	otelcol-sb-esrev1-ctr-mqr25	otelcol_process_uptime	940
1781385165	snap	4000	otelcol	otelcol-sb-esrev1-ctr-mqr25	otelcol_exporter_sent_spans	591099
1781385165	snap	4000	otelcol	otelcol-sb-esrev1-ctr-mqr25	otelcol_exporter_queue_batch_send_size_sum	823561
1781385165	snap	4000	otelcol	otelcol-sb-esrev1-ctr-mqr25	otelcol_receiver_refused_spans	20651759
1781385165	snap	4000	otelcol	otelcol-sb-esrev1-ctr-mqr25	otelcol_process_runtime_total_sys_memory_bytes	225634616
1781385165	snap	4000	otelcol	otelcol-sb-esrev1-ctr-mqr25	otelcol_receiver_accepted_spans	823561
1781385165	snap	4000	otelcol	otelcol-sb-esrev1-ctr-mqr25	otelcol_exporter_queue_capacity	1001
1781385165	snap	4000	otelcol	otelcol-sb-esrev1-ctr-j7lcx	otelcol_processor_batch_metadata_cardinality	1
1781385165	snap	4000	otelcol	otelcol-sb-esrev1-ctr-j7lcx	otelcol_process_runtime_total_alloc_bytes	46934936
1781385165	snap	4000	otelcol	otelcol-sb-esrev1-ctr-j7lcx	otelcol_process_cpu_seconds	7
1781385165	snap	4000	otelcol	otelcol-sb-esrev1-ctr-j7lcx	otelcol_process_runtime_heap_alloc_bytes	19487752
1781385165	snap	4000	otelcol	otelcol-sb-esrev1-ctr-j7lcx	otelcol_process_memory_rss	182956032
1781385165	snap	4000	otelcol	otelcol-sb-esrev1-ctr-j7lcx	otelcol_process_uptime	938
1781385165	snap	4000	otelcol	otelcol-sb-esrev1-ctr-j7lcx	otelcol_process_runtime_total_sys_memory_bytes	44546312
1781385165	snap	4000	otelcol	otelcol-sb-esrev1-ctr-j7lcx	otelcol_exporter_queue_size	0
1781385165	snap	4000	otelcol	otelcol-sb-esrev1-ctr-j7lcx	otelcol_exporter_queue_capacity	1001
1781385165	snap	4000	k8s	otelcol-sb-esrev1-ctr-9czsx	restart_count	0
1781385165	snap	4000	k8s	otelcol-sb-esrev1-ctr-bdbcb	restart_count	0
1781385165	snap	4000	k8s	otelcol-sb-esrev1-ctr-j2cng	restart_count	0
1781385165	snap	4000	k8s	otelcol-sb-esrev1-ctr-j7lcx	restart_count	0
1781385165	snap	4000	k8s	otelcol-sb-esrev1-ctr-mqr25	restart_count	0
1781385165	snap	4000	k8s	otelcol-sb-esrev1-ctr-r7tfk	restart_count	0
1781385165	snap	4000	k8s	otelcol-sb-esrev1-ctr-srbgp	restart_count	0
1781385165	snap	4000	k8s	otelcol-sb-esrev1-ctr-z4fxx	restart_count	0
1781385165	snap	4000	k8s	otelcol-sb-esrev1-ctr-zjs5l	restart_count	0
1781385165	snap	4000	sdk	wrk2api	spans_received	1400241
1781385165	snap	4000	sdk	wrk2api	spans_sent	487456
1781385165	snap	4000	sdk	wrk2api	spans_dropped	0
1781385165	snap	4000	sdk	wrk2api	spans_flushed	1400241
1781385165	snap	4000	sdk	wrk2api	batches_sent	4900
1781385165	snap	4000	sdk	wrk2api	batches_dropped	0
1781385165	snap	4000	sdk	wrk2api	send_unavailable	0
1781385165	snap	4000	sdk	wrk2api	send_deadline	0
1781385165	snap	4000	sdk	wrk2api	send_exhausted	0
1781385165	snap	4000	sdk	wrk2api	send_canceled	0
1781385165	snap	4000	sdk	wrk2api	send_other	0
1781385165	snap	4000	sdk	wrk2api	buffer_depth	0
0
1781385165	snap	4000	sdk	wrk2api	cp_received	646095
1781385165	snap	4000	sdk	wrk2api	lp_received	754146
1781385165	snap	4000	sdk	wrk2api	cp_sent	309514
1781385165	snap	4000	sdk	wrk2api	lp_sent	177942
1781385165	snap	4000	sdk	wrk2api	cp_dropped	0
1781385165	snap	4000	sdk	wrk2api	lp_dropped	0
1781385165	snap	4000	sdk	composepost	spans_received	5668588
1781385165	snap	4000	sdk	composepost	spans_sent	1348708
1781385165	snap	4000	sdk	composepost	spans_dropped	0
1781385165	snap	4000	sdk	composepost	spans_flushed	5668588
1781385165	snap	4000	sdk	composepost	batches_sent	14831
1781385165	snap	4000	sdk	composepost	batches_dropped	0
1781385165	snap	4000	sdk	composepost	send_unavailable	0
1781385165	snap	4000	sdk	composepost	send_deadline	0
1781385165	snap	4000	sdk	composepost	send_exhausted	0
1781385165	snap	4000	sdk	composepost	send_canceled	0
1781385165	snap	4000	sdk	composepost	send_other	0
1781385165	snap	4000	sdk	composepost	buffer_depth	0
0
1781385165	snap	4000	sdk	composepost	cp_received	4975653
1781385165	snap	4000	sdk	composepost	lp_received	692935
1781385165	snap	4000	sdk	composepost	cp_sent	1271731
1781385165	snap	4000	sdk	composepost	lp_sent	76977
1781385165	snap	4000	sdk	composepost	cp_dropped	0
1781385165	snap	4000	sdk	composepost	lp_dropped	0
1781385165	snap	4000	sdk	hometimeline	spans_received	1197692
1781385165	snap	4000	sdk	hometimeline	spans_sent	153642
1781385165	snap	4000	sdk	hometimeline	spans_dropped	0
1781385165	snap	4000	sdk	hometimeline	spans_flushed	1197692
1781385165	snap	4000	sdk	hometimeline	batches_sent	2660
1781385165	snap	4000	sdk	hometimeline	batches_dropped	0
1781385165	snap	4000	sdk	hometimeline	send_unavailable	0
1781385165	snap	4000	sdk	hometimeline	send_deadline	0
1781385165	snap	4000	sdk	hometimeline	send_exhausted	0
1781385165	snap	4000	sdk	hometimeline	send_canceled	0
1781385165	snap	4000	sdk	hometimeline	send_other	0
1781385165	snap	4000	sdk	hometimeline	buffer_depth	0
0
1781385165	snap	4000	sdk	hometimeline	cp_received	0
1781385165	snap	4000	sdk	hometimeline	lp_received	1197692
1781385165	snap	4000	sdk	hometimeline	cp_sent	0
1781385165	snap	4000	sdk	hometimeline	lp_sent	153642
1781385165	snap	4000	sdk	hometimeline	cp_dropped	0
1781385165	snap	4000	sdk	hometimeline	lp_dropped	0
1781385165	snap	4000	sdk	media	spans_received	679508
1781385165	snap	4000	sdk	media	spans_sent	521672
1781385165	snap	4000	sdk	media	spans_dropped	0
1781385165	snap	4000	sdk	media	spans_flushed	679508
1781385165	snap	4000	sdk	media	batches_sent	3873
1781385165	snap	4000	sdk	media	batches_dropped	0
1781385165	snap	4000	sdk	media	send_unavailable	0
1781385165	snap	4000	sdk	media	send_deadline	0
1781385165	snap	4000	sdk	media	send_exhausted	0
1781385165	snap	4000	sdk	media	send_canceled	0
1781385165	snap	4000	sdk	media	send_other	0
1781385165	snap	4000	sdk	media	buffer_depth	0
0
1781385165	snap	4000	sdk	media	cp_received	679508
1781385165	snap	4000	sdk	media	lp_received	0
1781385165	snap	4000	sdk	media	cp_sent	521672
1781385165	snap	4000	sdk	media	lp_sent	0
1781385165	snap	4000	sdk	media	cp_dropped	0
1781385165	snap	4000	sdk	media	lp_dropped	0
1781385165	snap	4000	sdk	post-storage	spans_received	595318
1781385165	snap	4000	sdk	post-storage	spans_sent	480296
1781385165	snap	4000	sdk	post-storage	spans_dropped	0
1781385165	snap	4000	sdk	post-storage	spans_flushed	595318
1781385165	snap	4000	sdk	post-storage	batches_sent	3490
1781385165	snap	4000	sdk	post-storage	batches_dropped	0
1781385165	snap	4000	sdk	post-storage	send_unavailable	0
1781385165	snap	4000	sdk	post-storage	send_deadline	0
1781385165	snap	4000	sdk	post-storage	send_exhausted	0
1781385165	snap	4000	sdk	post-storage	send_canceled	0
1781385165	snap	4000	sdk	post-storage	send_other	0
1781385165	snap	4000	sdk	post-storage	buffer_depth	0
0
1781385165	snap	4000	sdk	post-storage	cp_received	595318
1781385165	snap	4000	sdk	post-storage	lp_received	0
1781385165	snap	4000	sdk	post-storage	cp_sent	480296
1781385165	snap	4000	sdk	post-storage	lp_sent	0
1781385165	snap	4000	sdk	post-storage	cp_dropped	0
1781385165	snap	4000	sdk	post-storage	lp_dropped	0
1781385165	snap	4000	sdk	socialgraph	spans_received	706593
1781385165	snap	4000	sdk	socialgraph	spans_sent	560332
1781385165	snap	4000	sdk	socialgraph	spans_dropped	0
1781385165	snap	4000	sdk	socialgraph	spans_flushed	706593
1781385165	snap	4000	sdk	socialgraph	batches_sent	3829
1781385165	snap	4000	sdk	socialgraph	batches_dropped	0
1781385165	snap	4000	sdk	socialgraph	send_unavailable	0
1781385165	snap	4000	sdk	socialgraph	send_deadline	0
1781385165	snap	4000	sdk	socialgraph	send_exhausted	0
1781385165	snap	4000	sdk	socialgraph	send_canceled	0
1781385165	snap	4000	sdk	socialgraph	send_other	0
1781385165	snap	4000	sdk	socialgraph	buffer_depth	0
0
1781385165	snap	4000	sdk	socialgraph	cp_received	668969
1781385165	snap	4000	sdk	socialgraph	lp_received	37624
1781385165	snap	4000	sdk	socialgraph	cp_sent	522708
1781385165	snap	4000	sdk	socialgraph	lp_sent	37624
1781385165	snap	4000	sdk	socialgraph	cp_dropped	0
1781385165	snap	4000	sdk	socialgraph	lp_dropped	0
1781385165	snap	4000	sdk	text	spans_received	2124860
1781385165	snap	4000	sdk	text	spans_sent	352749
1781385165	snap	4000	sdk	text	spans_dropped	0
1781385165	snap	4000	sdk	text	spans_flushed	2124860
1781385165	snap	4000	sdk	text	batches_sent	4602
1781385165	snap	4000	sdk	text	batches_dropped	0
1781385165	snap	4000	sdk	text	send_unavailable	0
1781385165	snap	4000	sdk	text	send_deadline	0
1781385165	snap	4000	sdk	text	send_exhausted	0
1781385165	snap	4000	sdk	text	send_canceled	0
1781385165	snap	4000	sdk	text	send_other	0
1781385165	snap	4000	sdk	text	buffer_depth	0
0
1781385165	snap	4000	sdk	text	cp_received	0
1781385165	snap	4000	sdk	text	lp_received	2124860
1781385165	snap	4000	sdk	text	cp_sent	0
1781385165	snap	4000	sdk	text	lp_sent	352749
1781385165	snap	4000	sdk	text	cp_dropped	0
1781385165	snap	4000	sdk	text	lp_dropped	0
1781385165	snap	4000	sdk	uniqueid	spans_received	679548
1781385165	snap	4000	sdk	uniqueid	spans_sent	349819
1781385165	snap	4000	sdk	uniqueid	spans_dropped	0
1781385165	snap	4000	sdk	uniqueid	spans_flushed	679548
1781385165	snap	4000	sdk	uniqueid	batches_sent	2870
1781385165	snap	4000	sdk	uniqueid	batches_dropped	0
1781385165	snap	4000	sdk	uniqueid	send_unavailable	0
1781385165	snap	4000	sdk	uniqueid	send_deadline	0
1781385165	snap	4000	sdk	uniqueid	send_exhausted	0
1781385165	snap	4000	sdk	uniqueid	send_canceled	0
1781385165	snap	4000	sdk	uniqueid	send_other	0
1781385165	snap	4000	sdk	uniqueid	buffer_depth	0
0
1781385165	snap	4000	sdk	uniqueid	cp_received	679548
1781385165	snap	4000	sdk	uniqueid	lp_received	0
1781385165	snap	4000	sdk	uniqueid	cp_sent	349819
1781385165	snap	4000	sdk	uniqueid	lp_sent	0
1781385165	snap	4000	sdk	uniqueid	cp_dropped	0
1781385165	snap	4000	sdk	uniqueid	lp_dropped	0
1781385165	snap	4000	sdk	urlshorten	spans_received	666763
1781385165	snap	4000	sdk	urlshorten	spans_sent	465992
1781385165	snap	4000	sdk	urlshorten	spans_dropped	0
1781385165	snap	4000	sdk	urlshorten	spans_flushed	666763
1781385165	snap	4000	sdk	urlshorten	batches_sent	3340
1781385165	snap	4000	sdk	urlshorten	batches_dropped	0
1781385165	snap	4000	sdk	urlshorten	send_unavailable	0
1781385165	snap	4000	sdk	urlshorten	send_deadline	0
1781385165	snap	4000	sdk	urlshorten	send_exhausted	0
1781385165	snap	4000	sdk	urlshorten	send_canceled	0
1781385165	snap	4000	sdk	urlshorten	send_other	0
1781385165	snap	4000	sdk	urlshorten	buffer_depth	0
0
1781385165	snap	4000	sdk	urlshorten	cp_received	666763
1781385165	snap	4000	sdk	urlshorten	lp_received	0
1781385165	snap	4000	sdk	urlshorten	cp_sent	465992
1781385165	snap	4000	sdk	urlshorten	lp_sent	0
1781385165	snap	4000	sdk	urlshorten	cp_dropped	0
1781385165	snap	4000	sdk	urlshorten	lp_dropped	0
1781385165	snap	4000	sdk	user	spans_received	683744
1781385165	snap	4000	sdk	user	spans_sent	332217
1781385165	snap	4000	sdk	user	spans_dropped	0
1781385165	snap	4000	sdk	user	spans_flushed	683744
1781385165	snap	4000	sdk	user	batches_sent	2837
1781385165	snap	4000	sdk	user	batches_dropped	0
1781385165	snap	4000	sdk	user	send_unavailable	0
1781385165	snap	4000	sdk	user	send_deadline	0
1781385165	snap	4000	sdk	user	send_exhausted	0
1781385165	snap	4000	sdk	user	send_canceled	0
1781385165	snap	4000	sdk	user	send_other	0
1781385165	snap	4000	sdk	user	buffer_depth	0
0
1781385165	snap	4000	sdk	user	cp_received	682782
1781385165	snap	4000	sdk	user	lp_received	962
1781385165	snap	4000	sdk	user	cp_sent	331255
1781385165	snap	4000	sdk	user	lp_sent	962
1781385165	snap	4000	sdk	user	cp_dropped	0
1781385165	snap	4000	sdk	user	lp_dropped	0
1781385165	snap	4000	sdk	userid	spans_received	75248
1781385165	snap	4000	sdk	userid	spans_sent	75248
1781385165	snap	4000	sdk	userid	spans_dropped	0
1781385165	snap	4000	sdk	userid	spans_flushed	75248
1781385165	snap	4000	sdk	userid	batches_sent	250
1781385165	snap	4000	sdk	userid	batches_dropped	0
1781385165	snap	4000	sdk	userid	send_unavailable	0
1781385165	snap	4000	sdk	userid	send_deadline	0
1781385165	snap	4000	sdk	userid	send_exhausted	0
1781385165	snap	4000	sdk	userid	send_canceled	0
1781385165	snap	4000	sdk	userid	send_other	0
1781385165	snap	4000	sdk	userid	buffer_depth	0
0
1781385165	snap	4000	sdk	userid	cp_received	75248
1781385165	snap	4000	sdk	userid	lp_received	0
1781385165	snap	4000	sdk	userid	cp_sent	75248
1781385165	snap	4000	sdk	userid	lp_sent	0
1781385165	snap	4000	sdk	userid	cp_dropped	0
1781385165	snap	4000	sdk	userid	lp_dropped	0
1781385165	snap	4000	sdk	usermention	spans_received	666257
1781385165	snap	4000	sdk	usermention	spans_sent	336852
1781385165	snap	4000	sdk	usermention	spans_dropped	0
1781385165	snap	4000	sdk	usermention	spans_flushed	666257
1781385165	snap	4000	sdk	usermention	batches_sent	2785
1781385165	snap	4000	sdk	usermention	batches_dropped	0
1781385165	snap	4000	sdk	usermention	send_unavailable	0
1781385165	snap	4000	sdk	usermention	send_deadline	0
1781385165	snap	4000	sdk	usermention	send_exhausted	0
1781385165	snap	4000	sdk	usermention	send_canceled	0
1781385165	snap	4000	sdk	usermention	send_other	0
1781385165	snap	4000	sdk	usermention	buffer_depth	0
0
1781385165	snap	4000	sdk	usermention	cp_received	666257
1781385165	snap	4000	sdk	usermention	lp_received	0
1781385165	snap	4000	sdk	usermention	cp_sent	336852
1781385165	snap	4000	sdk	usermention	lp_sent	0
1781385165	snap	4000	sdk	usermention	cp_dropped	0
1781385165	snap	4000	sdk	usermention	lp_dropped	0
1781385165	snap	4000	sdk	usertimeline	spans_received	594859
1781385165	snap	4000	sdk	usertimeline	spans_sent	472399
1781385165	snap	4000	sdk	usertimeline	spans_dropped	0
1781385165	snap	4000	sdk	usertimeline	spans_flushed	594859
1781385165	snap	4000	sdk	usertimeline	batches_sent	3480
1781385165	snap	4000	sdk	usertimeline	batches_dropped	0
1781385165	snap	4000	sdk	usertimeline	send_unavailable	0
1781385165	snap	4000	sdk	usertimeline	send_deadline	0
1781385165	snap	4000	sdk	usertimeline	send_exhausted	0
1781385165	snap	4000	sdk	usertimeline	send_canceled	0
1781385165	snap	4000	sdk	usertimeline	send_other	0
1781385165	snap	4000	sdk	usertimeline	buffer_depth	0
0
1781385165	snap	4000	sdk	usertimeline	cp_received	594859
1781385165	snap	4000	sdk	usertimeline	lp_received	0
1781385165	snap	4000	sdk	usertimeline	cp_sent	472399
1781385165	snap	4000	sdk	usertimeline	lp_sent	0
1781385165	snap	4000	sdk	usertimeline	cp_dropped	0
1781385165	snap	4000	sdk	usertimeline	lp_dropped	0
1781385233	snap	4000	otelcol	otelcol-sb-esrev1-ctr-9czsx	otelcol_process_memory_rss	327958528
1781385233	snap	4000	otelcol	otelcol-sb-esrev1-ctr-9czsx	otelcol_receiver_accepted_spans	487882
1781385233	snap	4000	otelcol	otelcol-sb-esrev1-ctr-9czsx	otelcol_processor_outgoing_items	487882
1781385233	snap	4000	otelcol	otelcol-sb-esrev1-ctr-9czsx	otelcol_process_runtime_heap_alloc_bytes	144897992
1781385233	snap	4000	otelcol	otelcol-sb-esrev1-ctr-9czsx	otelcol_process_cpu_seconds	145
1781385233	snap	4000	otelcol	otelcol-sb-esrev1-ctr-9czsx	otelcol_exporter_queue_batch_send_size_sum	487882
1781385233	snap	4000	otelcol	otelcol-sb-esrev1-ctr-9czsx	otelcol_receiver_failed_spans	0
1781385233	snap	4000	otelcol	otelcol-sb-esrev1-ctr-9czsx	otelcol_process_uptime	1007
1781385233	snap	4000	otelcol	otelcol-sb-esrev1-ctr-9czsx	otelcol_process_runtime_total_sys_memory_bytes	220588344
1781385233	snap	4000	otelcol	otelcol-sb-esrev1-ctr-9czsx	otelcol_exporter_send_failed_spans	0
1781385233	snap	4000	otelcol	otelcol-sb-esrev1-ctr-9czsx	otelcol_exporter_queue_capacity	1001
1781385233	snap	4000	otelcol	otelcol-sb-esrev1-ctr-9czsx	otelcol_processor_batch_metadata_cardinality	1
1781385233	snap	4000	otelcol	otelcol-sb-esrev1-ctr-9czsx	otelcol_process_runtime_total_alloc_bytes	6447905608
1781385233	snap	4000	otelcol	otelcol-sb-esrev1-ctr-9czsx	otelcol_processor_batch_timeout_trigger_send	1833
1781385233	snap	4000	otelcol	otelcol-sb-esrev1-ctr-9czsx	otelcol_processor_batch_batch_send_size_sum	487882
1781385233	snap	4000	otelcol	otelcol-sb-esrev1-ctr-9czsx	otelcol_exporter_sent_spans	224294
1781385233	snap	4000	otelcol	otelcol-sb-esrev1-ctr-9czsx	otelcol_exporter_queue_size	821
1781385233	snap	4000	otelcol	otelcol-sb-esrev1-ctr-9czsx	otelcol_receiver_refused_spans	7638163
1781385233	snap	4000	otelcol	otelcol-sb-esrev1-ctr-9czsx	otelcol_processor_incoming_items	8126045
1781385233	snap	4000	otelcol	otelcol-sb-esrev1-ctr-r7tfk	otelcol_processor_batch_batch_send_size_sum	1595471
1781385233	snap	4000	otelcol	otelcol-sb-esrev1-ctr-r7tfk	otelcol_process_uptime	1006
1781385233	snap	4000	otelcol	otelcol-sb-esrev1-ctr-r7tfk	otelcol_processor_outgoing_items	1595471
1781385233	snap	4000	otelcol	otelcol-sb-esrev1-ctr-r7tfk	otelcol_exporter_queue_batch_send_size_sum	1595471
1781385233	snap	4000	otelcol	otelcol-sb-esrev1-ctr-r7tfk	otelcol_receiver_failed_spans	0
1781385233	snap	4000	otelcol	otelcol-sb-esrev1-ctr-r7tfk	otelcol_processor_batch_batch_size_trigger_send	16
1781385233	snap	4000	otelcol	otelcol-sb-esrev1-ctr-r7tfk	otelcol_receiver_refused_spans	17655484
1781385233	snap	4000	otelcol	otelcol-sb-esrev1-ctr-r7tfk	otelcol_receiver_accepted_spans	1595471
1781385233	snap	4000	otelcol	otelcol-sb-esrev1-ctr-r7tfk	otelcol_process_cpu_seconds	278
1781385233	snap	4000	otelcol	otelcol-sb-esrev1-ctr-r7tfk	otelcol_processor_batch_metadata_cardinality	1
1781385233	snap	4000	otelcol	otelcol-sb-esrev1-ctr-r7tfk	otelcol_process_runtime_total_alloc_bytes	15306081344
1781385233	snap	4000	otelcol	otelcol-sb-esrev1-ctr-r7tfk	otelcol_process_runtime_heap_alloc_bytes	137218184
1781385233	snap	4000	otelcol	otelcol-sb-esrev1-ctr-r7tfk	otelcol_process_memory_rss	320360448
1781385233	snap	4000	otelcol	otelcol-sb-esrev1-ctr-r7tfk	otelcol_exporter_queue_capacity	1001
1781385233	snap	4000	otelcol	otelcol-sb-esrev1-ctr-r7tfk	otelcol_processor_batch_timeout_trigger_send	1023
1781385233	snap	4000	otelcol	otelcol-sb-esrev1-ctr-r7tfk	otelcol_exporter_send_failed_spans	0
1781385233	snap	4000	otelcol	otelcol-sb-esrev1-ctr-r7tfk	otelcol_exporter_sent_spans	1428831
1781385233	snap	4000	otelcol	otelcol-sb-esrev1-ctr-r7tfk	otelcol_exporter_queue_size	111
1781385233	snap	4000	otelcol	otelcol-sb-esrev1-ctr-r7tfk	otelcol_processor_incoming_items	19250955
1781385233	snap	4000	otelcol	otelcol-sb-esrev1-ctr-r7tfk	otelcol_process_runtime_total_sys_memory_bytes	253884744
1781385233	snap	4000	otelcol	otelcol-sb-esrev1-ctr-srbgp	otelcol_processor_batch_batch_send_size_sum	565302
1781385233	snap	4000	otelcol	otelcol-sb-esrev1-ctr-srbgp	otelcol_exporter_sent_spans	331794
1781385233	snap	4000	otelcol	otelcol-sb-esrev1-ctr-srbgp	otelcol_exporter_queue_size	765
1781385233	snap	4000	otelcol	otelcol-sb-esrev1-ctr-srbgp	otelcol_exporter_queue_capacity	1001
1781385233	snap	4000	otelcol	otelcol-sb-esrev1-ctr-srbgp	otelcol_processor_incoming_items	5196081
1781385233	snap	4000	otelcol	otelcol-sb-esrev1-ctr-srbgp	otelcol_receiver_failed_spans	0
1781385233	snap	4000	otelcol	otelcol-sb-esrev1-ctr-srbgp	otelcol_processor_outgoing_items	565302
1781385233	snap	4000	otelcol	otelcol-sb-esrev1-ctr-srbgp	otelcol_process_runtime_heap_alloc_bytes	130461016
1781385233	snap	4000	otelcol	otelcol-sb-esrev1-ctr-srbgp	otelcol_processor_batch_metadata_cardinality	1
1781385233	snap	4000	otelcol	otelcol-sb-esrev1-ctr-srbgp	otelcol_receiver_refused_spans	4630779
1781385233	snap	4000	otelcol	otelcol-sb-esrev1-ctr-srbgp	otelcol_processor_batch_timeout_trigger_send	1928
1781385233	snap	4000	otelcol	otelcol-sb-esrev1-ctr-srbgp	otelcol_process_runtime_total_sys_memory_bytes	215607608
1781385233	snap	4000	otelcol	otelcol-sb-esrev1-ctr-srbgp	otelcol_process_cpu_seconds	90
1781385233	snap	4000	otelcol	otelcol-sb-esrev1-ctr-srbgp	otelcol_exporter_queue_batch_send_size_sum	565302
1781385233	snap	4000	otelcol	otelcol-sb-esrev1-ctr-srbgp	otelcol_process_runtime_total_alloc_bytes	4209393800
1781385233	snap	4000	otelcol	otelcol-sb-esrev1-ctr-srbgp	otelcol_process_memory_rss	320184320
1781385233	snap	4000	otelcol	otelcol-sb-esrev1-ctr-srbgp	otelcol_process_uptime	1009
1781385233	snap	4000	otelcol	otelcol-sb-esrev1-ctr-srbgp	otelcol_receiver_accepted_spans	565302
1781385233	snap	4000	otelcol	otelcol-sb-esrev1-ctr-srbgp	otelcol_exporter_send_failed_spans	0
1781385233	snap	4000	otelcol	otelcol-sb-esrev1-ctr-j2cng	otelcol_processor_incoming_items	5028412
1781385233	snap	4000	otelcol	otelcol-sb-esrev1-ctr-j2cng	otelcol_exporter_queue_capacity	1001
1781385233	snap	4000	otelcol	otelcol-sb-esrev1-ctr-j2cng	otelcol_process_memory_rss	323059712
1781385233	snap	4000	otelcol	otelcol-sb-esrev1-ctr-j2cng	otelcol_processor_outgoing_items	475930
1781385233	snap	4000	otelcol	otelcol-sb-esrev1-ctr-j2cng	otelcol_receiver_refused_spans	4552482
1781385233	snap	4000	otelcol	otelcol-sb-esrev1-ctr-j2cng	otelcol_process_cpu_seconds	89
1781385233	snap	4000	otelcol	otelcol-sb-esrev1-ctr-j2cng	otelcol_exporter_queue_batch_send_size_sum	475930
1781385233	snap	4000	otelcol	otelcol-sb-esrev1-ctr-j2cng	otelcol_exporter_sent_spans	210163
1781385233	snap	4000	otelcol	otelcol-sb-esrev1-ctr-j2cng	otelcol_exporter_send_failed_spans	0
1781385233	snap	4000	otelcol	otelcol-sb-esrev1-ctr-j2cng	otelcol_process_runtime_total_alloc_bytes	4096034640
1781385233	snap	4000	otelcol	otelcol-sb-esrev1-ctr-j2cng	otelcol_processor_batch_batch_send_size_sum	475930
1781385233	snap	4000	otelcol	otelcol-sb-esrev1-ctr-j2cng	otelcol_receiver_failed_spans	0
1781385233	snap	4000	otelcol	otelcol-sb-esrev1-ctr-j2cng	otelcol_process_runtime_heap_alloc_bytes	131160760
1781385233	snap	4000	otelcol	otelcol-sb-esrev1-ctr-j2cng	otelcol_processor_batch_metadata_cardinality	1
1781385233	snap	4000	otelcol	otelcol-sb-esrev1-ctr-j2cng	otelcol_process_uptime	1007
1781385233	snap	4000	otelcol	otelcol-sb-esrev1-ctr-j2cng	otelcol_process_runtime_total_sys_memory_bytes	216197432
1781385233	snap	4000	otelcol	otelcol-sb-esrev1-ctr-j2cng	otelcol_exporter_queue_size	850
1781385233	snap	4000	otelcol	otelcol-sb-esrev1-ctr-j2cng	otelcol_receiver_accepted_spans	475930
1781385233	snap	4000	otelcol	otelcol-sb-esrev1-ctr-j2cng	otelcol_processor_batch_timeout_trigger_send	1827
1781385233	snap	4000	otelcol	otelcol-sb-esrev1-ctr-z4fxx	otelcol_receiver_failed_spans	0
1781385233	snap	4000	otelcol	otelcol-sb-esrev1-ctr-z4fxx	otelcol_processor_batch_batch_send_size_sum	727266
1781385233	snap	4000	otelcol	otelcol-sb-esrev1-ctr-z4fxx	otelcol_exporter_send_failed_spans	0
1781385233	snap	4000	otelcol	otelcol-sb-esrev1-ctr-z4fxx	otelcol_processor_incoming_items	13150842
1781385233	snap	4000	otelcol	otelcol-sb-esrev1-ctr-z4fxx	otelcol_exporter_queue_size	696
1781385233	snap	4000	otelcol	otelcol-sb-esrev1-ctr-z4fxx	otelcol_receiver_accepted_spans	727266
1781385233	snap	4000	otelcol	otelcol-sb-esrev1-ctr-z4fxx	otelcol_processor_batch_metadata_cardinality	1
1781385233	snap	4000	otelcol	otelcol-sb-esrev1-ctr-z4fxx	otelcol_process_runtime_total_alloc_bytes	9666149528
1781385233	snap	4000	otelcol	otelcol-sb-esrev1-ctr-z4fxx	otelcol_process_memory_rss	321998848
1781385233	snap	4000	otelcol	otelcol-sb-esrev1-ctr-z4fxx	otelcol_processor_batch_timeout_trigger_send	1701
1781385233	snap	4000	otelcol	otelcol-sb-esrev1-ctr-z4fxx	otelcol_receiver_refused_spans	12423576
1781385233	snap	4000	otelcol	otelcol-sb-esrev1-ctr-z4fxx	otelcol_process_runtime_total_sys_memory_bytes	224586040
1781385233	snap	4000	otelcol	otelcol-sb-esrev1-ctr-z4fxx	otelcol_exporter_queue_capacity	1001
1781385233	snap	4000	otelcol	otelcol-sb-esrev1-ctr-z4fxx	otelcol_processor_outgoing_items	727266
1781385233	snap	4000	otelcol	otelcol-sb-esrev1-ctr-z4fxx	otelcol_process_uptime	1007
1781385233	snap	4000	otelcol	otelcol-sb-esrev1-ctr-z4fxx	otelcol_process_runtime_heap_alloc_bytes	143420264
1781385233	snap	4000	otelcol	otelcol-sb-esrev1-ctr-z4fxx	otelcol_process_cpu_seconds	184
1781385233	snap	4000	otelcol	otelcol-sb-esrev1-ctr-z4fxx	otelcol_exporter_sent_spans	455749
1781385233	snap	4000	otelcol	otelcol-sb-esrev1-ctr-z4fxx	otelcol_exporter_queue_batch_send_size_sum	727266
1781385233	snap	4000	otelcol	otelcol-sb-esrev1-ctr-bdbcb	otelcol_processor_incoming_items	4202126
1781385233	snap	4000	otelcol	otelcol-sb-esrev1-ctr-bdbcb	otelcol_processor_batch_batch_send_size_sum	485670
1781385233	snap	4000	otelcol	otelcol-sb-esrev1-ctr-bdbcb	otelcol_process_uptime	1007
1781385233	snap	4000	otelcol	otelcol-sb-esrev1-ctr-bdbcb	otelcol_receiver_accepted_spans	485670
1781385233	snap	4000	otelcol	otelcol-sb-esrev1-ctr-bdbcb	otelcol_process_memory_rss	320315392
1781385233	snap	4000	otelcol	otelcol-sb-esrev1-ctr-bdbcb	otelcol_process_cpu_seconds	86
1781385233	snap	4000	otelcol	otelcol-sb-esrev1-ctr-bdbcb	otelcol_receiver_refused_spans	3716456
1781385233	snap	4000	otelcol	otelcol-sb-esrev1-ctr-bdbcb	otelcol_exporter_sent_spans	228115
1781385233	snap	4000	otelcol	otelcol-sb-esrev1-ctr-bdbcb	otelcol_exporter_queue_capacity	1001
1781385233	snap	4000	otelcol	otelcol-sb-esrev1-ctr-bdbcb	otelcol_exporter_queue_batch_send_size_sum	485670
1781385233	snap	4000	otelcol	otelcol-sb-esrev1-ctr-bdbcb	otelcol_process_runtime_total_sys_memory_bytes	224651576
1781385233	snap	4000	otelcol	otelcol-sb-esrev1-ctr-bdbcb	otelcol_processor_outgoing_items	485670
1781385233	snap	4000	otelcol	otelcol-sb-esrev1-ctr-bdbcb	otelcol_process_runtime_heap_alloc_bytes	130578360
1781385233	snap	4000	otelcol	otelcol-sb-esrev1-ctr-bdbcb	otelcol_processor_batch_metadata_cardinality	1
1781385233	snap	4000	otelcol	otelcol-sb-esrev1-ctr-bdbcb	otelcol_process_runtime_total_alloc_bytes	3600078104
1781385233	snap	4000	otelcol	otelcol-sb-esrev1-ctr-bdbcb	otelcol_exporter_queue_size	835
1781385233	snap	4000	otelcol	otelcol-sb-esrev1-ctr-bdbcb	otelcol_processor_batch_timeout_trigger_send	1854
1781385233	snap	4000	otelcol	otelcol-sb-esrev1-ctr-bdbcb	otelcol_exporter_send_failed_spans	0
1781385233	snap	4000	otelcol	otelcol-sb-esrev1-ctr-bdbcb	otelcol_receiver_failed_spans	0
1781385233	snap	4000	otelcol	otelcol-sb-esrev1-ctr-zjs5l	otelcol_receiver_refused_spans	20313111
1781385233	snap	4000	otelcol	otelcol-sb-esrev1-ctr-zjs5l	otelcol_processor_batch_timeout_trigger_send	1850
1781385233	snap	4000	otelcol	otelcol-sb-esrev1-ctr-zjs5l	otelcol_exporter_sent_spans	769270
1781385233	snap	4000	otelcol	otelcol-sb-esrev1-ctr-zjs5l	otelcol_receiver_failed_spans	0
1781385233	snap	4000	otelcol	otelcol-sb-esrev1-ctr-zjs5l	otelcol_process_runtime_total_sys_memory_bytes	220457272
1781385233	snap	4000	otelcol	otelcol-sb-esrev1-ctr-zjs5l	otelcol_process_uptime	1006
1781385233	snap	4000	otelcol	otelcol-sb-esrev1-ctr-zjs5l	otelcol_exporter_queue_size	676
1781385233	snap	4000	otelcol	otelcol-sb-esrev1-ctr-zjs5l	otelcol_receiver_accepted_spans	981999
1781385233	snap	4000	otelcol	otelcol-sb-esrev1-ctr-zjs5l	otelcol_process_runtime_total_alloc_bytes	14012410456
1781385233	snap	4000	otelcol	otelcol-sb-esrev1-ctr-zjs5l	otelcol_process_runtime_heap_alloc_bytes	122894112
1781385233	snap	4000	otelcol	otelcol-sb-esrev1-ctr-zjs5l	otelcol_processor_batch_batch_send_size_sum	981999
1781385233	snap	4000	otelcol	otelcol-sb-esrev1-ctr-zjs5l	otelcol_process_memory_rss	326418432
1781385233	snap	4000	otelcol	otelcol-sb-esrev1-ctr-zjs5l	otelcol_exporter_queue_capacity	1001
1781385233	snap	4000	otelcol	otelcol-sb-esrev1-ctr-zjs5l	otelcol_exporter_queue_batch_send_size_sum	981999
1781385233	snap	4000	otelcol	otelcol-sb-esrev1-ctr-zjs5l	otelcol_processor_incoming_items	21295110
1781385233	snap	4000	otelcol	otelcol-sb-esrev1-ctr-zjs5l	otelcol_processor_outgoing_items	981999
1781385233	snap	4000	otelcol	otelcol-sb-esrev1-ctr-zjs5l	otelcol_processor_batch_metadata_cardinality	1
1781385233	snap	4000	otelcol	otelcol-sb-esrev1-ctr-zjs5l	otelcol_process_cpu_seconds	202
1781385233	snap	4000	otelcol	otelcol-sb-esrev1-ctr-zjs5l	otelcol_exporter_send_failed_spans	0
1781385233	snap	4000	otelcol	otelcol-sb-esrev1-ctr-mqr25	otelcol_processor_batch_timeout_trigger_send	1636
1781385233	snap	4000	otelcol	otelcol-sb-esrev1-ctr-mqr25	otelcol_exporter_queue_size	553
1781385233	snap	4000	otelcol	otelcol-sb-esrev1-ctr-mqr25	otelcol_processor_incoming_items	23095265
1781385233	snap	4000	otelcol	otelcol-sb-esrev1-ctr-mqr25	otelcol_processor_batch_batch_send_size_sum	859860
1781385233	snap	4000	otelcol	otelcol-sb-esrev1-ctr-mqr25	otelcol_process_runtime_heap_alloc_bytes	145763032
1781385233	snap	4000	otelcol	otelcol-sb-esrev1-ctr-mqr25	otelcol_processor_outgoing_items	859860
1781385233	snap	4000	otelcol	otelcol-sb-esrev1-ctr-mqr25	otelcol_process_runtime_total_alloc_bytes	18847624384
1781385233	snap	4000	otelcol	otelcol-sb-esrev1-ctr-mqr25	otelcol_exporter_send_failed_spans	0
1781385233	snap	4000	otelcol	otelcol-sb-esrev1-ctr-mqr25	otelcol_receiver_failed_spans	0
1781385233	snap	4000	otelcol	otelcol-sb-esrev1-ctr-mqr25	otelcol_process_memory_rss	328286208
1781385233	snap	4000	otelcol	otelcol-sb-esrev1-ctr-mqr25	otelcol_process_cpu_seconds	308
1781385233	snap	4000	otelcol	otelcol-sb-esrev1-ctr-mqr25	otelcol_processor_batch_metadata_cardinality	1
1781385233	snap	4000	otelcol	otelcol-sb-esrev1-ctr-mqr25	otelcol_process_uptime	1007
1781385233	snap	4000	otelcol	otelcol-sb-esrev1-ctr-mqr25	otelcol_exporter_sent_spans	624890
1781385233	snap	4000	otelcol	otelcol-sb-esrev1-ctr-mqr25	otelcol_exporter_queue_batch_send_size_sum	859860
1781385233	snap	4000	otelcol	otelcol-sb-esrev1-ctr-mqr25	otelcol_receiver_refused_spans	22235405
1781385233	snap	4000	otelcol	otelcol-sb-esrev1-ctr-mqr25	otelcol_process_runtime_total_sys_memory_bytes	225634616
1781385233	snap	4000	otelcol	otelcol-sb-esrev1-ctr-mqr25	otelcol_receiver_accepted_spans	859860
1781385233	snap	4000	otelcol	otelcol-sb-esrev1-ctr-mqr25	otelcol_exporter_queue_capacity	1001
1781385233	snap	4000	otelcol	otelcol-sb-esrev1-ctr-j7lcx	otelcol_processor_batch_metadata_cardinality	1
1781385233	snap	4000	otelcol	otelcol-sb-esrev1-ctr-j7lcx	otelcol_process_runtime_total_alloc_bytes	47745080
1781385233	snap	4000	otelcol	otelcol-sb-esrev1-ctr-j7lcx	otelcol_process_cpu_seconds	7
1781385233	snap	4000	otelcol	otelcol-sb-esrev1-ctr-j7lcx	otelcol_process_runtime_heap_alloc_bytes	18478960
1781385233	snap	4000	otelcol	otelcol-sb-esrev1-ctr-j7lcx	otelcol_process_memory_rss	182964224
1781385233	snap	4000	otelcol	otelcol-sb-esrev1-ctr-j7lcx	otelcol_process_uptime	1006
1781385233	snap	4000	otelcol	otelcol-sb-esrev1-ctr-j7lcx	otelcol_process_runtime_total_sys_memory_bytes	44546312
1781385233	snap	4000	otelcol	otelcol-sb-esrev1-ctr-j7lcx	otelcol_exporter_queue_size	0
1781385233	snap	4000	otelcol	otelcol-sb-esrev1-ctr-j7lcx	otelcol_exporter_queue_capacity	1001
1781385233	snap	4000	k8s	otelcol-sb-esrev1-ctr-9czsx	restart_count	0
1781385233	snap	4000	k8s	otelcol-sb-esrev1-ctr-bdbcb	restart_count	0
1781385233	snap	4000	k8s	otelcol-sb-esrev1-ctr-j2cng	restart_count	0
1781385233	snap	4000	k8s	otelcol-sb-esrev1-ctr-j7lcx	restart_count	0
1781385233	snap	4000	k8s	otelcol-sb-esrev1-ctr-mqr25	restart_count	0
1781385233	snap	4000	k8s	otelcol-sb-esrev1-ctr-r7tfk	restart_count	0
1781385233	snap	4000	k8s	otelcol-sb-esrev1-ctr-srbgp	restart_count	0
1781385233	snap	4000	k8s	otelcol-sb-esrev1-ctr-z4fxx	restart_count	0
1781385233	snap	4000	k8s	otelcol-sb-esrev1-ctr-zjs5l	restart_count	0
1781385233	snap	4000	sdk	wrk2api	spans_received	1467803
1781385233	snap	4000	sdk	wrk2api	spans_sent	500640
1781385233	snap	4000	sdk	wrk2api	spans_dropped	0
1781385233	snap	4000	sdk	wrk2api	spans_flushed	1467803
1781385233	snap	4000	sdk	wrk2api	batches_sent	5081
1781385233	snap	4000	sdk	wrk2api	batches_dropped	0
1781385233	snap	4000	sdk	wrk2api	send_unavailable	0
1781385233	snap	4000	sdk	wrk2api	send_deadline	0
1781385233	snap	4000	sdk	wrk2api	send_exhausted	0
1781385233	snap	4000	sdk	wrk2api	send_canceled	0
1781385233	snap	4000	sdk	wrk2api	send_other	0
1781385233	snap	4000	sdk	wrk2api	buffer_depth	0
0
1781385233	snap	4000	sdk	wrk2api	cp_received	663967
1781385233	snap	4000	sdk	wrk2api	lp_received	803836
1781385233	snap	4000	sdk	wrk2api	cp_sent	322698
1781385233	snap	4000	sdk	wrk2api	lp_sent	177942
1781385233	snap	4000	sdk	wrk2api	cp_dropped	0
1781385233	snap	4000	sdk	wrk2api	lp_dropped	0
1781385233	snap	4000	sdk	hometimeline	spans_received	1207792
1781385233	snap	4000	sdk	hometimeline	spans_sent	153642
1781385233	snap	4000	sdk	hometimeline	spans_dropped	0
1781385233	snap	4000	sdk	hometimeline	spans_flushed	1207792
1781385233	snap	4000	sdk	hometimeline	batches_sent	2660
1781385233	snap	4000	sdk	hometimeline	batches_dropped	0
1781385233	snap	4000	sdk	hometimeline	send_unavailable	0
1781385233	snap	4000	sdk	hometimeline	send_deadline	0
1781385233	snap	4000	sdk	hometimeline	send_exhausted	0
1781385233	snap	4000	sdk	hometimeline	send_canceled	0
1781385233	snap	4000	sdk	hometimeline	send_other	0
1781385233	snap	4000	sdk	hometimeline	buffer_depth	0
0
1781385233	snap	4000	sdk	hometimeline	cp_received	0
1781385233	snap	4000	sdk	hometimeline	lp_received	1207792
1781385233	snap	4000	sdk	hometimeline	cp_sent	0
1781385233	snap	4000	sdk	hometimeline	lp_sent	153642
1781385233	snap	4000	sdk	hometimeline	cp_dropped	0
1781385233	snap	4000	sdk	hometimeline	lp_dropped	0
1781385233	snap	4000	sdk	media	spans_received	709208
1781385233	snap	4000	sdk	media	spans_sent	551372
1781385233	snap	4000	sdk	media	spans_dropped	0
1781385233	snap	4000	sdk	media	spans_flushed	709208
1781385233	snap	4000	sdk	media	batches_sent	4026
1781385233	snap	4000	sdk	media	batches_dropped	0
1781385233	snap	4000	sdk	media	send_unavailable	0
1781385233	snap	4000	sdk	media	send_deadline	0
1781385233	snap	4000	sdk	media	send_exhausted	0
1781385233	snap	4000	sdk	media	send_canceled	0
1781385233	snap	4000	sdk	media	send_other	0
1781385233	snap	4000	sdk	media	buffer_depth	0
0
1781385233	snap	4000	sdk	media	cp_received	709208
1781385233	snap	4000	sdk	media	lp_received	0
1781385233	snap	4000	sdk	media	cp_sent	551372
1781385233	snap	4000	sdk	media	lp_sent	0
1781385233	snap	4000	sdk	media	cp_dropped	0
1781385233	snap	4000	sdk	media	lp_dropped	0
1781385233	snap	4000	sdk	post-storage	spans_received	600279
1781385233	snap	4000	sdk	post-storage	spans_sent	485257
1781385233	snap	4000	sdk	post-storage	spans_dropped	0
1781385233	snap	4000	sdk	post-storage	spans_flushed	600279
1781385233	snap	4000	sdk	post-storage	batches_sent	3522
1781385233	snap	4000	sdk	post-storage	batches_dropped	0
1781385233	snap	4000	sdk	post-storage	send_unavailable	0
1781385233	snap	4000	sdk	post-storage	send_deadline	0
1781385233	snap	4000	sdk	post-storage	send_exhausted	0
1781385233	snap	4000	sdk	post-storage	send_canceled	0
1781385233	snap	4000	sdk	post-storage	send_other	0
1781385233	snap	4000	sdk	post-storage	buffer_depth	0
0
1781385233	snap	4000	sdk	post-storage	cp_received	600279
1781385233	snap	4000	sdk	post-storage	lp_received	0
1781385233	snap	4000	sdk	post-storage	cp_sent	485257
1781385233	snap	4000	sdk	post-storage	lp_sent	0
1781385233	snap	4000	sdk	post-storage	cp_dropped	0
1781385233	snap	4000	sdk	post-storage	lp_dropped	0
1781385233	snap	4000	sdk	socialgraph	spans_received	711381
1781385233	snap	4000	sdk	socialgraph	spans_sent	565120
1781385233	snap	4000	sdk	socialgraph	spans_dropped	0
1781385233	snap	4000	sdk	socialgraph	spans_flushed	711381
1781385233	snap	4000	sdk	socialgraph	batches_sent	3866
1781385233	snap	4000	sdk	socialgraph	batches_dropped	0
1781385233	snap	4000	sdk	socialgraph	send_unavailable	0
1781385233	snap	4000	sdk	socialgraph	send_deadline	0
1781385233	snap	4000	sdk	socialgraph	send_exhausted	0
1781385233	snap	4000	sdk	socialgraph	send_canceled	0
1781385233	snap	4000	sdk	socialgraph	send_other	0
1781385233	snap	4000	sdk	socialgraph	buffer_depth	0
0
1781385233	snap	4000	sdk	socialgraph	cp_received	673757
1781385233	snap	4000	sdk	socialgraph	lp_received	37624
1781385233	snap	4000	sdk	socialgraph	cp_sent	527496
1781385233	snap	4000	sdk	socialgraph	lp_sent	37624
1781385233	snap	4000	sdk	socialgraph	cp_dropped	0
1781385233	snap	4000	sdk	socialgraph	lp_dropped	0
1781385233	snap	4000	sdk	text	spans_received	2255808
1781385233	snap	4000	sdk	text	spans_sent	352749
1781385233	snap	4000	sdk	text	spans_dropped	0
1781385233	snap	4000	sdk	text	spans_flushed	2253864
1781385233	snap	4000	sdk	text	batches_sent	4602
1781385233	snap	4000	sdk	text	batches_dropped	0
1781385233	snap	4000	sdk	text	send_unavailable	0
1781385233	snap	4000	sdk	text	send_deadline	0
1781385233	snap	4000	sdk	text	send_exhausted	0
1781385233	snap	4000	sdk	text	send_canceled	0
1781385233	snap	4000	sdk	text	send_other	0
1781385233	snap	4000	sdk	text	buffer_depth	0
1944
1781385233	snap	4000	sdk	text	cp_received	0
1781385233	snap	4000	sdk	text	lp_received	2255808
1781385233	snap	4000	sdk	text	cp_sent	0
1781385233	snap	4000	sdk	text	lp_sent	352749
1781385233	snap	4000	sdk	text	cp_dropped	0
1781385233	snap	4000	sdk	text	lp_dropped	0
1781385233	snap	4000	sdk	uniqueid	spans_received	710294
1781385233	snap	4000	sdk	uniqueid	spans_sent	373430
1781385233	snap	4000	sdk	uniqueid	spans_dropped	0
1781385233	snap	4000	sdk	uniqueid	spans_flushed	710294
1781385233	snap	4000	sdk	uniqueid	batches_sent	2983
1781385233	snap	4000	sdk	uniqueid	batches_dropped	0
1781385233	snap	4000	sdk	uniqueid	send_unavailable	0
1781385233	snap	4000	sdk	uniqueid	send_deadline	0
1781385233	snap	4000	sdk	uniqueid	send_exhausted	0
1781385233	snap	4000	sdk	uniqueid	send_canceled	0
1781385233	snap	4000	sdk	uniqueid	send_other	0
1781385233	snap	4000	sdk	uniqueid	buffer_depth	0
0
1781385233	snap	4000	sdk	uniqueid	cp_received	710294
1781385233	snap	4000	sdk	uniqueid	lp_received	0
1781385233	snap	4000	sdk	uniqueid	cp_sent	373430
1781385233	snap	4000	sdk	uniqueid	lp_sent	0
1781385233	snap	4000	sdk	uniqueid	cp_dropped	0
1781385233	snap	4000	sdk	uniqueid	lp_dropped	0
1781385233	snap	4000	sdk	urlshorten	spans_received	692013
1781385233	snap	4000	sdk	urlshorten	spans_sent	487587
1781385233	snap	4000	sdk	urlshorten	spans_dropped	0
1781385233	snap	4000	sdk	urlshorten	spans_flushed	692013
1781385233	snap	4000	sdk	urlshorten	batches_sent	3441
1781385233	snap	4000	sdk	urlshorten	batches_dropped	0
1781385233	snap	4000	sdk	urlshorten	send_unavailable	0
1781385233	snap	4000	sdk	urlshorten	send_deadline	0
1781385233	snap	4000	sdk	urlshorten	send_exhausted	0
1781385233	snap	4000	sdk	urlshorten	send_canceled	0
1781385233	snap	4000	sdk	urlshorten	send_other	0
1781385233	snap	4000	sdk	urlshorten	buffer_depth	0
0
1781385233	snap	4000	sdk	urlshorten	cp_received	692013
1781385233	snap	4000	sdk	urlshorten	lp_received	0
1781385233	snap	4000	sdk	urlshorten	cp_sent	487587
1781385233	snap	4000	sdk	urlshorten	lp_sent	0
1781385233	snap	4000	sdk	urlshorten	cp_dropped	0
1781385233	snap	4000	sdk	urlshorten	lp_dropped	0
1781385233	snap	4000	sdk	user	spans_received	715024
1781385233	snap	4000	sdk	user	spans_sent	356270
1781385233	snap	4000	sdk	user	spans_dropped	0
1781385233	snap	4000	sdk	user	spans_flushed	715024
1781385233	snap	4000	sdk	user	batches_sent	2947
1781385233	snap	4000	sdk	user	batches_dropped	0
1781385233	snap	4000	sdk	user	send_unavailable	0
1781385233	snap	4000	sdk	user	send_deadline	0
1781385233	snap	4000	sdk	user	send_exhausted	0
1781385233	snap	4000	sdk	user	send_canceled	0
1781385233	snap	4000	sdk	user	send_other	0
1781385233	snap	4000	sdk	user	buffer_depth	0
0
1781385233	snap	4000	sdk	user	cp_received	714062
1781385233	snap	4000	sdk	user	lp_received	962
1781385233	snap	4000	sdk	user	cp_sent	355308
1781385233	snap	4000	sdk	user	lp_sent	962
1781385233	snap	4000	sdk	user	cp_dropped	0
1781385233	snap	4000	sdk	user	lp_dropped	0
1781385233	snap	4000	sdk	userid	spans_received	75248
1781385233	snap	4000	sdk	userid	spans_sent	75248
1781385233	snap	4000	sdk	userid	spans_dropped	0
1781385233	snap	4000	sdk	userid	spans_flushed	75248
1781385233	snap	4000	sdk	userid	batches_sent	250
1781385233	snap	4000	sdk	userid	batches_dropped	0
1781385233	snap	4000	sdk	userid	send_unavailable	0
1781385233	snap	4000	sdk	userid	send_deadline	0
1781385233	snap	4000	sdk	userid	send_exhausted	0
1781385233	snap	4000	sdk	userid	send_canceled	0
1781385233	snap	4000	sdk	userid	send_other	0
1781385233	snap	4000	sdk	userid	buffer_depth	0
0
1781385233	snap	4000	sdk	userid	cp_received	75248
1781385233	snap	4000	sdk	userid	lp_received	0
1781385233	snap	4000	sdk	userid	cp_sent	75248
1781385233	snap	4000	sdk	userid	lp_sent	0
1781385233	snap	4000	sdk	userid	cp_dropped	0
1781385233	snap	4000	sdk	userid	lp_dropped	0
1781385233	snap	4000	sdk	usermention	spans_received	690312
1781385233	snap	4000	sdk	usermention	spans_sent	352817
1781385233	snap	4000	sdk	usermention	spans_dropped	0
1781385233	snap	4000	sdk	usermention	spans_flushed	690312
1781385233	snap	4000	sdk	usermention	batches_sent	2859
1781385233	snap	4000	sdk	usermention	batches_dropped	0
1781385233	snap	4000	sdk	usermention	send_unavailable	0
1781385233	snap	4000	sdk	usermention	send_deadline	0
1781385233	snap	4000	sdk	usermention	send_exhausted	0
1781385233	snap	4000	sdk	usermention	send_canceled	0
1781385233	snap	4000	sdk	usermention	send_other	0
1781385233	snap	4000	sdk	usermention	buffer_depth	0
0
1781385233	snap	4000	sdk	usermention	cp_received	690312
1781385233	snap	4000	sdk	usermention	lp_received	0
1781385233	snap	4000	sdk	usermention	cp_sent	352817
1781385233	snap	4000	sdk	usermention	lp_sent	0
1781385233	snap	4000	sdk	usermention	cp_dropped	0
1781385233	snap	4000	sdk	usermention	lp_dropped	0
1781385233	snap	4000	sdk	usertimeline	spans_received	599756
1781385233	snap	4000	sdk	usertimeline	spans_sent	475930
1781385233	snap	4000	sdk	usertimeline	spans_dropped	0
1781385233	snap	4000	sdk	usertimeline	spans_flushed	599756
1781385233	snap	4000	sdk	usertimeline	batches_sent	3507
1781385233	snap	4000	sdk	usertimeline	batches_dropped	0
1781385233	snap	4000	sdk	usertimeline	send_unavailable	0
1781385233	snap	4000	sdk	usertimeline	send_deadline	0
1781385233	snap	4000	sdk	usertimeline	send_exhausted	0
1781385233	snap	4000	sdk	usertimeline	send_canceled	0
1781385233	snap	4000	sdk	usertimeline	send_other	0
1781385233	snap	4000	sdk	usertimeline	buffer_depth	0
0
1781385233	snap	4000	sdk	usertimeline	cp_received	599756
1781385233	snap	4000	sdk	usertimeline	lp_received	0
1781385233	snap	4000	sdk	usertimeline	cp_sent	475930
1781385233	snap	4000	sdk	usertimeline	lp_sent	0
1781385233	snap	4000	sdk	usertimeline	cp_dropped	0
1781385233	snap	4000	sdk	usertimeline	lp_dropped	0
