setup: assigned thread_id=1
init: final thread_id=1, base_seed=nil
script_want_response
Running 2m test @ http://10.10.1.1:26611
  1 threads and 10 connections

  Thread calibration: mean lat.: 61.568ms, rate sampling interval: 128ms

-----------------------------------------------------------------------
Test Results @ http://10.10.1.1:26611 
  Thread Stats   Avg      Stdev     99%   +/- Stdev
    Latency     7.62ms    0.91ms   9.88ms   75.85%
    Req/Sec   100.03     32.96   157.00     75.78%
  Latency Distribution (HdrHistogram - Recorded Latency)
 50.000%    7.45ms
 75.000%    8.07ms
 90.000%    8.85ms
 99.000%    9.88ms
 99.900%   13.09ms
 99.990%   15.21ms
 99.999%   16.27ms
100.000%   16.27ms

  Detailed Percentile spectrum:
       Value   Percentile   TotalCount 1/(1-Percentile)

       4.651     0.000000            1         1.00
       6.763     0.100000          909         1.11
       6.971     0.200000         1809         1.25
       7.139     0.300000         2717         1.43
       7.287     0.400000         3610         1.67
       7.451     0.500000         4520         2.00
       7.531     0.550000         4954         2.22
       7.631     0.600000         5414         2.50
       7.747     0.650000         5853         2.86
       7.883     0.700000         6302         3.33
       8.067     0.750000         6750         4.00
       8.179     0.775000         6980         4.44
       8.303     0.800000         7207         5.00
       8.431     0.825000         7434         5.71
       8.559     0.850000         7648         6.67
       8.711     0.875000         7883         8.00
       8.783     0.887500         7992         8.89
       8.847     0.900000         8098        10.00
       8.911     0.912500         8212        11.43
       8.983     0.925000         8324        13.33
       9.079     0.937500         8444        16.00
       9.111     0.943750         8494        17.78
       9.167     0.950000         8553        20.00
       9.231     0.956250         8613        22.86
       9.287     0.962500         8663        26.67
       9.359     0.968750         8724        32.00
       9.407     0.971875         8747        35.56
       9.455     0.975000         8773        40.00
       9.511     0.978125         8803        45.71
       9.575     0.981250         8830        53.33
       9.655     0.984375         8857        64.00
       9.687     0.985938         8871        71.11
       9.783     0.987500         8887        80.00
       9.839     0.989062         8899        91.43
       9.919     0.990625         8913       106.67
      10.143     0.992188         8927       128.00
      10.407     0.992969         8934       142.22
      10.839     0.993750         8941       160.00
      11.215     0.994531         8948       182.86
      11.655     0.995313         8955       213.33
      12.119     0.996094         8962       256.00
      12.231     0.996484         8966       284.44
      12.335     0.996875         8969       320.00
      12.415     0.997266         8974       365.71
      12.479     0.997656         8976       426.67
      12.655     0.998047         8980       512.00
      12.719     0.998242         8982       568.89
      12.815     0.998437         8983       640.00
      12.927     0.998633         8985       731.43
      13.039     0.998828         8987       853.33
      13.183     0.999023         8989      1024.00
      13.231     0.999121         8990      1137.78
      13.231     0.999219         8990      1280.00
      13.599     0.999316         8991      1462.86
      14.167     0.999414         8992      1706.67
      14.271     0.999512         8993      2048.00
      14.575     0.999561         8994      2275.56
      14.575     0.999609         8994      2560.00
      14.575     0.999658         8994      2925.71
      14.647     0.999707         8995      3413.33
      14.647     0.999756         8995      4096.00
      15.207     0.999780         8996      4551.11
      15.207     0.999805         8996      5120.00
      15.207     0.999829         8996      5851.43
      15.207     0.999854         8996      6826.67
      15.207     0.999878         8996      8192.00
      16.271     0.999890         8997      9102.22
      16.271     1.000000         8997          inf
#[Mean    =        7.617, StdDeviation   =        0.907]
#[Max     =       16.264, Total count    =         8997]
#[Buckets =           27, SubBuckets     =         2048]
-----------------------------------------------------------------------
  9991 requests in 1.67m, 1.55MB read
Requests/sec:     99.90  
Transfer/sec:     15.86KB

=== rps=2000 c=200 t=20 url=http://10.10.1.1:26611 ===
setup: assigned thread_id=1
init: final thread_id=1, base_seed=nil
setup: assigned thread_id=2
init: final thread_id=2, base_seed=nil
setup: assigned thread_id=3
init: final thread_id=3, base_seed=nil
setup: assigned thread_id=4
init: final thread_id=4, base_seed=nil
setup: assigned thread_id=5
init: final thread_id=5, base_seed=nil
setup: assigned thread_id=6
init: final thread_id=6, base_seed=nil
setup: assigned thread_id=7
init: final thread_id=7, base_seed=nil
setup: assigned thread_id=8
init: final thread_id=8, base_seed=nil
setup: assigned thread_id=9
init: final thread_id=9, base_seed=nil
setup: assigned thread_id=10
init: final thread_id=10, base_seed=nil
setup: assigned thread_id=11
init: final thread_id=11, base_seed=nil
setup: assigned thread_id=12
init: final thread_id=12, base_seed=nil
setup: assigned thread_id=13
init: final thread_id=13, base_seed=nil
setup: assigned thread_id=14
init: final thread_id=14, base_seed=nil
setup: assigned thread_id=15
init: final thread_id=15, base_seed=nil
setup: assigned thread_id=16
init: final thread_id=16, base_seed=nil
setup: assigned thread_id=17
init: final thread_id=17, base_seed=nil
setup: assigned thread_id=18
init: final thread_id=18, base_seed=nil
setup: assigned thread_id=19
init: final thread_id=19, base_seed=nil
setup: assigned thread_id=20
init: final thread_id=20, base_seed=nil
script_want_response
Running 1m test @ http://10.10.1.1:26611
  20 threads and 200 connections

  Thread calibration: mean lat.: 18.019ms, rate sampling interval: 50ms
  Thread calibration: mean lat.: 18.404ms, rate sampling interval: 49ms
  Thread calibration: mean lat.: 16.835ms, rate sampling interval: 52ms
  Thread calibration: mean lat.: 18.342ms, rate sampling interval: 49ms
  Thread calibration: mean lat.: 20.587ms, rate sampling interval: 52ms
  Thread calibration: mean lat.: 21.032ms, rate sampling interval: 52ms
  Thread calibration: mean lat.: 16.540ms, rate sampling interval: 46ms
  Thread calibration: mean lat.: 15.324ms, rate sampling interval: 44ms
  Thread calibration: mean lat.: 14.942ms, rate sampling interval: 43ms
  Thread calibration: mean lat.: 14.049ms, rate sampling interval: 39ms
  Thread calibration: mean lat.: 13.336ms, rate sampling interval: 37ms
  Thread calibration: mean lat.: 12.339ms, rate sampling interval: 32ms
  Thread calibration: mean lat.: 11.738ms, rate sampling interval: 30ms
  Thread calibration: mean lat.: 12.035ms, rate sampling interval: 32ms
  Thread calibration: mean lat.: 11.718ms, rate sampling interval: 32ms
  Thread calibration: mean lat.: 12.438ms, rate sampling interval: 34ms
  Thread calibration: mean lat.: 12.957ms, rate sampling interval: 35ms
  Thread calibration: mean lat.: 13.338ms, rate sampling interval: 35ms
  Thread calibration: mean lat.: 15.717ms, rate sampling interval: 45ms
  Thread calibration: mean lat.: 16.442ms, rate sampling interval: 48ms

-----------------------------------------------------------------------
Test Results @ http://10.10.1.1:26611 
  Thread Stats   Avg      Stdev     99%   +/- Stdev
    Latency    18.00ms    8.32ms  50.11ms   80.21%
    Req/Sec   101.10     86.92   281.00     46.36%
  Latency Distribution (HdrHistogram - Recorded Latency)
 50.000%   16.06ms
 75.000%   21.81ms
 90.000%   27.60ms
 99.000%   50.11ms
 99.900%   65.41ms
 99.990%   70.27ms
 99.999%   72.32ms
100.000%   79.55ms

  Detailed Percentile spectrum:
       Value   Percentile   TotalCount 1/(1-Percentile)

       6.763     0.000000            1         1.00
       9.975     0.100000        10005         1.11
      11.247     0.200000        20024         1.25
      12.687     0.300000        30010         1.43
      14.319     0.400000        40010         1.67
      16.055     0.500000        49996         2.00
      17.007     0.550000        55019         2.22
      18.015     0.600000        59981         2.50
      19.199     0.650000        65009         2.86
      20.463     0.700000        69960         3.33
      21.807     0.750000        75001         4.00
      22.511     0.775000        77489         4.44
      23.247     0.800000        79987         5.00
      24.063     0.825000        82461         5.71
      24.975     0.850000        84968         6.67
      26.127     0.875000        87476         8.00
      26.799     0.887500        88731         8.89
      27.599     0.900000        89954        10.00
      28.527     0.912500        91204        11.43
      29.679     0.925000        92454        13.33
      31.039     0.937500        93695        16.00
      31.919     0.943750        94327        17.78
      33.055     0.950000        94945        20.00
      34.559     0.956250        95575        22.86
      36.415     0.962500        96195        26.67
      38.399     0.968750        96818        32.00
      39.487     0.971875        97136        35.56
      40.639     0.975000        97442        40.00
      41.983     0.978125        97756        45.71
      43.711     0.981250        98071        53.33
      45.631     0.984375        98379        64.00
      46.751     0.985938        98535        71.11
      47.935     0.987500        98691        80.00
      49.215     0.989062        98848        91.43
      50.815     0.990625        99005       106.67
      52.383     0.992188        99160       128.00
      53.311     0.992969        99240       142.22
      54.047     0.993750        99316       160.00
      54.911     0.994531        99394       182.86
      56.383     0.995313        99472       213.33
      57.759     0.996094        99550       256.00
      58.463     0.996484        99589       284.44
      59.391     0.996875        99629       320.00
      60.351     0.997266        99667       365.71
      61.343     0.997656        99707       426.67
      62.527     0.998047        99745       512.00
      63.199     0.998242        99765       568.89
      63.711     0.998437        99785       640.00
      64.287     0.998633        99804       731.43
      64.767     0.998828        99823       853.33
      65.503     0.999023        99843      1024.00
      66.175     0.999121        99854      1137.78
      66.431     0.999219        99864      1280.00
      66.879     0.999316        99872      1462.86
      67.327     0.999414        99883      1706.67
      67.775     0.999512        99893      2048.00
      68.095     0.999561        99899      2275.56
      68.287     0.999609        99901      2560.00
      68.415     0.999658        99906      2925.71
      68.863     0.999707        99912      3413.33
      69.247     0.999756        99918      4096.00
      69.311     0.999780        99920      4551.11
      69.375     0.999805        99921      5120.00
      69.567     0.999829        99923      5851.43
      69.951     0.999854        99926      6826.67
      70.143     0.999878        99928      8192.00
      70.271     0.999890        99930      9102.22
      70.463     0.999902        99931     10240.00
      70.719     0.999915        99933     11702.86
      70.719     0.999927        99933     13653.33
      71.103     0.999939        99934     16384.00
      71.295     0.999945        99935     18204.44
      71.359     0.999951        99936     20480.00
      71.359     0.999957        99936     23405.71
      71.743     0.999963        99937     27306.67
      71.743     0.999969        99937     32768.00
      72.127     0.999973        99938     36408.89
      72.127     0.999976        99938     40960.00
      72.127     0.999979        99938     46811.43
      72.319     0.999982        99939     54613.33
      72.319     0.999985        99939     65536.00
      72.319     0.999986        99939     72817.78
      72.319     0.999988        99939     81920.00
      72.319     0.999989        99939     93622.86
      79.551     0.999991        99940    109226.67
      79.551     1.000000        99940          inf
#[Mean    =       18.000, StdDeviation   =        8.320]
#[Max     =       79.488, Total count    =        99940]
#[Buckets =           27, SubBuckets     =         2048]
-----------------------------------------------------------------------
  119450 requests in 1.00m, 18.52MB read
Requests/sec:   1993.24  
Transfer/sec:    316.48KB

=== rps=2200 c=242 t=25 url=http://10.10.1.1:26611 ===
setup: assigned thread_id=1
init: final thread_id=1, base_seed=nil
setup: assigned thread_id=2
init: final thread_id=2, base_seed=nil
setup: assigned thread_id=3
init: final thread_id=3, base_seed=nil
setup: assigned thread_id=4
init: final thread_id=4, base_seed=nil
setup: assigned thread_id=5
init: final thread_id=5, base_seed=nil
setup: assigned thread_id=6
init: final thread_id=6, base_seed=nil
setup: assigned thread_id=7
init: final thread_id=7, base_seed=nil
setup: assigned thread_id=8
init: final thread_id=8, base_seed=nil
setup: assigned thread_id=9
init: final thread_id=9, base_seed=nil
setup: assigned thread_id=10
init: final thread_id=10, base_seed=nil
setup: assigned thread_id=11
init: final thread_id=11, base_seed=nil
setup: assigned thread_id=12
init: final thread_id=12, base_seed=nil
setup: assigned thread_id=13
init: final thread_id=13, base_seed=nil
setup: assigned thread_id=14
init: final thread_id=14, base_seed=nil
setup: assigned thread_id=15
init: final thread_id=15, base_seed=nil
setup: assigned thread_id=16
init: final thread_id=16, base_seed=nil
setup: assigned thread_id=17
init: final thread_id=17, base_seed=nil
setup: assigned thread_id=18
init: final thread_id=18, base_seed=nil
setup: assigned thread_id=19
init: final thread_id=19, base_seed=nil
setup: assigned thread_id=20
init: final thread_id=20, base_seed=nil
setup: assigned thread_id=21
init: final thread_id=21, base_seed=nil
setup: assigned thread_id=22
init: final thread_id=22, base_seed=nil
setup: assigned thread_id=23
init: final thread_id=23, base_seed=nil
setup: assigned thread_id=24
init: final thread_id=24, base_seed=nil
setup: assigned thread_id=25
init: final thread_id=25, base_seed=nil
script_want_response
Running 1m test @ http://10.10.1.1:26611
  25 threads and 242 connections

  Thread calibration: mean lat.: 11.254ms, rate sampling interval: 33ms
  Thread calibration: mean lat.: 11.638ms, rate sampling interval: 33ms
  Thread calibration: mean lat.: 11.975ms, rate sampling interval: 34ms
  Thread calibration: mean lat.: 12.417ms, rate sampling interval: 36ms
  Thread calibration: mean lat.: 12.865ms, rate sampling interval: 37ms
  Thread calibration: mean lat.: 13.352ms, rate sampling interval: 38ms
  Thread calibration: mean lat.: 13.009ms, rate sampling interval: 37ms
  Thread calibration: mean lat.: 13.633ms, rate sampling interval: 38ms
  Thread calibration: mean lat.: 14.229ms, rate sampling interval: 40ms
  Thread calibration: mean lat.: 14.534ms, rate sampling interval: 40ms
  Thread calibration: mean lat.: 14.460ms, rate sampling interval: 39ms
  Thread calibration: mean lat.: 14.772ms, rate sampling interval: 41ms
  Thread calibration: mean lat.: 14.606ms, rate sampling interval: 40ms
  Thread calibration: mean lat.: 15.312ms, rate sampling interval: 42ms
  Thread calibration: mean lat.: 15.042ms, rate sampling interval: 42ms
  Thread calibration: mean lat.: 15.285ms, rate sampling interval: 42ms
  Thread calibration: mean lat.: 19.766ms, rate sampling interval: 57ms
  Thread calibration: mean lat.: 20.478ms, rate sampling interval: 58ms
  Thread calibration: mean lat.: 20.952ms, rate sampling interval: 58ms
  Thread calibration: mean lat.: 21.114ms, rate sampling interval: 58ms
  Thread calibration: mean lat.: 21.583ms, rate sampling interval: 58ms
  Thread calibration: mean lat.: 21.454ms, rate sampling interval: 57ms
  Thread calibration: mean lat.: 21.320ms, rate sampling interval: 56ms
  Thread calibration: mean lat.: 21.294ms, rate sampling interval: 57ms
  Thread calibration: mean lat.: 20.923ms, rate sampling interval: 55ms

-----------------------------------------------------------------------
Test Results @ http://10.10.1.1:26611 
  Thread Stats   Avg      Stdev     99%   +/- Stdev
    Latency    17.24ms    7.38ms  41.47ms   75.29%
    Req/Sec    88.78     78.43   272.00     56.15%
  Latency Distribution (HdrHistogram - Recorded Latency)
 50.000%   15.69ms
 75.000%   20.90ms
 90.000%   26.50ms
 99.000%   41.47ms
 99.900%   60.42ms
 99.990%   99.97ms
 99.999%  102.85ms
100.000%  116.03ms

  Detailed Percentile spectrum:
       Value   Percentile   TotalCount 1/(1-Percentile)

       6.975     0.000000            1         1.00
       9.695     0.100000        11011         1.11
      11.135     0.200000        21998         1.25
      12.575     0.300000        33010         1.43
      14.079     0.400000        43987         1.67
      15.695     0.500000        55002         2.00
      16.575     0.550000        60535         2.22
      17.519     0.600000        66001         2.50
      18.527     0.650000        71453         2.86
      19.663     0.700000        76952         3.33
      20.895     0.750000        82497         4.00
      21.551     0.775000        85188         4.44
      22.271     0.800000        87939         5.00
      23.119     0.825000        90704         5.71
      24.031     0.850000        93436         6.67
      25.119     0.875000        96193         8.00
      25.775     0.887500        97572         8.89
      26.495     0.900000        98953        10.00
      27.279     0.912500       100304        11.43
      28.223     0.925000       101687        13.33
      29.311     0.937500       103061        16.00
      29.951     0.943750       103742        17.78
      30.639     0.950000       104421        20.00
      31.535     0.956250       105110        22.86
      32.543     0.962500       105793        26.67
      33.631     0.968750       106484        32.00
      34.303     0.971875       106825        35.56
      35.071     0.975000       107174        40.00
      35.967     0.978125       107515        45.71
      36.959     0.981250       107856        53.33
      38.239     0.984375       108202        64.00
      38.943     0.985938       108374        71.11
      39.743     0.987500       108546        80.00
      40.735     0.989062       108721        91.43
      41.855     0.990625       108884       106.67
      43.103     0.992188       109057       128.00
      43.903     0.992969       109145       142.22
      44.639     0.993750       109228       160.00
      45.407     0.994531       109317       182.86
      46.527     0.995313       109399       213.33
      48.031     0.996094       109485       256.00
      48.831     0.996484       109529       284.44
      49.951     0.996875       109572       320.00
      50.751     0.997266       109614       365.71
      51.743     0.997656       109657       426.67
      53.407     0.998047       109701       512.00
      53.919     0.998242       109721       568.89
      54.911     0.998437       109743       640.00
      56.287     0.998633       109764       731.43
      57.695     0.998828       109788       853.33
      61.439     0.999023       109807      1024.00
      63.967     0.999121       109818      1137.78
      65.311     0.999219       109829      1280.00
      67.391     0.999316       109839      1462.86
      86.207     0.999414       109850      1706.67
      88.831     0.999512       109861      2048.00
      90.047     0.999561       109866      2275.56
      92.031     0.999609       109872      2560.00
      92.863     0.999658       109877      2925.71
      94.527     0.999707       109882      3413.33
      96.063     0.999756       109888      4096.00
      96.383     0.999780       109890      4551.11
      97.599     0.999805       109893      5120.00
      98.751     0.999829       109896      5851.43
      99.071     0.999854       109899      6826.67
      99.583     0.999878       109901      8192.00
      99.711     0.999890       109902      9102.22
      99.967     0.999902       109904     10240.00
     100.479     0.999915       109905     11702.86
     100.607     0.999927       109906     13653.33
     101.503     0.999939       109908     16384.00
     101.503     0.999945       109908     18204.44
     101.759     0.999951       109909     20480.00
     101.951     0.999957       109910     23405.71
     101.951     0.999963       109910     27306.67
     102.015     0.999969       109911     32768.00
     102.015     0.999973       109911     36408.89
     102.271     0.999976       109912     40960.00
     102.271     0.999979       109912     46811.43
     102.271     0.999982       109912     54613.33
     102.847     0.999985       109913     65536.00
     102.847     0.999986       109913     72817.78
     102.847     0.999988       109913     81920.00
     102.847     0.999989       109913     93622.86
     102.847     0.999991       109913    109226.67
     116.031     0.999992       109914    131072.00
     116.031     1.000000       109914          inf
#[Mean    =       17.245, StdDeviation   =        7.383]
#[Max     =      115.968, Total count    =       109914]
#[Buckets =           27, SubBuckets     =         2048]
-----------------------------------------------------------------------
  131757 requests in 1.00m, 20.43MB read
Requests/sec:   2197.48  
Transfer/sec:    348.93KB

=== rps=2400 c=288 t=29 url=http://10.10.1.1:26611 ===
setup: assigned thread_id=1
init: final thread_id=1, base_seed=nil
setup: assigned thread_id=2
init: final thread_id=2, base_seed=nil
setup: assigned thread_id=3
init: final thread_id=3, base_seed=nil
setup: assigned thread_id=4
init: final thread_id=4, base_seed=nil
setup: assigned thread_id=5
init: final thread_id=5, base_seed=nil
setup: assigned thread_id=6
init: final thread_id=6, base_seed=nil
setup: assigned thread_id=7
init: final thread_id=7, base_seed=nil
setup: assigned thread_id=8
init: final thread_id=8, base_seed=nil
setup: assigned thread_id=9
init: final thread_id=9, base_seed=nil
setup: assigned thread_id=10
init: final thread_id=10, base_seed=nil
setup: assigned thread_id=11
init: final thread_id=11, base_seed=nil
setup: assigned thread_id=12
init: final thread_id=12, base_seed=nil
setup: assigned thread_id=13
init: final thread_id=13, base_seed=nil
setup: assigned thread_id=14
init: final thread_id=14, base_seed=nil
setup: assigned thread_id=15
init: final thread_id=15, base_seed=nil
setup: assigned thread_id=16
init: final thread_id=16, base_seed=nil
setup: assigned thread_id=17
init: final thread_id=17, base_seed=nil
setup: assigned thread_id=18
init: final thread_id=18, base_seed=nil
setup: assigned thread_id=19
init: final thread_id=19, base_seed=nil
setup: assigned thread_id=20
init: final thread_id=20, base_seed=nil
setup: assigned thread_id=21
init: final thread_id=21, base_seed=nil
setup: assigned thread_id=22
init: final thread_id=22, base_seed=nil
setup: assigned thread_id=23
init: final thread_id=23, base_seed=nil
setup: assigned thread_id=24
init: final thread_id=24, base_seed=nil
setup: assigned thread_id=25
init: final thread_id=25, base_seed=nil
setup: assigned thread_id=26
init: final thread_id=26, base_seed=nil
setup: assigned thread_id=27
init: final thread_id=27, base_seed=nil
setup: assigned thread_id=28
init: final thread_id=28, base_seed=nil
setup: assigned thread_id=29
init: final thread_id=29, base_seed=nil
script_want_response
Running 1m test @ http://10.10.1.1:26611
  29 threads and 288 connections

  Thread calibration: mean lat.: 38.620ms, rate sampling interval: 106ms
  Thread calibration: mean lat.: 39.451ms, rate sampling interval: 103ms
  Thread calibration: mean lat.: 40.377ms, rate sampling interval: 104ms
  Thread calibration: mean lat.: 37.737ms, rate sampling interval: 101ms
  Thread calibration: mean lat.: 35.408ms, rate sampling interval: 99ms
  Thread calibration: mean lat.: 32.946ms, rate sampling interval: 96ms
  Thread calibration: mean lat.: 30.561ms, rate sampling interval: 93ms
  Thread calibration: mean lat.: 32.072ms, rate sampling interval: 98ms
  Thread calibration: mean lat.: 25.516ms, rate sampling interval: 84ms
  Thread calibration: mean lat.: 20.830ms, rate sampling interval: 71ms
  Thread calibration: mean lat.: 18.039ms, rate sampling interval: 54ms
  Thread calibration: mean lat.: 17.805ms, rate sampling interval: 52ms
  Thread calibration: mean lat.: 17.581ms, rate sampling interval: 52ms
  Thread calibration: mean lat.: 17.662ms, rate sampling interval: 51ms
  Thread calibration: mean lat.: 17.813ms, rate sampling interval: 51ms
  Thread calibration: mean lat.: 18.424ms, rate sampling interval: 52ms
  Thread calibration: mean lat.: 18.422ms, rate sampling interval: 51ms
  Thread calibration: mean lat.: 28.129ms, rate sampling interval: 102ms
  Thread calibration: mean lat.: 30.328ms, rate sampling interval: 105ms
  Thread calibration: mean lat.: 32.567ms, rate sampling interval: 106ms
  Thread calibration: mean lat.: 35.280ms, rate sampling interval: 106ms
  Thread calibration: mean lat.: 36.677ms, rate sampling interval: 107ms
  Thread calibration: mean lat.: 38.336ms, rate sampling interval: 106ms
  Thread calibration: mean lat.: 36.436ms, rate sampling interval: 105ms
  Thread calibration: mean lat.: 37.403ms, rate sampling interval: 103ms
  Thread calibration: mean lat.: 32.555ms, rate sampling interval: 101ms
  Thread calibration: mean lat.: 30.280ms, rate sampling interval: 99ms
  Thread calibration: mean lat.: 24.516ms, rate sampling interval: 90ms
  Thread calibration: mean lat.: 21.719ms, rate sampling interval: 85ms

-----------------------------------------------------------------------
Test Results @ http://10.10.1.1:26611 
  Thread Stats   Avg      Stdev     99%   +/- Stdev
    Latency    28.85ms   14.49ms  65.02ms   65.18%
    Req/Sec    82.15     35.99   173.00     68.65%
  Latency Distribution (HdrHistogram - Recorded Latency)
 50.000%   26.77ms
 75.000%   39.52ms
 90.000%   47.46ms
 99.000%   65.02ms
 99.900%  113.98ms
 99.990%  134.14ms
 99.999%  148.99ms
100.000%  149.12ms

  Detailed Percentile spectrum:
       Value   Percentile   TotalCount 1/(1-Percentile)

       7.603     0.000000            1         1.00
      11.655     0.100000        11883         1.11
      14.919     0.200000        23769         1.25
      18.111     0.300000        35694         1.43
      21.983     0.400000        47559         1.67
      26.767     0.500000        59411         2.00
      29.599     0.550000        65384         2.22
      32.335     0.600000        71310         2.50
      34.943     0.650000        77279         2.86
      37.311     0.700000        83202         3.33
      39.519     0.750000        89140         4.00
      40.575     0.775000        92132         4.44
      41.695     0.800000        95120         5.00
      42.911     0.825000        98102         5.71
      44.159     0.850000       101039         6.67
      45.599     0.875000       103964         8.00
      46.463     0.887500       105478         8.89
      47.455     0.900000       106973        10.00
      48.479     0.912500       108436        11.43
      49.695     0.925000       109935        13.33
      51.167     0.937500       111405        16.00
      52.031     0.943750       112134        17.78
      52.959     0.950000       112885        20.00
      54.015     0.956250       113618        22.86
      55.295     0.962500       114376        26.67
      56.671     0.968750       115111        32.00
      57.567     0.971875       115480        35.56
      58.527     0.975000       115857        40.00
      59.615     0.978125       116229        45.71
      60.735     0.981250       116590        53.33
      62.015     0.984375       116967        64.00
      62.719     0.985938       117157        71.11
      63.423     0.987500       117332        80.00
      64.479     0.989062       117520        91.43
      65.439     0.990625       117707       106.67
      66.495     0.992188       117890       128.00
      67.263     0.992969       117982       142.22
      68.159     0.993750       118076       160.00
      69.375     0.994531       118167       182.86
      71.487     0.995313       118259       213.33
      74.431     0.996094       118352       256.00
      77.183     0.996484       118398       284.44
      83.711     0.996875       118444       320.00
      90.111     0.997266       118491       365.71
      92.287     0.997656       118539       426.67
      95.423     0.998047       118583       512.00
      96.767     0.998242       118607       568.89
      99.135     0.998437       118630       640.00
     102.463     0.998633       118654       731.43
     108.479     0.998828       118676       853.33
     114.303     0.999023       118700      1024.00
     115.519     0.999121       118711      1137.78
     117.183     0.999219       118725      1280.00
     118.207     0.999316       118734      1462.86
     119.487     0.999414       118746      1706.67
     121.087     0.999512       118757      2048.00
     121.791     0.999561       118765      2275.56
     122.111     0.999609       118770      2560.00
     122.815     0.999658       118775      2925.71
     124.031     0.999707       118781      3413.33
     125.119     0.999756       118786      4096.00
     125.695     0.999780       118789      4551.11
     127.103     0.999805       118792      5120.00
     128.767     0.999829       118795      5851.43
     129.855     0.999854       118798      6826.67
     132.991     0.999878       118802      8192.00
     132.991     0.999890       118802      9102.22
     135.295     0.999902       118804     10240.00
     135.807     0.999915       118805     11702.86
     138.751     0.999927       118807     13653.33
     139.135     0.999939       118808     16384.00
     141.439     0.999945       118809     18204.44
     141.695     0.999951       118810     20480.00
     141.695     0.999957       118810     23405.71
     141.951     0.999963       118811     27306.67
     143.359     0.999969       118812     32768.00
     143.359     0.999973       118812     36408.89
     148.351     0.999976       118813     40960.00
     148.351     0.999979       118813     46811.43
     148.351     0.999982       118813     54613.33
     148.991     0.999985       118814     65536.00
     148.991     0.999986       118814     72817.78
     148.991     0.999988       118814     81920.00
     148.991     0.999989       118814     93622.86
     148.991     0.999991       118814    109226.67
     149.119     0.999992       118815    131072.00
     149.119     1.000000       118815          inf
#[Mean    =       28.846, StdDeviation   =       14.493]
#[Max     =      148.992, Total count    =       118815]
#[Buckets =           27, SubBuckets     =         2048]
-----------------------------------------------------------------------
  142279 requests in 1.00m, 22.06MB read
Requests/sec:   2373.55  
Transfer/sec:    376.90KB

=== rps=2600 c=338 t=34 url=http://10.10.1.1:26611 ===
setup: assigned thread_id=1
init: final thread_id=1, base_seed=nil
setup: assigned thread_id=2
init: final thread_id=2, base_seed=nil
setup: assigned thread_id=3
init: final thread_id=3, base_seed=nil
setup: assigned thread_id=4
init: final thread_id=4, base_seed=nil
setup: assigned thread_id=5
init: final thread_id=5, base_seed=nil
setup: assigned thread_id=6
init: final thread_id=6, base_seed=nil
setup: assigned thread_id=7
init: final thread_id=7, base_seed=nil
setup: assigned thread_id=8
init: final thread_id=8, base_seed=nil
setup: assigned thread_id=9
init: final thread_id=9, base_seed=nil
setup: assigned thread_id=10
init: final thread_id=10, base_seed=nil
setup: assigned thread_id=11
init: final thread_id=11, base_seed=nil
setup: assigned thread_id=12
init: final thread_id=12, base_seed=nil
setup: assigned thread_id=13
init: final thread_id=13, base_seed=nil
setup: assigned thread_id=14
init: final thread_id=14, base_seed=nil
setup: assigned thread_id=15
init: final thread_id=15, base_seed=nil
setup: assigned thread_id=16
init: final thread_id=16, base_seed=nil
setup: assigned thread_id=17
init: final thread_id=17, base_seed=nil
setup: assigned thread_id=18
init: final thread_id=18, base_seed=nil
setup: assigned thread_id=19
init: final thread_id=19, base_seed=nil
setup: assigned thread_id=20
init: final thread_id=20, base_seed=nil
setup: assigned thread_id=21
init: final thread_id=21, base_seed=nil
setup: assigned thread_id=22
init: final thread_id=22, base_seed=nil
setup: assigned thread_id=23
init: final thread_id=23, base_seed=nil
setup: assigned thread_id=24
init: final thread_id=24, base_seed=nil
setup: assigned thread_id=25
init: final thread_id=25, base_seed=nil
setup: assigned thread_id=26
init: final thread_id=26, base_seed=nil
setup: assigned thread_id=27
init: final thread_id=27, base_seed=nil
setup: assigned thread_id=28
init: final thread_id=28, base_seed=nil
setup: assigned thread_id=29
init: final thread_id=29, base_seed=nil
setup: assigned thread_id=30
init: final thread_id=30, base_seed=nil
setup: assigned thread_id=31
init: final thread_id=31, base_seed=nil
setup: assigned thread_id=32
init: final thread_id=32, base_seed=nil
setup: assigned thread_id=33
init: final thread_id=33, base_seed=nil
setup: assigned thread_id=34
init: final thread_id=34, base_seed=nil
script_want_response
Running 1m test @ http://10.10.1.1:26611
  34 threads and 338 connections

  Thread calibration: mean lat.: 19.586ms, rate sampling interval: 67ms
  Thread calibration: mean lat.: 34.800ms, rate sampling interval: 88ms
  Thread calibration: mean lat.: 19.793ms, rate sampling interval: 69ms
  Thread calibration: mean lat.: 34.102ms, rate sampling interval: 87ms
  Thread calibration: mean lat.: 33.317ms, rate sampling interval: 85ms
  Thread calibration: mean lat.: 31.581ms, rate sampling interval: 83ms
  Thread calibration: mean lat.: 29.122ms, rate sampling interval: 80ms
  Thread calibration: mean lat.: 27.623ms, rate sampling interval: 77ms
  Thread calibration: mean lat.: 26.257ms, rate sampling interval: 75ms
  Thread calibration: mean lat.: 25.089ms, rate sampling interval: 71ms
  Thread calibration: mean lat.: 24.743ms, rate sampling interval: 70ms
  Thread calibration: mean lat.: 22.757ms, rate sampling interval: 64ms
  Thread calibration: mean lat.: 19.300ms, rate sampling interval: 56ms
  Thread calibration: mean lat.: 19.259ms, rate sampling interval: 56ms
  Thread calibration: mean lat.: 35.964ms, rate sampling interval: 97ms
  Thread calibration: mean lat.: 18.976ms, rate sampling interval: 55ms
  Thread calibration: mean lat.: 19.663ms, rate sampling interval: 60ms
  Thread calibration: mean lat.: 19.900ms, rate sampling interval: 61ms
  Thread calibration: mean lat.: 20.135ms, rate sampling interval: 63ms
  Thread calibration: mean lat.: 28.038ms, rate sampling interval: 84ms
  Thread calibration: mean lat.: 30.022ms, rate sampling interval: 86ms
  Thread calibration: mean lat.: 31.013ms, rate sampling interval: 88ms
  Thread calibration: mean lat.: 32.202ms, rate sampling interval: 89ms
  Thread calibration: mean lat.: 33.102ms, rate sampling interval: 90ms
  Thread calibration: mean lat.: 34.139ms, rate sampling interval: 95ms
  Thread calibration: mean lat.: 12.977ms, rate sampling interval: 37ms
  Thread calibration: mean lat.: 32.052ms, rate sampling interval: 94ms
  Thread calibration: mean lat.: 32.449ms, rate sampling interval: 96ms
  Thread calibration: mean lat.: 30.074ms, rate sampling interval: 95ms
  Thread calibration: mean lat.: 15.850ms, rate sampling interval: 51ms
  Thread calibration: mean lat.: 20.599ms, rate sampling interval: 80ms
  Thread calibration: mean lat.: 17.956ms, rate sampling interval: 52ms
  Thread calibration: mean lat.: 18.504ms, rate sampling interval: 53ms
  Thread calibration: mean lat.: 15.553ms, rate sampling interval: 50ms

-----------------------------------------------------------------------
Test Results @ http://10.10.1.1:26611 
  Thread Stats   Avg      Stdev     99%   +/- Stdev
    Latency    26.21ms   15.87ms  73.92ms   84.85%
    Req/Sec    76.16     57.74   243.00     61.14%
  Latency Distribution (HdrHistogram - Recorded Latency)
 50.000%   23.68ms
 75.000%   33.02ms
 90.000%   41.85ms
 99.000%   73.92ms
 99.900%  168.83ms
 99.990%  332.54ms
 99.999%  357.38ms
100.000%  357.89ms

  Detailed Percentile spectrum:
       Value   Percentile   TotalCount 1/(1-Percentile)

       7.487     0.000000            1         1.00
      11.535     0.100000        12902         1.11
      14.263     0.200000        25815         1.25
      17.119     0.300000        38687         1.43
      20.143     0.400000        51601         1.67
      23.679     0.500000        64489         2.00
      25.551     0.550000        70966         2.22
      27.327     0.600000        77374         2.50
      29.167     0.650000        83857         2.86
      31.023     0.700000        90291         3.33
      33.023     0.750000        96744         4.00
      34.111     0.775000        99979         4.44
      35.295     0.800000       103212         5.00
      36.607     0.825000       106426         5.71
      38.079     0.850000       109652         6.67
      39.775     0.875000       112861         8.00
      40.767     0.887500       114446         8.89
      41.855     0.900000       116050        10.00
      43.103     0.912500       117660        11.43
      44.543     0.925000       119282        13.33
      46.239     0.937500       120879        16.00
      47.295     0.943750       121694        17.78
      48.607     0.950000       122503        20.00
      50.047     0.956250       123309        22.86
      51.967     0.962500       124105        26.67
      54.143     0.968750       124920        32.00
      55.391     0.971875       125316        35.56
      56.895     0.975000       125711        40.00
      59.071     0.978125       126115        45.71
      61.439     0.981250       126521        53.33
      64.159     0.984375       126921        64.00
      65.919     0.985938       127126        71.11
      67.903     0.987500       127324        80.00
      71.679     0.989062       127525        91.43
      75.775     0.990625       127727       106.67
      86.015     0.992188       127929       128.00
      96.703     0.992969       128028       142.22
     101.567     0.993750       128131       160.00
     105.727     0.994531       128229       182.86
     112.575     0.995313       128330       213.33
     119.935     0.996094       128431       256.00
     122.495     0.996484       128482       284.44
     125.503     0.996875       128532       320.00
     128.703     0.997266       128582       365.71
     134.399     0.997656       128633       426.67
     141.311     0.998047       128683       512.00
     143.487     0.998242       128708       568.89
     145.791     0.998437       128734       640.00
     149.119     0.998633       128758       731.43
     158.463     0.998828       128783       853.33
     172.671     0.999023       128809      1024.00
     178.559     0.999121       128821      1137.78
     189.183     0.999219       128834      1280.00
     202.879     0.999316       128847      1462.86
     216.319     0.999414       128859      1706.67
     234.623     0.999512       128872      2048.00
     242.431     0.999561       128878      2275.56
     245.631     0.999609       128884      2560.00
     257.279     0.999658       128891      2925.71
     271.103     0.999707       128897      3413.33
     273.663     0.999756       128903      4096.00
     274.687     0.999780       128906      4551.11
     277.247     0.999805       128909      5120.00
     302.079     0.999829       128912      5851.43
     305.663     0.999854       128916      6826.67
     309.247     0.999878       128919      8192.00
     331.007     0.999890       128920      9102.22
     333.311     0.999902       128922     10240.00
     335.615     0.999915       128923     11702.86
     336.127     0.999927       128925     13653.33
     336.639     0.999939       128928     16384.00
     336.639     0.999945       128928     18204.44
     336.639     0.999951       128928     20480.00
     337.407     0.999957       128929     23405.71
     351.231     0.999963       128930     27306.67
     354.815     0.999969       128931     32768.00
     354.815     0.999973       128931     36408.89
     354.815     0.999976       128931     40960.00
     355.583     0.999979       128932     46811.43
     355.583     0.999982       128932     54613.33
     357.375     0.999985       128933     65536.00
     357.375     0.999986       128933     72817.78
     357.375     0.999988       128933     81920.00
     357.375     0.999989       128933     93622.86
     357.375     0.999991       128933    109226.67
     357.887     0.999992       128934    131072.00
     357.887     1.000000       128934          inf
#[Mean    =       26.213, StdDeviation   =       15.875]
#[Max     =      357.632, Total count    =       128934]
#[Buckets =           27, SubBuckets     =         2048]
-----------------------------------------------------------------------
  154052 requests in 1.00m, 23.89MB read
Requests/sec:   2571.63  
Transfer/sec:    408.32KB

=== rps=2800 c=392 t=40 url=http://10.10.1.1:26611 ===
setup: assigned thread_id=1
init: final thread_id=1, base_seed=nil
setup: assigned thread_id=2
init: final thread_id=2, base_seed=nil
setup: assigned thread_id=3
init: final thread_id=3, base_seed=nil
setup: assigned thread_id=4
init: final thread_id=4, base_seed=nil
setup: assigned thread_id=5
init: final thread_id=5, base_seed=nil
setup: assigned thread_id=6
init: final thread_id=6, base_seed=nil
setup: assigned thread_id=7
init: final thread_id=7, base_seed=nil
setup: assigned thread_id=8
init: final thread_id=8, base_seed=nil
setup: assigned thread_id=9
init: final thread_id=9, base_seed=nil
setup: assigned thread_id=10
init: final thread_id=10, base_seed=nil
setup: assigned thread_id=11
init: final thread_id=11, base_seed=nil
setup: assigned thread_id=12
init: final thread_id=12, base_seed=nil
setup: assigned thread_id=13
init: final thread_id=13, base_seed=nil
setup: assigned thread_id=14
init: final thread_id=14, base_seed=nil
setup: assigned thread_id=15
init: final thread_id=15, base_seed=nil
setup: assigned thread_id=16
init: final thread_id=16, base_seed=nil
setup: assigned thread_id=17
init: final thread_id=17, base_seed=nil
setup: assigned thread_id=18
init: final thread_id=18, base_seed=nil
setup: assigned thread_id=19
init: final thread_id=19, base_seed=nil
setup: assigned thread_id=20
init: final thread_id=20, base_seed=nil
setup: assigned thread_id=21
init: final thread_id=21, base_seed=nil
setup: assigned thread_id=22
init: final thread_id=22, base_seed=nil
setup: assigned thread_id=23
init: final thread_id=23, base_seed=nil
setup: assigned thread_id=24
init: final thread_id=24, base_seed=nil
setup: assigned thread_id=25
init: final thread_id=25, base_seed=nil
setup: assigned thread_id=26
init: final thread_id=26, base_seed=nil
setup: assigned thread_id=27
init: final thread_id=27, base_seed=nil
setup: assigned thread_id=28
init: final thread_id=28, base_seed=nil
setup: assigned thread_id=29
init: final thread_id=29, base_seed=nil
setup: assigned thread_id=30
init: final thread_id=30, base_seed=nil
setup: assigned thread_id=31
init: final thread_id=31, base_seed=nil
setup: assigned thread_id=32
init: final thread_id=32, base_seed=nil
setup: assigned thread_id=33
init: final thread_id=33, base_seed=nil
setup: assigned thread_id=34
init: final thread_id=34, base_seed=nil
setup: assigned thread_id=35
init: final thread_id=35, base_seed=nil
setup: assigned thread_id=36
init: final thread_id=36, base_seed=nil
setup: assigned thread_id=37
init: final thread_id=37, base_seed=nil
setup: assigned thread_id=38
init: final thread_id=38, base_seed=nil
setup: assigned thread_id=39
init: final thread_id=39, base_seed=nil
setup: assigned thread_id=40
init: final thread_id=40, base_seed=nil
script_want_response
Running 1m test @ http://10.10.1.1:26611
  40 threads and 392 connections

  Thread calibration: mean lat.: 153.216ms, rate sampling interval: 737ms
  Thread calibration: mean lat.: 153.860ms, rate sampling interval: 738ms
  Thread calibration: mean lat.: 154.835ms, rate sampling interval: 737ms
  Thread calibration: mean lat.: 155.477ms, rate sampling interval: 734ms
  Thread calibration: mean lat.: 157.708ms, rate sampling interval: 738ms
  Thread calibration: mean lat.: 159.278ms, rate sampling interval: 735ms
  Thread calibration: mean lat.: 159.664ms, rate sampling interval: 735ms
  Thread calibration: mean lat.: 161.252ms, rate sampling interval: 734ms
  Thread calibration: mean lat.: 162.486ms, rate sampling interval: 736ms
  Thread calibration: mean lat.: 163.025ms, rate sampling interval: 735ms
  Thread calibration: mean lat.: 152.942ms, rate sampling interval: 717ms
  Thread calibration: mean lat.: 152.026ms, rate sampling interval: 717ms
  Thread calibration: mean lat.: 149.179ms, rate sampling interval: 712ms
  Thread calibration: mean lat.: 143.816ms, rate sampling interval: 689ms
  Thread calibration: mean lat.: 141.223ms, rate sampling interval: 684ms
  Thread calibration: mean lat.: 140.918ms, rate sampling interval: 686ms
  Thread calibration: mean lat.: 158.696ms, rate sampling interval: 772ms
  Thread calibration: mean lat.: 159.660ms, rate sampling interval: 764ms
  Thread calibration: mean lat.: 166.460ms, rate sampling interval: 808ms
  Thread calibration: mean lat.: 164.157ms, rate sampling interval: 804ms
  Thread calibration: mean lat.: 179.532ms, rate sampling interval: 812ms
  Thread calibration: mean lat.: 183.613ms, rate sampling interval: 814ms
  Thread calibration: mean lat.: 182.704ms, rate sampling interval: 807ms
  Thread calibration: mean lat.: 173.875ms, rate sampling interval: 778ms
  Thread calibration: mean lat.: 183.487ms, rate sampling interval: 777ms
  Thread calibration: mean lat.: 181.100ms, rate sampling interval: 766ms
  Thread calibration: mean lat.: 181.112ms, rate sampling interval: 758ms
  Thread calibration: mean lat.: 171.784ms, rate sampling interval: 755ms
  Thread calibration: mean lat.: 168.365ms, rate sampling interval: 738ms
  Thread calibration: mean lat.: 157.138ms, rate sampling interval: 717ms
  Thread calibration: mean lat.: 156.945ms, rate sampling interval: 714ms
  Thread calibration: mean lat.: 156.520ms, rate sampling interval: 711ms
  Thread calibration: mean lat.: 158.036ms, rate sampling interval: 715ms
  Thread calibration: mean lat.: 160.061ms, rate sampling interval: 719ms
  Thread calibration: mean lat.: 161.843ms, rate sampling interval: 734ms
  Thread calibration: mean lat.: 161.032ms, rate sampling interval: 724ms
  Thread calibration: mean lat.: 166.821ms, rate sampling interval: 761ms
  Thread calibration: mean lat.: 166.262ms, rate sampling interval: 755ms
  Thread calibration: mean lat.: 167.497ms, rate sampling interval: 779ms
  Thread calibration: mean lat.: 168.957ms, rate sampling interval: 784ms

-----------------------------------------------------------------------
Test Results @ http://10.10.1.1:26611 
  Thread Stats   Avg      Stdev     99%   +/- Stdev
    Latency    71.55ms   93.83ms 428.54ms   87.84%
    Req/Sec    69.53      6.02    88.00     78.74%
  Latency Distribution (HdrHistogram - Recorded Latency)
 50.000%   35.81ms
 75.000%   56.77ms
 90.000%  195.33ms
 99.000%  428.54ms
 99.900%  461.82ms
 99.990%  473.34ms
 99.999%  477.18ms
100.000%  477.44ms

  Detailed Percentile spectrum:
       Value   Percentile   TotalCount 1/(1-Percentile)

       8.455     0.000000            1         1.00
      15.431     0.100000        13972         1.11
      21.263     0.200000        27968         1.25
      26.479     0.300000        41919         1.43
      31.055     0.400000        55912         1.67
      35.807     0.500000        69916         2.00
      38.783     0.550000        76895         2.22
      41.951     0.600000        83852         2.50
      45.439     0.650000        90848         2.86
      50.047     0.700000        97806         3.33
      56.767     0.750000       104817         4.00
      62.239     0.775000       108294         4.44
      74.751     0.800000       111788         5.00
     103.487     0.825000       115268         5.71
     136.575     0.850000       118767         6.67
     162.303     0.875000       122260         8.00
     175.103     0.887500       124006         8.89
     195.327     0.900000       125754        10.00
     220.799     0.912500       127494        11.43
     250.111     0.925000       129240        13.33
     279.551     0.937500       130989        16.00
     298.751     0.943750       131859        17.78
     317.183     0.950000       132740        20.00
     340.479     0.956250       133607        22.86
     358.911     0.962500       134482        26.67
     383.231     0.968750       135362        32.00
     390.911     0.971875       135798        35.56
     398.335     0.975000       136227        40.00
     406.271     0.978125       136665        45.71
     414.207     0.981250       137112        53.33
     419.327     0.984375       137559        64.00
     421.631     0.985938       137755        71.11
     424.191     0.987500       137993        80.00
     426.751     0.989062       138190        91.43
     429.823     0.990625       138428       106.67
     432.639     0.992188       138646       128.00
     433.919     0.992969       138748       142.22
     435.199     0.993750       138865       160.00
     436.479     0.994531       138958       182.86
     439.039     0.995313       139071       213.33
     441.599     0.996094       139179       256.00
     443.135     0.996484       139227       284.44
     445.183     0.996875       139288       320.00
     446.975     0.997266       139338       365.71
     449.535     0.997656       139397       426.67
     453.631     0.998047       139448       512.00
     456.191     0.998242       139475       568.89
     458.751     0.998437       139500       640.00
     460.031     0.998633       139534       731.43
     460.799     0.998828       139561       853.33
     461.823     0.999023       139584      1024.00
     462.847     0.999121       139602      1137.78
     463.103     0.999219       139613      1280.00
     464.127     0.999316       139625      1462.86
     464.639     0.999414       139639      1706.67
     465.663     0.999512       139652      2048.00
     466.175     0.999561       139657      2275.56
     466.943     0.999609       139665      2560.00
     467.711     0.999658       139671      2925.71
     468.991     0.999707       139679      3413.33
     470.015     0.999756       139686      4096.00
     470.783     0.999780       139688      4551.11
     471.039     0.999805       139691      5120.00
     471.807     0.999829       139696      5851.43
     472.319     0.999854       139700      6826.67
     472.831     0.999878       139701      8192.00
     473.087     0.999890       139703      9102.22
     473.855     0.999902       139706     10240.00
     474.367     0.999915       139707     11702.86
     474.623     0.999927       139708     13653.33
     475.391     0.999939       139710     16384.00
     475.903     0.999945       139711     18204.44
     476.159     0.999951       139712     20480.00
     476.927     0.999957       139715     23405.71
     476.927     0.999963       139715     27306.67
     476.927     0.999969       139715     32768.00
     476.927     0.999973       139715     36408.89
     476.927     0.999976       139715     40960.00
     477.183     0.999979       139717     46811.43
     477.183     0.999982       139717     54613.33
     477.183     0.999985       139717     65536.00
     477.183     0.999986       139717     72817.78
     477.183     0.999988       139717     81920.00
     477.183     0.999989       139717     93622.86
     477.183     0.999991       139717    109226.67
     477.183     0.999992       139717    131072.00
     477.439     0.999993       139718    145635.56
     477.439     1.000000       139718          inf
#[Mean    =       71.549, StdDeviation   =       93.828]
#[Max     =      477.184, Total count    =       139718]
#[Buckets =           27, SubBuckets     =         2048]
-----------------------------------------------------------------------
  167477 requests in 1.00m, 25.97MB read
Requests/sec:   2795.13  
Transfer/sec:    443.81KB

=== rps=3000 c=450 t=45 url=http://10.10.1.1:26611 ===
setup: assigned thread_id=1
init: final thread_id=1, base_seed=nil
setup: assigned thread_id=2
init: final thread_id=2, base_seed=nil
setup: assigned thread_id=3
init: final thread_id=3, base_seed=nil
setup: assigned thread_id=4
init: final thread_id=4, base_seed=nil
setup: assigned thread_id=5
init: final thread_id=5, base_seed=nil
setup: assigned thread_id=6
init: final thread_id=6, base_seed=nil
setup: assigned thread_id=7
init: final thread_id=7, base_seed=nil
setup: assigned thread_id=8
init: final thread_id=8, base_seed=nil
setup: assigned thread_id=9
init: final thread_id=9, base_seed=nil
setup: assigned thread_id=10
init: final thread_id=10, base_seed=nil
setup: assigned thread_id=11
init: final thread_id=11, base_seed=nil
setup: assigned thread_id=12
init: final thread_id=12, base_seed=nil
setup: assigned thread_id=13
init: final thread_id=13, base_seed=nil
setup: assigned thread_id=14
init: final thread_id=14, base_seed=nil
setup: assigned thread_id=15
init: final thread_id=15, base_seed=nil
setup: assigned thread_id=16
init: final thread_id=16, base_seed=nil
setup: assigned thread_id=17
init: final thread_id=17, base_seed=nil
setup: assigned thread_id=18
init: final thread_id=18, base_seed=nil
setup: assigned thread_id=19
init: final thread_id=19, base_seed=nil
setup: assigned thread_id=20
init: final thread_id=20, base_seed=nil
setup: assigned thread_id=21
init: final thread_id=21, base_seed=nil
setup: assigned thread_id=22
init: final thread_id=22, base_seed=nil
setup: assigned thread_id=23
init: final thread_id=23, base_seed=nil
setup: assigned thread_id=24
init: final thread_id=24, base_seed=nil
setup: assigned thread_id=25
init: final thread_id=25, base_seed=nil
setup: assigned thread_id=26
init: final thread_id=26, base_seed=nil
setup: assigned thread_id=27
init: final thread_id=27, base_seed=nil
setup: assigned thread_id=28
init: final thread_id=28, base_seed=nil
setup: assigned thread_id=29
init: final thread_id=29, base_seed=nil
setup: assigned thread_id=30
init: final thread_id=30, base_seed=nil
setup: assigned thread_id=31
init: final thread_id=31, base_seed=nil
setup: assigned thread_id=32
init: final thread_id=32, base_seed=nil
setup: assigned thread_id=33
init: final thread_id=33, base_seed=nil
setup: assigned thread_id=34
init: final thread_id=34, base_seed=nil
setup: assigned thread_id=35
init: final thread_id=35, base_seed=nil
setup: assigned thread_id=36
init: final thread_id=36, base_seed=nil
setup: assigned thread_id=37
init: final thread_id=37, base_seed=nil
setup: assigned thread_id=38
init: final thread_id=38, base_seed=nil
setup: assigned thread_id=39
init: final thread_id=39, base_seed=nil
setup: assigned thread_id=40
init: final thread_id=40, base_seed=nil
setup: assigned thread_id=41
init: final thread_id=41, base_seed=nil
setup: assigned thread_id=42
init: final thread_id=42, base_seed=nil
setup: assigned thread_id=43
init: final thread_id=43, base_seed=nil
setup: assigned thread_id=44
init: final thread_id=44, base_seed=nil
setup: assigned thread_id=45
init: final thread_id=45, base_seed=nil
script_want_response
Running 1m test @ http://10.10.1.1:26611
  45 threads and 450 connections

  Thread calibration: mean lat.: 61.898ms, rate sampling interval: 227ms
  Thread calibration: mean lat.: 60.297ms, rate sampling interval: 226ms
  Thread calibration: mean lat.: 57.437ms, rate sampling interval: 222ms
  Thread calibration: mean lat.: 59.948ms, rate sampling interval: 228ms
  Thread calibration: mean lat.: 55.090ms, rate sampling interval: 226ms
  Thread calibration: mean lat.: 54.136ms, rate sampling interval: 226ms
  Thread calibration: mean lat.: 54.138ms, rate sampling interval: 228ms
  Thread calibration: mean lat.: 52.531ms, rate sampling interval: 225ms
  Thread calibration: mean lat.: 51.230ms, rate sampling interval: 225ms
  Thread calibration: mean lat.: 49.699ms, rate sampling interval: 226ms
  Thread calibration: mean lat.: 47.748ms, rate sampling interval: 224ms
  Thread calibration: mean lat.: 34.487ms, rate sampling interval: 205ms
  Thread calibration: mean lat.: 32.956ms, rate sampling interval: 207ms
  Thread calibration: mean lat.: 35.752ms, rate sampling interval: 194ms
  Thread calibration: mean lat.: 36.718ms, rate sampling interval: 194ms
  Thread calibration: mean lat.: 37.997ms, rate sampling interval: 193ms
  Thread calibration: mean lat.: 38.726ms, rate sampling interval: 189ms
  Thread calibration: mean lat.: 39.671ms, rate sampling interval: 189ms
  Thread calibration: mean lat.: 40.440ms, rate sampling interval: 189ms
  Thread calibration: mean lat.: 75.388ms, rate sampling interval: 479ms
  Thread calibration: mean lat.: 41.408ms, rate sampling interval: 188ms
  Thread calibration: mean lat.: 44.176ms, rate sampling interval: 195ms
  Thread calibration: mean lat.: 82.507ms, rate sampling interval: 566ms
  Thread calibration: mean lat.: 42.133ms, rate sampling interval: 194ms
  Thread calibration: mean lat.: 43.349ms, rate sampling interval: 200ms
  Thread calibration: mean lat.: 45.916ms, rate sampling interval: 209ms
  Thread calibration: mean lat.: 43.276ms, rate sampling interval: 207ms
  Thread calibration: mean lat.: 43.354ms, rate sampling interval: 208ms
  Thread calibration: mean lat.: 44.280ms, rate sampling interval: 209ms
  Thread calibration: mean lat.: 53.276ms, rate sampling interval: 252ms
  Thread calibration: mean lat.: 55.181ms, rate sampling interval: 249ms
  Thread calibration: mean lat.: 56.571ms, rate sampling interval: 249ms
  Thread calibration: mean lat.: 57.916ms, rate sampling interval: 246ms
  Thread calibration: mean lat.: 59.212ms, rate sampling interval: 242ms
  Thread calibration: mean lat.: 60.238ms, rate sampling interval: 241ms
  Thread calibration: mean lat.: 61.131ms, rate sampling interval: 238ms
  Thread calibration: mean lat.: 61.935ms, rate sampling interval: 234ms
  Thread calibration: mean lat.: 62.612ms, rate sampling interval: 234ms
  Thread calibration: mean lat.: 62.922ms, rate sampling interval: 234ms
  Thread calibration: mean lat.: 62.645ms, rate sampling interval: 231ms
  Thread calibration: mean lat.: 63.034ms, rate sampling interval: 228ms
  Thread calibration: mean lat.: 62.895ms, rate sampling interval: 224ms
  Thread calibration: mean lat.: 33.218ms, rate sampling interval: 227ms
  Thread calibration: mean lat.: 63.141ms, rate sampling interval: 222ms
  Thread calibration: mean lat.: 63.474ms, rate sampling interval: 229ms

-----------------------------------------------------------------------
Test Results @ http://10.10.1.1:26611 
  Thread Stats   Avg      Stdev     99%   +/- Stdev
    Latency    67.55ms   91.22ms 437.50ms   88.87%
    Req/Sec    65.73     19.61   105.00     57.11%
  Latency Distribution (HdrHistogram - Recorded Latency)
 50.000%   34.88ms
 75.000%   54.40ms
 90.000%  187.90ms
 99.000%  437.50ms
 99.900%  502.78ms
 99.990%  520.19ms
 99.999%  527.87ms
100.000%  529.41ms

  Detailed Percentile spectrum:
       Value   Percentile   TotalCount 1/(1-Percentile)

       8.311     0.000000            1         1.00
      15.327     0.100000        14842         1.11
      20.495     0.200000        29705         1.25
      25.551     0.300000        44527         1.43
      30.031     0.400000        59360         1.67
      34.879     0.500000        74224         2.00
      37.951     0.550000        81601         2.22
      41.439     0.600000        89036         2.50
      45.183     0.650000        96443         2.86
      49.311     0.700000       103833         3.33
      54.399     0.750000       111267         4.00
      57.983     0.775000       114966         4.44
      64.543     0.800000       118663         5.00
      77.183     0.825000       122381         5.71
     100.095     0.850000       126080         6.67
     135.039     0.875000       129788         8.00
     156.671     0.887500       131650         8.89
     187.903     0.900000       133496        10.00
     224.639     0.912500       135355        11.43
     244.223     0.925000       137203        13.33
     268.287     0.937500       139062        16.00
     282.367     0.943750       139992        17.78
     299.263     0.950000       140917        20.00
     319.743     0.956250       141846        22.86
     344.063     0.962500       142764        26.67
     360.191     0.968750       143698        32.00
     370.431     0.971875       144165        35.56
     381.951     0.975000       144618        40.00
     392.447     0.978125       145093        45.71
     401.407     0.981250       145544        53.33
     413.183     0.984375       146015        64.00
     419.583     0.985938       146248        71.11
     426.495     0.987500       146477        80.00
     432.639     0.989062       146707        91.43
     441.599     0.990625       146935       106.67
     451.839     0.992188       147177       128.00
     454.911     0.992969       147292       142.22
     457.215     0.993750       147405       160.00
     460.799     0.994531       147523       182.86
     464.639     0.995313       147630       213.33
     470.015     0.996094       147752       256.00
     472.319     0.996484       147807       284.44
     474.367     0.996875       147863       320.00
     477.951     0.997266       147922       365.71
     482.559     0.997656       147981       426.67
     487.423     0.998047       148041       512.00
     489.215     0.998242       148068       568.89
     492.031     0.998437       148097       640.00
     495.871     0.998633       148124       731.43
     499.455     0.998828       148153       853.33
     503.551     0.999023       148181      1024.00
     504.575     0.999121       148199      1137.78
     505.599     0.999219       148210      1280.00
     507.135     0.999316       148225      1462.86
     508.927     0.999414       148241      1706.67
     510.719     0.999512       148254      2048.00
     511.487     0.999561       148260      2275.56
     512.767     0.999609       148269      2560.00
     513.791     0.999658       148275      2925.71
     514.303     0.999707       148282      3413.33
     515.327     0.999756       148289      4096.00
     516.095     0.999780       148294      4551.11
     517.119     0.999805       148298      5120.00
     517.375     0.999829       148300      5851.43
     518.143     0.999854       148304      6826.67
     519.679     0.999878       148307      8192.00
     519.935     0.999890       148309      9102.22
     520.959     0.999902       148311     10240.00
     522.239     0.999915       148313     11702.86
     522.751     0.999927       148316     13653.33
     522.751     0.999939       148316     16384.00
     523.007     0.999945       148318     18204.44
     523.007     0.999951       148318     20480.00
     523.775     0.999957       148319     23405.71
     524.031     0.999963       148320     27306.67
     525.311     0.999969       148321     32768.00
     525.311     0.999973       148321     36408.89
     526.335     0.999976       148322     40960.00
     526.335     0.999979       148322     46811.43
     527.359     0.999982       148323     54613.33
     527.359     0.999985       148323     65536.00
     527.359     0.999986       148323     72817.78
     527.871     0.999988       148324     81920.00
     527.871     0.999989       148324     93622.86
     527.871     0.999991       148324    109226.67
     527.871     0.999992       148324    131072.00
     527.871     0.999993       148324    145635.56
     529.407     0.999994       148325    163840.00
     529.407     1.000000       148325          inf
#[Mean    =       67.549, StdDeviation   =       91.221]
#[Max     =      528.896, Total count    =       148325]
#[Buckets =           27, SubBuckets     =         2048]
-----------------------------------------------------------------------
  177417 requests in 1.00m, 27.51MB read
Requests/sec:   2958.44  
Transfer/sec:    469.71KB

=== rps=3200 c=512 t=52 url=http://10.10.1.1:26611 ===
setup: assigned thread_id=1
init: final thread_id=1, base_seed=nil
setup: assigned thread_id=2
init: final thread_id=2, base_seed=nil
setup: assigned thread_id=3
init: final thread_id=3, base_seed=nil
setup: assigned thread_id=4
init: final thread_id=4, base_seed=nil
setup: assigned thread_id=5
init: final thread_id=5, base_seed=nil
setup: assigned thread_id=6
init: final thread_id=6, base_seed=nil
setup: assigned thread_id=7
init: final thread_id=7, base_seed=nil
setup: assigned thread_id=8
init: final thread_id=8, base_seed=nil
setup: assigned thread_id=9
init: final thread_id=9, base_seed=nil
setup: assigned thread_id=10
init: final thread_id=10, base_seed=nil
setup: assigned thread_id=11
init: final thread_id=11, base_seed=nil
setup: assigned thread_id=12
init: final thread_id=12, base_seed=nil
setup: assigned thread_id=13
init: final thread_id=13, base_seed=nil
setup: assigned thread_id=14
init: final thread_id=14, base_seed=nil
setup: assigned thread_id=15
init: final thread_id=15, base_seed=nil
setup: assigned thread_id=16
init: final thread_id=16, base_seed=nil
setup: assigned thread_id=17
init: final thread_id=17, base_seed=nil
setup: assigned thread_id=18
init: final thread_id=18, base_seed=nil
setup: assigned thread_id=19
init: final thread_id=19, base_seed=nil
setup: assigned thread_id=20
init: final thread_id=20, base_seed=nil
setup: assigned thread_id=21
init: final thread_id=21, base_seed=nil
setup: assigned thread_id=22
init: final thread_id=22, base_seed=nil
setup: assigned thread_id=23
init: final thread_id=23, base_seed=nil
setup: assigned thread_id=24
init: final thread_id=24, base_seed=nil
setup: assigned thread_id=25
init: final thread_id=25, base_seed=nil
setup: assigned thread_id=26
init: final thread_id=26, base_seed=nil
setup: assigned thread_id=27
init: final thread_id=27, base_seed=nil
setup: assigned thread_id=28
init: final thread_id=28, base_seed=nil
setup: assigned thread_id=29
init: final thread_id=29, base_seed=nil
setup: assigned thread_id=30
init: final thread_id=30, base_seed=nil
setup: assigned thread_id=31
init: final thread_id=31, base_seed=nil
setup: assigned thread_id=32
init: final thread_id=32, base_seed=nil
setup: assigned thread_id=33
init: final thread_id=33, base_seed=nil
setup: assigned thread_id=34
init: final thread_id=34, base_seed=nil
setup: assigned thread_id=35
init: final thread_id=35, base_seed=nil
setup: assigned thread_id=36
init: final thread_id=36, base_seed=nil
setup: assigned thread_id=37
init: final thread_id=37, base_seed=nil
setup: assigned thread_id=38
init: final thread_id=38, base_seed=nil
setup: assigned thread_id=39
init: final thread_id=39, base_seed=nil
setup: assigned thread_id=40
init: final thread_id=40, base_seed=nil
setup: assigned thread_id=41
init: final thread_id=41, base_seed=nil
setup: assigned thread_id=42
init: final thread_id=42, base_seed=nil
setup: assigned thread_id=43
init: final thread_id=43, base_seed=nil
setup: assigned thread_id=44
init: final thread_id=44, base_seed=nil
setup: assigned thread_id=45
init: final thread_id=45, base_seed=nil
setup: assigned thread_id=46
init: final thread_id=46, base_seed=nil
setup: assigned thread_id=47
init: final thread_id=47, base_seed=nil
setup: assigned thread_id=48
init: final thread_id=48, base_seed=nil
setup: assigned thread_id=49
init: final thread_id=49, base_seed=nil
setup: assigned thread_id=50
init: final thread_id=50, base_seed=nil
setup: assigned thread_id=51
init: final thread_id=51, base_seed=nil
setup: assigned thread_id=52
init: final thread_id=52, base_seed=nil
script_want_response
Running 1m test @ http://10.10.1.1:26611
  52 threads and 512 connections

  Thread calibration: mean lat.: 174.191ms, rate sampling interval: 614ms
  Thread calibration: mean lat.: 175.979ms, rate sampling interval: 611ms
  Thread calibration: mean lat.: 176.715ms, rate sampling interval: 611ms
  Thread calibration: mean lat.: 182.438ms, rate sampling interval: 619ms
  Thread calibration: mean lat.: 156.525ms, rate sampling interval: 515ms
  Thread calibration: mean lat.: 182.315ms, rate sampling interval: 615ms
  Thread calibration: mean lat.: 183.601ms, rate sampling interval: 628ms
  Thread calibration: mean lat.: 185.517ms, rate sampling interval: 632ms
  Thread calibration: mean lat.: 185.742ms, rate sampling interval: 637ms
  Thread calibration: mean lat.: 182.549ms, rate sampling interval: 636ms
  Thread calibration: mean lat.: 178.271ms, rate sampling interval: 633ms
  Thread calibration: mean lat.: 174.188ms, rate sampling interval: 629ms
  Thread calibration: mean lat.: 173.338ms, rate sampling interval: 629ms
  Thread calibration: mean lat.: 169.282ms, rate sampling interval: 616ms
  Thread calibration: mean lat.: 165.225ms, rate sampling interval: 590ms
  Thread calibration: mean lat.: 161.489ms, rate sampling interval: 575ms
  Thread calibration: mean lat.: 157.135ms, rate sampling interval: 563ms
  Thread calibration: mean lat.: 181.732ms, rate sampling interval: 568ms
  Thread calibration: mean lat.: 147.399ms, rate sampling interval: 542ms
  Thread calibration: mean lat.: 146.848ms, rate sampling interval: 540ms
  Thread calibration: mean lat.: 146.590ms, rate sampling interval: 542ms
  Thread calibration: mean lat.: 145.563ms, rate sampling interval: 533ms
  Thread calibration: mean lat.: 145.638ms, rate sampling interval: 531ms
  Thread calibration: mean lat.: 145.430ms, rate sampling interval: 529ms
  Thread calibration: mean lat.: 183.079ms, rate sampling interval: 600ms
  Thread calibration: mean lat.: 160.314ms, rate sampling interval: 524ms
  Thread calibration: mean lat.: 148.638ms, rate sampling interval: 539ms
  Thread calibration: mean lat.: 155.448ms, rate sampling interval: 555ms
  Thread calibration: mean lat.: 159.014ms, rate sampling interval: 570ms
  Thread calibration: mean lat.: 162.657ms, rate sampling interval: 604ms
  Thread calibration: mean lat.: 165.729ms, rate sampling interval: 611ms
  Thread calibration: mean lat.: 169.466ms, rate sampling interval: 614ms
  Thread calibration: mean lat.: 169.056ms, rate sampling interval: 615ms
  Thread calibration: mean lat.: 176.019ms, rate sampling interval: 609ms
  Thread calibration: mean lat.: 177.439ms, rate sampling interval: 610ms
  Thread calibration: mean lat.: 178.208ms, rate sampling interval: 609ms
  Thread calibration: mean lat.: 174.865ms, rate sampling interval: 602ms
  Thread calibration: mean lat.: 174.483ms, rate sampling interval: 602ms
  Thread calibration: mean lat.: 177.921ms, rate sampling interval: 600ms
  Thread calibration: mean lat.: 173.817ms, rate sampling interval: 594ms
  Thread calibration: mean lat.: 175.794ms, rate sampling interval: 601ms
  Thread calibration: mean lat.: 176.947ms, rate sampling interval: 597ms
  Thread calibration: mean lat.: 175.832ms, rate sampling interval: 590ms
  Thread calibration: mean lat.: 175.892ms, rate sampling interval: 591ms
  Thread calibration: mean lat.: 175.431ms, rate sampling interval: 590ms
  Thread calibration: mean lat.: 174.457ms, rate sampling interval: 584ms
  Thread calibration: mean lat.: 174.564ms, rate sampling interval: 585ms
  Thread calibration: mean lat.: 173.586ms, rate sampling interval: 581ms
  Thread calibration: mean lat.: 172.837ms, rate sampling interval: 578ms
  Thread calibration: mean lat.: 173.496ms, rate sampling interval: 578ms
  Thread calibration: mean lat.: 172.172ms, rate sampling interval: 574ms
  Thread calibration: mean lat.: 171.703ms, rate sampling interval: 575ms

-----------------------------------------------------------------------
Test Results @ http://10.10.1.1:26611 
  Thread Stats   Avg      Stdev     99%   +/- Stdev
    Latency    62.57ms   33.35ms 152.19ms   66.13%
    Req/Sec    60.57      5.72    74.00     78.12%
  Latency Distribution (HdrHistogram - Recorded Latency)
 50.000%   57.89ms
 75.000%   81.66ms
 90.000%  110.91ms
 99.000%  152.19ms
 99.900%  196.35ms
 99.990%  212.35ms
 99.999%  214.27ms
100.000%  215.55ms

  Detailed Percentile spectrum:
       Value   Percentile   TotalCount 1/(1-Percentile)

       9.103     0.000000            1         1.00
      22.511     0.100000        15852         1.11
      31.775     0.200000        31675         1.25
      41.951     0.300000        47522         1.43
      50.079     0.400000        63391         1.67
      57.887     0.500000        79193         2.00
      61.695     0.550000        87126         2.22
      65.791     0.600000        95081         2.50
      70.335     0.650000       103036         2.86
      75.327     0.700000       110886         3.33
      81.663     0.750000       118815         4.00
      85.247     0.775000       122752         4.44
      89.279     0.800000       126688         5.00
      93.823     0.825000       130663         5.71
      98.943     0.850000       134610         6.67
     104.511     0.875000       138583         8.00
     107.711     0.887500       140573         8.89
     110.911     0.900000       142541        10.00
     114.431     0.912500       144525        11.43
     117.887     0.925000       146484        13.33
     122.047     0.937500       148472        16.00
     124.223     0.943750       149454        17.78
     126.655     0.950000       150449        20.00
     129.279     0.956250       151438        22.86
     131.839     0.962500       152442        26.67
     135.039     0.968750       153416        32.00
     136.959     0.971875       153930        35.56
     139.007     0.975000       154408        40.00
     141.055     0.978125       154913        45.71
     143.615     0.981250       155417        53.33
     146.815     0.984375       155883        64.00
     148.351     0.985938       156155        71.11
     149.631     0.987500       156381        80.00
     151.295     0.989062       156635        91.43
     152.831     0.990625       156884       106.67
     154.623     0.992188       157116       128.00
     155.903     0.992969       157243       142.22
     157.183     0.993750       157364       160.00
     159.487     0.994531       157487       182.86
     164.095     0.995313       157611       213.33
     168.703     0.996094       157733       256.00
     172.031     0.996484       157795       284.44
     175.743     0.996875       157857       320.00
     178.559     0.997266       157921       365.71
     180.735     0.997656       157984       426.67
     182.271     0.998047       158045       512.00
     183.039     0.998242       158076       568.89
     184.191     0.998437       158105       640.00
     187.007     0.998633       158135       731.43
     193.791     0.998828       158166       853.33
     196.607     0.999023       158197      1024.00
     198.911     0.999121       158214      1137.78
     200.831     0.999219       158228      1280.00
     203.903     0.999316       158243      1462.86
     206.079     0.999414       158259      1706.67
     207.871     0.999512       158274      2048.00
     208.511     0.999561       158284      2275.56
     209.151     0.999609       158292      2560.00
     209.791     0.999658       158297      2925.71
     210.303     0.999707       158305      3413.33
     210.687     0.999756       158313      4096.00
     210.943     0.999780       158320      4551.11
     211.199     0.999805       158322      5120.00
     211.455     0.999829       158324      5851.43
     211.583     0.999854       158328      6826.67
     211.967     0.999878       158332      8192.00
     212.223     0.999890       158334      9102.22
     212.479     0.999902       158336     10240.00
     212.607     0.999915       158338     11702.86
     212.863     0.999927       158343     13653.33
     212.863     0.999939       158343     16384.00
     212.863     0.999945       158343     18204.44
     212.991     0.999951       158344     20480.00
     213.119     0.999957       158345     23405.71
     213.375     0.999963       158346     27306.67
     213.887     0.999969       158347     32768.00
     213.887     0.999973       158347     36408.89
     214.143     0.999976       158348     40960.00
     214.143     0.999979       158348     46811.43
     214.271     0.999982       158349     54613.33
     214.271     0.999985       158349     65536.00
     214.271     0.999986       158349     72817.78
     214.655     0.999988       158350     81920.00
     214.655     0.999989       158350     93622.86
     214.655     0.999991       158350    109226.67
     214.655     0.999992       158350    131072.00
     214.655     0.999993       158350    145635.56
     215.551     0.999994       158351    163840.00
     215.551     1.000000       158351          inf
#[Mean    =       62.568, StdDeviation   =       33.345]
#[Max     =      215.424, Total count    =       158351]
#[Buckets =           27, SubBuckets     =         2048]
-----------------------------------------------------------------------
  189471 requests in 1.00m, 29.38MB read
Requests/sec:   3161.49  
Transfer/sec:    501.98KB

=== rps=3400 c=578 t=58 url=http://10.10.1.1:26611 ===
setup: assigned thread_id=1
init: final thread_id=1, base_seed=nil
setup: assigned thread_id=2
init: final thread_id=2, base_seed=nil
setup: assigned thread_id=3
init: final thread_id=3, base_seed=nil
setup: assigned thread_id=4
init: final thread_id=4, base_seed=nil
setup: assigned thread_id=5
init: final thread_id=5, base_seed=nil
setup: assigned thread_id=6
init: final thread_id=6, base_seed=nil
setup: assigned thread_id=7
init: final thread_id=7, base_seed=nil
setup: assigned thread_id=8
init: final thread_id=8, base_seed=nil
setup: assigned thread_id=9
init: final thread_id=9, base_seed=nil
setup: assigned thread_id=10
init: final thread_id=10, base_seed=nil
setup: assigned thread_id=11
init: final thread_id=11, base_seed=nil
setup: assigned thread_id=12
init: final thread_id=12, base_seed=nil
setup: assigned thread_id=13
init: final thread_id=13, base_seed=nil
setup: assigned thread_id=14
init: final thread_id=14, base_seed=nil
setup: assigned thread_id=15
init: final thread_id=15, base_seed=nil
setup: assigned thread_id=16
init: final thread_id=16, base_seed=nil
setup: assigned thread_id=17
init: final thread_id=17, base_seed=nil
setup: assigned thread_id=18
init: final thread_id=18, base_seed=nil
setup: assigned thread_id=19
init: final thread_id=19, base_seed=nil
setup: assigned thread_id=20
init: final thread_id=20, base_seed=nil
setup: assigned thread_id=21
init: final thread_id=21, base_seed=nil
setup: assigned thread_id=22
init: final thread_id=22, base_seed=nil
setup: assigned thread_id=23
init: final thread_id=23, base_seed=nil
setup: assigned thread_id=24
init: final thread_id=24, base_seed=nil
setup: assigned thread_id=25
init: final thread_id=25, base_seed=nil
setup: assigned thread_id=26
init: final thread_id=26, base_seed=nil
setup: assigned thread_id=27
init: final thread_id=27, base_seed=nil
setup: assigned thread_id=28
init: final thread_id=28, base_seed=nil
setup: assigned thread_id=29
init: final thread_id=29, base_seed=nil
setup: assigned thread_id=30
init: final thread_id=30, base_seed=nil
setup: assigned thread_id=31
init: final thread_id=31, base_seed=nil
setup: assigned thread_id=32
init: final thread_id=32, base_seed=nil
setup: assigned thread_id=33
init: final thread_id=33, base_seed=nil
setup: assigned thread_id=34
init: final thread_id=34, base_seed=nil
setup: assigned thread_id=35
init: final thread_id=35, base_seed=nil
setup: assigned thread_id=36
init: final thread_id=36, base_seed=nil
setup: assigned thread_id=37
init: final thread_id=37, base_seed=nil
setup: assigned thread_id=38
init: final thread_id=38, base_seed=nil
setup: assigned thread_id=39
init: final thread_id=39, base_seed=nil
setup: assigned thread_id=40
init: final thread_id=40, base_seed=nil
setup: assigned thread_id=41
init: final thread_id=41, base_seed=nil
setup: assigned thread_id=42
init: final thread_id=42, base_seed=nil
setup: assigned thread_id=43
init: final thread_id=43, base_seed=nil
setup: assigned thread_id=44
init: final thread_id=44, base_seed=nil
setup: assigned thread_id=45
init: final thread_id=45, base_seed=nil
setup: assigned thread_id=46
init: final thread_id=46, base_seed=nil
setup: assigned thread_id=47
init: final thread_id=47, base_seed=nil
setup: assigned thread_id=48
init: final thread_id=48, base_seed=nil
setup: assigned thread_id=49
init: final thread_id=49, base_seed=nil
setup: assigned thread_id=50
init: final thread_id=50, base_seed=nil
setup: assigned thread_id=51
init: final thread_id=51, base_seed=nil
setup: assigned thread_id=52
init: final thread_id=52, base_seed=nil
setup: assigned thread_id=53
init: final thread_id=53, base_seed=nil
setup: assigned thread_id=54
init: final thread_id=54, base_seed=nil
setup: assigned thread_id=55
init: final thread_id=55, base_seed=nil
setup: assigned thread_id=56
init: final thread_id=56, base_seed=nil
setup: assigned thread_id=57
init: final thread_id=57, base_seed=nil
setup: assigned thread_id=58
init: final thread_id=58, base_seed=nil
script_want_response
Running 1m test @ http://10.10.1.1:26611
  58 threads and 578 connections

  Thread calibration: mean lat.: 166.289ms, rate sampling interval: 465ms
  Thread calibration: mean lat.: 157.322ms, rate sampling interval: 464ms
  Thread calibration: mean lat.: 162.108ms, rate sampling interval: 457ms
  Thread calibration: mean lat.: 161.908ms, rate sampling interval: 463ms
  Thread calibration: mean lat.: 179.079ms, rate sampling interval: 478ms
  Thread calibration: mean lat.: 168.361ms, rate sampling interval: 473ms
  Thread calibration: mean lat.: 178.597ms, rate sampling interval: 474ms
  Thread calibration: mean lat.: 162.828ms, rate sampling interval: 474ms
  Thread calibration: mean lat.: 170.604ms, rate sampling interval: 481ms
  Thread calibration: mean lat.: 168.441ms, rate sampling interval: 483ms
  Thread calibration: mean lat.: 172.756ms, rate sampling interval: 488ms
  Thread calibration: mean lat.: 173.846ms, rate sampling interval: 490ms
  Thread calibration: mean lat.: 164.636ms, rate sampling interval: 482ms
  Thread calibration: mean lat.: 156.409ms, rate sampling interval: 475ms
  Thread calibration: mean lat.: 155.522ms, rate sampling interval: 471ms
  Thread calibration: mean lat.: 148.100ms, rate sampling interval: 454ms
  Thread calibration: mean lat.: 143.419ms, rate sampling interval: 427ms
  Thread calibration: mean lat.: 139.909ms, rate sampling interval: 408ms
  Thread calibration: mean lat.: 132.936ms, rate sampling interval: 388ms
  Thread calibration: mean lat.: 132.873ms, rate sampling interval: 387ms
  Thread calibration: mean lat.: 133.601ms, rate sampling interval: 390ms
  Thread calibration: mean lat.: 149.388ms, rate sampling interval: 494ms
  Thread calibration: mean lat.: 144.182ms, rate sampling interval: 461ms
  Thread calibration: mean lat.: 148.973ms, rate sampling interval: 489ms
  Thread calibration: mean lat.: 151.255ms, rate sampling interval: 486ms
  Thread calibration: mean lat.: 164.470ms, rate sampling interval: 517ms
  Thread calibration: mean lat.: 159.077ms, rate sampling interval: 503ms
  Thread calibration: mean lat.: 209.873ms, rate sampling interval: 549ms
  Thread calibration: mean lat.: 173.436ms, rate sampling interval: 520ms
  Thread calibration: mean lat.: 175.421ms, rate sampling interval: 517ms
  Thread calibration: mean lat.: 168.087ms, rate sampling interval: 491ms
  Thread calibration: mean lat.: 172.473ms, rate sampling interval: 477ms
  Thread calibration: mean lat.: 166.563ms, rate sampling interval: 466ms
  Thread calibration: mean lat.: 183.873ms, rate sampling interval: 482ms
  Thread calibration: mean lat.: 167.169ms, rate sampling interval: 461ms
  Thread calibration: mean lat.: 160.524ms, rate sampling interval: 455ms
  Thread calibration: mean lat.: 162.935ms, rate sampling interval: 460ms
  Thread calibration: mean lat.: 165.478ms, rate sampling interval: 454ms
  Thread calibration: mean lat.: 164.695ms, rate sampling interval: 452ms
  Thread calibration: mean lat.: 154.025ms, rate sampling interval: 443ms
  Thread calibration: mean lat.: 160.420ms, rate sampling interval: 443ms
  Thread calibration: mean lat.: 161.239ms, rate sampling interval: 451ms
  Thread calibration: mean lat.: 158.505ms, rate sampling interval: 440ms
  Thread calibration: mean lat.: 174.595ms, rate sampling interval: 458ms
  Thread calibration: mean lat.: 150.121ms, rate sampling interval: 429ms
  Thread calibration: mean lat.: 159.748ms, rate sampling interval: 437ms
  Thread calibration: mean lat.: 155.589ms, rate sampling interval: 433ms
  Thread calibration: mean lat.: 155.997ms, rate sampling interval: 430ms
  Thread calibration: mean lat.: 162.396ms, rate sampling interval: 434ms
  Thread calibration: mean lat.: 162.727ms, rate sampling interval: 435ms
  Thread calibration: mean lat.: 154.098ms, rate sampling interval: 425ms
  Thread calibration: mean lat.: 156.739ms, rate sampling interval: 427ms
  Thread calibration: mean lat.: 161.209ms, rate sampling interval: 437ms
  Thread calibration: mean lat.: 163.111ms, rate sampling interval: 456ms
  Thread calibration: mean lat.: 162.291ms, rate sampling interval: 452ms
  Thread calibration: mean lat.: 161.211ms, rate sampling interval: 474ms
  Thread calibration: mean lat.: 170.182ms, rate sampling interval: 482ms
  Thread calibration: mean lat.: 166.545ms, rate sampling interval: 481ms

-----------------------------------------------------------------------
Test Results @ http://10.10.1.1:26611 
  Thread Stats   Avg      Stdev     99%   +/- Stdev
    Latency   194.63ms  163.79ms 577.02ms   72.52%
    Req/Sec    57.87      7.63    77.00     76.49%
  Latency Distribution (HdrHistogram - Recorded Latency)
 50.000%  146.82ms
 75.000%  212.35ms
 90.000%  511.49ms
 99.000%  577.02ms
 99.900%  594.43ms
 99.990%  603.14ms
 99.999%  626.17ms
100.000%  628.73ms

  Detailed Percentile spectrum:
       Value   Percentile   TotalCount 1/(1-Percentile)

      10.527     0.000000            1         1.00
      35.455     0.100000        16889         1.11
      58.783     0.200000        33767         1.25
      91.455     0.300000        50621         1.43
     126.079     0.400000        67537         1.67
     146.815     0.500000        84430         2.00
     158.335     0.550000        92889         2.22
     169.983     0.600000       101303         2.50
     180.863     0.650000       109697         2.86
     193.919     0.700000       118131         3.33
     212.351     0.750000       126559         4.00
     229.247     0.775000       130792         4.44
     334.335     0.800000       134999         5.00
     408.831     0.825000       139215         5.71
     453.375     0.850000       143441         6.67
     490.495     0.875000       147676         8.00
     502.527     0.887500       149762         8.89
     511.487     0.900000       151866        10.00
     518.911     0.912500       153999        11.43
     526.335     0.925000       156238        13.33
     532.991     0.937500       158216        16.00
     537.087     0.943750       159333        17.78
     541.183     0.950000       160357        20.00
     545.791     0.956250       161456        22.86
     550.399     0.962500       162464        26.67
     555.519     0.968750       163465        32.00
     558.591     0.971875       164023        35.56
     561.663     0.975000       164580        40.00
     564.735     0.978125       165136        45.71
     567.295     0.981250       165573        53.33
     570.367     0.984375       166105        64.00
     571.903     0.985938       166373        71.11
     573.951     0.987500       166688        80.00
     575.999     0.989062       166965        91.43
     577.535     0.990625       167173       106.67
     579.583     0.992188       167422       128.00
     581.119     0.992969       167596       142.22
     582.143     0.993750       167699       160.00
     583.679     0.994531       167840       182.86
     585.215     0.995313       167974       213.33
     586.751     0.996094       168099       256.00
     587.263     0.996484       168150       284.44
     588.287     0.996875       168238       320.00
     589.311     0.997266       168313       365.71
     589.823     0.997656       168346       426.67
     590.847     0.998047       168413       512.00
     591.871     0.998242       168455       568.89
     592.383     0.998437       168484       640.00
     592.895     0.998633       168507       731.43
     593.919     0.998828       168557       853.33
     594.431     0.999023       168579      1024.00
     594.943     0.999121       168593      1137.78
     595.967     0.999219       168614      1280.00
     596.479     0.999316       168627      1462.86
     596.991     0.999414       168641      1706.67
     598.015     0.999512       168659      2048.00
     598.527     0.999561       168669      2275.56
     599.039     0.999609       168678      2560.00
     599.551     0.999658       168691      2925.71
     599.551     0.999707       168691      3413.33
     600.063     0.999756       168699      4096.00
     600.063     0.999780       168699      4551.11
     600.575     0.999805       168706      5120.00
     601.087     0.999829       168709      5851.43
     601.599     0.999854       168713      6826.67
     602.111     0.999878       168716      8192.00
     603.135     0.999890       168719      9102.22
     603.647     0.999902       168721     10240.00
     604.159     0.999915       168722     11702.86
     607.231     0.999927       168724     13653.33
     609.279     0.999939       168726     16384.00
     613.887     0.999945       168728     18204.44
     613.887     0.999951       168728     20480.00
     614.911     0.999957       168729     23405.71
     620.543     0.999963       168730     27306.67
     621.055     0.999969       168731     32768.00
     622.079     0.999973       168732     36408.89
     622.079     0.999976       168732     40960.00
     623.615     0.999979       168733     46811.43
     623.615     0.999982       168733     54613.33
     626.175     0.999985       168734     65536.00
     626.175     0.999986       168734     72817.78
     626.175     0.999988       168734     81920.00
     627.199     0.999989       168735     93622.86
     627.199     0.999991       168735    109226.67
     627.199     0.999992       168735    131072.00
     627.199     0.999993       168735    145635.56
     627.199     0.999994       168735    163840.00
     628.735     0.999995       168736    187245.71
     628.735     1.000000       168736          inf
#[Mean    =      194.634, StdDeviation   =      163.786]
#[Max     =      628.224, Total count    =       168736]
#[Buckets =           27, SubBuckets     =         2048]
-----------------------------------------------------------------------
  200875 requests in 1.00m, 31.14MB read
Requests/sec:   3350.46  
Transfer/sec:    531.87KB

=== rps=3600 c=648 t=65 url=http://10.10.1.1:26611 ===
setup: assigned thread_id=1
init: final thread_id=1, base_seed=nil
setup: assigned thread_id=2
init: final thread_id=2, base_seed=nil
setup: assigned thread_id=3
init: final thread_id=3, base_seed=nil
setup: assigned thread_id=4
init: final thread_id=4, base_seed=nil
setup: assigned thread_id=5
init: final thread_id=5, base_seed=nil
setup: assigned thread_id=6
init: final thread_id=6, base_seed=nil
setup: assigned thread_id=7
init: final thread_id=7, base_seed=nil
setup: assigned thread_id=8
init: final thread_id=8, base_seed=nil
setup: assigned thread_id=9
init: final thread_id=9, base_seed=nil
setup: assigned thread_id=10
init: final thread_id=10, base_seed=nil
setup: assigned thread_id=11
init: final thread_id=11, base_seed=nil
setup: assigned thread_id=12
init: final thread_id=12, base_seed=nil
setup: assigned thread_id=13
init: final thread_id=13, base_seed=nil
setup: assigned thread_id=14
init: final thread_id=14, base_seed=nil
setup: assigned thread_id=15
init: final thread_id=15, base_seed=nil
setup: assigned thread_id=16
init: final thread_id=16, base_seed=nil
setup: assigned thread_id=17
init: final thread_id=17, base_seed=nil
setup: assigned thread_id=18
init: final thread_id=18, base_seed=nil
setup: assigned thread_id=19
init: final thread_id=19, base_seed=nil
setup: assigned thread_id=20
init: final thread_id=20, base_seed=nil
setup: assigned thread_id=21
init: final thread_id=21, base_seed=nil
setup: assigned thread_id=22
init: final thread_id=22, base_seed=nil
setup: assigned thread_id=23
init: final thread_id=23, base_seed=nil
setup: assigned thread_id=24
init: final thread_id=24, base_seed=nil
setup: assigned thread_id=25
init: final thread_id=25, base_seed=nil
setup: assigned thread_id=26
init: final thread_id=26, base_seed=nil
setup: assigned thread_id=27
init: final thread_id=27, base_seed=nil
setup: assigned thread_id=28
init: final thread_id=28, base_seed=nil
setup: assigned thread_id=29
init: final thread_id=29, base_seed=nil
setup: assigned thread_id=30
init: final thread_id=30, base_seed=nil
setup: assigned thread_id=31
init: final thread_id=31, base_seed=nil
setup: assigned thread_id=32
init: final thread_id=32, base_seed=nil
setup: assigned thread_id=33
init: final thread_id=33, base_seed=nil
setup: assigned thread_id=34
init: final thread_id=34, base_seed=nil
setup: assigned thread_id=35
init: final thread_id=35, base_seed=nil
setup: assigned thread_id=36
init: final thread_id=36, base_seed=nil
setup: assigned thread_id=37
init: final thread_id=37, base_seed=nil
setup: assigned thread_id=38
init: final thread_id=38, base_seed=nil
setup: assigned thread_id=39
init: final thread_id=39, base_seed=nil
setup: assigned thread_id=40
init: final thread_id=40, base_seed=nil
setup: assigned thread_id=41
init: final thread_id=41, base_seed=nil
setup: assigned thread_id=42
init: final thread_id=42, base_seed=nil
setup: assigned thread_id=43
init: final thread_id=43, base_seed=nil
setup: assigned thread_id=44
init: final thread_id=44, base_seed=nil
setup: assigned thread_id=45
init: final thread_id=45, base_seed=nil
setup: assigned thread_id=46
init: final thread_id=46, base_seed=nil
setup: assigned thread_id=47
init: final thread_id=47, base_seed=nil
setup: assigned thread_id=48
init: final thread_id=48, base_seed=nil
setup: assigned thread_id=49
init: final thread_id=49, base_seed=nil
setup: assigned thread_id=50
init: final thread_id=50, base_seed=nil
setup: assigned thread_id=51
init: final thread_id=51, base_seed=nil
setup: assigned thread_id=52
init: final thread_id=52, base_seed=nil
setup: assigned thread_id=53
init: final thread_id=53, base_seed=nil
setup: assigned thread_id=54
init: final thread_id=54, base_seed=nil
setup: assigned thread_id=55
init: final thread_id=55, base_seed=nil
setup: assigned thread_id=56
init: final thread_id=56, base_seed=nil
setup: assigned thread_id=57
init: final thread_id=57, base_seed=nil
setup: assigned thread_id=58
init: final thread_id=58, base_seed=nil
setup: assigned thread_id=59
init: final thread_id=59, base_seed=nil
setup: assigned thread_id=60
init: final thread_id=60, base_seed=nil
setup: assigned thread_id=61
init: final thread_id=61, base_seed=nil
setup: assigned thread_id=62
init: final thread_id=62, base_seed=nil
setup: assigned thread_id=63
init: final thread_id=63, base_seed=nil
setup: assigned thread_id=64
init: final thread_id=64, base_seed=nil
setup: assigned thread_id=65
init: final thread_id=65, base_seed=nil
script_want_response
Running 1m test @ http://10.10.1.1:26611
  65 threads and 648 connections

  Thread calibration: mean lat.: 429.347ms, rate sampling interval: 1144ms
  Thread calibration: mean lat.: 426.292ms, rate sampling interval: 1135ms
  Thread calibration: mean lat.: 426.784ms, rate sampling interval: 1132ms
  Thread calibration: mean lat.: 443.825ms, rate sampling interval: 1157ms
  Thread calibration: mean lat.: 453.763ms, rate sampling interval: 1191ms
  Thread calibration: mean lat.: 443.792ms, rate sampling interval: 1177ms
  Thread calibration: mean lat.: 448.537ms, rate sampling interval: 1188ms
  Thread calibration: mean lat.: 450.035ms, rate sampling interval: 1182ms
  Thread calibration: mean lat.: 441.994ms, rate sampling interval: 1188ms
  Thread calibration: mean lat.: 464.024ms, rate sampling interval: 1195ms
  Thread calibration: mean lat.: 446.154ms, rate sampling interval: 1182ms
  Thread calibration: mean lat.: 448.212ms, rate sampling interval: 1182ms
  Thread calibration: mean lat.: 447.862ms, rate sampling interval: 1175ms
  Thread calibration: mean lat.: 439.045ms, rate sampling interval: 1161ms
  Thread calibration: mean lat.: 430.525ms, rate sampling interval: 1134ms
  Thread calibration: mean lat.: 438.076ms, rate sampling interval: 1133ms
  Thread calibration: mean lat.: 428.084ms, rate sampling interval: 1115ms
  Thread calibration: mean lat.: 415.127ms, rate sampling interval: 1097ms
  Thread calibration: mean lat.: 417.091ms, rate sampling interval: 1096ms
  Thread calibration: mean lat.: 424.818ms, rate sampling interval: 1101ms
  Thread calibration: mean lat.: 421.352ms, rate sampling interval: 1093ms
  Thread calibration: mean lat.: 420.475ms, rate sampling interval: 1094ms
  Thread calibration: mean lat.: 419.925ms, rate sampling interval: 1095ms
  Thread calibration: mean lat.: 428.248ms, rate sampling interval: 1107ms
  Thread calibration: mean lat.: 432.313ms, rate sampling interval: 1112ms
  Thread calibration: mean lat.: 412.574ms, rate sampling interval: 1095ms
  Thread calibration: mean lat.: 426.973ms, rate sampling interval: 1111ms
  Thread calibration: mean lat.: 428.803ms, rate sampling interval: 1114ms
  Thread calibration: mean lat.: 431.482ms, rate sampling interval: 1122ms
  Thread calibration: mean lat.: 434.647ms, rate sampling interval: 1110ms
  Thread calibration: mean lat.: 422.380ms, rate sampling interval: 1107ms
  Thread calibration: mean lat.: 414.983ms, rate sampling interval: 1106ms
  Thread calibration: mean lat.: 415.013ms, rate sampling interval: 1102ms
  Thread calibration: mean lat.: 421.042ms, rate sampling interval: 1105ms
  Thread calibration: mean lat.: 432.515ms, rate sampling interval: 1105ms
  Thread calibration: mean lat.: 428.894ms, rate sampling interval: 1102ms
  Thread calibration: mean lat.: 427.770ms, rate sampling interval: 1098ms
  Thread calibration: mean lat.: 432.160ms, rate sampling interval: 1099ms
  Thread calibration: mean lat.: 427.997ms, rate sampling interval: 1099ms
  Thread calibration: mean lat.: 427.590ms, rate sampling interval: 1095ms
  Thread calibration: mean lat.: 413.596ms, rate sampling interval: 1088ms
  Thread calibration: mean lat.: 427.322ms, rate sampling interval: 1089ms
  Thread calibration: mean lat.: 426.200ms, rate sampling interval: 1081ms
  Thread calibration: mean lat.: 426.113ms, rate sampling interval: 1086ms
  Thread calibration: mean lat.: 426.039ms, rate sampling interval: 1084ms
  Thread calibration: mean lat.: 402.019ms, rate sampling interval: 1071ms
  Thread calibration: mean lat.: 423.425ms, rate sampling interval: 1075ms
  Thread calibration: mean lat.: 421.843ms, rate sampling interval: 1082ms
  Thread calibration: mean lat.: 427.648ms, rate sampling interval: 1085ms
  Thread calibration: mean lat.: 437.972ms, rate sampling interval: 1138ms
  Thread calibration: mean lat.: 430.442ms, rate sampling interval: 1123ms
  Thread calibration: mean lat.: 435.508ms, rate sampling interval: 1146ms
  Thread calibration: mean lat.: 439.166ms, rate sampling interval: 1138ms
  Thread calibration: mean lat.: 447.068ms, rate sampling interval: 1143ms
  Thread calibration: mean lat.: 437.881ms, rate sampling interval: 1139ms
  Thread calibration: mean lat.: 456.075ms, rate sampling interval: 1144ms
  Thread calibration: mean lat.: 433.088ms, rate sampling interval: 1134ms
  Thread calibration: mean lat.: 417.209ms, rate sampling interval: 1119ms
  Thread calibration: mean lat.: 436.536ms, rate sampling interval: 1137ms
  Thread calibration: mean lat.: 418.823ms, rate sampling interval: 1114ms
  Thread calibration: mean lat.: 451.831ms, rate sampling interval: 1136ms
  Thread calibration: mean lat.: 439.379ms, rate sampling interval: 1132ms
  Thread calibration: mean lat.: 433.994ms, rate sampling interval: 1128ms
  Thread calibration: mean lat.: 431.786ms, rate sampling interval: 1122ms
  Thread calibration: mean lat.: 446.854ms, rate sampling interval: 1127ms

-----------------------------------------------------------------------
Test Results @ http://10.10.1.1:26611 
  Thread Stats   Avg      Stdev     99%   +/- Stdev
    Latency   332.79ms  159.02ms 587.26ms   58.45%
    Req/Sec    54.70      4.52    65.00     72.29%
  Latency Distribution (HdrHistogram - Recorded Latency)
 50.000%  362.49ms
 75.000%  467.45ms
 90.000%  531.97ms
 99.000%  587.26ms
 99.900%  634.88ms
 99.990%  686.59ms
 99.999%  706.56ms
100.000%  710.66ms

  Detailed Percentile spectrum:
       Value   Percentile   TotalCount 1/(1-Percentile)

      11.247     0.000000            2         1.00
     104.383     0.100000        17920         1.11
     154.111     0.200000        35830         1.25
     223.487     0.300000        53729         1.43
     301.823     0.400000        71620         1.67
     362.495     0.500000        89603         2.00
     381.183     0.550000        98522         2.22
     402.943     0.600000       107445         2.50
     430.335     0.650000       116378         2.86
     450.815     0.700000       125408         3.33
     467.455     0.750000       134316         4.00
     476.159     0.775000       138875         4.44
     485.887     0.800000       143266         5.00
     498.175     0.825000       147732         5.71
     511.487     0.850000       152196         6.67
     522.495     0.875000       156750         8.00
     527.359     0.887500       159009         8.89
     531.967     0.900000       161271        10.00
     536.575     0.912500       163563        11.43
     541.183     0.925000       165838        13.33
     545.791     0.937500       168002        16.00
     548.351     0.943750       169173        17.78
     550.911     0.950000       170225        20.00
     553.983     0.956250       171427        22.86
     557.055     0.962500       172434        26.67
     561.151     0.968750       173542        32.00
     563.199     0.971875       174032        35.56
     565.759     0.975000       174587        40.00
     568.831     0.978125       175184        45.71
     572.415     0.981250       175743        53.33
     576.511     0.984375       176302        64.00
     578.559     0.985938       176544        71.11
     581.631     0.987500       176860        80.00
     584.703     0.989062       177088        91.43
     588.799     0.990625       177368       106.67
     593.919     0.992188       177654       128.00
     596.479     0.992969       177799       142.22
     599.039     0.993750       177927       160.00
     602.623     0.994531       178073       182.86
     606.207     0.995313       178206       213.33
     610.815     0.996094       178367       256.00
     612.863     0.996484       178428       284.44
     614.911     0.996875       178486       320.00
     616.959     0.997266       178560       365.71
     619.519     0.997656       178627       426.67
     623.103     0.998047       178694       512.00
     624.639     0.998242       178733       568.89
     626.687     0.998437       178764       640.00
     629.247     0.998633       178803       731.43
     631.295     0.998828       178838       853.33
     635.391     0.999023       178873      1024.00
     636.415     0.999121       178886      1137.78
     638.463     0.999219       178906      1280.00
     641.023     0.999316       178923      1462.86
     644.095     0.999414       178942      1706.67
     647.679     0.999512       178956      2048.00
     649.215     0.999561       178965      2275.56
     652.799     0.999609       178973      2560.00
     656.383     0.999658       178984      2925.71
     658.943     0.999707       178991      3413.33
     664.575     0.999756       178999      4096.00
     667.647     0.999780       179004      4551.11
     670.719     0.999805       179008      5120.00
     673.791     0.999829       179012      5851.43
     683.007     0.999854       179017      6826.67
     684.543     0.999878       179022      8192.00
     685.055     0.999890       179023      9102.22
     686.591     0.999902       179026     10240.00
     689.663     0.999915       179030     11702.86
     689.663     0.999927       179030     13653.33
     690.687     0.999939       179032     16384.00
     691.711     0.999945       179033     18204.44
     693.247     0.999951       179034     20480.00
     694.783     0.999957       179035     23405.71
     698.879     0.999963       179036     27306.67
     699.391     0.999969       179037     32768.00
     703.487     0.999973       179038     36408.89
     703.487     0.999976       179038     40960.00
     705.535     0.999979       179039     46811.43
     705.535     0.999982       179039     54613.33
     706.559     0.999985       179040     65536.00
     706.559     0.999986       179040     72817.78
     706.559     0.999988       179040     81920.00
     709.119     0.999989       179041     93622.86
     709.119     0.999991       179041    109226.67
     709.119     0.999992       179041    131072.00
     709.119     0.999993       179041    145635.56
     709.119     0.999994       179041    163840.00
     710.655     0.999995       179042    187245.71
     710.655     1.000000       179042          inf
#[Mean    =      332.791, StdDeviation   =      159.015]
#[Max     =      710.144, Total count    =       179042]
#[Buckets =           27, SubBuckets     =         2048]
-----------------------------------------------------------------------
  212687 requests in 1.00m, 32.98MB read
Requests/sec:   3554.26  
Transfer/sec:    564.30KB

=== rps=3800 c=722 t=73 url=http://10.10.1.1:26611 ===
setup: assigned thread_id=1
init: final thread_id=1, base_seed=nil
setup: assigned thread_id=2
init: final thread_id=2, base_seed=nil
setup: assigned thread_id=3
init: final thread_id=3, base_seed=nil
setup: assigned thread_id=4
init: final thread_id=4, base_seed=nil
setup: assigned thread_id=5
init: final thread_id=5, base_seed=nil
setup: assigned thread_id=6
init: final thread_id=6, base_seed=nil
setup: assigned thread_id=7
init: final thread_id=7, base_seed=nil
setup: assigned thread_id=8
init: final thread_id=8, base_seed=nil
setup: assigned thread_id=9
init: final thread_id=9, base_seed=nil
setup: assigned thread_id=10
init: final thread_id=10, base_seed=nil
setup: assigned thread_id=11
init: final thread_id=11, base_seed=nil
setup: assigned thread_id=12
init: final thread_id=12, base_seed=nil
setup: assigned thread_id=13
init: final thread_id=13, base_seed=nil
setup: assigned thread_id=14
init: final thread_id=14, base_seed=nil
setup: assigned thread_id=15
init: final thread_id=15, base_seed=nil
setup: assigned thread_id=16
init: final thread_id=16, base_seed=nil
setup: assigned thread_id=17
init: final thread_id=17, base_seed=nil
setup: assigned thread_id=18
init: final thread_id=18, base_seed=nil
setup: assigned thread_id=19
init: final thread_id=19, base_seed=nil
setup: assigned thread_id=20
init: final thread_id=20, base_seed=nil
setup: assigned thread_id=21
init: final thread_id=21, base_seed=nil
setup: assigned thread_id=22
init: final thread_id=22, base_seed=nil
setup: assigned thread_id=23
init: final thread_id=23, base_seed=nil
setup: assigned thread_id=24
init: final thread_id=24, base_seed=nil
setup: assigned thread_id=25
init: final thread_id=25, base_seed=nil
setup: assigned thread_id=26
init: final thread_id=26, base_seed=nil
setup: assigned thread_id=27
init: final thread_id=27, base_seed=nil
setup: assigned thread_id=28
init: final thread_id=28, base_seed=nil
setup: assigned thread_id=29
init: final thread_id=29, base_seed=nil
setup: assigned thread_id=30
init: final thread_id=30, base_seed=nil
setup: assigned thread_id=31
init: final thread_id=31, base_seed=nil
setup: assigned thread_id=32
init: final thread_id=32, base_seed=nil
setup: assigned thread_id=33
init: final thread_id=33, base_seed=nil
setup: assigned thread_id=34
init: final thread_id=34, base_seed=nil
setup: assigned thread_id=35
init: final thread_id=35, base_seed=nil
setup: assigned thread_id=36
init: final thread_id=36, base_seed=nil
setup: assigned thread_id=37
init: final thread_id=37, base_seed=nil
setup: assigned thread_id=38
init: final thread_id=38, base_seed=nil
setup: assigned thread_id=39
init: final thread_id=39, base_seed=nil
setup: assigned thread_id=40
init: final thread_id=40, base_seed=nil
setup: assigned thread_id=41
init: final thread_id=41, base_seed=nil
setup: assigned thread_id=42
init: final thread_id=42, base_seed=nil
setup: assigned thread_id=43
init: final thread_id=43, base_seed=nil
setup: assigned thread_id=44
init: final thread_id=44, base_seed=nil
setup: assigned thread_id=45
init: final thread_id=45, base_seed=nil
setup: assigned thread_id=46
init: final thread_id=46, base_seed=nil
setup: assigned thread_id=47
init: final thread_id=47, base_seed=nil
setup: assigned thread_id=48
init: final thread_id=48, base_seed=nil
setup: assigned thread_id=49
init: final thread_id=49, base_seed=nil
setup: assigned thread_id=50
init: final thread_id=50, base_seed=nil
setup: assigned thread_id=51
init: final thread_id=51, base_seed=nil
setup: assigned thread_id=52
init: final thread_id=52, base_seed=nil
setup: assigned thread_id=53
init: final thread_id=53, base_seed=nil
setup: assigned thread_id=54
init: final thread_id=54, base_seed=nil
setup: assigned thread_id=55
init: final thread_id=55, base_seed=nil
setup: assigned thread_id=56
init: final thread_id=56, base_seed=nil
setup: assigned thread_id=57
init: final thread_id=57, base_seed=nil
setup: assigned thread_id=58
init: final thread_id=58, base_seed=nil
setup: assigned thread_id=59
init: final thread_id=59, base_seed=nil
setup: assigned thread_id=60
init: final thread_id=60, base_seed=nil
setup: assigned thread_id=61
init: final thread_id=61, base_seed=nil
setup: assigned thread_id=62
init: final thread_id=62, base_seed=nil
setup: assigned thread_id=63
init: final thread_id=63, base_seed=nil
setup: assigned thread_id=64
init: final thread_id=64, base_seed=nil
setup: assigned thread_id=65
init: final thread_id=65, base_seed=nil
setup: assigned thread_id=66
init: final thread_id=66, base_seed=nil
setup: assigned thread_id=67
init: final thread_id=67, base_seed=nil
setup: assigned thread_id=68
init: final thread_id=68, base_seed=nil
setup: assigned thread_id=69
init: final thread_id=69, base_seed=nil
setup: assigned thread_id=70
init: final thread_id=70, base_seed=nil
setup: assigned thread_id=71
init: final thread_id=71, base_seed=nil
setup: assigned thread_id=72
init: final thread_id=72, base_seed=nil
setup: assigned thread_id=73
init: final thread_id=73, base_seed=nil
script_want_response
Running 1m test @ http://10.10.1.1:26611
  73 threads and 722 connections

  Thread calibration: mean lat.: 471.087ms, rate sampling interval: 1572ms
  Thread calibration: mean lat.: 462.610ms, rate sampling interval: 1513ms
  Thread calibration: mean lat.: 454.511ms, rate sampling interval: 1471ms
  Thread calibration: mean lat.: 467.257ms, rate sampling interval: 1525ms
  Thread calibration: mean lat.: 468.133ms, rate sampling interval: 1519ms
  Thread calibration: mean lat.: 518.166ms, rate sampling interval: 1563ms
  Thread calibration: mean lat.: 465.183ms, rate sampling interval: 1524ms
  Thread calibration: mean lat.: 506.773ms, rate sampling interval: 1537ms
  Thread calibration: mean lat.: 481.388ms, rate sampling interval: 1572ms
  Thread calibration: mean lat.: 483.180ms, rate sampling interval: 1564ms
  Thread calibration: mean lat.: 495.236ms, rate sampling interval: 1565ms
  Thread calibration: mean lat.: 487.149ms, rate sampling interval: 1564ms
  Thread calibration: mean lat.: 484.109ms, rate sampling interval: 1552ms
  Thread calibration: mean lat.: 475.357ms, rate sampling interval: 1540ms
  Thread calibration: mean lat.: 488.583ms, rate sampling interval: 1593ms
  Thread calibration: mean lat.: 487.546ms, rate sampling interval: 1602ms
  Thread calibration: mean lat.: 486.816ms, rate sampling interval: 1592ms
  Thread calibration: mean lat.: 470.008ms, rate sampling interval: 1522ms
  Thread calibration: mean lat.: 462.705ms, rate sampling interval: 1474ms
  Thread calibration: mean lat.: 531.413ms, rate sampling interval: 1528ms
  Thread calibration: mean lat.: 535.081ms, rate sampling interval: 1547ms
  Thread calibration: mean lat.: 449.607ms, rate sampling interval: 1448ms
  Thread calibration: mean lat.: 473.126ms, rate sampling interval: 1552ms
  Thread calibration: mean lat.: 463.228ms, rate sampling interval: 1500ms
  Thread calibration: mean lat.: 468.958ms, rate sampling interval: 1559ms
  Thread calibration: mean lat.: 458.087ms, rate sampling interval: 1510ms
  Thread calibration: mean lat.: 443.421ms, rate sampling interval: 1437ms
  Thread calibration: mean lat.: 457.643ms, rate sampling interval: 1503ms
  Thread calibration: mean lat.: 455.488ms, rate sampling interval: 1492ms
  Thread calibration: mean lat.: 465.377ms, rate sampling interval: 1519ms
  Thread calibration: mean lat.: 445.128ms, rate sampling interval: 1483ms
  Thread calibration: mean lat.: 455.112ms, rate sampling interval: 1515ms
  Thread calibration: mean lat.: 428.208ms, rate sampling interval: 1468ms
  Thread calibration: mean lat.: 471.619ms, rate sampling interval: 1530ms
  Thread calibration: mean lat.: 480.089ms, rate sampling interval: 1592ms
  Thread calibration: mean lat.: 560.503ms, rate sampling interval: 1604ms
  Thread calibration: mean lat.: 553.799ms, rate sampling interval: 1606ms
  Thread calibration: mean lat.: 476.992ms, rate sampling interval: 1545ms
  Thread calibration: mean lat.: 462.732ms, rate sampling interval: 1514ms
  Thread calibration: mean lat.: 473.912ms, rate sampling interval: 1512ms
  Thread calibration: mean lat.: 462.789ms, rate sampling interval: 1500ms
  Thread calibration: mean lat.: 486.304ms, rate sampling interval: 1580ms
  Thread calibration: mean lat.: 476.930ms, rate sampling interval: 1514ms
  Thread calibration: mean lat.: 489.535ms, rate sampling interval: 1601ms
  Thread calibration: mean lat.: 478.938ms, rate sampling interval: 1517ms
  Thread calibration: mean lat.: 471.473ms, rate sampling interval: 1514ms
  Thread calibration: mean lat.: 476.905ms, rate sampling interval: 1505ms
  Thread calibration: mean lat.: 478.509ms, rate sampling interval: 1507ms
  Thread calibration: mean lat.: 476.292ms, rate sampling interval: 1503ms
  Thread calibration: mean lat.: 490.289ms, rate sampling interval: 1587ms
  Thread calibration: mean lat.: 485.270ms, rate sampling interval: 1561ms
  Thread calibration: mean lat.: 467.954ms, rate sampling interval: 1483ms
  Thread calibration: mean lat.: 478.151ms, rate sampling interval: 1535ms
  Thread calibration: mean lat.: 475.611ms, rate sampling interval: 1495ms
  Thread calibration: mean lat.: 480.608ms, rate sampling interval: 1511ms
  Thread calibration: mean lat.: 482.354ms, rate sampling interval: 1514ms
  Thread calibration: mean lat.: 479.537ms, rate sampling interval: 1519ms
  Thread calibration: mean lat.: 504.912ms, rate sampling interval: 1593ms
  Thread calibration: mean lat.: 505.176ms, rate sampling interval: 1598ms
  Thread calibration: mean lat.: 500.185ms, rate sampling interval: 1600ms
  Thread calibration: mean lat.: 501.846ms, rate sampling interval: 1580ms
  Thread calibration: mean lat.: 479.245ms, rate sampling interval: 1507ms
  Thread calibration: mean lat.: 501.433ms, rate sampling interval: 1568ms
  Thread calibration: mean lat.: 490.269ms, rate sampling interval: 1523ms
  Thread calibration: mean lat.: 487.018ms, rate sampling interval: 1532ms
  Thread calibration: mean lat.: 497.439ms, rate sampling interval: 1580ms
  Thread calibration: mean lat.: 474.020ms, rate sampling interval: 1508ms
  Thread calibration: mean lat.: 476.896ms, rate sampling interval: 1506ms
  Thread calibration: mean lat.: 476.556ms, rate sampling interval: 1519ms
  Thread calibration: mean lat.: 491.246ms, rate sampling interval: 1531ms
  Thread calibration: mean lat.: 478.988ms, rate sampling interval: 1502ms
  Thread calibration: mean lat.: 497.558ms, rate sampling interval: 1554ms
  Thread calibration: mean lat.: 468.496ms, rate sampling interval: 1504ms

-----------------------------------------------------------------------
Test Results @ http://10.10.1.1:26611 
  Thread Stats   Avg      Stdev     99%   +/- Stdev
    Latency     4.89s     1.26s    7.20s    69.45%
    Req/Sec    45.12      5.74    56.00     73.82%
  Latency Distribution (HdrHistogram - Recorded Latency)
 50.000%    4.79s 
 75.000%    5.82s 
 90.000%    6.57s 
 99.000%    7.20s 
 99.900%    7.42s 
 99.990%    7.55s 
 99.999%    7.59s 
100.000%    7.63s 

  Detailed Percentile spectrum:
       Value   Percentile   TotalCount 1/(1-Percentile)

     793.599     0.000000            1         1.00
    3276.799     0.100000        16608         1.11
    4194.303     0.200000        33226         1.25
    4542.463     0.300000        49827         1.43
    4681.727     0.400000        66568         1.67
    4788.223     0.500000        83170         2.00
    4845.567     0.550000        91688         2.22
    4935.679     0.600000        99751         2.50
    5173.247     0.650000       108013         2.86
    5533.695     0.700000       116270         3.33
    5820.415     0.750000       124546         4.00
    5939.199     0.775000       128785         4.44
    6053.887     0.800000       132995         5.00
    6168.575     0.825000       137064         5.71
    6295.551     0.850000       141179         6.67
    6430.719     0.875000       145387         8.00
    6500.351     0.887500       147425         8.89
    6574.079     0.900000       149544        10.00
    6643.711     0.912500       151571        11.43
    6717.439     0.925000       153616        13.33
    6795.263     0.937500       155705        16.00
    6836.223     0.943750       156771        17.78
    6873.087     0.950000       157759        20.00
    6914.047     0.956250       158823        22.86
    6959.103     0.962500       159910        26.67
    7004.159     0.968750       160958        32.00
    7024.639     0.971875       161436        35.56
    7049.215     0.975000       161911        40.00
    7073.791     0.978125       162435        45.71
    7102.463     0.981250       162997        53.33
    7131.135     0.984375       163474        64.00
    7147.519     0.985938       163724        71.11
    7167.999     0.987500       164010        80.00
    7188.479     0.989062       164298        91.43
    7208.959     0.990625       164543       106.67
    7229.439     0.992188       164779       128.00
    7241.727     0.992969       164926       142.22
    7254.015     0.993750       165023       160.00
    7270.399     0.994531       165167       182.86
    7286.783     0.995313       165305       213.33
    7303.167     0.996094       165416       256.00
    7315.455     0.996484       165500       284.44
    7323.647     0.996875       165545       320.00
    7335.935     0.997266       165611       365.71
    7352.319     0.997656       165690       426.67
    7364.607     0.998047       165736       512.00
    7372.799     0.998242       165770       568.89
    7385.087     0.998437       165805       640.00
    7397.375     0.998633       165842       731.43
    7409.663     0.998828       165870       853.33
    7426.047     0.999023       165900      1024.00
    7434.239     0.999121       165917      1137.78
    7446.527     0.999219       165934      1280.00
    7458.815     0.999316       165951      1462.86
    7467.007     0.999414       165967      1706.67
    7483.391     0.999512       165982      2048.00
    7487.487     0.999561       165988      2275.56
    7495.679     0.999609       165998      2560.00
    7499.775     0.999658       166004      2925.71
    7516.159     0.999707       166012      3413.33
    7524.351     0.999756       166021      4096.00
    7528.447     0.999780       166025      4551.11
    7532.543     0.999805       166027      5120.00
    7536.639     0.999829       166033      5851.43
    7540.735     0.999854       166035      6826.67
    7548.927     0.999878       166041      8192.00
    7548.927     0.999890       166041      9102.22
    7553.023     0.999902       166043     10240.00
    7561.215     0.999915       166045     11702.86
    7569.407     0.999927       166050     13653.33
    7569.407     0.999939       166050     16384.00
    7569.407     0.999945       166050     18204.44
    7573.503     0.999951       166051     20480.00
    7577.599     0.999957       166052     23405.71
    7585.791     0.999963       166054     27306.67
    7585.791     0.999969       166054     32768.00
    7589.887     0.999973       166056     36408.89
    7589.887     0.999976       166056     40960.00
    7589.887     0.999979       166056     46811.43
    7589.887     0.999982       166056     54613.33
    7593.983     0.999985       166057     65536.00
    7593.983     0.999986       166057     72817.78
    7593.983     0.999988       166057     81920.00
    7618.559     0.999989       166058     93622.86
    7618.559     0.999991       166058    109226.67
    7618.559     0.999992       166058    131072.00
    7618.559     0.999993       166058    145635.56
    7618.559     0.999994       166058    163840.00
    7630.847     0.999995       166059    187245.71
    7630.847     1.000000       166059          inf
#[Mean    =     4890.767, StdDeviation   =     1256.080]
#[Max     =     7626.752, Total count    =       166059]
#[Buckets =           27, SubBuckets     =         2048]
-----------------------------------------------------------------------
  199493 requests in 1.00m, 30.93MB read
Requests/sec:   3337.32  
Transfer/sec:    529.90KB

=== rps=4000 c=800 t=80 url=http://10.10.1.1:26611 ===
setup: assigned thread_id=1
init: final thread_id=1, base_seed=nil
setup: assigned thread_id=2
init: final thread_id=2, base_seed=nil
setup: assigned thread_id=3
init: final thread_id=3, base_seed=nil
setup: assigned thread_id=4
init: final thread_id=4, base_seed=nil
setup: assigned thread_id=5
init: final thread_id=5, base_seed=nil
setup: assigned thread_id=6
init: final thread_id=6, base_seed=nil
setup: assigned thread_id=7
init: final thread_id=7, base_seed=nil
setup: assigned thread_id=8
init: final thread_id=8, base_seed=nil
setup: assigned thread_id=9
init: final thread_id=9, base_seed=nil
setup: assigned thread_id=10
init: final thread_id=10, base_seed=nil
setup: assigned thread_id=11
init: final thread_id=11, base_seed=nil
setup: assigned thread_id=12
init: final thread_id=12, base_seed=nil
setup: assigned thread_id=13
init: final thread_id=13, base_seed=nil
setup: assigned thread_id=14
init: final thread_id=14, base_seed=nil
setup: assigned thread_id=15
init: final thread_id=15, base_seed=nil
setup: assigned thread_id=16
init: final thread_id=16, base_seed=nil
setup: assigned thread_id=17
init: final thread_id=17, base_seed=nil
setup: assigned thread_id=18
init: final thread_id=18, base_seed=nil
setup: assigned thread_id=19
init: final thread_id=19, base_seed=nil
setup: assigned thread_id=20
init: final thread_id=20, base_seed=nil
setup: assigned thread_id=21
init: final thread_id=21, base_seed=nil
setup: assigned thread_id=22
init: final thread_id=22, base_seed=nil
setup: assigned thread_id=23
init: final thread_id=23, base_seed=nil
setup: assigned thread_id=24
init: final thread_id=24, base_seed=nil
setup: assigned thread_id=25
init: final thread_id=25, base_seed=nil
setup: assigned thread_id=26
init: final thread_id=26, base_seed=nil
setup: assigned thread_id=27
init: final thread_id=27, base_seed=nil
setup: assigned thread_id=28
init: final thread_id=28, base_seed=nil
setup: assigned thread_id=29
init: final thread_id=29, base_seed=nil
setup: assigned thread_id=30
init: final thread_id=30, base_seed=nil
setup: assigned thread_id=31
init: final thread_id=31, base_seed=nil
setup: assigned thread_id=32
init: final thread_id=32, base_seed=nil
setup: assigned thread_id=33
init: final thread_id=33, base_seed=nil
setup: assigned thread_id=34
init: final thread_id=34, base_seed=nil
setup: assigned thread_id=35
init: final thread_id=35, base_seed=nil
setup: assigned thread_id=36
init: final thread_id=36, base_seed=nil
setup: assigned thread_id=37
init: final thread_id=37, base_seed=nil
setup: assigned thread_id=38
init: final thread_id=38, base_seed=nil
setup: assigned thread_id=39
init: final thread_id=39, base_seed=nil
setup: assigned thread_id=40
init: final thread_id=40, base_seed=nil
setup: assigned thread_id=41
init: final thread_id=41, base_seed=nil
setup: assigned thread_id=42
init: final thread_id=42, base_seed=nil
setup: assigned thread_id=43
init: final thread_id=43, base_seed=nil
setup: assigned thread_id=44
init: final thread_id=44, base_seed=nil
setup: assigned thread_id=45
init: final thread_id=45, base_seed=nil
setup: assigned thread_id=46
init: final thread_id=46, base_seed=nil
setup: assigned thread_id=47
init: final thread_id=47, base_seed=nil
setup: assigned thread_id=48
init: final thread_id=48, base_seed=nil
setup: assigned thread_id=49
init: final thread_id=49, base_seed=nil
setup: assigned thread_id=50
init: final thread_id=50, base_seed=nil
setup: assigned thread_id=51
init: final thread_id=51, base_seed=nil
setup: assigned thread_id=52
init: final thread_id=52, base_seed=nil
setup: assigned thread_id=53
init: final thread_id=53, base_seed=nil
setup: assigned thread_id=54
init: final thread_id=54, base_seed=nil
setup: assigned thread_id=55
init: final thread_id=55, base_seed=nil
setup: assigned thread_id=56
init: final thread_id=56, base_seed=nil
setup: assigned thread_id=57
init: final thread_id=57, base_seed=nil
setup: assigned thread_id=58
init: final thread_id=58, base_seed=nil
setup: assigned thread_id=59
init: final thread_id=59, base_seed=nil
setup: assigned thread_id=60
init: final thread_id=60, base_seed=nil
setup: assigned thread_id=61
init: final thread_id=61, base_seed=nil
setup: assigned thread_id=62
init: final thread_id=62, base_seed=nil
setup: assigned thread_id=63
init: final thread_id=63, base_seed=nil
setup: assigned thread_id=64
init: final thread_id=64, base_seed=nil
setup: assigned thread_id=65
init: final thread_id=65, base_seed=nil
setup: assigned thread_id=66
init: final thread_id=66, base_seed=nil
setup: assigned thread_id=67
init: final thread_id=67, base_seed=nil
setup: assigned thread_id=68
init: final thread_id=68, base_seed=nil
setup: assigned thread_id=69
init: final thread_id=69, base_seed=nil
setup: assigned thread_id=70
init: final thread_id=70, base_seed=nil
setup: assigned thread_id=71
init: final thread_id=71, base_seed=nil
setup: assigned thread_id=72
init: final thread_id=72, base_seed=nil
setup: assigned thread_id=73
init: final thread_id=73, base_seed=nil
setup: assigned thread_id=74
init: final thread_id=74, base_seed=nil
setup: assigned thread_id=75
init: final thread_id=75, base_seed=nil
setup: assigned thread_id=76
init: final thread_id=76, base_seed=nil
setup: assigned thread_id=77
init: final thread_id=77, base_seed=nil
setup: assigned thread_id=78
init: final thread_id=78, base_seed=nil
setup: assigned thread_id=79
init: final thread_id=79, base_seed=nil
setup: assigned thread_id=80
init: final thread_id=80, base_seed=nil
script_want_response
Running 1m test @ http://10.10.1.1:26611
  80 threads and 800 connections

  Thread calibration: mean lat.: 364.677ms, rate sampling interval: 1077ms
  Thread calibration: mean lat.: 371.897ms, rate sampling interval: 1062ms
  Thread calibration: mean lat.: 349.341ms, rate sampling interval: 1083ms
  Thread calibration: mean lat.: 384.013ms, rate sampling interval: 1175ms
  Thread calibration: mean lat.: 355.529ms, rate sampling interval: 1081ms
  Thread calibration: mean lat.: 375.222ms, rate sampling interval: 1144ms
  Thread calibration: mean lat.: 384.421ms, rate sampling interval: 1162ms
  Thread calibration: mean lat.: 353.761ms, rate sampling interval: 1044ms
  Thread calibration: mean lat.: 393.567ms, rate sampling interval: 1160ms
  Thread calibration: mean lat.: 385.672ms, rate sampling interval: 1167ms
  Thread calibration: mean lat.: 366.341ms, rate sampling interval: 1097ms
  Thread calibration: mean lat.: 364.191ms, rate sampling interval: 993ms
  Thread calibration: mean lat.: 404.438ms, rate sampling interval: 1248ms
  Thread calibration: mean lat.: 345.875ms, rate sampling interval: 943ms
  Thread calibration: mean lat.: 377.702ms, rate sampling interval: 1071ms
  Thread calibration: mean lat.: 372.069ms, rate sampling interval: 1148ms
  Thread calibration: mean lat.: 383.050ms, rate sampling interval: 1201ms
  Thread calibration: mean lat.: 400.654ms, rate sampling interval: 1256ms
  Thread calibration: mean lat.: 380.589ms, rate sampling interval: 1116ms
  Thread calibration: mean lat.: 384.261ms, rate sampling interval: 1148ms
  Thread calibration: mean lat.: 369.906ms, rate sampling interval: 1147ms
  Thread calibration: mean lat.: 374.373ms, rate sampling interval: 1122ms
  Thread calibration: mean lat.: 381.082ms, rate sampling interval: 1182ms
  Thread calibration: mean lat.: 371.340ms, rate sampling interval: 1110ms
  Thread calibration: mean lat.: 356.647ms, rate sampling interval: 1062ms
  Thread calibration: mean lat.: 386.274ms, rate sampling interval: 1210ms
  Thread calibration: mean lat.: 360.608ms, rate sampling interval: 1116ms
  Thread calibration: mean lat.: 338.564ms, rate sampling interval: 989ms
  Thread calibration: mean lat.: 350.795ms, rate sampling interval: 1057ms
  Thread calibration: mean lat.: 368.856ms, rate sampling interval: 1172ms
  Thread calibration: mean lat.: 336.681ms, rate sampling interval: 1000ms
  Thread calibration: mean lat.: 346.914ms, rate sampling interval: 1086ms
  Thread calibration: mean lat.: 333.402ms, rate sampling interval: 1031ms
  Thread calibration: mean lat.: 373.444ms, rate sampling interval: 1106ms
  Thread calibration: mean lat.: 377.109ms, rate sampling interval: 1162ms
  Thread calibration: mean lat.: 354.879ms, rate sampling interval: 1078ms
  Thread calibration: mean lat.: 348.163ms, rate sampling interval: 997ms
  Thread calibration: mean lat.: 326.510ms, rate sampling interval: 1009ms
  Thread calibration: mean lat.: 342.573ms, rate sampling interval: 1073ms
  Thread calibration: mean lat.: 374.023ms, rate sampling interval: 1129ms
  Thread calibration: mean lat.: 363.293ms, rate sampling interval: 1106ms
  Thread calibration: mean lat.: 363.293ms, rate sampling interval: 1130ms
  Thread calibration: mean lat.: 339.501ms, rate sampling interval: 1022ms
  Thread calibration: mean lat.: 336.098ms, rate sampling interval: 1016ms
  Thread calibration: mean lat.: 371.595ms, rate sampling interval: 1100ms
  Thread calibration: mean lat.: 401.997ms, rate sampling interval: 1279ms
  Thread calibration: mean lat.: 368.001ms, rate sampling interval: 1126ms
  Thread calibration: mean lat.: 352.893ms, rate sampling interval: 1073ms
  Thread calibration: mean lat.: 391.468ms, rate sampling interval: 1187ms
  Thread calibration: mean lat.: 400.482ms, rate sampling interval: 1267ms
  Thread calibration: mean lat.: 362.351ms, rate sampling interval: 1041ms
  Thread calibration: mean lat.: 365.522ms, rate sampling interval: 1103ms
  Thread calibration: mean lat.: 415.697ms, rate sampling interval: 1232ms
  Thread calibration: mean lat.: 361.741ms, rate sampling interval: 1078ms
  Thread calibration: mean lat.: 402.029ms, rate sampling interval: 1285ms
  Thread calibration: mean lat.: 378.400ms, rate sampling interval: 1161ms
  Thread calibration: mean lat.: 402.545ms, rate sampling interval: 1203ms
  Thread calibration: mean lat.: 375.354ms, rate sampling interval: 1176ms
  Thread calibration: mean lat.: 387.196ms, rate sampling interval: 1158ms
  Thread calibration: mean lat.: 351.769ms, rate sampling interval: 1004ms
  Thread calibration: mean lat.: 369.613ms, rate sampling interval: 1070ms
  Thread calibration: mean lat.: 396.341ms, rate sampling interval: 1256ms
  Thread calibration: mean lat.: 399.276ms, rate sampling interval: 1233ms
  Thread calibration: mean lat.: 387.432ms, rate sampling interval: 1255ms
  Thread calibration: mean lat.: 388.208ms, rate sampling interval: 1148ms
  Thread calibration: mean lat.: 378.697ms, rate sampling interval: 1215ms
  Thread calibration: mean lat.: 345.493ms, rate sampling interval: 1051ms
  Thread calibration: mean lat.: 414.599ms, rate sampling interval: 1171ms
  Thread calibration: mean lat.: 411.169ms, rate sampling interval: 1356ms
  Thread calibration: mean lat.: 413.487ms, rate sampling interval: 1273ms
  Thread calibration: mean lat.: 372.127ms, rate sampling interval: 1129ms
  Thread calibration: mean lat.: 376.396ms, rate sampling interval: 1112ms
  Thread calibration: mean lat.: 374.154ms, rate sampling interval: 1147ms
  Thread calibration: mean lat.: 395.491ms, rate sampling interval: 1222ms
  Thread calibration: mean lat.: 364.148ms, rate sampling interval: 1146ms
  Thread calibration: mean lat.: 383.110ms, rate sampling interval: 1113ms
  Thread calibration: mean lat.: 410.000ms, rate sampling interval: 1215ms
  Thread calibration: mean lat.: 397.610ms, rate sampling interval: 1133ms
  Thread calibration: mean lat.: 467.976ms, rate sampling interval: 1425ms
  Thread calibration: mean lat.: 405.100ms, rate sampling interval: 1188ms

-----------------------------------------------------------------------
Test Results @ http://10.10.1.1:26611 
  Thread Stats   Avg      Stdev     99%   +/- Stdev
    Latency     4.13s     2.57s    7.88s    45.37%
    Req/Sec    42.34      5.33    52.00     72.81%
  Latency Distribution (HdrHistogram - Recorded Latency)
 50.000%    4.68s 
 75.000%    6.62s 
 90.000%    7.19s 
 99.000%    7.88s 
 99.900%    8.27s 
 99.990%    8.54s 
 99.999%    8.60s 
100.000%    8.65s 

  Detailed Percentile spectrum:
       Value   Percentile   TotalCount 1/(1-Percentile)

     327.679     0.000000            1         1.00
     891.391     0.100000        17083         1.11
    1166.335     0.200000        34147         1.25
    1456.127     0.300000        51207         1.43
    2781.183     0.400000        68256         1.67
    4681.727     0.500000        85313         2.00
    5332.991     0.550000        93870         2.22
    5791.743     0.600000       102421         2.50
    6156.287     0.650000       110905         2.86
    6418.431     0.700000       119489         3.33
    6615.039     0.750000       127981         4.00
    6705.151     0.775000       132223         4.44
    6795.263     0.800000       136562         5.00
    6885.375     0.825000       140882         5.71
    6975.487     0.850000       145059         6.67
    7077.887     0.875000       149422         8.00
    7131.135     0.887500       151474         8.89
    7188.479     0.900000       153650        10.00
    7245.823     0.912500       155678        11.43
    7315.455     0.925000       157928        13.33
    7385.087     0.937500       160017        16.00
    7421.951     0.943750       161066        17.78
    7462.911     0.950000       162144        20.00
    7507.967     0.956250       163159        22.86
    7557.119     0.962500       164270        26.67
    7606.271     0.968750       165277        32.00
    7639.039     0.971875       165822        35.56
    7671.807     0.975000       166372        40.00
    7708.671     0.978125       166895        45.71
    7745.535     0.981250       167440        53.33
    7786.495     0.984375       167962        64.00
    7806.975     0.985938       168205        71.11
    7835.647     0.987500       168473        80.00
    7864.319     0.989062       168749        91.43
    7901.183     0.990625       169017       106.67
    7933.951     0.992188       169270       128.00
    7958.527     0.992969       169419       142.22
    7979.007     0.993750       169544       160.00
    7999.487     0.994531       169684       182.86
    8032.255     0.995313       169811       213.33
    8065.023     0.996094       169948       256.00
    8081.407     0.996484       170004       284.44
    8105.983     0.996875       170077       320.00
    8122.367     0.997266       170135       365.71
    8151.039     0.997656       170201       426.67
    8179.711     0.998047       170269       512.00
    8191.999     0.998242       170303       568.89
    8212.479     0.998437       170337       640.00
    8228.863     0.998633       170365       731.43
    8253.439     0.998828       170402       853.33
    8273.919     0.999023       170434      1024.00
    8294.399     0.999121       170449      1137.78
    8306.687     0.999219       170468      1280.00
    8323.071     0.999316       170482      1462.86
    8351.743     0.999414       170502      1706.67
    8376.319     0.999512       170516      2048.00
    8396.799     0.999561       170528      2275.56
    8404.991     0.999609       170532      2560.00
    8429.567     0.999658       170540      2925.71
    8445.951     0.999707       170550      3413.33
    8470.527     0.999756       170558      4096.00
    8478.719     0.999780       170561      4551.11
    8495.103     0.999805       170569      5120.00
    8495.103     0.999829       170569      5851.43
    8511.487     0.999854       170574      6826.67
    8527.871     0.999878       170579      8192.00
    8536.063     0.999890       170583      9102.22
    8536.063     0.999902       170583     10240.00
    8544.255     0.999915       170585     11702.86
    8552.447     0.999927       170586     13653.33
    8560.639     0.999939       170588     16384.00
    8568.831     0.999945       170591     18204.44
    8568.831     0.999951       170591     20480.00
    8568.831     0.999957       170591     23405.71
    8577.023     0.999963       170593     27306.67
    8577.023     0.999969       170593     32768.00
    8585.215     0.999973       170594     36408.89
    8585.215     0.999976       170594     40960.00
    8601.599     0.999979       170596     46811.43
    8601.599     0.999982       170596     54613.33
    8601.599     0.999985       170596     65536.00
    8601.599     0.999986       170596     72817.78
    8601.599     0.999988       170596     81920.00
    8609.791     0.999989       170597     93622.86
    8609.791     0.999991       170597    109226.67
    8609.791     0.999992       170597    131072.00
    8609.791     0.999993       170597    145635.56
    8609.791     0.999994       170597    163840.00
    8650.751     0.999995       170598    187245.71
    8650.751     1.000000       170598          inf
#[Mean    =     4128.989, StdDeviation   =     2571.193]
#[Max     =     8642.560, Total count    =       170598]
#[Buckets =           27, SubBuckets     =         2048]
-----------------------------------------------------------------------
  207696 requests in 1.00m, 32.20MB read
Requests/sec:   3472.53  
Transfer/sec:    551.32KB
