setup: assigned thread_id=1
init: final thread_id=1, base_seed=nil
script_want_response
Running 2m test @ http://10.10.1.1:24417
  1 threads and 10 connections

  Thread calibration: mean lat.: 56.952ms, rate sampling interval: 85ms

-----------------------------------------------------------------------
Test Results @ http://10.10.1.1:24417 
  Thread Stats   Avg      Stdev     99%   +/- Stdev
    Latency     7.41ms    0.85ms   9.52ms   75.36%
    Req/Sec   100.19     37.16   119.00     84.12%
  Latency Distribution (HdrHistogram - Recorded Latency)
 50.000%    7.32ms
 75.000%    7.84ms
 90.000%    8.45ms
 99.000%    9.52ms
 99.900%   13.03ms
 99.990%   15.94ms
 99.999%   16.08ms
100.000%   16.08ms

  Detailed Percentile spectrum:
       Value   Percentile   TotalCount 1/(1-Percentile)

       4.195     0.000000            1         1.00
       6.515     0.100000          909         1.11
       6.799     0.200000         1809         1.25
       6.999     0.300000         2703         1.43
       7.167     0.400000         3610         1.67
       7.323     0.500000         4500         2.00
       7.407     0.550000         4954         2.22
       7.503     0.600000         5413         2.50
       7.599     0.650000         5867         2.86
       7.711     0.700000         6319         3.33
       7.843     0.750000         6759         4.00
       7.927     0.775000         6991         4.44
       8.007     0.800000         7200         5.00
       8.103     0.825000         7427         5.71
       8.199     0.850000         7650         6.67
       8.319     0.875000         7878         8.00
       8.391     0.887500         7989         8.89
       8.455     0.900000         8100        10.00
       8.543     0.912500         8221        11.43
       8.631     0.925000         8328        13.33
       8.719     0.937500         8443        16.00
       8.767     0.943750         8494        17.78
       8.831     0.950000         8555        20.00
       8.887     0.956250         8609        22.86
       8.959     0.962500         8662        26.67
       9.039     0.968750         8719        32.00
       9.087     0.971875         8749        35.56
       9.127     0.975000         8778        40.00
       9.183     0.978125         8803        45.71
       9.271     0.981250         8834        53.33
       9.327     0.984375         8859        64.00
       9.375     0.985938         8874        71.11
       9.423     0.987500         8890        80.00
       9.479     0.989062         8901        91.43
       9.559     0.990625         8915       106.67
       9.679     0.992188         8929       128.00
       9.799     0.992969         8936       142.22
       9.975     0.993750         8943       160.00
      10.151     0.994531         8950       182.86
      10.511     0.995313         8957       213.33
      11.191     0.996094         8964       256.00
      11.519     0.996484         8968       284.44
      11.711     0.996875         8971       320.00
      12.023     0.997266         8975       365.71
      12.223     0.997656         8978       426.67
      12.471     0.998047         8982       512.00
      12.591     0.998242         8984       568.89
      12.647     0.998437         8985       640.00
      12.727     0.998633         8987       731.43
      12.991     0.998828         8989       853.33
      13.031     0.999023         8991      1024.00
      13.143     0.999121         8992      1137.78
      13.143     0.999219         8992      1280.00
      13.223     0.999316         8993      1462.86
      13.383     0.999414         8994      1706.67
      14.551     0.999512         8995      2048.00
      14.951     0.999561         8996      2275.56
      14.951     0.999609         8996      2560.00
      14.951     0.999658         8996      2925.71
      15.231     0.999707         8997      3413.33
      15.231     0.999756         8997      4096.00
      15.935     0.999780         8998      4551.11
      15.935     0.999805         8998      5120.00
      15.935     0.999829         8998      5851.43
      15.935     0.999854         8998      6826.67
      15.935     0.999878         8998      8192.00
      16.079     0.999890         8999      9102.22
      16.079     1.000000         8999          inf
#[Mean    =        7.411, StdDeviation   =        0.853]
#[Max     =       16.072, Total count    =         8999]
#[Buckets =           27, SubBuckets     =         2048]
-----------------------------------------------------------------------
  9991 requests in 1.67m, 1.55MB read
Requests/sec:     99.90  
Transfer/sec:     15.86KB

=== rps=2000 c=200 t=20 url=http://10.10.1.1:24417 ===
setup: assigned thread_id=1
init: final thread_id=1, base_seed=nil
setup: assigned thread_id=2
init: final thread_id=2, base_seed=nil
setup: assigned thread_id=3
init: final thread_id=3, base_seed=nil
setup: assigned thread_id=4
init: final thread_id=4, base_seed=nil
setup: assigned thread_id=5
init: final thread_id=5, base_seed=nil
setup: assigned thread_id=6
init: final thread_id=6, base_seed=nil
setup: assigned thread_id=7
init: final thread_id=7, base_seed=nil
setup: assigned thread_id=8
init: final thread_id=8, base_seed=nil
setup: assigned thread_id=9
init: final thread_id=9, base_seed=nil
setup: assigned thread_id=10
init: final thread_id=10, base_seed=nil
setup: assigned thread_id=11
init: final thread_id=11, base_seed=nil
setup: assigned thread_id=12
init: final thread_id=12, base_seed=nil
setup: assigned thread_id=13
init: final thread_id=13, base_seed=nil
setup: assigned thread_id=14
init: final thread_id=14, base_seed=nil
setup: assigned thread_id=15
init: final thread_id=15, base_seed=nil
setup: assigned thread_id=16
init: final thread_id=16, base_seed=nil
setup: assigned thread_id=17
init: final thread_id=17, base_seed=nil
setup: assigned thread_id=18
init: final thread_id=18, base_seed=nil
setup: assigned thread_id=19
init: final thread_id=19, base_seed=nil
setup: assigned thread_id=20
init: final thread_id=20, base_seed=nil
script_want_response
Running 1m test @ http://10.10.1.1:24417
  20 threads and 200 connections

  Thread calibration: mean lat.: 8.797ms, rate sampling interval: 24ms
  Thread calibration: mean lat.: 9.062ms, rate sampling interval: 26ms
  Thread calibration: mean lat.: 9.289ms, rate sampling interval: 25ms
  Thread calibration: mean lat.: 9.937ms, rate sampling interval: 29ms
  Thread calibration: mean lat.: 9.989ms, rate sampling interval: 27ms
  Thread calibration: mean lat.: 10.303ms, rate sampling interval: 29ms
  Thread calibration: mean lat.: 11.118ms, rate sampling interval: 30ms
  Thread calibration: mean lat.: 11.287ms, rate sampling interval: 29ms
  Thread calibration: mean lat.: 11.683ms, rate sampling interval: 30ms
  Thread calibration: mean lat.: 11.678ms, rate sampling interval: 29ms
  Thread calibration: mean lat.: 10.188ms, rate sampling interval: 25ms
  Thread calibration: mean lat.: 10.509ms, rate sampling interval: 28ms
  Thread calibration: mean lat.: 10.511ms, rate sampling interval: 28ms
  Thread calibration: mean lat.: 10.522ms, rate sampling interval: 28ms
  Thread calibration: mean lat.: 10.410ms, rate sampling interval: 28ms
  Thread calibration: mean lat.: 11.377ms, rate sampling interval: 31ms
  Thread calibration: mean lat.: 11.454ms, rate sampling interval: 31ms
  Thread calibration: mean lat.: 11.195ms, rate sampling interval: 30ms
  Thread calibration: mean lat.: 10.850ms, rate sampling interval: 30ms
  Thread calibration: mean lat.: 10.592ms, rate sampling interval: 30ms

-----------------------------------------------------------------------
Test Results @ http://10.10.1.1:24417 
  Thread Stats   Avg      Stdev     99%   +/- Stdev
    Latency    12.39ms    6.27ms  41.28ms   91.14%
    Req/Sec   101.55    121.52   416.00     80.46%
  Latency Distribution (HdrHistogram - Recorded Latency)
 50.000%   10.93ms
 75.000%   13.85ms
 90.000%   17.71ms
 99.000%   41.28ms
 99.900%   65.18ms
 99.990%   76.48ms
 99.999%   77.57ms
100.000%   77.69ms

  Detailed Percentile spectrum:
       Value   Percentile   TotalCount 1/(1-Percentile)

       5.543     0.000000            1         1.00
       7.407     0.100000        10040         1.11
       8.367     0.200000        20019         1.25
       9.247     0.300000        30066         1.43
      10.063     0.400000        39992         1.67
      10.927     0.500000        50016         2.00
      11.391     0.550000        55026         2.22
      11.911     0.600000        59976         2.50
      12.495     0.650000        65023         2.86
      13.119     0.700000        69969         3.33
      13.847     0.750000        74992         4.00
      14.255     0.775000        77453         4.44
      14.695     0.800000        79963         5.00
      15.231     0.825000        82480         5.71
      15.831     0.850000        84966         6.67
      16.607     0.875000        87461         8.00
      17.087     0.887500        88710         8.89
      17.711     0.900000        89949        10.00
      18.543     0.912500        91195        11.43
      19.679     0.925000        92451        13.33
      21.055     0.937500        93706        16.00
      21.807     0.943750        94317        17.78
      22.719     0.950000        94946        20.00
      23.871     0.956250        95567        22.86
      25.231     0.962500        96190        26.67
      27.023     0.968750        96814        32.00
      28.095     0.971875        97130        35.56
      29.471     0.975000        97438        40.00
      31.199     0.978125        97752        45.71
      33.183     0.981250        98065        53.33
      35.519     0.984375        98377        64.00
      36.863     0.985938        98532        71.11
      38.751     0.987500        98689        80.00
      40.383     0.989062        98843        91.43
      41.855     0.990625        99000       106.67
      43.359     0.992188        99156       128.00
      44.383     0.992969        99235       142.22
      45.279     0.993750        99313       160.00
      46.815     0.994531        99390       182.86
      48.159     0.995313        99469       213.33
      50.335     0.996094        99548       256.00
      51.327     0.996484        99586       284.44
      52.575     0.996875        99624       320.00
      53.759     0.997266        99663       365.71
      55.519     0.997656        99702       426.67
      57.759     0.998047        99741       512.00
      59.135     0.998242        99761       568.89
      60.671     0.998437        99780       640.00
      62.335     0.998633        99800       731.43
      63.903     0.998828        99819       853.33
      65.375     0.999023        99839      1024.00
      65.663     0.999121        99849      1137.78
      66.047     0.999219        99859      1280.00
      66.943     0.999316        99869      1462.86
      67.839     0.999414        99878      1706.67
      68.287     0.999512        99889      2048.00
      68.543     0.999561        99893      2275.56
      70.335     0.999609        99898      2560.00
      70.975     0.999658        99902      2925.71
      71.999     0.999707        99907      3413.33
      72.703     0.999756        99912      4096.00
      73.407     0.999780        99915      4551.11
      74.047     0.999805        99917      5120.00
      74.239     0.999829        99919      5851.43
      75.007     0.999854        99922      6826.67
      75.199     0.999878        99924      8192.00
      76.479     0.999890        99926      9102.22
      76.607     0.999902        99927     10240.00
      76.863     0.999915        99928     11702.86
      76.927     0.999927        99929     13653.33
      77.119     0.999939        99930     16384.00
      77.183     0.999945        99931     18204.44
      77.375     0.999951        99932     20480.00
      77.375     0.999957        99932     23405.71
      77.503     0.999963        99934     27306.67
      77.503     0.999969        99934     32768.00
      77.503     0.999973        99934     36408.89
      77.503     0.999976        99934     40960.00
      77.503     0.999979        99934     46811.43
      77.567     0.999982        99935     54613.33
      77.567     0.999985        99935     65536.00
      77.567     0.999986        99935     72817.78
      77.567     0.999988        99935     81920.00
      77.567     0.999989        99935     93622.86
      77.695     0.999991        99936    109226.67
      77.695     1.000000        99936          inf
#[Mean    =       12.393, StdDeviation   =        6.272]
#[Max     =       77.632, Total count    =        99936]
#[Buckets =           27, SubBuckets     =         2048]
-----------------------------------------------------------------------
  119677 requests in 1.00m, 18.56MB read
Requests/sec:   1995.44  
Transfer/sec:    316.81KB

=== rps=2200 c=242 t=25 url=http://10.10.1.1:24417 ===
setup: assigned thread_id=1
init: final thread_id=1, base_seed=nil
setup: assigned thread_id=2
init: final thread_id=2, base_seed=nil
setup: assigned thread_id=3
init: final thread_id=3, base_seed=nil
setup: assigned thread_id=4
init: final thread_id=4, base_seed=nil
setup: assigned thread_id=5
init: final thread_id=5, base_seed=nil
setup: assigned thread_id=6
init: final thread_id=6, base_seed=nil
setup: assigned thread_id=7
init: final thread_id=7, base_seed=nil
setup: assigned thread_id=8
init: final thread_id=8, base_seed=nil
setup: assigned thread_id=9
init: final thread_id=9, base_seed=nil
setup: assigned thread_id=10
init: final thread_id=10, base_seed=nil
setup: assigned thread_id=11
init: final thread_id=11, base_seed=nil
setup: assigned thread_id=12
init: final thread_id=12, base_seed=nil
setup: assigned thread_id=13
init: final thread_id=13, base_seed=nil
setup: assigned thread_id=14
init: final thread_id=14, base_seed=nil
setup: assigned thread_id=15
init: final thread_id=15, base_seed=nil
setup: assigned thread_id=16
init: final thread_id=16, base_seed=nil
setup: assigned thread_id=17
init: final thread_id=17, base_seed=nil
setup: assigned thread_id=18
init: final thread_id=18, base_seed=nil
setup: assigned thread_id=19
init: final thread_id=19, base_seed=nil
setup: assigned thread_id=20
init: final thread_id=20, base_seed=nil
setup: assigned thread_id=21
init: final thread_id=21, base_seed=nil
setup: assigned thread_id=22
init: final thread_id=22, base_seed=nil
setup: assigned thread_id=23
init: final thread_id=23, base_seed=nil
setup: assigned thread_id=24
init: final thread_id=24, base_seed=nil
setup: assigned thread_id=25
init: final thread_id=25, base_seed=nil
script_want_response
Running 1m test @ http://10.10.1.1:24417
  25 threads and 242 connections

  Thread calibration: mean lat.: 10.514ms, rate sampling interval: 31ms
  Thread calibration: mean lat.: 11.202ms, rate sampling interval: 34ms
  Thread calibration: mean lat.: 11.971ms, rate sampling interval: 38ms
  Thread calibration: mean lat.: 11.927ms, rate sampling interval: 37ms
  Thread calibration: mean lat.: 12.766ms, rate sampling interval: 40ms
  Thread calibration: mean lat.: 13.697ms, rate sampling interval: 40ms
  Thread calibration: mean lat.: 13.694ms, rate sampling interval: 39ms
  Thread calibration: mean lat.: 14.356ms, rate sampling interval: 39ms
  Thread calibration: mean lat.: 14.605ms, rate sampling interval: 41ms
  Thread calibration: mean lat.: 14.506ms, rate sampling interval: 39ms
  Thread calibration: mean lat.: 14.688ms, rate sampling interval: 39ms
  Thread calibration: mean lat.: 15.939ms, rate sampling interval: 53ms
  Thread calibration: mean lat.: 15.906ms, rate sampling interval: 52ms
  Thread calibration: mean lat.: 16.010ms, rate sampling interval: 56ms
  Thread calibration: mean lat.: 16.342ms, rate sampling interval: 60ms
  Thread calibration: mean lat.: 17.739ms, rate sampling interval: 65ms
  Thread calibration: mean lat.: 22.168ms, rate sampling interval: 69ms
  Thread calibration: mean lat.: 22.986ms, rate sampling interval: 70ms
  Thread calibration: mean lat.: 23.266ms, rate sampling interval: 70ms
  Thread calibration: mean lat.: 23.746ms, rate sampling interval: 71ms
  Thread calibration: mean lat.: 23.840ms, rate sampling interval: 72ms
  Thread calibration: mean lat.: 23.849ms, rate sampling interval: 74ms
  Thread calibration: mean lat.: 23.519ms, rate sampling interval: 73ms
  Thread calibration: mean lat.: 23.325ms, rate sampling interval: 73ms
  Thread calibration: mean lat.: 22.654ms, rate sampling interval: 71ms

-----------------------------------------------------------------------
Test Results @ http://10.10.1.1:24417 
  Thread Stats   Avg      Stdev     99%   +/- Stdev
    Latency    17.86ms    8.67ms  45.63ms   73.30%
    Req/Sec    88.64     68.02   290.00     65.41%
  Latency Distribution (HdrHistogram - Recorded Latency)
 50.000%   15.86ms
 75.000%   22.11ms
 90.000%   29.47ms
 99.000%   45.63ms
 99.900%   64.45ms
 99.990%   75.90ms
 99.999%   76.99ms
100.000%   77.06ms

  Detailed Percentile spectrum:
       Value   Percentile   TotalCount 1/(1-Percentile)

       6.007     0.000000            1         1.00
       8.879     0.100000        11009         1.11
      10.543     0.200000        21987         1.25
      12.223     0.300000        32985         1.43
      13.975     0.400000        43977         1.67
      15.863     0.500000        54955         2.00
      16.847     0.550000        60458         2.22
      17.951     0.600000        65945         2.50
      19.199     0.650000        71459         2.86
      20.511     0.700000        76922         3.33
      22.111     0.750000        82412         4.00
      23.023     0.775000        85150         4.44
      24.063     0.800000        87898         5.00
      25.183     0.825000        90662         5.71
      26.447     0.850000        93372         6.67
      27.871     0.875000        96143         8.00
      28.639     0.887500        97503         8.89
      29.471     0.900000        98865        10.00
      30.463     0.912500       100238        11.43
      31.615     0.925000       101618        13.33
      32.959     0.937500       103014        16.00
      33.727     0.943750       103674        17.78
      34.559     0.950000       104376        20.00
      35.487     0.956250       105041        22.86
      36.671     0.962500       105728        26.67
      38.015     0.968750       106431        32.00
      38.655     0.971875       106764        35.56
      39.391     0.975000       107108        40.00
      40.223     0.978125       107445        45.71
      41.279     0.981250       107789        53.33
      42.559     0.984375       108130        64.00
      43.263     0.985938       108308        71.11
      44.063     0.987500       108473        80.00
      45.151     0.989062       108646        91.43
      46.143     0.990625       108815       106.67
      47.711     0.992188       108986       128.00
      48.767     0.992969       109073       142.22
      49.823     0.993750       109158       160.00
      51.551     0.994531       109245       182.86
      53.151     0.995313       109330       213.33
      54.751     0.996094       109418       256.00
      55.455     0.996484       109459       284.44
      56.255     0.996875       109502       320.00
      57.119     0.997266       109544       365.71
      57.887     0.997656       109587       426.67
      58.975     0.998047       109631       512.00
      60.287     0.998242       109651       568.89
      61.503     0.998437       109673       640.00
      62.399     0.998633       109694       731.43
      63.455     0.998828       109716       853.33
      64.639     0.999023       109737      1024.00
      65.375     0.999121       109749      1137.78
      66.175     0.999219       109759      1280.00
      66.623     0.999316       109769      1462.86
      67.519     0.999414       109780      1706.67
      70.207     0.999512       109791      2048.00
      70.975     0.999561       109796      2275.56
      71.999     0.999609       109802      2560.00
      73.023     0.999658       109807      2925.71
      74.047     0.999707       109812      3413.33
      74.815     0.999756       109818      4096.00
      75.071     0.999780       109820      4551.11
      75.327     0.999805       109823      5120.00
      75.519     0.999829       109826      5851.43
      75.775     0.999854       109830      6826.67
      75.839     0.999878       109831      8192.00
      75.903     0.999890       109833      9102.22
      76.159     0.999902       109834     10240.00
      76.287     0.999915       109835     11702.86
      76.543     0.999927       109836     13653.33
      76.671     0.999939       109838     16384.00
      76.671     0.999945       109838     18204.44
      76.735     0.999951       109839     20480.00
      76.799     0.999957       109841     23405.71
      76.799     0.999963       109841     27306.67
      76.799     0.999969       109841     32768.00
      76.799     0.999973       109841     36408.89
      76.863     0.999976       109842     40960.00
      76.863     0.999979       109842     46811.43
      76.863     0.999982       109842     54613.33
      76.991     0.999985       109843     65536.00
      76.991     0.999986       109843     72817.78
      76.991     0.999988       109843     81920.00
      76.991     0.999989       109843     93622.86
      76.991     0.999991       109843    109226.67
      77.055     0.999992       109844    131072.00
      77.055     1.000000       109844          inf
#[Mean    =       17.860, StdDeviation   =        8.667]
#[Max     =       76.992, Total count    =       109844]
#[Buckets =           27, SubBuckets     =         2048]
-----------------------------------------------------------------------
  131691 requests in 1.00m, 20.43MB read
Requests/sec:   2197.06  
Transfer/sec:    348.97KB

=== rps=2400 c=288 t=29 url=http://10.10.1.1:24417 ===
setup: assigned thread_id=1
init: final thread_id=1, base_seed=nil
setup: assigned thread_id=2
init: final thread_id=2, base_seed=nil
setup: assigned thread_id=3
init: final thread_id=3, base_seed=nil
setup: assigned thread_id=4
init: final thread_id=4, base_seed=nil
setup: assigned thread_id=5
init: final thread_id=5, base_seed=nil
setup: assigned thread_id=6
init: final thread_id=6, base_seed=nil
setup: assigned thread_id=7
init: final thread_id=7, base_seed=nil
setup: assigned thread_id=8
init: final thread_id=8, base_seed=nil
setup: assigned thread_id=9
init: final thread_id=9, base_seed=nil
setup: assigned thread_id=10
init: final thread_id=10, base_seed=nil
setup: assigned thread_id=11
init: final thread_id=11, base_seed=nil
setup: assigned thread_id=12
init: final thread_id=12, base_seed=nil
setup: assigned thread_id=13
init: final thread_id=13, base_seed=nil
setup: assigned thread_id=14
init: final thread_id=14, base_seed=nil
setup: assigned thread_id=15
init: final thread_id=15, base_seed=nil
setup: assigned thread_id=16
init: final thread_id=16, base_seed=nil
setup: assigned thread_id=17
init: final thread_id=17, base_seed=nil
setup: assigned thread_id=18
init: final thread_id=18, base_seed=nil
setup: assigned thread_id=19
init: final thread_id=19, base_seed=nil
setup: assigned thread_id=20
init: final thread_id=20, base_seed=nil
setup: assigned thread_id=21
init: final thread_id=21, base_seed=nil
setup: assigned thread_id=22
init: final thread_id=22, base_seed=nil
setup: assigned thread_id=23
init: final thread_id=23, base_seed=nil
setup: assigned thread_id=24
init: final thread_id=24, base_seed=nil
setup: assigned thread_id=25
init: final thread_id=25, base_seed=nil
setup: assigned thread_id=26
init: final thread_id=26, base_seed=nil
setup: assigned thread_id=27
init: final thread_id=27, base_seed=nil
setup: assigned thread_id=28
init: final thread_id=28, base_seed=nil
setup: assigned thread_id=29
init: final thread_id=29, base_seed=nil
script_want_response
Running 1m test @ http://10.10.1.1:24417
  29 threads and 288 connections

  Thread calibration: mean lat.: 31.206ms, rate sampling interval: 87ms
  Thread calibration: mean lat.: 30.559ms, rate sampling interval: 85ms
  Thread calibration: mean lat.: 28.139ms, rate sampling interval: 83ms
  Thread calibration: mean lat.: 26.032ms, rate sampling interval: 80ms
  Thread calibration: mean lat.: 24.384ms, rate sampling interval: 78ms
  Thread calibration: mean lat.: 23.602ms, rate sampling interval: 75ms
  Thread calibration: mean lat.: 20.069ms, rate sampling interval: 65ms
  Thread calibration: mean lat.: 22.164ms, rate sampling interval: 71ms
  Thread calibration: mean lat.: 20.217ms, rate sampling interval: 68ms
  Thread calibration: mean lat.: 18.830ms, rate sampling interval: 61ms
  Thread calibration: mean lat.: 16.249ms, rate sampling interval: 49ms
  Thread calibration: mean lat.: 14.169ms, rate sampling interval: 39ms
  Thread calibration: mean lat.: 14.280ms, rate sampling interval: 39ms
  Thread calibration: mean lat.: 14.789ms, rate sampling interval: 42ms
  Thread calibration: mean lat.: 14.971ms, rate sampling interval: 42ms
  Thread calibration: mean lat.: 15.416ms, rate sampling interval: 44ms
  Thread calibration: mean lat.: 15.065ms, rate sampling interval: 43ms
  Thread calibration: mean lat.: 23.932ms, rate sampling interval: 77ms
  Thread calibration: mean lat.: 24.648ms, rate sampling interval: 77ms
  Thread calibration: mean lat.: 26.129ms, rate sampling interval: 79ms
  Thread calibration: mean lat.: 32.630ms, rate sampling interval: 98ms
  Thread calibration: mean lat.: 28.049ms, rate sampling interval: 82ms
  Thread calibration: mean lat.: 28.459ms, rate sampling interval: 82ms
  Thread calibration: mean lat.: 29.467ms, rate sampling interval: 85ms
  Thread calibration: mean lat.: 30.729ms, rate sampling interval: 89ms
  Thread calibration: mean lat.: 26.460ms, rate sampling interval: 84ms
  Thread calibration: mean lat.: 26.824ms, rate sampling interval: 85ms
  Thread calibration: mean lat.: 22.803ms, rate sampling interval: 80ms
  Thread calibration: mean lat.: 20.448ms, rate sampling interval: 78ms

-----------------------------------------------------------------------
Test Results @ http://10.10.1.1:24417 
  Thread Stats   Avg      Stdev     99%   +/- Stdev
    Latency    23.56ms   11.73ms  56.61ms   66.81%
    Req/Sec    82.30     52.76   205.00     64.71%
  Latency Distribution (HdrHistogram - Recorded Latency)
 50.000%   21.55ms
 75.000%   31.12ms
 90.000%   39.52ms
 99.000%   56.61ms
 99.900%   77.38ms
 99.990%   86.40ms
 99.999%   89.60ms
100.000%   89.79ms

  Detailed Percentile spectrum:
       Value   Percentile   TotalCount 1/(1-Percentile)

       6.439     0.000000            1         1.00
      10.199     0.100000        11896         1.11
      12.639     0.200000        23804         1.25
      15.103     0.300000        35685         1.43
      18.063     0.400000        47572         1.67
      21.551     0.500000        59453         2.00
      23.375     0.550000        65383         2.22
      25.231     0.600000        71307         2.50
      27.087     0.650000        77245         2.86
      29.039     0.700000        83218         3.33
      31.119     0.750000        89137         4.00
      32.287     0.775000        92111         4.44
      33.535     0.800000        95129         5.00
      34.783     0.825000        98074         5.71
      36.191     0.850000       101073         6.67
      37.727     0.875000       103978         8.00
      38.591     0.887500       105507         8.89
      39.519     0.900000       106950        10.00
      40.575     0.912500       108434        11.43
      41.791     0.925000       109930        13.33
      43.263     0.937500       111426        16.00
      44.031     0.943750       112162        17.78
      44.991     0.950000       112901        20.00
      46.015     0.956250       113657        22.86
      47.231     0.962500       114380        26.67
      48.703     0.968750       115119        32.00
      49.471     0.971875       115495        35.56
      50.335     0.975000       115875        40.00
      51.295     0.978125       116236        45.71
      52.383     0.981250       116612        53.33
      53.695     0.984375       116978        64.00
      54.399     0.985938       117160        71.11
      55.231     0.987500       117347        80.00
      56.063     0.989062       117533        91.43
      57.023     0.990625       117724       106.67
      58.015     0.992188       117907       128.00
      58.591     0.992969       118001       142.22
      59.231     0.993750       118090       160.00
      59.967     0.994531       118184       182.86
      61.023     0.995313       118274       213.33
      62.591     0.996094       118368       256.00
      63.967     0.996484       118414       284.44
      65.439     0.996875       118462       320.00
      66.751     0.997266       118511       365.71
      68.095     0.997656       118553       426.67
      70.015     0.998047       118599       512.00
      71.615     0.998242       118623       568.89
      73.023     0.998437       118646       640.00
      74.559     0.998633       118671       731.43
      75.903     0.998828       118693       853.33
      77.503     0.999023       118715      1024.00
      78.271     0.999121       118727      1137.78
      78.975     0.999219       118739      1280.00
      79.679     0.999316       118753      1462.86
      80.319     0.999414       118762      1706.67
      81.215     0.999512       118773      2048.00
      81.599     0.999561       118779      2275.56
      81.919     0.999609       118785      2560.00
      82.815     0.999658       118791      2925.71
      83.391     0.999707       118797      3413.33
      83.775     0.999756       118802      4096.00
      84.159     0.999780       118805      4551.11
      84.671     0.999805       118808      5120.00
      84.927     0.999829       118811      5851.43
      85.183     0.999854       118814      6826.67
      86.335     0.999878       118818      8192.00
      86.335     0.999890       118818      9102.22
      86.463     0.999902       118820     10240.00
      86.527     0.999915       118821     11702.86
      86.911     0.999927       118823     13653.33
      87.167     0.999939       118824     16384.00
      87.679     0.999945       118825     18204.44
      88.063     0.999951       118827     20480.00
      88.063     0.999957       118827     23405.71
      88.063     0.999963       118827     27306.67
      88.895     0.999969       118828     32768.00
      88.895     0.999973       118828     36408.89
      89.151     0.999976       118829     40960.00
      89.151     0.999979       118829     46811.43
      89.151     0.999982       118829     54613.33
      89.599     0.999985       118830     65536.00
      89.599     0.999986       118830     72817.78
      89.599     0.999988       118830     81920.00
      89.599     0.999989       118830     93622.86
      89.599     0.999991       118830    109226.67
      89.791     0.999992       118831    131072.00
      89.791     1.000000       118831          inf
#[Mean    =       23.558, StdDeviation   =       11.727]
#[Max     =       89.728, Total count    =       118831]
#[Buckets =           27, SubBuckets     =         2048]
-----------------------------------------------------------------------
  142211 requests in 1.00m, 22.05MB read
Requests/sec:   2372.19  
Transfer/sec:    376.70KB

=== rps=2600 c=338 t=34 url=http://10.10.1.1:24417 ===
setup: assigned thread_id=1
init: final thread_id=1, base_seed=nil
setup: assigned thread_id=2
init: final thread_id=2, base_seed=nil
setup: assigned thread_id=3
init: final thread_id=3, base_seed=nil
setup: assigned thread_id=4
init: final thread_id=4, base_seed=nil
setup: assigned thread_id=5
init: final thread_id=5, base_seed=nil
setup: assigned thread_id=6
init: final thread_id=6, base_seed=nil
setup: assigned thread_id=7
init: final thread_id=7, base_seed=nil
setup: assigned thread_id=8
init: final thread_id=8, base_seed=nil
setup: assigned thread_id=9
init: final thread_id=9, base_seed=nil
setup: assigned thread_id=10
init: final thread_id=10, base_seed=nil
setup: assigned thread_id=11
init: final thread_id=11, base_seed=nil
setup: assigned thread_id=12
init: final thread_id=12, base_seed=nil
setup: assigned thread_id=13
init: final thread_id=13, base_seed=nil
setup: assigned thread_id=14
init: final thread_id=14, base_seed=nil
setup: assigned thread_id=15
init: final thread_id=15, base_seed=nil
setup: assigned thread_id=16
init: final thread_id=16, base_seed=nil
setup: assigned thread_id=17
init: final thread_id=17, base_seed=nil
setup: assigned thread_id=18
init: final thread_id=18, base_seed=nil
setup: assigned thread_id=19
init: final thread_id=19, base_seed=nil
setup: assigned thread_id=20
init: final thread_id=20, base_seed=nil
setup: assigned thread_id=21
init: final thread_id=21, base_seed=nil
setup: assigned thread_id=22
init: final thread_id=22, base_seed=nil
setup: assigned thread_id=23
init: final thread_id=23, base_seed=nil
setup: assigned thread_id=24
init: final thread_id=24, base_seed=nil
setup: assigned thread_id=25
init: final thread_id=25, base_seed=nil
setup: assigned thread_id=26
init: final thread_id=26, base_seed=nil
setup: assigned thread_id=27
init: final thread_id=27, base_seed=nil
setup: assigned thread_id=28
init: final thread_id=28, base_seed=nil
setup: assigned thread_id=29
init: final thread_id=29, base_seed=nil
setup: assigned thread_id=30
init: final thread_id=30, base_seed=nil
setup: assigned thread_id=31
init: final thread_id=31, base_seed=nil
setup: assigned thread_id=32
init: final thread_id=32, base_seed=nil
setup: assigned thread_id=33
init: final thread_id=33, base_seed=nil
setup: assigned thread_id=34
init: final thread_id=34, base_seed=nil
script_want_response
Running 1m test @ http://10.10.1.1:24417
  34 threads and 338 connections

  Thread calibration: mean lat.: 31.285ms, rate sampling interval: 84ms
  Thread calibration: mean lat.: 30.732ms, rate sampling interval: 82ms
  Thread calibration: mean lat.: 30.116ms, rate sampling interval: 80ms
  Thread calibration: mean lat.: 29.230ms, rate sampling interval: 78ms
  Thread calibration: mean lat.: 28.329ms, rate sampling interval: 78ms
  Thread calibration: mean lat.: 27.390ms, rate sampling interval: 74ms
  Thread calibration: mean lat.: 27.045ms, rate sampling interval: 73ms
  Thread calibration: mean lat.: 26.338ms, rate sampling interval: 72ms
  Thread calibration: mean lat.: 25.618ms, rate sampling interval: 70ms
  Thread calibration: mean lat.: 25.110ms, rate sampling interval: 69ms
  Thread calibration: mean lat.: 21.719ms, rate sampling interval: 61ms
  Thread calibration: mean lat.: 31.355ms, rate sampling interval: 91ms
  Thread calibration: mean lat.: 32.783ms, rate sampling interval: 91ms
  Thread calibration: mean lat.: 18.833ms, rate sampling interval: 55ms
  Thread calibration: mean lat.: 16.515ms, rate sampling interval: 50ms
  Thread calibration: mean lat.: 17.390ms, rate sampling interval: 51ms
  Thread calibration: mean lat.: 16.529ms, rate sampling interval: 48ms
  Thread calibration: mean lat.: 37.670ms, rate sampling interval: 103ms
  Thread calibration: mean lat.: 24.340ms, rate sampling interval: 80ms
  Thread calibration: mean lat.: 27.694ms, rate sampling interval: 85ms
  Thread calibration: mean lat.: 28.614ms, rate sampling interval: 86ms
  Thread calibration: mean lat.: 30.088ms, rate sampling interval: 86ms
  Thread calibration: mean lat.: 31.838ms, rate sampling interval: 87ms
  Thread calibration: mean lat.: 33.503ms, rate sampling interval: 91ms
  Thread calibration: mean lat.: 32.858ms, rate sampling interval: 90ms
  Thread calibration: mean lat.: 33.411ms, rate sampling interval: 94ms
  Thread calibration: mean lat.: 30.760ms, rate sampling interval: 91ms
  Thread calibration: mean lat.: 30.799ms, rate sampling interval: 90ms
  Thread calibration: mean lat.: 29.363ms, rate sampling interval: 91ms
  Thread calibration: mean lat.: 25.965ms, rate sampling interval: 83ms
  Thread calibration: mean lat.: 24.680ms, rate sampling interval: 81ms
  Thread calibration: mean lat.: 22.374ms, rate sampling interval: 76ms
  Thread calibration: mean lat.: 23.005ms, rate sampling interval: 68ms
  Thread calibration: mean lat.: 23.664ms, rate sampling interval: 69ms

-----------------------------------------------------------------------
Test Results @ http://10.10.1.1:24417 
  Thread Stats   Avg      Stdev     99%   +/- Stdev
    Latency    29.99ms   34.62ms 159.49ms   94.52%
    Req/Sec    76.08     45.70   180.00     64.33%
  Latency Distribution (HdrHistogram - Recorded Latency)
 50.000%   22.91ms
 75.000%   33.22ms
 90.000%   44.38ms
 99.000%  159.49ms
 99.900%  461.31ms
 99.990%  545.28ms
 99.999%  555.52ms
100.000%  555.52ms

  Detailed Percentile spectrum:
       Value   Percentile   TotalCount 1/(1-Percentile)

       3.819     0.000000            1         1.00
      10.887     0.100000        12924         1.11
      13.703     0.200000        25827         1.25
      16.751     0.300000        38774         1.43
      19.695     0.400000        51655         1.67
      22.911     0.500000        64517         2.00
      24.767     0.550000        70960         2.22
      26.879     0.600000        77443         2.50
      29.023     0.650000        83883         2.86
      31.039     0.700000        90338         3.33
      33.215     0.750000        96805         4.00
      34.335     0.775000        99997         4.44
      35.583     0.800000       103240         5.00
      36.959     0.825000       106463         5.71
      38.655     0.850000       109677         6.67
      40.895     0.875000       112896         8.00
      42.431     0.887500       114515         8.89
      44.383     0.900000       116112        10.00
      46.879     0.912500       117734        11.43
      50.591     0.925000       119340        13.33
      58.303     0.937500       120946        16.00
      63.391     0.943750       121752        17.78
      69.119     0.950000       122559        20.00
      78.207     0.956250       123365        22.86
      89.727     0.962500       124168        26.67
      97.855     0.968750       124977        32.00
     102.911     0.971875       125377        35.56
     110.847     0.975000       125780        40.00
     118.335     0.978125       126184        45.71
     127.935     0.981250       126587        53.33
     138.751     0.984375       126992        64.00
     142.847     0.985938       127196        71.11
     147.071     0.987500       127399        80.00
     152.831     0.989062       127595        91.43
     165.119     0.990625       127796       106.67
     178.943     0.992188       127999       128.00
     197.503     0.992969       128098       142.22
     215.295     0.993750       128199       160.00
     246.015     0.994531       128300       182.86
     271.871     0.995313       128401       213.33
     305.151     0.996094       128502       256.00
     317.695     0.996484       128553       284.44
     335.103     0.996875       128603       320.00
     361.215     0.997266       128655       365.71
     377.343     0.997656       128703       426.67
     407.807     0.998047       128758       512.00
     418.047     0.998242       128779       568.89
     429.823     0.998437       128804       640.00
     433.407     0.998633       128831       731.43
     443.647     0.998828       128854       853.33
     463.103     0.999023       128880      1024.00
     474.111     0.999121       128892      1137.78
     482.047     0.999219       128906      1280.00
     486.911     0.999316       128917      1462.86
     489.983     0.999414       128930      1706.67
     501.503     0.999512       128944      2048.00
     501.759     0.999561       128949      2275.56
     503.039     0.999609       128956      2560.00
     518.399     0.999658       128961      2925.71
     534.527     0.999707       128968      3413.33
     540.159     0.999756       128974      4096.00
     541.183     0.999780       128977      4551.11
     542.207     0.999805       128980      5120.00
     542.719     0.999829       128985      5851.43
     543.743     0.999854       128989      6826.67
     544.255     0.999878       128991      8192.00
     544.255     0.999890       128991      9102.22
     545.279     0.999902       128994     10240.00
     545.279     0.999915       128994     11702.86
     545.791     0.999927       128997     13653.33
     553.983     0.999939       128998     16384.00
     553.983     0.999945       128998     18204.44
     554.495     0.999951       129000     20480.00
     554.495     0.999957       129000     23405.71
     555.007     0.999963       129003     27306.67
     555.007     0.999969       129003     32768.00
     555.007     0.999973       129003     36408.89
     555.007     0.999976       129003     40960.00
     555.007     0.999979       129003     46811.43
     555.007     0.999982       129003     54613.33
     555.519     0.999985       129005     65536.00
     555.519     1.000000       129005          inf
#[Mean    =       29.987, StdDeviation   =       34.616]
#[Max     =      555.008, Total count    =       129005]
#[Buckets =           27, SubBuckets     =         2048]
-----------------------------------------------------------------------
  154452 requests in 1.00m, 23.95MB read
Requests/sec:   2577.12  
Transfer/sec:    409.24KB

=== rps=2800 c=392 t=40 url=http://10.10.1.1:24417 ===
setup: assigned thread_id=1
init: final thread_id=1, base_seed=nil
setup: assigned thread_id=2
init: final thread_id=2, base_seed=nil
setup: assigned thread_id=3
init: final thread_id=3, base_seed=nil
setup: assigned thread_id=4
init: final thread_id=4, base_seed=nil
setup: assigned thread_id=5
init: final thread_id=5, base_seed=nil
setup: assigned thread_id=6
init: final thread_id=6, base_seed=nil
setup: assigned thread_id=7
init: final thread_id=7, base_seed=nil
setup: assigned thread_id=8
init: final thread_id=8, base_seed=nil
setup: assigned thread_id=9
init: final thread_id=9, base_seed=nil
setup: assigned thread_id=10
init: final thread_id=10, base_seed=nil
setup: assigned thread_id=11
init: final thread_id=11, base_seed=nil
setup: assigned thread_id=12
init: final thread_id=12, base_seed=nil
setup: assigned thread_id=13
init: final thread_id=13, base_seed=nil
setup: assigned thread_id=14
init: final thread_id=14, base_seed=nil
setup: assigned thread_id=15
init: final thread_id=15, base_seed=nil
setup: assigned thread_id=16
init: final thread_id=16, base_seed=nil
setup: assigned thread_id=17
init: final thread_id=17, base_seed=nil
setup: assigned thread_id=18
init: final thread_id=18, base_seed=nil
setup: assigned thread_id=19
init: final thread_id=19, base_seed=nil
setup: assigned thread_id=20
init: final thread_id=20, base_seed=nil
setup: assigned thread_id=21
init: final thread_id=21, base_seed=nil
setup: assigned thread_id=22
init: final thread_id=22, base_seed=nil
setup: assigned thread_id=23
init: final thread_id=23, base_seed=nil
setup: assigned thread_id=24
init: final thread_id=24, base_seed=nil
setup: assigned thread_id=25
init: final thread_id=25, base_seed=nil
setup: assigned thread_id=26
init: final thread_id=26, base_seed=nil
setup: assigned thread_id=27
init: final thread_id=27, base_seed=nil
setup: assigned thread_id=28
init: final thread_id=28, base_seed=nil
setup: assigned thread_id=29
init: final thread_id=29, base_seed=nil
setup: assigned thread_id=30
init: final thread_id=30, base_seed=nil
setup: assigned thread_id=31
init: final thread_id=31, base_seed=nil
setup: assigned thread_id=32
init: final thread_id=32, base_seed=nil
setup: assigned thread_id=33
init: final thread_id=33, base_seed=nil
setup: assigned thread_id=34
init: final thread_id=34, base_seed=nil
setup: assigned thread_id=35
init: final thread_id=35, base_seed=nil
setup: assigned thread_id=36
init: final thread_id=36, base_seed=nil
setup: assigned thread_id=37
init: final thread_id=37, base_seed=nil
setup: assigned thread_id=38
init: final thread_id=38, base_seed=nil
setup: assigned thread_id=39
init: final thread_id=39, base_seed=nil
setup: assigned thread_id=40
init: final thread_id=40, base_seed=nil
script_want_response
Running 1m test @ http://10.10.1.1:24417
  40 threads and 392 connections

  Thread calibration: mean lat.: 24.686ms, rate sampling interval: 152ms
  Thread calibration: mean lat.: 26.165ms, rate sampling interval: 147ms
  Thread calibration: mean lat.: 27.996ms, rate sampling interval: 147ms
  Thread calibration: mean lat.: 32.798ms, rate sampling interval: 117ms
  Thread calibration: mean lat.: 28.272ms, rate sampling interval: 141ms
  Thread calibration: mean lat.: 28.981ms, rate sampling interval: 141ms
  Thread calibration: mean lat.: 30.070ms, rate sampling interval: 128ms
  Thread calibration: mean lat.: 30.340ms, rate sampling interval: 127ms
  Thread calibration: mean lat.: 30.952ms, rate sampling interval: 126ms
  Thread calibration: mean lat.: 31.347ms, rate sampling interval: 124ms
  Thread calibration: mean lat.: 31.436ms, rate sampling interval: 123ms
  Thread calibration: mean lat.: 28.944ms, rate sampling interval: 111ms
  Thread calibration: mean lat.: 28.242ms, rate sampling interval: 114ms
  Thread calibration: mean lat.: 27.744ms, rate sampling interval: 97ms
  Thread calibration: mean lat.: 27.637ms, rate sampling interval: 95ms
  Thread calibration: mean lat.: 28.013ms, rate sampling interval: 97ms
  Thread calibration: mean lat.: 27.379ms, rate sampling interval: 97ms
  Thread calibration: mean lat.: 32.484ms, rate sampling interval: 138ms
  Thread calibration: mean lat.: 35.641ms, rate sampling interval: 139ms
  Thread calibration: mean lat.: 40.242ms, rate sampling interval: 143ms
  Thread calibration: mean lat.: 38.942ms, rate sampling interval: 137ms
  Thread calibration: mean lat.: 41.704ms, rate sampling interval: 135ms
  Thread calibration: mean lat.: 45.860ms, rate sampling interval: 139ms
  Thread calibration: mean lat.: 40.269ms, rate sampling interval: 132ms
  Thread calibration: mean lat.: 43.084ms, rate sampling interval: 139ms
  Thread calibration: mean lat.: 45.441ms, rate sampling interval: 142ms
  Thread calibration: mean lat.: 44.117ms, rate sampling interval: 139ms
  Thread calibration: mean lat.: 43.596ms, rate sampling interval: 150ms
  Thread calibration: mean lat.: 44.643ms, rate sampling interval: 148ms
  Thread calibration: mean lat.: 40.774ms, rate sampling interval: 146ms
  Thread calibration: mean lat.: 40.783ms, rate sampling interval: 133ms
  Thread calibration: mean lat.: 41.156ms, rate sampling interval: 132ms
  Thread calibration: mean lat.: 41.405ms, rate sampling interval: 129ms
  Thread calibration: mean lat.: 28.631ms, rate sampling interval: 201ms
  Thread calibration: mean lat.: 40.780ms, rate sampling interval: 124ms
  Thread calibration: mean lat.: 43.052ms, rate sampling interval: 124ms
  Thread calibration: mean lat.: 40.351ms, rate sampling interval: 124ms
  Thread calibration: mean lat.: 42.217ms, rate sampling interval: 121ms
  Thread calibration: mean lat.: 45.578ms, rate sampling interval: 122ms
  Thread calibration: mean lat.: 46.858ms, rate sampling interval: 123ms

-----------------------------------------------------------------------
Test Results @ http://10.10.1.1:24417 
  Thread Stats   Avg      Stdev     99%   +/- Stdev
    Latency    37.84ms   43.63ms 238.21ms   90.66%
    Req/Sec    69.79     19.96   126.00     77.71%
  Latency Distribution (HdrHistogram - Recorded Latency)
 50.000%   24.99ms
 75.000%   35.84ms
 90.000%   74.18ms
 99.000%  238.21ms
 99.900%  273.41ms
 99.990%  301.57ms
 99.999%  302.85ms
100.000%  302.85ms

  Detailed Percentile spectrum:
       Value   Percentile   TotalCount 1/(1-Percentile)

       7.135     0.000000            1         1.00
      12.031     0.100000        13984         1.11
      15.191     0.200000        27976         1.25
      18.143     0.300000        41965         1.43
      21.359     0.400000        55961         1.67
      24.991     0.500000        69905         2.00
      26.927     0.550000        76931         2.22
      28.863     0.600000        83899         2.50
      30.895     0.650000        90918         2.86
      33.151     0.700000        97930         3.33
      35.839     0.750000       104900         4.00
      37.503     0.775000       108352         4.44
      39.455     0.800000       111849         5.00
      41.855     0.825000       115342         5.71
      45.599     0.850000       118852         6.67
      53.663     0.875000       122330         8.00
      62.015     0.887500       124072         8.89
      74.175     0.900000       125820        10.00
      88.191     0.912500       127569        11.43
     103.231     0.925000       129316        13.33
     123.135     0.937500       131065        16.00
     132.735     0.943750       131942        17.78
     141.183     0.950000       132822        20.00
     150.271     0.956250       133687        22.86
     167.039     0.962500       134563        26.67
     180.351     0.968750       135436        32.00
     185.983     0.971875       135873        35.56
     191.615     0.975000       136307        40.00
     201.599     0.978125       136745        45.71
     213.503     0.981250       137181        53.33
     222.335     0.984375       137621        64.00
     227.199     0.985938       137836        71.11
     231.167     0.987500       138051        80.00
     235.775     0.989062       138275        91.43
     239.999     0.990625       138490       106.67
     244.991     0.992188       138706       128.00
     249.215     0.992969       138816       142.22
     253.183     0.993750       138931       160.00
     256.511     0.994531       139040       182.86
     259.711     0.995313       139144       213.33
     262.655     0.996094       139252       256.00
     263.935     0.996484       139313       284.44
     264.959     0.996875       139365       320.00
     266.751     0.997266       139421       365.71
     268.031     0.997656       139475       426.67
     269.311     0.998047       139537       512.00
     269.823     0.998242       139561       568.89
     270.591     0.998437       139591       640.00
     271.103     0.998633       139609       731.43
     272.127     0.998828       139639       853.33
     273.407     0.999023       139664      1024.00
     274.175     0.999121       139684      1137.78
     274.431     0.999219       139689      1280.00
     275.711     0.999316       139706      1462.86
     276.991     0.999414       139718      1706.67
     278.271     0.999512       139732      2048.00
     279.551     0.999561       139737      2275.56
     281.599     0.999609       139745      2560.00
     294.399     0.999658       139751      2925.71
     296.191     0.999707       139759      3413.33
     297.727     0.999756       139765      4096.00
     297.983     0.999780       139768      4551.11
     299.775     0.999805       139774      5120.00
     300.031     0.999829       139775      5851.43
     300.799     0.999854       139779      6826.67
     301.055     0.999878       139782      8192.00
     301.311     0.999890       139783      9102.22
     301.567     0.999902       139785     10240.00
     302.079     0.999915       139792     11702.86
     302.079     0.999927       139792     13653.33
     302.079     0.999939       139792     16384.00
     302.079     0.999945       139792     18204.44
     302.079     0.999951       139792     20480.00
     302.335     0.999957       139796     23405.71
     302.335     0.999963       139796     27306.67
     302.335     0.999969       139796     32768.00
     302.335     0.999973       139796     36408.89
     302.335     0.999976       139796     40960.00
     302.335     0.999979       139796     46811.43
     302.335     0.999982       139796     54613.33
     302.335     0.999985       139796     65536.00
     302.847     0.999986       139798     72817.78
     302.847     1.000000       139798          inf
#[Mean    =       37.837, StdDeviation   =       43.630]
#[Max     =      302.592, Total count    =       139798]
#[Buckets =           27, SubBuckets     =         2048]
-----------------------------------------------------------------------
  167404 requests in 1.00m, 25.95MB read
Requests/sec:   2793.15  
Transfer/sec:    443.43KB

=== rps=3000 c=450 t=45 url=http://10.10.1.1:24417 ===
setup: assigned thread_id=1
init: final thread_id=1, base_seed=nil
setup: assigned thread_id=2
init: final thread_id=2, base_seed=nil
setup: assigned thread_id=3
init: final thread_id=3, base_seed=nil
setup: assigned thread_id=4
init: final thread_id=4, base_seed=nil
setup: assigned thread_id=5
init: final thread_id=5, base_seed=nil
setup: assigned thread_id=6
init: final thread_id=6, base_seed=nil
setup: assigned thread_id=7
init: final thread_id=7, base_seed=nil
setup: assigned thread_id=8
init: final thread_id=8, base_seed=nil
setup: assigned thread_id=9
init: final thread_id=9, base_seed=nil
setup: assigned thread_id=10
init: final thread_id=10, base_seed=nil
setup: assigned thread_id=11
init: final thread_id=11, base_seed=nil
setup: assigned thread_id=12
init: final thread_id=12, base_seed=nil
setup: assigned thread_id=13
init: final thread_id=13, base_seed=nil
setup: assigned thread_id=14
init: final thread_id=14, base_seed=nil
setup: assigned thread_id=15
init: final thread_id=15, base_seed=nil
setup: assigned thread_id=16
init: final thread_id=16, base_seed=nil
setup: assigned thread_id=17
init: final thread_id=17, base_seed=nil
setup: assigned thread_id=18
init: final thread_id=18, base_seed=nil
setup: assigned thread_id=19
init: final thread_id=19, base_seed=nil
setup: assigned thread_id=20
init: final thread_id=20, base_seed=nil
setup: assigned thread_id=21
init: final thread_id=21, base_seed=nil
setup: assigned thread_id=22
init: final thread_id=22, base_seed=nil
setup: assigned thread_id=23
init: final thread_id=23, base_seed=nil
setup: assigned thread_id=24
init: final thread_id=24, base_seed=nil
setup: assigned thread_id=25
init: final thread_id=25, base_seed=nil
setup: assigned thread_id=26
init: final thread_id=26, base_seed=nil
setup: assigned thread_id=27
init: final thread_id=27, base_seed=nil
setup: assigned thread_id=28
init: final thread_id=28, base_seed=nil
setup: assigned thread_id=29
init: final thread_id=29, base_seed=nil
setup: assigned thread_id=30
init: final thread_id=30, base_seed=nil
setup: assigned thread_id=31
init: final thread_id=31, base_seed=nil
setup: assigned thread_id=32
init: final thread_id=32, base_seed=nil
setup: assigned thread_id=33
init: final thread_id=33, base_seed=nil
setup: assigned thread_id=34
init: final thread_id=34, base_seed=nil
setup: assigned thread_id=35
init: final thread_id=35, base_seed=nil
setup: assigned thread_id=36
init: final thread_id=36, base_seed=nil
setup: assigned thread_id=37
init: final thread_id=37, base_seed=nil
setup: assigned thread_id=38
init: final thread_id=38, base_seed=nil
setup: assigned thread_id=39
init: final thread_id=39, base_seed=nil
setup: assigned thread_id=40
init: final thread_id=40, base_seed=nil
setup: assigned thread_id=41
init: final thread_id=41, base_seed=nil
setup: assigned thread_id=42
init: final thread_id=42, base_seed=nil
setup: assigned thread_id=43
init: final thread_id=43, base_seed=nil
setup: assigned thread_id=44
init: final thread_id=44, base_seed=nil
setup: assigned thread_id=45
init: final thread_id=45, base_seed=nil
script_want_response
Running 1m test @ http://10.10.1.1:24417
  45 threads and 450 connections

  Thread calibration: mean lat.: 84.391ms, rate sampling interval: 276ms
  Thread calibration: mean lat.: 80.476ms, rate sampling interval: 278ms
  Thread calibration: mean lat.: 80.340ms, rate sampling interval: 275ms
  Thread calibration: mean lat.: 79.668ms, rate sampling interval: 274ms
  Thread calibration: mean lat.: 76.692ms, rate sampling interval: 286ms
  Thread calibration: mean lat.: 69.013ms, rate sampling interval: 268ms
  Thread calibration: mean lat.: 69.763ms, rate sampling interval: 267ms
  Thread calibration: mean lat.: 67.503ms, rate sampling interval: 265ms
  Thread calibration: mean lat.: 57.163ms, rate sampling interval: 260ms
  Thread calibration: mean lat.: 57.174ms, rate sampling interval: 264ms
  Thread calibration: mean lat.: 55.054ms, rate sampling interval: 263ms
  Thread calibration: mean lat.: 46.553ms, rate sampling interval: 218ms
  Thread calibration: mean lat.: 45.337ms, rate sampling interval: 214ms
  Thread calibration: mean lat.: 44.818ms, rate sampling interval: 202ms
  Thread calibration: mean lat.: 44.233ms, rate sampling interval: 197ms
  Thread calibration: mean lat.: 43.502ms, rate sampling interval: 192ms
  Thread calibration: mean lat.: 44.177ms, rate sampling interval: 192ms
  Thread calibration: mean lat.: 45.956ms, rate sampling interval: 195ms
  Thread calibration: mean lat.: 65.827ms, rate sampling interval: 223ms
  Thread calibration: mean lat.: 45.206ms, rate sampling interval: 190ms
  Thread calibration: mean lat.: 46.011ms, rate sampling interval: 193ms
  Thread calibration: mean lat.: 64.219ms, rate sampling interval: 233ms
  Thread calibration: mean lat.: 45.513ms, rate sampling interval: 213ms
  Thread calibration: mean lat.: 44.878ms, rate sampling interval: 212ms
  Thread calibration: mean lat.: 45.305ms, rate sampling interval: 230ms
  Thread calibration: mean lat.: 45.787ms, rate sampling interval: 228ms
  Thread calibration: mean lat.: 46.776ms, rate sampling interval: 233ms
  Thread calibration: mean lat.: 46.853ms, rate sampling interval: 268ms
  Thread calibration: mean lat.: 47.078ms, rate sampling interval: 269ms
  Thread calibration: mean lat.: 54.689ms, rate sampling interval: 229ms
  Thread calibration: mean lat.: 55.971ms, rate sampling interval: 239ms
  Thread calibration: mean lat.: 59.689ms, rate sampling interval: 223ms
  Thread calibration: mean lat.: 60.810ms, rate sampling interval: 223ms
  Thread calibration: mean lat.: 65.554ms, rate sampling interval: 235ms
  Thread calibration: mean lat.: 65.768ms, rate sampling interval: 214ms
  Thread calibration: mean lat.: 68.741ms, rate sampling interval: 254ms
  Thread calibration: mean lat.: 72.438ms, rate sampling interval: 275ms
  Thread calibration: mean lat.: 70.251ms, rate sampling interval: 215ms
  Thread calibration: mean lat.: 72.919ms, rate sampling interval: 258ms
  Thread calibration: mean lat.: 73.310ms, rate sampling interval: 257ms
  Thread calibration: mean lat.: 74.391ms, rate sampling interval: 260ms
  Thread calibration: mean lat.: 78.283ms, rate sampling interval: 263ms
  Thread calibration: mean lat.: 76.059ms, rate sampling interval: 231ms
  Thread calibration: mean lat.: 83.517ms, rate sampling interval: 282ms
  Thread calibration: mean lat.: 84.960ms, rate sampling interval: 287ms

-----------------------------------------------------------------------
Test Results @ http://10.10.1.1:24417 
  Thread Stats   Avg      Stdev     99%   +/- Stdev
    Latency    60.21ms   63.50ms 333.57ms   90.51%
    Req/Sec    65.64     17.63   104.00     62.15%
  Latency Distribution (HdrHistogram - Recorded Latency)
 50.000%   40.96ms
 75.000%   64.16ms
 90.000%  118.33ms
 99.000%  333.57ms
 99.900%  381.18ms
 99.990%  401.41ms
 99.999%  414.72ms
100.000%  417.79ms

  Detailed Percentile spectrum:
       Value   Percentile   TotalCount 1/(1-Percentile)

       8.335     0.000000            1         1.00
      16.479     0.100000        14854         1.11
      22.623     0.200000        29686         1.25
      28.975     0.300000        44507         1.43
      34.911     0.400000        59326         1.67
      40.959     0.500000        74183         2.00
      44.383     0.550000        81564         2.22
      48.639     0.600000        89018         2.50
      53.567     0.650000        96414         2.86
      58.975     0.700000       103839         3.33
      64.159     0.750000       111224         4.00
      67.071     0.775000       114943         4.44
      70.527     0.800000       118700         5.00
      74.623     0.825000       122367         5.71
      81.535     0.850000       126061         6.67
      97.407     0.875000       129750         8.00
     106.943     0.887500       131600         8.89
     118.335     0.900000       133455        10.00
     134.271     0.912500       135312        11.43
     157.439     0.925000       137159        13.33
     179.711     0.937500       139013        16.00
     199.679     0.943750       139941        17.78
     217.983     0.950000       140870        20.00
     232.447     0.956250       141795        22.86
     249.727     0.962500       142723        26.67
     269.055     0.968750       143649        32.00
     278.015     0.971875       144112        35.56
     290.047     0.975000       144580        40.00
     299.263     0.978125       145046        45.71
     305.919     0.981250       145501        53.33
     313.855     0.984375       145978        64.00
     318.975     0.985938       146199        71.11
     324.607     0.987500       146431        80.00
     330.239     0.989062       146667        91.43
     336.127     0.990625       146897       106.67
     342.783     0.992188       147125       128.00
     345.855     0.992969       147251       142.22
     348.927     0.993750       147363       160.00
     351.743     0.994531       147477       182.86
     355.071     0.995313       147588       213.33
     359.679     0.996094       147701       256.00
     362.239     0.996484       147762       284.44
     364.543     0.996875       147822       320.00
     366.591     0.997266       147875       365.71
     368.895     0.997656       147937       426.67
     371.967     0.998047       147994       512.00
     373.503     0.998242       148021       568.89
     375.295     0.998437       148049       640.00
     376.831     0.998633       148081       731.43
     378.879     0.998828       148110       853.33
     381.439     0.999023       148138      1024.00
     382.463     0.999121       148150      1137.78
     385.023     0.999219       148166      1280.00
     386.815     0.999316       148179      1462.86
     389.119     0.999414       148194      1706.67
     390.911     0.999512       148210      2048.00
     391.167     0.999561       148216      2275.56
     392.191     0.999609       148223      2560.00
     392.959     0.999658       148231      2925.71
     393.471     0.999707       148238      3413.33
     393.983     0.999756       148244      4096.00
     395.007     0.999780       148249      4551.11
     396.543     0.999805       148253      5120.00
     397.055     0.999829       148256      5851.43
     397.567     0.999854       148259      6826.67
     400.383     0.999878       148262      8192.00
     401.151     0.999890       148264      9102.22
     402.175     0.999902       148267     10240.00
     402.943     0.999915       148268     11702.86
     404.991     0.999927       148270     13653.33
     405.247     0.999939       148271     16384.00
     405.759     0.999945       148273     18204.44
     405.759     0.999951       148273     20480.00
     406.271     0.999957       148274     23405.71
     406.527     0.999963       148275     27306.67
     408.319     0.999969       148276     32768.00
     408.319     0.999973       148276     36408.89
     409.087     0.999976       148277     40960.00
     409.087     0.999979       148277     46811.43
     412.927     0.999982       148278     54613.33
     412.927     0.999985       148278     65536.00
     412.927     0.999986       148278     72817.78
     414.719     0.999988       148279     81920.00
     414.719     0.999989       148279     93622.86
     414.719     0.999991       148279    109226.67
     414.719     0.999992       148279    131072.00
     414.719     0.999993       148279    145635.56
     417.791     0.999994       148280    163840.00
     417.791     1.000000       148280          inf
#[Mean    =       60.213, StdDeviation   =       63.505]
#[Max     =      417.536, Total count    =       148280]
#[Buckets =           27, SubBuckets     =         2048]
-----------------------------------------------------------------------
  177440 requests in 1.00m, 27.52MB read
Requests/sec:   2959.66  
Transfer/sec:    470.01KB

=== rps=3200 c=512 t=52 url=http://10.10.1.1:24417 ===
setup: assigned thread_id=1
init: final thread_id=1, base_seed=nil
setup: assigned thread_id=2
init: final thread_id=2, base_seed=nil
setup: assigned thread_id=3
init: final thread_id=3, base_seed=nil
setup: assigned thread_id=4
init: final thread_id=4, base_seed=nil
setup: assigned thread_id=5
init: final thread_id=5, base_seed=nil
setup: assigned thread_id=6
init: final thread_id=6, base_seed=nil
setup: assigned thread_id=7
init: final thread_id=7, base_seed=nil
setup: assigned thread_id=8
init: final thread_id=8, base_seed=nil
setup: assigned thread_id=9
init: final thread_id=9, base_seed=nil
setup: assigned thread_id=10
init: final thread_id=10, base_seed=nil
setup: assigned thread_id=11
init: final thread_id=11, base_seed=nil
setup: assigned thread_id=12
init: final thread_id=12, base_seed=nil
setup: assigned thread_id=13
init: final thread_id=13, base_seed=nil
setup: assigned thread_id=14
init: final thread_id=14, base_seed=nil
setup: assigned thread_id=15
init: final thread_id=15, base_seed=nil
setup: assigned thread_id=16
init: final thread_id=16, base_seed=nil
setup: assigned thread_id=17
init: final thread_id=17, base_seed=nil
setup: assigned thread_id=18
init: final thread_id=18, base_seed=nil
setup: assigned thread_id=19
init: final thread_id=19, base_seed=nil
setup: assigned thread_id=20
init: final thread_id=20, base_seed=nil
setup: assigned thread_id=21
init: final thread_id=21, base_seed=nil
setup: assigned thread_id=22
init: final thread_id=22, base_seed=nil
setup: assigned thread_id=23
init: final thread_id=23, base_seed=nil
setup: assigned thread_id=24
init: final thread_id=24, base_seed=nil
setup: assigned thread_id=25
init: final thread_id=25, base_seed=nil
setup: assigned thread_id=26
init: final thread_id=26, base_seed=nil
setup: assigned thread_id=27
init: final thread_id=27, base_seed=nil
setup: assigned thread_id=28
init: final thread_id=28, base_seed=nil
setup: assigned thread_id=29
init: final thread_id=29, base_seed=nil
setup: assigned thread_id=30
init: final thread_id=30, base_seed=nil
setup: assigned thread_id=31
init: final thread_id=31, base_seed=nil
setup: assigned thread_id=32
init: final thread_id=32, base_seed=nil
setup: assigned thread_id=33
init: final thread_id=33, base_seed=nil
setup: assigned thread_id=34
init: final thread_id=34, base_seed=nil
setup: assigned thread_id=35
init: final thread_id=35, base_seed=nil
setup: assigned thread_id=36
init: final thread_id=36, base_seed=nil
setup: assigned thread_id=37
init: final thread_id=37, base_seed=nil
setup: assigned thread_id=38
init: final thread_id=38, base_seed=nil
setup: assigned thread_id=39
init: final thread_id=39, base_seed=nil
setup: assigned thread_id=40
init: final thread_id=40, base_seed=nil
setup: assigned thread_id=41
init: final thread_id=41, base_seed=nil
setup: assigned thread_id=42
init: final thread_id=42, base_seed=nil
setup: assigned thread_id=43
init: final thread_id=43, base_seed=nil
setup: assigned thread_id=44
init: final thread_id=44, base_seed=nil
setup: assigned thread_id=45
init: final thread_id=45, base_seed=nil
setup: assigned thread_id=46
init: final thread_id=46, base_seed=nil
setup: assigned thread_id=47
init: final thread_id=47, base_seed=nil
setup: assigned thread_id=48
init: final thread_id=48, base_seed=nil
setup: assigned thread_id=49
init: final thread_id=49, base_seed=nil
setup: assigned thread_id=50
init: final thread_id=50, base_seed=nil
setup: assigned thread_id=51
init: final thread_id=51, base_seed=nil
setup: assigned thread_id=52
init: final thread_id=52, base_seed=nil
script_want_response
Running 1m test @ http://10.10.1.1:24417
  52 threads and 512 connections

  Thread calibration: mean lat.: 68.031ms, rate sampling interval: 186ms
  Thread calibration: mean lat.: 68.533ms, rate sampling interval: 187ms
  Thread calibration: mean lat.: 67.948ms, rate sampling interval: 188ms
  Thread calibration: mean lat.: 67.933ms, rate sampling interval: 185ms
  Thread calibration: mean lat.: 52.670ms, rate sampling interval: 197ms
  Thread calibration: mean lat.: 59.789ms, rate sampling interval: 181ms
  Thread calibration: mean lat.: 57.813ms, rate sampling interval: 183ms
  Thread calibration: mean lat.: 55.124ms, rate sampling interval: 180ms
  Thread calibration: mean lat.: 52.224ms, rate sampling interval: 174ms
  Thread calibration: mean lat.: 49.917ms, rate sampling interval: 174ms
  Thread calibration: mean lat.: 47.154ms, rate sampling interval: 168ms
  Thread calibration: mean lat.: 41.090ms, rate sampling interval: 157ms
  Thread calibration: mean lat.: 39.696ms, rate sampling interval: 153ms
  Thread calibration: mean lat.: 37.279ms, rate sampling interval: 149ms
  Thread calibration: mean lat.: 37.195ms, rate sampling interval: 148ms
  Thread calibration: mean lat.: 36.477ms, rate sampling interval: 148ms
  Thread calibration: mean lat.: 34.925ms, rate sampling interval: 143ms
  Thread calibration: mean lat.: 38.813ms, rate sampling interval: 137ms
  Thread calibration: mean lat.: 39.859ms, rate sampling interval: 138ms
  Thread calibration: mean lat.: 41.963ms, rate sampling interval: 139ms
  Thread calibration: mean lat.: 42.222ms, rate sampling interval: 138ms
  Thread calibration: mean lat.: 43.728ms, rate sampling interval: 139ms
  Thread calibration: mean lat.: 45.233ms, rate sampling interval: 143ms
  Thread calibration: mean lat.: 46.645ms, rate sampling interval: 149ms
  Thread calibration: mean lat.: 46.627ms, rate sampling interval: 157ms
  Thread calibration: mean lat.: 46.715ms, rate sampling interval: 162ms
  Thread calibration: mean lat.: 47.845ms, rate sampling interval: 174ms
  Thread calibration: mean lat.: 47.682ms, rate sampling interval: 176ms
  Thread calibration: mean lat.: 48.331ms, rate sampling interval: 180ms
  Thread calibration: mean lat.: 48.037ms, rate sampling interval: 184ms
  Thread calibration: mean lat.: 50.093ms, rate sampling interval: 184ms
  Thread calibration: mean lat.: 47.192ms, rate sampling interval: 147ms
  Thread calibration: mean lat.: 52.192ms, rate sampling interval: 190ms
  Thread calibration: mean lat.: 55.535ms, rate sampling interval: 191ms
  Thread calibration: mean lat.: 55.127ms, rate sampling interval: 190ms
  Thread calibration: mean lat.: 57.008ms, rate sampling interval: 192ms
  Thread calibration: mean lat.: 58.114ms, rate sampling interval: 198ms
  Thread calibration: mean lat.: 48.758ms, rate sampling interval: 163ms
  Thread calibration: mean lat.: 62.955ms, rate sampling interval: 200ms
  Thread calibration: mean lat.: 63.697ms, rate sampling interval: 201ms
  Thread calibration: mean lat.: 52.396ms, rate sampling interval: 181ms
  Thread calibration: mean lat.: 64.867ms, rate sampling interval: 197ms
  Thread calibration: mean lat.: 65.288ms, rate sampling interval: 196ms
  Thread calibration: mean lat.: 67.585ms, rate sampling interval: 188ms
  Thread calibration: mean lat.: 67.555ms, rate sampling interval: 196ms
  Thread calibration: mean lat.: 67.939ms, rate sampling interval: 194ms
  Thread calibration: mean lat.: 68.079ms, rate sampling interval: 193ms
  Thread calibration: mean lat.: 68.492ms, rate sampling interval: 191ms
  Thread calibration: mean lat.: 68.208ms, rate sampling interval: 192ms
  Thread calibration: mean lat.: 69.070ms, rate sampling interval: 189ms
  Thread calibration: mean lat.: 69.328ms, rate sampling interval: 189ms
  Thread calibration: mean lat.: 69.003ms, rate sampling interval: 187ms

-----------------------------------------------------------------------
Test Results @ http://10.10.1.1:24417 
  Thread Stats   Avg      Stdev     99%   +/- Stdev
    Latency    96.06ms   95.09ms 388.86ms   83.82%
    Req/Sec    60.57     17.45   102.00     80.91%
  Latency Distribution (HdrHistogram - Recorded Latency)
 50.000%   56.35ms
 75.000%  124.93ms
 90.000%  252.16ms
 99.000%  388.86ms
 99.900%  424.45ms
 99.990%  437.25ms
 99.999%  443.90ms
100.000%  454.91ms

  Detailed Percentile spectrum:
       Value   Percentile   TotalCount 1/(1-Percentile)

       8.439     0.000000            1         1.00
      17.503     0.100000        15830         1.11
      25.263     0.200000        31607         1.25
      33.439     0.300000        47451         1.43
      42.559     0.400000        63229         1.67
      56.351     0.500000        79004         2.00
      66.495     0.550000        86913         2.22
      77.119     0.600000        94805         2.50
      89.855     0.650000       102710         2.86
     106.495     0.700000       110594         3.33
     124.927     0.750000       118487         4.00
     135.935     0.775000       122454         4.44
     152.959     0.800000       126392         5.00
     176.895     0.825000       130346         5.71
     204.415     0.850000       134284         6.67
     229.887     0.875000       138247         8.00
     240.767     0.887500       140210         8.89
     252.159     0.900000       142195        10.00
     265.471     0.912500       144166        11.43
     283.135     0.925000       146133        13.33
     299.007     0.937500       148108        16.00
     307.455     0.943750       149124        17.78
     316.927     0.950000       150087        20.00
     327.679     0.956250       151082        22.86
     337.407     0.962500       152076        26.67
     347.135     0.968750       153057        32.00
     354.303     0.971875       153554        35.56
     360.447     0.975000       154039        40.00
     366.079     0.978125       154546        45.71
     371.455     0.981250       155031        53.33
     377.343     0.984375       155526        64.00
     380.415     0.985938       155771        71.11
     383.743     0.987500       156017        80.00
     386.815     0.989062       156266        91.43
     390.399     0.990625       156504       106.67
     396.031     0.992188       156751       128.00
     398.847     0.992969       156877       142.22
     401.151     0.993750       156996       160.00
     403.711     0.994531       157125       182.86
     406.015     0.995313       157242       213.33
     408.319     0.996094       157365       256.00
     409.855     0.996484       157437       284.44
     411.135     0.996875       157495       320.00
     412.927     0.997266       157550       365.71
     415.487     0.997656       157612       426.67
     418.559     0.998047       157673       512.00
     420.095     0.998242       157711       568.89
     421.119     0.998437       157741       640.00
     421.887     0.998633       157768       731.43
     423.167     0.998828       157797       853.33
     424.447     0.999023       157828      1024.00
     425.215     0.999121       157844      1137.78
     426.239     0.999219       157863      1280.00
     427.519     0.999316       157875      1462.86
     428.799     0.999414       157891      1706.67
     430.079     0.999512       157907      2048.00
     430.591     0.999561       157915      2275.56
     430.847     0.999609       157922      2560.00
     431.871     0.999658       157929      2925.71
     432.383     0.999707       157935      3413.33
     433.919     0.999756       157944      4096.00
     434.175     0.999780       157948      4551.11
     434.687     0.999805       157951      5120.00
     434.943     0.999829       157955      5851.43
     435.455     0.999854       157959      6826.67
     435.967     0.999878       157962      8192.00
     437.247     0.999890       157965      9102.22
     437.503     0.999902       157967     10240.00
     437.759     0.999915       157968     11702.86
     438.015     0.999927       157970     13653.33
     438.271     0.999939       157972     16384.00
     438.527     0.999945       157974     18204.44
     438.527     0.999951       157974     20480.00
     438.783     0.999957       157975     23405.71
     439.039     0.999963       157976     27306.67
     440.319     0.999969       157977     32768.00
     440.319     0.999973       157977     36408.89
     441.855     0.999976       157978     40960.00
     441.855     0.999979       157978     46811.43
     443.903     0.999982       157979     54613.33
     443.903     0.999985       157979     65536.00
     443.903     0.999986       157979     72817.78
     444.159     0.999988       157980     81920.00
     444.159     0.999989       157980     93622.86
     444.159     0.999991       157980    109226.67
     444.159     0.999992       157980    131072.00
     444.159     0.999993       157980    145635.56
     454.911     0.999994       157981    163840.00
     454.911     1.000000       157981          inf
#[Mean    =       96.060, StdDeviation   =       95.087]
#[Max     =      454.656, Total count    =       157981]
#[Buckets =           27, SubBuckets     =         2048]
-----------------------------------------------------------------------
  189053 requests in 1.00m, 29.31MB read
Requests/sec:   3152.62  
Transfer/sec:    500.54KB

=== rps=3400 c=578 t=58 url=http://10.10.1.1:24417 ===
setup: assigned thread_id=1
init: final thread_id=1, base_seed=nil
setup: assigned thread_id=2
init: final thread_id=2, base_seed=nil
setup: assigned thread_id=3
init: final thread_id=3, base_seed=nil
setup: assigned thread_id=4
init: final thread_id=4, base_seed=nil
setup: assigned thread_id=5
init: final thread_id=5, base_seed=nil
setup: assigned thread_id=6
init: final thread_id=6, base_seed=nil
setup: assigned thread_id=7
init: final thread_id=7, base_seed=nil
setup: assigned thread_id=8
init: final thread_id=8, base_seed=nil
setup: assigned thread_id=9
init: final thread_id=9, base_seed=nil
setup: assigned thread_id=10
init: final thread_id=10, base_seed=nil
setup: assigned thread_id=11
init: final thread_id=11, base_seed=nil
setup: assigned thread_id=12
init: final thread_id=12, base_seed=nil
setup: assigned thread_id=13
init: final thread_id=13, base_seed=nil
setup: assigned thread_id=14
init: final thread_id=14, base_seed=nil
setup: assigned thread_id=15
init: final thread_id=15, base_seed=nil
setup: assigned thread_id=16
init: final thread_id=16, base_seed=nil
setup: assigned thread_id=17
init: final thread_id=17, base_seed=nil
setup: assigned thread_id=18
init: final thread_id=18, base_seed=nil
setup: assigned thread_id=19
init: final thread_id=19, base_seed=nil
setup: assigned thread_id=20
init: final thread_id=20, base_seed=nil
setup: assigned thread_id=21
init: final thread_id=21, base_seed=nil
setup: assigned thread_id=22
init: final thread_id=22, base_seed=nil
setup: assigned thread_id=23
init: final thread_id=23, base_seed=nil
setup: assigned thread_id=24
init: final thread_id=24, base_seed=nil
setup: assigned thread_id=25
init: final thread_id=25, base_seed=nil
setup: assigned thread_id=26
init: final thread_id=26, base_seed=nil
setup: assigned thread_id=27
init: final thread_id=27, base_seed=nil
setup: assigned thread_id=28
init: final thread_id=28, base_seed=nil
setup: assigned thread_id=29
init: final thread_id=29, base_seed=nil
setup: assigned thread_id=30
init: final thread_id=30, base_seed=nil
setup: assigned thread_id=31
init: final thread_id=31, base_seed=nil
setup: assigned thread_id=32
init: final thread_id=32, base_seed=nil
setup: assigned thread_id=33
init: final thread_id=33, base_seed=nil
setup: assigned thread_id=34
init: final thread_id=34, base_seed=nil
setup: assigned thread_id=35
init: final thread_id=35, base_seed=nil
setup: assigned thread_id=36
init: final thread_id=36, base_seed=nil
setup: assigned thread_id=37
init: final thread_id=37, base_seed=nil
setup: assigned thread_id=38
init: final thread_id=38, base_seed=nil
setup: assigned thread_id=39
init: final thread_id=39, base_seed=nil
setup: assigned thread_id=40
init: final thread_id=40, base_seed=nil
setup: assigned thread_id=41
init: final thread_id=41, base_seed=nil
setup: assigned thread_id=42
init: final thread_id=42, base_seed=nil
setup: assigned thread_id=43
init: final thread_id=43, base_seed=nil
setup: assigned thread_id=44
init: final thread_id=44, base_seed=nil
setup: assigned thread_id=45
init: final thread_id=45, base_seed=nil
setup: assigned thread_id=46
init: final thread_id=46, base_seed=nil
setup: assigned thread_id=47
init: final thread_id=47, base_seed=nil
setup: assigned thread_id=48
init: final thread_id=48, base_seed=nil
setup: assigned thread_id=49
init: final thread_id=49, base_seed=nil
setup: assigned thread_id=50
init: final thread_id=50, base_seed=nil
setup: assigned thread_id=51
init: final thread_id=51, base_seed=nil
setup: assigned thread_id=52
init: final thread_id=52, base_seed=nil
setup: assigned thread_id=53
init: final thread_id=53, base_seed=nil
setup: assigned thread_id=54
init: final thread_id=54, base_seed=nil
setup: assigned thread_id=55
init: final thread_id=55, base_seed=nil
setup: assigned thread_id=56
init: final thread_id=56, base_seed=nil
setup: assigned thread_id=57
init: final thread_id=57, base_seed=nil
setup: assigned thread_id=58
init: final thread_id=58, base_seed=nil
script_want_response
Running 1m test @ http://10.10.1.1:24417
  58 threads and 578 connections

  Thread calibration: mean lat.: 130.329ms, rate sampling interval: 377ms
  Thread calibration: mean lat.: 126.193ms, rate sampling interval: 373ms
  Thread calibration: mean lat.: 120.615ms, rate sampling interval: 358ms
  Thread calibration: mean lat.: 133.483ms, rate sampling interval: 386ms
  Thread calibration: mean lat.: 128.456ms, rate sampling interval: 374ms
  Thread calibration: mean lat.: 134.660ms, rate sampling interval: 387ms
  Thread calibration: mean lat.: 133.841ms, rate sampling interval: 399ms
  Thread calibration: mean lat.: 138.329ms, rate sampling interval: 405ms
  Thread calibration: mean lat.: 140.414ms, rate sampling interval: 415ms
  Thread calibration: mean lat.: 140.207ms, rate sampling interval: 414ms
  Thread calibration: mean lat.: 125.450ms, rate sampling interval: 377ms
  Thread calibration: mean lat.: 133.371ms, rate sampling interval: 398ms
  Thread calibration: mean lat.: 129.375ms, rate sampling interval: 384ms
  Thread calibration: mean lat.: 130.747ms, rate sampling interval: 381ms
  Thread calibration: mean lat.: 118.093ms, rate sampling interval: 349ms
  Thread calibration: mean lat.: 124.772ms, rate sampling interval: 363ms
  Thread calibration: mean lat.: 119.507ms, rate sampling interval: 346ms
  Thread calibration: mean lat.: 117.303ms, rate sampling interval: 344ms
  Thread calibration: mean lat.: 115.998ms, rate sampling interval: 340ms
  Thread calibration: mean lat.: 121.331ms, rate sampling interval: 348ms
  Thread calibration: mean lat.: 119.937ms, rate sampling interval: 348ms
  Thread calibration: mean lat.: 124.400ms, rate sampling interval: 361ms
  Thread calibration: mean lat.: 123.398ms, rate sampling interval: 363ms
  Thread calibration: mean lat.: 127.649ms, rate sampling interval: 430ms
  Thread calibration: mean lat.: 131.315ms, rate sampling interval: 416ms
  Thread calibration: mean lat.: 133.721ms, rate sampling interval: 451ms
  Thread calibration: mean lat.: 125.499ms, rate sampling interval: 392ms
  Thread calibration: mean lat.: 133.911ms, rate sampling interval: 421ms
  Thread calibration: mean lat.: 133.321ms, rate sampling interval: 420ms
  Thread calibration: mean lat.: 134.857ms, rate sampling interval: 405ms
  Thread calibration: mean lat.: 130.347ms, rate sampling interval: 392ms
  Thread calibration: mean lat.: 129.336ms, rate sampling interval: 388ms
  Thread calibration: mean lat.: 128.616ms, rate sampling interval: 383ms
  Thread calibration: mean lat.: 129.396ms, rate sampling interval: 384ms
  Thread calibration: mean lat.: 130.339ms, rate sampling interval: 381ms
  Thread calibration: mean lat.: 130.593ms, rate sampling interval: 382ms
  Thread calibration: mean lat.: 127.673ms, rate sampling interval: 377ms
  Thread calibration: mean lat.: 128.366ms, rate sampling interval: 372ms
  Thread calibration: mean lat.: 128.893ms, rate sampling interval: 374ms
  Thread calibration: mean lat.: 127.963ms, rate sampling interval: 369ms
  Thread calibration: mean lat.: 128.987ms, rate sampling interval: 368ms
  Thread calibration: mean lat.: 130.115ms, rate sampling interval: 377ms
  Thread calibration: mean lat.: 129.066ms, rate sampling interval: 369ms
  Thread calibration: mean lat.: 126.161ms, rate sampling interval: 362ms
  Thread calibration: mean lat.: 137.584ms, rate sampling interval: 411ms
  Thread calibration: mean lat.: 141.355ms, rate sampling interval: 456ms
  Thread calibration: mean lat.: 134.033ms, rate sampling interval: 374ms
  Thread calibration: mean lat.: 140.893ms, rate sampling interval: 441ms
  Thread calibration: mean lat.: 153.090ms, rate sampling interval: 479ms
  Thread calibration: mean lat.: 140.003ms, rate sampling interval: 431ms
  Thread calibration: mean lat.: 158.255ms, rate sampling interval: 485ms
  Thread calibration: mean lat.: 157.896ms, rate sampling interval: 476ms
  Thread calibration: mean lat.: 143.691ms, rate sampling interval: 435ms
  Thread calibration: mean lat.: 147.864ms, rate sampling interval: 431ms
  Thread calibration: mean lat.: 149.861ms, rate sampling interval: 421ms
  Thread calibration: mean lat.: 137.255ms, rate sampling interval: 403ms
  Thread calibration: mean lat.: 132.386ms, rate sampling interval: 398ms
  Thread calibration: mean lat.: 134.610ms, rate sampling interval: 401ms

-----------------------------------------------------------------------
Test Results @ http://10.10.1.1:24417 
  Thread Stats   Avg      Stdev     99%   +/- Stdev
    Latency   170.28ms  173.15ms 589.82ms   81.74%
    Req/Sec    57.67      9.59    77.00     67.93%
  Latency Distribution (HdrHistogram - Recorded Latency)
 50.000%  110.08ms
 75.000%  170.75ms
 90.000%  525.31ms
 99.000%  589.82ms
 99.900%  643.07ms
 99.990%  681.98ms
 99.999%  693.76ms
100.000%  694.78ms

  Detailed Percentile spectrum:
       Value   Percentile   TotalCount 1/(1-Percentile)

       9.559     0.000000            1         1.00
      27.359     0.100000        16814         1.11
      43.327     0.200000        33647         1.25
      57.567     0.300000        50438         1.43
      86.783     0.400000        67265         1.67
     110.079     0.500000        84096         2.00
     118.655     0.550000        92448         2.22
     127.487     0.600000       100888         2.50
     137.343     0.650000       109278         2.86
     150.015     0.700000       117668         3.33
     170.751     0.750000       126075         4.00
     194.431     0.775000       130275         4.44
     282.367     0.800000       134474         5.00
     367.615     0.825000       138669         5.71
     437.247     0.850000       142875         6.67
     485.631     0.875000       147077         8.00
     509.951     0.887500       149180         8.89
     525.311     0.900000       151320        10.00
     536.063     0.912500       153411        11.43
     545.279     0.925000       155545        13.33
     552.447     0.937500       157592        16.00
     556.031     0.943750       158712        17.78
     559.615     0.950000       159786        20.00
     563.199     0.956250       160822        22.86
     566.783     0.962500       161870        26.67
     570.879     0.968750       162949        32.00
     572.927     0.971875       163450        35.56
     574.975     0.975000       163946        40.00
     577.535     0.978125       164482        45.71
     580.095     0.981250       164960        53.33
     583.167     0.984375       165527        64.00
     584.703     0.985938       165769        71.11
     586.239     0.987500       165984        80.00
     588.287     0.989062       166264        91.43
     590.847     0.990625       166539       106.67
     593.407     0.992188       166799       128.00
     594.943     0.992969       166929       142.22
     596.479     0.993750       167045       160.00
     598.015     0.994531       167171       182.86
     600.063     0.995313       167307       213.33
     601.599     0.996094       167430       256.00
     603.135     0.996484       167520       284.44
     604.159     0.996875       167559       320.00
     606.207     0.997266       167626       365.71
     609.279     0.997656       167699       426.67
     613.375     0.998047       167757       512.00
     621.055     0.998242       167790       568.89
     626.687     0.998437       167824       640.00
     630.783     0.998633       167859       731.43
     636.415     0.998828       167888       853.33
     644.095     0.999023       167919      1024.00
     647.167     0.999121       167939      1137.78
     649.727     0.999219       167953      1280.00
     652.799     0.999316       167969      1462.86
     656.895     0.999414       167985      1706.67
     659.455     0.999512       168002      2048.00
     660.479     0.999561       168011      2275.56
     662.527     0.999609       168019      2560.00
     664.575     0.999658       168027      2925.71
     666.623     0.999707       168035      3413.33
     669.183     0.999756       168042      4096.00
     671.743     0.999780       168047      4551.11
     673.791     0.999805       168051      5120.00
     675.839     0.999829       168056      5851.43
     677.375     0.999854       168060      6826.67
     679.423     0.999878       168063      8192.00
     681.471     0.999890       168065      9102.22
     682.495     0.999902       168067     10240.00
     685.055     0.999915       168070     11702.86
     685.567     0.999927       168072     13653.33
     688.127     0.999939       168074     16384.00
     688.127     0.999945       168074     18204.44
     688.639     0.999951       168075     20480.00
     689.151     0.999957       168077     23405.71
     689.151     0.999963       168077     27306.67
     690.687     0.999969       168080     32768.00
     690.687     0.999973       168080     36408.89
     690.687     0.999976       168080     40960.00
     690.687     0.999979       168080     46811.43
     690.687     0.999982       168080     54613.33
     693.759     0.999985       168081     65536.00
     693.759     0.999986       168081     72817.78
     693.759     0.999988       168081     81920.00
     694.783     0.999989       168083     93622.86
     694.783     1.000000       168083          inf
#[Mean    =      170.281, StdDeviation   =      173.153]
#[Max     =      694.272, Total count    =       168083]
#[Buckets =           27, SubBuckets     =         2048]
-----------------------------------------------------------------------
  201029 requests in 1.00m, 31.17MB read
Requests/sec:   3357.27  
Transfer/sec:    533.12KB

=== rps=3600 c=648 t=65 url=http://10.10.1.1:24417 ===
setup: assigned thread_id=1
init: final thread_id=1, base_seed=nil
setup: assigned thread_id=2
init: final thread_id=2, base_seed=nil
setup: assigned thread_id=3
init: final thread_id=3, base_seed=nil
setup: assigned thread_id=4
init: final thread_id=4, base_seed=nil
setup: assigned thread_id=5
init: final thread_id=5, base_seed=nil
setup: assigned thread_id=6
init: final thread_id=6, base_seed=nil
setup: assigned thread_id=7
init: final thread_id=7, base_seed=nil
setup: assigned thread_id=8
init: final thread_id=8, base_seed=nil
setup: assigned thread_id=9
init: final thread_id=9, base_seed=nil
setup: assigned thread_id=10
init: final thread_id=10, base_seed=nil
setup: assigned thread_id=11
init: final thread_id=11, base_seed=nil
setup: assigned thread_id=12
init: final thread_id=12, base_seed=nil
setup: assigned thread_id=13
init: final thread_id=13, base_seed=nil
setup: assigned thread_id=14
init: final thread_id=14, base_seed=nil
setup: assigned thread_id=15
init: final thread_id=15, base_seed=nil
setup: assigned thread_id=16
init: final thread_id=16, base_seed=nil
setup: assigned thread_id=17
init: final thread_id=17, base_seed=nil
setup: assigned thread_id=18
init: final thread_id=18, base_seed=nil
setup: assigned thread_id=19
init: final thread_id=19, base_seed=nil
setup: assigned thread_id=20
init: final thread_id=20, base_seed=nil
setup: assigned thread_id=21
init: final thread_id=21, base_seed=nil
setup: assigned thread_id=22
init: final thread_id=22, base_seed=nil
setup: assigned thread_id=23
init: final thread_id=23, base_seed=nil
setup: assigned thread_id=24
init: final thread_id=24, base_seed=nil
setup: assigned thread_id=25
init: final thread_id=25, base_seed=nil
setup: assigned thread_id=26
init: final thread_id=26, base_seed=nil
setup: assigned thread_id=27
init: final thread_id=27, base_seed=nil
setup: assigned thread_id=28
init: final thread_id=28, base_seed=nil
setup: assigned thread_id=29
init: final thread_id=29, base_seed=nil
setup: assigned thread_id=30
init: final thread_id=30, base_seed=nil
setup: assigned thread_id=31
init: final thread_id=31, base_seed=nil
setup: assigned thread_id=32
init: final thread_id=32, base_seed=nil
setup: assigned thread_id=33
init: final thread_id=33, base_seed=nil
setup: assigned thread_id=34
init: final thread_id=34, base_seed=nil
setup: assigned thread_id=35
init: final thread_id=35, base_seed=nil
setup: assigned thread_id=36
init: final thread_id=36, base_seed=nil
setup: assigned thread_id=37
init: final thread_id=37, base_seed=nil
setup: assigned thread_id=38
init: final thread_id=38, base_seed=nil
setup: assigned thread_id=39
init: final thread_id=39, base_seed=nil
setup: assigned thread_id=40
init: final thread_id=40, base_seed=nil
setup: assigned thread_id=41
init: final thread_id=41, base_seed=nil
setup: assigned thread_id=42
init: final thread_id=42, base_seed=nil
setup: assigned thread_id=43
init: final thread_id=43, base_seed=nil
setup: assigned thread_id=44
init: final thread_id=44, base_seed=nil
setup: assigned thread_id=45
init: final thread_id=45, base_seed=nil
setup: assigned thread_id=46
init: final thread_id=46, base_seed=nil
setup: assigned thread_id=47
init: final thread_id=47, base_seed=nil
setup: assigned thread_id=48
init: final thread_id=48, base_seed=nil
setup: assigned thread_id=49
init: final thread_id=49, base_seed=nil
setup: assigned thread_id=50
init: final thread_id=50, base_seed=nil
setup: assigned thread_id=51
init: final thread_id=51, base_seed=nil
setup: assigned thread_id=52
init: final thread_id=52, base_seed=nil
setup: assigned thread_id=53
init: final thread_id=53, base_seed=nil
setup: assigned thread_id=54
init: final thread_id=54, base_seed=nil
setup: assigned thread_id=55
init: final thread_id=55, base_seed=nil
setup: assigned thread_id=56
init: final thread_id=56, base_seed=nil
setup: assigned thread_id=57
init: final thread_id=57, base_seed=nil
setup: assigned thread_id=58
init: final thread_id=58, base_seed=nil
setup: assigned thread_id=59
init: final thread_id=59, base_seed=nil
setup: assigned thread_id=60
init: final thread_id=60, base_seed=nil
setup: assigned thread_id=61
init: final thread_id=61, base_seed=nil
setup: assigned thread_id=62
init: final thread_id=62, base_seed=nil
setup: assigned thread_id=63
init: final thread_id=63, base_seed=nil
setup: assigned thread_id=64
init: final thread_id=64, base_seed=nil
setup: assigned thread_id=65
init: final thread_id=65, base_seed=nil
script_want_response
Running 1m test @ http://10.10.1.1:24417
  65 threads and 648 connections

  Thread calibration: mean lat.: 250.063ms, rate sampling interval: 732ms
  Thread calibration: mean lat.: 252.865ms, rate sampling interval: 744ms
  Thread calibration: mean lat.: 271.678ms, rate sampling interval: 742ms
  Thread calibration: mean lat.: 269.852ms, rate sampling interval: 747ms
  Thread calibration: mean lat.: 288.157ms, rate sampling interval: 755ms
  Thread calibration: mean lat.: 260.577ms, rate sampling interval: 733ms
  Thread calibration: mean lat.: 230.812ms, rate sampling interval: 671ms
  Thread calibration: mean lat.: 244.999ms, rate sampling interval: 672ms
  Thread calibration: mean lat.: 248.013ms, rate sampling interval: 668ms
  Thread calibration: mean lat.: 256.862ms, rate sampling interval: 726ms
  Thread calibration: mean lat.: 245.216ms, rate sampling interval: 672ms
  Thread calibration: mean lat.: 258.882ms, rate sampling interval: 708ms
  Thread calibration: mean lat.: 217.050ms, rate sampling interval: 621ms
  Thread calibration: mean lat.: 230.022ms, rate sampling interval: 653ms
  Thread calibration: mean lat.: 263.563ms, rate sampling interval: 711ms
  Thread calibration: mean lat.: 244.783ms, rate sampling interval: 705ms
  Thread calibration: mean lat.: 247.778ms, rate sampling interval: 705ms
  Thread calibration: mean lat.: 266.598ms, rate sampling interval: 715ms
  Thread calibration: mean lat.: 270.968ms, rate sampling interval: 713ms
  Thread calibration: mean lat.: 259.607ms, rate sampling interval: 707ms
  Thread calibration: mean lat.: 270.434ms, rate sampling interval: 729ms
  Thread calibration: mean lat.: 237.535ms, rate sampling interval: 692ms
  Thread calibration: mean lat.: 233.848ms, rate sampling interval: 663ms
  Thread calibration: mean lat.: 230.180ms, rate sampling interval: 687ms
  Thread calibration: mean lat.: 256.038ms, rate sampling interval: 706ms
  Thread calibration: mean lat.: 247.686ms, rate sampling interval: 689ms
  Thread calibration: mean lat.: 228.399ms, rate sampling interval: 672ms
  Thread calibration: mean lat.: 223.146ms, rate sampling interval: 639ms
  Thread calibration: mean lat.: 211.255ms, rate sampling interval: 647ms
  Thread calibration: mean lat.: 220.618ms, rate sampling interval: 641ms
  Thread calibration: mean lat.: 202.606ms, rate sampling interval: 604ms
  Thread calibration: mean lat.: 235.545ms, rate sampling interval: 629ms
  Thread calibration: mean lat.: 221.405ms, rate sampling interval: 624ms
  Thread calibration: mean lat.: 222.736ms, rate sampling interval: 633ms
  Thread calibration: mean lat.: 222.728ms, rate sampling interval: 619ms
  Thread calibration: mean lat.: 225.875ms, rate sampling interval: 636ms
  Thread calibration: mean lat.: 207.419ms, rate sampling interval: 608ms
  Thread calibration: mean lat.: 227.818ms, rate sampling interval: 613ms
  Thread calibration: mean lat.: 220.141ms, rate sampling interval: 609ms
  Thread calibration: mean lat.: 212.617ms, rate sampling interval: 599ms
  Thread calibration: mean lat.: 223.008ms, rate sampling interval: 607ms
  Thread calibration: mean lat.: 247.214ms, rate sampling interval: 763ms
  Thread calibration: mean lat.: 242.456ms, rate sampling interval: 756ms
  Thread calibration: mean lat.: 238.967ms, rate sampling interval: 692ms
  Thread calibration: mean lat.: 254.335ms, rate sampling interval: 744ms
  Thread calibration: mean lat.: 252.906ms, rate sampling interval: 750ms
  Thread calibration: mean lat.: 243.886ms, rate sampling interval: 692ms
  Thread calibration: mean lat.: 249.293ms, rate sampling interval: 677ms
  Thread calibration: mean lat.: 250.448ms, rate sampling interval: 689ms
  Thread calibration: mean lat.: 248.594ms, rate sampling interval: 677ms
  Thread calibration: mean lat.: 267.662ms, rate sampling interval: 755ms
  Thread calibration: mean lat.: 239.315ms, rate sampling interval: 736ms
  Thread calibration: mean lat.: 240.495ms, rate sampling interval: 679ms
  Thread calibration: mean lat.: 254.430ms, rate sampling interval: 680ms
  Thread calibration: mean lat.: 233.305ms, rate sampling interval: 678ms
  Thread calibration: mean lat.: 237.264ms, rate sampling interval: 663ms
  Thread calibration: mean lat.: 258.213ms, rate sampling interval: 673ms
  Thread calibration: mean lat.: 233.094ms, rate sampling interval: 629ms
  Thread calibration: mean lat.: 238.356ms, rate sampling interval: 628ms
  Thread calibration: mean lat.: 241.886ms, rate sampling interval: 662ms
  Thread calibration: mean lat.: 246.150ms, rate sampling interval: 675ms
  Thread calibration: mean lat.: 269.777ms, rate sampling interval: 739ms
  Thread calibration: mean lat.: 286.128ms, rate sampling interval: 799ms
  Thread calibration: mean lat.: 252.845ms, rate sampling interval: 712ms
  Thread calibration: mean lat.: 269.920ms, rate sampling interval: 745ms

-----------------------------------------------------------------------
Test Results @ http://10.10.1.1:24417 
  Thread Stats   Avg      Stdev     99%   +/- Stdev
    Latency   232.80ms  146.63ms 536.06ms   57.48%
    Req/Sec    54.76      5.55    68.00     77.73%
  Latency Distribution (HdrHistogram - Recorded Latency)
 50.000%  228.86ms
 75.000%  345.34ms
 90.000%  441.86ms
 99.000%  536.06ms
 99.900%  564.73ms
 99.990%  613.89ms
 99.999%  673.28ms
100.000%  717.82ms

  Detailed Percentile spectrum:
       Value   Percentile   TotalCount 1/(1-Percentile)

      10.607     0.000000            1         1.00
      44.927     0.100000        17908         1.11
      71.999     0.200000        35801         1.25
     121.343     0.300000        53701         1.43
     175.359     0.400000        71608         1.67
     228.863     0.500000        89494         2.00
     252.159     0.550000        98443         2.22
     275.199     0.600000       107433         2.50
     296.959     0.650000       116335         2.86
     319.999     0.700000       125326         3.33
     345.343     0.750000       134236         4.00
     359.935     0.775000       138704         4.44
     375.039     0.800000       143228         5.00
     389.631     0.825000       147715         5.71
     404.735     0.850000       152128         6.67
     422.399     0.875000       156662         8.00
     431.871     0.887500       158860         8.89
     441.855     0.900000       161081        10.00
     452.095     0.912500       163309        11.43
     462.847     0.925000       165592        13.33
     475.135     0.937500       167788        16.00
     481.535     0.943750       168922        17.78
     487.935     0.950000       170039        20.00
     494.847     0.956250       171167        22.86
     501.503     0.962500       172306        26.67
     507.903     0.968750       173409        32.00
     511.487     0.971875       173955        35.56
     515.071     0.975000       174522        40.00
     518.655     0.978125       175067        45.71
     522.495     0.981250       175630        53.33
     526.847     0.984375       176177        64.00
     529.407     0.985938       176455        71.11
     531.967     0.987500       176753        80.00
     534.527     0.989062       177020        91.43
     537.087     0.990625       177291       106.67
     540.159     0.992188       177579       128.00
     541.695     0.992969       177725       142.22
     543.743     0.993750       177877       160.00
     545.279     0.994531       178003       182.86
     547.327     0.995313       178147       213.33
     549.887     0.996094       178280       256.00
     551.423     0.996484       178351       284.44
     552.447     0.996875       178412       320.00
     553.983     0.997266       178485       365.71
     556.031     0.997656       178564       426.67
     557.567     0.998047       178626       512.00
     558.591     0.998242       178658       568.89
     560.127     0.998437       178690       640.00
     561.663     0.998633       178732       731.43
     563.199     0.998828       178768       853.33
     564.735     0.999023       178795      1024.00
     565.759     0.999121       178812      1137.78
     566.783     0.999219       178831      1280.00
     568.319     0.999316       178848      1462.86
     570.879     0.999414       178864      1706.67
     576.511     0.999512       178881      2048.00
     579.071     0.999561       178890      2275.56
     584.191     0.999609       178899      2560.00
     588.799     0.999658       178910      2925.71
     592.895     0.999707       178916      3413.33
     598.015     0.999756       178928      4096.00
     599.551     0.999780       178929      4551.11
     603.647     0.999805       178934      5120.00
     606.207     0.999829       178938      5851.43
     607.743     0.999854       178942      6826.67
     611.839     0.999878       178947      8192.00
     612.351     0.999890       178949      9102.22
     613.887     0.999902       178951     10240.00
     615.935     0.999915       178953     11702.86
     616.959     0.999927       178956     13653.33
     619.519     0.999939       178958     16384.00
     621.567     0.999945       178959     18204.44
     624.639     0.999951       178961     20480.00
     624.639     0.999957       178961     23405.71
     625.663     0.999963       178963     27306.67
     625.663     0.999969       178963     32768.00
     628.735     0.999973       178964     36408.89
     628.735     0.999976       178964     40960.00
     652.287     0.999979       178965     46811.43
     652.287     0.999982       178965     54613.33
     673.279     0.999985       178966     65536.00
     673.279     0.999986       178966     72817.78
     673.279     0.999988       178966     81920.00
     676.351     0.999989       178967     93622.86
     676.351     0.999991       178967    109226.67
     676.351     0.999992       178967    131072.00
     676.351     0.999993       178967    145635.56
     676.351     0.999994       178967    163840.00
     717.823     0.999995       178968    187245.71
     717.823     1.000000       178968          inf
#[Mean    =      232.798, StdDeviation   =      146.625]
#[Max     =      717.312, Total count    =       178968]
#[Buckets =           27, SubBuckets     =         2048]
-----------------------------------------------------------------------
  213588 requests in 1.00m, 33.12MB read
Requests/sec:   3564.84  
Transfer/sec:    566.03KB

=== rps=3800 c=722 t=73 url=http://10.10.1.1:24417 ===
setup: assigned thread_id=1
init: final thread_id=1, base_seed=nil
setup: assigned thread_id=2
init: final thread_id=2, base_seed=nil
setup: assigned thread_id=3
init: final thread_id=3, base_seed=nil
setup: assigned thread_id=4
init: final thread_id=4, base_seed=nil
setup: assigned thread_id=5
init: final thread_id=5, base_seed=nil
setup: assigned thread_id=6
init: final thread_id=6, base_seed=nil
setup: assigned thread_id=7
init: final thread_id=7, base_seed=nil
setup: assigned thread_id=8
init: final thread_id=8, base_seed=nil
setup: assigned thread_id=9
init: final thread_id=9, base_seed=nil
setup: assigned thread_id=10
init: final thread_id=10, base_seed=nil
setup: assigned thread_id=11
init: final thread_id=11, base_seed=nil
setup: assigned thread_id=12
init: final thread_id=12, base_seed=nil
setup: assigned thread_id=13
init: final thread_id=13, base_seed=nil
setup: assigned thread_id=14
init: final thread_id=14, base_seed=nil
setup: assigned thread_id=15
init: final thread_id=15, base_seed=nil
setup: assigned thread_id=16
init: final thread_id=16, base_seed=nil
setup: assigned thread_id=17
init: final thread_id=17, base_seed=nil
setup: assigned thread_id=18
init: final thread_id=18, base_seed=nil
setup: assigned thread_id=19
init: final thread_id=19, base_seed=nil
setup: assigned thread_id=20
init: final thread_id=20, base_seed=nil
setup: assigned thread_id=21
init: final thread_id=21, base_seed=nil
setup: assigned thread_id=22
init: final thread_id=22, base_seed=nil
setup: assigned thread_id=23
init: final thread_id=23, base_seed=nil
setup: assigned thread_id=24
init: final thread_id=24, base_seed=nil
setup: assigned thread_id=25
init: final thread_id=25, base_seed=nil
setup: assigned thread_id=26
init: final thread_id=26, base_seed=nil
setup: assigned thread_id=27
init: final thread_id=27, base_seed=nil
setup: assigned thread_id=28
init: final thread_id=28, base_seed=nil
setup: assigned thread_id=29
init: final thread_id=29, base_seed=nil
setup: assigned thread_id=30
init: final thread_id=30, base_seed=nil
setup: assigned thread_id=31
init: final thread_id=31, base_seed=nil
setup: assigned thread_id=32
init: final thread_id=32, base_seed=nil
setup: assigned thread_id=33
init: final thread_id=33, base_seed=nil
setup: assigned thread_id=34
init: final thread_id=34, base_seed=nil
setup: assigned thread_id=35
init: final thread_id=35, base_seed=nil
setup: assigned thread_id=36
init: final thread_id=36, base_seed=nil
setup: assigned thread_id=37
init: final thread_id=37, base_seed=nil
setup: assigned thread_id=38
init: final thread_id=38, base_seed=nil
setup: assigned thread_id=39
init: final thread_id=39, base_seed=nil
setup: assigned thread_id=40
init: final thread_id=40, base_seed=nil
setup: assigned thread_id=41
init: final thread_id=41, base_seed=nil
setup: assigned thread_id=42
init: final thread_id=42, base_seed=nil
setup: assigned thread_id=43
init: final thread_id=43, base_seed=nil
setup: assigned thread_id=44
init: final thread_id=44, base_seed=nil
setup: assigned thread_id=45
init: final thread_id=45, base_seed=nil
setup: assigned thread_id=46
init: final thread_id=46, base_seed=nil
setup: assigned thread_id=47
init: final thread_id=47, base_seed=nil
setup: assigned thread_id=48
init: final thread_id=48, base_seed=nil
setup: assigned thread_id=49
init: final thread_id=49, base_seed=nil
setup: assigned thread_id=50
init: final thread_id=50, base_seed=nil
setup: assigned thread_id=51
init: final thread_id=51, base_seed=nil
setup: assigned thread_id=52
init: final thread_id=52, base_seed=nil
setup: assigned thread_id=53
init: final thread_id=53, base_seed=nil
setup: assigned thread_id=54
init: final thread_id=54, base_seed=nil
setup: assigned thread_id=55
init: final thread_id=55, base_seed=nil
setup: assigned thread_id=56
init: final thread_id=56, base_seed=nil
setup: assigned thread_id=57
init: final thread_id=57, base_seed=nil
setup: assigned thread_id=58
init: final thread_id=58, base_seed=nil
setup: assigned thread_id=59
init: final thread_id=59, base_seed=nil
setup: assigned thread_id=60
init: final thread_id=60, base_seed=nil
setup: assigned thread_id=61
init: final thread_id=61, base_seed=nil
setup: assigned thread_id=62
init: final thread_id=62, base_seed=nil
setup: assigned thread_id=63
init: final thread_id=63, base_seed=nil
setup: assigned thread_id=64
init: final thread_id=64, base_seed=nil
setup: assigned thread_id=65
init: final thread_id=65, base_seed=nil
setup: assigned thread_id=66
init: final thread_id=66, base_seed=nil
setup: assigned thread_id=67
init: final thread_id=67, base_seed=nil
setup: assigned thread_id=68
init: final thread_id=68, base_seed=nil
setup: assigned thread_id=69
init: final thread_id=69, base_seed=nil
setup: assigned thread_id=70
init: final thread_id=70, base_seed=nil
setup: assigned thread_id=71
init: final thread_id=71, base_seed=nil
setup: assigned thread_id=72
init: final thread_id=72, base_seed=nil
setup: assigned thread_id=73
init: final thread_id=73, base_seed=nil
script_want_response
Running 1m test @ http://10.10.1.1:24417
  73 threads and 722 connections

  Thread calibration: mean lat.: 618.656ms, rate sampling interval: 1743ms
  Thread calibration: mean lat.: 627.962ms, rate sampling interval: 1831ms
  Thread calibration: mean lat.: 577.724ms, rate sampling interval: 1626ms
  Thread calibration: mean lat.: 621.763ms, rate sampling interval: 1766ms
  Thread calibration: mean lat.: 610.874ms, rate sampling interval: 1731ms
  Thread calibration: mean lat.: 606.283ms, rate sampling interval: 1750ms
  Thread calibration: mean lat.: 624.385ms, rate sampling interval: 1759ms
  Thread calibration: mean lat.: 609.689ms, rate sampling interval: 1743ms
  Thread calibration: mean lat.: 665.833ms, rate sampling interval: 1896ms
  Thread calibration: mean lat.: 659.948ms, rate sampling interval: 1862ms
  Thread calibration: mean lat.: 643.728ms, rate sampling interval: 1862ms
  Thread calibration: mean lat.: 668.199ms, rate sampling interval: 1887ms
  Thread calibration: mean lat.: 648.960ms, rate sampling interval: 1893ms
  Thread calibration: mean lat.: 644.333ms, rate sampling interval: 1799ms
  Thread calibration: mean lat.: 619.189ms, rate sampling interval: 1786ms
  Thread calibration: mean lat.: 622.106ms, rate sampling interval: 1844ms
  Thread calibration: mean lat.: 639.264ms, rate sampling interval: 1793ms
  Thread calibration: mean lat.: 635.564ms, rate sampling interval: 1870ms
  Thread calibration: mean lat.: 639.536ms, rate sampling interval: 1874ms
  Thread calibration: mean lat.: 615.021ms, rate sampling interval: 1790ms
  Thread calibration: mean lat.: 633.542ms, rate sampling interval: 1825ms
  Thread calibration: mean lat.: 647.183ms, rate sampling interval: 1780ms
  Thread calibration: mean lat.: 667.907ms, rate sampling interval: 1870ms
  Thread calibration: mean lat.: 651.012ms, rate sampling interval: 1780ms
  Thread calibration: mean lat.: 615.334ms, rate sampling interval: 1784ms
  Thread calibration: mean lat.: 640.613ms, rate sampling interval: 1777ms
  Thread calibration: mean lat.: 624.170ms, rate sampling interval: 1802ms
  Thread calibration: mean lat.: 671.984ms, rate sampling interval: 1870ms
  Thread calibration: mean lat.: 654.870ms, rate sampling interval: 1822ms
  Thread calibration: mean lat.: 655.031ms, rate sampling interval: 1805ms
  Thread calibration: mean lat.: 656.888ms, rate sampling interval: 1832ms
  Thread calibration: mean lat.: 656.255ms, rate sampling interval: 1827ms
  Thread calibration: mean lat.: 658.300ms, rate sampling interval: 1813ms
  Thread calibration: mean lat.: 650.544ms, rate sampling interval: 1783ms
  Thread calibration: mean lat.: 661.270ms, rate sampling interval: 1814ms
  Thread calibration: mean lat.: 630.474ms, rate sampling interval: 1777ms
  Thread calibration: mean lat.: 651.408ms, rate sampling interval: 1784ms
  Thread calibration: mean lat.: 642.491ms, rate sampling interval: 1730ms
  Thread calibration: mean lat.: 634.101ms, rate sampling interval: 1728ms
  Thread calibration: mean lat.: 617.888ms, rate sampling interval: 1661ms
  Thread calibration: mean lat.: 676.794ms, rate sampling interval: 1958ms
  Thread calibration: mean lat.: 649.627ms, rate sampling interval: 1808ms
  Thread calibration: mean lat.: 656.501ms, rate sampling interval: 1819ms
  Thread calibration: mean lat.: 630.198ms, rate sampling interval: 1742ms
  Thread calibration: mean lat.: 648.981ms, rate sampling interval: 1798ms
  Thread calibration: mean lat.: 663.271ms, rate sampling interval: 1820ms
  Thread calibration: mean lat.: 632.452ms, rate sampling interval: 1778ms
  Thread calibration: mean lat.: 640.233ms, rate sampling interval: 1773ms
  Thread calibration: mean lat.: 646.862ms, rate sampling interval: 1794ms
  Thread calibration: mean lat.: 651.009ms, rate sampling interval: 1804ms
  Thread calibration: mean lat.: 686.196ms, rate sampling interval: 1931ms
  Thread calibration: mean lat.: 659.494ms, rate sampling interval: 1806ms
  Thread calibration: mean lat.: 675.062ms, rate sampling interval: 1902ms
  Thread calibration: mean lat.: 653.694ms, rate sampling interval: 1818ms
  Thread calibration: mean lat.: 699.944ms, rate sampling interval: 1992ms
  Thread calibration: mean lat.: 694.115ms, rate sampling interval: 1903ms
  Thread calibration: mean lat.: 686.630ms, rate sampling interval: 1898ms
  Thread calibration: mean lat.: 676.669ms, rate sampling interval: 1883ms
  Thread calibration: mean lat.: 651.591ms, rate sampling interval: 1893ms
  Thread calibration: mean lat.: 643.923ms, rate sampling interval: 1826ms
  Thread calibration: mean lat.: 678.932ms, rate sampling interval: 1888ms
  Thread calibration: mean lat.: 669.825ms, rate sampling interval: 1919ms
  Thread calibration: mean lat.: 621.910ms, rate sampling interval: 1705ms
  Thread calibration: mean lat.: 719.027ms, rate sampling interval: 2033ms
  Thread calibration: mean lat.: 668.995ms, rate sampling interval: 1830ms
  Thread calibration: mean lat.: 646.461ms, rate sampling interval: 1850ms
  Thread calibration: mean lat.: 688.485ms, rate sampling interval: 1952ms
  Thread calibration: mean lat.: 676.522ms, rate sampling interval: 1871ms
  Thread calibration: mean lat.: 672.671ms, rate sampling interval: 1874ms
  Thread calibration: mean lat.: 698.024ms, rate sampling interval: 1868ms
  Thread calibration: mean lat.: 651.747ms, rate sampling interval: 1797ms
  Thread calibration: mean lat.: 689.866ms, rate sampling interval: 1865ms
  Thread calibration: mean lat.: 648.180ms, rate sampling interval: 1842ms

-----------------------------------------------------------------------
Test Results @ http://10.10.1.1:24417 
  Thread Stats   Avg      Stdev     99%   +/- Stdev
    Latency   653.82ms  310.10ms   1.44s    68.84%
    Req/Sec    51.17      3.83    58.00     75.06%
  Latency Distribution (HdrHistogram - Recorded Latency)
 50.000%  694.78ms
 75.000%  860.67ms
 90.000%    1.00s 
 99.000%    1.44s 
 99.900%    1.79s 
 99.990%    1.98s 
 99.999%    2.10s 
100.000%    2.14s 

  Detailed Percentile spectrum:
       Value   Percentile   TotalCount 1/(1-Percentile)

      11.351     0.000000            1         1.00
     174.847     0.100000        18784         1.11
     370.687     0.200000        37549         1.25
     507.647     0.300000        56308         1.43
     610.815     0.400000        75093         1.67
     694.783     0.500000        93881         2.00
     730.111     0.550000       103328         2.22
     763.903     0.600000       112706         2.50
     796.159     0.650000       122115         2.86
     826.367     0.700000       131388         3.33
     860.671     0.750000       140805         4.00
     879.615     0.775000       145450         4.44
     897.535     0.800000       150191         5.00
     918.527     0.825000       154915         5.71
     940.031     0.850000       159547         6.67
     967.167     0.875000       164298         8.00
     983.551     0.887500       166591         8.89
    1000.447     0.900000       168969        10.00
    1018.879     0.912500       171307        11.43
    1041.407     0.925000       173624        13.33
    1067.007     0.937500       175975        16.00
    1083.391     0.943750       177138        17.78
    1103.871     0.950000       178333        20.00
    1126.399     0.956250       179512        22.86
    1156.095     0.962500       180650        26.67
    1193.983     0.968750       181819        32.00
    1216.511     0.971875       182405        35.56
    1242.111     0.975000       182985        40.00
    1272.831     0.978125       183570        45.71
    1305.599     0.981250       184152        53.33
    1349.631     0.984375       184744        64.00
    1371.135     0.985938       185033        71.11
    1394.687     0.987500       185332        80.00
    1419.263     0.989062       185626        91.43
    1446.911     0.990625       185911       106.67
    1480.703     0.992188       186211       128.00
    1502.207     0.992969       186354       142.22
    1523.711     0.993750       186500       160.00
    1548.287     0.994531       186649       182.86
    1574.911     0.995313       186794       213.33
    1604.607     0.996094       186940       256.00
    1624.063     0.996484       187012       284.44
    1643.519     0.996875       187088       320.00
    1660.927     0.997266       187159       365.71
    1688.575     0.997656       187236       426.67
    1711.103     0.998047       187305       512.00
    1726.463     0.998242       187343       568.89
    1739.775     0.998437       187381       640.00
    1756.159     0.998633       187415       731.43
    1773.567     0.998828       187454       853.33
    1789.951     0.999023       187488      1024.00
    1802.239     0.999121       187508      1137.78
    1818.623     0.999219       187524      1280.00
    1830.911     0.999316       187543      1462.86
    1852.415     0.999414       187562      1706.67
    1874.943     0.999512       187580      2048.00
    1885.183     0.999561       187588      2275.56
    1897.471     0.999609       187598      2560.00
    1911.807     0.999658       187606      2925.71
    1924.095     0.999707       187616      3413.33
    1937.407     0.999756       187625      4096.00
    1941.503     0.999780       187629      4551.11
    1954.815     0.999805       187635      5120.00
    1959.935     0.999829       187639      5851.43
    1970.175     0.999854       187643      6826.67
    1981.439     0.999878       187648      8192.00
    1983.487     0.999890       187650      9102.22
    1986.559     0.999902       187652     10240.00
    1995.775     0.999915       187654     11702.86
    2009.087     0.999927       187657     13653.33
    2013.183     0.999939       187659     16384.00
    2015.231     0.999945       187660     18204.44
    2038.783     0.999951       187661     20480.00
    2039.807     0.999957       187663     23405.71
    2042.879     0.999963       187664     27306.67
    2056.191     0.999969       187665     32768.00
    2056.191     0.999973       187665     36408.89
    2072.575     0.999976       187666     40960.00
    2072.575     0.999979       187666     46811.43
    2084.863     0.999982       187667     54613.33
    2097.151     0.999985       187668     65536.00
    2097.151     0.999986       187668     72817.78
    2097.151     0.999988       187668     81920.00
    2097.151     0.999989       187668     93622.86
    2111.487     0.999991       187669    109226.67
    2111.487     0.999992       187669    131072.00
    2111.487     0.999993       187669    145635.56
    2111.487     0.999994       187669    163840.00
    2111.487     0.999995       187669    187245.71
    2136.063     0.999995       187670    218453.33
    2136.063     1.000000       187670          inf
#[Mean    =      653.821, StdDeviation   =      310.099]
#[Max     =     2134.016, Total count    =       187670]
#[Buckets =           27, SubBuckets     =         2048]
-----------------------------------------------------------------------
  221927 requests in 1.00m, 34.42MB read
Requests/sec:   3704.38  
Transfer/sec:    588.29KB

=== rps=4000 c=800 t=80 url=http://10.10.1.1:24417 ===
setup: assigned thread_id=1
init: final thread_id=1, base_seed=nil
setup: assigned thread_id=2
init: final thread_id=2, base_seed=nil
setup: assigned thread_id=3
init: final thread_id=3, base_seed=nil
setup: assigned thread_id=4
init: final thread_id=4, base_seed=nil
setup: assigned thread_id=5
init: final thread_id=5, base_seed=nil
setup: assigned thread_id=6
init: final thread_id=6, base_seed=nil
setup: assigned thread_id=7
init: final thread_id=7, base_seed=nil
setup: assigned thread_id=8
init: final thread_id=8, base_seed=nil
setup: assigned thread_id=9
init: final thread_id=9, base_seed=nil
setup: assigned thread_id=10
init: final thread_id=10, base_seed=nil
setup: assigned thread_id=11
init: final thread_id=11, base_seed=nil
setup: assigned thread_id=12
init: final thread_id=12, base_seed=nil
setup: assigned thread_id=13
init: final thread_id=13, base_seed=nil
setup: assigned thread_id=14
init: final thread_id=14, base_seed=nil
setup: assigned thread_id=15
init: final thread_id=15, base_seed=nil
setup: assigned thread_id=16
init: final thread_id=16, base_seed=nil
setup: assigned thread_id=17
init: final thread_id=17, base_seed=nil
setup: assigned thread_id=18
init: final thread_id=18, base_seed=nil
setup: assigned thread_id=19
init: final thread_id=19, base_seed=nil
setup: assigned thread_id=20
init: final thread_id=20, base_seed=nil
setup: assigned thread_id=21
init: final thread_id=21, base_seed=nil
setup: assigned thread_id=22
init: final thread_id=22, base_seed=nil
setup: assigned thread_id=23
init: final thread_id=23, base_seed=nil
setup: assigned thread_id=24
init: final thread_id=24, base_seed=nil
setup: assigned thread_id=25
init: final thread_id=25, base_seed=nil
setup: assigned thread_id=26
init: final thread_id=26, base_seed=nil
setup: assigned thread_id=27
init: final thread_id=27, base_seed=nil
setup: assigned thread_id=28
init: final thread_id=28, base_seed=nil
setup: assigned thread_id=29
init: final thread_id=29, base_seed=nil
setup: assigned thread_id=30
init: final thread_id=30, base_seed=nil
setup: assigned thread_id=31
init: final thread_id=31, base_seed=nil
setup: assigned thread_id=32
init: final thread_id=32, base_seed=nil
setup: assigned thread_id=33
init: final thread_id=33, base_seed=nil
setup: assigned thread_id=34
init: final thread_id=34, base_seed=nil
setup: assigned thread_id=35
init: final thread_id=35, base_seed=nil
setup: assigned thread_id=36
init: final thread_id=36, base_seed=nil
setup: assigned thread_id=37
init: final thread_id=37, base_seed=nil
setup: assigned thread_id=38
init: final thread_id=38, base_seed=nil
setup: assigned thread_id=39
init: final thread_id=39, base_seed=nil
setup: assigned thread_id=40
init: final thread_id=40, base_seed=nil
setup: assigned thread_id=41
init: final thread_id=41, base_seed=nil
setup: assigned thread_id=42
init: final thread_id=42, base_seed=nil
setup: assigned thread_id=43
init: final thread_id=43, base_seed=nil
setup: assigned thread_id=44
init: final thread_id=44, base_seed=nil
setup: assigned thread_id=45
init: final thread_id=45, base_seed=nil
setup: assigned thread_id=46
init: final thread_id=46, base_seed=nil
setup: assigned thread_id=47
init: final thread_id=47, base_seed=nil
setup: assigned thread_id=48
init: final thread_id=48, base_seed=nil
setup: assigned thread_id=49
init: final thread_id=49, base_seed=nil
setup: assigned thread_id=50
init: final thread_id=50, base_seed=nil
setup: assigned thread_id=51
init: final thread_id=51, base_seed=nil
setup: assigned thread_id=52
init: final thread_id=52, base_seed=nil
setup: assigned thread_id=53
init: final thread_id=53, base_seed=nil
setup: assigned thread_id=54
init: final thread_id=54, base_seed=nil
setup: assigned thread_id=55
init: final thread_id=55, base_seed=nil
setup: assigned thread_id=56
init: final thread_id=56, base_seed=nil
setup: assigned thread_id=57
init: final thread_id=57, base_seed=nil
setup: assigned thread_id=58
init: final thread_id=58, base_seed=nil
setup: assigned thread_id=59
init: final thread_id=59, base_seed=nil
setup: assigned thread_id=60
init: final thread_id=60, base_seed=nil
setup: assigned thread_id=61
init: final thread_id=61, base_seed=nil
setup: assigned thread_id=62
init: final thread_id=62, base_seed=nil
setup: assigned thread_id=63
init: final thread_id=63, base_seed=nil
setup: assigned thread_id=64
init: final thread_id=64, base_seed=nil
setup: assigned thread_id=65
init: final thread_id=65, base_seed=nil
setup: assigned thread_id=66
init: final thread_id=66, base_seed=nil
setup: assigned thread_id=67
init: final thread_id=67, base_seed=nil
setup: assigned thread_id=68
init: final thread_id=68, base_seed=nil
setup: assigned thread_id=69
init: final thread_id=69, base_seed=nil
setup: assigned thread_id=70
init: final thread_id=70, base_seed=nil
setup: assigned thread_id=71
init: final thread_id=71, base_seed=nil
setup: assigned thread_id=72
init: final thread_id=72, base_seed=nil
setup: assigned thread_id=73
init: final thread_id=73, base_seed=nil
setup: assigned thread_id=74
init: final thread_id=74, base_seed=nil
setup: assigned thread_id=75
init: final thread_id=75, base_seed=nil
setup: assigned thread_id=76
init: final thread_id=76, base_seed=nil
setup: assigned thread_id=77
init: final thread_id=77, base_seed=nil
setup: assigned thread_id=78
init: final thread_id=78, base_seed=nil
setup: assigned thread_id=79
init: final thread_id=79, base_seed=nil
setup: assigned thread_id=80
init: final thread_id=80, base_seed=nil
script_want_response
Running 1m test @ http://10.10.1.1:24417
  80 threads and 800 connections

  Thread calibration: mean lat.: 278.212ms, rate sampling interval: 947ms
  Thread calibration: mean lat.: 287.695ms, rate sampling interval: 967ms
  Thread calibration: mean lat.: 270.497ms, rate sampling interval: 833ms
  Thread calibration: mean lat.: 285.548ms, rate sampling interval: 863ms
  Thread calibration: mean lat.: 289.013ms, rate sampling interval: 951ms
  Thread calibration: mean lat.: 268.379ms, rate sampling interval: 860ms
  Thread calibration: mean lat.: 292.673ms, rate sampling interval: 933ms
  Thread calibration: mean lat.: 300.053ms, rate sampling interval: 1007ms
  Thread calibration: mean lat.: 286.889ms, rate sampling interval: 971ms
  Thread calibration: mean lat.: 272.144ms, rate sampling interval: 868ms
  Thread calibration: mean lat.: 295.860ms, rate sampling interval: 930ms
  Thread calibration: mean lat.: 290.560ms, rate sampling interval: 879ms
  Thread calibration: mean lat.: 370.083ms, rate sampling interval: 1226ms
  Thread calibration: mean lat.: 291.922ms, rate sampling interval: 976ms
  Thread calibration: mean lat.: 291.296ms, rate sampling interval: 837ms
  Thread calibration: mean lat.: 319.011ms, rate sampling interval: 1044ms
  Thread calibration: mean lat.: 279.698ms, rate sampling interval: 814ms
  Thread calibration: mean lat.: 310.846ms, rate sampling interval: 949ms
  Thread calibration: mean lat.: 294.524ms, rate sampling interval: 920ms
  Thread calibration: mean lat.: 269.897ms, rate sampling interval: 813ms
  Thread calibration: mean lat.: 307.440ms, rate sampling interval: 1022ms
  Thread calibration: mean lat.: 287.384ms, rate sampling interval: 970ms
  Thread calibration: mean lat.: 312.127ms, rate sampling interval: 1008ms
  Thread calibration: mean lat.: 295.827ms, rate sampling interval: 957ms
  Thread calibration: mean lat.: 288.985ms, rate sampling interval: 930ms
  Thread calibration: mean lat.: 284.708ms, rate sampling interval: 940ms
  Thread calibration: mean lat.: 292.949ms, rate sampling interval: 985ms
  Thread calibration: mean lat.: 311.487ms, rate sampling interval: 1000ms
  Thread calibration: mean lat.: 306.327ms, rate sampling interval: 981ms
  Thread calibration: mean lat.: 298.529ms, rate sampling interval: 970ms
  Thread calibration: mean lat.: 273.675ms, rate sampling interval: 884ms
  Thread calibration: mean lat.: 281.886ms, rate sampling interval: 918ms
  Thread calibration: mean lat.: 258.784ms, rate sampling interval: 806ms
  Thread calibration: mean lat.: 258.650ms, rate sampling interval: 853ms
  Thread calibration: mean lat.: 275.514ms, rate sampling interval: 934ms
  Thread calibration: mean lat.: 330.210ms, rate sampling interval: 1062ms
  Thread calibration: mean lat.: 297.346ms, rate sampling interval: 972ms
  Thread calibration: mean lat.: 289.032ms, rate sampling interval: 926ms
  Thread calibration: mean lat.: 315.529ms, rate sampling interval: 1016ms
  Thread calibration: mean lat.: 330.528ms, rate sampling interval: 1125ms
  Thread calibration: mean lat.: 286.971ms, rate sampling interval: 967ms
  Thread calibration: mean lat.: 329.452ms, rate sampling interval: 1164ms
  Thread calibration: mean lat.: 288.810ms, rate sampling interval: 934ms
  Thread calibration: mean lat.: 315.471ms, rate sampling interval: 1015ms
  Thread calibration: mean lat.: 309.671ms, rate sampling interval: 932ms
  Thread calibration: mean lat.: 289.051ms, rate sampling interval: 910ms
  Thread calibration: mean lat.: 305.408ms, rate sampling interval: 1007ms
  Thread calibration: mean lat.: 315.736ms, rate sampling interval: 1004ms
  Thread calibration: mean lat.: 284.566ms, rate sampling interval: 913ms
  Thread calibration: mean lat.: 311.845ms, rate sampling interval: 1091ms
  Thread calibration: mean lat.: 325.612ms, rate sampling interval: 1209ms
  Thread calibration: mean lat.: 323.754ms, rate sampling interval: 1028ms
  Thread calibration: mean lat.: 296.051ms, rate sampling interval: 941ms
  Thread calibration: mean lat.: 325.976ms, rate sampling interval: 1126ms
  Thread calibration: mean lat.: 313.848ms, rate sampling interval: 1046ms
  Thread calibration: mean lat.: 290.847ms, rate sampling interval: 924ms
  Thread calibration: mean lat.: 308.433ms, rate sampling interval: 995ms
  Thread calibration: mean lat.: 305.935ms, rate sampling interval: 1025ms
  Thread calibration: mean lat.: 315.794ms, rate sampling interval: 1018ms
  Thread calibration: mean lat.: 344.256ms, rate sampling interval: 1158ms
  Thread calibration: mean lat.: 296.256ms, rate sampling interval: 921ms
  Thread calibration: mean lat.: 290.925ms, rate sampling interval: 818ms
  Thread calibration: mean lat.: 316.465ms, rate sampling interval: 1017ms
  Thread calibration: mean lat.: 284.006ms, rate sampling interval: 872ms
  Thread calibration: mean lat.: 363.626ms, rate sampling interval: 1199ms
  Thread calibration: mean lat.: 316.594ms, rate sampling interval: 944ms
  Thread calibration: mean lat.: 341.225ms, rate sampling interval: 1246ms
  Thread calibration: mean lat.: 292.939ms, rate sampling interval: 976ms
  Thread calibration: mean lat.: 306.050ms, rate sampling interval: 1061ms
  Thread calibration: mean lat.: 305.651ms, rate sampling interval: 1101ms
  Thread calibration: mean lat.: 307.436ms, rate sampling interval: 1040ms
  Thread calibration: mean lat.: 285.985ms, rate sampling interval: 862ms
  Thread calibration: mean lat.: 306.456ms, rate sampling interval: 1029ms
  Thread calibration: mean lat.: 329.272ms, rate sampling interval: 1052ms
  Thread calibration: mean lat.: 302.693ms, rate sampling interval: 1043ms
  Thread calibration: mean lat.: 363.658ms, rate sampling interval: 1336ms
  Thread calibration: mean lat.: 294.729ms, rate sampling interval: 889ms
  Thread calibration: mean lat.: 325.348ms, rate sampling interval: 1094ms
  Thread calibration: mean lat.: 275.352ms, rate sampling interval: 804ms
  Thread calibration: mean lat.: 293.780ms, rate sampling interval: 947ms

-----------------------------------------------------------------------
Test Results @ http://10.10.1.1:24417 
  Thread Stats   Avg      Stdev     99%   +/- Stdev
    Latency     4.13s     2.52s    9.04s    54.82%
    Req/Sec    41.87      4.49    50.00     77.91%
  Latency Distribution (HdrHistogram - Recorded Latency)
 50.000%    4.62s 
 75.000%    6.14s 
 90.000%    7.32s 
 99.000%    9.04s 
 99.900%   10.20s 
 99.990%   10.77s 
 99.999%   11.08s 
100.000%   11.11s 

  Detailed Percentile spectrum:
       Value   Percentile   TotalCount 1/(1-Percentile)

     107.903     0.000000            1         1.00
     684.031     0.100000        16889         1.11
    1100.799     0.200000        33760         1.25
    1969.151     0.300000        50625         1.43
    3500.031     0.400000        67498         1.67
    4616.191     0.500000        84452         2.00
    4997.119     0.550000        92899         2.22
    5292.031     0.600000       101270         2.50
    5558.271     0.650000       109688         2.86
    5832.703     0.700000       118217         3.33
    6135.807     0.750000       126597         4.00
    6299.647     0.775000       130821         4.44
    6479.871     0.800000       134997         5.00
    6684.671     0.825000       139215         5.71
    6901.759     0.850000       143448         6.67
    7114.751     0.875000       147692         8.00
    7217.151     0.887500       149801         8.89
    7319.551     0.900000       151928        10.00
    7430.143     0.912500       154037        11.43
    7544.831     0.925000       156099        13.33
    7675.903     0.937500       158201        16.00
    7761.919     0.943750       159266        17.78
    7847.935     0.950000       160320        20.00
    7942.143     0.956250       161364        22.86
    8056.831     0.962500       162447        26.67
    8171.519     0.968750       163478        32.00
    8245.247     0.971875       164002        35.56
    8323.071     0.975000       164537        40.00
    8421.375     0.978125       165073        45.71
    8519.679     0.981250       165581        53.33
    8658.943     0.984375       166128        64.00
    8740.863     0.985938       166372        71.11
    8839.167     0.987500       166636        80.00
    8945.663     0.989062       166900        91.43
    9084.927     0.990625       167167       106.67
    9256.959     0.992188       167426       128.00
    9338.879     0.992969       167562       142.22
    9420.799     0.993750       167694       160.00
    9519.103     0.994531       167823       182.86
    9609.215     0.995313       167958       213.33
    9723.903     0.996094       168099       256.00
    9764.863     0.996484       168156       284.44
    9805.823     0.996875       168222       320.00
    9854.975     0.997266       168283       365.71
    9912.319     0.997656       168349       426.67
    9977.855     0.998047       168420       512.00
   10010.623     0.998242       168454       568.89
   10043.391     0.998437       168483       640.00
   10084.351     0.998633       168514       731.43
   10141.695     0.998828       168548       853.33
   10215.423     0.999023       168579      1024.00
   10248.191     0.999121       168599      1137.78
   10280.959     0.999219       168611      1280.00
   10338.303     0.999316       168629      1462.86
   10379.263     0.999414       168647      1706.67
   10412.031     0.999512       168661      2048.00
   10436.607     0.999561       168668      2275.56
   10461.183     0.999609       168677      2560.00
   10485.759     0.999658       168685      2925.71
   10543.103     0.999707       168694      3413.33
   10592.255     0.999756       168701      4096.00
   10625.023     0.999780       168705      4551.11
   10657.791     0.999805       168712      5120.00
   10665.983     0.999829       168714      5851.43
   10706.943     0.999854       168718      6826.67
   10747.903     0.999878       168722      8192.00
   10764.287     0.999890       168724      9102.22
   10780.671     0.999902       168726     10240.00
   10805.247     0.999915       168728     11702.86
   10829.823     0.999927       168730     13653.33
   10903.551     0.999939       168732     16384.00
   10919.935     0.999945       168733     18204.44
   10944.511     0.999951       168734     20480.00
   10977.279     0.999957       168735     23405.71
   10985.471     0.999963       168736     27306.67
   11026.431     0.999969       168737     32768.00
   11067.391     0.999973       168738     36408.89
   11067.391     0.999976       168738     40960.00
   11075.583     0.999979       168740     46811.43
   11075.583     0.999982       168740     54613.33
   11075.583     0.999985       168740     65536.00
   11075.583     0.999986       168740     72817.78
   11075.583     0.999988       168740     81920.00
   11100.159     0.999989       168741     93622.86
   11100.159     0.999991       168741    109226.67
   11100.159     0.999992       168741    131072.00
   11100.159     0.999993       168741    145635.56
   11100.159     0.999994       168741    163840.00
   11108.351     0.999995       168742    187245.71
   11108.351     1.000000       168742          inf
#[Mean    =     4130.799, StdDeviation   =     2520.795]
#[Max     =    11100.160, Total count    =       168742]
#[Buckets =           27, SubBuckets     =         2048]
-----------------------------------------------------------------------
  206279 requests in 1.00m, 31.99MB read
Requests/sec:   3450.58  
Transfer/sec:    547.92KB
