setup: assigned thread_id=1
init: final thread_id=1, base_seed=nil
script_want_response
Running 2m test @ http://10.10.1.1:16874
  1 threads and 10 connections

  Thread calibration: mean lat.: 59.779ms, rate sampling interval: 109ms

-----------------------------------------------------------------------
Test Results @ http://10.10.1.1:16874 
  Thread Stats   Avg      Stdev     99%   +/- Stdev
    Latency     7.45ms  800.00us   9.43ms   70.11%
    Req/Sec    99.79     22.90   185.00     90.06%
  Latency Distribution (HdrHistogram - Recorded Latency)
 50.000%    7.38ms
 75.000%    7.95ms
 90.000%    8.53ms
 99.000%    9.43ms
 99.900%   10.29ms
 99.990%   10.58ms
 99.999%   10.82ms
100.000%   10.82ms

  Detailed Percentile spectrum:
       Value   Percentile   TotalCount 1/(1-Percentile)

       4.167     0.000000            1         1.00
       6.527     0.100000          903         1.11
       6.823     0.200000         1803         1.25
       7.023     0.300000         2703         1.43
       7.199     0.400000         3601         1.67
       7.383     0.500000         4509         2.00
       7.483     0.550000         4964         2.22
       7.579     0.600000         5409         2.50
       7.691     0.650000         5848         2.86
       7.815     0.700000         6304         3.33
       7.947     0.750000         6760         4.00
       8.023     0.775000         6975         4.44
       8.103     0.800000         7204         5.00
       8.207     0.825000         7433         5.71
       8.303     0.850000         7656         6.67
       8.407     0.875000         7875         8.00
       8.471     0.887500         7992         8.89
       8.527     0.900000         8103        10.00
       8.599     0.912500         8215        11.43
       8.671     0.925000         8328        13.33
       8.751     0.937500         8434        16.00
       8.807     0.943750         8495        17.78
       8.847     0.950000         8550        20.00
       8.903     0.956250         8611        22.86
       8.959     0.962500         8661        26.67
       9.031     0.968750         8718        32.00
       9.063     0.971875         8745        35.56
       9.095     0.975000         8776        40.00
       9.151     0.978125         8801        45.71
       9.191     0.981250         8828        53.33
       9.263     0.984375         8856        64.00
       9.295     0.985938         8870        71.11
       9.351     0.987500         8885        80.00
       9.399     0.989062         8898        91.43
       9.439     0.990625         8912       106.67
       9.487     0.992188         8927       128.00
       9.503     0.992969         8933       142.22
       9.543     0.993750         8942       160.00
       9.591     0.994531         8948       182.86
       9.655     0.995313         8954       213.33
       9.711     0.996094         8961       256.00
       9.759     0.996484         8965       284.44
       9.783     0.996875         8968       320.00
       9.823     0.997266         8972       365.71
       9.855     0.997656         8975       426.67
       9.919     0.998047         8979       512.00
       9.967     0.998242         8981       568.89
       9.991     0.998437         8982       640.00
      10.071     0.998633         8984       731.43
      10.255     0.998828         8986       853.33
      10.287     0.999023         8988      1024.00
      10.327     0.999121         8989      1137.78
      10.327     0.999219         8989      1280.00
      10.335     0.999316         8990      1462.86
      10.423     0.999414         8991      1706.67
      10.431     0.999512         8992      2048.00
      10.455     0.999561         8993      2275.56
      10.455     0.999609         8993      2560.00
      10.455     0.999658         8993      2925.71
      10.575     0.999707         8994      3413.33
      10.575     0.999756         8994      4096.00
      10.583     0.999780         8995      4551.11
      10.583     0.999805         8995      5120.00
      10.583     0.999829         8995      5851.43
      10.583     0.999854         8995      6826.67
      10.583     0.999878         8995      8192.00
      10.823     0.999890         8996      9102.22
      10.823     1.000000         8996          inf
#[Mean    =        7.449, StdDeviation   =        0.800]
#[Max     =       10.816, Total count    =         8996]
#[Buckets =           27, SubBuckets     =         2048]
-----------------------------------------------------------------------
  9991 requests in 1.67m, 1.55MB read
Requests/sec:     99.90  
Transfer/sec:     15.87KB

=== rps=2000 c=200 t=20 url=http://10.10.1.1:16874 ===
setup: assigned thread_id=1
init: final thread_id=1, base_seed=nil
setup: assigned thread_id=2
init: final thread_id=2, base_seed=nil
setup: assigned thread_id=3
init: final thread_id=3, base_seed=nil
setup: assigned thread_id=4
init: final thread_id=4, base_seed=nil
setup: assigned thread_id=5
init: final thread_id=5, base_seed=nil
setup: assigned thread_id=6
init: final thread_id=6, base_seed=nil
setup: assigned thread_id=7
init: final thread_id=7, base_seed=nil
setup: assigned thread_id=8
init: final thread_id=8, base_seed=nil
setup: assigned thread_id=9
init: final thread_id=9, base_seed=nil
setup: assigned thread_id=10
init: final thread_id=10, base_seed=nil
setup: assigned thread_id=11
init: final thread_id=11, base_seed=nil
setup: assigned thread_id=12
init: final thread_id=12, base_seed=nil
setup: assigned thread_id=13
init: final thread_id=13, base_seed=nil
setup: assigned thread_id=14
init: final thread_id=14, base_seed=nil
setup: assigned thread_id=15
init: final thread_id=15, base_seed=nil
setup: assigned thread_id=16
init: final thread_id=16, base_seed=nil
setup: assigned thread_id=17
init: final thread_id=17, base_seed=nil
setup: assigned thread_id=18
init: final thread_id=18, base_seed=nil
setup: assigned thread_id=19
init: final thread_id=19, base_seed=nil
setup: assigned thread_id=20
init: final thread_id=20, base_seed=nil
script_want_response
Running 1m test @ http://10.10.1.1:16874
  20 threads and 200 connections

  Thread calibration: mean lat.: 16.407ms, rate sampling interval: 47ms
  Thread calibration: mean lat.: 16.472ms, rate sampling interval: 47ms
  Thread calibration: mean lat.: 16.333ms, rate sampling interval: 47ms
  Thread calibration: mean lat.: 16.579ms, rate sampling interval: 47ms
  Thread calibration: mean lat.: 16.681ms, rate sampling interval: 48ms
  Thread calibration: mean lat.: 16.342ms, rate sampling interval: 47ms
  Thread calibration: mean lat.: 15.217ms, rate sampling interval: 44ms
  Thread calibration: mean lat.: 15.399ms, rate sampling interval: 44ms
  Thread calibration: mean lat.: 14.680ms, rate sampling interval: 42ms
  Thread calibration: mean lat.: 13.993ms, rate sampling interval: 38ms
  Thread calibration: mean lat.: 13.070ms, rate sampling interval: 33ms
  Thread calibration: mean lat.: 9.142ms, rate sampling interval: 27ms
  Thread calibration: mean lat.: 9.480ms, rate sampling interval: 30ms
  Thread calibration: mean lat.: 10.257ms, rate sampling interval: 33ms
  Thread calibration: mean lat.: 11.587ms, rate sampling interval: 37ms
  Thread calibration: mean lat.: 12.680ms, rate sampling interval: 41ms
  Thread calibration: mean lat.: 13.927ms, rate sampling interval: 44ms
  Thread calibration: mean lat.: 15.385ms, rate sampling interval: 47ms
  Thread calibration: mean lat.: 16.359ms, rate sampling interval: 47ms
  Thread calibration: mean lat.: 17.315ms, rate sampling interval: 48ms

-----------------------------------------------------------------------
Test Results @ http://10.10.1.1:16874 
  Thread Stats   Avg      Stdev     99%   +/- Stdev
    Latency    16.98ms    8.65ms  48.77ms   75.50%
    Req/Sec   101.01     88.78   312.00     55.71%
  Latency Distribution (HdrHistogram - Recorded Latency)
 50.000%   15.02ms
 75.000%   21.33ms
 90.000%   27.02ms
 99.000%   48.77ms
 99.900%   73.15ms
 99.990%   78.85ms
 99.999%   79.81ms
100.000%   80.25ms

  Detailed Percentile spectrum:
       Value   Percentile   TotalCount 1/(1-Percentile)

       5.495     0.000000            1         1.00
       8.011     0.100000        10005         1.11
       9.815     0.200000        20015         1.25
      11.631     0.300000        29974         1.43
      13.415     0.400000        39965         1.67
      15.023     0.500000        49982         2.00
      16.007     0.550000        54969         2.22
      17.199     0.600000        59972         2.50
      18.479     0.650000        64980         2.86
      19.871     0.700000        69935         3.33
      21.327     0.750000        74932         4.00
      22.159     0.775000        77442         4.44
      22.927     0.800000        79968         5.00
      23.727     0.825000        82425         5.71
      24.671     0.850000        84940         6.67
      25.791     0.875000        87437         8.00
      26.383     0.887500        88670         8.89
      27.023     0.900000        89919        10.00
      27.839     0.912500        91194        11.43
      28.847     0.925000        92414        13.33
      30.223     0.937500        93669        16.00
      31.135     0.943750        94291        17.78
      32.095     0.950000        94923        20.00
      33.247     0.956250        95542        22.86
      34.591     0.962500        96161        26.67
      36.543     0.968750        96789        32.00
      37.823     0.971875        97102        35.56
      39.199     0.975000        97416        40.00
      40.479     0.978125        97722        45.71
      42.111     0.981250        98040        53.33
      44.415     0.984375        98350        64.00
      45.439     0.985938        98505        71.11
      46.751     0.987500        98667        80.00
      47.903     0.989062        98816        91.43
      49.311     0.990625        98971       106.67
      50.975     0.992188        99131       128.00
      51.743     0.992969        99208       142.22
      52.639     0.993750        99284       160.00
      54.239     0.994531        99362       182.86
      55.967     0.995313        99439       213.33
      57.855     0.996094        99517       256.00
      59.071     0.996484        99556       284.44
      59.999     0.996875        99597       320.00
      60.799     0.997266        99635       365.71
      62.143     0.997656        99673       426.67
      63.423     0.998047        99713       512.00
      64.287     0.998242        99732       568.89
      65.215     0.998437        99751       640.00
      70.975     0.998633        99771       731.43
      72.127     0.998828        99791       853.33
      73.279     0.999023        99810      1024.00
      73.855     0.999121        99821      1137.78
      74.303     0.999219        99829      1280.00
      74.687     0.999316        99840      1462.86
      75.071     0.999414        99850      1706.67
      75.583     0.999512        99859      2048.00
      75.903     0.999561        99864      2275.56
      76.351     0.999609        99868      2560.00
      76.799     0.999658        99873      2925.71
      77.119     0.999707        99878      3413.33
      77.439     0.999756        99883      4096.00
      77.823     0.999780        99886      4551.11
      77.887     0.999805        99889      5120.00
      78.079     0.999829        99891      5851.43
      78.335     0.999854        99893      6826.67
      78.655     0.999878        99896      8192.00
      78.847     0.999890        99897      9102.22
      78.975     0.999902        99899     10240.00
      78.975     0.999915        99899     11702.86
      79.039     0.999927        99900     13653.33
      79.103     0.999939        99902     16384.00
      79.103     0.999945        99902     18204.44
      79.487     0.999951        99905     20480.00
      79.487     0.999957        99905     23405.71
      79.487     0.999963        99905     27306.67
      79.487     0.999969        99905     32768.00
      79.487     0.999973        99905     36408.89
      79.487     0.999976        99905     40960.00
      79.487     0.999979        99905     46811.43
      79.807     0.999982        99906     54613.33
      79.807     0.999985        99906     65536.00
      79.807     0.999986        99906     72817.78
      79.807     0.999988        99906     81920.00
      79.807     0.999989        99906     93622.86
      80.255     0.999991        99907    109226.67
      80.255     1.000000        99907          inf
#[Mean    =       16.985, StdDeviation   =        8.654]
#[Max     =       80.192, Total count    =        99907]
#[Buckets =           27, SubBuckets     =         2048]
-----------------------------------------------------------------------
  119723 requests in 1.00m, 18.57MB read
Requests/sec:   1997.90  
Transfer/sec:    317.25KB

=== rps=2200 c=242 t=25 url=http://10.10.1.1:16874 ===
setup: assigned thread_id=1
init: final thread_id=1, base_seed=nil
setup: assigned thread_id=2
init: final thread_id=2, base_seed=nil
setup: assigned thread_id=3
init: final thread_id=3, base_seed=nil
setup: assigned thread_id=4
init: final thread_id=4, base_seed=nil
setup: assigned thread_id=5
init: final thread_id=5, base_seed=nil
setup: assigned thread_id=6
init: final thread_id=6, base_seed=nil
setup: assigned thread_id=7
init: final thread_id=7, base_seed=nil
setup: assigned thread_id=8
init: final thread_id=8, base_seed=nil
setup: assigned thread_id=9
init: final thread_id=9, base_seed=nil
setup: assigned thread_id=10
init: final thread_id=10, base_seed=nil
setup: assigned thread_id=11
init: final thread_id=11, base_seed=nil
setup: assigned thread_id=12
init: final thread_id=12, base_seed=nil
setup: assigned thread_id=13
init: final thread_id=13, base_seed=nil
setup: assigned thread_id=14
init: final thread_id=14, base_seed=nil
setup: assigned thread_id=15
init: final thread_id=15, base_seed=nil
setup: assigned thread_id=16
init: final thread_id=16, base_seed=nil
setup: assigned thread_id=17
init: final thread_id=17, base_seed=nil
setup: assigned thread_id=18
init: final thread_id=18, base_seed=nil
setup: assigned thread_id=19
init: final thread_id=19, base_seed=nil
setup: assigned thread_id=20
init: final thread_id=20, base_seed=nil
setup: assigned thread_id=21
init: final thread_id=21, base_seed=nil
setup: assigned thread_id=22
init: final thread_id=22, base_seed=nil
setup: assigned thread_id=23
init: final thread_id=23, base_seed=nil
setup: assigned thread_id=24
init: final thread_id=24, base_seed=nil
setup: assigned thread_id=25
init: final thread_id=25, base_seed=nil
script_want_response
Running 1m test @ http://10.10.1.1:16874
  25 threads and 242 connections

  Thread calibration: mean lat.: 30.324ms, rate sampling interval: 89ms
  Thread calibration: mean lat.: 31.287ms, rate sampling interval: 87ms
  Thread calibration: mean lat.: 31.730ms, rate sampling interval: 87ms
  Thread calibration: mean lat.: 27.725ms, rate sampling interval: 82ms
  Thread calibration: mean lat.: 26.440ms, rate sampling interval: 80ms
  Thread calibration: mean lat.: 26.415ms, rate sampling interval: 79ms
  Thread calibration: mean lat.: 22.882ms, rate sampling interval: 74ms
  Thread calibration: mean lat.: 22.658ms, rate sampling interval: 73ms
  Thread calibration: mean lat.: 21.317ms, rate sampling interval: 71ms
  Thread calibration: mean lat.: 17.548ms, rate sampling interval: 64ms
  Thread calibration: mean lat.: 15.209ms, rate sampling interval: 42ms
  Thread calibration: mean lat.: 15.458ms, rate sampling interval: 43ms
  Thread calibration: mean lat.: 14.868ms, rate sampling interval: 41ms
  Thread calibration: mean lat.: 14.878ms, rate sampling interval: 42ms
  Thread calibration: mean lat.: 15.070ms, rate sampling interval: 43ms
  Thread calibration: mean lat.: 15.217ms, rate sampling interval: 42ms
  Thread calibration: mean lat.: 24.195ms, rate sampling interval: 85ms
  Thread calibration: mean lat.: 26.178ms, rate sampling interval: 88ms
  Thread calibration: mean lat.: 27.318ms, rate sampling interval: 88ms
  Thread calibration: mean lat.: 29.112ms, rate sampling interval: 89ms
  Thread calibration: mean lat.: 30.206ms, rate sampling interval: 89ms
  Thread calibration: mean lat.: 30.734ms, rate sampling interval: 89ms
  Thread calibration: mean lat.: 31.707ms, rate sampling interval: 87ms
  Thread calibration: mean lat.: 31.810ms, rate sampling interval: 86ms
  Thread calibration: mean lat.: 31.528ms, rate sampling interval: 83ms

-----------------------------------------------------------------------
Test Results @ http://10.10.1.1:16874 
  Thread Stats   Avg      Stdev     99%   +/- Stdev
    Latency    24.98ms   11.75ms  57.22ms   64.61%
    Req/Sec    88.29     43.25   190.00     73.64%
  Latency Distribution (HdrHistogram - Recorded Latency)
 50.000%   24.05ms
 75.000%   33.09ms
 90.000%   40.51ms
 99.000%   57.22ms
 99.900%   66.37ms
 99.990%   73.86ms
 99.999%   85.12ms
100.000%   90.88ms

  Detailed Percentile spectrum:
       Value   Percentile   TotalCount 1/(1-Percentile)

       6.723     0.000000            1         1.00
      10.871     0.100000        11000         1.11
      13.399     0.200000        21989         1.25
      16.127     0.300000        32974         1.43
      19.503     0.400000        43993         1.67
      24.047     0.500000        54953         2.00
      26.239     0.550000        60486         2.22
      28.127     0.600000        65953         2.50
      29.807     0.650000        71483         2.86
      31.455     0.700000        76989         3.33
      33.087     0.750000        82440         4.00
      33.983     0.775000        85201         4.44
      34.943     0.800000        87947         5.00
      35.999     0.825000        90675         5.71
      37.279     0.850000        93446         6.67
      38.719     0.875000        96193         8.00
      39.551     0.887500        97541         8.89
      40.511     0.900000        98938        10.00
      41.535     0.912500       100299        11.43
      42.687     0.925000       101667        13.33
      44.031     0.937500       103054        16.00
      44.735     0.943750       103736        17.78
      45.599     0.950000       104419        20.00
      46.623     0.956250       105106        22.86
      47.807     0.962500       105794        26.67
      49.119     0.968750       106477        32.00
      49.855     0.971875       106821        35.56
      50.783     0.975000       107158        40.00
      51.743     0.978125       107511        45.71
      52.831     0.981250       107845        53.33
      54.143     0.984375       108191        64.00
      55.007     0.985938       108367        71.11
      55.775     0.987500       108533        80.00
      56.671     0.989062       108705        91.43
      57.631     0.990625       108877       106.67
      58.655     0.992188       109049       128.00
      59.295     0.992969       109135       142.22
      59.903     0.993750       109223       160.00
      60.607     0.994531       109307       182.86
      61.279     0.995313       109392       213.33
      62.111     0.996094       109476       256.00
      62.527     0.996484       109521       284.44
      62.943     0.996875       109562       320.00
      63.455     0.997266       109606       365.71
      63.903     0.997656       109649       426.67
      64.447     0.998047       109692       512.00
      64.703     0.998242       109715       568.89
      64.991     0.998437       109734       640.00
      65.471     0.998633       109757       731.43
      65.919     0.998828       109777       853.33
      66.431     0.999023       109800      1024.00
      66.751     0.999121       109809      1137.78
      67.007     0.999219       109821      1280.00
      67.455     0.999316       109832      1462.86
      67.647     0.999414       109845      1706.67
      67.839     0.999512       109852      2048.00
      68.031     0.999561       109858      2275.56
      68.287     0.999609       109863      2560.00
      68.671     0.999658       109872      2925.71
      68.735     0.999707       109873      3413.33
      68.991     0.999756       109879      4096.00
      69.183     0.999780       109881      4551.11
      69.823     0.999805       109884      5120.00
      70.655     0.999829       109887      5851.43
      71.103     0.999854       109889      6826.67
      72.191     0.999878       109892      8192.00
      72.383     0.999890       109893      9102.22
      74.239     0.999902       109896     10240.00
      74.239     0.999915       109896     11702.86
      75.711     0.999927       109897     13653.33
      77.823     0.999939       109899     16384.00
      77.823     0.999945       109899     18204.44
      77.887     0.999951       109900     20480.00
      79.935     0.999957       109901     23405.71
      79.935     0.999963       109901     27306.67
      82.175     0.999969       109902     32768.00
      82.175     0.999973       109902     36408.89
      83.327     0.999976       109903     40960.00
      83.327     0.999979       109903     46811.43
      83.327     0.999982       109903     54613.33
      85.119     0.999985       109904     65536.00
      85.119     0.999986       109904     72817.78
      85.119     0.999988       109904     81920.00
      85.119     0.999989       109904     93622.86
      85.119     0.999991       109904    109226.67
      90.879     0.999992       109905    131072.00
      90.879     1.000000       109905          inf
#[Mean    =       24.985, StdDeviation   =       11.748]
#[Max     =       90.816, Total count    =       109905]
#[Buckets =           27, SubBuckets     =         2048]
-----------------------------------------------------------------------
  131745 requests in 1.00m, 20.43MB read
Requests/sec:   2197.54  
Transfer/sec:    348.94KB

=== rps=2400 c=288 t=29 url=http://10.10.1.1:16874 ===
setup: assigned thread_id=1
init: final thread_id=1, base_seed=nil
setup: assigned thread_id=2
init: final thread_id=2, base_seed=nil
setup: assigned thread_id=3
init: final thread_id=3, base_seed=nil
setup: assigned thread_id=4
init: final thread_id=4, base_seed=nil
setup: assigned thread_id=5
init: final thread_id=5, base_seed=nil
setup: assigned thread_id=6
init: final thread_id=6, base_seed=nil
setup: assigned thread_id=7
init: final thread_id=7, base_seed=nil
setup: assigned thread_id=8
init: final thread_id=8, base_seed=nil
setup: assigned thread_id=9
init: final thread_id=9, base_seed=nil
setup: assigned thread_id=10
init: final thread_id=10, base_seed=nil
setup: assigned thread_id=11
init: final thread_id=11, base_seed=nil
setup: assigned thread_id=12
init: final thread_id=12, base_seed=nil
setup: assigned thread_id=13
init: final thread_id=13, base_seed=nil
setup: assigned thread_id=14
init: final thread_id=14, base_seed=nil
setup: assigned thread_id=15
init: final thread_id=15, base_seed=nil
setup: assigned thread_id=16
init: final thread_id=16, base_seed=nil
setup: assigned thread_id=17
init: final thread_id=17, base_seed=nil
setup: assigned thread_id=18
init: final thread_id=18, base_seed=nil
setup: assigned thread_id=19
init: final thread_id=19, base_seed=nil
setup: assigned thread_id=20
init: final thread_id=20, base_seed=nil
setup: assigned thread_id=21
init: final thread_id=21, base_seed=nil
setup: assigned thread_id=22
init: final thread_id=22, base_seed=nil
setup: assigned thread_id=23
init: final thread_id=23, base_seed=nil
setup: assigned thread_id=24
init: final thread_id=24, base_seed=nil
setup: assigned thread_id=25
init: final thread_id=25, base_seed=nil
setup: assigned thread_id=26
init: final thread_id=26, base_seed=nil
setup: assigned thread_id=27
init: final thread_id=27, base_seed=nil
setup: assigned thread_id=28
init: final thread_id=28, base_seed=nil
setup: assigned thread_id=29
init: final thread_id=29, base_seed=nil
script_want_response
Running 1m test @ http://10.10.1.1:16874
  29 threads and 288 connections

  Thread calibration: mean lat.: 29.576ms, rate sampling interval: 82ms
  Thread calibration: mean lat.: 29.416ms, rate sampling interval: 81ms
  Thread calibration: mean lat.: 28.547ms, rate sampling interval: 81ms
  Thread calibration: mean lat.: 25.386ms, rate sampling interval: 76ms
  Thread calibration: mean lat.: 24.817ms, rate sampling interval: 75ms
  Thread calibration: mean lat.: 23.166ms, rate sampling interval: 70ms
  Thread calibration: mean lat.: 21.617ms, rate sampling interval: 66ms
  Thread calibration: mean lat.: 19.072ms, rate sampling interval: 58ms
  Thread calibration: mean lat.: 17.938ms, rate sampling interval: 54ms
  Thread calibration: mean lat.: 17.647ms, rate sampling interval: 52ms
  Thread calibration: mean lat.: 16.642ms, rate sampling interval: 48ms
  Thread calibration: mean lat.: 13.991ms, rate sampling interval: 38ms
  Thread calibration: mean lat.: 14.412ms, rate sampling interval: 41ms
  Thread calibration: mean lat.: 14.334ms, rate sampling interval: 40ms
  Thread calibration: mean lat.: 14.300ms, rate sampling interval: 40ms
  Thread calibration: mean lat.: 20.689ms, rate sampling interval: 68ms
  Thread calibration: mean lat.: 22.599ms, rate sampling interval: 72ms
  Thread calibration: mean lat.: 23.651ms, rate sampling interval: 72ms
  Thread calibration: mean lat.: 24.954ms, rate sampling interval: 74ms
  Thread calibration: mean lat.: 26.107ms, rate sampling interval: 76ms
  Thread calibration: mean lat.: 26.667ms, rate sampling interval: 79ms
  Thread calibration: mean lat.: 27.954ms, rate sampling interval: 82ms
  Thread calibration: mean lat.: 26.785ms, rate sampling interval: 80ms
  Thread calibration: mean lat.: 25.972ms, rate sampling interval: 80ms
  Thread calibration: mean lat.: 25.206ms, rate sampling interval: 81ms
  Thread calibration: mean lat.: 23.264ms, rate sampling interval: 75ms
  Thread calibration: mean lat.: 20.591ms, rate sampling interval: 68ms
  Thread calibration: mean lat.: 20.607ms, rate sampling interval: 69ms
  Thread calibration: mean lat.: 18.954ms, rate sampling interval: 66ms

-----------------------------------------------------------------------
Test Results @ http://10.10.1.1:16874 
  Thread Stats   Avg      Stdev     99%   +/- Stdev
    Latency    22.68ms   10.44ms  54.33ms   68.87%
    Req/Sec    82.40     53.85   191.00     66.92%
  Latency Distribution (HdrHistogram - Recorded Latency)
 50.000%   21.01ms
 75.000%   29.07ms
 90.000%   36.38ms
 99.000%   54.33ms
 99.900%   68.80ms
 99.990%   76.74ms
 99.999%   80.83ms
100.000%   86.08ms

  Detailed Percentile spectrum:
       Value   Percentile   TotalCount 1/(1-Percentile)

       6.895     0.000000            1         1.00
      10.759     0.100000        11905         1.11
      13.183     0.200000        23766         1.25
      15.471     0.300000        35678         1.43
      17.967     0.400000        47559         1.67
      21.007     0.500000        59462         2.00
      22.607     0.550000        65403         2.22
      24.255     0.600000        71298         2.50
      25.791     0.650000        77246         2.86
      27.375     0.700000        83199         3.33
      29.071     0.750000        89125         4.00
      29.983     0.775000        92120         4.44
      30.911     0.800000        95091         5.00
      31.935     0.825000        98049         5.71
      33.151     0.850000       101013         6.67
      34.655     0.875000       103986         8.00
      35.487     0.887500       105480         8.89
      36.383     0.900000       106964        10.00
      37.407     0.912500       108459        11.43
      38.623     0.925000       109929        13.33
      40.127     0.937500       111403        16.00
      41.023     0.943750       112145        17.78
      42.015     0.950000       112897        20.00
      43.167     0.956250       113630        22.86
      44.447     0.962500       114373        26.67
      45.951     0.968750       115105        32.00
      46.751     0.971875       115481        35.56
      47.615     0.975000       115852        40.00
      48.639     0.978125       116224        45.71
      49.855     0.981250       116588        53.33
      51.391     0.984375       116962        64.00
      52.191     0.985938       117153        71.11
      52.959     0.987500       117330        80.00
      53.855     0.989062       117521        91.43
      54.815     0.990625       117702       106.67
      55.967     0.992188       117891       128.00
      56.575     0.992969       117980       142.22
      57.215     0.993750       118077       160.00
      57.823     0.994531       118165       182.86
      58.495     0.995313       118258       213.33
      59.327     0.996094       118350       256.00
      59.839     0.996484       118397       284.44
      60.319     0.996875       118443       320.00
      61.375     0.997266       118492       365.71
      62.815     0.997656       118536       426.67
      64.799     0.998047       118582       512.00
      65.855     0.998242       118606       568.89
      66.751     0.998437       118631       640.00
      67.647     0.998633       118653       731.43
      68.287     0.998828       118679       853.33
      68.927     0.999023       118698      1024.00
      69.375     0.999121       118710      1137.78
      70.207     0.999219       118722      1280.00
      70.655     0.999316       118736      1462.86
      71.039     0.999414       118746      1706.67
      71.679     0.999512       118756      2048.00
      72.319     0.999561       118762      2275.56
      73.023     0.999609       118768      2560.00
      73.535     0.999658       118774      2925.71
      74.111     0.999707       118780      3413.33
      74.687     0.999756       118786      4096.00
      74.815     0.999780       118788      4551.11
      75.519     0.999805       118791      5120.00
      75.903     0.999829       118794      5851.43
      76.159     0.999854       118797      6826.67
      76.607     0.999878       118801      8192.00
      76.607     0.999890       118801      9102.22
      77.055     0.999902       118803     10240.00
      77.119     0.999915       118804     11702.86
      77.503     0.999927       118806     13653.33
      78.015     0.999939       118807     16384.00
      78.335     0.999945       118808     18204.44
      78.847     0.999951       118809     20480.00
      78.847     0.999957       118809     23405.71
      79.871     0.999963       118810     27306.67
      80.639     0.999969       118812     32768.00
      80.639     0.999973       118812     36408.89
      80.639     0.999976       118812     40960.00
      80.639     0.999979       118812     46811.43
      80.639     0.999982       118812     54613.33
      80.831     0.999985       118813     65536.00
      80.831     0.999986       118813     72817.78
      80.831     0.999988       118813     81920.00
      80.831     0.999989       118813     93622.86
      80.831     0.999991       118813    109226.67
      86.079     0.999992       118814    131072.00
      86.079     1.000000       118814          inf
#[Mean    =       22.682, StdDeviation   =       10.444]
#[Max     =       86.016, Total count    =       118814]
#[Buckets =           27, SubBuckets     =         2048]
-----------------------------------------------------------------------
  142359 requests in 1.00m, 22.07MB read
Requests/sec:   2374.60  
Transfer/sec:    377.04KB

=== rps=2600 c=338 t=34 url=http://10.10.1.1:16874 ===
setup: assigned thread_id=1
init: final thread_id=1, base_seed=nil
setup: assigned thread_id=2
init: final thread_id=2, base_seed=nil
setup: assigned thread_id=3
init: final thread_id=3, base_seed=nil
setup: assigned thread_id=4
init: final thread_id=4, base_seed=nil
setup: assigned thread_id=5
init: final thread_id=5, base_seed=nil
setup: assigned thread_id=6
init: final thread_id=6, base_seed=nil
setup: assigned thread_id=7
init: final thread_id=7, base_seed=nil
setup: assigned thread_id=8
init: final thread_id=8, base_seed=nil
setup: assigned thread_id=9
init: final thread_id=9, base_seed=nil
setup: assigned thread_id=10
init: final thread_id=10, base_seed=nil
setup: assigned thread_id=11
init: final thread_id=11, base_seed=nil
setup: assigned thread_id=12
init: final thread_id=12, base_seed=nil
setup: assigned thread_id=13
init: final thread_id=13, base_seed=nil
setup: assigned thread_id=14
init: final thread_id=14, base_seed=nil
setup: assigned thread_id=15
init: final thread_id=15, base_seed=nil
setup: assigned thread_id=16
init: final thread_id=16, base_seed=nil
setup: assigned thread_id=17
init: final thread_id=17, base_seed=nil
setup: assigned thread_id=18
init: final thread_id=18, base_seed=nil
setup: assigned thread_id=19
init: final thread_id=19, base_seed=nil
setup: assigned thread_id=20
init: final thread_id=20, base_seed=nil
setup: assigned thread_id=21
init: final thread_id=21, base_seed=nil
setup: assigned thread_id=22
init: final thread_id=22, base_seed=nil
setup: assigned thread_id=23
init: final thread_id=23, base_seed=nil
setup: assigned thread_id=24
init: final thread_id=24, base_seed=nil
setup: assigned thread_id=25
init: final thread_id=25, base_seed=nil
setup: assigned thread_id=26
init: final thread_id=26, base_seed=nil
setup: assigned thread_id=27
init: final thread_id=27, base_seed=nil
setup: assigned thread_id=28
init: final thread_id=28, base_seed=nil
setup: assigned thread_id=29
init: final thread_id=29, base_seed=nil
setup: assigned thread_id=30
init: final thread_id=30, base_seed=nil
setup: assigned thread_id=31
init: final thread_id=31, base_seed=nil
setup: assigned thread_id=32
init: final thread_id=32, base_seed=nil
setup: assigned thread_id=33
init: final thread_id=33, base_seed=nil
setup: assigned thread_id=34
init: final thread_id=34, base_seed=nil
script_want_response
Running 1m test @ http://10.10.1.1:16874
  34 threads and 338 connections

  Thread calibration: mean lat.: 18.844ms, rate sampling interval: 50ms
  Thread calibration: mean lat.: 22.640ms, rate sampling interval: 77ms
  Thread calibration: mean lat.: 22.992ms, rate sampling interval: 76ms
  Thread calibration: mean lat.: 22.717ms, rate sampling interval: 73ms
  Thread calibration: mean lat.: 21.709ms, rate sampling interval: 71ms
  Thread calibration: mean lat.: 21.150ms, rate sampling interval: 70ms
  Thread calibration: mean lat.: 20.057ms, rate sampling interval: 64ms
  Thread calibration: mean lat.: 18.809ms, rate sampling interval: 45ms
  Thread calibration: mean lat.: 19.117ms, rate sampling interval: 60ms
  Thread calibration: mean lat.: 18.646ms, rate sampling interval: 58ms
  Thread calibration: mean lat.: 18.490ms, rate sampling interval: 56ms
  Thread calibration: mean lat.: 18.526ms, rate sampling interval: 48ms
  Thread calibration: mean lat.: 18.000ms, rate sampling interval: 47ms
  Thread calibration: mean lat.: 17.179ms, rate sampling interval: 47ms
  Thread calibration: mean lat.: 16.449ms, rate sampling interval: 46ms
  Thread calibration: mean lat.: 16.629ms, rate sampling interval: 45ms
  Thread calibration: mean lat.: 16.419ms, rate sampling interval: 45ms
  Thread calibration: mean lat.: 25.881ms, rate sampling interval: 91ms
  Thread calibration: mean lat.: 21.997ms, rate sampling interval: 73ms
  Thread calibration: mean lat.: 23.849ms, rate sampling interval: 75ms
  Thread calibration: mean lat.: 24.886ms, rate sampling interval: 78ms
  Thread calibration: mean lat.: 26.648ms, rate sampling interval: 79ms
  Thread calibration: mean lat.: 27.361ms, rate sampling interval: 77ms
  Thread calibration: mean lat.: 28.109ms, rate sampling interval: 79ms
  Thread calibration: mean lat.: 28.539ms, rate sampling interval: 79ms
  Thread calibration: mean lat.: 28.522ms, rate sampling interval: 78ms
  Thread calibration: mean lat.: 28.043ms, rate sampling interval: 77ms
  Thread calibration: mean lat.: 27.401ms, rate sampling interval: 74ms
  Thread calibration: mean lat.: 27.387ms, rate sampling interval: 75ms
  Thread calibration: mean lat.: 26.444ms, rate sampling interval: 74ms
  Thread calibration: mean lat.: 25.764ms, rate sampling interval: 72ms
  Thread calibration: mean lat.: 25.599ms, rate sampling interval: 71ms
  Thread calibration: mean lat.: 22.733ms, rate sampling interval: 66ms
  Thread calibration: mean lat.: 22.331ms, rate sampling interval: 65ms

-----------------------------------------------------------------------
Test Results @ http://10.10.1.1:16874 
  Thread Stats   Avg      Stdev     99%   +/- Stdev
    Latency    22.72ms   11.31ms  57.18ms   76.74%
    Req/Sec    76.24     59.44   204.00     60.81%
  Latency Distribution (HdrHistogram - Recorded Latency)
 50.000%   20.46ms
 75.000%   27.92ms
 90.000%   36.29ms
 99.000%   57.18ms
 99.900%  108.67ms
 99.990%  178.30ms
 99.999%  194.69ms
100.000%  197.38ms

  Detailed Percentile spectrum:
       Value   Percentile   TotalCount 1/(1-Percentile)

       7.015     0.000000            1         1.00
      11.327     0.100000        12918         1.11
      13.863     0.200000        25819         1.25
      16.071     0.300000        38721         1.43
      18.255     0.400000        51621         1.67
      20.463     0.500000        64542         2.00
      21.647     0.550000        70937         2.22
      22.959     0.600000        77415         2.50
      24.399     0.650000        83851         2.86
      25.999     0.700000        90279         3.33
      27.919     0.750000        96741         4.00
      28.975     0.775000        99973         4.44
      30.159     0.800000       103206         5.00
      31.423     0.825000       106394         5.71
      32.799     0.850000       109627         6.67
      34.367     0.875000       112875         8.00
      35.295     0.887500       114483         8.89
      36.287     0.900000       116080        10.00
      37.439     0.912500       117682        11.43
      38.879     0.925000       119315        13.33
      40.511     0.937500       120903        16.00
      41.535     0.943750       121734        17.78
      42.591     0.950000       122524        20.00
      43.647     0.956250       123325        22.86
      44.959     0.962500       124138        26.67
      46.559     0.968750       124936        32.00
      47.519     0.971875       125335        35.56
      48.735     0.975000       125748        40.00
      50.079     0.978125       126145        45.71
      51.487     0.981250       126547        53.33
      53.087     0.984375       126949        64.00
      53.951     0.985938       127154        71.11
      54.975     0.987500       127350        80.00
      56.255     0.989062       127558        91.43
      57.887     0.990625       127753       106.67
      59.455     0.992188       127956       128.00
      60.703     0.992969       128057       142.22
      62.463     0.993750       128156       160.00
      64.383     0.994531       128262       182.86
      66.751     0.995313       128358       213.33
      70.207     0.996094       128459       256.00
      73.471     0.996484       128509       284.44
      76.543     0.996875       128560       320.00
      79.679     0.997266       128610       365.71
      85.951     0.997656       128660       426.67
      89.919     0.998047       128711       512.00
      96.383     0.998242       128736       568.89
      99.583     0.998437       128762       640.00
     101.695     0.998633       128786       731.43
     104.511     0.998828       128811       853.33
     109.247     0.999023       128837      1024.00
     111.871     0.999121       128849      1137.78
     113.151     0.999219       128862      1280.00
     121.855     0.999316       128874      1462.86
     139.903     0.999414       128888      1706.67
     147.967     0.999512       128900      2048.00
     155.007     0.999561       128907      2275.56
     158.207     0.999609       128912      2560.00
     160.511     0.999658       128918      2925.71
     168.575     0.999707       128925      3413.33
     169.599     0.999756       128931      4096.00
     170.367     0.999780       128935      4551.11
     170.623     0.999805       128938      5120.00
     171.775     0.999829       128940      5851.43
     174.719     0.999854       128944      6826.67
     176.255     0.999878       128947      8192.00
     177.663     0.999890       128948      9102.22
     179.839     0.999902       128950     10240.00
     179.967     0.999915       128951     11702.86
     185.983     0.999927       128953     13653.33
     186.495     0.999939       128955     16384.00
     186.495     0.999945       128955     18204.44
     186.751     0.999951       128956     20480.00
     188.415     0.999957       128957     23405.71
     189.439     0.999963       128958     27306.67
     189.567     0.999969       128959     32768.00
     189.567     0.999973       128959     36408.89
     189.567     0.999976       128959     40960.00
     190.079     0.999979       128960     46811.43
     190.079     0.999982       128960     54613.33
     194.687     0.999985       128961     65536.00
     194.687     0.999986       128961     72817.78
     194.687     0.999988       128961     81920.00
     194.687     0.999989       128961     93622.86
     194.687     0.999991       128961    109226.67
     197.375     0.999992       128962    131072.00
     197.375     1.000000       128962          inf
#[Mean    =       22.722, StdDeviation   =       11.314]
#[Max     =      197.248, Total count    =       128962]
#[Buckets =           27, SubBuckets     =         2048]
-----------------------------------------------------------------------
  154417 requests in 1.00m, 23.94MB read
Requests/sec:   2576.50  
Transfer/sec:    409.07KB

=== rps=2800 c=392 t=40 url=http://10.10.1.1:16874 ===
setup: assigned thread_id=1
init: final thread_id=1, base_seed=nil
setup: assigned thread_id=2
init: final thread_id=2, base_seed=nil
setup: assigned thread_id=3
init: final thread_id=3, base_seed=nil
setup: assigned thread_id=4
init: final thread_id=4, base_seed=nil
setup: assigned thread_id=5
init: final thread_id=5, base_seed=nil
setup: assigned thread_id=6
init: final thread_id=6, base_seed=nil
setup: assigned thread_id=7
init: final thread_id=7, base_seed=nil
setup: assigned thread_id=8
init: final thread_id=8, base_seed=nil
setup: assigned thread_id=9
init: final thread_id=9, base_seed=nil
setup: assigned thread_id=10
init: final thread_id=10, base_seed=nil
setup: assigned thread_id=11
init: final thread_id=11, base_seed=nil
setup: assigned thread_id=12
init: final thread_id=12, base_seed=nil
setup: assigned thread_id=13
init: final thread_id=13, base_seed=nil
setup: assigned thread_id=14
init: final thread_id=14, base_seed=nil
setup: assigned thread_id=15
init: final thread_id=15, base_seed=nil
setup: assigned thread_id=16
init: final thread_id=16, base_seed=nil
setup: assigned thread_id=17
init: final thread_id=17, base_seed=nil
setup: assigned thread_id=18
init: final thread_id=18, base_seed=nil
setup: assigned thread_id=19
init: final thread_id=19, base_seed=nil
setup: assigned thread_id=20
init: final thread_id=20, base_seed=nil
setup: assigned thread_id=21
init: final thread_id=21, base_seed=nil
setup: assigned thread_id=22
init: final thread_id=22, base_seed=nil
setup: assigned thread_id=23
init: final thread_id=23, base_seed=nil
setup: assigned thread_id=24
init: final thread_id=24, base_seed=nil
setup: assigned thread_id=25
init: final thread_id=25, base_seed=nil
setup: assigned thread_id=26
init: final thread_id=26, base_seed=nil
setup: assigned thread_id=27
init: final thread_id=27, base_seed=nil
setup: assigned thread_id=28
init: final thread_id=28, base_seed=nil
setup: assigned thread_id=29
init: final thread_id=29, base_seed=nil
setup: assigned thread_id=30
init: final thread_id=30, base_seed=nil
setup: assigned thread_id=31
init: final thread_id=31, base_seed=nil
setup: assigned thread_id=32
init: final thread_id=32, base_seed=nil
setup: assigned thread_id=33
init: final thread_id=33, base_seed=nil
setup: assigned thread_id=34
init: final thread_id=34, base_seed=nil
setup: assigned thread_id=35
init: final thread_id=35, base_seed=nil
setup: assigned thread_id=36
init: final thread_id=36, base_seed=nil
setup: assigned thread_id=37
init: final thread_id=37, base_seed=nil
setup: assigned thread_id=38
init: final thread_id=38, base_seed=nil
setup: assigned thread_id=39
init: final thread_id=39, base_seed=nil
setup: assigned thread_id=40
init: final thread_id=40, base_seed=nil
script_want_response
Running 1m test @ http://10.10.1.1:16874
  40 threads and 392 connections

  Thread calibration: mean lat.: 37.841ms, rate sampling interval: 98ms
  Thread calibration: mean lat.: 37.283ms, rate sampling interval: 98ms
  Thread calibration: mean lat.: 37.222ms, rate sampling interval: 97ms
  Thread calibration: mean lat.: 37.347ms, rate sampling interval: 98ms
  Thread calibration: mean lat.: 36.803ms, rate sampling interval: 98ms
  Thread calibration: mean lat.: 36.651ms, rate sampling interval: 99ms
  Thread calibration: mean lat.: 36.494ms, rate sampling interval: 98ms
  Thread calibration: mean lat.: 36.598ms, rate sampling interval: 99ms
  Thread calibration: mean lat.: 36.725ms, rate sampling interval: 100ms
  Thread calibration: mean lat.: 36.565ms, rate sampling interval: 101ms
  Thread calibration: mean lat.: 30.346ms, rate sampling interval: 93ms
  Thread calibration: mean lat.: 26.805ms, rate sampling interval: 89ms
  Thread calibration: mean lat.: 26.753ms, rate sampling interval: 88ms
  Thread calibration: mean lat.: 24.554ms, rate sampling interval: 84ms
  Thread calibration: mean lat.: 22.436ms, rate sampling interval: 78ms
  Thread calibration: mean lat.: 20.899ms, rate sampling interval: 75ms
  Thread calibration: mean lat.: 28.269ms, rate sampling interval: 84ms
  Thread calibration: mean lat.: 30.130ms, rate sampling interval: 85ms
  Thread calibration: mean lat.: 30.601ms, rate sampling interval: 85ms
  Thread calibration: mean lat.: 31.835ms, rate sampling interval: 85ms
  Thread calibration: mean lat.: 32.732ms, rate sampling interval: 86ms
  Thread calibration: mean lat.: 32.870ms, rate sampling interval: 85ms
  Thread calibration: mean lat.: 35.854ms, rate sampling interval: 113ms
  Thread calibration: mean lat.: 39.854ms, rate sampling interval: 125ms
  Thread calibration: mean lat.: 40.348ms, rate sampling interval: 128ms
  Thread calibration: mean lat.: 41.633ms, rate sampling interval: 130ms
  Thread calibration: mean lat.: 45.791ms, rate sampling interval: 134ms
  Thread calibration: mean lat.: 45.727ms, rate sampling interval: 134ms
  Thread calibration: mean lat.: 48.041ms, rate sampling interval: 135ms
  Thread calibration: mean lat.: 50.072ms, rate sampling interval: 132ms
  Thread calibration: mean lat.: 49.710ms, rate sampling interval: 130ms
  Thread calibration: mean lat.: 48.914ms, rate sampling interval: 128ms
  Thread calibration: mean lat.: 48.490ms, rate sampling interval: 126ms
  Thread calibration: mean lat.: 47.848ms, rate sampling interval: 124ms
  Thread calibration: mean lat.: 47.273ms, rate sampling interval: 121ms
  Thread calibration: mean lat.: 46.955ms, rate sampling interval: 118ms
  Thread calibration: mean lat.: 46.402ms, rate sampling interval: 117ms
  Thread calibration: mean lat.: 46.097ms, rate sampling interval: 117ms
  Thread calibration: mean lat.: 45.877ms, rate sampling interval: 116ms
  Thread calibration: mean lat.: 38.235ms, rate sampling interval: 101ms

-----------------------------------------------------------------------
Test Results @ http://10.10.1.1:16874 
  Thread Stats   Avg      Stdev     99%   +/- Stdev
    Latency    34.72ms   16.18ms  81.47ms   66.03%
    Req/Sec    69.90     31.94   120.00     68.30%
  Latency Distribution (HdrHistogram - Recorded Latency)
 50.000%   33.28ms
 75.000%   44.13ms
 90.000%   56.86ms
 99.000%   81.47ms
 99.900%  102.40ms
 99.990%  111.17ms
 99.999%  114.75ms
100.000%  115.26ms

  Detailed Percentile spectrum:
       Value   Percentile   TotalCount 1/(1-Percentile)

       7.723     0.000000            1         1.00
      14.983     0.100000        13985         1.11
      19.519     0.200000        27956         1.25
      24.463     0.300000        41947         1.43
      29.263     0.400000        55960         1.67
      33.279     0.500000        69949         2.00
      35.167     0.550000        76926         2.22
      37.151     0.600000        83964         2.50
      39.199     0.650000        90938         2.86
      41.407     0.700000        97890         3.33
      44.127     0.750000       104843         4.00
      45.759     0.775000       108371         4.44
      47.583     0.800000       111837         5.00
      49.727     0.825000       115375         5.71
      51.935     0.850000       118858         6.67
      54.303     0.875000       122310         8.00
      55.583     0.887500       124052         8.89
      56.863     0.900000       125805        10.00
      58.239     0.912500       127572        11.43
      59.743     0.925000       129317        13.33
      61.407     0.937500       131042        16.00
      62.399     0.943750       131912        17.78
      63.487     0.950000       132808        20.00
      64.703     0.956250       133671        22.86
      66.239     0.962500       134569        26.67
      67.903     0.968750       135419        32.00
      69.119     0.971875       135840        35.56
      70.527     0.975000       136288        40.00
      72.063     0.978125       136717        45.71
      73.983     0.981250       137151        53.33
      76.223     0.984375       137597        64.00
      77.567     0.985938       137817        71.11
      78.783     0.987500       138026        80.00
      80.447     0.989062       138251        91.43
      82.111     0.990625       138461       106.67
      84.351     0.992188       138680       128.00
      85.503     0.992969       138792       142.22
      86.655     0.993750       138901       160.00
      88.319     0.994531       139009       182.86
      90.239     0.995313       139120       213.33
      91.903     0.996094       139230       256.00
      92.991     0.996484       139280       284.44
      94.015     0.996875       139335       320.00
      95.231     0.997266       139390       365.71
      96.831     0.997656       139444       426.67
      98.751     0.998047       139499       512.00
      99.519     0.998242       139526       568.89
     100.223     0.998437       139555       640.00
     101.055     0.998633       139583       731.43
     101.887     0.998828       139608       853.33
     102.655     0.999023       139637      1024.00
     103.359     0.999121       139652      1137.78
     103.999     0.999219       139663      1280.00
     104.831     0.999316       139677      1462.86
     105.919     0.999414       139691      1706.67
     107.135     0.999512       139703      2048.00
     107.775     0.999561       139710      2275.56
     108.095     0.999609       139717      2560.00
     108.607     0.999658       139724      2925.71
     109.503     0.999707       139731      3413.33
     109.823     0.999756       139737      4096.00
     110.015     0.999780       139741      4551.11
     110.463     0.999805       139744      5120.00
     110.655     0.999829       139748      5851.43
     110.847     0.999854       139752      6826.67
     110.975     0.999878       139754      8192.00
     111.167     0.999890       139757      9102.22
     111.231     0.999902       139758     10240.00
     111.423     0.999915       139760     11702.86
     111.551     0.999927       139762     13653.33
     111.615     0.999939       139763     16384.00
     111.679     0.999945       139764     18204.44
     111.807     0.999951       139766     20480.00
     111.807     0.999957       139766     23405.71
     111.807     0.999963       139766     27306.67
     112.063     0.999969       139767     32768.00
     112.575     0.999973       139768     36408.89
     112.575     0.999976       139768     40960.00
     113.023     0.999979       139769     46811.43
     113.023     0.999982       139769     54613.33
     113.023     0.999985       139769     65536.00
     114.751     0.999986       139770     72817.78
     114.751     0.999988       139770     81920.00
     114.751     0.999989       139770     93622.86
     114.751     0.999991       139770    109226.67
     114.751     0.999992       139770    131072.00
     115.263     0.999993       139771    145635.56
     115.263     1.000000       139771          inf
#[Mean    =       34.724, StdDeviation   =       16.179]
#[Max     =      115.200, Total count    =       139771]
#[Buckets =           27, SubBuckets     =         2048]
-----------------------------------------------------------------------
  167429 requests in 1.00m, 25.96MB read
Requests/sec:   2793.10  
Transfer/sec:    443.54KB

=== rps=3000 c=450 t=45 url=http://10.10.1.1:16874 ===
setup: assigned thread_id=1
init: final thread_id=1, base_seed=nil
setup: assigned thread_id=2
init: final thread_id=2, base_seed=nil
setup: assigned thread_id=3
init: final thread_id=3, base_seed=nil
setup: assigned thread_id=4
init: final thread_id=4, base_seed=nil
setup: assigned thread_id=5
init: final thread_id=5, base_seed=nil
setup: assigned thread_id=6
init: final thread_id=6, base_seed=nil
setup: assigned thread_id=7
init: final thread_id=7, base_seed=nil
setup: assigned thread_id=8
init: final thread_id=8, base_seed=nil
setup: assigned thread_id=9
init: final thread_id=9, base_seed=nil
setup: assigned thread_id=10
init: final thread_id=10, base_seed=nil
setup: assigned thread_id=11
init: final thread_id=11, base_seed=nil
setup: assigned thread_id=12
init: final thread_id=12, base_seed=nil
setup: assigned thread_id=13
init: final thread_id=13, base_seed=nil
setup: assigned thread_id=14
init: final thread_id=14, base_seed=nil
setup: assigned thread_id=15
init: final thread_id=15, base_seed=nil
setup: assigned thread_id=16
init: final thread_id=16, base_seed=nil
setup: assigned thread_id=17
init: final thread_id=17, base_seed=nil
setup: assigned thread_id=18
init: final thread_id=18, base_seed=nil
setup: assigned thread_id=19
init: final thread_id=19, base_seed=nil
setup: assigned thread_id=20
init: final thread_id=20, base_seed=nil
setup: assigned thread_id=21
init: final thread_id=21, base_seed=nil
setup: assigned thread_id=22
init: final thread_id=22, base_seed=nil
setup: assigned thread_id=23
init: final thread_id=23, base_seed=nil
setup: assigned thread_id=24
init: final thread_id=24, base_seed=nil
setup: assigned thread_id=25
init: final thread_id=25, base_seed=nil
setup: assigned thread_id=26
init: final thread_id=26, base_seed=nil
setup: assigned thread_id=27
init: final thread_id=27, base_seed=nil
setup: assigned thread_id=28
init: final thread_id=28, base_seed=nil
setup: assigned thread_id=29
init: final thread_id=29, base_seed=nil
setup: assigned thread_id=30
init: final thread_id=30, base_seed=nil
setup: assigned thread_id=31
init: final thread_id=31, base_seed=nil
setup: assigned thread_id=32
init: final thread_id=32, base_seed=nil
setup: assigned thread_id=33
init: final thread_id=33, base_seed=nil
setup: assigned thread_id=34
init: final thread_id=34, base_seed=nil
setup: assigned thread_id=35
init: final thread_id=35, base_seed=nil
setup: assigned thread_id=36
init: final thread_id=36, base_seed=nil
setup: assigned thread_id=37
init: final thread_id=37, base_seed=nil
setup: assigned thread_id=38
init: final thread_id=38, base_seed=nil
setup: assigned thread_id=39
init: final thread_id=39, base_seed=nil
setup: assigned thread_id=40
init: final thread_id=40, base_seed=nil
setup: assigned thread_id=41
init: final thread_id=41, base_seed=nil
setup: assigned thread_id=42
init: final thread_id=42, base_seed=nil
setup: assigned thread_id=43
init: final thread_id=43, base_seed=nil
setup: assigned thread_id=44
init: final thread_id=44, base_seed=nil
setup: assigned thread_id=45
init: final thread_id=45, base_seed=nil
script_want_response
Running 1m test @ http://10.10.1.1:16874
  45 threads and 450 connections

  Thread calibration: mean lat.: 79.080ms, rate sampling interval: 201ms
  Thread calibration: mean lat.: 81.842ms, rate sampling interval: 207ms
  Thread calibration: mean lat.: 78.324ms, rate sampling interval: 203ms
  Thread calibration: mean lat.: 76.303ms, rate sampling interval: 201ms
  Thread calibration: mean lat.: 72.767ms, rate sampling interval: 204ms
  Thread calibration: mean lat.: 68.536ms, rate sampling interval: 196ms
  Thread calibration: mean lat.: 69.925ms, rate sampling interval: 197ms
  Thread calibration: mean lat.: 69.970ms, rate sampling interval: 199ms
  Thread calibration: mean lat.: 62.649ms, rate sampling interval: 175ms
  Thread calibration: mean lat.: 59.750ms, rate sampling interval: 167ms
  Thread calibration: mean lat.: 48.033ms, rate sampling interval: 149ms
  Thread calibration: mean lat.: 43.757ms, rate sampling interval: 142ms
  Thread calibration: mean lat.: 43.290ms, rate sampling interval: 142ms
  Thread calibration: mean lat.: 42.106ms, rate sampling interval: 141ms
  Thread calibration: mean lat.: 43.243ms, rate sampling interval: 141ms
  Thread calibration: mean lat.: 43.160ms, rate sampling interval: 137ms
  Thread calibration: mean lat.: 44.122ms, rate sampling interval: 139ms
  Thread calibration: mean lat.: 43.693ms, rate sampling interval: 137ms
  Thread calibration: mean lat.: 44.232ms, rate sampling interval: 138ms
  Thread calibration: mean lat.: 43.753ms, rate sampling interval: 141ms
  Thread calibration: mean lat.: 43.914ms, rate sampling interval: 144ms
  Thread calibration: mean lat.: 44.015ms, rate sampling interval: 142ms
  Thread calibration: mean lat.: 44.209ms, rate sampling interval: 146ms
  Thread calibration: mean lat.: 43.566ms, rate sampling interval: 147ms
  Thread calibration: mean lat.: 44.300ms, rate sampling interval: 167ms
  Thread calibration: mean lat.: 45.691ms, rate sampling interval: 186ms
  Thread calibration: mean lat.: 45.743ms, rate sampling interval: 186ms
  Thread calibration: mean lat.: 46.108ms, rate sampling interval: 193ms
  Thread calibration: mean lat.: 59.934ms, rate sampling interval: 198ms
  Thread calibration: mean lat.: 63.074ms, rate sampling interval: 199ms
  Thread calibration: mean lat.: 65.418ms, rate sampling interval: 198ms
  Thread calibration: mean lat.: 66.427ms, rate sampling interval: 197ms
  Thread calibration: mean lat.: 68.488ms, rate sampling interval: 196ms
  Thread calibration: mean lat.: 70.108ms, rate sampling interval: 195ms
  Thread calibration: mean lat.: 70.003ms, rate sampling interval: 192ms
  Thread calibration: mean lat.: 71.371ms, rate sampling interval: 191ms
  Thread calibration: mean lat.: 72.165ms, rate sampling interval: 188ms
  Thread calibration: mean lat.: 73.183ms, rate sampling interval: 189ms
  Thread calibration: mean lat.: 72.417ms, rate sampling interval: 186ms
  Thread calibration: mean lat.: 74.251ms, rate sampling interval: 189ms
  Thread calibration: mean lat.: 74.226ms, rate sampling interval: 193ms
  Thread calibration: mean lat.: 76.992ms, rate sampling interval: 196ms
  Thread calibration: mean lat.: 77.280ms, rate sampling interval: 197ms
  Thread calibration: mean lat.: 81.324ms, rate sampling interval: 205ms
  Thread calibration: mean lat.: 84.129ms, rate sampling interval: 205ms

-----------------------------------------------------------------------
Test Results @ http://10.10.1.1:16874 
  Thread Stats   Avg      Stdev     99%   +/- Stdev
    Latency    56.77ms   33.52ms 158.46ms   71.92%
    Req/Sec    65.70     18.03   106.00     81.48%
  Latency Distribution (HdrHistogram - Recorded Latency)
 50.000%   49.25ms
 75.000%   74.37ms
 90.000%  107.01ms
 99.000%  158.46ms
 99.900%  178.69ms
 99.990%  206.98ms
 99.999%  222.85ms
100.000%  225.02ms

  Detailed Percentile spectrum:
       Value   Percentile   TotalCount 1/(1-Percentile)

       8.719     0.000000            1         1.00
      20.287     0.100000        14861         1.11
      27.535     0.200000        29671         1.25
      35.007     0.300000        44527         1.43
      41.823     0.400000        59381         1.67
      49.247     0.500000        74198         2.00
      53.695     0.550000        81590         2.22
      58.527     0.600000        89017         2.50
      63.999     0.650000        96431         2.86
      69.119     0.700000       103876         3.33
      74.367     0.750000       111270         4.00
      77.119     0.775000       114986         4.44
      80.191     0.800000       118693         5.00
      83.775     0.825000       122363         5.71
      88.063     0.850000       126088         6.67
      94.335     0.875000       129755         8.00
      99.263     0.887500       131618         8.89
     107.007     0.900000       133471        10.00
     111.935     0.912500       135312        11.43
     117.311     0.925000       137173        13.33
     122.303     0.937500       139031        16.00
     124.991     0.943750       139956        17.78
     127.935     0.950000       140880        20.00
     130.879     0.956250       141818        22.86
     133.759     0.962500       142753        26.67
     136.959     0.968750       143657        32.00
     138.751     0.971875       144148        35.56
     140.543     0.975000       144597        40.00
     142.975     0.978125       145065        45.71
     145.791     0.981250       145523        53.33
     148.735     0.984375       145973        64.00
     151.039     0.985938       146208        71.11
     153.855     0.987500       146447        80.00
     156.543     0.989062       146664        91.43
     159.231     0.990625       146901       106.67
     161.151     0.992188       147132       128.00
     162.303     0.992969       147255       142.22
     163.711     0.993750       147366       160.00
     164.991     0.994531       147475       182.86
     166.399     0.995313       147590       213.33
     168.063     0.996094       147707       256.00
     168.831     0.996484       147766       284.44
     169.599     0.996875       147832       320.00
     170.623     0.997266       147886       365.71
     171.775     0.997656       147943       426.67
     172.927     0.998047       148001       512.00
     174.207     0.998242       148025       568.89
     175.871     0.998437       148054       640.00
     176.767     0.998633       148085       731.43
     177.663     0.998828       148116       853.33
     178.815     0.999023       148141      1024.00
     179.711     0.999121       148155      1137.78
     181.503     0.999219       148170      1280.00
     183.167     0.999316       148184      1462.86
     184.319     0.999414       148199      1706.67
     184.831     0.999512       148213      2048.00
     185.343     0.999561       148224      2275.56
     185.599     0.999609       148230      2560.00
     185.983     0.999658       148235      2925.71
     186.879     0.999707       148242      3413.33
     189.439     0.999756       148249      4096.00
     196.991     0.999780       148253      4551.11
     198.783     0.999805       148257      5120.00
     200.191     0.999829       148260      5851.43
     203.775     0.999854       148264      6826.67
     206.335     0.999878       148267      8192.00
     206.719     0.999890       148269      9102.22
     207.999     0.999902       148271     10240.00
     209.151     0.999915       148273     11702.86
     209.535     0.999927       148275     13653.33
     209.663     0.999939       148276     16384.00
     210.559     0.999945       148277     18204.44
     210.943     0.999951       148278     20480.00
     212.479     0.999957       148279     23405.71
     213.247     0.999963       148280     27306.67
     214.015     0.999969       148281     32768.00
     214.015     0.999973       148281     36408.89
     217.215     0.999976       148282     40960.00
     217.215     0.999979       148282     46811.43
     222.335     0.999982       148283     54613.33
     222.335     0.999985       148283     65536.00
     222.335     0.999986       148283     72817.78
     222.847     0.999988       148284     81920.00
     222.847     0.999989       148284     93622.86
     222.847     0.999991       148284    109226.67
     222.847     0.999992       148284    131072.00
     222.847     0.999993       148284    145635.56
     225.023     0.999994       148285    163840.00
     225.023     1.000000       148285          inf
#[Mean    =       56.767, StdDeviation   =       33.517]
#[Max     =      224.896, Total count    =       148285]
#[Buckets =           27, SubBuckets     =         2048]
-----------------------------------------------------------------------
  177564 requests in 1.00m, 27.53MB read
Requests/sec:   2961.68  
Transfer/sec:    470.18KB

=== rps=3200 c=512 t=52 url=http://10.10.1.1:16874 ===
setup: assigned thread_id=1
init: final thread_id=1, base_seed=nil
setup: assigned thread_id=2
init: final thread_id=2, base_seed=nil
setup: assigned thread_id=3
init: final thread_id=3, base_seed=nil
setup: assigned thread_id=4
init: final thread_id=4, base_seed=nil
setup: assigned thread_id=5
init: final thread_id=5, base_seed=nil
setup: assigned thread_id=6
init: final thread_id=6, base_seed=nil
setup: assigned thread_id=7
init: final thread_id=7, base_seed=nil
setup: assigned thread_id=8
init: final thread_id=8, base_seed=nil
setup: assigned thread_id=9
init: final thread_id=9, base_seed=nil
setup: assigned thread_id=10
init: final thread_id=10, base_seed=nil
setup: assigned thread_id=11
init: final thread_id=11, base_seed=nil
setup: assigned thread_id=12
init: final thread_id=12, base_seed=nil
setup: assigned thread_id=13
init: final thread_id=13, base_seed=nil
setup: assigned thread_id=14
init: final thread_id=14, base_seed=nil
setup: assigned thread_id=15
init: final thread_id=15, base_seed=nil
setup: assigned thread_id=16
init: final thread_id=16, base_seed=nil
setup: assigned thread_id=17
init: final thread_id=17, base_seed=nil
setup: assigned thread_id=18
init: final thread_id=18, base_seed=nil
setup: assigned thread_id=19
init: final thread_id=19, base_seed=nil
setup: assigned thread_id=20
init: final thread_id=20, base_seed=nil
setup: assigned thread_id=21
init: final thread_id=21, base_seed=nil
setup: assigned thread_id=22
init: final thread_id=22, base_seed=nil
setup: assigned thread_id=23
init: final thread_id=23, base_seed=nil
setup: assigned thread_id=24
init: final thread_id=24, base_seed=nil
setup: assigned thread_id=25
init: final thread_id=25, base_seed=nil
setup: assigned thread_id=26
init: final thread_id=26, base_seed=nil
setup: assigned thread_id=27
init: final thread_id=27, base_seed=nil
setup: assigned thread_id=28
init: final thread_id=28, base_seed=nil
setup: assigned thread_id=29
init: final thread_id=29, base_seed=nil
setup: assigned thread_id=30
init: final thread_id=30, base_seed=nil
setup: assigned thread_id=31
init: final thread_id=31, base_seed=nil
setup: assigned thread_id=32
init: final thread_id=32, base_seed=nil
setup: assigned thread_id=33
init: final thread_id=33, base_seed=nil
setup: assigned thread_id=34
init: final thread_id=34, base_seed=nil
setup: assigned thread_id=35
init: final thread_id=35, base_seed=nil
setup: assigned thread_id=36
init: final thread_id=36, base_seed=nil
setup: assigned thread_id=37
init: final thread_id=37, base_seed=nil
setup: assigned thread_id=38
init: final thread_id=38, base_seed=nil
setup: assigned thread_id=39
init: final thread_id=39, base_seed=nil
setup: assigned thread_id=40
init: final thread_id=40, base_seed=nil
setup: assigned thread_id=41
init: final thread_id=41, base_seed=nil
setup: assigned thread_id=42
init: final thread_id=42, base_seed=nil
setup: assigned thread_id=43
init: final thread_id=43, base_seed=nil
setup: assigned thread_id=44
init: final thread_id=44, base_seed=nil
setup: assigned thread_id=45
init: final thread_id=45, base_seed=nil
setup: assigned thread_id=46
init: final thread_id=46, base_seed=nil
setup: assigned thread_id=47
init: final thread_id=47, base_seed=nil
setup: assigned thread_id=48
init: final thread_id=48, base_seed=nil
setup: assigned thread_id=49
init: final thread_id=49, base_seed=nil
setup: assigned thread_id=50
init: final thread_id=50, base_seed=nil
setup: assigned thread_id=51
init: final thread_id=51, base_seed=nil
setup: assigned thread_id=52
init: final thread_id=52, base_seed=nil
script_want_response
Running 1m test @ http://10.10.1.1:16874
  52 threads and 512 connections

  Thread calibration: mean lat.: 131.303ms, rate sampling interval: 379ms
  Thread calibration: mean lat.: 130.808ms, rate sampling interval: 367ms
  Thread calibration: mean lat.: 129.389ms, rate sampling interval: 359ms
  Thread calibration: mean lat.: 130.316ms, rate sampling interval: 359ms
  Thread calibration: mean lat.: 134.736ms, rate sampling interval: 409ms
  Thread calibration: mean lat.: 144.483ms, rate sampling interval: 437ms
  Thread calibration: mean lat.: 143.013ms, rate sampling interval: 447ms
  Thread calibration: mean lat.: 142.937ms, rate sampling interval: 425ms
  Thread calibration: mean lat.: 133.792ms, rate sampling interval: 394ms
  Thread calibration: mean lat.: 144.644ms, rate sampling interval: 451ms
  Thread calibration: mean lat.: 143.356ms, rate sampling interval: 446ms
  Thread calibration: mean lat.: 126.498ms, rate sampling interval: 381ms
  Thread calibration: mean lat.: 134.370ms, rate sampling interval: 404ms
  Thread calibration: mean lat.: 125.486ms, rate sampling interval: 382ms
  Thread calibration: mean lat.: 116.993ms, rate sampling interval: 354ms
  Thread calibration: mean lat.: 116.394ms, rate sampling interval: 344ms
  Thread calibration: mean lat.: 108.738ms, rate sampling interval: 311ms
  Thread calibration: mean lat.: 110.596ms, rate sampling interval: 351ms
  Thread calibration: mean lat.: 106.462ms, rate sampling interval: 301ms
  Thread calibration: mean lat.: 106.712ms, rate sampling interval: 306ms
  Thread calibration: mean lat.: 105.468ms, rate sampling interval: 303ms
  Thread calibration: mean lat.: 107.914ms, rate sampling interval: 321ms
  Thread calibration: mean lat.: 108.288ms, rate sampling interval: 329ms
  Thread calibration: mean lat.: 105.928ms, rate sampling interval: 310ms
  Thread calibration: mean lat.: 115.194ms, rate sampling interval: 355ms
  Thread calibration: mean lat.: 115.057ms, rate sampling interval: 339ms
  Thread calibration: mean lat.: 113.622ms, rate sampling interval: 329ms
  Thread calibration: mean lat.: 129.767ms, rate sampling interval: 407ms
  Thread calibration: mean lat.: 116.264ms, rate sampling interval: 323ms
  Thread calibration: mean lat.: 119.019ms, rate sampling interval: 330ms
  Thread calibration: mean lat.: 123.335ms, rate sampling interval: 327ms
  Thread calibration: mean lat.: 125.639ms, rate sampling interval: 338ms
  Thread calibration: mean lat.: 128.466ms, rate sampling interval: 390ms
  Thread calibration: mean lat.: 128.981ms, rate sampling interval: 368ms
  Thread calibration: mean lat.: 124.098ms, rate sampling interval: 334ms
  Thread calibration: mean lat.: 124.014ms, rate sampling interval: 349ms
  Thread calibration: mean lat.: 125.854ms, rate sampling interval: 378ms
  Thread calibration: mean lat.: 131.616ms, rate sampling interval: 394ms
  Thread calibration: mean lat.: 121.623ms, rate sampling interval: 324ms
  Thread calibration: mean lat.: 123.592ms, rate sampling interval: 355ms
  Thread calibration: mean lat.: 126.208ms, rate sampling interval: 384ms
  Thread calibration: mean lat.: 124.193ms, rate sampling interval: 367ms
  Thread calibration: mean lat.: 126.702ms, rate sampling interval: 383ms
  Thread calibration: mean lat.: 125.654ms, rate sampling interval: 379ms
  Thread calibration: mean lat.: 133.179ms, rate sampling interval: 398ms
  Thread calibration: mean lat.: 126.732ms, rate sampling interval: 375ms
  Thread calibration: mean lat.: 132.909ms, rate sampling interval: 390ms
  Thread calibration: mean lat.: 128.166ms, rate sampling interval: 375ms
  Thread calibration: mean lat.: 132.928ms, rate sampling interval: 396ms
  Thread calibration: mean lat.: 136.061ms, rate sampling interval: 404ms
  Thread calibration: mean lat.: 133.693ms, rate sampling interval: 392ms
  Thread calibration: mean lat.: 146.379ms, rate sampling interval: 434ms

-----------------------------------------------------------------------
Test Results @ http://10.10.1.1:16874 
  Thread Stats   Avg      Stdev     99%   +/- Stdev
    Latency    79.09ms   46.49ms 181.63ms   62.37%
    Req/Sec    60.63      9.63    83.00     70.25%
  Latency Distribution (HdrHistogram - Recorded Latency)
 50.000%   71.29ms
 75.000%  114.62ms
 90.000%  147.58ms
 99.000%  181.63ms
 99.900%  231.29ms
 99.990%  239.49ms
 99.999%  242.30ms
100.000%  244.10ms

  Detailed Percentile spectrum:
       Value   Percentile   TotalCount 1/(1-Percentile)

       8.367     0.000000            1         1.00
      22.111     0.100000        15862         1.11
      34.239     0.200000        31681         1.25
      45.631     0.300000        47540         1.43
      56.959     0.400000        63365         1.67
      71.295     0.500000        79226         2.00
      79.487     0.550000        87181         2.22
      88.127     0.600000        95074         2.50
      97.215     0.650000       103009         2.86
     106.047     0.700000       110899         3.33
     114.623     0.750000       118799         4.00
     118.911     0.775000       122797         4.44
     123.583     0.800000       126718         5.00
     128.895     0.825000       130689         5.71
     134.655     0.850000       134655         6.67
     141.055     0.875000       138651         8.00
     144.127     0.887500       140604         8.89
     147.583     0.900000       142555        10.00
     150.655     0.912500       144546        11.43
     154.111     0.925000       146519        13.33
     158.079     0.937500       148543        16.00
     160.127     0.943750       149509        17.78
     162.559     0.950000       150510        20.00
     164.991     0.956250       151488        22.86
     167.423     0.962500       152460        26.67
     170.111     0.968750       153467        32.00
     171.391     0.971875       153941        35.56
     172.927     0.975000       154467        40.00
     174.463     0.978125       154948        45.71
     176.127     0.981250       155448        53.33
     177.791     0.984375       155942        64.00
     178.815     0.985938       156190        71.11
     179.839     0.987500       156430        80.00
     180.863     0.989062       156669        91.43
     182.143     0.990625       156924       106.67
     184.063     0.992188       157166       128.00
     185.087     0.992969       157290       142.22
     186.111     0.993750       157409       160.00
     187.647     0.994531       157529       182.86
     189.055     0.995313       157658       213.33
     190.975     0.996094       157777       256.00
     192.127     0.996484       157840       284.44
     193.791     0.996875       157900       320.00
     195.327     0.997266       157963       365.71
     200.191     0.997656       158023       426.67
     212.095     0.998047       158087       512.00
     218.495     0.998242       158116       568.89
     223.743     0.998437       158147       640.00
     227.967     0.998633       158181       731.43
     229.631     0.998828       158210       853.33
     231.551     0.999023       158241      1024.00
     232.447     0.999121       158255      1137.78
     233.343     0.999219       158275      1280.00
     233.855     0.999316       158286      1462.86
     234.879     0.999414       158303      1706.67
     235.391     0.999512       158318      2048.00
     235.903     0.999561       158326      2275.56
     236.287     0.999609       158333      2560.00
     236.799     0.999658       158341      2925.71
     237.055     0.999707       158351      3413.33
     237.439     0.999756       158357      4096.00
     237.823     0.999780       158360      4551.11
     238.079     0.999805       158365      5120.00
     238.207     0.999829       158367      5851.43
     238.463     0.999854       158372      6826.67
     239.103     0.999878       158375      8192.00
     239.359     0.999890       158377      9102.22
     239.743     0.999902       158381     10240.00
     239.743     0.999915       158381     11702.86
     239.871     0.999927       158383     13653.33
     240.127     0.999939       158385     16384.00
     240.255     0.999945       158386     18204.44
     240.383     0.999951       158387     20480.00
     240.511     0.999957       158388     23405.71
     240.639     0.999963       158389     27306.67
     241.791     0.999969       158390     32768.00
     241.791     0.999973       158390     36408.89
     241.919     0.999976       158391     40960.00
     241.919     0.999979       158391     46811.43
     242.303     0.999982       158392     54613.33
     242.303     0.999985       158392     65536.00
     242.303     0.999986       158392     72817.78
     243.327     0.999988       158393     81920.00
     243.327     0.999989       158393     93622.86
     243.327     0.999991       158393    109226.67
     243.327     0.999992       158393    131072.00
     243.327     0.999993       158393    145635.56
     244.095     0.999994       158394    163840.00
     244.095     1.000000       158394          inf
#[Mean    =       79.086, StdDeviation   =       46.489]
#[Max     =      243.968, Total count    =       158394]
#[Buckets =           27, SubBuckets     =         2048]
-----------------------------------------------------------------------
  189431 requests in 1.00m, 29.37MB read
Requests/sec:   3161.82  
Transfer/sec:    502.01KB

=== rps=3400 c=578 t=58 url=http://10.10.1.1:16874 ===
setup: assigned thread_id=1
init: final thread_id=1, base_seed=nil
setup: assigned thread_id=2
init: final thread_id=2, base_seed=nil
setup: assigned thread_id=3
init: final thread_id=3, base_seed=nil
setup: assigned thread_id=4
init: final thread_id=4, base_seed=nil
setup: assigned thread_id=5
init: final thread_id=5, base_seed=nil
setup: assigned thread_id=6
init: final thread_id=6, base_seed=nil
setup: assigned thread_id=7
init: final thread_id=7, base_seed=nil
setup: assigned thread_id=8
init: final thread_id=8, base_seed=nil
setup: assigned thread_id=9
init: final thread_id=9, base_seed=nil
setup: assigned thread_id=10
init: final thread_id=10, base_seed=nil
setup: assigned thread_id=11
init: final thread_id=11, base_seed=nil
setup: assigned thread_id=12
init: final thread_id=12, base_seed=nil
setup: assigned thread_id=13
init: final thread_id=13, base_seed=nil
setup: assigned thread_id=14
init: final thread_id=14, base_seed=nil
setup: assigned thread_id=15
init: final thread_id=15, base_seed=nil
setup: assigned thread_id=16
init: final thread_id=16, base_seed=nil
setup: assigned thread_id=17
init: final thread_id=17, base_seed=nil
setup: assigned thread_id=18
init: final thread_id=18, base_seed=nil
setup: assigned thread_id=19
init: final thread_id=19, base_seed=nil
setup: assigned thread_id=20
init: final thread_id=20, base_seed=nil
setup: assigned thread_id=21
init: final thread_id=21, base_seed=nil
setup: assigned thread_id=22
init: final thread_id=22, base_seed=nil
setup: assigned thread_id=23
init: final thread_id=23, base_seed=nil
setup: assigned thread_id=24
init: final thread_id=24, base_seed=nil
setup: assigned thread_id=25
init: final thread_id=25, base_seed=nil
setup: assigned thread_id=26
init: final thread_id=26, base_seed=nil
setup: assigned thread_id=27
init: final thread_id=27, base_seed=nil
setup: assigned thread_id=28
init: final thread_id=28, base_seed=nil
setup: assigned thread_id=29
init: final thread_id=29, base_seed=nil
setup: assigned thread_id=30
init: final thread_id=30, base_seed=nil
setup: assigned thread_id=31
init: final thread_id=31, base_seed=nil
setup: assigned thread_id=32
init: final thread_id=32, base_seed=nil
setup: assigned thread_id=33
init: final thread_id=33, base_seed=nil
setup: assigned thread_id=34
init: final thread_id=34, base_seed=nil
setup: assigned thread_id=35
init: final thread_id=35, base_seed=nil
setup: assigned thread_id=36
init: final thread_id=36, base_seed=nil
setup: assigned thread_id=37
init: final thread_id=37, base_seed=nil
setup: assigned thread_id=38
init: final thread_id=38, base_seed=nil
setup: assigned thread_id=39
init: final thread_id=39, base_seed=nil
setup: assigned thread_id=40
init: final thread_id=40, base_seed=nil
setup: assigned thread_id=41
init: final thread_id=41, base_seed=nil
setup: assigned thread_id=42
init: final thread_id=42, base_seed=nil
setup: assigned thread_id=43
init: final thread_id=43, base_seed=nil
setup: assigned thread_id=44
init: final thread_id=44, base_seed=nil
setup: assigned thread_id=45
init: final thread_id=45, base_seed=nil
setup: assigned thread_id=46
init: final thread_id=46, base_seed=nil
setup: assigned thread_id=47
init: final thread_id=47, base_seed=nil
setup: assigned thread_id=48
init: final thread_id=48, base_seed=nil
setup: assigned thread_id=49
init: final thread_id=49, base_seed=nil
setup: assigned thread_id=50
init: final thread_id=50, base_seed=nil
setup: assigned thread_id=51
init: final thread_id=51, base_seed=nil
setup: assigned thread_id=52
init: final thread_id=52, base_seed=nil
setup: assigned thread_id=53
init: final thread_id=53, base_seed=nil
setup: assigned thread_id=54
init: final thread_id=54, base_seed=nil
setup: assigned thread_id=55
init: final thread_id=55, base_seed=nil
setup: assigned thread_id=56
init: final thread_id=56, base_seed=nil
setup: assigned thread_id=57
init: final thread_id=57, base_seed=nil
setup: assigned thread_id=58
init: final thread_id=58, base_seed=nil
script_want_response
Running 1m test @ http://10.10.1.1:16874
  58 threads and 578 connections

  Thread calibration: mean lat.: 179.212ms, rate sampling interval: 494ms
  Thread calibration: mean lat.: 173.702ms, rate sampling interval: 556ms
  Thread calibration: mean lat.: 198.581ms, rate sampling interval: 599ms
  Thread calibration: mean lat.: 167.415ms, rate sampling interval: 492ms
  Thread calibration: mean lat.: 207.586ms, rate sampling interval: 614ms
  Thread calibration: mean lat.: 181.933ms, rate sampling interval: 531ms
  Thread calibration: mean lat.: 199.092ms, rate sampling interval: 608ms
  Thread calibration: mean lat.: 215.861ms, rate sampling interval: 621ms
  Thread calibration: mean lat.: 209.012ms, rate sampling interval: 598ms
  Thread calibration: mean lat.: 191.788ms, rate sampling interval: 552ms
  Thread calibration: mean lat.: 213.073ms, rate sampling interval: 648ms
  Thread calibration: mean lat.: 216.548ms, rate sampling interval: 658ms
  Thread calibration: mean lat.: 218.576ms, rate sampling interval: 640ms
  Thread calibration: mean lat.: 207.032ms, rate sampling interval: 653ms
  Thread calibration: mean lat.: 199.400ms, rate sampling interval: 586ms
  Thread calibration: mean lat.: 189.681ms, rate sampling interval: 572ms
  Thread calibration: mean lat.: 185.036ms, rate sampling interval: 525ms
  Thread calibration: mean lat.: 175.666ms, rate sampling interval: 523ms
  Thread calibration: mean lat.: 181.101ms, rate sampling interval: 545ms
  Thread calibration: mean lat.: 171.572ms, rate sampling interval: 558ms
  Thread calibration: mean lat.: 163.341ms, rate sampling interval: 497ms
  Thread calibration: mean lat.: 156.195ms, rate sampling interval: 452ms
  Thread calibration: mean lat.: 164.103ms, rate sampling interval: 500ms
  Thread calibration: mean lat.: 173.507ms, rate sampling interval: 549ms
  Thread calibration: mean lat.: 181.436ms, rate sampling interval: 553ms
  Thread calibration: mean lat.: 168.962ms, rate sampling interval: 530ms
  Thread calibration: mean lat.: 169.975ms, rate sampling interval: 493ms
  Thread calibration: mean lat.: 184.393ms, rate sampling interval: 571ms
  Thread calibration: mean lat.: 172.728ms, rate sampling interval: 506ms
  Thread calibration: mean lat.: 189.840ms, rate sampling interval: 570ms
  Thread calibration: mean lat.: 171.679ms, rate sampling interval: 499ms
  Thread calibration: mean lat.: 200.487ms, rate sampling interval: 625ms
  Thread calibration: mean lat.: 194.379ms, rate sampling interval: 614ms
  Thread calibration: mean lat.: 196.789ms, rate sampling interval: 624ms
  Thread calibration: mean lat.: 202.897ms, rate sampling interval: 621ms
  Thread calibration: mean lat.: 209.884ms, rate sampling interval: 621ms
  Thread calibration: mean lat.: 198.312ms, rate sampling interval: 607ms
  Thread calibration: mean lat.: 199.198ms, rate sampling interval: 608ms
  Thread calibration: mean lat.: 198.098ms, rate sampling interval: 596ms
  Thread calibration: mean lat.: 187.546ms, rate sampling interval: 590ms
  Thread calibration: mean lat.: 195.245ms, rate sampling interval: 600ms
  Thread calibration: mean lat.: 190.751ms, rate sampling interval: 587ms
  Thread calibration: mean lat.: 185.780ms, rate sampling interval: 555ms
  Thread calibration: mean lat.: 179.413ms, rate sampling interval: 477ms
  Thread calibration: mean lat.: 191.553ms, rate sampling interval: 587ms
  Thread calibration: mean lat.: 167.358ms, rate sampling interval: 463ms
  Thread calibration: mean lat.: 184.588ms, rate sampling interval: 570ms
  Thread calibration: mean lat.: 187.835ms, rate sampling interval: 574ms
  Thread calibration: mean lat.: 172.481ms, rate sampling interval: 471ms
  Thread calibration: mean lat.: 193.463ms, rate sampling interval: 588ms
  Thread calibration: mean lat.: 168.157ms, rate sampling interval: 459ms
  Thread calibration: mean lat.: 190.353ms, rate sampling interval: 576ms
  Thread calibration: mean lat.: 218.531ms, rate sampling interval: 607ms
  Thread calibration: mean lat.: 203.596ms, rate sampling interval: 617ms
  Thread calibration: mean lat.: 201.483ms, rate sampling interval: 592ms
  Thread calibration: mean lat.: 224.113ms, rate sampling interval: 614ms
  Thread calibration: mean lat.: 207.800ms, rate sampling interval: 633ms
  Thread calibration: mean lat.: 226.072ms, rate sampling interval: 664ms

-----------------------------------------------------------------------
Test Results @ http://10.10.1.1:16874 
  Thread Stats   Avg      Stdev     99%   +/- Stdev
    Latency   132.44ms   87.52ms 352.77ms   62.93%
    Req/Sec    57.69      5.88    72.00     77.13%
  Latency Distribution (HdrHistogram - Recorded Latency)
 50.000%  121.47ms
 75.000%  192.51ms
 90.000%  260.10ms
 99.000%  352.77ms
 99.900%  410.62ms
 99.990%  468.99ms
 99.999%  479.74ms
100.000%  489.73ms

  Detailed Percentile spectrum:
       Value   Percentile   TotalCount 1/(1-Percentile)

       9.119     0.000000            1         1.00
      29.055     0.100000        16838         1.11
      47.007     0.200000        33660         1.25
      63.903     0.300000        50468         1.43
      94.079     0.400000        67294         1.67
     121.471     0.500000        84117         2.00
     133.119     0.550000        92551         2.22
     146.303     0.600000       100963         2.50
     159.231     0.650000       109371         2.86
     174.591     0.700000       117807         3.33
     192.511     0.750000       126181         4.00
     201.983     0.775000       130413         4.44
     212.223     0.800000       134620         5.00
     223.615     0.825000       138827         5.71
     234.623     0.850000       143019         6.67
     246.271     0.875000       147210         8.00
     252.799     0.887500       149309         8.89
     260.095     0.900000       151402        10.00
     268.543     0.912500       153506        11.43
     276.479     0.925000       155609        13.33
     284.927     0.937500       157779        16.00
     289.023     0.943750       158813        17.78
     293.375     0.950000       159831        20.00
     298.495     0.956250       160876        22.86
     304.127     0.962500       161940        26.67
     312.319     0.968750       162995        32.00
     316.415     0.971875       163517        35.56
     321.023     0.975000       164034        40.00
     326.399     0.978125       164583        45.71
     331.519     0.981250       165085        53.33
     337.919     0.984375       165596        64.00
     341.247     0.985938       165863        71.11
     345.087     0.987500       166129        80.00
     349.695     0.989062       166393        91.43
     354.815     0.990625       166655       106.67
     360.959     0.992188       166910       128.00
     365.055     0.992969       167048       142.22
     368.383     0.993750       167178       160.00
     372.223     0.994531       167311       182.86
     376.063     0.995313       167439       213.33
     380.415     0.996094       167567       256.00
     382.463     0.996484       167633       284.44
     385.023     0.996875       167699       320.00
     388.351     0.997266       167769       365.71
     391.423     0.997656       167830       426.67
     395.519     0.998047       167898       512.00
     397.567     0.998242       167929       568.89
     399.615     0.998437       167962       640.00
     401.919     0.998633       167995       731.43
     406.015     0.998828       168027       853.33
     411.135     0.999023       168061      1024.00
     414.463     0.999121       168078      1137.78
     416.511     0.999219       168094      1280.00
     418.815     0.999316       168110      1462.86
     422.143     0.999414       168126      1706.67
     427.007     0.999512       168143      2048.00
     431.103     0.999561       168151      2275.56
     434.175     0.999609       168160      2560.00
     437.503     0.999658       168167      2925.71
     442.879     0.999707       168175      3413.33
     450.303     0.999756       168183      4096.00
     457.727     0.999780       168188      4551.11
     460.287     0.999805       168193      5120.00
     462.591     0.999829       168196      5851.43
     465.407     0.999854       168200      6826.67
     468.223     0.999878       168204      8192.00
     468.735     0.999890       168206      9102.22
     468.991     0.999902       168208     10240.00
     469.759     0.999915       168211     11702.86
     470.527     0.999927       168212     13653.33
     472.063     0.999939       168214     16384.00
     472.319     0.999945       168215     18204.44
     473.855     0.999951       168216     20480.00
     474.367     0.999957       168217     23405.71
     474.623     0.999963       168218     27306.67
     475.647     0.999969       168220     32768.00
     475.647     0.999973       168220     36408.89
     475.647     0.999976       168220     40960.00
     478.975     0.999979       168221     46811.43
     478.975     0.999982       168221     54613.33
     479.743     0.999985       168222     65536.00
     479.743     0.999986       168222     72817.78
     479.743     0.999988       168222     81920.00
     486.655     0.999989       168223     93622.86
     486.655     0.999991       168223    109226.67
     486.655     0.999992       168223    131072.00
     486.655     0.999993       168223    145635.56
     486.655     0.999994       168223    163840.00
     489.727     0.999995       168224    187245.71
     489.727     1.000000       168224          inf
#[Mean    =      132.442, StdDeviation   =       87.523]
#[Max     =      489.472, Total count    =       168224]
#[Buckets =           27, SubBuckets     =         2048]
-----------------------------------------------------------------------
  200995 requests in 1.00m, 31.17MB read
Requests/sec:   3354.97  
Transfer/sec:    532.71KB

=== rps=3600 c=648 t=65 url=http://10.10.1.1:16874 ===
setup: assigned thread_id=1
init: final thread_id=1, base_seed=nil
setup: assigned thread_id=2
init: final thread_id=2, base_seed=nil
setup: assigned thread_id=3
init: final thread_id=3, base_seed=nil
setup: assigned thread_id=4
init: final thread_id=4, base_seed=nil
setup: assigned thread_id=5
init: final thread_id=5, base_seed=nil
setup: assigned thread_id=6
init: final thread_id=6, base_seed=nil
setup: assigned thread_id=7
init: final thread_id=7, base_seed=nil
setup: assigned thread_id=8
init: final thread_id=8, base_seed=nil
setup: assigned thread_id=9
init: final thread_id=9, base_seed=nil
setup: assigned thread_id=10
init: final thread_id=10, base_seed=nil
setup: assigned thread_id=11
init: final thread_id=11, base_seed=nil
setup: assigned thread_id=12
init: final thread_id=12, base_seed=nil
setup: assigned thread_id=13
init: final thread_id=13, base_seed=nil
setup: assigned thread_id=14
init: final thread_id=14, base_seed=nil
setup: assigned thread_id=15
init: final thread_id=15, base_seed=nil
setup: assigned thread_id=16
init: final thread_id=16, base_seed=nil
setup: assigned thread_id=17
init: final thread_id=17, base_seed=nil
setup: assigned thread_id=18
init: final thread_id=18, base_seed=nil
setup: assigned thread_id=19
init: final thread_id=19, base_seed=nil
setup: assigned thread_id=20
init: final thread_id=20, base_seed=nil
setup: assigned thread_id=21
init: final thread_id=21, base_seed=nil
setup: assigned thread_id=22
init: final thread_id=22, base_seed=nil
setup: assigned thread_id=23
init: final thread_id=23, base_seed=nil
setup: assigned thread_id=24
init: final thread_id=24, base_seed=nil
setup: assigned thread_id=25
init: final thread_id=25, base_seed=nil
setup: assigned thread_id=26
init: final thread_id=26, base_seed=nil
setup: assigned thread_id=27
init: final thread_id=27, base_seed=nil
setup: assigned thread_id=28
init: final thread_id=28, base_seed=nil
setup: assigned thread_id=29
init: final thread_id=29, base_seed=nil
setup: assigned thread_id=30
init: final thread_id=30, base_seed=nil
setup: assigned thread_id=31
init: final thread_id=31, base_seed=nil
setup: assigned thread_id=32
init: final thread_id=32, base_seed=nil
setup: assigned thread_id=33
init: final thread_id=33, base_seed=nil
setup: assigned thread_id=34
init: final thread_id=34, base_seed=nil
setup: assigned thread_id=35
init: final thread_id=35, base_seed=nil
setup: assigned thread_id=36
init: final thread_id=36, base_seed=nil
setup: assigned thread_id=37
init: final thread_id=37, base_seed=nil
setup: assigned thread_id=38
init: final thread_id=38, base_seed=nil
setup: assigned thread_id=39
init: final thread_id=39, base_seed=nil
setup: assigned thread_id=40
init: final thread_id=40, base_seed=nil
setup: assigned thread_id=41
init: final thread_id=41, base_seed=nil
setup: assigned thread_id=42
init: final thread_id=42, base_seed=nil
setup: assigned thread_id=43
init: final thread_id=43, base_seed=nil
setup: assigned thread_id=44
init: final thread_id=44, base_seed=nil
setup: assigned thread_id=45
init: final thread_id=45, base_seed=nil
setup: assigned thread_id=46
init: final thread_id=46, base_seed=nil
setup: assigned thread_id=47
init: final thread_id=47, base_seed=nil
setup: assigned thread_id=48
init: final thread_id=48, base_seed=nil
setup: assigned thread_id=49
init: final thread_id=49, base_seed=nil
setup: assigned thread_id=50
init: final thread_id=50, base_seed=nil
setup: assigned thread_id=51
init: final thread_id=51, base_seed=nil
setup: assigned thread_id=52
init: final thread_id=52, base_seed=nil
setup: assigned thread_id=53
init: final thread_id=53, base_seed=nil
setup: assigned thread_id=54
init: final thread_id=54, base_seed=nil
setup: assigned thread_id=55
init: final thread_id=55, base_seed=nil
setup: assigned thread_id=56
init: final thread_id=56, base_seed=nil
setup: assigned thread_id=57
init: final thread_id=57, base_seed=nil
setup: assigned thread_id=58
init: final thread_id=58, base_seed=nil
setup: assigned thread_id=59
init: final thread_id=59, base_seed=nil
setup: assigned thread_id=60
init: final thread_id=60, base_seed=nil
setup: assigned thread_id=61
init: final thread_id=61, base_seed=nil
setup: assigned thread_id=62
init: final thread_id=62, base_seed=nil
setup: assigned thread_id=63
init: final thread_id=63, base_seed=nil
setup: assigned thread_id=64
init: final thread_id=64, base_seed=nil
setup: assigned thread_id=65
init: final thread_id=65, base_seed=nil
script_want_response
Running 1m test @ http://10.10.1.1:16874
  65 threads and 648 connections

  Thread calibration: mean lat.: 620.388ms, rate sampling interval: 2232ms
  Thread calibration: mean lat.: 578.350ms, rate sampling interval: 2049ms
  Thread calibration: mean lat.: 587.737ms, rate sampling interval: 2162ms
  Thread calibration: mean lat.: 582.938ms, rate sampling interval: 2103ms
  Thread calibration: mean lat.: 605.238ms, rate sampling interval: 2113ms
  Thread calibration: mean lat.: 592.971ms, rate sampling interval: 2121ms
  Thread calibration: mean lat.: 569.124ms, rate sampling interval: 2064ms
  Thread calibration: mean lat.: 595.084ms, rate sampling interval: 2101ms
  Thread calibration: mean lat.: 562.347ms, rate sampling interval: 2010ms
  Thread calibration: mean lat.: 596.203ms, rate sampling interval: 2103ms
  Thread calibration: mean lat.: 612.959ms, rate sampling interval: 2187ms
  Thread calibration: mean lat.: 591.193ms, rate sampling interval: 2156ms
  Thread calibration: mean lat.: 615.480ms, rate sampling interval: 2185ms
  Thread calibration: mean lat.: 610.036ms, rate sampling interval: 2181ms
  Thread calibration: mean lat.: 595.324ms, rate sampling interval: 2123ms
  Thread calibration: mean lat.: 572.024ms, rate sampling interval: 2125ms
  Thread calibration: mean lat.: 620.321ms, rate sampling interval: 2232ms
  Thread calibration: mean lat.: 584.093ms, rate sampling interval: 2125ms
  Thread calibration: mean lat.: 568.602ms, rate sampling interval: 2109ms
  Thread calibration: mean lat.: 553.977ms, rate sampling interval: 2003ms
  Thread calibration: mean lat.: 561.378ms, rate sampling interval: 2131ms
  Thread calibration: mean lat.: 573.529ms, rate sampling interval: 2101ms
  Thread calibration: mean lat.: 573.536ms, rate sampling interval: 2129ms
  Thread calibration: mean lat.: 577.295ms, rate sampling interval: 2168ms
  Thread calibration: mean lat.: 570.353ms, rate sampling interval: 2113ms
  Thread calibration: mean lat.: 545.920ms, rate sampling interval: 2054ms
  Thread calibration: mean lat.: 564.966ms, rate sampling interval: 2006ms
  Thread calibration: mean lat.: 609.869ms, rate sampling interval: 2228ms
  Thread calibration: mean lat.: 591.948ms, rate sampling interval: 2148ms
  Thread calibration: mean lat.: 585.838ms, rate sampling interval: 2166ms
  Thread calibration: mean lat.: 603.422ms, rate sampling interval: 2168ms
  Thread calibration: mean lat.: 568.071ms, rate sampling interval: 2015ms
  Thread calibration: mean lat.: 585.635ms, rate sampling interval: 2179ms
  Thread calibration: mean lat.: 535.701ms, rate sampling interval: 1986ms
  Thread calibration: mean lat.: 584.108ms, rate sampling interval: 2193ms
  Thread calibration: mean lat.: 572.150ms, rate sampling interval: 2170ms
  Thread calibration: mean lat.: 570.593ms, rate sampling interval: 2095ms
  Thread calibration: mean lat.: 565.766ms, rate sampling interval: 2134ms
  Thread calibration: mean lat.: 565.442ms, rate sampling interval: 1956ms
  Thread calibration: mean lat.: 562.500ms, rate sampling interval: 2049ms
  Thread calibration: mean lat.: 600.145ms, rate sampling interval: 2197ms
  Thread calibration: mean lat.: 553.653ms, rate sampling interval: 2037ms
  Thread calibration: mean lat.: 543.580ms, rate sampling interval: 1959ms
  Thread calibration: mean lat.: 598.301ms, rate sampling interval: 2166ms
  Thread calibration: mean lat.: 600.829ms, rate sampling interval: 2181ms
  Thread calibration: mean lat.: 576.246ms, rate sampling interval: 2121ms
  Thread calibration: mean lat.: 601.975ms, rate sampling interval: 2228ms
  Thread calibration: mean lat.: 558.474ms, rate sampling interval: 2016ms
  Thread calibration: mean lat.: 572.959ms, rate sampling interval: 2059ms
  Thread calibration: mean lat.: 583.858ms, rate sampling interval: 2146ms
  Thread calibration: mean lat.: 568.465ms, rate sampling interval: 2046ms
  Thread calibration: mean lat.: 601.921ms, rate sampling interval: 2158ms
  Thread calibration: mean lat.: 563.428ms, rate sampling interval: 2091ms
  Thread calibration: mean lat.: 571.172ms, rate sampling interval: 2099ms
  Thread calibration: mean lat.: 559.261ms, rate sampling interval: 1986ms
  Thread calibration: mean lat.: 625.982ms, rate sampling interval: 2195ms
  Thread calibration: mean lat.: 619.584ms, rate sampling interval: 2075ms
  Thread calibration: mean lat.: 598.311ms, rate sampling interval: 2170ms
  Thread calibration: mean lat.: 600.551ms, rate sampling interval: 2146ms
  Thread calibration: mean lat.: 578.226ms, rate sampling interval: 2115ms
  Thread calibration: mean lat.: 613.783ms, rate sampling interval: 2172ms
  Thread calibration: mean lat.: 628.968ms, rate sampling interval: 2246ms
  Thread calibration: mean lat.: 633.291ms, rate sampling interval: 2250ms
  Thread calibration: mean lat.: 592.314ms, rate sampling interval: 2148ms
  Thread calibration: mean lat.: 629.001ms, rate sampling interval: 2238ms

-----------------------------------------------------------------------
Test Results @ http://10.10.1.1:16874 
  Thread Stats   Avg      Stdev     99%   +/- Stdev
    Latency   707.85ms  397.48ms   1.45s    58.78%
    Req/Sec    55.35      3.91    64.00     80.20%
  Latency Distribution (HdrHistogram - Recorded Latency)
 50.000%  724.48ms
 75.000%    1.04s 
 90.000%    1.24s 
 99.000%    1.45s 
 99.900%    1.54s 
 99.990%    1.60s 
 99.999%    1.63s 
100.000%    1.63s 

  Detailed Percentile spectrum:
       Value   Percentile   TotalCount 1/(1-Percentile)

      10.271     0.000000            1         1.00
     138.751     0.100000        18151         1.11
     287.999     0.200000        36284         1.25
     440.575     0.300000        54432         1.43
     584.703     0.400000        72579         1.67
     724.479     0.500000        90733         2.00
     788.991     0.550000        99785         2.22
     852.991     0.600000       108852         2.50
     914.943     0.650000       117957         2.86
     974.847     0.700000       127004         3.33
    1037.311     0.750000       136035         4.00
    1069.055     0.775000       140591         4.44
    1102.847     0.800000       145131         5.00
    1135.615     0.825000       149722         5.71
    1168.383     0.850000       154286         6.67
    1203.199     0.875000       158783         8.00
    1218.559     0.887500       160976         8.89
    1236.991     0.900000       163302        10.00
    1257.471     0.912500       165506        11.43
    1282.047     0.925000       167812        13.33
    1302.527     0.937500       170026        16.00
    1314.815     0.943750       171261        17.78
    1326.079     0.950000       172373        20.00
    1339.391     0.956250       173469        22.86
    1353.727     0.962500       174564        26.67
    1371.135     0.968750       175765        32.00
    1379.327     0.971875       176304        35.56
    1386.495     0.975000       176829        40.00
    1394.687     0.978125       177402        45.71
    1405.951     0.981250       177963        53.33
    1417.215     0.984375       178537        64.00
    1424.383     0.985938       178848        71.11
    1432.575     0.987500       179107        80.00
    1443.839     0.989062       179409        91.43
    1452.031     0.990625       179668       106.67
    1462.271     0.992188       179970       128.00
    1469.439     0.992969       180110       142.22
    1475.583     0.993750       180233       160.00
    1481.727     0.994531       180383       182.86
    1486.847     0.995313       180509       213.33
    1492.991     0.996094       180661       256.00
    1496.063     0.996484       180724       284.44
    1501.183     0.996875       180802       320.00
    1506.303     0.997266       180864       365.71
    1513.471     0.997656       180938       426.67
    1521.663     0.998047       181008       512.00
    1526.783     0.998242       181047       568.89
    1530.879     0.998437       181081       640.00
    1535.999     0.998633       181117       731.43
    1540.095     0.998828       181151       853.33
    1544.191     0.999023       181181      1024.00
    1548.287     0.999121       181204      1137.78
    1552.383     0.999219       181219      1280.00
    1557.503     0.999316       181239      1462.86
    1562.623     0.999414       181252      1706.67
    1570.815     0.999512       181270      2048.00
    1574.911     0.999561       181282      2275.56
    1576.959     0.999609       181288      2560.00
    1580.031     0.999658       181300      2925.71
    1583.103     0.999707       181307      3413.33
    1585.151     0.999756       181315      4096.00
    1586.175     0.999780       181319      4551.11
    1588.223     0.999805       181324      5120.00
    1590.271     0.999829       181330      5851.43
    1592.319     0.999854       181334      6826.67
    1595.391     0.999878       181336      8192.00
    1599.487     0.999890       181339      9102.22
    1600.511     0.999902       181341     10240.00
    1602.559     0.999915       181343     11702.86
    1609.727     0.999927       181345     13653.33
    1613.823     0.999939       181348     16384.00
    1614.847     0.999945       181349     18204.44
    1616.895     0.999951       181350     20480.00
    1617.919     0.999957       181351     23405.71
    1619.967     0.999963       181352     27306.67
    1620.991     0.999969       181354     32768.00
    1620.991     0.999973       181354     36408.89
    1620.991     0.999976       181354     40960.00
    1622.015     0.999979       181355     46811.43
    1622.015     0.999982       181355     54613.33
    1625.087     0.999985       181356     65536.00
    1625.087     0.999986       181356     72817.78
    1625.087     0.999988       181356     81920.00
    1630.207     0.999989       181357     93622.86
    1630.207     0.999991       181357    109226.67
    1630.207     0.999992       181357    131072.00
    1630.207     0.999993       181357    145635.56
    1630.207     0.999994       181357    163840.00
    1634.303     0.999995       181358    187245.71
    1634.303     1.000000       181358          inf
#[Mean    =      707.855, StdDeviation   =      397.477]
#[Max     =     1633.280, Total count    =       181358]
#[Buckets =           27, SubBuckets     =         2048]
-----------------------------------------------------------------------
  212428 requests in 1.00m, 32.94MB read
Requests/sec:   3552.76  
Transfer/sec:    564.14KB

=== rps=3800 c=722 t=73 url=http://10.10.1.1:16874 ===
setup: assigned thread_id=1
init: final thread_id=1, base_seed=nil
setup: assigned thread_id=2
init: final thread_id=2, base_seed=nil
setup: assigned thread_id=3
init: final thread_id=3, base_seed=nil
setup: assigned thread_id=4
init: final thread_id=4, base_seed=nil
setup: assigned thread_id=5
init: final thread_id=5, base_seed=nil
setup: assigned thread_id=6
init: final thread_id=6, base_seed=nil
setup: assigned thread_id=7
init: final thread_id=7, base_seed=nil
setup: assigned thread_id=8
init: final thread_id=8, base_seed=nil
setup: assigned thread_id=9
init: final thread_id=9, base_seed=nil
setup: assigned thread_id=10
init: final thread_id=10, base_seed=nil
setup: assigned thread_id=11
init: final thread_id=11, base_seed=nil
setup: assigned thread_id=12
init: final thread_id=12, base_seed=nil
setup: assigned thread_id=13
init: final thread_id=13, base_seed=nil
setup: assigned thread_id=14
init: final thread_id=14, base_seed=nil
setup: assigned thread_id=15
init: final thread_id=15, base_seed=nil
setup: assigned thread_id=16
init: final thread_id=16, base_seed=nil
setup: assigned thread_id=17
init: final thread_id=17, base_seed=nil
setup: assigned thread_id=18
init: final thread_id=18, base_seed=nil
setup: assigned thread_id=19
init: final thread_id=19, base_seed=nil
setup: assigned thread_id=20
init: final thread_id=20, base_seed=nil
setup: assigned thread_id=21
init: final thread_id=21, base_seed=nil
setup: assigned thread_id=22
init: final thread_id=22, base_seed=nil
setup: assigned thread_id=23
init: final thread_id=23, base_seed=nil
setup: assigned thread_id=24
init: final thread_id=24, base_seed=nil
setup: assigned thread_id=25
init: final thread_id=25, base_seed=nil
setup: assigned thread_id=26
init: final thread_id=26, base_seed=nil
setup: assigned thread_id=27
init: final thread_id=27, base_seed=nil
setup: assigned thread_id=28
init: final thread_id=28, base_seed=nil
setup: assigned thread_id=29
init: final thread_id=29, base_seed=nil
setup: assigned thread_id=30
init: final thread_id=30, base_seed=nil
setup: assigned thread_id=31
init: final thread_id=31, base_seed=nil
setup: assigned thread_id=32
init: final thread_id=32, base_seed=nil
setup: assigned thread_id=33
init: final thread_id=33, base_seed=nil
setup: assigned thread_id=34
init: final thread_id=34, base_seed=nil
setup: assigned thread_id=35
init: final thread_id=35, base_seed=nil
setup: assigned thread_id=36
init: final thread_id=36, base_seed=nil
setup: assigned thread_id=37
init: final thread_id=37, base_seed=nil
setup: assigned thread_id=38
init: final thread_id=38, base_seed=nil
setup: assigned thread_id=39
init: final thread_id=39, base_seed=nil
setup: assigned thread_id=40
init: final thread_id=40, base_seed=nil
setup: assigned thread_id=41
init: final thread_id=41, base_seed=nil
setup: assigned thread_id=42
init: final thread_id=42, base_seed=nil
setup: assigned thread_id=43
init: final thread_id=43, base_seed=nil
setup: assigned thread_id=44
init: final thread_id=44, base_seed=nil
setup: assigned thread_id=45
init: final thread_id=45, base_seed=nil
setup: assigned thread_id=46
init: final thread_id=46, base_seed=nil
setup: assigned thread_id=47
init: final thread_id=47, base_seed=nil
setup: assigned thread_id=48
init: final thread_id=48, base_seed=nil
setup: assigned thread_id=49
init: final thread_id=49, base_seed=nil
setup: assigned thread_id=50
init: final thread_id=50, base_seed=nil
setup: assigned thread_id=51
init: final thread_id=51, base_seed=nil
setup: assigned thread_id=52
init: final thread_id=52, base_seed=nil
setup: assigned thread_id=53
init: final thread_id=53, base_seed=nil
setup: assigned thread_id=54
init: final thread_id=54, base_seed=nil
setup: assigned thread_id=55
init: final thread_id=55, base_seed=nil
setup: assigned thread_id=56
init: final thread_id=56, base_seed=nil
setup: assigned thread_id=57
init: final thread_id=57, base_seed=nil
setup: assigned thread_id=58
init: final thread_id=58, base_seed=nil
setup: assigned thread_id=59
init: final thread_id=59, base_seed=nil
setup: assigned thread_id=60
init: final thread_id=60, base_seed=nil
setup: assigned thread_id=61
init: final thread_id=61, base_seed=nil
setup: assigned thread_id=62
init: final thread_id=62, base_seed=nil
setup: assigned thread_id=63
init: final thread_id=63, base_seed=nil
setup: assigned thread_id=64
init: final thread_id=64, base_seed=nil
setup: assigned thread_id=65
init: final thread_id=65, base_seed=nil
setup: assigned thread_id=66
init: final thread_id=66, base_seed=nil
setup: assigned thread_id=67
init: final thread_id=67, base_seed=nil
setup: assigned thread_id=68
init: final thread_id=68, base_seed=nil
setup: assigned thread_id=69
init: final thread_id=69, base_seed=nil
setup: assigned thread_id=70
init: final thread_id=70, base_seed=nil
setup: assigned thread_id=71
init: final thread_id=71, base_seed=nil
setup: assigned thread_id=72
init: final thread_id=72, base_seed=nil
setup: assigned thread_id=73
init: final thread_id=73, base_seed=nil
script_want_response
Running 1m test @ http://10.10.1.1:16874
  73 threads and 722 connections

  Thread calibration: mean lat.: 399.206ms, rate sampling interval: 1559ms
  Thread calibration: mean lat.: 415.948ms, rate sampling interval: 1595ms
  Thread calibration: mean lat.: 409.041ms, rate sampling interval: 1615ms
  Thread calibration: mean lat.: 422.381ms, rate sampling interval: 1617ms
  Thread calibration: mean lat.: 386.147ms, rate sampling interval: 1508ms
  Thread calibration: mean lat.: 401.264ms, rate sampling interval: 1566ms
  Thread calibration: mean lat.: 408.724ms, rate sampling interval: 1555ms
  Thread calibration: mean lat.: 425.582ms, rate sampling interval: 1645ms
  Thread calibration: mean lat.: 401.648ms, rate sampling interval: 1593ms
  Thread calibration: mean lat.: 423.498ms, rate sampling interval: 1555ms
  Thread calibration: mean lat.: 434.413ms, rate sampling interval: 1676ms
  Thread calibration: mean lat.: 424.835ms, rate sampling interval: 1604ms
  Thread calibration: mean lat.: 423.439ms, rate sampling interval: 1594ms
  Thread calibration: mean lat.: 414.296ms, rate sampling interval: 1593ms
  Thread calibration: mean lat.: 409.622ms, rate sampling interval: 1539ms
  Thread calibration: mean lat.: 408.423ms, rate sampling interval: 1602ms
  Thread calibration: mean lat.: 488.994ms, rate sampling interval: 1679ms
  Thread calibration: mean lat.: 503.197ms, rate sampling interval: 1715ms
  Thread calibration: mean lat.: 491.252ms, rate sampling interval: 1703ms
  Thread calibration: mean lat.: 401.656ms, rate sampling interval: 1555ms
  Thread calibration: mean lat.: 486.885ms, rate sampling interval: 1611ms
  Thread calibration: mean lat.: 403.022ms, rate sampling interval: 1588ms
  Thread calibration: mean lat.: 396.740ms, rate sampling interval: 1519ms
  Thread calibration: mean lat.: 394.608ms, rate sampling interval: 1491ms
  Thread calibration: mean lat.: 420.556ms, rate sampling interval: 1642ms
  Thread calibration: mean lat.: 391.067ms, rate sampling interval: 1540ms
  Thread calibration: mean lat.: 407.100ms, rate sampling interval: 1556ms
  Thread calibration: mean lat.: 425.327ms, rate sampling interval: 1616ms
  Thread calibration: mean lat.: 403.734ms, rate sampling interval: 1506ms
  Thread calibration: mean lat.: 412.444ms, rate sampling interval: 1590ms
  Thread calibration: mean lat.: 418.003ms, rate sampling interval: 1586ms
  Thread calibration: mean lat.: 422.762ms, rate sampling interval: 1615ms
  Thread calibration: mean lat.: 417.866ms, rate sampling interval: 1627ms
  Thread calibration: mean lat.: 446.106ms, rate sampling interval: 1693ms
  Thread calibration: mean lat.: 434.104ms, rate sampling interval: 1656ms
  Thread calibration: mean lat.: 450.459ms, rate sampling interval: 1688ms
  Thread calibration: mean lat.: 433.219ms, rate sampling interval: 1617ms
  Thread calibration: mean lat.: 434.924ms, rate sampling interval: 1630ms
  Thread calibration: mean lat.: 434.789ms, rate sampling interval: 1631ms
  Thread calibration: mean lat.: 441.982ms, rate sampling interval: 1681ms
  Thread calibration: mean lat.: 412.949ms, rate sampling interval: 1563ms
  Thread calibration: mean lat.: 431.006ms, rate sampling interval: 1583ms
  Thread calibration: mean lat.: 439.902ms, rate sampling interval: 1674ms
  Thread calibration: mean lat.: 428.611ms, rate sampling interval: 1617ms
  Thread calibration: mean lat.: 442.565ms, rate sampling interval: 1637ms
  Thread calibration: mean lat.: 457.533ms, rate sampling interval: 1703ms
  Thread calibration: mean lat.: 503.403ms, rate sampling interval: 1660ms
  Thread calibration: mean lat.: 496.480ms, rate sampling interval: 1643ms
  Thread calibration: mean lat.: 432.708ms, rate sampling interval: 1657ms
  Thread calibration: mean lat.: 426.639ms, rate sampling interval: 1566ms
  Thread calibration: mean lat.: 498.695ms, rate sampling interval: 1730ms
  Thread calibration: mean lat.: 411.054ms, rate sampling interval: 1523ms
  Thread calibration: mean lat.: 450.464ms, rate sampling interval: 1696ms
  Thread calibration: mean lat.: 410.706ms, rate sampling interval: 1546ms
  Thread calibration: mean lat.: 428.808ms, rate sampling interval: 1595ms
  Thread calibration: mean lat.: 428.943ms, rate sampling interval: 1607ms
  Thread calibration: mean lat.: 478.300ms, rate sampling interval: 1648ms
  Thread calibration: mean lat.: 424.465ms, rate sampling interval: 1588ms
  Thread calibration: mean lat.: 436.670ms, rate sampling interval: 1633ms
  Thread calibration: mean lat.: 443.755ms, rate sampling interval: 1667ms
  Thread calibration: mean lat.: 440.555ms, rate sampling interval: 1632ms
  Thread calibration: mean lat.: 434.456ms, rate sampling interval: 1643ms
  Thread calibration: mean lat.: 424.846ms, rate sampling interval: 1587ms
  Thread calibration: mean lat.: 439.276ms, rate sampling interval: 1571ms
  Thread calibration: mean lat.: 435.372ms, rate sampling interval: 1595ms
  Thread calibration: mean lat.: 471.533ms, rate sampling interval: 1626ms
  Thread calibration: mean lat.: 445.010ms, rate sampling interval: 1623ms
  Thread calibration: mean lat.: 452.559ms, rate sampling interval: 1642ms
  Thread calibration: mean lat.: 431.675ms, rate sampling interval: 1602ms
  Thread calibration: mean lat.: 457.998ms, rate sampling interval: 1652ms
  Thread calibration: mean lat.: 452.794ms, rate sampling interval: 1662ms
  Thread calibration: mean lat.: 461.140ms, rate sampling interval: 1665ms
  Thread calibration: mean lat.: 439.302ms, rate sampling interval: 1617ms

-----------------------------------------------------------------------
Test Results @ http://10.10.1.1:16874 
  Thread Stats   Avg      Stdev     99%   +/- Stdev
    Latency     2.64s     1.08s    4.80s    63.14%
    Req/Sec    48.29      2.59    54.00     81.79%
  Latency Distribution (HdrHistogram - Recorded Latency)
 50.000%    2.69s 
 75.000%    3.52s 
 90.000%    4.01s 
 99.000%    4.80s 
 99.900%    5.11s 
 99.990%    5.27s 
 99.999%    5.48s 
100.000%    5.49s 

  Detailed Percentile spectrum:
       Value   Percentile   TotalCount 1/(1-Percentile)

     475.391     0.000000            1         1.00
    1077.247     0.100000        17813         1.11
    1565.695     0.200000        35588         1.25
    1902.591     0.300000        53394         1.43
    2263.039     0.400000        71202         1.67
    2689.023     0.500000        88961         2.00
    2877.439     0.550000        97822         2.22
    3078.143     0.600000       106705         2.50
    3260.415     0.650000       115609         2.86
    3401.727     0.700000       124508         3.33
    3522.559     0.750000       133431         4.00
    3583.999     0.775000       137912         4.44
    3643.391     0.800000       142264         5.00
    3710.975     0.825000       146708         5.71
    3792.895     0.850000       151200         6.67
    3891.199     0.875000       155661         8.00
    3942.399     0.887500       157843         8.89
    4005.887     0.900000       160084        10.00
    4079.615     0.912500       162260        11.43
    4173.823     0.925000       164485        13.33
    4288.511     0.937500       166772        16.00
    4337.663     0.943750       167819        17.78
    4390.911     0.950000       168956        20.00
    4448.255     0.956250       170094        22.86
    4501.503     0.962500       171187        26.67
    4558.847     0.968750       172346        32.00
    4583.423     0.971875       172841        35.56
    4616.191     0.975000       173383        40.00
    4648.959     0.978125       173972        45.71
    4685.823     0.981250       174491        53.33
    4726.783     0.984375       175088        64.00
    4743.167     0.985938       175385        71.11
    4759.551     0.987500       175626        80.00
    4784.127     0.989062       175896        91.43
    4812.799     0.990625       176181       106.67
    4841.471     0.992188       176449       128.00
    4857.855     0.992969       176590       142.22
    4874.239     0.993750       176719       160.00
    4894.719     0.994531       176848       182.86
    4919.295     0.995313       177002       213.33
    4956.159     0.996094       177121       256.00
    4972.543     0.996484       177189       284.44
    4993.023     0.996875       177271       320.00
    5009.407     0.997266       177335       365.71
    5025.791     0.997656       177397       426.67
    5050.367     0.998047       177466       512.00
    5062.655     0.998242       177508       568.89
    5070.847     0.998437       177538       640.00
    5083.135     0.998633       177570       731.43
    5095.423     0.998828       177611       853.33
    5111.807     0.999023       177649      1024.00
    5115.903     0.999121       177659      1137.78
    5124.095     0.999219       177674      1280.00
    5140.479     0.999316       177697      1462.86
    5148.671     0.999414       177714      1706.67
    5156.863     0.999512       177727      2048.00
    5165.055     0.999561       177738      2275.56
    5169.151     0.999609       177743      2560.00
    5181.439     0.999658       177754      2925.71
    5185.535     0.999707       177761      3413.33
    5197.823     0.999756       177772      4096.00
    5201.919     0.999780       177773      4551.11
    5226.495     0.999805       177779      5120.00
    5242.879     0.999829       177785      5851.43
    5246.975     0.999854       177787      6826.67
    5263.359     0.999878       177791      8192.00
    5267.455     0.999890       177794      9102.22
    5279.743     0.999902       177795     10240.00
    5296.127     0.999915       177797     11702.86
    5308.415     0.999927       177799     13653.33
    5369.855     0.999939       177802     16384.00
    5373.951     0.999945       177803     18204.44
    5378.047     0.999951       177804     20480.00
    5459.967     0.999957       177806     23405.71
    5459.967     0.999963       177806     27306.67
    5468.159     0.999969       177807     32768.00
    5476.351     0.999973       177809     36408.89
    5476.351     0.999976       177809     40960.00
    5476.351     0.999979       177809     46811.43
    5476.351     0.999982       177809     54613.33
    5484.543     0.999985       177810     65536.00
    5484.543     0.999986       177810     72817.78
    5484.543     0.999988       177810     81920.00
    5488.639     0.999989       177811     93622.86
    5488.639     0.999991       177811    109226.67
    5488.639     0.999992       177811    131072.00
    5488.639     0.999993       177811    145635.56
    5488.639     0.999994       177811    163840.00
    5492.735     0.999995       177812    187245.71
    5492.735     1.000000       177812          inf
#[Mean    =     2639.515, StdDeviation   =     1084.587]
#[Max     =     5488.640, Total count    =       177812]
#[Buckets =           27, SubBuckets     =         2048]
-----------------------------------------------------------------------
  211827 requests in 1.00m, 32.84MB read
Requests/sec:   3541.09  
Transfer/sec:    562.23KB

=== rps=4000 c=800 t=80 url=http://10.10.1.1:16874 ===
setup: assigned thread_id=1
init: final thread_id=1, base_seed=nil
setup: assigned thread_id=2
init: final thread_id=2, base_seed=nil
setup: assigned thread_id=3
init: final thread_id=3, base_seed=nil
setup: assigned thread_id=4
init: final thread_id=4, base_seed=nil
setup: assigned thread_id=5
init: final thread_id=5, base_seed=nil
setup: assigned thread_id=6
init: final thread_id=6, base_seed=nil
setup: assigned thread_id=7
init: final thread_id=7, base_seed=nil
setup: assigned thread_id=8
init: final thread_id=8, base_seed=nil
setup: assigned thread_id=9
init: final thread_id=9, base_seed=nil
setup: assigned thread_id=10
init: final thread_id=10, base_seed=nil
setup: assigned thread_id=11
init: final thread_id=11, base_seed=nil
setup: assigned thread_id=12
init: final thread_id=12, base_seed=nil
setup: assigned thread_id=13
init: final thread_id=13, base_seed=nil
setup: assigned thread_id=14
init: final thread_id=14, base_seed=nil
setup: assigned thread_id=15
init: final thread_id=15, base_seed=nil
setup: assigned thread_id=16
init: final thread_id=16, base_seed=nil
setup: assigned thread_id=17
init: final thread_id=17, base_seed=nil
setup: assigned thread_id=18
init: final thread_id=18, base_seed=nil
setup: assigned thread_id=19
init: final thread_id=19, base_seed=nil
setup: assigned thread_id=20
init: final thread_id=20, base_seed=nil
setup: assigned thread_id=21
init: final thread_id=21, base_seed=nil
setup: assigned thread_id=22
init: final thread_id=22, base_seed=nil
setup: assigned thread_id=23
init: final thread_id=23, base_seed=nil
setup: assigned thread_id=24
init: final thread_id=24, base_seed=nil
setup: assigned thread_id=25
init: final thread_id=25, base_seed=nil
setup: assigned thread_id=26
init: final thread_id=26, base_seed=nil
setup: assigned thread_id=27
init: final thread_id=27, base_seed=nil
setup: assigned thread_id=28
init: final thread_id=28, base_seed=nil
setup: assigned thread_id=29
init: final thread_id=29, base_seed=nil
setup: assigned thread_id=30
init: final thread_id=30, base_seed=nil
setup: assigned thread_id=31
init: final thread_id=31, base_seed=nil
setup: assigned thread_id=32
init: final thread_id=32, base_seed=nil
setup: assigned thread_id=33
init: final thread_id=33, base_seed=nil
setup: assigned thread_id=34
init: final thread_id=34, base_seed=nil
setup: assigned thread_id=35
init: final thread_id=35, base_seed=nil
setup: assigned thread_id=36
init: final thread_id=36, base_seed=nil
setup: assigned thread_id=37
init: final thread_id=37, base_seed=nil
setup: assigned thread_id=38
init: final thread_id=38, base_seed=nil
setup: assigned thread_id=39
init: final thread_id=39, base_seed=nil
setup: assigned thread_id=40
init: final thread_id=40, base_seed=nil
setup: assigned thread_id=41
init: final thread_id=41, base_seed=nil
setup: assigned thread_id=42
init: final thread_id=42, base_seed=nil
setup: assigned thread_id=43
init: final thread_id=43, base_seed=nil
setup: assigned thread_id=44
init: final thread_id=44, base_seed=nil
setup: assigned thread_id=45
init: final thread_id=45, base_seed=nil
setup: assigned thread_id=46
init: final thread_id=46, base_seed=nil
setup: assigned thread_id=47
init: final thread_id=47, base_seed=nil
setup: assigned thread_id=48
init: final thread_id=48, base_seed=nil
setup: assigned thread_id=49
init: final thread_id=49, base_seed=nil
setup: assigned thread_id=50
init: final thread_id=50, base_seed=nil
setup: assigned thread_id=51
init: final thread_id=51, base_seed=nil
setup: assigned thread_id=52
init: final thread_id=52, base_seed=nil
setup: assigned thread_id=53
init: final thread_id=53, base_seed=nil
setup: assigned thread_id=54
init: final thread_id=54, base_seed=nil
setup: assigned thread_id=55
init: final thread_id=55, base_seed=nil
setup: assigned thread_id=56
init: final thread_id=56, base_seed=nil
setup: assigned thread_id=57
init: final thread_id=57, base_seed=nil
setup: assigned thread_id=58
init: final thread_id=58, base_seed=nil
setup: assigned thread_id=59
init: final thread_id=59, base_seed=nil
setup: assigned thread_id=60
init: final thread_id=60, base_seed=nil
setup: assigned thread_id=61
init: final thread_id=61, base_seed=nil
setup: assigned thread_id=62
init: final thread_id=62, base_seed=nil
setup: assigned thread_id=63
init: final thread_id=63, base_seed=nil
setup: assigned thread_id=64
init: final thread_id=64, base_seed=nil
setup: assigned thread_id=65
init: final thread_id=65, base_seed=nil
setup: assigned thread_id=66
init: final thread_id=66, base_seed=nil
setup: assigned thread_id=67
init: final thread_id=67, base_seed=nil
setup: assigned thread_id=68
init: final thread_id=68, base_seed=nil
setup: assigned thread_id=69
init: final thread_id=69, base_seed=nil
setup: assigned thread_id=70
init: final thread_id=70, base_seed=nil
setup: assigned thread_id=71
init: final thread_id=71, base_seed=nil
setup: assigned thread_id=72
init: final thread_id=72, base_seed=nil
setup: assigned thread_id=73
init: final thread_id=73, base_seed=nil
setup: assigned thread_id=74
init: final thread_id=74, base_seed=nil
setup: assigned thread_id=75
init: final thread_id=75, base_seed=nil
setup: assigned thread_id=76
init: final thread_id=76, base_seed=nil
setup: assigned thread_id=77
init: final thread_id=77, base_seed=nil
setup: assigned thread_id=78
init: final thread_id=78, base_seed=nil
setup: assigned thread_id=79
init: final thread_id=79, base_seed=nil
setup: assigned thread_id=80
init: final thread_id=80, base_seed=nil
script_want_response
Running 1m test @ http://10.10.1.1:16874
  80 threads and 800 connections

  Thread calibration: mean lat.: 263.638ms, rate sampling interval: 758ms
  Thread calibration: mean lat.: 257.734ms, rate sampling interval: 754ms
  Thread calibration: mean lat.: 255.267ms, rate sampling interval: 714ms
  Thread calibration: mean lat.: 274.327ms, rate sampling interval: 795ms
  Thread calibration: mean lat.: 274.703ms, rate sampling interval: 850ms
  Thread calibration: mean lat.: 265.735ms, rate sampling interval: 783ms
  Thread calibration: mean lat.: 252.166ms, rate sampling interval: 717ms
  Thread calibration: mean lat.: 251.597ms, rate sampling interval: 724ms
  Thread calibration: mean lat.: 267.259ms, rate sampling interval: 763ms
  Thread calibration: mean lat.: 285.016ms, rate sampling interval: 843ms
  Thread calibration: mean lat.: 288.313ms, rate sampling interval: 879ms
  Thread calibration: mean lat.: 273.757ms, rate sampling interval: 836ms
  Thread calibration: mean lat.: 253.154ms, rate sampling interval: 694ms
  Thread calibration: mean lat.: 267.803ms, rate sampling interval: 845ms
  Thread calibration: mean lat.: 321.135ms, rate sampling interval: 1098ms
  Thread calibration: mean lat.: 302.423ms, rate sampling interval: 913ms
  Thread calibration: mean lat.: 265.375ms, rate sampling interval: 757ms
  Thread calibration: mean lat.: 299.383ms, rate sampling interval: 930ms
  Thread calibration: mean lat.: 278.896ms, rate sampling interval: 845ms
  Thread calibration: mean lat.: 293.704ms, rate sampling interval: 946ms
  Thread calibration: mean lat.: 263.684ms, rate sampling interval: 851ms
  Thread calibration: mean lat.: 255.584ms, rate sampling interval: 782ms
  Thread calibration: mean lat.: 256.566ms, rate sampling interval: 727ms
  Thread calibration: mean lat.: 251.559ms, rate sampling interval: 784ms
  Thread calibration: mean lat.: 253.120ms, rate sampling interval: 758ms
  Thread calibration: mean lat.: 245.679ms, rate sampling interval: 814ms
  Thread calibration: mean lat.: 261.180ms, rate sampling interval: 791ms
  Thread calibration: mean lat.: 270.241ms, rate sampling interval: 963ms
  Thread calibration: mean lat.: 238.038ms, rate sampling interval: 738ms
  Thread calibration: mean lat.: 254.697ms, rate sampling interval: 816ms
  Thread calibration: mean lat.: 264.332ms, rate sampling interval: 870ms
  Thread calibration: mean lat.: 223.122ms, rate sampling interval: 662ms
  Thread calibration: mean lat.: 251.583ms, rate sampling interval: 749ms
  Thread calibration: mean lat.: 243.732ms, rate sampling interval: 748ms
  Thread calibration: mean lat.: 294.659ms, rate sampling interval: 963ms
  Thread calibration: mean lat.: 264.805ms, rate sampling interval: 837ms
  Thread calibration: mean lat.: 250.309ms, rate sampling interval: 746ms
  Thread calibration: mean lat.: 246.408ms, rate sampling interval: 724ms
  Thread calibration: mean lat.: 283.163ms, rate sampling interval: 964ms
  Thread calibration: mean lat.: 270.376ms, rate sampling interval: 794ms
  Thread calibration: mean lat.: 280.463ms, rate sampling interval: 812ms
  Thread calibration: mean lat.: 291.839ms, rate sampling interval: 1042ms
  Thread calibration: mean lat.: 256.839ms, rate sampling interval: 754ms
  Thread calibration: mean lat.: 275.368ms, rate sampling interval: 852ms
  Thread calibration: mean lat.: 289.379ms, rate sampling interval: 850ms
  Thread calibration: mean lat.: 252.119ms, rate sampling interval: 722ms
  Thread calibration: mean lat.: 262.124ms, rate sampling interval: 854ms
  Thread calibration: mean lat.: 250.292ms, rate sampling interval: 693ms
  Thread calibration: mean lat.: 274.561ms, rate sampling interval: 871ms
  Thread calibration: mean lat.: 264.613ms, rate sampling interval: 761ms
  Thread calibration: mean lat.: 297.290ms, rate sampling interval: 902ms
  Thread calibration: mean lat.: 261.134ms, rate sampling interval: 758ms
  Thread calibration: mean lat.: 285.347ms, rate sampling interval: 929ms
  Thread calibration: mean lat.: 281.362ms, rate sampling interval: 866ms
  Thread calibration: mean lat.: 274.017ms, rate sampling interval: 831ms
  Thread calibration: mean lat.: 300.594ms, rate sampling interval: 1012ms
  Thread calibration: mean lat.: 250.240ms, rate sampling interval: 721ms
  Thread calibration: mean lat.: 280.534ms, rate sampling interval: 826ms
  Thread calibration: mean lat.: 259.211ms, rate sampling interval: 841ms
  Thread calibration: mean lat.: 274.937ms, rate sampling interval: 786ms
  Thread calibration: mean lat.: 285.353ms, rate sampling interval: 907ms
  Thread calibration: mean lat.: 261.915ms, rate sampling interval: 867ms
  Thread calibration: mean lat.: 243.694ms, rate sampling interval: 637ms
  Thread calibration: mean lat.: 262.761ms, rate sampling interval: 741ms
  Thread calibration: mean lat.: 318.633ms, rate sampling interval: 1049ms
  Thread calibration: mean lat.: 283.403ms, rate sampling interval: 875ms
  Thread calibration: mean lat.: 277.290ms, rate sampling interval: 785ms
  Thread calibration: mean lat.: 264.584ms, rate sampling interval: 704ms
  Thread calibration: mean lat.: 271.467ms, rate sampling interval: 785ms
  Thread calibration: mean lat.: 287.698ms, rate sampling interval: 924ms
  Thread calibration: mean lat.: 284.026ms, rate sampling interval: 919ms
  Thread calibration: mean lat.: 257.701ms, rate sampling interval: 794ms
  Thread calibration: mean lat.: 269.442ms, rate sampling interval: 754ms
  Thread calibration: mean lat.: 258.268ms, rate sampling interval: 655ms
  Thread calibration: mean lat.: 267.246ms, rate sampling interval: 699ms
  Thread calibration: mean lat.: 260.373ms, rate sampling interval: 667ms
  Thread calibration: mean lat.: 282.448ms, rate sampling interval: 925ms
  Thread calibration: mean lat.: 281.335ms, rate sampling interval: 799ms
  Thread calibration: mean lat.: 335.948ms, rate sampling interval: 1147ms
  Thread calibration: mean lat.: 276.877ms, rate sampling interval: 798ms

-----------------------------------------------------------------------
Test Results @ http://10.10.1.1:16874 
  Thread Stats   Avg      Stdev     99%   +/- Stdev
    Latency     3.14s     1.95s    8.53s    60.98%
    Req/Sec    43.69      3.58    51.00     80.64%
  Latency Distribution (HdrHistogram - Recorded Latency)
 50.000%    2.91s 
 75.000%    4.64s 
 90.000%    5.65s 
 99.000%    8.53s 
 99.900%    9.48s 
 99.990%    9.89s 
 99.999%   10.09s 
100.000%   10.17s 

  Detailed Percentile spectrum:
       Value   Percentile   TotalCount 1/(1-Percentile)

     117.887     0.000000            1         1.00
     629.247     0.100000        17605         1.11
    1126.399     0.200000        35218         1.25
    1823.743     0.300000        52830         1.43
    2404.351     0.400000        70435         1.67
    2912.255     0.500000        88050         2.00
    3225.599     0.550000        96828         2.22
    3579.903     0.600000       105653         2.50
    3936.255     0.650000       114467         2.86
    4280.319     0.700000       123311         3.33
    4640.767     0.750000       132059         4.00
    4808.703     0.775000       136462         4.44
    4976.639     0.800000       140918         5.00
    5136.383     0.825000       145290         5.71
    5292.031     0.850000       149682         6.67
    5459.967     0.875000       154115         8.00
    5545.983     0.887500       156233         8.89
    5648.383     0.900000       158505        10.00
    5754.879     0.912500       160627        11.43
    5885.951     0.925000       162841        13.33
    6053.887     0.937500       165050        16.00
    6168.575     0.943750       166161        17.78
    6287.359     0.950000       167244        20.00
    6422.527     0.956250       168340        22.86
    6594.559     0.962500       169444        26.67
    6840.319     0.968750       170528        32.00
    7012.351     0.971875       171085        35.56
    7213.055     0.975000       171633        40.00
    7495.679     0.978125       172177        45.71
    7802.879     0.981250       172729        53.33
    8097.791     0.984375       173281        64.00
    8228.863     0.985938       173559        71.11
    8351.743     0.987500       173827        80.00
    8462.335     0.989062       174106        91.43
    8577.023     0.990625       174390       106.67
    8691.711     0.992188       174656       128.00
    8765.439     0.992969       174793       142.22
    8830.975     0.993750       174938       160.00
    8896.511     0.994531       175075       182.86
    8962.047     0.995313       175208       213.33
    9043.967     0.996094       175352       256.00
    9076.735     0.996484       175419       284.44
    9125.887     0.996875       175484       320.00
    9166.847     0.997266       175549       365.71
    9215.999     0.997656       175621       426.67
    9273.343     0.998047       175690       512.00
    9314.303     0.998242       175725       568.89
    9338.879     0.998437       175752       640.00
    9371.647     0.998633       175792       731.43
    9412.607     0.998828       175821       853.33
    9478.143     0.999023       175856      1024.00
    9502.719     0.999121       175874      1137.78
    9535.487     0.999219       175891      1280.00
    9568.255     0.999316       175912      1462.86
    9592.831     0.999414       175931      1706.67
    9609.215     0.999512       175943      2048.00
    9633.791     0.999561       175950      2275.56
    9666.559     0.999609       175960      2560.00
    9682.943     0.999658       175970      2925.71
    9723.903     0.999707       175977      3413.33
    9756.671     0.999756       175986      4096.00
    9781.247     0.999780       175992      4551.11
    9789.439     0.999805       175995      5120.00
    9797.631     0.999829       175998      5851.43
    9830.399     0.999854       176002      6826.67
    9871.359     0.999878       176006      8192.00
    9887.743     0.999890       176010      9102.22
    9887.743     0.999902       176010     10240.00
    9904.127     0.999915       176012     11702.86
    9953.279     0.999927       176019     13653.33
    9953.279     0.999939       176019     16384.00
    9953.279     0.999945       176019     18204.44
    9953.279     0.999951       176019     20480.00
    9961.471     0.999957       176020     23405.71
   10018.815     0.999963       176021     27306.67
   10027.007     0.999969       176022     32768.00
   10035.199     0.999973       176023     36408.89
   10035.199     0.999976       176023     40960.00
   10051.583     0.999979       176024     46811.43
   10051.583     0.999982       176024     54613.33
   10092.543     0.999985       176025     65536.00
   10092.543     0.999986       176025     72817.78
   10092.543     0.999988       176025     81920.00
   10141.695     0.999989       176026     93622.86
   10141.695     0.999991       176026    109226.67
   10141.695     0.999992       176026    131072.00
   10141.695     0.999993       176026    145635.56
   10141.695     0.999994       176026    163840.00
   10166.271     0.999995       176027    187245.71
   10166.271     1.000000       176027          inf
#[Mean    =     3135.605, StdDeviation   =     1950.494]
#[Max     =    10158.080, Total count    =       176027]
#[Buckets =           27, SubBuckets     =         2048]
-----------------------------------------------------------------------
  213906 requests in 1.00m, 33.17MB read
Requests/sec:   3570.66  
Transfer/sec:    567.04KB
