setup: assigned thread_id=1
init: final thread_id=1, base_seed=nil
script_want_response
Running 2m test @ http://10.10.1.1:17538
  1 threads and 10 connections

  Thread calibration: mean lat.: 62.836ms, rate sampling interval: 118ms

-----------------------------------------------------------------------
Test Results @ http://10.10.1.1:17538 
  Thread Stats   Avg      Stdev     99%   +/- Stdev
    Latency     7.29ms    1.08ms   9.89ms   79.03%
    Req/Sec    99.88     29.81   170.00     82.55%
  Latency Distribution (HdrHistogram - Recorded Latency)
 50.000%    7.13ms
 75.000%    7.75ms
 90.000%    8.58ms
 99.000%    9.89ms
 99.900%   18.25ms
 99.990%   25.33ms
 99.999%   26.62ms
100.000%   26.62ms

  Detailed Percentile spectrum:
       Value   Percentile   TotalCount 1/(1-Percentile)

       4.199     0.000000            1         1.00
       6.287     0.100000          901         1.11
       6.555     0.200000         1812         1.25
       6.751     0.300000         2711         1.43
       6.943     0.400000         3612         1.67
       7.131     0.500000         4514         2.00
       7.227     0.550000         4963         2.22
       7.335     0.600000         5412         2.50
       7.451     0.650000         5862         2.86
       7.587     0.700000         6310         3.33
       7.751     0.750000         6755         4.00
       7.843     0.775000         6979         4.44
       7.967     0.800000         7205         5.00
       8.099     0.825000         7428         5.71
       8.263     0.850000         7658         6.67
       8.399     0.875000         7878         8.00
       8.503     0.887500         7997         8.89
       8.583     0.900000         8109        10.00
       8.671     0.912500         8218        11.43
       8.783     0.925000         8331        13.33
       8.887     0.937500         8443        16.00
       8.951     0.943750         8494        17.78
       9.015     0.950000         8550        20.00
       9.095     0.956250         8609        22.86
       9.167     0.962500         8664        26.67
       9.255     0.968750         8720        32.00
       9.319     0.971875         8747        35.56
       9.383     0.975000         8778        40.00
       9.439     0.978125         8805        45.71
       9.487     0.981250         8832        53.33
       9.583     0.984375         8861        64.00
       9.655     0.985938         8875        71.11
       9.719     0.987500         8889        80.00
       9.815     0.989062         8904        91.43
       9.983     0.990625         8916       106.67
      10.151     0.992188         8930       128.00
      10.247     0.992969         8937       142.22
      10.367     0.993750         8944       160.00
      10.663     0.994531         8951       182.86
      11.383     0.995313         8958       213.33
      11.751     0.996094         8965       256.00
      11.911     0.996484         8969       284.44
      12.015     0.996875         8972       320.00
      12.207     0.997266         8976       365.71
      12.255     0.997656         8979       426.67
      12.407     0.998047         8983       512.00
      12.575     0.998242         8985       568.89
      12.831     0.998437         8986       640.00
      13.055     0.998633         8988       731.43
      14.455     0.998828         8990       853.33
      19.935     0.999023         8992      1024.00
      19.999     0.999121         8993      1137.78
      19.999     0.999219         8993      1280.00
      21.535     0.999316         8994      1462.86
      21.679     0.999414         8995      1706.67
      23.695     0.999512         8996      2048.00
      23.839     0.999561         8997      2275.56
      23.839     0.999609         8997      2560.00
      23.839     0.999658         8997      2925.71
      24.911     0.999707         8998      3413.33
      24.911     0.999756         8998      4096.00
      25.327     0.999780         8999      4551.11
      25.327     0.999805         8999      5120.00
      25.327     0.999829         8999      5851.43
      25.327     0.999854         8999      6826.67
      25.327     0.999878         8999      8192.00
      26.623     0.999890         9000      9102.22
      26.623     1.000000         9000          inf
#[Mean    =        7.288, StdDeviation   =        1.082]
#[Max     =       26.608, Total count    =         9000]
#[Buckets =           27, SubBuckets     =         2048]
-----------------------------------------------------------------------
  9991 requests in 1.67m, 1.55MB read
Requests/sec:     99.90  
Transfer/sec:     15.85KB

=== rps=2000 c=200 t=20 url=http://10.10.1.1:17538 ===
setup: assigned thread_id=1
init: final thread_id=1, base_seed=nil
setup: assigned thread_id=2
init: final thread_id=2, base_seed=nil
setup: assigned thread_id=3
init: final thread_id=3, base_seed=nil
setup: assigned thread_id=4
init: final thread_id=4, base_seed=nil
setup: assigned thread_id=5
init: final thread_id=5, base_seed=nil
setup: assigned thread_id=6
init: final thread_id=6, base_seed=nil
setup: assigned thread_id=7
init: final thread_id=7, base_seed=nil
setup: assigned thread_id=8
init: final thread_id=8, base_seed=nil
setup: assigned thread_id=9
init: final thread_id=9, base_seed=nil
setup: assigned thread_id=10
init: final thread_id=10, base_seed=nil
setup: assigned thread_id=11
init: final thread_id=11, base_seed=nil
setup: assigned thread_id=12
init: final thread_id=12, base_seed=nil
setup: assigned thread_id=13
init: final thread_id=13, base_seed=nil
setup: assigned thread_id=14
init: final thread_id=14, base_seed=nil
setup: assigned thread_id=15
init: final thread_id=15, base_seed=nil
setup: assigned thread_id=16
init: final thread_id=16, base_seed=nil
setup: assigned thread_id=17
init: final thread_id=17, base_seed=nil
setup: assigned thread_id=18
init: final thread_id=18, base_seed=nil
setup: assigned thread_id=19
init: final thread_id=19, base_seed=nil
setup: assigned thread_id=20
init: final thread_id=20, base_seed=nil
script_want_response
Running 1m test @ http://10.10.1.1:17538
  20 threads and 200 connections

  Thread calibration: mean lat.: 10.368ms, rate sampling interval: 33ms
  Thread calibration: mean lat.: 10.517ms, rate sampling interval: 33ms
  Thread calibration: mean lat.: 10.873ms, rate sampling interval: 34ms
  Thread calibration: mean lat.: 12.141ms, rate sampling interval: 39ms
  Thread calibration: mean lat.: 11.836ms, rate sampling interval: 35ms
  Thread calibration: mean lat.: 12.995ms, rate sampling interval: 39ms
  Thread calibration: mean lat.: 13.261ms, rate sampling interval: 39ms
  Thread calibration: mean lat.: 13.722ms, rate sampling interval: 39ms
  Thread calibration: mean lat.: 13.240ms, rate sampling interval: 35ms
  Thread calibration: mean lat.: 13.778ms, rate sampling interval: 38ms
  Thread calibration: mean lat.: 14.896ms, rate sampling interval: 42ms
  Thread calibration: mean lat.: 14.539ms, rate sampling interval: 42ms
  Thread calibration: mean lat.: 17.316ms, rate sampling interval: 46ms
  Thread calibration: mean lat.: 17.216ms, rate sampling interval: 46ms
  Thread calibration: mean lat.: 17.820ms, rate sampling interval: 47ms
  Thread calibration: mean lat.: 18.763ms, rate sampling interval: 47ms
  Thread calibration: mean lat.: 18.528ms, rate sampling interval: 46ms
  Thread calibration: mean lat.: 18.035ms, rate sampling interval: 45ms
  Thread calibration: mean lat.: 17.420ms, rate sampling interval: 44ms
  Thread calibration: mean lat.: 19.168ms, rate sampling interval: 47ms

-----------------------------------------------------------------------
Test Results @ http://10.10.1.1:17538 
  Thread Stats   Avg      Stdev     99%   +/- Stdev
    Latency    17.15ms    8.05ms  48.67ms   76.45%
    Req/Sec   100.89     80.67   281.00     60.91%
  Latency Distribution (HdrHistogram - Recorded Latency)
 50.000%   15.64ms
 75.000%   20.86ms
 90.000%   26.05ms
 99.000%   48.67ms
 99.900%   66.37ms
 99.990%   73.09ms
 99.999%   74.50ms
100.000%   87.10ms

  Detailed Percentile spectrum:
       Value   Percentile   TotalCount 1/(1-Percentile)

       5.851     0.000000            1         1.00
       8.807     0.100000        10033         1.11
      10.527     0.200000        19992         1.25
      12.455     0.300000        29989         1.43
      14.143     0.400000        39967         1.67
      15.639     0.500000        50000         2.00
      16.527     0.550000        55025         2.22
      17.487     0.600000        59966         2.50
      18.527     0.650000        64968         2.86
      19.631     0.700000        69951         3.33
      20.863     0.750000        74929         4.00
      21.551     0.775000        77480         4.44
      22.255     0.800000        79973         5.00
      23.039     0.825000        82466         5.71
      23.903     0.850000        84920         6.67
      24.895     0.875000        87420         8.00
      25.439     0.887500        88678         8.89
      26.047     0.900000        89928        10.00
      26.815     0.912500        91182        11.43
      27.775     0.925000        92431        13.33
      28.991     0.937500        93662        16.00
      29.791     0.943750        94299        17.78
      30.671     0.950000        94910        20.00
      31.711     0.956250        95537        22.86
      33.055     0.962500        96164        26.67
      34.655     0.968750        96792        32.00
      35.903     0.971875        97102        35.56
      37.375     0.975000        97412        40.00
      39.103     0.978125        97725        45.71
      41.631     0.981250        98034        53.33
      44.063     0.984375        98344        64.00
      45.183     0.985938        98503        71.11
      46.527     0.987500        98659        80.00
      47.967     0.989062        98814        91.43
      49.375     0.990625        98969       106.67
      51.039     0.992188        99125       128.00
      52.895     0.992969        99203       142.22
      54.047     0.993750        99284       160.00
      54.847     0.994531        99363       182.86
      55.775     0.995313        99438       213.33
      56.831     0.996094        99515       256.00
      58.111     0.996484        99554       284.44
      59.647     0.996875        99593       320.00
      61.023     0.997266        99632       365.71
      62.463     0.997656        99671       426.67
      63.743     0.998047        99713       512.00
      64.255     0.998242        99730       568.89
      64.671     0.998437        99750       640.00
      65.311     0.998633        99769       731.43
      65.791     0.998828        99788       853.33
      66.431     0.999023        99810      1024.00
      66.623     0.999121        99818      1137.78
      66.943     0.999219        99829      1280.00
      67.199     0.999316        99837      1462.86
      67.647     0.999414        99847      1706.67
      68.415     0.999512        99857      2048.00
      68.991     0.999561        99862      2275.56
      69.311     0.999609        99866      2560.00
      69.695     0.999658        99873      2925.71
      69.887     0.999707        99876      3413.33
      70.399     0.999756        99881      4096.00
      70.847     0.999780        99884      4551.11
      71.999     0.999805        99886      5120.00
      72.447     0.999829        99889      5851.43
      72.639     0.999854        99891      6826.67
      72.959     0.999878        99893      8192.00
      73.087     0.999890        99896      9102.22
      73.087     0.999902        99896     10240.00
      73.151     0.999915        99897     11702.86
      73.215     0.999927        99899     13653.33
      73.215     0.999939        99899     16384.00
      73.279     0.999945        99901     18204.44
      73.279     0.999951        99901     20480.00
      73.279     0.999957        99901     23405.71
      73.471     0.999963        99902     27306.67
      73.471     0.999969        99902     32768.00
      73.535     0.999973        99903     36408.89
      73.535     0.999976        99903     40960.00
      73.535     0.999979        99903     46811.43
      74.495     0.999982        99904     54613.33
      74.495     0.999985        99904     65536.00
      74.495     0.999986        99904     72817.78
      74.495     0.999988        99904     81920.00
      74.495     0.999989        99904     93622.86
      87.103     0.999991        99905    109226.67
      87.103     1.000000        99905          inf
#[Mean    =       17.153, StdDeviation   =        8.050]
#[Max     =       87.040, Total count    =        99905]
#[Buckets =           27, SubBuckets     =         2048]
-----------------------------------------------------------------------
  119630 requests in 1.00m, 18.55MB read
Requests/sec:   1996.55  
Transfer/sec:    317.04KB

=== rps=2200 c=242 t=25 url=http://10.10.1.1:17538 ===
setup: assigned thread_id=1
init: final thread_id=1, base_seed=nil
setup: assigned thread_id=2
init: final thread_id=2, base_seed=nil
setup: assigned thread_id=3
init: final thread_id=3, base_seed=nil
setup: assigned thread_id=4
init: final thread_id=4, base_seed=nil
setup: assigned thread_id=5
init: final thread_id=5, base_seed=nil
setup: assigned thread_id=6
init: final thread_id=6, base_seed=nil
setup: assigned thread_id=7
init: final thread_id=7, base_seed=nil
setup: assigned thread_id=8
init: final thread_id=8, base_seed=nil
setup: assigned thread_id=9
init: final thread_id=9, base_seed=nil
setup: assigned thread_id=10
init: final thread_id=10, base_seed=nil
setup: assigned thread_id=11
init: final thread_id=11, base_seed=nil
setup: assigned thread_id=12
init: final thread_id=12, base_seed=nil
setup: assigned thread_id=13
init: final thread_id=13, base_seed=nil
setup: assigned thread_id=14
init: final thread_id=14, base_seed=nil
setup: assigned thread_id=15
init: final thread_id=15, base_seed=nil
setup: assigned thread_id=16
init: final thread_id=16, base_seed=nil
setup: assigned thread_id=17
init: final thread_id=17, base_seed=nil
setup: assigned thread_id=18
init: final thread_id=18, base_seed=nil
setup: assigned thread_id=19
init: final thread_id=19, base_seed=nil
setup: assigned thread_id=20
init: final thread_id=20, base_seed=nil
setup: assigned thread_id=21
init: final thread_id=21, base_seed=nil
setup: assigned thread_id=22
init: final thread_id=22, base_seed=nil
setup: assigned thread_id=23
init: final thread_id=23, base_seed=nil
setup: assigned thread_id=24
init: final thread_id=24, base_seed=nil
setup: assigned thread_id=25
init: final thread_id=25, base_seed=nil
script_want_response
Running 1m test @ http://10.10.1.1:17538
  25 threads and 242 connections

  Thread calibration: mean lat.: 18.657ms, rate sampling interval: 74ms
  Thread calibration: mean lat.: 21.478ms, rate sampling interval: 76ms
  Thread calibration: mean lat.: 21.529ms, rate sampling interval: 77ms
  Thread calibration: mean lat.: 22.519ms, rate sampling interval: 79ms
  Thread calibration: mean lat.: 23.198ms, rate sampling interval: 79ms
  Thread calibration: mean lat.: 25.178ms, rate sampling interval: 81ms
  Thread calibration: mean lat.: 24.252ms, rate sampling interval: 79ms
  Thread calibration: mean lat.: 22.818ms, rate sampling interval: 76ms
  Thread calibration: mean lat.: 19.136ms, rate sampling interval: 69ms
  Thread calibration: mean lat.: 19.499ms, rate sampling interval: 70ms
  Thread calibration: mean lat.: 17.606ms, rate sampling interval: 62ms
  Thread calibration: mean lat.: 17.811ms, rate sampling interval: 57ms
  Thread calibration: mean lat.: 18.220ms, rate sampling interval: 60ms
  Thread calibration: mean lat.: 19.898ms, rate sampling interval: 66ms
  Thread calibration: mean lat.: 20.648ms, rate sampling interval: 68ms
  Thread calibration: mean lat.: 22.315ms, rate sampling interval: 73ms
  Thread calibration: mean lat.: 30.891ms, rate sampling interval: 88ms
  Thread calibration: mean lat.: 32.546ms, rate sampling interval: 91ms
  Thread calibration: mean lat.: 33.115ms, rate sampling interval: 91ms
  Thread calibration: mean lat.: 33.154ms, rate sampling interval: 90ms
  Thread calibration: mean lat.: 32.814ms, rate sampling interval: 89ms
  Thread calibration: mean lat.: 32.490ms, rate sampling interval: 88ms
  Thread calibration: mean lat.: 31.928ms, rate sampling interval: 86ms
  Thread calibration: mean lat.: 31.275ms, rate sampling interval: 85ms
  Thread calibration: mean lat.: 30.493ms, rate sampling interval: 85ms

-----------------------------------------------------------------------
Test Results @ http://10.10.1.1:17538 
  Thread Stats   Avg      Stdev     99%   +/- Stdev
    Latency    26.72ms   12.67ms  61.12ms   64.49%
    Req/Sec    88.11     34.33   147.00     73.73%
  Latency Distribution (HdrHistogram - Recorded Latency)
 50.000%   26.22ms
 75.000%   35.52ms
 90.000%   42.69ms
 99.000%   61.12ms
 99.900%   76.22ms
 99.990%   80.51ms
 99.999%   81.28ms
100.000%   81.41ms

  Detailed Percentile spectrum:
       Value   Percentile   TotalCount 1/(1-Percentile)

       6.335     0.000000            1         1.00
      10.831     0.100000        11008         1.11
      14.063     0.200000        21986         1.25
      17.455     0.300000        32991         1.43
      21.919     0.400000        43967         1.67
      26.223     0.500000        54971         2.00
      28.223     0.550000        60444         2.22
      30.143     0.600000        65940         2.50
      31.935     0.650000        71415         2.86
      33.695     0.700000        76975         3.33
      35.519     0.750000        82440         4.00
      36.479     0.775000        85207         4.44
      37.439     0.800000        87906         5.00
      38.527     0.825000        90667         5.71
      39.679     0.850000        93438         6.67
      41.023     0.875000        96154         8.00
      41.791     0.887500        97536         8.89
      42.687     0.900000        98899        10.00
      43.647     0.912500       100270        11.43
      44.799     0.925000       101642        13.33
      46.367     0.937500       103024        16.00
      47.263     0.943750       103683        17.78
      48.319     0.950000       104374        20.00
      49.471     0.956250       105068        22.86
      50.751     0.962500       105750        26.67
      52.319     0.968750       106437        32.00
      53.183     0.971875       106773        35.56
      54.143     0.975000       107125        40.00
      55.135     0.978125       107469        45.71
      56.383     0.981250       107805        53.33
      57.759     0.984375       108155        64.00
      58.591     0.985938       108324        71.11
      59.455     0.987500       108492        80.00
      60.319     0.989062       108662        91.43
      61.759     0.990625       108835       106.67
      63.391     0.992188       109006       128.00
      64.255     0.992969       109095       142.22
      65.023     0.993750       109179       160.00
      65.983     0.994531       109270       182.86
      67.007     0.995313       109349       213.33
      68.543     0.996094       109435       256.00
      69.183     0.996484       109480       284.44
      69.887     0.996875       109519       320.00
      71.231     0.997266       109562       365.71
      73.087     0.997656       109607       426.67
      74.047     0.998047       109648       512.00
      74.559     0.998242       109674       568.89
      74.815     0.998437       109691       640.00
      75.391     0.998633       109713       731.43
      75.903     0.998828       109735       853.33
      76.351     0.999023       109755      1024.00
      76.607     0.999121       109766      1137.78
      76.863     0.999219       109777      1280.00
      77.183     0.999316       109788      1462.86
      77.631     0.999414       109800      1706.67
      77.951     0.999512       109810      2048.00
      78.079     0.999561       109814      2275.56
      78.335     0.999609       109821      2560.00
      78.719     0.999658       109826      2925.71
      79.039     0.999707       109831      3413.33
      79.423     0.999756       109836      4096.00
      79.551     0.999780       109839      4551.11
      79.679     0.999805       109841      5120.00
      79.807     0.999829       109844      5851.43
      80.191     0.999854       109846      6826.67
      80.511     0.999878       109853      8192.00
      80.511     0.999890       109853      9102.22
      80.511     0.999902       109853     10240.00
      80.511     0.999915       109853     11702.86
      80.575     0.999927       109855     13653.33
      80.639     0.999939       109856     16384.00
      80.639     0.999945       109856     18204.44
      80.767     0.999951       109857     20480.00
      80.831     0.999957       109859     23405.71
      80.831     0.999963       109859     27306.67
      80.831     0.999969       109859     32768.00
      80.831     0.999973       109859     36408.89
      81.023     0.999976       109860     40960.00
      81.023     0.999979       109860     46811.43
      81.023     0.999982       109860     54613.33
      81.279     0.999985       109861     65536.00
      81.279     0.999986       109861     72817.78
      81.279     0.999988       109861     81920.00
      81.279     0.999989       109861     93622.86
      81.279     0.999991       109861    109226.67
      81.407     0.999992       109862    131072.00
      81.407     1.000000       109862          inf
#[Mean    =       26.716, StdDeviation   =       12.671]
#[Max     =       81.344, Total count    =       109862]
#[Buckets =           27, SubBuckets     =         2048]
-----------------------------------------------------------------------
  131711 requests in 1.00m, 20.42MB read
Requests/sec:   2197.34  
Transfer/sec:    348.89KB

=== rps=2400 c=288 t=29 url=http://10.10.1.1:17538 ===
setup: assigned thread_id=1
init: final thread_id=1, base_seed=nil
setup: assigned thread_id=2
init: final thread_id=2, base_seed=nil
setup: assigned thread_id=3
init: final thread_id=3, base_seed=nil
setup: assigned thread_id=4
init: final thread_id=4, base_seed=nil
setup: assigned thread_id=5
init: final thread_id=5, base_seed=nil
setup: assigned thread_id=6
init: final thread_id=6, base_seed=nil
setup: assigned thread_id=7
init: final thread_id=7, base_seed=nil
setup: assigned thread_id=8
init: final thread_id=8, base_seed=nil
setup: assigned thread_id=9
init: final thread_id=9, base_seed=nil
setup: assigned thread_id=10
init: final thread_id=10, base_seed=nil
setup: assigned thread_id=11
init: final thread_id=11, base_seed=nil
setup: assigned thread_id=12
init: final thread_id=12, base_seed=nil
setup: assigned thread_id=13
init: final thread_id=13, base_seed=nil
setup: assigned thread_id=14
init: final thread_id=14, base_seed=nil
setup: assigned thread_id=15
init: final thread_id=15, base_seed=nil
setup: assigned thread_id=16
init: final thread_id=16, base_seed=nil
setup: assigned thread_id=17
init: final thread_id=17, base_seed=nil
setup: assigned thread_id=18
init: final thread_id=18, base_seed=nil
setup: assigned thread_id=19
init: final thread_id=19, base_seed=nil
setup: assigned thread_id=20
init: final thread_id=20, base_seed=nil
setup: assigned thread_id=21
init: final thread_id=21, base_seed=nil
setup: assigned thread_id=22
init: final thread_id=22, base_seed=nil
setup: assigned thread_id=23
init: final thread_id=23, base_seed=nil
setup: assigned thread_id=24
init: final thread_id=24, base_seed=nil
setup: assigned thread_id=25
init: final thread_id=25, base_seed=nil
setup: assigned thread_id=26
init: final thread_id=26, base_seed=nil
setup: assigned thread_id=27
init: final thread_id=27, base_seed=nil
setup: assigned thread_id=28
init: final thread_id=28, base_seed=nil
setup: assigned thread_id=29
init: final thread_id=29, base_seed=nil
script_want_response
Running 1m test @ http://10.10.1.1:17538
  29 threads and 288 connections

  Thread calibration: mean lat.: 29.372ms, rate sampling interval: 96ms
  Thread calibration: mean lat.: 31.696ms, rate sampling interval: 96ms
  Thread calibration: mean lat.: 31.642ms, rate sampling interval: 98ms
  Thread calibration: mean lat.: 30.792ms, rate sampling interval: 97ms
  Thread calibration: mean lat.: 32.520ms, rate sampling interval: 97ms
  Thread calibration: mean lat.: 31.465ms, rate sampling interval: 97ms
  Thread calibration: mean lat.: 27.481ms, rate sampling interval: 93ms
  Thread calibration: mean lat.: 25.748ms, rate sampling interval: 89ms
  Thread calibration: mean lat.: 23.665ms, rate sampling interval: 85ms
  Thread calibration: mean lat.: 23.280ms, rate sampling interval: 82ms
  Thread calibration: mean lat.: 20.918ms, rate sampling interval: 72ms
  Thread calibration: mean lat.: 17.410ms, rate sampling interval: 53ms
  Thread calibration: mean lat.: 17.021ms, rate sampling interval: 51ms
  Thread calibration: mean lat.: 17.767ms, rate sampling interval: 53ms
  Thread calibration: mean lat.: 17.701ms, rate sampling interval: 52ms
  Thread calibration: mean lat.: 29.742ms, rate sampling interval: 95ms
  Thread calibration: mean lat.: 32.331ms, rate sampling interval: 98ms
  Thread calibration: mean lat.: 34.721ms, rate sampling interval: 99ms
  Thread calibration: mean lat.: 37.259ms, rate sampling interval: 102ms
  Thread calibration: mean lat.: 39.225ms, rate sampling interval: 101ms
  Thread calibration: mean lat.: 38.353ms, rate sampling interval: 101ms
  Thread calibration: mean lat.: 39.862ms, rate sampling interval: 100ms
  Thread calibration: mean lat.: 37.457ms, rate sampling interval: 97ms
  Thread calibration: mean lat.: 35.407ms, rate sampling interval: 94ms
  Thread calibration: mean lat.: 33.203ms, rate sampling interval: 93ms
  Thread calibration: mean lat.: 29.424ms, rate sampling interval: 87ms
  Thread calibration: mean lat.: 28.951ms, rate sampling interval: 84ms
  Thread calibration: mean lat.: 24.873ms, rate sampling interval: 81ms
  Thread calibration: mean lat.: 24.789ms, rate sampling interval: 79ms

-----------------------------------------------------------------------
Test Results @ http://10.10.1.1:17538 
  Thread Stats   Avg      Stdev     99%   +/- Stdev
    Latency    31.70ms   16.58ms  79.74ms   72.10%
    Req/Sec    82.11     32.59   153.00     78.20%
  Latency Distribution (HdrHistogram - Recorded Latency)
 50.000%   29.22ms
 75.000%   42.21ms
 90.000%   50.59ms
 99.000%   79.74ms
 99.900%  146.69ms
 99.990%  240.26ms
 99.999%  266.49ms
100.000%  267.26ms

  Detailed Percentile spectrum:
       Value   Percentile   TotalCount 1/(1-Percentile)

       7.275     0.000000            1         1.00
      13.239     0.100000        11883         1.11
      17.135     0.200000        23775         1.25
      20.959     0.300000        35669         1.43
      25.039     0.400000        47554         1.67
      29.215     0.500000        59463         2.00
      31.743     0.550000        65369         2.22
      34.687     0.600000        71369         2.50
      37.407     0.650000        77280         2.86
      39.903     0.700000        83216         3.33
      42.207     0.750000        89195         4.00
      43.295     0.775000        92152         4.44
      44.447     0.800000        95121         5.00
      45.759     0.825000        98069         5.71
      47.167     0.850000       101051         6.67
      48.799     0.875000       104011         8.00
      49.663     0.887500       105519         8.89
      50.591     0.900000       106964        10.00
      51.679     0.912500       108435        11.43
      53.023     0.925000       109926        13.33
      54.719     0.937500       111412        16.00
      55.647     0.943750       112158        17.78
      56.799     0.950000       112898        20.00
      58.015     0.956250       113632        22.86
      59.519     0.962500       114378        26.67
      61.375     0.968750       115119        32.00
      62.399     0.971875       115485        35.56
      63.807     0.975000       115866        40.00
      65.279     0.978125       116232        45.71
      67.839     0.981250       116599        53.33
      71.359     0.984375       116974        64.00
      73.343     0.985938       117162        71.11
      75.711     0.987500       117345        80.00
      78.143     0.989062       117528        91.43
      80.959     0.990625       117714       106.67
      84.223     0.992188       117900       128.00
      92.863     0.992969       117992       142.22
      96.575     0.993750       118085       160.00
     100.159     0.994531       118179       182.86
     104.767     0.995313       118271       213.33
     117.951     0.996094       118365       256.00
     119.615     0.996484       118411       284.44
     121.087     0.996875       118460       320.00
     123.711     0.997266       118503       365.71
     133.119     0.997656       118549       426.67
     138.111     0.998047       118595       512.00
     139.263     0.998242       118621       568.89
     140.031     0.998437       118642       640.00
     141.951     0.998633       118667       731.43
     143.871     0.998828       118690       853.33
     147.327     0.999023       118711      1024.00
     148.351     0.999121       118725      1137.78
     149.503     0.999219       118736      1280.00
     150.655     0.999316       118747      1462.86
     152.191     0.999414       118758      1706.67
     155.903     0.999512       118769      2048.00
     157.951     0.999561       118775      2275.56
     162.815     0.999609       118781      2560.00
     180.351     0.999658       118787      2925.71
     181.375     0.999707       118794      3413.33
     181.631     0.999756       118798      4096.00
     183.295     0.999780       118801      4551.11
     203.007     0.999805       118804      5120.00
     204.287     0.999829       118807      5851.43
     205.567     0.999854       118811      6826.67
     207.359     0.999878       118813      8192.00
     239.871     0.999890       118814      9102.22
     240.383     0.999902       118816     10240.00
     242.559     0.999915       118818     11702.86
     243.071     0.999927       118819     13653.33
     243.199     0.999939       118820     16384.00
     263.423     0.999945       118821     18204.44
     263.679     0.999951       118822     20480.00
     263.679     0.999957       118822     23405.71
     265.215     0.999963       118823     27306.67
     265.471     0.999969       118824     32768.00
     265.471     0.999973       118824     36408.89
     265.983     0.999976       118825     40960.00
     265.983     0.999979       118825     46811.43
     265.983     0.999982       118825     54613.33
     266.495     0.999985       118826     65536.00
     266.495     0.999986       118826     72817.78
     266.495     0.999988       118826     81920.00
     266.495     0.999989       118826     93622.86
     266.495     0.999991       118826    109226.67
     267.263     0.999992       118827    131072.00
     267.263     1.000000       118827          inf
#[Mean    =       31.703, StdDeviation   =       16.585]
#[Max     =      267.008, Total count    =       118827]
#[Buckets =           27, SubBuckets     =         2048]
-----------------------------------------------------------------------
  142354 requests in 1.00m, 22.07MB read
Requests/sec:   2374.42  
Transfer/sec:    377.02KB

=== rps=2600 c=338 t=34 url=http://10.10.1.1:17538 ===
setup: assigned thread_id=1
init: final thread_id=1, base_seed=nil
setup: assigned thread_id=2
init: final thread_id=2, base_seed=nil
setup: assigned thread_id=3
init: final thread_id=3, base_seed=nil
setup: assigned thread_id=4
init: final thread_id=4, base_seed=nil
setup: assigned thread_id=5
init: final thread_id=5, base_seed=nil
setup: assigned thread_id=6
init: final thread_id=6, base_seed=nil
setup: assigned thread_id=7
init: final thread_id=7, base_seed=nil
setup: assigned thread_id=8
init: final thread_id=8, base_seed=nil
setup: assigned thread_id=9
init: final thread_id=9, base_seed=nil
setup: assigned thread_id=10
init: final thread_id=10, base_seed=nil
setup: assigned thread_id=11
init: final thread_id=11, base_seed=nil
setup: assigned thread_id=12
init: final thread_id=12, base_seed=nil
setup: assigned thread_id=13
init: final thread_id=13, base_seed=nil
setup: assigned thread_id=14
init: final thread_id=14, base_seed=nil
setup: assigned thread_id=15
init: final thread_id=15, base_seed=nil
setup: assigned thread_id=16
init: final thread_id=16, base_seed=nil
setup: assigned thread_id=17
init: final thread_id=17, base_seed=nil
setup: assigned thread_id=18
init: final thread_id=18, base_seed=nil
setup: assigned thread_id=19
init: final thread_id=19, base_seed=nil
setup: assigned thread_id=20
init: final thread_id=20, base_seed=nil
setup: assigned thread_id=21
init: final thread_id=21, base_seed=nil
setup: assigned thread_id=22
init: final thread_id=22, base_seed=nil
setup: assigned thread_id=23
init: final thread_id=23, base_seed=nil
setup: assigned thread_id=24
init: final thread_id=24, base_seed=nil
setup: assigned thread_id=25
init: final thread_id=25, base_seed=nil
setup: assigned thread_id=26
init: final thread_id=26, base_seed=nil
setup: assigned thread_id=27
init: final thread_id=27, base_seed=nil
setup: assigned thread_id=28
init: final thread_id=28, base_seed=nil
setup: assigned thread_id=29
init: final thread_id=29, base_seed=nil
setup: assigned thread_id=30
init: final thread_id=30, base_seed=nil
setup: assigned thread_id=31
init: final thread_id=31, base_seed=nil
setup: assigned thread_id=32
init: final thread_id=32, base_seed=nil
setup: assigned thread_id=33
init: final thread_id=33, base_seed=nil
setup: assigned thread_id=34
init: final thread_id=34, base_seed=nil
script_want_response
Running 1m test @ http://10.10.1.1:17538
  34 threads and 338 connections

  Thread calibration: mean lat.: 44.047ms, rate sampling interval: 116ms
  Thread calibration: mean lat.: 44.588ms, rate sampling interval: 116ms
  Thread calibration: mean lat.: 43.071ms, rate sampling interval: 115ms
  Thread calibration: mean lat.: 41.410ms, rate sampling interval: 113ms
  Thread calibration: mean lat.: 41.427ms, rate sampling interval: 113ms
  Thread calibration: mean lat.: 39.736ms, rate sampling interval: 110ms
  Thread calibration: mean lat.: 36.185ms, rate sampling interval: 105ms
  Thread calibration: mean lat.: 36.043ms, rate sampling interval: 102ms
  Thread calibration: mean lat.: 34.372ms, rate sampling interval: 99ms
  Thread calibration: mean lat.: 28.407ms, rate sampling interval: 84ms
  Thread calibration: mean lat.: 31.133ms, rate sampling interval: 93ms
  Thread calibration: mean lat.: 24.820ms, rate sampling interval: 76ms
  Thread calibration: mean lat.: 23.964ms, rate sampling interval: 73ms
  Thread calibration: mean lat.: 29.080ms, rate sampling interval: 94ms
  Thread calibration: mean lat.: 23.721ms, rate sampling interval: 72ms
  Thread calibration: mean lat.: 22.659ms, rate sampling interval: 70ms
  Thread calibration: mean lat.: 22.561ms, rate sampling interval: 68ms
  Thread calibration: mean lat.: 21.582ms, rate sampling interval: 67ms
  Thread calibration: mean lat.: 32.364ms, rate sampling interval: 106ms
  Thread calibration: mean lat.: 34.857ms, rate sampling interval: 109ms
  Thread calibration: mean lat.: 36.652ms, rate sampling interval: 110ms
  Thread calibration: mean lat.: 38.957ms, rate sampling interval: 115ms
  Thread calibration: mean lat.: 40.539ms, rate sampling interval: 116ms
  Thread calibration: mean lat.: 42.157ms, rate sampling interval: 116ms
  Thread calibration: mean lat.: 29.152ms, rate sampling interval: 90ms
  Thread calibration: mean lat.: 41.059ms, rate sampling interval: 116ms
  Thread calibration: mean lat.: 37.798ms, rate sampling interval: 115ms
  Thread calibration: mean lat.: 36.626ms, rate sampling interval: 116ms
  Thread calibration: mean lat.: 35.079ms, rate sampling interval: 114ms
  Thread calibration: mean lat.: 35.325ms, rate sampling interval: 113ms
  Thread calibration: mean lat.: 33.467ms, rate sampling interval: 111ms
  Thread calibration: mean lat.: 29.313ms, rate sampling interval: 104ms
  Thread calibration: mean lat.: 27.414ms, rate sampling interval: 88ms
  Thread calibration: mean lat.: 27.487ms, rate sampling interval: 85ms

-----------------------------------------------------------------------
Test Results @ http://10.10.1.1:17538 
  Thread Stats   Avg      Stdev     99%   +/- Stdev
    Latency    30.25ms   14.18ms  66.56ms   64.89%
    Req/Sec    75.94     29.45   134.00     72.40%
  Latency Distribution (HdrHistogram - Recorded Latency)
 50.000%   28.61ms
 75.000%   39.84ms
 90.000%   49.82ms
 99.000%   66.56ms
 99.900%   86.40ms
 99.990%  121.15ms
 99.999%  122.75ms
100.000%  123.52ms

  Detailed Percentile spectrum:
       Value   Percentile   TotalCount 1/(1-Percentile)

       7.107     0.000000            1         1.00
      12.671     0.100000        12904         1.11
      16.751     0.200000        25817         1.25
      20.911     0.300000        38733         1.43
      24.703     0.400000        51625         1.67
      28.607     0.500000        64522         2.00
      30.687     0.550000        70976         2.22
      32.799     0.600000        77474         2.50
      34.943     0.650000        83857         2.86
      37.215     0.700000        90306         3.33
      39.839     0.750000        96822         4.00
      41.055     0.775000        99991         4.44
      42.431     0.800000       103244         5.00
      43.967     0.825000       106478         5.71
      45.663     0.850000       109677         6.67
      47.647     0.875000       112875         8.00
      48.671     0.887500       114478         8.89
      49.823     0.900000       116108        10.00
      51.103     0.912500       117739        11.43
      52.511     0.925000       119339        13.33
      53.919     0.937500       120935        16.00
      54.719     0.943750       121732        17.78
      55.647     0.950000       122555        20.00
      56.639     0.956250       123365        22.86
      57.791     0.962500       124166        26.67
      59.071     0.968750       124956        32.00
      59.807     0.971875       125357        35.56
      60.607     0.975000       125763        40.00
      61.471     0.978125       126169        45.71
      62.399     0.981250       126571        53.33
      63.551     0.984375       126974        64.00
      64.191     0.985938       127181        71.11
      64.927     0.987500       127380        80.00
      65.919     0.989062       127580        91.43
      67.007     0.990625       127784       106.67
      68.095     0.992188       127987       128.00
      68.863     0.992969       128078       142.22
      69.631     0.993750       128179       160.00
      70.719     0.994531       128279       182.86
      72.191     0.995313       128383       213.33
      73.855     0.996094       128482       256.00
      74.495     0.996484       128532       284.44
      75.263     0.996875       128586       320.00
      76.095     0.997266       128633       365.71
      76.863     0.997656       128685       426.67
      77.951     0.998047       128736       512.00
      78.783     0.998242       128758       568.89
      82.367     0.998437       128783       640.00
      84.671     0.998633       128808       731.43
      85.567     0.998828       128834       853.33
      86.591     0.999023       128859      1024.00
      88.703     0.999121       128871      1137.78
      93.311     0.999219       128884      1280.00
      94.399     0.999316       128896      1462.86
      95.295     0.999414       128909      1706.67
      96.575     0.999512       128922      2048.00
      96.895     0.999561       128928      2275.56
     101.055     0.999609       128934      2560.00
     102.463     0.999658       128941      2925.71
     104.639     0.999707       128947      3413.33
     118.207     0.999756       128953      4096.00
     119.679     0.999780       128958      4551.11
     119.871     0.999805       128960      5120.00
     119.999     0.999829       128962      5851.43
     120.575     0.999854       128967      6826.67
     121.023     0.999878       128969      8192.00
     121.151     0.999890       128971      9102.22
     121.215     0.999902       128972     10240.00
     121.407     0.999915       128973     11702.86
     121.471     0.999927       128975     13653.33
     122.303     0.999939       128977     16384.00
     122.303     0.999945       128977     18204.44
     122.431     0.999951       128980     20480.00
     122.431     0.999957       128980     23405.71
     122.431     0.999963       128980     27306.67
     122.495     0.999969       128981     32768.00
     122.495     0.999973       128981     36408.89
     122.495     0.999976       128981     40960.00
     122.751     0.999979       128983     46811.43
     122.751     0.999982       128983     54613.33
     122.751     0.999985       128983     65536.00
     122.751     0.999986       128983     72817.78
     122.751     0.999988       128983     81920.00
     122.751     0.999989       128983     93622.86
     122.751     0.999991       128983    109226.67
     123.519     0.999992       128984    131072.00
     123.519     1.000000       128984          inf
#[Mean    =       30.255, StdDeviation   =       14.180]
#[Max     =      123.456, Total count    =       128984]
#[Buckets =           27, SubBuckets     =         2048]
-----------------------------------------------------------------------
  154409 requests in 1.00m, 23.94MB read
Requests/sec:   2576.22  
Transfer/sec:    409.04KB

=== rps=2800 c=392 t=40 url=http://10.10.1.1:17538 ===
setup: assigned thread_id=1
init: final thread_id=1, base_seed=nil
setup: assigned thread_id=2
init: final thread_id=2, base_seed=nil
setup: assigned thread_id=3
init: final thread_id=3, base_seed=nil
setup: assigned thread_id=4
init: final thread_id=4, base_seed=nil
setup: assigned thread_id=5
init: final thread_id=5, base_seed=nil
setup: assigned thread_id=6
init: final thread_id=6, base_seed=nil
setup: assigned thread_id=7
init: final thread_id=7, base_seed=nil
setup: assigned thread_id=8
init: final thread_id=8, base_seed=nil
setup: assigned thread_id=9
init: final thread_id=9, base_seed=nil
setup: assigned thread_id=10
init: final thread_id=10, base_seed=nil
setup: assigned thread_id=11
init: final thread_id=11, base_seed=nil
setup: assigned thread_id=12
init: final thread_id=12, base_seed=nil
setup: assigned thread_id=13
init: final thread_id=13, base_seed=nil
setup: assigned thread_id=14
init: final thread_id=14, base_seed=nil
setup: assigned thread_id=15
init: final thread_id=15, base_seed=nil
setup: assigned thread_id=16
init: final thread_id=16, base_seed=nil
setup: assigned thread_id=17
init: final thread_id=17, base_seed=nil
setup: assigned thread_id=18
init: final thread_id=18, base_seed=nil
setup: assigned thread_id=19
init: final thread_id=19, base_seed=nil
setup: assigned thread_id=20
init: final thread_id=20, base_seed=nil
setup: assigned thread_id=21
init: final thread_id=21, base_seed=nil
setup: assigned thread_id=22
init: final thread_id=22, base_seed=nil
setup: assigned thread_id=23
init: final thread_id=23, base_seed=nil
setup: assigned thread_id=24
init: final thread_id=24, base_seed=nil
setup: assigned thread_id=25
init: final thread_id=25, base_seed=nil
setup: assigned thread_id=26
init: final thread_id=26, base_seed=nil
setup: assigned thread_id=27
init: final thread_id=27, base_seed=nil
setup: assigned thread_id=28
init: final thread_id=28, base_seed=nil
setup: assigned thread_id=29
init: final thread_id=29, base_seed=nil
setup: assigned thread_id=30
init: final thread_id=30, base_seed=nil
setup: assigned thread_id=31
init: final thread_id=31, base_seed=nil
setup: assigned thread_id=32
init: final thread_id=32, base_seed=nil
setup: assigned thread_id=33
init: final thread_id=33, base_seed=nil
setup: assigned thread_id=34
init: final thread_id=34, base_seed=nil
setup: assigned thread_id=35
init: final thread_id=35, base_seed=nil
setup: assigned thread_id=36
init: final thread_id=36, base_seed=nil
setup: assigned thread_id=37
init: final thread_id=37, base_seed=nil
setup: assigned thread_id=38
init: final thread_id=38, base_seed=nil
setup: assigned thread_id=39
init: final thread_id=39, base_seed=nil
setup: assigned thread_id=40
init: final thread_id=40, base_seed=nil
script_want_response
Running 1m test @ http://10.10.1.1:17538
  40 threads and 392 connections

  Thread calibration: mean lat.: 38.226ms, rate sampling interval: 238ms
  Thread calibration: mean lat.: 38.720ms, rate sampling interval: 236ms
  Thread calibration: mean lat.: 40.676ms, rate sampling interval: 233ms
  Thread calibration: mean lat.: 44.532ms, rate sampling interval: 254ms
  Thread calibration: mean lat.: 46.787ms, rate sampling interval: 258ms
  Thread calibration: mean lat.: 48.297ms, rate sampling interval: 255ms
  Thread calibration: mean lat.: 50.340ms, rate sampling interval: 260ms
  Thread calibration: mean lat.: 52.958ms, rate sampling interval: 260ms
  Thread calibration: mean lat.: 54.838ms, rate sampling interval: 260ms
  Thread calibration: mean lat.: 55.329ms, rate sampling interval: 263ms
  Thread calibration: mean lat.: 56.366ms, rate sampling interval: 264ms
  Thread calibration: mean lat.: 46.257ms, rate sampling interval: 251ms
  Thread calibration: mean lat.: 43.599ms, rate sampling interval: 232ms
  Thread calibration: mean lat.: 41.270ms, rate sampling interval: 228ms
  Thread calibration: mean lat.: 38.790ms, rate sampling interval: 213ms
  Thread calibration: mean lat.: 38.516ms, rate sampling interval: 194ms
  Thread calibration: mean lat.: 39.395ms, rate sampling interval: 190ms
  Thread calibration: mean lat.: 43.992ms, rate sampling interval: 206ms
  Thread calibration: mean lat.: 47.249ms, rate sampling interval: 217ms
  Thread calibration: mean lat.: 54.273ms, rate sampling interval: 264ms
  Thread calibration: mean lat.: 63.561ms, rate sampling interval: 300ms
  Thread calibration: mean lat.: 66.144ms, rate sampling interval: 381ms
  Thread calibration: mean lat.: 73.183ms, rate sampling interval: 473ms
  Thread calibration: mean lat.: 65.755ms, rate sampling interval: 313ms
  Thread calibration: mean lat.: 66.989ms, rate sampling interval: 367ms
  Thread calibration: mean lat.: 70.877ms, rate sampling interval: 344ms
  Thread calibration: mean lat.: 68.547ms, rate sampling interval: 291ms
  Thread calibration: mean lat.: 62.528ms, rate sampling interval: 262ms
  Thread calibration: mean lat.: 63.553ms, rate sampling interval: 263ms
  Thread calibration: mean lat.: 59.801ms, rate sampling interval: 244ms
  Thread calibration: mean lat.: 55.785ms, rate sampling interval: 214ms
  Thread calibration: mean lat.: 56.149ms, rate sampling interval: 211ms
  Thread calibration: mean lat.: 56.376ms, rate sampling interval: 209ms
  Thread calibration: mean lat.: 56.300ms, rate sampling interval: 207ms
  Thread calibration: mean lat.: 57.580ms, rate sampling interval: 213ms
  Thread calibration: mean lat.: 57.541ms, rate sampling interval: 211ms
  Thread calibration: mean lat.: 58.538ms, rate sampling interval: 229ms
  Thread calibration: mean lat.: 58.544ms, rate sampling interval: 228ms
  Thread calibration: mean lat.: 61.566ms, rate sampling interval: 277ms
  Thread calibration: mean lat.: 62.571ms, rate sampling interval: 287ms

-----------------------------------------------------------------------
Test Results @ http://10.10.1.1:17538 
  Thread Stats   Avg      Stdev     99%   +/- Stdev
    Latency    32.25ms   23.63ms 155.52ms   92.36%
    Req/Sec    69.63     13.74    95.00     71.95%
  Latency Distribution (HdrHistogram - Recorded Latency)
 50.000%   27.98ms
 75.000%   38.11ms
 90.000%   49.63ms
 99.000%  155.52ms
 99.900%  194.82ms
 99.990%  207.62ms
 99.999%  210.18ms
100.000%  210.82ms

  Detailed Percentile spectrum:
       Value   Percentile   TotalCount 1/(1-Percentile)

       7.275     0.000000            1         1.00
      12.551     0.100000        13999         1.11
      16.943     0.200000        28005         1.25
      20.991     0.300000        41969         1.43
      24.575     0.400000        55972         1.67
      27.983     0.500000        69902         2.00
      29.791     0.550000        76915         2.22
      31.615     0.600000        83901         2.50
      33.599     0.650000        90900         2.86
      35.743     0.700000        97930         3.33
      38.111     0.750000       104858         4.00
      39.391     0.775000       108349         4.44
      40.799     0.800000       111838         5.00
      42.495     0.825000       115396         5.71
      44.319     0.850000       118851         6.67
      46.591     0.875000       122360         8.00
      47.967     0.887500       124094         8.89
      49.631     0.900000       125830        10.00
      51.615     0.912500       127584        11.43
      54.079     0.925000       129316        13.33
      57.343     0.937500       131066        16.00
      59.807     0.943750       131939        17.78
      62.559     0.950000       132807        20.00
      66.687     0.956250       133680        22.86
      72.511     0.962500       134556        26.67
      84.607     0.968750       135429        32.00
      91.327     0.971875       135862        35.56
      99.007     0.975000       136300        40.00
     109.567     0.978125       136737        45.71
     123.519     0.981250       137173        53.33
     137.983     0.984375       137613        64.00
     143.743     0.985938       137830        71.11
     148.351     0.987500       138047        80.00
     152.703     0.989062       138269        91.43
     157.823     0.990625       138483       106.67
     164.479     0.992188       138704       128.00
     168.063     0.992969       138811       142.22
     171.263     0.993750       138922       160.00
     174.335     0.994531       139029       182.86
     176.767     0.995313       139143       213.33
     179.455     0.996094       139248       256.00
     180.863     0.996484       139305       284.44
     182.399     0.996875       139361       320.00
     183.935     0.997266       139411       365.71
     185.599     0.997656       139468       426.67
     187.519     0.998047       139524       512.00
     188.543     0.998242       139548       568.89
     190.079     0.998437       139579       640.00
     191.743     0.998633       139603       731.43
     193.279     0.998828       139630       853.33
     194.815     0.999023       139657      1024.00
     195.455     0.999121       139673      1137.78
     196.095     0.999219       139687      1280.00
     198.143     0.999316       139698      1462.86
     199.679     0.999414       139712      1706.67
     200.959     0.999512       139725      2048.00
     201.855     0.999561       139732      2275.56
     202.751     0.999609       139739      2560.00
     203.519     0.999658       139746      2925.71
     204.031     0.999707       139753      3413.33
     205.567     0.999756       139759      4096.00
     205.951     0.999780       139764      4551.11
     206.207     0.999805       139768      5120.00
     206.463     0.999829       139770      5851.43
     206.975     0.999854       139774      6826.67
     207.487     0.999878       139777      8192.00
     207.615     0.999890       139779      9102.22
     208.511     0.999902       139781     10240.00
     208.639     0.999915       139782     11702.86
     208.767     0.999927       139785     13653.33
     208.767     0.999939       139785     16384.00
     209.023     0.999945       139788     18204.44
     209.023     0.999951       139788     20480.00
     209.023     0.999957       139788     23405.71
     209.023     0.999963       139788     27306.67
     209.151     0.999969       139789     32768.00
     209.279     0.999973       139790     36408.89
     209.279     0.999976       139790     40960.00
     210.047     0.999979       139791     46811.43
     210.047     0.999982       139791     54613.33
     210.047     0.999985       139791     65536.00
     210.175     0.999986       139792     72817.78
     210.175     0.999988       139792     81920.00
     210.175     0.999989       139792     93622.86
     210.175     0.999991       139792    109226.67
     210.175     0.999992       139792    131072.00
     210.815     0.999993       139793    145635.56
     210.815     1.000000       139793          inf
#[Mean    =       32.254, StdDeviation   =       23.635]
#[Max     =      210.688, Total count    =       139793]
#[Buckets =           27, SubBuckets     =         2048]
-----------------------------------------------------------------------
  167547 requests in 1.00m, 25.99MB read
Requests/sec:   2795.71  
Transfer/sec:    444.04KB

=== rps=3000 c=450 t=45 url=http://10.10.1.1:17538 ===
setup: assigned thread_id=1
init: final thread_id=1, base_seed=nil
setup: assigned thread_id=2
init: final thread_id=2, base_seed=nil
setup: assigned thread_id=3
init: final thread_id=3, base_seed=nil
setup: assigned thread_id=4
init: final thread_id=4, base_seed=nil
setup: assigned thread_id=5
init: final thread_id=5, base_seed=nil
setup: assigned thread_id=6
init: final thread_id=6, base_seed=nil
setup: assigned thread_id=7
init: final thread_id=7, base_seed=nil
setup: assigned thread_id=8
init: final thread_id=8, base_seed=nil
setup: assigned thread_id=9
init: final thread_id=9, base_seed=nil
setup: assigned thread_id=10
init: final thread_id=10, base_seed=nil
setup: assigned thread_id=11
init: final thread_id=11, base_seed=nil
setup: assigned thread_id=12
init: final thread_id=12, base_seed=nil
setup: assigned thread_id=13
init: final thread_id=13, base_seed=nil
setup: assigned thread_id=14
init: final thread_id=14, base_seed=nil
setup: assigned thread_id=15
init: final thread_id=15, base_seed=nil
setup: assigned thread_id=16
init: final thread_id=16, base_seed=nil
setup: assigned thread_id=17
init: final thread_id=17, base_seed=nil
setup: assigned thread_id=18
init: final thread_id=18, base_seed=nil
setup: assigned thread_id=19
init: final thread_id=19, base_seed=nil
setup: assigned thread_id=20
init: final thread_id=20, base_seed=nil
setup: assigned thread_id=21
init: final thread_id=21, base_seed=nil
setup: assigned thread_id=22
init: final thread_id=22, base_seed=nil
setup: assigned thread_id=23
init: final thread_id=23, base_seed=nil
setup: assigned thread_id=24
init: final thread_id=24, base_seed=nil
setup: assigned thread_id=25
init: final thread_id=25, base_seed=nil
setup: assigned thread_id=26
init: final thread_id=26, base_seed=nil
setup: assigned thread_id=27
init: final thread_id=27, base_seed=nil
setup: assigned thread_id=28
init: final thread_id=28, base_seed=nil
setup: assigned thread_id=29
init: final thread_id=29, base_seed=nil
setup: assigned thread_id=30
init: final thread_id=30, base_seed=nil
setup: assigned thread_id=31
init: final thread_id=31, base_seed=nil
setup: assigned thread_id=32
init: final thread_id=32, base_seed=nil
setup: assigned thread_id=33
init: final thread_id=33, base_seed=nil
setup: assigned thread_id=34
init: final thread_id=34, base_seed=nil
setup: assigned thread_id=35
init: final thread_id=35, base_seed=nil
setup: assigned thread_id=36
init: final thread_id=36, base_seed=nil
setup: assigned thread_id=37
init: final thread_id=37, base_seed=nil
setup: assigned thread_id=38
init: final thread_id=38, base_seed=nil
setup: assigned thread_id=39
init: final thread_id=39, base_seed=nil
setup: assigned thread_id=40
init: final thread_id=40, base_seed=nil
setup: assigned thread_id=41
init: final thread_id=41, base_seed=nil
setup: assigned thread_id=42
init: final thread_id=42, base_seed=nil
setup: assigned thread_id=43
init: final thread_id=43, base_seed=nil
setup: assigned thread_id=44
init: final thread_id=44, base_seed=nil
setup: assigned thread_id=45
init: final thread_id=45, base_seed=nil
script_want_response
Running 1m test @ http://10.10.1.1:17538
  45 threads and 450 connections

  Thread calibration: mean lat.: 109.563ms, rate sampling interval: 579ms
  Thread calibration: mean lat.: 115.235ms, rate sampling interval: 590ms
  Thread calibration: mean lat.: 120.991ms, rate sampling interval: 615ms
  Thread calibration: mean lat.: 116.621ms, rate sampling interval: 583ms
  Thread calibration: mean lat.: 121.947ms, rate sampling interval: 591ms
  Thread calibration: mean lat.: 122.366ms, rate sampling interval: 583ms
  Thread calibration: mean lat.: 122.222ms, rate sampling interval: 578ms
  Thread calibration: mean lat.: 127.739ms, rate sampling interval: 608ms
  Thread calibration: mean lat.: 127.985ms, rate sampling interval: 596ms
  Thread calibration: mean lat.: 127.610ms, rate sampling interval: 603ms
  Thread calibration: mean lat.: 130.639ms, rate sampling interval: 651ms
  Thread calibration: mean lat.: 130.304ms, rate sampling interval: 652ms
  Thread calibration: mean lat.: 128.729ms, rate sampling interval: 662ms
  Thread calibration: mean lat.: 128.702ms, rate sampling interval: 663ms
  Thread calibration: mean lat.: 131.311ms, rate sampling interval: 668ms
  Thread calibration: mean lat.: 133.734ms, rate sampling interval: 659ms
  Thread calibration: mean lat.: 133.613ms, rate sampling interval: 657ms
  Thread calibration: mean lat.: 132.061ms, rate sampling interval: 655ms
  Thread calibration: mean lat.: 131.755ms, rate sampling interval: 655ms
  Thread calibration: mean lat.: 140.691ms, rate sampling interval: 683ms
  Thread calibration: mean lat.: 137.378ms, rate sampling interval: 659ms
  Thread calibration: mean lat.: 137.096ms, rate sampling interval: 663ms
  Thread calibration: mean lat.: 157.289ms, rate sampling interval: 744ms
  Thread calibration: mean lat.: 165.987ms, rate sampling interval: 863ms
  Thread calibration: mean lat.: 177.952ms, rate sampling interval: 898ms
  Thread calibration: mean lat.: 161.234ms, rate sampling interval: 824ms
  Thread calibration: mean lat.: 171.639ms, rate sampling interval: 994ms
  Thread calibration: mean lat.: 149.796ms, rate sampling interval: 680ms
  Thread calibration: mean lat.: 126.715ms, rate sampling interval: 562ms
  Thread calibration: mean lat.: 146.661ms, rate sampling interval: 657ms
  Thread calibration: mean lat.: 134.518ms, rate sampling interval: 627ms
  Thread calibration: mean lat.: 140.658ms, rate sampling interval: 637ms
  Thread calibration: mean lat.: 144.246ms, rate sampling interval: 646ms
  Thread calibration: mean lat.: 145.432ms, rate sampling interval: 643ms
  Thread calibration: mean lat.: 148.888ms, rate sampling interval: 649ms
  Thread calibration: mean lat.: 155.108ms, rate sampling interval: 665ms
  Thread calibration: mean lat.: 156.089ms, rate sampling interval: 673ms
  Thread calibration: mean lat.: 158.243ms, rate sampling interval: 678ms
  Thread calibration: mean lat.: 157.388ms, rate sampling interval: 675ms
  Thread calibration: mean lat.: 156.793ms, rate sampling interval: 675ms
  Thread calibration: mean lat.: 156.264ms, rate sampling interval: 672ms
  Thread calibration: mean lat.: 153.692ms, rate sampling interval: 663ms
  Thread calibration: mean lat.: 155.231ms, rate sampling interval: 667ms
  Thread calibration: mean lat.: 154.302ms, rate sampling interval: 667ms
  Thread calibration: mean lat.: 153.600ms, rate sampling interval: 662ms

-----------------------------------------------------------------------
Test Results @ http://10.10.1.1:17538 
  Thread Stats   Avg      Stdev     99%   +/- Stdev
    Latency    42.13ms   29.84ms 182.40ms   87.07%
    Req/Sec    65.60      6.06    78.00     78.29%
  Latency Distribution (HdrHistogram - Recorded Latency)
 50.000%   36.13ms
 75.000%   53.12ms
 90.000%   69.12ms
 99.000%  182.40ms
 99.900%  252.93ms
 99.990%  266.24ms
 99.999%  270.33ms
100.000%  271.87ms

  Detailed Percentile spectrum:
       Value   Percentile   TotalCount 1/(1-Percentile)

       7.791     0.000000            1         1.00
      15.535     0.100000        14831         1.11
      20.543     0.200000        29662         1.25
      25.743     0.300000        44469         1.43
      31.215     0.400000        59307         1.67
      36.127     0.500000        74158         2.00
      38.687     0.550000        81544         2.22
      41.695     0.600000        89017         2.50
      45.023     0.650000        96393         2.86
      48.831     0.700000       103804         3.33
      53.119     0.750000       111173         4.00
      55.327     0.775000       114916         4.44
      57.695     0.800000       118625         5.00
      60.127     0.825000       122291         5.71
      62.719     0.850000       126000         6.67
      65.727     0.875000       129775         8.00
      67.327     0.887500       131564         8.89
      69.119     0.900000       133428        10.00
      71.167     0.912500       135298        11.43
      73.471     0.925000       137151        13.33
      76.479     0.937500       138991        16.00
      78.399     0.943750       139895        17.78
      81.151     0.950000       140819        20.00
      86.207     0.956250       141749        22.86
      96.767     0.962500       142673        26.67
     108.415     0.968750       143600        32.00
     116.159     0.971875       144062        35.56
     126.655     0.975000       144524        40.00
     134.143     0.978125       144990        45.71
     142.591     0.981250       145450        53.33
     157.311     0.984375       145919        64.00
     162.431     0.985938       146146        71.11
     170.239     0.987500       146381        80.00
     178.175     0.989062       146611        91.43
     186.239     0.990625       146840       106.67
     196.991     0.992188       147073       128.00
     200.575     0.992969       147187       142.22
     203.903     0.993750       147307       160.00
     208.767     0.994531       147419       182.86
     212.351     0.995313       147535       213.33
     215.423     0.996094       147651       256.00
     217.599     0.996484       147708       284.44
     219.775     0.996875       147766       320.00
     222.079     0.997266       147825       365.71
     231.935     0.997656       147882       426.67
     239.999     0.998047       147940       512.00
     244.223     0.998242       147969       568.89
     247.423     0.998437       147999       640.00
     250.239     0.998633       148027       731.43
     251.519     0.998828       148057       853.33
     253.183     0.999023       148087      1024.00
     253.951     0.999121       148099      1137.78
     254.719     0.999219       148115      1280.00
     255.359     0.999316       148129      1462.86
     257.151     0.999414       148143      1706.67
     258.815     0.999512       148157      2048.00
     259.711     0.999561       148165      2275.56
     260.607     0.999609       148173      2560.00
     261.503     0.999658       148180      2925.71
     262.143     0.999707       148187      3413.33
     263.167     0.999756       148195      4096.00
     263.423     0.999780       148197      4551.11
     263.935     0.999805       148201      5120.00
     264.191     0.999829       148206      5851.43
     264.703     0.999854       148208      6826.67
     265.727     0.999878       148212      8192.00
     266.239     0.999890       148214      9102.22
     266.495     0.999902       148215     10240.00
     267.007     0.999915       148217     11702.86
     267.519     0.999927       148220     13653.33
     267.519     0.999939       148220     16384.00
     267.775     0.999945       148221     18204.44
     268.543     0.999951       148222     20480.00
     268.799     0.999957       148223     23405.71
     269.567     0.999963       148226     27306.67
     269.567     0.999969       148226     32768.00
     269.567     0.999973       148226     36408.89
     269.567     0.999976       148226     40960.00
     269.567     0.999979       148226     46811.43
     270.079     0.999982       148227     54613.33
     270.079     0.999985       148227     65536.00
     270.079     0.999986       148227     72817.78
     270.335     0.999988       148228     81920.00
     270.335     0.999989       148228     93622.86
     270.335     0.999991       148228    109226.67
     270.335     0.999992       148228    131072.00
     270.335     0.999993       148228    145635.56
     271.871     0.999994       148229    163840.00
     271.871     1.000000       148229          inf
#[Mean    =       42.130, StdDeviation   =       29.837]
#[Max     =      271.616, Total count    =       148229]
#[Buckets =           27, SubBuckets     =         2048]
-----------------------------------------------------------------------
  177513 requests in 1.00m, 27.53MB read
Requests/sec:   2963.44  
Transfer/sec:    470.63KB

=== rps=3200 c=512 t=52 url=http://10.10.1.1:17538 ===
setup: assigned thread_id=1
init: final thread_id=1, base_seed=nil
setup: assigned thread_id=2
init: final thread_id=2, base_seed=nil
setup: assigned thread_id=3
init: final thread_id=3, base_seed=nil
setup: assigned thread_id=4
init: final thread_id=4, base_seed=nil
setup: assigned thread_id=5
init: final thread_id=5, base_seed=nil
setup: assigned thread_id=6
init: final thread_id=6, base_seed=nil
setup: assigned thread_id=7
init: final thread_id=7, base_seed=nil
setup: assigned thread_id=8
init: final thread_id=8, base_seed=nil
setup: assigned thread_id=9
init: final thread_id=9, base_seed=nil
setup: assigned thread_id=10
init: final thread_id=10, base_seed=nil
setup: assigned thread_id=11
init: final thread_id=11, base_seed=nil
setup: assigned thread_id=12
init: final thread_id=12, base_seed=nil
setup: assigned thread_id=13
init: final thread_id=13, base_seed=nil
setup: assigned thread_id=14
init: final thread_id=14, base_seed=nil
setup: assigned thread_id=15
init: final thread_id=15, base_seed=nil
setup: assigned thread_id=16
init: final thread_id=16, base_seed=nil
setup: assigned thread_id=17
init: final thread_id=17, base_seed=nil
setup: assigned thread_id=18
init: final thread_id=18, base_seed=nil
setup: assigned thread_id=19
init: final thread_id=19, base_seed=nil
setup: assigned thread_id=20
init: final thread_id=20, base_seed=nil
setup: assigned thread_id=21
init: final thread_id=21, base_seed=nil
setup: assigned thread_id=22
init: final thread_id=22, base_seed=nil
setup: assigned thread_id=23
init: final thread_id=23, base_seed=nil
setup: assigned thread_id=24
init: final thread_id=24, base_seed=nil
setup: assigned thread_id=25
init: final thread_id=25, base_seed=nil
setup: assigned thread_id=26
init: final thread_id=26, base_seed=nil
setup: assigned thread_id=27
init: final thread_id=27, base_seed=nil
setup: assigned thread_id=28
init: final thread_id=28, base_seed=nil
setup: assigned thread_id=29
init: final thread_id=29, base_seed=nil
setup: assigned thread_id=30
init: final thread_id=30, base_seed=nil
setup: assigned thread_id=31
init: final thread_id=31, base_seed=nil
setup: assigned thread_id=32
init: final thread_id=32, base_seed=nil
setup: assigned thread_id=33
init: final thread_id=33, base_seed=nil
setup: assigned thread_id=34
init: final thread_id=34, base_seed=nil
setup: assigned thread_id=35
init: final thread_id=35, base_seed=nil
setup: assigned thread_id=36
init: final thread_id=36, base_seed=nil
setup: assigned thread_id=37
init: final thread_id=37, base_seed=nil
setup: assigned thread_id=38
init: final thread_id=38, base_seed=nil
setup: assigned thread_id=39
init: final thread_id=39, base_seed=nil
setup: assigned thread_id=40
init: final thread_id=40, base_seed=nil
setup: assigned thread_id=41
init: final thread_id=41, base_seed=nil
setup: assigned thread_id=42
init: final thread_id=42, base_seed=nil
setup: assigned thread_id=43
init: final thread_id=43, base_seed=nil
setup: assigned thread_id=44
init: final thread_id=44, base_seed=nil
setup: assigned thread_id=45
init: final thread_id=45, base_seed=nil
setup: assigned thread_id=46
init: final thread_id=46, base_seed=nil
setup: assigned thread_id=47
init: final thread_id=47, base_seed=nil
setup: assigned thread_id=48
init: final thread_id=48, base_seed=nil
setup: assigned thread_id=49
init: final thread_id=49, base_seed=nil
setup: assigned thread_id=50
init: final thread_id=50, base_seed=nil
setup: assigned thread_id=51
init: final thread_id=51, base_seed=nil
setup: assigned thread_id=52
init: final thread_id=52, base_seed=nil
script_want_response
Running 1m test @ http://10.10.1.1:17538
  52 threads and 512 connections

  Thread calibration: mean lat.: 26.779ms, rate sampling interval: 92ms
  Thread calibration: mean lat.: 26.628ms, rate sampling interval: 90ms
  Thread calibration: mean lat.: 26.338ms, rate sampling interval: 88ms
  Thread calibration: mean lat.: 30.501ms, rate sampling interval: 112ms
  Thread calibration: mean lat.: 34.589ms, rate sampling interval: 127ms
  Thread calibration: mean lat.: 38.344ms, rate sampling interval: 140ms
  Thread calibration: mean lat.: 46.717ms, rate sampling interval: 147ms
  Thread calibration: mean lat.: 46.623ms, rate sampling interval: 147ms
  Thread calibration: mean lat.: 54.482ms, rate sampling interval: 153ms
  Thread calibration: mean lat.: 58.208ms, rate sampling interval: 155ms
  Thread calibration: mean lat.: 52.119ms, rate sampling interval: 146ms
  Thread calibration: mean lat.: 48.009ms, rate sampling interval: 140ms
  Thread calibration: mean lat.: 40.783ms, rate sampling interval: 132ms
  Thread calibration: mean lat.: 37.226ms, rate sampling interval: 127ms
  Thread calibration: mean lat.: 33.326ms, rate sampling interval: 120ms
  Thread calibration: mean lat.: 33.639ms, rate sampling interval: 119ms
  Thread calibration: mean lat.: 30.532ms, rate sampling interval: 95ms
  Thread calibration: mean lat.: 31.077ms, rate sampling interval: 93ms
  Thread calibration: mean lat.: 31.830ms, rate sampling interval: 94ms
  Thread calibration: mean lat.: 32.301ms, rate sampling interval: 92ms
  Thread calibration: mean lat.: 33.436ms, rate sampling interval: 92ms
  Thread calibration: mean lat.: 33.650ms, rate sampling interval: 91ms
  Thread calibration: mean lat.: 34.159ms, rate sampling interval: 97ms
  Thread calibration: mean lat.: 34.110ms, rate sampling interval: 96ms
  Thread calibration: mean lat.: 34.513ms, rate sampling interval: 100ms
  Thread calibration: mean lat.: 34.816ms, rate sampling interval: 106ms
  Thread calibration: mean lat.: 34.502ms, rate sampling interval: 112ms
  Thread calibration: mean lat.: 34.562ms, rate sampling interval: 116ms
  Thread calibration: mean lat.: 35.154ms, rate sampling interval: 123ms
  Thread calibration: mean lat.: 43.400ms, rate sampling interval: 150ms
  Thread calibration: mean lat.: 44.545ms, rate sampling interval: 151ms
  Thread calibration: mean lat.: 47.273ms, rate sampling interval: 157ms
  Thread calibration: mean lat.: 49.108ms, rate sampling interval: 158ms
  Thread calibration: mean lat.: 51.506ms, rate sampling interval: 166ms
  Thread calibration: mean lat.: 52.664ms, rate sampling interval: 167ms
  Thread calibration: mean lat.: 55.039ms, rate sampling interval: 170ms
  Thread calibration: mean lat.: 56.835ms, rate sampling interval: 173ms
  Thread calibration: mean lat.: 59.017ms, rate sampling interval: 175ms
  Thread calibration: mean lat.: 60.261ms, rate sampling interval: 178ms
  Thread calibration: mean lat.: 61.868ms, rate sampling interval: 178ms
  Thread calibration: mean lat.: 64.030ms, rate sampling interval: 179ms
  Thread calibration: mean lat.: 65.365ms, rate sampling interval: 179ms
  Thread calibration: mean lat.: 66.696ms, rate sampling interval: 180ms
  Thread calibration: mean lat.: 68.163ms, rate sampling interval: 180ms
  Thread calibration: mean lat.: 68.937ms, rate sampling interval: 178ms
  Thread calibration: mean lat.: 69.299ms, rate sampling interval: 178ms
  Thread calibration: mean lat.: 69.441ms, rate sampling interval: 175ms
  Thread calibration: mean lat.: 69.438ms, rate sampling interval: 174ms
  Thread calibration: mean lat.: 69.565ms, rate sampling interval: 173ms
  Thread calibration: mean lat.: 64.770ms, rate sampling interval: 171ms
  Thread calibration: mean lat.: 55.643ms, rate sampling interval: 166ms
  Thread calibration: mean lat.: 55.416ms, rate sampling interval: 164ms

-----------------------------------------------------------------------
Test Results @ http://10.10.1.1:17538 
  Thread Stats   Avg      Stdev     99%   +/- Stdev
    Latency    42.17ms   25.09ms 121.28ms   69.37%
    Req/Sec    60.80     27.93   104.00     65.02%
  Latency Distribution (HdrHistogram - Recorded Latency)
 50.000%   37.25ms
 75.000%   56.83ms
 90.000%   75.90ms
 99.000%  121.28ms
 99.900%  153.34ms
 99.990%  179.58ms
 99.999%  182.14ms
100.000%  184.32ms

  Detailed Percentile spectrum:
       Value   Percentile   TotalCount 1/(1-Percentile)

       8.263     0.000000            1         1.00
      14.383     0.100000        15840         1.11
      19.535     0.200000        31697         1.25
      25.151     0.300000        47524         1.43
      31.359     0.400000        63349         1.67
      37.247     0.500000        79144         2.00
      40.447     0.550000        87077         2.22
      43.903     0.600000        94992         2.50
      47.583     0.650000       102911         2.86
      51.839     0.700000       110829         3.33
      56.831     0.750000       118745         4.00
      59.295     0.775000       122670         4.44
      62.015     0.800000       126630         5.00
      64.959     0.825000       130595         5.71
      68.031     0.850000       134550         6.67
      71.679     0.875000       138547         8.00
      73.663     0.887500       140491         8.89
      75.903     0.900000       142487        10.00
      78.207     0.912500       144459        11.43
      81.151     0.925000       146450        13.33
      84.351     0.937500       148391        16.00
      86.399     0.943750       149403        17.78
      88.639     0.950000       150379        20.00
      91.007     0.956250       151368        22.86
      94.015     0.962500       152360        26.67
      97.343     0.968750       153347        32.00
      99.839     0.971875       153836        35.56
     102.399     0.975000       154330        40.00
     105.151     0.978125       154823        45.71
     107.903     0.981250       155326        53.33
     111.487     0.984375       155812        64.00
     113.407     0.985938       156057        71.11
     116.287     0.987500       156312        80.00
     119.103     0.989062       156552        91.43
     122.943     0.990625       156803       106.67
     127.039     0.992188       157047       128.00
     130.559     0.992969       157171       142.22
     133.375     0.993750       157296       160.00
     136.703     0.994531       157418       182.86
     140.159     0.995313       157545       213.33
     142.975     0.996094       157674       256.00
     144.255     0.996484       157733       284.44
     145.407     0.996875       157792       320.00
     146.431     0.997266       157855       365.71
     147.711     0.997656       157918       426.67
     149.247     0.998047       157979       512.00
     149.887     0.998242       158010       568.89
     150.655     0.998437       158038       640.00
     151.551     0.998633       158071       731.43
     152.319     0.998828       158098       853.33
     153.471     0.999023       158128      1024.00
     153.983     0.999121       158144      1137.78
     154.623     0.999219       158159      1280.00
     155.519     0.999316       158174      1462.86
     156.287     0.999414       158190      1706.67
     157.183     0.999512       158205      2048.00
     157.951     0.999561       158213      2275.56
     159.231     0.999609       158221      2560.00
     162.303     0.999658       158228      2925.71
     166.783     0.999707       158237      3413.33
     167.807     0.999756       158244      4096.00
     168.191     0.999780       158248      4551.11
     168.831     0.999805       158254      5120.00
     168.959     0.999829       158256      5851.43
     169.087     0.999854       158259      6826.67
     169.727     0.999878       158263      8192.00
     179.199     0.999890       158265      9102.22
     179.583     0.999902       158267     10240.00
     180.351     0.999915       158270     11702.86
     180.479     0.999927       158271     13653.33
     180.991     0.999939       158273     16384.00
     181.375     0.999945       158276     18204.44
     181.375     0.999951       158276     20480.00
     181.375     0.999957       158276     23405.71
     181.503     0.999963       158278     27306.67
     181.503     0.999969       158278     32768.00
     181.503     0.999973       158278     36408.89
     181.887     0.999976       158279     40960.00
     181.887     0.999979       158279     46811.43
     182.143     0.999982       158280     54613.33
     182.143     0.999985       158280     65536.00
     182.143     0.999986       158280     72817.78
     184.191     0.999988       158281     81920.00
     184.191     0.999989       158281     93622.86
     184.191     0.999991       158281    109226.67
     184.191     0.999992       158281    131072.00
     184.191     0.999993       158281    145635.56
     184.319     0.999994       158282    163840.00
     184.319     1.000000       158282          inf
#[Mean    =       42.168, StdDeviation   =       25.086]
#[Max     =      184.192, Total count    =       158282]
#[Buckets =           27, SubBuckets     =         2048]
-----------------------------------------------------------------------
  189683 requests in 1.00m, 29.41MB read
Requests/sec:   3165.75  
Transfer/sec:    502.70KB

=== rps=3400 c=578 t=58 url=http://10.10.1.1:17538 ===
setup: assigned thread_id=1
init: final thread_id=1, base_seed=nil
setup: assigned thread_id=2
init: final thread_id=2, base_seed=nil
setup: assigned thread_id=3
init: final thread_id=3, base_seed=nil
setup: assigned thread_id=4
init: final thread_id=4, base_seed=nil
setup: assigned thread_id=5
init: final thread_id=5, base_seed=nil
setup: assigned thread_id=6
init: final thread_id=6, base_seed=nil
setup: assigned thread_id=7
init: final thread_id=7, base_seed=nil
setup: assigned thread_id=8
init: final thread_id=8, base_seed=nil
setup: assigned thread_id=9
init: final thread_id=9, base_seed=nil
setup: assigned thread_id=10
init: final thread_id=10, base_seed=nil
setup: assigned thread_id=11
init: final thread_id=11, base_seed=nil
setup: assigned thread_id=12
init: final thread_id=12, base_seed=nil
setup: assigned thread_id=13
init: final thread_id=13, base_seed=nil
setup: assigned thread_id=14
init: final thread_id=14, base_seed=nil
setup: assigned thread_id=15
init: final thread_id=15, base_seed=nil
setup: assigned thread_id=16
init: final thread_id=16, base_seed=nil
setup: assigned thread_id=17
init: final thread_id=17, base_seed=nil
setup: assigned thread_id=18
init: final thread_id=18, base_seed=nil
setup: assigned thread_id=19
init: final thread_id=19, base_seed=nil
setup: assigned thread_id=20
init: final thread_id=20, base_seed=nil
setup: assigned thread_id=21
init: final thread_id=21, base_seed=nil
setup: assigned thread_id=22
init: final thread_id=22, base_seed=nil
setup: assigned thread_id=23
init: final thread_id=23, base_seed=nil
setup: assigned thread_id=24
init: final thread_id=24, base_seed=nil
setup: assigned thread_id=25
init: final thread_id=25, base_seed=nil
setup: assigned thread_id=26
init: final thread_id=26, base_seed=nil
setup: assigned thread_id=27
init: final thread_id=27, base_seed=nil
setup: assigned thread_id=28
init: final thread_id=28, base_seed=nil
setup: assigned thread_id=29
init: final thread_id=29, base_seed=nil
setup: assigned thread_id=30
init: final thread_id=30, base_seed=nil
setup: assigned thread_id=31
init: final thread_id=31, base_seed=nil
setup: assigned thread_id=32
init: final thread_id=32, base_seed=nil
setup: assigned thread_id=33
init: final thread_id=33, base_seed=nil
setup: assigned thread_id=34
init: final thread_id=34, base_seed=nil
setup: assigned thread_id=35
init: final thread_id=35, base_seed=nil
setup: assigned thread_id=36
init: final thread_id=36, base_seed=nil
setup: assigned thread_id=37
init: final thread_id=37, base_seed=nil
setup: assigned thread_id=38
init: final thread_id=38, base_seed=nil
setup: assigned thread_id=39
init: final thread_id=39, base_seed=nil
setup: assigned thread_id=40
init: final thread_id=40, base_seed=nil
setup: assigned thread_id=41
init: final thread_id=41, base_seed=nil
setup: assigned thread_id=42
init: final thread_id=42, base_seed=nil
setup: assigned thread_id=43
init: final thread_id=43, base_seed=nil
setup: assigned thread_id=44
init: final thread_id=44, base_seed=nil
setup: assigned thread_id=45
init: final thread_id=45, base_seed=nil
setup: assigned thread_id=46
init: final thread_id=46, base_seed=nil
setup: assigned thread_id=47
init: final thread_id=47, base_seed=nil
setup: assigned thread_id=48
init: final thread_id=48, base_seed=nil
setup: assigned thread_id=49
init: final thread_id=49, base_seed=nil
setup: assigned thread_id=50
init: final thread_id=50, base_seed=nil
setup: assigned thread_id=51
init: final thread_id=51, base_seed=nil
setup: assigned thread_id=52
init: final thread_id=52, base_seed=nil
setup: assigned thread_id=53
init: final thread_id=53, base_seed=nil
setup: assigned thread_id=54
init: final thread_id=54, base_seed=nil
setup: assigned thread_id=55
init: final thread_id=55, base_seed=nil
setup: assigned thread_id=56
init: final thread_id=56, base_seed=nil
setup: assigned thread_id=57
init: final thread_id=57, base_seed=nil
setup: assigned thread_id=58
init: final thread_id=58, base_seed=nil
script_want_response
Running 1m test @ http://10.10.1.1:17538
  58 threads and 578 connections

  Thread calibration: mean lat.: 114.004ms, rate sampling interval: 365ms
  Thread calibration: mean lat.: 116.448ms, rate sampling interval: 372ms
  Thread calibration: mean lat.: 114.554ms, rate sampling interval: 352ms
  Thread calibration: mean lat.: 116.639ms, rate sampling interval: 362ms
  Thread calibration: mean lat.: 115.739ms, rate sampling interval: 353ms
  Thread calibration: mean lat.: 116.967ms, rate sampling interval: 361ms
  Thread calibration: mean lat.: 113.999ms, rate sampling interval: 343ms
  Thread calibration: mean lat.: 114.926ms, rate sampling interval: 343ms
  Thread calibration: mean lat.: 114.657ms, rate sampling interval: 341ms
  Thread calibration: mean lat.: 114.444ms, rate sampling interval: 338ms
  Thread calibration: mean lat.: 112.900ms, rate sampling interval: 322ms
  Thread calibration: mean lat.: 104.526ms, rate sampling interval: 298ms
  Thread calibration: mean lat.: 101.004ms, rate sampling interval: 289ms
  Thread calibration: mean lat.: 100.976ms, rate sampling interval: 288ms
  Thread calibration: mean lat.: 99.364ms, rate sampling interval: 281ms
  Thread calibration: mean lat.: 100.273ms, rate sampling interval: 287ms
  Thread calibration: mean lat.: 93.314ms, rate sampling interval: 259ms
  Thread calibration: mean lat.: 92.682ms, rate sampling interval: 258ms
  Thread calibration: mean lat.: 95.307ms, rate sampling interval: 279ms
  Thread calibration: mean lat.: 93.322ms, rate sampling interval: 268ms
  Thread calibration: mean lat.: 94.465ms, rate sampling interval: 276ms
  Thread calibration: mean lat.: 90.050ms, rate sampling interval: 254ms
  Thread calibration: mean lat.: 105.175ms, rate sampling interval: 275ms
  Thread calibration: mean lat.: 98.837ms, rate sampling interval: 322ms
  Thread calibration: mean lat.: 94.993ms, rate sampling interval: 296ms
  Thread calibration: mean lat.: 96.792ms, rate sampling interval: 305ms
  Thread calibration: mean lat.: 100.843ms, rate sampling interval: 315ms
  Thread calibration: mean lat.: 104.602ms, rate sampling interval: 319ms
  Thread calibration: mean lat.: 105.340ms, rate sampling interval: 318ms
  Thread calibration: mean lat.: 104.855ms, rate sampling interval: 317ms
  Thread calibration: mean lat.: 110.372ms, rate sampling interval: 317ms
  Thread calibration: mean lat.: 110.288ms, rate sampling interval: 315ms
  Thread calibration: mean lat.: 109.965ms, rate sampling interval: 313ms
  Thread calibration: mean lat.: 109.977ms, rate sampling interval: 311ms
  Thread calibration: mean lat.: 109.606ms, rate sampling interval: 307ms
  Thread calibration: mean lat.: 109.532ms, rate sampling interval: 304ms
  Thread calibration: mean lat.: 109.743ms, rate sampling interval: 302ms
  Thread calibration: mean lat.: 110.100ms, rate sampling interval: 300ms
  Thread calibration: mean lat.: 109.714ms, rate sampling interval: 299ms
  Thread calibration: mean lat.: 109.169ms, rate sampling interval: 296ms
  Thread calibration: mean lat.: 108.875ms, rate sampling interval: 295ms
  Thread calibration: mean lat.: 108.899ms, rate sampling interval: 292ms
  Thread calibration: mean lat.: 108.311ms, rate sampling interval: 291ms
  Thread calibration: mean lat.: 108.148ms, rate sampling interval: 290ms
  Thread calibration: mean lat.: 107.519ms, rate sampling interval: 288ms
  Thread calibration: mean lat.: 107.386ms, rate sampling interval: 287ms
  Thread calibration: mean lat.: 106.921ms, rate sampling interval: 285ms
  Thread calibration: mean lat.: 106.455ms, rate sampling interval: 285ms
  Thread calibration: mean lat.: 108.473ms, rate sampling interval: 296ms
  Thread calibration: mean lat.: 108.007ms, rate sampling interval: 294ms
  Thread calibration: mean lat.: 110.267ms, rate sampling interval: 307ms
  Thread calibration: mean lat.: 114.453ms, rate sampling interval: 320ms
  Thread calibration: mean lat.: 116.267ms, rate sampling interval: 325ms
  Thread calibration: mean lat.: 116.306ms, rate sampling interval: 325ms
  Thread calibration: mean lat.: 120.341ms, rate sampling interval: 333ms
  Thread calibration: mean lat.: 122.372ms, rate sampling interval: 335ms
  Thread calibration: mean lat.: 121.031ms, rate sampling interval: 332ms
  Thread calibration: mean lat.: 120.246ms, rate sampling interval: 328ms

-----------------------------------------------------------------------
Test Results @ http://10.10.1.1:17538 
  Thread Stats   Avg      Stdev     99%   +/- Stdev
    Latency    96.75ms   52.71ms 212.22ms   60.33%
    Req/Sec    57.73     10.05    83.00     78.95%
  Latency Distribution (HdrHistogram - Recorded Latency)
 50.000%   99.33ms
 75.000%  136.96ms
 90.000%  167.17ms
 99.000%  212.22ms
 99.900%  230.14ms
 99.990%  239.36ms
 99.999%  305.66ms
100.000%  313.34ms

  Detailed Percentile spectrum:
       Value   Percentile   TotalCount 1/(1-Percentile)

       9.863     0.000000            1         1.00
      26.495     0.100000        16852         1.11
      41.151     0.200000        33666         1.25
      56.383     0.300000        50490         1.43
      76.863     0.400000        67314         1.67
      99.327     0.500000        84186         2.00
     107.711     0.550000        92585         2.22
     115.391     0.600000       100968         2.50
     122.751     0.650000       109428         2.86
     129.727     0.700000       117813         3.33
     136.959     0.750000       126259         4.00
     140.927     0.775000       130524         4.44
     145.279     0.800000       134711         5.00
     149.759     0.825000       138927         5.71
     155.647     0.850000       143104         6.67
     161.151     0.875000       147334         8.00
     163.839     0.887500       149356         8.89
     167.167     0.900000       151507        10.00
     170.495     0.912500       153610        11.43
     174.079     0.925000       155709        13.33
     178.047     0.937500       157774        16.00
     180.479     0.943750       158841        17.78
     183.423     0.950000       159868        20.00
     186.623     0.956250       160938        22.86
     190.079     0.962500       161977        26.67
     193.919     0.968750       163039        32.00
     196.095     0.971875       163566        35.56
     198.399     0.975000       164096        40.00
     200.703     0.978125       164599        45.71
     203.519     0.981250       165141        53.33
     206.335     0.984375       165652        64.00
     207.743     0.985938       165929        71.11
     209.279     0.987500       166179        80.00
     211.199     0.989062       166455        91.43
     212.991     0.990625       166705       106.67
     215.039     0.992188       166980       128.00
     215.935     0.992969       167101       142.22
     217.087     0.993750       167231       160.00
     218.239     0.994531       167364       182.86
     219.519     0.995313       167493       213.33
     221.055     0.996094       167630       256.00
     221.951     0.996484       167698       284.44
     222.719     0.996875       167760       320.00
     223.743     0.997266       167820       365.71
     224.767     0.997656       167887       426.67
     225.919     0.998047       167953       512.00
     226.559     0.998242       167985       568.89
     227.583     0.998437       168019       640.00
     228.223     0.998633       168051       731.43
     228.991     0.998828       168085       853.33
     230.271     0.999023       168123      1024.00
     230.527     0.999121       168133      1137.78
     231.039     0.999219       168151      1280.00
     231.807     0.999316       168165      1462.86
     232.447     0.999414       168183      1706.67
     233.343     0.999512       168199      2048.00
     233.983     0.999561       168207      2275.56
     234.367     0.999609       168216      2560.00
     234.879     0.999658       168224      2925.71
     235.263     0.999707       168231      3413.33
     236.031     0.999756       168239      4096.00
     236.799     0.999780       168245      4551.11
     237.055     0.999805       168248      5120.00
     237.439     0.999829       168252      5851.43
     238.079     0.999854       168258      6826.67
     238.719     0.999878       168260      8192.00
     239.103     0.999890       168262      9102.22
     239.743     0.999902       168265     10240.00
     241.279     0.999915       168266     11702.86
     243.711     0.999927       168268     13653.33
     258.559     0.999939       168270     16384.00
     282.111     0.999945       168271     18204.44
     288.255     0.999951       168272     20480.00
     296.191     0.999957       168273     23405.71
     300.031     0.999963       168274     27306.67
     302.335     0.999969       168275     32768.00
     304.127     0.999973       168276     36408.89
     304.127     0.999976       168276     40960.00
     305.663     0.999979       168278     46811.43
     305.663     0.999982       168278     54613.33
     305.663     0.999985       168278     65536.00
     305.663     0.999986       168278     72817.78
     305.663     0.999988       168278     81920.00
     310.015     0.999989       168279     93622.86
     310.015     0.999991       168279    109226.67
     310.015     0.999992       168279    131072.00
     310.015     0.999993       168279    145635.56
     310.015     0.999994       168279    163840.00
     313.343     0.999995       168280    187245.71
     313.343     1.000000       168280          inf
#[Mean    =       96.750, StdDeviation   =       52.709]
#[Max     =      313.088, Total count    =       168280]
#[Buckets =           27, SubBuckets     =         2048]
-----------------------------------------------------------------------
  201152 requests in 1.00m, 31.19MB read
Requests/sec:   3357.67  
Transfer/sec:    533.12KB

=== rps=3600 c=648 t=65 url=http://10.10.1.1:17538 ===
setup: assigned thread_id=1
init: final thread_id=1, base_seed=nil
setup: assigned thread_id=2
init: final thread_id=2, base_seed=nil
setup: assigned thread_id=3
init: final thread_id=3, base_seed=nil
setup: assigned thread_id=4
init: final thread_id=4, base_seed=nil
setup: assigned thread_id=5
init: final thread_id=5, base_seed=nil
setup: assigned thread_id=6
init: final thread_id=6, base_seed=nil
setup: assigned thread_id=7
init: final thread_id=7, base_seed=nil
setup: assigned thread_id=8
init: final thread_id=8, base_seed=nil
setup: assigned thread_id=9
init: final thread_id=9, base_seed=nil
setup: assigned thread_id=10
init: final thread_id=10, base_seed=nil
setup: assigned thread_id=11
init: final thread_id=11, base_seed=nil
setup: assigned thread_id=12
init: final thread_id=12, base_seed=nil
setup: assigned thread_id=13
init: final thread_id=13, base_seed=nil
setup: assigned thread_id=14
init: final thread_id=14, base_seed=nil
setup: assigned thread_id=15
init: final thread_id=15, base_seed=nil
setup: assigned thread_id=16
init: final thread_id=16, base_seed=nil
setup: assigned thread_id=17
init: final thread_id=17, base_seed=nil
setup: assigned thread_id=18
init: final thread_id=18, base_seed=nil
setup: assigned thread_id=19
init: final thread_id=19, base_seed=nil
setup: assigned thread_id=20
init: final thread_id=20, base_seed=nil
setup: assigned thread_id=21
init: final thread_id=21, base_seed=nil
setup: assigned thread_id=22
init: final thread_id=22, base_seed=nil
setup: assigned thread_id=23
init: final thread_id=23, base_seed=nil
setup: assigned thread_id=24
init: final thread_id=24, base_seed=nil
setup: assigned thread_id=25
init: final thread_id=25, base_seed=nil
setup: assigned thread_id=26
init: final thread_id=26, base_seed=nil
setup: assigned thread_id=27
init: final thread_id=27, base_seed=nil
setup: assigned thread_id=28
init: final thread_id=28, base_seed=nil
setup: assigned thread_id=29
init: final thread_id=29, base_seed=nil
setup: assigned thread_id=30
init: final thread_id=30, base_seed=nil
setup: assigned thread_id=31
init: final thread_id=31, base_seed=nil
setup: assigned thread_id=32
init: final thread_id=32, base_seed=nil
setup: assigned thread_id=33
init: final thread_id=33, base_seed=nil
setup: assigned thread_id=34
init: final thread_id=34, base_seed=nil
setup: assigned thread_id=35
init: final thread_id=35, base_seed=nil
setup: assigned thread_id=36
init: final thread_id=36, base_seed=nil
setup: assigned thread_id=37
init: final thread_id=37, base_seed=nil
setup: assigned thread_id=38
init: final thread_id=38, base_seed=nil
setup: assigned thread_id=39
init: final thread_id=39, base_seed=nil
setup: assigned thread_id=40
init: final thread_id=40, base_seed=nil
setup: assigned thread_id=41
init: final thread_id=41, base_seed=nil
setup: assigned thread_id=42
init: final thread_id=42, base_seed=nil
setup: assigned thread_id=43
init: final thread_id=43, base_seed=nil
setup: assigned thread_id=44
init: final thread_id=44, base_seed=nil
setup: assigned thread_id=45
init: final thread_id=45, base_seed=nil
setup: assigned thread_id=46
init: final thread_id=46, base_seed=nil
setup: assigned thread_id=47
init: final thread_id=47, base_seed=nil
setup: assigned thread_id=48
init: final thread_id=48, base_seed=nil
setup: assigned thread_id=49
init: final thread_id=49, base_seed=nil
setup: assigned thread_id=50
init: final thread_id=50, base_seed=nil
setup: assigned thread_id=51
init: final thread_id=51, base_seed=nil
setup: assigned thread_id=52
init: final thread_id=52, base_seed=nil
setup: assigned thread_id=53
init: final thread_id=53, base_seed=nil
setup: assigned thread_id=54
init: final thread_id=54, base_seed=nil
setup: assigned thread_id=55
init: final thread_id=55, base_seed=nil
setup: assigned thread_id=56
init: final thread_id=56, base_seed=nil
setup: assigned thread_id=57
init: final thread_id=57, base_seed=nil
setup: assigned thread_id=58
init: final thread_id=58, base_seed=nil
setup: assigned thread_id=59
init: final thread_id=59, base_seed=nil
setup: assigned thread_id=60
init: final thread_id=60, base_seed=nil
setup: assigned thread_id=61
init: final thread_id=61, base_seed=nil
setup: assigned thread_id=62
init: final thread_id=62, base_seed=nil
setup: assigned thread_id=63
init: final thread_id=63, base_seed=nil
setup: assigned thread_id=64
init: final thread_id=64, base_seed=nil
setup: assigned thread_id=65
init: final thread_id=65, base_seed=nil
script_want_response
Running 1m test @ http://10.10.1.1:17538
  65 threads and 648 connections

  Thread calibration: mean lat.: 212.728ms, rate sampling interval: 633ms
  Thread calibration: mean lat.: 226.573ms, rate sampling interval: 655ms
  Thread calibration: mean lat.: 239.085ms, rate sampling interval: 676ms
  Thread calibration: mean lat.: 234.525ms, rate sampling interval: 690ms
  Thread calibration: mean lat.: 229.074ms, rate sampling interval: 684ms
  Thread calibration: mean lat.: 247.654ms, rate sampling interval: 701ms
  Thread calibration: mean lat.: 249.571ms, rate sampling interval: 709ms
  Thread calibration: mean lat.: 232.556ms, rate sampling interval: 669ms
  Thread calibration: mean lat.: 251.995ms, rate sampling interval: 708ms
  Thread calibration: mean lat.: 256.534ms, rate sampling interval: 713ms
  Thread calibration: mean lat.: 253.929ms, rate sampling interval: 726ms
  Thread calibration: mean lat.: 250.211ms, rate sampling interval: 709ms
  Thread calibration: mean lat.: 228.240ms, rate sampling interval: 691ms
  Thread calibration: mean lat.: 236.857ms, rate sampling interval: 681ms
  Thread calibration: mean lat.: 232.333ms, rate sampling interval: 670ms
  Thread calibration: mean lat.: 225.581ms, rate sampling interval: 631ms
  Thread calibration: mean lat.: 213.784ms, rate sampling interval: 603ms
  Thread calibration: mean lat.: 197.996ms, rate sampling interval: 585ms
  Thread calibration: mean lat.: 204.111ms, rate sampling interval: 585ms
  Thread calibration: mean lat.: 204.626ms, rate sampling interval: 587ms
  Thread calibration: mean lat.: 217.032ms, rate sampling interval: 621ms
  Thread calibration: mean lat.: 211.299ms, rate sampling interval: 629ms
  Thread calibration: mean lat.: 213.230ms, rate sampling interval: 615ms
  Thread calibration: mean lat.: 219.204ms, rate sampling interval: 628ms
  Thread calibration: mean lat.: 215.406ms, rate sampling interval: 613ms
  Thread calibration: mean lat.: 230.461ms, rate sampling interval: 647ms
  Thread calibration: mean lat.: 235.248ms, rate sampling interval: 665ms
  Thread calibration: mean lat.: 229.659ms, rate sampling interval: 657ms
  Thread calibration: mean lat.: 230.350ms, rate sampling interval: 663ms
  Thread calibration: mean lat.: 244.649ms, rate sampling interval: 671ms
  Thread calibration: mean lat.: 218.990ms, rate sampling interval: 634ms
  Thread calibration: mean lat.: 242.628ms, rate sampling interval: 633ms
  Thread calibration: mean lat.: 202.866ms, rate sampling interval: 613ms
  Thread calibration: mean lat.: 209.780ms, rate sampling interval: 634ms
  Thread calibration: mean lat.: 218.982ms, rate sampling interval: 635ms
  Thread calibration: mean lat.: 216.955ms, rate sampling interval: 630ms
  Thread calibration: mean lat.: 211.490ms, rate sampling interval: 614ms
  Thread calibration: mean lat.: 213.336ms, rate sampling interval: 615ms
  Thread calibration: mean lat.: 212.035ms, rate sampling interval: 622ms
  Thread calibration: mean lat.: 239.390ms, rate sampling interval: 620ms
  Thread calibration: mean lat.: 231.755ms, rate sampling interval: 613ms
  Thread calibration: mean lat.: 232.446ms, rate sampling interval: 642ms
  Thread calibration: mean lat.: 211.151ms, rate sampling interval: 623ms
  Thread calibration: mean lat.: 212.257ms, rate sampling interval: 616ms
  Thread calibration: mean lat.: 207.283ms, rate sampling interval: 606ms
  Thread calibration: mean lat.: 226.386ms, rate sampling interval: 630ms
  Thread calibration: mean lat.: 223.485ms, rate sampling interval: 601ms
  Thread calibration: mean lat.: 223.745ms, rate sampling interval: 643ms
  Thread calibration: mean lat.: 222.333ms, rate sampling interval: 625ms
  Thread calibration: mean lat.: 221.400ms, rate sampling interval: 630ms
  Thread calibration: mean lat.: 213.881ms, rate sampling interval: 611ms
  Thread calibration: mean lat.: 204.760ms, rate sampling interval: 607ms
  Thread calibration: mean lat.: 208.625ms, rate sampling interval: 618ms
  Thread calibration: mean lat.: 211.654ms, rate sampling interval: 609ms
  Thread calibration: mean lat.: 216.679ms, rate sampling interval: 627ms
  Thread calibration: mean lat.: 232.838ms, rate sampling interval: 652ms
  Thread calibration: mean lat.: 228.748ms, rate sampling interval: 642ms
  Thread calibration: mean lat.: 233.545ms, rate sampling interval: 651ms
  Thread calibration: mean lat.: 224.269ms, rate sampling interval: 637ms
  Thread calibration: mean lat.: 219.757ms, rate sampling interval: 631ms
  Thread calibration: mean lat.: 217.202ms, rate sampling interval: 630ms
  Thread calibration: mean lat.: 210.645ms, rate sampling interval: 621ms
  Thread calibration: mean lat.: 219.716ms, rate sampling interval: 628ms
  Thread calibration: mean lat.: 211.160ms, rate sampling interval: 616ms
  Thread calibration: mean lat.: 218.678ms, rate sampling interval: 653ms

-----------------------------------------------------------------------
Test Results @ http://10.10.1.1:17538 
  Thread Stats   Avg      Stdev     99%   +/- Stdev
    Latency   203.09ms  101.97ms 427.52ms   61.90%
    Req/Sec    54.63      5.49    68.00     79.25%
  Latency Distribution (HdrHistogram - Recorded Latency)
 50.000%  198.91ms
 75.000%  279.30ms
 90.000%  343.30ms
 99.000%  427.52ms
 99.900%  455.93ms
 99.990%  515.84ms
 99.999%  529.92ms
100.000%  531.97ms

  Detailed Percentile spectrum:
       Value   Percentile   TotalCount 1/(1-Percentile)

       9.951     0.000000            1         1.00
      62.431     0.100000        17870         1.11
     101.375     0.200000        35713         1.25
     142.335     0.300000        53616         1.43
     171.519     0.400000        71453         1.67
     198.911     0.500000        89275         2.00
     213.375     0.550000        98197         2.22
     230.143     0.600000       107193         2.50
     247.679     0.650000       116072         2.86
     263.167     0.700000       125101         3.33
     279.295     0.750000       133911         4.00
     288.255     0.775000       138481         4.44
     297.471     0.800000       142876         5.00
     308.223     0.825000       147330         5.71
     319.999     0.850000       151808         6.67
     331.263     0.875000       156249         8.00
     337.151     0.887500       158479         8.89
     343.295     0.900000       160779        10.00
     349.439     0.912500       162971        11.43
     356.095     0.925000       165182        13.33
     363.263     0.937500       167389        16.00
     367.359     0.943750       168526        17.78
     371.455     0.950000       169632        20.00
     376.831     0.956250       170773        22.86
     382.719     0.962500       171845        26.67
     390.143     0.968750       172976        32.00
     394.751     0.971875       173546        35.56
     401.151     0.975000       174087        40.00
     407.551     0.978125       174645        45.71
     412.927     0.981250       175222        53.33
     418.303     0.984375       175766        64.00
     420.863     0.985938       176038        71.11
     423.167     0.987500       176311        80.00
     425.983     0.989062       176609        91.43
     428.543     0.990625       176880       106.67
     431.615     0.992188       177154       128.00
     433.407     0.992969       177303       142.22
     434.943     0.993750       177429       160.00
     436.735     0.994531       177570       182.86
     438.783     0.995313       177707       213.33
     441.087     0.996094       177855       256.00
     441.855     0.996484       177913       284.44
     443.135     0.996875       177992       320.00
     444.415     0.997266       178053       365.71
     446.463     0.997656       178131       426.67
     448.255     0.998047       178199       512.00
     449.279     0.998242       178237       568.89
     450.303     0.998437       178266       640.00
     451.583     0.998633       178296       731.43
     453.631     0.998828       178336       853.33
     456.703     0.999023       178366      1024.00
     459.007     0.999121       178384      1137.78
     462.079     0.999219       178401      1280.00
     464.383     0.999316       178418      1462.86
     468.735     0.999414       178437      1706.67
     472.575     0.999512       178453      2048.00
     476.671     0.999561       178463      2275.56
     478.719     0.999609       178471      2560.00
     483.839     0.999658       178480      2925.71
     490.495     0.999707       178488      3413.33
     499.455     0.999756       178497      4096.00
     502.271     0.999780       178503      4551.11
     504.319     0.999805       178506      5120.00
     506.623     0.999829       178510      5851.43
     509.695     0.999854       178514      6826.67
     513.279     0.999878       178519      8192.00
     515.583     0.999890       178521      9102.22
     516.351     0.999902       178523     10240.00
     517.119     0.999915       178525     11702.86
     518.143     0.999927       178527     13653.33
     520.447     0.999939       178530     16384.00
     520.703     0.999945       178531     18204.44
     521.727     0.999951       178532     20480.00
     524.799     0.999957       178534     23405.71
     524.799     0.999963       178534     27306.67
     525.311     0.999969       178536     32768.00
     525.311     0.999973       178536     36408.89
     525.311     0.999976       178536     40960.00
     525.823     0.999979       178537     46811.43
     525.823     0.999982       178537     54613.33
     529.919     0.999985       178538     65536.00
     529.919     0.999986       178538     72817.78
     529.919     0.999988       178538     81920.00
     530.943     0.999989       178539     93622.86
     530.943     0.999991       178539    109226.67
     530.943     0.999992       178539    131072.00
     530.943     0.999993       178539    145635.56
     530.943     0.999994       178539    163840.00
     531.967     0.999995       178540    187245.71
     531.967     1.000000       178540          inf
#[Mean    =      203.088, StdDeviation   =      101.972]
#[Max     =      531.456, Total count    =       178540]
#[Buckets =           27, SubBuckets     =         2048]
-----------------------------------------------------------------------
  213386 requests in 1.00m, 33.09MB read
Requests/sec:   3563.00  
Transfer/sec:    565.78KB

=== rps=3800 c=722 t=73 url=http://10.10.1.1:17538 ===
setup: assigned thread_id=1
init: final thread_id=1, base_seed=nil
setup: assigned thread_id=2
init: final thread_id=2, base_seed=nil
setup: assigned thread_id=3
init: final thread_id=3, base_seed=nil
setup: assigned thread_id=4
init: final thread_id=4, base_seed=nil
setup: assigned thread_id=5
init: final thread_id=5, base_seed=nil
setup: assigned thread_id=6
init: final thread_id=6, base_seed=nil
setup: assigned thread_id=7
init: final thread_id=7, base_seed=nil
setup: assigned thread_id=8
init: final thread_id=8, base_seed=nil
setup: assigned thread_id=9
init: final thread_id=9, base_seed=nil
setup: assigned thread_id=10
init: final thread_id=10, base_seed=nil
setup: assigned thread_id=11
init: final thread_id=11, base_seed=nil
setup: assigned thread_id=12
init: final thread_id=12, base_seed=nil
setup: assigned thread_id=13
init: final thread_id=13, base_seed=nil
setup: assigned thread_id=14
init: final thread_id=14, base_seed=nil
setup: assigned thread_id=15
init: final thread_id=15, base_seed=nil
setup: assigned thread_id=16
init: final thread_id=16, base_seed=nil
setup: assigned thread_id=17
init: final thread_id=17, base_seed=nil
setup: assigned thread_id=18
init: final thread_id=18, base_seed=nil
setup: assigned thread_id=19
init: final thread_id=19, base_seed=nil
setup: assigned thread_id=20
init: final thread_id=20, base_seed=nil
setup: assigned thread_id=21
init: final thread_id=21, base_seed=nil
setup: assigned thread_id=22
init: final thread_id=22, base_seed=nil
setup: assigned thread_id=23
init: final thread_id=23, base_seed=nil
setup: assigned thread_id=24
init: final thread_id=24, base_seed=nil
setup: assigned thread_id=25
init: final thread_id=25, base_seed=nil
setup: assigned thread_id=26
init: final thread_id=26, base_seed=nil
setup: assigned thread_id=27
init: final thread_id=27, base_seed=nil
setup: assigned thread_id=28
init: final thread_id=28, base_seed=nil
setup: assigned thread_id=29
init: final thread_id=29, base_seed=nil
setup: assigned thread_id=30
init: final thread_id=30, base_seed=nil
setup: assigned thread_id=31
init: final thread_id=31, base_seed=nil
setup: assigned thread_id=32
init: final thread_id=32, base_seed=nil
setup: assigned thread_id=33
init: final thread_id=33, base_seed=nil
setup: assigned thread_id=34
init: final thread_id=34, base_seed=nil
setup: assigned thread_id=35
init: final thread_id=35, base_seed=nil
setup: assigned thread_id=36
init: final thread_id=36, base_seed=nil
setup: assigned thread_id=37
init: final thread_id=37, base_seed=nil
setup: assigned thread_id=38
init: final thread_id=38, base_seed=nil
setup: assigned thread_id=39
init: final thread_id=39, base_seed=nil
setup: assigned thread_id=40
init: final thread_id=40, base_seed=nil
setup: assigned thread_id=41
init: final thread_id=41, base_seed=nil
setup: assigned thread_id=42
init: final thread_id=42, base_seed=nil
setup: assigned thread_id=43
init: final thread_id=43, base_seed=nil
setup: assigned thread_id=44
init: final thread_id=44, base_seed=nil
setup: assigned thread_id=45
init: final thread_id=45, base_seed=nil
setup: assigned thread_id=46
init: final thread_id=46, base_seed=nil
setup: assigned thread_id=47
init: final thread_id=47, base_seed=nil
setup: assigned thread_id=48
init: final thread_id=48, base_seed=nil
setup: assigned thread_id=49
init: final thread_id=49, base_seed=nil
setup: assigned thread_id=50
init: final thread_id=50, base_seed=nil
setup: assigned thread_id=51
init: final thread_id=51, base_seed=nil
setup: assigned thread_id=52
init: final thread_id=52, base_seed=nil
setup: assigned thread_id=53
init: final thread_id=53, base_seed=nil
setup: assigned thread_id=54
init: final thread_id=54, base_seed=nil
setup: assigned thread_id=55
init: final thread_id=55, base_seed=nil
setup: assigned thread_id=56
init: final thread_id=56, base_seed=nil
setup: assigned thread_id=57
init: final thread_id=57, base_seed=nil
setup: assigned thread_id=58
init: final thread_id=58, base_seed=nil
setup: assigned thread_id=59
init: final thread_id=59, base_seed=nil
setup: assigned thread_id=60
init: final thread_id=60, base_seed=nil
setup: assigned thread_id=61
init: final thread_id=61, base_seed=nil
setup: assigned thread_id=62
init: final thread_id=62, base_seed=nil
setup: assigned thread_id=63
init: final thread_id=63, base_seed=nil
setup: assigned thread_id=64
init: final thread_id=64, base_seed=nil
setup: assigned thread_id=65
init: final thread_id=65, base_seed=nil
setup: assigned thread_id=66
init: final thread_id=66, base_seed=nil
setup: assigned thread_id=67
init: final thread_id=67, base_seed=nil
setup: assigned thread_id=68
init: final thread_id=68, base_seed=nil
setup: assigned thread_id=69
init: final thread_id=69, base_seed=nil
setup: assigned thread_id=70
init: final thread_id=70, base_seed=nil
setup: assigned thread_id=71
init: final thread_id=71, base_seed=nil
setup: assigned thread_id=72
init: final thread_id=72, base_seed=nil
setup: assigned thread_id=73
init: final thread_id=73, base_seed=nil
script_want_response
Running 1m test @ http://10.10.1.1:17538
  73 threads and 722 connections

  Thread calibration: mean lat.: 98.342ms, rate sampling interval: 564ms
  Thread calibration: mean lat.: 100.179ms, rate sampling interval: 602ms
  Thread calibration: mean lat.: 97.299ms, rate sampling interval: 597ms
  Thread calibration: mean lat.: 96.644ms, rate sampling interval: 571ms
  Thread calibration: mean lat.: 95.372ms, rate sampling interval: 581ms
  Thread calibration: mean lat.: 94.095ms, rate sampling interval: 588ms
  Thread calibration: mean lat.: 90.661ms, rate sampling interval: 548ms
  Thread calibration: mean lat.: 90.604ms, rate sampling interval: 555ms
  Thread calibration: mean lat.: 86.023ms, rate sampling interval: 559ms
  Thread calibration: mean lat.: 85.950ms, rate sampling interval: 560ms
  Thread calibration: mean lat.: 91.302ms, rate sampling interval: 590ms
  Thread calibration: mean lat.: 95.378ms, rate sampling interval: 632ms
  Thread calibration: mean lat.: 94.577ms, rate sampling interval: 617ms
  Thread calibration: mean lat.: 91.577ms, rate sampling interval: 575ms
  Thread calibration: mean lat.: 96.170ms, rate sampling interval: 612ms
  Thread calibration: mean lat.: 96.007ms, rate sampling interval: 607ms
  Thread calibration: mean lat.: 93.429ms, rate sampling interval: 589ms
  Thread calibration: mean lat.: 92.843ms, rate sampling interval: 586ms
  Thread calibration: mean lat.: 93.012ms, rate sampling interval: 594ms
  Thread calibration: mean lat.: 92.439ms, rate sampling interval: 586ms
  Thread calibration: mean lat.: 91.873ms, rate sampling interval: 585ms
  Thread calibration: mean lat.: 91.299ms, rate sampling interval: 581ms
  Thread calibration: mean lat.: 90.637ms, rate sampling interval: 584ms
  Thread calibration: mean lat.: 90.496ms, rate sampling interval: 603ms
  Thread calibration: mean lat.: 89.830ms, rate sampling interval: 603ms
  Thread calibration: mean lat.: 90.458ms, rate sampling interval: 617ms
  Thread calibration: mean lat.: 88.823ms, rate sampling interval: 612ms
  Thread calibration: mean lat.: 87.316ms, rate sampling interval: 634ms
  Thread calibration: mean lat.: 88.169ms, rate sampling interval: 645ms
  Thread calibration: mean lat.: 91.290ms, rate sampling interval: 673ms
  Thread calibration: mean lat.: 91.806ms, rate sampling interval: 670ms
  Thread calibration: mean lat.: 90.223ms, rate sampling interval: 634ms
  Thread calibration: mean lat.: 86.887ms, rate sampling interval: 570ms
  Thread calibration: mean lat.: 85.887ms, rate sampling interval: 568ms
  Thread calibration: mean lat.: 94.756ms, rate sampling interval: 636ms
  Thread calibration: mean lat.: 98.401ms, rate sampling interval: 665ms
  Thread calibration: mean lat.: 95.666ms, rate sampling interval: 614ms
  Thread calibration: mean lat.: 95.634ms, rate sampling interval: 595ms
  Thread calibration: mean lat.: 96.873ms, rate sampling interval: 581ms
  Thread calibration: mean lat.: 98.626ms, rate sampling interval: 615ms
  Thread calibration: mean lat.: 102.377ms, rate sampling interval: 626ms
  Thread calibration: mean lat.: 103.802ms, rate sampling interval: 645ms
  Thread calibration: mean lat.: 105.646ms, rate sampling interval: 651ms
  Thread calibration: mean lat.: 105.883ms, rate sampling interval: 628ms
  Thread calibration: mean lat.: 106.110ms, rate sampling interval: 642ms
  Thread calibration: mean lat.: 106.537ms, rate sampling interval: 640ms
  Thread calibration: mean lat.: 107.263ms, rate sampling interval: 643ms
  Thread calibration: mean lat.: 105.719ms, rate sampling interval: 615ms
  Thread calibration: mean lat.: 107.165ms, rate sampling interval: 633ms
  Thread calibration: mean lat.: 106.666ms, rate sampling interval: 630ms
  Thread calibration: mean lat.: 106.904ms, rate sampling interval: 635ms
  Thread calibration: mean lat.: 103.028ms, rate sampling interval: 606ms
  Thread calibration: mean lat.: 103.189ms, rate sampling interval: 628ms
  Thread calibration: mean lat.: 101.567ms, rate sampling interval: 613ms
  Thread calibration: mean lat.: 98.053ms, rate sampling interval: 599ms
  Thread calibration: mean lat.: 97.864ms, rate sampling interval: 604ms
  Thread calibration: mean lat.: 105.567ms, rate sampling interval: 674ms
  Thread calibration: mean lat.: 100.633ms, rate sampling interval: 600ms
  Thread calibration: mean lat.: 104.185ms, rate sampling interval: 650ms
  Thread calibration: mean lat.: 104.350ms, rate sampling interval: 649ms
  Thread calibration: mean lat.: 105.643ms, rate sampling interval: 662ms
  Thread calibration: mean lat.: 105.295ms, rate sampling interval: 651ms
  Thread calibration: mean lat.: 105.935ms, rate sampling interval: 645ms
  Thread calibration: mean lat.: 106.096ms, rate sampling interval: 652ms
  Thread calibration: mean lat.: 105.409ms, rate sampling interval: 638ms
  Thread calibration: mean lat.: 105.826ms, rate sampling interval: 634ms
  Thread calibration: mean lat.: 105.857ms, rate sampling interval: 637ms
  Thread calibration: mean lat.: 108.552ms, rate sampling interval: 666ms
  Thread calibration: mean lat.: 103.003ms, rate sampling interval: 586ms
  Thread calibration: mean lat.: 107.649ms, rate sampling interval: 648ms
  Thread calibration: mean lat.: 107.999ms, rate sampling interval: 644ms
  Thread calibration: mean lat.: 95.850ms, rate sampling interval: 590ms
  Thread calibration: mean lat.: 95.888ms, rate sampling interval: 587ms

-----------------------------------------------------------------------
Test Results @ http://10.10.1.1:17538 
  Thread Stats   Avg      Stdev     99%   +/- Stdev
    Latency   534.19ms  227.48ms   1.10s    66.76%
    Req/Sec    51.16      4.50    61.00     77.79%
  Latency Distribution (HdrHistogram - Recorded Latency)
 50.000%  513.53ms
 75.000%  652.80ms
 90.000%  870.91ms
 99.000%    1.10s 
 99.900%    1.28s 
 99.990%    1.38s 
 99.999%    1.41s 
100.000%    1.42s 

  Detailed Percentile spectrum:
       Value   Percentile   TotalCount 1/(1-Percentile)

      85.567     0.000000            1         1.00
     239.743     0.100000        18782         1.11
     345.087     0.200000        37568         1.25
     416.511     0.300000        56370         1.43
     468.479     0.400000        75196         1.67
     513.535     0.500000        93903         2.00
     534.015     0.550000       103481         2.22
     553.471     0.600000       112686         2.50
     580.607     0.650000       122081         2.86
     610.815     0.700000       131486         3.33
     652.799     0.750000       140848         4.00
     686.079     0.775000       145559         4.44
     720.895     0.800000       150211         5.00
     757.247     0.825000       154947         5.71
     798.207     0.850000       159610         6.67
     831.999     0.875000       164297         8.00
     849.407     0.887500       166632         8.89
     871.423     0.900000       169026        10.00
     892.415     0.912500       171357        11.43
     912.895     0.925000       173714        13.33
     933.887     0.937500       176021        16.00
     947.711     0.943750       177209        17.78
     963.071     0.950000       178390        20.00
     979.455     0.956250       179536        22.86
     994.815     0.962500       180717        26.67
    1009.663     0.968750       181899        32.00
    1017.855     0.971875       182485        35.56
    1027.583     0.975000       183060        40.00
    1040.895     0.978125       183643        45.71
    1055.743     0.981250       184265        53.33
    1071.103     0.984375       184823        64.00
    1079.295     0.985938       185141        71.11
    1087.487     0.987500       185415        80.00
    1096.703     0.989062       185705        91.43
    1106.943     0.990625       186023       106.67
    1119.231     0.992188       186293       128.00
    1126.399     0.992969       186437       142.22
    1135.615     0.993750       186592       160.00
    1146.879     0.994531       186723       182.86
    1161.215     0.995313       186875       213.33
    1176.575     0.996094       187016       256.00
    1185.791     0.996484       187089       284.44
    1197.055     0.996875       187163       320.00
    1210.367     0.997266       187236       365.71
    1226.751     0.997656       187311       426.67
    1245.183     0.998047       187387       512.00
    1251.327     0.998242       187425       568.89
    1257.471     0.998437       187456       640.00
    1266.687     0.998633       187498       731.43
    1276.927     0.998828       187534       853.33
    1286.143     0.999023       187568      1024.00
    1294.335     0.999121       187585      1137.78
    1301.503     0.999219       187603      1280.00
    1306.623     0.999316       187622      1462.86
    1315.839     0.999414       187643      1706.67
    1324.031     0.999512       187658      2048.00
    1330.175     0.999561       187669      2275.56
    1335.295     0.999609       187678      2560.00
    1340.415     0.999658       187685      2925.71
    1347.583     0.999707       187694      3413.33
    1359.871     0.999756       187705      4096.00
    1360.895     0.999780       187708      4551.11
    1363.967     0.999805       187713      5120.00
    1366.015     0.999829       187717      5851.43
    1371.135     0.999854       187723      6826.67
    1374.207     0.999878       187727      8192.00
    1377.279     0.999890       187730      9102.22
    1378.303     0.999902       187732     10240.00
    1379.327     0.999915       187733     11702.86
    1383.423     0.999927       187736     13653.33
    1387.519     0.999939       187738     16384.00
    1388.543     0.999945       187739     18204.44
    1391.615     0.999951       187742     20480.00
    1391.615     0.999957       187742     23405.71
    1397.759     0.999963       187743     27306.67
    1400.831     0.999969       187744     32768.00
    1400.831     0.999973       187744     36408.89
    1406.975     0.999976       187745     40960.00
    1406.975     0.999979       187745     46811.43
    1410.047     0.999982       187746     54613.33
    1413.119     0.999985       187747     65536.00
    1413.119     0.999986       187747     72817.78
    1413.119     0.999988       187747     81920.00
    1413.119     0.999989       187747     93622.86
    1420.287     0.999991       187749    109226.67
    1420.287     1.000000       187749          inf
#[Mean    =      534.193, StdDeviation   =      227.478]
#[Max     =     1419.264, Total count    =       187749]
#[Buckets =           27, SubBuckets     =         2048]
-----------------------------------------------------------------------
  223686 requests in 1.00m, 34.68MB read
Requests/sec:   3741.24  
Transfer/sec:    594.01KB

=== rps=4000 c=800 t=80 url=http://10.10.1.1:17538 ===
setup: assigned thread_id=1
init: final thread_id=1, base_seed=nil
setup: assigned thread_id=2
init: final thread_id=2, base_seed=nil
setup: assigned thread_id=3
init: final thread_id=3, base_seed=nil
setup: assigned thread_id=4
init: final thread_id=4, base_seed=nil
setup: assigned thread_id=5
init: final thread_id=5, base_seed=nil
setup: assigned thread_id=6
init: final thread_id=6, base_seed=nil
setup: assigned thread_id=7
init: final thread_id=7, base_seed=nil
setup: assigned thread_id=8
init: final thread_id=8, base_seed=nil
setup: assigned thread_id=9
init: final thread_id=9, base_seed=nil
setup: assigned thread_id=10
init: final thread_id=10, base_seed=nil
setup: assigned thread_id=11
init: final thread_id=11, base_seed=nil
setup: assigned thread_id=12
init: final thread_id=12, base_seed=nil
setup: assigned thread_id=13
init: final thread_id=13, base_seed=nil
setup: assigned thread_id=14
init: final thread_id=14, base_seed=nil
setup: assigned thread_id=15
init: final thread_id=15, base_seed=nil
setup: assigned thread_id=16
init: final thread_id=16, base_seed=nil
setup: assigned thread_id=17
init: final thread_id=17, base_seed=nil
setup: assigned thread_id=18
init: final thread_id=18, base_seed=nil
setup: assigned thread_id=19
init: final thread_id=19, base_seed=nil
setup: assigned thread_id=20
init: final thread_id=20, base_seed=nil
setup: assigned thread_id=21
init: final thread_id=21, base_seed=nil
setup: assigned thread_id=22
init: final thread_id=22, base_seed=nil
setup: assigned thread_id=23
init: final thread_id=23, base_seed=nil
setup: assigned thread_id=24
init: final thread_id=24, base_seed=nil
setup: assigned thread_id=25
init: final thread_id=25, base_seed=nil
setup: assigned thread_id=26
init: final thread_id=26, base_seed=nil
setup: assigned thread_id=27
init: final thread_id=27, base_seed=nil
setup: assigned thread_id=28
init: final thread_id=28, base_seed=nil
setup: assigned thread_id=29
init: final thread_id=29, base_seed=nil
setup: assigned thread_id=30
init: final thread_id=30, base_seed=nil
setup: assigned thread_id=31
init: final thread_id=31, base_seed=nil
setup: assigned thread_id=32
init: final thread_id=32, base_seed=nil
setup: assigned thread_id=33
init: final thread_id=33, base_seed=nil
setup: assigned thread_id=34
init: final thread_id=34, base_seed=nil
setup: assigned thread_id=35
init: final thread_id=35, base_seed=nil
setup: assigned thread_id=36
init: final thread_id=36, base_seed=nil
setup: assigned thread_id=37
init: final thread_id=37, base_seed=nil
setup: assigned thread_id=38
init: final thread_id=38, base_seed=nil
setup: assigned thread_id=39
init: final thread_id=39, base_seed=nil
setup: assigned thread_id=40
init: final thread_id=40, base_seed=nil
setup: assigned thread_id=41
init: final thread_id=41, base_seed=nil
setup: assigned thread_id=42
init: final thread_id=42, base_seed=nil
setup: assigned thread_id=43
init: final thread_id=43, base_seed=nil
setup: assigned thread_id=44
init: final thread_id=44, base_seed=nil
setup: assigned thread_id=45
init: final thread_id=45, base_seed=nil
setup: assigned thread_id=46
init: final thread_id=46, base_seed=nil
setup: assigned thread_id=47
init: final thread_id=47, base_seed=nil
setup: assigned thread_id=48
init: final thread_id=48, base_seed=nil
setup: assigned thread_id=49
init: final thread_id=49, base_seed=nil
setup: assigned thread_id=50
init: final thread_id=50, base_seed=nil
setup: assigned thread_id=51
init: final thread_id=51, base_seed=nil
setup: assigned thread_id=52
init: final thread_id=52, base_seed=nil
setup: assigned thread_id=53
init: final thread_id=53, base_seed=nil
setup: assigned thread_id=54
init: final thread_id=54, base_seed=nil
setup: assigned thread_id=55
init: final thread_id=55, base_seed=nil
setup: assigned thread_id=56
init: final thread_id=56, base_seed=nil
setup: assigned thread_id=57
init: final thread_id=57, base_seed=nil
setup: assigned thread_id=58
init: final thread_id=58, base_seed=nil
setup: assigned thread_id=59
init: final thread_id=59, base_seed=nil
setup: assigned thread_id=60
init: final thread_id=60, base_seed=nil
setup: assigned thread_id=61
init: final thread_id=61, base_seed=nil
setup: assigned thread_id=62
init: final thread_id=62, base_seed=nil
setup: assigned thread_id=63
init: final thread_id=63, base_seed=nil
setup: assigned thread_id=64
init: final thread_id=64, base_seed=nil
setup: assigned thread_id=65
init: final thread_id=65, base_seed=nil
setup: assigned thread_id=66
init: final thread_id=66, base_seed=nil
setup: assigned thread_id=67
init: final thread_id=67, base_seed=nil
setup: assigned thread_id=68
init: final thread_id=68, base_seed=nil
setup: assigned thread_id=69
init: final thread_id=69, base_seed=nil
setup: assigned thread_id=70
init: final thread_id=70, base_seed=nil
setup: assigned thread_id=71
init: final thread_id=71, base_seed=nil
setup: assigned thread_id=72
init: final thread_id=72, base_seed=nil
setup: assigned thread_id=73
init: final thread_id=73, base_seed=nil
setup: assigned thread_id=74
init: final thread_id=74, base_seed=nil
setup: assigned thread_id=75
init: final thread_id=75, base_seed=nil
setup: assigned thread_id=76
init: final thread_id=76, base_seed=nil
setup: assigned thread_id=77
init: final thread_id=77, base_seed=nil
setup: assigned thread_id=78
init: final thread_id=78, base_seed=nil
setup: assigned thread_id=79
init: final thread_id=79, base_seed=nil
setup: assigned thread_id=80
init: final thread_id=80, base_seed=nil
script_want_response
Running 1m test @ http://10.10.1.1:17538
  80 threads and 800 connections

  Thread calibration: mean lat.: 171.612ms, rate sampling interval: 584ms
  Thread calibration: mean lat.: 168.223ms, rate sampling interval: 539ms
  Thread calibration: mean lat.: 168.458ms, rate sampling interval: 531ms
  Thread calibration: mean lat.: 170.225ms, rate sampling interval: 542ms
  Thread calibration: mean lat.: 172.052ms, rate sampling interval: 513ms
  Thread calibration: mean lat.: 171.435ms, rate sampling interval: 530ms
  Thread calibration: mean lat.: 171.716ms, rate sampling interval: 509ms
  Thread calibration: mean lat.: 176.111ms, rate sampling interval: 530ms
  Thread calibration: mean lat.: 179.448ms, rate sampling interval: 508ms
  Thread calibration: mean lat.: 178.978ms, rate sampling interval: 503ms
  Thread calibration: mean lat.: 175.087ms, rate sampling interval: 491ms
  Thread calibration: mean lat.: 174.935ms, rate sampling interval: 493ms
  Thread calibration: mean lat.: 166.305ms, rate sampling interval: 467ms
  Thread calibration: mean lat.: 171.408ms, rate sampling interval: 492ms
  Thread calibration: mean lat.: 168.730ms, rate sampling interval: 476ms
  Thread calibration: mean lat.: 167.208ms, rate sampling interval: 467ms
  Thread calibration: mean lat.: 168.667ms, rate sampling interval: 507ms
  Thread calibration: mean lat.: 172.203ms, rate sampling interval: 535ms
  Thread calibration: mean lat.: 167.919ms, rate sampling interval: 512ms
  Thread calibration: mean lat.: 167.709ms, rate sampling interval: 536ms
  Thread calibration: mean lat.: 166.271ms, rate sampling interval: 526ms
  Thread calibration: mean lat.: 160.593ms, rate sampling interval: 456ms
  Thread calibration: mean lat.: 161.436ms, rate sampling interval: 493ms
  Thread calibration: mean lat.: 159.686ms, rate sampling interval: 484ms
  Thread calibration: mean lat.: 158.671ms, rate sampling interval: 494ms
  Thread calibration: mean lat.: 151.747ms, rate sampling interval: 441ms
  Thread calibration: mean lat.: 162.806ms, rate sampling interval: 536ms
  Thread calibration: mean lat.: 153.867ms, rate sampling interval: 480ms
  Thread calibration: mean lat.: 156.848ms, rate sampling interval: 489ms
  Thread calibration: mean lat.: 154.969ms, rate sampling interval: 455ms
  Thread calibration: mean lat.: 153.279ms, rate sampling interval: 447ms
  Thread calibration: mean lat.: 164.041ms, rate sampling interval: 528ms
  Thread calibration: mean lat.: 161.776ms, rate sampling interval: 482ms
  Thread calibration: mean lat.: 160.755ms, rate sampling interval: 482ms
  Thread calibration: mean lat.: 161.301ms, rate sampling interval: 460ms
  Thread calibration: mean lat.: 160.287ms, rate sampling interval: 466ms
  Thread calibration: mean lat.: 163.019ms, rate sampling interval: 480ms
  Thread calibration: mean lat.: 168.794ms, rate sampling interval: 502ms
  Thread calibration: mean lat.: 173.159ms, rate sampling interval: 540ms
  Thread calibration: mean lat.: 171.101ms, rate sampling interval: 550ms
  Thread calibration: mean lat.: 173.850ms, rate sampling interval: 578ms
  Thread calibration: mean lat.: 169.073ms, rate sampling interval: 479ms
  Thread calibration: mean lat.: 175.589ms, rate sampling interval: 522ms
  Thread calibration: mean lat.: 173.312ms, rate sampling interval: 515ms
  Thread calibration: mean lat.: 181.495ms, rate sampling interval: 544ms
  Thread calibration: mean lat.: 182.860ms, rate sampling interval: 577ms
  Thread calibration: mean lat.: 183.825ms, rate sampling interval: 594ms
  Thread calibration: mean lat.: 180.398ms, rate sampling interval: 562ms
  Thread calibration: mean lat.: 179.030ms, rate sampling interval: 560ms
  Thread calibration: mean lat.: 175.428ms, rate sampling interval: 512ms
  Thread calibration: mean lat.: 178.818ms, rate sampling interval: 538ms
  Thread calibration: mean lat.: 173.019ms, rate sampling interval: 509ms
  Thread calibration: mean lat.: 175.405ms, rate sampling interval: 544ms
  Thread calibration: mean lat.: 170.210ms, rate sampling interval: 503ms
  Thread calibration: mean lat.: 173.929ms, rate sampling interval: 552ms
  Thread calibration: mean lat.: 169.006ms, rate sampling interval: 495ms
  Thread calibration: mean lat.: 173.002ms, rate sampling interval: 512ms
  Thread calibration: mean lat.: 178.155ms, rate sampling interval: 558ms
  Thread calibration: mean lat.: 173.987ms, rate sampling interval: 529ms
  Thread calibration: mean lat.: 170.964ms, rate sampling interval: 484ms
  Thread calibration: mean lat.: 175.815ms, rate sampling interval: 540ms
  Thread calibration: mean lat.: 175.208ms, rate sampling interval: 548ms
  Thread calibration: mean lat.: 173.367ms, rate sampling interval: 495ms
  Thread calibration: mean lat.: 175.266ms, rate sampling interval: 553ms
  Thread calibration: mean lat.: 180.584ms, rate sampling interval: 557ms
  Thread calibration: mean lat.: 173.038ms, rate sampling interval: 506ms
  Thread calibration: mean lat.: 172.454ms, rate sampling interval: 532ms
  Thread calibration: mean lat.: 175.005ms, rate sampling interval: 529ms
  Thread calibration: mean lat.: 171.762ms, rate sampling interval: 499ms
  Thread calibration: mean lat.: 176.511ms, rate sampling interval: 518ms
  Thread calibration: mean lat.: 170.930ms, rate sampling interval: 477ms
  Thread calibration: mean lat.: 178.404ms, rate sampling interval: 541ms
  Thread calibration: mean lat.: 175.050ms, rate sampling interval: 500ms
  Thread calibration: mean lat.: 177.146ms, rate sampling interval: 486ms
  Thread calibration: mean lat.: 179.120ms, rate sampling interval: 508ms
  Thread calibration: mean lat.: 180.073ms, rate sampling interval: 496ms
  Thread calibration: mean lat.: 186.041ms, rate sampling interval: 517ms
  Thread calibration: mean lat.: 183.125ms, rate sampling interval: 501ms
  Thread calibration: mean lat.: 187.794ms, rate sampling interval: 525ms
  Thread calibration: mean lat.: 188.258ms, rate sampling interval: 510ms

-----------------------------------------------------------------------
Test Results @ http://10.10.1.1:17538 
  Thread Stats   Avg      Stdev     99%   +/- Stdev
    Latency     2.54s     1.62s    5.28s    49.94%
    Req/Sec    44.78      5.50    56.00     80.48%
  Latency Distribution (HdrHistogram - Recorded Latency)
 50.000%    2.78s 
 75.000%    3.98s 
 90.000%    4.70s 
 99.000%    5.28s 
 99.900%    5.62s 
 99.990%    5.87s 
 99.999%    6.18s 
100.000%    6.22s 

  Detailed Percentile spectrum:
       Value   Percentile   TotalCount 1/(1-Percentile)

     124.799     0.000000            1         1.00
     445.439     0.100000        18044         1.11
     637.951     0.200000        36113         1.25
    1046.527     0.300000        54144         1.43
    2006.015     0.400000        72176         1.67
    2781.183     0.500000        90218         2.00
    3012.607     0.550000        99280         2.22
    3203.071     0.600000       108298         2.50
    3405.823     0.650000       117312         2.86
    3672.063     0.700000       126369         3.33
    3977.215     0.750000       135352         4.00
    4120.575     0.775000       139894         4.44
    4251.647     0.800000       144495         5.00
    4370.431     0.825000       148993         5.71
    4485.119     0.850000       153492         6.67
    4595.711     0.875000       158014         8.00
    4644.863     0.887500       160271         8.89
    4698.111     0.900000       162404        10.00
    4751.359     0.912500       164677        11.43
    4816.895     0.925000       166977        13.33
    4874.239     0.937500       169279        16.00
    4907.007     0.943750       170366        17.78
    4939.775     0.950000       171505        20.00
    4976.639     0.956250       172683        22.86
    5013.503     0.962500       173782        26.67
    5050.367     0.968750       174827        32.00
    5079.039     0.971875       175410        35.56
    5107.711     0.975000       175955        40.00
    5132.287     0.978125       176558        45.71
    5165.055     0.981250       177119        53.33
    5197.823     0.984375       177664        64.00
    5218.303     0.985938       177923        71.11
    5238.783     0.987500       178239        80.00
    5259.263     0.989062       178481        91.43
    5292.031     0.990625       178758       106.67
    5324.799     0.992188       179047       128.00
    5341.183     0.992969       179200       142.22
    5361.663     0.993750       179315       160.00
    5382.143     0.994531       179454       182.86
    5414.911     0.995313       179608       213.33
    5439.487     0.996094       179733       256.00
    5455.871     0.996484       179805       284.44
    5476.351     0.996875       179882       320.00
    5496.831     0.997266       179942       365.71
    5521.407     0.997656       180029       426.67
    5533.695     0.998047       180082       512.00
    5545.983     0.998242       180125       568.89
    5562.367     0.998437       180156       640.00
    5578.751     0.998633       180195       731.43
    5603.327     0.998828       180226       853.33
    5623.807     0.999023       180261      1024.00
    5631.999     0.999121       180287      1137.78
    5636.095     0.999219       180294      1280.00
    5656.575     0.999316       180312      1462.86
    5672.959     0.999414       180331      1706.67
    5685.247     0.999512       180346      2048.00
    5701.631     0.999561       180358      2275.56
    5709.823     0.999609       180364      2560.00
    5726.207     0.999658       180379      2925.71
    5734.399     0.999707       180382      3413.33
    5758.975     0.999756       180390      4096.00
    5787.647     0.999780       180395      4551.11
    5812.223     0.999805       180402      5120.00
    5832.703     0.999829       180405      5851.43
    5853.183     0.999854       180408      6826.67
    5865.471     0.999878       180414      8192.00
    5869.567     0.999890       180415      9102.22
    5881.855     0.999902       180418     10240.00
    5894.143     0.999915       180419     11702.86
    5935.103     0.999927       180421     13653.33
    5996.543     0.999939       180423     16384.00
    6062.079     0.999945       180426     18204.44
    6062.079     0.999951       180426     20480.00
    6098.943     0.999957       180427     23405.71
    6103.039     0.999963       180428     27306.67
    6111.231     0.999969       180429     32768.00
    6131.711     0.999973       180430     36408.89
    6131.711     0.999976       180430     40960.00
    6184.959     0.999979       180432     46811.43
    6184.959     0.999982       180432     54613.33
    6184.959     0.999985       180432     65536.00
    6184.959     0.999986       180432     72817.78
    6184.959     0.999988       180432     81920.00
    6201.343     0.999989       180433     93622.86
    6201.343     0.999991       180433    109226.67
    6201.343     0.999992       180433    131072.00
    6201.343     0.999993       180433    145635.56
    6201.343     0.999994       180433    163840.00
    6221.823     0.999995       180434    187245.71
    6221.823     1.000000       180434          inf
#[Mean    =     2541.305, StdDeviation   =     1616.573]
#[Max     =     6217.728, Total count    =       180434]
#[Buckets =           27, SubBuckets     =         2048]
-----------------------------------------------------------------------
  218701 requests in 1.00m, 33.92MB read
Requests/sec:   3655.74  
Transfer/sec:    580.56KB
