setup: assigned thread_id=1
init: final thread_id=1, base_seed=nil
script_want_response
Running 2m test @ http://10.10.1.1:4768
  1 threads and 10 connections

  Thread calibration: mean lat.: 61.209ms, rate sampling interval: 106ms

-----------------------------------------------------------------------
Test Results @ http://10.10.1.1:4768 
  Thread Stats   Avg      Stdev     99%   +/- Stdev
    Latency     7.44ms    0.91ms   9.51ms   78.15%
    Req/Sec   100.20     17.07   171.00     89.86%
  Latency Distribution (HdrHistogram - Recorded Latency)
 50.000%    7.36ms
 75.000%    7.86ms
 90.000%    8.47ms
 99.000%    9.51ms
 99.900%   17.23ms
 99.990%   22.40ms
 99.999%   23.36ms
100.000%   23.36ms

  Detailed Percentile spectrum:
       Value   Percentile   TotalCount 1/(1-Percentile)

       4.347     0.000000            1         1.00
       6.543     0.100000          907         1.11
       6.827     0.200000         1808         1.25
       7.027     0.300000         2704         1.43
       7.195     0.400000         3608         1.67
       7.355     0.500000         4507         2.00
       7.443     0.550000         4968         2.22
       7.531     0.600000         5411         2.50
       7.631     0.650000         5852         2.86
       7.739     0.700000         6309         3.33
       7.867     0.750000         6763         4.00
       7.931     0.775000         6981         4.44
       8.015     0.800000         7208         5.00
       8.103     0.825000         7429         5.71
       8.215     0.850000         7651         6.67
       8.343     0.875000         7880         8.00
       8.407     0.887500         7998         8.89
       8.471     0.900000         8101        10.00
       8.543     0.912500         8213        11.43
       8.631     0.925000         8330        13.33
       8.727     0.937500         8437        16.00
       8.783     0.943750         8495        17.78
       8.839     0.950000         8556        20.00
       8.911     0.956250         8614        22.86
       8.975     0.962500         8667        26.67
       9.047     0.968750         8719        32.00
       9.087     0.971875         8748        35.56
       9.127     0.975000         8777        40.00
       9.183     0.978125         8803        45.71
       9.263     0.981250         8832        53.33
       9.335     0.984375         8861        64.00
       9.375     0.985938         8873        71.11
       9.423     0.987500         8888        80.00
       9.479     0.989062         8903        91.43
       9.535     0.990625         8915       106.67
       9.655     0.992188         8930       128.00
       9.695     0.992969         8936       142.22
       9.775     0.993750         8944       160.00
       9.855     0.994531         8951       182.86
       9.943     0.995313         8957       213.33
      10.079     0.996094         8964       256.00
      10.135     0.996484         8969       284.44
      10.183     0.996875         8971       320.00
      10.271     0.997266         8975       365.71
      10.359     0.997656         8978       426.67
      10.911     0.998047         8982       512.00
      12.063     0.998242         8984       568.89
      12.783     0.998437         8985       640.00
      14.935     0.998633         8987       731.43
      16.703     0.998828         8989       853.33
      17.807     0.999023         8991      1024.00
      18.543     0.999121         8992      1137.78
      18.543     0.999219         8992      1280.00
      18.623     0.999316         8993      1462.86
      19.759     0.999414         8994      1706.67
      19.839     0.999512         8995      2048.00
      21.423     0.999561         8996      2275.56
      21.423     0.999609         8996      2560.00
      21.423     0.999658         8996      2925.71
      21.519     0.999707         8997      3413.33
      21.519     0.999756         8997      4096.00
      22.399     0.999780         8998      4551.11
      22.399     0.999805         8998      5120.00
      22.399     0.999829         8998      5851.43
      22.399     0.999854         8998      6826.67
      22.399     0.999878         8998      8192.00
      23.359     0.999890         8999      9102.22
      23.359     1.000000         8999          inf
#[Mean    =        7.436, StdDeviation   =        0.913]
#[Max     =       23.344, Total count    =         8999]
#[Buckets =           27, SubBuckets     =         2048]
-----------------------------------------------------------------------
  9991 requests in 1.67m, 1.55MB read
Requests/sec:     99.90  
Transfer/sec:     15.85KB

=== rps=2000 c=200 t=20 url=http://10.10.1.1:4768 ===
setup: assigned thread_id=1
init: final thread_id=1, base_seed=nil
setup: assigned thread_id=2
init: final thread_id=2, base_seed=nil
setup: assigned thread_id=3
init: final thread_id=3, base_seed=nil
setup: assigned thread_id=4
init: final thread_id=4, base_seed=nil
setup: assigned thread_id=5
init: final thread_id=5, base_seed=nil
setup: assigned thread_id=6
init: final thread_id=6, base_seed=nil
setup: assigned thread_id=7
init: final thread_id=7, base_seed=nil
setup: assigned thread_id=8
init: final thread_id=8, base_seed=nil
setup: assigned thread_id=9
init: final thread_id=9, base_seed=nil
setup: assigned thread_id=10
init: final thread_id=10, base_seed=nil
setup: assigned thread_id=11
init: final thread_id=11, base_seed=nil
setup: assigned thread_id=12
init: final thread_id=12, base_seed=nil
setup: assigned thread_id=13
init: final thread_id=13, base_seed=nil
setup: assigned thread_id=14
init: final thread_id=14, base_seed=nil
setup: assigned thread_id=15
init: final thread_id=15, base_seed=nil
setup: assigned thread_id=16
init: final thread_id=16, base_seed=nil
setup: assigned thread_id=17
init: final thread_id=17, base_seed=nil
setup: assigned thread_id=18
init: final thread_id=18, base_seed=nil
setup: assigned thread_id=19
init: final thread_id=19, base_seed=nil
setup: assigned thread_id=20
init: final thread_id=20, base_seed=nil
script_want_response
Running 1m test @ http://10.10.1.1:4768
  20 threads and 200 connections

  Thread calibration: mean lat.: 18.169ms, rate sampling interval: 54ms
  Thread calibration: mean lat.: 18.047ms, rate sampling interval: 54ms
  Thread calibration: mean lat.: 19.315ms, rate sampling interval: 55ms
  Thread calibration: mean lat.: 16.977ms, rate sampling interval: 53ms
  Thread calibration: mean lat.: 17.851ms, rate sampling interval: 54ms
  Thread calibration: mean lat.: 17.332ms, rate sampling interval: 52ms
  Thread calibration: mean lat.: 17.632ms, rate sampling interval: 54ms
  Thread calibration: mean lat.: 16.375ms, rate sampling interval: 51ms
  Thread calibration: mean lat.: 15.678ms, rate sampling interval: 49ms
  Thread calibration: mean lat.: 14.569ms, rate sampling interval: 46ms
  Thread calibration: mean lat.: 12.938ms, rate sampling interval: 37ms
  Thread calibration: mean lat.: 11.419ms, rate sampling interval: 30ms
  Thread calibration: mean lat.: 11.601ms, rate sampling interval: 31ms
  Thread calibration: mean lat.: 18.341ms, rate sampling interval: 55ms
  Thread calibration: mean lat.: 19.516ms, rate sampling interval: 55ms
  Thread calibration: mean lat.: 20.306ms, rate sampling interval: 55ms
  Thread calibration: mean lat.: 21.522ms, rate sampling interval: 56ms
  Thread calibration: mean lat.: 22.067ms, rate sampling interval: 57ms
  Thread calibration: mean lat.: 22.293ms, rate sampling interval: 56ms
  Thread calibration: mean lat.: 21.892ms, rate sampling interval: 55ms

-----------------------------------------------------------------------
Test Results @ http://10.10.1.1:4768 
  Thread Stats   Avg      Stdev     99%   +/- Stdev
    Latency    20.43ms    9.77ms  54.27ms   73.85%
    Req/Sec   100.74     75.42   290.00     60.00%
  Latency Distribution (HdrHistogram - Recorded Latency)
 50.000%   18.58ms
 75.000%   25.89ms
 90.000%   32.01ms
 99.000%   54.27ms
 99.900%   77.95ms
 99.990%   98.18ms
 99.999%  105.09ms
100.000%  105.66ms

  Detailed Percentile spectrum:
       Value   Percentile   TotalCount 1/(1-Percentile)

       6.479     0.000000            1         1.00
      10.175     0.100000        10022         1.11
      12.031     0.200000        19995         1.25
      13.847     0.300000        30013         1.43
      15.727     0.400000        39979         1.67
      18.575     0.500000        49975         2.00
      20.271     0.550000        55011         2.22
      21.807     0.600000        59969         2.50
      23.231     0.650000        64950         2.86
      24.511     0.700000        69954         3.33
      25.887     0.750000        74945         4.00
      26.623     0.775000        77439         4.44
      27.423     0.800000        79935         5.00
      28.431     0.825000        82442         5.71
      29.519     0.850000        84948         6.67
      30.703     0.875000        87436         8.00
      31.327     0.887500        88677         8.89
      32.015     0.900000        89945        10.00
      32.799     0.912500        91203        11.43
      33.663     0.925000        92427        13.33
      34.751     0.937500        93679        16.00
      35.423     0.943750        94304        17.78
      36.287     0.950000        94917        20.00
      37.343     0.956250        95550        22.86
      38.463     0.962500        96167        26.67
      39.967     0.968750        96794        32.00
      41.023     0.971875        97104        35.56
      42.399     0.975000        97418        40.00
      43.999     0.978125        97726        45.71
      46.015     0.981250        98039        53.33
      48.671     0.984375        98356        64.00
      49.983     0.985938        98510        71.11
      51.359     0.987500        98663        80.00
      53.119     0.989062        98821        91.43
      55.615     0.990625        98975       106.67
      58.879     0.992188        99133       128.00
      60.447     0.992969        99209       142.22
      62.399     0.993750        99288       160.00
      64.255     0.994531        99368       182.86
      66.623     0.995313        99443       213.33
      69.119     0.996094        99522       256.00
      70.015     0.996484        99561       284.44
      70.911     0.996875        99600       320.00
      71.935     0.997266        99640       365.71
      73.087     0.997656        99677       426.67
      74.239     0.998047        99716       512.00
      74.879     0.998242        99737       568.89
      75.391     0.998437        99756       640.00
      76.287     0.998633        99776       731.43
      77.183     0.998828        99794       853.33
      78.335     0.999023        99814      1024.00
      78.783     0.999121        99824      1137.78
      79.295     0.999219        99833      1280.00
      80.511     0.999316        99843      1462.86
      81.279     0.999414        99854      1706.67
      83.135     0.999512        99863      2048.00
      91.199     0.999561        99868      2275.56
      92.031     0.999609        99873      2560.00
      92.671     0.999658        99877      2925.71
      93.759     0.999707        99882      3413.33
      94.975     0.999756        99887      4096.00
      95.615     0.999780        99891      4551.11
      95.807     0.999805        99892      5120.00
      96.639     0.999829        99895      5851.43
      97.023     0.999854        99897      6826.67
      97.727     0.999878        99899      8192.00
      98.175     0.999890        99901      9102.22
      98.239     0.999902        99902     10240.00
      98.303     0.999915        99903     11702.86
      98.623     0.999927        99904     13653.33
      99.647     0.999939        99905     16384.00
     103.871     0.999945        99906     18204.44
     103.935     0.999951        99907     20480.00
     103.935     0.999957        99907     23405.71
     103.999     0.999963        99908     27306.67
     103.999     0.999969        99908     32768.00
     104.767     0.999973        99909     36408.89
     104.767     0.999976        99909     40960.00
     104.767     0.999979        99909     46811.43
     105.087     0.999982        99910     54613.33
     105.087     0.999985        99910     65536.00
     105.087     0.999986        99910     72817.78
     105.087     0.999988        99910     81920.00
     105.087     0.999989        99910     93622.86
     105.663     0.999991        99911    109226.67
     105.663     1.000000        99911          inf
#[Mean    =       20.426, StdDeviation   =        9.775]
#[Max     =      105.600, Total count    =        99911]
#[Buckets =           27, SubBuckets     =         2048]
-----------------------------------------------------------------------
  119722 requests in 1.00m, 18.57MB read
Requests/sec:   1997.68  
Transfer/sec:    317.22KB

=== rps=2200 c=242 t=25 url=http://10.10.1.1:4768 ===
setup: assigned thread_id=1
init: final thread_id=1, base_seed=nil
setup: assigned thread_id=2
init: final thread_id=2, base_seed=nil
setup: assigned thread_id=3
init: final thread_id=3, base_seed=nil
setup: assigned thread_id=4
init: final thread_id=4, base_seed=nil
setup: assigned thread_id=5
init: final thread_id=5, base_seed=nil
setup: assigned thread_id=6
init: final thread_id=6, base_seed=nil
setup: assigned thread_id=7
init: final thread_id=7, base_seed=nil
setup: assigned thread_id=8
init: final thread_id=8, base_seed=nil
setup: assigned thread_id=9
init: final thread_id=9, base_seed=nil
setup: assigned thread_id=10
init: final thread_id=10, base_seed=nil
setup: assigned thread_id=11
init: final thread_id=11, base_seed=nil
setup: assigned thread_id=12
init: final thread_id=12, base_seed=nil
setup: assigned thread_id=13
init: final thread_id=13, base_seed=nil
setup: assigned thread_id=14
init: final thread_id=14, base_seed=nil
setup: assigned thread_id=15
init: final thread_id=15, base_seed=nil
setup: assigned thread_id=16
init: final thread_id=16, base_seed=nil
setup: assigned thread_id=17
init: final thread_id=17, base_seed=nil
setup: assigned thread_id=18
init: final thread_id=18, base_seed=nil
setup: assigned thread_id=19
init: final thread_id=19, base_seed=nil
setup: assigned thread_id=20
init: final thread_id=20, base_seed=nil
setup: assigned thread_id=21
init: final thread_id=21, base_seed=nil
setup: assigned thread_id=22
init: final thread_id=22, base_seed=nil
setup: assigned thread_id=23
init: final thread_id=23, base_seed=nil
setup: assigned thread_id=24
init: final thread_id=24, base_seed=nil
setup: assigned thread_id=25
init: final thread_id=25, base_seed=nil
script_want_response
Running 1m test @ http://10.10.1.1:4768
  25 threads and 242 connections

  Thread calibration: mean lat.: 13.044ms, rate sampling interval: 50ms
  Thread calibration: mean lat.: 13.313ms, rate sampling interval: 48ms
  Thread calibration: mean lat.: 13.551ms, rate sampling interval: 49ms
  Thread calibration: mean lat.: 13.072ms, rate sampling interval: 42ms
  Thread calibration: mean lat.: 13.284ms, rate sampling interval: 42ms
  Thread calibration: mean lat.: 13.517ms, rate sampling interval: 40ms
  Thread calibration: mean lat.: 13.429ms, rate sampling interval: 39ms
  Thread calibration: mean lat.: 13.665ms, rate sampling interval: 38ms
  Thread calibration: mean lat.: 13.522ms, rate sampling interval: 37ms
  Thread calibration: mean lat.: 13.342ms, rate sampling interval: 37ms
  Thread calibration: mean lat.: 13.421ms, rate sampling interval: 36ms
  Thread calibration: mean lat.: 13.530ms, rate sampling interval: 36ms
  Thread calibration: mean lat.: 13.334ms, rate sampling interval: 36ms
  Thread calibration: mean lat.: 13.704ms, rate sampling interval: 37ms
  Thread calibration: mean lat.: 14.392ms, rate sampling interval: 41ms
  Thread calibration: mean lat.: 14.711ms, rate sampling interval: 42ms
  Thread calibration: mean lat.: 19.378ms, rate sampling interval: 58ms
  Thread calibration: mean lat.: 20.061ms, rate sampling interval: 59ms
  Thread calibration: mean lat.: 20.636ms, rate sampling interval: 61ms
  Thread calibration: mean lat.: 21.212ms, rate sampling interval: 61ms
  Thread calibration: mean lat.: 21.538ms, rate sampling interval: 63ms
  Thread calibration: mean lat.: 21.378ms, rate sampling interval: 61ms
  Thread calibration: mean lat.: 21.263ms, rate sampling interval: 61ms
  Thread calibration: mean lat.: 20.889ms, rate sampling interval: 61ms
  Thread calibration: mean lat.: 20.556ms, rate sampling interval: 60ms

-----------------------------------------------------------------------
Test Results @ http://10.10.1.1:4768 
  Thread Stats   Avg      Stdev     99%   +/- Stdev
    Latency    17.10ms    7.86ms  42.27ms   74.34%
    Req/Sec    88.73     73.90   243.00     52.69%
  Latency Distribution (HdrHistogram - Recorded Latency)
 50.000%   15.25ms
 75.000%   20.66ms
 90.000%   27.90ms
 99.000%   42.27ms
 99.900%   57.82ms
 99.990%   64.77ms
 99.999%   72.70ms
100.000%   78.65ms

  Detailed Percentile spectrum:
       Value   Percentile   TotalCount 1/(1-Percentile)

       6.083     0.000000            2         1.00
       9.047     0.100000        11018         1.11
      10.543     0.200000        22025         1.25
      12.111     0.300000        33016         1.43
      13.639     0.400000        43983         1.67
      15.247     0.500000        54960         2.00
      16.119     0.550000        60471         2.22
      17.055     0.600000        65950         2.50
      18.095     0.650000        71457         2.86
      19.279     0.700000        76993         3.33
      20.655     0.750000        82461         4.00
      21.487     0.775000        85184         4.44
      22.447     0.800000        87959         5.00
      23.455     0.825000        90696         5.71
      24.655     0.850000        93439         6.67
      26.127     0.875000        96179         8.00
      26.959     0.887500        97560         8.89
      27.903     0.900000        98928        10.00
      28.927     0.912500       100299        11.43
      30.159     0.925000       101685        13.33
      31.519     0.937500       103052        16.00
      32.223     0.943750       103734        17.78
      33.023     0.950000       104421        20.00
      33.919     0.956250       105127        22.86
      34.879     0.962500       105798        26.67
      35.999     0.968750       106488        32.00
      36.575     0.971875       106824        35.56
      37.247     0.975000       107182        40.00
      37.919     0.978125       107520        45.71
      38.751     0.981250       107861        53.33
      39.743     0.984375       108200        64.00
      40.255     0.985938       108382        71.11
      40.927     0.987500       108542        80.00
      41.759     0.989062       108714        91.43
      42.623     0.990625       108885       106.67
      43.839     0.992188       109059       128.00
      44.479     0.992969       109144       142.22
      45.087     0.993750       109231       160.00
      46.015     0.994531       109313       182.86
      47.103     0.995313       109399       213.33
      48.415     0.996094       109486       256.00
      49.599     0.996484       109528       284.44
      51.327     0.996875       109571       320.00
      52.191     0.997266       109614       365.71
      53.791     0.997656       109658       426.67
      54.911     0.998047       109701       512.00
      55.583     0.998242       109722       568.89
      56.031     0.998437       109744       640.00
      56.415     0.998633       109767       731.43
      57.215     0.998828       109786       853.33
      58.079     0.999023       109809      1024.00
      58.303     0.999121       109818      1137.78
      58.751     0.999219       109830      1280.00
      59.167     0.999316       109841      1462.86
      59.807     0.999414       109850      1706.67
      60.383     0.999512       109861      2048.00
      60.639     0.999561       109866      2275.56
      60.895     0.999609       109872      2560.00
      61.343     0.999658       109877      2925.71
      61.919     0.999707       109882      3413.33
      62.367     0.999756       109888      4096.00
      62.847     0.999780       109890      4551.11
      63.487     0.999805       109893      5120.00
      64.159     0.999829       109896      5851.43
      64.223     0.999854       109898      6826.67
      64.351     0.999878       109901      8192.00
      64.447     0.999890       109902      9102.22
      65.023     0.999902       109904     10240.00
      65.215     0.999915       109905     11702.86
      65.247     0.999927       109906     13653.33
      66.751     0.999939       109908     16384.00
      66.751     0.999945       109908     18204.44
      67.775     0.999951       109909     20480.00
      68.863     0.999957       109910     23405.71
      68.863     0.999963       109910     27306.67
      69.503     0.999969       109911     32768.00
      69.503     0.999973       109911     36408.89
      69.759     0.999976       109912     40960.00
      69.759     0.999979       109912     46811.43
      69.759     0.999982       109912     54613.33
      72.703     0.999985       109913     65536.00
      72.703     0.999986       109913     72817.78
      72.703     0.999988       109913     81920.00
      72.703     0.999989       109913     93622.86
      72.703     0.999991       109913    109226.67
      78.655     0.999992       109914    131072.00
      78.655     1.000000       109914          inf
#[Mean    =       17.097, StdDeviation   =        7.864]
#[Max     =       78.592, Total count    =       109914]
#[Buckets =           27, SubBuckets     =         2048]
-----------------------------------------------------------------------
  131754 requests in 1.00m, 20.43MB read
Requests/sec:   2197.68  
Transfer/sec:    349.00KB

=== rps=2400 c=288 t=29 url=http://10.10.1.1:4768 ===
setup: assigned thread_id=1
init: final thread_id=1, base_seed=nil
setup: assigned thread_id=2
init: final thread_id=2, base_seed=nil
setup: assigned thread_id=3
init: final thread_id=3, base_seed=nil
setup: assigned thread_id=4
init: final thread_id=4, base_seed=nil
setup: assigned thread_id=5
init: final thread_id=5, base_seed=nil
setup: assigned thread_id=6
init: final thread_id=6, base_seed=nil
setup: assigned thread_id=7
init: final thread_id=7, base_seed=nil
setup: assigned thread_id=8
init: final thread_id=8, base_seed=nil
setup: assigned thread_id=9
init: final thread_id=9, base_seed=nil
setup: assigned thread_id=10
init: final thread_id=10, base_seed=nil
setup: assigned thread_id=11
init: final thread_id=11, base_seed=nil
setup: assigned thread_id=12
init: final thread_id=12, base_seed=nil
setup: assigned thread_id=13
init: final thread_id=13, base_seed=nil
setup: assigned thread_id=14
init: final thread_id=14, base_seed=nil
setup: assigned thread_id=15
init: final thread_id=15, base_seed=nil
setup: assigned thread_id=16
init: final thread_id=16, base_seed=nil
setup: assigned thread_id=17
init: final thread_id=17, base_seed=nil
setup: assigned thread_id=18
init: final thread_id=18, base_seed=nil
setup: assigned thread_id=19
init: final thread_id=19, base_seed=nil
setup: assigned thread_id=20
init: final thread_id=20, base_seed=nil
setup: assigned thread_id=21
init: final thread_id=21, base_seed=nil
setup: assigned thread_id=22
init: final thread_id=22, base_seed=nil
setup: assigned thread_id=23
init: final thread_id=23, base_seed=nil
setup: assigned thread_id=24
init: final thread_id=24, base_seed=nil
setup: assigned thread_id=25
init: final thread_id=25, base_seed=nil
setup: assigned thread_id=26
init: final thread_id=26, base_seed=nil
setup: assigned thread_id=27
init: final thread_id=27, base_seed=nil
setup: assigned thread_id=28
init: final thread_id=28, base_seed=nil
setup: assigned thread_id=29
init: final thread_id=29, base_seed=nil
script_want_response
Running 1m test @ http://10.10.1.1:4768
  29 threads and 288 connections

  Thread calibration: mean lat.: 27.916ms, rate sampling interval: 96ms
  Thread calibration: mean lat.: 32.529ms, rate sampling interval: 101ms
  Thread calibration: mean lat.: 31.702ms, rate sampling interval: 101ms
  Thread calibration: mean lat.: 34.146ms, rate sampling interval: 103ms
  Thread calibration: mean lat.: 33.720ms, rate sampling interval: 104ms
  Thread calibration: mean lat.: 29.276ms, rate sampling interval: 98ms
  Thread calibration: mean lat.: 30.404ms, rate sampling interval: 100ms
  Thread calibration: mean lat.: 25.612ms, rate sampling interval: 94ms
  Thread calibration: mean lat.: 22.954ms, rate sampling interval: 85ms
  Thread calibration: mean lat.: 23.557ms, rate sampling interval: 87ms
  Thread calibration: mean lat.: 19.971ms, rate sampling interval: 66ms
  Thread calibration: mean lat.: 19.261ms, rate sampling interval: 62ms
  Thread calibration: mean lat.: 22.640ms, rate sampling interval: 82ms
  Thread calibration: mean lat.: 21.694ms, rate sampling interval: 77ms
  Thread calibration: mean lat.: 26.085ms, rate sampling interval: 87ms
  Thread calibration: mean lat.: 26.335ms, rate sampling interval: 90ms
  Thread calibration: mean lat.: 27.294ms, rate sampling interval: 90ms
  Thread calibration: mean lat.: 38.281ms, rate sampling interval: 107ms
  Thread calibration: mean lat.: 40.653ms, rate sampling interval: 109ms
  Thread calibration: mean lat.: 41.056ms, rate sampling interval: 108ms
  Thread calibration: mean lat.: 41.631ms, rate sampling interval: 109ms
  Thread calibration: mean lat.: 41.300ms, rate sampling interval: 106ms
  Thread calibration: mean lat.: 38.000ms, rate sampling interval: 102ms
  Thread calibration: mean lat.: 35.385ms, rate sampling interval: 102ms
  Thread calibration: mean lat.: 32.938ms, rate sampling interval: 98ms
  Thread calibration: mean lat.: 30.298ms, rate sampling interval: 96ms
  Thread calibration: mean lat.: 24.989ms, rate sampling interval: 90ms
  Thread calibration: mean lat.: 24.636ms, rate sampling interval: 88ms
  Thread calibration: mean lat.: 21.894ms, rate sampling interval: 85ms

-----------------------------------------------------------------------
Test Results @ http://10.10.1.1:4768 
  Thread Stats   Avg      Stdev     99%   +/- Stdev
    Latency    29.82ms   14.66ms  66.43ms   62.27%
    Req/Sec    82.00     25.63   138.00     78.12%
  Latency Distribution (HdrHistogram - Recorded Latency)
 50.000%   28.99ms
 75.000%   40.58ms
 90.000%   49.12ms
 99.000%   66.43ms
 99.900%   81.66ms
 99.990%  120.32ms
 99.999%  141.18ms
100.000%  150.53ms

  Detailed Percentile spectrum:
       Value   Percentile   TotalCount 1/(1-Percentile)

       6.783     0.000000            1         1.00
      11.111     0.100000        11885         1.11
      14.855     0.200000        23772         1.25
      19.023     0.300000        35662         1.43
      24.175     0.400000        47509         1.67
      28.991     0.500000        59383         2.00
      31.551     0.550000        65326         2.22
      34.175     0.600000        71325         2.50
      36.351     0.650000        77254         2.86
      38.399     0.700000        83187         3.33
      40.575     0.750000        89104         4.00
      41.727     0.775000        92085         4.44
      42.943     0.800000        95081         5.00
      44.223     0.825000        98004         5.71
      45.631     0.850000       100985         6.67
      47.231     0.875000       103935         8.00
      48.127     0.887500       105440         8.89
      49.119     0.900000       106926        10.00
      50.175     0.912500       108398        11.43
      51.327     0.925000       109872        13.33
      52.639     0.937500       111361        16.00
      53.343     0.943750       112088        17.78
      54.207     0.950000       112842        20.00
      55.231     0.956250       113574        22.86
      56.415     0.962500       114313        26.67
      57.855     0.968750       115055        32.00
      58.687     0.971875       115428        35.56
      59.519     0.975000       115794        40.00
      60.703     0.978125       116176        45.71
      61.887     0.981250       116545        53.33
      63.103     0.984375       116911        64.00
      63.839     0.985938       117101        71.11
      64.703     0.987500       117284        80.00
      65.727     0.989062       117472        91.43
      66.943     0.990625       117656       106.67
      68.095     0.992188       117839       128.00
      68.799     0.992969       117933       142.22
      69.567     0.993750       118021       160.00
      70.591     0.994531       118119       182.86
      71.743     0.995313       118210       213.33
      73.279     0.996094       118302       256.00
      74.431     0.996484       118348       284.44
      75.327     0.996875       118392       320.00
      76.479     0.997266       118443       365.71
      77.311     0.997656       118485       426.67
      78.143     0.998047       118532       512.00
      78.655     0.998242       118556       568.89
      79.103     0.998437       118579       640.00
      79.615     0.998633       118602       731.43
      80.703     0.998828       118624       853.33
      82.111     0.999023       118648      1024.00
      82.751     0.999121       118659      1137.78
      83.775     0.999219       118673      1280.00
      84.671     0.999316       118682      1462.86
      85.887     0.999414       118695      1706.67
      86.655     0.999512       118706      2048.00
      86.975     0.999561       118711      2275.56
      87.871     0.999609       118718      2560.00
      88.319     0.999658       118723      2925.71
      89.791     0.999707       118729      3413.33
      91.519     0.999756       118735      4096.00
      91.839     0.999780       118737      4551.11
      92.735     0.999805       118740      5120.00
      93.759     0.999829       118743      5851.43
      94.463     0.999854       118746      6826.67
      96.447     0.999878       118749      8192.00
     120.255     0.999890       118750      9102.22
     120.383     0.999902       118752     10240.00
     123.775     0.999915       118753     11702.86
     125.375     0.999927       118756     13653.33
     125.375     0.999939       118756     16384.00
     125.887     0.999945       118757     18204.44
     125.951     0.999951       118758     20480.00
     125.951     0.999957       118758     23405.71
     126.591     0.999963       118759     27306.67
     140.031     0.999969       118760     32768.00
     140.031     0.999973       118760     36408.89
     140.415     0.999976       118761     40960.00
     140.415     0.999979       118761     46811.43
     140.415     0.999982       118761     54613.33
     141.183     0.999985       118762     65536.00
     141.183     0.999986       118762     72817.78
     141.183     0.999988       118762     81920.00
     141.183     0.999989       118762     93622.86
     141.183     0.999991       118762    109226.67
     150.527     0.999992       118763    131072.00
     150.527     1.000000       118763          inf
#[Mean    =       29.824, StdDeviation   =       14.662]
#[Max     =      150.400, Total count    =       118763]
#[Buckets =           27, SubBuckets     =         2048]
-----------------------------------------------------------------------
  142303 requests in 1.00m, 22.07MB read
Requests/sec:   2374.47  
Transfer/sec:    377.07KB

=== rps=2600 c=338 t=34 url=http://10.10.1.1:4768 ===
setup: assigned thread_id=1
init: final thread_id=1, base_seed=nil
setup: assigned thread_id=2
init: final thread_id=2, base_seed=nil
setup: assigned thread_id=3
init: final thread_id=3, base_seed=nil
setup: assigned thread_id=4
init: final thread_id=4, base_seed=nil
setup: assigned thread_id=5
init: final thread_id=5, base_seed=nil
setup: assigned thread_id=6
init: final thread_id=6, base_seed=nil
setup: assigned thread_id=7
init: final thread_id=7, base_seed=nil
setup: assigned thread_id=8
init: final thread_id=8, base_seed=nil
setup: assigned thread_id=9
init: final thread_id=9, base_seed=nil
setup: assigned thread_id=10
init: final thread_id=10, base_seed=nil
setup: assigned thread_id=11
init: final thread_id=11, base_seed=nil
setup: assigned thread_id=12
init: final thread_id=12, base_seed=nil
setup: assigned thread_id=13
init: final thread_id=13, base_seed=nil
setup: assigned thread_id=14
init: final thread_id=14, base_seed=nil
setup: assigned thread_id=15
init: final thread_id=15, base_seed=nil
setup: assigned thread_id=16
init: final thread_id=16, base_seed=nil
setup: assigned thread_id=17
init: final thread_id=17, base_seed=nil
setup: assigned thread_id=18
init: final thread_id=18, base_seed=nil
setup: assigned thread_id=19
init: final thread_id=19, base_seed=nil
setup: assigned thread_id=20
init: final thread_id=20, base_seed=nil
setup: assigned thread_id=21
init: final thread_id=21, base_seed=nil
setup: assigned thread_id=22
init: final thread_id=22, base_seed=nil
setup: assigned thread_id=23
init: final thread_id=23, base_seed=nil
setup: assigned thread_id=24
init: final thread_id=24, base_seed=nil
setup: assigned thread_id=25
init: final thread_id=25, base_seed=nil
setup: assigned thread_id=26
init: final thread_id=26, base_seed=nil
setup: assigned thread_id=27
init: final thread_id=27, base_seed=nil
setup: assigned thread_id=28
init: final thread_id=28, base_seed=nil
setup: assigned thread_id=29
init: final thread_id=29, base_seed=nil
setup: assigned thread_id=30
init: final thread_id=30, base_seed=nil
setup: assigned thread_id=31
init: final thread_id=31, base_seed=nil
setup: assigned thread_id=32
init: final thread_id=32, base_seed=nil
setup: assigned thread_id=33
init: final thread_id=33, base_seed=nil
setup: assigned thread_id=34
init: final thread_id=34, base_seed=nil
script_want_response
Running 1m test @ http://10.10.1.1:4768
  34 threads and 338 connections

  Thread calibration: mean lat.: 40.450ms, rate sampling interval: 105ms
  Thread calibration: mean lat.: 40.063ms, rate sampling interval: 103ms
  Thread calibration: mean lat.: 39.431ms, rate sampling interval: 100ms
  Thread calibration: mean lat.: 34.205ms, rate sampling interval: 99ms
  Thread calibration: mean lat.: 33.372ms, rate sampling interval: 95ms
  Thread calibration: mean lat.: 31.006ms, rate sampling interval: 93ms
  Thread calibration: mean lat.: 26.141ms, rate sampling interval: 89ms
  Thread calibration: mean lat.: 25.694ms, rate sampling interval: 87ms
  Thread calibration: mean lat.: 21.057ms, rate sampling interval: 79ms
  Thread calibration: mean lat.: 18.591ms, rate sampling interval: 63ms
  Thread calibration: mean lat.: 15.846ms, rate sampling interval: 41ms
  Thread calibration: mean lat.: 15.472ms, rate sampling interval: 41ms
  Thread calibration: mean lat.: 37.350ms, rate sampling interval: 116ms
  Thread calibration: mean lat.: 37.196ms, rate sampling interval: 117ms
  Thread calibration: mean lat.: 14.710ms, rate sampling interval: 38ms
  Thread calibration: mean lat.: 37.063ms, rate sampling interval: 117ms
  Thread calibration: mean lat.: 14.027ms, rate sampling interval: 37ms
  Thread calibration: mean lat.: 14.395ms, rate sampling interval: 40ms
  Thread calibration: mean lat.: 20.100ms, rate sampling interval: 67ms
  Thread calibration: mean lat.: 21.700ms, rate sampling interval: 72ms
  Thread calibration: mean lat.: 24.412ms, rate sampling interval: 67ms
  Thread calibration: mean lat.: 24.908ms, rate sampling interval: 79ms
  Thread calibration: mean lat.: 26.220ms, rate sampling interval: 82ms
  Thread calibration: mean lat.: 28.174ms, rate sampling interval: 82ms
  Thread calibration: mean lat.: 29.252ms, rate sampling interval: 85ms
  Thread calibration: mean lat.: 30.343ms, rate sampling interval: 86ms
  Thread calibration: mean lat.: 32.865ms, rate sampling interval: 94ms
  Thread calibration: mean lat.: 34.742ms, rate sampling interval: 98ms
  Thread calibration: mean lat.: 36.265ms, rate sampling interval: 102ms
  Thread calibration: mean lat.: 36.628ms, rate sampling interval: 103ms
  Thread calibration: mean lat.: 38.494ms, rate sampling interval: 105ms
  Thread calibration: mean lat.: 39.244ms, rate sampling interval: 103ms
  Thread calibration: mean lat.: 40.451ms, rate sampling interval: 104ms
  Thread calibration: mean lat.: 38.313ms, rate sampling interval: 95ms

-----------------------------------------------------------------------
Test Results @ http://10.10.1.1:4768 
  Thread Stats   Avg      Stdev     99%   +/- Stdev
    Latency    29.51ms   15.67ms  71.17ms   65.40%
    Req/Sec    76.20     53.48   225.00     64.40%
  Latency Distribution (HdrHistogram - Recorded Latency)
 50.000%   27.12ms
 75.000%   39.87ms
 90.000%   51.26ms
 99.000%   71.17ms
 99.900%   86.91ms
 99.990%  141.57ms
 99.999%  177.28ms
100.000%  178.56ms

  Detailed Percentile spectrum:
       Value   Percentile   TotalCount 1/(1-Percentile)

       6.967     0.000000            1         1.00
      11.431     0.100000        12914         1.11
      14.431     0.200000        25834         1.25
      17.871     0.300000        38716         1.43
      21.999     0.400000        51662         1.67
      27.119     0.500000        64552         2.00
      29.823     0.550000        71016         2.22
      32.351     0.600000        77448         2.50
      34.815     0.650000        83892         2.86
      37.247     0.700000        90384         3.33
      39.871     0.750000        96847         4.00
      41.343     0.775000       100078         4.44
      42.847     0.800000       103256         5.00
      44.543     0.825000       106501         5.71
      46.463     0.850000       109723         6.67
      48.639     0.875000       112942         8.00
      49.887     0.887500       114536         8.89
      51.263     0.900000       116157        10.00
      52.799     0.912500       117773        11.43
      54.495     0.925000       119370        13.33
      56.479     0.937500       121010        16.00
      57.503     0.943750       121798        17.78
      58.687     0.950000       122606        20.00
      60.063     0.956250       123411        22.86
      61.567     0.962500       124222        26.67
      63.167     0.968750       125035        32.00
      64.031     0.971875       125425        35.56
      64.959     0.975000       125826        40.00
      65.919     0.978125       126232        45.71
      66.943     0.981250       126630        53.33
      68.223     0.984375       127047        64.00
      68.927     0.985938       127247        71.11
      69.631     0.987500       127438        80.00
      70.591     0.989062       127644        91.43
      71.615     0.990625       127846       106.67
      72.895     0.992188       128040       128.00
      73.535     0.992969       128146       142.22
      74.431     0.993750       128241       160.00
      75.391     0.994531       128345       182.86
      76.223     0.995313       128445       213.33
      77.375     0.996094       128543       256.00
      78.015     0.996484       128596       284.44
      78.591     0.996875       128646       320.00
      79.295     0.997266       128697       365.71
      80.127     0.997656       128745       426.67
      81.087     0.998047       128795       512.00
      82.047     0.998242       128822       568.89
      83.583     0.998437       128848       640.00
      85.311     0.998633       128873       731.43
      85.951     0.998828       128896       853.33
      87.039     0.999023       128921      1024.00
      87.679     0.999121       128938      1137.78
      87.871     0.999219       128948      1280.00
      88.319     0.999316       128959      1462.86
      88.703     0.999414       128972      1706.67
      89.407     0.999512       128984      2048.00
      90.111     0.999561       128992      2275.56
      90.687     0.999609       128997      2560.00
      91.647     0.999658       129003      2925.71
      93.887     0.999707       129010      3413.33
      96.831     0.999756       129016      4096.00
     102.335     0.999780       129019      4551.11
     112.255     0.999805       129022      5120.00
     114.175     0.999829       129025      5851.43
     125.631     0.999854       129029      6826.67
     140.159     0.999878       129032      8192.00
     141.311     0.999890       129033      9102.22
     142.847     0.999902       129035     10240.00
     148.479     0.999915       129036     11702.86
     163.583     0.999927       129038     13653.33
     166.399     0.999939       129040     16384.00
     166.399     0.999945       129040     18204.44
     168.319     0.999951       129041     20480.00
     170.623     0.999957       129042     23405.71
     172.287     0.999963       129043     27306.67
     172.927     0.999969       129044     32768.00
     172.927     0.999973       129044     36408.89
     172.927     0.999976       129044     40960.00
     176.895     0.999979       129045     46811.43
     176.895     0.999982       129045     54613.33
     177.279     0.999985       129046     65536.00
     177.279     0.999986       129046     72817.78
     177.279     0.999988       129046     81920.00
     177.279     0.999989       129046     93622.86
     177.279     0.999991       129046    109226.67
     178.559     0.999992       129047    131072.00
     178.559     1.000000       129047          inf
#[Mean    =       29.510, StdDeviation   =       15.672]
#[Max     =      178.432, Total count    =       129047]
#[Buckets =           27, SubBuckets     =         2048]
-----------------------------------------------------------------------
  154345 requests in 1.00m, 23.94MB read
Requests/sec:   2574.39  
Transfer/sec:    408.82KB

=== rps=2800 c=392 t=40 url=http://10.10.1.1:4768 ===
setup: assigned thread_id=1
init: final thread_id=1, base_seed=nil
setup: assigned thread_id=2
init: final thread_id=2, base_seed=nil
setup: assigned thread_id=3
init: final thread_id=3, base_seed=nil
setup: assigned thread_id=4
init: final thread_id=4, base_seed=nil
setup: assigned thread_id=5
init: final thread_id=5, base_seed=nil
setup: assigned thread_id=6
init: final thread_id=6, base_seed=nil
setup: assigned thread_id=7
init: final thread_id=7, base_seed=nil
setup: assigned thread_id=8
init: final thread_id=8, base_seed=nil
setup: assigned thread_id=9
init: final thread_id=9, base_seed=nil
setup: assigned thread_id=10
init: final thread_id=10, base_seed=nil
setup: assigned thread_id=11
init: final thread_id=11, base_seed=nil
setup: assigned thread_id=12
init: final thread_id=12, base_seed=nil
setup: assigned thread_id=13
init: final thread_id=13, base_seed=nil
setup: assigned thread_id=14
init: final thread_id=14, base_seed=nil
setup: assigned thread_id=15
init: final thread_id=15, base_seed=nil
setup: assigned thread_id=16
init: final thread_id=16, base_seed=nil
setup: assigned thread_id=17
init: final thread_id=17, base_seed=nil
setup: assigned thread_id=18
init: final thread_id=18, base_seed=nil
setup: assigned thread_id=19
init: final thread_id=19, base_seed=nil
setup: assigned thread_id=20
init: final thread_id=20, base_seed=nil
setup: assigned thread_id=21
init: final thread_id=21, base_seed=nil
setup: assigned thread_id=22
init: final thread_id=22, base_seed=nil
setup: assigned thread_id=23
init: final thread_id=23, base_seed=nil
setup: assigned thread_id=24
init: final thread_id=24, base_seed=nil
setup: assigned thread_id=25
init: final thread_id=25, base_seed=nil
setup: assigned thread_id=26
init: final thread_id=26, base_seed=nil
setup: assigned thread_id=27
init: final thread_id=27, base_seed=nil
setup: assigned thread_id=28
init: final thread_id=28, base_seed=nil
setup: assigned thread_id=29
init: final thread_id=29, base_seed=nil
setup: assigned thread_id=30
init: final thread_id=30, base_seed=nil
setup: assigned thread_id=31
init: final thread_id=31, base_seed=nil
setup: assigned thread_id=32
init: final thread_id=32, base_seed=nil
setup: assigned thread_id=33
init: final thread_id=33, base_seed=nil
setup: assigned thread_id=34
init: final thread_id=34, base_seed=nil
setup: assigned thread_id=35
init: final thread_id=35, base_seed=nil
setup: assigned thread_id=36
init: final thread_id=36, base_seed=nil
setup: assigned thread_id=37
init: final thread_id=37, base_seed=nil
setup: assigned thread_id=38
init: final thread_id=38, base_seed=nil
setup: assigned thread_id=39
init: final thread_id=39, base_seed=nil
setup: assigned thread_id=40
init: final thread_id=40, base_seed=nil
script_want_response
Running 1m test @ http://10.10.1.1:4768
  40 threads and 392 connections

  Thread calibration: mean lat.: 57.185ms, rate sampling interval: 236ms
  Thread calibration: mean lat.: 58.887ms, rate sampling interval: 238ms
  Thread calibration: mean lat.: 59.203ms, rate sampling interval: 241ms
  Thread calibration: mean lat.: 58.339ms, rate sampling interval: 238ms
  Thread calibration: mean lat.: 63.306ms, rate sampling interval: 257ms
  Thread calibration: mean lat.: 65.220ms, rate sampling interval: 275ms
  Thread calibration: mean lat.: 64.897ms, rate sampling interval: 269ms
  Thread calibration: mean lat.: 61.304ms, rate sampling interval: 264ms
  Thread calibration: mean lat.: 57.591ms, rate sampling interval: 259ms
  Thread calibration: mean lat.: 59.706ms, rate sampling interval: 259ms
  Thread calibration: mean lat.: 47.711ms, rate sampling interval: 198ms
  Thread calibration: mean lat.: 47.125ms, rate sampling interval: 189ms
  Thread calibration: mean lat.: 46.666ms, rate sampling interval: 190ms
  Thread calibration: mean lat.: 45.775ms, rate sampling interval: 186ms
  Thread calibration: mean lat.: 44.495ms, rate sampling interval: 182ms
  Thread calibration: mean lat.: 44.173ms, rate sampling interval: 182ms
  Thread calibration: mean lat.: 47.487ms, rate sampling interval: 171ms
  Thread calibration: mean lat.: 46.891ms, rate sampling interval: 227ms
  Thread calibration: mean lat.: 47.772ms, rate sampling interval: 169ms
  Thread calibration: mean lat.: 48.140ms, rate sampling interval: 167ms
  Thread calibration: mean lat.: 48.374ms, rate sampling interval: 166ms
  Thread calibration: mean lat.: 48.068ms, rate sampling interval: 163ms
  Thread calibration: mean lat.: 49.287ms, rate sampling interval: 167ms
  Thread calibration: mean lat.: 48.366ms, rate sampling interval: 164ms
  Thread calibration: mean lat.: 48.826ms, rate sampling interval: 166ms
  Thread calibration: mean lat.: 49.790ms, rate sampling interval: 173ms
  Thread calibration: mean lat.: 49.445ms, rate sampling interval: 172ms
  Thread calibration: mean lat.: 50.252ms, rate sampling interval: 187ms
  Thread calibration: mean lat.: 51.247ms, rate sampling interval: 193ms
  Thread calibration: mean lat.: 51.173ms, rate sampling interval: 191ms
  Thread calibration: mean lat.: 54.817ms, rate sampling interval: 189ms
  Thread calibration: mean lat.: 54.534ms, rate sampling interval: 188ms
  Thread calibration: mean lat.: 54.340ms, rate sampling interval: 185ms
  Thread calibration: mean lat.: 55.196ms, rate sampling interval: 185ms
  Thread calibration: mean lat.: 55.521ms, rate sampling interval: 184ms
  Thread calibration: mean lat.: 55.459ms, rate sampling interval: 183ms
  Thread calibration: mean lat.: 57.136ms, rate sampling interval: 183ms
  Thread calibration: mean lat.: 60.082ms, rate sampling interval: 187ms
  Thread calibration: mean lat.: 60.228ms, rate sampling interval: 188ms
  Thread calibration: mean lat.: 56.875ms, rate sampling interval: 182ms

-----------------------------------------------------------------------
Test Results @ http://10.10.1.1:4768 
  Thread Stats   Avg      Stdev     99%   +/- Stdev
    Latency    45.85ms   41.69ms 194.18ms   83.80%
    Req/Sec    69.47     18.76   109.00     58.31%
  Latency Distribution (HdrHistogram - Recorded Latency)
 50.000%   28.08ms
 75.000%   62.97ms
 90.000%  107.52ms
 99.000%  194.18ms
 99.900%  244.61ms
 99.990%  265.73ms
 99.999%  268.80ms
100.000%  269.05ms

  Detailed Percentile spectrum:
       Value   Percentile   TotalCount 1/(1-Percentile)

       7.327     0.000000            1         1.00
      12.071     0.100000        13946         1.11
      15.511     0.200000        27871         1.25
      19.023     0.300000        41841         1.43
      23.007     0.400000        55739         1.67
      28.079     0.500000        69663         2.00
      31.471     0.550000        76634         2.22
      35.775     0.600000        83619         2.50
      41.439     0.650000        90550         2.86
      50.975     0.700000        97514         3.33
      62.975     0.750000       104478         4.00
      69.375     0.775000       107981         4.44
      76.607     0.800000       111453         5.00
      84.095     0.825000       114942         5.71
      90.623     0.850000       118445         6.67
      97.855     0.875000       121908         8.00
     102.207     0.887500       123654         8.89
     107.519     0.900000       125381        10.00
     113.407     0.912500       127119        11.43
     118.207     0.925000       128862        13.33
     123.903     0.937500       130611        16.00
     127.551     0.943750       131475        17.78
     130.751     0.950000       132348        20.00
     134.527     0.956250       133214        22.86
     140.415     0.962500       134083        26.67
     147.583     0.968750       134949        32.00
     152.447     0.971875       135392        35.56
     157.311     0.975000       135827        40.00
     162.175     0.978125       136255        45.71
     172.415     0.981250       136691        53.33
     180.863     0.984375       137130        64.00
     183.935     0.985938       137345        71.11
     187.647     0.987500       137563        80.00
     191.487     0.989062       137776        91.43
     196.479     0.990625       137997       106.67
     202.623     0.992188       138213       128.00
     205.695     0.992969       138324       142.22
     208.383     0.993750       138432       160.00
     212.991     0.994531       138542       182.86
     217.727     0.995313       138651       213.33
     221.183     0.996094       138760       256.00
     223.359     0.996484       138812       284.44
     225.535     0.996875       138866       320.00
     228.095     0.997266       138919       365.71
     231.935     0.997656       138973       426.67
     235.903     0.998047       139028       512.00
     237.823     0.998242       139055       568.89
     239.871     0.998437       139084       640.00
     241.407     0.998633       139111       731.43
     242.815     0.998828       139136       853.33
     244.863     0.999023       139164      1024.00
     247.167     0.999121       139177      1137.78
     248.959     0.999219       139191      1280.00
     252.287     0.999316       139204      1462.86
     254.719     0.999414       139218      1706.67
     257.919     0.999512       139231      2048.00
     258.559     0.999561       139238      2275.56
     259.711     0.999609       139246      2560.00
     260.863     0.999658       139253      2925.71
     262.399     0.999707       139263      3413.33
     262.911     0.999756       139265      4096.00
     263.679     0.999780       139271      4551.11
     263.935     0.999805       139276      5120.00
     263.935     0.999829       139276      5851.43
     264.447     0.999854       139279      6826.67
     264.959     0.999878       139282      8192.00
     265.471     0.999890       139284      9102.22
     265.727     0.999902       139286     10240.00
     266.495     0.999915       139291     11702.86
     266.495     0.999927       139291     13653.33
     266.495     0.999939       139291     16384.00
     266.751     0.999945       139292     18204.44
     267.007     0.999951       139293     20480.00
     267.775     0.999957       139295     23405.71
     267.775     0.999963       139295     27306.67
     267.775     0.999969       139295     32768.00
     268.031     0.999973       139297     36408.89
     268.031     0.999976       139297     40960.00
     268.031     0.999979       139297     46811.43
     268.031     0.999982       139297     54613.33
     268.031     0.999985       139297     65536.00
     268.799     0.999986       139298     72817.78
     268.799     0.999988       139298     81920.00
     268.799     0.999989       139298     93622.86
     268.799     0.999991       139298    109226.67
     268.799     0.999992       139298    131072.00
     269.055     0.999993       139299    145635.56
     269.055     1.000000       139299          inf
#[Mean    =       45.846, StdDeviation   =       41.692]
#[Max     =      268.800, Total count    =       139299]
#[Buckets =           27, SubBuckets     =         2048]
-----------------------------------------------------------------------
  166987 requests in 1.00m, 25.90MB read
Requests/sec:   2790.03  
Transfer/sec:    443.08KB

=== rps=3000 c=450 t=45 url=http://10.10.1.1:4768 ===
setup: assigned thread_id=1
init: final thread_id=1, base_seed=nil
setup: assigned thread_id=2
init: final thread_id=2, base_seed=nil
setup: assigned thread_id=3
init: final thread_id=3, base_seed=nil
setup: assigned thread_id=4
init: final thread_id=4, base_seed=nil
setup: assigned thread_id=5
init: final thread_id=5, base_seed=nil
setup: assigned thread_id=6
init: final thread_id=6, base_seed=nil
setup: assigned thread_id=7
init: final thread_id=7, base_seed=nil
setup: assigned thread_id=8
init: final thread_id=8, base_seed=nil
setup: assigned thread_id=9
init: final thread_id=9, base_seed=nil
setup: assigned thread_id=10
init: final thread_id=10, base_seed=nil
setup: assigned thread_id=11
init: final thread_id=11, base_seed=nil
setup: assigned thread_id=12
init: final thread_id=12, base_seed=nil
setup: assigned thread_id=13
init: final thread_id=13, base_seed=nil
setup: assigned thread_id=14
init: final thread_id=14, base_seed=nil
setup: assigned thread_id=15
init: final thread_id=15, base_seed=nil
setup: assigned thread_id=16
init: final thread_id=16, base_seed=nil
setup: assigned thread_id=17
init: final thread_id=17, base_seed=nil
setup: assigned thread_id=18
init: final thread_id=18, base_seed=nil
setup: assigned thread_id=19
init: final thread_id=19, base_seed=nil
setup: assigned thread_id=20
init: final thread_id=20, base_seed=nil
setup: assigned thread_id=21
init: final thread_id=21, base_seed=nil
setup: assigned thread_id=22
init: final thread_id=22, base_seed=nil
setup: assigned thread_id=23
init: final thread_id=23, base_seed=nil
setup: assigned thread_id=24
init: final thread_id=24, base_seed=nil
setup: assigned thread_id=25
init: final thread_id=25, base_seed=nil
setup: assigned thread_id=26
init: final thread_id=26, base_seed=nil
setup: assigned thread_id=27
init: final thread_id=27, base_seed=nil
setup: assigned thread_id=28
init: final thread_id=28, base_seed=nil
setup: assigned thread_id=29
init: final thread_id=29, base_seed=nil
setup: assigned thread_id=30
init: final thread_id=30, base_seed=nil
setup: assigned thread_id=31
init: final thread_id=31, base_seed=nil
setup: assigned thread_id=32
init: final thread_id=32, base_seed=nil
setup: assigned thread_id=33
init: final thread_id=33, base_seed=nil
setup: assigned thread_id=34
init: final thread_id=34, base_seed=nil
setup: assigned thread_id=35
init: final thread_id=35, base_seed=nil
setup: assigned thread_id=36
init: final thread_id=36, base_seed=nil
setup: assigned thread_id=37
init: final thread_id=37, base_seed=nil
setup: assigned thread_id=38
init: final thread_id=38, base_seed=nil
setup: assigned thread_id=39
init: final thread_id=39, base_seed=nil
setup: assigned thread_id=40
init: final thread_id=40, base_seed=nil
setup: assigned thread_id=41
init: final thread_id=41, base_seed=nil
setup: assigned thread_id=42
init: final thread_id=42, base_seed=nil
setup: assigned thread_id=43
init: final thread_id=43, base_seed=nil
setup: assigned thread_id=44
init: final thread_id=44, base_seed=nil
setup: assigned thread_id=45
init: final thread_id=45, base_seed=nil
script_want_response
Running 1m test @ http://10.10.1.1:4768
  45 threads and 450 connections

  Thread calibration: mean lat.: 70.589ms, rate sampling interval: 200ms
  Thread calibration: mean lat.: 68.489ms, rate sampling interval: 198ms
  Thread calibration: mean lat.: 65.990ms, rate sampling interval: 196ms
  Thread calibration: mean lat.: 67.689ms, rate sampling interval: 197ms
  Thread calibration: mean lat.: 63.435ms, rate sampling interval: 194ms
  Thread calibration: mean lat.: 64.266ms, rate sampling interval: 192ms
  Thread calibration: mean lat.: 61.500ms, rate sampling interval: 190ms
  Thread calibration: mean lat.: 58.337ms, rate sampling interval: 186ms
  Thread calibration: mean lat.: 55.688ms, rate sampling interval: 177ms
  Thread calibration: mean lat.: 56.094ms, rate sampling interval: 178ms
  Thread calibration: mean lat.: 45.384ms, rate sampling interval: 149ms
  Thread calibration: mean lat.: 43.686ms, rate sampling interval: 148ms
  Thread calibration: mean lat.: 42.327ms, rate sampling interval: 148ms
  Thread calibration: mean lat.: 40.928ms, rate sampling interval: 148ms
  Thread calibration: mean lat.: 46.022ms, rate sampling interval: 146ms
  Thread calibration: mean lat.: 46.632ms, rate sampling interval: 144ms
  Thread calibration: mean lat.: 46.530ms, rate sampling interval: 141ms
  Thread calibration: mean lat.: 46.141ms, rate sampling interval: 138ms
  Thread calibration: mean lat.: 45.791ms, rate sampling interval: 137ms
  Thread calibration: mean lat.: 53.399ms, rate sampling interval: 188ms
  Thread calibration: mean lat.: 50.896ms, rate sampling interval: 178ms
  Thread calibration: mean lat.: 49.456ms, rate sampling interval: 180ms
  Thread calibration: mean lat.: 49.210ms, rate sampling interval: 188ms
  Thread calibration: mean lat.: 49.338ms, rate sampling interval: 191ms
  Thread calibration: mean lat.: 51.798ms, rate sampling interval: 204ms
  Thread calibration: mean lat.: 52.680ms, rate sampling interval: 205ms
  Thread calibration: mean lat.: 53.958ms, rate sampling interval: 206ms
  Thread calibration: mean lat.: 54.730ms, rate sampling interval: 209ms
  Thread calibration: mean lat.: 61.145ms, rate sampling interval: 205ms
  Thread calibration: mean lat.: 63.129ms, rate sampling interval: 202ms
  Thread calibration: mean lat.: 63.964ms, rate sampling interval: 200ms
  Thread calibration: mean lat.: 65.808ms, rate sampling interval: 198ms
  Thread calibration: mean lat.: 66.539ms, rate sampling interval: 196ms
  Thread calibration: mean lat.: 68.024ms, rate sampling interval: 194ms
  Thread calibration: mean lat.: 69.545ms, rate sampling interval: 193ms
  Thread calibration: mean lat.: 71.040ms, rate sampling interval: 190ms
  Thread calibration: mean lat.: 71.526ms, rate sampling interval: 191ms
  Thread calibration: mean lat.: 71.028ms, rate sampling interval: 188ms
  Thread calibration: mean lat.: 71.514ms, rate sampling interval: 187ms
  Thread calibration: mean lat.: 72.004ms, rate sampling interval: 188ms
  Thread calibration: mean lat.: 71.571ms, rate sampling interval: 189ms
  Thread calibration: mean lat.: 71.935ms, rate sampling interval: 190ms
  Thread calibration: mean lat.: 71.863ms, rate sampling interval: 203ms
  Thread calibration: mean lat.: 71.710ms, rate sampling interval: 208ms
  Thread calibration: mean lat.: 71.697ms, rate sampling interval: 215ms

-----------------------------------------------------------------------
Test Results @ http://10.10.1.1:4768 
  Thread Stats   Avg      Stdev     99%   +/- Stdev
    Latency    80.29ms   54.05ms 221.82ms   62.66%
    Req/Sec    65.63     18.78   107.00     80.83%
  Latency Distribution (HdrHistogram - Recorded Latency)
 50.000%   68.80ms
 75.000%  123.20ms
 90.000%  154.11ms
 99.000%  221.82ms
 99.900%  273.92ms
 99.990%  305.92ms
 99.999%  321.28ms
100.000%  321.79ms

  Detailed Percentile spectrum:
       Value   Percentile   TotalCount 1/(1-Percentile)

       8.927     0.000000            1         1.00
      20.111     0.100000        14847         1.11
      28.271     0.200000        29629         1.25
      37.183     0.300000        44471         1.43
      49.567     0.400000        59249         1.67
      68.799     0.500000        74081         2.00
      78.399     0.550000        81479         2.22
      89.919     0.600000        88879         2.50
     100.159     0.650000        96284         2.86
     110.399     0.700000       103712         3.33
     123.199     0.750000       111103         4.00
     128.575     0.775000       114790         4.44
     133.759     0.800000       118509         5.00
     138.879     0.825000       122267         5.71
     143.615     0.850000       125902         6.67
     148.735     0.875000       129649         8.00
     151.551     0.887500       131507         8.89
     154.111     0.900000       133339        10.00
     158.207     0.912500       135209        11.43
     163.711     0.925000       137033        13.33
     170.111     0.937500       138899        16.00
     172.927     0.943750       139813        17.78
     175.743     0.950000       140711        20.00
     179.071     0.956250       141652        22.86
     182.783     0.962500       142562        26.67
     187.519     0.968750       143489        32.00
     190.847     0.971875       143953        35.56
     195.199     0.975000       144418        40.00
     199.295     0.978125       144883        45.71
     204.287     0.981250       145342        53.33
     210.047     0.984375       145799        64.00
     213.375     0.985938       146035        71.11
     216.959     0.987500       146270        80.00
     219.903     0.989062       146498        91.43
     223.359     0.990625       146730       106.67
     226.687     0.992188       146963       128.00
     228.479     0.992969       147081       142.22
     230.527     0.993750       147188       160.00
     233.343     0.994531       147304       182.86
     236.543     0.995313       147419       213.33
     243.071     0.996094       147535       256.00
     248.831     0.996484       147593       284.44
     251.903     0.996875       147652       320.00
     255.487     0.997266       147710       365.71
     258.943     0.997656       147766       426.67
     262.399     0.998047       147824       512.00
     264.447     0.998242       147857       568.89
     266.751     0.998437       147884       640.00
     268.799     0.998633       147911       731.43
     271.871     0.998828       147941       853.33
     274.175     0.999023       147970      1024.00
     276.735     0.999121       147983      1137.78
     278.015     0.999219       147998      1280.00
     280.319     0.999316       148013      1462.86
     282.111     0.999414       148029      1706.67
     286.463     0.999512       148043      2048.00
     287.487     0.999561       148048      2275.56
     289.535     0.999609       148056      2560.00
     291.839     0.999658       148063      2925.71
     295.167     0.999707       148070      3413.33
     296.959     0.999756       148077      4096.00
     298.751     0.999780       148081      4551.11
     299.775     0.999805       148085      5120.00
     302.079     0.999829       148088      5851.43
     303.103     0.999854       148092      6826.67
     305.151     0.999878       148096      8192.00
     305.663     0.999890       148097      9102.22
     306.943     0.999902       148099     10240.00
     310.015     0.999915       148101     11702.86
     312.319     0.999927       148103     13653.33
     314.879     0.999939       148104     16384.00
     315.903     0.999945       148105     18204.44
     316.671     0.999951       148106     20480.00
     317.439     0.999957       148107     23405.71
     317.951     0.999963       148108     27306.67
     318.207     0.999969       148109     32768.00
     318.207     0.999973       148109     36408.89
     318.719     0.999976       148110     40960.00
     318.719     0.999979       148110     46811.43
     318.975     0.999982       148111     54613.33
     318.975     0.999985       148111     65536.00
     318.975     0.999986       148111     72817.78
     321.279     0.999988       148112     81920.00
     321.279     0.999989       148112     93622.86
     321.279     0.999991       148112    109226.67
     321.279     0.999992       148112    131072.00
     321.279     0.999993       148112    145635.56
     321.791     0.999994       148113    163840.00
     321.791     1.000000       148113          inf
#[Mean    =       80.286, StdDeviation   =       54.053]
#[Max     =      321.536, Total count    =       148113]
#[Buckets =           27, SubBuckets     =         2048]
-----------------------------------------------------------------------
  177397 requests in 1.00m, 27.51MB read
Requests/sec:   2957.52  
Transfer/sec:    469.62KB

=== rps=3200 c=512 t=52 url=http://10.10.1.1:4768 ===
setup: assigned thread_id=1
init: final thread_id=1, base_seed=nil
setup: assigned thread_id=2
init: final thread_id=2, base_seed=nil
setup: assigned thread_id=3
init: final thread_id=3, base_seed=nil
setup: assigned thread_id=4
init: final thread_id=4, base_seed=nil
setup: assigned thread_id=5
init: final thread_id=5, base_seed=nil
setup: assigned thread_id=6
init: final thread_id=6, base_seed=nil
setup: assigned thread_id=7
init: final thread_id=7, base_seed=nil
setup: assigned thread_id=8
init: final thread_id=8, base_seed=nil
setup: assigned thread_id=9
init: final thread_id=9, base_seed=nil
setup: assigned thread_id=10
init: final thread_id=10, base_seed=nil
setup: assigned thread_id=11
init: final thread_id=11, base_seed=nil
setup: assigned thread_id=12
init: final thread_id=12, base_seed=nil
setup: assigned thread_id=13
init: final thread_id=13, base_seed=nil
setup: assigned thread_id=14
init: final thread_id=14, base_seed=nil
setup: assigned thread_id=15
init: final thread_id=15, base_seed=nil
setup: assigned thread_id=16
init: final thread_id=16, base_seed=nil
setup: assigned thread_id=17
init: final thread_id=17, base_seed=nil
setup: assigned thread_id=18
init: final thread_id=18, base_seed=nil
setup: assigned thread_id=19
init: final thread_id=19, base_seed=nil
setup: assigned thread_id=20
init: final thread_id=20, base_seed=nil
setup: assigned thread_id=21
init: final thread_id=21, base_seed=nil
setup: assigned thread_id=22
init: final thread_id=22, base_seed=nil
setup: assigned thread_id=23
init: final thread_id=23, base_seed=nil
setup: assigned thread_id=24
init: final thread_id=24, base_seed=nil
setup: assigned thread_id=25
init: final thread_id=25, base_seed=nil
setup: assigned thread_id=26
init: final thread_id=26, base_seed=nil
setup: assigned thread_id=27
init: final thread_id=27, base_seed=nil
setup: assigned thread_id=28
init: final thread_id=28, base_seed=nil
setup: assigned thread_id=29
init: final thread_id=29, base_seed=nil
setup: assigned thread_id=30
init: final thread_id=30, base_seed=nil
setup: assigned thread_id=31
init: final thread_id=31, base_seed=nil
setup: assigned thread_id=32
init: final thread_id=32, base_seed=nil
setup: assigned thread_id=33
init: final thread_id=33, base_seed=nil
setup: assigned thread_id=34
init: final thread_id=34, base_seed=nil
setup: assigned thread_id=35
init: final thread_id=35, base_seed=nil
setup: assigned thread_id=36
init: final thread_id=36, base_seed=nil
setup: assigned thread_id=37
init: final thread_id=37, base_seed=nil
setup: assigned thread_id=38
init: final thread_id=38, base_seed=nil
setup: assigned thread_id=39
init: final thread_id=39, base_seed=nil
setup: assigned thread_id=40
init: final thread_id=40, base_seed=nil
setup: assigned thread_id=41
init: final thread_id=41, base_seed=nil
setup: assigned thread_id=42
init: final thread_id=42, base_seed=nil
setup: assigned thread_id=43
init: final thread_id=43, base_seed=nil
setup: assigned thread_id=44
init: final thread_id=44, base_seed=nil
setup: assigned thread_id=45
init: final thread_id=45, base_seed=nil
setup: assigned thread_id=46
init: final thread_id=46, base_seed=nil
setup: assigned thread_id=47
init: final thread_id=47, base_seed=nil
setup: assigned thread_id=48
init: final thread_id=48, base_seed=nil
setup: assigned thread_id=49
init: final thread_id=49, base_seed=nil
setup: assigned thread_id=50
init: final thread_id=50, base_seed=nil
setup: assigned thread_id=51
init: final thread_id=51, base_seed=nil
setup: assigned thread_id=52
init: final thread_id=52, base_seed=nil
script_want_response
Running 1m test @ http://10.10.1.1:4768
  52 threads and 512 connections

  Thread calibration: mean lat.: 133.899ms, rate sampling interval: 421ms
  Thread calibration: mean lat.: 131.417ms, rate sampling interval: 408ms
  Thread calibration: mean lat.: 135.495ms, rate sampling interval: 418ms
  Thread calibration: mean lat.: 134.592ms, rate sampling interval: 406ms
  Thread calibration: mean lat.: 149.135ms, rate sampling interval: 476ms
  Thread calibration: mean lat.: 139.210ms, rate sampling interval: 429ms
  Thread calibration: mean lat.: 143.068ms, rate sampling interval: 444ms
  Thread calibration: mean lat.: 144.252ms, rate sampling interval: 454ms
  Thread calibration: mean lat.: 143.148ms, rate sampling interval: 440ms
  Thread calibration: mean lat.: 148.235ms, rate sampling interval: 480ms
  Thread calibration: mean lat.: 145.502ms, rate sampling interval: 470ms
  Thread calibration: mean lat.: 142.112ms, rate sampling interval: 472ms
  Thread calibration: mean lat.: 125.316ms, rate sampling interval: 392ms
  Thread calibration: mean lat.: 131.696ms, rate sampling interval: 429ms
  Thread calibration: mean lat.: 133.347ms, rate sampling interval: 428ms
  Thread calibration: mean lat.: 126.401ms, rate sampling interval: 408ms
  Thread calibration: mean lat.: 118.024ms, rate sampling interval: 400ms
  Thread calibration: mean lat.: 119.239ms, rate sampling interval: 393ms
  Thread calibration: mean lat.: 120.492ms, rate sampling interval: 398ms
  Thread calibration: mean lat.: 120.746ms, rate sampling interval: 393ms
  Thread calibration: mean lat.: 114.301ms, rate sampling interval: 388ms
  Thread calibration: mean lat.: 113.843ms, rate sampling interval: 377ms
  Thread calibration: mean lat.: 122.833ms, rate sampling interval: 390ms
  Thread calibration: mean lat.: 128.003ms, rate sampling interval: 403ms
  Thread calibration: mean lat.: 118.968ms, rate sampling interval: 381ms
  Thread calibration: mean lat.: 120.016ms, rate sampling interval: 402ms
  Thread calibration: mean lat.: 115.764ms, rate sampling interval: 308ms
  Thread calibration: mean lat.: 122.869ms, rate sampling interval: 377ms
  Thread calibration: mean lat.: 130.269ms, rate sampling interval: 408ms
  Thread calibration: mean lat.: 130.257ms, rate sampling interval: 416ms
  Thread calibration: mean lat.: 129.659ms, rate sampling interval: 405ms
  Thread calibration: mean lat.: 128.457ms, rate sampling interval: 390ms
  Thread calibration: mean lat.: 133.240ms, rate sampling interval: 403ms
  Thread calibration: mean lat.: 133.298ms, rate sampling interval: 418ms
  Thread calibration: mean lat.: 135.129ms, rate sampling interval: 414ms
  Thread calibration: mean lat.: 132.908ms, rate sampling interval: 405ms
  Thread calibration: mean lat.: 144.373ms, rate sampling interval: 424ms
  Thread calibration: mean lat.: 131.107ms, rate sampling interval: 400ms
  Thread calibration: mean lat.: 132.446ms, rate sampling interval: 404ms
  Thread calibration: mean lat.: 133.006ms, rate sampling interval: 393ms
  Thread calibration: mean lat.: 129.537ms, rate sampling interval: 389ms
  Thread calibration: mean lat.: 129.577ms, rate sampling interval: 392ms
  Thread calibration: mean lat.: 129.727ms, rate sampling interval: 393ms
  Thread calibration: mean lat.: 125.166ms, rate sampling interval: 360ms
  Thread calibration: mean lat.: 129.251ms, rate sampling interval: 389ms
  Thread calibration: mean lat.: 131.342ms, rate sampling interval: 393ms
  Thread calibration: mean lat.: 145.040ms, rate sampling interval: 411ms
  Thread calibration: mean lat.: 136.617ms, rate sampling interval: 400ms
  Thread calibration: mean lat.: 124.626ms, rate sampling interval: 347ms
  Thread calibration: mean lat.: 127.349ms, rate sampling interval: 371ms
  Thread calibration: mean lat.: 135.495ms, rate sampling interval: 392ms
  Thread calibration: mean lat.: 119.705ms, rate sampling interval: 339ms

-----------------------------------------------------------------------
Test Results @ http://10.10.1.1:4768 
  Thread Stats   Avg      Stdev     99%   +/- Stdev
    Latency    84.32ms   46.95ms 202.62ms   63.12%
    Req/Sec    60.71      8.96    79.00     73.60%
  Latency Distribution (HdrHistogram - Recorded Latency)
 50.000%   79.74ms
 75.000%  121.47ms
 90.000%  144.51ms
 99.000%  202.62ms
 99.900%  243.58ms
 99.990%  281.34ms
 99.999%  296.70ms
100.000%  298.75ms

  Detailed Percentile spectrum:
       Value   Percentile   TotalCount 1/(1-Percentile)

       8.279     0.000000            1         1.00
      23.999     0.100000        15875         1.11
      38.655     0.200000        31751         1.25
      51.103     0.300000        47632         1.43
      62.815     0.400000        63524         1.67
      79.743     0.500000        79366         2.00
      90.559     0.550000        87331         2.22
      99.263     0.600000        95283         2.50
     107.519     0.650000       103208         2.86
     114.943     0.700000       111125         3.33
     121.471     0.750000       119108         4.00
     124.671     0.775000       123079         4.44
     128.063     0.800000       127050         5.00
     131.711     0.825000       131017         5.71
     135.423     0.850000       134956         6.67
     139.647     0.875000       138961         8.00
     141.951     0.887500       140884         8.89
     144.511     0.900000       142922        10.00
     147.455     0.912500       144848        11.43
     150.271     0.925000       146821        13.33
     154.239     0.937500       148852        16.00
     156.543     0.943750       149818        17.78
     159.103     0.950000       150808        20.00
     162.303     0.956250       151812        22.86
     166.399     0.962500       152787        26.67
     171.135     0.968750       153775        32.00
     173.695     0.971875       154268        35.56
     177.023     0.975000       154754        40.00
     181.375     0.978125       155260        45.71
     186.239     0.981250       155749        53.33
     191.487     0.984375       156250        64.00
     194.175     0.985938       156490        71.11
     197.503     0.987500       156737        80.00
     200.959     0.989062       156995        91.43
     203.775     0.990625       157235       106.67
     207.871     0.992188       157483       128.00
     209.919     0.992969       157613       142.22
     211.967     0.993750       157733       160.00
     215.167     0.994531       157854       182.86
     218.239     0.995313       157977       213.33
     221.439     0.996094       158101       256.00
     223.231     0.996484       158163       284.44
     226.047     0.996875       158225       320.00
     228.479     0.997266       158287       365.71
     231.551     0.997656       158350       426.67
     234.879     0.998047       158411       512.00
     236.415     0.998242       158443       568.89
     238.335     0.998437       158472       640.00
     240.127     0.998633       158503       731.43
     241.919     0.998828       158534       853.33
     243.967     0.999023       158566      1024.00
     246.143     0.999121       158581      1137.78
     250.111     0.999219       158598      1280.00
     252.415     0.999316       158613      1462.86
     256.383     0.999414       158627      1706.67
     260.991     0.999512       158643      2048.00
     262.911     0.999561       158651      2275.56
     266.495     0.999609       158661      2560.00
     268.799     0.999658       158666      2925.71
     270.591     0.999707       158674      3413.33
     272.639     0.999756       158684      4096.00
     273.151     0.999780       158686      4551.11
     273.919     0.999805       158689      5120.00
     275.199     0.999829       158693      5851.43
     278.271     0.999854       158697      6826.67
     279.295     0.999878       158701      8192.00
     280.319     0.999890       158703      9102.22
     282.367     0.999902       158705     10240.00
     282.623     0.999915       158707     11702.86
     283.903     0.999927       158709     13653.33
     286.207     0.999939       158711     16384.00
     287.231     0.999945       158712     18204.44
     287.743     0.999951       158713     20480.00
     288.255     0.999957       158714     23405.71
     288.511     0.999963       158715     27306.67
     290.815     0.999969       158716     32768.00
     290.815     0.999973       158716     36408.89
     292.863     0.999976       158717     40960.00
     292.863     0.999979       158717     46811.43
     296.703     0.999982       158718     54613.33
     296.703     0.999985       158718     65536.00
     296.703     0.999986       158718     72817.78
     298.239     0.999988       158719     81920.00
     298.239     0.999989       158719     93622.86
     298.239     0.999991       158719    109226.67
     298.239     0.999992       158719    131072.00
     298.239     0.999993       158719    145635.56
     298.751     0.999994       158720    163840.00
     298.751     1.000000       158720          inf
#[Mean    =       84.323, StdDeviation   =       46.950]
#[Max     =      298.496, Total count    =       158720]
#[Buckets =           27, SubBuckets     =         2048]
-----------------------------------------------------------------------
  189578 requests in 1.00m, 29.40MB read
Requests/sec:   3163.39  
Transfer/sec:    502.36KB

=== rps=3400 c=578 t=58 url=http://10.10.1.1:4768 ===
setup: assigned thread_id=1
init: final thread_id=1, base_seed=nil
setup: assigned thread_id=2
init: final thread_id=2, base_seed=nil
setup: assigned thread_id=3
init: final thread_id=3, base_seed=nil
setup: assigned thread_id=4
init: final thread_id=4, base_seed=nil
setup: assigned thread_id=5
init: final thread_id=5, base_seed=nil
setup: assigned thread_id=6
init: final thread_id=6, base_seed=nil
setup: assigned thread_id=7
init: final thread_id=7, base_seed=nil
setup: assigned thread_id=8
init: final thread_id=8, base_seed=nil
setup: assigned thread_id=9
init: final thread_id=9, base_seed=nil
setup: assigned thread_id=10
init: final thread_id=10, base_seed=nil
setup: assigned thread_id=11
init: final thread_id=11, base_seed=nil
setup: assigned thread_id=12
init: final thread_id=12, base_seed=nil
setup: assigned thread_id=13
init: final thread_id=13, base_seed=nil
setup: assigned thread_id=14
init: final thread_id=14, base_seed=nil
setup: assigned thread_id=15
init: final thread_id=15, base_seed=nil
setup: assigned thread_id=16
init: final thread_id=16, base_seed=nil
setup: assigned thread_id=17
init: final thread_id=17, base_seed=nil
setup: assigned thread_id=18
init: final thread_id=18, base_seed=nil
setup: assigned thread_id=19
init: final thread_id=19, base_seed=nil
setup: assigned thread_id=20
init: final thread_id=20, base_seed=nil
setup: assigned thread_id=21
init: final thread_id=21, base_seed=nil
setup: assigned thread_id=22
init: final thread_id=22, base_seed=nil
setup: assigned thread_id=23
init: final thread_id=23, base_seed=nil
setup: assigned thread_id=24
init: final thread_id=24, base_seed=nil
setup: assigned thread_id=25
init: final thread_id=25, base_seed=nil
setup: assigned thread_id=26
init: final thread_id=26, base_seed=nil
setup: assigned thread_id=27
init: final thread_id=27, base_seed=nil
setup: assigned thread_id=28
init: final thread_id=28, base_seed=nil
setup: assigned thread_id=29
init: final thread_id=29, base_seed=nil
setup: assigned thread_id=30
init: final thread_id=30, base_seed=nil
setup: assigned thread_id=31
init: final thread_id=31, base_seed=nil
setup: assigned thread_id=32
init: final thread_id=32, base_seed=nil
setup: assigned thread_id=33
init: final thread_id=33, base_seed=nil
setup: assigned thread_id=34
init: final thread_id=34, base_seed=nil
setup: assigned thread_id=35
init: final thread_id=35, base_seed=nil
setup: assigned thread_id=36
init: final thread_id=36, base_seed=nil
setup: assigned thread_id=37
init: final thread_id=37, base_seed=nil
setup: assigned thread_id=38
init: final thread_id=38, base_seed=nil
setup: assigned thread_id=39
init: final thread_id=39, base_seed=nil
setup: assigned thread_id=40
init: final thread_id=40, base_seed=nil
setup: assigned thread_id=41
init: final thread_id=41, base_seed=nil
setup: assigned thread_id=42
init: final thread_id=42, base_seed=nil
setup: assigned thread_id=43
init: final thread_id=43, base_seed=nil
setup: assigned thread_id=44
init: final thread_id=44, base_seed=nil
setup: assigned thread_id=45
init: final thread_id=45, base_seed=nil
setup: assigned thread_id=46
init: final thread_id=46, base_seed=nil
setup: assigned thread_id=47
init: final thread_id=47, base_seed=nil
setup: assigned thread_id=48
init: final thread_id=48, base_seed=nil
setup: assigned thread_id=49
init: final thread_id=49, base_seed=nil
setup: assigned thread_id=50
init: final thread_id=50, base_seed=nil
setup: assigned thread_id=51
init: final thread_id=51, base_seed=nil
setup: assigned thread_id=52
init: final thread_id=52, base_seed=nil
setup: assigned thread_id=53
init: final thread_id=53, base_seed=nil
setup: assigned thread_id=54
init: final thread_id=54, base_seed=nil
setup: assigned thread_id=55
init: final thread_id=55, base_seed=nil
setup: assigned thread_id=56
init: final thread_id=56, base_seed=nil
setup: assigned thread_id=57
init: final thread_id=57, base_seed=nil
setup: assigned thread_id=58
init: final thread_id=58, base_seed=nil
script_want_response
Running 1m test @ http://10.10.1.1:4768
  58 threads and 578 connections

  Thread calibration: mean lat.: 402.780ms, rate sampling interval: 1490ms
  Thread calibration: mean lat.: 378.326ms, rate sampling interval: 1454ms
  Thread calibration: mean lat.: 386.981ms, rate sampling interval: 1484ms
  Thread calibration: mean lat.: 395.523ms, rate sampling interval: 1504ms
  Thread calibration: mean lat.: 390.636ms, rate sampling interval: 1414ms
  Thread calibration: mean lat.: 413.909ms, rate sampling interval: 1537ms
  Thread calibration: mean lat.: 410.405ms, rate sampling interval: 1535ms
  Thread calibration: mean lat.: 404.523ms, rate sampling interval: 1427ms
  Thread calibration: mean lat.: 446.694ms, rate sampling interval: 1625ms
  Thread calibration: mean lat.: 422.170ms, rate sampling interval: 1503ms
  Thread calibration: mean lat.: 447.069ms, rate sampling interval: 1545ms
  Thread calibration: mean lat.: 455.610ms, rate sampling interval: 1616ms
  Thread calibration: mean lat.: 440.106ms, rate sampling interval: 1654ms
  Thread calibration: mean lat.: 453.931ms, rate sampling interval: 1710ms
  Thread calibration: mean lat.: 412.990ms, rate sampling interval: 1468ms
  Thread calibration: mean lat.: 423.559ms, rate sampling interval: 1484ms
  Thread calibration: mean lat.: 449.823ms, rate sampling interval: 1614ms
  Thread calibration: mean lat.: 440.662ms, rate sampling interval: 1592ms
  Thread calibration: mean lat.: 436.959ms, rate sampling interval: 1557ms
  Thread calibration: mean lat.: 427.614ms, rate sampling interval: 1565ms
  Thread calibration: mean lat.: 448.259ms, rate sampling interval: 1570ms
  Thread calibration: mean lat.: 433.070ms, rate sampling interval: 1496ms
  Thread calibration: mean lat.: 415.294ms, rate sampling interval: 1483ms
  Thread calibration: mean lat.: 412.780ms, rate sampling interval: 1535ms
  Thread calibration: mean lat.: 412.415ms, rate sampling interval: 1461ms
  Thread calibration: mean lat.: 431.379ms, rate sampling interval: 1598ms
  Thread calibration: mean lat.: 426.530ms, rate sampling interval: 1584ms
  Thread calibration: mean lat.: 399.039ms, rate sampling interval: 1478ms
  Thread calibration: mean lat.: 388.288ms, rate sampling interval: 1367ms
  Thread calibration: mean lat.: 403.629ms, rate sampling interval: 1573ms
  Thread calibration: mean lat.: 381.748ms, rate sampling interval: 1412ms
  Thread calibration: mean lat.: 404.477ms, rate sampling interval: 1481ms
  Thread calibration: mean lat.: 379.221ms, rate sampling interval: 1359ms
  Thread calibration: mean lat.: 397.067ms, rate sampling interval: 1499ms
  Thread calibration: mean lat.: 398.899ms, rate sampling interval: 1479ms
  Thread calibration: mean lat.: 404.515ms, rate sampling interval: 1503ms
  Thread calibration: mean lat.: 388.686ms, rate sampling interval: 1430ms
  Thread calibration: mean lat.: 406.428ms, rate sampling interval: 1481ms
  Thread calibration: mean lat.: 414.129ms, rate sampling interval: 1489ms
  Thread calibration: mean lat.: 439.478ms, rate sampling interval: 1564ms
  Thread calibration: mean lat.: 435.222ms, rate sampling interval: 1564ms
  Thread calibration: mean lat.: 444.750ms, rate sampling interval: 1567ms
  Thread calibration: mean lat.: 437.994ms, rate sampling interval: 1564ms
  Thread calibration: mean lat.: 476.146ms, rate sampling interval: 1730ms
  Thread calibration: mean lat.: 428.714ms, rate sampling interval: 1527ms
  Thread calibration: mean lat.: 463.579ms, rate sampling interval: 1638ms
  Thread calibration: mean lat.: 474.633ms, rate sampling interval: 1684ms
  Thread calibration: mean lat.: 473.960ms, rate sampling interval: 1613ms
  Thread calibration: mean lat.: 461.739ms, rate sampling interval: 1623ms
  Thread calibration: mean lat.: 448.991ms, rate sampling interval: 1547ms
  Thread calibration: mean lat.: 458.200ms, rate sampling interval: 1619ms
  Thread calibration: mean lat.: 442.093ms, rate sampling interval: 1577ms
  Thread calibration: mean lat.: 490.072ms, rate sampling interval: 1629ms
  Thread calibration: mean lat.: 429.715ms, rate sampling interval: 1548ms
  Thread calibration: mean lat.: 424.717ms, rate sampling interval: 1508ms
  Thread calibration: mean lat.: 429.857ms, rate sampling interval: 1574ms
  Thread calibration: mean lat.: 420.331ms, rate sampling interval: 1487ms
  Thread calibration: mean lat.: 426.462ms, rate sampling interval: 1563ms

-----------------------------------------------------------------------
Test Results @ http://10.10.1.1:4768 
  Thread Stats   Avg      Stdev     99%   +/- Stdev
    Latency   492.02ms  408.22ms   1.31s    54.31%
    Req/Sec    58.40      4.24    69.00     76.51%
  Latency Distribution (HdrHistogram - Recorded Latency)
 50.000%  358.65ms
 75.000%  902.14ms
 90.000%    1.11s 
 99.000%    1.31s 
 99.900%    1.40s 
 99.990%    1.51s 
 99.999%    1.52s 
100.000%    1.53s 

  Detailed Percentile spectrum:
       Value   Percentile   TotalCount 1/(1-Percentile)

       9.311     0.000000            1         1.00
      40.095     0.100000        17041         1.11
      78.591     0.200000        34075         1.25
     181.247     0.300000        51122         1.43
     268.031     0.400000        68183         1.67
     358.655     0.500000        85212         2.00
     404.479     0.550000        93727         2.22
     473.599     0.600000       102216         2.50
     604.159     0.650000       110735         2.86
     788.479     0.700000       119263         3.33
     902.143     0.750000       127765         4.00
     943.615     0.775000       132055         4.44
     980.479     0.800000       136306         5.00
    1017.343     0.825000       140566         5.71
    1047.551     0.850000       144841         6.67
    1080.319     0.875000       149139         8.00
    1096.703     0.887500       151296         8.89
    1111.039     0.900000       153358        10.00
    1127.423     0.912500       155455        11.43
    1149.951     0.925000       157657        13.33
    1170.431     0.937500       159797        16.00
    1179.647     0.943750       160803        17.78
    1190.911     0.950000       161930        20.00
    1202.175     0.956250       162936        22.86
    1214.463     0.962500       164010        26.67
    1229.823     0.968750       165046        32.00
    1240.063     0.971875       165607        35.56
    1248.255     0.975000       166137        40.00
    1255.423     0.978125       166637        45.71
    1263.615     0.981250       167161        53.33
    1275.903     0.984375       167736        64.00
    1282.047     0.985938       168002        71.11
    1287.167     0.987500       168225        80.00
    1296.383     0.989062       168511        91.43
    1311.743     0.990625       168769       106.67
    1323.007     0.992188       169048       128.00
    1327.103     0.992969       169182       142.22
    1331.199     0.993750       169296       160.00
    1337.343     0.994531       169431       182.86
    1344.511     0.995313       169561       213.33
    1352.703     0.996094       169700       256.00
    1356.799     0.996484       169771       284.44
    1359.871     0.996875       169836       320.00
    1362.943     0.997266       169893       365.71
    1367.039     0.997656       169961       426.67
    1372.159     0.998047       170023       512.00
    1376.255     0.998242       170060       568.89
    1380.351     0.998437       170089       640.00
    1384.447     0.998633       170124       731.43
    1392.639     0.998828       170160       853.33
    1398.783     0.999023       170188      1024.00
    1403.903     0.999121       170209      1137.78
    1409.023     0.999219       170220      1280.00
    1416.191     0.999316       170237      1462.86
    1425.407     0.999414       170256      1706.67
    1431.551     0.999512       170271      2048.00
    1436.671     0.999561       170281      2275.56
    1439.743     0.999609       170288      2560.00
    1442.815     0.999658       170297      2925.71
    1449.983     0.999707       170305      3413.33
    1456.127     0.999756       170313      4096.00
    1459.199     0.999780       170316      4551.11
    1469.439     0.999805       170320      5120.00
    1482.751     0.999829       170324      5851.43
    1487.871     0.999854       170330      6826.67
    1501.183     0.999878       170333      8192.00
    1504.255     0.999890       170335      9102.22
    1506.303     0.999902       170339     10240.00
    1506.303     0.999915       170339     11702.86
    1510.399     0.999927       170341     13653.33
    1512.447     0.999939       170344     16384.00
    1512.447     0.999945       170344     18204.44
    1513.471     0.999951       170345     20480.00
    1516.543     0.999957       170348     23405.71
    1516.543     0.999963       170348     27306.67
    1516.543     0.999969       170348     32768.00
    1520.639     0.999973       170349     36408.89
    1520.639     0.999976       170349     40960.00
    1523.711     0.999979       170350     46811.43
    1523.711     0.999982       170350     54613.33
    1524.735     0.999985       170352     65536.00
    1524.735     0.999986       170352     72817.78
    1524.735     0.999988       170352     81920.00
    1524.735     0.999989       170352     93622.86
    1524.735     0.999991       170352    109226.67
    1524.735     0.999992       170352    131072.00
    1524.735     0.999993       170352    145635.56
    1524.735     0.999994       170352    163840.00
    1525.759     0.999995       170353    187245.71
    1525.759     1.000000       170353          inf
#[Mean    =      492.022, StdDeviation   =      408.218]
#[Max     =     1524.736, Total count    =       170353]
#[Buckets =           27, SubBuckets     =         2048]
-----------------------------------------------------------------------
  201016 requests in 1.00m, 31.17MB read
Requests/sec:   3357.84  
Transfer/sec:    533.16KB

=== rps=3600 c=648 t=65 url=http://10.10.1.1:4768 ===
setup: assigned thread_id=1
init: final thread_id=1, base_seed=nil
setup: assigned thread_id=2
init: final thread_id=2, base_seed=nil
setup: assigned thread_id=3
init: final thread_id=3, base_seed=nil
setup: assigned thread_id=4
init: final thread_id=4, base_seed=nil
setup: assigned thread_id=5
init: final thread_id=5, base_seed=nil
setup: assigned thread_id=6
init: final thread_id=6, base_seed=nil
setup: assigned thread_id=7
init: final thread_id=7, base_seed=nil
setup: assigned thread_id=8
init: final thread_id=8, base_seed=nil
setup: assigned thread_id=9
init: final thread_id=9, base_seed=nil
setup: assigned thread_id=10
init: final thread_id=10, base_seed=nil
setup: assigned thread_id=11
init: final thread_id=11, base_seed=nil
setup: assigned thread_id=12
init: final thread_id=12, base_seed=nil
setup: assigned thread_id=13
init: final thread_id=13, base_seed=nil
setup: assigned thread_id=14
init: final thread_id=14, base_seed=nil
setup: assigned thread_id=15
init: final thread_id=15, base_seed=nil
setup: assigned thread_id=16
init: final thread_id=16, base_seed=nil
setup: assigned thread_id=17
init: final thread_id=17, base_seed=nil
setup: assigned thread_id=18
init: final thread_id=18, base_seed=nil
setup: assigned thread_id=19
init: final thread_id=19, base_seed=nil
setup: assigned thread_id=20
init: final thread_id=20, base_seed=nil
setup: assigned thread_id=21
init: final thread_id=21, base_seed=nil
setup: assigned thread_id=22
init: final thread_id=22, base_seed=nil
setup: assigned thread_id=23
init: final thread_id=23, base_seed=nil
setup: assigned thread_id=24
init: final thread_id=24, base_seed=nil
setup: assigned thread_id=25
init: final thread_id=25, base_seed=nil
setup: assigned thread_id=26
init: final thread_id=26, base_seed=nil
setup: assigned thread_id=27
init: final thread_id=27, base_seed=nil
setup: assigned thread_id=28
init: final thread_id=28, base_seed=nil
setup: assigned thread_id=29
init: final thread_id=29, base_seed=nil
setup: assigned thread_id=30
init: final thread_id=30, base_seed=nil
setup: assigned thread_id=31
init: final thread_id=31, base_seed=nil
setup: assigned thread_id=32
init: final thread_id=32, base_seed=nil
setup: assigned thread_id=33
init: final thread_id=33, base_seed=nil
setup: assigned thread_id=34
init: final thread_id=34, base_seed=nil
setup: assigned thread_id=35
init: final thread_id=35, base_seed=nil
setup: assigned thread_id=36
init: final thread_id=36, base_seed=nil
setup: assigned thread_id=37
init: final thread_id=37, base_seed=nil
setup: assigned thread_id=38
init: final thread_id=38, base_seed=nil
setup: assigned thread_id=39
init: final thread_id=39, base_seed=nil
setup: assigned thread_id=40
init: final thread_id=40, base_seed=nil
setup: assigned thread_id=41
init: final thread_id=41, base_seed=nil
setup: assigned thread_id=42
init: final thread_id=42, base_seed=nil
setup: assigned thread_id=43
init: final thread_id=43, base_seed=nil
setup: assigned thread_id=44
init: final thread_id=44, base_seed=nil
setup: assigned thread_id=45
init: final thread_id=45, base_seed=nil
setup: assigned thread_id=46
init: final thread_id=46, base_seed=nil
setup: assigned thread_id=47
init: final thread_id=47, base_seed=nil
setup: assigned thread_id=48
init: final thread_id=48, base_seed=nil
setup: assigned thread_id=49
init: final thread_id=49, base_seed=nil
setup: assigned thread_id=50
init: final thread_id=50, base_seed=nil
setup: assigned thread_id=51
init: final thread_id=51, base_seed=nil
setup: assigned thread_id=52
init: final thread_id=52, base_seed=nil
setup: assigned thread_id=53
init: final thread_id=53, base_seed=nil
setup: assigned thread_id=54
init: final thread_id=54, base_seed=nil
setup: assigned thread_id=55
init: final thread_id=55, base_seed=nil
setup: assigned thread_id=56
init: final thread_id=56, base_seed=nil
setup: assigned thread_id=57
init: final thread_id=57, base_seed=nil
setup: assigned thread_id=58
init: final thread_id=58, base_seed=nil
setup: assigned thread_id=59
init: final thread_id=59, base_seed=nil
setup: assigned thread_id=60
init: final thread_id=60, base_seed=nil
setup: assigned thread_id=61
init: final thread_id=61, base_seed=nil
setup: assigned thread_id=62
init: final thread_id=62, base_seed=nil
setup: assigned thread_id=63
init: final thread_id=63, base_seed=nil
setup: assigned thread_id=64
init: final thread_id=64, base_seed=nil
setup: assigned thread_id=65
init: final thread_id=65, base_seed=nil
script_want_response
Running 1m test @ http://10.10.1.1:4768
  65 threads and 648 connections

  Thread calibration: mean lat.: 615.887ms, rate sampling interval: 1904ms
  Thread calibration: mean lat.: 626.593ms, rate sampling interval: 1921ms
  Thread calibration: mean lat.: 593.965ms, rate sampling interval: 1857ms
  Thread calibration: mean lat.: 602.532ms, rate sampling interval: 1930ms
  Thread calibration: mean lat.: 577.195ms, rate sampling interval: 1795ms
  Thread calibration: mean lat.: 583.483ms, rate sampling interval: 1818ms
  Thread calibration: mean lat.: 556.345ms, rate sampling interval: 1734ms
  Thread calibration: mean lat.: 585.415ms, rate sampling interval: 1867ms
  Thread calibration: mean lat.: 601.732ms, rate sampling interval: 1824ms
  Thread calibration: mean lat.: 553.809ms, rate sampling interval: 1710ms
  Thread calibration: mean lat.: 587.975ms, rate sampling interval: 1842ms
  Thread calibration: mean lat.: 554.776ms, rate sampling interval: 1790ms
  Thread calibration: mean lat.: 598.577ms, rate sampling interval: 1784ms
  Thread calibration: mean lat.: 615.679ms, rate sampling interval: 1911ms
  Thread calibration: mean lat.: 592.082ms, rate sampling interval: 1859ms
  Thread calibration: mean lat.: 589.858ms, rate sampling interval: 1756ms
  Thread calibration: mean lat.: 596.958ms, rate sampling interval: 1844ms
  Thread calibration: mean lat.: 560.474ms, rate sampling interval: 1801ms
  Thread calibration: mean lat.: 566.454ms, rate sampling interval: 1863ms
  Thread calibration: mean lat.: 547.522ms, rate sampling interval: 1710ms
  Thread calibration: mean lat.: 567.219ms, rate sampling interval: 1758ms
  Thread calibration: mean lat.: 577.134ms, rate sampling interval: 1768ms
  Thread calibration: mean lat.: 590.372ms, rate sampling interval: 1799ms
  Thread calibration: mean lat.: 591.259ms, rate sampling interval: 1844ms
  Thread calibration: mean lat.: 572.139ms, rate sampling interval: 1747ms
  Thread calibration: mean lat.: 580.877ms, rate sampling interval: 1824ms
  Thread calibration: mean lat.: 612.025ms, rate sampling interval: 1883ms
  Thread calibration: mean lat.: 580.428ms, rate sampling interval: 1804ms
  Thread calibration: mean lat.: 620.217ms, rate sampling interval: 1913ms
  Thread calibration: mean lat.: 542.715ms, rate sampling interval: 1609ms
  Thread calibration: mean lat.: 582.456ms, rate sampling interval: 1743ms
  Thread calibration: mean lat.: 595.946ms, rate sampling interval: 1914ms
  Thread calibration: mean lat.: 577.818ms, rate sampling interval: 1735ms
  Thread calibration: mean lat.: 620.764ms, rate sampling interval: 1900ms
  Thread calibration: mean lat.: 562.311ms, rate sampling interval: 1717ms
  Thread calibration: mean lat.: 601.493ms, rate sampling interval: 1884ms
  Thread calibration: mean lat.: 565.265ms, rate sampling interval: 1768ms
  Thread calibration: mean lat.: 603.354ms, rate sampling interval: 1882ms
  Thread calibration: mean lat.: 552.587ms, rate sampling interval: 1708ms
  Thread calibration: mean lat.: 589.852ms, rate sampling interval: 1811ms
  Thread calibration: mean lat.: 584.495ms, rate sampling interval: 1772ms
  Thread calibration: mean lat.: 618.369ms, rate sampling interval: 1915ms
  Thread calibration: mean lat.: 597.792ms, rate sampling interval: 1836ms
  Thread calibration: mean lat.: 618.772ms, rate sampling interval: 1891ms
  Thread calibration: mean lat.: 582.523ms, rate sampling interval: 1818ms
  Thread calibration: mean lat.: 546.691ms, rate sampling interval: 1619ms
  Thread calibration: mean lat.: 600.992ms, rate sampling interval: 1872ms
  Thread calibration: mean lat.: 582.008ms, rate sampling interval: 1869ms
  Thread calibration: mean lat.: 599.863ms, rate sampling interval: 1885ms
  Thread calibration: mean lat.: 561.454ms, rate sampling interval: 1735ms
  Thread calibration: mean lat.: 557.199ms, rate sampling interval: 1745ms
  Thread calibration: mean lat.: 602.799ms, rate sampling interval: 1824ms
  Thread calibration: mean lat.: 544.450ms, rate sampling interval: 1707ms
  Thread calibration: mean lat.: 577.976ms, rate sampling interval: 1768ms
  Thread calibration: mean lat.: 611.773ms, rate sampling interval: 1903ms
  Thread calibration: mean lat.: 580.253ms, rate sampling interval: 1733ms
  Thread calibration: mean lat.: 607.894ms, rate sampling interval: 1778ms
  Thread calibration: mean lat.: 597.023ms, rate sampling interval: 1821ms
  Thread calibration: mean lat.: 603.916ms, rate sampling interval: 1853ms
  Thread calibration: mean lat.: 595.095ms, rate sampling interval: 1860ms
  Thread calibration: mean lat.: 601.797ms, rate sampling interval: 1903ms
  Thread calibration: mean lat.: 637.011ms, rate sampling interval: 2035ms
  Thread calibration: mean lat.: 604.835ms, rate sampling interval: 1854ms
  Thread calibration: mean lat.: 607.196ms, rate sampling interval: 1808ms
  Thread calibration: mean lat.: 643.035ms, rate sampling interval: 1888ms

-----------------------------------------------------------------------
Test Results @ http://10.10.1.1:4768 
  Thread Stats   Avg      Stdev     99%   +/- Stdev
    Latency     1.10s   496.18ms   2.30s    66.16%
    Req/Sec    53.73      3.21    62.00     79.38%
  Latency Distribution (HdrHistogram - Recorded Latency)
 50.000%    1.04s 
 75.000%    1.44s 
 90.000%    1.78s 
 99.000%    2.30s 
 99.900%    2.59s 
 99.990%    2.77s 
 99.999%    2.83s 
100.000%    2.83s 

  Detailed Percentile spectrum:
       Value   Percentile   TotalCount 1/(1-Percentile)

      78.015     0.000000            1         1.00
     474.111     0.100000        17650         1.11
     657.407     0.200000        35278         1.25
     797.183     0.300000        52913         1.43
     921.599     0.400000        70555         1.67
    1043.967     0.500000        88238         2.00
    1110.015     0.550000        96984         2.22
    1187.839     0.600000       105834         2.50
    1266.687     0.650000       114642         2.86
    1347.583     0.700000       123461         3.33
    1437.695     0.750000       132238         4.00
    1486.847     0.775000       136671         4.44
    1535.999     0.800000       141131         5.00
    1589.247     0.825000       145475         5.71
    1645.567     0.850000       149929         6.67
    1709.055     0.875000       154312         8.00
    1744.895     0.887500       156496         8.89
    1782.783     0.900000       158714        10.00
    1829.887     0.912500       160933        11.43
    1876.991     0.925000       163133        13.33
    1928.191     0.937500       165327        16.00
    1957.887     0.943750       166429        17.78
    1991.679     0.950000       167535        20.00
    2025.471     0.956250       168646        22.86
    2060.287     0.962500       169715        26.67
    2101.247     0.968750       170823        32.00
    2121.727     0.971875       171364        35.56
    2148.351     0.975000       171953        40.00
    2174.975     0.978125       172465        45.71
    2203.647     0.981250       173042        53.33
    2236.415     0.984375       173591        64.00
    2250.751     0.985938       173866        71.11
    2267.135     0.987500       174137        80.00
    2285.567     0.989062       174413        91.43
    2306.047     0.990625       174671       106.67
    2334.719     0.992188       174947       128.00
    2353.151     0.992969       175093       142.22
    2367.487     0.993750       175228       160.00
    2381.823     0.994531       175360       182.86
    2406.399     0.995313       175499       213.33
    2430.975     0.996094       175630       256.00
    2445.311     0.996484       175703       284.44
    2467.839     0.996875       175773       320.00
    2486.271     0.997266       175839       365.71
    2504.703     0.997656       175908       426.67
    2529.279     0.998047       175975       512.00
    2539.519     0.998242       176011       568.89
    2547.711     0.998437       176047       640.00
    2559.999     0.998633       176077       731.43
    2580.479     0.998828       176115       853.33
    2594.815     0.999023       176145      1024.00
    2607.103     0.999121       176164      1137.78
    2615.295     0.999219       176183      1280.00
    2623.487     0.999316       176197      1462.86
    2643.967     0.999414       176214      1706.67
    2656.255     0.999512       176236      2048.00
    2662.399     0.999561       176240      2275.56
    2680.831     0.999609       176249      2560.00
    2695.167     0.999658       176257      2925.71
    2711.551     0.999707       176267      3413.33
    2723.839     0.999756       176276      4096.00
    2727.935     0.999780       176279      4551.11
    2736.127     0.999805       176283      5120.00
    2742.271     0.999829       176288      5851.43
    2746.367     0.999854       176292      6826.67
    2766.847     0.999878       176298      8192.00
    2766.847     0.999890       176298      9102.22
    2768.895     0.999902       176300     10240.00
    2772.991     0.999915       176302     11702.86
    2779.135     0.999927       176307     13653.33
    2779.135     0.999939       176307     16384.00
    2781.183     0.999945       176308     18204.44
    2793.471     0.999951       176309     20480.00
    2797.567     0.999957       176310     23405.71
    2803.711     0.999963       176311     27306.67
    2818.047     0.999969       176312     32768.00
    2820.095     0.999973       176313     36408.89
    2820.095     0.999976       176313     40960.00
    2822.143     0.999979       176314     46811.43
    2822.143     0.999982       176314     54613.33
    2826.239     0.999985       176316     65536.00
    2826.239     0.999986       176316     72817.78
    2826.239     0.999988       176316     81920.00
    2826.239     0.999989       176316     93622.86
    2826.239     0.999991       176316    109226.67
    2826.239     0.999992       176316    131072.00
    2826.239     0.999993       176316    145635.56
    2826.239     0.999994       176316    163840.00
    2830.335     0.999995       176317    187245.71
    2830.335     1.000000       176317          inf
#[Mean    =     1096.813, StdDeviation   =      496.184]
#[Max     =     2828.288, Total count    =       176317]
#[Buckets =           27, SubBuckets     =         2048]
-----------------------------------------------------------------------
  208472 requests in 1.00m, 32.33MB read
Requests/sec:   3481.06  
Transfer/sec:    552.84KB

=== rps=3800 c=722 t=73 url=http://10.10.1.1:4768 ===
setup: assigned thread_id=1
init: final thread_id=1, base_seed=nil
setup: assigned thread_id=2
init: final thread_id=2, base_seed=nil
setup: assigned thread_id=3
init: final thread_id=3, base_seed=nil
setup: assigned thread_id=4
init: final thread_id=4, base_seed=nil
setup: assigned thread_id=5
init: final thread_id=5, base_seed=nil
setup: assigned thread_id=6
init: final thread_id=6, base_seed=nil
setup: assigned thread_id=7
init: final thread_id=7, base_seed=nil
setup: assigned thread_id=8
init: final thread_id=8, base_seed=nil
setup: assigned thread_id=9
init: final thread_id=9, base_seed=nil
setup: assigned thread_id=10
init: final thread_id=10, base_seed=nil
setup: assigned thread_id=11
init: final thread_id=11, base_seed=nil
setup: assigned thread_id=12
init: final thread_id=12, base_seed=nil
setup: assigned thread_id=13
init: final thread_id=13, base_seed=nil
setup: assigned thread_id=14
init: final thread_id=14, base_seed=nil
setup: assigned thread_id=15
init: final thread_id=15, base_seed=nil
setup: assigned thread_id=16
init: final thread_id=16, base_seed=nil
setup: assigned thread_id=17
init: final thread_id=17, base_seed=nil
setup: assigned thread_id=18
init: final thread_id=18, base_seed=nil
setup: assigned thread_id=19
init: final thread_id=19, base_seed=nil
setup: assigned thread_id=20
init: final thread_id=20, base_seed=nil
setup: assigned thread_id=21
init: final thread_id=21, base_seed=nil
setup: assigned thread_id=22
init: final thread_id=22, base_seed=nil
setup: assigned thread_id=23
init: final thread_id=23, base_seed=nil
setup: assigned thread_id=24
init: final thread_id=24, base_seed=nil
setup: assigned thread_id=25
init: final thread_id=25, base_seed=nil
setup: assigned thread_id=26
init: final thread_id=26, base_seed=nil
setup: assigned thread_id=27
init: final thread_id=27, base_seed=nil
setup: assigned thread_id=28
init: final thread_id=28, base_seed=nil
setup: assigned thread_id=29
init: final thread_id=29, base_seed=nil
setup: assigned thread_id=30
init: final thread_id=30, base_seed=nil
setup: assigned thread_id=31
init: final thread_id=31, base_seed=nil
setup: assigned thread_id=32
init: final thread_id=32, base_seed=nil
setup: assigned thread_id=33
init: final thread_id=33, base_seed=nil
setup: assigned thread_id=34
init: final thread_id=34, base_seed=nil
setup: assigned thread_id=35
init: final thread_id=35, base_seed=nil
setup: assigned thread_id=36
init: final thread_id=36, base_seed=nil
setup: assigned thread_id=37
init: final thread_id=37, base_seed=nil
setup: assigned thread_id=38
init: final thread_id=38, base_seed=nil
setup: assigned thread_id=39
init: final thread_id=39, base_seed=nil
setup: assigned thread_id=40
init: final thread_id=40, base_seed=nil
setup: assigned thread_id=41
init: final thread_id=41, base_seed=nil
setup: assigned thread_id=42
init: final thread_id=42, base_seed=nil
setup: assigned thread_id=43
init: final thread_id=43, base_seed=nil
setup: assigned thread_id=44
init: final thread_id=44, base_seed=nil
setup: assigned thread_id=45
init: final thread_id=45, base_seed=nil
setup: assigned thread_id=46
init: final thread_id=46, base_seed=nil
setup: assigned thread_id=47
init: final thread_id=47, base_seed=nil
setup: assigned thread_id=48
init: final thread_id=48, base_seed=nil
setup: assigned thread_id=49
init: final thread_id=49, base_seed=nil
setup: assigned thread_id=50
init: final thread_id=50, base_seed=nil
setup: assigned thread_id=51
init: final thread_id=51, base_seed=nil
setup: assigned thread_id=52
init: final thread_id=52, base_seed=nil
setup: assigned thread_id=53
init: final thread_id=53, base_seed=nil
setup: assigned thread_id=54
init: final thread_id=54, base_seed=nil
setup: assigned thread_id=55
init: final thread_id=55, base_seed=nil
setup: assigned thread_id=56
init: final thread_id=56, base_seed=nil
setup: assigned thread_id=57
init: final thread_id=57, base_seed=nil
setup: assigned thread_id=58
init: final thread_id=58, base_seed=nil
setup: assigned thread_id=59
init: final thread_id=59, base_seed=nil
setup: assigned thread_id=60
init: final thread_id=60, base_seed=nil
setup: assigned thread_id=61
init: final thread_id=61, base_seed=nil
setup: assigned thread_id=62
init: final thread_id=62, base_seed=nil
setup: assigned thread_id=63
init: final thread_id=63, base_seed=nil
setup: assigned thread_id=64
init: final thread_id=64, base_seed=nil
setup: assigned thread_id=65
init: final thread_id=65, base_seed=nil
setup: assigned thread_id=66
init: final thread_id=66, base_seed=nil
setup: assigned thread_id=67
init: final thread_id=67, base_seed=nil
setup: assigned thread_id=68
init: final thread_id=68, base_seed=nil
setup: assigned thread_id=69
init: final thread_id=69, base_seed=nil
setup: assigned thread_id=70
init: final thread_id=70, base_seed=nil
setup: assigned thread_id=71
init: final thread_id=71, base_seed=nil
setup: assigned thread_id=72
init: final thread_id=72, base_seed=nil
setup: assigned thread_id=73
init: final thread_id=73, base_seed=nil
script_want_response
Running 1m test @ http://10.10.1.1:4768
  73 threads and 722 connections

  Thread calibration: mean lat.: 112.198ms, rate sampling interval: 496ms
  Thread calibration: mean lat.: 117.040ms, rate sampling interval: 567ms
  Thread calibration: mean lat.: 117.563ms, rate sampling interval: 524ms
  Thread calibration: mean lat.: 115.016ms, rate sampling interval: 510ms
  Thread calibration: mean lat.: 114.872ms, rate sampling interval: 496ms
  Thread calibration: mean lat.: 110.628ms, rate sampling interval: 473ms
  Thread calibration: mean lat.: 112.373ms, rate sampling interval: 494ms
  Thread calibration: mean lat.: 109.968ms, rate sampling interval: 472ms
  Thread calibration: mean lat.: 108.885ms, rate sampling interval: 469ms
  Thread calibration: mean lat.: 106.614ms, rate sampling interval: 456ms
  Thread calibration: mean lat.: 107.447ms, rate sampling interval: 488ms
  Thread calibration: mean lat.: 105.804ms, rate sampling interval: 457ms
  Thread calibration: mean lat.: 102.039ms, rate sampling interval: 442ms
  Thread calibration: mean lat.: 98.734ms, rate sampling interval: 433ms
  Thread calibration: mean lat.: 100.336ms, rate sampling interval: 433ms
  Thread calibration: mean lat.: 97.005ms, rate sampling interval: 432ms
  Thread calibration: mean lat.: 96.003ms, rate sampling interval: 433ms
  Thread calibration: mean lat.: 96.660ms, rate sampling interval: 432ms
  Thread calibration: mean lat.: 97.772ms, rate sampling interval: 441ms
  Thread calibration: mean lat.: 101.040ms, rate sampling interval: 501ms
  Thread calibration: mean lat.: 102.808ms, rate sampling interval: 512ms
  Thread calibration: mean lat.: 97.952ms, rate sampling interval: 450ms
  Thread calibration: mean lat.: 98.014ms, rate sampling interval: 493ms
  Thread calibration: mean lat.: 94.916ms, rate sampling interval: 488ms
  Thread calibration: mean lat.: 95.854ms, rate sampling interval: 516ms
  Thread calibration: mean lat.: 95.105ms, rate sampling interval: 517ms
  Thread calibration: mean lat.: 89.463ms, rate sampling interval: 472ms
  Thread calibration: mean lat.: 90.075ms, rate sampling interval: 503ms
  Thread calibration: mean lat.: 86.402ms, rate sampling interval: 462ms
  Thread calibration: mean lat.: 90.629ms, rate sampling interval: 481ms
  Thread calibration: mean lat.: 88.523ms, rate sampling interval: 443ms
  Thread calibration: mean lat.: 93.404ms, rate sampling interval: 492ms
  Thread calibration: mean lat.: 92.625ms, rate sampling interval: 455ms
  Thread calibration: mean lat.: 96.003ms, rate sampling interval: 482ms
  Thread calibration: mean lat.: 99.405ms, rate sampling interval: 481ms
  Thread calibration: mean lat.: 98.956ms, rate sampling interval: 461ms
  Thread calibration: mean lat.: 101.511ms, rate sampling interval: 449ms
  Thread calibration: mean lat.: 102.863ms, rate sampling interval: 472ms
  Thread calibration: mean lat.: 103.383ms, rate sampling interval: 443ms
  Thread calibration: mean lat.: 107.336ms, rate sampling interval: 466ms
  Thread calibration: mean lat.: 107.782ms, rate sampling interval: 474ms
  Thread calibration: mean lat.: 107.919ms, rate sampling interval: 471ms
  Thread calibration: mean lat.: 109.472ms, rate sampling interval: 469ms
  Thread calibration: mean lat.: 111.375ms, rate sampling interval: 468ms
  Thread calibration: mean lat.: 107.482ms, rate sampling interval: 441ms
  Thread calibration: mean lat.: 114.125ms, rate sampling interval: 487ms
  Thread calibration: mean lat.: 112.509ms, rate sampling interval: 472ms
  Thread calibration: mean lat.: 111.619ms, rate sampling interval: 466ms
  Thread calibration: mean lat.: 115.446ms, rate sampling interval: 491ms
  Thread calibration: mean lat.: 109.122ms, rate sampling interval: 473ms
  Thread calibration: mean lat.: 111.897ms, rate sampling interval: 506ms
  Thread calibration: mean lat.: 111.887ms, rate sampling interval: 497ms
  Thread calibration: mean lat.: 110.208ms, rate sampling interval: 496ms
  Thread calibration: mean lat.: 111.459ms, rate sampling interval: 489ms
  Thread calibration: mean lat.: 109.924ms, rate sampling interval: 504ms
  Thread calibration: mean lat.: 111.061ms, rate sampling interval: 503ms
  Thread calibration: mean lat.: 111.816ms, rate sampling interval: 486ms
  Thread calibration: mean lat.: 110.979ms, rate sampling interval: 506ms
  Thread calibration: mean lat.: 113.983ms, rate sampling interval: 518ms
  Thread calibration: mean lat.: 112.982ms, rate sampling interval: 492ms
  Thread calibration: mean lat.: 115.589ms, rate sampling interval: 511ms
  Thread calibration: mean lat.: 112.448ms, rate sampling interval: 498ms
  Thread calibration: mean lat.: 115.242ms, rate sampling interval: 486ms
  Thread calibration: mean lat.: 111.074ms, rate sampling interval: 468ms
  Thread calibration: mean lat.: 111.632ms, rate sampling interval: 477ms
  Thread calibration: mean lat.: 115.516ms, rate sampling interval: 487ms
  Thread calibration: mean lat.: 115.922ms, rate sampling interval: 481ms
  Thread calibration: mean lat.: 114.992ms, rate sampling interval: 484ms
  Thread calibration: mean lat.: 114.772ms, rate sampling interval: 474ms
  Thread calibration: mean lat.: 112.831ms, rate sampling interval: 473ms
  Thread calibration: mean lat.: 122.829ms, rate sampling interval: 539ms
  Thread calibration: mean lat.: 112.442ms, rate sampling interval: 455ms
  Thread calibration: mean lat.: 113.308ms, rate sampling interval: 479ms

-----------------------------------------------------------------------
Test Results @ http://10.10.1.1:4768 
  Thread Stats   Avg      Stdev     99%   +/- Stdev
    Latency     1.35s   446.75ms   2.79s    75.03%
    Req/Sec    49.82      5.25    61.00     77.64%
  Latency Distribution (HdrHistogram - Recorded Latency)
 50.000%    1.34s 
 75.000%    1.58s 
 90.000%    1.86s 
 99.000%    2.79s 
 99.900%    3.32s 
 99.990%    3.65s 
 99.999%    3.80s 
100.000%    3.85s 

  Detailed Percentile spectrum:
       Value   Percentile   TotalCount 1/(1-Percentile)

     199.167     0.000000            1         1.00
     828.415     0.100000        18301         1.11
    1026.559     0.200000        36575         1.25
    1154.047     0.300000        54995         1.43
    1255.423     0.400000        73295         1.67
    1343.487     0.500000        91618         2.00
    1384.447     0.550000       100600         2.22
    1429.503     0.600000       109908         2.50
    1474.559     0.650000       118974         2.86
    1523.711     0.700000       128112         3.33
    1582.079     0.750000       137194         4.00
    1612.799     0.775000       141745         4.44
    1645.567     0.800000       146399         5.00
    1681.407     0.825000       150936         5.71
    1728.511     0.850000       155513         6.67
    1783.807     0.875000       160004         8.00
    1819.647     0.887500       162359         8.89
    1856.511     0.900000       164589        10.00
    1899.519     0.912500       166860        11.43
    1952.767     0.925000       169165        13.33
    2020.351     0.937500       171453        16.00
    2068.479     0.943750       172582        17.78
    2121.727     0.950000       173760        20.00
    2177.023     0.956250       174883        22.86
    2240.511     0.962500       176013        26.67
    2316.287     0.968750       177172        32.00
    2357.247     0.971875       177721        35.56
    2410.495     0.975000       178309        40.00
    2467.839     0.978125       178868        45.71
    2537.471     0.981250       179433        53.33
    2613.247     0.984375       180002        64.00
    2658.303     0.985938       180291        71.11
    2707.455     0.987500       180580        80.00
    2756.607     0.989062       180861        91.43
    2809.855     0.990625       181145       106.67
    2867.199     0.992188       181436       128.00
    2897.919     0.992969       181581       142.22
    2934.783     0.993750       181719       160.00
    2971.647     0.994531       181866       182.86
    3012.607     0.995313       182006       213.33
    3051.519     0.996094       182153       256.00
    3069.951     0.996484       182222       284.44
    3096.575     0.996875       182288       320.00
    3135.487     0.997266       182363       365.71
    3166.207     0.997656       182431       426.67
    3196.927     0.998047       182504       512.00
    3221.503     0.998242       182539       568.89
    3248.127     0.998437       182574       640.00
    3270.655     0.998633       182610       731.43
    3297.279     0.998828       182646       853.33
    3321.855     0.999023       182683      1024.00
    3342.335     0.999121       182699      1137.78
    3358.719     0.999219       182718      1280.00
    3375.103     0.999316       182734      1462.86
    3395.583     0.999414       182754      1706.67
    3418.111     0.999512       182771      2048.00
    3434.495     0.999561       182779      2275.56
    3450.879     0.999609       182788      2560.00
    3467.263     0.999658       182797      2925.71
    3479.551     0.999707       182807      3413.33
    3497.983     0.999756       182815      4096.00
    3518.463     0.999780       182821      4551.11
    3524.607     0.999805       182824      5120.00
    3543.039     0.999829       182828      5851.43
    3561.471     0.999854       182833      6826.67
    3618.815     0.999878       182837      8192.00
    3637.247     0.999890       182839      9102.22
    3649.535     0.999902       182842     10240.00
    3663.871     0.999915       182844     11702.86
    3674.111     0.999927       182846     13653.33
    3698.687     0.999939       182849     16384.00
    3698.687     0.999945       182849     18204.44
    3727.359     0.999951       182851     20480.00
    3729.407     0.999957       182852     23405.71
    3737.599     0.999963       182853     27306.67
    3745.791     0.999969       182854     32768.00
    3745.791     0.999973       182854     36408.89
    3768.319     0.999976       182855     40960.00
    3794.943     0.999979       182856     46811.43
    3794.943     0.999982       182856     54613.33
    3801.087     0.999985       182857     65536.00
    3801.087     0.999986       182857     72817.78
    3801.087     0.999988       182857     81920.00
    3823.615     0.999989       182858     93622.86
    3823.615     0.999991       182858    109226.67
    3823.615     0.999992       182858    131072.00
    3823.615     0.999993       182858    145635.56
    3823.615     0.999994       182858    163840.00
    3850.239     0.999995       182859    187245.71
    3850.239     1.000000       182859          inf
#[Mean    =     1353.957, StdDeviation   =      446.748]
#[Max     =     3848.192, Total count    =       182859]
#[Buckets =           27, SubBuckets     =         2048]
-----------------------------------------------------------------------
  219143 requests in 1.00m, 33.98MB read
Requests/sec:   3663.19  
Transfer/sec:    581.69KB

=== rps=4000 c=800 t=80 url=http://10.10.1.1:4768 ===
setup: assigned thread_id=1
init: final thread_id=1, base_seed=nil
setup: assigned thread_id=2
init: final thread_id=2, base_seed=nil
setup: assigned thread_id=3
init: final thread_id=3, base_seed=nil
setup: assigned thread_id=4
init: final thread_id=4, base_seed=nil
setup: assigned thread_id=5
init: final thread_id=5, base_seed=nil
setup: assigned thread_id=6
init: final thread_id=6, base_seed=nil
setup: assigned thread_id=7
init: final thread_id=7, base_seed=nil
setup: assigned thread_id=8
init: final thread_id=8, base_seed=nil
setup: assigned thread_id=9
init: final thread_id=9, base_seed=nil
setup: assigned thread_id=10
init: final thread_id=10, base_seed=nil
setup: assigned thread_id=11
init: final thread_id=11, base_seed=nil
setup: assigned thread_id=12
init: final thread_id=12, base_seed=nil
setup: assigned thread_id=13
init: final thread_id=13, base_seed=nil
setup: assigned thread_id=14
init: final thread_id=14, base_seed=nil
setup: assigned thread_id=15
init: final thread_id=15, base_seed=nil
setup: assigned thread_id=16
init: final thread_id=16, base_seed=nil
setup: assigned thread_id=17
init: final thread_id=17, base_seed=nil
setup: assigned thread_id=18
init: final thread_id=18, base_seed=nil
setup: assigned thread_id=19
init: final thread_id=19, base_seed=nil
setup: assigned thread_id=20
init: final thread_id=20, base_seed=nil
setup: assigned thread_id=21
init: final thread_id=21, base_seed=nil
setup: assigned thread_id=22
init: final thread_id=22, base_seed=nil
setup: assigned thread_id=23
init: final thread_id=23, base_seed=nil
setup: assigned thread_id=24
init: final thread_id=24, base_seed=nil
setup: assigned thread_id=25
init: final thread_id=25, base_seed=nil
setup: assigned thread_id=26
init: final thread_id=26, base_seed=nil
setup: assigned thread_id=27
init: final thread_id=27, base_seed=nil
setup: assigned thread_id=28
init: final thread_id=28, base_seed=nil
setup: assigned thread_id=29
init: final thread_id=29, base_seed=nil
setup: assigned thread_id=30
init: final thread_id=30, base_seed=nil
setup: assigned thread_id=31
init: final thread_id=31, base_seed=nil
setup: assigned thread_id=32
init: final thread_id=32, base_seed=nil
setup: assigned thread_id=33
init: final thread_id=33, base_seed=nil
setup: assigned thread_id=34
init: final thread_id=34, base_seed=nil
setup: assigned thread_id=35
init: final thread_id=35, base_seed=nil
setup: assigned thread_id=36
init: final thread_id=36, base_seed=nil
setup: assigned thread_id=37
init: final thread_id=37, base_seed=nil
setup: assigned thread_id=38
init: final thread_id=38, base_seed=nil
setup: assigned thread_id=39
init: final thread_id=39, base_seed=nil
setup: assigned thread_id=40
init: final thread_id=40, base_seed=nil
setup: assigned thread_id=41
init: final thread_id=41, base_seed=nil
setup: assigned thread_id=42
init: final thread_id=42, base_seed=nil
setup: assigned thread_id=43
init: final thread_id=43, base_seed=nil
setup: assigned thread_id=44
init: final thread_id=44, base_seed=nil
setup: assigned thread_id=45
init: final thread_id=45, base_seed=nil
setup: assigned thread_id=46
init: final thread_id=46, base_seed=nil
setup: assigned thread_id=47
init: final thread_id=47, base_seed=nil
setup: assigned thread_id=48
init: final thread_id=48, base_seed=nil
setup: assigned thread_id=49
init: final thread_id=49, base_seed=nil
setup: assigned thread_id=50
init: final thread_id=50, base_seed=nil
setup: assigned thread_id=51
init: final thread_id=51, base_seed=nil
setup: assigned thread_id=52
init: final thread_id=52, base_seed=nil
setup: assigned thread_id=53
init: final thread_id=53, base_seed=nil
setup: assigned thread_id=54
init: final thread_id=54, base_seed=nil
setup: assigned thread_id=55
init: final thread_id=55, base_seed=nil
setup: assigned thread_id=56
init: final thread_id=56, base_seed=nil
setup: assigned thread_id=57
init: final thread_id=57, base_seed=nil
setup: assigned thread_id=58
init: final thread_id=58, base_seed=nil
setup: assigned thread_id=59
init: final thread_id=59, base_seed=nil
setup: assigned thread_id=60
init: final thread_id=60, base_seed=nil
setup: assigned thread_id=61
init: final thread_id=61, base_seed=nil
setup: assigned thread_id=62
init: final thread_id=62, base_seed=nil
setup: assigned thread_id=63
init: final thread_id=63, base_seed=nil
setup: assigned thread_id=64
init: final thread_id=64, base_seed=nil
setup: assigned thread_id=65
init: final thread_id=65, base_seed=nil
setup: assigned thread_id=66
init: final thread_id=66, base_seed=nil
setup: assigned thread_id=67
init: final thread_id=67, base_seed=nil
setup: assigned thread_id=68
init: final thread_id=68, base_seed=nil
setup: assigned thread_id=69
init: final thread_id=69, base_seed=nil
setup: assigned thread_id=70
init: final thread_id=70, base_seed=nil
setup: assigned thread_id=71
init: final thread_id=71, base_seed=nil
setup: assigned thread_id=72
init: final thread_id=72, base_seed=nil
setup: assigned thread_id=73
init: final thread_id=73, base_seed=nil
setup: assigned thread_id=74
init: final thread_id=74, base_seed=nil
setup: assigned thread_id=75
init: final thread_id=75, base_seed=nil
setup: assigned thread_id=76
init: final thread_id=76, base_seed=nil
setup: assigned thread_id=77
init: final thread_id=77, base_seed=nil
setup: assigned thread_id=78
init: final thread_id=78, base_seed=nil
setup: assigned thread_id=79
init: final thread_id=79, base_seed=nil
setup: assigned thread_id=80
init: final thread_id=80, base_seed=nil
script_want_response
Running 1m test @ http://10.10.1.1:4768
  80 threads and 800 connections

  Thread calibration: mean lat.: 278.802ms, rate sampling interval: 846ms
  Thread calibration: mean lat.: 311.087ms, rate sampling interval: 1021ms
  Thread calibration: mean lat.: 288.545ms, rate sampling interval: 932ms
  Thread calibration: mean lat.: 276.014ms, rate sampling interval: 767ms
  Thread calibration: mean lat.: 313.234ms, rate sampling interval: 944ms
  Thread calibration: mean lat.: 327.444ms, rate sampling interval: 1044ms
  Thread calibration: mean lat.: 295.744ms, rate sampling interval: 1000ms
  Thread calibration: mean lat.: 304.056ms, rate sampling interval: 921ms
  Thread calibration: mean lat.: 314.726ms, rate sampling interval: 1001ms
  Thread calibration: mean lat.: 294.985ms, rate sampling interval: 902ms
  Thread calibration: mean lat.: 326.024ms, rate sampling interval: 1042ms
  Thread calibration: mean lat.: 264.475ms, rate sampling interval: 771ms
  Thread calibration: mean lat.: 292.747ms, rate sampling interval: 890ms
  Thread calibration: mean lat.: 258.601ms, rate sampling interval: 732ms
  Thread calibration: mean lat.: 323.372ms, rate sampling interval: 1004ms
  Thread calibration: mean lat.: 341.200ms, rate sampling interval: 1226ms
  Thread calibration: mean lat.: 306.909ms, rate sampling interval: 933ms
  Thread calibration: mean lat.: 299.295ms, rate sampling interval: 913ms
  Thread calibration: mean lat.: 285.443ms, rate sampling interval: 834ms
  Thread calibration: mean lat.: 328.329ms, rate sampling interval: 1105ms
  Thread calibration: mean lat.: 280.005ms, rate sampling interval: 827ms
  Thread calibration: mean lat.: 307.269ms, rate sampling interval: 911ms
  Thread calibration: mean lat.: 277.761ms, rate sampling interval: 855ms
  Thread calibration: mean lat.: 313.578ms, rate sampling interval: 1062ms
  Thread calibration: mean lat.: 311.648ms, rate sampling interval: 1014ms
  Thread calibration: mean lat.: 261.289ms, rate sampling interval: 740ms
  Thread calibration: mean lat.: 263.646ms, rate sampling interval: 772ms
  Thread calibration: mean lat.: 327.388ms, rate sampling interval: 1115ms
  Thread calibration: mean lat.: 289.723ms, rate sampling interval: 900ms
  Thread calibration: mean lat.: 318.494ms, rate sampling interval: 1124ms
  Thread calibration: mean lat.: 254.557ms, rate sampling interval: 762ms
  Thread calibration: mean lat.: 295.782ms, rate sampling interval: 1046ms
  Thread calibration: mean lat.: 299.705ms, rate sampling interval: 899ms
  Thread calibration: mean lat.: 289.996ms, rate sampling interval: 920ms
  Thread calibration: mean lat.: 281.905ms, rate sampling interval: 923ms
  Thread calibration: mean lat.: 306.050ms, rate sampling interval: 1038ms
  Thread calibration: mean lat.: 244.576ms, rate sampling interval: 722ms
  Thread calibration: mean lat.: 264.741ms, rate sampling interval: 827ms
  Thread calibration: mean lat.: 292.819ms, rate sampling interval: 937ms
  Thread calibration: mean lat.: 298.069ms, rate sampling interval: 955ms
  Thread calibration: mean lat.: 273.526ms, rate sampling interval: 838ms
  Thread calibration: mean lat.: 298.832ms, rate sampling interval: 984ms
  Thread calibration: mean lat.: 305.746ms, rate sampling interval: 1010ms
  Thread calibration: mean lat.: 285.970ms, rate sampling interval: 936ms
  Thread calibration: mean lat.: 274.570ms, rate sampling interval: 864ms
  Thread calibration: mean lat.: 280.237ms, rate sampling interval: 826ms
  Thread calibration: mean lat.: 304.581ms, rate sampling interval: 981ms
  Thread calibration: mean lat.: 302.979ms, rate sampling interval: 1012ms
  Thread calibration: mean lat.: 288.239ms, rate sampling interval: 861ms
  Thread calibration: mean lat.: 287.707ms, rate sampling interval: 914ms
  Thread calibration: mean lat.: 336.020ms, rate sampling interval: 1129ms
  Thread calibration: mean lat.: 315.549ms, rate sampling interval: 1072ms
  Thread calibration: mean lat.: 294.605ms, rate sampling interval: 926ms
  Thread calibration: mean lat.: 279.844ms, rate sampling interval: 851ms
  Thread calibration: mean lat.: 313.351ms, rate sampling interval: 993ms
  Thread calibration: mean lat.: 326.727ms, rate sampling interval: 992ms
  Thread calibration: mean lat.: 333.437ms, rate sampling interval: 1048ms
  Thread calibration: mean lat.: 309.120ms, rate sampling interval: 937ms
  Thread calibration: mean lat.: 317.679ms, rate sampling interval: 983ms
  Thread calibration: mean lat.: 273.873ms, rate sampling interval: 790ms
  Thread calibration: mean lat.: 293.238ms, rate sampling interval: 883ms
  Thread calibration: mean lat.: 287.769ms, rate sampling interval: 887ms
  Thread calibration: mean lat.: 276.048ms, rate sampling interval: 804ms
  Thread calibration: mean lat.: 344.073ms, rate sampling interval: 1089ms
  Thread calibration: mean lat.: 292.281ms, rate sampling interval: 864ms
  Thread calibration: mean lat.: 320.616ms, rate sampling interval: 985ms
  Thread calibration: mean lat.: 294.049ms, rate sampling interval: 913ms
  Thread calibration: mean lat.: 323.957ms, rate sampling interval: 1020ms
  Thread calibration: mean lat.: 308.208ms, rate sampling interval: 935ms
  Thread calibration: mean lat.: 296.819ms, rate sampling interval: 878ms
  Thread calibration: mean lat.: 316.037ms, rate sampling interval: 1011ms
  Thread calibration: mean lat.: 292.344ms, rate sampling interval: 901ms
  Thread calibration: mean lat.: 301.431ms, rate sampling interval: 959ms
  Thread calibration: mean lat.: 329.751ms, rate sampling interval: 1111ms
  Thread calibration: mean lat.: 324.198ms, rate sampling interval: 1016ms
  Thread calibration: mean lat.: 303.067ms, rate sampling interval: 900ms
  Thread calibration: mean lat.: 289.198ms, rate sampling interval: 924ms
  Thread calibration: mean lat.: 365.740ms, rate sampling interval: 1436ms
  Thread calibration: mean lat.: 309.200ms, rate sampling interval: 965ms
  Thread calibration: mean lat.: 297.763ms, rate sampling interval: 928ms

-----------------------------------------------------------------------
Test Results @ http://10.10.1.1:4768 
  Thread Stats   Avg      Stdev     99%   +/- Stdev
    Latency     3.23s     1.98s    8.16s    57.23%
    Req/Sec    43.75      3.46    51.00     82.10%
  Latency Distribution (HdrHistogram - Recorded Latency)
 50.000%    3.11s 
 75.000%    4.88s 
 90.000%    5.75s 
 99.000%    8.16s 
 99.900%    9.11s 
 99.990%    9.45s 
 99.999%    9.60s 
100.000%    9.63s 

  Detailed Percentile spectrum:
       Value   Percentile   TotalCount 1/(1-Percentile)

      78.783     0.000000            1         1.00
     689.151     0.100000        17631         1.11
    1044.991     0.200000        35230         1.25
    1734.655     0.300000        52832         1.43
    2510.847     0.400000        70456         1.67
    3106.815     0.500000        88046         2.00
    3432.447     0.550000        96873         2.22
    3809.279     0.600000       105674         2.50
    4202.495     0.650000       114463         2.86
    4567.039     0.700000       123330         3.33
    4878.335     0.750000       132149         4.00
    5017.599     0.775000       136592         4.44
    5148.671     0.800000       140963         5.00
    5275.647     0.825000       145266         5.71
    5414.911     0.850000       149758         6.67
    5566.463     0.875000       154121         8.00
    5652.479     0.887500       156283         8.89
    5746.687     0.900000       158458        10.00
    5857.279     0.912500       160707        11.43
    5984.255     0.925000       162872        13.33
    6139.903     0.937500       165103        16.00
    6234.111     0.943750       166160        17.78
    6348.799     0.950000       167288        20.00
    6475.775     0.956250       168371        22.86
    6631.423     0.962500       169472        26.67
    6856.703     0.968750       170564        32.00
    6983.679     0.971875       171110        35.56
    7135.231     0.975000       171670        40.00
    7344.127     0.978125       172214        45.71
    7544.831     0.981250       172765        53.33
    7757.823     0.984375       173311        64.00
    7880.703     0.985938       173591        71.11
    7983.103     0.987500       173867        80.00
    8089.599     0.989062       174142        91.43
    8212.479     0.990625       174418       106.67
    8339.455     0.992188       174693       128.00
    8396.799     0.992969       174825       142.22
    8470.527     0.993750       174975       160.00
    8536.063     0.994531       175111       182.86
    8617.983     0.995313       175243       213.33
    8683.519     0.996094       175374       256.00
    8724.479     0.996484       175451       284.44
    8765.439     0.996875       175519       320.00
    8814.591     0.997266       175582       365.71
    8863.743     0.997656       175653       426.67
    8921.087     0.998047       175722       512.00
    8945.663     0.998242       175753       568.89
    8986.623     0.998437       175793       640.00
    9019.391     0.998633       175822       731.43
    9076.735     0.998828       175861       853.33
    9117.695     0.999023       175890      1024.00
    9142.271     0.999121       175908      1137.78
    9166.847     0.999219       175930      1280.00
    9191.423     0.999316       175942      1462.86
    9232.383     0.999414       175960      1706.67
    9265.151     0.999512       175978      2048.00
    9281.535     0.999561       175985      2275.56
    9297.919     0.999609       175994      2560.00
    9314.303     0.999658       176001      2925.71
    9338.879     0.999707       176010      3413.33
    9388.031     0.999756       176021      4096.00
    9396.223     0.999780       176026      4551.11
    9404.415     0.999805       176029      5120.00
    9412.607     0.999829       176034      5851.43
    9428.991     0.999854       176038      6826.67
    9437.183     0.999878       176040      8192.00
    9445.375     0.999890       176043      9102.22
    9453.567     0.999902       176045     10240.00
    9461.759     0.999915       176046     11702.86
    9469.951     0.999927       176049     13653.33
    9486.335     0.999939       176051     16384.00
    9494.527     0.999945       176052     18204.44
    9502.719     0.999951       176053     20480.00
    9510.911     0.999957       176054     23405.71
    9519.103     0.999963       176055     27306.67
    9535.487     0.999969       176056     32768.00
    9543.679     0.999973       176057     36408.89
    9543.679     0.999976       176057     40960.00
    9568.255     0.999979       176058     46811.43
    9568.255     0.999982       176058     54613.33
    9601.023     0.999985       176059     65536.00
    9601.023     0.999986       176059     72817.78
    9601.023     0.999988       176059     81920.00
    9617.407     0.999989       176060     93622.86
    9617.407     0.999991       176060    109226.67
    9617.407     0.999992       176060    131072.00
    9617.407     0.999993       176060    145635.56
    9617.407     0.999994       176060    163840.00
    9625.599     0.999995       176061    187245.71
    9625.599     1.000000       176061          inf
#[Mean    =     3228.656, StdDeviation   =     1981.109]
#[Max     =     9617.408, Total count    =       176061]
#[Buckets =           27, SubBuckets     =         2048]
-----------------------------------------------------------------------
  213296 requests in 1.00m, 33.07MB read
Requests/sec:   3567.34  
Transfer/sec:    566.42KB
