time	phase	step_rps	category	source	metric	value
1781199924	snap	0	otelcol	otelcol-sb-esrev0-ctr-mrm6k	otelcol_exporter_queue_size	0
1781199924	snap	0	otelcol	otelcol-sb-esrev0-ctr-mrm6k	otelcol_processor_batch_batch_send_size_sum	8482
1781199924	snap	0	otelcol	otelcol-sb-esrev0-ctr-mrm6k	otelcol_process_runtime_heap_alloc_bytes	31684688
1781199924	snap	0	otelcol	otelcol-sb-esrev0-ctr-mrm6k	otelcol_exporter_queue_batch_send_size_sum	8482
1781199924	snap	0	otelcol	otelcol-sb-esrev0-ctr-mrm6k	otelcol_process_uptime	71
1781199924	snap	0	otelcol	otelcol-sb-esrev0-ctr-mrm6k	otelcol_processor_outgoing_items	8482
1781199924	snap	0	otelcol	otelcol-sb-esrev0-ctr-mrm6k	otelcol_process_runtime_total_alloc_bytes	52894416
1781199924	snap	0	otelcol	otelcol-sb-esrev0-ctr-mrm6k	otelcol_process_memory_rss	192122880
1781199924	snap	0	otelcol	otelcol-sb-esrev0-ctr-mrm6k	otelcol_process_cpu_seconds	1
1781199924	snap	0	otelcol	otelcol-sb-esrev0-ctr-mrm6k	otelcol_exporter_send_failed_spans	0
1781199924	snap	0	otelcol	otelcol-sb-esrev0-ctr-mrm6k	otelcol_receiver_accepted_spans	8482
1781199924	snap	0	otelcol	otelcol-sb-esrev0-ctr-mrm6k	otelcol_processor_batch_metadata_cardinality	1
1781199924	snap	0	otelcol	otelcol-sb-esrev0-ctr-mrm6k	otelcol_receiver_refused_spans	0
1781199924	snap	0	otelcol	otelcol-sb-esrev0-ctr-mrm6k	otelcol_receiver_failed_spans	0
1781199924	snap	0	otelcol	otelcol-sb-esrev0-ctr-mrm6k	otelcol_processor_batch_timeout_trigger_send	166
1781199924	snap	0	otelcol	otelcol-sb-esrev0-ctr-mrm6k	otelcol_process_runtime_total_sys_memory_bytes	62171416
1781199924	snap	0	otelcol	otelcol-sb-esrev0-ctr-mrm6k	otelcol_exporter_queue_capacity	1001
1781199924	snap	0	otelcol	otelcol-sb-esrev0-ctr-mrm6k	otelcol_processor_incoming_items	8482
1781199924	snap	0	otelcol	otelcol-sb-esrev0-ctr-mrm6k	otelcol_exporter_sent_spans	8482
1781199924	snap	0	otelcol	otelcol-sb-esrev0-ctr-rdtzq	otelcol_process_runtime_total_sys_memory_bytes	62195992
1781199924	snap	0	otelcol	otelcol-sb-esrev0-ctr-rdtzq	otelcol_process_memory_rss	192045056
1781199924	snap	0	otelcol	otelcol-sb-esrev0-ctr-rdtzq	otelcol_exporter_queue_capacity	1001
1781199924	snap	0	otelcol	otelcol-sb-esrev0-ctr-rdtzq	otelcol_process_cpu_seconds	1
1781199924	snap	0	otelcol	otelcol-sb-esrev0-ctr-rdtzq	otelcol_processor_incoming_items	8868
1781199924	snap	0	otelcol	otelcol-sb-esrev0-ctr-rdtzq	otelcol_exporter_queue_batch_send_size_sum	8868
1781199924	snap	0	otelcol	otelcol-sb-esrev0-ctr-rdtzq	otelcol_exporter_send_failed_spans	0
1781199924	snap	0	otelcol	otelcol-sb-esrev0-ctr-rdtzq	otelcol_receiver_refused_spans	0
1781199924	snap	0	otelcol	otelcol-sb-esrev0-ctr-rdtzq	otelcol_exporter_sent_spans	8868
1781199924	snap	0	otelcol	otelcol-sb-esrev0-ctr-rdtzq	otelcol_process_runtime_total_alloc_bytes	56377888
1781199924	snap	0	otelcol	otelcol-sb-esrev0-ctr-rdtzq	otelcol_process_runtime_heap_alloc_bytes	35918344
1781199924	snap	0	otelcol	otelcol-sb-esrev0-ctr-rdtzq	otelcol_processor_outgoing_items	8868
1781199924	snap	0	otelcol	otelcol-sb-esrev0-ctr-rdtzq	otelcol_process_uptime	71
1781199924	snap	0	otelcol	otelcol-sb-esrev0-ctr-rdtzq	otelcol_receiver_failed_spans	0
1781199924	snap	0	otelcol	otelcol-sb-esrev0-ctr-rdtzq	otelcol_processor_batch_metadata_cardinality	1
1781199924	snap	0	otelcol	otelcol-sb-esrev0-ctr-rdtzq	otelcol_receiver_accepted_spans	8868
1781199924	snap	0	otelcol	otelcol-sb-esrev0-ctr-rdtzq	otelcol_processor_batch_timeout_trigger_send	166
1781199924	snap	0	otelcol	otelcol-sb-esrev0-ctr-rdtzq	otelcol_processor_batch_batch_send_size_sum	8868
1781199924	snap	0	otelcol	otelcol-sb-esrev0-ctr-rdtzq	otelcol_exporter_queue_size	0
1781199924	snap	0	otelcol	otelcol-sb-esrev0-ctr-glxdm	otelcol_receiver_failed_spans	0
1781199924	snap	0	otelcol	otelcol-sb-esrev0-ctr-glxdm	otelcol_process_uptime	72
1781199924	snap	0	otelcol	otelcol-sb-esrev0-ctr-glxdm	otelcol_exporter_queue_capacity	1001
1781199924	snap	0	otelcol	otelcol-sb-esrev0-ctr-glxdm	otelcol_processor_batch_metadata_cardinality	1
1781199924	snap	0	otelcol	otelcol-sb-esrev0-ctr-glxdm	otelcol_process_runtime_heap_alloc_bytes	30916720
1781199924	snap	0	otelcol	otelcol-sb-esrev0-ctr-glxdm	otelcol_exporter_send_failed_spans	0
1781199924	snap	0	otelcol	otelcol-sb-esrev0-ctr-glxdm	otelcol_processor_incoming_items	8500
1781199924	snap	0	otelcol	otelcol-sb-esrev0-ctr-glxdm	otelcol_process_cpu_seconds	1
1781199924	snap	0	otelcol	otelcol-sb-esrev0-ctr-glxdm	otelcol_exporter_sent_spans	8500
1781199924	snap	0	otelcol	otelcol-sb-esrev0-ctr-glxdm	otelcol_receiver_refused_spans	0
1781199924	snap	0	otelcol	otelcol-sb-esrev0-ctr-glxdm	otelcol_processor_batch_timeout_trigger_send	164
1781199924	snap	0	otelcol	otelcol-sb-esrev0-ctr-glxdm	otelcol_processor_batch_batch_send_size_sum	8500
1781199924	snap	0	otelcol	otelcol-sb-esrev0-ctr-glxdm	otelcol_process_runtime_total_alloc_bytes	52357760
1781199924	snap	0	otelcol	otelcol-sb-esrev0-ctr-glxdm	otelcol_process_memory_rss	190332928
1781199924	snap	0	otelcol	otelcol-sb-esrev0-ctr-glxdm	otelcol_exporter_queue_batch_send_size_sum	8500
1781199924	snap	0	otelcol	otelcol-sb-esrev0-ctr-glxdm	otelcol_process_runtime_total_sys_memory_bytes	53512472
1781199924	snap	0	otelcol	otelcol-sb-esrev0-ctr-glxdm	otelcol_receiver_accepted_spans	8500
1781199924	snap	0	otelcol	otelcol-sb-esrev0-ctr-glxdm	otelcol_processor_outgoing_items	8500
1781199924	snap	0	otelcol	otelcol-sb-esrev0-ctr-glxdm	otelcol_exporter_queue_size	0
1781199924	snap	0	otelcol	otelcol-sb-esrev0-ctr-2bk4z	otelcol_processor_batch_batch_send_size_sum	122334
1781199924	snap	0	otelcol	otelcol-sb-esrev0-ctr-2bk4z	otelcol_process_runtime_heap_alloc_bytes	46568640
1781199924	snap	0	otelcol	otelcol-sb-esrev0-ctr-2bk4z	otelcol_exporter_queue_size	0
1781199924	snap	0	otelcol	otelcol-sb-esrev0-ctr-2bk4z	otelcol_process_memory_rss	235659264
1781199924	snap	0	otelcol	otelcol-sb-esrev0-ctr-2bk4z	otelcol_receiver_failed_spans	0
1781199924	snap	0	otelcol	otelcol-sb-esrev0-ctr-2bk4z	otelcol_process_runtime_total_alloc_bytes	122871424
1781199924	snap	0	otelcol	otelcol-sb-esrev0-ctr-2bk4z	otelcol_exporter_send_failed_spans	0
1781199924	snap	0	otelcol	otelcol-sb-esrev0-ctr-2bk4z	otelcol_receiver_refused_spans	0
1781199924	snap	0	otelcol	otelcol-sb-esrev0-ctr-2bk4z	otelcol_process_uptime	74
1781199924	snap	0	otelcol	otelcol-sb-esrev0-ctr-2bk4z	otelcol_processor_incoming_items	122334
1781199924	snap	0	otelcol	otelcol-sb-esrev0-ctr-2bk4z	otelcol_process_runtime_total_sys_memory_bytes	102336792
1781199924	snap	0	otelcol	otelcol-sb-esrev0-ctr-2bk4z	otelcol_processor_outgoing_items	122334
1781199924	snap	0	otelcol	otelcol-sb-esrev0-ctr-2bk4z	otelcol_process_cpu_seconds	3
1781199924	snap	0	otelcol	otelcol-sb-esrev0-ctr-2bk4z	otelcol_exporter_queue_batch_send_size_sum	122334
1781199924	snap	0	otelcol	otelcol-sb-esrev0-ctr-2bk4z	otelcol_processor_batch_metadata_cardinality	1
1781199924	snap	0	otelcol	otelcol-sb-esrev0-ctr-2bk4z	otelcol_processor_batch_timeout_trigger_send	173
1781199924	snap	0	otelcol	otelcol-sb-esrev0-ctr-2bk4z	otelcol_receiver_accepted_spans	122334
1781199924	snap	0	otelcol	otelcol-sb-esrev0-ctr-2bk4z	otelcol_exporter_sent_spans	122334
1781199924	snap	0	otelcol	otelcol-sb-esrev0-ctr-2bk4z	otelcol_exporter_queue_capacity	1001
1781199924	snap	0	otelcol	otelcol-sb-esrev0-ctr-gcg4j	otelcol_receiver_failed_spans	0
1781199924	snap	0	otelcol	otelcol-sb-esrev0-ctr-gcg4j	otelcol_processor_batch_timeout_trigger_send	160
1781199924	snap	0	otelcol	otelcol-sb-esrev0-ctr-gcg4j	otelcol_exporter_queue_size	0
1781199924	snap	0	otelcol	otelcol-sb-esrev0-ctr-gcg4j	otelcol_process_runtime_total_sys_memory_bytes	58493208
1781199924	snap	0	otelcol	otelcol-sb-esrev0-ctr-gcg4j	otelcol_exporter_queue_batch_send_size_sum	8480
1781199924	snap	0	otelcol	otelcol-sb-esrev0-ctr-gcg4j	otelcol_receiver_accepted_spans	8480
1781199924	snap	0	otelcol	otelcol-sb-esrev0-ctr-gcg4j	otelcol_process_runtime_total_alloc_bytes	52322872
1781199924	snap	0	otelcol	otelcol-sb-esrev0-ctr-gcg4j	otelcol_process_memory_rss	190033920
1781199924	snap	0	otelcol	otelcol-sb-esrev0-ctr-gcg4j	otelcol_process_cpu_seconds	2
1781199924	snap	0	otelcol	otelcol-sb-esrev0-ctr-gcg4j	otelcol_exporter_queue_capacity	1001
1781199924	snap	0	otelcol	otelcol-sb-esrev0-ctr-gcg4j	otelcol_processor_incoming_items	8480
1781199924	snap	0	otelcol	otelcol-sb-esrev0-ctr-gcg4j	otelcol_exporter_send_failed_spans	0
1781199924	snap	0	otelcol	otelcol-sb-esrev0-ctr-gcg4j	otelcol_receiver_refused_spans	0
1781199924	snap	0	otelcol	otelcol-sb-esrev0-ctr-gcg4j	otelcol_processor_outgoing_items	8480
1781199924	snap	0	otelcol	otelcol-sb-esrev0-ctr-gcg4j	otelcol_processor_batch_metadata_cardinality	1
1781199924	snap	0	otelcol	otelcol-sb-esrev0-ctr-gcg4j	otelcol_processor_batch_batch_send_size_sum	8480
1781199924	snap	0	otelcol	otelcol-sb-esrev0-ctr-gcg4j	otelcol_process_uptime	70
1781199924	snap	0	otelcol	otelcol-sb-esrev0-ctr-gcg4j	otelcol_process_runtime_heap_alloc_bytes	31840560
1781199924	snap	0	otelcol	otelcol-sb-esrev0-ctr-gcg4j	otelcol_exporter_sent_spans	8480
1781199924	snap	0	otelcol	otelcol-sb-esrev0-ctr-pr5gq	otelcol_receiver_accepted_spans	83736
1781199924	snap	0	otelcol	otelcol-sb-esrev0-ctr-pr5gq	otelcol_receiver_failed_spans	0
1781199924	snap	0	otelcol	otelcol-sb-esrev0-ctr-pr5gq	otelcol_process_uptime	70
1781199924	snap	0	otelcol	otelcol-sb-esrev0-ctr-pr5gq	otelcol_exporter_queue_batch_send_size_sum	83736
1781199924	snap	0	otelcol	otelcol-sb-esrev0-ctr-pr5gq	otelcol_processor_outgoing_items	83736
1781199924	snap	0	otelcol	otelcol-sb-esrev0-ctr-pr5gq	otelcol_process_runtime_total_sys_memory_bytes	93186328
1781199924	snap	0	otelcol	otelcol-sb-esrev0-ctr-pr5gq	otelcol_process_runtime_heap_alloc_bytes	68470936
1781199924	snap	0	otelcol	otelcol-sb-esrev0-ctr-pr5gq	otelcol_exporter_queue_capacity	1001
1781199924	snap	0	otelcol	otelcol-sb-esrev0-ctr-pr5gq	otelcol_process_memory_rss	226951168
1781199924	snap	0	otelcol	otelcol-sb-esrev0-ctr-pr5gq	otelcol_exporter_queue_size	0
1781199924	snap	0	otelcol	otelcol-sb-esrev0-ctr-pr5gq	otelcol_exporter_send_failed_spans	0
1781199924	snap	0	otelcol	otelcol-sb-esrev0-ctr-pr5gq	otelcol_receiver_refused_spans	0
1781199924	snap	0	otelcol	otelcol-sb-esrev0-ctr-pr5gq	otelcol_process_runtime_total_alloc_bytes	103841120
1781199924	snap	0	otelcol	otelcol-sb-esrev0-ctr-pr5gq	otelcol_processor_batch_batch_send_size_sum	83736
1781199924	snap	0	otelcol	otelcol-sb-esrev0-ctr-pr5gq	otelcol_process_cpu_seconds	2
1781199924	snap	0	otelcol	otelcol-sb-esrev0-ctr-pr5gq	otelcol_processor_incoming_items	83736
1781199924	snap	0	otelcol	otelcol-sb-esrev0-ctr-pr5gq	otelcol_processor_batch_metadata_cardinality	1
1781199924	snap	0	otelcol	otelcol-sb-esrev0-ctr-pr5gq	otelcol_processor_batch_timeout_trigger_send	163
1781199924	snap	0	otelcol	otelcol-sb-esrev0-ctr-pr5gq	otelcol_exporter_sent_spans	83736
1781199924	snap	0	otelcol	otelcol-sb-esrev0-ctr-rbkvt	otelcol_processor_outgoing_items	10798
1781199924	snap	0	otelcol	otelcol-sb-esrev0-ctr-rbkvt	otelcol_exporter_send_failed_spans	0
1781199924	snap	0	otelcol	otelcol-sb-esrev0-ctr-rbkvt	otelcol_receiver_refused_spans	0
1781199924	snap	0	otelcol	otelcol-sb-esrev0-ctr-rbkvt	otelcol_exporter_queue_size	0
1781199924	snap	0	otelcol	otelcol-sb-esrev0-ctr-rbkvt	otelcol_exporter_queue_batch_send_size_sum	10798
1781199924	snap	0	otelcol	otelcol-sb-esrev0-ctr-rbkvt	otelcol_process_runtime_total_sys_memory_bytes	61933848
1781199924	snap	0	otelcol	otelcol-sb-esrev0-ctr-rbkvt	otelcol_receiver_failed_spans	0
1781199924	snap	0	otelcol	otelcol-sb-esrev0-ctr-rbkvt	otelcol_processor_batch_metadata_cardinality	1
1781199924	snap	0	otelcol	otelcol-sb-esrev0-ctr-rbkvt	otelcol_processor_batch_timeout_trigger_send	162
1781199924	snap	0	otelcol	otelcol-sb-esrev0-ctr-rbkvt	otelcol_processor_batch_batch_send_size_sum	10798
1781199924	snap	0	otelcol	otelcol-sb-esrev0-ctr-rbkvt	otelcol_receiver_accepted_spans	10798
1781199924	snap	0	otelcol	otelcol-sb-esrev0-ctr-rbkvt	otelcol_process_cpu_seconds	1
1781199924	snap	0	otelcol	otelcol-sb-esrev0-ctr-rbkvt	otelcol_process_uptime	71
1781199924	snap	0	otelcol	otelcol-sb-esrev0-ctr-rbkvt	otelcol_process_runtime_heap_alloc_bytes	36166568
1781199924	snap	0	otelcol	otelcol-sb-esrev0-ctr-rbkvt	otelcol_process_memory_rss	194715648
1781199924	snap	0	otelcol	otelcol-sb-esrev0-ctr-rbkvt	otelcol_exporter_sent_spans	10798
1781199924	snap	0	otelcol	otelcol-sb-esrev0-ctr-rbkvt	otelcol_exporter_queue_capacity	1001
1781199924	snap	0	otelcol	otelcol-sb-esrev0-ctr-rbkvt	otelcol_process_runtime_total_alloc_bytes	56295592
1781199924	snap	0	otelcol	otelcol-sb-esrev0-ctr-rbkvt	otelcol_processor_incoming_items	10798
1781199924	snap	0	otelcol	otelcol-sb-esrev0-ctr-vnnmt	otelcol_process_cpu_seconds	1
1781199924	snap	0	otelcol	otelcol-sb-esrev0-ctr-vnnmt	otelcol_exporter_sent_spans	8486
1781199924	snap	0	otelcol	otelcol-sb-esrev0-ctr-vnnmt	otelcol_process_runtime_total_alloc_bytes	56284864
1781199924	snap	0	otelcol	otelcol-sb-esrev0-ctr-vnnmt	otelcol_processor_outgoing_items	8486
1781199924	snap	0	otelcol	otelcol-sb-esrev0-ctr-vnnmt	otelcol_process_runtime_heap_alloc_bytes	36333808
1781199924	snap	0	otelcol	otelcol-sb-esrev0-ctr-vnnmt	otelcol_exporter_queue_size	0
1781199924	snap	0	otelcol	otelcol-sb-esrev0-ctr-vnnmt	otelcol_exporter_queue_batch_send_size_sum	8486
1781199924	snap	0	otelcol	otelcol-sb-esrev0-ctr-vnnmt	otelcol_processor_batch_batch_send_size_sum	8486
1781199924	snap	0	otelcol	otelcol-sb-esrev0-ctr-vnnmt	otelcol_receiver_failed_spans	0
1781199924	snap	0	otelcol	otelcol-sb-esrev0-ctr-vnnmt	otelcol_process_memory_rss	193032192
1781199924	snap	0	otelcol	otelcol-sb-esrev0-ctr-vnnmt	otelcol_exporter_send_failed_spans	0
1781199924	snap	0	otelcol	otelcol-sb-esrev0-ctr-vnnmt	otelcol_receiver_refused_spans	0
1781199924	snap	0	otelcol	otelcol-sb-esrev0-ctr-vnnmt	otelcol_receiver_accepted_spans	8486
1781199924	snap	0	otelcol	otelcol-sb-esrev0-ctr-vnnmt	otelcol_processor_batch_metadata_cardinality	1
1781199924	snap	0	otelcol	otelcol-sb-esrev0-ctr-vnnmt	otelcol_process_runtime_total_sys_memory_bytes	61593864
1781199924	snap	0	otelcol	otelcol-sb-esrev0-ctr-vnnmt	otelcol_processor_batch_timeout_trigger_send	165
1781199924	snap	0	otelcol	otelcol-sb-esrev0-ctr-vnnmt	otelcol_processor_incoming_items	8486
1781199924	snap	0	otelcol	otelcol-sb-esrev0-ctr-vnnmt	otelcol_process_uptime	71
1781199924	snap	0	otelcol	otelcol-sb-esrev0-ctr-vnnmt	otelcol_exporter_queue_capacity	1001
1781199924	snap	0	otelcol	otelcol-sb-esrev0-ctr-wht6z	otelcol_exporter_queue_size	0
1781199924	snap	0	otelcol	otelcol-sb-esrev0-ctr-wht6z	otelcol_process_uptime	70
1781199924	snap	0	otelcol	otelcol-sb-esrev0-ctr-wht6z	otelcol_receiver_accepted_spans	8494
1781199924	snap	0	otelcol	otelcol-sb-esrev0-ctr-wht6z	otelcol_process_runtime_heap_alloc_bytes	33842576
1781199924	snap	0	otelcol	otelcol-sb-esrev0-ctr-wht6z	otelcol_receiver_failed_spans	0
1781199924	snap	0	otelcol	otelcol-sb-esrev0-ctr-wht6z	otelcol_process_runtime_total_alloc_bytes	53588736
1781199924	snap	0	otelcol	otelcol-sb-esrev0-ctr-wht6z	otelcol_process_memory_rss	190717952
1781199924	snap	0	otelcol	otelcol-sb-esrev0-ctr-wht6z	otelcol_exporter_queue_capacity	1001
1781199924	snap	0	otelcol	otelcol-sb-esrev0-ctr-wht6z	otelcol_processor_incoming_items	8494
1781199924	snap	0	otelcol	otelcol-sb-esrev0-ctr-wht6z	otelcol_processor_batch_metadata_cardinality	1
1781199924	snap	0	otelcol	otelcol-sb-esrev0-ctr-wht6z	otelcol_process_cpu_seconds	1
1781199924	snap	0	otelcol	otelcol-sb-esrev0-ctr-wht6z	otelcol_exporter_send_failed_spans	0
1781199924	snap	0	otelcol	otelcol-sb-esrev0-ctr-wht6z	otelcol_exporter_sent_spans	8494
1781199924	snap	0	otelcol	otelcol-sb-esrev0-ctr-wht6z	otelcol_process_runtime_total_sys_memory_bytes	57932040
1781199924	snap	0	otelcol	otelcol-sb-esrev0-ctr-wht6z	otelcol_receiver_refused_spans	0
1781199924	snap	0	otelcol	otelcol-sb-esrev0-ctr-wht6z	otelcol_exporter_queue_batch_send_size_sum	8494
1781199924	snap	0	otelcol	otelcol-sb-esrev0-ctr-wht6z	otelcol_processor_batch_timeout_trigger_send	168
1781199924	snap	0	otelcol	otelcol-sb-esrev0-ctr-wht6z	otelcol_processor_batch_batch_send_size_sum	8494
1781199924	snap	0	otelcol	otelcol-sb-esrev0-ctr-wht6z	otelcol_processor_outgoing_items	8494
1781199924	snap	0	k8s	otelcol-sb-esrev0-ctr-2bk4z	restart_count	0
1781199924	snap	0	k8s	otelcol-sb-esrev0-ctr-gcg4j	restart_count	0
1781199924	snap	0	k8s	otelcol-sb-esrev0-ctr-glxdm	restart_count	0
1781199924	snap	0	k8s	otelcol-sb-esrev0-ctr-mrm6k	restart_count	0
1781199924	snap	0	k8s	otelcol-sb-esrev0-ctr-pr5gq	restart_count	0
1781199924	snap	0	k8s	otelcol-sb-esrev0-ctr-rbkvt	restart_count	0
1781199924	snap	0	k8s	otelcol-sb-esrev0-ctr-rdtzq	restart_count	0
1781199924	snap	0	k8s	otelcol-sb-esrev0-ctr-vnnmt	restart_count	0
1781199924	snap	0	k8s	otelcol-sb-esrev0-ctr-wht6z	restart_count	0
1781199924	snap	0	sdk	wrk2api	spans_received	8488
1781199924	snap	0	sdk	wrk2api	spans_sent	8488
1781199924	snap	0	sdk	wrk2api	spans_dropped	0
1781199924	snap	0	sdk	wrk2api	spans_flushed	8488
1781199924	snap	0	sdk	wrk2api	batches_sent	470
1781199924	snap	0	sdk	wrk2api	batches_dropped	0
1781199924	snap	0	sdk	wrk2api	send_unavailable	0
1781199924	snap	0	sdk	wrk2api	send_deadline	0
1781199924	snap	0	sdk	wrk2api	send_exhausted	0
1781199924	snap	0	sdk	wrk2api	send_canceled	0
1781199924	snap	0	sdk	wrk2api	send_other	0
1781199924	snap	0	sdk	wrk2api	buffer_depth	0
0
1781199924	snap	0	sdk	composepost	spans_received	0
1781199924	snap	0	sdk	composepost	spans_sent	0
1781199924	snap	0	sdk	composepost	spans_dropped	0
1781199924	snap	0	sdk	composepost	spans_flushed	0
1781199924	snap	0	sdk	composepost	batches_sent	0
1781199924	snap	0	sdk	composepost	batches_dropped	0
1781199924	snap	0	sdk	composepost	send_unavailable	0
1781199924	snap	0	sdk	composepost	send_deadline	0
1781199924	snap	0	sdk	composepost	send_exhausted	0
1781199924	snap	0	sdk	composepost	send_canceled	0
1781199924	snap	0	sdk	composepost	send_other	0
1781199924	snap	0	sdk	composepost	buffer_depth	0
0
1781199924	snap	0	sdk	hometimeline	spans_received	0
1781199924	snap	0	sdk	hometimeline	spans_sent	0
1781199924	snap	0	sdk	hometimeline	spans_dropped	0
1781199924	snap	0	sdk	hometimeline	spans_flushed	0
1781199924	snap	0	sdk	hometimeline	batches_sent	0
1781199924	snap	0	sdk	hometimeline	batches_dropped	0
1781199924	snap	0	sdk	hometimeline	send_unavailable	0
1781199924	snap	0	sdk	hometimeline	send_deadline	0
1781199924	snap	0	sdk	hometimeline	send_exhausted	0
1781199924	snap	0	sdk	hometimeline	send_canceled	0
1781199924	snap	0	sdk	hometimeline	send_other	0
1781199924	snap	0	sdk	hometimeline	buffer_depth	0
0
1781199924	snap	0	sdk	media	spans_received	0
1781199924	snap	0	sdk	media	spans_sent	0
1781199924	snap	0	sdk	media	spans_dropped	0
1781199924	snap	0	sdk	media	spans_flushed	0
1781199924	snap	0	sdk	media	batches_sent	0
1781199924	snap	0	sdk	media	batches_dropped	0
1781199924	snap	0	sdk	media	send_unavailable	0
1781199924	snap	0	sdk	media	send_deadline	0
1781199924	snap	0	sdk	media	send_exhausted	0
1781199924	snap	0	sdk	media	send_canceled	0
1781199924	snap	0	sdk	media	send_other	0
1781199924	snap	0	sdk	media	buffer_depth	0
0
1781199924	snap	0	sdk	post-storage	spans_received	0
1781199924	snap	0	sdk	post-storage	spans_sent	0
1781199924	snap	0	sdk	post-storage	spans_dropped	0
1781199924	snap	0	sdk	post-storage	spans_flushed	0
1781199924	snap	0	sdk	post-storage	batches_sent	0
1781199924	snap	0	sdk	post-storage	batches_dropped	0
1781199924	snap	0	sdk	post-storage	send_unavailable	0
1781199924	snap	0	sdk	post-storage	send_deadline	0
1781199924	snap	0	sdk	post-storage	send_exhausted	0
1781199924	snap	0	sdk	post-storage	send_canceled	0
1781199924	snap	0	sdk	post-storage	send_other	0
1781199924	snap	0	sdk	post-storage	buffer_depth	0
0
1781199924	snap	0	sdk	socialgraph	spans_received	113834
1781199924	snap	0	sdk	socialgraph	spans_sent	113834
1781199924	snap	0	sdk	socialgraph	spans_dropped	0
1781199924	snap	0	sdk	socialgraph	spans_flushed	113834
1781199924	snap	0	sdk	socialgraph	batches_sent	483
1781199924	snap	0	sdk	socialgraph	batches_dropped	0
1781199924	snap	0	sdk	socialgraph	send_unavailable	0
1781199924	snap	0	sdk	socialgraph	send_deadline	0
1781199924	snap	0	sdk	socialgraph	send_exhausted	0
1781199924	snap	0	sdk	socialgraph	send_canceled	0
1781199924	snap	0	sdk	socialgraph	send_other	0
1781199924	snap	0	sdk	socialgraph	buffer_depth	0
0
1781199924	snap	0	sdk	text	spans_received	0
1781199924	snap	0	sdk	text	spans_sent	0
1781199924	snap	0	sdk	text	spans_dropped	0
1781199924	snap	0	sdk	text	spans_flushed	0
1781199924	snap	0	sdk	text	batches_sent	0
1781199924	snap	0	sdk	text	batches_dropped	0
1781199924	snap	0	sdk	text	send_unavailable	0
1781199924	snap	0	sdk	text	send_deadline	0
1781199924	snap	0	sdk	text	send_exhausted	0
1781199924	snap	0	sdk	text	send_canceled	0
1781199924	snap	0	sdk	text	send_other	0
1781199924	snap	0	sdk	text	buffer_depth	0
0
1781199924	snap	0	sdk	uniqueid	spans_received	0
1781199924	snap	0	sdk	uniqueid	spans_sent	0
1781199924	snap	0	sdk	uniqueid	spans_dropped	0
1781199924	snap	0	sdk	uniqueid	spans_flushed	0
1781199924	snap	0	sdk	uniqueid	batches_sent	0
1781199924	snap	0	sdk	uniqueid	batches_dropped	0
1781199924	snap	0	sdk	uniqueid	send_unavailable	0
1781199924	snap	0	sdk	uniqueid	send_deadline	0
1781199924	snap	0	sdk	uniqueid	send_exhausted	0
1781199924	snap	0	sdk	uniqueid	send_canceled	0
1781199924	snap	0	sdk	uniqueid	send_other	0
1781199924	snap	0	sdk	uniqueid	buffer_depth	0
0
1781199924	snap	0	sdk	urlshorten	spans_received	0
1781199924	snap	0	sdk	urlshorten	spans_sent	0
1781199924	snap	0	sdk	urlshorten	spans_dropped	0
1781199924	snap	0	sdk	urlshorten	spans_flushed	0
1781199924	snap	0	sdk	urlshorten	batches_sent	0
1781199924	snap	0	sdk	urlshorten	batches_dropped	0
1781199924	snap	0	sdk	urlshorten	send_unavailable	0
1781199924	snap	0	sdk	urlshorten	send_deadline	0
1781199924	snap	0	sdk	urlshorten	send_exhausted	0
1781199924	snap	0	sdk	urlshorten	send_canceled	0
1781199924	snap	0	sdk	urlshorten	send_other	0
1781199924	snap	0	sdk	urlshorten	buffer_depth	0
0
1781199924	snap	0	sdk	user	spans_received	1924
1781199924	snap	0	sdk	user	spans_sent	1924
1781199924	snap	0	sdk	user	spans_dropped	0
1781199924	snap	0	sdk	user	spans_flushed	1924
1781199924	snap	0	sdk	user	batches_sent	12
1781199924	snap	0	sdk	user	batches_dropped	0
1781199924	snap	0	sdk	user	send_unavailable	0
1781199924	snap	0	sdk	user	send_deadline	0
1781199924	snap	0	sdk	user	send_exhausted	0
1781199924	snap	0	sdk	user	send_canceled	0
1781199924	snap	0	sdk	user	send_other	0
1781199924	snap	0	sdk	user	buffer_depth	0
0
1781199924	snap	0	sdk	userid	spans_received	75248
1781199924	snap	0	sdk	userid	spans_sent	75248
1781199924	snap	0	sdk	userid	spans_dropped	0
1781199924	snap	0	sdk	userid	spans_flushed	75248
1781199924	snap	0	sdk	userid	batches_sent	245
1781199924	snap	0	sdk	userid	batches_dropped	0
1781199924	snap	0	sdk	userid	send_unavailable	0
1781199924	snap	0	sdk	userid	send_deadline	0
1781199924	snap	0	sdk	userid	send_exhausted	0
1781199924	snap	0	sdk	userid	send_canceled	0
1781199924	snap	0	sdk	userid	send_other	0
1781199924	snap	0	sdk	userid	buffer_depth	0
0
1781199924	snap	0	sdk	usermention	spans_received	0
1781199924	snap	0	sdk	usermention	spans_sent	0
1781199924	snap	0	sdk	usermention	spans_dropped	0
1781199924	snap	0	sdk	usermention	spans_flushed	0
1781199924	snap	0	sdk	usermention	batches_sent	0
1781199924	snap	0	sdk	usermention	batches_dropped	0
1781199924	snap	0	sdk	usermention	send_unavailable	0
1781199924	snap	0	sdk	usermention	send_deadline	0
1781199924	snap	0	sdk	usermention	send_exhausted	0
1781199924	snap	0	sdk	usermention	send_canceled	0
1781199924	snap	0	sdk	usermention	send_other	0
1781199924	snap	0	sdk	usermention	buffer_depth	0
0
1781199924	snap	0	sdk	usertimeline	spans_received	0
1781199924	snap	0	sdk	usertimeline	spans_sent	0
1781199924	snap	0	sdk	usertimeline	spans_dropped	0
1781199924	snap	0	sdk	usertimeline	spans_flushed	0
1781199924	snap	0	sdk	usertimeline	batches_sent	0
1781199924	snap	0	sdk	usertimeline	batches_dropped	0
1781199924	snap	0	sdk	usertimeline	send_unavailable	0
1781199924	snap	0	sdk	usertimeline	send_deadline	0
1781199924	snap	0	sdk	usertimeline	send_exhausted	0
1781199924	snap	0	sdk	usertimeline	send_canceled	0
1781199924	snap	0	sdk	usertimeline	send_other	0
1781199924	snap	0	sdk	usertimeline	buffer_depth	0
0
1781200031	snap	0	otelcol	otelcol-sb-esrev0-ctr-mrm6k	otelcol_exporter_queue_size	0
1781200031	snap	0	otelcol	otelcol-sb-esrev0-ctr-mrm6k	otelcol_processor_batch_batch_send_size_sum	20482
1781200031	snap	0	otelcol	otelcol-sb-esrev0-ctr-mrm6k	otelcol_process_runtime_heap_alloc_bytes	37381520
1781200031	snap	0	otelcol	otelcol-sb-esrev0-ctr-mrm6k	otelcol_exporter_queue_batch_send_size_sum	20482
1781200031	snap	0	otelcol	otelcol-sb-esrev0-ctr-mrm6k	otelcol_process_uptime	179
1781200031	snap	0	otelcol	otelcol-sb-esrev0-ctr-mrm6k	otelcol_processor_outgoing_items	20482
1781200031	snap	0	otelcol	otelcol-sb-esrev0-ctr-mrm6k	otelcol_process_runtime_total_alloc_bytes	117056512
1781200031	snap	0	otelcol	otelcol-sb-esrev0-ctr-mrm6k	otelcol_process_memory_rss	208322560
1781200031	snap	0	otelcol	otelcol-sb-esrev0-ctr-mrm6k	otelcol_process_cpu_seconds	5
1781200031	snap	0	otelcol	otelcol-sb-esrev0-ctr-mrm6k	otelcol_exporter_send_failed_spans	0
1781200031	snap	0	otelcol	otelcol-sb-esrev0-ctr-mrm6k	otelcol_receiver_accepted_spans	20482
1781200031	snap	0	otelcol	otelcol-sb-esrev0-ctr-mrm6k	otelcol_processor_batch_metadata_cardinality	1
1781200031	snap	0	otelcol	otelcol-sb-esrev0-ctr-mrm6k	otelcol_receiver_refused_spans	0
1781200031	snap	0	otelcol	otelcol-sb-esrev0-ctr-mrm6k	otelcol_receiver_failed_spans	0
1781200031	snap	0	otelcol	otelcol-sb-esrev0-ctr-mrm6k	otelcol_processor_batch_timeout_trigger_send	661
1781200031	snap	0	otelcol	otelcol-sb-esrev0-ctr-mrm6k	otelcol_process_runtime_total_sys_memory_bytes	76392728
1781200031	snap	0	otelcol	otelcol-sb-esrev0-ctr-mrm6k	otelcol_exporter_queue_capacity	1001
1781200031	snap	0	otelcol	otelcol-sb-esrev0-ctr-mrm6k	otelcol_processor_incoming_items	20482
1781200031	snap	0	otelcol	otelcol-sb-esrev0-ctr-mrm6k	otelcol_exporter_sent_spans	20482
1781200031	snap	0	otelcol	otelcol-sb-esrev0-ctr-rdtzq	otelcol_process_runtime_total_sys_memory_bytes	79989016
1781200031	snap	0	otelcol	otelcol-sb-esrev0-ctr-rdtzq	otelcol_process_memory_rss	208084992
1781200031	snap	0	otelcol	otelcol-sb-esrev0-ctr-rdtzq	otelcol_exporter_queue_capacity	1001
1781200031	snap	0	otelcol	otelcol-sb-esrev0-ctr-rdtzq	otelcol_process_cpu_seconds	5
1781200031	snap	0	otelcol	otelcol-sb-esrev0-ctr-rdtzq	otelcol_processor_incoming_items	20869
1781200031	snap	0	otelcol	otelcol-sb-esrev0-ctr-rdtzq	otelcol_exporter_queue_batch_send_size_sum	20869
1781200031	snap	0	otelcol	otelcol-sb-esrev0-ctr-rdtzq	otelcol_exporter_send_failed_spans	0
1781200031	snap	0	otelcol	otelcol-sb-esrev0-ctr-rdtzq	otelcol_receiver_refused_spans	0
1781200031	snap	0	otelcol	otelcol-sb-esrev0-ctr-rdtzq	otelcol_exporter_sent_spans	20869
1781200031	snap	0	otelcol	otelcol-sb-esrev0-ctr-rdtzq	otelcol_process_runtime_total_alloc_bytes	129478288
1781200031	snap	0	otelcol	otelcol-sb-esrev0-ctr-rdtzq	otelcol_process_runtime_heap_alloc_bytes	27864600
1781200031	snap	0	otelcol	otelcol-sb-esrev0-ctr-rdtzq	otelcol_processor_outgoing_items	20869
1781200031	snap	0	otelcol	otelcol-sb-esrev0-ctr-rdtzq	otelcol_process_uptime	179
1781200031	snap	0	otelcol	otelcol-sb-esrev0-ctr-rdtzq	otelcol_receiver_failed_spans	0
1781200031	snap	0	otelcol	otelcol-sb-esrev0-ctr-rdtzq	otelcol_processor_batch_metadata_cardinality	1
1781200031	snap	0	otelcol	otelcol-sb-esrev0-ctr-rdtzq	otelcol_receiver_accepted_spans	20869
1781200031	snap	0	otelcol	otelcol-sb-esrev0-ctr-rdtzq	otelcol_processor_batch_timeout_trigger_send	661
1781200031	snap	0	otelcol	otelcol-sb-esrev0-ctr-rdtzq	otelcol_processor_batch_batch_send_size_sum	20869
1781200031	snap	0	otelcol	otelcol-sb-esrev0-ctr-rdtzq	otelcol_exporter_queue_size	0
1781200031	snap	0	otelcol	otelcol-sb-esrev0-ctr-glxdm	otelcol_receiver_failed_spans	0
1781200031	snap	0	otelcol	otelcol-sb-esrev0-ctr-glxdm	otelcol_process_uptime	179
1781200031	snap	0	otelcol	otelcol-sb-esrev0-ctr-glxdm	otelcol_exporter_queue_capacity	1001
1781200031	snap	0	otelcol	otelcol-sb-esrev0-ctr-glxdm	otelcol_processor_batch_metadata_cardinality	1
1781200031	snap	0	otelcol	otelcol-sb-esrev0-ctr-glxdm	otelcol_process_runtime_heap_alloc_bytes	37276488
1781200031	snap	0	otelcol	otelcol-sb-esrev0-ctr-glxdm	otelcol_exporter_send_failed_spans	0
1781200031	snap	0	otelcol	otelcol-sb-esrev0-ctr-glxdm	otelcol_processor_incoming_items	30519
1781200031	snap	0	otelcol	otelcol-sb-esrev0-ctr-glxdm	otelcol_process_cpu_seconds	6
1781200031	snap	0	otelcol	otelcol-sb-esrev0-ctr-glxdm	otelcol_exporter_sent_spans	30519
1781200031	snap	0	otelcol	otelcol-sb-esrev0-ctr-glxdm	otelcol_receiver_refused_spans	0
1781200031	snap	0	otelcol	otelcol-sb-esrev0-ctr-glxdm	otelcol_processor_batch_timeout_trigger_send	659
1781200031	snap	0	otelcol	otelcol-sb-esrev0-ctr-glxdm	otelcol_processor_batch_batch_send_size_sum	30519
1781200031	snap	0	otelcol	otelcol-sb-esrev0-ctr-glxdm	otelcol_process_runtime_total_alloc_bytes	137065360
1781200031	snap	0	otelcol	otelcol-sb-esrev0-ctr-glxdm	otelcol_process_memory_rss	211017728
1781200031	snap	0	otelcol	otelcol-sb-esrev0-ctr-glxdm	otelcol_exporter_queue_batch_send_size_sum	30519
1781200031	snap	0	otelcol	otelcol-sb-esrev0-ctr-glxdm	otelcol_process_runtime_total_sys_memory_bytes	75786520
1781200031	snap	0	otelcol	otelcol-sb-esrev0-ctr-glxdm	otelcol_receiver_accepted_spans	30519
1781200031	snap	0	otelcol	otelcol-sb-esrev0-ctr-glxdm	otelcol_processor_outgoing_items	30519
1781200031	snap	0	otelcol	otelcol-sb-esrev0-ctr-glxdm	otelcol_exporter_queue_size	0
1781200031	snap	0	otelcol	otelcol-sb-esrev0-ctr-2bk4z	otelcol_processor_batch_batch_send_size_sum	134335
1781200031	snap	0	otelcol	otelcol-sb-esrev0-ctr-2bk4z	otelcol_process_runtime_heap_alloc_bytes	41634024
1781200031	snap	0	otelcol	otelcol-sb-esrev0-ctr-2bk4z	otelcol_exporter_queue_size	0
1781200031	snap	0	otelcol	otelcol-sb-esrev0-ctr-2bk4z	otelcol_process_memory_rss	211656704
1781200031	snap	0	otelcol	otelcol-sb-esrev0-ctr-2bk4z	otelcol_receiver_failed_spans	0
1781200031	snap	0	otelcol	otelcol-sb-esrev0-ctr-2bk4z	otelcol_process_runtime_total_alloc_bytes	181331952
1781200031	snap	0	otelcol	otelcol-sb-esrev0-ctr-2bk4z	otelcol_exporter_send_failed_spans	0
1781200031	snap	0	otelcol	otelcol-sb-esrev0-ctr-2bk4z	otelcol_receiver_refused_spans	0
1781200031	snap	0	otelcol	otelcol-sb-esrev0-ctr-2bk4z	otelcol_process_uptime	181
1781200031	snap	0	otelcol	otelcol-sb-esrev0-ctr-2bk4z	otelcol_processor_incoming_items	134335
1781200031	snap	0	otelcol	otelcol-sb-esrev0-ctr-2bk4z	otelcol_process_runtime_total_sys_memory_bytes	103000344
1781200031	snap	0	otelcol	otelcol-sb-esrev0-ctr-2bk4z	otelcol_processor_outgoing_items	134335
1781200031	snap	0	otelcol	otelcol-sb-esrev0-ctr-2bk4z	otelcol_process_cpu_seconds	6
1781200031	snap	0	otelcol	otelcol-sb-esrev0-ctr-2bk4z	otelcol_exporter_queue_batch_send_size_sum	134335
1781200031	snap	0	otelcol	otelcol-sb-esrev0-ctr-2bk4z	otelcol_processor_batch_metadata_cardinality	1
1781200031	snap	0	otelcol	otelcol-sb-esrev0-ctr-2bk4z	otelcol_processor_batch_timeout_trigger_send	669
1781200031	snap	0	otelcol	otelcol-sb-esrev0-ctr-2bk4z	otelcol_receiver_accepted_spans	134335
1781200031	snap	0	otelcol	otelcol-sb-esrev0-ctr-2bk4z	otelcol_exporter_sent_spans	134335
1781200031	snap	0	otelcol	otelcol-sb-esrev0-ctr-2bk4z	otelcol_exporter_queue_capacity	1001
1781200031	snap	0	otelcol	otelcol-sb-esrev0-ctr-gcg4j	otelcol_receiver_failed_spans	0
1781200031	snap	0	otelcol	otelcol-sb-esrev0-ctr-gcg4j	otelcol_processor_batch_timeout_trigger_send	653
1781200031	snap	0	otelcol	otelcol-sb-esrev0-ctr-gcg4j	otelcol_exporter_queue_size	0
1781200031	snap	0	otelcol	otelcol-sb-esrev0-ctr-gcg4j	otelcol_process_runtime_total_sys_memory_bytes	67135768
1781200031	snap	0	otelcol	otelcol-sb-esrev0-ctr-gcg4j	otelcol_exporter_queue_batch_send_size_sum	10481
1781200031	snap	0	otelcol	otelcol-sb-esrev0-ctr-gcg4j	otelcol_receiver_accepted_spans	10481
1781200031	snap	0	otelcol	otelcol-sb-esrev0-ctr-gcg4j	otelcol_process_runtime_total_alloc_bytes	93789240
1781200031	snap	0	otelcol	otelcol-sb-esrev0-ctr-gcg4j	otelcol_process_memory_rss	200470528
1781200031	snap	0	otelcol	otelcol-sb-esrev0-ctr-gcg4j	otelcol_process_cpu_seconds	7
1781200031	snap	0	otelcol	otelcol-sb-esrev0-ctr-gcg4j	otelcol_exporter_queue_capacity	1001
1781200031	snap	0	otelcol	otelcol-sb-esrev0-ctr-gcg4j	otelcol_processor_incoming_items	10481
1781200031	snap	0	otelcol	otelcol-sb-esrev0-ctr-gcg4j	otelcol_exporter_send_failed_spans	0
1781200031	snap	0	otelcol	otelcol-sb-esrev0-ctr-gcg4j	otelcol_receiver_refused_spans	0
1781200031	snap	0	otelcol	otelcol-sb-esrev0-ctr-gcg4j	otelcol_processor_outgoing_items	10481
1781200031	snap	0	otelcol	otelcol-sb-esrev0-ctr-gcg4j	otelcol_processor_batch_metadata_cardinality	1
1781200031	snap	0	otelcol	otelcol-sb-esrev0-ctr-gcg4j	otelcol_processor_batch_batch_send_size_sum	10481
1781200031	snap	0	otelcol	otelcol-sb-esrev0-ctr-gcg4j	otelcol_process_uptime	177
1781200031	snap	0	otelcol	otelcol-sb-esrev0-ctr-gcg4j	otelcol_process_runtime_heap_alloc_bytes	26149736
1781200031	snap	0	otelcol	otelcol-sb-esrev0-ctr-gcg4j	otelcol_exporter_sent_spans	10481
1781200031	snap	0	otelcol	otelcol-sb-esrev0-ctr-pr5gq	otelcol_receiver_accepted_spans	127792
1781200031	snap	0	otelcol	otelcol-sb-esrev0-ctr-pr5gq	otelcol_receiver_failed_spans	0
1781200031	snap	0	otelcol	otelcol-sb-esrev0-ctr-pr5gq	otelcol_process_uptime	178
1781200031	snap	0	otelcol	otelcol-sb-esrev0-ctr-pr5gq	otelcol_exporter_queue_batch_send_size_sum	127792
1781200031	snap	0	otelcol	otelcol-sb-esrev0-ctr-pr5gq	otelcol_processor_outgoing_items	127792
1781200031	snap	0	otelcol	otelcol-sb-esrev0-ctr-pr5gq	otelcol_process_runtime_total_sys_memory_bytes	106178840
1781200031	snap	0	otelcol	otelcol-sb-esrev0-ctr-pr5gq	otelcol_process_runtime_heap_alloc_bytes	27838624
1781200031	snap	0	otelcol	otelcol-sb-esrev0-ctr-pr5gq	otelcol_exporter_queue_capacity	1001
1781200031	snap	0	otelcol	otelcol-sb-esrev0-ctr-pr5gq	otelcol_process_memory_rss	212332544
1781200031	snap	0	otelcol	otelcol-sb-esrev0-ctr-pr5gq	otelcol_exporter_queue_size	0
1781200031	snap	0	otelcol	otelcol-sb-esrev0-ctr-pr5gq	otelcol_exporter_send_failed_spans	0
1781200031	snap	0	otelcol	otelcol-sb-esrev0-ctr-pr5gq	otelcol_receiver_refused_spans	0
1781200031	snap	0	otelcol	otelcol-sb-esrev0-ctr-pr5gq	otelcol_process_runtime_total_alloc_bytes	224303048
1781200031	snap	0	otelcol	otelcol-sb-esrev0-ctr-pr5gq	otelcol_processor_batch_batch_send_size_sum	127792
1781200031	snap	0	otelcol	otelcol-sb-esrev0-ctr-pr5gq	otelcol_process_cpu_seconds	7
1781200031	snap	0	otelcol	otelcol-sb-esrev0-ctr-pr5gq	otelcol_processor_incoming_items	127792
1781200031	snap	0	otelcol	otelcol-sb-esrev0-ctr-pr5gq	otelcol_processor_batch_metadata_cardinality	1
1781200031	snap	0	otelcol	otelcol-sb-esrev0-ctr-pr5gq	otelcol_processor_batch_timeout_trigger_send	660
1781200031	snap	0	otelcol	otelcol-sb-esrev0-ctr-pr5gq	otelcol_exporter_sent_spans	127792
1781200031	snap	0	otelcol	otelcol-sb-esrev0-ctr-rbkvt	otelcol_processor_outgoing_items	22808
1781200031	snap	0	otelcol	otelcol-sb-esrev0-ctr-rbkvt	otelcol_exporter_send_failed_spans	0
1781200031	snap	0	otelcol	otelcol-sb-esrev0-ctr-rbkvt	otelcol_receiver_refused_spans	0
1781200031	snap	0	otelcol	otelcol-sb-esrev0-ctr-rbkvt	otelcol_exporter_queue_size	0
1781200031	snap	0	otelcol	otelcol-sb-esrev0-ctr-rbkvt	otelcol_exporter_queue_batch_send_size_sum	22808
1781200031	snap	0	otelcol	otelcol-sb-esrev0-ctr-rbkvt	otelcol_process_runtime_total_sys_memory_bytes	76056856
1781200031	snap	0	otelcol	otelcol-sb-esrev0-ctr-rbkvt	otelcol_receiver_failed_spans	0
1781200031	snap	0	otelcol	otelcol-sb-esrev0-ctr-rbkvt	otelcol_processor_batch_metadata_cardinality	1
1781200031	snap	0	otelcol	otelcol-sb-esrev0-ctr-rbkvt	otelcol_processor_batch_timeout_trigger_send	658
1781200031	snap	0	otelcol	otelcol-sb-esrev0-ctr-rbkvt	otelcol_processor_batch_batch_send_size_sum	22808
1781200031	snap	0	otelcol	otelcol-sb-esrev0-ctr-rbkvt	otelcol_receiver_accepted_spans	22808
1781200031	snap	0	otelcol	otelcol-sb-esrev0-ctr-rbkvt	otelcol_process_cpu_seconds	5
1781200031	snap	0	otelcol	otelcol-sb-esrev0-ctr-rbkvt	otelcol_process_uptime	178
1781200031	snap	0	otelcol	otelcol-sb-esrev0-ctr-rbkvt	otelcol_process_runtime_heap_alloc_bytes	37579776
1781200031	snap	0	otelcol	otelcol-sb-esrev0-ctr-rbkvt	otelcol_process_memory_rss	205824000
1781200031	snap	0	otelcol	otelcol-sb-esrev0-ctr-rbkvt	otelcol_exporter_sent_spans	22808
1781200031	snap	0	otelcol	otelcol-sb-esrev0-ctr-rbkvt	otelcol_exporter_queue_capacity	1001
1781200031	snap	0	otelcol	otelcol-sb-esrev0-ctr-rbkvt	otelcol_process_runtime_total_alloc_bytes	115151280
1781200031	snap	0	otelcol	otelcol-sb-esrev0-ctr-rbkvt	otelcol_processor_incoming_items	22808
1781200031	snap	0	otelcol	otelcol-sb-esrev0-ctr-vnnmt	otelcol_process_cpu_seconds	5
1781200031	snap	0	otelcol	otelcol-sb-esrev0-ctr-vnnmt	otelcol_exporter_sent_spans	20496
1781200031	snap	0	otelcol	otelcol-sb-esrev0-ctr-vnnmt	otelcol_process_runtime_total_alloc_bytes	115601504
1781200031	snap	0	otelcol	otelcol-sb-esrev0-ctr-vnnmt	otelcol_processor_outgoing_items	20496
1781200031	snap	0	otelcol	otelcol-sb-esrev0-ctr-vnnmt	otelcol_process_runtime_heap_alloc_bytes	36961464
1781200031	snap	0	otelcol	otelcol-sb-esrev0-ctr-vnnmt	otelcol_exporter_queue_size	0
1781200031	snap	0	otelcol	otelcol-sb-esrev0-ctr-vnnmt	otelcol_exporter_queue_batch_send_size_sum	20496
1781200031	snap	0	otelcol	otelcol-sb-esrev0-ctr-vnnmt	otelcol_processor_batch_batch_send_size_sum	20496
1781200031	snap	0	otelcol	otelcol-sb-esrev0-ctr-vnnmt	otelcol_receiver_failed_spans	0
1781200031	snap	0	otelcol	otelcol-sb-esrev0-ctr-vnnmt	otelcol_process_memory_rss	205750272
1781200031	snap	0	otelcol	otelcol-sb-esrev0-ctr-vnnmt	otelcol_exporter_send_failed_spans	0
1781200031	snap	0	otelcol	otelcol-sb-esrev0-ctr-vnnmt	otelcol_receiver_refused_spans	0
1781200031	snap	0	otelcol	otelcol-sb-esrev0-ctr-vnnmt	otelcol_receiver_accepted_spans	20496
1781200031	snap	0	otelcol	otelcol-sb-esrev0-ctr-vnnmt	otelcol_processor_batch_metadata_cardinality	1
1781200031	snap	0	otelcol	otelcol-sb-esrev0-ctr-vnnmt	otelcol_process_runtime_total_sys_memory_bytes	70813976
1781200031	snap	0	otelcol	otelcol-sb-esrev0-ctr-vnnmt	otelcol_processor_batch_timeout_trigger_send	661
1781200031	snap	0	otelcol	otelcol-sb-esrev0-ctr-vnnmt	otelcol_processor_incoming_items	20496
1781200031	snap	0	otelcol	otelcol-sb-esrev0-ctr-vnnmt	otelcol_process_uptime	178
1781200031	snap	0	otelcol	otelcol-sb-esrev0-ctr-vnnmt	otelcol_exporter_queue_capacity	1001
1781200031	snap	0	otelcol	otelcol-sb-esrev0-ctr-wht6z	otelcol_exporter_queue_size	0
1781200031	snap	0	otelcol	otelcol-sb-esrev0-ctr-wht6z	otelcol_process_uptime	177
1781200031	snap	0	otelcol	otelcol-sb-esrev0-ctr-wht6z	otelcol_receiver_accepted_spans	110558
1781200031	snap	0	otelcol	otelcol-sb-esrev0-ctr-wht6z	otelcol_process_runtime_heap_alloc_bytes	31121056
1781200031	snap	0	otelcol	otelcol-sb-esrev0-ctr-wht6z	otelcol_receiver_failed_spans	0
1781200031	snap	0	otelcol	otelcol-sb-esrev0-ctr-wht6z	otelcol_process_runtime_total_alloc_bytes	308966864
1781200031	snap	0	otelcol	otelcol-sb-esrev0-ctr-wht6z	otelcol_process_memory_rss	221040640
1781200031	snap	0	otelcol	otelcol-sb-esrev0-ctr-wht6z	otelcol_exporter_queue_capacity	1001
1781200031	snap	0	otelcol	otelcol-sb-esrev0-ctr-wht6z	otelcol_processor_incoming_items	110558
1781200031	snap	0	otelcol	otelcol-sb-esrev0-ctr-wht6z	otelcol_processor_batch_metadata_cardinality	1
1781200031	snap	0	otelcol	otelcol-sb-esrev0-ctr-wht6z	otelcol_process_cpu_seconds	9
1781200031	snap	0	otelcol	otelcol-sb-esrev0-ctr-wht6z	otelcol_exporter_send_failed_spans	0
1781200031	snap	0	otelcol	otelcol-sb-esrev0-ctr-wht6z	otelcol_exporter_sent_spans	110558
1781200031	snap	0	otelcol	otelcol-sb-esrev0-ctr-wht6z	otelcol_process_runtime_total_sys_memory_bytes	93194520
1781200031	snap	0	otelcol	otelcol-sb-esrev0-ctr-wht6z	otelcol_receiver_refused_spans	0
1781200031	snap	0	otelcol	otelcol-sb-esrev0-ctr-wht6z	otelcol_exporter_queue_batch_send_size_sum	110558
1781200031	snap	0	otelcol	otelcol-sb-esrev0-ctr-wht6z	otelcol_processor_batch_timeout_trigger_send	665
1781200031	snap	0	otelcol	otelcol-sb-esrev0-ctr-wht6z	otelcol_processor_batch_batch_send_size_sum	110558
1781200031	snap	0	otelcol	otelcol-sb-esrev0-ctr-wht6z	otelcol_processor_outgoing_items	110558
1781200031	snap	0	k8s	otelcol-sb-esrev0-ctr-2bk4z	restart_count	0
1781200031	snap	0	k8s	otelcol-sb-esrev0-ctr-gcg4j	restart_count	0
1781200031	snap	0	k8s	otelcol-sb-esrev0-ctr-glxdm	restart_count	0
1781200031	snap	0	k8s	otelcol-sb-esrev0-ctr-mrm6k	restart_count	0
1781200031	snap	0	k8s	otelcol-sb-esrev0-ctr-pr5gq	restart_count	0
1781200031	snap	0	k8s	otelcol-sb-esrev0-ctr-rbkvt	restart_count	0
1781200031	snap	0	k8s	otelcol-sb-esrev0-ctr-rdtzq	restart_count	0
1781200031	snap	0	k8s	otelcol-sb-esrev0-ctr-vnnmt	restart_count	0
1781200031	snap	0	k8s	otelcol-sb-esrev0-ctr-wht6z	restart_count	0
1781200031	snap	0	sdk	wrk2api	spans_received	12490
1781200031	snap	0	sdk	wrk2api	spans_sent	12490
1781200031	snap	0	sdk	wrk2api	spans_dropped	0
1781200031	snap	0	sdk	wrk2api	spans_flushed	12490
1781200031	snap	0	sdk	wrk2api	batches_sent	2451
1781200031	snap	0	sdk	wrk2api	batches_dropped	0
1781200031	snap	0	sdk	wrk2api	send_unavailable	0
1781200031	snap	0	sdk	wrk2api	send_deadline	0
1781200031	snap	0	sdk	wrk2api	send_exhausted	0
1781200031	snap	0	sdk	wrk2api	send_canceled	0
1781200031	snap	0	sdk	wrk2api	send_other	0
1781200031	snap	0	sdk	wrk2api	buffer_depth	0
0
1781200031	snap	0	sdk	composepost	spans_received	80063
1781200031	snap	0	sdk	composepost	spans_sent	80063
1781200031	snap	0	sdk	composepost	spans_dropped	0
1781200031	snap	0	sdk	composepost	spans_flushed	80063
1781200031	snap	0	sdk	composepost	batches_sent	7942
1781200031	snap	0	sdk	composepost	batches_dropped	0
1781200031	snap	0	sdk	composepost	send_unavailable	0
1781200031	snap	0	sdk	composepost	send_deadline	0
1781200031	snap	0	sdk	composepost	send_exhausted	0
1781200031	snap	0	sdk	composepost	send_canceled	0
1781200031	snap	0	sdk	composepost	send_other	0
1781200031	snap	0	sdk	composepost	buffer_depth	0
0
1781200031	snap	0	sdk	hometimeline	spans_received	20000
1781200031	snap	0	sdk	hometimeline	spans_sent	20000
1781200031	snap	0	sdk	hometimeline	spans_dropped	0
1781200031	snap	0	sdk	hometimeline	spans_flushed	20000
1781200031	snap	0	sdk	hometimeline	batches_sent	1986
1781200031	snap	0	sdk	hometimeline	batches_dropped	0
1781200031	snap	0	sdk	hometimeline	send_unavailable	0
1781200031	snap	0	sdk	hometimeline	send_deadline	0
1781200031	snap	0	sdk	hometimeline	send_exhausted	0
1781200031	snap	0	sdk	hometimeline	send_canceled	0
1781200031	snap	0	sdk	hometimeline	send_other	0
1781200031	snap	0	sdk	hometimeline	buffer_depth	0
0
1781200031	snap	0	sdk	media	spans_received	10009
1781200031	snap	0	sdk	media	spans_sent	10009
1781200031	snap	0	sdk	media	spans_dropped	0
1781200031	snap	0	sdk	media	spans_flushed	10009
1781200031	snap	0	sdk	media	batches_sent	993
1781200031	snap	0	sdk	media	batches_dropped	0
1781200031	snap	0	sdk	media	send_unavailable	0
1781200031	snap	0	sdk	media	send_deadline	0
1781200031	snap	0	sdk	media	send_exhausted	0
1781200031	snap	0	sdk	media	send_canceled	0
1781200031	snap	0	sdk	media	send_other	0
1781200031	snap	0	sdk	media	buffer_depth	0
0
1781200031	snap	0	sdk	post-storage	spans_received	10000
1781200031	snap	0	sdk	post-storage	spans_sent	10000
1781200031	snap	0	sdk	post-storage	spans_dropped	0
1781200031	snap	0	sdk	post-storage	spans_flushed	10000
1781200031	snap	0	sdk	post-storage	batches_sent	993
1781200031	snap	0	sdk	post-storage	batches_dropped	0
1781200031	snap	0	sdk	post-storage	send_unavailable	0
1781200031	snap	0	sdk	post-storage	send_deadline	0
1781200031	snap	0	sdk	post-storage	send_exhausted	0
1781200031	snap	0	sdk	post-storage	send_canceled	0
1781200031	snap	0	sdk	post-storage	send_other	0
1781200031	snap	0	sdk	post-storage	buffer_depth	0
0
1781200031	snap	0	sdk	socialgraph	spans_received	123834
1781200031	snap	0	sdk	socialgraph	spans_sent	123834
1781200031	snap	0	sdk	socialgraph	spans_dropped	0
1781200031	snap	0	sdk	socialgraph	spans_flushed	123834
1781200031	snap	0	sdk	socialgraph	batches_sent	1476
1781200031	snap	0	sdk	socialgraph	batches_dropped	0
1781200031	snap	0	sdk	socialgraph	send_unavailable	0
1781200031	snap	0	sdk	socialgraph	send_deadline	0
1781200031	snap	0	sdk	socialgraph	send_exhausted	0
1781200031	snap	0	sdk	socialgraph	send_canceled	0
1781200031	snap	0	sdk	socialgraph	send_other	0
1781200031	snap	0	sdk	socialgraph	buffer_depth	0
0
1781200031	snap	0	sdk	text	spans_received	30045
1781200031	snap	0	sdk	text	spans_sent	30045
1781200031	snap	0	sdk	text	spans_dropped	0
1781200031	snap	0	sdk	text	spans_flushed	30045
1781200031	snap	0	sdk	text	batches_sent	2979
1781200031	snap	0	sdk	text	batches_dropped	0
1781200031	snap	0	sdk	text	send_unavailable	0
1781200031	snap	0	sdk	text	send_deadline	0
1781200031	snap	0	sdk	text	send_exhausted	0
1781200031	snap	0	sdk	text	send_canceled	0
1781200031	snap	0	sdk	text	send_other	0
1781200031	snap	0	sdk	text	buffer_depth	0
0
1781200031	snap	0	sdk	uniqueid	spans_received	10009
1781200031	snap	0	sdk	uniqueid	spans_sent	10009
1781200031	snap	0	sdk	uniqueid	spans_dropped	0
1781200031	snap	0	sdk	uniqueid	spans_flushed	10009
1781200031	snap	0	sdk	uniqueid	batches_sent	993
1781200031	snap	0	sdk	uniqueid	batches_dropped	0
1781200031	snap	0	sdk	uniqueid	send_unavailable	0
1781200031	snap	0	sdk	uniqueid	send_deadline	0
1781200031	snap	0	sdk	uniqueid	send_exhausted	0
1781200031	snap	0	sdk	uniqueid	send_canceled	0
1781200031	snap	0	sdk	uniqueid	send_other	0
1781200031	snap	0	sdk	uniqueid	buffer_depth	0
0
1781200031	snap	0	sdk	urlshorten	spans_received	10009
1781200031	snap	0	sdk	urlshorten	spans_sent	10009
1781200031	snap	0	sdk	urlshorten	spans_dropped	0
1781200031	snap	0	sdk	urlshorten	spans_flushed	10009
1781200031	snap	0	sdk	urlshorten	batches_sent	993
1781200031	snap	0	sdk	urlshorten	batches_dropped	0
1781200031	snap	0	sdk	urlshorten	send_unavailable	0
1781200031	snap	0	sdk	urlshorten	send_deadline	0
1781200031	snap	0	sdk	urlshorten	send_exhausted	0
1781200031	snap	0	sdk	urlshorten	send_canceled	0
1781200031	snap	0	sdk	urlshorten	send_other	0
1781200031	snap	0	sdk	urlshorten	buffer_depth	0
0
1781200031	snap	0	sdk	user	spans_received	11933
1781200031	snap	0	sdk	user	spans_sent	11933
1781200031	snap	0	sdk	user	spans_dropped	0
1781200031	snap	0	sdk	user	spans_flushed	11933
1781200031	snap	0	sdk	user	batches_sent	1005
1781200031	snap	0	sdk	user	batches_dropped	0
1781200031	snap	0	sdk	user	send_unavailable	0
1781200031	snap	0	sdk	user	send_deadline	0
1781200031	snap	0	sdk	user	send_exhausted	0
1781200031	snap	0	sdk	user	send_canceled	0
1781200031	snap	0	sdk	user	send_other	0
1781200031	snap	0	sdk	user	buffer_depth	0
0
1781200031	snap	0	sdk	userid	spans_received	75248
1781200031	snap	0	sdk	userid	spans_sent	75248
1781200031	snap	0	sdk	userid	spans_dropped	0
1781200031	snap	0	sdk	userid	spans_flushed	75248
1781200031	snap	0	sdk	userid	batches_sent	245
1781200031	snap	0	sdk	userid	batches_dropped	0
1781200031	snap	0	sdk	userid	send_unavailable	0
1781200031	snap	0	sdk	userid	send_deadline	0
1781200031	snap	0	sdk	userid	send_exhausted	0
1781200031	snap	0	sdk	userid	send_canceled	0
1781200031	snap	0	sdk	userid	send_other	0
1781200031	snap	0	sdk	userid	buffer_depth	0
0
1781200031	snap	0	sdk	usermention	spans_received	10009
1781200031	snap	0	sdk	usermention	spans_sent	10009
1781200031	snap	0	sdk	usermention	spans_dropped	0
1781200031	snap	0	sdk	usermention	spans_flushed	10009
1781200031	snap	0	sdk	usermention	batches_sent	993
1781200031	snap	0	sdk	usermention	batches_dropped	0
1781200031	snap	0	sdk	usermention	send_unavailable	0
1781200031	snap	0	sdk	usermention	send_deadline	0
1781200031	snap	0	sdk	usermention	send_exhausted	0
1781200031	snap	0	sdk	usermention	send_canceled	0
1781200031	snap	0	sdk	usermention	send_other	0
1781200031	snap	0	sdk	usermention	buffer_depth	0
0
1781200031	snap	0	sdk	usertimeline	spans_received	10000
1781200031	snap	0	sdk	usertimeline	spans_sent	10000
1781200031	snap	0	sdk	usertimeline	spans_dropped	0
1781200031	snap	0	sdk	usertimeline	spans_flushed	10000
1781200031	snap	0	sdk	usertimeline	batches_sent	992
1781200031	snap	0	sdk	usertimeline	batches_dropped	0
1781200031	snap	0	sdk	usertimeline	send_unavailable	0
1781200031	snap	0	sdk	usertimeline	send_deadline	0
1781200031	snap	0	sdk	usertimeline	send_exhausted	0
1781200031	snap	0	sdk	usertimeline	send_canceled	0
1781200031	snap	0	sdk	usertimeline	send_other	0
1781200031	snap	0	sdk	usertimeline	buffer_depth	0
0
1781200038	snap	2000	otelcol	otelcol-sb-esrev0-ctr-mrm6k	otelcol_exporter_queue_size	0
1781200038	snap	2000	otelcol	otelcol-sb-esrev0-ctr-mrm6k	otelcol_processor_batch_batch_send_size_sum	20482
1781200038	snap	2000	otelcol	otelcol-sb-esrev0-ctr-mrm6k	otelcol_process_runtime_heap_alloc_bytes	37958624
1781200038	snap	2000	otelcol	otelcol-sb-esrev0-ctr-mrm6k	otelcol_exporter_queue_batch_send_size_sum	20482
1781200038	snap	2000	otelcol	otelcol-sb-esrev0-ctr-mrm6k	otelcol_process_uptime	186
1781200038	snap	2000	otelcol	otelcol-sb-esrev0-ctr-mrm6k	otelcol_processor_outgoing_items	20482
1781200038	snap	2000	otelcol	otelcol-sb-esrev0-ctr-mrm6k	otelcol_process_runtime_total_alloc_bytes	117633616
1781200038	snap	2000	otelcol	otelcol-sb-esrev0-ctr-mrm6k	otelcol_process_memory_rss	208322560
1781200038	snap	2000	otelcol	otelcol-sb-esrev0-ctr-mrm6k	otelcol_process_cpu_seconds	5
1781200038	snap	2000	otelcol	otelcol-sb-esrev0-ctr-mrm6k	otelcol_exporter_send_failed_spans	0
1781200038	snap	2000	otelcol	otelcol-sb-esrev0-ctr-mrm6k	otelcol_receiver_accepted_spans	20482
1781200038	snap	2000	otelcol	otelcol-sb-esrev0-ctr-mrm6k	otelcol_processor_batch_metadata_cardinality	1
1781200038	snap	2000	otelcol	otelcol-sb-esrev0-ctr-mrm6k	otelcol_receiver_refused_spans	0
1781200038	snap	2000	otelcol	otelcol-sb-esrev0-ctr-mrm6k	otelcol_receiver_failed_spans	0
1781200038	snap	2000	otelcol	otelcol-sb-esrev0-ctr-mrm6k	otelcol_processor_batch_timeout_trigger_send	661
1781200038	snap	2000	otelcol	otelcol-sb-esrev0-ctr-mrm6k	otelcol_process_runtime_total_sys_memory_bytes	76392728
1781200038	snap	2000	otelcol	otelcol-sb-esrev0-ctr-mrm6k	otelcol_exporter_queue_capacity	1001
1781200038	snap	2000	otelcol	otelcol-sb-esrev0-ctr-mrm6k	otelcol_processor_incoming_items	20482
1781200038	snap	2000	otelcol	otelcol-sb-esrev0-ctr-mrm6k	otelcol_exporter_sent_spans	20482
1781200038	snap	2000	otelcol	otelcol-sb-esrev0-ctr-rdtzq	otelcol_process_runtime_total_sys_memory_bytes	79989016
1781200038	snap	2000	otelcol	otelcol-sb-esrev0-ctr-rdtzq	otelcol_process_memory_rss	208084992
1781200038	snap	2000	otelcol	otelcol-sb-esrev0-ctr-rdtzq	otelcol_exporter_queue_capacity	1001
1781200038	snap	2000	otelcol	otelcol-sb-esrev0-ctr-rdtzq	otelcol_process_cpu_seconds	5
1781200038	snap	2000	otelcol	otelcol-sb-esrev0-ctr-rdtzq	otelcol_processor_incoming_items	20869
1781200038	snap	2000	otelcol	otelcol-sb-esrev0-ctr-rdtzq	otelcol_exporter_queue_batch_send_size_sum	20869
1781200038	snap	2000	otelcol	otelcol-sb-esrev0-ctr-rdtzq	otelcol_exporter_send_failed_spans	0
1781200038	snap	2000	otelcol	otelcol-sb-esrev0-ctr-rdtzq	otelcol_receiver_refused_spans	0
1781200038	snap	2000	otelcol	otelcol-sb-esrev0-ctr-rdtzq	otelcol_exporter_sent_spans	20869
1781200038	snap	2000	otelcol	otelcol-sb-esrev0-ctr-rdtzq	otelcol_process_runtime_total_alloc_bytes	130056728
1781200038	snap	2000	otelcol	otelcol-sb-esrev0-ctr-rdtzq	otelcol_process_runtime_heap_alloc_bytes	28443040
1781200038	snap	2000	otelcol	otelcol-sb-esrev0-ctr-rdtzq	otelcol_processor_outgoing_items	20869
1781200038	snap	2000	otelcol	otelcol-sb-esrev0-ctr-rdtzq	otelcol_process_uptime	186
1781200038	snap	2000	otelcol	otelcol-sb-esrev0-ctr-rdtzq	otelcol_receiver_failed_spans	0
1781200038	snap	2000	otelcol	otelcol-sb-esrev0-ctr-rdtzq	otelcol_processor_batch_metadata_cardinality	1
1781200038	snap	2000	otelcol	otelcol-sb-esrev0-ctr-rdtzq	otelcol_receiver_accepted_spans	20869
1781200038	snap	2000	otelcol	otelcol-sb-esrev0-ctr-rdtzq	otelcol_processor_batch_timeout_trigger_send	661
1781200038	snap	2000	otelcol	otelcol-sb-esrev0-ctr-rdtzq	otelcol_processor_batch_batch_send_size_sum	20869
1781200038	snap	2000	otelcol	otelcol-sb-esrev0-ctr-rdtzq	otelcol_exporter_queue_size	0
1781200038	snap	2000	otelcol	otelcol-sb-esrev0-ctr-glxdm	otelcol_receiver_failed_spans	0
1781200038	snap	2000	otelcol	otelcol-sb-esrev0-ctr-glxdm	otelcol_process_uptime	186
1781200038	snap	2000	otelcol	otelcol-sb-esrev0-ctr-glxdm	otelcol_exporter_queue_capacity	1001
1781200038	snap	2000	otelcol	otelcol-sb-esrev0-ctr-glxdm	otelcol_processor_batch_metadata_cardinality	1
1781200038	snap	2000	otelcol	otelcol-sb-esrev0-ctr-glxdm	otelcol_process_runtime_heap_alloc_bytes	37850040
1781200038	snap	2000	otelcol	otelcol-sb-esrev0-ctr-glxdm	otelcol_exporter_send_failed_spans	0
1781200038	snap	2000	otelcol	otelcol-sb-esrev0-ctr-glxdm	otelcol_processor_incoming_items	30519
1781200038	snap	2000	otelcol	otelcol-sb-esrev0-ctr-glxdm	otelcol_process_cpu_seconds	6
1781200038	snap	2000	otelcol	otelcol-sb-esrev0-ctr-glxdm	otelcol_exporter_sent_spans	30519
1781200038	snap	2000	otelcol	otelcol-sb-esrev0-ctr-glxdm	otelcol_receiver_refused_spans	0
1781200038	snap	2000	otelcol	otelcol-sb-esrev0-ctr-glxdm	otelcol_processor_batch_timeout_trigger_send	659
1781200038	snap	2000	otelcol	otelcol-sb-esrev0-ctr-glxdm	otelcol_processor_batch_batch_send_size_sum	30519
1781200038	snap	2000	otelcol	otelcol-sb-esrev0-ctr-glxdm	otelcol_process_runtime_total_alloc_bytes	137638912
1781200038	snap	2000	otelcol	otelcol-sb-esrev0-ctr-glxdm	otelcol_process_memory_rss	211017728
1781200038	snap	2000	otelcol	otelcol-sb-esrev0-ctr-glxdm	otelcol_exporter_queue_batch_send_size_sum	30519
1781200038	snap	2000	otelcol	otelcol-sb-esrev0-ctr-glxdm	otelcol_process_runtime_total_sys_memory_bytes	75786520
1781200038	snap	2000	otelcol	otelcol-sb-esrev0-ctr-glxdm	otelcol_receiver_accepted_spans	30519
1781200038	snap	2000	otelcol	otelcol-sb-esrev0-ctr-glxdm	otelcol_processor_outgoing_items	30519
1781200038	snap	2000	otelcol	otelcol-sb-esrev0-ctr-glxdm	otelcol_exporter_queue_size	0
1781200038	snap	2000	otelcol	otelcol-sb-esrev0-ctr-2bk4z	otelcol_processor_batch_batch_send_size_sum	134335
1781200038	snap	2000	otelcol	otelcol-sb-esrev0-ctr-2bk4z	otelcol_process_runtime_heap_alloc_bytes	42210144
1781200038	snap	2000	otelcol	otelcol-sb-esrev0-ctr-2bk4z	otelcol_exporter_queue_size	0
1781200038	snap	2000	otelcol	otelcol-sb-esrev0-ctr-2bk4z	otelcol_process_memory_rss	211656704
1781200038	snap	2000	otelcol	otelcol-sb-esrev0-ctr-2bk4z	otelcol_receiver_failed_spans	0
1781200038	snap	2000	otelcol	otelcol-sb-esrev0-ctr-2bk4z	otelcol_process_runtime_total_alloc_bytes	181908072
1781200038	snap	2000	otelcol	otelcol-sb-esrev0-ctr-2bk4z	otelcol_exporter_send_failed_spans	0
1781200038	snap	2000	otelcol	otelcol-sb-esrev0-ctr-2bk4z	otelcol_receiver_refused_spans	0
1781200038	snap	2000	otelcol	otelcol-sb-esrev0-ctr-2bk4z	otelcol_process_uptime	188
1781200038	snap	2000	otelcol	otelcol-sb-esrev0-ctr-2bk4z	otelcol_processor_incoming_items	134335
1781200038	snap	2000	otelcol	otelcol-sb-esrev0-ctr-2bk4z	otelcol_process_runtime_total_sys_memory_bytes	103000344
1781200038	snap	2000	otelcol	otelcol-sb-esrev0-ctr-2bk4z	otelcol_processor_outgoing_items	134335
1781200038	snap	2000	otelcol	otelcol-sb-esrev0-ctr-2bk4z	otelcol_process_cpu_seconds	6
1781200038	snap	2000	otelcol	otelcol-sb-esrev0-ctr-2bk4z	otelcol_exporter_queue_batch_send_size_sum	134335
1781200038	snap	2000	otelcol	otelcol-sb-esrev0-ctr-2bk4z	otelcol_processor_batch_metadata_cardinality	1
1781200038	snap	2000	otelcol	otelcol-sb-esrev0-ctr-2bk4z	otelcol_processor_batch_timeout_trigger_send	669
1781200038	snap	2000	otelcol	otelcol-sb-esrev0-ctr-2bk4z	otelcol_receiver_accepted_spans	134335
1781200038	snap	2000	otelcol	otelcol-sb-esrev0-ctr-2bk4z	otelcol_exporter_sent_spans	134335
1781200038	snap	2000	otelcol	otelcol-sb-esrev0-ctr-2bk4z	otelcol_exporter_queue_capacity	1001
1781200038	snap	2000	otelcol	otelcol-sb-esrev0-ctr-gcg4j	otelcol_receiver_failed_spans	0
1781200038	snap	2000	otelcol	otelcol-sb-esrev0-ctr-gcg4j	otelcol_processor_batch_timeout_trigger_send	653
1781200038	snap	2000	otelcol	otelcol-sb-esrev0-ctr-gcg4j	otelcol_exporter_queue_size	0
1781200038	snap	2000	otelcol	otelcol-sb-esrev0-ctr-gcg4j	otelcol_process_runtime_total_sys_memory_bytes	67135768
1781200038	snap	2000	otelcol	otelcol-sb-esrev0-ctr-gcg4j	otelcol_exporter_queue_batch_send_size_sum	10481
1781200038	snap	2000	otelcol	otelcol-sb-esrev0-ctr-gcg4j	otelcol_receiver_accepted_spans	10481
1781200038	snap	2000	otelcol	otelcol-sb-esrev0-ctr-gcg4j	otelcol_process_runtime_total_alloc_bytes	94365144
1781200038	snap	2000	otelcol	otelcol-sb-esrev0-ctr-gcg4j	otelcol_process_memory_rss	200470528
1781200038	snap	2000	otelcol	otelcol-sb-esrev0-ctr-gcg4j	otelcol_process_cpu_seconds	7
1781200038	snap	2000	otelcol	otelcol-sb-esrev0-ctr-gcg4j	otelcol_exporter_queue_capacity	1001
1781200038	snap	2000	otelcol	otelcol-sb-esrev0-ctr-gcg4j	otelcol_processor_incoming_items	10481
1781200038	snap	2000	otelcol	otelcol-sb-esrev0-ctr-gcg4j	otelcol_exporter_send_failed_spans	0
1781200038	snap	2000	otelcol	otelcol-sb-esrev0-ctr-gcg4j	otelcol_receiver_refused_spans	0
1781200038	snap	2000	otelcol	otelcol-sb-esrev0-ctr-gcg4j	otelcol_processor_outgoing_items	10481
1781200038	snap	2000	otelcol	otelcol-sb-esrev0-ctr-gcg4j	otelcol_processor_batch_metadata_cardinality	1
1781200038	snap	2000	otelcol	otelcol-sb-esrev0-ctr-gcg4j	otelcol_processor_batch_batch_send_size_sum	10481
1781200038	snap	2000	otelcol	otelcol-sb-esrev0-ctr-gcg4j	otelcol_process_uptime	184
1781200038	snap	2000	otelcol	otelcol-sb-esrev0-ctr-gcg4j	otelcol_process_runtime_heap_alloc_bytes	26725640
1781200038	snap	2000	otelcol	otelcol-sb-esrev0-ctr-gcg4j	otelcol_exporter_sent_spans	10481
1781200038	snap	2000	otelcol	otelcol-sb-esrev0-ctr-pr5gq	otelcol_receiver_accepted_spans	127792
1781200038	snap	2000	otelcol	otelcol-sb-esrev0-ctr-pr5gq	otelcol_receiver_failed_spans	0
1781200038	snap	2000	otelcol	otelcol-sb-esrev0-ctr-pr5gq	otelcol_process_uptime	185
1781200038	snap	2000	otelcol	otelcol-sb-esrev0-ctr-pr5gq	otelcol_exporter_queue_batch_send_size_sum	127792
1781200038	snap	2000	otelcol	otelcol-sb-esrev0-ctr-pr5gq	otelcol_processor_outgoing_items	127792
1781200038	snap	2000	otelcol	otelcol-sb-esrev0-ctr-pr5gq	otelcol_process_runtime_total_sys_memory_bytes	106178840
1781200038	snap	2000	otelcol	otelcol-sb-esrev0-ctr-pr5gq	otelcol_process_runtime_heap_alloc_bytes	28414824
1781200038	snap	2000	otelcol	otelcol-sb-esrev0-ctr-pr5gq	otelcol_exporter_queue_capacity	1001
1781200038	snap	2000	otelcol	otelcol-sb-esrev0-ctr-pr5gq	otelcol_process_memory_rss	212332544
1781200038	snap	2000	otelcol	otelcol-sb-esrev0-ctr-pr5gq	otelcol_exporter_queue_size	0
1781200038	snap	2000	otelcol	otelcol-sb-esrev0-ctr-pr5gq	otelcol_exporter_send_failed_spans	0
1781200038	snap	2000	otelcol	otelcol-sb-esrev0-ctr-pr5gq	otelcol_receiver_refused_spans	0
1781200038	snap	2000	otelcol	otelcol-sb-esrev0-ctr-pr5gq	otelcol_process_runtime_total_alloc_bytes	224879248
1781200038	snap	2000	otelcol	otelcol-sb-esrev0-ctr-pr5gq	otelcol_processor_batch_batch_send_size_sum	127792
1781200038	snap	2000	otelcol	otelcol-sb-esrev0-ctr-pr5gq	otelcol_process_cpu_seconds	8
1781200038	snap	2000	otelcol	otelcol-sb-esrev0-ctr-pr5gq	otelcol_processor_incoming_items	127792
1781200038	snap	2000	otelcol	otelcol-sb-esrev0-ctr-pr5gq	otelcol_processor_batch_metadata_cardinality	1
1781200038	snap	2000	otelcol	otelcol-sb-esrev0-ctr-pr5gq	otelcol_processor_batch_timeout_trigger_send	660
1781200038	snap	2000	otelcol	otelcol-sb-esrev0-ctr-pr5gq	otelcol_exporter_sent_spans	127792
1781200038	snap	2000	otelcol	otelcol-sb-esrev0-ctr-rbkvt	otelcol_processor_outgoing_items	22808
1781200038	snap	2000	otelcol	otelcol-sb-esrev0-ctr-rbkvt	otelcol_exporter_send_failed_spans	0
1781200038	snap	2000	otelcol	otelcol-sb-esrev0-ctr-rbkvt	otelcol_receiver_refused_spans	0
1781200038	snap	2000	otelcol	otelcol-sb-esrev0-ctr-rbkvt	otelcol_exporter_queue_size	0
1781200038	snap	2000	otelcol	otelcol-sb-esrev0-ctr-rbkvt	otelcol_exporter_queue_batch_send_size_sum	22808
1781200038	snap	2000	otelcol	otelcol-sb-esrev0-ctr-rbkvt	otelcol_process_runtime_total_sys_memory_bytes	76056856
1781200038	snap	2000	otelcol	otelcol-sb-esrev0-ctr-rbkvt	otelcol_receiver_failed_spans	0
1781200038	snap	2000	otelcol	otelcol-sb-esrev0-ctr-rbkvt	otelcol_processor_batch_metadata_cardinality	1
1781200038	snap	2000	otelcol	otelcol-sb-esrev0-ctr-rbkvt	otelcol_processor_batch_timeout_trigger_send	658
1781200038	snap	2000	otelcol	otelcol-sb-esrev0-ctr-rbkvt	otelcol_processor_batch_batch_send_size_sum	22808
1781200038	snap	2000	otelcol	otelcol-sb-esrev0-ctr-rbkvt	otelcol_receiver_accepted_spans	22808
1781200038	snap	2000	otelcol	otelcol-sb-esrev0-ctr-rbkvt	otelcol_process_cpu_seconds	5
1781200038	snap	2000	otelcol	otelcol-sb-esrev0-ctr-rbkvt	otelcol_process_uptime	185
1781200038	snap	2000	otelcol	otelcol-sb-esrev0-ctr-rbkvt	otelcol_process_runtime_heap_alloc_bytes	38155632
1781200038	snap	2000	otelcol	otelcol-sb-esrev0-ctr-rbkvt	otelcol_process_memory_rss	205824000
1781200038	snap	2000	otelcol	otelcol-sb-esrev0-ctr-rbkvt	otelcol_exporter_sent_spans	22808
1781200038	snap	2000	otelcol	otelcol-sb-esrev0-ctr-rbkvt	otelcol_exporter_queue_capacity	1001
1781200038	snap	2000	otelcol	otelcol-sb-esrev0-ctr-rbkvt	otelcol_process_runtime_total_alloc_bytes	115727136
1781200038	snap	2000	otelcol	otelcol-sb-esrev0-ctr-rbkvt	otelcol_processor_incoming_items	22808
1781200038	snap	2000	otelcol	otelcol-sb-esrev0-ctr-vnnmt	otelcol_process_cpu_seconds	5
1781200038	snap	2000	otelcol	otelcol-sb-esrev0-ctr-vnnmt	otelcol_exporter_sent_spans	20496
1781200038	snap	2000	otelcol	otelcol-sb-esrev0-ctr-vnnmt	otelcol_process_runtime_total_alloc_bytes	116168528
1781200038	snap	2000	otelcol	otelcol-sb-esrev0-ctr-vnnmt	otelcol_processor_outgoing_items	20496
1781200038	snap	2000	otelcol	otelcol-sb-esrev0-ctr-vnnmt	otelcol_process_runtime_heap_alloc_bytes	37528488
1781200038	snap	2000	otelcol	otelcol-sb-esrev0-ctr-vnnmt	otelcol_exporter_queue_size	0
1781200038	snap	2000	otelcol	otelcol-sb-esrev0-ctr-vnnmt	otelcol_exporter_queue_batch_send_size_sum	20496
1781200038	snap	2000	otelcol	otelcol-sb-esrev0-ctr-vnnmt	otelcol_processor_batch_batch_send_size_sum	20496
1781200038	snap	2000	otelcol	otelcol-sb-esrev0-ctr-vnnmt	otelcol_receiver_failed_spans	0
1781200038	snap	2000	otelcol	otelcol-sb-esrev0-ctr-vnnmt	otelcol_process_memory_rss	205750272
1781200038	snap	2000	otelcol	otelcol-sb-esrev0-ctr-vnnmt	otelcol_exporter_send_failed_spans	0
1781200038	snap	2000	otelcol	otelcol-sb-esrev0-ctr-vnnmt	otelcol_receiver_refused_spans	0
1781200038	snap	2000	otelcol	otelcol-sb-esrev0-ctr-vnnmt	otelcol_receiver_accepted_spans	20496
1781200038	snap	2000	otelcol	otelcol-sb-esrev0-ctr-vnnmt	otelcol_processor_batch_metadata_cardinality	1
1781200038	snap	2000	otelcol	otelcol-sb-esrev0-ctr-vnnmt	otelcol_process_runtime_total_sys_memory_bytes	70813976
1781200038	snap	2000	otelcol	otelcol-sb-esrev0-ctr-vnnmt	otelcol_processor_batch_timeout_trigger_send	661
1781200038	snap	2000	otelcol	otelcol-sb-esrev0-ctr-vnnmt	otelcol_processor_incoming_items	20496
1781200038	snap	2000	otelcol	otelcol-sb-esrev0-ctr-vnnmt	otelcol_process_uptime	185
1781200038	snap	2000	otelcol	otelcol-sb-esrev0-ctr-vnnmt	otelcol_exporter_queue_capacity	1001
1781200038	snap	2000	otelcol	otelcol-sb-esrev0-ctr-wht6z	otelcol_exporter_queue_size	0
1781200038	snap	2000	otelcol	otelcol-sb-esrev0-ctr-wht6z	otelcol_process_uptime	184
1781200038	snap	2000	otelcol	otelcol-sb-esrev0-ctr-wht6z	otelcol_receiver_accepted_spans	110558
1781200038	snap	2000	otelcol	otelcol-sb-esrev0-ctr-wht6z	otelcol_process_runtime_heap_alloc_bytes	31696680
1781200038	snap	2000	otelcol	otelcol-sb-esrev0-ctr-wht6z	otelcol_receiver_failed_spans	0
1781200038	snap	2000	otelcol	otelcol-sb-esrev0-ctr-wht6z	otelcol_process_runtime_total_alloc_bytes	309542488
1781200038	snap	2000	otelcol	otelcol-sb-esrev0-ctr-wht6z	otelcol_process_memory_rss	221040640
1781200038	snap	2000	otelcol	otelcol-sb-esrev0-ctr-wht6z	otelcol_exporter_queue_capacity	1001
1781200038	snap	2000	otelcol	otelcol-sb-esrev0-ctr-wht6z	otelcol_processor_incoming_items	110558
1781200038	snap	2000	otelcol	otelcol-sb-esrev0-ctr-wht6z	otelcol_processor_batch_metadata_cardinality	1
1781200038	snap	2000	otelcol	otelcol-sb-esrev0-ctr-wht6z	otelcol_process_cpu_seconds	9
1781200038	snap	2000	otelcol	otelcol-sb-esrev0-ctr-wht6z	otelcol_exporter_send_failed_spans	0
1781200038	snap	2000	otelcol	otelcol-sb-esrev0-ctr-wht6z	otelcol_exporter_sent_spans	110558
1781200038	snap	2000	otelcol	otelcol-sb-esrev0-ctr-wht6z	otelcol_process_runtime_total_sys_memory_bytes	93194520
1781200038	snap	2000	otelcol	otelcol-sb-esrev0-ctr-wht6z	otelcol_receiver_refused_spans	0
1781200038	snap	2000	otelcol	otelcol-sb-esrev0-ctr-wht6z	otelcol_exporter_queue_batch_send_size_sum	110558
1781200038	snap	2000	otelcol	otelcol-sb-esrev0-ctr-wht6z	otelcol_processor_batch_timeout_trigger_send	665
1781200038	snap	2000	otelcol	otelcol-sb-esrev0-ctr-wht6z	otelcol_processor_batch_batch_send_size_sum	110558
1781200038	snap	2000	otelcol	otelcol-sb-esrev0-ctr-wht6z	otelcol_processor_outgoing_items	110558
1781200038	snap	2000	k8s	otelcol-sb-esrev0-ctr-2bk4z	restart_count	0
1781200038	snap	2000	k8s	otelcol-sb-esrev0-ctr-gcg4j	restart_count	0
1781200038	snap	2000	k8s	otelcol-sb-esrev0-ctr-glxdm	restart_count	0
1781200038	snap	2000	k8s	otelcol-sb-esrev0-ctr-mrm6k	restart_count	0
1781200038	snap	2000	k8s	otelcol-sb-esrev0-ctr-pr5gq	restart_count	0
1781200038	snap	2000	k8s	otelcol-sb-esrev0-ctr-rbkvt	restart_count	0
1781200038	snap	2000	k8s	otelcol-sb-esrev0-ctr-rdtzq	restart_count	0
1781200038	snap	2000	k8s	otelcol-sb-esrev0-ctr-vnnmt	restart_count	0
1781200038	snap	2000	k8s	otelcol-sb-esrev0-ctr-wht6z	restart_count	0
1781200038	snap	2000	sdk	wrk2api	spans_received	12490
1781200038	snap	2000	sdk	wrk2api	spans_sent	12490
1781200038	snap	2000	sdk	wrk2api	spans_dropped	0
1781200038	snap	2000	sdk	wrk2api	spans_flushed	12490
1781200038	snap	2000	sdk	wrk2api	batches_sent	2451
1781200038	snap	2000	sdk	wrk2api	batches_dropped	0
1781200038	snap	2000	sdk	wrk2api	send_unavailable	0
1781200038	snap	2000	sdk	wrk2api	send_deadline	0
1781200038	snap	2000	sdk	wrk2api	send_exhausted	0
1781200038	snap	2000	sdk	wrk2api	send_canceled	0
1781200038	snap	2000	sdk	wrk2api	send_other	0
1781200038	snap	2000	sdk	wrk2api	buffer_depth	0
0
1781200038	snap	2000	sdk	composepost	spans_received	80063
1781200038	snap	2000	sdk	composepost	spans_sent	80063
1781200038	snap	2000	sdk	composepost	spans_dropped	0
1781200038	snap	2000	sdk	composepost	spans_flushed	80063
1781200038	snap	2000	sdk	composepost	batches_sent	7942
1781200038	snap	2000	sdk	composepost	batches_dropped	0
1781200038	snap	2000	sdk	composepost	send_unavailable	0
1781200038	snap	2000	sdk	composepost	send_deadline	0
1781200038	snap	2000	sdk	composepost	send_exhausted	0
1781200038	snap	2000	sdk	composepost	send_canceled	0
1781200038	snap	2000	sdk	composepost	send_other	0
1781200038	snap	2000	sdk	composepost	buffer_depth	0
0
1781200038	snap	2000	sdk	hometimeline	spans_received	20000
1781200038	snap	2000	sdk	hometimeline	spans_sent	20000
1781200038	snap	2000	sdk	hometimeline	spans_dropped	0
1781200038	snap	2000	sdk	hometimeline	spans_flushed	20000
1781200038	snap	2000	sdk	hometimeline	batches_sent	1986
1781200038	snap	2000	sdk	hometimeline	batches_dropped	0
1781200038	snap	2000	sdk	hometimeline	send_unavailable	0
1781200038	snap	2000	sdk	hometimeline	send_deadline	0
1781200038	snap	2000	sdk	hometimeline	send_exhausted	0
1781200038	snap	2000	sdk	hometimeline	send_canceled	0
1781200038	snap	2000	sdk	hometimeline	send_other	0
1781200038	snap	2000	sdk	hometimeline	buffer_depth	0
0
1781200038	snap	2000	sdk	media	spans_received	10009
1781200038	snap	2000	sdk	media	spans_sent	10009
1781200038	snap	2000	sdk	media	spans_dropped	0
1781200038	snap	2000	sdk	media	spans_flushed	10009
1781200038	snap	2000	sdk	media	batches_sent	993
1781200038	snap	2000	sdk	media	batches_dropped	0
1781200038	snap	2000	sdk	media	send_unavailable	0
1781200038	snap	2000	sdk	media	send_deadline	0
1781200038	snap	2000	sdk	media	send_exhausted	0
1781200038	snap	2000	sdk	media	send_canceled	0
1781200038	snap	2000	sdk	media	send_other	0
1781200038	snap	2000	sdk	media	buffer_depth	0
0
1781200038	snap	2000	sdk	post-storage	spans_received	10000
1781200038	snap	2000	sdk	post-storage	spans_sent	10000
1781200038	snap	2000	sdk	post-storage	spans_dropped	0
1781200038	snap	2000	sdk	post-storage	spans_flushed	10000
1781200038	snap	2000	sdk	post-storage	batches_sent	993
1781200038	snap	2000	sdk	post-storage	batches_dropped	0
1781200038	snap	2000	sdk	post-storage	send_unavailable	0
1781200038	snap	2000	sdk	post-storage	send_deadline	0
1781200038	snap	2000	sdk	post-storage	send_exhausted	0
1781200038	snap	2000	sdk	post-storage	send_canceled	0
1781200038	snap	2000	sdk	post-storage	send_other	0
1781200038	snap	2000	sdk	post-storage	buffer_depth	0
0
1781200038	snap	2000	sdk	socialgraph	spans_received	123834
1781200038	snap	2000	sdk	socialgraph	spans_sent	123834
1781200038	snap	2000	sdk	socialgraph	spans_dropped	0
1781200038	snap	2000	sdk	socialgraph	spans_flushed	123834
1781200038	snap	2000	sdk	socialgraph	batches_sent	1476
1781200038	snap	2000	sdk	socialgraph	batches_dropped	0
1781200038	snap	2000	sdk	socialgraph	send_unavailable	0
1781200038	snap	2000	sdk	socialgraph	send_deadline	0
1781200038	snap	2000	sdk	socialgraph	send_exhausted	0
1781200038	snap	2000	sdk	socialgraph	send_canceled	0
1781200038	snap	2000	sdk	socialgraph	send_other	0
1781200038	snap	2000	sdk	socialgraph	buffer_depth	0
0
1781200038	snap	2000	sdk	text	spans_received	30045
1781200038	snap	2000	sdk	text	spans_sent	30045
1781200038	snap	2000	sdk	text	spans_dropped	0
1781200038	snap	2000	sdk	text	spans_flushed	30045
1781200038	snap	2000	sdk	text	batches_sent	2979
1781200038	snap	2000	sdk	text	batches_dropped	0
1781200038	snap	2000	sdk	text	send_unavailable	0
1781200038	snap	2000	sdk	text	send_deadline	0
1781200038	snap	2000	sdk	text	send_exhausted	0
1781200038	snap	2000	sdk	text	send_canceled	0
1781200038	snap	2000	sdk	text	send_other	0
1781200038	snap	2000	sdk	text	buffer_depth	0
0
1781200038	snap	2000	sdk	uniqueid	spans_received	10009
1781200038	snap	2000	sdk	uniqueid	spans_sent	10009
1781200038	snap	2000	sdk	uniqueid	spans_dropped	0
1781200038	snap	2000	sdk	uniqueid	spans_flushed	10009
1781200038	snap	2000	sdk	uniqueid	batches_sent	993
1781200038	snap	2000	sdk	uniqueid	batches_dropped	0
1781200038	snap	2000	sdk	uniqueid	send_unavailable	0
1781200038	snap	2000	sdk	uniqueid	send_deadline	0
1781200038	snap	2000	sdk	uniqueid	send_exhausted	0
1781200038	snap	2000	sdk	uniqueid	send_canceled	0
1781200038	snap	2000	sdk	uniqueid	send_other	0
1781200038	snap	2000	sdk	uniqueid	buffer_depth	0
0
1781200038	snap	2000	sdk	urlshorten	spans_received	10009
1781200038	snap	2000	sdk	urlshorten	spans_sent	10009
1781200038	snap	2000	sdk	urlshorten	spans_dropped	0
1781200038	snap	2000	sdk	urlshorten	spans_flushed	10009
1781200038	snap	2000	sdk	urlshorten	batches_sent	993
1781200038	snap	2000	sdk	urlshorten	batches_dropped	0
1781200038	snap	2000	sdk	urlshorten	send_unavailable	0
1781200038	snap	2000	sdk	urlshorten	send_deadline	0
1781200038	snap	2000	sdk	urlshorten	send_exhausted	0
1781200038	snap	2000	sdk	urlshorten	send_canceled	0
1781200038	snap	2000	sdk	urlshorten	send_other	0
1781200038	snap	2000	sdk	urlshorten	buffer_depth	0
0
1781200038	snap	2000	sdk	user	spans_received	11933
1781200038	snap	2000	sdk	user	spans_sent	11933
1781200038	snap	2000	sdk	user	spans_dropped	0
1781200038	snap	2000	sdk	user	spans_flushed	11933
1781200038	snap	2000	sdk	user	batches_sent	1005
1781200038	snap	2000	sdk	user	batches_dropped	0
1781200038	snap	2000	sdk	user	send_unavailable	0
1781200038	snap	2000	sdk	user	send_deadline	0
1781200038	snap	2000	sdk	user	send_exhausted	0
1781200038	snap	2000	sdk	user	send_canceled	0
1781200038	snap	2000	sdk	user	send_other	0
1781200038	snap	2000	sdk	user	buffer_depth	0
0
1781200038	snap	2000	sdk	userid	spans_received	75248
1781200038	snap	2000	sdk	userid	spans_sent	75248
1781200038	snap	2000	sdk	userid	spans_dropped	0
1781200038	snap	2000	sdk	userid	spans_flushed	75248
1781200038	snap	2000	sdk	userid	batches_sent	245
1781200038	snap	2000	sdk	userid	batches_dropped	0
1781200038	snap	2000	sdk	userid	send_unavailable	0
1781200038	snap	2000	sdk	userid	send_deadline	0
1781200038	snap	2000	sdk	userid	send_exhausted	0
1781200038	snap	2000	sdk	userid	send_canceled	0
1781200038	snap	2000	sdk	userid	send_other	0
1781200038	snap	2000	sdk	userid	buffer_depth	0
0
1781200038	snap	2000	sdk	usermention	spans_received	10009
1781200038	snap	2000	sdk	usermention	spans_sent	10009
1781200038	snap	2000	sdk	usermention	spans_dropped	0
1781200038	snap	2000	sdk	usermention	spans_flushed	10009
1781200038	snap	2000	sdk	usermention	batches_sent	993
1781200038	snap	2000	sdk	usermention	batches_dropped	0
1781200038	snap	2000	sdk	usermention	send_unavailable	0
1781200038	snap	2000	sdk	usermention	send_deadline	0
1781200038	snap	2000	sdk	usermention	send_exhausted	0
1781200038	snap	2000	sdk	usermention	send_canceled	0
1781200038	snap	2000	sdk	usermention	send_other	0
1781200038	snap	2000	sdk	usermention	buffer_depth	0
0
1781200038	snap	2000	sdk	usertimeline	spans_received	10000
1781200038	snap	2000	sdk	usertimeline	spans_sent	10000
1781200038	snap	2000	sdk	usertimeline	spans_dropped	0
1781200038	snap	2000	sdk	usertimeline	spans_flushed	10000
1781200038	snap	2000	sdk	usertimeline	batches_sent	992
1781200038	snap	2000	sdk	usertimeline	batches_dropped	0
1781200038	snap	2000	sdk	usertimeline	send_unavailable	0
1781200038	snap	2000	sdk	usertimeline	send_deadline	0
1781200038	snap	2000	sdk	usertimeline	send_exhausted	0
1781200038	snap	2000	sdk	usertimeline	send_canceled	0
1781200038	snap	2000	sdk	usertimeline	send_other	0
1781200038	snap	2000	sdk	usertimeline	buffer_depth	0
0
1781200105	snap	2000	otelcol	otelcol-sb-esrev0-ctr-mrm6k	otelcol_exporter_queue_size	0
1781200105	snap	2000	otelcol	otelcol-sb-esrev0-ctr-mrm6k	otelcol_processor_batch_batch_send_size_sum	167907
1781200105	snap	2000	otelcol	otelcol-sb-esrev0-ctr-mrm6k	otelcol_process_runtime_heap_alloc_bytes	47711072
1781200105	snap	2000	otelcol	otelcol-sb-esrev0-ctr-mrm6k	otelcol_exporter_queue_batch_send_size_sum	167907
1781200105	snap	2000	otelcol	otelcol-sb-esrev0-ctr-mrm6k	otelcol_process_uptime	253
1781200105	snap	2000	otelcol	otelcol-sb-esrev0-ctr-mrm6k	otelcol_processor_outgoing_items	167907
1781200105	snap	2000	otelcol	otelcol-sb-esrev0-ctr-mrm6k	otelcol_process_runtime_total_alloc_bytes	217669656
1781200105	snap	2000	otelcol	otelcol-sb-esrev0-ctr-mrm6k	otelcol_process_memory_rss	214200320
1781200105	snap	2000	otelcol	otelcol-sb-esrev0-ctr-mrm6k	otelcol_process_cpu_seconds	9
1781200105	snap	2000	otelcol	otelcol-sb-esrev0-ctr-mrm6k	otelcol_exporter_send_failed_spans	0
1781200105	snap	2000	otelcol	otelcol-sb-esrev0-ctr-mrm6k	otelcol_receiver_accepted_spans	167907
1781200105	snap	2000	otelcol	otelcol-sb-esrev0-ctr-mrm6k	otelcol_processor_batch_metadata_cardinality	1
1781200105	snap	2000	otelcol	otelcol-sb-esrev0-ctr-mrm6k	otelcol_receiver_refused_spans	0
1781200105	snap	2000	otelcol	otelcol-sb-esrev0-ctr-mrm6k	otelcol_receiver_failed_spans	0
1781200105	snap	2000	otelcol	otelcol-sb-esrev0-ctr-mrm6k	otelcol_processor_batch_timeout_trigger_send	961
1781200105	snap	2000	otelcol	otelcol-sb-esrev0-ctr-mrm6k	otelcol_process_runtime_total_sys_memory_bytes	80726296
1781200105	snap	2000	otelcol	otelcol-sb-esrev0-ctr-mrm6k	otelcol_exporter_queue_capacity	1001
1781200105	snap	2000	otelcol	otelcol-sb-esrev0-ctr-mrm6k	otelcol_processor_incoming_items	167907
1781200105	snap	2000	otelcol	otelcol-sb-esrev0-ctr-mrm6k	otelcol_exporter_sent_spans	167907
1781200105	snap	2000	otelcol	otelcol-sb-esrev0-ctr-rdtzq	otelcol_process_runtime_total_sys_memory_bytes	84338968
1781200105	snap	2000	otelcol	otelcol-sb-esrev0-ctr-rdtzq	otelcol_process_memory_rss	219144192
1781200105	snap	2000	otelcol	otelcol-sb-esrev0-ctr-rdtzq	otelcol_exporter_queue_capacity	1001
1781200105	snap	2000	otelcol	otelcol-sb-esrev0-ctr-rdtzq	otelcol_process_cpu_seconds	9
1781200105	snap	2000	otelcol	otelcol-sb-esrev0-ctr-rdtzq	otelcol_processor_incoming_items	167096
1781200105	snap	2000	otelcol	otelcol-sb-esrev0-ctr-rdtzq	otelcol_exporter_queue_batch_send_size_sum	167096
1781200105	snap	2000	otelcol	otelcol-sb-esrev0-ctr-rdtzq	otelcol_exporter_send_failed_spans	0
1781200105	snap	2000	otelcol	otelcol-sb-esrev0-ctr-rdtzq	otelcol_receiver_refused_spans	0
1781200105	snap	2000	otelcol	otelcol-sb-esrev0-ctr-rdtzq	otelcol_exporter_sent_spans	167096
1781200105	snap	2000	otelcol	otelcol-sb-esrev0-ctr-rdtzq	otelcol_process_runtime_total_alloc_bytes	236572688
1781200105	snap	2000	otelcol	otelcol-sb-esrev0-ctr-rdtzq	otelcol_process_runtime_heap_alloc_bytes	40900920
1781200105	snap	2000	otelcol	otelcol-sb-esrev0-ctr-rdtzq	otelcol_processor_outgoing_items	167096
1781200105	snap	2000	otelcol	otelcol-sb-esrev0-ctr-rdtzq	otelcol_process_uptime	253
1781200105	snap	2000	otelcol	otelcol-sb-esrev0-ctr-rdtzq	otelcol_receiver_failed_spans	0
1781200105	snap	2000	otelcol	otelcol-sb-esrev0-ctr-rdtzq	otelcol_processor_batch_metadata_cardinality	1
1781200105	snap	2000	otelcol	otelcol-sb-esrev0-ctr-rdtzq	otelcol_receiver_accepted_spans	167096
1781200105	snap	2000	otelcol	otelcol-sb-esrev0-ctr-rdtzq	otelcol_processor_batch_timeout_trigger_send	960
1781200105	snap	2000	otelcol	otelcol-sb-esrev0-ctr-rdtzq	otelcol_processor_batch_batch_send_size_sum	167096
1781200105	snap	2000	otelcol	otelcol-sb-esrev0-ctr-rdtzq	otelcol_exporter_queue_size	0
1781200105	snap	2000	otelcol	otelcol-sb-esrev0-ctr-glxdm	otelcol_receiver_failed_spans	0
1781200105	snap	2000	otelcol	otelcol-sb-esrev0-ctr-glxdm	otelcol_process_uptime	253
1781200105	snap	2000	otelcol	otelcol-sb-esrev0-ctr-glxdm	otelcol_exporter_queue_capacity	1001
1781200105	snap	2000	otelcol	otelcol-sb-esrev0-ctr-glxdm	otelcol_processor_batch_metadata_cardinality	1
1781200105	snap	2000	otelcol	otelcol-sb-esrev0-ctr-glxdm	otelcol_process_runtime_heap_alloc_bytes	31848776
1781200105	snap	2000	otelcol	otelcol-sb-esrev0-ctr-glxdm	otelcol_exporter_send_failed_spans	0
1781200105	snap	2000	otelcol	otelcol-sb-esrev0-ctr-glxdm	otelcol_processor_incoming_items	296603
1781200105	snap	2000	otelcol	otelcol-sb-esrev0-ctr-glxdm	otelcol_process_cpu_seconds	11
1781200105	snap	2000	otelcol	otelcol-sb-esrev0-ctr-glxdm	otelcol_exporter_sent_spans	296603
1781200105	snap	2000	otelcol	otelcol-sb-esrev0-ctr-glxdm	otelcol_receiver_refused_spans	0
1781200105	snap	2000	otelcol	otelcol-sb-esrev0-ctr-glxdm	otelcol_processor_batch_timeout_trigger_send	958
1781200105	snap	2000	otelcol	otelcol-sb-esrev0-ctr-glxdm	otelcol_processor_batch_batch_send_size_sum	296603
1781200105	snap	2000	otelcol	otelcol-sb-esrev0-ctr-glxdm	otelcol_process_runtime_total_alloc_bytes	311416008
1781200105	snap	2000	otelcol	otelcol-sb-esrev0-ctr-glxdm	otelcol_process_memory_rss	224587776
1781200105	snap	2000	otelcol	otelcol-sb-esrev0-ctr-glxdm	otelcol_exporter_queue_batch_send_size_sum	296603
1781200105	snap	2000	otelcol	otelcol-sb-esrev0-ctr-glxdm	otelcol_process_runtime_total_sys_memory_bytes	93124904
1781200105	snap	2000	otelcol	otelcol-sb-esrev0-ctr-glxdm	otelcol_receiver_accepted_spans	296603
1781200105	snap	2000	otelcol	otelcol-sb-esrev0-ctr-glxdm	otelcol_processor_outgoing_items	296603
1781200105	snap	2000	otelcol	otelcol-sb-esrev0-ctr-glxdm	otelcol_exporter_queue_size	0
1781200105	snap	2000	otelcol	otelcol-sb-esrev0-ctr-2bk4z	otelcol_processor_batch_batch_send_size_sum	281760
1781200105	snap	2000	otelcol	otelcol-sb-esrev0-ctr-2bk4z	otelcol_process_runtime_heap_alloc_bytes	30305624
1781200105	snap	2000	otelcol	otelcol-sb-esrev0-ctr-2bk4z	otelcol_exporter_queue_size	0
1781200105	snap	2000	otelcol	otelcol-sb-esrev0-ctr-2bk4z	otelcol_process_memory_rss	221659136
1781200105	snap	2000	otelcol	otelcol-sb-esrev0-ctr-2bk4z	otelcol_receiver_failed_spans	0
1781200105	snap	2000	otelcol	otelcol-sb-esrev0-ctr-2bk4z	otelcol_process_runtime_total_alloc_bytes	289162832
1781200105	snap	2000	otelcol	otelcol-sb-esrev0-ctr-2bk4z	otelcol_exporter_send_failed_spans	0
1781200105	snap	2000	otelcol	otelcol-sb-esrev0-ctr-2bk4z	otelcol_receiver_refused_spans	0
1781200105	snap	2000	otelcol	otelcol-sb-esrev0-ctr-2bk4z	otelcol_process_uptime	255
1781200105	snap	2000	otelcol	otelcol-sb-esrev0-ctr-2bk4z	otelcol_processor_incoming_items	281760
1781200105	snap	2000	otelcol	otelcol-sb-esrev0-ctr-2bk4z	otelcol_process_runtime_total_sys_memory_bytes	103016728
1781200105	snap	2000	otelcol	otelcol-sb-esrev0-ctr-2bk4z	otelcol_processor_outgoing_items	281760
1781200105	snap	2000	otelcol	otelcol-sb-esrev0-ctr-2bk4z	otelcol_process_cpu_seconds	10
1781200105	snap	2000	otelcol	otelcol-sb-esrev0-ctr-2bk4z	otelcol_exporter_queue_batch_send_size_sum	281760
1781200105	snap	2000	otelcol	otelcol-sb-esrev0-ctr-2bk4z	otelcol_processor_batch_metadata_cardinality	1
1781200105	snap	2000	otelcol	otelcol-sb-esrev0-ctr-2bk4z	otelcol_processor_batch_timeout_trigger_send	969
1781200105	snap	2000	otelcol	otelcol-sb-esrev0-ctr-2bk4z	otelcol_receiver_accepted_spans	281760
1781200105	snap	2000	otelcol	otelcol-sb-esrev0-ctr-2bk4z	otelcol_exporter_sent_spans	281760
1781200105	snap	2000	otelcol	otelcol-sb-esrev0-ctr-2bk4z	otelcol_exporter_queue_capacity	1001
1781200105	snap	2000	otelcol	otelcol-sb-esrev0-ctr-gcg4j	otelcol_receiver_failed_spans	0
1781200105	snap	2000	otelcol	otelcol-sb-esrev0-ctr-gcg4j	otelcol_processor_batch_timeout_trigger_send	952
1781200105	snap	2000	otelcol	otelcol-sb-esrev0-ctr-gcg4j	otelcol_exporter_queue_size	0
1781200105	snap	2000	otelcol	otelcol-sb-esrev0-ctr-gcg4j	otelcol_process_runtime_total_sys_memory_bytes	71592216
1781200105	snap	2000	otelcol	otelcol-sb-esrev0-ctr-gcg4j	otelcol_exporter_queue_batch_send_size_sum	36849
1781200105	snap	2000	otelcol	otelcol-sb-esrev0-ctr-gcg4j	otelcol_receiver_accepted_spans	36849
1781200105	snap	2000	otelcol	otelcol-sb-esrev0-ctr-gcg4j	otelcol_process_runtime_total_alloc_bytes	127652104
1781200105	snap	2000	otelcol	otelcol-sb-esrev0-ctr-gcg4j	otelcol_process_memory_rss	206024704
1781200105	snap	2000	otelcol	otelcol-sb-esrev0-ctr-gcg4j	otelcol_process_cpu_seconds	10
1781200105	snap	2000	otelcol	otelcol-sb-esrev0-ctr-gcg4j	otelcol_exporter_queue_capacity	1001
1781200105	snap	2000	otelcol	otelcol-sb-esrev0-ctr-gcg4j	otelcol_processor_incoming_items	36849
1781200105	snap	2000	otelcol	otelcol-sb-esrev0-ctr-gcg4j	otelcol_exporter_send_failed_spans	0
1781200105	snap	2000	otelcol	otelcol-sb-esrev0-ctr-gcg4j	otelcol_receiver_refused_spans	0
1781200105	snap	2000	otelcol	otelcol-sb-esrev0-ctr-gcg4j	otelcol_processor_outgoing_items	36849
1781200105	snap	2000	otelcol	otelcol-sb-esrev0-ctr-gcg4j	otelcol_processor_batch_metadata_cardinality	1
1781200105	snap	2000	otelcol	otelcol-sb-esrev0-ctr-gcg4j	otelcol_processor_batch_batch_send_size_sum	36849
1781200105	snap	2000	otelcol	otelcol-sb-esrev0-ctr-gcg4j	otelcol_process_uptime	251
1781200105	snap	2000	otelcol	otelcol-sb-esrev0-ctr-gcg4j	otelcol_process_runtime_heap_alloc_bytes	40902448
1781200105	snap	2000	otelcol	otelcol-sb-esrev0-ctr-gcg4j	otelcol_exporter_sent_spans	36849
1781200105	snap	2000	otelcol	otelcol-sb-esrev0-ctr-pr5gq	otelcol_receiver_accepted_spans	633586
1781200105	snap	2000	otelcol	otelcol-sb-esrev0-ctr-pr5gq	otelcol_receiver_failed_spans	0
1781200105	snap	2000	otelcol	otelcol-sb-esrev0-ctr-pr5gq	otelcol_process_uptime	252
1781200105	snap	2000	otelcol	otelcol-sb-esrev0-ctr-pr5gq	otelcol_exporter_queue_batch_send_size_sum	633586
1781200105	snap	2000	otelcol	otelcol-sb-esrev0-ctr-pr5gq	otelcol_processor_outgoing_items	633586
1781200105	snap	2000	otelcol	otelcol-sb-esrev0-ctr-pr5gq	otelcol_process_runtime_total_sys_memory_bytes	106703128
1781200105	snap	2000	otelcol	otelcol-sb-esrev0-ctr-pr5gq	otelcol_process_runtime_heap_alloc_bytes	41551872
1781200105	snap	2000	otelcol	otelcol-sb-esrev0-ctr-pr5gq	otelcol_exporter_queue_capacity	1001
1781200105	snap	2000	otelcol	otelcol-sb-esrev0-ctr-pr5gq	otelcol_process_memory_rss	229613568
1781200105	snap	2000	otelcol	otelcol-sb-esrev0-ctr-pr5gq	otelcol_exporter_queue_size	0
1781200105	snap	2000	otelcol	otelcol-sb-esrev0-ctr-pr5gq	otelcol_exporter_send_failed_spans	0
1781200105	snap	2000	otelcol	otelcol-sb-esrev0-ctr-pr5gq	otelcol_receiver_refused_spans	0
1781200105	snap	2000	otelcol	otelcol-sb-esrev0-ctr-pr5gq	otelcol_process_runtime_total_alloc_bytes	485047168
1781200105	snap	2000	otelcol	otelcol-sb-esrev0-ctr-pr5gq	otelcol_processor_batch_batch_send_size_sum	633586
1781200105	snap	2000	otelcol	otelcol-sb-esrev0-ctr-pr5gq	otelcol_process_cpu_seconds	14
1781200105	snap	2000	otelcol	otelcol-sb-esrev0-ctr-pr5gq	otelcol_processor_incoming_items	633586
1781200105	snap	2000	otelcol	otelcol-sb-esrev0-ctr-pr5gq	otelcol_processor_batch_metadata_cardinality	1
1781200105	snap	2000	otelcol	otelcol-sb-esrev0-ctr-pr5gq	otelcol_processor_batch_timeout_trigger_send	960
1781200105	snap	2000	otelcol	otelcol-sb-esrev0-ctr-pr5gq	otelcol_exporter_sent_spans	633586
1781200105	snap	2000	otelcol	otelcol-sb-esrev0-ctr-rbkvt	otelcol_processor_outgoing_items	169033
1781200105	snap	2000	otelcol	otelcol-sb-esrev0-ctr-rbkvt	otelcol_exporter_send_failed_spans	0
1781200105	snap	2000	otelcol	otelcol-sb-esrev0-ctr-rbkvt	otelcol_receiver_refused_spans	0
1781200105	snap	2000	otelcol	otelcol-sb-esrev0-ctr-rbkvt	otelcol_exporter_queue_size	0
1781200105	snap	2000	otelcol	otelcol-sb-esrev0-ctr-rbkvt	otelcol_exporter_queue_batch_send_size_sum	169033
1781200105	snap	2000	otelcol	otelcol-sb-esrev0-ctr-rbkvt	otelcol_process_runtime_total_sys_memory_bytes	85182744
1781200105	snap	2000	otelcol	otelcol-sb-esrev0-ctr-rbkvt	otelcol_receiver_failed_spans	0
1781200105	snap	2000	otelcol	otelcol-sb-esrev0-ctr-rbkvt	otelcol_processor_batch_metadata_cardinality	1
1781200105	snap	2000	otelcol	otelcol-sb-esrev0-ctr-rbkvt	otelcol_processor_batch_timeout_trigger_send	957
1781200105	snap	2000	otelcol	otelcol-sb-esrev0-ctr-rbkvt	otelcol_processor_batch_batch_send_size_sum	169033
1781200105	snap	2000	otelcol	otelcol-sb-esrev0-ctr-rbkvt	otelcol_receiver_accepted_spans	169033
1781200105	snap	2000	otelcol	otelcol-sb-esrev0-ctr-rbkvt	otelcol_process_cpu_seconds	9
1781200105	snap	2000	otelcol	otelcol-sb-esrev0-ctr-rbkvt	otelcol_process_uptime	252
1781200105	snap	2000	otelcol	otelcol-sb-esrev0-ctr-rbkvt	otelcol_process_runtime_heap_alloc_bytes	49365952
1781200105	snap	2000	otelcol	otelcol-sb-esrev0-ctr-rbkvt	otelcol_process_memory_rss	215949312
1781200105	snap	2000	otelcol	otelcol-sb-esrev0-ctr-rbkvt	otelcol_exporter_sent_spans	169033
1781200105	snap	2000	otelcol	otelcol-sb-esrev0-ctr-rbkvt	otelcol_exporter_queue_capacity	1001
1781200105	snap	2000	otelcol	otelcol-sb-esrev0-ctr-rbkvt	otelcol_process_runtime_total_alloc_bytes	220073328
1781200105	snap	2000	otelcol	otelcol-sb-esrev0-ctr-rbkvt	otelcol_processor_incoming_items	169033
1781200105	snap	2000	otelcol	otelcol-sb-esrev0-ctr-vnnmt	otelcol_process_cpu_seconds	9
1781200105	snap	2000	otelcol	otelcol-sb-esrev0-ctr-vnnmt	otelcol_exporter_sent_spans	166721
1781200105	snap	2000	otelcol	otelcol-sb-esrev0-ctr-vnnmt	otelcol_process_runtime_total_alloc_bytes	220530240
1781200105	snap	2000	otelcol	otelcol-sb-esrev0-ctr-vnnmt	otelcol_processor_outgoing_items	166721
1781200105	snap	2000	otelcol	otelcol-sb-esrev0-ctr-vnnmt	otelcol_process_runtime_heap_alloc_bytes	30002480
1781200105	snap	2000	otelcol	otelcol-sb-esrev0-ctr-vnnmt	otelcol_exporter_queue_size	0
1781200105	snap	2000	otelcol	otelcol-sb-esrev0-ctr-vnnmt	otelcol_exporter_queue_batch_send_size_sum	166721
1781200105	snap	2000	otelcol	otelcol-sb-esrev0-ctr-vnnmt	otelcol_processor_batch_batch_send_size_sum	166721
1781200105	snap	2000	otelcol	otelcol-sb-esrev0-ctr-vnnmt	otelcol_receiver_failed_spans	0
1781200105	snap	2000	otelcol	otelcol-sb-esrev0-ctr-vnnmt	otelcol_process_memory_rss	212844544
1781200105	snap	2000	otelcol	otelcol-sb-esrev0-ctr-vnnmt	otelcol_exporter_send_failed_spans	0
1781200105	snap	2000	otelcol	otelcol-sb-esrev0-ctr-vnnmt	otelcol_receiver_refused_spans	0
1781200105	snap	2000	otelcol	otelcol-sb-esrev0-ctr-vnnmt	otelcol_receiver_accepted_spans	166721
1781200105	snap	2000	otelcol	otelcol-sb-esrev0-ctr-vnnmt	otelcol_processor_batch_metadata_cardinality	1
1781200105	snap	2000	otelcol	otelcol-sb-esrev0-ctr-vnnmt	otelcol_process_runtime_total_sys_memory_bytes	80070936
1781200105	snap	2000	otelcol	otelcol-sb-esrev0-ctr-vnnmt	otelcol_processor_batch_timeout_trigger_send	961
1781200105	snap	2000	otelcol	otelcol-sb-esrev0-ctr-vnnmt	otelcol_processor_incoming_items	166721
1781200105	snap	2000	otelcol	otelcol-sb-esrev0-ctr-vnnmt	otelcol_process_uptime	253
1781200105	snap	2000	otelcol	otelcol-sb-esrev0-ctr-vnnmt	otelcol_exporter_queue_capacity	1001
1781200105	snap	2000	otelcol	otelcol-sb-esrev0-ctr-wht6z	otelcol_exporter_queue_size	0
1781200105	snap	2000	otelcol	otelcol-sb-esrev0-ctr-wht6z	otelcol_process_uptime	251
1781200105	snap	2000	otelcol	otelcol-sb-esrev0-ctr-wht6z	otelcol_receiver_accepted_spans	1335496
1781200105	snap	2000	otelcol	otelcol-sb-esrev0-ctr-wht6z	otelcol_process_runtime_heap_alloc_bytes	38399104
1781200105	snap	2000	otelcol	otelcol-sb-esrev0-ctr-wht6z	otelcol_receiver_failed_spans	0
1781200105	snap	2000	otelcol	otelcol-sb-esrev0-ctr-wht6z	otelcol_process_runtime_total_alloc_bytes	1150757992
1781200105	snap	2000	otelcol	otelcol-sb-esrev0-ctr-wht6z	otelcol_process_memory_rss	247107584
1781200105	snap	2000	otelcol	otelcol-sb-esrev0-ctr-wht6z	otelcol_exporter_queue_capacity	1001
1781200105	snap	2000	otelcol	otelcol-sb-esrev0-ctr-wht6z	otelcol_processor_incoming_items	1335496
1781200105	snap	2000	otelcol	otelcol-sb-esrev0-ctr-wht6z	otelcol_processor_batch_metadata_cardinality	1
1781200105	snap	2000	otelcol	otelcol-sb-esrev0-ctr-wht6z	otelcol_process_cpu_seconds	25
1781200105	snap	2000	otelcol	otelcol-sb-esrev0-ctr-wht6z	otelcol_exporter_send_failed_spans	0
1781200105	snap	2000	otelcol	otelcol-sb-esrev0-ctr-wht6z	otelcol_exporter_sent_spans	1335496
1781200105	snap	2000	otelcol	otelcol-sb-esrev0-ctr-wht6z	otelcol_process_runtime_total_sys_memory_bytes	118925592
1781200105	snap	2000	otelcol	otelcol-sb-esrev0-ctr-wht6z	otelcol_receiver_refused_spans	0
1781200105	snap	2000	otelcol	otelcol-sb-esrev0-ctr-wht6z	otelcol_exporter_queue_batch_send_size_sum	1335496
1781200105	snap	2000	otelcol	otelcol-sb-esrev0-ctr-wht6z	otelcol_processor_batch_timeout_trigger_send	965
1781200105	snap	2000	otelcol	otelcol-sb-esrev0-ctr-wht6z	otelcol_processor_batch_batch_send_size_sum	1335496
1781200105	snap	2000	otelcol	otelcol-sb-esrev0-ctr-wht6z	otelcol_processor_outgoing_items	1335496
1781200105	snap	2000	k8s	otelcol-sb-esrev0-ctr-2bk4z	restart_count	0
1781200105	snap	2000	k8s	otelcol-sb-esrev0-ctr-gcg4j	restart_count	0
1781200105	snap	2000	k8s	otelcol-sb-esrev0-ctr-glxdm	restart_count	0
1781200105	snap	2000	k8s	otelcol-sb-esrev0-ctr-mrm6k	restart_count	0
1781200105	snap	2000	k8s	otelcol-sb-esrev0-ctr-pr5gq	restart_count	0
1781200105	snap	2000	k8s	otelcol-sb-esrev0-ctr-rbkvt	restart_count	0
1781200105	snap	2000	k8s	otelcol-sb-esrev0-ctr-rdtzq	restart_count	0
1781200105	snap	2000	k8s	otelcol-sb-esrev0-ctr-vnnmt	restart_count	0
1781200105	snap	2000	k8s	otelcol-sb-esrev0-ctr-wht6z	restart_count	0
1781200105	snap	2000	sdk	wrk2api	spans_received	38856
1781200105	snap	2000	sdk	wrk2api	spans_sent	38856
1781200105	snap	2000	sdk	wrk2api	spans_dropped	0
1781200105	snap	2000	sdk	wrk2api	spans_flushed	38856
1781200105	snap	2000	sdk	wrk2api	batches_sent	3651
1781200105	snap	2000	sdk	wrk2api	batches_dropped	0
1781200105	snap	2000	sdk	wrk2api	send_unavailable	0
1781200105	snap	2000	sdk	wrk2api	send_deadline	0
1781200105	snap	2000	sdk	wrk2api	send_exhausted	0
1781200105	snap	2000	sdk	wrk2api	send_canceled	0
1781200105	snap	2000	sdk	wrk2api	send_other	0
1781200105	snap	2000	sdk	wrk2api	buffer_depth	0
0
1781200105	snap	2000	sdk	composepost	spans_received	1038919
1781200105	snap	2000	sdk	composepost	spans_sent	1038919
1781200105	snap	2000	sdk	composepost	spans_dropped	0
1781200105	snap	2000	sdk	composepost	spans_flushed	1038919
1781200105	snap	2000	sdk	composepost	batches_sent	12742
1781200105	snap	2000	sdk	composepost	batches_dropped	0
1781200105	snap	2000	sdk	composepost	send_unavailable	0
1781200105	snap	2000	sdk	composepost	send_deadline	0
1781200105	snap	2000	sdk	composepost	send_exhausted	0
1781200105	snap	2000	sdk	composepost	send_canceled	0
1781200105	snap	2000	sdk	composepost	send_other	0
1781200105	snap	2000	sdk	composepost	buffer_depth	0
0
1781200105	snap	2000	sdk	hometimeline	spans_received	259714
1781200105	snap	2000	sdk	hometimeline	spans_sent	259714
1781200105	snap	2000	sdk	hometimeline	spans_dropped	0
1781200105	snap	2000	sdk	hometimeline	spans_flushed	259714
1781200105	snap	2000	sdk	hometimeline	batches_sent	3186
1781200105	snap	2000	sdk	hometimeline	batches_dropped	0
1781200105	snap	2000	sdk	hometimeline	send_unavailable	0
1781200105	snap	2000	sdk	hometimeline	send_deadline	0
1781200105	snap	2000	sdk	hometimeline	send_exhausted	0
1781200105	snap	2000	sdk	hometimeline	send_canceled	0
1781200105	snap	2000	sdk	hometimeline	send_other	0
1781200105	snap	2000	sdk	hometimeline	buffer_depth	0
0
1781200105	snap	2000	sdk	media	spans_received	129866
1781200105	snap	2000	sdk	media	spans_sent	129866
1781200105	snap	2000	sdk	media	spans_dropped	0
1781200105	snap	2000	sdk	media	spans_flushed	129866
1781200105	snap	2000	sdk	media	batches_sent	1593
1781200105	snap	2000	sdk	media	batches_dropped	0
1781200105	snap	2000	sdk	media	send_unavailable	0
1781200105	snap	2000	sdk	media	send_deadline	0
1781200105	snap	2000	sdk	media	send_exhausted	0
1781200105	snap	2000	sdk	media	send_canceled	0
1781200105	snap	2000	sdk	media	send_other	0
1781200105	snap	2000	sdk	media	buffer_depth	0
0
1781200105	snap	2000	sdk	post-storage	spans_received	129857
1781200105	snap	2000	sdk	post-storage	spans_sent	129857
1781200105	snap	2000	sdk	post-storage	spans_dropped	0
1781200105	snap	2000	sdk	post-storage	spans_flushed	129857
1781200105	snap	2000	sdk	post-storage	batches_sent	1593
1781200105	snap	2000	sdk	post-storage	batches_dropped	0
1781200105	snap	2000	sdk	post-storage	send_unavailable	0
1781200105	snap	2000	sdk	post-storage	send_deadline	0
1781200105	snap	2000	sdk	post-storage	send_exhausted	0
1781200105	snap	2000	sdk	post-storage	send_canceled	0
1781200105	snap	2000	sdk	post-storage	send_other	0
1781200105	snap	2000	sdk	post-storage	buffer_depth	0
0
1781200105	snap	2000	sdk	socialgraph	spans_received	243691
1781200105	snap	2000	sdk	socialgraph	spans_sent	243691
1781200105	snap	2000	sdk	socialgraph	spans_dropped	0
1781200105	snap	2000	sdk	socialgraph	spans_flushed	243691
1781200105	snap	2000	sdk	socialgraph	batches_sent	2076
1781200105	snap	2000	sdk	socialgraph	batches_dropped	0
1781200105	snap	2000	sdk	socialgraph	send_unavailable	0
1781200105	snap	2000	sdk	socialgraph	send_deadline	0
1781200105	snap	2000	sdk	socialgraph	send_exhausted	0
1781200105	snap	2000	sdk	socialgraph	send_canceled	0
1781200105	snap	2000	sdk	socialgraph	send_other	0
1781200105	snap	2000	sdk	socialgraph	buffer_depth	0
0
1781200105	snap	2000	sdk	text	spans_received	389616
1781200105	snap	2000	sdk	text	spans_sent	389616
1781200105	snap	2000	sdk	text	spans_dropped	0
1781200105	snap	2000	sdk	text	spans_flushed	389616
1781200105	snap	2000	sdk	text	batches_sent	4779
1781200105	snap	2000	sdk	text	batches_dropped	0
1781200105	snap	2000	sdk	text	send_unavailable	0
1781200105	snap	2000	sdk	text	send_deadline	0
1781200105	snap	2000	sdk	text	send_exhausted	0
1781200105	snap	2000	sdk	text	send_canceled	0
1781200105	snap	2000	sdk	text	send_other	0
1781200105	snap	2000	sdk	text	buffer_depth	0
0
1781200105	snap	2000	sdk	uniqueid	spans_received	129866
1781200105	snap	2000	sdk	uniqueid	spans_sent	129866
1781200105	snap	2000	sdk	uniqueid	spans_dropped	0
1781200105	snap	2000	sdk	uniqueid	spans_flushed	129866
1781200105	snap	2000	sdk	uniqueid	batches_sent	1593
1781200105	snap	2000	sdk	uniqueid	batches_dropped	0
1781200105	snap	2000	sdk	uniqueid	send_unavailable	0
1781200105	snap	2000	sdk	uniqueid	send_deadline	0
1781200105	snap	2000	sdk	uniqueid	send_exhausted	0
1781200105	snap	2000	sdk	uniqueid	send_canceled	0
1781200105	snap	2000	sdk	uniqueid	send_other	0
1781200105	snap	2000	sdk	uniqueid	buffer_depth	0
0
1781200105	snap	2000	sdk	urlshorten	spans_received	129866
1781200105	snap	2000	sdk	urlshorten	spans_sent	129866
1781200105	snap	2000	sdk	urlshorten	spans_dropped	0
1781200105	snap	2000	sdk	urlshorten	spans_flushed	129866
1781200105	snap	2000	sdk	urlshorten	batches_sent	1593
1781200105	snap	2000	sdk	urlshorten	batches_dropped	0
1781200105	snap	2000	sdk	urlshorten	send_unavailable	0
1781200105	snap	2000	sdk	urlshorten	send_deadline	0
1781200105	snap	2000	sdk	urlshorten	send_exhausted	0
1781200105	snap	2000	sdk	urlshorten	send_canceled	0
1781200105	snap	2000	sdk	urlshorten	send_other	0
1781200105	snap	2000	sdk	urlshorten	buffer_depth	0
0
1781200105	snap	2000	sdk	user	spans_received	131790
1781200105	snap	2000	sdk	user	spans_sent	131790
1781200105	snap	2000	sdk	user	spans_dropped	0
1781200105	snap	2000	sdk	user	spans_flushed	131790
1781200105	snap	2000	sdk	user	batches_sent	1605
1781200105	snap	2000	sdk	user	batches_dropped	0
1781200105	snap	2000	sdk	user	send_unavailable	0
1781200105	snap	2000	sdk	user	send_deadline	0
1781200105	snap	2000	sdk	user	send_exhausted	0
1781200105	snap	2000	sdk	user	send_canceled	0
1781200105	snap	2000	sdk	user	send_other	0
1781200105	snap	2000	sdk	user	buffer_depth	0
0
1781200105	snap	2000	sdk	userid	spans_received	75248
1781200105	snap	2000	sdk	userid	spans_sent	75248
1781200105	snap	2000	sdk	userid	spans_dropped	0
1781200105	snap	2000	sdk	userid	spans_flushed	75248
1781200105	snap	2000	sdk	userid	batches_sent	245
1781200105	snap	2000	sdk	userid	batches_dropped	0
1781200105	snap	2000	sdk	userid	send_unavailable	0
1781200105	snap	2000	sdk	userid	send_deadline	0
1781200105	snap	2000	sdk	userid	send_exhausted	0
1781200105	snap	2000	sdk	userid	send_canceled	0
1781200105	snap	2000	sdk	userid	send_other	0
1781200105	snap	2000	sdk	userid	buffer_depth	0
0
1781200105	snap	2000	sdk	usermention	spans_received	129866
1781200105	snap	2000	sdk	usermention	spans_sent	129866
1781200105	snap	2000	sdk	usermention	spans_dropped	0
1781200105	snap	2000	sdk	usermention	spans_flushed	129866
1781200105	snap	2000	sdk	usermention	batches_sent	1593
1781200105	snap	2000	sdk	usermention	batches_dropped	0
1781200105	snap	2000	sdk	usermention	send_unavailable	0
1781200105	snap	2000	sdk	usermention	send_deadline	0
1781200105	snap	2000	sdk	usermention	send_exhausted	0
1781200105	snap	2000	sdk	usermention	send_canceled	0
1781200105	snap	2000	sdk	usermention	send_other	0
1781200105	snap	2000	sdk	usermention	buffer_depth	0
0
1781200105	snap	2000	sdk	usertimeline	spans_received	129857
1781200105	snap	2000	sdk	usertimeline	spans_sent	129857
1781200105	snap	2000	sdk	usertimeline	spans_dropped	0
1781200105	snap	2000	sdk	usertimeline	spans_flushed	129857
1781200105	snap	2000	sdk	usertimeline	batches_sent	1592
1781200105	snap	2000	sdk	usertimeline	batches_dropped	0
1781200105	snap	2000	sdk	usertimeline	send_unavailable	0
1781200105	snap	2000	sdk	usertimeline	send_deadline	0
1781200105	snap	2000	sdk	usertimeline	send_exhausted	0
1781200105	snap	2000	sdk	usertimeline	send_canceled	0
1781200105	snap	2000	sdk	usertimeline	send_other	0
1781200105	snap	2000	sdk	usertimeline	buffer_depth	0
0
1781200112	snap	2200	otelcol	otelcol-sb-esrev0-ctr-mrm6k	otelcol_exporter_queue_size	0
1781200112	snap	2200	otelcol	otelcol-sb-esrev0-ctr-mrm6k	otelcol_processor_batch_batch_send_size_sum	167907
1781200112	snap	2200	otelcol	otelcol-sb-esrev0-ctr-mrm6k	otelcol_process_runtime_heap_alloc_bytes	48284704
1781200112	snap	2200	otelcol	otelcol-sb-esrev0-ctr-mrm6k	otelcol_exporter_queue_batch_send_size_sum	167907
1781200112	snap	2200	otelcol	otelcol-sb-esrev0-ctr-mrm6k	otelcol_process_uptime	260
1781200112	snap	2200	otelcol	otelcol-sb-esrev0-ctr-mrm6k	otelcol_processor_outgoing_items	167907
1781200112	snap	2200	otelcol	otelcol-sb-esrev0-ctr-mrm6k	otelcol_process_runtime_total_alloc_bytes	218243288
1781200112	snap	2200	otelcol	otelcol-sb-esrev0-ctr-mrm6k	otelcol_process_memory_rss	214200320
1781200112	snap	2200	otelcol	otelcol-sb-esrev0-ctr-mrm6k	otelcol_process_cpu_seconds	9
1781200112	snap	2200	otelcol	otelcol-sb-esrev0-ctr-mrm6k	otelcol_exporter_send_failed_spans	0
1781200112	snap	2200	otelcol	otelcol-sb-esrev0-ctr-mrm6k	otelcol_receiver_accepted_spans	167907
1781200112	snap	2200	otelcol	otelcol-sb-esrev0-ctr-mrm6k	otelcol_processor_batch_metadata_cardinality	1
1781200112	snap	2200	otelcol	otelcol-sb-esrev0-ctr-mrm6k	otelcol_receiver_refused_spans	0
1781200112	snap	2200	otelcol	otelcol-sb-esrev0-ctr-mrm6k	otelcol_receiver_failed_spans	0
1781200112	snap	2200	otelcol	otelcol-sb-esrev0-ctr-mrm6k	otelcol_processor_batch_timeout_trigger_send	961
1781200112	snap	2200	otelcol	otelcol-sb-esrev0-ctr-mrm6k	otelcol_process_runtime_total_sys_memory_bytes	80726296
1781200112	snap	2200	otelcol	otelcol-sb-esrev0-ctr-mrm6k	otelcol_exporter_queue_capacity	1001
1781200112	snap	2200	otelcol	otelcol-sb-esrev0-ctr-mrm6k	otelcol_processor_incoming_items	167907
1781200112	snap	2200	otelcol	otelcol-sb-esrev0-ctr-mrm6k	otelcol_exporter_sent_spans	167907
1781200112	snap	2200	otelcol	otelcol-sb-esrev0-ctr-rdtzq	otelcol_process_runtime_total_sys_memory_bytes	84338968
1781200112	snap	2200	otelcol	otelcol-sb-esrev0-ctr-rdtzq	otelcol_process_memory_rss	219144192
1781200112	snap	2200	otelcol	otelcol-sb-esrev0-ctr-rdtzq	otelcol_exporter_queue_capacity	1001
1781200112	snap	2200	otelcol	otelcol-sb-esrev0-ctr-rdtzq	otelcol_process_cpu_seconds	9
1781200112	snap	2200	otelcol	otelcol-sb-esrev0-ctr-rdtzq	otelcol_processor_incoming_items	167096
1781200112	snap	2200	otelcol	otelcol-sb-esrev0-ctr-rdtzq	otelcol_exporter_queue_batch_send_size_sum	167096
1781200112	snap	2200	otelcol	otelcol-sb-esrev0-ctr-rdtzq	otelcol_exporter_send_failed_spans	0
1781200112	snap	2200	otelcol	otelcol-sb-esrev0-ctr-rdtzq	otelcol_receiver_refused_spans	0
1781200112	snap	2200	otelcol	otelcol-sb-esrev0-ctr-rdtzq	otelcol_exporter_sent_spans	167096
1781200112	snap	2200	otelcol	otelcol-sb-esrev0-ctr-rdtzq	otelcol_process_runtime_total_alloc_bytes	237148240
1781200112	snap	2200	otelcol	otelcol-sb-esrev0-ctr-rdtzq	otelcol_process_runtime_heap_alloc_bytes	41476472
1781200112	snap	2200	otelcol	otelcol-sb-esrev0-ctr-rdtzq	otelcol_processor_outgoing_items	167096
1781200112	snap	2200	otelcol	otelcol-sb-esrev0-ctr-rdtzq	otelcol_process_uptime	260
1781200112	snap	2200	otelcol	otelcol-sb-esrev0-ctr-rdtzq	otelcol_receiver_failed_spans	0
1781200112	snap	2200	otelcol	otelcol-sb-esrev0-ctr-rdtzq	otelcol_processor_batch_metadata_cardinality	1
1781200112	snap	2200	otelcol	otelcol-sb-esrev0-ctr-rdtzq	otelcol_receiver_accepted_spans	167096
1781200112	snap	2200	otelcol	otelcol-sb-esrev0-ctr-rdtzq	otelcol_processor_batch_timeout_trigger_send	960
1781200112	snap	2200	otelcol	otelcol-sb-esrev0-ctr-rdtzq	otelcol_processor_batch_batch_send_size_sum	167096
1781200112	snap	2200	otelcol	otelcol-sb-esrev0-ctr-rdtzq	otelcol_exporter_queue_size	0
1781200112	snap	2200	otelcol	otelcol-sb-esrev0-ctr-glxdm	otelcol_receiver_failed_spans	0
1781200112	snap	2200	otelcol	otelcol-sb-esrev0-ctr-glxdm	otelcol_process_uptime	260
1781200112	snap	2200	otelcol	otelcol-sb-esrev0-ctr-glxdm	otelcol_exporter_queue_capacity	1001
1781200112	snap	2200	otelcol	otelcol-sb-esrev0-ctr-glxdm	otelcol_processor_batch_metadata_cardinality	1
1781200112	snap	2200	otelcol	otelcol-sb-esrev0-ctr-glxdm	otelcol_process_runtime_heap_alloc_bytes	32417248
1781200112	snap	2200	otelcol	otelcol-sb-esrev0-ctr-glxdm	otelcol_exporter_send_failed_spans	0
1781200112	snap	2200	otelcol	otelcol-sb-esrev0-ctr-glxdm	otelcol_processor_incoming_items	296603
1781200112	snap	2200	otelcol	otelcol-sb-esrev0-ctr-glxdm	otelcol_process_cpu_seconds	11
1781200112	snap	2200	otelcol	otelcol-sb-esrev0-ctr-glxdm	otelcol_exporter_sent_spans	296603
1781200112	snap	2200	otelcol	otelcol-sb-esrev0-ctr-glxdm	otelcol_receiver_refused_spans	0
1781200112	snap	2200	otelcol	otelcol-sb-esrev0-ctr-glxdm	otelcol_processor_batch_timeout_trigger_send	958
1781200112	snap	2200	otelcol	otelcol-sb-esrev0-ctr-glxdm	otelcol_processor_batch_batch_send_size_sum	296603
1781200112	snap	2200	otelcol	otelcol-sb-esrev0-ctr-glxdm	otelcol_process_runtime_total_alloc_bytes	311984480
1781200112	snap	2200	otelcol	otelcol-sb-esrev0-ctr-glxdm	otelcol_process_memory_rss	224587776
1781200112	snap	2200	otelcol	otelcol-sb-esrev0-ctr-glxdm	otelcol_exporter_queue_batch_send_size_sum	296603
1781200112	snap	2200	otelcol	otelcol-sb-esrev0-ctr-glxdm	otelcol_process_runtime_total_sys_memory_bytes	93124904
1781200112	snap	2200	otelcol	otelcol-sb-esrev0-ctr-glxdm	otelcol_receiver_accepted_spans	296603
1781200112	snap	2200	otelcol	otelcol-sb-esrev0-ctr-glxdm	otelcol_processor_outgoing_items	296603
1781200112	snap	2200	otelcol	otelcol-sb-esrev0-ctr-glxdm	otelcol_exporter_queue_size	0
1781200112	snap	2200	otelcol	otelcol-sb-esrev0-ctr-2bk4z	otelcol_processor_batch_batch_send_size_sum	281760
1781200112	snap	2200	otelcol	otelcol-sb-esrev0-ctr-2bk4z	otelcol_process_runtime_heap_alloc_bytes	30883776
1781200112	snap	2200	otelcol	otelcol-sb-esrev0-ctr-2bk4z	otelcol_exporter_queue_size	0
1781200112	snap	2200	otelcol	otelcol-sb-esrev0-ctr-2bk4z	otelcol_process_memory_rss	221659136
1781200112	snap	2200	otelcol	otelcol-sb-esrev0-ctr-2bk4z	otelcol_receiver_failed_spans	0
1781200112	snap	2200	otelcol	otelcol-sb-esrev0-ctr-2bk4z	otelcol_process_runtime_total_alloc_bytes	289740984
1781200112	snap	2200	otelcol	otelcol-sb-esrev0-ctr-2bk4z	otelcol_exporter_send_failed_spans	0
1781200112	snap	2200	otelcol	otelcol-sb-esrev0-ctr-2bk4z	otelcol_receiver_refused_spans	0
1781200112	snap	2200	otelcol	otelcol-sb-esrev0-ctr-2bk4z	otelcol_process_uptime	262
1781200112	snap	2200	otelcol	otelcol-sb-esrev0-ctr-2bk4z	otelcol_processor_incoming_items	281760
1781200112	snap	2200	otelcol	otelcol-sb-esrev0-ctr-2bk4z	otelcol_process_runtime_total_sys_memory_bytes	103016728
1781200112	snap	2200	otelcol	otelcol-sb-esrev0-ctr-2bk4z	otelcol_processor_outgoing_items	281760
1781200112	snap	2200	otelcol	otelcol-sb-esrev0-ctr-2bk4z	otelcol_process_cpu_seconds	10
1781200112	snap	2200	otelcol	otelcol-sb-esrev0-ctr-2bk4z	otelcol_exporter_queue_batch_send_size_sum	281760
1781200112	snap	2200	otelcol	otelcol-sb-esrev0-ctr-2bk4z	otelcol_processor_batch_metadata_cardinality	1
1781200112	snap	2200	otelcol	otelcol-sb-esrev0-ctr-2bk4z	otelcol_processor_batch_timeout_trigger_send	969
1781200112	snap	2200	otelcol	otelcol-sb-esrev0-ctr-2bk4z	otelcol_receiver_accepted_spans	281760
1781200112	snap	2200	otelcol	otelcol-sb-esrev0-ctr-2bk4z	otelcol_exporter_sent_spans	281760
1781200112	snap	2200	otelcol	otelcol-sb-esrev0-ctr-2bk4z	otelcol_exporter_queue_capacity	1001
1781200112	snap	2200	otelcol	otelcol-sb-esrev0-ctr-gcg4j	otelcol_receiver_failed_spans	0
1781200112	snap	2200	otelcol	otelcol-sb-esrev0-ctr-gcg4j	otelcol_processor_batch_timeout_trigger_send	952
1781200112	snap	2200	otelcol	otelcol-sb-esrev0-ctr-gcg4j	otelcol_exporter_queue_size	0
1781200112	snap	2200	otelcol	otelcol-sb-esrev0-ctr-gcg4j	otelcol_process_runtime_total_sys_memory_bytes	71592216
1781200112	snap	2200	otelcol	otelcol-sb-esrev0-ctr-gcg4j	otelcol_exporter_queue_batch_send_size_sum	36849
1781200112	snap	2200	otelcol	otelcol-sb-esrev0-ctr-gcg4j	otelcol_receiver_accepted_spans	36849
1781200112	snap	2200	otelcol	otelcol-sb-esrev0-ctr-gcg4j	otelcol_process_runtime_total_alloc_bytes	128102488
1781200112	snap	2200	otelcol	otelcol-sb-esrev0-ctr-gcg4j	otelcol_process_memory_rss	206024704
1781200112	snap	2200	otelcol	otelcol-sb-esrev0-ctr-gcg4j	otelcol_process_cpu_seconds	10
1781200112	snap	2200	otelcol	otelcol-sb-esrev0-ctr-gcg4j	otelcol_exporter_queue_capacity	1001
1781200112	snap	2200	otelcol	otelcol-sb-esrev0-ctr-gcg4j	otelcol_processor_incoming_items	36849
1781200112	snap	2200	otelcol	otelcol-sb-esrev0-ctr-gcg4j	otelcol_exporter_send_failed_spans	0
1781200112	snap	2200	otelcol	otelcol-sb-esrev0-ctr-gcg4j	otelcol_receiver_refused_spans	0
1781200112	snap	2200	otelcol	otelcol-sb-esrev0-ctr-gcg4j	otelcol_processor_outgoing_items	36849
1781200112	snap	2200	otelcol	otelcol-sb-esrev0-ctr-gcg4j	otelcol_processor_batch_metadata_cardinality	1
1781200112	snap	2200	otelcol	otelcol-sb-esrev0-ctr-gcg4j	otelcol_processor_batch_batch_send_size_sum	36849
1781200112	snap	2200	otelcol	otelcol-sb-esrev0-ctr-gcg4j	otelcol_process_uptime	258
1781200112	snap	2200	otelcol	otelcol-sb-esrev0-ctr-gcg4j	otelcol_process_runtime_heap_alloc_bytes	41352832
1781200112	snap	2200	otelcol	otelcol-sb-esrev0-ctr-gcg4j	otelcol_exporter_sent_spans	36849
1781200112	snap	2200	otelcol	otelcol-sb-esrev0-ctr-pr5gq	otelcol_receiver_accepted_spans	633586
1781200112	snap	2200	otelcol	otelcol-sb-esrev0-ctr-pr5gq	otelcol_receiver_failed_spans	0
1781200112	snap	2200	otelcol	otelcol-sb-esrev0-ctr-pr5gq	otelcol_process_uptime	259
1781200112	snap	2200	otelcol	otelcol-sb-esrev0-ctr-pr5gq	otelcol_exporter_queue_batch_send_size_sum	633586
1781200112	snap	2200	otelcol	otelcol-sb-esrev0-ctr-pr5gq	otelcol_processor_outgoing_items	633586
1781200112	snap	2200	otelcol	otelcol-sb-esrev0-ctr-pr5gq	otelcol_process_runtime_total_sys_memory_bytes	106703128
1781200112	snap	2200	otelcol	otelcol-sb-esrev0-ctr-pr5gq	otelcol_process_runtime_heap_alloc_bytes	42129456
1781200112	snap	2200	otelcol	otelcol-sb-esrev0-ctr-pr5gq	otelcol_exporter_queue_capacity	1001
1781200112	snap	2200	otelcol	otelcol-sb-esrev0-ctr-pr5gq	otelcol_process_memory_rss	229711872
1781200112	snap	2200	otelcol	otelcol-sb-esrev0-ctr-pr5gq	otelcol_exporter_queue_size	0
1781200112	snap	2200	otelcol	otelcol-sb-esrev0-ctr-pr5gq	otelcol_exporter_send_failed_spans	0
1781200112	snap	2200	otelcol	otelcol-sb-esrev0-ctr-pr5gq	otelcol_receiver_refused_spans	0
1781200112	snap	2200	otelcol	otelcol-sb-esrev0-ctr-pr5gq	otelcol_process_runtime_total_alloc_bytes	485624752
1781200112	snap	2200	otelcol	otelcol-sb-esrev0-ctr-pr5gq	otelcol_processor_batch_batch_send_size_sum	633586
1781200112	snap	2200	otelcol	otelcol-sb-esrev0-ctr-pr5gq	otelcol_process_cpu_seconds	14
1781200112	snap	2200	otelcol	otelcol-sb-esrev0-ctr-pr5gq	otelcol_processor_incoming_items	633586
1781200112	snap	2200	otelcol	otelcol-sb-esrev0-ctr-pr5gq	otelcol_processor_batch_metadata_cardinality	1
1781200112	snap	2200	otelcol	otelcol-sb-esrev0-ctr-pr5gq	otelcol_processor_batch_timeout_trigger_send	960
1781200112	snap	2200	otelcol	otelcol-sb-esrev0-ctr-pr5gq	otelcol_exporter_sent_spans	633586
1781200112	snap	2200	otelcol	otelcol-sb-esrev0-ctr-rbkvt	otelcol_processor_outgoing_items	169033
1781200112	snap	2200	otelcol	otelcol-sb-esrev0-ctr-rbkvt	otelcol_exporter_send_failed_spans	0
1781200112	snap	2200	otelcol	otelcol-sb-esrev0-ctr-rbkvt	otelcol_receiver_refused_spans	0
1781200112	snap	2200	otelcol	otelcol-sb-esrev0-ctr-rbkvt	otelcol_exporter_queue_size	0
1781200112	snap	2200	otelcol	otelcol-sb-esrev0-ctr-rbkvt	otelcol_exporter_queue_batch_send_size_sum	169033
1781200112	snap	2200	otelcol	otelcol-sb-esrev0-ctr-rbkvt	otelcol_process_runtime_total_sys_memory_bytes	85182744
1781200112	snap	2200	otelcol	otelcol-sb-esrev0-ctr-rbkvt	otelcol_receiver_failed_spans	0
1781200112	snap	2200	otelcol	otelcol-sb-esrev0-ctr-rbkvt	otelcol_processor_batch_metadata_cardinality	1
1781200112	snap	2200	otelcol	otelcol-sb-esrev0-ctr-rbkvt	otelcol_processor_batch_timeout_trigger_send	957
1781200112	snap	2200	otelcol	otelcol-sb-esrev0-ctr-rbkvt	otelcol_processor_batch_batch_send_size_sum	169033
1781200112	snap	2200	otelcol	otelcol-sb-esrev0-ctr-rbkvt	otelcol_receiver_accepted_spans	169033
1781200112	snap	2200	otelcol	otelcol-sb-esrev0-ctr-rbkvt	otelcol_process_cpu_seconds	9
1781200112	snap	2200	otelcol	otelcol-sb-esrev0-ctr-rbkvt	otelcol_process_uptime	259
1781200112	snap	2200	otelcol	otelcol-sb-esrev0-ctr-rbkvt	otelcol_process_runtime_heap_alloc_bytes	27412632
1781200112	snap	2200	otelcol	otelcol-sb-esrev0-ctr-rbkvt	otelcol_process_memory_rss	218738688
1781200112	snap	2200	otelcol	otelcol-sb-esrev0-ctr-rbkvt	otelcol_exporter_sent_spans	169033
1781200112	snap	2200	otelcol	otelcol-sb-esrev0-ctr-rbkvt	otelcol_exporter_queue_capacity	1001
1781200112	snap	2200	otelcol	otelcol-sb-esrev0-ctr-rbkvt	otelcol_process_runtime_total_alloc_bytes	220715720
1781200112	snap	2200	otelcol	otelcol-sb-esrev0-ctr-rbkvt	otelcol_processor_incoming_items	169033
1781200112	snap	2200	otelcol	otelcol-sb-esrev0-ctr-vnnmt	otelcol_process_cpu_seconds	9
1781200112	snap	2200	otelcol	otelcol-sb-esrev0-ctr-vnnmt	otelcol_exporter_sent_spans	166721
1781200112	snap	2200	otelcol	otelcol-sb-esrev0-ctr-vnnmt	otelcol_process_runtime_total_alloc_bytes	221100184
1781200112	snap	2200	otelcol	otelcol-sb-esrev0-ctr-vnnmt	otelcol_processor_outgoing_items	166721
1781200112	snap	2200	otelcol	otelcol-sb-esrev0-ctr-vnnmt	otelcol_process_runtime_heap_alloc_bytes	30572424
1781200112	snap	2200	otelcol	otelcol-sb-esrev0-ctr-vnnmt	otelcol_exporter_queue_size	0
1781200112	snap	2200	otelcol	otelcol-sb-esrev0-ctr-vnnmt	otelcol_exporter_queue_batch_send_size_sum	166721
1781200112	snap	2200	otelcol	otelcol-sb-esrev0-ctr-vnnmt	otelcol_processor_batch_batch_send_size_sum	166721
1781200112	snap	2200	otelcol	otelcol-sb-esrev0-ctr-vnnmt	otelcol_receiver_failed_spans	0
1781200112	snap	2200	otelcol	otelcol-sb-esrev0-ctr-vnnmt	otelcol_process_memory_rss	212844544
1781200112	snap	2200	otelcol	otelcol-sb-esrev0-ctr-vnnmt	otelcol_exporter_send_failed_spans	0
1781200112	snap	2200	otelcol	otelcol-sb-esrev0-ctr-vnnmt	otelcol_receiver_refused_spans	0
1781200112	snap	2200	otelcol	otelcol-sb-esrev0-ctr-vnnmt	otelcol_receiver_accepted_spans	166721
1781200112	snap	2200	otelcol	otelcol-sb-esrev0-ctr-vnnmt	otelcol_processor_batch_metadata_cardinality	1
1781200112	snap	2200	otelcol	otelcol-sb-esrev0-ctr-vnnmt	otelcol_process_runtime_total_sys_memory_bytes	80070936
1781200112	snap	2200	otelcol	otelcol-sb-esrev0-ctr-vnnmt	otelcol_processor_batch_timeout_trigger_send	961
1781200112	snap	2200	otelcol	otelcol-sb-esrev0-ctr-vnnmt	otelcol_processor_incoming_items	166721
1781200112	snap	2200	otelcol	otelcol-sb-esrev0-ctr-vnnmt	otelcol_process_uptime	259
1781200112	snap	2200	otelcol	otelcol-sb-esrev0-ctr-vnnmt	otelcol_exporter_queue_capacity	1001
1781200112	snap	2200	otelcol	otelcol-sb-esrev0-ctr-wht6z	otelcol_exporter_queue_size	0
1781200112	snap	2200	otelcol	otelcol-sb-esrev0-ctr-wht6z	otelcol_process_uptime	258
1781200112	snap	2200	otelcol	otelcol-sb-esrev0-ctr-wht6z	otelcol_receiver_accepted_spans	1335496
1781200112	snap	2200	otelcol	otelcol-sb-esrev0-ctr-wht6z	otelcol_process_runtime_heap_alloc_bytes	38967560
1781200112	snap	2200	otelcol	otelcol-sb-esrev0-ctr-wht6z	otelcol_receiver_failed_spans	0
1781200112	snap	2200	otelcol	otelcol-sb-esrev0-ctr-wht6z	otelcol_process_runtime_total_alloc_bytes	1151326448
1781200112	snap	2200	otelcol	otelcol-sb-esrev0-ctr-wht6z	otelcol_process_memory_rss	247111680
1781200112	snap	2200	otelcol	otelcol-sb-esrev0-ctr-wht6z	otelcol_exporter_queue_capacity	1001
1781200112	snap	2200	otelcol	otelcol-sb-esrev0-ctr-wht6z	otelcol_processor_incoming_items	1335496
1781200112	snap	2200	otelcol	otelcol-sb-esrev0-ctr-wht6z	otelcol_processor_batch_metadata_cardinality	1
1781200112	snap	2200	otelcol	otelcol-sb-esrev0-ctr-wht6z	otelcol_process_cpu_seconds	25
1781200112	snap	2200	otelcol	otelcol-sb-esrev0-ctr-wht6z	otelcol_exporter_send_failed_spans	0
1781200112	snap	2200	otelcol	otelcol-sb-esrev0-ctr-wht6z	otelcol_exporter_sent_spans	1335496
1781200112	snap	2200	otelcol	otelcol-sb-esrev0-ctr-wht6z	otelcol_process_runtime_total_sys_memory_bytes	118925592
1781200112	snap	2200	otelcol	otelcol-sb-esrev0-ctr-wht6z	otelcol_receiver_refused_spans	0
1781200112	snap	2200	otelcol	otelcol-sb-esrev0-ctr-wht6z	otelcol_exporter_queue_batch_send_size_sum	1335496
1781200112	snap	2200	otelcol	otelcol-sb-esrev0-ctr-wht6z	otelcol_processor_batch_timeout_trigger_send	965
1781200112	snap	2200	otelcol	otelcol-sb-esrev0-ctr-wht6z	otelcol_processor_batch_batch_send_size_sum	1335496
1781200112	snap	2200	otelcol	otelcol-sb-esrev0-ctr-wht6z	otelcol_processor_outgoing_items	1335496
1781200112	snap	2200	k8s	otelcol-sb-esrev0-ctr-2bk4z	restart_count	0
1781200112	snap	2200	k8s	otelcol-sb-esrev0-ctr-gcg4j	restart_count	0
1781200112	snap	2200	k8s	otelcol-sb-esrev0-ctr-glxdm	restart_count	0
1781200112	snap	2200	k8s	otelcol-sb-esrev0-ctr-mrm6k	restart_count	0
1781200112	snap	2200	k8s	otelcol-sb-esrev0-ctr-pr5gq	restart_count	0
1781200112	snap	2200	k8s	otelcol-sb-esrev0-ctr-rbkvt	restart_count	0
1781200112	snap	2200	k8s	otelcol-sb-esrev0-ctr-rdtzq	restart_count	0
1781200112	snap	2200	k8s	otelcol-sb-esrev0-ctr-vnnmt	restart_count	0
1781200112	snap	2200	k8s	otelcol-sb-esrev0-ctr-wht6z	restart_count	0
1781200112	snap	2200	sdk	wrk2api	spans_received	38856
1781200112	snap	2200	sdk	wrk2api	spans_sent	38856
1781200112	snap	2200	sdk	wrk2api	spans_dropped	0
1781200112	snap	2200	sdk	wrk2api	spans_flushed	38856
1781200112	snap	2200	sdk	wrk2api	batches_sent	3651
1781200112	snap	2200	sdk	wrk2api	batches_dropped	0
1781200112	snap	2200	sdk	wrk2api	send_unavailable	0
1781200112	snap	2200	sdk	wrk2api	send_deadline	0
1781200112	snap	2200	sdk	wrk2api	send_exhausted	0
1781200112	snap	2200	sdk	wrk2api	send_canceled	0
1781200112	snap	2200	sdk	wrk2api	send_other	0
1781200112	snap	2200	sdk	wrk2api	buffer_depth	0
0
1781200112	snap	2200	sdk	composepost	spans_received	1038919
1781200112	snap	2200	sdk	composepost	spans_sent	1038919
1781200112	snap	2200	sdk	composepost	spans_dropped	0
1781200112	snap	2200	sdk	composepost	spans_flushed	1038919
1781200112	snap	2200	sdk	composepost	batches_sent	12742
1781200112	snap	2200	sdk	composepost	batches_dropped	0
1781200112	snap	2200	sdk	composepost	send_unavailable	0
1781200112	snap	2200	sdk	composepost	send_deadline	0
1781200112	snap	2200	sdk	composepost	send_exhausted	0
1781200112	snap	2200	sdk	composepost	send_canceled	0
1781200112	snap	2200	sdk	composepost	send_other	0
1781200112	snap	2200	sdk	composepost	buffer_depth	0
0
1781200112	snap	2200	sdk	hometimeline	spans_received	259714
1781200112	snap	2200	sdk	hometimeline	spans_sent	259714
1781200112	snap	2200	sdk	hometimeline	spans_dropped	0
1781200112	snap	2200	sdk	hometimeline	spans_flushed	259714
1781200112	snap	2200	sdk	hometimeline	batches_sent	3186
1781200112	snap	2200	sdk	hometimeline	batches_dropped	0
1781200112	snap	2200	sdk	hometimeline	send_unavailable	0
1781200112	snap	2200	sdk	hometimeline	send_deadline	0
1781200112	snap	2200	sdk	hometimeline	send_exhausted	0
1781200112	snap	2200	sdk	hometimeline	send_canceled	0
1781200112	snap	2200	sdk	hometimeline	send_other	0
1781200112	snap	2200	sdk	hometimeline	buffer_depth	0
0
1781200112	snap	2200	sdk	media	spans_received	129866
1781200112	snap	2200	sdk	media	spans_sent	129866
1781200112	snap	2200	sdk	media	spans_dropped	0
1781200112	snap	2200	sdk	media	spans_flushed	129866
1781200112	snap	2200	sdk	media	batches_sent	1593
1781200112	snap	2200	sdk	media	batches_dropped	0
1781200112	snap	2200	sdk	media	send_unavailable	0
1781200112	snap	2200	sdk	media	send_deadline	0
1781200112	snap	2200	sdk	media	send_exhausted	0
1781200112	snap	2200	sdk	media	send_canceled	0
1781200112	snap	2200	sdk	media	send_other	0
1781200112	snap	2200	sdk	media	buffer_depth	0
0
1781200112	snap	2200	sdk	post-storage	spans_received	129857
1781200112	snap	2200	sdk	post-storage	spans_sent	129857
1781200112	snap	2200	sdk	post-storage	spans_dropped	0
1781200112	snap	2200	sdk	post-storage	spans_flushed	129857
1781200112	snap	2200	sdk	post-storage	batches_sent	1593
1781200112	snap	2200	sdk	post-storage	batches_dropped	0
1781200112	snap	2200	sdk	post-storage	send_unavailable	0
1781200112	snap	2200	sdk	post-storage	send_deadline	0
1781200112	snap	2200	sdk	post-storage	send_exhausted	0
1781200112	snap	2200	sdk	post-storage	send_canceled	0
1781200112	snap	2200	sdk	post-storage	send_other	0
1781200112	snap	2200	sdk	post-storage	buffer_depth	0
0
1781200112	snap	2200	sdk	socialgraph	spans_received	243691
1781200112	snap	2200	sdk	socialgraph	spans_sent	243691
1781200112	snap	2200	sdk	socialgraph	spans_dropped	0
1781200112	snap	2200	sdk	socialgraph	spans_flushed	243691
1781200112	snap	2200	sdk	socialgraph	batches_sent	2076
1781200112	snap	2200	sdk	socialgraph	batches_dropped	0
1781200112	snap	2200	sdk	socialgraph	send_unavailable	0
1781200112	snap	2200	sdk	socialgraph	send_deadline	0
1781200112	snap	2200	sdk	socialgraph	send_exhausted	0
1781200112	snap	2200	sdk	socialgraph	send_canceled	0
1781200112	snap	2200	sdk	socialgraph	send_other	0
1781200112	snap	2200	sdk	socialgraph	buffer_depth	0
0
1781200112	snap	2200	sdk	text	spans_received	389616
1781200112	snap	2200	sdk	text	spans_sent	389616
1781200112	snap	2200	sdk	text	spans_dropped	0
1781200112	snap	2200	sdk	text	spans_flushed	389616
1781200112	snap	2200	sdk	text	batches_sent	4779
1781200112	snap	2200	sdk	text	batches_dropped	0
1781200112	snap	2200	sdk	text	send_unavailable	0
1781200112	snap	2200	sdk	text	send_deadline	0
1781200112	snap	2200	sdk	text	send_exhausted	0
1781200112	snap	2200	sdk	text	send_canceled	0
1781200112	snap	2200	sdk	text	send_other	0
1781200112	snap	2200	sdk	text	buffer_depth	0
0
1781200112	snap	2200	sdk	uniqueid	spans_received	129866
1781200112	snap	2200	sdk	uniqueid	spans_sent	129866
1781200112	snap	2200	sdk	uniqueid	spans_dropped	0
1781200112	snap	2200	sdk	uniqueid	spans_flushed	129866
1781200112	snap	2200	sdk	uniqueid	batches_sent	1593
1781200112	snap	2200	sdk	uniqueid	batches_dropped	0
1781200112	snap	2200	sdk	uniqueid	send_unavailable	0
1781200112	snap	2200	sdk	uniqueid	send_deadline	0
1781200112	snap	2200	sdk	uniqueid	send_exhausted	0
1781200112	snap	2200	sdk	uniqueid	send_canceled	0
1781200112	snap	2200	sdk	uniqueid	send_other	0
1781200112	snap	2200	sdk	uniqueid	buffer_depth	0
0
1781200112	snap	2200	sdk	urlshorten	spans_received	129866
1781200112	snap	2200	sdk	urlshorten	spans_sent	129866
1781200112	snap	2200	sdk	urlshorten	spans_dropped	0
1781200112	snap	2200	sdk	urlshorten	spans_flushed	129866
1781200112	snap	2200	sdk	urlshorten	batches_sent	1593
1781200112	snap	2200	sdk	urlshorten	batches_dropped	0
1781200112	snap	2200	sdk	urlshorten	send_unavailable	0
1781200112	snap	2200	sdk	urlshorten	send_deadline	0
1781200112	snap	2200	sdk	urlshorten	send_exhausted	0
1781200112	snap	2200	sdk	urlshorten	send_canceled	0
1781200112	snap	2200	sdk	urlshorten	send_other	0
1781200112	snap	2200	sdk	urlshorten	buffer_depth	0
0
1781200112	snap	2200	sdk	user	spans_received	131790
1781200112	snap	2200	sdk	user	spans_sent	131790
1781200112	snap	2200	sdk	user	spans_dropped	0
1781200112	snap	2200	sdk	user	spans_flushed	131790
1781200112	snap	2200	sdk	user	batches_sent	1605
1781200112	snap	2200	sdk	user	batches_dropped	0
1781200112	snap	2200	sdk	user	send_unavailable	0
1781200112	snap	2200	sdk	user	send_deadline	0
1781200112	snap	2200	sdk	user	send_exhausted	0
1781200112	snap	2200	sdk	user	send_canceled	0
1781200112	snap	2200	sdk	user	send_other	0
1781200112	snap	2200	sdk	user	buffer_depth	0
0
1781200112	snap	2200	sdk	userid	spans_received	75248
1781200112	snap	2200	sdk	userid	spans_sent	75248
1781200112	snap	2200	sdk	userid	spans_dropped	0
1781200112	snap	2200	sdk	userid	spans_flushed	75248
1781200112	snap	2200	sdk	userid	batches_sent	245
1781200112	snap	2200	sdk	userid	batches_dropped	0
1781200112	snap	2200	sdk	userid	send_unavailable	0
1781200112	snap	2200	sdk	userid	send_deadline	0
1781200112	snap	2200	sdk	userid	send_exhausted	0
1781200112	snap	2200	sdk	userid	send_canceled	0
1781200112	snap	2200	sdk	userid	send_other	0
1781200112	snap	2200	sdk	userid	buffer_depth	0
0
1781200112	snap	2200	sdk	usermention	spans_received	129866
1781200112	snap	2200	sdk	usermention	spans_sent	129866
1781200112	snap	2200	sdk	usermention	spans_dropped	0
1781200112	snap	2200	sdk	usermention	spans_flushed	129866
1781200112	snap	2200	sdk	usermention	batches_sent	1593
1781200112	snap	2200	sdk	usermention	batches_dropped	0
1781200112	snap	2200	sdk	usermention	send_unavailable	0
1781200112	snap	2200	sdk	usermention	send_deadline	0
1781200112	snap	2200	sdk	usermention	send_exhausted	0
1781200112	snap	2200	sdk	usermention	send_canceled	0
1781200112	snap	2200	sdk	usermention	send_other	0
1781200112	snap	2200	sdk	usermention	buffer_depth	0
0
1781200112	snap	2200	sdk	usertimeline	spans_received	129857
1781200112	snap	2200	sdk	usertimeline	spans_sent	129857
1781200112	snap	2200	sdk	usertimeline	spans_dropped	0
1781200112	snap	2200	sdk	usertimeline	spans_flushed	129857
1781200112	snap	2200	sdk	usertimeline	batches_sent	1592
1781200112	snap	2200	sdk	usertimeline	batches_dropped	0
1781200112	snap	2200	sdk	usertimeline	send_unavailable	0
1781200112	snap	2200	sdk	usertimeline	send_deadline	0
1781200112	snap	2200	sdk	usertimeline	send_exhausted	0
1781200112	snap	2200	sdk	usertimeline	send_canceled	0
1781200112	snap	2200	sdk	usertimeline	send_other	0
1781200112	snap	2200	sdk	usertimeline	buffer_depth	0
0
1781200179	snap	2200	otelcol	otelcol-sb-esrev0-ctr-mrm6k	otelcol_exporter_queue_size	0
1781200179	snap	2200	otelcol	otelcol-sb-esrev0-ctr-mrm6k	otelcol_processor_batch_batch_send_size_sum	329008
1781200179	snap	2200	otelcol	otelcol-sb-esrev0-ctr-mrm6k	otelcol_process_runtime_heap_alloc_bytes	26474672
1781200179	snap	2200	otelcol	otelcol-sb-esrev0-ctr-mrm6k	otelcol_exporter_queue_batch_send_size_sum	329008
1781200179	snap	2200	otelcol	otelcol-sb-esrev0-ctr-mrm6k	otelcol_process_uptime	327
1781200179	snap	2200	otelcol	otelcol-sb-esrev0-ctr-mrm6k	otelcol_processor_outgoing_items	329008
1781200179	snap	2200	otelcol	otelcol-sb-esrev0-ctr-mrm6k	otelcol_process_runtime_total_alloc_bytes	326094384
1781200179	snap	2200	otelcol	otelcol-sb-esrev0-ctr-mrm6k	otelcol_process_memory_rss	220880896
1781200179	snap	2200	otelcol	otelcol-sb-esrev0-ctr-mrm6k	otelcol_process_cpu_seconds	13
1781200179	snap	2200	otelcol	otelcol-sb-esrev0-ctr-mrm6k	otelcol_exporter_send_failed_spans	0
1781200179	snap	2200	otelcol	otelcol-sb-esrev0-ctr-mrm6k	otelcol_receiver_accepted_spans	329008
1781200179	snap	2200	otelcol	otelcol-sb-esrev0-ctr-mrm6k	otelcol_processor_batch_metadata_cardinality	1
1781200179	snap	2200	otelcol	otelcol-sb-esrev0-ctr-mrm6k	otelcol_receiver_refused_spans	0
1781200179	snap	2200	otelcol	otelcol-sb-esrev0-ctr-mrm6k	otelcol_receiver_failed_spans	0
1781200179	snap	2200	otelcol	otelcol-sb-esrev0-ctr-mrm6k	otelcol_processor_batch_timeout_trigger_send	1261
1781200179	snap	2200	otelcol	otelcol-sb-esrev0-ctr-mrm6k	otelcol_process_runtime_total_sys_memory_bytes	85199128
1781200179	snap	2200	otelcol	otelcol-sb-esrev0-ctr-mrm6k	otelcol_exporter_queue_capacity	1001
1781200179	snap	2200	otelcol	otelcol-sb-esrev0-ctr-mrm6k	otelcol_processor_incoming_items	329008
1781200179	snap	2200	otelcol	otelcol-sb-esrev0-ctr-mrm6k	otelcol_exporter_sent_spans	329008
1781200179	snap	2200	otelcol	otelcol-sb-esrev0-ctr-rdtzq	otelcol_process_runtime_total_sys_memory_bytes	88541464
1781200179	snap	2200	otelcol	otelcol-sb-esrev0-ctr-rdtzq	otelcol_process_memory_rss	220450816
1781200179	snap	2200	otelcol	otelcol-sb-esrev0-ctr-rdtzq	otelcol_exporter_queue_capacity	1001
1781200179	snap	2200	otelcol	otelcol-sb-esrev0-ctr-rdtzq	otelcol_process_cpu_seconds	13
1781200179	snap	2200	otelcol	otelcol-sb-esrev0-ctr-rdtzq	otelcol_processor_incoming_items	328199
1781200179	snap	2200	otelcol	otelcol-sb-esrev0-ctr-rdtzq	otelcol_exporter_queue_batch_send_size_sum	328199
1781200179	snap	2200	otelcol	otelcol-sb-esrev0-ctr-rdtzq	otelcol_exporter_send_failed_spans	0
1781200179	snap	2200	otelcol	otelcol-sb-esrev0-ctr-rdtzq	otelcol_receiver_refused_spans	0
1781200179	snap	2200	otelcol	otelcol-sb-esrev0-ctr-rdtzq	otelcol_exporter_sent_spans	328199
1781200179	snap	2200	otelcol	otelcol-sb-esrev0-ctr-rdtzq	otelcol_process_runtime_total_alloc_bytes	348450600
1781200179	snap	2200	otelcol	otelcol-sb-esrev0-ctr-rdtzq	otelcol_process_runtime_heap_alloc_bytes	46229800
1781200179	snap	2200	otelcol	otelcol-sb-esrev0-ctr-rdtzq	otelcol_processor_outgoing_items	328199
1781200179	snap	2200	otelcol	otelcol-sb-esrev0-ctr-rdtzq	otelcol_process_uptime	327
1781200179	snap	2200	otelcol	otelcol-sb-esrev0-ctr-rdtzq	otelcol_receiver_failed_spans	0
1781200179	snap	2200	otelcol	otelcol-sb-esrev0-ctr-rdtzq	otelcol_processor_batch_metadata_cardinality	1
1781200179	snap	2200	otelcol	otelcol-sb-esrev0-ctr-rdtzq	otelcol_receiver_accepted_spans	328199
1781200179	snap	2200	otelcol	otelcol-sb-esrev0-ctr-rdtzq	otelcol_processor_batch_timeout_trigger_send	1260
1781200179	snap	2200	otelcol	otelcol-sb-esrev0-ctr-rdtzq	otelcol_processor_batch_batch_send_size_sum	328199
1781200179	snap	2200	otelcol	otelcol-sb-esrev0-ctr-rdtzq	otelcol_exporter_queue_size	0
1781200179	snap	2200	otelcol	otelcol-sb-esrev0-ctr-glxdm	otelcol_receiver_failed_spans	0
1781200179	snap	2200	otelcol	otelcol-sb-esrev0-ctr-glxdm	otelcol_process_uptime	327
1781200179	snap	2200	otelcol	otelcol-sb-esrev0-ctr-glxdm	otelcol_exporter_queue_capacity	1001
1781200179	snap	2200	otelcol	otelcol-sb-esrev0-ctr-glxdm	otelcol_processor_batch_metadata_cardinality	1
1781200179	snap	2200	otelcol	otelcol-sb-esrev0-ctr-glxdm	otelcol_process_runtime_heap_alloc_bytes	49931200
1781200179	snap	2200	otelcol	otelcol-sb-esrev0-ctr-glxdm	otelcol_exporter_send_failed_spans	0
1781200179	snap	2200	otelcol	otelcol-sb-esrev0-ctr-glxdm	otelcol_processor_incoming_items	589515
1781200179	snap	2200	otelcol	otelcol-sb-esrev0-ctr-glxdm	otelcol_process_cpu_seconds	16
1781200179	snap	2200	otelcol	otelcol-sb-esrev0-ctr-glxdm	otelcol_exporter_sent_spans	589515
1781200179	snap	2200	otelcol	otelcol-sb-esrev0-ctr-glxdm	otelcol_receiver_refused_spans	0
1781200179	snap	2200	otelcol	otelcol-sb-esrev0-ctr-glxdm	otelcol_processor_batch_timeout_trigger_send	1257
1781200179	snap	2200	otelcol	otelcol-sb-esrev0-ctr-glxdm	otelcol_processor_batch_batch_send_size_sum	589515
1781200179	snap	2200	otelcol	otelcol-sb-esrev0-ctr-glxdm	otelcol_process_runtime_total_alloc_bytes	491563440
1781200179	snap	2200	otelcol	otelcol-sb-esrev0-ctr-glxdm	otelcol_process_memory_rss	226619392
1781200179	snap	2200	otelcol	otelcol-sb-esrev0-ctr-glxdm	otelcol_exporter_queue_batch_send_size_sum	589515
1781200179	snap	2200	otelcol	otelcol-sb-esrev0-ctr-glxdm	otelcol_process_runtime_total_sys_memory_bytes	93124904
1781200179	snap	2200	otelcol	otelcol-sb-esrev0-ctr-glxdm	otelcol_receiver_accepted_spans	589515
1781200179	snap	2200	otelcol	otelcol-sb-esrev0-ctr-glxdm	otelcol_processor_outgoing_items	589515
1781200179	snap	2200	otelcol	otelcol-sb-esrev0-ctr-glxdm	otelcol_exporter_queue_size	0
1781200179	snap	2200	otelcol	otelcol-sb-esrev0-ctr-2bk4z	otelcol_processor_batch_batch_send_size_sum	442861
1781200179	snap	2200	otelcol	otelcol-sb-esrev0-ctr-2bk4z	otelcol_process_runtime_heap_alloc_bytes	47587592
1781200179	snap	2200	otelcol	otelcol-sb-esrev0-ctr-2bk4z	otelcol_exporter_queue_size	0
1781200179	snap	2200	otelcol	otelcol-sb-esrev0-ctr-2bk4z	otelcol_process_memory_rss	222535680
1781200179	snap	2200	otelcol	otelcol-sb-esrev0-ctr-2bk4z	otelcol_receiver_failed_spans	0
1781200179	snap	2200	otelcol	otelcol-sb-esrev0-ctr-2bk4z	otelcol_process_runtime_total_alloc_bytes	406880296
1781200179	snap	2200	otelcol	otelcol-sb-esrev0-ctr-2bk4z	otelcol_exporter_send_failed_spans	0
1781200179	snap	2200	otelcol	otelcol-sb-esrev0-ctr-2bk4z	otelcol_receiver_refused_spans	0
1781200179	snap	2200	otelcol	otelcol-sb-esrev0-ctr-2bk4z	otelcol_process_uptime	329
1781200179	snap	2200	otelcol	otelcol-sb-esrev0-ctr-2bk4z	otelcol_processor_incoming_items	442861
1781200179	snap	2200	otelcol	otelcol-sb-esrev0-ctr-2bk4z	otelcol_process_runtime_total_sys_memory_bytes	103016728
1781200179	snap	2200	otelcol	otelcol-sb-esrev0-ctr-2bk4z	otelcol_processor_outgoing_items	442861
1781200179	snap	2200	otelcol	otelcol-sb-esrev0-ctr-2bk4z	otelcol_process_cpu_seconds	13
1781200179	snap	2200	otelcol	otelcol-sb-esrev0-ctr-2bk4z	otelcol_exporter_queue_batch_send_size_sum	442861
1781200179	snap	2200	otelcol	otelcol-sb-esrev0-ctr-2bk4z	otelcol_processor_batch_metadata_cardinality	1
1781200179	snap	2200	otelcol	otelcol-sb-esrev0-ctr-2bk4z	otelcol_processor_batch_timeout_trigger_send	1268
1781200179	snap	2200	otelcol	otelcol-sb-esrev0-ctr-2bk4z	otelcol_receiver_accepted_spans	442861
1781200179	snap	2200	otelcol	otelcol-sb-esrev0-ctr-2bk4z	otelcol_exporter_sent_spans	442861
1781200179	snap	2200	otelcol	otelcol-sb-esrev0-ctr-2bk4z	otelcol_exporter_queue_capacity	1001
1781200179	snap	2200	otelcol	otelcol-sb-esrev0-ctr-gcg4j	otelcol_receiver_failed_spans	0
1781200179	snap	2200	otelcol	otelcol-sb-esrev0-ctr-gcg4j	otelcol_processor_batch_timeout_trigger_send	1251
1781200179	snap	2200	otelcol	otelcol-sb-esrev0-ctr-gcg4j	otelcol_exporter_queue_size	0
1781200179	snap	2200	otelcol	otelcol-sb-esrev0-ctr-gcg4j	otelcol_process_runtime_total_sys_memory_bytes	71600408
1781200179	snap	2200	otelcol	otelcol-sb-esrev0-ctr-gcg4j	otelcol_exporter_queue_batch_send_size_sum	66141
1781200179	snap	2200	otelcol	otelcol-sb-esrev0-ctr-gcg4j	otelcol_receiver_accepted_spans	66141
1781200179	snap	2200	otelcol	otelcol-sb-esrev0-ctr-gcg4j	otelcol_process_runtime_total_alloc_bytes	166853912
1781200179	snap	2200	otelcol	otelcol-sb-esrev0-ctr-gcg4j	otelcol_process_memory_rss	209313792
1781200179	snap	2200	otelcol	otelcol-sb-esrev0-ctr-gcg4j	otelcol_process_cpu_seconds	12
1781200179	snap	2200	otelcol	otelcol-sb-esrev0-ctr-gcg4j	otelcol_exporter_queue_capacity	1001
1781200179	snap	2200	otelcol	otelcol-sb-esrev0-ctr-gcg4j	otelcol_processor_incoming_items	66141
1781200179	snap	2200	otelcol	otelcol-sb-esrev0-ctr-gcg4j	otelcol_exporter_send_failed_spans	0
1781200179	snap	2200	otelcol	otelcol-sb-esrev0-ctr-gcg4j	otelcol_receiver_refused_spans	0
1781200179	snap	2200	otelcol	otelcol-sb-esrev0-ctr-gcg4j	otelcol_processor_outgoing_items	66141
1781200179	snap	2200	otelcol	otelcol-sb-esrev0-ctr-gcg4j	otelcol_processor_batch_metadata_cardinality	1
1781200179	snap	2200	otelcol	otelcol-sb-esrev0-ctr-gcg4j	otelcol_processor_batch_batch_send_size_sum	66141
1781200179	snap	2200	otelcol	otelcol-sb-esrev0-ctr-gcg4j	otelcol_process_uptime	325
1781200179	snap	2200	otelcol	otelcol-sb-esrev0-ctr-gcg4j	otelcol_process_runtime_heap_alloc_bytes	41722360
1781200179	snap	2200	otelcol	otelcol-sb-esrev0-ctr-gcg4j	otelcol_exporter_sent_spans	66141
1781200179	snap	2200	otelcol	otelcol-sb-esrev0-ctr-pr5gq	otelcol_receiver_accepted_spans	1190122
1781200179	snap	2200	otelcol	otelcol-sb-esrev0-ctr-pr5gq	otelcol_receiver_failed_spans	0
1781200179	snap	2200	otelcol	otelcol-sb-esrev0-ctr-pr5gq	otelcol_process_uptime	326
1781200179	snap	2200	otelcol	otelcol-sb-esrev0-ctr-pr5gq	otelcol_exporter_queue_batch_send_size_sum	1190122
1781200179	snap	2200	otelcol	otelcol-sb-esrev0-ctr-pr5gq	otelcol_processor_outgoing_items	1190122
1781200179	snap	2200	otelcol	otelcol-sb-esrev0-ctr-pr5gq	otelcol_process_runtime_total_sys_memory_bytes	106711320
1781200179	snap	2200	otelcol	otelcol-sb-esrev0-ctr-pr5gq	otelcol_process_runtime_heap_alloc_bytes	34337568
1781200179	snap	2200	otelcol	otelcol-sb-esrev0-ctr-pr5gq	otelcol_exporter_queue_capacity	1001
1781200179	snap	2200	otelcol	otelcol-sb-esrev0-ctr-pr5gq	otelcol_process_memory_rss	229928960
1781200179	snap	2200	otelcol	otelcol-sb-esrev0-ctr-pr5gq	otelcol_exporter_queue_size	0
1781200179	snap	2200	otelcol	otelcol-sb-esrev0-ctr-pr5gq	otelcol_exporter_send_failed_spans	0
1781200179	snap	2200	otelcol	otelcol-sb-esrev0-ctr-pr5gq	otelcol_receiver_refused_spans	0
1781200179	snap	2200	otelcol	otelcol-sb-esrev0-ctr-pr5gq	otelcol_process_runtime_total_alloc_bytes	772841776
1781200179	snap	2200	otelcol	otelcol-sb-esrev0-ctr-pr5gq	otelcol_processor_batch_batch_send_size_sum	1190122
1781200179	snap	2200	otelcol	otelcol-sb-esrev0-ctr-pr5gq	otelcol_process_cpu_seconds	22
1781200179	snap	2200	otelcol	otelcol-sb-esrev0-ctr-pr5gq	otelcol_processor_incoming_items	1190122
1781200179	snap	2200	otelcol	otelcol-sb-esrev0-ctr-pr5gq	otelcol_processor_batch_metadata_cardinality	1
1781200179	snap	2200	otelcol	otelcol-sb-esrev0-ctr-pr5gq	otelcol_processor_batch_timeout_trigger_send	1260
1781200179	snap	2200	otelcol	otelcol-sb-esrev0-ctr-pr5gq	otelcol_exporter_sent_spans	1190122
1781200179	snap	2200	otelcol	otelcol-sb-esrev0-ctr-rbkvt	otelcol_processor_outgoing_items	330136
1781200179	snap	2200	otelcol	otelcol-sb-esrev0-ctr-rbkvt	otelcol_exporter_send_failed_spans	0
1781200179	snap	2200	otelcol	otelcol-sb-esrev0-ctr-rbkvt	otelcol_receiver_refused_spans	0
1781200179	snap	2200	otelcol	otelcol-sb-esrev0-ctr-rbkvt	otelcol_exporter_queue_size	0
1781200179	snap	2200	otelcol	otelcol-sb-esrev0-ctr-rbkvt	otelcol_exporter_queue_batch_send_size_sum	330136
1781200179	snap	2200	otelcol	otelcol-sb-esrev0-ctr-rbkvt	otelcol_process_runtime_total_sys_memory_bytes	85453080
1781200179	snap	2200	otelcol	otelcol-sb-esrev0-ctr-rbkvt	otelcol_receiver_failed_spans	0
1781200179	snap	2200	otelcol	otelcol-sb-esrev0-ctr-rbkvt	otelcol_processor_batch_metadata_cardinality	1
1781200179	snap	2200	otelcol	otelcol-sb-esrev0-ctr-rbkvt	otelcol_processor_batch_timeout_trigger_send	1257
1781200179	snap	2200	otelcol	otelcol-sb-esrev0-ctr-rbkvt	otelcol_processor_batch_batch_send_size_sum	330136
1781200179	snap	2200	otelcol	otelcol-sb-esrev0-ctr-rbkvt	otelcol_receiver_accepted_spans	330136
1781200179	snap	2200	otelcol	otelcol-sb-esrev0-ctr-rbkvt	otelcol_process_cpu_seconds	12
1781200179	snap	2200	otelcol	otelcol-sb-esrev0-ctr-rbkvt	otelcol_process_uptime	326
1781200179	snap	2200	otelcol	otelcol-sb-esrev0-ctr-rbkvt	otelcol_process_runtime_heap_alloc_bytes	29839312
1781200179	snap	2200	otelcol	otelcol-sb-esrev0-ctr-rbkvt	otelcol_process_memory_rss	219004928
1781200179	snap	2200	otelcol	otelcol-sb-esrev0-ctr-rbkvt	otelcol_exporter_sent_spans	330136
1781200179	snap	2200	otelcol	otelcol-sb-esrev0-ctr-rbkvt	otelcol_exporter_queue_capacity	1001
1781200179	snap	2200	otelcol	otelcol-sb-esrev0-ctr-rbkvt	otelcol_process_runtime_total_alloc_bytes	323089168
1781200179	snap	2200	otelcol	otelcol-sb-esrev0-ctr-rbkvt	otelcol_processor_incoming_items	330136
1781200179	snap	2200	otelcol	otelcol-sb-esrev0-ctr-vnnmt	otelcol_process_cpu_seconds	12
1781200179	snap	2200	otelcol	otelcol-sb-esrev0-ctr-vnnmt	otelcol_exporter_sent_spans	327824
1781200179	snap	2200	otelcol	otelcol-sb-esrev0-ctr-vnnmt	otelcol_process_runtime_total_alloc_bytes	339509400
1781200179	snap	2200	otelcol	otelcol-sb-esrev0-ctr-vnnmt	otelcol_processor_outgoing_items	327824
1781200179	snap	2200	otelcol	otelcol-sb-esrev0-ctr-vnnmt	otelcol_process_runtime_heap_alloc_bytes	44994872
1781200179	snap	2200	otelcol	otelcol-sb-esrev0-ctr-vnnmt	otelcol_exporter_queue_size	0
1781200179	snap	2200	otelcol	otelcol-sb-esrev0-ctr-vnnmt	otelcol_exporter_queue_batch_send_size_sum	327824
1781200179	snap	2200	otelcol	otelcol-sb-esrev0-ctr-vnnmt	otelcol_processor_batch_batch_send_size_sum	327824
1781200179	snap	2200	otelcol	otelcol-sb-esrev0-ctr-vnnmt	otelcol_receiver_failed_spans	0
1781200179	snap	2200	otelcol	otelcol-sb-esrev0-ctr-vnnmt	otelcol_process_memory_rss	225366016
1781200179	snap	2200	otelcol	otelcol-sb-esrev0-ctr-vnnmt	otelcol_exporter_send_failed_spans	0
1781200179	snap	2200	otelcol	otelcol-sb-esrev0-ctr-vnnmt	otelcol_receiver_refused_spans	0
1781200179	snap	2200	otelcol	otelcol-sb-esrev0-ctr-vnnmt	otelcol_receiver_accepted_spans	327824
1781200179	snap	2200	otelcol	otelcol-sb-esrev0-ctr-vnnmt	otelcol_processor_batch_metadata_cardinality	1
1781200179	snap	2200	otelcol	otelcol-sb-esrev0-ctr-vnnmt	otelcol_process_runtime_total_sys_memory_bytes	88860952
1781200179	snap	2200	otelcol	otelcol-sb-esrev0-ctr-vnnmt	otelcol_processor_batch_timeout_trigger_send	1261
1781200179	snap	2200	otelcol	otelcol-sb-esrev0-ctr-vnnmt	otelcol_processor_incoming_items	327824
1781200179	snap	2200	otelcol	otelcol-sb-esrev0-ctr-vnnmt	otelcol_process_uptime	327
1781200179	snap	2200	otelcol	otelcol-sb-esrev0-ctr-vnnmt	otelcol_exporter_queue_capacity	1001
1781200179	snap	2200	otelcol	otelcol-sb-esrev0-ctr-wht6z	otelcol_exporter_queue_size	0
1781200179	snap	2200	otelcol	otelcol-sb-esrev0-ctr-wht6z	otelcol_process_uptime	325
1781200179	snap	2200	otelcol	otelcol-sb-esrev0-ctr-wht6z	otelcol_receiver_accepted_spans	2682898
1781200179	snap	2200	otelcol	otelcol-sb-esrev0-ctr-wht6z	otelcol_process_runtime_heap_alloc_bytes	86401896
1781200179	snap	2200	otelcol	otelcol-sb-esrev0-ctr-wht6z	otelcol_receiver_failed_spans	0
1781200179	snap	2200	otelcol	otelcol-sb-esrev0-ctr-wht6z	otelcol_process_runtime_total_alloc_bytes	2067636528
1781200179	snap	2200	otelcol	otelcol-sb-esrev0-ctr-wht6z	otelcol_process_memory_rss	259821568
1781200179	snap	2200	otelcol	otelcol-sb-esrev0-ctr-wht6z	otelcol_exporter_queue_capacity	1001
1781200179	snap	2200	otelcol	otelcol-sb-esrev0-ctr-wht6z	otelcol_processor_incoming_items	2682898
1781200179	snap	2200	otelcol	otelcol-sb-esrev0-ctr-wht6z	otelcol_processor_batch_metadata_cardinality	1
1781200179	snap	2200	otelcol	otelcol-sb-esrev0-ctr-wht6z	otelcol_process_cpu_seconds	42
1781200179	snap	2200	otelcol	otelcol-sb-esrev0-ctr-wht6z	otelcol_exporter_send_failed_spans	0
1781200179	snap	2200	otelcol	otelcol-sb-esrev0-ctr-wht6z	otelcol_exporter_sent_spans	2682898
1781200179	snap	2200	otelcol	otelcol-sb-esrev0-ctr-wht6z	otelcol_process_runtime_total_sys_memory_bytes	131848488
1781200179	snap	2200	otelcol	otelcol-sb-esrev0-ctr-wht6z	otelcol_receiver_refused_spans	0
1781200179	snap	2200	otelcol	otelcol-sb-esrev0-ctr-wht6z	otelcol_exporter_queue_batch_send_size_sum	2682898
1781200179	snap	2200	otelcol	otelcol-sb-esrev0-ctr-wht6z	otelcol_processor_batch_timeout_trigger_send	1264
1781200179	snap	2200	otelcol	otelcol-sb-esrev0-ctr-wht6z	otelcol_processor_batch_batch_send_size_sum	2682898
1781200179	snap	2200	otelcol	otelcol-sb-esrev0-ctr-wht6z	otelcol_processor_outgoing_items	2682898
1781200179	snap	2200	k8s	otelcol-sb-esrev0-ctr-2bk4z	restart_count	0
1781200179	snap	2200	k8s	otelcol-sb-esrev0-ctr-gcg4j	restart_count	0
1781200179	snap	2200	k8s	otelcol-sb-esrev0-ctr-glxdm	restart_count	0
1781200179	snap	2200	k8s	otelcol-sb-esrev0-ctr-mrm6k	restart_count	0
1781200179	snap	2200	k8s	otelcol-sb-esrev0-ctr-pr5gq	restart_count	0
1781200179	snap	2200	k8s	otelcol-sb-esrev0-ctr-rbkvt	restart_count	0
1781200179	snap	2200	k8s	otelcol-sb-esrev0-ctr-rdtzq	restart_count	0
1781200179	snap	2200	k8s	otelcol-sb-esrev0-ctr-vnnmt	restart_count	0
1781200179	snap	2200	k8s	otelcol-sb-esrev0-ctr-wht6z	restart_count	0
1781200179	snap	2200	sdk	wrk2api	spans_received	68148
1781200179	snap	2200	sdk	wrk2api	spans_sent	68148
1781200179	snap	2200	sdk	wrk2api	spans_dropped	0
1781200179	snap	2200	sdk	wrk2api	spans_flushed	68148
1781200179	snap	2200	sdk	wrk2api	batches_sent	4851
1781200179	snap	2200	sdk	wrk2api	batches_dropped	0
1781200179	snap	2200	sdk	wrk2api	send_unavailable	0
1781200179	snap	2200	sdk	wrk2api	send_deadline	0
1781200179	snap	2200	sdk	wrk2api	send_exhausted	0
1781200179	snap	2200	sdk	wrk2api	send_canceled	0
1781200179	snap	2200	sdk	wrk2api	send_other	0
1781200179	snap	2200	sdk	wrk2api	buffer_depth	0
0
1781200179	snap	2200	sdk	composepost	spans_received	2093407
1781200179	snap	2200	sdk	composepost	spans_sent	2093407
1781200179	snap	2200	sdk	composepost	spans_dropped	0
1781200179	snap	2200	sdk	composepost	spans_flushed	2093407
1781200179	snap	2200	sdk	composepost	batches_sent	17542
1781200179	snap	2200	sdk	composepost	batches_dropped	0
1781200179	snap	2200	sdk	composepost	send_unavailable	0
1781200179	snap	2200	sdk	composepost	send_deadline	0
1781200179	snap	2200	sdk	composepost	send_exhausted	0
1781200179	snap	2200	sdk	composepost	send_canceled	0
1781200179	snap	2200	sdk	composepost	send_other	0
1781200179	snap	2200	sdk	composepost	buffer_depth	0
0
1781200179	snap	2200	sdk	hometimeline	spans_received	523336
1781200179	snap	2200	sdk	hometimeline	spans_sent	523336
1781200179	snap	2200	sdk	hometimeline	spans_dropped	0
1781200179	snap	2200	sdk	hometimeline	spans_flushed	523336
1781200179	snap	2200	sdk	hometimeline	batches_sent	4387
1781200179	snap	2200	sdk	hometimeline	batches_dropped	0
1781200179	snap	2200	sdk	hometimeline	send_unavailable	0
1781200179	snap	2200	sdk	hometimeline	send_deadline	0
1781200179	snap	2200	sdk	hometimeline	send_exhausted	0
1781200179	snap	2200	sdk	hometimeline	send_canceled	0
1781200179	snap	2200	sdk	hometimeline	send_other	0
1781200179	snap	2200	sdk	hometimeline	buffer_depth	0
0
1781200179	snap	2200	sdk	media	spans_received	261677
1781200179	snap	2200	sdk	media	spans_sent	261677
1781200179	snap	2200	sdk	media	spans_dropped	0
1781200179	snap	2200	sdk	media	spans_flushed	261677
1781200179	snap	2200	sdk	media	batches_sent	2194
1781200179	snap	2200	sdk	media	batches_dropped	0
1781200179	snap	2200	sdk	media	send_unavailable	0
1781200179	snap	2200	sdk	media	send_deadline	0
1781200179	snap	2200	sdk	media	send_exhausted	0
1781200179	snap	2200	sdk	media	send_canceled	0
1781200179	snap	2200	sdk	media	send_other	0
1781200179	snap	2200	sdk	media	buffer_depth	0
0
1781200179	snap	2200	sdk	post-storage	spans_received	261668
1781200179	snap	2200	sdk	post-storage	spans_sent	261668
1781200179	snap	2200	sdk	post-storage	spans_dropped	0
1781200179	snap	2200	sdk	post-storage	spans_flushed	261668
1781200179	snap	2200	sdk	post-storage	batches_sent	2193
1781200179	snap	2200	sdk	post-storage	batches_dropped	0
1781200179	snap	2200	sdk	post-storage	send_unavailable	0
1781200179	snap	2200	sdk	post-storage	send_deadline	0
1781200179	snap	2200	sdk	post-storage	send_exhausted	0
1781200179	snap	2200	sdk	post-storage	send_canceled	0
1781200179	snap	2200	sdk	post-storage	send_other	0
1781200179	snap	2200	sdk	post-storage	buffer_depth	0
0
1781200179	snap	2200	sdk	socialgraph	spans_received	375502
1781200179	snap	2200	sdk	socialgraph	spans_sent	375502
1781200179	snap	2200	sdk	socialgraph	spans_dropped	0
1781200179	snap	2200	sdk	socialgraph	spans_flushed	375502
1781200179	snap	2200	sdk	socialgraph	batches_sent	2676
1781200179	snap	2200	sdk	socialgraph	batches_dropped	0
1781200179	snap	2200	sdk	socialgraph	send_unavailable	0
1781200179	snap	2200	sdk	socialgraph	send_deadline	0
1781200179	snap	2200	sdk	socialgraph	send_exhausted	0
1781200179	snap	2200	sdk	socialgraph	send_canceled	0
1781200179	snap	2200	sdk	socialgraph	send_other	0
1781200179	snap	2200	sdk	socialgraph	buffer_depth	0
0
1781200179	snap	2200	sdk	text	spans_received	785049
1781200179	snap	2200	sdk	text	spans_sent	785049
1781200179	snap	2200	sdk	text	spans_dropped	0
1781200179	snap	2200	sdk	text	spans_flushed	785049
1781200179	snap	2200	sdk	text	batches_sent	6579
1781200179	snap	2200	sdk	text	batches_dropped	0
1781200179	snap	2200	sdk	text	send_unavailable	0
1781200179	snap	2200	sdk	text	send_deadline	0
1781200179	snap	2200	sdk	text	send_exhausted	0
1781200179	snap	2200	sdk	text	send_canceled	0
1781200179	snap	2200	sdk	text	send_other	0
1781200179	snap	2200	sdk	text	buffer_depth	0
0
1781200179	snap	2200	sdk	uniqueid	spans_received	261677
1781200179	snap	2200	sdk	uniqueid	spans_sent	261677
1781200179	snap	2200	sdk	uniqueid	spans_dropped	0
1781200179	snap	2200	sdk	uniqueid	spans_flushed	261677
1781200179	snap	2200	sdk	uniqueid	batches_sent	2193
1781200179	snap	2200	sdk	uniqueid	batches_dropped	0
1781200179	snap	2200	sdk	uniqueid	send_unavailable	0
1781200179	snap	2200	sdk	uniqueid	send_deadline	0
1781200179	snap	2200	sdk	uniqueid	send_exhausted	0
1781200179	snap	2200	sdk	uniqueid	send_canceled	0
1781200179	snap	2200	sdk	uniqueid	send_other	0
1781200179	snap	2200	sdk	uniqueid	buffer_depth	0
0
1781200179	snap	2200	sdk	urlshorten	spans_received	261677
1781200179	snap	2200	sdk	urlshorten	spans_sent	261677
1781200179	snap	2200	sdk	urlshorten	spans_dropped	0
1781200179	snap	2200	sdk	urlshorten	spans_flushed	261677
1781200179	snap	2200	sdk	urlshorten	batches_sent	2193
1781200179	snap	2200	sdk	urlshorten	batches_dropped	0
1781200179	snap	2200	sdk	urlshorten	send_unavailable	0
1781200179	snap	2200	sdk	urlshorten	send_deadline	0
1781200179	snap	2200	sdk	urlshorten	send_exhausted	0
1781200179	snap	2200	sdk	urlshorten	send_canceled	0
1781200179	snap	2200	sdk	urlshorten	send_other	0
1781200179	snap	2200	sdk	urlshorten	buffer_depth	0
0
1781200179	snap	2200	sdk	user	spans_received	263601
1781200179	snap	2200	sdk	user	spans_sent	263601
1781200179	snap	2200	sdk	user	spans_dropped	0
1781200179	snap	2200	sdk	user	spans_flushed	263601
1781200179	snap	2200	sdk	user	batches_sent	2205
1781200179	snap	2200	sdk	user	batches_dropped	0
1781200179	snap	2200	sdk	user	send_unavailable	0
1781200179	snap	2200	sdk	user	send_deadline	0
1781200179	snap	2200	sdk	user	send_exhausted	0
1781200179	snap	2200	sdk	user	send_canceled	0
1781200179	snap	2200	sdk	user	send_other	0
1781200179	snap	2200	sdk	user	buffer_depth	0
0
1781200179	snap	2200	sdk	userid	spans_received	75248
1781200179	snap	2200	sdk	userid	spans_sent	75248
1781200179	snap	2200	sdk	userid	spans_dropped	0
1781200179	snap	2200	sdk	userid	spans_flushed	75248
1781200179	snap	2200	sdk	userid	batches_sent	245
1781200179	snap	2200	sdk	userid	batches_dropped	0
1781200179	snap	2200	sdk	userid	send_unavailable	0
1781200179	snap	2200	sdk	userid	send_deadline	0
1781200179	snap	2200	sdk	userid	send_exhausted	0
1781200179	snap	2200	sdk	userid	send_canceled	0
1781200179	snap	2200	sdk	userid	send_other	0
1781200179	snap	2200	sdk	userid	buffer_depth	0
0
1781200179	snap	2200	sdk	usermention	spans_received	261677
1781200179	snap	2200	sdk	usermention	spans_sent	261677
1781200179	snap	2200	sdk	usermention	spans_dropped	0
1781200179	snap	2200	sdk	usermention	spans_flushed	261677
1781200179	snap	2200	sdk	usermention	batches_sent	2193
1781200179	snap	2200	sdk	usermention	batches_dropped	0
1781200179	snap	2200	sdk	usermention	send_unavailable	0
1781200179	snap	2200	sdk	usermention	send_deadline	0
1781200179	snap	2200	sdk	usermention	send_exhausted	0
1781200179	snap	2200	sdk	usermention	send_canceled	0
1781200179	snap	2200	sdk	usermention	send_other	0
1781200179	snap	2200	sdk	usermention	buffer_depth	0
0
1781200179	snap	2200	sdk	usertimeline	spans_received	261668
1781200179	snap	2200	sdk	usertimeline	spans_sent	261668
1781200179	snap	2200	sdk	usertimeline	spans_dropped	0
1781200179	snap	2200	sdk	usertimeline	spans_flushed	261668
1781200179	snap	2200	sdk	usertimeline	batches_sent	2192
1781200179	snap	2200	sdk	usertimeline	batches_dropped	0
1781200179	snap	2200	sdk	usertimeline	send_unavailable	0
1781200179	snap	2200	sdk	usertimeline	send_deadline	0
1781200179	snap	2200	sdk	usertimeline	send_exhausted	0
1781200179	snap	2200	sdk	usertimeline	send_canceled	0
1781200179	snap	2200	sdk	usertimeline	send_other	0
1781200179	snap	2200	sdk	usertimeline	buffer_depth	0
0
1781200186	snap	2400	otelcol	otelcol-sb-esrev0-ctr-mrm6k	otelcol_exporter_queue_size	0
1781200186	snap	2400	otelcol	otelcol-sb-esrev0-ctr-mrm6k	otelcol_processor_batch_batch_send_size_sum	329008
1781200186	snap	2400	otelcol	otelcol-sb-esrev0-ctr-mrm6k	otelcol_process_runtime_heap_alloc_bytes	27050416
1781200186	snap	2400	otelcol	otelcol-sb-esrev0-ctr-mrm6k	otelcol_exporter_queue_batch_send_size_sum	329008
1781200186	snap	2400	otelcol	otelcol-sb-esrev0-ctr-mrm6k	otelcol_process_uptime	334
1781200186	snap	2400	otelcol	otelcol-sb-esrev0-ctr-mrm6k	otelcol_processor_outgoing_items	329008
1781200186	snap	2400	otelcol	otelcol-sb-esrev0-ctr-mrm6k	otelcol_process_runtime_total_alloc_bytes	326670128
1781200186	snap	2400	otelcol	otelcol-sb-esrev0-ctr-mrm6k	otelcol_process_memory_rss	220880896
1781200186	snap	2400	otelcol	otelcol-sb-esrev0-ctr-mrm6k	otelcol_process_cpu_seconds	13
1781200186	snap	2400	otelcol	otelcol-sb-esrev0-ctr-mrm6k	otelcol_exporter_send_failed_spans	0
1781200186	snap	2400	otelcol	otelcol-sb-esrev0-ctr-mrm6k	otelcol_receiver_accepted_spans	329008
1781200186	snap	2400	otelcol	otelcol-sb-esrev0-ctr-mrm6k	otelcol_processor_batch_metadata_cardinality	1
1781200186	snap	2400	otelcol	otelcol-sb-esrev0-ctr-mrm6k	otelcol_receiver_refused_spans	0
1781200186	snap	2400	otelcol	otelcol-sb-esrev0-ctr-mrm6k	otelcol_receiver_failed_spans	0
1781200186	snap	2400	otelcol	otelcol-sb-esrev0-ctr-mrm6k	otelcol_processor_batch_timeout_trigger_send	1261
1781200186	snap	2400	otelcol	otelcol-sb-esrev0-ctr-mrm6k	otelcol_process_runtime_total_sys_memory_bytes	85199128
1781200186	snap	2400	otelcol	otelcol-sb-esrev0-ctr-mrm6k	otelcol_exporter_queue_capacity	1001
1781200186	snap	2400	otelcol	otelcol-sb-esrev0-ctr-mrm6k	otelcol_processor_incoming_items	329008
1781200186	snap	2400	otelcol	otelcol-sb-esrev0-ctr-mrm6k	otelcol_exporter_sent_spans	329008
1781200186	snap	2400	otelcol	otelcol-sb-esrev0-ctr-rdtzq	otelcol_process_runtime_total_sys_memory_bytes	88541464
1781200186	snap	2400	otelcol	otelcol-sb-esrev0-ctr-rdtzq	otelcol_process_memory_rss	220450816
1781200186	snap	2400	otelcol	otelcol-sb-esrev0-ctr-rdtzq	otelcol_exporter_queue_capacity	1001
1781200186	snap	2400	otelcol	otelcol-sb-esrev0-ctr-rdtzq	otelcol_process_cpu_seconds	13
1781200186	snap	2400	otelcol	otelcol-sb-esrev0-ctr-rdtzq	otelcol_processor_incoming_items	328199
1781200186	snap	2400	otelcol	otelcol-sb-esrev0-ctr-rdtzq	otelcol_exporter_queue_batch_send_size_sum	328199
1781200186	snap	2400	otelcol	otelcol-sb-esrev0-ctr-rdtzq	otelcol_exporter_send_failed_spans	0
1781200186	snap	2400	otelcol	otelcol-sb-esrev0-ctr-rdtzq	otelcol_receiver_refused_spans	0
1781200186	snap	2400	otelcol	otelcol-sb-esrev0-ctr-rdtzq	otelcol_exporter_sent_spans	328199
1781200186	snap	2400	otelcol	otelcol-sb-esrev0-ctr-rdtzq	otelcol_process_runtime_total_alloc_bytes	349024240
1781200186	snap	2400	otelcol	otelcol-sb-esrev0-ctr-rdtzq	otelcol_process_runtime_heap_alloc_bytes	46803440
1781200186	snap	2400	otelcol	otelcol-sb-esrev0-ctr-rdtzq	otelcol_processor_outgoing_items	328199
1781200186	snap	2400	otelcol	otelcol-sb-esrev0-ctr-rdtzq	otelcol_process_uptime	334
1781200186	snap	2400	otelcol	otelcol-sb-esrev0-ctr-rdtzq	otelcol_receiver_failed_spans	0
1781200186	snap	2400	otelcol	otelcol-sb-esrev0-ctr-rdtzq	otelcol_processor_batch_metadata_cardinality	1
1781200186	snap	2400	otelcol	otelcol-sb-esrev0-ctr-rdtzq	otelcol_receiver_accepted_spans	328199
1781200186	snap	2400	otelcol	otelcol-sb-esrev0-ctr-rdtzq	otelcol_processor_batch_timeout_trigger_send	1260
1781200186	snap	2400	otelcol	otelcol-sb-esrev0-ctr-rdtzq	otelcol_processor_batch_batch_send_size_sum	328199
1781200186	snap	2400	otelcol	otelcol-sb-esrev0-ctr-rdtzq	otelcol_exporter_queue_size	0
1781200186	snap	2400	otelcol	otelcol-sb-esrev0-ctr-glxdm	otelcol_receiver_failed_spans	0
1781200186	snap	2400	otelcol	otelcol-sb-esrev0-ctr-glxdm	otelcol_process_uptime	334
1781200186	snap	2400	otelcol	otelcol-sb-esrev0-ctr-glxdm	otelcol_exporter_queue_capacity	1001
1781200186	snap	2400	otelcol	otelcol-sb-esrev0-ctr-glxdm	otelcol_processor_batch_metadata_cardinality	1
1781200186	snap	2400	otelcol	otelcol-sb-esrev0-ctr-glxdm	otelcol_process_runtime_heap_alloc_bytes	50509200
1781200186	snap	2400	otelcol	otelcol-sb-esrev0-ctr-glxdm	otelcol_exporter_send_failed_spans	0
1781200186	snap	2400	otelcol	otelcol-sb-esrev0-ctr-glxdm	otelcol_processor_incoming_items	589515
1781200186	snap	2400	otelcol	otelcol-sb-esrev0-ctr-glxdm	otelcol_process_cpu_seconds	16
1781200186	snap	2400	otelcol	otelcol-sb-esrev0-ctr-glxdm	otelcol_exporter_sent_spans	589515
1781200186	snap	2400	otelcol	otelcol-sb-esrev0-ctr-glxdm	otelcol_receiver_refused_spans	0
1781200186	snap	2400	otelcol	otelcol-sb-esrev0-ctr-glxdm	otelcol_processor_batch_timeout_trigger_send	1257
1781200186	snap	2400	otelcol	otelcol-sb-esrev0-ctr-glxdm	otelcol_processor_batch_batch_send_size_sum	589515
1781200186	snap	2400	otelcol	otelcol-sb-esrev0-ctr-glxdm	otelcol_process_runtime_total_alloc_bytes	492141440
1781200186	snap	2400	otelcol	otelcol-sb-esrev0-ctr-glxdm	otelcol_process_memory_rss	226619392
1781200186	snap	2400	otelcol	otelcol-sb-esrev0-ctr-glxdm	otelcol_exporter_queue_batch_send_size_sum	589515
1781200186	snap	2400	otelcol	otelcol-sb-esrev0-ctr-glxdm	otelcol_process_runtime_total_sys_memory_bytes	93124904
1781200186	snap	2400	otelcol	otelcol-sb-esrev0-ctr-glxdm	otelcol_receiver_accepted_spans	589515
1781200186	snap	2400	otelcol	otelcol-sb-esrev0-ctr-glxdm	otelcol_processor_outgoing_items	589515
1781200186	snap	2400	otelcol	otelcol-sb-esrev0-ctr-glxdm	otelcol_exporter_queue_size	0
1781200186	snap	2400	otelcol	otelcol-sb-esrev0-ctr-2bk4z	otelcol_processor_batch_batch_send_size_sum	442861
1781200186	snap	2400	otelcol	otelcol-sb-esrev0-ctr-2bk4z	otelcol_process_runtime_heap_alloc_bytes	48154928
1781200186	snap	2400	otelcol	otelcol-sb-esrev0-ctr-2bk4z	otelcol_exporter_queue_size	0
1781200186	snap	2400	otelcol	otelcol-sb-esrev0-ctr-2bk4z	otelcol_process_memory_rss	222556160
1781200186	snap	2400	otelcol	otelcol-sb-esrev0-ctr-2bk4z	otelcol_receiver_failed_spans	0
1781200186	snap	2400	otelcol	otelcol-sb-esrev0-ctr-2bk4z	otelcol_process_runtime_total_alloc_bytes	407447632
1781200186	snap	2400	otelcol	otelcol-sb-esrev0-ctr-2bk4z	otelcol_exporter_send_failed_spans	0
1781200186	snap	2400	otelcol	otelcol-sb-esrev0-ctr-2bk4z	otelcol_receiver_refused_spans	0
1781200186	snap	2400	otelcol	otelcol-sb-esrev0-ctr-2bk4z	otelcol_process_uptime	336
1781200186	snap	2400	otelcol	otelcol-sb-esrev0-ctr-2bk4z	otelcol_processor_incoming_items	442861
1781200186	snap	2400	otelcol	otelcol-sb-esrev0-ctr-2bk4z	otelcol_process_runtime_total_sys_memory_bytes	103016728
1781200186	snap	2400	otelcol	otelcol-sb-esrev0-ctr-2bk4z	otelcol_processor_outgoing_items	442861
1781200186	snap	2400	otelcol	otelcol-sb-esrev0-ctr-2bk4z	otelcol_process_cpu_seconds	14
1781200186	snap	2400	otelcol	otelcol-sb-esrev0-ctr-2bk4z	otelcol_exporter_queue_batch_send_size_sum	442861
1781200186	snap	2400	otelcol	otelcol-sb-esrev0-ctr-2bk4z	otelcol_processor_batch_metadata_cardinality	1
1781200186	snap	2400	otelcol	otelcol-sb-esrev0-ctr-2bk4z	otelcol_processor_batch_timeout_trigger_send	1268
1781200186	snap	2400	otelcol	otelcol-sb-esrev0-ctr-2bk4z	otelcol_receiver_accepted_spans	442861
1781200186	snap	2400	otelcol	otelcol-sb-esrev0-ctr-2bk4z	otelcol_exporter_sent_spans	442861
1781200186	snap	2400	otelcol	otelcol-sb-esrev0-ctr-2bk4z	otelcol_exporter_queue_capacity	1001
1781200186	snap	2400	otelcol	otelcol-sb-esrev0-ctr-gcg4j	otelcol_receiver_failed_spans	0
1781200186	snap	2400	otelcol	otelcol-sb-esrev0-ctr-gcg4j	otelcol_processor_batch_timeout_trigger_send	1251
1781200186	snap	2400	otelcol	otelcol-sb-esrev0-ctr-gcg4j	otelcol_exporter_queue_size	0
1781200186	snap	2400	otelcol	otelcol-sb-esrev0-ctr-gcg4j	otelcol_process_runtime_total_sys_memory_bytes	71600408
1781200186	snap	2400	otelcol	otelcol-sb-esrev0-ctr-gcg4j	otelcol_exporter_queue_batch_send_size_sum	66141
1781200186	snap	2400	otelcol	otelcol-sb-esrev0-ctr-gcg4j	otelcol_receiver_accepted_spans	66141
1781200186	snap	2400	otelcol	otelcol-sb-esrev0-ctr-gcg4j	otelcol_process_runtime_total_alloc_bytes	167418952
1781200186	snap	2400	otelcol	otelcol-sb-esrev0-ctr-gcg4j	otelcol_process_memory_rss	209313792
1781200186	snap	2400	otelcol	otelcol-sb-esrev0-ctr-gcg4j	otelcol_process_cpu_seconds	12
1781200186	snap	2400	otelcol	otelcol-sb-esrev0-ctr-gcg4j	otelcol_exporter_queue_capacity	1001
1781200186	snap	2400	otelcol	otelcol-sb-esrev0-ctr-gcg4j	otelcol_processor_incoming_items	66141
1781200186	snap	2400	otelcol	otelcol-sb-esrev0-ctr-gcg4j	otelcol_exporter_send_failed_spans	0
1781200186	snap	2400	otelcol	otelcol-sb-esrev0-ctr-gcg4j	otelcol_receiver_refused_spans	0
1781200186	snap	2400	otelcol	otelcol-sb-esrev0-ctr-gcg4j	otelcol_processor_outgoing_items	66141
1781200186	snap	2400	otelcol	otelcol-sb-esrev0-ctr-gcg4j	otelcol_processor_batch_metadata_cardinality	1
1781200186	snap	2400	otelcol	otelcol-sb-esrev0-ctr-gcg4j	otelcol_processor_batch_batch_send_size_sum	66141
1781200186	snap	2400	otelcol	otelcol-sb-esrev0-ctr-gcg4j	otelcol_process_uptime	332
1781200186	snap	2400	otelcol	otelcol-sb-esrev0-ctr-gcg4j	otelcol_process_runtime_heap_alloc_bytes	42287400
1781200186	snap	2400	otelcol	otelcol-sb-esrev0-ctr-gcg4j	otelcol_exporter_sent_spans	66141
1781200186	snap	2400	otelcol	otelcol-sb-esrev0-ctr-pr5gq	otelcol_receiver_accepted_spans	1190122
1781200186	snap	2400	otelcol	otelcol-sb-esrev0-ctr-pr5gq	otelcol_receiver_failed_spans	0
1781200186	snap	2400	otelcol	otelcol-sb-esrev0-ctr-pr5gq	otelcol_process_uptime	333
1781200186	snap	2400	otelcol	otelcol-sb-esrev0-ctr-pr5gq	otelcol_exporter_queue_batch_send_size_sum	1190122
1781200186	snap	2400	otelcol	otelcol-sb-esrev0-ctr-pr5gq	otelcol_processor_outgoing_items	1190122
1781200186	snap	2400	otelcol	otelcol-sb-esrev0-ctr-pr5gq	otelcol_process_runtime_total_sys_memory_bytes	106711320
1781200186	snap	2400	otelcol	otelcol-sb-esrev0-ctr-pr5gq	otelcol_process_runtime_heap_alloc_bytes	34904824
1781200186	snap	2400	otelcol	otelcol-sb-esrev0-ctr-pr5gq	otelcol_exporter_queue_capacity	1001
1781200186	snap	2400	otelcol	otelcol-sb-esrev0-ctr-pr5gq	otelcol_process_memory_rss	229928960
1781200186	snap	2400	otelcol	otelcol-sb-esrev0-ctr-pr5gq	otelcol_exporter_queue_size	0
1781200186	snap	2400	otelcol	otelcol-sb-esrev0-ctr-pr5gq	otelcol_exporter_send_failed_spans	0
1781200186	snap	2400	otelcol	otelcol-sb-esrev0-ctr-pr5gq	otelcol_receiver_refused_spans	0
1781200186	snap	2400	otelcol	otelcol-sb-esrev0-ctr-pr5gq	otelcol_process_runtime_total_alloc_bytes	773409032
1781200186	snap	2400	otelcol	otelcol-sb-esrev0-ctr-pr5gq	otelcol_processor_batch_batch_send_size_sum	1190122
1781200186	snap	2400	otelcol	otelcol-sb-esrev0-ctr-pr5gq	otelcol_process_cpu_seconds	22
1781200186	snap	2400	otelcol	otelcol-sb-esrev0-ctr-pr5gq	otelcol_processor_incoming_items	1190122
1781200186	snap	2400	otelcol	otelcol-sb-esrev0-ctr-pr5gq	otelcol_processor_batch_metadata_cardinality	1
1781200186	snap	2400	otelcol	otelcol-sb-esrev0-ctr-pr5gq	otelcol_processor_batch_timeout_trigger_send	1260
1781200186	snap	2400	otelcol	otelcol-sb-esrev0-ctr-pr5gq	otelcol_exporter_sent_spans	1190122
1781200186	snap	2400	otelcol	otelcol-sb-esrev0-ctr-rbkvt	otelcol_processor_outgoing_items	330136
1781200186	snap	2400	otelcol	otelcol-sb-esrev0-ctr-rbkvt	otelcol_exporter_send_failed_spans	0
1781200186	snap	2400	otelcol	otelcol-sb-esrev0-ctr-rbkvt	otelcol_receiver_refused_spans	0
1781200186	snap	2400	otelcol	otelcol-sb-esrev0-ctr-rbkvt	otelcol_exporter_queue_size	0
1781200186	snap	2400	otelcol	otelcol-sb-esrev0-ctr-rbkvt	otelcol_exporter_queue_batch_send_size_sum	330136
1781200186	snap	2400	otelcol	otelcol-sb-esrev0-ctr-rbkvt	otelcol_process_runtime_total_sys_memory_bytes	85453080
1781200186	snap	2400	otelcol	otelcol-sb-esrev0-ctr-rbkvt	otelcol_receiver_failed_spans	0
1781200186	snap	2400	otelcol	otelcol-sb-esrev0-ctr-rbkvt	otelcol_processor_batch_metadata_cardinality	1
1781200186	snap	2400	otelcol	otelcol-sb-esrev0-ctr-rbkvt	otelcol_processor_batch_timeout_trigger_send	1257
1781200186	snap	2400	otelcol	otelcol-sb-esrev0-ctr-rbkvt	otelcol_processor_batch_batch_send_size_sum	330136
1781200186	snap	2400	otelcol	otelcol-sb-esrev0-ctr-rbkvt	otelcol_receiver_accepted_spans	330136
1781200186	snap	2400	otelcol	otelcol-sb-esrev0-ctr-rbkvt	otelcol_process_cpu_seconds	12
1781200186	snap	2400	otelcol	otelcol-sb-esrev0-ctr-rbkvt	otelcol_process_uptime	333
1781200186	snap	2400	otelcol	otelcol-sb-esrev0-ctr-rbkvt	otelcol_process_runtime_heap_alloc_bytes	30417896
1781200186	snap	2400	otelcol	otelcol-sb-esrev0-ctr-rbkvt	otelcol_process_memory_rss	219004928
1781200186	snap	2400	otelcol	otelcol-sb-esrev0-ctr-rbkvt	otelcol_exporter_sent_spans	330136
1781200186	snap	2400	otelcol	otelcol-sb-esrev0-ctr-rbkvt	otelcol_exporter_queue_capacity	1001
1781200186	snap	2400	otelcol	otelcol-sb-esrev0-ctr-rbkvt	otelcol_process_runtime_total_alloc_bytes	323667752
1781200186	snap	2400	otelcol	otelcol-sb-esrev0-ctr-rbkvt	otelcol_processor_incoming_items	330136
1781200186	snap	2400	otelcol	otelcol-sb-esrev0-ctr-vnnmt	otelcol_process_cpu_seconds	12
1781200186	snap	2400	otelcol	otelcol-sb-esrev0-ctr-vnnmt	otelcol_exporter_sent_spans	327824
1781200186	snap	2400	otelcol	otelcol-sb-esrev0-ctr-vnnmt	otelcol_process_runtime_total_alloc_bytes	340076928
1781200186	snap	2400	otelcol	otelcol-sb-esrev0-ctr-vnnmt	otelcol_processor_outgoing_items	327824
1781200186	snap	2400	otelcol	otelcol-sb-esrev0-ctr-vnnmt	otelcol_process_runtime_heap_alloc_bytes	45562400
1781200186	snap	2400	otelcol	otelcol-sb-esrev0-ctr-vnnmt	otelcol_exporter_queue_size	0
1781200186	snap	2400	otelcol	otelcol-sb-esrev0-ctr-vnnmt	otelcol_exporter_queue_batch_send_size_sum	327824
1781200186	snap	2400	otelcol	otelcol-sb-esrev0-ctr-vnnmt	otelcol_processor_batch_batch_send_size_sum	327824
1781200186	snap	2400	otelcol	otelcol-sb-esrev0-ctr-vnnmt	otelcol_receiver_failed_spans	0
1781200186	snap	2400	otelcol	otelcol-sb-esrev0-ctr-vnnmt	otelcol_process_memory_rss	225366016
1781200186	snap	2400	otelcol	otelcol-sb-esrev0-ctr-vnnmt	otelcol_exporter_send_failed_spans	0
1781200186	snap	2400	otelcol	otelcol-sb-esrev0-ctr-vnnmt	otelcol_receiver_refused_spans	0
1781200186	snap	2400	otelcol	otelcol-sb-esrev0-ctr-vnnmt	otelcol_receiver_accepted_spans	327824
1781200186	snap	2400	otelcol	otelcol-sb-esrev0-ctr-vnnmt	otelcol_processor_batch_metadata_cardinality	1
1781200186	snap	2400	otelcol	otelcol-sb-esrev0-ctr-vnnmt	otelcol_process_runtime_total_sys_memory_bytes	88860952
1781200186	snap	2400	otelcol	otelcol-sb-esrev0-ctr-vnnmt	otelcol_processor_batch_timeout_trigger_send	1261
1781200186	snap	2400	otelcol	otelcol-sb-esrev0-ctr-vnnmt	otelcol_processor_incoming_items	327824
1781200186	snap	2400	otelcol	otelcol-sb-esrev0-ctr-vnnmt	otelcol_process_uptime	333
1781200186	snap	2400	otelcol	otelcol-sb-esrev0-ctr-vnnmt	otelcol_exporter_queue_capacity	1001
1781200186	snap	2400	otelcol	otelcol-sb-esrev0-ctr-wht6z	otelcol_exporter_queue_size	0
1781200186	snap	2400	otelcol	otelcol-sb-esrev0-ctr-wht6z	otelcol_process_uptime	332
1781200186	snap	2400	otelcol	otelcol-sb-esrev0-ctr-wht6z	otelcol_receiver_accepted_spans	2682898
1781200186	snap	2400	otelcol	otelcol-sb-esrev0-ctr-wht6z	otelcol_process_runtime_heap_alloc_bytes	86977984
1781200186	snap	2400	otelcol	otelcol-sb-esrev0-ctr-wht6z	otelcol_receiver_failed_spans	0
1781200186	snap	2400	otelcol	otelcol-sb-esrev0-ctr-wht6z	otelcol_process_runtime_total_alloc_bytes	2068212616
1781200186	snap	2400	otelcol	otelcol-sb-esrev0-ctr-wht6z	otelcol_process_memory_rss	259821568
1781200186	snap	2400	otelcol	otelcol-sb-esrev0-ctr-wht6z	otelcol_exporter_queue_capacity	1001
1781200186	snap	2400	otelcol	otelcol-sb-esrev0-ctr-wht6z	otelcol_processor_incoming_items	2682898
1781200186	snap	2400	otelcol	otelcol-sb-esrev0-ctr-wht6z	otelcol_processor_batch_metadata_cardinality	1
1781200186	snap	2400	otelcol	otelcol-sb-esrev0-ctr-wht6z	otelcol_process_cpu_seconds	42
1781200186	snap	2400	otelcol	otelcol-sb-esrev0-ctr-wht6z	otelcol_exporter_send_failed_spans	0
1781200186	snap	2400	otelcol	otelcol-sb-esrev0-ctr-wht6z	otelcol_exporter_sent_spans	2682898
1781200186	snap	2400	otelcol	otelcol-sb-esrev0-ctr-wht6z	otelcol_process_runtime_total_sys_memory_bytes	131848488
1781200186	snap	2400	otelcol	otelcol-sb-esrev0-ctr-wht6z	otelcol_receiver_refused_spans	0
1781200186	snap	2400	otelcol	otelcol-sb-esrev0-ctr-wht6z	otelcol_exporter_queue_batch_send_size_sum	2682898
1781200186	snap	2400	otelcol	otelcol-sb-esrev0-ctr-wht6z	otelcol_processor_batch_timeout_trigger_send	1264
1781200186	snap	2400	otelcol	otelcol-sb-esrev0-ctr-wht6z	otelcol_processor_batch_batch_send_size_sum	2682898
1781200186	snap	2400	otelcol	otelcol-sb-esrev0-ctr-wht6z	otelcol_processor_outgoing_items	2682898
1781200186	snap	2400	k8s	otelcol-sb-esrev0-ctr-2bk4z	restart_count	0
1781200186	snap	2400	k8s	otelcol-sb-esrev0-ctr-gcg4j	restart_count	0
1781200186	snap	2400	k8s	otelcol-sb-esrev0-ctr-glxdm	restart_count	0
1781200186	snap	2400	k8s	otelcol-sb-esrev0-ctr-mrm6k	restart_count	0
1781200186	snap	2400	k8s	otelcol-sb-esrev0-ctr-pr5gq	restart_count	0
1781200186	snap	2400	k8s	otelcol-sb-esrev0-ctr-rbkvt	restart_count	0
1781200186	snap	2400	k8s	otelcol-sb-esrev0-ctr-rdtzq	restart_count	0
1781200186	snap	2400	k8s	otelcol-sb-esrev0-ctr-vnnmt	restart_count	0
1781200186	snap	2400	k8s	otelcol-sb-esrev0-ctr-wht6z	restart_count	0
1781200186	snap	2400	sdk	wrk2api	spans_received	68148
1781200186	snap	2400	sdk	wrk2api	spans_sent	68148
1781200186	snap	2400	sdk	wrk2api	spans_dropped	0
1781200186	snap	2400	sdk	wrk2api	spans_flushed	68148
1781200186	snap	2400	sdk	wrk2api	batches_sent	4851
1781200186	snap	2400	sdk	wrk2api	batches_dropped	0
1781200186	snap	2400	sdk	wrk2api	send_unavailable	0
1781200186	snap	2400	sdk	wrk2api	send_deadline	0
1781200186	snap	2400	sdk	wrk2api	send_exhausted	0
1781200186	snap	2400	sdk	wrk2api	send_canceled	0
1781200186	snap	2400	sdk	wrk2api	send_other	0
1781200186	snap	2400	sdk	wrk2api	buffer_depth	0
0
1781200186	snap	2400	sdk	composepost	spans_received	2093407
1781200186	snap	2400	sdk	composepost	spans_sent	2093407
1781200186	snap	2400	sdk	composepost	spans_dropped	0
1781200186	snap	2400	sdk	composepost	spans_flushed	2093407
1781200186	snap	2400	sdk	composepost	batches_sent	17542
1781200186	snap	2400	sdk	composepost	batches_dropped	0
1781200186	snap	2400	sdk	composepost	send_unavailable	0
1781200186	snap	2400	sdk	composepost	send_deadline	0
1781200186	snap	2400	sdk	composepost	send_exhausted	0
1781200186	snap	2400	sdk	composepost	send_canceled	0
1781200186	snap	2400	sdk	composepost	send_other	0
1781200186	snap	2400	sdk	composepost	buffer_depth	0
0
1781200186	snap	2400	sdk	hometimeline	spans_received	523336
1781200186	snap	2400	sdk	hometimeline	spans_sent	523336
1781200186	snap	2400	sdk	hometimeline	spans_dropped	0
1781200186	snap	2400	sdk	hometimeline	spans_flushed	523336
1781200186	snap	2400	sdk	hometimeline	batches_sent	4387
1781200186	snap	2400	sdk	hometimeline	batches_dropped	0
1781200186	snap	2400	sdk	hometimeline	send_unavailable	0
1781200186	snap	2400	sdk	hometimeline	send_deadline	0
1781200186	snap	2400	sdk	hometimeline	send_exhausted	0
1781200186	snap	2400	sdk	hometimeline	send_canceled	0
1781200186	snap	2400	sdk	hometimeline	send_other	0
1781200186	snap	2400	sdk	hometimeline	buffer_depth	0
0
1781200186	snap	2400	sdk	media	spans_received	261677
1781200186	snap	2400	sdk	media	spans_sent	261677
1781200186	snap	2400	sdk	media	spans_dropped	0
1781200186	snap	2400	sdk	media	spans_flushed	261677
1781200186	snap	2400	sdk	media	batches_sent	2194
1781200186	snap	2400	sdk	media	batches_dropped	0
1781200186	snap	2400	sdk	media	send_unavailable	0
1781200186	snap	2400	sdk	media	send_deadline	0
1781200186	snap	2400	sdk	media	send_exhausted	0
1781200186	snap	2400	sdk	media	send_canceled	0
1781200186	snap	2400	sdk	media	send_other	0
1781200186	snap	2400	sdk	media	buffer_depth	0
0
1781200186	snap	2400	sdk	post-storage	spans_received	261668
1781200186	snap	2400	sdk	post-storage	spans_sent	261668
1781200186	snap	2400	sdk	post-storage	spans_dropped	0
1781200186	snap	2400	sdk	post-storage	spans_flushed	261668
1781200186	snap	2400	sdk	post-storage	batches_sent	2193
1781200186	snap	2400	sdk	post-storage	batches_dropped	0
1781200186	snap	2400	sdk	post-storage	send_unavailable	0
1781200186	snap	2400	sdk	post-storage	send_deadline	0
1781200186	snap	2400	sdk	post-storage	send_exhausted	0
1781200186	snap	2400	sdk	post-storage	send_canceled	0
1781200186	snap	2400	sdk	post-storage	send_other	0
1781200186	snap	2400	sdk	post-storage	buffer_depth	0
0
1781200186	snap	2400	sdk	socialgraph	spans_received	375502
1781200186	snap	2400	sdk	socialgraph	spans_sent	375502
1781200186	snap	2400	sdk	socialgraph	spans_dropped	0
1781200186	snap	2400	sdk	socialgraph	spans_flushed	375502
1781200186	snap	2400	sdk	socialgraph	batches_sent	2676
1781200186	snap	2400	sdk	socialgraph	batches_dropped	0
1781200186	snap	2400	sdk	socialgraph	send_unavailable	0
1781200186	snap	2400	sdk	socialgraph	send_deadline	0
1781200186	snap	2400	sdk	socialgraph	send_exhausted	0
1781200186	snap	2400	sdk	socialgraph	send_canceled	0
1781200186	snap	2400	sdk	socialgraph	send_other	0
1781200186	snap	2400	sdk	socialgraph	buffer_depth	0
0
1781200186	snap	2400	sdk	text	spans_received	785049
1781200186	snap	2400	sdk	text	spans_sent	785049
1781200186	snap	2400	sdk	text	spans_dropped	0
1781200186	snap	2400	sdk	text	spans_flushed	785049
1781200186	snap	2400	sdk	text	batches_sent	6579
1781200186	snap	2400	sdk	text	batches_dropped	0
1781200186	snap	2400	sdk	text	send_unavailable	0
1781200186	snap	2400	sdk	text	send_deadline	0
1781200186	snap	2400	sdk	text	send_exhausted	0
1781200186	snap	2400	sdk	text	send_canceled	0
1781200186	snap	2400	sdk	text	send_other	0
1781200186	snap	2400	sdk	text	buffer_depth	0
0
1781200186	snap	2400	sdk	uniqueid	spans_received	261677
1781200186	snap	2400	sdk	uniqueid	spans_sent	261677
1781200186	snap	2400	sdk	uniqueid	spans_dropped	0
1781200186	snap	2400	sdk	uniqueid	spans_flushed	261677
1781200186	snap	2400	sdk	uniqueid	batches_sent	2193
1781200186	snap	2400	sdk	uniqueid	batches_dropped	0
1781200186	snap	2400	sdk	uniqueid	send_unavailable	0
1781200186	snap	2400	sdk	uniqueid	send_deadline	0
1781200186	snap	2400	sdk	uniqueid	send_exhausted	0
1781200186	snap	2400	sdk	uniqueid	send_canceled	0
1781200186	snap	2400	sdk	uniqueid	send_other	0
1781200186	snap	2400	sdk	uniqueid	buffer_depth	0
0
1781200186	snap	2400	sdk	urlshorten	spans_received	261677
1781200186	snap	2400	sdk	urlshorten	spans_sent	261677
1781200186	snap	2400	sdk	urlshorten	spans_dropped	0
1781200186	snap	2400	sdk	urlshorten	spans_flushed	261677
1781200186	snap	2400	sdk	urlshorten	batches_sent	2193
1781200186	snap	2400	sdk	urlshorten	batches_dropped	0
1781200186	snap	2400	sdk	urlshorten	send_unavailable	0
1781200186	snap	2400	sdk	urlshorten	send_deadline	0
1781200186	snap	2400	sdk	urlshorten	send_exhausted	0
1781200186	snap	2400	sdk	urlshorten	send_canceled	0
1781200186	snap	2400	sdk	urlshorten	send_other	0
1781200186	snap	2400	sdk	urlshorten	buffer_depth	0
0
1781200186	snap	2400	sdk	user	spans_received	263601
1781200186	snap	2400	sdk	user	spans_sent	263601
1781200186	snap	2400	sdk	user	spans_dropped	0
1781200186	snap	2400	sdk	user	spans_flushed	263601
1781200186	snap	2400	sdk	user	batches_sent	2205
1781200186	snap	2400	sdk	user	batches_dropped	0
1781200186	snap	2400	sdk	user	send_unavailable	0
1781200186	snap	2400	sdk	user	send_deadline	0
1781200186	snap	2400	sdk	user	send_exhausted	0
1781200186	snap	2400	sdk	user	send_canceled	0
1781200186	snap	2400	sdk	user	send_other	0
1781200186	snap	2400	sdk	user	buffer_depth	0
0
1781200186	snap	2400	sdk	userid	spans_received	75248
1781200186	snap	2400	sdk	userid	spans_sent	75248
1781200186	snap	2400	sdk	userid	spans_dropped	0
1781200186	snap	2400	sdk	userid	spans_flushed	75248
1781200186	snap	2400	sdk	userid	batches_sent	245
1781200186	snap	2400	sdk	userid	batches_dropped	0
1781200186	snap	2400	sdk	userid	send_unavailable	0
1781200186	snap	2400	sdk	userid	send_deadline	0
1781200186	snap	2400	sdk	userid	send_exhausted	0
1781200186	snap	2400	sdk	userid	send_canceled	0
1781200186	snap	2400	sdk	userid	send_other	0
1781200186	snap	2400	sdk	userid	buffer_depth	0
0
1781200186	snap	2400	sdk	usermention	spans_received	261677
1781200186	snap	2400	sdk	usermention	spans_sent	261677
1781200186	snap	2400	sdk	usermention	spans_dropped	0
1781200186	snap	2400	sdk	usermention	spans_flushed	261677
1781200186	snap	2400	sdk	usermention	batches_sent	2193
1781200186	snap	2400	sdk	usermention	batches_dropped	0
1781200186	snap	2400	sdk	usermention	send_unavailable	0
1781200186	snap	2400	sdk	usermention	send_deadline	0
1781200186	snap	2400	sdk	usermention	send_exhausted	0
1781200186	snap	2400	sdk	usermention	send_canceled	0
1781200186	snap	2400	sdk	usermention	send_other	0
1781200186	snap	2400	sdk	usermention	buffer_depth	0
0
1781200186	snap	2400	sdk	usertimeline	spans_received	261668
1781200186	snap	2400	sdk	usertimeline	spans_sent	261668
1781200186	snap	2400	sdk	usertimeline	spans_dropped	0
1781200186	snap	2400	sdk	usertimeline	spans_flushed	261668
1781200186	snap	2400	sdk	usertimeline	batches_sent	2192
1781200186	snap	2400	sdk	usertimeline	batches_dropped	0
1781200186	snap	2400	sdk	usertimeline	send_unavailable	0
1781200186	snap	2400	sdk	usertimeline	send_deadline	0
1781200186	snap	2400	sdk	usertimeline	send_exhausted	0
1781200186	snap	2400	sdk	usertimeline	send_canceled	0
1781200186	snap	2400	sdk	usertimeline	send_other	0
1781200186	snap	2400	sdk	usertimeline	buffer_depth	0
0
1781200254	snap	2400	otelcol	otelcol-sb-esrev0-ctr-mrm6k	otelcol_exporter_queue_size	0
1781200254	snap	2400	otelcol	otelcol-sb-esrev0-ctr-mrm6k	otelcol_processor_batch_batch_send_size_sum	503051
1781200254	snap	2400	otelcol	otelcol-sb-esrev0-ctr-mrm6k	otelcol_process_runtime_heap_alloc_bytes	44461088
1781200254	snap	2400	otelcol	otelcol-sb-esrev0-ctr-mrm6k	otelcol_exporter_queue_batch_send_size_sum	503051
1781200254	snap	2400	otelcol	otelcol-sb-esrev0-ctr-mrm6k	otelcol_process_uptime	401
1781200254	snap	2400	otelcol	otelcol-sb-esrev0-ctr-mrm6k	otelcol_processor_outgoing_items	503051
1781200254	snap	2400	otelcol	otelcol-sb-esrev0-ctr-mrm6k	otelcol_process_runtime_total_alloc_bytes	445704272
1781200254	snap	2400	otelcol	otelcol-sb-esrev0-ctr-mrm6k	otelcol_process_memory_rss	222519296
1781200254	snap	2400	otelcol	otelcol-sb-esrev0-ctr-mrm6k	otelcol_process_cpu_seconds	17
1781200254	snap	2400	otelcol	otelcol-sb-esrev0-ctr-mrm6k	otelcol_exporter_send_failed_spans	0
1781200254	snap	2400	otelcol	otelcol-sb-esrev0-ctr-mrm6k	otelcol_receiver_accepted_spans	503051
1781200254	snap	2400	otelcol	otelcol-sb-esrev0-ctr-mrm6k	otelcol_processor_batch_metadata_cardinality	1
1781200254	snap	2400	otelcol	otelcol-sb-esrev0-ctr-mrm6k	otelcol_receiver_refused_spans	0
1781200254	snap	2400	otelcol	otelcol-sb-esrev0-ctr-mrm6k	otelcol_receiver_failed_spans	0
1781200254	snap	2400	otelcol	otelcol-sb-esrev0-ctr-mrm6k	otelcol_processor_batch_timeout_trigger_send	1561
1781200254	snap	2400	otelcol	otelcol-sb-esrev0-ctr-mrm6k	otelcol_process_runtime_total_sys_memory_bytes	85199128
1781200254	snap	2400	otelcol	otelcol-sb-esrev0-ctr-mrm6k	otelcol_exporter_queue_capacity	1001
1781200254	snap	2400	otelcol	otelcol-sb-esrev0-ctr-mrm6k	otelcol_processor_incoming_items	503051
1781200254	snap	2400	otelcol	otelcol-sb-esrev0-ctr-mrm6k	otelcol_exporter_sent_spans	503051
1781200254	snap	2400	otelcol	otelcol-sb-esrev0-ctr-rdtzq	otelcol_process_runtime_total_sys_memory_bytes	88877336
1781200254	snap	2400	otelcol	otelcol-sb-esrev0-ctr-rdtzq	otelcol_process_memory_rss	220114944
1781200254	snap	2400	otelcol	otelcol-sb-esrev0-ctr-rdtzq	otelcol_exporter_queue_capacity	1001
1781200254	snap	2400	otelcol	otelcol-sb-esrev0-ctr-rdtzq	otelcol_process_cpu_seconds	17
1781200254	snap	2400	otelcol	otelcol-sb-esrev0-ctr-rdtzq	otelcol_processor_incoming_items	502240
1781200254	snap	2400	otelcol	otelcol-sb-esrev0-ctr-rdtzq	otelcol_exporter_queue_batch_send_size_sum	502240
1781200254	snap	2400	otelcol	otelcol-sb-esrev0-ctr-rdtzq	otelcol_exporter_send_failed_spans	0
1781200254	snap	2400	otelcol	otelcol-sb-esrev0-ctr-rdtzq	otelcol_receiver_refused_spans	0
1781200254	snap	2400	otelcol	otelcol-sb-esrev0-ctr-rdtzq	otelcol_exporter_sent_spans	502240
1781200254	snap	2400	otelcol	otelcol-sb-esrev0-ctr-rdtzq	otelcol_process_runtime_total_alloc_bytes	465979816
1781200254	snap	2400	otelcol	otelcol-sb-esrev0-ctr-rdtzq	otelcol_process_runtime_heap_alloc_bytes	38748008
1781200254	snap	2400	otelcol	otelcol-sb-esrev0-ctr-rdtzq	otelcol_processor_outgoing_items	502240
1781200254	snap	2400	otelcol	otelcol-sb-esrev0-ctr-rdtzq	otelcol_process_uptime	401
1781200254	snap	2400	otelcol	otelcol-sb-esrev0-ctr-rdtzq	otelcol_receiver_failed_spans	0
1781200254	snap	2400	otelcol	otelcol-sb-esrev0-ctr-rdtzq	otelcol_processor_batch_metadata_cardinality	1
1781200254	snap	2400	otelcol	otelcol-sb-esrev0-ctr-rdtzq	otelcol_receiver_accepted_spans	502240
1781200254	snap	2400	otelcol	otelcol-sb-esrev0-ctr-rdtzq	otelcol_processor_batch_timeout_trigger_send	1560
1781200254	snap	2400	otelcol	otelcol-sb-esrev0-ctr-rdtzq	otelcol_processor_batch_batch_send_size_sum	502240
1781200254	snap	2400	otelcol	otelcol-sb-esrev0-ctr-rdtzq	otelcol_exporter_queue_size	0
1781200254	snap	2400	otelcol	otelcol-sb-esrev0-ctr-glxdm	otelcol_receiver_failed_spans	0
1781200254	snap	2400	otelcol	otelcol-sb-esrev0-ctr-glxdm	otelcol_process_uptime	401
1781200254	snap	2400	otelcol	otelcol-sb-esrev0-ctr-glxdm	otelcol_exporter_queue_capacity	1001
1781200254	snap	2400	otelcol	otelcol-sb-esrev0-ctr-glxdm	otelcol_processor_batch_metadata_cardinality	1
1781200254	snap	2400	otelcol	otelcol-sb-esrev0-ctr-glxdm	otelcol_process_runtime_heap_alloc_bytes	52232136
1781200254	snap	2400	otelcol	otelcol-sb-esrev0-ctr-glxdm	otelcol_exporter_send_failed_spans	0
1781200254	snap	2400	otelcol	otelcol-sb-esrev0-ctr-glxdm	otelcol_processor_incoming_items	905957
1781200254	snap	2400	otelcol	otelcol-sb-esrev0-ctr-glxdm	otelcol_process_cpu_seconds	22
1781200254	snap	2400	otelcol	otelcol-sb-esrev0-ctr-glxdm	otelcol_exporter_sent_spans	905957
1781200254	snap	2400	otelcol	otelcol-sb-esrev0-ctr-glxdm	otelcol_receiver_refused_spans	0
1781200254	snap	2400	otelcol	otelcol-sb-esrev0-ctr-glxdm	otelcol_processor_batch_timeout_trigger_send	1557
1781200254	snap	2400	otelcol	otelcol-sb-esrev0-ctr-glxdm	otelcol_processor_batch_batch_send_size_sum	905957
1781200254	snap	2400	otelcol	otelcol-sb-esrev0-ctr-glxdm	otelcol_process_runtime_total_alloc_bytes	687037568
1781200254	snap	2400	otelcol	otelcol-sb-esrev0-ctr-glxdm	otelcol_process_memory_rss	225464320
1781200254	snap	2400	otelcol	otelcol-sb-esrev0-ctr-glxdm	otelcol_exporter_queue_batch_send_size_sum	905957
1781200254	snap	2400	otelcol	otelcol-sb-esrev0-ctr-glxdm	otelcol_process_runtime_total_sys_memory_bytes	93133096
1781200254	snap	2400	otelcol	otelcol-sb-esrev0-ctr-glxdm	otelcol_receiver_accepted_spans	905957
1781200254	snap	2400	otelcol	otelcol-sb-esrev0-ctr-glxdm	otelcol_processor_outgoing_items	905957
1781200254	snap	2400	otelcol	otelcol-sb-esrev0-ctr-glxdm	otelcol_exporter_queue_size	0
1781200254	snap	2400	otelcol	otelcol-sb-esrev0-ctr-2bk4z	otelcol_processor_batch_batch_send_size_sum	616902
1781200254	snap	2400	otelcol	otelcol-sb-esrev0-ctr-2bk4z	otelcol_process_runtime_heap_alloc_bytes	33672408
1781200254	snap	2400	otelcol	otelcol-sb-esrev0-ctr-2bk4z	otelcol_exporter_queue_size	0
1781200254	snap	2400	otelcol	otelcol-sb-esrev0-ctr-2bk4z	otelcol_process_memory_rss	222609408
1781200254	snap	2400	otelcol	otelcol-sb-esrev0-ctr-2bk4z	otelcol_receiver_failed_spans	0
1781200254	snap	2400	otelcol	otelcol-sb-esrev0-ctr-2bk4z	otelcol_process_runtime_total_alloc_bytes	522098680
1781200254	snap	2400	otelcol	otelcol-sb-esrev0-ctr-2bk4z	otelcol_exporter_send_failed_spans	0
1781200254	snap	2400	otelcol	otelcol-sb-esrev0-ctr-2bk4z	otelcol_receiver_refused_spans	0
1781200254	snap	2400	otelcol	otelcol-sb-esrev0-ctr-2bk4z	otelcol_process_uptime	403
1781200254	snap	2400	otelcol	otelcol-sb-esrev0-ctr-2bk4z	otelcol_processor_incoming_items	616902
1781200254	snap	2400	otelcol	otelcol-sb-esrev0-ctr-2bk4z	otelcol_process_runtime_total_sys_memory_bytes	103024920
1781200254	snap	2400	otelcol	otelcol-sb-esrev0-ctr-2bk4z	otelcol_processor_outgoing_items	616902
1781200254	snap	2400	otelcol	otelcol-sb-esrev0-ctr-2bk4z	otelcol_process_cpu_seconds	17
1781200254	snap	2400	otelcol	otelcol-sb-esrev0-ctr-2bk4z	otelcol_exporter_queue_batch_send_size_sum	616902
1781200254	snap	2400	otelcol	otelcol-sb-esrev0-ctr-2bk4z	otelcol_processor_batch_metadata_cardinality	1
1781200254	snap	2400	otelcol	otelcol-sb-esrev0-ctr-2bk4z	otelcol_processor_batch_timeout_trigger_send	1568
1781200254	snap	2400	otelcol	otelcol-sb-esrev0-ctr-2bk4z	otelcol_receiver_accepted_spans	616902
1781200254	snap	2400	otelcol	otelcol-sb-esrev0-ctr-2bk4z	otelcol_exporter_sent_spans	616902
1781200254	snap	2400	otelcol	otelcol-sb-esrev0-ctr-2bk4z	otelcol_exporter_queue_capacity	1001
1781200254	snap	2400	otelcol	otelcol-sb-esrev0-ctr-gcg4j	otelcol_receiver_failed_spans	0
1781200254	snap	2400	otelcol	otelcol-sb-esrev0-ctr-gcg4j	otelcol_processor_batch_timeout_trigger_send	1550
1781200254	snap	2400	otelcol	otelcol-sb-esrev0-ctr-gcg4j	otelcol_exporter_queue_size	0
1781200254	snap	2400	otelcol	otelcol-sb-esrev0-ctr-gcg4j	otelcol_process_runtime_total_sys_memory_bytes	71870744
1781200254	snap	2400	otelcol	otelcol-sb-esrev0-ctr-gcg4j	otelcol_exporter_queue_batch_send_size_sum	97787
1781200254	snap	2400	otelcol	otelcol-sb-esrev0-ctr-gcg4j	otelcol_receiver_accepted_spans	97787
1781200254	snap	2400	otelcol	otelcol-sb-esrev0-ctr-gcg4j	otelcol_process_runtime_total_alloc_bytes	202477432
1781200254	snap	2400	otelcol	otelcol-sb-esrev0-ctr-gcg4j	otelcol_process_memory_rss	210440192
1781200254	snap	2400	otelcol	otelcol-sb-esrev0-ctr-gcg4j	otelcol_process_cpu_seconds	15
1781200254	snap	2400	otelcol	otelcol-sb-esrev0-ctr-gcg4j	otelcol_exporter_queue_capacity	1001
1781200254	snap	2400	otelcol	otelcol-sb-esrev0-ctr-gcg4j	otelcol_processor_incoming_items	97787
1781200254	snap	2400	otelcol	otelcol-sb-esrev0-ctr-gcg4j	otelcol_exporter_send_failed_spans	0
1781200254	snap	2400	otelcol	otelcol-sb-esrev0-ctr-gcg4j	otelcol_receiver_refused_spans	0
1781200254	snap	2400	otelcol	otelcol-sb-esrev0-ctr-gcg4j	otelcol_processor_outgoing_items	97787
1781200254	snap	2400	otelcol	otelcol-sb-esrev0-ctr-gcg4j	otelcol_processor_batch_metadata_cardinality	1
1781200254	snap	2400	otelcol	otelcol-sb-esrev0-ctr-gcg4j	otelcol_processor_batch_batch_send_size_sum	97787
1781200254	snap	2400	otelcol	otelcol-sb-esrev0-ctr-gcg4j	otelcol_process_uptime	399
1781200254	snap	2400	otelcol	otelcol-sb-esrev0-ctr-gcg4j	otelcol_process_runtime_heap_alloc_bytes	38169544
1781200254	snap	2400	otelcol	otelcol-sb-esrev0-ctr-gcg4j	otelcol_exporter_sent_spans	97787
1781200254	snap	2400	otelcol	otelcol-sb-esrev0-ctr-pr5gq	otelcol_receiver_accepted_spans	1791364
1781200254	snap	2400	otelcol	otelcol-sb-esrev0-ctr-pr5gq	otelcol_receiver_failed_spans	0
1781200254	snap	2400	otelcol	otelcol-sb-esrev0-ctr-pr5gq	otelcol_process_uptime	400
1781200254	snap	2400	otelcol	otelcol-sb-esrev0-ctr-pr5gq	otelcol_exporter_queue_batch_send_size_sum	1791364
1781200254	snap	2400	otelcol	otelcol-sb-esrev0-ctr-pr5gq	otelcol_processor_outgoing_items	1791364
1781200254	snap	2400	otelcol	otelcol-sb-esrev0-ctr-pr5gq	otelcol_process_runtime_total_sys_memory_bytes	106719512
1781200254	snap	2400	otelcol	otelcol-sb-esrev0-ctr-pr5gq	otelcol_process_runtime_heap_alloc_bytes	38971752
1781200254	snap	2400	otelcol	otelcol-sb-esrev0-ctr-pr5gq	otelcol_exporter_queue_capacity	1001
1781200254	snap	2400	otelcol	otelcol-sb-esrev0-ctr-pr5gq	otelcol_process_memory_rss	229294080
1781200254	snap	2400	otelcol	otelcol-sb-esrev0-ctr-pr5gq	otelcol_exporter_queue_size	0
1781200254	snap	2400	otelcol	otelcol-sb-esrev0-ctr-pr5gq	otelcol_exporter_send_failed_spans	0
1781200254	snap	2400	otelcol	otelcol-sb-esrev0-ctr-pr5gq	otelcol_receiver_refused_spans	0
1781200254	snap	2400	otelcol	otelcol-sb-esrev0-ctr-pr5gq	otelcol_process_runtime_total_alloc_bytes	1078790928
1781200254	snap	2400	otelcol	otelcol-sb-esrev0-ctr-pr5gq	otelcol_processor_batch_batch_send_size_sum	1791364
1781200254	snap	2400	otelcol	otelcol-sb-esrev0-ctr-pr5gq	otelcol_process_cpu_seconds	29
1781200254	snap	2400	otelcol	otelcol-sb-esrev0-ctr-pr5gq	otelcol_processor_incoming_items	1791364
1781200254	snap	2400	otelcol	otelcol-sb-esrev0-ctr-pr5gq	otelcol_processor_batch_metadata_cardinality	1
1781200254	snap	2400	otelcol	otelcol-sb-esrev0-ctr-pr5gq	otelcol_processor_batch_timeout_trigger_send	1559
1781200254	snap	2400	otelcol	otelcol-sb-esrev0-ctr-pr5gq	otelcol_exporter_sent_spans	1791364
1781200254	snap	2400	otelcol	otelcol-sb-esrev0-ctr-rbkvt	otelcol_processor_outgoing_items	504181
1781200254	snap	2400	otelcol	otelcol-sb-esrev0-ctr-rbkvt	otelcol_exporter_send_failed_spans	0
1781200254	snap	2400	otelcol	otelcol-sb-esrev0-ctr-rbkvt	otelcol_receiver_refused_spans	0
1781200254	snap	2400	otelcol	otelcol-sb-esrev0-ctr-rbkvt	otelcol_exporter_queue_size	0
1781200254	snap	2400	otelcol	otelcol-sb-esrev0-ctr-rbkvt	otelcol_exporter_queue_batch_send_size_sum	504181
1781200254	snap	2400	otelcol	otelcol-sb-esrev0-ctr-rbkvt	otelcol_process_runtime_total_sys_memory_bytes	85453080
1781200254	snap	2400	otelcol	otelcol-sb-esrev0-ctr-rbkvt	otelcol_receiver_failed_spans	0
1781200254	snap	2400	otelcol	otelcol-sb-esrev0-ctr-rbkvt	otelcol_processor_batch_metadata_cardinality	1
1781200254	snap	2400	otelcol	otelcol-sb-esrev0-ctr-rbkvt	otelcol_processor_batch_timeout_trigger_send	1557
1781200254	snap	2400	otelcol	otelcol-sb-esrev0-ctr-rbkvt	otelcol_processor_batch_batch_send_size_sum	504181
1781200254	snap	2400	otelcol	otelcol-sb-esrev0-ctr-rbkvt	otelcol_receiver_accepted_spans	504181
1781200254	snap	2400	otelcol	otelcol-sb-esrev0-ctr-rbkvt	otelcol_process_cpu_seconds	16
1781200254	snap	2400	otelcol	otelcol-sb-esrev0-ctr-rbkvt	otelcol_process_uptime	400
1781200254	snap	2400	otelcol	otelcol-sb-esrev0-ctr-rbkvt	otelcol_process_runtime_heap_alloc_bytes	48024112
1781200254	snap	2400	otelcol	otelcol-sb-esrev0-ctr-rbkvt	otelcol_process_memory_rss	222294016
1781200254	snap	2400	otelcol	otelcol-sb-esrev0-ctr-rbkvt	otelcol_exporter_sent_spans	504181
1781200254	snap	2400	otelcol	otelcol-sb-esrev0-ctr-rbkvt	otelcol_exporter_queue_capacity	1001
1781200254	snap	2400	otelcol	otelcol-sb-esrev0-ctr-rbkvt	otelcol_process_runtime_total_alloc_bytes	440755656
1781200254	snap	2400	otelcol	otelcol-sb-esrev0-ctr-rbkvt	otelcol_processor_incoming_items	504181
1781200254	snap	2400	otelcol	otelcol-sb-esrev0-ctr-vnnmt	otelcol_process_cpu_seconds	16
1781200254	snap	2400	otelcol	otelcol-sb-esrev0-ctr-vnnmt	otelcol_exporter_sent_spans	501865
1781200254	snap	2400	otelcol	otelcol-sb-esrev0-ctr-vnnmt	otelcol_process_runtime_total_alloc_bytes	459616568
1781200254	snap	2400	otelcol	otelcol-sb-esrev0-ctr-vnnmt	otelcol_processor_outgoing_items	501865
1781200254	snap	2400	otelcol	otelcol-sb-esrev0-ctr-vnnmt	otelcol_process_runtime_heap_alloc_bytes	30454680
1781200254	snap	2400	otelcol	otelcol-sb-esrev0-ctr-vnnmt	otelcol_exporter_queue_size	0
1781200254	snap	2400	otelcol	otelcol-sb-esrev0-ctr-vnnmt	otelcol_exporter_queue_batch_send_size_sum	501865
1781200254	snap	2400	otelcol	otelcol-sb-esrev0-ctr-vnnmt	otelcol_processor_batch_batch_send_size_sum	501865
1781200254	snap	2400	otelcol	otelcol-sb-esrev0-ctr-vnnmt	otelcol_receiver_failed_spans	0
1781200254	snap	2400	otelcol	otelcol-sb-esrev0-ctr-vnnmt	otelcol_process_memory_rss	220758016
1781200254	snap	2400	otelcol	otelcol-sb-esrev0-ctr-vnnmt	otelcol_exporter_send_failed_spans	0
1781200254	snap	2400	otelcol	otelcol-sb-esrev0-ctr-vnnmt	otelcol_receiver_refused_spans	0
1781200254	snap	2400	otelcol	otelcol-sb-esrev0-ctr-vnnmt	otelcol_receiver_accepted_spans	501865
1781200254	snap	2400	otelcol	otelcol-sb-esrev0-ctr-vnnmt	otelcol_processor_batch_metadata_cardinality	1
1781200254	snap	2400	otelcol	otelcol-sb-esrev0-ctr-vnnmt	otelcol_process_runtime_total_sys_memory_bytes	88860952
1781200254	snap	2400	otelcol	otelcol-sb-esrev0-ctr-vnnmt	otelcol_processor_batch_timeout_trigger_send	1560
1781200254	snap	2400	otelcol	otelcol-sb-esrev0-ctr-vnnmt	otelcol_processor_incoming_items	501865
1781200254	snap	2400	otelcol	otelcol-sb-esrev0-ctr-vnnmt	otelcol_process_uptime	401
1781200254	snap	2400	otelcol	otelcol-sb-esrev0-ctr-vnnmt	otelcol_exporter_queue_capacity	1001
1781200254	snap	2400	otelcol	otelcol-sb-esrev0-ctr-wht6z	otelcol_exporter_queue_size	0
1781200254	snap	2400	otelcol	otelcol-sb-esrev0-ctr-wht6z	otelcol_process_uptime	399
1781200254	snap	2400	otelcol	otelcol-sb-esrev0-ctr-wht6z	otelcol_receiver_accepted_spans	4137735
1781200254	snap	2400	otelcol	otelcol-sb-esrev0-ctr-wht6z	otelcol_process_runtime_heap_alloc_bytes	54214920
1781200254	snap	2400	otelcol	otelcol-sb-esrev0-ctr-wht6z	otelcol_receiver_failed_spans	0
1781200254	snap	2400	otelcol	otelcol-sb-esrev0-ctr-wht6z	otelcol_process_runtime_total_alloc_bytes	3022390528
1781200254	snap	2400	otelcol	otelcol-sb-esrev0-ctr-wht6z	otelcol_process_memory_rss	256126976
1781200254	snap	2400	otelcol	otelcol-sb-esrev0-ctr-wht6z	otelcol_exporter_queue_capacity	1001
1781200254	snap	2400	otelcol	otelcol-sb-esrev0-ctr-wht6z	otelcol_processor_incoming_items	4138534
1781200254	snap	2400	otelcol	otelcol-sb-esrev0-ctr-wht6z	otelcol_processor_batch_metadata_cardinality	1
1781200254	snap	2400	otelcol	otelcol-sb-esrev0-ctr-wht6z	otelcol_process_cpu_seconds	60
1781200254	snap	2400	otelcol	otelcol-sb-esrev0-ctr-wht6z	otelcol_exporter_send_failed_spans	0
1781200254	snap	2400	otelcol	otelcol-sb-esrev0-ctr-wht6z	otelcol_exporter_sent_spans	4137735
1781200254	snap	2400	otelcol	otelcol-sb-esrev0-ctr-wht6z	otelcol_process_runtime_total_sys_memory_bytes	136042792
1781200254	snap	2400	otelcol	otelcol-sb-esrev0-ctr-wht6z	otelcol_receiver_refused_spans	799
1781200254	snap	2400	otelcol	otelcol-sb-esrev0-ctr-wht6z	otelcol_exporter_queue_batch_send_size_sum	4137735
1781200254	snap	2400	otelcol	otelcol-sb-esrev0-ctr-wht6z	otelcol_processor_batch_timeout_trigger_send	1564
1781200254	snap	2400	otelcol	otelcol-sb-esrev0-ctr-wht6z	otelcol_processor_batch_batch_send_size_sum	4137735
1781200254	snap	2400	otelcol	otelcol-sb-esrev0-ctr-wht6z	otelcol_processor_outgoing_items	4137735
1781200254	snap	2400	k8s	otelcol-sb-esrev0-ctr-2bk4z	restart_count	0
1781200254	snap	2400	k8s	otelcol-sb-esrev0-ctr-gcg4j	restart_count	0
1781200254	snap	2400	k8s	otelcol-sb-esrev0-ctr-glxdm	restart_count	0
1781200254	snap	2400	k8s	otelcol-sb-esrev0-ctr-mrm6k	restart_count	0
1781200254	snap	2400	k8s	otelcol-sb-esrev0-ctr-pr5gq	restart_count	0
1781200254	snap	2400	k8s	otelcol-sb-esrev0-ctr-rbkvt	restart_count	0
1781200254	snap	2400	k8s	otelcol-sb-esrev0-ctr-rdtzq	restart_count	0
1781200254	snap	2400	k8s	otelcol-sb-esrev0-ctr-vnnmt	restart_count	0
1781200254	snap	2400	k8s	otelcol-sb-esrev0-ctr-wht6z	restart_count	0
1781200254	snap	2400	sdk	wrk2api	spans_received	99794
1781200254	snap	2400	sdk	wrk2api	spans_sent	99794
1781200254	snap	2400	sdk	wrk2api	spans_dropped	0
1781200254	snap	2400	sdk	wrk2api	spans_flushed	99794
1781200254	snap	2400	sdk	wrk2api	batches_sent	6051
1781200254	snap	2400	sdk	wrk2api	batches_dropped	0
1781200254	snap	2400	sdk	wrk2api	send_unavailable	0
1781200254	snap	2400	sdk	wrk2api	send_deadline	0
1781200254	snap	2400	sdk	wrk2api	send_exhausted	0
1781200254	snap	2400	sdk	wrk2api	send_canceled	0
1781200254	snap	2400	sdk	wrk2api	send_other	0
1781200254	snap	2400	sdk	wrk2api	buffer_depth	0
0
1781200254	snap	2400	sdk	composepost	spans_received	3232599
1781200254	snap	2400	sdk	composepost	spans_sent	3232328
1781200254	snap	2400	sdk	composepost	spans_dropped	271
1781200254	snap	2400	sdk	composepost	spans_flushed	3232599
1781200254	snap	2400	sdk	composepost	batches_sent	22345
1781200254	snap	2400	sdk	composepost	batches_dropped	1
1781200254	snap	2400	sdk	composepost	send_unavailable	1
1781200254	snap	2400	sdk	composepost	send_deadline	0
1781200254	snap	2400	sdk	composepost	send_exhausted	0
1781200254	snap	2400	sdk	composepost	send_canceled	0
1781200254	snap	2400	sdk	composepost	send_other	0
1781200254	snap	2400	sdk	composepost	buffer_depth	0
0
1781200254	snap	2400	sdk	hometimeline	spans_received	808134
1781200254	snap	2400	sdk	hometimeline	spans_sent	807635
1781200254	snap	2400	sdk	hometimeline	spans_dropped	499
1781200254	snap	2400	sdk	hometimeline	spans_flushed	808134
1781200254	snap	2400	sdk	hometimeline	batches_sent	5585
1781200254	snap	2400	sdk	hometimeline	batches_dropped	2
1781200254	snap	2400	sdk	hometimeline	send_unavailable	2
1781200254	snap	2400	sdk	hometimeline	send_deadline	0
1781200254	snap	2400	sdk	hometimeline	send_exhausted	0
1781200254	snap	2400	sdk	hometimeline	send_canceled	0
1781200254	snap	2400	sdk	hometimeline	send_other	0
1781200254	snap	2400	sdk	hometimeline	buffer_depth	0
0
1781200254	snap	2400	sdk	media	spans_received	404076
1781200254	snap	2400	sdk	media	spans_sent	404076
1781200254	snap	2400	sdk	media	spans_dropped	0
1781200254	snap	2400	sdk	media	spans_flushed	404076
1781200254	snap	2400	sdk	media	batches_sent	2794
1781200254	snap	2400	sdk	media	batches_dropped	0
1781200254	snap	2400	sdk	media	send_unavailable	0
1781200254	snap	2400	sdk	media	send_deadline	0
1781200254	snap	2400	sdk	media	send_exhausted	0
1781200254	snap	2400	sdk	media	send_canceled	0
1781200254	snap	2400	sdk	media	send_other	0
1781200254	snap	2400	sdk	media	buffer_depth	0
0
1781200254	snap	2400	sdk	post-storage	spans_received	404067
1781200254	snap	2400	sdk	post-storage	spans_sent	404067
1781200254	snap	2400	sdk	post-storage	spans_dropped	0
1781200254	snap	2400	sdk	post-storage	spans_flushed	404067
1781200254	snap	2400	sdk	post-storage	batches_sent	2793
1781200254	snap	2400	sdk	post-storage	batches_dropped	0
1781200254	snap	2400	sdk	post-storage	send_unavailable	0
1781200254	snap	2400	sdk	post-storage	send_deadline	0
1781200254	snap	2400	sdk	post-storage	send_exhausted	0
1781200254	snap	2400	sdk	post-storage	send_canceled	0
1781200254	snap	2400	sdk	post-storage	send_other	0
1781200254	snap	2400	sdk	post-storage	buffer_depth	0
0
1781200254	snap	2400	sdk	socialgraph	spans_received	517901
1781200254	snap	2400	sdk	socialgraph	spans_sent	517901
1781200254	snap	2400	sdk	socialgraph	spans_dropped	0
1781200254	snap	2400	sdk	socialgraph	spans_flushed	517901
1781200254	snap	2400	sdk	socialgraph	batches_sent	3276
1781200254	snap	2400	sdk	socialgraph	batches_dropped	0
1781200254	snap	2400	sdk	socialgraph	send_unavailable	0
1781200254	snap	2400	sdk	socialgraph	send_deadline	0
1781200254	snap	2400	sdk	socialgraph	send_exhausted	0
1781200254	snap	2400	sdk	socialgraph	send_canceled	0
1781200254	snap	2400	sdk	socialgraph	send_other	0
1781200254	snap	2400	sdk	socialgraph	buffer_depth	0
0
1781200254	snap	2400	sdk	text	spans_received	1212246
1781200254	snap	2400	sdk	text	spans_sent	1212246
1781200254	snap	2400	sdk	text	spans_dropped	0
1781200254	snap	2400	sdk	text	spans_flushed	1212246
1781200254	snap	2400	sdk	text	batches_sent	8382
1781200254	snap	2400	sdk	text	batches_dropped	0
1781200254	snap	2400	sdk	text	send_unavailable	0
1781200254	snap	2400	sdk	text	send_deadline	0
1781200254	snap	2400	sdk	text	send_exhausted	0
1781200254	snap	2400	sdk	text	send_canceled	0
1781200254	snap	2400	sdk	text	send_other	0
1781200254	snap	2400	sdk	text	buffer_depth	0
0
1781200254	snap	2400	sdk	uniqueid	spans_received	404076
1781200254	snap	2400	sdk	uniqueid	spans_sent	404076
1781200254	snap	2400	sdk	uniqueid	spans_dropped	0
1781200254	snap	2400	sdk	uniqueid	spans_flushed	404076
1781200254	snap	2400	sdk	uniqueid	batches_sent	2793
1781200254	snap	2400	sdk	uniqueid	batches_dropped	0
1781200254	snap	2400	sdk	uniqueid	send_unavailable	0
1781200254	snap	2400	sdk	uniqueid	send_deadline	0
1781200254	snap	2400	sdk	uniqueid	send_exhausted	0
1781200254	snap	2400	sdk	uniqueid	send_canceled	0
1781200254	snap	2400	sdk	uniqueid	send_other	0
1781200254	snap	2400	sdk	uniqueid	buffer_depth	0
0
1781200254	snap	2400	sdk	urlshorten	spans_received	404076
1781200254	snap	2400	sdk	urlshorten	spans_sent	404076
1781200254	snap	2400	sdk	urlshorten	spans_dropped	0
1781200254	snap	2400	sdk	urlshorten	spans_flushed	404076
1781200254	snap	2400	sdk	urlshorten	batches_sent	2793
1781200254	snap	2400	sdk	urlshorten	batches_dropped	0
1781200254	snap	2400	sdk	urlshorten	send_unavailable	0
1781200254	snap	2400	sdk	urlshorten	send_deadline	0
1781200254	snap	2400	sdk	urlshorten	send_exhausted	0
1781200254	snap	2400	sdk	urlshorten	send_canceled	0
1781200254	snap	2400	sdk	urlshorten	send_other	0
1781200254	snap	2400	sdk	urlshorten	buffer_depth	0
0
1781200254	snap	2400	sdk	user	spans_received	406000
1781200254	snap	2400	sdk	user	spans_sent	406000
1781200254	snap	2400	sdk	user	spans_dropped	0
1781200254	snap	2400	sdk	user	spans_flushed	406000
1781200254	snap	2400	sdk	user	batches_sent	2805
1781200254	snap	2400	sdk	user	batches_dropped	0
1781200254	snap	2400	sdk	user	send_unavailable	0
1781200254	snap	2400	sdk	user	send_deadline	0
1781200254	snap	2400	sdk	user	send_exhausted	0
1781200254	snap	2400	sdk	user	send_canceled	0
1781200254	snap	2400	sdk	user	send_other	0
1781200254	snap	2400	sdk	user	buffer_depth	0
0
1781200254	snap	2400	sdk	userid	spans_received	75248
1781200254	snap	2400	sdk	userid	spans_sent	75248
1781200254	snap	2400	sdk	userid	spans_dropped	0
1781200254	snap	2400	sdk	userid	spans_flushed	75248
1781200254	snap	2400	sdk	userid	batches_sent	245
1781200254	snap	2400	sdk	userid	batches_dropped	0
1781200254	snap	2400	sdk	userid	send_unavailable	0
1781200254	snap	2400	sdk	userid	send_deadline	0
1781200254	snap	2400	sdk	userid	send_exhausted	0
1781200254	snap	2400	sdk	userid	send_canceled	0
1781200254	snap	2400	sdk	userid	send_other	0
1781200254	snap	2400	sdk	userid	buffer_depth	0
0
1781200254	snap	2400	sdk	usermention	spans_received	404076
1781200254	snap	2400	sdk	usermention	spans_sent	404076
1781200254	snap	2400	sdk	usermention	spans_dropped	0
1781200254	snap	2400	sdk	usermention	spans_flushed	404076
1781200254	snap	2400	sdk	usermention	batches_sent	2794
1781200254	snap	2400	sdk	usermention	batches_dropped	0
1781200254	snap	2400	sdk	usermention	send_unavailable	0
1781200254	snap	2400	sdk	usermention	send_deadline	0
1781200254	snap	2400	sdk	usermention	send_exhausted	0
1781200254	snap	2400	sdk	usermention	send_canceled	0
1781200254	snap	2400	sdk	usermention	send_other	0
1781200254	snap	2400	sdk	usermention	buffer_depth	0
0
1781200254	snap	2400	sdk	usertimeline	spans_received	404067
1781200254	snap	2400	sdk	usertimeline	spans_sent	404067
1781200254	snap	2400	sdk	usertimeline	spans_dropped	0
1781200254	snap	2400	sdk	usertimeline	spans_flushed	404067
1781200254	snap	2400	sdk	usertimeline	batches_sent	2792
1781200254	snap	2400	sdk	usertimeline	batches_dropped	0
1781200254	snap	2400	sdk	usertimeline	send_unavailable	0
1781200254	snap	2400	sdk	usertimeline	send_deadline	0
1781200254	snap	2400	sdk	usertimeline	send_exhausted	0
1781200254	snap	2400	sdk	usertimeline	send_canceled	0
1781200254	snap	2400	sdk	usertimeline	send_other	0
1781200254	snap	2400	sdk	usertimeline	buffer_depth	0
0
1781200261	snap	2600	otelcol	otelcol-sb-esrev0-ctr-mrm6k	otelcol_exporter_queue_size	0
1781200261	snap	2600	otelcol	otelcol-sb-esrev0-ctr-mrm6k	otelcol_processor_batch_batch_send_size_sum	503051
1781200261	snap	2600	otelcol	otelcol-sb-esrev0-ctr-mrm6k	otelcol_process_runtime_heap_alloc_bytes	45036576
1781200261	snap	2600	otelcol	otelcol-sb-esrev0-ctr-mrm6k	otelcol_exporter_queue_batch_send_size_sum	503051
1781200261	snap	2600	otelcol	otelcol-sb-esrev0-ctr-mrm6k	otelcol_process_uptime	408
1781200261	snap	2600	otelcol	otelcol-sb-esrev0-ctr-mrm6k	otelcol_processor_outgoing_items	503051
1781200261	snap	2600	otelcol	otelcol-sb-esrev0-ctr-mrm6k	otelcol_process_runtime_total_alloc_bytes	446279760
1781200261	snap	2600	otelcol	otelcol-sb-esrev0-ctr-mrm6k	otelcol_process_memory_rss	222523392
1781200261	snap	2600	otelcol	otelcol-sb-esrev0-ctr-mrm6k	otelcol_process_cpu_seconds	17
1781200261	snap	2600	otelcol	otelcol-sb-esrev0-ctr-mrm6k	otelcol_exporter_send_failed_spans	0
1781200261	snap	2600	otelcol	otelcol-sb-esrev0-ctr-mrm6k	otelcol_receiver_accepted_spans	503051
1781200261	snap	2600	otelcol	otelcol-sb-esrev0-ctr-mrm6k	otelcol_processor_batch_metadata_cardinality	1
1781200261	snap	2600	otelcol	otelcol-sb-esrev0-ctr-mrm6k	otelcol_receiver_refused_spans	0
1781200261	snap	2600	otelcol	otelcol-sb-esrev0-ctr-mrm6k	otelcol_receiver_failed_spans	0
1781200261	snap	2600	otelcol	otelcol-sb-esrev0-ctr-mrm6k	otelcol_processor_batch_timeout_trigger_send	1561
1781200261	snap	2600	otelcol	otelcol-sb-esrev0-ctr-mrm6k	otelcol_process_runtime_total_sys_memory_bytes	85199128
1781200261	snap	2600	otelcol	otelcol-sb-esrev0-ctr-mrm6k	otelcol_exporter_queue_capacity	1001
1781200261	snap	2600	otelcol	otelcol-sb-esrev0-ctr-mrm6k	otelcol_processor_incoming_items	503051
1781200261	snap	2600	otelcol	otelcol-sb-esrev0-ctr-mrm6k	otelcol_exporter_sent_spans	503051
1781200261	snap	2600	otelcol	otelcol-sb-esrev0-ctr-rdtzq	otelcol_process_runtime_total_sys_memory_bytes	88877336
1781200261	snap	2600	otelcol	otelcol-sb-esrev0-ctr-rdtzq	otelcol_process_memory_rss	220114944
1781200261	snap	2600	otelcol	otelcol-sb-esrev0-ctr-rdtzq	otelcol_exporter_queue_capacity	1001
1781200261	snap	2600	otelcol	otelcol-sb-esrev0-ctr-rdtzq	otelcol_process_cpu_seconds	17
1781200261	snap	2600	otelcol	otelcol-sb-esrev0-ctr-rdtzq	otelcol_processor_incoming_items	502240
1781200261	snap	2600	otelcol	otelcol-sb-esrev0-ctr-rdtzq	otelcol_exporter_queue_batch_send_size_sum	502240
1781200261	snap	2600	otelcol	otelcol-sb-esrev0-ctr-rdtzq	otelcol_exporter_send_failed_spans	0
1781200261	snap	2600	otelcol	otelcol-sb-esrev0-ctr-rdtzq	otelcol_receiver_refused_spans	0
1781200261	snap	2600	otelcol	otelcol-sb-esrev0-ctr-rdtzq	otelcol_exporter_sent_spans	502240
1781200261	snap	2600	otelcol	otelcol-sb-esrev0-ctr-rdtzq	otelcol_process_runtime_total_alloc_bytes	466547648
1781200261	snap	2600	otelcol	otelcol-sb-esrev0-ctr-rdtzq	otelcol_process_runtime_heap_alloc_bytes	39315840
1781200261	snap	2600	otelcol	otelcol-sb-esrev0-ctr-rdtzq	otelcol_processor_outgoing_items	502240
1781200261	snap	2600	otelcol	otelcol-sb-esrev0-ctr-rdtzq	otelcol_process_uptime	408
1781200261	snap	2600	otelcol	otelcol-sb-esrev0-ctr-rdtzq	otelcol_receiver_failed_spans	0
1781200261	snap	2600	otelcol	otelcol-sb-esrev0-ctr-rdtzq	otelcol_processor_batch_metadata_cardinality	1
1781200261	snap	2600	otelcol	otelcol-sb-esrev0-ctr-rdtzq	otelcol_receiver_accepted_spans	502240
1781200261	snap	2600	otelcol	otelcol-sb-esrev0-ctr-rdtzq	otelcol_processor_batch_timeout_trigger_send	1560
1781200261	snap	2600	otelcol	otelcol-sb-esrev0-ctr-rdtzq	otelcol_processor_batch_batch_send_size_sum	502240
1781200261	snap	2600	otelcol	otelcol-sb-esrev0-ctr-rdtzq	otelcol_exporter_queue_size	0
1781200261	snap	2600	otelcol	otelcol-sb-esrev0-ctr-glxdm	otelcol_receiver_failed_spans	0
1781200261	snap	2600	otelcol	otelcol-sb-esrev0-ctr-glxdm	otelcol_process_uptime	408
1781200261	snap	2600	otelcol	otelcol-sb-esrev0-ctr-glxdm	otelcol_exporter_queue_capacity	1001
1781200261	snap	2600	otelcol	otelcol-sb-esrev0-ctr-glxdm	otelcol_processor_batch_metadata_cardinality	1
1781200261	snap	2600	otelcol	otelcol-sb-esrev0-ctr-glxdm	otelcol_process_runtime_heap_alloc_bytes	52811240
1781200261	snap	2600	otelcol	otelcol-sb-esrev0-ctr-glxdm	otelcol_exporter_send_failed_spans	0
1781200261	snap	2600	otelcol	otelcol-sb-esrev0-ctr-glxdm	otelcol_processor_incoming_items	905957
1781200261	snap	2600	otelcol	otelcol-sb-esrev0-ctr-glxdm	otelcol_process_cpu_seconds	22
1781200261	snap	2600	otelcol	otelcol-sb-esrev0-ctr-glxdm	otelcol_exporter_sent_spans	905957
1781200261	snap	2600	otelcol	otelcol-sb-esrev0-ctr-glxdm	otelcol_receiver_refused_spans	0
1781200261	snap	2600	otelcol	otelcol-sb-esrev0-ctr-glxdm	otelcol_processor_batch_timeout_trigger_send	1557
1781200261	snap	2600	otelcol	otelcol-sb-esrev0-ctr-glxdm	otelcol_processor_batch_batch_send_size_sum	905957
1781200261	snap	2600	otelcol	otelcol-sb-esrev0-ctr-glxdm	otelcol_process_runtime_total_alloc_bytes	687616672
1781200261	snap	2600	otelcol	otelcol-sb-esrev0-ctr-glxdm	otelcol_process_memory_rss	225464320
1781200261	snap	2600	otelcol	otelcol-sb-esrev0-ctr-glxdm	otelcol_exporter_queue_batch_send_size_sum	905957
1781200261	snap	2600	otelcol	otelcol-sb-esrev0-ctr-glxdm	otelcol_process_runtime_total_sys_memory_bytes	93133096
1781200261	snap	2600	otelcol	otelcol-sb-esrev0-ctr-glxdm	otelcol_receiver_accepted_spans	905957
1781200261	snap	2600	otelcol	otelcol-sb-esrev0-ctr-glxdm	otelcol_processor_outgoing_items	905957
1781200261	snap	2600	otelcol	otelcol-sb-esrev0-ctr-glxdm	otelcol_exporter_queue_size	0
1781200261	snap	2600	otelcol	otelcol-sb-esrev0-ctr-2bk4z	otelcol_processor_batch_batch_send_size_sum	616902
1781200261	snap	2600	otelcol	otelcol-sb-esrev0-ctr-2bk4z	otelcol_process_runtime_heap_alloc_bytes	34240064
1781200261	snap	2600	otelcol	otelcol-sb-esrev0-ctr-2bk4z	otelcol_exporter_queue_size	0
1781200261	snap	2600	otelcol	otelcol-sb-esrev0-ctr-2bk4z	otelcol_process_memory_rss	222609408
1781200261	snap	2600	otelcol	otelcol-sb-esrev0-ctr-2bk4z	otelcol_receiver_failed_spans	0
1781200261	snap	2600	otelcol	otelcol-sb-esrev0-ctr-2bk4z	otelcol_process_runtime_total_alloc_bytes	522666336
1781200261	snap	2600	otelcol	otelcol-sb-esrev0-ctr-2bk4z	otelcol_exporter_send_failed_spans	0
1781200261	snap	2600	otelcol	otelcol-sb-esrev0-ctr-2bk4z	otelcol_receiver_refused_spans	0
1781200261	snap	2600	otelcol	otelcol-sb-esrev0-ctr-2bk4z	otelcol_process_uptime	410
1781200261	snap	2600	otelcol	otelcol-sb-esrev0-ctr-2bk4z	otelcol_processor_incoming_items	616902
1781200261	snap	2600	otelcol	otelcol-sb-esrev0-ctr-2bk4z	otelcol_process_runtime_total_sys_memory_bytes	103024920
1781200261	snap	2600	otelcol	otelcol-sb-esrev0-ctr-2bk4z	otelcol_processor_outgoing_items	616902
1781200261	snap	2600	otelcol	otelcol-sb-esrev0-ctr-2bk4z	otelcol_process_cpu_seconds	17
1781200261	snap	2600	otelcol	otelcol-sb-esrev0-ctr-2bk4z	otelcol_exporter_queue_batch_send_size_sum	616902
1781200261	snap	2600	otelcol	otelcol-sb-esrev0-ctr-2bk4z	otelcol_processor_batch_metadata_cardinality	1
1781200261	snap	2600	otelcol	otelcol-sb-esrev0-ctr-2bk4z	otelcol_processor_batch_timeout_trigger_send	1568
1781200261	snap	2600	otelcol	otelcol-sb-esrev0-ctr-2bk4z	otelcol_receiver_accepted_spans	616902
1781200261	snap	2600	otelcol	otelcol-sb-esrev0-ctr-2bk4z	otelcol_exporter_sent_spans	616902
1781200261	snap	2600	otelcol	otelcol-sb-esrev0-ctr-2bk4z	otelcol_exporter_queue_capacity	1001
1781200261	snap	2600	otelcol	otelcol-sb-esrev0-ctr-gcg4j	otelcol_receiver_failed_spans	0
1781200261	snap	2600	otelcol	otelcol-sb-esrev0-ctr-gcg4j	otelcol_processor_batch_timeout_trigger_send	1550
1781200261	snap	2600	otelcol	otelcol-sb-esrev0-ctr-gcg4j	otelcol_exporter_queue_size	0
1781200261	snap	2600	otelcol	otelcol-sb-esrev0-ctr-gcg4j	otelcol_process_runtime_total_sys_memory_bytes	71870744
1781200261	snap	2600	otelcol	otelcol-sb-esrev0-ctr-gcg4j	otelcol_exporter_queue_batch_send_size_sum	97787
1781200261	snap	2600	otelcol	otelcol-sb-esrev0-ctr-gcg4j	otelcol_receiver_accepted_spans	97787
1781200261	snap	2600	otelcol	otelcol-sb-esrev0-ctr-gcg4j	otelcol_process_runtime_total_alloc_bytes	203052920
1781200261	snap	2600	otelcol	otelcol-sb-esrev0-ctr-gcg4j	otelcol_process_memory_rss	210440192
1781200261	snap	2600	otelcol	otelcol-sb-esrev0-ctr-gcg4j	otelcol_process_cpu_seconds	15
1781200261	snap	2600	otelcol	otelcol-sb-esrev0-ctr-gcg4j	otelcol_exporter_queue_capacity	1001
1781200261	snap	2600	otelcol	otelcol-sb-esrev0-ctr-gcg4j	otelcol_processor_incoming_items	97787
1781200261	snap	2600	otelcol	otelcol-sb-esrev0-ctr-gcg4j	otelcol_exporter_send_failed_spans	0
1781200261	snap	2600	otelcol	otelcol-sb-esrev0-ctr-gcg4j	otelcol_receiver_refused_spans	0
1781200261	snap	2600	otelcol	otelcol-sb-esrev0-ctr-gcg4j	otelcol_processor_outgoing_items	97787
1781200261	snap	2600	otelcol	otelcol-sb-esrev0-ctr-gcg4j	otelcol_processor_batch_metadata_cardinality	1
1781200261	snap	2600	otelcol	otelcol-sb-esrev0-ctr-gcg4j	otelcol_processor_batch_batch_send_size_sum	97787
1781200261	snap	2600	otelcol	otelcol-sb-esrev0-ctr-gcg4j	otelcol_process_uptime	406
1781200261	snap	2600	otelcol	otelcol-sb-esrev0-ctr-gcg4j	otelcol_process_runtime_heap_alloc_bytes	38745032
1781200261	snap	2600	otelcol	otelcol-sb-esrev0-ctr-gcg4j	otelcol_exporter_sent_spans	97787
1781200261	snap	2600	otelcol	otelcol-sb-esrev0-ctr-pr5gq	otelcol_receiver_accepted_spans	1791364
1781200261	snap	2600	otelcol	otelcol-sb-esrev0-ctr-pr5gq	otelcol_receiver_failed_spans	0
1781200261	snap	2600	otelcol	otelcol-sb-esrev0-ctr-pr5gq	otelcol_process_uptime	407
1781200261	snap	2600	otelcol	otelcol-sb-esrev0-ctr-pr5gq	otelcol_exporter_queue_batch_send_size_sum	1791364
1781200261	snap	2600	otelcol	otelcol-sb-esrev0-ctr-pr5gq	otelcol_processor_outgoing_items	1791364
1781200261	snap	2600	otelcol	otelcol-sb-esrev0-ctr-pr5gq	otelcol_process_runtime_total_sys_memory_bytes	106719512
1781200261	snap	2600	otelcol	otelcol-sb-esrev0-ctr-pr5gq	otelcol_process_runtime_heap_alloc_bytes	39545208
1781200261	snap	2600	otelcol	otelcol-sb-esrev0-ctr-pr5gq	otelcol_exporter_queue_capacity	1001
1781200261	snap	2600	otelcol	otelcol-sb-esrev0-ctr-pr5gq	otelcol_process_memory_rss	229294080
1781200261	snap	2600	otelcol	otelcol-sb-esrev0-ctr-pr5gq	otelcol_exporter_queue_size	0
1781200261	snap	2600	otelcol	otelcol-sb-esrev0-ctr-pr5gq	otelcol_exporter_send_failed_spans	0
1781200261	snap	2600	otelcol	otelcol-sb-esrev0-ctr-pr5gq	otelcol_receiver_refused_spans	0
1781200261	snap	2600	otelcol	otelcol-sb-esrev0-ctr-pr5gq	otelcol_process_runtime_total_alloc_bytes	1079364384
1781200261	snap	2600	otelcol	otelcol-sb-esrev0-ctr-pr5gq	otelcol_processor_batch_batch_send_size_sum	1791364
1781200261	snap	2600	otelcol	otelcol-sb-esrev0-ctr-pr5gq	otelcol_process_cpu_seconds	29
1781200261	snap	2600	otelcol	otelcol-sb-esrev0-ctr-pr5gq	otelcol_processor_incoming_items	1791364
1781200261	snap	2600	otelcol	otelcol-sb-esrev0-ctr-pr5gq	otelcol_processor_batch_metadata_cardinality	1
1781200261	snap	2600	otelcol	otelcol-sb-esrev0-ctr-pr5gq	otelcol_processor_batch_timeout_trigger_send	1559
1781200261	snap	2600	otelcol	otelcol-sb-esrev0-ctr-pr5gq	otelcol_exporter_sent_spans	1791364
1781200261	snap	2600	otelcol	otelcol-sb-esrev0-ctr-rbkvt	otelcol_processor_outgoing_items	504181
1781200261	snap	2600	otelcol	otelcol-sb-esrev0-ctr-rbkvt	otelcol_exporter_send_failed_spans	0
1781200261	snap	2600	otelcol	otelcol-sb-esrev0-ctr-rbkvt	otelcol_receiver_refused_spans	0
1781200261	snap	2600	otelcol	otelcol-sb-esrev0-ctr-rbkvt	otelcol_exporter_queue_size	0
1781200261	snap	2600	otelcol	otelcol-sb-esrev0-ctr-rbkvt	otelcol_exporter_queue_batch_send_size_sum	504181
1781200261	snap	2600	otelcol	otelcol-sb-esrev0-ctr-rbkvt	otelcol_process_runtime_total_sys_memory_bytes	85453080
1781200261	snap	2600	otelcol	otelcol-sb-esrev0-ctr-rbkvt	otelcol_receiver_failed_spans	0
1781200261	snap	2600	otelcol	otelcol-sb-esrev0-ctr-rbkvt	otelcol_processor_batch_metadata_cardinality	1
1781200261	snap	2600	otelcol	otelcol-sb-esrev0-ctr-rbkvt	otelcol_processor_batch_timeout_trigger_send	1557
1781200261	snap	2600	otelcol	otelcol-sb-esrev0-ctr-rbkvt	otelcol_processor_batch_batch_send_size_sum	504181
1781200261	snap	2600	otelcol	otelcol-sb-esrev0-ctr-rbkvt	otelcol_receiver_accepted_spans	504181
1781200261	snap	2600	otelcol	otelcol-sb-esrev0-ctr-rbkvt	otelcol_process_cpu_seconds	16
1781200261	snap	2600	otelcol	otelcol-sb-esrev0-ctr-rbkvt	otelcol_process_uptime	407
1781200261	snap	2600	otelcol	otelcol-sb-esrev0-ctr-rbkvt	otelcol_process_runtime_heap_alloc_bytes	48602440
1781200261	snap	2600	otelcol	otelcol-sb-esrev0-ctr-rbkvt	otelcol_process_memory_rss	222294016
1781200261	snap	2600	otelcol	otelcol-sb-esrev0-ctr-rbkvt	otelcol_exporter_sent_spans	504181
1781200261	snap	2600	otelcol	otelcol-sb-esrev0-ctr-rbkvt	otelcol_exporter_queue_capacity	1001
1781200261	snap	2600	otelcol	otelcol-sb-esrev0-ctr-rbkvt	otelcol_process_runtime_total_alloc_bytes	441333984
1781200261	snap	2600	otelcol	otelcol-sb-esrev0-ctr-rbkvt	otelcol_processor_incoming_items	504181
1781200261	snap	2600	otelcol	otelcol-sb-esrev0-ctr-vnnmt	otelcol_process_cpu_seconds	16
1781200261	snap	2600	otelcol	otelcol-sb-esrev0-ctr-vnnmt	otelcol_exporter_sent_spans	501865
1781200261	snap	2600	otelcol	otelcol-sb-esrev0-ctr-vnnmt	otelcol_process_runtime_total_alloc_bytes	460184296
1781200261	snap	2600	otelcol	otelcol-sb-esrev0-ctr-vnnmt	otelcol_processor_outgoing_items	501865
1781200261	snap	2600	otelcol	otelcol-sb-esrev0-ctr-vnnmt	otelcol_process_runtime_heap_alloc_bytes	31022408
1781200261	snap	2600	otelcol	otelcol-sb-esrev0-ctr-vnnmt	otelcol_exporter_queue_size	0
1781200261	snap	2600	otelcol	otelcol-sb-esrev0-ctr-vnnmt	otelcol_exporter_queue_batch_send_size_sum	501865
1781200261	snap	2600	otelcol	otelcol-sb-esrev0-ctr-vnnmt	otelcol_processor_batch_batch_send_size_sum	501865
1781200261	snap	2600	otelcol	otelcol-sb-esrev0-ctr-vnnmt	otelcol_receiver_failed_spans	0
1781200261	snap	2600	otelcol	otelcol-sb-esrev0-ctr-vnnmt	otelcol_process_memory_rss	220758016
1781200261	snap	2600	otelcol	otelcol-sb-esrev0-ctr-vnnmt	otelcol_exporter_send_failed_spans	0
1781200261	snap	2600	otelcol	otelcol-sb-esrev0-ctr-vnnmt	otelcol_receiver_refused_spans	0
1781200261	snap	2600	otelcol	otelcol-sb-esrev0-ctr-vnnmt	otelcol_receiver_accepted_spans	501865
1781200261	snap	2600	otelcol	otelcol-sb-esrev0-ctr-vnnmt	otelcol_processor_batch_metadata_cardinality	1
1781200261	snap	2600	otelcol	otelcol-sb-esrev0-ctr-vnnmt	otelcol_process_runtime_total_sys_memory_bytes	88860952
1781200261	snap	2600	otelcol	otelcol-sb-esrev0-ctr-vnnmt	otelcol_processor_batch_timeout_trigger_send	1560
1781200261	snap	2600	otelcol	otelcol-sb-esrev0-ctr-vnnmt	otelcol_processor_incoming_items	501865
1781200261	snap	2600	otelcol	otelcol-sb-esrev0-ctr-vnnmt	otelcol_process_uptime	408
1781200261	snap	2600	otelcol	otelcol-sb-esrev0-ctr-vnnmt	otelcol_exporter_queue_capacity	1001
1781200261	snap	2600	otelcol	otelcol-sb-esrev0-ctr-wht6z	otelcol_exporter_queue_size	0
1781200261	snap	2600	otelcol	otelcol-sb-esrev0-ctr-wht6z	otelcol_process_uptime	406
1781200261	snap	2600	otelcol	otelcol-sb-esrev0-ctr-wht6z	otelcol_receiver_accepted_spans	4137735
1781200261	snap	2600	otelcol	otelcol-sb-esrev0-ctr-wht6z	otelcol_process_runtime_heap_alloc_bytes	54785672
1781200261	snap	2600	otelcol	otelcol-sb-esrev0-ctr-wht6z	otelcol_receiver_failed_spans	0
1781200261	snap	2600	otelcol	otelcol-sb-esrev0-ctr-wht6z	otelcol_process_runtime_total_alloc_bytes	3022961280
1781200261	snap	2600	otelcol	otelcol-sb-esrev0-ctr-wht6z	otelcol_process_memory_rss	256323584
1781200261	snap	2600	otelcol	otelcol-sb-esrev0-ctr-wht6z	otelcol_exporter_queue_capacity	1001
1781200261	snap	2600	otelcol	otelcol-sb-esrev0-ctr-wht6z	otelcol_processor_incoming_items	4138534
1781200261	snap	2600	otelcol	otelcol-sb-esrev0-ctr-wht6z	otelcol_processor_batch_metadata_cardinality	1
1781200261	snap	2600	otelcol	otelcol-sb-esrev0-ctr-wht6z	otelcol_process_cpu_seconds	60
1781200261	snap	2600	otelcol	otelcol-sb-esrev0-ctr-wht6z	otelcol_exporter_send_failed_spans	0
1781200261	snap	2600	otelcol	otelcol-sb-esrev0-ctr-wht6z	otelcol_exporter_sent_spans	4137735
1781200261	snap	2600	otelcol	otelcol-sb-esrev0-ctr-wht6z	otelcol_process_runtime_total_sys_memory_bytes	136042792
1781200261	snap	2600	otelcol	otelcol-sb-esrev0-ctr-wht6z	otelcol_receiver_refused_spans	799
1781200261	snap	2600	otelcol	otelcol-sb-esrev0-ctr-wht6z	otelcol_exporter_queue_batch_send_size_sum	4137735
1781200261	snap	2600	otelcol	otelcol-sb-esrev0-ctr-wht6z	otelcol_processor_batch_timeout_trigger_send	1564
1781200261	snap	2600	otelcol	otelcol-sb-esrev0-ctr-wht6z	otelcol_processor_batch_batch_send_size_sum	4137735
1781200261	snap	2600	otelcol	otelcol-sb-esrev0-ctr-wht6z	otelcol_processor_outgoing_items	4137735
1781200261	snap	2600	k8s	otelcol-sb-esrev0-ctr-2bk4z	restart_count	0
1781200261	snap	2600	k8s	otelcol-sb-esrev0-ctr-gcg4j	restart_count	0
1781200261	snap	2600	k8s	otelcol-sb-esrev0-ctr-glxdm	restart_count	0
1781200261	snap	2600	k8s	otelcol-sb-esrev0-ctr-mrm6k	restart_count	0
1781200261	snap	2600	k8s	otelcol-sb-esrev0-ctr-pr5gq	restart_count	0
1781200261	snap	2600	k8s	otelcol-sb-esrev0-ctr-rbkvt	restart_count	0
1781200261	snap	2600	k8s	otelcol-sb-esrev0-ctr-rdtzq	restart_count	0
1781200261	snap	2600	k8s	otelcol-sb-esrev0-ctr-vnnmt	restart_count	0
1781200261	snap	2600	k8s	otelcol-sb-esrev0-ctr-wht6z	restart_count	0
1781200261	snap	2600	sdk	wrk2api	spans_received	99794
1781200261	snap	2600	sdk	wrk2api	spans_sent	99794
1781200261	snap	2600	sdk	wrk2api	spans_dropped	0
1781200261	snap	2600	sdk	wrk2api	spans_flushed	99794
1781200261	snap	2600	sdk	wrk2api	batches_sent	6051
1781200261	snap	2600	sdk	wrk2api	batches_dropped	0
1781200261	snap	2600	sdk	wrk2api	send_unavailable	0
1781200261	snap	2600	sdk	wrk2api	send_deadline	0
1781200261	snap	2600	sdk	wrk2api	send_exhausted	0
1781200261	snap	2600	sdk	wrk2api	send_canceled	0
1781200261	snap	2600	sdk	wrk2api	send_other	0
1781200261	snap	2600	sdk	wrk2api	buffer_depth	0
0
1781200261	snap	2600	sdk	composepost	spans_received	3232599
1781200261	snap	2600	sdk	composepost	spans_sent	3232328
1781200261	snap	2600	sdk	composepost	spans_dropped	271
1781200261	snap	2600	sdk	composepost	spans_flushed	3232599
1781200261	snap	2600	sdk	composepost	batches_sent	22345
1781200261	snap	2600	sdk	composepost	batches_dropped	1
1781200261	snap	2600	sdk	composepost	send_unavailable	1
1781200261	snap	2600	sdk	composepost	send_deadline	0
1781200261	snap	2600	sdk	composepost	send_exhausted	0
1781200261	snap	2600	sdk	composepost	send_canceled	0
1781200261	snap	2600	sdk	composepost	send_other	0
1781200261	snap	2600	sdk	composepost	buffer_depth	0
0
1781200261	snap	2600	sdk	hometimeline	spans_received	808134
1781200261	snap	2600	sdk	hometimeline	spans_sent	807635
1781200261	snap	2600	sdk	hometimeline	spans_dropped	499
1781200261	snap	2600	sdk	hometimeline	spans_flushed	808134
1781200261	snap	2600	sdk	hometimeline	batches_sent	5585
1781200261	snap	2600	sdk	hometimeline	batches_dropped	2
1781200261	snap	2600	sdk	hometimeline	send_unavailable	2
1781200261	snap	2600	sdk	hometimeline	send_deadline	0
1781200261	snap	2600	sdk	hometimeline	send_exhausted	0
1781200261	snap	2600	sdk	hometimeline	send_canceled	0
1781200261	snap	2600	sdk	hometimeline	send_other	0
1781200261	snap	2600	sdk	hometimeline	buffer_depth	0
0
1781200261	snap	2600	sdk	media	spans_received	404076
1781200261	snap	2600	sdk	media	spans_sent	404076
1781200261	snap	2600	sdk	media	spans_dropped	0
1781200261	snap	2600	sdk	media	spans_flushed	404076
1781200261	snap	2600	sdk	media	batches_sent	2794
1781200261	snap	2600	sdk	media	batches_dropped	0
1781200261	snap	2600	sdk	media	send_unavailable	0
1781200261	snap	2600	sdk	media	send_deadline	0
1781200261	snap	2600	sdk	media	send_exhausted	0
1781200261	snap	2600	sdk	media	send_canceled	0
1781200261	snap	2600	sdk	media	send_other	0
1781200261	snap	2600	sdk	media	buffer_depth	0
0
1781200261	snap	2600	sdk	post-storage	spans_received	404067
1781200261	snap	2600	sdk	post-storage	spans_sent	404067
1781200261	snap	2600	sdk	post-storage	spans_dropped	0
1781200261	snap	2600	sdk	post-storage	spans_flushed	404067
1781200261	snap	2600	sdk	post-storage	batches_sent	2793
1781200261	snap	2600	sdk	post-storage	batches_dropped	0
1781200261	snap	2600	sdk	post-storage	send_unavailable	0
1781200261	snap	2600	sdk	post-storage	send_deadline	0
1781200261	snap	2600	sdk	post-storage	send_exhausted	0
1781200261	snap	2600	sdk	post-storage	send_canceled	0
1781200261	snap	2600	sdk	post-storage	send_other	0
1781200261	snap	2600	sdk	post-storage	buffer_depth	0
0
1781200261	snap	2600	sdk	socialgraph	spans_received	517901
1781200261	snap	2600	sdk	socialgraph	spans_sent	517901
1781200261	snap	2600	sdk	socialgraph	spans_dropped	0
1781200261	snap	2600	sdk	socialgraph	spans_flushed	517901
1781200261	snap	2600	sdk	socialgraph	batches_sent	3276
1781200261	snap	2600	sdk	socialgraph	batches_dropped	0
1781200261	snap	2600	sdk	socialgraph	send_unavailable	0
1781200261	snap	2600	sdk	socialgraph	send_deadline	0
1781200261	snap	2600	sdk	socialgraph	send_exhausted	0
1781200261	snap	2600	sdk	socialgraph	send_canceled	0
1781200261	snap	2600	sdk	socialgraph	send_other	0
1781200261	snap	2600	sdk	socialgraph	buffer_depth	0
0
1781200261	snap	2600	sdk	text	spans_received	1212246
1781200261	snap	2600	sdk	text	spans_sent	1212246
1781200261	snap	2600	sdk	text	spans_dropped	0
1781200261	snap	2600	sdk	text	spans_flushed	1212246
1781200261	snap	2600	sdk	text	batches_sent	8382
1781200261	snap	2600	sdk	text	batches_dropped	0
1781200261	snap	2600	sdk	text	send_unavailable	0
1781200261	snap	2600	sdk	text	send_deadline	0
1781200261	snap	2600	sdk	text	send_exhausted	0
1781200261	snap	2600	sdk	text	send_canceled	0
1781200261	snap	2600	sdk	text	send_other	0
1781200261	snap	2600	sdk	text	buffer_depth	0
0
1781200261	snap	2600	sdk	uniqueid	spans_received	404076
1781200261	snap	2600	sdk	uniqueid	spans_sent	404076
1781200261	snap	2600	sdk	uniqueid	spans_dropped	0
1781200261	snap	2600	sdk	uniqueid	spans_flushed	404076
1781200261	snap	2600	sdk	uniqueid	batches_sent	2793
1781200261	snap	2600	sdk	uniqueid	batches_dropped	0
1781200261	snap	2600	sdk	uniqueid	send_unavailable	0
1781200261	snap	2600	sdk	uniqueid	send_deadline	0
1781200261	snap	2600	sdk	uniqueid	send_exhausted	0
1781200261	snap	2600	sdk	uniqueid	send_canceled	0
1781200261	snap	2600	sdk	uniqueid	send_other	0
1781200261	snap	2600	sdk	uniqueid	buffer_depth	0
0
1781200261	snap	2600	sdk	urlshorten	spans_received	404076
1781200261	snap	2600	sdk	urlshorten	spans_sent	404076
1781200261	snap	2600	sdk	urlshorten	spans_dropped	0
1781200261	snap	2600	sdk	urlshorten	spans_flushed	404076
1781200261	snap	2600	sdk	urlshorten	batches_sent	2793
1781200261	snap	2600	sdk	urlshorten	batches_dropped	0
1781200261	snap	2600	sdk	urlshorten	send_unavailable	0
1781200261	snap	2600	sdk	urlshorten	send_deadline	0
1781200261	snap	2600	sdk	urlshorten	send_exhausted	0
1781200261	snap	2600	sdk	urlshorten	send_canceled	0
1781200261	snap	2600	sdk	urlshorten	send_other	0
1781200261	snap	2600	sdk	urlshorten	buffer_depth	0
0
1781200261	snap	2600	sdk	user	spans_received	406000
1781200261	snap	2600	sdk	user	spans_sent	406000
1781200261	snap	2600	sdk	user	spans_dropped	0
1781200261	snap	2600	sdk	user	spans_flushed	406000
1781200261	snap	2600	sdk	user	batches_sent	2805
1781200261	snap	2600	sdk	user	batches_dropped	0
1781200261	snap	2600	sdk	user	send_unavailable	0
1781200261	snap	2600	sdk	user	send_deadline	0
1781200261	snap	2600	sdk	user	send_exhausted	0
1781200261	snap	2600	sdk	user	send_canceled	0
1781200261	snap	2600	sdk	user	send_other	0
1781200261	snap	2600	sdk	user	buffer_depth	0
0
1781200261	snap	2600	sdk	userid	spans_received	75248
1781200261	snap	2600	sdk	userid	spans_sent	75248
1781200261	snap	2600	sdk	userid	spans_dropped	0
1781200261	snap	2600	sdk	userid	spans_flushed	75248
1781200261	snap	2600	sdk	userid	batches_sent	245
1781200261	snap	2600	sdk	userid	batches_dropped	0
1781200261	snap	2600	sdk	userid	send_unavailable	0
1781200261	snap	2600	sdk	userid	send_deadline	0
1781200261	snap	2600	sdk	userid	send_exhausted	0
1781200261	snap	2600	sdk	userid	send_canceled	0
1781200261	snap	2600	sdk	userid	send_other	0
1781200261	snap	2600	sdk	userid	buffer_depth	0
0
1781200261	snap	2600	sdk	usermention	spans_received	404076
1781200261	snap	2600	sdk	usermention	spans_sent	404076
1781200261	snap	2600	sdk	usermention	spans_dropped	0
1781200261	snap	2600	sdk	usermention	spans_flushed	404076
1781200261	snap	2600	sdk	usermention	batches_sent	2794
1781200261	snap	2600	sdk	usermention	batches_dropped	0
1781200261	snap	2600	sdk	usermention	send_unavailable	0
1781200261	snap	2600	sdk	usermention	send_deadline	0
1781200261	snap	2600	sdk	usermention	send_exhausted	0
1781200261	snap	2600	sdk	usermention	send_canceled	0
1781200261	snap	2600	sdk	usermention	send_other	0
1781200261	snap	2600	sdk	usermention	buffer_depth	0
0
1781200261	snap	2600	sdk	usertimeline	spans_received	404067
1781200261	snap	2600	sdk	usertimeline	spans_sent	404067
1781200261	snap	2600	sdk	usertimeline	spans_dropped	0
1781200261	snap	2600	sdk	usertimeline	spans_flushed	404067
1781200261	snap	2600	sdk	usertimeline	batches_sent	2792
1781200261	snap	2600	sdk	usertimeline	batches_dropped	0
1781200261	snap	2600	sdk	usertimeline	send_unavailable	0
1781200261	snap	2600	sdk	usertimeline	send_deadline	0
1781200261	snap	2600	sdk	usertimeline	send_exhausted	0
1781200261	snap	2600	sdk	usertimeline	send_canceled	0
1781200261	snap	2600	sdk	usertimeline	send_other	0
1781200261	snap	2600	sdk	usertimeline	buffer_depth	0
0
1781200328	snap	2600	otelcol	otelcol-sb-esrev0-ctr-mrm6k	otelcol_exporter_queue_size	0
1781200328	snap	2600	otelcol	otelcol-sb-esrev0-ctr-mrm6k	otelcol_processor_batch_batch_send_size_sum	692213
1781200328	snap	2600	otelcol	otelcol-sb-esrev0-ctr-mrm6k	otelcol_process_runtime_heap_alloc_bytes	47894096
1781200328	snap	2600	otelcol	otelcol-sb-esrev0-ctr-mrm6k	otelcol_exporter_queue_batch_send_size_sum	692213
1781200328	snap	2600	otelcol	otelcol-sb-esrev0-ctr-mrm6k	otelcol_process_uptime	475
1781200328	snap	2600	otelcol	otelcol-sb-esrev0-ctr-mrm6k	otelcol_processor_outgoing_items	692213
1781200328	snap	2600	otelcol	otelcol-sb-esrev0-ctr-mrm6k	otelcol_process_runtime_total_alloc_bytes	574106864
1781200328	snap	2600	otelcol	otelcol-sb-esrev0-ctr-mrm6k	otelcol_process_memory_rss	227717120
1781200328	snap	2600	otelcol	otelcol-sb-esrev0-ctr-mrm6k	otelcol_process_cpu_seconds	22
1781200328	snap	2600	otelcol	otelcol-sb-esrev0-ctr-mrm6k	otelcol_exporter_send_failed_spans	0
1781200328	snap	2600	otelcol	otelcol-sb-esrev0-ctr-mrm6k	otelcol_receiver_accepted_spans	692213
1781200328	snap	2600	otelcol	otelcol-sb-esrev0-ctr-mrm6k	otelcol_processor_batch_metadata_cardinality	1
1781200328	snap	2600	otelcol	otelcol-sb-esrev0-ctr-mrm6k	otelcol_receiver_refused_spans	0
1781200328	snap	2600	otelcol	otelcol-sb-esrev0-ctr-mrm6k	otelcol_receiver_failed_spans	0
1781200328	snap	2600	otelcol	otelcol-sb-esrev0-ctr-mrm6k	otelcol_processor_batch_timeout_trigger_send	1861
1781200328	snap	2600	otelcol	otelcol-sb-esrev0-ctr-mrm6k	otelcol_process_runtime_total_sys_memory_bytes	89393432
1781200328	snap	2600	otelcol	otelcol-sb-esrev0-ctr-mrm6k	otelcol_exporter_queue_capacity	1001
1781200328	snap	2600	otelcol	otelcol-sb-esrev0-ctr-mrm6k	otelcol_processor_incoming_items	692213
1781200328	snap	2600	otelcol	otelcol-sb-esrev0-ctr-mrm6k	otelcol_exporter_sent_spans	692213
1781200328	snap	2600	otelcol	otelcol-sb-esrev0-ctr-rdtzq	otelcol_process_runtime_total_sys_memory_bytes	88877336
1781200328	snap	2600	otelcol	otelcol-sb-esrev0-ctr-rdtzq	otelcol_process_memory_rss	221548544
1781200328	snap	2600	otelcol	otelcol-sb-esrev0-ctr-rdtzq	otelcol_exporter_queue_capacity	1001
1781200328	snap	2600	otelcol	otelcol-sb-esrev0-ctr-rdtzq	otelcol_process_cpu_seconds	21
1781200328	snap	2600	otelcol	otelcol-sb-esrev0-ctr-rdtzq	otelcol_processor_incoming_items	691404
1781200328	snap	2600	otelcol	otelcol-sb-esrev0-ctr-rdtzq	otelcol_exporter_queue_batch_send_size_sum	691404
1781200328	snap	2600	otelcol	otelcol-sb-esrev0-ctr-rdtzq	otelcol_exporter_send_failed_spans	0
1781200328	snap	2600	otelcol	otelcol-sb-esrev0-ctr-rdtzq	otelcol_receiver_refused_spans	0
1781200328	snap	2600	otelcol	otelcol-sb-esrev0-ctr-rdtzq	otelcol_exporter_sent_spans	691404
1781200328	snap	2600	otelcol	otelcol-sb-esrev0-ctr-rdtzq	otelcol_process_runtime_total_alloc_bytes	592576216
1781200328	snap	2600	otelcol	otelcol-sb-esrev0-ctr-rdtzq	otelcol_process_runtime_heap_alloc_bytes	34492640
1781200328	snap	2600	otelcol	otelcol-sb-esrev0-ctr-rdtzq	otelcol_processor_outgoing_items	691404
1781200328	snap	2600	otelcol	otelcol-sb-esrev0-ctr-rdtzq	otelcol_process_uptime	475
1781200328	snap	2600	otelcol	otelcol-sb-esrev0-ctr-rdtzq	otelcol_receiver_failed_spans	0
1781200328	snap	2600	otelcol	otelcol-sb-esrev0-ctr-rdtzq	otelcol_processor_batch_metadata_cardinality	1
1781200328	snap	2600	otelcol	otelcol-sb-esrev0-ctr-rdtzq	otelcol_receiver_accepted_spans	691404
1781200328	snap	2600	otelcol	otelcol-sb-esrev0-ctr-rdtzq	otelcol_processor_batch_timeout_trigger_send	1860
1781200328	snap	2600	otelcol	otelcol-sb-esrev0-ctr-rdtzq	otelcol_processor_batch_batch_send_size_sum	691404
1781200328	snap	2600	otelcol	otelcol-sb-esrev0-ctr-rdtzq	otelcol_exporter_queue_size	0
1781200328	snap	2600	otelcol	otelcol-sb-esrev0-ctr-glxdm	otelcol_receiver_failed_spans	0
1781200328	snap	2600	otelcol	otelcol-sb-esrev0-ctr-glxdm	otelcol_process_uptime	475
1781200328	snap	2600	otelcol	otelcol-sb-esrev0-ctr-glxdm	otelcol_exporter_queue_capacity	1001
1781200328	snap	2600	otelcol	otelcol-sb-esrev0-ctr-glxdm	otelcol_processor_batch_metadata_cardinality	1
1781200328	snap	2600	otelcol	otelcol-sb-esrev0-ctr-glxdm	otelcol_process_runtime_heap_alloc_bytes	32993536
1781200328	snap	2600	otelcol	otelcol-sb-esrev0-ctr-glxdm	otelcol_exporter_send_failed_spans	0
1781200328	snap	2600	otelcol	otelcol-sb-esrev0-ctr-glxdm	otelcol_processor_incoming_items	1249883
1781200328	snap	2600	otelcol	otelcol-sb-esrev0-ctr-glxdm	otelcol_process_cpu_seconds	28
1781200328	snap	2600	otelcol	otelcol-sb-esrev0-ctr-glxdm	otelcol_exporter_sent_spans	1249883
1781200328	snap	2600	otelcol	otelcol-sb-esrev0-ctr-glxdm	otelcol_receiver_refused_spans	0
1781200328	snap	2600	otelcol	otelcol-sb-esrev0-ctr-glxdm	otelcol_processor_batch_timeout_trigger_send	1857
1781200328	snap	2600	otelcol	otelcol-sb-esrev0-ctr-glxdm	otelcol_processor_batch_batch_send_size_sum	1249883
1781200328	snap	2600	otelcol	otelcol-sb-esrev0-ctr-glxdm	otelcol_process_runtime_total_alloc_bytes	919826352
1781200328	snap	2600	otelcol	otelcol-sb-esrev0-ctr-glxdm	otelcol_process_memory_rss	226484224
1781200328	snap	2600	otelcol	otelcol-sb-esrev0-ctr-glxdm	otelcol_exporter_queue_batch_send_size_sum	1249883
1781200328	snap	2600	otelcol	otelcol-sb-esrev0-ctr-glxdm	otelcol_process_runtime_total_sys_memory_bytes	93149480
1781200328	snap	2600	otelcol	otelcol-sb-esrev0-ctr-glxdm	otelcol_receiver_accepted_spans	1249883
1781200328	snap	2600	otelcol	otelcol-sb-esrev0-ctr-glxdm	otelcol_processor_outgoing_items	1249883
1781200328	snap	2600	otelcol	otelcol-sb-esrev0-ctr-glxdm	otelcol_exporter_queue_size	0
1781200328	snap	2600	otelcol	otelcol-sb-esrev0-ctr-2bk4z	otelcol_processor_batch_batch_send_size_sum	806064
1781200328	snap	2600	otelcol	otelcol-sb-esrev0-ctr-2bk4z	otelcol_process_runtime_heap_alloc_bytes	38132536
1781200328	snap	2600	otelcol	otelcol-sb-esrev0-ctr-2bk4z	otelcol_exporter_queue_size	0
1781200328	snap	2600	otelcol	otelcol-sb-esrev0-ctr-2bk4z	otelcol_process_memory_rss	225583104
1781200328	snap	2600	otelcol	otelcol-sb-esrev0-ctr-2bk4z	otelcol_receiver_failed_spans	0
1781200328	snap	2600	otelcol	otelcol-sb-esrev0-ctr-2bk4z	otelcol_process_runtime_total_alloc_bytes	659031144
1781200328	snap	2600	otelcol	otelcol-sb-esrev0-ctr-2bk4z	otelcol_exporter_send_failed_spans	0
1781200328	snap	2600	otelcol	otelcol-sb-esrev0-ctr-2bk4z	otelcol_receiver_refused_spans	0
1781200328	snap	2600	otelcol	otelcol-sb-esrev0-ctr-2bk4z	otelcol_process_uptime	477
1781200328	snap	2600	otelcol	otelcol-sb-esrev0-ctr-2bk4z	otelcol_processor_incoming_items	806064
1781200328	snap	2600	otelcol	otelcol-sb-esrev0-ctr-2bk4z	otelcol_process_runtime_total_sys_memory_bytes	103033112
1781200328	snap	2600	otelcol	otelcol-sb-esrev0-ctr-2bk4z	otelcol_processor_outgoing_items	806064
1781200328	snap	2600	otelcol	otelcol-sb-esrev0-ctr-2bk4z	otelcol_process_cpu_seconds	21
1781200328	snap	2600	otelcol	otelcol-sb-esrev0-ctr-2bk4z	otelcol_exporter_queue_batch_send_size_sum	806064
1781200328	snap	2600	otelcol	otelcol-sb-esrev0-ctr-2bk4z	otelcol_processor_batch_metadata_cardinality	1
1781200328	snap	2600	otelcol	otelcol-sb-esrev0-ctr-2bk4z	otelcol_processor_batch_timeout_trigger_send	1868
1781200328	snap	2600	otelcol	otelcol-sb-esrev0-ctr-2bk4z	otelcol_receiver_accepted_spans	806064
1781200328	snap	2600	otelcol	otelcol-sb-esrev0-ctr-2bk4z	otelcol_exporter_sent_spans	806064
1781200328	snap	2600	otelcol	otelcol-sb-esrev0-ctr-2bk4z	otelcol_exporter_queue_capacity	1001
1781200328	snap	2600	otelcol	otelcol-sb-esrev0-ctr-gcg4j	otelcol_receiver_failed_spans	0
1781200328	snap	2600	otelcol	otelcol-sb-esrev0-ctr-gcg4j	otelcol_processor_batch_timeout_trigger_send	1849
1781200328	snap	2600	otelcol	otelcol-sb-esrev0-ctr-gcg4j	otelcol_exporter_queue_size	0
1781200328	snap	2600	otelcol	otelcol-sb-esrev0-ctr-gcg4j	otelcol_process_runtime_total_sys_memory_bytes	76335384
1781200328	snap	2600	otelcol	otelcol-sb-esrev0-ctr-gcg4j	otelcol_exporter_queue_batch_send_size_sum	132181
1781200328	snap	2600	otelcol	otelcol-sb-esrev0-ctr-gcg4j	otelcol_receiver_accepted_spans	132181
1781200328	snap	2600	otelcol	otelcol-sb-esrev0-ctr-gcg4j	otelcol_process_runtime_total_alloc_bytes	249418200
1781200328	snap	2600	otelcol	otelcol-sb-esrev0-ctr-gcg4j	otelcol_process_memory_rss	213684224
1781200328	snap	2600	otelcol	otelcol-sb-esrev0-ctr-gcg4j	otelcol_process_cpu_seconds	18
1781200328	snap	2600	otelcol	otelcol-sb-esrev0-ctr-gcg4j	otelcol_exporter_queue_capacity	1001
1781200328	snap	2600	otelcol	otelcol-sb-esrev0-ctr-gcg4j	otelcol_processor_incoming_items	132181
1781200328	snap	2600	otelcol	otelcol-sb-esrev0-ctr-gcg4j	otelcol_exporter_send_failed_spans	0
1781200328	snap	2600	otelcol	otelcol-sb-esrev0-ctr-gcg4j	otelcol_receiver_refused_spans	0
1781200328	snap	2600	otelcol	otelcol-sb-esrev0-ctr-gcg4j	otelcol_processor_outgoing_items	132181
1781200328	snap	2600	otelcol	otelcol-sb-esrev0-ctr-gcg4j	otelcol_processor_batch_metadata_cardinality	1
1781200328	snap	2600	otelcol	otelcol-sb-esrev0-ctr-gcg4j	otelcol_processor_batch_batch_send_size_sum	132181
1781200328	snap	2600	otelcol	otelcol-sb-esrev0-ctr-gcg4j	otelcol_process_uptime	474
1781200328	snap	2600	otelcol	otelcol-sb-esrev0-ctr-gcg4j	otelcol_process_runtime_heap_alloc_bytes	44747520
1781200328	snap	2600	otelcol	otelcol-sb-esrev0-ctr-gcg4j	otelcol_exporter_sent_spans	132181
1781200328	snap	2600	otelcol	otelcol-sb-esrev0-ctr-pr5gq	otelcol_receiver_accepted_spans	2444830
1781200328	snap	2600	otelcol	otelcol-sb-esrev0-ctr-pr5gq	otelcol_receiver_failed_spans	0
1781200328	snap	2600	otelcol	otelcol-sb-esrev0-ctr-pr5gq	otelcol_process_uptime	474
1781200328	snap	2600	otelcol	otelcol-sb-esrev0-ctr-pr5gq	otelcol_exporter_queue_batch_send_size_sum	2444830
1781200328	snap	2600	otelcol	otelcol-sb-esrev0-ctr-pr5gq	otelcol_processor_outgoing_items	2444830
1781200328	snap	2600	otelcol	otelcol-sb-esrev0-ctr-pr5gq	otelcol_process_runtime_total_sys_memory_bytes	106719512
1781200328	snap	2600	otelcol	otelcol-sb-esrev0-ctr-pr5gq	otelcol_process_runtime_heap_alloc_bytes	46959584
1781200328	snap	2600	otelcol	otelcol-sb-esrev0-ctr-pr5gq	otelcol_exporter_queue_capacity	1001
1781200328	snap	2600	otelcol	otelcol-sb-esrev0-ctr-pr5gq	otelcol_process_memory_rss	232038400
1781200328	snap	2600	otelcol	otelcol-sb-esrev0-ctr-pr5gq	otelcol_exporter_queue_size	0
1781200328	snap	2600	otelcol	otelcol-sb-esrev0-ctr-pr5gq	otelcol_exporter_send_failed_spans	0
1781200328	snap	2600	otelcol	otelcol-sb-esrev0-ctr-pr5gq	otelcol_receiver_refused_spans	0
1781200328	snap	2600	otelcol	otelcol-sb-esrev0-ctr-pr5gq	otelcol_process_runtime_total_alloc_bytes	1424092576
1781200328	snap	2600	otelcol	otelcol-sb-esrev0-ctr-pr5gq	otelcol_processor_batch_batch_send_size_sum	2444830
1781200328	snap	2600	otelcol	otelcol-sb-esrev0-ctr-pr5gq	otelcol_process_cpu_seconds	37
1781200328	snap	2600	otelcol	otelcol-sb-esrev0-ctr-pr5gq	otelcol_processor_incoming_items	2444830
1781200328	snap	2600	otelcol	otelcol-sb-esrev0-ctr-pr5gq	otelcol_processor_batch_metadata_cardinality	1
1781200328	snap	2600	otelcol	otelcol-sb-esrev0-ctr-pr5gq	otelcol_processor_batch_timeout_trigger_send	1859
1781200328	snap	2600	otelcol	otelcol-sb-esrev0-ctr-pr5gq	otelcol_exporter_sent_spans	2444830
1781200328	snap	2600	otelcol	otelcol-sb-esrev0-ctr-rbkvt	otelcol_processor_outgoing_items	693339
1781200328	snap	2600	otelcol	otelcol-sb-esrev0-ctr-rbkvt	otelcol_exporter_send_failed_spans	0
1781200328	snap	2600	otelcol	otelcol-sb-esrev0-ctr-rbkvt	otelcol_receiver_refused_spans	0
1781200328	snap	2600	otelcol	otelcol-sb-esrev0-ctr-rbkvt	otelcol_exporter_queue_size	0
1781200328	snap	2600	otelcol	otelcol-sb-esrev0-ctr-rbkvt	otelcol_exporter_queue_batch_send_size_sum	693339
1781200328	snap	2600	otelcol	otelcol-sb-esrev0-ctr-rbkvt	otelcol_process_runtime_total_sys_memory_bytes	85453080
1781200328	snap	2600	otelcol	otelcol-sb-esrev0-ctr-rbkvt	otelcol_receiver_failed_spans	0
1781200328	snap	2600	otelcol	otelcol-sb-esrev0-ctr-rbkvt	otelcol_processor_batch_metadata_cardinality	1
1781200328	snap	2600	otelcol	otelcol-sb-esrev0-ctr-rbkvt	otelcol_processor_batch_timeout_trigger_send	1857
1781200328	snap	2600	otelcol	otelcol-sb-esrev0-ctr-rbkvt	otelcol_processor_batch_batch_send_size_sum	693339
1781200328	snap	2600	otelcol	otelcol-sb-esrev0-ctr-rbkvt	otelcol_receiver_accepted_spans	693339
1781200328	snap	2600	otelcol	otelcol-sb-esrev0-ctr-rbkvt	otelcol_process_cpu_seconds	21
1781200328	snap	2600	otelcol	otelcol-sb-esrev0-ctr-rbkvt	otelcol_process_uptime	474
1781200328	snap	2600	otelcol	otelcol-sb-esrev0-ctr-rbkvt	otelcol_process_runtime_heap_alloc_bytes	45083040
1781200328	snap	2600	otelcol	otelcol-sb-esrev0-ctr-rbkvt	otelcol_process_memory_rss	222212096
1781200328	snap	2600	otelcol	otelcol-sb-esrev0-ctr-rbkvt	otelcol_exporter_sent_spans	693339
1781200328	snap	2600	otelcol	otelcol-sb-esrev0-ctr-rbkvt	otelcol_exporter_queue_capacity	1001
1781200328	snap	2600	otelcol	otelcol-sb-esrev0-ctr-rbkvt	otelcol_process_runtime_total_alloc_bytes	564902936
1781200328	snap	2600	otelcol	otelcol-sb-esrev0-ctr-rbkvt	otelcol_processor_incoming_items	693339
1781200328	snap	2600	otelcol	otelcol-sb-esrev0-ctr-vnnmt	otelcol_process_cpu_seconds	20
1781200328	snap	2600	otelcol	otelcol-sb-esrev0-ctr-vnnmt	otelcol_exporter_sent_spans	691023
1781200328	snap	2600	otelcol	otelcol-sb-esrev0-ctr-vnnmt	otelcol_process_runtime_total_alloc_bytes	588029064
1781200328	snap	2600	otelcol	otelcol-sb-esrev0-ctr-vnnmt	otelcol_processor_outgoing_items	691023
1781200328	snap	2600	otelcol	otelcol-sb-esrev0-ctr-vnnmt	otelcol_process_runtime_heap_alloc_bytes	55096384
1781200328	snap	2600	otelcol	otelcol-sb-esrev0-ctr-vnnmt	otelcol_exporter_queue_size	0
1781200328	snap	2600	otelcol	otelcol-sb-esrev0-ctr-vnnmt	otelcol_exporter_queue_batch_send_size_sum	691023
1781200328	snap	2600	otelcol	otelcol-sb-esrev0-ctr-vnnmt	otelcol_processor_batch_batch_send_size_sum	691023
1781200328	snap	2600	otelcol	otelcol-sb-esrev0-ctr-vnnmt	otelcol_receiver_failed_spans	0
1781200328	snap	2600	otelcol	otelcol-sb-esrev0-ctr-vnnmt	otelcol_process_memory_rss	224612352
1781200328	snap	2600	otelcol	otelcol-sb-esrev0-ctr-vnnmt	otelcol_exporter_send_failed_spans	0
1781200328	snap	2600	otelcol	otelcol-sb-esrev0-ctr-vnnmt	otelcol_receiver_refused_spans	0
1781200328	snap	2600	otelcol	otelcol-sb-esrev0-ctr-vnnmt	otelcol_receiver_accepted_spans	691023
1781200328	snap	2600	otelcol	otelcol-sb-esrev0-ctr-vnnmt	otelcol_processor_batch_metadata_cardinality	1
1781200328	snap	2600	otelcol	otelcol-sb-esrev0-ctr-vnnmt	otelcol_process_runtime_total_sys_memory_bytes	88869144
1781200328	snap	2600	otelcol	otelcol-sb-esrev0-ctr-vnnmt	otelcol_processor_batch_timeout_trigger_send	1860
1781200328	snap	2600	otelcol	otelcol-sb-esrev0-ctr-vnnmt	otelcol_processor_incoming_items	691023
1781200328	snap	2600	otelcol	otelcol-sb-esrev0-ctr-vnnmt	otelcol_process_uptime	475
1781200328	snap	2600	otelcol	otelcol-sb-esrev0-ctr-vnnmt	otelcol_exporter_queue_capacity	1001
1781200328	snap	2600	otelcol	otelcol-sb-esrev0-ctr-wht6z	otelcol_exporter_queue_size	0
1781200328	snap	2600	otelcol	otelcol-sb-esrev0-ctr-wht6z	otelcol_process_uptime	473
1781200328	snap	2600	otelcol	otelcol-sb-esrev0-ctr-wht6z	otelcol_receiver_accepted_spans	5719056
1781200328	snap	2600	otelcol	otelcol-sb-esrev0-ctr-wht6z	otelcol_process_runtime_heap_alloc_bytes	58208976
1781200328	snap	2600	otelcol	otelcol-sb-esrev0-ctr-wht6z	otelcol_receiver_failed_spans	0
1781200328	snap	2600	otelcol	otelcol-sb-esrev0-ctr-wht6z	otelcol_process_runtime_total_alloc_bytes	4111758544
1781200328	snap	2600	otelcol	otelcol-sb-esrev0-ctr-wht6z	otelcol_process_memory_rss	254078976
1781200328	snap	2600	otelcol	otelcol-sb-esrev0-ctr-wht6z	otelcol_exporter_queue_capacity	1001
1781200328	snap	2600	otelcol	otelcol-sb-esrev0-ctr-wht6z	otelcol_processor_incoming_items	5720608
1781200328	snap	2600	otelcol	otelcol-sb-esrev0-ctr-wht6z	otelcol_processor_batch_metadata_cardinality	1
1781200328	snap	2600	otelcol	otelcol-sb-esrev0-ctr-wht6z	otelcol_process_cpu_seconds	79
1781200328	snap	2600	otelcol	otelcol-sb-esrev0-ctr-wht6z	otelcol_exporter_send_failed_spans	0
1781200328	snap	2600	otelcol	otelcol-sb-esrev0-ctr-wht6z	otelcol_exporter_sent_spans	5719056
1781200328	snap	2600	otelcol	otelcol-sb-esrev0-ctr-wht6z	otelcol_process_runtime_total_sys_memory_bytes	140253480
1781200328	snap	2600	otelcol	otelcol-sb-esrev0-ctr-wht6z	otelcol_receiver_refused_spans	1552
1781200328	snap	2600	otelcol	otelcol-sb-esrev0-ctr-wht6z	otelcol_exporter_queue_batch_send_size_sum	5719056
1781200328	snap	2600	otelcol	otelcol-sb-esrev0-ctr-wht6z	otelcol_processor_batch_timeout_trigger_send	1863
1781200328	snap	2600	otelcol	otelcol-sb-esrev0-ctr-wht6z	otelcol_processor_batch_batch_send_size_sum	5719056
1781200328	snap	2600	otelcol	otelcol-sb-esrev0-ctr-wht6z	otelcol_processor_outgoing_items	5719056
1781200328	snap	2600	k8s	otelcol-sb-esrev0-ctr-2bk4z	restart_count	0
1781200328	snap	2600	k8s	otelcol-sb-esrev0-ctr-gcg4j	restart_count	0
1781200328	snap	2600	k8s	otelcol-sb-esrev0-ctr-glxdm	restart_count	0
1781200328	snap	2600	k8s	otelcol-sb-esrev0-ctr-mrm6k	restart_count	0
1781200328	snap	2600	k8s	otelcol-sb-esrev0-ctr-pr5gq	restart_count	0
1781200328	snap	2600	k8s	otelcol-sb-esrev0-ctr-rbkvt	restart_count	0
1781200328	snap	2600	k8s	otelcol-sb-esrev0-ctr-rdtzq	restart_count	0
1781200328	snap	2600	k8s	otelcol-sb-esrev0-ctr-vnnmt	restart_count	0
1781200328	snap	2600	k8s	otelcol-sb-esrev0-ctr-wht6z	restart_count	0
1781200328	snap	2600	sdk	wrk2api	spans_received	134188
1781200328	snap	2600	sdk	wrk2api	spans_sent	134188
1781200328	snap	2600	sdk	wrk2api	spans_dropped	0
1781200328	snap	2600	sdk	wrk2api	spans_flushed	134188
1781200328	snap	2600	sdk	wrk2api	batches_sent	7253
1781200328	snap	2600	sdk	wrk2api	batches_dropped	0
1781200328	snap	2600	sdk	wrk2api	send_unavailable	0
1781200328	snap	2600	sdk	wrk2api	send_deadline	0
1781200328	snap	2600	sdk	wrk2api	send_exhausted	0
1781200328	snap	2600	sdk	wrk2api	send_canceled	0
1781200328	snap	2600	sdk	wrk2api	send_other	0
1781200328	snap	2600	sdk	wrk2api	buffer_depth	0
0
1781200328	snap	2600	sdk	composepost	spans_received	4470743
1781200328	snap	2600	sdk	composepost	spans_sent	4470276
1781200328	snap	2600	sdk	composepost	spans_dropped	467
1781200328	snap	2600	sdk	composepost	spans_flushed	4470743
1781200328	snap	2600	sdk	composepost	batches_sent	27144
1781200328	snap	2600	sdk	composepost	batches_dropped	2
1781200328	snap	2600	sdk	composepost	send_unavailable	2
1781200328	snap	2600	sdk	composepost	send_deadline	0
1781200328	snap	2600	sdk	composepost	send_exhausted	0
1781200328	snap	2600	sdk	composepost	send_canceled	0
1781200328	snap	2600	sdk	composepost	send_other	0
1781200328	snap	2600	sdk	composepost	buffer_depth	0
0
1781200328	snap	2600	sdk	hometimeline	spans_received	1117670
1781200328	snap	2600	sdk	hometimeline	spans_sent	1116648
1781200328	snap	2600	sdk	hometimeline	spans_dropped	1022
1781200328	snap	2600	sdk	hometimeline	spans_flushed	1117670
1781200328	snap	2600	sdk	hometimeline	batches_sent	6785
1781200328	snap	2600	sdk	hometimeline	batches_dropped	4
1781200328	snap	2600	sdk	hometimeline	send_unavailable	4
1781200328	snap	2600	sdk	hometimeline	send_deadline	0
1781200328	snap	2600	sdk	hometimeline	send_exhausted	0
1781200328	snap	2600	sdk	hometimeline	send_canceled	0
1781200328	snap	2600	sdk	hometimeline	send_other	0
1781200328	snap	2600	sdk	hometimeline	buffer_depth	0
0
1781200328	snap	2600	sdk	media	spans_received	558844
1781200328	snap	2600	sdk	media	spans_sent	558844
1781200328	snap	2600	sdk	media	spans_dropped	0
1781200328	snap	2600	sdk	media	spans_flushed	558844
1781200328	snap	2600	sdk	media	batches_sent	3395
1781200328	snap	2600	sdk	media	batches_dropped	0
1781200328	snap	2600	sdk	media	send_unavailable	0
1781200328	snap	2600	sdk	media	send_deadline	0
1781200328	snap	2600	sdk	media	send_exhausted	0
1781200328	snap	2600	sdk	media	send_canceled	0
1781200328	snap	2600	sdk	media	send_other	0
1781200328	snap	2600	sdk	media	buffer_depth	0
0
1781200328	snap	2600	sdk	post-storage	spans_received	558835
1781200328	snap	2600	sdk	post-storage	spans_sent	558835
1781200328	snap	2600	sdk	post-storage	spans_dropped	0
1781200328	snap	2600	sdk	post-storage	spans_flushed	558835
1781200328	snap	2600	sdk	post-storage	batches_sent	3394
1781200328	snap	2600	sdk	post-storage	batches_dropped	0
1781200328	snap	2600	sdk	post-storage	send_unavailable	0
1781200328	snap	2600	sdk	post-storage	send_deadline	0
1781200328	snap	2600	sdk	post-storage	send_exhausted	0
1781200328	snap	2600	sdk	post-storage	send_canceled	0
1781200328	snap	2600	sdk	post-storage	send_other	0
1781200328	snap	2600	sdk	post-storage	buffer_depth	0
0
1781200328	snap	2600	sdk	socialgraph	spans_received	672669
1781200328	snap	2600	sdk	socialgraph	spans_sent	672669
1781200328	snap	2600	sdk	socialgraph	spans_dropped	0
1781200328	snap	2600	sdk	socialgraph	spans_flushed	672669
1781200328	snap	2600	sdk	socialgraph	batches_sent	3876
1781200328	snap	2600	sdk	socialgraph	batches_dropped	0
1781200328	snap	2600	sdk	socialgraph	send_unavailable	0
1781200328	snap	2600	sdk	socialgraph	send_deadline	0
1781200328	snap	2600	sdk	socialgraph	send_exhausted	0
1781200328	snap	2600	sdk	socialgraph	send_canceled	0
1781200328	snap	2600	sdk	socialgraph	send_other	0
1781200328	snap	2600	sdk	socialgraph	buffer_depth	0
0
1781200328	snap	2600	sdk	text	spans_received	1676550
1781200328	snap	2600	sdk	text	spans_sent	1676550
1781200328	snap	2600	sdk	text	spans_dropped	0
1781200328	snap	2600	sdk	text	spans_flushed	1676550
1781200328	snap	2600	sdk	text	batches_sent	10182
1781200328	snap	2600	sdk	text	batches_dropped	0
1781200328	snap	2600	sdk	text	send_unavailable	0
1781200328	snap	2600	sdk	text	send_deadline	0
1781200328	snap	2600	sdk	text	send_exhausted	0
1781200328	snap	2600	sdk	text	send_canceled	0
1781200328	snap	2600	sdk	text	send_other	0
1781200328	snap	2600	sdk	text	buffer_depth	0
0
1781200328	snap	2600	sdk	uniqueid	spans_received	558844
1781200328	snap	2600	sdk	uniqueid	spans_sent	558844
1781200328	snap	2600	sdk	uniqueid	spans_dropped	0
1781200328	snap	2600	sdk	uniqueid	spans_flushed	558844
1781200328	snap	2600	sdk	uniqueid	batches_sent	3393
1781200328	snap	2600	sdk	uniqueid	batches_dropped	0
1781200328	snap	2600	sdk	uniqueid	send_unavailable	0
1781200328	snap	2600	sdk	uniqueid	send_deadline	0
1781200328	snap	2600	sdk	uniqueid	send_exhausted	0
1781200328	snap	2600	sdk	uniqueid	send_canceled	0
1781200328	snap	2600	sdk	uniqueid	send_other	0
1781200328	snap	2600	sdk	uniqueid	buffer_depth	0
0
1781200328	snap	2600	sdk	urlshorten	spans_received	558844
1781200328	snap	2600	sdk	urlshorten	spans_sent	558844
1781200328	snap	2600	sdk	urlshorten	spans_dropped	0
1781200328	snap	2600	sdk	urlshorten	spans_flushed	558844
1781200328	snap	2600	sdk	urlshorten	batches_sent	3394
1781200328	snap	2600	sdk	urlshorten	batches_dropped	0
1781200328	snap	2600	sdk	urlshorten	send_unavailable	0
1781200328	snap	2600	sdk	urlshorten	send_deadline	0
1781200328	snap	2600	sdk	urlshorten	send_exhausted	0
1781200328	snap	2600	sdk	urlshorten	send_canceled	0
1781200328	snap	2600	sdk	urlshorten	send_other	0
1781200328	snap	2600	sdk	urlshorten	buffer_depth	0
0
1781200328	snap	2600	sdk	user	spans_received	560768
1781200328	snap	2600	sdk	user	spans_sent	560768
1781200328	snap	2600	sdk	user	spans_dropped	0
1781200328	snap	2600	sdk	user	spans_flushed	560768
1781200328	snap	2600	sdk	user	batches_sent	3405
1781200328	snap	2600	sdk	user	batches_dropped	0
1781200328	snap	2600	sdk	user	send_unavailable	0
1781200328	snap	2600	sdk	user	send_deadline	0
1781200328	snap	2600	sdk	user	send_exhausted	0
1781200328	snap	2600	sdk	user	send_canceled	0
1781200328	snap	2600	sdk	user	send_other	0
1781200328	snap	2600	sdk	user	buffer_depth	0
0
1781200328	snap	2600	sdk	userid	spans_received	75248
1781200328	snap	2600	sdk	userid	spans_sent	75248
1781200328	snap	2600	sdk	userid	spans_dropped	0
1781200328	snap	2600	sdk	userid	spans_flushed	75248
1781200328	snap	2600	sdk	userid	batches_sent	245
1781200328	snap	2600	sdk	userid	batches_dropped	0
1781200328	snap	2600	sdk	userid	send_unavailable	0
1781200328	snap	2600	sdk	userid	send_deadline	0
1781200328	snap	2600	sdk	userid	send_exhausted	0
1781200328	snap	2600	sdk	userid	send_canceled	0
1781200328	snap	2600	sdk	userid	send_other	0
1781200328	snap	2600	sdk	userid	buffer_depth	0
0
1781200328	snap	2600	sdk	usermention	spans_received	558844
1781200328	snap	2600	sdk	usermention	spans_sent	558844
1781200328	snap	2600	sdk	usermention	spans_dropped	0
1781200328	snap	2600	sdk	usermention	spans_flushed	558844
1781200328	snap	2600	sdk	usermention	batches_sent	3394
1781200328	snap	2600	sdk	usermention	batches_dropped	0
1781200328	snap	2600	sdk	usermention	send_unavailable	0
1781200328	snap	2600	sdk	usermention	send_deadline	0
1781200328	snap	2600	sdk	usermention	send_exhausted	0
1781200328	snap	2600	sdk	usermention	send_canceled	0
1781200328	snap	2600	sdk	usermention	send_other	0
1781200328	snap	2600	sdk	usermention	buffer_depth	0
0
1781200328	snap	2600	sdk	usertimeline	spans_received	558835
1781200328	snap	2600	sdk	usertimeline	spans_sent	558835
1781200328	snap	2600	sdk	usertimeline	spans_dropped	0
1781200328	snap	2600	sdk	usertimeline	spans_flushed	558835
1781200328	snap	2600	sdk	usertimeline	batches_sent	3393
1781200328	snap	2600	sdk	usertimeline	batches_dropped	0
1781200328	snap	2600	sdk	usertimeline	send_unavailable	0
1781200328	snap	2600	sdk	usertimeline	send_deadline	0
1781200328	snap	2600	sdk	usertimeline	send_exhausted	0
1781200328	snap	2600	sdk	usertimeline	send_canceled	0
1781200328	snap	2600	sdk	usertimeline	send_other	0
1781200328	snap	2600	sdk	usertimeline	buffer_depth	0
0
1781200335	snap	2800	otelcol	otelcol-sb-esrev0-ctr-mrm6k	otelcol_exporter_queue_size	0
1781200335	snap	2800	otelcol	otelcol-sb-esrev0-ctr-mrm6k	otelcol_processor_batch_batch_send_size_sum	692213
1781200335	snap	2800	otelcol	otelcol-sb-esrev0-ctr-mrm6k	otelcol_process_runtime_heap_alloc_bytes	48461744
1781200335	snap	2800	otelcol	otelcol-sb-esrev0-ctr-mrm6k	otelcol_exporter_queue_batch_send_size_sum	692213
1781200335	snap	2800	otelcol	otelcol-sb-esrev0-ctr-mrm6k	otelcol_process_uptime	482
1781200335	snap	2800	otelcol	otelcol-sb-esrev0-ctr-mrm6k	otelcol_processor_outgoing_items	692213
1781200335	snap	2800	otelcol	otelcol-sb-esrev0-ctr-mrm6k	otelcol_process_runtime_total_alloc_bytes	574674512
1781200335	snap	2800	otelcol	otelcol-sb-esrev0-ctr-mrm6k	otelcol_process_memory_rss	227717120
1781200335	snap	2800	otelcol	otelcol-sb-esrev0-ctr-mrm6k	otelcol_process_cpu_seconds	22
1781200335	snap	2800	otelcol	otelcol-sb-esrev0-ctr-mrm6k	otelcol_exporter_send_failed_spans	0
1781200335	snap	2800	otelcol	otelcol-sb-esrev0-ctr-mrm6k	otelcol_receiver_accepted_spans	692213
1781200335	snap	2800	otelcol	otelcol-sb-esrev0-ctr-mrm6k	otelcol_processor_batch_metadata_cardinality	1
1781200335	snap	2800	otelcol	otelcol-sb-esrev0-ctr-mrm6k	otelcol_receiver_refused_spans	0
1781200335	snap	2800	otelcol	otelcol-sb-esrev0-ctr-mrm6k	otelcol_receiver_failed_spans	0
1781200335	snap	2800	otelcol	otelcol-sb-esrev0-ctr-mrm6k	otelcol_processor_batch_timeout_trigger_send	1861
1781200335	snap	2800	otelcol	otelcol-sb-esrev0-ctr-mrm6k	otelcol_process_runtime_total_sys_memory_bytes	89393432
1781200335	snap	2800	otelcol	otelcol-sb-esrev0-ctr-mrm6k	otelcol_exporter_queue_capacity	1001
1781200335	snap	2800	otelcol	otelcol-sb-esrev0-ctr-mrm6k	otelcol_processor_incoming_items	692213
1781200335	snap	2800	otelcol	otelcol-sb-esrev0-ctr-mrm6k	otelcol_exporter_sent_spans	692213
1781200335	snap	2800	otelcol	otelcol-sb-esrev0-ctr-rdtzq	otelcol_process_runtime_total_sys_memory_bytes	88877336
1781200335	snap	2800	otelcol	otelcol-sb-esrev0-ctr-rdtzq	otelcol_process_memory_rss	221548544
1781200335	snap	2800	otelcol	otelcol-sb-esrev0-ctr-rdtzq	otelcol_exporter_queue_capacity	1001
1781200335	snap	2800	otelcol	otelcol-sb-esrev0-ctr-rdtzq	otelcol_process_cpu_seconds	21
1781200335	snap	2800	otelcol	otelcol-sb-esrev0-ctr-rdtzq	otelcol_processor_incoming_items	691404
1781200335	snap	2800	otelcol	otelcol-sb-esrev0-ctr-rdtzq	otelcol_exporter_queue_batch_send_size_sum	691404
1781200335	snap	2800	otelcol	otelcol-sb-esrev0-ctr-rdtzq	otelcol_exporter_send_failed_spans	0
1781200335	snap	2800	otelcol	otelcol-sb-esrev0-ctr-rdtzq	otelcol_receiver_refused_spans	0
1781200335	snap	2800	otelcol	otelcol-sb-esrev0-ctr-rdtzq	otelcol_exporter_sent_spans	691404
1781200335	snap	2800	otelcol	otelcol-sb-esrev0-ctr-rdtzq	otelcol_process_runtime_total_alloc_bytes	593152728
1781200335	snap	2800	otelcol	otelcol-sb-esrev0-ctr-rdtzq	otelcol_process_runtime_heap_alloc_bytes	35069152
1781200335	snap	2800	otelcol	otelcol-sb-esrev0-ctr-rdtzq	otelcol_processor_outgoing_items	691404
1781200335	snap	2800	otelcol	otelcol-sb-esrev0-ctr-rdtzq	otelcol_process_uptime	482
1781200335	snap	2800	otelcol	otelcol-sb-esrev0-ctr-rdtzq	otelcol_receiver_failed_spans	0
1781200335	snap	2800	otelcol	otelcol-sb-esrev0-ctr-rdtzq	otelcol_processor_batch_metadata_cardinality	1
1781200335	snap	2800	otelcol	otelcol-sb-esrev0-ctr-rdtzq	otelcol_receiver_accepted_spans	691404
1781200335	snap	2800	otelcol	otelcol-sb-esrev0-ctr-rdtzq	otelcol_processor_batch_timeout_trigger_send	1860
1781200335	snap	2800	otelcol	otelcol-sb-esrev0-ctr-rdtzq	otelcol_processor_batch_batch_send_size_sum	691404
1781200335	snap	2800	otelcol	otelcol-sb-esrev0-ctr-rdtzq	otelcol_exporter_queue_size	0
1781200335	snap	2800	otelcol	otelcol-sb-esrev0-ctr-glxdm	otelcol_receiver_failed_spans	0
1781200335	snap	2800	otelcol	otelcol-sb-esrev0-ctr-glxdm	otelcol_process_uptime	482
1781200335	snap	2800	otelcol	otelcol-sb-esrev0-ctr-glxdm	otelcol_exporter_queue_capacity	1001
1781200335	snap	2800	otelcol	otelcol-sb-esrev0-ctr-glxdm	otelcol_processor_batch_metadata_cardinality	1
1781200335	snap	2800	otelcol	otelcol-sb-esrev0-ctr-glxdm	otelcol_process_runtime_heap_alloc_bytes	33574888
1781200335	snap	2800	otelcol	otelcol-sb-esrev0-ctr-glxdm	otelcol_exporter_send_failed_spans	0
1781200335	snap	2800	otelcol	otelcol-sb-esrev0-ctr-glxdm	otelcol_processor_incoming_items	1249883
1781200335	snap	2800	otelcol	otelcol-sb-esrev0-ctr-glxdm	otelcol_process_cpu_seconds	29
1781200335	snap	2800	otelcol	otelcol-sb-esrev0-ctr-glxdm	otelcol_exporter_sent_spans	1249883
1781200335	snap	2800	otelcol	otelcol-sb-esrev0-ctr-glxdm	otelcol_receiver_refused_spans	0
1781200335	snap	2800	otelcol	otelcol-sb-esrev0-ctr-glxdm	otelcol_processor_batch_timeout_trigger_send	1857
1781200335	snap	2800	otelcol	otelcol-sb-esrev0-ctr-glxdm	otelcol_processor_batch_batch_send_size_sum	1249883
1781200335	snap	2800	otelcol	otelcol-sb-esrev0-ctr-glxdm	otelcol_process_runtime_total_alloc_bytes	920407704
1781200335	snap	2800	otelcol	otelcol-sb-esrev0-ctr-glxdm	otelcol_process_memory_rss	226484224
1781200335	snap	2800	otelcol	otelcol-sb-esrev0-ctr-glxdm	otelcol_exporter_queue_batch_send_size_sum	1249883
1781200335	snap	2800	otelcol	otelcol-sb-esrev0-ctr-glxdm	otelcol_process_runtime_total_sys_memory_bytes	93149480
1781200335	snap	2800	otelcol	otelcol-sb-esrev0-ctr-glxdm	otelcol_receiver_accepted_spans	1249883
1781200335	snap	2800	otelcol	otelcol-sb-esrev0-ctr-glxdm	otelcol_processor_outgoing_items	1249883
1781200335	snap	2800	otelcol	otelcol-sb-esrev0-ctr-glxdm	otelcol_exporter_queue_size	0
1781200335	snap	2800	otelcol	otelcol-sb-esrev0-ctr-2bk4z	otelcol_processor_batch_batch_send_size_sum	806064
1781200335	snap	2800	otelcol	otelcol-sb-esrev0-ctr-2bk4z	otelcol_process_runtime_heap_alloc_bytes	38705640
1781200335	snap	2800	otelcol	otelcol-sb-esrev0-ctr-2bk4z	otelcol_exporter_queue_size	0
1781200335	snap	2800	otelcol	otelcol-sb-esrev0-ctr-2bk4z	otelcol_process_memory_rss	225583104
1781200335	snap	2800	otelcol	otelcol-sb-esrev0-ctr-2bk4z	otelcol_receiver_failed_spans	0
1781200335	snap	2800	otelcol	otelcol-sb-esrev0-ctr-2bk4z	otelcol_process_runtime_total_alloc_bytes	659604248
1781200335	snap	2800	otelcol	otelcol-sb-esrev0-ctr-2bk4z	otelcol_exporter_send_failed_spans	0
1781200335	snap	2800	otelcol	otelcol-sb-esrev0-ctr-2bk4z	otelcol_receiver_refused_spans	0
1781200335	snap	2800	otelcol	otelcol-sb-esrev0-ctr-2bk4z	otelcol_process_uptime	484
1781200335	snap	2800	otelcol	otelcol-sb-esrev0-ctr-2bk4z	otelcol_processor_incoming_items	806064
1781200335	snap	2800	otelcol	otelcol-sb-esrev0-ctr-2bk4z	otelcol_process_runtime_total_sys_memory_bytes	103033112
1781200335	snap	2800	otelcol	otelcol-sb-esrev0-ctr-2bk4z	otelcol_processor_outgoing_items	806064
1781200335	snap	2800	otelcol	otelcol-sb-esrev0-ctr-2bk4z	otelcol_process_cpu_seconds	21
1781200335	snap	2800	otelcol	otelcol-sb-esrev0-ctr-2bk4z	otelcol_exporter_queue_batch_send_size_sum	806064
1781200335	snap	2800	otelcol	otelcol-sb-esrev0-ctr-2bk4z	otelcol_processor_batch_metadata_cardinality	1
1781200335	snap	2800	otelcol	otelcol-sb-esrev0-ctr-2bk4z	otelcol_processor_batch_timeout_trigger_send	1868
1781200335	snap	2800	otelcol	otelcol-sb-esrev0-ctr-2bk4z	otelcol_receiver_accepted_spans	806064
1781200335	snap	2800	otelcol	otelcol-sb-esrev0-ctr-2bk4z	otelcol_exporter_sent_spans	806064
1781200335	snap	2800	otelcol	otelcol-sb-esrev0-ctr-2bk4z	otelcol_exporter_queue_capacity	1001
1781200335	snap	2800	otelcol	otelcol-sb-esrev0-ctr-gcg4j	otelcol_receiver_failed_spans	0
1781200335	snap	2800	otelcol	otelcol-sb-esrev0-ctr-gcg4j	otelcol_processor_batch_timeout_trigger_send	1849
1781200335	snap	2800	otelcol	otelcol-sb-esrev0-ctr-gcg4j	otelcol_exporter_queue_size	0
1781200335	snap	2800	otelcol	otelcol-sb-esrev0-ctr-gcg4j	otelcol_process_runtime_total_sys_memory_bytes	76335384
1781200335	snap	2800	otelcol	otelcol-sb-esrev0-ctr-gcg4j	otelcol_exporter_queue_batch_send_size_sum	132181
1781200335	snap	2800	otelcol	otelcol-sb-esrev0-ctr-gcg4j	otelcol_receiver_accepted_spans	132181
1781200335	snap	2800	otelcol	otelcol-sb-esrev0-ctr-gcg4j	otelcol_process_runtime_total_alloc_bytes	249996416
1781200335	snap	2800	otelcol	otelcol-sb-esrev0-ctr-gcg4j	otelcol_process_memory_rss	213688320
1781200335	snap	2800	otelcol	otelcol-sb-esrev0-ctr-gcg4j	otelcol_process_cpu_seconds	18
1781200335	snap	2800	otelcol	otelcol-sb-esrev0-ctr-gcg4j	otelcol_exporter_queue_capacity	1001
1781200335	snap	2800	otelcol	otelcol-sb-esrev0-ctr-gcg4j	otelcol_processor_incoming_items	132181
1781200335	snap	2800	otelcol	otelcol-sb-esrev0-ctr-gcg4j	otelcol_exporter_send_failed_spans	0
1781200335	snap	2800	otelcol	otelcol-sb-esrev0-ctr-gcg4j	otelcol_receiver_refused_spans	0
1781200335	snap	2800	otelcol	otelcol-sb-esrev0-ctr-gcg4j	otelcol_processor_outgoing_items	132181
1781200335	snap	2800	otelcol	otelcol-sb-esrev0-ctr-gcg4j	otelcol_processor_batch_metadata_cardinality	1
1781200335	snap	2800	otelcol	otelcol-sb-esrev0-ctr-gcg4j	otelcol_processor_batch_batch_send_size_sum	132181
1781200335	snap	2800	otelcol	otelcol-sb-esrev0-ctr-gcg4j	otelcol_process_uptime	481
1781200335	snap	2800	otelcol	otelcol-sb-esrev0-ctr-gcg4j	otelcol_process_runtime_heap_alloc_bytes	45325736
1781200335	snap	2800	otelcol	otelcol-sb-esrev0-ctr-gcg4j	otelcol_exporter_sent_spans	132181
1781200335	snap	2800	otelcol	otelcol-sb-esrev0-ctr-pr5gq	otelcol_receiver_accepted_spans	2444830
1781200335	snap	2800	otelcol	otelcol-sb-esrev0-ctr-pr5gq	otelcol_receiver_failed_spans	0
1781200335	snap	2800	otelcol	otelcol-sb-esrev0-ctr-pr5gq	otelcol_process_uptime	481
1781200335	snap	2800	otelcol	otelcol-sb-esrev0-ctr-pr5gq	otelcol_exporter_queue_batch_send_size_sum	2444830
1781200335	snap	2800	otelcol	otelcol-sb-esrev0-ctr-pr5gq	otelcol_processor_outgoing_items	2444830
1781200335	snap	2800	otelcol	otelcol-sb-esrev0-ctr-pr5gq	otelcol_process_runtime_total_sys_memory_bytes	106719512
1781200335	snap	2800	otelcol	otelcol-sb-esrev0-ctr-pr5gq	otelcol_process_runtime_heap_alloc_bytes	47535584
1781200335	snap	2800	otelcol	otelcol-sb-esrev0-ctr-pr5gq	otelcol_exporter_queue_capacity	1001
1781200335	snap	2800	otelcol	otelcol-sb-esrev0-ctr-pr5gq	otelcol_process_memory_rss	232038400
1781200335	snap	2800	otelcol	otelcol-sb-esrev0-ctr-pr5gq	otelcol_exporter_queue_size	0
1781200335	snap	2800	otelcol	otelcol-sb-esrev0-ctr-pr5gq	otelcol_exporter_send_failed_spans	0
1781200335	snap	2800	otelcol	otelcol-sb-esrev0-ctr-pr5gq	otelcol_receiver_refused_spans	0
1781200335	snap	2800	otelcol	otelcol-sb-esrev0-ctr-pr5gq	otelcol_process_runtime_total_alloc_bytes	1424668576
1781200335	snap	2800	otelcol	otelcol-sb-esrev0-ctr-pr5gq	otelcol_processor_batch_batch_send_size_sum	2444830
1781200335	snap	2800	otelcol	otelcol-sb-esrev0-ctr-pr5gq	otelcol_process_cpu_seconds	37
1781200335	snap	2800	otelcol	otelcol-sb-esrev0-ctr-pr5gq	otelcol_processor_incoming_items	2444830
1781200335	snap	2800	otelcol	otelcol-sb-esrev0-ctr-pr5gq	otelcol_processor_batch_metadata_cardinality	1
1781200335	snap	2800	otelcol	otelcol-sb-esrev0-ctr-pr5gq	otelcol_processor_batch_timeout_trigger_send	1859
1781200335	snap	2800	otelcol	otelcol-sb-esrev0-ctr-pr5gq	otelcol_exporter_sent_spans	2444830
1781200335	snap	2800	otelcol	otelcol-sb-esrev0-ctr-rbkvt	otelcol_processor_outgoing_items	693339
1781200335	snap	2800	otelcol	otelcol-sb-esrev0-ctr-rbkvt	otelcol_exporter_send_failed_spans	0
1781200335	snap	2800	otelcol	otelcol-sb-esrev0-ctr-rbkvt	otelcol_receiver_refused_spans	0
1781200335	snap	2800	otelcol	otelcol-sb-esrev0-ctr-rbkvt	otelcol_exporter_queue_size	0
1781200335	snap	2800	otelcol	otelcol-sb-esrev0-ctr-rbkvt	otelcol_exporter_queue_batch_send_size_sum	693339
1781200335	snap	2800	otelcol	otelcol-sb-esrev0-ctr-rbkvt	otelcol_process_runtime_total_sys_memory_bytes	85453080
1781200335	snap	2800	otelcol	otelcol-sb-esrev0-ctr-rbkvt	otelcol_receiver_failed_spans	0
1781200335	snap	2800	otelcol	otelcol-sb-esrev0-ctr-rbkvt	otelcol_processor_batch_metadata_cardinality	1
1781200335	snap	2800	otelcol	otelcol-sb-esrev0-ctr-rbkvt	otelcol_processor_batch_timeout_trigger_send	1857
1781200335	snap	2800	otelcol	otelcol-sb-esrev0-ctr-rbkvt	otelcol_processor_batch_batch_send_size_sum	693339
1781200335	snap	2800	otelcol	otelcol-sb-esrev0-ctr-rbkvt	otelcol_receiver_accepted_spans	693339
1781200335	snap	2800	otelcol	otelcol-sb-esrev0-ctr-rbkvt	otelcol_process_cpu_seconds	21
1781200335	snap	2800	otelcol	otelcol-sb-esrev0-ctr-rbkvt	otelcol_process_uptime	481
1781200335	snap	2800	otelcol	otelcol-sb-esrev0-ctr-rbkvt	otelcol_process_runtime_heap_alloc_bytes	45659120
1781200335	snap	2800	otelcol	otelcol-sb-esrev0-ctr-rbkvt	otelcol_process_memory_rss	222289920
1781200335	snap	2800	otelcol	otelcol-sb-esrev0-ctr-rbkvt	otelcol_exporter_sent_spans	693339
1781200335	snap	2800	otelcol	otelcol-sb-esrev0-ctr-rbkvt	otelcol_exporter_queue_capacity	1001
1781200335	snap	2800	otelcol	otelcol-sb-esrev0-ctr-rbkvt	otelcol_process_runtime_total_alloc_bytes	565479016
1781200335	snap	2800	otelcol	otelcol-sb-esrev0-ctr-rbkvt	otelcol_processor_incoming_items	693339
1781200335	snap	2800	otelcol	otelcol-sb-esrev0-ctr-vnnmt	otelcol_process_cpu_seconds	20
1781200335	snap	2800	otelcol	otelcol-sb-esrev0-ctr-vnnmt	otelcol_exporter_sent_spans	691023
1781200335	snap	2800	otelcol	otelcol-sb-esrev0-ctr-vnnmt	otelcol_process_runtime_total_alloc_bytes	588678240
1781200335	snap	2800	otelcol	otelcol-sb-esrev0-ctr-vnnmt	otelcol_processor_outgoing_items	691023
1781200335	snap	2800	otelcol	otelcol-sb-esrev0-ctr-vnnmt	otelcol_process_runtime_heap_alloc_bytes	27417504
1781200335	snap	2800	otelcol	otelcol-sb-esrev0-ctr-vnnmt	otelcol_exporter_queue_size	0
1781200335	snap	2800	otelcol	otelcol-sb-esrev0-ctr-vnnmt	otelcol_exporter_queue_batch_send_size_sum	691023
1781200335	snap	2800	otelcol	otelcol-sb-esrev0-ctr-vnnmt	otelcol_processor_batch_batch_send_size_sum	691023
1781200335	snap	2800	otelcol	otelcol-sb-esrev0-ctr-vnnmt	otelcol_receiver_failed_spans	0
1781200335	snap	2800	otelcol	otelcol-sb-esrev0-ctr-vnnmt	otelcol_process_memory_rss	222748672
1781200335	snap	2800	otelcol	otelcol-sb-esrev0-ctr-vnnmt	otelcol_exporter_send_failed_spans	0
1781200335	snap	2800	otelcol	otelcol-sb-esrev0-ctr-vnnmt	otelcol_receiver_refused_spans	0
1781200335	snap	2800	otelcol	otelcol-sb-esrev0-ctr-vnnmt	otelcol_receiver_accepted_spans	691023
1781200335	snap	2800	otelcol	otelcol-sb-esrev0-ctr-vnnmt	otelcol_processor_batch_metadata_cardinality	1
1781200335	snap	2800	otelcol	otelcol-sb-esrev0-ctr-vnnmt	otelcol_process_runtime_total_sys_memory_bytes	88869144
1781200335	snap	2800	otelcol	otelcol-sb-esrev0-ctr-vnnmt	otelcol_processor_batch_timeout_trigger_send	1860
1781200335	snap	2800	otelcol	otelcol-sb-esrev0-ctr-vnnmt	otelcol_processor_incoming_items	691023
1781200335	snap	2800	otelcol	otelcol-sb-esrev0-ctr-vnnmt	otelcol_process_uptime	482
1781200335	snap	2800	otelcol	otelcol-sb-esrev0-ctr-vnnmt	otelcol_exporter_queue_capacity	1001
1781200335	snap	2800	otelcol	otelcol-sb-esrev0-ctr-wht6z	otelcol_exporter_queue_size	0
1781200335	snap	2800	otelcol	otelcol-sb-esrev0-ctr-wht6z	otelcol_process_uptime	480
1781200335	snap	2800	otelcol	otelcol-sb-esrev0-ctr-wht6z	otelcol_receiver_accepted_spans	5719056
1781200335	snap	2800	otelcol	otelcol-sb-esrev0-ctr-wht6z	otelcol_process_runtime_heap_alloc_bytes	58784792
1781200335	snap	2800	otelcol	otelcol-sb-esrev0-ctr-wht6z	otelcol_receiver_failed_spans	0
1781200335	snap	2800	otelcol	otelcol-sb-esrev0-ctr-wht6z	otelcol_process_runtime_total_alloc_bytes	4112334360
1781200335	snap	2800	otelcol	otelcol-sb-esrev0-ctr-wht6z	otelcol_process_memory_rss	254078976
1781200335	snap	2800	otelcol	otelcol-sb-esrev0-ctr-wht6z	otelcol_exporter_queue_capacity	1001
1781200335	snap	2800	otelcol	otelcol-sb-esrev0-ctr-wht6z	otelcol_processor_incoming_items	5720608
1781200335	snap	2800	otelcol	otelcol-sb-esrev0-ctr-wht6z	otelcol_processor_batch_metadata_cardinality	1
1781200335	snap	2800	otelcol	otelcol-sb-esrev0-ctr-wht6z	otelcol_process_cpu_seconds	79
1781200335	snap	2800	otelcol	otelcol-sb-esrev0-ctr-wht6z	otelcol_exporter_send_failed_spans	0
1781200335	snap	2800	otelcol	otelcol-sb-esrev0-ctr-wht6z	otelcol_exporter_sent_spans	5719056
1781200335	snap	2800	otelcol	otelcol-sb-esrev0-ctr-wht6z	otelcol_process_runtime_total_sys_memory_bytes	140253480
1781200335	snap	2800	otelcol	otelcol-sb-esrev0-ctr-wht6z	otelcol_receiver_refused_spans	1552
1781200335	snap	2800	otelcol	otelcol-sb-esrev0-ctr-wht6z	otelcol_exporter_queue_batch_send_size_sum	5719056
1781200335	snap	2800	otelcol	otelcol-sb-esrev0-ctr-wht6z	otelcol_processor_batch_timeout_trigger_send	1863
1781200335	snap	2800	otelcol	otelcol-sb-esrev0-ctr-wht6z	otelcol_processor_batch_batch_send_size_sum	5719056
1781200335	snap	2800	otelcol	otelcol-sb-esrev0-ctr-wht6z	otelcol_processor_outgoing_items	5719056
1781200335	snap	2800	k8s	otelcol-sb-esrev0-ctr-2bk4z	restart_count	0
1781200335	snap	2800	k8s	otelcol-sb-esrev0-ctr-gcg4j	restart_count	0
1781200335	snap	2800	k8s	otelcol-sb-esrev0-ctr-glxdm	restart_count	0
1781200335	snap	2800	k8s	otelcol-sb-esrev0-ctr-mrm6k	restart_count	0
1781200335	snap	2800	k8s	otelcol-sb-esrev0-ctr-pr5gq	restart_count	0
1781200335	snap	2800	k8s	otelcol-sb-esrev0-ctr-rbkvt	restart_count	0
1781200335	snap	2800	k8s	otelcol-sb-esrev0-ctr-rdtzq	restart_count	0
1781200335	snap	2800	k8s	otelcol-sb-esrev0-ctr-vnnmt	restart_count	0
1781200335	snap	2800	k8s	otelcol-sb-esrev0-ctr-wht6z	restart_count	0
1781200335	snap	2800	sdk	wrk2api	spans_received	134188
1781200335	snap	2800	sdk	wrk2api	spans_sent	134188
1781200335	snap	2800	sdk	wrk2api	spans_dropped	0
1781200335	snap	2800	sdk	wrk2api	spans_flushed	134188
1781200335	snap	2800	sdk	wrk2api	batches_sent	7253
1781200335	snap	2800	sdk	wrk2api	batches_dropped	0
1781200335	snap	2800	sdk	wrk2api	send_unavailable	0
1781200335	snap	2800	sdk	wrk2api	send_deadline	0
1781200335	snap	2800	sdk	wrk2api	send_exhausted	0
1781200335	snap	2800	sdk	wrk2api	send_canceled	0
1781200335	snap	2800	sdk	wrk2api	send_other	0
1781200335	snap	2800	sdk	wrk2api	buffer_depth	0
0
1781200335	snap	2800	sdk	composepost	spans_received	4470743
1781200335	snap	2800	sdk	composepost	spans_sent	4470276
1781200335	snap	2800	sdk	composepost	spans_dropped	467
1781200335	snap	2800	sdk	composepost	spans_flushed	4470743
1781200335	snap	2800	sdk	composepost	batches_sent	27144
1781200335	snap	2800	sdk	composepost	batches_dropped	2
1781200335	snap	2800	sdk	composepost	send_unavailable	2
1781200335	snap	2800	sdk	composepost	send_deadline	0
1781200335	snap	2800	sdk	composepost	send_exhausted	0
1781200335	snap	2800	sdk	composepost	send_canceled	0
1781200335	snap	2800	sdk	composepost	send_other	0
1781200335	snap	2800	sdk	composepost	buffer_depth	0
0
1781200335	snap	2800	sdk	hometimeline	spans_received	1117670
1781200335	snap	2800	sdk	hometimeline	spans_sent	1116648
1781200335	snap	2800	sdk	hometimeline	spans_dropped	1022
1781200335	snap	2800	sdk	hometimeline	spans_flushed	1117670
1781200335	snap	2800	sdk	hometimeline	batches_sent	6785
1781200335	snap	2800	sdk	hometimeline	batches_dropped	4
1781200335	snap	2800	sdk	hometimeline	send_unavailable	4
1781200335	snap	2800	sdk	hometimeline	send_deadline	0
1781200335	snap	2800	sdk	hometimeline	send_exhausted	0
1781200335	snap	2800	sdk	hometimeline	send_canceled	0
1781200335	snap	2800	sdk	hometimeline	send_other	0
1781200335	snap	2800	sdk	hometimeline	buffer_depth	0
0
1781200335	snap	2800	sdk	media	spans_received	558844
1781200335	snap	2800	sdk	media	spans_sent	558844
1781200335	snap	2800	sdk	media	spans_dropped	0
1781200335	snap	2800	sdk	media	spans_flushed	558844
1781200335	snap	2800	sdk	media	batches_sent	3395
1781200335	snap	2800	sdk	media	batches_dropped	0
1781200335	snap	2800	sdk	media	send_unavailable	0
1781200335	snap	2800	sdk	media	send_deadline	0
1781200335	snap	2800	sdk	media	send_exhausted	0
1781200335	snap	2800	sdk	media	send_canceled	0
1781200335	snap	2800	sdk	media	send_other	0
1781200335	snap	2800	sdk	media	buffer_depth	0
0
1781200335	snap	2800	sdk	post-storage	spans_received	558835
1781200335	snap	2800	sdk	post-storage	spans_sent	558835
1781200335	snap	2800	sdk	post-storage	spans_dropped	0
1781200335	snap	2800	sdk	post-storage	spans_flushed	558835
1781200335	snap	2800	sdk	post-storage	batches_sent	3394
1781200335	snap	2800	sdk	post-storage	batches_dropped	0
1781200335	snap	2800	sdk	post-storage	send_unavailable	0
1781200335	snap	2800	sdk	post-storage	send_deadline	0
1781200335	snap	2800	sdk	post-storage	send_exhausted	0
1781200335	snap	2800	sdk	post-storage	send_canceled	0
1781200335	snap	2800	sdk	post-storage	send_other	0
1781200335	snap	2800	sdk	post-storage	buffer_depth	0
0
1781200335	snap	2800	sdk	socialgraph	spans_received	672669
1781200335	snap	2800	sdk	socialgraph	spans_sent	672669
1781200335	snap	2800	sdk	socialgraph	spans_dropped	0
1781200335	snap	2800	sdk	socialgraph	spans_flushed	672669
1781200335	snap	2800	sdk	socialgraph	batches_sent	3876
1781200335	snap	2800	sdk	socialgraph	batches_dropped	0
1781200335	snap	2800	sdk	socialgraph	send_unavailable	0
1781200335	snap	2800	sdk	socialgraph	send_deadline	0
1781200335	snap	2800	sdk	socialgraph	send_exhausted	0
1781200335	snap	2800	sdk	socialgraph	send_canceled	0
1781200335	snap	2800	sdk	socialgraph	send_other	0
1781200335	snap	2800	sdk	socialgraph	buffer_depth	0
0
1781200335	snap	2800	sdk	text	spans_received	1676550
1781200335	snap	2800	sdk	text	spans_sent	1676550
1781200335	snap	2800	sdk	text	spans_dropped	0
1781200335	snap	2800	sdk	text	spans_flushed	1676550
1781200335	snap	2800	sdk	text	batches_sent	10182
1781200335	snap	2800	sdk	text	batches_dropped	0
1781200335	snap	2800	sdk	text	send_unavailable	0
1781200335	snap	2800	sdk	text	send_deadline	0
1781200335	snap	2800	sdk	text	send_exhausted	0
1781200335	snap	2800	sdk	text	send_canceled	0
1781200335	snap	2800	sdk	text	send_other	0
1781200335	snap	2800	sdk	text	buffer_depth	0
0
1781200335	snap	2800	sdk	uniqueid	spans_received	558844
1781200335	snap	2800	sdk	uniqueid	spans_sent	558844
1781200335	snap	2800	sdk	uniqueid	spans_dropped	0
1781200335	snap	2800	sdk	uniqueid	spans_flushed	558844
1781200335	snap	2800	sdk	uniqueid	batches_sent	3393
1781200335	snap	2800	sdk	uniqueid	batches_dropped	0
1781200335	snap	2800	sdk	uniqueid	send_unavailable	0
1781200335	snap	2800	sdk	uniqueid	send_deadline	0
1781200335	snap	2800	sdk	uniqueid	send_exhausted	0
1781200335	snap	2800	sdk	uniqueid	send_canceled	0
1781200335	snap	2800	sdk	uniqueid	send_other	0
1781200335	snap	2800	sdk	uniqueid	buffer_depth	0
0
1781200335	snap	2800	sdk	urlshorten	spans_received	558844
1781200335	snap	2800	sdk	urlshorten	spans_sent	558844
1781200335	snap	2800	sdk	urlshorten	spans_dropped	0
1781200335	snap	2800	sdk	urlshorten	spans_flushed	558844
1781200335	snap	2800	sdk	urlshorten	batches_sent	3394
1781200335	snap	2800	sdk	urlshorten	batches_dropped	0
1781200335	snap	2800	sdk	urlshorten	send_unavailable	0
1781200335	snap	2800	sdk	urlshorten	send_deadline	0
1781200335	snap	2800	sdk	urlshorten	send_exhausted	0
1781200335	snap	2800	sdk	urlshorten	send_canceled	0
1781200335	snap	2800	sdk	urlshorten	send_other	0
1781200335	snap	2800	sdk	urlshorten	buffer_depth	0
0
1781200335	snap	2800	sdk	user	spans_received	560768
1781200335	snap	2800	sdk	user	spans_sent	560768
1781200335	snap	2800	sdk	user	spans_dropped	0
1781200335	snap	2800	sdk	user	spans_flushed	560768
1781200335	snap	2800	sdk	user	batches_sent	3405
1781200335	snap	2800	sdk	user	batches_dropped	0
1781200335	snap	2800	sdk	user	send_unavailable	0
1781200335	snap	2800	sdk	user	send_deadline	0
1781200335	snap	2800	sdk	user	send_exhausted	0
1781200335	snap	2800	sdk	user	send_canceled	0
1781200335	snap	2800	sdk	user	send_other	0
1781200335	snap	2800	sdk	user	buffer_depth	0
0
1781200335	snap	2800	sdk	userid	spans_received	75248
1781200335	snap	2800	sdk	userid	spans_sent	75248
1781200335	snap	2800	sdk	userid	spans_dropped	0
1781200335	snap	2800	sdk	userid	spans_flushed	75248
1781200335	snap	2800	sdk	userid	batches_sent	245
1781200335	snap	2800	sdk	userid	batches_dropped	0
1781200335	snap	2800	sdk	userid	send_unavailable	0
1781200335	snap	2800	sdk	userid	send_deadline	0
1781200335	snap	2800	sdk	userid	send_exhausted	0
1781200335	snap	2800	sdk	userid	send_canceled	0
1781200335	snap	2800	sdk	userid	send_other	0
1781200335	snap	2800	sdk	userid	buffer_depth	0
0
1781200335	snap	2800	sdk	usermention	spans_received	558844
1781200335	snap	2800	sdk	usermention	spans_sent	558844
1781200335	snap	2800	sdk	usermention	spans_dropped	0
1781200335	snap	2800	sdk	usermention	spans_flushed	558844
1781200335	snap	2800	sdk	usermention	batches_sent	3394
1781200335	snap	2800	sdk	usermention	batches_dropped	0
1781200335	snap	2800	sdk	usermention	send_unavailable	0
1781200335	snap	2800	sdk	usermention	send_deadline	0
1781200335	snap	2800	sdk	usermention	send_exhausted	0
1781200335	snap	2800	sdk	usermention	send_canceled	0
1781200335	snap	2800	sdk	usermention	send_other	0
1781200335	snap	2800	sdk	usermention	buffer_depth	0
0
1781200335	snap	2800	sdk	usertimeline	spans_received	558835
1781200335	snap	2800	sdk	usertimeline	spans_sent	558835
1781200335	snap	2800	sdk	usertimeline	spans_dropped	0
1781200335	snap	2800	sdk	usertimeline	spans_flushed	558835
1781200335	snap	2800	sdk	usertimeline	batches_sent	3393
1781200335	snap	2800	sdk	usertimeline	batches_dropped	0
1781200335	snap	2800	sdk	usertimeline	send_unavailable	0
1781200335	snap	2800	sdk	usertimeline	send_deadline	0
1781200335	snap	2800	sdk	usertimeline	send_exhausted	0
1781200335	snap	2800	sdk	usertimeline	send_canceled	0
1781200335	snap	2800	sdk	usertimeline	send_other	0
1781200335	snap	2800	sdk	usertimeline	buffer_depth	0
0
1781200402	snap	2800	otelcol	otelcol-sb-esrev0-ctr-mrm6k	otelcol_exporter_queue_size	8
1781200402	snap	2800	otelcol	otelcol-sb-esrev0-ctr-mrm6k	otelcol_processor_batch_batch_send_size_sum	896961
1781200402	snap	2800	otelcol	otelcol-sb-esrev0-ctr-mrm6k	otelcol_process_runtime_heap_alloc_bytes	32124096
1781200402	snap	2800	otelcol	otelcol-sb-esrev0-ctr-mrm6k	otelcol_exporter_queue_batch_send_size_sum	896961
1781200402	snap	2800	otelcol	otelcol-sb-esrev0-ctr-mrm6k	otelcol_process_uptime	549
1781200402	snap	2800	otelcol	otelcol-sb-esrev0-ctr-mrm6k	otelcol_processor_outgoing_items	896961
1781200402	snap	2800	otelcol	otelcol-sb-esrev0-ctr-mrm6k	otelcol_process_runtime_total_alloc_bytes	719093200
1781200402	snap	2800	otelcol	otelcol-sb-esrev0-ctr-mrm6k	otelcol_process_memory_rss	225910784
1781200402	snap	2800	otelcol	otelcol-sb-esrev0-ctr-mrm6k	otelcol_process_cpu_seconds	26
1781200402	snap	2800	otelcol	otelcol-sb-esrev0-ctr-mrm6k	otelcol_exporter_send_failed_spans	0
1781200402	snap	2800	otelcol	otelcol-sb-esrev0-ctr-mrm6k	otelcol_receiver_accepted_spans	896961
1781200402	snap	2800	otelcol	otelcol-sb-esrev0-ctr-mrm6k	otelcol_processor_batch_metadata_cardinality	1
1781200402	snap	2800	otelcol	otelcol-sb-esrev0-ctr-mrm6k	otelcol_receiver_refused_spans	0
1781200402	snap	2800	otelcol	otelcol-sb-esrev0-ctr-mrm6k	otelcol_receiver_failed_spans	0
1781200402	snap	2800	otelcol	otelcol-sb-esrev0-ctr-mrm6k	otelcol_processor_batch_timeout_trigger_send	2160
1781200402	snap	2800	otelcol	otelcol-sb-esrev0-ctr-mrm6k	otelcol_process_runtime_total_sys_memory_bytes	89393432
1781200402	snap	2800	otelcol	otelcol-sb-esrev0-ctr-mrm6k	otelcol_exporter_queue_capacity	1001
1781200402	snap	2800	otelcol	otelcol-sb-esrev0-ctr-mrm6k	otelcol_processor_incoming_items	896961
1781200402	snap	2800	otelcol	otelcol-sb-esrev0-ctr-mrm6k	otelcol_exporter_sent_spans	891684
1781200402	snap	2800	otelcol	otelcol-sb-esrev0-ctr-rdtzq	otelcol_process_runtime_total_sys_memory_bytes	88885528
1781200402	snap	2800	otelcol	otelcol-sb-esrev0-ctr-rdtzq	otelcol_process_memory_rss	221167616
1781200402	snap	2800	otelcol	otelcol-sb-esrev0-ctr-rdtzq	otelcol_exporter_queue_capacity	1001
1781200402	snap	2800	otelcol	otelcol-sb-esrev0-ctr-rdtzq	otelcol_process_cpu_seconds	25
1781200402	snap	2800	otelcol	otelcol-sb-esrev0-ctr-rdtzq	otelcol_processor_incoming_items	896150
1781200402	snap	2800	otelcol	otelcol-sb-esrev0-ctr-rdtzq	otelcol_exporter_queue_batch_send_size_sum	896150
1781200402	snap	2800	otelcol	otelcol-sb-esrev0-ctr-rdtzq	otelcol_exporter_send_failed_spans	0
1781200402	snap	2800	otelcol	otelcol-sb-esrev0-ctr-rdtzq	otelcol_receiver_refused_spans	0
1781200402	snap	2800	otelcol	otelcol-sb-esrev0-ctr-rdtzq	otelcol_exporter_sent_spans	893207
1781200402	snap	2800	otelcol	otelcol-sb-esrev0-ctr-rdtzq	otelcol_process_runtime_total_alloc_bytes	730551968
1781200402	snap	2800	otelcol	otelcol-sb-esrev0-ctr-rdtzq	otelcol_process_runtime_heap_alloc_bytes	41436336
1781200402	snap	2800	otelcol	otelcol-sb-esrev0-ctr-rdtzq	otelcol_processor_outgoing_items	896150
1781200402	snap	2800	otelcol	otelcol-sb-esrev0-ctr-rdtzq	otelcol_process_uptime	549
1781200402	snap	2800	otelcol	otelcol-sb-esrev0-ctr-rdtzq	otelcol_receiver_failed_spans	0
1781200402	snap	2800	otelcol	otelcol-sb-esrev0-ctr-rdtzq	otelcol_processor_batch_metadata_cardinality	1
1781200402	snap	2800	otelcol	otelcol-sb-esrev0-ctr-rdtzq	otelcol_receiver_accepted_spans	896150
1781200402	snap	2800	otelcol	otelcol-sb-esrev0-ctr-rdtzq	otelcol_processor_batch_timeout_trigger_send	2160
1781200402	snap	2800	otelcol	otelcol-sb-esrev0-ctr-rdtzq	otelcol_processor_batch_batch_send_size_sum	896150
1781200402	snap	2800	otelcol	otelcol-sb-esrev0-ctr-rdtzq	otelcol_exporter_queue_size	5
1781200402	snap	2800	otelcol	otelcol-sb-esrev0-ctr-glxdm	otelcol_receiver_failed_spans	0
1781200402	snap	2800	otelcol	otelcol-sb-esrev0-ctr-glxdm	otelcol_process_uptime	549
1781200402	snap	2800	otelcol	otelcol-sb-esrev0-ctr-glxdm	otelcol_exporter_queue_capacity	1001
1781200402	snap	2800	otelcol	otelcol-sb-esrev0-ctr-glxdm	otelcol_processor_batch_metadata_cardinality	1
1781200402	snap	2800	otelcol	otelcol-sb-esrev0-ctr-glxdm	otelcol_process_runtime_heap_alloc_bytes	36684936
1781200402	snap	2800	otelcol	otelcol-sb-esrev0-ctr-glxdm	otelcol_exporter_send_failed_spans	0
1781200402	snap	2800	otelcol	otelcol-sb-esrev0-ctr-glxdm	otelcol_processor_incoming_items	1622149
1781200402	snap	2800	otelcol	otelcol-sb-esrev0-ctr-glxdm	otelcol_process_cpu_seconds	35
1781200402	snap	2800	otelcol	otelcol-sb-esrev0-ctr-glxdm	otelcol_exporter_sent_spans	1614653
1781200402	snap	2800	otelcol	otelcol-sb-esrev0-ctr-glxdm	otelcol_receiver_refused_spans	0
1781200402	snap	2800	otelcol	otelcol-sb-esrev0-ctr-glxdm	otelcol_processor_batch_timeout_trigger_send	2156
1781200402	snap	2800	otelcol	otelcol-sb-esrev0-ctr-glxdm	otelcol_processor_batch_batch_send_size_sum	1622149
1781200402	snap	2800	otelcol	otelcol-sb-esrev0-ctr-glxdm	otelcol_process_runtime_total_alloc_bytes	1146750672
1781200402	snap	2800	otelcol	otelcol-sb-esrev0-ctr-glxdm	otelcol_process_memory_rss	225935360
1781200402	snap	2800	otelcol	otelcol-sb-esrev0-ctr-glxdm	otelcol_exporter_queue_batch_send_size_sum	1622149
1781200402	snap	2800	otelcol	otelcol-sb-esrev0-ctr-glxdm	otelcol_process_runtime_total_sys_memory_bytes	93411624
1781200402	snap	2800	otelcol	otelcol-sb-esrev0-ctr-glxdm	otelcol_receiver_accepted_spans	1622149
1781200402	snap	2800	otelcol	otelcol-sb-esrev0-ctr-glxdm	otelcol_processor_outgoing_items	1622149
1781200402	snap	2800	otelcol	otelcol-sb-esrev0-ctr-glxdm	otelcol_exporter_queue_size	6
1781200402	snap	2800	otelcol	otelcol-sb-esrev0-ctr-2bk4z	otelcol_processor_batch_batch_send_size_sum	1010810
1781200402	snap	2800	otelcol	otelcol-sb-esrev0-ctr-2bk4z	otelcol_process_runtime_heap_alloc_bytes	36940928
1781200402	snap	2800	otelcol	otelcol-sb-esrev0-ctr-2bk4z	otelcol_exporter_queue_size	9
1781200402	snap	2800	otelcol	otelcol-sb-esrev0-ctr-2bk4z	otelcol_process_memory_rss	224780288
1781200402	snap	2800	otelcol	otelcol-sb-esrev0-ctr-2bk4z	otelcol_receiver_failed_spans	0
1781200402	snap	2800	otelcol	otelcol-sb-esrev0-ctr-2bk4z	otelcol_process_runtime_total_alloc_bytes	791753328
1781200402	snap	2800	otelcol	otelcol-sb-esrev0-ctr-2bk4z	otelcol_exporter_send_failed_spans	0
1781200402	snap	2800	otelcol	otelcol-sb-esrev0-ctr-2bk4z	otelcol_receiver_refused_spans	0
1781200402	snap	2800	otelcol	otelcol-sb-esrev0-ctr-2bk4z	otelcol_process_uptime	551
1781200402	snap	2800	otelcol	otelcol-sb-esrev0-ctr-2bk4z	otelcol_processor_incoming_items	1010810
1781200402	snap	2800	otelcol	otelcol-sb-esrev0-ctr-2bk4z	otelcol_process_runtime_total_sys_memory_bytes	103033112
1781200402	snap	2800	otelcol	otelcol-sb-esrev0-ctr-2bk4z	otelcol_processor_outgoing_items	1010810
1781200402	snap	2800	otelcol	otelcol-sb-esrev0-ctr-2bk4z	otelcol_process_cpu_seconds	25
1781200402	snap	2800	otelcol	otelcol-sb-esrev0-ctr-2bk4z	otelcol_exporter_queue_batch_send_size_sum	1010810
1781200402	snap	2800	otelcol	otelcol-sb-esrev0-ctr-2bk4z	otelcol_processor_batch_metadata_cardinality	1
1781200402	snap	2800	otelcol	otelcol-sb-esrev0-ctr-2bk4z	otelcol_processor_batch_timeout_trigger_send	2168
1781200402	snap	2800	otelcol	otelcol-sb-esrev0-ctr-2bk4z	otelcol_receiver_accepted_spans	1010810
1781200402	snap	2800	otelcol	otelcol-sb-esrev0-ctr-2bk4z	otelcol_exporter_sent_spans	1005398
1781200402	snap	2800	otelcol	otelcol-sb-esrev0-ctr-2bk4z	otelcol_exporter_queue_capacity	1001
1781200402	snap	2800	otelcol	otelcol-sb-esrev0-ctr-gcg4j	otelcol_receiver_failed_spans	0
1781200402	snap	2800	otelcol	otelcol-sb-esrev0-ctr-gcg4j	otelcol_processor_batch_timeout_trigger_send	2148
1781200402	snap	2800	otelcol	otelcol-sb-esrev0-ctr-gcg4j	otelcol_exporter_queue_size	6
1781200402	snap	2800	otelcol	otelcol-sb-esrev0-ctr-gcg4j	otelcol_process_runtime_total_sys_memory_bytes	76335384
1781200402	snap	2800	otelcol	otelcol-sb-esrev0-ctr-gcg4j	otelcol_exporter_queue_batch_send_size_sum	169409
1781200402	snap	2800	otelcol	otelcol-sb-esrev0-ctr-gcg4j	otelcol_receiver_accepted_spans	169409
1781200402	snap	2800	otelcol	otelcol-sb-esrev0-ctr-gcg4j	otelcol_process_runtime_total_alloc_bytes	287541728
1781200402	snap	2800	otelcol	otelcol-sb-esrev0-ctr-gcg4j	otelcol_process_memory_rss	212004864
1781200402	snap	2800	otelcol	otelcol-sb-esrev0-ctr-gcg4j	otelcol_process_cpu_seconds	20
1781200402	snap	2800	otelcol	otelcol-sb-esrev0-ctr-gcg4j	otelcol_exporter_queue_capacity	1001
1781200402	snap	2800	otelcol	otelcol-sb-esrev0-ctr-gcg4j	otelcol_processor_incoming_items	169409
1781200402	snap	2800	otelcol	otelcol-sb-esrev0-ctr-gcg4j	otelcol_exporter_send_failed_spans	0
1781200402	snap	2800	otelcol	otelcol-sb-esrev0-ctr-gcg4j	otelcol_receiver_refused_spans	0
1781200402	snap	2800	otelcol	otelcol-sb-esrev0-ctr-gcg4j	otelcol_processor_outgoing_items	169409
1781200402	snap	2800	otelcol	otelcol-sb-esrev0-ctr-gcg4j	otelcol_processor_batch_metadata_cardinality	1
1781200402	snap	2800	otelcol	otelcol-sb-esrev0-ctr-gcg4j	otelcol_processor_batch_batch_send_size_sum	169409
1781200402	snap	2800	otelcol	otelcol-sb-esrev0-ctr-gcg4j	otelcol_process_uptime	548
1781200402	snap	2800	otelcol	otelcol-sb-esrev0-ctr-gcg4j	otelcol_process_runtime_heap_alloc_bytes	40821624
1781200402	snap	2800	otelcol	otelcol-sb-esrev0-ctr-gcg4j	otelcol_exporter_sent_spans	168719
1781200402	snap	2800	otelcol	otelcol-sb-esrev0-ctr-pr5gq	otelcol_receiver_accepted_spans	3152138
1781200402	snap	2800	otelcol	otelcol-sb-esrev0-ctr-pr5gq	otelcol_receiver_failed_spans	0
1781200402	snap	2800	otelcol	otelcol-sb-esrev0-ctr-pr5gq	otelcol_process_uptime	548
1781200402	snap	2800	otelcol	otelcol-sb-esrev0-ctr-pr5gq	otelcol_exporter_queue_batch_send_size_sum	3152138
1781200402	snap	2800	otelcol	otelcol-sb-esrev0-ctr-pr5gq	otelcol_processor_outgoing_items	3152138
1781200402	snap	2800	otelcol	otelcol-sb-esrev0-ctr-pr5gq	otelcol_process_runtime_total_sys_memory_bytes	106719512
1781200402	snap	2800	otelcol	otelcol-sb-esrev0-ctr-pr5gq	otelcol_process_runtime_heap_alloc_bytes	51470184
1781200402	snap	2800	otelcol	otelcol-sb-esrev0-ctr-pr5gq	otelcol_exporter_queue_capacity	1001
1781200402	snap	2800	otelcol	otelcol-sb-esrev0-ctr-pr5gq	otelcol_process_memory_rss	234160128
1781200402	snap	2800	otelcol	otelcol-sb-esrev0-ctr-pr5gq	otelcol_exporter_queue_size	8
1781200402	snap	2800	otelcol	otelcol-sb-esrev0-ctr-pr5gq	otelcol_exporter_send_failed_spans	0
1781200402	snap	2800	otelcol	otelcol-sb-esrev0-ctr-pr5gq	otelcol_receiver_refused_spans	0
1781200402	snap	2800	otelcol	otelcol-sb-esrev0-ctr-pr5gq	otelcol_process_runtime_total_alloc_bytes	1787037672
1781200402	snap	2800	otelcol	otelcol-sb-esrev0-ctr-pr5gq	otelcol_processor_batch_batch_send_size_sum	3152138
1781200402	snap	2800	otelcol	otelcol-sb-esrev0-ctr-pr5gq	otelcol_process_cpu_seconds	46
1781200402	snap	2800	otelcol	otelcol-sb-esrev0-ctr-pr5gq	otelcol_processor_incoming_items	3152138
1781200402	snap	2800	otelcol	otelcol-sb-esrev0-ctr-pr5gq	otelcol_processor_batch_metadata_cardinality	1
1781200402	snap	2800	otelcol	otelcol-sb-esrev0-ctr-pr5gq	otelcol_processor_batch_timeout_trigger_send	2159
1781200402	snap	2800	otelcol	otelcol-sb-esrev0-ctr-pr5gq	otelcol_exporter_sent_spans	3134921
1781200402	snap	2800	otelcol	otelcol-sb-esrev0-ctr-rbkvt	otelcol_processor_outgoing_items	898085
1781200402	snap	2800	otelcol	otelcol-sb-esrev0-ctr-rbkvt	otelcol_exporter_send_failed_spans	0
1781200402	snap	2800	otelcol	otelcol-sb-esrev0-ctr-rbkvt	otelcol_receiver_refused_spans	0
1781200402	snap	2800	otelcol	otelcol-sb-esrev0-ctr-rbkvt	otelcol_exporter_queue_size	7
1781200402	snap	2800	otelcol	otelcol-sb-esrev0-ctr-rbkvt	otelcol_exporter_queue_batch_send_size_sum	898085
1781200402	snap	2800	otelcol	otelcol-sb-esrev0-ctr-rbkvt	otelcol_process_runtime_total_sys_memory_bytes	85461272
1781200402	snap	2800	otelcol	otelcol-sb-esrev0-ctr-rbkvt	otelcol_receiver_failed_spans	0
1781200402	snap	2800	otelcol	otelcol-sb-esrev0-ctr-rbkvt	otelcol_processor_batch_metadata_cardinality	1
1781200402	snap	2800	otelcol	otelcol-sb-esrev0-ctr-rbkvt	otelcol_processor_batch_timeout_trigger_send	2157
1781200402	snap	2800	otelcol	otelcol-sb-esrev0-ctr-rbkvt	otelcol_processor_batch_batch_send_size_sum	898085
1781200402	snap	2800	otelcol	otelcol-sb-esrev0-ctr-rbkvt	otelcol_receiver_accepted_spans	898085
1781200402	snap	2800	otelcol	otelcol-sb-esrev0-ctr-rbkvt	otelcol_process_cpu_seconds	25
1781200402	snap	2800	otelcol	otelcol-sb-esrev0-ctr-rbkvt	otelcol_process_uptime	549
1781200402	snap	2800	otelcol	otelcol-sb-esrev0-ctr-rbkvt	otelcol_process_runtime_heap_alloc_bytes	49322864
1781200402	snap	2800	otelcol	otelcol-sb-esrev0-ctr-rbkvt	otelcol_process_memory_rss	223031296
1781200402	snap	2800	otelcol	otelcol-sb-esrev0-ctr-rbkvt	otelcol_exporter_sent_spans	893746
1781200402	snap	2800	otelcol	otelcol-sb-esrev0-ctr-rbkvt	otelcol_exporter_queue_capacity	1001
1781200402	snap	2800	otelcol	otelcol-sb-esrev0-ctr-rbkvt	otelcol_process_runtime_total_alloc_bytes	695736304
1781200402	snap	2800	otelcol	otelcol-sb-esrev0-ctr-rbkvt	otelcol_processor_incoming_items	898085
1781200402	snap	2800	otelcol	otelcol-sb-esrev0-ctr-vnnmt	otelcol_process_cpu_seconds	24
1781200402	snap	2800	otelcol	otelcol-sb-esrev0-ctr-vnnmt	otelcol_exporter_sent_spans	889633
1781200402	snap	2800	otelcol	otelcol-sb-esrev0-ctr-vnnmt	otelcol_process_runtime_total_alloc_bytes	730888704
1781200402	snap	2800	otelcol	otelcol-sb-esrev0-ctr-vnnmt	otelcol_processor_outgoing_items	895769
1781200402	snap	2800	otelcol	otelcol-sb-esrev0-ctr-vnnmt	otelcol_process_runtime_heap_alloc_bytes	39889568
1781200402	snap	2800	otelcol	otelcol-sb-esrev0-ctr-vnnmt	otelcol_exporter_queue_size	10
1781200402	snap	2800	otelcol	otelcol-sb-esrev0-ctr-vnnmt	otelcol_exporter_queue_batch_send_size_sum	895769
1781200402	snap	2800	otelcol	otelcol-sb-esrev0-ctr-vnnmt	otelcol_processor_batch_batch_send_size_sum	895769
1781200402	snap	2800	otelcol	otelcol-sb-esrev0-ctr-vnnmt	otelcol_receiver_failed_spans	0
1781200402	snap	2800	otelcol	otelcol-sb-esrev0-ctr-vnnmt	otelcol_process_memory_rss	226746368
1781200402	snap	2800	otelcol	otelcol-sb-esrev0-ctr-vnnmt	otelcol_exporter_send_failed_spans	0
1781200402	snap	2800	otelcol	otelcol-sb-esrev0-ctr-vnnmt	otelcol_receiver_refused_spans	0
1781200402	snap	2800	otelcol	otelcol-sb-esrev0-ctr-vnnmt	otelcol_receiver_accepted_spans	895769
1781200402	snap	2800	otelcol	otelcol-sb-esrev0-ctr-vnnmt	otelcol_processor_batch_metadata_cardinality	1
1781200402	snap	2800	otelcol	otelcol-sb-esrev0-ctr-vnnmt	otelcol_process_runtime_total_sys_memory_bytes	88869144
1781200402	snap	2800	otelcol	otelcol-sb-esrev0-ctr-vnnmt	otelcol_processor_batch_timeout_trigger_send	2160
1781200402	snap	2800	otelcol	otelcol-sb-esrev0-ctr-vnnmt	otelcol_processor_incoming_items	895769
1781200402	snap	2800	otelcol	otelcol-sb-esrev0-ctr-vnnmt	otelcol_process_uptime	549
1781200402	snap	2800	otelcol	otelcol-sb-esrev0-ctr-vnnmt	otelcol_exporter_queue_capacity	1001
1781200402	snap	2800	otelcol	otelcol-sb-esrev0-ctr-wht6z	otelcol_exporter_queue_size	8
1781200402	snap	2800	otelcol	otelcol-sb-esrev0-ctr-wht6z	otelcol_process_uptime	548
1781200402	snap	2800	otelcol	otelcol-sb-esrev0-ctr-wht6z	otelcol_receiver_accepted_spans	7430156
1781200402	snap	2800	otelcol	otelcol-sb-esrev0-ctr-wht6z	otelcol_process_runtime_heap_alloc_bytes	55850968
1781200402	snap	2800	otelcol	otelcol-sb-esrev0-ctr-wht6z	otelcol_receiver_failed_spans	0
1781200402	snap	2800	otelcol	otelcol-sb-esrev0-ctr-wht6z	otelcol_process_runtime_total_alloc_bytes	5271005512
1781200402	snap	2800	otelcol	otelcol-sb-esrev0-ctr-wht6z	otelcol_process_memory_rss	256737280
1781200402	snap	2800	otelcol	otelcol-sb-esrev0-ctr-wht6z	otelcol_exporter_queue_capacity	1001
1781200402	snap	2800	otelcol	otelcol-sb-esrev0-ctr-wht6z	otelcol_processor_incoming_items	7433034
1781200402	snap	2800	otelcol	otelcol-sb-esrev0-ctr-wht6z	otelcol_processor_batch_metadata_cardinality	1
1781200402	snap	2800	otelcol	otelcol-sb-esrev0-ctr-wht6z	otelcol_process_cpu_seconds	100
1781200402	snap	2800	otelcol	otelcol-sb-esrev0-ctr-wht6z	otelcol_exporter_send_failed_spans	0
1781200402	snap	2800	otelcol	otelcol-sb-esrev0-ctr-wht6z	otelcol_exporter_sent_spans	7386125
1781200402	snap	2800	otelcol	otelcol-sb-esrev0-ctr-wht6z	otelcol_process_runtime_total_sys_memory_bytes	140286248
1781200402	snap	2800	otelcol	otelcol-sb-esrev0-ctr-wht6z	otelcol_receiver_refused_spans	2878
1781200402	snap	2800	otelcol	otelcol-sb-esrev0-ctr-wht6z	otelcol_exporter_queue_batch_send_size_sum	7430156
1781200402	snap	2800	otelcol	otelcol-sb-esrev0-ctr-wht6z	otelcol_processor_batch_timeout_trigger_send	2161
1781200402	snap	2800	otelcol	otelcol-sb-esrev0-ctr-wht6z	otelcol_processor_batch_batch_size_trigger_send	1
1781200402	snap	2800	otelcol	otelcol-sb-esrev0-ctr-wht6z	otelcol_processor_batch_batch_send_size_sum	7430156
1781200402	snap	2800	otelcol	otelcol-sb-esrev0-ctr-wht6z	otelcol_processor_outgoing_items	7430156
1781200402	snap	2800	k8s	otelcol-sb-esrev0-ctr-2bk4z	restart_count	0
1781200402	snap	2800	k8s	otelcol-sb-esrev0-ctr-gcg4j	restart_count	0
1781200402	snap	2800	k8s	otelcol-sb-esrev0-ctr-glxdm	restart_count	0
1781200402	snap	2800	k8s	otelcol-sb-esrev0-ctr-mrm6k	restart_count	0
1781200402	snap	2800	k8s	otelcol-sb-esrev0-ctr-pr5gq	restart_count	0
1781200402	snap	2800	k8s	otelcol-sb-esrev0-ctr-rbkvt	restart_count	0
1781200402	snap	2800	k8s	otelcol-sb-esrev0-ctr-rdtzq	restart_count	0
1781200402	snap	2800	k8s	otelcol-sb-esrev0-ctr-vnnmt	restart_count	0
1781200402	snap	2800	k8s	otelcol-sb-esrev0-ctr-wht6z	restart_count	0
1781200402	snap	2800	sdk	wrk2api	spans_received	171416
1781200402	snap	2800	sdk	wrk2api	spans_sent	171416
1781200402	snap	2800	sdk	wrk2api	spans_dropped	0
1781200402	snap	2800	sdk	wrk2api	spans_flushed	171416
1781200402	snap	2800	sdk	wrk2api	batches_sent	8455
1781200402	snap	2800	sdk	wrk2api	batches_dropped	0
1781200402	snap	2800	sdk	wrk2api	send_unavailable	0
1781200402	snap	2800	sdk	wrk2api	send_deadline	0
1781200402	snap	2800	sdk	wrk2api	send_exhausted	0
1781200402	snap	2800	sdk	wrk2api	send_canceled	0
1781200402	snap	2800	sdk	wrk2api	send_other	0
1781200402	snap	2800	sdk	wrk2api	buffer_depth	0
0
1781200402	snap	2800	sdk	composepost	spans_received	5810903
1781200402	snap	2800	sdk	composepost	spans_sent	5810210
1781200402	snap	2800	sdk	composepost	spans_dropped	693
1781200402	snap	2800	sdk	composepost	spans_flushed	5810903
1781200402	snap	2800	sdk	composepost	batches_sent	31943
1781200402	snap	2800	sdk	composepost	batches_dropped	3
1781200402	snap	2800	sdk	composepost	send_unavailable	3
1781200402	snap	2800	sdk	composepost	send_deadline	0
1781200402	snap	2800	sdk	composepost	send_exhausted	0
1781200402	snap	2800	sdk	composepost	send_canceled	0
1781200402	snap	2800	sdk	composepost	send_other	0
1781200402	snap	2800	sdk	composepost	buffer_depth	0
0
1781200402	snap	2800	sdk	hometimeline	spans_received	1452710
1781200402	snap	2800	sdk	hometimeline	spans_sent	1450657
1781200402	snap	2800	sdk	hometimeline	spans_dropped	2053
1781200402	snap	2800	sdk	hometimeline	spans_flushed	1452710
1781200402	snap	2800	sdk	hometimeline	batches_sent	7983
1781200402	snap	2800	sdk	hometimeline	batches_dropped	8
1781200402	snap	2800	sdk	hometimeline	send_unavailable	8
1781200402	snap	2800	sdk	hometimeline	send_deadline	0
1781200402	snap	2800	sdk	hometimeline	send_exhausted	0
1781200402	snap	2800	sdk	hometimeline	send_canceled	0
1781200402	snap	2800	sdk	hometimeline	send_other	0
1781200402	snap	2800	sdk	hometimeline	buffer_depth	0
0
1781200402	snap	2800	sdk	media	spans_received	726364
1781200402	snap	2800	sdk	media	spans_sent	726364
1781200402	snap	2800	sdk	media	spans_dropped	0
1781200402	snap	2800	sdk	media	spans_flushed	726364
1781200402	snap	2800	sdk	media	batches_sent	3996
1781200402	snap	2800	sdk	media	batches_dropped	0
1781200402	snap	2800	sdk	media	send_unavailable	0
1781200402	snap	2800	sdk	media	send_deadline	0
1781200402	snap	2800	sdk	media	send_exhausted	0
1781200402	snap	2800	sdk	media	send_canceled	0
1781200402	snap	2800	sdk	media	send_other	0
1781200402	snap	2800	sdk	media	buffer_depth	0
0
1781200402	snap	2800	sdk	post-storage	spans_received	726355
1781200402	snap	2800	sdk	post-storage	spans_sent	726355
1781200402	snap	2800	sdk	post-storage	spans_dropped	0
1781200402	snap	2800	sdk	post-storage	spans_flushed	726355
1781200402	snap	2800	sdk	post-storage	batches_sent	3994
1781200402	snap	2800	sdk	post-storage	batches_dropped	0
1781200402	snap	2800	sdk	post-storage	send_unavailable	0
1781200402	snap	2800	sdk	post-storage	send_deadline	0
1781200402	snap	2800	sdk	post-storage	send_exhausted	0
1781200402	snap	2800	sdk	post-storage	send_canceled	0
1781200402	snap	2800	sdk	post-storage	send_other	0
1781200402	snap	2800	sdk	post-storage	buffer_depth	0
0
1781200402	snap	2800	sdk	socialgraph	spans_received	840189
1781200402	snap	2800	sdk	socialgraph	spans_sent	840189
1781200402	snap	2800	sdk	socialgraph	spans_dropped	0
1781200402	snap	2800	sdk	socialgraph	spans_flushed	840189
1781200402	snap	2800	sdk	socialgraph	batches_sent	4476
1781200402	snap	2800	sdk	socialgraph	batches_dropped	0
1781200402	snap	2800	sdk	socialgraph	send_unavailable	0
1781200402	snap	2800	sdk	socialgraph	send_deadline	0
1781200402	snap	2800	sdk	socialgraph	send_exhausted	0
1781200402	snap	2800	sdk	socialgraph	send_canceled	0
1781200402	snap	2800	sdk	socialgraph	send_other	0
1781200402	snap	2800	sdk	socialgraph	buffer_depth	0
0
1781200402	snap	2800	sdk	text	spans_received	2179110
1781200402	snap	2800	sdk	text	spans_sent	2179110
1781200402	snap	2800	sdk	text	spans_dropped	0
1781200402	snap	2800	sdk	text	spans_flushed	2179110
1781200402	snap	2800	sdk	text	batches_sent	11982
1781200402	snap	2800	sdk	text	batches_dropped	0
1781200402	snap	2800	sdk	text	send_unavailable	0
1781200402	snap	2800	sdk	text	send_deadline	0
1781200402	snap	2800	sdk	text	send_exhausted	0
1781200402	snap	2800	sdk	text	send_canceled	0
1781200402	snap	2800	sdk	text	send_other	0
1781200402	snap	2800	sdk	text	buffer_depth	0
0
1781200402	snap	2800	sdk	uniqueid	spans_received	726364
1781200402	snap	2800	sdk	uniqueid	spans_sent	726364
1781200402	snap	2800	sdk	uniqueid	spans_dropped	0
1781200402	snap	2800	sdk	uniqueid	spans_flushed	726364
1781200402	snap	2800	sdk	uniqueid	batches_sent	3993
1781200402	snap	2800	sdk	uniqueid	batches_dropped	0
1781200402	snap	2800	sdk	uniqueid	send_unavailable	0
1781200402	snap	2800	sdk	uniqueid	send_deadline	0
1781200402	snap	2800	sdk	uniqueid	send_exhausted	0
1781200402	snap	2800	sdk	uniqueid	send_canceled	0
1781200402	snap	2800	sdk	uniqueid	send_other	0
1781200402	snap	2800	sdk	uniqueid	buffer_depth	0
0
1781200402	snap	2800	sdk	urlshorten	spans_received	726364
1781200402	snap	2800	sdk	urlshorten	spans_sent	726364
1781200402	snap	2800	sdk	urlshorten	spans_dropped	0
1781200402	snap	2800	sdk	urlshorten	spans_flushed	726364
1781200402	snap	2800	sdk	urlshorten	batches_sent	3995
1781200402	snap	2800	sdk	urlshorten	batches_dropped	0
1781200402	snap	2800	sdk	urlshorten	send_unavailable	0
1781200402	snap	2800	sdk	urlshorten	send_deadline	0
1781200402	snap	2800	sdk	urlshorten	send_exhausted	0
1781200402	snap	2800	sdk	urlshorten	send_canceled	0
1781200402	snap	2800	sdk	urlshorten	send_other	0
1781200402	snap	2800	sdk	urlshorten	buffer_depth	0
0
1781200402	snap	2800	sdk	user	spans_received	728288
1781200402	snap	2800	sdk	user	spans_sent	728288
1781200402	snap	2800	sdk	user	spans_dropped	0
1781200402	snap	2800	sdk	user	spans_flushed	728288
1781200402	snap	2800	sdk	user	batches_sent	4005
1781200402	snap	2800	sdk	user	batches_dropped	0
1781200402	snap	2800	sdk	user	send_unavailable	0
1781200402	snap	2800	sdk	user	send_deadline	0
1781200402	snap	2800	sdk	user	send_exhausted	0
1781200402	snap	2800	sdk	user	send_canceled	0
1781200402	snap	2800	sdk	user	send_other	0
1781200402	snap	2800	sdk	user	buffer_depth	0
0
1781200402	snap	2800	sdk	userid	spans_received	75248
1781200402	snap	2800	sdk	userid	spans_sent	75248
1781200402	snap	2800	sdk	userid	spans_dropped	0
1781200402	snap	2800	sdk	userid	spans_flushed	75248
1781200402	snap	2800	sdk	userid	batches_sent	245
1781200402	snap	2800	sdk	userid	batches_dropped	0
1781200402	snap	2800	sdk	userid	send_unavailable	0
1781200402	snap	2800	sdk	userid	send_deadline	0
1781200402	snap	2800	sdk	userid	send_exhausted	0
1781200402	snap	2800	sdk	userid	send_canceled	0
1781200402	snap	2800	sdk	userid	send_other	0
1781200402	snap	2800	sdk	userid	buffer_depth	0
0
1781200402	snap	2800	sdk	usermention	spans_received	726364
1781200402	snap	2800	sdk	usermention	spans_sent	726364
1781200402	snap	2800	sdk	usermention	spans_dropped	0
1781200402	snap	2800	sdk	usermention	spans_flushed	726364
1781200402	snap	2800	sdk	usermention	batches_sent	3994
1781200402	snap	2800	sdk	usermention	batches_dropped	0
1781200402	snap	2800	sdk	usermention	send_unavailable	0
1781200402	snap	2800	sdk	usermention	send_deadline	0
1781200402	snap	2800	sdk	usermention	send_exhausted	0
1781200402	snap	2800	sdk	usermention	send_canceled	0
1781200402	snap	2800	sdk	usermention	send_other	0
1781200402	snap	2800	sdk	usermention	buffer_depth	0
0
1781200402	snap	2800	sdk	usertimeline	spans_received	726355
1781200402	snap	2800	sdk	usertimeline	spans_sent	726355
1781200402	snap	2800	sdk	usertimeline	spans_dropped	0
1781200402	snap	2800	sdk	usertimeline	spans_flushed	726355
1781200402	snap	2800	sdk	usertimeline	batches_sent	3993
1781200402	snap	2800	sdk	usertimeline	batches_dropped	0
1781200402	snap	2800	sdk	usertimeline	send_unavailable	0
1781200402	snap	2800	sdk	usertimeline	send_deadline	0
1781200402	snap	2800	sdk	usertimeline	send_exhausted	0
1781200402	snap	2800	sdk	usertimeline	send_canceled	0
1781200402	snap	2800	sdk	usertimeline	send_other	0
1781200402	snap	2800	sdk	usertimeline	buffer_depth	0
0
1781200409	snap	3000	otelcol	otelcol-sb-esrev0-ctr-mrm6k	otelcol_exporter_queue_size	0
1781200409	snap	3000	otelcol	otelcol-sb-esrev0-ctr-mrm6k	otelcol_processor_batch_batch_send_size_sum	896961
1781200409	snap	3000	otelcol	otelcol-sb-esrev0-ctr-mrm6k	otelcol_process_runtime_heap_alloc_bytes	33222552
1781200409	snap	3000	otelcol	otelcol-sb-esrev0-ctr-mrm6k	otelcol_exporter_queue_batch_send_size_sum	896961
1781200409	snap	3000	otelcol	otelcol-sb-esrev0-ctr-mrm6k	otelcol_process_uptime	556
1781200409	snap	3000	otelcol	otelcol-sb-esrev0-ctr-mrm6k	otelcol_processor_outgoing_items	896961
1781200409	snap	3000	otelcol	otelcol-sb-esrev0-ctr-mrm6k	otelcol_process_runtime_total_alloc_bytes	720191656
1781200409	snap	3000	otelcol	otelcol-sb-esrev0-ctr-mrm6k	otelcol_process_memory_rss	225910784
1781200409	snap	3000	otelcol	otelcol-sb-esrev0-ctr-mrm6k	otelcol_process_cpu_seconds	26
1781200409	snap	3000	otelcol	otelcol-sb-esrev0-ctr-mrm6k	otelcol_exporter_send_failed_spans	0
1781200409	snap	3000	otelcol	otelcol-sb-esrev0-ctr-mrm6k	otelcol_receiver_accepted_spans	896961
1781200409	snap	3000	otelcol	otelcol-sb-esrev0-ctr-mrm6k	otelcol_processor_batch_metadata_cardinality	1
1781200409	snap	3000	otelcol	otelcol-sb-esrev0-ctr-mrm6k	otelcol_receiver_refused_spans	0
1781200409	snap	3000	otelcol	otelcol-sb-esrev0-ctr-mrm6k	otelcol_receiver_failed_spans	0
1781200409	snap	3000	otelcol	otelcol-sb-esrev0-ctr-mrm6k	otelcol_processor_batch_timeout_trigger_send	2160
1781200409	snap	3000	otelcol	otelcol-sb-esrev0-ctr-mrm6k	otelcol_process_runtime_total_sys_memory_bytes	89393432
1781200409	snap	3000	otelcol	otelcol-sb-esrev0-ctr-mrm6k	otelcol_exporter_queue_capacity	1001
1781200409	snap	3000	otelcol	otelcol-sb-esrev0-ctr-mrm6k	otelcol_processor_incoming_items	896961
1781200409	snap	3000	otelcol	otelcol-sb-esrev0-ctr-mrm6k	otelcol_exporter_sent_spans	896961
1781200409	snap	3000	otelcol	otelcol-sb-esrev0-ctr-rdtzq	otelcol_process_runtime_total_sys_memory_bytes	88885528
1781200409	snap	3000	otelcol	otelcol-sb-esrev0-ctr-rdtzq	otelcol_process_memory_rss	221167616
1781200409	snap	3000	otelcol	otelcol-sb-esrev0-ctr-rdtzq	otelcol_exporter_queue_capacity	1001
1781200409	snap	3000	otelcol	otelcol-sb-esrev0-ctr-rdtzq	otelcol_process_cpu_seconds	25
1781200409	snap	3000	otelcol	otelcol-sb-esrev0-ctr-rdtzq	otelcol_processor_incoming_items	896150
1781200409	snap	3000	otelcol	otelcol-sb-esrev0-ctr-rdtzq	otelcol_exporter_queue_batch_send_size_sum	896150
1781200409	snap	3000	otelcol	otelcol-sb-esrev0-ctr-rdtzq	otelcol_exporter_send_failed_spans	0
1781200409	snap	3000	otelcol	otelcol-sb-esrev0-ctr-rdtzq	otelcol_receiver_refused_spans	0
1781200409	snap	3000	otelcol	otelcol-sb-esrev0-ctr-rdtzq	otelcol_exporter_sent_spans	896150
1781200409	snap	3000	otelcol	otelcol-sb-esrev0-ctr-rdtzq	otelcol_process_runtime_total_alloc_bytes	731404248
1781200409	snap	3000	otelcol	otelcol-sb-esrev0-ctr-rdtzq	otelcol_process_runtime_heap_alloc_bytes	42288616
1781200409	snap	3000	otelcol	otelcol-sb-esrev0-ctr-rdtzq	otelcol_processor_outgoing_items	896150
1781200409	snap	3000	otelcol	otelcol-sb-esrev0-ctr-rdtzq	otelcol_process_uptime	556
1781200409	snap	3000	otelcol	otelcol-sb-esrev0-ctr-rdtzq	otelcol_receiver_failed_spans	0
1781200409	snap	3000	otelcol	otelcol-sb-esrev0-ctr-rdtzq	otelcol_processor_batch_metadata_cardinality	1
1781200409	snap	3000	otelcol	otelcol-sb-esrev0-ctr-rdtzq	otelcol_receiver_accepted_spans	896150
1781200409	snap	3000	otelcol	otelcol-sb-esrev0-ctr-rdtzq	otelcol_processor_batch_timeout_trigger_send	2160
1781200409	snap	3000	otelcol	otelcol-sb-esrev0-ctr-rdtzq	otelcol_processor_batch_batch_send_size_sum	896150
1781200409	snap	3000	otelcol	otelcol-sb-esrev0-ctr-rdtzq	otelcol_exporter_queue_size	0
1781200409	snap	3000	otelcol	otelcol-sb-esrev0-ctr-glxdm	otelcol_receiver_failed_spans	0
1781200409	snap	3000	otelcol	otelcol-sb-esrev0-ctr-glxdm	otelcol_process_uptime	556
1781200409	snap	3000	otelcol	otelcol-sb-esrev0-ctr-glxdm	otelcol_exporter_queue_capacity	1001
1781200409	snap	3000	otelcol	otelcol-sb-esrev0-ctr-glxdm	otelcol_processor_batch_metadata_cardinality	1
1781200409	snap	3000	otelcol	otelcol-sb-esrev0-ctr-glxdm	otelcol_process_runtime_heap_alloc_bytes	37858600
1781200409	snap	3000	otelcol	otelcol-sb-esrev0-ctr-glxdm	otelcol_exporter_send_failed_spans	0
1781200409	snap	3000	otelcol	otelcol-sb-esrev0-ctr-glxdm	otelcol_processor_incoming_items	1622149
1781200409	snap	3000	otelcol	otelcol-sb-esrev0-ctr-glxdm	otelcol_process_cpu_seconds	35
1781200409	snap	3000	otelcol	otelcol-sb-esrev0-ctr-glxdm	otelcol_exporter_sent_spans	1622149
1781200409	snap	3000	otelcol	otelcol-sb-esrev0-ctr-glxdm	otelcol_receiver_refused_spans	0
1781200409	snap	3000	otelcol	otelcol-sb-esrev0-ctr-glxdm	otelcol_processor_batch_timeout_trigger_send	2156
1781200409	snap	3000	otelcol	otelcol-sb-esrev0-ctr-glxdm	otelcol_processor_batch_batch_send_size_sum	1622149
1781200409	snap	3000	otelcol	otelcol-sb-esrev0-ctr-glxdm	otelcol_process_runtime_total_alloc_bytes	1147924336
1781200409	snap	3000	otelcol	otelcol-sb-esrev0-ctr-glxdm	otelcol_process_memory_rss	225935360
1781200409	snap	3000	otelcol	otelcol-sb-esrev0-ctr-glxdm	otelcol_exporter_queue_batch_send_size_sum	1622149
1781200409	snap	3000	otelcol	otelcol-sb-esrev0-ctr-glxdm	otelcol_process_runtime_total_sys_memory_bytes	93411624
1781200409	snap	3000	otelcol	otelcol-sb-esrev0-ctr-glxdm	otelcol_receiver_accepted_spans	1622149
1781200409	snap	3000	otelcol	otelcol-sb-esrev0-ctr-glxdm	otelcol_processor_outgoing_items	1622149
1781200409	snap	3000	otelcol	otelcol-sb-esrev0-ctr-glxdm	otelcol_exporter_queue_size	0
1781200409	snap	3000	otelcol	otelcol-sb-esrev0-ctr-2bk4z	otelcol_processor_batch_batch_send_size_sum	1010810
1781200409	snap	3000	otelcol	otelcol-sb-esrev0-ctr-2bk4z	otelcol_process_runtime_heap_alloc_bytes	38023264
1781200409	snap	3000	otelcol	otelcol-sb-esrev0-ctr-2bk4z	otelcol_exporter_queue_size	0
1781200409	snap	3000	otelcol	otelcol-sb-esrev0-ctr-2bk4z	otelcol_process_memory_rss	224780288
1781200409	snap	3000	otelcol	otelcol-sb-esrev0-ctr-2bk4z	otelcol_receiver_failed_spans	0
1781200409	snap	3000	otelcol	otelcol-sb-esrev0-ctr-2bk4z	otelcol_process_runtime_total_alloc_bytes	792835664
1781200409	snap	3000	otelcol	otelcol-sb-esrev0-ctr-2bk4z	otelcol_exporter_send_failed_spans	0
1781200409	snap	3000	otelcol	otelcol-sb-esrev0-ctr-2bk4z	otelcol_receiver_refused_spans	0
1781200409	snap	3000	otelcol	otelcol-sb-esrev0-ctr-2bk4z	otelcol_process_uptime	558
1781200409	snap	3000	otelcol	otelcol-sb-esrev0-ctr-2bk4z	otelcol_processor_incoming_items	1010810
1781200409	snap	3000	otelcol	otelcol-sb-esrev0-ctr-2bk4z	otelcol_process_runtime_total_sys_memory_bytes	103033112
1781200409	snap	3000	otelcol	otelcol-sb-esrev0-ctr-2bk4z	otelcol_processor_outgoing_items	1010810
1781200409	snap	3000	otelcol	otelcol-sb-esrev0-ctr-2bk4z	otelcol_process_cpu_seconds	25
1781200409	snap	3000	otelcol	otelcol-sb-esrev0-ctr-2bk4z	otelcol_exporter_queue_batch_send_size_sum	1010810
1781200409	snap	3000	otelcol	otelcol-sb-esrev0-ctr-2bk4z	otelcol_processor_batch_metadata_cardinality	1
1781200409	snap	3000	otelcol	otelcol-sb-esrev0-ctr-2bk4z	otelcol_processor_batch_timeout_trigger_send	2168
1781200409	snap	3000	otelcol	otelcol-sb-esrev0-ctr-2bk4z	otelcol_receiver_accepted_spans	1010810
1781200409	snap	3000	otelcol	otelcol-sb-esrev0-ctr-2bk4z	otelcol_exporter_sent_spans	1010810
1781200409	snap	3000	otelcol	otelcol-sb-esrev0-ctr-2bk4z	otelcol_exporter_queue_capacity	1001
1781200409	snap	3000	otelcol	otelcol-sb-esrev0-ctr-gcg4j	otelcol_receiver_failed_spans	0
1781200409	snap	3000	otelcol	otelcol-sb-esrev0-ctr-gcg4j	otelcol_processor_batch_timeout_trigger_send	2148
1781200409	snap	3000	otelcol	otelcol-sb-esrev0-ctr-gcg4j	otelcol_exporter_queue_size	0
1781200409	snap	3000	otelcol	otelcol-sb-esrev0-ctr-gcg4j	otelcol_process_runtime_total_sys_memory_bytes	76335384
1781200409	snap	3000	otelcol	otelcol-sb-esrev0-ctr-gcg4j	otelcol_exporter_queue_batch_send_size_sum	169409
1781200409	snap	3000	otelcol	otelcol-sb-esrev0-ctr-gcg4j	otelcol_receiver_accepted_spans	169409
1781200409	snap	3000	otelcol	otelcol-sb-esrev0-ctr-gcg4j	otelcol_process_runtime_total_alloc_bytes	288215816
1781200409	snap	3000	otelcol	otelcol-sb-esrev0-ctr-gcg4j	otelcol_process_memory_rss	212004864
1781200409	snap	3000	otelcol	otelcol-sb-esrev0-ctr-gcg4j	otelcol_process_cpu_seconds	21
1781200409	snap	3000	otelcol	otelcol-sb-esrev0-ctr-gcg4j	otelcol_exporter_queue_capacity	1001
1781200409	snap	3000	otelcol	otelcol-sb-esrev0-ctr-gcg4j	otelcol_processor_incoming_items	169409
1781200409	snap	3000	otelcol	otelcol-sb-esrev0-ctr-gcg4j	otelcol_exporter_send_failed_spans	0
1781200409	snap	3000	otelcol	otelcol-sb-esrev0-ctr-gcg4j	otelcol_receiver_refused_spans	0
1781200409	snap	3000	otelcol	otelcol-sb-esrev0-ctr-gcg4j	otelcol_processor_outgoing_items	169409
1781200409	snap	3000	otelcol	otelcol-sb-esrev0-ctr-gcg4j	otelcol_processor_batch_metadata_cardinality	1
1781200409	snap	3000	otelcol	otelcol-sb-esrev0-ctr-gcg4j	otelcol_processor_batch_batch_send_size_sum	169409
1781200409	snap	3000	otelcol	otelcol-sb-esrev0-ctr-gcg4j	otelcol_process_uptime	555
1781200409	snap	3000	otelcol	otelcol-sb-esrev0-ctr-gcg4j	otelcol_process_runtime_heap_alloc_bytes	41495712
1781200409	snap	3000	otelcol	otelcol-sb-esrev0-ctr-gcg4j	otelcol_exporter_sent_spans	169409
1781200409	snap	3000	otelcol	otelcol-sb-esrev0-ctr-pr5gq	otelcol_receiver_accepted_spans	3152138
1781200409	snap	3000	otelcol	otelcol-sb-esrev0-ctr-pr5gq	otelcol_receiver_failed_spans	0
1781200409	snap	3000	otelcol	otelcol-sb-esrev0-ctr-pr5gq	otelcol_process_uptime	555
1781200409	snap	3000	otelcol	otelcol-sb-esrev0-ctr-pr5gq	otelcol_exporter_queue_batch_send_size_sum	3152138
1781200409	snap	3000	otelcol	otelcol-sb-esrev0-ctr-pr5gq	otelcol_processor_outgoing_items	3152138
1781200409	snap	3000	otelcol	otelcol-sb-esrev0-ctr-pr5gq	otelcol_process_runtime_total_sys_memory_bytes	106719512
1781200409	snap	3000	otelcol	otelcol-sb-esrev0-ctr-pr5gq	otelcol_process_runtime_heap_alloc_bytes	53024368
1781200409	snap	3000	otelcol	otelcol-sb-esrev0-ctr-pr5gq	otelcol_exporter_queue_capacity	1001
1781200409	snap	3000	otelcol	otelcol-sb-esrev0-ctr-pr5gq	otelcol_process_memory_rss	234160128
1781200409	snap	3000	otelcol	otelcol-sb-esrev0-ctr-pr5gq	otelcol_exporter_queue_size	0
1781200409	snap	3000	otelcol	otelcol-sb-esrev0-ctr-pr5gq	otelcol_exporter_send_failed_spans	0
1781200409	snap	3000	otelcol	otelcol-sb-esrev0-ctr-pr5gq	otelcol_receiver_refused_spans	0
1781200409	snap	3000	otelcol	otelcol-sb-esrev0-ctr-pr5gq	otelcol_process_runtime_total_alloc_bytes	1788591856
1781200409	snap	3000	otelcol	otelcol-sb-esrev0-ctr-pr5gq	otelcol_processor_batch_batch_send_size_sum	3152138
1781200409	snap	3000	otelcol	otelcol-sb-esrev0-ctr-pr5gq	otelcol_process_cpu_seconds	46
1781200409	snap	3000	otelcol	otelcol-sb-esrev0-ctr-pr5gq	otelcol_processor_incoming_items	3152138
1781200409	snap	3000	otelcol	otelcol-sb-esrev0-ctr-pr5gq	otelcol_processor_batch_metadata_cardinality	1
1781200409	snap	3000	otelcol	otelcol-sb-esrev0-ctr-pr5gq	otelcol_processor_batch_timeout_trigger_send	2159
1781200409	snap	3000	otelcol	otelcol-sb-esrev0-ctr-pr5gq	otelcol_exporter_sent_spans	3152138
1781200409	snap	3000	otelcol	otelcol-sb-esrev0-ctr-rbkvt	otelcol_processor_outgoing_items	898085
1781200409	snap	3000	otelcol	otelcol-sb-esrev0-ctr-rbkvt	otelcol_exporter_send_failed_spans	0
1781200409	snap	3000	otelcol	otelcol-sb-esrev0-ctr-rbkvt	otelcol_receiver_refused_spans	0
1781200409	snap	3000	otelcol	otelcol-sb-esrev0-ctr-rbkvt	otelcol_exporter_queue_size	0
1781200409	snap	3000	otelcol	otelcol-sb-esrev0-ctr-rbkvt	otelcol_exporter_queue_batch_send_size_sum	898085
1781200409	snap	3000	otelcol	otelcol-sb-esrev0-ctr-rbkvt	otelcol_process_runtime_total_sys_memory_bytes	85461272
1781200409	snap	3000	otelcol	otelcol-sb-esrev0-ctr-rbkvt	otelcol_receiver_failed_spans	0
1781200409	snap	3000	otelcol	otelcol-sb-esrev0-ctr-rbkvt	otelcol_processor_batch_metadata_cardinality	1
1781200409	snap	3000	otelcol	otelcol-sb-esrev0-ctr-rbkvt	otelcol_processor_batch_timeout_trigger_send	2157
1781200409	snap	3000	otelcol	otelcol-sb-esrev0-ctr-rbkvt	otelcol_processor_batch_batch_send_size_sum	898085
1781200409	snap	3000	otelcol	otelcol-sb-esrev0-ctr-rbkvt	otelcol_receiver_accepted_spans	898085
1781200409	snap	3000	otelcol	otelcol-sb-esrev0-ctr-rbkvt	otelcol_process_cpu_seconds	25
1781200409	snap	3000	otelcol	otelcol-sb-esrev0-ctr-rbkvt	otelcol_process_uptime	556
1781200409	snap	3000	otelcol	otelcol-sb-esrev0-ctr-rbkvt	otelcol_process_runtime_heap_alloc_bytes	50303688
1781200409	snap	3000	otelcol	otelcol-sb-esrev0-ctr-rbkvt	otelcol_process_memory_rss	223031296
1781200409	snap	3000	otelcol	otelcol-sb-esrev0-ctr-rbkvt	otelcol_exporter_sent_spans	898085
1781200409	snap	3000	otelcol	otelcol-sb-esrev0-ctr-rbkvt	otelcol_exporter_queue_capacity	1001
1781200409	snap	3000	otelcol	otelcol-sb-esrev0-ctr-rbkvt	otelcol_process_runtime_total_alloc_bytes	696717128
1781200409	snap	3000	otelcol	otelcol-sb-esrev0-ctr-rbkvt	otelcol_processor_incoming_items	898085
1781200409	snap	3000	otelcol	otelcol-sb-esrev0-ctr-vnnmt	otelcol_process_cpu_seconds	24
1781200409	snap	3000	otelcol	otelcol-sb-esrev0-ctr-vnnmt	otelcol_exporter_sent_spans	895769
1781200409	snap	3000	otelcol	otelcol-sb-esrev0-ctr-vnnmt	otelcol_process_runtime_total_alloc_bytes	732060888
1781200409	snap	3000	otelcol	otelcol-sb-esrev0-ctr-vnnmt	otelcol_processor_outgoing_items	895769
1781200409	snap	3000	otelcol	otelcol-sb-esrev0-ctr-vnnmt	otelcol_process_runtime_heap_alloc_bytes	41061752
1781200409	snap	3000	otelcol	otelcol-sb-esrev0-ctr-vnnmt	otelcol_exporter_queue_size	0
1781200409	snap	3000	otelcol	otelcol-sb-esrev0-ctr-vnnmt	otelcol_exporter_queue_batch_send_size_sum	895769
1781200409	snap	3000	otelcol	otelcol-sb-esrev0-ctr-vnnmt	otelcol_processor_batch_batch_send_size_sum	895769
1781200409	snap	3000	otelcol	otelcol-sb-esrev0-ctr-vnnmt	otelcol_receiver_failed_spans	0
1781200409	snap	3000	otelcol	otelcol-sb-esrev0-ctr-vnnmt	otelcol_process_memory_rss	226746368
1781200409	snap	3000	otelcol	otelcol-sb-esrev0-ctr-vnnmt	otelcol_exporter_send_failed_spans	0
1781200409	snap	3000	otelcol	otelcol-sb-esrev0-ctr-vnnmt	otelcol_receiver_refused_spans	0
1781200409	snap	3000	otelcol	otelcol-sb-esrev0-ctr-vnnmt	otelcol_receiver_accepted_spans	895769
1781200409	snap	3000	otelcol	otelcol-sb-esrev0-ctr-vnnmt	otelcol_processor_batch_metadata_cardinality	1
1781200409	snap	3000	otelcol	otelcol-sb-esrev0-ctr-vnnmt	otelcol_process_runtime_total_sys_memory_bytes	88869144
1781200409	snap	3000	otelcol	otelcol-sb-esrev0-ctr-vnnmt	otelcol_processor_batch_timeout_trigger_send	2160
1781200409	snap	3000	otelcol	otelcol-sb-esrev0-ctr-vnnmt	otelcol_processor_incoming_items	895769
1781200409	snap	3000	otelcol	otelcol-sb-esrev0-ctr-vnnmt	otelcol_process_uptime	556
1781200409	snap	3000	otelcol	otelcol-sb-esrev0-ctr-vnnmt	otelcol_exporter_queue_capacity	1001
1781200409	snap	3000	otelcol	otelcol-sb-esrev0-ctr-wht6z	otelcol_exporter_queue_size	1
1781200409	snap	3000	otelcol	otelcol-sb-esrev0-ctr-wht6z	otelcol_process_uptime	555
1781200409	snap	3000	otelcol	otelcol-sb-esrev0-ctr-wht6z	otelcol_receiver_accepted_spans	7430156
1781200409	snap	3000	otelcol	otelcol-sb-esrev0-ctr-wht6z	otelcol_process_runtime_heap_alloc_bytes	61056608
1781200409	snap	3000	otelcol	otelcol-sb-esrev0-ctr-wht6z	otelcol_receiver_failed_spans	0
1781200409	snap	3000	otelcol	otelcol-sb-esrev0-ctr-wht6z	otelcol_process_runtime_total_alloc_bytes	5276211152
1781200409	snap	3000	otelcol	otelcol-sb-esrev0-ctr-wht6z	otelcol_process_memory_rss	257773568
1781200409	snap	3000	otelcol	otelcol-sb-esrev0-ctr-wht6z	otelcol_exporter_queue_capacity	1001
1781200409	snap	3000	otelcol	otelcol-sb-esrev0-ctr-wht6z	otelcol_processor_incoming_items	7433034
1781200409	snap	3000	otelcol	otelcol-sb-esrev0-ctr-wht6z	otelcol_processor_batch_metadata_cardinality	1
1781200409	snap	3000	otelcol	otelcol-sb-esrev0-ctr-wht6z	otelcol_process_cpu_seconds	100
1781200409	snap	3000	otelcol	otelcol-sb-esrev0-ctr-wht6z	otelcol_exporter_send_failed_spans	0
1781200409	snap	3000	otelcol	otelcol-sb-esrev0-ctr-wht6z	otelcol_exporter_sent_spans	7424722
1781200409	snap	3000	otelcol	otelcol-sb-esrev0-ctr-wht6z	otelcol_process_runtime_total_sys_memory_bytes	140286248
1781200409	snap	3000	otelcol	otelcol-sb-esrev0-ctr-wht6z	otelcol_receiver_refused_spans	2878
1781200409	snap	3000	otelcol	otelcol-sb-esrev0-ctr-wht6z	otelcol_exporter_queue_batch_send_size_sum	7430156
1781200409	snap	3000	otelcol	otelcol-sb-esrev0-ctr-wht6z	otelcol_processor_batch_timeout_trigger_send	2161
1781200409	snap	3000	otelcol	otelcol-sb-esrev0-ctr-wht6z	otelcol_processor_batch_batch_size_trigger_send	1
1781200409	snap	3000	otelcol	otelcol-sb-esrev0-ctr-wht6z	otelcol_processor_batch_batch_send_size_sum	7430156
1781200409	snap	3000	otelcol	otelcol-sb-esrev0-ctr-wht6z	otelcol_processor_outgoing_items	7430156
1781200409	snap	3000	k8s	otelcol-sb-esrev0-ctr-2bk4z	restart_count	0
1781200409	snap	3000	k8s	otelcol-sb-esrev0-ctr-gcg4j	restart_count	0
1781200409	snap	3000	k8s	otelcol-sb-esrev0-ctr-glxdm	restart_count	0
1781200409	snap	3000	k8s	otelcol-sb-esrev0-ctr-mrm6k	restart_count	0
1781200409	snap	3000	k8s	otelcol-sb-esrev0-ctr-pr5gq	restart_count	0
1781200409	snap	3000	k8s	otelcol-sb-esrev0-ctr-rbkvt	restart_count	0
1781200409	snap	3000	k8s	otelcol-sb-esrev0-ctr-rdtzq	restart_count	0
1781200409	snap	3000	k8s	otelcol-sb-esrev0-ctr-vnnmt	restart_count	0
1781200409	snap	3000	k8s	otelcol-sb-esrev0-ctr-wht6z	restart_count	0
1781200409	snap	3000	sdk	wrk2api	spans_received	171416
1781200409	snap	3000	sdk	wrk2api	spans_sent	171416
1781200409	snap	3000	sdk	wrk2api	spans_dropped	0
1781200409	snap	3000	sdk	wrk2api	spans_flushed	171416
1781200409	snap	3000	sdk	wrk2api	batches_sent	8455
1781200409	snap	3000	sdk	wrk2api	batches_dropped	0
1781200409	snap	3000	sdk	wrk2api	send_unavailable	0
1781200409	snap	3000	sdk	wrk2api	send_deadline	0
1781200409	snap	3000	sdk	wrk2api	send_exhausted	0
1781200409	snap	3000	sdk	wrk2api	send_canceled	0
1781200409	snap	3000	sdk	wrk2api	send_other	0
1781200409	snap	3000	sdk	wrk2api	buffer_depth	0
0
1781200409	snap	3000	sdk	composepost	spans_received	5810903
1781200409	snap	3000	sdk	composepost	spans_sent	5810210
1781200409	snap	3000	sdk	composepost	spans_dropped	693
1781200409	snap	3000	sdk	composepost	spans_flushed	5810903
1781200409	snap	3000	sdk	composepost	batches_sent	31943
1781200409	snap	3000	sdk	composepost	batches_dropped	3
1781200409	snap	3000	sdk	composepost	send_unavailable	3
1781200409	snap	3000	sdk	composepost	send_deadline	0
1781200409	snap	3000	sdk	composepost	send_exhausted	0
1781200409	snap	3000	sdk	composepost	send_canceled	0
1781200409	snap	3000	sdk	composepost	send_other	0
1781200409	snap	3000	sdk	composepost	buffer_depth	0
0
1781200409	snap	3000	sdk	hometimeline	spans_received	1452710
1781200409	snap	3000	sdk	hometimeline	spans_sent	1450657
1781200409	snap	3000	sdk	hometimeline	spans_dropped	2053
1781200409	snap	3000	sdk	hometimeline	spans_flushed	1452710
1781200409	snap	3000	sdk	hometimeline	batches_sent	7983
1781200409	snap	3000	sdk	hometimeline	batches_dropped	8
1781200409	snap	3000	sdk	hometimeline	send_unavailable	8
1781200409	snap	3000	sdk	hometimeline	send_deadline	0
1781200409	snap	3000	sdk	hometimeline	send_exhausted	0
1781200409	snap	3000	sdk	hometimeline	send_canceled	0
1781200409	snap	3000	sdk	hometimeline	send_other	0
1781200409	snap	3000	sdk	hometimeline	buffer_depth	0
0
1781200409	snap	3000	sdk	media	spans_received	726364
1781200409	snap	3000	sdk	media	spans_sent	726364
1781200409	snap	3000	sdk	media	spans_dropped	0
1781200409	snap	3000	sdk	media	spans_flushed	726364
1781200409	snap	3000	sdk	media	batches_sent	3996
1781200409	snap	3000	sdk	media	batches_dropped	0
1781200409	snap	3000	sdk	media	send_unavailable	0
1781200409	snap	3000	sdk	media	send_deadline	0
1781200409	snap	3000	sdk	media	send_exhausted	0
1781200409	snap	3000	sdk	media	send_canceled	0
1781200409	snap	3000	sdk	media	send_other	0
1781200409	snap	3000	sdk	media	buffer_depth	0
0
1781200409	snap	3000	sdk	post-storage	spans_received	726355
1781200409	snap	3000	sdk	post-storage	spans_sent	726355
1781200409	snap	3000	sdk	post-storage	spans_dropped	0
1781200409	snap	3000	sdk	post-storage	spans_flushed	726355
1781200409	snap	3000	sdk	post-storage	batches_sent	3994
1781200409	snap	3000	sdk	post-storage	batches_dropped	0
1781200409	snap	3000	sdk	post-storage	send_unavailable	0
1781200409	snap	3000	sdk	post-storage	send_deadline	0
1781200409	snap	3000	sdk	post-storage	send_exhausted	0
1781200409	snap	3000	sdk	post-storage	send_canceled	0
1781200409	snap	3000	sdk	post-storage	send_other	0
1781200409	snap	3000	sdk	post-storage	buffer_depth	0
0
1781200409	snap	3000	sdk	socialgraph	spans_received	840189
1781200409	snap	3000	sdk	socialgraph	spans_sent	840189
1781200409	snap	3000	sdk	socialgraph	spans_dropped	0
1781200409	snap	3000	sdk	socialgraph	spans_flushed	840189
1781200409	snap	3000	sdk	socialgraph	batches_sent	4476
1781200409	snap	3000	sdk	socialgraph	batches_dropped	0
1781200409	snap	3000	sdk	socialgraph	send_unavailable	0
1781200409	snap	3000	sdk	socialgraph	send_deadline	0
1781200409	snap	3000	sdk	socialgraph	send_exhausted	0
1781200409	snap	3000	sdk	socialgraph	send_canceled	0
1781200409	snap	3000	sdk	socialgraph	send_other	0
1781200409	snap	3000	sdk	socialgraph	buffer_depth	0
0
1781200409	snap	3000	sdk	text	spans_received	2179110
1781200409	snap	3000	sdk	text	spans_sent	2179110
1781200409	snap	3000	sdk	text	spans_dropped	0
1781200409	snap	3000	sdk	text	spans_flushed	2179110
1781200409	snap	3000	sdk	text	batches_sent	11982
1781200409	snap	3000	sdk	text	batches_dropped	0
1781200409	snap	3000	sdk	text	send_unavailable	0
1781200409	snap	3000	sdk	text	send_deadline	0
1781200409	snap	3000	sdk	text	send_exhausted	0
1781200409	snap	3000	sdk	text	send_canceled	0
1781200409	snap	3000	sdk	text	send_other	0
1781200409	snap	3000	sdk	text	buffer_depth	0
0
1781200409	snap	3000	sdk	uniqueid	spans_received	726364
1781200409	snap	3000	sdk	uniqueid	spans_sent	726364
1781200409	snap	3000	sdk	uniqueid	spans_dropped	0
1781200409	snap	3000	sdk	uniqueid	spans_flushed	726364
1781200409	snap	3000	sdk	uniqueid	batches_sent	3993
1781200409	snap	3000	sdk	uniqueid	batches_dropped	0
1781200409	snap	3000	sdk	uniqueid	send_unavailable	0
1781200409	snap	3000	sdk	uniqueid	send_deadline	0
1781200409	snap	3000	sdk	uniqueid	send_exhausted	0
1781200409	snap	3000	sdk	uniqueid	send_canceled	0
1781200409	snap	3000	sdk	uniqueid	send_other	0
1781200409	snap	3000	sdk	uniqueid	buffer_depth	0
0
1781200409	snap	3000	sdk	urlshorten	spans_received	726364
1781200409	snap	3000	sdk	urlshorten	spans_sent	726364
1781200409	snap	3000	sdk	urlshorten	spans_dropped	0
1781200409	snap	3000	sdk	urlshorten	spans_flushed	726364
1781200409	snap	3000	sdk	urlshorten	batches_sent	3995
1781200409	snap	3000	sdk	urlshorten	batches_dropped	0
1781200409	snap	3000	sdk	urlshorten	send_unavailable	0
1781200409	snap	3000	sdk	urlshorten	send_deadline	0
1781200409	snap	3000	sdk	urlshorten	send_exhausted	0
1781200409	snap	3000	sdk	urlshorten	send_canceled	0
1781200409	snap	3000	sdk	urlshorten	send_other	0
1781200409	snap	3000	sdk	urlshorten	buffer_depth	0
0
1781200409	snap	3000	sdk	user	spans_received	728288
1781200409	snap	3000	sdk	user	spans_sent	728288
1781200409	snap	3000	sdk	user	spans_dropped	0
1781200409	snap	3000	sdk	user	spans_flushed	728288
1781200409	snap	3000	sdk	user	batches_sent	4005
1781200409	snap	3000	sdk	user	batches_dropped	0
1781200409	snap	3000	sdk	user	send_unavailable	0
1781200409	snap	3000	sdk	user	send_deadline	0
1781200409	snap	3000	sdk	user	send_exhausted	0
1781200409	snap	3000	sdk	user	send_canceled	0
1781200409	snap	3000	sdk	user	send_other	0
1781200409	snap	3000	sdk	user	buffer_depth	0
0
1781200409	snap	3000	sdk	userid	spans_received	75248
1781200409	snap	3000	sdk	userid	spans_sent	75248
1781200409	snap	3000	sdk	userid	spans_dropped	0
1781200409	snap	3000	sdk	userid	spans_flushed	75248
1781200409	snap	3000	sdk	userid	batches_sent	245
1781200409	snap	3000	sdk	userid	batches_dropped	0
1781200409	snap	3000	sdk	userid	send_unavailable	0
1781200409	snap	3000	sdk	userid	send_deadline	0
1781200409	snap	3000	sdk	userid	send_exhausted	0
1781200409	snap	3000	sdk	userid	send_canceled	0
1781200409	snap	3000	sdk	userid	send_other	0
1781200409	snap	3000	sdk	userid	buffer_depth	0
0
1781200409	snap	3000	sdk	usermention	spans_received	726364
1781200409	snap	3000	sdk	usermention	spans_sent	726364
1781200409	snap	3000	sdk	usermention	spans_dropped	0
1781200409	snap	3000	sdk	usermention	spans_flushed	726364
1781200409	snap	3000	sdk	usermention	batches_sent	3994
1781200409	snap	3000	sdk	usermention	batches_dropped	0
1781200409	snap	3000	sdk	usermention	send_unavailable	0
1781200409	snap	3000	sdk	usermention	send_deadline	0
1781200409	snap	3000	sdk	usermention	send_exhausted	0
1781200409	snap	3000	sdk	usermention	send_canceled	0
1781200409	snap	3000	sdk	usermention	send_other	0
1781200409	snap	3000	sdk	usermention	buffer_depth	0
0
1781200409	snap	3000	sdk	usertimeline	spans_received	726355
1781200409	snap	3000	sdk	usertimeline	spans_sent	726355
1781200409	snap	3000	sdk	usertimeline	spans_dropped	0
1781200409	snap	3000	sdk	usertimeline	spans_flushed	726355
1781200409	snap	3000	sdk	usertimeline	batches_sent	3993
1781200409	snap	3000	sdk	usertimeline	batches_dropped	0
1781200409	snap	3000	sdk	usertimeline	send_unavailable	0
1781200409	snap	3000	sdk	usertimeline	send_deadline	0
1781200409	snap	3000	sdk	usertimeline	send_exhausted	0
1781200409	snap	3000	sdk	usertimeline	send_canceled	0
1781200409	snap	3000	sdk	usertimeline	send_other	0
1781200409	snap	3000	sdk	usertimeline	buffer_depth	0
0
1781200476	snap	3000	otelcol	otelcol-sb-esrev0-ctr-mrm6k	otelcol_exporter_queue_size	94
1781200476	snap	3000	otelcol	otelcol-sb-esrev0-ctr-mrm6k	otelcol_processor_batch_batch_send_size_sum	1114248
1781200476	snap	3000	otelcol	otelcol-sb-esrev0-ctr-mrm6k	otelcol_process_runtime_heap_alloc_bytes	76164936
1781200476	snap	3000	otelcol	otelcol-sb-esrev0-ctr-mrm6k	otelcol_exporter_queue_batch_send_size_sum	1114248
1781200476	snap	3000	otelcol	otelcol-sb-esrev0-ctr-mrm6k	otelcol_process_uptime	623
1781200476	snap	3000	otelcol	otelcol-sb-esrev0-ctr-mrm6k	otelcol_processor_outgoing_items	1114248
1781200476	snap	3000	otelcol	otelcol-sb-esrev0-ctr-mrm6k	otelcol_process_runtime_total_alloc_bytes	860120800
1781200476	snap	3000	otelcol	otelcol-sb-esrev0-ctr-mrm6k	otelcol_process_memory_rss	243675136
1781200476	snap	3000	otelcol	otelcol-sb-esrev0-ctr-mrm6k	otelcol_process_cpu_seconds	31
1781200476	snap	3000	otelcol	otelcol-sb-esrev0-ctr-mrm6k	otelcol_exporter_send_failed_spans	0
1781200476	snap	3000	otelcol	otelcol-sb-esrev0-ctr-mrm6k	otelcol_receiver_accepted_spans	1114248
1781200476	snap	3000	otelcol	otelcol-sb-esrev0-ctr-mrm6k	otelcol_processor_batch_metadata_cardinality	1
1781200476	snap	3000	otelcol	otelcol-sb-esrev0-ctr-mrm6k	otelcol_receiver_refused_spans	0
1781200476	snap	3000	otelcol	otelcol-sb-esrev0-ctr-mrm6k	otelcol_receiver_failed_spans	0
1781200476	snap	3000	otelcol	otelcol-sb-esrev0-ctr-mrm6k	otelcol_processor_batch_timeout_trigger_send	2459
1781200476	snap	3000	otelcol	otelcol-sb-esrev0-ctr-mrm6k	otelcol_process_runtime_total_sys_memory_bytes	106727704
1781200476	snap	3000	otelcol	otelcol-sb-esrev0-ctr-mrm6k	otelcol_exporter_queue_capacity	1001
1781200476	snap	3000	otelcol	otelcol-sb-esrev0-ctr-mrm6k	otelcol_processor_incoming_items	1114248
1781200476	snap	3000	otelcol	otelcol-sb-esrev0-ctr-mrm6k	otelcol_exporter_sent_spans	1045871
1781200476	snap	3000	otelcol	otelcol-sb-esrev0-ctr-rdtzq	otelcol_process_runtime_total_sys_memory_bytes	97536280
1781200476	snap	3000	otelcol	otelcol-sb-esrev0-ctr-rdtzq	otelcol_process_memory_rss	233598976
1781200476	snap	3000	otelcol	otelcol-sb-esrev0-ctr-rdtzq	otelcol_exporter_queue_capacity	1001
1781200476	snap	3000	otelcol	otelcol-sb-esrev0-ctr-rdtzq	otelcol_process_cpu_seconds	30
1781200476	snap	3000	otelcol	otelcol-sb-esrev0-ctr-rdtzq	otelcol_processor_incoming_items	1113433
1781200476	snap	3000	otelcol	otelcol-sb-esrev0-ctr-rdtzq	otelcol_exporter_queue_batch_send_size_sum	1113433
1781200476	snap	3000	otelcol	otelcol-sb-esrev0-ctr-rdtzq	otelcol_exporter_send_failed_spans	0
1781200476	snap	3000	otelcol	otelcol-sb-esrev0-ctr-rdtzq	otelcol_receiver_refused_spans	0
1781200476	snap	3000	otelcol	otelcol-sb-esrev0-ctr-rdtzq	otelcol_exporter_sent_spans	1066817
1781200476	snap	3000	otelcol	otelcol-sb-esrev0-ctr-rdtzq	otelcol_process_runtime_total_alloc_bytes	887909640
1781200476	snap	3000	otelcol	otelcol-sb-esrev0-ctr-rdtzq	otelcol_process_runtime_heap_alloc_bytes	71501736
1781200476	snap	3000	otelcol	otelcol-sb-esrev0-ctr-rdtzq	otelcol_processor_outgoing_items	1113433
1781200476	snap	3000	otelcol	otelcol-sb-esrev0-ctr-rdtzq	otelcol_process_uptime	623
1781200476	snap	3000	otelcol	otelcol-sb-esrev0-ctr-rdtzq	otelcol_receiver_failed_spans	0
1781200476	snap	3000	otelcol	otelcol-sb-esrev0-ctr-rdtzq	otelcol_processor_batch_metadata_cardinality	1
1781200476	snap	3000	otelcol	otelcol-sb-esrev0-ctr-rdtzq	otelcol_receiver_accepted_spans	1113433
1781200476	snap	3000	otelcol	otelcol-sb-esrev0-ctr-rdtzq	otelcol_processor_batch_timeout_trigger_send	2460
1781200476	snap	3000	otelcol	otelcol-sb-esrev0-ctr-rdtzq	otelcol_processor_batch_batch_send_size_sum	1113433
1781200476	snap	3000	otelcol	otelcol-sb-esrev0-ctr-rdtzq	otelcol_exporter_queue_size	65
1781200476	snap	3000	otelcol	otelcol-sb-esrev0-ctr-glxdm	otelcol_receiver_failed_spans	0
1781200476	snap	3000	otelcol	otelcol-sb-esrev0-ctr-glxdm	otelcol_process_uptime	623
1781200476	snap	3000	otelcol	otelcol-sb-esrev0-ctr-glxdm	otelcol_exporter_queue_capacity	1001
1781200476	snap	3000	otelcol	otelcol-sb-esrev0-ctr-glxdm	otelcol_processor_batch_metadata_cardinality	1
1781200476	snap	3000	otelcol	otelcol-sb-esrev0-ctr-glxdm	otelcol_process_runtime_heap_alloc_bytes	111907552
1781200476	snap	3000	otelcol	otelcol-sb-esrev0-ctr-glxdm	otelcol_exporter_send_failed_spans	0
1781200476	snap	3000	otelcol	otelcol-sb-esrev0-ctr-glxdm	otelcol_processor_incoming_items	2017217
1781200476	snap	3000	otelcol	otelcol-sb-esrev0-ctr-glxdm	otelcol_process_cpu_seconds	40
1781200476	snap	3000	otelcol	otelcol-sb-esrev0-ctr-glxdm	otelcol_exporter_sent_spans	1825117
1781200476	snap	3000	otelcol	otelcol-sb-esrev0-ctr-glxdm	otelcol_receiver_refused_spans	2038
1781200476	snap	3000	otelcol	otelcol-sb-esrev0-ctr-glxdm	otelcol_processor_batch_timeout_trigger_send	2455
1781200476	snap	3000	otelcol	otelcol-sb-esrev0-ctr-glxdm	otelcol_processor_batch_batch_send_size_sum	2015179
1781200476	snap	3000	otelcol	otelcol-sb-esrev0-ctr-glxdm	otelcol_process_runtime_total_alloc_bytes	1373501976
1781200476	snap	3000	otelcol	otelcol-sb-esrev0-ctr-glxdm	otelcol_process_memory_rss	277864448
1781200476	snap	3000	otelcol	otelcol-sb-esrev0-ctr-glxdm	otelcol_exporter_queue_batch_send_size_sum	2015179
1781200476	snap	3000	otelcol	otelcol-sb-esrev0-ctr-glxdm	otelcol_process_runtime_total_sys_memory_bytes	141408552
1781200476	snap	3000	otelcol	otelcol-sb-esrev0-ctr-glxdm	otelcol_receiver_accepted_spans	2015179
1781200476	snap	3000	otelcol	otelcol-sb-esrev0-ctr-glxdm	otelcol_processor_outgoing_items	2015179
1781200476	snap	3000	otelcol	otelcol-sb-esrev0-ctr-glxdm	otelcol_exporter_queue_size	146
1781200476	snap	3000	otelcol	otelcol-sb-esrev0-ctr-2bk4z	otelcol_processor_batch_batch_send_size_sum	1228097
1781200476	snap	3000	otelcol	otelcol-sb-esrev0-ctr-2bk4z	otelcol_process_runtime_heap_alloc_bytes	84697792
1781200476	snap	3000	otelcol	otelcol-sb-esrev0-ctr-2bk4z	otelcol_exporter_queue_size	132
1781200476	snap	3000	otelcol	otelcol-sb-esrev0-ctr-2bk4z	otelcol_process_memory_rss	249430016
1781200476	snap	3000	otelcol	otelcol-sb-esrev0-ctr-2bk4z	otelcol_receiver_failed_spans	0
1781200476	snap	3000	otelcol	otelcol-sb-esrev0-ctr-2bk4z	otelcol_process_runtime_total_alloc_bytes	928700816
1781200476	snap	3000	otelcol	otelcol-sb-esrev0-ctr-2bk4z	otelcol_exporter_send_failed_spans	0
1781200476	snap	3000	otelcol	otelcol-sb-esrev0-ctr-2bk4z	otelcol_receiver_refused_spans	0
1781200476	snap	3000	otelcol	otelcol-sb-esrev0-ctr-2bk4z	otelcol_process_uptime	625
1781200476	snap	3000	otelcol	otelcol-sb-esrev0-ctr-2bk4z	otelcol_processor_incoming_items	1228097
1781200476	snap	3000	otelcol	otelcol-sb-esrev0-ctr-2bk4z	otelcol_process_runtime_total_sys_memory_bytes	111724824
1781200476	snap	3000	otelcol	otelcol-sb-esrev0-ctr-2bk4z	otelcol_processor_outgoing_items	1228097
1781200476	snap	3000	otelcol	otelcol-sb-esrev0-ctr-2bk4z	otelcol_process_cpu_seconds	29
1781200476	snap	3000	otelcol	otelcol-sb-esrev0-ctr-2bk4z	otelcol_exporter_queue_batch_send_size_sum	1228097
1781200476	snap	3000	otelcol	otelcol-sb-esrev0-ctr-2bk4z	otelcol_processor_batch_metadata_cardinality	1
1781200476	snap	3000	otelcol	otelcol-sb-esrev0-ctr-2bk4z	otelcol_processor_batch_timeout_trigger_send	2468
1781200476	snap	3000	otelcol	otelcol-sb-esrev0-ctr-2bk4z	otelcol_receiver_accepted_spans	1228097
1781200476	snap	3000	otelcol	otelcol-sb-esrev0-ctr-2bk4z	otelcol_exporter_sent_spans	1132300
1781200476	snap	3000	otelcol	otelcol-sb-esrev0-ctr-2bk4z	otelcol_exporter_queue_capacity	1001
1781200476	snap	3000	otelcol	otelcol-sb-esrev0-ctr-gcg4j	otelcol_receiver_failed_spans	0
1781200476	snap	3000	otelcol	otelcol-sb-esrev0-ctr-gcg4j	otelcol_processor_batch_timeout_trigger_send	2448
1781200476	snap	3000	otelcol	otelcol-sb-esrev0-ctr-gcg4j	otelcol_exporter_queue_size	66
1781200476	snap	3000	otelcol	otelcol-sb-esrev0-ctr-gcg4j	otelcol_process_runtime_total_sys_memory_bytes	76335384
1781200476	snap	3000	otelcol	otelcol-sb-esrev0-ctr-gcg4j	otelcol_exporter_queue_batch_send_size_sum	208911
1781200476	snap	3000	otelcol	otelcol-sb-esrev0-ctr-gcg4j	otelcol_receiver_accepted_spans	208911
1781200476	snap	3000	otelcol	otelcol-sb-esrev0-ctr-gcg4j	otelcol_process_runtime_total_alloc_bytes	327253056
1781200476	snap	3000	otelcol	otelcol-sb-esrev0-ctr-gcg4j	otelcol_process_memory_rss	212127744
1781200476	snap	3000	otelcol	otelcol-sb-esrev0-ctr-gcg4j	otelcol_process_cpu_seconds	23
1781200476	snap	3000	otelcol	otelcol-sb-esrev0-ctr-gcg4j	otelcol_exporter_queue_capacity	1001
1781200476	snap	3000	otelcol	otelcol-sb-esrev0-ctr-gcg4j	otelcol_processor_incoming_items	208911
1781200476	snap	3000	otelcol	otelcol-sb-esrev0-ctr-gcg4j	otelcol_exporter_send_failed_spans	0
1781200476	snap	3000	otelcol	otelcol-sb-esrev0-ctr-gcg4j	otelcol_receiver_refused_spans	0
1781200476	snap	3000	otelcol	otelcol-sb-esrev0-ctr-gcg4j	otelcol_processor_outgoing_items	208911
1781200476	snap	3000	otelcol	otelcol-sb-esrev0-ctr-gcg4j	otelcol_processor_batch_metadata_cardinality	1
1781200476	snap	3000	otelcol	otelcol-sb-esrev0-ctr-gcg4j	otelcol_processor_batch_batch_send_size_sum	208911
1781200476	snap	3000	otelcol	otelcol-sb-esrev0-ctr-gcg4j	otelcol_process_uptime	622
1781200476	snap	3000	otelcol	otelcol-sb-esrev0-ctr-gcg4j	otelcol_process_runtime_heap_alloc_bytes	42824544
1781200476	snap	3000	otelcol	otelcol-sb-esrev0-ctr-gcg4j	otelcol_exporter_sent_spans	200329
1781200476	snap	3000	otelcol	otelcol-sb-esrev0-ctr-pr5gq	otelcol_receiver_accepted_spans	3769373
1781200476	snap	3000	otelcol	otelcol-sb-esrev0-ctr-pr5gq	otelcol_receiver_failed_spans	0
1781200476	snap	3000	otelcol	otelcol-sb-esrev0-ctr-pr5gq	otelcol_process_uptime	622
1781200476	snap	3000	otelcol	otelcol-sb-esrev0-ctr-pr5gq	otelcol_exporter_queue_batch_send_size_sum	3769373
1781200476	snap	3000	otelcol	otelcol-sb-esrev0-ctr-pr5gq	otelcol_processor_outgoing_items	3769373
1781200476	snap	3000	otelcol	otelcol-sb-esrev0-ctr-pr5gq	otelcol_process_runtime_total_sys_memory_bytes	159635752
1781200476	snap	3000	otelcol	otelcol-sb-esrev0-ctr-pr5gq	otelcol_process_runtime_heap_alloc_bytes	71358360
1781200476	snap	3000	otelcol	otelcol-sb-esrev0-ctr-pr5gq	otelcol_exporter_queue_capacity	1001
1781200476	snap	3000	otelcol	otelcol-sb-esrev0-ctr-pr5gq	otelcol_process_memory_rss	293732352
1781200476	snap	3000	otelcol	otelcol-sb-esrev0-ctr-pr5gq	otelcol_exporter_queue_size	54
1781200476	snap	3000	otelcol	otelcol-sb-esrev0-ctr-pr5gq	otelcol_exporter_send_failed_spans	0
1781200476	snap	3000	otelcol	otelcol-sb-esrev0-ctr-pr5gq	otelcol_receiver_refused_spans	133385
1781200476	snap	3000	otelcol	otelcol-sb-esrev0-ctr-pr5gq	otelcol_process_runtime_total_alloc_bytes	2145444896
1781200476	snap	3000	otelcol	otelcol-sb-esrev0-ctr-pr5gq	otelcol_processor_batch_batch_send_size_sum	3769373
1781200476	snap	3000	otelcol	otelcol-sb-esrev0-ctr-pr5gq	otelcol_process_cpu_seconds	55
1781200476	snap	3000	otelcol	otelcol-sb-esrev0-ctr-pr5gq	otelcol_processor_incoming_items	3902758
1781200476	snap	3000	otelcol	otelcol-sb-esrev0-ctr-pr5gq	otelcol_processor_batch_metadata_cardinality	1
1781200476	snap	3000	otelcol	otelcol-sb-esrev0-ctr-pr5gq	otelcol_processor_batch_timeout_trigger_send	2458
1781200476	snap	3000	otelcol	otelcol-sb-esrev0-ctr-pr5gq	otelcol_exporter_sent_spans	3685993
1781200476	snap	3000	otelcol	otelcol-sb-esrev0-ctr-rbkvt	otelcol_processor_outgoing_items	1115370
1781200476	snap	3000	otelcol	otelcol-sb-esrev0-ctr-rbkvt	otelcol_exporter_send_failed_spans	0
1781200476	snap	3000	otelcol	otelcol-sb-esrev0-ctr-rbkvt	otelcol_receiver_refused_spans	0
1781200476	snap	3000	otelcol	otelcol-sb-esrev0-ctr-rbkvt	otelcol_exporter_queue_size	72
1781200476	snap	3000	otelcol	otelcol-sb-esrev0-ctr-rbkvt	otelcol_exporter_queue_batch_send_size_sum	1115370
1781200476	snap	3000	otelcol	otelcol-sb-esrev0-ctr-rbkvt	otelcol_process_runtime_total_sys_memory_bytes	102603048
1781200476	snap	3000	otelcol	otelcol-sb-esrev0-ctr-rbkvt	otelcol_receiver_failed_spans	0
1781200476	snap	3000	otelcol	otelcol-sb-esrev0-ctr-rbkvt	otelcol_processor_batch_metadata_cardinality	1
1781200476	snap	3000	otelcol	otelcol-sb-esrev0-ctr-rbkvt	otelcol_processor_batch_timeout_trigger_send	2456
1781200476	snap	3000	otelcol	otelcol-sb-esrev0-ctr-rbkvt	otelcol_processor_batch_batch_send_size_sum	1115370
1781200476	snap	3000	otelcol	otelcol-sb-esrev0-ctr-rbkvt	otelcol_receiver_accepted_spans	1115370
1781200476	snap	3000	otelcol	otelcol-sb-esrev0-ctr-rbkvt	otelcol_process_cpu_seconds	29
1781200476	snap	3000	otelcol	otelcol-sb-esrev0-ctr-rbkvt	otelcol_process_uptime	623
1781200476	snap	3000	otelcol	otelcol-sb-esrev0-ctr-rbkvt	otelcol_process_runtime_heap_alloc_bytes	59636488
1781200476	snap	3000	otelcol	otelcol-sb-esrev0-ctr-rbkvt	otelcol_process_memory_rss	238096384
1781200476	snap	3000	otelcol	otelcol-sb-esrev0-ctr-rbkvt	otelcol_exporter_sent_spans	1063354
1781200476	snap	3000	otelcol	otelcol-sb-esrev0-ctr-rbkvt	otelcol_exporter_queue_capacity	1001
1781200476	snap	3000	otelcol	otelcol-sb-esrev0-ctr-rbkvt	otelcol_process_runtime_total_alloc_bytes	834566448
1781200476	snap	3000	otelcol	otelcol-sb-esrev0-ctr-rbkvt	otelcol_processor_incoming_items	1115370
1781200476	snap	3000	otelcol	otelcol-sb-esrev0-ctr-vnnmt	otelcol_process_cpu_seconds	29
1781200476	snap	3000	otelcol	otelcol-sb-esrev0-ctr-vnnmt	otelcol_exporter_sent_spans	1084514
1781200476	snap	3000	otelcol	otelcol-sb-esrev0-ctr-vnnmt	otelcol_process_runtime_total_alloc_bytes	874858344
1781200476	snap	3000	otelcol	otelcol-sb-esrev0-ctr-vnnmt	otelcol_processor_outgoing_items	1113054
1781200476	snap	3000	otelcol	otelcol-sb-esrev0-ctr-vnnmt	otelcol_process_runtime_heap_alloc_bytes	47165456
1781200476	snap	3000	otelcol	otelcol-sb-esrev0-ctr-vnnmt	otelcol_exporter_queue_size	40
1781200476	snap	3000	otelcol	otelcol-sb-esrev0-ctr-vnnmt	otelcol_exporter_queue_batch_send_size_sum	1113054
1781200476	snap	3000	otelcol	otelcol-sb-esrev0-ctr-vnnmt	otelcol_processor_batch_batch_send_size_sum	1113054
1781200476	snap	3000	otelcol	otelcol-sb-esrev0-ctr-vnnmt	otelcol_receiver_failed_spans	0
1781200476	snap	3000	otelcol	otelcol-sb-esrev0-ctr-vnnmt	otelcol_process_memory_rss	238759936
1781200476	snap	3000	otelcol	otelcol-sb-esrev0-ctr-vnnmt	otelcol_exporter_send_failed_spans	0
1781200476	snap	3000	otelcol	otelcol-sb-esrev0-ctr-vnnmt	otelcol_receiver_refused_spans	0
1781200476	snap	3000	otelcol	otelcol-sb-esrev0-ctr-vnnmt	otelcol_receiver_accepted_spans	1113054
1781200476	snap	3000	otelcol	otelcol-sb-esrev0-ctr-vnnmt	otelcol_processor_batch_metadata_cardinality	1
1781200476	snap	3000	otelcol	otelcol-sb-esrev0-ctr-vnnmt	otelcol_process_runtime_total_sys_memory_bytes	106727704
1781200476	snap	3000	otelcol	otelcol-sb-esrev0-ctr-vnnmt	otelcol_processor_batch_timeout_trigger_send	2460
1781200476	snap	3000	otelcol	otelcol-sb-esrev0-ctr-vnnmt	otelcol_processor_incoming_items	1113054
1781200476	snap	3000	otelcol	otelcol-sb-esrev0-ctr-vnnmt	otelcol_process_uptime	623
1781200476	snap	3000	otelcol	otelcol-sb-esrev0-ctr-vnnmt	otelcol_exporter_queue_capacity	1001
1781200476	snap	3000	otelcol	otelcol-sb-esrev0-ctr-wht6z	otelcol_exporter_queue_size	58
1781200476	snap	3000	otelcol	otelcol-sb-esrev0-ctr-wht6z	otelcol_process_uptime	622
1781200476	snap	3000	otelcol	otelcol-sb-esrev0-ctr-wht6z	otelcol_receiver_accepted_spans	8346370
1781200476	snap	3000	otelcol	otelcol-sb-esrev0-ctr-wht6z	otelcol_process_runtime_heap_alloc_bytes	139181480
1781200476	snap	3000	otelcol	otelcol-sb-esrev0-ctr-wht6z	otelcol_receiver_failed_spans	0
1781200476	snap	3000	otelcol	otelcol-sb-esrev0-ctr-wht6z	otelcol_process_runtime_total_alloc_bytes	6543840408
1781200476	snap	3000	otelcol	otelcol-sb-esrev0-ctr-wht6z	otelcol_process_memory_rss	320000000
1781200476	snap	3000	otelcol	otelcol-sb-esrev0-ctr-wht6z	otelcol_exporter_queue_capacity	1001
1781200476	snap	3000	otelcol	otelcol-sb-esrev0-ctr-wht6z	otelcol_processor_incoming_items	9100522
1781200476	snap	3000	otelcol	otelcol-sb-esrev0-ctr-wht6z	otelcol_processor_batch_metadata_cardinality	1
1781200476	snap	3000	otelcol	otelcol-sb-esrev0-ctr-wht6z	otelcol_process_cpu_seconds	124
1781200476	snap	3000	otelcol	otelcol-sb-esrev0-ctr-wht6z	otelcol_exporter_send_failed_spans	0
1781200476	snap	3000	otelcol	otelcol-sb-esrev0-ctr-wht6z	otelcol_exporter_sent_spans	8110592
1781200476	snap	3000	otelcol	otelcol-sb-esrev0-ctr-wht6z	otelcol_process_runtime_total_sys_memory_bytes	227854648
1781200476	snap	3000	otelcol	otelcol-sb-esrev0-ctr-wht6z	otelcol_receiver_refused_spans	754152
1781200476	snap	3000	otelcol	otelcol-sb-esrev0-ctr-wht6z	otelcol_exporter_queue_batch_send_size_sum	8346370
1781200476	snap	3000	otelcol	otelcol-sb-esrev0-ctr-wht6z	otelcol_processor_batch_timeout_trigger_send	2336
1781200476	snap	3000	otelcol	otelcol-sb-esrev0-ctr-wht6z	otelcol_processor_batch_batch_size_trigger_send	1
1781200476	snap	3000	otelcol	otelcol-sb-esrev0-ctr-wht6z	otelcol_processor_batch_batch_send_size_sum	8346370
1781200476	snap	3000	otelcol	otelcol-sb-esrev0-ctr-wht6z	otelcol_processor_outgoing_items	8346370
1781200476	snap	3000	k8s	otelcol-sb-esrev0-ctr-2bk4z	restart_count	0
1781200476	snap	3000	k8s	otelcol-sb-esrev0-ctr-gcg4j	restart_count	0
1781200476	snap	3000	k8s	otelcol-sb-esrev0-ctr-glxdm	restart_count	0
1781200476	snap	3000	k8s	otelcol-sb-esrev0-ctr-mrm6k	restart_count	0
1781200476	snap	3000	k8s	otelcol-sb-esrev0-ctr-pr5gq	restart_count	0
1781200476	snap	3000	k8s	otelcol-sb-esrev0-ctr-rbkvt	restart_count	0
1781200476	snap	3000	k8s	otelcol-sb-esrev0-ctr-rdtzq	restart_count	0
1781200476	snap	3000	k8s	otelcol-sb-esrev0-ctr-vnnmt	restart_count	0
1781200476	snap	3000	k8s	otelcol-sb-esrev0-ctr-wht6z	restart_count	0
1781200476	snap	3000	sdk	wrk2api	spans_received	210920
1781200476	snap	3000	sdk	wrk2api	spans_sent	206165
1781200476	snap	3000	sdk	wrk2api	spans_dropped	4755
1781200476	snap	3000	sdk	wrk2api	spans_flushed	210920
1781200476	snap	3000	sdk	wrk2api	batches_sent	9512
1781200476	snap	3000	sdk	wrk2api	batches_dropped	145
1781200476	snap	3000	sdk	wrk2api	send_unavailable	145
1781200476	snap	3000	sdk	wrk2api	send_deadline	0
1781200476	snap	3000	sdk	wrk2api	send_exhausted	0
1781200476	snap	3000	sdk	wrk2api	send_canceled	0
1781200476	snap	3000	sdk	wrk2api	send_other	0
1781200476	snap	3000	sdk	wrk2api	buffer_depth	0
0
1781200476	snap	3000	sdk	composepost	spans_received	7233135
1781200476	snap	3000	sdk	composepost	spans_sent	6582144
1781200476	snap	3000	sdk	composepost	spans_dropped	650991
1781200476	snap	3000	sdk	composepost	spans_flushed	7233135
1781200476	snap	3000	sdk	composepost	batches_sent	34546
1781200476	snap	3000	sdk	composepost	batches_dropped	2200
1781200476	snap	3000	sdk	composepost	send_unavailable	1257
1781200476	snap	3000	sdk	composepost	send_deadline	943
1781200476	snap	3000	sdk	composepost	send_exhausted	0
1781200476	snap	3000	sdk	composepost	send_canceled	0
1781200476	snap	3000	sdk	composepost	send_other	0
1781200476	snap	3000	sdk	composepost	buffer_depth	0
0
1781200476	snap	3000	sdk	hometimeline	spans_received	1808268
1781200476	snap	3000	sdk	hometimeline	spans_sent	1576775
1781200476	snap	3000	sdk	hometimeline	spans_dropped	231493
1781200476	snap	3000	sdk	hometimeline	spans_flushed	1808268
1781200476	snap	3000	sdk	hometimeline	batches_sent	8409
1781200476	snap	3000	sdk	hometimeline	batches_dropped	782
1781200476	snap	3000	sdk	hometimeline	send_unavailable	745
1781200476	snap	3000	sdk	hometimeline	send_deadline	37
1781200476	snap	3000	sdk	hometimeline	send_exhausted	0
1781200476	snap	3000	sdk	hometimeline	send_canceled	0
1781200476	snap	3000	sdk	hometimeline	send_other	0
1781200476	snap	3000	sdk	hometimeline	buffer_depth	0
0
1781200476	snap	3000	sdk	media	spans_received	904143
1781200476	snap	3000	sdk	media	spans_sent	904143
1781200476	snap	3000	sdk	media	spans_dropped	0
1781200476	snap	3000	sdk	media	spans_flushed	904143
1781200476	snap	3000	sdk	media	batches_sent	4597
1781200476	snap	3000	sdk	media	batches_dropped	0
1781200476	snap	3000	sdk	media	send_unavailable	0
1781200476	snap	3000	sdk	media	send_deadline	0
1781200476	snap	3000	sdk	media	send_exhausted	0
1781200476	snap	3000	sdk	media	send_canceled	0
1781200476	snap	3000	sdk	media	send_other	0
1781200476	snap	3000	sdk	media	buffer_depth	0
0
1781200476	snap	3000	sdk	post-storage	spans_received	904134
1781200476	snap	3000	sdk	post-storage	spans_sent	904134
1781200476	snap	3000	sdk	post-storage	spans_dropped	0
1781200476	snap	3000	sdk	post-storage	spans_flushed	904134
1781200476	snap	3000	sdk	post-storage	batches_sent	4594
1781200476	snap	3000	sdk	post-storage	batches_dropped	0
1781200476	snap	3000	sdk	post-storage	send_unavailable	0
1781200476	snap	3000	sdk	post-storage	send_deadline	0
1781200476	snap	3000	sdk	post-storage	send_exhausted	0
1781200476	snap	3000	sdk	post-storage	send_canceled	0
1781200476	snap	3000	sdk	post-storage	send_other	0
1781200476	snap	3000	sdk	post-storage	buffer_depth	0
0
1781200476	snap	3000	sdk	socialgraph	spans_received	1017968
1781200476	snap	3000	sdk	socialgraph	spans_sent	1017968
1781200476	snap	3000	sdk	socialgraph	spans_dropped	0
1781200476	snap	3000	sdk	socialgraph	spans_flushed	1017968
1781200476	snap	3000	sdk	socialgraph	batches_sent	5076
1781200476	snap	3000	sdk	socialgraph	batches_dropped	0
1781200476	snap	3000	sdk	socialgraph	send_unavailable	0
1781200476	snap	3000	sdk	socialgraph	send_deadline	0
1781200476	snap	3000	sdk	socialgraph	send_exhausted	0
1781200476	snap	3000	sdk	socialgraph	send_canceled	0
1781200476	snap	3000	sdk	socialgraph	send_other	0
1781200476	snap	3000	sdk	socialgraph	buffer_depth	0
0
1781200476	snap	3000	sdk	text	spans_received	2712447
1781200476	snap	3000	sdk	text	spans_sent	2583817
1781200476	snap	3000	sdk	text	spans_dropped	128630
1781200476	snap	3000	sdk	text	spans_flushed	2712447
1781200476	snap	3000	sdk	text	batches_sent	13347
1781200476	snap	3000	sdk	text	batches_dropped	435
1781200476	snap	3000	sdk	text	send_unavailable	435
1781200476	snap	3000	sdk	text	send_deadline	0
1781200476	snap	3000	sdk	text	send_exhausted	0
1781200476	snap	3000	sdk	text	send_canceled	0
1781200476	snap	3000	sdk	text	send_other	0
1781200476	snap	3000	sdk	text	buffer_depth	0
0
1781200476	snap	3000	sdk	uniqueid	spans_received	904143
1781200476	snap	3000	sdk	uniqueid	spans_sent	904143
1781200476	snap	3000	sdk	uniqueid	spans_dropped	0
1781200476	snap	3000	sdk	uniqueid	spans_flushed	904143
1781200476	snap	3000	sdk	uniqueid	batches_sent	4593
1781200476	snap	3000	sdk	uniqueid	batches_dropped	0
1781200476	snap	3000	sdk	uniqueid	send_unavailable	0
1781200476	snap	3000	sdk	uniqueid	send_deadline	0
1781200476	snap	3000	sdk	uniqueid	send_exhausted	0
1781200476	snap	3000	sdk	uniqueid	send_canceled	0
1781200476	snap	3000	sdk	uniqueid	send_other	0
1781200476	snap	3000	sdk	uniqueid	buffer_depth	0
0
1781200476	snap	3000	sdk	urlshorten	spans_received	904143
1781200476	snap	3000	sdk	urlshorten	spans_sent	904143
1781200476	snap	3000	sdk	urlshorten	spans_dropped	0
1781200476	snap	3000	sdk	urlshorten	spans_flushed	904143
1781200476	snap	3000	sdk	urlshorten	batches_sent	4596
1781200476	snap	3000	sdk	urlshorten	batches_dropped	0
1781200476	snap	3000	sdk	urlshorten	send_unavailable	0
1781200476	snap	3000	sdk	urlshorten	send_deadline	0
1781200476	snap	3000	sdk	urlshorten	send_exhausted	0
1781200476	snap	3000	sdk	urlshorten	send_canceled	0
1781200476	snap	3000	sdk	urlshorten	send_other	0
1781200476	snap	3000	sdk	urlshorten	buffer_depth	0
0
1781200476	snap	3000	sdk	user	spans_received	906067
1781200476	snap	3000	sdk	user	spans_sent	906067
1781200476	snap	3000	sdk	user	spans_dropped	0
1781200476	snap	3000	sdk	user	spans_flushed	906067
1781200476	snap	3000	sdk	user	batches_sent	4605
1781200476	snap	3000	sdk	user	batches_dropped	0
1781200476	snap	3000	sdk	user	send_unavailable	0
1781200476	snap	3000	sdk	user	send_deadline	0
1781200476	snap	3000	sdk	user	send_exhausted	0
1781200476	snap	3000	sdk	user	send_canceled	0
1781200476	snap	3000	sdk	user	send_other	0
1781200476	snap	3000	sdk	user	buffer_depth	0
0
1781200476	snap	3000	sdk	userid	spans_received	75248
1781200476	snap	3000	sdk	userid	spans_sent	75248
1781200476	snap	3000	sdk	userid	spans_dropped	0
1781200476	snap	3000	sdk	userid	spans_flushed	75248
1781200476	snap	3000	sdk	userid	batches_sent	245
1781200476	snap	3000	sdk	userid	batches_dropped	0
1781200476	snap	3000	sdk	userid	send_unavailable	0
1781200476	snap	3000	sdk	userid	send_deadline	0
1781200476	snap	3000	sdk	userid	send_exhausted	0
1781200476	snap	3000	sdk	userid	send_canceled	0
1781200476	snap	3000	sdk	userid	send_other	0
1781200476	snap	3000	sdk	userid	buffer_depth	0
0
1781200476	snap	3000	sdk	usermention	spans_received	904143
1781200476	snap	3000	sdk	usermention	spans_sent	904143
1781200476	snap	3000	sdk	usermention	spans_dropped	0
1781200476	snap	3000	sdk	usermention	spans_flushed	904143
1781200476	snap	3000	sdk	usermention	batches_sent	4594
1781200476	snap	3000	sdk	usermention	batches_dropped	0
1781200476	snap	3000	sdk	usermention	send_unavailable	0
1781200476	snap	3000	sdk	usermention	send_deadline	0
1781200476	snap	3000	sdk	usermention	send_exhausted	0
1781200476	snap	3000	sdk	usermention	send_canceled	0
1781200476	snap	3000	sdk	usermention	send_other	0
1781200476	snap	3000	sdk	usermention	buffer_depth	0
0
1781200476	snap	3000	sdk	usertimeline	spans_received	904134
1781200476	snap	3000	sdk	usertimeline	spans_sent	904134
1781200476	snap	3000	sdk	usertimeline	spans_dropped	0
1781200476	snap	3000	sdk	usertimeline	spans_flushed	904134
1781200476	snap	3000	sdk	usertimeline	batches_sent	4593
1781200476	snap	3000	sdk	usertimeline	batches_dropped	0
1781200476	snap	3000	sdk	usertimeline	send_unavailable	0
1781200476	snap	3000	sdk	usertimeline	send_deadline	0
1781200476	snap	3000	sdk	usertimeline	send_exhausted	0
1781200476	snap	3000	sdk	usertimeline	send_canceled	0
1781200476	snap	3000	sdk	usertimeline	send_other	0
1781200476	snap	3000	sdk	usertimeline	buffer_depth	0
0
1781200483	snap	3200	otelcol	otelcol-sb-esrev0-ctr-mrm6k	otelcol_exporter_queue_size	73
1781200483	snap	3200	otelcol	otelcol-sb-esrev0-ctr-mrm6k	otelcol_processor_batch_batch_send_size_sum	1114248
1781200483	snap	3200	otelcol	otelcol-sb-esrev0-ctr-mrm6k	otelcol_process_runtime_heap_alloc_bytes	79623832
1781200483	snap	3200	otelcol	otelcol-sb-esrev0-ctr-mrm6k	otelcol_exporter_queue_batch_send_size_sum	1114248
1781200483	snap	3200	otelcol	otelcol-sb-esrev0-ctr-mrm6k	otelcol_process_uptime	630
1781200483	snap	3200	otelcol	otelcol-sb-esrev0-ctr-mrm6k	otelcol_processor_outgoing_items	1114248
1781200483	snap	3200	otelcol	otelcol-sb-esrev0-ctr-mrm6k	otelcol_process_runtime_total_alloc_bytes	863579696
1781200483	snap	3200	otelcol	otelcol-sb-esrev0-ctr-mrm6k	otelcol_process_memory_rss	246599680
1781200483	snap	3200	otelcol	otelcol-sb-esrev0-ctr-mrm6k	otelcol_process_cpu_seconds	31
1781200483	snap	3200	otelcol	otelcol-sb-esrev0-ctr-mrm6k	otelcol_exporter_send_failed_spans	0
1781200483	snap	3200	otelcol	otelcol-sb-esrev0-ctr-mrm6k	otelcol_receiver_accepted_spans	1114248
1781200483	snap	3200	otelcol	otelcol-sb-esrev0-ctr-mrm6k	otelcol_processor_batch_metadata_cardinality	1
1781200483	snap	3200	otelcol	otelcol-sb-esrev0-ctr-mrm6k	otelcol_receiver_refused_spans	0
1781200483	snap	3200	otelcol	otelcol-sb-esrev0-ctr-mrm6k	otelcol_receiver_failed_spans	0
1781200483	snap	3200	otelcol	otelcol-sb-esrev0-ctr-mrm6k	otelcol_processor_batch_timeout_trigger_send	2459
1781200483	snap	3200	otelcol	otelcol-sb-esrev0-ctr-mrm6k	otelcol_process_runtime_total_sys_memory_bytes	106727704
1781200483	snap	3200	otelcol	otelcol-sb-esrev0-ctr-mrm6k	otelcol_exporter_queue_capacity	1001
1781200483	snap	3200	otelcol	otelcol-sb-esrev0-ctr-mrm6k	otelcol_processor_incoming_items	1114248
1781200483	snap	3200	otelcol	otelcol-sb-esrev0-ctr-mrm6k	otelcol_exporter_sent_spans	1061512
1781200483	snap	3200	otelcol	otelcol-sb-esrev0-ctr-rdtzq	otelcol_process_runtime_total_sys_memory_bytes	97536280
1781200483	snap	3200	otelcol	otelcol-sb-esrev0-ctr-rdtzq	otelcol_process_memory_rss	235114496
1781200483	snap	3200	otelcol	otelcol-sb-esrev0-ctr-rdtzq	otelcol_exporter_queue_capacity	1001
1781200483	snap	3200	otelcol	otelcol-sb-esrev0-ctr-rdtzq	otelcol_process_cpu_seconds	30
1781200483	snap	3200	otelcol	otelcol-sb-esrev0-ctr-rdtzq	otelcol_processor_incoming_items	1113433
1781200483	snap	3200	otelcol	otelcol-sb-esrev0-ctr-rdtzq	otelcol_exporter_queue_batch_send_size_sum	1113433
1781200483	snap	3200	otelcol	otelcol-sb-esrev0-ctr-rdtzq	otelcol_exporter_send_failed_spans	0
1781200483	snap	3200	otelcol	otelcol-sb-esrev0-ctr-rdtzq	otelcol_receiver_refused_spans	0
1781200483	snap	3200	otelcol	otelcol-sb-esrev0-ctr-rdtzq	otelcol_exporter_sent_spans	1073205
1781200483	snap	3200	otelcol	otelcol-sb-esrev0-ctr-rdtzq	otelcol_process_runtime_total_alloc_bytes	889615040
1781200483	snap	3200	otelcol	otelcol-sb-esrev0-ctr-rdtzq	otelcol_process_runtime_heap_alloc_bytes	73207136
1781200483	snap	3200	otelcol	otelcol-sb-esrev0-ctr-rdtzq	otelcol_processor_outgoing_items	1113433
1781200483	snap	3200	otelcol	otelcol-sb-esrev0-ctr-rdtzq	otelcol_process_uptime	630
1781200483	snap	3200	otelcol	otelcol-sb-esrev0-ctr-rdtzq	otelcol_receiver_failed_spans	0
1781200483	snap	3200	otelcol	otelcol-sb-esrev0-ctr-rdtzq	otelcol_processor_batch_metadata_cardinality	1
1781200483	snap	3200	otelcol	otelcol-sb-esrev0-ctr-rdtzq	otelcol_receiver_accepted_spans	1113433
1781200483	snap	3200	otelcol	otelcol-sb-esrev0-ctr-rdtzq	otelcol_processor_batch_timeout_trigger_send	2460
1781200483	snap	3200	otelcol	otelcol-sb-esrev0-ctr-rdtzq	otelcol_processor_batch_batch_send_size_sum	1113433
1781200483	snap	3200	otelcol	otelcol-sb-esrev0-ctr-rdtzq	otelcol_exporter_queue_size	56
1781200483	snap	3200	otelcol	otelcol-sb-esrev0-ctr-glxdm	otelcol_receiver_failed_spans	0
1781200483	snap	3200	otelcol	otelcol-sb-esrev0-ctr-glxdm	otelcol_process_uptime	630
1781200483	snap	3200	otelcol	otelcol-sb-esrev0-ctr-glxdm	otelcol_exporter_queue_capacity	1001
1781200483	snap	3200	otelcol	otelcol-sb-esrev0-ctr-glxdm	otelcol_processor_batch_metadata_cardinality	1
1781200483	snap	3200	otelcol	otelcol-sb-esrev0-ctr-glxdm	otelcol_process_runtime_heap_alloc_bytes	113329984
1781200483	snap	3200	otelcol	otelcol-sb-esrev0-ctr-glxdm	otelcol_exporter_send_failed_spans	0
1781200483	snap	3200	otelcol	otelcol-sb-esrev0-ctr-glxdm	otelcol_processor_incoming_items	2017217
1781200483	snap	3200	otelcol	otelcol-sb-esrev0-ctr-glxdm	otelcol_process_cpu_seconds	41
1781200483	snap	3200	otelcol	otelcol-sb-esrev0-ctr-glxdm	otelcol_exporter_sent_spans	1828842
1781200483	snap	3200	otelcol	otelcol-sb-esrev0-ctr-glxdm	otelcol_receiver_refused_spans	2038
1781200483	snap	3200	otelcol	otelcol-sb-esrev0-ctr-glxdm	otelcol_processor_batch_timeout_trigger_send	2455
1781200483	snap	3200	otelcol	otelcol-sb-esrev0-ctr-glxdm	otelcol_processor_batch_batch_send_size_sum	2015179
1781200483	snap	3200	otelcol	otelcol-sb-esrev0-ctr-glxdm	otelcol_process_runtime_total_alloc_bytes	1374924408
1781200483	snap	3200	otelcol	otelcol-sb-esrev0-ctr-glxdm	otelcol_process_memory_rss	278818816
1781200483	snap	3200	otelcol	otelcol-sb-esrev0-ctr-glxdm	otelcol_exporter_queue_batch_send_size_sum	2015179
1781200483	snap	3200	otelcol	otelcol-sb-esrev0-ctr-glxdm	otelcol_process_runtime_total_sys_memory_bytes	145602856
1781200483	snap	3200	otelcol	otelcol-sb-esrev0-ctr-glxdm	otelcol_receiver_accepted_spans	2015179
1781200483	snap	3200	otelcol	otelcol-sb-esrev0-ctr-glxdm	otelcol_processor_outgoing_items	2015179
1781200483	snap	3200	otelcol	otelcol-sb-esrev0-ctr-glxdm	otelcol_exporter_queue_size	143
1781200483	snap	3200	otelcol	otelcol-sb-esrev0-ctr-2bk4z	otelcol_processor_batch_batch_send_size_sum	1228097
1781200483	snap	3200	otelcol	otelcol-sb-esrev0-ctr-2bk4z	otelcol_process_runtime_heap_alloc_bytes	85852184
1781200483	snap	3200	otelcol	otelcol-sb-esrev0-ctr-2bk4z	otelcol_exporter_queue_size	128
1781200483	snap	3200	otelcol	otelcol-sb-esrev0-ctr-2bk4z	otelcol_process_memory_rss	250429440
1781200483	snap	3200	otelcol	otelcol-sb-esrev0-ctr-2bk4z	otelcol_receiver_failed_spans	0
1781200483	snap	3200	otelcol	otelcol-sb-esrev0-ctr-2bk4z	otelcol_process_runtime_total_alloc_bytes	929855208
1781200483	snap	3200	otelcol	otelcol-sb-esrev0-ctr-2bk4z	otelcol_exporter_send_failed_spans	0
1781200483	snap	3200	otelcol	otelcol-sb-esrev0-ctr-2bk4z	otelcol_receiver_refused_spans	0
1781200483	snap	3200	otelcol	otelcol-sb-esrev0-ctr-2bk4z	otelcol_process_uptime	632
1781200483	snap	3200	otelcol	otelcol-sb-esrev0-ctr-2bk4z	otelcol_processor_incoming_items	1228097
1781200483	snap	3200	otelcol	otelcol-sb-esrev0-ctr-2bk4z	otelcol_process_runtime_total_sys_memory_bytes	111724824
1781200483	snap	3200	otelcol	otelcol-sb-esrev0-ctr-2bk4z	otelcol_processor_outgoing_items	1228097
1781200483	snap	3200	otelcol	otelcol-sb-esrev0-ctr-2bk4z	otelcol_process_cpu_seconds	29
1781200483	snap	3200	otelcol	otelcol-sb-esrev0-ctr-2bk4z	otelcol_exporter_queue_batch_send_size_sum	1228097
1781200483	snap	3200	otelcol	otelcol-sb-esrev0-ctr-2bk4z	otelcol_processor_batch_metadata_cardinality	1
1781200483	snap	3200	otelcol	otelcol-sb-esrev0-ctr-2bk4z	otelcol_processor_batch_timeout_trigger_send	2468
1781200483	snap	3200	otelcol	otelcol-sb-esrev0-ctr-2bk4z	otelcol_receiver_accepted_spans	1228097
1781200483	snap	3200	otelcol	otelcol-sb-esrev0-ctr-2bk4z	otelcol_exporter_sent_spans	1135134
1781200483	snap	3200	otelcol	otelcol-sb-esrev0-ctr-2bk4z	otelcol_exporter_queue_capacity	1001
1781200483	snap	3200	otelcol	otelcol-sb-esrev0-ctr-gcg4j	otelcol_receiver_failed_spans	0
1781200483	snap	3200	otelcol	otelcol-sb-esrev0-ctr-gcg4j	otelcol_processor_batch_timeout_trigger_send	2448
1781200483	snap	3200	otelcol	otelcol-sb-esrev0-ctr-gcg4j	otelcol_exporter_queue_size	9
1781200483	snap	3200	otelcol	otelcol-sb-esrev0-ctr-gcg4j	otelcol_process_runtime_total_sys_memory_bytes	76335384
1781200483	snap	3200	otelcol	otelcol-sb-esrev0-ctr-gcg4j	otelcol_exporter_queue_batch_send_size_sum	208911
1781200483	snap	3200	otelcol	otelcol-sb-esrev0-ctr-gcg4j	otelcol_receiver_accepted_spans	208911
1781200483	snap	3200	otelcol	otelcol-sb-esrev0-ctr-gcg4j	otelcol_process_runtime_total_alloc_bytes	329132584
1781200483	snap	3200	otelcol	otelcol-sb-esrev0-ctr-gcg4j	otelcol_process_memory_rss	212135936
1781200483	snap	3200	otelcol	otelcol-sb-esrev0-ctr-gcg4j	otelcol_process_cpu_seconds	23
1781200483	snap	3200	otelcol	otelcol-sb-esrev0-ctr-gcg4j	otelcol_exporter_queue_capacity	1001
1781200483	snap	3200	otelcol	otelcol-sb-esrev0-ctr-gcg4j	otelcol_processor_incoming_items	208911
1781200483	snap	3200	otelcol	otelcol-sb-esrev0-ctr-gcg4j	otelcol_exporter_send_failed_spans	0
1781200483	snap	3200	otelcol	otelcol-sb-esrev0-ctr-gcg4j	otelcol_receiver_refused_spans	0
1781200483	snap	3200	otelcol	otelcol-sb-esrev0-ctr-gcg4j	otelcol_processor_outgoing_items	208911
1781200483	snap	3200	otelcol	otelcol-sb-esrev0-ctr-gcg4j	otelcol_processor_batch_metadata_cardinality	1
1781200483	snap	3200	otelcol	otelcol-sb-esrev0-ctr-gcg4j	otelcol_processor_batch_batch_send_size_sum	208911
1781200483	snap	3200	otelcol	otelcol-sb-esrev0-ctr-gcg4j	otelcol_process_uptime	629
1781200483	snap	3200	otelcol	otelcol-sb-esrev0-ctr-gcg4j	otelcol_process_runtime_heap_alloc_bytes	44704072
1781200483	snap	3200	otelcol	otelcol-sb-esrev0-ctr-gcg4j	otelcol_exporter_sent_spans	207705
1781200483	snap	3200	otelcol	otelcol-sb-esrev0-ctr-pr5gq	otelcol_receiver_accepted_spans	3769373
1781200483	snap	3200	otelcol	otelcol-sb-esrev0-ctr-pr5gq	otelcol_receiver_failed_spans	0
1781200483	snap	3200	otelcol	otelcol-sb-esrev0-ctr-pr5gq	otelcol_process_uptime	629
1781200483	snap	3200	otelcol	otelcol-sb-esrev0-ctr-pr5gq	otelcol_exporter_queue_batch_send_size_sum	3769373
1781200483	snap	3200	otelcol	otelcol-sb-esrev0-ctr-pr5gq	otelcol_processor_outgoing_items	3769373
1781200483	snap	3200	otelcol	otelcol-sb-esrev0-ctr-pr5gq	otelcol_process_runtime_total_sys_memory_bytes	159635752
1781200483	snap	3200	otelcol	otelcol-sb-esrev0-ctr-pr5gq	otelcol_process_runtime_heap_alloc_bytes	74840056
1781200483	snap	3200	otelcol	otelcol-sb-esrev0-ctr-pr5gq	otelcol_exporter_queue_capacity	1001
1781200483	snap	3200	otelcol	otelcol-sb-esrev0-ctr-pr5gq	otelcol_process_memory_rss	293732352
1781200483	snap	3200	otelcol	otelcol-sb-esrev0-ctr-pr5gq	otelcol_exporter_queue_size	43
1781200483	snap	3200	otelcol	otelcol-sb-esrev0-ctr-pr5gq	otelcol_exporter_send_failed_spans	0
1781200483	snap	3200	otelcol	otelcol-sb-esrev0-ctr-pr5gq	otelcol_receiver_refused_spans	133385
1781200483	snap	3200	otelcol	otelcol-sb-esrev0-ctr-pr5gq	otelcol_process_runtime_total_alloc_bytes	2148926592
1781200483	snap	3200	otelcol	otelcol-sb-esrev0-ctr-pr5gq	otelcol_processor_batch_batch_send_size_sum	3769373
1781200483	snap	3200	otelcol	otelcol-sb-esrev0-ctr-pr5gq	otelcol_process_cpu_seconds	55
1781200483	snap	3200	otelcol	otelcol-sb-esrev0-ctr-pr5gq	otelcol_processor_incoming_items	3902758
1781200483	snap	3200	otelcol	otelcol-sb-esrev0-ctr-pr5gq	otelcol_processor_batch_metadata_cardinality	1
1781200483	snap	3200	otelcol	otelcol-sb-esrev0-ctr-pr5gq	otelcol_processor_batch_timeout_trigger_send	2458
1781200483	snap	3200	otelcol	otelcol-sb-esrev0-ctr-pr5gq	otelcol_exporter_sent_spans	3710130
1781200483	snap	3200	otelcol	otelcol-sb-esrev0-ctr-rbkvt	otelcol_processor_outgoing_items	1115370
1781200483	snap	3200	otelcol	otelcol-sb-esrev0-ctr-rbkvt	otelcol_exporter_send_failed_spans	0
1781200483	snap	3200	otelcol	otelcol-sb-esrev0-ctr-rbkvt	otelcol_receiver_refused_spans	0
1781200483	snap	3200	otelcol	otelcol-sb-esrev0-ctr-rbkvt	otelcol_exporter_queue_size	43
1781200483	snap	3200	otelcol	otelcol-sb-esrev0-ctr-rbkvt	otelcol_exporter_queue_batch_send_size_sum	1115370
1781200483	snap	3200	otelcol	otelcol-sb-esrev0-ctr-rbkvt	otelcol_process_runtime_total_sys_memory_bytes	102603048
1781200483	snap	3200	otelcol	otelcol-sb-esrev0-ctr-rbkvt	otelcol_receiver_failed_spans	0
1781200483	snap	3200	otelcol	otelcol-sb-esrev0-ctr-rbkvt	otelcol_processor_batch_metadata_cardinality	1
1781200483	snap	3200	otelcol	otelcol-sb-esrev0-ctr-rbkvt	otelcol_processor_batch_timeout_trigger_send	2456
1781200483	snap	3200	otelcol	otelcol-sb-esrev0-ctr-rbkvt	otelcol_processor_batch_batch_send_size_sum	1115370
1781200483	snap	3200	otelcol	otelcol-sb-esrev0-ctr-rbkvt	otelcol_receiver_accepted_spans	1115370
1781200483	snap	3200	otelcol	otelcol-sb-esrev0-ctr-rbkvt	otelcol_process_cpu_seconds	29
1781200483	snap	3200	otelcol	otelcol-sb-esrev0-ctr-rbkvt	otelcol_process_uptime	630
1781200483	snap	3200	otelcol	otelcol-sb-esrev0-ctr-rbkvt	otelcol_process_runtime_heap_alloc_bytes	62842848
1781200483	snap	3200	otelcol	otelcol-sb-esrev0-ctr-rbkvt	otelcol_process_memory_rss	238346240
1781200483	snap	3200	otelcol	otelcol-sb-esrev0-ctr-rbkvt	otelcol_exporter_sent_spans	1084168
1781200483	snap	3200	otelcol	otelcol-sb-esrev0-ctr-rbkvt	otelcol_exporter_queue_capacity	1001
1781200483	snap	3200	otelcol	otelcol-sb-esrev0-ctr-rbkvt	otelcol_process_runtime_total_alloc_bytes	837772808
1781200483	snap	3200	otelcol	otelcol-sb-esrev0-ctr-rbkvt	otelcol_processor_incoming_items	1115370
1781200483	snap	3200	otelcol	otelcol-sb-esrev0-ctr-vnnmt	otelcol_process_cpu_seconds	29
1781200483	snap	3200	otelcol	otelcol-sb-esrev0-ctr-vnnmt	otelcol_exporter_sent_spans	1101978
1781200483	snap	3200	otelcol	otelcol-sb-esrev0-ctr-vnnmt	otelcol_process_runtime_total_alloc_bytes	877537416
1781200483	snap	3200	otelcol	otelcol-sb-esrev0-ctr-vnnmt	otelcol_processor_outgoing_items	1113054
1781200483	snap	3200	otelcol	otelcol-sb-esrev0-ctr-vnnmt	otelcol_process_runtime_heap_alloc_bytes	49844528
1781200483	snap	3200	otelcol	otelcol-sb-esrev0-ctr-vnnmt	otelcol_exporter_queue_size	16
1781200483	snap	3200	otelcol	otelcol-sb-esrev0-ctr-vnnmt	otelcol_exporter_queue_batch_send_size_sum	1113054
1781200483	snap	3200	otelcol	otelcol-sb-esrev0-ctr-vnnmt	otelcol_processor_batch_batch_send_size_sum	1113054
1781200483	snap	3200	otelcol	otelcol-sb-esrev0-ctr-vnnmt	otelcol_receiver_failed_spans	0
1781200483	snap	3200	otelcol	otelcol-sb-esrev0-ctr-vnnmt	otelcol_process_memory_rss	238759936
1781200483	snap	3200	otelcol	otelcol-sb-esrev0-ctr-vnnmt	otelcol_exporter_send_failed_spans	0
1781200483	snap	3200	otelcol	otelcol-sb-esrev0-ctr-vnnmt	otelcol_receiver_refused_spans	0
1781200483	snap	3200	otelcol	otelcol-sb-esrev0-ctr-vnnmt	otelcol_receiver_accepted_spans	1113054
1781200483	snap	3200	otelcol	otelcol-sb-esrev0-ctr-vnnmt	otelcol_processor_batch_metadata_cardinality	1
1781200483	snap	3200	otelcol	otelcol-sb-esrev0-ctr-vnnmt	otelcol_process_runtime_total_sys_memory_bytes	106727704
1781200483	snap	3200	otelcol	otelcol-sb-esrev0-ctr-vnnmt	otelcol_processor_batch_timeout_trigger_send	2460
1781200483	snap	3200	otelcol	otelcol-sb-esrev0-ctr-vnnmt	otelcol_processor_incoming_items	1113054
1781200483	snap	3200	otelcol	otelcol-sb-esrev0-ctr-vnnmt	otelcol_process_uptime	630
1781200483	snap	3200	otelcol	otelcol-sb-esrev0-ctr-vnnmt	otelcol_exporter_queue_capacity	1001
1781200483	snap	3200	otelcol	otelcol-sb-esrev0-ctr-wht6z	otelcol_exporter_queue_size	51
1781200483	snap	3200	otelcol	otelcol-sb-esrev0-ctr-wht6z	otelcol_process_uptime	629
1781200483	snap	3200	otelcol	otelcol-sb-esrev0-ctr-wht6z	otelcol_receiver_accepted_spans	8346370
1781200483	snap	3200	otelcol	otelcol-sb-esrev0-ctr-wht6z	otelcol_process_runtime_heap_alloc_bytes	115622288
1781200483	snap	3200	otelcol	otelcol-sb-esrev0-ctr-wht6z	otelcol_receiver_failed_spans	0
1781200483	snap	3200	otelcol	otelcol-sb-esrev0-ctr-wht6z	otelcol_process_runtime_total_alloc_bytes	6548723032
1781200483	snap	3200	otelcol	otelcol-sb-esrev0-ctr-wht6z	otelcol_process_memory_rss	317689856
1781200483	snap	3200	otelcol	otelcol-sb-esrev0-ctr-wht6z	otelcol_exporter_queue_capacity	1001
1781200483	snap	3200	otelcol	otelcol-sb-esrev0-ctr-wht6z	otelcol_processor_incoming_items	9100522
1781200483	snap	3200	otelcol	otelcol-sb-esrev0-ctr-wht6z	otelcol_processor_batch_metadata_cardinality	1
1781200483	snap	3200	otelcol	otelcol-sb-esrev0-ctr-wht6z	otelcol_process_cpu_seconds	124
1781200483	snap	3200	otelcol	otelcol-sb-esrev0-ctr-wht6z	otelcol_exporter_send_failed_spans	0
1781200483	snap	3200	otelcol	otelcol-sb-esrev0-ctr-wht6z	otelcol_exporter_sent_spans	8139027
1781200483	snap	3200	otelcol	otelcol-sb-esrev0-ctr-wht6z	otelcol_process_runtime_total_sys_memory_bytes	227854648
1781200483	snap	3200	otelcol	otelcol-sb-esrev0-ctr-wht6z	otelcol_receiver_refused_spans	754152
1781200483	snap	3200	otelcol	otelcol-sb-esrev0-ctr-wht6z	otelcol_exporter_queue_batch_send_size_sum	8346370
1781200483	snap	3200	otelcol	otelcol-sb-esrev0-ctr-wht6z	otelcol_processor_batch_timeout_trigger_send	2336
1781200483	snap	3200	otelcol	otelcol-sb-esrev0-ctr-wht6z	otelcol_processor_batch_batch_size_trigger_send	1
1781200483	snap	3200	otelcol	otelcol-sb-esrev0-ctr-wht6z	otelcol_processor_batch_batch_send_size_sum	8346370
1781200483	snap	3200	otelcol	otelcol-sb-esrev0-ctr-wht6z	otelcol_processor_outgoing_items	8346370
1781200483	snap	3200	k8s	otelcol-sb-esrev0-ctr-2bk4z	restart_count	0
1781200483	snap	3200	k8s	otelcol-sb-esrev0-ctr-gcg4j	restart_count	0
1781200483	snap	3200	k8s	otelcol-sb-esrev0-ctr-glxdm	restart_count	0
1781200483	snap	3200	k8s	otelcol-sb-esrev0-ctr-mrm6k	restart_count	0
1781200483	snap	3200	k8s	otelcol-sb-esrev0-ctr-pr5gq	restart_count	0
1781200483	snap	3200	k8s	otelcol-sb-esrev0-ctr-rbkvt	restart_count	0
1781200483	snap	3200	k8s	otelcol-sb-esrev0-ctr-rdtzq	restart_count	0
1781200483	snap	3200	k8s	otelcol-sb-esrev0-ctr-vnnmt	restart_count	0
1781200483	snap	3200	k8s	otelcol-sb-esrev0-ctr-wht6z	restart_count	0
1781200483	snap	3200	sdk	wrk2api	spans_received	210920
1781200483	snap	3200	sdk	wrk2api	spans_sent	206165
1781200483	snap	3200	sdk	wrk2api	spans_dropped	4755
1781200483	snap	3200	sdk	wrk2api	spans_flushed	210920
1781200483	snap	3200	sdk	wrk2api	batches_sent	9512
1781200483	snap	3200	sdk	wrk2api	batches_dropped	145
1781200483	snap	3200	sdk	wrk2api	send_unavailable	145
1781200483	snap	3200	sdk	wrk2api	send_deadline	0
1781200483	snap	3200	sdk	wrk2api	send_exhausted	0
1781200483	snap	3200	sdk	wrk2api	send_canceled	0
1781200483	snap	3200	sdk	wrk2api	send_other	0
1781200483	snap	3200	sdk	wrk2api	buffer_depth	0
0
1781200483	snap	3200	sdk	composepost	spans_received	7233135
1781200483	snap	3200	sdk	composepost	spans_sent	6582144
1781200483	snap	3200	sdk	composepost	spans_dropped	650991
1781200483	snap	3200	sdk	composepost	spans_flushed	7233135
1781200483	snap	3200	sdk	composepost	batches_sent	34546
1781200483	snap	3200	sdk	composepost	batches_dropped	2200
1781200483	snap	3200	sdk	composepost	send_unavailable	1257
1781200483	snap	3200	sdk	composepost	send_deadline	943
1781200483	snap	3200	sdk	composepost	send_exhausted	0
1781200483	snap	3200	sdk	composepost	send_canceled	0
1781200483	snap	3200	sdk	composepost	send_other	0
1781200483	snap	3200	sdk	composepost	buffer_depth	0
0
1781200483	snap	3200	sdk	hometimeline	spans_received	1808268
1781200483	snap	3200	sdk	hometimeline	spans_sent	1576775
1781200483	snap	3200	sdk	hometimeline	spans_dropped	231493
1781200483	snap	3200	sdk	hometimeline	spans_flushed	1808268
1781200483	snap	3200	sdk	hometimeline	batches_sent	8409
1781200483	snap	3200	sdk	hometimeline	batches_dropped	782
1781200483	snap	3200	sdk	hometimeline	send_unavailable	745
1781200483	snap	3200	sdk	hometimeline	send_deadline	37
1781200483	snap	3200	sdk	hometimeline	send_exhausted	0
1781200483	snap	3200	sdk	hometimeline	send_canceled	0
1781200483	snap	3200	sdk	hometimeline	send_other	0
1781200483	snap	3200	sdk	hometimeline	buffer_depth	0
0
1781200483	snap	3200	sdk	media	spans_received	904143
1781200483	snap	3200	sdk	media	spans_sent	904143
1781200483	snap	3200	sdk	media	spans_dropped	0
1781200483	snap	3200	sdk	media	spans_flushed	904143
1781200483	snap	3200	sdk	media	batches_sent	4597
1781200483	snap	3200	sdk	media	batches_dropped	0
1781200483	snap	3200	sdk	media	send_unavailable	0
1781200483	snap	3200	sdk	media	send_deadline	0
1781200483	snap	3200	sdk	media	send_exhausted	0
1781200483	snap	3200	sdk	media	send_canceled	0
1781200483	snap	3200	sdk	media	send_other	0
1781200483	snap	3200	sdk	media	buffer_depth	0
0
1781200483	snap	3200	sdk	post-storage	spans_received	904134
1781200483	snap	3200	sdk	post-storage	spans_sent	904134
1781200483	snap	3200	sdk	post-storage	spans_dropped	0
1781200483	snap	3200	sdk	post-storage	spans_flushed	904134
1781200483	snap	3200	sdk	post-storage	batches_sent	4594
1781200483	snap	3200	sdk	post-storage	batches_dropped	0
1781200483	snap	3200	sdk	post-storage	send_unavailable	0
1781200483	snap	3200	sdk	post-storage	send_deadline	0
1781200483	snap	3200	sdk	post-storage	send_exhausted	0
1781200483	snap	3200	sdk	post-storage	send_canceled	0
1781200483	snap	3200	sdk	post-storage	send_other	0
1781200483	snap	3200	sdk	post-storage	buffer_depth	0
0
1781200483	snap	3200	sdk	socialgraph	spans_received	1017968
1781200483	snap	3200	sdk	socialgraph	spans_sent	1017968
1781200483	snap	3200	sdk	socialgraph	spans_dropped	0
1781200483	snap	3200	sdk	socialgraph	spans_flushed	1017968
1781200483	snap	3200	sdk	socialgraph	batches_sent	5076
1781200483	snap	3200	sdk	socialgraph	batches_dropped	0
1781200483	snap	3200	sdk	socialgraph	send_unavailable	0
1781200483	snap	3200	sdk	socialgraph	send_deadline	0
1781200483	snap	3200	sdk	socialgraph	send_exhausted	0
1781200483	snap	3200	sdk	socialgraph	send_canceled	0
1781200483	snap	3200	sdk	socialgraph	send_other	0
1781200483	snap	3200	sdk	socialgraph	buffer_depth	0
0
1781200483	snap	3200	sdk	text	spans_received	2712447
1781200483	snap	3200	sdk	text	spans_sent	2583817
1781200483	snap	3200	sdk	text	spans_dropped	128630
1781200483	snap	3200	sdk	text	spans_flushed	2712447
1781200483	snap	3200	sdk	text	batches_sent	13347
1781200483	snap	3200	sdk	text	batches_dropped	435
1781200483	snap	3200	sdk	text	send_unavailable	435
1781200483	snap	3200	sdk	text	send_deadline	0
1781200483	snap	3200	sdk	text	send_exhausted	0
1781200483	snap	3200	sdk	text	send_canceled	0
1781200483	snap	3200	sdk	text	send_other	0
1781200483	snap	3200	sdk	text	buffer_depth	0
0
1781200483	snap	3200	sdk	uniqueid	spans_received	904143
1781200483	snap	3200	sdk	uniqueid	spans_sent	904143
1781200483	snap	3200	sdk	uniqueid	spans_dropped	0
1781200483	snap	3200	sdk	uniqueid	spans_flushed	904143
1781200483	snap	3200	sdk	uniqueid	batches_sent	4593
1781200483	snap	3200	sdk	uniqueid	batches_dropped	0
1781200483	snap	3200	sdk	uniqueid	send_unavailable	0
1781200483	snap	3200	sdk	uniqueid	send_deadline	0
1781200483	snap	3200	sdk	uniqueid	send_exhausted	0
1781200483	snap	3200	sdk	uniqueid	send_canceled	0
1781200483	snap	3200	sdk	uniqueid	send_other	0
1781200483	snap	3200	sdk	uniqueid	buffer_depth	0
0
1781200483	snap	3200	sdk	urlshorten	spans_received	904143
1781200483	snap	3200	sdk	urlshorten	spans_sent	904143
1781200483	snap	3200	sdk	urlshorten	spans_dropped	0
1781200483	snap	3200	sdk	urlshorten	spans_flushed	904143
1781200483	snap	3200	sdk	urlshorten	batches_sent	4596
1781200483	snap	3200	sdk	urlshorten	batches_dropped	0
1781200483	snap	3200	sdk	urlshorten	send_unavailable	0
1781200483	snap	3200	sdk	urlshorten	send_deadline	0
1781200483	snap	3200	sdk	urlshorten	send_exhausted	0
1781200483	snap	3200	sdk	urlshorten	send_canceled	0
1781200483	snap	3200	sdk	urlshorten	send_other	0
1781200483	snap	3200	sdk	urlshorten	buffer_depth	0
0
1781200483	snap	3200	sdk	user	spans_received	906067
1781200483	snap	3200	sdk	user	spans_sent	906067
1781200483	snap	3200	sdk	user	spans_dropped	0
1781200483	snap	3200	sdk	user	spans_flushed	906067
1781200483	snap	3200	sdk	user	batches_sent	4605
1781200483	snap	3200	sdk	user	batches_dropped	0
1781200483	snap	3200	sdk	user	send_unavailable	0
1781200483	snap	3200	sdk	user	send_deadline	0
1781200483	snap	3200	sdk	user	send_exhausted	0
1781200483	snap	3200	sdk	user	send_canceled	0
1781200483	snap	3200	sdk	user	send_other	0
1781200483	snap	3200	sdk	user	buffer_depth	0
0
1781200483	snap	3200	sdk	userid	spans_received	75248
1781200483	snap	3200	sdk	userid	spans_sent	75248
1781200483	snap	3200	sdk	userid	spans_dropped	0
1781200483	snap	3200	sdk	userid	spans_flushed	75248
1781200483	snap	3200	sdk	userid	batches_sent	245
1781200483	snap	3200	sdk	userid	batches_dropped	0
1781200483	snap	3200	sdk	userid	send_unavailable	0
1781200483	snap	3200	sdk	userid	send_deadline	0
1781200483	snap	3200	sdk	userid	send_exhausted	0
1781200483	snap	3200	sdk	userid	send_canceled	0
1781200483	snap	3200	sdk	userid	send_other	0
1781200483	snap	3200	sdk	userid	buffer_depth	0
0
1781200483	snap	3200	sdk	usermention	spans_received	904143
1781200483	snap	3200	sdk	usermention	spans_sent	904143
1781200483	snap	3200	sdk	usermention	spans_dropped	0
1781200483	snap	3200	sdk	usermention	spans_flushed	904143
1781200483	snap	3200	sdk	usermention	batches_sent	4594
1781200483	snap	3200	sdk	usermention	batches_dropped	0
1781200483	snap	3200	sdk	usermention	send_unavailable	0
1781200483	snap	3200	sdk	usermention	send_deadline	0
1781200483	snap	3200	sdk	usermention	send_exhausted	0
1781200483	snap	3200	sdk	usermention	send_canceled	0
1781200483	snap	3200	sdk	usermention	send_other	0
1781200483	snap	3200	sdk	usermention	buffer_depth	0
0
1781200483	snap	3200	sdk	usertimeline	spans_received	904134
1781200483	snap	3200	sdk	usertimeline	spans_sent	904134
1781200483	snap	3200	sdk	usertimeline	spans_dropped	0
1781200483	snap	3200	sdk	usertimeline	spans_flushed	904134
1781200483	snap	3200	sdk	usertimeline	batches_sent	4593
1781200483	snap	3200	sdk	usertimeline	batches_dropped	0
1781200483	snap	3200	sdk	usertimeline	send_unavailable	0
1781200483	snap	3200	sdk	usertimeline	send_deadline	0
1781200483	snap	3200	sdk	usertimeline	send_exhausted	0
1781200483	snap	3200	sdk	usertimeline	send_canceled	0
1781200483	snap	3200	sdk	usertimeline	send_other	0
1781200483	snap	3200	sdk	usertimeline	buffer_depth	0
0
1781200550	snap	3200	otelcol	otelcol-sb-esrev0-ctr-mrm6k	otelcol_exporter_queue_size	26
1781200550	snap	3200	otelcol	otelcol-sb-esrev0-ctr-mrm6k	otelcol_processor_batch_batch_send_size_sum	1346124
1781200550	snap	3200	otelcol	otelcol-sb-esrev0-ctr-mrm6k	otelcol_process_runtime_heap_alloc_bytes	45199112
1781200550	snap	3200	otelcol	otelcol-sb-esrev0-ctr-mrm6k	otelcol_exporter_queue_batch_send_size_sum	1346124
1781200550	snap	3200	otelcol	otelcol-sb-esrev0-ctr-mrm6k	otelcol_process_uptime	697
1781200550	snap	3200	otelcol	otelcol-sb-esrev0-ctr-mrm6k	otelcol_processor_outgoing_items	1346124
1781200550	snap	3200	otelcol	otelcol-sb-esrev0-ctr-mrm6k	otelcol_process_runtime_total_alloc_bytes	1015937536
1781200550	snap	3200	otelcol	otelcol-sb-esrev0-ctr-mrm6k	otelcol_process_memory_rss	245116928
1781200550	snap	3200	otelcol	otelcol-sb-esrev0-ctr-mrm6k	otelcol_process_cpu_seconds	37
1781200550	snap	3200	otelcol	otelcol-sb-esrev0-ctr-mrm6k	otelcol_exporter_send_failed_spans	0
1781200550	snap	3200	otelcol	otelcol-sb-esrev0-ctr-mrm6k	otelcol_receiver_accepted_spans	1346124
1781200550	snap	3200	otelcol	otelcol-sb-esrev0-ctr-mrm6k	otelcol_processor_batch_metadata_cardinality	1
1781200550	snap	3200	otelcol	otelcol-sb-esrev0-ctr-mrm6k	otelcol_receiver_refused_spans	0
1781200550	snap	3200	otelcol	otelcol-sb-esrev0-ctr-mrm6k	otelcol_receiver_failed_spans	0
1781200550	snap	3200	otelcol	otelcol-sb-esrev0-ctr-mrm6k	otelcol_processor_batch_timeout_trigger_send	2757
1781200550	snap	3200	otelcol	otelcol-sb-esrev0-ctr-mrm6k	otelcol_process_runtime_total_sys_memory_bytes	123898136
1781200550	snap	3200	otelcol	otelcol-sb-esrev0-ctr-mrm6k	otelcol_exporter_queue_capacity	1001
1781200550	snap	3200	otelcol	otelcol-sb-esrev0-ctr-mrm6k	otelcol_processor_incoming_items	1346124
1781200550	snap	3200	otelcol	otelcol-sb-esrev0-ctr-mrm6k	otelcol_exporter_sent_spans	1326064
1781200550	snap	3200	otelcol	otelcol-sb-esrev0-ctr-rdtzq	otelcol_process_runtime_total_sys_memory_bytes	128448808
1781200550	snap	3200	otelcol	otelcol-sb-esrev0-ctr-rdtzq	otelcol_process_memory_rss	258273280
1781200550	snap	3200	otelcol	otelcol-sb-esrev0-ctr-rdtzq	otelcol_exporter_queue_capacity	1001
1781200550	snap	3200	otelcol	otelcol-sb-esrev0-ctr-rdtzq	otelcol_process_cpu_seconds	35
1781200550	snap	3200	otelcol	otelcol-sb-esrev0-ctr-rdtzq	otelcol_processor_incoming_items	1345307
1781200550	snap	3200	otelcol	otelcol-sb-esrev0-ctr-rdtzq	otelcol_exporter_queue_batch_send_size_sum	1345307
1781200550	snap	3200	otelcol	otelcol-sb-esrev0-ctr-rdtzq	otelcol_exporter_send_failed_spans	0
1781200550	snap	3200	otelcol	otelcol-sb-esrev0-ctr-rdtzq	otelcol_receiver_refused_spans	0
1781200550	snap	3200	otelcol	otelcol-sb-esrev0-ctr-rdtzq	otelcol_exporter_sent_spans	1281621
1781200550	snap	3200	otelcol	otelcol-sb-esrev0-ctr-rdtzq	otelcol_process_runtime_total_alloc_bytes	1027955992
1781200550	snap	3200	otelcol	otelcol-sb-esrev0-ctr-rdtzq	otelcol_process_runtime_heap_alloc_bytes	66958872
1781200550	snap	3200	otelcol	otelcol-sb-esrev0-ctr-rdtzq	otelcol_processor_outgoing_items	1345307
1781200550	snap	3200	otelcol	otelcol-sb-esrev0-ctr-rdtzq	otelcol_process_uptime	697
1781200550	snap	3200	otelcol	otelcol-sb-esrev0-ctr-rdtzq	otelcol_receiver_failed_spans	0
1781200550	snap	3200	otelcol	otelcol-sb-esrev0-ctr-rdtzq	otelcol_processor_batch_metadata_cardinality	1
1781200550	snap	3200	otelcol	otelcol-sb-esrev0-ctr-rdtzq	otelcol_receiver_accepted_spans	1345307
1781200550	snap	3200	otelcol	otelcol-sb-esrev0-ctr-rdtzq	otelcol_processor_batch_timeout_trigger_send	2760
1781200550	snap	3200	otelcol	otelcol-sb-esrev0-ctr-rdtzq	otelcol_processor_batch_batch_send_size_sum	1345307
1781200550	snap	3200	otelcol	otelcol-sb-esrev0-ctr-rdtzq	otelcol_exporter_queue_size	83
1781200550	snap	3200	otelcol	otelcol-sb-esrev0-ctr-glxdm	otelcol_receiver_failed_spans	0
1781200550	snap	3200	otelcol	otelcol-sb-esrev0-ctr-glxdm	otelcol_process_uptime	698
1781200550	snap	3200	otelcol	otelcol-sb-esrev0-ctr-glxdm	otelcol_exporter_queue_capacity	1001
1781200550	snap	3200	otelcol	otelcol-sb-esrev0-ctr-glxdm	otelcol_processor_batch_metadata_cardinality	1
1781200550	snap	3200	otelcol	otelcol-sb-esrev0-ctr-glxdm	otelcol_process_runtime_heap_alloc_bytes	88450328
1781200550	snap	3200	otelcol	otelcol-sb-esrev0-ctr-glxdm	otelcol_exporter_send_failed_spans	0
1781200550	snap	3200	otelcol	otelcol-sb-esrev0-ctr-glxdm	otelcol_processor_incoming_items	2438809
1781200550	snap	3200	otelcol	otelcol-sb-esrev0-ctr-glxdm	otelcol_process_cpu_seconds	49
1781200550	snap	3200	otelcol	otelcol-sb-esrev0-ctr-glxdm	otelcol_exporter_sent_spans	2340327
1781200550	snap	3200	otelcol	otelcol-sb-esrev0-ctr-glxdm	otelcol_receiver_refused_spans	54619
1781200550	snap	3200	otelcol	otelcol-sb-esrev0-ctr-glxdm	otelcol_processor_batch_timeout_trigger_send	2724
1781200550	snap	3200	otelcol	otelcol-sb-esrev0-ctr-glxdm	otelcol_processor_batch_batch_send_size_sum	2384190
1781200550	snap	3200	otelcol	otelcol-sb-esrev0-ctr-glxdm	otelcol_process_runtime_total_alloc_bytes	1650489648
1781200550	snap	3200	otelcol	otelcol-sb-esrev0-ctr-glxdm	otelcol_process_memory_rss	258990080
1781200550	snap	3200	otelcol	otelcol-sb-esrev0-ctr-glxdm	otelcol_exporter_queue_batch_send_size_sum	2384190
1781200550	snap	3200	otelcol	otelcol-sb-esrev0-ctr-glxdm	otelcol_process_runtime_total_sys_memory_bytes	188557624
1781200550	snap	3200	otelcol	otelcol-sb-esrev0-ctr-glxdm	otelcol_receiver_accepted_spans	2384190
1781200550	snap	3200	otelcol	otelcol-sb-esrev0-ctr-glxdm	otelcol_processor_outgoing_items	2384190
1781200550	snap	3200	otelcol	otelcol-sb-esrev0-ctr-glxdm	otelcol_exporter_queue_size	32
1781200550	snap	3200	otelcol	otelcol-sb-esrev0-ctr-2bk4z	otelcol_processor_batch_batch_send_size_sum	1453911
1781200550	snap	3200	otelcol	otelcol-sb-esrev0-ctr-2bk4z	otelcol_process_runtime_heap_alloc_bytes	49455696
1781200550	snap	3200	otelcol	otelcol-sb-esrev0-ctr-2bk4z	otelcol_exporter_queue_size	48
1781200550	snap	3200	otelcol	otelcol-sb-esrev0-ctr-2bk4z	otelcol_process_memory_rss	264859648
1781200550	snap	3200	otelcol	otelcol-sb-esrev0-ctr-2bk4z	otelcol_receiver_failed_spans	0
1781200550	snap	3200	otelcol	otelcol-sb-esrev0-ctr-2bk4z	otelcol_process_runtime_total_alloc_bytes	1081354720
1781200550	snap	3200	otelcol	otelcol-sb-esrev0-ctr-2bk4z	otelcol_exporter_send_failed_spans	0
1781200550	snap	3200	otelcol	otelcol-sb-esrev0-ctr-2bk4z	otelcol_receiver_refused_spans	6062
1781200550	snap	3200	otelcol	otelcol-sb-esrev0-ctr-2bk4z	otelcol_process_uptime	700
1781200550	snap	3200	otelcol	otelcol-sb-esrev0-ctr-2bk4z	otelcol_processor_incoming_items	1459973
1781200550	snap	3200	otelcol	otelcol-sb-esrev0-ctr-2bk4z	otelcol_process_runtime_total_sys_memory_bytes	145987880
1781200550	snap	3200	otelcol	otelcol-sb-esrev0-ctr-2bk4z	otelcol_processor_outgoing_items	1453911
1781200550	snap	3200	otelcol	otelcol-sb-esrev0-ctr-2bk4z	otelcol_process_cpu_seconds	34
1781200550	snap	3200	otelcol	otelcol-sb-esrev0-ctr-2bk4z	otelcol_exporter_queue_batch_send_size_sum	1453911
1781200550	snap	3200	otelcol	otelcol-sb-esrev0-ctr-2bk4z	otelcol_processor_batch_metadata_cardinality	1
1781200550	snap	3200	otelcol	otelcol-sb-esrev0-ctr-2bk4z	otelcol_processor_batch_timeout_trigger_send	2768
1781200550	snap	3200	otelcol	otelcol-sb-esrev0-ctr-2bk4z	otelcol_receiver_accepted_spans	1453911
1781200550	snap	3200	otelcol	otelcol-sb-esrev0-ctr-2bk4z	otelcol_exporter_sent_spans	1417951
1781200550	snap	3200	otelcol	otelcol-sb-esrev0-ctr-2bk4z	otelcol_exporter_queue_capacity	1001
1781200550	snap	3200	otelcol	otelcol-sb-esrev0-ctr-gcg4j	otelcol_receiver_failed_spans	0
1781200550	snap	3200	otelcol	otelcol-sb-esrev0-ctr-gcg4j	otelcol_processor_batch_timeout_trigger_send	2748
1781200550	snap	3200	otelcol	otelcol-sb-esrev0-ctr-gcg4j	otelcol_exporter_queue_size	6
1781200550	snap	3200	otelcol	otelcol-sb-esrev0-ctr-gcg4j	otelcol_process_runtime_total_sys_memory_bytes	76343576
1781200550	snap	3200	otelcol	otelcol-sb-esrev0-ctr-gcg4j	otelcol_exporter_queue_batch_send_size_sum	251069
1781200550	snap	3200	otelcol	otelcol-sb-esrev0-ctr-gcg4j	otelcol_receiver_accepted_spans	251069
1781200550	snap	3200	otelcol	otelcol-sb-esrev0-ctr-gcg4j	otelcol_process_runtime_total_alloc_bytes	369992144
1781200550	snap	3200	otelcol	otelcol-sb-esrev0-ctr-gcg4j	otelcol_process_memory_rss	213823488
1781200550	snap	3200	otelcol	otelcol-sb-esrev0-ctr-gcg4j	otelcol_process_cpu_seconds	26
1781200550	snap	3200	otelcol	otelcol-sb-esrev0-ctr-gcg4j	otelcol_exporter_queue_capacity	1001
1781200550	snap	3200	otelcol	otelcol-sb-esrev0-ctr-gcg4j	otelcol_processor_incoming_items	251069
1781200550	snap	3200	otelcol	otelcol-sb-esrev0-ctr-gcg4j	otelcol_exporter_send_failed_spans	0
1781200550	snap	3200	otelcol	otelcol-sb-esrev0-ctr-gcg4j	otelcol_receiver_refused_spans	0
1781200550	snap	3200	otelcol	otelcol-sb-esrev0-ctr-gcg4j	otelcol_processor_outgoing_items	251069
1781200550	snap	3200	otelcol	otelcol-sb-esrev0-ctr-gcg4j	otelcol_processor_batch_metadata_cardinality	1
1781200550	snap	3200	otelcol	otelcol-sb-esrev0-ctr-gcg4j	otelcol_processor_batch_batch_send_size_sum	251069
1781200550	snap	3200	otelcol	otelcol-sb-esrev0-ctr-gcg4j	otelcol_process_uptime	696
1781200550	snap	3200	otelcol	otelcol-sb-esrev0-ctr-gcg4j	otelcol_process_runtime_heap_alloc_bytes	42679160
1781200550	snap	3200	otelcol	otelcol-sb-esrev0-ctr-gcg4j	otelcol_exporter_sent_spans	250249
1781200550	snap	3200	otelcol	otelcol-sb-esrev0-ctr-pr5gq	otelcol_receiver_accepted_spans	4433556
1781200550	snap	3200	otelcol	otelcol-sb-esrev0-ctr-pr5gq	otelcol_receiver_failed_spans	0
1781200550	snap	3200	otelcol	otelcol-sb-esrev0-ctr-pr5gq	otelcol_process_uptime	696
1781200550	snap	3200	otelcol	otelcol-sb-esrev0-ctr-pr5gq	otelcol_exporter_queue_batch_send_size_sum	4433556
1781200550	snap	3200	otelcol	otelcol-sb-esrev0-ctr-pr5gq	otelcol_processor_outgoing_items	4433556
1781200550	snap	3200	otelcol	otelcol-sb-esrev0-ctr-pr5gq	otelcol_process_runtime_total_sys_memory_bytes	168368424
1781200550	snap	3200	otelcol	otelcol-sb-esrev0-ctr-pr5gq	otelcol_process_runtime_heap_alloc_bytes	78139704
1781200550	snap	3200	otelcol	otelcol-sb-esrev0-ctr-pr5gq	otelcol_exporter_queue_capacity	1001
1781200550	snap	3200	otelcol	otelcol-sb-esrev0-ctr-pr5gq	otelcol_process_memory_rss	285593600
1781200550	snap	3200	otelcol	otelcol-sb-esrev0-ctr-pr5gq	otelcol_exporter_queue_size	57
1781200550	snap	3200	otelcol	otelcol-sb-esrev0-ctr-pr5gq	otelcol_exporter_send_failed_spans	0
1781200550	snap	3200	otelcol	otelcol-sb-esrev0-ctr-pr5gq	otelcol_receiver_refused_spans	270224
1781200550	snap	3200	otelcol	otelcol-sb-esrev0-ctr-pr5gq	otelcol_process_runtime_total_alloc_bytes	2552553832
1781200550	snap	3200	otelcol	otelcol-sb-esrev0-ctr-pr5gq	otelcol_processor_batch_batch_send_size_sum	4433556
1781200550	snap	3200	otelcol	otelcol-sb-esrev0-ctr-pr5gq	otelcol_process_cpu_seconds	65
1781200550	snap	3200	otelcol	otelcol-sb-esrev0-ctr-pr5gq	otelcol_processor_incoming_items	4703780
1781200550	snap	3200	otelcol	otelcol-sb-esrev0-ctr-pr5gq	otelcol_processor_batch_metadata_cardinality	1
1781200550	snap	3200	otelcol	otelcol-sb-esrev0-ctr-pr5gq	otelcol_processor_batch_timeout_trigger_send	2756
1781200550	snap	3200	otelcol	otelcol-sb-esrev0-ctr-pr5gq	otelcol_exporter_sent_spans	4306435
1781200550	snap	3200	otelcol	otelcol-sb-esrev0-ctr-rbkvt	otelcol_processor_outgoing_items	1347244
1781200550	snap	3200	otelcol	otelcol-sb-esrev0-ctr-rbkvt	otelcol_exporter_send_failed_spans	0
1781200550	snap	3200	otelcol	otelcol-sb-esrev0-ctr-rbkvt	otelcol_receiver_refused_spans	0
1781200550	snap	3200	otelcol	otelcol-sb-esrev0-ctr-rbkvt	otelcol_exporter_queue_size	39
1781200550	snap	3200	otelcol	otelcol-sb-esrev0-ctr-rbkvt	otelcol_exporter_queue_batch_send_size_sum	1347244
1781200550	snap	3200	otelcol	otelcol-sb-esrev0-ctr-rbkvt	otelcol_process_runtime_total_sys_memory_bytes	115718440
1781200550	snap	3200	otelcol	otelcol-sb-esrev0-ctr-rbkvt	otelcol_receiver_failed_spans	0
1781200550	snap	3200	otelcol	otelcol-sb-esrev0-ctr-rbkvt	otelcol_processor_batch_metadata_cardinality	1
1781200550	snap	3200	otelcol	otelcol-sb-esrev0-ctr-rbkvt	otelcol_processor_batch_timeout_trigger_send	2756
1781200550	snap	3200	otelcol	otelcol-sb-esrev0-ctr-rbkvt	otelcol_processor_batch_batch_send_size_sum	1347244
1781200550	snap	3200	otelcol	otelcol-sb-esrev0-ctr-rbkvt	otelcol_receiver_accepted_spans	1347244
1781200550	snap	3200	otelcol	otelcol-sb-esrev0-ctr-rbkvt	otelcol_process_cpu_seconds	34
1781200550	snap	3200	otelcol	otelcol-sb-esrev0-ctr-rbkvt	otelcol_process_uptime	697
1781200550	snap	3200	otelcol	otelcol-sb-esrev0-ctr-rbkvt	otelcol_process_runtime_heap_alloc_bytes	53623080
1781200550	snap	3200	otelcol	otelcol-sb-esrev0-ctr-rbkvt	otelcol_process_memory_rss	239099904
1781200550	snap	3200	otelcol	otelcol-sb-esrev0-ctr-rbkvt	otelcol_exporter_sent_spans	1318090
1781200550	snap	3200	otelcol	otelcol-sb-esrev0-ctr-rbkvt	otelcol_exporter_queue_capacity	1001
1781200550	snap	3200	otelcol	otelcol-sb-esrev0-ctr-rbkvt	otelcol_process_runtime_total_alloc_bytes	997731808
1781200550	snap	3200	otelcol	otelcol-sb-esrev0-ctr-rbkvt	otelcol_processor_incoming_items	1347244
1781200550	snap	3200	otelcol	otelcol-sb-esrev0-ctr-vnnmt	otelcol_process_cpu_seconds	34
1781200550	snap	3200	otelcol	otelcol-sb-esrev0-ctr-vnnmt	otelcol_exporter_sent_spans	1326436
1781200550	snap	3200	otelcol	otelcol-sb-esrev0-ctr-vnnmt	otelcol_process_runtime_total_alloc_bytes	1031449968
1781200550	snap	3200	otelcol	otelcol-sb-esrev0-ctr-vnnmt	otelcol_processor_outgoing_items	1344930
1781200550	snap	3200	otelcol	otelcol-sb-esrev0-ctr-vnnmt	otelcol_process_runtime_heap_alloc_bytes	66322680
1781200550	snap	3200	otelcol	otelcol-sb-esrev0-ctr-vnnmt	otelcol_exporter_queue_size	24
1781200550	snap	3200	otelcol	otelcol-sb-esrev0-ctr-vnnmt	otelcol_exporter_queue_batch_send_size_sum	1344930
1781200550	snap	3200	otelcol	otelcol-sb-esrev0-ctr-vnnmt	otelcol_processor_batch_batch_send_size_sum	1344930
1781200550	snap	3200	otelcol	otelcol-sb-esrev0-ctr-vnnmt	otelcol_receiver_failed_spans	0
1781200550	snap	3200	otelcol	otelcol-sb-esrev0-ctr-vnnmt	otelcol_process_memory_rss	234704896
1781200550	snap	3200	otelcol	otelcol-sb-esrev0-ctr-vnnmt	otelcol_exporter_send_failed_spans	0
1781200550	snap	3200	otelcol	otelcol-sb-esrev0-ctr-vnnmt	otelcol_receiver_refused_spans	0
1781200550	snap	3200	otelcol	otelcol-sb-esrev0-ctr-vnnmt	otelcol_receiver_accepted_spans	1344930
1781200550	snap	3200	otelcol	otelcol-sb-esrev0-ctr-vnnmt	otelcol_processor_batch_metadata_cardinality	1
1781200550	snap	3200	otelcol	otelcol-sb-esrev0-ctr-vnnmt	otelcol_process_runtime_total_sys_memory_bytes	116238616
1781200550	snap	3200	otelcol	otelcol-sb-esrev0-ctr-vnnmt	otelcol_processor_batch_timeout_trigger_send	2759
1781200550	snap	3200	otelcol	otelcol-sb-esrev0-ctr-vnnmt	otelcol_processor_incoming_items	1344930
1781200550	snap	3200	otelcol	otelcol-sb-esrev0-ctr-vnnmt	otelcol_process_uptime	697
1781200550	snap	3200	otelcol	otelcol-sb-esrev0-ctr-vnnmt	otelcol_exporter_queue_capacity	1001
1781200550	snap	3200	otelcol	otelcol-sb-esrev0-ctr-wht6z	otelcol_exporter_queue_size	66
1781200550	snap	3200	otelcol	otelcol-sb-esrev0-ctr-wht6z	otelcol_process_uptime	696
1781200550	snap	3200	otelcol	otelcol-sb-esrev0-ctr-wht6z	otelcol_receiver_accepted_spans	8459223
1781200550	snap	3200	otelcol	otelcol-sb-esrev0-ctr-wht6z	otelcol_process_runtime_heap_alloc_bytes	132422696
1781200550	snap	3200	otelcol	otelcol-sb-esrev0-ctr-wht6z	otelcol_receiver_failed_spans	0
1781200550	snap	3200	otelcol	otelcol-sb-esrev0-ctr-wht6z	otelcol_process_runtime_total_alloc_bytes	7872472360
1781200550	snap	3200	otelcol	otelcol-sb-esrev0-ctr-wht6z	otelcol_process_memory_rss	319356928
1781200550	snap	3200	otelcol	otelcol-sb-esrev0-ctr-wht6z	otelcol_exporter_queue_capacity	1001
1781200550	snap	3200	otelcol	otelcol-sb-esrev0-ctr-wht6z	otelcol_processor_incoming_items	10721070
1781200550	snap	3200	otelcol	otelcol-sb-esrev0-ctr-wht6z	otelcol_processor_batch_metadata_cardinality	1
1781200550	snap	3200	otelcol	otelcol-sb-esrev0-ctr-wht6z	otelcol_process_cpu_seconds	152
1781200550	snap	3200	otelcol	otelcol-sb-esrev0-ctr-wht6z	otelcol_exporter_send_failed_spans	0
1781200550	snap	3200	otelcol	otelcol-sb-esrev0-ctr-wht6z	otelcol_exporter_sent_spans	8230437
1781200550	snap	3200	otelcol	otelcol-sb-esrev0-ctr-wht6z	otelcol_process_runtime_total_sys_memory_bytes	228378936
1781200550	snap	3200	otelcol	otelcol-sb-esrev0-ctr-wht6z	otelcol_receiver_refused_spans	2261847
1781200550	snap	3200	otelcol	otelcol-sb-esrev0-ctr-wht6z	otelcol_exporter_queue_batch_send_size_sum	8459223
1781200550	snap	3200	otelcol	otelcol-sb-esrev0-ctr-wht6z	otelcol_processor_batch_timeout_trigger_send	2375
1781200550	snap	3200	otelcol	otelcol-sb-esrev0-ctr-wht6z	otelcol_processor_batch_batch_size_trigger_send	1
1781200550	snap	3200	otelcol	otelcol-sb-esrev0-ctr-wht6z	otelcol_processor_batch_batch_send_size_sum	8459223
1781200550	snap	3200	otelcol	otelcol-sb-esrev0-ctr-wht6z	otelcol_processor_outgoing_items	8459223
1781200550	snap	3200	k8s	otelcol-sb-esrev0-ctr-2bk4z	restart_count	0
1781200550	snap	3200	k8s	otelcol-sb-esrev0-ctr-gcg4j	restart_count	0
1781200550	snap	3200	k8s	otelcol-sb-esrev0-ctr-glxdm	restart_count	0
1781200550	snap	3200	k8s	otelcol-sb-esrev0-ctr-mrm6k	restart_count	0
1781200550	snap	3200	k8s	otelcol-sb-esrev0-ctr-pr5gq	restart_count	0
1781200550	snap	3200	k8s	otelcol-sb-esrev0-ctr-rbkvt	restart_count	0
1781200550	snap	3200	k8s	otelcol-sb-esrev0-ctr-rdtzq	restart_count	0
1781200550	snap	3200	k8s	otelcol-sb-esrev0-ctr-vnnmt	restart_count	0
1781200550	snap	3200	k8s	otelcol-sb-esrev0-ctr-wht6z	restart_count	0
1781200550	snap	3200	sdk	wrk2api	spans_received	253078
1781200550	snap	3200	sdk	wrk2api	spans_sent	243446
1781200550	snap	3200	sdk	wrk2api	spans_dropped	9632
1781200550	snap	3200	sdk	wrk2api	spans_flushed	253078
1781200550	snap	3200	sdk	wrk2api	batches_sent	10573
1781200550	snap	3200	sdk	wrk2api	batches_dropped	284
1781200550	snap	3200	sdk	wrk2api	send_unavailable	284
1781200550	snap	3200	sdk	wrk2api	send_deadline	0
1781200550	snap	3200	sdk	wrk2api	send_exhausted	0
1781200550	snap	3200	sdk	wrk2api	send_canceled	0
1781200550	snap	3200	sdk	wrk2api	send_other	0
1781200550	snap	3200	sdk	wrk2api	buffer_depth	0
0
1781200550	snap	3200	sdk	composepost	spans_received	8750863
1781200550	snap	3200	sdk	composepost	spans_sent	6693125
1781200550	snap	3200	sdk	composepost	spans_dropped	2057738
1781200550	snap	3200	sdk	composepost	spans_flushed	8750863
1781200550	snap	3200	sdk	composepost	batches_sent	34910
1781200550	snap	3200	sdk	composepost	batches_dropped	6640
1781200550	snap	3200	sdk	composepost	send_unavailable	3917
1781200550	snap	3200	sdk	composepost	send_deadline	2723
1781200550	snap	3200	sdk	composepost	send_exhausted	0
1781200550	snap	3200	sdk	composepost	send_canceled	0
1781200550	snap	3200	sdk	composepost	send_other	0
1781200550	snap	3200	sdk	composepost	buffer_depth	0
0
1781200550	snap	3200	sdk	hometimeline	spans_received	2187700
1781200550	snap	3200	sdk	hometimeline	spans_sent	1576775
1781200550	snap	3200	sdk	hometimeline	spans_dropped	610925
1781200550	snap	3200	sdk	hometimeline	spans_flushed	2187700
1781200550	snap	3200	sdk	hometimeline	batches_sent	8409
1781200550	snap	3200	sdk	hometimeline	batches_dropped	1980
1781200550	snap	3200	sdk	hometimeline	send_unavailable	1852
1781200550	snap	3200	sdk	hometimeline	send_deadline	128
1781200550	snap	3200	sdk	hometimeline	send_exhausted	0
1781200550	snap	3200	sdk	hometimeline	send_canceled	0
1781200550	snap	3200	sdk	hometimeline	send_other	0
1781200550	snap	3200	sdk	hometimeline	buffer_depth	0
0
1781200550	snap	3200	sdk	media	spans_received	1093859
1781200550	snap	3200	sdk	media	spans_sent	1093859
1781200550	snap	3200	sdk	media	spans_dropped	0
1781200550	snap	3200	sdk	media	spans_flushed	1093859
1781200550	snap	3200	sdk	media	batches_sent	5197
1781200550	snap	3200	sdk	media	batches_dropped	0
1781200550	snap	3200	sdk	media	send_unavailable	0
1781200550	snap	3200	sdk	media	send_deadline	0
1781200550	snap	3200	sdk	media	send_exhausted	0
1781200550	snap	3200	sdk	media	send_canceled	0
1781200550	snap	3200	sdk	media	send_other	0
1781200550	snap	3200	sdk	media	buffer_depth	0
0
1781200550	snap	3200	sdk	post-storage	spans_received	1093850
1781200550	snap	3200	sdk	post-storage	spans_sent	1093850
1781200550	snap	3200	sdk	post-storage	spans_dropped	0
1781200550	snap	3200	sdk	post-storage	spans_flushed	1093850
1781200550	snap	3200	sdk	post-storage	batches_sent	5194
1781200550	snap	3200	sdk	post-storage	batches_dropped	0
1781200550	snap	3200	sdk	post-storage	send_unavailable	0
1781200550	snap	3200	sdk	post-storage	send_deadline	0
1781200550	snap	3200	sdk	post-storage	send_exhausted	0
1781200550	snap	3200	sdk	post-storage	send_canceled	0
1781200550	snap	3200	sdk	post-storage	send_other	0
1781200550	snap	3200	sdk	post-storage	buffer_depth	0
0
1781200550	snap	3200	sdk	socialgraph	spans_received	1207684
1781200550	snap	3200	sdk	socialgraph	spans_sent	1207684
1781200550	snap	3200	sdk	socialgraph	spans_dropped	0
1781200550	snap	3200	sdk	socialgraph	spans_flushed	1207684
1781200550	snap	3200	sdk	socialgraph	batches_sent	5676
1781200550	snap	3200	sdk	socialgraph	batches_dropped	0
1781200550	snap	3200	sdk	socialgraph	send_unavailable	0
1781200550	snap	3200	sdk	socialgraph	send_deadline	0
1781200550	snap	3200	sdk	socialgraph	send_exhausted	0
1781200550	snap	3200	sdk	socialgraph	send_canceled	0
1781200550	snap	3200	sdk	socialgraph	send_other	0
1781200550	snap	3200	sdk	socialgraph	buffer_depth	0
0
1781200550	snap	3200	sdk	text	spans_received	3281595
1781200550	snap	3200	sdk	text	spans_sent	3021003
1781200550	snap	3200	sdk	text	spans_dropped	260592
1781200550	snap	3200	sdk	text	spans_flushed	3281595
1781200550	snap	3200	sdk	text	batches_sent	14730
1781200550	snap	3200	sdk	text	batches_dropped	852
1781200550	snap	3200	sdk	text	send_unavailable	852
1781200550	snap	3200	sdk	text	send_deadline	0
1781200550	snap	3200	sdk	text	send_exhausted	0
1781200550	snap	3200	sdk	text	send_canceled	0
1781200550	snap	3200	sdk	text	send_other	0
1781200550	snap	3200	sdk	text	buffer_depth	0
0
1781200550	snap	3200	sdk	uniqueid	spans_received	1093859
1781200550	snap	3200	sdk	uniqueid	spans_sent	1073266
1781200550	snap	3200	sdk	uniqueid	spans_dropped	20593
1781200550	snap	3200	sdk	uniqueid	spans_flushed	1093859
1781200550	snap	3200	sdk	uniqueid	batches_sent	5128
1781200550	snap	3200	sdk	uniqueid	batches_dropped	65
1781200550	snap	3200	sdk	uniqueid	send_unavailable	65
1781200550	snap	3200	sdk	uniqueid	send_deadline	0
1781200550	snap	3200	sdk	uniqueid	send_exhausted	0
1781200550	snap	3200	sdk	uniqueid	send_canceled	0
1781200550	snap	3200	sdk	uniqueid	send_other	0
1781200550	snap	3200	sdk	uniqueid	buffer_depth	0
0
1781200550	snap	3200	sdk	urlshorten	spans_received	1093859
1781200550	snap	3200	sdk	urlshorten	spans_sent	1093859
1781200550	snap	3200	sdk	urlshorten	spans_dropped	0
1781200550	snap	3200	sdk	urlshorten	spans_flushed	1093859
1781200550	snap	3200	sdk	urlshorten	batches_sent	5196
1781200550	snap	3200	sdk	urlshorten	batches_dropped	0
1781200550	snap	3200	sdk	urlshorten	send_unavailable	0
1781200550	snap	3200	sdk	urlshorten	send_deadline	0
1781200550	snap	3200	sdk	urlshorten	send_exhausted	0
1781200550	snap	3200	sdk	urlshorten	send_canceled	0
1781200550	snap	3200	sdk	urlshorten	send_other	0
1781200550	snap	3200	sdk	urlshorten	buffer_depth	0
0
1781200550	snap	3200	sdk	user	spans_received	1095783
1781200550	snap	3200	sdk	user	spans_sent	1095783
1781200550	snap	3200	sdk	user	spans_dropped	0
1781200550	snap	3200	sdk	user	spans_flushed	1095783
1781200550	snap	3200	sdk	user	batches_sent	5205
1781200550	snap	3200	sdk	user	batches_dropped	0
1781200550	snap	3200	sdk	user	send_unavailable	0
1781200550	snap	3200	sdk	user	send_deadline	0
1781200550	snap	3200	sdk	user	send_exhausted	0
1781200550	snap	3200	sdk	user	send_canceled	0
1781200550	snap	3200	sdk	user	send_other	0
1781200550	snap	3200	sdk	user	buffer_depth	0
0
1781200550	snap	3200	sdk	userid	spans_received	75248
1781200550	snap	3200	sdk	userid	spans_sent	75248
1781200550	snap	3200	sdk	userid	spans_dropped	0
1781200550	snap	3200	sdk	userid	spans_flushed	75248
1781200550	snap	3200	sdk	userid	batches_sent	245
1781200550	snap	3200	sdk	userid	batches_dropped	0
1781200550	snap	3200	sdk	userid	send_unavailable	0
1781200550	snap	3200	sdk	userid	send_deadline	0
1781200550	snap	3200	sdk	userid	send_exhausted	0
1781200550	snap	3200	sdk	userid	send_canceled	0
1781200550	snap	3200	sdk	userid	send_other	0
1781200550	snap	3200	sdk	userid	buffer_depth	0
0
1781200550	snap	3200	sdk	usermention	spans_received	1093859
1781200550	snap	3200	sdk	usermention	spans_sent	1073280
1781200550	snap	3200	sdk	usermention	spans_dropped	20579
1781200550	snap	3200	sdk	usermention	spans_flushed	1093859
1781200550	snap	3200	sdk	usermention	batches_sent	5129
1781200550	snap	3200	sdk	usermention	batches_dropped	65
1781200550	snap	3200	sdk	usermention	send_unavailable	65
1781200550	snap	3200	sdk	usermention	send_deadline	0
1781200550	snap	3200	sdk	usermention	send_exhausted	0
1781200550	snap	3200	sdk	usermention	send_canceled	0
1781200550	snap	3200	sdk	usermention	send_other	0
1781200550	snap	3200	sdk	usermention	buffer_depth	0
0
1781200550	snap	3200	sdk	usertimeline	spans_received	1093850
1781200550	snap	3200	sdk	usertimeline	spans_sent	1093850
1781200550	snap	3200	sdk	usertimeline	spans_dropped	0
1781200550	snap	3200	sdk	usertimeline	spans_flushed	1093850
1781200550	snap	3200	sdk	usertimeline	batches_sent	5193
1781200550	snap	3200	sdk	usertimeline	batches_dropped	0
1781200550	snap	3200	sdk	usertimeline	send_unavailable	0
1781200550	snap	3200	sdk	usertimeline	send_deadline	0
1781200550	snap	3200	sdk	usertimeline	send_exhausted	0
1781200550	snap	3200	sdk	usertimeline	send_canceled	0
1781200550	snap	3200	sdk	usertimeline	send_other	0
1781200550	snap	3200	sdk	usertimeline	buffer_depth	0
0
1781200557	snap	3400	otelcol	otelcol-sb-esrev0-ctr-mrm6k	otelcol_exporter_queue_size	7
1781200557	snap	3400	otelcol	otelcol-sb-esrev0-ctr-mrm6k	otelcol_processor_batch_batch_send_size_sum	1346124
1781200557	snap	3400	otelcol	otelcol-sb-esrev0-ctr-mrm6k	otelcol_process_runtime_heap_alloc_bytes	47581152
1781200557	snap	3400	otelcol	otelcol-sb-esrev0-ctr-mrm6k	otelcol_exporter_queue_batch_send_size_sum	1346124
1781200557	snap	3400	otelcol	otelcol-sb-esrev0-ctr-mrm6k	otelcol_process_uptime	704
1781200557	snap	3400	otelcol	otelcol-sb-esrev0-ctr-mrm6k	otelcol_processor_outgoing_items	1346124
1781200557	snap	3400	otelcol	otelcol-sb-esrev0-ctr-mrm6k	otelcol_process_runtime_total_alloc_bytes	1018319576
1781200557	snap	3400	otelcol	otelcol-sb-esrev0-ctr-mrm6k	otelcol_process_memory_rss	245116928
1781200557	snap	3400	otelcol	otelcol-sb-esrev0-ctr-mrm6k	otelcol_process_cpu_seconds	37
1781200557	snap	3400	otelcol	otelcol-sb-esrev0-ctr-mrm6k	otelcol_exporter_send_failed_spans	0
1781200557	snap	3400	otelcol	otelcol-sb-esrev0-ctr-mrm6k	otelcol_receiver_accepted_spans	1346124
1781200557	snap	3400	otelcol	otelcol-sb-esrev0-ctr-mrm6k	otelcol_processor_batch_metadata_cardinality	1
1781200557	snap	3400	otelcol	otelcol-sb-esrev0-ctr-mrm6k	otelcol_receiver_refused_spans	0
1781200557	snap	3400	otelcol	otelcol-sb-esrev0-ctr-mrm6k	otelcol_receiver_failed_spans	0
1781200557	snap	3400	otelcol	otelcol-sb-esrev0-ctr-mrm6k	otelcol_processor_batch_timeout_trigger_send	2757
1781200557	snap	3400	otelcol	otelcol-sb-esrev0-ctr-mrm6k	otelcol_process_runtime_total_sys_memory_bytes	123898136
1781200557	snap	3400	otelcol	otelcol-sb-esrev0-ctr-mrm6k	otelcol_exporter_queue_capacity	1001
1781200557	snap	3400	otelcol	otelcol-sb-esrev0-ctr-mrm6k	otelcol_processor_incoming_items	1346124
1781200557	snap	3400	otelcol	otelcol-sb-esrev0-ctr-mrm6k	otelcol_exporter_sent_spans	1341113
1781200557	snap	3400	otelcol	otelcol-sb-esrev0-ctr-rdtzq	otelcol_process_runtime_total_sys_memory_bytes	128448808
1781200557	snap	3400	otelcol	otelcol-sb-esrev0-ctr-rdtzq	otelcol_process_memory_rss	258273280
1781200557	snap	3400	otelcol	otelcol-sb-esrev0-ctr-rdtzq	otelcol_exporter_queue_capacity	1001
1781200557	snap	3400	otelcol	otelcol-sb-esrev0-ctr-rdtzq	otelcol_process_cpu_seconds	35
1781200557	snap	3400	otelcol	otelcol-sb-esrev0-ctr-rdtzq	otelcol_processor_incoming_items	1345307
1781200557	snap	3400	otelcol	otelcol-sb-esrev0-ctr-rdtzq	otelcol_exporter_queue_batch_send_size_sum	1345307
1781200557	snap	3400	otelcol	otelcol-sb-esrev0-ctr-rdtzq	otelcol_exporter_send_failed_spans	0
1781200557	snap	3400	otelcol	otelcol-sb-esrev0-ctr-rdtzq	otelcol_receiver_refused_spans	0
1781200557	snap	3400	otelcol	otelcol-sb-esrev0-ctr-rdtzq	otelcol_exporter_sent_spans	1324390
1781200557	snap	3400	otelcol	otelcol-sb-esrev0-ctr-rdtzq	otelcol_process_runtime_total_alloc_bytes	1033107496
1781200557	snap	3400	otelcol	otelcol-sb-esrev0-ctr-rdtzq	otelcol_process_runtime_heap_alloc_bytes	72110376
1781200557	snap	3400	otelcol	otelcol-sb-esrev0-ctr-rdtzq	otelcol_processor_outgoing_items	1345307
1781200557	snap	3400	otelcol	otelcol-sb-esrev0-ctr-rdtzq	otelcol_process_uptime	704
1781200557	snap	3400	otelcol	otelcol-sb-esrev0-ctr-rdtzq	otelcol_receiver_failed_spans	0
1781200557	snap	3400	otelcol	otelcol-sb-esrev0-ctr-rdtzq	otelcol_processor_batch_metadata_cardinality	1
1781200557	snap	3400	otelcol	otelcol-sb-esrev0-ctr-rdtzq	otelcol_receiver_accepted_spans	1345307
1781200557	snap	3400	otelcol	otelcol-sb-esrev0-ctr-rdtzq	otelcol_processor_batch_timeout_trigger_send	2760
1781200557	snap	3400	otelcol	otelcol-sb-esrev0-ctr-rdtzq	otelcol_processor_batch_batch_send_size_sum	1345307
1781200557	snap	3400	otelcol	otelcol-sb-esrev0-ctr-rdtzq	otelcol_exporter_queue_size	28
1781200557	snap	3400	otelcol	otelcol-sb-esrev0-ctr-glxdm	otelcol_receiver_failed_spans	0
1781200557	snap	3400	otelcol	otelcol-sb-esrev0-ctr-glxdm	otelcol_process_uptime	704
1781200557	snap	3400	otelcol	otelcol-sb-esrev0-ctr-glxdm	otelcol_exporter_queue_capacity	1001
1781200557	snap	3400	otelcol	otelcol-sb-esrev0-ctr-glxdm	otelcol_processor_batch_metadata_cardinality	1
1781200557	snap	3400	otelcol	otelcol-sb-esrev0-ctr-glxdm	otelcol_process_runtime_heap_alloc_bytes	91964864
1781200557	snap	3400	otelcol	otelcol-sb-esrev0-ctr-glxdm	otelcol_exporter_send_failed_spans	0
1781200557	snap	3400	otelcol	otelcol-sb-esrev0-ctr-glxdm	otelcol_processor_incoming_items	2438809
1781200557	snap	3400	otelcol	otelcol-sb-esrev0-ctr-glxdm	otelcol_process_cpu_seconds	50
1781200557	snap	3400	otelcol	otelcol-sb-esrev0-ctr-glxdm	otelcol_exporter_sent_spans	2374488
1781200557	snap	3400	otelcol	otelcol-sb-esrev0-ctr-glxdm	otelcol_receiver_refused_spans	54619
1781200557	snap	3400	otelcol	otelcol-sb-esrev0-ctr-glxdm	otelcol_processor_batch_timeout_trigger_send	2724
1781200557	snap	3400	otelcol	otelcol-sb-esrev0-ctr-glxdm	otelcol_processor_batch_batch_send_size_sum	2384190
1781200557	snap	3400	otelcol	otelcol-sb-esrev0-ctr-glxdm	otelcol_process_runtime_total_alloc_bytes	1654004184
1781200557	snap	3400	otelcol	otelcol-sb-esrev0-ctr-glxdm	otelcol_process_memory_rss	261996544
1781200557	snap	3400	otelcol	otelcol-sb-esrev0-ctr-glxdm	otelcol_exporter_queue_batch_send_size_sum	2384190
1781200557	snap	3400	otelcol	otelcol-sb-esrev0-ctr-glxdm	otelcol_process_runtime_total_sys_memory_bytes	188557624
1781200557	snap	3400	otelcol	otelcol-sb-esrev0-ctr-glxdm	otelcol_receiver_accepted_spans	2384190
1781200557	snap	3400	otelcol	otelcol-sb-esrev0-ctr-glxdm	otelcol_processor_outgoing_items	2384190
1781200557	snap	3400	otelcol	otelcol-sb-esrev0-ctr-glxdm	otelcol_exporter_queue_size	7
1781200557	snap	3400	otelcol	otelcol-sb-esrev0-ctr-2bk4z	otelcol_processor_batch_batch_send_size_sum	1453911
1781200557	snap	3400	otelcol	otelcol-sb-esrev0-ctr-2bk4z	otelcol_process_runtime_heap_alloc_bytes	54572416
1781200557	snap	3400	otelcol	otelcol-sb-esrev0-ctr-2bk4z	otelcol_exporter_queue_size	27
1781200557	snap	3400	otelcol	otelcol-sb-esrev0-ctr-2bk4z	otelcol_process_memory_rss	265678848
1781200557	snap	3400	otelcol	otelcol-sb-esrev0-ctr-2bk4z	otelcol_receiver_failed_spans	0
1781200557	snap	3400	otelcol	otelcol-sb-esrev0-ctr-2bk4z	otelcol_process_runtime_total_alloc_bytes	1086471440
1781200557	snap	3400	otelcol	otelcol-sb-esrev0-ctr-2bk4z	otelcol_exporter_send_failed_spans	0
1781200557	snap	3400	otelcol	otelcol-sb-esrev0-ctr-2bk4z	otelcol_receiver_refused_spans	6062
1781200557	snap	3400	otelcol	otelcol-sb-esrev0-ctr-2bk4z	otelcol_process_uptime	707
1781200557	snap	3400	otelcol	otelcol-sb-esrev0-ctr-2bk4z	otelcol_processor_incoming_items	1459973
1781200557	snap	3400	otelcol	otelcol-sb-esrev0-ctr-2bk4z	otelcol_process_runtime_total_sys_memory_bytes	145987880
1781200557	snap	3400	otelcol	otelcol-sb-esrev0-ctr-2bk4z	otelcol_processor_outgoing_items	1453911
1781200557	snap	3400	otelcol	otelcol-sb-esrev0-ctr-2bk4z	otelcol_process_cpu_seconds	34
1781200557	snap	3400	otelcol	otelcol-sb-esrev0-ctr-2bk4z	otelcol_exporter_queue_batch_send_size_sum	1453911
1781200557	snap	3400	otelcol	otelcol-sb-esrev0-ctr-2bk4z	otelcol_processor_batch_metadata_cardinality	1
1781200557	snap	3400	otelcol	otelcol-sb-esrev0-ctr-2bk4z	otelcol_processor_batch_timeout_trigger_send	2768
1781200557	snap	3400	otelcol	otelcol-sb-esrev0-ctr-2bk4z	otelcol_receiver_accepted_spans	1453911
1781200557	snap	3400	otelcol	otelcol-sb-esrev0-ctr-2bk4z	otelcol_exporter_sent_spans	1433984
1781200557	snap	3400	otelcol	otelcol-sb-esrev0-ctr-2bk4z	otelcol_exporter_queue_capacity	1001
1781200557	snap	3400	otelcol	otelcol-sb-esrev0-ctr-gcg4j	otelcol_receiver_failed_spans	0
1781200557	snap	3400	otelcol	otelcol-sb-esrev0-ctr-gcg4j	otelcol_processor_batch_timeout_trigger_send	2748
1781200557	snap	3400	otelcol	otelcol-sb-esrev0-ctr-gcg4j	otelcol_exporter_queue_size	4
1781200557	snap	3400	otelcol	otelcol-sb-esrev0-ctr-gcg4j	otelcol_process_runtime_total_sys_memory_bytes	76343576
1781200557	snap	3400	otelcol	otelcol-sb-esrev0-ctr-gcg4j	otelcol_exporter_queue_batch_send_size_sum	251069
1781200557	snap	3400	otelcol	otelcol-sb-esrev0-ctr-gcg4j	otelcol_receiver_accepted_spans	251069
1781200557	snap	3400	otelcol	otelcol-sb-esrev0-ctr-gcg4j	otelcol_process_runtime_total_alloc_bytes	370645096
1781200557	snap	3400	otelcol	otelcol-sb-esrev0-ctr-gcg4j	otelcol_process_memory_rss	213827584
1781200557	snap	3400	otelcol	otelcol-sb-esrev0-ctr-gcg4j	otelcol_process_cpu_seconds	26
1781200557	snap	3400	otelcol	otelcol-sb-esrev0-ctr-gcg4j	otelcol_exporter_queue_capacity	1001
1781200557	snap	3400	otelcol	otelcol-sb-esrev0-ctr-gcg4j	otelcol_processor_incoming_items	251069
1781200557	snap	3400	otelcol	otelcol-sb-esrev0-ctr-gcg4j	otelcol_exporter_send_failed_spans	0
1781200557	snap	3400	otelcol	otelcol-sb-esrev0-ctr-gcg4j	otelcol_receiver_refused_spans	0
1781200557	snap	3400	otelcol	otelcol-sb-esrev0-ctr-gcg4j	otelcol_processor_outgoing_items	251069
1781200557	snap	3400	otelcol	otelcol-sb-esrev0-ctr-gcg4j	otelcol_processor_batch_metadata_cardinality	1
1781200557	snap	3400	otelcol	otelcol-sb-esrev0-ctr-gcg4j	otelcol_processor_batch_batch_send_size_sum	251069
1781200557	snap	3400	otelcol	otelcol-sb-esrev0-ctr-gcg4j	otelcol_process_uptime	703
1781200557	snap	3400	otelcol	otelcol-sb-esrev0-ctr-gcg4j	otelcol_process_runtime_heap_alloc_bytes	43332112
1781200557	snap	3400	otelcol	otelcol-sb-esrev0-ctr-gcg4j	otelcol_exporter_sent_spans	250489
1781200557	snap	3400	otelcol	otelcol-sb-esrev0-ctr-pr5gq	otelcol_receiver_accepted_spans	4433556
1781200557	snap	3400	otelcol	otelcol-sb-esrev0-ctr-pr5gq	otelcol_receiver_failed_spans	0
1781200557	snap	3400	otelcol	otelcol-sb-esrev0-ctr-pr5gq	otelcol_process_uptime	703
1781200557	snap	3400	otelcol	otelcol-sb-esrev0-ctr-pr5gq	otelcol_exporter_queue_batch_send_size_sum	4433556
1781200557	snap	3400	otelcol	otelcol-sb-esrev0-ctr-pr5gq	otelcol_processor_outgoing_items	4433556
1781200557	snap	3400	otelcol	otelcol-sb-esrev0-ctr-pr5gq	otelcol_process_runtime_total_sys_memory_bytes	168368424
1781200557	snap	3400	otelcol	otelcol-sb-esrev0-ctr-pr5gq	otelcol_process_runtime_heap_alloc_bytes	79932256
1781200557	snap	3400	otelcol	otelcol-sb-esrev0-ctr-pr5gq	otelcol_exporter_queue_capacity	1001
1781200557	snap	3400	otelcol	otelcol-sb-esrev0-ctr-pr5gq	otelcol_process_memory_rss	285593600
1781200557	snap	3400	otelcol	otelcol-sb-esrev0-ctr-pr5gq	otelcol_exporter_queue_size	55
1781200557	snap	3400	otelcol	otelcol-sb-esrev0-ctr-pr5gq	otelcol_exporter_send_failed_spans	0
1781200557	snap	3400	otelcol	otelcol-sb-esrev0-ctr-pr5gq	otelcol_receiver_refused_spans	270224
1781200557	snap	3400	otelcol	otelcol-sb-esrev0-ctr-pr5gq	otelcol_process_runtime_total_alloc_bytes	2554346384
1781200557	snap	3400	otelcol	otelcol-sb-esrev0-ctr-pr5gq	otelcol_processor_batch_batch_send_size_sum	4433556
1781200557	snap	3400	otelcol	otelcol-sb-esrev0-ctr-pr5gq	otelcol_process_cpu_seconds	65
1781200557	snap	3400	otelcol	otelcol-sb-esrev0-ctr-pr5gq	otelcol_processor_incoming_items	4703780
1781200557	snap	3400	otelcol	otelcol-sb-esrev0-ctr-pr5gq	otelcol_processor_batch_metadata_cardinality	1
1781200557	snap	3400	otelcol	otelcol-sb-esrev0-ctr-pr5gq	otelcol_processor_batch_timeout_trigger_send	2756
1781200557	snap	3400	otelcol	otelcol-sb-esrev0-ctr-pr5gq	otelcol_exporter_sent_spans	4309813
1781200557	snap	3400	otelcol	otelcol-sb-esrev0-ctr-rbkvt	otelcol_processor_outgoing_items	1347244
1781200557	snap	3400	otelcol	otelcol-sb-esrev0-ctr-rbkvt	otelcol_exporter_send_failed_spans	0
1781200557	snap	3400	otelcol	otelcol-sb-esrev0-ctr-rbkvt	otelcol_receiver_refused_spans	0
1781200557	snap	3400	otelcol	otelcol-sb-esrev0-ctr-rbkvt	otelcol_exporter_queue_size	8
1781200557	snap	3400	otelcol	otelcol-sb-esrev0-ctr-rbkvt	otelcol_exporter_queue_batch_send_size_sum	1347244
1781200557	snap	3400	otelcol	otelcol-sb-esrev0-ctr-rbkvt	otelcol_process_runtime_total_sys_memory_bytes	115718440
1781200557	snap	3400	otelcol	otelcol-sb-esrev0-ctr-rbkvt	otelcol_receiver_failed_spans	0
1781200557	snap	3400	otelcol	otelcol-sb-esrev0-ctr-rbkvt	otelcol_processor_batch_metadata_cardinality	1
1781200557	snap	3400	otelcol	otelcol-sb-esrev0-ctr-rbkvt	otelcol_processor_batch_timeout_trigger_send	2756
1781200557	snap	3400	otelcol	otelcol-sb-esrev0-ctr-rbkvt	otelcol_processor_batch_batch_send_size_sum	1347244
1781200557	snap	3400	otelcol	otelcol-sb-esrev0-ctr-rbkvt	otelcol_receiver_accepted_spans	1347244
1781200557	snap	3400	otelcol	otelcol-sb-esrev0-ctr-rbkvt	otelcol_process_cpu_seconds	35
1781200557	snap	3400	otelcol	otelcol-sb-esrev0-ctr-rbkvt	otelcol_process_uptime	704
1781200557	snap	3400	otelcol	otelcol-sb-esrev0-ctr-rbkvt	otelcol_process_runtime_heap_alloc_bytes	56659920
1781200557	snap	3400	otelcol	otelcol-sb-esrev0-ctr-rbkvt	otelcol_process_memory_rss	239099904
1781200557	snap	3400	otelcol	otelcol-sb-esrev0-ctr-rbkvt	otelcol_exporter_sent_spans	1341477
1781200557	snap	3400	otelcol	otelcol-sb-esrev0-ctr-rbkvt	otelcol_exporter_queue_capacity	1001
1781200557	snap	3400	otelcol	otelcol-sb-esrev0-ctr-rbkvt	otelcol_process_runtime_total_alloc_bytes	1000768648
1781200557	snap	3400	otelcol	otelcol-sb-esrev0-ctr-rbkvt	otelcol_processor_incoming_items	1347244
1781200557	snap	3400	otelcol	otelcol-sb-esrev0-ctr-vnnmt	otelcol_process_cpu_seconds	34
1781200557	snap	3400	otelcol	otelcol-sb-esrev0-ctr-vnnmt	otelcol_exporter_sent_spans	1340106
1781200557	snap	3400	otelcol	otelcol-sb-esrev0-ctr-vnnmt	otelcol_process_runtime_total_alloc_bytes	1033318168
1781200557	snap	3400	otelcol	otelcol-sb-esrev0-ctr-vnnmt	otelcol_processor_outgoing_items	1344930
1781200557	snap	3400	otelcol	otelcol-sb-esrev0-ctr-vnnmt	otelcol_process_runtime_heap_alloc_bytes	68190880
1781200557	snap	3400	otelcol	otelcol-sb-esrev0-ctr-vnnmt	otelcol_exporter_queue_size	6
1781200557	snap	3400	otelcol	otelcol-sb-esrev0-ctr-vnnmt	otelcol_exporter_queue_batch_send_size_sum	1344930
1781200557	snap	3400	otelcol	otelcol-sb-esrev0-ctr-vnnmt	otelcol_processor_batch_batch_send_size_sum	1344930
1781200557	snap	3400	otelcol	otelcol-sb-esrev0-ctr-vnnmt	otelcol_receiver_failed_spans	0
1781200557	snap	3400	otelcol	otelcol-sb-esrev0-ctr-vnnmt	otelcol_process_memory_rss	235913216
1781200557	snap	3400	otelcol	otelcol-sb-esrev0-ctr-vnnmt	otelcol_exporter_send_failed_spans	0
1781200557	snap	3400	otelcol	otelcol-sb-esrev0-ctr-vnnmt	otelcol_receiver_refused_spans	0
1781200557	snap	3400	otelcol	otelcol-sb-esrev0-ctr-vnnmt	otelcol_receiver_accepted_spans	1344930
1781200557	snap	3400	otelcol	otelcol-sb-esrev0-ctr-vnnmt	otelcol_processor_batch_metadata_cardinality	1
1781200557	snap	3400	otelcol	otelcol-sb-esrev0-ctr-vnnmt	otelcol_process_runtime_total_sys_memory_bytes	116238616
1781200557	snap	3400	otelcol	otelcol-sb-esrev0-ctr-vnnmt	otelcol_processor_batch_timeout_trigger_send	2759
1781200557	snap	3400	otelcol	otelcol-sb-esrev0-ctr-vnnmt	otelcol_processor_incoming_items	1344930
1781200557	snap	3400	otelcol	otelcol-sb-esrev0-ctr-vnnmt	otelcol_process_uptime	704
1781200557	snap	3400	otelcol	otelcol-sb-esrev0-ctr-vnnmt	otelcol_exporter_queue_capacity	1001
1781200557	snap	3400	otelcol	otelcol-sb-esrev0-ctr-wht6z	otelcol_exporter_queue_size	27
1781200557	snap	3400	otelcol	otelcol-sb-esrev0-ctr-wht6z	otelcol_process_uptime	703
1781200557	snap	3400	otelcol	otelcol-sb-esrev0-ctr-wht6z	otelcol_receiver_accepted_spans	8459223
1781200557	snap	3400	otelcol	otelcol-sb-esrev0-ctr-wht6z	otelcol_process_runtime_heap_alloc_bytes	113613256
1781200557	snap	3400	otelcol	otelcol-sb-esrev0-ctr-wht6z	otelcol_receiver_failed_spans	0
1781200557	snap	3400	otelcol	otelcol-sb-esrev0-ctr-wht6z	otelcol_process_runtime_total_alloc_bytes	7900744288
1781200557	snap	3400	otelcol	otelcol-sb-esrev0-ctr-wht6z	otelcol_process_memory_rss	324612096
1781200557	snap	3400	otelcol	otelcol-sb-esrev0-ctr-wht6z	otelcol_exporter_queue_capacity	1001
1781200557	snap	3400	otelcol	otelcol-sb-esrev0-ctr-wht6z	otelcol_processor_incoming_items	10721070
1781200557	snap	3400	otelcol	otelcol-sb-esrev0-ctr-wht6z	otelcol_processor_batch_metadata_cardinality	1
1781200557	snap	3400	otelcol	otelcol-sb-esrev0-ctr-wht6z	otelcol_process_cpu_seconds	154
1781200557	snap	3400	otelcol	otelcol-sb-esrev0-ctr-wht6z	otelcol_exporter_send_failed_spans	0
1781200557	snap	3400	otelcol	otelcol-sb-esrev0-ctr-wht6z	otelcol_exporter_sent_spans	8368599
1781200557	snap	3400	otelcol	otelcol-sb-esrev0-ctr-wht6z	otelcol_process_runtime_total_sys_memory_bytes	228378936
1781200557	snap	3400	otelcol	otelcol-sb-esrev0-ctr-wht6z	otelcol_receiver_refused_spans	2261847
1781200557	snap	3400	otelcol	otelcol-sb-esrev0-ctr-wht6z	otelcol_exporter_queue_batch_send_size_sum	8459223
1781200557	snap	3400	otelcol	otelcol-sb-esrev0-ctr-wht6z	otelcol_processor_batch_timeout_trigger_send	2375
1781200557	snap	3400	otelcol	otelcol-sb-esrev0-ctr-wht6z	otelcol_processor_batch_batch_size_trigger_send	1
1781200557	snap	3400	otelcol	otelcol-sb-esrev0-ctr-wht6z	otelcol_processor_batch_batch_send_size_sum	8459223
1781200557	snap	3400	otelcol	otelcol-sb-esrev0-ctr-wht6z	otelcol_processor_outgoing_items	8459223
1781200557	snap	3400	k8s	otelcol-sb-esrev0-ctr-2bk4z	restart_count	0
1781200557	snap	3400	k8s	otelcol-sb-esrev0-ctr-gcg4j	restart_count	0
1781200557	snap	3400	k8s	otelcol-sb-esrev0-ctr-glxdm	restart_count	0
1781200557	snap	3400	k8s	otelcol-sb-esrev0-ctr-mrm6k	restart_count	0
1781200557	snap	3400	k8s	otelcol-sb-esrev0-ctr-pr5gq	restart_count	0
1781200557	snap	3400	k8s	otelcol-sb-esrev0-ctr-rbkvt	restart_count	0
1781200557	snap	3400	k8s	otelcol-sb-esrev0-ctr-rdtzq	restart_count	0
1781200557	snap	3400	k8s	otelcol-sb-esrev0-ctr-vnnmt	restart_count	0
1781200557	snap	3400	k8s	otelcol-sb-esrev0-ctr-wht6z	restart_count	0
1781200557	snap	3400	sdk	wrk2api	spans_received	253078
1781200557	snap	3400	sdk	wrk2api	spans_sent	243446
1781200557	snap	3400	sdk	wrk2api	spans_dropped	9632
1781200557	snap	3400	sdk	wrk2api	spans_flushed	253078
1781200557	snap	3400	sdk	wrk2api	batches_sent	10573
1781200557	snap	3400	sdk	wrk2api	batches_dropped	284
1781200557	snap	3400	sdk	wrk2api	send_unavailable	284
1781200557	snap	3400	sdk	wrk2api	send_deadline	0
1781200557	snap	3400	sdk	wrk2api	send_exhausted	0
1781200557	snap	3400	sdk	wrk2api	send_canceled	0
1781200557	snap	3400	sdk	wrk2api	send_other	0
1781200557	snap	3400	sdk	wrk2api	buffer_depth	0
0
1781200557	snap	3400	sdk	composepost	spans_received	8750863
1781200557	snap	3400	sdk	composepost	spans_sent	6693125
1781200557	snap	3400	sdk	composepost	spans_dropped	2057738
1781200557	snap	3400	sdk	composepost	spans_flushed	8750863
1781200557	snap	3400	sdk	composepost	batches_sent	34910
1781200557	snap	3400	sdk	composepost	batches_dropped	6640
1781200557	snap	3400	sdk	composepost	send_unavailable	3917
1781200557	snap	3400	sdk	composepost	send_deadline	2723
1781200557	snap	3400	sdk	composepost	send_exhausted	0
1781200557	snap	3400	sdk	composepost	send_canceled	0
1781200557	snap	3400	sdk	composepost	send_other	0
1781200557	snap	3400	sdk	composepost	buffer_depth	0
0
1781200557	snap	3400	sdk	hometimeline	spans_received	2187700
1781200557	snap	3400	sdk	hometimeline	spans_sent	1576775
1781200557	snap	3400	sdk	hometimeline	spans_dropped	610925
1781200557	snap	3400	sdk	hometimeline	spans_flushed	2187700
1781200557	snap	3400	sdk	hometimeline	batches_sent	8409
1781200557	snap	3400	sdk	hometimeline	batches_dropped	1980
1781200557	snap	3400	sdk	hometimeline	send_unavailable	1852
1781200557	snap	3400	sdk	hometimeline	send_deadline	128
1781200557	snap	3400	sdk	hometimeline	send_exhausted	0
1781200557	snap	3400	sdk	hometimeline	send_canceled	0
1781200557	snap	3400	sdk	hometimeline	send_other	0
1781200557	snap	3400	sdk	hometimeline	buffer_depth	0
0
1781200557	snap	3400	sdk	media	spans_received	1093859
1781200557	snap	3400	sdk	media	spans_sent	1093859
1781200557	snap	3400	sdk	media	spans_dropped	0
1781200557	snap	3400	sdk	media	spans_flushed	1093859
1781200557	snap	3400	sdk	media	batches_sent	5197
1781200557	snap	3400	sdk	media	batches_dropped	0
1781200557	snap	3400	sdk	media	send_unavailable	0
1781200557	snap	3400	sdk	media	send_deadline	0
1781200557	snap	3400	sdk	media	send_exhausted	0
1781200557	snap	3400	sdk	media	send_canceled	0
1781200557	snap	3400	sdk	media	send_other	0
1781200557	snap	3400	sdk	media	buffer_depth	0
0
1781200557	snap	3400	sdk	post-storage	spans_received	1093850
1781200557	snap	3400	sdk	post-storage	spans_sent	1093850
1781200557	snap	3400	sdk	post-storage	spans_dropped	0
1781200557	snap	3400	sdk	post-storage	spans_flushed	1093850
1781200557	snap	3400	sdk	post-storage	batches_sent	5194
1781200557	snap	3400	sdk	post-storage	batches_dropped	0
1781200557	snap	3400	sdk	post-storage	send_unavailable	0
1781200557	snap	3400	sdk	post-storage	send_deadline	0
1781200557	snap	3400	sdk	post-storage	send_exhausted	0
1781200557	snap	3400	sdk	post-storage	send_canceled	0
1781200557	snap	3400	sdk	post-storage	send_other	0
1781200557	snap	3400	sdk	post-storage	buffer_depth	0
0
1781200557	snap	3400	sdk	socialgraph	spans_received	1207684
1781200557	snap	3400	sdk	socialgraph	spans_sent	1207684
1781200557	snap	3400	sdk	socialgraph	spans_dropped	0
1781200557	snap	3400	sdk	socialgraph	spans_flushed	1207684
1781200557	snap	3400	sdk	socialgraph	batches_sent	5676
1781200557	snap	3400	sdk	socialgraph	batches_dropped	0
1781200557	snap	3400	sdk	socialgraph	send_unavailable	0
1781200557	snap	3400	sdk	socialgraph	send_deadline	0
1781200557	snap	3400	sdk	socialgraph	send_exhausted	0
1781200557	snap	3400	sdk	socialgraph	send_canceled	0
1781200557	snap	3400	sdk	socialgraph	send_other	0
1781200557	snap	3400	sdk	socialgraph	buffer_depth	0
0
1781200557	snap	3400	sdk	text	spans_received	3281595
1781200557	snap	3400	sdk	text	spans_sent	3021003
1781200557	snap	3400	sdk	text	spans_dropped	260592
1781200557	snap	3400	sdk	text	spans_flushed	3281595
1781200557	snap	3400	sdk	text	batches_sent	14730
1781200557	snap	3400	sdk	text	batches_dropped	852
1781200557	snap	3400	sdk	text	send_unavailable	852
1781200557	snap	3400	sdk	text	send_deadline	0
1781200557	snap	3400	sdk	text	send_exhausted	0
1781200557	snap	3400	sdk	text	send_canceled	0
1781200557	snap	3400	sdk	text	send_other	0
1781200557	snap	3400	sdk	text	buffer_depth	0
0
1781200557	snap	3400	sdk	uniqueid	spans_received	1093859
1781200557	snap	3400	sdk	uniqueid	spans_sent	1073266
1781200557	snap	3400	sdk	uniqueid	spans_dropped	20593
1781200557	snap	3400	sdk	uniqueid	spans_flushed	1093859
1781200557	snap	3400	sdk	uniqueid	batches_sent	5128
1781200557	snap	3400	sdk	uniqueid	batches_dropped	65
1781200557	snap	3400	sdk	uniqueid	send_unavailable	65
1781200557	snap	3400	sdk	uniqueid	send_deadline	0
1781200557	snap	3400	sdk	uniqueid	send_exhausted	0
1781200557	snap	3400	sdk	uniqueid	send_canceled	0
1781200557	snap	3400	sdk	uniqueid	send_other	0
1781200557	snap	3400	sdk	uniqueid	buffer_depth	0
0
1781200557	snap	3400	sdk	urlshorten	spans_received	1093859
1781200557	snap	3400	sdk	urlshorten	spans_sent	1093859
1781200557	snap	3400	sdk	urlshorten	spans_dropped	0
1781200557	snap	3400	sdk	urlshorten	spans_flushed	1093859
1781200557	snap	3400	sdk	urlshorten	batches_sent	5196
1781200557	snap	3400	sdk	urlshorten	batches_dropped	0
1781200557	snap	3400	sdk	urlshorten	send_unavailable	0
1781200557	snap	3400	sdk	urlshorten	send_deadline	0
1781200557	snap	3400	sdk	urlshorten	send_exhausted	0
1781200557	snap	3400	sdk	urlshorten	send_canceled	0
1781200557	snap	3400	sdk	urlshorten	send_other	0
1781200557	snap	3400	sdk	urlshorten	buffer_depth	0
0
1781200557	snap	3400	sdk	user	spans_received	1095783
1781200557	snap	3400	sdk	user	spans_sent	1095783
1781200557	snap	3400	sdk	user	spans_dropped	0
1781200557	snap	3400	sdk	user	spans_flushed	1095783
1781200557	snap	3400	sdk	user	batches_sent	5205
1781200557	snap	3400	sdk	user	batches_dropped	0
1781200557	snap	3400	sdk	user	send_unavailable	0
1781200557	snap	3400	sdk	user	send_deadline	0
1781200557	snap	3400	sdk	user	send_exhausted	0
1781200557	snap	3400	sdk	user	send_canceled	0
1781200557	snap	3400	sdk	user	send_other	0
1781200557	snap	3400	sdk	user	buffer_depth	0
0
1781200557	snap	3400	sdk	userid	spans_received	75248
1781200557	snap	3400	sdk	userid	spans_sent	75248
1781200557	snap	3400	sdk	userid	spans_dropped	0
1781200557	snap	3400	sdk	userid	spans_flushed	75248
1781200557	snap	3400	sdk	userid	batches_sent	245
1781200557	snap	3400	sdk	userid	batches_dropped	0
1781200557	snap	3400	sdk	userid	send_unavailable	0
1781200557	snap	3400	sdk	userid	send_deadline	0
1781200557	snap	3400	sdk	userid	send_exhausted	0
1781200557	snap	3400	sdk	userid	send_canceled	0
1781200557	snap	3400	sdk	userid	send_other	0
1781200557	snap	3400	sdk	userid	buffer_depth	0
0
1781200557	snap	3400	sdk	usermention	spans_received	1093859
1781200557	snap	3400	sdk	usermention	spans_sent	1073280
1781200557	snap	3400	sdk	usermention	spans_dropped	20579
1781200557	snap	3400	sdk	usermention	spans_flushed	1093859
1781200557	snap	3400	sdk	usermention	batches_sent	5129
1781200557	snap	3400	sdk	usermention	batches_dropped	65
1781200557	snap	3400	sdk	usermention	send_unavailable	65
1781200557	snap	3400	sdk	usermention	send_deadline	0
1781200557	snap	3400	sdk	usermention	send_exhausted	0
1781200557	snap	3400	sdk	usermention	send_canceled	0
1781200557	snap	3400	sdk	usermention	send_other	0
1781200557	snap	3400	sdk	usermention	buffer_depth	0
0
1781200557	snap	3400	sdk	usertimeline	spans_received	1093850
1781200557	snap	3400	sdk	usertimeline	spans_sent	1093850
1781200557	snap	3400	sdk	usertimeline	spans_dropped	0
1781200557	snap	3400	sdk	usertimeline	spans_flushed	1093850
1781200557	snap	3400	sdk	usertimeline	batches_sent	5193
1781200557	snap	3400	sdk	usertimeline	batches_dropped	0
1781200557	snap	3400	sdk	usertimeline	send_unavailable	0
1781200557	snap	3400	sdk	usertimeline	send_deadline	0
1781200557	snap	3400	sdk	usertimeline	send_exhausted	0
1781200557	snap	3400	sdk	usertimeline	send_canceled	0
1781200557	snap	3400	sdk	usertimeline	send_other	0
1781200557	snap	3400	sdk	usertimeline	buffer_depth	0
0
1781200625	snap	3400	otelcol	otelcol-sb-esrev0-ctr-mrm6k	otelcol_exporter_queue_size	9
1781200625	snap	3400	otelcol	otelcol-sb-esrev0-ctr-mrm6k	otelcol_processor_batch_batch_send_size_sum	1591846
1781200625	snap	3400	otelcol	otelcol-sb-esrev0-ctr-mrm6k	otelcol_process_runtime_heap_alloc_bytes	89835040
1781200625	snap	3400	otelcol	otelcol-sb-esrev0-ctr-mrm6k	otelcol_exporter_queue_batch_send_size_sum	1591846
1781200625	snap	3400	otelcol	otelcol-sb-esrev0-ctr-mrm6k	otelcol_process_uptime	772
1781200625	snap	3400	otelcol	otelcol-sb-esrev0-ctr-mrm6k	otelcol_processor_outgoing_items	1591846
1781200625	snap	3400	otelcol	otelcol-sb-esrev0-ctr-mrm6k	otelcol_process_runtime_total_alloc_bytes	1170440688
1781200625	snap	3400	otelcol	otelcol-sb-esrev0-ctr-mrm6k	otelcol_process_memory_rss	258002944
1781200625	snap	3400	otelcol	otelcol-sb-esrev0-ctr-mrm6k	otelcol_process_cpu_seconds	43
1781200625	snap	3400	otelcol	otelcol-sb-esrev0-ctr-mrm6k	otelcol_exporter_send_failed_spans	0
1781200625	snap	3400	otelcol	otelcol-sb-esrev0-ctr-mrm6k	otelcol_receiver_accepted_spans	1591846
1781200625	snap	3400	otelcol	otelcol-sb-esrev0-ctr-mrm6k	otelcol_processor_batch_metadata_cardinality	1
1781200625	snap	3400	otelcol	otelcol-sb-esrev0-ctr-mrm6k	otelcol_receiver_refused_spans	0
1781200625	snap	3400	otelcol	otelcol-sb-esrev0-ctr-mrm6k	otelcol_receiver_failed_spans	0
1781200625	snap	3400	otelcol	otelcol-sb-esrev0-ctr-mrm6k	otelcol_processor_batch_timeout_trigger_send	3056
1781200625	snap	3400	otelcol	otelcol-sb-esrev0-ctr-mrm6k	otelcol_process_runtime_total_sys_memory_bytes	123898136
1781200625	snap	3400	otelcol	otelcol-sb-esrev0-ctr-mrm6k	otelcol_exporter_queue_capacity	1001
1781200625	snap	3400	otelcol	otelcol-sb-esrev0-ctr-mrm6k	otelcol_processor_incoming_items	1591846
1781200625	snap	3400	otelcol	otelcol-sb-esrev0-ctr-mrm6k	otelcol_exporter_sent_spans	1584363
1781200625	snap	3400	otelcol	otelcol-sb-esrev0-ctr-rdtzq	otelcol_process_runtime_total_sys_memory_bytes	136911144
1781200625	snap	3400	otelcol	otelcol-sb-esrev0-ctr-rdtzq	otelcol_process_memory_rss	250626048
1781200625	snap	3400	otelcol	otelcol-sb-esrev0-ctr-rdtzq	otelcol_exporter_queue_capacity	1001
1781200625	snap	3400	otelcol	otelcol-sb-esrev0-ctr-rdtzq	otelcol_process_cpu_seconds	41
1781200625	snap	3400	otelcol	otelcol-sb-esrev0-ctr-rdtzq	otelcol_processor_incoming_items	1591027
1781200625	snap	3400	otelcol	otelcol-sb-esrev0-ctr-rdtzq	otelcol_exporter_queue_batch_send_size_sum	1590239
1781200625	snap	3400	otelcol	otelcol-sb-esrev0-ctr-rdtzq	otelcol_exporter_send_failed_spans	0
1781200625	snap	3400	otelcol	otelcol-sb-esrev0-ctr-rdtzq	otelcol_receiver_refused_spans	788
1781200625	snap	3400	otelcol	otelcol-sb-esrev0-ctr-rdtzq	otelcol_exporter_sent_spans	1559421
1781200625	snap	3400	otelcol	otelcol-sb-esrev0-ctr-rdtzq	otelcol_process_runtime_total_alloc_bytes	1199802792
1781200625	snap	3400	otelcol	otelcol-sb-esrev0-ctr-rdtzq	otelcol_process_runtime_heap_alloc_bytes	49493376
1781200625	snap	3400	otelcol	otelcol-sb-esrev0-ctr-rdtzq	otelcol_processor_outgoing_items	1590239
1781200625	snap	3400	otelcol	otelcol-sb-esrev0-ctr-rdtzq	otelcol_process_uptime	772
1781200625	snap	3400	otelcol	otelcol-sb-esrev0-ctr-rdtzq	otelcol_receiver_failed_spans	0
1781200625	snap	3400	otelcol	otelcol-sb-esrev0-ctr-rdtzq	otelcol_processor_batch_metadata_cardinality	1
1781200625	snap	3400	otelcol	otelcol-sb-esrev0-ctr-rdtzq	otelcol_receiver_accepted_spans	1590239
1781200625	snap	3400	otelcol	otelcol-sb-esrev0-ctr-rdtzq	otelcol_processor_batch_timeout_trigger_send	3059
1781200625	snap	3400	otelcol	otelcol-sb-esrev0-ctr-rdtzq	otelcol_processor_batch_batch_send_size_sum	1590239
1781200625	snap	3400	otelcol	otelcol-sb-esrev0-ctr-rdtzq	otelcol_exporter_queue_size	38
1781200625	snap	3400	otelcol	otelcol-sb-esrev0-ctr-glxdm	otelcol_receiver_failed_spans	0
1781200625	snap	3400	otelcol	otelcol-sb-esrev0-ctr-glxdm	otelcol_process_uptime	772
1781200625	snap	3400	otelcol	otelcol-sb-esrev0-ctr-glxdm	otelcol_exporter_queue_capacity	1001
1781200625	snap	3400	otelcol	otelcol-sb-esrev0-ctr-glxdm	otelcol_processor_batch_metadata_cardinality	1
1781200625	snap	3400	otelcol	otelcol-sb-esrev0-ctr-glxdm	otelcol_process_runtime_heap_alloc_bytes	109694872
1781200625	snap	3400	otelcol	otelcol-sb-esrev0-ctr-glxdm	otelcol_exporter_send_failed_spans	0
1781200625	snap	3400	otelcol	otelcol-sb-esrev0-ctr-glxdm	otelcol_processor_incoming_items	2885577
1781200625	snap	3400	otelcol	otelcol-sb-esrev0-ctr-glxdm	otelcol_process_cpu_seconds	57
1781200625	snap	3400	otelcol	otelcol-sb-esrev0-ctr-glxdm	otelcol_exporter_sent_spans	2749410
1781200625	snap	3400	otelcol	otelcol-sb-esrev0-ctr-glxdm	otelcol_receiver_refused_spans	56626
1781200625	snap	3400	otelcol	otelcol-sb-esrev0-ctr-glxdm	otelcol_processor_batch_timeout_trigger_send	3023
1781200625	snap	3400	otelcol	otelcol-sb-esrev0-ctr-glxdm	otelcol_processor_batch_batch_send_size_sum	2828951
1781200625	snap	3400	otelcol	otelcol-sb-esrev0-ctr-glxdm	otelcol_process_runtime_total_alloc_bytes	1927890960
1781200625	snap	3400	otelcol	otelcol-sb-esrev0-ctr-glxdm	otelcol_process_memory_rss	279805952
1781200625	snap	3400	otelcol	otelcol-sb-esrev0-ctr-glxdm	otelcol_exporter_queue_batch_send_size_sum	2828951
1781200625	snap	3400	otelcol	otelcol-sb-esrev0-ctr-glxdm	otelcol_process_runtime_total_sys_memory_bytes	188852536
1781200625	snap	3400	otelcol	otelcol-sb-esrev0-ctr-glxdm	otelcol_receiver_accepted_spans	2828951
1781200625	snap	3400	otelcol	otelcol-sb-esrev0-ctr-glxdm	otelcol_processor_outgoing_items	2828951
1781200625	snap	3400	otelcol	otelcol-sb-esrev0-ctr-glxdm	otelcol_exporter_queue_size	55
1781200625	snap	3400	otelcol	otelcol-sb-esrev0-ctr-2bk4z	otelcol_processor_batch_batch_send_size_sum	1699188
1781200625	snap	3400	otelcol	otelcol-sb-esrev0-ctr-2bk4z	otelcol_process_runtime_heap_alloc_bytes	75194344
1781200625	snap	3400	otelcol	otelcol-sb-esrev0-ctr-2bk4z	otelcol_exporter_queue_size	111
1781200625	snap	3400	otelcol	otelcol-sb-esrev0-ctr-2bk4z	otelcol_process_memory_rss	268234752
1781200625	snap	3400	otelcol	otelcol-sb-esrev0-ctr-2bk4z	otelcol_receiver_failed_spans	0
1781200625	snap	3400	otelcol	otelcol-sb-esrev0-ctr-2bk4z	otelcol_process_runtime_total_alloc_bytes	1242450272
1781200625	snap	3400	otelcol	otelcol-sb-esrev0-ctr-2bk4z	otelcol_exporter_send_failed_spans	0
1781200625	snap	3400	otelcol	otelcol-sb-esrev0-ctr-2bk4z	otelcol_receiver_refused_spans	6507
1781200625	snap	3400	otelcol	otelcol-sb-esrev0-ctr-2bk4z	otelcol_process_uptime	774
1781200625	snap	3400	otelcol	otelcol-sb-esrev0-ctr-2bk4z	otelcol_processor_incoming_items	1705695
1781200625	snap	3400	otelcol	otelcol-sb-esrev0-ctr-2bk4z	otelcol_process_runtime_total_sys_memory_bytes	145987880
1781200625	snap	3400	otelcol	otelcol-sb-esrev0-ctr-2bk4z	otelcol_processor_outgoing_items	1699188
1781200625	snap	3400	otelcol	otelcol-sb-esrev0-ctr-2bk4z	otelcol_process_cpu_seconds	38
1781200625	snap	3400	otelcol	otelcol-sb-esrev0-ctr-2bk4z	otelcol_exporter_queue_batch_send_size_sum	1699188
1781200625	snap	3400	otelcol	otelcol-sb-esrev0-ctr-2bk4z	otelcol_processor_batch_metadata_cardinality	1
1781200625	snap	3400	otelcol	otelcol-sb-esrev0-ctr-2bk4z	otelcol_processor_batch_timeout_trigger_send	3067
1781200625	snap	3400	otelcol	otelcol-sb-esrev0-ctr-2bk4z	otelcol_receiver_accepted_spans	1699188
1781200625	snap	3400	otelcol	otelcol-sb-esrev0-ctr-2bk4z	otelcol_exporter_sent_spans	1608498
1781200625	snap	3400	otelcol	otelcol-sb-esrev0-ctr-2bk4z	otelcol_exporter_queue_capacity	1001
1781200625	snap	3400	otelcol	otelcol-sb-esrev0-ctr-gcg4j	otelcol_receiver_failed_spans	0
1781200625	snap	3400	otelcol	otelcol-sb-esrev0-ctr-gcg4j	otelcol_processor_batch_timeout_trigger_send	3047
1781200625	snap	3400	otelcol	otelcol-sb-esrev0-ctr-gcg4j	otelcol_exporter_queue_size	63
1781200625	snap	3400	otelcol	otelcol-sb-esrev0-ctr-gcg4j	otelcol_process_runtime_total_sys_memory_bytes	76605720
1781200625	snap	3400	otelcol	otelcol-sb-esrev0-ctr-gcg4j	otelcol_exporter_queue_batch_send_size_sum	295743
1781200625	snap	3400	otelcol	otelcol-sb-esrev0-ctr-gcg4j	otelcol_receiver_accepted_spans	295743
1781200625	snap	3400	otelcol	otelcol-sb-esrev0-ctr-gcg4j	otelcol_process_runtime_total_alloc_bytes	410375128
1781200625	snap	3400	otelcol	otelcol-sb-esrev0-ctr-gcg4j	otelcol_process_memory_rss	213839872
1781200625	snap	3400	otelcol	otelcol-sb-esrev0-ctr-gcg4j	otelcol_process_cpu_seconds	29
1781200625	snap	3400	otelcol	otelcol-sb-esrev0-ctr-gcg4j	otelcol_exporter_queue_capacity	1001
1781200625	snap	3400	otelcol	otelcol-sb-esrev0-ctr-gcg4j	otelcol_processor_incoming_items	295743
1781200625	snap	3400	otelcol	otelcol-sb-esrev0-ctr-gcg4j	otelcol_exporter_send_failed_spans	0
1781200625	snap	3400	otelcol	otelcol-sb-esrev0-ctr-gcg4j	otelcol_receiver_refused_spans	0
1781200625	snap	3400	otelcol	otelcol-sb-esrev0-ctr-gcg4j	otelcol_processor_outgoing_items	295743
1781200625	snap	3400	otelcol	otelcol-sb-esrev0-ctr-gcg4j	otelcol_processor_batch_metadata_cardinality	1
1781200625	snap	3400	otelcol	otelcol-sb-esrev0-ctr-gcg4j	otelcol_processor_batch_batch_send_size_sum	295743
1781200625	snap	3400	otelcol	otelcol-sb-esrev0-ctr-gcg4j	otelcol_process_uptime	770
1781200625	snap	3400	otelcol	otelcol-sb-esrev0-ctr-gcg4j	otelcol_process_runtime_heap_alloc_bytes	44106224
1781200625	snap	3400	otelcol	otelcol-sb-esrev0-ctr-gcg4j	otelcol_exporter_sent_spans	286385
1781200625	snap	3400	otelcol	otelcol-sb-esrev0-ctr-pr5gq	otelcol_receiver_accepted_spans	5118559
1781200625	snap	3400	otelcol	otelcol-sb-esrev0-ctr-pr5gq	otelcol_receiver_failed_spans	0
1781200625	snap	3400	otelcol	otelcol-sb-esrev0-ctr-pr5gq	otelcol_process_uptime	771
1781200625	snap	3400	otelcol	otelcol-sb-esrev0-ctr-pr5gq	otelcol_exporter_queue_batch_send_size_sum	5118559
1781200625	snap	3400	otelcol	otelcol-sb-esrev0-ctr-pr5gq	otelcol_processor_outgoing_items	5118559
1781200625	snap	3400	otelcol	otelcol-sb-esrev0-ctr-pr5gq	otelcol_process_runtime_total_sys_memory_bytes	168384808
1781200625	snap	3400	otelcol	otelcol-sb-esrev0-ctr-pr5gq	otelcol_process_runtime_heap_alloc_bytes	71773032
1781200625	snap	3400	otelcol	otelcol-sb-esrev0-ctr-pr5gq	otelcol_exporter_queue_capacity	1001
1781200625	snap	3400	otelcol	otelcol-sb-esrev0-ctr-pr5gq	otelcol_process_memory_rss	299352064
1781200625	snap	3400	otelcol	otelcol-sb-esrev0-ctr-pr5gq	otelcol_exporter_queue_size	28
1781200625	snap	3400	otelcol	otelcol-sb-esrev0-ctr-pr5gq	otelcol_exporter_send_failed_spans	0
1781200625	snap	3400	otelcol	otelcol-sb-esrev0-ctr-pr5gq	otelcol_receiver_refused_spans	434069
1781200625	snap	3400	otelcol	otelcol-sb-esrev0-ctr-pr5gq	otelcol_process_runtime_total_alloc_bytes	2977976352
1781200625	snap	3400	otelcol	otelcol-sb-esrev0-ctr-pr5gq	otelcol_processor_batch_batch_send_size_sum	5118559
1781200625	snap	3400	otelcol	otelcol-sb-esrev0-ctr-pr5gq	otelcol_process_cpu_seconds	76
1781200625	snap	3400	otelcol	otelcol-sb-esrev0-ctr-pr5gq	otelcol_processor_incoming_items	5552628
1781200625	snap	3400	otelcol	otelcol-sb-esrev0-ctr-pr5gq	otelcol_processor_batch_metadata_cardinality	1
1781200625	snap	3400	otelcol	otelcol-sb-esrev0-ctr-pr5gq	otelcol_processor_batch_timeout_trigger_send	3055
1781200625	snap	3400	otelcol	otelcol-sb-esrev0-ctr-pr5gq	otelcol_exporter_sent_spans	5084075
1781200625	snap	3400	otelcol	otelcol-sb-esrev0-ctr-rbkvt	otelcol_processor_outgoing_items	1592966
1781200625	snap	3400	otelcol	otelcol-sb-esrev0-ctr-rbkvt	otelcol_exporter_send_failed_spans	0
1781200625	snap	3400	otelcol	otelcol-sb-esrev0-ctr-rbkvt	otelcol_receiver_refused_spans	0
1781200625	snap	3400	otelcol	otelcol-sb-esrev0-ctr-rbkvt	otelcol_exporter_queue_size	47
1781200625	snap	3400	otelcol	otelcol-sb-esrev0-ctr-rbkvt	otelcol_exporter_queue_batch_send_size_sum	1592966
1781200625	snap	3400	otelcol	otelcol-sb-esrev0-ctr-rbkvt	otelcol_process_runtime_total_sys_memory_bytes	116046120
1781200625	snap	3400	otelcol	otelcol-sb-esrev0-ctr-rbkvt	otelcol_receiver_failed_spans	0
1781200625	snap	3400	otelcol	otelcol-sb-esrev0-ctr-rbkvt	otelcol_processor_batch_metadata_cardinality	1
1781200625	snap	3400	otelcol	otelcol-sb-esrev0-ctr-rbkvt	otelcol_processor_batch_timeout_trigger_send	3055
1781200625	snap	3400	otelcol	otelcol-sb-esrev0-ctr-rbkvt	otelcol_processor_batch_batch_send_size_sum	1592966
1781200625	snap	3400	otelcol	otelcol-sb-esrev0-ctr-rbkvt	otelcol_receiver_accepted_spans	1592966
1781200625	snap	3400	otelcol	otelcol-sb-esrev0-ctr-rbkvt	otelcol_process_cpu_seconds	39
1781200625	snap	3400	otelcol	otelcol-sb-esrev0-ctr-rbkvt	otelcol_process_uptime	771
1781200625	snap	3400	otelcol	otelcol-sb-esrev0-ctr-rbkvt	otelcol_process_runtime_heap_alloc_bytes	61012080
1781200625	snap	3400	otelcol	otelcol-sb-esrev0-ctr-rbkvt	otelcol_process_memory_rss	247590912
1781200625	snap	3400	otelcol	otelcol-sb-esrev0-ctr-rbkvt	otelcol_exporter_sent_spans	1554781
1781200625	snap	3400	otelcol	otelcol-sb-esrev0-ctr-rbkvt	otelcol_exporter_queue_capacity	1001
1781200625	snap	3400	otelcol	otelcol-sb-esrev0-ctr-rbkvt	otelcol_process_runtime_total_alloc_bytes	1157893328
1781200625	snap	3400	otelcol	otelcol-sb-esrev0-ctr-rbkvt	otelcol_processor_incoming_items	1592966
1781200625	snap	3400	otelcol	otelcol-sb-esrev0-ctr-vnnmt	otelcol_process_cpu_seconds	39
1781200625	snap	3400	otelcol	otelcol-sb-esrev0-ctr-vnnmt	otelcol_exporter_sent_spans	1570609
1781200625	snap	3400	otelcol	otelcol-sb-esrev0-ctr-vnnmt	otelcol_process_runtime_total_alloc_bytes	1187122592
1781200625	snap	3400	otelcol	otelcol-sb-esrev0-ctr-vnnmt	otelcol_processor_outgoing_items	1590652
1781200625	snap	3400	otelcol	otelcol-sb-esrev0-ctr-vnnmt	otelcol_process_runtime_heap_alloc_bytes	69475000
1781200625	snap	3400	otelcol	otelcol-sb-esrev0-ctr-vnnmt	otelcol_exporter_queue_size	25
1781200625	snap	3400	otelcol	otelcol-sb-esrev0-ctr-vnnmt	otelcol_exporter_queue_batch_send_size_sum	1590652
1781200625	snap	3400	otelcol	otelcol-sb-esrev0-ctr-vnnmt	otelcol_processor_batch_batch_send_size_sum	1590652
1781200625	snap	3400	otelcol	otelcol-sb-esrev0-ctr-vnnmt	otelcol_receiver_failed_spans	0
1781200625	snap	3400	otelcol	otelcol-sb-esrev0-ctr-vnnmt	otelcol_process_memory_rss	233631744
1781200625	snap	3400	otelcol	otelcol-sb-esrev0-ctr-vnnmt	otelcol_exporter_send_failed_spans	0
1781200625	snap	3400	otelcol	otelcol-sb-esrev0-ctr-vnnmt	otelcol_receiver_refused_spans	0
1781200625	snap	3400	otelcol	otelcol-sb-esrev0-ctr-vnnmt	otelcol_receiver_accepted_spans	1590652
1781200625	snap	3400	otelcol	otelcol-sb-esrev0-ctr-vnnmt	otelcol_processor_batch_metadata_cardinality	1
1781200625	snap	3400	otelcol	otelcol-sb-esrev0-ctr-vnnmt	otelcol_process_runtime_total_sys_memory_bytes	116508952
1781200625	snap	3400	otelcol	otelcol-sb-esrev0-ctr-vnnmt	otelcol_processor_batch_timeout_trigger_send	3059
1781200625	snap	3400	otelcol	otelcol-sb-esrev0-ctr-vnnmt	otelcol_processor_incoming_items	1590652
1781200625	snap	3400	otelcol	otelcol-sb-esrev0-ctr-vnnmt	otelcol_process_uptime	772
1781200625	snap	3400	otelcol	otelcol-sb-esrev0-ctr-vnnmt	otelcol_exporter_queue_capacity	1001
1781200625	snap	3400	otelcol	otelcol-sb-esrev0-ctr-wht6z	otelcol_exporter_queue_size	48
1781200625	snap	3400	otelcol	otelcol-sb-esrev0-ctr-wht6z	otelcol_process_uptime	770
1781200625	snap	3400	otelcol	otelcol-sb-esrev0-ctr-wht6z	otelcol_receiver_accepted_spans	9011477
1781200625	snap	3400	otelcol	otelcol-sb-esrev0-ctr-wht6z	otelcol_process_runtime_heap_alloc_bytes	129392928
1781200625	snap	3400	otelcol	otelcol-sb-esrev0-ctr-wht6z	otelcol_receiver_failed_spans	0
1781200625	snap	3400	otelcol	otelcol-sb-esrev0-ctr-wht6z	otelcol_process_runtime_total_alloc_bytes	9134242104
1781200625	snap	3400	otelcol	otelcol-sb-esrev0-ctr-wht6z	otelcol_process_memory_rss	318267392
1781200625	snap	3400	otelcol	otelcol-sb-esrev0-ctr-wht6z	otelcol_exporter_queue_capacity	1001
1781200625	snap	3400	otelcol	otelcol-sb-esrev0-ctr-wht6z	otelcol_processor_incoming_items	12236012
1781200625	snap	3400	otelcol	otelcol-sb-esrev0-ctr-wht6z	otelcol_processor_batch_metadata_cardinality	1
1781200625	snap	3400	otelcol	otelcol-sb-esrev0-ctr-wht6z	otelcol_process_cpu_seconds	181
1781200625	snap	3400	otelcol	otelcol-sb-esrev0-ctr-wht6z	otelcol_exporter_send_failed_spans	0
1781200625	snap	3400	otelcol	otelcol-sb-esrev0-ctr-wht6z	otelcol_exporter_sent_spans	8798287
1781200625	snap	3400	otelcol	otelcol-sb-esrev0-ctr-wht6z	otelcol_process_runtime_total_sys_memory_bytes	232835384
1781200625	snap	3400	otelcol	otelcol-sb-esrev0-ctr-wht6z	otelcol_receiver_refused_spans	3224535
1781200625	snap	3400	otelcol	otelcol-sb-esrev0-ctr-wht6z	otelcol_exporter_queue_batch_send_size_sum	9011477
1781200625	snap	3400	otelcol	otelcol-sb-esrev0-ctr-wht6z	otelcol_processor_batch_timeout_trigger_send	2483
1781200625	snap	3400	otelcol	otelcol-sb-esrev0-ctr-wht6z	otelcol_processor_batch_batch_size_trigger_send	3
1781200625	snap	3400	otelcol	otelcol-sb-esrev0-ctr-wht6z	otelcol_processor_batch_batch_send_size_sum	9011477
1781200625	snap	3400	otelcol	otelcol-sb-esrev0-ctr-wht6z	otelcol_processor_outgoing_items	9011477
1781200625	snap	3400	k8s	otelcol-sb-esrev0-ctr-2bk4z	restart_count	0
1781200625	snap	3400	k8s	otelcol-sb-esrev0-ctr-gcg4j	restart_count	0
1781200625	snap	3400	k8s	otelcol-sb-esrev0-ctr-glxdm	restart_count	0
1781200625	snap	3400	k8s	otelcol-sb-esrev0-ctr-mrm6k	restart_count	0
1781200625	snap	3400	k8s	otelcol-sb-esrev0-ctr-pr5gq	restart_count	0
1781200625	snap	3400	k8s	otelcol-sb-esrev0-ctr-rbkvt	restart_count	0
1781200625	snap	3400	k8s	otelcol-sb-esrev0-ctr-rdtzq	restart_count	0
1781200625	snap	3400	k8s	otelcol-sb-esrev0-ctr-vnnmt	restart_count	0
1781200625	snap	3400	k8s	otelcol-sb-esrev0-ctr-wht6z	restart_count	0
1781200625	snap	3400	sdk	wrk2api	spans_received	297750
1781200625	snap	3400	sdk	wrk2api	spans_sent	282276
1781200625	snap	3400	sdk	wrk2api	spans_dropped	15474
1781200625	snap	3400	sdk	wrk2api	spans_flushed	297750
1781200625	snap	3400	sdk	wrk2api	batches_sent	11616
1781200625	snap	3400	sdk	wrk2api	batches_dropped	441
1781200625	snap	3400	sdk	wrk2api	send_unavailable	441
1781200625	snap	3400	sdk	wrk2api	send_deadline	0
1781200625	snap	3400	sdk	wrk2api	send_exhausted	0
1781200625	snap	3400	sdk	wrk2api	send_canceled	0
1781200625	snap	3400	sdk	wrk2api	send_other	0
1781200625	snap	3400	sdk	wrk2api	buffer_depth	0
0
1781200625	snap	3400	sdk	composepost	spans_received	10359215
1781200625	snap	3400	sdk	composepost	spans_sent	7204224
1781200625	snap	3400	sdk	composepost	spans_dropped	3154991
1781200625	snap	3400	sdk	composepost	spans_flushed	10359215
1781200625	snap	3400	sdk	composepost	batches_sent	36486
1781200625	snap	3400	sdk	composepost	batches_dropped	10004
1781200625	snap	3400	sdk	composepost	send_unavailable	4975
1781200625	snap	3400	sdk	composepost	send_deadline	5029
1781200625	snap	3400	sdk	composepost	send_exhausted	0
1781200625	snap	3400	sdk	composepost	send_canceled	0
1781200625	snap	3400	sdk	composepost	send_other	0
1781200625	snap	3400	sdk	composepost	buffer_depth	0
0
1781200625	snap	3400	sdk	hometimeline	spans_received	2589788
1781200625	snap	3400	sdk	hometimeline	spans_sent	1608296
1781200625	snap	3400	sdk	hometimeline	spans_dropped	981492
1781200625	snap	3400	sdk	hometimeline	spans_flushed	2589788
1781200625	snap	3400	sdk	hometimeline	batches_sent	8510
1781200625	snap	3400	sdk	hometimeline	batches_dropped	3142
1781200625	snap	3400	sdk	hometimeline	send_unavailable	2953
1781200625	snap	3400	sdk	hometimeline	send_deadline	189
1781200625	snap	3400	sdk	hometimeline	send_exhausted	0
1781200625	snap	3400	sdk	hometimeline	send_canceled	0
1781200625	snap	3400	sdk	hometimeline	send_other	0
1781200625	snap	3400	sdk	hometimeline	buffer_depth	0
0
1781200625	snap	3400	sdk	media	spans_received	1294903
1781200625	snap	3400	sdk	media	spans_sent	1294903
1781200625	snap	3400	sdk	media	spans_dropped	0
1781200625	snap	3400	sdk	media	spans_flushed	1294903
1781200625	snap	3400	sdk	media	batches_sent	5800
1781200625	snap	3400	sdk	media	batches_dropped	0
1781200625	snap	3400	sdk	media	send_unavailable	0
1781200625	snap	3400	sdk	media	send_deadline	0
1781200625	snap	3400	sdk	media	send_exhausted	0
1781200625	snap	3400	sdk	media	send_canceled	0
1781200625	snap	3400	sdk	media	send_other	0
1781200625	snap	3400	sdk	media	buffer_depth	0
0
1781200625	snap	3400	sdk	post-storage	spans_received	1294894
1781200625	snap	3400	sdk	post-storage	spans_sent	1294894
1781200625	snap	3400	sdk	post-storage	spans_dropped	0
1781200625	snap	3400	sdk	post-storage	spans_flushed	1294894
1781200625	snap	3400	sdk	post-storage	batches_sent	5798
1781200625	snap	3400	sdk	post-storage	batches_dropped	0
1781200625	snap	3400	sdk	post-storage	send_unavailable	0
1781200625	snap	3400	sdk	post-storage	send_deadline	0
1781200625	snap	3400	sdk	post-storage	send_exhausted	0
1781200625	snap	3400	sdk	post-storage	send_canceled	0
1781200625	snap	3400	sdk	post-storage	send_other	0
1781200625	snap	3400	sdk	post-storage	buffer_depth	0
0
1781200625	snap	3400	sdk	socialgraph	spans_received	1408728
1781200625	snap	3400	sdk	socialgraph	spans_sent	1408728
1781200625	snap	3400	sdk	socialgraph	spans_dropped	0
1781200625	snap	3400	sdk	socialgraph	spans_flushed	1408728
1781200625	snap	3400	sdk	socialgraph	batches_sent	6279
1781200625	snap	3400	sdk	socialgraph	batches_dropped	0
1781200625	snap	3400	sdk	socialgraph	send_unavailable	0
1781200625	snap	3400	sdk	socialgraph	send_deadline	0
1781200625	snap	3400	sdk	socialgraph	send_exhausted	0
1781200625	snap	3400	sdk	socialgraph	send_canceled	0
1781200625	snap	3400	sdk	socialgraph	send_other	0
1781200625	snap	3400	sdk	socialgraph	buffer_depth	0
0
1781200625	snap	3400	sdk	text	spans_received	3884727
1781200625	snap	3400	sdk	text	spans_sent	3466132
1781200625	snap	3400	sdk	text	spans_dropped	418595
1781200625	snap	3400	sdk	text	spans_flushed	3884727
1781200625	snap	3400	sdk	text	batches_sent	16062
1781200625	snap	3400	sdk	text	batches_dropped	1332
1781200625	snap	3400	sdk	text	send_unavailable	1332
1781200625	snap	3400	sdk	text	send_deadline	0
1781200625	snap	3400	sdk	text	send_exhausted	0
1781200625	snap	3400	sdk	text	send_canceled	0
1781200625	snap	3400	sdk	text	send_other	0
1781200625	snap	3400	sdk	text	buffer_depth	0
0
1781200625	snap	3400	sdk	uniqueid	spans_received	1294903
1781200625	snap	3400	sdk	uniqueid	spans_sent	1274310
1781200625	snap	3400	sdk	uniqueid	spans_dropped	20593
1781200625	snap	3400	sdk	uniqueid	spans_flushed	1294903
1781200625	snap	3400	sdk	uniqueid	batches_sent	5732
1781200625	snap	3400	sdk	uniqueid	batches_dropped	65
1781200625	snap	3400	sdk	uniqueid	send_unavailable	65
1781200625	snap	3400	sdk	uniqueid	send_deadline	0
1781200625	snap	3400	sdk	uniqueid	send_exhausted	0
1781200625	snap	3400	sdk	uniqueid	send_canceled	0
1781200625	snap	3400	sdk	uniqueid	send_other	0
1781200625	snap	3400	sdk	uniqueid	buffer_depth	0
0
1781200625	snap	3400	sdk	urlshorten	spans_received	1294903
1781200625	snap	3400	sdk	urlshorten	spans_sent	1294903
1781200625	snap	3400	sdk	urlshorten	spans_dropped	0
1781200625	snap	3400	sdk	urlshorten	spans_flushed	1294903
1781200625	snap	3400	sdk	urlshorten	batches_sent	5802
1781200625	snap	3400	sdk	urlshorten	batches_dropped	0
1781200625	snap	3400	sdk	urlshorten	send_unavailable	0
1781200625	snap	3400	sdk	urlshorten	send_deadline	0
1781200625	snap	3400	sdk	urlshorten	send_exhausted	0
1781200625	snap	3400	sdk	urlshorten	send_canceled	0
1781200625	snap	3400	sdk	urlshorten	send_other	0
1781200625	snap	3400	sdk	urlshorten	buffer_depth	0
0
1781200625	snap	3400	sdk	user	spans_received	1296827
1781200625	snap	3400	sdk	user	spans_sent	1296827
1781200625	snap	3400	sdk	user	spans_dropped	0
1781200625	snap	3400	sdk	user	spans_flushed	1296827
1781200625	snap	3400	sdk	user	batches_sent	5808
1781200625	snap	3400	sdk	user	batches_dropped	0
1781200625	snap	3400	sdk	user	send_unavailable	0
1781200625	snap	3400	sdk	user	send_deadline	0
1781200625	snap	3400	sdk	user	send_exhausted	0
1781200625	snap	3400	sdk	user	send_canceled	0
1781200625	snap	3400	sdk	user	send_other	0
1781200625	snap	3400	sdk	user	buffer_depth	0
0
1781200625	snap	3400	sdk	userid	spans_received	75248
1781200625	snap	3400	sdk	userid	spans_sent	75248
1781200625	snap	3400	sdk	userid	spans_dropped	0
1781200625	snap	3400	sdk	userid	spans_flushed	75248
1781200625	snap	3400	sdk	userid	batches_sent	245
1781200625	snap	3400	sdk	userid	batches_dropped	0
1781200625	snap	3400	sdk	userid	send_unavailable	0
1781200625	snap	3400	sdk	userid	send_deadline	0
1781200625	snap	3400	sdk	userid	send_exhausted	0
1781200625	snap	3400	sdk	userid	send_canceled	0
1781200625	snap	3400	sdk	userid	send_other	0
1781200625	snap	3400	sdk	userid	buffer_depth	0
0
1781200625	snap	3400	sdk	usermention	spans_received	1294903
1781200625	snap	3400	sdk	usermention	spans_sent	1274324
1781200625	snap	3400	sdk	usermention	spans_dropped	20579
1781200625	snap	3400	sdk	usermention	spans_flushed	1294903
1781200625	snap	3400	sdk	usermention	batches_sent	5733
1781200625	snap	3400	sdk	usermention	batches_dropped	65
1781200625	snap	3400	sdk	usermention	send_unavailable	65
1781200625	snap	3400	sdk	usermention	send_deadline	0
1781200625	snap	3400	sdk	usermention	send_exhausted	0
1781200625	snap	3400	sdk	usermention	send_canceled	0
1781200625	snap	3400	sdk	usermention	send_other	0
1781200625	snap	3400	sdk	usermention	buffer_depth	0
0
1781200625	snap	3400	sdk	usertimeline	spans_received	1294894
1781200625	snap	3400	sdk	usertimeline	spans_sent	1294894
1781200625	snap	3400	sdk	usertimeline	spans_dropped	0
1781200625	snap	3400	sdk	usertimeline	spans_flushed	1294894
1781200625	snap	3400	sdk	usertimeline	batches_sent	5796
1781200625	snap	3400	sdk	usertimeline	batches_dropped	0
1781200625	snap	3400	sdk	usertimeline	send_unavailable	0
1781200625	snap	3400	sdk	usertimeline	send_deadline	0
1781200625	snap	3400	sdk	usertimeline	send_exhausted	0
1781200625	snap	3400	sdk	usertimeline	send_canceled	0
1781200625	snap	3400	sdk	usertimeline	send_other	0
1781200625	snap	3400	sdk	usertimeline	buffer_depth	0
0
1781200631	snap	3600	otelcol	otelcol-sb-esrev0-ctr-mrm6k	otelcol_exporter_queue_size	4
1781200631	snap	3600	otelcol	otelcol-sb-esrev0-ctr-mrm6k	otelcol_processor_batch_batch_send_size_sum	1591846
1781200631	snap	3600	otelcol	otelcol-sb-esrev0-ctr-mrm6k	otelcol_process_runtime_heap_alloc_bytes	90926088
1781200631	snap	3600	otelcol	otelcol-sb-esrev0-ctr-mrm6k	otelcol_exporter_queue_batch_send_size_sum	1591846
1781200631	snap	3600	otelcol	otelcol-sb-esrev0-ctr-mrm6k	otelcol_process_uptime	779
1781200631	snap	3600	otelcol	otelcol-sb-esrev0-ctr-mrm6k	otelcol_processor_outgoing_items	1591846
1781200631	snap	3600	otelcol	otelcol-sb-esrev0-ctr-mrm6k	otelcol_process_runtime_total_alloc_bytes	1171531736
1781200631	snap	3600	otelcol	otelcol-sb-esrev0-ctr-mrm6k	otelcol_process_memory_rss	259039232
1781200631	snap	3600	otelcol	otelcol-sb-esrev0-ctr-mrm6k	otelcol_process_cpu_seconds	43
1781200631	snap	3600	otelcol	otelcol-sb-esrev0-ctr-mrm6k	otelcol_exporter_send_failed_spans	0
1781200631	snap	3600	otelcol	otelcol-sb-esrev0-ctr-mrm6k	otelcol_receiver_accepted_spans	1591846
1781200631	snap	3600	otelcol	otelcol-sb-esrev0-ctr-mrm6k	otelcol_processor_batch_metadata_cardinality	1
1781200631	snap	3600	otelcol	otelcol-sb-esrev0-ctr-mrm6k	otelcol_receiver_refused_spans	0
1781200631	snap	3600	otelcol	otelcol-sb-esrev0-ctr-mrm6k	otelcol_receiver_failed_spans	0
1781200631	snap	3600	otelcol	otelcol-sb-esrev0-ctr-mrm6k	otelcol_processor_batch_timeout_trigger_send	3056
1781200631	snap	3600	otelcol	otelcol-sb-esrev0-ctr-mrm6k	otelcol_process_runtime_total_sys_memory_bytes	123898136
1781200631	snap	3600	otelcol	otelcol-sb-esrev0-ctr-mrm6k	otelcol_exporter_queue_capacity	1001
1781200631	snap	3600	otelcol	otelcol-sb-esrev0-ctr-mrm6k	otelcol_processor_incoming_items	1591846
1781200631	snap	3600	otelcol	otelcol-sb-esrev0-ctr-mrm6k	otelcol_exporter_sent_spans	1588496
1781200631	snap	3600	otelcol	otelcol-sb-esrev0-ctr-rdtzq	otelcol_process_runtime_total_sys_memory_bytes	136911144
1781200631	snap	3600	otelcol	otelcol-sb-esrev0-ctr-rdtzq	otelcol_process_memory_rss	250626048
1781200631	snap	3600	otelcol	otelcol-sb-esrev0-ctr-rdtzq	otelcol_exporter_queue_capacity	1001
1781200631	snap	3600	otelcol	otelcol-sb-esrev0-ctr-rdtzq	otelcol_process_cpu_seconds	41
1781200631	snap	3600	otelcol	otelcol-sb-esrev0-ctr-rdtzq	otelcol_processor_incoming_items	1591027
1781200631	snap	3600	otelcol	otelcol-sb-esrev0-ctr-rdtzq	otelcol_exporter_queue_batch_send_size_sum	1590239
1781200631	snap	3600	otelcol	otelcol-sb-esrev0-ctr-rdtzq	otelcol_exporter_send_failed_spans	0
1781200631	snap	3600	otelcol	otelcol-sb-esrev0-ctr-rdtzq	otelcol_receiver_refused_spans	788
1781200631	snap	3600	otelcol	otelcol-sb-esrev0-ctr-rdtzq	otelcol_exporter_sent_spans	1584674
1781200631	snap	3600	otelcol	otelcol-sb-esrev0-ctr-rdtzq	otelcol_process_runtime_total_alloc_bytes	1202635528
1781200631	snap	3600	otelcol	otelcol-sb-esrev0-ctr-rdtzq	otelcol_process_runtime_heap_alloc_bytes	52326112
1781200631	snap	3600	otelcol	otelcol-sb-esrev0-ctr-rdtzq	otelcol_processor_outgoing_items	1590239
1781200631	snap	3600	otelcol	otelcol-sb-esrev0-ctr-rdtzq	otelcol_process_uptime	779
1781200631	snap	3600	otelcol	otelcol-sb-esrev0-ctr-rdtzq	otelcol_receiver_failed_spans	0
1781200631	snap	3600	otelcol	otelcol-sb-esrev0-ctr-rdtzq	otelcol_processor_batch_metadata_cardinality	1
1781200631	snap	3600	otelcol	otelcol-sb-esrev0-ctr-rdtzq	otelcol_receiver_accepted_spans	1590239
1781200631	snap	3600	otelcol	otelcol-sb-esrev0-ctr-rdtzq	otelcol_processor_batch_timeout_trigger_send	3059
1781200631	snap	3600	otelcol	otelcol-sb-esrev0-ctr-rdtzq	otelcol_processor_batch_batch_send_size_sum	1590239
1781200631	snap	3600	otelcol	otelcol-sb-esrev0-ctr-rdtzq	otelcol_exporter_queue_size	7
1781200631	snap	3600	otelcol	otelcol-sb-esrev0-ctr-glxdm	otelcol_receiver_failed_spans	0
1781200631	snap	3600	otelcol	otelcol-sb-esrev0-ctr-glxdm	otelcol_process_uptime	779
1781200631	snap	3600	otelcol	otelcol-sb-esrev0-ctr-glxdm	otelcol_exporter_queue_capacity	1001
1781200631	snap	3600	otelcol	otelcol-sb-esrev0-ctr-glxdm	otelcol_processor_batch_metadata_cardinality	1
1781200631	snap	3600	otelcol	otelcol-sb-esrev0-ctr-glxdm	otelcol_process_runtime_heap_alloc_bytes	116552192
1781200631	snap	3600	otelcol	otelcol-sb-esrev0-ctr-glxdm	otelcol_exporter_send_failed_spans	0
1781200631	snap	3600	otelcol	otelcol-sb-esrev0-ctr-glxdm	otelcol_processor_incoming_items	2885577
1781200631	snap	3600	otelcol	otelcol-sb-esrev0-ctr-glxdm	otelcol_process_cpu_seconds	58
1781200631	snap	3600	otelcol	otelcol-sb-esrev0-ctr-glxdm	otelcol_exporter_sent_spans	2818985
1781200631	snap	3600	otelcol	otelcol-sb-esrev0-ctr-glxdm	otelcol_receiver_refused_spans	56626
1781200631	snap	3600	otelcol	otelcol-sb-esrev0-ctr-glxdm	otelcol_processor_batch_timeout_trigger_send	3023
1781200631	snap	3600	otelcol	otelcol-sb-esrev0-ctr-glxdm	otelcol_processor_batch_batch_send_size_sum	2828951
1781200631	snap	3600	otelcol	otelcol-sb-esrev0-ctr-glxdm	otelcol_process_runtime_total_alloc_bytes	1934748280
1781200631	snap	3600	otelcol	otelcol-sb-esrev0-ctr-glxdm	otelcol_process_memory_rss	285913088
1781200631	snap	3600	otelcol	otelcol-sb-esrev0-ctr-glxdm	otelcol_exporter_queue_batch_send_size_sum	2828951
1781200631	snap	3600	otelcol	otelcol-sb-esrev0-ctr-glxdm	otelcol_process_runtime_total_sys_memory_bytes	188852536
1781200631	snap	3600	otelcol	otelcol-sb-esrev0-ctr-glxdm	otelcol_receiver_accepted_spans	2828951
1781200631	snap	3600	otelcol	otelcol-sb-esrev0-ctr-glxdm	otelcol_processor_outgoing_items	2828951
1781200631	snap	3600	otelcol	otelcol-sb-esrev0-ctr-glxdm	otelcol_exporter_queue_size	7
1781200631	snap	3600	otelcol	otelcol-sb-esrev0-ctr-2bk4z	otelcol_processor_batch_batch_send_size_sum	1699188
1781200631	snap	3600	otelcol	otelcol-sb-esrev0-ctr-2bk4z	otelcol_process_runtime_heap_alloc_bytes	84155672
1781200631	snap	3600	otelcol	otelcol-sb-esrev0-ctr-2bk4z	otelcol_exporter_queue_size	13
1781200631	snap	3600	otelcol	otelcol-sb-esrev0-ctr-2bk4z	otelcol_process_memory_rss	268234752
1781200631	snap	3600	otelcol	otelcol-sb-esrev0-ctr-2bk4z	otelcol_receiver_failed_spans	0
1781200631	snap	3600	otelcol	otelcol-sb-esrev0-ctr-2bk4z	otelcol_process_runtime_total_alloc_bytes	1251411600
1781200631	snap	3600	otelcol	otelcol-sb-esrev0-ctr-2bk4z	otelcol_exporter_send_failed_spans	0
1781200631	snap	3600	otelcol	otelcol-sb-esrev0-ctr-2bk4z	otelcol_receiver_refused_spans	6507
1781200631	snap	3600	otelcol	otelcol-sb-esrev0-ctr-2bk4z	otelcol_process_uptime	781
1781200631	snap	3600	otelcol	otelcol-sb-esrev0-ctr-2bk4z	otelcol_processor_incoming_items	1705695
1781200631	snap	3600	otelcol	otelcol-sb-esrev0-ctr-2bk4z	otelcol_process_runtime_total_sys_memory_bytes	145987880
1781200631	snap	3600	otelcol	otelcol-sb-esrev0-ctr-2bk4z	otelcol_processor_outgoing_items	1699188
1781200631	snap	3600	otelcol	otelcol-sb-esrev0-ctr-2bk4z	otelcol_process_cpu_seconds	39
1781200631	snap	3600	otelcol	otelcol-sb-esrev0-ctr-2bk4z	otelcol_exporter_queue_batch_send_size_sum	1699188
1781200631	snap	3600	otelcol	otelcol-sb-esrev0-ctr-2bk4z	otelcol_processor_batch_metadata_cardinality	1
1781200631	snap	3600	otelcol	otelcol-sb-esrev0-ctr-2bk4z	otelcol_processor_batch_timeout_trigger_send	3067
1781200631	snap	3600	otelcol	otelcol-sb-esrev0-ctr-2bk4z	otelcol_receiver_accepted_spans	1699188
1781200631	snap	3600	otelcol	otelcol-sb-esrev0-ctr-2bk4z	otelcol_exporter_sent_spans	1689574
1781200631	snap	3600	otelcol	otelcol-sb-esrev0-ctr-2bk4z	otelcol_exporter_queue_capacity	1001
1781200631	snap	3600	otelcol	otelcol-sb-esrev0-ctr-gcg4j	otelcol_receiver_failed_spans	0
1781200631	snap	3600	otelcol	otelcol-sb-esrev0-ctr-gcg4j	otelcol_processor_batch_timeout_trigger_send	3047
1781200631	snap	3600	otelcol	otelcol-sb-esrev0-ctr-gcg4j	otelcol_exporter_queue_size	6
1781200631	snap	3600	otelcol	otelcol-sb-esrev0-ctr-gcg4j	otelcol_process_runtime_total_sys_memory_bytes	76605720
1781200631	snap	3600	otelcol	otelcol-sb-esrev0-ctr-gcg4j	otelcol_exporter_queue_batch_send_size_sum	295743
1781200631	snap	3600	otelcol	otelcol-sb-esrev0-ctr-gcg4j	otelcol_receiver_accepted_spans	295743
1781200631	snap	3600	otelcol	otelcol-sb-esrev0-ctr-gcg4j	otelcol_process_runtime_total_alloc_bytes	412111648
1781200631	snap	3600	otelcol	otelcol-sb-esrev0-ctr-gcg4j	otelcol_process_memory_rss	213856256
1781200631	snap	3600	otelcol	otelcol-sb-esrev0-ctr-gcg4j	otelcol_process_cpu_seconds	29
1781200631	snap	3600	otelcol	otelcol-sb-esrev0-ctr-gcg4j	otelcol_exporter_queue_capacity	1001
1781200631	snap	3600	otelcol	otelcol-sb-esrev0-ctr-gcg4j	otelcol_processor_incoming_items	295743
1781200631	snap	3600	otelcol	otelcol-sb-esrev0-ctr-gcg4j	otelcol_exporter_send_failed_spans	0
1781200631	snap	3600	otelcol	otelcol-sb-esrev0-ctr-gcg4j	otelcol_receiver_refused_spans	0
1781200631	snap	3600	otelcol	otelcol-sb-esrev0-ctr-gcg4j	otelcol_processor_outgoing_items	295743
1781200631	snap	3600	otelcol	otelcol-sb-esrev0-ctr-gcg4j	otelcol_processor_batch_metadata_cardinality	1
1781200631	snap	3600	otelcol	otelcol-sb-esrev0-ctr-gcg4j	otelcol_processor_batch_batch_send_size_sum	295743
1781200631	snap	3600	otelcol	otelcol-sb-esrev0-ctr-gcg4j	otelcol_process_uptime	777
1781200631	snap	3600	otelcol	otelcol-sb-esrev0-ctr-gcg4j	otelcol_process_runtime_heap_alloc_bytes	45842744
1781200631	snap	3600	otelcol	otelcol-sb-esrev0-ctr-gcg4j	otelcol_exporter_sent_spans	294891
1781200631	snap	3600	otelcol	otelcol-sb-esrev0-ctr-pr5gq	otelcol_receiver_accepted_spans	5118559
1781200631	snap	3600	otelcol	otelcol-sb-esrev0-ctr-pr5gq	otelcol_receiver_failed_spans	0
1781200631	snap	3600	otelcol	otelcol-sb-esrev0-ctr-pr5gq	otelcol_process_uptime	778
1781200631	snap	3600	otelcol	otelcol-sb-esrev0-ctr-pr5gq	otelcol_exporter_queue_batch_send_size_sum	5118559
1781200631	snap	3600	otelcol	otelcol-sb-esrev0-ctr-pr5gq	otelcol_processor_outgoing_items	5118559
1781200631	snap	3600	otelcol	otelcol-sb-esrev0-ctr-pr5gq	otelcol_process_runtime_total_sys_memory_bytes	168384808
1781200631	snap	3600	otelcol	otelcol-sb-esrev0-ctr-pr5gq	otelcol_process_runtime_heap_alloc_bytes	74665768
1781200631	snap	3600	otelcol	otelcol-sb-esrev0-ctr-pr5gq	otelcol_exporter_queue_capacity	1001
1781200631	snap	3600	otelcol	otelcol-sb-esrev0-ctr-pr5gq	otelcol_process_memory_rss	299352064
1781200631	snap	3600	otelcol	otelcol-sb-esrev0-ctr-pr5gq	otelcol_exporter_queue_size	7
1781200631	snap	3600	otelcol	otelcol-sb-esrev0-ctr-pr5gq	otelcol_exporter_send_failed_spans	0
1781200631	snap	3600	otelcol	otelcol-sb-esrev0-ctr-pr5gq	otelcol_receiver_refused_spans	434069
1781200631	snap	3600	otelcol	otelcol-sb-esrev0-ctr-pr5gq	otelcol_process_runtime_total_alloc_bytes	2980869088
1781200631	snap	3600	otelcol	otelcol-sb-esrev0-ctr-pr5gq	otelcol_processor_batch_batch_send_size_sum	5118559
1781200631	snap	3600	otelcol	otelcol-sb-esrev0-ctr-pr5gq	otelcol_process_cpu_seconds	76
1781200631	snap	3600	otelcol	otelcol-sb-esrev0-ctr-pr5gq	otelcol_processor_incoming_items	5552628
1781200631	snap	3600	otelcol	otelcol-sb-esrev0-ctr-pr5gq	otelcol_processor_batch_metadata_cardinality	1
1781200631	snap	3600	otelcol	otelcol-sb-esrev0-ctr-pr5gq	otelcol_processor_batch_timeout_trigger_send	3055
1781200631	snap	3600	otelcol	otelcol-sb-esrev0-ctr-pr5gq	otelcol_exporter_sent_spans	5109111
1781200631	snap	3600	otelcol	otelcol-sb-esrev0-ctr-rbkvt	otelcol_processor_outgoing_items	1592966
1781200631	snap	3600	otelcol	otelcol-sb-esrev0-ctr-rbkvt	otelcol_exporter_send_failed_spans	0
1781200631	snap	3600	otelcol	otelcol-sb-esrev0-ctr-rbkvt	otelcol_receiver_refused_spans	0
1781200631	snap	3600	otelcol	otelcol-sb-esrev0-ctr-rbkvt	otelcol_exporter_queue_size	8
1781200631	snap	3600	otelcol	otelcol-sb-esrev0-ctr-rbkvt	otelcol_exporter_queue_batch_send_size_sum	1592966
1781200631	snap	3600	otelcol	otelcol-sb-esrev0-ctr-rbkvt	otelcol_process_runtime_total_sys_memory_bytes	116046120
1781200631	snap	3600	otelcol	otelcol-sb-esrev0-ctr-rbkvt	otelcol_receiver_failed_spans	0
1781200631	snap	3600	otelcol	otelcol-sb-esrev0-ctr-rbkvt	otelcol_processor_batch_metadata_cardinality	1
1781200631	snap	3600	otelcol	otelcol-sb-esrev0-ctr-rbkvt	otelcol_processor_batch_timeout_trigger_send	3055
1781200631	snap	3600	otelcol	otelcol-sb-esrev0-ctr-rbkvt	otelcol_processor_batch_batch_send_size_sum	1592966
1781200631	snap	3600	otelcol	otelcol-sb-esrev0-ctr-rbkvt	otelcol_receiver_accepted_spans	1592966
1781200631	snap	3600	otelcol	otelcol-sb-esrev0-ctr-rbkvt	otelcol_process_cpu_seconds	40
1781200631	snap	3600	otelcol	otelcol-sb-esrev0-ctr-rbkvt	otelcol_process_uptime	778
1781200631	snap	3600	otelcol	otelcol-sb-esrev0-ctr-rbkvt	otelcol_process_runtime_heap_alloc_bytes	48638504
1781200631	snap	3600	otelcol	otelcol-sb-esrev0-ctr-rbkvt	otelcol_process_memory_rss	249311232
1781200631	snap	3600	otelcol	otelcol-sb-esrev0-ctr-rbkvt	otelcol_exporter_sent_spans	1586635
1781200631	snap	3600	otelcol	otelcol-sb-esrev0-ctr-rbkvt	otelcol_exporter_queue_capacity	1001
1781200631	snap	3600	otelcol	otelcol-sb-esrev0-ctr-rbkvt	otelcol_process_runtime_total_alloc_bytes	1167235712
1781200631	snap	3600	otelcol	otelcol-sb-esrev0-ctr-rbkvt	otelcol_processor_incoming_items	1592966
1781200631	snap	3600	otelcol	otelcol-sb-esrev0-ctr-vnnmt	otelcol_process_cpu_seconds	39
1781200631	snap	3600	otelcol	otelcol-sb-esrev0-ctr-vnnmt	otelcol_exporter_sent_spans	1586398
1781200631	snap	3600	otelcol	otelcol-sb-esrev0-ctr-vnnmt	otelcol_process_runtime_total_alloc_bytes	1189263160
1781200631	snap	3600	otelcol	otelcol-sb-esrev0-ctr-vnnmt	otelcol_processor_outgoing_items	1590652
1781200631	snap	3600	otelcol	otelcol-sb-esrev0-ctr-vnnmt	otelcol_process_runtime_heap_alloc_bytes	71615568
1781200631	snap	3600	otelcol	otelcol-sb-esrev0-ctr-vnnmt	otelcol_exporter_queue_size	5
1781200631	snap	3600	otelcol	otelcol-sb-esrev0-ctr-vnnmt	otelcol_exporter_queue_batch_send_size_sum	1590652
1781200631	snap	3600	otelcol	otelcol-sb-esrev0-ctr-vnnmt	otelcol_processor_batch_batch_send_size_sum	1590652
1781200631	snap	3600	otelcol	otelcol-sb-esrev0-ctr-vnnmt	otelcol_receiver_failed_spans	0
1781200631	snap	3600	otelcol	otelcol-sb-esrev0-ctr-vnnmt	otelcol_process_memory_rss	235184128
1781200631	snap	3600	otelcol	otelcol-sb-esrev0-ctr-vnnmt	otelcol_exporter_send_failed_spans	0
1781200631	snap	3600	otelcol	otelcol-sb-esrev0-ctr-vnnmt	otelcol_receiver_refused_spans	0
1781200631	snap	3600	otelcol	otelcol-sb-esrev0-ctr-vnnmt	otelcol_receiver_accepted_spans	1590652
1781200631	snap	3600	otelcol	otelcol-sb-esrev0-ctr-vnnmt	otelcol_processor_batch_metadata_cardinality	1
1781200631	snap	3600	otelcol	otelcol-sb-esrev0-ctr-vnnmt	otelcol_process_runtime_total_sys_memory_bytes	116508952
1781200631	snap	3600	otelcol	otelcol-sb-esrev0-ctr-vnnmt	otelcol_processor_batch_timeout_trigger_send	3059
1781200631	snap	3600	otelcol	otelcol-sb-esrev0-ctr-vnnmt	otelcol_processor_incoming_items	1590652
1781200631	snap	3600	otelcol	otelcol-sb-esrev0-ctr-vnnmt	otelcol_process_uptime	779
1781200631	snap	3600	otelcol	otelcol-sb-esrev0-ctr-vnnmt	otelcol_exporter_queue_capacity	1001
1781200631	snap	3600	otelcol	otelcol-sb-esrev0-ctr-wht6z	otelcol_exporter_queue_size	35
1781200631	snap	3600	otelcol	otelcol-sb-esrev0-ctr-wht6z	otelcol_process_uptime	777
1781200631	snap	3600	otelcol	otelcol-sb-esrev0-ctr-wht6z	otelcol_receiver_accepted_spans	9011477
1781200631	snap	3600	otelcol	otelcol-sb-esrev0-ctr-wht6z	otelcol_process_runtime_heap_alloc_bytes	106076312
1781200631	snap	3600	otelcol	otelcol-sb-esrev0-ctr-wht6z	otelcol_receiver_failed_spans	0
1781200631	snap	3600	otelcol	otelcol-sb-esrev0-ctr-wht6z	otelcol_process_runtime_total_alloc_bytes	9148119672
1781200631	snap	3600	otelcol	otelcol-sb-esrev0-ctr-wht6z	otelcol_process_memory_rss	319029248
1781200631	snap	3600	otelcol	otelcol-sb-esrev0-ctr-wht6z	otelcol_exporter_queue_capacity	1001
1781200631	snap	3600	otelcol	otelcol-sb-esrev0-ctr-wht6z	otelcol_processor_incoming_items	12236012
1781200631	snap	3600	otelcol	otelcol-sb-esrev0-ctr-wht6z	otelcol_processor_batch_metadata_cardinality	1
1781200631	snap	3600	otelcol	otelcol-sb-esrev0-ctr-wht6z	otelcol_process_cpu_seconds	182
1781200631	snap	3600	otelcol	otelcol-sb-esrev0-ctr-wht6z	otelcol_exporter_send_failed_spans	0
1781200631	snap	3600	otelcol	otelcol-sb-esrev0-ctr-wht6z	otelcol_exporter_sent_spans	8858277
1781200631	snap	3600	otelcol	otelcol-sb-esrev0-ctr-wht6z	otelcol_process_runtime_total_sys_memory_bytes	232835384
1781200631	snap	3600	otelcol	otelcol-sb-esrev0-ctr-wht6z	otelcol_receiver_refused_spans	3224535
1781200631	snap	3600	otelcol	otelcol-sb-esrev0-ctr-wht6z	otelcol_exporter_queue_batch_send_size_sum	9011477
1781200631	snap	3600	otelcol	otelcol-sb-esrev0-ctr-wht6z	otelcol_processor_batch_timeout_trigger_send	2483
1781200631	snap	3600	otelcol	otelcol-sb-esrev0-ctr-wht6z	otelcol_processor_batch_batch_size_trigger_send	3
1781200631	snap	3600	otelcol	otelcol-sb-esrev0-ctr-wht6z	otelcol_processor_batch_batch_send_size_sum	9011477
1781200631	snap	3600	otelcol	otelcol-sb-esrev0-ctr-wht6z	otelcol_processor_outgoing_items	9011477
1781200631	snap	3600	k8s	otelcol-sb-esrev0-ctr-2bk4z	restart_count	0
1781200631	snap	3600	k8s	otelcol-sb-esrev0-ctr-gcg4j	restart_count	0
1781200631	snap	3600	k8s	otelcol-sb-esrev0-ctr-glxdm	restart_count	0
1781200631	snap	3600	k8s	otelcol-sb-esrev0-ctr-mrm6k	restart_count	0
1781200631	snap	3600	k8s	otelcol-sb-esrev0-ctr-pr5gq	restart_count	0
1781200631	snap	3600	k8s	otelcol-sb-esrev0-ctr-rbkvt	restart_count	0
1781200631	snap	3600	k8s	otelcol-sb-esrev0-ctr-rdtzq	restart_count	0
1781200631	snap	3600	k8s	otelcol-sb-esrev0-ctr-vnnmt	restart_count	0
1781200631	snap	3600	k8s	otelcol-sb-esrev0-ctr-wht6z	restart_count	0
1781200631	snap	3600	sdk	wrk2api	spans_received	297750
1781200631	snap	3600	sdk	wrk2api	spans_sent	282276
1781200631	snap	3600	sdk	wrk2api	spans_dropped	15474
1781200631	snap	3600	sdk	wrk2api	spans_flushed	297750
1781200631	snap	3600	sdk	wrk2api	batches_sent	11616
1781200631	snap	3600	sdk	wrk2api	batches_dropped	441
1781200631	snap	3600	sdk	wrk2api	send_unavailable	441
1781200631	snap	3600	sdk	wrk2api	send_deadline	0
1781200631	snap	3600	sdk	wrk2api	send_exhausted	0
1781200631	snap	3600	sdk	wrk2api	send_canceled	0
1781200631	snap	3600	sdk	wrk2api	send_other	0
1781200631	snap	3600	sdk	wrk2api	buffer_depth	0
0
1781200631	snap	3600	sdk	composepost	spans_received	10359215
1781200631	snap	3600	sdk	composepost	spans_sent	7204224
1781200631	snap	3600	sdk	composepost	spans_dropped	3154991
1781200631	snap	3600	sdk	composepost	spans_flushed	10359215
1781200631	snap	3600	sdk	composepost	batches_sent	36486
1781200631	snap	3600	sdk	composepost	batches_dropped	10004
1781200631	snap	3600	sdk	composepost	send_unavailable	4975
1781200631	snap	3600	sdk	composepost	send_deadline	5029
1781200631	snap	3600	sdk	composepost	send_exhausted	0
1781200631	snap	3600	sdk	composepost	send_canceled	0
1781200631	snap	3600	sdk	composepost	send_other	0
1781200631	snap	3600	sdk	composepost	buffer_depth	0
0
1781200631	snap	3600	sdk	hometimeline	spans_received	2589788
1781200631	snap	3600	sdk	hometimeline	spans_sent	1608296
1781200631	snap	3600	sdk	hometimeline	spans_dropped	981492
1781200631	snap	3600	sdk	hometimeline	spans_flushed	2589788
1781200631	snap	3600	sdk	hometimeline	batches_sent	8510
1781200631	snap	3600	sdk	hometimeline	batches_dropped	3142
1781200631	snap	3600	sdk	hometimeline	send_unavailable	2953
1781200631	snap	3600	sdk	hometimeline	send_deadline	189
1781200631	snap	3600	sdk	hometimeline	send_exhausted	0
1781200631	snap	3600	sdk	hometimeline	send_canceled	0
1781200631	snap	3600	sdk	hometimeline	send_other	0
1781200631	snap	3600	sdk	hometimeline	buffer_depth	0
0
1781200631	snap	3600	sdk	media	spans_received	1294903
1781200631	snap	3600	sdk	media	spans_sent	1294903
1781200631	snap	3600	sdk	media	spans_dropped	0
1781200631	snap	3600	sdk	media	spans_flushed	1294903
1781200631	snap	3600	sdk	media	batches_sent	5800
1781200631	snap	3600	sdk	media	batches_dropped	0
1781200631	snap	3600	sdk	media	send_unavailable	0
1781200631	snap	3600	sdk	media	send_deadline	0
1781200631	snap	3600	sdk	media	send_exhausted	0
1781200631	snap	3600	sdk	media	send_canceled	0
1781200631	snap	3600	sdk	media	send_other	0
1781200631	snap	3600	sdk	media	buffer_depth	0
0
1781200631	snap	3600	sdk	post-storage	spans_received	1294894
1781200631	snap	3600	sdk	post-storage	spans_sent	1294894
1781200631	snap	3600	sdk	post-storage	spans_dropped	0
1781200631	snap	3600	sdk	post-storage	spans_flushed	1294894
1781200631	snap	3600	sdk	post-storage	batches_sent	5798
1781200631	snap	3600	sdk	post-storage	batches_dropped	0
1781200631	snap	3600	sdk	post-storage	send_unavailable	0
1781200631	snap	3600	sdk	post-storage	send_deadline	0
1781200631	snap	3600	sdk	post-storage	send_exhausted	0
1781200631	snap	3600	sdk	post-storage	send_canceled	0
1781200631	snap	3600	sdk	post-storage	send_other	0
1781200631	snap	3600	sdk	post-storage	buffer_depth	0
0
1781200631	snap	3600	sdk	socialgraph	spans_received	1408728
1781200631	snap	3600	sdk	socialgraph	spans_sent	1408728
1781200631	snap	3600	sdk	socialgraph	spans_dropped	0
1781200631	snap	3600	sdk	socialgraph	spans_flushed	1408728
1781200631	snap	3600	sdk	socialgraph	batches_sent	6279
1781200631	snap	3600	sdk	socialgraph	batches_dropped	0
1781200631	snap	3600	sdk	socialgraph	send_unavailable	0
1781200631	snap	3600	sdk	socialgraph	send_deadline	0
1781200631	snap	3600	sdk	socialgraph	send_exhausted	0
1781200631	snap	3600	sdk	socialgraph	send_canceled	0
1781200631	snap	3600	sdk	socialgraph	send_other	0
1781200631	snap	3600	sdk	socialgraph	buffer_depth	0
0
1781200631	snap	3600	sdk	text	spans_received	3884727
1781200631	snap	3600	sdk	text	spans_sent	3466132
1781200631	snap	3600	sdk	text	spans_dropped	418595
1781200631	snap	3600	sdk	text	spans_flushed	3884727
1781200631	snap	3600	sdk	text	batches_sent	16062
1781200631	snap	3600	sdk	text	batches_dropped	1332
1781200631	snap	3600	sdk	text	send_unavailable	1332
1781200631	snap	3600	sdk	text	send_deadline	0
1781200631	snap	3600	sdk	text	send_exhausted	0
1781200631	snap	3600	sdk	text	send_canceled	0
1781200631	snap	3600	sdk	text	send_other	0
1781200631	snap	3600	sdk	text	buffer_depth	0
0
1781200631	snap	3600	sdk	uniqueid	spans_received	1294903
1781200631	snap	3600	sdk	uniqueid	spans_sent	1274310
1781200631	snap	3600	sdk	uniqueid	spans_dropped	20593
1781200631	snap	3600	sdk	uniqueid	spans_flushed	1294903
1781200631	snap	3600	sdk	uniqueid	batches_sent	5732
1781200631	snap	3600	sdk	uniqueid	batches_dropped	65
1781200631	snap	3600	sdk	uniqueid	send_unavailable	65
1781200631	snap	3600	sdk	uniqueid	send_deadline	0
1781200631	snap	3600	sdk	uniqueid	send_exhausted	0
1781200631	snap	3600	sdk	uniqueid	send_canceled	0
1781200631	snap	3600	sdk	uniqueid	send_other	0
1781200631	snap	3600	sdk	uniqueid	buffer_depth	0
0
1781200631	snap	3600	sdk	urlshorten	spans_received	1294903
1781200631	snap	3600	sdk	urlshorten	spans_sent	1294903
1781200631	snap	3600	sdk	urlshorten	spans_dropped	0
1781200631	snap	3600	sdk	urlshorten	spans_flushed	1294903
1781200631	snap	3600	sdk	urlshorten	batches_sent	5802
1781200631	snap	3600	sdk	urlshorten	batches_dropped	0
1781200631	snap	3600	sdk	urlshorten	send_unavailable	0
1781200631	snap	3600	sdk	urlshorten	send_deadline	0
1781200631	snap	3600	sdk	urlshorten	send_exhausted	0
1781200631	snap	3600	sdk	urlshorten	send_canceled	0
1781200631	snap	3600	sdk	urlshorten	send_other	0
1781200631	snap	3600	sdk	urlshorten	buffer_depth	0
0
1781200631	snap	3600	sdk	user	spans_received	1296827
1781200631	snap	3600	sdk	user	spans_sent	1296827
1781200631	snap	3600	sdk	user	spans_dropped	0
1781200631	snap	3600	sdk	user	spans_flushed	1296827
1781200631	snap	3600	sdk	user	batches_sent	5808
1781200631	snap	3600	sdk	user	batches_dropped	0
1781200631	snap	3600	sdk	user	send_unavailable	0
1781200631	snap	3600	sdk	user	send_deadline	0
1781200631	snap	3600	sdk	user	send_exhausted	0
1781200631	snap	3600	sdk	user	send_canceled	0
1781200631	snap	3600	sdk	user	send_other	0
1781200631	snap	3600	sdk	user	buffer_depth	0
0
1781200631	snap	3600	sdk	userid	spans_received	75248
1781200631	snap	3600	sdk	userid	spans_sent	75248
1781200631	snap	3600	sdk	userid	spans_dropped	0
1781200631	snap	3600	sdk	userid	spans_flushed	75248
1781200631	snap	3600	sdk	userid	batches_sent	245
1781200631	snap	3600	sdk	userid	batches_dropped	0
1781200631	snap	3600	sdk	userid	send_unavailable	0
1781200631	snap	3600	sdk	userid	send_deadline	0
1781200631	snap	3600	sdk	userid	send_exhausted	0
1781200631	snap	3600	sdk	userid	send_canceled	0
1781200631	snap	3600	sdk	userid	send_other	0
1781200631	snap	3600	sdk	userid	buffer_depth	0
0
1781200631	snap	3600	sdk	usermention	spans_received	1294903
1781200631	snap	3600	sdk	usermention	spans_sent	1274324
1781200631	snap	3600	sdk	usermention	spans_dropped	20579
1781200631	snap	3600	sdk	usermention	spans_flushed	1294903
1781200631	snap	3600	sdk	usermention	batches_sent	5733
1781200631	snap	3600	sdk	usermention	batches_dropped	65
1781200631	snap	3600	sdk	usermention	send_unavailable	65
1781200631	snap	3600	sdk	usermention	send_deadline	0
1781200631	snap	3600	sdk	usermention	send_exhausted	0
1781200631	snap	3600	sdk	usermention	send_canceled	0
1781200631	snap	3600	sdk	usermention	send_other	0
1781200631	snap	3600	sdk	usermention	buffer_depth	0
0
1781200631	snap	3600	sdk	usertimeline	spans_received	1294894
1781200631	snap	3600	sdk	usertimeline	spans_sent	1294894
1781200631	snap	3600	sdk	usertimeline	spans_dropped	0
1781200631	snap	3600	sdk	usertimeline	spans_flushed	1294894
1781200631	snap	3600	sdk	usertimeline	batches_sent	5796
1781200631	snap	3600	sdk	usertimeline	batches_dropped	0
1781200631	snap	3600	sdk	usertimeline	send_unavailable	0
1781200631	snap	3600	sdk	usertimeline	send_deadline	0
1781200631	snap	3600	sdk	usertimeline	send_exhausted	0
1781200631	snap	3600	sdk	usertimeline	send_canceled	0
1781200631	snap	3600	sdk	usertimeline	send_other	0
1781200631	snap	3600	sdk	usertimeline	buffer_depth	0
0
1781200699	snap	3600	otelcol	otelcol-sb-esrev0-ctr-mrm6k	otelcol_exporter_queue_size	91
1781200699	snap	3600	otelcol	otelcol-sb-esrev0-ctr-mrm6k	otelcol_processor_batch_batch_send_size_sum	1852614
1781200699	snap	3600	otelcol	otelcol-sb-esrev0-ctr-mrm6k	otelcol_process_runtime_heap_alloc_bytes	85725320
1781200699	snap	3600	otelcol	otelcol-sb-esrev0-ctr-mrm6k	otelcol_exporter_queue_batch_send_size_sum	1852614
1781200699	snap	3600	otelcol	otelcol-sb-esrev0-ctr-mrm6k	otelcol_process_uptime	846
1781200699	snap	3600	otelcol	otelcol-sb-esrev0-ctr-mrm6k	otelcol_processor_outgoing_items	1852614
1781200699	snap	3600	otelcol	otelcol-sb-esrev0-ctr-mrm6k	otelcol_process_runtime_total_alloc_bytes	1339929048
1781200699	snap	3600	otelcol	otelcol-sb-esrev0-ctr-mrm6k	otelcol_process_memory_rss	252760064
1781200699	snap	3600	otelcol	otelcol-sb-esrev0-ctr-mrm6k	otelcol_process_cpu_seconds	48
1781200699	snap	3600	otelcol	otelcol-sb-esrev0-ctr-mrm6k	otelcol_exporter_send_failed_spans	0
1781200699	snap	3600	otelcol	otelcol-sb-esrev0-ctr-mrm6k	otelcol_receiver_accepted_spans	1852614
1781200699	snap	3600	otelcol	otelcol-sb-esrev0-ctr-mrm6k	otelcol_processor_batch_metadata_cardinality	1
1781200699	snap	3600	otelcol	otelcol-sb-esrev0-ctr-mrm6k	otelcol_receiver_refused_spans	425
1781200699	snap	3600	otelcol	otelcol-sb-esrev0-ctr-mrm6k	otelcol_receiver_failed_spans	0
1781200699	snap	3600	otelcol	otelcol-sb-esrev0-ctr-mrm6k	otelcol_processor_batch_timeout_trigger_send	3354
1781200699	snap	3600	otelcol	otelcol-sb-esrev0-ctr-mrm6k	otelcol_process_runtime_total_sys_memory_bytes	128157976
1781200699	snap	3600	otelcol	otelcol-sb-esrev0-ctr-mrm6k	otelcol_exporter_queue_capacity	1001
1781200699	snap	3600	otelcol	otelcol-sb-esrev0-ctr-mrm6k	otelcol_processor_incoming_items	1853039
1781200699	snap	3600	otelcol	otelcol-sb-esrev0-ctr-mrm6k	otelcol_exporter_sent_spans	1772541
1781200699	snap	3600	otelcol	otelcol-sb-esrev0-ctr-rdtzq	otelcol_process_runtime_total_sys_memory_bytes	136911144
1781200699	snap	3600	otelcol	otelcol-sb-esrev0-ctr-rdtzq	otelcol_process_memory_rss	254640128
1781200699	snap	3600	otelcol	otelcol-sb-esrev0-ctr-rdtzq	otelcol_exporter_queue_capacity	1001
1781200699	snap	3600	otelcol	otelcol-sb-esrev0-ctr-rdtzq	otelcol_process_cpu_seconds	46
1781200699	snap	3600	otelcol	otelcol-sb-esrev0-ctr-rdtzq	otelcol_processor_incoming_items	1852222
1781200699	snap	3600	otelcol	otelcol-sb-esrev0-ctr-rdtzq	otelcol_exporter_queue_batch_send_size_sum	1851434
1781200699	snap	3600	otelcol	otelcol-sb-esrev0-ctr-rdtzq	otelcol_exporter_send_failed_spans	0
1781200699	snap	3600	otelcol	otelcol-sb-esrev0-ctr-rdtzq	otelcol_receiver_refused_spans	788
1781200699	snap	3600	otelcol	otelcol-sb-esrev0-ctr-rdtzq	otelcol_exporter_sent_spans	1749623
1781200699	snap	3600	otelcol	otelcol-sb-esrev0-ctr-rdtzq	otelcol_process_runtime_total_alloc_bytes	1353716128
1781200699	snap	3600	otelcol	otelcol-sb-esrev0-ctr-rdtzq	otelcol_process_runtime_heap_alloc_bytes	74509496
1781200699	snap	3600	otelcol	otelcol-sb-esrev0-ctr-rdtzq	otelcol_processor_outgoing_items	1851434
1781200699	snap	3600	otelcol	otelcol-sb-esrev0-ctr-rdtzq	otelcol_process_uptime	846
1781200699	snap	3600	otelcol	otelcol-sb-esrev0-ctr-rdtzq	otelcol_receiver_failed_spans	0
1781200699	snap	3600	otelcol	otelcol-sb-esrev0-ctr-rdtzq	otelcol_processor_batch_metadata_cardinality	1
1781200699	snap	3600	otelcol	otelcol-sb-esrev0-ctr-rdtzq	otelcol_receiver_accepted_spans	1851434
1781200699	snap	3600	otelcol	otelcol-sb-esrev0-ctr-rdtzq	otelcol_processor_batch_timeout_trigger_send	3358
1781200699	snap	3600	otelcol	otelcol-sb-esrev0-ctr-rdtzq	otelcol_processor_batch_batch_send_size_sum	1851434
1781200699	snap	3600	otelcol	otelcol-sb-esrev0-ctr-rdtzq	otelcol_exporter_queue_size	116
1781200699	snap	3600	otelcol	otelcol-sb-esrev0-ctr-glxdm	otelcol_receiver_failed_spans	0
1781200699	snap	3600	otelcol	otelcol-sb-esrev0-ctr-glxdm	otelcol_process_uptime	846
1781200699	snap	3600	otelcol	otelcol-sb-esrev0-ctr-glxdm	otelcol_exporter_queue_capacity	1001
1781200699	snap	3600	otelcol	otelcol-sb-esrev0-ctr-glxdm	otelcol_processor_batch_metadata_cardinality	1
1781200699	snap	3600	otelcol	otelcol-sb-esrev0-ctr-glxdm	otelcol_process_runtime_heap_alloc_bytes	74428112
1781200699	snap	3600	otelcol	otelcol-sb-esrev0-ctr-glxdm	otelcol_exporter_send_failed_spans	0
1781200699	snap	3600	otelcol	otelcol-sb-esrev0-ctr-glxdm	otelcol_processor_incoming_items	3360481
1781200699	snap	3600	otelcol	otelcol-sb-esrev0-ctr-glxdm	otelcol_process_cpu_seconds	66
1781200699	snap	3600	otelcol	otelcol-sb-esrev0-ctr-glxdm	otelcol_exporter_sent_spans	3227565
1781200699	snap	3600	otelcol	otelcol-sb-esrev0-ctr-glxdm	otelcol_receiver_refused_spans	59361
1781200699	snap	3600	otelcol	otelcol-sb-esrev0-ctr-glxdm	otelcol_processor_batch_timeout_trigger_send	3323
1781200699	snap	3600	otelcol	otelcol-sb-esrev0-ctr-glxdm	otelcol_processor_batch_batch_send_size_sum	3301120
1781200699	snap	3600	otelcol	otelcol-sb-esrev0-ctr-glxdm	otelcol_process_runtime_total_alloc_bytes	2218008992
1781200699	snap	3600	otelcol	otelcol-sb-esrev0-ctr-glxdm	otelcol_process_memory_rss	286785536
1781200699	snap	3600	otelcol	otelcol-sb-esrev0-ctr-glxdm	otelcol_exporter_queue_batch_send_size_sum	3301120
1781200699	snap	3600	otelcol	otelcol-sb-esrev0-ctr-glxdm	otelcol_process_runtime_total_sys_memory_bytes	188852536
1781200699	snap	3600	otelcol	otelcol-sb-esrev0-ctr-glxdm	otelcol_receiver_accepted_spans	3301120
1781200699	snap	3600	otelcol	otelcol-sb-esrev0-ctr-glxdm	otelcol_processor_outgoing_items	3301120
1781200699	snap	3600	otelcol	otelcol-sb-esrev0-ctr-glxdm	otelcol_exporter_queue_size	48
1781200699	snap	3600	otelcol	otelcol-sb-esrev0-ctr-2bk4z	otelcol_processor_batch_batch_send_size_sum	1956323
1781200699	snap	3600	otelcol	otelcol-sb-esrev0-ctr-2bk4z	otelcol_process_runtime_heap_alloc_bytes	85407136
1781200699	snap	3600	otelcol	otelcol-sb-esrev0-ctr-2bk4z	otelcol_exporter_queue_size	102
1781200699	snap	3600	otelcol	otelcol-sb-esrev0-ctr-2bk4z	otelcol_process_memory_rss	254885888
1781200699	snap	3600	otelcol	otelcol-sb-esrev0-ctr-2bk4z	otelcol_receiver_failed_spans	0
1781200699	snap	3600	otelcol	otelcol-sb-esrev0-ctr-2bk4z	otelcol_process_runtime_total_alloc_bytes	1418966128
1781200699	snap	3600	otelcol	otelcol-sb-esrev0-ctr-2bk4z	otelcol_exporter_send_failed_spans	0
1781200699	snap	3600	otelcol	otelcol-sb-esrev0-ctr-2bk4z	otelcol_receiver_refused_spans	10573
1781200699	snap	3600	otelcol	otelcol-sb-esrev0-ctr-2bk4z	otelcol_process_uptime	848
1781200699	snap	3600	otelcol	otelcol-sb-esrev0-ctr-2bk4z	otelcol_processor_incoming_items	1966896
1781200699	snap	3600	otelcol	otelcol-sb-esrev0-ctr-2bk4z	otelcol_process_runtime_total_sys_memory_bytes	154376488
1781200699	snap	3600	otelcol	otelcol-sb-esrev0-ctr-2bk4z	otelcol_processor_outgoing_items	1956323
1781200699	snap	3600	otelcol	otelcol-sb-esrev0-ctr-2bk4z	otelcol_process_cpu_seconds	43
1781200699	snap	3600	otelcol	otelcol-sb-esrev0-ctr-2bk4z	otelcol_exporter_queue_batch_send_size_sum	1956323
1781200699	snap	3600	otelcol	otelcol-sb-esrev0-ctr-2bk4z	otelcol_processor_batch_metadata_cardinality	1
1781200699	snap	3600	otelcol	otelcol-sb-esrev0-ctr-2bk4z	otelcol_processor_batch_timeout_trigger_send	3366
1781200699	snap	3600	otelcol	otelcol-sb-esrev0-ctr-2bk4z	otelcol_receiver_accepted_spans	1956323
1781200699	snap	3600	otelcol	otelcol-sb-esrev0-ctr-2bk4z	otelcol_exporter_sent_spans	1867232
1781200699	snap	3600	otelcol	otelcol-sb-esrev0-ctr-2bk4z	otelcol_exporter_queue_capacity	1001
1781200699	snap	3600	otelcol	otelcol-sb-esrev0-ctr-gcg4j	otelcol_receiver_failed_spans	0
1781200699	snap	3600	otelcol	otelcol-sb-esrev0-ctr-gcg4j	otelcol_processor_batch_timeout_trigger_send	3347
1781200699	snap	3600	otelcol	otelcol-sb-esrev0-ctr-gcg4j	otelcol_exporter_queue_size	50
1781200699	snap	3600	otelcol	otelcol-sb-esrev0-ctr-gcg4j	otelcol_process_runtime_total_sys_memory_bytes	80800024
1781200699	snap	3600	otelcol	otelcol-sb-esrev0-ctr-gcg4j	otelcol_exporter_queue_batch_send_size_sum	343235
1781200699	snap	3600	otelcol	otelcol-sb-esrev0-ctr-gcg4j	otelcol_receiver_accepted_spans	343235
1781200699	snap	3600	otelcol	otelcol-sb-esrev0-ctr-gcg4j	otelcol_process_runtime_total_alloc_bytes	463739416
1781200699	snap	3600	otelcol	otelcol-sb-esrev0-ctr-gcg4j	otelcol_process_memory_rss	217505792
1781200699	snap	3600	otelcol	otelcol-sb-esrev0-ctr-gcg4j	otelcol_process_cpu_seconds	32
1781200699	snap	3600	otelcol	otelcol-sb-esrev0-ctr-gcg4j	otelcol_exporter_queue_capacity	1001
1781200699	snap	3600	otelcol	otelcol-sb-esrev0-ctr-gcg4j	otelcol_processor_incoming_items	343235
1781200699	snap	3600	otelcol	otelcol-sb-esrev0-ctr-gcg4j	otelcol_exporter_send_failed_spans	0
1781200699	snap	3600	otelcol	otelcol-sb-esrev0-ctr-gcg4j	otelcol_receiver_refused_spans	0
1781200699	snap	3600	otelcol	otelcol-sb-esrev0-ctr-gcg4j	otelcol_processor_outgoing_items	343235
1781200699	snap	3600	otelcol	otelcol-sb-esrev0-ctr-gcg4j	otelcol_processor_batch_metadata_cardinality	1
1781200699	snap	3600	otelcol	otelcol-sb-esrev0-ctr-gcg4j	otelcol_processor_batch_batch_send_size_sum	343235
1781200699	snap	3600	otelcol	otelcol-sb-esrev0-ctr-gcg4j	otelcol_process_uptime	845
1781200699	snap	3600	otelcol	otelcol-sb-esrev0-ctr-gcg4j	otelcol_process_runtime_heap_alloc_bytes	34335184
1781200699	snap	3600	otelcol	otelcol-sb-esrev0-ctr-gcg4j	otelcol_exporter_sent_spans	335256
1781200699	snap	3600	otelcol	otelcol-sb-esrev0-ctr-pr5gq	otelcol_receiver_accepted_spans	5893978
1781200699	snap	3600	otelcol	otelcol-sb-esrev0-ctr-pr5gq	otelcol_receiver_failed_spans	0
1781200699	snap	3600	otelcol	otelcol-sb-esrev0-ctr-pr5gq	otelcol_process_uptime	845
1781200699	snap	3600	otelcol	otelcol-sb-esrev0-ctr-pr5gq	otelcol_exporter_queue_batch_send_size_sum	5893978
1781200699	snap	3600	otelcol	otelcol-sb-esrev0-ctr-pr5gq	otelcol_processor_outgoing_items	5893978
1781200699	snap	3600	otelcol	otelcol-sb-esrev0-ctr-pr5gq	otelcol_process_runtime_total_sys_memory_bytes	168393000
1781200699	snap	3600	otelcol	otelcol-sb-esrev0-ctr-pr5gq	otelcol_process_runtime_heap_alloc_bytes	83491200
1781200699	snap	3600	otelcol	otelcol-sb-esrev0-ctr-pr5gq	otelcol_exporter_queue_capacity	1001
1781200699	snap	3600	otelcol	otelcol-sb-esrev0-ctr-pr5gq	otelcol_process_memory_rss	284053504
1781200699	snap	3600	otelcol	otelcol-sb-esrev0-ctr-pr5gq	otelcol_exporter_queue_size	64
1781200699	snap	3600	otelcol	otelcol-sb-esrev0-ctr-pr5gq	otelcol_exporter_send_failed_spans	0
1781200699	snap	3600	otelcol	otelcol-sb-esrev0-ctr-pr5gq	otelcol_receiver_refused_spans	560960
1781200699	snap	3600	otelcol	otelcol-sb-esrev0-ctr-pr5gq	otelcol_process_runtime_total_alloc_bytes	3427420448
1781200699	snap	3600	otelcol	otelcol-sb-esrev0-ctr-pr5gq	otelcol_processor_batch_batch_send_size_sum	5893978
1781200699	snap	3600	otelcol	otelcol-sb-esrev0-ctr-pr5gq	otelcol_process_cpu_seconds	86
1781200699	snap	3600	otelcol	otelcol-sb-esrev0-ctr-pr5gq	otelcol_processor_incoming_items	6454938
1781200699	snap	3600	otelcol	otelcol-sb-esrev0-ctr-pr5gq	otelcol_processor_batch_metadata_cardinality	1
1781200699	snap	3600	otelcol	otelcol-sb-esrev0-ctr-pr5gq	otelcol_processor_batch_timeout_trigger_send	3353
1781200699	snap	3600	otelcol	otelcol-sb-esrev0-ctr-pr5gq	otelcol_exporter_sent_spans	5743302
1781200699	snap	3600	otelcol	otelcol-sb-esrev0-ctr-rbkvt	otelcol_processor_outgoing_items	1854159
1781200699	snap	3600	otelcol	otelcol-sb-esrev0-ctr-rbkvt	otelcol_exporter_send_failed_spans	0
1781200699	snap	3600	otelcol	otelcol-sb-esrev0-ctr-rbkvt	otelcol_receiver_refused_spans	0
1781200699	snap	3600	otelcol	otelcol-sb-esrev0-ctr-rbkvt	otelcol_exporter_queue_size	31
1781200699	snap	3600	otelcol	otelcol-sb-esrev0-ctr-rbkvt	otelcol_exporter_queue_batch_send_size_sum	1854159
1781200699	snap	3600	otelcol	otelcol-sb-esrev0-ctr-rbkvt	otelcol_process_runtime_total_sys_memory_bytes	116046120
1781200699	snap	3600	otelcol	otelcol-sb-esrev0-ctr-rbkvt	otelcol_receiver_failed_spans	0
1781200699	snap	3600	otelcol	otelcol-sb-esrev0-ctr-rbkvt	otelcol_processor_batch_metadata_cardinality	1
1781200699	snap	3600	otelcol	otelcol-sb-esrev0-ctr-rbkvt	otelcol_processor_batch_timeout_trigger_send	3355
1781200699	snap	3600	otelcol	otelcol-sb-esrev0-ctr-rbkvt	otelcol_processor_batch_batch_send_size_sum	1854159
1781200699	snap	3600	otelcol	otelcol-sb-esrev0-ctr-rbkvt	otelcol_receiver_accepted_spans	1854159
1781200699	snap	3600	otelcol	otelcol-sb-esrev0-ctr-rbkvt	otelcol_process_cpu_seconds	45
1781200699	snap	3600	otelcol	otelcol-sb-esrev0-ctr-rbkvt	otelcol_process_uptime	845
1781200699	snap	3600	otelcol	otelcol-sb-esrev0-ctr-rbkvt	otelcol_process_runtime_heap_alloc_bytes	87327176
1781200699	snap	3600	otelcol	otelcol-sb-esrev0-ctr-rbkvt	otelcol_process_memory_rss	253878272
1781200699	snap	3600	otelcol	otelcol-sb-esrev0-ctr-rbkvt	otelcol_exporter_sent_spans	1828247
1781200699	snap	3600	otelcol	otelcol-sb-esrev0-ctr-rbkvt	otelcol_exporter_queue_capacity	1001
1781200699	snap	3600	otelcol	otelcol-sb-esrev0-ctr-rbkvt	otelcol_process_runtime_total_alloc_bytes	1329990912
1781200699	snap	3600	otelcol	otelcol-sb-esrev0-ctr-rbkvt	otelcol_processor_incoming_items	1854159
1781200699	snap	3600	otelcol	otelcol-sb-esrev0-ctr-vnnmt	otelcol_process_cpu_seconds	44
1781200699	snap	3600	otelcol	otelcol-sb-esrev0-ctr-vnnmt	otelcol_exporter_sent_spans	1807790
1781200699	snap	3600	otelcol	otelcol-sb-esrev0-ctr-vnnmt	otelcol_process_runtime_total_alloc_bytes	1351362720
1781200699	snap	3600	otelcol	otelcol-sb-esrev0-ctr-vnnmt	otelcol_processor_outgoing_items	1851845
1781200699	snap	3600	otelcol	otelcol-sb-esrev0-ctr-vnnmt	otelcol_process_runtime_heap_alloc_bytes	77334040
1781200699	snap	3600	otelcol	otelcol-sb-esrev0-ctr-vnnmt	otelcol_exporter_queue_size	50
1781200699	snap	3600	otelcol	otelcol-sb-esrev0-ctr-vnnmt	otelcol_exporter_queue_batch_send_size_sum	1851845
1781200699	snap	3600	otelcol	otelcol-sb-esrev0-ctr-vnnmt	otelcol_processor_batch_batch_send_size_sum	1851845
1781200699	snap	3600	otelcol	otelcol-sb-esrev0-ctr-vnnmt	otelcol_receiver_failed_spans	0
1781200699	snap	3600	otelcol	otelcol-sb-esrev0-ctr-vnnmt	otelcol_process_memory_rss	243134464
1781200699	snap	3600	otelcol	otelcol-sb-esrev0-ctr-vnnmt	otelcol_exporter_send_failed_spans	0
1781200699	snap	3600	otelcol	otelcol-sb-esrev0-ctr-vnnmt	otelcol_receiver_refused_spans	0
1781200699	snap	3600	otelcol	otelcol-sb-esrev0-ctr-vnnmt	otelcol_receiver_accepted_spans	1851845
1781200699	snap	3600	otelcol	otelcol-sb-esrev0-ctr-vnnmt	otelcol_processor_batch_metadata_cardinality	1
1781200699	snap	3600	otelcol	otelcol-sb-esrev0-ctr-vnnmt	otelcol_process_runtime_total_sys_memory_bytes	116508952
1781200699	snap	3600	otelcol	otelcol-sb-esrev0-ctr-vnnmt	otelcol_processor_batch_timeout_trigger_send	3358
1781200699	snap	3600	otelcol	otelcol-sb-esrev0-ctr-vnnmt	otelcol_processor_incoming_items	1851845
1781200699	snap	3600	otelcol	otelcol-sb-esrev0-ctr-vnnmt	otelcol_process_uptime	846
1781200699	snap	3600	otelcol	otelcol-sb-esrev0-ctr-vnnmt	otelcol_exporter_queue_capacity	1001
1781200699	snap	3600	otelcol	otelcol-sb-esrev0-ctr-wht6z	otelcol_exporter_queue_size	49
1781200699	snap	3600	otelcol	otelcol-sb-esrev0-ctr-wht6z	otelcol_process_uptime	844
1781200699	snap	3600	otelcol	otelcol-sb-esrev0-ctr-wht6z	otelcol_receiver_accepted_spans	9965826
1781200699	snap	3600	otelcol	otelcol-sb-esrev0-ctr-wht6z	otelcol_process_runtime_heap_alloc_bytes	136880688
1781200699	snap	3600	otelcol	otelcol-sb-esrev0-ctr-wht6z	otelcol_receiver_failed_spans	0
1781200699	snap	3600	otelcol	otelcol-sb-esrev0-ctr-wht6z	otelcol_process_runtime_total_alloc_bytes	10636542208
1781200699	snap	3600	otelcol	otelcol-sb-esrev0-ctr-wht6z	otelcol_process_memory_rss	320016384
1781200699	snap	3600	otelcol	otelcol-sb-esrev0-ctr-wht6z	otelcol_exporter_queue_capacity	1001
1781200699	snap	3600	otelcol	otelcol-sb-esrev0-ctr-wht6z	otelcol_processor_incoming_items	14017309
1781200699	snap	3600	otelcol	otelcol-sb-esrev0-ctr-wht6z	otelcol_processor_batch_metadata_cardinality	1
1781200699	snap	3600	otelcol	otelcol-sb-esrev0-ctr-wht6z	otelcol_process_cpu_seconds	210
1781200699	snap	3600	otelcol	otelcol-sb-esrev0-ctr-wht6z	otelcol_exporter_send_failed_spans	0
1781200699	snap	3600	otelcol	otelcol-sb-esrev0-ctr-wht6z	otelcol_exporter_sent_spans	9759497
1781200699	snap	3600	otelcol	otelcol-sb-esrev0-ctr-wht6z	otelcol_process_runtime_total_sys_memory_bytes	232835384
1781200699	snap	3600	otelcol	otelcol-sb-esrev0-ctr-wht6z	otelcol_receiver_refused_spans	4051483
1781200699	snap	3600	otelcol	otelcol-sb-esrev0-ctr-wht6z	otelcol_exporter_queue_batch_send_size_sum	9965826
1781200699	snap	3600	otelcol	otelcol-sb-esrev0-ctr-wht6z	otelcol_processor_batch_timeout_trigger_send	2635
1781200699	snap	3600	otelcol	otelcol-sb-esrev0-ctr-wht6z	otelcol_processor_batch_batch_size_trigger_send	25
1781200699	snap	3600	otelcol	otelcol-sb-esrev0-ctr-wht6z	otelcol_processor_batch_batch_send_size_sum	9965826
1781200699	snap	3600	otelcol	otelcol-sb-esrev0-ctr-wht6z	otelcol_processor_outgoing_items	9965826
1781200699	snap	3600	k8s	otelcol-sb-esrev0-ctr-2bk4z	restart_count	0
1781200699	snap	3600	k8s	otelcol-sb-esrev0-ctr-gcg4j	restart_count	0
1781200699	snap	3600	k8s	otelcol-sb-esrev0-ctr-glxdm	restart_count	0
1781200699	snap	3600	k8s	otelcol-sb-esrev0-ctr-mrm6k	restart_count	0
1781200699	snap	3600	k8s	otelcol-sb-esrev0-ctr-pr5gq	restart_count	0
1781200699	snap	3600	k8s	otelcol-sb-esrev0-ctr-rbkvt	restart_count	0
1781200699	snap	3600	k8s	otelcol-sb-esrev0-ctr-rdtzq	restart_count	0
1781200699	snap	3600	k8s	otelcol-sb-esrev0-ctr-vnnmt	restart_count	0
1781200699	snap	3600	k8s	otelcol-sb-esrev0-ctr-wht6z	restart_count	0
1781200699	snap	3600	sdk	wrk2api	spans_received	345240
1781200699	snap	3600	sdk	wrk2api	spans_sent	325149
1781200699	snap	3600	sdk	wrk2api	spans_dropped	20091
1781200699	snap	3600	sdk	wrk2api	spans_flushed	345240
1781200699	snap	3600	sdk	wrk2api	batches_sent	12702
1781200699	snap	3600	sdk	wrk2api	batches_dropped	555
1781200699	snap	3600	sdk	wrk2api	send_unavailable	555
1781200699	snap	3600	sdk	wrk2api	send_deadline	0
1781200699	snap	3600	sdk	wrk2api	send_exhausted	0
1781200699	snap	3600	sdk	wrk2api	send_canceled	0
1781200699	snap	3600	sdk	wrk2api	send_other	0
1781200699	snap	3600	sdk	wrk2api	buffer_depth	0
0
1781200699	snap	3600	sdk	composepost	spans_received	12068855
1781200699	snap	3600	sdk	composepost	spans_sent	8056577
1781200699	snap	3600	sdk	composepost	spans_dropped	4012278
1781200699	snap	3600	sdk	composepost	spans_flushed	12068855
1781200699	snap	3600	sdk	composepost	batches_sent	39107
1781200699	snap	3600	sdk	composepost	batches_dropped	12586
1781200699	snap	3600	sdk	composepost	send_unavailable	5953
1781200699	snap	3600	sdk	composepost	send_deadline	6633
1781200699	snap	3600	sdk	composepost	send_exhausted	0
1781200699	snap	3600	sdk	composepost	send_canceled	0
1781200699	snap	3600	sdk	composepost	send_other	0
1781200699	snap	3600	sdk	composepost	buffer_depth	0
0
1781200699	snap	3600	sdk	hometimeline	spans_received	3017198
1781200699	snap	3600	sdk	hometimeline	spans_sent	1692738
1781200699	snap	3600	sdk	hometimeline	spans_dropped	1324460
1781200699	snap	3600	sdk	hometimeline	spans_flushed	3017198
1781200699	snap	3600	sdk	hometimeline	batches_sent	8782
1781200699	snap	3600	sdk	hometimeline	batches_dropped	4215
1781200699	snap	3600	sdk	hometimeline	send_unavailable	3974
1781200699	snap	3600	sdk	hometimeline	send_deadline	241
1781200699	snap	3600	sdk	hometimeline	send_exhausted	0
1781200699	snap	3600	sdk	hometimeline	send_canceled	0
1781200699	snap	3600	sdk	hometimeline	send_other	0
1781200699	snap	3600	sdk	hometimeline	buffer_depth	0
0
1781200699	snap	3600	sdk	media	spans_received	1508608
1781200699	snap	3600	sdk	media	spans_sent	1508608
1781200699	snap	3600	sdk	media	spans_dropped	0
1781200699	snap	3600	sdk	media	spans_flushed	1508608
1781200699	snap	3600	sdk	media	batches_sent	6452
1781200699	snap	3600	sdk	media	batches_dropped	0
1781200699	snap	3600	sdk	media	send_unavailable	0
1781200699	snap	3600	sdk	media	send_deadline	0
1781200699	snap	3600	sdk	media	send_exhausted	0
1781200699	snap	3600	sdk	media	send_canceled	0
1781200699	snap	3600	sdk	media	send_other	0
1781200699	snap	3600	sdk	media	buffer_depth	0
0
1781200699	snap	3600	sdk	post-storage	spans_received	1508599
1781200699	snap	3600	sdk	post-storage	spans_sent	1508599
1781200699	snap	3600	sdk	post-storage	spans_dropped	0
1781200699	snap	3600	sdk	post-storage	spans_flushed	1508599
1781200699	snap	3600	sdk	post-storage	batches_sent	6455
1781200699	snap	3600	sdk	post-storage	batches_dropped	0
1781200699	snap	3600	sdk	post-storage	send_unavailable	0
1781200699	snap	3600	sdk	post-storage	send_deadline	0
1781200699	snap	3600	sdk	post-storage	send_exhausted	0
1781200699	snap	3600	sdk	post-storage	send_canceled	0
1781200699	snap	3600	sdk	post-storage	send_other	0
1781200699	snap	3600	sdk	post-storage	buffer_depth	0
0
1781200699	snap	3600	sdk	socialgraph	spans_received	1622433
1781200699	snap	3600	sdk	socialgraph	spans_sent	1622433
1781200699	snap	3600	sdk	socialgraph	spans_dropped	0
1781200699	snap	3600	sdk	socialgraph	spans_flushed	1622433
1781200699	snap	3600	sdk	socialgraph	batches_sent	6917
1781200699	snap	3600	sdk	socialgraph	batches_dropped	0
1781200699	snap	3600	sdk	socialgraph	send_unavailable	0
1781200699	snap	3600	sdk	socialgraph	send_deadline	0
1781200699	snap	3600	sdk	socialgraph	send_exhausted	0
1781200699	snap	3600	sdk	socialgraph	send_canceled	0
1781200699	snap	3600	sdk	socialgraph	send_other	0
1781200699	snap	3600	sdk	socialgraph	buffer_depth	0
0
1781200699	snap	3600	sdk	text	spans_received	4525842
1781200699	snap	3600	sdk	text	spans_sent	3984973
1781200699	snap	3600	sdk	text	spans_dropped	540869
1781200699	snap	3600	sdk	text	spans_flushed	4525842
1781200699	snap	3600	sdk	text	batches_sent	17639
1781200699	snap	3600	sdk	text	batches_dropped	1710
1781200699	snap	3600	sdk	text	send_unavailable	1710
1781200699	snap	3600	sdk	text	send_deadline	0
1781200699	snap	3600	sdk	text	send_exhausted	0
1781200699	snap	3600	sdk	text	send_canceled	0
1781200699	snap	3600	sdk	text	send_other	0
1781200699	snap	3600	sdk	text	buffer_depth	0
0
1781200699	snap	3600	sdk	uniqueid	spans_received	1508608
1781200699	snap	3600	sdk	uniqueid	spans_sent	1488015
1781200699	snap	3600	sdk	uniqueid	spans_dropped	20593
1781200699	snap	3600	sdk	uniqueid	spans_flushed	1508608
1781200699	snap	3600	sdk	uniqueid	batches_sent	6381
1781200699	snap	3600	sdk	uniqueid	batches_dropped	65
1781200699	snap	3600	sdk	uniqueid	send_unavailable	65
1781200699	snap	3600	sdk	uniqueid	send_deadline	0
1781200699	snap	3600	sdk	uniqueid	send_exhausted	0
1781200699	snap	3600	sdk	uniqueid	send_canceled	0
1781200699	snap	3600	sdk	uniqueid	send_other	0
1781200699	snap	3600	sdk	uniqueid	buffer_depth	0
0
1781200699	snap	3600	sdk	urlshorten	spans_received	1508608
1781200699	snap	3600	sdk	urlshorten	spans_sent	1508608
1781200699	snap	3600	sdk	urlshorten	spans_dropped	0
1781200699	snap	3600	sdk	urlshorten	spans_flushed	1508608
1781200699	snap	3600	sdk	urlshorten	batches_sent	6449
1781200699	snap	3600	sdk	urlshorten	batches_dropped	0
1781200699	snap	3600	sdk	urlshorten	send_unavailable	0
1781200699	snap	3600	sdk	urlshorten	send_deadline	0
1781200699	snap	3600	sdk	urlshorten	send_exhausted	0
1781200699	snap	3600	sdk	urlshorten	send_canceled	0
1781200699	snap	3600	sdk	urlshorten	send_other	0
1781200699	snap	3600	sdk	urlshorten	buffer_depth	0
0
1781200699	snap	3600	sdk	user	spans_received	1510532
1781200699	snap	3600	sdk	user	spans_sent	1510532
1781200699	snap	3600	sdk	user	spans_dropped	0
1781200699	snap	3600	sdk	user	spans_flushed	1510532
1781200699	snap	3600	sdk	user	batches_sent	6448
1781200699	snap	3600	sdk	user	batches_dropped	0
1781200699	snap	3600	sdk	user	send_unavailable	0
1781200699	snap	3600	sdk	user	send_deadline	0
1781200699	snap	3600	sdk	user	send_exhausted	0
1781200699	snap	3600	sdk	user	send_canceled	0
1781200699	snap	3600	sdk	user	send_other	0
1781200699	snap	3600	sdk	user	buffer_depth	0
0
1781200699	snap	3600	sdk	userid	spans_received	75248
1781200699	snap	3600	sdk	userid	spans_sent	75248
1781200699	snap	3600	sdk	userid	spans_dropped	0
1781200699	snap	3600	sdk	userid	spans_flushed	75248
1781200699	snap	3600	sdk	userid	batches_sent	245
1781200699	snap	3600	sdk	userid	batches_dropped	0
1781200699	snap	3600	sdk	userid	send_unavailable	0
1781200699	snap	3600	sdk	userid	send_deadline	0
1781200699	snap	3600	sdk	userid	send_exhausted	0
1781200699	snap	3600	sdk	userid	send_canceled	0
1781200699	snap	3600	sdk	userid	send_other	0
1781200699	snap	3600	sdk	userid	buffer_depth	0
0
1781200699	snap	3600	sdk	usermention	spans_received	1508608
1781200699	snap	3600	sdk	usermention	spans_sent	1488029
1781200699	snap	3600	sdk	usermention	spans_dropped	20579
1781200699	snap	3600	sdk	usermention	spans_flushed	1508608
1781200699	snap	3600	sdk	usermention	batches_sent	6375
1781200699	snap	3600	sdk	usermention	batches_dropped	65
1781200699	snap	3600	sdk	usermention	send_unavailable	65
1781200699	snap	3600	sdk	usermention	send_deadline	0
1781200699	snap	3600	sdk	usermention	send_exhausted	0
1781200699	snap	3600	sdk	usermention	send_canceled	0
1781200699	snap	3600	sdk	usermention	send_other	0
1781200699	snap	3600	sdk	usermention	buffer_depth	0
0
1781200699	snap	3600	sdk	usertimeline	spans_received	1508599
1781200699	snap	3600	sdk	usertimeline	spans_sent	1508599
1781200699	snap	3600	sdk	usertimeline	spans_dropped	0
1781200699	snap	3600	sdk	usertimeline	spans_flushed	1508599
1781200699	snap	3600	sdk	usertimeline	batches_sent	6412
1781200699	snap	3600	sdk	usertimeline	batches_dropped	0
1781200699	snap	3600	sdk	usertimeline	send_unavailable	0
1781200699	snap	3600	sdk	usertimeline	send_deadline	0
1781200699	snap	3600	sdk	usertimeline	send_exhausted	0
1781200699	snap	3600	sdk	usertimeline	send_canceled	0
1781200699	snap	3600	sdk	usertimeline	send_other	0
1781200699	snap	3600	sdk	usertimeline	buffer_depth	0
0
1781200706	snap	3800	otelcol	otelcol-sb-esrev0-ctr-mrm6k	otelcol_exporter_queue_size	87
1781200706	snap	3800	otelcol	otelcol-sb-esrev0-ctr-mrm6k	otelcol_processor_batch_batch_send_size_sum	1852614
1781200706	snap	3800	otelcol	otelcol-sb-esrev0-ctr-mrm6k	otelcol_process_runtime_heap_alloc_bytes	87153392
1781200706	snap	3800	otelcol	otelcol-sb-esrev0-ctr-mrm6k	otelcol_exporter_queue_batch_send_size_sum	1852614
1781200706	snap	3800	otelcol	otelcol-sb-esrev0-ctr-mrm6k	otelcol_process_uptime	853
1781200706	snap	3800	otelcol	otelcol-sb-esrev0-ctr-mrm6k	otelcol_processor_outgoing_items	1852614
1781200706	snap	3800	otelcol	otelcol-sb-esrev0-ctr-mrm6k	otelcol_process_runtime_total_alloc_bytes	1341357120
1781200706	snap	3800	otelcol	otelcol-sb-esrev0-ctr-mrm6k	otelcol_process_memory_rss	254029824
1781200706	snap	3800	otelcol	otelcol-sb-esrev0-ctr-mrm6k	otelcol_process_cpu_seconds	48
1781200706	snap	3800	otelcol	otelcol-sb-esrev0-ctr-mrm6k	otelcol_exporter_send_failed_spans	0
1781200706	snap	3800	otelcol	otelcol-sb-esrev0-ctr-mrm6k	otelcol_receiver_accepted_spans	1852614
1781200706	snap	3800	otelcol	otelcol-sb-esrev0-ctr-mrm6k	otelcol_processor_batch_metadata_cardinality	1
1781200706	snap	3800	otelcol	otelcol-sb-esrev0-ctr-mrm6k	otelcol_receiver_refused_spans	425
1781200706	snap	3800	otelcol	otelcol-sb-esrev0-ctr-mrm6k	otelcol_receiver_failed_spans	0
1781200706	snap	3800	otelcol	otelcol-sb-esrev0-ctr-mrm6k	otelcol_processor_batch_timeout_trigger_send	3354
1781200706	snap	3800	otelcol	otelcol-sb-esrev0-ctr-mrm6k	otelcol_process_runtime_total_sys_memory_bytes	128157976
1781200706	snap	3800	otelcol	otelcol-sb-esrev0-ctr-mrm6k	otelcol_exporter_queue_capacity	1001
1781200706	snap	3800	otelcol	otelcol-sb-esrev0-ctr-mrm6k	otelcol_processor_incoming_items	1853039
1781200706	snap	3800	otelcol	otelcol-sb-esrev0-ctr-mrm6k	otelcol_exporter_sent_spans	1776330
1781200706	snap	3800	otelcol	otelcol-sb-esrev0-ctr-rdtzq	otelcol_process_runtime_total_sys_memory_bytes	136911144
1781200706	snap	3800	otelcol	otelcol-sb-esrev0-ctr-rdtzq	otelcol_process_memory_rss	254648320
1781200706	snap	3800	otelcol	otelcol-sb-esrev0-ctr-rdtzq	otelcol_exporter_queue_capacity	1001
1781200706	snap	3800	otelcol	otelcol-sb-esrev0-ctr-rdtzq	otelcol_process_cpu_seconds	46
1781200706	snap	3800	otelcol	otelcol-sb-esrev0-ctr-rdtzq	otelcol_processor_incoming_items	1852222
1781200706	snap	3800	otelcol	otelcol-sb-esrev0-ctr-rdtzq	otelcol_exporter_queue_batch_send_size_sum	1851434
1781200706	snap	3800	otelcol	otelcol-sb-esrev0-ctr-rdtzq	otelcol_exporter_send_failed_spans	0
1781200706	snap	3800	otelcol	otelcol-sb-esrev0-ctr-rdtzq	otelcol_receiver_refused_spans	788
1781200706	snap	3800	otelcol	otelcol-sb-esrev0-ctr-rdtzq	otelcol_exporter_sent_spans	1753918
1781200706	snap	3800	otelcol	otelcol-sb-esrev0-ctr-rdtzq	otelcol_process_runtime_total_alloc_bytes	1355430056
1781200706	snap	3800	otelcol	otelcol-sb-esrev0-ctr-rdtzq	otelcol_process_runtime_heap_alloc_bytes	76223424
1781200706	snap	3800	otelcol	otelcol-sb-esrev0-ctr-rdtzq	otelcol_processor_outgoing_items	1851434
1781200706	snap	3800	otelcol	otelcol-sb-esrev0-ctr-rdtzq	otelcol_process_uptime	853
1781200706	snap	3800	otelcol	otelcol-sb-esrev0-ctr-rdtzq	otelcol_receiver_failed_spans	0
1781200706	snap	3800	otelcol	otelcol-sb-esrev0-ctr-rdtzq	otelcol_processor_batch_metadata_cardinality	1
1781200706	snap	3800	otelcol	otelcol-sb-esrev0-ctr-rdtzq	otelcol_receiver_accepted_spans	1851434
1781200706	snap	3800	otelcol	otelcol-sb-esrev0-ctr-rdtzq	otelcol_processor_batch_timeout_trigger_send	3358
1781200706	snap	3800	otelcol	otelcol-sb-esrev0-ctr-rdtzq	otelcol_processor_batch_batch_send_size_sum	1851434
1781200706	snap	3800	otelcol	otelcol-sb-esrev0-ctr-rdtzq	otelcol_exporter_queue_size	111
1781200706	snap	3800	otelcol	otelcol-sb-esrev0-ctr-glxdm	otelcol_receiver_failed_spans	0
1781200706	snap	3800	otelcol	otelcol-sb-esrev0-ctr-glxdm	otelcol_process_uptime	853
1781200706	snap	3800	otelcol	otelcol-sb-esrev0-ctr-glxdm	otelcol_exporter_queue_capacity	1001
1781200706	snap	3800	otelcol	otelcol-sb-esrev0-ctr-glxdm	otelcol_processor_batch_metadata_cardinality	1
1781200706	snap	3800	otelcol	otelcol-sb-esrev0-ctr-glxdm	otelcol_process_runtime_heap_alloc_bytes	78047680
1781200706	snap	3800	otelcol	otelcol-sb-esrev0-ctr-glxdm	otelcol_exporter_send_failed_spans	0
1781200706	snap	3800	otelcol	otelcol-sb-esrev0-ctr-glxdm	otelcol_processor_incoming_items	3360481
1781200706	snap	3800	otelcol	otelcol-sb-esrev0-ctr-glxdm	otelcol_process_cpu_seconds	66
1781200706	snap	3800	otelcol	otelcol-sb-esrev0-ctr-glxdm	otelcol_exporter_sent_spans	3245465
1781200706	snap	3800	otelcol	otelcol-sb-esrev0-ctr-glxdm	otelcol_receiver_refused_spans	59361
1781200706	snap	3800	otelcol	otelcol-sb-esrev0-ctr-glxdm	otelcol_processor_batch_timeout_trigger_send	3323
1781200706	snap	3800	otelcol	otelcol-sb-esrev0-ctr-glxdm	otelcol_processor_batch_batch_send_size_sum	3301120
1781200706	snap	3800	otelcol	otelcol-sb-esrev0-ctr-glxdm	otelcol_process_runtime_total_alloc_bytes	2221628560
1781200706	snap	3800	otelcol	otelcol-sb-esrev0-ctr-glxdm	otelcol_process_memory_rss	286785536
1781200706	snap	3800	otelcol	otelcol-sb-esrev0-ctr-glxdm	otelcol_exporter_queue_batch_send_size_sum	3301120
1781200706	snap	3800	otelcol	otelcol-sb-esrev0-ctr-glxdm	otelcol_process_runtime_total_sys_memory_bytes	188852536
1781200706	snap	3800	otelcol	otelcol-sb-esrev0-ctr-glxdm	otelcol_receiver_accepted_spans	3301120
1781200706	snap	3800	otelcol	otelcol-sb-esrev0-ctr-glxdm	otelcol_processor_outgoing_items	3301120
1781200706	snap	3800	otelcol	otelcol-sb-esrev0-ctr-glxdm	otelcol_exporter_queue_size	37
1781200706	snap	3800	otelcol	otelcol-sb-esrev0-ctr-2bk4z	otelcol_processor_batch_batch_send_size_sum	1956323
1781200706	snap	3800	otelcol	otelcol-sb-esrev0-ctr-2bk4z	otelcol_process_runtime_heap_alloc_bytes	87570608
1781200706	snap	3800	otelcol	otelcol-sb-esrev0-ctr-2bk4z	otelcol_exporter_queue_size	91
1781200706	snap	3800	otelcol	otelcol-sb-esrev0-ctr-2bk4z	otelcol_process_memory_rss	256339968
1781200706	snap	3800	otelcol	otelcol-sb-esrev0-ctr-2bk4z	otelcol_receiver_failed_spans	0
1781200706	snap	3800	otelcol	otelcol-sb-esrev0-ctr-2bk4z	otelcol_process_runtime_total_alloc_bytes	1421129600
1781200706	snap	3800	otelcol	otelcol-sb-esrev0-ctr-2bk4z	otelcol_exporter_send_failed_spans	0
1781200706	snap	3800	otelcol	otelcol-sb-esrev0-ctr-2bk4z	otelcol_receiver_refused_spans	10573
1781200706	snap	3800	otelcol	otelcol-sb-esrev0-ctr-2bk4z	otelcol_process_uptime	855
1781200706	snap	3800	otelcol	otelcol-sb-esrev0-ctr-2bk4z	otelcol_processor_incoming_items	1966896
1781200706	snap	3800	otelcol	otelcol-sb-esrev0-ctr-2bk4z	otelcol_process_runtime_total_sys_memory_bytes	154376488
1781200706	snap	3800	otelcol	otelcol-sb-esrev0-ctr-2bk4z	otelcol_processor_outgoing_items	1956323
1781200706	snap	3800	otelcol	otelcol-sb-esrev0-ctr-2bk4z	otelcol_process_cpu_seconds	44
1781200706	snap	3800	otelcol	otelcol-sb-esrev0-ctr-2bk4z	otelcol_exporter_queue_batch_send_size_sum	1956323
1781200706	snap	3800	otelcol	otelcol-sb-esrev0-ctr-2bk4z	otelcol_processor_batch_metadata_cardinality	1
1781200706	snap	3800	otelcol	otelcol-sb-esrev0-ctr-2bk4z	otelcol_processor_batch_timeout_trigger_send	3366
1781200706	snap	3800	otelcol	otelcol-sb-esrev0-ctr-2bk4z	otelcol_receiver_accepted_spans	1956323
1781200706	snap	3800	otelcol	otelcol-sb-esrev0-ctr-2bk4z	otelcol_exporter_sent_spans	1876898
1781200706	snap	3800	otelcol	otelcol-sb-esrev0-ctr-2bk4z	otelcol_exporter_queue_capacity	1001
1781200706	snap	3800	otelcol	otelcol-sb-esrev0-ctr-gcg4j	otelcol_receiver_failed_spans	0
1781200706	snap	3800	otelcol	otelcol-sb-esrev0-ctr-gcg4j	otelcol_processor_batch_timeout_trigger_send	3347
1781200706	snap	3800	otelcol	otelcol-sb-esrev0-ctr-gcg4j	otelcol_exporter_queue_size	33
1781200706	snap	3800	otelcol	otelcol-sb-esrev0-ctr-gcg4j	otelcol_process_runtime_total_sys_memory_bytes	80800024
1781200706	snap	3800	otelcol	otelcol-sb-esrev0-ctr-gcg4j	otelcol_exporter_queue_batch_send_size_sum	343235
1781200706	snap	3800	otelcol	otelcol-sb-esrev0-ctr-gcg4j	otelcol_receiver_accepted_spans	343235
1781200706	snap	3800	otelcol	otelcol-sb-esrev0-ctr-gcg4j	otelcol_process_runtime_total_alloc_bytes	464873384
1781200706	snap	3800	otelcol	otelcol-sb-esrev0-ctr-gcg4j	otelcol_process_memory_rss	217505792
1781200706	snap	3800	otelcol	otelcol-sb-esrev0-ctr-gcg4j	otelcol_process_cpu_seconds	32
1781200706	snap	3800	otelcol	otelcol-sb-esrev0-ctr-gcg4j	otelcol_exporter_queue_capacity	1001
1781200706	snap	3800	otelcol	otelcol-sb-esrev0-ctr-gcg4j	otelcol_processor_incoming_items	343235
1781200706	snap	3800	otelcol	otelcol-sb-esrev0-ctr-gcg4j	otelcol_exporter_send_failed_spans	0
1781200706	snap	3800	otelcol	otelcol-sb-esrev0-ctr-gcg4j	otelcol_receiver_refused_spans	0
1781200706	snap	3800	otelcol	otelcol-sb-esrev0-ctr-gcg4j	otelcol_processor_outgoing_items	343235
1781200706	snap	3800	otelcol	otelcol-sb-esrev0-ctr-gcg4j	otelcol_processor_batch_metadata_cardinality	1
1781200706	snap	3800	otelcol	otelcol-sb-esrev0-ctr-gcg4j	otelcol_processor_batch_batch_send_size_sum	343235
1781200706	snap	3800	otelcol	otelcol-sb-esrev0-ctr-gcg4j	otelcol_process_uptime	852
1781200706	snap	3800	otelcol	otelcol-sb-esrev0-ctr-gcg4j	otelcol_process_runtime_heap_alloc_bytes	35469152
1781200706	snap	3800	otelcol	otelcol-sb-esrev0-ctr-gcg4j	otelcol_exporter_sent_spans	338020
1781200706	snap	3800	otelcol	otelcol-sb-esrev0-ctr-pr5gq	otelcol_receiver_accepted_spans	5893978
1781200706	snap	3800	otelcol	otelcol-sb-esrev0-ctr-pr5gq	otelcol_receiver_failed_spans	0
1781200706	snap	3800	otelcol	otelcol-sb-esrev0-ctr-pr5gq	otelcol_process_uptime	852
1781200706	snap	3800	otelcol	otelcol-sb-esrev0-ctr-pr5gq	otelcol_exporter_queue_batch_send_size_sum	5893978
1781200706	snap	3800	otelcol	otelcol-sb-esrev0-ctr-pr5gq	otelcol_processor_outgoing_items	5893978
1781200706	snap	3800	otelcol	otelcol-sb-esrev0-ctr-pr5gq	otelcol_process_runtime_total_sys_memory_bytes	168393000
1781200706	snap	3800	otelcol	otelcol-sb-esrev0-ctr-pr5gq	otelcol_process_runtime_heap_alloc_bytes	85989328
1781200706	snap	3800	otelcol	otelcol-sb-esrev0-ctr-pr5gq	otelcol_exporter_queue_capacity	1001
1781200706	snap	3800	otelcol	otelcol-sb-esrev0-ctr-pr5gq	otelcol_process_memory_rss	284246016
1781200706	snap	3800	otelcol	otelcol-sb-esrev0-ctr-pr5gq	otelcol_exporter_queue_size	62
1781200706	snap	3800	otelcol	otelcol-sb-esrev0-ctr-pr5gq	otelcol_exporter_send_failed_spans	0
1781200706	snap	3800	otelcol	otelcol-sb-esrev0-ctr-pr5gq	otelcol_receiver_refused_spans	560960
1781200706	snap	3800	otelcol	otelcol-sb-esrev0-ctr-pr5gq	otelcol_process_runtime_total_alloc_bytes	3429918576
1781200706	snap	3800	otelcol	otelcol-sb-esrev0-ctr-pr5gq	otelcol_processor_batch_batch_send_size_sum	5893978
1781200706	snap	3800	otelcol	otelcol-sb-esrev0-ctr-pr5gq	otelcol_process_cpu_seconds	86
1781200706	snap	3800	otelcol	otelcol-sb-esrev0-ctr-pr5gq	otelcol_processor_incoming_items	6454938
1781200706	snap	3800	otelcol	otelcol-sb-esrev0-ctr-pr5gq	otelcol_processor_batch_metadata_cardinality	1
1781200706	snap	3800	otelcol	otelcol-sb-esrev0-ctr-pr5gq	otelcol_processor_batch_timeout_trigger_send	3353
1781200706	snap	3800	otelcol	otelcol-sb-esrev0-ctr-pr5gq	otelcol_exporter_sent_spans	5748935
1781200706	snap	3800	otelcol	otelcol-sb-esrev0-ctr-rbkvt	otelcol_processor_outgoing_items	1854159
1781200706	snap	3800	otelcol	otelcol-sb-esrev0-ctr-rbkvt	otelcol_exporter_send_failed_spans	0
1781200706	snap	3800	otelcol	otelcol-sb-esrev0-ctr-rbkvt	otelcol_receiver_refused_spans	0
1781200706	snap	3800	otelcol	otelcol-sb-esrev0-ctr-rbkvt	otelcol_exporter_queue_size	13
1781200706	snap	3800	otelcol	otelcol-sb-esrev0-ctr-rbkvt	otelcol_exporter_queue_batch_send_size_sum	1854159
1781200706	snap	3800	otelcol	otelcol-sb-esrev0-ctr-rbkvt	otelcol_process_runtime_total_sys_memory_bytes	120240424
1781200706	snap	3800	otelcol	otelcol-sb-esrev0-ctr-rbkvt	otelcol_receiver_failed_spans	0
1781200706	snap	3800	otelcol	otelcol-sb-esrev0-ctr-rbkvt	otelcol_processor_batch_metadata_cardinality	1
1781200706	snap	3800	otelcol	otelcol-sb-esrev0-ctr-rbkvt	otelcol_processor_batch_timeout_trigger_send	3355
1781200706	snap	3800	otelcol	otelcol-sb-esrev0-ctr-rbkvt	otelcol_processor_batch_batch_send_size_sum	1854159
1781200706	snap	3800	otelcol	otelcol-sb-esrev0-ctr-rbkvt	otelcol_receiver_accepted_spans	1854159
1781200706	snap	3800	otelcol	otelcol-sb-esrev0-ctr-rbkvt	otelcol_process_cpu_seconds	45
1781200706	snap	3800	otelcol	otelcol-sb-esrev0-ctr-rbkvt	otelcol_process_uptime	852
1781200706	snap	3800	otelcol	otelcol-sb-esrev0-ctr-rbkvt	otelcol_process_runtime_heap_alloc_bytes	39551328
1781200706	snap	3800	otelcol	otelcol-sb-esrev0-ctr-rbkvt	otelcol_process_memory_rss	254717952
1781200706	snap	3800	otelcol	otelcol-sb-esrev0-ctr-rbkvt	otelcol_exporter_sent_spans	1844059
1781200706	snap	3800	otelcol	otelcol-sb-esrev0-ctr-rbkvt	otelcol_exporter_queue_capacity	1001
1781200706	snap	3800	otelcol	otelcol-sb-esrev0-ctr-rbkvt	otelcol_process_runtime_total_alloc_bytes	1332864568
1781200706	snap	3800	otelcol	otelcol-sb-esrev0-ctr-rbkvt	otelcol_processor_incoming_items	1854159
1781200706	snap	3800	otelcol	otelcol-sb-esrev0-ctr-vnnmt	otelcol_process_cpu_seconds	44
1781200706	snap	3800	otelcol	otelcol-sb-esrev0-ctr-vnnmt	otelcol_exporter_sent_spans	1816735
1781200706	snap	3800	otelcol	otelcol-sb-esrev0-ctr-vnnmt	otelcol_process_runtime_total_alloc_bytes	1353482336
1781200706	snap	3800	otelcol	otelcol-sb-esrev0-ctr-vnnmt	otelcol_processor_outgoing_items	1851845
1781200706	snap	3800	otelcol	otelcol-sb-esrev0-ctr-vnnmt	otelcol_process_runtime_heap_alloc_bytes	79453656
1781200706	snap	3800	otelcol	otelcol-sb-esrev0-ctr-vnnmt	otelcol_exporter_queue_size	40
1781200706	snap	3800	otelcol	otelcol-sb-esrev0-ctr-vnnmt	otelcol_exporter_queue_batch_send_size_sum	1851845
1781200706	snap	3800	otelcol	otelcol-sb-esrev0-ctr-vnnmt	otelcol_processor_batch_batch_send_size_sum	1851845
1781200706	snap	3800	otelcol	otelcol-sb-esrev0-ctr-vnnmt	otelcol_receiver_failed_spans	0
1781200706	snap	3800	otelcol	otelcol-sb-esrev0-ctr-vnnmt	otelcol_process_memory_rss	244703232
1781200706	snap	3800	otelcol	otelcol-sb-esrev0-ctr-vnnmt	otelcol_exporter_send_failed_spans	0
1781200706	snap	3800	otelcol	otelcol-sb-esrev0-ctr-vnnmt	otelcol_receiver_refused_spans	0
1781200706	snap	3800	otelcol	otelcol-sb-esrev0-ctr-vnnmt	otelcol_receiver_accepted_spans	1851845
1781200706	snap	3800	otelcol	otelcol-sb-esrev0-ctr-vnnmt	otelcol_processor_batch_metadata_cardinality	1
1781200706	snap	3800	otelcol	otelcol-sb-esrev0-ctr-vnnmt	otelcol_process_runtime_total_sys_memory_bytes	116508952
1781200706	snap	3800	otelcol	otelcol-sb-esrev0-ctr-vnnmt	otelcol_processor_batch_timeout_trigger_send	3358
1781200706	snap	3800	otelcol	otelcol-sb-esrev0-ctr-vnnmt	otelcol_processor_incoming_items	1851845
1781200706	snap	3800	otelcol	otelcol-sb-esrev0-ctr-vnnmt	otelcol_process_uptime	853
1781200706	snap	3800	otelcol	otelcol-sb-esrev0-ctr-vnnmt	otelcol_exporter_queue_capacity	1001
1781200706	snap	3800	otelcol	otelcol-sb-esrev0-ctr-wht6z	otelcol_exporter_queue_size	42
1781200706	snap	3800	otelcol	otelcol-sb-esrev0-ctr-wht6z	otelcol_process_uptime	851
1781200706	snap	3800	otelcol	otelcol-sb-esrev0-ctr-wht6z	otelcol_receiver_accepted_spans	9965826
1781200706	snap	3800	otelcol	otelcol-sb-esrev0-ctr-wht6z	otelcol_process_runtime_heap_alloc_bytes	118945176
1781200706	snap	3800	otelcol	otelcol-sb-esrev0-ctr-wht6z	otelcol_receiver_failed_spans	0
1781200706	snap	3800	otelcol	otelcol-sb-esrev0-ctr-wht6z	otelcol_process_runtime_total_alloc_bytes	10654650776
1781200706	snap	3800	otelcol	otelcol-sb-esrev0-ctr-wht6z	otelcol_process_memory_rss	320028672
1781200706	snap	3800	otelcol	otelcol-sb-esrev0-ctr-wht6z	otelcol_exporter_queue_capacity	1001
1781200706	snap	3800	otelcol	otelcol-sb-esrev0-ctr-wht6z	otelcol_processor_incoming_items	14017309
1781200706	snap	3800	otelcol	otelcol-sb-esrev0-ctr-wht6z	otelcol_processor_batch_metadata_cardinality	1
1781200706	snap	3800	otelcol	otelcol-sb-esrev0-ctr-wht6z	otelcol_process_cpu_seconds	211
1781200706	snap	3800	otelcol	otelcol-sb-esrev0-ctr-wht6z	otelcol_exporter_send_failed_spans	0
1781200706	snap	3800	otelcol	otelcol-sb-esrev0-ctr-wht6z	otelcol_exporter_sent_spans	9796419
1781200706	snap	3800	otelcol	otelcol-sb-esrev0-ctr-wht6z	otelcol_process_runtime_total_sys_memory_bytes	232835384
1781200706	snap	3800	otelcol	otelcol-sb-esrev0-ctr-wht6z	otelcol_receiver_refused_spans	4051483
1781200706	snap	3800	otelcol	otelcol-sb-esrev0-ctr-wht6z	otelcol_exporter_queue_batch_send_size_sum	9965826
1781200706	snap	3800	otelcol	otelcol-sb-esrev0-ctr-wht6z	otelcol_processor_batch_timeout_trigger_send	2635
1781200706	snap	3800	otelcol	otelcol-sb-esrev0-ctr-wht6z	otelcol_processor_batch_batch_size_trigger_send	25
1781200706	snap	3800	otelcol	otelcol-sb-esrev0-ctr-wht6z	otelcol_processor_batch_batch_send_size_sum	9965826
1781200706	snap	3800	otelcol	otelcol-sb-esrev0-ctr-wht6z	otelcol_processor_outgoing_items	9965826
1781200706	snap	3800	k8s	otelcol-sb-esrev0-ctr-2bk4z	restart_count	0
1781200706	snap	3800	k8s	otelcol-sb-esrev0-ctr-gcg4j	restart_count	0
1781200706	snap	3800	k8s	otelcol-sb-esrev0-ctr-glxdm	restart_count	0
1781200706	snap	3800	k8s	otelcol-sb-esrev0-ctr-mrm6k	restart_count	0
1781200706	snap	3800	k8s	otelcol-sb-esrev0-ctr-pr5gq	restart_count	0
1781200706	snap	3800	k8s	otelcol-sb-esrev0-ctr-rbkvt	restart_count	0
1781200706	snap	3800	k8s	otelcol-sb-esrev0-ctr-rdtzq	restart_count	0
1781200706	snap	3800	k8s	otelcol-sb-esrev0-ctr-vnnmt	restart_count	0
1781200706	snap	3800	k8s	otelcol-sb-esrev0-ctr-wht6z	restart_count	0
1781200706	snap	3800	sdk	wrk2api	spans_received	345240
1781200706	snap	3800	sdk	wrk2api	spans_sent	325149
1781200706	snap	3800	sdk	wrk2api	spans_dropped	20091
1781200706	snap	3800	sdk	wrk2api	spans_flushed	345240
1781200706	snap	3800	sdk	wrk2api	batches_sent	12702
1781200706	snap	3800	sdk	wrk2api	batches_dropped	555
1781200706	snap	3800	sdk	wrk2api	send_unavailable	555
1781200706	snap	3800	sdk	wrk2api	send_deadline	0
1781200706	snap	3800	sdk	wrk2api	send_exhausted	0
1781200706	snap	3800	sdk	wrk2api	send_canceled	0
1781200706	snap	3800	sdk	wrk2api	send_other	0
1781200706	snap	3800	sdk	wrk2api	buffer_depth	0
0
1781200706	snap	3800	sdk	composepost	spans_received	12068855
1781200706	snap	3800	sdk	composepost	spans_sent	8056577
1781200706	snap	3800	sdk	composepost	spans_dropped	4012278
1781200706	snap	3800	sdk	composepost	spans_flushed	12068855
1781200706	snap	3800	sdk	composepost	batches_sent	39107
1781200706	snap	3800	sdk	composepost	batches_dropped	12586
1781200706	snap	3800	sdk	composepost	send_unavailable	5953
1781200706	snap	3800	sdk	composepost	send_deadline	6633
1781200706	snap	3800	sdk	composepost	send_exhausted	0
1781200706	snap	3800	sdk	composepost	send_canceled	0
1781200706	snap	3800	sdk	composepost	send_other	0
1781200706	snap	3800	sdk	composepost	buffer_depth	0
0
1781200706	snap	3800	sdk	hometimeline	spans_received	3017198
1781200706	snap	3800	sdk	hometimeline	spans_sent	1692738
1781200706	snap	3800	sdk	hometimeline	spans_dropped	1324460
1781200706	snap	3800	sdk	hometimeline	spans_flushed	3017198
1781200706	snap	3800	sdk	hometimeline	batches_sent	8782
1781200706	snap	3800	sdk	hometimeline	batches_dropped	4215
1781200706	snap	3800	sdk	hometimeline	send_unavailable	3974
1781200706	snap	3800	sdk	hometimeline	send_deadline	241
1781200706	snap	3800	sdk	hometimeline	send_exhausted	0
1781200706	snap	3800	sdk	hometimeline	send_canceled	0
1781200706	snap	3800	sdk	hometimeline	send_other	0
1781200706	snap	3800	sdk	hometimeline	buffer_depth	0
0
1781200706	snap	3800	sdk	media	spans_received	1508608
1781200706	snap	3800	sdk	media	spans_sent	1508608
1781200706	snap	3800	sdk	media	spans_dropped	0
1781200706	snap	3800	sdk	media	spans_flushed	1508608
1781200706	snap	3800	sdk	media	batches_sent	6452
1781200706	snap	3800	sdk	media	batches_dropped	0
1781200706	snap	3800	sdk	media	send_unavailable	0
1781200706	snap	3800	sdk	media	send_deadline	0
1781200706	snap	3800	sdk	media	send_exhausted	0
1781200706	snap	3800	sdk	media	send_canceled	0
1781200706	snap	3800	sdk	media	send_other	0
1781200706	snap	3800	sdk	media	buffer_depth	0
0
1781200706	snap	3800	sdk	post-storage	spans_received	1508599
1781200706	snap	3800	sdk	post-storage	spans_sent	1508599
1781200706	snap	3800	sdk	post-storage	spans_dropped	0
1781200706	snap	3800	sdk	post-storage	spans_flushed	1508599
1781200706	snap	3800	sdk	post-storage	batches_sent	6455
1781200706	snap	3800	sdk	post-storage	batches_dropped	0
1781200706	snap	3800	sdk	post-storage	send_unavailable	0
1781200706	snap	3800	sdk	post-storage	send_deadline	0
1781200706	snap	3800	sdk	post-storage	send_exhausted	0
1781200706	snap	3800	sdk	post-storage	send_canceled	0
1781200706	snap	3800	sdk	post-storage	send_other	0
1781200706	snap	3800	sdk	post-storage	buffer_depth	0
0
1781200706	snap	3800	sdk	socialgraph	spans_received	1622433
1781200706	snap	3800	sdk	socialgraph	spans_sent	1622433
1781200706	snap	3800	sdk	socialgraph	spans_dropped	0
1781200706	snap	3800	sdk	socialgraph	spans_flushed	1622433
1781200706	snap	3800	sdk	socialgraph	batches_sent	6917
1781200706	snap	3800	sdk	socialgraph	batches_dropped	0
1781200706	snap	3800	sdk	socialgraph	send_unavailable	0
1781200706	snap	3800	sdk	socialgraph	send_deadline	0
1781200706	snap	3800	sdk	socialgraph	send_exhausted	0
1781200706	snap	3800	sdk	socialgraph	send_canceled	0
1781200706	snap	3800	sdk	socialgraph	send_other	0
1781200706	snap	3800	sdk	socialgraph	buffer_depth	0
0
1781200706	snap	3800	sdk	text	spans_received	4525842
1781200706	snap	3800	sdk	text	spans_sent	3984973
1781200706	snap	3800	sdk	text	spans_dropped	540869
1781200706	snap	3800	sdk	text	spans_flushed	4525842
1781200706	snap	3800	sdk	text	batches_sent	17639
1781200706	snap	3800	sdk	text	batches_dropped	1710
1781200706	snap	3800	sdk	text	send_unavailable	1710
1781200706	snap	3800	sdk	text	send_deadline	0
1781200706	snap	3800	sdk	text	send_exhausted	0
1781200706	snap	3800	sdk	text	send_canceled	0
1781200706	snap	3800	sdk	text	send_other	0
1781200706	snap	3800	sdk	text	buffer_depth	0
0
1781200706	snap	3800	sdk	uniqueid	spans_received	1508608
1781200706	snap	3800	sdk	uniqueid	spans_sent	1488015
1781200706	snap	3800	sdk	uniqueid	spans_dropped	20593
1781200706	snap	3800	sdk	uniqueid	spans_flushed	1508608
1781200706	snap	3800	sdk	uniqueid	batches_sent	6381
1781200706	snap	3800	sdk	uniqueid	batches_dropped	65
1781200706	snap	3800	sdk	uniqueid	send_unavailable	65
1781200706	snap	3800	sdk	uniqueid	send_deadline	0
1781200706	snap	3800	sdk	uniqueid	send_exhausted	0
1781200706	snap	3800	sdk	uniqueid	send_canceled	0
1781200706	snap	3800	sdk	uniqueid	send_other	0
1781200706	snap	3800	sdk	uniqueid	buffer_depth	0
0
1781200706	snap	3800	sdk	urlshorten	spans_received	1508608
1781200706	snap	3800	sdk	urlshorten	spans_sent	1508608
1781200706	snap	3800	sdk	urlshorten	spans_dropped	0
1781200706	snap	3800	sdk	urlshorten	spans_flushed	1508608
1781200706	snap	3800	sdk	urlshorten	batches_sent	6449
1781200706	snap	3800	sdk	urlshorten	batches_dropped	0
1781200706	snap	3800	sdk	urlshorten	send_unavailable	0
1781200706	snap	3800	sdk	urlshorten	send_deadline	0
1781200706	snap	3800	sdk	urlshorten	send_exhausted	0
1781200706	snap	3800	sdk	urlshorten	send_canceled	0
1781200706	snap	3800	sdk	urlshorten	send_other	0
1781200706	snap	3800	sdk	urlshorten	buffer_depth	0
0
1781200706	snap	3800	sdk	user	spans_received	1510532
1781200706	snap	3800	sdk	user	spans_sent	1510532
1781200706	snap	3800	sdk	user	spans_dropped	0
1781200706	snap	3800	sdk	user	spans_flushed	1510532
1781200706	snap	3800	sdk	user	batches_sent	6448
1781200706	snap	3800	sdk	user	batches_dropped	0
1781200706	snap	3800	sdk	user	send_unavailable	0
1781200706	snap	3800	sdk	user	send_deadline	0
1781200706	snap	3800	sdk	user	send_exhausted	0
1781200706	snap	3800	sdk	user	send_canceled	0
1781200706	snap	3800	sdk	user	send_other	0
1781200706	snap	3800	sdk	user	buffer_depth	0
0
1781200706	snap	3800	sdk	userid	spans_received	75248
1781200706	snap	3800	sdk	userid	spans_sent	75248
1781200706	snap	3800	sdk	userid	spans_dropped	0
1781200706	snap	3800	sdk	userid	spans_flushed	75248
1781200706	snap	3800	sdk	userid	batches_sent	245
1781200706	snap	3800	sdk	userid	batches_dropped	0
1781200706	snap	3800	sdk	userid	send_unavailable	0
1781200706	snap	3800	sdk	userid	send_deadline	0
1781200706	snap	3800	sdk	userid	send_exhausted	0
1781200706	snap	3800	sdk	userid	send_canceled	0
1781200706	snap	3800	sdk	userid	send_other	0
1781200706	snap	3800	sdk	userid	buffer_depth	0
0
1781200706	snap	3800	sdk	usermention	spans_received	1508608
1781200706	snap	3800	sdk	usermention	spans_sent	1488029
1781200706	snap	3800	sdk	usermention	spans_dropped	20579
1781200706	snap	3800	sdk	usermention	spans_flushed	1508608
1781200706	snap	3800	sdk	usermention	batches_sent	6375
1781200706	snap	3800	sdk	usermention	batches_dropped	65
1781200706	snap	3800	sdk	usermention	send_unavailable	65
1781200706	snap	3800	sdk	usermention	send_deadline	0
1781200706	snap	3800	sdk	usermention	send_exhausted	0
1781200706	snap	3800	sdk	usermention	send_canceled	0
1781200706	snap	3800	sdk	usermention	send_other	0
1781200706	snap	3800	sdk	usermention	buffer_depth	0
0
1781200706	snap	3800	sdk	usertimeline	spans_received	1508599
1781200706	snap	3800	sdk	usertimeline	spans_sent	1508599
1781200706	snap	3800	sdk	usertimeline	spans_dropped	0
1781200706	snap	3800	sdk	usertimeline	spans_flushed	1508599
1781200706	snap	3800	sdk	usertimeline	batches_sent	6412
1781200706	snap	3800	sdk	usertimeline	batches_dropped	0
1781200706	snap	3800	sdk	usertimeline	send_unavailable	0
1781200706	snap	3800	sdk	usertimeline	send_deadline	0
1781200706	snap	3800	sdk	usertimeline	send_exhausted	0
1781200706	snap	3800	sdk	usertimeline	send_canceled	0
1781200706	snap	3800	sdk	usertimeline	send_other	0
1781200706	snap	3800	sdk	usertimeline	buffer_depth	0
0
1781200773	snap	3800	otelcol	otelcol-sb-esrev0-ctr-mrm6k	otelcol_exporter_queue_size	89
1781200773	snap	3800	otelcol	otelcol-sb-esrev0-ctr-mrm6k	otelcol_processor_batch_batch_send_size_sum	2111191
1781200773	snap	3800	otelcol	otelcol-sb-esrev0-ctr-mrm6k	otelcol_process_runtime_heap_alloc_bytes	124738200
1781200773	snap	3800	otelcol	otelcol-sb-esrev0-ctr-mrm6k	otelcol_exporter_queue_batch_send_size_sum	2111191
1781200773	snap	3800	otelcol	otelcol-sb-esrev0-ctr-mrm6k	otelcol_process_uptime	920
1781200773	snap	3800	otelcol	otelcol-sb-esrev0-ctr-mrm6k	otelcol_processor_outgoing_items	2111191
1781200773	snap	3800	otelcol	otelcol-sb-esrev0-ctr-mrm6k	otelcol_process_runtime_total_alloc_bytes	1511706752
1781200773	snap	3800	otelcol	otelcol-sb-esrev0-ctr-mrm6k	otelcol_process_memory_rss	304128000
1781200773	snap	3800	otelcol	otelcol-sb-esrev0-ctr-mrm6k	otelcol_process_cpu_seconds	54
1781200773	snap	3800	otelcol	otelcol-sb-esrev0-ctr-mrm6k	otelcol_exporter_send_failed_spans	0
1781200773	snap	3800	otelcol	otelcol-sb-esrev0-ctr-mrm6k	otelcol_receiver_accepted_spans	2111191
1781200773	snap	3800	otelcol	otelcol-sb-esrev0-ctr-mrm6k	otelcol_processor_batch_metadata_cardinality	1
1781200773	snap	3800	otelcol	otelcol-sb-esrev0-ctr-mrm6k	otelcol_receiver_refused_spans	13210
1781200773	snap	3800	otelcol	otelcol-sb-esrev0-ctr-mrm6k	otelcol_receiver_failed_spans	0
1781200773	snap	3800	otelcol	otelcol-sb-esrev0-ctr-mrm6k	otelcol_processor_batch_timeout_trigger_send	3652
1781200773	snap	3800	otelcol	otelcol-sb-esrev0-ctr-mrm6k	otelcol_process_runtime_total_sys_memory_bytes	167270696
1781200773	snap	3800	otelcol	otelcol-sb-esrev0-ctr-mrm6k	otelcol_exporter_queue_capacity	1001
1781200773	snap	3800	otelcol	otelcol-sb-esrev0-ctr-mrm6k	otelcol_processor_incoming_items	2124401
1781200773	snap	3800	otelcol	otelcol-sb-esrev0-ctr-mrm6k	otelcol_exporter_sent_spans	2035334
1781200773	snap	3800	otelcol	otelcol-sb-esrev0-ctr-rdtzq	otelcol_process_runtime_total_sys_memory_bytes	179951912
1781200773	snap	3800	otelcol	otelcol-sb-esrev0-ctr-rdtzq	otelcol_process_memory_rss	310022144
1781200773	snap	3800	otelcol	otelcol-sb-esrev0-ctr-rdtzq	otelcol_exporter_queue_capacity	1001
1781200773	snap	3800	otelcol	otelcol-sb-esrev0-ctr-rdtzq	otelcol_process_cpu_seconds	51
1781200773	snap	3800	otelcol	otelcol-sb-esrev0-ctr-rdtzq	otelcol_processor_incoming_items	2124646
1781200773	snap	3800	otelcol	otelcol-sb-esrev0-ctr-rdtzq	otelcol_exporter_queue_batch_send_size_sum	2099456
1781200773	snap	3800	otelcol	otelcol-sb-esrev0-ctr-rdtzq	otelcol_exporter_send_failed_spans	0
1781200773	snap	3800	otelcol	otelcol-sb-esrev0-ctr-rdtzq	otelcol_receiver_refused_spans	25190
1781200773	snap	3800	otelcol	otelcol-sb-esrev0-ctr-rdtzq	otelcol_exporter_sent_spans	2012293
1781200773	snap	3800	otelcol	otelcol-sb-esrev0-ctr-rdtzq	otelcol_process_runtime_total_alloc_bytes	1518566912
1781200773	snap	3800	otelcol	otelcol-sb-esrev0-ctr-rdtzq	otelcol_process_runtime_heap_alloc_bytes	84431912
1781200773	snap	3800	otelcol	otelcol-sb-esrev0-ctr-rdtzq	otelcol_processor_outgoing_items	2099456
1781200773	snap	3800	otelcol	otelcol-sb-esrev0-ctr-rdtzq	otelcol_process_uptime	920
1781200773	snap	3800	otelcol	otelcol-sb-esrev0-ctr-rdtzq	otelcol_receiver_failed_spans	0
1781200773	snap	3800	otelcol	otelcol-sb-esrev0-ctr-rdtzq	otelcol_processor_batch_metadata_cardinality	1
1781200773	snap	3800	otelcol	otelcol-sb-esrev0-ctr-rdtzq	otelcol_receiver_accepted_spans	2099456
1781200773	snap	3800	otelcol	otelcol-sb-esrev0-ctr-rdtzq	otelcol_processor_batch_timeout_trigger_send	3643
1781200773	snap	3800	otelcol	otelcol-sb-esrev0-ctr-rdtzq	otelcol_processor_batch_batch_send_size_sum	2099456
1781200773	snap	3800	otelcol	otelcol-sb-esrev0-ctr-rdtzq	otelcol_exporter_queue_size	101
1781200773	snap	3800	otelcol	otelcol-sb-esrev0-ctr-glxdm	otelcol_receiver_failed_spans	0
1781200773	snap	3800	otelcol	otelcol-sb-esrev0-ctr-glxdm	otelcol_process_uptime	920
1781200773	snap	3800	otelcol	otelcol-sb-esrev0-ctr-glxdm	otelcol_exporter_queue_capacity	1001
1781200773	snap	3800	otelcol	otelcol-sb-esrev0-ctr-glxdm	otelcol_processor_batch_metadata_cardinality	1
1781200773	snap	3800	otelcol	otelcol-sb-esrev0-ctr-glxdm	otelcol_process_runtime_heap_alloc_bytes	93758376
1781200773	snap	3800	otelcol	otelcol-sb-esrev0-ctr-glxdm	otelcol_exporter_send_failed_spans	0
1781200773	snap	3800	otelcol	otelcol-sb-esrev0-ctr-glxdm	otelcol_processor_incoming_items	3855581
1781200773	snap	3800	otelcol	otelcol-sb-esrev0-ctr-glxdm	otelcol_process_cpu_seconds	74
1781200773	snap	3800	otelcol	otelcol-sb-esrev0-ctr-glxdm	otelcol_exporter_sent_spans	3621583
1781200773	snap	3800	otelcol	otelcol-sb-esrev0-ctr-glxdm	otelcol_receiver_refused_spans	70245
1781200773	snap	3800	otelcol	otelcol-sb-esrev0-ctr-glxdm	otelcol_processor_batch_timeout_trigger_send	3623
1781200773	snap	3800	otelcol	otelcol-sb-esrev0-ctr-glxdm	otelcol_processor_batch_batch_send_size_sum	3785336
1781200773	snap	3800	otelcol	otelcol-sb-esrev0-ctr-glxdm	otelcol_process_runtime_total_alloc_bytes	2511677576
1781200773	snap	3800	otelcol	otelcol-sb-esrev0-ctr-glxdm	otelcol_process_memory_rss	298778624
1781200773	snap	3800	otelcol	otelcol-sb-esrev0-ctr-glxdm	otelcol_exporter_queue_batch_send_size_sum	3785336
1781200773	snap	3800	otelcol	otelcol-sb-esrev0-ctr-glxdm	otelcol_process_runtime_total_sys_memory_bytes	188852536
1781200773	snap	3800	otelcol	otelcol-sb-esrev0-ctr-glxdm	otelcol_receiver_accepted_spans	3785336
1781200773	snap	3800	otelcol	otelcol-sb-esrev0-ctr-glxdm	otelcol_processor_outgoing_items	3785336
1781200773	snap	3800	otelcol	otelcol-sb-esrev0-ctr-glxdm	otelcol_exporter_queue_size	102
1781200773	snap	3800	otelcol	otelcol-sb-esrev0-ctr-2bk4z	otelcol_processor_batch_batch_send_size_sum	2221517
1781200773	snap	3800	otelcol	otelcol-sb-esrev0-ctr-2bk4z	otelcol_process_runtime_heap_alloc_bytes	112038312
1781200773	snap	3800	otelcol	otelcol-sb-esrev0-ctr-2bk4z	otelcol_exporter_queue_size	117
1781200773	snap	3800	otelcol	otelcol-sb-esrev0-ctr-2bk4z	otelcol_process_memory_rss	286547968
1781200773	snap	3800	otelcol	otelcol-sb-esrev0-ctr-2bk4z	otelcol_receiver_failed_spans	0
1781200773	snap	3800	otelcol	otelcol-sb-esrev0-ctr-2bk4z	otelcol_process_runtime_total_alloc_bytes	1581884760
1781200773	snap	3800	otelcol	otelcol-sb-esrev0-ctr-2bk4z	otelcol_exporter_send_failed_spans	0
1781200773	snap	3800	otelcol	otelcol-sb-esrev0-ctr-2bk4z	otelcol_receiver_refused_spans	17793
1781200773	snap	3800	otelcol	otelcol-sb-esrev0-ctr-2bk4z	otelcol_process_uptime	922
1781200773	snap	3800	otelcol	otelcol-sb-esrev0-ctr-2bk4z	otelcol_processor_incoming_items	2239310
1781200773	snap	3800	otelcol	otelcol-sb-esrev0-ctr-2bk4z	otelcol_process_runtime_total_sys_memory_bytes	155179304
1781200773	snap	3800	otelcol	otelcol-sb-esrev0-ctr-2bk4z	otelcol_processor_outgoing_items	2221517
1781200773	snap	3800	otelcol	otelcol-sb-esrev0-ctr-2bk4z	otelcol_process_cpu_seconds	49
1781200773	snap	3800	otelcol	otelcol-sb-esrev0-ctr-2bk4z	otelcol_exporter_queue_batch_send_size_sum	2221517
1781200773	snap	3800	otelcol	otelcol-sb-esrev0-ctr-2bk4z	otelcol_processor_batch_metadata_cardinality	1
1781200773	snap	3800	otelcol	otelcol-sb-esrev0-ctr-2bk4z	otelcol_processor_batch_timeout_trigger_send	3666
1781200773	snap	3800	otelcol	otelcol-sb-esrev0-ctr-2bk4z	otelcol_receiver_accepted_spans	2221517
1781200773	snap	3800	otelcol	otelcol-sb-esrev0-ctr-2bk4z	otelcol_exporter_sent_spans	2119155
1781200773	snap	3800	otelcol	otelcol-sb-esrev0-ctr-2bk4z	otelcol_exporter_queue_capacity	1001
1781200773	snap	3800	otelcol	otelcol-sb-esrev0-ctr-gcg4j	otelcol_receiver_failed_spans	0
1781200773	snap	3800	otelcol	otelcol-sb-esrev0-ctr-gcg4j	otelcol_processor_batch_timeout_trigger_send	3647
1781200773	snap	3800	otelcol	otelcol-sb-esrev0-ctr-gcg4j	otelcol_exporter_queue_size	31
1781200773	snap	3800	otelcol	otelcol-sb-esrev0-ctr-gcg4j	otelcol_process_runtime_total_sys_memory_bytes	84994328
1781200773	snap	3800	otelcol	otelcol-sb-esrev0-ctr-gcg4j	otelcol_exporter_queue_batch_send_size_sum	392561
1781200773	snap	3800	otelcol	otelcol-sb-esrev0-ctr-gcg4j	otelcol_receiver_accepted_spans	392561
1781200773	snap	3800	otelcol	otelcol-sb-esrev0-ctr-gcg4j	otelcol_process_runtime_total_alloc_bytes	515106664
1781200773	snap	3800	otelcol	otelcol-sb-esrev0-ctr-gcg4j	otelcol_process_memory_rss	215879680
1781200773	snap	3800	otelcol	otelcol-sb-esrev0-ctr-gcg4j	otelcol_process_cpu_seconds	35
1781200773	snap	3800	otelcol	otelcol-sb-esrev0-ctr-gcg4j	otelcol_exporter_queue_capacity	1001
1781200773	snap	3800	otelcol	otelcol-sb-esrev0-ctr-gcg4j	otelcol_processor_incoming_items	392561
1781200773	snap	3800	otelcol	otelcol-sb-esrev0-ctr-gcg4j	otelcol_exporter_send_failed_spans	0
1781200773	snap	3800	otelcol	otelcol-sb-esrev0-ctr-gcg4j	otelcol_receiver_refused_spans	0
1781200773	snap	3800	otelcol	otelcol-sb-esrev0-ctr-gcg4j	otelcol_processor_outgoing_items	392561
1781200773	snap	3800	otelcol	otelcol-sb-esrev0-ctr-gcg4j	otelcol_processor_batch_metadata_cardinality	1
1781200773	snap	3800	otelcol	otelcol-sb-esrev0-ctr-gcg4j	otelcol_processor_batch_batch_send_size_sum	392561
1781200773	snap	3800	otelcol	otelcol-sb-esrev0-ctr-gcg4j	otelcol_process_uptime	919
1781200773	snap	3800	otelcol	otelcol-sb-esrev0-ctr-gcg4j	otelcol_process_runtime_heap_alloc_bytes	36172648
1781200773	snap	3800	otelcol	otelcol-sb-esrev0-ctr-gcg4j	otelcol_exporter_sent_spans	387261
1781200773	snap	3800	otelcol	otelcol-sb-esrev0-ctr-pr5gq	otelcol_receiver_accepted_spans	6311893
1781200773	snap	3800	otelcol	otelcol-sb-esrev0-ctr-pr5gq	otelcol_receiver_failed_spans	0
1781200773	snap	3800	otelcol	otelcol-sb-esrev0-ctr-pr5gq	otelcol_process_uptime	919
1781200773	snap	3800	otelcol	otelcol-sb-esrev0-ctr-pr5gq	otelcol_exporter_queue_batch_send_size_sum	6311893
1781200773	snap	3800	otelcol	otelcol-sb-esrev0-ctr-pr5gq	otelcol_processor_outgoing_items	6311893
1781200773	snap	3800	otelcol	otelcol-sb-esrev0-ctr-pr5gq	otelcol_process_runtime_total_sys_memory_bytes	198678824
1781200773	snap	3800	otelcol	otelcol-sb-esrev0-ctr-pr5gq	otelcol_process_runtime_heap_alloc_bytes	82681824
1781200773	snap	3800	otelcol	otelcol-sb-esrev0-ctr-pr5gq	otelcol_exporter_queue_capacity	1001
1781200773	snap	3800	otelcol	otelcol-sb-esrev0-ctr-pr5gq	otelcol_process_memory_rss	320610304
1781200773	snap	3800	otelcol	otelcol-sb-esrev0-ctr-pr5gq	otelcol_exporter_queue_size	92
1781200773	snap	3800	otelcol	otelcol-sb-esrev0-ctr-pr5gq	otelcol_exporter_send_failed_spans	0
1781200773	snap	3800	otelcol	otelcol-sb-esrev0-ctr-pr5gq	otelcol_receiver_refused_spans	1083511
1781200773	snap	3800	otelcol	otelcol-sb-esrev0-ctr-pr5gq	otelcol_process_runtime_total_alloc_bytes	3854644936
1781200773	snap	3800	otelcol	otelcol-sb-esrev0-ctr-pr5gq	otelcol_processor_batch_batch_send_size_sum	6311893
1781200773	snap	3800	otelcol	otelcol-sb-esrev0-ctr-pr5gq	otelcol_process_cpu_seconds	95
1781200773	snap	3800	otelcol	otelcol-sb-esrev0-ctr-pr5gq	otelcol_processor_incoming_items	7395404
1781200773	snap	3800	otelcol	otelcol-sb-esrev0-ctr-pr5gq	otelcol_processor_batch_metadata_cardinality	1
1781200773	snap	3800	otelcol	otelcol-sb-esrev0-ctr-pr5gq	otelcol_processor_batch_timeout_trigger_send	3621
1781200773	snap	3800	otelcol	otelcol-sb-esrev0-ctr-pr5gq	otelcol_exporter_sent_spans	6188068
1781200773	snap	3800	otelcol	otelcol-sb-esrev0-ctr-rbkvt	otelcol_processor_outgoing_items	2126159
1781200773	snap	3800	otelcol	otelcol-sb-esrev0-ctr-rbkvt	otelcol_exporter_send_failed_spans	0
1781200773	snap	3800	otelcol	otelcol-sb-esrev0-ctr-rbkvt	otelcol_receiver_refused_spans	456
1781200773	snap	3800	otelcol	otelcol-sb-esrev0-ctr-rbkvt	otelcol_exporter_queue_size	61
1781200773	snap	3800	otelcol	otelcol-sb-esrev0-ctr-rbkvt	otelcol_exporter_queue_batch_send_size_sum	2126159
1781200773	snap	3800	otelcol	otelcol-sb-esrev0-ctr-rbkvt	otelcol_process_runtime_total_sys_memory_bytes	129022248
1781200773	snap	3800	otelcol	otelcol-sb-esrev0-ctr-rbkvt	otelcol_receiver_failed_spans	0
1781200773	snap	3800	otelcol	otelcol-sb-esrev0-ctr-rbkvt	otelcol_processor_batch_metadata_cardinality	1
1781200773	snap	3800	otelcol	otelcol-sb-esrev0-ctr-rbkvt	otelcol_processor_batch_timeout_trigger_send	3655
1781200773	snap	3800	otelcol	otelcol-sb-esrev0-ctr-rbkvt	otelcol_processor_batch_batch_send_size_sum	2126159
1781200773	snap	3800	otelcol	otelcol-sb-esrev0-ctr-rbkvt	otelcol_receiver_accepted_spans	2126159
1781200773	snap	3800	otelcol	otelcol-sb-esrev0-ctr-rbkvt	otelcol_process_cpu_seconds	50
1781200773	snap	3800	otelcol	otelcol-sb-esrev0-ctr-rbkvt	otelcol_process_uptime	920
1781200773	snap	3800	otelcol	otelcol-sb-esrev0-ctr-rbkvt	otelcol_process_runtime_heap_alloc_bytes	60604272
1781200773	snap	3800	otelcol	otelcol-sb-esrev0-ctr-rbkvt	otelcol_process_memory_rss	262942720
1781200773	snap	3800	otelcol	otelcol-sb-esrev0-ctr-rbkvt	otelcol_exporter_sent_spans	2071374
1781200773	snap	3800	otelcol	otelcol-sb-esrev0-ctr-rbkvt	otelcol_exporter_queue_capacity	1001
1781200773	snap	3800	otelcol	otelcol-sb-esrev0-ctr-rbkvt	otelcol_process_runtime_total_alloc_bytes	1492269360
1781200773	snap	3800	otelcol	otelcol-sb-esrev0-ctr-rbkvt	otelcol_processor_incoming_items	2126615
1781200773	snap	3800	otelcol	otelcol-sb-esrev0-ctr-vnnmt	otelcol_process_cpu_seconds	49
1781200773	snap	3800	otelcol	otelcol-sb-esrev0-ctr-vnnmt	otelcol_exporter_sent_spans	2117203
1781200773	snap	3800	otelcol	otelcol-sb-esrev0-ctr-vnnmt	otelcol_process_runtime_total_alloc_bytes	1538968736
1781200773	snap	3800	otelcol	otelcol-sb-esrev0-ctr-vnnmt	otelcol_processor_outgoing_items	2124241
1781200773	snap	3800	otelcol	otelcol-sb-esrev0-ctr-vnnmt	otelcol_process_runtime_heap_alloc_bytes	60970712
1781200773	snap	3800	otelcol	otelcol-sb-esrev0-ctr-vnnmt	otelcol_exporter_queue_size	8
1781200773	snap	3800	otelcol	otelcol-sb-esrev0-ctr-vnnmt	otelcol_exporter_queue_batch_send_size_sum	2124241
1781200773	snap	3800	otelcol	otelcol-sb-esrev0-ctr-vnnmt	otelcol_processor_batch_batch_send_size_sum	2124241
1781200773	snap	3800	otelcol	otelcol-sb-esrev0-ctr-vnnmt	otelcol_receiver_failed_spans	0
1781200773	snap	3800	otelcol	otelcol-sb-esrev0-ctr-vnnmt	otelcol_process_memory_rss	259379200
1781200773	snap	3800	otelcol	otelcol-sb-esrev0-ctr-vnnmt	otelcol_exporter_send_failed_spans	0
1781200773	snap	3800	otelcol	otelcol-sb-esrev0-ctr-vnnmt	otelcol_receiver_refused_spans	74
1781200773	snap	3800	otelcol	otelcol-sb-esrev0-ctr-vnnmt	otelcol_receiver_accepted_spans	2124241
1781200773	snap	3800	otelcol	otelcol-sb-esrev0-ctr-vnnmt	otelcol_processor_batch_metadata_cardinality	1
1781200773	snap	3800	otelcol	otelcol-sb-esrev0-ctr-vnnmt	otelcol_process_runtime_total_sys_memory_bytes	125315352
1781200773	snap	3800	otelcol	otelcol-sb-esrev0-ctr-vnnmt	otelcol_processor_batch_timeout_trigger_send	3659
1781200773	snap	3800	otelcol	otelcol-sb-esrev0-ctr-vnnmt	otelcol_processor_incoming_items	2124315
1781200773	snap	3800	otelcol	otelcol-sb-esrev0-ctr-vnnmt	otelcol_process_uptime	920
1781200773	snap	3800	otelcol	otelcol-sb-esrev0-ctr-vnnmt	otelcol_exporter_queue_capacity	1001
1781200773	snap	3800	otelcol	otelcol-sb-esrev0-ctr-wht6z	otelcol_exporter_queue_size	30
1781200773	snap	3800	otelcol	otelcol-sb-esrev0-ctr-wht6z	otelcol_process_uptime	919
1781200773	snap	3800	otelcol	otelcol-sb-esrev0-ctr-wht6z	otelcol_receiver_accepted_spans	10209837
1781200773	snap	3800	otelcol	otelcol-sb-esrev0-ctr-wht6z	otelcol_process_runtime_heap_alloc_bytes	124926648
1781200773	snap	3800	otelcol	otelcol-sb-esrev0-ctr-wht6z	otelcol_receiver_failed_spans	0
1781200773	snap	3800	otelcol	otelcol-sb-esrev0-ctr-wht6z	otelcol_process_runtime_total_alloc_bytes	12118445864
1781200773	snap	3800	otelcol	otelcol-sb-esrev0-ctr-wht6z	otelcol_process_memory_rss	322433024
1781200773	snap	3800	otelcol	otelcol-sb-esrev0-ctr-wht6z	otelcol_exporter_queue_capacity	1001
1781200773	snap	3800	otelcol	otelcol-sb-esrev0-ctr-wht6z	otelcol_processor_incoming_items	15808082
1781200773	snap	3800	otelcol	otelcol-sb-esrev0-ctr-wht6z	otelcol_processor_batch_metadata_cardinality	1
1781200773	snap	3800	otelcol	otelcol-sb-esrev0-ctr-wht6z	otelcol_process_cpu_seconds	240
1781200773	snap	3800	otelcol	otelcol-sb-esrev0-ctr-wht6z	otelcol_exporter_send_failed_spans	0
1781200773	snap	3800	otelcol	otelcol-sb-esrev0-ctr-wht6z	otelcol_exporter_sent_spans	10096725
1781200773	snap	3800	otelcol	otelcol-sb-esrev0-ctr-wht6z	otelcol_process_runtime_total_sys_memory_bytes	232835384
1781200773	snap	3800	otelcol	otelcol-sb-esrev0-ctr-wht6z	otelcol_receiver_refused_spans	5598245
1781200773	snap	3800	otelcol	otelcol-sb-esrev0-ctr-wht6z	otelcol_exporter_queue_batch_send_size_sum	10209837
1781200773	snap	3800	otelcol	otelcol-sb-esrev0-ctr-wht6z	otelcol_processor_batch_timeout_trigger_send	2693
1781200773	snap	3800	otelcol	otelcol-sb-esrev0-ctr-wht6z	otelcol_processor_batch_batch_size_trigger_send	26
1781200773	snap	3800	otelcol	otelcol-sb-esrev0-ctr-wht6z	otelcol_processor_batch_batch_send_size_sum	10209837
1781200773	snap	3800	otelcol	otelcol-sb-esrev0-ctr-wht6z	otelcol_processor_outgoing_items	10209837
1781200773	snap	3800	k8s	otelcol-sb-esrev0-ctr-2bk4z	restart_count	0
1781200773	snap	3800	k8s	otelcol-sb-esrev0-ctr-gcg4j	restart_count	0
1781200773	snap	3800	k8s	otelcol-sb-esrev0-ctr-glxdm	restart_count	0
1781200773	snap	3800	k8s	otelcol-sb-esrev0-ctr-mrm6k	restart_count	0
1781200773	snap	3800	k8s	otelcol-sb-esrev0-ctr-pr5gq	restart_count	0
1781200773	snap	3800	k8s	otelcol-sb-esrev0-ctr-rbkvt	restart_count	0
1781200773	snap	3800	k8s	otelcol-sb-esrev0-ctr-rdtzq	restart_count	0
1781200773	snap	3800	k8s	otelcol-sb-esrev0-ctr-vnnmt	restart_count	0
1781200773	snap	3800	k8s	otelcol-sb-esrev0-ctr-wht6z	restart_count	0
1781200773	snap	3800	sdk	wrk2api	spans_received	394898
1781200773	snap	3800	sdk	wrk2api	spans_sent	354327
1781200773	snap	3800	sdk	wrk2api	spans_dropped	40571
1781200773	snap	3800	sdk	wrk2api	spans_flushed	394898
1781200773	snap	3800	sdk	wrk2api	batches_sent	13412
1781200773	snap	3800	sdk	wrk2api	batches_dropped	1049
1781200773	snap	3800	sdk	wrk2api	send_unavailable	1049
1781200773	snap	3800	sdk	wrk2api	send_deadline	0
1781200773	snap	3800	sdk	wrk2api	send_exhausted	0
1781200773	snap	3800	sdk	wrk2api	send_canceled	0
1781200773	snap	3800	sdk	wrk2api	send_other	0
1781200773	snap	3800	sdk	wrk2api	buffer_depth	0
0
1781200773	snap	3800	sdk	composepost	spans_received	13850471
1781200773	snap	3800	sdk	composepost	spans_sent	8293679
1781200773	snap	3800	sdk	composepost	spans_dropped	5556792
1781200773	snap	3800	sdk	composepost	spans_flushed	13850471
1781200773	snap	3800	sdk	composepost	batches_sent	39814
1781200773	snap	3800	sdk	composepost	batches_dropped	17080
1781200773	snap	3800	sdk	composepost	send_unavailable	8189
1781200773	snap	3800	sdk	composepost	send_deadline	8891
1781200773	snap	3800	sdk	composepost	send_exhausted	0
1781200773	snap	3800	sdk	composepost	send_canceled	0
1781200773	snap	3800	sdk	composepost	send_other	0
1781200773	snap	3800	sdk	composepost	buffer_depth	0
0
1781200773	snap	3800	sdk	hometimeline	spans_received	3462602
1781200773	snap	3800	sdk	hometimeline	spans_sent	1692738
1781200773	snap	3800	sdk	hometimeline	spans_dropped	1769864
1781200773	snap	3800	sdk	hometimeline	spans_flushed	3462602
1781200773	snap	3800	sdk	hometimeline	batches_sent	8782
1781200773	snap	3800	sdk	hometimeline	batches_dropped	5542
1781200773	snap	3800	sdk	hometimeline	send_unavailable	5273
1781200773	snap	3800	sdk	hometimeline	send_deadline	269
1781200773	snap	3800	sdk	hometimeline	send_exhausted	0
1781200773	snap	3800	sdk	hometimeline	send_canceled	0
1781200773	snap	3800	sdk	hometimeline	send_other	0
1781200773	snap	3800	sdk	hometimeline	buffer_depth	0
0
1781200773	snap	3800	sdk	media	spans_received	1731310
1781200773	snap	3800	sdk	media	spans_sent	1704052
1781200773	snap	3800	sdk	media	spans_dropped	27258
1781200773	snap	3800	sdk	media	spans_flushed	1731310
1781200773	snap	3800	sdk	media	batches_sent	7030
1781200773	snap	3800	sdk	media	batches_dropped	79
1781200773	snap	3800	sdk	media	send_unavailable	79
1781200773	snap	3800	sdk	media	send_deadline	0
1781200773	snap	3800	sdk	media	send_exhausted	0
1781200773	snap	3800	sdk	media	send_canceled	0
1781200773	snap	3800	sdk	media	send_other	0
1781200773	snap	3800	sdk	media	buffer_depth	0
0
1781200773	snap	3800	sdk	post-storage	spans_received	1731301
1781200773	snap	3800	sdk	post-storage	spans_sent	1720550
1781200773	snap	3800	sdk	post-storage	spans_dropped	10751
1781200773	snap	3800	sdk	post-storage	spans_flushed	1731301
1781200773	snap	3800	sdk	post-storage	batches_sent	7081
1781200773	snap	3800	sdk	post-storage	batches_dropped	31
1781200773	snap	3800	sdk	post-storage	send_unavailable	31
1781200773	snap	3800	sdk	post-storage	send_deadline	0
1781200773	snap	3800	sdk	post-storage	send_exhausted	0
1781200773	snap	3800	sdk	post-storage	send_canceled	0
1781200773	snap	3800	sdk	post-storage	send_other	0
1781200773	snap	3800	sdk	post-storage	buffer_depth	0
0
1781200773	snap	3800	sdk	socialgraph	spans_received	1845135
1781200773	snap	3800	sdk	socialgraph	spans_sent	1845135
1781200773	snap	3800	sdk	socialgraph	spans_dropped	0
1781200773	snap	3800	sdk	socialgraph	spans_flushed	1845135
1781200773	snap	3800	sdk	socialgraph	batches_sent	7567
1781200773	snap	3800	sdk	socialgraph	batches_dropped	0
1781200773	snap	3800	sdk	socialgraph	send_unavailable	0
1781200773	snap	3800	sdk	socialgraph	send_deadline	0
1781200773	snap	3800	sdk	socialgraph	send_exhausted	0
1781200773	snap	3800	sdk	socialgraph	send_canceled	0
1781200773	snap	3800	sdk	socialgraph	send_other	0
1781200773	snap	3800	sdk	socialgraph	buffer_depth	0
0
1781200773	snap	3800	sdk	text	spans_received	5193948
1781200773	snap	3800	sdk	text	spans_sent	4178266
1781200773	snap	3800	sdk	text	spans_dropped	1015682
1781200773	snap	3800	sdk	text	spans_flushed	5193948
1781200773	snap	3800	sdk	text	batches_sent	18213
1781200773	snap	3800	sdk	text	batches_dropped	3090
1781200773	snap	3800	sdk	text	send_unavailable	3090
1781200773	snap	3800	sdk	text	send_deadline	0
1781200773	snap	3800	sdk	text	send_exhausted	0
1781200773	snap	3800	sdk	text	send_canceled	0
1781200773	snap	3800	sdk	text	send_other	0
1781200773	snap	3800	sdk	text	buffer_depth	0
0
1781200773	snap	3800	sdk	uniqueid	spans_received	1731310
1781200773	snap	3800	sdk	uniqueid	spans_sent	1710717
1781200773	snap	3800	sdk	uniqueid	spans_dropped	20593
1781200773	snap	3800	sdk	uniqueid	spans_flushed	1731310
1781200773	snap	3800	sdk	uniqueid	batches_sent	7027
1781200773	snap	3800	sdk	uniqueid	batches_dropped	65
1781200773	snap	3800	sdk	uniqueid	send_unavailable	65
1781200773	snap	3800	sdk	uniqueid	send_deadline	0
1781200773	snap	3800	sdk	uniqueid	send_exhausted	0
1781200773	snap	3800	sdk	uniqueid	send_canceled	0
1781200773	snap	3800	sdk	uniqueid	send_other	0
1781200773	snap	3800	sdk	uniqueid	buffer_depth	0
0
1781200773	snap	3800	sdk	urlshorten	spans_received	1731310
1781200773	snap	3800	sdk	urlshorten	spans_sent	1731310
1781200773	snap	3800	sdk	urlshorten	spans_dropped	0
1781200773	snap	3800	sdk	urlshorten	spans_flushed	1731310
1781200773	snap	3800	sdk	urlshorten	batches_sent	7111
1781200773	snap	3800	sdk	urlshorten	batches_dropped	0
1781200773	snap	3800	sdk	urlshorten	send_unavailable	0
1781200773	snap	3800	sdk	urlshorten	send_deadline	0
1781200773	snap	3800	sdk	urlshorten	send_exhausted	0
1781200773	snap	3800	sdk	urlshorten	send_canceled	0
1781200773	snap	3800	sdk	urlshorten	send_other	0
1781200773	snap	3800	sdk	urlshorten	buffer_depth	0
0
1781200773	snap	3800	sdk	user	spans_received	1733234
1781200773	snap	3800	sdk	user	spans_sent	1733234
1781200773	snap	3800	sdk	user	spans_dropped	0
1781200773	snap	3800	sdk	user	spans_flushed	1733234
1781200773	snap	3800	sdk	user	batches_sent	7106
1781200773	snap	3800	sdk	user	batches_dropped	0
1781200773	snap	3800	sdk	user	send_unavailable	0
1781200773	snap	3800	sdk	user	send_deadline	0
1781200773	snap	3800	sdk	user	send_exhausted	0
1781200773	snap	3800	sdk	user	send_canceled	0
1781200773	snap	3800	sdk	user	send_other	0
1781200773	snap	3800	sdk	user	buffer_depth	0
0
1781200773	snap	3800	sdk	userid	spans_received	75248
1781200773	snap	3800	sdk	userid	spans_sent	75248
1781200773	snap	3800	sdk	userid	spans_dropped	0
1781200773	snap	3800	sdk	userid	spans_flushed	75248
1781200773	snap	3800	sdk	userid	batches_sent	245
1781200773	snap	3800	sdk	userid	batches_dropped	0
1781200773	snap	3800	sdk	userid	send_unavailable	0
1781200773	snap	3800	sdk	userid	send_deadline	0
1781200773	snap	3800	sdk	userid	send_exhausted	0
1781200773	snap	3800	sdk	userid	send_canceled	0
1781200773	snap	3800	sdk	userid	send_other	0
1781200773	snap	3800	sdk	userid	buffer_depth	0
0
1781200773	snap	3800	sdk	usermention	spans_received	1731310
1781200773	snap	3800	sdk	usermention	spans_sent	1710731
1781200773	snap	3800	sdk	usermention	spans_dropped	20579
1781200773	snap	3800	sdk	usermention	spans_flushed	1731310
1781200773	snap	3800	sdk	usermention	batches_sent	7035
1781200773	snap	3800	sdk	usermention	batches_dropped	65
1781200773	snap	3800	sdk	usermention	send_unavailable	65
1781200773	snap	3800	sdk	usermention	send_deadline	0
1781200773	snap	3800	sdk	usermention	send_exhausted	0
1781200773	snap	3800	sdk	usermention	send_canceled	0
1781200773	snap	3800	sdk	usermention	send_other	0
1781200773	snap	3800	sdk	usermention	buffer_depth	0
0
1781200773	snap	3800	sdk	usertimeline	spans_received	1731301
1781200773	snap	3800	sdk	usertimeline	spans_sent	1731301
1781200773	snap	3800	sdk	usertimeline	spans_dropped	0
1781200773	snap	3800	sdk	usertimeline	spans_flushed	1731301
1781200773	snap	3800	sdk	usertimeline	batches_sent	7027
1781200773	snap	3800	sdk	usertimeline	batches_dropped	0
1781200773	snap	3800	sdk	usertimeline	send_unavailable	0
1781200773	snap	3800	sdk	usertimeline	send_deadline	0
1781200773	snap	3800	sdk	usertimeline	send_exhausted	0
1781200773	snap	3800	sdk	usertimeline	send_canceled	0
1781200773	snap	3800	sdk	usertimeline	send_other	0
1781200773	snap	3800	sdk	usertimeline	buffer_depth	0
0
1781200780	snap	4000	otelcol	otelcol-sb-esrev0-ctr-mrm6k	otelcol_exporter_queue_size	62
1781200780	snap	4000	otelcol	otelcol-sb-esrev0-ctr-mrm6k	otelcol_processor_batch_batch_send_size_sum	2111191
1781200780	snap	4000	otelcol	otelcol-sb-esrev0-ctr-mrm6k	otelcol_process_runtime_heap_alloc_bytes	127888344
1781200780	snap	4000	otelcol	otelcol-sb-esrev0-ctr-mrm6k	otelcol_exporter_queue_batch_send_size_sum	2111191
1781200780	snap	4000	otelcol	otelcol-sb-esrev0-ctr-mrm6k	otelcol_process_uptime	927
1781200780	snap	4000	otelcol	otelcol-sb-esrev0-ctr-mrm6k	otelcol_processor_outgoing_items	2111191
1781200780	snap	4000	otelcol	otelcol-sb-esrev0-ctr-mrm6k	otelcol_process_runtime_total_alloc_bytes	1514856896
1781200780	snap	4000	otelcol	otelcol-sb-esrev0-ctr-mrm6k	otelcol_process_memory_rss	304128000
1781200780	snap	4000	otelcol	otelcol-sb-esrev0-ctr-mrm6k	otelcol_process_cpu_seconds	54
1781200780	snap	4000	otelcol	otelcol-sb-esrev0-ctr-mrm6k	otelcol_exporter_send_failed_spans	0
1781200780	snap	4000	otelcol	otelcol-sb-esrev0-ctr-mrm6k	otelcol_receiver_accepted_spans	2111191
1781200780	snap	4000	otelcol	otelcol-sb-esrev0-ctr-mrm6k	otelcol_processor_batch_metadata_cardinality	1
1781200780	snap	4000	otelcol	otelcol-sb-esrev0-ctr-mrm6k	otelcol_receiver_refused_spans	13210
1781200780	snap	4000	otelcol	otelcol-sb-esrev0-ctr-mrm6k	otelcol_receiver_failed_spans	0
1781200780	snap	4000	otelcol	otelcol-sb-esrev0-ctr-mrm6k	otelcol_processor_batch_timeout_trigger_send	3652
1781200780	snap	4000	otelcol	otelcol-sb-esrev0-ctr-mrm6k	otelcol_process_runtime_total_sys_memory_bytes	167270696
1781200780	snap	4000	otelcol	otelcol-sb-esrev0-ctr-mrm6k	otelcol_exporter_queue_capacity	1001
1781200780	snap	4000	otelcol	otelcol-sb-esrev0-ctr-mrm6k	otelcol_processor_incoming_items	2124401
1781200780	snap	4000	otelcol	otelcol-sb-esrev0-ctr-mrm6k	otelcol_exporter_sent_spans	2058959
1781200780	snap	4000	otelcol	otelcol-sb-esrev0-ctr-rdtzq	otelcol_process_runtime_total_sys_memory_bytes	179951912
1781200780	snap	4000	otelcol	otelcol-sb-esrev0-ctr-rdtzq	otelcol_process_memory_rss	310022144
1781200780	snap	4000	otelcol	otelcol-sb-esrev0-ctr-rdtzq	otelcol_exporter_queue_capacity	1001
1781200780	snap	4000	otelcol	otelcol-sb-esrev0-ctr-rdtzq	otelcol_process_cpu_seconds	52
1781200780	snap	4000	otelcol	otelcol-sb-esrev0-ctr-rdtzq	otelcol_processor_incoming_items	2124646
1781200780	snap	4000	otelcol	otelcol-sb-esrev0-ctr-rdtzq	otelcol_exporter_queue_batch_send_size_sum	2099456
1781200780	snap	4000	otelcol	otelcol-sb-esrev0-ctr-rdtzq	otelcol_exporter_send_failed_spans	0
1781200780	snap	4000	otelcol	otelcol-sb-esrev0-ctr-rdtzq	otelcol_receiver_refused_spans	25190
1781200780	snap	4000	otelcol	otelcol-sb-esrev0-ctr-rdtzq	otelcol_exporter_sent_spans	2033386
1781200780	snap	4000	otelcol	otelcol-sb-esrev0-ctr-rdtzq	otelcol_process_runtime_total_alloc_bytes	1521499728
1781200780	snap	4000	otelcol	otelcol-sb-esrev0-ctr-rdtzq	otelcol_process_runtime_heap_alloc_bytes	87364728
1781200780	snap	4000	otelcol	otelcol-sb-esrev0-ctr-rdtzq	otelcol_processor_outgoing_items	2099456
1781200780	snap	4000	otelcol	otelcol-sb-esrev0-ctr-rdtzq	otelcol_process_uptime	927
1781200780	snap	4000	otelcol	otelcol-sb-esrev0-ctr-rdtzq	otelcol_receiver_failed_spans	0
1781200780	snap	4000	otelcol	otelcol-sb-esrev0-ctr-rdtzq	otelcol_processor_batch_metadata_cardinality	1
1781200780	snap	4000	otelcol	otelcol-sb-esrev0-ctr-rdtzq	otelcol_receiver_accepted_spans	2099456
1781200780	snap	4000	otelcol	otelcol-sb-esrev0-ctr-rdtzq	otelcol_processor_batch_timeout_trigger_send	3643
1781200780	snap	4000	otelcol	otelcol-sb-esrev0-ctr-rdtzq	otelcol_processor_batch_batch_send_size_sum	2099456
1781200780	snap	4000	otelcol	otelcol-sb-esrev0-ctr-rdtzq	otelcol_exporter_queue_size	78
1781200780	snap	4000	otelcol	otelcol-sb-esrev0-ctr-glxdm	otelcol_receiver_failed_spans	0
1781200780	snap	4000	otelcol	otelcol-sb-esrev0-ctr-glxdm	otelcol_process_uptime	927
1781200780	snap	4000	otelcol	otelcol-sb-esrev0-ctr-glxdm	otelcol_exporter_queue_capacity	1001
1781200780	snap	4000	otelcol	otelcol-sb-esrev0-ctr-glxdm	otelcol_processor_batch_metadata_cardinality	1
1781200780	snap	4000	otelcol	otelcol-sb-esrev0-ctr-glxdm	otelcol_process_runtime_heap_alloc_bytes	99577120
1781200780	snap	4000	otelcol	otelcol-sb-esrev0-ctr-glxdm	otelcol_exporter_send_failed_spans	0
1781200780	snap	4000	otelcol	otelcol-sb-esrev0-ctr-glxdm	otelcol_processor_incoming_items	3855581
1781200780	snap	4000	otelcol	otelcol-sb-esrev0-ctr-glxdm	otelcol_process_cpu_seconds	74
1781200780	snap	4000	otelcol	otelcol-sb-esrev0-ctr-glxdm	otelcol_exporter_sent_spans	3653795
1781200780	snap	4000	otelcol	otelcol-sb-esrev0-ctr-glxdm	otelcol_receiver_refused_spans	70245
1781200780	snap	4000	otelcol	otelcol-sb-esrev0-ctr-glxdm	otelcol_processor_batch_timeout_trigger_send	3623
1781200780	snap	4000	otelcol	otelcol-sb-esrev0-ctr-glxdm	otelcol_processor_batch_batch_send_size_sum	3785336
1781200780	snap	4000	otelcol	otelcol-sb-esrev0-ctr-glxdm	otelcol_process_runtime_total_alloc_bytes	2517496320
1781200780	snap	4000	otelcol	otelcol-sb-esrev0-ctr-glxdm	otelcol_process_memory_rss	299286528
1781200780	snap	4000	otelcol	otelcol-sb-esrev0-ctr-glxdm	otelcol_exporter_queue_batch_send_size_sum	3785336
1781200780	snap	4000	otelcol	otelcol-sb-esrev0-ctr-glxdm	otelcol_process_runtime_total_sys_memory_bytes	188852536
1781200780	snap	4000	otelcol	otelcol-sb-esrev0-ctr-glxdm	otelcol_receiver_accepted_spans	3785336
1781200780	snap	4000	otelcol	otelcol-sb-esrev0-ctr-glxdm	otelcol_processor_outgoing_items	3785336
1781200780	snap	4000	otelcol	otelcol-sb-esrev0-ctr-glxdm	otelcol_exporter_queue_size	83
1781200780	snap	4000	otelcol	otelcol-sb-esrev0-ctr-2bk4z	otelcol_processor_batch_batch_send_size_sum	2221517
1781200780	snap	4000	otelcol	otelcol-sb-esrev0-ctr-2bk4z	otelcol_process_runtime_heap_alloc_bytes	56943968
1781200780	snap	4000	otelcol	otelcol-sb-esrev0-ctr-2bk4z	otelcol_exporter_queue_size	69
1781200780	snap	4000	otelcol	otelcol-sb-esrev0-ctr-2bk4z	otelcol_process_memory_rss	283447296
1781200780	snap	4000	otelcol	otelcol-sb-esrev0-ctr-2bk4z	otelcol_receiver_failed_spans	0
1781200780	snap	4000	otelcol	otelcol-sb-esrev0-ctr-2bk4z	otelcol_process_runtime_total_alloc_bytes	1587046424
1781200780	snap	4000	otelcol	otelcol-sb-esrev0-ctr-2bk4z	otelcol_exporter_send_failed_spans	0
1781200780	snap	4000	otelcol	otelcol-sb-esrev0-ctr-2bk4z	otelcol_receiver_refused_spans	17793
1781200780	snap	4000	otelcol	otelcol-sb-esrev0-ctr-2bk4z	otelcol_process_uptime	929
1781200780	snap	4000	otelcol	otelcol-sb-esrev0-ctr-2bk4z	otelcol_processor_incoming_items	2239310
1781200780	snap	4000	otelcol	otelcol-sb-esrev0-ctr-2bk4z	otelcol_process_runtime_total_sys_memory_bytes	155179304
1781200780	snap	4000	otelcol	otelcol-sb-esrev0-ctr-2bk4z	otelcol_processor_outgoing_items	2221517
1781200780	snap	4000	otelcol	otelcol-sb-esrev0-ctr-2bk4z	otelcol_process_cpu_seconds	49
1781200780	snap	4000	otelcol	otelcol-sb-esrev0-ctr-2bk4z	otelcol_exporter_queue_batch_send_size_sum	2221517
1781200780	snap	4000	otelcol	otelcol-sb-esrev0-ctr-2bk4z	otelcol_processor_batch_metadata_cardinality	1
1781200780	snap	4000	otelcol	otelcol-sb-esrev0-ctr-2bk4z	otelcol_processor_batch_timeout_trigger_send	3666
1781200780	snap	4000	otelcol	otelcol-sb-esrev0-ctr-2bk4z	otelcol_receiver_accepted_spans	2221517
1781200780	snap	4000	otelcol	otelcol-sb-esrev0-ctr-2bk4z	otelcol_exporter_sent_spans	2162600
1781200780	snap	4000	otelcol	otelcol-sb-esrev0-ctr-2bk4z	otelcol_exporter_queue_capacity	1001
1781200780	snap	4000	otelcol	otelcol-sb-esrev0-ctr-gcg4j	otelcol_receiver_failed_spans	0
1781200780	snap	4000	otelcol	otelcol-sb-esrev0-ctr-gcg4j	otelcol_processor_batch_timeout_trigger_send	3647
1781200780	snap	4000	otelcol	otelcol-sb-esrev0-ctr-gcg4j	otelcol_exporter_queue_size	8
1781200780	snap	4000	otelcol	otelcol-sb-esrev0-ctr-gcg4j	otelcol_process_runtime_total_sys_memory_bytes	84994328
1781200780	snap	4000	otelcol	otelcol-sb-esrev0-ctr-gcg4j	otelcol_exporter_queue_batch_send_size_sum	392561
1781200780	snap	4000	otelcol	otelcol-sb-esrev0-ctr-gcg4j	otelcol_receiver_accepted_spans	392561
1781200780	snap	4000	otelcol	otelcol-sb-esrev0-ctr-gcg4j	otelcol_process_runtime_total_alloc_bytes	516342296
1781200780	snap	4000	otelcol	otelcol-sb-esrev0-ctr-gcg4j	otelcol_process_memory_rss	215879680
1781200780	snap	4000	otelcol	otelcol-sb-esrev0-ctr-gcg4j	otelcol_process_cpu_seconds	35
1781200780	snap	4000	otelcol	otelcol-sb-esrev0-ctr-gcg4j	otelcol_exporter_queue_capacity	1001
1781200780	snap	4000	otelcol	otelcol-sb-esrev0-ctr-gcg4j	otelcol_processor_incoming_items	392561
1781200780	snap	4000	otelcol	otelcol-sb-esrev0-ctr-gcg4j	otelcol_exporter_send_failed_spans	0
1781200780	snap	4000	otelcol	otelcol-sb-esrev0-ctr-gcg4j	otelcol_receiver_refused_spans	0
1781200780	snap	4000	otelcol	otelcol-sb-esrev0-ctr-gcg4j	otelcol_processor_outgoing_items	392561
1781200780	snap	4000	otelcol	otelcol-sb-esrev0-ctr-gcg4j	otelcol_processor_batch_metadata_cardinality	1
1781200780	snap	4000	otelcol	otelcol-sb-esrev0-ctr-gcg4j	otelcol_processor_batch_batch_send_size_sum	392561
1781200780	snap	4000	otelcol	otelcol-sb-esrev0-ctr-gcg4j	otelcol_process_uptime	926
1781200780	snap	4000	otelcol	otelcol-sb-esrev0-ctr-gcg4j	otelcol_process_runtime_heap_alloc_bytes	37408280
1781200780	snap	4000	otelcol	otelcol-sb-esrev0-ctr-gcg4j	otelcol_exporter_sent_spans	391195
1781200780	snap	4000	otelcol	otelcol-sb-esrev0-ctr-pr5gq	otelcol_receiver_accepted_spans	6311893
1781200780	snap	4000	otelcol	otelcol-sb-esrev0-ctr-pr5gq	otelcol_receiver_failed_spans	0
1781200780	snap	4000	otelcol	otelcol-sb-esrev0-ctr-pr5gq	otelcol_process_uptime	926
1781200780	snap	4000	otelcol	otelcol-sb-esrev0-ctr-pr5gq	otelcol_exporter_queue_batch_send_size_sum	6311893
1781200780	snap	4000	otelcol	otelcol-sb-esrev0-ctr-pr5gq	otelcol_processor_outgoing_items	6311893
1781200780	snap	4000	otelcol	otelcol-sb-esrev0-ctr-pr5gq	otelcol_process_runtime_total_sys_memory_bytes	198678824
1781200780	snap	4000	otelcol	otelcol-sb-esrev0-ctr-pr5gq	otelcol_process_runtime_heap_alloc_bytes	88467424
1781200780	snap	4000	otelcol	otelcol-sb-esrev0-ctr-pr5gq	otelcol_exporter_queue_capacity	1001
1781200780	snap	4000	otelcol	otelcol-sb-esrev0-ctr-pr5gq	otelcol_process_memory_rss	321044480
1781200780	snap	4000	otelcol	otelcol-sb-esrev0-ctr-pr5gq	otelcol_exporter_queue_size	55
1781200780	snap	4000	otelcol	otelcol-sb-esrev0-ctr-pr5gq	otelcol_exporter_send_failed_spans	0
1781200780	snap	4000	otelcol	otelcol-sb-esrev0-ctr-pr5gq	otelcol_receiver_refused_spans	1083511
1781200780	snap	4000	otelcol	otelcol-sb-esrev0-ctr-pr5gq	otelcol_process_runtime_total_alloc_bytes	3860430536
1781200780	snap	4000	otelcol	otelcol-sb-esrev0-ctr-pr5gq	otelcol_processor_batch_batch_send_size_sum	6311893
1781200780	snap	4000	otelcol	otelcol-sb-esrev0-ctr-pr5gq	otelcol_process_cpu_seconds	95
1781200780	snap	4000	otelcol	otelcol-sb-esrev0-ctr-pr5gq	otelcol_processor_incoming_items	7395404
1781200780	snap	4000	otelcol	otelcol-sb-esrev0-ctr-pr5gq	otelcol_processor_batch_metadata_cardinality	1
1781200780	snap	4000	otelcol	otelcol-sb-esrev0-ctr-pr5gq	otelcol_processor_batch_timeout_trigger_send	3621
1781200780	snap	4000	otelcol	otelcol-sb-esrev0-ctr-pr5gq	otelcol_exporter_sent_spans	6231585
1781200780	snap	4000	otelcol	otelcol-sb-esrev0-ctr-rbkvt	otelcol_processor_outgoing_items	2126159
1781200780	snap	4000	otelcol	otelcol-sb-esrev0-ctr-rbkvt	otelcol_exporter_send_failed_spans	0
1781200780	snap	4000	otelcol	otelcol-sb-esrev0-ctr-rbkvt	otelcol_receiver_refused_spans	456
1781200780	snap	4000	otelcol	otelcol-sb-esrev0-ctr-rbkvt	otelcol_exporter_queue_size	31
1781200780	snap	4000	otelcol	otelcol-sb-esrev0-ctr-rbkvt	otelcol_exporter_queue_batch_send_size_sum	2126159
1781200780	snap	4000	otelcol	otelcol-sb-esrev0-ctr-rbkvt	otelcol_process_runtime_total_sys_memory_bytes	129022248
1781200780	snap	4000	otelcol	otelcol-sb-esrev0-ctr-rbkvt	otelcol_receiver_failed_spans	0
1781200780	snap	4000	otelcol	otelcol-sb-esrev0-ctr-rbkvt	otelcol_processor_batch_metadata_cardinality	1
1781200780	snap	4000	otelcol	otelcol-sb-esrev0-ctr-rbkvt	otelcol_processor_batch_timeout_trigger_send	3655
1781200780	snap	4000	otelcol	otelcol-sb-esrev0-ctr-rbkvt	otelcol_processor_batch_batch_send_size_sum	2126159
1781200780	snap	4000	otelcol	otelcol-sb-esrev0-ctr-rbkvt	otelcol_receiver_accepted_spans	2126159
1781200780	snap	4000	otelcol	otelcol-sb-esrev0-ctr-rbkvt	otelcol_process_cpu_seconds	51
1781200780	snap	4000	otelcol	otelcol-sb-esrev0-ctr-rbkvt	otelcol_process_uptime	927
1781200780	snap	4000	otelcol	otelcol-sb-esrev0-ctr-rbkvt	otelcol_process_runtime_heap_alloc_bytes	64111792
1781200780	snap	4000	otelcol	otelcol-sb-esrev0-ctr-rbkvt	otelcol_process_memory_rss	263057408
1781200780	snap	4000	otelcol	otelcol-sb-esrev0-ctr-rbkvt	otelcol_exporter_sent_spans	2098546
1781200780	snap	4000	otelcol	otelcol-sb-esrev0-ctr-rbkvt	otelcol_exporter_queue_capacity	1001
1781200780	snap	4000	otelcol	otelcol-sb-esrev0-ctr-rbkvt	otelcol_process_runtime_total_alloc_bytes	1495776880
1781200780	snap	4000	otelcol	otelcol-sb-esrev0-ctr-rbkvt	otelcol_processor_incoming_items	2126615
1781200780	snap	4000	otelcol	otelcol-sb-esrev0-ctr-vnnmt	otelcol_process_cpu_seconds	49
1781200780	snap	4000	otelcol	otelcol-sb-esrev0-ctr-vnnmt	otelcol_exporter_sent_spans	2118006
1781200780	snap	4000	otelcol	otelcol-sb-esrev0-ctr-vnnmt	otelcol_process_runtime_total_alloc_bytes	1539998096
1781200780	snap	4000	otelcol	otelcol-sb-esrev0-ctr-vnnmt	otelcol_processor_outgoing_items	2124241
1781200780	snap	4000	otelcol	otelcol-sb-esrev0-ctr-vnnmt	otelcol_process_runtime_heap_alloc_bytes	62000072
1781200780	snap	4000	otelcol	otelcol-sb-esrev0-ctr-vnnmt	otelcol_exporter_queue_size	7
1781200780	snap	4000	otelcol	otelcol-sb-esrev0-ctr-vnnmt	otelcol_exporter_queue_batch_send_size_sum	2124241
1781200780	snap	4000	otelcol	otelcol-sb-esrev0-ctr-vnnmt	otelcol_processor_batch_batch_send_size_sum	2124241
1781200780	snap	4000	otelcol	otelcol-sb-esrev0-ctr-vnnmt	otelcol_receiver_failed_spans	0
1781200780	snap	4000	otelcol	otelcol-sb-esrev0-ctr-vnnmt	otelcol_process_memory_rss	259379200
1781200780	snap	4000	otelcol	otelcol-sb-esrev0-ctr-vnnmt	otelcol_exporter_send_failed_spans	0
1781200780	snap	4000	otelcol	otelcol-sb-esrev0-ctr-vnnmt	otelcol_receiver_refused_spans	74
1781200780	snap	4000	otelcol	otelcol-sb-esrev0-ctr-vnnmt	otelcol_receiver_accepted_spans	2124241
1781200780	snap	4000	otelcol	otelcol-sb-esrev0-ctr-vnnmt	otelcol_processor_batch_metadata_cardinality	1
1781200780	snap	4000	otelcol	otelcol-sb-esrev0-ctr-vnnmt	otelcol_process_runtime_total_sys_memory_bytes	125315352
1781200780	snap	4000	otelcol	otelcol-sb-esrev0-ctr-vnnmt	otelcol_processor_batch_timeout_trigger_send	3659
1781200780	snap	4000	otelcol	otelcol-sb-esrev0-ctr-vnnmt	otelcol_processor_incoming_items	2124315
1781200780	snap	4000	otelcol	otelcol-sb-esrev0-ctr-vnnmt	otelcol_process_uptime	927
1781200780	snap	4000	otelcol	otelcol-sb-esrev0-ctr-vnnmt	otelcol_exporter_queue_capacity	1001
1781200780	snap	4000	otelcol	otelcol-sb-esrev0-ctr-wht6z	otelcol_exporter_queue_size	15
1781200780	snap	4000	otelcol	otelcol-sb-esrev0-ctr-wht6z	otelcol_process_uptime	926
1781200780	snap	4000	otelcol	otelcol-sb-esrev0-ctr-wht6z	otelcol_receiver_accepted_spans	10209837
1781200780	snap	4000	otelcol	otelcol-sb-esrev0-ctr-wht6z	otelcol_process_runtime_heap_alloc_bytes	72140232
1781200780	snap	4000	otelcol	otelcol-sb-esrev0-ctr-wht6z	otelcol_receiver_failed_spans	0
1781200780	snap	4000	otelcol	otelcol-sb-esrev0-ctr-wht6z	otelcol_process_runtime_total_alloc_bytes	12131695128
1781200780	snap	4000	otelcol	otelcol-sb-esrev0-ctr-wht6z	otelcol_process_memory_rss	317739008
1781200780	snap	4000	otelcol	otelcol-sb-esrev0-ctr-wht6z	otelcol_exporter_queue_capacity	1001
1781200780	snap	4000	otelcol	otelcol-sb-esrev0-ctr-wht6z	otelcol_processor_incoming_items	15808082
1781200780	snap	4000	otelcol	otelcol-sb-esrev0-ctr-wht6z	otelcol_processor_batch_metadata_cardinality	1
1781200780	snap	4000	otelcol	otelcol-sb-esrev0-ctr-wht6z	otelcol_process_cpu_seconds	241
1781200780	snap	4000	otelcol	otelcol-sb-esrev0-ctr-wht6z	otelcol_exporter_send_failed_spans	0
1781200780	snap	4000	otelcol	otelcol-sb-esrev0-ctr-wht6z	otelcol_exporter_sent_spans	10162371
1781200780	snap	4000	otelcol	otelcol-sb-esrev0-ctr-wht6z	otelcol_process_runtime_total_sys_memory_bytes	232835384
1781200780	snap	4000	otelcol	otelcol-sb-esrev0-ctr-wht6z	otelcol_receiver_refused_spans	5598245
1781200780	snap	4000	otelcol	otelcol-sb-esrev0-ctr-wht6z	otelcol_exporter_queue_batch_send_size_sum	10209837
1781200780	snap	4000	otelcol	otelcol-sb-esrev0-ctr-wht6z	otelcol_processor_batch_timeout_trigger_send	2693
1781200780	snap	4000	otelcol	otelcol-sb-esrev0-ctr-wht6z	otelcol_processor_batch_batch_size_trigger_send	26
1781200780	snap	4000	otelcol	otelcol-sb-esrev0-ctr-wht6z	otelcol_processor_batch_batch_send_size_sum	10209837
1781200780	snap	4000	otelcol	otelcol-sb-esrev0-ctr-wht6z	otelcol_processor_outgoing_items	10209837
1781200780	snap	4000	k8s	otelcol-sb-esrev0-ctr-2bk4z	restart_count	0
1781200780	snap	4000	k8s	otelcol-sb-esrev0-ctr-gcg4j	restart_count	0
1781200780	snap	4000	k8s	otelcol-sb-esrev0-ctr-glxdm	restart_count	0
1781200780	snap	4000	k8s	otelcol-sb-esrev0-ctr-mrm6k	restart_count	0
1781200780	snap	4000	k8s	otelcol-sb-esrev0-ctr-pr5gq	restart_count	0
1781200780	snap	4000	k8s	otelcol-sb-esrev0-ctr-rbkvt	restart_count	0
1781200780	snap	4000	k8s	otelcol-sb-esrev0-ctr-rdtzq	restart_count	0
1781200780	snap	4000	k8s	otelcol-sb-esrev0-ctr-vnnmt	restart_count	0
1781200780	snap	4000	k8s	otelcol-sb-esrev0-ctr-wht6z	restart_count	0
1781200780	snap	4000	sdk	wrk2api	spans_received	394898
1781200780	snap	4000	sdk	wrk2api	spans_sent	354327
1781200780	snap	4000	sdk	wrk2api	spans_dropped	40571
1781200780	snap	4000	sdk	wrk2api	spans_flushed	394898
1781200780	snap	4000	sdk	wrk2api	batches_sent	13412
1781200780	snap	4000	sdk	wrk2api	batches_dropped	1049
1781200780	snap	4000	sdk	wrk2api	send_unavailable	1049
1781200780	snap	4000	sdk	wrk2api	send_deadline	0
1781200780	snap	4000	sdk	wrk2api	send_exhausted	0
1781200780	snap	4000	sdk	wrk2api	send_canceled	0
1781200780	snap	4000	sdk	wrk2api	send_other	0
1781200780	snap	4000	sdk	wrk2api	buffer_depth	0
0
1781200780	snap	4000	sdk	composepost	spans_received	13850471
1781200780	snap	4000	sdk	composepost	spans_sent	8293679
1781200780	snap	4000	sdk	composepost	spans_dropped	5556792
1781200780	snap	4000	sdk	composepost	spans_flushed	13850471
1781200780	snap	4000	sdk	composepost	batches_sent	39814
1781200780	snap	4000	sdk	composepost	batches_dropped	17080
1781200780	snap	4000	sdk	composepost	send_unavailable	8189
1781200780	snap	4000	sdk	composepost	send_deadline	8891
1781200780	snap	4000	sdk	composepost	send_exhausted	0
1781200780	snap	4000	sdk	composepost	send_canceled	0
1781200780	snap	4000	sdk	composepost	send_other	0
1781200780	snap	4000	sdk	composepost	buffer_depth	0
0
1781200780	snap	4000	sdk	hometimeline	spans_received	3462602
1781200780	snap	4000	sdk	hometimeline	spans_sent	1692738
1781200780	snap	4000	sdk	hometimeline	spans_dropped	1769864
1781200780	snap	4000	sdk	hometimeline	spans_flushed	3462602
1781200780	snap	4000	sdk	hometimeline	batches_sent	8782
1781200780	snap	4000	sdk	hometimeline	batches_dropped	5542
1781200780	snap	4000	sdk	hometimeline	send_unavailable	5273
1781200780	snap	4000	sdk	hometimeline	send_deadline	269
1781200780	snap	4000	sdk	hometimeline	send_exhausted	0
1781200780	snap	4000	sdk	hometimeline	send_canceled	0
1781200780	snap	4000	sdk	hometimeline	send_other	0
1781200780	snap	4000	sdk	hometimeline	buffer_depth	0
0
1781200780	snap	4000	sdk	media	spans_received	1731310
1781200780	snap	4000	sdk	media	spans_sent	1704052
1781200780	snap	4000	sdk	media	spans_dropped	27258
1781200780	snap	4000	sdk	media	spans_flushed	1731310
1781200780	snap	4000	sdk	media	batches_sent	7030
1781200780	snap	4000	sdk	media	batches_dropped	79
1781200780	snap	4000	sdk	media	send_unavailable	79
1781200780	snap	4000	sdk	media	send_deadline	0
1781200780	snap	4000	sdk	media	send_exhausted	0
1781200780	snap	4000	sdk	media	send_canceled	0
1781200780	snap	4000	sdk	media	send_other	0
1781200780	snap	4000	sdk	media	buffer_depth	0
0
1781200780	snap	4000	sdk	post-storage	spans_received	1731301
1781200780	snap	4000	sdk	post-storage	spans_sent	1720550
1781200780	snap	4000	sdk	post-storage	spans_dropped	10751
1781200780	snap	4000	sdk	post-storage	spans_flushed	1731301
1781200780	snap	4000	sdk	post-storage	batches_sent	7081
1781200780	snap	4000	sdk	post-storage	batches_dropped	31
1781200780	snap	4000	sdk	post-storage	send_unavailable	31
1781200780	snap	4000	sdk	post-storage	send_deadline	0
1781200780	snap	4000	sdk	post-storage	send_exhausted	0
1781200780	snap	4000	sdk	post-storage	send_canceled	0
1781200780	snap	4000	sdk	post-storage	send_other	0
1781200780	snap	4000	sdk	post-storage	buffer_depth	0
0
1781200780	snap	4000	sdk	socialgraph	spans_received	1845135
1781200780	snap	4000	sdk	socialgraph	spans_sent	1845135
1781200780	snap	4000	sdk	socialgraph	spans_dropped	0
1781200780	snap	4000	sdk	socialgraph	spans_flushed	1845135
1781200780	snap	4000	sdk	socialgraph	batches_sent	7567
1781200780	snap	4000	sdk	socialgraph	batches_dropped	0
1781200780	snap	4000	sdk	socialgraph	send_unavailable	0
1781200780	snap	4000	sdk	socialgraph	send_deadline	0
1781200780	snap	4000	sdk	socialgraph	send_exhausted	0
1781200780	snap	4000	sdk	socialgraph	send_canceled	0
1781200780	snap	4000	sdk	socialgraph	send_other	0
1781200780	snap	4000	sdk	socialgraph	buffer_depth	0
0
1781200780	snap	4000	sdk	text	spans_received	5193948
1781200780	snap	4000	sdk	text	spans_sent	4178266
1781200780	snap	4000	sdk	text	spans_dropped	1015682
1781200780	snap	4000	sdk	text	spans_flushed	5193948
1781200780	snap	4000	sdk	text	batches_sent	18213
1781200780	snap	4000	sdk	text	batches_dropped	3090
1781200780	snap	4000	sdk	text	send_unavailable	3090
1781200780	snap	4000	sdk	text	send_deadline	0
1781200780	snap	4000	sdk	text	send_exhausted	0
1781200780	snap	4000	sdk	text	send_canceled	0
1781200780	snap	4000	sdk	text	send_other	0
1781200780	snap	4000	sdk	text	buffer_depth	0
0
1781200780	snap	4000	sdk	uniqueid	spans_received	1731310
1781200780	snap	4000	sdk	uniqueid	spans_sent	1710717
1781200780	snap	4000	sdk	uniqueid	spans_dropped	20593
1781200780	snap	4000	sdk	uniqueid	spans_flushed	1731310
1781200780	snap	4000	sdk	uniqueid	batches_sent	7027
1781200780	snap	4000	sdk	uniqueid	batches_dropped	65
1781200780	snap	4000	sdk	uniqueid	send_unavailable	65
1781200780	snap	4000	sdk	uniqueid	send_deadline	0
1781200780	snap	4000	sdk	uniqueid	send_exhausted	0
1781200780	snap	4000	sdk	uniqueid	send_canceled	0
1781200780	snap	4000	sdk	uniqueid	send_other	0
1781200780	snap	4000	sdk	uniqueid	buffer_depth	0
0
1781200780	snap	4000	sdk	urlshorten	spans_received	1731310
1781200780	snap	4000	sdk	urlshorten	spans_sent	1731310
1781200780	snap	4000	sdk	urlshorten	spans_dropped	0
1781200780	snap	4000	sdk	urlshorten	spans_flushed	1731310
1781200780	snap	4000	sdk	urlshorten	batches_sent	7111
1781200780	snap	4000	sdk	urlshorten	batches_dropped	0
1781200780	snap	4000	sdk	urlshorten	send_unavailable	0
1781200780	snap	4000	sdk	urlshorten	send_deadline	0
1781200780	snap	4000	sdk	urlshorten	send_exhausted	0
1781200780	snap	4000	sdk	urlshorten	send_canceled	0
1781200780	snap	4000	sdk	urlshorten	send_other	0
1781200780	snap	4000	sdk	urlshorten	buffer_depth	0
0
1781200780	snap	4000	sdk	user	spans_received	1733234
1781200780	snap	4000	sdk	user	spans_sent	1733234
1781200780	snap	4000	sdk	user	spans_dropped	0
1781200780	snap	4000	sdk	user	spans_flushed	1733234
1781200780	snap	4000	sdk	user	batches_sent	7106
1781200780	snap	4000	sdk	user	batches_dropped	0
1781200780	snap	4000	sdk	user	send_unavailable	0
1781200780	snap	4000	sdk	user	send_deadline	0
1781200780	snap	4000	sdk	user	send_exhausted	0
1781200780	snap	4000	sdk	user	send_canceled	0
1781200780	snap	4000	sdk	user	send_other	0
1781200780	snap	4000	sdk	user	buffer_depth	0
0
1781200780	snap	4000	sdk	userid	spans_received	75248
1781200780	snap	4000	sdk	userid	spans_sent	75248
1781200780	snap	4000	sdk	userid	spans_dropped	0
1781200780	snap	4000	sdk	userid	spans_flushed	75248
1781200780	snap	4000	sdk	userid	batches_sent	245
1781200780	snap	4000	sdk	userid	batches_dropped	0
1781200780	snap	4000	sdk	userid	send_unavailable	0
1781200780	snap	4000	sdk	userid	send_deadline	0
1781200780	snap	4000	sdk	userid	send_exhausted	0
1781200780	snap	4000	sdk	userid	send_canceled	0
1781200780	snap	4000	sdk	userid	send_other	0
1781200780	snap	4000	sdk	userid	buffer_depth	0
0
1781200780	snap	4000	sdk	usermention	spans_received	1731310
1781200780	snap	4000	sdk	usermention	spans_sent	1710731
1781200780	snap	4000	sdk	usermention	spans_dropped	20579
1781200780	snap	4000	sdk	usermention	spans_flushed	1731310
1781200780	snap	4000	sdk	usermention	batches_sent	7035
1781200780	snap	4000	sdk	usermention	batches_dropped	65
1781200780	snap	4000	sdk	usermention	send_unavailable	65
1781200780	snap	4000	sdk	usermention	send_deadline	0
1781200780	snap	4000	sdk	usermention	send_exhausted	0
1781200780	snap	4000	sdk	usermention	send_canceled	0
1781200780	snap	4000	sdk	usermention	send_other	0
1781200780	snap	4000	sdk	usermention	buffer_depth	0
0
1781200780	snap	4000	sdk	usertimeline	spans_received	1731301
1781200780	snap	4000	sdk	usertimeline	spans_sent	1731301
1781200780	snap	4000	sdk	usertimeline	spans_dropped	0
1781200780	snap	4000	sdk	usertimeline	spans_flushed	1731301
1781200780	snap	4000	sdk	usertimeline	batches_sent	7027
1781200780	snap	4000	sdk	usertimeline	batches_dropped	0
1781200780	snap	4000	sdk	usertimeline	send_unavailable	0
1781200780	snap	4000	sdk	usertimeline	send_deadline	0
1781200780	snap	4000	sdk	usertimeline	send_exhausted	0
1781200780	snap	4000	sdk	usertimeline	send_canceled	0
1781200780	snap	4000	sdk	usertimeline	send_other	0
1781200780	snap	4000	sdk	usertimeline	buffer_depth	0
0
1781200847	snap	4000	otelcol	otelcol-sb-esrev0-ctr-mrm6k	otelcol_exporter_queue_size	132
1781200847	snap	4000	otelcol	otelcol-sb-esrev0-ctr-mrm6k	otelcol_processor_batch_batch_send_size_sum	2364028
1781200847	snap	4000	otelcol	otelcol-sb-esrev0-ctr-mrm6k	otelcol_process_runtime_heap_alloc_bytes	92292568
1781200847	snap	4000	otelcol	otelcol-sb-esrev0-ctr-mrm6k	otelcol_exporter_queue_batch_send_size_sum	2364028
1781200847	snap	4000	otelcol	otelcol-sb-esrev0-ctr-mrm6k	otelcol_process_uptime	994
1781200847	snap	4000	otelcol	otelcol-sb-esrev0-ctr-mrm6k	otelcol_processor_outgoing_items	2364028
1781200847	snap	4000	otelcol	otelcol-sb-esrev0-ctr-mrm6k	otelcol_process_runtime_total_alloc_bytes	1668831752
1781200847	snap	4000	otelcol	otelcol-sb-esrev0-ctr-mrm6k	otelcol_process_memory_rss	263827456
1781200847	snap	4000	otelcol	otelcol-sb-esrev0-ctr-mrm6k	otelcol_process_cpu_seconds	59
1781200847	snap	4000	otelcol	otelcol-sb-esrev0-ctr-mrm6k	otelcol_exporter_send_failed_spans	0
1781200847	snap	4000	otelcol	otelcol-sb-esrev0-ctr-mrm6k	otelcol_receiver_accepted_spans	2364028
1781200847	snap	4000	otelcol	otelcol-sb-esrev0-ctr-mrm6k	otelcol_processor_batch_metadata_cardinality	1
1781200847	snap	4000	otelcol	otelcol-sb-esrev0-ctr-mrm6k	otelcol_receiver_refused_spans	22348
1781200847	snap	4000	otelcol	otelcol-sb-esrev0-ctr-mrm6k	otelcol_receiver_failed_spans	0
1781200847	snap	4000	otelcol	otelcol-sb-esrev0-ctr-mrm6k	otelcol_processor_batch_timeout_trigger_send	3942
1781200847	snap	4000	otelcol	otelcol-sb-esrev0-ctr-mrm6k	otelcol_process_runtime_total_sys_memory_bytes	175986984
1781200847	snap	4000	otelcol	otelcol-sb-esrev0-ctr-mrm6k	otelcol_exporter_queue_capacity	1001
1781200847	snap	4000	otelcol	otelcol-sb-esrev0-ctr-mrm6k	otelcol_processor_incoming_items	2386376
1781200847	snap	4000	otelcol	otelcol-sb-esrev0-ctr-mrm6k	otelcol_exporter_sent_spans	2250988
1781200847	snap	4000	otelcol	otelcol-sb-esrev0-ctr-rdtzq	otelcol_process_runtime_total_sys_memory_bytes	180017448
1781200847	snap	4000	otelcol	otelcol-sb-esrev0-ctr-rdtzq	otelcol_process_memory_rss	262946816
1781200847	snap	4000	otelcol	otelcol-sb-esrev0-ctr-rdtzq	otelcol_exporter_queue_capacity	1001
1781200847	snap	4000	otelcol	otelcol-sb-esrev0-ctr-rdtzq	otelcol_process_cpu_seconds	57
1781200847	snap	4000	otelcol	otelcol-sb-esrev0-ctr-rdtzq	otelcol_processor_incoming_items	2389971
1781200847	snap	4000	otelcol	otelcol-sb-esrev0-ctr-rdtzq	otelcol_exporter_queue_batch_send_size_sum	2359425
1781200847	snap	4000	otelcol	otelcol-sb-esrev0-ctr-rdtzq	otelcol_exporter_send_failed_spans	0
1781200847	snap	4000	otelcol	otelcol-sb-esrev0-ctr-rdtzq	otelcol_receiver_refused_spans	30546
1781200847	snap	4000	otelcol	otelcol-sb-esrev0-ctr-rdtzq	otelcol_exporter_sent_spans	2346010
1781200847	snap	4000	otelcol	otelcol-sb-esrev0-ctr-rdtzq	otelcol_process_runtime_total_alloc_bytes	1695447728
1781200847	snap	4000	otelcol	otelcol-sb-esrev0-ctr-rdtzq	otelcol_process_runtime_heap_alloc_bytes	60571984
1781200847	snap	4000	otelcol	otelcol-sb-esrev0-ctr-rdtzq	otelcol_processor_outgoing_items	2359425
1781200847	snap	4000	otelcol	otelcol-sb-esrev0-ctr-rdtzq	otelcol_process_uptime	994
1781200847	snap	4000	otelcol	otelcol-sb-esrev0-ctr-rdtzq	otelcol_receiver_failed_spans	0
1781200847	snap	4000	otelcol	otelcol-sb-esrev0-ctr-rdtzq	otelcol_processor_batch_metadata_cardinality	1
1781200847	snap	4000	otelcol	otelcol-sb-esrev0-ctr-rdtzq	otelcol_receiver_accepted_spans	2359425
1781200847	snap	4000	otelcol	otelcol-sb-esrev0-ctr-rdtzq	otelcol_processor_batch_timeout_trigger_send	3943
1781200847	snap	4000	otelcol	otelcol-sb-esrev0-ctr-rdtzq	otelcol_processor_batch_batch_send_size_sum	2359425
1781200847	snap	4000	otelcol	otelcol-sb-esrev0-ctr-rdtzq	otelcol_exporter_queue_size	16
1781200847	snap	4000	otelcol	otelcol-sb-esrev0-ctr-glxdm	otelcol_receiver_failed_spans	0
1781200847	snap	4000	otelcol	otelcol-sb-esrev0-ctr-glxdm	otelcol_process_uptime	994
1781200847	snap	4000	otelcol	otelcol-sb-esrev0-ctr-glxdm	otelcol_exporter_queue_capacity	1001
1781200847	snap	4000	otelcol	otelcol-sb-esrev0-ctr-glxdm	otelcol_processor_batch_metadata_cardinality	1
1781200847	snap	4000	otelcol	otelcol-sb-esrev0-ctr-glxdm	otelcol_process_runtime_heap_alloc_bytes	110328208
1781200847	snap	4000	otelcol	otelcol-sb-esrev0-ctr-glxdm	otelcol_exporter_send_failed_spans	0
1781200847	snap	4000	otelcol	otelcol-sb-esrev0-ctr-glxdm	otelcol_processor_incoming_items	4336881
1781200847	snap	4000	otelcol	otelcol-sb-esrev0-ctr-glxdm	otelcol_process_cpu_seconds	81
1781200847	snap	4000	otelcol	otelcol-sb-esrev0-ctr-glxdm	otelcol_exporter_sent_spans	4008837
1781200847	snap	4000	otelcol	otelcol-sb-esrev0-ctr-glxdm	otelcol_receiver_refused_spans	149858
1781200847	snap	4000	otelcol	otelcol-sb-esrev0-ctr-glxdm	otelcol_processor_batch_timeout_trigger_send	3883
1781200847	snap	4000	otelcol	otelcol-sb-esrev0-ctr-glxdm	otelcol_processor_batch_batch_send_size_sum	4187023
1781200847	snap	4000	otelcol	otelcol-sb-esrev0-ctr-glxdm	otelcol_process_runtime_total_alloc_bytes	2796396296
1781200847	snap	4000	otelcol	otelcol-sb-esrev0-ctr-glxdm	otelcol_process_memory_rss	322113536
1781200847	snap	4000	otelcol	otelcol-sb-esrev0-ctr-glxdm	otelcol_exporter_queue_batch_send_size_sum	4187023
1781200847	snap	4000	otelcol	otelcol-sb-esrev0-ctr-glxdm	otelcol_process_runtime_total_sys_memory_bytes	188852536
1781200847	snap	4000	otelcol	otelcol-sb-esrev0-ctr-glxdm	otelcol_receiver_accepted_spans	4187023
1781200847	snap	4000	otelcol	otelcol-sb-esrev0-ctr-glxdm	otelcol_processor_outgoing_items	4187023
1781200847	snap	4000	otelcol	otelcol-sb-esrev0-ctr-glxdm	otelcol_exporter_queue_size	120
1781200847	snap	4000	otelcol	otelcol-sb-esrev0-ctr-2bk4z	otelcol_processor_batch_batch_send_size_sum	2484970
1781200847	snap	4000	otelcol	otelcol-sb-esrev0-ctr-2bk4z	otelcol_process_runtime_heap_alloc_bytes	66384936
1781200847	snap	4000	otelcol	otelcol-sb-esrev0-ctr-2bk4z	otelcol_exporter_queue_size	94
1781200847	snap	4000	otelcol	otelcol-sb-esrev0-ctr-2bk4z	otelcol_process_memory_rss	256770048
1781200847	snap	4000	otelcol	otelcol-sb-esrev0-ctr-2bk4z	otelcol_receiver_failed_spans	0
1781200847	snap	4000	otelcol	otelcol-sb-esrev0-ctr-2bk4z	otelcol_process_runtime_total_alloc_bytes	1752052944
1781200847	snap	4000	otelcol	otelcol-sb-esrev0-ctr-2bk4z	otelcol_exporter_send_failed_spans	0
1781200847	snap	4000	otelcol	otelcol-sb-esrev0-ctr-2bk4z	otelcol_receiver_refused_spans	19577
1781200847	snap	4000	otelcol	otelcol-sb-esrev0-ctr-2bk4z	otelcol_process_uptime	996
1781200847	snap	4000	otelcol	otelcol-sb-esrev0-ctr-2bk4z	otelcol_processor_incoming_items	2504547
1781200847	snap	4000	otelcol	otelcol-sb-esrev0-ctr-2bk4z	otelcol_process_runtime_total_sys_memory_bytes	155244840
1781200847	snap	4000	otelcol	otelcol-sb-esrev0-ctr-2bk4z	otelcol_processor_outgoing_items	2484970
1781200847	snap	4000	otelcol	otelcol-sb-esrev0-ctr-2bk4z	otelcol_process_cpu_seconds	54
1781200847	snap	4000	otelcol	otelcol-sb-esrev0-ctr-2bk4z	otelcol_exporter_queue_batch_send_size_sum	2484970
1781200847	snap	4000	otelcol	otelcol-sb-esrev0-ctr-2bk4z	otelcol_processor_batch_metadata_cardinality	1
1781200847	snap	4000	otelcol	otelcol-sb-esrev0-ctr-2bk4z	otelcol_processor_batch_timeout_trigger_send	3967
1781200847	snap	4000	otelcol	otelcol-sb-esrev0-ctr-2bk4z	otelcol_receiver_accepted_spans	2484970
1781200847	snap	4000	otelcol	otelcol-sb-esrev0-ctr-2bk4z	otelcol_exporter_sent_spans	2404724
1781200847	snap	4000	otelcol	otelcol-sb-esrev0-ctr-2bk4z	otelcol_exporter_queue_capacity	1001
1781200847	snap	4000	otelcol	otelcol-sb-esrev0-ctr-gcg4j	otelcol_receiver_failed_spans	0
1781200847	snap	4000	otelcol	otelcol-sb-esrev0-ctr-gcg4j	otelcol_processor_batch_timeout_trigger_send	3947
1781200847	snap	4000	otelcol	otelcol-sb-esrev0-ctr-gcg4j	otelcol_exporter_queue_size	11
1781200847	snap	4000	otelcol	otelcol-sb-esrev0-ctr-gcg4j	otelcol_process_runtime_total_sys_memory_bytes	84994328
1781200847	snap	4000	otelcol	otelcol-sb-esrev0-ctr-gcg4j	otelcol_exporter_queue_batch_send_size_sum	440783
1781200847	snap	4000	otelcol	otelcol-sb-esrev0-ctr-gcg4j	otelcol_receiver_accepted_spans	440783
1781200847	snap	4000	otelcol	otelcol-sb-esrev0-ctr-gcg4j	otelcol_process_runtime_total_alloc_bytes	559646376
1781200847	snap	4000	otelcol	otelcol-sb-esrev0-ctr-gcg4j	otelcol_process_memory_rss	215023616
1781200847	snap	4000	otelcol	otelcol-sb-esrev0-ctr-gcg4j	otelcol_process_cpu_seconds	38
1781200847	snap	4000	otelcol	otelcol-sb-esrev0-ctr-gcg4j	otelcol_exporter_queue_capacity	1001
1781200847	snap	4000	otelcol	otelcol-sb-esrev0-ctr-gcg4j	otelcol_processor_incoming_items	440783
1781200847	snap	4000	otelcol	otelcol-sb-esrev0-ctr-gcg4j	otelcol_exporter_send_failed_spans	0
1781200847	snap	4000	otelcol	otelcol-sb-esrev0-ctr-gcg4j	otelcol_receiver_refused_spans	0
1781200847	snap	4000	otelcol	otelcol-sb-esrev0-ctr-gcg4j	otelcol_processor_outgoing_items	440783
1781200847	snap	4000	otelcol	otelcol-sb-esrev0-ctr-gcg4j	otelcol_processor_batch_metadata_cardinality	1
1781200847	snap	4000	otelcol	otelcol-sb-esrev0-ctr-gcg4j	otelcol_processor_batch_batch_send_size_sum	440783
1781200847	snap	4000	otelcol	otelcol-sb-esrev0-ctr-gcg4j	otelcol_process_uptime	993
1781200847	snap	4000	otelcol	otelcol-sb-esrev0-ctr-gcg4j	otelcol_process_runtime_heap_alloc_bytes	35046720
1781200847	snap	4000	otelcol	otelcol-sb-esrev0-ctr-gcg4j	otelcol_exporter_sent_spans	438992
1781200847	snap	4000	otelcol	otelcol-sb-esrev0-ctr-pr5gq	otelcol_receiver_accepted_spans	6812486
1781200847	snap	4000	otelcol	otelcol-sb-esrev0-ctr-pr5gq	otelcol_receiver_failed_spans	0
1781200847	snap	4000	otelcol	otelcol-sb-esrev0-ctr-pr5gq	otelcol_process_uptime	993
1781200847	snap	4000	otelcol	otelcol-sb-esrev0-ctr-pr5gq	otelcol_exporter_queue_batch_send_size_sum	6812486
1781200847	snap	4000	otelcol	otelcol-sb-esrev0-ctr-pr5gq	otelcol_processor_outgoing_items	6812486
1781200847	snap	4000	otelcol	otelcol-sb-esrev0-ctr-pr5gq	otelcol_process_runtime_total_sys_memory_bytes	198687016
1781200847	snap	4000	otelcol	otelcol-sb-esrev0-ctr-pr5gq	otelcol_process_runtime_heap_alloc_bytes	133134088
1781200847	snap	4000	otelcol	otelcol-sb-esrev0-ctr-pr5gq	otelcol_exporter_queue_capacity	1001
1781200847	snap	4000	otelcol	otelcol-sb-esrev0-ctr-pr5gq	otelcol_process_memory_rss	317636608
1781200847	snap	4000	otelcol	otelcol-sb-esrev0-ctr-pr5gq	otelcol_exporter_queue_size	127
1781200847	snap	4000	otelcol	otelcol-sb-esrev0-ctr-pr5gq	otelcol_exporter_send_failed_spans	0
1781200847	snap	4000	otelcol	otelcol-sb-esrev0-ctr-pr5gq	otelcol_receiver_refused_spans	1497832
1781200847	snap	4000	otelcol	otelcol-sb-esrev0-ctr-pr5gq	otelcol_process_runtime_total_alloc_bytes	4281373928
1781200847	snap	4000	otelcol	otelcol-sb-esrev0-ctr-pr5gq	otelcol_processor_batch_batch_send_size_sum	6812486
1781200847	snap	4000	otelcol	otelcol-sb-esrev0-ctr-pr5gq	otelcol_process_cpu_seconds	104
1781200847	snap	4000	otelcol	otelcol-sb-esrev0-ctr-pr5gq	otelcol_processor_incoming_items	8310318
1781200847	snap	4000	otelcol	otelcol-sb-esrev0-ctr-pr5gq	otelcol_processor_batch_metadata_cardinality	1
1781200847	snap	4000	otelcol	otelcol-sb-esrev0-ctr-pr5gq	otelcol_processor_batch_timeout_trigger_send	3905
1781200847	snap	4000	otelcol	otelcol-sb-esrev0-ctr-pr5gq	otelcol_exporter_sent_spans	6658020
1781200847	snap	4000	otelcol	otelcol-sb-esrev0-ctr-rbkvt	otelcol_processor_outgoing_items	2390060
1781200847	snap	4000	otelcol	otelcol-sb-esrev0-ctr-rbkvt	otelcol_exporter_send_failed_spans	0
1781200847	snap	4000	otelcol	otelcol-sb-esrev0-ctr-rbkvt	otelcol_receiver_refused_spans	1842
1781200847	snap	4000	otelcol	otelcol-sb-esrev0-ctr-rbkvt	otelcol_exporter_queue_size	9
1781200847	snap	4000	otelcol	otelcol-sb-esrev0-ctr-rbkvt	otelcol_exporter_queue_batch_send_size_sum	2390060
1781200847	snap	4000	otelcol	otelcol-sb-esrev0-ctr-rbkvt	otelcol_process_runtime_total_sys_memory_bytes	133331240
1781200847	snap	4000	otelcol	otelcol-sb-esrev0-ctr-rbkvt	otelcol_receiver_failed_spans	0
1781200847	snap	4000	otelcol	otelcol-sb-esrev0-ctr-rbkvt	otelcol_processor_batch_metadata_cardinality	1
1781200847	snap	4000	otelcol	otelcol-sb-esrev0-ctr-rbkvt	otelcol_processor_batch_timeout_trigger_send	3956
1781200847	snap	4000	otelcol	otelcol-sb-esrev0-ctr-rbkvt	otelcol_processor_batch_batch_send_size_sum	2390060
1781200847	snap	4000	otelcol	otelcol-sb-esrev0-ctr-rbkvt	otelcol_receiver_accepted_spans	2390060
1781200847	snap	4000	otelcol	otelcol-sb-esrev0-ctr-rbkvt	otelcol_process_cpu_seconds	56
1781200847	snap	4000	otelcol	otelcol-sb-esrev0-ctr-rbkvt	otelcol_process_uptime	994
1781200847	snap	4000	otelcol	otelcol-sb-esrev0-ctr-rbkvt	otelcol_process_runtime_heap_alloc_bytes	69884840
1781200847	snap	4000	otelcol	otelcol-sb-esrev0-ctr-rbkvt	otelcol_process_memory_rss	242257920
1781200847	snap	4000	otelcol	otelcol-sb-esrev0-ctr-rbkvt	otelcol_exporter_sent_spans	2381982
1781200847	snap	4000	otelcol	otelcol-sb-esrev0-ctr-rbkvt	otelcol_exporter_queue_capacity	1001
1781200847	snap	4000	otelcol	otelcol-sb-esrev0-ctr-rbkvt	otelcol_process_runtime_total_alloc_bytes	1656899272
1781200847	snap	4000	otelcol	otelcol-sb-esrev0-ctr-rbkvt	otelcol_processor_incoming_items	2391902
1781200847	snap	4000	otelcol	otelcol-sb-esrev0-ctr-vnnmt	otelcol_process_cpu_seconds	54
1781200847	snap	4000	otelcol	otelcol-sb-esrev0-ctr-vnnmt	otelcol_exporter_sent_spans	2376866
1781200847	snap	4000	otelcol	otelcol-sb-esrev0-ctr-vnnmt	otelcol_process_runtime_total_alloc_bytes	1724818264
1781200847	snap	4000	otelcol	otelcol-sb-esrev0-ctr-vnnmt	otelcol_processor_outgoing_items	2389518
1781200847	snap	4000	otelcol	otelcol-sb-esrev0-ctr-vnnmt	otelcol_process_runtime_heap_alloc_bytes	44656120
1781200847	snap	4000	otelcol	otelcol-sb-esrev0-ctr-vnnmt	otelcol_exporter_queue_size	16
1781200847	snap	4000	otelcol	otelcol-sb-esrev0-ctr-vnnmt	otelcol_exporter_queue_batch_send_size_sum	2389518
1781200847	snap	4000	otelcol	otelcol-sb-esrev0-ctr-vnnmt	otelcol_processor_batch_batch_send_size_sum	2389518
1781200847	snap	4000	otelcol	otelcol-sb-esrev0-ctr-vnnmt	otelcol_receiver_failed_spans	0
1781200847	snap	4000	otelcol	otelcol-sb-esrev0-ctr-vnnmt	otelcol_process_memory_rss	245329920
1781200847	snap	4000	otelcol	otelcol-sb-esrev0-ctr-vnnmt	otelcol_exporter_send_failed_spans	0
1781200847	snap	4000	otelcol	otelcol-sb-esrev0-ctr-vnnmt	otelcol_receiver_refused_spans	74
1781200847	snap	4000	otelcol	otelcol-sb-esrev0-ctr-vnnmt	otelcol_receiver_accepted_spans	2389518
1781200847	snap	4000	otelcol	otelcol-sb-esrev0-ctr-vnnmt	otelcol_processor_batch_metadata_cardinality	1
1781200847	snap	4000	otelcol	otelcol-sb-esrev0-ctr-vnnmt	otelcol_process_runtime_total_sys_memory_bytes	125323544
1781200847	snap	4000	otelcol	otelcol-sb-esrev0-ctr-vnnmt	otelcol_processor_batch_timeout_trigger_send	3960
1781200847	snap	4000	otelcol	otelcol-sb-esrev0-ctr-vnnmt	otelcol_processor_incoming_items	2389592
1781200847	snap	4000	otelcol	otelcol-sb-esrev0-ctr-vnnmt	otelcol_process_uptime	994
1781200847	snap	4000	otelcol	otelcol-sb-esrev0-ctr-vnnmt	otelcol_exporter_queue_capacity	1001
1781200847	snap	4000	otelcol	otelcol-sb-esrev0-ctr-wht6z	otelcol_exporter_queue_size	55
1781200847	snap	4000	otelcol	otelcol-sb-esrev0-ctr-wht6z	otelcol_process_uptime	993
1781200847	snap	4000	otelcol	otelcol-sb-esrev0-ctr-wht6z	otelcol_receiver_accepted_spans	10655295
1781200847	snap	4000	otelcol	otelcol-sb-esrev0-ctr-wht6z	otelcol_process_runtime_heap_alloc_bytes	136685720
1781200847	snap	4000	otelcol	otelcol-sb-esrev0-ctr-wht6z	otelcol_receiver_failed_spans	0
1781200847	snap	4000	otelcol	otelcol-sb-esrev0-ctr-wht6z	otelcol_process_runtime_total_alloc_bytes	13532948304
1781200847	snap	4000	otelcol	otelcol-sb-esrev0-ctr-wht6z	otelcol_process_memory_rss	318373888
1781200847	snap	4000	otelcol	otelcol-sb-esrev0-ctr-wht6z	otelcol_exporter_queue_capacity	1001
1781200847	snap	4000	otelcol	otelcol-sb-esrev0-ctr-wht6z	otelcol_processor_incoming_items	17583054
1781200847	snap	4000	otelcol	otelcol-sb-esrev0-ctr-wht6z	otelcol_processor_batch_metadata_cardinality	1
1781200847	snap	4000	otelcol	otelcol-sb-esrev0-ctr-wht6z	otelcol_process_cpu_seconds	268
1781200847	snap	4000	otelcol	otelcol-sb-esrev0-ctr-wht6z	otelcol_exporter_send_failed_spans	0
1781200847	snap	4000	otelcol	otelcol-sb-esrev0-ctr-wht6z	otelcol_exporter_sent_spans	10434893
1781200847	snap	4000	otelcol	otelcol-sb-esrev0-ctr-wht6z	otelcol_process_runtime_total_sys_memory_bytes	232835384
1781200847	snap	4000	otelcol	otelcol-sb-esrev0-ctr-wht6z	otelcol_receiver_refused_spans	6927759
1781200847	snap	4000	otelcol	otelcol-sb-esrev0-ctr-wht6z	otelcol_exporter_queue_batch_send_size_sum	10655295
1781200847	snap	4000	otelcol	otelcol-sb-esrev0-ctr-wht6z	otelcol_processor_batch_timeout_trigger_send	2783
1781200847	snap	4000	otelcol	otelcol-sb-esrev0-ctr-wht6z	otelcol_processor_batch_batch_size_trigger_send	30
1781200847	snap	4000	otelcol	otelcol-sb-esrev0-ctr-wht6z	otelcol_processor_batch_batch_send_size_sum	10655295
1781200847	snap	4000	otelcol	otelcol-sb-esrev0-ctr-wht6z	otelcol_processor_outgoing_items	10655295
1781200847	snap	4000	k8s	otelcol-sb-esrev0-ctr-2bk4z	restart_count	0
1781200847	snap	4000	k8s	otelcol-sb-esrev0-ctr-gcg4j	restart_count	0
1781200847	snap	4000	k8s	otelcol-sb-esrev0-ctr-glxdm	restart_count	0
1781200847	snap	4000	k8s	otelcol-sb-esrev0-ctr-mrm6k	restart_count	0
1781200847	snap	4000	k8s	otelcol-sb-esrev0-ctr-pr5gq	restart_count	0
1781200847	snap	4000	k8s	otelcol-sb-esrev0-ctr-rbkvt	restart_count	0
1781200847	snap	4000	k8s	otelcol-sb-esrev0-ctr-rdtzq	restart_count	0
1781200847	snap	4000	k8s	otelcol-sb-esrev0-ctr-vnnmt	restart_count	0
1781200847	snap	4000	k8s	otelcol-sb-esrev0-ctr-wht6z	restart_count	0
1781200847	snap	4000	sdk	wrk2api	spans_received	443552
1781200847	snap	4000	sdk	wrk2api	spans_sent	387171
1781200847	snap	4000	sdk	wrk2api	spans_dropped	56381
1781200847	snap	4000	sdk	wrk2api	spans_flushed	443552
1781200847	snap	4000	sdk	wrk2api	batches_sent	14221
1781200847	snap	4000	sdk	wrk2api	batches_dropped	1444
1781200847	snap	4000	sdk	wrk2api	send_unavailable	1444
1781200847	snap	4000	sdk	wrk2api	send_deadline	0
1781200847	snap	4000	sdk	wrk2api	send_exhausted	0
1781200847	snap	4000	sdk	wrk2api	send_canceled	0
1781200847	snap	4000	sdk	wrk2api	send_other	0
1781200847	snap	4000	sdk	wrk2api	buffer_depth	0
0
1781200847	snap	4000	sdk	composepost	spans_received	15582991
1781200847	snap	4000	sdk	composepost	spans_sent	8714167
1781200847	snap	4000	sdk	composepost	spans_dropped	6868824
1781200847	snap	4000	sdk	composepost	spans_flushed	15582991
1781200847	snap	4000	sdk	composepost	batches_sent	41031
1781200847	snap	4000	sdk	composepost	batches_dropped	20889
1781200847	snap	4000	sdk	composepost	send_unavailable	10023
1781200847	snap	4000	sdk	composepost	send_deadline	10866
1781200847	snap	4000	sdk	composepost	send_exhausted	0
1781200847	snap	4000	sdk	composepost	send_canceled	0
1781200847	snap	4000	sdk	composepost	send_other	0
1781200847	snap	4000	sdk	composepost	buffer_depth	0
0
1781200847	snap	4000	sdk	hometimeline	spans_received	3895732
1781200847	snap	4000	sdk	hometimeline	spans_sent	1708824
1781200847	snap	4000	sdk	hometimeline	spans_dropped	2186908
1781200847	snap	4000	sdk	hometimeline	spans_flushed	3895732
1781200847	snap	4000	sdk	hometimeline	batches_sent	8834
1781200847	snap	4000	sdk	hometimeline	batches_dropped	6745
1781200847	snap	4000	sdk	hometimeline	send_unavailable	6395
1781200847	snap	4000	sdk	hometimeline	send_deadline	350
1781200847	snap	4000	sdk	hometimeline	send_exhausted	0
1781200847	snap	4000	sdk	hometimeline	send_canceled	0
1781200847	snap	4000	sdk	hometimeline	send_other	0
1781200847	snap	4000	sdk	hometimeline	buffer_depth	0
0
1781200847	snap	4000	sdk	media	spans_received	1947875
1781200847	snap	4000	sdk	media	spans_sent	1907453
1781200847	snap	4000	sdk	media	spans_dropped	40422
1781200847	snap	4000	sdk	media	spans_flushed	1947875
1781200847	snap	4000	sdk	media	batches_sent	7622
1781200847	snap	4000	sdk	media	batches_dropped	121
1781200847	snap	4000	sdk	media	send_unavailable	121
1781200847	snap	4000	sdk	media	send_deadline	0
1781200847	snap	4000	sdk	media	send_exhausted	0
1781200847	snap	4000	sdk	media	send_canceled	0
1781200847	snap	4000	sdk	media	send_other	0
1781200847	snap	4000	sdk	media	buffer_depth	0
0
1781200847	snap	4000	sdk	post-storage	spans_received	1947866
1781200847	snap	4000	sdk	post-storage	spans_sent	1937115
1781200847	snap	4000	sdk	post-storage	spans_dropped	10751
1781200847	snap	4000	sdk	post-storage	spans_flushed	1947866
1781200847	snap	4000	sdk	post-storage	batches_sent	7707
1781200847	snap	4000	sdk	post-storage	batches_dropped	31
1781200847	snap	4000	sdk	post-storage	send_unavailable	31
1781200847	snap	4000	sdk	post-storage	send_deadline	0
1781200847	snap	4000	sdk	post-storage	send_exhausted	0
1781200847	snap	4000	sdk	post-storage	send_canceled	0
1781200847	snap	4000	sdk	post-storage	send_other	0
1781200847	snap	4000	sdk	post-storage	buffer_depth	0
0
1781200847	snap	4000	sdk	socialgraph	spans_received	2061700
1781200847	snap	4000	sdk	socialgraph	spans_sent	2061700
1781200847	snap	4000	sdk	socialgraph	spans_dropped	0
1781200847	snap	4000	sdk	socialgraph	spans_flushed	2061700
1781200847	snap	4000	sdk	socialgraph	batches_sent	8186
1781200847	snap	4000	sdk	socialgraph	batches_dropped	0
1781200847	snap	4000	sdk	socialgraph	send_unavailable	0
1781200847	snap	4000	sdk	socialgraph	send_deadline	0
1781200847	snap	4000	sdk	socialgraph	send_exhausted	0
1781200847	snap	4000	sdk	socialgraph	send_canceled	0
1781200847	snap	4000	sdk	socialgraph	send_other	0
1781200847	snap	4000	sdk	socialgraph	buffer_depth	0
0
1781200847	snap	4000	sdk	text	spans_received	5843643
1781200847	snap	4000	sdk	text	spans_sent	4442614
1781200847	snap	4000	sdk	text	spans_dropped	1401029
1781200847	snap	4000	sdk	text	spans_flushed	5843643
1781200847	snap	4000	sdk	text	batches_sent	18987
1781200847	snap	4000	sdk	text	batches_dropped	4207
1781200847	snap	4000	sdk	text	send_unavailable	4207
1781200847	snap	4000	sdk	text	send_deadline	0
1781200847	snap	4000	sdk	text	send_exhausted	0
1781200847	snap	4000	sdk	text	send_canceled	0
1781200847	snap	4000	sdk	text	send_other	0
1781200847	snap	4000	sdk	text	buffer_depth	0
0
1781200847	snap	4000	sdk	uniqueid	spans_received	1947875
1781200847	snap	4000	sdk	uniqueid	spans_sent	1898071
1781200847	snap	4000	sdk	uniqueid	spans_dropped	49804
1781200847	snap	4000	sdk	uniqueid	spans_flushed	1947875
1781200847	snap	4000	sdk	uniqueid	batches_sent	7561
1781200847	snap	4000	sdk	uniqueid	batches_dropped	153
1781200847	snap	4000	sdk	uniqueid	send_unavailable	153
1781200847	snap	4000	sdk	uniqueid	send_deadline	0
1781200847	snap	4000	sdk	uniqueid	send_exhausted	0
1781200847	snap	4000	sdk	uniqueid	send_canceled	0
1781200847	snap	4000	sdk	uniqueid	send_other	0
1781200847	snap	4000	sdk	uniqueid	buffer_depth	0
0
1781200847	snap	4000	sdk	urlshorten	spans_received	1947875
1781200847	snap	4000	sdk	urlshorten	spans_sent	1947875
1781200847	snap	4000	sdk	urlshorten	spans_dropped	0
1781200847	snap	4000	sdk	urlshorten	spans_flushed	1947875
1781200847	snap	4000	sdk	urlshorten	batches_sent	7741
1781200847	snap	4000	sdk	urlshorten	batches_dropped	0
1781200847	snap	4000	sdk	urlshorten	send_unavailable	0
1781200847	snap	4000	sdk	urlshorten	send_deadline	0
1781200847	snap	4000	sdk	urlshorten	send_exhausted	0
1781200847	snap	4000	sdk	urlshorten	send_canceled	0
1781200847	snap	4000	sdk	urlshorten	send_other	0
1781200847	snap	4000	sdk	urlshorten	buffer_depth	0
0
1781200847	snap	4000	sdk	user	spans_received	1949799
1781200847	snap	4000	sdk	user	spans_sent	1949799
1781200847	snap	4000	sdk	user	spans_dropped	0
1781200847	snap	4000	sdk	user	spans_flushed	1949799
1781200847	snap	4000	sdk	user	batches_sent	7725
1781200847	snap	4000	sdk	user	batches_dropped	0
1781200847	snap	4000	sdk	user	send_unavailable	0
1781200847	snap	4000	sdk	user	send_deadline	0
1781200847	snap	4000	sdk	user	send_exhausted	0
1781200847	snap	4000	sdk	user	send_canceled	0
1781200847	snap	4000	sdk	user	send_other	0
1781200847	snap	4000	sdk	user	buffer_depth	0
0
1781200847	snap	4000	sdk	userid	spans_received	75248
1781200847	snap	4000	sdk	userid	spans_sent	75248
1781200847	snap	4000	sdk	userid	spans_dropped	0
1781200847	snap	4000	sdk	userid	spans_flushed	75248
1781200847	snap	4000	sdk	userid	batches_sent	245
1781200847	snap	4000	sdk	userid	batches_dropped	0
1781200847	snap	4000	sdk	userid	send_unavailable	0
1781200847	snap	4000	sdk	userid	send_deadline	0
1781200847	snap	4000	sdk	userid	send_exhausted	0
1781200847	snap	4000	sdk	userid	send_canceled	0
1781200847	snap	4000	sdk	userid	send_other	0
1781200847	snap	4000	sdk	userid	buffer_depth	0
0
1781200847	snap	4000	sdk	usermention	spans_received	1947875
1781200847	snap	4000	sdk	usermention	spans_sent	1897811
1781200847	snap	4000	sdk	usermention	spans_dropped	50064
1781200847	snap	4000	sdk	usermention	spans_flushed	1947875
1781200847	snap	4000	sdk	usermention	batches_sent	7578
1781200847	snap	4000	sdk	usermention	batches_dropped	154
1781200847	snap	4000	sdk	usermention	send_unavailable	154
1781200847	snap	4000	sdk	usermention	send_deadline	0
1781200847	snap	4000	sdk	usermention	send_exhausted	0
1781200847	snap	4000	sdk	usermention	send_canceled	0
1781200847	snap	4000	sdk	usermention	send_other	0
1781200847	snap	4000	sdk	usermention	buffer_depth	0
0
1781200847	snap	4000	sdk	usertimeline	spans_received	1947866
1781200847	snap	4000	sdk	usertimeline	spans_sent	1940874
1781200847	snap	4000	sdk	usertimeline	spans_dropped	6992
1781200847	snap	4000	sdk	usertimeline	spans_flushed	1947866
1781200847	snap	4000	sdk	usertimeline	batches_sent	7633
1781200847	snap	4000	sdk	usertimeline	batches_dropped	19
1781200847	snap	4000	sdk	usertimeline	send_unavailable	19
1781200847	snap	4000	sdk	usertimeline	send_deadline	0
1781200847	snap	4000	sdk	usertimeline	send_exhausted	0
1781200847	snap	4000	sdk	usertimeline	send_canceled	0
1781200847	snap	4000	sdk	usertimeline	send_other	0
1781200847	snap	4000	sdk	usertimeline	buffer_depth	0
0
