setup: assigned thread_id=1
init: final thread_id=1, base_seed=nil
script_want_response
Running 2m test @ http://10.10.1.1:23694
  1 threads and 10 connections

  Thread calibration: mean lat.: 61.486ms, rate sampling interval: 129ms

-----------------------------------------------------------------------
Test Results @ http://10.10.1.1:23694 
  Thread Stats   Avg      Stdev     99%   +/- Stdev
    Latency     7.74ms    0.90ms  10.00ms   74.69%
    Req/Sec   100.10     32.89   156.00     75.04%
  Latency Distribution (HdrHistogram - Recorded Latency)
 50.000%    7.62ms
 75.000%    8.23ms
 90.000%    8.91ms
 99.000%   10.00ms
 99.900%   13.45ms
 99.990%   16.78ms
 99.999%   16.99ms
100.000%   16.99ms

  Detailed Percentile spectrum:
       Value   Percentile   TotalCount 1/(1-Percentile)

       4.615     0.000000            2         1.00
       6.819     0.100000          902         1.11
       7.075     0.200000         1811         1.25
       7.267     0.300000         2700         1.43
       7.443     0.400000         3608         1.67
       7.623     0.500000         4505         2.00
       7.727     0.550000         4969         2.22
       7.827     0.600000         5401         2.50
       7.955     0.650000         5860         2.86
       8.071     0.700000         6307         3.33
       8.231     0.750000         6772         4.00
       8.319     0.775000         6992         4.44
       8.415     0.800000         7205         5.00
       8.519     0.825000         7428         5.71
       8.639     0.850000         7660         6.67
       8.775     0.875000         7882         8.00
       8.847     0.887500         8002         8.89
       8.911     0.900000         8100        10.00
       8.983     0.912500         8216        11.43
       9.063     0.925000         8331        13.33
       9.159     0.937500         8444        16.00
       9.207     0.943750         8498        17.78
       9.263     0.950000         8560        20.00
       9.327     0.956250         8607        22.86
       9.391     0.962500         8667        26.67
       9.471     0.968750         8722        32.00
       9.511     0.971875         8748        35.56
       9.583     0.975000         8780        40.00
       9.623     0.978125         8804        45.71
       9.679     0.981250         8832        53.33
       9.767     0.984375         8861        64.00
       9.807     0.985938         8876        71.11
       9.855     0.987500         8888        80.00
       9.943     0.989062         8902        91.43
      10.063     0.990625         8916       106.67
      10.199     0.992188         8931       128.00
      10.263     0.992969         8938       142.22
      10.327     0.993750         8944       160.00
      10.503     0.994531         8952       182.86
      10.567     0.995313         8958       213.33
      10.887     0.996094         8965       256.00
      12.031     0.996484         8969       284.44
      12.311     0.996875         8972       320.00
      12.503     0.997266         8976       365.71
      12.599     0.997656         8979       426.67
      12.767     0.998047         8983       512.00
      12.863     0.998242         8985       568.89
      13.015     0.998437         8986       640.00
      13.039     0.998633         8988       731.43
      13.343     0.998828         8990       853.33
      13.479     0.999023         8992      1024.00
      13.975     0.999121         8993      1137.78
      13.975     0.999219         8993      1280.00
      14.063     0.999316         8994      1462.86
      14.079     0.999414         8995      1706.67
      14.135     0.999512         8996      2048.00
      14.199     0.999561         8997      2275.56
      14.199     0.999609         8997      2560.00
      14.199     0.999658         8997      2925.71
      15.511     0.999707         8998      3413.33
      15.511     0.999756         8998      4096.00
      16.783     0.999780         8999      4551.11
      16.783     0.999805         8999      5120.00
      16.783     0.999829         8999      5851.43
      16.783     0.999854         8999      6826.67
      16.783     0.999878         8999      8192.00
      16.991     0.999890         9000      9102.22
      16.991     1.000000         9000          inf
#[Mean    =        7.743, StdDeviation   =        0.902]
#[Max     =       16.976, Total count    =         9000]
#[Buckets =           27, SubBuckets     =         2048]
-----------------------------------------------------------------------
  9991 requests in 1.67m, 1.55MB read
Requests/sec:     99.90  
Transfer/sec:     15.85KB

=== rps=2000 c=200 t=20 url=http://10.10.1.1:23694 ===
setup: assigned thread_id=1
init: final thread_id=1, base_seed=nil
setup: assigned thread_id=2
init: final thread_id=2, base_seed=nil
setup: assigned thread_id=3
init: final thread_id=3, base_seed=nil
setup: assigned thread_id=4
init: final thread_id=4, base_seed=nil
setup: assigned thread_id=5
init: final thread_id=5, base_seed=nil
setup: assigned thread_id=6
init: final thread_id=6, base_seed=nil
setup: assigned thread_id=7
init: final thread_id=7, base_seed=nil
setup: assigned thread_id=8
init: final thread_id=8, base_seed=nil
setup: assigned thread_id=9
init: final thread_id=9, base_seed=nil
setup: assigned thread_id=10
init: final thread_id=10, base_seed=nil
setup: assigned thread_id=11
init: final thread_id=11, base_seed=nil
setup: assigned thread_id=12
init: final thread_id=12, base_seed=nil
setup: assigned thread_id=13
init: final thread_id=13, base_seed=nil
setup: assigned thread_id=14
init: final thread_id=14, base_seed=nil
setup: assigned thread_id=15
init: final thread_id=15, base_seed=nil
setup: assigned thread_id=16
init: final thread_id=16, base_seed=nil
setup: assigned thread_id=17
init: final thread_id=17, base_seed=nil
setup: assigned thread_id=18
init: final thread_id=18, base_seed=nil
setup: assigned thread_id=19
init: final thread_id=19, base_seed=nil
setup: assigned thread_id=20
init: final thread_id=20, base_seed=nil
script_want_response
Running 30s test @ http://10.10.1.1:23694
  20 threads and 200 connections

  Thread calibration: mean lat.: 19.350ms, rate sampling interval: 58ms
  Thread calibration: mean lat.: 20.730ms, rate sampling interval: 59ms
  Thread calibration: mean lat.: 20.321ms, rate sampling interval: 58ms
  Thread calibration: mean lat.: 18.877ms, rate sampling interval: 58ms
  Thread calibration: mean lat.: 20.282ms, rate sampling interval: 59ms
  Thread calibration: mean lat.: 20.563ms, rate sampling interval: 61ms
  Thread calibration: mean lat.: 18.200ms, rate sampling interval: 57ms
  Thread calibration: mean lat.: 17.481ms, rate sampling interval: 56ms
  Thread calibration: mean lat.: 17.508ms, rate sampling interval: 55ms
  Thread calibration: mean lat.: 16.790ms, rate sampling interval: 53ms
  Thread calibration: mean lat.: 14.136ms, rate sampling interval: 40ms
  Thread calibration: mean lat.: 12.606ms, rate sampling interval: 30ms
  Thread calibration: mean lat.: 12.936ms, rate sampling interval: 31ms
  Thread calibration: mean lat.: 13.013ms, rate sampling interval: 32ms
  Thread calibration: mean lat.: 13.886ms, rate sampling interval: 36ms
  Thread calibration: mean lat.: 22.262ms, rate sampling interval: 60ms
  Thread calibration: mean lat.: 22.764ms, rate sampling interval: 60ms
  Thread calibration: mean lat.: 23.984ms, rate sampling interval: 60ms
  Thread calibration: mean lat.: 24.210ms, rate sampling interval: 59ms
  Thread calibration: mean lat.: 24.156ms, rate sampling interval: 59ms

-----------------------------------------------------------------------
Test Results @ http://10.10.1.1:23694 
  Thread Stats   Avg      Stdev     99%   +/- Stdev
    Latency    19.18ms    8.91ms  53.60ms   75.88%
    Req/Sec   100.79     72.87   256.00     64.27%
  Latency Distribution (HdrHistogram - Recorded Latency)
 50.000%   16.94ms
 75.000%   24.83ms
 90.000%   29.42ms
 99.000%   53.60ms
 99.900%   70.78ms
 99.990%   75.20ms
 99.999%   76.16ms
100.000%   76.16ms

  Detailed Percentile spectrum:
       Value   Percentile   TotalCount 1/(1-Percentile)

       7.007     0.000000            1         1.00
      10.175     0.100000         4009         1.11
      11.407     0.200000         8003         1.25
      12.839     0.300000        12000         1.43
      14.495     0.400000        15969         1.67
      16.943     0.500000        19977         2.00
      18.767     0.550000        21960         2.22
      20.623     0.600000        23955         2.50
      22.111     0.650000        25970         2.86
      23.455     0.700000        27960         3.33
      24.831     0.750000        29961         4.00
      25.471     0.775000        30954         4.44
      26.127     0.800000        31961         5.00
      26.815     0.825000        32944         5.71
      27.567     0.850000        33954         6.67
      28.383     0.875000        34938         8.00
      28.863     0.887500        35431         8.89
      29.423     0.900000        35930        10.00
      30.031     0.912500        36435        11.43
      30.831     0.925000        36932        13.33
      31.839     0.937500        37429        16.00
      32.575     0.943750        37682        17.78
      33.279     0.950000        37927        20.00
      34.143     0.956250        38176        22.86
      35.007     0.962500        38430        26.67
      36.127     0.968750        38676        32.00
      36.767     0.971875        38803        35.56
      37.663     0.975000        38924        40.00
      39.071     0.978125        39052        45.71
      41.055     0.981250        39175        53.33
      45.567     0.984375        39299        64.00
      48.127     0.985938        39361        71.11
      51.295     0.987500        39423        80.00
      52.863     0.989062        39487        91.43
      54.207     0.990625        39551       106.67
      55.743     0.992188        39612       128.00
      56.447     0.992969        39642       142.22
      58.047     0.993750        39674       160.00
      59.647     0.994531        39704       182.86
      61.887     0.995313        39735       213.33
      64.383     0.996094        39767       256.00
      64.863     0.996484        39782       284.44
      65.599     0.996875        39798       320.00
      66.367     0.997266        39813       365.71
      67.135     0.997656        39829       426.67
      67.967     0.998047        39845       512.00
      68.479     0.998242        39853       568.89
      68.991     0.998437        39863       640.00
      69.375     0.998633        39868       731.43
      70.399     0.998828        39878       853.33
      70.911     0.999023        39886      1024.00
      70.975     0.999121        39888      1137.78
      71.231     0.999219        39891      1280.00
      71.807     0.999316        39895      1462.86
      72.319     0.999414        39899      1706.67
      73.087     0.999512        39903      2048.00
      73.599     0.999561        39905      2275.56
      73.791     0.999609        39907      2560.00
      73.919     0.999658        39909      2925.71
      74.239     0.999707        39911      3413.33
      74.367     0.999756        39913      4096.00
      74.623     0.999780        39914      4551.11
      74.751     0.999805        39915      5120.00
      75.007     0.999829        39916      5851.43
      75.135     0.999854        39917      6826.67
      75.199     0.999878        39918      8192.00
      75.199     0.999890        39918      9102.22
      75.519     0.999902        39919     10240.00
      75.519     0.999915        39919     11702.86
      75.583     0.999927        39921     13653.33
      75.583     0.999939        39921     16384.00
      75.583     0.999945        39921     18204.44
      75.583     0.999951        39921     20480.00
      75.583     0.999957        39921     23405.71
      75.583     0.999963        39921     27306.67
      75.583     0.999969        39921     32768.00
      75.583     0.999973        39921     36408.89
      76.159     0.999976        39922     40960.00
      76.159     1.000000        39922          inf
#[Mean    =       19.177, StdDeviation   =        8.914]
#[Max     =       76.096, Total count    =        39922]
#[Buckets =           27, SubBuckets     =         2048]
-----------------------------------------------------------------------
  59632 requests in 29.93s, 9.25MB read
Requests/sec:   1992.46  
Transfer/sec:    316.43KB

=== rps=2200 c=242 t=25 url=http://10.10.1.1:23694 ===
setup: assigned thread_id=1
init: final thread_id=1, base_seed=nil
setup: assigned thread_id=2
init: final thread_id=2, base_seed=nil
setup: assigned thread_id=3
init: final thread_id=3, base_seed=nil
setup: assigned thread_id=4
init: final thread_id=4, base_seed=nil
setup: assigned thread_id=5
init: final thread_id=5, base_seed=nil
setup: assigned thread_id=6
init: final thread_id=6, base_seed=nil
setup: assigned thread_id=7
init: final thread_id=7, base_seed=nil
setup: assigned thread_id=8
init: final thread_id=8, base_seed=nil
setup: assigned thread_id=9
init: final thread_id=9, base_seed=nil
setup: assigned thread_id=10
init: final thread_id=10, base_seed=nil
setup: assigned thread_id=11
init: final thread_id=11, base_seed=nil
setup: assigned thread_id=12
init: final thread_id=12, base_seed=nil
setup: assigned thread_id=13
init: final thread_id=13, base_seed=nil
setup: assigned thread_id=14
init: final thread_id=14, base_seed=nil
setup: assigned thread_id=15
init: final thread_id=15, base_seed=nil
setup: assigned thread_id=16
init: final thread_id=16, base_seed=nil
setup: assigned thread_id=17
init: final thread_id=17, base_seed=nil
setup: assigned thread_id=18
init: final thread_id=18, base_seed=nil
setup: assigned thread_id=19
init: final thread_id=19, base_seed=nil
setup: assigned thread_id=20
init: final thread_id=20, base_seed=nil
setup: assigned thread_id=21
init: final thread_id=21, base_seed=nil
setup: assigned thread_id=22
init: final thread_id=22, base_seed=nil
setup: assigned thread_id=23
init: final thread_id=23, base_seed=nil
setup: assigned thread_id=24
init: final thread_id=24, base_seed=nil
setup: assigned thread_id=25
init: final thread_id=25, base_seed=nil
script_want_response
Running 30s test @ http://10.10.1.1:23694
  25 threads and 242 connections

  Thread calibration: mean lat.: 10.845ms, rate sampling interval: 31ms
  Thread calibration: mean lat.: 12.389ms, rate sampling interval: 43ms
  Thread calibration: mean lat.: 13.978ms, rate sampling interval: 50ms
  Thread calibration: mean lat.: 14.561ms, rate sampling interval: 53ms
  Thread calibration: mean lat.: 13.919ms, rate sampling interval: 45ms
  Thread calibration: mean lat.: 14.239ms, rate sampling interval: 44ms
  Thread calibration: mean lat.: 15.968ms, rate sampling interval: 55ms
  Thread calibration: mean lat.: 16.641ms, rate sampling interval: 55ms
  Thread calibration: mean lat.: 15.139ms, rate sampling interval: 44ms
  Thread calibration: mean lat.: 16.224ms, rate sampling interval: 53ms
  Thread calibration: mean lat.: 15.291ms, rate sampling interval: 44ms
  Thread calibration: mean lat.: 16.669ms, rate sampling interval: 54ms
  Thread calibration: mean lat.: 19.885ms, rate sampling interval: 65ms
  Thread calibration: mean lat.: 19.074ms, rate sampling interval: 62ms
  Thread calibration: mean lat.: 20.508ms, rate sampling interval: 68ms
  Thread calibration: mean lat.: 22.041ms, rate sampling interval: 70ms
  Thread calibration: mean lat.: 26.172ms, rate sampling interval: 75ms
  Thread calibration: mean lat.: 26.930ms, rate sampling interval: 75ms
  Thread calibration: mean lat.: 26.692ms, rate sampling interval: 74ms
  Thread calibration: mean lat.: 26.552ms, rate sampling interval: 73ms
  Thread calibration: mean lat.: 26.398ms, rate sampling interval: 71ms
  Thread calibration: mean lat.: 26.197ms, rate sampling interval: 71ms
  Thread calibration: mean lat.: 25.636ms, rate sampling interval: 69ms
  Thread calibration: mean lat.: 25.130ms, rate sampling interval: 68ms
  Thread calibration: mean lat.: 24.312ms, rate sampling interval: 68ms

-----------------------------------------------------------------------
Test Results @ http://10.10.1.1:23694 
  Thread Stats   Avg      Stdev     99%   +/- Stdev
    Latency    20.57ms   11.32ms  60.93ms   78.84%
    Req/Sec    88.46     59.64   266.00     67.72%
  Latency Distribution (HdrHistogram - Recorded Latency)
 50.000%   18.27ms
 75.000%   25.49ms
 90.000%   33.60ms
 99.000%   60.93ms
 99.900%   89.92ms
 99.990%   93.76ms
 99.999%   94.97ms
100.000%   94.97ms

  Detailed Percentile spectrum:
       Value   Percentile   TotalCount 1/(1-Percentile)

       6.683     0.000000            1         1.00
       9.399     0.100000         4387         1.11
      11.183     0.200000         8779         1.25
      13.279     0.300000        13160         1.43
      15.751     0.400000        17549         1.67
      18.271     0.500000        21931         2.00
      19.615     0.550000        24134         2.22
      21.007     0.600000        26319         2.50
      22.367     0.650000        28523         2.86
      23.887     0.700000        30710         3.33
      25.487     0.750000        32904         4.00
      26.335     0.775000        33993         4.44
      27.279     0.800000        35096         5.00
      28.399     0.825000        36181         5.71
      29.759     0.850000        37284         6.67
      31.455     0.875000        38385         8.00
      32.527     0.887500        38928         8.89
      33.599     0.900000        39473        10.00
      35.103     0.912500        40024        11.43
      36.959     0.925000        40576        13.33
      39.295     0.937500        41114        16.00
      40.735     0.943750        41389        17.78
      42.207     0.950000        41665        20.00
      44.319     0.956250        41941        22.86
      46.047     0.962500        42215        26.67
      48.223     0.968750        42485        32.00
      49.535     0.971875        42624        35.56
      50.879     0.975000        42759        40.00
      52.543     0.978125        42896        45.71
      54.047     0.981250        43032        53.33
      56.127     0.984375        43169        64.00
      57.055     0.985938        43238        71.11
      58.175     0.987500        43307        80.00
      59.519     0.989062        43375        91.43
      61.823     0.990625        43443       106.67
      65.055     0.992188        43512       128.00
      65.471     0.992969        43546       142.22
      65.919     0.993750        43581       160.00
      66.623     0.994531        43615       182.86
      69.311     0.995313        43650       213.33
      76.607     0.996094        43683       256.00
      78.847     0.996484        43700       284.44
      81.087     0.996875        43717       320.00
      84.159     0.997266        43735       365.71
      85.823     0.997656        43752       426.67
      87.679     0.998047        43770       512.00
      88.191     0.998242        43777       568.89
      88.639     0.998437        43786       640.00
      88.895     0.998633        43795       731.43
      89.599     0.998828        43803       853.33
      89.919     0.999023        43812      1024.00
      90.239     0.999121        43816      1137.78
      90.431     0.999219        43820      1280.00
      90.815     0.999316        43825      1462.86
      91.071     0.999414        43829      1706.67
      91.391     0.999512        43836      2048.00
      91.391     0.999561        43836      2275.56
      91.647     0.999609        43837      2560.00
      92.031     0.999658        43840      2925.71
      92.479     0.999707        43842      3413.33
      92.671     0.999756        43844      4096.00
      92.927     0.999780        43845      4551.11
      93.055     0.999805        43846      5120.00
      93.375     0.999829        43847      5851.43
      93.631     0.999854        43848      6826.67
      93.759     0.999878        43850      8192.00
      93.759     0.999890        43850      9102.22
      93.759     0.999902        43850     10240.00
      93.951     0.999915        43851     11702.86
      93.951     0.999927        43851     13653.33
      94.079     0.999939        43852     16384.00
      94.079     0.999945        43852     18204.44
      94.079     0.999951        43852     20480.00
      94.719     0.999957        43853     23405.71
      94.719     0.999963        43853     27306.67
      94.719     0.999969        43853     32768.00
      94.719     0.999973        43853     36408.89
      94.719     0.999976        43853     40960.00
      94.975     0.999979        43854     46811.43
      94.975     1.000000        43854          inf
#[Mean    =       20.571, StdDeviation   =       11.319]
#[Max     =       94.912, Total count    =        43854]
#[Buckets =           27, SubBuckets     =         2048]
-----------------------------------------------------------------------
  65695 requests in 29.92s, 10.19MB read
Requests/sec:   2195.52  
Transfer/sec:    348.66KB

=== rps=2400 c=288 t=29 url=http://10.10.1.1:23694 ===
setup: assigned thread_id=1
init: final thread_id=1, base_seed=nil
setup: assigned thread_id=2
init: final thread_id=2, base_seed=nil
setup: assigned thread_id=3
init: final thread_id=3, base_seed=nil
setup: assigned thread_id=4
init: final thread_id=4, base_seed=nil
setup: assigned thread_id=5
init: final thread_id=5, base_seed=nil
setup: assigned thread_id=6
init: final thread_id=6, base_seed=nil
setup: assigned thread_id=7
init: final thread_id=7, base_seed=nil
setup: assigned thread_id=8
init: final thread_id=8, base_seed=nil
setup: assigned thread_id=9
init: final thread_id=9, base_seed=nil
setup: assigned thread_id=10
init: final thread_id=10, base_seed=nil
setup: assigned thread_id=11
init: final thread_id=11, base_seed=nil
setup: assigned thread_id=12
init: final thread_id=12, base_seed=nil
setup: assigned thread_id=13
init: final thread_id=13, base_seed=nil
setup: assigned thread_id=14
init: final thread_id=14, base_seed=nil
setup: assigned thread_id=15
init: final thread_id=15, base_seed=nil
setup: assigned thread_id=16
init: final thread_id=16, base_seed=nil
setup: assigned thread_id=17
init: final thread_id=17, base_seed=nil
setup: assigned thread_id=18
init: final thread_id=18, base_seed=nil
setup: assigned thread_id=19
init: final thread_id=19, base_seed=nil
setup: assigned thread_id=20
init: final thread_id=20, base_seed=nil
setup: assigned thread_id=21
init: final thread_id=21, base_seed=nil
setup: assigned thread_id=22
init: final thread_id=22, base_seed=nil
setup: assigned thread_id=23
init: final thread_id=23, base_seed=nil
setup: assigned thread_id=24
init: final thread_id=24, base_seed=nil
setup: assigned thread_id=25
init: final thread_id=25, base_seed=nil
setup: assigned thread_id=26
init: final thread_id=26, base_seed=nil
setup: assigned thread_id=27
init: final thread_id=27, base_seed=nil
setup: assigned thread_id=28
init: final thread_id=28, base_seed=nil
setup: assigned thread_id=29
init: final thread_id=29, base_seed=nil
script_want_response
Running 30s test @ http://10.10.1.1:23694
  29 threads and 288 connections

  Thread calibration: mean lat.: 17.553ms, rate sampling interval: 64ms
  Thread calibration: mean lat.: 17.242ms, rate sampling interval: 63ms
  Thread calibration: mean lat.: 16.996ms, rate sampling interval: 60ms
  Thread calibration: mean lat.: 13.632ms, rate sampling interval: 44ms
  Thread calibration: mean lat.: 15.994ms, rate sampling interval: 58ms
  Thread calibration: mean lat.: 15.914ms, rate sampling interval: 55ms
  Thread calibration: mean lat.: 15.396ms, rate sampling interval: 51ms
  Thread calibration: mean lat.: 14.965ms, rate sampling interval: 46ms
  Thread calibration: mean lat.: 14.788ms, rate sampling interval: 45ms
  Thread calibration: mean lat.: 14.277ms, rate sampling interval: 40ms
  Thread calibration: mean lat.: 13.868ms, rate sampling interval: 37ms
  Thread calibration: mean lat.: 13.202ms, rate sampling interval: 35ms
  Thread calibration: mean lat.: 12.962ms, rate sampling interval: 34ms
  Thread calibration: mean lat.: 12.841ms, rate sampling interval: 35ms
  Thread calibration: mean lat.: 12.464ms, rate sampling interval: 34ms
  Thread calibration: mean lat.: 12.270ms, rate sampling interval: 33ms
  Thread calibration: mean lat.: 14.432ms, rate sampling interval: 43ms
  Thread calibration: mean lat.: 15.449ms, rate sampling interval: 50ms
  Thread calibration: mean lat.: 16.225ms, rate sampling interval: 54ms
  Thread calibration: mean lat.: 17.369ms, rate sampling interval: 57ms
  Thread calibration: mean lat.: 18.266ms, rate sampling interval: 59ms
  Thread calibration: mean lat.: 19.192ms, rate sampling interval: 60ms
  Thread calibration: mean lat.: 19.865ms, rate sampling interval: 60ms
  Thread calibration: mean lat.: 19.148ms, rate sampling interval: 59ms
  Thread calibration: mean lat.: 18.509ms, rate sampling interval: 58ms
  Thread calibration: mean lat.: 17.568ms, rate sampling interval: 56ms
  Thread calibration: mean lat.: 16.511ms, rate sampling interval: 54ms
  Thread calibration: mean lat.: 15.408ms, rate sampling interval: 53ms
  Thread calibration: mean lat.: 15.324ms, rate sampling interval: 51ms

-----------------------------------------------------------------------
Test Results @ http://10.10.1.1:23694 
  Thread Stats   Avg      Stdev     99%   +/- Stdev
    Latency    17.93ms   11.78ms  66.18ms   89.74%
    Req/Sec    82.63     70.81   222.00     50.82%
  Latency Distribution (HdrHistogram - Recorded Latency)
 50.000%   14.36ms
 75.000%   20.67ms
 90.000%   30.00ms
 99.000%   66.18ms
 99.900%  108.54ms
 99.990%  164.99ms
 99.999%  194.82ms
100.000%  194.82ms

  Detailed Percentile spectrum:
       Value   Percentile   TotalCount 1/(1-Percentile)

       6.787     0.000000            1         1.00
       9.311     0.100000         4757         1.11
      10.439     0.200000         9509         1.25
      11.551     0.300000        14278         1.43
      12.815     0.400000        19013         1.67
      14.359     0.500000        23762         2.00
      15.359     0.550000        26152         2.22
      16.479     0.600000        28530         2.50
      17.695     0.650000        30891         2.86
      19.007     0.700000        33278         3.33
      20.671     0.750000        35639         4.00
      21.695     0.775000        36836         4.44
      22.767     0.800000        38012         5.00
      24.015     0.825000        39207         5.71
      25.663     0.850000        40393         6.67
      27.615     0.875000        41583         8.00
      28.847     0.887500        42171         8.89
      29.999     0.900000        42763        10.00
      31.423     0.912500        43356        11.43
      33.087     0.925000        43954        13.33
      35.039     0.937500        44542        16.00
      36.223     0.943750        44841        17.78
      37.823     0.950000        45140        20.00
      39.455     0.956250        45434        22.86
      41.375     0.962500        45730        26.67
      43.839     0.968750        46028        32.00
      45.439     0.971875        46174        35.56
      47.679     0.975000        46324        40.00
      52.127     0.978125        46471        45.71
      55.359     0.981250        46620        53.33
      57.695     0.984375        46770        64.00
      58.591     0.985938        46842        71.11
      60.127     0.987500        46917        80.00
      64.415     0.989062        46991        91.43
      67.455     0.990625        47067       106.67
      70.783     0.992188        47140       128.00
      72.895     0.992969        47177       142.22
      76.863     0.993750        47215       160.00
      78.655     0.994531        47251       182.86
      88.063     0.995313        47288       213.33
      99.711     0.996094        47326       256.00
     100.991     0.996484        47343       284.44
     102.015     0.996875        47363       320.00
     103.167     0.997266        47382       365.71
     104.127     0.997656        47399       426.67
     105.599     0.998047        47418       512.00
     106.239     0.998242        47427       568.89
     106.687     0.998437        47436       640.00
     107.327     0.998633        47446       731.43
     107.967     0.998828        47455       853.33
     108.735     0.999023        47464      1024.00
     110.079     0.999121        47469      1137.78
     111.871     0.999219        47473      1280.00
     113.983     0.999316        47478      1462.86
     118.591     0.999414        47483      1706.67
     119.039     0.999512        47487      2048.00
     119.807     0.999561        47490      2275.56
     121.087     0.999609        47492      2560.00
     129.663     0.999658        47494      2925.71
     162.175     0.999707        47497      3413.33
     162.687     0.999756        47499      4096.00
     162.815     0.999780        47500      4551.11
     163.071     0.999805        47501      5120.00
     163.199     0.999829        47502      5851.43
     163.583     0.999854        47504      6826.67
     164.991     0.999878        47505      8192.00
     164.991     0.999890        47505      9102.22
     166.015     0.999902        47506     10240.00
     166.015     0.999915        47506     11702.86
     193.279     0.999927        47507     13653.33
     193.663     0.999939        47508     16384.00
     193.663     0.999945        47508     18204.44
     193.663     0.999951        47508     20480.00
     193.663     0.999957        47508     23405.71
     194.047     0.999963        47509     27306.67
     194.047     0.999969        47509     32768.00
     194.047     0.999973        47509     36408.89
     194.047     0.999976        47509     40960.00
     194.047     0.999979        47509     46811.43
     194.815     0.999982        47510     54613.33
     194.815     1.000000        47510          inf
#[Mean    =       17.933, StdDeviation   =       11.785]
#[Max     =      194.688, Total count    =        47510]
#[Buckets =           27, SubBuckets     =         2048]
-----------------------------------------------------------------------
  70977 requests in 29.97s, 11.00MB read
Requests/sec:   2368.21  
Transfer/sec:    375.94KB

=== rps=2600 c=338 t=34 url=http://10.10.1.1:23694 ===
setup: assigned thread_id=1
init: final thread_id=1, base_seed=nil
setup: assigned thread_id=2
init: final thread_id=2, base_seed=nil
setup: assigned thread_id=3
init: final thread_id=3, base_seed=nil
setup: assigned thread_id=4
init: final thread_id=4, base_seed=nil
setup: assigned thread_id=5
init: final thread_id=5, base_seed=nil
setup: assigned thread_id=6
init: final thread_id=6, base_seed=nil
setup: assigned thread_id=7
init: final thread_id=7, base_seed=nil
setup: assigned thread_id=8
init: final thread_id=8, base_seed=nil
setup: assigned thread_id=9
init: final thread_id=9, base_seed=nil
setup: assigned thread_id=10
init: final thread_id=10, base_seed=nil
setup: assigned thread_id=11
init: final thread_id=11, base_seed=nil
setup: assigned thread_id=12
init: final thread_id=12, base_seed=nil
setup: assigned thread_id=13
init: final thread_id=13, base_seed=nil
setup: assigned thread_id=14
init: final thread_id=14, base_seed=nil
setup: assigned thread_id=15
init: final thread_id=15, base_seed=nil
setup: assigned thread_id=16
init: final thread_id=16, base_seed=nil
setup: assigned thread_id=17
init: final thread_id=17, base_seed=nil
setup: assigned thread_id=18
init: final thread_id=18, base_seed=nil
setup: assigned thread_id=19
init: final thread_id=19, base_seed=nil
setup: assigned thread_id=20
init: final thread_id=20, base_seed=nil
setup: assigned thread_id=21
init: final thread_id=21, base_seed=nil
setup: assigned thread_id=22
init: final thread_id=22, base_seed=nil
setup: assigned thread_id=23
init: final thread_id=23, base_seed=nil
setup: assigned thread_id=24
init: final thread_id=24, base_seed=nil
setup: assigned thread_id=25
init: final thread_id=25, base_seed=nil
setup: assigned thread_id=26
init: final thread_id=26, base_seed=nil
setup: assigned thread_id=27
init: final thread_id=27, base_seed=nil
setup: assigned thread_id=28
init: final thread_id=28, base_seed=nil
setup: assigned thread_id=29
init: final thread_id=29, base_seed=nil
setup: assigned thread_id=30
init: final thread_id=30, base_seed=nil
setup: assigned thread_id=31
init: final thread_id=31, base_seed=nil
setup: assigned thread_id=32
init: final thread_id=32, base_seed=nil
setup: assigned thread_id=33
init: final thread_id=33, base_seed=nil
setup: assigned thread_id=34
init: final thread_id=34, base_seed=nil
script_want_response
Running 30s test @ http://10.10.1.1:23694
  34 threads and 338 connections

  Thread calibration: mean lat.: 19.416ms, rate sampling interval: 67ms
  Thread calibration: mean lat.: 19.435ms, rate sampling interval: 67ms
  Thread calibration: mean lat.: 19.294ms, rate sampling interval: 65ms
  Thread calibration: mean lat.: 18.386ms, rate sampling interval: 63ms
  Thread calibration: mean lat.: 16.909ms, rate sampling interval: 58ms
  Thread calibration: mean lat.: 16.353ms, rate sampling interval: 55ms
  Thread calibration: mean lat.: 16.323ms, rate sampling interval: 52ms
  Thread calibration: mean lat.: 15.224ms, rate sampling interval: 46ms
  Thread calibration: mean lat.: 14.407ms, rate sampling interval: 40ms
  Thread calibration: mean lat.: 14.169ms, rate sampling interval: 39ms
  Thread calibration: mean lat.: 12.420ms, rate sampling interval: 32ms
  Thread calibration: mean lat.: 12.586ms, rate sampling interval: 32ms
  Thread calibration: mean lat.: 19.650ms, rate sampling interval: 76ms
  Thread calibration: mean lat.: 19.638ms, rate sampling interval: 75ms
  Thread calibration: mean lat.: 12.381ms, rate sampling interval: 32ms
  Thread calibration: mean lat.: 12.486ms, rate sampling interval: 32ms
  Thread calibration: mean lat.: 12.731ms, rate sampling interval: 33ms
  Thread calibration: mean lat.: 15.687ms, rate sampling interval: 47ms
  Thread calibration: mean lat.: 16.856ms, rate sampling interval: 55ms
  Thread calibration: mean lat.: 18.017ms, rate sampling interval: 58ms
  Thread calibration: mean lat.: 18.809ms, rate sampling interval: 60ms
  Thread calibration: mean lat.: 19.878ms, rate sampling interval: 61ms
  Thread calibration: mean lat.: 20.690ms, rate sampling interval: 62ms
  Thread calibration: mean lat.: 20.888ms, rate sampling interval: 61ms
  Thread calibration: mean lat.: 20.829ms, rate sampling interval: 62ms
  Thread calibration: mean lat.: 20.378ms, rate sampling interval: 60ms
  Thread calibration: mean lat.: 19.321ms, rate sampling interval: 60ms
  Thread calibration: mean lat.: 19.437ms, rate sampling interval: 61ms
  Thread calibration: mean lat.: 18.737ms, rate sampling interval: 59ms
  Thread calibration: mean lat.: 17.880ms, rate sampling interval: 57ms
  Thread calibration: mean lat.: 16.606ms, rate sampling interval: 55ms
  Thread calibration: mean lat.: 14.620ms, rate sampling interval: 48ms
  Thread calibration: mean lat.: 14.109ms, rate sampling interval: 47ms
  Thread calibration: mean lat.: 8.321ms, rate sampling interval: 19ms

-----------------------------------------------------------------------
Test Results @ http://10.10.1.1:23694 
  Thread Stats   Avg      Stdev     99%   +/- Stdev
    Latency    18.92ms    9.21ms  50.08ms   76.37%
    Req/Sec    76.54     83.09   473.00     86.94%
  Latency Distribution (HdrHistogram - Recorded Latency)
 50.000%   16.46ms
 75.000%   23.44ms
 90.000%   30.99ms
 99.000%   50.08ms
 99.900%   68.10ms
 99.990%   71.74ms
 99.999%   72.13ms
100.000%   72.32ms

  Detailed Percentile spectrum:
       Value   Percentile   TotalCount 1/(1-Percentile)

       6.595     0.000000            1         1.00
       9.831     0.100000         5154         1.11
      11.343     0.200000        10313         1.25
      12.831     0.300000        15453         1.43
      14.543     0.400000        20596         1.67
      16.463     0.500000        25744         2.00
      17.551     0.550000        28323         2.22
      18.831     0.600000        30891         2.50
      20.207     0.650000        33478         2.86
      21.695     0.700000        36044         3.33
      23.439     0.750000        38607         4.00
      24.431     0.775000        39888         4.44
      25.407     0.800000        41178         5.00
      26.575     0.825000        42465         5.71
      27.871     0.850000        43754         6.67
      29.263     0.875000        45046         8.00
      30.095     0.887500        45683         8.89
      30.991     0.900000        46329        10.00
      31.919     0.912500        46968        11.43
      33.119     0.925000        47618        13.33
      34.623     0.937500        48263        16.00
      35.551     0.943750        48580        17.78
      36.703     0.950000        48896        20.00
      38.047     0.956250        49220        22.86
      39.359     0.962500        49542        26.67
      41.119     0.968750        49865        32.00
      42.079     0.971875        50022        35.56
      43.199     0.975000        50183        40.00
      44.383     0.978125        50347        45.71
      45.855     0.981250        50507        53.33
      47.071     0.984375        50665        64.00
      47.743     0.985938        50745        71.11
      48.575     0.987500        50826        80.00
      49.535     0.989062        50908        91.43
      50.591     0.990625        50987       106.67
      51.711     0.992188        51070       128.00
      52.351     0.992969        51111       142.22
      52.959     0.993750        51148       160.00
      53.631     0.994531        51188       182.86
      54.943     0.995313        51227       213.33
      57.727     0.996094        51267       256.00
      59.679     0.996484        51288       284.44
      62.047     0.996875        51309       320.00
      63.071     0.997266        51329       365.71
      64.095     0.997656        51348       426.67
      65.087     0.998047        51368       512.00
      65.663     0.998242        51378       568.89
      66.239     0.998437        51388       640.00
      66.879     0.998633        51398       731.43
      67.455     0.998828        51408       853.33
      68.095     0.999023        51418      1024.00
      68.415     0.999121        51423      1137.78
      68.799     0.999219        51428      1280.00
      69.183     0.999316        51433      1462.86
      69.759     0.999414        51438      1706.67
      69.951     0.999512        51443      2048.00
      70.207     0.999561        51447      2275.56
      70.335     0.999609        51449      2560.00
      70.591     0.999658        51451      2925.71
      70.719     0.999707        51453      3413.33
      71.103     0.999756        51456      4096.00
      71.295     0.999780        51457      4551.11
      71.423     0.999805        51459      5120.00
      71.551     0.999829        51461      5851.43
      71.551     0.999854        51461      6826.67
      71.679     0.999878        51462      8192.00
      71.743     0.999890        51463      9102.22
      71.743     0.999902        51463     10240.00
      71.807     0.999915        51465     11702.86
      71.807     0.999927        51465     13653.33
      71.807     0.999939        51465     16384.00
      72.127     0.999945        51467     18204.44
      72.127     0.999951        51467     20480.00
      72.127     0.999957        51467     23405.71
      72.127     0.999963        51467     27306.67
      72.127     0.999969        51467     32768.00
      72.127     0.999973        51467     36408.89
      72.127     0.999976        51467     40960.00
      72.127     0.999979        51467     46811.43
      72.319     0.999982        51468     54613.33
      72.319     1.000000        51468          inf
#[Mean    =       18.917, StdDeviation   =        9.215]
#[Max     =       72.256, Total count    =        51468]
#[Buckets =           27, SubBuckets     =         2048]
-----------------------------------------------------------------------
  76921 requests in 29.93s, 11.93MB read
Requests/sec:   2569.91  
Transfer/sec:    408.06KB

=== rps=2800 c=392 t=40 url=http://10.10.1.1:23694 ===
setup: assigned thread_id=1
init: final thread_id=1, base_seed=nil
setup: assigned thread_id=2
init: final thread_id=2, base_seed=nil
setup: assigned thread_id=3
init: final thread_id=3, base_seed=nil
setup: assigned thread_id=4
init: final thread_id=4, base_seed=nil
setup: assigned thread_id=5
init: final thread_id=5, base_seed=nil
setup: assigned thread_id=6
init: final thread_id=6, base_seed=nil
setup: assigned thread_id=7
init: final thread_id=7, base_seed=nil
setup: assigned thread_id=8
init: final thread_id=8, base_seed=nil
setup: assigned thread_id=9
init: final thread_id=9, base_seed=nil
setup: assigned thread_id=10
init: final thread_id=10, base_seed=nil
setup: assigned thread_id=11
init: final thread_id=11, base_seed=nil
setup: assigned thread_id=12
init: final thread_id=12, base_seed=nil
setup: assigned thread_id=13
init: final thread_id=13, base_seed=nil
setup: assigned thread_id=14
init: final thread_id=14, base_seed=nil
setup: assigned thread_id=15
init: final thread_id=15, base_seed=nil
setup: assigned thread_id=16
init: final thread_id=16, base_seed=nil
setup: assigned thread_id=17
init: final thread_id=17, base_seed=nil
setup: assigned thread_id=18
init: final thread_id=18, base_seed=nil
setup: assigned thread_id=19
init: final thread_id=19, base_seed=nil
setup: assigned thread_id=20
init: final thread_id=20, base_seed=nil
setup: assigned thread_id=21
init: final thread_id=21, base_seed=nil
setup: assigned thread_id=22
init: final thread_id=22, base_seed=nil
setup: assigned thread_id=23
init: final thread_id=23, base_seed=nil
setup: assigned thread_id=24
init: final thread_id=24, base_seed=nil
setup: assigned thread_id=25
init: final thread_id=25, base_seed=nil
setup: assigned thread_id=26
init: final thread_id=26, base_seed=nil
setup: assigned thread_id=27
init: final thread_id=27, base_seed=nil
setup: assigned thread_id=28
init: final thread_id=28, base_seed=nil
setup: assigned thread_id=29
init: final thread_id=29, base_seed=nil
setup: assigned thread_id=30
init: final thread_id=30, base_seed=nil
setup: assigned thread_id=31
init: final thread_id=31, base_seed=nil
setup: assigned thread_id=32
init: final thread_id=32, base_seed=nil
setup: assigned thread_id=33
init: final thread_id=33, base_seed=nil
setup: assigned thread_id=34
init: final thread_id=34, base_seed=nil
setup: assigned thread_id=35
init: final thread_id=35, base_seed=nil
setup: assigned thread_id=36
init: final thread_id=36, base_seed=nil
setup: assigned thread_id=37
init: final thread_id=37, base_seed=nil
setup: assigned thread_id=38
init: final thread_id=38, base_seed=nil
setup: assigned thread_id=39
init: final thread_id=39, base_seed=nil
setup: assigned thread_id=40
init: final thread_id=40, base_seed=nil
script_want_response
Running 30s test @ http://10.10.1.1:23694
  40 threads and 392 connections

  Thread calibration: mean lat.: 53.150ms, rate sampling interval: 243ms
  Thread calibration: mean lat.: 55.187ms, rate sampling interval: 258ms
  Thread calibration: mean lat.: 56.743ms, rate sampling interval: 259ms
  Thread calibration: mean lat.: 54.934ms, rate sampling interval: 249ms
  Thread calibration: mean lat.: 51.203ms, rate sampling interval: 225ms
  Thread calibration: mean lat.: 50.775ms, rate sampling interval: 225ms
  Thread calibration: mean lat.: 48.416ms, rate sampling interval: 223ms
  Thread calibration: mean lat.: 43.369ms, rate sampling interval: 201ms
  Thread calibration: mean lat.: 40.079ms, rate sampling interval: 188ms
  Thread calibration: mean lat.: 40.256ms, rate sampling interval: 187ms
  Thread calibration: mean lat.: 34.191ms, rate sampling interval: 185ms
  Thread calibration: mean lat.: 33.817ms, rate sampling interval: 188ms
  Thread calibration: mean lat.: 34.580ms, rate sampling interval: 200ms
  Thread calibration: mean lat.: 33.802ms, rate sampling interval: 198ms
  Thread calibration: mean lat.: 33.344ms, rate sampling interval: 200ms
  Thread calibration: mean lat.: 32.802ms, rate sampling interval: 193ms
  Thread calibration: mean lat.: 36.159ms, rate sampling interval: 190ms
  Thread calibration: mean lat.: 36.607ms, rate sampling interval: 183ms
  Thread calibration: mean lat.: 36.794ms, rate sampling interval: 180ms
  Thread calibration: mean lat.: 37.890ms, rate sampling interval: 182ms
  Thread calibration: mean lat.: 37.749ms, rate sampling interval: 174ms
  Thread calibration: mean lat.: 38.137ms, rate sampling interval: 174ms
  Thread calibration: mean lat.: 37.925ms, rate sampling interval: 177ms
  Thread calibration: mean lat.: 37.865ms, rate sampling interval: 195ms
  Thread calibration: mean lat.: 37.975ms, rate sampling interval: 199ms
  Thread calibration: mean lat.: 37.934ms, rate sampling interval: 200ms
  Thread calibration: mean lat.: 37.866ms, rate sampling interval: 202ms
  Thread calibration: mean lat.: 38.267ms, rate sampling interval: 210ms
  Thread calibration: mean lat.: 38.009ms, rate sampling interval: 206ms
  Thread calibration: mean lat.: 43.193ms, rate sampling interval: 243ms
  Thread calibration: mean lat.: 44.771ms, rate sampling interval: 239ms
  Thread calibration: mean lat.: 46.209ms, rate sampling interval: 237ms
  Thread calibration: mean lat.: 48.267ms, rate sampling interval: 237ms
  Thread calibration: mean lat.: 50.655ms, rate sampling interval: 244ms
  Thread calibration: mean lat.: 52.871ms, rate sampling interval: 255ms
  Thread calibration: mean lat.: 54.464ms, rate sampling interval: 256ms
  Thread calibration: mean lat.: 55.731ms, rate sampling interval: 256ms
  Thread calibration: mean lat.: 57.509ms, rate sampling interval: 258ms
  Thread calibration: mean lat.: 58.816ms, rate sampling interval: 264ms
  Thread calibration: mean lat.: 60.393ms, rate sampling interval: 264ms

-----------------------------------------------------------------------
Test Results @ http://10.10.1.1:23694 
  Thread Stats   Avg      Stdev     99%   +/- Stdev
    Latency    32.20ms   19.31ms 103.87ms   77.25%
    Req/Sec    69.67     16.86   103.00     59.65%
  Latency Distribution (HdrHistogram - Recorded Latency)
 50.000%   27.38ms
 75.000%   41.25ms
 90.000%   56.70ms
 99.000%  103.87ms
 99.900%  135.68ms
 99.990%  152.83ms
 99.999%  181.25ms
100.000%  184.57ms

  Detailed Percentile spectrum:
       Value   Percentile   TotalCount 1/(1-Percentile)

       7.851     0.000000            1         1.00
      13.223     0.100000         5586         1.11
      16.511     0.200000        11166         1.25
      19.759     0.300000        16730         1.43
      23.487     0.400000        22307         1.67
      27.375     0.500000        27871         2.00
      29.535     0.550000        30667         2.22
      31.855     0.600000        33452         2.50
      34.463     0.650000        36231         2.86
      37.663     0.700000        39020         3.33
      41.247     0.750000        41800         4.00
      43.231     0.775000        43213         4.44
      45.087     0.800000        44606         5.00
      47.231     0.825000        45987         5.71
      49.983     0.850000        47383         6.67
      53.087     0.875000        48772         8.00
      54.783     0.887500        49470         8.89
      56.703     0.900000        50160        10.00
      58.911     0.912500        50857        11.43
      61.023     0.925000        51552        13.33
      63.615     0.937500        52256        16.00
      65.535     0.943750        52601        17.78
      68.159     0.950000        52949        20.00
      71.039     0.956250        53303        22.86
      74.303     0.962500        53646        26.67
      78.399     0.968750        53990        32.00
      80.767     0.971875        54170        35.56
      82.559     0.975000        54341        40.00
      84.799     0.978125        54513        45.71
      87.807     0.981250        54687        53.33
      92.031     0.984375        54863        64.00
      95.807     0.985938        54948        71.11
      99.775     0.987500        55036        80.00
     102.719     0.989062        55124        91.43
     104.895     0.990625        55211       106.67
     108.415     0.992188        55296       128.00
     111.167     0.992969        55340       142.22
     113.855     0.993750        55383       160.00
     115.327     0.994531        55427       182.86
     117.119     0.995313        55470       213.33
     119.295     0.996094        55514       256.00
     122.623     0.996484        55536       284.44
     125.055     0.996875        55557       320.00
     126.847     0.997266        55579       365.71
     127.871     0.997656        55602       426.67
     129.919     0.998047        55623       512.00
     130.815     0.998242        55637       568.89
     131.327     0.998437        55644       640.00
     133.759     0.998633        55655       731.43
     134.655     0.998828        55666       853.33
     135.807     0.999023        55677      1024.00
     136.447     0.999121        55684      1137.78
     137.343     0.999219        55688      1280.00
     137.855     0.999316        55693      1462.86
     139.135     0.999414        55700      1706.67
     140.031     0.999512        55704      2048.00
     149.631     0.999561        55708      2275.56
     150.143     0.999609        55710      2560.00
     150.527     0.999658        55712      2925.71
     151.679     0.999707        55715      3413.33
     152.063     0.999756        55719      4096.00
     152.063     0.999780        55719      4551.11
     152.319     0.999805        55721      5120.00
     152.575     0.999829        55722      5851.43
     152.703     0.999854        55724      6826.67
     152.831     0.999878        55725      8192.00
     152.831     0.999890        55725      9102.22
     152.959     0.999902        55726     10240.00
     153.087     0.999915        55727     11702.86
     153.087     0.999927        55727     13653.33
     153.983     0.999939        55728     16384.00
     153.983     0.999945        55728     18204.44
     168.063     0.999951        55729     20480.00
     168.063     0.999957        55729     23405.71
     168.063     0.999963        55729     27306.67
     181.247     0.999969        55730     32768.00
     181.247     0.999973        55730     36408.89
     181.247     0.999976        55730     40960.00
     181.247     0.999979        55730     46811.43
     181.247     0.999982        55730     54613.33
     184.575     0.999985        55731     65536.00
     184.575     1.000000        55731          inf
#[Mean    =       32.202, StdDeviation   =       19.307]
#[Max     =      184.448, Total count    =        55731]
#[Buckets =           27, SubBuckets     =         2048]
-----------------------------------------------------------------------
  83486 requests in 29.93s, 12.94MB read
Requests/sec:   2789.09  
Transfer/sec:    442.76KB

=== rps=3000 c=450 t=45 url=http://10.10.1.1:23694 ===
setup: assigned thread_id=1
init: final thread_id=1, base_seed=nil
setup: assigned thread_id=2
init: final thread_id=2, base_seed=nil
setup: assigned thread_id=3
init: final thread_id=3, base_seed=nil
setup: assigned thread_id=4
init: final thread_id=4, base_seed=nil
setup: assigned thread_id=5
init: final thread_id=5, base_seed=nil
setup: assigned thread_id=6
init: final thread_id=6, base_seed=nil
setup: assigned thread_id=7
init: final thread_id=7, base_seed=nil
setup: assigned thread_id=8
init: final thread_id=8, base_seed=nil
setup: assigned thread_id=9
init: final thread_id=9, base_seed=nil
setup: assigned thread_id=10
init: final thread_id=10, base_seed=nil
setup: assigned thread_id=11
init: final thread_id=11, base_seed=nil
setup: assigned thread_id=12
init: final thread_id=12, base_seed=nil
setup: assigned thread_id=13
init: final thread_id=13, base_seed=nil
setup: assigned thread_id=14
init: final thread_id=14, base_seed=nil
setup: assigned thread_id=15
init: final thread_id=15, base_seed=nil
setup: assigned thread_id=16
init: final thread_id=16, base_seed=nil
setup: assigned thread_id=17
init: final thread_id=17, base_seed=nil
setup: assigned thread_id=18
init: final thread_id=18, base_seed=nil
setup: assigned thread_id=19
init: final thread_id=19, base_seed=nil
setup: assigned thread_id=20
init: final thread_id=20, base_seed=nil
setup: assigned thread_id=21
init: final thread_id=21, base_seed=nil
setup: assigned thread_id=22
init: final thread_id=22, base_seed=nil
setup: assigned thread_id=23
init: final thread_id=23, base_seed=nil
setup: assigned thread_id=24
init: final thread_id=24, base_seed=nil
setup: assigned thread_id=25
init: final thread_id=25, base_seed=nil
setup: assigned thread_id=26
init: final thread_id=26, base_seed=nil
setup: assigned thread_id=27
init: final thread_id=27, base_seed=nil
setup: assigned thread_id=28
init: final thread_id=28, base_seed=nil
setup: assigned thread_id=29
init: final thread_id=29, base_seed=nil
setup: assigned thread_id=30
init: final thread_id=30, base_seed=nil
setup: assigned thread_id=31
init: final thread_id=31, base_seed=nil
setup: assigned thread_id=32
init: final thread_id=32, base_seed=nil
setup: assigned thread_id=33
init: final thread_id=33, base_seed=nil
setup: assigned thread_id=34
init: final thread_id=34, base_seed=nil
setup: assigned thread_id=35
init: final thread_id=35, base_seed=nil
setup: assigned thread_id=36
init: final thread_id=36, base_seed=nil
setup: assigned thread_id=37
init: final thread_id=37, base_seed=nil
setup: assigned thread_id=38
init: final thread_id=38, base_seed=nil
setup: assigned thread_id=39
init: final thread_id=39, base_seed=nil
setup: assigned thread_id=40
init: final thread_id=40, base_seed=nil
setup: assigned thread_id=41
init: final thread_id=41, base_seed=nil
setup: assigned thread_id=42
init: final thread_id=42, base_seed=nil
setup: assigned thread_id=43
init: final thread_id=43, base_seed=nil
setup: assigned thread_id=44
init: final thread_id=44, base_seed=nil
setup: assigned thread_id=45
init: final thread_id=45, base_seed=nil
script_want_response
Running 30s test @ http://10.10.1.1:23694
  45 threads and 450 connections

  Thread calibration: mean lat.: 40.550ms, rate sampling interval: 285ms
  Thread calibration: mean lat.: 44.411ms, rate sampling interval: 287ms
  Thread calibration: mean lat.: 47.835ms, rate sampling interval: 288ms
  Thread calibration: mean lat.: 48.982ms, rate sampling interval: 286ms
  Thread calibration: mean lat.: 52.131ms, rate sampling interval: 298ms
  Thread calibration: mean lat.: 58.338ms, rate sampling interval: 298ms
  Thread calibration: mean lat.: 58.634ms, rate sampling interval: 297ms
  Thread calibration: mean lat.: 62.078ms, rate sampling interval: 299ms
  Thread calibration: mean lat.: 67.217ms, rate sampling interval: 300ms
  Thread calibration: mean lat.: 67.434ms, rate sampling interval: 299ms
  Thread calibration: mean lat.: 58.908ms, rate sampling interval: 250ms
  Thread calibration: mean lat.: 56.401ms, rate sampling interval: 247ms
  Thread calibration: mean lat.: 51.978ms, rate sampling interval: 241ms
  Thread calibration: mean lat.: 51.815ms, rate sampling interval: 239ms
  Thread calibration: mean lat.: 50.387ms, rate sampling interval: 221ms
  Thread calibration: mean lat.: 51.350ms, rate sampling interval: 222ms
  Thread calibration: mean lat.: 53.358ms, rate sampling interval: 238ms
  Thread calibration: mean lat.: 56.472ms, rate sampling interval: 245ms
  Thread calibration: mean lat.: 57.918ms, rate sampling interval: 248ms
  Thread calibration: mean lat.: 54.237ms, rate sampling interval: 239ms
  Thread calibration: mean lat.: 54.321ms, rate sampling interval: 237ms
  Thread calibration: mean lat.: 54.932ms, rate sampling interval: 237ms
  Thread calibration: mean lat.: 54.515ms, rate sampling interval: 236ms
  Thread calibration: mean lat.: 56.963ms, rate sampling interval: 252ms
  Thread calibration: mean lat.: 58.276ms, rate sampling interval: 266ms
  Thread calibration: mean lat.: 57.922ms, rate sampling interval: 262ms
  Thread calibration: mean lat.: 58.602ms, rate sampling interval: 266ms
  Thread calibration: mean lat.: 58.535ms, rate sampling interval: 264ms
  Thread calibration: mean lat.: 63.613ms, rate sampling interval: 251ms
  Thread calibration: mean lat.: 67.344ms, rate sampling interval: 256ms
  Thread calibration: mean lat.: 74.568ms, rate sampling interval: 270ms
  Thread calibration: mean lat.: 72.258ms, rate sampling interval: 260ms
  Thread calibration: mean lat.: 71.829ms, rate sampling interval: 251ms
  Thread calibration: mean lat.: 76.347ms, rate sampling interval: 262ms
  Thread calibration: mean lat.: 79.294ms, rate sampling interval: 267ms
  Thread calibration: mean lat.: 80.129ms, rate sampling interval: 267ms
  Thread calibration: mean lat.: 77.245ms, rate sampling interval: 256ms
  Thread calibration: mean lat.: 80.950ms, rate sampling interval: 266ms
  Thread calibration: mean lat.: 75.980ms, rate sampling interval: 244ms
  Thread calibration: mean lat.: 54.827ms, rate sampling interval: 380ms
  Thread calibration: mean lat.: 77.203ms, rate sampling interval: 267ms
  Thread calibration: mean lat.: 75.248ms, rate sampling interval: 262ms
  Thread calibration: mean lat.: 78.150ms, rate sampling interval: 277ms
  Thread calibration: mean lat.: 76.728ms, rate sampling interval: 268ms
  Thread calibration: mean lat.: 77.126ms, rate sampling interval: 272ms

-----------------------------------------------------------------------
Test Results @ http://10.10.1.1:23694 
  Thread Stats   Avg      Stdev     99%   +/- Stdev
    Latency    37.25ms   18.92ms  94.14ms   69.17%
    Req/Sec    65.74     13.81    90.00     70.49%
  Latency Distribution (HdrHistogram - Recorded Latency)
 50.000%   35.10ms
 75.000%   48.35ms
 90.000%   61.06ms
 99.000%   94.14ms
 99.900%  118.65ms
 99.990%  144.00ms
 99.999%  144.51ms
100.000%  144.77ms

  Detailed Percentile spectrum:
       Value   Percentile   TotalCount 1/(1-Percentile)

       7.619     0.000000            1         1.00
      14.711     0.100000         5926         1.11
      20.223     0.200000        11846         1.25
      25.199     0.300000        17761         1.43
      30.159     0.400000        23685         1.67
      35.103     0.500000        29622         2.00
      37.759     0.550000        32580         2.22
      40.383     0.600000        35536         2.50
      42.751     0.650000        38498         2.86
      45.247     0.700000        41457         3.33
      48.351     0.750000        44410         4.00
      50.079     0.775000        45893         4.44
      51.839     0.800000        47363         5.00
      53.823     0.825000        48846         5.71
      55.839     0.850000        50326         6.67
      58.175     0.875000        51802         8.00
      59.519     0.887500        52548         8.89
      61.055     0.900000        53274        10.00
      62.783     0.912500        54012        11.43
      64.767     0.925000        54747        13.33
      66.943     0.937500        55492        16.00
      68.479     0.943750        55859        17.78
      70.463     0.950000        56238        20.00
      72.895     0.956250        56603        22.86
      75.903     0.962500        56968        26.67
      79.359     0.968750        57337        32.00
      81.343     0.971875        57526        35.56
      83.007     0.975000        57707        40.00
      84.543     0.978125        57891        45.71
      86.335     0.981250        58080        53.33
      88.063     0.984375        58264        64.00
      89.535     0.985938        58356        71.11
      91.391     0.987500        58447        80.00
      93.247     0.989062        58538        91.43
      94.847     0.990625        58631       106.67
      97.791     0.992188        58723       128.00
      99.647     0.992969        58769       142.22
     101.695     0.993750        58816       160.00
     104.255     0.994531        58863       182.86
     108.287     0.995313        58909       213.33
     110.975     0.996094        58954       256.00
     111.871     0.996484        58978       284.44
     112.575     0.996875        59002       320.00
     113.343     0.997266        59025       365.71
     113.983     0.997656        59048       426.67
     114.751     0.998047        59070       512.00
     115.007     0.998242        59082       568.89
     115.839     0.998437        59095       640.00
     116.671     0.998633        59106       731.43
     117.183     0.998828        59117       853.33
     118.847     0.999023        59128      1024.00
     137.343     0.999121        59133      1137.78
     139.263     0.999219        59140      1280.00
     140.671     0.999316        59146      1462.86
     141.311     0.999414        59151      1706.67
     141.823     0.999512        59158      2048.00
     141.951     0.999561        59160      2275.56
     142.207     0.999609        59163      2560.00
     142.463     0.999658        59166      2925.71
     142.591     0.999707        59168      3413.33
     142.975     0.999756        59171      4096.00
     143.231     0.999780        59172      4551.11
     143.359     0.999805        59174      5120.00
     143.487     0.999829        59175      5851.43
     143.871     0.999854        59178      6826.67
     143.871     0.999878        59178      8192.00
     143.999     0.999890        59179      9102.22
     144.127     0.999902        59180     10240.00
     144.127     0.999915        59180     11702.86
     144.255     0.999927        59181     13653.33
     144.383     0.999939        59183     16384.00
     144.383     0.999945        59183     18204.44
     144.383     0.999951        59183     20480.00
     144.383     0.999957        59183     23405.71
     144.383     0.999963        59183     27306.67
     144.511     0.999969        59184     32768.00
     144.511     0.999973        59184     36408.89
     144.511     0.999976        59184     40960.00
     144.511     0.999979        59184     46811.43
     144.511     0.999982        59184     54613.33
     144.767     0.999985        59185     65536.00
     144.767     1.000000        59185          inf
#[Mean    =       37.250, StdDeviation   =       18.921]
#[Max     =      144.640, Total count    =        59185]
#[Buckets =           27, SubBuckets     =         2048]
-----------------------------------------------------------------------
  88407 requests in 29.95s, 13.71MB read
Requests/sec:   2952.27  
Transfer/sec:    468.96KB

=== rps=3200 c=512 t=52 url=http://10.10.1.1:23694 ===
setup: assigned thread_id=1
init: final thread_id=1, base_seed=nil
setup: assigned thread_id=2
init: final thread_id=2, base_seed=nil
setup: assigned thread_id=3
init: final thread_id=3, base_seed=nil
setup: assigned thread_id=4
init: final thread_id=4, base_seed=nil
setup: assigned thread_id=5
init: final thread_id=5, base_seed=nil
setup: assigned thread_id=6
init: final thread_id=6, base_seed=nil
setup: assigned thread_id=7
init: final thread_id=7, base_seed=nil
setup: assigned thread_id=8
init: final thread_id=8, base_seed=nil
setup: assigned thread_id=9
init: final thread_id=9, base_seed=nil
setup: assigned thread_id=10
init: final thread_id=10, base_seed=nil
setup: assigned thread_id=11
init: final thread_id=11, base_seed=nil
setup: assigned thread_id=12
init: final thread_id=12, base_seed=nil
setup: assigned thread_id=13
init: final thread_id=13, base_seed=nil
setup: assigned thread_id=14
init: final thread_id=14, base_seed=nil
setup: assigned thread_id=15
init: final thread_id=15, base_seed=nil
setup: assigned thread_id=16
init: final thread_id=16, base_seed=nil
setup: assigned thread_id=17
init: final thread_id=17, base_seed=nil
setup: assigned thread_id=18
init: final thread_id=18, base_seed=nil
setup: assigned thread_id=19
init: final thread_id=19, base_seed=nil
setup: assigned thread_id=20
init: final thread_id=20, base_seed=nil
setup: assigned thread_id=21
init: final thread_id=21, base_seed=nil
setup: assigned thread_id=22
init: final thread_id=22, base_seed=nil
setup: assigned thread_id=23
init: final thread_id=23, base_seed=nil
setup: assigned thread_id=24
init: final thread_id=24, base_seed=nil
setup: assigned thread_id=25
init: final thread_id=25, base_seed=nil
setup: assigned thread_id=26
init: final thread_id=26, base_seed=nil
setup: assigned thread_id=27
init: final thread_id=27, base_seed=nil
setup: assigned thread_id=28
init: final thread_id=28, base_seed=nil
setup: assigned thread_id=29
init: final thread_id=29, base_seed=nil
setup: assigned thread_id=30
init: final thread_id=30, base_seed=nil
setup: assigned thread_id=31
init: final thread_id=31, base_seed=nil
setup: assigned thread_id=32
init: final thread_id=32, base_seed=nil
setup: assigned thread_id=33
init: final thread_id=33, base_seed=nil
setup: assigned thread_id=34
init: final thread_id=34, base_seed=nil
setup: assigned thread_id=35
init: final thread_id=35, base_seed=nil
setup: assigned thread_id=36
init: final thread_id=36, base_seed=nil
setup: assigned thread_id=37
init: final thread_id=37, base_seed=nil
setup: assigned thread_id=38
init: final thread_id=38, base_seed=nil
setup: assigned thread_id=39
init: final thread_id=39, base_seed=nil
setup: assigned thread_id=40
init: final thread_id=40, base_seed=nil
setup: assigned thread_id=41
init: final thread_id=41, base_seed=nil
setup: assigned thread_id=42
init: final thread_id=42, base_seed=nil
setup: assigned thread_id=43
init: final thread_id=43, base_seed=nil
setup: assigned thread_id=44
init: final thread_id=44, base_seed=nil
setup: assigned thread_id=45
init: final thread_id=45, base_seed=nil
setup: assigned thread_id=46
init: final thread_id=46, base_seed=nil
setup: assigned thread_id=47
init: final thread_id=47, base_seed=nil
setup: assigned thread_id=48
init: final thread_id=48, base_seed=nil
setup: assigned thread_id=49
init: final thread_id=49, base_seed=nil
setup: assigned thread_id=50
init: final thread_id=50, base_seed=nil
setup: assigned thread_id=51
init: final thread_id=51, base_seed=nil
setup: assigned thread_id=52
init: final thread_id=52, base_seed=nil
script_want_response
Running 30s test @ http://10.10.1.1:23694
  52 threads and 512 connections

  Thread calibration: mean lat.: 17.269ms, rate sampling interval: 64ms
  Thread calibration: mean lat.: 17.476ms, rate sampling interval: 65ms
  Thread calibration: mean lat.: 18.283ms, rate sampling interval: 71ms
  Thread calibration: mean lat.: 18.564ms, rate sampling interval: 70ms
  Thread calibration: mean lat.: 19.660ms, rate sampling interval: 81ms
  Thread calibration: mean lat.: 19.775ms, rate sampling interval: 80ms
  Thread calibration: mean lat.: 20.479ms, rate sampling interval: 81ms
  Thread calibration: mean lat.: 20.981ms, rate sampling interval: 81ms
  Thread calibration: mean lat.: 22.240ms, rate sampling interval: 84ms
  Thread calibration: mean lat.: 22.288ms, rate sampling interval: 83ms
  Thread calibration: mean lat.: 21.098ms, rate sampling interval: 104ms
  Thread calibration: mean lat.: 20.319ms, rate sampling interval: 83ms
  Thread calibration: mean lat.: 19.966ms, rate sampling interval: 79ms
  Thread calibration: mean lat.: 19.554ms, rate sampling interval: 81ms
  Thread calibration: mean lat.: 19.108ms, rate sampling interval: 80ms
  Thread calibration: mean lat.: 19.078ms, rate sampling interval: 80ms
  Thread calibration: mean lat.: 20.765ms, rate sampling interval: 79ms
  Thread calibration: mean lat.: 21.272ms, rate sampling interval: 79ms
  Thread calibration: mean lat.: 21.769ms, rate sampling interval: 76ms
  Thread calibration: mean lat.: 22.340ms, rate sampling interval: 76ms
  Thread calibration: mean lat.: 22.860ms, rate sampling interval: 75ms
  Thread calibration: mean lat.: 23.077ms, rate sampling interval: 73ms
  Thread calibration: mean lat.: 23.325ms, rate sampling interval: 78ms
  Thread calibration: mean lat.: 23.119ms, rate sampling interval: 77ms
  Thread calibration: mean lat.: 23.479ms, rate sampling interval: 78ms
  Thread calibration: mean lat.: 23.273ms, rate sampling interval: 79ms
  Thread calibration: mean lat.: 14.997ms, rate sampling interval: 70ms
  Thread calibration: mean lat.: 23.056ms, rate sampling interval: 85ms
  Thread calibration: mean lat.: 21.303ms, rate sampling interval: 76ms
  Thread calibration: mean lat.: 22.766ms, rate sampling interval: 84ms
  Thread calibration: mean lat.: 24.672ms, rate sampling interval: 95ms
  Thread calibration: mean lat.: 26.509ms, rate sampling interval: 105ms
  Thread calibration: mean lat.: 27.531ms, rate sampling interval: 111ms
  Thread calibration: mean lat.: 28.951ms, rate sampling interval: 115ms
  Thread calibration: mean lat.: 30.748ms, rate sampling interval: 123ms
  Thread calibration: mean lat.: 32.666ms, rate sampling interval: 127ms
  Thread calibration: mean lat.: 34.111ms, rate sampling interval: 131ms
  Thread calibration: mean lat.: 36.316ms, rate sampling interval: 138ms
  Thread calibration: mean lat.: 37.767ms, rate sampling interval: 143ms
  Thread calibration: mean lat.: 38.635ms, rate sampling interval: 145ms
  Thread calibration: mean lat.: 39.594ms, rate sampling interval: 144ms
  Thread calibration: mean lat.: 40.458ms, rate sampling interval: 143ms
  Thread calibration: mean lat.: 41.002ms, rate sampling interval: 141ms
  Thread calibration: mean lat.: 41.357ms, rate sampling interval: 140ms
  Thread calibration: mean lat.: 41.484ms, rate sampling interval: 139ms
  Thread calibration: mean lat.: 40.973ms, rate sampling interval: 138ms
  Thread calibration: mean lat.: 41.033ms, rate sampling interval: 136ms
  Thread calibration: mean lat.: 40.342ms, rate sampling interval: 134ms
  Thread calibration: mean lat.: 39.811ms, rate sampling interval: 134ms
  Thread calibration: mean lat.: 38.883ms, rate sampling interval: 132ms
  Thread calibration: mean lat.: 38.187ms, rate sampling interval: 131ms
  Thread calibration: mean lat.: 37.377ms, rate sampling interval: 129ms

-----------------------------------------------------------------------
Test Results @ http://10.10.1.1:23694 
  Thread Stats   Avg      Stdev     99%   +/- Stdev
    Latency    32.56ms   15.84ms  71.61ms   64.30%
    Req/Sec    60.96     40.55   140.00     55.27%
  Latency Distribution (HdrHistogram - Recorded Latency)
 50.000%   29.38ms
 75.000%   43.97ms
 90.000%   55.81ms
 99.000%   71.61ms
 99.900%   83.33ms
 99.990%   89.15ms
 99.999%   96.38ms
100.000%  100.42ms

  Detailed Percentile spectrum:
       Value   Percentile   TotalCount 1/(1-Percentile)

       7.587     0.000000            1         1.00
      13.791     0.100000         6310         1.11
      17.967     0.200000        12619         1.25
      21.807     0.300000        18946         1.43
      25.535     0.400000        25254         1.67
      29.375     0.500000        31542         2.00
      31.583     0.550000        34696         2.22
      34.111     0.600000        37864         2.50
      36.991     0.650000        40995         2.86
      40.319     0.700000        44162         3.33
      43.967     0.750000        47316         4.00
      45.727     0.775000        48905         4.44
      47.551     0.800000        50465         5.00
      49.311     0.825000        52043         5.71
      51.263     0.850000        53622         6.67
      53.343     0.875000        55198         8.00
      54.495     0.887500        55980         8.89
      55.807     0.900000        56773        10.00
      57.151     0.912500        57546        11.43
      58.751     0.925000        58338        13.33
      60.319     0.937500        59134        16.00
      61.119     0.943750        59525        17.78
      62.047     0.950000        59922        20.00
      63.007     0.956250        60305        22.86
      64.223     0.962500        60711        26.67
      65.503     0.968750        61106        32.00
      66.111     0.971875        61302        35.56
      66.751     0.975000        61493        40.00
      67.455     0.978125        61689        45.71
      68.351     0.981250        61887        53.33
      69.311     0.984375        62084        64.00
      69.951     0.985938        62179        71.11
      70.527     0.987500        62277        80.00
      71.231     0.989062        62384        91.43
      71.871     0.990625        62474       106.67
      72.767     0.992188        62579       128.00
      73.279     0.992969        62625       142.22
      73.791     0.993750        62672       160.00
      74.303     0.994531        62721       182.86
      75.135     0.995313        62771       213.33
      75.903     0.996094        62819       256.00
      76.415     0.996484        62843       284.44
      77.311     0.996875        62867       320.00
      78.335     0.997266        62895       365.71
      79.039     0.997656        62917       426.67
      80.063     0.998047        62941       512.00
      80.703     0.998242        62954       568.89
      81.471     0.998437        62967       640.00
      81.855     0.998633        62979       731.43
      82.623     0.998828        62992       853.33
      83.391     0.999023        63004      1024.00
      83.775     0.999121        63009      1137.78
      84.159     0.999219        63015      1280.00
      84.607     0.999316        63021      1462.86
      86.015     0.999414        63028      1706.67
      86.463     0.999512        63034      2048.00
      87.039     0.999561        63037      2275.56
      87.295     0.999609        63040      2560.00
      87.807     0.999658        63043      2925.71
      87.999     0.999707        63046      3413.33
      88.127     0.999756        63049      4096.00
      88.383     0.999780        63052      4551.11
      88.383     0.999805        63052      5120.00
      88.575     0.999829        63054      5851.43
      88.767     0.999854        63055      6826.67
      89.023     0.999878        63057      8192.00
      89.151     0.999890        63058      9102.22
      89.151     0.999902        63058     10240.00
      89.215     0.999915        63059     11702.86
      90.047     0.999927        63060     13653.33
      90.559     0.999939        63061     16384.00
      90.559     0.999945        63061     18204.44
      90.559     0.999951        63061     20480.00
      94.783     0.999957        63062     23405.71
      94.783     0.999963        63062     27306.67
      96.383     0.999969        63063     32768.00
      96.383     0.999973        63063     36408.89
      96.383     0.999976        63063     40960.00
      96.383     0.999979        63063     46811.43
      96.383     0.999982        63063     54613.33
     100.415     0.999985        63064     65536.00
     100.415     1.000000        63064          inf
#[Mean    =       32.559, StdDeviation   =       15.839]
#[Max     =      100.352, Total count    =        63064]
#[Buckets =           27, SubBuckets     =         2048]
-----------------------------------------------------------------------
  94337 requests in 29.91s, 14.63MB read
Requests/sec:   3153.67  
Transfer/sec:    500.75KB

=== rps=3400 c=578 t=58 url=http://10.10.1.1:23694 ===
setup: assigned thread_id=1
init: final thread_id=1, base_seed=nil
setup: assigned thread_id=2
init: final thread_id=2, base_seed=nil
setup: assigned thread_id=3
init: final thread_id=3, base_seed=nil
setup: assigned thread_id=4
init: final thread_id=4, base_seed=nil
setup: assigned thread_id=5
init: final thread_id=5, base_seed=nil
setup: assigned thread_id=6
init: final thread_id=6, base_seed=nil
setup: assigned thread_id=7
init: final thread_id=7, base_seed=nil
setup: assigned thread_id=8
init: final thread_id=8, base_seed=nil
setup: assigned thread_id=9
init: final thread_id=9, base_seed=nil
setup: assigned thread_id=10
init: final thread_id=10, base_seed=nil
setup: assigned thread_id=11
init: final thread_id=11, base_seed=nil
setup: assigned thread_id=12
init: final thread_id=12, base_seed=nil
setup: assigned thread_id=13
init: final thread_id=13, base_seed=nil
setup: assigned thread_id=14
init: final thread_id=14, base_seed=nil
setup: assigned thread_id=15
init: final thread_id=15, base_seed=nil
setup: assigned thread_id=16
init: final thread_id=16, base_seed=nil
setup: assigned thread_id=17
init: final thread_id=17, base_seed=nil
setup: assigned thread_id=18
init: final thread_id=18, base_seed=nil
setup: assigned thread_id=19
init: final thread_id=19, base_seed=nil
setup: assigned thread_id=20
init: final thread_id=20, base_seed=nil
setup: assigned thread_id=21
init: final thread_id=21, base_seed=nil
setup: assigned thread_id=22
init: final thread_id=22, base_seed=nil
setup: assigned thread_id=23
init: final thread_id=23, base_seed=nil
setup: assigned thread_id=24
init: final thread_id=24, base_seed=nil
setup: assigned thread_id=25
init: final thread_id=25, base_seed=nil
setup: assigned thread_id=26
init: final thread_id=26, base_seed=nil
setup: assigned thread_id=27
init: final thread_id=27, base_seed=nil
setup: assigned thread_id=28
init: final thread_id=28, base_seed=nil
setup: assigned thread_id=29
init: final thread_id=29, base_seed=nil
setup: assigned thread_id=30
init: final thread_id=30, base_seed=nil
setup: assigned thread_id=31
init: final thread_id=31, base_seed=nil
setup: assigned thread_id=32
init: final thread_id=32, base_seed=nil
setup: assigned thread_id=33
init: final thread_id=33, base_seed=nil
setup: assigned thread_id=34
init: final thread_id=34, base_seed=nil
setup: assigned thread_id=35
init: final thread_id=35, base_seed=nil
setup: assigned thread_id=36
init: final thread_id=36, base_seed=nil
setup: assigned thread_id=37
init: final thread_id=37, base_seed=nil
setup: assigned thread_id=38
init: final thread_id=38, base_seed=nil
setup: assigned thread_id=39
init: final thread_id=39, base_seed=nil
setup: assigned thread_id=40
init: final thread_id=40, base_seed=nil
setup: assigned thread_id=41
init: final thread_id=41, base_seed=nil
setup: assigned thread_id=42
init: final thread_id=42, base_seed=nil
setup: assigned thread_id=43
init: final thread_id=43, base_seed=nil
setup: assigned thread_id=44
init: final thread_id=44, base_seed=nil
setup: assigned thread_id=45
init: final thread_id=45, base_seed=nil
setup: assigned thread_id=46
init: final thread_id=46, base_seed=nil
setup: assigned thread_id=47
init: final thread_id=47, base_seed=nil
setup: assigned thread_id=48
init: final thread_id=48, base_seed=nil
setup: assigned thread_id=49
init: final thread_id=49, base_seed=nil
setup: assigned thread_id=50
init: final thread_id=50, base_seed=nil
setup: assigned thread_id=51
init: final thread_id=51, base_seed=nil
setup: assigned thread_id=52
init: final thread_id=52, base_seed=nil
setup: assigned thread_id=53
init: final thread_id=53, base_seed=nil
setup: assigned thread_id=54
init: final thread_id=54, base_seed=nil
setup: assigned thread_id=55
init: final thread_id=55, base_seed=nil
setup: assigned thread_id=56
init: final thread_id=56, base_seed=nil
setup: assigned thread_id=57
init: final thread_id=57, base_seed=nil
setup: assigned thread_id=58
init: final thread_id=58, base_seed=nil
script_want_response
Running 30s test @ http://10.10.1.1:23694
  58 threads and 578 connections

  Thread calibration: mean lat.: 49.495ms, rate sampling interval: 265ms
  Thread calibration: mean lat.: 51.321ms, rate sampling interval: 270ms
  Thread calibration: mean lat.: 55.223ms, rate sampling interval: 282ms
  Thread calibration: mean lat.: 55.403ms, rate sampling interval: 287ms
  Thread calibration: mean lat.: 60.108ms, rate sampling interval: 297ms
  Thread calibration: mean lat.: 66.577ms, rate sampling interval: 309ms
  Thread calibration: mean lat.: 69.246ms, rate sampling interval: 327ms
  Thread calibration: mean lat.: 70.739ms, rate sampling interval: 314ms
  Thread calibration: mean lat.: 75.237ms, rate sampling interval: 322ms
  Thread calibration: mean lat.: 79.656ms, rate sampling interval: 314ms
  Thread calibration: mean lat.: 72.562ms, rate sampling interval: 302ms
  Thread calibration: mean lat.: 70.534ms, rate sampling interval: 301ms
  Thread calibration: mean lat.: 70.668ms, rate sampling interval: 299ms
  Thread calibration: mean lat.: 66.298ms, rate sampling interval: 301ms
  Thread calibration: mean lat.: 64.414ms, rate sampling interval: 297ms
  Thread calibration: mean lat.: 64.290ms, rate sampling interval: 300ms
  Thread calibration: mean lat.: 62.941ms, rate sampling interval: 299ms
  Thread calibration: mean lat.: 62.337ms, rate sampling interval: 291ms
  Thread calibration: mean lat.: 62.552ms, rate sampling interval: 290ms
  Thread calibration: mean lat.: 62.270ms, rate sampling interval: 283ms
  Thread calibration: mean lat.: 62.094ms, rate sampling interval: 280ms
  Thread calibration: mean lat.: 62.168ms, rate sampling interval: 279ms
  Thread calibration: mean lat.: 62.537ms, rate sampling interval: 300ms
  Thread calibration: mean lat.: 61.800ms, rate sampling interval: 298ms
  Thread calibration: mean lat.: 62.475ms, rate sampling interval: 300ms
  Thread calibration: mean lat.: 61.936ms, rate sampling interval: 308ms
  Thread calibration: mean lat.: 61.882ms, rate sampling interval: 310ms
  Thread calibration: mean lat.: 63.905ms, rate sampling interval: 349ms
  Thread calibration: mean lat.: 62.107ms, rate sampling interval: 320ms
  Thread calibration: mean lat.: 67.744ms, rate sampling interval: 357ms
  Thread calibration: mean lat.: 67.292ms, rate sampling interval: 363ms
  Thread calibration: mean lat.: 69.612ms, rate sampling interval: 358ms
  Thread calibration: mean lat.: 70.696ms, rate sampling interval: 354ms
  Thread calibration: mean lat.: 68.352ms, rate sampling interval: 381ms
  Thread calibration: mean lat.: 74.500ms, rate sampling interval: 348ms
  Thread calibration: mean lat.: 75.874ms, rate sampling interval: 350ms
  Thread calibration: mean lat.: 76.503ms, rate sampling interval: 339ms
  Thread calibration: mean lat.: 78.877ms, rate sampling interval: 343ms
  Thread calibration: mean lat.: 78.695ms, rate sampling interval: 332ms
  Thread calibration: mean lat.: 79.544ms, rate sampling interval: 329ms
  Thread calibration: mean lat.: 80.365ms, rate sampling interval: 318ms
  Thread calibration: mean lat.: 82.498ms, rate sampling interval: 321ms
  Thread calibration: mean lat.: 82.125ms, rate sampling interval: 313ms
  Thread calibration: mean lat.: 81.130ms, rate sampling interval: 305ms
  Thread calibration: mean lat.: 82.556ms, rate sampling interval: 310ms
  Thread calibration: mean lat.: 82.800ms, rate sampling interval: 308ms
  Thread calibration: mean lat.: 82.232ms, rate sampling interval: 304ms
  Thread calibration: mean lat.: 83.408ms, rate sampling interval: 312ms
  Thread calibration: mean lat.: 82.416ms, rate sampling interval: 300ms
  Thread calibration: mean lat.: 80.017ms, rate sampling interval: 294ms
  Thread calibration: mean lat.: 79.447ms, rate sampling interval: 303ms
  Thread calibration: mean lat.: 80.992ms, rate sampling interval: 328ms
  Thread calibration: mean lat.: 60.747ms, rate sampling interval: 342ms
  Thread calibration: mean lat.: 73.703ms, rate sampling interval: 326ms
  Thread calibration: mean lat.: 72.022ms, rate sampling interval: 322ms
  Thread calibration: mean lat.: 69.898ms, rate sampling interval: 326ms
  Thread calibration: mean lat.: 63.982ms, rate sampling interval: 304ms
  Thread calibration: mean lat.: 63.746ms, rate sampling interval: 308ms

-----------------------------------------------------------------------
Test Results @ http://10.10.1.1:23694 
  Thread Stats   Avg      Stdev     99%   +/- Stdev
    Latency    39.34ms   23.49ms 129.92ms   74.01%
    Req/Sec    57.75      9.09    82.00     81.18%
  Latency Distribution (HdrHistogram - Recorded Latency)
 50.000%   34.85ms
 75.000%   50.88ms
 90.000%   68.35ms
 99.000%  129.92ms
 99.900%  155.13ms
 99.990%  161.15ms
 99.999%  163.33ms
100.000%  164.61ms

  Detailed Percentile spectrum:
       Value   Percentile   TotalCount 1/(1-Percentile)

       7.991     0.000000            1         1.00
      14.279     0.100000         6695         1.11
      19.631     0.200000        13391         1.25
      24.591     0.300000        20077         1.43
      29.711     0.400000        26765         1.67
      34.847     0.500000        33452         2.00
      37.567     0.550000        36808         2.22
      40.479     0.600000        40159         2.50
      43.647     0.650000        43479         2.86
      47.263     0.700000        46834         3.33
      50.879     0.750000        50173         4.00
      52.863     0.775000        51858         4.44
      55.071     0.800000        53524         5.00
      57.567     0.825000        55180         5.71
      60.479     0.850000        56856         6.67
      64.127     0.875000        58527         8.00
      66.239     0.887500        59375         8.89
      68.351     0.900000        60205        10.00
      70.783     0.912500        61033        11.43
      73.663     0.925000        61882        13.33
      76.799     0.937500        62713        16.00
      78.847     0.943750        63140        17.78
      80.959     0.950000        63547        20.00
      83.839     0.956250        63961        22.86
      87.551     0.962500        64380        26.67
      91.583     0.968750        64797        32.00
      94.719     0.971875        65003        35.56
      99.263     0.975000        65214        40.00
     103.743     0.978125        65421        45.71
     109.695     0.981250        65630        53.33
     116.095     0.984375        65839        64.00
     119.039     0.985938        65944        71.11
     124.543     0.987500        66048        80.00
     128.191     0.989062        66153        91.43
     130.879     0.990625        66261       106.67
     134.143     0.992188        66364       128.00
     136.447     0.992969        66415       142.22
     138.239     0.993750        66471       160.00
     139.775     0.994531        66521       182.86
     142.463     0.995313        66573       213.33
     143.871     0.996094        66625       256.00
     144.639     0.996484        66650       284.44
     145.791     0.996875        66675       320.00
     147.071     0.997266        66703       365.71
     148.095     0.997656        66730       426.67
     149.119     0.998047        66755       512.00
     150.015     0.998242        66769       568.89
     150.783     0.998437        66780       640.00
     152.191     0.998633        66793       731.43
     153.599     0.998828        66806       853.33
     155.391     0.999023        66819      1024.00
     156.415     0.999121        66827      1137.78
     157.055     0.999219        66833      1280.00
     157.823     0.999316        66840      1462.86
     158.719     0.999414        66850      1706.67
     158.847     0.999512        66852      2048.00
     158.975     0.999561        66855      2275.56
     159.103     0.999609        66858      2560.00
     159.487     0.999658        66864      2925.71
     159.615     0.999707        66866      3413.33
     160.127     0.999756        66868      4096.00
     160.383     0.999780        66871      4551.11
     160.383     0.999805        66871      5120.00
     160.767     0.999829        66873      5851.43
     160.895     0.999854        66875      6826.67
     161.023     0.999878        66876      8192.00
     161.151     0.999890        66877      9102.22
     161.407     0.999902        66879     10240.00
     161.407     0.999915        66879     11702.86
     161.791     0.999927        66880     13653.33
     161.791     0.999939        66880     16384.00
     162.047     0.999945        66881     18204.44
     162.047     0.999951        66881     20480.00
     162.687     0.999957        66882     23405.71
     162.687     0.999963        66882     27306.67
     162.687     0.999969        66882     32768.00
     163.327     0.999973        66883     36408.89
     163.327     0.999976        66883     40960.00
     163.327     0.999979        66883     46811.43
     163.327     0.999982        66883     54613.33
     163.327     0.999985        66883     65536.00
     164.607     0.999986        66884     72817.78
     164.607     1.000000        66884          inf
#[Mean    =       39.341, StdDeviation   =       23.487]
#[Max     =      164.480, Total count    =        66884]
#[Buckets =           27, SubBuckets     =         2048]
-----------------------------------------------------------------------
  99983 requests in 29.85s, 15.51MB read
Requests/sec:   3349.14  
Transfer/sec:    531.89KB

=== rps=3600 c=648 t=65 url=http://10.10.1.1:23694 ===
setup: assigned thread_id=1
init: final thread_id=1, base_seed=nil
setup: assigned thread_id=2
init: final thread_id=2, base_seed=nil
setup: assigned thread_id=3
init: final thread_id=3, base_seed=nil
setup: assigned thread_id=4
init: final thread_id=4, base_seed=nil
setup: assigned thread_id=5
init: final thread_id=5, base_seed=nil
setup: assigned thread_id=6
init: final thread_id=6, base_seed=nil
setup: assigned thread_id=7
init: final thread_id=7, base_seed=nil
setup: assigned thread_id=8
init: final thread_id=8, base_seed=nil
setup: assigned thread_id=9
init: final thread_id=9, base_seed=nil
setup: assigned thread_id=10
init: final thread_id=10, base_seed=nil
setup: assigned thread_id=11
init: final thread_id=11, base_seed=nil
setup: assigned thread_id=12
init: final thread_id=12, base_seed=nil
setup: assigned thread_id=13
init: final thread_id=13, base_seed=nil
setup: assigned thread_id=14
init: final thread_id=14, base_seed=nil
setup: assigned thread_id=15
init: final thread_id=15, base_seed=nil
setup: assigned thread_id=16
init: final thread_id=16, base_seed=nil
setup: assigned thread_id=17
init: final thread_id=17, base_seed=nil
setup: assigned thread_id=18
init: final thread_id=18, base_seed=nil
setup: assigned thread_id=19
init: final thread_id=19, base_seed=nil
setup: assigned thread_id=20
init: final thread_id=20, base_seed=nil
setup: assigned thread_id=21
init: final thread_id=21, base_seed=nil
setup: assigned thread_id=22
init: final thread_id=22, base_seed=nil
setup: assigned thread_id=23
init: final thread_id=23, base_seed=nil
setup: assigned thread_id=24
init: final thread_id=24, base_seed=nil
setup: assigned thread_id=25
init: final thread_id=25, base_seed=nil
setup: assigned thread_id=26
init: final thread_id=26, base_seed=nil
setup: assigned thread_id=27
init: final thread_id=27, base_seed=nil
setup: assigned thread_id=28
init: final thread_id=28, base_seed=nil
setup: assigned thread_id=29
init: final thread_id=29, base_seed=nil
setup: assigned thread_id=30
init: final thread_id=30, base_seed=nil
setup: assigned thread_id=31
init: final thread_id=31, base_seed=nil
setup: assigned thread_id=32
init: final thread_id=32, base_seed=nil
setup: assigned thread_id=33
init: final thread_id=33, base_seed=nil
setup: assigned thread_id=34
init: final thread_id=34, base_seed=nil
setup: assigned thread_id=35
init: final thread_id=35, base_seed=nil
setup: assigned thread_id=36
init: final thread_id=36, base_seed=nil
setup: assigned thread_id=37
init: final thread_id=37, base_seed=nil
setup: assigned thread_id=38
init: final thread_id=38, base_seed=nil
setup: assigned thread_id=39
init: final thread_id=39, base_seed=nil
setup: assigned thread_id=40
init: final thread_id=40, base_seed=nil
setup: assigned thread_id=41
init: final thread_id=41, base_seed=nil
setup: assigned thread_id=42
init: final thread_id=42, base_seed=nil
setup: assigned thread_id=43
init: final thread_id=43, base_seed=nil
setup: assigned thread_id=44
init: final thread_id=44, base_seed=nil
setup: assigned thread_id=45
init: final thread_id=45, base_seed=nil
setup: assigned thread_id=46
init: final thread_id=46, base_seed=nil
setup: assigned thread_id=47
init: final thread_id=47, base_seed=nil
setup: assigned thread_id=48
init: final thread_id=48, base_seed=nil
setup: assigned thread_id=49
init: final thread_id=49, base_seed=nil
setup: assigned thread_id=50
init: final thread_id=50, base_seed=nil
setup: assigned thread_id=51
init: final thread_id=51, base_seed=nil
setup: assigned thread_id=52
init: final thread_id=52, base_seed=nil
setup: assigned thread_id=53
init: final thread_id=53, base_seed=nil
setup: assigned thread_id=54
init: final thread_id=54, base_seed=nil
setup: assigned thread_id=55
init: final thread_id=55, base_seed=nil
setup: assigned thread_id=56
init: final thread_id=56, base_seed=nil
setup: assigned thread_id=57
init: final thread_id=57, base_seed=nil
setup: assigned thread_id=58
init: final thread_id=58, base_seed=nil
setup: assigned thread_id=59
init: final thread_id=59, base_seed=nil
setup: assigned thread_id=60
init: final thread_id=60, base_seed=nil
setup: assigned thread_id=61
init: final thread_id=61, base_seed=nil
setup: assigned thread_id=62
init: final thread_id=62, base_seed=nil
setup: assigned thread_id=63
init: final thread_id=63, base_seed=nil
setup: assigned thread_id=64
init: final thread_id=64, base_seed=nil
setup: assigned thread_id=65
init: final thread_id=65, base_seed=nil
script_want_response
Running 30s test @ http://10.10.1.1:23694
  65 threads and 648 connections

  Thread calibration: mean lat.: 37.378ms, rate sampling interval: 140ms
  Thread calibration: mean lat.: 42.838ms, rate sampling interval: 159ms
  Thread calibration: mean lat.: 46.997ms, rate sampling interval: 181ms
  Thread calibration: mean lat.: 53.028ms, rate sampling interval: 188ms
  Thread calibration: mean lat.: 80.917ms, rate sampling interval: 220ms
  Thread calibration: mean lat.: 63.012ms, rate sampling interval: 200ms
  Thread calibration: mean lat.: 67.503ms, rate sampling interval: 205ms
  Thread calibration: mean lat.: 69.131ms, rate sampling interval: 202ms
  Thread calibration: mean lat.: 73.688ms, rate sampling interval: 209ms
  Thread calibration: mean lat.: 76.445ms, rate sampling interval: 210ms
  Thread calibration: mean lat.: 77.925ms, rate sampling interval: 211ms
  Thread calibration: mean lat.: 74.342ms, rate sampling interval: 203ms
  Thread calibration: mean lat.: 70.568ms, rate sampling interval: 197ms
  Thread calibration: mean lat.: 68.342ms, rate sampling interval: 188ms
  Thread calibration: mean lat.: 66.079ms, rate sampling interval: 182ms
  Thread calibration: mean lat.: 65.618ms, rate sampling interval: 183ms
  Thread calibration: mean lat.: 65.014ms, rate sampling interval: 199ms
  Thread calibration: mean lat.: 58.153ms, rate sampling interval: 158ms
  Thread calibration: mean lat.: 57.619ms, rate sampling interval: 155ms
  Thread calibration: mean lat.: 57.092ms, rate sampling interval: 154ms
  Thread calibration: mean lat.: 56.364ms, rate sampling interval: 150ms
  Thread calibration: mean lat.: 56.008ms, rate sampling interval: 149ms
  Thread calibration: mean lat.: 55.163ms, rate sampling interval: 148ms
  Thread calibration: mean lat.: 54.316ms, rate sampling interval: 145ms
  Thread calibration: mean lat.: 50.648ms, rate sampling interval: 141ms
  Thread calibration: mean lat.: 47.295ms, rate sampling interval: 140ms
  Thread calibration: mean lat.: 43.371ms, rate sampling interval: 137ms
  Thread calibration: mean lat.: 40.260ms, rate sampling interval: 133ms
  Thread calibration: mean lat.: 34.359ms, rate sampling interval: 128ms
  Thread calibration: mean lat.: 31.232ms, rate sampling interval: 122ms
  Thread calibration: mean lat.: 28.203ms, rate sampling interval: 113ms
  Thread calibration: mean lat.: 75.118ms, rate sampling interval: 205ms
  Thread calibration: mean lat.: 25.217ms, rate sampling interval: 94ms
  Thread calibration: mean lat.: 78.557ms, rate sampling interval: 206ms
  Thread calibration: mean lat.: 81.078ms, rate sampling interval: 204ms
  Thread calibration: mean lat.: 81.443ms, rate sampling interval: 204ms
  Thread calibration: mean lat.: 83.874ms, rate sampling interval: 216ms
  Thread calibration: mean lat.: 30.148ms, rate sampling interval: 113ms
  Thread calibration: mean lat.: 83.838ms, rate sampling interval: 222ms
  Thread calibration: mean lat.: 40.490ms, rate sampling interval: 155ms
  Thread calibration: mean lat.: 46.196ms, rate sampling interval: 181ms
  Thread calibration: mean lat.: 50.565ms, rate sampling interval: 192ms
  Thread calibration: mean lat.: 55.915ms, rate sampling interval: 199ms
  Thread calibration: mean lat.: 60.051ms, rate sampling interval: 201ms
  Thread calibration: mean lat.: 64.135ms, rate sampling interval: 204ms
  Thread calibration: mean lat.: 69.406ms, rate sampling interval: 204ms
  Thread calibration: mean lat.: 72.913ms, rate sampling interval: 203ms
  Thread calibration: mean lat.: 77.062ms, rate sampling interval: 205ms
  Thread calibration: mean lat.: 77.653ms, rate sampling interval: 206ms
  Thread calibration: mean lat.: 81.199ms, rate sampling interval: 215ms
  Thread calibration: mean lat.: 79.450ms, rate sampling interval: 205ms
  Thread calibration: mean lat.: 80.021ms, rate sampling interval: 219ms
  Thread calibration: mean lat.: 79.944ms, rate sampling interval: 215ms
  Thread calibration: mean lat.: 80.064ms, rate sampling interval: 215ms
  Thread calibration: mean lat.: 80.213ms, rate sampling interval: 220ms
  Thread calibration: mean lat.: 79.444ms, rate sampling interval: 216ms
  Thread calibration: mean lat.: 79.366ms, rate sampling interval: 217ms
  Thread calibration: mean lat.: 80.131ms, rate sampling interval: 219ms
  Thread calibration: mean lat.: 80.434ms, rate sampling interval: 219ms
  Thread calibration: mean lat.: 80.488ms, rate sampling interval: 217ms
  Thread calibration: mean lat.: 79.994ms, rate sampling interval: 217ms
  Thread calibration: mean lat.: 80.980ms, rate sampling interval: 220ms
  Thread calibration: mean lat.: 81.500ms, rate sampling interval: 220ms
  Thread calibration: mean lat.: 78.197ms, rate sampling interval: 227ms
  Thread calibration: mean lat.: 76.866ms, rate sampling interval: 224ms

-----------------------------------------------------------------------
Test Results @ http://10.10.1.1:23694 
  Thread Stats   Avg      Stdev     99%   +/- Stdev
    Latency   132.23ms   90.53ms 357.12ms   70.74%
    Req/Sec    54.60     18.61    95.00     78.72%
  Latency Distribution (HdrHistogram - Recorded Latency)
 50.000%  101.44ms
 75.000%  183.17ms
 90.000%  286.72ms
 99.000%  357.12ms
 99.900%  395.01ms
 99.990%  400.38ms
 99.999%  404.99ms
100.000%  405.25ms

  Detailed Percentile spectrum:
       Value   Percentile   TotalCount 1/(1-Percentile)

       9.103     0.000000            1         1.00
      44.351     0.100000         7115         1.11
      60.991     0.200000        14211         1.25
      73.215     0.300000        21343         1.43
      85.503     0.400000        28424         1.67
     101.439     0.500000        35542         2.00
     108.927     0.550000        39087         2.22
     117.247     0.600000        42624         2.50
     131.583     0.650000        46177         2.86
     148.991     0.700000        49731         3.33
     183.167     0.750000        53280         4.00
     209.663     0.775000        55056         4.44
     224.383     0.800000        56840         5.00
     235.135     0.825000        58606         5.71
     249.343     0.850000        60398         6.67
     270.847     0.875000        62159         8.00
     280.319     0.887500        63056         8.89
     286.719     0.900000        63932        10.00
     292.607     0.912500        64838        11.43
     297.983     0.925000        65714        13.33
     305.151     0.937500        66602        16.00
     311.551     0.943750        67048        17.78
     321.535     0.950000        67490        20.00
     328.703     0.956250        67945        22.86
     333.055     0.962500        68407        26.67
     336.895     0.968750        68827        32.00
     339.199     0.971875        69061        35.56
     341.503     0.975000        69261        40.00
     344.575     0.978125        69486        45.71
     347.903     0.981250        69715        53.33
     351.487     0.984375        69933        64.00
     353.279     0.985938        70050        71.11
     354.559     0.987500        70156        80.00
     356.095     0.989062        70271        91.43
     358.143     0.990625        70372       106.67
     363.519     0.992188        70480       128.00
     370.943     0.992969        70538       142.22
     373.759     0.993750        70594       160.00
     376.063     0.994531        70646       182.86
     378.879     0.995313        70708       213.33
     380.927     0.996094        70759       256.00
     382.207     0.996484        70785       284.44
     383.999     0.996875        70815       320.00
     384.767     0.997266        70840       365.71
     386.047     0.997656        70871       426.67
     387.071     0.998047        70898       512.00
     387.839     0.998242        70910       568.89
     389.119     0.998437        70926       640.00
     391.423     0.998633        70937       731.43
     393.983     0.998828        70951       853.33
     395.519     0.999023        70969      1024.00
     395.775     0.999121        70974      1137.78
     396.287     0.999219        70981      1280.00
     396.543     0.999316        70987      1462.86
     397.055     0.999414        70997      1706.67
     397.311     0.999512        71000      2048.00
     397.567     0.999561        71004      2275.56
     398.079     0.999609        71007      2560.00
     398.847     0.999658        71010      2925.71
     399.359     0.999707        71016      3413.33
     399.615     0.999756        71022      4096.00
     399.615     0.999780        71022      4551.11
     399.615     0.999805        71022      5120.00
     399.615     0.999829        71022      5851.43
     399.871     0.999854        71025      6826.67
     400.127     0.999878        71026      8192.00
     400.383     0.999890        71028      9102.22
     400.383     0.999902        71028     10240.00
     400.383     0.999915        71028     11702.86
     400.639     0.999927        71030     13653.33
     400.639     0.999939        71030     16384.00
     401.663     0.999945        71031     18204.44
     401.663     0.999951        71031     20480.00
     401.663     0.999957        71031     23405.71
     402.175     0.999963        71032     27306.67
     402.175     0.999969        71032     32768.00
     404.991     0.999973        71033     36408.89
     404.991     0.999976        71033     40960.00
     404.991     0.999979        71033     46811.43
     404.991     0.999982        71033     54613.33
     404.991     0.999985        71033     65536.00
     405.247     0.999986        71034     72817.78
     405.247     1.000000        71034          inf
#[Mean    =      132.231, StdDeviation   =       90.532]
#[Max     =      404.992, Total count    =        71034]
#[Buckets =           27, SubBuckets     =         2048]
-----------------------------------------------------------------------
  105691 requests in 29.93s, 16.39MB read
Requests/sec:   3530.74  
Transfer/sec:    560.62KB

=== rps=3800 c=722 t=73 url=http://10.10.1.1:23694 ===
setup: assigned thread_id=1
init: final thread_id=1, base_seed=nil
setup: assigned thread_id=2
init: final thread_id=2, base_seed=nil
setup: assigned thread_id=3
init: final thread_id=3, base_seed=nil
setup: assigned thread_id=4
init: final thread_id=4, base_seed=nil
setup: assigned thread_id=5
init: final thread_id=5, base_seed=nil
setup: assigned thread_id=6
init: final thread_id=6, base_seed=nil
setup: assigned thread_id=7
init: final thread_id=7, base_seed=nil
setup: assigned thread_id=8
init: final thread_id=8, base_seed=nil
setup: assigned thread_id=9
init: final thread_id=9, base_seed=nil
setup: assigned thread_id=10
init: final thread_id=10, base_seed=nil
setup: assigned thread_id=11
init: final thread_id=11, base_seed=nil
setup: assigned thread_id=12
init: final thread_id=12, base_seed=nil
setup: assigned thread_id=13
init: final thread_id=13, base_seed=nil
setup: assigned thread_id=14
init: final thread_id=14, base_seed=nil
setup: assigned thread_id=15
init: final thread_id=15, base_seed=nil
setup: assigned thread_id=16
init: final thread_id=16, base_seed=nil
setup: assigned thread_id=17
init: final thread_id=17, base_seed=nil
setup: assigned thread_id=18
init: final thread_id=18, base_seed=nil
setup: assigned thread_id=19
init: final thread_id=19, base_seed=nil
setup: assigned thread_id=20
init: final thread_id=20, base_seed=nil
setup: assigned thread_id=21
init: final thread_id=21, base_seed=nil
setup: assigned thread_id=22
init: final thread_id=22, base_seed=nil
setup: assigned thread_id=23
init: final thread_id=23, base_seed=nil
setup: assigned thread_id=24
init: final thread_id=24, base_seed=nil
setup: assigned thread_id=25
init: final thread_id=25, base_seed=nil
setup: assigned thread_id=26
init: final thread_id=26, base_seed=nil
setup: assigned thread_id=27
init: final thread_id=27, base_seed=nil
setup: assigned thread_id=28
init: final thread_id=28, base_seed=nil
setup: assigned thread_id=29
init: final thread_id=29, base_seed=nil
setup: assigned thread_id=30
init: final thread_id=30, base_seed=nil
setup: assigned thread_id=31
init: final thread_id=31, base_seed=nil
setup: assigned thread_id=32
init: final thread_id=32, base_seed=nil
setup: assigned thread_id=33
init: final thread_id=33, base_seed=nil
setup: assigned thread_id=34
init: final thread_id=34, base_seed=nil
setup: assigned thread_id=35
init: final thread_id=35, base_seed=nil
setup: assigned thread_id=36
init: final thread_id=36, base_seed=nil
setup: assigned thread_id=37
init: final thread_id=37, base_seed=nil
setup: assigned thread_id=38
init: final thread_id=38, base_seed=nil
setup: assigned thread_id=39
init: final thread_id=39, base_seed=nil
setup: assigned thread_id=40
init: final thread_id=40, base_seed=nil
setup: assigned thread_id=41
init: final thread_id=41, base_seed=nil
setup: assigned thread_id=42
init: final thread_id=42, base_seed=nil
setup: assigned thread_id=43
init: final thread_id=43, base_seed=nil
setup: assigned thread_id=44
init: final thread_id=44, base_seed=nil
setup: assigned thread_id=45
init: final thread_id=45, base_seed=nil
setup: assigned thread_id=46
init: final thread_id=46, base_seed=nil
setup: assigned thread_id=47
init: final thread_id=47, base_seed=nil
setup: assigned thread_id=48
init: final thread_id=48, base_seed=nil
setup: assigned thread_id=49
init: final thread_id=49, base_seed=nil
setup: assigned thread_id=50
init: final thread_id=50, base_seed=nil
setup: assigned thread_id=51
init: final thread_id=51, base_seed=nil
setup: assigned thread_id=52
init: final thread_id=52, base_seed=nil
setup: assigned thread_id=53
init: final thread_id=53, base_seed=nil
setup: assigned thread_id=54
init: final thread_id=54, base_seed=nil
setup: assigned thread_id=55
init: final thread_id=55, base_seed=nil
setup: assigned thread_id=56
init: final thread_id=56, base_seed=nil
setup: assigned thread_id=57
init: final thread_id=57, base_seed=nil
setup: assigned thread_id=58
init: final thread_id=58, base_seed=nil
setup: assigned thread_id=59
init: final thread_id=59, base_seed=nil
setup: assigned thread_id=60
init: final thread_id=60, base_seed=nil
setup: assigned thread_id=61
init: final thread_id=61, base_seed=nil
setup: assigned thread_id=62
init: final thread_id=62, base_seed=nil
setup: assigned thread_id=63
init: final thread_id=63, base_seed=nil
setup: assigned thread_id=64
init: final thread_id=64, base_seed=nil
setup: assigned thread_id=65
init: final thread_id=65, base_seed=nil
setup: assigned thread_id=66
init: final thread_id=66, base_seed=nil
setup: assigned thread_id=67
init: final thread_id=67, base_seed=nil
setup: assigned thread_id=68
init: final thread_id=68, base_seed=nil
setup: assigned thread_id=69
init: final thread_id=69, base_seed=nil
setup: assigned thread_id=70
init: final thread_id=70, base_seed=nil
setup: assigned thread_id=71
init: final thread_id=71, base_seed=nil
setup: assigned thread_id=72
init: final thread_id=72, base_seed=nil
setup: assigned thread_id=73
init: final thread_id=73, base_seed=nil
script_want_response
Running 30s test @ http://10.10.1.1:23694
  73 threads and 722 connections

  Thread calibration: mean lat.: 104.127ms, rate sampling interval: 293ms
  Thread calibration: mean lat.: 102.894ms, rate sampling interval: 285ms
  Thread calibration: mean lat.: 104.219ms, rate sampling interval: 293ms
  Thread calibration: mean lat.: 104.352ms, rate sampling interval: 293ms
  Thread calibration: mean lat.: 105.924ms, rate sampling interval: 297ms
  Thread calibration: mean lat.: 106.745ms, rate sampling interval: 301ms
  Thread calibration: mean lat.: 109.398ms, rate sampling interval: 315ms
  Thread calibration: mean lat.: 107.539ms, rate sampling interval: 301ms
  Thread calibration: mean lat.: 109.308ms, rate sampling interval: 309ms
  Thread calibration: mean lat.: 108.355ms, rate sampling interval: 304ms
  Thread calibration: mean lat.: 102.770ms, rate sampling interval: 292ms
  Thread calibration: mean lat.: 100.955ms, rate sampling interval: 288ms
  Thread calibration: mean lat.: 101.103ms, rate sampling interval: 289ms
  Thread calibration: mean lat.: 98.995ms, rate sampling interval: 286ms
  Thread calibration: mean lat.: 97.528ms, rate sampling interval: 282ms
  Thread calibration: mean lat.: 95.042ms, rate sampling interval: 258ms
  Thread calibration: mean lat.: 97.528ms, rate sampling interval: 306ms
  Thread calibration: mean lat.: 98.404ms, rate sampling interval: 331ms
  Thread calibration: mean lat.: 96.875ms, rate sampling interval: 321ms
  Thread calibration: mean lat.: 96.694ms, rate sampling interval: 329ms
  Thread calibration: mean lat.: 99.498ms, rate sampling interval: 342ms
  Thread calibration: mean lat.: 99.308ms, rate sampling interval: 340ms
  Thread calibration: mean lat.: 100.002ms, rate sampling interval: 345ms
  Thread calibration: mean lat.: 100.230ms, rate sampling interval: 342ms
  Thread calibration: mean lat.: 99.194ms, rate sampling interval: 338ms
  Thread calibration: mean lat.: 98.693ms, rate sampling interval: 334ms
  Thread calibration: mean lat.: 97.883ms, rate sampling interval: 332ms
  Thread calibration: mean lat.: 96.424ms, rate sampling interval: 294ms
  Thread calibration: mean lat.: 94.023ms, rate sampling interval: 287ms
  Thread calibration: mean lat.: 95.478ms, rate sampling interval: 282ms
  Thread calibration: mean lat.: 95.984ms, rate sampling interval: 282ms
  Thread calibration: mean lat.: 96.578ms, rate sampling interval: 281ms
  Thread calibration: mean lat.: 97.159ms, rate sampling interval: 281ms
  Thread calibration: mean lat.: 110.618ms, rate sampling interval: 351ms
  Thread calibration: mean lat.: 100.577ms, rate sampling interval: 277ms
  Thread calibration: mean lat.: 101.655ms, rate sampling interval: 277ms
  Thread calibration: mean lat.: 102.522ms, rate sampling interval: 276ms
  Thread calibration: mean lat.: 103.350ms, rate sampling interval: 275ms
  Thread calibration: mean lat.: 104.853ms, rate sampling interval: 276ms
  Thread calibration: mean lat.: 105.453ms, rate sampling interval: 275ms
  Thread calibration: mean lat.: 105.457ms, rate sampling interval: 273ms
  Thread calibration: mean lat.: 105.416ms, rate sampling interval: 273ms
  Thread calibration: mean lat.: 105.702ms, rate sampling interval: 273ms
  Thread calibration: mean lat.: 105.019ms, rate sampling interval: 273ms
  Thread calibration: mean lat.: 105.588ms, rate sampling interval: 273ms
  Thread calibration: mean lat.: 104.540ms, rate sampling interval: 271ms
  Thread calibration: mean lat.: 104.886ms, rate sampling interval: 271ms
  Thread calibration: mean lat.: 104.316ms, rate sampling interval: 270ms
  Thread calibration: mean lat.: 103.434ms, rate sampling interval: 268ms
  Thread calibration: mean lat.: 97.491ms, rate sampling interval: 315ms
  Thread calibration: mean lat.: 106.310ms, rate sampling interval: 297ms
  Thread calibration: mean lat.: 108.643ms, rate sampling interval: 300ms
  Thread calibration: mean lat.: 109.624ms, rate sampling interval: 302ms
  Thread calibration: mean lat.: 111.573ms, rate sampling interval: 305ms
  Thread calibration: mean lat.: 113.254ms, rate sampling interval: 307ms
  Thread calibration: mean lat.: 113.753ms, rate sampling interval: 308ms
  Thread calibration: mean lat.: 113.083ms, rate sampling interval: 306ms
  Thread calibration: mean lat.: 112.706ms, rate sampling interval: 305ms
  Thread calibration: mean lat.: 111.952ms, rate sampling interval: 304ms
  Thread calibration: mean lat.: 111.911ms, rate sampling interval: 303ms
  Thread calibration: mean lat.: 111.632ms, rate sampling interval: 304ms
  Thread calibration: mean lat.: 111.109ms, rate sampling interval: 308ms
  Thread calibration: mean lat.: 113.349ms, rate sampling interval: 346ms
  Thread calibration: mean lat.: 110.012ms, rate sampling interval: 304ms
  Thread calibration: mean lat.: 110.368ms, rate sampling interval: 307ms
  Thread calibration: mean lat.: 109.645ms, rate sampling interval: 305ms
  Thread calibration: mean lat.: 109.411ms, rate sampling interval: 305ms
  Thread calibration: mean lat.: 109.127ms, rate sampling interval: 303ms
  Thread calibration: mean lat.: 108.742ms, rate sampling interval: 301ms
  Thread calibration: mean lat.: 111.356ms, rate sampling interval: 310ms
  Thread calibration: mean lat.: 111.119ms, rate sampling interval: 309ms
  Thread calibration: mean lat.: 110.923ms, rate sampling interval: 309ms
  Thread calibration: mean lat.: 110.640ms, rate sampling interval: 307ms

-----------------------------------------------------------------------
Test Results @ http://10.10.1.1:23694 
  Thread Stats   Avg      Stdev     99%   +/- Stdev
    Latency    73.79ms   67.29ms 242.82ms   80.68%
    Req/Sec    51.27     12.32    69.00     67.51%
  Latency Distribution (HdrHistogram - Recorded Latency)
 50.000%   40.03ms
 75.000%  111.29ms
 90.000%  195.84ms
 99.000%  242.82ms
 99.900%  278.53ms
 99.990%  310.27ms
 99.999%  358.14ms
100.000%  367.10ms

  Detailed Percentile spectrum:
       Value   Percentile   TotalCount 1/(1-Percentile)

       8.087     0.000000            1         1.00
      16.183     0.100000         7499         1.11
      21.375     0.200000        14995         1.25
      27.215     0.300000        22487         1.43
      33.503     0.400000        30000         1.67
      40.031     0.500000        37464         2.00
      44.767     0.550000        41211         2.22
      53.343     0.600000        44957         2.50
      70.207     0.650000        48705         2.86
      93.567     0.700000        52452         3.33
     111.295     0.750000        56190         4.00
     120.383     0.775000        58064         4.44
     136.063     0.800000        59937         5.00
     151.423     0.825000        61820         5.71
     164.863     0.850000        63686         6.67
     181.631     0.875000        65557         8.00
     189.439     0.887500        66491         8.89
     195.839     0.900000        67435        10.00
     200.447     0.912500        68371        11.43
     205.055     0.925000        69315        13.33
     209.791     0.937500        70251        16.00
     212.351     0.943750        70707        17.78
     215.423     0.950000        71183        20.00
     219.263     0.956250        71651        22.86
     222.975     0.962500        72118        26.67
     226.943     0.968750        72588        32.00
     228.735     0.971875        72813        35.56
     231.039     0.975000        73050        40.00
     233.215     0.978125        73281        45.71
     235.519     0.981250        73516        53.33
     237.951     0.984375        73755        64.00
     239.231     0.985938        73872        71.11
     240.639     0.987500        73985        80.00
     241.919     0.989062        74108        91.43
     243.455     0.990625        74228       106.67
     244.863     0.992188        74338       128.00
     245.759     0.992969        74403       142.22
     246.911     0.993750        74460       160.00
     247.935     0.994531        74511       182.86
     249.343     0.995313        74571       213.33
     250.751     0.996094        74628       256.00
     251.519     0.996484        74657       284.44
     252.031     0.996875        74685       320.00
     253.183     0.997266        74716       365.71
     254.079     0.997656        74747       426.67
     255.615     0.998047        74774       512.00
     256.511     0.998242        74788       568.89
     257.791     0.998437        74802       640.00
     260.095     0.998633        74817       731.43
     265.983     0.998828        74833       853.33
     280.575     0.999023        74846      1024.00
     284.671     0.999121        74854      1137.78
     285.951     0.999219        74862      1280.00
     287.487     0.999316        74868      1462.86
     289.279     0.999414        74876      1706.67
     292.351     0.999512        74885      2048.00
     292.863     0.999561        74888      2275.56
     293.119     0.999609        74890      2560.00
     293.631     0.999658        74894      2925.71
     294.911     0.999707        74899      3413.33
     297.727     0.999756        74901      4096.00
     299.007     0.999780        74904      4551.11
     299.263     0.999805        74905      5120.00
     301.055     0.999829        74907      5851.43
     303.103     0.999854        74910      6826.67
     303.103     0.999878        74910      8192.00
     304.383     0.999890        74911      9102.22
     310.271     0.999902        74912     10240.00
     315.903     0.999915        74913     11702.86
     316.671     0.999927        74914     13653.33
     323.071     0.999939        74915     16384.00
     323.071     0.999945        74915     18204.44
     354.815     0.999951        74916     20480.00
     354.815     0.999957        74916     23405.71
     357.119     0.999963        74917     27306.67
     357.119     0.999969        74917     32768.00
     357.119     0.999973        74917     36408.89
     358.143     0.999976        74918     40960.00
     358.143     0.999979        74918     46811.43
     358.143     0.999982        74918     54613.33
     358.143     0.999985        74918     65536.00
     358.143     0.999986        74918     72817.78
     367.103     0.999988        74919     81920.00
     367.103     1.000000        74919          inf
#[Mean    =       73.786, StdDeviation   =       67.291]
#[Max     =      366.848, Total count    =        74919]
#[Buckets =           27, SubBuckets     =         2048]
-----------------------------------------------------------------------
  112214 requests in 29.91s, 17.40MB read
Requests/sec:   3751.61  
Transfer/sec:    595.68KB

=== rps=4000 c=800 t=80 url=http://10.10.1.1:23694 ===
setup: assigned thread_id=1
init: final thread_id=1, base_seed=nil
setup: assigned thread_id=2
init: final thread_id=2, base_seed=nil
setup: assigned thread_id=3
init: final thread_id=3, base_seed=nil
setup: assigned thread_id=4
init: final thread_id=4, base_seed=nil
setup: assigned thread_id=5
init: final thread_id=5, base_seed=nil
setup: assigned thread_id=6
init: final thread_id=6, base_seed=nil
setup: assigned thread_id=7
init: final thread_id=7, base_seed=nil
setup: assigned thread_id=8
init: final thread_id=8, base_seed=nil
setup: assigned thread_id=9
init: final thread_id=9, base_seed=nil
setup: assigned thread_id=10
init: final thread_id=10, base_seed=nil
setup: assigned thread_id=11
init: final thread_id=11, base_seed=nil
setup: assigned thread_id=12
init: final thread_id=12, base_seed=nil
setup: assigned thread_id=13
init: final thread_id=13, base_seed=nil
setup: assigned thread_id=14
init: final thread_id=14, base_seed=nil
setup: assigned thread_id=15
init: final thread_id=15, base_seed=nil
setup: assigned thread_id=16
init: final thread_id=16, base_seed=nil
setup: assigned thread_id=17
init: final thread_id=17, base_seed=nil
setup: assigned thread_id=18
init: final thread_id=18, base_seed=nil
setup: assigned thread_id=19
init: final thread_id=19, base_seed=nil
setup: assigned thread_id=20
init: final thread_id=20, base_seed=nil
setup: assigned thread_id=21
init: final thread_id=21, base_seed=nil
setup: assigned thread_id=22
init: final thread_id=22, base_seed=nil
setup: assigned thread_id=23
init: final thread_id=23, base_seed=nil
setup: assigned thread_id=24
init: final thread_id=24, base_seed=nil
setup: assigned thread_id=25
init: final thread_id=25, base_seed=nil
setup: assigned thread_id=26
init: final thread_id=26, base_seed=nil
setup: assigned thread_id=27
init: final thread_id=27, base_seed=nil
setup: assigned thread_id=28
init: final thread_id=28, base_seed=nil
setup: assigned thread_id=29
init: final thread_id=29, base_seed=nil
setup: assigned thread_id=30
init: final thread_id=30, base_seed=nil
setup: assigned thread_id=31
init: final thread_id=31, base_seed=nil
setup: assigned thread_id=32
init: final thread_id=32, base_seed=nil
setup: assigned thread_id=33
init: final thread_id=33, base_seed=nil
setup: assigned thread_id=34
init: final thread_id=34, base_seed=nil
setup: assigned thread_id=35
init: final thread_id=35, base_seed=nil
setup: assigned thread_id=36
init: final thread_id=36, base_seed=nil
setup: assigned thread_id=37
init: final thread_id=37, base_seed=nil
setup: assigned thread_id=38
init: final thread_id=38, base_seed=nil
setup: assigned thread_id=39
init: final thread_id=39, base_seed=nil
setup: assigned thread_id=40
init: final thread_id=40, base_seed=nil
setup: assigned thread_id=41
init: final thread_id=41, base_seed=nil
setup: assigned thread_id=42
init: final thread_id=42, base_seed=nil
setup: assigned thread_id=43
init: final thread_id=43, base_seed=nil
setup: assigned thread_id=44
init: final thread_id=44, base_seed=nil
setup: assigned thread_id=45
init: final thread_id=45, base_seed=nil
setup: assigned thread_id=46
init: final thread_id=46, base_seed=nil
setup: assigned thread_id=47
init: final thread_id=47, base_seed=nil
setup: assigned thread_id=48
init: final thread_id=48, base_seed=nil
setup: assigned thread_id=49
init: final thread_id=49, base_seed=nil
setup: assigned thread_id=50
init: final thread_id=50, base_seed=nil
setup: assigned thread_id=51
init: final thread_id=51, base_seed=nil
setup: assigned thread_id=52
init: final thread_id=52, base_seed=nil
setup: assigned thread_id=53
init: final thread_id=53, base_seed=nil
setup: assigned thread_id=54
init: final thread_id=54, base_seed=nil
setup: assigned thread_id=55
init: final thread_id=55, base_seed=nil
setup: assigned thread_id=56
init: final thread_id=56, base_seed=nil
setup: assigned thread_id=57
init: final thread_id=57, base_seed=nil
setup: assigned thread_id=58
init: final thread_id=58, base_seed=nil
setup: assigned thread_id=59
init: final thread_id=59, base_seed=nil
setup: assigned thread_id=60
init: final thread_id=60, base_seed=nil
setup: assigned thread_id=61
init: final thread_id=61, base_seed=nil
setup: assigned thread_id=62
init: final thread_id=62, base_seed=nil
setup: assigned thread_id=63
init: final thread_id=63, base_seed=nil
setup: assigned thread_id=64
init: final thread_id=64, base_seed=nil
setup: assigned thread_id=65
init: final thread_id=65, base_seed=nil
setup: assigned thread_id=66
init: final thread_id=66, base_seed=nil
setup: assigned thread_id=67
init: final thread_id=67, base_seed=nil
setup: assigned thread_id=68
init: final thread_id=68, base_seed=nil
setup: assigned thread_id=69
init: final thread_id=69, base_seed=nil
setup: assigned thread_id=70
init: final thread_id=70, base_seed=nil
setup: assigned thread_id=71
init: final thread_id=71, base_seed=nil
setup: assigned thread_id=72
init: final thread_id=72, base_seed=nil
setup: assigned thread_id=73
init: final thread_id=73, base_seed=nil
setup: assigned thread_id=74
init: final thread_id=74, base_seed=nil
setup: assigned thread_id=75
init: final thread_id=75, base_seed=nil
setup: assigned thread_id=76
init: final thread_id=76, base_seed=nil
setup: assigned thread_id=77
init: final thread_id=77, base_seed=nil
setup: assigned thread_id=78
init: final thread_id=78, base_seed=nil
setup: assigned thread_id=79
init: final thread_id=79, base_seed=nil
setup: assigned thread_id=80
init: final thread_id=80, base_seed=nil
script_want_response
Running 30s test @ http://10.10.1.1:23694
  80 threads and 800 connections

  Thread calibration: mean lat.: 442.415ms, rate sampling interval: 1372ms
  Thread calibration: mean lat.: 495.855ms, rate sampling interval: 1464ms
  Thread calibration: mean lat.: 460.078ms, rate sampling interval: 1410ms
  Thread calibration: mean lat.: 500.327ms, rate sampling interval: 1611ms
  Thread calibration: mean lat.: 441.696ms, rate sampling interval: 1383ms
  Thread calibration: mean lat.: 453.567ms, rate sampling interval: 1387ms
  Thread calibration: mean lat.: 453.821ms, rate sampling interval: 1323ms
  Thread calibration: mean lat.: 453.002ms, rate sampling interval: 1410ms
  Thread calibration: mean lat.: 501.300ms, rate sampling interval: 1513ms
  Thread calibration: mean lat.: 477.408ms, rate sampling interval: 1402ms
  Thread calibration: mean lat.: 543.830ms, rate sampling interval: 1491ms
  Thread calibration: mean lat.: 447.522ms, rate sampling interval: 1342ms
  Thread calibration: mean lat.: 491.663ms, rate sampling interval: 1505ms
  Thread calibration: mean lat.: 536.088ms, rate sampling interval: 1499ms
  Thread calibration: mean lat.: 563.093ms, rate sampling interval: 1551ms
  Thread calibration: mean lat.: 528.427ms, rate sampling interval: 1378ms
  Thread calibration: mean lat.: 452.967ms, rate sampling interval: 1395ms
  Thread calibration: mean lat.: 424.447ms, rate sampling interval: 1298ms
  Thread calibration: mean lat.: 429.144ms, rate sampling interval: 1248ms
  Thread calibration: mean lat.: 413.999ms, rate sampling interval: 1191ms
  Thread calibration: mean lat.: 438.461ms, rate sampling interval: 1319ms
  Thread calibration: mean lat.: 443.196ms, rate sampling interval: 1372ms
  Thread calibration: mean lat.: 491.778ms, rate sampling interval: 1297ms
  Thread calibration: mean lat.: 456.501ms, rate sampling interval: 1390ms
  Thread calibration: mean lat.: 469.044ms, rate sampling interval: 1319ms
  Thread calibration: mean lat.: 499.131ms, rate sampling interval: 1382ms
  Thread calibration: mean lat.: 511.131ms, rate sampling interval: 1501ms
  Thread calibration: mean lat.: 449.932ms, rate sampling interval: 1363ms
  Thread calibration: mean lat.: 496.969ms, rate sampling interval: 1381ms
  Thread calibration: mean lat.: 502.645ms, rate sampling interval: 1498ms
  Thread calibration: mean lat.: 495.056ms, rate sampling interval: 1378ms
  Thread calibration: mean lat.: 441.978ms, rate sampling interval: 1378ms
  Thread calibration: mean lat.: 419.404ms, rate sampling interval: 1299ms
  Thread calibration: mean lat.: 494.489ms, rate sampling interval: 1482ms
  Thread calibration: mean lat.: 429.065ms, rate sampling interval: 1358ms
  Thread calibration: mean lat.: 423.043ms, rate sampling interval: 1285ms
  Thread calibration: mean lat.: 436.896ms, rate sampling interval: 1294ms
  Thread calibration: mean lat.: 440.368ms, rate sampling interval: 1415ms
  Thread calibration: mean lat.: 413.198ms, rate sampling interval: 1269ms
  Thread calibration: mean lat.: 419.425ms, rate sampling interval: 1261ms
  Thread calibration: mean lat.: 412.420ms, rate sampling interval: 1252ms
  Thread calibration: mean lat.: 450.158ms, rate sampling interval: 1452ms
  Thread calibration: mean lat.: 438.147ms, rate sampling interval: 1399ms
  Thread calibration: mean lat.: 470.778ms, rate sampling interval: 1465ms
  Thread calibration: mean lat.: 449.532ms, rate sampling interval: 1407ms
  Thread calibration: mean lat.: 466.627ms, rate sampling interval: 1474ms
  Thread calibration: mean lat.: 460.793ms, rate sampling interval: 1378ms
  Thread calibration: mean lat.: 434.768ms, rate sampling interval: 1270ms
  Thread calibration: mean lat.: 438.771ms, rate sampling interval: 1267ms
  Thread calibration: mean lat.: 453.432ms, rate sampling interval: 1283ms
  Thread calibration: mean lat.: 496.395ms, rate sampling interval: 1443ms
  Thread calibration: mean lat.: 474.123ms, rate sampling interval: 1429ms
  Thread calibration: mean lat.: 471.443ms, rate sampling interval: 1426ms
  Thread calibration: mean lat.: 473.439ms, rate sampling interval: 1531ms
  Thread calibration: mean lat.: 495.463ms, rate sampling interval: 1624ms
  Thread calibration: mean lat.: 477.924ms, rate sampling interval: 1468ms
  Thread calibration: mean lat.: 482.623ms, rate sampling interval: 1421ms
  Thread calibration: mean lat.: 453.009ms, rate sampling interval: 1370ms
  Thread calibration: mean lat.: 471.166ms, rate sampling interval: 1377ms
  Thread calibration: mean lat.: 482.339ms, rate sampling interval: 1492ms
  Thread calibration: mean lat.: 486.323ms, rate sampling interval: 1482ms
  Thread calibration: mean lat.: 471.948ms, rate sampling interval: 1480ms
  Thread calibration: mean lat.: 547.870ms, rate sampling interval: 1548ms
  Thread calibration: mean lat.: 449.330ms, rate sampling interval: 1326ms
  Thread calibration: mean lat.: 453.974ms, rate sampling interval: 1357ms
  Thread calibration: mean lat.: 490.432ms, rate sampling interval: 1435ms
  Thread calibration: mean lat.: 466.903ms, rate sampling interval: 1363ms
  Thread calibration: mean lat.: 458.221ms, rate sampling interval: 1344ms
  Thread calibration: mean lat.: 491.087ms, rate sampling interval: 1392ms
  Thread calibration: mean lat.: 492.479ms, rate sampling interval: 1469ms
  Thread calibration: mean lat.: 446.438ms, rate sampling interval: 1285ms
  Thread calibration: mean lat.: 495.486ms, rate sampling interval: 1539ms
  Thread calibration: mean lat.: 504.820ms, rate sampling interval: 1485ms
  Thread calibration: mean lat.: 509.952ms, rate sampling interval: 1531ms
  Thread calibration: mean lat.: 462.868ms, rate sampling interval: 1341ms
  Thread calibration: mean lat.: 515.550ms, rate sampling interval: 1559ms
  Thread calibration: mean lat.: 497.340ms, rate sampling interval: 1530ms
  Thread calibration: mean lat.: 492.886ms, rate sampling interval: 1502ms
  Thread calibration: mean lat.: 476.595ms, rate sampling interval: 1356ms
  Thread calibration: mean lat.: 501.865ms, rate sampling interval: 1523ms

-----------------------------------------------------------------------
Test Results @ http://10.10.1.1:23694 
  Thread Stats   Avg      Stdev     99%   +/- Stdev
    Latency   364.87ms  190.20ms 806.40ms   63.95%
    Req/Sec    49.95      3.52    57.00     80.57%
  Latency Distribution (HdrHistogram - Recorded Latency)
 50.000%  367.87ms
 75.000%  495.10ms
 90.000%  614.91ms
 99.000%  806.40ms
 99.900%  958.97ms
 99.990%    1.11s 
 99.999%    1.15s 
100.000%    1.15s 

  Detailed Percentile spectrum:
       Value   Percentile   TotalCount 1/(1-Percentile)

       9.487     0.000000            1         1.00
      92.607     0.100000         8023         1.11
     180.735     0.200000        16047         1.25
     258.303     0.300000        24078         1.43
     316.671     0.400000        32077         1.67
     367.871     0.500000        40140         2.00
     386.815     0.550000        44146         2.22
     414.975     0.600000        48146         2.50
     440.063     0.650000        52146         2.86
     467.967     0.700000        56150         3.33
     495.103     0.750000        60161         4.00
     514.303     0.775000        62160         4.44
     530.943     0.800000        64206         5.00
     550.399     0.825000        66197         5.71
     569.343     0.850000        68164         6.67
     588.287     0.875000        70189         8.00
     601.599     0.887500        71174         8.89
     614.911     0.900000        72179        10.00
     628.735     0.912500        73182        11.43
     643.583     0.925000        74182        13.33
     662.015     0.937500        75188        16.00
     671.231     0.943750        75690        17.78
     680.447     0.950000        76190        20.00
     691.199     0.956250        76689        22.86
     705.535     0.962500        77189        26.67
     721.407     0.968750        77693        32.00
     730.623     0.971875        77956        35.56
     739.839     0.975000        78192        40.00
     750.079     0.978125        78441        45.71
     760.831     0.981250        78690        53.33
     772.607     0.984375        78944        64.00
     779.263     0.985938        79071        71.11
     787.455     0.987500        79192        80.00
     798.207     0.989062        79317        91.43
     813.567     0.990625        79445       106.67
     829.951     0.992188        79568       128.00
     837.119     0.992969        79634       142.22
     845.311     0.993750        79692       160.00
     855.039     0.994531        79756       182.86
     864.767     0.995313        79817       213.33
     875.519     0.996094        79880       256.00
     879.615     0.996484        79911       284.44
     884.223     0.996875        79945       320.00
     888.319     0.997266        79974       365.71
     896.511     0.997656        80005       426.67
     910.335     0.998047        80036       512.00
     919.039     0.998242        80052       568.89
     930.303     0.998437        80067       640.00
     939.519     0.998633        80083       731.43
     949.759     0.998828        80099       853.33
     961.535     0.999023        80115      1024.00
     967.679     0.999121        80122      1137.78
     979.967     0.999219        80130      1280.00
     988.671     0.999316        80138      1462.86
    1005.567     0.999414        80146      1706.67
    1027.071     0.999512        80153      2048.00
    1037.823     0.999561        80157      2275.56
    1047.039     0.999609        80161      2560.00
    1064.959     0.999658        80165      2925.71
    1071.103     0.999707        80169      3413.33
    1078.271     0.999756        80173      4096.00
    1080.319     0.999780        80175      4551.11
    1082.367     0.999805        80177      5120.00
    1085.439     0.999829        80179      5851.43
    1091.583     0.999854        80181      6826.67
    1111.039     0.999878        80183      8192.00
    1113.087     0.999890        80184      9102.22
    1120.255     0.999902        80185     10240.00
    1122.303     0.999915        80187     11702.86
    1122.303     0.999927        80187     13653.33
    1127.423     0.999939        80188     16384.00
    1127.423     0.999945        80188     18204.44
    1142.783     0.999951        80189     20480.00
    1142.783     0.999957        80189     23405.71
    1143.807     0.999963        80190     27306.67
    1143.807     0.999969        80190     32768.00
    1143.807     0.999973        80190     36408.89
    1153.023     0.999976        80191     40960.00
    1153.023     0.999979        80191     46811.43
    1153.023     0.999982        80191     54613.33
    1153.023     0.999985        80191     65536.00
    1153.023     0.999986        80191     72817.78
    1154.047     0.999988        80192     81920.00
    1154.047     1.000000        80192          inf
#[Mean    =      364.874, StdDeviation   =      190.197]
#[Max     =     1153.024, Total count    =        80192]
#[Buckets =           27, SubBuckets     =         2048]
-----------------------------------------------------------------------
  116678 requests in 29.86s, 18.10MB read
Requests/sec:   3907.70  
Transfer/sec:    620.60KB

=== rps=4200 c=882 t=89 url=http://10.10.1.1:23694 ===
setup: assigned thread_id=1
init: final thread_id=1, base_seed=nil
setup: assigned thread_id=2
init: final thread_id=2, base_seed=nil
setup: assigned thread_id=3
init: final thread_id=3, base_seed=nil
setup: assigned thread_id=4
init: final thread_id=4, base_seed=nil
setup: assigned thread_id=5
init: final thread_id=5, base_seed=nil
setup: assigned thread_id=6
init: final thread_id=6, base_seed=nil
setup: assigned thread_id=7
init: final thread_id=7, base_seed=nil
setup: assigned thread_id=8
init: final thread_id=8, base_seed=nil
setup: assigned thread_id=9
init: final thread_id=9, base_seed=nil
setup: assigned thread_id=10
init: final thread_id=10, base_seed=nil
setup: assigned thread_id=11
init: final thread_id=11, base_seed=nil
setup: assigned thread_id=12
init: final thread_id=12, base_seed=nil
setup: assigned thread_id=13
init: final thread_id=13, base_seed=nil
setup: assigned thread_id=14
init: final thread_id=14, base_seed=nil
setup: assigned thread_id=15
init: final thread_id=15, base_seed=nil
setup: assigned thread_id=16
init: final thread_id=16, base_seed=nil
setup: assigned thread_id=17
init: final thread_id=17, base_seed=nil
setup: assigned thread_id=18
init: final thread_id=18, base_seed=nil
setup: assigned thread_id=19
init: final thread_id=19, base_seed=nil
setup: assigned thread_id=20
init: final thread_id=20, base_seed=nil
setup: assigned thread_id=21
init: final thread_id=21, base_seed=nil
setup: assigned thread_id=22
init: final thread_id=22, base_seed=nil
setup: assigned thread_id=23
init: final thread_id=23, base_seed=nil
setup: assigned thread_id=24
init: final thread_id=24, base_seed=nil
setup: assigned thread_id=25
init: final thread_id=25, base_seed=nil
setup: assigned thread_id=26
init: final thread_id=26, base_seed=nil
setup: assigned thread_id=27
init: final thread_id=27, base_seed=nil
setup: assigned thread_id=28
init: final thread_id=28, base_seed=nil
setup: assigned thread_id=29
init: final thread_id=29, base_seed=nil
setup: assigned thread_id=30
init: final thread_id=30, base_seed=nil
setup: assigned thread_id=31
init: final thread_id=31, base_seed=nil
setup: assigned thread_id=32
init: final thread_id=32, base_seed=nil
setup: assigned thread_id=33
init: final thread_id=33, base_seed=nil
setup: assigned thread_id=34
init: final thread_id=34, base_seed=nil
setup: assigned thread_id=35
init: final thread_id=35, base_seed=nil
setup: assigned thread_id=36
init: final thread_id=36, base_seed=nil
setup: assigned thread_id=37
init: final thread_id=37, base_seed=nil
setup: assigned thread_id=38
init: final thread_id=38, base_seed=nil
setup: assigned thread_id=39
init: final thread_id=39, base_seed=nil
setup: assigned thread_id=40
init: final thread_id=40, base_seed=nil
setup: assigned thread_id=41
init: final thread_id=41, base_seed=nil
setup: assigned thread_id=42
init: final thread_id=42, base_seed=nil
setup: assigned thread_id=43
init: final thread_id=43, base_seed=nil
setup: assigned thread_id=44
init: final thread_id=44, base_seed=nil
setup: assigned thread_id=45
init: final thread_id=45, base_seed=nil
setup: assigned thread_id=46
init: final thread_id=46, base_seed=nil
setup: assigned thread_id=47
init: final thread_id=47, base_seed=nil
setup: assigned thread_id=48
init: final thread_id=48, base_seed=nil
setup: assigned thread_id=49
init: final thread_id=49, base_seed=nil
setup: assigned thread_id=50
init: final thread_id=50, base_seed=nil
setup: assigned thread_id=51
init: final thread_id=51, base_seed=nil
setup: assigned thread_id=52
init: final thread_id=52, base_seed=nil
setup: assigned thread_id=53
init: final thread_id=53, base_seed=nil
setup: assigned thread_id=54
init: final thread_id=54, base_seed=nil
setup: assigned thread_id=55
init: final thread_id=55, base_seed=nil
setup: assigned thread_id=56
init: final thread_id=56, base_seed=nil
setup: assigned thread_id=57
init: final thread_id=57, base_seed=nil
setup: assigned thread_id=58
init: final thread_id=58, base_seed=nil
setup: assigned thread_id=59
init: final thread_id=59, base_seed=nil
setup: assigned thread_id=60
init: final thread_id=60, base_seed=nil
setup: assigned thread_id=61
init: final thread_id=61, base_seed=nil
setup: assigned thread_id=62
init: final thread_id=62, base_seed=nil
setup: assigned thread_id=63
init: final thread_id=63, base_seed=nil
setup: assigned thread_id=64
init: final thread_id=64, base_seed=nil
setup: assigned thread_id=65
init: final thread_id=65, base_seed=nil
setup: assigned thread_id=66
init: final thread_id=66, base_seed=nil
setup: assigned thread_id=67
init: final thread_id=67, base_seed=nil
setup: assigned thread_id=68
init: final thread_id=68, base_seed=nil
setup: assigned thread_id=69
init: final thread_id=69, base_seed=nil
setup: assigned thread_id=70
init: final thread_id=70, base_seed=nil
setup: assigned thread_id=71
init: final thread_id=71, base_seed=nil
setup: assigned thread_id=72
init: final thread_id=72, base_seed=nil
setup: assigned thread_id=73
init: final thread_id=73, base_seed=nil
setup: assigned thread_id=74
init: final thread_id=74, base_seed=nil
setup: assigned thread_id=75
init: final thread_id=75, base_seed=nil
setup: assigned thread_id=76
init: final thread_id=76, base_seed=nil
setup: assigned thread_id=77
init: final thread_id=77, base_seed=nil
setup: assigned thread_id=78
init: final thread_id=78, base_seed=nil
setup: assigned thread_id=79
init: final thread_id=79, base_seed=nil
setup: assigned thread_id=80
init: final thread_id=80, base_seed=nil
setup: assigned thread_id=81
init: final thread_id=81, base_seed=nil
setup: assigned thread_id=82
init: final thread_id=82, base_seed=nil
setup: assigned thread_id=83
init: final thread_id=83, base_seed=nil
setup: assigned thread_id=84
init: final thread_id=84, base_seed=nil
setup: assigned thread_id=85
init: final thread_id=85, base_seed=nil
setup: assigned thread_id=86
init: final thread_id=86, base_seed=nil
setup: assigned thread_id=87
init: final thread_id=87, base_seed=nil
setup: assigned thread_id=88
init: final thread_id=88, base_seed=nil
setup: assigned thread_id=89
init: final thread_id=89, base_seed=nil
script_want_response
Running 30s test @ http://10.10.1.1:23694
  89 threads and 882 connections

  Thread calibration: mean lat.: 42.048ms, rate sampling interval: 131ms
  Thread calibration: mean lat.: 42.063ms, rate sampling interval: 160ms
  Thread calibration: mean lat.: 41.756ms, rate sampling interval: 129ms
  Thread calibration: mean lat.: 41.864ms, rate sampling interval: 144ms
  Thread calibration: mean lat.: 44.095ms, rate sampling interval: 166ms
  Thread calibration: mean lat.: 43.217ms, rate sampling interval: 159ms
  Thread calibration: mean lat.: 45.436ms, rate sampling interval: 165ms
  Thread calibration: mean lat.: 48.813ms, rate sampling interval: 183ms
  Thread calibration: mean lat.: 48.149ms, rate sampling interval: 167ms
  Thread calibration: mean lat.: 53.468ms, rate sampling interval: 198ms
  Thread calibration: mean lat.: 66.857ms, rate sampling interval: 222ms
  Thread calibration: mean lat.: 66.824ms, rate sampling interval: 217ms
  Thread calibration: mean lat.: 67.489ms, rate sampling interval: 217ms
  Thread calibration: mean lat.: 69.537ms, rate sampling interval: 226ms
  Thread calibration: mean lat.: 71.506ms, rate sampling interval: 227ms
  Thread calibration: mean lat.: 73.093ms, rate sampling interval: 231ms
  Thread calibration: mean lat.: 75.064ms, rate sampling interval: 224ms
  Thread calibration: mean lat.: 74.832ms, rate sampling interval: 224ms
  Thread calibration: mean lat.: 73.703ms, rate sampling interval: 223ms
  Thread calibration: mean lat.: 73.623ms, rate sampling interval: 222ms
  Thread calibration: mean lat.: 72.634ms, rate sampling interval: 222ms
  Thread calibration: mean lat.: 71.993ms, rate sampling interval: 219ms
  Thread calibration: mean lat.: 66.590ms, rate sampling interval: 215ms
  Thread calibration: mean lat.: 61.768ms, rate sampling interval: 212ms
  Thread calibration: mean lat.: 53.371ms, rate sampling interval: 171ms
  Thread calibration: mean lat.: 52.975ms, rate sampling interval: 169ms
  Thread calibration: mean lat.: 48.454ms, rate sampling interval: 166ms
  Thread calibration: mean lat.: 40.563ms, rate sampling interval: 162ms
  Thread calibration: mean lat.: 35.994ms, rate sampling interval: 160ms
  Thread calibration: mean lat.: 34.768ms, rate sampling interval: 156ms
  Thread calibration: mean lat.: 35.211ms, rate sampling interval: 155ms
  Thread calibration: mean lat.: 36.396ms, rate sampling interval: 156ms
  Thread calibration: mean lat.: 36.198ms, rate sampling interval: 156ms
  Thread calibration: mean lat.: 37.983ms, rate sampling interval: 155ms
  Thread calibration: mean lat.: 38.659ms, rate sampling interval: 152ms
  Thread calibration: mean lat.: 25.537ms, rate sampling interval: 72ms
  Thread calibration: mean lat.: 41.191ms, rate sampling interval: 151ms
  Thread calibration: mean lat.: 42.193ms, rate sampling interval: 163ms
  Thread calibration: mean lat.: 43.370ms, rate sampling interval: 162ms
  Thread calibration: mean lat.: 43.891ms, rate sampling interval: 158ms
  Thread calibration: mean lat.: 44.840ms, rate sampling interval: 164ms
  Thread calibration: mean lat.: 45.263ms, rate sampling interval: 157ms
  Thread calibration: mean lat.: 44.939ms, rate sampling interval: 157ms
  Thread calibration: mean lat.: 46.255ms, rate sampling interval: 159ms
  Thread calibration: mean lat.: 46.840ms, rate sampling interval: 157ms
  Thread calibration: mean lat.: 46.507ms, rate sampling interval: 157ms
  Thread calibration: mean lat.: 16.876ms, rate sampling interval: 49ms
  Thread calibration: mean lat.: 46.913ms, rate sampling interval: 155ms
  Thread calibration: mean lat.: 46.572ms, rate sampling interval: 151ms
  Thread calibration: mean lat.: 45.137ms, rate sampling interval: 148ms
  Thread calibration: mean lat.: 43.578ms, rate sampling interval: 148ms
  Thread calibration: mean lat.: 42.708ms, rate sampling interval: 152ms
  Thread calibration: mean lat.: 41.083ms, rate sampling interval: 146ms
  Thread calibration: mean lat.: 38.141ms, rate sampling interval: 143ms
  Thread calibration: mean lat.: 39.981ms, rate sampling interval: 150ms
  Thread calibration: mean lat.: 37.920ms, rate sampling interval: 145ms
  Thread calibration: mean lat.: 36.659ms, rate sampling interval: 145ms
  Thread calibration: mean lat.: 41.428ms, rate sampling interval: 146ms
  Thread calibration: mean lat.: 44.594ms, rate sampling interval: 172ms
  Thread calibration: mean lat.: 45.891ms, rate sampling interval: 184ms
  Thread calibration: mean lat.: 49.279ms, rate sampling interval: 204ms
  Thread calibration: mean lat.: 54.546ms, rate sampling interval: 194ms
  Thread calibration: mean lat.: 58.950ms, rate sampling interval: 216ms
  Thread calibration: mean lat.: 59.684ms, rate sampling interval: 210ms
  Thread calibration: mean lat.: 62.287ms, rate sampling interval: 208ms
  Thread calibration: mean lat.: 64.110ms, rate sampling interval: 212ms
  Thread calibration: mean lat.: 65.833ms, rate sampling interval: 212ms
  Thread calibration: mean lat.: 68.309ms, rate sampling interval: 222ms
  Thread calibration: mean lat.: 69.001ms, rate sampling interval: 228ms
  Thread calibration: mean lat.: 57.574ms, rate sampling interval: 133ms
  Thread calibration: mean lat.: 70.608ms, rate sampling interval: 233ms
  Thread calibration: mean lat.: 71.236ms, rate sampling interval: 235ms
  Thread calibration: mean lat.: 71.581ms, rate sampling interval: 234ms
  Thread calibration: mean lat.: 72.303ms, rate sampling interval: 229ms
  Thread calibration: mean lat.: 72.968ms, rate sampling interval: 230ms
  Thread calibration: mean lat.: 74.023ms, rate sampling interval: 226ms
  Thread calibration: mean lat.: 74.404ms, rate sampling interval: 223ms
  Thread calibration: mean lat.: 75.003ms, rate sampling interval: 222ms
  Thread calibration: mean lat.: 76.140ms, rate sampling interval: 220ms
  Thread calibration: mean lat.: 76.580ms, rate sampling interval: 219ms
  Thread calibration: mean lat.: 77.233ms, rate sampling interval: 216ms
  Thread calibration: mean lat.: 77.243ms, rate sampling interval: 212ms
  Thread calibration: mean lat.: 77.579ms, rate sampling interval: 209ms
  Thread calibration: mean lat.: 77.831ms, rate sampling interval: 207ms
  Thread calibration: mean lat.: 77.291ms, rate sampling interval: 203ms
  Thread calibration: mean lat.: 76.920ms, rate sampling interval: 201ms
  Thread calibration: mean lat.: 77.555ms, rate sampling interval: 197ms
  Thread calibration: mean lat.: 77.205ms, rate sampling interval: 195ms
  Thread calibration: mean lat.: 76.129ms, rate sampling interval: 230ms

-----------------------------------------------------------------------
Test Results @ http://10.10.1.1:23694 
  Thread Stats   Avg      Stdev     99%   +/- Stdev
    Latency     2.44s     1.86s    5.16s    46.96%
    Req/Sec    34.73     20.18    86.00     73.19%
  Latency Distribution (HdrHistogram - Recorded Latency)
 50.000%    2.64s 
 75.000%    4.28s 
 90.000%    4.83s 
 99.000%    5.16s 
 99.900%    5.35s 
 99.990%    5.60s 
 99.999%    5.70s 
100.000%    5.71s 

  Detailed Percentile spectrum:
       Value   Percentile   TotalCount 1/(1-Percentile)

       9.143     0.000000            1         1.00
      44.767     0.100000         6194         1.11
      82.431     0.200000        12386         1.25
     781.823     0.300000        18572         1.43
    1651.711     0.400000        24764         1.67
    2635.775     0.500000        30960         2.00
    3018.751     0.550000        34061         2.22
    3375.103     0.600000        37161         2.50
    3715.071     0.650000        40250         2.86
    4020.223     0.700000        43339         3.33
    4280.319     0.750000        46449         4.00
    4403.199     0.775000        47986         4.44
    4501.503     0.800000        49547         5.00
    4579.327     0.825000        51090         5.71
    4661.247     0.850000        52670         6.67
    4743.167     0.875000        54208         8.00
    4784.127     0.887500        55008         8.89
    4825.087     0.900000        55777        10.00
    4866.047     0.912500        56559        11.43
    4902.911     0.925000        57296        13.33
    4943.871     0.937500        58085        16.00
    4960.255     0.943750        58471        17.78
    4976.639     0.950000        58814        20.00
    5001.215     0.956250        59236        22.86
    5021.695     0.962500        59612        26.67
    5042.175     0.968750        59994        32.00
    5054.463     0.971875        60196        35.56
    5066.751     0.975000        60374        40.00
    5083.135     0.978125        60572        45.71
    5103.615     0.981250        60768        53.33
    5119.999     0.984375        60939        64.00
    5132.287     0.985938        61075        71.11
    5140.479     0.987500        61162        80.00
    5152.767     0.989062        61263        91.43
    5160.959     0.990625        61327       106.67
    5181.439     0.992188        61434       128.00
    5189.631     0.992969        61475       142.22
    5201.919     0.993750        61535       160.00
    5210.111     0.994531        61574       182.86
    5222.399     0.995313        61628       213.33
    5234.687     0.996094        61669       256.00
    5242.879     0.996484        61696       284.44
    5251.071     0.996875        61717       320.00
    5263.359     0.997266        61742       365.71
    5275.647     0.997656        61760       426.67
    5300.223     0.998047        61787       512.00
    5308.415     0.998242        61802       568.89
    5316.607     0.998437        61810       640.00
    5324.799     0.998633        61821       731.43
    5341.183     0.998828        61836       853.33
    5353.471     0.999023        61847      1024.00
    5361.663     0.999121        61853      1137.78
    5378.047     0.999219        61858      1280.00
    5394.431     0.999316        61864      1462.86
    5406.719     0.999414        61869      1706.67
    5427.199     0.999512        61875      2048.00
    5431.295     0.999561        61878      2275.56
    5447.679     0.999609        61883      2560.00
    5451.775     0.999658        61884      2925.71
    5468.159     0.999707        61887      3413.33
    5484.543     0.999756        61891      4096.00
    5496.831     0.999780        61893      4551.11
    5496.831     0.999805        61893      5120.00
    5505.023     0.999829        61895      5851.43
    5513.215     0.999854        61896      6826.67
    5541.887     0.999878        61898      8192.00
    5595.135     0.999890        61899      9102.22
    5595.135     0.999902        61899     10240.00
    5623.807     0.999915        61900     11702.86
    5627.903     0.999927        61901     13653.33
    5652.479     0.999939        61902     16384.00
    5652.479     0.999945        61902     18204.44
    5652.479     0.999951        61902     20480.00
    5677.055     0.999957        61903     23405.71
    5677.055     0.999963        61903     27306.67
    5697.535     0.999969        61904     32768.00
    5697.535     0.999973        61904     36408.89
    5697.535     0.999976        61904     40960.00
    5697.535     0.999979        61904     46811.43
    5697.535     0.999982        61904     54613.33
    5713.919     0.999985        61905     65536.00
    5713.919     1.000000        61905          inf
#[Mean    =     2443.199, StdDeviation   =     1862.014]
#[Max     =     5709.824, Total count    =        61905]
#[Buckets =           27, SubBuckets     =         2048]
-----------------------------------------------------------------------
  102963 requests in 29.88s, 15.97MB read
Requests/sec:   3445.86  
Transfer/sec:    547.16KB

=== rps=4400 c=968 t=97 url=http://10.10.1.1:23694 ===
setup: assigned thread_id=1
init: final thread_id=1, base_seed=nil
setup: assigned thread_id=2
init: final thread_id=2, base_seed=nil
setup: assigned thread_id=3
init: final thread_id=3, base_seed=nil
setup: assigned thread_id=4
init: final thread_id=4, base_seed=nil
setup: assigned thread_id=5
init: final thread_id=5, base_seed=nil
setup: assigned thread_id=6
init: final thread_id=6, base_seed=nil
setup: assigned thread_id=7
init: final thread_id=7, base_seed=nil
setup: assigned thread_id=8
init: final thread_id=8, base_seed=nil
setup: assigned thread_id=9
init: final thread_id=9, base_seed=nil
setup: assigned thread_id=10
init: final thread_id=10, base_seed=nil
setup: assigned thread_id=11
init: final thread_id=11, base_seed=nil
setup: assigned thread_id=12
init: final thread_id=12, base_seed=nil
setup: assigned thread_id=13
init: final thread_id=13, base_seed=nil
setup: assigned thread_id=14
init: final thread_id=14, base_seed=nil
setup: assigned thread_id=15
init: final thread_id=15, base_seed=nil
setup: assigned thread_id=16
init: final thread_id=16, base_seed=nil
setup: assigned thread_id=17
init: final thread_id=17, base_seed=nil
setup: assigned thread_id=18
init: final thread_id=18, base_seed=nil
setup: assigned thread_id=19
init: final thread_id=19, base_seed=nil
setup: assigned thread_id=20
init: final thread_id=20, base_seed=nil
setup: assigned thread_id=21
init: final thread_id=21, base_seed=nil
setup: assigned thread_id=22
init: final thread_id=22, base_seed=nil
setup: assigned thread_id=23
init: final thread_id=23, base_seed=nil
setup: assigned thread_id=24
init: final thread_id=24, base_seed=nil
setup: assigned thread_id=25
init: final thread_id=25, base_seed=nil
setup: assigned thread_id=26
init: final thread_id=26, base_seed=nil
setup: assigned thread_id=27
init: final thread_id=27, base_seed=nil
setup: assigned thread_id=28
init: final thread_id=28, base_seed=nil
setup: assigned thread_id=29
init: final thread_id=29, base_seed=nil
setup: assigned thread_id=30
init: final thread_id=30, base_seed=nil
setup: assigned thread_id=31
init: final thread_id=31, base_seed=nil
setup: assigned thread_id=32
init: final thread_id=32, base_seed=nil
setup: assigned thread_id=33
init: final thread_id=33, base_seed=nil
setup: assigned thread_id=34
init: final thread_id=34, base_seed=nil
setup: assigned thread_id=35
init: final thread_id=35, base_seed=nil
setup: assigned thread_id=36
init: final thread_id=36, base_seed=nil
setup: assigned thread_id=37
init: final thread_id=37, base_seed=nil
setup: assigned thread_id=38
init: final thread_id=38, base_seed=nil
setup: assigned thread_id=39
init: final thread_id=39, base_seed=nil
setup: assigned thread_id=40
init: final thread_id=40, base_seed=nil
setup: assigned thread_id=41
init: final thread_id=41, base_seed=nil
setup: assigned thread_id=42
init: final thread_id=42, base_seed=nil
setup: assigned thread_id=43
init: final thread_id=43, base_seed=nil
setup: assigned thread_id=44
init: final thread_id=44, base_seed=nil
setup: assigned thread_id=45
init: final thread_id=45, base_seed=nil
setup: assigned thread_id=46
init: final thread_id=46, base_seed=nil
setup: assigned thread_id=47
init: final thread_id=47, base_seed=nil
setup: assigned thread_id=48
init: final thread_id=48, base_seed=nil
setup: assigned thread_id=49
init: final thread_id=49, base_seed=nil
setup: assigned thread_id=50
init: final thread_id=50, base_seed=nil
setup: assigned thread_id=51
init: final thread_id=51, base_seed=nil
setup: assigned thread_id=52
init: final thread_id=52, base_seed=nil
setup: assigned thread_id=53
init: final thread_id=53, base_seed=nil
setup: assigned thread_id=54
init: final thread_id=54, base_seed=nil
setup: assigned thread_id=55
init: final thread_id=55, base_seed=nil
setup: assigned thread_id=56
init: final thread_id=56, base_seed=nil
setup: assigned thread_id=57
init: final thread_id=57, base_seed=nil
setup: assigned thread_id=58
init: final thread_id=58, base_seed=nil
setup: assigned thread_id=59
init: final thread_id=59, base_seed=nil
setup: assigned thread_id=60
init: final thread_id=60, base_seed=nil
setup: assigned thread_id=61
init: final thread_id=61, base_seed=nil
setup: assigned thread_id=62
init: final thread_id=62, base_seed=nil
setup: assigned thread_id=63
init: final thread_id=63, base_seed=nil
setup: assigned thread_id=64
init: final thread_id=64, base_seed=nil
setup: assigned thread_id=65
init: final thread_id=65, base_seed=nil
setup: assigned thread_id=66
init: final thread_id=66, base_seed=nil
setup: assigned thread_id=67
init: final thread_id=67, base_seed=nil
setup: assigned thread_id=68
init: final thread_id=68, base_seed=nil
setup: assigned thread_id=69
init: final thread_id=69, base_seed=nil
setup: assigned thread_id=70
init: final thread_id=70, base_seed=nil
setup: assigned thread_id=71
init: final thread_id=71, base_seed=nil
setup: assigned thread_id=72
init: final thread_id=72, base_seed=nil
setup: assigned thread_id=73
init: final thread_id=73, base_seed=nil
setup: assigned thread_id=74
init: final thread_id=74, base_seed=nil
setup: assigned thread_id=75
init: final thread_id=75, base_seed=nil
setup: assigned thread_id=76
init: final thread_id=76, base_seed=nil
setup: assigned thread_id=77
init: final thread_id=77, base_seed=nil
setup: assigned thread_id=78
init: final thread_id=78, base_seed=nil
setup: assigned thread_id=79
init: final thread_id=79, base_seed=nil
setup: assigned thread_id=80
init: final thread_id=80, base_seed=nil
setup: assigned thread_id=81
init: final thread_id=81, base_seed=nil
setup: assigned thread_id=82
init: final thread_id=82, base_seed=nil
setup: assigned thread_id=83
init: final thread_id=83, base_seed=nil
setup: assigned thread_id=84
init: final thread_id=84, base_seed=nil
setup: assigned thread_id=85
init: final thread_id=85, base_seed=nil
setup: assigned thread_id=86
init: final thread_id=86, base_seed=nil
setup: assigned thread_id=87
init: final thread_id=87, base_seed=nil
setup: assigned thread_id=88
init: final thread_id=88, base_seed=nil
setup: assigned thread_id=89
init: final thread_id=89, base_seed=nil
setup: assigned thread_id=90
init: final thread_id=90, base_seed=nil
setup: assigned thread_id=91
init: final thread_id=91, base_seed=nil
setup: assigned thread_id=92
init: final thread_id=92, base_seed=nil
setup: assigned thread_id=93
init: final thread_id=93, base_seed=nil
setup: assigned thread_id=94
init: final thread_id=94, base_seed=nil
setup: assigned thread_id=95
init: final thread_id=95, base_seed=nil
setup: assigned thread_id=96
init: final thread_id=96, base_seed=nil
setup: assigned thread_id=97
init: final thread_id=97, base_seed=nil
script_want_response
Running 30s test @ http://10.10.1.1:23694
  97 threads and 968 connections

  Thread calibration: mean lat.: 1365.061ms, rate sampling interval: 4612ms
  Thread calibration: mean lat.: 1375.499ms, rate sampling interval: 4607ms
  Thread calibration: mean lat.: 1374.047ms, rate sampling interval: 4624ms
  Thread calibration: mean lat.: 1341.578ms, rate sampling interval: 4550ms
  Thread calibration: mean lat.: 1364.046ms, rate sampling interval: 4583ms
  Thread calibration: mean lat.: 1348.514ms, rate sampling interval: 4546ms
  Thread calibration: mean lat.: 1377.800ms, rate sampling interval: 4681ms
  Thread calibration: mean lat.: 1352.668ms, rate sampling interval: 4558ms
  Thread calibration: mean lat.: 1360.443ms, rate sampling interval: 4521ms
  Thread calibration: mean lat.: 1365.183ms, rate sampling interval: 4632ms
  Thread calibration: mean lat.: 1414.611ms, rate sampling interval: 4718ms
  Thread calibration: mean lat.: 1410.067ms, rate sampling interval: 4694ms
  Thread calibration: mean lat.: 1418.313ms, rate sampling interval: 4689ms
  Thread calibration: mean lat.: 1425.631ms, rate sampling interval: 4694ms
  Thread calibration: mean lat.: 1420.811ms, rate sampling interval: 4739ms
  Thread calibration: mean lat.: 1416.245ms, rate sampling interval: 4706ms
  Thread calibration: mean lat.: 1425.297ms, rate sampling interval: 4698ms
  Thread calibration: mean lat.: 1418.494ms, rate sampling interval: 4624ms
  Thread calibration: mean lat.: 1424.467ms, rate sampling interval: 4689ms
  Thread calibration: mean lat.: 1421.749ms, rate sampling interval: 4689ms
  Thread calibration: mean lat.: 1398.427ms, rate sampling interval: 4603ms
  Thread calibration: mean lat.: 1394.783ms, rate sampling interval: 4603ms
  Thread calibration: mean lat.: 1413.159ms, rate sampling interval: 4722ms
  Thread calibration: mean lat.: 1425.925ms, rate sampling interval: 4739ms
  Thread calibration: mean lat.: 1424.387ms, rate sampling interval: 4743ms
  Thread calibration: mean lat.: 1394.893ms, rate sampling interval: 4628ms
  Thread calibration: mean lat.: 1379.268ms, rate sampling interval: 4603ms
  Thread calibration: mean lat.: 1379.761ms, rate sampling interval: 4612ms
  Thread calibration: mean lat.: 1401.304ms, rate sampling interval: 4653ms
  Thread calibration: mean lat.: 1352.094ms, rate sampling interval: 4509ms
  Thread calibration: mean lat.: 1390.746ms, rate sampling interval: 4628ms
  Thread calibration: mean lat.: 1406.185ms, rate sampling interval: 4640ms
  Thread calibration: mean lat.: 1417.298ms, rate sampling interval: 4714ms
  Thread calibration: mean lat.: 1435.481ms, rate sampling interval: 4710ms
  Thread calibration: mean lat.: 1336.807ms, rate sampling interval: 4325ms
  Thread calibration: mean lat.: 1419.154ms, rate sampling interval: 4665ms
  Thread calibration: mean lat.: 1451.274ms, rate sampling interval: 4718ms
  Thread calibration: mean lat.: 1448.071ms, rate sampling interval: 4698ms
  Thread calibration: mean lat.: 1431.921ms, rate sampling interval: 4751ms
  Thread calibration: mean lat.: 1408.859ms, rate sampling interval: 4673ms
  Thread calibration: mean lat.: 1418.778ms, rate sampling interval: 4665ms
  Thread calibration: mean lat.: 1429.143ms, rate sampling interval: 4677ms
  Thread calibration: mean lat.: 1429.470ms, rate sampling interval: 4677ms
  Thread calibration: mean lat.: 1388.336ms, rate sampling interval: 4567ms
  Thread calibration: mean lat.: 1425.947ms, rate sampling interval: 4644ms
  Thread calibration: mean lat.: 1425.890ms, rate sampling interval: 4702ms
  Thread calibration: mean lat.: 1416.775ms, rate sampling interval: 4698ms
  Thread calibration: mean lat.: 1436.116ms, rate sampling interval: 4710ms
  Thread calibration: mean lat.: 1387.631ms, rate sampling interval: 4562ms
  Thread calibration: mean lat.: 1399.388ms, rate sampling interval: 4644ms
  Thread calibration: mean lat.: 1387.984ms, rate sampling interval: 4595ms
  Thread calibration: mean lat.: 1430.518ms, rate sampling interval: 4669ms
  Thread calibration: mean lat.: 1462.016ms, rate sampling interval: 4734ms
  Thread calibration: mean lat.: 1426.195ms, rate sampling interval: 4603ms
  Thread calibration: mean lat.: 1434.915ms, rate sampling interval: 4694ms
  Thread calibration: mean lat.: 1417.008ms, rate sampling interval: 4694ms
  Thread calibration: mean lat.: 1452.275ms, rate sampling interval: 4812ms
  Thread calibration: mean lat.: 1350.984ms, rate sampling interval: 4354ms
  Thread calibration: mean lat.: 1413.243ms, rate sampling interval: 4595ms
  Thread calibration: mean lat.: 1443.505ms, rate sampling interval: 4710ms
  Thread calibration: mean lat.: 1455.308ms, rate sampling interval: 4771ms
  Thread calibration: mean lat.: 1440.653ms, rate sampling interval: 4710ms
  Thread calibration: mean lat.: 1411.707ms, rate sampling interval: 4640ms
  Thread calibration: mean lat.: 1428.284ms, rate sampling interval: 4694ms
  Thread calibration: mean lat.: 1460.708ms, rate sampling interval: 4739ms
  Thread calibration: mean lat.: 1431.419ms, rate sampling interval: 4648ms
  Thread calibration: mean lat.: 1425.845ms, rate sampling interval: 4648ms
  Thread calibration: mean lat.: 1479.949ms, rate sampling interval: 4796ms
  Thread calibration: mean lat.: 1457.912ms, rate sampling interval: 4726ms
  Thread calibration: mean lat.: 1436.712ms, rate sampling interval: 4694ms
  Thread calibration: mean lat.: 1445.083ms, rate sampling interval: 4657ms
  Thread calibration: mean lat.: 1437.240ms, rate sampling interval: 4632ms
  Thread calibration: mean lat.: 1463.789ms, rate sampling interval: 4743ms
  Thread calibration: mean lat.: 1450.121ms, rate sampling interval: 4714ms
  Thread calibration: mean lat.: 1443.595ms, rate sampling interval: 4710ms
  Thread calibration: mean lat.: 1443.640ms, rate sampling interval: 4673ms
  Thread calibration: mean lat.: 1487.880ms, rate sampling interval: 4796ms
  Thread calibration: mean lat.: 1460.621ms, rate sampling interval: 4726ms
  Thread calibration: mean lat.: 1469.490ms, rate sampling interval: 4792ms
  Thread calibration: mean lat.: 1473.659ms, rate sampling interval: 4800ms
  Thread calibration: mean lat.: 1497.504ms, rate sampling interval: 4775ms
  Thread calibration: mean lat.: 1476.355ms, rate sampling interval: 4804ms
  Thread calibration: mean lat.: 1489.798ms, rate sampling interval: 4820ms
  Thread calibration: mean lat.: 1495.987ms, rate sampling interval: 4784ms
  Thread calibration: mean lat.: 1465.314ms, rate sampling interval: 4706ms
  Thread calibration: mean lat.: 1529.176ms, rate sampling interval: 4874ms
  Thread calibration: mean lat.: 1498.894ms, rate sampling interval: 4870ms
  Thread calibration: mean lat.: 1481.126ms, rate sampling interval: 4702ms
  Thread calibration: mean lat.: 1472.302ms, rate sampling interval: 4763ms
  Thread calibration: mean lat.: 1471.232ms, rate sampling interval: 4702ms
  Thread calibration: mean lat.: 1477.395ms, rate sampling interval: 4767ms
  Thread calibration: mean lat.: 1477.987ms, rate sampling interval: 4780ms
  Thread calibration: mean lat.: 1492.742ms, rate sampling interval: 4755ms
  Thread calibration: mean lat.: 1521.066ms, rate sampling interval: 4841ms
  Thread calibration: mean lat.: 1491.901ms, rate sampling interval: 4759ms
  Thread calibration: mean lat.: 1490.168ms, rate sampling interval: 4784ms
  Thread calibration: mean lat.: 1473.933ms, rate sampling interval: 4751ms

-----------------------------------------------------------------------
Test Results @ http://10.10.1.1:23694 
  Thread Stats   Avg      Stdev     99%   +/- Stdev
    Latency     3.76s   581.32ms   4.67s    60.58%
    Req/Sec    39.98      2.15    44.00     90.72%
  Latency Distribution (HdrHistogram - Recorded Latency)
 50.000%    3.82s 
 75.000%    4.29s 
 90.000%    4.45s 
 99.000%    4.67s 
 99.900%    4.80s 
 99.990%    4.89s 
 99.999%    4.96s 
100.000%    4.99s 

  Detailed Percentile spectrum:
       Value   Percentile   TotalCount 1/(1-Percentile)

    2213.887     0.000000            1         1.00
    2891.775     0.100000         7830         1.11
    3180.543     0.200000        15661         1.25
    3426.303     0.300000        23432         1.43
    3639.295     0.400000        31272         1.67
    3821.567     0.500000        39077         2.00
    3919.871     0.550000        43005         2.22
    4032.511     0.600000        46920         2.50
    4143.103     0.650000        50837         2.86
    4227.071     0.700000        54860         3.33
    4288.511     0.750000        58861         4.00
    4313.087     0.775000        60545         4.44
    4341.759     0.800000        62595         5.00
    4362.239     0.825000        64460         5.71
    4386.815     0.850000        66463         6.67
    4419.583     0.875000        68420         8.00
    4440.063     0.887500        69572         8.89
    4452.351     0.900000        70415        10.00
    4468.735     0.912500        71366        11.43
    4485.119     0.925000        72254        13.33
    4509.695     0.937500        73355        16.00
    4521.983     0.943750        73732        17.78
    4538.367     0.950000        74325        20.00
    4550.655     0.956250        74815        22.86
    4562.943     0.962500        75236        26.67
    4579.327     0.968750        75756        32.00
    4587.519     0.971875        75978        35.56
    4595.711     0.975000        76159        40.00
    4607.999     0.978125        76423        45.71
    4624.383     0.981250        76693        53.33
    4636.671     0.984375        76896        64.00
    4644.863     0.985938        77051        71.11
    4653.055     0.987500        77161        80.00
    4661.247     0.989062        77294        91.43
    4669.439     0.990625        77401       106.67
    4677.631     0.992188        77499       128.00
    4685.823     0.992969        77599       142.22
    4689.919     0.993750        77637       160.00
    4698.111     0.994531        77705       182.86
    4702.207     0.995313        77733       213.33
    4718.591     0.996094        77811       256.00
    4726.783     0.996484        77837       284.44
    4730.879     0.996875        77856       320.00
    4743.167     0.997266        77893       365.71
    4751.359     0.997656        77918       426.67
    4763.647     0.998047        77955       512.00
    4767.743     0.998242        77968       568.89
    4771.839     0.998437        77979       640.00
    4780.031     0.998633        77997       731.43
    4792.319     0.998828        78013       853.33
    4800.511     0.999023        78025      1024.00
    4804.607     0.999121        78031      1137.78
    4812.799     0.999219        78043      1280.00
    4816.895     0.999316        78046      1462.86
    4829.183     0.999414        78055      1706.67
    4845.567     0.999512        78065      2048.00
    4845.567     0.999561        78065      2275.56
    4853.759     0.999609        78070      2560.00
    4861.951     0.999658        78074      2925.71
    4870.143     0.999707        78079      3413.33
    4874.239     0.999756        78081      4096.00
    4878.335     0.999780        78086      4551.11
    4878.335     0.999805        78086      5120.00
    4878.335     0.999829        78086      5851.43
    4886.527     0.999854        78088      6826.67
    4890.623     0.999878        78092      8192.00
    4890.623     0.999890        78092      9102.22
    4890.623     0.999902        78092     10240.00
    4894.719     0.999915        78093     11702.86
    4907.007     0.999927        78094     13653.33
    4911.103     0.999939        78096     16384.00
    4911.103     0.999945        78096     18204.44
    4911.103     0.999951        78096     20480.00
    4911.103     0.999957        78096     23405.71
    4939.775     0.999963        78097     27306.67
    4939.775     0.999969        78097     32768.00
    4939.775     0.999973        78097     36408.89
    4964.351     0.999976        78098     40960.00
    4964.351     0.999979        78098     46811.43
    4964.351     0.999982        78098     54613.33
    4964.351     0.999985        78098     65536.00
    4964.351     0.999986        78098     72817.78
    4988.927     0.999988        78099     81920.00
    4988.927     1.000000        78099          inf
#[Mean    =     3761.094, StdDeviation   =      581.319]
#[Max     =     4984.832, Total count    =        78099]
#[Buckets =           27, SubBuckets     =         2048]
-----------------------------------------------------------------------
  110283 requests in 29.76s, 17.10MB read
Requests/sec:   3706.26  
Transfer/sec:    588.52KB

=== rps=4600 c=1058 t=106 url=http://10.10.1.1:23694 ===
setup: assigned thread_id=1
init: final thread_id=1, base_seed=nil
setup: assigned thread_id=2
init: final thread_id=2, base_seed=nil
setup: assigned thread_id=3
init: final thread_id=3, base_seed=nil
setup: assigned thread_id=4
init: final thread_id=4, base_seed=nil
setup: assigned thread_id=5
init: final thread_id=5, base_seed=nil
setup: assigned thread_id=6
init: final thread_id=6, base_seed=nil
setup: assigned thread_id=7
init: final thread_id=7, base_seed=nil
setup: assigned thread_id=8
init: final thread_id=8, base_seed=nil
setup: assigned thread_id=9
init: final thread_id=9, base_seed=nil
setup: assigned thread_id=10
init: final thread_id=10, base_seed=nil
setup: assigned thread_id=11
init: final thread_id=11, base_seed=nil
setup: assigned thread_id=12
init: final thread_id=12, base_seed=nil
setup: assigned thread_id=13
init: final thread_id=13, base_seed=nil
setup: assigned thread_id=14
init: final thread_id=14, base_seed=nil
setup: assigned thread_id=15
init: final thread_id=15, base_seed=nil
setup: assigned thread_id=16
init: final thread_id=16, base_seed=nil
setup: assigned thread_id=17
init: final thread_id=17, base_seed=nil
setup: assigned thread_id=18
init: final thread_id=18, base_seed=nil
setup: assigned thread_id=19
init: final thread_id=19, base_seed=nil
setup: assigned thread_id=20
init: final thread_id=20, base_seed=nil
setup: assigned thread_id=21
init: final thread_id=21, base_seed=nil
setup: assigned thread_id=22
init: final thread_id=22, base_seed=nil
setup: assigned thread_id=23
init: final thread_id=23, base_seed=nil
setup: assigned thread_id=24
init: final thread_id=24, base_seed=nil
setup: assigned thread_id=25
init: final thread_id=25, base_seed=nil
setup: assigned thread_id=26
init: final thread_id=26, base_seed=nil
setup: assigned thread_id=27
init: final thread_id=27, base_seed=nil
setup: assigned thread_id=28
init: final thread_id=28, base_seed=nil
setup: assigned thread_id=29
init: final thread_id=29, base_seed=nil
setup: assigned thread_id=30
init: final thread_id=30, base_seed=nil
setup: assigned thread_id=31
init: final thread_id=31, base_seed=nil
setup: assigned thread_id=32
init: final thread_id=32, base_seed=nil
setup: assigned thread_id=33
init: final thread_id=33, base_seed=nil
setup: assigned thread_id=34
init: final thread_id=34, base_seed=nil
setup: assigned thread_id=35
init: final thread_id=35, base_seed=nil
setup: assigned thread_id=36
init: final thread_id=36, base_seed=nil
setup: assigned thread_id=37
init: final thread_id=37, base_seed=nil
setup: assigned thread_id=38
init: final thread_id=38, base_seed=nil
setup: assigned thread_id=39
init: final thread_id=39, base_seed=nil
setup: assigned thread_id=40
init: final thread_id=40, base_seed=nil
setup: assigned thread_id=41
init: final thread_id=41, base_seed=nil
setup: assigned thread_id=42
init: final thread_id=42, base_seed=nil
setup: assigned thread_id=43
init: final thread_id=43, base_seed=nil
setup: assigned thread_id=44
init: final thread_id=44, base_seed=nil
setup: assigned thread_id=45
init: final thread_id=45, base_seed=nil
setup: assigned thread_id=46
init: final thread_id=46, base_seed=nil
setup: assigned thread_id=47
init: final thread_id=47, base_seed=nil
setup: assigned thread_id=48
init: final thread_id=48, base_seed=nil
setup: assigned thread_id=49
init: final thread_id=49, base_seed=nil
setup: assigned thread_id=50
init: final thread_id=50, base_seed=nil
setup: assigned thread_id=51
init: final thread_id=51, base_seed=nil
setup: assigned thread_id=52
init: final thread_id=52, base_seed=nil
setup: assigned thread_id=53
init: final thread_id=53, base_seed=nil
setup: assigned thread_id=54
init: final thread_id=54, base_seed=nil
setup: assigned thread_id=55
init: final thread_id=55, base_seed=nil
setup: assigned thread_id=56
init: final thread_id=56, base_seed=nil
setup: assigned thread_id=57
init: final thread_id=57, base_seed=nil
setup: assigned thread_id=58
init: final thread_id=58, base_seed=nil
setup: assigned thread_id=59
init: final thread_id=59, base_seed=nil
setup: assigned thread_id=60
init: final thread_id=60, base_seed=nil
setup: assigned thread_id=61
init: final thread_id=61, base_seed=nil
setup: assigned thread_id=62
init: final thread_id=62, base_seed=nil
setup: assigned thread_id=63
init: final thread_id=63, base_seed=nil
setup: assigned thread_id=64
init: final thread_id=64, base_seed=nil
setup: assigned thread_id=65
init: final thread_id=65, base_seed=nil
setup: assigned thread_id=66
init: final thread_id=66, base_seed=nil
setup: assigned thread_id=67
init: final thread_id=67, base_seed=nil
setup: assigned thread_id=68
init: final thread_id=68, base_seed=nil
setup: assigned thread_id=69
init: final thread_id=69, base_seed=nil
setup: assigned thread_id=70
init: final thread_id=70, base_seed=nil
setup: assigned thread_id=71
init: final thread_id=71, base_seed=nil
setup: assigned thread_id=72
init: final thread_id=72, base_seed=nil
setup: assigned thread_id=73
init: final thread_id=73, base_seed=nil
setup: assigned thread_id=74
init: final thread_id=74, base_seed=nil
setup: assigned thread_id=75
init: final thread_id=75, base_seed=nil
setup: assigned thread_id=76
init: final thread_id=76, base_seed=nil
setup: assigned thread_id=77
init: final thread_id=77, base_seed=nil
setup: assigned thread_id=78
init: final thread_id=78, base_seed=nil
setup: assigned thread_id=79
init: final thread_id=79, base_seed=nil
setup: assigned thread_id=80
init: final thread_id=80, base_seed=nil
setup: assigned thread_id=81
init: final thread_id=81, base_seed=nil
setup: assigned thread_id=82
init: final thread_id=82, base_seed=nil
setup: assigned thread_id=83
init: final thread_id=83, base_seed=nil
setup: assigned thread_id=84
init: final thread_id=84, base_seed=nil
setup: assigned thread_id=85
init: final thread_id=85, base_seed=nil
setup: assigned thread_id=86
init: final thread_id=86, base_seed=nil
setup: assigned thread_id=87
init: final thread_id=87, base_seed=nil
setup: assigned thread_id=88
init: final thread_id=88, base_seed=nil
setup: assigned thread_id=89
init: final thread_id=89, base_seed=nil
setup: assigned thread_id=90
init: final thread_id=90, base_seed=nil
setup: assigned thread_id=91
init: final thread_id=91, base_seed=nil
setup: assigned thread_id=92
init: final thread_id=92, base_seed=nil
setup: assigned thread_id=93
init: final thread_id=93, base_seed=nil
setup: assigned thread_id=94
init: final thread_id=94, base_seed=nil
setup: assigned thread_id=95
init: final thread_id=95, base_seed=nil
setup: assigned thread_id=96
init: final thread_id=96, base_seed=nil
setup: assigned thread_id=97
init: final thread_id=97, base_seed=nil
setup: assigned thread_id=98
init: final thread_id=98, base_seed=nil
setup: assigned thread_id=99
init: final thread_id=99, base_seed=nil
setup: assigned thread_id=100
init: final thread_id=100, base_seed=nil
setup: assigned thread_id=101
init: final thread_id=101, base_seed=nil
setup: assigned thread_id=102
init: final thread_id=102, base_seed=nil
setup: assigned thread_id=103
init: final thread_id=103, base_seed=nil
setup: assigned thread_id=104
init: final thread_id=104, base_seed=nil
setup: assigned thread_id=105
init: final thread_id=105, base_seed=nil
setup: assigned thread_id=106
init: final thread_id=106, base_seed=nil
script_want_response
Running 30s test @ http://10.10.1.1:23694
  106 threads and 1058 connections

  Thread calibration: mean lat.: 312.330ms, rate sampling interval: 1403ms
  Thread calibration: mean lat.: 313.854ms, rate sampling interval: 1371ms
  Thread calibration: mean lat.: 314.292ms, rate sampling interval: 1409ms
  Thread calibration: mean lat.: 317.109ms, rate sampling interval: 1352ms
  Thread calibration: mean lat.: 312.687ms, rate sampling interval: 1344ms
  Thread calibration: mean lat.: 335.489ms, rate sampling interval: 1466ms
  Thread calibration: mean lat.: 325.746ms, rate sampling interval: 1349ms
  Thread calibration: mean lat.: 328.437ms, rate sampling interval: 1350ms
  Thread calibration: mean lat.: 347.417ms, rate sampling interval: 1457ms
  Thread calibration: mean lat.: 338.046ms, rate sampling interval: 1422ms
  Thread calibration: mean lat.: 365.445ms, rate sampling interval: 1472ms
  Thread calibration: mean lat.: 348.839ms, rate sampling interval: 1454ms
  Thread calibration: mean lat.: 355.564ms, rate sampling interval: 1467ms
  Thread calibration: mean lat.: 353.574ms, rate sampling interval: 1467ms
  Thread calibration: mean lat.: 356.110ms, rate sampling interval: 1457ms
  Thread calibration: mean lat.: 350.307ms, rate sampling interval: 1458ms
  Thread calibration: mean lat.: 354.889ms, rate sampling interval: 1446ms
  Thread calibration: mean lat.: 353.431ms, rate sampling interval: 1460ms
  Thread calibration: mean lat.: 355.917ms, rate sampling interval: 1441ms
  Thread calibration: mean lat.: 359.413ms, rate sampling interval: 1520ms
  Thread calibration: mean lat.: 362.942ms, rate sampling interval: 1519ms
  Thread calibration: mean lat.: 356.927ms, rate sampling interval: 1457ms
  Thread calibration: mean lat.: 354.398ms, rate sampling interval: 1489ms
  Thread calibration: mean lat.: 353.219ms, rate sampling interval: 1456ms
  Thread calibration: mean lat.: 344.421ms, rate sampling interval: 1437ms
  Thread calibration: mean lat.: 349.472ms, rate sampling interval: 1470ms
  Thread calibration: mean lat.: 345.011ms, rate sampling interval: 1470ms
  Thread calibration: mean lat.: 346.092ms, rate sampling interval: 1477ms
  Thread calibration: mean lat.: 334.288ms, rate sampling interval: 1439ms
  Thread calibration: mean lat.: 341.859ms, rate sampling interval: 1466ms
  Thread calibration: mean lat.: 334.668ms, rate sampling interval: 1432ms
  Thread calibration: mean lat.: 346.241ms, rate sampling interval: 1484ms
  Thread calibration: mean lat.: 341.936ms, rate sampling interval: 1466ms
  Thread calibration: mean lat.: 336.652ms, rate sampling interval: 1430ms
  Thread calibration: mean lat.: 334.869ms, rate sampling interval: 1447ms
  Thread calibration: mean lat.: 388.249ms, rate sampling interval: 1549ms
  Thread calibration: mean lat.: 343.735ms, rate sampling interval: 1443ms
  Thread calibration: mean lat.: 357.558ms, rate sampling interval: 1535ms
  Thread calibration: mean lat.: 352.441ms, rate sampling interval: 1475ms
  Thread calibration: mean lat.: 348.033ms, rate sampling interval: 1466ms
  Thread calibration: mean lat.: 349.926ms, rate sampling interval: 1453ms
  Thread calibration: mean lat.: 337.979ms, rate sampling interval: 1414ms
  Thread calibration: mean lat.: 347.555ms, rate sampling interval: 1446ms
  Thread calibration: mean lat.: 349.694ms, rate sampling interval: 1448ms
  Thread calibration: mean lat.: 349.260ms, rate sampling interval: 1485ms
  Thread calibration: mean lat.: 349.116ms, rate sampling interval: 1467ms
  Thread calibration: mean lat.: 347.012ms, rate sampling interval: 1437ms
  Thread calibration: mean lat.: 369.565ms, rate sampling interval: 1480ms
  Thread calibration: mean lat.: 346.593ms, rate sampling interval: 1451ms
  Thread calibration: mean lat.: 345.071ms, rate sampling interval: 1430ms
  Thread calibration: mean lat.: 343.579ms, rate sampling interval: 1468ms
  Thread calibration: mean lat.: 336.994ms, rate sampling interval: 1432ms
  Thread calibration: mean lat.: 335.663ms, rate sampling interval: 1428ms
  Thread calibration: mean lat.: 332.488ms, rate sampling interval: 1440ms
  Thread calibration: mean lat.: 327.453ms, rate sampling interval: 1422ms
  Thread calibration: mean lat.: 324.124ms, rate sampling interval: 1363ms
  Thread calibration: mean lat.: 337.351ms, rate sampling interval: 1471ms
  Thread calibration: mean lat.: 324.995ms, rate sampling interval: 1406ms
  Thread calibration: mean lat.: 337.710ms, rate sampling interval: 1475ms
  Thread calibration: mean lat.: 336.824ms, rate sampling interval: 1468ms
  Thread calibration: mean lat.: 339.887ms, rate sampling interval: 1474ms
  Thread calibration: mean lat.: 343.928ms, rate sampling interval: 1475ms
  Thread calibration: mean lat.: 332.956ms, rate sampling interval: 1460ms
  Thread calibration: mean lat.: 336.152ms, rate sampling interval: 1448ms
  Thread calibration: mean lat.: 344.446ms, rate sampling interval: 1465ms
  Thread calibration: mean lat.: 341.786ms, rate sampling interval: 1475ms
  Thread calibration: mean lat.: 351.082ms, rate sampling interval: 1522ms
  Thread calibration: mean lat.: 355.537ms, rate sampling interval: 1522ms
  Thread calibration: mean lat.: 329.007ms, rate sampling interval: 1372ms
  Thread calibration: mean lat.: 346.200ms, rate sampling interval: 1468ms
  Thread calibration: mean lat.: 332.134ms, rate sampling interval: 1449ms
  Thread calibration: mean lat.: 344.698ms, rate sampling interval: 1476ms
  Thread calibration: mean lat.: 347.119ms, rate sampling interval: 1475ms
  Thread calibration: mean lat.: 348.013ms, rate sampling interval: 1492ms
  Thread calibration: mean lat.: 352.467ms, rate sampling interval: 1479ms
  Thread calibration: mean lat.: 356.735ms, rate sampling interval: 1487ms
  Thread calibration: mean lat.: 365.869ms, rate sampling interval: 1492ms
  Thread calibration: mean lat.: 365.390ms, rate sampling interval: 1556ms
  Thread calibration: mean lat.: 369.008ms, rate sampling interval: 1591ms
  Thread calibration: mean lat.: 354.332ms, rate sampling interval: 1453ms
  Thread calibration: mean lat.: 354.023ms, rate sampling interval: 1444ms
  Thread calibration: mean lat.: 344.350ms, rate sampling interval: 1445ms
  Thread calibration: mean lat.: 348.351ms, rate sampling interval: 1465ms
  Thread calibration: mean lat.: 362.199ms, rate sampling interval: 1482ms
  Thread calibration: mean lat.: 364.748ms, rate sampling interval: 1551ms
  Thread calibration: mean lat.: 359.968ms, rate sampling interval: 1461ms
  Thread calibration: mean lat.: 376.843ms, rate sampling interval: 1596ms
  Thread calibration: mean lat.: 360.286ms, rate sampling interval: 1474ms
  Thread calibration: mean lat.: 366.761ms, rate sampling interval: 1473ms
  Thread calibration: mean lat.: 373.167ms, rate sampling interval: 1532ms
  Thread calibration: mean lat.: 364.092ms, rate sampling interval: 1475ms
  Thread calibration: mean lat.: 373.377ms, rate sampling interval: 1584ms
  Thread calibration: mean lat.: 389.583ms, rate sampling interval: 1587ms
  Thread calibration: mean lat.: 377.444ms, rate sampling interval: 1519ms
  Thread calibration: mean lat.: 379.376ms, rate sampling interval: 1569ms
  Thread calibration: mean lat.: 386.342ms, rate sampling interval: 1559ms
  Thread calibration: mean lat.: 371.544ms, rate sampling interval: 1554ms
  Thread calibration: mean lat.: 390.517ms, rate sampling interval: 1592ms
  Thread calibration: mean lat.: 378.215ms, rate sampling interval: 1579ms
  Thread calibration: mean lat.: 372.840ms, rate sampling interval: 1525ms
  Thread calibration: mean lat.: 383.671ms, rate sampling interval: 1573ms
  Thread calibration: mean lat.: 383.952ms, rate sampling interval: 1559ms
  Thread calibration: mean lat.: 380.493ms, rate sampling interval: 1575ms
  Thread calibration: mean lat.: 383.573ms, rate sampling interval: 1532ms
  Thread calibration: mean lat.: 369.197ms, rate sampling interval: 1488ms
  Thread calibration: mean lat.: 394.690ms, rate sampling interval: 1633ms

-----------------------------------------------------------------------
Test Results @ http://10.10.1.1:23694 
  Thread Stats   Avg      Stdev     99%   +/- Stdev
    Latency     2.32s   723.42ms   3.53s    58.49%
    Req/Sec    36.95      1.89    41.00     80.70%
  Latency Distribution (HdrHistogram - Recorded Latency)
 50.000%    2.38s 
 75.000%    2.93s 
 90.000%    3.27s 
 99.000%    3.53s 
 99.900%    3.71s 
 99.990%    3.82s 
 99.999%    3.86s 
100.000%    3.87s 

  Detailed Percentile spectrum:
       Value   Percentile   TotalCount 1/(1-Percentile)

     773.119     0.000000            1         1.00
    1306.623     0.100000         7909         1.11
    1558.527     0.200000        15817         1.25
    1888.255     0.300000        23728         1.43
    2121.727     0.400000        31627         1.67
    2381.823     0.500000        39558         2.00
    2504.703     0.550000        43539         2.22
    2603.007     0.600000        47432         2.50
    2697.215     0.650000        51429         2.86
    2801.663     0.700000        55340         3.33
    2932.735     0.750000        59324         4.00
    3000.319     0.775000        61322         4.44
    3063.807     0.800000        63307         5.00
    3121.151     0.825000        65247         5.71
    3172.351     0.850000        67255         6.67
    3223.551     0.875000        69197         8.00
    3248.127     0.887500        70209         8.89
    3268.607     0.900000        71148        10.00
    3293.183     0.912500        72140        11.43
    3319.807     0.925000        73136        13.33
    3346.431     0.937500        74153        16.00
    3360.767     0.943750        74637        17.78
    3377.151     0.950000        75109        20.00
    3395.583     0.956250        75638        22.86
    3414.015     0.962500        76102        26.67
    3436.543     0.968750        76601        32.00
    3446.783     0.971875        76831        35.56
    3457.023     0.975000        77078        40.00
    3469.311     0.978125        77348        45.71
    3481.599     0.981250        77590        53.33
    3497.983     0.984375        77831        64.00
    3508.223     0.985938        77952        71.11
    3516.415     0.987500        78073        80.00
    3526.655     0.989062        78201        91.43
    3538.943     0.990625        78310       106.67
    3553.279     0.992188        78449       128.00
    3561.471     0.992969        78514       142.22
    3567.615     0.993750        78570       160.00
    3579.903     0.994531        78624       182.86
    3592.191     0.995313        78679       213.33
    3608.575     0.996094        78742       256.00
    3620.863     0.996484        78773       284.44
    3631.103     0.996875        78802       320.00
    3641.343     0.997266        78833       365.71
    3653.631     0.997656        78866       426.67
    3665.919     0.998047        78895       512.00
    3674.111     0.998242        78913       568.89
    3680.255     0.998437        78926       640.00
    3688.447     0.998633        78942       731.43
    3694.591     0.998828        78957       853.33
    3713.023     0.999023        78972      1024.00
    3731.455     0.999121        78982      1137.78
    3739.647     0.999219        78989      1280.00
    3745.791     0.999316        78996      1462.86
    3753.983     0.999414        79003      1706.67
    3764.223     0.999512        79013      2048.00
    3766.271     0.999561        79015      2275.56
    3772.415     0.999609        79021      2560.00
    3778.559     0.999658        79022      2925.71
    3790.847     0.999707        79028      3413.33
    3796.991     0.999756        79031      4096.00
    3805.183     0.999780        79032      4551.11
    3809.279     0.999805        79036      5120.00
    3809.279     0.999829        79036      5851.43
    3811.327     0.999854        79038      6826.67
    3819.519     0.999878        79040      8192.00
    3823.615     0.999890        79041      9102.22
    3837.951     0.999902        79042     10240.00
    3846.143     0.999915        79043     11702.86
    3854.335     0.999927        79045     13653.33
    3854.335     0.999939        79045     16384.00
    3854.335     0.999945        79045     18204.44
    3858.431     0.999951        79046     20480.00
    3858.431     0.999957        79046     23405.71
    3862.527     0.999963        79047     27306.67
    3862.527     0.999969        79047     32768.00
    3862.527     0.999973        79047     36408.89
    3864.575     0.999976        79048     40960.00
    3864.575     0.999979        79048     46811.43
    3864.575     0.999982        79048     54613.33
    3864.575     0.999985        79048     65536.00
    3864.575     0.999986        79048     72817.78
    3872.767     0.999988        79049     81920.00
    3872.767     1.000000        79049          inf
#[Mean    =     2321.405, StdDeviation   =      723.421]
#[Max     =     3870.720, Total count    =        79049]
#[Buckets =           27, SubBuckets     =         2048]
-----------------------------------------------------------------------
  119975 requests in 29.76s, 18.60MB read
Requests/sec:   4031.61  
Transfer/sec:    640.09KB

=== rps=4800 c=1152 t=116 url=http://10.10.1.1:23694 ===
setup: assigned thread_id=1
init: final thread_id=1, base_seed=nil
setup: assigned thread_id=2
init: final thread_id=2, base_seed=nil
setup: assigned thread_id=3
init: final thread_id=3, base_seed=nil
setup: assigned thread_id=4
init: final thread_id=4, base_seed=nil
setup: assigned thread_id=5
init: final thread_id=5, base_seed=nil
setup: assigned thread_id=6
init: final thread_id=6, base_seed=nil
setup: assigned thread_id=7
init: final thread_id=7, base_seed=nil
setup: assigned thread_id=8
init: final thread_id=8, base_seed=nil
setup: assigned thread_id=9
init: final thread_id=9, base_seed=nil
setup: assigned thread_id=10
init: final thread_id=10, base_seed=nil
setup: assigned thread_id=11
init: final thread_id=11, base_seed=nil
setup: assigned thread_id=12
init: final thread_id=12, base_seed=nil
setup: assigned thread_id=13
init: final thread_id=13, base_seed=nil
setup: assigned thread_id=14
init: final thread_id=14, base_seed=nil
setup: assigned thread_id=15
init: final thread_id=15, base_seed=nil
setup: assigned thread_id=16
init: final thread_id=16, base_seed=nil
setup: assigned thread_id=17
init: final thread_id=17, base_seed=nil
setup: assigned thread_id=18
init: final thread_id=18, base_seed=nil
setup: assigned thread_id=19
init: final thread_id=19, base_seed=nil
setup: assigned thread_id=20
init: final thread_id=20, base_seed=nil
setup: assigned thread_id=21
init: final thread_id=21, base_seed=nil
setup: assigned thread_id=22
init: final thread_id=22, base_seed=nil
setup: assigned thread_id=23
init: final thread_id=23, base_seed=nil
setup: assigned thread_id=24
init: final thread_id=24, base_seed=nil
setup: assigned thread_id=25
init: final thread_id=25, base_seed=nil
setup: assigned thread_id=26
init: final thread_id=26, base_seed=nil
setup: assigned thread_id=27
init: final thread_id=27, base_seed=nil
setup: assigned thread_id=28
init: final thread_id=28, base_seed=nil
setup: assigned thread_id=29
init: final thread_id=29, base_seed=nil
setup: assigned thread_id=30
init: final thread_id=30, base_seed=nil
setup: assigned thread_id=31
init: final thread_id=31, base_seed=nil
setup: assigned thread_id=32
init: final thread_id=32, base_seed=nil
setup: assigned thread_id=33
init: final thread_id=33, base_seed=nil
setup: assigned thread_id=34
init: final thread_id=34, base_seed=nil
setup: assigned thread_id=35
init: final thread_id=35, base_seed=nil
setup: assigned thread_id=36
init: final thread_id=36, base_seed=nil
setup: assigned thread_id=37
init: final thread_id=37, base_seed=nil
setup: assigned thread_id=38
init: final thread_id=38, base_seed=nil
setup: assigned thread_id=39
init: final thread_id=39, base_seed=nil
setup: assigned thread_id=40
init: final thread_id=40, base_seed=nil
setup: assigned thread_id=41
init: final thread_id=41, base_seed=nil
setup: assigned thread_id=42
init: final thread_id=42, base_seed=nil
setup: assigned thread_id=43
init: final thread_id=43, base_seed=nil
setup: assigned thread_id=44
init: final thread_id=44, base_seed=nil
setup: assigned thread_id=45
init: final thread_id=45, base_seed=nil
setup: assigned thread_id=46
init: final thread_id=46, base_seed=nil
setup: assigned thread_id=47
init: final thread_id=47, base_seed=nil
setup: assigned thread_id=48
init: final thread_id=48, base_seed=nil
setup: assigned thread_id=49
init: final thread_id=49, base_seed=nil
setup: assigned thread_id=50
init: final thread_id=50, base_seed=nil
setup: assigned thread_id=51
init: final thread_id=51, base_seed=nil
setup: assigned thread_id=52
init: final thread_id=52, base_seed=nil
setup: assigned thread_id=53
init: final thread_id=53, base_seed=nil
setup: assigned thread_id=54
init: final thread_id=54, base_seed=nil
setup: assigned thread_id=55
init: final thread_id=55, base_seed=nil
setup: assigned thread_id=56
init: final thread_id=56, base_seed=nil
setup: assigned thread_id=57
init: final thread_id=57, base_seed=nil
setup: assigned thread_id=58
init: final thread_id=58, base_seed=nil
setup: assigned thread_id=59
init: final thread_id=59, base_seed=nil
setup: assigned thread_id=60
init: final thread_id=60, base_seed=nil
setup: assigned thread_id=61
init: final thread_id=61, base_seed=nil
setup: assigned thread_id=62
init: final thread_id=62, base_seed=nil
setup: assigned thread_id=63
init: final thread_id=63, base_seed=nil
setup: assigned thread_id=64
init: final thread_id=64, base_seed=nil
setup: assigned thread_id=65
init: final thread_id=65, base_seed=nil
setup: assigned thread_id=66
init: final thread_id=66, base_seed=nil
setup: assigned thread_id=67
init: final thread_id=67, base_seed=nil
setup: assigned thread_id=68
init: final thread_id=68, base_seed=nil
setup: assigned thread_id=69
init: final thread_id=69, base_seed=nil
setup: assigned thread_id=70
init: final thread_id=70, base_seed=nil
setup: assigned thread_id=71
init: final thread_id=71, base_seed=nil
setup: assigned thread_id=72
init: final thread_id=72, base_seed=nil
setup: assigned thread_id=73
init: final thread_id=73, base_seed=nil
setup: assigned thread_id=74
init: final thread_id=74, base_seed=nil
setup: assigned thread_id=75
init: final thread_id=75, base_seed=nil
setup: assigned thread_id=76
init: final thread_id=76, base_seed=nil
setup: assigned thread_id=77
init: final thread_id=77, base_seed=nil
setup: assigned thread_id=78
init: final thread_id=78, base_seed=nil
setup: assigned thread_id=79
init: final thread_id=79, base_seed=nil
setup: assigned thread_id=80
init: final thread_id=80, base_seed=nil
setup: assigned thread_id=81
init: final thread_id=81, base_seed=nil
setup: assigned thread_id=82
init: final thread_id=82, base_seed=nil
setup: assigned thread_id=83
init: final thread_id=83, base_seed=nil
setup: assigned thread_id=84
init: final thread_id=84, base_seed=nil
setup: assigned thread_id=85
init: final thread_id=85, base_seed=nil
setup: assigned thread_id=86
init: final thread_id=86, base_seed=nil
setup: assigned thread_id=87
init: final thread_id=87, base_seed=nil
setup: assigned thread_id=88
init: final thread_id=88, base_seed=nil
setup: assigned thread_id=89
init: final thread_id=89, base_seed=nil
setup: assigned thread_id=90
init: final thread_id=90, base_seed=nil
setup: assigned thread_id=91
init: final thread_id=91, base_seed=nil
setup: assigned thread_id=92
init: final thread_id=92, base_seed=nil
setup: assigned thread_id=93
init: final thread_id=93, base_seed=nil
setup: assigned thread_id=94
init: final thread_id=94, base_seed=nil
setup: assigned thread_id=95
init: final thread_id=95, base_seed=nil
setup: assigned thread_id=96
init: final thread_id=96, base_seed=nil
setup: assigned thread_id=97
init: final thread_id=97, base_seed=nil
setup: assigned thread_id=98
init: final thread_id=98, base_seed=nil
setup: assigned thread_id=99
init: final thread_id=99, base_seed=nil
setup: assigned thread_id=100
init: final thread_id=100, base_seed=nil
setup: assigned thread_id=101
init: final thread_id=101, base_seed=nil
setup: assigned thread_id=102
init: final thread_id=102, base_seed=nil
setup: assigned thread_id=103
init: final thread_id=103, base_seed=nil
setup: assigned thread_id=104
init: final thread_id=104, base_seed=nil
setup: assigned thread_id=105
init: final thread_id=105, base_seed=nil
setup: assigned thread_id=106
init: final thread_id=106, base_seed=nil
setup: assigned thread_id=107
init: final thread_id=107, base_seed=nil
setup: assigned thread_id=108
init: final thread_id=108, base_seed=nil
setup: assigned thread_id=109
init: final thread_id=109, base_seed=nil
setup: assigned thread_id=110
init: final thread_id=110, base_seed=nil
setup: assigned thread_id=111
init: final thread_id=111, base_seed=nil
setup: assigned thread_id=112
init: final thread_id=112, base_seed=nil
setup: assigned thread_id=113
init: final thread_id=113, base_seed=nil
setup: assigned thread_id=114
init: final thread_id=114, base_seed=nil
setup: assigned thread_id=115
init: final thread_id=115, base_seed=nil
setup: assigned thread_id=116
init: final thread_id=116, base_seed=nil
script_want_response
Running 30s test @ http://10.10.1.1:23694
  116 threads and 1152 connections

  Thread calibration: mean lat.: 1376.699ms, rate sampling interval: 4775ms
  Thread calibration: mean lat.: 1369.964ms, rate sampling interval: 4771ms
  Thread calibration: mean lat.: 1347.017ms, rate sampling interval: 4747ms
  Thread calibration: mean lat.: 1368.385ms, rate sampling interval: 4747ms
  Thread calibration: mean lat.: 1388.687ms, rate sampling interval: 4771ms
  Thread calibration: mean lat.: 1366.115ms, rate sampling interval: 4755ms
  Thread calibration: mean lat.: 1392.951ms, rate sampling interval: 4878ms
  Thread calibration: mean lat.: 1383.345ms, rate sampling interval: 4763ms
  Thread calibration: mean lat.: 1398.028ms, rate sampling interval: 4894ms
  Thread calibration: mean lat.: 1399.014ms, rate sampling interval: 4878ms
  Thread calibration: mean lat.: 1427.850ms, rate sampling interval: 4894ms
  Thread calibration: mean lat.: 1395.557ms, rate sampling interval: 4837ms
  Thread calibration: mean lat.: 1429.685ms, rate sampling interval: 4874ms
  Thread calibration: mean lat.: 1428.416ms, rate sampling interval: 4845ms
  Thread calibration: mean lat.: 1401.283ms, rate sampling interval: 4812ms
  Thread calibration: mean lat.: 1417.314ms, rate sampling interval: 4870ms
  Thread calibration: mean lat.: 1408.585ms, rate sampling interval: 4816ms
  Thread calibration: mean lat.: 1401.165ms, rate sampling interval: 4804ms
  Thread calibration: mean lat.: 1408.350ms, rate sampling interval: 4808ms
  Thread calibration: mean lat.: 1400.936ms, rate sampling interval: 4800ms
  Thread calibration: mean lat.: 1413.277ms, rate sampling interval: 4820ms
  Thread calibration: mean lat.: 1417.622ms, rate sampling interval: 4812ms
  Thread calibration: mean lat.: 1417.201ms, rate sampling interval: 4812ms
  Thread calibration: mean lat.: 1400.877ms, rate sampling interval: 4804ms
  Thread calibration: mean lat.: 1418.913ms, rate sampling interval: 4816ms
  Thread calibration: mean lat.: 1422.205ms, rate sampling interval: 4915ms
  Thread calibration: mean lat.: 1421.391ms, rate sampling interval: 4927ms
  Thread calibration: mean lat.: 1399.009ms, rate sampling interval: 4808ms
  Thread calibration: mean lat.: 1413.377ms, rate sampling interval: 4923ms
  Thread calibration: mean lat.: 1428.340ms, rate sampling interval: 4911ms
  Thread calibration: mean lat.: 1408.658ms, rate sampling interval: 4911ms
  Thread calibration: mean lat.: 1405.154ms, rate sampling interval: 4890ms
  Thread calibration: mean lat.: 1428.046ms, rate sampling interval: 4665ms
  Thread calibration: mean lat.: 1413.816ms, rate sampling interval: 4907ms
  Thread calibration: mean lat.: 1432.037ms, rate sampling interval: 4894ms
  Thread calibration: mean lat.: 1448.839ms, rate sampling interval: 4911ms
  Thread calibration: mean lat.: 1444.287ms, rate sampling interval: 4915ms
  Thread calibration: mean lat.: 1420.666ms, rate sampling interval: 4890ms
  Thread calibration: mean lat.: 1411.093ms, rate sampling interval: 4894ms
  Thread calibration: mean lat.: 1422.285ms, rate sampling interval: 4890ms
  Thread calibration: mean lat.: 1429.511ms, rate sampling interval: 4898ms
  Thread calibration: mean lat.: 1448.109ms, rate sampling interval: 4902ms
  Thread calibration: mean lat.: 1420.843ms, rate sampling interval: 4878ms
  Thread calibration: mean lat.: 1420.140ms, rate sampling interval: 4882ms
  Thread calibration: mean lat.: 1419.519ms, rate sampling interval: 4874ms
  Thread calibration: mean lat.: 1410.752ms, rate sampling interval: 4874ms
  Thread calibration: mean lat.: 1422.862ms, rate sampling interval: 4882ms
  Thread calibration: mean lat.: 1426.735ms, rate sampling interval: 4874ms
  Thread calibration: mean lat.: 1403.338ms, rate sampling interval: 4861ms
  Thread calibration: mean lat.: 1423.280ms, rate sampling interval: 4874ms
  Thread calibration: mean lat.: 1439.678ms, rate sampling interval: 4874ms
  Thread calibration: mean lat.: 1399.400ms, rate sampling interval: 4800ms
  Thread calibration: mean lat.: 1417.934ms, rate sampling interval: 4878ms
  Thread calibration: mean lat.: 1404.763ms, rate sampling interval: 4857ms
  Thread calibration: mean lat.: 1403.308ms, rate sampling interval: 4800ms
  Thread calibration: mean lat.: 1409.317ms, rate sampling interval: 4808ms
  Thread calibration: mean lat.: 1413.239ms, rate sampling interval: 4804ms
  Thread calibration: mean lat.: 1408.112ms, rate sampling interval: 4788ms
  Thread calibration: mean lat.: 1418.208ms, rate sampling interval: 4968ms
  Thread calibration: mean lat.: 1425.891ms, rate sampling interval: 4980ms
  Thread calibration: mean lat.: 1398.334ms, rate sampling interval: 4784ms
  Thread calibration: mean lat.: 1409.355ms, rate sampling interval: 4792ms
  Thread calibration: mean lat.: 1429.790ms, rate sampling interval: 4956ms
  Thread calibration: mean lat.: 1443.140ms, rate sampling interval: 4964ms
  Thread calibration: mean lat.: 1448.656ms, rate sampling interval: 4988ms
  Thread calibration: mean lat.: 1421.058ms, rate sampling interval: 4784ms
  Thread calibration: mean lat.: 1416.602ms, rate sampling interval: 4780ms
  Thread calibration: mean lat.: 1458.996ms, rate sampling interval: 4972ms
  Thread calibration: mean lat.: 1458.334ms, rate sampling interval: 4960ms
  Thread calibration: mean lat.: 1462.203ms, rate sampling interval: 4968ms
  Thread calibration: mean lat.: 1459.808ms, rate sampling interval: 4726ms
  Thread calibration: mean lat.: 1415.563ms, rate sampling interval: 4767ms
  Thread calibration: mean lat.: 1427.446ms, rate sampling interval: 4931ms
  Thread calibration: mean lat.: 1449.943ms, rate sampling interval: 4943ms
  Thread calibration: mean lat.: 1453.391ms, rate sampling interval: 4939ms
  Thread calibration: mean lat.: 1440.529ms, rate sampling interval: 4927ms
  Thread calibration: mean lat.: 1470.823ms, rate sampling interval: 4964ms
  Thread calibration: mean lat.: 1422.954ms, rate sampling interval: 4763ms
  Thread calibration: mean lat.: 1439.007ms, rate sampling interval: 4927ms
  Thread calibration: mean lat.: 1427.167ms, rate sampling interval: 4763ms
  Thread calibration: mean lat.: 1473.799ms, rate sampling interval: 4943ms
  Thread calibration: mean lat.: 1485.890ms, rate sampling interval: 4964ms
  Thread calibration: mean lat.: 1447.734ms, rate sampling interval: 4939ms
  Thread calibration: mean lat.: 1471.324ms, rate sampling interval: 4939ms
  Thread calibration: mean lat.: 1473.394ms, rate sampling interval: 4935ms
  Thread calibration: mean lat.: 1459.798ms, rate sampling interval: 4935ms
  Thread calibration: mean lat.: 1477.711ms, rate sampling interval: 4964ms
  Thread calibration: mean lat.: 1456.604ms, rate sampling interval: 4911ms
  Thread calibration: mean lat.: 1504.176ms, rate sampling interval: 5128ms
  Thread calibration: mean lat.: 1451.691ms, rate sampling interval: 4694ms
  Thread calibration: mean lat.: 1464.309ms, rate sampling interval: 4923ms
  Thread calibration: mean lat.: 1477.124ms, rate sampling interval: 4927ms
  Thread calibration: mean lat.: 1498.020ms, rate sampling interval: 4947ms
  Thread calibration: mean lat.: 1479.801ms, rate sampling interval: 4927ms
  Thread calibration: mean lat.: 1492.113ms, rate sampling interval: 5095ms
  Thread calibration: mean lat.: 1474.055ms, rate sampling interval: 4923ms
  Thread calibration: mean lat.: 1477.182ms, rate sampling interval: 4931ms
  Thread calibration: mean lat.: 1485.508ms, rate sampling interval: 4919ms
  Thread calibration: mean lat.: 1488.680ms, rate sampling interval: 4927ms
  Thread calibration: mean lat.: 1433.318ms, rate sampling interval: 4661ms
  Thread calibration: mean lat.: 1465.349ms, rate sampling interval: 4919ms
  Thread calibration: mean lat.: 1518.353ms, rate sampling interval: 5111ms
  Thread calibration: mean lat.: 1464.793ms, rate sampling interval: 4898ms
  Thread calibration: mean lat.: 1469.401ms, rate sampling interval: 4902ms
  Thread calibration: mean lat.: 1485.061ms, rate sampling interval: 4911ms
  Thread calibration: mean lat.: 1497.637ms, rate sampling interval: 4997ms
  Thread calibration: mean lat.: 1498.474ms, rate sampling interval: 5009ms
  Thread calibration: mean lat.: 1474.226ms, rate sampling interval: 4902ms
  Thread calibration: mean lat.: 1476.259ms, rate sampling interval: 4988ms
  Thread calibration: mean lat.: 1526.148ms, rate sampling interval: 5033ms
  Thread calibration: mean lat.: 1486.365ms, rate sampling interval: 4993ms
  Thread calibration: mean lat.: 1489.253ms, rate sampling interval: 4993ms
  Thread calibration: mean lat.: 1515.869ms, rate sampling interval: 5005ms
  Thread calibration: mean lat.: 1487.574ms, rate sampling interval: 4988ms
  Thread calibration: mean lat.: 1526.504ms, rate sampling interval: 5185ms
  Thread calibration: mean lat.: 1487.023ms, rate sampling interval: 4976ms

-----------------------------------------------------------------------
Test Results @ http://10.10.1.1:23694 
  Thread Stats   Avg      Stdev     99%   +/- Stdev
    Latency     4.44s   917.46ms   5.81s    57.25%
    Req/Sec    34.08      1.83    38.00     79.73%
  Latency Distribution (HdrHistogram - Recorded Latency)
 50.000%    4.49s 
 75.000%    5.30s 
 90.000%    5.54s 
 99.000%    5.81s 
 99.900%    5.96s 
 99.990%    6.06s 
 99.999%    6.10s 
100.000%    6.10s 

  Detailed Percentile spectrum:
       Value   Percentile   TotalCount 1/(1-Percentile)

    2392.063     0.000000            1         1.00
    3100.671     0.100000         8008         1.11
    3481.599     0.200000        16026         1.25
    3874.815     0.300000        24015         1.43
    4169.727     0.400000        32031         1.67
    4493.311     0.500000        40056         2.00
    4669.439     0.550000        44016         2.22
    4919.295     0.600000        47978         2.50
    5115.903     0.650000        52045         2.86
    5222.399     0.700000        56151         3.33
    5304.319     0.750000        59972         4.00
    5345.279     0.775000        62064         4.44
    5382.143     0.800000        64090         5.00
    5419.007     0.825000        65996         5.71
    5459.967     0.850000        68122         6.67
    5500.927     0.875000        70143         8.00
    5521.407     0.887500        71163         8.89
    5541.887     0.900000        72124        10.00
    5562.367     0.912500        72990        11.43
    5586.943     0.925000        74005        13.33
    5611.519     0.937500        74967        16.00
    5627.903     0.943750        75513        17.78
    5644.287     0.950000        76055        20.00
    5660.671     0.956250        76547        22.86
    5677.055     0.962500        77009        26.67
    5697.535     0.968750        77498        32.00
    5709.823     0.971875        77744        35.56
    5722.111     0.975000        78005        40.00
    5734.399     0.978125        78230        45.71
    5750.783     0.981250        78507        53.33
    5767.167     0.984375        78751        64.00
    5775.359     0.985938        78838        71.11
    5787.647     0.987500        78967        80.00
    5799.935     0.989062        79097        91.43
    5812.223     0.990625        79236       106.67
    5824.511     0.992188        79339       128.00
    5836.799     0.992969        79425       142.22
    5844.991     0.993750        79477       160.00
    5853.183     0.994531        79532       182.86
    5861.375     0.995313        79598       213.33
    5873.663     0.996094        79660       256.00
    5881.855     0.996484        79695       284.44
    5890.047     0.996875        79721       320.00
    5898.239     0.997266        79745       365.71
    5910.527     0.997656        79790       426.67
    5918.719     0.998047        79822       512.00
    5918.719     0.998242        79822       568.89
    5926.911     0.998437        79841       640.00
    5935.103     0.998633        79856       731.43
    5943.295     0.998828        79870       853.33
    5955.583     0.999023        79891      1024.00
    5959.679     0.999121        79897      1137.78
    5963.775     0.999219        79901      1280.00
    5976.063     0.999316        79909      1462.86
    5984.255     0.999414        79919      1706.67
    5996.543     0.999512        79928      2048.00
    5996.543     0.999561        79928      2275.56
    6004.735     0.999609        79932      2560.00
    6012.927     0.999658        79935      2925.71
    6025.215     0.999707        79939      3413.33
    6033.407     0.999756        79944      4096.00
    6037.503     0.999780        79947      4551.11
    6037.503     0.999805        79947      5120.00
    6045.695     0.999829        79949      5851.43
    6053.887     0.999854        79952      6826.67
    6057.983     0.999878        79953      8192.00
    6062.079     0.999890        79956      9102.22
    6062.079     0.999902        79956     10240.00
    6062.079     0.999915        79956     11702.86
    6066.175     0.999927        79957     13653.33
    6070.271     0.999939        79958     16384.00
    6070.271     0.999945        79958     18204.44
    6082.559     0.999951        79959     20480.00
    6082.559     0.999957        79959     23405.71
    6094.847     0.999963        79960     27306.67
    6094.847     0.999969        79960     32768.00
    6094.847     0.999973        79960     36408.89
    6098.943     0.999976        79961     40960.00
    6098.943     0.999979        79961     46811.43
    6098.943     0.999982        79961     54613.33
    6098.943     0.999985        79961     65536.00
    6098.943     0.999986        79961     72817.78
    6103.039     0.999988        79962     81920.00
    6103.039     1.000000        79962          inf
#[Mean    =     4439.166, StdDeviation   =      917.465]
#[Max     =     6098.944, Total count    =        79962]
#[Buckets =           27, SubBuckets     =         2048]
-----------------------------------------------------------------------
  114312 requests in 29.83s, 17.72MB read
Requests/sec:   3832.12  
Transfer/sec:    608.45KB

=== rps=5000 c=1250 t=125 url=http://10.10.1.1:23694 ===
setup: assigned thread_id=1
init: final thread_id=1, base_seed=nil
setup: assigned thread_id=2
init: final thread_id=2, base_seed=nil
setup: assigned thread_id=3
init: final thread_id=3, base_seed=nil
setup: assigned thread_id=4
init: final thread_id=4, base_seed=nil
setup: assigned thread_id=5
init: final thread_id=5, base_seed=nil
setup: assigned thread_id=6
init: final thread_id=6, base_seed=nil
setup: assigned thread_id=7
init: final thread_id=7, base_seed=nil
setup: assigned thread_id=8
init: final thread_id=8, base_seed=nil
setup: assigned thread_id=9
init: final thread_id=9, base_seed=nil
setup: assigned thread_id=10
init: final thread_id=10, base_seed=nil
setup: assigned thread_id=11
init: final thread_id=11, base_seed=nil
setup: assigned thread_id=12
init: final thread_id=12, base_seed=nil
setup: assigned thread_id=13
init: final thread_id=13, base_seed=nil
setup: assigned thread_id=14
init: final thread_id=14, base_seed=nil
setup: assigned thread_id=15
init: final thread_id=15, base_seed=nil
setup: assigned thread_id=16
init: final thread_id=16, base_seed=nil
setup: assigned thread_id=17
init: final thread_id=17, base_seed=nil
setup: assigned thread_id=18
init: final thread_id=18, base_seed=nil
setup: assigned thread_id=19
init: final thread_id=19, base_seed=nil
setup: assigned thread_id=20
init: final thread_id=20, base_seed=nil
setup: assigned thread_id=21
init: final thread_id=21, base_seed=nil
setup: assigned thread_id=22
init: final thread_id=22, base_seed=nil
setup: assigned thread_id=23
init: final thread_id=23, base_seed=nil
setup: assigned thread_id=24
init: final thread_id=24, base_seed=nil
setup: assigned thread_id=25
init: final thread_id=25, base_seed=nil
setup: assigned thread_id=26
init: final thread_id=26, base_seed=nil
setup: assigned thread_id=27
init: final thread_id=27, base_seed=nil
setup: assigned thread_id=28
init: final thread_id=28, base_seed=nil
setup: assigned thread_id=29
init: final thread_id=29, base_seed=nil
setup: assigned thread_id=30
init: final thread_id=30, base_seed=nil
setup: assigned thread_id=31
init: final thread_id=31, base_seed=nil
setup: assigned thread_id=32
init: final thread_id=32, base_seed=nil
setup: assigned thread_id=33
init: final thread_id=33, base_seed=nil
setup: assigned thread_id=34
init: final thread_id=34, base_seed=nil
setup: assigned thread_id=35
init: final thread_id=35, base_seed=nil
setup: assigned thread_id=36
init: final thread_id=36, base_seed=nil
setup: assigned thread_id=37
init: final thread_id=37, base_seed=nil
setup: assigned thread_id=38
init: final thread_id=38, base_seed=nil
setup: assigned thread_id=39
init: final thread_id=39, base_seed=nil
setup: assigned thread_id=40
init: final thread_id=40, base_seed=nil
setup: assigned thread_id=41
init: final thread_id=41, base_seed=nil
setup: assigned thread_id=42
init: final thread_id=42, base_seed=nil
setup: assigned thread_id=43
init: final thread_id=43, base_seed=nil
setup: assigned thread_id=44
init: final thread_id=44, base_seed=nil
setup: assigned thread_id=45
init: final thread_id=45, base_seed=nil
setup: assigned thread_id=46
init: final thread_id=46, base_seed=nil
setup: assigned thread_id=47
init: final thread_id=47, base_seed=nil
setup: assigned thread_id=48
init: final thread_id=48, base_seed=nil
setup: assigned thread_id=49
init: final thread_id=49, base_seed=nil
setup: assigned thread_id=50
init: final thread_id=50, base_seed=nil
setup: assigned thread_id=51
init: final thread_id=51, base_seed=nil
setup: assigned thread_id=52
init: final thread_id=52, base_seed=nil
setup: assigned thread_id=53
init: final thread_id=53, base_seed=nil
setup: assigned thread_id=54
init: final thread_id=54, base_seed=nil
setup: assigned thread_id=55
init: final thread_id=55, base_seed=nil
setup: assigned thread_id=56
init: final thread_id=56, base_seed=nil
setup: assigned thread_id=57
init: final thread_id=57, base_seed=nil
setup: assigned thread_id=58
init: final thread_id=58, base_seed=nil
setup: assigned thread_id=59
init: final thread_id=59, base_seed=nil
setup: assigned thread_id=60
init: final thread_id=60, base_seed=nil
setup: assigned thread_id=61
init: final thread_id=61, base_seed=nil
setup: assigned thread_id=62
init: final thread_id=62, base_seed=nil
setup: assigned thread_id=63
init: final thread_id=63, base_seed=nil
setup: assigned thread_id=64
init: final thread_id=64, base_seed=nil
setup: assigned thread_id=65
init: final thread_id=65, base_seed=nil
setup: assigned thread_id=66
init: final thread_id=66, base_seed=nil
setup: assigned thread_id=67
init: final thread_id=67, base_seed=nil
setup: assigned thread_id=68
init: final thread_id=68, base_seed=nil
setup: assigned thread_id=69
init: final thread_id=69, base_seed=nil
setup: assigned thread_id=70
init: final thread_id=70, base_seed=nil
setup: assigned thread_id=71
init: final thread_id=71, base_seed=nil
setup: assigned thread_id=72
init: final thread_id=72, base_seed=nil
setup: assigned thread_id=73
init: final thread_id=73, base_seed=nil
setup: assigned thread_id=74
init: final thread_id=74, base_seed=nil
setup: assigned thread_id=75
init: final thread_id=75, base_seed=nil
setup: assigned thread_id=76
init: final thread_id=76, base_seed=nil
setup: assigned thread_id=77
init: final thread_id=77, base_seed=nil
setup: assigned thread_id=78
init: final thread_id=78, base_seed=nil
setup: assigned thread_id=79
init: final thread_id=79, base_seed=nil
setup: assigned thread_id=80
init: final thread_id=80, base_seed=nil
setup: assigned thread_id=81
init: final thread_id=81, base_seed=nil
setup: assigned thread_id=82
init: final thread_id=82, base_seed=nil
setup: assigned thread_id=83
init: final thread_id=83, base_seed=nil
setup: assigned thread_id=84
init: final thread_id=84, base_seed=nil
setup: assigned thread_id=85
init: final thread_id=85, base_seed=nil
setup: assigned thread_id=86
init: final thread_id=86, base_seed=nil
setup: assigned thread_id=87
init: final thread_id=87, base_seed=nil
setup: assigned thread_id=88
init: final thread_id=88, base_seed=nil
setup: assigned thread_id=89
init: final thread_id=89, base_seed=nil
setup: assigned thread_id=90
init: final thread_id=90, base_seed=nil
setup: assigned thread_id=91
init: final thread_id=91, base_seed=nil
setup: assigned thread_id=92
init: final thread_id=92, base_seed=nil
setup: assigned thread_id=93
init: final thread_id=93, base_seed=nil
setup: assigned thread_id=94
init: final thread_id=94, base_seed=nil
setup: assigned thread_id=95
init: final thread_id=95, base_seed=nil
setup: assigned thread_id=96
init: final thread_id=96, base_seed=nil
setup: assigned thread_id=97
init: final thread_id=97, base_seed=nil
setup: assigned thread_id=98
init: final thread_id=98, base_seed=nil
setup: assigned thread_id=99
init: final thread_id=99, base_seed=nil
setup: assigned thread_id=100
init: final thread_id=100, base_seed=nil
setup: assigned thread_id=101
init: final thread_id=101, base_seed=nil
setup: assigned thread_id=102
init: final thread_id=102, base_seed=nil
setup: assigned thread_id=103
init: final thread_id=103, base_seed=nil
setup: assigned thread_id=104
init: final thread_id=104, base_seed=nil
setup: assigned thread_id=105
init: final thread_id=105, base_seed=nil
setup: assigned thread_id=106
init: final thread_id=106, base_seed=nil
setup: assigned thread_id=107
init: final thread_id=107, base_seed=nil
setup: assigned thread_id=108
init: final thread_id=108, base_seed=nil
setup: assigned thread_id=109
init: final thread_id=109, base_seed=nil
setup: assigned thread_id=110
init: final thread_id=110, base_seed=nil
setup: assigned thread_id=111
init: final thread_id=111, base_seed=nil
setup: assigned thread_id=112
init: final thread_id=112, base_seed=nil
setup: assigned thread_id=113
init: final thread_id=113, base_seed=nil
setup: assigned thread_id=114
init: final thread_id=114, base_seed=nil
setup: assigned thread_id=115
init: final thread_id=115, base_seed=nil
setup: assigned thread_id=116
init: final thread_id=116, base_seed=nil
setup: assigned thread_id=117
init: final thread_id=117, base_seed=nil
setup: assigned thread_id=118
init: final thread_id=118, base_seed=nil
setup: assigned thread_id=119
init: final thread_id=119, base_seed=nil
setup: assigned thread_id=120
init: final thread_id=120, base_seed=nil
setup: assigned thread_id=121
init: final thread_id=121, base_seed=nil
setup: assigned thread_id=122
init: final thread_id=122, base_seed=nil
setup: assigned thread_id=123
init: final thread_id=123, base_seed=nil
setup: assigned thread_id=124
init: final thread_id=124, base_seed=nil
setup: assigned thread_id=125
init: final thread_id=125, base_seed=nil
script_want_response
Running 30s test @ http://10.10.1.1:23694
  125 threads and 1250 connections

  Thread calibration: mean lat.: 1758.695ms, rate sampling interval: 6381ms
  Thread calibration: mean lat.: 1762.061ms, rate sampling interval: 6377ms
  Thread calibration: mean lat.: 1769.045ms, rate sampling interval: 6377ms
  Thread calibration: mean lat.: 1768.586ms, rate sampling interval: 6381ms
  Thread calibration: mean lat.: 1794.845ms, rate sampling interval: 6508ms
  Thread calibration: mean lat.: 1795.198ms, rate sampling interval: 6594ms
  Thread calibration: mean lat.: 1781.181ms, rate sampling interval: 6500ms
  Thread calibration: mean lat.: 1770.412ms, rate sampling interval: 6488ms
  Thread calibration: mean lat.: 1784.273ms, rate sampling interval: 6483ms
  Thread calibration: mean lat.: 1781.422ms, rate sampling interval: 6483ms
  Thread calibration: mean lat.: 1814.200ms, rate sampling interval: 6504ms
  Thread calibration: mean lat.: 1802.803ms, rate sampling interval: 6496ms
  Thread calibration: mean lat.: 1813.423ms, rate sampling interval: 6586ms
  Thread calibration: mean lat.: 1806.627ms, rate sampling interval: 6426ms
  Thread calibration: mean lat.: 1811.232ms, rate sampling interval: 6414ms
  Thread calibration: mean lat.: 1818.149ms, rate sampling interval: 6422ms
  Thread calibration: mean lat.: 1806.849ms, rate sampling interval: 6402ms
  Thread calibration: mean lat.: 1835.339ms, rate sampling interval: 6406ms
  Thread calibration: mean lat.: 1836.732ms, rate sampling interval: 6426ms
  Thread calibration: mean lat.: 1794.192ms, rate sampling interval: 6389ms
  Thread calibration: mean lat.: 1794.493ms, rate sampling interval: 6393ms
  Thread calibration: mean lat.: 1829.213ms, rate sampling interval: 6586ms
  Thread calibration: mean lat.: 1803.193ms, rate sampling interval: 6397ms
  Thread calibration: mean lat.: 1822.091ms, rate sampling interval: 6574ms
  Thread calibration: mean lat.: 1787.883ms, rate sampling interval: 6348ms
  Thread calibration: mean lat.: 1787.671ms, rate sampling interval: 6348ms
  Thread calibration: mean lat.: 1805.215ms, rate sampling interval: 6533ms
  Thread calibration: mean lat.: 1834.472ms, rate sampling interval: 6586ms
  Thread calibration: mean lat.: 1817.814ms, rate sampling interval: 6565ms
  Thread calibration: mean lat.: 1826.034ms, rate sampling interval: 6094ms
  Thread calibration: mean lat.: 1795.048ms, rate sampling interval: 6340ms
  Thread calibration: mean lat.: 1829.366ms, rate sampling interval: 6557ms
  Thread calibration: mean lat.: 1823.826ms, rate sampling interval: 6537ms
  Thread calibration: mean lat.: 1815.512ms, rate sampling interval: 6529ms
  Thread calibration: mean lat.: 1815.013ms, rate sampling interval: 6561ms
  Thread calibration: mean lat.: 1821.085ms, rate sampling interval: 6557ms
  Thread calibration: mean lat.: 1818.868ms, rate sampling interval: 6529ms
  Thread calibration: mean lat.: 1843.859ms, rate sampling interval: 6569ms
  Thread calibration: mean lat.: 1831.424ms, rate sampling interval: 6561ms
  Thread calibration: mean lat.: 1840.109ms, rate sampling interval: 6557ms
  Thread calibration: mean lat.: 1828.975ms, rate sampling interval: 6553ms
  Thread calibration: mean lat.: 1868.355ms, rate sampling interval: 6574ms
  Thread calibration: mean lat.: 1827.864ms, rate sampling interval: 6541ms
  Thread calibration: mean lat.: 1839.067ms, rate sampling interval: 6545ms
  Thread calibration: mean lat.: 1810.030ms, rate sampling interval: 6500ms
  Thread calibration: mean lat.: 1819.328ms, rate sampling interval: 6541ms
  Thread calibration: mean lat.: 1822.085ms, rate sampling interval: 6467ms
  Thread calibration: mean lat.: 1817.645ms, rate sampling interval: 6475ms
  Thread calibration: mean lat.: 1811.862ms, rate sampling interval: 6463ms
  Thread calibration: mean lat.: 1807.612ms, rate sampling interval: 6459ms
  Thread calibration: mean lat.: 1822.537ms, rate sampling interval: 6463ms
  Thread calibration: mean lat.: 1815.518ms, rate sampling interval: 6467ms
  Thread calibration: mean lat.: 1836.025ms, rate sampling interval: 6455ms
  Thread calibration: mean lat.: 1829.824ms, rate sampling interval: 6471ms
  Thread calibration: mean lat.: 1835.585ms, rate sampling interval: 6471ms
  Thread calibration: mean lat.: 1823.261ms, rate sampling interval: 6447ms
  Thread calibration: mean lat.: 1827.513ms, rate sampling interval: 6443ms
  Thread calibration: mean lat.: 1831.211ms, rate sampling interval: 6451ms
  Thread calibration: mean lat.: 1832.235ms, rate sampling interval: 6455ms
  Thread calibration: mean lat.: 1847.449ms, rate sampling interval: 6598ms
  Thread calibration: mean lat.: 1841.002ms, rate sampling interval: 6451ms
  Thread calibration: mean lat.: 1844.738ms, rate sampling interval: 6447ms
  Thread calibration: mean lat.: 1860.142ms, rate sampling interval: 6606ms
  Thread calibration: mean lat.: 1831.966ms, rate sampling interval: 6443ms
  Thread calibration: mean lat.: 1831.800ms, rate sampling interval: 6438ms
  Thread calibration: mean lat.: 1870.835ms, rate sampling interval: 6651ms
  Thread calibration: mean lat.: 1842.800ms, rate sampling interval: 6434ms
  Thread calibration: mean lat.: 1872.860ms, rate sampling interval: 6631ms
  Thread calibration: mean lat.: 1858.442ms, rate sampling interval: 6627ms
  Thread calibration: mean lat.: 1878.699ms, rate sampling interval: 6590ms
  Thread calibration: mean lat.: 1863.212ms, rate sampling interval: 6569ms
  Thread calibration: mean lat.: 1868.387ms, rate sampling interval: 6594ms
  Thread calibration: mean lat.: 1878.617ms, rate sampling interval: 6635ms
  Thread calibration: mean lat.: 1871.408ms, rate sampling interval: 6631ms
  Thread calibration: mean lat.: 1836.427ms, rate sampling interval: 6549ms
  Thread calibration: mean lat.: 1885.310ms, rate sampling interval: 6623ms
  Thread calibration: mean lat.: 1884.544ms, rate sampling interval: 6615ms
  Thread calibration: mean lat.: 1886.549ms, rate sampling interval: 6619ms
  Thread calibration: mean lat.: 1883.279ms, rate sampling interval: 6627ms
  Thread calibration: mean lat.: 1872.130ms, rate sampling interval: 6602ms
  Thread calibration: mean lat.: 1863.869ms, rate sampling interval: 6602ms
  Thread calibration: mean lat.: 1893.047ms, rate sampling interval: 6623ms
  Thread calibration: mean lat.: 1906.052ms, rate sampling interval: 6647ms
  Thread calibration: mean lat.: 1866.469ms, rate sampling interval: 6602ms
  Thread calibration: mean lat.: 1887.925ms, rate sampling interval: 6606ms
  Thread calibration: mean lat.: 1922.412ms, rate sampling interval: 6615ms
  Thread calibration: mean lat.: 1901.491ms, rate sampling interval: 6606ms
  Thread calibration: mean lat.: 1895.502ms, rate sampling interval: 6623ms
  Thread calibration: mean lat.: 1918.029ms, rate sampling interval: 6627ms
  Thread calibration: mean lat.: 1928.635ms, rate sampling interval: 6770ms
  Thread calibration: mean lat.: 1929.814ms, rate sampling interval: 6610ms
  Thread calibration: mean lat.: 1756.770ms, rate sampling interval: 6049ms
  Thread calibration: mean lat.: 1913.615ms, rate sampling interval: 6615ms
  Thread calibration: mean lat.: 1936.024ms, rate sampling interval: 6770ms
  Thread calibration: mean lat.: 1911.389ms, rate sampling interval: 6676ms
  Thread calibration: mean lat.: 1928.327ms, rate sampling interval: 6709ms
  Thread calibration: mean lat.: 1924.710ms, rate sampling interval: 6725ms
  Thread calibration: mean lat.: 1909.345ms, rate sampling interval: 6586ms
  Thread calibration: mean lat.: 1896.433ms, rate sampling interval: 6660ms
  Thread calibration: mean lat.: 1915.599ms, rate sampling interval: 6688ms
  Thread calibration: mean lat.: 1888.441ms, rate sampling interval: 6520ms
  Thread calibration: mean lat.: 1905.689ms, rate sampling interval: 6676ms
  Thread calibration: mean lat.: 1919.102ms, rate sampling interval: 6688ms
  Thread calibration: mean lat.: 1914.562ms, rate sampling interval: 6688ms
  Thread calibration: mean lat.: 1922.542ms, rate sampling interval: 6701ms
  Thread calibration: mean lat.: 1925.051ms, rate sampling interval: 6721ms
  Thread calibration: mean lat.: 1909.036ms, rate sampling interval: 6676ms
  Thread calibration: mean lat.: 1931.207ms, rate sampling interval: 6692ms
  Thread calibration: mean lat.: 1929.375ms, rate sampling interval: 6688ms
  Thread calibration: mean lat.: 1936.090ms, rate sampling interval: 6705ms
  Thread calibration: mean lat.: 1919.235ms, rate sampling interval: 6680ms
  Thread calibration: mean lat.: 1936.738ms, rate sampling interval: 6725ms
  Thread calibration: mean lat.: 1916.344ms, rate sampling interval: 6672ms
  Thread calibration: mean lat.: 1922.975ms, rate sampling interval: 6676ms
  Thread calibration: mean lat.: 1951.601ms, rate sampling interval: 6717ms
  Thread calibration: mean lat.: 1930.944ms, rate sampling interval: 6684ms
  Thread calibration: mean lat.: 1946.331ms, rate sampling interval: 6680ms
  Thread calibration: mean lat.: 1946.134ms, rate sampling interval: 6729ms
  Thread calibration: mean lat.: 1945.223ms, rate sampling interval: 6725ms
  Thread calibration: mean lat.: 1946.062ms, rate sampling interval: 6705ms
  Thread calibration: mean lat.: 1923.467ms, rate sampling interval: 6651ms
  Thread calibration: mean lat.: 1935.693ms, rate sampling interval: 6676ms
  Thread calibration: mean lat.: 1955.393ms, rate sampling interval: 6668ms
  Thread calibration: mean lat.: 1960.948ms, rate sampling interval: 6713ms
  Thread calibration: mean lat.: 1959.834ms, rate sampling interval: 6713ms

-----------------------------------------------------------------------
Test Results @ http://10.10.1.1:23694 
  Thread Stats   Avg      Stdev     99%   +/- Stdev
    Latency     6.66s     1.65s    9.27s    57.34%
    Req/Sec    27.84      0.87    30.00     96.57%
  Latency Distribution (HdrHistogram - Recorded Latency)
 50.000%    6.80s 
 75.000%    8.09s 
 90.000%    8.84s 
 99.000%    9.27s 
 99.900%    9.42s 
 99.990%    9.54s 
 99.999%    9.64s 
100.000%    9.65s 

  Detailed Percentile spectrum:
       Value   Percentile   TotalCount 1/(1-Percentile)

    3330.047     0.000000            1         1.00
    4284.415     0.100000         7067         1.11
    4907.007     0.200000        14115         1.25
    5537.791     0.300000        21173         1.43
    6221.823     0.400000        28235         1.67
    6795.263     0.500000        35282         2.00
    7049.215     0.550000        38819         2.22
    7299.071     0.600000        42347         2.50
    7585.791     0.650000        45839         2.86
    7852.031     0.700000        49403         3.33
    8089.599     0.750000        52908         4.00
    8224.767     0.775000        54681         4.44
    8372.223     0.800000        56445         5.00
    8503.295     0.825000        58190         5.71
    8634.367     0.850000        60059         6.67
    8740.863     0.875000        61798         8.00
    8790.015     0.887500        62652         8.89
    8839.167     0.900000        63478        10.00
    8888.319     0.912500        64365        11.43
    8945.663     0.925000        65390        13.33
    8994.815     0.937500        66264        16.00
    9019.391     0.943750        66583        17.78
    9043.967     0.950000        67025        20.00
    9076.735     0.956250        67538        22.86
    9101.311     0.962500        67939        26.67
    9134.079     0.968750        68393        32.00
    9142.271     0.971875        68539        35.56
    9166.847     0.975000        68824        40.00
    9183.231     0.978125        69012        45.71
    9199.615     0.981250        69212        53.33
    9224.191     0.984375        69411        64.00
    9240.575     0.985938        69644        71.11
    9240.575     0.987500        69644        80.00
    9256.959     0.989062        69769        91.43
    9281.535     0.990625        69894       106.67
    9297.919     0.992188        70003       128.00
    9306.111     0.992969        70066       142.22
    9314.303     0.993750        70110       160.00
    9322.495     0.994531        70146       182.86
    9330.687     0.995313        70193       213.33
    9338.879     0.996094        70236       256.00
    9347.071     0.996484        70280       284.44
    9355.263     0.996875        70297       320.00
    9371.647     0.997266        70323       365.71
    9388.031     0.997656        70369       426.67
    9396.223     0.998047        70395       512.00
    9396.223     0.998242        70395       568.89
    9404.415     0.998437        70422       640.00
    9404.415     0.998633        70422       731.43
    9412.607     0.998828        70435       853.33
    9420.799     0.999023        70446      1024.00
    9428.991     0.999121        70461      1137.78
    9428.991     0.999219        70461      1280.00
    9437.183     0.999316        70466      1462.86
    9445.375     0.999414        70473      1706.67
    9453.567     0.999512        70477      2048.00
    9469.951     0.999561        70483      2275.56
    9469.951     0.999609        70483      2560.00
    9478.143     0.999658        70491      2925.71
    9478.143     0.999707        70491      3413.33
    9486.335     0.999756        70493      4096.00
    9494.527     0.999780        70496      4551.11
    9502.719     0.999805        70500      5120.00
    9502.719     0.999829        70500      5851.43
    9502.719     0.999854        70500      6826.67
    9543.679     0.999878        70503      8192.00
    9543.679     0.999890        70503      9102.22
    9568.255     0.999902        70505     10240.00
    9568.255     0.999915        70505     11702.86
    9568.255     0.999927        70505     13653.33
    9584.639     0.999939        70506     16384.00
    9592.831     0.999945        70508     18204.44
    9592.831     0.999951        70508     20480.00
    9592.831     0.999957        70508     23405.71
    9592.831     0.999963        70508     27306.67
    9592.831     0.999969        70508     32768.00
    9641.983     0.999973        70509     36408.89
    9641.983     0.999976        70509     40960.00
    9641.983     0.999979        70509     46811.43
    9641.983     0.999982        70509     54613.33
    9641.983     0.999985        70509     65536.00
    9650.175     0.999986        70510     72817.78
    9650.175     1.000000        70510          inf
#[Mean    =     6658.328, StdDeviation   =     1648.194]
#[Max     =     9641.984, Total count    =        70510]
#[Buckets =           27, SubBuckets     =         2048]
-----------------------------------------------------------------------
  101808 requests in 29.80s, 15.79MB read
Requests/sec:   3416.38  
Transfer/sec:    542.48KB
