setup: assigned thread_id=1
init: final thread_id=1, base_seed=nil
script_want_response
Running 2m test @ http://10.10.1.1:14229
  1 threads and 10 connections

  Thread calibration: mean lat.: 61.195ms, rate sampling interval: 106ms

-----------------------------------------------------------------------
Test Results @ http://10.10.1.1:14229 
  Thread Stats   Avg      Stdev     99%   +/- Stdev
    Latency     7.51ms    0.93ms   9.71ms   74.41%
    Req/Sec   100.19     16.86   171.00     89.86%
  Latency Distribution (HdrHistogram - Recorded Latency)
 50.000%    7.37ms
 75.000%    8.02ms
 90.000%    8.74ms
 99.000%    9.71ms
 99.900%   11.24ms
 99.990%   24.13ms
 99.999%   25.31ms
100.000%   25.31ms

  Detailed Percentile spectrum:
       Value   Percentile   TotalCount 1/(1-Percentile)

       4.611     0.000000            1         1.00
       6.571     0.100000          908         1.11
       6.831     0.200000         1811         1.25
       7.015     0.300000         2709         1.43
       7.187     0.400000         3605         1.67
       7.367     0.500000         4510         2.00
       7.463     0.550000         4951         2.22
       7.587     0.600000         5410         2.50
       7.711     0.650000         5852         2.86
       7.847     0.700000         6315         3.33
       8.015     0.750000         6751         4.00
       8.111     0.775000         6975         4.44
       8.215     0.800000         7202         5.00
       8.335     0.825000         7434         5.71
       8.471     0.850000         7657         6.67
       8.599     0.875000         7883         8.00
       8.679     0.887500         7997         8.89
       8.743     0.900000         8105        10.00
       8.831     0.912500         8218        11.43
       8.911     0.925000         8329        13.33
       8.999     0.937500         8440        16.00
       9.055     0.943750         8498        17.78
       9.095     0.950000         8553        20.00
       9.167     0.956250         8609        22.86
       9.247     0.962500         8668        26.67
       9.303     0.968750         8719        32.00
       9.343     0.971875         8748        35.56
       9.383     0.975000         8781        40.00
       9.439     0.978125         8805        45.71
       9.495     0.981250         8835        53.33
       9.551     0.984375         8861        64.00
       9.591     0.985938         8875        71.11
       9.631     0.987500         8890        80.00
       9.687     0.989062         8905        91.43
       9.719     0.990625         8916       106.67
       9.783     0.992188         8932       128.00
       9.807     0.992969         8937       142.22
       9.863     0.993750         8945       160.00
       9.967     0.994531         8952       182.86
      10.071     0.995313         8958       213.33
      10.159     0.996094         8965       256.00
      10.207     0.996484         8970       284.44
      10.239     0.996875         8972       320.00
      10.359     0.997266         8976       365.71
      10.487     0.997656         8979       426.67
      10.679     0.998047         8983       512.00
      10.695     0.998242         8985       568.89
      10.831     0.998437         8986       640.00
      10.919     0.998633         8988       731.43
      11.119     0.998828         8990       853.33
      11.287     0.999023         8992      1024.00
      11.463     0.999121         8993      1137.78
      11.463     0.999219         8993      1280.00
      12.311     0.999316         8994      1462.86
      12.335     0.999414         8995      1706.67
      17.775     0.999512         8996      2048.00
      18.095     0.999561         8997      2275.56
      18.095     0.999609         8997      2560.00
      18.095     0.999658         8997      2925.71
      23.711     0.999707         8998      3413.33
      23.711     0.999756         8998      4096.00
      24.127     0.999780         8999      4551.11
      24.127     0.999805         8999      5120.00
      24.127     0.999829         8999      5851.43
      24.127     0.999854         8999      6826.67
      24.127     0.999878         8999      8192.00
      25.311     0.999890         9000      9102.22
      25.311     1.000000         9000          inf
#[Mean    =        7.511, StdDeviation   =        0.932]
#[Max     =       25.296, Total count    =         9000]
#[Buckets =           27, SubBuckets     =         2048]
-----------------------------------------------------------------------
  9991 requests in 1.67m, 1.55MB read
Requests/sec:     99.90  
Transfer/sec:     15.86KB

=== rps=2000 c=200 t=20 url=http://10.10.1.1:14229 ===
setup: assigned thread_id=1
init: final thread_id=1, base_seed=nil
setup: assigned thread_id=2
init: final thread_id=2, base_seed=nil
setup: assigned thread_id=3
init: final thread_id=3, base_seed=nil
setup: assigned thread_id=4
init: final thread_id=4, base_seed=nil
setup: assigned thread_id=5
init: final thread_id=5, base_seed=nil
setup: assigned thread_id=6
init: final thread_id=6, base_seed=nil
setup: assigned thread_id=7
init: final thread_id=7, base_seed=nil
setup: assigned thread_id=8
init: final thread_id=8, base_seed=nil
setup: assigned thread_id=9
init: final thread_id=9, base_seed=nil
setup: assigned thread_id=10
init: final thread_id=10, base_seed=nil
setup: assigned thread_id=11
init: final thread_id=11, base_seed=nil
setup: assigned thread_id=12
init: final thread_id=12, base_seed=nil
setup: assigned thread_id=13
init: final thread_id=13, base_seed=nil
setup: assigned thread_id=14
init: final thread_id=14, base_seed=nil
setup: assigned thread_id=15
init: final thread_id=15, base_seed=nil
setup: assigned thread_id=16
init: final thread_id=16, base_seed=nil
setup: assigned thread_id=17
init: final thread_id=17, base_seed=nil
setup: assigned thread_id=18
init: final thread_id=18, base_seed=nil
setup: assigned thread_id=19
init: final thread_id=19, base_seed=nil
setup: assigned thread_id=20
init: final thread_id=20, base_seed=nil
script_want_response
Running 1m test @ http://10.10.1.1:14229
  20 threads and 200 connections

  Thread calibration: mean lat.: 8.398ms, rate sampling interval: 21ms
  Thread calibration: mean lat.: 8.619ms, rate sampling interval: 22ms
  Thread calibration: mean lat.: 8.958ms, rate sampling interval: 24ms
  Thread calibration: mean lat.: 9.330ms, rate sampling interval: 26ms
  Thread calibration: mean lat.: 9.743ms, rate sampling interval: 27ms
  Thread calibration: mean lat.: 9.857ms, rate sampling interval: 27ms
  Thread calibration: mean lat.: 10.848ms, rate sampling interval: 28ms
  Thread calibration: mean lat.: 10.320ms, rate sampling interval: 27ms
  Thread calibration: mean lat.: 11.084ms, rate sampling interval: 28ms
  Thread calibration: mean lat.: 11.444ms, rate sampling interval: 28ms
  Thread calibration: mean lat.: 11.514ms, rate sampling interval: 27ms
  Thread calibration: mean lat.: 10.107ms, rate sampling interval: 26ms
  Thread calibration: mean lat.: 10.022ms, rate sampling interval: 25ms
  Thread calibration: mean lat.: 11.092ms, rate sampling interval: 31ms
  Thread calibration: mean lat.: 11.254ms, rate sampling interval: 31ms
  Thread calibration: mean lat.: 11.324ms, rate sampling interval: 31ms
  Thread calibration: mean lat.: 11.426ms, rate sampling interval: 32ms
  Thread calibration: mean lat.: 11.744ms, rate sampling interval: 31ms
  Thread calibration: mean lat.: 11.609ms, rate sampling interval: 32ms
  Thread calibration: mean lat.: 11.298ms, rate sampling interval: 30ms

-----------------------------------------------------------------------
Test Results @ http://10.10.1.1:14229 
  Thread Stats   Avg      Stdev     99%   +/- Stdev
    Latency    12.33ms    5.72ms  37.34ms   89.82%
    Req/Sec   101.69    125.36   428.00     80.15%
  Latency Distribution (HdrHistogram - Recorded Latency)
 50.000%   10.96ms
 75.000%   13.88ms
 90.000%   17.45ms
 99.000%   37.34ms
 99.900%   54.37ms
 99.990%   72.70ms
 99.999%   88.77ms
100.000%   89.60ms

  Detailed Percentile spectrum:
       Value   Percentile   TotalCount 1/(1-Percentile)

       5.575     0.000000            1         1.00
       7.635     0.100000        10034         1.11
       8.519     0.200000        20037         1.25
       9.303     0.300000        30050         1.43
      10.079     0.400000        40031         1.67
      10.959     0.500000        49994         2.00
      11.471     0.550000        54963         2.22
      12.023     0.600000        59982         2.50
      12.615     0.650000        64961         2.86
      13.223     0.700000        69981         3.33
      13.879     0.750000        74967         4.00
      14.255     0.775000        77492         4.44
      14.647     0.800000        79987         5.00
      15.111     0.825000        82464         5.71
      15.671     0.850000        84948         6.67
      16.399     0.875000        87473         8.00
      16.847     0.887500        88690         8.89
      17.455     0.900000        89947        10.00
      18.127     0.912500        91192        11.43
      19.055     0.925000        92444        13.33
      20.239     0.937500        93681        16.00
      21.119     0.943750        94306        17.78
      22.127     0.950000        94931        20.00
      23.279     0.956250        95554        22.86
      24.703     0.962500        96181        26.67
      26.575     0.968750        96806        32.00
      27.647     0.971875        97120        35.56
      28.863     0.975000        97426        40.00
      30.303     0.978125        97740        45.71
      31.599     0.981250        98052        53.33
      33.055     0.984375        98366        64.00
      33.919     0.985938        98522        71.11
      34.911     0.987500        98678        80.00
      36.191     0.989062        98835        91.43
      37.983     0.990625        98992       106.67
      39.967     0.992188        99145       128.00
      41.439     0.992969        99222       142.22
      42.239     0.993750        99300       160.00
      43.487     0.994531        99378       182.86
      44.511     0.995313        99456       213.33
      45.759     0.996094        99534       256.00
      46.463     0.996484        99575       284.44
      47.391     0.996875        99612       320.00
      48.351     0.997266        99652       365.71
      49.535     0.997656        99690       426.67
      50.847     0.998047        99730       512.00
      51.551     0.998242        99749       568.89
      52.223     0.998437        99768       640.00
      53.151     0.998633        99788       731.43
      53.855     0.998828        99809       853.33
      54.463     0.999023        99827      1024.00
      54.751     0.999121        99837      1137.78
      55.359     0.999219        99846      1280.00
      55.935     0.999316        99856      1462.86
      56.319     0.999414        99866      1706.67
      57.119     0.999512        99876      2048.00
      57.567     0.999561        99881      2275.56
      58.207     0.999609        99885      2560.00
      58.975     0.999658        99890      2925.71
      59.583     0.999707        99895      3413.33
      60.927     0.999756        99900      4096.00
      61.663     0.999780        99903      4551.11
      62.079     0.999805        99905      5120.00
      63.679     0.999829        99907      5851.43
      70.335     0.999854        99910      6826.67
      72.063     0.999878        99912      8192.00
      72.703     0.999890        99914      9102.22
      73.727     0.999902        99915     10240.00
      74.303     0.999915        99916     11702.86
      74.431     0.999927        99917     13653.33
      74.879     0.999939        99918     16384.00
      76.671     0.999945        99919     18204.44
      77.439     0.999951        99920     20480.00
      77.439     0.999957        99920     23405.71
      77.567     0.999963        99921     27306.67
      77.567     0.999969        99921     32768.00
      86.463     0.999973        99922     36408.89
      86.463     0.999976        99922     40960.00
      86.463     0.999979        99922     46811.43
      88.767     0.999982        99923     54613.33
      88.767     0.999985        99923     65536.00
      88.767     0.999986        99923     72817.78
      88.767     0.999988        99923     81920.00
      88.767     0.999989        99923     93622.86
      89.599     0.999991        99924    109226.67
      89.599     1.000000        99924          inf
#[Mean    =       12.332, StdDeviation   =        5.715]
#[Max     =       89.536, Total count    =        99924]
#[Buckets =           27, SubBuckets     =         2048]
-----------------------------------------------------------------------
  119751 requests in 1.00m, 18.57MB read
Requests/sec:   1996.98  
Transfer/sec:    317.09KB

=== rps=2200 c=242 t=25 url=http://10.10.1.1:14229 ===
setup: assigned thread_id=1
init: final thread_id=1, base_seed=nil
setup: assigned thread_id=2
init: final thread_id=2, base_seed=nil
setup: assigned thread_id=3
init: final thread_id=3, base_seed=nil
setup: assigned thread_id=4
init: final thread_id=4, base_seed=nil
setup: assigned thread_id=5
init: final thread_id=5, base_seed=nil
setup: assigned thread_id=6
init: final thread_id=6, base_seed=nil
setup: assigned thread_id=7
init: final thread_id=7, base_seed=nil
setup: assigned thread_id=8
init: final thread_id=8, base_seed=nil
setup: assigned thread_id=9
init: final thread_id=9, base_seed=nil
setup: assigned thread_id=10
init: final thread_id=10, base_seed=nil
setup: assigned thread_id=11
init: final thread_id=11, base_seed=nil
setup: assigned thread_id=12
init: final thread_id=12, base_seed=nil
setup: assigned thread_id=13
init: final thread_id=13, base_seed=nil
setup: assigned thread_id=14
init: final thread_id=14, base_seed=nil
setup: assigned thread_id=15
init: final thread_id=15, base_seed=nil
setup: assigned thread_id=16
init: final thread_id=16, base_seed=nil
setup: assigned thread_id=17
init: final thread_id=17, base_seed=nil
setup: assigned thread_id=18
init: final thread_id=18, base_seed=nil
setup: assigned thread_id=19
init: final thread_id=19, base_seed=nil
setup: assigned thread_id=20
init: final thread_id=20, base_seed=nil
setup: assigned thread_id=21
init: final thread_id=21, base_seed=nil
setup: assigned thread_id=22
init: final thread_id=22, base_seed=nil
setup: assigned thread_id=23
init: final thread_id=23, base_seed=nil
setup: assigned thread_id=24
init: final thread_id=24, base_seed=nil
setup: assigned thread_id=25
init: final thread_id=25, base_seed=nil
script_want_response
Running 1m test @ http://10.10.1.1:14229
  25 threads and 242 connections

  Thread calibration: mean lat.: 10.872ms, rate sampling interval: 34ms
  Thread calibration: mean lat.: 11.907ms, rate sampling interval: 40ms
  Thread calibration: mean lat.: 13.130ms, rate sampling interval: 43ms
  Thread calibration: mean lat.: 13.164ms, rate sampling interval: 42ms
  Thread calibration: mean lat.: 13.520ms, rate sampling interval: 44ms
  Thread calibration: mean lat.: 12.950ms, rate sampling interval: 39ms
  Thread calibration: mean lat.: 13.596ms, rate sampling interval: 42ms
  Thread calibration: mean lat.: 13.802ms, rate sampling interval: 41ms
  Thread calibration: mean lat.: 13.626ms, rate sampling interval: 40ms
  Thread calibration: mean lat.: 12.812ms, rate sampling interval: 34ms
  Thread calibration: mean lat.: 15.773ms, rate sampling interval: 50ms
  Thread calibration: mean lat.: 16.870ms, rate sampling interval: 54ms
  Thread calibration: mean lat.: 16.842ms, rate sampling interval: 54ms
  Thread calibration: mean lat.: 19.798ms, rate sampling interval: 66ms
  Thread calibration: mean lat.: 19.154ms, rate sampling interval: 68ms
  Thread calibration: mean lat.: 20.321ms, rate sampling interval: 68ms
  Thread calibration: mean lat.: 24.668ms, rate sampling interval: 72ms
  Thread calibration: mean lat.: 25.039ms, rate sampling interval: 71ms
  Thread calibration: mean lat.: 25.137ms, rate sampling interval: 71ms
  Thread calibration: mean lat.: 25.617ms, rate sampling interval: 72ms
  Thread calibration: mean lat.: 25.436ms, rate sampling interval: 70ms
  Thread calibration: mean lat.: 25.295ms, rate sampling interval: 70ms
  Thread calibration: mean lat.: 24.851ms, rate sampling interval: 69ms
  Thread calibration: mean lat.: 24.298ms, rate sampling interval: 67ms
  Thread calibration: mean lat.: 23.617ms, rate sampling interval: 66ms

-----------------------------------------------------------------------
Test Results @ http://10.10.1.1:14229 
  Thread Stats   Avg      Stdev     99%   +/- Stdev
    Latency    20.77ms   10.26ms  51.26ms   67.39%
    Req/Sec    88.57     64.02   264.00     68.89%
  Latency Distribution (HdrHistogram - Recorded Latency)
 50.000%   19.18ms
 75.000%   27.26ms
 90.000%   34.59ms
 99.000%   51.26ms
 99.900%   64.45ms
 99.990%   73.60ms
 99.999%   82.50ms
100.000%   89.09ms

  Detailed Percentile spectrum:
       Value   Percentile   TotalCount 1/(1-Percentile)

       6.339     0.000000            1         1.00
       9.167     0.100000        11012         1.11
      11.135     0.200000        22016         1.25
      13.207     0.300000        32985         1.43
      15.831     0.400000        43958         1.67
      19.183     0.500000        54944         2.00
      20.815     0.550000        60454         2.22
      22.351     0.600000        65935         2.50
      23.919     0.650000        71411         2.86
      25.535     0.700000        76917         3.33
      27.263     0.750000        82424         4.00
      28.223     0.775000        85162         4.44
      29.199     0.800000        87891         5.00
      30.287     0.825000        90648         5.71
      31.455     0.850000        93396         6.67
      32.863     0.875000        96168         8.00
      33.695     0.887500        97548         8.89
      34.591     0.900000        98918        10.00
      35.615     0.912500       100270        11.43
      36.703     0.925000       101637        13.33
      37.983     0.937500       103002        16.00
      38.783     0.943750       103683        17.78
      39.711     0.950000       104388        20.00
      40.735     0.956250       105071        22.86
      41.823     0.962500       105744        26.67
      43.103     0.968750       106435        32.00
      43.775     0.971875       106785        35.56
      44.511     0.975000       107125        40.00
      45.375     0.978125       107458        45.71
      46.367     0.981250       107801        53.33
      47.647     0.984375       108148        64.00
      48.543     0.985938       108318        71.11
      49.695     0.987500       108491        80.00
      50.687     0.989062       108661        91.43
      51.679     0.990625       108834       106.67
      52.863     0.992188       109005       128.00
      53.471     0.992969       109088       142.22
      54.143     0.993750       109176       160.00
      55.007     0.994531       109262       182.86
      55.647     0.995313       109350       213.33
      56.575     0.996094       109432       256.00
      56.927     0.996484       109476       284.44
      57.439     0.996875       109520       320.00
      57.983     0.997266       109561       365.71
      58.559     0.997656       109603       426.67
      59.263     0.998047       109646       512.00
      59.839     0.998242       109667       568.89
      60.575     0.998437       109689       640.00
      61.535     0.998633       109710       731.43
      63.007     0.998828       109733       853.33
      64.607     0.999023       109753      1024.00
      65.599     0.999121       109764      1137.78
      66.495     0.999219       109775      1280.00
      66.943     0.999316       109786      1462.86
      67.583     0.999414       109796      1706.67
      68.671     0.999512       109807      2048.00
      68.863     0.999561       109813      2275.56
      69.119     0.999609       109819      2560.00
      69.311     0.999658       109823      2925.71
      69.887     0.999707       109828      3413.33
      70.591     0.999756       109834      4096.00
      70.655     0.999780       109836      4551.11
      71.103     0.999805       109839      5120.00
      72.703     0.999829       109842      5851.43
      72.959     0.999854       109844      6826.67
      73.215     0.999878       109847      8192.00
      73.343     0.999890       109848      9102.22
      73.919     0.999902       109850     10240.00
      73.983     0.999915       109852     11702.86
      73.983     0.999927       109852     13653.33
      74.111     0.999939       109854     16384.00
      74.111     0.999945       109854     18204.44
      74.431     0.999951       109855     20480.00
      74.623     0.999957       109856     23405.71
      74.623     0.999963       109856     27306.67
      75.007     0.999969       109857     32768.00
      75.007     0.999973       109857     36408.89
      75.135     0.999976       109858     40960.00
      75.135     0.999979       109858     46811.43
      75.135     0.999982       109858     54613.33
      82.495     0.999985       109859     65536.00
      82.495     0.999986       109859     72817.78
      82.495     0.999988       109859     81920.00
      82.495     0.999989       109859     93622.86
      82.495     0.999991       109859    109226.67
      89.087     0.999992       109860    131072.00
      89.087     1.000000       109860          inf
#[Mean    =       20.768, StdDeviation   =       10.264]
#[Max     =       89.024, Total count    =       109860]
#[Buckets =           27, SubBuckets     =         2048]
-----------------------------------------------------------------------
  131707 requests in 1.00m, 20.42MB read
Requests/sec:   2197.04  
Transfer/sec:    348.89KB

=== rps=2400 c=288 t=29 url=http://10.10.1.1:14229 ===
setup: assigned thread_id=1
init: final thread_id=1, base_seed=nil
setup: assigned thread_id=2
init: final thread_id=2, base_seed=nil
setup: assigned thread_id=3
init: final thread_id=3, base_seed=nil
setup: assigned thread_id=4
init: final thread_id=4, base_seed=nil
setup: assigned thread_id=5
init: final thread_id=5, base_seed=nil
setup: assigned thread_id=6
init: final thread_id=6, base_seed=nil
setup: assigned thread_id=7
init: final thread_id=7, base_seed=nil
setup: assigned thread_id=8
init: final thread_id=8, base_seed=nil
setup: assigned thread_id=9
init: final thread_id=9, base_seed=nil
setup: assigned thread_id=10
init: final thread_id=10, base_seed=nil
setup: assigned thread_id=11
init: final thread_id=11, base_seed=nil
setup: assigned thread_id=12
init: final thread_id=12, base_seed=nil
setup: assigned thread_id=13
init: final thread_id=13, base_seed=nil
setup: assigned thread_id=14
init: final thread_id=14, base_seed=nil
setup: assigned thread_id=15
init: final thread_id=15, base_seed=nil
setup: assigned thread_id=16
init: final thread_id=16, base_seed=nil
setup: assigned thread_id=17
init: final thread_id=17, base_seed=nil
setup: assigned thread_id=18
init: final thread_id=18, base_seed=nil
setup: assigned thread_id=19
init: final thread_id=19, base_seed=nil
setup: assigned thread_id=20
init: final thread_id=20, base_seed=nil
setup: assigned thread_id=21
init: final thread_id=21, base_seed=nil
setup: assigned thread_id=22
init: final thread_id=22, base_seed=nil
setup: assigned thread_id=23
init: final thread_id=23, base_seed=nil
setup: assigned thread_id=24
init: final thread_id=24, base_seed=nil
setup: assigned thread_id=25
init: final thread_id=25, base_seed=nil
setup: assigned thread_id=26
init: final thread_id=26, base_seed=nil
setup: assigned thread_id=27
init: final thread_id=27, base_seed=nil
setup: assigned thread_id=28
init: final thread_id=28, base_seed=nil
setup: assigned thread_id=29
init: final thread_id=29, base_seed=nil
script_want_response
Running 1m test @ http://10.10.1.1:14229
  29 threads and 288 connections

  Thread calibration: mean lat.: 35.588ms, rate sampling interval: 100ms
  Thread calibration: mean lat.: 35.519ms, rate sampling interval: 101ms
  Thread calibration: mean lat.: 33.178ms, rate sampling interval: 96ms
  Thread calibration: mean lat.: 32.627ms, rate sampling interval: 95ms
  Thread calibration: mean lat.: 29.321ms, rate sampling interval: 92ms
  Thread calibration: mean lat.: 27.622ms, rate sampling interval: 87ms
  Thread calibration: mean lat.: 27.381ms, rate sampling interval: 86ms
  Thread calibration: mean lat.: 25.637ms, rate sampling interval: 82ms
  Thread calibration: mean lat.: 23.550ms, rate sampling interval: 77ms
  Thread calibration: mean lat.: 21.853ms, rate sampling interval: 73ms
  Thread calibration: mean lat.: 20.310ms, rate sampling interval: 69ms
  Thread calibration: mean lat.: 16.302ms, rate sampling interval: 51ms
  Thread calibration: mean lat.: 16.078ms, rate sampling interval: 50ms
  Thread calibration: mean lat.: 16.697ms, rate sampling interval: 52ms
  Thread calibration: mean lat.: 15.801ms, rate sampling interval: 51ms
  Thread calibration: mean lat.: 15.880ms, rate sampling interval: 50ms
  Thread calibration: mean lat.: 25.052ms, rate sampling interval: 88ms
  Thread calibration: mean lat.: 26.499ms, rate sampling interval: 94ms
  Thread calibration: mean lat.: 28.515ms, rate sampling interval: 98ms
  Thread calibration: mean lat.: 29.708ms, rate sampling interval: 99ms
  Thread calibration: mean lat.: 31.061ms, rate sampling interval: 101ms
  Thread calibration: mean lat.: 35.106ms, rate sampling interval: 100ms
  Thread calibration: mean lat.: 32.943ms, rate sampling interval: 102ms
  Thread calibration: mean lat.: 32.083ms, rate sampling interval: 103ms
  Thread calibration: mean lat.: 31.046ms, rate sampling interval: 102ms
  Thread calibration: mean lat.: 29.466ms, rate sampling interval: 98ms
  Thread calibration: mean lat.: 30.175ms, rate sampling interval: 99ms
  Thread calibration: mean lat.: 26.665ms, rate sampling interval: 95ms
  Thread calibration: mean lat.: 22.934ms, rate sampling interval: 84ms

-----------------------------------------------------------------------
Test Results @ http://10.10.1.1:14229 
  Thread Stats   Avg      Stdev     99%   +/- Stdev
    Latency    27.76ms   12.79ms  61.06ms   65.22%
    Req/Sec    82.16     36.56   163.00     69.38%
  Latency Distribution (HdrHistogram - Recorded Latency)
 50.000%   25.98ms
 75.000%   36.54ms
 90.000%   45.22ms
 99.000%   61.06ms
 99.900%   76.86ms
 99.990%  100.22ms
 99.999%  131.71ms
100.000%  132.10ms

  Detailed Percentile spectrum:
       Value   Percentile   TotalCount 1/(1-Percentile)

       6.891     0.000000            1         1.00
      12.199     0.100000        11911         1.11
      15.575     0.200000        23775         1.25
      19.023     0.300000        35675         1.43
      22.415     0.400000        47559         1.67
      25.983     0.500000        59452         2.00
      28.111     0.550000        65417         2.22
      30.287     0.600000        71343         2.50
      32.415     0.650000        77297         2.86
      34.431     0.700000        83268         3.33
      36.543     0.750000        89228         4.00
      37.631     0.775000        92121         4.44
      38.847     0.800000        95083         5.00
      40.127     0.825000        98065         5.71
      41.567     0.850000       101051         6.67
      43.199     0.875000       104019         8.00
      44.191     0.887500       105521         8.89
      45.215     0.900000       106990        10.00
      46.303     0.912500       108477        11.43
      47.519     0.925000       109967        13.33
      48.927     0.937500       111442        16.00
      49.695     0.943750       112169        17.78
      50.527     0.950000       112925        20.00
      51.455     0.956250       113665        22.86
      52.447     0.962500       114401        26.67
      53.663     0.968750       115138        32.00
      54.463     0.971875       115520        35.56
      55.199     0.975000       115891        40.00
      56.095     0.978125       116254        45.71
      57.087     0.981250       116624        53.33
      58.207     0.984375       116996        64.00
      58.815     0.985938       117186        71.11
      59.519     0.987500       117369        80.00
      60.447     0.989062       117555        91.43
      61.503     0.990625       117741       106.67
      62.655     0.992188       117928       128.00
      63.455     0.992969       118021       142.22
      64.319     0.993750       118111       160.00
      65.663     0.994531       118208       182.86
      66.943     0.995313       118300       213.33
      67.903     0.996094       118388       256.00
      68.671     0.996484       118439       284.44
      69.311     0.996875       118482       320.00
      70.399     0.997266       118531       365.71
      71.231     0.997656       118576       426.67
      72.511     0.998047       118625       512.00
      73.023     0.998242       118644       568.89
      73.791     0.998437       118668       640.00
      74.687     0.998633       118690       731.43
      75.647     0.998828       118713       853.33
      76.991     0.999023       118737      1024.00
      77.503     0.999121       118749      1137.78
      78.143     0.999219       118760      1280.00
      78.847     0.999316       118771      1462.86
      80.127     0.999414       118783      1706.67
      83.199     0.999512       118794      2048.00
      90.303     0.999561       118800      2275.56
      96.127     0.999609       118807      2560.00
      96.575     0.999658       118813      2925.71
      97.535     0.999707       118819      3413.33
      98.687     0.999756       118823      4096.00
      98.879     0.999780       118826      4551.11
      99.455     0.999805       118830      5120.00
      99.711     0.999829       118832      5851.43
      99.775     0.999854       118835      6826.67
      99.967     0.999878       118838      8192.00
     100.159     0.999890       118839      9102.22
     100.223     0.999902       118841     10240.00
     100.351     0.999915       118843     11702.86
     100.543     0.999927       118844     13653.33
     100.671     0.999939       118845     16384.00
     100.735     0.999945       118846     18204.44
     101.375     0.999951       118847     20480.00
     101.375     0.999957       118847     23405.71
     102.207     0.999963       118848     27306.67
     110.591     0.999969       118849     32768.00
     110.591     0.999973       118849     36408.89
     124.159     0.999976       118850     40960.00
     124.159     0.999979       118850     46811.43
     124.159     0.999982       118850     54613.33
     131.711     0.999985       118851     65536.00
     131.711     0.999986       118851     72817.78
     131.711     0.999988       118851     81920.00
     131.711     0.999989       118851     93622.86
     131.711     0.999991       118851    109226.67
     132.095     0.999992       118852    131072.00
     132.095     1.000000       118852          inf
#[Mean    =       27.762, StdDeviation   =       12.785]
#[Max     =      131.968, Total count    =       118852]
#[Buckets =           27, SubBuckets     =         2048]
-----------------------------------------------------------------------
  142300 requests in 1.00m, 22.06MB read
Requests/sec:   2373.68  
Transfer/sec:    376.89KB

=== rps=2600 c=338 t=34 url=http://10.10.1.1:14229 ===
setup: assigned thread_id=1
init: final thread_id=1, base_seed=nil
setup: assigned thread_id=2
init: final thread_id=2, base_seed=nil
setup: assigned thread_id=3
init: final thread_id=3, base_seed=nil
setup: assigned thread_id=4
init: final thread_id=4, base_seed=nil
setup: assigned thread_id=5
init: final thread_id=5, base_seed=nil
setup: assigned thread_id=6
init: final thread_id=6, base_seed=nil
setup: assigned thread_id=7
init: final thread_id=7, base_seed=nil
setup: assigned thread_id=8
init: final thread_id=8, base_seed=nil
setup: assigned thread_id=9
init: final thread_id=9, base_seed=nil
setup: assigned thread_id=10
init: final thread_id=10, base_seed=nil
setup: assigned thread_id=11
init: final thread_id=11, base_seed=nil
setup: assigned thread_id=12
init: final thread_id=12, base_seed=nil
setup: assigned thread_id=13
init: final thread_id=13, base_seed=nil
setup: assigned thread_id=14
init: final thread_id=14, base_seed=nil
setup: assigned thread_id=15
init: final thread_id=15, base_seed=nil
setup: assigned thread_id=16
init: final thread_id=16, base_seed=nil
setup: assigned thread_id=17
init: final thread_id=17, base_seed=nil
setup: assigned thread_id=18
init: final thread_id=18, base_seed=nil
setup: assigned thread_id=19
init: final thread_id=19, base_seed=nil
setup: assigned thread_id=20
init: final thread_id=20, base_seed=nil
setup: assigned thread_id=21
init: final thread_id=21, base_seed=nil
setup: assigned thread_id=22
init: final thread_id=22, base_seed=nil
setup: assigned thread_id=23
init: final thread_id=23, base_seed=nil
setup: assigned thread_id=24
init: final thread_id=24, base_seed=nil
setup: assigned thread_id=25
init: final thread_id=25, base_seed=nil
setup: assigned thread_id=26
init: final thread_id=26, base_seed=nil
setup: assigned thread_id=27
init: final thread_id=27, base_seed=nil
setup: assigned thread_id=28
init: final thread_id=28, base_seed=nil
setup: assigned thread_id=29
init: final thread_id=29, base_seed=nil
setup: assigned thread_id=30
init: final thread_id=30, base_seed=nil
setup: assigned thread_id=31
init: final thread_id=31, base_seed=nil
setup: assigned thread_id=32
init: final thread_id=32, base_seed=nil
setup: assigned thread_id=33
init: final thread_id=33, base_seed=nil
setup: assigned thread_id=34
init: final thread_id=34, base_seed=nil
script_want_response
Running 1m test @ http://10.10.1.1:14229
  34 threads and 338 connections

  Thread calibration: mean lat.: 27.190ms, rate sampling interval: 77ms
  Thread calibration: mean lat.: 27.294ms, rate sampling interval: 76ms
  Thread calibration: mean lat.: 26.265ms, rate sampling interval: 73ms
  Thread calibration: mean lat.: 25.901ms, rate sampling interval: 72ms
  Thread calibration: mean lat.: 25.840ms, rate sampling interval: 71ms
  Thread calibration: mean lat.: 26.161ms, rate sampling interval: 71ms
  Thread calibration: mean lat.: 25.475ms, rate sampling interval: 69ms
  Thread calibration: mean lat.: 14.763ms, rate sampling interval: 42ms
  Thread calibration: mean lat.: 24.955ms, rate sampling interval: 68ms
  Thread calibration: mean lat.: 24.695ms, rate sampling interval: 68ms
  Thread calibration: mean lat.: 24.579ms, rate sampling interval: 68ms
  Thread calibration: mean lat.: 21.694ms, rate sampling interval: 62ms
  Thread calibration: mean lat.: 21.027ms, rate sampling interval: 62ms
  Thread calibration: mean lat.: 20.062ms, rate sampling interval: 59ms
  Thread calibration: mean lat.: 20.026ms, rate sampling interval: 58ms
  Thread calibration: mean lat.: 31.878ms, rate sampling interval: 81ms
  Thread calibration: mean lat.: 19.234ms, rate sampling interval: 55ms
  Thread calibration: mean lat.: 18.830ms, rate sampling interval: 54ms
  Thread calibration: mean lat.: 26.786ms, rate sampling interval: 83ms
  Thread calibration: mean lat.: 16.581ms, rate sampling interval: 66ms
  Thread calibration: mean lat.: 28.243ms, rate sampling interval: 83ms
  Thread calibration: mean lat.: 29.902ms, rate sampling interval: 84ms
  Thread calibration: mean lat.: 30.603ms, rate sampling interval: 84ms
  Thread calibration: mean lat.: 30.985ms, rate sampling interval: 83ms
  Thread calibration: mean lat.: 31.687ms, rate sampling interval: 82ms
  Thread calibration: mean lat.: 28.065ms, rate sampling interval: 79ms
  Thread calibration: mean lat.: 27.619ms, rate sampling interval: 79ms
  Thread calibration: mean lat.: 26.418ms, rate sampling interval: 77ms
  Thread calibration: mean lat.: 25.084ms, rate sampling interval: 73ms
  Thread calibration: mean lat.: 24.682ms, rate sampling interval: 73ms
  Thread calibration: mean lat.: 23.213ms, rate sampling interval: 71ms
  Thread calibration: mean lat.: 20.588ms, rate sampling interval: 66ms
  Thread calibration: mean lat.: 23.303ms, rate sampling interval: 74ms
  Thread calibration: mean lat.: 23.006ms, rate sampling interval: 72ms

-----------------------------------------------------------------------
Test Results @ http://10.10.1.1:14229 
  Thread Stats   Avg      Stdev     99%   +/- Stdev
    Latency    23.92ms   12.55ms  58.91ms   74.45%
    Req/Sec    76.12     50.99   214.00     65.95%
  Latency Distribution (HdrHistogram - Recorded Latency)
 50.000%   21.81ms
 75.000%   30.80ms
 90.000%   38.40ms
 99.000%   58.91ms
 99.900%  120.57ms
 99.990%  240.77ms
 99.999%  273.41ms
100.000%  273.92ms

  Detailed Percentile spectrum:
       Value   Percentile   TotalCount 1/(1-Percentile)

       6.863     0.000000            1         1.00
      10.623     0.100000        12918         1.11
      13.575     0.200000        25815         1.25
      16.399     0.300000        38721         1.43
      19.103     0.400000        51580         1.67
      21.807     0.500000        64516         2.00
      23.343     0.550000        70919         2.22
      25.039     0.600000        77363         2.50
      26.847     0.650000        83799         2.86
      28.799     0.700000        90278         3.33
      30.799     0.750000        96692         4.00
      31.871     0.775000        99946         4.44
      32.927     0.800000       103137         5.00
      34.079     0.825000       106377         5.71
      35.327     0.850000       109645         6.67
      36.703     0.875000       112850         8.00
      37.503     0.887500       114440         8.89
      38.399     0.900000       116073        10.00
      39.359     0.912500       117674        11.43
      40.511     0.925000       119267        13.33
      41.855     0.937500       120882        16.00
      42.655     0.943750       121671        17.78
      43.583     0.950000       122483        20.00
      44.639     0.956250       123281        22.86
      45.983     0.962500       124094        26.67
      47.519     0.968750       124904        32.00
      48.383     0.971875       125299        35.56
      49.471     0.975000       125701        40.00
      50.911     0.978125       126100        45.71
      52.479     0.981250       126500        53.33
      54.111     0.984375       126906        64.00
      55.007     0.985938       127109        71.11
      56.031     0.987500       127306        80.00
      57.567     0.989062       127507        91.43
      59.775     0.990625       127709       106.67
      62.335     0.992188       127910       128.00
      64.095     0.992969       128010       142.22
      65.855     0.993750       128113       160.00
      68.095     0.994531       128211       182.86
      70.143     0.995313       128314       213.33
      72.383     0.996094       128416       256.00
      74.623     0.996484       128463       284.44
      77.055     0.996875       128515       320.00
      82.111     0.997266       128564       365.71
      86.335     0.997656       128614       426.67
     109.119     0.998047       128665       512.00
     112.127     0.998242       128690       568.89
     114.431     0.998437       128716       640.00
     117.695     0.998633       128740       731.43
     119.487     0.998828       128768       853.33
     120.767     0.999023       128792      1024.00
     121.791     0.999121       128804      1137.78
     127.615     0.999219       128816      1280.00
     141.567     0.999316       128828      1462.86
     151.551     0.999414       128841      1706.67
     156.543     0.999512       128855      2048.00
     175.103     0.999561       128860      2275.56
     180.223     0.999609       128866      2560.00
     185.983     0.999658       128872      2925.71
     201.471     0.999707       128879      3413.33
     205.823     0.999756       128885      4096.00
     223.487     0.999780       128888      4551.11
     224.383     0.999805       128892      5120.00
     225.023     0.999829       128894      5851.43
     239.871     0.999854       128898      6826.67
     240.639     0.999878       128902      8192.00
     240.639     0.999890       128902      9102.22
     241.279     0.999902       128904     10240.00
     242.431     0.999915       128905     11702.86
     272.383     0.999927       128908     13653.33
     272.639     0.999939       128911     16384.00
     272.639     0.999945       128911     18204.44
     272.639     0.999951       128911     20480.00
     272.639     0.999957       128911     23405.71
     272.895     0.999963       128912     27306.67
     273.151     0.999969       128914     32768.00
     273.151     0.999973       128914     36408.89
     273.151     0.999976       128914     40960.00
     273.151     0.999979       128914     46811.43
     273.151     0.999982       128914     54613.33
     273.407     0.999985       128915     65536.00
     273.407     0.999986       128915     72817.78
     273.407     0.999988       128915     81920.00
     273.407     0.999989       128915     93622.86
     273.407     0.999991       128915    109226.67
     273.919     0.999992       128916    131072.00
     273.919     1.000000       128916          inf
#[Mean    =       23.919, StdDeviation   =       12.555]
#[Max     =      273.664, Total count    =       128916]
#[Buckets =           27, SubBuckets     =         2048]
-----------------------------------------------------------------------
  154350 requests in 1.00m, 23.94MB read
Requests/sec:   2577.33  
Transfer/sec:    409.30KB

=== rps=2800 c=392 t=40 url=http://10.10.1.1:14229 ===
setup: assigned thread_id=1
init: final thread_id=1, base_seed=nil
setup: assigned thread_id=2
init: final thread_id=2, base_seed=nil
setup: assigned thread_id=3
init: final thread_id=3, base_seed=nil
setup: assigned thread_id=4
init: final thread_id=4, base_seed=nil
setup: assigned thread_id=5
init: final thread_id=5, base_seed=nil
setup: assigned thread_id=6
init: final thread_id=6, base_seed=nil
setup: assigned thread_id=7
init: final thread_id=7, base_seed=nil
setup: assigned thread_id=8
init: final thread_id=8, base_seed=nil
setup: assigned thread_id=9
init: final thread_id=9, base_seed=nil
setup: assigned thread_id=10
init: final thread_id=10, base_seed=nil
setup: assigned thread_id=11
init: final thread_id=11, base_seed=nil
setup: assigned thread_id=12
init: final thread_id=12, base_seed=nil
setup: assigned thread_id=13
init: final thread_id=13, base_seed=nil
setup: assigned thread_id=14
init: final thread_id=14, base_seed=nil
setup: assigned thread_id=15
init: final thread_id=15, base_seed=nil
setup: assigned thread_id=16
init: final thread_id=16, base_seed=nil
setup: assigned thread_id=17
init: final thread_id=17, base_seed=nil
setup: assigned thread_id=18
init: final thread_id=18, base_seed=nil
setup: assigned thread_id=19
init: final thread_id=19, base_seed=nil
setup: assigned thread_id=20
init: final thread_id=20, base_seed=nil
setup: assigned thread_id=21
init: final thread_id=21, base_seed=nil
setup: assigned thread_id=22
init: final thread_id=22, base_seed=nil
setup: assigned thread_id=23
init: final thread_id=23, base_seed=nil
setup: assigned thread_id=24
init: final thread_id=24, base_seed=nil
setup: assigned thread_id=25
init: final thread_id=25, base_seed=nil
setup: assigned thread_id=26
init: final thread_id=26, base_seed=nil
setup: assigned thread_id=27
init: final thread_id=27, base_seed=nil
setup: assigned thread_id=28
init: final thread_id=28, base_seed=nil
setup: assigned thread_id=29
init: final thread_id=29, base_seed=nil
setup: assigned thread_id=30
init: final thread_id=30, base_seed=nil
setup: assigned thread_id=31
init: final thread_id=31, base_seed=nil
setup: assigned thread_id=32
init: final thread_id=32, base_seed=nil
setup: assigned thread_id=33
init: final thread_id=33, base_seed=nil
setup: assigned thread_id=34
init: final thread_id=34, base_seed=nil
setup: assigned thread_id=35
init: final thread_id=35, base_seed=nil
setup: assigned thread_id=36
init: final thread_id=36, base_seed=nil
setup: assigned thread_id=37
init: final thread_id=37, base_seed=nil
setup: assigned thread_id=38
init: final thread_id=38, base_seed=nil
setup: assigned thread_id=39
init: final thread_id=39, base_seed=nil
setup: assigned thread_id=40
init: final thread_id=40, base_seed=nil
script_want_response
Running 1m test @ http://10.10.1.1:14229
  40 threads and 392 connections

  Thread calibration: mean lat.: 41.553ms, rate sampling interval: 119ms
  Thread calibration: mean lat.: 40.943ms, rate sampling interval: 118ms
  Thread calibration: mean lat.: 41.527ms, rate sampling interval: 120ms
  Thread calibration: mean lat.: 41.845ms, rate sampling interval: 121ms
  Thread calibration: mean lat.: 41.578ms, rate sampling interval: 121ms
  Thread calibration: mean lat.: 42.126ms, rate sampling interval: 122ms
  Thread calibration: mean lat.: 39.449ms, rate sampling interval: 110ms
  Thread calibration: mean lat.: 43.679ms, rate sampling interval: 126ms
  Thread calibration: mean lat.: 43.857ms, rate sampling interval: 128ms
  Thread calibration: mean lat.: 44.699ms, rate sampling interval: 127ms
  Thread calibration: mean lat.: 46.257ms, rate sampling interval: 127ms
  Thread calibration: mean lat.: 40.468ms, rate sampling interval: 123ms
  Thread calibration: mean lat.: 35.268ms, rate sampling interval: 120ms
  Thread calibration: mean lat.: 33.356ms, rate sampling interval: 117ms
  Thread calibration: mean lat.: 33.056ms, rate sampling interval: 115ms
  Thread calibration: mean lat.: 30.628ms, rate sampling interval: 112ms
  Thread calibration: mean lat.: 32.835ms, rate sampling interval: 103ms
  Thread calibration: mean lat.: 34.582ms, rate sampling interval: 105ms
  Thread calibration: mean lat.: 36.017ms, rate sampling interval: 106ms
  Thread calibration: mean lat.: 37.173ms, rate sampling interval: 107ms
  Thread calibration: mean lat.: 38.621ms, rate sampling interval: 111ms
  Thread calibration: mean lat.: 40.138ms, rate sampling interval: 115ms
  Thread calibration: mean lat.: 40.627ms, rate sampling interval: 119ms
  Thread calibration: mean lat.: 41.052ms, rate sampling interval: 124ms
  Thread calibration: mean lat.: 42.382ms, rate sampling interval: 133ms
  Thread calibration: mean lat.: 43.413ms, rate sampling interval: 142ms
  Thread calibration: mean lat.: 43.193ms, rate sampling interval: 141ms
  Thread calibration: mean lat.: 44.311ms, rate sampling interval: 155ms
  Thread calibration: mean lat.: 45.149ms, rate sampling interval: 158ms
  Thread calibration: mean lat.: 44.911ms, rate sampling interval: 157ms
  Thread calibration: mean lat.: 46.182ms, rate sampling interval: 155ms
  Thread calibration: mean lat.: 43.680ms, rate sampling interval: 122ms
  Thread calibration: mean lat.: 46.492ms, rate sampling interval: 151ms
  Thread calibration: mean lat.: 42.052ms, rate sampling interval: 119ms
  Thread calibration: mean lat.: 46.649ms, rate sampling interval: 150ms
  Thread calibration: mean lat.: 47.570ms, rate sampling interval: 150ms
  Thread calibration: mean lat.: 47.648ms, rate sampling interval: 148ms
  Thread calibration: mean lat.: 48.206ms, rate sampling interval: 146ms
  Thread calibration: mean lat.: 47.706ms, rate sampling interval: 144ms
  Thread calibration: mean lat.: 48.010ms, rate sampling interval: 141ms

-----------------------------------------------------------------------
Test Results @ http://10.10.1.1:14229 
  Thread Stats   Avg      Stdev     99%   +/- Stdev
    Latency    36.02ms   20.91ms 108.93ms   74.65%
    Req/Sec    69.78     19.20   120.00     84.64%
  Latency Distribution (HdrHistogram - Recorded Latency)
 50.000%   31.87ms
 75.000%   45.47ms
 90.000%   63.74ms
 99.000%  108.93ms
 99.900%  141.82ms
 99.990%  152.70ms
 99.999%  185.73ms
100.000%  187.01ms

  Detailed Percentile spectrum:
       Value   Percentile   TotalCount 1/(1-Percentile)

       7.891     0.000000            1         1.00
      14.183     0.100000        13976         1.11
      18.623     0.200000        27929         1.25
      22.799     0.300000        41897         1.43
      27.199     0.400000        55903         1.67
      31.871     0.500000        69858         2.00
      34.303     0.550000        76877         2.22
      36.671     0.600000        83836         2.50
      39.231     0.650000        90822         2.86
      42.207     0.700000        97798         3.33
      45.471     0.750000       104736         4.00
      47.327     0.775000       108281         4.44
      49.279     0.800000       111758         5.00
      51.519     0.825000       115216         5.71
      54.623     0.850000       118722         6.67
      58.495     0.875000       122196         8.00
      60.831     0.887500       123952         8.89
      63.743     0.900000       125688        10.00
      67.135     0.912500       127462        11.43
      70.527     0.925000       129179        13.33
      73.919     0.937500       130951        16.00
      75.583     0.943750       131803        17.78
      77.567     0.950000       132679        20.00
      79.807     0.956250       133536        22.86
      82.047     0.962500       134408        26.67
      84.671     0.968750       135290        32.00
      86.207     0.971875       135741        35.56
      87.999     0.975000       136160        40.00
      90.303     0.978125       136599        45.71
      92.735     0.981250       137026        53.33
      95.551     0.984375       137463        64.00
      97.727     0.985938       137683        71.11
     101.631     0.987500       137899        80.00
     105.215     0.989062       138117        91.43
     110.463     0.990625       138335       106.67
     115.327     0.992188       138554       128.00
     117.375     0.992969       138663       142.22
     119.999     0.993750       138772       160.00
     122.879     0.994531       138881       182.86
     126.079     0.995313       138990       213.33
     129.791     0.996094       139099       256.00
     131.327     0.996484       139154       284.44
     132.607     0.996875       139208       320.00
     134.015     0.997266       139263       365.71
     135.423     0.997656       139322       426.67
     137.087     0.998047       139373       512.00
     137.855     0.998242       139409       568.89
     138.623     0.998437       139430       640.00
     139.903     0.998633       139455       731.43
     141.055     0.998828       139484       853.33
     141.951     0.999023       139512      1024.00
     142.591     0.999121       139523      1137.78
     142.975     0.999219       139535      1280.00
     143.359     0.999316       139550      1462.86
     143.999     0.999414       139563      1706.67
     144.639     0.999512       139576      2048.00
     145.279     0.999561       139584      2275.56
     145.535     0.999609       139591      2560.00
     146.047     0.999658       139597      2925.71
     146.815     0.999707       139604      3413.33
     147.583     0.999756       139610      4096.00
     148.479     0.999780       139614      4551.11
     148.863     0.999805       139617      5120.00
     149.887     0.999829       139621      5851.43
     150.911     0.999854       139624      6826.67
     151.935     0.999878       139627      8192.00
     152.703     0.999890       139630      9102.22
     152.831     0.999902       139631     10240.00
     153.215     0.999915       139633     11702.86
     153.599     0.999927       139634     13653.33
     155.391     0.999939       139636     16384.00
     155.775     0.999945       139637     18204.44
     169.727     0.999951       139638     20480.00
     170.367     0.999957       139639     23405.71
     170.367     0.999963       139639     27306.67
     184.319     0.999969       139640     32768.00
     184.447     0.999973       139641     36408.89
     184.447     0.999976       139641     40960.00
     185.343     0.999979       139642     46811.43
     185.343     0.999982       139642     54613.33
     185.343     0.999985       139642     65536.00
     185.727     0.999986       139643     72817.78
     185.727     0.999988       139643     81920.00
     185.727     0.999989       139643     93622.86
     185.727     0.999991       139643    109226.67
     185.727     0.999992       139643    131072.00
     187.007     0.999993       139644    145635.56
     187.007     1.000000       139644          inf
#[Mean    =       36.022, StdDeviation   =       20.914]
#[Max     =      186.880, Total count    =       139644]
#[Buckets =           27, SubBuckets     =         2048]
-----------------------------------------------------------------------
  167181 requests in 1.00m, 25.93MB read
Requests/sec:   2790.84  
Transfer/sec:    443.21KB

=== rps=3000 c=450 t=45 url=http://10.10.1.1:14229 ===
setup: assigned thread_id=1
init: final thread_id=1, base_seed=nil
setup: assigned thread_id=2
init: final thread_id=2, base_seed=nil
setup: assigned thread_id=3
init: final thread_id=3, base_seed=nil
setup: assigned thread_id=4
init: final thread_id=4, base_seed=nil
setup: assigned thread_id=5
init: final thread_id=5, base_seed=nil
setup: assigned thread_id=6
init: final thread_id=6, base_seed=nil
setup: assigned thread_id=7
init: final thread_id=7, base_seed=nil
setup: assigned thread_id=8
init: final thread_id=8, base_seed=nil
setup: assigned thread_id=9
init: final thread_id=9, base_seed=nil
setup: assigned thread_id=10
init: final thread_id=10, base_seed=nil
setup: assigned thread_id=11
init: final thread_id=11, base_seed=nil
setup: assigned thread_id=12
init: final thread_id=12, base_seed=nil
setup: assigned thread_id=13
init: final thread_id=13, base_seed=nil
setup: assigned thread_id=14
init: final thread_id=14, base_seed=nil
setup: assigned thread_id=15
init: final thread_id=15, base_seed=nil
setup: assigned thread_id=16
init: final thread_id=16, base_seed=nil
setup: assigned thread_id=17
init: final thread_id=17, base_seed=nil
setup: assigned thread_id=18
init: final thread_id=18, base_seed=nil
setup: assigned thread_id=19
init: final thread_id=19, base_seed=nil
setup: assigned thread_id=20
init: final thread_id=20, base_seed=nil
setup: assigned thread_id=21
init: final thread_id=21, base_seed=nil
setup: assigned thread_id=22
init: final thread_id=22, base_seed=nil
setup: assigned thread_id=23
init: final thread_id=23, base_seed=nil
setup: assigned thread_id=24
init: final thread_id=24, base_seed=nil
setup: assigned thread_id=25
init: final thread_id=25, base_seed=nil
setup: assigned thread_id=26
init: final thread_id=26, base_seed=nil
setup: assigned thread_id=27
init: final thread_id=27, base_seed=nil
setup: assigned thread_id=28
init: final thread_id=28, base_seed=nil
setup: assigned thread_id=29
init: final thread_id=29, base_seed=nil
setup: assigned thread_id=30
init: final thread_id=30, base_seed=nil
setup: assigned thread_id=31
init: final thread_id=31, base_seed=nil
setup: assigned thread_id=32
init: final thread_id=32, base_seed=nil
setup: assigned thread_id=33
init: final thread_id=33, base_seed=nil
setup: assigned thread_id=34
init: final thread_id=34, base_seed=nil
setup: assigned thread_id=35
init: final thread_id=35, base_seed=nil
setup: assigned thread_id=36
init: final thread_id=36, base_seed=nil
setup: assigned thread_id=37
init: final thread_id=37, base_seed=nil
setup: assigned thread_id=38
init: final thread_id=38, base_seed=nil
setup: assigned thread_id=39
init: final thread_id=39, base_seed=nil
setup: assigned thread_id=40
init: final thread_id=40, base_seed=nil
setup: assigned thread_id=41
init: final thread_id=41, base_seed=nil
setup: assigned thread_id=42
init: final thread_id=42, base_seed=nil
setup: assigned thread_id=43
init: final thread_id=43, base_seed=nil
setup: assigned thread_id=44
init: final thread_id=44, base_seed=nil
setup: assigned thread_id=45
init: final thread_id=45, base_seed=nil
script_want_response
Running 1m test @ http://10.10.1.1:14229
  45 threads and 450 connections

  Thread calibration: mean lat.: 81.067ms, rate sampling interval: 238ms
  Thread calibration: mean lat.: 79.954ms, rate sampling interval: 235ms
  Thread calibration: mean lat.: 78.341ms, rate sampling interval: 235ms
  Thread calibration: mean lat.: 75.425ms, rate sampling interval: 241ms
  Thread calibration: mean lat.: 75.203ms, rate sampling interval: 239ms
  Thread calibration: mean lat.: 75.433ms, rate sampling interval: 244ms
  Thread calibration: mean lat.: 70.560ms, rate sampling interval: 252ms
  Thread calibration: mean lat.: 70.937ms, rate sampling interval: 256ms
  Thread calibration: mean lat.: 71.302ms, rate sampling interval: 262ms
  Thread calibration: mean lat.: 65.356ms, rate sampling interval: 265ms
  Thread calibration: mean lat.: 53.889ms, rate sampling interval: 209ms
  Thread calibration: mean lat.: 51.055ms, rate sampling interval: 201ms
  Thread calibration: mean lat.: 50.800ms, rate sampling interval: 200ms
  Thread calibration: mean lat.: 50.242ms, rate sampling interval: 198ms
  Thread calibration: mean lat.: 48.442ms, rate sampling interval: 193ms
  Thread calibration: mean lat.: 51.226ms, rate sampling interval: 184ms
  Thread calibration: mean lat.: 55.119ms, rate sampling interval: 184ms
  Thread calibration: mean lat.: 58.337ms, rate sampling interval: 188ms
  Thread calibration: mean lat.: 55.217ms, rate sampling interval: 181ms
  Thread calibration: mean lat.: 58.731ms, rate sampling interval: 182ms
  Thread calibration: mean lat.: 51.658ms, rate sampling interval: 188ms
  Thread calibration: mean lat.: 55.923ms, rate sampling interval: 190ms
  Thread calibration: mean lat.: 57.234ms, rate sampling interval: 238ms
  Thread calibration: mean lat.: 55.741ms, rate sampling interval: 241ms
  Thread calibration: mean lat.: 54.574ms, rate sampling interval: 250ms
  Thread calibration: mean lat.: 55.621ms, rate sampling interval: 253ms
  Thread calibration: mean lat.: 55.450ms, rate sampling interval: 253ms
  Thread calibration: mean lat.: 57.536ms, rate sampling interval: 258ms
  Thread calibration: mean lat.: 70.957ms, rate sampling interval: 253ms
  Thread calibration: mean lat.: 72.875ms, rate sampling interval: 251ms
  Thread calibration: mean lat.: 74.919ms, rate sampling interval: 249ms
  Thread calibration: mean lat.: 76.301ms, rate sampling interval: 246ms
  Thread calibration: mean lat.: 77.553ms, rate sampling interval: 243ms
  Thread calibration: mean lat.: 78.450ms, rate sampling interval: 241ms
  Thread calibration: mean lat.: 78.872ms, rate sampling interval: 239ms
  Thread calibration: mean lat.: 79.701ms, rate sampling interval: 238ms
  Thread calibration: mean lat.: 79.880ms, rate sampling interval: 234ms
  Thread calibration: mean lat.: 80.233ms, rate sampling interval: 234ms
  Thread calibration: mean lat.: 81.023ms, rate sampling interval: 233ms
  Thread calibration: mean lat.: 80.537ms, rate sampling interval: 232ms
  Thread calibration: mean lat.: 84.809ms, rate sampling interval: 236ms
  Thread calibration: mean lat.: 81.937ms, rate sampling interval: 231ms
  Thread calibration: mean lat.: 48.338ms, rate sampling interval: 165ms
  Thread calibration: mean lat.: 87.585ms, rate sampling interval: 241ms
  Thread calibration: mean lat.: 90.398ms, rate sampling interval: 244ms

-----------------------------------------------------------------------
Test Results @ http://10.10.1.1:14229 
  Thread Stats   Avg      Stdev     99%   +/- Stdev
    Latency    56.03ms   32.41ms 159.62ms   74.21%
    Req/Sec    65.68     17.85   109.00     69.49%
  Latency Distribution (HdrHistogram - Recorded Latency)
 50.000%   48.32ms
 75.000%   73.66ms
 90.000%   96.45ms
 99.000%  159.62ms
 99.900%  226.69ms
 99.990%  240.64ms
 99.999%  243.58ms
100.000%  244.10ms

  Detailed Percentile spectrum:
       Value   Percentile   TotalCount 1/(1-Percentile)

       8.783     0.000000            1         1.00
      21.759     0.100000        14832         1.11
      28.751     0.200000        29660         1.25
      35.647     0.300000        44536         1.43
      41.567     0.400000        59373         1.67
      48.319     0.500000        74192         2.00
      52.735     0.550000        81573         2.22
      58.079     0.600000        89003         2.50
      63.679     0.650000        96378         2.86
      68.863     0.700000       103857         3.33
      73.663     0.750000       111311         4.00
      76.031     0.775000       114999         4.44
      78.527     0.800000       118658         5.00
      81.343     0.825000       122334         5.71
      85.055     0.850000       126086         6.67
      89.791     0.875000       129776         8.00
      92.671     0.887500       131616         8.89
      96.447     0.900000       133465        10.00
     101.567     0.912500       135315        11.43
     107.199     0.925000       137166        13.33
     111.871     0.937500       139010        16.00
     115.071     0.943750       139935        17.78
     119.423     0.950000       140870        20.00
     124.031     0.956250       141802        22.86
     127.487     0.962500       142722        26.67
     130.879     0.968750       143651        32.00
     132.991     0.971875       144127        35.56
     135.935     0.975000       144584        40.00
     138.751     0.978125       145044        45.71
     142.079     0.981250       145496        53.33
     146.303     0.984375       145957        64.00
     148.479     0.985938       146206        71.11
     150.911     0.987500       146420        80.00
     155.775     0.989062       146651        91.43
     164.095     0.990625       146882       106.67
     173.439     0.992188       147116       128.00
     177.791     0.992969       147233       142.22
     182.783     0.993750       147349       160.00
     189.951     0.994531       147465       182.86
     194.687     0.995313       147577       213.33
     198.399     0.996094       147694       256.00
     200.319     0.996484       147753       284.44
     202.367     0.996875       147811       320.00
     205.183     0.997266       147869       365.71
     208.895     0.997656       147925       426.67
     214.527     0.998047       147984       512.00
     216.959     0.998242       148013       568.89
     219.391     0.998437       148043       640.00
     220.543     0.998633       148070       731.43
     222.591     0.998828       148099       853.33
     226.943     0.999023       148128      1024.00
     227.967     0.999121       148143      1137.78
     229.247     0.999219       148157      1280.00
     230.399     0.999316       148171      1462.86
     232.063     0.999414       148186      1706.67
     233.343     0.999512       148200      2048.00
     233.855     0.999561       148207      2275.56
     234.623     0.999609       148215      2560.00
     235.135     0.999658       148222      2925.71
     235.903     0.999707       148230      3413.33
     236.799     0.999756       148236      4096.00
     237.567     0.999780       148240      4551.11
     237.951     0.999805       148244      5120.00
     238.335     0.999829       148249      5851.43
     238.719     0.999854       148251      6826.67
     239.743     0.999878       148254      8192.00
     240.639     0.999890       148257      9102.22
     240.767     0.999902       148260     10240.00
     240.767     0.999915       148260     11702.86
     240.895     0.999927       148262     13653.33
     241.023     0.999939       148267     16384.00
     241.023     0.999945       148267     18204.44
     241.023     0.999951       148267     20480.00
     241.023     0.999957       148267     23405.71
     241.023     0.999963       148267     27306.67
     241.151     0.999969       148268     32768.00
     241.151     0.999973       148268     36408.89
     241.535     0.999976       148269     40960.00
     241.535     0.999979       148269     46811.43
     241.919     0.999982       148270     54613.33
     241.919     0.999985       148270     65536.00
     241.919     0.999986       148270     72817.78
     243.583     0.999988       148271     81920.00
     243.583     0.999989       148271     93622.86
     243.583     0.999991       148271    109226.67
     243.583     0.999992       148271    131072.00
     243.583     0.999993       148271    145635.56
     244.095     0.999994       148272    163840.00
     244.095     1.000000       148272          inf
#[Mean    =       56.030, StdDeviation   =       32.407]
#[Max     =      243.968, Total count    =       148272]
#[Buckets =           27, SubBuckets     =         2048]
-----------------------------------------------------------------------
  177493 requests in 1.00m, 27.53MB read
Requests/sec:   2960.81  
Transfer/sec:    470.22KB

=== rps=3200 c=512 t=52 url=http://10.10.1.1:14229 ===
setup: assigned thread_id=1
init: final thread_id=1, base_seed=nil
setup: assigned thread_id=2
init: final thread_id=2, base_seed=nil
setup: assigned thread_id=3
init: final thread_id=3, base_seed=nil
setup: assigned thread_id=4
init: final thread_id=4, base_seed=nil
setup: assigned thread_id=5
init: final thread_id=5, base_seed=nil
setup: assigned thread_id=6
init: final thread_id=6, base_seed=nil
setup: assigned thread_id=7
init: final thread_id=7, base_seed=nil
setup: assigned thread_id=8
init: final thread_id=8, base_seed=nil
setup: assigned thread_id=9
init: final thread_id=9, base_seed=nil
setup: assigned thread_id=10
init: final thread_id=10, base_seed=nil
setup: assigned thread_id=11
init: final thread_id=11, base_seed=nil
setup: assigned thread_id=12
init: final thread_id=12, base_seed=nil
setup: assigned thread_id=13
init: final thread_id=13, base_seed=nil
setup: assigned thread_id=14
init: final thread_id=14, base_seed=nil
setup: assigned thread_id=15
init: final thread_id=15, base_seed=nil
setup: assigned thread_id=16
init: final thread_id=16, base_seed=nil
setup: assigned thread_id=17
init: final thread_id=17, base_seed=nil
setup: assigned thread_id=18
init: final thread_id=18, base_seed=nil
setup: assigned thread_id=19
init: final thread_id=19, base_seed=nil
setup: assigned thread_id=20
init: final thread_id=20, base_seed=nil
setup: assigned thread_id=21
init: final thread_id=21, base_seed=nil
setup: assigned thread_id=22
init: final thread_id=22, base_seed=nil
setup: assigned thread_id=23
init: final thread_id=23, base_seed=nil
setup: assigned thread_id=24
init: final thread_id=24, base_seed=nil
setup: assigned thread_id=25
init: final thread_id=25, base_seed=nil
setup: assigned thread_id=26
init: final thread_id=26, base_seed=nil
setup: assigned thread_id=27
init: final thread_id=27, base_seed=nil
setup: assigned thread_id=28
init: final thread_id=28, base_seed=nil
setup: assigned thread_id=29
init: final thread_id=29, base_seed=nil
setup: assigned thread_id=30
init: final thread_id=30, base_seed=nil
setup: assigned thread_id=31
init: final thread_id=31, base_seed=nil
setup: assigned thread_id=32
init: final thread_id=32, base_seed=nil
setup: assigned thread_id=33
init: final thread_id=33, base_seed=nil
setup: assigned thread_id=34
init: final thread_id=34, base_seed=nil
setup: assigned thread_id=35
init: final thread_id=35, base_seed=nil
setup: assigned thread_id=36
init: final thread_id=36, base_seed=nil
setup: assigned thread_id=37
init: final thread_id=37, base_seed=nil
setup: assigned thread_id=38
init: final thread_id=38, base_seed=nil
setup: assigned thread_id=39
init: final thread_id=39, base_seed=nil
setup: assigned thread_id=40
init: final thread_id=40, base_seed=nil
setup: assigned thread_id=41
init: final thread_id=41, base_seed=nil
setup: assigned thread_id=42
init: final thread_id=42, base_seed=nil
setup: assigned thread_id=43
init: final thread_id=43, base_seed=nil
setup: assigned thread_id=44
init: final thread_id=44, base_seed=nil
setup: assigned thread_id=45
init: final thread_id=45, base_seed=nil
setup: assigned thread_id=46
init: final thread_id=46, base_seed=nil
setup: assigned thread_id=47
init: final thread_id=47, base_seed=nil
setup: assigned thread_id=48
init: final thread_id=48, base_seed=nil
setup: assigned thread_id=49
init: final thread_id=49, base_seed=nil
setup: assigned thread_id=50
init: final thread_id=50, base_seed=nil
setup: assigned thread_id=51
init: final thread_id=51, base_seed=nil
setup: assigned thread_id=52
init: final thread_id=52, base_seed=nil
script_want_response
Running 1m test @ http://10.10.1.1:14229
  52 threads and 512 connections

  Thread calibration: mean lat.: 122.675ms, rate sampling interval: 377ms
  Thread calibration: mean lat.: 124.800ms, rate sampling interval: 379ms
  Thread calibration: mean lat.: 122.911ms, rate sampling interval: 371ms
  Thread calibration: mean lat.: 127.059ms, rate sampling interval: 380ms
  Thread calibration: mean lat.: 131.101ms, rate sampling interval: 414ms
  Thread calibration: mean lat.: 138.419ms, rate sampling interval: 438ms
  Thread calibration: mean lat.: 136.737ms, rate sampling interval: 454ms
  Thread calibration: mean lat.: 136.590ms, rate sampling interval: 447ms
  Thread calibration: mean lat.: 136.299ms, rate sampling interval: 431ms
  Thread calibration: mean lat.: 140.286ms, rate sampling interval: 443ms
  Thread calibration: mean lat.: 133.551ms, rate sampling interval: 427ms
  Thread calibration: mean lat.: 132.125ms, rate sampling interval: 423ms
  Thread calibration: mean lat.: 130.628ms, rate sampling interval: 440ms
  Thread calibration: mean lat.: 130.974ms, rate sampling interval: 439ms
  Thread calibration: mean lat.: 120.152ms, rate sampling interval: 389ms
  Thread calibration: mean lat.: 116.211ms, rate sampling interval: 363ms
  Thread calibration: mean lat.: 119.109ms, rate sampling interval: 379ms
  Thread calibration: mean lat.: 113.499ms, rate sampling interval: 366ms
  Thread calibration: mean lat.: 120.362ms, rate sampling interval: 384ms
  Thread calibration: mean lat.: 119.237ms, rate sampling interval: 381ms
  Thread calibration: mean lat.: 113.879ms, rate sampling interval: 374ms
  Thread calibration: mean lat.: 120.196ms, rate sampling interval: 379ms
  Thread calibration: mean lat.: 119.821ms, rate sampling interval: 386ms
  Thread calibration: mean lat.: 125.605ms, rate sampling interval: 404ms
  Thread calibration: mean lat.: 122.383ms, rate sampling interval: 388ms
  Thread calibration: mean lat.: 120.487ms, rate sampling interval: 385ms
  Thread calibration: mean lat.: 125.070ms, rate sampling interval: 412ms
  Thread calibration: mean lat.: 125.611ms, rate sampling interval: 400ms
  Thread calibration: mean lat.: 126.640ms, rate sampling interval: 412ms
  Thread calibration: mean lat.: 130.033ms, rate sampling interval: 421ms
  Thread calibration: mean lat.: 129.671ms, rate sampling interval: 438ms
  Thread calibration: mean lat.: 139.072ms, rate sampling interval: 453ms
  Thread calibration: mean lat.: 132.132ms, rate sampling interval: 432ms
  Thread calibration: mean lat.: 130.775ms, rate sampling interval: 432ms
  Thread calibration: mean lat.: 127.938ms, rate sampling interval: 414ms
  Thread calibration: mean lat.: 130.431ms, rate sampling interval: 441ms
  Thread calibration: mean lat.: 126.534ms, rate sampling interval: 408ms
  Thread calibration: mean lat.: 127.996ms, rate sampling interval: 412ms
  Thread calibration: mean lat.: 132.111ms, rate sampling interval: 418ms
  Thread calibration: mean lat.: 118.765ms, rate sampling interval: 361ms
  Thread calibration: mean lat.: 124.832ms, rate sampling interval: 383ms
  Thread calibration: mean lat.: 125.651ms, rate sampling interval: 391ms
  Thread calibration: mean lat.: 124.287ms, rate sampling interval: 370ms
  Thread calibration: mean lat.: 120.509ms, rate sampling interval: 352ms
  Thread calibration: mean lat.: 130.792ms, rate sampling interval: 392ms
  Thread calibration: mean lat.: 131.125ms, rate sampling interval: 387ms
  Thread calibration: mean lat.: 126.519ms, rate sampling interval: 376ms
  Thread calibration: mean lat.: 136.603ms, rate sampling interval: 415ms
  Thread calibration: mean lat.: 135.448ms, rate sampling interval: 408ms
  Thread calibration: mean lat.: 137.045ms, rate sampling interval: 415ms
  Thread calibration: mean lat.: 133.926ms, rate sampling interval: 416ms
  Thread calibration: mean lat.: 131.286ms, rate sampling interval: 392ms

-----------------------------------------------------------------------
Test Results @ http://10.10.1.1:14229 
  Thread Stats   Avg      Stdev     99%   +/- Stdev
    Latency    87.22ms   53.97ms 250.11ms   71.02%
    Req/Sec    60.65      8.95    79.00     66.83%
  Latency Distribution (HdrHistogram - Recorded Latency)
 50.000%   75.01ms
 75.000%  121.79ms
 90.000%  154.62ms
 99.000%  250.11ms
 99.900%  326.65ms
 99.990%  380.67ms
 99.999%  413.95ms
100.000%  470.53ms

  Detailed Percentile spectrum:
       Value   Percentile   TotalCount 1/(1-Percentile)

       9.487     0.000000            1         1.00
      27.135     0.100000        15846         1.11
      40.095     0.200000        31702         1.25
      50.527     0.300000        47589         1.43
      60.095     0.400000        63401         1.67
      75.007     0.500000        79251         2.00
      84.479     0.550000        87200         2.22
      94.527     0.600000        95086         2.50
     105.279     0.650000       103016         2.86
     114.175     0.700000       110968         3.33
     121.791     0.750000       118890         4.00
     125.631     0.775000       122807         4.44
     130.047     0.800000       126819         5.00
     134.527     0.825000       130761         5.71
     139.519     0.850000       134778         6.67
     145.535     0.875000       138673         8.00
     149.631     0.887500       140691         8.89
     154.623     0.900000       142620        10.00
     161.023     0.912500       144611        11.43
     168.831     0.925000       146588        13.33
     179.711     0.937500       148562        16.00
     185.727     0.943750       149556        17.78
     191.871     0.950000       150551        20.00
     199.167     0.956250       151527        22.86
     205.823     0.962500       152518        26.67
     211.455     0.968750       153518        32.00
     214.783     0.971875       154016        35.56
     218.239     0.975000       154498        40.00
     222.463     0.978125       155003        45.71
     227.199     0.981250       155495        53.33
     232.959     0.984375       155984        64.00
     236.799     0.985938       156237        71.11
     241.407     0.987500       156483        80.00
     246.655     0.989062       156729        91.43
     252.671     0.990625       156976       106.67
     259.327     0.992188       157223       128.00
     263.167     0.992969       157343       142.22
     267.519     0.993750       157473       160.00
     271.871     0.994531       157591       182.86
     276.223     0.995313       157716       213.33
     280.831     0.996094       157843       256.00
     282.879     0.996484       157904       284.44
     285.439     0.996875       157965       320.00
     288.511     0.997266       158027       365.71
     292.351     0.997656       158088       426.67
     299.263     0.998047       158149       512.00
     305.151     0.998242       158179       568.89
     311.807     0.998437       158211       640.00
     317.951     0.998633       158241       731.43
     322.047     0.998828       158273       853.33
     327.423     0.999023       158304      1024.00
     330.751     0.999121       158318      1137.78
     337.663     0.999219       158334      1280.00
     344.063     0.999316       158350      1462.86
     347.647     0.999414       158365      1706.67
     351.999     0.999512       158381      2048.00
     354.303     0.999561       158389      2275.56
     356.095     0.999609       158398      2560.00
     359.679     0.999658       158403      2925.71
     362.751     0.999707       158411      3413.33
     366.591     0.999756       158419      4096.00
     368.639     0.999780       158423      4551.11
     371.967     0.999805       158429      5120.00
     373.247     0.999829       158430      5851.43
     374.527     0.999854       158435      6826.67
     377.855     0.999878       158438      8192.00
     378.623     0.999890       158440      9102.22
     380.927     0.999902       158442     10240.00
     382.719     0.999915       158444     11702.86
     385.535     0.999927       158446     13653.33
     398.847     0.999939       158448     16384.00
     399.103     0.999945       158449     18204.44
     406.271     0.999951       158450     20480.00
     410.111     0.999957       158451     23405.71
     411.135     0.999963       158452     27306.67
     412.671     0.999969       158453     32768.00
     412.671     0.999973       158453     36408.89
     413.695     0.999976       158454     40960.00
     413.695     0.999979       158454     46811.43
     413.951     0.999982       158455     54613.33
     413.951     0.999985       158455     65536.00
     413.951     0.999986       158455     72817.78
     417.535     0.999988       158456     81920.00
     417.535     0.999989       158456     93622.86
     417.535     0.999991       158456    109226.67
     417.535     0.999992       158456    131072.00
     417.535     0.999993       158456    145635.56
     470.527     0.999994       158457    163840.00
     470.527     1.000000       158457          inf
#[Mean    =       87.221, StdDeviation   =       53.971]
#[Max     =      470.272, Total count    =       158457]
#[Buckets =           27, SubBuckets     =         2048]
-----------------------------------------------------------------------
  189555 requests in 1.00m, 29.39MB read
Requests/sec:   3164.00  
Transfer/sec:    502.40KB

=== rps=3400 c=578 t=58 url=http://10.10.1.1:14229 ===
setup: assigned thread_id=1
init: final thread_id=1, base_seed=nil
setup: assigned thread_id=2
init: final thread_id=2, base_seed=nil
setup: assigned thread_id=3
init: final thread_id=3, base_seed=nil
setup: assigned thread_id=4
init: final thread_id=4, base_seed=nil
setup: assigned thread_id=5
init: final thread_id=5, base_seed=nil
setup: assigned thread_id=6
init: final thread_id=6, base_seed=nil
setup: assigned thread_id=7
init: final thread_id=7, base_seed=nil
setup: assigned thread_id=8
init: final thread_id=8, base_seed=nil
setup: assigned thread_id=9
init: final thread_id=9, base_seed=nil
setup: assigned thread_id=10
init: final thread_id=10, base_seed=nil
setup: assigned thread_id=11
init: final thread_id=11, base_seed=nil
setup: assigned thread_id=12
init: final thread_id=12, base_seed=nil
setup: assigned thread_id=13
init: final thread_id=13, base_seed=nil
setup: assigned thread_id=14
init: final thread_id=14, base_seed=nil
setup: assigned thread_id=15
init: final thread_id=15, base_seed=nil
setup: assigned thread_id=16
init: final thread_id=16, base_seed=nil
setup: assigned thread_id=17
init: final thread_id=17, base_seed=nil
setup: assigned thread_id=18
init: final thread_id=18, base_seed=nil
setup: assigned thread_id=19
init: final thread_id=19, base_seed=nil
setup: assigned thread_id=20
init: final thread_id=20, base_seed=nil
setup: assigned thread_id=21
init: final thread_id=21, base_seed=nil
setup: assigned thread_id=22
init: final thread_id=22, base_seed=nil
setup: assigned thread_id=23
init: final thread_id=23, base_seed=nil
setup: assigned thread_id=24
init: final thread_id=24, base_seed=nil
setup: assigned thread_id=25
init: final thread_id=25, base_seed=nil
setup: assigned thread_id=26
init: final thread_id=26, base_seed=nil
setup: assigned thread_id=27
init: final thread_id=27, base_seed=nil
setup: assigned thread_id=28
init: final thread_id=28, base_seed=nil
setup: assigned thread_id=29
init: final thread_id=29, base_seed=nil
setup: assigned thread_id=30
init: final thread_id=30, base_seed=nil
setup: assigned thread_id=31
init: final thread_id=31, base_seed=nil
setup: assigned thread_id=32
init: final thread_id=32, base_seed=nil
setup: assigned thread_id=33
init: final thread_id=33, base_seed=nil
setup: assigned thread_id=34
init: final thread_id=34, base_seed=nil
setup: assigned thread_id=35
init: final thread_id=35, base_seed=nil
setup: assigned thread_id=36
init: final thread_id=36, base_seed=nil
setup: assigned thread_id=37
init: final thread_id=37, base_seed=nil
setup: assigned thread_id=38
init: final thread_id=38, base_seed=nil
setup: assigned thread_id=39
init: final thread_id=39, base_seed=nil
setup: assigned thread_id=40
init: final thread_id=40, base_seed=nil
setup: assigned thread_id=41
init: final thread_id=41, base_seed=nil
setup: assigned thread_id=42
init: final thread_id=42, base_seed=nil
setup: assigned thread_id=43
init: final thread_id=43, base_seed=nil
setup: assigned thread_id=44
init: final thread_id=44, base_seed=nil
setup: assigned thread_id=45
init: final thread_id=45, base_seed=nil
setup: assigned thread_id=46
init: final thread_id=46, base_seed=nil
setup: assigned thread_id=47
init: final thread_id=47, base_seed=nil
setup: assigned thread_id=48
init: final thread_id=48, base_seed=nil
setup: assigned thread_id=49
init: final thread_id=49, base_seed=nil
setup: assigned thread_id=50
init: final thread_id=50, base_seed=nil
setup: assigned thread_id=51
init: final thread_id=51, base_seed=nil
setup: assigned thread_id=52
init: final thread_id=52, base_seed=nil
setup: assigned thread_id=53
init: final thread_id=53, base_seed=nil
setup: assigned thread_id=54
init: final thread_id=54, base_seed=nil
setup: assigned thread_id=55
init: final thread_id=55, base_seed=nil
setup: assigned thread_id=56
init: final thread_id=56, base_seed=nil
setup: assigned thread_id=57
init: final thread_id=57, base_seed=nil
setup: assigned thread_id=58
init: final thread_id=58, base_seed=nil
script_want_response
Running 1m test @ http://10.10.1.1:14229
  58 threads and 578 connections

  Thread calibration: mean lat.: 188.417ms, rate sampling interval: 521ms
  Thread calibration: mean lat.: 205.669ms, rate sampling interval: 622ms
  Thread calibration: mean lat.: 193.230ms, rate sampling interval: 525ms
  Thread calibration: mean lat.: 192.321ms, rate sampling interval: 593ms
  Thread calibration: mean lat.: 181.719ms, rate sampling interval: 508ms
  Thread calibration: mean lat.: 219.468ms, rate sampling interval: 617ms
  Thread calibration: mean lat.: 190.448ms, rate sampling interval: 547ms
  Thread calibration: mean lat.: 196.312ms, rate sampling interval: 561ms
  Thread calibration: mean lat.: 231.634ms, rate sampling interval: 644ms
  Thread calibration: mean lat.: 231.466ms, rate sampling interval: 692ms
  Thread calibration: mean lat.: 197.479ms, rate sampling interval: 617ms
  Thread calibration: mean lat.: 208.100ms, rate sampling interval: 635ms
  Thread calibration: mean lat.: 180.505ms, rate sampling interval: 492ms
  Thread calibration: mean lat.: 196.181ms, rate sampling interval: 631ms
  Thread calibration: mean lat.: 188.951ms, rate sampling interval: 563ms
  Thread calibration: mean lat.: 170.368ms, rate sampling interval: 475ms
  Thread calibration: mean lat.: 171.179ms, rate sampling interval: 557ms
  Thread calibration: mean lat.: 186.529ms, rate sampling interval: 522ms
  Thread calibration: mean lat.: 168.488ms, rate sampling interval: 452ms
  Thread calibration: mean lat.: 179.966ms, rate sampling interval: 583ms
  Thread calibration: mean lat.: 173.663ms, rate sampling interval: 558ms
  Thread calibration: mean lat.: 167.251ms, rate sampling interval: 461ms
  Thread calibration: mean lat.: 186.237ms, rate sampling interval: 600ms
  Thread calibration: mean lat.: 184.877ms, rate sampling interval: 563ms
  Thread calibration: mean lat.: 183.663ms, rate sampling interval: 541ms
  Thread calibration: mean lat.: 200.312ms, rate sampling interval: 603ms
  Thread calibration: mean lat.: 186.296ms, rate sampling interval: 535ms
  Thread calibration: mean lat.: 184.664ms, rate sampling interval: 588ms
  Thread calibration: mean lat.: 187.612ms, rate sampling interval: 519ms
  Thread calibration: mean lat.: 164.949ms, rate sampling interval: 492ms
  Thread calibration: mean lat.: 212.996ms, rate sampling interval: 625ms
  Thread calibration: mean lat.: 178.612ms, rate sampling interval: 503ms
  Thread calibration: mean lat.: 197.447ms, rate sampling interval: 606ms
  Thread calibration: mean lat.: 198.195ms, rate sampling interval: 600ms
  Thread calibration: mean lat.: 196.061ms, rate sampling interval: 612ms
  Thread calibration: mean lat.: 195.085ms, rate sampling interval: 517ms
  Thread calibration: mean lat.: 191.329ms, rate sampling interval: 582ms
  Thread calibration: mean lat.: 178.277ms, rate sampling interval: 490ms
  Thread calibration: mean lat.: 199.450ms, rate sampling interval: 589ms
  Thread calibration: mean lat.: 189.409ms, rate sampling interval: 593ms
  Thread calibration: mean lat.: 192.048ms, rate sampling interval: 544ms
  Thread calibration: mean lat.: 181.604ms, rate sampling interval: 489ms
  Thread calibration: mean lat.: 188.820ms, rate sampling interval: 494ms
  Thread calibration: mean lat.: 179.601ms, rate sampling interval: 543ms
  Thread calibration: mean lat.: 189.513ms, rate sampling interval: 574ms
  Thread calibration: mean lat.: 193.789ms, rate sampling interval: 584ms
  Thread calibration: mean lat.: 197.304ms, rate sampling interval: 592ms
  Thread calibration: mean lat.: 176.167ms, rate sampling interval: 479ms
  Thread calibration: mean lat.: 195.615ms, rate sampling interval: 582ms
  Thread calibration: mean lat.: 194.183ms, rate sampling interval: 585ms
  Thread calibration: mean lat.: 191.542ms, rate sampling interval: 592ms
  Thread calibration: mean lat.: 184.856ms, rate sampling interval: 530ms
  Thread calibration: mean lat.: 189.274ms, rate sampling interval: 518ms
  Thread calibration: mean lat.: 171.323ms, rate sampling interval: 458ms
  Thread calibration: mean lat.: 187.636ms, rate sampling interval: 511ms
  Thread calibration: mean lat.: 217.816ms, rate sampling interval: 667ms
  Thread calibration: mean lat.: 197.255ms, rate sampling interval: 509ms
  Thread calibration: mean lat.: 202.210ms, rate sampling interval: 620ms

-----------------------------------------------------------------------
Test Results @ http://10.10.1.1:14229 
  Thread Stats   Avg      Stdev     99%   +/- Stdev
    Latency   108.89ms   58.34ms 264.70ms   65.64%
    Req/Sec    57.65      6.08    73.00     77.08%
  Latency Distribution (HdrHistogram - Recorded Latency)
 50.000%  104.83ms
 75.000%  147.84ms
 90.000%  188.54ms
 99.000%  264.70ms
 99.900%  306.69ms
 99.990%  323.58ms
 99.999%  355.84ms
100.000%  369.92ms

  Detailed Percentile spectrum:
       Value   Percentile   TotalCount 1/(1-Percentile)

      10.135     0.000000            1         1.00
      37.951     0.100000        16815         1.11
      52.479     0.200000        33651         1.25
      66.687     0.300000        50476         1.43
      84.159     0.400000        67268         1.67
     104.831     0.500000        84085         2.00
     114.367     0.550000        92474         2.22
     123.327     0.600000       100907         2.50
     131.967     0.650000       109328         2.86
     140.159     0.700000       117707         3.33
     147.839     0.750000       126168         4.00
     151.807     0.775000       130300         4.44
     156.671     0.800000       134574         5.00
     162.175     0.825000       138704         5.71
     169.343     0.850000       142916         6.67
     177.791     0.875000       147134         8.00
     182.783     0.887500       149227         8.89
     188.543     0.900000       151298        10.00
     195.199     0.912500       153386        11.43
     201.855     0.925000       155505        13.33
     207.743     0.937500       157608        16.00
     210.687     0.943750       158655        17.78
     213.887     0.950000       159708        20.00
     217.471     0.956250       160747        22.86
     222.079     0.962500       161819        26.67
     227.967     0.968750       162858        32.00
     231.679     0.971875       163382        35.56
     235.135     0.975000       163897        40.00
     238.847     0.978125       164416        45.71
     243.711     0.981250       164946        53.33
     249.087     0.984375       165466        64.00
     252.543     0.985938       165737        71.11
     256.767     0.987500       165992        80.00
     262.143     0.989062       166261        91.43
     267.007     0.990625       166525       106.67
     272.127     0.992188       166782       128.00
     274.943     0.992969       166915       142.22
     277.247     0.993750       167042       160.00
     280.575     0.994531       167181       182.86
     283.135     0.995313       167306       213.33
     286.719     0.996094       167441       256.00
     288.767     0.996484       167504       284.44
     291.327     0.996875       167572       320.00
     293.375     0.997266       167637       365.71
     295.935     0.997656       167708       426.67
     298.239     0.998047       167764       512.00
     300.031     0.998242       167799       568.89
     301.823     0.998437       167831       640.00
     303.359     0.998633       167864       731.43
     305.151     0.998828       167900       853.33
     306.943     0.999023       167928      1024.00
     307.967     0.999121       167948      1137.78
     308.735     0.999219       167962      1280.00
     310.271     0.999316       167979      1462.86
     311.295     0.999414       167996      1706.67
     312.319     0.999512       168010      2048.00
     313.343     0.999561       168019      2275.56
     314.367     0.999609       168027      2560.00
     315.647     0.999658       168035      2925.71
     316.927     0.999707       168043      3413.33
     318.463     0.999756       168052      4096.00
     319.231     0.999780       168057      4551.11
     319.999     0.999805       168060      5120.00
     321.535     0.999829       168066      5851.43
     322.559     0.999854       168070      6826.67
     322.815     0.999878       168074      8192.00
     322.815     0.999890       168074      9102.22
     324.351     0.999902       168077     10240.00
     325.119     0.999915       168078     11702.86
     325.887     0.999927       168080     13653.33
     329.471     0.999939       168082     16384.00
     329.727     0.999945       168083     18204.44
     333.311     0.999951       168084     20480.00
     334.079     0.999957       168085     23405.71
     338.943     0.999963       168086     27306.67
     340.479     0.999969       168087     32768.00
     344.319     0.999973       168088     36408.89
     344.319     0.999976       168088     40960.00
     346.623     0.999979       168089     46811.43
     346.623     0.999982       168089     54613.33
     355.839     0.999985       168090     65536.00
     355.839     0.999986       168090     72817.78
     355.839     0.999988       168090     81920.00
     362.495     0.999989       168091     93622.86
     362.495     0.999991       168091    109226.67
     362.495     0.999992       168091    131072.00
     362.495     0.999993       168091    145635.56
     362.495     0.999994       168091    163840.00
     369.919     0.999995       168092    187245.71
     369.919     1.000000       168092          inf
#[Mean    =      108.887, StdDeviation   =       58.336]
#[Max     =      369.664, Total count    =       168092]
#[Buckets =           27, SubBuckets     =         2048]
-----------------------------------------------------------------------
  200950 requests in 1.00m, 31.16MB read
Requests/sec:   3356.34  
Transfer/sec:    532.98KB

=== rps=3600 c=648 t=65 url=http://10.10.1.1:14229 ===
setup: assigned thread_id=1
init: final thread_id=1, base_seed=nil
setup: assigned thread_id=2
init: final thread_id=2, base_seed=nil
setup: assigned thread_id=3
init: final thread_id=3, base_seed=nil
setup: assigned thread_id=4
init: final thread_id=4, base_seed=nil
setup: assigned thread_id=5
init: final thread_id=5, base_seed=nil
setup: assigned thread_id=6
init: final thread_id=6, base_seed=nil
setup: assigned thread_id=7
init: final thread_id=7, base_seed=nil
setup: assigned thread_id=8
init: final thread_id=8, base_seed=nil
setup: assigned thread_id=9
init: final thread_id=9, base_seed=nil
setup: assigned thread_id=10
init: final thread_id=10, base_seed=nil
setup: assigned thread_id=11
init: final thread_id=11, base_seed=nil
setup: assigned thread_id=12
init: final thread_id=12, base_seed=nil
setup: assigned thread_id=13
init: final thread_id=13, base_seed=nil
setup: assigned thread_id=14
init: final thread_id=14, base_seed=nil
setup: assigned thread_id=15
init: final thread_id=15, base_seed=nil
setup: assigned thread_id=16
init: final thread_id=16, base_seed=nil
setup: assigned thread_id=17
init: final thread_id=17, base_seed=nil
setup: assigned thread_id=18
init: final thread_id=18, base_seed=nil
setup: assigned thread_id=19
init: final thread_id=19, base_seed=nil
setup: assigned thread_id=20
init: final thread_id=20, base_seed=nil
setup: assigned thread_id=21
init: final thread_id=21, base_seed=nil
setup: assigned thread_id=22
init: final thread_id=22, base_seed=nil
setup: assigned thread_id=23
init: final thread_id=23, base_seed=nil
setup: assigned thread_id=24
init: final thread_id=24, base_seed=nil
setup: assigned thread_id=25
init: final thread_id=25, base_seed=nil
setup: assigned thread_id=26
init: final thread_id=26, base_seed=nil
setup: assigned thread_id=27
init: final thread_id=27, base_seed=nil
setup: assigned thread_id=28
init: final thread_id=28, base_seed=nil
setup: assigned thread_id=29
init: final thread_id=29, base_seed=nil
setup: assigned thread_id=30
init: final thread_id=30, base_seed=nil
setup: assigned thread_id=31
init: final thread_id=31, base_seed=nil
setup: assigned thread_id=32
init: final thread_id=32, base_seed=nil
setup: assigned thread_id=33
init: final thread_id=33, base_seed=nil
setup: assigned thread_id=34
init: final thread_id=34, base_seed=nil
setup: assigned thread_id=35
init: final thread_id=35, base_seed=nil
setup: assigned thread_id=36
init: final thread_id=36, base_seed=nil
setup: assigned thread_id=37
init: final thread_id=37, base_seed=nil
setup: assigned thread_id=38
init: final thread_id=38, base_seed=nil
setup: assigned thread_id=39
init: final thread_id=39, base_seed=nil
setup: assigned thread_id=40
init: final thread_id=40, base_seed=nil
setup: assigned thread_id=41
init: final thread_id=41, base_seed=nil
setup: assigned thread_id=42
init: final thread_id=42, base_seed=nil
setup: assigned thread_id=43
init: final thread_id=43, base_seed=nil
setup: assigned thread_id=44
init: final thread_id=44, base_seed=nil
setup: assigned thread_id=45
init: final thread_id=45, base_seed=nil
setup: assigned thread_id=46
init: final thread_id=46, base_seed=nil
setup: assigned thread_id=47
init: final thread_id=47, base_seed=nil
setup: assigned thread_id=48
init: final thread_id=48, base_seed=nil
setup: assigned thread_id=49
init: final thread_id=49, base_seed=nil
setup: assigned thread_id=50
init: final thread_id=50, base_seed=nil
setup: assigned thread_id=51
init: final thread_id=51, base_seed=nil
setup: assigned thread_id=52
init: final thread_id=52, base_seed=nil
setup: assigned thread_id=53
init: final thread_id=53, base_seed=nil
setup: assigned thread_id=54
init: final thread_id=54, base_seed=nil
setup: assigned thread_id=55
init: final thread_id=55, base_seed=nil
setup: assigned thread_id=56
init: final thread_id=56, base_seed=nil
setup: assigned thread_id=57
init: final thread_id=57, base_seed=nil
setup: assigned thread_id=58
init: final thread_id=58, base_seed=nil
setup: assigned thread_id=59
init: final thread_id=59, base_seed=nil
setup: assigned thread_id=60
init: final thread_id=60, base_seed=nil
setup: assigned thread_id=61
init: final thread_id=61, base_seed=nil
setup: assigned thread_id=62
init: final thread_id=62, base_seed=nil
setup: assigned thread_id=63
init: final thread_id=63, base_seed=nil
setup: assigned thread_id=64
init: final thread_id=64, base_seed=nil
setup: assigned thread_id=65
init: final thread_id=65, base_seed=nil
script_want_response
Running 1m test @ http://10.10.1.1:14229
  65 threads and 648 connections

  Thread calibration: mean lat.: 315.915ms, rate sampling interval: 908ms
  Thread calibration: mean lat.: 309.409ms, rate sampling interval: 920ms
  Thread calibration: mean lat.: 323.948ms, rate sampling interval: 905ms
  Thread calibration: mean lat.: 338.002ms, rate sampling interval: 923ms
  Thread calibration: mean lat.: 324.705ms, rate sampling interval: 901ms
  Thread calibration: mean lat.: 346.484ms, rate sampling interval: 895ms
  Thread calibration: mean lat.: 358.958ms, rate sampling interval: 983ms
  Thread calibration: mean lat.: 336.842ms, rate sampling interval: 873ms
  Thread calibration: mean lat.: 332.502ms, rate sampling interval: 923ms
  Thread calibration: mean lat.: 358.928ms, rate sampling interval: 983ms
  Thread calibration: mean lat.: 346.789ms, rate sampling interval: 891ms
  Thread calibration: mean lat.: 312.697ms, rate sampling interval: 871ms
  Thread calibration: mean lat.: 341.841ms, rate sampling interval: 983ms
  Thread calibration: mean lat.: 345.365ms, rate sampling interval: 986ms
  Thread calibration: mean lat.: 345.472ms, rate sampling interval: 987ms
  Thread calibration: mean lat.: 333.908ms, rate sampling interval: 987ms
  Thread calibration: mean lat.: 336.272ms, rate sampling interval: 932ms
  Thread calibration: mean lat.: 347.483ms, rate sampling interval: 951ms
  Thread calibration: mean lat.: 315.273ms, rate sampling interval: 921ms
  Thread calibration: mean lat.: 293.632ms, rate sampling interval: 916ms
  Thread calibration: mean lat.: 315.320ms, rate sampling interval: 924ms
  Thread calibration: mean lat.: 335.630ms, rate sampling interval: 931ms
  Thread calibration: mean lat.: 335.319ms, rate sampling interval: 930ms
  Thread calibration: mean lat.: 318.434ms, rate sampling interval: 915ms
  Thread calibration: mean lat.: 290.644ms, rate sampling interval: 852ms
  Thread calibration: mean lat.: 333.408ms, rate sampling interval: 975ms
  Thread calibration: mean lat.: 323.144ms, rate sampling interval: 909ms
  Thread calibration: mean lat.: 315.642ms, rate sampling interval: 930ms
  Thread calibration: mean lat.: 335.140ms, rate sampling interval: 980ms
  Thread calibration: mean lat.: 349.886ms, rate sampling interval: 984ms
  Thread calibration: mean lat.: 358.886ms, rate sampling interval: 991ms
  Thread calibration: mean lat.: 313.093ms, rate sampling interval: 876ms
  Thread calibration: mean lat.: 314.354ms, rate sampling interval: 843ms
  Thread calibration: mean lat.: 322.522ms, rate sampling interval: 940ms
  Thread calibration: mean lat.: 285.866ms, rate sampling interval: 813ms
  Thread calibration: mean lat.: 330.108ms, rate sampling interval: 868ms
  Thread calibration: mean lat.: 331.780ms, rate sampling interval: 947ms
  Thread calibration: mean lat.: 313.128ms, rate sampling interval: 851ms
  Thread calibration: mean lat.: 342.500ms, rate sampling interval: 977ms
  Thread calibration: mean lat.: 316.600ms, rate sampling interval: 944ms
  Thread calibration: mean lat.: 321.653ms, rate sampling interval: 954ms
  Thread calibration: mean lat.: 341.340ms, rate sampling interval: 967ms
  Thread calibration: mean lat.: 332.818ms, rate sampling interval: 924ms
  Thread calibration: mean lat.: 327.034ms, rate sampling interval: 863ms
  Thread calibration: mean lat.: 362.060ms, rate sampling interval: 974ms
  Thread calibration: mean lat.: 339.027ms, rate sampling interval: 953ms
  Thread calibration: mean lat.: 335.078ms, rate sampling interval: 850ms
  Thread calibration: mean lat.: 338.657ms, rate sampling interval: 932ms
  Thread calibration: mean lat.: 357.890ms, rate sampling interval: 951ms
  Thread calibration: mean lat.: 334.132ms, rate sampling interval: 827ms
  Thread calibration: mean lat.: 337.337ms, rate sampling interval: 938ms
  Thread calibration: mean lat.: 334.848ms, rate sampling interval: 907ms
  Thread calibration: mean lat.: 360.910ms, rate sampling interval: 911ms
  Thread calibration: mean lat.: 353.466ms, rate sampling interval: 920ms
  Thread calibration: mean lat.: 377.008ms, rate sampling interval: 995ms
  Thread calibration: mean lat.: 400.030ms, rate sampling interval: 1042ms
  Thread calibration: mean lat.: 392.196ms, rate sampling interval: 1069ms
  Thread calibration: mean lat.: 368.075ms, rate sampling interval: 1007ms
  Thread calibration: mean lat.: 371.002ms, rate sampling interval: 1025ms
  Thread calibration: mean lat.: 348.607ms, rate sampling interval: 1019ms
  Thread calibration: mean lat.: 349.850ms, rate sampling interval: 970ms
  Thread calibration: mean lat.: 355.306ms, rate sampling interval: 1012ms
  Thread calibration: mean lat.: 322.275ms, rate sampling interval: 880ms
  Thread calibration: mean lat.: 336.738ms, rate sampling interval: 898ms
  Thread calibration: mean lat.: 320.131ms, rate sampling interval: 885ms

-----------------------------------------------------------------------
Test Results @ http://10.10.1.1:14229 
  Thread Stats   Avg      Stdev     99%   +/- Stdev
    Latency   297.60ms  182.94ms 826.88ms   69.69%
    Req/Sec    54.80      3.78    66.00     78.63%
  Latency Distribution (HdrHistogram - Recorded Latency)
 50.000%  273.66ms
 75.000%  404.48ms
 90.000%  543.23ms
 99.000%  826.88ms
 99.900%  994.30ms
 99.990%    1.09s 
 99.999%    1.12s 
100.000%    1.15s 

  Detailed Percentile spectrum:
       Value   Percentile   TotalCount 1/(1-Percentile)

      11.631     0.000000            1         1.00
      78.655     0.100000        17947         1.11
     136.703     0.200000        35887         1.25
     175.871     0.300000        53855         1.43
     222.207     0.400000        71776         1.67
     273.663     0.500000        89786         2.00
     298.751     0.550000        98714         2.22
     324.095     0.600000       107668         2.50
     350.207     0.650000       116722         2.86
     376.575     0.700000       125659         3.33
     404.479     0.750000       134572         4.00
     420.351     0.775000       139057         4.44
     438.527     0.800000       143555         5.00
     459.263     0.825000       148033         5.71
     480.511     0.850000       152546         6.67
     507.647     0.875000       156998         8.00
     525.823     0.887500       159287         8.89
     543.231     0.900000       161480        10.00
     563.711     0.912500       163727        11.43
     587.775     0.925000       165969        13.33
     617.983     0.937500       168231        16.00
     633.343     0.943750       169347        17.78
     646.655     0.950000       170450        20.00
     664.575     0.956250       171575        22.86
     686.079     0.962500       172720        26.67
     709.119     0.968750       173817        32.00
     721.919     0.971875       174378        35.56
     735.743     0.975000       174951        40.00
     749.055     0.978125       175505        45.71
     765.439     0.981250       176062        53.33
     786.431     0.984375       176619        64.00
     798.207     0.985938       176904        71.11
     808.447     0.987500       177179        80.00
     820.223     0.989062       177469        91.43
     834.047     0.990625       177741       106.67
     857.087     0.992188       178023       128.00
     869.375     0.992969       178158       142.22
     878.591     0.993750       178301       160.00
     888.831     0.994531       178438       182.86
     903.167     0.995313       178582       213.33
     919.039     0.996094       178721       256.00
     927.743     0.996484       178791       284.44
     935.423     0.996875       178859       320.00
     943.103     0.997266       178930       365.71
     951.807     0.997656       179002       426.67
     963.583     0.998047       179070       512.00
     968.191     0.998242       179103       568.89
     975.359     0.998437       179139       640.00
     980.479     0.998633       179175       731.43
     988.159     0.998828       179208       853.33
     995.839     0.999023       179244      1024.00
    1003.007     0.999121       179261      1137.78
    1010.687     0.999219       179279      1280.00
    1017.343     0.999316       179296      1462.86
    1026.559     0.999414       179313      1706.67
    1038.335     0.999512       179331      2048.00
    1044.479     0.999561       179340      2275.56
    1047.551     0.999609       179349      2560.00
    1053.695     0.999658       179358      2925.71
    1059.839     0.999707       179367      3413.33
    1062.911     0.999756       179376      4096.00
    1063.935     0.999780       179379      4551.11
    1065.983     0.999805       179383      5120.00
    1070.079     0.999829       179388      5851.43
    1074.175     0.999854       179392      6826.67
    1083.391     0.999878       179397      8192.00
    1086.463     0.999890       179399      9102.22
    1088.511     0.999902       179401     10240.00
    1092.607     0.999915       179404     11702.86
    1095.679     0.999927       179405     13653.33
    1099.775     0.999939       179410     16384.00
    1099.775     0.999945       179410     18204.44
    1099.775     0.999951       179410     20480.00
    1100.799     0.999957       179411     23405.71
    1105.919     0.999963       179412     27306.67
    1107.967     0.999969       179413     32768.00
    1117.183     0.999973       179414     36408.89
    1117.183     0.999976       179414     40960.00
    1121.279     0.999979       179415     46811.43
    1121.279     0.999982       179415     54613.33
    1124.351     0.999985       179416     65536.00
    1124.351     0.999986       179416     72817.78
    1124.351     0.999988       179416     81920.00
    1134.591     0.999989       179417     93622.86
    1134.591     0.999991       179417    109226.67
    1134.591     0.999992       179417    131072.00
    1134.591     0.999993       179417    145635.56
    1134.591     0.999994       179417    163840.00
    1145.855     0.999995       179418    187245.71
    1145.855     1.000000       179418          inf
#[Mean    =      297.602, StdDeviation   =      182.938]
#[Max     =     1144.832, Total count    =       179418]
#[Buckets =           27, SubBuckets     =         2048]
-----------------------------------------------------------------------
  213653 requests in 1.00m, 33.13MB read
Requests/sec:   3565.94  
Transfer/sec:    566.24KB

=== rps=3800 c=722 t=73 url=http://10.10.1.1:14229 ===
setup: assigned thread_id=1
init: final thread_id=1, base_seed=nil
setup: assigned thread_id=2
init: final thread_id=2, base_seed=nil
setup: assigned thread_id=3
init: final thread_id=3, base_seed=nil
setup: assigned thread_id=4
init: final thread_id=4, base_seed=nil
setup: assigned thread_id=5
init: final thread_id=5, base_seed=nil
setup: assigned thread_id=6
init: final thread_id=6, base_seed=nil
setup: assigned thread_id=7
init: final thread_id=7, base_seed=nil
setup: assigned thread_id=8
init: final thread_id=8, base_seed=nil
setup: assigned thread_id=9
init: final thread_id=9, base_seed=nil
setup: assigned thread_id=10
init: final thread_id=10, base_seed=nil
setup: assigned thread_id=11
init: final thread_id=11, base_seed=nil
setup: assigned thread_id=12
init: final thread_id=12, base_seed=nil
setup: assigned thread_id=13
init: final thread_id=13, base_seed=nil
setup: assigned thread_id=14
init: final thread_id=14, base_seed=nil
setup: assigned thread_id=15
init: final thread_id=15, base_seed=nil
setup: assigned thread_id=16
init: final thread_id=16, base_seed=nil
setup: assigned thread_id=17
init: final thread_id=17, base_seed=nil
setup: assigned thread_id=18
init: final thread_id=18, base_seed=nil
setup: assigned thread_id=19
init: final thread_id=19, base_seed=nil
setup: assigned thread_id=20
init: final thread_id=20, base_seed=nil
setup: assigned thread_id=21
init: final thread_id=21, base_seed=nil
setup: assigned thread_id=22
init: final thread_id=22, base_seed=nil
setup: assigned thread_id=23
init: final thread_id=23, base_seed=nil
setup: assigned thread_id=24
init: final thread_id=24, base_seed=nil
setup: assigned thread_id=25
init: final thread_id=25, base_seed=nil
setup: assigned thread_id=26
init: final thread_id=26, base_seed=nil
setup: assigned thread_id=27
init: final thread_id=27, base_seed=nil
setup: assigned thread_id=28
init: final thread_id=28, base_seed=nil
setup: assigned thread_id=29
init: final thread_id=29, base_seed=nil
setup: assigned thread_id=30
init: final thread_id=30, base_seed=nil
setup: assigned thread_id=31
init: final thread_id=31, base_seed=nil
setup: assigned thread_id=32
init: final thread_id=32, base_seed=nil
setup: assigned thread_id=33
init: final thread_id=33, base_seed=nil
setup: assigned thread_id=34
init: final thread_id=34, base_seed=nil
setup: assigned thread_id=35
init: final thread_id=35, base_seed=nil
setup: assigned thread_id=36
init: final thread_id=36, base_seed=nil
setup: assigned thread_id=37
init: final thread_id=37, base_seed=nil
setup: assigned thread_id=38
init: final thread_id=38, base_seed=nil
setup: assigned thread_id=39
init: final thread_id=39, base_seed=nil
setup: assigned thread_id=40
init: final thread_id=40, base_seed=nil
setup: assigned thread_id=41
init: final thread_id=41, base_seed=nil
setup: assigned thread_id=42
init: final thread_id=42, base_seed=nil
setup: assigned thread_id=43
init: final thread_id=43, base_seed=nil
setup: assigned thread_id=44
init: final thread_id=44, base_seed=nil
setup: assigned thread_id=45
init: final thread_id=45, base_seed=nil
setup: assigned thread_id=46
init: final thread_id=46, base_seed=nil
setup: assigned thread_id=47
init: final thread_id=47, base_seed=nil
setup: assigned thread_id=48
init: final thread_id=48, base_seed=nil
setup: assigned thread_id=49
init: final thread_id=49, base_seed=nil
setup: assigned thread_id=50
init: final thread_id=50, base_seed=nil
setup: assigned thread_id=51
init: final thread_id=51, base_seed=nil
setup: assigned thread_id=52
init: final thread_id=52, base_seed=nil
setup: assigned thread_id=53
init: final thread_id=53, base_seed=nil
setup: assigned thread_id=54
init: final thread_id=54, base_seed=nil
setup: assigned thread_id=55
init: final thread_id=55, base_seed=nil
setup: assigned thread_id=56
init: final thread_id=56, base_seed=nil
setup: assigned thread_id=57
init: final thread_id=57, base_seed=nil
setup: assigned thread_id=58
init: final thread_id=58, base_seed=nil
setup: assigned thread_id=59
init: final thread_id=59, base_seed=nil
setup: assigned thread_id=60
init: final thread_id=60, base_seed=nil
setup: assigned thread_id=61
init: final thread_id=61, base_seed=nil
setup: assigned thread_id=62
init: final thread_id=62, base_seed=nil
setup: assigned thread_id=63
init: final thread_id=63, base_seed=nil
setup: assigned thread_id=64
init: final thread_id=64, base_seed=nil
setup: assigned thread_id=65
init: final thread_id=65, base_seed=nil
setup: assigned thread_id=66
init: final thread_id=66, base_seed=nil
setup: assigned thread_id=67
init: final thread_id=67, base_seed=nil
setup: assigned thread_id=68
init: final thread_id=68, base_seed=nil
setup: assigned thread_id=69
init: final thread_id=69, base_seed=nil
setup: assigned thread_id=70
init: final thread_id=70, base_seed=nil
setup: assigned thread_id=71
init: final thread_id=71, base_seed=nil
setup: assigned thread_id=72
init: final thread_id=72, base_seed=nil
setup: assigned thread_id=73
init: final thread_id=73, base_seed=nil
script_want_response
Running 1m test @ http://10.10.1.1:14229
  73 threads and 722 connections

  Thread calibration: mean lat.: 359.682ms, rate sampling interval: 1791ms
  Thread calibration: mean lat.: 347.450ms, rate sampling interval: 1663ms
  Thread calibration: mean lat.: 352.997ms, rate sampling interval: 1688ms
  Thread calibration: mean lat.: 348.843ms, rate sampling interval: 1657ms
  Thread calibration: mean lat.: 319.343ms, rate sampling interval: 1633ms
  Thread calibration: mean lat.: 335.176ms, rate sampling interval: 1659ms
  Thread calibration: mean lat.: 341.299ms, rate sampling interval: 1681ms
  Thread calibration: mean lat.: 326.662ms, rate sampling interval: 1559ms
  Thread calibration: mean lat.: 343.108ms, rate sampling interval: 1724ms
  Thread calibration: mean lat.: 337.310ms, rate sampling interval: 1680ms
  Thread calibration: mean lat.: 344.542ms, rate sampling interval: 1687ms
  Thread calibration: mean lat.: 334.284ms, rate sampling interval: 1694ms
  Thread calibration: mean lat.: 338.718ms, rate sampling interval: 1673ms
  Thread calibration: mean lat.: 345.189ms, rate sampling interval: 1734ms
  Thread calibration: mean lat.: 344.202ms, rate sampling interval: 1670ms
  Thread calibration: mean lat.: 377.366ms, rate sampling interval: 1692ms
  Thread calibration: mean lat.: 344.019ms, rate sampling interval: 1702ms
  Thread calibration: mean lat.: 353.195ms, rate sampling interval: 1707ms
  Thread calibration: mean lat.: 355.721ms, rate sampling interval: 1711ms
  Thread calibration: mean lat.: 364.153ms, rate sampling interval: 1768ms
  Thread calibration: mean lat.: 340.451ms, rate sampling interval: 1640ms
  Thread calibration: mean lat.: 356.187ms, rate sampling interval: 1746ms
  Thread calibration: mean lat.: 342.700ms, rate sampling interval: 1633ms
  Thread calibration: mean lat.: 343.592ms, rate sampling interval: 1698ms
  Thread calibration: mean lat.: 328.877ms, rate sampling interval: 1612ms
  Thread calibration: mean lat.: 328.702ms, rate sampling interval: 1596ms
  Thread calibration: mean lat.: 350.874ms, rate sampling interval: 1768ms
  Thread calibration: mean lat.: 341.391ms, rate sampling interval: 1691ms
  Thread calibration: mean lat.: 335.694ms, rate sampling interval: 1696ms
  Thread calibration: mean lat.: 335.275ms, rate sampling interval: 1717ms
  Thread calibration: mean lat.: 332.000ms, rate sampling interval: 1663ms
  Thread calibration: mean lat.: 401.482ms, rate sampling interval: 1796ms
  Thread calibration: mean lat.: 394.917ms, rate sampling interval: 1763ms
  Thread calibration: mean lat.: 319.354ms, rate sampling interval: 1599ms
  Thread calibration: mean lat.: 339.132ms, rate sampling interval: 1695ms
  Thread calibration: mean lat.: 316.472ms, rate sampling interval: 1587ms
  Thread calibration: mean lat.: 323.879ms, rate sampling interval: 1601ms
  Thread calibration: mean lat.: 335.659ms, rate sampling interval: 1678ms
  Thread calibration: mean lat.: 349.792ms, rate sampling interval: 1703ms
  Thread calibration: mean lat.: 329.855ms, rate sampling interval: 1602ms
  Thread calibration: mean lat.: 359.258ms, rate sampling interval: 1717ms
  Thread calibration: mean lat.: 347.838ms, rate sampling interval: 1686ms
  Thread calibration: mean lat.: 346.315ms, rate sampling interval: 1638ms
  Thread calibration: mean lat.: 357.283ms, rate sampling interval: 1757ms
  Thread calibration: mean lat.: 369.164ms, rate sampling interval: 1747ms
  Thread calibration: mean lat.: 398.050ms, rate sampling interval: 1879ms
  Thread calibration: mean lat.: 358.821ms, rate sampling interval: 1676ms
  Thread calibration: mean lat.: 379.354ms, rate sampling interval: 1786ms
  Thread calibration: mean lat.: 370.451ms, rate sampling interval: 1740ms
  Thread calibration: mean lat.: 356.832ms, rate sampling interval: 1667ms
  Thread calibration: mean lat.: 360.904ms, rate sampling interval: 1730ms
  Thread calibration: mean lat.: 362.560ms, rate sampling interval: 1734ms
  Thread calibration: mean lat.: 358.246ms, rate sampling interval: 1740ms
  Thread calibration: mean lat.: 366.387ms, rate sampling interval: 1751ms
  Thread calibration: mean lat.: 345.062ms, rate sampling interval: 1648ms
  Thread calibration: mean lat.: 356.950ms, rate sampling interval: 1663ms
  Thread calibration: mean lat.: 361.786ms, rate sampling interval: 1727ms
  Thread calibration: mean lat.: 360.120ms, rate sampling interval: 1732ms
  Thread calibration: mean lat.: 361.747ms, rate sampling interval: 1747ms
  Thread calibration: mean lat.: 356.075ms, rate sampling interval: 1703ms
  Thread calibration: mean lat.: 334.604ms, rate sampling interval: 1604ms
  Thread calibration: mean lat.: 359.809ms, rate sampling interval: 1715ms
  Thread calibration: mean lat.: 345.838ms, rate sampling interval: 1659ms
  Thread calibration: mean lat.: 351.319ms, rate sampling interval: 1681ms
  Thread calibration: mean lat.: 364.884ms, rate sampling interval: 1777ms
  Thread calibration: mean lat.: 370.519ms, rate sampling interval: 1796ms
  Thread calibration: mean lat.: 348.333ms, rate sampling interval: 1660ms
  Thread calibration: mean lat.: 378.205ms, rate sampling interval: 1812ms
  Thread calibration: mean lat.: 359.202ms, rate sampling interval: 1707ms
  Thread calibration: mean lat.: 366.724ms, rate sampling interval: 1731ms
  Thread calibration: mean lat.: 382.402ms, rate sampling interval: 1813ms
  Thread calibration: mean lat.: 379.356ms, rate sampling interval: 1797ms
  Thread calibration: mean lat.: 394.064ms, rate sampling interval: 1730ms

-----------------------------------------------------------------------
Test Results @ http://10.10.1.1:14229 
  Thread Stats   Avg      Stdev     99%   +/- Stdev
    Latency     1.98s   470.38ms   3.08s    66.99%
    Req/Sec    50.61      2.76    56.00     85.08%
  Latency Distribution (HdrHistogram - Recorded Latency)
 50.000%    1.97s 
 75.000%    2.28s 
 90.000%    2.63s 
 99.000%    3.08s 
 99.900%    3.47s 
 99.990%    3.74s 
 99.999%    3.80s 
100.000%    3.93s 

  Detailed Percentile spectrum:
       Value   Percentile   TotalCount 1/(1-Percentile)

     637.951     0.000000            1         1.00
    1361.919     0.100000        18619         1.11
    1569.791     0.200000        37305         1.25
    1722.367     0.300000        55927         1.43
    1852.415     0.400000        74478         1.67
    1969.151     0.500000        93103         2.00
    2023.423     0.550000       102291         2.22
    2079.743     0.600000       111633         2.50
    2140.159     0.650000       120865         2.86
    2205.695     0.700000       130194         3.33
    2281.471     0.750000       139532         4.00
    2326.527     0.775000       144145         4.44
    2373.631     0.800000       148755         5.00
    2426.879     0.825000       153539         5.71
    2486.271     0.850000       158166         6.67
    2551.807     0.875000       162732         8.00
    2588.671     0.887500       165150         8.89
    2625.535     0.900000       167349        10.00
    2664.447     0.912500       169741        11.43
    2707.455     0.925000       172076        13.33
    2754.559     0.937500       174403        16.00
    2777.087     0.943750       175539        17.78
    2801.663     0.950000       176732        20.00
    2828.287     0.956250       177874        22.86
    2856.959     0.962500       179036        26.67
    2887.679     0.968750       180153        32.00
    2906.111     0.971875       180751        35.56
    2926.591     0.975000       181302        40.00
    2949.119     0.978125       181925        45.71
    2971.647     0.981250       182495        53.33
    3002.367     0.984375       183051        64.00
    3020.799     0.985938       183361        71.11
    3041.279     0.987500       183624        80.00
    3065.855     0.989062       183917        91.43
    3096.575     0.990625       184211       106.67
    3127.295     0.992188       184499       128.00
    3145.727     0.992969       184654       142.22
    3164.159     0.993750       184786       160.00
    3186.687     0.994531       184927       182.86
    3221.503     0.995313       185076       213.33
    3252.223     0.996094       185216       256.00
    3270.655     0.996484       185291       284.44
    3289.087     0.996875       185367       320.00
    3309.567     0.997266       185434       365.71
    3346.431     0.997656       185508       426.67
    3366.911     0.998047       185578       512.00
    3383.295     0.998242       185614       568.89
    3401.727     0.998437       185654       640.00
    3418.111     0.998633       185687       731.43
    3444.735     0.998828       185725       853.33
    3471.359     0.999023       185760      1024.00
    3495.935     0.999121       185777      1137.78
    3512.319     0.999219       185799      1280.00
    3520.511     0.999316       185815      1462.86
    3538.943     0.999414       185832      1706.67
    3565.567     0.999512       185851      2048.00
    3588.095     0.999561       185859      2275.56
    3598.335     0.999609       185869      2560.00
    3608.575     0.999658       185877      2925.71
    3622.911     0.999707       185886      3413.33
    3657.727     0.999756       185896      4096.00
    3667.967     0.999780       185900      4551.11
    3672.063     0.999805       185904      5120.00
    3688.447     0.999829       185909      5851.43
    3700.735     0.999854       185915      6826.67
    3715.071     0.999878       185919      8192.00
    3723.263     0.999890       185920      9102.22
    3747.839     0.999902       185922     10240.00
    3758.079     0.999915       185925     11702.86
    3760.127     0.999927       185928     13653.33
    3764.223     0.999939       185929     16384.00
    3766.271     0.999945       185930     18204.44
    3770.367     0.999951       185931     20480.00
    3772.415     0.999957       185933     23405.71
    3776.511     0.999963       185934     27306.67
    3778.559     0.999969       185935     32768.00
    3778.559     0.999973       185935     36408.89
    3788.799     0.999976       185936     40960.00
    3790.847     0.999979       185937     46811.43
    3790.847     0.999982       185937     54613.33
    3799.039     0.999985       185938     65536.00
    3799.039     0.999986       185938     72817.78
    3799.039     0.999988       185938     81920.00
    3921.919     0.999989       185939     93622.86
    3921.919     0.999991       185939    109226.67
    3921.919     0.999992       185939    131072.00
    3921.919     0.999993       185939    145635.56
    3921.919     0.999994       185939    163840.00
    3930.111     0.999995       185940    187245.71
    3930.111     1.000000       185940          inf
#[Mean    =     1979.561, StdDeviation   =      470.376]
#[Max     =     3928.064, Total count    =       185940]
#[Buckets =           27, SubBuckets     =         2048]
-----------------------------------------------------------------------
  219549 requests in 1.00m, 34.04MB read
Requests/sec:   3671.55  
Transfer/sec:    582.86KB

=== rps=4000 c=800 t=80 url=http://10.10.1.1:14229 ===
setup: assigned thread_id=1
init: final thread_id=1, base_seed=nil
setup: assigned thread_id=2
init: final thread_id=2, base_seed=nil
setup: assigned thread_id=3
init: final thread_id=3, base_seed=nil
setup: assigned thread_id=4
init: final thread_id=4, base_seed=nil
setup: assigned thread_id=5
init: final thread_id=5, base_seed=nil
setup: assigned thread_id=6
init: final thread_id=6, base_seed=nil
setup: assigned thread_id=7
init: final thread_id=7, base_seed=nil
setup: assigned thread_id=8
init: final thread_id=8, base_seed=nil
setup: assigned thread_id=9
init: final thread_id=9, base_seed=nil
setup: assigned thread_id=10
init: final thread_id=10, base_seed=nil
setup: assigned thread_id=11
init: final thread_id=11, base_seed=nil
setup: assigned thread_id=12
init: final thread_id=12, base_seed=nil
setup: assigned thread_id=13
init: final thread_id=13, base_seed=nil
setup: assigned thread_id=14
init: final thread_id=14, base_seed=nil
setup: assigned thread_id=15
init: final thread_id=15, base_seed=nil
setup: assigned thread_id=16
init: final thread_id=16, base_seed=nil
setup: assigned thread_id=17
init: final thread_id=17, base_seed=nil
setup: assigned thread_id=18
init: final thread_id=18, base_seed=nil
setup: assigned thread_id=19
init: final thread_id=19, base_seed=nil
setup: assigned thread_id=20
init: final thread_id=20, base_seed=nil
setup: assigned thread_id=21
init: final thread_id=21, base_seed=nil
setup: assigned thread_id=22
init: final thread_id=22, base_seed=nil
setup: assigned thread_id=23
init: final thread_id=23, base_seed=nil
setup: assigned thread_id=24
init: final thread_id=24, base_seed=nil
setup: assigned thread_id=25
init: final thread_id=25, base_seed=nil
setup: assigned thread_id=26
init: final thread_id=26, base_seed=nil
setup: assigned thread_id=27
init: final thread_id=27, base_seed=nil
setup: assigned thread_id=28
init: final thread_id=28, base_seed=nil
setup: assigned thread_id=29
init: final thread_id=29, base_seed=nil
setup: assigned thread_id=30
init: final thread_id=30, base_seed=nil
setup: assigned thread_id=31
init: final thread_id=31, base_seed=nil
setup: assigned thread_id=32
init: final thread_id=32, base_seed=nil
setup: assigned thread_id=33
init: final thread_id=33, base_seed=nil
setup: assigned thread_id=34
init: final thread_id=34, base_seed=nil
setup: assigned thread_id=35
init: final thread_id=35, base_seed=nil
setup: assigned thread_id=36
init: final thread_id=36, base_seed=nil
setup: assigned thread_id=37
init: final thread_id=37, base_seed=nil
setup: assigned thread_id=38
init: final thread_id=38, base_seed=nil
setup: assigned thread_id=39
init: final thread_id=39, base_seed=nil
setup: assigned thread_id=40
init: final thread_id=40, base_seed=nil
setup: assigned thread_id=41
init: final thread_id=41, base_seed=nil
setup: assigned thread_id=42
init: final thread_id=42, base_seed=nil
setup: assigned thread_id=43
init: final thread_id=43, base_seed=nil
setup: assigned thread_id=44
init: final thread_id=44, base_seed=nil
setup: assigned thread_id=45
init: final thread_id=45, base_seed=nil
setup: assigned thread_id=46
init: final thread_id=46, base_seed=nil
setup: assigned thread_id=47
init: final thread_id=47, base_seed=nil
setup: assigned thread_id=48
init: final thread_id=48, base_seed=nil
setup: assigned thread_id=49
init: final thread_id=49, base_seed=nil
setup: assigned thread_id=50
init: final thread_id=50, base_seed=nil
setup: assigned thread_id=51
init: final thread_id=51, base_seed=nil
setup: assigned thread_id=52
init: final thread_id=52, base_seed=nil
setup: assigned thread_id=53
init: final thread_id=53, base_seed=nil
setup: assigned thread_id=54
init: final thread_id=54, base_seed=nil
setup: assigned thread_id=55
init: final thread_id=55, base_seed=nil
setup: assigned thread_id=56
init: final thread_id=56, base_seed=nil
setup: assigned thread_id=57
init: final thread_id=57, base_seed=nil
setup: assigned thread_id=58
init: final thread_id=58, base_seed=nil
setup: assigned thread_id=59
init: final thread_id=59, base_seed=nil
setup: assigned thread_id=60
init: final thread_id=60, base_seed=nil
setup: assigned thread_id=61
init: final thread_id=61, base_seed=nil
setup: assigned thread_id=62
init: final thread_id=62, base_seed=nil
setup: assigned thread_id=63
init: final thread_id=63, base_seed=nil
setup: assigned thread_id=64
init: final thread_id=64, base_seed=nil
setup: assigned thread_id=65
init: final thread_id=65, base_seed=nil
setup: assigned thread_id=66
init: final thread_id=66, base_seed=nil
setup: assigned thread_id=67
init: final thread_id=67, base_seed=nil
setup: assigned thread_id=68
init: final thread_id=68, base_seed=nil
setup: assigned thread_id=69
init: final thread_id=69, base_seed=nil
setup: assigned thread_id=70
init: final thread_id=70, base_seed=nil
setup: assigned thread_id=71
init: final thread_id=71, base_seed=nil
setup: assigned thread_id=72
init: final thread_id=72, base_seed=nil
setup: assigned thread_id=73
init: final thread_id=73, base_seed=nil
setup: assigned thread_id=74
init: final thread_id=74, base_seed=nil
setup: assigned thread_id=75
init: final thread_id=75, base_seed=nil
setup: assigned thread_id=76
init: final thread_id=76, base_seed=nil
setup: assigned thread_id=77
init: final thread_id=77, base_seed=nil
setup: assigned thread_id=78
init: final thread_id=78, base_seed=nil
setup: assigned thread_id=79
init: final thread_id=79, base_seed=nil
setup: assigned thread_id=80
init: final thread_id=80, base_seed=nil
script_want_response
Running 1m test @ http://10.10.1.1:14229
  80 threads and 800 connections

  Thread calibration: mean lat.: 322.231ms, rate sampling interval: 1035ms
  Thread calibration: mean lat.: 338.854ms, rate sampling interval: 1110ms
  Thread calibration: mean lat.: 323.575ms, rate sampling interval: 1087ms
  Thread calibration: mean lat.: 349.512ms, rate sampling interval: 1070ms
  Thread calibration: mean lat.: 283.830ms, rate sampling interval: 939ms
  Thread calibration: mean lat.: 308.064ms, rate sampling interval: 989ms
  Thread calibration: mean lat.: 310.828ms, rate sampling interval: 1034ms
  Thread calibration: mean lat.: 309.164ms, rate sampling interval: 1001ms
  Thread calibration: mean lat.: 343.830ms, rate sampling interval: 1129ms
  Thread calibration: mean lat.: 353.687ms, rate sampling interval: 1265ms
  Thread calibration: mean lat.: 310.364ms, rate sampling interval: 973ms
  Thread calibration: mean lat.: 322.077ms, rate sampling interval: 1129ms
  Thread calibration: mean lat.: 279.034ms, rate sampling interval: 884ms
  Thread calibration: mean lat.: 314.234ms, rate sampling interval: 970ms
  Thread calibration: mean lat.: 293.968ms, rate sampling interval: 872ms
  Thread calibration: mean lat.: 364.322ms, rate sampling interval: 1269ms
  Thread calibration: mean lat.: 306.990ms, rate sampling interval: 968ms
  Thread calibration: mean lat.: 301.218ms, rate sampling interval: 951ms
  Thread calibration: mean lat.: 311.556ms, rate sampling interval: 1011ms
  Thread calibration: mean lat.: 338.591ms, rate sampling interval: 1186ms
  Thread calibration: mean lat.: 264.914ms, rate sampling interval: 814ms
  Thread calibration: mean lat.: 307.487ms, rate sampling interval: 1054ms
  Thread calibration: mean lat.: 278.007ms, rate sampling interval: 862ms
  Thread calibration: mean lat.: 300.183ms, rate sampling interval: 959ms
  Thread calibration: mean lat.: 279.363ms, rate sampling interval: 859ms
  Thread calibration: mean lat.: 315.326ms, rate sampling interval: 1016ms
  Thread calibration: mean lat.: 313.535ms, rate sampling interval: 1072ms
  Thread calibration: mean lat.: 300.433ms, rate sampling interval: 956ms
  Thread calibration: mean lat.: 334.812ms, rate sampling interval: 1135ms
  Thread calibration: mean lat.: 307.683ms, rate sampling interval: 1070ms
  Thread calibration: mean lat.: 279.982ms, rate sampling interval: 912ms
  Thread calibration: mean lat.: 350.232ms, rate sampling interval: 1323ms
  Thread calibration: mean lat.: 339.929ms, rate sampling interval: 1115ms
  Thread calibration: mean lat.: 345.702ms, rate sampling interval: 1160ms
  Thread calibration: mean lat.: 297.677ms, rate sampling interval: 1058ms
  Thread calibration: mean lat.: 326.887ms, rate sampling interval: 1158ms
  Thread calibration: mean lat.: 305.255ms, rate sampling interval: 1023ms
  Thread calibration: mean lat.: 288.261ms, rate sampling interval: 965ms
  Thread calibration: mean lat.: 289.488ms, rate sampling interval: 906ms
  Thread calibration: mean lat.: 359.912ms, rate sampling interval: 1190ms
  Thread calibration: mean lat.: 300.856ms, rate sampling interval: 991ms
  Thread calibration: mean lat.: 319.440ms, rate sampling interval: 1092ms
  Thread calibration: mean lat.: 346.741ms, rate sampling interval: 1170ms
  Thread calibration: mean lat.: 348.762ms, rate sampling interval: 1183ms
  Thread calibration: mean lat.: 343.531ms, rate sampling interval: 1163ms
  Thread calibration: mean lat.: 327.187ms, rate sampling interval: 967ms
  Thread calibration: mean lat.: 356.129ms, rate sampling interval: 1134ms
  Thread calibration: mean lat.: 315.339ms, rate sampling interval: 952ms
  Thread calibration: mean lat.: 328.029ms, rate sampling interval: 987ms
  Thread calibration: mean lat.: 334.249ms, rate sampling interval: 1092ms
  Thread calibration: mean lat.: 295.202ms, rate sampling interval: 854ms
  Thread calibration: mean lat.: 313.873ms, rate sampling interval: 1018ms
  Thread calibration: mean lat.: 394.029ms, rate sampling interval: 1427ms
  Thread calibration: mean lat.: 337.103ms, rate sampling interval: 1079ms
  Thread calibration: mean lat.: 332.398ms, rate sampling interval: 1009ms
  Thread calibration: mean lat.: 333.941ms, rate sampling interval: 1049ms
  Thread calibration: mean lat.: 380.739ms, rate sampling interval: 1478ms
  Thread calibration: mean lat.: 296.656ms, rate sampling interval: 821ms
  Thread calibration: mean lat.: 311.194ms, rate sampling interval: 974ms
  Thread calibration: mean lat.: 318.044ms, rate sampling interval: 1010ms
  Thread calibration: mean lat.: 314.304ms, rate sampling interval: 984ms
  Thread calibration: mean lat.: 279.815ms, rate sampling interval: 895ms
  Thread calibration: mean lat.: 321.227ms, rate sampling interval: 1128ms
  Thread calibration: mean lat.: 316.491ms, rate sampling interval: 830ms
  Thread calibration: mean lat.: 315.194ms, rate sampling interval: 1055ms
  Thread calibration: mean lat.: 394.569ms, rate sampling interval: 1248ms
  Thread calibration: mean lat.: 399.850ms, rate sampling interval: 1283ms
  Thread calibration: mean lat.: 343.181ms, rate sampling interval: 1093ms
  Thread calibration: mean lat.: 345.650ms, rate sampling interval: 1104ms
  Thread calibration: mean lat.: 318.932ms, rate sampling interval: 938ms
  Thread calibration: mean lat.: 332.647ms, rate sampling interval: 1015ms
  Thread calibration: mean lat.: 290.417ms, rate sampling interval: 912ms
  Thread calibration: mean lat.: 295.834ms, rate sampling interval: 972ms
  Thread calibration: mean lat.: 305.208ms, rate sampling interval: 953ms
  Thread calibration: mean lat.: 341.311ms, rate sampling interval: 1020ms
  Thread calibration: mean lat.: 350.774ms, rate sampling interval: 1182ms
  Thread calibration: mean lat.: 352.128ms, rate sampling interval: 1072ms
  Thread calibration: mean lat.: 300.888ms, rate sampling interval: 979ms
  Thread calibration: mean lat.: 358.431ms, rate sampling interval: 1243ms
  Thread calibration: mean lat.: 355.690ms, rate sampling interval: 1136ms

-----------------------------------------------------------------------
Test Results @ http://10.10.1.1:14229 
  Thread Stats   Avg      Stdev     99%   +/- Stdev
    Latency     3.10s     1.87s    8.68s    62.77%
    Req/Sec    43.73      3.49    50.00     85.98%
  Latency Distribution (HdrHistogram - Recorded Latency)
 50.000%    2.79s 
 75.000%    4.55s 
 90.000%    5.48s 
 99.000%    8.68s 
 99.900%    9.80s 
 99.990%   10.22s 
 99.999%   10.40s 
100.000%   10.44s 

  Detailed Percentile spectrum:
       Value   Percentile   TotalCount 1/(1-Percentile)

     173.567     0.000000            1         1.00
     777.727     0.100000        17656         1.11
    1248.255     0.200000        35275         1.25
    1894.399     0.300000        52894         1.43
    2330.623     0.400000        70591         1.67
    2793.471     0.500000        88142         2.00
    3100.671     0.550000        97011         2.22
    3446.783     0.600000       105796         2.50
    3817.471     0.650000       114617         2.86
    4210.687     0.700000       123457         3.33
    4546.559     0.750000       132327         4.00
    4694.015     0.775000       136701         4.44
    4841.471     0.800000       141167         5.00
    4980.735     0.825000       145485         5.71
    5128.191     0.850000       149848         6.67
    5296.127     0.875000       154321         8.00
    5382.143     0.887500       156529         8.89
    5480.447     0.900000       158723        10.00
    5591.039     0.912500       160914        11.43
    5722.111     0.925000       163147        13.33
    5869.567     0.937500       165283        16.00
    5967.871     0.943750       166407        17.78
    6078.463     0.950000       167502        20.00
    6230.015     0.956250       168591        22.86
    6443.007     0.962500       169674        26.67
    6758.399     0.968750       170778        32.00
    6967.295     0.971875       171329        35.56
    7237.631     0.975000       171878        40.00
    7491.583     0.978125       172427        45.71
    7786.495     0.981250       172980        53.33
    8097.791     0.984375       173533        64.00
    8249.343     0.985938       173806        71.11
    8445.951     0.987500       174093        80.00
    8585.215     0.989062       174362        91.43
    8757.247     0.990625       174640       106.67
    8912.895     0.992188       174914       128.00
    8986.623     0.992969       175051       142.22
    9060.351     0.993750       175190       160.00
    9142.271     0.994531       175329       182.86
    9232.383     0.995313       175478       213.33
    9314.303     0.996094       175599       256.00
    9363.455     0.996484       175663       284.44
    9412.607     0.996875       175733       320.00
    9469.951     0.997266       175806       365.71
    9535.487     0.997656       175870       426.67
    9617.407     0.998047       175944       512.00
    9650.175     0.998242       175985       568.89
    9682.943     0.998437       176018       640.00
    9715.711     0.998633       176041       731.43
    9764.863     0.998828       176081       853.33
    9797.631     0.999023       176110      1024.00
    9830.399     0.999121       176129      1137.78
    9871.359     0.999219       176150      1280.00
    9895.935     0.999316       176166      1462.86
    9928.703     0.999414       176181      1706.67
    9969.663     0.999512       176202      2048.00
    9977.855     0.999561       176206      2275.56
   10010.623     0.999609       176216      2560.00
   10035.199     0.999658       176223      2925.71
   10067.967     0.999707       176231      3413.33
   10108.927     0.999756       176240      4096.00
   10125.311     0.999780       176247      4551.11
   10133.503     0.999805       176249      5120.00
   10158.079     0.999829       176252      5851.43
   10190.847     0.999854       176259      6826.67
   10207.231     0.999878       176261      8192.00
   10215.423     0.999890       176264      9102.22
   10223.615     0.999902       176266     10240.00
   10231.807     0.999915       176267     11702.86
   10264.575     0.999927       176270     13653.33
   10272.767     0.999939       176273     16384.00
   10272.767     0.999945       176273     18204.44
   10313.727     0.999951       176274     20480.00
   10330.111     0.999957       176275     23405.71
   10338.303     0.999963       176276     27306.67
   10362.879     0.999969       176278     32768.00
   10362.879     0.999973       176278     36408.89
   10362.879     0.999976       176278     40960.00
   10379.263     0.999979       176279     46811.43
   10379.263     0.999982       176279     54613.33
   10403.839     0.999985       176280     65536.00
   10403.839     0.999986       176280     72817.78
   10403.839     0.999988       176280     81920.00
   10428.415     0.999989       176281     93622.86
   10428.415     0.999991       176281    109226.67
   10428.415     0.999992       176281    131072.00
   10428.415     0.999993       176281    145635.56
   10428.415     0.999994       176281    163840.00
   10436.607     0.999995       176282    187245.71
   10436.607     1.000000       176282          inf
#[Mean    =     3102.179, StdDeviation   =     1873.812]
#[Max     =    10428.416, Total count    =       176282]
#[Buckets =           27, SubBuckets     =         2048]
-----------------------------------------------------------------------
  213748 requests in 1.00m, 33.15MB read
Requests/sec:   3569.65  
Transfer/sec:    566.87KB
