setup: assigned thread_id=1
init: final thread_id=1, base_seed=nil
script_want_response
Running 2m test @ http://10.10.1.1:30676
  1 threads and 10 connections

  Thread calibration: mean lat.: 61.136ms, rate sampling interval: 112ms

-----------------------------------------------------------------------
Test Results @ http://10.10.1.1:30676 
  Thread Stats   Avg      Stdev     99%   +/- Stdev
    Latency     7.41ms  845.28us   9.73ms   73.50%
    Req/Sec   100.19     24.51   180.00     86.18%
  Latency Distribution (HdrHistogram - Recorded Latency)
 50.000%    7.33ms
 75.000%    7.86ms
 90.000%    8.50ms
 99.000%    9.73ms
 99.900%   10.77ms
 99.990%   11.99ms
 99.999%   12.84ms
100.000%   12.84ms

  Detailed Percentile spectrum:
       Value   Percentile   TotalCount 1/(1-Percentile)

       4.175     0.000000            1         1.00
       6.475     0.100000          903         1.11
       6.767     0.200000         1801         1.25
       6.975     0.300000         2703         1.43
       7.159     0.400000         3618         1.67
       7.327     0.500000         4503         2.00
       7.415     0.550000         4964         2.22
       7.515     0.600000         5424         2.50
       7.615     0.650000         5851         2.86
       7.727     0.700000         6300         3.33
       7.859     0.750000         6752         4.00
       7.931     0.775000         6976         4.44
       8.015     0.800000         7211         5.00
       8.103     0.825000         7427         5.71
       8.215     0.850000         7659         6.67
       8.359     0.875000         7883         8.00
       8.431     0.887500         8001         8.89
       8.503     0.900000         8101        10.00
       8.599     0.912500         8213        11.43
       8.719     0.925000         8329        13.33
       8.823     0.937500         8443        16.00
       8.879     0.943750         8495        17.78
       8.959     0.950000         8555        20.00
       9.023     0.956250         8611        22.86
       9.111     0.962500         8666        26.67
       9.215     0.968750         8725        32.00
       9.255     0.971875         8746        35.56
       9.319     0.975000         8775        40.00
       9.383     0.978125         8807        45.71
       9.455     0.981250         8831        53.33
       9.551     0.984375         8859        64.00
       9.591     0.985938         8875        71.11
       9.647     0.987500         8887        80.00
       9.711     0.989062         8902        91.43
       9.759     0.990625         8915       106.67
       9.839     0.992188         8929       128.00
       9.895     0.992969         8937       142.22
       9.943     0.993750         8945       160.00
       9.999     0.994531         8951       182.86
      10.071     0.995313         8958       213.33
      10.127     0.996094         8964       256.00
      10.215     0.996484         8968       284.44
      10.247     0.996875         8971       320.00
      10.351     0.997266         8975       365.71
      10.487     0.997656         8978       426.67
      10.519     0.998047         8982       512.00
      10.615     0.998242         8984       568.89
      10.655     0.998437         8985       640.00
      10.695     0.998633         8987       731.43
      10.759     0.998828         8989       853.33
      10.823     0.999023         8991      1024.00
      10.855     0.999121         8992      1137.78
      10.855     0.999219         8992      1280.00
      10.871     0.999316         8993      1462.86
      10.895     0.999414         8994      1706.67
      11.143     0.999512         8995      2048.00
      11.207     0.999561         8997      2275.56
      11.207     0.999609         8997      2560.00
      11.207     0.999658         8997      2925.71
      11.207     0.999707         8997      3413.33
      11.207     0.999756         8997      4096.00
      11.991     0.999780         8998      4551.11
      11.991     0.999805         8998      5120.00
      11.991     0.999829         8998      5851.43
      11.991     0.999854         8998      6826.67
      11.991     0.999878         8998      8192.00
      12.839     0.999890         8999      9102.22
      12.839     1.000000         8999          inf
#[Mean    =        7.405, StdDeviation   =        0.845]
#[Max     =       12.832, Total count    =         8999]
#[Buckets =           27, SubBuckets     =         2048]
-----------------------------------------------------------------------
  9991 requests in 1.67m, 1.55MB read
Requests/sec:     99.90  
Transfer/sec:     15.87KB

=== rps=2000 c=200 t=20 url=http://10.10.1.1:30676 ===
setup: assigned thread_id=1
init: final thread_id=1, base_seed=nil
setup: assigned thread_id=2
init: final thread_id=2, base_seed=nil
setup: assigned thread_id=3
init: final thread_id=3, base_seed=nil
setup: assigned thread_id=4
init: final thread_id=4, base_seed=nil
setup: assigned thread_id=5
init: final thread_id=5, base_seed=nil
setup: assigned thread_id=6
init: final thread_id=6, base_seed=nil
setup: assigned thread_id=7
init: final thread_id=7, base_seed=nil
setup: assigned thread_id=8
init: final thread_id=8, base_seed=nil
setup: assigned thread_id=9
init: final thread_id=9, base_seed=nil
setup: assigned thread_id=10
init: final thread_id=10, base_seed=nil
setup: assigned thread_id=11
init: final thread_id=11, base_seed=nil
setup: assigned thread_id=12
init: final thread_id=12, base_seed=nil
setup: assigned thread_id=13
init: final thread_id=13, base_seed=nil
setup: assigned thread_id=14
init: final thread_id=14, base_seed=nil
setup: assigned thread_id=15
init: final thread_id=15, base_seed=nil
setup: assigned thread_id=16
init: final thread_id=16, base_seed=nil
setup: assigned thread_id=17
init: final thread_id=17, base_seed=nil
setup: assigned thread_id=18
init: final thread_id=18, base_seed=nil
setup: assigned thread_id=19
init: final thread_id=19, base_seed=nil
setup: assigned thread_id=20
init: final thread_id=20, base_seed=nil
script_want_response
Running 1m test @ http://10.10.1.1:30676
  20 threads and 200 connections

  Thread calibration: mean lat.: 16.229ms, rate sampling interval: 51ms
  Thread calibration: mean lat.: 16.349ms, rate sampling interval: 51ms
  Thread calibration: mean lat.: 16.547ms, rate sampling interval: 51ms
  Thread calibration: mean lat.: 17.643ms, rate sampling interval: 52ms
  Thread calibration: mean lat.: 16.333ms, rate sampling interval: 50ms
  Thread calibration: mean lat.: 16.413ms, rate sampling interval: 50ms
  Thread calibration: mean lat.: 17.061ms, rate sampling interval: 50ms
  Thread calibration: mean lat.: 16.234ms, rate sampling interval: 50ms
  Thread calibration: mean lat.: 15.508ms, rate sampling interval: 49ms
  Thread calibration: mean lat.: 14.570ms, rate sampling interval: 45ms
  Thread calibration: mean lat.: 13.771ms, rate sampling interval: 37ms
  Thread calibration: mean lat.: 11.613ms, rate sampling interval: 30ms
  Thread calibration: mean lat.: 11.737ms, rate sampling interval: 31ms
  Thread calibration: mean lat.: 17.315ms, rate sampling interval: 52ms
  Thread calibration: mean lat.: 19.950ms, rate sampling interval: 53ms
  Thread calibration: mean lat.: 20.958ms, rate sampling interval: 54ms
  Thread calibration: mean lat.: 21.032ms, rate sampling interval: 53ms
  Thread calibration: mean lat.: 22.334ms, rate sampling interval: 56ms
  Thread calibration: mean lat.: 21.171ms, rate sampling interval: 54ms
  Thread calibration: mean lat.: 20.885ms, rate sampling interval: 52ms

-----------------------------------------------------------------------
Test Results @ http://10.10.1.1:30676 
  Thread Stats   Avg      Stdev     99%   +/- Stdev
    Latency    18.58ms    8.38ms  47.49ms   75.25%
    Req/Sec   100.85     78.19   290.00     58.48%
  Latency Distribution (HdrHistogram - Recorded Latency)
 50.000%   16.70ms
 75.000%   23.14ms
 90.000%   28.72ms
 99.000%   47.49ms
 99.900%   67.07ms
 99.990%   73.66ms
 99.999%   75.07ms
100.000%  114.37ms

  Detailed Percentile spectrum:
       Value   Percentile   TotalCount 1/(1-Percentile)

       6.243     0.000000            1         1.00
       9.935     0.100000        10027         1.11
      11.575     0.200000        19986         1.25
      13.039     0.300000        30033         1.43
      14.583     0.400000        39984         1.67
      16.703     0.500000        49967         2.00
      17.983     0.550000        54970         2.22
      19.359     0.600000        59981         2.50
      20.671     0.650000        65003         2.86
      21.903     0.700000        69987         3.33
      23.135     0.750000        74955         4.00
      23.807     0.775000        77442         4.44
      24.511     0.800000        79977         5.00
      25.327     0.825000        82471         5.71
      26.255     0.850000        84927         6.67
      27.375     0.875000        87423         8.00
      28.031     0.887500        88671         8.89
      28.719     0.900000        89931        10.00
      29.567     0.912500        91183        11.43
      30.559     0.925000        92422        13.33
      31.695     0.937500        93671        16.00
      32.415     0.943750        94296        17.78
      33.279     0.950000        94929        20.00
      34.367     0.956250        95539        22.86
      35.679     0.962500        96166        26.67
      37.375     0.968750        96789        32.00
      38.463     0.971875        97104        35.56
      39.871     0.975000        97413        40.00
      41.279     0.978125        97731        45.71
      42.655     0.981250        98044        53.33
      44.127     0.984375        98349        64.00
      44.927     0.985938        98510        71.11
      45.791     0.987500        98663        80.00
      46.847     0.989062        98822        91.43
      48.223     0.990625        98974       106.67
      49.503     0.992188        99133       128.00
      50.271     0.992969        99210       142.22
      51.167     0.993750        99285       160.00
      52.223     0.994531        99365       182.86
      53.183     0.995313        99442       213.33
      55.167     0.996094        99521       256.00
      56.159     0.996484        99558       284.44
      57.375     0.996875        99597       320.00
      58.591     0.997266        99636       365.71
      59.871     0.997656        99675       426.67
      60.895     0.998047        99714       512.00
      61.983     0.998242        99734       568.89
      62.815     0.998437        99753       640.00
      64.863     0.998633        99773       731.43
      66.303     0.998828        99792       853.33
      67.199     0.999023        99813      1024.00
      67.775     0.999121        99822      1137.78
      68.351     0.999219        99832      1280.00
      68.927     0.999316        99843      1462.86
      69.567     0.999414        99851      1706.67
      70.079     0.999512        99862      2048.00
      70.207     0.999561        99866      2275.56
      70.847     0.999609        99870      2560.00
      71.295     0.999658        99875      2925.71
      71.743     0.999707        99882      3413.33
      72.319     0.999756        99885      4096.00
      72.511     0.999780        99890      4551.11
      72.511     0.999805        99890      5120.00
      72.895     0.999829        99892      5851.43
      73.151     0.999854        99895      6826.67
      73.599     0.999878        99897      8192.00
      73.663     0.999890        99899      9102.22
      73.791     0.999902        99901     10240.00
      73.791     0.999915        99901     11702.86
      73.855     0.999927        99902     13653.33
      73.919     0.999939        99903     16384.00
      74.175     0.999945        99904     18204.44
      74.495     0.999951        99905     20480.00
      74.495     0.999957        99905     23405.71
      74.559     0.999963        99906     27306.67
      74.559     0.999969        99906     32768.00
      74.687     0.999973        99907     36408.89
      74.687     0.999976        99907     40960.00
      74.687     0.999979        99907     46811.43
      75.071     0.999982        99908     54613.33
      75.071     0.999985        99908     65536.00
      75.071     0.999986        99908     72817.78
      75.071     0.999988        99908     81920.00
      75.071     0.999989        99908     93622.86
     114.367     0.999991        99909    109226.67
     114.367     1.000000        99909          inf
#[Mean    =       18.579, StdDeviation   =        8.378]
#[Max     =      114.304, Total count    =        99909]
#[Buckets =           27, SubBuckets     =         2048]
-----------------------------------------------------------------------
  119624 requests in 1.00m, 18.55MB read
Requests/sec:   1996.17  
Transfer/sec:    316.92KB

=== rps=2200 c=242 t=25 url=http://10.10.1.1:30676 ===
setup: assigned thread_id=1
init: final thread_id=1, base_seed=nil
setup: assigned thread_id=2
init: final thread_id=2, base_seed=nil
setup: assigned thread_id=3
init: final thread_id=3, base_seed=nil
setup: assigned thread_id=4
init: final thread_id=4, base_seed=nil
setup: assigned thread_id=5
init: final thread_id=5, base_seed=nil
setup: assigned thread_id=6
init: final thread_id=6, base_seed=nil
setup: assigned thread_id=7
init: final thread_id=7, base_seed=nil
setup: assigned thread_id=8
init: final thread_id=8, base_seed=nil
setup: assigned thread_id=9
init: final thread_id=9, base_seed=nil
setup: assigned thread_id=10
init: final thread_id=10, base_seed=nil
setup: assigned thread_id=11
init: final thread_id=11, base_seed=nil
setup: assigned thread_id=12
init: final thread_id=12, base_seed=nil
setup: assigned thread_id=13
init: final thread_id=13, base_seed=nil
setup: assigned thread_id=14
init: final thread_id=14, base_seed=nil
setup: assigned thread_id=15
init: final thread_id=15, base_seed=nil
setup: assigned thread_id=16
init: final thread_id=16, base_seed=nil
setup: assigned thread_id=17
init: final thread_id=17, base_seed=nil
setup: assigned thread_id=18
init: final thread_id=18, base_seed=nil
setup: assigned thread_id=19
init: final thread_id=19, base_seed=nil
setup: assigned thread_id=20
init: final thread_id=20, base_seed=nil
setup: assigned thread_id=21
init: final thread_id=21, base_seed=nil
setup: assigned thread_id=22
init: final thread_id=22, base_seed=nil
setup: assigned thread_id=23
init: final thread_id=23, base_seed=nil
setup: assigned thread_id=24
init: final thread_id=24, base_seed=nil
setup: assigned thread_id=25
init: final thread_id=25, base_seed=nil
script_want_response
Running 1m test @ http://10.10.1.1:30676
  25 threads and 242 connections

  Thread calibration: mean lat.: 24.954ms, rate sampling interval: 73ms
  Thread calibration: mean lat.: 25.502ms, rate sampling interval: 74ms
  Thread calibration: mean lat.: 24.138ms, rate sampling interval: 71ms
  Thread calibration: mean lat.: 22.973ms, rate sampling interval: 68ms
  Thread calibration: mean lat.: 21.693ms, rate sampling interval: 66ms
  Thread calibration: mean lat.: 20.337ms, rate sampling interval: 62ms
  Thread calibration: mean lat.: 18.972ms, rate sampling interval: 58ms
  Thread calibration: mean lat.: 19.228ms, rate sampling interval: 59ms
  Thread calibration: mean lat.: 17.866ms, rate sampling interval: 55ms
  Thread calibration: mean lat.: 16.699ms, rate sampling interval: 51ms
  Thread calibration: mean lat.: 15.823ms, rate sampling interval: 45ms
  Thread calibration: mean lat.: 12.609ms, rate sampling interval: 34ms
  Thread calibration: mean lat.: 12.606ms, rate sampling interval: 35ms
  Thread calibration: mean lat.: 12.016ms, rate sampling interval: 32ms
  Thread calibration: mean lat.: 11.687ms, rate sampling interval: 32ms
  Thread calibration: mean lat.: 14.709ms, rate sampling interval: 44ms
  Thread calibration: mean lat.: 16.305ms, rate sampling interval: 54ms
  Thread calibration: mean lat.: 17.583ms, rate sampling interval: 59ms
  Thread calibration: mean lat.: 19.079ms, rate sampling interval: 63ms
  Thread calibration: mean lat.: 20.480ms, rate sampling interval: 67ms
  Thread calibration: mean lat.: 21.449ms, rate sampling interval: 69ms
  Thread calibration: mean lat.: 22.840ms, rate sampling interval: 71ms
  Thread calibration: mean lat.: 24.002ms, rate sampling interval: 73ms
  Thread calibration: mean lat.: 25.014ms, rate sampling interval: 73ms
  Thread calibration: mean lat.: 25.684ms, rate sampling interval: 73ms

-----------------------------------------------------------------------
Test Results @ http://10.10.1.1:30676 
  Thread Stats   Avg      Stdev     99%   +/- Stdev
    Latency    20.57ms    9.79ms  49.69ms   69.42%
    Req/Sec    88.49     61.10   218.00     63.13%
  Latency Distribution (HdrHistogram - Recorded Latency)
 50.000%   18.38ms
 75.000%   26.58ms
 90.000%   33.85ms
 99.000%   49.69ms
 99.900%   68.22ms
 99.990%   79.10ms
 99.999%   87.93ms
100.000%  110.21ms

  Detailed Percentile spectrum:
       Value   Percentile   TotalCount 1/(1-Percentile)

       6.451     0.000000            1         1.00
       9.975     0.100000        10993         1.11
      11.759     0.200000        21995         1.25
      13.727     0.300000        32972         1.43
      15.823     0.400000        43970         1.67
      18.383     0.500000        54984         2.00
      19.903     0.550000        60470         2.22
      21.519     0.600000        65949         2.50
      23.151     0.650000        71467         2.86
      24.815     0.700000        76974         3.33
      26.575     0.750000        82474         4.00
      27.503     0.775000        85180         4.44
      28.511     0.800000        87925         5.00
      29.615     0.825000        90696         5.71
      30.847     0.850000        93426         6.67
      32.223     0.875000        96181         8.00
      32.991     0.887500        97579         8.89
      33.855     0.900000        98932        10.00
      34.847     0.912500       100324        11.43
      35.903     0.925000       101664        13.33
      37.151     0.937500       103028        16.00
      37.823     0.943750       103718        17.78
      38.623     0.950000       104421        20.00
      39.519     0.956250       105108        22.86
      40.479     0.962500       105794        26.67
      41.663     0.968750       106479        32.00
      42.303     0.971875       106808        35.56
      43.039     0.975000       107151        40.00
      43.903     0.978125       107501        45.71
      44.799     0.981250       107842        53.33
      46.111     0.984375       108182        64.00
      46.943     0.985938       108353        71.11
      47.903     0.987500       108529        80.00
      49.023     0.989062       108696        91.43
      50.335     0.990625       108867       106.67
      51.967     0.992188       109041       128.00
      53.151     0.992969       109124       142.22
      54.399     0.993750       109212       160.00
      55.551     0.994531       109296       182.86
      56.831     0.995313       109382       213.33
      58.783     0.996094       109467       256.00
      60.351     0.996484       109511       284.44
      61.183     0.996875       109555       320.00
      61.983     0.997266       109598       365.71
      63.071     0.997656       109640       426.67
      64.191     0.998047       109682       512.00
      64.863     0.998242       109704       568.89
      65.663     0.998437       109727       640.00
      66.239     0.998633       109747       731.43
      67.071     0.998828       109768       853.33
      68.351     0.999023       109789      1024.00
      69.055     0.999121       109800      1137.78
      69.695     0.999219       109812      1280.00
      70.079     0.999316       109821      1462.86
      71.551     0.999414       109832      1706.67
      72.959     0.999512       109843      2048.00
      73.535     0.999561       109849      2275.56
      74.687     0.999609       109854      2560.00
      75.327     0.999658       109859      2925.71
      75.775     0.999707       109864      3413.33
      77.119     0.999756       109871      4096.00
      77.247     0.999780       109872      4551.11
      77.503     0.999805       109875      5120.00
      77.887     0.999829       109878      5851.43
      78.079     0.999854       109880      6826.67
      78.783     0.999878       109883      8192.00
      78.975     0.999890       109884      9102.22
      79.103     0.999902       109886     10240.00
      79.231     0.999915       109887     11702.86
      79.423     0.999927       109888     13653.33
      79.487     0.999939       109890     16384.00
      79.487     0.999945       109890     18204.44
      79.679     0.999951       109891     20480.00
      79.743     0.999957       109892     23405.71
      79.743     0.999963       109892     27306.67
      80.575     0.999969       109893     32768.00
      80.575     0.999973       109893     36408.89
      83.391     0.999976       109894     40960.00
      83.391     0.999979       109894     46811.43
      83.391     0.999982       109894     54613.33
      87.935     0.999985       109895     65536.00
      87.935     0.999986       109895     72817.78
      87.935     0.999988       109895     81920.00
      87.935     0.999989       109895     93622.86
      87.935     0.999991       109895    109226.67
     110.207     0.999992       109896    131072.00
     110.207     1.000000       109896          inf
#[Mean    =       20.573, StdDeviation   =        9.790]
#[Max     =      110.144, Total count    =       109896]
#[Buckets =           27, SubBuckets     =         2048]
-----------------------------------------------------------------------
  131744 requests in 1.00m, 20.43MB read
Requests/sec:   2197.58  
Transfer/sec:    348.89KB

=== rps=2400 c=288 t=29 url=http://10.10.1.1:30676 ===
setup: assigned thread_id=1
init: final thread_id=1, base_seed=nil
setup: assigned thread_id=2
init: final thread_id=2, base_seed=nil
setup: assigned thread_id=3
init: final thread_id=3, base_seed=nil
setup: assigned thread_id=4
init: final thread_id=4, base_seed=nil
setup: assigned thread_id=5
init: final thread_id=5, base_seed=nil
setup: assigned thread_id=6
init: final thread_id=6, base_seed=nil
setup: assigned thread_id=7
init: final thread_id=7, base_seed=nil
setup: assigned thread_id=8
init: final thread_id=8, base_seed=nil
setup: assigned thread_id=9
init: final thread_id=9, base_seed=nil
setup: assigned thread_id=10
init: final thread_id=10, base_seed=nil
setup: assigned thread_id=11
init: final thread_id=11, base_seed=nil
setup: assigned thread_id=12
init: final thread_id=12, base_seed=nil
setup: assigned thread_id=13
init: final thread_id=13, base_seed=nil
setup: assigned thread_id=14
init: final thread_id=14, base_seed=nil
setup: assigned thread_id=15
init: final thread_id=15, base_seed=nil
setup: assigned thread_id=16
init: final thread_id=16, base_seed=nil
setup: assigned thread_id=17
init: final thread_id=17, base_seed=nil
setup: assigned thread_id=18
init: final thread_id=18, base_seed=nil
setup: assigned thread_id=19
init: final thread_id=19, base_seed=nil
setup: assigned thread_id=20
init: final thread_id=20, base_seed=nil
setup: assigned thread_id=21
init: final thread_id=21, base_seed=nil
setup: assigned thread_id=22
init: final thread_id=22, base_seed=nil
setup: assigned thread_id=23
init: final thread_id=23, base_seed=nil
setup: assigned thread_id=24
init: final thread_id=24, base_seed=nil
setup: assigned thread_id=25
init: final thread_id=25, base_seed=nil
setup: assigned thread_id=26
init: final thread_id=26, base_seed=nil
setup: assigned thread_id=27
init: final thread_id=27, base_seed=nil
setup: assigned thread_id=28
init: final thread_id=28, base_seed=nil
setup: assigned thread_id=29
init: final thread_id=29, base_seed=nil
script_want_response
Running 1m test @ http://10.10.1.1:30676
  29 threads and 288 connections

  Thread calibration: mean lat.: 11.873ms, rate sampling interval: 37ms
  Thread calibration: mean lat.: 12.168ms, rate sampling interval: 36ms
  Thread calibration: mean lat.: 12.070ms, rate sampling interval: 35ms
  Thread calibration: mean lat.: 12.367ms, rate sampling interval: 35ms
  Thread calibration: mean lat.: 12.511ms, rate sampling interval: 35ms
  Thread calibration: mean lat.: 12.676ms, rate sampling interval: 35ms
  Thread calibration: mean lat.: 12.933ms, rate sampling interval: 35ms
  Thread calibration: mean lat.: 12.951ms, rate sampling interval: 35ms
  Thread calibration: mean lat.: 13.257ms, rate sampling interval: 36ms
  Thread calibration: mean lat.: 13.107ms, rate sampling interval: 36ms
  Thread calibration: mean lat.: 13.396ms, rate sampling interval: 35ms
  Thread calibration: mean lat.: 13.517ms, rate sampling interval: 36ms
  Thread calibration: mean lat.: 13.084ms, rate sampling interval: 35ms
  Thread calibration: mean lat.: 13.191ms, rate sampling interval: 35ms
  Thread calibration: mean lat.: 14.056ms, rate sampling interval: 38ms
  Thread calibration: mean lat.: 13.723ms, rate sampling interval: 37ms
  Thread calibration: mean lat.: 18.733ms, rate sampling interval: 62ms
  Thread calibration: mean lat.: 20.007ms, rate sampling interval: 65ms
  Thread calibration: mean lat.: 20.759ms, rate sampling interval: 65ms
  Thread calibration: mean lat.: 21.280ms, rate sampling interval: 65ms
  Thread calibration: mean lat.: 21.669ms, rate sampling interval: 64ms
  Thread calibration: mean lat.: 21.632ms, rate sampling interval: 62ms
  Thread calibration: mean lat.: 20.416ms, rate sampling interval: 60ms
  Thread calibration: mean lat.: 18.124ms, rate sampling interval: 57ms
  Thread calibration: mean lat.: 18.205ms, rate sampling interval: 55ms
  Thread calibration: mean lat.: 16.936ms, rate sampling interval: 53ms
  Thread calibration: mean lat.: 15.637ms, rate sampling interval: 48ms
  Thread calibration: mean lat.: 14.377ms, rate sampling interval: 46ms
  Thread calibration: mean lat.: 13.127ms, rate sampling interval: 42ms

-----------------------------------------------------------------------
Test Results @ http://10.10.1.1:30676 
  Thread Stats   Avg      Stdev     99%   +/- Stdev
    Latency    16.60ms    7.81ms  42.30ms   76.91%
    Req/Sec    82.74     74.82   257.00     51.47%
  Latency Distribution (HdrHistogram - Recorded Latency)
 50.000%   14.54ms
 75.000%   20.40ms
 90.000%   26.85ms
 99.000%   42.30ms
 99.900%   65.31ms
 99.990%   81.54ms
 99.999%  105.34ms
100.000%  109.69ms

  Detailed Percentile spectrum:
       Value   Percentile   TotalCount 1/(1-Percentile)

       6.355     0.000000            1         1.00
       8.935     0.100000        11888         1.11
      10.175     0.200000        23791         1.25
      11.527     0.300000        35696         1.43
      12.959     0.400000        47515         1.67
      14.543     0.500000        59448         2.00
      15.431     0.550000        65343         2.22
      16.447     0.600000        71346         2.50
      17.583     0.650000        77235         2.86
      18.927     0.700000        83191         3.33
      20.399     0.750000        89090         4.00
      21.215     0.775000        92082         4.44
      22.079     0.800000        95045         5.00
      23.023     0.825000        98010         5.71
      24.095     0.850000       100985         6.67
      25.327     0.875000       103952         8.00
      26.047     0.887500       105432         8.89
      26.847     0.900000       106916        10.00
      27.759     0.912500       108410        11.43
      28.815     0.925000       109891        13.33
      30.015     0.937500       111374        16.00
      30.719     0.943750       112117        17.78
      31.535     0.950000       112848        20.00
      32.383     0.956250       113599        22.86
      33.343     0.962500       114334        26.67
      34.463     0.968750       115075        32.00
      35.135     0.971875       115461        35.56
      35.839     0.975000       115832        40.00
      36.607     0.978125       116192        45.71
      37.631     0.981250       116565        53.33
      38.911     0.984375       116934        64.00
      39.775     0.985938       117120        71.11
      40.671     0.987500       117302        80.00
      41.695     0.989062       117489        91.43
      42.911     0.990625       117673       106.67
      44.575     0.992188       117859       128.00
      45.311     0.992969       117951       142.22
      46.207     0.993750       118043       160.00
      47.231     0.994531       118137       182.86
      48.735     0.995313       118230       213.33
      50.495     0.996094       118322       256.00
      51.327     0.996484       118368       284.44
      52.351     0.996875       118414       320.00
      53.503     0.997266       118461       365.71
      55.263     0.997656       118507       426.67
      57.631     0.998047       118554       512.00
      58.975     0.998242       118577       568.89
      60.991     0.998437       118600       640.00
      63.039     0.998633       118623       731.43
      64.351     0.998828       118646       853.33
      65.375     0.999023       118671      1024.00
      65.855     0.999121       118681      1137.78
      67.135     0.999219       118693      1280.00
      68.031     0.999316       118704      1462.86
      69.567     0.999414       118716      1706.67
      71.295     0.999512       118727      2048.00
      72.063     0.999561       118733      2275.56
      73.087     0.999609       118739      2560.00
      74.623     0.999658       118745      2925.71
      76.223     0.999707       118752      3413.33
      76.799     0.999756       118756      4096.00
      77.183     0.999780       118760      4551.11
      77.631     0.999805       118762      5120.00
      78.719     0.999829       118765      5851.43
      79.039     0.999854       118769      6826.67
      79.743     0.999878       118771      8192.00
      81.535     0.999890       118773      9102.22
      81.727     0.999902       118774     10240.00
      82.559     0.999915       118775     11702.86
      90.111     0.999927       118777     13653.33
      97.151     0.999939       118778     16384.00
      99.967     0.999945       118779     18204.44
     101.631     0.999951       118780     20480.00
     101.631     0.999957       118780     23405.71
     102.719     0.999963       118781     27306.67
     102.911     0.999969       118782     32768.00
     102.911     0.999973       118782     36408.89
     103.679     0.999976       118783     40960.00
     103.679     0.999979       118783     46811.43
     103.679     0.999982       118783     54613.33
     105.343     0.999985       118784     65536.00
     105.343     0.999986       118784     72817.78
     105.343     0.999988       118784     81920.00
     105.343     0.999989       118784     93622.86
     105.343     0.999991       118784    109226.67
     109.695     0.999992       118785    131072.00
     109.695     1.000000       118785          inf
#[Mean    =       16.604, StdDeviation   =        7.815]
#[Max     =      109.632, Total count    =       118785]
#[Buckets =           27, SubBuckets     =         2048]
-----------------------------------------------------------------------
  142381 requests in 1.00m, 22.07MB read
Requests/sec:   2374.99  
Transfer/sec:    377.06KB

=== rps=2600 c=338 t=34 url=http://10.10.1.1:30676 ===
setup: assigned thread_id=1
init: final thread_id=1, base_seed=nil
setup: assigned thread_id=2
init: final thread_id=2, base_seed=nil
setup: assigned thread_id=3
init: final thread_id=3, base_seed=nil
setup: assigned thread_id=4
init: final thread_id=4, base_seed=nil
setup: assigned thread_id=5
init: final thread_id=5, base_seed=nil
setup: assigned thread_id=6
init: final thread_id=6, base_seed=nil
setup: assigned thread_id=7
init: final thread_id=7, base_seed=nil
setup: assigned thread_id=8
init: final thread_id=8, base_seed=nil
setup: assigned thread_id=9
init: final thread_id=9, base_seed=nil
setup: assigned thread_id=10
init: final thread_id=10, base_seed=nil
setup: assigned thread_id=11
init: final thread_id=11, base_seed=nil
setup: assigned thread_id=12
init: final thread_id=12, base_seed=nil
setup: assigned thread_id=13
init: final thread_id=13, base_seed=nil
setup: assigned thread_id=14
init: final thread_id=14, base_seed=nil
setup: assigned thread_id=15
init: final thread_id=15, base_seed=nil
setup: assigned thread_id=16
init: final thread_id=16, base_seed=nil
setup: assigned thread_id=17
init: final thread_id=17, base_seed=nil
setup: assigned thread_id=18
init: final thread_id=18, base_seed=nil
setup: assigned thread_id=19
init: final thread_id=19, base_seed=nil
setup: assigned thread_id=20
init: final thread_id=20, base_seed=nil
setup: assigned thread_id=21
init: final thread_id=21, base_seed=nil
setup: assigned thread_id=22
init: final thread_id=22, base_seed=nil
setup: assigned thread_id=23
init: final thread_id=23, base_seed=nil
setup: assigned thread_id=24
init: final thread_id=24, base_seed=nil
setup: assigned thread_id=25
init: final thread_id=25, base_seed=nil
setup: assigned thread_id=26
init: final thread_id=26, base_seed=nil
setup: assigned thread_id=27
init: final thread_id=27, base_seed=nil
setup: assigned thread_id=28
init: final thread_id=28, base_seed=nil
setup: assigned thread_id=29
init: final thread_id=29, base_seed=nil
setup: assigned thread_id=30
init: final thread_id=30, base_seed=nil
setup: assigned thread_id=31
init: final thread_id=31, base_seed=nil
setup: assigned thread_id=32
init: final thread_id=32, base_seed=nil
setup: assigned thread_id=33
init: final thread_id=33, base_seed=nil
setup: assigned thread_id=34
init: final thread_id=34, base_seed=nil
script_want_response
Running 1m test @ http://10.10.1.1:30676
  34 threads and 338 connections

  Thread calibration: mean lat.: 13.679ms, rate sampling interval: 42ms
  Thread calibration: mean lat.: 13.919ms, rate sampling interval: 41ms
  Thread calibration: mean lat.: 14.514ms, rate sampling interval: 42ms
  Thread calibration: mean lat.: 14.608ms, rate sampling interval: 43ms
  Thread calibration: mean lat.: 14.367ms, rate sampling interval: 41ms
  Thread calibration: mean lat.: 14.349ms, rate sampling interval: 40ms
  Thread calibration: mean lat.: 14.058ms, rate sampling interval: 40ms
  Thread calibration: mean lat.: 14.345ms, rate sampling interval: 39ms
  Thread calibration: mean lat.: 14.489ms, rate sampling interval: 40ms
  Thread calibration: mean lat.: 14.260ms, rate sampling interval: 39ms
  Thread calibration: mean lat.: 15.344ms, rate sampling interval: 40ms
  Thread calibration: mean lat.: 15.416ms, rate sampling interval: 41ms
  Thread calibration: mean lat.: 15.273ms, rate sampling interval: 41ms
  Thread calibration: mean lat.: 15.913ms, rate sampling interval: 43ms
  Thread calibration: mean lat.: 17.079ms, rate sampling interval: 46ms
  Thread calibration: mean lat.: 16.718ms, rate sampling interval: 44ms
  Thread calibration: mean lat.: 17.258ms, rate sampling interval: 46ms
  Thread calibration: mean lat.: 23.499ms, rate sampling interval: 64ms
  Thread calibration: mean lat.: 23.944ms, rate sampling interval: 63ms
  Thread calibration: mean lat.: 24.563ms, rate sampling interval: 64ms
  Thread calibration: mean lat.: 25.309ms, rate sampling interval: 65ms
  Thread calibration: mean lat.: 25.206ms, rate sampling interval: 63ms
  Thread calibration: mean lat.: 24.778ms, rate sampling interval: 64ms
  Thread calibration: mean lat.: 23.529ms, rate sampling interval: 62ms
  Thread calibration: mean lat.: 21.788ms, rate sampling interval: 60ms
  Thread calibration: mean lat.: 21.549ms, rate sampling interval: 59ms
  Thread calibration: mean lat.: 20.503ms, rate sampling interval: 56ms
  Thread calibration: mean lat.: 19.636ms, rate sampling interval: 56ms
  Thread calibration: mean lat.: 18.010ms, rate sampling interval: 51ms
  Thread calibration: mean lat.: 18.431ms, rate sampling interval: 50ms
  Thread calibration: mean lat.: 18.271ms, rate sampling interval: 49ms
  Thread calibration: mean lat.: 18.168ms, rate sampling interval: 48ms
  Thread calibration: mean lat.: 17.877ms, rate sampling interval: 48ms
  Thread calibration: mean lat.: 17.349ms, rate sampling interval: 47ms

-----------------------------------------------------------------------
Test Results @ http://10.10.1.1:30676 
  Thread Stats   Avg      Stdev     99%   +/- Stdev
    Latency    25.85ms   25.19ms 135.81ms   91.79%
    Req/Sec    76.49     72.45   219.00     44.88%
  Latency Distribution (HdrHistogram - Recorded Latency)
 50.000%   19.12ms
 75.000%   27.17ms
 90.000%   42.53ms
 99.000%  135.81ms
 99.900%  264.96ms
 99.990%  404.22ms
 99.999%  413.44ms
100.000%  429.82ms

  Detailed Percentile spectrum:
       Value   Percentile   TotalCount 1/(1-Percentile)

       7.159     0.000000            1         1.00
      10.471     0.100000        12938         1.11
      12.407     0.200000        25822         1.25
      14.511     0.300000        38724         1.43
      16.751     0.400000        51634         1.67
      19.119     0.500000        64536         2.00
      20.399     0.550000        70994         2.22
      21.743     0.600000        77383         2.50
      23.263     0.650000        83867         2.86
      25.039     0.700000        90297         3.33
      27.167     0.750000        96749         4.00
      28.431     0.775000        99963         4.44
      29.807     0.800000       103194         5.00
      31.487     0.825000       106410         5.71
      33.663     0.850000       109632         6.67
      36.543     0.875000       112851         8.00
      38.879     0.887500       114466         8.89
      42.527     0.900000       116072        10.00
      47.999     0.912500       117681        11.43
      55.711     0.925000       119293        13.33
      64.543     0.937500       120900        16.00
      69.503     0.943750       121707        17.78
      75.967     0.950000       122523        20.00
      81.087     0.956250       123325        22.86
      86.143     0.962500       124129        26.67
      93.695     0.968750       124930        32.00
      98.303     0.971875       125340        35.56
     102.079     0.975000       125739        40.00
     106.175     0.978125       126145        45.71
     111.807     0.981250       126544        53.33
     121.023     0.984375       126946        64.00
     123.967     0.985938       127146        71.11
     127.807     0.987500       127350        80.00
     132.735     0.989062       127552        91.43
     137.983     0.990625       127755       106.67
     143.487     0.992188       127953       128.00
     146.303     0.992969       128055       142.22
     148.735     0.993750       128157       160.00
     151.551     0.994531       128259       182.86
     155.519     0.995313       128355       213.33
     162.815     0.996094       128459       256.00
     167.295     0.996484       128506       284.44
     172.415     0.996875       128557       320.00
     175.103     0.997266       128609       365.71
     180.607     0.997656       128657       426.67
     199.807     0.998047       128708       512.00
     210.687     0.998242       128733       568.89
     234.495     0.998437       128758       640.00
     244.735     0.998633       128783       731.43
     255.103     0.998828       128808       853.33
     265.727     0.999023       128834      1024.00
     276.991     0.999121       128846      1137.78
     289.023     0.999219       128859      1280.00
     290.559     0.999316       128871      1462.86
     293.887     0.999414       128884      1706.67
     328.447     0.999512       128897      2048.00
     339.455     0.999561       128904      2275.56
     347.135     0.999609       128910      2560.00
     348.927     0.999658       128915      2925.71
     352.511     0.999707       128922      3413.33
     354.559     0.999756       128928      4096.00
     367.615     0.999780       128931      4551.11
     370.943     0.999805       128934      5120.00
     371.455     0.999829       128937      5851.43
     403.199     0.999854       128942      6826.67
     403.967     0.999878       128945      8192.00
     403.967     0.999890       128945      9102.22
     404.479     0.999902       128947     10240.00
     404.991     0.999915       128949     11702.86
     405.247     0.999927       128950     13653.33
     406.015     0.999939       128952     16384.00
     406.015     0.999945       128952     18204.44
     406.271     0.999951       128953     20480.00
     406.527     0.999957       128955     23405.71
     406.527     0.999963       128955     27306.67
     406.783     0.999969       128956     32768.00
     406.783     0.999973       128956     36408.89
     406.783     0.999976       128956     40960.00
     407.295     0.999979       128957     46811.43
     407.295     0.999982       128957     54613.33
     413.439     0.999985       128958     65536.00
     413.439     0.999986       128958     72817.78
     413.439     0.999988       128958     81920.00
     413.439     0.999989       128958     93622.86
     413.439     0.999991       128958    109226.67
     429.823     0.999992       128959    131072.00
     429.823     1.000000       128959          inf
#[Mean    =       25.855, StdDeviation   =       25.189]
#[Max     =      429.568, Total count    =       128959]
#[Buckets =           27, SubBuckets     =         2048]
-----------------------------------------------------------------------
  154669 requests in 1.00m, 23.98MB read
Requests/sec:   2580.73  
Transfer/sec:    409.80KB

=== rps=2800 c=392 t=40 url=http://10.10.1.1:30676 ===
setup: assigned thread_id=1
init: final thread_id=1, base_seed=nil
setup: assigned thread_id=2
init: final thread_id=2, base_seed=nil
setup: assigned thread_id=3
init: final thread_id=3, base_seed=nil
setup: assigned thread_id=4
init: final thread_id=4, base_seed=nil
setup: assigned thread_id=5
init: final thread_id=5, base_seed=nil
setup: assigned thread_id=6
init: final thread_id=6, base_seed=nil
setup: assigned thread_id=7
init: final thread_id=7, base_seed=nil
setup: assigned thread_id=8
init: final thread_id=8, base_seed=nil
setup: assigned thread_id=9
init: final thread_id=9, base_seed=nil
setup: assigned thread_id=10
init: final thread_id=10, base_seed=nil
setup: assigned thread_id=11
init: final thread_id=11, base_seed=nil
setup: assigned thread_id=12
init: final thread_id=12, base_seed=nil
setup: assigned thread_id=13
init: final thread_id=13, base_seed=nil
setup: assigned thread_id=14
init: final thread_id=14, base_seed=nil
setup: assigned thread_id=15
init: final thread_id=15, base_seed=nil
setup: assigned thread_id=16
init: final thread_id=16, base_seed=nil
setup: assigned thread_id=17
init: final thread_id=17, base_seed=nil
setup: assigned thread_id=18
init: final thread_id=18, base_seed=nil
setup: assigned thread_id=19
init: final thread_id=19, base_seed=nil
setup: assigned thread_id=20
init: final thread_id=20, base_seed=nil
setup: assigned thread_id=21
init: final thread_id=21, base_seed=nil
setup: assigned thread_id=22
init: final thread_id=22, base_seed=nil
setup: assigned thread_id=23
init: final thread_id=23, base_seed=nil
setup: assigned thread_id=24
init: final thread_id=24, base_seed=nil
setup: assigned thread_id=25
init: final thread_id=25, base_seed=nil
setup: assigned thread_id=26
init: final thread_id=26, base_seed=nil
setup: assigned thread_id=27
init: final thread_id=27, base_seed=nil
setup: assigned thread_id=28
init: final thread_id=28, base_seed=nil
setup: assigned thread_id=29
init: final thread_id=29, base_seed=nil
setup: assigned thread_id=30
init: final thread_id=30, base_seed=nil
setup: assigned thread_id=31
init: final thread_id=31, base_seed=nil
setup: assigned thread_id=32
init: final thread_id=32, base_seed=nil
setup: assigned thread_id=33
init: final thread_id=33, base_seed=nil
setup: assigned thread_id=34
init: final thread_id=34, base_seed=nil
setup: assigned thread_id=35
init: final thread_id=35, base_seed=nil
setup: assigned thread_id=36
init: final thread_id=36, base_seed=nil
setup: assigned thread_id=37
init: final thread_id=37, base_seed=nil
setup: assigned thread_id=38
init: final thread_id=38, base_seed=nil
setup: assigned thread_id=39
init: final thread_id=39, base_seed=nil
setup: assigned thread_id=40
init: final thread_id=40, base_seed=nil
script_want_response
Running 1m test @ http://10.10.1.1:30676
  40 threads and 392 connections

  Thread calibration: mean lat.: 11.970ms, rate sampling interval: 35ms
  Thread calibration: mean lat.: 12.540ms, rate sampling interval: 37ms
  Thread calibration: mean lat.: 15.680ms, rate sampling interval: 64ms
  Thread calibration: mean lat.: 16.526ms, rate sampling interval: 64ms
  Thread calibration: mean lat.: 19.291ms, rate sampling interval: 74ms
  Thread calibration: mean lat.: 24.693ms, rate sampling interval: 80ms
  Thread calibration: mean lat.: 24.793ms, rate sampling interval: 80ms
  Thread calibration: mean lat.: 27.463ms, rate sampling interval: 82ms
  Thread calibration: mean lat.: 31.581ms, rate sampling interval: 84ms
  Thread calibration: mean lat.: 31.754ms, rate sampling interval: 84ms
  Thread calibration: mean lat.: 27.755ms, rate sampling interval: 79ms
  Thread calibration: mean lat.: 25.320ms, rate sampling interval: 76ms
  Thread calibration: mean lat.: 25.040ms, rate sampling interval: 75ms
  Thread calibration: mean lat.: 23.059ms, rate sampling interval: 72ms
  Thread calibration: mean lat.: 19.556ms, rate sampling interval: 65ms
  Thread calibration: mean lat.: 19.320ms, rate sampling interval: 64ms
  Thread calibration: mean lat.: 22.362ms, rate sampling interval: 65ms
  Thread calibration: mean lat.: 23.288ms, rate sampling interval: 65ms
  Thread calibration: mean lat.: 24.767ms, rate sampling interval: 67ms
  Thread calibration: mean lat.: 25.036ms, rate sampling interval: 65ms
  Thread calibration: mean lat.: 25.653ms, rate sampling interval: 66ms
  Thread calibration: mean lat.: 25.916ms, rate sampling interval: 65ms
  Thread calibration: mean lat.: 26.089ms, rate sampling interval: 66ms
  Thread calibration: mean lat.: 26.177ms, rate sampling interval: 67ms
  Thread calibration: mean lat.: 26.159ms, rate sampling interval: 66ms
  Thread calibration: mean lat.: 26.268ms, rate sampling interval: 68ms
  Thread calibration: mean lat.: 26.397ms, rate sampling interval: 70ms
  Thread calibration: mean lat.: 26.554ms, rate sampling interval: 73ms
  Thread calibration: mean lat.: 26.526ms, rate sampling interval: 73ms
  Thread calibration: mean lat.: 26.754ms, rate sampling interval: 76ms
  Thread calibration: mean lat.: 32.535ms, rate sampling interval: 91ms
  Thread calibration: mean lat.: 33.106ms, rate sampling interval: 91ms
  Thread calibration: mean lat.: 34.208ms, rate sampling interval: 95ms
  Thread calibration: mean lat.: 35.590ms, rate sampling interval: 98ms
  Thread calibration: mean lat.: 36.824ms, rate sampling interval: 101ms
  Thread calibration: mean lat.: 37.455ms, rate sampling interval: 102ms
  Thread calibration: mean lat.: 37.516ms, rate sampling interval: 102ms
  Thread calibration: mean lat.: 37.873ms, rate sampling interval: 103ms
  Thread calibration: mean lat.: 37.534ms, rate sampling interval: 103ms
  Thread calibration: mean lat.: 37.425ms, rate sampling interval: 102ms

-----------------------------------------------------------------------
Test Results @ http://10.10.1.1:30676 
  Thread Stats   Avg      Stdev     99%   +/- Stdev
    Latency    27.59ms   16.70ms  95.10ms   85.04%
    Req/Sec    70.14     53.41   250.00     60.27%
  Latency Distribution (HdrHistogram - Recorded Latency)
 50.000%   25.12ms
 75.000%   34.24ms
 90.000%   42.56ms
 99.000%   95.10ms
 99.900%  152.19ms
 99.990%  335.10ms
 99.999%  419.58ms
100.000%  420.10ms

  Detailed Percentile spectrum:
       Value   Percentile   TotalCount 1/(1-Percentile)

       7.507     0.000000            1         1.00
      12.143     0.100000        13983         1.11
      15.543     0.200000        27969         1.25
      18.591     0.300000        41930         1.43
      21.919     0.400000        55906         1.67
      25.119     0.500000        69924         2.00
      26.751     0.550000        76901         2.22
      28.543     0.600000        83912         2.50
      30.367     0.650000        90880         2.86
      32.271     0.700000        97870         3.33
      34.239     0.750000       104855         4.00
      35.295     0.775000       108297         4.44
      36.415     0.800000       111842         5.00
      37.567     0.825000       115311         5.71
      38.943     0.850000       118796         6.67
      40.575     0.875000       122307         8.00
      41.535     0.887500       124051         8.89
      42.559     0.900000       125768        10.00
      43.903     0.912500       127531        11.43
      45.471     0.925000       129279        13.33
      47.455     0.937500       131003        16.00
      48.735     0.943750       131874        17.78
      50.143     0.950000       132754        20.00
      52.223     0.956250       133622        22.86
      54.431     0.962500       134500        26.67
      56.703     0.968750       135372        32.00
      58.175     0.971875       135805        35.56
      60.223     0.975000       136246        40.00
      63.199     0.978125       136678        45.71
      69.183     0.981250       137115        53.33
      78.271     0.984375       137553        64.00
      83.903     0.985938       137771        71.11
      89.215     0.987500       137988        80.00
      92.415     0.989062       138208        91.43
      97.535     0.990625       138425       106.67
     102.591     0.992188       138646       128.00
     104.895     0.992969       138753       142.22
     107.327     0.993750       138861       160.00
     109.631     0.994531       138970       182.86
     112.639     0.995313       139081       213.33
     116.543     0.996094       139190       256.00
     118.463     0.996484       139244       284.44
     120.703     0.996875       139298       320.00
     122.879     0.997266       139352       365.71
     127.743     0.997656       139407       426.67
     133.375     0.998047       139466       512.00
     134.911     0.998242       139491       568.89
     136.063     0.998437       139516       640.00
     138.751     0.998633       139543       731.43
     142.591     0.998828       139571       853.33
     152.831     0.999023       139599      1024.00
     168.447     0.999121       139612      1137.78
     198.271     0.999219       139625      1280.00
     205.695     0.999316       139639      1462.86
     229.503     0.999414       139654      1706.67
     230.911     0.999512       139666      2048.00
     249.087     0.999561       139673      2275.56
     279.807     0.999609       139681      2560.00
     292.863     0.999658       139687      2925.71
     296.191     0.999707       139695      3413.33
     306.431     0.999756       139700      4096.00
     307.967     0.999780       139705      4551.11
     321.791     0.999805       139707      5120.00
     332.031     0.999829       139711      5851.43
     333.567     0.999854       139714      6826.67
     334.335     0.999878       139717      8192.00
     334.591     0.999890       139719      9102.22
     371.967     0.999902       139721     10240.00
     372.735     0.999915       139724     11702.86
     372.735     0.999927       139724     13653.33
     373.247     0.999939       139727     16384.00
     373.247     0.999945       139727     18204.44
     374.271     0.999951       139728     20480.00
     374.527     0.999957       139730     23405.71
     374.527     0.999963       139730     27306.67
     374.527     0.999969       139730     32768.00
     419.327     0.999973       139731     36408.89
     419.327     0.999976       139731     40960.00
     419.583     0.999979       139733     46811.43
     419.583     0.999982       139733     54613.33
     419.583     0.999985       139733     65536.00
     419.583     0.999986       139733     72817.78
     419.583     0.999988       139733     81920.00
     419.583     0.999989       139733     93622.86
     419.583     0.999991       139733    109226.67
     419.583     0.999992       139733    131072.00
     420.095     0.999993       139734    145635.56
     420.095     1.000000       139734          inf
#[Mean    =       27.588, StdDeviation   =       16.704]
#[Max     =      419.840, Total count    =       139734]
#[Buckets =           27, SubBuckets     =         2048]
-----------------------------------------------------------------------
  167492 requests in 1.00m, 25.97MB read
Requests/sec:   2794.82  
Transfer/sec:    443.75KB

=== rps=3000 c=450 t=45 url=http://10.10.1.1:30676 ===
setup: assigned thread_id=1
init: final thread_id=1, base_seed=nil
setup: assigned thread_id=2
init: final thread_id=2, base_seed=nil
setup: assigned thread_id=3
init: final thread_id=3, base_seed=nil
setup: assigned thread_id=4
init: final thread_id=4, base_seed=nil
setup: assigned thread_id=5
init: final thread_id=5, base_seed=nil
setup: assigned thread_id=6
init: final thread_id=6, base_seed=nil
setup: assigned thread_id=7
init: final thread_id=7, base_seed=nil
setup: assigned thread_id=8
init: final thread_id=8, base_seed=nil
setup: assigned thread_id=9
init: final thread_id=9, base_seed=nil
setup: assigned thread_id=10
init: final thread_id=10, base_seed=nil
setup: assigned thread_id=11
init: final thread_id=11, base_seed=nil
setup: assigned thread_id=12
init: final thread_id=12, base_seed=nil
setup: assigned thread_id=13
init: final thread_id=13, base_seed=nil
setup: assigned thread_id=14
init: final thread_id=14, base_seed=nil
setup: assigned thread_id=15
init: final thread_id=15, base_seed=nil
setup: assigned thread_id=16
init: final thread_id=16, base_seed=nil
setup: assigned thread_id=17
init: final thread_id=17, base_seed=nil
setup: assigned thread_id=18
init: final thread_id=18, base_seed=nil
setup: assigned thread_id=19
init: final thread_id=19, base_seed=nil
setup: assigned thread_id=20
init: final thread_id=20, base_seed=nil
setup: assigned thread_id=21
init: final thread_id=21, base_seed=nil
setup: assigned thread_id=22
init: final thread_id=22, base_seed=nil
setup: assigned thread_id=23
init: final thread_id=23, base_seed=nil
setup: assigned thread_id=24
init: final thread_id=24, base_seed=nil
setup: assigned thread_id=25
init: final thread_id=25, base_seed=nil
setup: assigned thread_id=26
init: final thread_id=26, base_seed=nil
setup: assigned thread_id=27
init: final thread_id=27, base_seed=nil
setup: assigned thread_id=28
init: final thread_id=28, base_seed=nil
setup: assigned thread_id=29
init: final thread_id=29, base_seed=nil
setup: assigned thread_id=30
init: final thread_id=30, base_seed=nil
setup: assigned thread_id=31
init: final thread_id=31, base_seed=nil
setup: assigned thread_id=32
init: final thread_id=32, base_seed=nil
setup: assigned thread_id=33
init: final thread_id=33, base_seed=nil
setup: assigned thread_id=34
init: final thread_id=34, base_seed=nil
setup: assigned thread_id=35
init: final thread_id=35, base_seed=nil
setup: assigned thread_id=36
init: final thread_id=36, base_seed=nil
setup: assigned thread_id=37
init: final thread_id=37, base_seed=nil
setup: assigned thread_id=38
init: final thread_id=38, base_seed=nil
setup: assigned thread_id=39
init: final thread_id=39, base_seed=nil
setup: assigned thread_id=40
init: final thread_id=40, base_seed=nil
setup: assigned thread_id=41
init: final thread_id=41, base_seed=nil
setup: assigned thread_id=42
init: final thread_id=42, base_seed=nil
setup: assigned thread_id=43
init: final thread_id=43, base_seed=nil
setup: assigned thread_id=44
init: final thread_id=44, base_seed=nil
setup: assigned thread_id=45
init: final thread_id=45, base_seed=nil
script_want_response
Running 1m test @ http://10.10.1.1:30676
  45 threads and 450 connections

  Thread calibration: mean lat.: 57.366ms, rate sampling interval: 148ms
  Thread calibration: mean lat.: 58.641ms, rate sampling interval: 147ms
  Thread calibration: mean lat.: 56.080ms, rate sampling interval: 143ms
  Thread calibration: mean lat.: 51.737ms, rate sampling interval: 142ms
  Thread calibration: mean lat.: 51.826ms, rate sampling interval: 139ms
  Thread calibration: mean lat.: 46.277ms, rate sampling interval: 138ms
  Thread calibration: mean lat.: 46.245ms, rate sampling interval: 134ms
  Thread calibration: mean lat.: 43.561ms, rate sampling interval: 133ms
  Thread calibration: mean lat.: 40.293ms, rate sampling interval: 129ms
  Thread calibration: mean lat.: 33.885ms, rate sampling interval: 93ms
  Thread calibration: mean lat.: 25.575ms, rate sampling interval: 71ms
  Thread calibration: mean lat.: 24.761ms, rate sampling interval: 70ms
  Thread calibration: mean lat.: 24.659ms, rate sampling interval: 69ms
  Thread calibration: mean lat.: 24.568ms, rate sampling interval: 69ms
  Thread calibration: mean lat.: 24.337ms, rate sampling interval: 69ms
  Thread calibration: mean lat.: 29.630ms, rate sampling interval: 79ms
  Thread calibration: mean lat.: 31.127ms, rate sampling interval: 79ms
  Thread calibration: mean lat.: 31.265ms, rate sampling interval: 78ms
  Thread calibration: mean lat.: 31.736ms, rate sampling interval: 78ms
  Thread calibration: mean lat.: 30.835ms, rate sampling interval: 78ms
  Thread calibration: mean lat.: 29.718ms, rate sampling interval: 76ms
  Thread calibration: mean lat.: 28.085ms, rate sampling interval: 75ms
  Thread calibration: mean lat.: 27.929ms, rate sampling interval: 73ms
  Thread calibration: mean lat.: 26.410ms, rate sampling interval: 72ms
  Thread calibration: mean lat.: 24.551ms, rate sampling interval: 71ms
  Thread calibration: mean lat.: 24.065ms, rate sampling interval: 70ms
  Thread calibration: mean lat.: 22.866ms, rate sampling interval: 68ms
  Thread calibration: mean lat.: 33.953ms, rate sampling interval: 98ms
  Thread calibration: mean lat.: 36.720ms, rate sampling interval: 128ms
  Thread calibration: mean lat.: 39.939ms, rate sampling interval: 144ms
  Thread calibration: mean lat.: 42.897ms, rate sampling interval: 147ms
  Thread calibration: mean lat.: 45.454ms, rate sampling interval: 150ms
  Thread calibration: mean lat.: 47.790ms, rate sampling interval: 150ms
  Thread calibration: mean lat.: 50.027ms, rate sampling interval: 150ms
  Thread calibration: mean lat.: 53.502ms, rate sampling interval: 151ms
  Thread calibration: mean lat.: 26.912ms, rate sampling interval: 76ms
  Thread calibration: mean lat.: 55.507ms, rate sampling interval: 150ms
  Thread calibration: mean lat.: 58.137ms, rate sampling interval: 147ms
  Thread calibration: mean lat.: 59.016ms, rate sampling interval: 146ms
  Thread calibration: mean lat.: 60.073ms, rate sampling interval: 144ms
  Thread calibration: mean lat.: 60.390ms, rate sampling interval: 142ms
  Thread calibration: mean lat.: 61.005ms, rate sampling interval: 141ms
  Thread calibration: mean lat.: 60.545ms, rate sampling interval: 139ms
  Thread calibration: mean lat.: 59.527ms, rate sampling interval: 138ms
  Thread calibration: mean lat.: 58.531ms, rate sampling interval: 134ms

-----------------------------------------------------------------------
Test Results @ http://10.10.1.1:30676 
  Thread Stats   Avg      Stdev     99%   +/- Stdev
    Latency   205.26ms  276.68ms 934.40ms   82.12%
    Req/Sec    65.67     43.05   147.00     60.68%
  Latency Distribution (HdrHistogram - Recorded Latency)
 50.000%   63.20ms
 75.000%  253.05ms
 90.000%  760.32ms
 99.000%  934.40ms
 99.900%    1.10s 
 99.990%    1.19s 
 99.999%    1.19s 
100.000%    1.19s 

  Detailed Percentile spectrum:
       Value   Percentile   TotalCount 1/(1-Percentile)

       8.847     0.000000            1         1.00
      22.495     0.100000        14760         1.11
      30.495     0.200000        29509         1.25
      39.359     0.300000        44280         1.43
      49.567     0.400000        59023         1.67
      63.199     0.500000        73773         2.00
      70.015     0.550000        81151         2.22
      80.383     0.600000        88513         2.50
     105.151     0.650000        95879         2.86
     150.143     0.700000       103244         3.33
     253.055     0.750000       110640         4.00
     280.575     0.775000       114324         4.44
     355.071     0.800000       117996         5.00
     502.271     0.825000       121680         5.71
     624.639     0.850000       125384         6.67
     709.631     0.875000       129072         8.00
     736.255     0.887500       130916         8.89
     760.319     0.900000       132769        10.00
     782.335     0.912500       134614        11.43
     798.719     0.925000       136469        13.33
     813.567     0.937500       138280        16.00
     822.271     0.943750       139226        17.78
     830.975     0.950000       140164        20.00
     839.679     0.956250       141047        22.86
     852.991     0.962500       141983        26.67
     870.911     0.968750       142904        32.00
     877.055     0.971875       143355        35.56
     882.175     0.975000       143865        40.00
     886.783     0.978125       144306        45.71
     891.391     0.981250       144736        53.33
     897.535     0.984375       145200        64.00
     905.727     0.985938       145418        71.11
     919.551     0.987500       145656        80.00
     927.743     0.989062       145884        91.43
     939.007     0.990625       146112       106.67
     958.463     0.992188       146339       128.00
     967.167     0.992969       146453       142.22
     972.799     0.993750       146571       160.00
     978.943     0.994531       146685       182.86
     995.839     0.995313       146800       213.33
    1019.903     0.996094       146917       256.00
    1026.047     0.996484       146976       284.44
    1030.655     0.996875       147032       320.00
    1034.751     0.997266       147092       365.71
    1038.335     0.997656       147148       426.67
    1047.551     0.998047       147202       512.00
    1056.767     0.998242       147231       568.89
    1073.151     0.998437       147261       640.00
    1087.487     0.998633       147289       731.43
    1096.703     0.998828       147319       853.33
    1106.943     0.999023       147348      1024.00
    1116.159     0.999121       147366      1137.78
    1122.303     0.999219       147375      1280.00
    1127.423     0.999316       147393      1462.86
    1132.543     0.999414       147406      1706.67
    1136.639     0.999512       147420      2048.00
    1140.735     0.999561       147426      2275.56
    1158.143     0.999609       147434      2560.00
    1166.335     0.999658       147442      2925.71
    1175.551     0.999707       147450      3413.33
    1177.599     0.999756       147454      4096.00
    1178.623     0.999780       147458      4551.11
    1181.695     0.999805       147463      5120.00
    1183.743     0.999829       147466      5851.43
    1184.767     0.999854       147473      6826.67
    1184.767     0.999878       147473      8192.00
    1185.791     0.999890       147474      9102.22
    1186.815     0.999902       147476     10240.00
    1187.839     0.999915       147479     11702.86
    1188.863     0.999927       147484     13653.33
    1188.863     0.999939       147484     16384.00
    1188.863     0.999945       147484     18204.44
    1188.863     0.999951       147484     20480.00
    1188.863     0.999957       147484     23405.71
    1189.887     0.999963       147486     27306.67
    1189.887     0.999969       147486     32768.00
    1189.887     0.999973       147486     36408.89
    1190.911     0.999976       147487     40960.00
    1190.911     0.999979       147487     46811.43
    1192.959     0.999982       147488     54613.33
    1192.959     0.999985       147488     65536.00
    1192.959     0.999986       147488     72817.78
    1193.983     0.999988       147490     81920.00
    1193.983     1.000000       147490          inf
#[Mean    =      205.256, StdDeviation   =      276.680]
#[Max     =     1192.960, Total count    =       147490]
#[Buckets =           27, SubBuckets     =         2048]
-----------------------------------------------------------------------
  176732 requests in 1.00m, 27.41MB read
Requests/sec:   2950.44  
Transfer/sec:    468.51KB

=== rps=3200 c=512 t=52 url=http://10.10.1.1:30676 ===
setup: assigned thread_id=1
init: final thread_id=1, base_seed=nil
setup: assigned thread_id=2
init: final thread_id=2, base_seed=nil
setup: assigned thread_id=3
init: final thread_id=3, base_seed=nil
setup: assigned thread_id=4
init: final thread_id=4, base_seed=nil
setup: assigned thread_id=5
init: final thread_id=5, base_seed=nil
setup: assigned thread_id=6
init: final thread_id=6, base_seed=nil
setup: assigned thread_id=7
init: final thread_id=7, base_seed=nil
setup: assigned thread_id=8
init: final thread_id=8, base_seed=nil
setup: assigned thread_id=9
init: final thread_id=9, base_seed=nil
setup: assigned thread_id=10
init: final thread_id=10, base_seed=nil
setup: assigned thread_id=11
init: final thread_id=11, base_seed=nil
setup: assigned thread_id=12
init: final thread_id=12, base_seed=nil
setup: assigned thread_id=13
init: final thread_id=13, base_seed=nil
setup: assigned thread_id=14
init: final thread_id=14, base_seed=nil
setup: assigned thread_id=15
init: final thread_id=15, base_seed=nil
setup: assigned thread_id=16
init: final thread_id=16, base_seed=nil
setup: assigned thread_id=17
init: final thread_id=17, base_seed=nil
setup: assigned thread_id=18
init: final thread_id=18, base_seed=nil
setup: assigned thread_id=19
init: final thread_id=19, base_seed=nil
setup: assigned thread_id=20
init: final thread_id=20, base_seed=nil
setup: assigned thread_id=21
init: final thread_id=21, base_seed=nil
setup: assigned thread_id=22
init: final thread_id=22, base_seed=nil
setup: assigned thread_id=23
init: final thread_id=23, base_seed=nil
setup: assigned thread_id=24
init: final thread_id=24, base_seed=nil
setup: assigned thread_id=25
init: final thread_id=25, base_seed=nil
setup: assigned thread_id=26
init: final thread_id=26, base_seed=nil
setup: assigned thread_id=27
init: final thread_id=27, base_seed=nil
setup: assigned thread_id=28
init: final thread_id=28, base_seed=nil
setup: assigned thread_id=29
init: final thread_id=29, base_seed=nil
setup: assigned thread_id=30
init: final thread_id=30, base_seed=nil
setup: assigned thread_id=31
init: final thread_id=31, base_seed=nil
setup: assigned thread_id=32
init: final thread_id=32, base_seed=nil
setup: assigned thread_id=33
init: final thread_id=33, base_seed=nil
setup: assigned thread_id=34
init: final thread_id=34, base_seed=nil
setup: assigned thread_id=35
init: final thread_id=35, base_seed=nil
setup: assigned thread_id=36
init: final thread_id=36, base_seed=nil
setup: assigned thread_id=37
init: final thread_id=37, base_seed=nil
setup: assigned thread_id=38
init: final thread_id=38, base_seed=nil
setup: assigned thread_id=39
init: final thread_id=39, base_seed=nil
setup: assigned thread_id=40
init: final thread_id=40, base_seed=nil
setup: assigned thread_id=41
init: final thread_id=41, base_seed=nil
setup: assigned thread_id=42
init: final thread_id=42, base_seed=nil
setup: assigned thread_id=43
init: final thread_id=43, base_seed=nil
setup: assigned thread_id=44
init: final thread_id=44, base_seed=nil
setup: assigned thread_id=45
init: final thread_id=45, base_seed=nil
setup: assigned thread_id=46
init: final thread_id=46, base_seed=nil
setup: assigned thread_id=47
init: final thread_id=47, base_seed=nil
setup: assigned thread_id=48
init: final thread_id=48, base_seed=nil
setup: assigned thread_id=49
init: final thread_id=49, base_seed=nil
setup: assigned thread_id=50
init: final thread_id=50, base_seed=nil
setup: assigned thread_id=51
init: final thread_id=51, base_seed=nil
setup: assigned thread_id=52
init: final thread_id=52, base_seed=nil
script_want_response
Running 1m test @ http://10.10.1.1:30676
  52 threads and 512 connections

  Thread calibration: mean lat.: 123.553ms, rate sampling interval: 319ms
  Thread calibration: mean lat.: 118.488ms, rate sampling interval: 309ms
  Thread calibration: mean lat.: 122.550ms, rate sampling interval: 319ms
  Thread calibration: mean lat.: 126.117ms, rate sampling interval: 335ms
  Thread calibration: mean lat.: 130.233ms, rate sampling interval: 340ms
  Thread calibration: mean lat.: 127.917ms, rate sampling interval: 336ms
  Thread calibration: mean lat.: 134.516ms, rate sampling interval: 345ms
  Thread calibration: mean lat.: 131.889ms, rate sampling interval: 339ms
  Thread calibration: mean lat.: 137.521ms, rate sampling interval: 351ms
  Thread calibration: mean lat.: 136.985ms, rate sampling interval: 351ms
  Thread calibration: mean lat.: 129.585ms, rate sampling interval: 337ms
  Thread calibration: mean lat.: 129.561ms, rate sampling interval: 314ms
  Thread calibration: mean lat.: 129.794ms, rate sampling interval: 340ms
  Thread calibration: mean lat.: 124.145ms, rate sampling interval: 332ms
  Thread calibration: mean lat.: 128.786ms, rate sampling interval: 311ms
  Thread calibration: mean lat.: 122.654ms, rate sampling interval: 338ms
  Thread calibration: mean lat.: 131.288ms, rate sampling interval: 318ms
  Thread calibration: mean lat.: 111.393ms, rate sampling interval: 311ms
  Thread calibration: mean lat.: 110.550ms, rate sampling interval: 307ms
  Thread calibration: mean lat.: 109.425ms, rate sampling interval: 306ms
  Thread calibration: mean lat.: 105.871ms, rate sampling interval: 292ms
  Thread calibration: mean lat.: 106.042ms, rate sampling interval: 295ms
  Thread calibration: mean lat.: 105.547ms, rate sampling interval: 293ms
  Thread calibration: mean lat.: 104.681ms, rate sampling interval: 289ms
  Thread calibration: mean lat.: 104.739ms, rate sampling interval: 289ms
  Thread calibration: mean lat.: 104.565ms, rate sampling interval: 291ms
  Thread calibration: mean lat.: 105.609ms, rate sampling interval: 295ms
  Thread calibration: mean lat.: 132.263ms, rate sampling interval: 355ms
  Thread calibration: mean lat.: 109.327ms, rate sampling interval: 300ms
  Thread calibration: mean lat.: 116.863ms, rate sampling interval: 323ms
  Thread calibration: mean lat.: 111.458ms, rate sampling interval: 302ms
  Thread calibration: mean lat.: 114.733ms, rate sampling interval: 309ms
  Thread calibration: mean lat.: 120.227ms, rate sampling interval: 314ms
  Thread calibration: mean lat.: 126.198ms, rate sampling interval: 321ms
  Thread calibration: mean lat.: 127.082ms, rate sampling interval: 325ms
  Thread calibration: mean lat.: 123.007ms, rate sampling interval: 311ms
  Thread calibration: mean lat.: 128.115ms, rate sampling interval: 322ms
  Thread calibration: mean lat.: 123.508ms, rate sampling interval: 309ms
  Thread calibration: mean lat.: 123.091ms, rate sampling interval: 306ms
  Thread calibration: mean lat.: 126.226ms, rate sampling interval: 317ms
  Thread calibration: mean lat.: 127.438ms, rate sampling interval: 317ms
  Thread calibration: mean lat.: 125.139ms, rate sampling interval: 310ms
  Thread calibration: mean lat.: 125.070ms, rate sampling interval: 306ms
  Thread calibration: mean lat.: 125.530ms, rate sampling interval: 309ms
  Thread calibration: mean lat.: 125.382ms, rate sampling interval: 306ms
  Thread calibration: mean lat.: 125.465ms, rate sampling interval: 305ms
  Thread calibration: mean lat.: 127.675ms, rate sampling interval: 312ms
  Thread calibration: mean lat.: 132.520ms, rate sampling interval: 363ms
  Thread calibration: mean lat.: 136.264ms, rate sampling interval: 381ms
  Thread calibration: mean lat.: 130.615ms, rate sampling interval: 339ms
  Thread calibration: mean lat.: 138.669ms, rate sampling interval: 418ms
  Thread calibration: mean lat.: 137.980ms, rate sampling interval: 414ms

-----------------------------------------------------------------------
Test Results @ http://10.10.1.1:30676 
  Thread Stats   Avg      Stdev     99%   +/- Stdev
    Latency    97.46ms   61.72ms 275.97ms   69.44%
    Req/Sec    60.53      9.00    87.00     80.53%
  Latency Distribution (HdrHistogram - Recorded Latency)
 50.000%   83.97ms
 75.000%  135.93ms
 90.000%  183.17ms
 99.000%  275.97ms
 99.900%  347.39ms
 99.990%  375.81ms
 99.999%  401.92ms
100.000%  407.81ms

  Detailed Percentile spectrum:
       Value   Percentile   TotalCount 1/(1-Percentile)

       8.567     0.000000            1         1.00
      25.679     0.100000        15808         1.11
      44.511     0.200000        31625         1.25
      56.255     0.300000        47444         1.43
      67.583     0.400000        63269         1.67
      83.967     0.500000        79040         2.00
      93.759     0.550000        86955         2.22
     103.679     0.600000        94823         2.50
     113.279     0.650000       102760         2.86
     124.159     0.700000       110639         3.33
     135.935     0.750000       118596         4.00
     142.207     0.775000       122501         4.44
     148.863     0.800000       126461         5.00
     155.519     0.825000       130403         5.71
     162.943     0.850000       134359         6.67
     171.903     0.875000       138316         8.00
     177.279     0.887500       140299         8.89
     183.167     0.900000       142239        10.00
     189.695     0.912500       144221        11.43
     197.119     0.925000       146209        13.33
     204.927     0.937500       148163        16.00
     209.279     0.943750       149162        17.78
     214.271     0.950000       150147        20.00
     219.775     0.956250       151142        22.86
     226.047     0.962500       152128        26.67
     234.367     0.968750       153109        32.00
     239.103     0.971875       153603        35.56
     243.967     0.975000       154100        40.00
     249.599     0.978125       154583        45.71
     256.127     0.981250       155082        53.33
     263.423     0.984375       155578        64.00
     266.495     0.985938       155830        71.11
     270.079     0.987500       156065        80.00
     273.663     0.989062       156320        91.43
     277.503     0.990625       156574       106.67
     282.367     0.992188       156812       128.00
     285.439     0.992969       156934       142.22
     289.535     0.993750       157052       160.00
     295.423     0.994531       157173       182.86
     301.567     0.995313       157299       213.33
     308.991     0.996094       157421       256.00
     312.831     0.996484       157483       284.44
     317.439     0.996875       157546       320.00
     320.767     0.997266       157609       365.71
     324.863     0.997656       157669       426.67
     328.191     0.998047       157729       512.00
     331.519     0.998242       157762       568.89
     335.103     0.998437       157792       640.00
     338.943     0.998633       157821       731.43
     343.295     0.998828       157857       853.33
     348.415     0.999023       157883      1024.00
     351.487     0.999121       157899      1137.78
     353.535     0.999219       157914      1280.00
     355.839     0.999316       157929      1462.86
     358.399     0.999414       157946      1706.67
     360.703     0.999512       157960      2048.00
     362.239     0.999561       157969      2275.56
     363.519     0.999609       157976      2560.00
     365.055     0.999658       157983      2925.71
     366.079     0.999707       157991      3413.33
     367.615     0.999756       158000      4096.00
     368.127     0.999780       158003      4551.11
     368.895     0.999805       158007      5120.00
     369.919     0.999829       158010      5851.43
     370.943     0.999854       158015      6826.67
     372.991     0.999878       158018      8192.00
     374.015     0.999890       158020      9102.22
     376.063     0.999902       158022     10240.00
     379.647     0.999915       158024     11702.86
     386.303     0.999927       158026     13653.33
     391.423     0.999939       158028     16384.00
     392.959     0.999945       158029     18204.44
     395.007     0.999951       158030     20480.00
     396.287     0.999957       158031     23405.71
     399.615     0.999963       158032     27306.67
     399.871     0.999969       158033     32768.00
     399.871     0.999973       158033     36408.89
     400.895     0.999976       158034     40960.00
     400.895     0.999979       158034     46811.43
     401.919     0.999982       158036     54613.33
     401.919     0.999985       158036     65536.00
     401.919     0.999986       158036     72817.78
     401.919     0.999988       158036     81920.00
     401.919     0.999989       158036     93622.86
     401.919     0.999991       158036    109226.67
     401.919     0.999992       158036    131072.00
     401.919     0.999993       158036    145635.56
     407.807     0.999994       158037    163840.00
     407.807     1.000000       158037          inf
#[Mean    =       97.459, StdDeviation   =       61.717]
#[Max     =      407.552, Total count    =       158037]
#[Buckets =           27, SubBuckets     =         2048]
-----------------------------------------------------------------------
  188794 requests in 1.00m, 29.27MB read
Requests/sec:   3152.72  
Transfer/sec:    500.60KB

=== rps=3400 c=578 t=58 url=http://10.10.1.1:30676 ===
setup: assigned thread_id=1
init: final thread_id=1, base_seed=nil
setup: assigned thread_id=2
init: final thread_id=2, base_seed=nil
setup: assigned thread_id=3
init: final thread_id=3, base_seed=nil
setup: assigned thread_id=4
init: final thread_id=4, base_seed=nil
setup: assigned thread_id=5
init: final thread_id=5, base_seed=nil
setup: assigned thread_id=6
init: final thread_id=6, base_seed=nil
setup: assigned thread_id=7
init: final thread_id=7, base_seed=nil
setup: assigned thread_id=8
init: final thread_id=8, base_seed=nil
setup: assigned thread_id=9
init: final thread_id=9, base_seed=nil
setup: assigned thread_id=10
init: final thread_id=10, base_seed=nil
setup: assigned thread_id=11
init: final thread_id=11, base_seed=nil
setup: assigned thread_id=12
init: final thread_id=12, base_seed=nil
setup: assigned thread_id=13
init: final thread_id=13, base_seed=nil
setup: assigned thread_id=14
init: final thread_id=14, base_seed=nil
setup: assigned thread_id=15
init: final thread_id=15, base_seed=nil
setup: assigned thread_id=16
init: final thread_id=16, base_seed=nil
setup: assigned thread_id=17
init: final thread_id=17, base_seed=nil
setup: assigned thread_id=18
init: final thread_id=18, base_seed=nil
setup: assigned thread_id=19
init: final thread_id=19, base_seed=nil
setup: assigned thread_id=20
init: final thread_id=20, base_seed=nil
setup: assigned thread_id=21
init: final thread_id=21, base_seed=nil
setup: assigned thread_id=22
init: final thread_id=22, base_seed=nil
setup: assigned thread_id=23
init: final thread_id=23, base_seed=nil
setup: assigned thread_id=24
init: final thread_id=24, base_seed=nil
setup: assigned thread_id=25
init: final thread_id=25, base_seed=nil
setup: assigned thread_id=26
init: final thread_id=26, base_seed=nil
setup: assigned thread_id=27
init: final thread_id=27, base_seed=nil
setup: assigned thread_id=28
init: final thread_id=28, base_seed=nil
setup: assigned thread_id=29
init: final thread_id=29, base_seed=nil
setup: assigned thread_id=30
init: final thread_id=30, base_seed=nil
setup: assigned thread_id=31
init: final thread_id=31, base_seed=nil
setup: assigned thread_id=32
init: final thread_id=32, base_seed=nil
setup: assigned thread_id=33
init: final thread_id=33, base_seed=nil
setup: assigned thread_id=34
init: final thread_id=34, base_seed=nil
setup: assigned thread_id=35
init: final thread_id=35, base_seed=nil
setup: assigned thread_id=36
init: final thread_id=36, base_seed=nil
setup: assigned thread_id=37
init: final thread_id=37, base_seed=nil
setup: assigned thread_id=38
init: final thread_id=38, base_seed=nil
setup: assigned thread_id=39
init: final thread_id=39, base_seed=nil
setup: assigned thread_id=40
init: final thread_id=40, base_seed=nil
setup: assigned thread_id=41
init: final thread_id=41, base_seed=nil
setup: assigned thread_id=42
init: final thread_id=42, base_seed=nil
setup: assigned thread_id=43
init: final thread_id=43, base_seed=nil
setup: assigned thread_id=44
init: final thread_id=44, base_seed=nil
setup: assigned thread_id=45
init: final thread_id=45, base_seed=nil
setup: assigned thread_id=46
init: final thread_id=46, base_seed=nil
setup: assigned thread_id=47
init: final thread_id=47, base_seed=nil
setup: assigned thread_id=48
init: final thread_id=48, base_seed=nil
setup: assigned thread_id=49
init: final thread_id=49, base_seed=nil
setup: assigned thread_id=50
init: final thread_id=50, base_seed=nil
setup: assigned thread_id=51
init: final thread_id=51, base_seed=nil
setup: assigned thread_id=52
init: final thread_id=52, base_seed=nil
setup: assigned thread_id=53
init: final thread_id=53, base_seed=nil
setup: assigned thread_id=54
init: final thread_id=54, base_seed=nil
setup: assigned thread_id=55
init: final thread_id=55, base_seed=nil
setup: assigned thread_id=56
init: final thread_id=56, base_seed=nil
setup: assigned thread_id=57
init: final thread_id=57, base_seed=nil
setup: assigned thread_id=58
init: final thread_id=58, base_seed=nil
script_want_response
Running 1m test @ http://10.10.1.1:30676
  58 threads and 578 connections

  Thread calibration: mean lat.: 389.307ms, rate sampling interval: 1079ms
  Thread calibration: mean lat.: 390.007ms, rate sampling interval: 1112ms
  Thread calibration: mean lat.: 396.884ms, rate sampling interval: 1093ms
  Thread calibration: mean lat.: 383.080ms, rate sampling interval: 1061ms
  Thread calibration: mean lat.: 417.167ms, rate sampling interval: 1164ms
  Thread calibration: mean lat.: 395.365ms, rate sampling interval: 1139ms
  Thread calibration: mean lat.: 394.856ms, rate sampling interval: 1105ms
  Thread calibration: mean lat.: 419.554ms, rate sampling interval: 1151ms
  Thread calibration: mean lat.: 396.560ms, rate sampling interval: 1106ms
  Thread calibration: mean lat.: 353.282ms, rate sampling interval: 958ms
  Thread calibration: mean lat.: 413.737ms, rate sampling interval: 1132ms
  Thread calibration: mean lat.: 404.876ms, rate sampling interval: 1127ms
  Thread calibration: mean lat.: 389.904ms, rate sampling interval: 1122ms
  Thread calibration: mean lat.: 388.741ms, rate sampling interval: 1092ms
  Thread calibration: mean lat.: 397.347ms, rate sampling interval: 1085ms
  Thread calibration: mean lat.: 396.303ms, rate sampling interval: 1096ms
  Thread calibration: mean lat.: 398.630ms, rate sampling interval: 1078ms
  Thread calibration: mean lat.: 390.576ms, rate sampling interval: 1082ms
  Thread calibration: mean lat.: 386.855ms, rate sampling interval: 1056ms
  Thread calibration: mean lat.: 407.917ms, rate sampling interval: 1133ms
  Thread calibration: mean lat.: 364.658ms, rate sampling interval: 1057ms
  Thread calibration: mean lat.: 385.549ms, rate sampling interval: 1125ms
  Thread calibration: mean lat.: 361.343ms, rate sampling interval: 1050ms
  Thread calibration: mean lat.: 378.812ms, rate sampling interval: 1043ms
  Thread calibration: mean lat.: 411.399ms, rate sampling interval: 1177ms
  Thread calibration: mean lat.: 385.188ms, rate sampling interval: 1052ms
  Thread calibration: mean lat.: 369.154ms, rate sampling interval: 1019ms
  Thread calibration: mean lat.: 375.083ms, rate sampling interval: 1049ms
  Thread calibration: mean lat.: 413.630ms, rate sampling interval: 1126ms
  Thread calibration: mean lat.: 372.832ms, rate sampling interval: 984ms
  Thread calibration: mean lat.: 366.344ms, rate sampling interval: 999ms
  Thread calibration: mean lat.: 357.987ms, rate sampling interval: 966ms
  Thread calibration: mean lat.: 392.681ms, rate sampling interval: 1048ms
  Thread calibration: mean lat.: 399.937ms, rate sampling interval: 1093ms
  Thread calibration: mean lat.: 367.978ms, rate sampling interval: 1033ms
  Thread calibration: mean lat.: 369.721ms, rate sampling interval: 987ms
  Thread calibration: mean lat.: 382.568ms, rate sampling interval: 1060ms
  Thread calibration: mean lat.: 398.966ms, rate sampling interval: 1092ms
  Thread calibration: mean lat.: 356.869ms, rate sampling interval: 954ms
  Thread calibration: mean lat.: 315.972ms, rate sampling interval: 867ms
  Thread calibration: mean lat.: 361.466ms, rate sampling interval: 956ms
  Thread calibration: mean lat.: 380.282ms, rate sampling interval: 1028ms
  Thread calibration: mean lat.: 355.552ms, rate sampling interval: 960ms
  Thread calibration: mean lat.: 378.230ms, rate sampling interval: 1215ms
  Thread calibration: mean lat.: 368.943ms, rate sampling interval: 969ms
  Thread calibration: mean lat.: 357.011ms, rate sampling interval: 1035ms
  Thread calibration: mean lat.: 361.693ms, rate sampling interval: 1030ms
  Thread calibration: mean lat.: 390.309ms, rate sampling interval: 1077ms
  Thread calibration: mean lat.: 375.985ms, rate sampling interval: 1068ms
  Thread calibration: mean lat.: 368.030ms, rate sampling interval: 1018ms
  Thread calibration: mean lat.: 378.505ms, rate sampling interval: 1049ms
  Thread calibration: mean lat.: 391.527ms, rate sampling interval: 1056ms
  Thread calibration: mean lat.: 390.857ms, rate sampling interval: 1069ms
  Thread calibration: mean lat.: 389.338ms, rate sampling interval: 1171ms
  Thread calibration: mean lat.: 382.955ms, rate sampling interval: 1092ms
  Thread calibration: mean lat.: 394.299ms, rate sampling interval: 1092ms
  Thread calibration: mean lat.: 408.480ms, rate sampling interval: 1112ms
  Thread calibration: mean lat.: 398.065ms, rate sampling interval: 1077ms

-----------------------------------------------------------------------
Test Results @ http://10.10.1.1:30676 
  Thread Stats   Avg      Stdev     99%   +/- Stdev
    Latency   462.91ms  471.29ms   1.46s    75.85%
    Req/Sec    58.05      7.10    81.00     86.51%
  Latency Distribution (HdrHistogram - Recorded Latency)
 50.000%  252.80ms
 75.000%  906.24ms
 90.000%    1.26s 
 99.000%    1.46s 
 99.900%    1.52s 
 99.990%    1.54s 
 99.999%    1.55s 
100.000%    1.56s 

  Detailed Percentile spectrum:
       Value   Percentile   TotalCount 1/(1-Percentile)

       9.439     0.000000            1         1.00
      28.991     0.100000        16937         1.11
      47.519     0.200000        33899         1.25
      75.455     0.300000        50815         1.43
     158.719     0.400000        67770         1.67
     252.799     0.500000        84677         2.00
     323.583     0.550000        93163         2.22
     396.287     0.600000       101611         2.50
     474.879     0.650000       110079         2.86
     608.767     0.700000       118551         3.33
     906.239     0.750000       127020         4.00
     970.239     0.775000       131267         4.44
    1033.215     0.800000       135508         5.00
    1095.679     0.825000       139759         5.71
    1144.831     0.850000       143977         6.67
    1204.223     0.875000       148219         8.00
    1232.895     0.887500       150306         8.89
    1259.519     0.900000       152419        10.00
    1281.023     0.912500       154552        11.43
    1310.719     0.925000       156700        13.33
    1336.319     0.937500       158877        16.00
    1347.583     0.943750       159902        17.78
    1357.823     0.950000       160905        20.00
    1369.087     0.956250       161966        22.86
    1383.423     0.962500       163015        26.67
    1402.879     0.968750       164103        32.00
    1409.023     0.971875       164629        35.56
    1414.143     0.975000       165138        40.00
    1420.287     0.978125       165709        45.71
    1426.431     0.981250       166177        53.33
    1435.647     0.984375       166732        64.00
    1440.767     0.985938       166998        71.11
    1446.911     0.987500       167268        80.00
    1455.103     0.989062       167497        91.43
    1463.295     0.990625       167783       106.67
    1469.439     0.992188       168056       128.00
    1472.511     0.992969       168194       142.22
    1475.583     0.993750       168329       160.00
    1478.655     0.994531       168430       182.86
    1483.775     0.995313       168560       213.33
    1490.943     0.996094       168693       256.00
    1495.039     0.996484       168768       284.44
    1498.111     0.996875       168836       320.00
    1501.183     0.997266       168900       365.71
    1505.279     0.997656       168965       426.67
    1509.375     0.998047       169034       512.00
    1510.399     0.998242       169050       568.89
    1513.471     0.998437       169095       640.00
    1515.519     0.998633       169120       731.43
    1517.567     0.998828       169152       853.33
    1520.639     0.999023       169188      1024.00
    1521.663     0.999121       169199      1137.78
    1523.711     0.999219       169222      1280.00
    1524.735     0.999316       169238      1462.86
    1525.759     0.999414       169251      1706.67
    1527.807     0.999512       169270      2048.00
    1528.831     0.999561       169278      2275.56
    1529.855     0.999609       169283      2560.00
    1531.903     0.999658       169291      2925.71
    1533.951     0.999707       169302      3413.33
    1534.975     0.999756       169306      4096.00
    1535.999     0.999780       169311      4551.11
    1537.023     0.999805       169314      5120.00
    1538.047     0.999829       169321      5851.43
    1539.071     0.999854       169328      6826.67
    1539.071     0.999878       169328      8192.00
    1540.095     0.999890       169336      9102.22
    1540.095     0.999902       169336     10240.00
    1540.095     0.999915       169336     11702.86
    1540.095     0.999927       169336     13653.33
    1541.119     0.999939       169338     16384.00
    1541.119     0.999945       169338     18204.44
    1542.143     0.999951       169340     20480.00
    1542.143     0.999957       169340     23405.71
    1545.215     0.999963       169341     27306.67
    1547.263     0.999969       169343     32768.00
    1547.263     0.999973       169343     36408.89
    1547.263     0.999976       169343     40960.00
    1554.431     0.999979       169345     46811.43
    1554.431     0.999982       169345     54613.33
    1554.431     0.999985       169345     65536.00
    1554.431     0.999986       169345     72817.78
    1554.431     0.999988       169345     81920.00
    1555.455     0.999989       169346     93622.86
    1555.455     0.999991       169346    109226.67
    1555.455     0.999992       169346    131072.00
    1555.455     0.999993       169346    145635.56
    1555.455     0.999994       169346    163840.00
    1561.599     0.999995       169347    187245.71
    1561.599     1.000000       169347          inf
#[Mean    =      462.911, StdDeviation   =      471.286]
#[Max     =     1560.576, Total count    =       169347]
#[Buckets =           27, SubBuckets     =         2048]
-----------------------------------------------------------------------
  200865 requests in 1.00m, 31.14MB read
Requests/sec:   3352.35  
Transfer/sec:    532.22KB

=== rps=3600 c=648 t=65 url=http://10.10.1.1:30676 ===
setup: assigned thread_id=1
init: final thread_id=1, base_seed=nil
setup: assigned thread_id=2
init: final thread_id=2, base_seed=nil
setup: assigned thread_id=3
init: final thread_id=3, base_seed=nil
setup: assigned thread_id=4
init: final thread_id=4, base_seed=nil
setup: assigned thread_id=5
init: final thread_id=5, base_seed=nil
setup: assigned thread_id=6
init: final thread_id=6, base_seed=nil
setup: assigned thread_id=7
init: final thread_id=7, base_seed=nil
setup: assigned thread_id=8
init: final thread_id=8, base_seed=nil
setup: assigned thread_id=9
init: final thread_id=9, base_seed=nil
setup: assigned thread_id=10
init: final thread_id=10, base_seed=nil
setup: assigned thread_id=11
init: final thread_id=11, base_seed=nil
setup: assigned thread_id=12
init: final thread_id=12, base_seed=nil
setup: assigned thread_id=13
init: final thread_id=13, base_seed=nil
setup: assigned thread_id=14
init: final thread_id=14, base_seed=nil
setup: assigned thread_id=15
init: final thread_id=15, base_seed=nil
setup: assigned thread_id=16
init: final thread_id=16, base_seed=nil
setup: assigned thread_id=17
init: final thread_id=17, base_seed=nil
setup: assigned thread_id=18
init: final thread_id=18, base_seed=nil
setup: assigned thread_id=19
init: final thread_id=19, base_seed=nil
setup: assigned thread_id=20
init: final thread_id=20, base_seed=nil
setup: assigned thread_id=21
init: final thread_id=21, base_seed=nil
setup: assigned thread_id=22
init: final thread_id=22, base_seed=nil
setup: assigned thread_id=23
init: final thread_id=23, base_seed=nil
setup: assigned thread_id=24
init: final thread_id=24, base_seed=nil
setup: assigned thread_id=25
init: final thread_id=25, base_seed=nil
setup: assigned thread_id=26
init: final thread_id=26, base_seed=nil
setup: assigned thread_id=27
init: final thread_id=27, base_seed=nil
setup: assigned thread_id=28
init: final thread_id=28, base_seed=nil
setup: assigned thread_id=29
init: final thread_id=29, base_seed=nil
setup: assigned thread_id=30
init: final thread_id=30, base_seed=nil
setup: assigned thread_id=31
init: final thread_id=31, base_seed=nil
setup: assigned thread_id=32
init: final thread_id=32, base_seed=nil
setup: assigned thread_id=33
init: final thread_id=33, base_seed=nil
setup: assigned thread_id=34
init: final thread_id=34, base_seed=nil
setup: assigned thread_id=35
init: final thread_id=35, base_seed=nil
setup: assigned thread_id=36
init: final thread_id=36, base_seed=nil
setup: assigned thread_id=37
init: final thread_id=37, base_seed=nil
setup: assigned thread_id=38
init: final thread_id=38, base_seed=nil
setup: assigned thread_id=39
init: final thread_id=39, base_seed=nil
setup: assigned thread_id=40
init: final thread_id=40, base_seed=nil
setup: assigned thread_id=41
init: final thread_id=41, base_seed=nil
setup: assigned thread_id=42
init: final thread_id=42, base_seed=nil
setup: assigned thread_id=43
init: final thread_id=43, base_seed=nil
setup: assigned thread_id=44
init: final thread_id=44, base_seed=nil
setup: assigned thread_id=45
init: final thread_id=45, base_seed=nil
setup: assigned thread_id=46
init: final thread_id=46, base_seed=nil
setup: assigned thread_id=47
init: final thread_id=47, base_seed=nil
setup: assigned thread_id=48
init: final thread_id=48, base_seed=nil
setup: assigned thread_id=49
init: final thread_id=49, base_seed=nil
setup: assigned thread_id=50
init: final thread_id=50, base_seed=nil
setup: assigned thread_id=51
init: final thread_id=51, base_seed=nil
setup: assigned thread_id=52
init: final thread_id=52, base_seed=nil
setup: assigned thread_id=53
init: final thread_id=53, base_seed=nil
setup: assigned thread_id=54
init: final thread_id=54, base_seed=nil
setup: assigned thread_id=55
init: final thread_id=55, base_seed=nil
setup: assigned thread_id=56
init: final thread_id=56, base_seed=nil
setup: assigned thread_id=57
init: final thread_id=57, base_seed=nil
setup: assigned thread_id=58
init: final thread_id=58, base_seed=nil
setup: assigned thread_id=59
init: final thread_id=59, base_seed=nil
setup: assigned thread_id=60
init: final thread_id=60, base_seed=nil
setup: assigned thread_id=61
init: final thread_id=61, base_seed=nil
setup: assigned thread_id=62
init: final thread_id=62, base_seed=nil
setup: assigned thread_id=63
init: final thread_id=63, base_seed=nil
setup: assigned thread_id=64
init: final thread_id=64, base_seed=nil
setup: assigned thread_id=65
init: final thread_id=65, base_seed=nil
script_want_response
Running 1m test @ http://10.10.1.1:30676
  65 threads and 648 connections

  Thread calibration: mean lat.: 1170.489ms, rate sampling interval: 3899ms
  Thread calibration: mean lat.: 1173.324ms, rate sampling interval: 3852ms
  Thread calibration: mean lat.: 1176.908ms, rate sampling interval: 3895ms
  Thread calibration: mean lat.: 1170.282ms, rate sampling interval: 3848ms
  Thread calibration: mean lat.: 1173.947ms, rate sampling interval: 3854ms
  Thread calibration: mean lat.: 1178.775ms, rate sampling interval: 3850ms
  Thread calibration: mean lat.: 1186.444ms, rate sampling interval: 3858ms
  Thread calibration: mean lat.: 1195.445ms, rate sampling interval: 3891ms
  Thread calibration: mean lat.: 1198.172ms, rate sampling interval: 3903ms
  Thread calibration: mean lat.: 1209.708ms, rate sampling interval: 3940ms
  Thread calibration: mean lat.: 1200.256ms, rate sampling interval: 3895ms
  Thread calibration: mean lat.: 1188.382ms, rate sampling interval: 3846ms
  Thread calibration: mean lat.: 1192.926ms, rate sampling interval: 3842ms
  Thread calibration: mean lat.: 1193.350ms, rate sampling interval: 3897ms
  Thread calibration: mean lat.: 1202.403ms, rate sampling interval: 3850ms
  Thread calibration: mean lat.: 1234.174ms, rate sampling interval: 3964ms
  Thread calibration: mean lat.: 1248.849ms, rate sampling interval: 3979ms
  Thread calibration: mean lat.: 1256.673ms, rate sampling interval: 3995ms
  Thread calibration: mean lat.: 1267.861ms, rate sampling interval: 4018ms
  Thread calibration: mean lat.: 1273.275ms, rate sampling interval: 4057ms
  Thread calibration: mean lat.: 1239.403ms, rate sampling interval: 3958ms
  Thread calibration: mean lat.: 1240.431ms, rate sampling interval: 3962ms
  Thread calibration: mean lat.: 1217.635ms, rate sampling interval: 3905ms
  Thread calibration: mean lat.: 1227.756ms, rate sampling interval: 3946ms
  Thread calibration: mean lat.: 1236.315ms, rate sampling interval: 3960ms
  Thread calibration: mean lat.: 1221.243ms, rate sampling interval: 3885ms
  Thread calibration: mean lat.: 1213.159ms, rate sampling interval: 3928ms
  Thread calibration: mean lat.: 1193.808ms, rate sampling interval: 3856ms
  Thread calibration: mean lat.: 1211.089ms, rate sampling interval: 3696ms
  Thread calibration: mean lat.: 1163.161ms, rate sampling interval: 3823ms
  Thread calibration: mean lat.: 1204.568ms, rate sampling interval: 3872ms
  Thread calibration: mean lat.: 1198.660ms, rate sampling interval: 3870ms
  Thread calibration: mean lat.: 1179.691ms, rate sampling interval: 3829ms
  Thread calibration: mean lat.: 1190.439ms, rate sampling interval: 3860ms
  Thread calibration: mean lat.: 1210.822ms, rate sampling interval: 3917ms
  Thread calibration: mean lat.: 1207.055ms, rate sampling interval: 3891ms
  Thread calibration: mean lat.: 1219.206ms, rate sampling interval: 3940ms
  Thread calibration: mean lat.: 1212.149ms, rate sampling interval: 3909ms
  Thread calibration: mean lat.: 1219.965ms, rate sampling interval: 3938ms
  Thread calibration: mean lat.: 1210.169ms, rate sampling interval: 3901ms
  Thread calibration: mean lat.: 1242.645ms, rate sampling interval: 3977ms
  Thread calibration: mean lat.: 1218.691ms, rate sampling interval: 3926ms
  Thread calibration: mean lat.: 1239.165ms, rate sampling interval: 3942ms
  Thread calibration: mean lat.: 1200.192ms, rate sampling interval: 3833ms
  Thread calibration: mean lat.: 1233.832ms, rate sampling interval: 3983ms
  Thread calibration: mean lat.: 1226.408ms, rate sampling interval: 3844ms
  Thread calibration: mean lat.: 1237.721ms, rate sampling interval: 3921ms
  Thread calibration: mean lat.: 1230.168ms, rate sampling interval: 3919ms
  Thread calibration: mean lat.: 1227.782ms, rate sampling interval: 3913ms
  Thread calibration: mean lat.: 1236.582ms, rate sampling interval: 3915ms
  Thread calibration: mean lat.: 1243.108ms, rate sampling interval: 3923ms
  Thread calibration: mean lat.: 1250.121ms, rate sampling interval: 3919ms
  Thread calibration: mean lat.: 1243.239ms, rate sampling interval: 3917ms
  Thread calibration: mean lat.: 1226.322ms, rate sampling interval: 3923ms
  Thread calibration: mean lat.: 1242.778ms, rate sampling interval: 3919ms
  Thread calibration: mean lat.: 1239.549ms, rate sampling interval: 3915ms
  Thread calibration: mean lat.: 1265.687ms, rate sampling interval: 3962ms
  Thread calibration: mean lat.: 1255.365ms, rate sampling interval: 3995ms
  Thread calibration: mean lat.: 1254.672ms, rate sampling interval: 3958ms
  Thread calibration: mean lat.: 1242.242ms, rate sampling interval: 3903ms
  Thread calibration: mean lat.: 1247.889ms, rate sampling interval: 3950ms
  Thread calibration: mean lat.: 1262.050ms, rate sampling interval: 3964ms
  Thread calibration: mean lat.: 1245.423ms, rate sampling interval: 3932ms
  Thread calibration: mean lat.: 1249.988ms, rate sampling interval: 3907ms
  Thread calibration: mean lat.: 1248.382ms, rate sampling interval: 3915ms

-----------------------------------------------------------------------
Test Results @ http://10.10.1.1:30676 
  Thread Stats   Avg      Stdev     99%   +/- Stdev
    Latency   683.42ms  739.89ms   2.16s    76.83%
    Req/Sec    56.83      3.75    65.00     77.42%
  Latency Distribution (HdrHistogram - Recorded Latency)
 50.000%  265.21ms
 75.000%    1.33s 
 90.000%    2.00s 
 99.000%    2.16s 
 99.900%    2.22s 
 99.990%    2.27s 
 99.999%    2.28s 
100.000%    2.29s 

  Detailed Percentile spectrum:
       Value   Percentile   TotalCount 1/(1-Percentile)

       9.631     0.000000            1         1.00
      48.863     0.100000        18552         1.11
     102.783     0.200000        37083         1.25
     163.199     0.300000        55627         1.43
     216.319     0.400000        74185         1.67
     265.215     0.500000        92783         2.00
     285.439     0.550000       102056         2.22
     318.719     0.600000       111286         2.50
     639.487     0.650000       120519         2.86
    1005.567     0.700000       129792         3.33
    1332.223     0.750000       139076         4.00
    1458.175     0.775000       143699         4.44
    1594.367     0.800000       148359         5.00
    1739.775     0.825000       152977         5.71
    1857.535     0.850000       157622         6.67
    1940.479     0.875000       162291         8.00
    1972.223     0.887500       164607         8.89
    2002.943     0.900000       166906        10.00
    2020.351     0.912500       169226        11.43
    2036.735     0.925000       171579        13.33
    2058.239     0.937500       173856        16.00
    2074.623     0.943750       175045        17.78
    2084.863     0.950000       176210        20.00
    2092.031     0.956250       177324        22.86
    2101.247     0.962500       178596        26.67
    2109.439     0.968750       179760        32.00
    2113.535     0.971875       180306        35.56
    2117.631     0.975000       180853        40.00
    2123.775     0.978125       181571        45.71
    2127.871     0.981250       181952        53.33
    2136.063     0.984375       182633        64.00
    2140.159     0.985938       182906        71.11
    2144.255     0.987500       183124        80.00
    2152.447     0.989062       183434        91.43
    2160.639     0.990625       183741       106.67
    2166.783     0.992188       184028       128.00
    2168.831     0.992969       184131       142.22
    2172.927     0.993750       184368       160.00
    2174.975     0.994531       184476       182.86
    2177.023     0.995313       184595       213.33
    2181.119     0.996094       184754       256.00
    2183.167     0.996484       184805       284.44
    2185.215     0.996875       184859       320.00
    2189.311     0.997266       184944       365.71
    2191.359     0.997656       184979       426.67
    2197.503     0.998047       185057       512.00
    2201.599     0.998242       185105       568.89
    2203.647     0.998437       185131       640.00
    2207.743     0.998633       185169       731.43
    2213.887     0.998828       185206       853.33
    2217.983     0.999023       185236      1024.00
    2222.079     0.999121       185256      1137.78
    2226.175     0.999219       185273      1280.00
    2230.271     0.999316       185290      1462.86
    2238.463     0.999414       185306      1706.67
    2244.607     0.999512       185324      2048.00
    2248.703     0.999561       185343      2275.56
    2248.703     0.999609       185343      2560.00
    2254.847     0.999658       185357      2925.71
    2256.895     0.999707       185369      3413.33
    2256.895     0.999756       185369      4096.00
    2258.943     0.999780       185376      4551.11
    2260.991     0.999805       185381      5120.00
    2263.039     0.999829       185383      5851.43
    2265.087     0.999854       185387      6826.67
    2267.135     0.999878       185394      8192.00
    2267.135     0.999890       185394      9102.22
    2269.183     0.999902       185402     10240.00
    2269.183     0.999915       185402     11702.86
    2269.183     0.999927       185402     13653.33
    2269.183     0.999939       185402     16384.00
    2271.231     0.999945       185408     18204.44
    2271.231     0.999951       185408     20480.00
    2271.231     0.999957       185408     23405.71
    2271.231     0.999963       185408     27306.67
    2271.231     0.999969       185408     32768.00
    2271.231     0.999973       185408     36408.89
    2273.279     0.999976       185409     40960.00
    2275.327     0.999979       185411     46811.43
    2275.327     0.999982       185411     54613.33
    2275.327     0.999985       185411     65536.00
    2275.327     0.999986       185411     72817.78
    2275.327     0.999988       185411     81920.00
    2279.423     0.999989       185412     93622.86
    2279.423     0.999991       185412    109226.67
    2279.423     0.999992       185412    131072.00
    2279.423     0.999993       185412    145635.56
    2279.423     0.999994       185412    163840.00
    2293.759     0.999995       185413    187245.71
    2293.759     1.000000       185413          inf
#[Mean    =      683.418, StdDeviation   =      739.892]
#[Max     =     2291.712, Total count    =       185413]
#[Buckets =           27, SubBuckets     =         2048]
-----------------------------------------------------------------------
  213639 requests in 1.00m, 33.13MB read
Requests/sec:   3566.35  
Transfer/sec:    566.36KB

=== rps=3800 c=722 t=73 url=http://10.10.1.1:30676 ===
setup: assigned thread_id=1
init: final thread_id=1, base_seed=nil
setup: assigned thread_id=2
init: final thread_id=2, base_seed=nil
setup: assigned thread_id=3
init: final thread_id=3, base_seed=nil
setup: assigned thread_id=4
init: final thread_id=4, base_seed=nil
setup: assigned thread_id=5
init: final thread_id=5, base_seed=nil
setup: assigned thread_id=6
init: final thread_id=6, base_seed=nil
setup: assigned thread_id=7
init: final thread_id=7, base_seed=nil
setup: assigned thread_id=8
init: final thread_id=8, base_seed=nil
setup: assigned thread_id=9
init: final thread_id=9, base_seed=nil
setup: assigned thread_id=10
init: final thread_id=10, base_seed=nil
setup: assigned thread_id=11
init: final thread_id=11, base_seed=nil
setup: assigned thread_id=12
init: final thread_id=12, base_seed=nil
setup: assigned thread_id=13
init: final thread_id=13, base_seed=nil
setup: assigned thread_id=14
init: final thread_id=14, base_seed=nil
setup: assigned thread_id=15
init: final thread_id=15, base_seed=nil
setup: assigned thread_id=16
init: final thread_id=16, base_seed=nil
setup: assigned thread_id=17
init: final thread_id=17, base_seed=nil
setup: assigned thread_id=18
init: final thread_id=18, base_seed=nil
setup: assigned thread_id=19
init: final thread_id=19, base_seed=nil
setup: assigned thread_id=20
init: final thread_id=20, base_seed=nil
setup: assigned thread_id=21
init: final thread_id=21, base_seed=nil
setup: assigned thread_id=22
init: final thread_id=22, base_seed=nil
setup: assigned thread_id=23
init: final thread_id=23, base_seed=nil
setup: assigned thread_id=24
init: final thread_id=24, base_seed=nil
setup: assigned thread_id=25
init: final thread_id=25, base_seed=nil
setup: assigned thread_id=26
init: final thread_id=26, base_seed=nil
setup: assigned thread_id=27
init: final thread_id=27, base_seed=nil
setup: assigned thread_id=28
init: final thread_id=28, base_seed=nil
setup: assigned thread_id=29
init: final thread_id=29, base_seed=nil
setup: assigned thread_id=30
init: final thread_id=30, base_seed=nil
setup: assigned thread_id=31
init: final thread_id=31, base_seed=nil
setup: assigned thread_id=32
init: final thread_id=32, base_seed=nil
setup: assigned thread_id=33
init: final thread_id=33, base_seed=nil
setup: assigned thread_id=34
init: final thread_id=34, base_seed=nil
setup: assigned thread_id=35
init: final thread_id=35, base_seed=nil
setup: assigned thread_id=36
init: final thread_id=36, base_seed=nil
setup: assigned thread_id=37
init: final thread_id=37, base_seed=nil
setup: assigned thread_id=38
init: final thread_id=38, base_seed=nil
setup: assigned thread_id=39
init: final thread_id=39, base_seed=nil
setup: assigned thread_id=40
init: final thread_id=40, base_seed=nil
setup: assigned thread_id=41
init: final thread_id=41, base_seed=nil
setup: assigned thread_id=42
init: final thread_id=42, base_seed=nil
setup: assigned thread_id=43
init: final thread_id=43, base_seed=nil
setup: assigned thread_id=44
init: final thread_id=44, base_seed=nil
setup: assigned thread_id=45
init: final thread_id=45, base_seed=nil
setup: assigned thread_id=46
init: final thread_id=46, base_seed=nil
setup: assigned thread_id=47
init: final thread_id=47, base_seed=nil
setup: assigned thread_id=48
init: final thread_id=48, base_seed=nil
setup: assigned thread_id=49
init: final thread_id=49, base_seed=nil
setup: assigned thread_id=50
init: final thread_id=50, base_seed=nil
setup: assigned thread_id=51
init: final thread_id=51, base_seed=nil
setup: assigned thread_id=52
init: final thread_id=52, base_seed=nil
setup: assigned thread_id=53
init: final thread_id=53, base_seed=nil
setup: assigned thread_id=54
init: final thread_id=54, base_seed=nil
setup: assigned thread_id=55
init: final thread_id=55, base_seed=nil
setup: assigned thread_id=56
init: final thread_id=56, base_seed=nil
setup: assigned thread_id=57
init: final thread_id=57, base_seed=nil
setup: assigned thread_id=58
init: final thread_id=58, base_seed=nil
setup: assigned thread_id=59
init: final thread_id=59, base_seed=nil
setup: assigned thread_id=60
init: final thread_id=60, base_seed=nil
setup: assigned thread_id=61
init: final thread_id=61, base_seed=nil
setup: assigned thread_id=62
init: final thread_id=62, base_seed=nil
setup: assigned thread_id=63
init: final thread_id=63, base_seed=nil
setup: assigned thread_id=64
init: final thread_id=64, base_seed=nil
setup: assigned thread_id=65
init: final thread_id=65, base_seed=nil
setup: assigned thread_id=66
init: final thread_id=66, base_seed=nil
setup: assigned thread_id=67
init: final thread_id=67, base_seed=nil
setup: assigned thread_id=68
init: final thread_id=68, base_seed=nil
setup: assigned thread_id=69
init: final thread_id=69, base_seed=nil
setup: assigned thread_id=70
init: final thread_id=70, base_seed=nil
setup: assigned thread_id=71
init: final thread_id=71, base_seed=nil
setup: assigned thread_id=72
init: final thread_id=72, base_seed=nil
setup: assigned thread_id=73
init: final thread_id=73, base_seed=nil
script_want_response
Running 1m test @ http://10.10.1.1:30676
  73 threads and 722 connections

  Thread calibration: mean lat.: 1228.394ms, rate sampling interval: 3995ms
  Thread calibration: mean lat.: 1249.632ms, rate sampling interval: 4102ms
  Thread calibration: mean lat.: 1220.682ms, rate sampling interval: 3940ms
  Thread calibration: mean lat.: 1218.774ms, rate sampling interval: 3942ms
  Thread calibration: mean lat.: 1248.553ms, rate sampling interval: 4050ms
  Thread calibration: mean lat.: 1256.647ms, rate sampling interval: 4067ms
  Thread calibration: mean lat.: 1246.437ms, rate sampling interval: 4089ms
  Thread calibration: mean lat.: 1234.728ms, rate sampling interval: 3919ms
  Thread calibration: mean lat.: 1246.073ms, rate sampling interval: 3987ms
  Thread calibration: mean lat.: 1274.286ms, rate sampling interval: 4050ms
  Thread calibration: mean lat.: 1265.618ms, rate sampling interval: 4055ms
  Thread calibration: mean lat.: 1265.630ms, rate sampling interval: 4055ms
  Thread calibration: mean lat.: 1259.896ms, rate sampling interval: 4065ms
  Thread calibration: mean lat.: 1240.428ms, rate sampling interval: 4009ms
  Thread calibration: mean lat.: 1279.217ms, rate sampling interval: 4073ms
  Thread calibration: mean lat.: 1276.772ms, rate sampling interval: 4044ms
  Thread calibration: mean lat.: 1275.422ms, rate sampling interval: 4048ms
  Thread calibration: mean lat.: 1270.433ms, rate sampling interval: 4157ms
  Thread calibration: mean lat.: 1265.927ms, rate sampling interval: 4104ms
  Thread calibration: mean lat.: 1272.509ms, rate sampling interval: 3999ms
  Thread calibration: mean lat.: 1264.477ms, rate sampling interval: 4071ms
  Thread calibration: mean lat.: 1292.936ms, rate sampling interval: 4136ms
  Thread calibration: mean lat.: 1279.797ms, rate sampling interval: 4065ms
  Thread calibration: mean lat.: 1228.903ms, rate sampling interval: 3921ms
  Thread calibration: mean lat.: 1248.601ms, rate sampling interval: 3764ms
  Thread calibration: mean lat.: 1267.748ms, rate sampling interval: 4077ms
  Thread calibration: mean lat.: 1268.049ms, rate sampling interval: 4102ms
  Thread calibration: mean lat.: 1273.371ms, rate sampling interval: 4065ms
  Thread calibration: mean lat.: 1272.102ms, rate sampling interval: 4052ms
  Thread calibration: mean lat.: 1209.685ms, rate sampling interval: 3913ms
  Thread calibration: mean lat.: 1273.282ms, rate sampling interval: 4098ms
  Thread calibration: mean lat.: 1251.974ms, rate sampling interval: 4046ms
  Thread calibration: mean lat.: 1215.259ms, rate sampling interval: 3948ms
  Thread calibration: mean lat.: 1269.754ms, rate sampling interval: 4028ms
  Thread calibration: mean lat.: 1216.207ms, rate sampling interval: 3913ms
  Thread calibration: mean lat.: 1237.872ms, rate sampling interval: 3985ms
  Thread calibration: mean lat.: 1293.602ms, rate sampling interval: 4177ms
  Thread calibration: mean lat.: 1276.818ms, rate sampling interval: 4167ms
  Thread calibration: mean lat.: 1234.753ms, rate sampling interval: 3921ms
  Thread calibration: mean lat.: 1208.305ms, rate sampling interval: 3883ms
  Thread calibration: mean lat.: 1261.923ms, rate sampling interval: 4044ms
  Thread calibration: mean lat.: 1282.612ms, rate sampling interval: 4036ms
  Thread calibration: mean lat.: 1284.707ms, rate sampling interval: 4067ms
  Thread calibration: mean lat.: 1293.960ms, rate sampling interval: 4163ms
  Thread calibration: mean lat.: 1269.726ms, rate sampling interval: 4098ms
  Thread calibration: mean lat.: 1278.934ms, rate sampling interval: 4050ms
  Thread calibration: mean lat.: 1223.827ms, rate sampling interval: 3891ms
  Thread calibration: mean lat.: 1294.821ms, rate sampling interval: 4177ms
  Thread calibration: mean lat.: 1267.356ms, rate sampling interval: 4030ms
  Thread calibration: mean lat.: 1223.753ms, rate sampling interval: 3889ms
  Thread calibration: mean lat.: 1286.584ms, rate sampling interval: 4071ms
  Thread calibration: mean lat.: 1321.329ms, rate sampling interval: 4161ms
  Thread calibration: mean lat.: 1305.751ms, rate sampling interval: 4128ms
  Thread calibration: mean lat.: 1278.264ms, rate sampling interval: 4028ms
  Thread calibration: mean lat.: 1323.179ms, rate sampling interval: 4210ms
  Thread calibration: mean lat.: 1281.633ms, rate sampling interval: 4042ms
  Thread calibration: mean lat.: 1307.261ms, rate sampling interval: 4102ms
  Thread calibration: mean lat.: 1364.736ms, rate sampling interval: 4247ms
  Thread calibration: mean lat.: 1361.310ms, rate sampling interval: 4202ms
  Thread calibration: mean lat.: 1290.310ms, rate sampling interval: 3997ms
  Thread calibration: mean lat.: 1362.103ms, rate sampling interval: 4255ms
  Thread calibration: mean lat.: 1356.277ms, rate sampling interval: 4198ms
  Thread calibration: mean lat.: 1369.159ms, rate sampling interval: 4296ms
  Thread calibration: mean lat.: 1323.710ms, rate sampling interval: 4085ms
  Thread calibration: mean lat.: 1322.529ms, rate sampling interval: 4188ms
  Thread calibration: mean lat.: 1351.809ms, rate sampling interval: 4190ms
  Thread calibration: mean lat.: 1333.354ms, rate sampling interval: 4161ms
  Thread calibration: mean lat.: 1337.610ms, rate sampling interval: 4143ms
  Thread calibration: mean lat.: 1360.991ms, rate sampling interval: 4218ms
  Thread calibration: mean lat.: 1279.469ms, rate sampling interval: 4057ms
  Thread calibration: mean lat.: 1271.534ms, rate sampling interval: 4012ms
  Thread calibration: mean lat.: 1336.227ms, rate sampling interval: 4218ms
  Thread calibration: mean lat.: 1310.598ms, rate sampling interval: 3913ms

-----------------------------------------------------------------------
Test Results @ http://10.10.1.1:30676 
  Thread Stats   Avg      Stdev     99%   +/- Stdev
    Latency     2.46s   648.06ms   4.52s    70.34%
    Req/Sec    50.09      2.82    56.00     75.49%
  Latency Distribution (HdrHistogram - Recorded Latency)
 50.000%    2.30s 
 75.000%    2.84s 
 90.000%    3.37s 
 99.000%    4.52s 
 99.900%    4.95s 
 99.990%    5.14s 
 99.999%    5.19s 
100.000%    5.20s 

  Detailed Percentile spectrum:
       Value   Percentile   TotalCount 1/(1-Percentile)

    1039.359     0.000000            1         1.00
    1762.303     0.100000        18474         1.11
    1941.503     0.200000        36961         1.25
    2083.839     0.300000        55330         1.43
    2201.599     0.400000        73950         1.67
    2297.855     0.500000        92162         2.00
    2355.199     0.550000       101470         2.22
    2420.735     0.600000       110685         2.50
    2504.703     0.650000       119771         2.86
    2643.967     0.700000       128989         3.33
    2840.575     0.750000       138251         4.00
    2924.543     0.775000       142799         4.44
    3008.511     0.800000       147405         5.00
    3094.527     0.825000       152030         5.71
    3178.495     0.850000       156655         6.67
    3268.607     0.875000       161308         8.00
    3313.663     0.887500       163520         8.89
    3368.959     0.900000       165878        10.00
    3430.399     0.912500       168161        11.43
    3502.079     0.925000       170450        13.33
    3581.951     0.937500       172733        16.00
    3631.103     0.943750       173898        17.78
    3688.447     0.950000       175041        20.00
    3749.887     0.956250       176218        22.86
    3819.519     0.962500       177342        26.67
    3915.775     0.968750       178490        32.00
    3975.167     0.971875       179072        35.56
    4052.991     0.975000       179641        40.00
    4139.007     0.978125       180217        45.71
    4231.167     0.981250       180813        53.33
    4337.663     0.984375       181378        64.00
    4386.815     0.985938       181668        71.11
    4431.871     0.987500       181952        80.00
    4489.215     0.989062       182245        91.43
    4542.463     0.990625       182537       106.67
    4595.711     0.992188       182814       128.00
    4628.479     0.992969       182956       142.22
    4665.343     0.993750       183108       160.00
    4689.919     0.994531       183239       182.86
    4722.687     0.995313       183389       213.33
    4755.455     0.996094       183536       256.00
    4780.031     0.996484       183603       284.44
    4796.415     0.996875       183670       320.00
    4816.895     0.997266       183749       365.71
    4841.471     0.997656       183816       426.67
    4878.335     0.998047       183896       512.00
    4890.623     0.998242       183937       568.89
    4902.911     0.998437       183964       640.00
    4915.199     0.998633       183996       731.43
    4935.679     0.998828       184034       853.33
    4960.255     0.999023       184066      1024.00
    4976.639     0.999121       184087      1137.78
    4988.927     0.999219       184109      1280.00
    4997.119     0.999316       184121      1462.86
    5013.503     0.999414       184141      1706.67
    5029.887     0.999512       184158      2048.00
    5042.175     0.999561       184166      2275.56
    5058.559     0.999609       184177      2560.00
    5066.751     0.999658       184185      2925.71
    5083.135     0.999707       184192      3413.33
    5103.615     0.999756       184202      4096.00
    5111.807     0.999780       184207      4551.11
    5115.903     0.999805       184211      5120.00
    5124.095     0.999829       184217      5851.43
    5128.191     0.999854       184219      6826.67
    5136.383     0.999878       184225      8192.00
    5136.383     0.999890       184225      9102.22
    5140.479     0.999902       184228     10240.00
    5144.575     0.999915       184232     11702.86
    5144.575     0.999927       184232     13653.33
    5152.767     0.999939       184238     16384.00
    5152.767     0.999945       184238     18204.44
    5152.767     0.999951       184238     20480.00
    5152.767     0.999957       184238     23405.71
    5165.055     0.999963       184239     27306.67
    5169.151     0.999969       184240     32768.00
    5169.151     0.999973       184240     36408.89
    5177.343     0.999976       184241     40960.00
    5185.535     0.999979       184243     46811.43
    5185.535     0.999982       184243     54613.33
    5185.535     0.999985       184243     65536.00
    5185.535     0.999986       184243     72817.78
    5185.535     0.999988       184243     81920.00
    5193.727     0.999989       184244     93622.86
    5193.727     0.999991       184244    109226.67
    5193.727     0.999992       184244    131072.00
    5193.727     0.999993       184244    145635.56
    5193.727     0.999994       184244    163840.00
    5201.919     0.999995       184245    187245.71
    5201.919     1.000000       184245          inf
#[Mean    =     2458.117, StdDeviation   =      648.062]
#[Max     =     5197.824, Total count    =       184245]
#[Buckets =           27, SubBuckets     =         2048]
-----------------------------------------------------------------------
  213687 requests in 1.00m, 33.14MB read
Requests/sec:   3572.05  
Transfer/sec:    567.24KB

=== rps=4000 c=800 t=80 url=http://10.10.1.1:30676 ===
setup: assigned thread_id=1
init: final thread_id=1, base_seed=nil
setup: assigned thread_id=2
init: final thread_id=2, base_seed=nil
setup: assigned thread_id=3
init: final thread_id=3, base_seed=nil
setup: assigned thread_id=4
init: final thread_id=4, base_seed=nil
setup: assigned thread_id=5
init: final thread_id=5, base_seed=nil
setup: assigned thread_id=6
init: final thread_id=6, base_seed=nil
setup: assigned thread_id=7
init: final thread_id=7, base_seed=nil
setup: assigned thread_id=8
init: final thread_id=8, base_seed=nil
setup: assigned thread_id=9
init: final thread_id=9, base_seed=nil
setup: assigned thread_id=10
init: final thread_id=10, base_seed=nil
setup: assigned thread_id=11
init: final thread_id=11, base_seed=nil
setup: assigned thread_id=12
init: final thread_id=12, base_seed=nil
setup: assigned thread_id=13
init: final thread_id=13, base_seed=nil
setup: assigned thread_id=14
init: final thread_id=14, base_seed=nil
setup: assigned thread_id=15
init: final thread_id=15, base_seed=nil
setup: assigned thread_id=16
init: final thread_id=16, base_seed=nil
setup: assigned thread_id=17
init: final thread_id=17, base_seed=nil
setup: assigned thread_id=18
init: final thread_id=18, base_seed=nil
setup: assigned thread_id=19
init: final thread_id=19, base_seed=nil
setup: assigned thread_id=20
init: final thread_id=20, base_seed=nil
setup: assigned thread_id=21
init: final thread_id=21, base_seed=nil
setup: assigned thread_id=22
init: final thread_id=22, base_seed=nil
setup: assigned thread_id=23
init: final thread_id=23, base_seed=nil
setup: assigned thread_id=24
init: final thread_id=24, base_seed=nil
setup: assigned thread_id=25
init: final thread_id=25, base_seed=nil
setup: assigned thread_id=26
init: final thread_id=26, base_seed=nil
setup: assigned thread_id=27
init: final thread_id=27, base_seed=nil
setup: assigned thread_id=28
init: final thread_id=28, base_seed=nil
setup: assigned thread_id=29
init: final thread_id=29, base_seed=nil
setup: assigned thread_id=30
init: final thread_id=30, base_seed=nil
setup: assigned thread_id=31
init: final thread_id=31, base_seed=nil
setup: assigned thread_id=32
init: final thread_id=32, base_seed=nil
setup: assigned thread_id=33
init: final thread_id=33, base_seed=nil
setup: assigned thread_id=34
init: final thread_id=34, base_seed=nil
setup: assigned thread_id=35
init: final thread_id=35, base_seed=nil
setup: assigned thread_id=36
init: final thread_id=36, base_seed=nil
setup: assigned thread_id=37
init: final thread_id=37, base_seed=nil
setup: assigned thread_id=38
init: final thread_id=38, base_seed=nil
setup: assigned thread_id=39
init: final thread_id=39, base_seed=nil
setup: assigned thread_id=40
init: final thread_id=40, base_seed=nil
setup: assigned thread_id=41
init: final thread_id=41, base_seed=nil
setup: assigned thread_id=42
init: final thread_id=42, base_seed=nil
setup: assigned thread_id=43
init: final thread_id=43, base_seed=nil
setup: assigned thread_id=44
init: final thread_id=44, base_seed=nil
setup: assigned thread_id=45
init: final thread_id=45, base_seed=nil
setup: assigned thread_id=46
init: final thread_id=46, base_seed=nil
setup: assigned thread_id=47
init: final thread_id=47, base_seed=nil
setup: assigned thread_id=48
init: final thread_id=48, base_seed=nil
setup: assigned thread_id=49
init: final thread_id=49, base_seed=nil
setup: assigned thread_id=50
init: final thread_id=50, base_seed=nil
setup: assigned thread_id=51
init: final thread_id=51, base_seed=nil
setup: assigned thread_id=52
init: final thread_id=52, base_seed=nil
setup: assigned thread_id=53
init: final thread_id=53, base_seed=nil
setup: assigned thread_id=54
init: final thread_id=54, base_seed=nil
setup: assigned thread_id=55
init: final thread_id=55, base_seed=nil
setup: assigned thread_id=56
init: final thread_id=56, base_seed=nil
setup: assigned thread_id=57
init: final thread_id=57, base_seed=nil
setup: assigned thread_id=58
init: final thread_id=58, base_seed=nil
setup: assigned thread_id=59
init: final thread_id=59, base_seed=nil
setup: assigned thread_id=60
init: final thread_id=60, base_seed=nil
setup: assigned thread_id=61
init: final thread_id=61, base_seed=nil
setup: assigned thread_id=62
init: final thread_id=62, base_seed=nil
setup: assigned thread_id=63
init: final thread_id=63, base_seed=nil
setup: assigned thread_id=64
init: final thread_id=64, base_seed=nil
setup: assigned thread_id=65
init: final thread_id=65, base_seed=nil
setup: assigned thread_id=66
init: final thread_id=66, base_seed=nil
setup: assigned thread_id=67
init: final thread_id=67, base_seed=nil
setup: assigned thread_id=68
init: final thread_id=68, base_seed=nil
setup: assigned thread_id=69
init: final thread_id=69, base_seed=nil
setup: assigned thread_id=70
init: final thread_id=70, base_seed=nil
setup: assigned thread_id=71
init: final thread_id=71, base_seed=nil
setup: assigned thread_id=72
init: final thread_id=72, base_seed=nil
setup: assigned thread_id=73
init: final thread_id=73, base_seed=nil
setup: assigned thread_id=74
init: final thread_id=74, base_seed=nil
setup: assigned thread_id=75
init: final thread_id=75, base_seed=nil
setup: assigned thread_id=76
init: final thread_id=76, base_seed=nil
setup: assigned thread_id=77
init: final thread_id=77, base_seed=nil
setup: assigned thread_id=78
init: final thread_id=78, base_seed=nil
setup: assigned thread_id=79
init: final thread_id=79, base_seed=nil
setup: assigned thread_id=80
init: final thread_id=80, base_seed=nil
script_want_response
Running 1m test @ http://10.10.1.1:30676
  80 threads and 800 connections

  Thread calibration: mean lat.: 325.411ms, rate sampling interval: 1150ms
  Thread calibration: mean lat.: 366.419ms, rate sampling interval: 1361ms
  Thread calibration: mean lat.: 390.645ms, rate sampling interval: 1497ms
  Thread calibration: mean lat.: 390.907ms, rate sampling interval: 1482ms
  Thread calibration: mean lat.: 376.031ms, rate sampling interval: 1422ms
  Thread calibration: mean lat.: 349.703ms, rate sampling interval: 1303ms
  Thread calibration: mean lat.: 367.758ms, rate sampling interval: 1314ms
  Thread calibration: mean lat.: 370.304ms, rate sampling interval: 1333ms
  Thread calibration: mean lat.: 407.690ms, rate sampling interval: 1506ms
  Thread calibration: mean lat.: 394.099ms, rate sampling interval: 1478ms
  Thread calibration: mean lat.: 382.011ms, rate sampling interval: 1433ms
  Thread calibration: mean lat.: 373.573ms, rate sampling interval: 1368ms
  Thread calibration: mean lat.: 375.017ms, rate sampling interval: 1303ms
  Thread calibration: mean lat.: 376.853ms, rate sampling interval: 1299ms
  Thread calibration: mean lat.: 374.352ms, rate sampling interval: 1379ms
  Thread calibration: mean lat.: 384.068ms, rate sampling interval: 1362ms
  Thread calibration: mean lat.: 366.082ms, rate sampling interval: 1348ms
  Thread calibration: mean lat.: 414.931ms, rate sampling interval: 1560ms
  Thread calibration: mean lat.: 353.572ms, rate sampling interval: 1297ms
  Thread calibration: mean lat.: 383.005ms, rate sampling interval: 1403ms
  Thread calibration: mean lat.: 341.029ms, rate sampling interval: 1246ms
  Thread calibration: mean lat.: 404.671ms, rate sampling interval: 1492ms
  Thread calibration: mean lat.: 364.459ms, rate sampling interval: 1398ms
  Thread calibration: mean lat.: 349.610ms, rate sampling interval: 1287ms
  Thread calibration: mean lat.: 342.392ms, rate sampling interval: 1228ms
  Thread calibration: mean lat.: 382.019ms, rate sampling interval: 1475ms
  Thread calibration: mean lat.: 309.616ms, rate sampling interval: 1185ms
  Thread calibration: mean lat.: 360.431ms, rate sampling interval: 1291ms
  Thread calibration: mean lat.: 403.745ms, rate sampling interval: 1533ms
  Thread calibration: mean lat.: 306.861ms, rate sampling interval: 1145ms
  Thread calibration: mean lat.: 386.210ms, rate sampling interval: 1337ms
  Thread calibration: mean lat.: 371.327ms, rate sampling interval: 1293ms
  Thread calibration: mean lat.: 357.760ms, rate sampling interval: 1329ms
  Thread calibration: mean lat.: 365.672ms, rate sampling interval: 1299ms
  Thread calibration: mean lat.: 359.303ms, rate sampling interval: 1228ms
  Thread calibration: mean lat.: 366.262ms, rate sampling interval: 1399ms
  Thread calibration: mean lat.: 417.994ms, rate sampling interval: 1538ms
  Thread calibration: mean lat.: 377.306ms, rate sampling interval: 1421ms
  Thread calibration: mean lat.: 358.193ms, rate sampling interval: 1271ms
  Thread calibration: mean lat.: 358.341ms, rate sampling interval: 1344ms
  Thread calibration: mean lat.: 349.274ms, rate sampling interval: 1254ms
  Thread calibration: mean lat.: 360.056ms, rate sampling interval: 1376ms
  Thread calibration: mean lat.: 341.252ms, rate sampling interval: 1221ms
  Thread calibration: mean lat.: 361.081ms, rate sampling interval: 1376ms
  Thread calibration: mean lat.: 354.187ms, rate sampling interval: 1236ms
  Thread calibration: mean lat.: 372.938ms, rate sampling interval: 1416ms
  Thread calibration: mean lat.: 376.742ms, rate sampling interval: 1376ms
  Thread calibration: mean lat.: 375.960ms, rate sampling interval: 1381ms
  Thread calibration: mean lat.: 369.845ms, rate sampling interval: 1351ms
  Thread calibration: mean lat.: 375.323ms, rate sampling interval: 1360ms
  Thread calibration: mean lat.: 383.135ms, rate sampling interval: 1405ms
  Thread calibration: mean lat.: 379.622ms, rate sampling interval: 1470ms
  Thread calibration: mean lat.: 348.290ms, rate sampling interval: 1264ms
  Thread calibration: mean lat.: 344.008ms, rate sampling interval: 1268ms
  Thread calibration: mean lat.: 330.060ms, rate sampling interval: 1163ms
  Thread calibration: mean lat.: 398.279ms, rate sampling interval: 1380ms
  Thread calibration: mean lat.: 370.827ms, rate sampling interval: 1367ms
  Thread calibration: mean lat.: 363.662ms, rate sampling interval: 1299ms
  Thread calibration: mean lat.: 411.877ms, rate sampling interval: 1487ms
  Thread calibration: mean lat.: 386.367ms, rate sampling interval: 1422ms
  Thread calibration: mean lat.: 388.055ms, rate sampling interval: 1418ms
  Thread calibration: mean lat.: 409.369ms, rate sampling interval: 1590ms
  Thread calibration: mean lat.: 421.376ms, rate sampling interval: 1598ms
  Thread calibration: mean lat.: 354.536ms, rate sampling interval: 1298ms
  Thread calibration: mean lat.: 376.548ms, rate sampling interval: 1355ms
  Thread calibration: mean lat.: 388.436ms, rate sampling interval: 1401ms
  Thread calibration: mean lat.: 378.589ms, rate sampling interval: 1416ms
  Thread calibration: mean lat.: 395.708ms, rate sampling interval: 1476ms
  Thread calibration: mean lat.: 409.233ms, rate sampling interval: 1402ms
  Thread calibration: mean lat.: 374.675ms, rate sampling interval: 1356ms
  Thread calibration: mean lat.: 359.093ms, rate sampling interval: 1247ms
  Thread calibration: mean lat.: 397.397ms, rate sampling interval: 1402ms
  Thread calibration: mean lat.: 361.603ms, rate sampling interval: 1378ms
  Thread calibration: mean lat.: 450.198ms, rate sampling interval: 1598ms
  Thread calibration: mean lat.: 404.238ms, rate sampling interval: 1392ms
  Thread calibration: mean lat.: 352.352ms, rate sampling interval: 1259ms
  Thread calibration: mean lat.: 374.190ms, rate sampling interval: 1252ms
  Thread calibration: mean lat.: 389.146ms, rate sampling interval: 1373ms
  Thread calibration: mean lat.: 396.021ms, rate sampling interval: 1422ms
  Thread calibration: mean lat.: 394.888ms, rate sampling interval: 1373ms

-----------------------------------------------------------------------
Test Results @ http://10.10.1.1:30676 
  Thread Stats   Avg      Stdev     99%   +/- Stdev
    Latency     3.28s     1.63s    8.02s    66.41%
    Req/Sec    44.26      2.39    49.00     84.88%
  Latency Distribution (HdrHistogram - Recorded Latency)
 50.000%    3.25s 
 75.000%    4.40s 
 90.000%    5.30s 
 99.000%    8.02s 
 99.900%    9.07s 
 99.990%    9.54s 
 99.999%    9.88s 
100.000%    9.99s 

  Detailed Percentile spectrum:
       Value   Percentile   TotalCount 1/(1-Percentile)

     313.855     0.000000            1         1.00
    1159.167     0.100000        17854         1.11
    1744.895     0.200000        35678         1.25
    2207.743     0.300000        53521         1.43
    2789.375     0.400000        71375         1.67
    3252.223     0.500000        89173         2.00
    3452.927     0.550000        98142         2.22
    3665.919     0.600000       107064         2.50
    3895.295     0.650000       115909         2.86
    4136.959     0.700000       124855         3.33
    4395.007     0.750000       133754         4.00
    4517.887     0.775000       138226         4.44
    4653.055     0.800000       142734         5.00
    4792.319     0.825000       147111         5.71
    4947.967     0.850000       151661         6.67
    5119.999     0.875000       156105         8.00
    5210.111     0.887500       158317         8.89
    5304.319     0.900000       160498        10.00
    5414.911     0.912500       162757        11.43
    5541.887     0.925000       164942        13.33
    5705.727     0.937500       167192        16.00
    5795.839     0.943750       168310        17.78
    5910.527     0.950000       169413        20.00
    6041.599     0.956250       170520        22.86
    6201.343     0.962500       171642        26.67
    6459.391     0.968750       172759        32.00
    6627.327     0.971875       173300        35.56
    6852.607     0.975000       173859        40.00
    7102.463     0.978125       174422        45.71
    7348.223     0.981250       174971        53.33
    7589.887     0.984375       175528        64.00
    7704.575     0.985938       175811        71.11
    7823.359     0.987500       176096        80.00
    7942.143     0.989062       176371        91.43
    8085.503     0.990625       176653       106.67
    8224.767     0.992188       176921       128.00
    8294.399     0.992969       177064       142.22
    8368.127     0.993750       177201       160.00
    8454.143     0.994531       177351       182.86
    8536.063     0.995313       177484       213.33
    8634.367     0.996094       177618       256.00
    8675.327     0.996484       177690       284.44
    8724.479     0.996875       177761       320.00
    8773.631     0.997266       177827       365.71
    8830.975     0.997656       177899       426.67
    8888.319     0.998047       177973       512.00
    8921.087     0.998242       178008       568.89
    8945.663     0.998437       178041       640.00
    8978.431     0.998633       178074       731.43
    9027.583     0.998828       178109       853.33
    9068.543     0.999023       178144      1024.00
    9093.119     0.999121       178162      1137.78
    9125.887     0.999219       178178      1280.00
    9150.463     0.999316       178193      1462.86
    9175.039     0.999414       178210      1706.67
    9215.999     0.999512       178227      2048.00
    9248.767     0.999561       178237      2275.56
    9281.535     0.999609       178247      2560.00
    9306.111     0.999658       178254      2925.71
    9338.879     0.999707       178264      3413.33
    9355.263     0.999756       178272      4096.00
    9388.031     0.999780       178275      4551.11
    9404.415     0.999805       178281      5120.00
    9428.991     0.999829       178285      5851.43
    9445.375     0.999854       178288      6826.67
    9486.335     0.999878       178293      8192.00
    9535.487     0.999890       178295      9102.22
    9551.871     0.999902       178298     10240.00
    9568.255     0.999915       178300     11702.86
    9576.447     0.999927       178302     13653.33
    9601.023     0.999939       178304     16384.00
    9641.983     0.999945       178305     18204.44
    9650.175     0.999951       178306     20480.00
    9715.711     0.999957       178307     23405.71
    9764.863     0.999963       178308     27306.67
    9789.439     0.999969       178309     32768.00
    9797.631     0.999973       178310     36408.89
    9797.631     0.999976       178310     40960.00
    9838.591     0.999979       178311     46811.43
    9838.591     0.999982       178311     54613.33
    9879.551     0.999985       178312     65536.00
    9879.551     0.999986       178312     72817.78
    9879.551     0.999988       178312     81920.00
    9920.511     0.999989       178313     93622.86
    9920.511     0.999991       178313    109226.67
    9920.511     0.999992       178313    131072.00
    9920.511     0.999993       178313    145635.56
    9920.511     0.999994       178313    163840.00
    9994.239     0.999995       178314    187245.71
    9994.239     1.000000       178314          inf
#[Mean    =     3283.581, StdDeviation   =     1628.280]
#[Max     =     9986.048, Total count    =       178314]
#[Buckets =           27, SubBuckets     =         2048]
-----------------------------------------------------------------------
  215120 requests in 1.00m, 33.36MB read
Requests/sec:   3597.91  
Transfer/sec:    571.34KB
