time	phase	step_rps	category	source	metric	value
1781349690	snap	0	otelcol	otelcol-sb-esrev0-ctr-hj4v4	otelcol_process_uptime	67
1781349690	snap	0	otelcol	otelcol-sb-esrev0-ctr-hj4v4	otelcol_exporter_sent_spans	8500
1781349690	snap	0	otelcol	otelcol-sb-esrev0-ctr-hj4v4	otelcol_process_runtime_total_sys_memory_bytes	57645320
1781349690	snap	0	otelcol	otelcol-sb-esrev0-ctr-hj4v4	otelcol_process_runtime_total_alloc_bytes	52787000
1781349690	snap	0	otelcol	otelcol-sb-esrev0-ctr-hj4v4	otelcol_exporter_queue_capacity	1001
1781349690	snap	0	otelcol	otelcol-sb-esrev0-ctr-hj4v4	otelcol_receiver_failed_spans	0
1781349690	snap	0	otelcol	otelcol-sb-esrev0-ctr-hj4v4	otelcol_processor_batch_metadata_cardinality	1
1781349690	snap	0	otelcol	otelcol-sb-esrev0-ctr-hj4v4	otelcol_processor_batch_batch_send_size_sum	8500
1781349690	snap	0	otelcol	otelcol-sb-esrev0-ctr-hj4v4	otelcol_receiver_refused_spans	0
1781349690	snap	0	otelcol	otelcol-sb-esrev0-ctr-hj4v4	otelcol_processor_batch_timeout_trigger_send	166
1781349690	snap	0	otelcol	otelcol-sb-esrev0-ctr-hj4v4	otelcol_exporter_send_failed_spans	0
1781349690	snap	0	otelcol	otelcol-sb-esrev0-ctr-hj4v4	otelcol_exporter_queue_size	0
1781349690	snap	0	otelcol	otelcol-sb-esrev0-ctr-hj4v4	otelcol_exporter_queue_batch_send_size_sum	8500
1781349690	snap	0	otelcol	otelcol-sb-esrev0-ctr-hj4v4	otelcol_processor_incoming_items	8500
1781349690	snap	0	otelcol	otelcol-sb-esrev0-ctr-hj4v4	otelcol_process_runtime_heap_alloc_bytes	30958888
1781349690	snap	0	otelcol	otelcol-sb-esrev0-ctr-hj4v4	otelcol_process_memory_rss	192475136
1781349690	snap	0	otelcol	otelcol-sb-esrev0-ctr-hj4v4	otelcol_receiver_accepted_spans	8500
1781349690	snap	0	otelcol	otelcol-sb-esrev0-ctr-hj4v4	otelcol_processor_outgoing_items	8500
1781349690	snap	0	otelcol	otelcol-sb-esrev0-ctr-hj4v4	otelcol_process_cpu_seconds	1
1781349690	snap	0	otelcol	otelcol-sb-esrev0-ctr-bgnq8	otelcol_processor_batch_batch_send_size_sum	10796
1781349690	snap	0	otelcol	otelcol-sb-esrev0-ctr-bgnq8	otelcol_exporter_sent_spans	10796
1781349690	snap	0	otelcol	otelcol-sb-esrev0-ctr-bgnq8	otelcol_processor_batch_metadata_cardinality	1
1781349690	snap	0	otelcol	otelcol-sb-esrev0-ctr-bgnq8	otelcol_receiver_accepted_spans	10796
1781349690	snap	0	otelcol	otelcol-sb-esrev0-ctr-bgnq8	otelcol_process_uptime	69
1781349690	snap	0	otelcol	otelcol-sb-esrev0-ctr-bgnq8	otelcol_process_memory_rss	199311360
1781349690	snap	0	otelcol	otelcol-sb-esrev0-ctr-bgnq8	otelcol_exporter_queue_size	0
1781349690	snap	0	otelcol	otelcol-sb-esrev0-ctr-bgnq8	otelcol_processor_incoming_items	10796
1781349690	snap	0	otelcol	otelcol-sb-esrev0-ctr-bgnq8	otelcol_exporter_queue_capacity	1001
1781349690	snap	0	otelcol	otelcol-sb-esrev0-ctr-bgnq8	otelcol_processor_batch_timeout_trigger_send	166
1781349690	snap	0	otelcol	otelcol-sb-esrev0-ctr-bgnq8	otelcol_process_runtime_total_alloc_bytes	60451672
1781349690	snap	0	otelcol	otelcol-sb-esrev0-ctr-bgnq8	otelcol_receiver_refused_spans	0
1781349690	snap	0	otelcol	otelcol-sb-esrev0-ctr-bgnq8	otelcol_process_runtime_total_sys_memory_bytes	61315336
1781349690	snap	0	otelcol	otelcol-sb-esrev0-ctr-bgnq8	otelcol_receiver_failed_spans	0
1781349690	snap	0	otelcol	otelcol-sb-esrev0-ctr-bgnq8	otelcol_process_runtime_heap_alloc_bytes	40776336
1781349690	snap	0	otelcol	otelcol-sb-esrev0-ctr-bgnq8	otelcol_exporter_send_failed_spans	0
1781349690	snap	0	otelcol	otelcol-sb-esrev0-ctr-bgnq8	otelcol_processor_outgoing_items	10796
1781349690	snap	0	otelcol	otelcol-sb-esrev0-ctr-bgnq8	otelcol_process_cpu_seconds	1
1781349690	snap	0	otelcol	otelcol-sb-esrev0-ctr-bgnq8	otelcol_exporter_queue_batch_send_size_sum	10796
1781349690	snap	0	otelcol	otelcol-sb-esrev0-ctr-vb2mk	otelcol_process_uptime	69
1781349690	snap	0	otelcol	otelcol-sb-esrev0-ctr-vb2mk	otelcol_process_memory_rss	192151552
1781349690	snap	0	otelcol	otelcol-sb-esrev0-ctr-vb2mk	otelcol_exporter_send_failed_spans	0
1781349690	snap	0	otelcol	otelcol-sb-esrev0-ctr-vb2mk	otelcol_receiver_accepted_spans	8494
1781349690	snap	0	otelcol	otelcol-sb-esrev0-ctr-vb2mk	otelcol_process_runtime_total_sys_memory_bytes	57932040
1781349690	snap	0	otelcol	otelcol-sb-esrev0-ctr-vb2mk	otelcol_exporter_queue_batch_send_size_sum	8494
1781349690	snap	0	otelcol	otelcol-sb-esrev0-ctr-vb2mk	otelcol_process_cpu_seconds	1
1781349690	snap	0	otelcol	otelcol-sb-esrev0-ctr-vb2mk	otelcol_process_runtime_heap_alloc_bytes	33435688
1781349690	snap	0	otelcol	otelcol-sb-esrev0-ctr-vb2mk	otelcol_exporter_sent_spans	8494
1781349690	snap	0	otelcol	otelcol-sb-esrev0-ctr-vb2mk	otelcol_exporter_queue_capacity	1001
1781349690	snap	0	otelcol	otelcol-sb-esrev0-ctr-vb2mk	otelcol_receiver_refused_spans	0
1781349690	snap	0	otelcol	otelcol-sb-esrev0-ctr-vb2mk	otelcol_processor_incoming_items	8494
1781349690	snap	0	otelcol	otelcol-sb-esrev0-ctr-vb2mk	otelcol_processor_outgoing_items	8494
1781349690	snap	0	otelcol	otelcol-sb-esrev0-ctr-vb2mk	otelcol_exporter_queue_size	0
1781349690	snap	0	otelcol	otelcol-sb-esrev0-ctr-vb2mk	otelcol_processor_batch_metadata_cardinality	1
1781349690	snap	0	otelcol	otelcol-sb-esrev0-ctr-vb2mk	otelcol_receiver_failed_spans	0
1781349690	snap	0	otelcol	otelcol-sb-esrev0-ctr-vb2mk	otelcol_processor_batch_timeout_trigger_send	162
1781349690	snap	0	otelcol	otelcol-sb-esrev0-ctr-vb2mk	otelcol_processor_batch_batch_send_size_sum	8494
1781349690	snap	0	otelcol	otelcol-sb-esrev0-ctr-vb2mk	otelcol_process_runtime_total_alloc_bytes	55003240
1781349690	snap	0	otelcol	otelcol-sb-esrev0-ctr-j6v9t	otelcol_processor_incoming_items	8500
1781349690	snap	0	otelcol	otelcol-sb-esrev0-ctr-j6v9t	otelcol_process_cpu_seconds	1
1781349690	snap	0	otelcol	otelcol-sb-esrev0-ctr-j6v9t	otelcol_process_uptime	67
1781349690	snap	0	otelcol	otelcol-sb-esrev0-ctr-j6v9t	otelcol_process_runtime_heap_alloc_bytes	33298512
1781349690	snap	0	otelcol	otelcol-sb-esrev0-ctr-j6v9t	otelcol_exporter_sent_spans	8500
1781349690	snap	0	otelcol	otelcol-sb-esrev0-ctr-j6v9t	otelcol_exporter_send_failed_spans	0
1781349690	snap	0	otelcol	otelcol-sb-esrev0-ctr-j6v9t	otelcol_receiver_failed_spans	0
1781349690	snap	0	otelcol	otelcol-sb-esrev0-ctr-j6v9t	otelcol_processor_outgoing_items	8500
1781349690	snap	0	otelcol	otelcol-sb-esrev0-ctr-j6v9t	otelcol_processor_batch_batch_send_size_sum	8500
1781349690	snap	0	otelcol	otelcol-sb-esrev0-ctr-j6v9t	otelcol_process_runtime_total_sys_memory_bytes	53520664
1781349690	snap	0	otelcol	otelcol-sb-esrev0-ctr-j6v9t	otelcol_process_runtime_total_alloc_bytes	53438752
1781349690	snap	0	otelcol	otelcol-sb-esrev0-ctr-j6v9t	otelcol_processor_batch_metadata_cardinality	1
1781349690	snap	0	otelcol	otelcol-sb-esrev0-ctr-j6v9t	otelcol_processor_batch_timeout_trigger_send	165
1781349690	snap	0	otelcol	otelcol-sb-esrev0-ctr-j6v9t	otelcol_exporter_queue_size	0
1781349690	snap	0	otelcol	otelcol-sb-esrev0-ctr-j6v9t	otelcol_receiver_accepted_spans	8500
1781349690	snap	0	otelcol	otelcol-sb-esrev0-ctr-j6v9t	otelcol_process_memory_rss	190779392
1781349690	snap	0	otelcol	otelcol-sb-esrev0-ctr-j6v9t	otelcol_receiver_refused_spans	0
1781349690	snap	0	otelcol	otelcol-sb-esrev0-ctr-j6v9t	otelcol_exporter_queue_capacity	1001
1781349690	snap	0	otelcol	otelcol-sb-esrev0-ctr-j6v9t	otelcol_exporter_queue_batch_send_size_sum	8500
1781349690	snap	0	otelcol	otelcol-sb-esrev0-ctr-5tpmc	otelcol_processor_batch_timeout_trigger_send	168
1781349690	snap	0	otelcol	otelcol-sb-esrev0-ctr-5tpmc	otelcol_process_runtime_heap_alloc_bytes	27063888
1781349690	snap	0	otelcol	otelcol-sb-esrev0-ctr-5tpmc	otelcol_processor_outgoing_items	83738
1781349690	snap	0	otelcol	otelcol-sb-esrev0-ctr-5tpmc	otelcol_receiver_accepted_spans	83738
1781349690	snap	0	otelcol	otelcol-sb-esrev0-ctr-5tpmc	otelcol_process_uptime	68
1781349690	snap	0	otelcol	otelcol-sb-esrev0-ctr-5tpmc	otelcol_process_runtime_total_alloc_bytes	95026936
1781349690	snap	0	otelcol	otelcol-sb-esrev0-ctr-5tpmc	otelcol_exporter_queue_capacity	1001
1781349690	snap	0	otelcol	otelcol-sb-esrev0-ctr-5tpmc	otelcol_receiver_refused_spans	0
1781349690	snap	0	otelcol	otelcol-sb-esrev0-ctr-5tpmc	otelcol_exporter_queue_batch_send_size_sum	83738
1781349690	snap	0	otelcol	otelcol-sb-esrev0-ctr-5tpmc	otelcol_receiver_failed_spans	0
1781349690	snap	0	otelcol	otelcol-sb-esrev0-ctr-5tpmc	otelcol_process_cpu_seconds	2
1781349690	snap	0	otelcol	otelcol-sb-esrev0-ctr-5tpmc	otelcol_processor_batch_batch_send_size_sum	83738
1781349690	snap	0	otelcol	otelcol-sb-esrev0-ctr-5tpmc	otelcol_exporter_send_failed_spans	0
1781349690	snap	0	otelcol	otelcol-sb-esrev0-ctr-5tpmc	otelcol_processor_batch_metadata_cardinality	1
1781349690	snap	0	otelcol	otelcol-sb-esrev0-ctr-5tpmc	otelcol_process_runtime_total_sys_memory_bytes	75319576
1781349690	snap	0	otelcol	otelcol-sb-esrev0-ctr-5tpmc	otelcol_process_memory_rss	210800640
1781349690	snap	0	otelcol	otelcol-sb-esrev0-ctr-5tpmc	otelcol_exporter_sent_spans	83738
1781349690	snap	0	otelcol	otelcol-sb-esrev0-ctr-5tpmc	otelcol_processor_incoming_items	83738
1781349690	snap	0	otelcol	otelcol-sb-esrev0-ctr-5tpmc	otelcol_exporter_queue_size	0
1781349690	snap	0	otelcol	otelcol-sb-esrev0-ctr-mg8jm	otelcol_processor_outgoing_items	8470
1781349690	snap	0	otelcol	otelcol-sb-esrev0-ctr-mg8jm	otelcol_process_memory_rss	195772416
1781349690	snap	0	otelcol	otelcol-sb-esrev0-ctr-mg8jm	otelcol_exporter_queue_batch_send_size_sum	8470
1781349690	snap	0	otelcol	otelcol-sb-esrev0-ctr-mg8jm	otelcol_process_runtime_heap_alloc_bytes	35898904
1781349690	snap	0	otelcol	otelcol-sb-esrev0-ctr-mg8jm	otelcol_receiver_failed_spans	0
1781349690	snap	0	otelcol	otelcol-sb-esrev0-ctr-mg8jm	otelcol_process_runtime_total_sys_memory_bytes	61917464
1781349690	snap	0	otelcol	otelcol-sb-esrev0-ctr-mg8jm	otelcol_process_cpu_seconds	2
1781349690	snap	0	otelcol	otelcol-sb-esrev0-ctr-mg8jm	otelcol_receiver_refused_spans	0
1781349690	snap	0	otelcol	otelcol-sb-esrev0-ctr-mg8jm	otelcol_processor_batch_batch_send_size_sum	8470
1781349690	snap	0	otelcol	otelcol-sb-esrev0-ctr-mg8jm	otelcol_process_runtime_total_alloc_bytes	57171072
1781349690	snap	0	otelcol	otelcol-sb-esrev0-ctr-mg8jm	otelcol_receiver_accepted_spans	8470
1781349690	snap	0	otelcol	otelcol-sb-esrev0-ctr-mg8jm	otelcol_exporter_send_failed_spans	0
1781349690	snap	0	otelcol	otelcol-sb-esrev0-ctr-mg8jm	otelcol_processor_batch_metadata_cardinality	1
1781349690	snap	0	otelcol	otelcol-sb-esrev0-ctr-mg8jm	otelcol_exporter_sent_spans	8470
1781349690	snap	0	otelcol	otelcol-sb-esrev0-ctr-mg8jm	otelcol_exporter_queue_capacity	1001
1781349690	snap	0	otelcol	otelcol-sb-esrev0-ctr-mg8jm	otelcol_processor_incoming_items	8470
1781349690	snap	0	otelcol	otelcol-sb-esrev0-ctr-mg8jm	otelcol_processor_batch_timeout_trigger_send	158
1781349690	snap	0	otelcol	otelcol-sb-esrev0-ctr-mg8jm	otelcol_process_uptime	62
1781349690	snap	0	otelcol	otelcol-sb-esrev0-ctr-mg8jm	otelcol_exporter_queue_size	0
1781349690	snap	0	otelcol	otelcol-sb-esrev0-ctr-bxzgg	otelcol_exporter_queue_capacity	1001
1781349690	snap	0	otelcol	otelcol-sb-esrev0-ctr-bxzgg	otelcol_processor_batch_metadata_cardinality	1
1781349690	snap	0	otelcol	otelcol-sb-esrev0-ctr-bxzgg	otelcol_processor_batch_timeout_trigger_send	165
1781349690	snap	0	otelcol	otelcol-sb-esrev0-ctr-bxzgg	otelcol_processor_incoming_items	8862
1781349690	snap	0	otelcol	otelcol-sb-esrev0-ctr-bxzgg	otelcol_exporter_queue_batch_send_size_sum	8862
1781349690	snap	0	otelcol	otelcol-sb-esrev0-ctr-bxzgg	otelcol_process_memory_rss	189190144
1781349690	snap	0	otelcol	otelcol-sb-esrev0-ctr-bxzgg	otelcol_exporter_send_failed_spans	0
1781349690	snap	0	otelcol	otelcol-sb-esrev0-ctr-bxzgg	otelcol_processor_outgoing_items	8862
1781349690	snap	0	otelcol	otelcol-sb-esrev0-ctr-bxzgg	otelcol_process_cpu_seconds	1
1781349690	snap	0	otelcol	otelcol-sb-esrev0-ctr-bxzgg	otelcol_process_uptime	67
1781349690	snap	0	otelcol	otelcol-sb-esrev0-ctr-bxzgg	otelcol_process_runtime_total_alloc_bytes	52811768
1781349690	snap	0	otelcol	otelcol-sb-esrev0-ctr-bxzgg	otelcol_processor_batch_batch_send_size_sum	8862
1781349690	snap	0	otelcol	otelcol-sb-esrev0-ctr-bxzgg	otelcol_process_runtime_total_sys_memory_bytes	57153800
1781349690	snap	0	otelcol	otelcol-sb-esrev0-ctr-bxzgg	otelcol_process_runtime_heap_alloc_bytes	32353928
1781349690	snap	0	otelcol	otelcol-sb-esrev0-ctr-bxzgg	otelcol_receiver_refused_spans	0
1781349690	snap	0	otelcol	otelcol-sb-esrev0-ctr-bxzgg	otelcol_receiver_failed_spans	0
1781349690	snap	0	otelcol	otelcol-sb-esrev0-ctr-bxzgg	otelcol_exporter_sent_spans	8862
1781349690	snap	0	otelcol	otelcol-sb-esrev0-ctr-bxzgg	otelcol_receiver_accepted_spans	8862
1781349690	snap	0	otelcol	otelcol-sb-esrev0-ctr-bxzgg	otelcol_exporter_queue_size	0
1781349690	snap	0	otelcol	otelcol-sb-esrev0-ctr-8ncml	otelcol_processor_outgoing_items	8504
1781349690	snap	0	otelcol	otelcol-sb-esrev0-ctr-8ncml	otelcol_process_cpu_seconds	1
1781349690	snap	0	otelcol	otelcol-sb-esrev0-ctr-8ncml	otelcol_process_uptime	68
1781349690	snap	0	otelcol	otelcol-sb-esrev0-ctr-8ncml	otelcol_exporter_queue_batch_send_size_sum	8504
1781349690	snap	0	otelcol	otelcol-sb-esrev0-ctr-8ncml	otelcol_receiver_failed_spans	0
1781349690	snap	0	otelcol	otelcol-sb-esrev0-ctr-8ncml	otelcol_receiver_refused_spans	0
1781349690	snap	0	otelcol	otelcol-sb-esrev0-ctr-8ncml	otelcol_process_runtime_heap_alloc_bytes	30334168
1781349690	snap	0	otelcol	otelcol-sb-esrev0-ctr-8ncml	otelcol_processor_batch_batch_send_size_sum	8504
1781349690	snap	0	otelcol	otelcol-sb-esrev0-ctr-8ncml	otelcol_process_runtime_total_sys_memory_bytes	57739544
1781349690	snap	0	otelcol	otelcol-sb-esrev0-ctr-8ncml	otelcol_exporter_sent_spans	8504
1781349690	snap	0	otelcol	otelcol-sb-esrev0-ctr-8ncml	otelcol_exporter_queue_size	0
1781349690	snap	0	otelcol	otelcol-sb-esrev0-ctr-8ncml	otelcol_exporter_send_failed_spans	0
1781349690	snap	0	otelcol	otelcol-sb-esrev0-ctr-8ncml	otelcol_receiver_accepted_spans	8504
1781349690	snap	0	otelcol	otelcol-sb-esrev0-ctr-8ncml	otelcol_processor_batch_metadata_cardinality	1
1781349690	snap	0	otelcol	otelcol-sb-esrev0-ctr-8ncml	otelcol_processor_incoming_items	8504
1781349690	snap	0	otelcol	otelcol-sb-esrev0-ctr-8ncml	otelcol_processor_batch_timeout_trigger_send	166
1781349690	snap	0	otelcol	otelcol-sb-esrev0-ctr-8ncml	otelcol_exporter_queue_capacity	1001
1781349690	snap	0	otelcol	otelcol-sb-esrev0-ctr-8ncml	otelcol_process_runtime_total_alloc_bytes	52842752
1781349690	snap	0	otelcol	otelcol-sb-esrev0-ctr-8ncml	otelcol_process_memory_rss	192241664
1781349690	snap	0	otelcol	otelcol-sb-esrev0-ctr-t4pj5	otelcol_exporter_send_failed_spans	0
1781349690	snap	0	otelcol	otelcol-sb-esrev0-ctr-t4pj5	otelcol_exporter_queue_size	0
1781349690	snap	0	otelcol	otelcol-sb-esrev0-ctr-t4pj5	otelcol_processor_incoming_items	122314
1781349690	snap	0	otelcol	otelcol-sb-esrev0-ctr-t4pj5	otelcol_processor_outgoing_items	119116
1781349690	snap	0	otelcol	otelcol-sb-esrev0-ctr-t4pj5	otelcol_process_runtime_total_sys_memory_bytes	79431960
1781349690	snap	0	otelcol	otelcol-sb-esrev0-ctr-t4pj5	otelcol_processor_batch_metadata_cardinality	1
1781349690	snap	0	otelcol	otelcol-sb-esrev0-ctr-t4pj5	otelcol_processor_batch_timeout_trigger_send	163
1781349690	snap	0	otelcol	otelcol-sb-esrev0-ctr-t4pj5	otelcol_process_memory_rss	218992640
1781349690	snap	0	otelcol	otelcol-sb-esrev0-ctr-t4pj5	otelcol_exporter_queue_batch_send_size_sum	119116
1781349690	snap	0	otelcol	otelcol-sb-esrev0-ctr-t4pj5	otelcol_receiver_failed_spans	0
1781349690	snap	0	otelcol	otelcol-sb-esrev0-ctr-t4pj5	otelcol_process_cpu_seconds	3
1781349690	snap	0	otelcol	otelcol-sb-esrev0-ctr-t4pj5	otelcol_receiver_accepted_spans	119116
1781349690	snap	0	otelcol	otelcol-sb-esrev0-ctr-t4pj5	otelcol_process_runtime_heap_alloc_bytes	44910736
1781349690	snap	0	otelcol	otelcol-sb-esrev0-ctr-t4pj5	otelcol_exporter_sent_spans	119116
1781349690	snap	0	otelcol	otelcol-sb-esrev0-ctr-t4pj5	otelcol_processor_batch_batch_send_size_sum	119116
1781349690	snap	0	otelcol	otelcol-sb-esrev0-ctr-t4pj5	otelcol_process_uptime	73
1781349690	snap	0	otelcol	otelcol-sb-esrev0-ctr-t4pj5	otelcol_process_runtime_total_alloc_bytes	117309944
1781349690	snap	0	otelcol	otelcol-sb-esrev0-ctr-t4pj5	otelcol_exporter_queue_capacity	1001
1781349690	snap	0	otelcol	otelcol-sb-esrev0-ctr-t4pj5	otelcol_receiver_refused_spans	3198
1781349690	snap	0	k8s	otelcol-sb-esrev0-ctr-5tpmc	restart_count	0
1781349690	snap	0	k8s	otelcol-sb-esrev0-ctr-8ncml	restart_count	0
1781349690	snap	0	k8s	otelcol-sb-esrev0-ctr-bgnq8	restart_count	0
1781349690	snap	0	k8s	otelcol-sb-esrev0-ctr-bxzgg	restart_count	0
1781349690	snap	0	k8s	otelcol-sb-esrev0-ctr-hj4v4	restart_count	0
1781349690	snap	0	k8s	otelcol-sb-esrev0-ctr-j6v9t	restart_count	0
1781349690	snap	0	k8s	otelcol-sb-esrev0-ctr-mg8jm	restart_count	0
1781349690	snap	0	k8s	otelcol-sb-esrev0-ctr-t4pj5	restart_count	0
1781349690	snap	0	k8s	otelcol-sb-esrev0-ctr-vb2mk	restart_count	0
1781349690	snap	0	sdk	wrk2api	spans_received	8494
1781349690	snap	0	sdk	wrk2api	spans_sent	8494
1781349690	snap	0	sdk	wrk2api	spans_dropped	0
1781349690	snap	0	sdk	wrk2api	spans_flushed	8494
1781349690	snap	0	sdk	wrk2api	batches_sent	490
1781349690	snap	0	sdk	wrk2api	batches_dropped	0
1781349690	snap	0	sdk	wrk2api	send_unavailable	0
1781349690	snap	0	sdk	wrk2api	send_deadline	0
1781349690	snap	0	sdk	wrk2api	send_exhausted	0
1781349690	snap	0	sdk	wrk2api	send_canceled	0
1781349690	snap	0	sdk	wrk2api	send_other	0
1781349690	snap	0	sdk	wrk2api	buffer_depth	0
0
1781349690	snap	0	sdk	wrk2api	cp_received	4247
1781349690	snap	0	sdk	wrk2api	lp_received	4247
1781349690	snap	0	sdk	wrk2api	cp_sent	4247
1781349690	snap	0	sdk	wrk2api	lp_sent	4247
1781349690	snap	0	sdk	wrk2api	cp_dropped	0
1781349690	snap	0	sdk	wrk2api	lp_dropped	0
1781349690	snap	0	sdk	composepost	spans_received	0
1781349690	snap	0	sdk	composepost	spans_sent	0
1781349690	snap	0	sdk	composepost	spans_dropped	0
1781349690	snap	0	sdk	composepost	spans_flushed	0
1781349690	snap	0	sdk	composepost	batches_sent	0
1781349690	snap	0	sdk	composepost	batches_dropped	0
1781349690	snap	0	sdk	composepost	send_unavailable	0
1781349690	snap	0	sdk	composepost	send_deadline	0
1781349690	snap	0	sdk	composepost	send_exhausted	0
1781349690	snap	0	sdk	composepost	send_canceled	0
1781349690	snap	0	sdk	composepost	send_other	0
1781349690	snap	0	sdk	composepost	buffer_depth	0
0
1781349690	snap	0	sdk	composepost	cp_received	0
1781349690	snap	0	sdk	composepost	lp_received	0
1781349690	snap	0	sdk	composepost	cp_sent	0
1781349690	snap	0	sdk	composepost	lp_sent	0
1781349690	snap	0	sdk	composepost	cp_dropped	0
1781349690	snap	0	sdk	composepost	lp_dropped	0
1781349690	snap	0	sdk	hometimeline	spans_received	0
1781349690	snap	0	sdk	hometimeline	spans_sent	0
1781349690	snap	0	sdk	hometimeline	spans_dropped	0
1781349690	snap	0	sdk	hometimeline	spans_flushed	0
1781349690	snap	0	sdk	hometimeline	batches_sent	0
1781349690	snap	0	sdk	hometimeline	batches_dropped	0
1781349690	snap	0	sdk	hometimeline	send_unavailable	0
1781349690	snap	0	sdk	hometimeline	send_deadline	0
1781349690	snap	0	sdk	hometimeline	send_exhausted	0
1781349690	snap	0	sdk	hometimeline	send_canceled	0
1781349690	snap	0	sdk	hometimeline	send_other	0
1781349690	snap	0	sdk	hometimeline	buffer_depth	0
0
1781349690	snap	0	sdk	hometimeline	cp_received	0
1781349690	snap	0	sdk	hometimeline	lp_received	0
1781349690	snap	0	sdk	hometimeline	cp_sent	0
1781349690	snap	0	sdk	hometimeline	lp_sent	0
1781349690	snap	0	sdk	hometimeline	cp_dropped	0
1781349690	snap	0	sdk	hometimeline	lp_dropped	0
1781349690	snap	0	sdk	media	spans_received	0
1781349690	snap	0	sdk	media	spans_sent	0
1781349690	snap	0	sdk	media	spans_dropped	0
1781349690	snap	0	sdk	media	spans_flushed	0
1781349690	snap	0	sdk	media	batches_sent	0
1781349690	snap	0	sdk	media	batches_dropped	0
1781349690	snap	0	sdk	media	send_unavailable	0
1781349690	snap	0	sdk	media	send_deadline	0
1781349690	snap	0	sdk	media	send_exhausted	0
1781349690	snap	0	sdk	media	send_canceled	0
1781349690	snap	0	sdk	media	send_other	0
1781349690	snap	0	sdk	media	buffer_depth	0
0
1781349690	snap	0	sdk	media	cp_received	0
1781349690	snap	0	sdk	media	lp_received	0
1781349690	snap	0	sdk	media	cp_sent	0
1781349690	snap	0	sdk	media	lp_sent	0
1781349690	snap	0	sdk	media	cp_dropped	0
1781349690	snap	0	sdk	media	lp_dropped	0
1781349690	snap	0	sdk	post-storage	spans_received	0
1781349690	snap	0	sdk	post-storage	spans_sent	0
1781349690	snap	0	sdk	post-storage	spans_dropped	0
1781349690	snap	0	sdk	post-storage	spans_flushed	0
1781349690	snap	0	sdk	post-storage	batches_sent	0
1781349690	snap	0	sdk	post-storage	batches_dropped	0
1781349690	snap	0	sdk	post-storage	send_unavailable	0
1781349690	snap	0	sdk	post-storage	send_deadline	0
1781349690	snap	0	sdk	post-storage	send_exhausted	0
1781349690	snap	0	sdk	post-storage	send_canceled	0
1781349690	snap	0	sdk	post-storage	send_other	0
1781349690	snap	0	sdk	post-storage	buffer_depth	0
0
1781349690	snap	0	sdk	post-storage	cp_received	0
1781349690	snap	0	sdk	post-storage	lp_received	0
1781349690	snap	0	sdk	post-storage	cp_sent	0
1781349690	snap	0	sdk	post-storage	lp_sent	0
1781349690	snap	0	sdk	post-storage	cp_dropped	0
1781349690	snap	0	sdk	post-storage	lp_dropped	0
1781349690	snap	0	sdk	socialgraph	spans_received	113834
1781349690	snap	0	sdk	socialgraph	spans_sent	111012
1781349690	snap	0	sdk	socialgraph	spans_dropped	2822
1781349690	snap	0	sdk	socialgraph	spans_flushed	113834
1781349690	snap	0	sdk	socialgraph	batches_sent	472
1781349690	snap	0	sdk	socialgraph	batches_dropped	14
1781349690	snap	0	sdk	socialgraph	send_unavailable	14
1781349690	snap	0	sdk	socialgraph	send_deadline	0
1781349690	snap	0	sdk	socialgraph	send_exhausted	0
1781349690	snap	0	sdk	socialgraph	send_canceled	0
1781349690	snap	0	sdk	socialgraph	send_other	0
1781349690	snap	0	sdk	socialgraph	buffer_depth	0
0
1781349690	snap	0	sdk	socialgraph	cp_received	76210
1781349690	snap	0	sdk	socialgraph	lp_received	37624
1781349690	snap	0	sdk	socialgraph	cp_sent	76210
1781349690	snap	0	sdk	socialgraph	lp_sent	34802
1781349690	snap	0	sdk	socialgraph	cp_dropped	0
1781349690	snap	0	sdk	socialgraph	lp_dropped	2822
1781349690	snap	0	sdk	text	spans_received	0
1781349690	snap	0	sdk	text	spans_sent	0
1781349690	snap	0	sdk	text	spans_dropped	0
1781349690	snap	0	sdk	text	spans_flushed	0
1781349690	snap	0	sdk	text	batches_sent	0
1781349690	snap	0	sdk	text	batches_dropped	0
1781349690	snap	0	sdk	text	send_unavailable	0
1781349690	snap	0	sdk	text	send_deadline	0
1781349690	snap	0	sdk	text	send_exhausted	0
1781349690	snap	0	sdk	text	send_canceled	0
1781349690	snap	0	sdk	text	send_other	0
1781349690	snap	0	sdk	text	buffer_depth	0
0
1781349690	snap	0	sdk	text	cp_received	0
1781349690	snap	0	sdk	text	lp_received	0
1781349690	snap	0	sdk	text	cp_sent	0
1781349690	snap	0	sdk	text	lp_sent	0
1781349690	snap	0	sdk	text	cp_dropped	0
1781349690	snap	0	sdk	text	lp_dropped	0
1781349690	snap	0	sdk	uniqueid	spans_received	0
1781349690	snap	0	sdk	uniqueid	spans_sent	0
1781349690	snap	0	sdk	uniqueid	spans_dropped	0
1781349690	snap	0	sdk	uniqueid	spans_flushed	0
1781349690	snap	0	sdk	uniqueid	batches_sent	0
1781349690	snap	0	sdk	uniqueid	batches_dropped	0
1781349690	snap	0	sdk	uniqueid	send_unavailable	0
1781349690	snap	0	sdk	uniqueid	send_deadline	0
1781349690	snap	0	sdk	uniqueid	send_exhausted	0
1781349690	snap	0	sdk	uniqueid	send_canceled	0
1781349690	snap	0	sdk	uniqueid	send_other	0
1781349690	snap	0	sdk	uniqueid	buffer_depth	0
0
1781349690	snap	0	sdk	uniqueid	cp_received	0
1781349690	snap	0	sdk	uniqueid	lp_received	0
1781349690	snap	0	sdk	uniqueid	cp_sent	0
1781349690	snap	0	sdk	uniqueid	lp_sent	0
1781349690	snap	0	sdk	uniqueid	cp_dropped	0
1781349690	snap	0	sdk	uniqueid	lp_dropped	0
1781349690	snap	0	sdk	urlshorten	spans_received	0
1781349690	snap	0	sdk	urlshorten	spans_sent	0
1781349690	snap	0	sdk	urlshorten	spans_dropped	0
1781349690	snap	0	sdk	urlshorten	spans_flushed	0
1781349690	snap	0	sdk	urlshorten	batches_sent	0
1781349690	snap	0	sdk	urlshorten	batches_dropped	0
1781349690	snap	0	sdk	urlshorten	send_unavailable	0
1781349690	snap	0	sdk	urlshorten	send_deadline	0
1781349690	snap	0	sdk	urlshorten	send_exhausted	0
1781349690	snap	0	sdk	urlshorten	send_canceled	0
1781349690	snap	0	sdk	urlshorten	send_other	0
1781349690	snap	0	sdk	urlshorten	buffer_depth	0
0
1781349690	snap	0	sdk	urlshorten	cp_received	0
1781349690	snap	0	sdk	urlshorten	lp_received	0
1781349690	snap	0	sdk	urlshorten	cp_sent	0
1781349690	snap	0	sdk	urlshorten	lp_sent	0
1781349690	snap	0	sdk	urlshorten	cp_dropped	0
1781349690	snap	0	sdk	urlshorten	lp_dropped	0
1781349690	snap	0	sdk	user	spans_received	1924
1781349690	snap	0	sdk	user	spans_sent	1924
1781349690	snap	0	sdk	user	spans_dropped	0
1781349690	snap	0	sdk	user	spans_flushed	1924
1781349690	snap	0	sdk	user	batches_sent	10
1781349690	snap	0	sdk	user	batches_dropped	0
1781349690	snap	0	sdk	user	send_unavailable	0
1781349690	snap	0	sdk	user	send_deadline	0
1781349690	snap	0	sdk	user	send_exhausted	0
1781349690	snap	0	sdk	user	send_canceled	0
1781349690	snap	0	sdk	user	send_other	0
1781349690	snap	0	sdk	user	buffer_depth	0
0
1781349690	snap	0	sdk	user	cp_received	962
1781349690	snap	0	sdk	user	lp_received	962
1781349690	snap	0	sdk	user	cp_sent	962
1781349690	snap	0	sdk	user	lp_sent	962
1781349690	snap	0	sdk	user	cp_dropped	0
1781349690	snap	0	sdk	user	lp_dropped	0
1781349690	snap	0	sdk	userid	spans_received	75248
1781349690	snap	0	sdk	userid	spans_sent	75248
1781349690	snap	0	sdk	userid	spans_dropped	0
1781349690	snap	0	sdk	userid	spans_flushed	75248
1781349690	snap	0	sdk	userid	batches_sent	247
1781349690	snap	0	sdk	userid	batches_dropped	0
1781349690	snap	0	sdk	userid	send_unavailable	0
1781349690	snap	0	sdk	userid	send_deadline	0
1781349690	snap	0	sdk	userid	send_exhausted	0
1781349690	snap	0	sdk	userid	send_canceled	0
1781349690	snap	0	sdk	userid	send_other	0
1781349690	snap	0	sdk	userid	buffer_depth	0
0
1781349690	snap	0	sdk	userid	cp_received	75248
1781349690	snap	0	sdk	userid	lp_received	0
1781349690	snap	0	sdk	userid	cp_sent	75248
1781349690	snap	0	sdk	userid	lp_sent	0
1781349690	snap	0	sdk	userid	cp_dropped	0
1781349690	snap	0	sdk	userid	lp_dropped	0
1781349690	snap	0	sdk	usermention	spans_received	0
1781349690	snap	0	sdk	usermention	spans_sent	0
1781349690	snap	0	sdk	usermention	spans_dropped	0
1781349690	snap	0	sdk	usermention	spans_flushed	0
1781349690	snap	0	sdk	usermention	batches_sent	0
1781349690	snap	0	sdk	usermention	batches_dropped	0
1781349690	snap	0	sdk	usermention	send_unavailable	0
1781349690	snap	0	sdk	usermention	send_deadline	0
1781349690	snap	0	sdk	usermention	send_exhausted	0
1781349690	snap	0	sdk	usermention	send_canceled	0
1781349690	snap	0	sdk	usermention	send_other	0
1781349690	snap	0	sdk	usermention	buffer_depth	0
0
1781349690	snap	0	sdk	usermention	cp_received	0
1781349690	snap	0	sdk	usermention	lp_received	0
1781349690	snap	0	sdk	usermention	cp_sent	0
1781349690	snap	0	sdk	usermention	lp_sent	0
1781349690	snap	0	sdk	usermention	cp_dropped	0
1781349690	snap	0	sdk	usermention	lp_dropped	0
1781349690	snap	0	sdk	usertimeline	spans_received	0
1781349690	snap	0	sdk	usertimeline	spans_sent	0
1781349690	snap	0	sdk	usertimeline	spans_dropped	0
1781349690	snap	0	sdk	usertimeline	spans_flushed	0
1781349690	snap	0	sdk	usertimeline	batches_sent	0
1781349690	snap	0	sdk	usertimeline	batches_dropped	0
1781349690	snap	0	sdk	usertimeline	send_unavailable	0
1781349690	snap	0	sdk	usertimeline	send_deadline	0
1781349690	snap	0	sdk	usertimeline	send_exhausted	0
1781349690	snap	0	sdk	usertimeline	send_canceled	0
1781349690	snap	0	sdk	usertimeline	send_other	0
1781349690	snap	0	sdk	usertimeline	buffer_depth	0
0
1781349690	snap	0	sdk	usertimeline	cp_received	0
1781349690	snap	0	sdk	usertimeline	lp_received	0
1781349690	snap	0	sdk	usertimeline	cp_sent	0
1781349690	snap	0	sdk	usertimeline	lp_sent	0
1781349690	snap	0	sdk	usertimeline	cp_dropped	0
1781349690	snap	0	sdk	usertimeline	lp_dropped	0
1781349798	snap	0	otelcol	otelcol-sb-esrev0-ctr-hj4v4	otelcol_process_uptime	174
1781349798	snap	0	otelcol	otelcol-sb-esrev0-ctr-hj4v4	otelcol_exporter_sent_spans	30508
1781349798	snap	0	otelcol	otelcol-sb-esrev0-ctr-hj4v4	otelcol_process_runtime_total_sys_memory_bytes	75606296
1781349798	snap	0	otelcol	otelcol-sb-esrev0-ctr-hj4v4	otelcol_process_runtime_total_alloc_bytes	141834640
1781349798	snap	0	otelcol	otelcol-sb-esrev0-ctr-hj4v4	otelcol_exporter_queue_capacity	1001
1781349798	snap	0	otelcol	otelcol-sb-esrev0-ctr-hj4v4	otelcol_receiver_failed_spans	0
1781349798	snap	0	otelcol	otelcol-sb-esrev0-ctr-hj4v4	otelcol_processor_batch_metadata_cardinality	1
1781349798	snap	0	otelcol	otelcol-sb-esrev0-ctr-hj4v4	otelcol_processor_batch_batch_send_size_sum	30508
1781349798	snap	0	otelcol	otelcol-sb-esrev0-ctr-hj4v4	otelcol_receiver_refused_spans	0
1781349798	snap	0	otelcol	otelcol-sb-esrev0-ctr-hj4v4	otelcol_processor_batch_timeout_trigger_send	663
1781349798	snap	0	otelcol	otelcol-sb-esrev0-ctr-hj4v4	otelcol_exporter_send_failed_spans	0
1781349798	snap	0	otelcol	otelcol-sb-esrev0-ctr-hj4v4	otelcol_exporter_queue_size	0
1781349798	snap	0	otelcol	otelcol-sb-esrev0-ctr-hj4v4	otelcol_exporter_queue_batch_send_size_sum	30508
1781349798	snap	0	otelcol	otelcol-sb-esrev0-ctr-hj4v4	otelcol_processor_incoming_items	30508
1781349798	snap	0	otelcol	otelcol-sb-esrev0-ctr-hj4v4	otelcol_process_runtime_heap_alloc_bytes	42767864
1781349798	snap	0	otelcol	otelcol-sb-esrev0-ctr-hj4v4	otelcol_process_memory_rss	210415616
1781349798	snap	0	otelcol	otelcol-sb-esrev0-ctr-hj4v4	otelcol_receiver_accepted_spans	30508
1781349798	snap	0	otelcol	otelcol-sb-esrev0-ctr-hj4v4	otelcol_processor_outgoing_items	30508
1781349798	snap	0	otelcol	otelcol-sb-esrev0-ctr-hj4v4	otelcol_process_cpu_seconds	6
1781349798	snap	0	otelcol	otelcol-sb-esrev0-ctr-bgnq8	otelcol_processor_batch_batch_send_size_sum	22801
1781349798	snap	0	otelcol	otelcol-sb-esrev0-ctr-bgnq8	otelcol_exporter_sent_spans	22801
1781349798	snap	0	otelcol	otelcol-sb-esrev0-ctr-bgnq8	otelcol_processor_batch_metadata_cardinality	1
1781349798	snap	0	otelcol	otelcol-sb-esrev0-ctr-bgnq8	otelcol_receiver_accepted_spans	22801
1781349798	snap	0	otelcol	otelcol-sb-esrev0-ctr-bgnq8	otelcol_process_uptime	176
1781349798	snap	0	otelcol	otelcol-sb-esrev0-ctr-bgnq8	otelcol_process_memory_rss	208044032
1781349798	snap	0	otelcol	otelcol-sb-esrev0-ctr-bgnq8	otelcol_exporter_queue_size	0
1781349798	snap	0	otelcol	otelcol-sb-esrev0-ctr-bgnq8	otelcol_processor_incoming_items	22801
1781349798	snap	0	otelcol	otelcol-sb-esrev0-ctr-bgnq8	otelcol_exporter_queue_capacity	1001
1781349798	snap	0	otelcol	otelcol-sb-esrev0-ctr-bgnq8	otelcol_processor_batch_timeout_trigger_send	664
1781349798	snap	0	otelcol	otelcol-sb-esrev0-ctr-bgnq8	otelcol_process_runtime_total_alloc_bytes	124922992
1781349798	snap	0	otelcol	otelcol-sb-esrev0-ctr-bgnq8	otelcol_receiver_refused_spans	0
1781349798	snap	0	otelcol	otelcol-sb-esrev0-ctr-bgnq8	otelcol_process_runtime_total_sys_memory_bytes	75540760
1781349798	snap	0	otelcol	otelcol-sb-esrev0-ctr-bgnq8	otelcol_receiver_failed_spans	0
1781349798	snap	0	otelcol	otelcol-sb-esrev0-ctr-bgnq8	otelcol_process_runtime_heap_alloc_bytes	25716568
1781349798	snap	0	otelcol	otelcol-sb-esrev0-ctr-bgnq8	otelcol_exporter_send_failed_spans	0
1781349798	snap	0	otelcol	otelcol-sb-esrev0-ctr-bgnq8	otelcol_processor_outgoing_items	22801
1781349798	snap	0	otelcol	otelcol-sb-esrev0-ctr-bgnq8	otelcol_process_cpu_seconds	5
1781349798	snap	0	otelcol	otelcol-sb-esrev0-ctr-bgnq8	otelcol_exporter_queue_batch_send_size_sum	22801
1781349798	snap	0	otelcol	otelcol-sb-esrev0-ctr-vb2mk	otelcol_process_uptime	176
1781349798	snap	0	otelcol	otelcol-sb-esrev0-ctr-vb2mk	otelcol_process_memory_rss	205725696
1781349798	snap	0	otelcol	otelcol-sb-esrev0-ctr-vb2mk	otelcol_exporter_send_failed_spans	0
1781349798	snap	0	otelcol	otelcol-sb-esrev0-ctr-vb2mk	otelcol_receiver_accepted_spans	20498
1781349798	snap	0	otelcol	otelcol-sb-esrev0-ctr-vb2mk	otelcol_process_runtime_total_sys_memory_bytes	71608600
1781349798	snap	0	otelcol	otelcol-sb-esrev0-ctr-vb2mk	otelcol_exporter_queue_batch_send_size_sum	20498
1781349798	snap	0	otelcol	otelcol-sb-esrev0-ctr-vb2mk	otelcol_process_cpu_seconds	5
1781349798	snap	0	otelcol	otelcol-sb-esrev0-ctr-vb2mk	otelcol_process_runtime_heap_alloc_bytes	37684904
1781349798	snap	0	otelcol	otelcol-sb-esrev0-ctr-vb2mk	otelcol_exporter_sent_spans	20498
1781349798	snap	0	otelcol	otelcol-sb-esrev0-ctr-vb2mk	otelcol_exporter_queue_capacity	1001
1781349798	snap	0	otelcol	otelcol-sb-esrev0-ctr-vb2mk	otelcol_receiver_refused_spans	0
1781349798	snap	0	otelcol	otelcol-sb-esrev0-ctr-vb2mk	otelcol_processor_incoming_items	20498
1781349798	snap	0	otelcol	otelcol-sb-esrev0-ctr-vb2mk	otelcol_processor_outgoing_items	20498
1781349798	snap	0	otelcol	otelcol-sb-esrev0-ctr-vb2mk	otelcol_exporter_queue_size	0
1781349798	snap	0	otelcol	otelcol-sb-esrev0-ctr-vb2mk	otelcol_processor_batch_metadata_cardinality	1
1781349798	snap	0	otelcol	otelcol-sb-esrev0-ctr-vb2mk	otelcol_receiver_failed_spans	0
1781349798	snap	0	otelcol	otelcol-sb-esrev0-ctr-vb2mk	otelcol_processor_batch_timeout_trigger_send	659
1781349798	snap	0	otelcol	otelcol-sb-esrev0-ctr-vb2mk	otelcol_processor_batch_batch_send_size_sum	20498
1781349798	snap	0	otelcol	otelcol-sb-esrev0-ctr-vb2mk	otelcol_process_runtime_total_alloc_bytes	114696216
1781349798	snap	0	otelcol	otelcol-sb-esrev0-ctr-j6v9t	otelcol_processor_incoming_items	110528
1781349798	snap	0	otelcol	otelcol-sb-esrev0-ctr-j6v9t	otelcol_process_cpu_seconds	9
1781349798	snap	0	otelcol	otelcol-sb-esrev0-ctr-j6v9t	otelcol_process_uptime	174
1781349798	snap	0	otelcol	otelcol-sb-esrev0-ctr-j6v9t	otelcol_process_runtime_heap_alloc_bytes	36563248
1781349798	snap	0	otelcol	otelcol-sb-esrev0-ctr-j6v9t	otelcol_exporter_sent_spans	110528
1781349798	snap	0	otelcol	otelcol-sb-esrev0-ctr-j6v9t	otelcol_exporter_send_failed_spans	0
1781349798	snap	0	otelcol	otelcol-sb-esrev0-ctr-j6v9t	otelcol_receiver_failed_spans	0
1781349798	snap	0	otelcol	otelcol-sb-esrev0-ctr-j6v9t	otelcol_processor_outgoing_items	110528
1781349798	snap	0	otelcol	otelcol-sb-esrev0-ctr-j6v9t	otelcol_processor_batch_batch_send_size_sum	110528
1781349798	snap	0	otelcol	otelcol-sb-esrev0-ctr-j6v9t	otelcol_process_runtime_total_sys_memory_bytes	84945176
1781349798	snap	0	otelcol	otelcol-sb-esrev0-ctr-j6v9t	otelcol_process_runtime_total_alloc_bytes	316676344
1781349798	snap	0	otelcol	otelcol-sb-esrev0-ctr-j6v9t	otelcol_processor_batch_metadata_cardinality	1
1781349798	snap	0	otelcol	otelcol-sb-esrev0-ctr-j6v9t	otelcol_processor_batch_timeout_trigger_send	662
1781349798	snap	0	otelcol	otelcol-sb-esrev0-ctr-j6v9t	otelcol_exporter_queue_size	0
1781349798	snap	0	otelcol	otelcol-sb-esrev0-ctr-j6v9t	otelcol_receiver_accepted_spans	110528
1781349798	snap	0	otelcol	otelcol-sb-esrev0-ctr-j6v9t	otelcol_process_memory_rss	218497024
1781349798	snap	0	otelcol	otelcol-sb-esrev0-ctr-j6v9t	otelcol_receiver_refused_spans	0
1781349798	snap	0	otelcol	otelcol-sb-esrev0-ctr-j6v9t	otelcol_exporter_queue_capacity	1001
1781349798	snap	0	otelcol	otelcol-sb-esrev0-ctr-j6v9t	otelcol_exporter_queue_batch_send_size_sum	110528
1781349798	snap	0	otelcol	otelcol-sb-esrev0-ctr-5tpmc	otelcol_processor_batch_timeout_trigger_send	667
1781349798	snap	0	otelcol	otelcol-sb-esrev0-ctr-5tpmc	otelcol_process_runtime_heap_alloc_bytes	33063520
1781349798	snap	0	otelcol	otelcol-sb-esrev0-ctr-5tpmc	otelcol_processor_outgoing_items	127763
1781349798	snap	0	otelcol	otelcol-sb-esrev0-ctr-5tpmc	otelcol_receiver_accepted_spans	127763
1781349798	snap	0	otelcol	otelcol-sb-esrev0-ctr-5tpmc	otelcol_process_uptime	175
1781349798	snap	0	otelcol	otelcol-sb-esrev0-ctr-5tpmc	otelcol_process_runtime_total_alloc_bytes	210842328
1781349798	snap	0	otelcol	otelcol-sb-esrev0-ctr-5tpmc	otelcol_exporter_queue_capacity	1001
1781349798	snap	0	otelcol	otelcol-sb-esrev0-ctr-5tpmc	otelcol_receiver_refused_spans	0
1781349798	snap	0	otelcol	otelcol-sb-esrev0-ctr-5tpmc	otelcol_exporter_queue_batch_send_size_sum	127763
1781349798	snap	0	otelcol	otelcol-sb-esrev0-ctr-5tpmc	otelcol_receiver_failed_spans	0
1781349798	snap	0	otelcol	otelcol-sb-esrev0-ctr-5tpmc	otelcol_process_cpu_seconds	8
1781349798	snap	0	otelcol	otelcol-sb-esrev0-ctr-5tpmc	otelcol_processor_batch_batch_send_size_sum	127763
1781349798	snap	0	otelcol	otelcol-sb-esrev0-ctr-5tpmc	otelcol_exporter_send_failed_spans	0
1781349798	snap	0	otelcol	otelcol-sb-esrev0-ctr-5tpmc	otelcol_processor_batch_metadata_cardinality	1
1781349798	snap	0	otelcol	otelcol-sb-esrev0-ctr-5tpmc	otelcol_process_runtime_total_sys_memory_bytes	75925784
1781349798	snap	0	otelcol	otelcol-sb-esrev0-ctr-5tpmc	otelcol_process_memory_rss	213848064
1781349798	snap	0	otelcol	otelcol-sb-esrev0-ctr-5tpmc	otelcol_exporter_sent_spans	127763
1781349798	snap	0	otelcol	otelcol-sb-esrev0-ctr-5tpmc	otelcol_processor_incoming_items	127763
1781349798	snap	0	otelcol	otelcol-sb-esrev0-ctr-5tpmc	otelcol_exporter_queue_size	0
1781349798	snap	0	otelcol	otelcol-sb-esrev0-ctr-mg8jm	otelcol_processor_outgoing_items	10471
1781349798	snap	0	otelcol	otelcol-sb-esrev0-ctr-mg8jm	otelcol_process_memory_rss	204005376
1781349798	snap	0	otelcol	otelcol-sb-esrev0-ctr-mg8jm	otelcol_exporter_queue_batch_send_size_sum	10471
1781349798	snap	0	otelcol	otelcol-sb-esrev0-ctr-mg8jm	otelcol_process_runtime_heap_alloc_bytes	38845832
1781349798	snap	0	otelcol	otelcol-sb-esrev0-ctr-mg8jm	otelcol_receiver_failed_spans	0
1781349798	snap	0	otelcol	otelcol-sb-esrev0-ctr-mg8jm	otelcol_process_runtime_total_sys_memory_bytes	71346456
1781349798	snap	0	otelcol	otelcol-sb-esrev0-ctr-mg8jm	otelcol_process_cpu_seconds	7
1781349798	snap	0	otelcol	otelcol-sb-esrev0-ctr-mg8jm	otelcol_receiver_refused_spans	0
1781349798	snap	0	otelcol	otelcol-sb-esrev0-ctr-mg8jm	otelcol_processor_batch_batch_send_size_sum	10471
1781349798	snap	0	otelcol	otelcol-sb-esrev0-ctr-mg8jm	otelcol_process_runtime_total_alloc_bytes	96615904
1781349798	snap	0	otelcol	otelcol-sb-esrev0-ctr-mg8jm	otelcol_receiver_accepted_spans	10471
1781349798	snap	0	otelcol	otelcol-sb-esrev0-ctr-mg8jm	otelcol_exporter_send_failed_spans	0
1781349798	snap	0	otelcol	otelcol-sb-esrev0-ctr-mg8jm	otelcol_processor_batch_metadata_cardinality	1
1781349798	snap	0	otelcol	otelcol-sb-esrev0-ctr-mg8jm	otelcol_exporter_sent_spans	10471
1781349798	snap	0	otelcol	otelcol-sb-esrev0-ctr-mg8jm	otelcol_exporter_queue_capacity	1001
1781349798	snap	0	otelcol	otelcol-sb-esrev0-ctr-mg8jm	otelcol_processor_incoming_items	10471
1781349798	snap	0	otelcol	otelcol-sb-esrev0-ctr-mg8jm	otelcol_processor_batch_timeout_trigger_send	652
1781349798	snap	0	otelcol	otelcol-sb-esrev0-ctr-mg8jm	otelcol_process_uptime	169
1781349798	snap	0	otelcol	otelcol-sb-esrev0-ctr-mg8jm	otelcol_exporter_queue_size	0
1781349798	snap	0	otelcol	otelcol-sb-esrev0-ctr-bxzgg	otelcol_exporter_queue_capacity	1001
1781349798	snap	0	otelcol	otelcol-sb-esrev0-ctr-bxzgg	otelcol_processor_batch_metadata_cardinality	1
1781349798	snap	0	otelcol	otelcol-sb-esrev0-ctr-bxzgg	otelcol_processor_batch_timeout_trigger_send	661
1781349798	snap	0	otelcol	otelcol-sb-esrev0-ctr-bxzgg	otelcol_processor_incoming_items	20863
1781349798	snap	0	otelcol	otelcol-sb-esrev0-ctr-bxzgg	otelcol_exporter_queue_batch_send_size_sum	20863
1781349798	snap	0	otelcol	otelcol-sb-esrev0-ctr-bxzgg	otelcol_process_memory_rss	202924032
1781349798	snap	0	otelcol	otelcol-sb-esrev0-ctr-bxzgg	otelcol_exporter_send_failed_spans	0
1781349798	snap	0	otelcol	otelcol-sb-esrev0-ctr-bxzgg	otelcol_processor_outgoing_items	20863
1781349798	snap	0	otelcol	otelcol-sb-esrev0-ctr-bxzgg	otelcol_process_cpu_seconds	5
1781349798	snap	0	otelcol	otelcol-sb-esrev0-ctr-bxzgg	otelcol_process_uptime	175
1781349798	snap	0	otelcol	otelcol-sb-esrev0-ctr-bxzgg	otelcol_process_runtime_total_alloc_bytes	112544344
1781349798	snap	0	otelcol	otelcol-sb-esrev0-ctr-bxzgg	otelcol_processor_batch_batch_send_size_sum	20863
1781349798	snap	0	otelcol	otelcol-sb-esrev0-ctr-bxzgg	otelcol_process_runtime_total_sys_memory_bytes	70805784
1781349798	snap	0	otelcol	otelcol-sb-esrev0-ctr-bxzgg	otelcol_process_runtime_heap_alloc_bytes	37694584
1781349798	snap	0	otelcol	otelcol-sb-esrev0-ctr-bxzgg	otelcol_receiver_refused_spans	0
1781349798	snap	0	otelcol	otelcol-sb-esrev0-ctr-bxzgg	otelcol_receiver_failed_spans	0
1781349798	snap	0	otelcol	otelcol-sb-esrev0-ctr-bxzgg	otelcol_exporter_sent_spans	20863
1781349798	snap	0	otelcol	otelcol-sb-esrev0-ctr-bxzgg	otelcol_receiver_accepted_spans	20863
1781349798	snap	0	otelcol	otelcol-sb-esrev0-ctr-bxzgg	otelcol_exporter_queue_size	0
1781349798	snap	0	otelcol	otelcol-sb-esrev0-ctr-8ncml	otelcol_processor_outgoing_items	20504
1781349798	snap	0	otelcol	otelcol-sb-esrev0-ctr-8ncml	otelcol_process_cpu_seconds	5
1781349798	snap	0	otelcol	otelcol-sb-esrev0-ctr-8ncml	otelcol_process_uptime	176
1781349798	snap	0	otelcol	otelcol-sb-esrev0-ctr-8ncml	otelcol_exporter_queue_batch_send_size_sum	20504
1781349798	snap	0	otelcol	otelcol-sb-esrev0-ctr-8ncml	otelcol_receiver_failed_spans	0
1781349798	snap	0	otelcol	otelcol-sb-esrev0-ctr-8ncml	otelcol_receiver_refused_spans	0
1781349798	snap	0	otelcol	otelcol-sb-esrev0-ctr-8ncml	otelcol_process_runtime_heap_alloc_bytes	38174752
1781349798	snap	0	otelcol	otelcol-sb-esrev0-ctr-8ncml	otelcol_processor_batch_batch_send_size_sum	20504
1781349798	snap	0	otelcol	otelcol-sb-esrev0-ctr-8ncml	otelcol_process_runtime_total_sys_memory_bytes	71067928
1781349798	snap	0	otelcol	otelcol-sb-esrev0-ctr-8ncml	otelcol_exporter_sent_spans	20504
1781349798	snap	0	otelcol	otelcol-sb-esrev0-ctr-8ncml	otelcol_exporter_queue_size	0
1781349798	snap	0	otelcol	otelcol-sb-esrev0-ctr-8ncml	otelcol_exporter_send_failed_spans	0
1781349798	snap	0	otelcol	otelcol-sb-esrev0-ctr-8ncml	otelcol_receiver_accepted_spans	20504
1781349798	snap	0	otelcol	otelcol-sb-esrev0-ctr-8ncml	otelcol_processor_batch_metadata_cardinality	1
1781349798	snap	0	otelcol	otelcol-sb-esrev0-ctr-8ncml	otelcol_processor_incoming_items	20504
1781349798	snap	0	otelcol	otelcol-sb-esrev0-ctr-8ncml	otelcol_processor_batch_timeout_trigger_send	662
1781349798	snap	0	otelcol	otelcol-sb-esrev0-ctr-8ncml	otelcol_exporter_queue_capacity	1001
1781349798	snap	0	otelcol	otelcol-sb-esrev0-ctr-8ncml	otelcol_process_runtime_total_alloc_bytes	117357120
1781349798	snap	0	otelcol	otelcol-sb-esrev0-ctr-8ncml	otelcol_process_memory_rss	207036416
1781349798	snap	0	otelcol	otelcol-sb-esrev0-ctr-t4pj5	otelcol_exporter_send_failed_spans	0
1781349798	snap	0	otelcol	otelcol-sb-esrev0-ctr-t4pj5	otelcol_exporter_queue_size	0
1781349798	snap	0	otelcol	otelcol-sb-esrev0-ctr-t4pj5	otelcol_processor_incoming_items	134314
1781349798	snap	0	otelcol	otelcol-sb-esrev0-ctr-t4pj5	otelcol_processor_outgoing_items	131116
1781349798	snap	0	otelcol	otelcol-sb-esrev0-ctr-t4pj5	otelcol_process_runtime_total_sys_memory_bytes	83929368
1781349798	snap	0	otelcol	otelcol-sb-esrev0-ctr-t4pj5	otelcol_processor_batch_metadata_cardinality	1
1781349798	snap	0	otelcol	otelcol-sb-esrev0-ctr-t4pj5	otelcol_processor_batch_timeout_trigger_send	660
1781349798	snap	0	otelcol	otelcol-sb-esrev0-ctr-t4pj5	otelcol_process_memory_rss	212414464
1781349798	snap	0	otelcol	otelcol-sb-esrev0-ctr-t4pj5	otelcol_exporter_queue_batch_send_size_sum	131116
1781349798	snap	0	otelcol	otelcol-sb-esrev0-ctr-t4pj5	otelcol_receiver_failed_spans	0
1781349798	snap	0	otelcol	otelcol-sb-esrev0-ctr-t4pj5	otelcol_process_cpu_seconds	6
1781349798	snap	0	otelcol	otelcol-sb-esrev0-ctr-t4pj5	otelcol_receiver_accepted_spans	131116
1781349798	snap	0	otelcol	otelcol-sb-esrev0-ctr-t4pj5	otelcol_process_runtime_heap_alloc_bytes	40894264
1781349798	snap	0	otelcol	otelcol-sb-esrev0-ctr-t4pj5	otelcol_exporter_sent_spans	131116
1781349798	snap	0	otelcol	otelcol-sb-esrev0-ctr-t4pj5	otelcol_processor_batch_batch_send_size_sum	131116
1781349798	snap	0	otelcol	otelcol-sb-esrev0-ctr-t4pj5	otelcol_process_uptime	180
1781349798	snap	0	otelcol	otelcol-sb-esrev0-ctr-t4pj5	otelcol_process_runtime_total_alloc_bytes	181578536
1781349798	snap	0	otelcol	otelcol-sb-esrev0-ctr-t4pj5	otelcol_exporter_queue_capacity	1001
1781349798	snap	0	otelcol	otelcol-sb-esrev0-ctr-t4pj5	otelcol_receiver_refused_spans	3198
1781349798	snap	0	k8s	otelcol-sb-esrev0-ctr-5tpmc	restart_count	0
1781349798	snap	0	k8s	otelcol-sb-esrev0-ctr-8ncml	restart_count	0
1781349798	snap	0	k8s	otelcol-sb-esrev0-ctr-bgnq8	restart_count	0
1781349798	snap	0	k8s	otelcol-sb-esrev0-ctr-bxzgg	restart_count	0
1781349798	snap	0	k8s	otelcol-sb-esrev0-ctr-hj4v4	restart_count	0
1781349798	snap	0	k8s	otelcol-sb-esrev0-ctr-j6v9t	restart_count	0
1781349798	snap	0	k8s	otelcol-sb-esrev0-ctr-mg8jm	restart_count	0
1781349798	snap	0	k8s	otelcol-sb-esrev0-ctr-t4pj5	restart_count	0
1781349798	snap	0	k8s	otelcol-sb-esrev0-ctr-vb2mk	restart_count	0
1781349798	snap	0	sdk	wrk2api	spans_received	10494
1781349798	snap	0	sdk	wrk2api	spans_sent	10494
1781349798	snap	0	sdk	wrk2api	spans_dropped	0
1781349798	snap	0	sdk	wrk2api	spans_flushed	10494
1781349798	snap	0	sdk	wrk2api	batches_sent	2470
1781349798	snap	0	sdk	wrk2api	batches_dropped	0
1781349798	snap	0	sdk	wrk2api	send_unavailable	0
1781349798	snap	0	sdk	wrk2api	send_deadline	0
1781349798	snap	0	sdk	wrk2api	send_exhausted	0
1781349798	snap	0	sdk	wrk2api	send_canceled	0
1781349798	snap	0	sdk	wrk2api	send_other	0
1781349798	snap	0	sdk	wrk2api	buffer_depth	0
0
1781349798	snap	0	sdk	wrk2api	cp_received	5247
1781349798	snap	0	sdk	wrk2api	lp_received	5247
1781349798	snap	0	sdk	wrk2api	cp_sent	5247
1781349798	snap	0	sdk	wrk2api	lp_sent	5247
1781349798	snap	0	sdk	wrk2api	cp_dropped	0
1781349798	snap	0	sdk	wrk2api	lp_dropped	0
1781349798	snap	0	sdk	composepost	spans_received	80028
1781349798	snap	0	sdk	composepost	spans_sent	80028
1781349798	snap	0	sdk	composepost	spans_dropped	0
1781349798	snap	0	sdk	composepost	spans_flushed	80028
1781349798	snap	0	sdk	composepost	batches_sent	7957
1781349798	snap	0	sdk	composepost	batches_dropped	0
1781349798	snap	0	sdk	composepost	send_unavailable	0
1781349798	snap	0	sdk	composepost	send_deadline	0
1781349798	snap	0	sdk	composepost	send_exhausted	0
1781349798	snap	0	sdk	composepost	send_canceled	0
1781349798	snap	0	sdk	composepost	send_other	0
1781349798	snap	0	sdk	composepost	buffer_depth	0
0
1781349798	snap	0	sdk	composepost	cp_received	70024
1781349798	snap	0	sdk	composepost	lp_received	10004
1781349798	snap	0	sdk	composepost	cp_sent	70024
1781349798	snap	0	sdk	composepost	lp_sent	10004
1781349798	snap	0	sdk	composepost	cp_dropped	0
1781349798	snap	0	sdk	composepost	lp_dropped	0
1781349798	snap	0	sdk	hometimeline	spans_received	20000
1781349798	snap	0	sdk	hometimeline	spans_sent	20000
1781349798	snap	0	sdk	hometimeline	spans_dropped	0
1781349798	snap	0	sdk	hometimeline	spans_flushed	20000
1781349798	snap	0	sdk	hometimeline	batches_sent	1990
1781349798	snap	0	sdk	hometimeline	batches_dropped	0
1781349798	snap	0	sdk	hometimeline	send_unavailable	0
1781349798	snap	0	sdk	hometimeline	send_deadline	0
1781349798	snap	0	sdk	hometimeline	send_exhausted	0
1781349798	snap	0	sdk	hometimeline	send_canceled	0
1781349798	snap	0	sdk	hometimeline	send_other	0
1781349798	snap	0	sdk	hometimeline	buffer_depth	0
0
1781349798	snap	0	sdk	hometimeline	cp_received	0
1781349798	snap	0	sdk	hometimeline	lp_received	20000
1781349798	snap	0	sdk	hometimeline	cp_sent	0
1781349798	snap	0	sdk	hometimeline	lp_sent	20000
1781349798	snap	0	sdk	hometimeline	cp_dropped	0
1781349798	snap	0	sdk	hometimeline	lp_dropped	0
1781349798	snap	0	sdk	media	spans_received	10004
1781349798	snap	0	sdk	media	spans_sent	10004
1781349798	snap	0	sdk	media	spans_dropped	0
1781349798	snap	0	sdk	media	spans_flushed	10004
1781349798	snap	0	sdk	media	batches_sent	996
1781349798	snap	0	sdk	media	batches_dropped	0
1781349798	snap	0	sdk	media	send_unavailable	0
1781349798	snap	0	sdk	media	send_deadline	0
1781349798	snap	0	sdk	media	send_exhausted	0
1781349798	snap	0	sdk	media	send_canceled	0
1781349798	snap	0	sdk	media	send_other	0
1781349798	snap	0	sdk	media	buffer_depth	0
0
1781349798	snap	0	sdk	media	cp_received	10004
1781349798	snap	0	sdk	media	lp_received	0
1781349798	snap	0	sdk	media	cp_sent	10004
1781349798	snap	0	sdk	media	lp_sent	0
1781349798	snap	0	sdk	media	cp_dropped	0
1781349798	snap	0	sdk	media	lp_dropped	0
1781349798	snap	0	sdk	post-storage	spans_received	10000
1781349798	snap	0	sdk	post-storage	spans_sent	10000
1781349798	snap	0	sdk	post-storage	spans_dropped	0
1781349798	snap	0	sdk	post-storage	spans_flushed	10000
1781349798	snap	0	sdk	post-storage	batches_sent	994
1781349798	snap	0	sdk	post-storage	batches_dropped	0
1781349798	snap	0	sdk	post-storage	send_unavailable	0
1781349798	snap	0	sdk	post-storage	send_deadline	0
1781349798	snap	0	sdk	post-storage	send_exhausted	0
1781349798	snap	0	sdk	post-storage	send_canceled	0
1781349798	snap	0	sdk	post-storage	send_other	0
1781349798	snap	0	sdk	post-storage	buffer_depth	0
0
1781349798	snap	0	sdk	post-storage	cp_received	10000
1781349798	snap	0	sdk	post-storage	lp_received	0
1781349798	snap	0	sdk	post-storage	cp_sent	10000
1781349798	snap	0	sdk	post-storage	lp_sent	0
1781349798	snap	0	sdk	post-storage	cp_dropped	0
1781349798	snap	0	sdk	post-storage	lp_dropped	0
1781349798	snap	0	sdk	socialgraph	spans_received	123834
1781349798	snap	0	sdk	socialgraph	spans_sent	121012
1781349798	snap	0	sdk	socialgraph	spans_dropped	2822
1781349798	snap	0	sdk	socialgraph	spans_flushed	123834
1781349798	snap	0	sdk	socialgraph	batches_sent	1467
1781349798	snap	0	sdk	socialgraph	batches_dropped	14
1781349798	snap	0	sdk	socialgraph	send_unavailable	14
1781349798	snap	0	sdk	socialgraph	send_deadline	0
1781349798	snap	0	sdk	socialgraph	send_exhausted	0
1781349798	snap	0	sdk	socialgraph	send_canceled	0
1781349798	snap	0	sdk	socialgraph	send_other	0
1781349798	snap	0	sdk	socialgraph	buffer_depth	0
0
1781349798	snap	0	sdk	socialgraph	cp_received	86210
1781349798	snap	0	sdk	socialgraph	lp_received	37624
1781349798	snap	0	sdk	socialgraph	cp_sent	86210
1781349798	snap	0	sdk	socialgraph	lp_sent	34802
1781349798	snap	0	sdk	socialgraph	cp_dropped	0
1781349798	snap	0	sdk	socialgraph	lp_dropped	2822
1781349798	snap	0	sdk	text	spans_received	30020
1781349798	snap	0	sdk	text	spans_sent	30020
1781349798	snap	0	sdk	text	spans_dropped	0
1781349798	snap	0	sdk	text	spans_flushed	30020
1781349798	snap	0	sdk	text	batches_sent	2985
1781349798	snap	0	sdk	text	batches_dropped	0
1781349798	snap	0	sdk	text	send_unavailable	0
1781349798	snap	0	sdk	text	send_deadline	0
1781349798	snap	0	sdk	text	send_exhausted	0
1781349798	snap	0	sdk	text	send_canceled	0
1781349798	snap	0	sdk	text	send_other	0
1781349798	snap	0	sdk	text	buffer_depth	0
0
1781349798	snap	0	sdk	text	cp_received	0
1781349798	snap	0	sdk	text	lp_received	30020
1781349798	snap	0	sdk	text	cp_sent	0
1781349798	snap	0	sdk	text	lp_sent	30020
1781349798	snap	0	sdk	text	cp_dropped	0
1781349798	snap	0	sdk	text	lp_dropped	0
1781349798	snap	0	sdk	uniqueid	spans_received	10004
1781349798	snap	0	sdk	uniqueid	spans_sent	10004
1781349798	snap	0	sdk	uniqueid	spans_dropped	0
1781349798	snap	0	sdk	uniqueid	spans_flushed	10004
1781349798	snap	0	sdk	uniqueid	batches_sent	995
1781349798	snap	0	sdk	uniqueid	batches_dropped	0
1781349798	snap	0	sdk	uniqueid	send_unavailable	0
1781349798	snap	0	sdk	uniqueid	send_deadline	0
1781349798	snap	0	sdk	uniqueid	send_exhausted	0
1781349798	snap	0	sdk	uniqueid	send_canceled	0
1781349798	snap	0	sdk	uniqueid	send_other	0
1781349798	snap	0	sdk	uniqueid	buffer_depth	0
0
1781349798	snap	0	sdk	uniqueid	cp_received	10004
1781349798	snap	0	sdk	uniqueid	lp_received	0
1781349798	snap	0	sdk	uniqueid	cp_sent	10004
1781349798	snap	0	sdk	uniqueid	lp_sent	0
1781349798	snap	0	sdk	uniqueid	cp_dropped	0
1781349798	snap	0	sdk	uniqueid	lp_dropped	0
1781349798	snap	0	sdk	urlshorten	spans_received	10004
1781349798	snap	0	sdk	urlshorten	spans_sent	10004
1781349798	snap	0	sdk	urlshorten	spans_dropped	0
1781349798	snap	0	sdk	urlshorten	spans_flushed	10004
1781349798	snap	0	sdk	urlshorten	batches_sent	995
1781349798	snap	0	sdk	urlshorten	batches_dropped	0
1781349798	snap	0	sdk	urlshorten	send_unavailable	0
1781349798	snap	0	sdk	urlshorten	send_deadline	0
1781349798	snap	0	sdk	urlshorten	send_exhausted	0
1781349798	snap	0	sdk	urlshorten	send_canceled	0
1781349798	snap	0	sdk	urlshorten	send_other	0
1781349798	snap	0	sdk	urlshorten	buffer_depth	0
0
1781349798	snap	0	sdk	urlshorten	cp_received	10004
1781349798	snap	0	sdk	urlshorten	lp_received	0
1781349798	snap	0	sdk	urlshorten	cp_sent	10004
1781349798	snap	0	sdk	urlshorten	lp_sent	0
1781349798	snap	0	sdk	urlshorten	cp_dropped	0
1781349798	snap	0	sdk	urlshorten	lp_dropped	0
1781349798	snap	0	sdk	user	spans_received	11928
1781349798	snap	0	sdk	user	spans_sent	11928
1781349798	snap	0	sdk	user	spans_dropped	0
1781349798	snap	0	sdk	user	spans_flushed	11928
1781349798	snap	0	sdk	user	batches_sent	1006
1781349798	snap	0	sdk	user	batches_dropped	0
1781349798	snap	0	sdk	user	send_unavailable	0
1781349798	snap	0	sdk	user	send_deadline	0
1781349798	snap	0	sdk	user	send_exhausted	0
1781349798	snap	0	sdk	user	send_canceled	0
1781349798	snap	0	sdk	user	send_other	0
1781349798	snap	0	sdk	user	buffer_depth	0
0
1781349798	snap	0	sdk	user	cp_received	10966
1781349798	snap	0	sdk	user	lp_received	962
1781349798	snap	0	sdk	user	cp_sent	10966
1781349798	snap	0	sdk	user	lp_sent	962
1781349798	snap	0	sdk	user	cp_dropped	0
1781349798	snap	0	sdk	user	lp_dropped	0
1781349798	snap	0	sdk	userid	spans_received	75248
1781349798	snap	0	sdk	userid	spans_sent	75248
1781349798	snap	0	sdk	userid	spans_dropped	0
1781349798	snap	0	sdk	userid	spans_flushed	75248
1781349798	snap	0	sdk	userid	batches_sent	247
1781349798	snap	0	sdk	userid	batches_dropped	0
1781349798	snap	0	sdk	userid	send_unavailable	0
1781349798	snap	0	sdk	userid	send_deadline	0
1781349798	snap	0	sdk	userid	send_exhausted	0
1781349798	snap	0	sdk	userid	send_canceled	0
1781349798	snap	0	sdk	userid	send_other	0
1781349798	snap	0	sdk	userid	buffer_depth	0
0
1781349798	snap	0	sdk	userid	cp_received	75248
1781349798	snap	0	sdk	userid	lp_received	0
1781349798	snap	0	sdk	userid	cp_sent	75248
1781349798	snap	0	sdk	userid	lp_sent	0
1781349798	snap	0	sdk	userid	cp_dropped	0
1781349798	snap	0	sdk	userid	lp_dropped	0
1781349798	snap	0	sdk	usermention	spans_received	10004
1781349798	snap	0	sdk	usermention	spans_sent	10004
1781349798	snap	0	sdk	usermention	spans_dropped	0
1781349798	snap	0	sdk	usermention	spans_flushed	10004
1781349798	snap	0	sdk	usermention	batches_sent	995
1781349798	snap	0	sdk	usermention	batches_dropped	0
1781349798	snap	0	sdk	usermention	send_unavailable	0
1781349798	snap	0	sdk	usermention	send_deadline	0
1781349798	snap	0	sdk	usermention	send_exhausted	0
1781349798	snap	0	sdk	usermention	send_canceled	0
1781349798	snap	0	sdk	usermention	send_other	0
1781349798	snap	0	sdk	usermention	buffer_depth	0
0
1781349798	snap	0	sdk	usermention	cp_received	10004
1781349798	snap	0	sdk	usermention	lp_received	0
1781349798	snap	0	sdk	usermention	cp_sent	10004
1781349798	snap	0	sdk	usermention	lp_sent	0
1781349798	snap	0	sdk	usermention	cp_dropped	0
1781349798	snap	0	sdk	usermention	lp_dropped	0
1781349798	snap	0	sdk	usertimeline	spans_received	10000
1781349798	snap	0	sdk	usertimeline	spans_sent	10000
1781349798	snap	0	sdk	usertimeline	spans_dropped	0
1781349798	snap	0	sdk	usertimeline	spans_flushed	10000
1781349798	snap	0	sdk	usertimeline	batches_sent	994
1781349798	snap	0	sdk	usertimeline	batches_dropped	0
1781349798	snap	0	sdk	usertimeline	send_unavailable	0
1781349798	snap	0	sdk	usertimeline	send_deadline	0
1781349798	snap	0	sdk	usertimeline	send_exhausted	0
1781349798	snap	0	sdk	usertimeline	send_canceled	0
1781349798	snap	0	sdk	usertimeline	send_other	0
1781349798	snap	0	sdk	usertimeline	buffer_depth	0
0
1781349798	snap	0	sdk	usertimeline	cp_received	10000
1781349798	snap	0	sdk	usertimeline	lp_received	0
1781349798	snap	0	sdk	usertimeline	cp_sent	10000
1781349798	snap	0	sdk	usertimeline	lp_sent	0
1781349798	snap	0	sdk	usertimeline	cp_dropped	0
1781349798	snap	0	sdk	usertimeline	lp_dropped	0
1781349805	snap	2000	otelcol	otelcol-sb-esrev0-ctr-hj4v4	otelcol_process_uptime	181
1781349805	snap	2000	otelcol	otelcol-sb-esrev0-ctr-hj4v4	otelcol_exporter_sent_spans	30508
1781349805	snap	2000	otelcol	otelcol-sb-esrev0-ctr-hj4v4	otelcol_process_runtime_total_sys_memory_bytes	75606296
1781349805	snap	2000	otelcol	otelcol-sb-esrev0-ctr-hj4v4	otelcol_process_runtime_total_alloc_bytes	142434632
1781349805	snap	2000	otelcol	otelcol-sb-esrev0-ctr-hj4v4	otelcol_exporter_queue_capacity	1001
1781349805	snap	2000	otelcol	otelcol-sb-esrev0-ctr-hj4v4	otelcol_receiver_failed_spans	0
1781349805	snap	2000	otelcol	otelcol-sb-esrev0-ctr-hj4v4	otelcol_processor_batch_metadata_cardinality	1
1781349805	snap	2000	otelcol	otelcol-sb-esrev0-ctr-hj4v4	otelcol_processor_batch_batch_send_size_sum	30508
1781349805	snap	2000	otelcol	otelcol-sb-esrev0-ctr-hj4v4	otelcol_receiver_refused_spans	0
1781349805	snap	2000	otelcol	otelcol-sb-esrev0-ctr-hj4v4	otelcol_processor_batch_timeout_trigger_send	663
1781349805	snap	2000	otelcol	otelcol-sb-esrev0-ctr-hj4v4	otelcol_exporter_send_failed_spans	0
1781349805	snap	2000	otelcol	otelcol-sb-esrev0-ctr-hj4v4	otelcol_exporter_queue_size	0
1781349805	snap	2000	otelcol	otelcol-sb-esrev0-ctr-hj4v4	otelcol_exporter_queue_batch_send_size_sum	30508
1781349805	snap	2000	otelcol	otelcol-sb-esrev0-ctr-hj4v4	otelcol_processor_incoming_items	30508
1781349805	snap	2000	otelcol	otelcol-sb-esrev0-ctr-hj4v4	otelcol_process_runtime_heap_alloc_bytes	43367856
1781349805	snap	2000	otelcol	otelcol-sb-esrev0-ctr-hj4v4	otelcol_process_memory_rss	210415616
1781349805	snap	2000	otelcol	otelcol-sb-esrev0-ctr-hj4v4	otelcol_receiver_accepted_spans	30508
1781349805	snap	2000	otelcol	otelcol-sb-esrev0-ctr-hj4v4	otelcol_processor_outgoing_items	30508
1781349805	snap	2000	otelcol	otelcol-sb-esrev0-ctr-hj4v4	otelcol_process_cpu_seconds	6
1781349805	snap	2000	otelcol	otelcol-sb-esrev0-ctr-bgnq8	otelcol_processor_batch_batch_send_size_sum	22801
1781349805	snap	2000	otelcol	otelcol-sb-esrev0-ctr-bgnq8	otelcol_exporter_sent_spans	22801
1781349805	snap	2000	otelcol	otelcol-sb-esrev0-ctr-bgnq8	otelcol_processor_batch_metadata_cardinality	1
1781349805	snap	2000	otelcol	otelcol-sb-esrev0-ctr-bgnq8	otelcol_receiver_accepted_spans	22801
1781349805	snap	2000	otelcol	otelcol-sb-esrev0-ctr-bgnq8	otelcol_process_uptime	184
1781349805	snap	2000	otelcol	otelcol-sb-esrev0-ctr-bgnq8	otelcol_process_memory_rss	208044032
1781349805	snap	2000	otelcol	otelcol-sb-esrev0-ctr-bgnq8	otelcol_exporter_queue_size	0
1781349805	snap	2000	otelcol	otelcol-sb-esrev0-ctr-bgnq8	otelcol_processor_incoming_items	22801
1781349805	snap	2000	otelcol	otelcol-sb-esrev0-ctr-bgnq8	otelcol_exporter_queue_capacity	1001
1781349805	snap	2000	otelcol	otelcol-sb-esrev0-ctr-bgnq8	otelcol_processor_batch_timeout_trigger_send	664
1781349805	snap	2000	otelcol	otelcol-sb-esrev0-ctr-bgnq8	otelcol_process_runtime_total_alloc_bytes	125560408
1781349805	snap	2000	otelcol	otelcol-sb-esrev0-ctr-bgnq8	otelcol_receiver_refused_spans	0
1781349805	snap	2000	otelcol	otelcol-sb-esrev0-ctr-bgnq8	otelcol_process_runtime_total_sys_memory_bytes	75540760
1781349805	snap	2000	otelcol	otelcol-sb-esrev0-ctr-bgnq8	otelcol_receiver_failed_spans	0
1781349805	snap	2000	otelcol	otelcol-sb-esrev0-ctr-bgnq8	otelcol_process_runtime_heap_alloc_bytes	26353984
1781349805	snap	2000	otelcol	otelcol-sb-esrev0-ctr-bgnq8	otelcol_exporter_send_failed_spans	0
1781349805	snap	2000	otelcol	otelcol-sb-esrev0-ctr-bgnq8	otelcol_processor_outgoing_items	22801
1781349805	snap	2000	otelcol	otelcol-sb-esrev0-ctr-bgnq8	otelcol_process_cpu_seconds	5
1781349805	snap	2000	otelcol	otelcol-sb-esrev0-ctr-bgnq8	otelcol_exporter_queue_batch_send_size_sum	22801
1781349805	snap	2000	otelcol	otelcol-sb-esrev0-ctr-vb2mk	otelcol_process_uptime	184
1781349805	snap	2000	otelcol	otelcol-sb-esrev0-ctr-vb2mk	otelcol_process_memory_rss	205725696
1781349805	snap	2000	otelcol	otelcol-sb-esrev0-ctr-vb2mk	otelcol_exporter_send_failed_spans	0
1781349805	snap	2000	otelcol	otelcol-sb-esrev0-ctr-vb2mk	otelcol_receiver_accepted_spans	20498
1781349805	snap	2000	otelcol	otelcol-sb-esrev0-ctr-vb2mk	otelcol_process_runtime_total_sys_memory_bytes	71608600
1781349805	snap	2000	otelcol	otelcol-sb-esrev0-ctr-vb2mk	otelcol_exporter_queue_batch_send_size_sum	20498
1781349805	snap	2000	otelcol	otelcol-sb-esrev0-ctr-vb2mk	otelcol_process_cpu_seconds	5
1781349805	snap	2000	otelcol	otelcol-sb-esrev0-ctr-vb2mk	otelcol_process_runtime_heap_alloc_bytes	38321144
1781349805	snap	2000	otelcol	otelcol-sb-esrev0-ctr-vb2mk	otelcol_exporter_sent_spans	20498
1781349805	snap	2000	otelcol	otelcol-sb-esrev0-ctr-vb2mk	otelcol_exporter_queue_capacity	1001
1781349805	snap	2000	otelcol	otelcol-sb-esrev0-ctr-vb2mk	otelcol_receiver_refused_spans	0
1781349805	snap	2000	otelcol	otelcol-sb-esrev0-ctr-vb2mk	otelcol_processor_incoming_items	20498
1781349805	snap	2000	otelcol	otelcol-sb-esrev0-ctr-vb2mk	otelcol_processor_outgoing_items	20498
1781349805	snap	2000	otelcol	otelcol-sb-esrev0-ctr-vb2mk	otelcol_exporter_queue_size	0
1781349805	snap	2000	otelcol	otelcol-sb-esrev0-ctr-vb2mk	otelcol_processor_batch_metadata_cardinality	1
1781349805	snap	2000	otelcol	otelcol-sb-esrev0-ctr-vb2mk	otelcol_receiver_failed_spans	0
1781349805	snap	2000	otelcol	otelcol-sb-esrev0-ctr-vb2mk	otelcol_processor_batch_timeout_trigger_send	659
1781349805	snap	2000	otelcol	otelcol-sb-esrev0-ctr-vb2mk	otelcol_processor_batch_batch_send_size_sum	20498
1781349805	snap	2000	otelcol	otelcol-sb-esrev0-ctr-vb2mk	otelcol_process_runtime_total_alloc_bytes	115332456
1781349805	snap	2000	otelcol	otelcol-sb-esrev0-ctr-j6v9t	otelcol_processor_incoming_items	110528
1781349805	snap	2000	otelcol	otelcol-sb-esrev0-ctr-j6v9t	otelcol_process_cpu_seconds	9
1781349805	snap	2000	otelcol	otelcol-sb-esrev0-ctr-j6v9t	otelcol_process_uptime	182
1781349805	snap	2000	otelcol	otelcol-sb-esrev0-ctr-j6v9t	otelcol_process_runtime_heap_alloc_bytes	37179832
1781349805	snap	2000	otelcol	otelcol-sb-esrev0-ctr-j6v9t	otelcol_exporter_sent_spans	110528
1781349805	snap	2000	otelcol	otelcol-sb-esrev0-ctr-j6v9t	otelcol_exporter_send_failed_spans	0
1781349805	snap	2000	otelcol	otelcol-sb-esrev0-ctr-j6v9t	otelcol_receiver_failed_spans	0
1781349805	snap	2000	otelcol	otelcol-sb-esrev0-ctr-j6v9t	otelcol_processor_outgoing_items	110528
1781349805	snap	2000	otelcol	otelcol-sb-esrev0-ctr-j6v9t	otelcol_processor_batch_batch_send_size_sum	110528
1781349805	snap	2000	otelcol	otelcol-sb-esrev0-ctr-j6v9t	otelcol_process_runtime_total_sys_memory_bytes	84945176
1781349805	snap	2000	otelcol	otelcol-sb-esrev0-ctr-j6v9t	otelcol_process_runtime_total_alloc_bytes	317292928
1781349805	snap	2000	otelcol	otelcol-sb-esrev0-ctr-j6v9t	otelcol_processor_batch_metadata_cardinality	1
1781349805	snap	2000	otelcol	otelcol-sb-esrev0-ctr-j6v9t	otelcol_processor_batch_timeout_trigger_send	662
1781349805	snap	2000	otelcol	otelcol-sb-esrev0-ctr-j6v9t	otelcol_exporter_queue_size	0
1781349805	snap	2000	otelcol	otelcol-sb-esrev0-ctr-j6v9t	otelcol_receiver_accepted_spans	110528
1781349805	snap	2000	otelcol	otelcol-sb-esrev0-ctr-j6v9t	otelcol_process_memory_rss	218497024
1781349805	snap	2000	otelcol	otelcol-sb-esrev0-ctr-j6v9t	otelcol_receiver_refused_spans	0
1781349805	snap	2000	otelcol	otelcol-sb-esrev0-ctr-j6v9t	otelcol_exporter_queue_capacity	1001
1781349805	snap	2000	otelcol	otelcol-sb-esrev0-ctr-j6v9t	otelcol_exporter_queue_batch_send_size_sum	110528
1781349805	snap	2000	otelcol	otelcol-sb-esrev0-ctr-5tpmc	otelcol_processor_batch_timeout_trigger_send	667
1781349805	snap	2000	otelcol	otelcol-sb-esrev0-ctr-5tpmc	otelcol_process_runtime_heap_alloc_bytes	33705312
1781349805	snap	2000	otelcol	otelcol-sb-esrev0-ctr-5tpmc	otelcol_processor_outgoing_items	127763
1781349805	snap	2000	otelcol	otelcol-sb-esrev0-ctr-5tpmc	otelcol_receiver_accepted_spans	127763
1781349805	snap	2000	otelcol	otelcol-sb-esrev0-ctr-5tpmc	otelcol_process_uptime	182
1781349805	snap	2000	otelcol	otelcol-sb-esrev0-ctr-5tpmc	otelcol_process_runtime_total_alloc_bytes	211484120
1781349805	snap	2000	otelcol	otelcol-sb-esrev0-ctr-5tpmc	otelcol_exporter_queue_capacity	1001
1781349805	snap	2000	otelcol	otelcol-sb-esrev0-ctr-5tpmc	otelcol_receiver_refused_spans	0
1781349805	snap	2000	otelcol	otelcol-sb-esrev0-ctr-5tpmc	otelcol_exporter_queue_batch_send_size_sum	127763
1781349805	snap	2000	otelcol	otelcol-sb-esrev0-ctr-5tpmc	otelcol_receiver_failed_spans	0
1781349805	snap	2000	otelcol	otelcol-sb-esrev0-ctr-5tpmc	otelcol_process_cpu_seconds	8
1781349805	snap	2000	otelcol	otelcol-sb-esrev0-ctr-5tpmc	otelcol_processor_batch_batch_send_size_sum	127763
1781349805	snap	2000	otelcol	otelcol-sb-esrev0-ctr-5tpmc	otelcol_exporter_send_failed_spans	0
1781349805	snap	2000	otelcol	otelcol-sb-esrev0-ctr-5tpmc	otelcol_processor_batch_metadata_cardinality	1
1781349805	snap	2000	otelcol	otelcol-sb-esrev0-ctr-5tpmc	otelcol_process_runtime_total_sys_memory_bytes	75925784
1781349805	snap	2000	otelcol	otelcol-sb-esrev0-ctr-5tpmc	otelcol_process_memory_rss	213848064
1781349805	snap	2000	otelcol	otelcol-sb-esrev0-ctr-5tpmc	otelcol_exporter_sent_spans	127763
1781349805	snap	2000	otelcol	otelcol-sb-esrev0-ctr-5tpmc	otelcol_processor_incoming_items	127763
1781349805	snap	2000	otelcol	otelcol-sb-esrev0-ctr-5tpmc	otelcol_exporter_queue_size	0
1781349805	snap	2000	otelcol	otelcol-sb-esrev0-ctr-mg8jm	otelcol_processor_outgoing_items	10471
1781349805	snap	2000	otelcol	otelcol-sb-esrev0-ctr-mg8jm	otelcol_process_memory_rss	204005376
1781349805	snap	2000	otelcol	otelcol-sb-esrev0-ctr-mg8jm	otelcol_exporter_queue_batch_send_size_sum	10471
1781349805	snap	2000	otelcol	otelcol-sb-esrev0-ctr-mg8jm	otelcol_process_runtime_heap_alloc_bytes	39470904
1781349805	snap	2000	otelcol	otelcol-sb-esrev0-ctr-mg8jm	otelcol_receiver_failed_spans	0
1781349805	snap	2000	otelcol	otelcol-sb-esrev0-ctr-mg8jm	otelcol_process_runtime_total_sys_memory_bytes	71346456
1781349805	snap	2000	otelcol	otelcol-sb-esrev0-ctr-mg8jm	otelcol_process_cpu_seconds	7
1781349805	snap	2000	otelcol	otelcol-sb-esrev0-ctr-mg8jm	otelcol_receiver_refused_spans	0
1781349805	snap	2000	otelcol	otelcol-sb-esrev0-ctr-mg8jm	otelcol_processor_batch_batch_send_size_sum	10471
1781349805	snap	2000	otelcol	otelcol-sb-esrev0-ctr-mg8jm	otelcol_process_runtime_total_alloc_bytes	97240976
1781349805	snap	2000	otelcol	otelcol-sb-esrev0-ctr-mg8jm	otelcol_receiver_accepted_spans	10471
1781349805	snap	2000	otelcol	otelcol-sb-esrev0-ctr-mg8jm	otelcol_exporter_send_failed_spans	0
1781349805	snap	2000	otelcol	otelcol-sb-esrev0-ctr-mg8jm	otelcol_processor_batch_metadata_cardinality	1
1781349805	snap	2000	otelcol	otelcol-sb-esrev0-ctr-mg8jm	otelcol_exporter_sent_spans	10471
1781349805	snap	2000	otelcol	otelcol-sb-esrev0-ctr-mg8jm	otelcol_exporter_queue_capacity	1001
1781349805	snap	2000	otelcol	otelcol-sb-esrev0-ctr-mg8jm	otelcol_processor_incoming_items	10471
1781349805	snap	2000	otelcol	otelcol-sb-esrev0-ctr-mg8jm	otelcol_processor_batch_timeout_trigger_send	652
1781349805	snap	2000	otelcol	otelcol-sb-esrev0-ctr-mg8jm	otelcol_process_uptime	176
1781349805	snap	2000	otelcol	otelcol-sb-esrev0-ctr-mg8jm	otelcol_exporter_queue_size	0
1781349805	snap	2000	otelcol	otelcol-sb-esrev0-ctr-bxzgg	otelcol_exporter_queue_capacity	1001
1781349805	snap	2000	otelcol	otelcol-sb-esrev0-ctr-bxzgg	otelcol_processor_batch_metadata_cardinality	1
1781349805	snap	2000	otelcol	otelcol-sb-esrev0-ctr-bxzgg	otelcol_processor_batch_timeout_trigger_send	661
1781349805	snap	2000	otelcol	otelcol-sb-esrev0-ctr-bxzgg	otelcol_processor_incoming_items	20863
1781349805	snap	2000	otelcol	otelcol-sb-esrev0-ctr-bxzgg	otelcol_exporter_queue_batch_send_size_sum	20863
1781349805	snap	2000	otelcol	otelcol-sb-esrev0-ctr-bxzgg	otelcol_process_memory_rss	202924032
1781349805	snap	2000	otelcol	otelcol-sb-esrev0-ctr-bxzgg	otelcol_exporter_send_failed_spans	0
1781349805	snap	2000	otelcol	otelcol-sb-esrev0-ctr-bxzgg	otelcol_processor_outgoing_items	20863
1781349805	snap	2000	otelcol	otelcol-sb-esrev0-ctr-bxzgg	otelcol_process_cpu_seconds	5
1781349805	snap	2000	otelcol	otelcol-sb-esrev0-ctr-bxzgg	otelcol_process_uptime	182
1781349805	snap	2000	otelcol	otelcol-sb-esrev0-ctr-bxzgg	otelcol_process_runtime_total_alloc_bytes	113165920
1781349805	snap	2000	otelcol	otelcol-sb-esrev0-ctr-bxzgg	otelcol_processor_batch_batch_send_size_sum	20863
1781349805	snap	2000	otelcol	otelcol-sb-esrev0-ctr-bxzgg	otelcol_process_runtime_total_sys_memory_bytes	70805784
1781349805	snap	2000	otelcol	otelcol-sb-esrev0-ctr-bxzgg	otelcol_process_runtime_heap_alloc_bytes	38316160
1781349805	snap	2000	otelcol	otelcol-sb-esrev0-ctr-bxzgg	otelcol_receiver_refused_spans	0
1781349805	snap	2000	otelcol	otelcol-sb-esrev0-ctr-bxzgg	otelcol_receiver_failed_spans	0
1781349805	snap	2000	otelcol	otelcol-sb-esrev0-ctr-bxzgg	otelcol_exporter_sent_spans	20863
1781349805	snap	2000	otelcol	otelcol-sb-esrev0-ctr-bxzgg	otelcol_receiver_accepted_spans	20863
1781349805	snap	2000	otelcol	otelcol-sb-esrev0-ctr-bxzgg	otelcol_exporter_queue_size	0
1781349805	snap	2000	otelcol	otelcol-sb-esrev0-ctr-8ncml	otelcol_processor_outgoing_items	20504
1781349805	snap	2000	otelcol	otelcol-sb-esrev0-ctr-8ncml	otelcol_process_cpu_seconds	5
1781349805	snap	2000	otelcol	otelcol-sb-esrev0-ctr-8ncml	otelcol_process_uptime	183
1781349805	snap	2000	otelcol	otelcol-sb-esrev0-ctr-8ncml	otelcol_exporter_queue_batch_send_size_sum	20504
1781349805	snap	2000	otelcol	otelcol-sb-esrev0-ctr-8ncml	otelcol_receiver_failed_spans	0
1781349805	snap	2000	otelcol	otelcol-sb-esrev0-ctr-8ncml	otelcol_receiver_refused_spans	0
1781349805	snap	2000	otelcol	otelcol-sb-esrev0-ctr-8ncml	otelcol_process_runtime_heap_alloc_bytes	38812584
1781349805	snap	2000	otelcol	otelcol-sb-esrev0-ctr-8ncml	otelcol_processor_batch_batch_send_size_sum	20504
1781349805	snap	2000	otelcol	otelcol-sb-esrev0-ctr-8ncml	otelcol_process_runtime_total_sys_memory_bytes	71067928
1781349805	snap	2000	otelcol	otelcol-sb-esrev0-ctr-8ncml	otelcol_exporter_sent_spans	20504
1781349805	snap	2000	otelcol	otelcol-sb-esrev0-ctr-8ncml	otelcol_exporter_queue_size	0
1781349805	snap	2000	otelcol	otelcol-sb-esrev0-ctr-8ncml	otelcol_exporter_send_failed_spans	0
1781349805	snap	2000	otelcol	otelcol-sb-esrev0-ctr-8ncml	otelcol_receiver_accepted_spans	20504
1781349805	snap	2000	otelcol	otelcol-sb-esrev0-ctr-8ncml	otelcol_processor_batch_metadata_cardinality	1
1781349805	snap	2000	otelcol	otelcol-sb-esrev0-ctr-8ncml	otelcol_processor_incoming_items	20504
1781349805	snap	2000	otelcol	otelcol-sb-esrev0-ctr-8ncml	otelcol_processor_batch_timeout_trigger_send	662
1781349805	snap	2000	otelcol	otelcol-sb-esrev0-ctr-8ncml	otelcol_exporter_queue_capacity	1001
1781349805	snap	2000	otelcol	otelcol-sb-esrev0-ctr-8ncml	otelcol_process_runtime_total_alloc_bytes	117994952
1781349805	snap	2000	otelcol	otelcol-sb-esrev0-ctr-8ncml	otelcol_process_memory_rss	207036416
1781349805	snap	2000	otelcol	otelcol-sb-esrev0-ctr-t4pj5	otelcol_exporter_send_failed_spans	0
1781349805	snap	2000	otelcol	otelcol-sb-esrev0-ctr-t4pj5	otelcol_exporter_queue_size	0
1781349805	snap	2000	otelcol	otelcol-sb-esrev0-ctr-t4pj5	otelcol_processor_incoming_items	134314
1781349805	snap	2000	otelcol	otelcol-sb-esrev0-ctr-t4pj5	otelcol_processor_outgoing_items	131116
1781349805	snap	2000	otelcol	otelcol-sb-esrev0-ctr-t4pj5	otelcol_process_runtime_total_sys_memory_bytes	83929368
1781349805	snap	2000	otelcol	otelcol-sb-esrev0-ctr-t4pj5	otelcol_processor_batch_metadata_cardinality	1
1781349805	snap	2000	otelcol	otelcol-sb-esrev0-ctr-t4pj5	otelcol_processor_batch_timeout_trigger_send	660
1781349805	snap	2000	otelcol	otelcol-sb-esrev0-ctr-t4pj5	otelcol_process_memory_rss	212414464
1781349805	snap	2000	otelcol	otelcol-sb-esrev0-ctr-t4pj5	otelcol_exporter_queue_batch_send_size_sum	131116
1781349805	snap	2000	otelcol	otelcol-sb-esrev0-ctr-t4pj5	otelcol_receiver_failed_spans	0
1781349805	snap	2000	otelcol	otelcol-sb-esrev0-ctr-t4pj5	otelcol_process_cpu_seconds	6
1781349805	snap	2000	otelcol	otelcol-sb-esrev0-ctr-t4pj5	otelcol_receiver_accepted_spans	131116
1781349805	snap	2000	otelcol	otelcol-sb-esrev0-ctr-t4pj5	otelcol_process_runtime_heap_alloc_bytes	41533888
1781349805	snap	2000	otelcol	otelcol-sb-esrev0-ctr-t4pj5	otelcol_exporter_sent_spans	131116
1781349805	snap	2000	otelcol	otelcol-sb-esrev0-ctr-t4pj5	otelcol_processor_batch_batch_send_size_sum	131116
1781349805	snap	2000	otelcol	otelcol-sb-esrev0-ctr-t4pj5	otelcol_process_uptime	187
1781349805	snap	2000	otelcol	otelcol-sb-esrev0-ctr-t4pj5	otelcol_process_runtime_total_alloc_bytes	182218160
1781349805	snap	2000	otelcol	otelcol-sb-esrev0-ctr-t4pj5	otelcol_exporter_queue_capacity	1001
1781349805	snap	2000	otelcol	otelcol-sb-esrev0-ctr-t4pj5	otelcol_receiver_refused_spans	3198
1781349805	snap	2000	k8s	otelcol-sb-esrev0-ctr-5tpmc	restart_count	0
1781349805	snap	2000	k8s	otelcol-sb-esrev0-ctr-8ncml	restart_count	0
1781349805	snap	2000	k8s	otelcol-sb-esrev0-ctr-bgnq8	restart_count	0
1781349805	snap	2000	k8s	otelcol-sb-esrev0-ctr-bxzgg	restart_count	0
1781349805	snap	2000	k8s	otelcol-sb-esrev0-ctr-hj4v4	restart_count	0
1781349805	snap	2000	k8s	otelcol-sb-esrev0-ctr-j6v9t	restart_count	0
1781349805	snap	2000	k8s	otelcol-sb-esrev0-ctr-mg8jm	restart_count	0
1781349805	snap	2000	k8s	otelcol-sb-esrev0-ctr-t4pj5	restart_count	0
1781349805	snap	2000	k8s	otelcol-sb-esrev0-ctr-vb2mk	restart_count	0
1781349805	snap	2000	sdk	wrk2api	spans_received	10494
1781349805	snap	2000	sdk	wrk2api	spans_sent	10494
1781349805	snap	2000	sdk	wrk2api	spans_dropped	0
1781349805	snap	2000	sdk	wrk2api	spans_flushed	10494
1781349805	snap	2000	sdk	wrk2api	batches_sent	2470
1781349805	snap	2000	sdk	wrk2api	batches_dropped	0
1781349805	snap	2000	sdk	wrk2api	send_unavailable	0
1781349805	snap	2000	sdk	wrk2api	send_deadline	0
1781349805	snap	2000	sdk	wrk2api	send_exhausted	0
1781349805	snap	2000	sdk	wrk2api	send_canceled	0
1781349805	snap	2000	sdk	wrk2api	send_other	0
1781349805	snap	2000	sdk	wrk2api	buffer_depth	0
0
1781349805	snap	2000	sdk	wrk2api	cp_received	5247
1781349805	snap	2000	sdk	wrk2api	lp_received	5247
1781349805	snap	2000	sdk	wrk2api	cp_sent	5247
1781349805	snap	2000	sdk	wrk2api	lp_sent	5247
1781349805	snap	2000	sdk	wrk2api	cp_dropped	0
1781349805	snap	2000	sdk	wrk2api	lp_dropped	0
1781349805	snap	2000	sdk	composepost	spans_received	80028
1781349805	snap	2000	sdk	composepost	spans_sent	80028
1781349805	snap	2000	sdk	composepost	spans_dropped	0
1781349805	snap	2000	sdk	composepost	spans_flushed	80028
1781349805	snap	2000	sdk	composepost	batches_sent	7957
1781349805	snap	2000	sdk	composepost	batches_dropped	0
1781349805	snap	2000	sdk	composepost	send_unavailable	0
1781349805	snap	2000	sdk	composepost	send_deadline	0
1781349805	snap	2000	sdk	composepost	send_exhausted	0
1781349805	snap	2000	sdk	composepost	send_canceled	0
1781349805	snap	2000	sdk	composepost	send_other	0
1781349805	snap	2000	sdk	composepost	buffer_depth	0
0
1781349805	snap	2000	sdk	composepost	cp_received	70024
1781349805	snap	2000	sdk	composepost	lp_received	10004
1781349805	snap	2000	sdk	composepost	cp_sent	70024
1781349805	snap	2000	sdk	composepost	lp_sent	10004
1781349805	snap	2000	sdk	composepost	cp_dropped	0
1781349805	snap	2000	sdk	composepost	lp_dropped	0
1781349805	snap	2000	sdk	hometimeline	spans_received	20000
1781349805	snap	2000	sdk	hometimeline	spans_sent	20000
1781349805	snap	2000	sdk	hometimeline	spans_dropped	0
1781349805	snap	2000	sdk	hometimeline	spans_flushed	20000
1781349805	snap	2000	sdk	hometimeline	batches_sent	1990
1781349805	snap	2000	sdk	hometimeline	batches_dropped	0
1781349805	snap	2000	sdk	hometimeline	send_unavailable	0
1781349805	snap	2000	sdk	hometimeline	send_deadline	0
1781349805	snap	2000	sdk	hometimeline	send_exhausted	0
1781349805	snap	2000	sdk	hometimeline	send_canceled	0
1781349805	snap	2000	sdk	hometimeline	send_other	0
1781349805	snap	2000	sdk	hometimeline	buffer_depth	0
0
1781349805	snap	2000	sdk	hometimeline	cp_received	0
1781349805	snap	2000	sdk	hometimeline	lp_received	20000
1781349805	snap	2000	sdk	hometimeline	cp_sent	0
1781349805	snap	2000	sdk	hometimeline	lp_sent	20000
1781349805	snap	2000	sdk	hometimeline	cp_dropped	0
1781349805	snap	2000	sdk	hometimeline	lp_dropped	0
1781349805	snap	2000	sdk	media	spans_received	10004
1781349805	snap	2000	sdk	media	spans_sent	10004
1781349805	snap	2000	sdk	media	spans_dropped	0
1781349805	snap	2000	sdk	media	spans_flushed	10004
1781349805	snap	2000	sdk	media	batches_sent	996
1781349805	snap	2000	sdk	media	batches_dropped	0
1781349805	snap	2000	sdk	media	send_unavailable	0
1781349805	snap	2000	sdk	media	send_deadline	0
1781349805	snap	2000	sdk	media	send_exhausted	0
1781349805	snap	2000	sdk	media	send_canceled	0
1781349805	snap	2000	sdk	media	send_other	0
1781349805	snap	2000	sdk	media	buffer_depth	0
0
1781349805	snap	2000	sdk	media	cp_received	10004
1781349805	snap	2000	sdk	media	lp_received	0
1781349805	snap	2000	sdk	media	cp_sent	10004
1781349805	snap	2000	sdk	media	lp_sent	0
1781349805	snap	2000	sdk	media	cp_dropped	0
1781349805	snap	2000	sdk	media	lp_dropped	0
1781349805	snap	2000	sdk	post-storage	spans_received	10000
1781349805	snap	2000	sdk	post-storage	spans_sent	10000
1781349805	snap	2000	sdk	post-storage	spans_dropped	0
1781349805	snap	2000	sdk	post-storage	spans_flushed	10000
1781349805	snap	2000	sdk	post-storage	batches_sent	994
1781349805	snap	2000	sdk	post-storage	batches_dropped	0
1781349805	snap	2000	sdk	post-storage	send_unavailable	0
1781349805	snap	2000	sdk	post-storage	send_deadline	0
1781349805	snap	2000	sdk	post-storage	send_exhausted	0
1781349805	snap	2000	sdk	post-storage	send_canceled	0
1781349805	snap	2000	sdk	post-storage	send_other	0
1781349805	snap	2000	sdk	post-storage	buffer_depth	0
0
1781349805	snap	2000	sdk	post-storage	cp_received	10000
1781349805	snap	2000	sdk	post-storage	lp_received	0
1781349805	snap	2000	sdk	post-storage	cp_sent	10000
1781349805	snap	2000	sdk	post-storage	lp_sent	0
1781349805	snap	2000	sdk	post-storage	cp_dropped	0
1781349805	snap	2000	sdk	post-storage	lp_dropped	0
1781349805	snap	2000	sdk	socialgraph	spans_received	123834
1781349805	snap	2000	sdk	socialgraph	spans_sent	121012
1781349805	snap	2000	sdk	socialgraph	spans_dropped	2822
1781349805	snap	2000	sdk	socialgraph	spans_flushed	123834
1781349805	snap	2000	sdk	socialgraph	batches_sent	1467
1781349805	snap	2000	sdk	socialgraph	batches_dropped	14
1781349805	snap	2000	sdk	socialgraph	send_unavailable	14
1781349805	snap	2000	sdk	socialgraph	send_deadline	0
1781349805	snap	2000	sdk	socialgraph	send_exhausted	0
1781349805	snap	2000	sdk	socialgraph	send_canceled	0
1781349805	snap	2000	sdk	socialgraph	send_other	0
1781349805	snap	2000	sdk	socialgraph	buffer_depth	0
0
1781349805	snap	2000	sdk	socialgraph	cp_received	86210
1781349805	snap	2000	sdk	socialgraph	lp_received	37624
1781349805	snap	2000	sdk	socialgraph	cp_sent	86210
1781349805	snap	2000	sdk	socialgraph	lp_sent	34802
1781349805	snap	2000	sdk	socialgraph	cp_dropped	0
1781349805	snap	2000	sdk	socialgraph	lp_dropped	2822
1781349805	snap	2000	sdk	text	spans_received	30020
1781349805	snap	2000	sdk	text	spans_sent	30020
1781349805	snap	2000	sdk	text	spans_dropped	0
1781349805	snap	2000	sdk	text	spans_flushed	30020
1781349805	snap	2000	sdk	text	batches_sent	2985
1781349805	snap	2000	sdk	text	batches_dropped	0
1781349805	snap	2000	sdk	text	send_unavailable	0
1781349805	snap	2000	sdk	text	send_deadline	0
1781349805	snap	2000	sdk	text	send_exhausted	0
1781349805	snap	2000	sdk	text	send_canceled	0
1781349805	snap	2000	sdk	text	send_other	0
1781349805	snap	2000	sdk	text	buffer_depth	0
0
1781349805	snap	2000	sdk	text	cp_received	0
1781349805	snap	2000	sdk	text	lp_received	30020
1781349805	snap	2000	sdk	text	cp_sent	0
1781349805	snap	2000	sdk	text	lp_sent	30020
1781349805	snap	2000	sdk	text	cp_dropped	0
1781349805	snap	2000	sdk	text	lp_dropped	0
1781349805	snap	2000	sdk	uniqueid	spans_received	10004
1781349805	snap	2000	sdk	uniqueid	spans_sent	10004
1781349805	snap	2000	sdk	uniqueid	spans_dropped	0
1781349805	snap	2000	sdk	uniqueid	spans_flushed	10004
1781349805	snap	2000	sdk	uniqueid	batches_sent	995
1781349805	snap	2000	sdk	uniqueid	batches_dropped	0
1781349805	snap	2000	sdk	uniqueid	send_unavailable	0
1781349805	snap	2000	sdk	uniqueid	send_deadline	0
1781349805	snap	2000	sdk	uniqueid	send_exhausted	0
1781349805	snap	2000	sdk	uniqueid	send_canceled	0
1781349805	snap	2000	sdk	uniqueid	send_other	0
1781349805	snap	2000	sdk	uniqueid	buffer_depth	0
0
1781349805	snap	2000	sdk	uniqueid	cp_received	10004
1781349805	snap	2000	sdk	uniqueid	lp_received	0
1781349805	snap	2000	sdk	uniqueid	cp_sent	10004
1781349805	snap	2000	sdk	uniqueid	lp_sent	0
1781349805	snap	2000	sdk	uniqueid	cp_dropped	0
1781349805	snap	2000	sdk	uniqueid	lp_dropped	0
1781349805	snap	2000	sdk	urlshorten	spans_received	10004
1781349805	snap	2000	sdk	urlshorten	spans_sent	10004
1781349805	snap	2000	sdk	urlshorten	spans_dropped	0
1781349805	snap	2000	sdk	urlshorten	spans_flushed	10004
1781349805	snap	2000	sdk	urlshorten	batches_sent	995
1781349805	snap	2000	sdk	urlshorten	batches_dropped	0
1781349805	snap	2000	sdk	urlshorten	send_unavailable	0
1781349805	snap	2000	sdk	urlshorten	send_deadline	0
1781349805	snap	2000	sdk	urlshorten	send_exhausted	0
1781349805	snap	2000	sdk	urlshorten	send_canceled	0
1781349805	snap	2000	sdk	urlshorten	send_other	0
1781349805	snap	2000	sdk	urlshorten	buffer_depth	0
0
1781349805	snap	2000	sdk	urlshorten	cp_received	10004
1781349805	snap	2000	sdk	urlshorten	lp_received	0
1781349805	snap	2000	sdk	urlshorten	cp_sent	10004
1781349805	snap	2000	sdk	urlshorten	lp_sent	0
1781349805	snap	2000	sdk	urlshorten	cp_dropped	0
1781349805	snap	2000	sdk	urlshorten	lp_dropped	0
1781349805	snap	2000	sdk	user	spans_received	11928
1781349805	snap	2000	sdk	user	spans_sent	11928
1781349805	snap	2000	sdk	user	spans_dropped	0
1781349805	snap	2000	sdk	user	spans_flushed	11928
1781349805	snap	2000	sdk	user	batches_sent	1006
1781349805	snap	2000	sdk	user	batches_dropped	0
1781349805	snap	2000	sdk	user	send_unavailable	0
1781349805	snap	2000	sdk	user	send_deadline	0
1781349805	snap	2000	sdk	user	send_exhausted	0
1781349805	snap	2000	sdk	user	send_canceled	0
1781349805	snap	2000	sdk	user	send_other	0
1781349805	snap	2000	sdk	user	buffer_depth	0
0
1781349805	snap	2000	sdk	user	cp_received	10966
1781349805	snap	2000	sdk	user	lp_received	962
1781349805	snap	2000	sdk	user	cp_sent	10966
1781349805	snap	2000	sdk	user	lp_sent	962
1781349805	snap	2000	sdk	user	cp_dropped	0
1781349805	snap	2000	sdk	user	lp_dropped	0
1781349805	snap	2000	sdk	userid	spans_received	75248
1781349805	snap	2000	sdk	userid	spans_sent	75248
1781349805	snap	2000	sdk	userid	spans_dropped	0
1781349805	snap	2000	sdk	userid	spans_flushed	75248
1781349805	snap	2000	sdk	userid	batches_sent	247
1781349805	snap	2000	sdk	userid	batches_dropped	0
1781349805	snap	2000	sdk	userid	send_unavailable	0
1781349805	snap	2000	sdk	userid	send_deadline	0
1781349805	snap	2000	sdk	userid	send_exhausted	0
1781349805	snap	2000	sdk	userid	send_canceled	0
1781349805	snap	2000	sdk	userid	send_other	0
1781349805	snap	2000	sdk	userid	buffer_depth	0
0
1781349805	snap	2000	sdk	userid	cp_received	75248
1781349805	snap	2000	sdk	userid	lp_received	0
1781349805	snap	2000	sdk	userid	cp_sent	75248
1781349805	snap	2000	sdk	userid	lp_sent	0
1781349805	snap	2000	sdk	userid	cp_dropped	0
1781349805	snap	2000	sdk	userid	lp_dropped	0
1781349805	snap	2000	sdk	usermention	spans_received	10004
1781349805	snap	2000	sdk	usermention	spans_sent	10004
1781349805	snap	2000	sdk	usermention	spans_dropped	0
1781349805	snap	2000	sdk	usermention	spans_flushed	10004
1781349805	snap	2000	sdk	usermention	batches_sent	995
1781349805	snap	2000	sdk	usermention	batches_dropped	0
1781349805	snap	2000	sdk	usermention	send_unavailable	0
1781349805	snap	2000	sdk	usermention	send_deadline	0
1781349805	snap	2000	sdk	usermention	send_exhausted	0
1781349805	snap	2000	sdk	usermention	send_canceled	0
1781349805	snap	2000	sdk	usermention	send_other	0
1781349805	snap	2000	sdk	usermention	buffer_depth	0
0
1781349805	snap	2000	sdk	usermention	cp_received	10004
1781349805	snap	2000	sdk	usermention	lp_received	0
1781349805	snap	2000	sdk	usermention	cp_sent	10004
1781349805	snap	2000	sdk	usermention	lp_sent	0
1781349805	snap	2000	sdk	usermention	cp_dropped	0
1781349805	snap	2000	sdk	usermention	lp_dropped	0
1781349805	snap	2000	sdk	usertimeline	spans_received	10000
1781349805	snap	2000	sdk	usertimeline	spans_sent	10000
1781349805	snap	2000	sdk	usertimeline	spans_dropped	0
1781349805	snap	2000	sdk	usertimeline	spans_flushed	10000
1781349805	snap	2000	sdk	usertimeline	batches_sent	994
1781349805	snap	2000	sdk	usertimeline	batches_dropped	0
1781349805	snap	2000	sdk	usertimeline	send_unavailable	0
1781349805	snap	2000	sdk	usertimeline	send_deadline	0
1781349805	snap	2000	sdk	usertimeline	send_exhausted	0
1781349805	snap	2000	sdk	usertimeline	send_canceled	0
1781349805	snap	2000	sdk	usertimeline	send_other	0
1781349805	snap	2000	sdk	usertimeline	buffer_depth	0
0
1781349805	snap	2000	sdk	usertimeline	cp_received	10000
1781349805	snap	2000	sdk	usertimeline	lp_received	0
1781349805	snap	2000	sdk	usertimeline	cp_sent	10000
1781349805	snap	2000	sdk	usertimeline	lp_sent	0
1781349805	snap	2000	sdk	usertimeline	cp_dropped	0
1781349805	snap	2000	sdk	usertimeline	lp_dropped	0
1781349872	snap	2000	otelcol	otelcol-sb-esrev0-ctr-hj4v4	otelcol_process_uptime	249
1781349872	snap	2000	otelcol	otelcol-sb-esrev0-ctr-hj4v4	otelcol_exporter_sent_spans	285353
1781349872	snap	2000	otelcol	otelcol-sb-esrev0-ctr-hj4v4	otelcol_process_runtime_total_sys_memory_bytes	89147672
1781349872	snap	2000	otelcol	otelcol-sb-esrev0-ctr-hj4v4	otelcol_process_runtime_total_alloc_bytes	319380880
1781349872	snap	2000	otelcol	otelcol-sb-esrev0-ctr-hj4v4	otelcol_exporter_queue_capacity	1001
1781349872	snap	2000	otelcol	otelcol-sb-esrev0-ctr-hj4v4	otelcol_receiver_failed_spans	0
1781349872	snap	2000	otelcol	otelcol-sb-esrev0-ctr-hj4v4	otelcol_processor_batch_metadata_cardinality	1
1781349872	snap	2000	otelcol	otelcol-sb-esrev0-ctr-hj4v4	otelcol_processor_batch_batch_send_size_sum	285353
1781349872	snap	2000	otelcol	otelcol-sb-esrev0-ctr-hj4v4	otelcol_receiver_refused_spans	11313
1781349872	snap	2000	otelcol	otelcol-sb-esrev0-ctr-hj4v4	otelcol_processor_batch_timeout_trigger_send	963
1781349872	snap	2000	otelcol	otelcol-sb-esrev0-ctr-hj4v4	otelcol_exporter_send_failed_spans	0
1781349872	snap	2000	otelcol	otelcol-sb-esrev0-ctr-hj4v4	otelcol_exporter_queue_size	0
1781349872	snap	2000	otelcol	otelcol-sb-esrev0-ctr-hj4v4	otelcol_exporter_queue_batch_send_size_sum	285353
1781349872	snap	2000	otelcol	otelcol-sb-esrev0-ctr-hj4v4	otelcol_processor_incoming_items	296666
1781349872	snap	2000	otelcol	otelcol-sb-esrev0-ctr-hj4v4	otelcol_process_runtime_heap_alloc_bytes	37016952
1781349872	snap	2000	otelcol	otelcol-sb-esrev0-ctr-hj4v4	otelcol_process_memory_rss	225587200
1781349872	snap	2000	otelcol	otelcol-sb-esrev0-ctr-hj4v4	otelcol_receiver_accepted_spans	285353
1781349872	snap	2000	otelcol	otelcol-sb-esrev0-ctr-hj4v4	otelcol_processor_outgoing_items	285353
1781349872	snap	2000	otelcol	otelcol-sb-esrev0-ctr-hj4v4	otelcol_process_cpu_seconds	11
1781349872	snap	2000	otelcol	otelcol-sb-esrev0-ctr-bgnq8	otelcol_processor_batch_batch_send_size_sum	169069
1781349872	snap	2000	otelcol	otelcol-sb-esrev0-ctr-bgnq8	otelcol_exporter_sent_spans	169069
1781349872	snap	2000	otelcol	otelcol-sb-esrev0-ctr-bgnq8	otelcol_processor_batch_metadata_cardinality	1
1781349872	snap	2000	otelcol	otelcol-sb-esrev0-ctr-bgnq8	otelcol_receiver_accepted_spans	169069
1781349872	snap	2000	otelcol	otelcol-sb-esrev0-ctr-bgnq8	otelcol_process_uptime	251
1781349872	snap	2000	otelcol	otelcol-sb-esrev0-ctr-bgnq8	otelcol_process_memory_rss	217133056
1781349872	snap	2000	otelcol	otelcol-sb-esrev0-ctr-bgnq8	otelcol_exporter_queue_size	0
1781349872	snap	2000	otelcol	otelcol-sb-esrev0-ctr-bgnq8	otelcol_processor_incoming_items	169069
1781349872	snap	2000	otelcol	otelcol-sb-esrev0-ctr-bgnq8	otelcol_exporter_queue_capacity	1001
1781349872	snap	2000	otelcol	otelcol-sb-esrev0-ctr-bgnq8	otelcol_processor_batch_timeout_trigger_send	964
1781349872	snap	2000	otelcol	otelcol-sb-esrev0-ctr-bgnq8	otelcol_process_runtime_total_alloc_bytes	232055008
1781349872	snap	2000	otelcol	otelcol-sb-esrev0-ctr-bgnq8	otelcol_receiver_refused_spans	0
1781349872	snap	2000	otelcol	otelcol-sb-esrev0-ctr-bgnq8	otelcol_process_runtime_total_sys_memory_bytes	80333080
1781349872	snap	2000	otelcol	otelcol-sb-esrev0-ctr-bgnq8	otelcol_receiver_failed_spans	0
1781349872	snap	2000	otelcol	otelcol-sb-esrev0-ctr-bgnq8	otelcol_process_runtime_heap_alloc_bytes	36874640
1781349872	snap	2000	otelcol	otelcol-sb-esrev0-ctr-bgnq8	otelcol_exporter_send_failed_spans	0
1781349872	snap	2000	otelcol	otelcol-sb-esrev0-ctr-bgnq8	otelcol_processor_outgoing_items	169069
1781349872	snap	2000	otelcol	otelcol-sb-esrev0-ctr-bgnq8	otelcol_process_cpu_seconds	8
1781349872	snap	2000	otelcol	otelcol-sb-esrev0-ctr-bgnq8	otelcol_exporter_queue_batch_send_size_sum	169069
1781349872	snap	2000	otelcol	otelcol-sb-esrev0-ctr-vb2mk	otelcol_process_uptime	251
1781349872	snap	2000	otelcol	otelcol-sb-esrev0-ctr-vb2mk	otelcol_process_memory_rss	215146496
1781349872	snap	2000	otelcol	otelcol-sb-esrev0-ctr-vb2mk	otelcol_exporter_send_failed_spans	0
1781349872	snap	2000	otelcol	otelcol-sb-esrev0-ctr-vb2mk	otelcol_receiver_accepted_spans	166758
1781349872	snap	2000	otelcol	otelcol-sb-esrev0-ctr-vb2mk	otelcol_process_runtime_total_sys_memory_bytes	80390424
1781349872	snap	2000	otelcol	otelcol-sb-esrev0-ctr-vb2mk	otelcol_exporter_queue_batch_send_size_sum	166758
1781349872	snap	2000	otelcol	otelcol-sb-esrev0-ctr-vb2mk	otelcol_process_cpu_seconds	9
1781349872	snap	2000	otelcol	otelcol-sb-esrev0-ctr-vb2mk	otelcol_process_runtime_heap_alloc_bytes	47269864
1781349872	snap	2000	otelcol	otelcol-sb-esrev0-ctr-vb2mk	otelcol_exporter_sent_spans	166758
1781349872	snap	2000	otelcol	otelcol-sb-esrev0-ctr-vb2mk	otelcol_exporter_queue_capacity	1001
1781349872	snap	2000	otelcol	otelcol-sb-esrev0-ctr-vb2mk	otelcol_receiver_refused_spans	0
1781349872	snap	2000	otelcol	otelcol-sb-esrev0-ctr-vb2mk	otelcol_processor_incoming_items	166758
1781349872	snap	2000	otelcol	otelcol-sb-esrev0-ctr-vb2mk	otelcol_processor_outgoing_items	166758
1781349872	snap	2000	otelcol	otelcol-sb-esrev0-ctr-vb2mk	otelcol_exporter_queue_size	0
1781349872	snap	2000	otelcol	otelcol-sb-esrev0-ctr-vb2mk	otelcol_processor_batch_metadata_cardinality	1
1781349872	snap	2000	otelcol	otelcol-sb-esrev0-ctr-vb2mk	otelcol_receiver_failed_spans	0
1781349872	snap	2000	otelcol	otelcol-sb-esrev0-ctr-vb2mk	otelcol_processor_batch_timeout_trigger_send	958
1781349872	snap	2000	otelcol	otelcol-sb-esrev0-ctr-vb2mk	otelcol_processor_batch_batch_send_size_sum	166758
1781349872	snap	2000	otelcol	otelcol-sb-esrev0-ctr-vb2mk	otelcol_process_runtime_total_alloc_bytes	215280088
1781349872	snap	2000	otelcol	otelcol-sb-esrev0-ctr-j6v9t	otelcol_processor_incoming_items	1335784
1781349872	snap	2000	otelcol	otelcol-sb-esrev0-ctr-j6v9t	otelcol_process_cpu_seconds	23
1781349872	snap	2000	otelcol	otelcol-sb-esrev0-ctr-j6v9t	otelcol_process_uptime	249
1781349872	snap	2000	otelcol	otelcol-sb-esrev0-ctr-j6v9t	otelcol_process_runtime_heap_alloc_bytes	38186240
1781349872	snap	2000	otelcol	otelcol-sb-esrev0-ctr-j6v9t	otelcol_exporter_sent_spans	1078776
1781349872	snap	2000	otelcol	otelcol-sb-esrev0-ctr-j6v9t	otelcol_exporter_send_failed_spans	0
1781349872	snap	2000	otelcol	otelcol-sb-esrev0-ctr-j6v9t	otelcol_receiver_failed_spans	0
1781349872	snap	2000	otelcol	otelcol-sb-esrev0-ctr-j6v9t	otelcol_processor_outgoing_items	1078776
1781349872	snap	2000	otelcol	otelcol-sb-esrev0-ctr-j6v9t	otelcol_processor_batch_batch_send_size_sum	1078776
1781349872	snap	2000	otelcol	otelcol-sb-esrev0-ctr-j6v9t	otelcol_process_runtime_total_sys_memory_bytes	101800232
1781349872	snap	2000	otelcol	otelcol-sb-esrev0-ctr-j6v9t	otelcol_process_runtime_total_alloc_bytes	1095840528
1781349872	snap	2000	otelcol	otelcol-sb-esrev0-ctr-j6v9t	otelcol_processor_batch_metadata_cardinality	1
1781349872	snap	2000	otelcol	otelcol-sb-esrev0-ctr-j6v9t	otelcol_processor_batch_timeout_trigger_send	962
1781349872	snap	2000	otelcol	otelcol-sb-esrev0-ctr-j6v9t	otelcol_exporter_queue_size	0
1781349872	snap	2000	otelcol	otelcol-sb-esrev0-ctr-j6v9t	otelcol_receiver_accepted_spans	1078776
1781349872	snap	2000	otelcol	otelcol-sb-esrev0-ctr-j6v9t	otelcol_process_memory_rss	241041408
1781349872	snap	2000	otelcol	otelcol-sb-esrev0-ctr-j6v9t	otelcol_receiver_refused_spans	257008
1781349872	snap	2000	otelcol	otelcol-sb-esrev0-ctr-j6v9t	otelcol_exporter_queue_capacity	1001
1781349872	snap	2000	otelcol	otelcol-sb-esrev0-ctr-j6v9t	otelcol_exporter_queue_batch_send_size_sum	1078776
1781349872	snap	2000	otelcol	otelcol-sb-esrev0-ctr-5tpmc	otelcol_processor_batch_timeout_trigger_send	967
1781349872	snap	2000	otelcol	otelcol-sb-esrev0-ctr-5tpmc	otelcol_process_runtime_heap_alloc_bytes	36863000
1781349872	snap	2000	otelcol	otelcol-sb-esrev0-ctr-5tpmc	otelcol_processor_outgoing_items	633689
1781349872	snap	2000	otelcol	otelcol-sb-esrev0-ctr-5tpmc	otelcol_receiver_accepted_spans	633689
1781349872	snap	2000	otelcol	otelcol-sb-esrev0-ctr-5tpmc	otelcol_process_uptime	250
1781349872	snap	2000	otelcol	otelcol-sb-esrev0-ctr-5tpmc	otelcol_process_runtime_total_alloc_bytes	491881800
1781349872	snap	2000	otelcol	otelcol-sb-esrev0-ctr-5tpmc	otelcol_exporter_queue_capacity	1001
1781349872	snap	2000	otelcol	otelcol-sb-esrev0-ctr-5tpmc	otelcol_receiver_refused_spans	0
1781349872	snap	2000	otelcol	otelcol-sb-esrev0-ctr-5tpmc	otelcol_exporter_queue_batch_send_size_sum	633689
1781349872	snap	2000	otelcol	otelcol-sb-esrev0-ctr-5tpmc	otelcol_receiver_failed_spans	0
1781349872	snap	2000	otelcol	otelcol-sb-esrev0-ctr-5tpmc	otelcol_process_cpu_seconds	14
1781349872	snap	2000	otelcol	otelcol-sb-esrev0-ctr-5tpmc	otelcol_processor_batch_batch_send_size_sum	633689
1781349872	snap	2000	otelcol	otelcol-sb-esrev0-ctr-5tpmc	otelcol_exporter_send_failed_spans	0
1781349872	snap	2000	otelcol	otelcol-sb-esrev0-ctr-5tpmc	otelcol_processor_batch_metadata_cardinality	1
1781349872	snap	2000	otelcol	otelcol-sb-esrev0-ctr-5tpmc	otelcol_process_runtime_total_sys_memory_bytes	93251864
1781349872	snap	2000	otelcol	otelcol-sb-esrev0-ctr-5tpmc	otelcol_process_memory_rss	231190528
1781349872	snap	2000	otelcol	otelcol-sb-esrev0-ctr-5tpmc	otelcol_exporter_sent_spans	633689
1781349872	snap	2000	otelcol	otelcol-sb-esrev0-ctr-5tpmc	otelcol_processor_incoming_items	633689
1781349872	snap	2000	otelcol	otelcol-sb-esrev0-ctr-5tpmc	otelcol_exporter_queue_size	0
1781349872	snap	2000	otelcol	otelcol-sb-esrev0-ctr-mg8jm	otelcol_processor_outgoing_items	36843
1781349872	snap	2000	otelcol	otelcol-sb-esrev0-ctr-mg8jm	otelcol_process_memory_rss	208429056
1781349872	snap	2000	otelcol	otelcol-sb-esrev0-ctr-mg8jm	otelcol_exporter_queue_batch_send_size_sum	36843
1781349872	snap	2000	otelcol	otelcol-sb-esrev0-ctr-mg8jm	otelcol_process_runtime_heap_alloc_bytes	38375536
1781349872	snap	2000	otelcol	otelcol-sb-esrev0-ctr-mg8jm	otelcol_receiver_failed_spans	0
1781349872	snap	2000	otelcol	otelcol-sb-esrev0-ctr-mg8jm	otelcol_process_runtime_total_sys_memory_bytes	71362840
1781349872	snap	2000	otelcol	otelcol-sb-esrev0-ctr-mg8jm	otelcol_process_cpu_seconds	10
1781349872	snap	2000	otelcol	otelcol-sb-esrev0-ctr-mg8jm	otelcol_receiver_refused_spans	0
1781349872	snap	2000	otelcol	otelcol-sb-esrev0-ctr-mg8jm	otelcol_processor_batch_batch_send_size_sum	36843
1781349872	snap	2000	otelcol	otelcol-sb-esrev0-ctr-mg8jm	otelcol_process_runtime_total_alloc_bytes	131225832
1781349872	snap	2000	otelcol	otelcol-sb-esrev0-ctr-mg8jm	otelcol_receiver_accepted_spans	36843
1781349872	snap	2000	otelcol	otelcol-sb-esrev0-ctr-mg8jm	otelcol_exporter_send_failed_spans	0
1781349872	snap	2000	otelcol	otelcol-sb-esrev0-ctr-mg8jm	otelcol_processor_batch_metadata_cardinality	1
1781349872	snap	2000	otelcol	otelcol-sb-esrev0-ctr-mg8jm	otelcol_exporter_sent_spans	36843
1781349872	snap	2000	otelcol	otelcol-sb-esrev0-ctr-mg8jm	otelcol_exporter_queue_capacity	1001
1781349872	snap	2000	otelcol	otelcol-sb-esrev0-ctr-mg8jm	otelcol_processor_incoming_items	36843
1781349872	snap	2000	otelcol	otelcol-sb-esrev0-ctr-mg8jm	otelcol_processor_batch_timeout_trigger_send	952
1781349872	snap	2000	otelcol	otelcol-sb-esrev0-ctr-mg8jm	otelcol_process_uptime	243
1781349872	snap	2000	otelcol	otelcol-sb-esrev0-ctr-mg8jm	otelcol_exporter_queue_size	0
1781349872	snap	2000	otelcol	otelcol-sb-esrev0-ctr-bxzgg	otelcol_exporter_queue_capacity	1001
1781349872	snap	2000	otelcol	otelcol-sb-esrev0-ctr-bxzgg	otelcol_processor_batch_metadata_cardinality	1
1781349872	snap	2000	otelcol	otelcol-sb-esrev0-ctr-bxzgg	otelcol_processor_batch_timeout_trigger_send	961
1781349872	snap	2000	otelcol	otelcol-sb-esrev0-ctr-bxzgg	otelcol_processor_incoming_items	167123
1781349872	snap	2000	otelcol	otelcol-sb-esrev0-ctr-bxzgg	otelcol_exporter_queue_batch_send_size_sum	167123
1781349872	snap	2000	otelcol	otelcol-sb-esrev0-ctr-bxzgg	otelcol_process_memory_rss	217763840
1781349872	snap	2000	otelcol	otelcol-sb-esrev0-ctr-bxzgg	otelcol_exporter_send_failed_spans	0
1781349872	snap	2000	otelcol	otelcol-sb-esrev0-ctr-bxzgg	otelcol_processor_outgoing_items	167123
1781349872	snap	2000	otelcol	otelcol-sb-esrev0-ctr-bxzgg	otelcol_process_cpu_seconds	9
1781349872	snap	2000	otelcol	otelcol-sb-esrev0-ctr-bxzgg	otelcol_process_uptime	249
1781349872	snap	2000	otelcol	otelcol-sb-esrev0-ctr-bxzgg	otelcol_process_runtime_total_alloc_bytes	222559184
1781349872	snap	2000	otelcol	otelcol-sb-esrev0-ctr-bxzgg	otelcol_processor_batch_batch_send_size_sum	167123
1781349872	snap	2000	otelcol	otelcol-sb-esrev0-ctr-bxzgg	otelcol_process_runtime_total_sys_memory_bytes	79407384
1781349872	snap	2000	otelcol	otelcol-sb-esrev0-ctr-bxzgg	otelcol_process_runtime_heap_alloc_bytes	30470288
1781349872	snap	2000	otelcol	otelcol-sb-esrev0-ctr-bxzgg	otelcol_receiver_refused_spans	0
1781349872	snap	2000	otelcol	otelcol-sb-esrev0-ctr-bxzgg	otelcol_receiver_failed_spans	0
1781349872	snap	2000	otelcol	otelcol-sb-esrev0-ctr-bxzgg	otelcol_exporter_sent_spans	167123
1781349872	snap	2000	otelcol	otelcol-sb-esrev0-ctr-bxzgg	otelcol_receiver_accepted_spans	167123
1781349872	snap	2000	otelcol	otelcol-sb-esrev0-ctr-bxzgg	otelcol_exporter_queue_size	0
1781349872	snap	2000	otelcol	otelcol-sb-esrev0-ctr-8ncml	otelcol_processor_outgoing_items	167966
1781349872	snap	2000	otelcol	otelcol-sb-esrev0-ctr-8ncml	otelcol_process_cpu_seconds	9
1781349872	snap	2000	otelcol	otelcol-sb-esrev0-ctr-8ncml	otelcol_process_uptime	250
1781349872	snap	2000	otelcol	otelcol-sb-esrev0-ctr-8ncml	otelcol_exporter_queue_batch_send_size_sum	167966
1781349872	snap	2000	otelcol	otelcol-sb-esrev0-ctr-8ncml	otelcol_receiver_failed_spans	0
1781349872	snap	2000	otelcol	otelcol-sb-esrev0-ctr-8ncml	otelcol_receiver_refused_spans	0
1781349872	snap	2000	otelcol	otelcol-sb-esrev0-ctr-8ncml	otelcol_process_runtime_heap_alloc_bytes	47611224
1781349872	snap	2000	otelcol	otelcol-sb-esrev0-ctr-8ncml	otelcol_processor_batch_batch_send_size_sum	167966
1781349872	snap	2000	otelcol	otelcol-sb-esrev0-ctr-8ncml	otelcol_process_runtime_total_sys_memory_bytes	79661336
1781349872	snap	2000	otelcol	otelcol-sb-esrev0-ctr-8ncml	otelcol_exporter_sent_spans	167966
1781349872	snap	2000	otelcol	otelcol-sb-esrev0-ctr-8ncml	otelcol_exporter_queue_size	0
1781349872	snap	2000	otelcol	otelcol-sb-esrev0-ctr-8ncml	otelcol_exporter_send_failed_spans	0
1781349872	snap	2000	otelcol	otelcol-sb-esrev0-ctr-8ncml	otelcol_receiver_accepted_spans	167966
1781349872	snap	2000	otelcol	otelcol-sb-esrev0-ctr-8ncml	otelcol_processor_batch_metadata_cardinality	1
1781349872	snap	2000	otelcol	otelcol-sb-esrev0-ctr-8ncml	otelcol_processor_incoming_items	167966
1781349872	snap	2000	otelcol	otelcol-sb-esrev0-ctr-8ncml	otelcol_processor_batch_timeout_trigger_send	962
1781349872	snap	2000	otelcol	otelcol-sb-esrev0-ctr-8ncml	otelcol_exporter_queue_capacity	1001
1781349872	snap	2000	otelcol	otelcol-sb-esrev0-ctr-8ncml	otelcol_process_runtime_total_alloc_bytes	217555704
1781349872	snap	2000	otelcol	otelcol-sb-esrev0-ctr-8ncml	otelcol_process_memory_rss	215244800
1781349872	snap	2000	otelcol	otelcol-sb-esrev0-ctr-t4pj5	otelcol_exporter_send_failed_spans	0
1781349872	snap	2000	otelcol	otelcol-sb-esrev0-ctr-t4pj5	otelcol_exporter_queue_size	0
1781349872	snap	2000	otelcol	otelcol-sb-esrev0-ctr-t4pj5	otelcol_processor_incoming_items	281776
1781349872	snap	2000	otelcol	otelcol-sb-esrev0-ctr-t4pj5	otelcol_processor_outgoing_items	278578
1781349872	snap	2000	otelcol	otelcol-sb-esrev0-ctr-t4pj5	otelcol_process_runtime_total_sys_memory_bytes	84338968
1781349872	snap	2000	otelcol	otelcol-sb-esrev0-ctr-t4pj5	otelcol_processor_batch_metadata_cardinality	1
1781349872	snap	2000	otelcol	otelcol-sb-esrev0-ctr-t4pj5	otelcol_processor_batch_timeout_trigger_send	960
1781349872	snap	2000	otelcol	otelcol-sb-esrev0-ctr-t4pj5	otelcol_process_memory_rss	221589504
1781349872	snap	2000	otelcol	otelcol-sb-esrev0-ctr-t4pj5	otelcol_exporter_queue_batch_send_size_sum	278578
1781349872	snap	2000	otelcol	otelcol-sb-esrev0-ctr-t4pj5	otelcol_receiver_failed_spans	0
1781349872	snap	2000	otelcol	otelcol-sb-esrev0-ctr-t4pj5	otelcol_process_cpu_seconds	10
1781349872	snap	2000	otelcol	otelcol-sb-esrev0-ctr-t4pj5	otelcol_receiver_accepted_spans	278578
1781349872	snap	2000	otelcol	otelcol-sb-esrev0-ctr-t4pj5	otelcol_process_runtime_heap_alloc_bytes	30695952
1781349872	snap	2000	otelcol	otelcol-sb-esrev0-ctr-t4pj5	otelcol_exporter_sent_spans	278578
1781349872	snap	2000	otelcol	otelcol-sb-esrev0-ctr-t4pj5	otelcol_processor_batch_batch_send_size_sum	278578
1781349872	snap	2000	otelcol	otelcol-sb-esrev0-ctr-t4pj5	otelcol_process_uptime	255
1781349872	snap	2000	otelcol	otelcol-sb-esrev0-ctr-t4pj5	otelcol_process_runtime_total_alloc_bytes	287851824
1781349872	snap	2000	otelcol	otelcol-sb-esrev0-ctr-t4pj5	otelcol_exporter_queue_capacity	1001
1781349872	snap	2000	otelcol	otelcol-sb-esrev0-ctr-t4pj5	otelcol_receiver_refused_spans	3198
1781349872	snap	2000	k8s	otelcol-sb-esrev0-ctr-5tpmc	restart_count	0
1781349872	snap	2000	k8s	otelcol-sb-esrev0-ctr-8ncml	restart_count	0
1781349872	snap	2000	k8s	otelcol-sb-esrev0-ctr-bgnq8	restart_count	0
1781349872	snap	2000	k8s	otelcol-sb-esrev0-ctr-bxzgg	restart_count	0
1781349872	snap	2000	k8s	otelcol-sb-esrev0-ctr-hj4v4	restart_count	0
1781349872	snap	2000	k8s	otelcol-sb-esrev0-ctr-j6v9t	restart_count	0
1781349872	snap	2000	k8s	otelcol-sb-esrev0-ctr-mg8jm	restart_count	0
1781349872	snap	2000	k8s	otelcol-sb-esrev0-ctr-t4pj5	restart_count	0
1781349872	snap	2000	k8s	otelcol-sb-esrev0-ctr-vb2mk	restart_count	0
1781349872	snap	2000	sdk	wrk2api	spans_received	36866
1781349872	snap	2000	sdk	wrk2api	spans_sent	36866
1781349872	snap	2000	sdk	wrk2api	spans_dropped	0
1781349872	snap	2000	sdk	wrk2api	spans_flushed	36866
1781349872	snap	2000	sdk	wrk2api	batches_sent	3670
1781349872	snap	2000	sdk	wrk2api	batches_dropped	0
1781349872	snap	2000	sdk	wrk2api	send_unavailable	0
1781349872	snap	2000	sdk	wrk2api	send_deadline	0
1781349872	snap	2000	sdk	wrk2api	send_exhausted	0
1781349872	snap	2000	sdk	wrk2api	send_canceled	0
1781349872	snap	2000	sdk	wrk2api	send_other	0
1781349872	snap	2000	sdk	wrk2api	buffer_depth	0
0
1781349872	snap	2000	sdk	wrk2api	cp_received	18433
1781349872	snap	2000	sdk	wrk2api	lp_received	18433
1781349872	snap	2000	sdk	wrk2api	cp_sent	18433
1781349872	snap	2000	sdk	wrk2api	lp_sent	18433
1781349872	snap	2000	sdk	wrk2api	cp_dropped	0
1781349872	snap	2000	sdk	wrk2api	lp_dropped	0
1781349872	snap	2000	sdk	composepost	spans_received	1039132
1781349872	snap	2000	sdk	composepost	spans_sent	956957
1781349872	snap	2000	sdk	composepost	spans_dropped	82175
1781349872	snap	2000	sdk	composepost	spans_flushed	1039132
1781349872	snap	2000	sdk	composepost	batches_sent	12353
1781349872	snap	2000	sdk	composepost	batches_dropped	412
1781349872	snap	2000	sdk	composepost	send_unavailable	412
1781349872	snap	2000	sdk	composepost	send_deadline	0
1781349872	snap	2000	sdk	composepost	send_exhausted	0
1781349872	snap	2000	sdk	composepost	send_canceled	0
1781349872	snap	2000	sdk	composepost	send_other	0
1781349872	snap	2000	sdk	composepost	buffer_depth	0
0
1781349872	snap	2000	sdk	composepost	cp_received	909240
1781349872	snap	2000	sdk	composepost	lp_received	129892
1781349872	snap	2000	sdk	composepost	cp_sent	909240
1781349872	snap	2000	sdk	composepost	lp_sent	47717
1781349872	snap	2000	sdk	composepost	cp_dropped	0
1781349872	snap	2000	sdk	composepost	lp_dropped	82175
1781349872	snap	2000	sdk	hometimeline	spans_received	259776
1781349872	snap	2000	sdk	hometimeline	spans_sent	94165
1781349872	snap	2000	sdk	hometimeline	spans_dropped	165611
1781349872	snap	2000	sdk	hometimeline	spans_flushed	259776
1781349872	snap	2000	sdk	hometimeline	batches_sent	2363
1781349872	snap	2000	sdk	hometimeline	batches_dropped	829
1781349872	snap	2000	sdk	hometimeline	send_unavailable	829
1781349872	snap	2000	sdk	hometimeline	send_deadline	0
1781349872	snap	2000	sdk	hometimeline	send_exhausted	0
1781349872	snap	2000	sdk	hometimeline	send_canceled	0
1781349872	snap	2000	sdk	hometimeline	send_other	0
1781349872	snap	2000	sdk	hometimeline	buffer_depth	0
0
1781349872	snap	2000	sdk	hometimeline	cp_received	0
1781349872	snap	2000	sdk	hometimeline	lp_received	259776
1781349872	snap	2000	sdk	hometimeline	cp_sent	0
1781349872	snap	2000	sdk	hometimeline	lp_sent	94165
1781349872	snap	2000	sdk	hometimeline	cp_dropped	0
1781349872	snap	2000	sdk	hometimeline	lp_dropped	165611
1781349872	snap	2000	sdk	media	spans_received	129892
1781349872	snap	2000	sdk	media	spans_sent	129892
1781349872	snap	2000	sdk	media	spans_dropped	0
1781349872	snap	2000	sdk	media	spans_flushed	129892
1781349872	snap	2000	sdk	media	batches_sent	1597
1781349872	snap	2000	sdk	media	batches_dropped	0
1781349872	snap	2000	sdk	media	send_unavailable	0
1781349872	snap	2000	sdk	media	send_deadline	0
1781349872	snap	2000	sdk	media	send_exhausted	0
1781349872	snap	2000	sdk	media	send_canceled	0
1781349872	snap	2000	sdk	media	send_other	0
1781349872	snap	2000	sdk	media	buffer_depth	0
0
1781349872	snap	2000	sdk	media	cp_received	129892
1781349872	snap	2000	sdk	media	lp_received	0
1781349872	snap	2000	sdk	media	cp_sent	129892
1781349872	snap	2000	sdk	media	lp_sent	0
1781349872	snap	2000	sdk	media	cp_dropped	0
1781349872	snap	2000	sdk	media	lp_dropped	0
1781349872	snap	2000	sdk	post-storage	spans_received	129888
1781349872	snap	2000	sdk	post-storage	spans_sent	129888
1781349872	snap	2000	sdk	post-storage	spans_dropped	0
1781349872	snap	2000	sdk	post-storage	spans_flushed	129888
1781349872	snap	2000	sdk	post-storage	batches_sent	1595
1781349872	snap	2000	sdk	post-storage	batches_dropped	0
1781349872	snap	2000	sdk	post-storage	send_unavailable	0
1781349872	snap	2000	sdk	post-storage	send_deadline	0
1781349872	snap	2000	sdk	post-storage	send_exhausted	0
1781349872	snap	2000	sdk	post-storage	send_canceled	0
1781349872	snap	2000	sdk	post-storage	send_other	0
1781349872	snap	2000	sdk	post-storage	buffer_depth	0
0
1781349872	snap	2000	sdk	post-storage	cp_received	129888
1781349872	snap	2000	sdk	post-storage	lp_received	0
1781349872	snap	2000	sdk	post-storage	cp_sent	129888
1781349872	snap	2000	sdk	post-storage	lp_sent	0
1781349872	snap	2000	sdk	post-storage	cp_dropped	0
1781349872	snap	2000	sdk	post-storage	lp_dropped	0
1781349872	snap	2000	sdk	socialgraph	spans_received	243722
1781349872	snap	2000	sdk	socialgraph	spans_sent	240900
1781349872	snap	2000	sdk	socialgraph	spans_dropped	2822
1781349872	snap	2000	sdk	socialgraph	spans_flushed	243722
1781349872	snap	2000	sdk	socialgraph	batches_sent	2068
1781349872	snap	2000	sdk	socialgraph	batches_dropped	14
1781349872	snap	2000	sdk	socialgraph	send_unavailable	14
1781349872	snap	2000	sdk	socialgraph	send_deadline	0
1781349872	snap	2000	sdk	socialgraph	send_exhausted	0
1781349872	snap	2000	sdk	socialgraph	send_canceled	0
1781349872	snap	2000	sdk	socialgraph	send_other	0
1781349872	snap	2000	sdk	socialgraph	buffer_depth	0
0
1781349872	snap	2000	sdk	socialgraph	cp_received	206098
1781349872	snap	2000	sdk	socialgraph	lp_received	37624
1781349872	snap	2000	sdk	socialgraph	cp_sent	206098
1781349872	snap	2000	sdk	socialgraph	lp_sent	34802
1781349872	snap	2000	sdk	socialgraph	cp_dropped	0
1781349872	snap	2000	sdk	socialgraph	lp_dropped	2822
1781349872	snap	2000	sdk	text	spans_received	389684
1781349872	snap	2000	sdk	text	spans_sent	389684
1781349872	snap	2000	sdk	text	spans_dropped	0
1781349872	snap	2000	sdk	text	spans_flushed	389684
1781349872	snap	2000	sdk	text	batches_sent	4785
1781349872	snap	2000	sdk	text	batches_dropped	0
1781349872	snap	2000	sdk	text	send_unavailable	0
1781349872	snap	2000	sdk	text	send_deadline	0
1781349872	snap	2000	sdk	text	send_exhausted	0
1781349872	snap	2000	sdk	text	send_canceled	0
1781349872	snap	2000	sdk	text	send_other	0
1781349872	snap	2000	sdk	text	buffer_depth	0
0
1781349872	snap	2000	sdk	text	cp_received	0
1781349872	snap	2000	sdk	text	lp_received	389684
1781349872	snap	2000	sdk	text	cp_sent	0
1781349872	snap	2000	sdk	text	lp_sent	389684
1781349872	snap	2000	sdk	text	cp_dropped	0
1781349872	snap	2000	sdk	text	lp_dropped	0
1781349872	snap	2000	sdk	uniqueid	spans_received	129892
1781349872	snap	2000	sdk	uniqueid	spans_sent	129892
1781349872	snap	2000	sdk	uniqueid	spans_dropped	0
1781349872	snap	2000	sdk	uniqueid	spans_flushed	129892
1781349872	snap	2000	sdk	uniqueid	batches_sent	1595
1781349872	snap	2000	sdk	uniqueid	batches_dropped	0
1781349872	snap	2000	sdk	uniqueid	send_unavailable	0
1781349872	snap	2000	sdk	uniqueid	send_deadline	0
1781349872	snap	2000	sdk	uniqueid	send_exhausted	0
1781349872	snap	2000	sdk	uniqueid	send_canceled	0
1781349872	snap	2000	sdk	uniqueid	send_other	0
1781349872	snap	2000	sdk	uniqueid	buffer_depth	0
0
1781349872	snap	2000	sdk	uniqueid	cp_received	129892
1781349872	snap	2000	sdk	uniqueid	lp_received	0
1781349872	snap	2000	sdk	uniqueid	cp_sent	129892
1781349872	snap	2000	sdk	uniqueid	lp_sent	0
1781349872	snap	2000	sdk	uniqueid	cp_dropped	0
1781349872	snap	2000	sdk	uniqueid	lp_dropped	0
1781349872	snap	2000	sdk	urlshorten	spans_received	129892
1781349872	snap	2000	sdk	urlshorten	spans_sent	129892
1781349872	snap	2000	sdk	urlshorten	spans_dropped	0
1781349872	snap	2000	sdk	urlshorten	spans_flushed	129892
1781349872	snap	2000	sdk	urlshorten	batches_sent	1595
1781349872	snap	2000	sdk	urlshorten	batches_dropped	0
1781349872	snap	2000	sdk	urlshorten	send_unavailable	0
1781349872	snap	2000	sdk	urlshorten	send_deadline	0
1781349872	snap	2000	sdk	urlshorten	send_exhausted	0
1781349872	snap	2000	sdk	urlshorten	send_canceled	0
1781349872	snap	2000	sdk	urlshorten	send_other	0
1781349872	snap	2000	sdk	urlshorten	buffer_depth	0
0
1781349872	snap	2000	sdk	urlshorten	cp_received	129892
1781349872	snap	2000	sdk	urlshorten	lp_received	0
1781349872	snap	2000	sdk	urlshorten	cp_sent	129892
1781349872	snap	2000	sdk	urlshorten	lp_sent	0
1781349872	snap	2000	sdk	urlshorten	cp_dropped	0
1781349872	snap	2000	sdk	urlshorten	lp_dropped	0
1781349872	snap	2000	sdk	user	spans_received	131816
1781349872	snap	2000	sdk	user	spans_sent	131816
1781349872	snap	2000	sdk	user	spans_dropped	0
1781349872	snap	2000	sdk	user	spans_flushed	131816
1781349872	snap	2000	sdk	user	batches_sent	1607
1781349872	snap	2000	sdk	user	batches_dropped	0
1781349872	snap	2000	sdk	user	send_unavailable	0
1781349872	snap	2000	sdk	user	send_deadline	0
1781349872	snap	2000	sdk	user	send_exhausted	0
1781349872	snap	2000	sdk	user	send_canceled	0
1781349872	snap	2000	sdk	user	send_other	0
1781349872	snap	2000	sdk	user	buffer_depth	0
0
1781349872	snap	2000	sdk	user	cp_received	130854
1781349872	snap	2000	sdk	user	lp_received	962
1781349872	snap	2000	sdk	user	cp_sent	130854
1781349872	snap	2000	sdk	user	lp_sent	962
1781349872	snap	2000	sdk	user	cp_dropped	0
1781349872	snap	2000	sdk	user	lp_dropped	0
1781349872	snap	2000	sdk	userid	spans_received	75248
1781349872	snap	2000	sdk	userid	spans_sent	75248
1781349872	snap	2000	sdk	userid	spans_dropped	0
1781349872	snap	2000	sdk	userid	spans_flushed	75248
1781349872	snap	2000	sdk	userid	batches_sent	247
1781349872	snap	2000	sdk	userid	batches_dropped	0
1781349872	snap	2000	sdk	userid	send_unavailable	0
1781349872	snap	2000	sdk	userid	send_deadline	0
1781349872	snap	2000	sdk	userid	send_exhausted	0
1781349872	snap	2000	sdk	userid	send_canceled	0
1781349872	snap	2000	sdk	userid	send_other	0
1781349872	snap	2000	sdk	userid	buffer_depth	0
0
1781349872	snap	2000	sdk	userid	cp_received	75248
1781349872	snap	2000	sdk	userid	lp_received	0
1781349872	snap	2000	sdk	userid	cp_sent	75248
1781349872	snap	2000	sdk	userid	lp_sent	0
1781349872	snap	2000	sdk	userid	cp_dropped	0
1781349872	snap	2000	sdk	userid	lp_dropped	0
1781349872	snap	2000	sdk	usermention	spans_received	129892
1781349872	snap	2000	sdk	usermention	spans_sent	129892
1781349872	snap	2000	sdk	usermention	spans_dropped	0
1781349872	snap	2000	sdk	usermention	spans_flushed	129892
1781349872	snap	2000	sdk	usermention	batches_sent	1595
1781349872	snap	2000	sdk	usermention	batches_dropped	0
1781349872	snap	2000	sdk	usermention	send_unavailable	0
1781349872	snap	2000	sdk	usermention	send_deadline	0
1781349872	snap	2000	sdk	usermention	send_exhausted	0
1781349872	snap	2000	sdk	usermention	send_canceled	0
1781349872	snap	2000	sdk	usermention	send_other	0
1781349872	snap	2000	sdk	usermention	buffer_depth	0
0
1781349872	snap	2000	sdk	usermention	cp_received	129892
1781349872	snap	2000	sdk	usermention	lp_received	0
1781349872	snap	2000	sdk	usermention	cp_sent	129892
1781349872	snap	2000	sdk	usermention	lp_sent	0
1781349872	snap	2000	sdk	usermention	cp_dropped	0
1781349872	snap	2000	sdk	usermention	lp_dropped	0
1781349872	snap	2000	sdk	usertimeline	spans_received	129888
1781349872	snap	2000	sdk	usertimeline	spans_sent	129888
1781349872	snap	2000	sdk	usertimeline	spans_dropped	0
1781349872	snap	2000	sdk	usertimeline	spans_flushed	129888
1781349872	snap	2000	sdk	usertimeline	batches_sent	1595
1781349872	snap	2000	sdk	usertimeline	batches_dropped	0
1781349872	snap	2000	sdk	usertimeline	send_unavailable	0
1781349872	snap	2000	sdk	usertimeline	send_deadline	0
1781349872	snap	2000	sdk	usertimeline	send_exhausted	0
1781349872	snap	2000	sdk	usertimeline	send_canceled	0
1781349872	snap	2000	sdk	usertimeline	send_other	0
1781349872	snap	2000	sdk	usertimeline	buffer_depth	0
0
1781349872	snap	2000	sdk	usertimeline	cp_received	129888
1781349872	snap	2000	sdk	usertimeline	lp_received	0
1781349872	snap	2000	sdk	usertimeline	cp_sent	129888
1781349872	snap	2000	sdk	usertimeline	lp_sent	0
1781349872	snap	2000	sdk	usertimeline	cp_dropped	0
1781349872	snap	2000	sdk	usertimeline	lp_dropped	0
1781349879	snap	2200	otelcol	otelcol-sb-esrev0-ctr-hj4v4	otelcol_process_uptime	256
1781349879	snap	2200	otelcol	otelcol-sb-esrev0-ctr-hj4v4	otelcol_exporter_sent_spans	285353
1781349879	snap	2200	otelcol	otelcol-sb-esrev0-ctr-hj4v4	otelcol_process_runtime_total_sys_memory_bytes	89147672
1781349879	snap	2200	otelcol	otelcol-sb-esrev0-ctr-hj4v4	otelcol_process_runtime_total_alloc_bytes	320021048
1781349879	snap	2200	otelcol	otelcol-sb-esrev0-ctr-hj4v4	otelcol_exporter_queue_capacity	1001
1781349879	snap	2200	otelcol	otelcol-sb-esrev0-ctr-hj4v4	otelcol_receiver_failed_spans	0
1781349879	snap	2200	otelcol	otelcol-sb-esrev0-ctr-hj4v4	otelcol_processor_batch_metadata_cardinality	1
1781349879	snap	2200	otelcol	otelcol-sb-esrev0-ctr-hj4v4	otelcol_processor_batch_batch_send_size_sum	285353
1781349879	snap	2200	otelcol	otelcol-sb-esrev0-ctr-hj4v4	otelcol_receiver_refused_spans	11313
1781349879	snap	2200	otelcol	otelcol-sb-esrev0-ctr-hj4v4	otelcol_processor_batch_timeout_trigger_send	963
1781349879	snap	2200	otelcol	otelcol-sb-esrev0-ctr-hj4v4	otelcol_exporter_send_failed_spans	0
1781349879	snap	2200	otelcol	otelcol-sb-esrev0-ctr-hj4v4	otelcol_exporter_queue_size	0
1781349879	snap	2200	otelcol	otelcol-sb-esrev0-ctr-hj4v4	otelcol_exporter_queue_batch_send_size_sum	285353
1781349879	snap	2200	otelcol	otelcol-sb-esrev0-ctr-hj4v4	otelcol_processor_incoming_items	296666
1781349879	snap	2200	otelcol	otelcol-sb-esrev0-ctr-hj4v4	otelcol_process_runtime_heap_alloc_bytes	37657120
1781349879	snap	2200	otelcol	otelcol-sb-esrev0-ctr-hj4v4	otelcol_process_memory_rss	225587200
1781349879	snap	2200	otelcol	otelcol-sb-esrev0-ctr-hj4v4	otelcol_receiver_accepted_spans	285353
1781349879	snap	2200	otelcol	otelcol-sb-esrev0-ctr-hj4v4	otelcol_processor_outgoing_items	285353
1781349879	snap	2200	otelcol	otelcol-sb-esrev0-ctr-hj4v4	otelcol_process_cpu_seconds	11
1781349879	snap	2200	otelcol	otelcol-sb-esrev0-ctr-bgnq8	otelcol_processor_batch_batch_send_size_sum	169069
1781349879	snap	2200	otelcol	otelcol-sb-esrev0-ctr-bgnq8	otelcol_exporter_sent_spans	169069
1781349879	snap	2200	otelcol	otelcol-sb-esrev0-ctr-bgnq8	otelcol_processor_batch_metadata_cardinality	1
1781349879	snap	2200	otelcol	otelcol-sb-esrev0-ctr-bgnq8	otelcol_receiver_accepted_spans	169069
1781349879	snap	2200	otelcol	otelcol-sb-esrev0-ctr-bgnq8	otelcol_process_uptime	258
1781349879	snap	2200	otelcol	otelcol-sb-esrev0-ctr-bgnq8	otelcol_process_memory_rss	217133056
1781349879	snap	2200	otelcol	otelcol-sb-esrev0-ctr-bgnq8	otelcol_exporter_queue_size	0
1781349879	snap	2200	otelcol	otelcol-sb-esrev0-ctr-bgnq8	otelcol_processor_incoming_items	169069
1781349879	snap	2200	otelcol	otelcol-sb-esrev0-ctr-bgnq8	otelcol_exporter_queue_capacity	1001
1781349879	snap	2200	otelcol	otelcol-sb-esrev0-ctr-bgnq8	otelcol_processor_batch_timeout_trigger_send	964
1781349879	snap	2200	otelcol	otelcol-sb-esrev0-ctr-bgnq8	otelcol_process_runtime_total_alloc_bytes	232694032
1781349879	snap	2200	otelcol	otelcol-sb-esrev0-ctr-bgnq8	otelcol_receiver_refused_spans	0
1781349879	snap	2200	otelcol	otelcol-sb-esrev0-ctr-bgnq8	otelcol_process_runtime_total_sys_memory_bytes	80333080
1781349879	snap	2200	otelcol	otelcol-sb-esrev0-ctr-bgnq8	otelcol_receiver_failed_spans	0
1781349879	snap	2200	otelcol	otelcol-sb-esrev0-ctr-bgnq8	otelcol_process_runtime_heap_alloc_bytes	37513664
1781349879	snap	2200	otelcol	otelcol-sb-esrev0-ctr-bgnq8	otelcol_exporter_send_failed_spans	0
1781349879	snap	2200	otelcol	otelcol-sb-esrev0-ctr-bgnq8	otelcol_processor_outgoing_items	169069
1781349879	snap	2200	otelcol	otelcol-sb-esrev0-ctr-bgnq8	otelcol_process_cpu_seconds	9
1781349879	snap	2200	otelcol	otelcol-sb-esrev0-ctr-bgnq8	otelcol_exporter_queue_batch_send_size_sum	169069
1781349879	snap	2200	otelcol	otelcol-sb-esrev0-ctr-vb2mk	otelcol_process_uptime	258
1781349879	snap	2200	otelcol	otelcol-sb-esrev0-ctr-vb2mk	otelcol_process_memory_rss	215150592
1781349879	snap	2200	otelcol	otelcol-sb-esrev0-ctr-vb2mk	otelcol_exporter_send_failed_spans	0
1781349879	snap	2200	otelcol	otelcol-sb-esrev0-ctr-vb2mk	otelcol_receiver_accepted_spans	166758
1781349879	snap	2200	otelcol	otelcol-sb-esrev0-ctr-vb2mk	otelcol_process_runtime_total_sys_memory_bytes	80390424
1781349879	snap	2200	otelcol	otelcol-sb-esrev0-ctr-vb2mk	otelcol_exporter_queue_batch_send_size_sum	166758
1781349879	snap	2200	otelcol	otelcol-sb-esrev0-ctr-vb2mk	otelcol_process_cpu_seconds	9
1781349879	snap	2200	otelcol	otelcol-sb-esrev0-ctr-vb2mk	otelcol_process_runtime_heap_alloc_bytes	47913496
1781349879	snap	2200	otelcol	otelcol-sb-esrev0-ctr-vb2mk	otelcol_exporter_sent_spans	166758
1781349879	snap	2200	otelcol	otelcol-sb-esrev0-ctr-vb2mk	otelcol_exporter_queue_capacity	1001
1781349879	snap	2200	otelcol	otelcol-sb-esrev0-ctr-vb2mk	otelcol_receiver_refused_spans	0
1781349879	snap	2200	otelcol	otelcol-sb-esrev0-ctr-vb2mk	otelcol_processor_incoming_items	166758
1781349879	snap	2200	otelcol	otelcol-sb-esrev0-ctr-vb2mk	otelcol_processor_outgoing_items	166758
1781349879	snap	2200	otelcol	otelcol-sb-esrev0-ctr-vb2mk	otelcol_exporter_queue_size	0
1781349879	snap	2200	otelcol	otelcol-sb-esrev0-ctr-vb2mk	otelcol_processor_batch_metadata_cardinality	1
1781349879	snap	2200	otelcol	otelcol-sb-esrev0-ctr-vb2mk	otelcol_receiver_failed_spans	0
1781349879	snap	2200	otelcol	otelcol-sb-esrev0-ctr-vb2mk	otelcol_processor_batch_timeout_trigger_send	958
1781349879	snap	2200	otelcol	otelcol-sb-esrev0-ctr-vb2mk	otelcol_processor_batch_batch_send_size_sum	166758
1781349879	snap	2200	otelcol	otelcol-sb-esrev0-ctr-vb2mk	otelcol_process_runtime_total_alloc_bytes	215923720
1781349879	snap	2200	otelcol	otelcol-sb-esrev0-ctr-j6v9t	otelcol_processor_incoming_items	1335784
1781349879	snap	2200	otelcol	otelcol-sb-esrev0-ctr-j6v9t	otelcol_process_cpu_seconds	23
1781349879	snap	2200	otelcol	otelcol-sb-esrev0-ctr-j6v9t	otelcol_process_uptime	256
1781349879	snap	2200	otelcol	otelcol-sb-esrev0-ctr-j6v9t	otelcol_process_runtime_heap_alloc_bytes	38830304
1781349879	snap	2200	otelcol	otelcol-sb-esrev0-ctr-j6v9t	otelcol_exporter_sent_spans	1078776
1781349879	snap	2200	otelcol	otelcol-sb-esrev0-ctr-j6v9t	otelcol_exporter_send_failed_spans	0
1781349879	snap	2200	otelcol	otelcol-sb-esrev0-ctr-j6v9t	otelcol_receiver_failed_spans	0
1781349879	snap	2200	otelcol	otelcol-sb-esrev0-ctr-j6v9t	otelcol_processor_outgoing_items	1078776
1781349879	snap	2200	otelcol	otelcol-sb-esrev0-ctr-j6v9t	otelcol_processor_batch_batch_send_size_sum	1078776
1781349879	snap	2200	otelcol	otelcol-sb-esrev0-ctr-j6v9t	otelcol_process_runtime_total_sys_memory_bytes	101800232
1781349879	snap	2200	otelcol	otelcol-sb-esrev0-ctr-j6v9t	otelcol_process_runtime_total_alloc_bytes	1096484592
1781349879	snap	2200	otelcol	otelcol-sb-esrev0-ctr-j6v9t	otelcol_processor_batch_metadata_cardinality	1
1781349879	snap	2200	otelcol	otelcol-sb-esrev0-ctr-j6v9t	otelcol_processor_batch_timeout_trigger_send	962
1781349879	snap	2200	otelcol	otelcol-sb-esrev0-ctr-j6v9t	otelcol_exporter_queue_size	0
1781349879	snap	2200	otelcol	otelcol-sb-esrev0-ctr-j6v9t	otelcol_receiver_accepted_spans	1078776
1781349879	snap	2200	otelcol	otelcol-sb-esrev0-ctr-j6v9t	otelcol_process_memory_rss	241041408
1781349879	snap	2200	otelcol	otelcol-sb-esrev0-ctr-j6v9t	otelcol_receiver_refused_spans	257008
1781349879	snap	2200	otelcol	otelcol-sb-esrev0-ctr-j6v9t	otelcol_exporter_queue_capacity	1001
1781349879	snap	2200	otelcol	otelcol-sb-esrev0-ctr-j6v9t	otelcol_exporter_queue_batch_send_size_sum	1078776
1781349879	snap	2200	otelcol	otelcol-sb-esrev0-ctr-5tpmc	otelcol_processor_batch_timeout_trigger_send	967
1781349879	snap	2200	otelcol	otelcol-sb-esrev0-ctr-5tpmc	otelcol_process_runtime_heap_alloc_bytes	37499656
1781349879	snap	2200	otelcol	otelcol-sb-esrev0-ctr-5tpmc	otelcol_processor_outgoing_items	633689
1781349879	snap	2200	otelcol	otelcol-sb-esrev0-ctr-5tpmc	otelcol_receiver_accepted_spans	633689
1781349879	snap	2200	otelcol	otelcol-sb-esrev0-ctr-5tpmc	otelcol_process_uptime	257
1781349879	snap	2200	otelcol	otelcol-sb-esrev0-ctr-5tpmc	otelcol_process_runtime_total_alloc_bytes	492518456
1781349879	snap	2200	otelcol	otelcol-sb-esrev0-ctr-5tpmc	otelcol_exporter_queue_capacity	1001
1781349879	snap	2200	otelcol	otelcol-sb-esrev0-ctr-5tpmc	otelcol_receiver_refused_spans	0
1781349879	snap	2200	otelcol	otelcol-sb-esrev0-ctr-5tpmc	otelcol_exporter_queue_batch_send_size_sum	633689
1781349879	snap	2200	otelcol	otelcol-sb-esrev0-ctr-5tpmc	otelcol_receiver_failed_spans	0
1781349879	snap	2200	otelcol	otelcol-sb-esrev0-ctr-5tpmc	otelcol_process_cpu_seconds	14
1781349879	snap	2200	otelcol	otelcol-sb-esrev0-ctr-5tpmc	otelcol_processor_batch_batch_send_size_sum	633689
1781349879	snap	2200	otelcol	otelcol-sb-esrev0-ctr-5tpmc	otelcol_exporter_send_failed_spans	0
1781349879	snap	2200	otelcol	otelcol-sb-esrev0-ctr-5tpmc	otelcol_processor_batch_metadata_cardinality	1
1781349879	snap	2200	otelcol	otelcol-sb-esrev0-ctr-5tpmc	otelcol_process_runtime_total_sys_memory_bytes	93251864
1781349879	snap	2200	otelcol	otelcol-sb-esrev0-ctr-5tpmc	otelcol_process_memory_rss	231190528
1781349879	snap	2200	otelcol	otelcol-sb-esrev0-ctr-5tpmc	otelcol_exporter_sent_spans	633689
1781349879	snap	2200	otelcol	otelcol-sb-esrev0-ctr-5tpmc	otelcol_processor_incoming_items	633689
1781349879	snap	2200	otelcol	otelcol-sb-esrev0-ctr-5tpmc	otelcol_exporter_queue_size	0
1781349879	snap	2200	otelcol	otelcol-sb-esrev0-ctr-mg8jm	otelcol_processor_outgoing_items	36843
1781349879	snap	2200	otelcol	otelcol-sb-esrev0-ctr-mg8jm	otelcol_process_memory_rss	208429056
1781349879	snap	2200	otelcol	otelcol-sb-esrev0-ctr-mg8jm	otelcol_exporter_queue_batch_send_size_sum	36843
1781349879	snap	2200	otelcol	otelcol-sb-esrev0-ctr-mg8jm	otelcol_process_runtime_heap_alloc_bytes	38956840
1781349879	snap	2200	otelcol	otelcol-sb-esrev0-ctr-mg8jm	otelcol_receiver_failed_spans	0
1781349879	snap	2200	otelcol	otelcol-sb-esrev0-ctr-mg8jm	otelcol_process_runtime_total_sys_memory_bytes	71362840
1781349879	snap	2200	otelcol	otelcol-sb-esrev0-ctr-mg8jm	otelcol_process_cpu_seconds	10
1781349879	snap	2200	otelcol	otelcol-sb-esrev0-ctr-mg8jm	otelcol_receiver_refused_spans	0
1781349879	snap	2200	otelcol	otelcol-sb-esrev0-ctr-mg8jm	otelcol_processor_batch_batch_send_size_sum	36843
1781349879	snap	2200	otelcol	otelcol-sb-esrev0-ctr-mg8jm	otelcol_process_runtime_total_alloc_bytes	131807136
1781349879	snap	2200	otelcol	otelcol-sb-esrev0-ctr-mg8jm	otelcol_receiver_accepted_spans	36843
1781349879	snap	2200	otelcol	otelcol-sb-esrev0-ctr-mg8jm	otelcol_exporter_send_failed_spans	0
1781349879	snap	2200	otelcol	otelcol-sb-esrev0-ctr-mg8jm	otelcol_processor_batch_metadata_cardinality	1
1781349879	snap	2200	otelcol	otelcol-sb-esrev0-ctr-mg8jm	otelcol_exporter_sent_spans	36843
1781349879	snap	2200	otelcol	otelcol-sb-esrev0-ctr-mg8jm	otelcol_exporter_queue_capacity	1001
1781349879	snap	2200	otelcol	otelcol-sb-esrev0-ctr-mg8jm	otelcol_processor_incoming_items	36843
1781349879	snap	2200	otelcol	otelcol-sb-esrev0-ctr-mg8jm	otelcol_processor_batch_timeout_trigger_send	952
1781349879	snap	2200	otelcol	otelcol-sb-esrev0-ctr-mg8jm	otelcol_process_uptime	251
1781349879	snap	2200	otelcol	otelcol-sb-esrev0-ctr-mg8jm	otelcol_exporter_queue_size	0
1781349879	snap	2200	otelcol	otelcol-sb-esrev0-ctr-bxzgg	otelcol_exporter_queue_capacity	1001
1781349879	snap	2200	otelcol	otelcol-sb-esrev0-ctr-bxzgg	otelcol_processor_batch_metadata_cardinality	1
1781349879	snap	2200	otelcol	otelcol-sb-esrev0-ctr-bxzgg	otelcol_processor_batch_timeout_trigger_send	961
1781349879	snap	2200	otelcol	otelcol-sb-esrev0-ctr-bxzgg	otelcol_processor_incoming_items	167123
1781349879	snap	2200	otelcol	otelcol-sb-esrev0-ctr-bxzgg	otelcol_exporter_queue_batch_send_size_sum	167123
1781349879	snap	2200	otelcol	otelcol-sb-esrev0-ctr-bxzgg	otelcol_process_memory_rss	217772032
1781349879	snap	2200	otelcol	otelcol-sb-esrev0-ctr-bxzgg	otelcol_exporter_send_failed_spans	0
1781349879	snap	2200	otelcol	otelcol-sb-esrev0-ctr-bxzgg	otelcol_processor_outgoing_items	167123
1781349879	snap	2200	otelcol	otelcol-sb-esrev0-ctr-bxzgg	otelcol_process_cpu_seconds	9
1781349879	snap	2200	otelcol	otelcol-sb-esrev0-ctr-bxzgg	otelcol_process_uptime	257
1781349879	snap	2200	otelcol	otelcol-sb-esrev0-ctr-bxzgg	otelcol_process_runtime_total_alloc_bytes	223199888
1781349879	snap	2200	otelcol	otelcol-sb-esrev0-ctr-bxzgg	otelcol_processor_batch_batch_send_size_sum	167123
1781349879	snap	2200	otelcol	otelcol-sb-esrev0-ctr-bxzgg	otelcol_process_runtime_total_sys_memory_bytes	79407384
1781349879	snap	2200	otelcol	otelcol-sb-esrev0-ctr-bxzgg	otelcol_process_runtime_heap_alloc_bytes	31110992
1781349879	snap	2200	otelcol	otelcol-sb-esrev0-ctr-bxzgg	otelcol_receiver_refused_spans	0
1781349879	snap	2200	otelcol	otelcol-sb-esrev0-ctr-bxzgg	otelcol_receiver_failed_spans	0
1781349879	snap	2200	otelcol	otelcol-sb-esrev0-ctr-bxzgg	otelcol_exporter_sent_spans	167123
1781349879	snap	2200	otelcol	otelcol-sb-esrev0-ctr-bxzgg	otelcol_receiver_accepted_spans	167123
1781349879	snap	2200	otelcol	otelcol-sb-esrev0-ctr-bxzgg	otelcol_exporter_queue_size	0
1781349879	snap	2200	otelcol	otelcol-sb-esrev0-ctr-8ncml	otelcol_processor_outgoing_items	167966
1781349879	snap	2200	otelcol	otelcol-sb-esrev0-ctr-8ncml	otelcol_process_cpu_seconds	9
1781349879	snap	2200	otelcol	otelcol-sb-esrev0-ctr-8ncml	otelcol_process_uptime	257
1781349879	snap	2200	otelcol	otelcol-sb-esrev0-ctr-8ncml	otelcol_exporter_queue_batch_send_size_sum	167966
1781349879	snap	2200	otelcol	otelcol-sb-esrev0-ctr-8ncml	otelcol_receiver_failed_spans	0
1781349879	snap	2200	otelcol	otelcol-sb-esrev0-ctr-8ncml	otelcol_receiver_refused_spans	0
1781349879	snap	2200	otelcol	otelcol-sb-esrev0-ctr-8ncml	otelcol_process_runtime_heap_alloc_bytes	48250192
1781349879	snap	2200	otelcol	otelcol-sb-esrev0-ctr-8ncml	otelcol_processor_batch_batch_send_size_sum	167966
1781349879	snap	2200	otelcol	otelcol-sb-esrev0-ctr-8ncml	otelcol_process_runtime_total_sys_memory_bytes	79661336
1781349879	snap	2200	otelcol	otelcol-sb-esrev0-ctr-8ncml	otelcol_exporter_sent_spans	167966
1781349879	snap	2200	otelcol	otelcol-sb-esrev0-ctr-8ncml	otelcol_exporter_queue_size	0
1781349879	snap	2200	otelcol	otelcol-sb-esrev0-ctr-8ncml	otelcol_exporter_send_failed_spans	0
1781349879	snap	2200	otelcol	otelcol-sb-esrev0-ctr-8ncml	otelcol_receiver_accepted_spans	167966
1781349879	snap	2200	otelcol	otelcol-sb-esrev0-ctr-8ncml	otelcol_processor_batch_metadata_cardinality	1
1781349879	snap	2200	otelcol	otelcol-sb-esrev0-ctr-8ncml	otelcol_processor_incoming_items	167966
1781349879	snap	2200	otelcol	otelcol-sb-esrev0-ctr-8ncml	otelcol_processor_batch_timeout_trigger_send	962
1781349879	snap	2200	otelcol	otelcol-sb-esrev0-ctr-8ncml	otelcol_exporter_queue_capacity	1001
1781349879	snap	2200	otelcol	otelcol-sb-esrev0-ctr-8ncml	otelcol_process_runtime_total_alloc_bytes	218194672
1781349879	snap	2200	otelcol	otelcol-sb-esrev0-ctr-8ncml	otelcol_process_memory_rss	215252992
1781349879	snap	2200	otelcol	otelcol-sb-esrev0-ctr-t4pj5	otelcol_exporter_send_failed_spans	0
1781349879	snap	2200	otelcol	otelcol-sb-esrev0-ctr-t4pj5	otelcol_exporter_queue_size	0
1781349879	snap	2200	otelcol	otelcol-sb-esrev0-ctr-t4pj5	otelcol_processor_incoming_items	281776
1781349879	snap	2200	otelcol	otelcol-sb-esrev0-ctr-t4pj5	otelcol_processor_outgoing_items	278578
1781349879	snap	2200	otelcol	otelcol-sb-esrev0-ctr-t4pj5	otelcol_process_runtime_total_sys_memory_bytes	84338968
1781349879	snap	2200	otelcol	otelcol-sb-esrev0-ctr-t4pj5	otelcol_processor_batch_metadata_cardinality	1
1781349879	snap	2200	otelcol	otelcol-sb-esrev0-ctr-t4pj5	otelcol_processor_batch_timeout_trigger_send	960
1781349879	snap	2200	otelcol	otelcol-sb-esrev0-ctr-t4pj5	otelcol_process_memory_rss	221589504
1781349879	snap	2200	otelcol	otelcol-sb-esrev0-ctr-t4pj5	otelcol_exporter_queue_batch_send_size_sum	278578
1781349879	snap	2200	otelcol	otelcol-sb-esrev0-ctr-t4pj5	otelcol_receiver_failed_spans	0
1781349879	snap	2200	otelcol	otelcol-sb-esrev0-ctr-t4pj5	otelcol_process_cpu_seconds	10
1781349879	snap	2200	otelcol	otelcol-sb-esrev0-ctr-t4pj5	otelcol_receiver_accepted_spans	278578
1781349879	snap	2200	otelcol	otelcol-sb-esrev0-ctr-t4pj5	otelcol_process_runtime_heap_alloc_bytes	31306744
1781349879	snap	2200	otelcol	otelcol-sb-esrev0-ctr-t4pj5	otelcol_exporter_sent_spans	278578
1781349879	snap	2200	otelcol	otelcol-sb-esrev0-ctr-t4pj5	otelcol_processor_batch_batch_send_size_sum	278578
1781349879	snap	2200	otelcol	otelcol-sb-esrev0-ctr-t4pj5	otelcol_process_uptime	262
1781349879	snap	2200	otelcol	otelcol-sb-esrev0-ctr-t4pj5	otelcol_process_runtime_total_alloc_bytes	288462616
1781349879	snap	2200	otelcol	otelcol-sb-esrev0-ctr-t4pj5	otelcol_exporter_queue_capacity	1001
1781349879	snap	2200	otelcol	otelcol-sb-esrev0-ctr-t4pj5	otelcol_receiver_refused_spans	3198
1781349879	snap	2200	k8s	otelcol-sb-esrev0-ctr-5tpmc	restart_count	0
1781349879	snap	2200	k8s	otelcol-sb-esrev0-ctr-8ncml	restart_count	0
1781349879	snap	2200	k8s	otelcol-sb-esrev0-ctr-bgnq8	restart_count	0
1781349879	snap	2200	k8s	otelcol-sb-esrev0-ctr-bxzgg	restart_count	0
1781349879	snap	2200	k8s	otelcol-sb-esrev0-ctr-hj4v4	restart_count	0
1781349879	snap	2200	k8s	otelcol-sb-esrev0-ctr-j6v9t	restart_count	0
1781349879	snap	2200	k8s	otelcol-sb-esrev0-ctr-mg8jm	restart_count	0
1781349879	snap	2200	k8s	otelcol-sb-esrev0-ctr-t4pj5	restart_count	0
1781349879	snap	2200	k8s	otelcol-sb-esrev0-ctr-vb2mk	restart_count	0
1781349879	snap	2200	sdk	wrk2api	spans_received	36866
1781349879	snap	2200	sdk	wrk2api	spans_sent	36866
1781349879	snap	2200	sdk	wrk2api	spans_dropped	0
1781349879	snap	2200	sdk	wrk2api	spans_flushed	36866
1781349879	snap	2200	sdk	wrk2api	batches_sent	3670
1781349879	snap	2200	sdk	wrk2api	batches_dropped	0
1781349879	snap	2200	sdk	wrk2api	send_unavailable	0
1781349879	snap	2200	sdk	wrk2api	send_deadline	0
1781349879	snap	2200	sdk	wrk2api	send_exhausted	0
1781349879	snap	2200	sdk	wrk2api	send_canceled	0
1781349879	snap	2200	sdk	wrk2api	send_other	0
1781349879	snap	2200	sdk	wrk2api	buffer_depth	0
0
1781349879	snap	2200	sdk	wrk2api	cp_received	18433
1781349879	snap	2200	sdk	wrk2api	lp_received	18433
1781349879	snap	2200	sdk	wrk2api	cp_sent	18433
1781349879	snap	2200	sdk	wrk2api	lp_sent	18433
1781349879	snap	2200	sdk	wrk2api	cp_dropped	0
1781349879	snap	2200	sdk	wrk2api	lp_dropped	0
1781349879	snap	2200	sdk	composepost	spans_received	1039132
1781349879	snap	2200	sdk	composepost	spans_sent	956957
1781349879	snap	2200	sdk	composepost	spans_dropped	82175
1781349879	snap	2200	sdk	composepost	spans_flushed	1039132
1781349879	snap	2200	sdk	composepost	batches_sent	12353
1781349879	snap	2200	sdk	composepost	batches_dropped	412
1781349879	snap	2200	sdk	composepost	send_unavailable	412
1781349879	snap	2200	sdk	composepost	send_deadline	0
1781349879	snap	2200	sdk	composepost	send_exhausted	0
1781349879	snap	2200	sdk	composepost	send_canceled	0
1781349879	snap	2200	sdk	composepost	send_other	0
1781349879	snap	2200	sdk	composepost	buffer_depth	0
0
1781349879	snap	2200	sdk	composepost	cp_received	909240
1781349879	snap	2200	sdk	composepost	lp_received	129892
1781349879	snap	2200	sdk	composepost	cp_sent	909240
1781349879	snap	2200	sdk	composepost	lp_sent	47717
1781349879	snap	2200	sdk	composepost	cp_dropped	0
1781349879	snap	2200	sdk	composepost	lp_dropped	82175
1781349879	snap	2200	sdk	hometimeline	spans_received	259776
1781349879	snap	2200	sdk	hometimeline	spans_sent	94165
1781349879	snap	2200	sdk	hometimeline	spans_dropped	165611
1781349879	snap	2200	sdk	hometimeline	spans_flushed	259776
1781349879	snap	2200	sdk	hometimeline	batches_sent	2363
1781349879	snap	2200	sdk	hometimeline	batches_dropped	829
1781349879	snap	2200	sdk	hometimeline	send_unavailable	829
1781349879	snap	2200	sdk	hometimeline	send_deadline	0
1781349879	snap	2200	sdk	hometimeline	send_exhausted	0
1781349879	snap	2200	sdk	hometimeline	send_canceled	0
1781349879	snap	2200	sdk	hometimeline	send_other	0
1781349879	snap	2200	sdk	hometimeline	buffer_depth	0
0
1781349879	snap	2200	sdk	hometimeline	cp_received	0
1781349879	snap	2200	sdk	hometimeline	lp_received	259776
1781349879	snap	2200	sdk	hometimeline	cp_sent	0
1781349879	snap	2200	sdk	hometimeline	lp_sent	94165
1781349879	snap	2200	sdk	hometimeline	cp_dropped	0
1781349879	snap	2200	sdk	hometimeline	lp_dropped	165611
1781349879	snap	2200	sdk	media	spans_received	129892
1781349879	snap	2200	sdk	media	spans_sent	129892
1781349879	snap	2200	sdk	media	spans_dropped	0
1781349879	snap	2200	sdk	media	spans_flushed	129892
1781349879	snap	2200	sdk	media	batches_sent	1597
1781349879	snap	2200	sdk	media	batches_dropped	0
1781349879	snap	2200	sdk	media	send_unavailable	0
1781349879	snap	2200	sdk	media	send_deadline	0
1781349879	snap	2200	sdk	media	send_exhausted	0
1781349879	snap	2200	sdk	media	send_canceled	0
1781349879	snap	2200	sdk	media	send_other	0
1781349879	snap	2200	sdk	media	buffer_depth	0
0
1781349879	snap	2200	sdk	media	cp_received	129892
1781349879	snap	2200	sdk	media	lp_received	0
1781349879	snap	2200	sdk	media	cp_sent	129892
1781349879	snap	2200	sdk	media	lp_sent	0
1781349879	snap	2200	sdk	media	cp_dropped	0
1781349879	snap	2200	sdk	media	lp_dropped	0
1781349879	snap	2200	sdk	post-storage	spans_received	129888
1781349879	snap	2200	sdk	post-storage	spans_sent	129888
1781349879	snap	2200	sdk	post-storage	spans_dropped	0
1781349879	snap	2200	sdk	post-storage	spans_flushed	129888
1781349879	snap	2200	sdk	post-storage	batches_sent	1595
1781349879	snap	2200	sdk	post-storage	batches_dropped	0
1781349879	snap	2200	sdk	post-storage	send_unavailable	0
1781349879	snap	2200	sdk	post-storage	send_deadline	0
1781349879	snap	2200	sdk	post-storage	send_exhausted	0
1781349879	snap	2200	sdk	post-storage	send_canceled	0
1781349879	snap	2200	sdk	post-storage	send_other	0
1781349879	snap	2200	sdk	post-storage	buffer_depth	0
0
1781349879	snap	2200	sdk	post-storage	cp_received	129888
1781349879	snap	2200	sdk	post-storage	lp_received	0
1781349879	snap	2200	sdk	post-storage	cp_sent	129888
1781349879	snap	2200	sdk	post-storage	lp_sent	0
1781349879	snap	2200	sdk	post-storage	cp_dropped	0
1781349879	snap	2200	sdk	post-storage	lp_dropped	0
1781349879	snap	2200	sdk	socialgraph	spans_received	243722
1781349879	snap	2200	sdk	socialgraph	spans_sent	240900
1781349879	snap	2200	sdk	socialgraph	spans_dropped	2822
1781349879	snap	2200	sdk	socialgraph	spans_flushed	243722
1781349879	snap	2200	sdk	socialgraph	batches_sent	2068
1781349879	snap	2200	sdk	socialgraph	batches_dropped	14
1781349879	snap	2200	sdk	socialgraph	send_unavailable	14
1781349879	snap	2200	sdk	socialgraph	send_deadline	0
1781349879	snap	2200	sdk	socialgraph	send_exhausted	0
1781349879	snap	2200	sdk	socialgraph	send_canceled	0
1781349879	snap	2200	sdk	socialgraph	send_other	0
1781349879	snap	2200	sdk	socialgraph	buffer_depth	0
0
1781349879	snap	2200	sdk	socialgraph	cp_received	206098
1781349879	snap	2200	sdk	socialgraph	lp_received	37624
1781349879	snap	2200	sdk	socialgraph	cp_sent	206098
1781349879	snap	2200	sdk	socialgraph	lp_sent	34802
1781349879	snap	2200	sdk	socialgraph	cp_dropped	0
1781349879	snap	2200	sdk	socialgraph	lp_dropped	2822
1781349879	snap	2200	sdk	text	spans_received	389684
1781349879	snap	2200	sdk	text	spans_sent	389684
1781349879	snap	2200	sdk	text	spans_dropped	0
1781349879	snap	2200	sdk	text	spans_flushed	389684
1781349879	snap	2200	sdk	text	batches_sent	4785
1781349879	snap	2200	sdk	text	batches_dropped	0
1781349879	snap	2200	sdk	text	send_unavailable	0
1781349879	snap	2200	sdk	text	send_deadline	0
1781349879	snap	2200	sdk	text	send_exhausted	0
1781349879	snap	2200	sdk	text	send_canceled	0
1781349879	snap	2200	sdk	text	send_other	0
1781349879	snap	2200	sdk	text	buffer_depth	0
0
1781349879	snap	2200	sdk	text	cp_received	0
1781349879	snap	2200	sdk	text	lp_received	389684
1781349879	snap	2200	sdk	text	cp_sent	0
1781349879	snap	2200	sdk	text	lp_sent	389684
1781349879	snap	2200	sdk	text	cp_dropped	0
1781349879	snap	2200	sdk	text	lp_dropped	0
1781349879	snap	2200	sdk	uniqueid	spans_received	129892
1781349879	snap	2200	sdk	uniqueid	spans_sent	129892
1781349879	snap	2200	sdk	uniqueid	spans_dropped	0
1781349879	snap	2200	sdk	uniqueid	spans_flushed	129892
1781349879	snap	2200	sdk	uniqueid	batches_sent	1595
1781349879	snap	2200	sdk	uniqueid	batches_dropped	0
1781349879	snap	2200	sdk	uniqueid	send_unavailable	0
1781349879	snap	2200	sdk	uniqueid	send_deadline	0
1781349879	snap	2200	sdk	uniqueid	send_exhausted	0
1781349879	snap	2200	sdk	uniqueid	send_canceled	0
1781349879	snap	2200	sdk	uniqueid	send_other	0
1781349879	snap	2200	sdk	uniqueid	buffer_depth	0
0
1781349879	snap	2200	sdk	uniqueid	cp_received	129892
1781349879	snap	2200	sdk	uniqueid	lp_received	0
1781349879	snap	2200	sdk	uniqueid	cp_sent	129892
1781349879	snap	2200	sdk	uniqueid	lp_sent	0
1781349879	snap	2200	sdk	uniqueid	cp_dropped	0
1781349879	snap	2200	sdk	uniqueid	lp_dropped	0
1781349879	snap	2200	sdk	urlshorten	spans_received	129892
1781349879	snap	2200	sdk	urlshorten	spans_sent	129892
1781349879	snap	2200	sdk	urlshorten	spans_dropped	0
1781349879	snap	2200	sdk	urlshorten	spans_flushed	129892
1781349879	snap	2200	sdk	urlshorten	batches_sent	1595
1781349879	snap	2200	sdk	urlshorten	batches_dropped	0
1781349879	snap	2200	sdk	urlshorten	send_unavailable	0
1781349879	snap	2200	sdk	urlshorten	send_deadline	0
1781349879	snap	2200	sdk	urlshorten	send_exhausted	0
1781349879	snap	2200	sdk	urlshorten	send_canceled	0
1781349879	snap	2200	sdk	urlshorten	send_other	0
1781349879	snap	2200	sdk	urlshorten	buffer_depth	0
0
1781349879	snap	2200	sdk	urlshorten	cp_received	129892
1781349879	snap	2200	sdk	urlshorten	lp_received	0
1781349879	snap	2200	sdk	urlshorten	cp_sent	129892
1781349879	snap	2200	sdk	urlshorten	lp_sent	0
1781349879	snap	2200	sdk	urlshorten	cp_dropped	0
1781349879	snap	2200	sdk	urlshorten	lp_dropped	0
1781349879	snap	2200	sdk	user	spans_received	131816
1781349879	snap	2200	sdk	user	spans_sent	131816
1781349879	snap	2200	sdk	user	spans_dropped	0
1781349879	snap	2200	sdk	user	spans_flushed	131816
1781349879	snap	2200	sdk	user	batches_sent	1607
1781349879	snap	2200	sdk	user	batches_dropped	0
1781349879	snap	2200	sdk	user	send_unavailable	0
1781349879	snap	2200	sdk	user	send_deadline	0
1781349879	snap	2200	sdk	user	send_exhausted	0
1781349879	snap	2200	sdk	user	send_canceled	0
1781349879	snap	2200	sdk	user	send_other	0
1781349879	snap	2200	sdk	user	buffer_depth	0
0
1781349879	snap	2200	sdk	user	cp_received	130854
1781349879	snap	2200	sdk	user	lp_received	962
1781349879	snap	2200	sdk	user	cp_sent	130854
1781349879	snap	2200	sdk	user	lp_sent	962
1781349879	snap	2200	sdk	user	cp_dropped	0
1781349879	snap	2200	sdk	user	lp_dropped	0
1781349879	snap	2200	sdk	userid	spans_received	75248
1781349879	snap	2200	sdk	userid	spans_sent	75248
1781349879	snap	2200	sdk	userid	spans_dropped	0
1781349879	snap	2200	sdk	userid	spans_flushed	75248
1781349879	snap	2200	sdk	userid	batches_sent	247
1781349879	snap	2200	sdk	userid	batches_dropped	0
1781349879	snap	2200	sdk	userid	send_unavailable	0
1781349879	snap	2200	sdk	userid	send_deadline	0
1781349879	snap	2200	sdk	userid	send_exhausted	0
1781349879	snap	2200	sdk	userid	send_canceled	0
1781349879	snap	2200	sdk	userid	send_other	0
1781349879	snap	2200	sdk	userid	buffer_depth	0
0
1781349879	snap	2200	sdk	userid	cp_received	75248
1781349879	snap	2200	sdk	userid	lp_received	0
1781349879	snap	2200	sdk	userid	cp_sent	75248
1781349879	snap	2200	sdk	userid	lp_sent	0
1781349879	snap	2200	sdk	userid	cp_dropped	0
1781349879	snap	2200	sdk	userid	lp_dropped	0
1781349879	snap	2200	sdk	usermention	spans_received	129892
1781349879	snap	2200	sdk	usermention	spans_sent	129892
1781349879	snap	2200	sdk	usermention	spans_dropped	0
1781349879	snap	2200	sdk	usermention	spans_flushed	129892
1781349879	snap	2200	sdk	usermention	batches_sent	1595
1781349879	snap	2200	sdk	usermention	batches_dropped	0
1781349879	snap	2200	sdk	usermention	send_unavailable	0
1781349879	snap	2200	sdk	usermention	send_deadline	0
1781349879	snap	2200	sdk	usermention	send_exhausted	0
1781349879	snap	2200	sdk	usermention	send_canceled	0
1781349879	snap	2200	sdk	usermention	send_other	0
1781349879	snap	2200	sdk	usermention	buffer_depth	0
0
1781349879	snap	2200	sdk	usermention	cp_received	129892
1781349879	snap	2200	sdk	usermention	lp_received	0
1781349879	snap	2200	sdk	usermention	cp_sent	129892
1781349879	snap	2200	sdk	usermention	lp_sent	0
1781349879	snap	2200	sdk	usermention	cp_dropped	0
1781349879	snap	2200	sdk	usermention	lp_dropped	0
1781349879	snap	2200	sdk	usertimeline	spans_received	129888
1781349879	snap	2200	sdk	usertimeline	spans_sent	129888
1781349879	snap	2200	sdk	usertimeline	spans_dropped	0
1781349879	snap	2200	sdk	usertimeline	spans_flushed	129888
1781349879	snap	2200	sdk	usertimeline	batches_sent	1595
1781349879	snap	2200	sdk	usertimeline	batches_dropped	0
1781349879	snap	2200	sdk	usertimeline	send_unavailable	0
1781349879	snap	2200	sdk	usertimeline	send_deadline	0
1781349879	snap	2200	sdk	usertimeline	send_exhausted	0
1781349879	snap	2200	sdk	usertimeline	send_canceled	0
1781349879	snap	2200	sdk	usertimeline	send_other	0
1781349879	snap	2200	sdk	usertimeline	buffer_depth	0
0
1781349879	snap	2200	sdk	usertimeline	cp_received	129888
1781349879	snap	2200	sdk	usertimeline	lp_received	0
1781349879	snap	2200	sdk	usertimeline	cp_sent	129888
1781349879	snap	2200	sdk	usertimeline	lp_sent	0
1781349879	snap	2200	sdk	usertimeline	cp_dropped	0
1781349879	snap	2200	sdk	usertimeline	lp_dropped	0
1781349947	snap	2200	otelcol	otelcol-sb-esrev0-ctr-hj4v4	otelcol_process_uptime	323
1781349947	snap	2200	otelcol	otelcol-sb-esrev0-ctr-hj4v4	otelcol_exporter_sent_spans	563508
1781349947	snap	2200	otelcol	otelcol-sb-esrev0-ctr-hj4v4	otelcol_process_runtime_total_sys_memory_bytes	89147672
1781349947	snap	2200	otelcol	otelcol-sb-esrev0-ctr-hj4v4	otelcol_process_runtime_total_alloc_bytes	498014488
1781349947	snap	2200	otelcol	otelcol-sb-esrev0-ctr-hj4v4	otelcol_exporter_queue_capacity	1001
1781349947	snap	2200	otelcol	otelcol-sb-esrev0-ctr-hj4v4	otelcol_receiver_failed_spans	0
1781349947	snap	2200	otelcol	otelcol-sb-esrev0-ctr-hj4v4	otelcol_processor_batch_metadata_cardinality	1
1781349947	snap	2200	otelcol	otelcol-sb-esrev0-ctr-hj4v4	otelcol_processor_batch_batch_send_size_sum	563508
1781349947	snap	2200	otelcol	otelcol-sb-esrev0-ctr-hj4v4	otelcol_receiver_refused_spans	25584
1781349947	snap	2200	otelcol	otelcol-sb-esrev0-ctr-hj4v4	otelcol_processor_batch_timeout_trigger_send	1263
1781349947	snap	2200	otelcol	otelcol-sb-esrev0-ctr-hj4v4	otelcol_exporter_send_failed_spans	0
1781349947	snap	2200	otelcol	otelcol-sb-esrev0-ctr-hj4v4	otelcol_exporter_queue_size	0
1781349947	snap	2200	otelcol	otelcol-sb-esrev0-ctr-hj4v4	otelcol_exporter_queue_batch_send_size_sum	563508
1781349947	snap	2200	otelcol	otelcol-sb-esrev0-ctr-hj4v4	otelcol_processor_incoming_items	589092
1781349947	snap	2200	otelcol	otelcol-sb-esrev0-ctr-hj4v4	otelcol_process_runtime_heap_alloc_bytes	53586192
1781349947	snap	2200	otelcol	otelcol-sb-esrev0-ctr-hj4v4	otelcol_process_memory_rss	228794368
1781349947	snap	2200	otelcol	otelcol-sb-esrev0-ctr-hj4v4	otelcol_receiver_accepted_spans	563508
1781349947	snap	2200	otelcol	otelcol-sb-esrev0-ctr-hj4v4	otelcol_processor_outgoing_items	563508
1781349947	snap	2200	otelcol	otelcol-sb-esrev0-ctr-hj4v4	otelcol_process_cpu_seconds	16
1781349947	snap	2200	otelcol	otelcol-sb-esrev0-ctr-bgnq8	otelcol_processor_batch_batch_send_size_sum	329905
1781349947	snap	2200	otelcol	otelcol-sb-esrev0-ctr-bgnq8	otelcol_exporter_sent_spans	329905
1781349947	snap	2200	otelcol	otelcol-sb-esrev0-ctr-bgnq8	otelcol_processor_batch_metadata_cardinality	1
1781349947	snap	2200	otelcol	otelcol-sb-esrev0-ctr-bgnq8	otelcol_receiver_accepted_spans	329905
1781349947	snap	2200	otelcol	otelcol-sb-esrev0-ctr-bgnq8	otelcol_process_uptime	325
1781349947	snap	2200	otelcol	otelcol-sb-esrev0-ctr-bgnq8	otelcol_process_memory_rss	221405184
1781349947	snap	2200	otelcol	otelcol-sb-esrev0-ctr-bgnq8	otelcol_exporter_queue_size	0
1781349947	snap	2200	otelcol	otelcol-sb-esrev0-ctr-bgnq8	otelcol_processor_incoming_items	329905
1781349947	snap	2200	otelcol	otelcol-sb-esrev0-ctr-bgnq8	otelcol_exporter_queue_capacity	1001
1781349947	snap	2200	otelcol	otelcol-sb-esrev0-ctr-bgnq8	otelcol_processor_batch_timeout_trigger_send	1264
1781349947	snap	2200	otelcol	otelcol-sb-esrev0-ctr-bgnq8	otelcol_process_runtime_total_alloc_bytes	343408440
1781349947	snap	2200	otelcol	otelcol-sb-esrev0-ctr-bgnq8	otelcol_receiver_refused_spans	0
1781349947	snap	2200	otelcol	otelcol-sb-esrev0-ctr-bgnq8	otelcol_process_runtime_total_sys_memory_bytes	84920600
1781349947	snap	2200	otelcol	otelcol-sb-esrev0-ctr-bgnq8	otelcol_receiver_failed_spans	0
1781349947	snap	2200	otelcol	otelcol-sb-esrev0-ctr-bgnq8	otelcol_process_runtime_heap_alloc_bytes	44578032
1781349947	snap	2200	otelcol	otelcol-sb-esrev0-ctr-bgnq8	otelcol_exporter_send_failed_spans	0
1781349947	snap	2200	otelcol	otelcol-sb-esrev0-ctr-bgnq8	otelcol_processor_outgoing_items	329905
1781349947	snap	2200	otelcol	otelcol-sb-esrev0-ctr-bgnq8	otelcol_process_cpu_seconds	12
1781349947	snap	2200	otelcol	otelcol-sb-esrev0-ctr-bgnq8	otelcol_exporter_queue_batch_send_size_sum	329905
1781349947	snap	2200	otelcol	otelcol-sb-esrev0-ctr-vb2mk	otelcol_process_uptime	325
1781349947	snap	2200	otelcol	otelcol-sb-esrev0-ctr-vb2mk	otelcol_process_memory_rss	225087488
1781349947	snap	2200	otelcol	otelcol-sb-esrev0-ctr-vb2mk	otelcol_exporter_send_failed_spans	0
1781349947	snap	2200	otelcol	otelcol-sb-esrev0-ctr-vb2mk	otelcol_receiver_accepted_spans	327594
1781349947	snap	2200	otelcol	otelcol-sb-esrev0-ctr-vb2mk	otelcol_process_runtime_total_sys_memory_bytes	84666648
1781349947	snap	2200	otelcol	otelcol-sb-esrev0-ctr-vb2mk	otelcol_exporter_queue_batch_send_size_sum	327594
1781349947	snap	2200	otelcol	otelcol-sb-esrev0-ctr-vb2mk	otelcol_process_cpu_seconds	13
1781349947	snap	2200	otelcol	otelcol-sb-esrev0-ctr-vb2mk	otelcol_process_runtime_heap_alloc_bytes	35629848
1781349947	snap	2200	otelcol	otelcol-sb-esrev0-ctr-vb2mk	otelcol_exporter_sent_spans	327594
1781349947	snap	2200	otelcol	otelcol-sb-esrev0-ctr-vb2mk	otelcol_exporter_queue_capacity	1001
1781349947	snap	2200	otelcol	otelcol-sb-esrev0-ctr-vb2mk	otelcol_receiver_refused_spans	0
1781349947	snap	2200	otelcol	otelcol-sb-esrev0-ctr-vb2mk	otelcol_processor_incoming_items	327594
1781349947	snap	2200	otelcol	otelcol-sb-esrev0-ctr-vb2mk	otelcol_processor_outgoing_items	327594
1781349947	snap	2200	otelcol	otelcol-sb-esrev0-ctr-vb2mk	otelcol_exporter_queue_size	0
1781349947	snap	2200	otelcol	otelcol-sb-esrev0-ctr-vb2mk	otelcol_processor_batch_metadata_cardinality	1
1781349947	snap	2200	otelcol	otelcol-sb-esrev0-ctr-vb2mk	otelcol_receiver_failed_spans	0
1781349947	snap	2200	otelcol	otelcol-sb-esrev0-ctr-vb2mk	otelcol_processor_batch_timeout_trigger_send	1258
1781349947	snap	2200	otelcol	otelcol-sb-esrev0-ctr-vb2mk	otelcol_processor_batch_batch_send_size_sum	327594
1781349947	snap	2200	otelcol	otelcol-sb-esrev0-ctr-vb2mk	otelcol_process_runtime_total_alloc_bytes	330825872
1781349947	snap	2200	otelcol	otelcol-sb-esrev0-ctr-j6v9t	otelcol_processor_incoming_items	2680948
1781349947	snap	2200	otelcol	otelcol-sb-esrev0-ctr-j6v9t	otelcol_process_cpu_seconds	38
1781349947	snap	2200	otelcol	otelcol-sb-esrev0-ctr-j6v9t	otelcol_process_uptime	323
1781349947	snap	2200	otelcol	otelcol-sb-esrev0-ctr-j6v9t	otelcol_process_runtime_heap_alloc_bytes	49258000
1781349947	snap	2200	otelcol	otelcol-sb-esrev0-ctr-j6v9t	otelcol_exporter_sent_spans	2042293
1781349947	snap	2200	otelcol	otelcol-sb-esrev0-ctr-j6v9t	otelcol_exporter_send_failed_spans	0
1781349947	snap	2200	otelcol	otelcol-sb-esrev0-ctr-j6v9t	otelcol_receiver_failed_spans	0
1781349947	snap	2200	otelcol	otelcol-sb-esrev0-ctr-j6v9t	otelcol_processor_outgoing_items	2042293
1781349947	snap	2200	otelcol	otelcol-sb-esrev0-ctr-j6v9t	otelcol_processor_batch_batch_send_size_sum	2042293
1781349947	snap	2200	otelcol	otelcol-sb-esrev0-ctr-j6v9t	otelcol_process_runtime_total_sys_memory_bytes	105994536
1781349947	snap	2200	otelcol	otelcol-sb-esrev0-ctr-j6v9t	otelcol_process_runtime_total_alloc_bytes	1894505448
1781349947	snap	2200	otelcol	otelcol-sb-esrev0-ctr-j6v9t	otelcol_processor_batch_metadata_cardinality	1
1781349947	snap	2200	otelcol	otelcol-sb-esrev0-ctr-j6v9t	otelcol_processor_batch_timeout_trigger_send	1262
1781349947	snap	2200	otelcol	otelcol-sb-esrev0-ctr-j6v9t	otelcol_exporter_queue_size	0
1781349947	snap	2200	otelcol	otelcol-sb-esrev0-ctr-j6v9t	otelcol_receiver_accepted_spans	2042293
1781349947	snap	2200	otelcol	otelcol-sb-esrev0-ctr-j6v9t	otelcol_process_memory_rss	238682112
1781349947	snap	2200	otelcol	otelcol-sb-esrev0-ctr-j6v9t	otelcol_receiver_refused_spans	638655
1781349947	snap	2200	otelcol	otelcol-sb-esrev0-ctr-j6v9t	otelcol_exporter_queue_capacity	1001
1781349947	snap	2200	otelcol	otelcol-sb-esrev0-ctr-j6v9t	otelcol_exporter_queue_batch_send_size_sum	2042293
1781349947	snap	2200	otelcol	otelcol-sb-esrev0-ctr-5tpmc	otelcol_processor_batch_timeout_trigger_send	1267
1781349947	snap	2200	otelcol	otelcol-sb-esrev0-ctr-5tpmc	otelcol_process_runtime_heap_alloc_bytes	56444224
1781349947	snap	2200	otelcol	otelcol-sb-esrev0-ctr-5tpmc	otelcol_processor_outgoing_items	1189299
1781349947	snap	2200	otelcol	otelcol-sb-esrev0-ctr-5tpmc	otelcol_receiver_accepted_spans	1189299
1781349947	snap	2200	otelcol	otelcol-sb-esrev0-ctr-5tpmc	otelcol_process_uptime	324
1781349947	snap	2200	otelcol	otelcol-sb-esrev0-ctr-5tpmc	otelcol_process_runtime_total_alloc_bytes	770895896
1781349947	snap	2200	otelcol	otelcol-sb-esrev0-ctr-5tpmc	otelcol_exporter_queue_capacity	1001
1781349947	snap	2200	otelcol	otelcol-sb-esrev0-ctr-5tpmc	otelcol_receiver_refused_spans	0
1781349947	snap	2200	otelcol	otelcol-sb-esrev0-ctr-5tpmc	otelcol_exporter_queue_batch_send_size_sum	1189299
1781349947	snap	2200	otelcol	otelcol-sb-esrev0-ctr-5tpmc	otelcol_receiver_failed_spans	0
1781349947	snap	2200	otelcol	otelcol-sb-esrev0-ctr-5tpmc	otelcol_process_cpu_seconds	21
1781349947	snap	2200	otelcol	otelcol-sb-esrev0-ctr-5tpmc	otelcol_processor_batch_batch_send_size_sum	1189299
1781349947	snap	2200	otelcol	otelcol-sb-esrev0-ctr-5tpmc	otelcol_exporter_send_failed_spans	0
1781349947	snap	2200	otelcol	otelcol-sb-esrev0-ctr-5tpmc	otelcol_processor_batch_metadata_cardinality	1
1781349947	snap	2200	otelcol	otelcol-sb-esrev0-ctr-5tpmc	otelcol_process_runtime_total_sys_memory_bytes	93382936
1781349947	snap	2200	otelcol	otelcol-sb-esrev0-ctr-5tpmc	otelcol_process_memory_rss	232251392
1781349947	snap	2200	otelcol	otelcol-sb-esrev0-ctr-5tpmc	otelcol_exporter_sent_spans	1189299
1781349947	snap	2200	otelcol	otelcol-sb-esrev0-ctr-5tpmc	otelcol_processor_incoming_items	1189299
1781349947	snap	2200	otelcol	otelcol-sb-esrev0-ctr-5tpmc	otelcol_exporter_queue_size	0
1781349947	snap	2200	otelcol	otelcol-sb-esrev0-ctr-mg8jm	otelcol_processor_outgoing_items	66085
1781349947	snap	2200	otelcol	otelcol-sb-esrev0-ctr-mg8jm	otelcol_process_memory_rss	208883712
1781349947	snap	2200	otelcol	otelcol-sb-esrev0-ctr-mg8jm	otelcol_exporter_queue_batch_send_size_sum	66085
1781349947	snap	2200	otelcol	otelcol-sb-esrev0-ctr-mg8jm	otelcol_process_runtime_heap_alloc_bytes	35751360
1781349947	snap	2200	otelcol	otelcol-sb-esrev0-ctr-mg8jm	otelcol_receiver_failed_spans	0
1781349947	snap	2200	otelcol	otelcol-sb-esrev0-ctr-mg8jm	otelcol_process_runtime_total_sys_memory_bytes	71362840
1781349947	snap	2200	otelcol	otelcol-sb-esrev0-ctr-mg8jm	otelcol_process_cpu_seconds	12
1781349947	snap	2200	otelcol	otelcol-sb-esrev0-ctr-mg8jm	otelcol_receiver_refused_spans	0
1781349947	snap	2200	otelcol	otelcol-sb-esrev0-ctr-mg8jm	otelcol_processor_batch_batch_send_size_sum	66085
1781349947	snap	2200	otelcol	otelcol-sb-esrev0-ctr-mg8jm	otelcol_process_runtime_total_alloc_bytes	166065568
1781349947	snap	2200	otelcol	otelcol-sb-esrev0-ctr-mg8jm	otelcol_receiver_accepted_spans	66085
1781349947	snap	2200	otelcol	otelcol-sb-esrev0-ctr-mg8jm	otelcol_exporter_send_failed_spans	0
1781349947	snap	2200	otelcol	otelcol-sb-esrev0-ctr-mg8jm	otelcol_processor_batch_metadata_cardinality	1
1781349947	snap	2200	otelcol	otelcol-sb-esrev0-ctr-mg8jm	otelcol_exporter_sent_spans	66085
1781349947	snap	2200	otelcol	otelcol-sb-esrev0-ctr-mg8jm	otelcol_exporter_queue_capacity	1001
1781349947	snap	2200	otelcol	otelcol-sb-esrev0-ctr-mg8jm	otelcol_processor_incoming_items	66085
1781349947	snap	2200	otelcol	otelcol-sb-esrev0-ctr-mg8jm	otelcol_processor_batch_timeout_trigger_send	1252
1781349947	snap	2200	otelcol	otelcol-sb-esrev0-ctr-mg8jm	otelcol_process_uptime	318
1781349947	snap	2200	otelcol	otelcol-sb-esrev0-ctr-mg8jm	otelcol_exporter_queue_size	0
1781349947	snap	2200	otelcol	otelcol-sb-esrev0-ctr-bxzgg	otelcol_exporter_queue_capacity	1001
1781349947	snap	2200	otelcol	otelcol-sb-esrev0-ctr-bxzgg	otelcol_processor_batch_metadata_cardinality	1
1781349947	snap	2200	otelcol	otelcol-sb-esrev0-ctr-bxzgg	otelcol_processor_batch_timeout_trigger_send	1261
1781349947	snap	2200	otelcol	otelcol-sb-esrev0-ctr-bxzgg	otelcol_processor_incoming_items	327957
1781349947	snap	2200	otelcol	otelcol-sb-esrev0-ctr-bxzgg	otelcol_exporter_queue_batch_send_size_sum	327957
1781349947	snap	2200	otelcol	otelcol-sb-esrev0-ctr-bxzgg	otelcol_process_memory_rss	218865664
1781349947	snap	2200	otelcol	otelcol-sb-esrev0-ctr-bxzgg	otelcol_exporter_send_failed_spans	0
1781349947	snap	2200	otelcol	otelcol-sb-esrev0-ctr-bxzgg	otelcol_processor_outgoing_items	327957
1781349947	snap	2200	otelcol	otelcol-sb-esrev0-ctr-bxzgg	otelcol_process_cpu_seconds	13
1781349947	snap	2200	otelcol	otelcol-sb-esrev0-ctr-bxzgg	otelcol_process_uptime	324
1781349947	snap	2200	otelcol	otelcol-sb-esrev0-ctr-bxzgg	otelcol_process_runtime_total_alloc_bytes	333415952
1781349947	snap	2200	otelcol	otelcol-sb-esrev0-ctr-bxzgg	otelcol_processor_batch_batch_send_size_sum	327957
1781349947	snap	2200	otelcol	otelcol-sb-esrev0-ctr-bxzgg	otelcol_process_runtime_total_sys_memory_bytes	84134168
1781349947	snap	2200	otelcol	otelcol-sb-esrev0-ctr-bxzgg	otelcol_process_runtime_heap_alloc_bytes	37530240
1781349947	snap	2200	otelcol	otelcol-sb-esrev0-ctr-bxzgg	otelcol_receiver_refused_spans	0
1781349947	snap	2200	otelcol	otelcol-sb-esrev0-ctr-bxzgg	otelcol_receiver_failed_spans	0
1781349947	snap	2200	otelcol	otelcol-sb-esrev0-ctr-bxzgg	otelcol_exporter_sent_spans	327957
1781349947	snap	2200	otelcol	otelcol-sb-esrev0-ctr-bxzgg	otelcol_receiver_accepted_spans	327957
1781349947	snap	2200	otelcol	otelcol-sb-esrev0-ctr-bxzgg	otelcol_exporter_queue_size	0
1781349947	snap	2200	otelcol	otelcol-sb-esrev0-ctr-8ncml	otelcol_processor_outgoing_items	328798
1781349947	snap	2200	otelcol	otelcol-sb-esrev0-ctr-8ncml	otelcol_process_cpu_seconds	13
1781349947	snap	2200	otelcol	otelcol-sb-esrev0-ctr-8ncml	otelcol_process_uptime	325
1781349947	snap	2200	otelcol	otelcol-sb-esrev0-ctr-8ncml	otelcol_exporter_queue_batch_send_size_sum	328798
1781349947	snap	2200	otelcol	otelcol-sb-esrev0-ctr-8ncml	otelcol_receiver_failed_spans	0
1781349947	snap	2200	otelcol	otelcol-sb-esrev0-ctr-8ncml	otelcol_receiver_refused_spans	0
1781349947	snap	2200	otelcol	otelcol-sb-esrev0-ctr-8ncml	otelcol_process_runtime_heap_alloc_bytes	30154712
1781349947	snap	2200	otelcol	otelcol-sb-esrev0-ctr-8ncml	otelcol_processor_batch_batch_send_size_sum	328798
1781349947	snap	2200	otelcol	otelcol-sb-esrev0-ctr-8ncml	otelcol_process_runtime_total_sys_memory_bytes	79669528
1781349947	snap	2200	otelcol	otelcol-sb-esrev0-ctr-8ncml	otelcol_exporter_sent_spans	328798
1781349947	snap	2200	otelcol	otelcol-sb-esrev0-ctr-8ncml	otelcol_exporter_queue_size	0
1781349947	snap	2200	otelcol	otelcol-sb-esrev0-ctr-8ncml	otelcol_exporter_send_failed_spans	0
1781349947	snap	2200	otelcol	otelcol-sb-esrev0-ctr-8ncml	otelcol_receiver_accepted_spans	328798
1781349947	snap	2200	otelcol	otelcol-sb-esrev0-ctr-8ncml	otelcol_processor_batch_metadata_cardinality	1
1781349947	snap	2200	otelcol	otelcol-sb-esrev0-ctr-8ncml	otelcol_processor_incoming_items	328798
1781349947	snap	2200	otelcol	otelcol-sb-esrev0-ctr-8ncml	otelcol_processor_batch_timeout_trigger_send	1262
1781349947	snap	2200	otelcol	otelcol-sb-esrev0-ctr-8ncml	otelcol_exporter_queue_capacity	1001
1781349947	snap	2200	otelcol	otelcol-sb-esrev0-ctr-8ncml	otelcol_process_runtime_total_alloc_bytes	327151320
1781349947	snap	2200	otelcol	otelcol-sb-esrev0-ctr-8ncml	otelcol_process_memory_rss	219201536
1781349947	snap	2200	otelcol	otelcol-sb-esrev0-ctr-t4pj5	otelcol_exporter_send_failed_spans	0
1781349947	snap	2200	otelcol	otelcol-sb-esrev0-ctr-t4pj5	otelcol_exporter_queue_size	0
1781349947	snap	2200	otelcol	otelcol-sb-esrev0-ctr-t4pj5	otelcol_processor_incoming_items	442612
1781349947	snap	2200	otelcol	otelcol-sb-esrev0-ctr-t4pj5	otelcol_processor_outgoing_items	439414
1781349947	snap	2200	otelcol	otelcol-sb-esrev0-ctr-t4pj5	otelcol_process_runtime_total_sys_memory_bytes	84928792
1781349947	snap	2200	otelcol	otelcol-sb-esrev0-ctr-t4pj5	otelcol_processor_batch_metadata_cardinality	1
1781349947	snap	2200	otelcol	otelcol-sb-esrev0-ctr-t4pj5	otelcol_processor_batch_timeout_trigger_send	1260
1781349947	snap	2200	otelcol	otelcol-sb-esrev0-ctr-t4pj5	otelcol_process_memory_rss	222011392
1781349947	snap	2200	otelcol	otelcol-sb-esrev0-ctr-t4pj5	otelcol_exporter_queue_batch_send_size_sum	439414
1781349947	snap	2200	otelcol	otelcol-sb-esrev0-ctr-t4pj5	otelcol_receiver_failed_spans	0
1781349947	snap	2200	otelcol	otelcol-sb-esrev0-ctr-t4pj5	otelcol_process_cpu_seconds	14
1781349947	snap	2200	otelcol	otelcol-sb-esrev0-ctr-t4pj5	otelcol_receiver_accepted_spans	439414
1781349947	snap	2200	otelcol	otelcol-sb-esrev0-ctr-t4pj5	otelcol_process_runtime_heap_alloc_bytes	39301168
1781349947	snap	2200	otelcol	otelcol-sb-esrev0-ctr-t4pj5	otelcol_exporter_sent_spans	439414
1781349947	snap	2200	otelcol	otelcol-sb-esrev0-ctr-t4pj5	otelcol_processor_batch_batch_send_size_sum	439414
1781349947	snap	2200	otelcol	otelcol-sb-esrev0-ctr-t4pj5	otelcol_process_uptime	329
1781349947	snap	2200	otelcol	otelcol-sb-esrev0-ctr-t4pj5	otelcol_process_runtime_total_alloc_bytes	396155640
1781349947	snap	2200	otelcol	otelcol-sb-esrev0-ctr-t4pj5	otelcol_exporter_queue_capacity	1001
1781349947	snap	2200	otelcol	otelcol-sb-esrev0-ctr-t4pj5	otelcol_receiver_refused_spans	3198
1781349947	snap	2200	k8s	otelcol-sb-esrev0-ctr-5tpmc	restart_count	0
1781349947	snap	2200	k8s	otelcol-sb-esrev0-ctr-8ncml	restart_count	0
1781349947	snap	2200	k8s	otelcol-sb-esrev0-ctr-bgnq8	restart_count	0
1781349947	snap	2200	k8s	otelcol-sb-esrev0-ctr-bxzgg	restart_count	0
1781349947	snap	2200	k8s	otelcol-sb-esrev0-ctr-hj4v4	restart_count	0
1781349947	snap	2200	k8s	otelcol-sb-esrev0-ctr-j6v9t	restart_count	0
1781349947	snap	2200	k8s	otelcol-sb-esrev0-ctr-mg8jm	restart_count	0
1781349947	snap	2200	k8s	otelcol-sb-esrev0-ctr-t4pj5	restart_count	0
1781349947	snap	2200	k8s	otelcol-sb-esrev0-ctr-vb2mk	restart_count	0
1781349947	snap	2200	sdk	wrk2api	spans_received	66110
1781349947	snap	2200	sdk	wrk2api	spans_sent	66110
1781349947	snap	2200	sdk	wrk2api	spans_dropped	0
1781349947	snap	2200	sdk	wrk2api	spans_flushed	66110
1781349947	snap	2200	sdk	wrk2api	batches_sent	4872
1781349947	snap	2200	sdk	wrk2api	batches_dropped	0
1781349947	snap	2200	sdk	wrk2api	send_unavailable	0
1781349947	snap	2200	sdk	wrk2api	send_deadline	0
1781349947	snap	2200	sdk	wrk2api	send_exhausted	0
1781349947	snap	2200	sdk	wrk2api	send_canceled	0
1781349947	snap	2200	sdk	wrk2api	send_other	0
1781349947	snap	2200	sdk	wrk2api	buffer_depth	0
0
1781349947	snap	2200	sdk	wrk2api	cp_received	33055
1781349947	snap	2200	sdk	wrk2api	lp_received	33055
1781349947	snap	2200	sdk	wrk2api	cp_sent	33055
1781349947	snap	2200	sdk	wrk2api	lp_sent	33055
1781349947	snap	2200	sdk	wrk2api	cp_dropped	0
1781349947	snap	2200	sdk	wrk2api	lp_dropped	0
1781349947	snap	2200	sdk	composepost	spans_received	2091868
1781349947	snap	2200	sdk	composepost	spans_sent	1888204
1781349947	snap	2200	sdk	composepost	spans_dropped	203664
1781349947	snap	2200	sdk	composepost	spans_flushed	2091868
1781349947	snap	2200	sdk	composepost	batches_sent	16606
1781349947	snap	2200	sdk	composepost	batches_dropped	967
1781349947	snap	2200	sdk	composepost	send_unavailable	967
1781349947	snap	2200	sdk	composepost	send_deadline	0
1781349947	snap	2200	sdk	composepost	send_exhausted	0
1781349947	snap	2200	sdk	composepost	send_canceled	0
1781349947	snap	2200	sdk	composepost	send_other	0
1781349947	snap	2200	sdk	composepost	buffer_depth	0
0
1781349947	snap	2200	sdk	composepost	cp_received	1830384
1781349947	snap	2200	sdk	composepost	lp_received	261484
1781349947	snap	2200	sdk	composepost	cp_sent	1830384
1781349947	snap	2200	sdk	composepost	lp_sent	57820
1781349947	snap	2200	sdk	composepost	cp_dropped	0
1781349947	snap	2200	sdk	composepost	lp_dropped	203664
1781349947	snap	2200	sdk	hometimeline	spans_received	522960
1781349947	snap	2200	sdk	hometimeline	spans_sent	110766
1781349947	snap	2200	sdk	hometimeline	spans_dropped	412194
1781349947	snap	2200	sdk	hometimeline	spans_flushed	522960
1781349947	snap	2200	sdk	hometimeline	batches_sent	2441
1781349947	snap	2200	sdk	hometimeline	batches_dropped	1951
1781349947	snap	2200	sdk	hometimeline	send_unavailable	1951
1781349947	snap	2200	sdk	hometimeline	send_deadline	0
1781349947	snap	2200	sdk	hometimeline	send_exhausted	0
1781349947	snap	2200	sdk	hometimeline	send_canceled	0
1781349947	snap	2200	sdk	hometimeline	send_other	0
1781349947	snap	2200	sdk	hometimeline	buffer_depth	0
0
1781349947	snap	2200	sdk	hometimeline	cp_received	0
1781349947	snap	2200	sdk	hometimeline	lp_received	522960
1781349947	snap	2200	sdk	hometimeline	cp_sent	0
1781349947	snap	2200	sdk	hometimeline	lp_sent	110766
1781349947	snap	2200	sdk	hometimeline	cp_dropped	0
1781349947	snap	2200	sdk	hometimeline	lp_dropped	412194
1781349947	snap	2200	sdk	media	spans_received	261484
1781349947	snap	2200	sdk	media	spans_sent	261484
1781349947	snap	2200	sdk	media	spans_dropped	0
1781349947	snap	2200	sdk	media	spans_flushed	261484
1781349947	snap	2200	sdk	media	batches_sent	2197
1781349947	snap	2200	sdk	media	batches_dropped	0
1781349947	snap	2200	sdk	media	send_unavailable	0
1781349947	snap	2200	sdk	media	send_deadline	0
1781349947	snap	2200	sdk	media	send_exhausted	0
1781349947	snap	2200	sdk	media	send_canceled	0
1781349947	snap	2200	sdk	media	send_other	0
1781349947	snap	2200	sdk	media	buffer_depth	0
0
1781349947	snap	2200	sdk	media	cp_received	261484
1781349947	snap	2200	sdk	media	lp_received	0
1781349947	snap	2200	sdk	media	cp_sent	261484
1781349947	snap	2200	sdk	media	lp_sent	0
1781349947	snap	2200	sdk	media	cp_dropped	0
1781349947	snap	2200	sdk	media	lp_dropped	0
1781349947	snap	2200	sdk	post-storage	spans_received	261480
1781349947	snap	2200	sdk	post-storage	spans_sent	261480
1781349947	snap	2200	sdk	post-storage	spans_dropped	0
1781349947	snap	2200	sdk	post-storage	spans_flushed	261480
1781349947	snap	2200	sdk	post-storage	batches_sent	2196
1781349947	snap	2200	sdk	post-storage	batches_dropped	0
1781349947	snap	2200	sdk	post-storage	send_unavailable	0
1781349947	snap	2200	sdk	post-storage	send_deadline	0
1781349947	snap	2200	sdk	post-storage	send_exhausted	0
1781349947	snap	2200	sdk	post-storage	send_canceled	0
1781349947	snap	2200	sdk	post-storage	send_other	0
1781349947	snap	2200	sdk	post-storage	buffer_depth	0
0
1781349947	snap	2200	sdk	post-storage	cp_received	261480
1781349947	snap	2200	sdk	post-storage	lp_received	0
1781349947	snap	2200	sdk	post-storage	cp_sent	261480
1781349947	snap	2200	sdk	post-storage	lp_sent	0
1781349947	snap	2200	sdk	post-storage	cp_dropped	0
1781349947	snap	2200	sdk	post-storage	lp_dropped	0
1781349947	snap	2200	sdk	socialgraph	spans_received	375314
1781349947	snap	2200	sdk	socialgraph	spans_sent	372492
1781349947	snap	2200	sdk	socialgraph	spans_dropped	2822
1781349947	snap	2200	sdk	socialgraph	spans_flushed	375314
1781349947	snap	2200	sdk	socialgraph	batches_sent	2669
1781349947	snap	2200	sdk	socialgraph	batches_dropped	14
1781349947	snap	2200	sdk	socialgraph	send_unavailable	14
1781349947	snap	2200	sdk	socialgraph	send_deadline	0
1781349947	snap	2200	sdk	socialgraph	send_exhausted	0
1781349947	snap	2200	sdk	socialgraph	send_canceled	0
1781349947	snap	2200	sdk	socialgraph	send_other	0
1781349947	snap	2200	sdk	socialgraph	buffer_depth	0
0
1781349947	snap	2200	sdk	socialgraph	cp_received	337690
1781349947	snap	2200	sdk	socialgraph	lp_received	37624
1781349947	snap	2200	sdk	socialgraph	cp_sent	337690
1781349947	snap	2200	sdk	socialgraph	lp_sent	34802
1781349947	snap	2200	sdk	socialgraph	cp_dropped	0
1781349947	snap	2200	sdk	socialgraph	lp_dropped	2822
1781349947	snap	2200	sdk	text	spans_received	784460
1781349947	snap	2200	sdk	text	spans_sent	784460
1781349947	snap	2200	sdk	text	spans_dropped	0
1781349947	snap	2200	sdk	text	spans_flushed	784460
1781349947	snap	2200	sdk	text	batches_sent	6585
1781349947	snap	2200	sdk	text	batches_dropped	0
1781349947	snap	2200	sdk	text	send_unavailable	0
1781349947	snap	2200	sdk	text	send_deadline	0
1781349947	snap	2200	sdk	text	send_exhausted	0
1781349947	snap	2200	sdk	text	send_canceled	0
1781349947	snap	2200	sdk	text	send_other	0
1781349947	snap	2200	sdk	text	buffer_depth	0
0
1781349947	snap	2200	sdk	text	cp_received	0
1781349947	snap	2200	sdk	text	lp_received	784460
1781349947	snap	2200	sdk	text	cp_sent	0
1781349947	snap	2200	sdk	text	lp_sent	784460
1781349947	snap	2200	sdk	text	cp_dropped	0
1781349947	snap	2200	sdk	text	lp_dropped	0
1781349947	snap	2200	sdk	uniqueid	spans_received	261484
1781349947	snap	2200	sdk	uniqueid	spans_sent	261484
1781349947	snap	2200	sdk	uniqueid	spans_dropped	0
1781349947	snap	2200	sdk	uniqueid	spans_flushed	261484
1781349947	snap	2200	sdk	uniqueid	batches_sent	2195
1781349947	snap	2200	sdk	uniqueid	batches_dropped	0
1781349947	snap	2200	sdk	uniqueid	send_unavailable	0
1781349947	snap	2200	sdk	uniqueid	send_deadline	0
1781349947	snap	2200	sdk	uniqueid	send_exhausted	0
1781349947	snap	2200	sdk	uniqueid	send_canceled	0
1781349947	snap	2200	sdk	uniqueid	send_other	0
1781349947	snap	2200	sdk	uniqueid	buffer_depth	0
0
1781349947	snap	2200	sdk	uniqueid	cp_received	261484
1781349947	snap	2200	sdk	uniqueid	lp_received	0
1781349947	snap	2200	sdk	uniqueid	cp_sent	261484
1781349947	snap	2200	sdk	uniqueid	lp_sent	0
1781349947	snap	2200	sdk	uniqueid	cp_dropped	0
1781349947	snap	2200	sdk	uniqueid	lp_dropped	0
1781349947	snap	2200	sdk	urlshorten	spans_received	261484
1781349947	snap	2200	sdk	urlshorten	spans_sent	261484
1781349947	snap	2200	sdk	urlshorten	spans_dropped	0
1781349947	snap	2200	sdk	urlshorten	spans_flushed	261484
1781349947	snap	2200	sdk	urlshorten	batches_sent	2195
1781349947	snap	2200	sdk	urlshorten	batches_dropped	0
1781349947	snap	2200	sdk	urlshorten	send_unavailable	0
1781349947	snap	2200	sdk	urlshorten	send_deadline	0
1781349947	snap	2200	sdk	urlshorten	send_exhausted	0
1781349947	snap	2200	sdk	urlshorten	send_canceled	0
1781349947	snap	2200	sdk	urlshorten	send_other	0
1781349947	snap	2200	sdk	urlshorten	buffer_depth	0
0
1781349947	snap	2200	sdk	urlshorten	cp_received	261484
1781349947	snap	2200	sdk	urlshorten	lp_received	0
1781349947	snap	2200	sdk	urlshorten	cp_sent	261484
1781349947	snap	2200	sdk	urlshorten	lp_sent	0
1781349947	snap	2200	sdk	urlshorten	cp_dropped	0
1781349947	snap	2200	sdk	urlshorten	lp_dropped	0
1781349947	snap	2200	sdk	user	spans_received	263408
1781349947	snap	2200	sdk	user	spans_sent	263408
1781349947	snap	2200	sdk	user	spans_dropped	0
1781349947	snap	2200	sdk	user	spans_flushed	263408
1781349947	snap	2200	sdk	user	batches_sent	2207
1781349947	snap	2200	sdk	user	batches_dropped	0
1781349947	snap	2200	sdk	user	send_unavailable	0
1781349947	snap	2200	sdk	user	send_deadline	0
1781349947	snap	2200	sdk	user	send_exhausted	0
1781349947	snap	2200	sdk	user	send_canceled	0
1781349947	snap	2200	sdk	user	send_other	0
1781349947	snap	2200	sdk	user	buffer_depth	0
0
1781349947	snap	2200	sdk	user	cp_received	262446
1781349947	snap	2200	sdk	user	lp_received	962
1781349947	snap	2200	sdk	user	cp_sent	262446
1781349947	snap	2200	sdk	user	lp_sent	962
1781349947	snap	2200	sdk	user	cp_dropped	0
1781349947	snap	2200	sdk	user	lp_dropped	0
1781349947	snap	2200	sdk	userid	spans_received	75248
1781349947	snap	2200	sdk	userid	spans_sent	75248
1781349947	snap	2200	sdk	userid	spans_dropped	0
1781349947	snap	2200	sdk	userid	spans_flushed	75248
1781349947	snap	2200	sdk	userid	batches_sent	247
1781349947	snap	2200	sdk	userid	batches_dropped	0
1781349947	snap	2200	sdk	userid	send_unavailable	0
1781349947	snap	2200	sdk	userid	send_deadline	0
1781349947	snap	2200	sdk	userid	send_exhausted	0
1781349947	snap	2200	sdk	userid	send_canceled	0
1781349947	snap	2200	sdk	userid	send_other	0
1781349947	snap	2200	sdk	userid	buffer_depth	0
0
1781349947	snap	2200	sdk	userid	cp_received	75248
1781349947	snap	2200	sdk	userid	lp_received	0
1781349947	snap	2200	sdk	userid	cp_sent	75248
1781349947	snap	2200	sdk	userid	lp_sent	0
1781349947	snap	2200	sdk	userid	cp_dropped	0
1781349947	snap	2200	sdk	userid	lp_dropped	0
1781349947	snap	2200	sdk	usermention	spans_received	261484
1781349947	snap	2200	sdk	usermention	spans_sent	261484
1781349947	snap	2200	sdk	usermention	spans_dropped	0
1781349947	snap	2200	sdk	usermention	spans_flushed	261484
1781349947	snap	2200	sdk	usermention	batches_sent	2195
1781349947	snap	2200	sdk	usermention	batches_dropped	0
1781349947	snap	2200	sdk	usermention	send_unavailable	0
1781349947	snap	2200	sdk	usermention	send_deadline	0
1781349947	snap	2200	sdk	usermention	send_exhausted	0
1781349947	snap	2200	sdk	usermention	send_canceled	0
1781349947	snap	2200	sdk	usermention	send_other	0
1781349947	snap	2200	sdk	usermention	buffer_depth	0
0
1781349947	snap	2200	sdk	usermention	cp_received	261484
1781349947	snap	2200	sdk	usermention	lp_received	0
1781349947	snap	2200	sdk	usermention	cp_sent	261484
1781349947	snap	2200	sdk	usermention	lp_sent	0
1781349947	snap	2200	sdk	usermention	cp_dropped	0
1781349947	snap	2200	sdk	usermention	lp_dropped	0
1781349947	snap	2200	sdk	usertimeline	spans_received	261480
1781349947	snap	2200	sdk	usertimeline	spans_sent	261480
1781349947	snap	2200	sdk	usertimeline	spans_dropped	0
1781349947	snap	2200	sdk	usertimeline	spans_flushed	261480
1781349947	snap	2200	sdk	usertimeline	batches_sent	2195
1781349947	snap	2200	sdk	usertimeline	batches_dropped	0
1781349947	snap	2200	sdk	usertimeline	send_unavailable	0
1781349947	snap	2200	sdk	usertimeline	send_deadline	0
1781349947	snap	2200	sdk	usertimeline	send_exhausted	0
1781349947	snap	2200	sdk	usertimeline	send_canceled	0
1781349947	snap	2200	sdk	usertimeline	send_other	0
1781349947	snap	2200	sdk	usertimeline	buffer_depth	0
0
1781349947	snap	2200	sdk	usertimeline	cp_received	261480
1781349947	snap	2200	sdk	usertimeline	lp_received	0
1781349947	snap	2200	sdk	usertimeline	cp_sent	261480
1781349947	snap	2200	sdk	usertimeline	lp_sent	0
1781349947	snap	2200	sdk	usertimeline	cp_dropped	0
1781349947	snap	2200	sdk	usertimeline	lp_dropped	0
1781349954	snap	2400	otelcol	otelcol-sb-esrev0-ctr-hj4v4	otelcol_process_uptime	330
1781349954	snap	2400	otelcol	otelcol-sb-esrev0-ctr-hj4v4	otelcol_exporter_sent_spans	563508
1781349954	snap	2400	otelcol	otelcol-sb-esrev0-ctr-hj4v4	otelcol_process_runtime_total_sys_memory_bytes	89147672
1781349954	snap	2400	otelcol	otelcol-sb-esrev0-ctr-hj4v4	otelcol_process_runtime_total_alloc_bytes	498604656
1781349954	snap	2400	otelcol	otelcol-sb-esrev0-ctr-hj4v4	otelcol_exporter_queue_capacity	1001
1781349954	snap	2400	otelcol	otelcol-sb-esrev0-ctr-hj4v4	otelcol_receiver_failed_spans	0
1781349954	snap	2400	otelcol	otelcol-sb-esrev0-ctr-hj4v4	otelcol_processor_batch_metadata_cardinality	1
1781349954	snap	2400	otelcol	otelcol-sb-esrev0-ctr-hj4v4	otelcol_processor_batch_batch_send_size_sum	563508
1781349954	snap	2400	otelcol	otelcol-sb-esrev0-ctr-hj4v4	otelcol_receiver_refused_spans	25584
1781349954	snap	2400	otelcol	otelcol-sb-esrev0-ctr-hj4v4	otelcol_processor_batch_timeout_trigger_send	1263
1781349954	snap	2400	otelcol	otelcol-sb-esrev0-ctr-hj4v4	otelcol_exporter_send_failed_spans	0
1781349954	snap	2400	otelcol	otelcol-sb-esrev0-ctr-hj4v4	otelcol_exporter_queue_size	0
1781349954	snap	2400	otelcol	otelcol-sb-esrev0-ctr-hj4v4	otelcol_exporter_queue_batch_send_size_sum	563508
1781349954	snap	2400	otelcol	otelcol-sb-esrev0-ctr-hj4v4	otelcol_processor_incoming_items	589092
1781349954	snap	2400	otelcol	otelcol-sb-esrev0-ctr-hj4v4	otelcol_process_runtime_heap_alloc_bytes	54176360
1781349954	snap	2400	otelcol	otelcol-sb-esrev0-ctr-hj4v4	otelcol_process_memory_rss	228794368
1781349954	snap	2400	otelcol	otelcol-sb-esrev0-ctr-hj4v4	otelcol_receiver_accepted_spans	563508
1781349954	snap	2400	otelcol	otelcol-sb-esrev0-ctr-hj4v4	otelcol_processor_outgoing_items	563508
1781349954	snap	2400	otelcol	otelcol-sb-esrev0-ctr-hj4v4	otelcol_process_cpu_seconds	17
1781349954	snap	2400	otelcol	otelcol-sb-esrev0-ctr-bgnq8	otelcol_processor_batch_batch_send_size_sum	329905
1781349954	snap	2400	otelcol	otelcol-sb-esrev0-ctr-bgnq8	otelcol_exporter_sent_spans	329905
1781349954	snap	2400	otelcol	otelcol-sb-esrev0-ctr-bgnq8	otelcol_processor_batch_metadata_cardinality	1
1781349954	snap	2400	otelcol	otelcol-sb-esrev0-ctr-bgnq8	otelcol_receiver_accepted_spans	329905
1781349954	snap	2400	otelcol	otelcol-sb-esrev0-ctr-bgnq8	otelcol_process_uptime	333
1781349954	snap	2400	otelcol	otelcol-sb-esrev0-ctr-bgnq8	otelcol_process_memory_rss	221405184
1781349954	snap	2400	otelcol	otelcol-sb-esrev0-ctr-bgnq8	otelcol_exporter_queue_size	0
1781349954	snap	2400	otelcol	otelcol-sb-esrev0-ctr-bgnq8	otelcol_processor_incoming_items	329905
1781349954	snap	2400	otelcol	otelcol-sb-esrev0-ctr-bgnq8	otelcol_exporter_queue_capacity	1001
1781349954	snap	2400	otelcol	otelcol-sb-esrev0-ctr-bgnq8	otelcol_processor_batch_timeout_trigger_send	1264
1781349954	snap	2400	otelcol	otelcol-sb-esrev0-ctr-bgnq8	otelcol_process_runtime_total_alloc_bytes	344027056
1781349954	snap	2400	otelcol	otelcol-sb-esrev0-ctr-bgnq8	otelcol_receiver_refused_spans	0
1781349954	snap	2400	otelcol	otelcol-sb-esrev0-ctr-bgnq8	otelcol_process_runtime_total_sys_memory_bytes	84920600
1781349954	snap	2400	otelcol	otelcol-sb-esrev0-ctr-bgnq8	otelcol_receiver_failed_spans	0
1781349954	snap	2400	otelcol	otelcol-sb-esrev0-ctr-bgnq8	otelcol_process_runtime_heap_alloc_bytes	45196648
1781349954	snap	2400	otelcol	otelcol-sb-esrev0-ctr-bgnq8	otelcol_exporter_send_failed_spans	0
1781349954	snap	2400	otelcol	otelcol-sb-esrev0-ctr-bgnq8	otelcol_processor_outgoing_items	329905
1781349954	snap	2400	otelcol	otelcol-sb-esrev0-ctr-bgnq8	otelcol_process_cpu_seconds	12
1781349954	snap	2400	otelcol	otelcol-sb-esrev0-ctr-bgnq8	otelcol_exporter_queue_batch_send_size_sum	329905
1781349954	snap	2400	otelcol	otelcol-sb-esrev0-ctr-vb2mk	otelcol_process_uptime	333
1781349954	snap	2400	otelcol	otelcol-sb-esrev0-ctr-vb2mk	otelcol_process_memory_rss	225087488
1781349954	snap	2400	otelcol	otelcol-sb-esrev0-ctr-vb2mk	otelcol_exporter_send_failed_spans	0
1781349954	snap	2400	otelcol	otelcol-sb-esrev0-ctr-vb2mk	otelcol_receiver_accepted_spans	327594
1781349954	snap	2400	otelcol	otelcol-sb-esrev0-ctr-vb2mk	otelcol_process_runtime_total_sys_memory_bytes	84666648
1781349954	snap	2400	otelcol	otelcol-sb-esrev0-ctr-vb2mk	otelcol_exporter_queue_batch_send_size_sum	327594
1781349954	snap	2400	otelcol	otelcol-sb-esrev0-ctr-vb2mk	otelcol_process_cpu_seconds	13
1781349954	snap	2400	otelcol	otelcol-sb-esrev0-ctr-vb2mk	otelcol_process_runtime_heap_alloc_bytes	36235424
1781349954	snap	2400	otelcol	otelcol-sb-esrev0-ctr-vb2mk	otelcol_exporter_sent_spans	327594
1781349954	snap	2400	otelcol	otelcol-sb-esrev0-ctr-vb2mk	otelcol_exporter_queue_capacity	1001
1781349954	snap	2400	otelcol	otelcol-sb-esrev0-ctr-vb2mk	otelcol_receiver_refused_spans	0
1781349954	snap	2400	otelcol	otelcol-sb-esrev0-ctr-vb2mk	otelcol_processor_incoming_items	327594
1781349954	snap	2400	otelcol	otelcol-sb-esrev0-ctr-vb2mk	otelcol_processor_outgoing_items	327594
1781349954	snap	2400	otelcol	otelcol-sb-esrev0-ctr-vb2mk	otelcol_exporter_queue_size	0
1781349954	snap	2400	otelcol	otelcol-sb-esrev0-ctr-vb2mk	otelcol_processor_batch_metadata_cardinality	1
1781349954	snap	2400	otelcol	otelcol-sb-esrev0-ctr-vb2mk	otelcol_receiver_failed_spans	0
1781349954	snap	2400	otelcol	otelcol-sb-esrev0-ctr-vb2mk	otelcol_processor_batch_timeout_trigger_send	1258
1781349954	snap	2400	otelcol	otelcol-sb-esrev0-ctr-vb2mk	otelcol_processor_batch_batch_send_size_sum	327594
1781349954	snap	2400	otelcol	otelcol-sb-esrev0-ctr-vb2mk	otelcol_process_runtime_total_alloc_bytes	331431448
1781349954	snap	2400	otelcol	otelcol-sb-esrev0-ctr-j6v9t	otelcol_processor_incoming_items	2680948
1781349954	snap	2400	otelcol	otelcol-sb-esrev0-ctr-j6v9t	otelcol_process_cpu_seconds	38
1781349954	snap	2400	otelcol	otelcol-sb-esrev0-ctr-j6v9t	otelcol_process_uptime	331
1781349954	snap	2400	otelcol	otelcol-sb-esrev0-ctr-j6v9t	otelcol_process_runtime_heap_alloc_bytes	49848600
1781349954	snap	2400	otelcol	otelcol-sb-esrev0-ctr-j6v9t	otelcol_exporter_sent_spans	2042293
1781349954	snap	2400	otelcol	otelcol-sb-esrev0-ctr-j6v9t	otelcol_exporter_send_failed_spans	0
1781349954	snap	2400	otelcol	otelcol-sb-esrev0-ctr-j6v9t	otelcol_receiver_failed_spans	0
1781349954	snap	2400	otelcol	otelcol-sb-esrev0-ctr-j6v9t	otelcol_processor_outgoing_items	2042293
1781349954	snap	2400	otelcol	otelcol-sb-esrev0-ctr-j6v9t	otelcol_processor_batch_batch_send_size_sum	2042293
1781349954	snap	2400	otelcol	otelcol-sb-esrev0-ctr-j6v9t	otelcol_process_runtime_total_sys_memory_bytes	105994536
1781349954	snap	2400	otelcol	otelcol-sb-esrev0-ctr-j6v9t	otelcol_process_runtime_total_alloc_bytes	1895096048
1781349954	snap	2400	otelcol	otelcol-sb-esrev0-ctr-j6v9t	otelcol_processor_batch_metadata_cardinality	1
1781349954	snap	2400	otelcol	otelcol-sb-esrev0-ctr-j6v9t	otelcol_processor_batch_timeout_trigger_send	1262
1781349954	snap	2400	otelcol	otelcol-sb-esrev0-ctr-j6v9t	otelcol_exporter_queue_size	0
1781349954	snap	2400	otelcol	otelcol-sb-esrev0-ctr-j6v9t	otelcol_receiver_accepted_spans	2042293
1781349954	snap	2400	otelcol	otelcol-sb-esrev0-ctr-j6v9t	otelcol_process_memory_rss	238682112
1781349954	snap	2400	otelcol	otelcol-sb-esrev0-ctr-j6v9t	otelcol_receiver_refused_spans	638655
1781349954	snap	2400	otelcol	otelcol-sb-esrev0-ctr-j6v9t	otelcol_exporter_queue_capacity	1001
1781349954	snap	2400	otelcol	otelcol-sb-esrev0-ctr-j6v9t	otelcol_exporter_queue_batch_send_size_sum	2042293
1781349954	snap	2400	otelcol	otelcol-sb-esrev0-ctr-5tpmc	otelcol_processor_batch_timeout_trigger_send	1267
1781349954	snap	2400	otelcol	otelcol-sb-esrev0-ctr-5tpmc	otelcol_process_runtime_heap_alloc_bytes	57022064
1781349954	snap	2400	otelcol	otelcol-sb-esrev0-ctr-5tpmc	otelcol_processor_outgoing_items	1189299
1781349954	snap	2400	otelcol	otelcol-sb-esrev0-ctr-5tpmc	otelcol_receiver_accepted_spans	1189299
1781349954	snap	2400	otelcol	otelcol-sb-esrev0-ctr-5tpmc	otelcol_process_uptime	331
1781349954	snap	2400	otelcol	otelcol-sb-esrev0-ctr-5tpmc	otelcol_process_runtime_total_alloc_bytes	771473736
1781349954	snap	2400	otelcol	otelcol-sb-esrev0-ctr-5tpmc	otelcol_exporter_queue_capacity	1001
1781349954	snap	2400	otelcol	otelcol-sb-esrev0-ctr-5tpmc	otelcol_receiver_refused_spans	0
1781349954	snap	2400	otelcol	otelcol-sb-esrev0-ctr-5tpmc	otelcol_exporter_queue_batch_send_size_sum	1189299
1781349954	snap	2400	otelcol	otelcol-sb-esrev0-ctr-5tpmc	otelcol_receiver_failed_spans	0
1781349954	snap	2400	otelcol	otelcol-sb-esrev0-ctr-5tpmc	otelcol_process_cpu_seconds	21
1781349954	snap	2400	otelcol	otelcol-sb-esrev0-ctr-5tpmc	otelcol_processor_batch_batch_send_size_sum	1189299
1781349954	snap	2400	otelcol	otelcol-sb-esrev0-ctr-5tpmc	otelcol_exporter_send_failed_spans	0
1781349954	snap	2400	otelcol	otelcol-sb-esrev0-ctr-5tpmc	otelcol_processor_batch_metadata_cardinality	1
1781349954	snap	2400	otelcol	otelcol-sb-esrev0-ctr-5tpmc	otelcol_process_runtime_total_sys_memory_bytes	93382936
1781349954	snap	2400	otelcol	otelcol-sb-esrev0-ctr-5tpmc	otelcol_process_memory_rss	232251392
1781349954	snap	2400	otelcol	otelcol-sb-esrev0-ctr-5tpmc	otelcol_exporter_sent_spans	1189299
1781349954	snap	2400	otelcol	otelcol-sb-esrev0-ctr-5tpmc	otelcol_processor_incoming_items	1189299
1781349954	snap	2400	otelcol	otelcol-sb-esrev0-ctr-5tpmc	otelcol_exporter_queue_size	0
1781349954	snap	2400	otelcol	otelcol-sb-esrev0-ctr-mg8jm	otelcol_processor_outgoing_items	66085
1781349954	snap	2400	otelcol	otelcol-sb-esrev0-ctr-mg8jm	otelcol_process_memory_rss	208887808
1781349954	snap	2400	otelcol	otelcol-sb-esrev0-ctr-mg8jm	otelcol_exporter_queue_batch_send_size_sum	66085
1781349954	snap	2400	otelcol	otelcol-sb-esrev0-ctr-mg8jm	otelcol_process_runtime_heap_alloc_bytes	36394384
1781349954	snap	2400	otelcol	otelcol-sb-esrev0-ctr-mg8jm	otelcol_receiver_failed_spans	0
1781349954	snap	2400	otelcol	otelcol-sb-esrev0-ctr-mg8jm	otelcol_process_runtime_total_sys_memory_bytes	71362840
1781349954	snap	2400	otelcol	otelcol-sb-esrev0-ctr-mg8jm	otelcol_process_cpu_seconds	12
1781349954	snap	2400	otelcol	otelcol-sb-esrev0-ctr-mg8jm	otelcol_receiver_refused_spans	0
1781349954	snap	2400	otelcol	otelcol-sb-esrev0-ctr-mg8jm	otelcol_processor_batch_batch_send_size_sum	66085
1781349954	snap	2400	otelcol	otelcol-sb-esrev0-ctr-mg8jm	otelcol_process_runtime_total_alloc_bytes	166708592
1781349954	snap	2400	otelcol	otelcol-sb-esrev0-ctr-mg8jm	otelcol_receiver_accepted_spans	66085
1781349954	snap	2400	otelcol	otelcol-sb-esrev0-ctr-mg8jm	otelcol_exporter_send_failed_spans	0
1781349954	snap	2400	otelcol	otelcol-sb-esrev0-ctr-mg8jm	otelcol_processor_batch_metadata_cardinality	1
1781349954	snap	2400	otelcol	otelcol-sb-esrev0-ctr-mg8jm	otelcol_exporter_sent_spans	66085
1781349954	snap	2400	otelcol	otelcol-sb-esrev0-ctr-mg8jm	otelcol_exporter_queue_capacity	1001
1781349954	snap	2400	otelcol	otelcol-sb-esrev0-ctr-mg8jm	otelcol_processor_incoming_items	66085
1781349954	snap	2400	otelcol	otelcol-sb-esrev0-ctr-mg8jm	otelcol_processor_batch_timeout_trigger_send	1252
1781349954	snap	2400	otelcol	otelcol-sb-esrev0-ctr-mg8jm	otelcol_process_uptime	325
1781349954	snap	2400	otelcol	otelcol-sb-esrev0-ctr-mg8jm	otelcol_exporter_queue_size	0
1781349954	snap	2400	otelcol	otelcol-sb-esrev0-ctr-bxzgg	otelcol_exporter_queue_capacity	1001
1781349954	snap	2400	otelcol	otelcol-sb-esrev0-ctr-bxzgg	otelcol_processor_batch_metadata_cardinality	1
1781349954	snap	2400	otelcol	otelcol-sb-esrev0-ctr-bxzgg	otelcol_processor_batch_timeout_trigger_send	1261
1781349954	snap	2400	otelcol	otelcol-sb-esrev0-ctr-bxzgg	otelcol_processor_incoming_items	327957
1781349954	snap	2400	otelcol	otelcol-sb-esrev0-ctr-bxzgg	otelcol_exporter_queue_batch_send_size_sum	327957
1781349954	snap	2400	otelcol	otelcol-sb-esrev0-ctr-bxzgg	otelcol_process_memory_rss	218865664
1781349954	snap	2400	otelcol	otelcol-sb-esrev0-ctr-bxzgg	otelcol_exporter_send_failed_spans	0
1781349954	snap	2400	otelcol	otelcol-sb-esrev0-ctr-bxzgg	otelcol_processor_outgoing_items	327957
1781349954	snap	2400	otelcol	otelcol-sb-esrev0-ctr-bxzgg	otelcol_process_cpu_seconds	13
1781349954	snap	2400	otelcol	otelcol-sb-esrev0-ctr-bxzgg	otelcol_process_uptime	331
1781349954	snap	2400	otelcol	otelcol-sb-esrev0-ctr-bxzgg	otelcol_process_runtime_total_alloc_bytes	334010272
1781349954	snap	2400	otelcol	otelcol-sb-esrev0-ctr-bxzgg	otelcol_processor_batch_batch_send_size_sum	327957
1781349954	snap	2400	otelcol	otelcol-sb-esrev0-ctr-bxzgg	otelcol_process_runtime_total_sys_memory_bytes	84134168
1781349954	snap	2400	otelcol	otelcol-sb-esrev0-ctr-bxzgg	otelcol_process_runtime_heap_alloc_bytes	38124560
1781349954	snap	2400	otelcol	otelcol-sb-esrev0-ctr-bxzgg	otelcol_receiver_refused_spans	0
1781349954	snap	2400	otelcol	otelcol-sb-esrev0-ctr-bxzgg	otelcol_receiver_failed_spans	0
1781349954	snap	2400	otelcol	otelcol-sb-esrev0-ctr-bxzgg	otelcol_exporter_sent_spans	327957
1781349954	snap	2400	otelcol	otelcol-sb-esrev0-ctr-bxzgg	otelcol_receiver_accepted_spans	327957
1781349954	snap	2400	otelcol	otelcol-sb-esrev0-ctr-bxzgg	otelcol_exporter_queue_size	0
1781349954	snap	2400	otelcol	otelcol-sb-esrev0-ctr-8ncml	otelcol_processor_outgoing_items	328798
1781349954	snap	2400	otelcol	otelcol-sb-esrev0-ctr-8ncml	otelcol_process_cpu_seconds	13
1781349954	snap	2400	otelcol	otelcol-sb-esrev0-ctr-8ncml	otelcol_process_uptime	332
1781349954	snap	2400	otelcol	otelcol-sb-esrev0-ctr-8ncml	otelcol_exporter_queue_batch_send_size_sum	328798
1781349954	snap	2400	otelcol	otelcol-sb-esrev0-ctr-8ncml	otelcol_receiver_failed_spans	0
1781349954	snap	2400	otelcol	otelcol-sb-esrev0-ctr-8ncml	otelcol_receiver_refused_spans	0
1781349954	snap	2400	otelcol	otelcol-sb-esrev0-ctr-8ncml	otelcol_process_runtime_heap_alloc_bytes	30742968
1781349954	snap	2400	otelcol	otelcol-sb-esrev0-ctr-8ncml	otelcol_processor_batch_batch_send_size_sum	328798
1781349954	snap	2400	otelcol	otelcol-sb-esrev0-ctr-8ncml	otelcol_process_runtime_total_sys_memory_bytes	79669528
1781349954	snap	2400	otelcol	otelcol-sb-esrev0-ctr-8ncml	otelcol_exporter_sent_spans	328798
1781349954	snap	2400	otelcol	otelcol-sb-esrev0-ctr-8ncml	otelcol_exporter_queue_size	0
1781349954	snap	2400	otelcol	otelcol-sb-esrev0-ctr-8ncml	otelcol_exporter_send_failed_spans	0
1781349954	snap	2400	otelcol	otelcol-sb-esrev0-ctr-8ncml	otelcol_receiver_accepted_spans	328798
1781349954	snap	2400	otelcol	otelcol-sb-esrev0-ctr-8ncml	otelcol_processor_batch_metadata_cardinality	1
1781349954	snap	2400	otelcol	otelcol-sb-esrev0-ctr-8ncml	otelcol_processor_incoming_items	328798
1781349954	snap	2400	otelcol	otelcol-sb-esrev0-ctr-8ncml	otelcol_processor_batch_timeout_trigger_send	1262
1781349954	snap	2400	otelcol	otelcol-sb-esrev0-ctr-8ncml	otelcol_exporter_queue_capacity	1001
1781349954	snap	2400	otelcol	otelcol-sb-esrev0-ctr-8ncml	otelcol_process_runtime_total_alloc_bytes	327739576
1781349954	snap	2400	otelcol	otelcol-sb-esrev0-ctr-8ncml	otelcol_process_memory_rss	219377664
1781349954	snap	2400	otelcol	otelcol-sb-esrev0-ctr-t4pj5	otelcol_exporter_send_failed_spans	0
1781349954	snap	2400	otelcol	otelcol-sb-esrev0-ctr-t4pj5	otelcol_exporter_queue_size	0
1781349954	snap	2400	otelcol	otelcol-sb-esrev0-ctr-t4pj5	otelcol_processor_incoming_items	442612
1781349954	snap	2400	otelcol	otelcol-sb-esrev0-ctr-t4pj5	otelcol_processor_outgoing_items	439414
1781349954	snap	2400	otelcol	otelcol-sb-esrev0-ctr-t4pj5	otelcol_process_runtime_total_sys_memory_bytes	84928792
1781349954	snap	2400	otelcol	otelcol-sb-esrev0-ctr-t4pj5	otelcol_processor_batch_metadata_cardinality	1
1781349954	snap	2400	otelcol	otelcol-sb-esrev0-ctr-t4pj5	otelcol_processor_batch_timeout_trigger_send	1260
1781349954	snap	2400	otelcol	otelcol-sb-esrev0-ctr-t4pj5	otelcol_process_memory_rss	222011392
1781349954	snap	2400	otelcol	otelcol-sb-esrev0-ctr-t4pj5	otelcol_exporter_queue_batch_send_size_sum	439414
1781349954	snap	2400	otelcol	otelcol-sb-esrev0-ctr-t4pj5	otelcol_receiver_failed_spans	0
1781349954	snap	2400	otelcol	otelcol-sb-esrev0-ctr-t4pj5	otelcol_process_cpu_seconds	14
1781349954	snap	2400	otelcol	otelcol-sb-esrev0-ctr-t4pj5	otelcol_receiver_accepted_spans	439414
1781349954	snap	2400	otelcol	otelcol-sb-esrev0-ctr-t4pj5	otelcol_process_runtime_heap_alloc_bytes	39941504
1781349954	snap	2400	otelcol	otelcol-sb-esrev0-ctr-t4pj5	otelcol_exporter_sent_spans	439414
1781349954	snap	2400	otelcol	otelcol-sb-esrev0-ctr-t4pj5	otelcol_processor_batch_batch_send_size_sum	439414
1781349954	snap	2400	otelcol	otelcol-sb-esrev0-ctr-t4pj5	otelcol_process_uptime	336
1781349954	snap	2400	otelcol	otelcol-sb-esrev0-ctr-t4pj5	otelcol_process_runtime_total_alloc_bytes	396795976
1781349954	snap	2400	otelcol	otelcol-sb-esrev0-ctr-t4pj5	otelcol_exporter_queue_capacity	1001
1781349954	snap	2400	otelcol	otelcol-sb-esrev0-ctr-t4pj5	otelcol_receiver_refused_spans	3198
1781349954	snap	2400	k8s	otelcol-sb-esrev0-ctr-5tpmc	restart_count	0
1781349954	snap	2400	k8s	otelcol-sb-esrev0-ctr-8ncml	restart_count	0
1781349954	snap	2400	k8s	otelcol-sb-esrev0-ctr-bgnq8	restart_count	0
1781349954	snap	2400	k8s	otelcol-sb-esrev0-ctr-bxzgg	restart_count	0
1781349954	snap	2400	k8s	otelcol-sb-esrev0-ctr-hj4v4	restart_count	0
1781349954	snap	2400	k8s	otelcol-sb-esrev0-ctr-j6v9t	restart_count	0
1781349954	snap	2400	k8s	otelcol-sb-esrev0-ctr-mg8jm	restart_count	0
1781349954	snap	2400	k8s	otelcol-sb-esrev0-ctr-t4pj5	restart_count	0
1781349954	snap	2400	k8s	otelcol-sb-esrev0-ctr-vb2mk	restart_count	0
1781349954	snap	2400	sdk	wrk2api	spans_received	66110
1781349954	snap	2400	sdk	wrk2api	spans_sent	66110
1781349954	snap	2400	sdk	wrk2api	spans_dropped	0
1781349954	snap	2400	sdk	wrk2api	spans_flushed	66110
1781349954	snap	2400	sdk	wrk2api	batches_sent	4872
1781349954	snap	2400	sdk	wrk2api	batches_dropped	0
1781349954	snap	2400	sdk	wrk2api	send_unavailable	0
1781349954	snap	2400	sdk	wrk2api	send_deadline	0
1781349954	snap	2400	sdk	wrk2api	send_exhausted	0
1781349954	snap	2400	sdk	wrk2api	send_canceled	0
1781349954	snap	2400	sdk	wrk2api	send_other	0
1781349954	snap	2400	sdk	wrk2api	buffer_depth	0
0
1781349954	snap	2400	sdk	wrk2api	cp_received	33055
1781349954	snap	2400	sdk	wrk2api	lp_received	33055
1781349954	snap	2400	sdk	wrk2api	cp_sent	33055
1781349954	snap	2400	sdk	wrk2api	lp_sent	33055
1781349954	snap	2400	sdk	wrk2api	cp_dropped	0
1781349954	snap	2400	sdk	wrk2api	lp_dropped	0
1781349954	snap	2400	sdk	composepost	spans_received	2091868
1781349954	snap	2400	sdk	composepost	spans_sent	1888204
1781349954	snap	2400	sdk	composepost	spans_dropped	203664
1781349954	snap	2400	sdk	composepost	spans_flushed	2091868
1781349954	snap	2400	sdk	composepost	batches_sent	16606
1781349954	snap	2400	sdk	composepost	batches_dropped	967
1781349954	snap	2400	sdk	composepost	send_unavailable	967
1781349954	snap	2400	sdk	composepost	send_deadline	0
1781349954	snap	2400	sdk	composepost	send_exhausted	0
1781349954	snap	2400	sdk	composepost	send_canceled	0
1781349954	snap	2400	sdk	composepost	send_other	0
1781349954	snap	2400	sdk	composepost	buffer_depth	0
0
1781349954	snap	2400	sdk	composepost	cp_received	1830384
1781349954	snap	2400	sdk	composepost	lp_received	261484
1781349954	snap	2400	sdk	composepost	cp_sent	1830384
1781349954	snap	2400	sdk	composepost	lp_sent	57820
1781349954	snap	2400	sdk	composepost	cp_dropped	0
1781349954	snap	2400	sdk	composepost	lp_dropped	203664
1781349954	snap	2400	sdk	hometimeline	spans_received	522960
1781349954	snap	2400	sdk	hometimeline	spans_sent	110766
1781349954	snap	2400	sdk	hometimeline	spans_dropped	412194
1781349954	snap	2400	sdk	hometimeline	spans_flushed	522960
1781349954	snap	2400	sdk	hometimeline	batches_sent	2441
1781349954	snap	2400	sdk	hometimeline	batches_dropped	1951
1781349954	snap	2400	sdk	hometimeline	send_unavailable	1951
1781349954	snap	2400	sdk	hometimeline	send_deadline	0
1781349954	snap	2400	sdk	hometimeline	send_exhausted	0
1781349954	snap	2400	sdk	hometimeline	send_canceled	0
1781349954	snap	2400	sdk	hometimeline	send_other	0
1781349954	snap	2400	sdk	hometimeline	buffer_depth	0
0
1781349954	snap	2400	sdk	hometimeline	cp_received	0
1781349954	snap	2400	sdk	hometimeline	lp_received	522960
1781349954	snap	2400	sdk	hometimeline	cp_sent	0
1781349954	snap	2400	sdk	hometimeline	lp_sent	110766
1781349954	snap	2400	sdk	hometimeline	cp_dropped	0
1781349954	snap	2400	sdk	hometimeline	lp_dropped	412194
1781349954	snap	2400	sdk	media	spans_received	261484
1781349954	snap	2400	sdk	media	spans_sent	261484
1781349954	snap	2400	sdk	media	spans_dropped	0
1781349954	snap	2400	sdk	media	spans_flushed	261484
1781349954	snap	2400	sdk	media	batches_sent	2197
1781349954	snap	2400	sdk	media	batches_dropped	0
1781349954	snap	2400	sdk	media	send_unavailable	0
1781349954	snap	2400	sdk	media	send_deadline	0
1781349954	snap	2400	sdk	media	send_exhausted	0
1781349954	snap	2400	sdk	media	send_canceled	0
1781349954	snap	2400	sdk	media	send_other	0
1781349954	snap	2400	sdk	media	buffer_depth	0
0
1781349954	snap	2400	sdk	media	cp_received	261484
1781349954	snap	2400	sdk	media	lp_received	0
1781349954	snap	2400	sdk	media	cp_sent	261484
1781349954	snap	2400	sdk	media	lp_sent	0
1781349954	snap	2400	sdk	media	cp_dropped	0
1781349954	snap	2400	sdk	media	lp_dropped	0
1781349954	snap	2400	sdk	post-storage	spans_received	261480
1781349954	snap	2400	sdk	post-storage	spans_sent	261480
1781349954	snap	2400	sdk	post-storage	spans_dropped	0
1781349954	snap	2400	sdk	post-storage	spans_flushed	261480
1781349954	snap	2400	sdk	post-storage	batches_sent	2196
1781349954	snap	2400	sdk	post-storage	batches_dropped	0
1781349954	snap	2400	sdk	post-storage	send_unavailable	0
1781349954	snap	2400	sdk	post-storage	send_deadline	0
1781349954	snap	2400	sdk	post-storage	send_exhausted	0
1781349954	snap	2400	sdk	post-storage	send_canceled	0
1781349954	snap	2400	sdk	post-storage	send_other	0
1781349954	snap	2400	sdk	post-storage	buffer_depth	0
0
1781349954	snap	2400	sdk	post-storage	cp_received	261480
1781349954	snap	2400	sdk	post-storage	lp_received	0
1781349954	snap	2400	sdk	post-storage	cp_sent	261480
1781349954	snap	2400	sdk	post-storage	lp_sent	0
1781349954	snap	2400	sdk	post-storage	cp_dropped	0
1781349954	snap	2400	sdk	post-storage	lp_dropped	0
1781349954	snap	2400	sdk	socialgraph	spans_received	375314
1781349954	snap	2400	sdk	socialgraph	spans_sent	372492
1781349954	snap	2400	sdk	socialgraph	spans_dropped	2822
1781349954	snap	2400	sdk	socialgraph	spans_flushed	375314
1781349954	snap	2400	sdk	socialgraph	batches_sent	2669
1781349954	snap	2400	sdk	socialgraph	batches_dropped	14
1781349954	snap	2400	sdk	socialgraph	send_unavailable	14
1781349954	snap	2400	sdk	socialgraph	send_deadline	0
1781349954	snap	2400	sdk	socialgraph	send_exhausted	0
1781349954	snap	2400	sdk	socialgraph	send_canceled	0
1781349954	snap	2400	sdk	socialgraph	send_other	0
1781349954	snap	2400	sdk	socialgraph	buffer_depth	0
0
1781349954	snap	2400	sdk	socialgraph	cp_received	337690
1781349954	snap	2400	sdk	socialgraph	lp_received	37624
1781349954	snap	2400	sdk	socialgraph	cp_sent	337690
1781349954	snap	2400	sdk	socialgraph	lp_sent	34802
1781349954	snap	2400	sdk	socialgraph	cp_dropped	0
1781349954	snap	2400	sdk	socialgraph	lp_dropped	2822
1781349954	snap	2400	sdk	text	spans_received	784460
1781349954	snap	2400	sdk	text	spans_sent	784460
1781349954	snap	2400	sdk	text	spans_dropped	0
1781349954	snap	2400	sdk	text	spans_flushed	784460
1781349954	snap	2400	sdk	text	batches_sent	6585
1781349954	snap	2400	sdk	text	batches_dropped	0
1781349954	snap	2400	sdk	text	send_unavailable	0
1781349954	snap	2400	sdk	text	send_deadline	0
1781349954	snap	2400	sdk	text	send_exhausted	0
1781349954	snap	2400	sdk	text	send_canceled	0
1781349954	snap	2400	sdk	text	send_other	0
1781349954	snap	2400	sdk	text	buffer_depth	0
0
1781349954	snap	2400	sdk	text	cp_received	0
1781349954	snap	2400	sdk	text	lp_received	784460
1781349954	snap	2400	sdk	text	cp_sent	0
1781349954	snap	2400	sdk	text	lp_sent	784460
1781349954	snap	2400	sdk	text	cp_dropped	0
1781349954	snap	2400	sdk	text	lp_dropped	0
1781349954	snap	2400	sdk	uniqueid	spans_received	261484
1781349954	snap	2400	sdk	uniqueid	spans_sent	261484
1781349954	snap	2400	sdk	uniqueid	spans_dropped	0
1781349954	snap	2400	sdk	uniqueid	spans_flushed	261484
1781349954	snap	2400	sdk	uniqueid	batches_sent	2195
1781349954	snap	2400	sdk	uniqueid	batches_dropped	0
1781349954	snap	2400	sdk	uniqueid	send_unavailable	0
1781349954	snap	2400	sdk	uniqueid	send_deadline	0
1781349954	snap	2400	sdk	uniqueid	send_exhausted	0
1781349954	snap	2400	sdk	uniqueid	send_canceled	0
1781349954	snap	2400	sdk	uniqueid	send_other	0
1781349954	snap	2400	sdk	uniqueid	buffer_depth	0
0
1781349954	snap	2400	sdk	uniqueid	cp_received	261484
1781349954	snap	2400	sdk	uniqueid	lp_received	0
1781349954	snap	2400	sdk	uniqueid	cp_sent	261484
1781349954	snap	2400	sdk	uniqueid	lp_sent	0
1781349954	snap	2400	sdk	uniqueid	cp_dropped	0
1781349954	snap	2400	sdk	uniqueid	lp_dropped	0
1781349954	snap	2400	sdk	urlshorten	spans_received	261484
1781349954	snap	2400	sdk	urlshorten	spans_sent	261484
1781349954	snap	2400	sdk	urlshorten	spans_dropped	0
1781349954	snap	2400	sdk	urlshorten	spans_flushed	261484
1781349954	snap	2400	sdk	urlshorten	batches_sent	2195
1781349954	snap	2400	sdk	urlshorten	batches_dropped	0
1781349954	snap	2400	sdk	urlshorten	send_unavailable	0
1781349954	snap	2400	sdk	urlshorten	send_deadline	0
1781349954	snap	2400	sdk	urlshorten	send_exhausted	0
1781349954	snap	2400	sdk	urlshorten	send_canceled	0
1781349954	snap	2400	sdk	urlshorten	send_other	0
1781349954	snap	2400	sdk	urlshorten	buffer_depth	0
0
1781349954	snap	2400	sdk	urlshorten	cp_received	261484
1781349954	snap	2400	sdk	urlshorten	lp_received	0
1781349954	snap	2400	sdk	urlshorten	cp_sent	261484
1781349954	snap	2400	sdk	urlshorten	lp_sent	0
1781349954	snap	2400	sdk	urlshorten	cp_dropped	0
1781349954	snap	2400	sdk	urlshorten	lp_dropped	0
1781349954	snap	2400	sdk	user	spans_received	263408
1781349954	snap	2400	sdk	user	spans_sent	263408
1781349954	snap	2400	sdk	user	spans_dropped	0
1781349954	snap	2400	sdk	user	spans_flushed	263408
1781349954	snap	2400	sdk	user	batches_sent	2207
1781349954	snap	2400	sdk	user	batches_dropped	0
1781349954	snap	2400	sdk	user	send_unavailable	0
1781349954	snap	2400	sdk	user	send_deadline	0
1781349954	snap	2400	sdk	user	send_exhausted	0
1781349954	snap	2400	sdk	user	send_canceled	0
1781349954	snap	2400	sdk	user	send_other	0
1781349954	snap	2400	sdk	user	buffer_depth	0
0
1781349954	snap	2400	sdk	user	cp_received	262446
1781349954	snap	2400	sdk	user	lp_received	962
1781349954	snap	2400	sdk	user	cp_sent	262446
1781349954	snap	2400	sdk	user	lp_sent	962
1781349954	snap	2400	sdk	user	cp_dropped	0
1781349954	snap	2400	sdk	user	lp_dropped	0
1781349954	snap	2400	sdk	userid	spans_received	75248
1781349954	snap	2400	sdk	userid	spans_sent	75248
1781349954	snap	2400	sdk	userid	spans_dropped	0
1781349954	snap	2400	sdk	userid	spans_flushed	75248
1781349954	snap	2400	sdk	userid	batches_sent	247
1781349954	snap	2400	sdk	userid	batches_dropped	0
1781349954	snap	2400	sdk	userid	send_unavailable	0
1781349954	snap	2400	sdk	userid	send_deadline	0
1781349954	snap	2400	sdk	userid	send_exhausted	0
1781349954	snap	2400	sdk	userid	send_canceled	0
1781349954	snap	2400	sdk	userid	send_other	0
1781349954	snap	2400	sdk	userid	buffer_depth	0
0
1781349954	snap	2400	sdk	userid	cp_received	75248
1781349954	snap	2400	sdk	userid	lp_received	0
1781349954	snap	2400	sdk	userid	cp_sent	75248
1781349954	snap	2400	sdk	userid	lp_sent	0
1781349954	snap	2400	sdk	userid	cp_dropped	0
1781349954	snap	2400	sdk	userid	lp_dropped	0
1781349954	snap	2400	sdk	usermention	spans_received	261484
1781349954	snap	2400	sdk	usermention	spans_sent	261484
1781349954	snap	2400	sdk	usermention	spans_dropped	0
1781349954	snap	2400	sdk	usermention	spans_flushed	261484
1781349954	snap	2400	sdk	usermention	batches_sent	2195
1781349954	snap	2400	sdk	usermention	batches_dropped	0
1781349954	snap	2400	sdk	usermention	send_unavailable	0
1781349954	snap	2400	sdk	usermention	send_deadline	0
1781349954	snap	2400	sdk	usermention	send_exhausted	0
1781349954	snap	2400	sdk	usermention	send_canceled	0
1781349954	snap	2400	sdk	usermention	send_other	0
1781349954	snap	2400	sdk	usermention	buffer_depth	0
0
1781349954	snap	2400	sdk	usermention	cp_received	261484
1781349954	snap	2400	sdk	usermention	lp_received	0
1781349954	snap	2400	sdk	usermention	cp_sent	261484
1781349954	snap	2400	sdk	usermention	lp_sent	0
1781349954	snap	2400	sdk	usermention	cp_dropped	0
1781349954	snap	2400	sdk	usermention	lp_dropped	0
1781349954	snap	2400	sdk	usertimeline	spans_received	261480
1781349954	snap	2400	sdk	usertimeline	spans_sent	261480
1781349954	snap	2400	sdk	usertimeline	spans_dropped	0
1781349954	snap	2400	sdk	usertimeline	spans_flushed	261480
1781349954	snap	2400	sdk	usertimeline	batches_sent	2195
1781349954	snap	2400	sdk	usertimeline	batches_dropped	0
1781349954	snap	2400	sdk	usertimeline	send_unavailable	0
1781349954	snap	2400	sdk	usertimeline	send_deadline	0
1781349954	snap	2400	sdk	usertimeline	send_exhausted	0
1781349954	snap	2400	sdk	usertimeline	send_canceled	0
1781349954	snap	2400	sdk	usertimeline	send_other	0
1781349954	snap	2400	sdk	usertimeline	buffer_depth	0
0
1781349954	snap	2400	sdk	usertimeline	cp_received	261480
1781349954	snap	2400	sdk	usertimeline	lp_received	0
1781349954	snap	2400	sdk	usertimeline	cp_sent	261480
1781349954	snap	2400	sdk	usertimeline	lp_sent	0
1781349954	snap	2400	sdk	usertimeline	cp_dropped	0
1781349954	snap	2400	sdk	usertimeline	lp_dropped	0
1781350021	snap	2400	otelcol	otelcol-sb-esrev0-ctr-hj4v4	otelcol_process_uptime	398
1781350021	snap	2400	otelcol	otelcol-sb-esrev0-ctr-hj4v4	otelcol_exporter_sent_spans	864412
1781350021	snap	2400	otelcol	otelcol-sb-esrev0-ctr-hj4v4	otelcol_process_runtime_total_sys_memory_bytes	93341976
1781350021	snap	2400	otelcol	otelcol-sb-esrev0-ctr-hj4v4	otelcol_process_runtime_total_alloc_bytes	698852152
1781350021	snap	2400	otelcol	otelcol-sb-esrev0-ctr-hj4v4	otelcol_exporter_queue_capacity	1001
1781350021	snap	2400	otelcol	otelcol-sb-esrev0-ctr-hj4v4	otelcol_receiver_failed_spans	0
1781350021	snap	2400	otelcol	otelcol-sb-esrev0-ctr-hj4v4	otelcol_processor_batch_metadata_cardinality	1
1781350021	snap	2400	otelcol	otelcol-sb-esrev0-ctr-hj4v4	otelcol_processor_batch_batch_send_size_sum	864412
1781350021	snap	2400	otelcol	otelcol-sb-esrev0-ctr-hj4v4	otelcol_receiver_refused_spans	41296
1781350021	snap	2400	otelcol	otelcol-sb-esrev0-ctr-hj4v4	otelcol_processor_batch_timeout_trigger_send	1562
1781350021	snap	2400	otelcol	otelcol-sb-esrev0-ctr-hj4v4	otelcol_exporter_send_failed_spans	0
1781350021	snap	2400	otelcol	otelcol-sb-esrev0-ctr-hj4v4	otelcol_exporter_queue_size	0
1781350021	snap	2400	otelcol	otelcol-sb-esrev0-ctr-hj4v4	otelcol_exporter_queue_batch_send_size_sum	864412
1781350021	snap	2400	otelcol	otelcol-sb-esrev0-ctr-hj4v4	otelcol_processor_incoming_items	905708
1781350021	snap	2400	otelcol	otelcol-sb-esrev0-ctr-hj4v4	otelcol_process_runtime_heap_alloc_bytes	34673904
1781350021	snap	2400	otelcol	otelcol-sb-esrev0-ctr-hj4v4	otelcol_process_memory_rss	228356096
1781350021	snap	2400	otelcol	otelcol-sb-esrev0-ctr-hj4v4	otelcol_receiver_accepted_spans	864412
1781350021	snap	2400	otelcol	otelcol-sb-esrev0-ctr-hj4v4	otelcol_processor_outgoing_items	864412
1781350021	snap	2400	otelcol	otelcol-sb-esrev0-ctr-hj4v4	otelcol_process_cpu_seconds	22
1781350021	snap	2400	otelcol	otelcol-sb-esrev0-ctr-bgnq8	otelcol_processor_batch_batch_send_size_sum	504044
1781350021	snap	2400	otelcol	otelcol-sb-esrev0-ctr-bgnq8	otelcol_exporter_sent_spans	504044
1781350021	snap	2400	otelcol	otelcol-sb-esrev0-ctr-bgnq8	otelcol_processor_batch_metadata_cardinality	1
1781350021	snap	2400	otelcol	otelcol-sb-esrev0-ctr-bgnq8	otelcol_receiver_accepted_spans	504044
1781350021	snap	2400	otelcol	otelcol-sb-esrev0-ctr-bgnq8	otelcol_process_uptime	400
1781350021	snap	2400	otelcol	otelcol-sb-esrev0-ctr-bgnq8	otelcol_process_memory_rss	226320384
1781350021	snap	2400	otelcol	otelcol-sb-esrev0-ctr-bgnq8	otelcol_exporter_queue_size	0
1781350021	snap	2400	otelcol	otelcol-sb-esrev0-ctr-bgnq8	otelcol_processor_incoming_items	504044
1781350021	snap	2400	otelcol	otelcol-sb-esrev0-ctr-bgnq8	otelcol_exporter_queue_capacity	1001
1781350021	snap	2400	otelcol	otelcol-sb-esrev0-ctr-bgnq8	otelcol_processor_batch_timeout_trigger_send	1563
1781350021	snap	2400	otelcol	otelcol-sb-esrev0-ctr-bgnq8	otelcol_process_runtime_total_alloc_bytes	475178808
1781350021	snap	2400	otelcol	otelcol-sb-esrev0-ctr-bgnq8	otelcol_receiver_refused_spans	0
1781350021	snap	2400	otelcol	otelcol-sb-esrev0-ctr-bgnq8	otelcol_process_runtime_total_sys_memory_bytes	89123096
1781350021	snap	2400	otelcol	otelcol-sb-esrev0-ctr-bgnq8	otelcol_receiver_failed_spans	0
1781350021	snap	2400	otelcol	otelcol-sb-esrev0-ctr-bgnq8	otelcol_process_runtime_heap_alloc_bytes	42776080
1781350021	snap	2400	otelcol	otelcol-sb-esrev0-ctr-bgnq8	otelcol_exporter_send_failed_spans	0
1781350021	snap	2400	otelcol	otelcol-sb-esrev0-ctr-bgnq8	otelcol_processor_outgoing_items	504044
1781350021	snap	2400	otelcol	otelcol-sb-esrev0-ctr-bgnq8	otelcol_process_cpu_seconds	16
1781350021	snap	2400	otelcol	otelcol-sb-esrev0-ctr-bgnq8	otelcol_exporter_queue_batch_send_size_sum	504044
1781350021	snap	2400	otelcol	otelcol-sb-esrev0-ctr-vb2mk	otelcol_process_uptime	400
1781350021	snap	2400	otelcol	otelcol-sb-esrev0-ctr-vb2mk	otelcol_process_memory_rss	223866880
1781350021	snap	2400	otelcol	otelcol-sb-esrev0-ctr-vb2mk	otelcol_exporter_send_failed_spans	0
1781350021	snap	2400	otelcol	otelcol-sb-esrev0-ctr-vb2mk	otelcol_receiver_accepted_spans	501731
1781350021	snap	2400	otelcol	otelcol-sb-esrev0-ctr-vb2mk	otelcol_process_runtime_total_sys_memory_bytes	89385240
1781350021	snap	2400	otelcol	otelcol-sb-esrev0-ctr-vb2mk	otelcol_exporter_queue_batch_send_size_sum	501731
1781350021	snap	2400	otelcol	otelcol-sb-esrev0-ctr-vb2mk	otelcol_process_cpu_seconds	17
1781350021	snap	2400	otelcol	otelcol-sb-esrev0-ctr-vb2mk	otelcol_process_runtime_heap_alloc_bytes	48878176
1781350021	snap	2400	otelcol	otelcol-sb-esrev0-ctr-vb2mk	otelcol_exporter_sent_spans	501731
1781350021	snap	2400	otelcol	otelcol-sb-esrev0-ctr-vb2mk	otelcol_exporter_queue_capacity	1001
1781350021	snap	2400	otelcol	otelcol-sb-esrev0-ctr-vb2mk	otelcol_receiver_refused_spans	0
1781350021	snap	2400	otelcol	otelcol-sb-esrev0-ctr-vb2mk	otelcol_processor_incoming_items	501731
1781350021	snap	2400	otelcol	otelcol-sb-esrev0-ctr-vb2mk	otelcol_processor_outgoing_items	501731
1781350021	snap	2400	otelcol	otelcol-sb-esrev0-ctr-vb2mk	otelcol_exporter_queue_size	0
1781350021	snap	2400	otelcol	otelcol-sb-esrev0-ctr-vb2mk	otelcol_processor_batch_metadata_cardinality	1
1781350021	snap	2400	otelcol	otelcol-sb-esrev0-ctr-vb2mk	otelcol_receiver_failed_spans	0
1781350021	snap	2400	otelcol	otelcol-sb-esrev0-ctr-vb2mk	otelcol_processor_batch_timeout_trigger_send	1558
1781350021	snap	2400	otelcol	otelcol-sb-esrev0-ctr-vb2mk	otelcol_processor_batch_batch_send_size_sum	501731
1781350021	snap	2400	otelcol	otelcol-sb-esrev0-ctr-vb2mk	otelcol_process_runtime_total_alloc_bytes	448592656
1781350021	snap	2400	otelcol	otelcol-sb-esrev0-ctr-j6v9t	otelcol_processor_incoming_items	4137380
1781350021	snap	2400	otelcol	otelcol-sb-esrev0-ctr-j6v9t	otelcol_process_cpu_seconds	54
1781350021	snap	2400	otelcol	otelcol-sb-esrev0-ctr-j6v9t	otelcol_process_uptime	398
1781350021	snap	2400	otelcol	otelcol-sb-esrev0-ctr-j6v9t	otelcol_process_runtime_heap_alloc_bytes	58537696
1781350021	snap	2400	otelcol	otelcol-sb-esrev0-ctr-j6v9t	otelcol_exporter_sent_spans	3057946
1781350021	snap	2400	otelcol	otelcol-sb-esrev0-ctr-j6v9t	otelcol_exporter_send_failed_spans	0
1781350021	snap	2400	otelcol	otelcol-sb-esrev0-ctr-j6v9t	otelcol_receiver_failed_spans	0
1781350021	snap	2400	otelcol	otelcol-sb-esrev0-ctr-j6v9t	otelcol_processor_outgoing_items	3057946
1781350021	snap	2400	otelcol	otelcol-sb-esrev0-ctr-j6v9t	otelcol_processor_batch_batch_send_size_sum	3057946
1781350021	snap	2400	otelcol	otelcol-sb-esrev0-ctr-j6v9t	otelcol_process_runtime_total_sys_memory_bytes	110197032
1781350021	snap	2400	otelcol	otelcol-sb-esrev0-ctr-j6v9t	otelcol_process_runtime_total_alloc_bytes	2750233904
1781350021	snap	2400	otelcol	otelcol-sb-esrev0-ctr-j6v9t	otelcol_processor_batch_metadata_cardinality	1
1781350021	snap	2400	otelcol	otelcol-sb-esrev0-ctr-j6v9t	otelcol_processor_batch_timeout_trigger_send	1560
1781350021	snap	2400	otelcol	otelcol-sb-esrev0-ctr-j6v9t	otelcol_exporter_queue_size	0
1781350021	snap	2400	otelcol	otelcol-sb-esrev0-ctr-j6v9t	otelcol_receiver_accepted_spans	3057946
1781350021	snap	2400	otelcol	otelcol-sb-esrev0-ctr-j6v9t	otelcol_process_memory_rss	236613632
1781350021	snap	2400	otelcol	otelcol-sb-esrev0-ctr-j6v9t	otelcol_receiver_refused_spans	1079434
1781350021	snap	2400	otelcol	otelcol-sb-esrev0-ctr-j6v9t	otelcol_exporter_queue_capacity	1001
1781350021	snap	2400	otelcol	otelcol-sb-esrev0-ctr-j6v9t	otelcol_exporter_queue_batch_send_size_sum	3057946
1781350021	snap	2400	otelcol	otelcol-sb-esrev0-ctr-5tpmc	otelcol_processor_batch_timeout_trigger_send	1566
1781350021	snap	2400	otelcol	otelcol-sb-esrev0-ctr-5tpmc	otelcol_process_runtime_heap_alloc_bytes	59449960
1781350021	snap	2400	otelcol	otelcol-sb-esrev0-ctr-5tpmc	otelcol_processor_outgoing_items	1790869
1781350021	snap	2400	otelcol	otelcol-sb-esrev0-ctr-5tpmc	otelcol_receiver_accepted_spans	1790869
1781350021	snap	2400	otelcol	otelcol-sb-esrev0-ctr-5tpmc	otelcol_process_uptime	399
1781350021	snap	2400	otelcol	otelcol-sb-esrev0-ctr-5tpmc	otelcol_process_runtime_total_alloc_bytes	1064789648
1781350021	snap	2400	otelcol	otelcol-sb-esrev0-ctr-5tpmc	otelcol_exporter_queue_capacity	1001
1781350021	snap	2400	otelcol	otelcol-sb-esrev0-ctr-5tpmc	otelcol_receiver_refused_spans	0
1781350021	snap	2400	otelcol	otelcol-sb-esrev0-ctr-5tpmc	otelcol_exporter_queue_batch_send_size_sum	1790869
1781350021	snap	2400	otelcol	otelcol-sb-esrev0-ctr-5tpmc	otelcol_receiver_failed_spans	0
1781350021	snap	2400	otelcol	otelcol-sb-esrev0-ctr-5tpmc	otelcol_process_cpu_seconds	29
1781350021	snap	2400	otelcol	otelcol-sb-esrev0-ctr-5tpmc	otelcol_processor_batch_batch_send_size_sum	1790869
1781350021	snap	2400	otelcol	otelcol-sb-esrev0-ctr-5tpmc	otelcol_exporter_send_failed_spans	0
1781350021	snap	2400	otelcol	otelcol-sb-esrev0-ctr-5tpmc	otelcol_processor_batch_metadata_cardinality	1
1781350021	snap	2400	otelcol	otelcol-sb-esrev0-ctr-5tpmc	otelcol_process_runtime_total_sys_memory_bytes	93391128
1781350021	snap	2400	otelcol	otelcol-sb-esrev0-ctr-5tpmc	otelcol_process_memory_rss	231768064
1781350021	snap	2400	otelcol	otelcol-sb-esrev0-ctr-5tpmc	otelcol_exporter_sent_spans	1790869
1781350021	snap	2400	otelcol	otelcol-sb-esrev0-ctr-5tpmc	otelcol_processor_incoming_items	1790869
1781350021	snap	2400	otelcol	otelcol-sb-esrev0-ctr-5tpmc	otelcol_exporter_queue_size	0
1781350021	snap	2400	otelcol	otelcol-sb-esrev0-ctr-mg8jm	otelcol_processor_outgoing_items	97747
1781350021	snap	2400	otelcol	otelcol-sb-esrev0-ctr-mg8jm	otelcol_process_memory_rss	212561920
1781350021	snap	2400	otelcol	otelcol-sb-esrev0-ctr-mg8jm	otelcol_exporter_queue_batch_send_size_sum	97747
1781350021	snap	2400	otelcol	otelcol-sb-esrev0-ctr-mg8jm	otelcol_process_runtime_heap_alloc_bytes	37498176
1781350021	snap	2400	otelcol	otelcol-sb-esrev0-ctr-mg8jm	otelcol_receiver_failed_spans	0
1781350021	snap	2400	otelcol	otelcol-sb-esrev0-ctr-mg8jm	otelcol_process_runtime_total_sys_memory_bytes	71362840
1781350021	snap	2400	otelcol	otelcol-sb-esrev0-ctr-mg8jm	otelcol_process_cpu_seconds	15
1781350021	snap	2400	otelcol	otelcol-sb-esrev0-ctr-mg8jm	otelcol_receiver_refused_spans	0
1781350021	snap	2400	otelcol	otelcol-sb-esrev0-ctr-mg8jm	otelcol_processor_batch_batch_send_size_sum	97747
1781350021	snap	2400	otelcol	otelcol-sb-esrev0-ctr-mg8jm	otelcol_process_runtime_total_alloc_bytes	207875064
1781350021	snap	2400	otelcol	otelcol-sb-esrev0-ctr-mg8jm	otelcol_receiver_accepted_spans	97747
1781350021	snap	2400	otelcol	otelcol-sb-esrev0-ctr-mg8jm	otelcol_exporter_send_failed_spans	0
1781350021	snap	2400	otelcol	otelcol-sb-esrev0-ctr-mg8jm	otelcol_processor_batch_metadata_cardinality	1
1781350021	snap	2400	otelcol	otelcol-sb-esrev0-ctr-mg8jm	otelcol_exporter_sent_spans	97747
1781350021	snap	2400	otelcol	otelcol-sb-esrev0-ctr-mg8jm	otelcol_exporter_queue_capacity	1001
1781350021	snap	2400	otelcol	otelcol-sb-esrev0-ctr-mg8jm	otelcol_processor_incoming_items	97747
1781350021	snap	2400	otelcol	otelcol-sb-esrev0-ctr-mg8jm	otelcol_processor_batch_timeout_trigger_send	1552
1781350021	snap	2400	otelcol	otelcol-sb-esrev0-ctr-mg8jm	otelcol_process_uptime	392
1781350021	snap	2400	otelcol	otelcol-sb-esrev0-ctr-mg8jm	otelcol_exporter_queue_size	0
1781350021	snap	2400	otelcol	otelcol-sb-esrev0-ctr-bxzgg	otelcol_exporter_queue_capacity	1001
1781350021	snap	2400	otelcol	otelcol-sb-esrev0-ctr-bxzgg	otelcol_processor_batch_metadata_cardinality	1
1781350021	snap	2400	otelcol	otelcol-sb-esrev0-ctr-bxzgg	otelcol_processor_batch_timeout_trigger_send	1560
1781350021	snap	2400	otelcol	otelcol-sb-esrev0-ctr-bxzgg	otelcol_processor_incoming_items	502096
1781350021	snap	2400	otelcol	otelcol-sb-esrev0-ctr-bxzgg	otelcol_exporter_queue_batch_send_size_sum	502096
1781350021	snap	2400	otelcol	otelcol-sb-esrev0-ctr-bxzgg	otelcol_process_memory_rss	224296960
1781350021	snap	2400	otelcol	otelcol-sb-esrev0-ctr-bxzgg	otelcol_exporter_send_failed_spans	0
1781350021	snap	2400	otelcol	otelcol-sb-esrev0-ctr-bxzgg	otelcol_processor_outgoing_items	502096
1781350021	snap	2400	otelcol	otelcol-sb-esrev0-ctr-bxzgg	otelcol_process_cpu_seconds	17
1781350021	snap	2400	otelcol	otelcol-sb-esrev0-ctr-bxzgg	otelcol_process_uptime	398
1781350021	snap	2400	otelcol	otelcol-sb-esrev0-ctr-bxzgg	otelcol_process_runtime_total_alloc_bytes	455186344
1781350021	snap	2400	otelcol	otelcol-sb-esrev0-ctr-bxzgg	otelcol_processor_batch_batch_send_size_sum	502096
1781350021	snap	2400	otelcol	otelcol-sb-esrev0-ctr-bxzgg	otelcol_process_runtime_total_sys_memory_bytes	84396312
1781350021	snap	2400	otelcol	otelcol-sb-esrev0-ctr-bxzgg	otelcol_process_runtime_heap_alloc_bytes	34862000
1781350021	snap	2400	otelcol	otelcol-sb-esrev0-ctr-bxzgg	otelcol_receiver_refused_spans	0
1781350021	snap	2400	otelcol	otelcol-sb-esrev0-ctr-bxzgg	otelcol_receiver_failed_spans	0
1781350021	snap	2400	otelcol	otelcol-sb-esrev0-ctr-bxzgg	otelcol_exporter_sent_spans	502096
1781350021	snap	2400	otelcol	otelcol-sb-esrev0-ctr-bxzgg	otelcol_receiver_accepted_spans	502096
1781350021	snap	2400	otelcol	otelcol-sb-esrev0-ctr-bxzgg	otelcol_exporter_queue_size	0
1781350021	snap	2400	otelcol	otelcol-sb-esrev0-ctr-8ncml	otelcol_processor_outgoing_items	502937
1781350021	snap	2400	otelcol	otelcol-sb-esrev0-ctr-8ncml	otelcol_process_cpu_seconds	18
1781350021	snap	2400	otelcol	otelcol-sb-esrev0-ctr-8ncml	otelcol_process_uptime	399
1781350021	snap	2400	otelcol	otelcol-sb-esrev0-ctr-8ncml	otelcol_exporter_queue_batch_send_size_sum	502937
1781350021	snap	2400	otelcol	otelcol-sb-esrev0-ctr-8ncml	otelcol_receiver_failed_spans	0
1781350021	snap	2400	otelcol	otelcol-sb-esrev0-ctr-8ncml	otelcol_receiver_refused_spans	0
1781350021	snap	2400	otelcol	otelcol-sb-esrev0-ctr-8ncml	otelcol_process_runtime_heap_alloc_bytes	50679656
1781350021	snap	2400	otelcol	otelcol-sb-esrev0-ctr-8ncml	otelcol_processor_batch_batch_send_size_sum	502937
1781350021	snap	2400	otelcol	otelcol-sb-esrev0-ctr-8ncml	otelcol_process_runtime_total_sys_memory_bytes	79948056
1781350021	snap	2400	otelcol	otelcol-sb-esrev0-ctr-8ncml	otelcol_exporter_sent_spans	502937
1781350021	snap	2400	otelcol	otelcol-sb-esrev0-ctr-8ncml	otelcol_exporter_queue_size	0
1781350021	snap	2400	otelcol	otelcol-sb-esrev0-ctr-8ncml	otelcol_exporter_send_failed_spans	0
1781350021	snap	2400	otelcol	otelcol-sb-esrev0-ctr-8ncml	otelcol_receiver_accepted_spans	502937
1781350021	snap	2400	otelcol	otelcol-sb-esrev0-ctr-8ncml	otelcol_processor_batch_metadata_cardinality	1
1781350021	snap	2400	otelcol	otelcol-sb-esrev0-ctr-8ncml	otelcol_processor_incoming_items	502937
1781350021	snap	2400	otelcol	otelcol-sb-esrev0-ctr-8ncml	otelcol_processor_batch_timeout_trigger_send	1561
1781350021	snap	2400	otelcol	otelcol-sb-esrev0-ctr-8ncml	otelcol_exporter_queue_capacity	1001
1781350021	snap	2400	otelcol	otelcol-sb-esrev0-ctr-8ncml	otelcol_process_runtime_total_alloc_bytes	446244856
1781350021	snap	2400	otelcol	otelcol-sb-esrev0-ctr-8ncml	otelcol_process_memory_rss	222580736
1781350021	snap	2400	otelcol	otelcol-sb-esrev0-ctr-t4pj5	otelcol_exporter_send_failed_spans	0
1781350021	snap	2400	otelcol	otelcol-sb-esrev0-ctr-t4pj5	otelcol_exporter_queue_size	0
1781350021	snap	2400	otelcol	otelcol-sb-esrev0-ctr-t4pj5	otelcol_processor_incoming_items	616749
1781350021	snap	2400	otelcol	otelcol-sb-esrev0-ctr-t4pj5	otelcol_processor_outgoing_items	613551
1781350021	snap	2400	otelcol	otelcol-sb-esrev0-ctr-t4pj5	otelcol_process_runtime_total_sys_memory_bytes	89123096
1781350021	snap	2400	otelcol	otelcol-sb-esrev0-ctr-t4pj5	otelcol_processor_batch_metadata_cardinality	1
1781350021	snap	2400	otelcol	otelcol-sb-esrev0-ctr-t4pj5	otelcol_processor_batch_timeout_trigger_send	1559
1781350021	snap	2400	otelcol	otelcol-sb-esrev0-ctr-t4pj5	otelcol_process_memory_rss	227958784
1781350021	snap	2400	otelcol	otelcol-sb-esrev0-ctr-t4pj5	otelcol_exporter_queue_batch_send_size_sum	613551
1781350021	snap	2400	otelcol	otelcol-sb-esrev0-ctr-t4pj5	otelcol_receiver_failed_spans	0
1781350021	snap	2400	otelcol	otelcol-sb-esrev0-ctr-t4pj5	otelcol_process_cpu_seconds	17
1781350021	snap	2400	otelcol	otelcol-sb-esrev0-ctr-t4pj5	otelcol_receiver_accepted_spans	613551
1781350021	snap	2400	otelcol	otelcol-sb-esrev0-ctr-t4pj5	otelcol_process_runtime_heap_alloc_bytes	32416976
1781350021	snap	2400	otelcol	otelcol-sb-esrev0-ctr-t4pj5	otelcol_exporter_sent_spans	613551
1781350021	snap	2400	otelcol	otelcol-sb-esrev0-ctr-t4pj5	otelcol_processor_batch_batch_send_size_sum	613551
1781350021	snap	2400	otelcol	otelcol-sb-esrev0-ctr-t4pj5	otelcol_process_uptime	404
1781350021	snap	2400	otelcol	otelcol-sb-esrev0-ctr-t4pj5	otelcol_process_runtime_total_alloc_bytes	516918400
1781350021	snap	2400	otelcol	otelcol-sb-esrev0-ctr-t4pj5	otelcol_exporter_queue_capacity	1001
1781350021	snap	2400	otelcol	otelcol-sb-esrev0-ctr-t4pj5	otelcol_receiver_refused_spans	3198
1781350021	snap	2400	k8s	otelcol-sb-esrev0-ctr-5tpmc	restart_count	0
1781350021	snap	2400	k8s	otelcol-sb-esrev0-ctr-8ncml	restart_count	0
1781350021	snap	2400	k8s	otelcol-sb-esrev0-ctr-bgnq8	restart_count	0
1781350021	snap	2400	k8s	otelcol-sb-esrev0-ctr-bxzgg	restart_count	0
1781350021	snap	2400	k8s	otelcol-sb-esrev0-ctr-hj4v4	restart_count	0
1781350021	snap	2400	k8s	otelcol-sb-esrev0-ctr-j6v9t	restart_count	0
1781350021	snap	2400	k8s	otelcol-sb-esrev0-ctr-mg8jm	restart_count	0
1781350021	snap	2400	k8s	otelcol-sb-esrev0-ctr-t4pj5	restart_count	0
1781350021	snap	2400	k8s	otelcol-sb-esrev0-ctr-vb2mk	restart_count	0
1781350021	snap	2400	sdk	wrk2api	spans_received	97770
1781350021	snap	2400	sdk	wrk2api	spans_sent	97770
1781350021	snap	2400	sdk	wrk2api	spans_dropped	0
1781350021	snap	2400	sdk	wrk2api	spans_flushed	97770
1781350021	snap	2400	sdk	wrk2api	batches_sent	6072
1781350021	snap	2400	sdk	wrk2api	batches_dropped	0
1781350021	snap	2400	sdk	wrk2api	send_unavailable	0
1781350021	snap	2400	sdk	wrk2api	send_deadline	0
1781350021	snap	2400	sdk	wrk2api	send_exhausted	0
1781350021	snap	2400	sdk	wrk2api	send_canceled	0
1781350021	snap	2400	sdk	wrk2api	send_other	0
1781350021	snap	2400	sdk	wrk2api	buffer_depth	0
0
1781350021	snap	2400	sdk	wrk2api	cp_received	48885
1781350021	snap	2400	sdk	wrk2api	lp_received	48885
1781350021	snap	2400	sdk	wrk2api	cp_sent	48885
1781350021	snap	2400	sdk	wrk2api	lp_sent	48885
1781350021	snap	2400	sdk	wrk2api	cp_dropped	0
1781350021	snap	2400	sdk	wrk2api	lp_dropped	0
1781350021	snap	2400	sdk	composepost	spans_received	3231684
1781350021	snap	2400	sdk	composepost	spans_sent	2886049
1781350021	snap	2400	sdk	composepost	spans_dropped	345635
1781350021	snap	2400	sdk	composepost	spans_flushed	3231684
1781350021	snap	2400	sdk	composepost	batches_sent	20808
1781350021	snap	2400	sdk	composepost	batches_dropped	1565
1781350021	snap	2400	sdk	composepost	send_unavailable	1565
1781350021	snap	2400	sdk	composepost	send_deadline	0
1781350021	snap	2400	sdk	composepost	send_exhausted	0
1781350021	snap	2400	sdk	composepost	send_canceled	0
1781350021	snap	2400	sdk	composepost	send_other	0
1781350021	snap	2400	sdk	composepost	buffer_depth	0
0
1781350021	snap	2400	sdk	composepost	cp_received	2827723
1781350021	snap	2400	sdk	composepost	lp_received	403961
1781350021	snap	2400	sdk	composepost	cp_sent	2827723
1781350021	snap	2400	sdk	composepost	lp_sent	58326
1781350021	snap	2400	sdk	composepost	cp_dropped	0
1781350021	snap	2400	sdk	composepost	lp_dropped	345635
1781350021	snap	2400	sdk	hometimeline	spans_received	807914
1781350021	snap	2400	sdk	hometimeline	spans_sent	112635
1781350021	snap	2400	sdk	hometimeline	spans_dropped	695279
1781350021	snap	2400	sdk	hometimeline	spans_flushed	807914
1781350021	snap	2400	sdk	hometimeline	batches_sent	2449
1781350021	snap	2400	sdk	hometimeline	batches_dropped	3143
1781350021	snap	2400	sdk	hometimeline	send_unavailable	3143
1781350021	snap	2400	sdk	hometimeline	send_deadline	0
1781350021	snap	2400	sdk	hometimeline	send_exhausted	0
1781350021	snap	2400	sdk	hometimeline	send_canceled	0
1781350021	snap	2400	sdk	hometimeline	send_other	0
1781350021	snap	2400	sdk	hometimeline	buffer_depth	0
0
1781350021	snap	2400	sdk	hometimeline	cp_received	0
1781350021	snap	2400	sdk	hometimeline	lp_received	807914
1781350021	snap	2400	sdk	hometimeline	cp_sent	0
1781350021	snap	2400	sdk	hometimeline	lp_sent	112635
1781350021	snap	2400	sdk	hometimeline	cp_dropped	0
1781350021	snap	2400	sdk	hometimeline	lp_dropped	695279
1781350021	snap	2400	sdk	media	spans_received	403961
1781350021	snap	2400	sdk	media	spans_sent	403961
1781350021	snap	2400	sdk	media	spans_dropped	0
1781350021	snap	2400	sdk	media	spans_flushed	403961
1781350021	snap	2400	sdk	media	batches_sent	2797
1781350021	snap	2400	sdk	media	batches_dropped	0
1781350021	snap	2400	sdk	media	send_unavailable	0
1781350021	snap	2400	sdk	media	send_deadline	0
1781350021	snap	2400	sdk	media	send_exhausted	0
1781350021	snap	2400	sdk	media	send_canceled	0
1781350021	snap	2400	sdk	media	send_other	0
1781350021	snap	2400	sdk	media	buffer_depth	0
0
1781350021	snap	2400	sdk	media	cp_received	403961
1781350021	snap	2400	sdk	media	lp_received	0
1781350021	snap	2400	sdk	media	cp_sent	403961
1781350021	snap	2400	sdk	media	lp_sent	0
1781350021	snap	2400	sdk	media	cp_dropped	0
1781350021	snap	2400	sdk	media	lp_dropped	0
1781350021	snap	2400	sdk	post-storage	spans_received	403957
1781350021	snap	2400	sdk	post-storage	spans_sent	403957
1781350021	snap	2400	sdk	post-storage	spans_dropped	0
1781350021	snap	2400	sdk	post-storage	spans_flushed	403957
1781350021	snap	2400	sdk	post-storage	batches_sent	2796
1781350021	snap	2400	sdk	post-storage	batches_dropped	0
1781350021	snap	2400	sdk	post-storage	send_unavailable	0
1781350021	snap	2400	sdk	post-storage	send_deadline	0
1781350021	snap	2400	sdk	post-storage	send_exhausted	0
1781350021	snap	2400	sdk	post-storage	send_canceled	0
1781350021	snap	2400	sdk	post-storage	send_other	0
1781350021	snap	2400	sdk	post-storage	buffer_depth	0
0
1781350021	snap	2400	sdk	post-storage	cp_received	403957
1781350021	snap	2400	sdk	post-storage	lp_received	0
1781350021	snap	2400	sdk	post-storage	cp_sent	403957
1781350021	snap	2400	sdk	post-storage	lp_sent	0
1781350021	snap	2400	sdk	post-storage	cp_dropped	0
1781350021	snap	2400	sdk	post-storage	lp_dropped	0
1781350021	snap	2400	sdk	socialgraph	spans_received	517791
1781350021	snap	2400	sdk	socialgraph	spans_sent	514969
1781350021	snap	2400	sdk	socialgraph	spans_dropped	2822
1781350021	snap	2400	sdk	socialgraph	spans_flushed	517791
1781350021	snap	2400	sdk	socialgraph	batches_sent	3269
1781350021	snap	2400	sdk	socialgraph	batches_dropped	14
1781350021	snap	2400	sdk	socialgraph	send_unavailable	14
1781350021	snap	2400	sdk	socialgraph	send_deadline	0
1781350021	snap	2400	sdk	socialgraph	send_exhausted	0
1781350021	snap	2400	sdk	socialgraph	send_canceled	0
1781350021	snap	2400	sdk	socialgraph	send_other	0
1781350021	snap	2400	sdk	socialgraph	buffer_depth	0
0
1781350021	snap	2400	sdk	socialgraph	cp_received	480167
1781350021	snap	2400	sdk	socialgraph	lp_received	37624
1781350021	snap	2400	sdk	socialgraph	cp_sent	480167
1781350021	snap	2400	sdk	socialgraph	lp_sent	34802
1781350021	snap	2400	sdk	socialgraph	cp_dropped	0
1781350021	snap	2400	sdk	socialgraph	lp_dropped	2822
1781350021	snap	2400	sdk	text	spans_received	1211891
1781350021	snap	2400	sdk	text	spans_sent	1211891
1781350021	snap	2400	sdk	text	spans_dropped	0
1781350021	snap	2400	sdk	text	spans_flushed	1211891
1781350021	snap	2400	sdk	text	batches_sent	8385
1781350021	snap	2400	sdk	text	batches_dropped	0
1781350021	snap	2400	sdk	text	send_unavailable	0
1781350021	snap	2400	sdk	text	send_deadline	0
1781350021	snap	2400	sdk	text	send_exhausted	0
1781350021	snap	2400	sdk	text	send_canceled	0
1781350021	snap	2400	sdk	text	send_other	0
1781350021	snap	2400	sdk	text	buffer_depth	0
0
1781350021	snap	2400	sdk	text	cp_received	0
1781350021	snap	2400	sdk	text	lp_received	1211891
1781350021	snap	2400	sdk	text	cp_sent	0
1781350021	snap	2400	sdk	text	lp_sent	1211891
1781350021	snap	2400	sdk	text	cp_dropped	0
1781350021	snap	2400	sdk	text	lp_dropped	0
1781350021	snap	2400	sdk	uniqueid	spans_received	403961
1781350021	snap	2400	sdk	uniqueid	spans_sent	403961
1781350021	snap	2400	sdk	uniqueid	spans_dropped	0
1781350021	snap	2400	sdk	uniqueid	spans_flushed	403961
1781350021	snap	2400	sdk	uniqueid	batches_sent	2795
1781350021	snap	2400	sdk	uniqueid	batches_dropped	0
1781350021	snap	2400	sdk	uniqueid	send_unavailable	0
1781350021	snap	2400	sdk	uniqueid	send_deadline	0
1781350021	snap	2400	sdk	uniqueid	send_exhausted	0
1781350021	snap	2400	sdk	uniqueid	send_canceled	0
1781350021	snap	2400	sdk	uniqueid	send_other	0
1781350021	snap	2400	sdk	uniqueid	buffer_depth	0
0
1781350021	snap	2400	sdk	uniqueid	cp_received	403961
1781350021	snap	2400	sdk	uniqueid	lp_received	0
1781350021	snap	2400	sdk	uniqueid	cp_sent	403961
1781350021	snap	2400	sdk	uniqueid	lp_sent	0
1781350021	snap	2400	sdk	uniqueid	cp_dropped	0
1781350021	snap	2400	sdk	uniqueid	lp_dropped	0
1781350021	snap	2400	sdk	urlshorten	spans_received	403961
1781350021	snap	2400	sdk	urlshorten	spans_sent	403961
1781350021	snap	2400	sdk	urlshorten	spans_dropped	0
1781350021	snap	2400	sdk	urlshorten	spans_flushed	403961
1781350021	snap	2400	sdk	urlshorten	batches_sent	2795
1781350021	snap	2400	sdk	urlshorten	batches_dropped	0
1781350021	snap	2400	sdk	urlshorten	send_unavailable	0
1781350021	snap	2400	sdk	urlshorten	send_deadline	0
1781350021	snap	2400	sdk	urlshorten	send_exhausted	0
1781350021	snap	2400	sdk	urlshorten	send_canceled	0
1781350021	snap	2400	sdk	urlshorten	send_other	0
1781350021	snap	2400	sdk	urlshorten	buffer_depth	0
0
1781350021	snap	2400	sdk	urlshorten	cp_received	403961
1781350021	snap	2400	sdk	urlshorten	lp_received	0
1781350021	snap	2400	sdk	urlshorten	cp_sent	403961
1781350021	snap	2400	sdk	urlshorten	lp_sent	0
1781350021	snap	2400	sdk	urlshorten	cp_dropped	0
1781350021	snap	2400	sdk	urlshorten	lp_dropped	0
1781350021	snap	2400	sdk	user	spans_received	405885
1781350021	snap	2400	sdk	user	spans_sent	405885
1781350021	snap	2400	sdk	user	spans_dropped	0
1781350021	snap	2400	sdk	user	spans_flushed	405885
1781350021	snap	2400	sdk	user	batches_sent	2807
1781350021	snap	2400	sdk	user	batches_dropped	0
1781350021	snap	2400	sdk	user	send_unavailable	0
1781350021	snap	2400	sdk	user	send_deadline	0
1781350021	snap	2400	sdk	user	send_exhausted	0
1781350021	snap	2400	sdk	user	send_canceled	0
1781350021	snap	2400	sdk	user	send_other	0
1781350021	snap	2400	sdk	user	buffer_depth	0
0
1781350021	snap	2400	sdk	user	cp_received	404923
1781350021	snap	2400	sdk	user	lp_received	962
1781350021	snap	2400	sdk	user	cp_sent	404923
1781350021	snap	2400	sdk	user	lp_sent	962
1781350021	snap	2400	sdk	user	cp_dropped	0
1781350021	snap	2400	sdk	user	lp_dropped	0
1781350021	snap	2400	sdk	userid	spans_received	75248
1781350021	snap	2400	sdk	userid	spans_sent	75248
1781350021	snap	2400	sdk	userid	spans_dropped	0
1781350021	snap	2400	sdk	userid	spans_flushed	75248
1781350021	snap	2400	sdk	userid	batches_sent	247
1781350021	snap	2400	sdk	userid	batches_dropped	0
1781350021	snap	2400	sdk	userid	send_unavailable	0
1781350021	snap	2400	sdk	userid	send_deadline	0
1781350021	snap	2400	sdk	userid	send_exhausted	0
1781350021	snap	2400	sdk	userid	send_canceled	0
1781350021	snap	2400	sdk	userid	send_other	0
1781350021	snap	2400	sdk	userid	buffer_depth	0
0
1781350021	snap	2400	sdk	userid	cp_received	75248
1781350021	snap	2400	sdk	userid	lp_received	0
1781350021	snap	2400	sdk	userid	cp_sent	75248
1781350021	snap	2400	sdk	userid	lp_sent	0
1781350021	snap	2400	sdk	userid	cp_dropped	0
1781350021	snap	2400	sdk	userid	lp_dropped	0
1781350021	snap	2400	sdk	usermention	spans_received	403961
1781350021	snap	2400	sdk	usermention	spans_sent	403961
1781350021	snap	2400	sdk	usermention	spans_dropped	0
1781350021	snap	2400	sdk	usermention	spans_flushed	403961
1781350021	snap	2400	sdk	usermention	batches_sent	2795
1781350021	snap	2400	sdk	usermention	batches_dropped	0
1781350021	snap	2400	sdk	usermention	send_unavailable	0
1781350021	snap	2400	sdk	usermention	send_deadline	0
1781350021	snap	2400	sdk	usermention	send_exhausted	0
1781350021	snap	2400	sdk	usermention	send_canceled	0
1781350021	snap	2400	sdk	usermention	send_other	0
1781350021	snap	2400	sdk	usermention	buffer_depth	0
0
1781350021	snap	2400	sdk	usermention	cp_received	403961
1781350021	snap	2400	sdk	usermention	lp_received	0
1781350021	snap	2400	sdk	usermention	cp_sent	403961
1781350021	snap	2400	sdk	usermention	lp_sent	0
1781350021	snap	2400	sdk	usermention	cp_dropped	0
1781350021	snap	2400	sdk	usermention	lp_dropped	0
1781350021	snap	2400	sdk	usertimeline	spans_received	403957
1781350021	snap	2400	sdk	usertimeline	spans_sent	403957
1781350021	snap	2400	sdk	usertimeline	spans_dropped	0
1781350021	snap	2400	sdk	usertimeline	spans_flushed	403957
1781350021	snap	2400	sdk	usertimeline	batches_sent	2795
1781350021	snap	2400	sdk	usertimeline	batches_dropped	0
1781350021	snap	2400	sdk	usertimeline	send_unavailable	0
1781350021	snap	2400	sdk	usertimeline	send_deadline	0
1781350021	snap	2400	sdk	usertimeline	send_exhausted	0
1781350021	snap	2400	sdk	usertimeline	send_canceled	0
1781350021	snap	2400	sdk	usertimeline	send_other	0
1781350021	snap	2400	sdk	usertimeline	buffer_depth	0
0
1781350021	snap	2400	sdk	usertimeline	cp_received	403957
1781350021	snap	2400	sdk	usertimeline	lp_received	0
1781350021	snap	2400	sdk	usertimeline	cp_sent	403957
1781350021	snap	2400	sdk	usertimeline	lp_sent	0
1781350021	snap	2400	sdk	usertimeline	cp_dropped	0
1781350021	snap	2400	sdk	usertimeline	lp_dropped	0
1781350029	snap	2600	otelcol	otelcol-sb-esrev0-ctr-hj4v4	otelcol_process_uptime	405
1781350029	snap	2600	otelcol	otelcol-sb-esrev0-ctr-hj4v4	otelcol_exporter_sent_spans	864412
1781350029	snap	2600	otelcol	otelcol-sb-esrev0-ctr-hj4v4	otelcol_process_runtime_total_sys_memory_bytes	93341976
1781350029	snap	2600	otelcol	otelcol-sb-esrev0-ctr-hj4v4	otelcol_process_runtime_total_alloc_bytes	699480112
1781350029	snap	2600	otelcol	otelcol-sb-esrev0-ctr-hj4v4	otelcol_exporter_queue_capacity	1001
1781350029	snap	2600	otelcol	otelcol-sb-esrev0-ctr-hj4v4	otelcol_receiver_failed_spans	0
1781350029	snap	2600	otelcol	otelcol-sb-esrev0-ctr-hj4v4	otelcol_processor_batch_metadata_cardinality	1
1781350029	snap	2600	otelcol	otelcol-sb-esrev0-ctr-hj4v4	otelcol_processor_batch_batch_send_size_sum	864412
1781350029	snap	2600	otelcol	otelcol-sb-esrev0-ctr-hj4v4	otelcol_receiver_refused_spans	41296
1781350029	snap	2600	otelcol	otelcol-sb-esrev0-ctr-hj4v4	otelcol_processor_batch_timeout_trigger_send	1562
1781350029	snap	2600	otelcol	otelcol-sb-esrev0-ctr-hj4v4	otelcol_exporter_send_failed_spans	0
1781350029	snap	2600	otelcol	otelcol-sb-esrev0-ctr-hj4v4	otelcol_exporter_queue_size	0
1781350029	snap	2600	otelcol	otelcol-sb-esrev0-ctr-hj4v4	otelcol_exporter_queue_batch_send_size_sum	864412
1781350029	snap	2600	otelcol	otelcol-sb-esrev0-ctr-hj4v4	otelcol_processor_incoming_items	905708
1781350029	snap	2600	otelcol	otelcol-sb-esrev0-ctr-hj4v4	otelcol_process_runtime_heap_alloc_bytes	35301864
1781350029	snap	2600	otelcol	otelcol-sb-esrev0-ctr-hj4v4	otelcol_process_memory_rss	228356096
1781350029	snap	2600	otelcol	otelcol-sb-esrev0-ctr-hj4v4	otelcol_receiver_accepted_spans	864412
1781350029	snap	2600	otelcol	otelcol-sb-esrev0-ctr-hj4v4	otelcol_processor_outgoing_items	864412
1781350029	snap	2600	otelcol	otelcol-sb-esrev0-ctr-hj4v4	otelcol_process_cpu_seconds	22
1781350029	snap	2600	otelcol	otelcol-sb-esrev0-ctr-bgnq8	otelcol_processor_batch_batch_send_size_sum	504044
1781350029	snap	2600	otelcol	otelcol-sb-esrev0-ctr-bgnq8	otelcol_exporter_sent_spans	504044
1781350029	snap	2600	otelcol	otelcol-sb-esrev0-ctr-bgnq8	otelcol_processor_batch_metadata_cardinality	1
1781350029	snap	2600	otelcol	otelcol-sb-esrev0-ctr-bgnq8	otelcol_receiver_accepted_spans	504044
1781350029	snap	2600	otelcol	otelcol-sb-esrev0-ctr-bgnq8	otelcol_process_uptime	407
1781350029	snap	2600	otelcol	otelcol-sb-esrev0-ctr-bgnq8	otelcol_process_memory_rss	226320384
1781350029	snap	2600	otelcol	otelcol-sb-esrev0-ctr-bgnq8	otelcol_exporter_queue_size	0
1781350029	snap	2600	otelcol	otelcol-sb-esrev0-ctr-bgnq8	otelcol_processor_incoming_items	504044
1781350029	snap	2600	otelcol	otelcol-sb-esrev0-ctr-bgnq8	otelcol_exporter_queue_capacity	1001
1781350029	snap	2600	otelcol	otelcol-sb-esrev0-ctr-bgnq8	otelcol_processor_batch_timeout_trigger_send	1563
1781350029	snap	2600	otelcol	otelcol-sb-esrev0-ctr-bgnq8	otelcol_process_runtime_total_alloc_bytes	475809072
1781350029	snap	2600	otelcol	otelcol-sb-esrev0-ctr-bgnq8	otelcol_receiver_refused_spans	0
1781350029	snap	2600	otelcol	otelcol-sb-esrev0-ctr-bgnq8	otelcol_process_runtime_total_sys_memory_bytes	89123096
1781350029	snap	2600	otelcol	otelcol-sb-esrev0-ctr-bgnq8	otelcol_receiver_failed_spans	0
1781350029	snap	2600	otelcol	otelcol-sb-esrev0-ctr-bgnq8	otelcol_process_runtime_heap_alloc_bytes	43406344
1781350029	snap	2600	otelcol	otelcol-sb-esrev0-ctr-bgnq8	otelcol_exporter_send_failed_spans	0
1781350029	snap	2600	otelcol	otelcol-sb-esrev0-ctr-bgnq8	otelcol_processor_outgoing_items	504044
1781350029	snap	2600	otelcol	otelcol-sb-esrev0-ctr-bgnq8	otelcol_process_cpu_seconds	16
1781350029	snap	2600	otelcol	otelcol-sb-esrev0-ctr-bgnq8	otelcol_exporter_queue_batch_send_size_sum	504044
1781350029	snap	2600	otelcol	otelcol-sb-esrev0-ctr-vb2mk	otelcol_process_uptime	407
1781350029	snap	2600	otelcol	otelcol-sb-esrev0-ctr-vb2mk	otelcol_process_memory_rss	223866880
1781350029	snap	2600	otelcol	otelcol-sb-esrev0-ctr-vb2mk	otelcol_exporter_send_failed_spans	0
1781350029	snap	2600	otelcol	otelcol-sb-esrev0-ctr-vb2mk	otelcol_receiver_accepted_spans	501731
1781350029	snap	2600	otelcol	otelcol-sb-esrev0-ctr-vb2mk	otelcol_process_runtime_total_sys_memory_bytes	89385240
1781350029	snap	2600	otelcol	otelcol-sb-esrev0-ctr-vb2mk	otelcol_exporter_queue_batch_send_size_sum	501731
1781350029	snap	2600	otelcol	otelcol-sb-esrev0-ctr-vb2mk	otelcol_process_cpu_seconds	17
1781350029	snap	2600	otelcol	otelcol-sb-esrev0-ctr-vb2mk	otelcol_process_runtime_heap_alloc_bytes	49517536
1781350029	snap	2600	otelcol	otelcol-sb-esrev0-ctr-vb2mk	otelcol_exporter_sent_spans	501731
1781350029	snap	2600	otelcol	otelcol-sb-esrev0-ctr-vb2mk	otelcol_exporter_queue_capacity	1001
1781350029	snap	2600	otelcol	otelcol-sb-esrev0-ctr-vb2mk	otelcol_receiver_refused_spans	0
1781350029	snap	2600	otelcol	otelcol-sb-esrev0-ctr-vb2mk	otelcol_processor_incoming_items	501731
1781350029	snap	2600	otelcol	otelcol-sb-esrev0-ctr-vb2mk	otelcol_processor_outgoing_items	501731
1781350029	snap	2600	otelcol	otelcol-sb-esrev0-ctr-vb2mk	otelcol_exporter_queue_size	0
1781350029	snap	2600	otelcol	otelcol-sb-esrev0-ctr-vb2mk	otelcol_processor_batch_metadata_cardinality	1
1781350029	snap	2600	otelcol	otelcol-sb-esrev0-ctr-vb2mk	otelcol_receiver_failed_spans	0
1781350029	snap	2600	otelcol	otelcol-sb-esrev0-ctr-vb2mk	otelcol_processor_batch_timeout_trigger_send	1558
1781350029	snap	2600	otelcol	otelcol-sb-esrev0-ctr-vb2mk	otelcol_processor_batch_batch_send_size_sum	501731
1781350029	snap	2600	otelcol	otelcol-sb-esrev0-ctr-vb2mk	otelcol_process_runtime_total_alloc_bytes	449232016
1781350029	snap	2600	otelcol	otelcol-sb-esrev0-ctr-j6v9t	otelcol_processor_incoming_items	4137380
1781350029	snap	2600	otelcol	otelcol-sb-esrev0-ctr-j6v9t	otelcol_process_cpu_seconds	54
1781350029	snap	2600	otelcol	otelcol-sb-esrev0-ctr-j6v9t	otelcol_process_uptime	405
1781350029	snap	2600	otelcol	otelcol-sb-esrev0-ctr-j6v9t	otelcol_process_runtime_heap_alloc_bytes	59184200
1781350029	snap	2600	otelcol	otelcol-sb-esrev0-ctr-j6v9t	otelcol_exporter_sent_spans	3057946
1781350029	snap	2600	otelcol	otelcol-sb-esrev0-ctr-j6v9t	otelcol_exporter_send_failed_spans	0
1781350029	snap	2600	otelcol	otelcol-sb-esrev0-ctr-j6v9t	otelcol_receiver_failed_spans	0
1781350029	snap	2600	otelcol	otelcol-sb-esrev0-ctr-j6v9t	otelcol_processor_outgoing_items	3057946
1781350029	snap	2600	otelcol	otelcol-sb-esrev0-ctr-j6v9t	otelcol_processor_batch_batch_send_size_sum	3057946
1781350029	snap	2600	otelcol	otelcol-sb-esrev0-ctr-j6v9t	otelcol_process_runtime_total_sys_memory_bytes	110197032
1781350029	snap	2600	otelcol	otelcol-sb-esrev0-ctr-j6v9t	otelcol_process_runtime_total_alloc_bytes	2750880408
1781350029	snap	2600	otelcol	otelcol-sb-esrev0-ctr-j6v9t	otelcol_processor_batch_metadata_cardinality	1
1781350029	snap	2600	otelcol	otelcol-sb-esrev0-ctr-j6v9t	otelcol_processor_batch_timeout_trigger_send	1560
1781350029	snap	2600	otelcol	otelcol-sb-esrev0-ctr-j6v9t	otelcol_exporter_queue_size	0
1781350029	snap	2600	otelcol	otelcol-sb-esrev0-ctr-j6v9t	otelcol_receiver_accepted_spans	3057946
1781350029	snap	2600	otelcol	otelcol-sb-esrev0-ctr-j6v9t	otelcol_process_memory_rss	236613632
1781350029	snap	2600	otelcol	otelcol-sb-esrev0-ctr-j6v9t	otelcol_receiver_refused_spans	1079434
1781350029	snap	2600	otelcol	otelcol-sb-esrev0-ctr-j6v9t	otelcol_exporter_queue_capacity	1001
1781350029	snap	2600	otelcol	otelcol-sb-esrev0-ctr-j6v9t	otelcol_exporter_queue_batch_send_size_sum	3057946
1781350029	snap	2600	otelcol	otelcol-sb-esrev0-ctr-5tpmc	otelcol_processor_batch_timeout_trigger_send	1566
1781350029	snap	2600	otelcol	otelcol-sb-esrev0-ctr-5tpmc	otelcol_process_runtime_heap_alloc_bytes	60088224
1781350029	snap	2600	otelcol	otelcol-sb-esrev0-ctr-5tpmc	otelcol_processor_outgoing_items	1790869
1781350029	snap	2600	otelcol	otelcol-sb-esrev0-ctr-5tpmc	otelcol_receiver_accepted_spans	1790869
1781350029	snap	2600	otelcol	otelcol-sb-esrev0-ctr-5tpmc	otelcol_process_uptime	406
1781350029	snap	2600	otelcol	otelcol-sb-esrev0-ctr-5tpmc	otelcol_process_runtime_total_alloc_bytes	1065427912
1781350029	snap	2600	otelcol	otelcol-sb-esrev0-ctr-5tpmc	otelcol_exporter_queue_capacity	1001
1781350029	snap	2600	otelcol	otelcol-sb-esrev0-ctr-5tpmc	otelcol_receiver_refused_spans	0
1781350029	snap	2600	otelcol	otelcol-sb-esrev0-ctr-5tpmc	otelcol_exporter_queue_batch_send_size_sum	1790869
1781350029	snap	2600	otelcol	otelcol-sb-esrev0-ctr-5tpmc	otelcol_receiver_failed_spans	0
1781350029	snap	2600	otelcol	otelcol-sb-esrev0-ctr-5tpmc	otelcol_process_cpu_seconds	29
1781350029	snap	2600	otelcol	otelcol-sb-esrev0-ctr-5tpmc	otelcol_processor_batch_batch_send_size_sum	1790869
1781350029	snap	2600	otelcol	otelcol-sb-esrev0-ctr-5tpmc	otelcol_exporter_send_failed_spans	0
1781350029	snap	2600	otelcol	otelcol-sb-esrev0-ctr-5tpmc	otelcol_processor_batch_metadata_cardinality	1
1781350029	snap	2600	otelcol	otelcol-sb-esrev0-ctr-5tpmc	otelcol_process_runtime_total_sys_memory_bytes	93391128
1781350029	snap	2600	otelcol	otelcol-sb-esrev0-ctr-5tpmc	otelcol_process_memory_rss	231768064
1781350029	snap	2600	otelcol	otelcol-sb-esrev0-ctr-5tpmc	otelcol_exporter_sent_spans	1790869
1781350029	snap	2600	otelcol	otelcol-sb-esrev0-ctr-5tpmc	otelcol_processor_incoming_items	1790869
1781350029	snap	2600	otelcol	otelcol-sb-esrev0-ctr-5tpmc	otelcol_exporter_queue_size	0
1781350029	snap	2600	otelcol	otelcol-sb-esrev0-ctr-mg8jm	otelcol_processor_outgoing_items	97747
1781350029	snap	2600	otelcol	otelcol-sb-esrev0-ctr-mg8jm	otelcol_process_memory_rss	212561920
1781350029	snap	2600	otelcol	otelcol-sb-esrev0-ctr-mg8jm	otelcol_exporter_queue_batch_send_size_sum	97747
1781350029	snap	2600	otelcol	otelcol-sb-esrev0-ctr-mg8jm	otelcol_process_runtime_heap_alloc_bytes	38127240
1781350029	snap	2600	otelcol	otelcol-sb-esrev0-ctr-mg8jm	otelcol_receiver_failed_spans	0
1781350029	snap	2600	otelcol	otelcol-sb-esrev0-ctr-mg8jm	otelcol_process_runtime_total_sys_memory_bytes	71362840
1781350029	snap	2600	otelcol	otelcol-sb-esrev0-ctr-mg8jm	otelcol_process_cpu_seconds	15
1781350029	snap	2600	otelcol	otelcol-sb-esrev0-ctr-mg8jm	otelcol_receiver_refused_spans	0
1781350029	snap	2600	otelcol	otelcol-sb-esrev0-ctr-mg8jm	otelcol_processor_batch_batch_send_size_sum	97747
1781350029	snap	2600	otelcol	otelcol-sb-esrev0-ctr-mg8jm	otelcol_process_runtime_total_alloc_bytes	208504128
1781350029	snap	2600	otelcol	otelcol-sb-esrev0-ctr-mg8jm	otelcol_receiver_accepted_spans	97747
1781350029	snap	2600	otelcol	otelcol-sb-esrev0-ctr-mg8jm	otelcol_exporter_send_failed_spans	0
1781350029	snap	2600	otelcol	otelcol-sb-esrev0-ctr-mg8jm	otelcol_processor_batch_metadata_cardinality	1
1781350029	snap	2600	otelcol	otelcol-sb-esrev0-ctr-mg8jm	otelcol_exporter_sent_spans	97747
1781350029	snap	2600	otelcol	otelcol-sb-esrev0-ctr-mg8jm	otelcol_exporter_queue_capacity	1001
1781350029	snap	2600	otelcol	otelcol-sb-esrev0-ctr-mg8jm	otelcol_processor_incoming_items	97747
1781350029	snap	2600	otelcol	otelcol-sb-esrev0-ctr-mg8jm	otelcol_processor_batch_timeout_trigger_send	1552
1781350029	snap	2600	otelcol	otelcol-sb-esrev0-ctr-mg8jm	otelcol_process_uptime	400
1781350029	snap	2600	otelcol	otelcol-sb-esrev0-ctr-mg8jm	otelcol_exporter_queue_size	0
1781350029	snap	2600	otelcol	otelcol-sb-esrev0-ctr-bxzgg	otelcol_exporter_queue_capacity	1001
1781350029	snap	2600	otelcol	otelcol-sb-esrev0-ctr-bxzgg	otelcol_processor_batch_metadata_cardinality	1
1781350029	snap	2600	otelcol	otelcol-sb-esrev0-ctr-bxzgg	otelcol_processor_batch_timeout_trigger_send	1560
1781350029	snap	2600	otelcol	otelcol-sb-esrev0-ctr-bxzgg	otelcol_processor_incoming_items	502096
1781350029	snap	2600	otelcol	otelcol-sb-esrev0-ctr-bxzgg	otelcol_exporter_queue_batch_send_size_sum	502096
1781350029	snap	2600	otelcol	otelcol-sb-esrev0-ctr-bxzgg	otelcol_process_memory_rss	224296960
1781350029	snap	2600	otelcol	otelcol-sb-esrev0-ctr-bxzgg	otelcol_exporter_send_failed_spans	0
1781350029	snap	2600	otelcol	otelcol-sb-esrev0-ctr-bxzgg	otelcol_processor_outgoing_items	502096
1781350029	snap	2600	otelcol	otelcol-sb-esrev0-ctr-bxzgg	otelcol_process_cpu_seconds	17
1781350029	snap	2600	otelcol	otelcol-sb-esrev0-ctr-bxzgg	otelcol_process_uptime	406
1781350029	snap	2600	otelcol	otelcol-sb-esrev0-ctr-bxzgg	otelcol_process_runtime_total_alloc_bytes	455811368
1781350029	snap	2600	otelcol	otelcol-sb-esrev0-ctr-bxzgg	otelcol_processor_batch_batch_send_size_sum	502096
1781350029	snap	2600	otelcol	otelcol-sb-esrev0-ctr-bxzgg	otelcol_process_runtime_total_sys_memory_bytes	84396312
1781350029	snap	2600	otelcol	otelcol-sb-esrev0-ctr-bxzgg	otelcol_process_runtime_heap_alloc_bytes	35487024
1781350029	snap	2600	otelcol	otelcol-sb-esrev0-ctr-bxzgg	otelcol_receiver_refused_spans	0
1781350029	snap	2600	otelcol	otelcol-sb-esrev0-ctr-bxzgg	otelcol_receiver_failed_spans	0
1781350029	snap	2600	otelcol	otelcol-sb-esrev0-ctr-bxzgg	otelcol_exporter_sent_spans	502096
1781350029	snap	2600	otelcol	otelcol-sb-esrev0-ctr-bxzgg	otelcol_receiver_accepted_spans	502096
1781350029	snap	2600	otelcol	otelcol-sb-esrev0-ctr-bxzgg	otelcol_exporter_queue_size	0
1781350029	snap	2600	otelcol	otelcol-sb-esrev0-ctr-8ncml	otelcol_processor_outgoing_items	502937
1781350029	snap	2600	otelcol	otelcol-sb-esrev0-ctr-8ncml	otelcol_process_cpu_seconds	18
1781350029	snap	2600	otelcol	otelcol-sb-esrev0-ctr-8ncml	otelcol_process_uptime	406
1781350029	snap	2600	otelcol	otelcol-sb-esrev0-ctr-8ncml	otelcol_exporter_queue_batch_send_size_sum	502937
1781350029	snap	2600	otelcol	otelcol-sb-esrev0-ctr-8ncml	otelcol_receiver_failed_spans	0
1781350029	snap	2600	otelcol	otelcol-sb-esrev0-ctr-8ncml	otelcol_receiver_refused_spans	0
1781350029	snap	2600	otelcol	otelcol-sb-esrev0-ctr-8ncml	otelcol_process_runtime_heap_alloc_bytes	51320712
1781350029	snap	2600	otelcol	otelcol-sb-esrev0-ctr-8ncml	otelcol_processor_batch_batch_send_size_sum	502937
1781350029	snap	2600	otelcol	otelcol-sb-esrev0-ctr-8ncml	otelcol_process_runtime_total_sys_memory_bytes	79948056
1781350029	snap	2600	otelcol	otelcol-sb-esrev0-ctr-8ncml	otelcol_exporter_sent_spans	502937
1781350029	snap	2600	otelcol	otelcol-sb-esrev0-ctr-8ncml	otelcol_exporter_queue_size	0
1781350029	snap	2600	otelcol	otelcol-sb-esrev0-ctr-8ncml	otelcol_exporter_send_failed_spans	0
1781350029	snap	2600	otelcol	otelcol-sb-esrev0-ctr-8ncml	otelcol_receiver_accepted_spans	502937
1781350029	snap	2600	otelcol	otelcol-sb-esrev0-ctr-8ncml	otelcol_processor_batch_metadata_cardinality	1
1781350029	snap	2600	otelcol	otelcol-sb-esrev0-ctr-8ncml	otelcol_processor_incoming_items	502937
1781350029	snap	2600	otelcol	otelcol-sb-esrev0-ctr-8ncml	otelcol_processor_batch_timeout_trigger_send	1561
1781350029	snap	2600	otelcol	otelcol-sb-esrev0-ctr-8ncml	otelcol_exporter_queue_capacity	1001
1781350029	snap	2600	otelcol	otelcol-sb-esrev0-ctr-8ncml	otelcol_process_runtime_total_alloc_bytes	446885912
1781350029	snap	2600	otelcol	otelcol-sb-esrev0-ctr-8ncml	otelcol_process_memory_rss	222580736
1781350029	snap	2600	otelcol	otelcol-sb-esrev0-ctr-t4pj5	otelcol_exporter_send_failed_spans	0
1781350029	snap	2600	otelcol	otelcol-sb-esrev0-ctr-t4pj5	otelcol_exporter_queue_size	0
1781350029	snap	2600	otelcol	otelcol-sb-esrev0-ctr-t4pj5	otelcol_processor_incoming_items	616749
1781350029	snap	2600	otelcol	otelcol-sb-esrev0-ctr-t4pj5	otelcol_processor_outgoing_items	613551
1781350029	snap	2600	otelcol	otelcol-sb-esrev0-ctr-t4pj5	otelcol_process_runtime_total_sys_memory_bytes	89123096
1781350029	snap	2600	otelcol	otelcol-sb-esrev0-ctr-t4pj5	otelcol_processor_batch_metadata_cardinality	1
1781350029	snap	2600	otelcol	otelcol-sb-esrev0-ctr-t4pj5	otelcol_processor_batch_timeout_trigger_send	1559
1781350029	snap	2600	otelcol	otelcol-sb-esrev0-ctr-t4pj5	otelcol_process_memory_rss	227962880
1781350029	snap	2600	otelcol	otelcol-sb-esrev0-ctr-t4pj5	otelcol_exporter_queue_batch_send_size_sum	613551
1781350029	snap	2600	otelcol	otelcol-sb-esrev0-ctr-t4pj5	otelcol_receiver_failed_spans	0
1781350029	snap	2600	otelcol	otelcol-sb-esrev0-ctr-t4pj5	otelcol_process_cpu_seconds	17
1781350029	snap	2600	otelcol	otelcol-sb-esrev0-ctr-t4pj5	otelcol_receiver_accepted_spans	613551
1781350029	snap	2600	otelcol	otelcol-sb-esrev0-ctr-t4pj5	otelcol_process_runtime_heap_alloc_bytes	32994784
1781350029	snap	2600	otelcol	otelcol-sb-esrev0-ctr-t4pj5	otelcol_exporter_sent_spans	613551
1781350029	snap	2600	otelcol	otelcol-sb-esrev0-ctr-t4pj5	otelcol_processor_batch_batch_send_size_sum	613551
1781350029	snap	2600	otelcol	otelcol-sb-esrev0-ctr-t4pj5	otelcol_process_uptime	411
1781350029	snap	2600	otelcol	otelcol-sb-esrev0-ctr-t4pj5	otelcol_process_runtime_total_alloc_bytes	517496208
1781350029	snap	2600	otelcol	otelcol-sb-esrev0-ctr-t4pj5	otelcol_exporter_queue_capacity	1001
1781350029	snap	2600	otelcol	otelcol-sb-esrev0-ctr-t4pj5	otelcol_receiver_refused_spans	3198
1781350029	snap	2600	k8s	otelcol-sb-esrev0-ctr-5tpmc	restart_count	0
1781350029	snap	2600	k8s	otelcol-sb-esrev0-ctr-8ncml	restart_count	0
1781350029	snap	2600	k8s	otelcol-sb-esrev0-ctr-bgnq8	restart_count	0
1781350029	snap	2600	k8s	otelcol-sb-esrev0-ctr-bxzgg	restart_count	0
1781350029	snap	2600	k8s	otelcol-sb-esrev0-ctr-hj4v4	restart_count	0
1781350029	snap	2600	k8s	otelcol-sb-esrev0-ctr-j6v9t	restart_count	0
1781350029	snap	2600	k8s	otelcol-sb-esrev0-ctr-mg8jm	restart_count	0
1781350029	snap	2600	k8s	otelcol-sb-esrev0-ctr-t4pj5	restart_count	0
1781350029	snap	2600	k8s	otelcol-sb-esrev0-ctr-vb2mk	restart_count	0
1781350029	snap	2600	sdk	wrk2api	spans_received	97770
1781350029	snap	2600	sdk	wrk2api	spans_sent	97770
1781350029	snap	2600	sdk	wrk2api	spans_dropped	0
1781350029	snap	2600	sdk	wrk2api	spans_flushed	97770
1781350029	snap	2600	sdk	wrk2api	batches_sent	6072
1781350029	snap	2600	sdk	wrk2api	batches_dropped	0
1781350029	snap	2600	sdk	wrk2api	send_unavailable	0
1781350029	snap	2600	sdk	wrk2api	send_deadline	0
1781350029	snap	2600	sdk	wrk2api	send_exhausted	0
1781350029	snap	2600	sdk	wrk2api	send_canceled	0
1781350029	snap	2600	sdk	wrk2api	send_other	0
1781350029	snap	2600	sdk	wrk2api	buffer_depth	0
0
1781350029	snap	2600	sdk	wrk2api	cp_received	48885
1781350029	snap	2600	sdk	wrk2api	lp_received	48885
1781350029	snap	2600	sdk	wrk2api	cp_sent	48885
1781350029	snap	2600	sdk	wrk2api	lp_sent	48885
1781350029	snap	2600	sdk	wrk2api	cp_dropped	0
1781350029	snap	2600	sdk	wrk2api	lp_dropped	0
1781350029	snap	2600	sdk	composepost	spans_received	3231684
1781350029	snap	2600	sdk	composepost	spans_sent	2886049
1781350029	snap	2600	sdk	composepost	spans_dropped	345635
1781350029	snap	2600	sdk	composepost	spans_flushed	3231684
1781350029	snap	2600	sdk	composepost	batches_sent	20808
1781350029	snap	2600	sdk	composepost	batches_dropped	1565
1781350029	snap	2600	sdk	composepost	send_unavailable	1565
1781350029	snap	2600	sdk	composepost	send_deadline	0
1781350029	snap	2600	sdk	composepost	send_exhausted	0
1781350029	snap	2600	sdk	composepost	send_canceled	0
1781350029	snap	2600	sdk	composepost	send_other	0
1781350029	snap	2600	sdk	composepost	buffer_depth	0
0
1781350029	snap	2600	sdk	composepost	cp_received	2827723
1781350029	snap	2600	sdk	composepost	lp_received	403961
1781350029	snap	2600	sdk	composepost	cp_sent	2827723
1781350029	snap	2600	sdk	composepost	lp_sent	58326
1781350029	snap	2600	sdk	composepost	cp_dropped	0
1781350029	snap	2600	sdk	composepost	lp_dropped	345635
1781350029	snap	2600	sdk	hometimeline	spans_received	807914
1781350029	snap	2600	sdk	hometimeline	spans_sent	112635
1781350029	snap	2600	sdk	hometimeline	spans_dropped	695279
1781350029	snap	2600	sdk	hometimeline	spans_flushed	807914
1781350029	snap	2600	sdk	hometimeline	batches_sent	2449
1781350029	snap	2600	sdk	hometimeline	batches_dropped	3143
1781350029	snap	2600	sdk	hometimeline	send_unavailable	3143
1781350029	snap	2600	sdk	hometimeline	send_deadline	0
1781350029	snap	2600	sdk	hometimeline	send_exhausted	0
1781350029	snap	2600	sdk	hometimeline	send_canceled	0
1781350029	snap	2600	sdk	hometimeline	send_other	0
1781350029	snap	2600	sdk	hometimeline	buffer_depth	0
0
1781350029	snap	2600	sdk	hometimeline	cp_received	0
1781350029	snap	2600	sdk	hometimeline	lp_received	807914
1781350029	snap	2600	sdk	hometimeline	cp_sent	0
1781350029	snap	2600	sdk	hometimeline	lp_sent	112635
1781350029	snap	2600	sdk	hometimeline	cp_dropped	0
1781350029	snap	2600	sdk	hometimeline	lp_dropped	695279
1781350029	snap	2600	sdk	media	spans_received	403961
1781350029	snap	2600	sdk	media	spans_sent	403961
1781350029	snap	2600	sdk	media	spans_dropped	0
1781350029	snap	2600	sdk	media	spans_flushed	403961
1781350029	snap	2600	sdk	media	batches_sent	2797
1781350029	snap	2600	sdk	media	batches_dropped	0
1781350029	snap	2600	sdk	media	send_unavailable	0
1781350029	snap	2600	sdk	media	send_deadline	0
1781350029	snap	2600	sdk	media	send_exhausted	0
1781350029	snap	2600	sdk	media	send_canceled	0
1781350029	snap	2600	sdk	media	send_other	0
1781350029	snap	2600	sdk	media	buffer_depth	0
0
1781350029	snap	2600	sdk	media	cp_received	403961
1781350029	snap	2600	sdk	media	lp_received	0
1781350029	snap	2600	sdk	media	cp_sent	403961
1781350029	snap	2600	sdk	media	lp_sent	0
1781350029	snap	2600	sdk	media	cp_dropped	0
1781350029	snap	2600	sdk	media	lp_dropped	0
1781350029	snap	2600	sdk	post-storage	spans_received	403957
1781350029	snap	2600	sdk	post-storage	spans_sent	403957
1781350029	snap	2600	sdk	post-storage	spans_dropped	0
1781350029	snap	2600	sdk	post-storage	spans_flushed	403957
1781350029	snap	2600	sdk	post-storage	batches_sent	2796
1781350029	snap	2600	sdk	post-storage	batches_dropped	0
1781350029	snap	2600	sdk	post-storage	send_unavailable	0
1781350029	snap	2600	sdk	post-storage	send_deadline	0
1781350029	snap	2600	sdk	post-storage	send_exhausted	0
1781350029	snap	2600	sdk	post-storage	send_canceled	0
1781350029	snap	2600	sdk	post-storage	send_other	0
1781350029	snap	2600	sdk	post-storage	buffer_depth	0
0
1781350029	snap	2600	sdk	post-storage	cp_received	403957
1781350029	snap	2600	sdk	post-storage	lp_received	0
1781350029	snap	2600	sdk	post-storage	cp_sent	403957
1781350029	snap	2600	sdk	post-storage	lp_sent	0
1781350029	snap	2600	sdk	post-storage	cp_dropped	0
1781350029	snap	2600	sdk	post-storage	lp_dropped	0
1781350029	snap	2600	sdk	socialgraph	spans_received	517791
1781350029	snap	2600	sdk	socialgraph	spans_sent	514969
1781350029	snap	2600	sdk	socialgraph	spans_dropped	2822
1781350029	snap	2600	sdk	socialgraph	spans_flushed	517791
1781350029	snap	2600	sdk	socialgraph	batches_sent	3269
1781350029	snap	2600	sdk	socialgraph	batches_dropped	14
1781350029	snap	2600	sdk	socialgraph	send_unavailable	14
1781350029	snap	2600	sdk	socialgraph	send_deadline	0
1781350029	snap	2600	sdk	socialgraph	send_exhausted	0
1781350029	snap	2600	sdk	socialgraph	send_canceled	0
1781350029	snap	2600	sdk	socialgraph	send_other	0
1781350029	snap	2600	sdk	socialgraph	buffer_depth	0
0
1781350029	snap	2600	sdk	socialgraph	cp_received	480167
1781350029	snap	2600	sdk	socialgraph	lp_received	37624
1781350029	snap	2600	sdk	socialgraph	cp_sent	480167
1781350029	snap	2600	sdk	socialgraph	lp_sent	34802
1781350029	snap	2600	sdk	socialgraph	cp_dropped	0
1781350029	snap	2600	sdk	socialgraph	lp_dropped	2822
1781350029	snap	2600	sdk	text	spans_received	1211891
1781350029	snap	2600	sdk	text	spans_sent	1211891
1781350029	snap	2600	sdk	text	spans_dropped	0
1781350029	snap	2600	sdk	text	spans_flushed	1211891
1781350029	snap	2600	sdk	text	batches_sent	8385
1781350029	snap	2600	sdk	text	batches_dropped	0
1781350029	snap	2600	sdk	text	send_unavailable	0
1781350029	snap	2600	sdk	text	send_deadline	0
1781350029	snap	2600	sdk	text	send_exhausted	0
1781350029	snap	2600	sdk	text	send_canceled	0
1781350029	snap	2600	sdk	text	send_other	0
1781350029	snap	2600	sdk	text	buffer_depth	0
0
1781350029	snap	2600	sdk	text	cp_received	0
1781350029	snap	2600	sdk	text	lp_received	1211891
1781350029	snap	2600	sdk	text	cp_sent	0
1781350029	snap	2600	sdk	text	lp_sent	1211891
1781350029	snap	2600	sdk	text	cp_dropped	0
1781350029	snap	2600	sdk	text	lp_dropped	0
1781350029	snap	2600	sdk	uniqueid	spans_received	403961
1781350029	snap	2600	sdk	uniqueid	spans_sent	403961
1781350029	snap	2600	sdk	uniqueid	spans_dropped	0
1781350029	snap	2600	sdk	uniqueid	spans_flushed	403961
1781350029	snap	2600	sdk	uniqueid	batches_sent	2795
1781350029	snap	2600	sdk	uniqueid	batches_dropped	0
1781350029	snap	2600	sdk	uniqueid	send_unavailable	0
1781350029	snap	2600	sdk	uniqueid	send_deadline	0
1781350029	snap	2600	sdk	uniqueid	send_exhausted	0
1781350029	snap	2600	sdk	uniqueid	send_canceled	0
1781350029	snap	2600	sdk	uniqueid	send_other	0
1781350029	snap	2600	sdk	uniqueid	buffer_depth	0
0
1781350029	snap	2600	sdk	uniqueid	cp_received	403961
1781350029	snap	2600	sdk	uniqueid	lp_received	0
1781350029	snap	2600	sdk	uniqueid	cp_sent	403961
1781350029	snap	2600	sdk	uniqueid	lp_sent	0
1781350029	snap	2600	sdk	uniqueid	cp_dropped	0
1781350029	snap	2600	sdk	uniqueid	lp_dropped	0
1781350029	snap	2600	sdk	urlshorten	spans_received	403961
1781350029	snap	2600	sdk	urlshorten	spans_sent	403961
1781350029	snap	2600	sdk	urlshorten	spans_dropped	0
1781350029	snap	2600	sdk	urlshorten	spans_flushed	403961
1781350029	snap	2600	sdk	urlshorten	batches_sent	2795
1781350029	snap	2600	sdk	urlshorten	batches_dropped	0
1781350029	snap	2600	sdk	urlshorten	send_unavailable	0
1781350029	snap	2600	sdk	urlshorten	send_deadline	0
1781350029	snap	2600	sdk	urlshorten	send_exhausted	0
1781350029	snap	2600	sdk	urlshorten	send_canceled	0
1781350029	snap	2600	sdk	urlshorten	send_other	0
1781350029	snap	2600	sdk	urlshorten	buffer_depth	0
0
1781350029	snap	2600	sdk	urlshorten	cp_received	403961
1781350029	snap	2600	sdk	urlshorten	lp_received	0
1781350029	snap	2600	sdk	urlshorten	cp_sent	403961
1781350029	snap	2600	sdk	urlshorten	lp_sent	0
1781350029	snap	2600	sdk	urlshorten	cp_dropped	0
1781350029	snap	2600	sdk	urlshorten	lp_dropped	0
1781350029	snap	2600	sdk	user	spans_received	405885
1781350029	snap	2600	sdk	user	spans_sent	405885
1781350029	snap	2600	sdk	user	spans_dropped	0
1781350029	snap	2600	sdk	user	spans_flushed	405885
1781350029	snap	2600	sdk	user	batches_sent	2807
1781350029	snap	2600	sdk	user	batches_dropped	0
1781350029	snap	2600	sdk	user	send_unavailable	0
1781350029	snap	2600	sdk	user	send_deadline	0
1781350029	snap	2600	sdk	user	send_exhausted	0
1781350029	snap	2600	sdk	user	send_canceled	0
1781350029	snap	2600	sdk	user	send_other	0
1781350029	snap	2600	sdk	user	buffer_depth	0
0
1781350029	snap	2600	sdk	user	cp_received	404923
1781350029	snap	2600	sdk	user	lp_received	962
1781350029	snap	2600	sdk	user	cp_sent	404923
1781350029	snap	2600	sdk	user	lp_sent	962
1781350029	snap	2600	sdk	user	cp_dropped	0
1781350029	snap	2600	sdk	user	lp_dropped	0
1781350029	snap	2600	sdk	userid	spans_received	75248
1781350029	snap	2600	sdk	userid	spans_sent	75248
1781350029	snap	2600	sdk	userid	spans_dropped	0
1781350029	snap	2600	sdk	userid	spans_flushed	75248
1781350029	snap	2600	sdk	userid	batches_sent	247
1781350029	snap	2600	sdk	userid	batches_dropped	0
1781350029	snap	2600	sdk	userid	send_unavailable	0
1781350029	snap	2600	sdk	userid	send_deadline	0
1781350029	snap	2600	sdk	userid	send_exhausted	0
1781350029	snap	2600	sdk	userid	send_canceled	0
1781350029	snap	2600	sdk	userid	send_other	0
1781350029	snap	2600	sdk	userid	buffer_depth	0
0
1781350029	snap	2600	sdk	userid	cp_received	75248
1781350029	snap	2600	sdk	userid	lp_received	0
1781350029	snap	2600	sdk	userid	cp_sent	75248
1781350029	snap	2600	sdk	userid	lp_sent	0
1781350029	snap	2600	sdk	userid	cp_dropped	0
1781350029	snap	2600	sdk	userid	lp_dropped	0
1781350029	snap	2600	sdk	usermention	spans_received	403961
1781350029	snap	2600	sdk	usermention	spans_sent	403961
1781350029	snap	2600	sdk	usermention	spans_dropped	0
1781350029	snap	2600	sdk	usermention	spans_flushed	403961
1781350029	snap	2600	sdk	usermention	batches_sent	2795
1781350029	snap	2600	sdk	usermention	batches_dropped	0
1781350029	snap	2600	sdk	usermention	send_unavailable	0
1781350029	snap	2600	sdk	usermention	send_deadline	0
1781350029	snap	2600	sdk	usermention	send_exhausted	0
1781350029	snap	2600	sdk	usermention	send_canceled	0
1781350029	snap	2600	sdk	usermention	send_other	0
1781350029	snap	2600	sdk	usermention	buffer_depth	0
0
1781350029	snap	2600	sdk	usermention	cp_received	403961
1781350029	snap	2600	sdk	usermention	lp_received	0
1781350029	snap	2600	sdk	usermention	cp_sent	403961
1781350029	snap	2600	sdk	usermention	lp_sent	0
1781350029	snap	2600	sdk	usermention	cp_dropped	0
1781350029	snap	2600	sdk	usermention	lp_dropped	0
1781350029	snap	2600	sdk	usertimeline	spans_received	403957
1781350029	snap	2600	sdk	usertimeline	spans_sent	403957
1781350029	snap	2600	sdk	usertimeline	spans_dropped	0
1781350029	snap	2600	sdk	usertimeline	spans_flushed	403957
1781350029	snap	2600	sdk	usertimeline	batches_sent	2795
1781350029	snap	2600	sdk	usertimeline	batches_dropped	0
1781350029	snap	2600	sdk	usertimeline	send_unavailable	0
1781350029	snap	2600	sdk	usertimeline	send_deadline	0
1781350029	snap	2600	sdk	usertimeline	send_exhausted	0
1781350029	snap	2600	sdk	usertimeline	send_canceled	0
1781350029	snap	2600	sdk	usertimeline	send_other	0
1781350029	snap	2600	sdk	usertimeline	buffer_depth	0
0
1781350029	snap	2600	sdk	usertimeline	cp_received	403957
1781350029	snap	2600	sdk	usertimeline	lp_received	0
1781350029	snap	2600	sdk	usertimeline	cp_sent	403957
1781350029	snap	2600	sdk	usertimeline	lp_sent	0
1781350029	snap	2600	sdk	usertimeline	cp_dropped	0
1781350029	snap	2600	sdk	usertimeline	lp_dropped	0
1781350096	snap	2600	otelcol	otelcol-sb-esrev0-ctr-hj4v4	otelcol_process_uptime	472
1781350096	snap	2600	otelcol	otelcol-sb-esrev0-ctr-hj4v4	otelcol_exporter_sent_spans	1191091
1781350096	snap	2600	otelcol	otelcol-sb-esrev0-ctr-hj4v4	otelcol_process_runtime_total_sys_memory_bytes	93866264
1781350096	snap	2600	otelcol	otelcol-sb-esrev0-ctr-hj4v4	otelcol_process_runtime_total_alloc_bytes	928003456
1781350096	snap	2600	otelcol	otelcol-sb-esrev0-ctr-hj4v4	otelcol_exporter_queue_capacity	1001
1781350096	snap	2600	otelcol	otelcol-sb-esrev0-ctr-hj4v4	otelcol_receiver_failed_spans	0
1781350096	snap	2600	otelcol	otelcol-sb-esrev0-ctr-hj4v4	otelcol_processor_batch_metadata_cardinality	1
1781350096	snap	2600	otelcol	otelcol-sb-esrev0-ctr-hj4v4	otelcol_processor_batch_batch_send_size_sum	1191091
1781350096	snap	2600	otelcol	otelcol-sb-esrev0-ctr-hj4v4	otelcol_receiver_refused_spans	58461
1781350096	snap	2600	otelcol	otelcol-sb-esrev0-ctr-hj4v4	otelcol_processor_batch_timeout_trigger_send	1862
1781350096	snap	2600	otelcol	otelcol-sb-esrev0-ctr-hj4v4	otelcol_exporter_send_failed_spans	0
1781350096	snap	2600	otelcol	otelcol-sb-esrev0-ctr-hj4v4	otelcol_exporter_queue_size	0
1781350096	snap	2600	otelcol	otelcol-sb-esrev0-ctr-hj4v4	otelcol_exporter_queue_batch_send_size_sum	1191091
1781350096	snap	2600	otelcol	otelcol-sb-esrev0-ctr-hj4v4	otelcol_processor_incoming_items	1249552
1781350096	snap	2600	otelcol	otelcol-sb-esrev0-ctr-hj4v4	otelcol_process_runtime_heap_alloc_bytes	38439408
1781350096	snap	2600	otelcol	otelcol-sb-esrev0-ctr-hj4v4	otelcol_process_memory_rss	228122624
1781350096	snap	2600	otelcol	otelcol-sb-esrev0-ctr-hj4v4	otelcol_receiver_accepted_spans	1191091
1781350096	snap	2600	otelcol	otelcol-sb-esrev0-ctr-hj4v4	otelcol_processor_outgoing_items	1191091
1781350096	snap	2600	otelcol	otelcol-sb-esrev0-ctr-hj4v4	otelcol_process_cpu_seconds	28
1781350096	snap	2600	otelcol	otelcol-sb-esrev0-ctr-bgnq8	otelcol_processor_batch_batch_send_size_sum	693159
1781350096	snap	2600	otelcol	otelcol-sb-esrev0-ctr-bgnq8	otelcol_exporter_sent_spans	693159
1781350096	snap	2600	otelcol	otelcol-sb-esrev0-ctr-bgnq8	otelcol_processor_batch_metadata_cardinality	1
1781350096	snap	2600	otelcol	otelcol-sb-esrev0-ctr-bgnq8	otelcol_receiver_accepted_spans	693159
1781350096	snap	2600	otelcol	otelcol-sb-esrev0-ctr-bgnq8	otelcol_process_uptime	475
1781350096	snap	2600	otelcol	otelcol-sb-esrev0-ctr-bgnq8	otelcol_process_memory_rss	227483648
1781350096	snap	2600	otelcol	otelcol-sb-esrev0-ctr-bgnq8	otelcol_exporter_queue_size	0
1781350096	snap	2600	otelcol	otelcol-sb-esrev0-ctr-bgnq8	otelcol_processor_incoming_items	693159
1781350096	snap	2600	otelcol	otelcol-sb-esrev0-ctr-bgnq8	otelcol_exporter_queue_capacity	1001
1781350096	snap	2600	otelcol	otelcol-sb-esrev0-ctr-bgnq8	otelcol_processor_batch_timeout_trigger_send	1863
1781350096	snap	2600	otelcol	otelcol-sb-esrev0-ctr-bgnq8	otelcol_process_runtime_total_alloc_bytes	612031088
1781350096	snap	2600	otelcol	otelcol-sb-esrev0-ctr-bgnq8	otelcol_receiver_refused_spans	0
1781350096	snap	2600	otelcol	otelcol-sb-esrev0-ctr-bgnq8	otelcol_process_runtime_total_sys_memory_bytes	89131288
1781350096	snap	2600	otelcol	otelcol-sb-esrev0-ctr-bgnq8	otelcol_receiver_failed_spans	0
1781350096	snap	2600	otelcol	otelcol-sb-esrev0-ctr-bgnq8	otelcol_process_runtime_heap_alloc_bytes	44719344
1781350096	snap	2600	otelcol	otelcol-sb-esrev0-ctr-bgnq8	otelcol_exporter_send_failed_spans	0
1781350096	snap	2600	otelcol	otelcol-sb-esrev0-ctr-bgnq8	otelcol_processor_outgoing_items	693159
1781350096	snap	2600	otelcol	otelcol-sb-esrev0-ctr-bgnq8	otelcol_process_cpu_seconds	20
1781350096	snap	2600	otelcol	otelcol-sb-esrev0-ctr-bgnq8	otelcol_exporter_queue_batch_send_size_sum	693159
1781350096	snap	2600	otelcol	otelcol-sb-esrev0-ctr-vb2mk	otelcol_process_uptime	475
1781350096	snap	2600	otelcol	otelcol-sb-esrev0-ctr-vb2mk	otelcol_process_memory_rss	224194560
1781350096	snap	2600	otelcol	otelcol-sb-esrev0-ctr-vb2mk	otelcol_exporter_send_failed_spans	0
1781350096	snap	2600	otelcol	otelcol-sb-esrev0-ctr-vb2mk	otelcol_receiver_accepted_spans	690846
1781350096	snap	2600	otelcol	otelcol-sb-esrev0-ctr-vb2mk	otelcol_process_runtime_total_sys_memory_bytes	89385240
1781350096	snap	2600	otelcol	otelcol-sb-esrev0-ctr-vb2mk	otelcol_exporter_queue_batch_send_size_sum	690846
1781350096	snap	2600	otelcol	otelcol-sb-esrev0-ctr-vb2mk	otelcol_process_cpu_seconds	21
1781350096	snap	2600	otelcol	otelcol-sb-esrev0-ctr-vb2mk	otelcol_process_runtime_heap_alloc_bytes	46847728
1781350096	snap	2600	otelcol	otelcol-sb-esrev0-ctr-vb2mk	otelcol_exporter_sent_spans	690846
1781350096	snap	2600	otelcol	otelcol-sb-esrev0-ctr-vb2mk	otelcol_exporter_queue_capacity	1001
1781350096	snap	2600	otelcol	otelcol-sb-esrev0-ctr-vb2mk	otelcol_receiver_refused_spans	0
1781350096	snap	2600	otelcol	otelcol-sb-esrev0-ctr-vb2mk	otelcol_processor_incoming_items	690846
1781350096	snap	2600	otelcol	otelcol-sb-esrev0-ctr-vb2mk	otelcol_processor_outgoing_items	690846
1781350096	snap	2600	otelcol	otelcol-sb-esrev0-ctr-vb2mk	otelcol_exporter_queue_size	0
1781350096	snap	2600	otelcol	otelcol-sb-esrev0-ctr-vb2mk	otelcol_processor_batch_metadata_cardinality	1
1781350096	snap	2600	otelcol	otelcol-sb-esrev0-ctr-vb2mk	otelcol_receiver_failed_spans	0
1781350096	snap	2600	otelcol	otelcol-sb-esrev0-ctr-vb2mk	otelcol_processor_batch_timeout_trigger_send	1858
1781350096	snap	2600	otelcol	otelcol-sb-esrev0-ctr-vb2mk	otelcol_processor_batch_batch_send_size_sum	690846
1781350096	snap	2600	otelcol	otelcol-sb-esrev0-ctr-vb2mk	otelcol_process_runtime_total_alloc_bytes	583055192
1781350096	snap	2600	otelcol	otelcol-sb-esrev0-ctr-j6v9t	otelcol_processor_incoming_items	5719076
1781350096	snap	2600	otelcol	otelcol-sb-esrev0-ctr-j6v9t	otelcol_process_cpu_seconds	70
1781350096	snap	2600	otelcol	otelcol-sb-esrev0-ctr-j6v9t	otelcol_process_uptime	473
1781350096	snap	2600	otelcol	otelcol-sb-esrev0-ctr-j6v9t	otelcol_process_runtime_heap_alloc_bytes	61558504
1781350096	snap	2600	otelcol	otelcol-sb-esrev0-ctr-j6v9t	otelcol_exporter_sent_spans	4162615
1781350096	snap	2600	otelcol	otelcol-sb-esrev0-ctr-j6v9t	otelcol_exporter_send_failed_spans	0
1781350096	snap	2600	otelcol	otelcol-sb-esrev0-ctr-j6v9t	otelcol_receiver_failed_spans	0
1781350096	snap	2600	otelcol	otelcol-sb-esrev0-ctr-j6v9t	otelcol_processor_outgoing_items	4162615
1781350096	snap	2600	otelcol	otelcol-sb-esrev0-ctr-j6v9t	otelcol_processor_batch_batch_send_size_sum	4162615
1781350096	snap	2600	otelcol	otelcol-sb-esrev0-ctr-j6v9t	otelcol_process_runtime_total_sys_memory_bytes	114440488
1781350096	snap	2600	otelcol	otelcol-sb-esrev0-ctr-j6v9t	otelcol_process_runtime_total_alloc_bytes	3760976096
1781350096	snap	2600	otelcol	otelcol-sb-esrev0-ctr-j6v9t	otelcol_processor_batch_metadata_cardinality	1
1781350096	snap	2600	otelcol	otelcol-sb-esrev0-ctr-j6v9t	otelcol_processor_batch_timeout_trigger_send	1859
1781350096	snap	2600	otelcol	otelcol-sb-esrev0-ctr-j6v9t	otelcol_exporter_queue_size	0
1781350096	snap	2600	otelcol	otelcol-sb-esrev0-ctr-j6v9t	otelcol_receiver_accepted_spans	4162615
1781350096	snap	2600	otelcol	otelcol-sb-esrev0-ctr-j6v9t	otelcol_process_memory_rss	249708544
1781350096	snap	2600	otelcol	otelcol-sb-esrev0-ctr-j6v9t	otelcol_receiver_refused_spans	1556461
1781350096	snap	2600	otelcol	otelcol-sb-esrev0-ctr-j6v9t	otelcol_exporter_queue_capacity	1001
1781350096	snap	2600	otelcol	otelcol-sb-esrev0-ctr-j6v9t	otelcol_exporter_queue_batch_send_size_sum	4162615
1781350096	snap	2600	otelcol	otelcol-sb-esrev0-ctr-5tpmc	otelcol_processor_batch_timeout_trigger_send	1866
1781350096	snap	2600	otelcol	otelcol-sb-esrev0-ctr-5tpmc	otelcol_process_runtime_heap_alloc_bytes	32362680
1781350096	snap	2600	otelcol	otelcol-sb-esrev0-ctr-5tpmc	otelcol_processor_outgoing_items	2444179
1781350096	snap	2600	otelcol	otelcol-sb-esrev0-ctr-5tpmc	otelcol_receiver_accepted_spans	2444179
1781350096	snap	2600	otelcol	otelcol-sb-esrev0-ctr-5tpmc	otelcol_process_uptime	473
1781350096	snap	2600	otelcol	otelcol-sb-esrev0-ctr-5tpmc	otelcol_process_runtime_total_alloc_bytes	1394551616
1781350096	snap	2600	otelcol	otelcol-sb-esrev0-ctr-5tpmc	otelcol_exporter_queue_capacity	1001
1781350096	snap	2600	otelcol	otelcol-sb-esrev0-ctr-5tpmc	otelcol_receiver_refused_spans	0
1781350096	snap	2600	otelcol	otelcol-sb-esrev0-ctr-5tpmc	otelcol_exporter_queue_batch_send_size_sum	2444179
1781350096	snap	2600	otelcol	otelcol-sb-esrev0-ctr-5tpmc	otelcol_receiver_failed_spans	0
1781350096	snap	2600	otelcol	otelcol-sb-esrev0-ctr-5tpmc	otelcol_process_cpu_seconds	37
1781350096	snap	2600	otelcol	otelcol-sb-esrev0-ctr-5tpmc	otelcol_processor_batch_batch_send_size_sum	2444179
1781350096	snap	2600	otelcol	otelcol-sb-esrev0-ctr-5tpmc	otelcol_exporter_send_failed_spans	0
1781350096	snap	2600	otelcol	otelcol-sb-esrev0-ctr-5tpmc	otelcol_processor_batch_metadata_cardinality	1
1781350096	snap	2600	otelcol	otelcol-sb-esrev0-ctr-5tpmc	otelcol_process_runtime_total_sys_memory_bytes	93391128
1781350096	snap	2600	otelcol	otelcol-sb-esrev0-ctr-5tpmc	otelcol_process_memory_rss	231124992
1781350096	snap	2600	otelcol	otelcol-sb-esrev0-ctr-5tpmc	otelcol_exporter_sent_spans	2444179
1781350096	snap	2600	otelcol	otelcol-sb-esrev0-ctr-5tpmc	otelcol_processor_incoming_items	2444179
1781350096	snap	2600	otelcol	otelcol-sb-esrev0-ctr-5tpmc	otelcol_exporter_queue_size	0
1781350096	snap	2600	otelcol	otelcol-sb-esrev0-ctr-mg8jm	otelcol_processor_outgoing_items	132133
1781350096	snap	2600	otelcol	otelcol-sb-esrev0-ctr-mg8jm	otelcol_process_memory_rss	214233088
1781350096	snap	2600	otelcol	otelcol-sb-esrev0-ctr-mg8jm	otelcol_exporter_queue_batch_send_size_sum	132133
1781350096	snap	2600	otelcol	otelcol-sb-esrev0-ctr-mg8jm	otelcol_process_runtime_heap_alloc_bytes	38987480
1781350096	snap	2600	otelcol	otelcol-sb-esrev0-ctr-mg8jm	otelcol_receiver_failed_spans	0
1781350096	snap	2600	otelcol	otelcol-sb-esrev0-ctr-mg8jm	otelcol_process_runtime_total_sys_memory_bytes	71379224
1781350096	snap	2600	otelcol	otelcol-sb-esrev0-ctr-mg8jm	otelcol_process_cpu_seconds	18
1781350096	snap	2600	otelcol	otelcol-sb-esrev0-ctr-mg8jm	otelcol_receiver_refused_spans	0
1781350096	snap	2600	otelcol	otelcol-sb-esrev0-ctr-mg8jm	otelcol_processor_batch_batch_send_size_sum	132133
1781350096	snap	2600	otelcol	otelcol-sb-esrev0-ctr-mg8jm	otelcol_process_runtime_total_alloc_bytes	247997736
1781350096	snap	2600	otelcol	otelcol-sb-esrev0-ctr-mg8jm	otelcol_receiver_accepted_spans	132133
1781350096	snap	2600	otelcol	otelcol-sb-esrev0-ctr-mg8jm	otelcol_exporter_send_failed_spans	0
1781350096	snap	2600	otelcol	otelcol-sb-esrev0-ctr-mg8jm	otelcol_processor_batch_metadata_cardinality	1
1781350096	snap	2600	otelcol	otelcol-sb-esrev0-ctr-mg8jm	otelcol_exporter_sent_spans	132133
1781350096	snap	2600	otelcol	otelcol-sb-esrev0-ctr-mg8jm	otelcol_exporter_queue_capacity	1001
1781350096	snap	2600	otelcol	otelcol-sb-esrev0-ctr-mg8jm	otelcol_processor_incoming_items	132133
1781350096	snap	2600	otelcol	otelcol-sb-esrev0-ctr-mg8jm	otelcol_processor_batch_timeout_trigger_send	1851
1781350096	snap	2600	otelcol	otelcol-sb-esrev0-ctr-mg8jm	otelcol_process_uptime	467
1781350096	snap	2600	otelcol	otelcol-sb-esrev0-ctr-mg8jm	otelcol_exporter_queue_size	0
1781350096	snap	2600	otelcol	otelcol-sb-esrev0-ctr-bxzgg	otelcol_exporter_queue_capacity	1001
1781350096	snap	2600	otelcol	otelcol-sb-esrev0-ctr-bxzgg	otelcol_processor_batch_metadata_cardinality	1
1781350096	snap	2600	otelcol	otelcol-sb-esrev0-ctr-bxzgg	otelcol_processor_batch_timeout_trigger_send	1860
1781350096	snap	2600	otelcol	otelcol-sb-esrev0-ctr-bxzgg	otelcol_processor_incoming_items	691211
1781350096	snap	2600	otelcol	otelcol-sb-esrev0-ctr-bxzgg	otelcol_exporter_queue_batch_send_size_sum	691211
1781350096	snap	2600	otelcol	otelcol-sb-esrev0-ctr-bxzgg	otelcol_process_memory_rss	222576640
1781350096	snap	2600	otelcol	otelcol-sb-esrev0-ctr-bxzgg	otelcol_exporter_send_failed_spans	0
1781350096	snap	2600	otelcol	otelcol-sb-esrev0-ctr-bxzgg	otelcol_processor_outgoing_items	691211
1781350096	snap	2600	otelcol	otelcol-sb-esrev0-ctr-bxzgg	otelcol_process_cpu_seconds	21
1781350096	snap	2600	otelcol	otelcol-sb-esrev0-ctr-bxzgg	otelcol_process_uptime	473
1781350096	snap	2600	otelcol	otelcol-sb-esrev0-ctr-bxzgg	otelcol_process_runtime_total_alloc_bytes	573668008
1781350096	snap	2600	otelcol	otelcol-sb-esrev0-ctr-bxzgg	otelcol_processor_batch_batch_send_size_sum	691211
1781350096	snap	2600	otelcol	otelcol-sb-esrev0-ctr-bxzgg	otelcol_process_runtime_total_sys_memory_bytes	84396312
1781350096	snap	2600	otelcol	otelcol-sb-esrev0-ctr-bxzgg	otelcol_process_runtime_heap_alloc_bytes	49958200
1781350096	snap	2600	otelcol	otelcol-sb-esrev0-ctr-bxzgg	otelcol_receiver_refused_spans	0
1781350096	snap	2600	otelcol	otelcol-sb-esrev0-ctr-bxzgg	otelcol_receiver_failed_spans	0
1781350096	snap	2600	otelcol	otelcol-sb-esrev0-ctr-bxzgg	otelcol_exporter_sent_spans	691211
1781350096	snap	2600	otelcol	otelcol-sb-esrev0-ctr-bxzgg	otelcol_receiver_accepted_spans	691211
1781350096	snap	2600	otelcol	otelcol-sb-esrev0-ctr-bxzgg	otelcol_exporter_queue_size	0
1781350096	snap	2600	otelcol	otelcol-sb-esrev0-ctr-8ncml	otelcol_processor_outgoing_items	692054
1781350096	snap	2600	otelcol	otelcol-sb-esrev0-ctr-8ncml	otelcol_process_cpu_seconds	22
1781350096	snap	2600	otelcol	otelcol-sb-esrev0-ctr-8ncml	otelcol_process_uptime	474
1781350096	snap	2600	otelcol	otelcol-sb-esrev0-ctr-8ncml	otelcol_exporter_queue_batch_send_size_sum	692054
1781350096	snap	2600	otelcol	otelcol-sb-esrev0-ctr-8ncml	otelcol_receiver_failed_spans	0
1781350096	snap	2600	otelcol	otelcol-sb-esrev0-ctr-8ncml	otelcol_receiver_refused_spans	0
1781350096	snap	2600	otelcol	otelcol-sb-esrev0-ctr-8ncml	otelcol_process_runtime_heap_alloc_bytes	32793680
1781350096	snap	2600	otelcol	otelcol-sb-esrev0-ctr-8ncml	otelcol_processor_batch_batch_send_size_sum	692054
1781350096	snap	2600	otelcol	otelcol-sb-esrev0-ctr-8ncml	otelcol_process_runtime_total_sys_memory_bytes	84142360
1781350096	snap	2600	otelcol	otelcol-sb-esrev0-ctr-8ncml	otelcol_exporter_sent_spans	692054
1781350096	snap	2600	otelcol	otelcol-sb-esrev0-ctr-8ncml	otelcol_exporter_queue_size	0
1781350096	snap	2600	otelcol	otelcol-sb-esrev0-ctr-8ncml	otelcol_exporter_send_failed_spans	0
1781350096	snap	2600	otelcol	otelcol-sb-esrev0-ctr-8ncml	otelcol_receiver_accepted_spans	692054
1781350096	snap	2600	otelcol	otelcol-sb-esrev0-ctr-8ncml	otelcol_processor_batch_metadata_cardinality	1
1781350096	snap	2600	otelcol	otelcol-sb-esrev0-ctr-8ncml	otelcol_processor_incoming_items	692054
1781350096	snap	2600	otelcol	otelcol-sb-esrev0-ctr-8ncml	otelcol_processor_batch_timeout_trigger_send	1861
1781350096	snap	2600	otelcol	otelcol-sb-esrev0-ctr-8ncml	otelcol_exporter_queue_capacity	1001
1781350096	snap	2600	otelcol	otelcol-sb-esrev0-ctr-8ncml	otelcol_process_runtime_total_alloc_bytes	582119080
1781350096	snap	2600	otelcol	otelcol-sb-esrev0-ctr-8ncml	otelcol_process_memory_rss	224116736
1781350096	snap	2600	otelcol	otelcol-sb-esrev0-ctr-t4pj5	otelcol_exporter_send_failed_spans	0
1781350096	snap	2600	otelcol	otelcol-sb-esrev0-ctr-t4pj5	otelcol_exporter_queue_size	0
1781350096	snap	2600	otelcol	otelcol-sb-esrev0-ctr-t4pj5	otelcol_processor_incoming_items	805864
1781350096	snap	2600	otelcol	otelcol-sb-esrev0-ctr-t4pj5	otelcol_processor_outgoing_items	802666
1781350096	snap	2600	otelcol	otelcol-sb-esrev0-ctr-t4pj5	otelcol_process_runtime_total_sys_memory_bytes	89123096
1781350096	snap	2600	otelcol	otelcol-sb-esrev0-ctr-t4pj5	otelcol_processor_batch_metadata_cardinality	1
1781350096	snap	2600	otelcol	otelcol-sb-esrev0-ctr-t4pj5	otelcol_processor_batch_timeout_trigger_send	1858
1781350096	snap	2600	otelcol	otelcol-sb-esrev0-ctr-t4pj5	otelcol_process_memory_rss	222130176
1781350096	snap	2600	otelcol	otelcol-sb-esrev0-ctr-t4pj5	otelcol_exporter_queue_batch_send_size_sum	802666
1781350096	snap	2600	otelcol	otelcol-sb-esrev0-ctr-t4pj5	otelcol_receiver_failed_spans	0
1781350096	snap	2600	otelcol	otelcol-sb-esrev0-ctr-t4pj5	otelcol_process_cpu_seconds	21
1781350096	snap	2600	otelcol	otelcol-sb-esrev0-ctr-t4pj5	otelcol_receiver_accepted_spans	802666
1781350096	snap	2600	otelcol	otelcol-sb-esrev0-ctr-t4pj5	otelcol_process_runtime_heap_alloc_bytes	27252152
1781350096	snap	2600	otelcol	otelcol-sb-esrev0-ctr-t4pj5	otelcol_exporter_sent_spans	802666
1781350096	snap	2600	otelcol	otelcol-sb-esrev0-ctr-t4pj5	otelcol_processor_batch_batch_send_size_sum	802666
1781350096	snap	2600	otelcol	otelcol-sb-esrev0-ctr-t4pj5	otelcol_process_uptime	478
1781350096	snap	2600	otelcol	otelcol-sb-esrev0-ctr-t4pj5	otelcol_process_runtime_total_alloc_bytes	645608048
1781350096	snap	2600	otelcol	otelcol-sb-esrev0-ctr-t4pj5	otelcol_exporter_queue_capacity	1001
1781350096	snap	2600	otelcol	otelcol-sb-esrev0-ctr-t4pj5	otelcol_receiver_refused_spans	3198
1781350096	snap	2600	k8s	otelcol-sb-esrev0-ctr-5tpmc	restart_count	0
1781350096	snap	2600	k8s	otelcol-sb-esrev0-ctr-8ncml	restart_count	0
1781350096	snap	2600	k8s	otelcol-sb-esrev0-ctr-bgnq8	restart_count	0
1781350096	snap	2600	k8s	otelcol-sb-esrev0-ctr-bxzgg	restart_count	0
1781350096	snap	2600	k8s	otelcol-sb-esrev0-ctr-hj4v4	restart_count	0
1781350096	snap	2600	k8s	otelcol-sb-esrev0-ctr-j6v9t	restart_count	0
1781350096	snap	2600	k8s	otelcol-sb-esrev0-ctr-mg8jm	restart_count	0
1781350096	snap	2600	k8s	otelcol-sb-esrev0-ctr-t4pj5	restart_count	0
1781350096	snap	2600	k8s	otelcol-sb-esrev0-ctr-vb2mk	restart_count	0
1781350096	snap	2600	sdk	wrk2api	spans_received	132154
1781350096	snap	2600	sdk	wrk2api	spans_sent	132154
1781350096	snap	2600	sdk	wrk2api	spans_dropped	0
1781350096	snap	2600	sdk	wrk2api	spans_flushed	132154
1781350096	snap	2600	sdk	wrk2api	batches_sent	7272
1781350096	snap	2600	sdk	wrk2api	batches_dropped	0
1781350096	snap	2600	sdk	wrk2api	send_unavailable	0
1781350096	snap	2600	sdk	wrk2api	send_deadline	0
1781350096	snap	2600	sdk	wrk2api	send_exhausted	0
1781350096	snap	2600	sdk	wrk2api	send_canceled	0
1781350096	snap	2600	sdk	wrk2api	send_other	0
1781350096	snap	2600	sdk	wrk2api	buffer_depth	0
0
1781350096	snap	2600	sdk	wrk2api	cp_received	66077
1781350096	snap	2600	sdk	wrk2api	lp_received	66077
1781350096	snap	2600	sdk	wrk2api	cp_sent	66077
1781350096	snap	2600	sdk	wrk2api	lp_sent	66077
1781350096	snap	2600	sdk	wrk2api	cp_dropped	0
1781350096	snap	2600	sdk	wrk2api	lp_dropped	0
1781350096	snap	2600	sdk	composepost	spans_received	4469532
1781350096	snap	2600	sdk	composepost	spans_sent	3970455
1781350096	snap	2600	sdk	composepost	spans_dropped	499077
1781350096	snap	2600	sdk	composepost	spans_flushed	4469532
1781350096	snap	2600	sdk	composepost	batches_sent	25014
1781350096	snap	2600	sdk	composepost	batches_dropped	2159
1781350096	snap	2600	sdk	composepost	send_unavailable	2159
1781350096	snap	2600	sdk	composepost	send_deadline	0
1781350096	snap	2600	sdk	composepost	send_exhausted	0
1781350096	snap	2600	sdk	composepost	send_canceled	0
1781350096	snap	2600	sdk	composepost	send_other	0
1781350096	snap	2600	sdk	composepost	buffer_depth	0
0
1781350096	snap	2600	sdk	composepost	cp_received	3910840
1781350096	snap	2600	sdk	composepost	lp_received	558692
1781350096	snap	2600	sdk	composepost	cp_sent	3910840
1781350096	snap	2600	sdk	composepost	lp_sent	59615
1781350096	snap	2600	sdk	composepost	cp_dropped	0
1781350096	snap	2600	sdk	composepost	lp_dropped	499077
1781350096	snap	2600	sdk	hometimeline	spans_received	1117376
1781350096	snap	2600	sdk	hometimeline	spans_sent	115575
1781350096	snap	2600	sdk	hometimeline	spans_dropped	1001801
1781350096	snap	2600	sdk	hometimeline	spans_flushed	1117376
1781350096	snap	2600	sdk	hometimeline	batches_sent	2460
1781350096	snap	2600	sdk	hometimeline	batches_dropped	4332
1781350096	snap	2600	sdk	hometimeline	send_unavailable	4332
1781350096	snap	2600	sdk	hometimeline	send_deadline	0
1781350096	snap	2600	sdk	hometimeline	send_exhausted	0
1781350096	snap	2600	sdk	hometimeline	send_canceled	0
1781350096	snap	2600	sdk	hometimeline	send_other	0
1781350096	snap	2600	sdk	hometimeline	buffer_depth	0
0
1781350096	snap	2600	sdk	hometimeline	cp_received	0
1781350096	snap	2600	sdk	hometimeline	lp_received	1117376
1781350096	snap	2600	sdk	hometimeline	cp_sent	0
1781350096	snap	2600	sdk	hometimeline	lp_sent	115575
1781350096	snap	2600	sdk	hometimeline	cp_dropped	0
1781350096	snap	2600	sdk	hometimeline	lp_dropped	1001801
1781350096	snap	2600	sdk	media	spans_received	558692
1781350096	snap	2600	sdk	media	spans_sent	558692
1781350096	snap	2600	sdk	media	spans_dropped	0
1781350096	snap	2600	sdk	media	spans_flushed	558692
1781350096	snap	2600	sdk	media	batches_sent	3398
1781350096	snap	2600	sdk	media	batches_dropped	0
1781350096	snap	2600	sdk	media	send_unavailable	0
1781350096	snap	2600	sdk	media	send_deadline	0
1781350096	snap	2600	sdk	media	send_exhausted	0
1781350096	snap	2600	sdk	media	send_canceled	0
1781350096	snap	2600	sdk	media	send_other	0
1781350096	snap	2600	sdk	media	buffer_depth	0
0
1781350096	snap	2600	sdk	media	cp_received	558692
1781350096	snap	2600	sdk	media	lp_received	0
1781350096	snap	2600	sdk	media	cp_sent	558692
1781350096	snap	2600	sdk	media	lp_sent	0
1781350096	snap	2600	sdk	media	cp_dropped	0
1781350096	snap	2600	sdk	media	lp_dropped	0
1781350096	snap	2600	sdk	post-storage	spans_received	558688
1781350096	snap	2600	sdk	post-storage	spans_sent	558688
1781350096	snap	2600	sdk	post-storage	spans_dropped	0
1781350096	snap	2600	sdk	post-storage	spans_flushed	558688
1781350096	snap	2600	sdk	post-storage	batches_sent	3396
1781350096	snap	2600	sdk	post-storage	batches_dropped	0
1781350096	snap	2600	sdk	post-storage	send_unavailable	0
1781350096	snap	2600	sdk	post-storage	send_deadline	0
1781350096	snap	2600	sdk	post-storage	send_exhausted	0
1781350096	snap	2600	sdk	post-storage	send_canceled	0
1781350096	snap	2600	sdk	post-storage	send_other	0
1781350096	snap	2600	sdk	post-storage	buffer_depth	0
0
1781350096	snap	2600	sdk	post-storage	cp_received	558688
1781350096	snap	2600	sdk	post-storage	lp_received	0
1781350096	snap	2600	sdk	post-storage	cp_sent	558688
1781350096	snap	2600	sdk	post-storage	lp_sent	0
1781350096	snap	2600	sdk	post-storage	cp_dropped	0
1781350096	snap	2600	sdk	post-storage	lp_dropped	0
1781350096	snap	2600	sdk	socialgraph	spans_received	672522
1781350096	snap	2600	sdk	socialgraph	spans_sent	669700
1781350096	snap	2600	sdk	socialgraph	spans_dropped	2822
1781350096	snap	2600	sdk	socialgraph	spans_flushed	672522
1781350096	snap	2600	sdk	socialgraph	batches_sent	3869
1781350096	snap	2600	sdk	socialgraph	batches_dropped	14
1781350096	snap	2600	sdk	socialgraph	send_unavailable	14
1781350096	snap	2600	sdk	socialgraph	send_deadline	0
1781350096	snap	2600	sdk	socialgraph	send_exhausted	0
1781350096	snap	2600	sdk	socialgraph	send_canceled	0
1781350096	snap	2600	sdk	socialgraph	send_other	0
1781350096	snap	2600	sdk	socialgraph	buffer_depth	0
0
1781350096	snap	2600	sdk	socialgraph	cp_received	634898
1781350096	snap	2600	sdk	socialgraph	lp_received	37624
1781350096	snap	2600	sdk	socialgraph	cp_sent	634898
1781350096	snap	2600	sdk	socialgraph	lp_sent	34802
1781350096	snap	2600	sdk	socialgraph	cp_dropped	0
1781350096	snap	2600	sdk	socialgraph	lp_dropped	2822
1781350096	snap	2600	sdk	text	spans_received	1676084
1781350096	snap	2600	sdk	text	spans_sent	1676084
1781350096	snap	2600	sdk	text	spans_dropped	0
1781350096	snap	2600	sdk	text	spans_flushed	1676084
1781350096	snap	2600	sdk	text	batches_sent	10185
1781350096	snap	2600	sdk	text	batches_dropped	0
1781350096	snap	2600	sdk	text	send_unavailable	0
1781350096	snap	2600	sdk	text	send_deadline	0
1781350096	snap	2600	sdk	text	send_exhausted	0
1781350096	snap	2600	sdk	text	send_canceled	0
1781350096	snap	2600	sdk	text	send_other	0
1781350096	snap	2600	sdk	text	buffer_depth	0
0
1781350096	snap	2600	sdk	text	cp_received	0
1781350096	snap	2600	sdk	text	lp_received	1676084
1781350096	snap	2600	sdk	text	cp_sent	0
1781350096	snap	2600	sdk	text	lp_sent	1676084
1781350096	snap	2600	sdk	text	cp_dropped	0
1781350096	snap	2600	sdk	text	lp_dropped	0
1781350096	snap	2600	sdk	uniqueid	spans_received	558692
1781350096	snap	2600	sdk	uniqueid	spans_sent	558692
1781350096	snap	2600	sdk	uniqueid	spans_dropped	0
1781350096	snap	2600	sdk	uniqueid	spans_flushed	558692
1781350096	snap	2600	sdk	uniqueid	batches_sent	3395
1781350096	snap	2600	sdk	uniqueid	batches_dropped	0
1781350096	snap	2600	sdk	uniqueid	send_unavailable	0
1781350096	snap	2600	sdk	uniqueid	send_deadline	0
1781350096	snap	2600	sdk	uniqueid	send_exhausted	0
1781350096	snap	2600	sdk	uniqueid	send_canceled	0
1781350096	snap	2600	sdk	uniqueid	send_other	0
1781350096	snap	2600	sdk	uniqueid	buffer_depth	0
0
1781350096	snap	2600	sdk	uniqueid	cp_received	558692
1781350096	snap	2600	sdk	uniqueid	lp_received	0
1781350096	snap	2600	sdk	uniqueid	cp_sent	558692
1781350096	snap	2600	sdk	uniqueid	lp_sent	0
1781350096	snap	2600	sdk	uniqueid	cp_dropped	0
1781350096	snap	2600	sdk	uniqueid	lp_dropped	0
1781350096	snap	2600	sdk	urlshorten	spans_received	558692
1781350096	snap	2600	sdk	urlshorten	spans_sent	558692
1781350096	snap	2600	sdk	urlshorten	spans_dropped	0
1781350096	snap	2600	sdk	urlshorten	spans_flushed	558692
1781350096	snap	2600	sdk	urlshorten	batches_sent	3395
1781350096	snap	2600	sdk	urlshorten	batches_dropped	0
1781350096	snap	2600	sdk	urlshorten	send_unavailable	0
1781350096	snap	2600	sdk	urlshorten	send_deadline	0
1781350096	snap	2600	sdk	urlshorten	send_exhausted	0
1781350096	snap	2600	sdk	urlshorten	send_canceled	0
1781350096	snap	2600	sdk	urlshorten	send_other	0
1781350096	snap	2600	sdk	urlshorten	buffer_depth	0
0
1781350096	snap	2600	sdk	urlshorten	cp_received	558692
1781350096	snap	2600	sdk	urlshorten	lp_received	0
1781350096	snap	2600	sdk	urlshorten	cp_sent	558692
1781350096	snap	2600	sdk	urlshorten	lp_sent	0
1781350096	snap	2600	sdk	urlshorten	cp_dropped	0
1781350096	snap	2600	sdk	urlshorten	lp_dropped	0
1781350096	snap	2600	sdk	user	spans_received	560616
1781350096	snap	2600	sdk	user	spans_sent	560616
1781350096	snap	2600	sdk	user	spans_dropped	0
1781350096	snap	2600	sdk	user	spans_flushed	560616
1781350096	snap	2600	sdk	user	batches_sent	3407
1781350096	snap	2600	sdk	user	batches_dropped	0
1781350096	snap	2600	sdk	user	send_unavailable	0
1781350096	snap	2600	sdk	user	send_deadline	0
1781350096	snap	2600	sdk	user	send_exhausted	0
1781350096	snap	2600	sdk	user	send_canceled	0
1781350096	snap	2600	sdk	user	send_other	0
1781350096	snap	2600	sdk	user	buffer_depth	0
0
1781350096	snap	2600	sdk	user	cp_received	559654
1781350096	snap	2600	sdk	user	lp_received	962
1781350096	snap	2600	sdk	user	cp_sent	559654
1781350096	snap	2600	sdk	user	lp_sent	962
1781350096	snap	2600	sdk	user	cp_dropped	0
1781350096	snap	2600	sdk	user	lp_dropped	0
1781350096	snap	2600	sdk	userid	spans_received	75248
1781350096	snap	2600	sdk	userid	spans_sent	75248
1781350096	snap	2600	sdk	userid	spans_dropped	0
1781350096	snap	2600	sdk	userid	spans_flushed	75248
1781350096	snap	2600	sdk	userid	batches_sent	247
1781350096	snap	2600	sdk	userid	batches_dropped	0
1781350096	snap	2600	sdk	userid	send_unavailable	0
1781350096	snap	2600	sdk	userid	send_deadline	0
1781350096	snap	2600	sdk	userid	send_exhausted	0
1781350096	snap	2600	sdk	userid	send_canceled	0
1781350096	snap	2600	sdk	userid	send_other	0
1781350096	snap	2600	sdk	userid	buffer_depth	0
0
1781350096	snap	2600	sdk	userid	cp_received	75248
1781350096	snap	2600	sdk	userid	lp_received	0
1781350096	snap	2600	sdk	userid	cp_sent	75248
1781350096	snap	2600	sdk	userid	lp_sent	0
1781350096	snap	2600	sdk	userid	cp_dropped	0
1781350096	snap	2600	sdk	userid	lp_dropped	0
1781350096	snap	2600	sdk	usermention	spans_received	558692
1781350096	snap	2600	sdk	usermention	spans_sent	558692
1781350096	snap	2600	sdk	usermention	spans_dropped	0
1781350096	snap	2600	sdk	usermention	spans_flushed	558692
1781350096	snap	2600	sdk	usermention	batches_sent	3395
1781350096	snap	2600	sdk	usermention	batches_dropped	0
1781350096	snap	2600	sdk	usermention	send_unavailable	0
1781350096	snap	2600	sdk	usermention	send_deadline	0
1781350096	snap	2600	sdk	usermention	send_exhausted	0
1781350096	snap	2600	sdk	usermention	send_canceled	0
1781350096	snap	2600	sdk	usermention	send_other	0
1781350096	snap	2600	sdk	usermention	buffer_depth	0
0
1781350096	snap	2600	sdk	usermention	cp_received	558692
1781350096	snap	2600	sdk	usermention	lp_received	0
1781350096	snap	2600	sdk	usermention	cp_sent	558692
1781350096	snap	2600	sdk	usermention	lp_sent	0
1781350096	snap	2600	sdk	usermention	cp_dropped	0
1781350096	snap	2600	sdk	usermention	lp_dropped	0
1781350096	snap	2600	sdk	usertimeline	spans_received	558688
1781350096	snap	2600	sdk	usertimeline	spans_sent	558688
1781350096	snap	2600	sdk	usertimeline	spans_dropped	0
1781350096	snap	2600	sdk	usertimeline	spans_flushed	558688
1781350096	snap	2600	sdk	usertimeline	batches_sent	3395
1781350096	snap	2600	sdk	usertimeline	batches_dropped	0
1781350096	snap	2600	sdk	usertimeline	send_unavailable	0
1781350096	snap	2600	sdk	usertimeline	send_deadline	0
1781350096	snap	2600	sdk	usertimeline	send_exhausted	0
1781350096	snap	2600	sdk	usertimeline	send_canceled	0
1781350096	snap	2600	sdk	usertimeline	send_other	0
1781350096	snap	2600	sdk	usertimeline	buffer_depth	0
0
1781350096	snap	2600	sdk	usertimeline	cp_received	558688
1781350096	snap	2600	sdk	usertimeline	lp_received	0
1781350096	snap	2600	sdk	usertimeline	cp_sent	558688
1781350096	snap	2600	sdk	usertimeline	lp_sent	0
1781350096	snap	2600	sdk	usertimeline	cp_dropped	0
1781350096	snap	2600	sdk	usertimeline	lp_dropped	0
1781350103	snap	2800	otelcol	otelcol-sb-esrev0-ctr-hj4v4	otelcol_process_uptime	479
1781350103	snap	2800	otelcol	otelcol-sb-esrev0-ctr-hj4v4	otelcol_exporter_sent_spans	1191091
1781350103	snap	2800	otelcol	otelcol-sb-esrev0-ctr-hj4v4	otelcol_process_runtime_total_sys_memory_bytes	93866264
1781350103	snap	2800	otelcol	otelcol-sb-esrev0-ctr-hj4v4	otelcol_process_runtime_total_alloc_bytes	928633648
1781350103	snap	2800	otelcol	otelcol-sb-esrev0-ctr-hj4v4	otelcol_exporter_queue_capacity	1001
1781350103	snap	2800	otelcol	otelcol-sb-esrev0-ctr-hj4v4	otelcol_receiver_failed_spans	0
1781350103	snap	2800	otelcol	otelcol-sb-esrev0-ctr-hj4v4	otelcol_processor_batch_metadata_cardinality	1
1781350103	snap	2800	otelcol	otelcol-sb-esrev0-ctr-hj4v4	otelcol_processor_batch_batch_send_size_sum	1191091
1781350103	snap	2800	otelcol	otelcol-sb-esrev0-ctr-hj4v4	otelcol_receiver_refused_spans	58461
1781350103	snap	2800	otelcol	otelcol-sb-esrev0-ctr-hj4v4	otelcol_processor_batch_timeout_trigger_send	1862
1781350103	snap	2800	otelcol	otelcol-sb-esrev0-ctr-hj4v4	otelcol_exporter_send_failed_spans	0
1781350103	snap	2800	otelcol	otelcol-sb-esrev0-ctr-hj4v4	otelcol_exporter_queue_size	0
1781350103	snap	2800	otelcol	otelcol-sb-esrev0-ctr-hj4v4	otelcol_exporter_queue_batch_send_size_sum	1191091
1781350103	snap	2800	otelcol	otelcol-sb-esrev0-ctr-hj4v4	otelcol_processor_incoming_items	1249552
1781350103	snap	2800	otelcol	otelcol-sb-esrev0-ctr-hj4v4	otelcol_process_runtime_heap_alloc_bytes	39069600
1781350103	snap	2800	otelcol	otelcol-sb-esrev0-ctr-hj4v4	otelcol_process_memory_rss	228122624
1781350103	snap	2800	otelcol	otelcol-sb-esrev0-ctr-hj4v4	otelcol_receiver_accepted_spans	1191091
1781350103	snap	2800	otelcol	otelcol-sb-esrev0-ctr-hj4v4	otelcol_processor_outgoing_items	1191091
1781350103	snap	2800	otelcol	otelcol-sb-esrev0-ctr-hj4v4	otelcol_process_cpu_seconds	28
1781350103	snap	2800	otelcol	otelcol-sb-esrev0-ctr-bgnq8	otelcol_processor_batch_batch_send_size_sum	693159
1781350103	snap	2800	otelcol	otelcol-sb-esrev0-ctr-bgnq8	otelcol_exporter_sent_spans	693159
1781350103	snap	2800	otelcol	otelcol-sb-esrev0-ctr-bgnq8	otelcol_processor_batch_metadata_cardinality	1
1781350103	snap	2800	otelcol	otelcol-sb-esrev0-ctr-bgnq8	otelcol_receiver_accepted_spans	693159
1781350103	snap	2800	otelcol	otelcol-sb-esrev0-ctr-bgnq8	otelcol_process_uptime	482
1781350103	snap	2800	otelcol	otelcol-sb-esrev0-ctr-bgnq8	otelcol_process_memory_rss	227483648
1781350103	snap	2800	otelcol	otelcol-sb-esrev0-ctr-bgnq8	otelcol_exporter_queue_size	0
1781350103	snap	2800	otelcol	otelcol-sb-esrev0-ctr-bgnq8	otelcol_processor_incoming_items	693159
1781350103	snap	2800	otelcol	otelcol-sb-esrev0-ctr-bgnq8	otelcol_exporter_queue_capacity	1001
1781350103	snap	2800	otelcol	otelcol-sb-esrev0-ctr-bgnq8	otelcol_processor_batch_timeout_trigger_send	1863
1781350103	snap	2800	otelcol	otelcol-sb-esrev0-ctr-bgnq8	otelcol_process_runtime_total_alloc_bytes	612618920
1781350103	snap	2800	otelcol	otelcol-sb-esrev0-ctr-bgnq8	otelcol_receiver_refused_spans	0
1781350103	snap	2800	otelcol	otelcol-sb-esrev0-ctr-bgnq8	otelcol_process_runtime_total_sys_memory_bytes	89131288
1781350103	snap	2800	otelcol	otelcol-sb-esrev0-ctr-bgnq8	otelcol_receiver_failed_spans	0
1781350103	snap	2800	otelcol	otelcol-sb-esrev0-ctr-bgnq8	otelcol_process_runtime_heap_alloc_bytes	45307176
1781350103	snap	2800	otelcol	otelcol-sb-esrev0-ctr-bgnq8	otelcol_exporter_send_failed_spans	0
1781350103	snap	2800	otelcol	otelcol-sb-esrev0-ctr-bgnq8	otelcol_processor_outgoing_items	693159
1781350103	snap	2800	otelcol	otelcol-sb-esrev0-ctr-bgnq8	otelcol_process_cpu_seconds	20
1781350103	snap	2800	otelcol	otelcol-sb-esrev0-ctr-bgnq8	otelcol_exporter_queue_batch_send_size_sum	693159
1781350103	snap	2800	otelcol	otelcol-sb-esrev0-ctr-vb2mk	otelcol_process_uptime	482
1781350103	snap	2800	otelcol	otelcol-sb-esrev0-ctr-vb2mk	otelcol_process_memory_rss	224194560
1781350103	snap	2800	otelcol	otelcol-sb-esrev0-ctr-vb2mk	otelcol_exporter_send_failed_spans	0
1781350103	snap	2800	otelcol	otelcol-sb-esrev0-ctr-vb2mk	otelcol_receiver_accepted_spans	690846
1781350103	snap	2800	otelcol	otelcol-sb-esrev0-ctr-vb2mk	otelcol_process_runtime_total_sys_memory_bytes	89385240
1781350103	snap	2800	otelcol	otelcol-sb-esrev0-ctr-vb2mk	otelcol_exporter_queue_batch_send_size_sum	690846
1781350103	snap	2800	otelcol	otelcol-sb-esrev0-ctr-vb2mk	otelcol_process_cpu_seconds	21
1781350103	snap	2800	otelcol	otelcol-sb-esrev0-ctr-vb2mk	otelcol_process_runtime_heap_alloc_bytes	47435208
1781350103	snap	2800	otelcol	otelcol-sb-esrev0-ctr-vb2mk	otelcol_exporter_sent_spans	690846
1781350103	snap	2800	otelcol	otelcol-sb-esrev0-ctr-vb2mk	otelcol_exporter_queue_capacity	1001
1781350103	snap	2800	otelcol	otelcol-sb-esrev0-ctr-vb2mk	otelcol_receiver_refused_spans	0
1781350103	snap	2800	otelcol	otelcol-sb-esrev0-ctr-vb2mk	otelcol_processor_incoming_items	690846
1781350103	snap	2800	otelcol	otelcol-sb-esrev0-ctr-vb2mk	otelcol_processor_outgoing_items	690846
1781350103	snap	2800	otelcol	otelcol-sb-esrev0-ctr-vb2mk	otelcol_exporter_queue_size	0
1781350103	snap	2800	otelcol	otelcol-sb-esrev0-ctr-vb2mk	otelcol_processor_batch_metadata_cardinality	1
1781350103	snap	2800	otelcol	otelcol-sb-esrev0-ctr-vb2mk	otelcol_receiver_failed_spans	0
1781350103	snap	2800	otelcol	otelcol-sb-esrev0-ctr-vb2mk	otelcol_processor_batch_timeout_trigger_send	1858
1781350103	snap	2800	otelcol	otelcol-sb-esrev0-ctr-vb2mk	otelcol_processor_batch_batch_send_size_sum	690846
1781350103	snap	2800	otelcol	otelcol-sb-esrev0-ctr-vb2mk	otelcol_process_runtime_total_alloc_bytes	583642672
1781350103	snap	2800	otelcol	otelcol-sb-esrev0-ctr-j6v9t	otelcol_processor_incoming_items	5719076
1781350103	snap	2800	otelcol	otelcol-sb-esrev0-ctr-j6v9t	otelcol_process_cpu_seconds	70
1781350103	snap	2800	otelcol	otelcol-sb-esrev0-ctr-j6v9t	otelcol_process_uptime	480
1781350103	snap	2800	otelcol	otelcol-sb-esrev0-ctr-j6v9t	otelcol_process_runtime_heap_alloc_bytes	62204048
1781350103	snap	2800	otelcol	otelcol-sb-esrev0-ctr-j6v9t	otelcol_exporter_sent_spans	4162615
1781350103	snap	2800	otelcol	otelcol-sb-esrev0-ctr-j6v9t	otelcol_exporter_send_failed_spans	0
1781350103	snap	2800	otelcol	otelcol-sb-esrev0-ctr-j6v9t	otelcol_receiver_failed_spans	0
1781350103	snap	2800	otelcol	otelcol-sb-esrev0-ctr-j6v9t	otelcol_processor_outgoing_items	4162615
1781350103	snap	2800	otelcol	otelcol-sb-esrev0-ctr-j6v9t	otelcol_processor_batch_batch_send_size_sum	4162615
1781350103	snap	2800	otelcol	otelcol-sb-esrev0-ctr-j6v9t	otelcol_process_runtime_total_sys_memory_bytes	114440488
1781350103	snap	2800	otelcol	otelcol-sb-esrev0-ctr-j6v9t	otelcol_process_runtime_total_alloc_bytes	3761621640
1781350103	snap	2800	otelcol	otelcol-sb-esrev0-ctr-j6v9t	otelcol_processor_batch_metadata_cardinality	1
1781350103	snap	2800	otelcol	otelcol-sb-esrev0-ctr-j6v9t	otelcol_processor_batch_timeout_trigger_send	1859
1781350103	snap	2800	otelcol	otelcol-sb-esrev0-ctr-j6v9t	otelcol_exporter_queue_size	0
1781350103	snap	2800	otelcol	otelcol-sb-esrev0-ctr-j6v9t	otelcol_receiver_accepted_spans	4162615
1781350103	snap	2800	otelcol	otelcol-sb-esrev0-ctr-j6v9t	otelcol_process_memory_rss	249933824
1781350103	snap	2800	otelcol	otelcol-sb-esrev0-ctr-j6v9t	otelcol_receiver_refused_spans	1556461
1781350103	snap	2800	otelcol	otelcol-sb-esrev0-ctr-j6v9t	otelcol_exporter_queue_capacity	1001
1781350103	snap	2800	otelcol	otelcol-sb-esrev0-ctr-j6v9t	otelcol_exporter_queue_batch_send_size_sum	4162615
1781350103	snap	2800	otelcol	otelcol-sb-esrev0-ctr-5tpmc	otelcol_processor_batch_timeout_trigger_send	1866
1781350103	snap	2800	otelcol	otelcol-sb-esrev0-ctr-5tpmc	otelcol_process_runtime_heap_alloc_bytes	32980208
1781350103	snap	2800	otelcol	otelcol-sb-esrev0-ctr-5tpmc	otelcol_processor_outgoing_items	2444179
1781350103	snap	2800	otelcol	otelcol-sb-esrev0-ctr-5tpmc	otelcol_receiver_accepted_spans	2444179
1781350103	snap	2800	otelcol	otelcol-sb-esrev0-ctr-5tpmc	otelcol_process_uptime	480
1781350103	snap	2800	otelcol	otelcol-sb-esrev0-ctr-5tpmc	otelcol_process_runtime_total_alloc_bytes	1395169144
1781350103	snap	2800	otelcol	otelcol-sb-esrev0-ctr-5tpmc	otelcol_exporter_queue_capacity	1001
1781350103	snap	2800	otelcol	otelcol-sb-esrev0-ctr-5tpmc	otelcol_receiver_refused_spans	0
1781350103	snap	2800	otelcol	otelcol-sb-esrev0-ctr-5tpmc	otelcol_exporter_queue_batch_send_size_sum	2444179
1781350103	snap	2800	otelcol	otelcol-sb-esrev0-ctr-5tpmc	otelcol_receiver_failed_spans	0
1781350103	snap	2800	otelcol	otelcol-sb-esrev0-ctr-5tpmc	otelcol_process_cpu_seconds	37
1781350103	snap	2800	otelcol	otelcol-sb-esrev0-ctr-5tpmc	otelcol_processor_batch_batch_send_size_sum	2444179
1781350103	snap	2800	otelcol	otelcol-sb-esrev0-ctr-5tpmc	otelcol_exporter_send_failed_spans	0
1781350103	snap	2800	otelcol	otelcol-sb-esrev0-ctr-5tpmc	otelcol_processor_batch_metadata_cardinality	1
1781350103	snap	2800	otelcol	otelcol-sb-esrev0-ctr-5tpmc	otelcol_process_runtime_total_sys_memory_bytes	93391128
1781350103	snap	2800	otelcol	otelcol-sb-esrev0-ctr-5tpmc	otelcol_process_memory_rss	231124992
1781350103	snap	2800	otelcol	otelcol-sb-esrev0-ctr-5tpmc	otelcol_exporter_sent_spans	2444179
1781350103	snap	2800	otelcol	otelcol-sb-esrev0-ctr-5tpmc	otelcol_processor_incoming_items	2444179
1781350103	snap	2800	otelcol	otelcol-sb-esrev0-ctr-5tpmc	otelcol_exporter_queue_size	0
1781350103	snap	2800	otelcol	otelcol-sb-esrev0-ctr-mg8jm	otelcol_processor_outgoing_items	132133
1781350103	snap	2800	otelcol	otelcol-sb-esrev0-ctr-mg8jm	otelcol_process_memory_rss	214233088
1781350103	snap	2800	otelcol	otelcol-sb-esrev0-ctr-mg8jm	otelcol_exporter_queue_batch_send_size_sum	132133
1781350103	snap	2800	otelcol	otelcol-sb-esrev0-ctr-mg8jm	otelcol_process_runtime_heap_alloc_bytes	39618592
1781350103	snap	2800	otelcol	otelcol-sb-esrev0-ctr-mg8jm	otelcol_receiver_failed_spans	0
1781350103	snap	2800	otelcol	otelcol-sb-esrev0-ctr-mg8jm	otelcol_process_runtime_total_sys_memory_bytes	71379224
1781350103	snap	2800	otelcol	otelcol-sb-esrev0-ctr-mg8jm	otelcol_process_cpu_seconds	18
1781350103	snap	2800	otelcol	otelcol-sb-esrev0-ctr-mg8jm	otelcol_receiver_refused_spans	0
1781350103	snap	2800	otelcol	otelcol-sb-esrev0-ctr-mg8jm	otelcol_processor_batch_batch_send_size_sum	132133
1781350103	snap	2800	otelcol	otelcol-sb-esrev0-ctr-mg8jm	otelcol_process_runtime_total_alloc_bytes	248628848
1781350103	snap	2800	otelcol	otelcol-sb-esrev0-ctr-mg8jm	otelcol_receiver_accepted_spans	132133
1781350103	snap	2800	otelcol	otelcol-sb-esrev0-ctr-mg8jm	otelcol_exporter_send_failed_spans	0
1781350103	snap	2800	otelcol	otelcol-sb-esrev0-ctr-mg8jm	otelcol_processor_batch_metadata_cardinality	1
1781350103	snap	2800	otelcol	otelcol-sb-esrev0-ctr-mg8jm	otelcol_exporter_sent_spans	132133
1781350103	snap	2800	otelcol	otelcol-sb-esrev0-ctr-mg8jm	otelcol_exporter_queue_capacity	1001
1781350103	snap	2800	otelcol	otelcol-sb-esrev0-ctr-mg8jm	otelcol_processor_incoming_items	132133
1781350103	snap	2800	otelcol	otelcol-sb-esrev0-ctr-mg8jm	otelcol_processor_batch_timeout_trigger_send	1851
1781350103	snap	2800	otelcol	otelcol-sb-esrev0-ctr-mg8jm	otelcol_process_uptime	474
1781350103	snap	2800	otelcol	otelcol-sb-esrev0-ctr-mg8jm	otelcol_exporter_queue_size	0
1781350103	snap	2800	otelcol	otelcol-sb-esrev0-ctr-bxzgg	otelcol_exporter_queue_capacity	1001
1781350103	snap	2800	otelcol	otelcol-sb-esrev0-ctr-bxzgg	otelcol_processor_batch_metadata_cardinality	1
1781350103	snap	2800	otelcol	otelcol-sb-esrev0-ctr-bxzgg	otelcol_processor_batch_timeout_trigger_send	1860
1781350103	snap	2800	otelcol	otelcol-sb-esrev0-ctr-bxzgg	otelcol_processor_incoming_items	691211
1781350103	snap	2800	otelcol	otelcol-sb-esrev0-ctr-bxzgg	otelcol_exporter_queue_batch_send_size_sum	691211
1781350103	snap	2800	otelcol	otelcol-sb-esrev0-ctr-bxzgg	otelcol_process_memory_rss	222576640
1781350103	snap	2800	otelcol	otelcol-sb-esrev0-ctr-bxzgg	otelcol_exporter_send_failed_spans	0
1781350103	snap	2800	otelcol	otelcol-sb-esrev0-ctr-bxzgg	otelcol_processor_outgoing_items	691211
1781350103	snap	2800	otelcol	otelcol-sb-esrev0-ctr-bxzgg	otelcol_process_cpu_seconds	21
1781350103	snap	2800	otelcol	otelcol-sb-esrev0-ctr-bxzgg	otelcol_process_uptime	480
1781350103	snap	2800	otelcol	otelcol-sb-esrev0-ctr-bxzgg	otelcol_process_runtime_total_alloc_bytes	574275224
1781350103	snap	2800	otelcol	otelcol-sb-esrev0-ctr-bxzgg	otelcol_processor_batch_batch_send_size_sum	691211
1781350103	snap	2800	otelcol	otelcol-sb-esrev0-ctr-bxzgg	otelcol_process_runtime_total_sys_memory_bytes	84396312
1781350103	snap	2800	otelcol	otelcol-sb-esrev0-ctr-bxzgg	otelcol_process_runtime_heap_alloc_bytes	50565416
1781350103	snap	2800	otelcol	otelcol-sb-esrev0-ctr-bxzgg	otelcol_receiver_refused_spans	0
1781350103	snap	2800	otelcol	otelcol-sb-esrev0-ctr-bxzgg	otelcol_receiver_failed_spans	0
1781350103	snap	2800	otelcol	otelcol-sb-esrev0-ctr-bxzgg	otelcol_exporter_sent_spans	691211
1781350103	snap	2800	otelcol	otelcol-sb-esrev0-ctr-bxzgg	otelcol_receiver_accepted_spans	691211
1781350103	snap	2800	otelcol	otelcol-sb-esrev0-ctr-bxzgg	otelcol_exporter_queue_size	0
1781350103	snap	2800	otelcol	otelcol-sb-esrev0-ctr-8ncml	otelcol_processor_outgoing_items	692054
1781350103	snap	2800	otelcol	otelcol-sb-esrev0-ctr-8ncml	otelcol_process_cpu_seconds	22
1781350103	snap	2800	otelcol	otelcol-sb-esrev0-ctr-8ncml	otelcol_process_uptime	481
1781350103	snap	2800	otelcol	otelcol-sb-esrev0-ctr-8ncml	otelcol_exporter_queue_batch_send_size_sum	692054
1781350103	snap	2800	otelcol	otelcol-sb-esrev0-ctr-8ncml	otelcol_receiver_failed_spans	0
1781350103	snap	2800	otelcol	otelcol-sb-esrev0-ctr-8ncml	otelcol_receiver_refused_spans	0
1781350103	snap	2800	otelcol	otelcol-sb-esrev0-ctr-8ncml	otelcol_process_runtime_heap_alloc_bytes	33386112
1781350103	snap	2800	otelcol	otelcol-sb-esrev0-ctr-8ncml	otelcol_processor_batch_batch_send_size_sum	692054
1781350103	snap	2800	otelcol	otelcol-sb-esrev0-ctr-8ncml	otelcol_process_runtime_total_sys_memory_bytes	84142360
1781350103	snap	2800	otelcol	otelcol-sb-esrev0-ctr-8ncml	otelcol_exporter_sent_spans	692054
1781350103	snap	2800	otelcol	otelcol-sb-esrev0-ctr-8ncml	otelcol_exporter_queue_size	0
1781350103	snap	2800	otelcol	otelcol-sb-esrev0-ctr-8ncml	otelcol_exporter_send_failed_spans	0
1781350103	snap	2800	otelcol	otelcol-sb-esrev0-ctr-8ncml	otelcol_receiver_accepted_spans	692054
1781350103	snap	2800	otelcol	otelcol-sb-esrev0-ctr-8ncml	otelcol_processor_batch_metadata_cardinality	1
1781350103	snap	2800	otelcol	otelcol-sb-esrev0-ctr-8ncml	otelcol_processor_incoming_items	692054
1781350103	snap	2800	otelcol	otelcol-sb-esrev0-ctr-8ncml	otelcol_processor_batch_timeout_trigger_send	1861
1781350103	snap	2800	otelcol	otelcol-sb-esrev0-ctr-8ncml	otelcol_exporter_queue_capacity	1001
1781350103	snap	2800	otelcol	otelcol-sb-esrev0-ctr-8ncml	otelcol_process_runtime_total_alloc_bytes	582711512
1781350103	snap	2800	otelcol	otelcol-sb-esrev0-ctr-8ncml	otelcol_process_memory_rss	224116736
1781350103	snap	2800	otelcol	otelcol-sb-esrev0-ctr-t4pj5	otelcol_exporter_send_failed_spans	0
1781350103	snap	2800	otelcol	otelcol-sb-esrev0-ctr-t4pj5	otelcol_exporter_queue_size	0
1781350103	snap	2800	otelcol	otelcol-sb-esrev0-ctr-t4pj5	otelcol_processor_incoming_items	805864
1781350103	snap	2800	otelcol	otelcol-sb-esrev0-ctr-t4pj5	otelcol_processor_outgoing_items	802666
1781350103	snap	2800	otelcol	otelcol-sb-esrev0-ctr-t4pj5	otelcol_process_runtime_total_sys_memory_bytes	89123096
1781350103	snap	2800	otelcol	otelcol-sb-esrev0-ctr-t4pj5	otelcol_processor_batch_metadata_cardinality	1
1781350103	snap	2800	otelcol	otelcol-sb-esrev0-ctr-t4pj5	otelcol_processor_batch_timeout_trigger_send	1858
1781350103	snap	2800	otelcol	otelcol-sb-esrev0-ctr-t4pj5	otelcol_process_memory_rss	222130176
1781350103	snap	2800	otelcol	otelcol-sb-esrev0-ctr-t4pj5	otelcol_exporter_queue_batch_send_size_sum	802666
1781350103	snap	2800	otelcol	otelcol-sb-esrev0-ctr-t4pj5	otelcol_receiver_failed_spans	0
1781350103	snap	2800	otelcol	otelcol-sb-esrev0-ctr-t4pj5	otelcol_process_cpu_seconds	21
1781350103	snap	2800	otelcol	otelcol-sb-esrev0-ctr-t4pj5	otelcol_receiver_accepted_spans	802666
1781350103	snap	2800	otelcol	otelcol-sb-esrev0-ctr-t4pj5	otelcol_process_runtime_heap_alloc_bytes	27884032
1781350103	snap	2800	otelcol	otelcol-sb-esrev0-ctr-t4pj5	otelcol_exporter_sent_spans	802666
1781350103	snap	2800	otelcol	otelcol-sb-esrev0-ctr-t4pj5	otelcol_processor_batch_batch_send_size_sum	802666
1781350103	snap	2800	otelcol	otelcol-sb-esrev0-ctr-t4pj5	otelcol_process_uptime	485
1781350103	snap	2800	otelcol	otelcol-sb-esrev0-ctr-t4pj5	otelcol_process_runtime_total_alloc_bytes	646239928
1781350103	snap	2800	otelcol	otelcol-sb-esrev0-ctr-t4pj5	otelcol_exporter_queue_capacity	1001
1781350103	snap	2800	otelcol	otelcol-sb-esrev0-ctr-t4pj5	otelcol_receiver_refused_spans	3198
1781350103	snap	2800	k8s	otelcol-sb-esrev0-ctr-5tpmc	restart_count	0
1781350103	snap	2800	k8s	otelcol-sb-esrev0-ctr-8ncml	restart_count	0
1781350103	snap	2800	k8s	otelcol-sb-esrev0-ctr-bgnq8	restart_count	0
1781350103	snap	2800	k8s	otelcol-sb-esrev0-ctr-bxzgg	restart_count	0
1781350103	snap	2800	k8s	otelcol-sb-esrev0-ctr-hj4v4	restart_count	0
1781350103	snap	2800	k8s	otelcol-sb-esrev0-ctr-j6v9t	restart_count	0
1781350103	snap	2800	k8s	otelcol-sb-esrev0-ctr-mg8jm	restart_count	0
1781350103	snap	2800	k8s	otelcol-sb-esrev0-ctr-t4pj5	restart_count	0
1781350103	snap	2800	k8s	otelcol-sb-esrev0-ctr-vb2mk	restart_count	0
1781350103	snap	2800	sdk	wrk2api	spans_received	132154
1781350103	snap	2800	sdk	wrk2api	spans_sent	132154
1781350103	snap	2800	sdk	wrk2api	spans_dropped	0
1781350103	snap	2800	sdk	wrk2api	spans_flushed	132154
1781350103	snap	2800	sdk	wrk2api	batches_sent	7272
1781350103	snap	2800	sdk	wrk2api	batches_dropped	0
1781350103	snap	2800	sdk	wrk2api	send_unavailable	0
1781350103	snap	2800	sdk	wrk2api	send_deadline	0
1781350103	snap	2800	sdk	wrk2api	send_exhausted	0
1781350103	snap	2800	sdk	wrk2api	send_canceled	0
1781350103	snap	2800	sdk	wrk2api	send_other	0
1781350103	snap	2800	sdk	wrk2api	buffer_depth	0
0
1781350103	snap	2800	sdk	wrk2api	cp_received	66077
1781350103	snap	2800	sdk	wrk2api	lp_received	66077
1781350103	snap	2800	sdk	wrk2api	cp_sent	66077
1781350103	snap	2800	sdk	wrk2api	lp_sent	66077
1781350103	snap	2800	sdk	wrk2api	cp_dropped	0
1781350103	snap	2800	sdk	wrk2api	lp_dropped	0
1781350103	snap	2800	sdk	composepost	spans_received	4469532
1781350103	snap	2800	sdk	composepost	spans_sent	3970455
1781350103	snap	2800	sdk	composepost	spans_dropped	499077
1781350103	snap	2800	sdk	composepost	spans_flushed	4469532
1781350103	snap	2800	sdk	composepost	batches_sent	25014
1781350103	snap	2800	sdk	composepost	batches_dropped	2159
1781350103	snap	2800	sdk	composepost	send_unavailable	2159
1781350103	snap	2800	sdk	composepost	send_deadline	0
1781350103	snap	2800	sdk	composepost	send_exhausted	0
1781350103	snap	2800	sdk	composepost	send_canceled	0
1781350103	snap	2800	sdk	composepost	send_other	0
1781350103	snap	2800	sdk	composepost	buffer_depth	0
0
1781350103	snap	2800	sdk	composepost	cp_received	3910840
1781350103	snap	2800	sdk	composepost	lp_received	558692
1781350103	snap	2800	sdk	composepost	cp_sent	3910840
1781350103	snap	2800	sdk	composepost	lp_sent	59615
1781350103	snap	2800	sdk	composepost	cp_dropped	0
1781350103	snap	2800	sdk	composepost	lp_dropped	499077
1781350103	snap	2800	sdk	hometimeline	spans_received	1117376
1781350103	snap	2800	sdk	hometimeline	spans_sent	115575
1781350103	snap	2800	sdk	hometimeline	spans_dropped	1001801
1781350103	snap	2800	sdk	hometimeline	spans_flushed	1117376
1781350103	snap	2800	sdk	hometimeline	batches_sent	2460
1781350103	snap	2800	sdk	hometimeline	batches_dropped	4332
1781350103	snap	2800	sdk	hometimeline	send_unavailable	4332
1781350103	snap	2800	sdk	hometimeline	send_deadline	0
1781350103	snap	2800	sdk	hometimeline	send_exhausted	0
1781350103	snap	2800	sdk	hometimeline	send_canceled	0
1781350103	snap	2800	sdk	hometimeline	send_other	0
1781350103	snap	2800	sdk	hometimeline	buffer_depth	0
0
1781350103	snap	2800	sdk	hometimeline	cp_received	0
1781350103	snap	2800	sdk	hometimeline	lp_received	1117376
1781350103	snap	2800	sdk	hometimeline	cp_sent	0
1781350103	snap	2800	sdk	hometimeline	lp_sent	115575
1781350103	snap	2800	sdk	hometimeline	cp_dropped	0
1781350103	snap	2800	sdk	hometimeline	lp_dropped	1001801
1781350103	snap	2800	sdk	media	spans_received	558692
1781350103	snap	2800	sdk	media	spans_sent	558692
1781350103	snap	2800	sdk	media	spans_dropped	0
1781350103	snap	2800	sdk	media	spans_flushed	558692
1781350103	snap	2800	sdk	media	batches_sent	3398
1781350103	snap	2800	sdk	media	batches_dropped	0
1781350103	snap	2800	sdk	media	send_unavailable	0
1781350103	snap	2800	sdk	media	send_deadline	0
1781350103	snap	2800	sdk	media	send_exhausted	0
1781350103	snap	2800	sdk	media	send_canceled	0
1781350103	snap	2800	sdk	media	send_other	0
1781350103	snap	2800	sdk	media	buffer_depth	0
0
1781350103	snap	2800	sdk	media	cp_received	558692
1781350103	snap	2800	sdk	media	lp_received	0
1781350103	snap	2800	sdk	media	cp_sent	558692
1781350103	snap	2800	sdk	media	lp_sent	0
1781350103	snap	2800	sdk	media	cp_dropped	0
1781350103	snap	2800	sdk	media	lp_dropped	0
1781350103	snap	2800	sdk	post-storage	spans_received	558688
1781350103	snap	2800	sdk	post-storage	spans_sent	558688
1781350103	snap	2800	sdk	post-storage	spans_dropped	0
1781350103	snap	2800	sdk	post-storage	spans_flushed	558688
1781350103	snap	2800	sdk	post-storage	batches_sent	3396
1781350103	snap	2800	sdk	post-storage	batches_dropped	0
1781350103	snap	2800	sdk	post-storage	send_unavailable	0
1781350103	snap	2800	sdk	post-storage	send_deadline	0
1781350103	snap	2800	sdk	post-storage	send_exhausted	0
1781350103	snap	2800	sdk	post-storage	send_canceled	0
1781350103	snap	2800	sdk	post-storage	send_other	0
1781350103	snap	2800	sdk	post-storage	buffer_depth	0
0
1781350103	snap	2800	sdk	post-storage	cp_received	558688
1781350103	snap	2800	sdk	post-storage	lp_received	0
1781350103	snap	2800	sdk	post-storage	cp_sent	558688
1781350103	snap	2800	sdk	post-storage	lp_sent	0
1781350103	snap	2800	sdk	post-storage	cp_dropped	0
1781350103	snap	2800	sdk	post-storage	lp_dropped	0
1781350103	snap	2800	sdk	socialgraph	spans_received	672522
1781350103	snap	2800	sdk	socialgraph	spans_sent	669700
1781350103	snap	2800	sdk	socialgraph	spans_dropped	2822
1781350103	snap	2800	sdk	socialgraph	spans_flushed	672522
1781350103	snap	2800	sdk	socialgraph	batches_sent	3869
1781350103	snap	2800	sdk	socialgraph	batches_dropped	14
1781350103	snap	2800	sdk	socialgraph	send_unavailable	14
1781350103	snap	2800	sdk	socialgraph	send_deadline	0
1781350103	snap	2800	sdk	socialgraph	send_exhausted	0
1781350103	snap	2800	sdk	socialgraph	send_canceled	0
1781350103	snap	2800	sdk	socialgraph	send_other	0
1781350103	snap	2800	sdk	socialgraph	buffer_depth	0
0
1781350103	snap	2800	sdk	socialgraph	cp_received	634898
1781350103	snap	2800	sdk	socialgraph	lp_received	37624
1781350103	snap	2800	sdk	socialgraph	cp_sent	634898
1781350103	snap	2800	sdk	socialgraph	lp_sent	34802
1781350103	snap	2800	sdk	socialgraph	cp_dropped	0
1781350103	snap	2800	sdk	socialgraph	lp_dropped	2822
1781350103	snap	2800	sdk	text	spans_received	1676084
1781350103	snap	2800	sdk	text	spans_sent	1676084
1781350103	snap	2800	sdk	text	spans_dropped	0
1781350103	snap	2800	sdk	text	spans_flushed	1676084
1781350103	snap	2800	sdk	text	batches_sent	10185
1781350103	snap	2800	sdk	text	batches_dropped	0
1781350103	snap	2800	sdk	text	send_unavailable	0
1781350103	snap	2800	sdk	text	send_deadline	0
1781350103	snap	2800	sdk	text	send_exhausted	0
1781350103	snap	2800	sdk	text	send_canceled	0
1781350103	snap	2800	sdk	text	send_other	0
1781350103	snap	2800	sdk	text	buffer_depth	0
0
1781350103	snap	2800	sdk	text	cp_received	0
1781350103	snap	2800	sdk	text	lp_received	1676084
1781350103	snap	2800	sdk	text	cp_sent	0
1781350103	snap	2800	sdk	text	lp_sent	1676084
1781350103	snap	2800	sdk	text	cp_dropped	0
1781350103	snap	2800	sdk	text	lp_dropped	0
1781350103	snap	2800	sdk	uniqueid	spans_received	558692
1781350103	snap	2800	sdk	uniqueid	spans_sent	558692
1781350103	snap	2800	sdk	uniqueid	spans_dropped	0
1781350103	snap	2800	sdk	uniqueid	spans_flushed	558692
1781350103	snap	2800	sdk	uniqueid	batches_sent	3395
1781350103	snap	2800	sdk	uniqueid	batches_dropped	0
1781350103	snap	2800	sdk	uniqueid	send_unavailable	0
1781350103	snap	2800	sdk	uniqueid	send_deadline	0
1781350103	snap	2800	sdk	uniqueid	send_exhausted	0
1781350103	snap	2800	sdk	uniqueid	send_canceled	0
1781350103	snap	2800	sdk	uniqueid	send_other	0
1781350103	snap	2800	sdk	uniqueid	buffer_depth	0
0
1781350103	snap	2800	sdk	uniqueid	cp_received	558692
1781350103	snap	2800	sdk	uniqueid	lp_received	0
1781350103	snap	2800	sdk	uniqueid	cp_sent	558692
1781350103	snap	2800	sdk	uniqueid	lp_sent	0
1781350103	snap	2800	sdk	uniqueid	cp_dropped	0
1781350103	snap	2800	sdk	uniqueid	lp_dropped	0
1781350103	snap	2800	sdk	urlshorten	spans_received	558692
1781350103	snap	2800	sdk	urlshorten	spans_sent	558692
1781350103	snap	2800	sdk	urlshorten	spans_dropped	0
1781350103	snap	2800	sdk	urlshorten	spans_flushed	558692
1781350103	snap	2800	sdk	urlshorten	batches_sent	3395
1781350103	snap	2800	sdk	urlshorten	batches_dropped	0
1781350103	snap	2800	sdk	urlshorten	send_unavailable	0
1781350103	snap	2800	sdk	urlshorten	send_deadline	0
1781350103	snap	2800	sdk	urlshorten	send_exhausted	0
1781350103	snap	2800	sdk	urlshorten	send_canceled	0
1781350103	snap	2800	sdk	urlshorten	send_other	0
1781350103	snap	2800	sdk	urlshorten	buffer_depth	0
0
1781350103	snap	2800	sdk	urlshorten	cp_received	558692
1781350103	snap	2800	sdk	urlshorten	lp_received	0
1781350103	snap	2800	sdk	urlshorten	cp_sent	558692
1781350103	snap	2800	sdk	urlshorten	lp_sent	0
1781350103	snap	2800	sdk	urlshorten	cp_dropped	0
1781350103	snap	2800	sdk	urlshorten	lp_dropped	0
1781350103	snap	2800	sdk	user	spans_received	560616
1781350103	snap	2800	sdk	user	spans_sent	560616
1781350103	snap	2800	sdk	user	spans_dropped	0
1781350103	snap	2800	sdk	user	spans_flushed	560616
1781350103	snap	2800	sdk	user	batches_sent	3407
1781350103	snap	2800	sdk	user	batches_dropped	0
1781350103	snap	2800	sdk	user	send_unavailable	0
1781350103	snap	2800	sdk	user	send_deadline	0
1781350103	snap	2800	sdk	user	send_exhausted	0
1781350103	snap	2800	sdk	user	send_canceled	0
1781350103	snap	2800	sdk	user	send_other	0
1781350103	snap	2800	sdk	user	buffer_depth	0
0
1781350103	snap	2800	sdk	user	cp_received	559654
1781350103	snap	2800	sdk	user	lp_received	962
1781350103	snap	2800	sdk	user	cp_sent	559654
1781350103	snap	2800	sdk	user	lp_sent	962
1781350103	snap	2800	sdk	user	cp_dropped	0
1781350103	snap	2800	sdk	user	lp_dropped	0
1781350103	snap	2800	sdk	userid	spans_received	75248
1781350103	snap	2800	sdk	userid	spans_sent	75248
1781350103	snap	2800	sdk	userid	spans_dropped	0
1781350103	snap	2800	sdk	userid	spans_flushed	75248
1781350103	snap	2800	sdk	userid	batches_sent	247
1781350103	snap	2800	sdk	userid	batches_dropped	0
1781350103	snap	2800	sdk	userid	send_unavailable	0
1781350103	snap	2800	sdk	userid	send_deadline	0
1781350103	snap	2800	sdk	userid	send_exhausted	0
1781350103	snap	2800	sdk	userid	send_canceled	0
1781350103	snap	2800	sdk	userid	send_other	0
1781350103	snap	2800	sdk	userid	buffer_depth	0
0
1781350103	snap	2800	sdk	userid	cp_received	75248
1781350103	snap	2800	sdk	userid	lp_received	0
1781350103	snap	2800	sdk	userid	cp_sent	75248
1781350103	snap	2800	sdk	userid	lp_sent	0
1781350103	snap	2800	sdk	userid	cp_dropped	0
1781350103	snap	2800	sdk	userid	lp_dropped	0
1781350103	snap	2800	sdk	usermention	spans_received	558692
1781350103	snap	2800	sdk	usermention	spans_sent	558692
1781350103	snap	2800	sdk	usermention	spans_dropped	0
1781350103	snap	2800	sdk	usermention	spans_flushed	558692
1781350103	snap	2800	sdk	usermention	batches_sent	3395
1781350103	snap	2800	sdk	usermention	batches_dropped	0
1781350103	snap	2800	sdk	usermention	send_unavailable	0
1781350103	snap	2800	sdk	usermention	send_deadline	0
1781350103	snap	2800	sdk	usermention	send_exhausted	0
1781350103	snap	2800	sdk	usermention	send_canceled	0
1781350103	snap	2800	sdk	usermention	send_other	0
1781350103	snap	2800	sdk	usermention	buffer_depth	0
0
1781350103	snap	2800	sdk	usermention	cp_received	558692
1781350103	snap	2800	sdk	usermention	lp_received	0
1781350103	snap	2800	sdk	usermention	cp_sent	558692
1781350103	snap	2800	sdk	usermention	lp_sent	0
1781350103	snap	2800	sdk	usermention	cp_dropped	0
1781350103	snap	2800	sdk	usermention	lp_dropped	0
1781350103	snap	2800	sdk	usertimeline	spans_received	558688
1781350103	snap	2800	sdk	usertimeline	spans_sent	558688
1781350103	snap	2800	sdk	usertimeline	spans_dropped	0
1781350103	snap	2800	sdk	usertimeline	spans_flushed	558688
1781350103	snap	2800	sdk	usertimeline	batches_sent	3395
1781350103	snap	2800	sdk	usertimeline	batches_dropped	0
1781350103	snap	2800	sdk	usertimeline	send_unavailable	0
1781350103	snap	2800	sdk	usertimeline	send_deadline	0
1781350103	snap	2800	sdk	usertimeline	send_exhausted	0
1781350103	snap	2800	sdk	usertimeline	send_canceled	0
1781350103	snap	2800	sdk	usertimeline	send_other	0
1781350103	snap	2800	sdk	usertimeline	buffer_depth	0
0
1781350103	snap	2800	sdk	usertimeline	cp_received	558688
1781350103	snap	2800	sdk	usertimeline	lp_received	0
1781350103	snap	2800	sdk	usertimeline	cp_sent	558688
1781350103	snap	2800	sdk	usertimeline	lp_sent	0
1781350103	snap	2800	sdk	usertimeline	cp_dropped	0
1781350103	snap	2800	sdk	usertimeline	lp_dropped	0
1781350171	snap	2800	otelcol	otelcol-sb-esrev0-ctr-hj4v4	otelcol_process_uptime	547
1781350171	snap	2800	otelcol	otelcol-sb-esrev0-ctr-hj4v4	otelcol_exporter_sent_spans	1545103
1781350171	snap	2800	otelcol	otelcol-sb-esrev0-ctr-hj4v4	otelcol_process_runtime_total_sys_memory_bytes	93874456
1781350171	snap	2800	otelcol	otelcol-sb-esrev0-ctr-hj4v4	otelcol_process_runtime_total_alloc_bytes	1169934504
1781350171	snap	2800	otelcol	otelcol-sb-esrev0-ctr-hj4v4	otelcol_exporter_queue_capacity	1001
1781350171	snap	2800	otelcol	otelcol-sb-esrev0-ctr-hj4v4	otelcol_receiver_failed_spans	0
1781350171	snap	2800	otelcol	otelcol-sb-esrev0-ctr-hj4v4	otelcol_processor_batch_metadata_cardinality	1
1781350171	snap	2800	otelcol	otelcol-sb-esrev0-ctr-hj4v4	otelcol_processor_batch_batch_send_size_sum	1545103
1781350171	snap	2800	otelcol	otelcol-sb-esrev0-ctr-hj4v4	otelcol_receiver_refused_spans	77003
1781350171	snap	2800	otelcol	otelcol-sb-esrev0-ctr-hj4v4	otelcol_processor_batch_timeout_trigger_send	2161
1781350171	snap	2800	otelcol	otelcol-sb-esrev0-ctr-hj4v4	otelcol_exporter_send_failed_spans	0
1781350171	snap	2800	otelcol	otelcol-sb-esrev0-ctr-hj4v4	otelcol_exporter_queue_size	0
1781350171	snap	2800	otelcol	otelcol-sb-esrev0-ctr-hj4v4	otelcol_exporter_queue_batch_send_size_sum	1545103
1781350171	snap	2800	otelcol	otelcol-sb-esrev0-ctr-hj4v4	otelcol_processor_incoming_items	1622106
1781350171	snap	2800	otelcol	otelcol-sb-esrev0-ctr-hj4v4	otelcol_process_runtime_heap_alloc_bytes	50836192
1781350171	snap	2800	otelcol	otelcol-sb-esrev0-ctr-hj4v4	otelcol_process_memory_rss	231583744
1781350171	snap	2800	otelcol	otelcol-sb-esrev0-ctr-hj4v4	otelcol_receiver_accepted_spans	1545103
1781350171	snap	2800	otelcol	otelcol-sb-esrev0-ctr-hj4v4	otelcol_processor_outgoing_items	1545103
1781350171	snap	2800	otelcol	otelcol-sb-esrev0-ctr-hj4v4	otelcol_process_cpu_seconds	35
1781350171	snap	2800	otelcol	otelcol-sb-esrev0-ctr-bgnq8	otelcol_processor_batch_batch_send_size_sum	898062
1781350171	snap	2800	otelcol	otelcol-sb-esrev0-ctr-bgnq8	otelcol_exporter_sent_spans	898062
1781350171	snap	2800	otelcol	otelcol-sb-esrev0-ctr-bgnq8	otelcol_processor_batch_metadata_cardinality	1
1781350171	snap	2800	otelcol	otelcol-sb-esrev0-ctr-bgnq8	otelcol_receiver_accepted_spans	898062
1781350171	snap	2800	otelcol	otelcol-sb-esrev0-ctr-bgnq8	otelcol_process_uptime	549
1781350171	snap	2800	otelcol	otelcol-sb-esrev0-ctr-bgnq8	otelcol_process_memory_rss	224337920
1781350171	snap	2800	otelcol	otelcol-sb-esrev0-ctr-bgnq8	otelcol_exporter_queue_size	0
1781350171	snap	2800	otelcol	otelcol-sb-esrev0-ctr-bgnq8	otelcol_processor_incoming_items	898062
1781350171	snap	2800	otelcol	otelcol-sb-esrev0-ctr-bgnq8	otelcol_exporter_queue_capacity	1001
1781350171	snap	2800	otelcol	otelcol-sb-esrev0-ctr-bgnq8	otelcol_processor_batch_timeout_trigger_send	2162
1781350171	snap	2800	otelcol	otelcol-sb-esrev0-ctr-bgnq8	otelcol_process_runtime_total_alloc_bytes	748158304
1781350171	snap	2800	otelcol	otelcol-sb-esrev0-ctr-bgnq8	otelcol_receiver_refused_spans	0
1781350171	snap	2800	otelcol	otelcol-sb-esrev0-ctr-bgnq8	otelcol_process_runtime_total_sys_memory_bytes	89131288
1781350171	snap	2800	otelcol	otelcol-sb-esrev0-ctr-bgnq8	otelcol_receiver_failed_spans	0
1781350171	snap	2800	otelcol	otelcol-sb-esrev0-ctr-bgnq8	otelcol_process_runtime_heap_alloc_bytes	46973352
1781350171	snap	2800	otelcol	otelcol-sb-esrev0-ctr-bgnq8	otelcol_exporter_send_failed_spans	0
1781350171	snap	2800	otelcol	otelcol-sb-esrev0-ctr-bgnq8	otelcol_processor_outgoing_items	898062
1781350171	snap	2800	otelcol	otelcol-sb-esrev0-ctr-bgnq8	otelcol_process_cpu_seconds	24
1781350171	snap	2800	otelcol	otelcol-sb-esrev0-ctr-bgnq8	otelcol_exporter_queue_batch_send_size_sum	898062
1781350171	snap	2800	otelcol	otelcol-sb-esrev0-ctr-vb2mk	otelcol_process_uptime	549
1781350171	snap	2800	otelcol	otelcol-sb-esrev0-ctr-vb2mk	otelcol_process_memory_rss	224563200
1781350171	snap	2800	otelcol	otelcol-sb-esrev0-ctr-vb2mk	otelcol_exporter_send_failed_spans	0
1781350171	snap	2800	otelcol	otelcol-sb-esrev0-ctr-vb2mk	otelcol_receiver_accepted_spans	895749
1781350171	snap	2800	otelcol	otelcol-sb-esrev0-ctr-vb2mk	otelcol_process_runtime_total_sys_memory_bytes	89385240
1781350171	snap	2800	otelcol	otelcol-sb-esrev0-ctr-vb2mk	otelcol_exporter_queue_batch_send_size_sum	895749
1781350171	snap	2800	otelcol	otelcol-sb-esrev0-ctr-vb2mk	otelcol_process_cpu_seconds	25
1781350171	snap	2800	otelcol	otelcol-sb-esrev0-ctr-vb2mk	otelcol_process_runtime_heap_alloc_bytes	48313248
1781350171	snap	2800	otelcol	otelcol-sb-esrev0-ctr-vb2mk	otelcol_exporter_sent_spans	895749
1781350171	snap	2800	otelcol	otelcol-sb-esrev0-ctr-vb2mk	otelcol_exporter_queue_capacity	1001
1781350171	snap	2800	otelcol	otelcol-sb-esrev0-ctr-vb2mk	otelcol_receiver_refused_spans	0
1781350171	snap	2800	otelcol	otelcol-sb-esrev0-ctr-vb2mk	otelcol_processor_incoming_items	895749
1781350171	snap	2800	otelcol	otelcol-sb-esrev0-ctr-vb2mk	otelcol_processor_outgoing_items	895749
1781350171	snap	2800	otelcol	otelcol-sb-esrev0-ctr-vb2mk	otelcol_exporter_queue_size	0
1781350171	snap	2800	otelcol	otelcol-sb-esrev0-ctr-vb2mk	otelcol_processor_batch_metadata_cardinality	1
1781350171	snap	2800	otelcol	otelcol-sb-esrev0-ctr-vb2mk	otelcol_receiver_failed_spans	0
1781350171	snap	2800	otelcol	otelcol-sb-esrev0-ctr-vb2mk	otelcol_processor_batch_timeout_trigger_send	2158
1781350171	snap	2800	otelcol	otelcol-sb-esrev0-ctr-vb2mk	otelcol_processor_batch_batch_send_size_sum	895749
1781350171	snap	2800	otelcol	otelcol-sb-esrev0-ctr-vb2mk	otelcol_process_runtime_total_alloc_bytes	711899920
1781350171	snap	2800	otelcol	otelcol-sb-esrev0-ctr-j6v9t	otelcol_processor_incoming_items	7432822
1781350171	snap	2800	otelcol	otelcol-sb-esrev0-ctr-j6v9t	otelcol_process_cpu_seconds	88
1781350171	snap	2800	otelcol	otelcol-sb-esrev0-ctr-j6v9t	otelcol_process_uptime	547
1781350171	snap	2800	otelcol	otelcol-sb-esrev0-ctr-j6v9t	otelcol_process_runtime_heap_alloc_bytes	54095480
1781350171	snap	2800	otelcol	otelcol-sb-esrev0-ctr-j6v9t	otelcol_exporter_sent_spans	5355127
1781350171	snap	2800	otelcol	otelcol-sb-esrev0-ctr-j6v9t	otelcol_exporter_send_failed_spans	0
1781350171	snap	2800	otelcol	otelcol-sb-esrev0-ctr-j6v9t	otelcol_receiver_failed_spans	0
1781350171	snap	2800	otelcol	otelcol-sb-esrev0-ctr-j6v9t	otelcol_processor_outgoing_items	5355127
1781350171	snap	2800	otelcol	otelcol-sb-esrev0-ctr-j6v9t	otelcol_processor_batch_batch_send_size_sum	5355127
1781350171	snap	2800	otelcol	otelcol-sb-esrev0-ctr-j6v9t	otelcol_process_runtime_total_sys_memory_bytes	127023400
1781350171	snap	2800	otelcol	otelcol-sb-esrev0-ctr-j6v9t	otelcol_process_runtime_total_alloc_bytes	4888064168
1781350171	snap	2800	otelcol	otelcol-sb-esrev0-ctr-j6v9t	otelcol_processor_batch_metadata_cardinality	1
1781350171	snap	2800	otelcol	otelcol-sb-esrev0-ctr-j6v9t	otelcol_processor_batch_timeout_trigger_send	2158
1781350171	snap	2800	otelcol	otelcol-sb-esrev0-ctr-j6v9t	otelcol_exporter_queue_size	0
1781350171	snap	2800	otelcol	otelcol-sb-esrev0-ctr-j6v9t	otelcol_receiver_accepted_spans	5355127
1781350171	snap	2800	otelcol	otelcol-sb-esrev0-ctr-j6v9t	otelcol_process_memory_rss	252760064
1781350171	snap	2800	otelcol	otelcol-sb-esrev0-ctr-j6v9t	otelcol_receiver_refused_spans	2077695
1781350171	snap	2800	otelcol	otelcol-sb-esrev0-ctr-j6v9t	otelcol_exporter_queue_capacity	1001
1781350171	snap	2800	otelcol	otelcol-sb-esrev0-ctr-j6v9t	otelcol_exporter_queue_batch_send_size_sum	5355127
1781350171	snap	2800	otelcol	otelcol-sb-esrev0-ctr-5tpmc	otelcol_processor_batch_timeout_trigger_send	2166
1781350171	snap	2800	otelcol	otelcol-sb-esrev0-ctr-5tpmc	otelcol_process_runtime_heap_alloc_bytes	56265344
1781350171	snap	2800	otelcol	otelcol-sb-esrev0-ctr-5tpmc	otelcol_processor_outgoing_items	3152031
1781350171	snap	2800	otelcol	otelcol-sb-esrev0-ctr-5tpmc	otelcol_receiver_accepted_spans	3152031
1781350171	snap	2800	otelcol	otelcol-sb-esrev0-ctr-5tpmc	otelcol_process_uptime	548
1781350171	snap	2800	otelcol	otelcol-sb-esrev0-ctr-5tpmc	otelcol_process_runtime_total_alloc_bytes	1740569872
1781350171	snap	2800	otelcol	otelcol-sb-esrev0-ctr-5tpmc	otelcol_exporter_queue_capacity	1001
1781350171	snap	2800	otelcol	otelcol-sb-esrev0-ctr-5tpmc	otelcol_receiver_refused_spans	0
1781350171	snap	2800	otelcol	otelcol-sb-esrev0-ctr-5tpmc	otelcol_exporter_queue_batch_send_size_sum	3152031
1781350171	snap	2800	otelcol	otelcol-sb-esrev0-ctr-5tpmc	otelcol_receiver_failed_spans	0
1781350171	snap	2800	otelcol	otelcol-sb-esrev0-ctr-5tpmc	otelcol_process_cpu_seconds	45
1781350171	snap	2800	otelcol	otelcol-sb-esrev0-ctr-5tpmc	otelcol_processor_batch_batch_send_size_sum	3152031
1781350171	snap	2800	otelcol	otelcol-sb-esrev0-ctr-5tpmc	otelcol_exporter_send_failed_spans	0
1781350171	snap	2800	otelcol	otelcol-sb-esrev0-ctr-5tpmc	otelcol_processor_batch_metadata_cardinality	1
1781350171	snap	2800	otelcol	otelcol-sb-esrev0-ctr-5tpmc	otelcol_process_runtime_total_sys_memory_bytes	93407512
1781350171	snap	2800	otelcol	otelcol-sb-esrev0-ctr-5tpmc	otelcol_process_memory_rss	234864640
1781350171	snap	2800	otelcol	otelcol-sb-esrev0-ctr-5tpmc	otelcol_exporter_sent_spans	3152031
1781350171	snap	2800	otelcol	otelcol-sb-esrev0-ctr-5tpmc	otelcol_processor_incoming_items	3152031
1781350171	snap	2800	otelcol	otelcol-sb-esrev0-ctr-5tpmc	otelcol_exporter_queue_size	0
1781350171	snap	2800	otelcol	otelcol-sb-esrev0-ctr-mg8jm	otelcol_processor_outgoing_items	169389
1781350171	snap	2800	otelcol	otelcol-sb-esrev0-ctr-mg8jm	otelcol_process_memory_rss	214740992
1781350171	snap	2800	otelcol	otelcol-sb-esrev0-ctr-mg8jm	otelcol_exporter_queue_batch_send_size_sum	169389
1781350171	snap	2800	otelcol	otelcol-sb-esrev0-ctr-mg8jm	otelcol_process_runtime_heap_alloc_bytes	41358744
1781350171	snap	2800	otelcol	otelcol-sb-esrev0-ctr-mg8jm	otelcol_receiver_failed_spans	0
1781350171	snap	2800	otelcol	otelcol-sb-esrev0-ctr-mg8jm	otelcol_process_runtime_total_sys_memory_bytes	71379224
1781350171	snap	2800	otelcol	otelcol-sb-esrev0-ctr-mg8jm	otelcol_process_cpu_seconds	21
1781350171	snap	2800	otelcol	otelcol-sb-esrev0-ctr-mg8jm	otelcol_receiver_refused_spans	0
1781350171	snap	2800	otelcol	otelcol-sb-esrev0-ctr-mg8jm	otelcol_processor_batch_batch_send_size_sum	169389
1781350171	snap	2800	otelcol	otelcol-sb-esrev0-ctr-mg8jm	otelcol_process_runtime_total_alloc_bytes	291622352
1781350171	snap	2800	otelcol	otelcol-sb-esrev0-ctr-mg8jm	otelcol_receiver_accepted_spans	169389
1781350171	snap	2800	otelcol	otelcol-sb-esrev0-ctr-mg8jm	otelcol_exporter_send_failed_spans	0
1781350171	snap	2800	otelcol	otelcol-sb-esrev0-ctr-mg8jm	otelcol_processor_batch_metadata_cardinality	1
1781350171	snap	2800	otelcol	otelcol-sb-esrev0-ctr-mg8jm	otelcol_exporter_sent_spans	169389
1781350171	snap	2800	otelcol	otelcol-sb-esrev0-ctr-mg8jm	otelcol_exporter_queue_capacity	1001
1781350171	snap	2800	otelcol	otelcol-sb-esrev0-ctr-mg8jm	otelcol_processor_incoming_items	169389
1781350171	snap	2800	otelcol	otelcol-sb-esrev0-ctr-mg8jm	otelcol_processor_batch_timeout_trigger_send	2150
1781350171	snap	2800	otelcol	otelcol-sb-esrev0-ctr-mg8jm	otelcol_process_uptime	542
1781350171	snap	2800	otelcol	otelcol-sb-esrev0-ctr-mg8jm	otelcol_exporter_queue_size	0
1781350171	snap	2800	otelcol	otelcol-sb-esrev0-ctr-bxzgg	otelcol_exporter_queue_capacity	1001
1781350171	snap	2800	otelcol	otelcol-sb-esrev0-ctr-bxzgg	otelcol_processor_batch_metadata_cardinality	1
1781350171	snap	2800	otelcol	otelcol-sb-esrev0-ctr-bxzgg	otelcol_processor_batch_timeout_trigger_send	2159
1781350171	snap	2800	otelcol	otelcol-sb-esrev0-ctr-bxzgg	otelcol_processor_incoming_items	896114
1781350171	snap	2800	otelcol	otelcol-sb-esrev0-ctr-bxzgg	otelcol_exporter_queue_batch_send_size_sum	896114
1781350171	snap	2800	otelcol	otelcol-sb-esrev0-ctr-bxzgg	otelcol_process_memory_rss	222072832
1781350171	snap	2800	otelcol	otelcol-sb-esrev0-ctr-bxzgg	otelcol_exporter_send_failed_spans	0
1781350171	snap	2800	otelcol	otelcol-sb-esrev0-ctr-bxzgg	otelcol_processor_outgoing_items	896114
1781350171	snap	2800	otelcol	otelcol-sb-esrev0-ctr-bxzgg	otelcol_process_cpu_seconds	26
1781350171	snap	2800	otelcol	otelcol-sb-esrev0-ctr-bxzgg	otelcol_process_uptime	548
1781350171	snap	2800	otelcol	otelcol-sb-esrev0-ctr-bxzgg	otelcol_process_runtime_total_alloc_bytes	705776192
1781350171	snap	2800	otelcol	otelcol-sb-esrev0-ctr-bxzgg	otelcol_processor_batch_batch_send_size_sum	896114
1781350171	snap	2800	otelcol	otelcol-sb-esrev0-ctr-bxzgg	otelcol_process_runtime_total_sys_memory_bytes	84658456
1781350171	snap	2800	otelcol	otelcol-sb-esrev0-ctr-bxzgg	otelcol_process_runtime_heap_alloc_bytes	29993056
1781350171	snap	2800	otelcol	otelcol-sb-esrev0-ctr-bxzgg	otelcol_receiver_refused_spans	0
1781350171	snap	2800	otelcol	otelcol-sb-esrev0-ctr-bxzgg	otelcol_receiver_failed_spans	0
1781350171	snap	2800	otelcol	otelcol-sb-esrev0-ctr-bxzgg	otelcol_exporter_sent_spans	896114
1781350171	snap	2800	otelcol	otelcol-sb-esrev0-ctr-bxzgg	otelcol_receiver_accepted_spans	896114
1781350171	snap	2800	otelcol	otelcol-sb-esrev0-ctr-bxzgg	otelcol_exporter_queue_size	0
1781350171	snap	2800	otelcol	otelcol-sb-esrev0-ctr-8ncml	otelcol_processor_outgoing_items	896959
1781350171	snap	2800	otelcol	otelcol-sb-esrev0-ctr-8ncml	otelcol_process_cpu_seconds	27
1781350171	snap	2800	otelcol	otelcol-sb-esrev0-ctr-8ncml	otelcol_process_uptime	548
1781350171	snap	2800	otelcol	otelcol-sb-esrev0-ctr-8ncml	otelcol_exporter_queue_batch_send_size_sum	896959
1781350171	snap	2800	otelcol	otelcol-sb-esrev0-ctr-8ncml	otelcol_receiver_failed_spans	0
1781350171	snap	2800	otelcol	otelcol-sb-esrev0-ctr-8ncml	otelcol_receiver_refused_spans	0
1781350171	snap	2800	otelcol	otelcol-sb-esrev0-ctr-8ncml	otelcol_process_runtime_heap_alloc_bytes	27661608
1781350171	snap	2800	otelcol	otelcol-sb-esrev0-ctr-8ncml	otelcol_processor_batch_batch_send_size_sum	896959
1781350171	snap	2800	otelcol	otelcol-sb-esrev0-ctr-8ncml	otelcol_process_runtime_total_sys_memory_bytes	84150552
1781350171	snap	2800	otelcol	otelcol-sb-esrev0-ctr-8ncml	otelcol_exporter_sent_spans	896959
1781350171	snap	2800	otelcol	otelcol-sb-esrev0-ctr-8ncml	otelcol_exporter_queue_size	0
1781350171	snap	2800	otelcol	otelcol-sb-esrev0-ctr-8ncml	otelcol_exporter_send_failed_spans	0
1781350171	snap	2800	otelcol	otelcol-sb-esrev0-ctr-8ncml	otelcol_receiver_accepted_spans	896959
1781350171	snap	2800	otelcol	otelcol-sb-esrev0-ctr-8ncml	otelcol_processor_batch_metadata_cardinality	1
1781350171	snap	2800	otelcol	otelcol-sb-esrev0-ctr-8ncml	otelcol_processor_incoming_items	896959
1781350171	snap	2800	otelcol	otelcol-sb-esrev0-ctr-8ncml	otelcol_processor_batch_timeout_trigger_send	2160
1781350171	snap	2800	otelcol	otelcol-sb-esrev0-ctr-8ncml	otelcol_exporter_queue_capacity	1001
1781350171	snap	2800	otelcol	otelcol-sb-esrev0-ctr-8ncml	otelcol_process_runtime_total_alloc_bytes	707522144
1781350171	snap	2800	otelcol	otelcol-sb-esrev0-ctr-8ncml	otelcol_process_memory_rss	221827072
1781350171	snap	2800	otelcol	otelcol-sb-esrev0-ctr-t4pj5	otelcol_exporter_send_failed_spans	0
1781350171	snap	2800	otelcol	otelcol-sb-esrev0-ctr-t4pj5	otelcol_exporter_queue_size	0
1781350171	snap	2800	otelcol	otelcol-sb-esrev0-ctr-t4pj5	otelcol_processor_incoming_items	1010769
1781350171	snap	2800	otelcol	otelcol-sb-esrev0-ctr-t4pj5	otelcol_processor_outgoing_items	1007571
1781350171	snap	2800	otelcol	otelcol-sb-esrev0-ctr-t4pj5	otelcol_process_runtime_total_sys_memory_bytes	89131288
1781350171	snap	2800	otelcol	otelcol-sb-esrev0-ctr-t4pj5	otelcol_processor_batch_metadata_cardinality	1
1781350171	snap	2800	otelcol	otelcol-sb-esrev0-ctr-t4pj5	otelcol_processor_batch_timeout_trigger_send	2158
1781350171	snap	2800	otelcol	otelcol-sb-esrev0-ctr-t4pj5	otelcol_process_memory_rss	220528640
1781350171	snap	2800	otelcol	otelcol-sb-esrev0-ctr-t4pj5	otelcol_exporter_queue_batch_send_size_sum	1007571
1781350171	snap	2800	otelcol	otelcol-sb-esrev0-ctr-t4pj5	otelcol_receiver_failed_spans	0
1781350171	snap	2800	otelcol	otelcol-sb-esrev0-ctr-t4pj5	otelcol_process_cpu_seconds	25
1781350171	snap	2800	otelcol	otelcol-sb-esrev0-ctr-t4pj5	otelcol_receiver_accepted_spans	1007571
1781350171	snap	2800	otelcol	otelcol-sb-esrev0-ctr-t4pj5	otelcol_process_runtime_heap_alloc_bytes	37133144
1781350171	snap	2800	otelcol	otelcol-sb-esrev0-ctr-t4pj5	otelcol_exporter_sent_spans	1007571
1781350171	snap	2800	otelcol	otelcol-sb-esrev0-ctr-t4pj5	otelcol_processor_batch_batch_send_size_sum	1007571
1781350171	snap	2800	otelcol	otelcol-sb-esrev0-ctr-t4pj5	otelcol_process_uptime	553
1781350171	snap	2800	otelcol	otelcol-sb-esrev0-ctr-t4pj5	otelcol_process_runtime_total_alloc_bytes	780719944
1781350171	snap	2800	otelcol	otelcol-sb-esrev0-ctr-t4pj5	otelcol_exporter_queue_capacity	1001
1781350171	snap	2800	otelcol	otelcol-sb-esrev0-ctr-t4pj5	otelcol_receiver_refused_spans	3198
1781350171	snap	2800	k8s	otelcol-sb-esrev0-ctr-5tpmc	restart_count	0
1781350171	snap	2800	k8s	otelcol-sb-esrev0-ctr-8ncml	restart_count	0
1781350171	snap	2800	k8s	otelcol-sb-esrev0-ctr-bgnq8	restart_count	0
1781350171	snap	2800	k8s	otelcol-sb-esrev0-ctr-bxzgg	restart_count	0
1781350171	snap	2800	k8s	otelcol-sb-esrev0-ctr-hj4v4	restart_count	0
1781350171	snap	2800	k8s	otelcol-sb-esrev0-ctr-j6v9t	restart_count	0
1781350171	snap	2800	k8s	otelcol-sb-esrev0-ctr-mg8jm	restart_count	0
1781350171	snap	2800	k8s	otelcol-sb-esrev0-ctr-t4pj5	restart_count	0
1781350171	snap	2800	k8s	otelcol-sb-esrev0-ctr-vb2mk	restart_count	0
1781350171	snap	2800	sdk	wrk2api	spans_received	169408
1781350171	snap	2800	sdk	wrk2api	spans_sent	169408
1781350171	snap	2800	sdk	wrk2api	spans_dropped	0
1781350171	snap	2800	sdk	wrk2api	spans_flushed	169408
1781350171	snap	2800	sdk	wrk2api	batches_sent	8472
1781350171	snap	2800	sdk	wrk2api	batches_dropped	0
1781350171	snap	2800	sdk	wrk2api	send_unavailable	0
1781350171	snap	2800	sdk	wrk2api	send_deadline	0
1781350171	snap	2800	sdk	wrk2api	send_exhausted	0
1781350171	snap	2800	sdk	wrk2api	send_canceled	0
1781350171	snap	2800	sdk	wrk2api	send_other	0
1781350171	snap	2800	sdk	wrk2api	buffer_depth	0
0
1781350171	snap	2800	sdk	wrk2api	cp_received	84704
1781350171	snap	2800	sdk	wrk2api	lp_received	84704
1781350171	snap	2800	sdk	wrk2api	cp_sent	84704
1781350171	snap	2800	sdk	wrk2api	lp_sent	84704
1781350171	snap	2800	sdk	wrk2api	cp_dropped	0
1781350171	snap	2800	sdk	wrk2api	lp_dropped	0
1781350171	snap	2800	sdk	composepost	spans_received	5810724
1781350171	snap	2800	sdk	composepost	spans_sent	5143998
1781350171	snap	2800	sdk	composepost	spans_dropped	666726
1781350171	snap	2800	sdk	composepost	spans_flushed	5810724
1781350171	snap	2800	sdk	composepost	batches_sent	29214
1781350171	snap	2800	sdk	composepost	batches_dropped	2759
1781350171	snap	2800	sdk	composepost	send_unavailable	2759
1781350171	snap	2800	sdk	composepost	send_deadline	0
1781350171	snap	2800	sdk	composepost	send_exhausted	0
1781350171	snap	2800	sdk	composepost	send_canceled	0
1781350171	snap	2800	sdk	composepost	send_other	0
1781350171	snap	2800	sdk	composepost	buffer_depth	0
0
1781350171	snap	2800	sdk	composepost	cp_received	5084383
1781350171	snap	2800	sdk	composepost	lp_received	726341
1781350171	snap	2800	sdk	composepost	cp_sent	5084383
1781350171	snap	2800	sdk	composepost	lp_sent	59615
1781350171	snap	2800	sdk	composepost	cp_dropped	0
1781350171	snap	2800	sdk	composepost	lp_dropped	666726
1781350171	snap	2800	sdk	hometimeline	spans_received	1452674
1781350171	snap	2800	sdk	hometimeline	spans_sent	115916
1781350171	snap	2800	sdk	hometimeline	spans_dropped	1336758
1781350171	snap	2800	sdk	hometimeline	spans_flushed	1452674
1781350171	snap	2800	sdk	hometimeline	batches_sent	2461
1781350171	snap	2800	sdk	hometimeline	batches_dropped	5533
1781350171	snap	2800	sdk	hometimeline	send_unavailable	5533
1781350171	snap	2800	sdk	hometimeline	send_deadline	0
1781350171	snap	2800	sdk	hometimeline	send_exhausted	0
1781350171	snap	2800	sdk	hometimeline	send_canceled	0
1781350171	snap	2800	sdk	hometimeline	send_other	0
1781350171	snap	2800	sdk	hometimeline	buffer_depth	0
0
1781350171	snap	2800	sdk	hometimeline	cp_received	0
1781350171	snap	2800	sdk	hometimeline	lp_received	1452674
1781350171	snap	2800	sdk	hometimeline	cp_sent	0
1781350171	snap	2800	sdk	hometimeline	lp_sent	115916
1781350171	snap	2800	sdk	hometimeline	cp_dropped	0
1781350171	snap	2800	sdk	hometimeline	lp_dropped	1336758
1781350171	snap	2800	sdk	media	spans_received	726341
1781350171	snap	2800	sdk	media	spans_sent	726341
1781350171	snap	2800	sdk	media	spans_dropped	0
1781350171	snap	2800	sdk	media	spans_flushed	726341
1781350171	snap	2800	sdk	media	batches_sent	3999
1781350171	snap	2800	sdk	media	batches_dropped	0
1781350171	snap	2800	sdk	media	send_unavailable	0
1781350171	snap	2800	sdk	media	send_deadline	0
1781350171	snap	2800	sdk	media	send_exhausted	0
1781350171	snap	2800	sdk	media	send_canceled	0
1781350171	snap	2800	sdk	media	send_other	0
1781350171	snap	2800	sdk	media	buffer_depth	0
0
1781350171	snap	2800	sdk	media	cp_received	726341
1781350171	snap	2800	sdk	media	lp_received	0
1781350171	snap	2800	sdk	media	cp_sent	726341
1781350171	snap	2800	sdk	media	lp_sent	0
1781350171	snap	2800	sdk	media	cp_dropped	0
1781350171	snap	2800	sdk	media	lp_dropped	0
1781350171	snap	2800	sdk	post-storage	spans_received	726337
1781350171	snap	2800	sdk	post-storage	spans_sent	726337
1781350171	snap	2800	sdk	post-storage	spans_dropped	0
1781350171	snap	2800	sdk	post-storage	spans_flushed	726337
1781350171	snap	2800	sdk	post-storage	batches_sent	3996
1781350171	snap	2800	sdk	post-storage	batches_dropped	0
1781350171	snap	2800	sdk	post-storage	send_unavailable	0
1781350171	snap	2800	sdk	post-storage	send_deadline	0
1781350171	snap	2800	sdk	post-storage	send_exhausted	0
1781350171	snap	2800	sdk	post-storage	send_canceled	0
1781350171	snap	2800	sdk	post-storage	send_other	0
1781350171	snap	2800	sdk	post-storage	buffer_depth	0
0
1781350171	snap	2800	sdk	post-storage	cp_received	726337
1781350171	snap	2800	sdk	post-storage	lp_received	0
1781350171	snap	2800	sdk	post-storage	cp_sent	726337
1781350171	snap	2800	sdk	post-storage	lp_sent	0
1781350171	snap	2800	sdk	post-storage	cp_dropped	0
1781350171	snap	2800	sdk	post-storage	lp_dropped	0
1781350171	snap	2800	sdk	socialgraph	spans_received	840171
1781350171	snap	2800	sdk	socialgraph	spans_sent	837349
1781350171	snap	2800	sdk	socialgraph	spans_dropped	2822
1781350171	snap	2800	sdk	socialgraph	spans_flushed	840171
1781350171	snap	2800	sdk	socialgraph	batches_sent	4469
1781350171	snap	2800	sdk	socialgraph	batches_dropped	14
1781350171	snap	2800	sdk	socialgraph	send_unavailable	14
1781350171	snap	2800	sdk	socialgraph	send_deadline	0
1781350171	snap	2800	sdk	socialgraph	send_exhausted	0
1781350171	snap	2800	sdk	socialgraph	send_canceled	0
1781350171	snap	2800	sdk	socialgraph	send_other	0
1781350171	snap	2800	sdk	socialgraph	buffer_depth	0
0
1781350171	snap	2800	sdk	socialgraph	cp_received	802547
1781350171	snap	2800	sdk	socialgraph	lp_received	37624
1781350171	snap	2800	sdk	socialgraph	cp_sent	802547
1781350171	snap	2800	sdk	socialgraph	lp_sent	34802
1781350171	snap	2800	sdk	socialgraph	cp_dropped	0
1781350171	snap	2800	sdk	socialgraph	lp_dropped	2822
1781350171	snap	2800	sdk	text	spans_received	2179031
1781350171	snap	2800	sdk	text	spans_sent	2179031
1781350171	snap	2800	sdk	text	spans_dropped	0
1781350171	snap	2800	sdk	text	spans_flushed	2179031
1781350171	snap	2800	sdk	text	batches_sent	11988
1781350171	snap	2800	sdk	text	batches_dropped	0
1781350171	snap	2800	sdk	text	send_unavailable	0
1781350171	snap	2800	sdk	text	send_deadline	0
1781350171	snap	2800	sdk	text	send_exhausted	0
1781350171	snap	2800	sdk	text	send_canceled	0
1781350171	snap	2800	sdk	text	send_other	0
1781350171	snap	2800	sdk	text	buffer_depth	0
0
1781350171	snap	2800	sdk	text	cp_received	0
1781350171	snap	2800	sdk	text	lp_received	2179031
1781350171	snap	2800	sdk	text	cp_sent	0
1781350171	snap	2800	sdk	text	lp_sent	2179031
1781350171	snap	2800	sdk	text	cp_dropped	0
1781350171	snap	2800	sdk	text	lp_dropped	0
1781350171	snap	2800	sdk	uniqueid	spans_received	726341
1781350171	snap	2800	sdk	uniqueid	spans_sent	726341
1781350171	snap	2800	sdk	uniqueid	spans_dropped	0
1781350171	snap	2800	sdk	uniqueid	spans_flushed	726341
1781350171	snap	2800	sdk	uniqueid	batches_sent	3996
1781350171	snap	2800	sdk	uniqueid	batches_dropped	0
1781350171	snap	2800	sdk	uniqueid	send_unavailable	0
1781350171	snap	2800	sdk	uniqueid	send_deadline	0
1781350171	snap	2800	sdk	uniqueid	send_exhausted	0
1781350171	snap	2800	sdk	uniqueid	send_canceled	0
1781350171	snap	2800	sdk	uniqueid	send_other	0
1781350171	snap	2800	sdk	uniqueid	buffer_depth	0
0
1781350171	snap	2800	sdk	uniqueid	cp_received	726341
1781350171	snap	2800	sdk	uniqueid	lp_received	0
1781350171	snap	2800	sdk	uniqueid	cp_sent	726341
1781350171	snap	2800	sdk	uniqueid	lp_sent	0
1781350171	snap	2800	sdk	uniqueid	cp_dropped	0
1781350171	snap	2800	sdk	uniqueid	lp_dropped	0
1781350171	snap	2800	sdk	urlshorten	spans_received	726341
1781350171	snap	2800	sdk	urlshorten	spans_sent	726341
1781350171	snap	2800	sdk	urlshorten	spans_dropped	0
1781350171	snap	2800	sdk	urlshorten	spans_flushed	726341
1781350171	snap	2800	sdk	urlshorten	batches_sent	3996
1781350171	snap	2800	sdk	urlshorten	batches_dropped	0
1781350171	snap	2800	sdk	urlshorten	send_unavailable	0
1781350171	snap	2800	sdk	urlshorten	send_deadline	0
1781350171	snap	2800	sdk	urlshorten	send_exhausted	0
1781350171	snap	2800	sdk	urlshorten	send_canceled	0
1781350171	snap	2800	sdk	urlshorten	send_other	0
1781350171	snap	2800	sdk	urlshorten	buffer_depth	0
0
1781350171	snap	2800	sdk	urlshorten	cp_received	726341
1781350171	snap	2800	sdk	urlshorten	lp_received	0
1781350171	snap	2800	sdk	urlshorten	cp_sent	726341
1781350171	snap	2800	sdk	urlshorten	lp_sent	0
1781350171	snap	2800	sdk	urlshorten	cp_dropped	0
1781350171	snap	2800	sdk	urlshorten	lp_dropped	0
1781350171	snap	2800	sdk	user	spans_received	728265
1781350171	snap	2800	sdk	user	spans_sent	728265
1781350171	snap	2800	sdk	user	spans_dropped	0
1781350171	snap	2800	sdk	user	spans_flushed	728265
1781350171	snap	2800	sdk	user	batches_sent	4008
1781350171	snap	2800	sdk	user	batches_dropped	0
1781350171	snap	2800	sdk	user	send_unavailable	0
1781350171	snap	2800	sdk	user	send_deadline	0
1781350171	snap	2800	sdk	user	send_exhausted	0
1781350171	snap	2800	sdk	user	send_canceled	0
1781350171	snap	2800	sdk	user	send_other	0
1781350171	snap	2800	sdk	user	buffer_depth	0
0
1781350171	snap	2800	sdk	user	cp_received	727303
1781350171	snap	2800	sdk	user	lp_received	962
1781350171	snap	2800	sdk	user	cp_sent	727303
1781350171	snap	2800	sdk	user	lp_sent	962
1781350171	snap	2800	sdk	user	cp_dropped	0
1781350171	snap	2800	sdk	user	lp_dropped	0
1781350171	snap	2800	sdk	userid	spans_received	75248
1781350171	snap	2800	sdk	userid	spans_sent	75248
1781350171	snap	2800	sdk	userid	spans_dropped	0
1781350171	snap	2800	sdk	userid	spans_flushed	75248
1781350171	snap	2800	sdk	userid	batches_sent	247
1781350171	snap	2800	sdk	userid	batches_dropped	0
1781350171	snap	2800	sdk	userid	send_unavailable	0
1781350171	snap	2800	sdk	userid	send_deadline	0
1781350171	snap	2800	sdk	userid	send_exhausted	0
1781350171	snap	2800	sdk	userid	send_canceled	0
1781350171	snap	2800	sdk	userid	send_other	0
1781350171	snap	2800	sdk	userid	buffer_depth	0
0
1781350171	snap	2800	sdk	userid	cp_received	75248
1781350171	snap	2800	sdk	userid	lp_received	0
1781350171	snap	2800	sdk	userid	cp_sent	75248
1781350171	snap	2800	sdk	userid	lp_sent	0
1781350171	snap	2800	sdk	userid	cp_dropped	0
1781350171	snap	2800	sdk	userid	lp_dropped	0
1781350171	snap	2800	sdk	usermention	spans_received	726341
1781350171	snap	2800	sdk	usermention	spans_sent	726341
1781350171	snap	2800	sdk	usermention	spans_dropped	0
1781350171	snap	2800	sdk	usermention	spans_flushed	726341
1781350171	snap	2800	sdk	usermention	batches_sent	3996
1781350171	snap	2800	sdk	usermention	batches_dropped	0
1781350171	snap	2800	sdk	usermention	send_unavailable	0
1781350171	snap	2800	sdk	usermention	send_deadline	0
1781350171	snap	2800	sdk	usermention	send_exhausted	0
1781350171	snap	2800	sdk	usermention	send_canceled	0
1781350171	snap	2800	sdk	usermention	send_other	0
1781350171	snap	2800	sdk	usermention	buffer_depth	0
0
1781350171	snap	2800	sdk	usermention	cp_received	726341
1781350171	snap	2800	sdk	usermention	lp_received	0
1781350171	snap	2800	sdk	usermention	cp_sent	726341
1781350171	snap	2800	sdk	usermention	lp_sent	0
1781350171	snap	2800	sdk	usermention	cp_dropped	0
1781350171	snap	2800	sdk	usermention	lp_dropped	0
1781350171	snap	2800	sdk	usertimeline	spans_received	726337
1781350171	snap	2800	sdk	usertimeline	spans_sent	726337
1781350171	snap	2800	sdk	usertimeline	spans_dropped	0
1781350171	snap	2800	sdk	usertimeline	spans_flushed	726337
1781350171	snap	2800	sdk	usertimeline	batches_sent	3995
1781350171	snap	2800	sdk	usertimeline	batches_dropped	0
1781350171	snap	2800	sdk	usertimeline	send_unavailable	0
1781350171	snap	2800	sdk	usertimeline	send_deadline	0
1781350171	snap	2800	sdk	usertimeline	send_exhausted	0
1781350171	snap	2800	sdk	usertimeline	send_canceled	0
1781350171	snap	2800	sdk	usertimeline	send_other	0
1781350171	snap	2800	sdk	usertimeline	buffer_depth	0
0
1781350171	snap	2800	sdk	usertimeline	cp_received	726337
1781350171	snap	2800	sdk	usertimeline	lp_received	0
1781350171	snap	2800	sdk	usertimeline	cp_sent	726337
1781350171	snap	2800	sdk	usertimeline	lp_sent	0
1781350171	snap	2800	sdk	usertimeline	cp_dropped	0
1781350171	snap	2800	sdk	usertimeline	lp_dropped	0
1781350178	snap	3000	otelcol	otelcol-sb-esrev0-ctr-hj4v4	otelcol_process_uptime	554
1781350178	snap	3000	otelcol	otelcol-sb-esrev0-ctr-hj4v4	otelcol_exporter_sent_spans	1545103
1781350178	snap	3000	otelcol	otelcol-sb-esrev0-ctr-hj4v4	otelcol_process_runtime_total_sys_memory_bytes	93874456
1781350178	snap	3000	otelcol	otelcol-sb-esrev0-ctr-hj4v4	otelcol_process_runtime_total_alloc_bytes	1170565376
1781350178	snap	3000	otelcol	otelcol-sb-esrev0-ctr-hj4v4	otelcol_exporter_queue_capacity	1001
1781350178	snap	3000	otelcol	otelcol-sb-esrev0-ctr-hj4v4	otelcol_receiver_failed_spans	0
1781350178	snap	3000	otelcol	otelcol-sb-esrev0-ctr-hj4v4	otelcol_processor_batch_metadata_cardinality	1
1781350178	snap	3000	otelcol	otelcol-sb-esrev0-ctr-hj4v4	otelcol_processor_batch_batch_send_size_sum	1545103
1781350178	snap	3000	otelcol	otelcol-sb-esrev0-ctr-hj4v4	otelcol_receiver_refused_spans	77003
1781350178	snap	3000	otelcol	otelcol-sb-esrev0-ctr-hj4v4	otelcol_processor_batch_timeout_trigger_send	2161
1781350178	snap	3000	otelcol	otelcol-sb-esrev0-ctr-hj4v4	otelcol_exporter_send_failed_spans	0
1781350178	snap	3000	otelcol	otelcol-sb-esrev0-ctr-hj4v4	otelcol_exporter_queue_size	0
1781350178	snap	3000	otelcol	otelcol-sb-esrev0-ctr-hj4v4	otelcol_exporter_queue_batch_send_size_sum	1545103
1781350178	snap	3000	otelcol	otelcol-sb-esrev0-ctr-hj4v4	otelcol_processor_incoming_items	1622106
1781350178	snap	3000	otelcol	otelcol-sb-esrev0-ctr-hj4v4	otelcol_process_runtime_heap_alloc_bytes	51467064
1781350178	snap	3000	otelcol	otelcol-sb-esrev0-ctr-hj4v4	otelcol_process_memory_rss	231751680
1781350178	snap	3000	otelcol	otelcol-sb-esrev0-ctr-hj4v4	otelcol_receiver_accepted_spans	1545103
1781350178	snap	3000	otelcol	otelcol-sb-esrev0-ctr-hj4v4	otelcol_processor_outgoing_items	1545103
1781350178	snap	3000	otelcol	otelcol-sb-esrev0-ctr-hj4v4	otelcol_process_cpu_seconds	35
1781350178	snap	3000	otelcol	otelcol-sb-esrev0-ctr-bgnq8	otelcol_processor_batch_batch_send_size_sum	898062
1781350178	snap	3000	otelcol	otelcol-sb-esrev0-ctr-bgnq8	otelcol_exporter_sent_spans	898062
1781350178	snap	3000	otelcol	otelcol-sb-esrev0-ctr-bgnq8	otelcol_processor_batch_metadata_cardinality	1
1781350178	snap	3000	otelcol	otelcol-sb-esrev0-ctr-bgnq8	otelcol_receiver_accepted_spans	898062
1781350178	snap	3000	otelcol	otelcol-sb-esrev0-ctr-bgnq8	otelcol_process_uptime	556
1781350178	snap	3000	otelcol	otelcol-sb-esrev0-ctr-bgnq8	otelcol_process_memory_rss	224337920
1781350178	snap	3000	otelcol	otelcol-sb-esrev0-ctr-bgnq8	otelcol_exporter_queue_size	0
1781350178	snap	3000	otelcol	otelcol-sb-esrev0-ctr-bgnq8	otelcol_processor_incoming_items	898062
1781350178	snap	3000	otelcol	otelcol-sb-esrev0-ctr-bgnq8	otelcol_exporter_queue_capacity	1001
1781350178	snap	3000	otelcol	otelcol-sb-esrev0-ctr-bgnq8	otelcol_processor_batch_timeout_trigger_send	2162
1781350178	snap	3000	otelcol	otelcol-sb-esrev0-ctr-bgnq8	otelcol_process_runtime_total_alloc_bytes	748785984
1781350178	snap	3000	otelcol	otelcol-sb-esrev0-ctr-bgnq8	otelcol_receiver_refused_spans	0
1781350178	snap	3000	otelcol	otelcol-sb-esrev0-ctr-bgnq8	otelcol_process_runtime_total_sys_memory_bytes	89131288
1781350178	snap	3000	otelcol	otelcol-sb-esrev0-ctr-bgnq8	otelcol_receiver_failed_spans	0
1781350178	snap	3000	otelcol	otelcol-sb-esrev0-ctr-bgnq8	otelcol_process_runtime_heap_alloc_bytes	47601032
1781350178	snap	3000	otelcol	otelcol-sb-esrev0-ctr-bgnq8	otelcol_exporter_send_failed_spans	0
1781350178	snap	3000	otelcol	otelcol-sb-esrev0-ctr-bgnq8	otelcol_processor_outgoing_items	898062
1781350178	snap	3000	otelcol	otelcol-sb-esrev0-ctr-bgnq8	otelcol_process_cpu_seconds	24
1781350178	snap	3000	otelcol	otelcol-sb-esrev0-ctr-bgnq8	otelcol_exporter_queue_batch_send_size_sum	898062
1781350178	snap	3000	otelcol	otelcol-sb-esrev0-ctr-vb2mk	otelcol_process_uptime	556
1781350178	snap	3000	otelcol	otelcol-sb-esrev0-ctr-vb2mk	otelcol_process_memory_rss	224563200
1781350178	snap	3000	otelcol	otelcol-sb-esrev0-ctr-vb2mk	otelcol_exporter_send_failed_spans	0
1781350178	snap	3000	otelcol	otelcol-sb-esrev0-ctr-vb2mk	otelcol_receiver_accepted_spans	895749
1781350178	snap	3000	otelcol	otelcol-sb-esrev0-ctr-vb2mk	otelcol_process_runtime_total_sys_memory_bytes	89385240
1781350178	snap	3000	otelcol	otelcol-sb-esrev0-ctr-vb2mk	otelcol_exporter_queue_batch_send_size_sum	895749
1781350178	snap	3000	otelcol	otelcol-sb-esrev0-ctr-vb2mk	otelcol_process_cpu_seconds	25
1781350178	snap	3000	otelcol	otelcol-sb-esrev0-ctr-vb2mk	otelcol_process_runtime_heap_alloc_bytes	48952792
1781350178	snap	3000	otelcol	otelcol-sb-esrev0-ctr-vb2mk	otelcol_exporter_sent_spans	895749
1781350178	snap	3000	otelcol	otelcol-sb-esrev0-ctr-vb2mk	otelcol_exporter_queue_capacity	1001
1781350178	snap	3000	otelcol	otelcol-sb-esrev0-ctr-vb2mk	otelcol_receiver_refused_spans	0
1781350178	snap	3000	otelcol	otelcol-sb-esrev0-ctr-vb2mk	otelcol_processor_incoming_items	895749
1781350178	snap	3000	otelcol	otelcol-sb-esrev0-ctr-vb2mk	otelcol_processor_outgoing_items	895749
1781350178	snap	3000	otelcol	otelcol-sb-esrev0-ctr-vb2mk	otelcol_exporter_queue_size	0
1781350178	snap	3000	otelcol	otelcol-sb-esrev0-ctr-vb2mk	otelcol_processor_batch_metadata_cardinality	1
1781350178	snap	3000	otelcol	otelcol-sb-esrev0-ctr-vb2mk	otelcol_receiver_failed_spans	0
1781350178	snap	3000	otelcol	otelcol-sb-esrev0-ctr-vb2mk	otelcol_processor_batch_timeout_trigger_send	2158
1781350178	snap	3000	otelcol	otelcol-sb-esrev0-ctr-vb2mk	otelcol_processor_batch_batch_send_size_sum	895749
1781350178	snap	3000	otelcol	otelcol-sb-esrev0-ctr-vb2mk	otelcol_process_runtime_total_alloc_bytes	712539464
1781350178	snap	3000	otelcol	otelcol-sb-esrev0-ctr-j6v9t	otelcol_processor_incoming_items	7432822
1781350178	snap	3000	otelcol	otelcol-sb-esrev0-ctr-j6v9t	otelcol_process_cpu_seconds	88
1781350178	snap	3000	otelcol	otelcol-sb-esrev0-ctr-j6v9t	otelcol_process_uptime	554
1781350178	snap	3000	otelcol	otelcol-sb-esrev0-ctr-j6v9t	otelcol_process_runtime_heap_alloc_bytes	54739056
1781350178	snap	3000	otelcol	otelcol-sb-esrev0-ctr-j6v9t	otelcol_exporter_sent_spans	5355127
1781350178	snap	3000	otelcol	otelcol-sb-esrev0-ctr-j6v9t	otelcol_exporter_send_failed_spans	0
1781350178	snap	3000	otelcol	otelcol-sb-esrev0-ctr-j6v9t	otelcol_receiver_failed_spans	0
1781350178	snap	3000	otelcol	otelcol-sb-esrev0-ctr-j6v9t	otelcol_processor_outgoing_items	5355127
1781350178	snap	3000	otelcol	otelcol-sb-esrev0-ctr-j6v9t	otelcol_processor_batch_batch_send_size_sum	5355127
1781350178	snap	3000	otelcol	otelcol-sb-esrev0-ctr-j6v9t	otelcol_process_runtime_total_sys_memory_bytes	127023400
1781350178	snap	3000	otelcol	otelcol-sb-esrev0-ctr-j6v9t	otelcol_process_runtime_total_alloc_bytes	4888707744
1781350178	snap	3000	otelcol	otelcol-sb-esrev0-ctr-j6v9t	otelcol_processor_batch_metadata_cardinality	1
1781350178	snap	3000	otelcol	otelcol-sb-esrev0-ctr-j6v9t	otelcol_processor_batch_timeout_trigger_send	2158
1781350178	snap	3000	otelcol	otelcol-sb-esrev0-ctr-j6v9t	otelcol_exporter_queue_size	0
1781350178	snap	3000	otelcol	otelcol-sb-esrev0-ctr-j6v9t	otelcol_receiver_accepted_spans	5355127
1781350178	snap	3000	otelcol	otelcol-sb-esrev0-ctr-j6v9t	otelcol_process_memory_rss	252952576
1781350178	snap	3000	otelcol	otelcol-sb-esrev0-ctr-j6v9t	otelcol_receiver_refused_spans	2077695
1781350178	snap	3000	otelcol	otelcol-sb-esrev0-ctr-j6v9t	otelcol_exporter_queue_capacity	1001
1781350178	snap	3000	otelcol	otelcol-sb-esrev0-ctr-j6v9t	otelcol_exporter_queue_batch_send_size_sum	5355127
1781350178	snap	3000	otelcol	otelcol-sb-esrev0-ctr-5tpmc	otelcol_processor_batch_timeout_trigger_send	2166
1781350178	snap	3000	otelcol	otelcol-sb-esrev0-ctr-5tpmc	otelcol_process_runtime_heap_alloc_bytes	56898712
1781350178	snap	3000	otelcol	otelcol-sb-esrev0-ctr-5tpmc	otelcol_processor_outgoing_items	3152031
1781350178	snap	3000	otelcol	otelcol-sb-esrev0-ctr-5tpmc	otelcol_receiver_accepted_spans	3152031
1781350178	snap	3000	otelcol	otelcol-sb-esrev0-ctr-5tpmc	otelcol_process_uptime	555
1781350178	snap	3000	otelcol	otelcol-sb-esrev0-ctr-5tpmc	otelcol_process_runtime_total_alloc_bytes	1741203240
1781350178	snap	3000	otelcol	otelcol-sb-esrev0-ctr-5tpmc	otelcol_exporter_queue_capacity	1001
1781350178	snap	3000	otelcol	otelcol-sb-esrev0-ctr-5tpmc	otelcol_receiver_refused_spans	0
1781350178	snap	3000	otelcol	otelcol-sb-esrev0-ctr-5tpmc	otelcol_exporter_queue_batch_send_size_sum	3152031
1781350178	snap	3000	otelcol	otelcol-sb-esrev0-ctr-5tpmc	otelcol_receiver_failed_spans	0
1781350178	snap	3000	otelcol	otelcol-sb-esrev0-ctr-5tpmc	otelcol_process_cpu_seconds	45
1781350178	snap	3000	otelcol	otelcol-sb-esrev0-ctr-5tpmc	otelcol_processor_batch_batch_send_size_sum	3152031
1781350178	snap	3000	otelcol	otelcol-sb-esrev0-ctr-5tpmc	otelcol_exporter_send_failed_spans	0
1781350178	snap	3000	otelcol	otelcol-sb-esrev0-ctr-5tpmc	otelcol_processor_batch_metadata_cardinality	1
1781350178	snap	3000	otelcol	otelcol-sb-esrev0-ctr-5tpmc	otelcol_process_runtime_total_sys_memory_bytes	93407512
1781350178	snap	3000	otelcol	otelcol-sb-esrev0-ctr-5tpmc	otelcol_process_memory_rss	234868736
1781350178	snap	3000	otelcol	otelcol-sb-esrev0-ctr-5tpmc	otelcol_exporter_sent_spans	3152031
1781350178	snap	3000	otelcol	otelcol-sb-esrev0-ctr-5tpmc	otelcol_processor_incoming_items	3152031
1781350178	snap	3000	otelcol	otelcol-sb-esrev0-ctr-5tpmc	otelcol_exporter_queue_size	0
1781350178	snap	3000	otelcol	otelcol-sb-esrev0-ctr-mg8jm	otelcol_processor_outgoing_items	169389
1781350178	snap	3000	otelcol	otelcol-sb-esrev0-ctr-mg8jm	otelcol_process_memory_rss	214740992
1781350178	snap	3000	otelcol	otelcol-sb-esrev0-ctr-mg8jm	otelcol_exporter_queue_batch_send_size_sum	169389
1781350178	snap	3000	otelcol	otelcol-sb-esrev0-ctr-mg8jm	otelcol_process_runtime_heap_alloc_bytes	41987280
1781350178	snap	3000	otelcol	otelcol-sb-esrev0-ctr-mg8jm	otelcol_receiver_failed_spans	0
1781350178	snap	3000	otelcol	otelcol-sb-esrev0-ctr-mg8jm	otelcol_process_runtime_total_sys_memory_bytes	71379224
1781350178	snap	3000	otelcol	otelcol-sb-esrev0-ctr-mg8jm	otelcol_process_cpu_seconds	21
1781350178	snap	3000	otelcol	otelcol-sb-esrev0-ctr-mg8jm	otelcol_receiver_refused_spans	0
1781350178	snap	3000	otelcol	otelcol-sb-esrev0-ctr-mg8jm	otelcol_processor_batch_batch_send_size_sum	169389
1781350178	snap	3000	otelcol	otelcol-sb-esrev0-ctr-mg8jm	otelcol_process_runtime_total_alloc_bytes	292250888
1781350178	snap	3000	otelcol	otelcol-sb-esrev0-ctr-mg8jm	otelcol_receiver_accepted_spans	169389
1781350178	snap	3000	otelcol	otelcol-sb-esrev0-ctr-mg8jm	otelcol_exporter_send_failed_spans	0
1781350178	snap	3000	otelcol	otelcol-sb-esrev0-ctr-mg8jm	otelcol_processor_batch_metadata_cardinality	1
1781350178	snap	3000	otelcol	otelcol-sb-esrev0-ctr-mg8jm	otelcol_exporter_sent_spans	169389
1781350178	snap	3000	otelcol	otelcol-sb-esrev0-ctr-mg8jm	otelcol_exporter_queue_capacity	1001
1781350178	snap	3000	otelcol	otelcol-sb-esrev0-ctr-mg8jm	otelcol_processor_incoming_items	169389
1781350178	snap	3000	otelcol	otelcol-sb-esrev0-ctr-mg8jm	otelcol_processor_batch_timeout_trigger_send	2150
1781350178	snap	3000	otelcol	otelcol-sb-esrev0-ctr-mg8jm	otelcol_process_uptime	549
1781350178	snap	3000	otelcol	otelcol-sb-esrev0-ctr-mg8jm	otelcol_exporter_queue_size	0
1781350178	snap	3000	otelcol	otelcol-sb-esrev0-ctr-bxzgg	otelcol_exporter_queue_capacity	1001
1781350178	snap	3000	otelcol	otelcol-sb-esrev0-ctr-bxzgg	otelcol_processor_batch_metadata_cardinality	1
1781350178	snap	3000	otelcol	otelcol-sb-esrev0-ctr-bxzgg	otelcol_processor_batch_timeout_trigger_send	2159
1781350178	snap	3000	otelcol	otelcol-sb-esrev0-ctr-bxzgg	otelcol_processor_incoming_items	896114
1781350178	snap	3000	otelcol	otelcol-sb-esrev0-ctr-bxzgg	otelcol_exporter_queue_batch_send_size_sum	896114
1781350178	snap	3000	otelcol	otelcol-sb-esrev0-ctr-bxzgg	otelcol_process_memory_rss	222072832
1781350178	snap	3000	otelcol	otelcol-sb-esrev0-ctr-bxzgg	otelcol_exporter_send_failed_spans	0
1781350178	snap	3000	otelcol	otelcol-sb-esrev0-ctr-bxzgg	otelcol_processor_outgoing_items	896114
1781350178	snap	3000	otelcol	otelcol-sb-esrev0-ctr-bxzgg	otelcol_process_cpu_seconds	26
1781350178	snap	3000	otelcol	otelcol-sb-esrev0-ctr-bxzgg	otelcol_process_uptime	555
1781350178	snap	3000	otelcol	otelcol-sb-esrev0-ctr-bxzgg	otelcol_process_runtime_total_alloc_bytes	706416552
1781350178	snap	3000	otelcol	otelcol-sb-esrev0-ctr-bxzgg	otelcol_processor_batch_batch_send_size_sum	896114
1781350178	snap	3000	otelcol	otelcol-sb-esrev0-ctr-bxzgg	otelcol_process_runtime_total_sys_memory_bytes	84658456
1781350178	snap	3000	otelcol	otelcol-sb-esrev0-ctr-bxzgg	otelcol_process_runtime_heap_alloc_bytes	30633416
1781350178	snap	3000	otelcol	otelcol-sb-esrev0-ctr-bxzgg	otelcol_receiver_refused_spans	0
1781350178	snap	3000	otelcol	otelcol-sb-esrev0-ctr-bxzgg	otelcol_receiver_failed_spans	0
1781350178	snap	3000	otelcol	otelcol-sb-esrev0-ctr-bxzgg	otelcol_exporter_sent_spans	896114
1781350178	snap	3000	otelcol	otelcol-sb-esrev0-ctr-bxzgg	otelcol_receiver_accepted_spans	896114
1781350178	snap	3000	otelcol	otelcol-sb-esrev0-ctr-bxzgg	otelcol_exporter_queue_size	0
1781350178	snap	3000	otelcol	otelcol-sb-esrev0-ctr-8ncml	otelcol_processor_outgoing_items	896959
1781350178	snap	3000	otelcol	otelcol-sb-esrev0-ctr-8ncml	otelcol_process_cpu_seconds	27
1781350178	snap	3000	otelcol	otelcol-sb-esrev0-ctr-8ncml	otelcol_process_uptime	556
1781350178	snap	3000	otelcol	otelcol-sb-esrev0-ctr-8ncml	otelcol_exporter_queue_batch_send_size_sum	896959
1781350178	snap	3000	otelcol	otelcol-sb-esrev0-ctr-8ncml	otelcol_receiver_failed_spans	0
1781350178	snap	3000	otelcol	otelcol-sb-esrev0-ctr-8ncml	otelcol_receiver_refused_spans	0
1781350178	snap	3000	otelcol	otelcol-sb-esrev0-ctr-8ncml	otelcol_process_runtime_heap_alloc_bytes	28301256
1781350178	snap	3000	otelcol	otelcol-sb-esrev0-ctr-8ncml	otelcol_processor_batch_batch_send_size_sum	896959
1781350178	snap	3000	otelcol	otelcol-sb-esrev0-ctr-8ncml	otelcol_process_runtime_total_sys_memory_bytes	84150552
1781350178	snap	3000	otelcol	otelcol-sb-esrev0-ctr-8ncml	otelcol_exporter_sent_spans	896959
1781350178	snap	3000	otelcol	otelcol-sb-esrev0-ctr-8ncml	otelcol_exporter_queue_size	0
1781350178	snap	3000	otelcol	otelcol-sb-esrev0-ctr-8ncml	otelcol_exporter_send_failed_spans	0
1781350178	snap	3000	otelcol	otelcol-sb-esrev0-ctr-8ncml	otelcol_receiver_accepted_spans	896959
1781350178	snap	3000	otelcol	otelcol-sb-esrev0-ctr-8ncml	otelcol_processor_batch_metadata_cardinality	1
1781350178	snap	3000	otelcol	otelcol-sb-esrev0-ctr-8ncml	otelcol_processor_incoming_items	896959
1781350178	snap	3000	otelcol	otelcol-sb-esrev0-ctr-8ncml	otelcol_processor_batch_timeout_trigger_send	2160
1781350178	snap	3000	otelcol	otelcol-sb-esrev0-ctr-8ncml	otelcol_exporter_queue_capacity	1001
1781350178	snap	3000	otelcol	otelcol-sb-esrev0-ctr-8ncml	otelcol_process_runtime_total_alloc_bytes	708161792
1781350178	snap	3000	otelcol	otelcol-sb-esrev0-ctr-8ncml	otelcol_process_memory_rss	221827072
1781350178	snap	3000	otelcol	otelcol-sb-esrev0-ctr-t4pj5	otelcol_exporter_send_failed_spans	0
1781350178	snap	3000	otelcol	otelcol-sb-esrev0-ctr-t4pj5	otelcol_exporter_queue_size	0
1781350178	snap	3000	otelcol	otelcol-sb-esrev0-ctr-t4pj5	otelcol_processor_incoming_items	1010769
1781350178	snap	3000	otelcol	otelcol-sb-esrev0-ctr-t4pj5	otelcol_processor_outgoing_items	1007571
1781350178	snap	3000	otelcol	otelcol-sb-esrev0-ctr-t4pj5	otelcol_process_runtime_total_sys_memory_bytes	89131288
1781350178	snap	3000	otelcol	otelcol-sb-esrev0-ctr-t4pj5	otelcol_processor_batch_metadata_cardinality	1
1781350178	snap	3000	otelcol	otelcol-sb-esrev0-ctr-t4pj5	otelcol_processor_batch_timeout_trigger_send	2158
1781350178	snap	3000	otelcol	otelcol-sb-esrev0-ctr-t4pj5	otelcol_process_memory_rss	220528640
1781350178	snap	3000	otelcol	otelcol-sb-esrev0-ctr-t4pj5	otelcol_exporter_queue_batch_send_size_sum	1007571
1781350178	snap	3000	otelcol	otelcol-sb-esrev0-ctr-t4pj5	otelcol_receiver_failed_spans	0
1781350178	snap	3000	otelcol	otelcol-sb-esrev0-ctr-t4pj5	otelcol_process_cpu_seconds	25
1781350178	snap	3000	otelcol	otelcol-sb-esrev0-ctr-t4pj5	otelcol_receiver_accepted_spans	1007571
1781350178	snap	3000	otelcol	otelcol-sb-esrev0-ctr-t4pj5	otelcol_process_runtime_heap_alloc_bytes	37777288
1781350178	snap	3000	otelcol	otelcol-sb-esrev0-ctr-t4pj5	otelcol_exporter_sent_spans	1007571
1781350178	snap	3000	otelcol	otelcol-sb-esrev0-ctr-t4pj5	otelcol_processor_batch_batch_send_size_sum	1007571
1781350178	snap	3000	otelcol	otelcol-sb-esrev0-ctr-t4pj5	otelcol_process_uptime	560
1781350178	snap	3000	otelcol	otelcol-sb-esrev0-ctr-t4pj5	otelcol_process_runtime_total_alloc_bytes	781364088
1781350178	snap	3000	otelcol	otelcol-sb-esrev0-ctr-t4pj5	otelcol_exporter_queue_capacity	1001
1781350178	snap	3000	otelcol	otelcol-sb-esrev0-ctr-t4pj5	otelcol_receiver_refused_spans	3198
1781350178	snap	3000	k8s	otelcol-sb-esrev0-ctr-5tpmc	restart_count	0
1781350178	snap	3000	k8s	otelcol-sb-esrev0-ctr-8ncml	restart_count	0
1781350178	snap	3000	k8s	otelcol-sb-esrev0-ctr-bgnq8	restart_count	0
1781350178	snap	3000	k8s	otelcol-sb-esrev0-ctr-bxzgg	restart_count	0
1781350178	snap	3000	k8s	otelcol-sb-esrev0-ctr-hj4v4	restart_count	0
1781350178	snap	3000	k8s	otelcol-sb-esrev0-ctr-j6v9t	restart_count	0
1781350178	snap	3000	k8s	otelcol-sb-esrev0-ctr-mg8jm	restart_count	0
1781350178	snap	3000	k8s	otelcol-sb-esrev0-ctr-t4pj5	restart_count	0
1781350178	snap	3000	k8s	otelcol-sb-esrev0-ctr-vb2mk	restart_count	0
1781350178	snap	3000	sdk	wrk2api	spans_received	169408
1781350178	snap	3000	sdk	wrk2api	spans_sent	169408
1781350178	snap	3000	sdk	wrk2api	spans_dropped	0
1781350178	snap	3000	sdk	wrk2api	spans_flushed	169408
1781350178	snap	3000	sdk	wrk2api	batches_sent	8472
1781350178	snap	3000	sdk	wrk2api	batches_dropped	0
1781350178	snap	3000	sdk	wrk2api	send_unavailable	0
1781350178	snap	3000	sdk	wrk2api	send_deadline	0
1781350178	snap	3000	sdk	wrk2api	send_exhausted	0
1781350178	snap	3000	sdk	wrk2api	send_canceled	0
1781350178	snap	3000	sdk	wrk2api	send_other	0
1781350178	snap	3000	sdk	wrk2api	buffer_depth	0
0
1781350178	snap	3000	sdk	wrk2api	cp_received	84704
1781350178	snap	3000	sdk	wrk2api	lp_received	84704
1781350178	snap	3000	sdk	wrk2api	cp_sent	84704
1781350178	snap	3000	sdk	wrk2api	lp_sent	84704
1781350178	snap	3000	sdk	wrk2api	cp_dropped	0
1781350178	snap	3000	sdk	wrk2api	lp_dropped	0
1781350178	snap	3000	sdk	composepost	spans_received	5810724
1781350178	snap	3000	sdk	composepost	spans_sent	5143998
1781350178	snap	3000	sdk	composepost	spans_dropped	666726
1781350178	snap	3000	sdk	composepost	spans_flushed	5810724
1781350178	snap	3000	sdk	composepost	batches_sent	29214
1781350178	snap	3000	sdk	composepost	batches_dropped	2759
1781350178	snap	3000	sdk	composepost	send_unavailable	2759
1781350178	snap	3000	sdk	composepost	send_deadline	0
1781350178	snap	3000	sdk	composepost	send_exhausted	0
1781350178	snap	3000	sdk	composepost	send_canceled	0
1781350178	snap	3000	sdk	composepost	send_other	0
1781350178	snap	3000	sdk	composepost	buffer_depth	0
0
1781350178	snap	3000	sdk	composepost	cp_received	5084383
1781350178	snap	3000	sdk	composepost	lp_received	726341
1781350178	snap	3000	sdk	composepost	cp_sent	5084383
1781350178	snap	3000	sdk	composepost	lp_sent	59615
1781350178	snap	3000	sdk	composepost	cp_dropped	0
1781350178	snap	3000	sdk	composepost	lp_dropped	666726
1781350178	snap	3000	sdk	hometimeline	spans_received	1452674
1781350178	snap	3000	sdk	hometimeline	spans_sent	115916
1781350178	snap	3000	sdk	hometimeline	spans_dropped	1336758
1781350178	snap	3000	sdk	hometimeline	spans_flushed	1452674
1781350178	snap	3000	sdk	hometimeline	batches_sent	2461
1781350178	snap	3000	sdk	hometimeline	batches_dropped	5533
1781350178	snap	3000	sdk	hometimeline	send_unavailable	5533
1781350178	snap	3000	sdk	hometimeline	send_deadline	0
1781350178	snap	3000	sdk	hometimeline	send_exhausted	0
1781350178	snap	3000	sdk	hometimeline	send_canceled	0
1781350178	snap	3000	sdk	hometimeline	send_other	0
1781350178	snap	3000	sdk	hometimeline	buffer_depth	0
0
1781350178	snap	3000	sdk	hometimeline	cp_received	0
1781350178	snap	3000	sdk	hometimeline	lp_received	1452674
1781350178	snap	3000	sdk	hometimeline	cp_sent	0
1781350178	snap	3000	sdk	hometimeline	lp_sent	115916
1781350178	snap	3000	sdk	hometimeline	cp_dropped	0
1781350178	snap	3000	sdk	hometimeline	lp_dropped	1336758
1781350178	snap	3000	sdk	media	spans_received	726341
1781350178	snap	3000	sdk	media	spans_sent	726341
1781350178	snap	3000	sdk	media	spans_dropped	0
1781350178	snap	3000	sdk	media	spans_flushed	726341
1781350178	snap	3000	sdk	media	batches_sent	3999
1781350178	snap	3000	sdk	media	batches_dropped	0
1781350178	snap	3000	sdk	media	send_unavailable	0
1781350178	snap	3000	sdk	media	send_deadline	0
1781350178	snap	3000	sdk	media	send_exhausted	0
1781350178	snap	3000	sdk	media	send_canceled	0
1781350178	snap	3000	sdk	media	send_other	0
1781350178	snap	3000	sdk	media	buffer_depth	0
0
1781350178	snap	3000	sdk	media	cp_received	726341
1781350178	snap	3000	sdk	media	lp_received	0
1781350178	snap	3000	sdk	media	cp_sent	726341
1781350178	snap	3000	sdk	media	lp_sent	0
1781350178	snap	3000	sdk	media	cp_dropped	0
1781350178	snap	3000	sdk	media	lp_dropped	0
1781350178	snap	3000	sdk	post-storage	spans_received	726337
1781350178	snap	3000	sdk	post-storage	spans_sent	726337
1781350178	snap	3000	sdk	post-storage	spans_dropped	0
1781350178	snap	3000	sdk	post-storage	spans_flushed	726337
1781350178	snap	3000	sdk	post-storage	batches_sent	3996
1781350178	snap	3000	sdk	post-storage	batches_dropped	0
1781350178	snap	3000	sdk	post-storage	send_unavailable	0
1781350178	snap	3000	sdk	post-storage	send_deadline	0
1781350178	snap	3000	sdk	post-storage	send_exhausted	0
1781350178	snap	3000	sdk	post-storage	send_canceled	0
1781350178	snap	3000	sdk	post-storage	send_other	0
1781350178	snap	3000	sdk	post-storage	buffer_depth	0
0
1781350178	snap	3000	sdk	post-storage	cp_received	726337
1781350178	snap	3000	sdk	post-storage	lp_received	0
1781350178	snap	3000	sdk	post-storage	cp_sent	726337
1781350178	snap	3000	sdk	post-storage	lp_sent	0
1781350178	snap	3000	sdk	post-storage	cp_dropped	0
1781350178	snap	3000	sdk	post-storage	lp_dropped	0
1781350178	snap	3000	sdk	socialgraph	spans_received	840171
1781350178	snap	3000	sdk	socialgraph	spans_sent	837349
1781350178	snap	3000	sdk	socialgraph	spans_dropped	2822
1781350178	snap	3000	sdk	socialgraph	spans_flushed	840171
1781350178	snap	3000	sdk	socialgraph	batches_sent	4469
1781350178	snap	3000	sdk	socialgraph	batches_dropped	14
1781350178	snap	3000	sdk	socialgraph	send_unavailable	14
1781350178	snap	3000	sdk	socialgraph	send_deadline	0
1781350178	snap	3000	sdk	socialgraph	send_exhausted	0
1781350178	snap	3000	sdk	socialgraph	send_canceled	0
1781350178	snap	3000	sdk	socialgraph	send_other	0
1781350178	snap	3000	sdk	socialgraph	buffer_depth	0
0
1781350178	snap	3000	sdk	socialgraph	cp_received	802547
1781350178	snap	3000	sdk	socialgraph	lp_received	37624
1781350178	snap	3000	sdk	socialgraph	cp_sent	802547
1781350178	snap	3000	sdk	socialgraph	lp_sent	34802
1781350178	snap	3000	sdk	socialgraph	cp_dropped	0
1781350178	snap	3000	sdk	socialgraph	lp_dropped	2822
1781350178	snap	3000	sdk	text	spans_received	2179031
1781350178	snap	3000	sdk	text	spans_sent	2179031
1781350178	snap	3000	sdk	text	spans_dropped	0
1781350178	snap	3000	sdk	text	spans_flushed	2179031
1781350178	snap	3000	sdk	text	batches_sent	11988
1781350178	snap	3000	sdk	text	batches_dropped	0
1781350178	snap	3000	sdk	text	send_unavailable	0
1781350178	snap	3000	sdk	text	send_deadline	0
1781350178	snap	3000	sdk	text	send_exhausted	0
1781350178	snap	3000	sdk	text	send_canceled	0
1781350178	snap	3000	sdk	text	send_other	0
1781350178	snap	3000	sdk	text	buffer_depth	0
0
1781350178	snap	3000	sdk	text	cp_received	0
1781350178	snap	3000	sdk	text	lp_received	2179031
1781350178	snap	3000	sdk	text	cp_sent	0
1781350178	snap	3000	sdk	text	lp_sent	2179031
1781350178	snap	3000	sdk	text	cp_dropped	0
1781350178	snap	3000	sdk	text	lp_dropped	0
1781350178	snap	3000	sdk	uniqueid	spans_received	726341
1781350178	snap	3000	sdk	uniqueid	spans_sent	726341
1781350178	snap	3000	sdk	uniqueid	spans_dropped	0
1781350178	snap	3000	sdk	uniqueid	spans_flushed	726341
1781350178	snap	3000	sdk	uniqueid	batches_sent	3996
1781350178	snap	3000	sdk	uniqueid	batches_dropped	0
1781350178	snap	3000	sdk	uniqueid	send_unavailable	0
1781350178	snap	3000	sdk	uniqueid	send_deadline	0
1781350178	snap	3000	sdk	uniqueid	send_exhausted	0
1781350178	snap	3000	sdk	uniqueid	send_canceled	0
1781350178	snap	3000	sdk	uniqueid	send_other	0
1781350178	snap	3000	sdk	uniqueid	buffer_depth	0
0
1781350178	snap	3000	sdk	uniqueid	cp_received	726341
1781350178	snap	3000	sdk	uniqueid	lp_received	0
1781350178	snap	3000	sdk	uniqueid	cp_sent	726341
1781350178	snap	3000	sdk	uniqueid	lp_sent	0
1781350178	snap	3000	sdk	uniqueid	cp_dropped	0
1781350178	snap	3000	sdk	uniqueid	lp_dropped	0
1781350178	snap	3000	sdk	urlshorten	spans_received	726341
1781350178	snap	3000	sdk	urlshorten	spans_sent	726341
1781350178	snap	3000	sdk	urlshorten	spans_dropped	0
1781350178	snap	3000	sdk	urlshorten	spans_flushed	726341
1781350178	snap	3000	sdk	urlshorten	batches_sent	3996
1781350178	snap	3000	sdk	urlshorten	batches_dropped	0
1781350178	snap	3000	sdk	urlshorten	send_unavailable	0
1781350178	snap	3000	sdk	urlshorten	send_deadline	0
1781350178	snap	3000	sdk	urlshorten	send_exhausted	0
1781350178	snap	3000	sdk	urlshorten	send_canceled	0
1781350178	snap	3000	sdk	urlshorten	send_other	0
1781350178	snap	3000	sdk	urlshorten	buffer_depth	0
0
1781350178	snap	3000	sdk	urlshorten	cp_received	726341
1781350178	snap	3000	sdk	urlshorten	lp_received	0
1781350178	snap	3000	sdk	urlshorten	cp_sent	726341
1781350178	snap	3000	sdk	urlshorten	lp_sent	0
1781350178	snap	3000	sdk	urlshorten	cp_dropped	0
1781350178	snap	3000	sdk	urlshorten	lp_dropped	0
1781350178	snap	3000	sdk	user	spans_received	728265
1781350178	snap	3000	sdk	user	spans_sent	728265
1781350178	snap	3000	sdk	user	spans_dropped	0
1781350178	snap	3000	sdk	user	spans_flushed	728265
1781350178	snap	3000	sdk	user	batches_sent	4008
1781350178	snap	3000	sdk	user	batches_dropped	0
1781350178	snap	3000	sdk	user	send_unavailable	0
1781350178	snap	3000	sdk	user	send_deadline	0
1781350178	snap	3000	sdk	user	send_exhausted	0
1781350178	snap	3000	sdk	user	send_canceled	0
1781350178	snap	3000	sdk	user	send_other	0
1781350178	snap	3000	sdk	user	buffer_depth	0
0
1781350178	snap	3000	sdk	user	cp_received	727303
1781350178	snap	3000	sdk	user	lp_received	962
1781350178	snap	3000	sdk	user	cp_sent	727303
1781350178	snap	3000	sdk	user	lp_sent	962
1781350178	snap	3000	sdk	user	cp_dropped	0
1781350178	snap	3000	sdk	user	lp_dropped	0
1781350178	snap	3000	sdk	userid	spans_received	75248
1781350178	snap	3000	sdk	userid	spans_sent	75248
1781350178	snap	3000	sdk	userid	spans_dropped	0
1781350178	snap	3000	sdk	userid	spans_flushed	75248
1781350178	snap	3000	sdk	userid	batches_sent	247
1781350178	snap	3000	sdk	userid	batches_dropped	0
1781350178	snap	3000	sdk	userid	send_unavailable	0
1781350178	snap	3000	sdk	userid	send_deadline	0
1781350178	snap	3000	sdk	userid	send_exhausted	0
1781350178	snap	3000	sdk	userid	send_canceled	0
1781350178	snap	3000	sdk	userid	send_other	0
1781350178	snap	3000	sdk	userid	buffer_depth	0
0
1781350178	snap	3000	sdk	userid	cp_received	75248
1781350178	snap	3000	sdk	userid	lp_received	0
1781350178	snap	3000	sdk	userid	cp_sent	75248
1781350178	snap	3000	sdk	userid	lp_sent	0
1781350178	snap	3000	sdk	userid	cp_dropped	0
1781350178	snap	3000	sdk	userid	lp_dropped	0
1781350178	snap	3000	sdk	usermention	spans_received	726341
1781350178	snap	3000	sdk	usermention	spans_sent	726341
1781350178	snap	3000	sdk	usermention	spans_dropped	0
1781350178	snap	3000	sdk	usermention	spans_flushed	726341
1781350178	snap	3000	sdk	usermention	batches_sent	3996
1781350178	snap	3000	sdk	usermention	batches_dropped	0
1781350178	snap	3000	sdk	usermention	send_unavailable	0
1781350178	snap	3000	sdk	usermention	send_deadline	0
1781350178	snap	3000	sdk	usermention	send_exhausted	0
1781350178	snap	3000	sdk	usermention	send_canceled	0
1781350178	snap	3000	sdk	usermention	send_other	0
1781350178	snap	3000	sdk	usermention	buffer_depth	0
0
1781350178	snap	3000	sdk	usermention	cp_received	726341
1781350178	snap	3000	sdk	usermention	lp_received	0
1781350178	snap	3000	sdk	usermention	cp_sent	726341
1781350178	snap	3000	sdk	usermention	lp_sent	0
1781350178	snap	3000	sdk	usermention	cp_dropped	0
1781350178	snap	3000	sdk	usermention	lp_dropped	0
1781350178	snap	3000	sdk	usertimeline	spans_received	726337
1781350178	snap	3000	sdk	usertimeline	spans_sent	726337
1781350178	snap	3000	sdk	usertimeline	spans_dropped	0
1781350178	snap	3000	sdk	usertimeline	spans_flushed	726337
1781350178	snap	3000	sdk	usertimeline	batches_sent	3995
1781350178	snap	3000	sdk	usertimeline	batches_dropped	0
1781350178	snap	3000	sdk	usertimeline	send_unavailable	0
1781350178	snap	3000	sdk	usertimeline	send_deadline	0
1781350178	snap	3000	sdk	usertimeline	send_exhausted	0
1781350178	snap	3000	sdk	usertimeline	send_canceled	0
1781350178	snap	3000	sdk	usertimeline	send_other	0
1781350178	snap	3000	sdk	usertimeline	buffer_depth	0
0
1781350178	snap	3000	sdk	usertimeline	cp_received	726337
1781350178	snap	3000	sdk	usertimeline	lp_received	0
1781350178	snap	3000	sdk	usertimeline	cp_sent	726337
1781350178	snap	3000	sdk	usertimeline	lp_sent	0
1781350178	snap	3000	sdk	usertimeline	cp_dropped	0
1781350178	snap	3000	sdk	usertimeline	lp_dropped	0
1781350245	snap	3000	otelcol	otelcol-sb-esrev0-ctr-hj4v4	otelcol_process_uptime	621
1781350245	snap	3000	otelcol	otelcol-sb-esrev0-ctr-hj4v4	otelcol_exporter_sent_spans	1906916
1781350245	snap	3000	otelcol	otelcol-sb-esrev0-ctr-hj4v4	otelcol_process_runtime_total_sys_memory_bytes	98339096
1781350245	snap	3000	otelcol	otelcol-sb-esrev0-ctr-hj4v4	otelcol_process_runtime_total_alloc_bytes	1425068336
1781350245	snap	3000	otelcol	otelcol-sb-esrev0-ctr-hj4v4	otelcol_exporter_queue_capacity	1001
1781350245	snap	3000	otelcol	otelcol-sb-esrev0-ctr-hj4v4	otelcol_receiver_failed_spans	0
1781350245	snap	3000	otelcol	otelcol-sb-esrev0-ctr-hj4v4	otelcol_processor_batch_metadata_cardinality	1
1781350245	snap	3000	otelcol	otelcol-sb-esrev0-ctr-hj4v4	otelcol_processor_batch_batch_send_size_sum	1920008
1781350245	snap	3000	otelcol	otelcol-sb-esrev0-ctr-hj4v4	otelcol_receiver_refused_spans	96690
1781350245	snap	3000	otelcol	otelcol-sb-esrev0-ctr-hj4v4	otelcol_processor_batch_timeout_trigger_send	2461
1781350245	snap	3000	otelcol	otelcol-sb-esrev0-ctr-hj4v4	otelcol_exporter_send_failed_spans	0
1781350245	snap	3000	otelcol	otelcol-sb-esrev0-ctr-hj4v4	otelcol_exporter_queue_size	11
1781350245	snap	3000	otelcol	otelcol-sb-esrev0-ctr-hj4v4	otelcol_exporter_queue_batch_send_size_sum	1920008
1781350245	snap	3000	otelcol	otelcol-sb-esrev0-ctr-hj4v4	otelcol_processor_incoming_items	2016698
1781350245	snap	3000	otelcol	otelcol-sb-esrev0-ctr-hj4v4	otelcol_process_runtime_heap_alloc_bytes	50419664
1781350245	snap	3000	otelcol	otelcol-sb-esrev0-ctr-hj4v4	otelcol_process_memory_rss	234496000
1781350245	snap	3000	otelcol	otelcol-sb-esrev0-ctr-hj4v4	otelcol_receiver_accepted_spans	1920008
1781350245	snap	3000	otelcol	otelcol-sb-esrev0-ctr-hj4v4	otelcol_processor_outgoing_items	1920008
1781350245	snap	3000	otelcol	otelcol-sb-esrev0-ctr-hj4v4	otelcol_process_cpu_seconds	41
1781350245	snap	3000	otelcol	otelcol-sb-esrev0-ctr-bgnq8	otelcol_processor_batch_batch_send_size_sum	1115085
1781350245	snap	3000	otelcol	otelcol-sb-esrev0-ctr-bgnq8	otelcol_exporter_sent_spans	1110692
1781350245	snap	3000	otelcol	otelcol-sb-esrev0-ctr-bgnq8	otelcol_processor_batch_metadata_cardinality	1
1781350245	snap	3000	otelcol	otelcol-sb-esrev0-ctr-bgnq8	otelcol_receiver_accepted_spans	1115085
1781350245	snap	3000	otelcol	otelcol-sb-esrev0-ctr-bgnq8	otelcol_process_uptime	624
1781350245	snap	3000	otelcol	otelcol-sb-esrev0-ctr-bgnq8	otelcol_process_memory_rss	226521088
1781350245	snap	3000	otelcol	otelcol-sb-esrev0-ctr-bgnq8	otelcol_exporter_queue_size	7
1781350245	snap	3000	otelcol	otelcol-sb-esrev0-ctr-bgnq8	otelcol_processor_incoming_items	1115085
1781350245	snap	3000	otelcol	otelcol-sb-esrev0-ctr-bgnq8	otelcol_exporter_queue_capacity	1001
1781350245	snap	3000	otelcol	otelcol-sb-esrev0-ctr-bgnq8	otelcol_processor_batch_timeout_trigger_send	2462
1781350245	snap	3000	otelcol	otelcol-sb-esrev0-ctr-bgnq8	otelcol_process_runtime_total_alloc_bytes	890929744
1781350245	snap	3000	otelcol	otelcol-sb-esrev0-ctr-bgnq8	otelcol_receiver_refused_spans	0
1781350245	snap	3000	otelcol	otelcol-sb-esrev0-ctr-bgnq8	otelcol_process_runtime_total_sys_memory_bytes	89131288
1781350245	snap	3000	otelcol	otelcol-sb-esrev0-ctr-bgnq8	otelcol_receiver_failed_spans	0
1781350245	snap	3000	otelcol	otelcol-sb-esrev0-ctr-bgnq8	otelcol_process_runtime_heap_alloc_bytes	59966848
1781350245	snap	3000	otelcol	otelcol-sb-esrev0-ctr-bgnq8	otelcol_exporter_send_failed_spans	0
1781350245	snap	3000	otelcol	otelcol-sb-esrev0-ctr-bgnq8	otelcol_processor_outgoing_items	1115085
1781350245	snap	3000	otelcol	otelcol-sb-esrev0-ctr-bgnq8	otelcol_process_cpu_seconds	29
1781350245	snap	3000	otelcol	otelcol-sb-esrev0-ctr-bgnq8	otelcol_exporter_queue_batch_send_size_sum	1115085
1781350245	snap	3000	otelcol	otelcol-sb-esrev0-ctr-vb2mk	otelcol_process_uptime	624
1781350245	snap	3000	otelcol	otelcol-sb-esrev0-ctr-vb2mk	otelcol_process_memory_rss	226107392
1781350245	snap	3000	otelcol	otelcol-sb-esrev0-ctr-vb2mk	otelcol_exporter_send_failed_spans	0
1781350245	snap	3000	otelcol	otelcol-sb-esrev0-ctr-vb2mk	otelcol_receiver_accepted_spans	1112772
1781350245	snap	3000	otelcol	otelcol-sb-esrev0-ctr-vb2mk	otelcol_process_runtime_total_sys_memory_bytes	89409816
1781350245	snap	3000	otelcol	otelcol-sb-esrev0-ctr-vb2mk	otelcol_exporter_queue_batch_send_size_sum	1112772
1781350245	snap	3000	otelcol	otelcol-sb-esrev0-ctr-vb2mk	otelcol_process_cpu_seconds	29
1781350245	snap	3000	otelcol	otelcol-sb-esrev0-ctr-vb2mk	otelcol_process_runtime_heap_alloc_bytes	36462232
1781350245	snap	3000	otelcol	otelcol-sb-esrev0-ctr-vb2mk	otelcol_exporter_sent_spans	1096609
1781350245	snap	3000	otelcol	otelcol-sb-esrev0-ctr-vb2mk	otelcol_exporter_queue_capacity	1001
1781350245	snap	3000	otelcol	otelcol-sb-esrev0-ctr-vb2mk	otelcol_receiver_refused_spans	0
1781350245	snap	3000	otelcol	otelcol-sb-esrev0-ctr-vb2mk	otelcol_processor_incoming_items	1112772
1781350245	snap	3000	otelcol	otelcol-sb-esrev0-ctr-vb2mk	otelcol_processor_outgoing_items	1112772
1781350245	snap	3000	otelcol	otelcol-sb-esrev0-ctr-vb2mk	otelcol_exporter_queue_size	23
1781350245	snap	3000	otelcol	otelcol-sb-esrev0-ctr-vb2mk	otelcol_processor_batch_metadata_cardinality	1
1781350245	snap	3000	otelcol	otelcol-sb-esrev0-ctr-vb2mk	otelcol_receiver_failed_spans	0
1781350245	snap	3000	otelcol	otelcol-sb-esrev0-ctr-vb2mk	otelcol_processor_batch_timeout_trigger_send	2458
1781350245	snap	3000	otelcol	otelcol-sb-esrev0-ctr-vb2mk	otelcol_processor_batch_batch_send_size_sum	1112772
1781350245	snap	3000	otelcol	otelcol-sb-esrev0-ctr-vb2mk	otelcol_process_runtime_total_alloc_bytes	852786136
1781350245	snap	3000	otelcol	otelcol-sb-esrev0-ctr-j6v9t	otelcol_processor_incoming_items	9247998
1781350245	snap	3000	otelcol	otelcol-sb-esrev0-ctr-j6v9t	otelcol_process_cpu_seconds	107
1781350245	snap	3000	otelcol	otelcol-sb-esrev0-ctr-j6v9t	otelcol_process_uptime	622
1781350245	snap	3000	otelcol	otelcol-sb-esrev0-ctr-j6v9t	otelcol_process_runtime_heap_alloc_bytes	134884584
1781350245	snap	3000	otelcol	otelcol-sb-esrev0-ctr-j6v9t	otelcol_exporter_sent_spans	6541425
1781350245	snap	3000	otelcol	otelcol-sb-esrev0-ctr-j6v9t	otelcol_exporter_send_failed_spans	0
1781350245	snap	3000	otelcol	otelcol-sb-esrev0-ctr-j6v9t	otelcol_receiver_failed_spans	0
1781350245	snap	3000	otelcol	otelcol-sb-esrev0-ctr-j6v9t	otelcol_processor_outgoing_items	6592732
1781350245	snap	3000	otelcol	otelcol-sb-esrev0-ctr-j6v9t	otelcol_processor_batch_batch_send_size_sum	6592732
1781350245	snap	3000	otelcol	otelcol-sb-esrev0-ctr-j6v9t	otelcol_process_runtime_total_sys_memory_bytes	183183672
1781350245	snap	3000	otelcol	otelcol-sb-esrev0-ctr-j6v9t	otelcol_process_runtime_total_alloc_bytes	6035332736
1781350245	snap	3000	otelcol	otelcol-sb-esrev0-ctr-j6v9t	otelcol_processor_batch_batch_size_trigger_send	1
1781350245	snap	3000	otelcol	otelcol-sb-esrev0-ctr-j6v9t	otelcol_processor_batch_metadata_cardinality	1
1781350245	snap	3000	otelcol	otelcol-sb-esrev0-ctr-j6v9t	otelcol_processor_batch_timeout_trigger_send	2451
1781350245	snap	3000	otelcol	otelcol-sb-esrev0-ctr-j6v9t	otelcol_exporter_queue_size	13
1781350245	snap	3000	otelcol	otelcol-sb-esrev0-ctr-j6v9t	otelcol_receiver_accepted_spans	6592732
1781350245	snap	3000	otelcol	otelcol-sb-esrev0-ctr-j6v9t	otelcol_process_memory_rss	324280320
1781350245	snap	3000	otelcol	otelcol-sb-esrev0-ctr-j6v9t	otelcol_receiver_refused_spans	2655266
1781350245	snap	3000	otelcol	otelcol-sb-esrev0-ctr-j6v9t	otelcol_exporter_queue_capacity	1001
1781350245	snap	3000	otelcol	otelcol-sb-esrev0-ctr-j6v9t	otelcol_exporter_queue_batch_send_size_sum	6592732
1781350245	snap	3000	otelcol	otelcol-sb-esrev0-ctr-5tpmc	otelcol_processor_batch_timeout_trigger_send	2466
1781350245	snap	3000	otelcol	otelcol-sb-esrev0-ctr-5tpmc	otelcol_process_runtime_heap_alloc_bytes	70327856
1781350245	snap	3000	otelcol	otelcol-sb-esrev0-ctr-5tpmc	otelcol_processor_outgoing_items	3901789
1781350245	snap	3000	otelcol	otelcol-sb-esrev0-ctr-5tpmc	otelcol_receiver_accepted_spans	3901789
1781350245	snap	3000	otelcol	otelcol-sb-esrev0-ctr-5tpmc	otelcol_process_uptime	622
1781350245	snap	3000	otelcol	otelcol-sb-esrev0-ctr-5tpmc	otelcol_process_runtime_total_alloc_bytes	2106588992
1781350245	snap	3000	otelcol	otelcol-sb-esrev0-ctr-5tpmc	otelcol_exporter_queue_capacity	1001
1781350245	snap	3000	otelcol	otelcol-sb-esrev0-ctr-5tpmc	otelcol_receiver_refused_spans	0
1781350245	snap	3000	otelcol	otelcol-sb-esrev0-ctr-5tpmc	otelcol_exporter_queue_batch_send_size_sum	3901789
1781350245	snap	3000	otelcol	otelcol-sb-esrev0-ctr-5tpmc	otelcol_receiver_failed_spans	0
1781350245	snap	3000	otelcol	otelcol-sb-esrev0-ctr-5tpmc	otelcol_process_cpu_seconds	54
1781350245	snap	3000	otelcol	otelcol-sb-esrev0-ctr-5tpmc	otelcol_processor_batch_batch_send_size_sum	3901789
1781350245	snap	3000	otelcol	otelcol-sb-esrev0-ctr-5tpmc	otelcol_exporter_send_failed_spans	0
1781350245	snap	3000	otelcol	otelcol-sb-esrev0-ctr-5tpmc	otelcol_processor_batch_metadata_cardinality	1
1781350245	snap	3000	otelcol	otelcol-sb-esrev0-ctr-5tpmc	otelcol_process_runtime_total_sys_memory_bytes	114411800
1781350245	snap	3000	otelcol	otelcol-sb-esrev0-ctr-5tpmc	otelcol_process_memory_rss	249667584
1781350245	snap	3000	otelcol	otelcol-sb-esrev0-ctr-5tpmc	otelcol_exporter_sent_spans	3881115
1781350245	snap	3000	otelcol	otelcol-sb-esrev0-ctr-5tpmc	otelcol_processor_incoming_items	3901789
1781350245	snap	3000	otelcol	otelcol-sb-esrev0-ctr-5tpmc	otelcol_exporter_queue_size	8
1781350245	snap	3000	otelcol	otelcol-sb-esrev0-ctr-mg8jm	otelcol_processor_outgoing_items	208847
1781350245	snap	3000	otelcol	otelcol-sb-esrev0-ctr-mg8jm	otelcol_process_memory_rss	214945792
1781350245	snap	3000	otelcol	otelcol-sb-esrev0-ctr-mg8jm	otelcol_exporter_queue_batch_send_size_sum	208847
1781350245	snap	3000	otelcol	otelcol-sb-esrev0-ctr-mg8jm	otelcol_process_runtime_heap_alloc_bytes	45025320
1781350245	snap	3000	otelcol	otelcol-sb-esrev0-ctr-mg8jm	otelcol_receiver_failed_spans	0
1781350245	snap	3000	otelcol	otelcol-sb-esrev0-ctr-mg8jm	otelcol_process_runtime_total_sys_memory_bytes	71641368
1781350245	snap	3000	otelcol	otelcol-sb-esrev0-ctr-mg8jm	otelcol_process_cpu_seconds	23
1781350245	snap	3000	otelcol	otelcol-sb-esrev0-ctr-mg8jm	otelcol_receiver_refused_spans	0
1781350245	snap	3000	otelcol	otelcol-sb-esrev0-ctr-mg8jm	otelcol_processor_batch_batch_send_size_sum	208847
1781350245	snap	3000	otelcol	otelcol-sb-esrev0-ctr-mg8jm	otelcol_process_runtime_total_alloc_bytes	335490656
1781350245	snap	3000	otelcol	otelcol-sb-esrev0-ctr-mg8jm	otelcol_receiver_accepted_spans	208847
1781350245	snap	3000	otelcol	otelcol-sb-esrev0-ctr-mg8jm	otelcol_exporter_send_failed_spans	0
1781350245	snap	3000	otelcol	otelcol-sb-esrev0-ctr-mg8jm	otelcol_processor_batch_metadata_cardinality	1
1781350245	snap	3000	otelcol	otelcol-sb-esrev0-ctr-mg8jm	otelcol_exporter_sent_spans	207811
1781350245	snap	3000	otelcol	otelcol-sb-esrev0-ctr-mg8jm	otelcol_exporter_queue_capacity	1001
1781350245	snap	3000	otelcol	otelcol-sb-esrev0-ctr-mg8jm	otelcol_processor_incoming_items	208847
1781350245	snap	3000	otelcol	otelcol-sb-esrev0-ctr-mg8jm	otelcol_processor_batch_timeout_trigger_send	2449
1781350245	snap	3000	otelcol	otelcol-sb-esrev0-ctr-mg8jm	otelcol_process_uptime	616
1781350245	snap	3000	otelcol	otelcol-sb-esrev0-ctr-mg8jm	otelcol_exporter_queue_size	8
1781350245	snap	3000	otelcol	otelcol-sb-esrev0-ctr-bxzgg	otelcol_exporter_queue_capacity	1001
1781350245	snap	3000	otelcol	otelcol-sb-esrev0-ctr-bxzgg	otelcol_processor_batch_metadata_cardinality	1
1781350245	snap	3000	otelcol	otelcol-sb-esrev0-ctr-bxzgg	otelcol_processor_batch_timeout_trigger_send	2458
1781350245	snap	3000	otelcol	otelcol-sb-esrev0-ctr-bxzgg	otelcol_processor_incoming_items	1113135
1781350245	snap	3000	otelcol	otelcol-sb-esrev0-ctr-bxzgg	otelcol_exporter_queue_batch_send_size_sum	1113135
1781350245	snap	3000	otelcol	otelcol-sb-esrev0-ctr-bxzgg	otelcol_process_memory_rss	226177024
1781350245	snap	3000	otelcol	otelcol-sb-esrev0-ctr-bxzgg	otelcol_exporter_send_failed_spans	0
1781350245	snap	3000	otelcol	otelcol-sb-esrev0-ctr-bxzgg	otelcol_processor_outgoing_items	1113135
1781350245	snap	3000	otelcol	otelcol-sb-esrev0-ctr-bxzgg	otelcol_process_cpu_seconds	30
1781350245	snap	3000	otelcol	otelcol-sb-esrev0-ctr-bxzgg	otelcol_process_uptime	622
1781350245	snap	3000	otelcol	otelcol-sb-esrev0-ctr-bxzgg	otelcol_process_runtime_total_alloc_bytes	850602608
1781350245	snap	3000	otelcol	otelcol-sb-esrev0-ctr-bxzgg	otelcol_processor_batch_batch_send_size_sum	1113135
1781350245	snap	3000	otelcol	otelcol-sb-esrev0-ctr-bxzgg	otelcol_process_runtime_total_sys_memory_bytes	88869144
1781350245	snap	3000	otelcol	otelcol-sb-esrev0-ctr-bxzgg	otelcol_process_runtime_heap_alloc_bytes	44771960
1781350245	snap	3000	otelcol	otelcol-sb-esrev0-ctr-bxzgg	otelcol_receiver_refused_spans	0
1781350245	snap	3000	otelcol	otelcol-sb-esrev0-ctr-bxzgg	otelcol_receiver_failed_spans	0
1781350245	snap	3000	otelcol	otelcol-sb-esrev0-ctr-bxzgg	otelcol_exporter_sent_spans	1108692
1781350245	snap	3000	otelcol	otelcol-sb-esrev0-ctr-bxzgg	otelcol_receiver_accepted_spans	1113135
1781350245	snap	3000	otelcol	otelcol-sb-esrev0-ctr-bxzgg	otelcol_exporter_queue_size	6
1781350245	snap	3000	otelcol	otelcol-sb-esrev0-ctr-8ncml	otelcol_processor_outgoing_items	1113996
1781350245	snap	3000	otelcol	otelcol-sb-esrev0-ctr-8ncml	otelcol_process_cpu_seconds	32
1781350245	snap	3000	otelcol	otelcol-sb-esrev0-ctr-8ncml	otelcol_process_uptime	623
1781350245	snap	3000	otelcol	otelcol-sb-esrev0-ctr-8ncml	otelcol_exporter_queue_batch_send_size_sum	1113996
1781350245	snap	3000	otelcol	otelcol-sb-esrev0-ctr-8ncml	otelcol_receiver_failed_spans	0
1781350245	snap	3000	otelcol	otelcol-sb-esrev0-ctr-8ncml	otelcol_receiver_refused_spans	0
1781350245	snap	3000	otelcol	otelcol-sb-esrev0-ctr-8ncml	otelcol_process_runtime_heap_alloc_bytes	54149752
1781350245	snap	3000	otelcol	otelcol-sb-esrev0-ctr-8ncml	otelcol_processor_batch_batch_send_size_sum	1113996
1781350245	snap	3000	otelcol	otelcol-sb-esrev0-ctr-8ncml	otelcol_process_runtime_total_sys_memory_bytes	84429080
1781350245	snap	3000	otelcol	otelcol-sb-esrev0-ctr-8ncml	otelcol_exporter_sent_spans	1109353
1781350245	snap	3000	otelcol	otelcol-sb-esrev0-ctr-8ncml	otelcol_exporter_queue_size	6
1781350245	snap	3000	otelcol	otelcol-sb-esrev0-ctr-8ncml	otelcol_exporter_send_failed_spans	0
1781350245	snap	3000	otelcol	otelcol-sb-esrev0-ctr-8ncml	otelcol_receiver_accepted_spans	1113996
1781350245	snap	3000	otelcol	otelcol-sb-esrev0-ctr-8ncml	otelcol_processor_batch_metadata_cardinality	1
1781350245	snap	3000	otelcol	otelcol-sb-esrev0-ctr-8ncml	otelcol_processor_incoming_items	1113996
1781350245	snap	3000	otelcol	otelcol-sb-esrev0-ctr-8ncml	otelcol_processor_batch_timeout_trigger_send	2459
1781350245	snap	3000	otelcol	otelcol-sb-esrev0-ctr-8ncml	otelcol_exporter_queue_capacity	1001
1781350245	snap	3000	otelcol	otelcol-sb-esrev0-ctr-8ncml	otelcol_process_runtime_total_alloc_bytes	861301688
1781350245	snap	3000	otelcol	otelcol-sb-esrev0-ctr-8ncml	otelcol_process_memory_rss	226205696
1781350245	snap	3000	otelcol	otelcol-sb-esrev0-ctr-t4pj5	otelcol_exporter_send_failed_spans	0
1781350245	snap	3000	otelcol	otelcol-sb-esrev0-ctr-t4pj5	otelcol_exporter_queue_size	7
1781350245	snap	3000	otelcol	otelcol-sb-esrev0-ctr-t4pj5	otelcol_processor_incoming_items	1227814
1781350245	snap	3000	otelcol	otelcol-sb-esrev0-ctr-t4pj5	otelcol_processor_outgoing_items	1224616
1781350245	snap	3000	otelcol	otelcol-sb-esrev0-ctr-t4pj5	otelcol_process_runtime_total_sys_memory_bytes	89131288
1781350245	snap	3000	otelcol	otelcol-sb-esrev0-ctr-t4pj5	otelcol_processor_batch_metadata_cardinality	1
1781350245	snap	3000	otelcol	otelcol-sb-esrev0-ctr-t4pj5	otelcol_processor_batch_timeout_trigger_send	2458
1781350245	snap	3000	otelcol	otelcol-sb-esrev0-ctr-t4pj5	otelcol_process_memory_rss	227250176
1781350245	snap	3000	otelcol	otelcol-sb-esrev0-ctr-t4pj5	otelcol_exporter_queue_batch_send_size_sum	1224616
1781350245	snap	3000	otelcol	otelcol-sb-esrev0-ctr-t4pj5	otelcol_receiver_failed_spans	0
1781350245	snap	3000	otelcol	otelcol-sb-esrev0-ctr-t4pj5	otelcol_process_cpu_seconds	30
1781350245	snap	3000	otelcol	otelcol-sb-esrev0-ctr-t4pj5	otelcol_receiver_accepted_spans	1224616
1781350245	snap	3000	otelcol	otelcol-sb-esrev0-ctr-t4pj5	otelcol_process_runtime_heap_alloc_bytes	50606360
1781350245	snap	3000	otelcol	otelcol-sb-esrev0-ctr-t4pj5	otelcol_exporter_sent_spans	1220509
1781350245	snap	3000	otelcol	otelcol-sb-esrev0-ctr-t4pj5	otelcol_processor_batch_batch_send_size_sum	1224616
1781350245	snap	3000	otelcol	otelcol-sb-esrev0-ctr-t4pj5	otelcol_process_uptime	627
1781350245	snap	3000	otelcol	otelcol-sb-esrev0-ctr-t4pj5	otelcol_process_runtime_total_alloc_bytes	920886328
1781350245	snap	3000	otelcol	otelcol-sb-esrev0-ctr-t4pj5	otelcol_exporter_queue_capacity	1001
1781350245	snap	3000	otelcol	otelcol-sb-esrev0-ctr-t4pj5	otelcol_receiver_refused_spans	3198
1781350245	snap	3000	k8s	otelcol-sb-esrev0-ctr-5tpmc	restart_count	0
1781350245	snap	3000	k8s	otelcol-sb-esrev0-ctr-8ncml	restart_count	0
1781350245	snap	3000	k8s	otelcol-sb-esrev0-ctr-bgnq8	restart_count	0
1781350245	snap	3000	k8s	otelcol-sb-esrev0-ctr-bxzgg	restart_count	0
1781350245	snap	3000	k8s	otelcol-sb-esrev0-ctr-hj4v4	restart_count	0
1781350245	snap	3000	k8s	otelcol-sb-esrev0-ctr-j6v9t	restart_count	0
1781350245	snap	3000	k8s	otelcol-sb-esrev0-ctr-mg8jm	restart_count	0
1781350245	snap	3000	k8s	otelcol-sb-esrev0-ctr-t4pj5	restart_count	0
1781350245	snap	3000	k8s	otelcol-sb-esrev0-ctr-vb2mk	restart_count	0
1781350245	snap	3000	sdk	wrk2api	spans_received	208860
1781350245	snap	3000	sdk	wrk2api	spans_sent	208860
1781350245	snap	3000	sdk	wrk2api	spans_dropped	0
1781350245	snap	3000	sdk	wrk2api	spans_flushed	208860
1781350245	snap	3000	sdk	wrk2api	batches_sent	9670
1781350245	snap	3000	sdk	wrk2api	batches_dropped	0
1781350245	snap	3000	sdk	wrk2api	send_unavailable	0
1781350245	snap	3000	sdk	wrk2api	send_deadline	0
1781350245	snap	3000	sdk	wrk2api	send_exhausted	0
1781350245	snap	3000	sdk	wrk2api	send_canceled	0
1781350245	snap	3000	sdk	wrk2api	send_other	0
1781350245	snap	3000	sdk	wrk2api	buffer_depth	0
0
1781350245	snap	3000	sdk	wrk2api	cp_received	104430
1781350245	snap	3000	sdk	wrk2api	lp_received	104430
1781350245	snap	3000	sdk	wrk2api	cp_sent	104430
1781350245	snap	3000	sdk	wrk2api	lp_sent	104430
1781350245	snap	3000	sdk	wrk2api	cp_dropped	0
1781350245	snap	3000	sdk	wrk2api	lp_dropped	0
1781350245	snap	3000	sdk	composepost	spans_received	7231292
1781350245	snap	3000	sdk	composepost	spans_sent	6362072
1781350245	snap	3000	sdk	composepost	spans_dropped	869220
1781350245	snap	3000	sdk	composepost	spans_flushed	7231292
1781350245	snap	3000	sdk	composepost	batches_sent	33330
1781350245	snap	3000	sdk	composepost	batches_dropped	3439
1781350245	snap	3000	sdk	composepost	send_unavailable	3439
1781350245	snap	3000	sdk	composepost	send_deadline	0
1781350245	snap	3000	sdk	composepost	send_exhausted	0
1781350245	snap	3000	sdk	composepost	send_canceled	0
1781350245	snap	3000	sdk	composepost	send_other	0
1781350245	snap	3000	sdk	composepost	buffer_depth	0
0
1781350245	snap	3000	sdk	composepost	cp_received	6327380
1781350245	snap	3000	sdk	composepost	lp_received	903912
1781350245	snap	3000	sdk	composepost	cp_sent	6302175
1781350245	snap	3000	sdk	composepost	lp_sent	59897
1781350245	snap	3000	sdk	composepost	cp_dropped	25205
1781350245	snap	3000	sdk	composepost	lp_dropped	844015
1781350245	snap	3000	sdk	hometimeline	spans_received	1807816
1781350245	snap	3000	sdk	hometimeline	spans_sent	116100
1781350245	snap	3000	sdk	hometimeline	spans_dropped	1691716
1781350245	snap	3000	sdk	hometimeline	spans_flushed	1807816
1781350245	snap	3000	sdk	hometimeline	batches_sent	2462
1781350245	snap	3000	sdk	hometimeline	batches_dropped	6733
1781350245	snap	3000	sdk	hometimeline	send_unavailable	6733
1781350245	snap	3000	sdk	hometimeline	send_deadline	0
1781350245	snap	3000	sdk	hometimeline	send_exhausted	0
1781350245	snap	3000	sdk	hometimeline	send_canceled	0
1781350245	snap	3000	sdk	hometimeline	send_other	0
1781350245	snap	3000	sdk	hometimeline	buffer_depth	0
0
1781350245	snap	3000	sdk	hometimeline	cp_received	0
1781350245	snap	3000	sdk	hometimeline	lp_received	1807816
1781350245	snap	3000	sdk	hometimeline	cp_sent	0
1781350245	snap	3000	sdk	hometimeline	lp_sent	116100
1781350245	snap	3000	sdk	hometimeline	cp_dropped	0
1781350245	snap	3000	sdk	hometimeline	lp_dropped	1691716
1781350245	snap	3000	sdk	media	spans_received	903912
1781350245	snap	3000	sdk	media	spans_sent	903912
1781350245	snap	3000	sdk	media	spans_dropped	0
1781350245	snap	3000	sdk	media	spans_flushed	903912
1781350245	snap	3000	sdk	media	batches_sent	4600
1781350245	snap	3000	sdk	media	batches_dropped	0
1781350245	snap	3000	sdk	media	send_unavailable	0
1781350245	snap	3000	sdk	media	send_deadline	0
1781350245	snap	3000	sdk	media	send_exhausted	0
1781350245	snap	3000	sdk	media	send_canceled	0
1781350245	snap	3000	sdk	media	send_other	0
1781350245	snap	3000	sdk	media	buffer_depth	0
0
1781350245	snap	3000	sdk	media	cp_received	903912
1781350245	snap	3000	sdk	media	lp_received	0
1781350245	snap	3000	sdk	media	cp_sent	903912
1781350245	snap	3000	sdk	media	lp_sent	0
1781350245	snap	3000	sdk	media	cp_dropped	0
1781350245	snap	3000	sdk	media	lp_dropped	0
1781350245	snap	3000	sdk	post-storage	spans_received	903908
1781350245	snap	3000	sdk	post-storage	spans_sent	903908
1781350245	snap	3000	sdk	post-storage	spans_dropped	0
1781350245	snap	3000	sdk	post-storage	spans_flushed	903908
1781350245	snap	3000	sdk	post-storage	batches_sent	4596
1781350245	snap	3000	sdk	post-storage	batches_dropped	0
1781350245	snap	3000	sdk	post-storage	send_unavailable	0
1781350245	snap	3000	sdk	post-storage	send_deadline	0
1781350245	snap	3000	sdk	post-storage	send_exhausted	0
1781350245	snap	3000	sdk	post-storage	send_canceled	0
1781350245	snap	3000	sdk	post-storage	send_other	0
1781350245	snap	3000	sdk	post-storage	buffer_depth	0
0
1781350245	snap	3000	sdk	post-storage	cp_received	903908
1781350245	snap	3000	sdk	post-storage	lp_received	0
1781350245	snap	3000	sdk	post-storage	cp_sent	903908
1781350245	snap	3000	sdk	post-storage	lp_sent	0
1781350245	snap	3000	sdk	post-storage	cp_dropped	0
1781350245	snap	3000	sdk	post-storage	lp_dropped	0
1781350245	snap	3000	sdk	socialgraph	spans_received	1017742
1781350245	snap	3000	sdk	socialgraph	spans_sent	1014920
1781350245	snap	3000	sdk	socialgraph	spans_dropped	2822
1781350245	snap	3000	sdk	socialgraph	spans_flushed	1017742
1781350245	snap	3000	sdk	socialgraph	batches_sent	5068
1781350245	snap	3000	sdk	socialgraph	batches_dropped	14
1781350245	snap	3000	sdk	socialgraph	send_unavailable	14
1781350245	snap	3000	sdk	socialgraph	send_deadline	0
1781350245	snap	3000	sdk	socialgraph	send_exhausted	0
1781350245	snap	3000	sdk	socialgraph	send_canceled	0
1781350245	snap	3000	sdk	socialgraph	send_other	0
1781350245	snap	3000	sdk	socialgraph	buffer_depth	0
0
1781350245	snap	3000	sdk	socialgraph	cp_received	980118
1781350245	snap	3000	sdk	socialgraph	lp_received	37624
1781350245	snap	3000	sdk	socialgraph	cp_sent	980118
1781350245	snap	3000	sdk	socialgraph	lp_sent	34802
1781350245	snap	3000	sdk	socialgraph	cp_dropped	0
1781350245	snap	3000	sdk	socialgraph	lp_dropped	2822
1781350245	snap	3000	sdk	text	spans_received	2711744
1781350245	snap	3000	sdk	text	spans_sent	2711744
1781350245	snap	3000	sdk	text	spans_dropped	0
1781350245	snap	3000	sdk	text	spans_flushed	2711744
1781350245	snap	3000	sdk	text	batches_sent	13791
1781350245	snap	3000	sdk	text	batches_dropped	0
1781350245	snap	3000	sdk	text	send_unavailable	0
1781350245	snap	3000	sdk	text	send_deadline	0
1781350245	snap	3000	sdk	text	send_exhausted	0
1781350245	snap	3000	sdk	text	send_canceled	0
1781350245	snap	3000	sdk	text	send_other	0
1781350245	snap	3000	sdk	text	buffer_depth	0
0
1781350245	snap	3000	sdk	text	cp_received	0
1781350245	snap	3000	sdk	text	lp_received	2711744
1781350245	snap	3000	sdk	text	cp_sent	0
1781350245	snap	3000	sdk	text	lp_sent	2711744
1781350245	snap	3000	sdk	text	cp_dropped	0
1781350245	snap	3000	sdk	text	lp_dropped	0
1781350245	snap	3000	sdk	uniqueid	spans_received	903912
1781350245	snap	3000	sdk	uniqueid	spans_sent	903912
1781350245	snap	3000	sdk	uniqueid	spans_dropped	0
1781350245	snap	3000	sdk	uniqueid	spans_flushed	903912
1781350245	snap	3000	sdk	uniqueid	batches_sent	4597
1781350245	snap	3000	sdk	uniqueid	batches_dropped	0
1781350245	snap	3000	sdk	uniqueid	send_unavailable	0
1781350245	snap	3000	sdk	uniqueid	send_deadline	0
1781350245	snap	3000	sdk	uniqueid	send_exhausted	0
1781350245	snap	3000	sdk	uniqueid	send_canceled	0
1781350245	snap	3000	sdk	uniqueid	send_other	0
1781350245	snap	3000	sdk	uniqueid	buffer_depth	0
0
1781350245	snap	3000	sdk	uniqueid	cp_received	903912
1781350245	snap	3000	sdk	uniqueid	lp_received	0
1781350245	snap	3000	sdk	uniqueid	cp_sent	903912
1781350245	snap	3000	sdk	uniqueid	lp_sent	0
1781350245	snap	3000	sdk	uniqueid	cp_dropped	0
1781350245	snap	3000	sdk	uniqueid	lp_dropped	0
1781350245	snap	3000	sdk	urlshorten	spans_received	903912
1781350245	snap	3000	sdk	urlshorten	spans_sent	903912
1781350245	snap	3000	sdk	urlshorten	spans_dropped	0
1781350245	snap	3000	sdk	urlshorten	spans_flushed	903912
1781350245	snap	3000	sdk	urlshorten	batches_sent	4597
1781350245	snap	3000	sdk	urlshorten	batches_dropped	0
1781350245	snap	3000	sdk	urlshorten	send_unavailable	0
1781350245	snap	3000	sdk	urlshorten	send_deadline	0
1781350245	snap	3000	sdk	urlshorten	send_exhausted	0
1781350245	snap	3000	sdk	urlshorten	send_canceled	0
1781350245	snap	3000	sdk	urlshorten	send_other	0
1781350245	snap	3000	sdk	urlshorten	buffer_depth	0
0
1781350245	snap	3000	sdk	urlshorten	cp_received	903912
1781350245	snap	3000	sdk	urlshorten	lp_received	0
1781350245	snap	3000	sdk	urlshorten	cp_sent	903912
1781350245	snap	3000	sdk	urlshorten	lp_sent	0
1781350245	snap	3000	sdk	urlshorten	cp_dropped	0
1781350245	snap	3000	sdk	urlshorten	lp_dropped	0
1781350245	snap	3000	sdk	user	spans_received	905836
1781350245	snap	3000	sdk	user	spans_sent	905836
1781350245	snap	3000	sdk	user	spans_dropped	0
1781350245	snap	3000	sdk	user	spans_flushed	905836
1781350245	snap	3000	sdk	user	batches_sent	4609
1781350245	snap	3000	sdk	user	batches_dropped	0
1781350245	snap	3000	sdk	user	send_unavailable	0
1781350245	snap	3000	sdk	user	send_deadline	0
1781350245	snap	3000	sdk	user	send_exhausted	0
1781350245	snap	3000	sdk	user	send_canceled	0
1781350245	snap	3000	sdk	user	send_other	0
1781350245	snap	3000	sdk	user	buffer_depth	0
0
1781350245	snap	3000	sdk	user	cp_received	904874
1781350245	snap	3000	sdk	user	lp_received	962
1781350245	snap	3000	sdk	user	cp_sent	904874
1781350245	snap	3000	sdk	user	lp_sent	962
1781350245	snap	3000	sdk	user	cp_dropped	0
1781350245	snap	3000	sdk	user	lp_dropped	0
1781350245	snap	3000	sdk	userid	spans_received	75248
1781350245	snap	3000	sdk	userid	spans_sent	75248
1781350245	snap	3000	sdk	userid	spans_dropped	0
1781350245	snap	3000	sdk	userid	spans_flushed	75248
1781350245	snap	3000	sdk	userid	batches_sent	247
1781350245	snap	3000	sdk	userid	batches_dropped	0
1781350245	snap	3000	sdk	userid	send_unavailable	0
1781350245	snap	3000	sdk	userid	send_deadline	0
1781350245	snap	3000	sdk	userid	send_exhausted	0
1781350245	snap	3000	sdk	userid	send_canceled	0
1781350245	snap	3000	sdk	userid	send_other	0
1781350245	snap	3000	sdk	userid	buffer_depth	0
0
1781350245	snap	3000	sdk	userid	cp_received	75248
1781350245	snap	3000	sdk	userid	lp_received	0
1781350245	snap	3000	sdk	userid	cp_sent	75248
1781350245	snap	3000	sdk	userid	lp_sent	0
1781350245	snap	3000	sdk	userid	cp_dropped	0
1781350245	snap	3000	sdk	userid	lp_dropped	0
1781350245	snap	3000	sdk	usermention	spans_received	903912
1781350245	snap	3000	sdk	usermention	spans_sent	903912
1781350245	snap	3000	sdk	usermention	spans_dropped	0
1781350245	snap	3000	sdk	usermention	spans_flushed	903912
1781350245	snap	3000	sdk	usermention	batches_sent	4596
1781350245	snap	3000	sdk	usermention	batches_dropped	0
1781350245	snap	3000	sdk	usermention	send_unavailable	0
1781350245	snap	3000	sdk	usermention	send_deadline	0
1781350245	snap	3000	sdk	usermention	send_exhausted	0
1781350245	snap	3000	sdk	usermention	send_canceled	0
1781350245	snap	3000	sdk	usermention	send_other	0
1781350245	snap	3000	sdk	usermention	buffer_depth	0
0
1781350245	snap	3000	sdk	usermention	cp_received	903912
1781350245	snap	3000	sdk	usermention	lp_received	0
1781350245	snap	3000	sdk	usermention	cp_sent	903912
1781350245	snap	3000	sdk	usermention	lp_sent	0
1781350245	snap	3000	sdk	usermention	cp_dropped	0
1781350245	snap	3000	sdk	usermention	lp_dropped	0
1781350245	snap	3000	sdk	usertimeline	spans_received	903908
1781350245	snap	3000	sdk	usertimeline	spans_sent	903908
1781350245	snap	3000	sdk	usertimeline	spans_dropped	0
1781350245	snap	3000	sdk	usertimeline	spans_flushed	903908
1781350245	snap	3000	sdk	usertimeline	batches_sent	4595
1781350245	snap	3000	sdk	usertimeline	batches_dropped	0
1781350245	snap	3000	sdk	usertimeline	send_unavailable	0
1781350245	snap	3000	sdk	usertimeline	send_deadline	0
1781350245	snap	3000	sdk	usertimeline	send_exhausted	0
1781350245	snap	3000	sdk	usertimeline	send_canceled	0
1781350245	snap	3000	sdk	usertimeline	send_other	0
1781350245	snap	3000	sdk	usertimeline	buffer_depth	0
0
1781350245	snap	3000	sdk	usertimeline	cp_received	903908
1781350245	snap	3000	sdk	usertimeline	lp_received	0
1781350245	snap	3000	sdk	usertimeline	cp_sent	903908
1781350245	snap	3000	sdk	usertimeline	lp_sent	0
1781350245	snap	3000	sdk	usertimeline	cp_dropped	0
1781350245	snap	3000	sdk	usertimeline	lp_dropped	0
1781350252	snap	3200	otelcol	otelcol-sb-esrev0-ctr-hj4v4	otelcol_process_uptime	629
1781350252	snap	3200	otelcol	otelcol-sb-esrev0-ctr-hj4v4	otelcol_exporter_sent_spans	1918902
1781350252	snap	3200	otelcol	otelcol-sb-esrev0-ctr-hj4v4	otelcol_process_runtime_total_sys_memory_bytes	98339096
1781350252	snap	3200	otelcol	otelcol-sb-esrev0-ctr-hj4v4	otelcol_process_runtime_total_alloc_bytes	1426580472
1781350252	snap	3200	otelcol	otelcol-sb-esrev0-ctr-hj4v4	otelcol_exporter_queue_capacity	1001
1781350252	snap	3200	otelcol	otelcol-sb-esrev0-ctr-hj4v4	otelcol_receiver_failed_spans	0
1781350252	snap	3200	otelcol	otelcol-sb-esrev0-ctr-hj4v4	otelcol_processor_batch_metadata_cardinality	1
1781350252	snap	3200	otelcol	otelcol-sb-esrev0-ctr-hj4v4	otelcol_processor_batch_batch_send_size_sum	1920008
1781350252	snap	3200	otelcol	otelcol-sb-esrev0-ctr-hj4v4	otelcol_receiver_refused_spans	96690
1781350252	snap	3200	otelcol	otelcol-sb-esrev0-ctr-hj4v4	otelcol_processor_batch_timeout_trigger_send	2461
1781350252	snap	3200	otelcol	otelcol-sb-esrev0-ctr-hj4v4	otelcol_exporter_send_failed_spans	0
1781350252	snap	3200	otelcol	otelcol-sb-esrev0-ctr-hj4v4	otelcol_exporter_queue_size	1
1781350252	snap	3200	otelcol	otelcol-sb-esrev0-ctr-hj4v4	otelcol_exporter_queue_batch_send_size_sum	1920008
1781350252	snap	3200	otelcol	otelcol-sb-esrev0-ctr-hj4v4	otelcol_processor_incoming_items	2016698
1781350252	snap	3200	otelcol	otelcol-sb-esrev0-ctr-hj4v4	otelcol_process_runtime_heap_alloc_bytes	51931800
1781350252	snap	3200	otelcol	otelcol-sb-esrev0-ctr-hj4v4	otelcol_process_memory_rss	234496000
1781350252	snap	3200	otelcol	otelcol-sb-esrev0-ctr-hj4v4	otelcol_receiver_accepted_spans	1920008
1781350252	snap	3200	otelcol	otelcol-sb-esrev0-ctr-hj4v4	otelcol_processor_outgoing_items	1920008
1781350252	snap	3200	otelcol	otelcol-sb-esrev0-ctr-hj4v4	otelcol_process_cpu_seconds	42
1781350252	snap	3200	otelcol	otelcol-sb-esrev0-ctr-bgnq8	otelcol_processor_batch_batch_send_size_sum	1115085
1781350252	snap	3200	otelcol	otelcol-sb-esrev0-ctr-bgnq8	otelcol_exporter_sent_spans	1115085
1781350252	snap	3200	otelcol	otelcol-sb-esrev0-ctr-bgnq8	otelcol_processor_batch_metadata_cardinality	1
1781350252	snap	3200	otelcol	otelcol-sb-esrev0-ctr-bgnq8	otelcol_receiver_accepted_spans	1115085
1781350252	snap	3200	otelcol	otelcol-sb-esrev0-ctr-bgnq8	otelcol_process_uptime	631
1781350252	snap	3200	otelcol	otelcol-sb-esrev0-ctr-bgnq8	otelcol_process_memory_rss	227012608
1781350252	snap	3200	otelcol	otelcol-sb-esrev0-ctr-bgnq8	otelcol_exporter_queue_size	0
1781350252	snap	3200	otelcol	otelcol-sb-esrev0-ctr-bgnq8	otelcol_processor_incoming_items	1115085
1781350252	snap	3200	otelcol	otelcol-sb-esrev0-ctr-bgnq8	otelcol_exporter_queue_capacity	1001
1781350252	snap	3200	otelcol	otelcol-sb-esrev0-ctr-bgnq8	otelcol_processor_batch_timeout_trigger_send	2462
1781350252	snap	3200	otelcol	otelcol-sb-esrev0-ctr-bgnq8	otelcol_process_runtime_total_alloc_bytes	891978200
1781350252	snap	3200	otelcol	otelcol-sb-esrev0-ctr-bgnq8	otelcol_receiver_refused_spans	0
1781350252	snap	3200	otelcol	otelcol-sb-esrev0-ctr-bgnq8	otelcol_process_runtime_total_sys_memory_bytes	89131288
1781350252	snap	3200	otelcol	otelcol-sb-esrev0-ctr-bgnq8	otelcol_receiver_failed_spans	0
1781350252	snap	3200	otelcol	otelcol-sb-esrev0-ctr-bgnq8	otelcol_process_runtime_heap_alloc_bytes	61015304
1781350252	snap	3200	otelcol	otelcol-sb-esrev0-ctr-bgnq8	otelcol_exporter_send_failed_spans	0
1781350252	snap	3200	otelcol	otelcol-sb-esrev0-ctr-bgnq8	otelcol_processor_outgoing_items	1115085
1781350252	snap	3200	otelcol	otelcol-sb-esrev0-ctr-bgnq8	otelcol_process_cpu_seconds	29
1781350252	snap	3200	otelcol	otelcol-sb-esrev0-ctr-bgnq8	otelcol_exporter_queue_batch_send_size_sum	1115085
1781350252	snap	3200	otelcol	otelcol-sb-esrev0-ctr-vb2mk	otelcol_process_uptime	631
1781350252	snap	3200	otelcol	otelcol-sb-esrev0-ctr-vb2mk	otelcol_process_memory_rss	226246656
1781350252	snap	3200	otelcol	otelcol-sb-esrev0-ctr-vb2mk	otelcol_exporter_send_failed_spans	0
1781350252	snap	3200	otelcol	otelcol-sb-esrev0-ctr-vb2mk	otelcol_receiver_accepted_spans	1112772
1781350252	snap	3200	otelcol	otelcol-sb-esrev0-ctr-vb2mk	otelcol_process_runtime_total_sys_memory_bytes	89409816
1781350252	snap	3200	otelcol	otelcol-sb-esrev0-ctr-vb2mk	otelcol_exporter_queue_batch_send_size_sum	1112772
1781350252	snap	3200	otelcol	otelcol-sb-esrev0-ctr-vb2mk	otelcol_process_cpu_seconds	30
1781350252	snap	3200	otelcol	otelcol-sb-esrev0-ctr-vb2mk	otelcol_process_runtime_heap_alloc_bytes	38526184
1781350252	snap	3200	otelcol	otelcol-sb-esrev0-ctr-vb2mk	otelcol_exporter_sent_spans	1111333
1781350252	snap	3200	otelcol	otelcol-sb-esrev0-ctr-vb2mk	otelcol_exporter_queue_capacity	1001
1781350252	snap	3200	otelcol	otelcol-sb-esrev0-ctr-vb2mk	otelcol_receiver_refused_spans	0
1781350252	snap	3200	otelcol	otelcol-sb-esrev0-ctr-vb2mk	otelcol_processor_incoming_items	1112772
1781350252	snap	3200	otelcol	otelcol-sb-esrev0-ctr-vb2mk	otelcol_processor_outgoing_items	1112772
1781350252	snap	3200	otelcol	otelcol-sb-esrev0-ctr-vb2mk	otelcol_exporter_queue_size	2
1781350252	snap	3200	otelcol	otelcol-sb-esrev0-ctr-vb2mk	otelcol_processor_batch_metadata_cardinality	1
1781350252	snap	3200	otelcol	otelcol-sb-esrev0-ctr-vb2mk	otelcol_receiver_failed_spans	0
1781350252	snap	3200	otelcol	otelcol-sb-esrev0-ctr-vb2mk	otelcol_processor_batch_timeout_trigger_send	2458
1781350252	snap	3200	otelcol	otelcol-sb-esrev0-ctr-vb2mk	otelcol_processor_batch_batch_send_size_sum	1112772
1781350252	snap	3200	otelcol	otelcol-sb-esrev0-ctr-vb2mk	otelcol_process_runtime_total_alloc_bytes	854850088
1781350252	snap	3200	otelcol	otelcol-sb-esrev0-ctr-j6v9t	otelcol_processor_incoming_items	9247998
1781350252	snap	3200	otelcol	otelcol-sb-esrev0-ctr-j6v9t	otelcol_process_cpu_seconds	108
1781350252	snap	3200	otelcol	otelcol-sb-esrev0-ctr-j6v9t	otelcol_process_uptime	629
1781350252	snap	3200	otelcol	otelcol-sb-esrev0-ctr-j6v9t	otelcol_process_runtime_heap_alloc_bytes	64430928
1781350252	snap	3200	otelcol	otelcol-sb-esrev0-ctr-j6v9t	otelcol_exporter_sent_spans	6587980
1781350252	snap	3200	otelcol	otelcol-sb-esrev0-ctr-j6v9t	otelcol_exporter_send_failed_spans	0
1781350252	snap	3200	otelcol	otelcol-sb-esrev0-ctr-j6v9t	otelcol_receiver_failed_spans	0
1781350252	snap	3200	otelcol	otelcol-sb-esrev0-ctr-j6v9t	otelcol_processor_outgoing_items	6592732
1781350252	snap	3200	otelcol	otelcol-sb-esrev0-ctr-j6v9t	otelcol_processor_batch_batch_send_size_sum	6592732
1781350252	snap	3200	otelcol	otelcol-sb-esrev0-ctr-j6v9t	otelcol_process_runtime_total_sys_memory_bytes	183183672
1781350252	snap	3200	otelcol	otelcol-sb-esrev0-ctr-j6v9t	otelcol_process_runtime_total_alloc_bytes	6041535520
1781350252	snap	3200	otelcol	otelcol-sb-esrev0-ctr-j6v9t	otelcol_processor_batch_batch_size_trigger_send	1
1781350252	snap	3200	otelcol	otelcol-sb-esrev0-ctr-j6v9t	otelcol_processor_batch_metadata_cardinality	1
1781350252	snap	3200	otelcol	otelcol-sb-esrev0-ctr-j6v9t	otelcol_processor_batch_timeout_trigger_send	2451
1781350252	snap	3200	otelcol	otelcol-sb-esrev0-ctr-j6v9t	otelcol_exporter_queue_size	1
1781350252	snap	3200	otelcol	otelcol-sb-esrev0-ctr-j6v9t	otelcol_receiver_accepted_spans	6592732
1781350252	snap	3200	otelcol	otelcol-sb-esrev0-ctr-j6v9t	otelcol_process_memory_rss	300322816
1781350252	snap	3200	otelcol	otelcol-sb-esrev0-ctr-j6v9t	otelcol_receiver_refused_spans	2655266
1781350252	snap	3200	otelcol	otelcol-sb-esrev0-ctr-j6v9t	otelcol_exporter_queue_capacity	1001
1781350252	snap	3200	otelcol	otelcol-sb-esrev0-ctr-j6v9t	otelcol_exporter_queue_batch_send_size_sum	6592732
1781350252	snap	3200	otelcol	otelcol-sb-esrev0-ctr-5tpmc	otelcol_processor_batch_timeout_trigger_send	2466
1781350252	snap	3200	otelcol	otelcol-sb-esrev0-ctr-5tpmc	otelcol_process_runtime_heap_alloc_bytes	71688360
1781350252	snap	3200	otelcol	otelcol-sb-esrev0-ctr-5tpmc	otelcol_processor_outgoing_items	3901789
1781350252	snap	3200	otelcol	otelcol-sb-esrev0-ctr-5tpmc	otelcol_receiver_accepted_spans	3901789
1781350252	snap	3200	otelcol	otelcol-sb-esrev0-ctr-5tpmc	otelcol_process_uptime	630
1781350252	snap	3200	otelcol	otelcol-sb-esrev0-ctr-5tpmc	otelcol_process_runtime_total_alloc_bytes	2107949496
1781350252	snap	3200	otelcol	otelcol-sb-esrev0-ctr-5tpmc	otelcol_exporter_queue_capacity	1001
1781350252	snap	3200	otelcol	otelcol-sb-esrev0-ctr-5tpmc	otelcol_receiver_refused_spans	0
1781350252	snap	3200	otelcol	otelcol-sb-esrev0-ctr-5tpmc	otelcol_exporter_queue_batch_send_size_sum	3901789
1781350252	snap	3200	otelcol	otelcol-sb-esrev0-ctr-5tpmc	otelcol_receiver_failed_spans	0
1781350252	snap	3200	otelcol	otelcol-sb-esrev0-ctr-5tpmc	otelcol_process_cpu_seconds	54
1781350252	snap	3200	otelcol	otelcol-sb-esrev0-ctr-5tpmc	otelcol_processor_batch_batch_send_size_sum	3901789
1781350252	snap	3200	otelcol	otelcol-sb-esrev0-ctr-5tpmc	otelcol_exporter_send_failed_spans	0
1781350252	snap	3200	otelcol	otelcol-sb-esrev0-ctr-5tpmc	otelcol_processor_batch_metadata_cardinality	1
1781350252	snap	3200	otelcol	otelcol-sb-esrev0-ctr-5tpmc	otelcol_process_runtime_total_sys_memory_bytes	114411800
1781350252	snap	3200	otelcol	otelcol-sb-esrev0-ctr-5tpmc	otelcol_process_memory_rss	249667584
1781350252	snap	3200	otelcol	otelcol-sb-esrev0-ctr-5tpmc	otelcol_exporter_sent_spans	3894047
1781350252	snap	3200	otelcol	otelcol-sb-esrev0-ctr-5tpmc	otelcol_processor_incoming_items	3901789
1781350252	snap	3200	otelcol	otelcol-sb-esrev0-ctr-5tpmc	otelcol_exporter_queue_size	3
1781350252	snap	3200	otelcol	otelcol-sb-esrev0-ctr-mg8jm	otelcol_processor_outgoing_items	208847
1781350252	snap	3200	otelcol	otelcol-sb-esrev0-ctr-mg8jm	otelcol_process_memory_rss	215666688
1781350252	snap	3200	otelcol	otelcol-sb-esrev0-ctr-mg8jm	otelcol_exporter_queue_batch_send_size_sum	208847
1781350252	snap	3200	otelcol	otelcol-sb-esrev0-ctr-mg8jm	otelcol_process_runtime_heap_alloc_bytes	27885496
1781350252	snap	3200	otelcol	otelcol-sb-esrev0-ctr-mg8jm	otelcol_receiver_failed_spans	0
1781350252	snap	3200	otelcol	otelcol-sb-esrev0-ctr-mg8jm	otelcol_process_runtime_total_sys_memory_bytes	71641368
1781350252	snap	3200	otelcol	otelcol-sb-esrev0-ctr-mg8jm	otelcol_process_cpu_seconds	24
1781350252	snap	3200	otelcol	otelcol-sb-esrev0-ctr-mg8jm	otelcol_receiver_refused_spans	0
1781350252	snap	3200	otelcol	otelcol-sb-esrev0-ctr-mg8jm	otelcol_processor_batch_batch_send_size_sum	208847
1781350252	snap	3200	otelcol	otelcol-sb-esrev0-ctr-mg8jm	otelcol_process_runtime_total_alloc_bytes	338802640
1781350252	snap	3200	otelcol	otelcol-sb-esrev0-ctr-mg8jm	otelcol_receiver_accepted_spans	208847
1781350252	snap	3200	otelcol	otelcol-sb-esrev0-ctr-mg8jm	otelcol_exporter_send_failed_spans	0
1781350252	snap	3200	otelcol	otelcol-sb-esrev0-ctr-mg8jm	otelcol_processor_batch_metadata_cardinality	1
1781350252	snap	3200	otelcol	otelcol-sb-esrev0-ctr-mg8jm	otelcol_exporter_sent_spans	208437
1781350252	snap	3200	otelcol	otelcol-sb-esrev0-ctr-mg8jm	otelcol_exporter_queue_capacity	1001
1781350252	snap	3200	otelcol	otelcol-sb-esrev0-ctr-mg8jm	otelcol_processor_incoming_items	208847
1781350252	snap	3200	otelcol	otelcol-sb-esrev0-ctr-mg8jm	otelcol_processor_batch_timeout_trigger_send	2449
1781350252	snap	3200	otelcol	otelcol-sb-esrev0-ctr-mg8jm	otelcol_process_uptime	623
1781350252	snap	3200	otelcol	otelcol-sb-esrev0-ctr-mg8jm	otelcol_exporter_queue_size	3
1781350252	snap	3200	otelcol	otelcol-sb-esrev0-ctr-bxzgg	otelcol_exporter_queue_capacity	1001
1781350252	snap	3200	otelcol	otelcol-sb-esrev0-ctr-bxzgg	otelcol_processor_batch_metadata_cardinality	1
1781350252	snap	3200	otelcol	otelcol-sb-esrev0-ctr-bxzgg	otelcol_processor_batch_timeout_trigger_send	2458
1781350252	snap	3200	otelcol	otelcol-sb-esrev0-ctr-bxzgg	otelcol_processor_incoming_items	1113135
1781350252	snap	3200	otelcol	otelcol-sb-esrev0-ctr-bxzgg	otelcol_exporter_queue_batch_send_size_sum	1113135
1781350252	snap	3200	otelcol	otelcol-sb-esrev0-ctr-bxzgg	otelcol_process_memory_rss	226177024
1781350252	snap	3200	otelcol	otelcol-sb-esrev0-ctr-bxzgg	otelcol_exporter_send_failed_spans	0
1781350252	snap	3200	otelcol	otelcol-sb-esrev0-ctr-bxzgg	otelcol_processor_outgoing_items	1113135
1781350252	snap	3200	otelcol	otelcol-sb-esrev0-ctr-bxzgg	otelcol_process_cpu_seconds	31
1781350252	snap	3200	otelcol	otelcol-sb-esrev0-ctr-bxzgg	otelcol_process_uptime	629
1781350252	snap	3200	otelcol	otelcol-sb-esrev0-ctr-bxzgg	otelcol_process_runtime_total_alloc_bytes	851576536
1781350252	snap	3200	otelcol	otelcol-sb-esrev0-ctr-bxzgg	otelcol_processor_batch_batch_send_size_sum	1113135
1781350252	snap	3200	otelcol	otelcol-sb-esrev0-ctr-bxzgg	otelcol_process_runtime_total_sys_memory_bytes	88869144
1781350252	snap	3200	otelcol	otelcol-sb-esrev0-ctr-bxzgg	otelcol_process_runtime_heap_alloc_bytes	45745888
1781350252	snap	3200	otelcol	otelcol-sb-esrev0-ctr-bxzgg	otelcol_receiver_refused_spans	0
1781350252	snap	3200	otelcol	otelcol-sb-esrev0-ctr-bxzgg	otelcol_receiver_failed_spans	0
1781350252	snap	3200	otelcol	otelcol-sb-esrev0-ctr-bxzgg	otelcol_exporter_sent_spans	1112476
1781350252	snap	3200	otelcol	otelcol-sb-esrev0-ctr-bxzgg	otelcol_receiver_accepted_spans	1113135
1781350252	snap	3200	otelcol	otelcol-sb-esrev0-ctr-bxzgg	otelcol_exporter_queue_size	1
1781350252	snap	3200	otelcol	otelcol-sb-esrev0-ctr-8ncml	otelcol_processor_outgoing_items	1113996
1781350252	snap	3200	otelcol	otelcol-sb-esrev0-ctr-8ncml	otelcol_process_cpu_seconds	32
1781350252	snap	3200	otelcol	otelcol-sb-esrev0-ctr-8ncml	otelcol_process_uptime	630
1781350252	snap	3200	otelcol	otelcol-sb-esrev0-ctr-8ncml	otelcol_exporter_queue_batch_send_size_sum	1113996
1781350252	snap	3200	otelcol	otelcol-sb-esrev0-ctr-8ncml	otelcol_receiver_failed_spans	0
1781350252	snap	3200	otelcol	otelcol-sb-esrev0-ctr-8ncml	otelcol_receiver_refused_spans	0
1781350252	snap	3200	otelcol	otelcol-sb-esrev0-ctr-8ncml	otelcol_process_runtime_heap_alloc_bytes	55201608
1781350252	snap	3200	otelcol	otelcol-sb-esrev0-ctr-8ncml	otelcol_processor_batch_batch_send_size_sum	1113996
1781350252	snap	3200	otelcol	otelcol-sb-esrev0-ctr-8ncml	otelcol_process_runtime_total_sys_memory_bytes	84429080
1781350252	snap	3200	otelcol	otelcol-sb-esrev0-ctr-8ncml	otelcol_exporter_sent_spans	1113996
1781350252	snap	3200	otelcol	otelcol-sb-esrev0-ctr-8ncml	otelcol_exporter_queue_size	0
1781350252	snap	3200	otelcol	otelcol-sb-esrev0-ctr-8ncml	otelcol_exporter_send_failed_spans	0
1781350252	snap	3200	otelcol	otelcol-sb-esrev0-ctr-8ncml	otelcol_receiver_accepted_spans	1113996
1781350252	snap	3200	otelcol	otelcol-sb-esrev0-ctr-8ncml	otelcol_processor_batch_metadata_cardinality	1
1781350252	snap	3200	otelcol	otelcol-sb-esrev0-ctr-8ncml	otelcol_processor_incoming_items	1113996
1781350252	snap	3200	otelcol	otelcol-sb-esrev0-ctr-8ncml	otelcol_processor_batch_timeout_trigger_send	2459
1781350252	snap	3200	otelcol	otelcol-sb-esrev0-ctr-8ncml	otelcol_exporter_queue_capacity	1001
1781350252	snap	3200	otelcol	otelcol-sb-esrev0-ctr-8ncml	otelcol_process_runtime_total_alloc_bytes	862353544
1781350252	snap	3200	otelcol	otelcol-sb-esrev0-ctr-8ncml	otelcol_process_memory_rss	226205696
1781350252	snap	3200	otelcol	otelcol-sb-esrev0-ctr-t4pj5	otelcol_exporter_send_failed_spans	0
1781350252	snap	3200	otelcol	otelcol-sb-esrev0-ctr-t4pj5	otelcol_exporter_queue_size	1
1781350252	snap	3200	otelcol	otelcol-sb-esrev0-ctr-t4pj5	otelcol_processor_incoming_items	1227814
1781350252	snap	3200	otelcol	otelcol-sb-esrev0-ctr-t4pj5	otelcol_processor_outgoing_items	1224616
1781350252	snap	3200	otelcol	otelcol-sb-esrev0-ctr-t4pj5	otelcol_process_runtime_total_sys_memory_bytes	89131288
1781350252	snap	3200	otelcol	otelcol-sb-esrev0-ctr-t4pj5	otelcol_processor_batch_metadata_cardinality	1
1781350252	snap	3200	otelcol	otelcol-sb-esrev0-ctr-t4pj5	otelcol_processor_batch_timeout_trigger_send	2458
1781350252	snap	3200	otelcol	otelcol-sb-esrev0-ctr-t4pj5	otelcol_process_memory_rss	227254272
1781350252	snap	3200	otelcol	otelcol-sb-esrev0-ctr-t4pj5	otelcol_exporter_queue_batch_send_size_sum	1224616
1781350252	snap	3200	otelcol	otelcol-sb-esrev0-ctr-t4pj5	otelcol_receiver_failed_spans	0
1781350252	snap	3200	otelcol	otelcol-sb-esrev0-ctr-t4pj5	otelcol_process_cpu_seconds	30
1781350252	snap	3200	otelcol	otelcol-sb-esrev0-ctr-t4pj5	otelcol_receiver_accepted_spans	1224616
1781350252	snap	3200	otelcol	otelcol-sb-esrev0-ctr-t4pj5	otelcol_process_runtime_heap_alloc_bytes	51563824
1781350252	snap	3200	otelcol	otelcol-sb-esrev0-ctr-t4pj5	otelcol_exporter_sent_spans	1223896
1781350252	snap	3200	otelcol	otelcol-sb-esrev0-ctr-t4pj5	otelcol_processor_batch_batch_send_size_sum	1224616
1781350252	snap	3200	otelcol	otelcol-sb-esrev0-ctr-t4pj5	otelcol_process_uptime	635
1781350252	snap	3200	otelcol	otelcol-sb-esrev0-ctr-t4pj5	otelcol_process_runtime_total_alloc_bytes	921843792
1781350252	snap	3200	otelcol	otelcol-sb-esrev0-ctr-t4pj5	otelcol_exporter_queue_capacity	1001
1781350252	snap	3200	otelcol	otelcol-sb-esrev0-ctr-t4pj5	otelcol_receiver_refused_spans	3198
1781350252	snap	3200	k8s	otelcol-sb-esrev0-ctr-5tpmc	restart_count	0
1781350252	snap	3200	k8s	otelcol-sb-esrev0-ctr-8ncml	restart_count	0
1781350252	snap	3200	k8s	otelcol-sb-esrev0-ctr-bgnq8	restart_count	0
1781350252	snap	3200	k8s	otelcol-sb-esrev0-ctr-bxzgg	restart_count	0
1781350252	snap	3200	k8s	otelcol-sb-esrev0-ctr-hj4v4	restart_count	0
1781350252	snap	3200	k8s	otelcol-sb-esrev0-ctr-j6v9t	restart_count	0
1781350252	snap	3200	k8s	otelcol-sb-esrev0-ctr-mg8jm	restart_count	0
1781350252	snap	3200	k8s	otelcol-sb-esrev0-ctr-t4pj5	restart_count	0
1781350252	snap	3200	k8s	otelcol-sb-esrev0-ctr-vb2mk	restart_count	0
1781350252	snap	3200	sdk	wrk2api	spans_received	208860
1781350252	snap	3200	sdk	wrk2api	spans_sent	208860
1781350252	snap	3200	sdk	wrk2api	spans_dropped	0
1781350252	snap	3200	sdk	wrk2api	spans_flushed	208860
1781350252	snap	3200	sdk	wrk2api	batches_sent	9670
1781350252	snap	3200	sdk	wrk2api	batches_dropped	0
1781350252	snap	3200	sdk	wrk2api	send_unavailable	0
1781350252	snap	3200	sdk	wrk2api	send_deadline	0
1781350252	snap	3200	sdk	wrk2api	send_exhausted	0
1781350252	snap	3200	sdk	wrk2api	send_canceled	0
1781350252	snap	3200	sdk	wrk2api	send_other	0
1781350252	snap	3200	sdk	wrk2api	buffer_depth	0
0
1781350252	snap	3200	sdk	wrk2api	cp_received	104430
1781350252	snap	3200	sdk	wrk2api	lp_received	104430
1781350252	snap	3200	sdk	wrk2api	cp_sent	104430
1781350252	snap	3200	sdk	wrk2api	lp_sent	104430
1781350252	snap	3200	sdk	wrk2api	cp_dropped	0
1781350252	snap	3200	sdk	wrk2api	lp_dropped	0
1781350252	snap	3200	sdk	composepost	spans_received	7231292
1781350252	snap	3200	sdk	composepost	spans_sent	6362072
1781350252	snap	3200	sdk	composepost	spans_dropped	869220
1781350252	snap	3200	sdk	composepost	spans_flushed	7231292
1781350252	snap	3200	sdk	composepost	batches_sent	33330
1781350252	snap	3200	sdk	composepost	batches_dropped	3439
1781350252	snap	3200	sdk	composepost	send_unavailable	3439
1781350252	snap	3200	sdk	composepost	send_deadline	0
1781350252	snap	3200	sdk	composepost	send_exhausted	0
1781350252	snap	3200	sdk	composepost	send_canceled	0
1781350252	snap	3200	sdk	composepost	send_other	0
1781350252	snap	3200	sdk	composepost	buffer_depth	0
0
1781350252	snap	3200	sdk	composepost	cp_received	6327380
1781350252	snap	3200	sdk	composepost	lp_received	903912
1781350252	snap	3200	sdk	composepost	cp_sent	6302175
1781350252	snap	3200	sdk	composepost	lp_sent	59897
1781350252	snap	3200	sdk	composepost	cp_dropped	25205
1781350252	snap	3200	sdk	composepost	lp_dropped	844015
1781350252	snap	3200	sdk	hometimeline	spans_received	1807816
1781350252	snap	3200	sdk	hometimeline	spans_sent	116100
1781350252	snap	3200	sdk	hometimeline	spans_dropped	1691716
1781350252	snap	3200	sdk	hometimeline	spans_flushed	1807816
1781350252	snap	3200	sdk	hometimeline	batches_sent	2462
1781350252	snap	3200	sdk	hometimeline	batches_dropped	6733
1781350252	snap	3200	sdk	hometimeline	send_unavailable	6733
1781350252	snap	3200	sdk	hometimeline	send_deadline	0
1781350252	snap	3200	sdk	hometimeline	send_exhausted	0
1781350252	snap	3200	sdk	hometimeline	send_canceled	0
1781350252	snap	3200	sdk	hometimeline	send_other	0
1781350252	snap	3200	sdk	hometimeline	buffer_depth	0
0
1781350252	snap	3200	sdk	hometimeline	cp_received	0
1781350252	snap	3200	sdk	hometimeline	lp_received	1807816
1781350252	snap	3200	sdk	hometimeline	cp_sent	0
1781350252	snap	3200	sdk	hometimeline	lp_sent	116100
1781350252	snap	3200	sdk	hometimeline	cp_dropped	0
1781350252	snap	3200	sdk	hometimeline	lp_dropped	1691716
1781350252	snap	3200	sdk	media	spans_received	903912
1781350252	snap	3200	sdk	media	spans_sent	903912
1781350252	snap	3200	sdk	media	spans_dropped	0
1781350252	snap	3200	sdk	media	spans_flushed	903912
1781350252	snap	3200	sdk	media	batches_sent	4600
1781350252	snap	3200	sdk	media	batches_dropped	0
1781350252	snap	3200	sdk	media	send_unavailable	0
1781350252	snap	3200	sdk	media	send_deadline	0
1781350252	snap	3200	sdk	media	send_exhausted	0
1781350252	snap	3200	sdk	media	send_canceled	0
1781350252	snap	3200	sdk	media	send_other	0
1781350252	snap	3200	sdk	media	buffer_depth	0
0
1781350252	snap	3200	sdk	media	cp_received	903912
1781350252	snap	3200	sdk	media	lp_received	0
1781350252	snap	3200	sdk	media	cp_sent	903912
1781350252	snap	3200	sdk	media	lp_sent	0
1781350252	snap	3200	sdk	media	cp_dropped	0
1781350252	snap	3200	sdk	media	lp_dropped	0
1781350252	snap	3200	sdk	post-storage	spans_received	903908
1781350252	snap	3200	sdk	post-storage	spans_sent	903908
1781350252	snap	3200	sdk	post-storage	spans_dropped	0
1781350252	snap	3200	sdk	post-storage	spans_flushed	903908
1781350252	snap	3200	sdk	post-storage	batches_sent	4596
1781350252	snap	3200	sdk	post-storage	batches_dropped	0
1781350252	snap	3200	sdk	post-storage	send_unavailable	0
1781350252	snap	3200	sdk	post-storage	send_deadline	0
1781350252	snap	3200	sdk	post-storage	send_exhausted	0
1781350252	snap	3200	sdk	post-storage	send_canceled	0
1781350252	snap	3200	sdk	post-storage	send_other	0
1781350252	snap	3200	sdk	post-storage	buffer_depth	0
0
1781350252	snap	3200	sdk	post-storage	cp_received	903908
1781350252	snap	3200	sdk	post-storage	lp_received	0
1781350252	snap	3200	sdk	post-storage	cp_sent	903908
1781350252	snap	3200	sdk	post-storage	lp_sent	0
1781350252	snap	3200	sdk	post-storage	cp_dropped	0
1781350252	snap	3200	sdk	post-storage	lp_dropped	0
1781350252	snap	3200	sdk	socialgraph	spans_received	1017742
1781350252	snap	3200	sdk	socialgraph	spans_sent	1014920
1781350252	snap	3200	sdk	socialgraph	spans_dropped	2822
1781350252	snap	3200	sdk	socialgraph	spans_flushed	1017742
1781350252	snap	3200	sdk	socialgraph	batches_sent	5068
1781350252	snap	3200	sdk	socialgraph	batches_dropped	14
1781350252	snap	3200	sdk	socialgraph	send_unavailable	14
1781350252	snap	3200	sdk	socialgraph	send_deadline	0
1781350252	snap	3200	sdk	socialgraph	send_exhausted	0
1781350252	snap	3200	sdk	socialgraph	send_canceled	0
1781350252	snap	3200	sdk	socialgraph	send_other	0
1781350252	snap	3200	sdk	socialgraph	buffer_depth	0
0
1781350252	snap	3200	sdk	socialgraph	cp_received	980118
1781350252	snap	3200	sdk	socialgraph	lp_received	37624
1781350252	snap	3200	sdk	socialgraph	cp_sent	980118
1781350252	snap	3200	sdk	socialgraph	lp_sent	34802
1781350252	snap	3200	sdk	socialgraph	cp_dropped	0
1781350252	snap	3200	sdk	socialgraph	lp_dropped	2822
1781350252	snap	3200	sdk	text	spans_received	2711744
1781350252	snap	3200	sdk	text	spans_sent	2711744
1781350252	snap	3200	sdk	text	spans_dropped	0
1781350252	snap	3200	sdk	text	spans_flushed	2711744
1781350252	snap	3200	sdk	text	batches_sent	13791
1781350252	snap	3200	sdk	text	batches_dropped	0
1781350252	snap	3200	sdk	text	send_unavailable	0
1781350252	snap	3200	sdk	text	send_deadline	0
1781350252	snap	3200	sdk	text	send_exhausted	0
1781350252	snap	3200	sdk	text	send_canceled	0
1781350252	snap	3200	sdk	text	send_other	0
1781350252	snap	3200	sdk	text	buffer_depth	0
0
1781350252	snap	3200	sdk	text	cp_received	0
1781350252	snap	3200	sdk	text	lp_received	2711744
1781350252	snap	3200	sdk	text	cp_sent	0
1781350252	snap	3200	sdk	text	lp_sent	2711744
1781350252	snap	3200	sdk	text	cp_dropped	0
1781350252	snap	3200	sdk	text	lp_dropped	0
1781350252	snap	3200	sdk	uniqueid	spans_received	903912
1781350252	snap	3200	sdk	uniqueid	spans_sent	903912
1781350252	snap	3200	sdk	uniqueid	spans_dropped	0
1781350252	snap	3200	sdk	uniqueid	spans_flushed	903912
1781350252	snap	3200	sdk	uniqueid	batches_sent	4597
1781350252	snap	3200	sdk	uniqueid	batches_dropped	0
1781350252	snap	3200	sdk	uniqueid	send_unavailable	0
1781350252	snap	3200	sdk	uniqueid	send_deadline	0
1781350252	snap	3200	sdk	uniqueid	send_exhausted	0
1781350252	snap	3200	sdk	uniqueid	send_canceled	0
1781350252	snap	3200	sdk	uniqueid	send_other	0
1781350252	snap	3200	sdk	uniqueid	buffer_depth	0
0
1781350252	snap	3200	sdk	uniqueid	cp_received	903912
1781350252	snap	3200	sdk	uniqueid	lp_received	0
1781350252	snap	3200	sdk	uniqueid	cp_sent	903912
1781350252	snap	3200	sdk	uniqueid	lp_sent	0
1781350252	snap	3200	sdk	uniqueid	cp_dropped	0
1781350252	snap	3200	sdk	uniqueid	lp_dropped	0
1781350252	snap	3200	sdk	urlshorten	spans_received	903912
1781350252	snap	3200	sdk	urlshorten	spans_sent	903912
1781350252	snap	3200	sdk	urlshorten	spans_dropped	0
1781350252	snap	3200	sdk	urlshorten	spans_flushed	903912
1781350252	snap	3200	sdk	urlshorten	batches_sent	4597
1781350252	snap	3200	sdk	urlshorten	batches_dropped	0
1781350252	snap	3200	sdk	urlshorten	send_unavailable	0
1781350252	snap	3200	sdk	urlshorten	send_deadline	0
1781350252	snap	3200	sdk	urlshorten	send_exhausted	0
1781350252	snap	3200	sdk	urlshorten	send_canceled	0
1781350252	snap	3200	sdk	urlshorten	send_other	0
1781350252	snap	3200	sdk	urlshorten	buffer_depth	0
0
1781350252	snap	3200	sdk	urlshorten	cp_received	903912
1781350252	snap	3200	sdk	urlshorten	lp_received	0
1781350252	snap	3200	sdk	urlshorten	cp_sent	903912
1781350252	snap	3200	sdk	urlshorten	lp_sent	0
1781350252	snap	3200	sdk	urlshorten	cp_dropped	0
1781350252	snap	3200	sdk	urlshorten	lp_dropped	0
1781350252	snap	3200	sdk	user	spans_received	905836
1781350252	snap	3200	sdk	user	spans_sent	905836
1781350252	snap	3200	sdk	user	spans_dropped	0
1781350252	snap	3200	sdk	user	spans_flushed	905836
1781350252	snap	3200	sdk	user	batches_sent	4609
1781350252	snap	3200	sdk	user	batches_dropped	0
1781350252	snap	3200	sdk	user	send_unavailable	0
1781350252	snap	3200	sdk	user	send_deadline	0
1781350252	snap	3200	sdk	user	send_exhausted	0
1781350252	snap	3200	sdk	user	send_canceled	0
1781350252	snap	3200	sdk	user	send_other	0
1781350252	snap	3200	sdk	user	buffer_depth	0
0
1781350252	snap	3200	sdk	user	cp_received	904874
1781350252	snap	3200	sdk	user	lp_received	962
1781350252	snap	3200	sdk	user	cp_sent	904874
1781350252	snap	3200	sdk	user	lp_sent	962
1781350252	snap	3200	sdk	user	cp_dropped	0
1781350252	snap	3200	sdk	user	lp_dropped	0
1781350252	snap	3200	sdk	userid	spans_received	75248
1781350252	snap	3200	sdk	userid	spans_sent	75248
1781350252	snap	3200	sdk	userid	spans_dropped	0
1781350252	snap	3200	sdk	userid	spans_flushed	75248
1781350252	snap	3200	sdk	userid	batches_sent	247
1781350252	snap	3200	sdk	userid	batches_dropped	0
1781350252	snap	3200	sdk	userid	send_unavailable	0
1781350252	snap	3200	sdk	userid	send_deadline	0
1781350252	snap	3200	sdk	userid	send_exhausted	0
1781350252	snap	3200	sdk	userid	send_canceled	0
1781350252	snap	3200	sdk	userid	send_other	0
1781350252	snap	3200	sdk	userid	buffer_depth	0
0
1781350252	snap	3200	sdk	userid	cp_received	75248
1781350252	snap	3200	sdk	userid	lp_received	0
1781350252	snap	3200	sdk	userid	cp_sent	75248
1781350252	snap	3200	sdk	userid	lp_sent	0
1781350252	snap	3200	sdk	userid	cp_dropped	0
1781350252	snap	3200	sdk	userid	lp_dropped	0
1781350252	snap	3200	sdk	usermention	spans_received	903912
1781350252	snap	3200	sdk	usermention	spans_sent	903912
1781350252	snap	3200	sdk	usermention	spans_dropped	0
1781350252	snap	3200	sdk	usermention	spans_flushed	903912
1781350252	snap	3200	sdk	usermention	batches_sent	4596
1781350252	snap	3200	sdk	usermention	batches_dropped	0
1781350252	snap	3200	sdk	usermention	send_unavailable	0
1781350252	snap	3200	sdk	usermention	send_deadline	0
1781350252	snap	3200	sdk	usermention	send_exhausted	0
1781350252	snap	3200	sdk	usermention	send_canceled	0
1781350252	snap	3200	sdk	usermention	send_other	0
1781350252	snap	3200	sdk	usermention	buffer_depth	0
0
1781350252	snap	3200	sdk	usermention	cp_received	903912
1781350252	snap	3200	sdk	usermention	lp_received	0
1781350252	snap	3200	sdk	usermention	cp_sent	903912
1781350252	snap	3200	sdk	usermention	lp_sent	0
1781350252	snap	3200	sdk	usermention	cp_dropped	0
1781350252	snap	3200	sdk	usermention	lp_dropped	0
1781350252	snap	3200	sdk	usertimeline	spans_received	903908
1781350252	snap	3200	sdk	usertimeline	spans_sent	903908
1781350252	snap	3200	sdk	usertimeline	spans_dropped	0
1781350252	snap	3200	sdk	usertimeline	spans_flushed	903908
1781350252	snap	3200	sdk	usertimeline	batches_sent	4595
1781350252	snap	3200	sdk	usertimeline	batches_dropped	0
1781350252	snap	3200	sdk	usertimeline	send_unavailable	0
1781350252	snap	3200	sdk	usertimeline	send_deadline	0
1781350252	snap	3200	sdk	usertimeline	send_exhausted	0
1781350252	snap	3200	sdk	usertimeline	send_canceled	0
1781350252	snap	3200	sdk	usertimeline	send_other	0
1781350252	snap	3200	sdk	usertimeline	buffer_depth	0
0
1781350252	snap	3200	sdk	usertimeline	cp_received	903908
1781350252	snap	3200	sdk	usertimeline	lp_received	0
1781350252	snap	3200	sdk	usertimeline	cp_sent	903908
1781350252	snap	3200	sdk	usertimeline	lp_sent	0
1781350252	snap	3200	sdk	usertimeline	cp_dropped	0
1781350252	snap	3200	sdk	usertimeline	lp_dropped	0
1781350320	snap	3200	otelcol	otelcol-sb-esrev0-ctr-hj4v4	otelcol_process_uptime	696
1781350320	snap	3200	otelcol	otelcol-sb-esrev0-ctr-hj4v4	otelcol_exporter_sent_spans	2222562
1781350320	snap	3200	otelcol	otelcol-sb-esrev0-ctr-hj4v4	otelcol_process_runtime_total_sys_memory_bytes	136784152
1781350320	snap	3200	otelcol	otelcol-sb-esrev0-ctr-hj4v4	otelcol_process_runtime_total_alloc_bytes	1681566360
1781350320	snap	3200	otelcol	otelcol-sb-esrev0-ctr-hj4v4	otelcol_exporter_queue_capacity	1001
1781350320	snap	3200	otelcol	otelcol-sb-esrev0-ctr-hj4v4	otelcol_receiver_failed_spans	0
1781350320	snap	3200	otelcol	otelcol-sb-esrev0-ctr-hj4v4	otelcol_processor_batch_metadata_cardinality	1
1781350320	snap	3200	otelcol	otelcol-sb-esrev0-ctr-hj4v4	otelcol_processor_batch_batch_send_size_sum	2320708
1781350320	snap	3200	otelcol	otelcol-sb-esrev0-ctr-hj4v4	otelcol_receiver_refused_spans	117780
1781350320	snap	3200	otelcol	otelcol-sb-esrev0-ctr-hj4v4	otelcol_processor_batch_timeout_trigger_send	2761
1781350320	snap	3200	otelcol	otelcol-sb-esrev0-ctr-hj4v4	otelcol_exporter_send_failed_spans	0
1781350320	snap	3200	otelcol	otelcol-sb-esrev0-ctr-hj4v4	otelcol_exporter_queue_size	74
1781350320	snap	3200	otelcol	otelcol-sb-esrev0-ctr-hj4v4	otelcol_exporter_queue_batch_send_size_sum	2320708
1781350320	snap	3200	otelcol	otelcol-sb-esrev0-ctr-hj4v4	otelcol_processor_incoming_items	2438488
1781350320	snap	3200	otelcol	otelcol-sb-esrev0-ctr-hj4v4	otelcol_process_runtime_heap_alloc_bytes	88619552
1781350320	snap	3200	otelcol	otelcol-sb-esrev0-ctr-hj4v4	otelcol_process_memory_rss	270376960
1781350320	snap	3200	otelcol	otelcol-sb-esrev0-ctr-hj4v4	otelcol_receiver_accepted_spans	2320708
1781350320	snap	3200	otelcol	otelcol-sb-esrev0-ctr-hj4v4	otelcol_processor_outgoing_items	2320708
1781350320	snap	3200	otelcol	otelcol-sb-esrev0-ctr-hj4v4	otelcol_process_cpu_seconds	48
1781350320	snap	3200	otelcol	otelcol-sb-esrev0-ctr-bgnq8	otelcol_processor_batch_batch_send_size_sum	1347072
1781350320	snap	3200	otelcol	otelcol-sb-esrev0-ctr-bgnq8	otelcol_exporter_sent_spans	1263776
1781350320	snap	3200	otelcol	otelcol-sb-esrev0-ctr-bgnq8	otelcol_processor_batch_metadata_cardinality	1
1781350320	snap	3200	otelcol	otelcol-sb-esrev0-ctr-bgnq8	otelcol_receiver_accepted_spans	1347072
1781350320	snap	3200	otelcol	otelcol-sb-esrev0-ctr-bgnq8	otelcol_process_uptime	698
1781350320	snap	3200	otelcol	otelcol-sb-esrev0-ctr-bgnq8	otelcol_process_memory_rss	241168384
1781350320	snap	3200	otelcol	otelcol-sb-esrev0-ctr-bgnq8	otelcol_exporter_queue_size	108
1781350320	snap	3200	otelcol	otelcol-sb-esrev0-ctr-bgnq8	otelcol_processor_incoming_items	1347072
1781350320	snap	3200	otelcol	otelcol-sb-esrev0-ctr-bgnq8	otelcol_exporter_queue_capacity	1001
1781350320	snap	3200	otelcol	otelcol-sb-esrev0-ctr-bgnq8	otelcol_processor_batch_timeout_trigger_send	2762
1781350320	snap	3200	otelcol	otelcol-sb-esrev0-ctr-bgnq8	otelcol_process_runtime_total_alloc_bytes	1034473600
1781350320	snap	3200	otelcol	otelcol-sb-esrev0-ctr-bgnq8	otelcol_receiver_refused_spans	0
1781350320	snap	3200	otelcol	otelcol-sb-esrev0-ctr-bgnq8	otelcol_process_runtime_total_sys_memory_bytes	102279448
1781350320	snap	3200	otelcol	otelcol-sb-esrev0-ctr-bgnq8	otelcol_receiver_failed_spans	0
1781350320	snap	3200	otelcol	otelcol-sb-esrev0-ctr-bgnq8	otelcol_process_runtime_heap_alloc_bytes	75551384
1781350320	snap	3200	otelcol	otelcol-sb-esrev0-ctr-bgnq8	otelcol_exporter_send_failed_spans	0
1781350320	snap	3200	otelcol	otelcol-sb-esrev0-ctr-bgnq8	otelcol_processor_outgoing_items	1347072
1781350320	snap	3200	otelcol	otelcol-sb-esrev0-ctr-bgnq8	otelcol_process_cpu_seconds	33
1781350320	snap	3200	otelcol	otelcol-sb-esrev0-ctr-bgnq8	otelcol_exporter_queue_batch_send_size_sum	1347072
1781350320	snap	3200	otelcol	otelcol-sb-esrev0-ctr-vb2mk	otelcol_process_uptime	698
1781350320	snap	3200	otelcol	otelcol-sb-esrev0-ctr-vb2mk	otelcol_process_memory_rss	237875200
1781350320	snap	3200	otelcol	otelcol-sb-esrev0-ctr-vb2mk	otelcol_exporter_send_failed_spans	0
1781350320	snap	3200	otelcol	otelcol-sb-esrev0-ctr-vb2mk	otelcol_receiver_accepted_spans	1344757
1781350320	snap	3200	otelcol	otelcol-sb-esrev0-ctr-vb2mk	otelcol_process_runtime_total_sys_memory_bytes	98093336
1781350320	snap	3200	otelcol	otelcol-sb-esrev0-ctr-vb2mk	otelcol_exporter_queue_batch_send_size_sum	1344757
1781350320	snap	3200	otelcol	otelcol-sb-esrev0-ctr-vb2mk	otelcol_process_cpu_seconds	34
1781350320	snap	3200	otelcol	otelcol-sb-esrev0-ctr-vb2mk	otelcol_process_runtime_heap_alloc_bytes	72154864
1781350320	snap	3200	otelcol	otelcol-sb-esrev0-ctr-vb2mk	otelcol_exporter_sent_spans	1304216
1781350320	snap	3200	otelcol	otelcol-sb-esrev0-ctr-vb2mk	otelcol_exporter_queue_capacity	1001
1781350320	snap	3200	otelcol	otelcol-sb-esrev0-ctr-vb2mk	otelcol_receiver_refused_spans	0
1781350320	snap	3200	otelcol	otelcol-sb-esrev0-ctr-vb2mk	otelcol_processor_incoming_items	1344757
1781350320	snap	3200	otelcol	otelcol-sb-esrev0-ctr-vb2mk	otelcol_processor_outgoing_items	1344757
1781350320	snap	3200	otelcol	otelcol-sb-esrev0-ctr-vb2mk	otelcol_exporter_queue_size	53
1781350320	snap	3200	otelcol	otelcol-sb-esrev0-ctr-vb2mk	otelcol_processor_batch_metadata_cardinality	1
1781350320	snap	3200	otelcol	otelcol-sb-esrev0-ctr-vb2mk	otelcol_receiver_failed_spans	0
1781350320	snap	3200	otelcol	otelcol-sb-esrev0-ctr-vb2mk	otelcol_processor_batch_timeout_trigger_send	2758
1781350320	snap	3200	otelcol	otelcol-sb-esrev0-ctr-vb2mk	otelcol_processor_batch_batch_send_size_sum	1344757
1781350320	snap	3200	otelcol	otelcol-sb-esrev0-ctr-vb2mk	otelcol_process_runtime_total_alloc_bytes	999366632
1781350320	snap	3200	otelcol	otelcol-sb-esrev0-ctr-j6v9t	otelcol_processor_incoming_items	10984741
1781350320	snap	3200	otelcol	otelcol-sb-esrev0-ctr-j6v9t	otelcol_process_cpu_seconds	131
1781350320	snap	3200	otelcol	otelcol-sb-esrev0-ctr-j6v9t	otelcol_process_uptime	696
1781350320	snap	3200	otelcol	otelcol-sb-esrev0-ctr-j6v9t	otelcol_process_runtime_heap_alloc_bytes	140523616
1781350320	snap	3200	otelcol	otelcol-sb-esrev0-ctr-j6v9t	otelcol_exporter_sent_spans	7161883
1781350320	snap	3200	otelcol	otelcol-sb-esrev0-ctr-j6v9t	otelcol_exporter_send_failed_spans	0
1781350320	snap	3200	otelcol	otelcol-sb-esrev0-ctr-j6v9t	otelcol_receiver_failed_spans	0
1781350320	snap	3200	otelcol	otelcol-sb-esrev0-ctr-j6v9t	otelcol_processor_outgoing_items	7390168
1781350320	snap	3200	otelcol	otelcol-sb-esrev0-ctr-j6v9t	otelcol_processor_batch_batch_send_size_sum	7390168
1781350320	snap	3200	otelcol	otelcol-sb-esrev0-ctr-j6v9t	otelcol_process_runtime_total_sys_memory_bytes	231799112
1781350320	snap	3200	otelcol	otelcol-sb-esrev0-ctr-j6v9t	otelcol_process_runtime_total_alloc_bytes	7305818296
1781350320	snap	3200	otelcol	otelcol-sb-esrev0-ctr-j6v9t	otelcol_processor_batch_batch_size_trigger_send	1
1781350320	snap	3200	otelcol	otelcol-sb-esrev0-ctr-j6v9t	otelcol_processor_batch_metadata_cardinality	1
1781350320	snap	3200	otelcol	otelcol-sb-esrev0-ctr-j6v9t	otelcol_processor_batch_timeout_trigger_send	2629
1781350320	snap	3200	otelcol	otelcol-sb-esrev0-ctr-j6v9t	otelcol_exporter_queue_size	53
1781350320	snap	3200	otelcol	otelcol-sb-esrev0-ctr-j6v9t	otelcol_receiver_accepted_spans	7390168
1781350320	snap	3200	otelcol	otelcol-sb-esrev0-ctr-j6v9t	otelcol_process_memory_rss	321667072
1781350320	snap	3200	otelcol	otelcol-sb-esrev0-ctr-j6v9t	otelcol_receiver_refused_spans	3594573
1781350320	snap	3200	otelcol	otelcol-sb-esrev0-ctr-j6v9t	otelcol_exporter_queue_capacity	1001
1781350320	snap	3200	otelcol	otelcol-sb-esrev0-ctr-j6v9t	otelcol_exporter_queue_batch_send_size_sum	7390168
1781350320	snap	3200	otelcol	otelcol-sb-esrev0-ctr-5tpmc	otelcol_processor_batch_timeout_trigger_send	2745
1781350320	snap	3200	otelcol	otelcol-sb-esrev0-ctr-5tpmc	otelcol_process_runtime_heap_alloc_bytes	140499696
1781350320	snap	3200	otelcol	otelcol-sb-esrev0-ctr-5tpmc	otelcol_processor_outgoing_items	4546070
1781350320	snap	3200	otelcol	otelcol-sb-esrev0-ctr-5tpmc	otelcol_receiver_accepted_spans	4546070
1781350320	snap	3200	otelcol	otelcol-sb-esrev0-ctr-5tpmc	otelcol_process_uptime	697
1781350320	snap	3200	otelcol	otelcol-sb-esrev0-ctr-5tpmc	otelcol_process_runtime_total_alloc_bytes	2492146904
1781350320	snap	3200	otelcol	otelcol-sb-esrev0-ctr-5tpmc	otelcol_exporter_queue_capacity	1001
1781350320	snap	3200	otelcol	otelcol-sb-esrev0-ctr-5tpmc	otelcol_receiver_refused_spans	157113
1781350320	snap	3200	otelcol	otelcol-sb-esrev0-ctr-5tpmc	otelcol_exporter_queue_batch_send_size_sum	4546070
1781350320	snap	3200	otelcol	otelcol-sb-esrev0-ctr-5tpmc	otelcol_receiver_failed_spans	0
1781350320	snap	3200	otelcol	otelcol-sb-esrev0-ctr-5tpmc	otelcol_process_cpu_seconds	62
1781350320	snap	3200	otelcol	otelcol-sb-esrev0-ctr-5tpmc	otelcol_processor_batch_batch_send_size_sum	4546070
1781350320	snap	3200	otelcol	otelcol-sb-esrev0-ctr-5tpmc	otelcol_exporter_send_failed_spans	0
1781350320	snap	3200	otelcol	otelcol-sb-esrev0-ctr-5tpmc	otelcol_processor_batch_metadata_cardinality	1
1781350320	snap	3200	otelcol	otelcol-sb-esrev0-ctr-5tpmc	otelcol_process_runtime_total_sys_memory_bytes	188246328
1781350320	snap	3200	otelcol	otelcol-sb-esrev0-ctr-5tpmc	otelcol_process_memory_rss	322465792
1781350320	snap	3200	otelcol	otelcol-sb-esrev0-ctr-5tpmc	otelcol_exporter_sent_spans	4279994
1781350320	snap	3200	otelcol	otelcol-sb-esrev0-ctr-5tpmc	otelcol_processor_incoming_items	4703183
1781350320	snap	3200	otelcol	otelcol-sb-esrev0-ctr-5tpmc	otelcol_exporter_queue_size	138
1781350320	snap	3200	otelcol	otelcol-sb-esrev0-ctr-mg8jm	otelcol_processor_outgoing_items	251017
1781350320	snap	3200	otelcol	otelcol-sb-esrev0-ctr-mg8jm	otelcol_process_memory_rss	216244224
1781350320	snap	3200	otelcol	otelcol-sb-esrev0-ctr-mg8jm	otelcol_exporter_queue_batch_send_size_sum	251017
1781350320	snap	3200	otelcol	otelcol-sb-esrev0-ctr-mg8jm	otelcol_process_runtime_heap_alloc_bytes	30414536
1781350320	snap	3200	otelcol	otelcol-sb-esrev0-ctr-mg8jm	otelcol_receiver_failed_spans	0
1781350320	snap	3200	otelcol	otelcol-sb-esrev0-ctr-mg8jm	otelcol_process_runtime_total_sys_memory_bytes	71641368
1781350320	snap	3200	otelcol	otelcol-sb-esrev0-ctr-mg8jm	otelcol_process_cpu_seconds	26
1781350320	snap	3200	otelcol	otelcol-sb-esrev0-ctr-mg8jm	otelcol_receiver_refused_spans	0
1781350320	snap	3200	otelcol	otelcol-sb-esrev0-ctr-mg8jm	otelcol_processor_batch_batch_send_size_sum	251017
1781350320	snap	3200	otelcol	otelcol-sb-esrev0-ctr-mg8jm	otelcol_process_runtime_total_alloc_bytes	382714264
1781350320	snap	3200	otelcol	otelcol-sb-esrev0-ctr-mg8jm	otelcol_receiver_accepted_spans	251017
1781350320	snap	3200	otelcol	otelcol-sb-esrev0-ctr-mg8jm	otelcol_exporter_send_failed_spans	0
1781350320	snap	3200	otelcol	otelcol-sb-esrev0-ctr-mg8jm	otelcol_processor_batch_metadata_cardinality	1
1781350320	snap	3200	otelcol	otelcol-sb-esrev0-ctr-mg8jm	otelcol_exporter_sent_spans	246009
1781350320	snap	3200	otelcol	otelcol-sb-esrev0-ctr-mg8jm	otelcol_exporter_queue_capacity	1001
1781350320	snap	3200	otelcol	otelcol-sb-esrev0-ctr-mg8jm	otelcol_processor_incoming_items	251017
1781350320	snap	3200	otelcol	otelcol-sb-esrev0-ctr-mg8jm	otelcol_processor_batch_timeout_trigger_send	2748
1781350320	snap	3200	otelcol	otelcol-sb-esrev0-ctr-mg8jm	otelcol_process_uptime	691
1781350320	snap	3200	otelcol	otelcol-sb-esrev0-ctr-mg8jm	otelcol_exporter_queue_size	36
1781350320	snap	3200	otelcol	otelcol-sb-esrev0-ctr-bxzgg	otelcol_exporter_queue_capacity	1001
1781350320	snap	3200	otelcol	otelcol-sb-esrev0-ctr-bxzgg	otelcol_processor_batch_metadata_cardinality	1
1781350320	snap	3200	otelcol	otelcol-sb-esrev0-ctr-bxzgg	otelcol_processor_batch_timeout_trigger_send	2758
1781350320	snap	3200	otelcol	otelcol-sb-esrev0-ctr-bxzgg	otelcol_processor_incoming_items	1345116
1781350320	snap	3200	otelcol	otelcol-sb-esrev0-ctr-bxzgg	otelcol_exporter_queue_batch_send_size_sum	1345116
1781350320	snap	3200	otelcol	otelcol-sb-esrev0-ctr-bxzgg	otelcol_process_memory_rss	250003456
1781350320	snap	3200	otelcol	otelcol-sb-esrev0-ctr-bxzgg	otelcol_exporter_send_failed_spans	0
1781350320	snap	3200	otelcol	otelcol-sb-esrev0-ctr-bxzgg	otelcol_processor_outgoing_items	1345116
1781350320	snap	3200	otelcol	otelcol-sb-esrev0-ctr-bxzgg	otelcol_process_cpu_seconds	35
1781350320	snap	3200	otelcol	otelcol-sb-esrev0-ctr-bxzgg	otelcol_process_uptime	697
1781350320	snap	3200	otelcol	otelcol-sb-esrev0-ctr-bxzgg	otelcol_process_runtime_total_alloc_bytes	998889104
1781350320	snap	3200	otelcol	otelcol-sb-esrev0-ctr-bxzgg	otelcol_processor_batch_batch_send_size_sum	1345116
1781350320	snap	3200	otelcol	otelcol-sb-esrev0-ctr-bxzgg	otelcol_process_runtime_total_sys_memory_bytes	110741784
1781350320	snap	3200	otelcol	otelcol-sb-esrev0-ctr-bxzgg	otelcol_process_runtime_heap_alloc_bytes	85674120
1781350320	snap	3200	otelcol	otelcol-sb-esrev0-ctr-bxzgg	otelcol_receiver_refused_spans	0
1781350320	snap	3200	otelcol	otelcol-sb-esrev0-ctr-bxzgg	otelcol_receiver_failed_spans	0
1781350320	snap	3200	otelcol	otelcol-sb-esrev0-ctr-bxzgg	otelcol_exporter_sent_spans	1293659
1781350320	snap	3200	otelcol	otelcol-sb-esrev0-ctr-bxzgg	otelcol_receiver_accepted_spans	1345116
1781350320	snap	3200	otelcol	otelcol-sb-esrev0-ctr-bxzgg	otelcol_exporter_queue_size	67
1781350320	snap	3200	otelcol	otelcol-sb-esrev0-ctr-8ncml	otelcol_processor_outgoing_items	1345983
1781350320	snap	3200	otelcol	otelcol-sb-esrev0-ctr-8ncml	otelcol_process_cpu_seconds	37
1781350320	snap	3200	otelcol	otelcol-sb-esrev0-ctr-8ncml	otelcol_process_uptime	698
1781350320	snap	3200	otelcol	otelcol-sb-esrev0-ctr-8ncml	otelcol_exporter_queue_batch_send_size_sum	1345983
1781350320	snap	3200	otelcol	otelcol-sb-esrev0-ctr-8ncml	otelcol_receiver_failed_spans	0
1781350320	snap	3200	otelcol	otelcol-sb-esrev0-ctr-8ncml	otelcol_receiver_refused_spans	0
1781350320	snap	3200	otelcol	otelcol-sb-esrev0-ctr-8ncml	otelcol_process_runtime_heap_alloc_bytes	77513656
1781350320	snap	3200	otelcol	otelcol-sb-esrev0-ctr-8ncml	otelcol_processor_batch_batch_send_size_sum	1345983
1781350320	snap	3200	otelcol	otelcol-sb-esrev0-ctr-8ncml	otelcol_process_runtime_total_sys_memory_bytes	101763352
1781350320	snap	3200	otelcol	otelcol-sb-esrev0-ctr-8ncml	otelcol_exporter_sent_spans	1302818
1781350320	snap	3200	otelcol	otelcol-sb-esrev0-ctr-8ncml	otelcol_exporter_queue_size	56
1781350320	snap	3200	otelcol	otelcol-sb-esrev0-ctr-8ncml	otelcol_exporter_send_failed_spans	0
1781350320	snap	3200	otelcol	otelcol-sb-esrev0-ctr-8ncml	otelcol_receiver_accepted_spans	1345983
1781350320	snap	3200	otelcol	otelcol-sb-esrev0-ctr-8ncml	otelcol_processor_batch_metadata_cardinality	1
1781350320	snap	3200	otelcol	otelcol-sb-esrev0-ctr-8ncml	otelcol_processor_incoming_items	1345983
1781350320	snap	3200	otelcol	otelcol-sb-esrev0-ctr-8ncml	otelcol_processor_batch_timeout_trigger_send	2758
1781350320	snap	3200	otelcol	otelcol-sb-esrev0-ctr-8ncml	otelcol_exporter_queue_capacity	1001
1781350320	snap	3200	otelcol	otelcol-sb-esrev0-ctr-8ncml	otelcol_process_runtime_total_alloc_bytes	1020030584
1781350320	snap	3200	otelcol	otelcol-sb-esrev0-ctr-8ncml	otelcol_process_memory_rss	243134464
1781350320	snap	3200	otelcol	otelcol-sb-esrev0-ctr-t4pj5	otelcol_exporter_send_failed_spans	0
1781350320	snap	3200	otelcol	otelcol-sb-esrev0-ctr-t4pj5	otelcol_exporter_queue_size	85
1781350320	snap	3200	otelcol	otelcol-sb-esrev0-ctr-t4pj5	otelcol_processor_incoming_items	1459805
1781350320	snap	3200	otelcol	otelcol-sb-esrev0-ctr-t4pj5	otelcol_processor_outgoing_items	1456607
1781350320	snap	3200	otelcol	otelcol-sb-esrev0-ctr-t4pj5	otelcol_process_runtime_total_sys_memory_bytes	106535208
1781350320	snap	3200	otelcol	otelcol-sb-esrev0-ctr-t4pj5	otelcol_processor_batch_metadata_cardinality	1
1781350320	snap	3200	otelcol	otelcol-sb-esrev0-ctr-t4pj5	otelcol_processor_batch_timeout_trigger_send	2758
1781350320	snap	3200	otelcol	otelcol-sb-esrev0-ctr-t4pj5	otelcol_process_memory_rss	243445760
1781350320	snap	3200	otelcol	otelcol-sb-esrev0-ctr-t4pj5	otelcol_exporter_queue_batch_send_size_sum	1456607
1781350320	snap	3200	otelcol	otelcol-sb-esrev0-ctr-t4pj5	otelcol_receiver_failed_spans	0
1781350320	snap	3200	otelcol	otelcol-sb-esrev0-ctr-t4pj5	otelcol_process_cpu_seconds	34
1781350320	snap	3200	otelcol	otelcol-sb-esrev0-ctr-t4pj5	otelcol_receiver_accepted_spans	1456607
1781350320	snap	3200	otelcol	otelcol-sb-esrev0-ctr-t4pj5	otelcol_process_runtime_heap_alloc_bytes	68538680
1781350320	snap	3200	otelcol	otelcol-sb-esrev0-ctr-t4pj5	otelcol_exporter_sent_spans	1391127
1781350320	snap	3200	otelcol	otelcol-sb-esrev0-ctr-t4pj5	otelcol_processor_batch_batch_send_size_sum	1456607
1781350320	snap	3200	otelcol	otelcol-sb-esrev0-ctr-t4pj5	otelcol_process_uptime	702
1781350320	snap	3200	otelcol	otelcol-sb-esrev0-ctr-t4pj5	otelcol_process_runtime_total_alloc_bytes	1067569176
1781350320	snap	3200	otelcol	otelcol-sb-esrev0-ctr-t4pj5	otelcol_exporter_queue_capacity	1001
1781350320	snap	3200	otelcol	otelcol-sb-esrev0-ctr-t4pj5	otelcol_receiver_refused_spans	3198
1781350320	snap	3200	k8s	otelcol-sb-esrev0-ctr-5tpmc	restart_count	0
1781350320	snap	3200	k8s	otelcol-sb-esrev0-ctr-8ncml	restart_count	0
1781350320	snap	3200	k8s	otelcol-sb-esrev0-ctr-bgnq8	restart_count	0
1781350320	snap	3200	k8s	otelcol-sb-esrev0-ctr-bxzgg	restart_count	0
1781350320	snap	3200	k8s	otelcol-sb-esrev0-ctr-hj4v4	restart_count	0
1781350320	snap	3200	k8s	otelcol-sb-esrev0-ctr-j6v9t	restart_count	0
1781350320	snap	3200	k8s	otelcol-sb-esrev0-ctr-mg8jm	restart_count	0
1781350320	snap	3200	k8s	otelcol-sb-esrev0-ctr-t4pj5	restart_count	0
1781350320	snap	3200	k8s	otelcol-sb-esrev0-ctr-vb2mk	restart_count	0
1781350320	snap	3200	sdk	wrk2api	spans_received	251040
1781350320	snap	3200	sdk	wrk2api	spans_sent	251040
1781350320	snap	3200	sdk	wrk2api	spans_dropped	0
1781350320	snap	3200	sdk	wrk2api	spans_flushed	251040
1781350320	snap	3200	sdk	wrk2api	batches_sent	10872
1781350320	snap	3200	sdk	wrk2api	batches_dropped	0
1781350320	snap	3200	sdk	wrk2api	send_unavailable	0
1781350320	snap	3200	sdk	wrk2api	send_deadline	0
1781350320	snap	3200	sdk	wrk2api	send_exhausted	0
1781350320	snap	3200	sdk	wrk2api	send_canceled	0
1781350320	snap	3200	sdk	wrk2api	send_other	0
1781350320	snap	3200	sdk	wrk2api	buffer_depth	0
0
1781350320	snap	3200	sdk	wrk2api	cp_received	125520
1781350320	snap	3200	sdk	wrk2api	lp_received	125520
1781350320	snap	3200	sdk	wrk2api	cp_sent	125520
1781350320	snap	3200	sdk	wrk2api	lp_sent	125520
1781350320	snap	3200	sdk	wrk2api	cp_dropped	0
1781350320	snap	3200	sdk	wrk2api	lp_dropped	0
1781350320	snap	3200	sdk	composepost	spans_received	8749732
1781350320	snap	3200	sdk	composepost	spans_sent	7147072
1781350320	snap	3200	sdk	composepost	spans_dropped	1602660
1781350320	snap	3200	sdk	composepost	spans_flushed	8749732
1781350320	snap	3200	sdk	composepost	batches_sent	35812
1781350320	snap	3200	sdk	composepost	batches_dropped	5765
1781350320	snap	3200	sdk	composepost	send_unavailable	4584
1781350320	snap	3200	sdk	composepost	send_deadline	1181
1781350320	snap	3200	sdk	composepost	send_exhausted	0
1781350320	snap	3200	sdk	composepost	send_canceled	0
1781350320	snap	3200	sdk	composepost	send_other	0
1781350320	snap	3200	sdk	composepost	buffer_depth	0
0
1781350320	snap	3200	sdk	composepost	cp_received	7656015
1781350320	snap	3200	sdk	composepost	lp_received	1093717
1781350320	snap	3200	sdk	composepost	cp_sent	7087175
1781350320	snap	3200	sdk	composepost	lp_sent	59897
1781350320	snap	3200	sdk	composepost	cp_dropped	568840
1781350320	snap	3200	sdk	composepost	lp_dropped	1033820
1781350320	snap	3200	sdk	hometimeline	spans_received	2187426
1781350320	snap	3200	sdk	hometimeline	spans_sent	116100
1781350320	snap	3200	sdk	hometimeline	spans_dropped	2071326
1781350320	snap	3200	sdk	hometimeline	spans_flushed	2187426
1781350320	snap	3200	sdk	hometimeline	batches_sent	2462
1781350320	snap	3200	sdk	hometimeline	batches_dropped	7933
1781350320	snap	3200	sdk	hometimeline	send_unavailable	7897
1781350320	snap	3200	sdk	hometimeline	send_deadline	36
1781350320	snap	3200	sdk	hometimeline	send_exhausted	0
1781350320	snap	3200	sdk	hometimeline	send_canceled	0
1781350320	snap	3200	sdk	hometimeline	send_other	0
1781350320	snap	3200	sdk	hometimeline	buffer_depth	0
0
1781350320	snap	3200	sdk	hometimeline	cp_received	0
1781350320	snap	3200	sdk	hometimeline	lp_received	2187426
1781350320	snap	3200	sdk	hometimeline	cp_sent	0
1781350320	snap	3200	sdk	hometimeline	lp_sent	116100
1781350320	snap	3200	sdk	hometimeline	cp_dropped	0
1781350320	snap	3200	sdk	hometimeline	lp_dropped	2071326
1781350320	snap	3200	sdk	media	spans_received	1093717
1781350320	snap	3200	sdk	media	spans_sent	1080339
1781350320	snap	3200	sdk	media	spans_dropped	13378
1781350320	snap	3200	sdk	media	spans_flushed	1093717
1781350320	snap	3200	sdk	media	batches_sent	5158
1781350320	snap	3200	sdk	media	batches_dropped	43
1781350320	snap	3200	sdk	media	send_unavailable	43
1781350320	snap	3200	sdk	media	send_deadline	0
1781350320	snap	3200	sdk	media	send_exhausted	0
1781350320	snap	3200	sdk	media	send_canceled	0
1781350320	snap	3200	sdk	media	send_other	0
1781350320	snap	3200	sdk	media	buffer_depth	0
0
1781350320	snap	3200	sdk	media	cp_received	1093717
1781350320	snap	3200	sdk	media	lp_received	0
1781350320	snap	3200	sdk	media	cp_sent	1080339
1781350320	snap	3200	sdk	media	lp_sent	0
1781350320	snap	3200	sdk	media	cp_dropped	13378
1781350320	snap	3200	sdk	media	lp_dropped	0
1781350320	snap	3200	sdk	post-storage	spans_received	1093713
1781350320	snap	3200	sdk	post-storage	spans_sent	1093713
1781350320	snap	3200	sdk	post-storage	spans_dropped	0
1781350320	snap	3200	sdk	post-storage	spans_flushed	1093713
1781350320	snap	3200	sdk	post-storage	batches_sent	5197
1781350320	snap	3200	sdk	post-storage	batches_dropped	0
1781350320	snap	3200	sdk	post-storage	send_unavailable	0
1781350320	snap	3200	sdk	post-storage	send_deadline	0
1781350320	snap	3200	sdk	post-storage	send_exhausted	0
1781350320	snap	3200	sdk	post-storage	send_canceled	0
1781350320	snap	3200	sdk	post-storage	send_other	0
1781350320	snap	3200	sdk	post-storage	buffer_depth	0
0
1781350320	snap	3200	sdk	post-storage	cp_received	1093713
1781350320	snap	3200	sdk	post-storage	lp_received	0
1781350320	snap	3200	sdk	post-storage	cp_sent	1093713
1781350320	snap	3200	sdk	post-storage	lp_sent	0
1781350320	snap	3200	sdk	post-storage	cp_dropped	0
1781350320	snap	3200	sdk	post-storage	lp_dropped	0
1781350320	snap	3200	sdk	socialgraph	spans_received	1207547
1781350320	snap	3200	sdk	socialgraph	spans_sent	1204725
1781350320	snap	3200	sdk	socialgraph	spans_dropped	2822
1781350320	snap	3200	sdk	socialgraph	spans_flushed	1207547
1781350320	snap	3200	sdk	socialgraph	batches_sent	5669
1781350320	snap	3200	sdk	socialgraph	batches_dropped	14
1781350320	snap	3200	sdk	socialgraph	send_unavailable	14
1781350320	snap	3200	sdk	socialgraph	send_deadline	0
1781350320	snap	3200	sdk	socialgraph	send_exhausted	0
1781350320	snap	3200	sdk	socialgraph	send_canceled	0
1781350320	snap	3200	sdk	socialgraph	send_other	0
1781350320	snap	3200	sdk	socialgraph	buffer_depth	0
0
1781350320	snap	3200	sdk	socialgraph	cp_received	1169923
1781350320	snap	3200	sdk	socialgraph	lp_received	37624
1781350320	snap	3200	sdk	socialgraph	cp_sent	1169923
1781350320	snap	3200	sdk	socialgraph	lp_sent	34802
1781350320	snap	3200	sdk	socialgraph	cp_dropped	0
1781350320	snap	3200	sdk	socialgraph	lp_dropped	2822
1781350320	snap	3200	sdk	text	spans_received	3281159
1781350320	snap	3200	sdk	text	spans_sent	3144080
1781350320	snap	3200	sdk	text	spans_dropped	137079
1781350320	snap	3200	sdk	text	spans_flushed	3281159
1781350320	snap	3200	sdk	text	batches_sent	15155
1781350320	snap	3200	sdk	text	batches_dropped	436
1781350320	snap	3200	sdk	text	send_unavailable	436
1781350320	snap	3200	sdk	text	send_deadline	0
1781350320	snap	3200	sdk	text	send_exhausted	0
1781350320	snap	3200	sdk	text	send_canceled	0
1781350320	snap	3200	sdk	text	send_other	0
1781350320	snap	3200	sdk	text	buffer_depth	0
0
1781350320	snap	3200	sdk	text	cp_received	0
1781350320	snap	3200	sdk	text	lp_received	3281159
1781350320	snap	3200	sdk	text	cp_sent	0
1781350320	snap	3200	sdk	text	lp_sent	3144080
1781350320	snap	3200	sdk	text	cp_dropped	0
1781350320	snap	3200	sdk	text	lp_dropped	137079
1781350320	snap	3200	sdk	uniqueid	spans_received	1093717
1781350320	snap	3200	sdk	uniqueid	spans_sent	1093717
1781350320	snap	3200	sdk	uniqueid	spans_dropped	0
1781350320	snap	3200	sdk	uniqueid	spans_flushed	1093717
1781350320	snap	3200	sdk	uniqueid	batches_sent	5197
1781350320	snap	3200	sdk	uniqueid	batches_dropped	0
1781350320	snap	3200	sdk	uniqueid	send_unavailable	0
1781350320	snap	3200	sdk	uniqueid	send_deadline	0
1781350320	snap	3200	sdk	uniqueid	send_exhausted	0
1781350320	snap	3200	sdk	uniqueid	send_canceled	0
1781350320	snap	3200	sdk	uniqueid	send_other	0
1781350320	snap	3200	sdk	uniqueid	buffer_depth	0
0
1781350320	snap	3200	sdk	uniqueid	cp_received	1093717
1781350320	snap	3200	sdk	uniqueid	lp_received	0
1781350320	snap	3200	sdk	uniqueid	cp_sent	1093717
1781350320	snap	3200	sdk	uniqueid	lp_sent	0
1781350320	snap	3200	sdk	uniqueid	cp_dropped	0
1781350320	snap	3200	sdk	uniqueid	lp_dropped	0
1781350320	snap	3200	sdk	urlshorten	spans_received	1093717
1781350320	snap	3200	sdk	urlshorten	spans_sent	1093717
1781350320	snap	3200	sdk	urlshorten	spans_dropped	0
1781350320	snap	3200	sdk	urlshorten	spans_flushed	1093717
1781350320	snap	3200	sdk	urlshorten	batches_sent	5197
1781350320	snap	3200	sdk	urlshorten	batches_dropped	0
1781350320	snap	3200	sdk	urlshorten	send_unavailable	0
1781350320	snap	3200	sdk	urlshorten	send_deadline	0
1781350320	snap	3200	sdk	urlshorten	send_exhausted	0
1781350320	snap	3200	sdk	urlshorten	send_canceled	0
1781350320	snap	3200	sdk	urlshorten	send_other	0
1781350320	snap	3200	sdk	urlshorten	buffer_depth	0
0
1781350320	snap	3200	sdk	urlshorten	cp_received	1093717
1781350320	snap	3200	sdk	urlshorten	lp_received	0
1781350320	snap	3200	sdk	urlshorten	cp_sent	1093717
1781350320	snap	3200	sdk	urlshorten	lp_sent	0
1781350320	snap	3200	sdk	urlshorten	cp_dropped	0
1781350320	snap	3200	sdk	urlshorten	lp_dropped	0
1781350320	snap	3200	sdk	user	spans_received	1095641
1781350320	snap	3200	sdk	user	spans_sent	1095641
1781350320	snap	3200	sdk	user	spans_dropped	0
1781350320	snap	3200	sdk	user	spans_flushed	1095641
1781350320	snap	3200	sdk	user	batches_sent	5209
1781350320	snap	3200	sdk	user	batches_dropped	0
1781350320	snap	3200	sdk	user	send_unavailable	0
1781350320	snap	3200	sdk	user	send_deadline	0
1781350320	snap	3200	sdk	user	send_exhausted	0
1781350320	snap	3200	sdk	user	send_canceled	0
1781350320	snap	3200	sdk	user	send_other	0
1781350320	snap	3200	sdk	user	buffer_depth	0
0
1781350320	snap	3200	sdk	user	cp_received	1094679
1781350320	snap	3200	sdk	user	lp_received	962
1781350320	snap	3200	sdk	user	cp_sent	1094679
1781350320	snap	3200	sdk	user	lp_sent	962
1781350320	snap	3200	sdk	user	cp_dropped	0
1781350320	snap	3200	sdk	user	lp_dropped	0
1781350320	snap	3200	sdk	userid	spans_received	75248
1781350320	snap	3200	sdk	userid	spans_sent	75248
1781350320	snap	3200	sdk	userid	spans_dropped	0
1781350320	snap	3200	sdk	userid	spans_flushed	75248
1781350320	snap	3200	sdk	userid	batches_sent	247
1781350320	snap	3200	sdk	userid	batches_dropped	0
1781350320	snap	3200	sdk	userid	send_unavailable	0
1781350320	snap	3200	sdk	userid	send_deadline	0
1781350320	snap	3200	sdk	userid	send_exhausted	0
1781350320	snap	3200	sdk	userid	send_canceled	0
1781350320	snap	3200	sdk	userid	send_other	0
1781350320	snap	3200	sdk	userid	buffer_depth	0
0
1781350320	snap	3200	sdk	userid	cp_received	75248
1781350320	snap	3200	sdk	userid	lp_received	0
1781350320	snap	3200	sdk	userid	cp_sent	75248
1781350320	snap	3200	sdk	userid	lp_sent	0
1781350320	snap	3200	sdk	userid	cp_dropped	0
1781350320	snap	3200	sdk	userid	lp_dropped	0
1781350320	snap	3200	sdk	usermention	spans_received	1093717
1781350320	snap	3200	sdk	usermention	spans_sent	1093717
1781350320	snap	3200	sdk	usermention	spans_dropped	0
1781350320	snap	3200	sdk	usermention	spans_flushed	1093717
1781350320	snap	3200	sdk	usermention	batches_sent	5196
1781350320	snap	3200	sdk	usermention	batches_dropped	0
1781350320	snap	3200	sdk	usermention	send_unavailable	0
1781350320	snap	3200	sdk	usermention	send_deadline	0
1781350320	snap	3200	sdk	usermention	send_exhausted	0
1781350320	snap	3200	sdk	usermention	send_canceled	0
1781350320	snap	3200	sdk	usermention	send_other	0
1781350320	snap	3200	sdk	usermention	buffer_depth	0
0
1781350320	snap	3200	sdk	usermention	cp_received	1093717
1781350320	snap	3200	sdk	usermention	lp_received	0
1781350320	snap	3200	sdk	usermention	cp_sent	1093717
1781350320	snap	3200	sdk	usermention	lp_sent	0
1781350320	snap	3200	sdk	usermention	cp_dropped	0
1781350320	snap	3200	sdk	usermention	lp_dropped	0
1781350320	snap	3200	sdk	usertimeline	spans_received	1093713
1781350320	snap	3200	sdk	usertimeline	spans_sent	1093713
1781350320	snap	3200	sdk	usertimeline	spans_dropped	0
1781350320	snap	3200	sdk	usertimeline	spans_flushed	1093713
1781350320	snap	3200	sdk	usertimeline	batches_sent	5196
1781350320	snap	3200	sdk	usertimeline	batches_dropped	0
1781350320	snap	3200	sdk	usertimeline	send_unavailable	0
1781350320	snap	3200	sdk	usertimeline	send_deadline	0
1781350320	snap	3200	sdk	usertimeline	send_exhausted	0
1781350320	snap	3200	sdk	usertimeline	send_canceled	0
1781350320	snap	3200	sdk	usertimeline	send_other	0
1781350320	snap	3200	sdk	usertimeline	buffer_depth	0
0
1781350320	snap	3200	sdk	usertimeline	cp_received	1093713
1781350320	snap	3200	sdk	usertimeline	lp_received	0
1781350320	snap	3200	sdk	usertimeline	cp_sent	1093713
1781350320	snap	3200	sdk	usertimeline	lp_sent	0
1781350320	snap	3200	sdk	usertimeline	cp_dropped	0
1781350320	snap	3200	sdk	usertimeline	lp_dropped	0
1781350327	snap	3400	otelcol	otelcol-sb-esrev0-ctr-hj4v4	otelcol_process_uptime	703
1781350327	snap	3400	otelcol	otelcol-sb-esrev0-ctr-hj4v4	otelcol_exporter_sent_spans	2278153
1781350327	snap	3400	otelcol	otelcol-sb-esrev0-ctr-hj4v4	otelcol_process_runtime_total_sys_memory_bytes	136784152
1781350327	snap	3400	otelcol	otelcol-sb-esrev0-ctr-hj4v4	otelcol_process_runtime_total_alloc_bytes	1687649272
1781350327	snap	3400	otelcol	otelcol-sb-esrev0-ctr-hj4v4	otelcol_exporter_queue_capacity	1001
1781350327	snap	3400	otelcol	otelcol-sb-esrev0-ctr-hj4v4	otelcol_receiver_failed_spans	0
1781350327	snap	3400	otelcol	otelcol-sb-esrev0-ctr-hj4v4	otelcol_processor_batch_metadata_cardinality	1
1781350327	snap	3400	otelcol	otelcol-sb-esrev0-ctr-hj4v4	otelcol_processor_batch_batch_send_size_sum	2320708
1781350327	snap	3400	otelcol	otelcol-sb-esrev0-ctr-hj4v4	otelcol_receiver_refused_spans	117780
1781350327	snap	3400	otelcol	otelcol-sb-esrev0-ctr-hj4v4	otelcol_processor_batch_timeout_trigger_send	2761
1781350327	snap	3400	otelcol	otelcol-sb-esrev0-ctr-hj4v4	otelcol_exporter_send_failed_spans	0
1781350327	snap	3400	otelcol	otelcol-sb-esrev0-ctr-hj4v4	otelcol_exporter_queue_size	33
1781350327	snap	3400	otelcol	otelcol-sb-esrev0-ctr-hj4v4	otelcol_exporter_queue_batch_send_size_sum	2320708
1781350327	snap	3400	otelcol	otelcol-sb-esrev0-ctr-hj4v4	otelcol_processor_incoming_items	2438488
1781350327	snap	3400	otelcol	otelcol-sb-esrev0-ctr-hj4v4	otelcol_process_runtime_heap_alloc_bytes	94702464
1781350327	snap	3400	otelcol	otelcol-sb-esrev0-ctr-hj4v4	otelcol_process_memory_rss	270376960
1781350327	snap	3400	otelcol	otelcol-sb-esrev0-ctr-hj4v4	otelcol_receiver_accepted_spans	2320708
1781350327	snap	3400	otelcol	otelcol-sb-esrev0-ctr-hj4v4	otelcol_processor_outgoing_items	2320708
1781350327	snap	3400	otelcol	otelcol-sb-esrev0-ctr-hj4v4	otelcol_process_cpu_seconds	49
1781350327	snap	3400	otelcol	otelcol-sb-esrev0-ctr-bgnq8	otelcol_processor_batch_batch_send_size_sum	1347072
1781350327	snap	3400	otelcol	otelcol-sb-esrev0-ctr-bgnq8	otelcol_exporter_sent_spans	1276599
1781350327	snap	3400	otelcol	otelcol-sb-esrev0-ctr-bgnq8	otelcol_processor_batch_metadata_cardinality	1
1781350327	snap	3400	otelcol	otelcol-sb-esrev0-ctr-bgnq8	otelcol_receiver_accepted_spans	1347072
1781350327	snap	3400	otelcol	otelcol-sb-esrev0-ctr-bgnq8	otelcol_process_uptime	706
1781350327	snap	3400	otelcol	otelcol-sb-esrev0-ctr-bgnq8	otelcol_process_memory_rss	243056640
1781350327	snap	3400	otelcol	otelcol-sb-esrev0-ctr-bgnq8	otelcol_exporter_queue_size	92
1781350327	snap	3400	otelcol	otelcol-sb-esrev0-ctr-bgnq8	otelcol_processor_incoming_items	1347072
1781350327	snap	3400	otelcol	otelcol-sb-esrev0-ctr-bgnq8	otelcol_exporter_queue_capacity	1001
1781350327	snap	3400	otelcol	otelcol-sb-esrev0-ctr-bgnq8	otelcol_processor_batch_timeout_trigger_send	2762
1781350327	snap	3400	otelcol	otelcol-sb-esrev0-ctr-bgnq8	otelcol_process_runtime_total_alloc_bytes	1036647864
1781350327	snap	3400	otelcol	otelcol-sb-esrev0-ctr-bgnq8	otelcol_receiver_refused_spans	0
1781350327	snap	3400	otelcol	otelcol-sb-esrev0-ctr-bgnq8	otelcol_process_runtime_total_sys_memory_bytes	102541592
1781350327	snap	3400	otelcol	otelcol-sb-esrev0-ctr-bgnq8	otelcol_receiver_failed_spans	0
1781350327	snap	3400	otelcol	otelcol-sb-esrev0-ctr-bgnq8	otelcol_process_runtime_heap_alloc_bytes	77725648
1781350327	snap	3400	otelcol	otelcol-sb-esrev0-ctr-bgnq8	otelcol_exporter_send_failed_spans	0
1781350327	snap	3400	otelcol	otelcol-sb-esrev0-ctr-bgnq8	otelcol_processor_outgoing_items	1347072
1781350327	snap	3400	otelcol	otelcol-sb-esrev0-ctr-bgnq8	otelcol_process_cpu_seconds	33
1781350327	snap	3400	otelcol	otelcol-sb-esrev0-ctr-bgnq8	otelcol_exporter_queue_batch_send_size_sum	1347072
1781350327	snap	3400	otelcol	otelcol-sb-esrev0-ctr-vb2mk	otelcol_process_uptime	706
1781350327	snap	3400	otelcol	otelcol-sb-esrev0-ctr-vb2mk	otelcol_process_memory_rss	241537024
1781350327	snap	3400	otelcol	otelcol-sb-esrev0-ctr-vb2mk	otelcol_exporter_send_failed_spans	0
1781350327	snap	3400	otelcol	otelcol-sb-esrev0-ctr-vb2mk	otelcol_receiver_accepted_spans	1344757
1781350327	snap	3400	otelcol	otelcol-sb-esrev0-ctr-vb2mk	otelcol_process_runtime_total_sys_memory_bytes	102287640
1781350327	snap	3400	otelcol	otelcol-sb-esrev0-ctr-vb2mk	otelcol_exporter_queue_batch_send_size_sum	1344757
1781350327	snap	3400	otelcol	otelcol-sb-esrev0-ctr-vb2mk	otelcol_process_cpu_seconds	35
1781350327	snap	3400	otelcol	otelcol-sb-esrev0-ctr-vb2mk	otelcol_process_runtime_heap_alloc_bytes	76378368
1781350327	snap	3400	otelcol	otelcol-sb-esrev0-ctr-vb2mk	otelcol_exporter_sent_spans	1337590
1781350327	snap	3400	otelcol	otelcol-sb-esrev0-ctr-vb2mk	otelcol_exporter_queue_capacity	1001
1781350327	snap	3400	otelcol	otelcol-sb-esrev0-ctr-vb2mk	otelcol_receiver_refused_spans	0
1781350327	snap	3400	otelcol	otelcol-sb-esrev0-ctr-vb2mk	otelcol_processor_incoming_items	1344757
1781350327	snap	3400	otelcol	otelcol-sb-esrev0-ctr-vb2mk	otelcol_processor_outgoing_items	1344757
1781350327	snap	3400	otelcol	otelcol-sb-esrev0-ctr-vb2mk	otelcol_exporter_queue_size	9
1781350327	snap	3400	otelcol	otelcol-sb-esrev0-ctr-vb2mk	otelcol_processor_batch_metadata_cardinality	1
1781350327	snap	3400	otelcol	otelcol-sb-esrev0-ctr-vb2mk	otelcol_receiver_failed_spans	0
1781350327	snap	3400	otelcol	otelcol-sb-esrev0-ctr-vb2mk	otelcol_processor_batch_timeout_trigger_send	2758
1781350327	snap	3400	otelcol	otelcol-sb-esrev0-ctr-vb2mk	otelcol_processor_batch_batch_send_size_sum	1344757
1781350327	snap	3400	otelcol	otelcol-sb-esrev0-ctr-vb2mk	otelcol_process_runtime_total_alloc_bytes	1003590136
1781350327	snap	3400	otelcol	otelcol-sb-esrev0-ctr-j6v9t	otelcol_processor_incoming_items	10984741
1781350327	snap	3400	otelcol	otelcol-sb-esrev0-ctr-j6v9t	otelcol_process_cpu_seconds	132
1781350327	snap	3400	otelcol	otelcol-sb-esrev0-ctr-j6v9t	otelcol_process_uptime	704
1781350327	snap	3400	otelcol	otelcol-sb-esrev0-ctr-j6v9t	otelcol_process_runtime_heap_alloc_bytes	142746224
1781350327	snap	3400	otelcol	otelcol-sb-esrev0-ctr-j6v9t	otelcol_exporter_sent_spans	7190333
1781350327	snap	3400	otelcol	otelcol-sb-esrev0-ctr-j6v9t	otelcol_exporter_send_failed_spans	0
1781350327	snap	3400	otelcol	otelcol-sb-esrev0-ctr-j6v9t	otelcol_receiver_failed_spans	0
1781350327	snap	3400	otelcol	otelcol-sb-esrev0-ctr-j6v9t	otelcol_processor_outgoing_items	7390168
1781350327	snap	3400	otelcol	otelcol-sb-esrev0-ctr-j6v9t	otelcol_processor_batch_batch_send_size_sum	7390168
1781350327	snap	3400	otelcol	otelcol-sb-esrev0-ctr-j6v9t	otelcol_process_runtime_total_sys_memory_bytes	231799112
1781350327	snap	3400	otelcol	otelcol-sb-esrev0-ctr-j6v9t	otelcol_process_runtime_total_alloc_bytes	7318116976
1781350327	snap	3400	otelcol	otelcol-sb-esrev0-ctr-j6v9t	otelcol_processor_batch_batch_size_trigger_send	1
1781350327	snap	3400	otelcol	otelcol-sb-esrev0-ctr-j6v9t	otelcol_processor_batch_metadata_cardinality	1
1781350327	snap	3400	otelcol	otelcol-sb-esrev0-ctr-j6v9t	otelcol_processor_batch_timeout_trigger_send	2629
1781350327	snap	3400	otelcol	otelcol-sb-esrev0-ctr-j6v9t	otelcol_exporter_queue_size	47
1781350327	snap	3400	otelcol	otelcol-sb-esrev0-ctr-j6v9t	otelcol_receiver_accepted_spans	7390168
1781350327	snap	3400	otelcol	otelcol-sb-esrev0-ctr-j6v9t	otelcol_process_memory_rss	324984832
1781350327	snap	3400	otelcol	otelcol-sb-esrev0-ctr-j6v9t	otelcol_receiver_refused_spans	3594573
1781350327	snap	3400	otelcol	otelcol-sb-esrev0-ctr-j6v9t	otelcol_exporter_queue_capacity	1001
1781350327	snap	3400	otelcol	otelcol-sb-esrev0-ctr-j6v9t	otelcol_exporter_queue_batch_send_size_sum	7390168
1781350327	snap	3400	otelcol	otelcol-sb-esrev0-ctr-5tpmc	otelcol_processor_batch_timeout_trigger_send	2745
1781350327	snap	3400	otelcol	otelcol-sb-esrev0-ctr-5tpmc	otelcol_process_runtime_heap_alloc_bytes	109851576
1781350327	snap	3400	otelcol	otelcol-sb-esrev0-ctr-5tpmc	otelcol_processor_outgoing_items	4546070
1781350327	snap	3400	otelcol	otelcol-sb-esrev0-ctr-5tpmc	otelcol_receiver_accepted_spans	4546070
1781350327	snap	3400	otelcol	otelcol-sb-esrev0-ctr-5tpmc	otelcol_process_uptime	704
1781350327	snap	3400	otelcol	otelcol-sb-esrev0-ctr-5tpmc	otelcol_process_runtime_total_alloc_bytes	2505269160
1781350327	snap	3400	otelcol	otelcol-sb-esrev0-ctr-5tpmc	otelcol_exporter_queue_capacity	1001
1781350327	snap	3400	otelcol	otelcol-sb-esrev0-ctr-5tpmc	otelcol_receiver_refused_spans	157113
1781350327	snap	3400	otelcol	otelcol-sb-esrev0-ctr-5tpmc	otelcol_exporter_queue_batch_send_size_sum	4546070
1781350327	snap	3400	otelcol	otelcol-sb-esrev0-ctr-5tpmc	otelcol_receiver_failed_spans	0
1781350327	snap	3400	otelcol	otelcol-sb-esrev0-ctr-5tpmc	otelcol_process_cpu_seconds	63
1781350327	snap	3400	otelcol	otelcol-sb-esrev0-ctr-5tpmc	otelcol_processor_batch_batch_send_size_sum	4546070
1781350327	snap	3400	otelcol	otelcol-sb-esrev0-ctr-5tpmc	otelcol_exporter_send_failed_spans	0
1781350327	snap	3400	otelcol	otelcol-sb-esrev0-ctr-5tpmc	otelcol_processor_batch_metadata_cardinality	1
1781350327	snap	3400	otelcol	otelcol-sb-esrev0-ctr-5tpmc	otelcol_process_runtime_total_sys_memory_bytes	188246328
1781350327	snap	3400	otelcol	otelcol-sb-esrev0-ctr-5tpmc	otelcol_process_memory_rss	323325952
1781350327	snap	3400	otelcol	otelcol-sb-esrev0-ctr-5tpmc	otelcol_exporter_sent_spans	4363757
1781350327	snap	3400	otelcol	otelcol-sb-esrev0-ctr-5tpmc	otelcol_processor_incoming_items	4703183
1781350327	snap	3400	otelcol	otelcol-sb-esrev0-ctr-5tpmc	otelcol_exporter_queue_size	107
1781350327	snap	3400	otelcol	otelcol-sb-esrev0-ctr-mg8jm	otelcol_processor_outgoing_items	251017
1781350327	snap	3400	otelcol	otelcol-sb-esrev0-ctr-mg8jm	otelcol_process_memory_rss	216244224
1781350327	snap	3400	otelcol	otelcol-sb-esrev0-ctr-mg8jm	otelcol_exporter_queue_batch_send_size_sum	251017
1781350327	snap	3400	otelcol	otelcol-sb-esrev0-ctr-mg8jm	otelcol_process_runtime_heap_alloc_bytes	31755536
1781350327	snap	3400	otelcol	otelcol-sb-esrev0-ctr-mg8jm	otelcol_receiver_failed_spans	0
1781350327	snap	3400	otelcol	otelcol-sb-esrev0-ctr-mg8jm	otelcol_process_runtime_total_sys_memory_bytes	71641368
1781350327	snap	3400	otelcol	otelcol-sb-esrev0-ctr-mg8jm	otelcol_process_cpu_seconds	26
1781350327	snap	3400	otelcol	otelcol-sb-esrev0-ctr-mg8jm	otelcol_receiver_refused_spans	0
1781350327	snap	3400	otelcol	otelcol-sb-esrev0-ctr-mg8jm	otelcol_processor_batch_batch_send_size_sum	251017
1781350327	snap	3400	otelcol	otelcol-sb-esrev0-ctr-mg8jm	otelcol_process_runtime_total_alloc_bytes	384055264
1781350327	snap	3400	otelcol	otelcol-sb-esrev0-ctr-mg8jm	otelcol_receiver_accepted_spans	251017
1781350327	snap	3400	otelcol	otelcol-sb-esrev0-ctr-mg8jm	otelcol_exporter_send_failed_spans	0
1781350327	snap	3400	otelcol	otelcol-sb-esrev0-ctr-mg8jm	otelcol_processor_batch_metadata_cardinality	1
1781350327	snap	3400	otelcol	otelcol-sb-esrev0-ctr-mg8jm	otelcol_exporter_sent_spans	249931
1781350327	snap	3400	otelcol	otelcol-sb-esrev0-ctr-mg8jm	otelcol_exporter_queue_capacity	1001
1781350327	snap	3400	otelcol	otelcol-sb-esrev0-ctr-mg8jm	otelcol_processor_incoming_items	251017
1781350327	snap	3400	otelcol	otelcol-sb-esrev0-ctr-mg8jm	otelcol_processor_batch_timeout_trigger_send	2748
1781350327	snap	3400	otelcol	otelcol-sb-esrev0-ctr-mg8jm	otelcol_process_uptime	698
1781350327	snap	3400	otelcol	otelcol-sb-esrev0-ctr-mg8jm	otelcol_exporter_queue_size	8
1781350327	snap	3400	otelcol	otelcol-sb-esrev0-ctr-bxzgg	otelcol_exporter_queue_capacity	1001
1781350327	snap	3400	otelcol	otelcol-sb-esrev0-ctr-bxzgg	otelcol_processor_batch_metadata_cardinality	1
1781350327	snap	3400	otelcol	otelcol-sb-esrev0-ctr-bxzgg	otelcol_processor_batch_timeout_trigger_send	2758
1781350327	snap	3400	otelcol	otelcol-sb-esrev0-ctr-bxzgg	otelcol_processor_incoming_items	1345116
1781350327	snap	3400	otelcol	otelcol-sb-esrev0-ctr-bxzgg	otelcol_exporter_queue_batch_send_size_sum	1345116
1781350327	snap	3400	otelcol	otelcol-sb-esrev0-ctr-bxzgg	otelcol_process_memory_rss	253214720
1781350327	snap	3400	otelcol	otelcol-sb-esrev0-ctr-bxzgg	otelcol_exporter_send_failed_spans	0
1781350327	snap	3400	otelcol	otelcol-sb-esrev0-ctr-bxzgg	otelcol_processor_outgoing_items	1345116
1781350327	snap	3400	otelcol	otelcol-sb-esrev0-ctr-bxzgg	otelcol_process_cpu_seconds	36
1781350327	snap	3400	otelcol	otelcol-sb-esrev0-ctr-bxzgg	otelcol_process_uptime	704
1781350327	snap	3400	otelcol	otelcol-sb-esrev0-ctr-bxzgg	otelcol_process_runtime_total_alloc_bytes	1008535648
1781350327	snap	3400	otelcol	otelcol-sb-esrev0-ctr-bxzgg	otelcol_processor_batch_batch_send_size_sum	1345116
1781350327	snap	3400	otelcol	otelcol-sb-esrev0-ctr-bxzgg	otelcol_process_runtime_total_sys_memory_bytes	114936088
1781350327	snap	3400	otelcol	otelcol-sb-esrev0-ctr-bxzgg	otelcol_process_runtime_heap_alloc_bytes	49953040
1781350327	snap	3400	otelcol	otelcol-sb-esrev0-ctr-bxzgg	otelcol_receiver_refused_spans	0
1781350327	snap	3400	otelcol	otelcol-sb-esrev0-ctr-bxzgg	otelcol_receiver_failed_spans	0
1781350327	snap	3400	otelcol	otelcol-sb-esrev0-ctr-bxzgg	otelcol_exporter_sent_spans	1339453
1781350327	snap	3400	otelcol	otelcol-sb-esrev0-ctr-bxzgg	otelcol_receiver_accepted_spans	1345116
1781350327	snap	3400	otelcol	otelcol-sb-esrev0-ctr-bxzgg	otelcol_exporter_queue_size	7
1781350327	snap	3400	otelcol	otelcol-sb-esrev0-ctr-8ncml	otelcol_processor_outgoing_items	1345983
1781350327	snap	3400	otelcol	otelcol-sb-esrev0-ctr-8ncml	otelcol_process_cpu_seconds	37
1781350327	snap	3400	otelcol	otelcol-sb-esrev0-ctr-8ncml	otelcol_process_uptime	705
1781350327	snap	3400	otelcol	otelcol-sb-esrev0-ctr-8ncml	otelcol_exporter_queue_batch_send_size_sum	1345983
1781350327	snap	3400	otelcol	otelcol-sb-esrev0-ctr-8ncml	otelcol_receiver_failed_spans	0
1781350327	snap	3400	otelcol	otelcol-sb-esrev0-ctr-8ncml	otelcol_receiver_refused_spans	0
1781350327	snap	3400	otelcol	otelcol-sb-esrev0-ctr-8ncml	otelcol_process_runtime_heap_alloc_bytes	81223512
1781350327	snap	3400	otelcol	otelcol-sb-esrev0-ctr-8ncml	otelcol_processor_batch_batch_send_size_sum	1345983
1781350327	snap	3400	otelcol	otelcol-sb-esrev0-ctr-8ncml	otelcol_process_runtime_total_sys_memory_bytes	106027304
1781350327	snap	3400	otelcol	otelcol-sb-esrev0-ctr-8ncml	otelcol_exporter_sent_spans	1331337
1781350327	snap	3400	otelcol	otelcol-sb-esrev0-ctr-8ncml	otelcol_exporter_queue_size	19
1781350327	snap	3400	otelcol	otelcol-sb-esrev0-ctr-8ncml	otelcol_exporter_send_failed_spans	0
1781350327	snap	3400	otelcol	otelcol-sb-esrev0-ctr-8ncml	otelcol_receiver_accepted_spans	1345983
1781350327	snap	3400	otelcol	otelcol-sb-esrev0-ctr-8ncml	otelcol_processor_batch_metadata_cardinality	1
1781350327	snap	3400	otelcol	otelcol-sb-esrev0-ctr-8ncml	otelcol_processor_incoming_items	1345983
1781350327	snap	3400	otelcol	otelcol-sb-esrev0-ctr-8ncml	otelcol_processor_batch_timeout_trigger_send	2758
1781350327	snap	3400	otelcol	otelcol-sb-esrev0-ctr-8ncml	otelcol_exporter_queue_capacity	1001
1781350327	snap	3400	otelcol	otelcol-sb-esrev0-ctr-8ncml	otelcol_process_runtime_total_alloc_bytes	1023740440
1781350327	snap	3400	otelcol	otelcol-sb-esrev0-ctr-8ncml	otelcol_process_memory_rss	246734848
1781350327	snap	3400	otelcol	otelcol-sb-esrev0-ctr-t4pj5	otelcol_exporter_send_failed_spans	0
1781350327	snap	3400	otelcol	otelcol-sb-esrev0-ctr-t4pj5	otelcol_exporter_queue_size	66
1781350327	snap	3400	otelcol	otelcol-sb-esrev0-ctr-t4pj5	otelcol_processor_incoming_items	1459805
1781350327	snap	3400	otelcol	otelcol-sb-esrev0-ctr-t4pj5	otelcol_processor_outgoing_items	1456607
1781350327	snap	3400	otelcol	otelcol-sb-esrev0-ctr-t4pj5	otelcol_process_runtime_total_sys_memory_bytes	106535208
1781350327	snap	3400	otelcol	otelcol-sb-esrev0-ctr-t4pj5	otelcol_processor_batch_metadata_cardinality	1
1781350327	snap	3400	otelcol	otelcol-sb-esrev0-ctr-t4pj5	otelcol_processor_batch_timeout_trigger_send	2758
1781350327	snap	3400	otelcol	otelcol-sb-esrev0-ctr-t4pj5	otelcol_process_memory_rss	243621888
1781350327	snap	3400	otelcol	otelcol-sb-esrev0-ctr-t4pj5	otelcol_exporter_queue_batch_send_size_sum	1456607
1781350327	snap	3400	otelcol	otelcol-sb-esrev0-ctr-t4pj5	otelcol_receiver_failed_spans	0
1781350327	snap	3400	otelcol	otelcol-sb-esrev0-ctr-t4pj5	otelcol_process_cpu_seconds	34
1781350327	snap	3400	otelcol	otelcol-sb-esrev0-ctr-t4pj5	otelcol_receiver_accepted_spans	1456607
1781350327	snap	3400	otelcol	otelcol-sb-esrev0-ctr-t4pj5	otelcol_process_runtime_heap_alloc_bytes	70985416
1781350327	snap	3400	otelcol	otelcol-sb-esrev0-ctr-t4pj5	otelcol_exporter_sent_spans	1406089
1781350327	snap	3400	otelcol	otelcol-sb-esrev0-ctr-t4pj5	otelcol_processor_batch_batch_send_size_sum	1456607
1781350327	snap	3400	otelcol	otelcol-sb-esrev0-ctr-t4pj5	otelcol_process_uptime	709
1781350327	snap	3400	otelcol	otelcol-sb-esrev0-ctr-t4pj5	otelcol_process_runtime_total_alloc_bytes	1070015912
1781350327	snap	3400	otelcol	otelcol-sb-esrev0-ctr-t4pj5	otelcol_exporter_queue_capacity	1001
1781350327	snap	3400	otelcol	otelcol-sb-esrev0-ctr-t4pj5	otelcol_receiver_refused_spans	3198
1781350327	snap	3400	k8s	otelcol-sb-esrev0-ctr-5tpmc	restart_count	0
1781350327	snap	3400	k8s	otelcol-sb-esrev0-ctr-8ncml	restart_count	0
1781350327	snap	3400	k8s	otelcol-sb-esrev0-ctr-bgnq8	restart_count	0
1781350327	snap	3400	k8s	otelcol-sb-esrev0-ctr-bxzgg	restart_count	0
1781350327	snap	3400	k8s	otelcol-sb-esrev0-ctr-hj4v4	restart_count	0
1781350327	snap	3400	k8s	otelcol-sb-esrev0-ctr-j6v9t	restart_count	0
1781350327	snap	3400	k8s	otelcol-sb-esrev0-ctr-mg8jm	restart_count	0
1781350327	snap	3400	k8s	otelcol-sb-esrev0-ctr-t4pj5	restart_count	0
1781350327	snap	3400	k8s	otelcol-sb-esrev0-ctr-vb2mk	restart_count	0
1781350327	snap	3400	sdk	wrk2api	spans_received	251040
1781350327	snap	3400	sdk	wrk2api	spans_sent	251040
1781350327	snap	3400	sdk	wrk2api	spans_dropped	0
1781350327	snap	3400	sdk	wrk2api	spans_flushed	251040
1781350327	snap	3400	sdk	wrk2api	batches_sent	10872
1781350327	snap	3400	sdk	wrk2api	batches_dropped	0
1781350327	snap	3400	sdk	wrk2api	send_unavailable	0
1781350327	snap	3400	sdk	wrk2api	send_deadline	0
1781350327	snap	3400	sdk	wrk2api	send_exhausted	0
1781350327	snap	3400	sdk	wrk2api	send_canceled	0
1781350327	snap	3400	sdk	wrk2api	send_other	0
1781350327	snap	3400	sdk	wrk2api	buffer_depth	0
0
1781350327	snap	3400	sdk	wrk2api	cp_received	125520
1781350327	snap	3400	sdk	wrk2api	lp_received	125520
1781350327	snap	3400	sdk	wrk2api	cp_sent	125520
1781350327	snap	3400	sdk	wrk2api	lp_sent	125520
1781350327	snap	3400	sdk	wrk2api	cp_dropped	0
1781350327	snap	3400	sdk	wrk2api	lp_dropped	0
1781350327	snap	3400	sdk	composepost	spans_received	8749732
1781350327	snap	3400	sdk	composepost	spans_sent	7147072
1781350327	snap	3400	sdk	composepost	spans_dropped	1602660
1781350327	snap	3400	sdk	composepost	spans_flushed	8749732
1781350327	snap	3400	sdk	composepost	batches_sent	35812
1781350327	snap	3400	sdk	composepost	batches_dropped	5765
1781350327	snap	3400	sdk	composepost	send_unavailable	4584
1781350327	snap	3400	sdk	composepost	send_deadline	1181
1781350327	snap	3400	sdk	composepost	send_exhausted	0
1781350327	snap	3400	sdk	composepost	send_canceled	0
1781350327	snap	3400	sdk	composepost	send_other	0
1781350327	snap	3400	sdk	composepost	buffer_depth	0
0
1781350327	snap	3400	sdk	composepost	cp_received	7656015
1781350327	snap	3400	sdk	composepost	lp_received	1093717
1781350327	snap	3400	sdk	composepost	cp_sent	7087175
1781350327	snap	3400	sdk	composepost	lp_sent	59897
1781350327	snap	3400	sdk	composepost	cp_dropped	568840
1781350327	snap	3400	sdk	composepost	lp_dropped	1033820
1781350327	snap	3400	sdk	hometimeline	spans_received	2187426
1781350327	snap	3400	sdk	hometimeline	spans_sent	116100
1781350327	snap	3400	sdk	hometimeline	spans_dropped	2071326
1781350327	snap	3400	sdk	hometimeline	spans_flushed	2187426
1781350327	snap	3400	sdk	hometimeline	batches_sent	2462
1781350327	snap	3400	sdk	hometimeline	batches_dropped	7933
1781350327	snap	3400	sdk	hometimeline	send_unavailable	7897
1781350327	snap	3400	sdk	hometimeline	send_deadline	36
1781350327	snap	3400	sdk	hometimeline	send_exhausted	0
1781350327	snap	3400	sdk	hometimeline	send_canceled	0
1781350327	snap	3400	sdk	hometimeline	send_other	0
1781350327	snap	3400	sdk	hometimeline	buffer_depth	0
0
1781350327	snap	3400	sdk	hometimeline	cp_received	0
1781350327	snap	3400	sdk	hometimeline	lp_received	2187426
1781350327	snap	3400	sdk	hometimeline	cp_sent	0
1781350327	snap	3400	sdk	hometimeline	lp_sent	116100
1781350327	snap	3400	sdk	hometimeline	cp_dropped	0
1781350327	snap	3400	sdk	hometimeline	lp_dropped	2071326
1781350327	snap	3400	sdk	media	spans_received	1093717
1781350327	snap	3400	sdk	media	spans_sent	1080339
1781350327	snap	3400	sdk	media	spans_dropped	13378
1781350327	snap	3400	sdk	media	spans_flushed	1093717
1781350327	snap	3400	sdk	media	batches_sent	5158
1781350327	snap	3400	sdk	media	batches_dropped	43
1781350327	snap	3400	sdk	media	send_unavailable	43
1781350327	snap	3400	sdk	media	send_deadline	0
1781350327	snap	3400	sdk	media	send_exhausted	0
1781350327	snap	3400	sdk	media	send_canceled	0
1781350327	snap	3400	sdk	media	send_other	0
1781350327	snap	3400	sdk	media	buffer_depth	0
0
1781350327	snap	3400	sdk	media	cp_received	1093717
1781350327	snap	3400	sdk	media	lp_received	0
1781350327	snap	3400	sdk	media	cp_sent	1080339
1781350327	snap	3400	sdk	media	lp_sent	0
1781350327	snap	3400	sdk	media	cp_dropped	13378
1781350327	snap	3400	sdk	media	lp_dropped	0
1781350327	snap	3400	sdk	post-storage	spans_received	1093713
1781350327	snap	3400	sdk	post-storage	spans_sent	1093713
1781350327	snap	3400	sdk	post-storage	spans_dropped	0
1781350327	snap	3400	sdk	post-storage	spans_flushed	1093713
1781350327	snap	3400	sdk	post-storage	batches_sent	5197
1781350327	snap	3400	sdk	post-storage	batches_dropped	0
1781350327	snap	3400	sdk	post-storage	send_unavailable	0
1781350327	snap	3400	sdk	post-storage	send_deadline	0
1781350327	snap	3400	sdk	post-storage	send_exhausted	0
1781350327	snap	3400	sdk	post-storage	send_canceled	0
1781350327	snap	3400	sdk	post-storage	send_other	0
1781350327	snap	3400	sdk	post-storage	buffer_depth	0
0
1781350327	snap	3400	sdk	post-storage	cp_received	1093713
1781350327	snap	3400	sdk	post-storage	lp_received	0
1781350327	snap	3400	sdk	post-storage	cp_sent	1093713
1781350327	snap	3400	sdk	post-storage	lp_sent	0
1781350327	snap	3400	sdk	post-storage	cp_dropped	0
1781350327	snap	3400	sdk	post-storage	lp_dropped	0
1781350327	snap	3400	sdk	socialgraph	spans_received	1207547
1781350327	snap	3400	sdk	socialgraph	spans_sent	1204725
1781350327	snap	3400	sdk	socialgraph	spans_dropped	2822
1781350327	snap	3400	sdk	socialgraph	spans_flushed	1207547
1781350327	snap	3400	sdk	socialgraph	batches_sent	5669
1781350327	snap	3400	sdk	socialgraph	batches_dropped	14
1781350327	snap	3400	sdk	socialgraph	send_unavailable	14
1781350327	snap	3400	sdk	socialgraph	send_deadline	0
1781350327	snap	3400	sdk	socialgraph	send_exhausted	0
1781350327	snap	3400	sdk	socialgraph	send_canceled	0
1781350327	snap	3400	sdk	socialgraph	send_other	0
1781350327	snap	3400	sdk	socialgraph	buffer_depth	0
0
1781350327	snap	3400	sdk	socialgraph	cp_received	1169923
1781350327	snap	3400	sdk	socialgraph	lp_received	37624
1781350327	snap	3400	sdk	socialgraph	cp_sent	1169923
1781350327	snap	3400	sdk	socialgraph	lp_sent	34802
1781350327	snap	3400	sdk	socialgraph	cp_dropped	0
1781350327	snap	3400	sdk	socialgraph	lp_dropped	2822
1781350327	snap	3400	sdk	text	spans_received	3281159
1781350327	snap	3400	sdk	text	spans_sent	3144080
1781350327	snap	3400	sdk	text	spans_dropped	137079
1781350327	snap	3400	sdk	text	spans_flushed	3281159
1781350327	snap	3400	sdk	text	batches_sent	15155
1781350327	snap	3400	sdk	text	batches_dropped	436
1781350327	snap	3400	sdk	text	send_unavailable	436
1781350327	snap	3400	sdk	text	send_deadline	0
1781350327	snap	3400	sdk	text	send_exhausted	0
1781350327	snap	3400	sdk	text	send_canceled	0
1781350327	snap	3400	sdk	text	send_other	0
1781350327	snap	3400	sdk	text	buffer_depth	0
0
1781350327	snap	3400	sdk	text	cp_received	0
1781350327	snap	3400	sdk	text	lp_received	3281159
1781350327	snap	3400	sdk	text	cp_sent	0
1781350327	snap	3400	sdk	text	lp_sent	3144080
1781350327	snap	3400	sdk	text	cp_dropped	0
1781350327	snap	3400	sdk	text	lp_dropped	137079
1781350327	snap	3400	sdk	uniqueid	spans_received	1093717
1781350327	snap	3400	sdk	uniqueid	spans_sent	1093717
1781350327	snap	3400	sdk	uniqueid	spans_dropped	0
1781350327	snap	3400	sdk	uniqueid	spans_flushed	1093717
1781350327	snap	3400	sdk	uniqueid	batches_sent	5197
1781350327	snap	3400	sdk	uniqueid	batches_dropped	0
1781350327	snap	3400	sdk	uniqueid	send_unavailable	0
1781350327	snap	3400	sdk	uniqueid	send_deadline	0
1781350327	snap	3400	sdk	uniqueid	send_exhausted	0
1781350327	snap	3400	sdk	uniqueid	send_canceled	0
1781350327	snap	3400	sdk	uniqueid	send_other	0
1781350327	snap	3400	sdk	uniqueid	buffer_depth	0
0
1781350327	snap	3400	sdk	uniqueid	cp_received	1093717
1781350327	snap	3400	sdk	uniqueid	lp_received	0
1781350327	snap	3400	sdk	uniqueid	cp_sent	1093717
1781350327	snap	3400	sdk	uniqueid	lp_sent	0
1781350327	snap	3400	sdk	uniqueid	cp_dropped	0
1781350327	snap	3400	sdk	uniqueid	lp_dropped	0
1781350327	snap	3400	sdk	urlshorten	spans_received	1093717
1781350327	snap	3400	sdk	urlshorten	spans_sent	1093717
1781350327	snap	3400	sdk	urlshorten	spans_dropped	0
1781350327	snap	3400	sdk	urlshorten	spans_flushed	1093717
1781350327	snap	3400	sdk	urlshorten	batches_sent	5197
1781350327	snap	3400	sdk	urlshorten	batches_dropped	0
1781350327	snap	3400	sdk	urlshorten	send_unavailable	0
1781350327	snap	3400	sdk	urlshorten	send_deadline	0
1781350327	snap	3400	sdk	urlshorten	send_exhausted	0
1781350327	snap	3400	sdk	urlshorten	send_canceled	0
1781350327	snap	3400	sdk	urlshorten	send_other	0
1781350327	snap	3400	sdk	urlshorten	buffer_depth	0
0
1781350327	snap	3400	sdk	urlshorten	cp_received	1093717
1781350327	snap	3400	sdk	urlshorten	lp_received	0
1781350327	snap	3400	sdk	urlshorten	cp_sent	1093717
1781350327	snap	3400	sdk	urlshorten	lp_sent	0
1781350327	snap	3400	sdk	urlshorten	cp_dropped	0
1781350327	snap	3400	sdk	urlshorten	lp_dropped	0
1781350327	snap	3400	sdk	user	spans_received	1095641
1781350327	snap	3400	sdk	user	spans_sent	1095641
1781350327	snap	3400	sdk	user	spans_dropped	0
1781350327	snap	3400	sdk	user	spans_flushed	1095641
1781350327	snap	3400	sdk	user	batches_sent	5209
1781350327	snap	3400	sdk	user	batches_dropped	0
1781350327	snap	3400	sdk	user	send_unavailable	0
1781350327	snap	3400	sdk	user	send_deadline	0
1781350327	snap	3400	sdk	user	send_exhausted	0
1781350327	snap	3400	sdk	user	send_canceled	0
1781350327	snap	3400	sdk	user	send_other	0
1781350327	snap	3400	sdk	user	buffer_depth	0
0
1781350327	snap	3400	sdk	user	cp_received	1094679
1781350327	snap	3400	sdk	user	lp_received	962
1781350327	snap	3400	sdk	user	cp_sent	1094679
1781350327	snap	3400	sdk	user	lp_sent	962
1781350327	snap	3400	sdk	user	cp_dropped	0
1781350327	snap	3400	sdk	user	lp_dropped	0
1781350327	snap	3400	sdk	userid	spans_received	75248
1781350327	snap	3400	sdk	userid	spans_sent	75248
1781350327	snap	3400	sdk	userid	spans_dropped	0
1781350327	snap	3400	sdk	userid	spans_flushed	75248
1781350327	snap	3400	sdk	userid	batches_sent	247
1781350327	snap	3400	sdk	userid	batches_dropped	0
1781350327	snap	3400	sdk	userid	send_unavailable	0
1781350327	snap	3400	sdk	userid	send_deadline	0
1781350327	snap	3400	sdk	userid	send_exhausted	0
1781350327	snap	3400	sdk	userid	send_canceled	0
1781350327	snap	3400	sdk	userid	send_other	0
1781350327	snap	3400	sdk	userid	buffer_depth	0
0
1781350327	snap	3400	sdk	userid	cp_received	75248
1781350327	snap	3400	sdk	userid	lp_received	0
1781350327	snap	3400	sdk	userid	cp_sent	75248
1781350327	snap	3400	sdk	userid	lp_sent	0
1781350327	snap	3400	sdk	userid	cp_dropped	0
1781350327	snap	3400	sdk	userid	lp_dropped	0
1781350327	snap	3400	sdk	usermention	spans_received	1093717
1781350327	snap	3400	sdk	usermention	spans_sent	1093717
1781350327	snap	3400	sdk	usermention	spans_dropped	0
1781350327	snap	3400	sdk	usermention	spans_flushed	1093717
1781350327	snap	3400	sdk	usermention	batches_sent	5196
1781350327	snap	3400	sdk	usermention	batches_dropped	0
1781350327	snap	3400	sdk	usermention	send_unavailable	0
1781350327	snap	3400	sdk	usermention	send_deadline	0
1781350327	snap	3400	sdk	usermention	send_exhausted	0
1781350327	snap	3400	sdk	usermention	send_canceled	0
1781350327	snap	3400	sdk	usermention	send_other	0
1781350327	snap	3400	sdk	usermention	buffer_depth	0
0
1781350327	snap	3400	sdk	usermention	cp_received	1093717
1781350327	snap	3400	sdk	usermention	lp_received	0
1781350327	snap	3400	sdk	usermention	cp_sent	1093717
1781350327	snap	3400	sdk	usermention	lp_sent	0
1781350327	snap	3400	sdk	usermention	cp_dropped	0
1781350327	snap	3400	sdk	usermention	lp_dropped	0
1781350327	snap	3400	sdk	usertimeline	spans_received	1093713
1781350327	snap	3400	sdk	usertimeline	spans_sent	1093713
1781350327	snap	3400	sdk	usertimeline	spans_dropped	0
1781350327	snap	3400	sdk	usertimeline	spans_flushed	1093713
1781350327	snap	3400	sdk	usertimeline	batches_sent	5196
1781350327	snap	3400	sdk	usertimeline	batches_dropped	0
1781350327	snap	3400	sdk	usertimeline	send_unavailable	0
1781350327	snap	3400	sdk	usertimeline	send_deadline	0
1781350327	snap	3400	sdk	usertimeline	send_exhausted	0
1781350327	snap	3400	sdk	usertimeline	send_canceled	0
1781350327	snap	3400	sdk	usertimeline	send_other	0
1781350327	snap	3400	sdk	usertimeline	buffer_depth	0
0
1781350327	snap	3400	sdk	usertimeline	cp_received	1093713
1781350327	snap	3400	sdk	usertimeline	lp_received	0
1781350327	snap	3400	sdk	usertimeline	cp_sent	1093713
1781350327	snap	3400	sdk	usertimeline	lp_sent	0
1781350327	snap	3400	sdk	usertimeline	cp_dropped	0
1781350327	snap	3400	sdk	usertimeline	lp_dropped	0
1781350394	snap	3400	otelcol	otelcol-sb-esrev0-ctr-hj4v4	otelcol_process_uptime	771
1781350394	snap	3400	otelcol	otelcol-sb-esrev0-ctr-hj4v4	otelcol_exporter_sent_spans	2667851
1781350394	snap	3400	otelcol	otelcol-sb-esrev0-ctr-hj4v4	otelcol_process_runtime_total_sys_memory_bytes	145701160
1781350394	snap	3400	otelcol	otelcol-sb-esrev0-ctr-hj4v4	otelcol_process_runtime_total_alloc_bytes	1963349168
1781350394	snap	3400	otelcol	otelcol-sb-esrev0-ctr-hj4v4	otelcol_exporter_queue_capacity	1001
1781350394	snap	3400	otelcol	otelcol-sb-esrev0-ctr-hj4v4	otelcol_receiver_failed_spans	0
1781350394	snap	3400	otelcol	otelcol-sb-esrev0-ctr-hj4v4	otelcol_processor_batch_metadata_cardinality	1
1781350394	snap	3400	otelcol	otelcol-sb-esrev0-ctr-hj4v4	otelcol_processor_batch_batch_send_size_sum	2744941
1781350394	snap	3400	otelcol	otelcol-sb-esrev0-ctr-hj4v4	otelcol_receiver_refused_spans	140109
1781350394	snap	3400	otelcol	otelcol-sb-esrev0-ctr-hj4v4	otelcol_processor_batch_timeout_trigger_send	3061
1781350394	snap	3400	otelcol	otelcol-sb-esrev0-ctr-hj4v4	otelcol_exporter_send_failed_spans	0
1781350394	snap	3400	otelcol	otelcol-sb-esrev0-ctr-hj4v4	otelcol_exporter_queue_size	55
1781350394	snap	3400	otelcol	otelcol-sb-esrev0-ctr-hj4v4	otelcol_exporter_queue_batch_send_size_sum	2744941
1781350394	snap	3400	otelcol	otelcol-sb-esrev0-ctr-hj4v4	otelcol_processor_incoming_items	2885050
1781350394	snap	3400	otelcol	otelcol-sb-esrev0-ctr-hj4v4	otelcol_process_runtime_heap_alloc_bytes	70612624
1781350394	snap	3400	otelcol	otelcol-sb-esrev0-ctr-hj4v4	otelcol_process_memory_rss	257339392
1781350394	snap	3400	otelcol	otelcol-sb-esrev0-ctr-hj4v4	otelcol_receiver_accepted_spans	2744941
1781350394	snap	3400	otelcol	otelcol-sb-esrev0-ctr-hj4v4	otelcol_processor_outgoing_items	2744941
1781350394	snap	3400	otelcol	otelcol-sb-esrev0-ctr-hj4v4	otelcol_process_cpu_seconds	57
1781350394	snap	3400	otelcol	otelcol-sb-esrev0-ctr-bgnq8	otelcol_processor_batch_batch_send_size_sum	1590438
1781350394	snap	3400	otelcol	otelcol-sb-esrev0-ctr-bgnq8	otelcol_exporter_sent_spans	1477462
1781350394	snap	3400	otelcol	otelcol-sb-esrev0-ctr-bgnq8	otelcol_processor_batch_metadata_cardinality	1
1781350394	snap	3400	otelcol	otelcol-sb-esrev0-ctr-bgnq8	otelcol_receiver_accepted_spans	1590438
1781350394	snap	3400	otelcol	otelcol-sb-esrev0-ctr-bgnq8	otelcol_process_uptime	773
1781350394	snap	3400	otelcol	otelcol-sb-esrev0-ctr-bgnq8	otelcol_process_memory_rss	247390208
1781350394	snap	3400	otelcol	otelcol-sb-esrev0-ctr-bgnq8	otelcol_exporter_queue_size	138
1781350394	snap	3400	otelcol	otelcol-sb-esrev0-ctr-bgnq8	otelcol_processor_incoming_items	1592676
1781350394	snap	3400	otelcol	otelcol-sb-esrev0-ctr-bgnq8	otelcol_exporter_queue_capacity	1001
1781350394	snap	3400	otelcol	otelcol-sb-esrev0-ctr-bgnq8	otelcol_processor_batch_timeout_trigger_send	3062
1781350394	snap	3400	otelcol	otelcol-sb-esrev0-ctr-bgnq8	otelcol_process_runtime_total_alloc_bytes	1187150432
1781350394	snap	3400	otelcol	otelcol-sb-esrev0-ctr-bgnq8	otelcol_receiver_refused_spans	2238
1781350394	snap	3400	otelcol	otelcol-sb-esrev0-ctr-bgnq8	otelcol_process_runtime_total_sys_memory_bytes	124512536
1781350394	snap	3400	otelcol	otelcol-sb-esrev0-ctr-bgnq8	otelcol_receiver_failed_spans	0
1781350394	snap	3400	otelcol	otelcol-sb-esrev0-ctr-bgnq8	otelcol_process_runtime_heap_alloc_bytes	79404888
1781350394	snap	3400	otelcol	otelcol-sb-esrev0-ctr-bgnq8	otelcol_exporter_send_failed_spans	0
1781350394	snap	3400	otelcol	otelcol-sb-esrev0-ctr-bgnq8	otelcol_processor_outgoing_items	1590438
1781350394	snap	3400	otelcol	otelcol-sb-esrev0-ctr-bgnq8	otelcol_process_cpu_seconds	38
1781350394	snap	3400	otelcol	otelcol-sb-esrev0-ctr-bgnq8	otelcol_exporter_queue_batch_send_size_sum	1590438
1781350394	snap	3400	otelcol	otelcol-sb-esrev0-ctr-vb2mk	otelcol_process_uptime	773
1781350394	snap	3400	otelcol	otelcol-sb-esrev0-ctr-vb2mk	otelcol_process_memory_rss	269758464
1781350394	snap	3400	otelcol	otelcol-sb-esrev0-ctr-vb2mk	otelcol_exporter_send_failed_spans	0
1781350394	snap	3400	otelcol	otelcol-sb-esrev0-ctr-vb2mk	otelcol_receiver_accepted_spans	1582398
1781350394	snap	3400	otelcol	otelcol-sb-esrev0-ctr-vb2mk	otelcol_process_runtime_total_sys_memory_bytes	132319512
1781350394	snap	3400	otelcol	otelcol-sb-esrev0-ctr-vb2mk	otelcol_exporter_queue_batch_send_size_sum	1582398
1781350394	snap	3400	otelcol	otelcol-sb-esrev0-ctr-vb2mk	otelcol_process_cpu_seconds	39
1781350394	snap	3400	otelcol	otelcol-sb-esrev0-ctr-vb2mk	otelcol_process_runtime_heap_alloc_bytes	103240728
1781350394	snap	3400	otelcol	otelcol-sb-esrev0-ctr-vb2mk	otelcol_exporter_sent_spans	1520137
1781350394	snap	3400	otelcol	otelcol-sb-esrev0-ctr-vb2mk	otelcol_exporter_queue_capacity	1001
1781350394	snap	3400	otelcol	otelcol-sb-esrev0-ctr-vb2mk	otelcol_receiver_refused_spans	7969
1781350394	snap	3400	otelcol	otelcol-sb-esrev0-ctr-vb2mk	otelcol_processor_incoming_items	1590367
1781350394	snap	3400	otelcol	otelcol-sb-esrev0-ctr-vb2mk	otelcol_processor_outgoing_items	1582398
1781350394	snap	3400	otelcol	otelcol-sb-esrev0-ctr-vb2mk	otelcol_exporter_queue_size	82
1781350394	snap	3400	otelcol	otelcol-sb-esrev0-ctr-vb2mk	otelcol_processor_batch_metadata_cardinality	1
1781350394	snap	3400	otelcol	otelcol-sb-esrev0-ctr-vb2mk	otelcol_receiver_failed_spans	0
1781350394	snap	3400	otelcol	otelcol-sb-esrev0-ctr-vb2mk	otelcol_processor_batch_timeout_trigger_send	3057
1781350394	snap	3400	otelcol	otelcol-sb-esrev0-ctr-vb2mk	otelcol_processor_batch_batch_send_size_sum	1582398
1781350394	snap	3400	otelcol	otelcol-sb-esrev0-ctr-vb2mk	otelcol_process_runtime_total_alloc_bytes	1157607704
1781350394	snap	3400	otelcol	otelcol-sb-esrev0-ctr-j6v9t	otelcol_processor_incoming_items	12857783
1781350394	snap	3400	otelcol	otelcol-sb-esrev0-ctr-j6v9t	otelcol_process_cpu_seconds	158
1781350394	snap	3400	otelcol	otelcol-sb-esrev0-ctr-j6v9t	otelcol_process_uptime	771
1781350394	snap	3400	otelcol	otelcol-sb-esrev0-ctr-j6v9t	otelcol_process_runtime_heap_alloc_bytes	133198208
1781350394	snap	3400	otelcol	otelcol-sb-esrev0-ctr-j6v9t	otelcol_exporter_sent_spans	7894698
1781350394	snap	3400	otelcol	otelcol-sb-esrev0-ctr-j6v9t	otelcol_exporter_send_failed_spans	0
1781350394	snap	3400	otelcol	otelcol-sb-esrev0-ctr-j6v9t	otelcol_receiver_failed_spans	0
1781350394	snap	3400	otelcol	otelcol-sb-esrev0-ctr-j6v9t	otelcol_processor_outgoing_items	8060902
1781350394	snap	3400	otelcol	otelcol-sb-esrev0-ctr-j6v9t	otelcol_processor_batch_batch_send_size_sum	8060902
1781350394	snap	3400	otelcol	otelcol-sb-esrev0-ctr-j6v9t	otelcol_process_runtime_total_sys_memory_bytes	232323400
1781350394	snap	3400	otelcol	otelcol-sb-esrev0-ctr-j6v9t	otelcol_process_runtime_total_alloc_bytes	8774901056
1781350394	snap	3400	otelcol	otelcol-sb-esrev0-ctr-j6v9t	otelcol_processor_batch_batch_size_trigger_send	4
1781350394	snap	3400	otelcol	otelcol-sb-esrev0-ctr-j6v9t	otelcol_processor_batch_metadata_cardinality	1
1781350394	snap	3400	otelcol	otelcol-sb-esrev0-ctr-j6v9t	otelcol_processor_batch_timeout_trigger_send	2772
1781350394	snap	3400	otelcol	otelcol-sb-esrev0-ctr-j6v9t	otelcol_exporter_queue_size	35
1781350394	snap	3400	otelcol	otelcol-sb-esrev0-ctr-j6v9t	otelcol_receiver_accepted_spans	8060902
1781350394	snap	3400	otelcol	otelcol-sb-esrev0-ctr-j6v9t	otelcol_process_memory_rss	322347008
1781350394	snap	3400	otelcol	otelcol-sb-esrev0-ctr-j6v9t	otelcol_receiver_refused_spans	4796881
1781350394	snap	3400	otelcol	otelcol-sb-esrev0-ctr-j6v9t	otelcol_exporter_queue_capacity	1001
1781350394	snap	3400	otelcol	otelcol-sb-esrev0-ctr-j6v9t	otelcol_exporter_queue_batch_send_size_sum	8060902
1781350394	snap	3400	otelcol	otelcol-sb-esrev0-ctr-5tpmc	otelcol_processor_batch_timeout_trigger_send	3003
1781350394	snap	3400	otelcol	otelcol-sb-esrev0-ctr-5tpmc	otelcol_process_runtime_heap_alloc_bytes	126839720
1781350394	snap	3400	otelcol	otelcol-sb-esrev0-ctr-5tpmc	otelcol_processor_outgoing_items	5075632
1781350394	snap	3400	otelcol	otelcol-sb-esrev0-ctr-5tpmc	otelcol_receiver_accepted_spans	5075632
1781350394	snap	3400	otelcol	otelcol-sb-esrev0-ctr-5tpmc	otelcol_process_uptime	772
1781350394	snap	3400	otelcol	otelcol-sb-esrev0-ctr-5tpmc	otelcol_process_runtime_total_alloc_bytes	2904064552
1781350394	snap	3400	otelcol	otelcol-sb-esrev0-ctr-5tpmc	otelcol_exporter_queue_capacity	1001
1781350394	snap	3400	otelcol	otelcol-sb-esrev0-ctr-5tpmc	otelcol_receiver_refused_spans	476013
1781350394	snap	3400	otelcol	otelcol-sb-esrev0-ctr-5tpmc	otelcol_exporter_queue_batch_send_size_sum	5075632
1781350394	snap	3400	otelcol	otelcol-sb-esrev0-ctr-5tpmc	otelcol_receiver_failed_spans	0
1781350394	snap	3400	otelcol	otelcol-sb-esrev0-ctr-5tpmc	otelcol_process_cpu_seconds	72
1781350394	snap	3400	otelcol	otelcol-sb-esrev0-ctr-5tpmc	otelcol_processor_batch_batch_send_size_sum	5075632
1781350394	snap	3400	otelcol	otelcol-sb-esrev0-ctr-5tpmc	otelcol_exporter_send_failed_spans	0
1781350394	snap	3400	otelcol	otelcol-sb-esrev0-ctr-5tpmc	otelcol_processor_batch_metadata_cardinality	1
1781350394	snap	3400	otelcol	otelcol-sb-esrev0-ctr-5tpmc	otelcol_process_runtime_total_sys_memory_bytes	192571704
1781350394	snap	3400	otelcol	otelcol-sb-esrev0-ctr-5tpmc	otelcol_process_memory_rss	332595200
1781350394	snap	3400	otelcol	otelcol-sb-esrev0-ctr-5tpmc	otelcol_exporter_sent_spans	4898107
1781350394	snap	3400	otelcol	otelcol-sb-esrev0-ctr-5tpmc	otelcol_processor_incoming_items	5551645
1781350394	snap	3400	otelcol	otelcol-sb-esrev0-ctr-5tpmc	otelcol_exporter_queue_size	114
1781350394	snap	3400	otelcol	otelcol-sb-esrev0-ctr-mg8jm	otelcol_processor_outgoing_items	295673
1781350394	snap	3400	otelcol	otelcol-sb-esrev0-ctr-mg8jm	otelcol_process_memory_rss	217485312
1781350394	snap	3400	otelcol	otelcol-sb-esrev0-ctr-mg8jm	otelcol_exporter_queue_batch_send_size_sum	295673
1781350394	snap	3400	otelcol	otelcol-sb-esrev0-ctr-mg8jm	otelcol_process_runtime_heap_alloc_bytes	28260848
1781350394	snap	3400	otelcol	otelcol-sb-esrev0-ctr-mg8jm	otelcol_receiver_failed_spans	0
1781350394	snap	3400	otelcol	otelcol-sb-esrev0-ctr-mg8jm	otelcol_process_runtime_total_sys_memory_bytes	75835672
1781350394	snap	3400	otelcol	otelcol-sb-esrev0-ctr-mg8jm	otelcol_process_cpu_seconds	29
1781350394	snap	3400	otelcol	otelcol-sb-esrev0-ctr-mg8jm	otelcol_receiver_refused_spans	0
1781350394	snap	3400	otelcol	otelcol-sb-esrev0-ctr-mg8jm	otelcol_processor_batch_batch_send_size_sum	295673
1781350394	snap	3400	otelcol	otelcol-sb-esrev0-ctr-mg8jm	otelcol_process_runtime_total_alloc_bytes	424791072
1781350394	snap	3400	otelcol	otelcol-sb-esrev0-ctr-mg8jm	otelcol_receiver_accepted_spans	295673
1781350394	snap	3400	otelcol	otelcol-sb-esrev0-ctr-mg8jm	otelcol_exporter_send_failed_spans	0
1781350394	snap	3400	otelcol	otelcol-sb-esrev0-ctr-mg8jm	otelcol_processor_batch_metadata_cardinality	1
1781350394	snap	3400	otelcol	otelcol-sb-esrev0-ctr-mg8jm	otelcol_exporter_sent_spans	286269
1781350394	snap	3400	otelcol	otelcol-sb-esrev0-ctr-mg8jm	otelcol_exporter_queue_capacity	1001
1781350394	snap	3400	otelcol	otelcol-sb-esrev0-ctr-mg8jm	otelcol_processor_incoming_items	295673
1781350394	snap	3400	otelcol	otelcol-sb-esrev0-ctr-mg8jm	otelcol_processor_batch_timeout_trigger_send	3047
1781350394	snap	3400	otelcol	otelcol-sb-esrev0-ctr-mg8jm	otelcol_process_uptime	766
1781350394	snap	3400	otelcol	otelcol-sb-esrev0-ctr-mg8jm	otelcol_exporter_queue_size	63
1781350394	snap	3400	otelcol	otelcol-sb-esrev0-ctr-bxzgg	otelcol_exporter_queue_capacity	1001
1781350394	snap	3400	otelcol	otelcol-sb-esrev0-ctr-bxzgg	otelcol_processor_batch_metadata_cardinality	1
1781350394	snap	3400	otelcol	otelcol-sb-esrev0-ctr-bxzgg	otelcol_processor_batch_timeout_trigger_send	3057
1781350394	snap	3400	otelcol	otelcol-sb-esrev0-ctr-bxzgg	otelcol_processor_incoming_items	1590726
1781350394	snap	3400	otelcol	otelcol-sb-esrev0-ctr-bxzgg	otelcol_exporter_queue_batch_send_size_sum	1590289
1781350394	snap	3400	otelcol	otelcol-sb-esrev0-ctr-bxzgg	otelcol_process_memory_rss	241905664
1781350394	snap	3400	otelcol	otelcol-sb-esrev0-ctr-bxzgg	otelcol_exporter_send_failed_spans	0
1781350394	snap	3400	otelcol	otelcol-sb-esrev0-ctr-bxzgg	otelcol_processor_outgoing_items	1590289
1781350394	snap	3400	otelcol	otelcol-sb-esrev0-ctr-bxzgg	otelcol_process_cpu_seconds	41
1781350394	snap	3400	otelcol	otelcol-sb-esrev0-ctr-bxzgg	otelcol_process_uptime	772
1781350394	snap	3400	otelcol	otelcol-sb-esrev0-ctr-bxzgg	otelcol_process_runtime_total_alloc_bytes	1161328384
1781350394	snap	3400	otelcol	otelcol-sb-esrev0-ctr-bxzgg	otelcol_processor_batch_batch_send_size_sum	1590289
1781350394	snap	3400	otelcol	otelcol-sb-esrev0-ctr-bxzgg	otelcol_process_runtime_total_sys_memory_bytes	115009816
1781350394	snap	3400	otelcol	otelcol-sb-esrev0-ctr-bxzgg	otelcol_process_runtime_heap_alloc_bytes	67128248
1781350394	snap	3400	otelcol	otelcol-sb-esrev0-ctr-bxzgg	otelcol_receiver_refused_spans	437
1781350394	snap	3400	otelcol	otelcol-sb-esrev0-ctr-bxzgg	otelcol_receiver_failed_spans	0
1781350394	snap	3400	otelcol	otelcol-sb-esrev0-ctr-bxzgg	otelcol_exporter_sent_spans	1553709
1781350394	snap	3400	otelcol	otelcol-sb-esrev0-ctr-bxzgg	otelcol_receiver_accepted_spans	1590289
1781350394	snap	3400	otelcol	otelcol-sb-esrev0-ctr-bxzgg	otelcol_exporter_queue_size	44
1781350394	snap	3400	otelcol	otelcol-sb-esrev0-ctr-8ncml	otelcol_processor_outgoing_items	1582432
1781350394	snap	3400	otelcol	otelcol-sb-esrev0-ctr-8ncml	otelcol_process_cpu_seconds	43
1781350394	snap	3400	otelcol	otelcol-sb-esrev0-ctr-8ncml	otelcol_process_uptime	772
1781350394	snap	3400	otelcol	otelcol-sb-esrev0-ctr-8ncml	otelcol_exporter_queue_batch_send_size_sum	1582432
1781350394	snap	3400	otelcol	otelcol-sb-esrev0-ctr-8ncml	otelcol_receiver_failed_spans	0
1781350394	snap	3400	otelcol	otelcol-sb-esrev0-ctr-8ncml	otelcol_receiver_refused_spans	9159
1781350394	snap	3400	otelcol	otelcol-sb-esrev0-ctr-8ncml	otelcol_process_runtime_heap_alloc_bytes	60770344
1781350394	snap	3400	otelcol	otelcol-sb-esrev0-ctr-8ncml	otelcol_processor_batch_batch_send_size_sum	1582432
1781350394	snap	3400	otelcol	otelcol-sb-esrev0-ctr-8ncml	otelcol_process_runtime_total_sys_memory_bytes	127654184
1781350394	snap	3400	otelcol	otelcol-sb-esrev0-ctr-8ncml	otelcol_exporter_sent_spans	1531180
1781350394	snap	3400	otelcol	otelcol-sb-esrev0-ctr-8ncml	otelcol_exporter_queue_size	68
1781350394	snap	3400	otelcol	otelcol-sb-esrev0-ctr-8ncml	otelcol_exporter_send_failed_spans	0
1781350394	snap	3400	otelcol	otelcol-sb-esrev0-ctr-8ncml	otelcol_receiver_accepted_spans	1582432
1781350394	snap	3400	otelcol	otelcol-sb-esrev0-ctr-8ncml	otelcol_processor_batch_metadata_cardinality	1
1781350394	snap	3400	otelcol	otelcol-sb-esrev0-ctr-8ncml	otelcol_processor_incoming_items	1591591
1781350394	snap	3400	otelcol	otelcol-sb-esrev0-ctr-8ncml	otelcol_processor_batch_timeout_trigger_send	3057
1781350394	snap	3400	otelcol	otelcol-sb-esrev0-ctr-8ncml	otelcol_exporter_queue_capacity	1001
1781350394	snap	3400	otelcol	otelcol-sb-esrev0-ctr-8ncml	otelcol_process_runtime_total_alloc_bytes	1195614288
1781350394	snap	3400	otelcol	otelcol-sb-esrev0-ctr-8ncml	otelcol_process_memory_rss	268599296
1781350394	snap	3400	otelcol	otelcol-sb-esrev0-ctr-t4pj5	otelcol_exporter_send_failed_spans	0
1781350394	snap	3400	otelcol	otelcol-sb-esrev0-ctr-t4pj5	otelcol_exporter_queue_size	66
1781350394	snap	3400	otelcol	otelcol-sb-esrev0-ctr-t4pj5	otelcol_processor_incoming_items	1705413
1781350394	snap	3400	otelcol	otelcol-sb-esrev0-ctr-t4pj5	otelcol_processor_outgoing_items	1697459
1781350394	snap	3400	otelcol	otelcol-sb-esrev0-ctr-t4pj5	otelcol_process_runtime_total_sys_memory_bytes	132110632
1781350394	snap	3400	otelcol	otelcol-sb-esrev0-ctr-t4pj5	otelcol_processor_batch_metadata_cardinality	1
1781350394	snap	3400	otelcol	otelcol-sb-esrev0-ctr-t4pj5	otelcol_processor_batch_timeout_trigger_send	3058
1781350394	snap	3400	otelcol	otelcol-sb-esrev0-ctr-t4pj5	otelcol_process_memory_rss	248246272
1781350394	snap	3400	otelcol	otelcol-sb-esrev0-ctr-t4pj5	otelcol_exporter_queue_batch_send_size_sum	1697459
1781350394	snap	3400	otelcol	otelcol-sb-esrev0-ctr-t4pj5	otelcol_receiver_failed_spans	0
1781350394	snap	3400	otelcol	otelcol-sb-esrev0-ctr-t4pj5	otelcol_process_cpu_seconds	39
1781350394	snap	3400	otelcol	otelcol-sb-esrev0-ctr-t4pj5	otelcol_receiver_accepted_spans	1697459
1781350394	snap	3400	otelcol	otelcol-sb-esrev0-ctr-t4pj5	otelcol_process_runtime_heap_alloc_bytes	81302664
1781350394	snap	3400	otelcol	otelcol-sb-esrev0-ctr-t4pj5	otelcol_exporter_sent_spans	1644816
1781350394	snap	3400	otelcol	otelcol-sb-esrev0-ctr-t4pj5	otelcol_processor_batch_batch_send_size_sum	1697459
1781350394	snap	3400	otelcol	otelcol-sb-esrev0-ctr-t4pj5	otelcol_process_uptime	777
1781350394	snap	3400	otelcol	otelcol-sb-esrev0-ctr-t4pj5	otelcol_process_runtime_total_alloc_bytes	1224789448
1781350394	snap	3400	otelcol	otelcol-sb-esrev0-ctr-t4pj5	otelcol_exporter_queue_capacity	1001
1781350394	snap	3400	otelcol	otelcol-sb-esrev0-ctr-t4pj5	otelcol_receiver_refused_spans	7954
1781350394	snap	3400	k8s	otelcol-sb-esrev0-ctr-5tpmc	restart_count	0
1781350394	snap	3400	k8s	otelcol-sb-esrev0-ctr-8ncml	restart_count	0
1781350394	snap	3400	k8s	otelcol-sb-esrev0-ctr-bgnq8	restart_count	0
1781350394	snap	3400	k8s	otelcol-sb-esrev0-ctr-bxzgg	restart_count	0
1781350394	snap	3400	k8s	otelcol-sb-esrev0-ctr-hj4v4	restart_count	0
1781350394	snap	3400	k8s	otelcol-sb-esrev0-ctr-j6v9t	restart_count	0
1781350394	snap	3400	k8s	otelcol-sb-esrev0-ctr-mg8jm	restart_count	0
1781350394	snap	3400	k8s	otelcol-sb-esrev0-ctr-t4pj5	restart_count	0
1781350394	snap	3400	k8s	otelcol-sb-esrev0-ctr-vb2mk	restart_count	0
1781350394	snap	3400	sdk	wrk2api	spans_received	295698
1781350394	snap	3400	sdk	wrk2api	spans_sent	287729
1781350394	snap	3400	sdk	wrk2api	spans_dropped	7969
1781350394	snap	3400	sdk	wrk2api	spans_flushed	295698
1781350394	snap	3400	sdk	wrk2api	batches_sent	11858
1781350394	snap	3400	sdk	wrk2api	batches_dropped	214
1781350394	snap	3400	sdk	wrk2api	send_unavailable	214
1781350394	snap	3400	sdk	wrk2api	send_deadline	0
1781350394	snap	3400	sdk	wrk2api	send_exhausted	0
1781350394	snap	3400	sdk	wrk2api	send_canceled	0
1781350394	snap	3400	sdk	wrk2api	send_other	0
1781350394	snap	3400	sdk	wrk2api	buffer_depth	0
0
1781350394	snap	3400	sdk	wrk2api	cp_received	147849
1781350394	snap	3400	sdk	wrk2api	lp_received	147849
1781350394	snap	3400	sdk	wrk2api	cp_sent	147849
1781350394	snap	3400	sdk	wrk2api	lp_sent	139880
1781350394	snap	3400	sdk	wrk2api	cp_dropped	0
1781350394	snap	3400	sdk	wrk2api	lp_dropped	7969
1781350394	snap	3400	sdk	composepost	spans_received	10357348
1781350394	snap	3400	sdk	composepost	spans_sent	7804997
1781350394	snap	3400	sdk	composepost	spans_dropped	2552351
1781350394	snap	3400	sdk	composepost	spans_flushed	10357348
1781350394	snap	3400	sdk	composepost	batches_sent	37816
1781350394	snap	3400	sdk	composepost	batches_dropped	8668
1781350394	snap	3400	sdk	composepost	send_unavailable	6552
1781350394	snap	3400	sdk	composepost	send_deadline	2116
1781350394	snap	3400	sdk	composepost	send_exhausted	0
1781350394	snap	3400	sdk	composepost	send_canceled	0
1781350394	snap	3400	sdk	composepost	send_other	0
1781350394	snap	3400	sdk	composepost	buffer_depth	0
0
1781350394	snap	3400	sdk	composepost	cp_received	9062679
1781350394	snap	3400	sdk	composepost	lp_received	1294669
1781350394	snap	3400	sdk	composepost	cp_sent	7745100
1781350394	snap	3400	sdk	composepost	lp_sent	59897
1781350394	snap	3400	sdk	composepost	cp_dropped	1317579
1781350394	snap	3400	sdk	composepost	lp_dropped	1234772
1781350394	snap	3400	sdk	hometimeline	spans_received	2589330
1781350394	snap	3400	sdk	hometimeline	spans_sent	116100
1781350394	snap	3400	sdk	hometimeline	spans_dropped	2473230
1781350394	snap	3400	sdk	hometimeline	spans_flushed	2589330
1781350394	snap	3400	sdk	hometimeline	batches_sent	2462
1781350394	snap	3400	sdk	hometimeline	batches_dropped	9188
1781350394	snap	3400	sdk	hometimeline	send_unavailable	9125
1781350394	snap	3400	sdk	hometimeline	send_deadline	63
1781350394	snap	3400	sdk	hometimeline	send_exhausted	0
1781350394	snap	3400	sdk	hometimeline	send_canceled	0
1781350394	snap	3400	sdk	hometimeline	send_other	0
1781350394	snap	3400	sdk	hometimeline	buffer_depth	0
0
1781350394	snap	3400	sdk	hometimeline	cp_received	0
1781350394	snap	3400	sdk	hometimeline	lp_received	2589330
1781350394	snap	3400	sdk	hometimeline	cp_sent	0
1781350394	snap	3400	sdk	hometimeline	lp_sent	116100
1781350394	snap	3400	sdk	hometimeline	cp_dropped	0
1781350394	snap	3400	sdk	hometimeline	lp_dropped	2473230
1781350394	snap	3400	sdk	media	spans_received	1294669
1781350394	snap	3400	sdk	media	spans_sent	1251473
1781350394	snap	3400	sdk	media	spans_dropped	43196
1781350394	snap	3400	sdk	media	spans_flushed	1294669
1781350394	snap	3400	sdk	media	batches_sent	5669
1781350394	snap	3400	sdk	media	batches_dropped	133
1781350394	snap	3400	sdk	media	send_unavailable	133
1781350394	snap	3400	sdk	media	send_deadline	0
1781350394	snap	3400	sdk	media	send_exhausted	0
1781350394	snap	3400	sdk	media	send_canceled	0
1781350394	snap	3400	sdk	media	send_other	0
1781350394	snap	3400	sdk	media	buffer_depth	0
0
1781350394	snap	3400	sdk	media	cp_received	1294669
1781350394	snap	3400	sdk	media	lp_received	0
1781350394	snap	3400	sdk	media	cp_sent	1251473
1781350394	snap	3400	sdk	media	lp_sent	0
1781350394	snap	3400	sdk	media	cp_dropped	43196
1781350394	snap	3400	sdk	media	lp_dropped	0
1781350394	snap	3400	sdk	post-storage	spans_received	1294665
1781350394	snap	3400	sdk	post-storage	spans_sent	1294665
1781350394	snap	3400	sdk	post-storage	spans_dropped	0
1781350394	snap	3400	sdk	post-storage	spans_flushed	1294665
1781350394	snap	3400	sdk	post-storage	batches_sent	5800
1781350394	snap	3400	sdk	post-storage	batches_dropped	0
1781350394	snap	3400	sdk	post-storage	send_unavailable	0
1781350394	snap	3400	sdk	post-storage	send_deadline	0
1781350394	snap	3400	sdk	post-storage	send_exhausted	0
1781350394	snap	3400	sdk	post-storage	send_canceled	0
1781350394	snap	3400	sdk	post-storage	send_other	0
1781350394	snap	3400	sdk	post-storage	buffer_depth	0
0
1781350394	snap	3400	sdk	post-storage	cp_received	1294665
1781350394	snap	3400	sdk	post-storage	lp_received	0
1781350394	snap	3400	sdk	post-storage	cp_sent	1294665
1781350394	snap	3400	sdk	post-storage	lp_sent	0
1781350394	snap	3400	sdk	post-storage	cp_dropped	0
1781350394	snap	3400	sdk	post-storage	lp_dropped	0
1781350394	snap	3400	sdk	socialgraph	spans_received	1408499
1781350394	snap	3400	sdk	socialgraph	spans_sent	1405677
1781350394	snap	3400	sdk	socialgraph	spans_dropped	2822
1781350394	snap	3400	sdk	socialgraph	spans_flushed	1408499
1781350394	snap	3400	sdk	socialgraph	batches_sent	6271
1781350394	snap	3400	sdk	socialgraph	batches_dropped	14
1781350394	snap	3400	sdk	socialgraph	send_unavailable	14
1781350394	snap	3400	sdk	socialgraph	send_deadline	0
1781350394	snap	3400	sdk	socialgraph	send_exhausted	0
1781350394	snap	3400	sdk	socialgraph	send_canceled	0
1781350394	snap	3400	sdk	socialgraph	send_other	0
1781350394	snap	3400	sdk	socialgraph	buffer_depth	0
0
1781350394	snap	3400	sdk	socialgraph	cp_received	1370875
1781350394	snap	3400	sdk	socialgraph	lp_received	37624
1781350394	snap	3400	sdk	socialgraph	cp_sent	1370875
1781350394	snap	3400	sdk	socialgraph	lp_sent	34802
1781350394	snap	3400	sdk	socialgraph	cp_dropped	0
1781350394	snap	3400	sdk	socialgraph	lp_dropped	2822
1781350394	snap	3400	sdk	text	spans_received	3884015
1781350394	snap	3400	sdk	text	spans_sent	3471130
1781350394	snap	3400	sdk	text	spans_dropped	412885
1781350394	snap	3400	sdk	text	spans_flushed	3884015
1781350394	snap	3400	sdk	text	batches_sent	16132
1781350394	snap	3400	sdk	text	batches_dropped	1262
1781350394	snap	3400	sdk	text	send_unavailable	1262
1781350394	snap	3400	sdk	text	send_deadline	0
1781350394	snap	3400	sdk	text	send_exhausted	0
1781350394	snap	3400	sdk	text	send_canceled	0
1781350394	snap	3400	sdk	text	send_other	0
1781350394	snap	3400	sdk	text	buffer_depth	0
0
1781350394	snap	3400	sdk	text	cp_received	0
1781350394	snap	3400	sdk	text	lp_received	3884015
1781350394	snap	3400	sdk	text	cp_sent	0
1781350394	snap	3400	sdk	text	lp_sent	3471130
1781350394	snap	3400	sdk	text	cp_dropped	0
1781350394	snap	3400	sdk	text	lp_dropped	412885
1781350394	snap	3400	sdk	uniqueid	spans_received	1294669
1781350394	snap	3400	sdk	uniqueid	spans_sent	1294669
1781350394	snap	3400	sdk	uniqueid	spans_dropped	0
1781350394	snap	3400	sdk	uniqueid	spans_flushed	1294669
1781350394	snap	3400	sdk	uniqueid	batches_sent	5800
1781350394	snap	3400	sdk	uniqueid	batches_dropped	0
1781350394	snap	3400	sdk	uniqueid	send_unavailable	0
1781350394	snap	3400	sdk	uniqueid	send_deadline	0
1781350394	snap	3400	sdk	uniqueid	send_exhausted	0
1781350394	snap	3400	sdk	uniqueid	send_canceled	0
1781350394	snap	3400	sdk	uniqueid	send_other	0
1781350394	snap	3400	sdk	uniqueid	buffer_depth	0
0
1781350394	snap	3400	sdk	uniqueid	cp_received	1294669
1781350394	snap	3400	sdk	uniqueid	lp_received	0
1781350394	snap	3400	sdk	uniqueid	cp_sent	1294669
1781350394	snap	3400	sdk	uniqueid	lp_sent	0
1781350394	snap	3400	sdk	uniqueid	cp_dropped	0
1781350394	snap	3400	sdk	uniqueid	lp_dropped	0
1781350394	snap	3400	sdk	urlshorten	spans_received	1294669
1781350394	snap	3400	sdk	urlshorten	spans_sent	1294669
1781350394	snap	3400	sdk	urlshorten	spans_dropped	0
1781350394	snap	3400	sdk	urlshorten	spans_flushed	1294669
1781350394	snap	3400	sdk	urlshorten	batches_sent	5799
1781350394	snap	3400	sdk	urlshorten	batches_dropped	0
1781350394	snap	3400	sdk	urlshorten	send_unavailable	0
1781350394	snap	3400	sdk	urlshorten	send_deadline	0
1781350394	snap	3400	sdk	urlshorten	send_exhausted	0
1781350394	snap	3400	sdk	urlshorten	send_canceled	0
1781350394	snap	3400	sdk	urlshorten	send_other	0
1781350394	snap	3400	sdk	urlshorten	buffer_depth	0
0
1781350394	snap	3400	sdk	urlshorten	cp_received	1294669
1781350394	snap	3400	sdk	urlshorten	lp_received	0
1781350394	snap	3400	sdk	urlshorten	cp_sent	1294669
1781350394	snap	3400	sdk	urlshorten	lp_sent	0
1781350394	snap	3400	sdk	urlshorten	cp_dropped	0
1781350394	snap	3400	sdk	urlshorten	lp_dropped	0
1781350394	snap	3400	sdk	user	spans_received	1296593
1781350394	snap	3400	sdk	user	spans_sent	1296593
1781350394	snap	3400	sdk	user	spans_dropped	0
1781350394	snap	3400	sdk	user	spans_flushed	1296593
1781350394	snap	3400	sdk	user	batches_sent	5814
1781350394	snap	3400	sdk	user	batches_dropped	0
1781350394	snap	3400	sdk	user	send_unavailable	0
1781350394	snap	3400	sdk	user	send_deadline	0
1781350394	snap	3400	sdk	user	send_exhausted	0
1781350394	snap	3400	sdk	user	send_canceled	0
1781350394	snap	3400	sdk	user	send_other	0
1781350394	snap	3400	sdk	user	buffer_depth	0
0
1781350394	snap	3400	sdk	user	cp_received	1295631
1781350394	snap	3400	sdk	user	lp_received	962
1781350394	snap	3400	sdk	user	cp_sent	1295631
1781350394	snap	3400	sdk	user	lp_sent	962
1781350394	snap	3400	sdk	user	cp_dropped	0
1781350394	snap	3400	sdk	user	lp_dropped	0
1781350394	snap	3400	sdk	userid	spans_received	75248
1781350394	snap	3400	sdk	userid	spans_sent	75248
1781350394	snap	3400	sdk	userid	spans_dropped	0
1781350394	snap	3400	sdk	userid	spans_flushed	75248
1781350394	snap	3400	sdk	userid	batches_sent	247
1781350394	snap	3400	sdk	userid	batches_dropped	0
1781350394	snap	3400	sdk	userid	send_unavailable	0
1781350394	snap	3400	sdk	userid	send_deadline	0
1781350394	snap	3400	sdk	userid	send_exhausted	0
1781350394	snap	3400	sdk	userid	send_canceled	0
1781350394	snap	3400	sdk	userid	send_other	0
1781350394	snap	3400	sdk	userid	buffer_depth	0
0
1781350394	snap	3400	sdk	userid	cp_received	75248
1781350394	snap	3400	sdk	userid	lp_received	0
1781350394	snap	3400	sdk	userid	cp_sent	75248
1781350394	snap	3400	sdk	userid	lp_sent	0
1781350394	snap	3400	sdk	userid	cp_dropped	0
1781350394	snap	3400	sdk	userid	lp_dropped	0
1781350394	snap	3400	sdk	usermention	spans_received	1294669
1781350394	snap	3400	sdk	usermention	spans_sent	1294669
1781350394	snap	3400	sdk	usermention	spans_dropped	0
1781350394	snap	3400	sdk	usermention	spans_flushed	1294669
1781350394	snap	3400	sdk	usermention	batches_sent	5798
1781350394	snap	3400	sdk	usermention	batches_dropped	0
1781350394	snap	3400	sdk	usermention	send_unavailable	0
1781350394	snap	3400	sdk	usermention	send_deadline	0
1781350394	snap	3400	sdk	usermention	send_exhausted	0
1781350394	snap	3400	sdk	usermention	send_canceled	0
1781350394	snap	3400	sdk	usermention	send_other	0
1781350394	snap	3400	sdk	usermention	buffer_depth	0
0
1781350394	snap	3400	sdk	usermention	cp_received	1294669
1781350394	snap	3400	sdk	usermention	lp_received	0
1781350394	snap	3400	sdk	usermention	cp_sent	1294669
1781350394	snap	3400	sdk	usermention	lp_sent	0
1781350394	snap	3400	sdk	usermention	cp_dropped	0
1781350394	snap	3400	sdk	usermention	lp_dropped	0
1781350394	snap	3400	sdk	usertimeline	spans_received	1294665
1781350394	snap	3400	sdk	usertimeline	spans_sent	1294665
1781350394	snap	3400	sdk	usertimeline	spans_dropped	0
1781350394	snap	3400	sdk	usertimeline	spans_flushed	1294665
1781350394	snap	3400	sdk	usertimeline	batches_sent	5798
1781350394	snap	3400	sdk	usertimeline	batches_dropped	0
1781350394	snap	3400	sdk	usertimeline	send_unavailable	0
1781350394	snap	3400	sdk	usertimeline	send_deadline	0
1781350394	snap	3400	sdk	usertimeline	send_exhausted	0
1781350394	snap	3400	sdk	usertimeline	send_canceled	0
1781350394	snap	3400	sdk	usertimeline	send_other	0
1781350394	snap	3400	sdk	usertimeline	buffer_depth	0
0
1781350394	snap	3400	sdk	usertimeline	cp_received	1294665
1781350394	snap	3400	sdk	usertimeline	lp_received	0
1781350394	snap	3400	sdk	usertimeline	cp_sent	1294665
1781350394	snap	3400	sdk	usertimeline	lp_sent	0
1781350394	snap	3400	sdk	usertimeline	cp_dropped	0
1781350394	snap	3400	sdk	usertimeline	lp_dropped	0
1781350402	snap	3600	otelcol	otelcol-sb-esrev0-ctr-hj4v4	otelcol_process_uptime	778
1781350402	snap	3600	otelcol	otelcol-sb-esrev0-ctr-hj4v4	otelcol_exporter_sent_spans	2733351
1781350402	snap	3600	otelcol	otelcol-sb-esrev0-ctr-hj4v4	otelcol_process_runtime_total_sys_memory_bytes	145701160
1781350402	snap	3600	otelcol	otelcol-sb-esrev0-ctr-hj4v4	otelcol_process_runtime_total_alloc_bytes	1970495672
1781350402	snap	3600	otelcol	otelcol-sb-esrev0-ctr-hj4v4	otelcol_exporter_queue_capacity	1001
1781350402	snap	3600	otelcol	otelcol-sb-esrev0-ctr-hj4v4	otelcol_receiver_failed_spans	0
1781350402	snap	3600	otelcol	otelcol-sb-esrev0-ctr-hj4v4	otelcol_processor_batch_metadata_cardinality	1
1781350402	snap	3600	otelcol	otelcol-sb-esrev0-ctr-hj4v4	otelcol_processor_batch_batch_send_size_sum	2744941
1781350402	snap	3600	otelcol	otelcol-sb-esrev0-ctr-hj4v4	otelcol_receiver_refused_spans	140109
1781350402	snap	3600	otelcol	otelcol-sb-esrev0-ctr-hj4v4	otelcol_processor_batch_timeout_trigger_send	3061
1781350402	snap	3600	otelcol	otelcol-sb-esrev0-ctr-hj4v4	otelcol_exporter_send_failed_spans	0
1781350402	snap	3600	otelcol	otelcol-sb-esrev0-ctr-hj4v4	otelcol_exporter_queue_size	8
1781350402	snap	3600	otelcol	otelcol-sb-esrev0-ctr-hj4v4	otelcol_exporter_queue_batch_send_size_sum	2744941
1781350402	snap	3600	otelcol	otelcol-sb-esrev0-ctr-hj4v4	otelcol_processor_incoming_items	2885050
1781350402	snap	3600	otelcol	otelcol-sb-esrev0-ctr-hj4v4	otelcol_process_runtime_heap_alloc_bytes	77759128
1781350402	snap	3600	otelcol	otelcol-sb-esrev0-ctr-hj4v4	otelcol_process_memory_rss	257339392
1781350402	snap	3600	otelcol	otelcol-sb-esrev0-ctr-hj4v4	otelcol_receiver_accepted_spans	2744941
1781350402	snap	3600	otelcol	otelcol-sb-esrev0-ctr-hj4v4	otelcol_processor_outgoing_items	2744941
1781350402	snap	3600	otelcol	otelcol-sb-esrev0-ctr-hj4v4	otelcol_process_cpu_seconds	57
1781350402	snap	3600	otelcol	otelcol-sb-esrev0-ctr-bgnq8	otelcol_processor_batch_batch_send_size_sum	1590438
1781350402	snap	3600	otelcol	otelcol-sb-esrev0-ctr-bgnq8	otelcol_exporter_sent_spans	1488164
1781350402	snap	3600	otelcol	otelcol-sb-esrev0-ctr-bgnq8	otelcol_processor_batch_metadata_cardinality	1
1781350402	snap	3600	otelcol	otelcol-sb-esrev0-ctr-bgnq8	otelcol_receiver_accepted_spans	1590438
1781350402	snap	3600	otelcol	otelcol-sb-esrev0-ctr-bgnq8	otelcol_process_uptime	780
1781350402	snap	3600	otelcol	otelcol-sb-esrev0-ctr-bgnq8	otelcol_process_memory_rss	248635392
1781350402	snap	3600	otelcol	otelcol-sb-esrev0-ctr-bgnq8	otelcol_exporter_queue_size	125
1781350402	snap	3600	otelcol	otelcol-sb-esrev0-ctr-bgnq8	otelcol_processor_incoming_items	1592676
1781350402	snap	3600	otelcol	otelcol-sb-esrev0-ctr-bgnq8	otelcol_exporter_queue_capacity	1001
1781350402	snap	3600	otelcol	otelcol-sb-esrev0-ctr-bgnq8	otelcol_processor_batch_timeout_trigger_send	3062
1781350402	snap	3600	otelcol	otelcol-sb-esrev0-ctr-bgnq8	otelcol_process_runtime_total_alloc_bytes	1188927352
1781350402	snap	3600	otelcol	otelcol-sb-esrev0-ctr-bgnq8	otelcol_receiver_refused_spans	2238
1781350402	snap	3600	otelcol	otelcol-sb-esrev0-ctr-bgnq8	otelcol_process_runtime_total_sys_memory_bytes	124512536
1781350402	snap	3600	otelcol	otelcol-sb-esrev0-ctr-bgnq8	otelcol_receiver_failed_spans	0
1781350402	snap	3600	otelcol	otelcol-sb-esrev0-ctr-bgnq8	otelcol_process_runtime_heap_alloc_bytes	81181808
1781350402	snap	3600	otelcol	otelcol-sb-esrev0-ctr-bgnq8	otelcol_exporter_send_failed_spans	0
1781350402	snap	3600	otelcol	otelcol-sb-esrev0-ctr-bgnq8	otelcol_processor_outgoing_items	1590438
1781350402	snap	3600	otelcol	otelcol-sb-esrev0-ctr-bgnq8	otelcol_process_cpu_seconds	38
1781350402	snap	3600	otelcol	otelcol-sb-esrev0-ctr-bgnq8	otelcol_exporter_queue_batch_send_size_sum	1590438
1781350402	snap	3600	otelcol	otelcol-sb-esrev0-ctr-vb2mk	otelcol_process_uptime	780
1781350402	snap	3600	otelcol	otelcol-sb-esrev0-ctr-vb2mk	otelcol_process_memory_rss	274993152
1781350402	snap	3600	otelcol	otelcol-sb-esrev0-ctr-vb2mk	otelcol_exporter_send_failed_spans	0
1781350402	snap	3600	otelcol	otelcol-sb-esrev0-ctr-vb2mk	otelcol_receiver_accepted_spans	1582398
1781350402	snap	3600	otelcol	otelcol-sb-esrev0-ctr-vb2mk	otelcol_process_runtime_total_sys_memory_bytes	136632616
1781350402	snap	3600	otelcol	otelcol-sb-esrev0-ctr-vb2mk	otelcol_exporter_queue_batch_send_size_sum	1582398
1781350402	snap	3600	otelcol	otelcol-sb-esrev0-ctr-vb2mk	otelcol_process_cpu_seconds	40
1781350402	snap	3600	otelcol	otelcol-sb-esrev0-ctr-vb2mk	otelcol_process_runtime_heap_alloc_bytes	108812496
1781350402	snap	3600	otelcol	otelcol-sb-esrev0-ctr-vb2mk	otelcol_exporter_sent_spans	1566876
1781350402	snap	3600	otelcol	otelcol-sb-esrev0-ctr-vb2mk	otelcol_exporter_queue_capacity	1001
1781350402	snap	3600	otelcol	otelcol-sb-esrev0-ctr-vb2mk	otelcol_receiver_refused_spans	7969
1781350402	snap	3600	otelcol	otelcol-sb-esrev0-ctr-vb2mk	otelcol_processor_incoming_items	1590367
1781350402	snap	3600	otelcol	otelcol-sb-esrev0-ctr-vb2mk	otelcol_processor_outgoing_items	1582398
1781350402	snap	3600	otelcol	otelcol-sb-esrev0-ctr-vb2mk	otelcol_exporter_queue_size	20
1781350402	snap	3600	otelcol	otelcol-sb-esrev0-ctr-vb2mk	otelcol_processor_batch_metadata_cardinality	1
1781350402	snap	3600	otelcol	otelcol-sb-esrev0-ctr-vb2mk	otelcol_receiver_failed_spans	0
1781350402	snap	3600	otelcol	otelcol-sb-esrev0-ctr-vb2mk	otelcol_processor_batch_timeout_trigger_send	3057
1781350402	snap	3600	otelcol	otelcol-sb-esrev0-ctr-vb2mk	otelcol_processor_batch_batch_send_size_sum	1582398
1781350402	snap	3600	otelcol	otelcol-sb-esrev0-ctr-vb2mk	otelcol_process_runtime_total_alloc_bytes	1163179472
1781350402	snap	3600	otelcol	otelcol-sb-esrev0-ctr-j6v9t	otelcol_processor_incoming_items	12857783
1781350402	snap	3600	otelcol	otelcol-sb-esrev0-ctr-j6v9t	otelcol_process_cpu_seconds	160
1781350402	snap	3600	otelcol	otelcol-sb-esrev0-ctr-j6v9t	otelcol_process_uptime	778
1781350402	snap	3600	otelcol	otelcol-sb-esrev0-ctr-j6v9t	otelcol_process_runtime_heap_alloc_bytes	120394104
1781350402	snap	3600	otelcol	otelcol-sb-esrev0-ctr-j6v9t	otelcol_exporter_sent_spans	7984699
1781350402	snap	3600	otelcol	otelcol-sb-esrev0-ctr-j6v9t	otelcol_exporter_send_failed_spans	0
1781350402	snap	3600	otelcol	otelcol-sb-esrev0-ctr-j6v9t	otelcol_receiver_failed_spans	0
1781350402	snap	3600	otelcol	otelcol-sb-esrev0-ctr-j6v9t	otelcol_processor_outgoing_items	8060902
1781350402	snap	3600	otelcol	otelcol-sb-esrev0-ctr-j6v9t	otelcol_processor_batch_batch_send_size_sum	8060902
1781350402	snap	3600	otelcol	otelcol-sb-esrev0-ctr-j6v9t	otelcol_process_runtime_total_sys_memory_bytes	232323400
1781350402	snap	3600	otelcol	otelcol-sb-esrev0-ctr-j6v9t	otelcol_process_runtime_total_alloc_bytes	8795301744
1781350402	snap	3600	otelcol	otelcol-sb-esrev0-ctr-j6v9t	otelcol_processor_batch_batch_size_trigger_send	4
1781350402	snap	3600	otelcol	otelcol-sb-esrev0-ctr-j6v9t	otelcol_processor_batch_metadata_cardinality	1
1781350402	snap	3600	otelcol	otelcol-sb-esrev0-ctr-j6v9t	otelcol_processor_batch_timeout_trigger_send	2772
1781350402	snap	3600	otelcol	otelcol-sb-esrev0-ctr-j6v9t	otelcol_exporter_queue_size	14
1781350402	snap	3600	otelcol	otelcol-sb-esrev0-ctr-j6v9t	otelcol_receiver_accepted_spans	8060902
1781350402	snap	3600	otelcol	otelcol-sb-esrev0-ctr-j6v9t	otelcol_process_memory_rss	323051520
1781350402	snap	3600	otelcol	otelcol-sb-esrev0-ctr-j6v9t	otelcol_receiver_refused_spans	4796881
1781350402	snap	3600	otelcol	otelcol-sb-esrev0-ctr-j6v9t	otelcol_exporter_queue_capacity	1001
1781350402	snap	3600	otelcol	otelcol-sb-esrev0-ctr-j6v9t	otelcol_exporter_queue_batch_send_size_sum	8060902
1781350402	snap	3600	otelcol	otelcol-sb-esrev0-ctr-5tpmc	otelcol_processor_batch_timeout_trigger_send	3003
1781350402	snap	3600	otelcol	otelcol-sb-esrev0-ctr-5tpmc	otelcol_process_runtime_heap_alloc_bytes	129822056
1781350402	snap	3600	otelcol	otelcol-sb-esrev0-ctr-5tpmc	otelcol_processor_outgoing_items	5075632
1781350402	snap	3600	otelcol	otelcol-sb-esrev0-ctr-5tpmc	otelcol_receiver_accepted_spans	5075632
1781350402	snap	3600	otelcol	otelcol-sb-esrev0-ctr-5tpmc	otelcol_process_uptime	779
1781350402	snap	3600	otelcol	otelcol-sb-esrev0-ctr-5tpmc	otelcol_process_runtime_total_alloc_bytes	2907046888
1781350402	snap	3600	otelcol	otelcol-sb-esrev0-ctr-5tpmc	otelcol_exporter_queue_capacity	1001
1781350402	snap	3600	otelcol	otelcol-sb-esrev0-ctr-5tpmc	otelcol_receiver_refused_spans	476013
1781350402	snap	3600	otelcol	otelcol-sb-esrev0-ctr-5tpmc	otelcol_exporter_queue_batch_send_size_sum	5075632
1781350402	snap	3600	otelcol	otelcol-sb-esrev0-ctr-5tpmc	otelcol_receiver_failed_spans	0
1781350402	snap	3600	otelcol	otelcol-sb-esrev0-ctr-5tpmc	otelcol_process_cpu_seconds	73
1781350402	snap	3600	otelcol	otelcol-sb-esrev0-ctr-5tpmc	otelcol_processor_batch_batch_send_size_sum	5075632
1781350402	snap	3600	otelcol	otelcol-sb-esrev0-ctr-5tpmc	otelcol_exporter_send_failed_spans	0
1781350402	snap	3600	otelcol	otelcol-sb-esrev0-ctr-5tpmc	otelcol_processor_batch_metadata_cardinality	1
1781350402	snap	3600	otelcol	otelcol-sb-esrev0-ctr-5tpmc	otelcol_process_runtime_total_sys_memory_bytes	192571704
1781350402	snap	3600	otelcol	otelcol-sb-esrev0-ctr-5tpmc	otelcol_process_memory_rss	332627968
1781350402	snap	3600	otelcol	otelcol-sb-esrev0-ctr-5tpmc	otelcol_exporter_sent_spans	4913016
1781350402	snap	3600	otelcol	otelcol-sb-esrev0-ctr-5tpmc	otelcol_processor_incoming_items	5551645
1781350402	snap	3600	otelcol	otelcol-sb-esrev0-ctr-5tpmc	otelcol_exporter_queue_size	97
1781350402	snap	3600	otelcol	otelcol-sb-esrev0-ctr-mg8jm	otelcol_processor_outgoing_items	295673
1781350402	snap	3600	otelcol	otelcol-sb-esrev0-ctr-mg8jm	otelcol_process_memory_rss	217485312
1781350402	snap	3600	otelcol	otelcol-sb-esrev0-ctr-mg8jm	otelcol_exporter_queue_batch_send_size_sum	295673
1781350402	snap	3600	otelcol	otelcol-sb-esrev0-ctr-mg8jm	otelcol_process_runtime_heap_alloc_bytes	30110528
1781350402	snap	3600	otelcol	otelcol-sb-esrev0-ctr-mg8jm	otelcol_receiver_failed_spans	0
1781350402	snap	3600	otelcol	otelcol-sb-esrev0-ctr-mg8jm	otelcol_process_runtime_total_sys_memory_bytes	75835672
1781350402	snap	3600	otelcol	otelcol-sb-esrev0-ctr-mg8jm	otelcol_process_cpu_seconds	29
1781350402	snap	3600	otelcol	otelcol-sb-esrev0-ctr-mg8jm	otelcol_receiver_refused_spans	0
1781350402	snap	3600	otelcol	otelcol-sb-esrev0-ctr-mg8jm	otelcol_processor_batch_batch_send_size_sum	295673
1781350402	snap	3600	otelcol	otelcol-sb-esrev0-ctr-mg8jm	otelcol_process_runtime_total_alloc_bytes	426640752
1781350402	snap	3600	otelcol	otelcol-sb-esrev0-ctr-mg8jm	otelcol_receiver_accepted_spans	295673
1781350402	snap	3600	otelcol	otelcol-sb-esrev0-ctr-mg8jm	otelcol_exporter_send_failed_spans	0
1781350402	snap	3600	otelcol	otelcol-sb-esrev0-ctr-mg8jm	otelcol_processor_batch_metadata_cardinality	1
1781350402	snap	3600	otelcol	otelcol-sb-esrev0-ctr-mg8jm	otelcol_exporter_sent_spans	294391
1781350402	snap	3600	otelcol	otelcol-sb-esrev0-ctr-mg8jm	otelcol_exporter_queue_capacity	1001
1781350402	snap	3600	otelcol	otelcol-sb-esrev0-ctr-mg8jm	otelcol_processor_incoming_items	295673
1781350402	snap	3600	otelcol	otelcol-sb-esrev0-ctr-mg8jm	otelcol_processor_batch_timeout_trigger_send	3047
1781350402	snap	3600	otelcol	otelcol-sb-esrev0-ctr-mg8jm	otelcol_process_uptime	773
1781350402	snap	3600	otelcol	otelcol-sb-esrev0-ctr-mg8jm	otelcol_exporter_queue_size	9
1781350402	snap	3600	otelcol	otelcol-sb-esrev0-ctr-bxzgg	otelcol_exporter_queue_capacity	1001
1781350402	snap	3600	otelcol	otelcol-sb-esrev0-ctr-bxzgg	otelcol_processor_batch_metadata_cardinality	1
1781350402	snap	3600	otelcol	otelcol-sb-esrev0-ctr-bxzgg	otelcol_processor_batch_timeout_trigger_send	3057
1781350402	snap	3600	otelcol	otelcol-sb-esrev0-ctr-bxzgg	otelcol_processor_incoming_items	1590726
1781350402	snap	3600	otelcol	otelcol-sb-esrev0-ctr-bxzgg	otelcol_exporter_queue_batch_send_size_sum	1590289
1781350402	snap	3600	otelcol	otelcol-sb-esrev0-ctr-bxzgg	otelcol_process_memory_rss	241905664
1781350402	snap	3600	otelcol	otelcol-sb-esrev0-ctr-bxzgg	otelcol_exporter_send_failed_spans	0
1781350402	snap	3600	otelcol	otelcol-sb-esrev0-ctr-bxzgg	otelcol_processor_outgoing_items	1590289
1781350402	snap	3600	otelcol	otelcol-sb-esrev0-ctr-bxzgg	otelcol_process_cpu_seconds	41
1781350402	snap	3600	otelcol	otelcol-sb-esrev0-ctr-bxzgg	otelcol_process_uptime	779
1781350402	snap	3600	otelcol	otelcol-sb-esrev0-ctr-bxzgg	otelcol_process_runtime_total_alloc_bytes	1165145240
1781350402	snap	3600	otelcol	otelcol-sb-esrev0-ctr-bxzgg	otelcol_processor_batch_batch_send_size_sum	1590289
1781350402	snap	3600	otelcol	otelcol-sb-esrev0-ctr-bxzgg	otelcol_process_runtime_total_sys_memory_bytes	115009816
1781350402	snap	3600	otelcol	otelcol-sb-esrev0-ctr-bxzgg	otelcol_process_runtime_heap_alloc_bytes	70945104
1781350402	snap	3600	otelcol	otelcol-sb-esrev0-ctr-bxzgg	otelcol_receiver_refused_spans	437
1781350402	snap	3600	otelcol	otelcol-sb-esrev0-ctr-bxzgg	otelcol_receiver_failed_spans	0
1781350402	snap	3600	otelcol	otelcol-sb-esrev0-ctr-bxzgg	otelcol_exporter_sent_spans	1582532
1781350402	snap	3600	otelcol	otelcol-sb-esrev0-ctr-bxzgg	otelcol_receiver_accepted_spans	1590289
1781350402	snap	3600	otelcol	otelcol-sb-esrev0-ctr-bxzgg	otelcol_exporter_queue_size	9
1781350402	snap	3600	otelcol	otelcol-sb-esrev0-ctr-8ncml	otelcol_processor_outgoing_items	1582432
1781350402	snap	3600	otelcol	otelcol-sb-esrev0-ctr-8ncml	otelcol_process_cpu_seconds	43
1781350402	snap	3600	otelcol	otelcol-sb-esrev0-ctr-8ncml	otelcol_process_uptime	780
1781350402	snap	3600	otelcol	otelcol-sb-esrev0-ctr-8ncml	otelcol_exporter_queue_batch_send_size_sum	1582432
1781350402	snap	3600	otelcol	otelcol-sb-esrev0-ctr-8ncml	otelcol_receiver_failed_spans	0
1781350402	snap	3600	otelcol	otelcol-sb-esrev0-ctr-8ncml	otelcol_receiver_refused_spans	9159
1781350402	snap	3600	otelcol	otelcol-sb-esrev0-ctr-8ncml	otelcol_process_runtime_heap_alloc_bytes	64457296
1781350402	snap	3600	otelcol	otelcol-sb-esrev0-ctr-8ncml	otelcol_processor_batch_batch_send_size_sum	1582432
1781350402	snap	3600	otelcol	otelcol-sb-esrev0-ctr-8ncml	otelcol_process_runtime_total_sys_memory_bytes	127654184
1781350402	snap	3600	otelcol	otelcol-sb-esrev0-ctr-8ncml	otelcol_exporter_sent_spans	1557560
1781350402	snap	3600	otelcol	otelcol-sb-esrev0-ctr-8ncml	otelcol_exporter_queue_size	34
1781350402	snap	3600	otelcol	otelcol-sb-esrev0-ctr-8ncml	otelcol_exporter_send_failed_spans	0
1781350402	snap	3600	otelcol	otelcol-sb-esrev0-ctr-8ncml	otelcol_receiver_accepted_spans	1582432
1781350402	snap	3600	otelcol	otelcol-sb-esrev0-ctr-8ncml	otelcol_processor_batch_metadata_cardinality	1
1781350402	snap	3600	otelcol	otelcol-sb-esrev0-ctr-8ncml	otelcol_processor_incoming_items	1591591
1781350402	snap	3600	otelcol	otelcol-sb-esrev0-ctr-8ncml	otelcol_processor_batch_timeout_trigger_send	3057
1781350402	snap	3600	otelcol	otelcol-sb-esrev0-ctr-8ncml	otelcol_exporter_queue_capacity	1001
1781350402	snap	3600	otelcol	otelcol-sb-esrev0-ctr-8ncml	otelcol_process_runtime_total_alloc_bytes	1199301240
1781350402	snap	3600	otelcol	otelcol-sb-esrev0-ctr-8ncml	otelcol_process_memory_rss	268775424
1781350402	snap	3600	otelcol	otelcol-sb-esrev0-ctr-t4pj5	otelcol_exporter_send_failed_spans	0
1781350402	snap	3600	otelcol	otelcol-sb-esrev0-ctr-t4pj5	otelcol_exporter_queue_size	59
1781350402	snap	3600	otelcol	otelcol-sb-esrev0-ctr-t4pj5	otelcol_processor_incoming_items	1705413
1781350402	snap	3600	otelcol	otelcol-sb-esrev0-ctr-t4pj5	otelcol_processor_outgoing_items	1697459
1781350402	snap	3600	otelcol	otelcol-sb-esrev0-ctr-t4pj5	otelcol_process_runtime_total_sys_memory_bytes	132110632
1781350402	snap	3600	otelcol	otelcol-sb-esrev0-ctr-t4pj5	otelcol_processor_batch_metadata_cardinality	1
1781350402	snap	3600	otelcol	otelcol-sb-esrev0-ctr-t4pj5	otelcol_processor_batch_timeout_trigger_send	3058
1781350402	snap	3600	otelcol	otelcol-sb-esrev0-ctr-t4pj5	otelcol_process_memory_rss	249470976
1781350402	snap	3600	otelcol	otelcol-sb-esrev0-ctr-t4pj5	otelcol_exporter_queue_batch_send_size_sum	1697459
1781350402	snap	3600	otelcol	otelcol-sb-esrev0-ctr-t4pj5	otelcol_receiver_failed_spans	0
1781350402	snap	3600	otelcol	otelcol-sb-esrev0-ctr-t4pj5	otelcol_process_cpu_seconds	39
1781350402	snap	3600	otelcol	otelcol-sb-esrev0-ctr-t4pj5	otelcol_receiver_accepted_spans	1697459
1781350402	snap	3600	otelcol	otelcol-sb-esrev0-ctr-t4pj5	otelcol_process_runtime_heap_alloc_bytes	82756440
1781350402	snap	3600	otelcol	otelcol-sb-esrev0-ctr-t4pj5	otelcol_exporter_sent_spans	1650645
1781350402	snap	3600	otelcol	otelcol-sb-esrev0-ctr-t4pj5	otelcol_processor_batch_batch_send_size_sum	1697459
1781350402	snap	3600	otelcol	otelcol-sb-esrev0-ctr-t4pj5	otelcol_process_uptime	784
1781350402	snap	3600	otelcol	otelcol-sb-esrev0-ctr-t4pj5	otelcol_process_runtime_total_alloc_bytes	1226243224
1781350402	snap	3600	otelcol	otelcol-sb-esrev0-ctr-t4pj5	otelcol_exporter_queue_capacity	1001
1781350402	snap	3600	otelcol	otelcol-sb-esrev0-ctr-t4pj5	otelcol_receiver_refused_spans	7954
1781350402	snap	3600	k8s	otelcol-sb-esrev0-ctr-5tpmc	restart_count	0
1781350402	snap	3600	k8s	otelcol-sb-esrev0-ctr-8ncml	restart_count	0
1781350402	snap	3600	k8s	otelcol-sb-esrev0-ctr-bgnq8	restart_count	0
1781350402	snap	3600	k8s	otelcol-sb-esrev0-ctr-bxzgg	restart_count	0
1781350402	snap	3600	k8s	otelcol-sb-esrev0-ctr-hj4v4	restart_count	0
1781350402	snap	3600	k8s	otelcol-sb-esrev0-ctr-j6v9t	restart_count	0
1781350402	snap	3600	k8s	otelcol-sb-esrev0-ctr-mg8jm	restart_count	0
1781350402	snap	3600	k8s	otelcol-sb-esrev0-ctr-t4pj5	restart_count	0
1781350402	snap	3600	k8s	otelcol-sb-esrev0-ctr-vb2mk	restart_count	0
1781350402	snap	3600	sdk	wrk2api	spans_received	295698
1781350402	snap	3600	sdk	wrk2api	spans_sent	287729
1781350402	snap	3600	sdk	wrk2api	spans_dropped	7969
1781350402	snap	3600	sdk	wrk2api	spans_flushed	295698
1781350402	snap	3600	sdk	wrk2api	batches_sent	11858
1781350402	snap	3600	sdk	wrk2api	batches_dropped	214
1781350402	snap	3600	sdk	wrk2api	send_unavailable	214
1781350402	snap	3600	sdk	wrk2api	send_deadline	0
1781350402	snap	3600	sdk	wrk2api	send_exhausted	0
1781350402	snap	3600	sdk	wrk2api	send_canceled	0
1781350402	snap	3600	sdk	wrk2api	send_other	0
1781350402	snap	3600	sdk	wrk2api	buffer_depth	0
0
1781350402	snap	3600	sdk	wrk2api	cp_received	147849
1781350402	snap	3600	sdk	wrk2api	lp_received	147849
1781350402	snap	3600	sdk	wrk2api	cp_sent	147849
1781350402	snap	3600	sdk	wrk2api	lp_sent	139880
1781350402	snap	3600	sdk	wrk2api	cp_dropped	0
1781350402	snap	3600	sdk	wrk2api	lp_dropped	7969
1781350402	snap	3600	sdk	composepost	spans_received	10357348
1781350402	snap	3600	sdk	composepost	spans_sent	7804997
1781350402	snap	3600	sdk	composepost	spans_dropped	2552351
1781350402	snap	3600	sdk	composepost	spans_flushed	10357348
1781350402	snap	3600	sdk	composepost	batches_sent	37816
1781350402	snap	3600	sdk	composepost	batches_dropped	8668
1781350402	snap	3600	sdk	composepost	send_unavailable	6552
1781350402	snap	3600	sdk	composepost	send_deadline	2116
1781350402	snap	3600	sdk	composepost	send_exhausted	0
1781350402	snap	3600	sdk	composepost	send_canceled	0
1781350402	snap	3600	sdk	composepost	send_other	0
1781350402	snap	3600	sdk	composepost	buffer_depth	0
0
1781350402	snap	3600	sdk	composepost	cp_received	9062679
1781350402	snap	3600	sdk	composepost	lp_received	1294669
1781350402	snap	3600	sdk	composepost	cp_sent	7745100
1781350402	snap	3600	sdk	composepost	lp_sent	59897
1781350402	snap	3600	sdk	composepost	cp_dropped	1317579
1781350402	snap	3600	sdk	composepost	lp_dropped	1234772
1781350402	snap	3600	sdk	hometimeline	spans_received	2589330
1781350402	snap	3600	sdk	hometimeline	spans_sent	116100
1781350402	snap	3600	sdk	hometimeline	spans_dropped	2473230
1781350402	snap	3600	sdk	hometimeline	spans_flushed	2589330
1781350402	snap	3600	sdk	hometimeline	batches_sent	2462
1781350402	snap	3600	sdk	hometimeline	batches_dropped	9188
1781350402	snap	3600	sdk	hometimeline	send_unavailable	9125
1781350402	snap	3600	sdk	hometimeline	send_deadline	63
1781350402	snap	3600	sdk	hometimeline	send_exhausted	0
1781350402	snap	3600	sdk	hometimeline	send_canceled	0
1781350402	snap	3600	sdk	hometimeline	send_other	0
1781350402	snap	3600	sdk	hometimeline	buffer_depth	0
0
1781350402	snap	3600	sdk	hometimeline	cp_received	0
1781350402	snap	3600	sdk	hometimeline	lp_received	2589330
1781350402	snap	3600	sdk	hometimeline	cp_sent	0
1781350402	snap	3600	sdk	hometimeline	lp_sent	116100
1781350402	snap	3600	sdk	hometimeline	cp_dropped	0
1781350402	snap	3600	sdk	hometimeline	lp_dropped	2473230
1781350402	snap	3600	sdk	media	spans_received	1294669
1781350402	snap	3600	sdk	media	spans_sent	1251473
1781350402	snap	3600	sdk	media	spans_dropped	43196
1781350402	snap	3600	sdk	media	spans_flushed	1294669
1781350402	snap	3600	sdk	media	batches_sent	5669
1781350402	snap	3600	sdk	media	batches_dropped	133
1781350402	snap	3600	sdk	media	send_unavailable	133
1781350402	snap	3600	sdk	media	send_deadline	0
1781350402	snap	3600	sdk	media	send_exhausted	0
1781350402	snap	3600	sdk	media	send_canceled	0
1781350402	snap	3600	sdk	media	send_other	0
1781350402	snap	3600	sdk	media	buffer_depth	0
0
1781350402	snap	3600	sdk	media	cp_received	1294669
1781350402	snap	3600	sdk	media	lp_received	0
1781350402	snap	3600	sdk	media	cp_sent	1251473
1781350402	snap	3600	sdk	media	lp_sent	0
1781350402	snap	3600	sdk	media	cp_dropped	43196
1781350402	snap	3600	sdk	media	lp_dropped	0
1781350402	snap	3600	sdk	post-storage	spans_received	1294665
1781350402	snap	3600	sdk	post-storage	spans_sent	1294665
1781350402	snap	3600	sdk	post-storage	spans_dropped	0
1781350402	snap	3600	sdk	post-storage	spans_flushed	1294665
1781350402	snap	3600	sdk	post-storage	batches_sent	5800
1781350402	snap	3600	sdk	post-storage	batches_dropped	0
1781350402	snap	3600	sdk	post-storage	send_unavailable	0
1781350402	snap	3600	sdk	post-storage	send_deadline	0
1781350402	snap	3600	sdk	post-storage	send_exhausted	0
1781350402	snap	3600	sdk	post-storage	send_canceled	0
1781350402	snap	3600	sdk	post-storage	send_other	0
1781350402	snap	3600	sdk	post-storage	buffer_depth	0
0
1781350402	snap	3600	sdk	post-storage	cp_received	1294665
1781350402	snap	3600	sdk	post-storage	lp_received	0
1781350402	snap	3600	sdk	post-storage	cp_sent	1294665
1781350402	snap	3600	sdk	post-storage	lp_sent	0
1781350402	snap	3600	sdk	post-storage	cp_dropped	0
1781350402	snap	3600	sdk	post-storage	lp_dropped	0
1781350402	snap	3600	sdk	socialgraph	spans_received	1408499
1781350402	snap	3600	sdk	socialgraph	spans_sent	1405677
1781350402	snap	3600	sdk	socialgraph	spans_dropped	2822
1781350402	snap	3600	sdk	socialgraph	spans_flushed	1408499
1781350402	snap	3600	sdk	socialgraph	batches_sent	6271
1781350402	snap	3600	sdk	socialgraph	batches_dropped	14
1781350402	snap	3600	sdk	socialgraph	send_unavailable	14
1781350402	snap	3600	sdk	socialgraph	send_deadline	0
1781350402	snap	3600	sdk	socialgraph	send_exhausted	0
1781350402	snap	3600	sdk	socialgraph	send_canceled	0
1781350402	snap	3600	sdk	socialgraph	send_other	0
1781350402	snap	3600	sdk	socialgraph	buffer_depth	0
0
1781350402	snap	3600	sdk	socialgraph	cp_received	1370875
1781350402	snap	3600	sdk	socialgraph	lp_received	37624
1781350402	snap	3600	sdk	socialgraph	cp_sent	1370875
1781350402	snap	3600	sdk	socialgraph	lp_sent	34802
1781350402	snap	3600	sdk	socialgraph	cp_dropped	0
1781350402	snap	3600	sdk	socialgraph	lp_dropped	2822
1781350402	snap	3600	sdk	text	spans_received	3884015
1781350402	snap	3600	sdk	text	spans_sent	3471130
1781350402	snap	3600	sdk	text	spans_dropped	412885
1781350402	snap	3600	sdk	text	spans_flushed	3884015
1781350402	snap	3600	sdk	text	batches_sent	16132
1781350402	snap	3600	sdk	text	batches_dropped	1262
1781350402	snap	3600	sdk	text	send_unavailable	1262
1781350402	snap	3600	sdk	text	send_deadline	0
1781350402	snap	3600	sdk	text	send_exhausted	0
1781350402	snap	3600	sdk	text	send_canceled	0
1781350402	snap	3600	sdk	text	send_other	0
1781350402	snap	3600	sdk	text	buffer_depth	0
0
1781350402	snap	3600	sdk	text	cp_received	0
1781350402	snap	3600	sdk	text	lp_received	3884015
1781350402	snap	3600	sdk	text	cp_sent	0
1781350402	snap	3600	sdk	text	lp_sent	3471130
1781350402	snap	3600	sdk	text	cp_dropped	0
1781350402	snap	3600	sdk	text	lp_dropped	412885
1781350402	snap	3600	sdk	uniqueid	spans_received	1294669
1781350402	snap	3600	sdk	uniqueid	spans_sent	1294669
1781350402	snap	3600	sdk	uniqueid	spans_dropped	0
1781350402	snap	3600	sdk	uniqueid	spans_flushed	1294669
1781350402	snap	3600	sdk	uniqueid	batches_sent	5800
1781350402	snap	3600	sdk	uniqueid	batches_dropped	0
1781350402	snap	3600	sdk	uniqueid	send_unavailable	0
1781350402	snap	3600	sdk	uniqueid	send_deadline	0
1781350402	snap	3600	sdk	uniqueid	send_exhausted	0
1781350402	snap	3600	sdk	uniqueid	send_canceled	0
1781350402	snap	3600	sdk	uniqueid	send_other	0
1781350402	snap	3600	sdk	uniqueid	buffer_depth	0
0
1781350402	snap	3600	sdk	uniqueid	cp_received	1294669
1781350402	snap	3600	sdk	uniqueid	lp_received	0
1781350402	snap	3600	sdk	uniqueid	cp_sent	1294669
1781350402	snap	3600	sdk	uniqueid	lp_sent	0
1781350402	snap	3600	sdk	uniqueid	cp_dropped	0
1781350402	snap	3600	sdk	uniqueid	lp_dropped	0
1781350402	snap	3600	sdk	urlshorten	spans_received	1294669
1781350402	snap	3600	sdk	urlshorten	spans_sent	1294669
1781350402	snap	3600	sdk	urlshorten	spans_dropped	0
1781350402	snap	3600	sdk	urlshorten	spans_flushed	1294669
1781350402	snap	3600	sdk	urlshorten	batches_sent	5799
1781350402	snap	3600	sdk	urlshorten	batches_dropped	0
1781350402	snap	3600	sdk	urlshorten	send_unavailable	0
1781350402	snap	3600	sdk	urlshorten	send_deadline	0
1781350402	snap	3600	sdk	urlshorten	send_exhausted	0
1781350402	snap	3600	sdk	urlshorten	send_canceled	0
1781350402	snap	3600	sdk	urlshorten	send_other	0
1781350402	snap	3600	sdk	urlshorten	buffer_depth	0
0
1781350402	snap	3600	sdk	urlshorten	cp_received	1294669
1781350402	snap	3600	sdk	urlshorten	lp_received	0
1781350402	snap	3600	sdk	urlshorten	cp_sent	1294669
1781350402	snap	3600	sdk	urlshorten	lp_sent	0
1781350402	snap	3600	sdk	urlshorten	cp_dropped	0
1781350402	snap	3600	sdk	urlshorten	lp_dropped	0
1781350402	snap	3600	sdk	user	spans_received	1296593
1781350402	snap	3600	sdk	user	spans_sent	1296593
1781350402	snap	3600	sdk	user	spans_dropped	0
1781350402	snap	3600	sdk	user	spans_flushed	1296593
1781350402	snap	3600	sdk	user	batches_sent	5814
1781350402	snap	3600	sdk	user	batches_dropped	0
1781350402	snap	3600	sdk	user	send_unavailable	0
1781350402	snap	3600	sdk	user	send_deadline	0
1781350402	snap	3600	sdk	user	send_exhausted	0
1781350402	snap	3600	sdk	user	send_canceled	0
1781350402	snap	3600	sdk	user	send_other	0
1781350402	snap	3600	sdk	user	buffer_depth	0
0
1781350402	snap	3600	sdk	user	cp_received	1295631
1781350402	snap	3600	sdk	user	lp_received	962
1781350402	snap	3600	sdk	user	cp_sent	1295631
1781350402	snap	3600	sdk	user	lp_sent	962
1781350402	snap	3600	sdk	user	cp_dropped	0
1781350402	snap	3600	sdk	user	lp_dropped	0
1781350402	snap	3600	sdk	userid	spans_received	75248
1781350402	snap	3600	sdk	userid	spans_sent	75248
1781350402	snap	3600	sdk	userid	spans_dropped	0
1781350402	snap	3600	sdk	userid	spans_flushed	75248
1781350402	snap	3600	sdk	userid	batches_sent	247
1781350402	snap	3600	sdk	userid	batches_dropped	0
1781350402	snap	3600	sdk	userid	send_unavailable	0
1781350402	snap	3600	sdk	userid	send_deadline	0
1781350402	snap	3600	sdk	userid	send_exhausted	0
1781350402	snap	3600	sdk	userid	send_canceled	0
1781350402	snap	3600	sdk	userid	send_other	0
1781350402	snap	3600	sdk	userid	buffer_depth	0
0
1781350402	snap	3600	sdk	userid	cp_received	75248
1781350402	snap	3600	sdk	userid	lp_received	0
1781350402	snap	3600	sdk	userid	cp_sent	75248
1781350402	snap	3600	sdk	userid	lp_sent	0
1781350402	snap	3600	sdk	userid	cp_dropped	0
1781350402	snap	3600	sdk	userid	lp_dropped	0
1781350402	snap	3600	sdk	usermention	spans_received	1294669
1781350402	snap	3600	sdk	usermention	spans_sent	1294669
1781350402	snap	3600	sdk	usermention	spans_dropped	0
1781350402	snap	3600	sdk	usermention	spans_flushed	1294669
1781350402	snap	3600	sdk	usermention	batches_sent	5798
1781350402	snap	3600	sdk	usermention	batches_dropped	0
1781350402	snap	3600	sdk	usermention	send_unavailable	0
1781350402	snap	3600	sdk	usermention	send_deadline	0
1781350402	snap	3600	sdk	usermention	send_exhausted	0
1781350402	snap	3600	sdk	usermention	send_canceled	0
1781350402	snap	3600	sdk	usermention	send_other	0
1781350402	snap	3600	sdk	usermention	buffer_depth	0
0
1781350402	snap	3600	sdk	usermention	cp_received	1294669
1781350402	snap	3600	sdk	usermention	lp_received	0
1781350402	snap	3600	sdk	usermention	cp_sent	1294669
1781350402	snap	3600	sdk	usermention	lp_sent	0
1781350402	snap	3600	sdk	usermention	cp_dropped	0
1781350402	snap	3600	sdk	usermention	lp_dropped	0
1781350402	snap	3600	sdk	usertimeline	spans_received	1294665
1781350402	snap	3600	sdk	usertimeline	spans_sent	1294665
1781350402	snap	3600	sdk	usertimeline	spans_dropped	0
1781350402	snap	3600	sdk	usertimeline	spans_flushed	1294665
1781350402	snap	3600	sdk	usertimeline	batches_sent	5798
1781350402	snap	3600	sdk	usertimeline	batches_dropped	0
1781350402	snap	3600	sdk	usertimeline	send_unavailable	0
1781350402	snap	3600	sdk	usertimeline	send_deadline	0
1781350402	snap	3600	sdk	usertimeline	send_exhausted	0
1781350402	snap	3600	sdk	usertimeline	send_canceled	0
1781350402	snap	3600	sdk	usertimeline	send_other	0
1781350402	snap	3600	sdk	usertimeline	buffer_depth	0
0
1781350402	snap	3600	sdk	usertimeline	cp_received	1294665
1781350402	snap	3600	sdk	usertimeline	lp_received	0
1781350402	snap	3600	sdk	usertimeline	cp_sent	1294665
1781350402	snap	3600	sdk	usertimeline	lp_sent	0
1781350402	snap	3600	sdk	usertimeline	cp_dropped	0
1781350402	snap	3600	sdk	usertimeline	lp_dropped	0
1781350469	snap	3600	otelcol	otelcol-sb-esrev0-ctr-hj4v4	otelcol_process_uptime	845
1781350469	snap	3600	otelcol	otelcol-sb-esrev0-ctr-hj4v4	otelcol_exporter_sent_spans	3043513
1781350469	snap	3600	otelcol	otelcol-sb-esrev0-ctr-hj4v4	otelcol_process_runtime_total_sys_memory_bytes	154679592
1781350469	snap	3600	otelcol	otelcol-sb-esrev0-ctr-hj4v4	otelcol_process_runtime_total_alloc_bytes	2250727336
1781350469	snap	3600	otelcol	otelcol-sb-esrev0-ctr-hj4v4	otelcol_exporter_queue_capacity	1001
1781350469	snap	3600	otelcol	otelcol-sb-esrev0-ctr-hj4v4	otelcol_receiver_failed_spans	0
1781350469	snap	3600	otelcol	otelcol-sb-esrev0-ctr-hj4v4	otelcol_processor_batch_metadata_cardinality	1
1781350469	snap	3600	otelcol	otelcol-sb-esrev0-ctr-hj4v4	otelcol_processor_batch_batch_send_size_sum	3196702
1781350469	snap	3600	otelcol	otelcol-sb-esrev0-ctr-hj4v4	otelcol_receiver_refused_spans	163886
1781350469	snap	3600	otelcol	otelcol-sb-esrev0-ctr-hj4v4	otelcol_processor_batch_timeout_trigger_send	3360
1781350469	snap	3600	otelcol	otelcol-sb-esrev0-ctr-hj4v4	otelcol_exporter_send_failed_spans	0
1781350469	snap	3600	otelcol	otelcol-sb-esrev0-ctr-hj4v4	otelcol_exporter_queue_size	101
1781350469	snap	3600	otelcol	otelcol-sb-esrev0-ctr-hj4v4	otelcol_exporter_queue_batch_send_size_sum	3196702
1781350469	snap	3600	otelcol	otelcol-sb-esrev0-ctr-hj4v4	otelcol_processor_incoming_items	3360588
1781350469	snap	3600	otelcol	otelcol-sb-esrev0-ctr-hj4v4	otelcol_process_runtime_heap_alloc_bytes	101091656
1781350469	snap	3600	otelcol	otelcol-sb-esrev0-ctr-hj4v4	otelcol_process_memory_rss	287989760
1781350469	snap	3600	otelcol	otelcol-sb-esrev0-ctr-hj4v4	otelcol_receiver_accepted_spans	3196702
1781350469	snap	3600	otelcol	otelcol-sb-esrev0-ctr-hj4v4	otelcol_processor_outgoing_items	3196702
1781350469	snap	3600	otelcol	otelcol-sb-esrev0-ctr-hj4v4	otelcol_process_cpu_seconds	65
1781350469	snap	3600	otelcol	otelcol-sb-esrev0-ctr-bgnq8	otelcol_processor_batch_batch_send_size_sum	1837355
1781350469	snap	3600	otelcol	otelcol-sb-esrev0-ctr-bgnq8	otelcol_exporter_sent_spans	1808043
1781350469	snap	3600	otelcol	otelcol-sb-esrev0-ctr-bgnq8	otelcol_processor_batch_metadata_cardinality	1
1781350469	snap	3600	otelcol	otelcol-sb-esrev0-ctr-bgnq8	otelcol_receiver_accepted_spans	1837355
1781350469	snap	3600	otelcol	otelcol-sb-esrev0-ctr-bgnq8	otelcol_process_uptime	848
1781350469	snap	3600	otelcol	otelcol-sb-esrev0-ctr-bgnq8	otelcol_process_memory_rss	257241088
1781350469	snap	3600	otelcol	otelcol-sb-esrev0-ctr-bgnq8	otelcol_exporter_queue_size	34
1781350469	snap	3600	otelcol	otelcol-sb-esrev0-ctr-bgnq8	otelcol_processor_incoming_items	1854222
1781350469	snap	3600	otelcol	otelcol-sb-esrev0-ctr-bgnq8	otelcol_exporter_queue_capacity	1001
1781350469	snap	3600	otelcol	otelcol-sb-esrev0-ctr-bgnq8	otelcol_processor_batch_timeout_trigger_send	3361
1781350469	snap	3600	otelcol	otelcol-sb-esrev0-ctr-bgnq8	otelcol_process_runtime_total_alloc_bytes	1372511480
1781350469	snap	3600	otelcol	otelcol-sb-esrev0-ctr-bgnq8	otelcol_receiver_refused_spans	16867
1781350469	snap	3600	otelcol	otelcol-sb-esrev0-ctr-bgnq8	otelcol_process_runtime_total_sys_memory_bytes	141359400
1781350469	snap	3600	otelcol	otelcol-sb-esrev0-ctr-bgnq8	otelcol_receiver_failed_spans	0
1781350469	snap	3600	otelcol	otelcol-sb-esrev0-ctr-bgnq8	otelcol_process_runtime_heap_alloc_bytes	70143312
1781350469	snap	3600	otelcol	otelcol-sb-esrev0-ctr-bgnq8	otelcol_exporter_send_failed_spans	0
1781350469	snap	3600	otelcol	otelcol-sb-esrev0-ctr-bgnq8	otelcol_processor_outgoing_items	1837355
1781350469	snap	3600	otelcol	otelcol-sb-esrev0-ctr-bgnq8	otelcol_process_cpu_seconds	44
1781350469	snap	3600	otelcol	otelcol-sb-esrev0-ctr-bgnq8	otelcol_exporter_queue_batch_send_size_sum	1837355
1781350469	snap	3600	otelcol	otelcol-sb-esrev0-ctr-vb2mk	otelcol_process_uptime	848
1781350469	snap	3600	otelcol	otelcol-sb-esrev0-ctr-vb2mk	otelcol_process_memory_rss	256270336
1781350469	snap	3600	otelcol	otelcol-sb-esrev0-ctr-vb2mk	otelcol_exporter_send_failed_spans	0
1781350469	snap	3600	otelcol	otelcol-sb-esrev0-ctr-vb2mk	otelcol_receiver_accepted_spans	1836844
1781350469	snap	3600	otelcol	otelcol-sb-esrev0-ctr-vb2mk	otelcol_process_runtime_total_sys_memory_bytes	140892456
1781350469	snap	3600	otelcol	otelcol-sb-esrev0-ctr-vb2mk	otelcol_exporter_queue_batch_send_size_sum	1836844
1781350469	snap	3600	otelcol	otelcol-sb-esrev0-ctr-vb2mk	otelcol_process_cpu_seconds	44
1781350469	snap	3600	otelcol	otelcol-sb-esrev0-ctr-vb2mk	otelcol_process_runtime_heap_alloc_bytes	76292216
1781350469	snap	3600	otelcol	otelcol-sb-esrev0-ctr-vb2mk	otelcol_exporter_sent_spans	1733489
1781350469	snap	3600	otelcol	otelcol-sb-esrev0-ctr-vb2mk	otelcol_exporter_queue_capacity	1001
1781350469	snap	3600	otelcol	otelcol-sb-esrev0-ctr-vb2mk	otelcol_receiver_refused_spans	15069
1781350469	snap	3600	otelcol	otelcol-sb-esrev0-ctr-vb2mk	otelcol_processor_incoming_items	1851913
1781350469	snap	3600	otelcol	otelcol-sb-esrev0-ctr-vb2mk	otelcol_processor_outgoing_items	1836844
1781350469	snap	3600	otelcol	otelcol-sb-esrev0-ctr-vb2mk	otelcol_exporter_queue_size	124
1781350469	snap	3600	otelcol	otelcol-sb-esrev0-ctr-vb2mk	otelcol_processor_batch_metadata_cardinality	1
1781350469	snap	3600	otelcol	otelcol-sb-esrev0-ctr-vb2mk	otelcol_receiver_failed_spans	0
1781350469	snap	3600	otelcol	otelcol-sb-esrev0-ctr-vb2mk	otelcol_processor_batch_timeout_trigger_send	3357
1781350469	snap	3600	otelcol	otelcol-sb-esrev0-ctr-vb2mk	otelcol_processor_batch_batch_send_size_sum	1836844
1781350469	snap	3600	otelcol	otelcol-sb-esrev0-ctr-vb2mk	otelcol_process_runtime_total_alloc_bytes	1333772360
1781350469	snap	3600	otelcol	otelcol-sb-esrev0-ctr-j6v9t	otelcol_processor_incoming_items	14638728
1781350469	snap	3600	otelcol	otelcol-sb-esrev0-ctr-j6v9t	otelcol_process_cpu_seconds	187
1781350469	snap	3600	otelcol	otelcol-sb-esrev0-ctr-j6v9t	otelcol_process_uptime	846
1781350469	snap	3600	otelcol	otelcol-sb-esrev0-ctr-j6v9t	otelcol_process_runtime_heap_alloc_bytes	138775264
1781350469	snap	3600	otelcol	otelcol-sb-esrev0-ctr-j6v9t	otelcol_exporter_sent_spans	8511910
1781350469	snap	3600	otelcol	otelcol-sb-esrev0-ctr-j6v9t	otelcol_exporter_send_failed_spans	0
1781350469	snap	3600	otelcol	otelcol-sb-esrev0-ctr-j6v9t	otelcol_receiver_failed_spans	0
1781350469	snap	3600	otelcol	otelcol-sb-esrev0-ctr-j6v9t	otelcol_processor_outgoing_items	8633689
1781350469	snap	3600	otelcol	otelcol-sb-esrev0-ctr-j6v9t	otelcol_processor_batch_batch_send_size_sum	8633689
1781350469	snap	3600	otelcol	otelcol-sb-esrev0-ctr-j6v9t	otelcol_process_runtime_total_sys_memory_bytes	232323400
1781350469	snap	3600	otelcol	otelcol-sb-esrev0-ctr-j6v9t	otelcol_process_runtime_total_alloc_bytes	10236431832
1781350469	snap	3600	otelcol	otelcol-sb-esrev0-ctr-j6v9t	otelcol_processor_batch_batch_size_trigger_send	5
1781350469	snap	3600	otelcol	otelcol-sb-esrev0-ctr-j6v9t	otelcol_processor_batch_metadata_cardinality	1
1781350469	snap	3600	otelcol	otelcol-sb-esrev0-ctr-j6v9t	otelcol_processor_batch_timeout_trigger_send	2889
1781350469	snap	3600	otelcol	otelcol-sb-esrev0-ctr-j6v9t	otelcol_exporter_queue_size	27
1781350469	snap	3600	otelcol	otelcol-sb-esrev0-ctr-j6v9t	otelcol_receiver_accepted_spans	8633689
1781350469	snap	3600	otelcol	otelcol-sb-esrev0-ctr-j6v9t	otelcol_process_memory_rss	323428352
1781350469	snap	3600	otelcol	otelcol-sb-esrev0-ctr-j6v9t	otelcol_receiver_refused_spans	6005039
1781350469	snap	3600	otelcol	otelcol-sb-esrev0-ctr-j6v9t	otelcol_exporter_queue_capacity	1001
1781350469	snap	3600	otelcol	otelcol-sb-esrev0-ctr-j6v9t	otelcol_exporter_queue_batch_send_size_sum	8633689
1781350469	snap	3600	otelcol	otelcol-sb-esrev0-ctr-5tpmc	otelcol_processor_batch_timeout_trigger_send	3261
1781350469	snap	3600	otelcol	otelcol-sb-esrev0-ctr-5tpmc	otelcol_process_runtime_heap_alloc_bytes	126303160
1781350469	snap	3600	otelcol	otelcol-sb-esrev0-ctr-5tpmc	otelcol_processor_outgoing_items	5676901
1781350469	snap	3600	otelcol	otelcol-sb-esrev0-ctr-5tpmc	otelcol_receiver_accepted_spans	5676901
1781350469	snap	3600	otelcol	otelcol-sb-esrev0-ctr-5tpmc	otelcol_process_uptime	846
1781350469	snap	3600	otelcol	otelcol-sb-esrev0-ctr-5tpmc	otelcol_process_runtime_total_alloc_bytes	3328180072
1781350469	snap	3600	otelcol	otelcol-sb-esrev0-ctr-5tpmc	otelcol_exporter_queue_capacity	1001
1781350469	snap	3600	otelcol	otelcol-sb-esrev0-ctr-5tpmc	otelcol_receiver_refused_spans	778264
1781350469	snap	3600	otelcol	otelcol-sb-esrev0-ctr-5tpmc	otelcol_exporter_queue_batch_send_size_sum	5676901
1781350469	snap	3600	otelcol	otelcol-sb-esrev0-ctr-5tpmc	otelcol_receiver_failed_spans	0
1781350469	snap	3600	otelcol	otelcol-sb-esrev0-ctr-5tpmc	otelcol_process_cpu_seconds	82
1781350469	snap	3600	otelcol	otelcol-sb-esrev0-ctr-5tpmc	otelcol_processor_batch_batch_send_size_sum	5676901
1781350469	snap	3600	otelcol	otelcol-sb-esrev0-ctr-5tpmc	otelcol_exporter_send_failed_spans	0
1781350469	snap	3600	otelcol	otelcol-sb-esrev0-ctr-5tpmc	otelcol_processor_batch_metadata_cardinality	1
1781350469	snap	3600	otelcol	otelcol-sb-esrev0-ctr-5tpmc	otelcol_process_runtime_total_sys_memory_bytes	192645432
1781350469	snap	3600	otelcol	otelcol-sb-esrev0-ctr-5tpmc	otelcol_process_memory_rss	323080192
1781350469	snap	3600	otelcol	otelcol-sb-esrev0-ctr-5tpmc	otelcol_exporter_sent_spans	5483151
1781350469	snap	3600	otelcol	otelcol-sb-esrev0-ctr-5tpmc	otelcol_processor_incoming_items	6455165
1781350469	snap	3600	otelcol	otelcol-sb-esrev0-ctr-5tpmc	otelcol_exporter_queue_size	112
1781350469	snap	3600	otelcol	otelcol-sb-esrev0-ctr-mg8jm	otelcol_processor_outgoing_items	343229
1781350469	snap	3600	otelcol	otelcol-sb-esrev0-ctr-mg8jm	otelcol_process_memory_rss	217497600
1781350469	snap	3600	otelcol	otelcol-sb-esrev0-ctr-mg8jm	otelcol_exporter_queue_batch_send_size_sum	343229
1781350469	snap	3600	otelcol	otelcol-sb-esrev0-ctr-mg8jm	otelcol_process_runtime_heap_alloc_bytes	27478624
1781350469	snap	3600	otelcol	otelcol-sb-esrev0-ctr-mg8jm	otelcol_receiver_failed_spans	0
1781350469	snap	3600	otelcol	otelcol-sb-esrev0-ctr-mg8jm	otelcol_process_runtime_total_sys_memory_bytes	76097816
1781350469	snap	3600	otelcol	otelcol-sb-esrev0-ctr-mg8jm	otelcol_process_cpu_seconds	32
1781350469	snap	3600	otelcol	otelcol-sb-esrev0-ctr-mg8jm	otelcol_receiver_refused_spans	0
1781350469	snap	3600	otelcol	otelcol-sb-esrev0-ctr-mg8jm	otelcol_processor_batch_batch_send_size_sum	343229
1781350469	snap	3600	otelcol	otelcol-sb-esrev0-ctr-mg8jm	otelcol_process_runtime_total_alloc_bytes	469539776
1781350469	snap	3600	otelcol	otelcol-sb-esrev0-ctr-mg8jm	otelcol_receiver_accepted_spans	343229
1781350469	snap	3600	otelcol	otelcol-sb-esrev0-ctr-mg8jm	otelcol_exporter_send_failed_spans	0
1781350469	snap	3600	otelcol	otelcol-sb-esrev0-ctr-mg8jm	otelcol_processor_batch_metadata_cardinality	1
1781350469	snap	3600	otelcol	otelcol-sb-esrev0-ctr-mg8jm	otelcol_exporter_sent_spans	337473
1781350469	snap	3600	otelcol	otelcol-sb-esrev0-ctr-mg8jm	otelcol_exporter_queue_capacity	1001
1781350469	snap	3600	otelcol	otelcol-sb-esrev0-ctr-mg8jm	otelcol_processor_incoming_items	343229
1781350469	snap	3600	otelcol	otelcol-sb-esrev0-ctr-mg8jm	otelcol_processor_batch_timeout_trigger_send	3347
1781350469	snap	3600	otelcol	otelcol-sb-esrev0-ctr-mg8jm	otelcol_process_uptime	840
1781350469	snap	3600	otelcol	otelcol-sb-esrev0-ctr-mg8jm	otelcol_exporter_queue_size	37
1781350469	snap	3600	otelcol	otelcol-sb-esrev0-ctr-bxzgg	otelcol_exporter_queue_capacity	1001
1781350469	snap	3600	otelcol	otelcol-sb-esrev0-ctr-bxzgg	otelcol_processor_batch_metadata_cardinality	1
1781350469	snap	3600	otelcol	otelcol-sb-esrev0-ctr-bxzgg	otelcol_processor_batch_timeout_trigger_send	3356
1781350469	snap	3600	otelcol	otelcol-sb-esrev0-ctr-bxzgg	otelcol_processor_incoming_items	1852272
1781350469	snap	3600	otelcol	otelcol-sb-esrev0-ctr-bxzgg	otelcol_exporter_queue_batch_send_size_sum	1845812
1781350469	snap	3600	otelcol	otelcol-sb-esrev0-ctr-bxzgg	otelcol_process_memory_rss	257720320
1781350469	snap	3600	otelcol	otelcol-sb-esrev0-ctr-bxzgg	otelcol_exporter_send_failed_spans	0
1781350469	snap	3600	otelcol	otelcol-sb-esrev0-ctr-bxzgg	otelcol_processor_outgoing_items	1845812
1781350469	snap	3600	otelcol	otelcol-sb-esrev0-ctr-bxzgg	otelcol_process_cpu_seconds	46
1781350469	snap	3600	otelcol	otelcol-sb-esrev0-ctr-bxzgg	otelcol_process_uptime	846
1781350469	snap	3600	otelcol	otelcol-sb-esrev0-ctr-bxzgg	otelcol_process_runtime_total_alloc_bytes	1321076288
1781350469	snap	3600	otelcol	otelcol-sb-esrev0-ctr-bxzgg	otelcol_processor_batch_batch_send_size_sum	1845812
1781350469	snap	3600	otelcol	otelcol-sb-esrev0-ctr-bxzgg	otelcol_process_runtime_total_sys_memory_bytes	119212312
1781350469	snap	3600	otelcol	otelcol-sb-esrev0-ctr-bxzgg	otelcol_process_runtime_heap_alloc_bytes	83735880
1781350469	snap	3600	otelcol	otelcol-sb-esrev0-ctr-bxzgg	otelcol_receiver_refused_spans	6460
1781350469	snap	3600	otelcol	otelcol-sb-esrev0-ctr-bxzgg	otelcol_receiver_failed_spans	0
1781350469	snap	3600	otelcol	otelcol-sb-esrev0-ctr-bxzgg	otelcol_exporter_sent_spans	1796999
1781350469	snap	3600	otelcol	otelcol-sb-esrev0-ctr-bxzgg	otelcol_receiver_accepted_spans	1845812
1781350469	snap	3600	otelcol	otelcol-sb-esrev0-ctr-bxzgg	otelcol_exporter_queue_size	57
1781350469	snap	3600	otelcol	otelcol-sb-esrev0-ctr-8ncml	otelcol_processor_outgoing_items	1832741
1781350469	snap	3600	otelcol	otelcol-sb-esrev0-ctr-8ncml	otelcol_process_cpu_seconds	48
1781350469	snap	3600	otelcol	otelcol-sb-esrev0-ctr-8ncml	otelcol_process_uptime	847
1781350469	snap	3600	otelcol	otelcol-sb-esrev0-ctr-8ncml	otelcol_exporter_queue_batch_send_size_sum	1832741
1781350469	snap	3600	otelcol	otelcol-sb-esrev0-ctr-8ncml	otelcol_receiver_failed_spans	0
1781350469	snap	3600	otelcol	otelcol-sb-esrev0-ctr-8ncml	otelcol_receiver_refused_spans	20394
1781350469	snap	3600	otelcol	otelcol-sb-esrev0-ctr-8ncml	otelcol_process_runtime_heap_alloc_bytes	89100504
1781350469	snap	3600	otelcol	otelcol-sb-esrev0-ctr-8ncml	otelcol_processor_batch_batch_send_size_sum	1832741
1781350469	snap	3600	otelcol	otelcol-sb-esrev0-ctr-8ncml	otelcol_process_runtime_total_sys_memory_bytes	131963176
1781350469	snap	3600	otelcol	otelcol-sb-esrev0-ctr-8ncml	otelcol_exporter_sent_spans	1760429
1781350469	snap	3600	otelcol	otelcol-sb-esrev0-ctr-8ncml	otelcol_exporter_queue_size	88
1781350469	snap	3600	otelcol	otelcol-sb-esrev0-ctr-8ncml	otelcol_exporter_send_failed_spans	0
1781350469	snap	3600	otelcol	otelcol-sb-esrev0-ctr-8ncml	otelcol_receiver_accepted_spans	1832741
1781350469	snap	3600	otelcol	otelcol-sb-esrev0-ctr-8ncml	otelcol_processor_batch_metadata_cardinality	1
1781350469	snap	3600	otelcol	otelcol-sb-esrev0-ctr-8ncml	otelcol_processor_incoming_items	1853135
1781350469	snap	3600	otelcol	otelcol-sb-esrev0-ctr-8ncml	otelcol_processor_batch_timeout_trigger_send	3356
1781350469	snap	3600	otelcol	otelcol-sb-esrev0-ctr-8ncml	otelcol_exporter_queue_capacity	1001
1781350469	snap	3600	otelcol	otelcol-sb-esrev0-ctr-8ncml	otelcol_process_runtime_total_alloc_bytes	1353574728
1781350469	snap	3600	otelcol	otelcol-sb-esrev0-ctr-8ncml	otelcol_process_memory_rss	262680576
1781350469	snap	3600	otelcol	otelcol-sb-esrev0-ctr-t4pj5	otelcol_exporter_send_failed_spans	0
1781350469	snap	3600	otelcol	otelcol-sb-esrev0-ctr-t4pj5	otelcol_exporter_queue_size	32
1781350469	snap	3600	otelcol	otelcol-sb-esrev0-ctr-t4pj5	otelcol_processor_incoming_items	1966961
1781350469	snap	3600	otelcol	otelcol-sb-esrev0-ctr-t4pj5	otelcol_processor_outgoing_items	1953895
1781350469	snap	3600	otelcol	otelcol-sb-esrev0-ctr-t4pj5	otelcol_process_runtime_total_sys_memory_bytes	132372776
1781350469	snap	3600	otelcol	otelcol-sb-esrev0-ctr-t4pj5	otelcol_processor_batch_metadata_cardinality	1
1781350469	snap	3600	otelcol	otelcol-sb-esrev0-ctr-t4pj5	otelcol_processor_batch_timeout_trigger_send	3357
1781350469	snap	3600	otelcol	otelcol-sb-esrev0-ctr-t4pj5	otelcol_process_memory_rss	262696960
1781350469	snap	3600	otelcol	otelcol-sb-esrev0-ctr-t4pj5	otelcol_exporter_queue_batch_send_size_sum	1953895
1781350469	snap	3600	otelcol	otelcol-sb-esrev0-ctr-t4pj5	otelcol_receiver_failed_spans	0
1781350469	snap	3600	otelcol	otelcol-sb-esrev0-ctr-t4pj5	otelcol_process_cpu_seconds	45
1781350469	snap	3600	otelcol	otelcol-sb-esrev0-ctr-t4pj5	otelcol_receiver_accepted_spans	1953895
1781350469	snap	3600	otelcol	otelcol-sb-esrev0-ctr-t4pj5	otelcol_process_runtime_heap_alloc_bytes	95172464
1781350469	snap	3600	otelcol	otelcol-sb-esrev0-ctr-t4pj5	otelcol_exporter_sent_spans	1928257
1781350469	snap	3600	otelcol	otelcol-sb-esrev0-ctr-t4pj5	otelcol_processor_batch_batch_send_size_sum	1953895
1781350469	snap	3600	otelcol	otelcol-sb-esrev0-ctr-t4pj5	otelcol_process_uptime	851
1781350469	snap	3600	otelcol	otelcol-sb-esrev0-ctr-t4pj5	otelcol_process_runtime_total_alloc_bytes	1404337424
1781350469	snap	3600	otelcol	otelcol-sb-esrev0-ctr-t4pj5	otelcol_exporter_queue_capacity	1001
1781350469	snap	3600	otelcol	otelcol-sb-esrev0-ctr-t4pj5	otelcol_receiver_refused_spans	13066
1781350469	snap	3600	k8s	otelcol-sb-esrev0-ctr-5tpmc	restart_count	0
1781350469	snap	3600	k8s	otelcol-sb-esrev0-ctr-8ncml	restart_count	0
1781350469	snap	3600	k8s	otelcol-sb-esrev0-ctr-bgnq8	restart_count	0
1781350469	snap	3600	k8s	otelcol-sb-esrev0-ctr-bxzgg	restart_count	0
1781350469	snap	3600	k8s	otelcol-sb-esrev0-ctr-hj4v4	restart_count	0
1781350469	snap	3600	k8s	otelcol-sb-esrev0-ctr-j6v9t	restart_count	0
1781350469	snap	3600	k8s	otelcol-sb-esrev0-ctr-mg8jm	restart_count	0
1781350469	snap	3600	k8s	otelcol-sb-esrev0-ctr-t4pj5	restart_count	0
1781350469	snap	3600	k8s	otelcol-sb-esrev0-ctr-vb2mk	restart_count	0
1781350469	snap	3600	sdk	wrk2api	spans_received	343252
1781350469	snap	3600	sdk	wrk2api	spans_sent	328183
1781350469	snap	3600	sdk	wrk2api	spans_dropped	15069
1781350469	snap	3600	sdk	wrk2api	spans_flushed	343252
1781350469	snap	3600	sdk	wrk2api	batches_sent	12883
1781350469	snap	3600	sdk	wrk2api	batches_dropped	391
1781350469	snap	3600	sdk	wrk2api	send_unavailable	391
1781350469	snap	3600	sdk	wrk2api	send_deadline	0
1781350469	snap	3600	sdk	wrk2api	send_exhausted	0
1781350469	snap	3600	sdk	wrk2api	send_canceled	0
1781350469	snap	3600	sdk	wrk2api	send_other	0
1781350469	snap	3600	sdk	wrk2api	buffer_depth	0
0
1781350469	snap	3600	sdk	wrk2api	cp_received	171626
1781350469	snap	3600	sdk	wrk2api	lp_received	171626
1781350469	snap	3600	sdk	wrk2api	cp_sent	171626
1781350469	snap	3600	sdk	wrk2api	lp_sent	156557
1781350469	snap	3600	sdk	wrk2api	cp_dropped	0
1781350469	snap	3600	sdk	wrk2api	lp_dropped	15069
1781350469	snap	3600	sdk	composepost	spans_received	12069284
1781350469	snap	3600	sdk	composepost	spans_sent	8366148
1781350469	snap	3600	sdk	composepost	spans_dropped	3703136
1781350469	snap	3600	sdk	composepost	spans_flushed	12069284
1781350469	snap	3600	sdk	composepost	batches_sent	39540
1781350469	snap	3600	sdk	composepost	batches_dropped	12111
1781350469	snap	3600	sdk	composepost	send_unavailable	8158
1781350469	snap	3600	sdk	composepost	send_deadline	3953
1781350469	snap	3600	sdk	composepost	send_exhausted	0
1781350469	snap	3600	sdk	composepost	send_canceled	0
1781350469	snap	3600	sdk	composepost	send_other	0
1781350469	snap	3600	sdk	composepost	buffer_depth	0
0
1781350469	snap	3600	sdk	composepost	cp_received	10560623
1781350469	snap	3600	sdk	composepost	lp_received	1508661
1781350469	snap	3600	sdk	composepost	cp_sent	8306251
1781350469	snap	3600	sdk	composepost	lp_sent	59897
1781350469	snap	3600	sdk	composepost	cp_dropped	2254372
1781350469	snap	3600	sdk	composepost	lp_dropped	1448764
1781350469	snap	3600	sdk	hometimeline	spans_received	3017314
1781350469	snap	3600	sdk	hometimeline	spans_sent	116100
1781350469	snap	3600	sdk	hometimeline	spans_dropped	2901214
1781350469	snap	3600	sdk	hometimeline	spans_flushed	3017314
1781350469	snap	3600	sdk	hometimeline	batches_sent	2462
1781350469	snap	3600	sdk	hometimeline	batches_dropped	10487
1781350469	snap	3600	sdk	hometimeline	send_unavailable	10367
1781350469	snap	3600	sdk	hometimeline	send_deadline	120
1781350469	snap	3600	sdk	hometimeline	send_exhausted	0
1781350469	snap	3600	sdk	hometimeline	send_canceled	0
1781350469	snap	3600	sdk	hometimeline	send_other	0
1781350469	snap	3600	sdk	hometimeline	buffer_depth	0
0
1781350469	snap	3600	sdk	hometimeline	cp_received	0
1781350469	snap	3600	sdk	hometimeline	lp_received	3017314
1781350469	snap	3600	sdk	hometimeline	cp_sent	0
1781350469	snap	3600	sdk	hometimeline	lp_sent	116100
1781350469	snap	3600	sdk	hometimeline	cp_dropped	0
1781350469	snap	3600	sdk	hometimeline	lp_dropped	2901214
1781350469	snap	3600	sdk	media	spans_received	1508661
1781350469	snap	3600	sdk	media	spans_sent	1435668
1781350469	snap	3600	sdk	media	spans_dropped	72993
1781350469	snap	3600	sdk	media	spans_flushed	1508661
1781350469	snap	3600	sdk	media	batches_sent	6220
1781350469	snap	3600	sdk	media	batches_dropped	221
1781350469	snap	3600	sdk	media	send_unavailable	221
1781350469	snap	3600	sdk	media	send_deadline	0
1781350469	snap	3600	sdk	media	send_exhausted	0
1781350469	snap	3600	sdk	media	send_canceled	0
1781350469	snap	3600	sdk	media	send_other	0
1781350469	snap	3600	sdk	media	buffer_depth	0
0
1781350469	snap	3600	sdk	media	cp_received	1508661
1781350469	snap	3600	sdk	media	lp_received	0
1781350469	snap	3600	sdk	media	cp_sent	1435668
1781350469	snap	3600	sdk	media	lp_sent	0
1781350469	snap	3600	sdk	media	cp_dropped	72993
1781350469	snap	3600	sdk	media	lp_dropped	0
1781350469	snap	3600	sdk	post-storage	spans_received	1508657
1781350469	snap	3600	sdk	post-storage	spans_sent	1508657
1781350469	snap	3600	sdk	post-storage	spans_dropped	0
1781350469	snap	3600	sdk	post-storage	spans_flushed	1508657
1781350469	snap	3600	sdk	post-storage	batches_sent	6434
1781350469	snap	3600	sdk	post-storage	batches_dropped	0
1781350469	snap	3600	sdk	post-storage	send_unavailable	0
1781350469	snap	3600	sdk	post-storage	send_deadline	0
1781350469	snap	3600	sdk	post-storage	send_exhausted	0
1781350469	snap	3600	sdk	post-storage	send_canceled	0
1781350469	snap	3600	sdk	post-storage	send_other	0
1781350469	snap	3600	sdk	post-storage	buffer_depth	0
0
1781350469	snap	3600	sdk	post-storage	cp_received	1508657
1781350469	snap	3600	sdk	post-storage	lp_received	0
1781350469	snap	3600	sdk	post-storage	cp_sent	1508657
1781350469	snap	3600	sdk	post-storage	lp_sent	0
1781350469	snap	3600	sdk	post-storage	cp_dropped	0
1781350469	snap	3600	sdk	post-storage	lp_dropped	0
1781350469	snap	3600	sdk	socialgraph	spans_received	1622491
1781350469	snap	3600	sdk	socialgraph	spans_sent	1619669
1781350469	snap	3600	sdk	socialgraph	spans_dropped	2822
1781350469	snap	3600	sdk	socialgraph	spans_flushed	1622491
1781350469	snap	3600	sdk	socialgraph	batches_sent	6910
1781350469	snap	3600	sdk	socialgraph	batches_dropped	14
1781350469	snap	3600	sdk	socialgraph	send_unavailable	14
1781350469	snap	3600	sdk	socialgraph	send_deadline	0
1781350469	snap	3600	sdk	socialgraph	send_exhausted	0
1781350469	snap	3600	sdk	socialgraph	send_canceled	0
1781350469	snap	3600	sdk	socialgraph	send_other	0
1781350469	snap	3600	sdk	socialgraph	buffer_depth	0
0
1781350469	snap	3600	sdk	socialgraph	cp_received	1584867
1781350469	snap	3600	sdk	socialgraph	lp_received	37624
1781350469	snap	3600	sdk	socialgraph	cp_sent	1584867
1781350469	snap	3600	sdk	socialgraph	lp_sent	34802
1781350469	snap	3600	sdk	socialgraph	cp_dropped	0
1781350469	snap	3600	sdk	socialgraph	lp_dropped	2822
1781350469	snap	3600	sdk	text	spans_received	4525991
1781350469	snap	3600	sdk	text	spans_sent	3853475
1781350469	snap	3600	sdk	text	spans_dropped	672516
1781350469	snap	3600	sdk	text	spans_flushed	4525991
1781350469	snap	3600	sdk	text	batches_sent	17267
1781350469	snap	3600	sdk	text	batches_dropped	2043
1781350469	snap	3600	sdk	text	send_unavailable	2043
1781350469	snap	3600	sdk	text	send_deadline	0
1781350469	snap	3600	sdk	text	send_exhausted	0
1781350469	snap	3600	sdk	text	send_canceled	0
1781350469	snap	3600	sdk	text	send_other	0
1781350469	snap	3600	sdk	text	buffer_depth	0
0
1781350469	snap	3600	sdk	text	cp_received	0
1781350469	snap	3600	sdk	text	lp_received	4525991
1781350469	snap	3600	sdk	text	cp_sent	0
1781350469	snap	3600	sdk	text	lp_sent	3853475
1781350469	snap	3600	sdk	text	cp_dropped	0
1781350469	snap	3600	sdk	text	lp_dropped	672516
1781350469	snap	3600	sdk	uniqueid	spans_received	1508661
1781350469	snap	3600	sdk	uniqueid	spans_sent	1508661
1781350469	snap	3600	sdk	uniqueid	spans_dropped	0
1781350469	snap	3600	sdk	uniqueid	spans_flushed	1508661
1781350469	snap	3600	sdk	uniqueid	batches_sent	6442
1781350469	snap	3600	sdk	uniqueid	batches_dropped	0
1781350469	snap	3600	sdk	uniqueid	send_unavailable	0
1781350469	snap	3600	sdk	uniqueid	send_deadline	0
1781350469	snap	3600	sdk	uniqueid	send_exhausted	0
1781350469	snap	3600	sdk	uniqueid	send_canceled	0
1781350469	snap	3600	sdk	uniqueid	send_other	0
1781350469	snap	3600	sdk	uniqueid	buffer_depth	0
0
1781350469	snap	3600	sdk	uniqueid	cp_received	1508661
1781350469	snap	3600	sdk	uniqueid	lp_received	0
1781350469	snap	3600	sdk	uniqueid	cp_sent	1508661
1781350469	snap	3600	sdk	uniqueid	lp_sent	0
1781350469	snap	3600	sdk	uniqueid	cp_dropped	0
1781350469	snap	3600	sdk	uniqueid	lp_dropped	0
1781350469	snap	3600	sdk	urlshorten	spans_received	1508661
1781350469	snap	3600	sdk	urlshorten	spans_sent	1508661
1781350469	snap	3600	sdk	urlshorten	spans_dropped	0
1781350469	snap	3600	sdk	urlshorten	spans_flushed	1508661
1781350469	snap	3600	sdk	urlshorten	batches_sent	6439
1781350469	snap	3600	sdk	urlshorten	batches_dropped	0
1781350469	snap	3600	sdk	urlshorten	send_unavailable	0
1781350469	snap	3600	sdk	urlshorten	send_deadline	0
1781350469	snap	3600	sdk	urlshorten	send_exhausted	0
1781350469	snap	3600	sdk	urlshorten	send_canceled	0
1781350469	snap	3600	sdk	urlshorten	send_other	0
1781350469	snap	3600	sdk	urlshorten	buffer_depth	0
0
1781350469	snap	3600	sdk	urlshorten	cp_received	1508661
1781350469	snap	3600	sdk	urlshorten	lp_received	0
1781350469	snap	3600	sdk	urlshorten	cp_sent	1508661
1781350469	snap	3600	sdk	urlshorten	lp_sent	0
1781350469	snap	3600	sdk	urlshorten	cp_dropped	0
1781350469	snap	3600	sdk	urlshorten	lp_dropped	0
1781350469	snap	3600	sdk	user	spans_received	1510585
1781350469	snap	3600	sdk	user	spans_sent	1510585
1781350469	snap	3600	sdk	user	spans_dropped	0
1781350469	snap	3600	sdk	user	spans_flushed	1510585
1781350469	snap	3600	sdk	user	batches_sent	6454
1781350469	snap	3600	sdk	user	batches_dropped	0
1781350469	snap	3600	sdk	user	send_unavailable	0
1781350469	snap	3600	sdk	user	send_deadline	0
1781350469	snap	3600	sdk	user	send_exhausted	0
1781350469	snap	3600	sdk	user	send_canceled	0
1781350469	snap	3600	sdk	user	send_other	0
1781350469	snap	3600	sdk	user	buffer_depth	0
0
1781350469	snap	3600	sdk	user	cp_received	1509623
1781350469	snap	3600	sdk	user	lp_received	962
1781350469	snap	3600	sdk	user	cp_sent	1509623
1781350469	snap	3600	sdk	user	lp_sent	962
1781350469	snap	3600	sdk	user	cp_dropped	0
1781350469	snap	3600	sdk	user	lp_dropped	0
1781350469	snap	3600	sdk	userid	spans_received	75248
1781350469	snap	3600	sdk	userid	spans_sent	75248
1781350469	snap	3600	sdk	userid	spans_dropped	0
1781350469	snap	3600	sdk	userid	spans_flushed	75248
1781350469	snap	3600	sdk	userid	batches_sent	247
1781350469	snap	3600	sdk	userid	batches_dropped	0
1781350469	snap	3600	sdk	userid	send_unavailable	0
1781350469	snap	3600	sdk	userid	send_deadline	0
1781350469	snap	3600	sdk	userid	send_exhausted	0
1781350469	snap	3600	sdk	userid	send_canceled	0
1781350469	snap	3600	sdk	userid	send_other	0
1781350469	snap	3600	sdk	userid	buffer_depth	0
0
1781350469	snap	3600	sdk	userid	cp_received	75248
1781350469	snap	3600	sdk	userid	lp_received	0
1781350469	snap	3600	sdk	userid	cp_sent	75248
1781350469	snap	3600	sdk	userid	lp_sent	0
1781350469	snap	3600	sdk	userid	cp_dropped	0
1781350469	snap	3600	sdk	userid	lp_dropped	0
1781350469	snap	3600	sdk	usermention	spans_received	1508661
1781350469	snap	3600	sdk	usermention	spans_sent	1508661
1781350469	snap	3600	sdk	usermention	spans_dropped	0
1781350469	snap	3600	sdk	usermention	spans_flushed	1508661
1781350469	snap	3600	sdk	usermention	batches_sent	6439
1781350469	snap	3600	sdk	usermention	batches_dropped	0
1781350469	snap	3600	sdk	usermention	send_unavailable	0
1781350469	snap	3600	sdk	usermention	send_deadline	0
1781350469	snap	3600	sdk	usermention	send_exhausted	0
1781350469	snap	3600	sdk	usermention	send_canceled	0
1781350469	snap	3600	sdk	usermention	send_other	0
1781350469	snap	3600	sdk	usermention	buffer_depth	0
0
1781350469	snap	3600	sdk	usermention	cp_received	1508661
1781350469	snap	3600	sdk	usermention	lp_received	0
1781350469	snap	3600	sdk	usermention	cp_sent	1508661
1781350469	snap	3600	sdk	usermention	lp_sent	0
1781350469	snap	3600	sdk	usermention	cp_dropped	0
1781350469	snap	3600	sdk	usermention	lp_dropped	0
1781350469	snap	3600	sdk	usertimeline	spans_received	1508657
1781350469	snap	3600	sdk	usertimeline	spans_sent	1508657
1781350469	snap	3600	sdk	usertimeline	spans_dropped	0
1781350469	snap	3600	sdk	usertimeline	spans_flushed	1508657
1781350469	snap	3600	sdk	usertimeline	batches_sent	6410
1781350469	snap	3600	sdk	usertimeline	batches_dropped	0
1781350469	snap	3600	sdk	usertimeline	send_unavailable	0
1781350469	snap	3600	sdk	usertimeline	send_deadline	0
1781350469	snap	3600	sdk	usertimeline	send_exhausted	0
1781350469	snap	3600	sdk	usertimeline	send_canceled	0
1781350469	snap	3600	sdk	usertimeline	send_other	0
1781350469	snap	3600	sdk	usertimeline	buffer_depth	0
0
1781350469	snap	3600	sdk	usertimeline	cp_received	1508657
1781350469	snap	3600	sdk	usertimeline	lp_received	0
1781350469	snap	3600	sdk	usertimeline	cp_sent	1508657
1781350469	snap	3600	sdk	usertimeline	lp_sent	0
1781350469	snap	3600	sdk	usertimeline	cp_dropped	0
1781350469	snap	3600	sdk	usertimeline	lp_dropped	0
1781350476	snap	3800	otelcol	otelcol-sb-esrev0-ctr-hj4v4	otelcol_process_uptime	853
1781350476	snap	3800	otelcol	otelcol-sb-esrev0-ctr-hj4v4	otelcol_exporter_sent_spans	3111018
1781350476	snap	3800	otelcol	otelcol-sb-esrev0-ctr-hj4v4	otelcol_process_runtime_total_sys_memory_bytes	154679592
1781350476	snap	3800	otelcol	otelcol-sb-esrev0-ctr-hj4v4	otelcol_process_runtime_total_alloc_bytes	2259750016
1781350476	snap	3800	otelcol	otelcol-sb-esrev0-ctr-hj4v4	otelcol_exporter_queue_capacity	1001
1781350476	snap	3800	otelcol	otelcol-sb-esrev0-ctr-hj4v4	otelcol_receiver_failed_spans	0
1781350476	snap	3800	otelcol	otelcol-sb-esrev0-ctr-hj4v4	otelcol_processor_batch_metadata_cardinality	1
1781350476	snap	3800	otelcol	otelcol-sb-esrev0-ctr-hj4v4	otelcol_processor_batch_batch_send_size_sum	3196702
1781350476	snap	3800	otelcol	otelcol-sb-esrev0-ctr-hj4v4	otelcol_receiver_refused_spans	163886
1781350476	snap	3800	otelcol	otelcol-sb-esrev0-ctr-hj4v4	otelcol_processor_batch_timeout_trigger_send	3360
1781350476	snap	3800	otelcol	otelcol-sb-esrev0-ctr-hj4v4	otelcol_exporter_send_failed_spans	0
1781350476	snap	3800	otelcol	otelcol-sb-esrev0-ctr-hj4v4	otelcol_exporter_queue_size	57
1781350476	snap	3800	otelcol	otelcol-sb-esrev0-ctr-hj4v4	otelcol_exporter_queue_batch_send_size_sum	3196702
1781350476	snap	3800	otelcol	otelcol-sb-esrev0-ctr-hj4v4	otelcol_processor_incoming_items	3360588
1781350476	snap	3800	otelcol	otelcol-sb-esrev0-ctr-hj4v4	otelcol_process_runtime_heap_alloc_bytes	110114336
1781350476	snap	3800	otelcol	otelcol-sb-esrev0-ctr-hj4v4	otelcol_process_memory_rss	289255424
1781350476	snap	3800	otelcol	otelcol-sb-esrev0-ctr-hj4v4	otelcol_receiver_accepted_spans	3196702
1781350476	snap	3800	otelcol	otelcol-sb-esrev0-ctr-hj4v4	otelcol_processor_outgoing_items	3196702
1781350476	snap	3800	otelcol	otelcol-sb-esrev0-ctr-hj4v4	otelcol_process_cpu_seconds	65
1781350476	snap	3800	otelcol	otelcol-sb-esrev0-ctr-bgnq8	otelcol_processor_batch_batch_send_size_sum	1837355
1781350476	snap	3800	otelcol	otelcol-sb-esrev0-ctr-bgnq8	otelcol_exporter_sent_spans	1832716
1781350476	snap	3800	otelcol	otelcol-sb-esrev0-ctr-bgnq8	otelcol_processor_batch_metadata_cardinality	1
1781350476	snap	3800	otelcol	otelcol-sb-esrev0-ctr-bgnq8	otelcol_receiver_accepted_spans	1837355
1781350476	snap	3800	otelcol	otelcol-sb-esrev0-ctr-bgnq8	otelcol_process_uptime	855
1781350476	snap	3800	otelcol	otelcol-sb-esrev0-ctr-bgnq8	otelcol_process_memory_rss	257241088
1781350476	snap	3800	otelcol	otelcol-sb-esrev0-ctr-bgnq8	otelcol_exporter_queue_size	6
1781350476	snap	3800	otelcol	otelcol-sb-esrev0-ctr-bgnq8	otelcol_processor_incoming_items	1854222
1781350476	snap	3800	otelcol	otelcol-sb-esrev0-ctr-bgnq8	otelcol_exporter_queue_capacity	1001
1781350476	snap	3800	otelcol	otelcol-sb-esrev0-ctr-bgnq8	otelcol_processor_batch_timeout_trigger_send	3361
1781350476	snap	3800	otelcol	otelcol-sb-esrev0-ctr-bgnq8	otelcol_process_runtime_total_alloc_bytes	1375785288
1781350476	snap	3800	otelcol	otelcol-sb-esrev0-ctr-bgnq8	otelcol_receiver_refused_spans	16867
1781350476	snap	3800	otelcol	otelcol-sb-esrev0-ctr-bgnq8	otelcol_process_runtime_total_sys_memory_bytes	141359400
1781350476	snap	3800	otelcol	otelcol-sb-esrev0-ctr-bgnq8	otelcol_receiver_failed_spans	0
1781350476	snap	3800	otelcol	otelcol-sb-esrev0-ctr-bgnq8	otelcol_process_runtime_heap_alloc_bytes	73417120
1781350476	snap	3800	otelcol	otelcol-sb-esrev0-ctr-bgnq8	otelcol_exporter_send_failed_spans	0
1781350476	snap	3800	otelcol	otelcol-sb-esrev0-ctr-bgnq8	otelcol_processor_outgoing_items	1837355
1781350476	snap	3800	otelcol	otelcol-sb-esrev0-ctr-bgnq8	otelcol_process_cpu_seconds	44
1781350476	snap	3800	otelcol	otelcol-sb-esrev0-ctr-bgnq8	otelcol_exporter_queue_batch_send_size_sum	1837355
1781350476	snap	3800	otelcol	otelcol-sb-esrev0-ctr-vb2mk	otelcol_process_uptime	855
1781350476	snap	3800	otelcol	otelcol-sb-esrev0-ctr-vb2mk	otelcol_process_memory_rss	256270336
1781350476	snap	3800	otelcol	otelcol-sb-esrev0-ctr-vb2mk	otelcol_exporter_send_failed_spans	0
1781350476	snap	3800	otelcol	otelcol-sb-esrev0-ctr-vb2mk	otelcol_receiver_accepted_spans	1836844
1781350476	snap	3800	otelcol	otelcol-sb-esrev0-ctr-vb2mk	otelcol_process_runtime_total_sys_memory_bytes	140892456
1781350476	snap	3800	otelcol	otelcol-sb-esrev0-ctr-vb2mk	otelcol_exporter_queue_batch_send_size_sum	1836844
1781350476	snap	3800	otelcol	otelcol-sb-esrev0-ctr-vb2mk	otelcol_process_cpu_seconds	44
1781350476	snap	3800	otelcol	otelcol-sb-esrev0-ctr-vb2mk	otelcol_process_runtime_heap_alloc_bytes	78421848
1781350476	snap	3800	otelcol	otelcol-sb-esrev0-ctr-vb2mk	otelcol_exporter_sent_spans	1748088
1781350476	snap	3800	otelcol	otelcol-sb-esrev0-ctr-vb2mk	otelcol_exporter_queue_capacity	1001
1781350476	snap	3800	otelcol	otelcol-sb-esrev0-ctr-vb2mk	otelcol_receiver_refused_spans	15069
1781350476	snap	3800	otelcol	otelcol-sb-esrev0-ctr-vb2mk	otelcol_processor_incoming_items	1851913
1781350476	snap	3800	otelcol	otelcol-sb-esrev0-ctr-vb2mk	otelcol_processor_outgoing_items	1836844
1781350476	snap	3800	otelcol	otelcol-sb-esrev0-ctr-vb2mk	otelcol_exporter_queue_size	107
1781350476	snap	3800	otelcol	otelcol-sb-esrev0-ctr-vb2mk	otelcol_processor_batch_metadata_cardinality	1
1781350476	snap	3800	otelcol	otelcol-sb-esrev0-ctr-vb2mk	otelcol_receiver_failed_spans	0
1781350476	snap	3800	otelcol	otelcol-sb-esrev0-ctr-vb2mk	otelcol_processor_batch_timeout_trigger_send	3357
1781350476	snap	3800	otelcol	otelcol-sb-esrev0-ctr-vb2mk	otelcol_processor_batch_batch_send_size_sum	1836844
1781350476	snap	3800	otelcol	otelcol-sb-esrev0-ctr-vb2mk	otelcol_process_runtime_total_alloc_bytes	1335901992
1781350476	snap	3800	otelcol	otelcol-sb-esrev0-ctr-j6v9t	otelcol_processor_incoming_items	14638728
1781350476	snap	3800	otelcol	otelcol-sb-esrev0-ctr-j6v9t	otelcol_process_cpu_seconds	188
1781350476	snap	3800	otelcol	otelcol-sb-esrev0-ctr-j6v9t	otelcol_process_uptime	853
1781350476	snap	3800	otelcol	otelcol-sb-esrev0-ctr-j6v9t	otelcol_process_runtime_heap_alloc_bytes	114995960
1781350476	snap	3800	otelcol	otelcol-sb-esrev0-ctr-j6v9t	otelcol_exporter_sent_spans	8602138
1781350476	snap	3800	otelcol	otelcol-sb-esrev0-ctr-j6v9t	otelcol_exporter_send_failed_spans	0
1781350476	snap	3800	otelcol	otelcol-sb-esrev0-ctr-j6v9t	otelcol_receiver_failed_spans	0
1781350476	snap	3800	otelcol	otelcol-sb-esrev0-ctr-j6v9t	otelcol_processor_outgoing_items	8633689
1781350476	snap	3800	otelcol	otelcol-sb-esrev0-ctr-j6v9t	otelcol_processor_batch_batch_send_size_sum	8633689
1781350476	snap	3800	otelcol	otelcol-sb-esrev0-ctr-j6v9t	otelcol_process_runtime_total_sys_memory_bytes	232323400
1781350476	snap	3800	otelcol	otelcol-sb-esrev0-ctr-j6v9t	otelcol_process_runtime_total_alloc_bytes	10251326200
1781350476	snap	3800	otelcol	otelcol-sb-esrev0-ctr-j6v9t	otelcol_processor_batch_batch_size_trigger_send	5
1781350476	snap	3800	otelcol	otelcol-sb-esrev0-ctr-j6v9t	otelcol_processor_batch_metadata_cardinality	1
1781350476	snap	3800	otelcol	otelcol-sb-esrev0-ctr-j6v9t	otelcol_processor_batch_timeout_trigger_send	2889
1781350476	snap	3800	otelcol	otelcol-sb-esrev0-ctr-j6v9t	otelcol_exporter_queue_size	6
1781350476	snap	3800	otelcol	otelcol-sb-esrev0-ctr-j6v9t	otelcol_receiver_accepted_spans	8633689
1781350476	snap	3800	otelcol	otelcol-sb-esrev0-ctr-j6v9t	otelcol_process_memory_rss	324632576
1781350476	snap	3800	otelcol	otelcol-sb-esrev0-ctr-j6v9t	otelcol_receiver_refused_spans	6005039
1781350476	snap	3800	otelcol	otelcol-sb-esrev0-ctr-j6v9t	otelcol_exporter_queue_capacity	1001
1781350476	snap	3800	otelcol	otelcol-sb-esrev0-ctr-j6v9t	otelcol_exporter_queue_batch_send_size_sum	8633689
1781350476	snap	3800	otelcol	otelcol-sb-esrev0-ctr-5tpmc	otelcol_processor_batch_timeout_trigger_send	3261
1781350476	snap	3800	otelcol	otelcol-sb-esrev0-ctr-5tpmc	otelcol_process_runtime_heap_alloc_bytes	134431952
1781350476	snap	3800	otelcol	otelcol-sb-esrev0-ctr-5tpmc	otelcol_processor_outgoing_items	5676901
1781350476	snap	3800	otelcol	otelcol-sb-esrev0-ctr-5tpmc	otelcol_receiver_accepted_spans	5676901
1781350476	snap	3800	otelcol	otelcol-sb-esrev0-ctr-5tpmc	otelcol_process_uptime	854
1781350476	snap	3800	otelcol	otelcol-sb-esrev0-ctr-5tpmc	otelcol_process_runtime_total_alloc_bytes	3336308864
1781350476	snap	3800	otelcol	otelcol-sb-esrev0-ctr-5tpmc	otelcol_exporter_queue_capacity	1001
1781350476	snap	3800	otelcol	otelcol-sb-esrev0-ctr-5tpmc	otelcol_receiver_refused_spans	778264
1781350476	snap	3800	otelcol	otelcol-sb-esrev0-ctr-5tpmc	otelcol_exporter_queue_batch_send_size_sum	5676901
1781350476	snap	3800	otelcol	otelcol-sb-esrev0-ctr-5tpmc	otelcol_receiver_failed_spans	0
1781350476	snap	3800	otelcol	otelcol-sb-esrev0-ctr-5tpmc	otelcol_process_cpu_seconds	83
1781350476	snap	3800	otelcol	otelcol-sb-esrev0-ctr-5tpmc	otelcol_processor_batch_batch_send_size_sum	5676901
1781350476	snap	3800	otelcol	otelcol-sb-esrev0-ctr-5tpmc	otelcol_exporter_send_failed_spans	0
1781350476	snap	3800	otelcol	otelcol-sb-esrev0-ctr-5tpmc	otelcol_processor_batch_metadata_cardinality	1
1781350476	snap	3800	otelcol	otelcol-sb-esrev0-ctr-5tpmc	otelcol_process_runtime_total_sys_memory_bytes	192645432
1781350476	snap	3800	otelcol	otelcol-sb-esrev0-ctr-5tpmc	otelcol_process_memory_rss	323330048
1781350476	snap	3800	otelcol	otelcol-sb-esrev0-ctr-5tpmc	otelcol_exporter_sent_spans	5553985
1781350476	snap	3800	otelcol	otelcol-sb-esrev0-ctr-5tpmc	otelcol_processor_incoming_items	6455165
1781350476	snap	3800	otelcol	otelcol-sb-esrev0-ctr-5tpmc	otelcol_exporter_queue_size	66
1781350476	snap	3800	otelcol	otelcol-sb-esrev0-ctr-mg8jm	otelcol_processor_outgoing_items	343229
1781350476	snap	3800	otelcol	otelcol-sb-esrev0-ctr-mg8jm	otelcol_process_memory_rss	217497600
1781350476	snap	3800	otelcol	otelcol-sb-esrev0-ctr-mg8jm	otelcol_exporter_queue_batch_send_size_sum	343229
1781350476	snap	3800	otelcol	otelcol-sb-esrev0-ctr-mg8jm	otelcol_process_runtime_heap_alloc_bytes	28852392
1781350476	snap	3800	otelcol	otelcol-sb-esrev0-ctr-mg8jm	otelcol_receiver_failed_spans	0
1781350476	snap	3800	otelcol	otelcol-sb-esrev0-ctr-mg8jm	otelcol_process_runtime_total_sys_memory_bytes	76097816
1781350476	snap	3800	otelcol	otelcol-sb-esrev0-ctr-mg8jm	otelcol_process_cpu_seconds	32
1781350476	snap	3800	otelcol	otelcol-sb-esrev0-ctr-mg8jm	otelcol_receiver_refused_spans	0
1781350476	snap	3800	otelcol	otelcol-sb-esrev0-ctr-mg8jm	otelcol_processor_batch_batch_send_size_sum	343229
1781350476	snap	3800	otelcol	otelcol-sb-esrev0-ctr-mg8jm	otelcol_process_runtime_total_alloc_bytes	470913544
1781350476	snap	3800	otelcol	otelcol-sb-esrev0-ctr-mg8jm	otelcol_receiver_accepted_spans	343229
1781350476	snap	3800	otelcol	otelcol-sb-esrev0-ctr-mg8jm	otelcol_exporter_send_failed_spans	0
1781350476	snap	3800	otelcol	otelcol-sb-esrev0-ctr-mg8jm	otelcol_processor_batch_metadata_cardinality	1
1781350476	snap	3800	otelcol	otelcol-sb-esrev0-ctr-mg8jm	otelcol_exporter_sent_spans	342309
1781350476	snap	3800	otelcol	otelcol-sb-esrev0-ctr-mg8jm	otelcol_exporter_queue_capacity	1001
1781350476	snap	3800	otelcol	otelcol-sb-esrev0-ctr-mg8jm	otelcol_processor_incoming_items	343229
1781350476	snap	3800	otelcol	otelcol-sb-esrev0-ctr-mg8jm	otelcol_processor_batch_timeout_trigger_send	3347
1781350476	snap	3800	otelcol	otelcol-sb-esrev0-ctr-mg8jm	otelcol_process_uptime	848
1781350476	snap	3800	otelcol	otelcol-sb-esrev0-ctr-mg8jm	otelcol_exporter_queue_size	6
1781350476	snap	3800	otelcol	otelcol-sb-esrev0-ctr-bxzgg	otelcol_exporter_queue_capacity	1001
1781350476	snap	3800	otelcol	otelcol-sb-esrev0-ctr-bxzgg	otelcol_processor_batch_metadata_cardinality	1
1781350476	snap	3800	otelcol	otelcol-sb-esrev0-ctr-bxzgg	otelcol_processor_batch_timeout_trigger_send	3356
1781350476	snap	3800	otelcol	otelcol-sb-esrev0-ctr-bxzgg	otelcol_processor_incoming_items	1852272
1781350476	snap	3800	otelcol	otelcol-sb-esrev0-ctr-bxzgg	otelcol_exporter_queue_batch_send_size_sum	1845812
1781350476	snap	3800	otelcol	otelcol-sb-esrev0-ctr-bxzgg	otelcol_process_memory_rss	257720320
1781350476	snap	3800	otelcol	otelcol-sb-esrev0-ctr-bxzgg	otelcol_exporter_send_failed_spans	0
1781350476	snap	3800	otelcol	otelcol-sb-esrev0-ctr-bxzgg	otelcol_processor_outgoing_items	1845812
1781350476	snap	3800	otelcol	otelcol-sb-esrev0-ctr-bxzgg	otelcol_process_cpu_seconds	47
1781350476	snap	3800	otelcol	otelcol-sb-esrev0-ctr-bxzgg	otelcol_process_uptime	853
1781350476	snap	3800	otelcol	otelcol-sb-esrev0-ctr-bxzgg	otelcol_process_runtime_total_alloc_bytes	1325861408
1781350476	snap	3800	otelcol	otelcol-sb-esrev0-ctr-bxzgg	otelcol_processor_batch_batch_send_size_sum	1845812
1781350476	snap	3800	otelcol	otelcol-sb-esrev0-ctr-bxzgg	otelcol_process_runtime_total_sys_memory_bytes	119212312
1781350476	snap	3800	otelcol	otelcol-sb-esrev0-ctr-bxzgg	otelcol_process_runtime_heap_alloc_bytes	88521000
1781350476	snap	3800	otelcol	otelcol-sb-esrev0-ctr-bxzgg	otelcol_receiver_refused_spans	6460
1781350476	snap	3800	otelcol	otelcol-sb-esrev0-ctr-bxzgg	otelcol_receiver_failed_spans	0
1781350476	snap	3800	otelcol	otelcol-sb-esrev0-ctr-bxzgg	otelcol_exporter_sent_spans	1837876
1781350476	snap	3800	otelcol	otelcol-sb-esrev0-ctr-bxzgg	otelcol_receiver_accepted_spans	1845812
1781350476	snap	3800	otelcol	otelcol-sb-esrev0-ctr-bxzgg	otelcol_exporter_queue_size	9
1781350476	snap	3800	otelcol	otelcol-sb-esrev0-ctr-8ncml	otelcol_processor_outgoing_items	1832741
1781350476	snap	3800	otelcol	otelcol-sb-esrev0-ctr-8ncml	otelcol_process_cpu_seconds	49
1781350476	snap	3800	otelcol	otelcol-sb-esrev0-ctr-8ncml	otelcol_process_uptime	854
1781350476	snap	3800	otelcol	otelcol-sb-esrev0-ctr-8ncml	otelcol_exporter_queue_batch_send_size_sum	1832741
1781350476	snap	3800	otelcol	otelcol-sb-esrev0-ctr-8ncml	otelcol_receiver_failed_spans	0
1781350476	snap	3800	otelcol	otelcol-sb-esrev0-ctr-8ncml	otelcol_receiver_refused_spans	20394
1781350476	snap	3800	otelcol	otelcol-sb-esrev0-ctr-8ncml	otelcol_process_runtime_heap_alloc_bytes	63470520
1781350476	snap	3800	otelcol	otelcol-sb-esrev0-ctr-8ncml	otelcol_processor_batch_batch_send_size_sum	1832741
1781350476	snap	3800	otelcol	otelcol-sb-esrev0-ctr-8ncml	otelcol_process_runtime_total_sys_memory_bytes	131971368
1781350476	snap	3800	otelcol	otelcol-sb-esrev0-ctr-8ncml	otelcol_exporter_sent_spans	1825943
1781350476	snap	3800	otelcol	otelcol-sb-esrev0-ctr-8ncml	otelcol_exporter_queue_size	8
1781350476	snap	3800	otelcol	otelcol-sb-esrev0-ctr-8ncml	otelcol_exporter_send_failed_spans	0
1781350476	snap	3800	otelcol	otelcol-sb-esrev0-ctr-8ncml	otelcol_receiver_accepted_spans	1832741
1781350476	snap	3800	otelcol	otelcol-sb-esrev0-ctr-8ncml	otelcol_processor_batch_metadata_cardinality	1
1781350476	snap	3800	otelcol	otelcol-sb-esrev0-ctr-8ncml	otelcol_processor_incoming_items	1853135
1781350476	snap	3800	otelcol	otelcol-sb-esrev0-ctr-8ncml	otelcol_processor_batch_timeout_trigger_send	3356
1781350476	snap	3800	otelcol	otelcol-sb-esrev0-ctr-8ncml	otelcol_exporter_queue_capacity	1001
1781350476	snap	3800	otelcol	otelcol-sb-esrev0-ctr-8ncml	otelcol_process_runtime_total_alloc_bytes	1363996008
1781350476	snap	3800	otelcol	otelcol-sb-esrev0-ctr-8ncml	otelcol_process_memory_rss	263770112
1781350476	snap	3800	otelcol	otelcol-sb-esrev0-ctr-t4pj5	otelcol_exporter_send_failed_spans	0
1781350476	snap	3800	otelcol	otelcol-sb-esrev0-ctr-t4pj5	otelcol_exporter_queue_size	4
1781350476	snap	3800	otelcol	otelcol-sb-esrev0-ctr-t4pj5	otelcol_processor_incoming_items	1966961
1781350476	snap	3800	otelcol	otelcol-sb-esrev0-ctr-t4pj5	otelcol_processor_outgoing_items	1953895
1781350476	snap	3800	otelcol	otelcol-sb-esrev0-ctr-t4pj5	otelcol_process_runtime_total_sys_memory_bytes	132372776
1781350476	snap	3800	otelcol	otelcol-sb-esrev0-ctr-t4pj5	otelcol_processor_batch_metadata_cardinality	1
1781350476	snap	3800	otelcol	otelcol-sb-esrev0-ctr-t4pj5	otelcol_processor_batch_timeout_trigger_send	3357
1781350476	snap	3800	otelcol	otelcol-sb-esrev0-ctr-t4pj5	otelcol_process_memory_rss	265154560
1781350476	snap	3800	otelcol	otelcol-sb-esrev0-ctr-t4pj5	otelcol_exporter_queue_batch_send_size_sum	1953895
1781350476	snap	3800	otelcol	otelcol-sb-esrev0-ctr-t4pj5	otelcol_receiver_failed_spans	0
1781350476	snap	3800	otelcol	otelcol-sb-esrev0-ctr-t4pj5	otelcol_process_cpu_seconds	45
1781350476	snap	3800	otelcol	otelcol-sb-esrev0-ctr-t4pj5	otelcol_receiver_accepted_spans	1953895
1781350476	snap	3800	otelcol	otelcol-sb-esrev0-ctr-t4pj5	otelcol_process_runtime_heap_alloc_bytes	98107224
1781350476	snap	3800	otelcol	otelcol-sb-esrev0-ctr-t4pj5	otelcol_exporter_sent_spans	1950302
1781350476	snap	3800	otelcol	otelcol-sb-esrev0-ctr-t4pj5	otelcol_processor_batch_batch_send_size_sum	1953895
1781350476	snap	3800	otelcol	otelcol-sb-esrev0-ctr-t4pj5	otelcol_process_uptime	859
1781350476	snap	3800	otelcol	otelcol-sb-esrev0-ctr-t4pj5	otelcol_process_runtime_total_alloc_bytes	1407272184
1781350476	snap	3800	otelcol	otelcol-sb-esrev0-ctr-t4pj5	otelcol_exporter_queue_capacity	1001
1781350476	snap	3800	otelcol	otelcol-sb-esrev0-ctr-t4pj5	otelcol_receiver_refused_spans	13066
1781350476	snap	3800	k8s	otelcol-sb-esrev0-ctr-5tpmc	restart_count	0
1781350476	snap	3800	k8s	otelcol-sb-esrev0-ctr-8ncml	restart_count	0
1781350476	snap	3800	k8s	otelcol-sb-esrev0-ctr-bgnq8	restart_count	0
1781350476	snap	3800	k8s	otelcol-sb-esrev0-ctr-bxzgg	restart_count	0
1781350476	snap	3800	k8s	otelcol-sb-esrev0-ctr-hj4v4	restart_count	0
1781350476	snap	3800	k8s	otelcol-sb-esrev0-ctr-j6v9t	restart_count	0
1781350476	snap	3800	k8s	otelcol-sb-esrev0-ctr-mg8jm	restart_count	0
1781350476	snap	3800	k8s	otelcol-sb-esrev0-ctr-t4pj5	restart_count	0
1781350476	snap	3800	k8s	otelcol-sb-esrev0-ctr-vb2mk	restart_count	0
1781350476	snap	3800	sdk	wrk2api	spans_received	343252
1781350476	snap	3800	sdk	wrk2api	spans_sent	328183
1781350476	snap	3800	sdk	wrk2api	spans_dropped	15069
1781350476	snap	3800	sdk	wrk2api	spans_flushed	343252
1781350476	snap	3800	sdk	wrk2api	batches_sent	12883
1781350476	snap	3800	sdk	wrk2api	batches_dropped	391
1781350476	snap	3800	sdk	wrk2api	send_unavailable	391
1781350476	snap	3800	sdk	wrk2api	send_deadline	0
1781350476	snap	3800	sdk	wrk2api	send_exhausted	0
1781350476	snap	3800	sdk	wrk2api	send_canceled	0
1781350476	snap	3800	sdk	wrk2api	send_other	0
1781350476	snap	3800	sdk	wrk2api	buffer_depth	0
0
1781350476	snap	3800	sdk	wrk2api	cp_received	171626
1781350476	snap	3800	sdk	wrk2api	lp_received	171626
1781350476	snap	3800	sdk	wrk2api	cp_sent	171626
1781350476	snap	3800	sdk	wrk2api	lp_sent	156557
1781350476	snap	3800	sdk	wrk2api	cp_dropped	0
1781350476	snap	3800	sdk	wrk2api	lp_dropped	15069
1781350476	snap	3800	sdk	composepost	spans_received	12069284
1781350476	snap	3800	sdk	composepost	spans_sent	8366148
1781350476	snap	3800	sdk	composepost	spans_dropped	3703136
1781350476	snap	3800	sdk	composepost	spans_flushed	12069284
1781350476	snap	3800	sdk	composepost	batches_sent	39540
1781350476	snap	3800	sdk	composepost	batches_dropped	12111
1781350476	snap	3800	sdk	composepost	send_unavailable	8158
1781350476	snap	3800	sdk	composepost	send_deadline	3953
1781350476	snap	3800	sdk	composepost	send_exhausted	0
1781350476	snap	3800	sdk	composepost	send_canceled	0
1781350476	snap	3800	sdk	composepost	send_other	0
1781350476	snap	3800	sdk	composepost	buffer_depth	0
0
1781350476	snap	3800	sdk	composepost	cp_received	10560623
1781350476	snap	3800	sdk	composepost	lp_received	1508661
1781350476	snap	3800	sdk	composepost	cp_sent	8306251
1781350476	snap	3800	sdk	composepost	lp_sent	59897
1781350476	snap	3800	sdk	composepost	cp_dropped	2254372
1781350476	snap	3800	sdk	composepost	lp_dropped	1448764
1781350476	snap	3800	sdk	hometimeline	spans_received	3017314
1781350476	snap	3800	sdk	hometimeline	spans_sent	116100
1781350476	snap	3800	sdk	hometimeline	spans_dropped	2901214
1781350476	snap	3800	sdk	hometimeline	spans_flushed	3017314
1781350476	snap	3800	sdk	hometimeline	batches_sent	2462
1781350476	snap	3800	sdk	hometimeline	batches_dropped	10487
1781350476	snap	3800	sdk	hometimeline	send_unavailable	10367
1781350476	snap	3800	sdk	hometimeline	send_deadline	120
1781350476	snap	3800	sdk	hometimeline	send_exhausted	0
1781350476	snap	3800	sdk	hometimeline	send_canceled	0
1781350476	snap	3800	sdk	hometimeline	send_other	0
1781350476	snap	3800	sdk	hometimeline	buffer_depth	0
0
1781350476	snap	3800	sdk	hometimeline	cp_received	0
1781350476	snap	3800	sdk	hometimeline	lp_received	3017314
1781350476	snap	3800	sdk	hometimeline	cp_sent	0
1781350476	snap	3800	sdk	hometimeline	lp_sent	116100
1781350476	snap	3800	sdk	hometimeline	cp_dropped	0
1781350476	snap	3800	sdk	hometimeline	lp_dropped	2901214
1781350476	snap	3800	sdk	media	spans_received	1508661
1781350476	snap	3800	sdk	media	spans_sent	1435668
1781350476	snap	3800	sdk	media	spans_dropped	72993
1781350476	snap	3800	sdk	media	spans_flushed	1508661
1781350476	snap	3800	sdk	media	batches_sent	6220
1781350476	snap	3800	sdk	media	batches_dropped	221
1781350476	snap	3800	sdk	media	send_unavailable	221
1781350476	snap	3800	sdk	media	send_deadline	0
1781350476	snap	3800	sdk	media	send_exhausted	0
1781350476	snap	3800	sdk	media	send_canceled	0
1781350476	snap	3800	sdk	media	send_other	0
1781350476	snap	3800	sdk	media	buffer_depth	0
0
1781350476	snap	3800	sdk	media	cp_received	1508661
1781350476	snap	3800	sdk	media	lp_received	0
1781350476	snap	3800	sdk	media	cp_sent	1435668
1781350476	snap	3800	sdk	media	lp_sent	0
1781350476	snap	3800	sdk	media	cp_dropped	72993
1781350476	snap	3800	sdk	media	lp_dropped	0
1781350476	snap	3800	sdk	post-storage	spans_received	1508657
1781350476	snap	3800	sdk	post-storage	spans_sent	1508657
1781350476	snap	3800	sdk	post-storage	spans_dropped	0
1781350476	snap	3800	sdk	post-storage	spans_flushed	1508657
1781350476	snap	3800	sdk	post-storage	batches_sent	6434
1781350476	snap	3800	sdk	post-storage	batches_dropped	0
1781350476	snap	3800	sdk	post-storage	send_unavailable	0
1781350476	snap	3800	sdk	post-storage	send_deadline	0
1781350476	snap	3800	sdk	post-storage	send_exhausted	0
1781350476	snap	3800	sdk	post-storage	send_canceled	0
1781350476	snap	3800	sdk	post-storage	send_other	0
1781350476	snap	3800	sdk	post-storage	buffer_depth	0
0
1781350476	snap	3800	sdk	post-storage	cp_received	1508657
1781350476	snap	3800	sdk	post-storage	lp_received	0
1781350476	snap	3800	sdk	post-storage	cp_sent	1508657
1781350476	snap	3800	sdk	post-storage	lp_sent	0
1781350476	snap	3800	sdk	post-storage	cp_dropped	0
1781350476	snap	3800	sdk	post-storage	lp_dropped	0
1781350476	snap	3800	sdk	socialgraph	spans_received	1622491
1781350476	snap	3800	sdk	socialgraph	spans_sent	1619669
1781350476	snap	3800	sdk	socialgraph	spans_dropped	2822
1781350476	snap	3800	sdk	socialgraph	spans_flushed	1622491
1781350476	snap	3800	sdk	socialgraph	batches_sent	6910
1781350476	snap	3800	sdk	socialgraph	batches_dropped	14
1781350476	snap	3800	sdk	socialgraph	send_unavailable	14
1781350476	snap	3800	sdk	socialgraph	send_deadline	0
1781350476	snap	3800	sdk	socialgraph	send_exhausted	0
1781350476	snap	3800	sdk	socialgraph	send_canceled	0
1781350476	snap	3800	sdk	socialgraph	send_other	0
1781350476	snap	3800	sdk	socialgraph	buffer_depth	0
0
1781350476	snap	3800	sdk	socialgraph	cp_received	1584867
1781350476	snap	3800	sdk	socialgraph	lp_received	37624
1781350476	snap	3800	sdk	socialgraph	cp_sent	1584867
1781350476	snap	3800	sdk	socialgraph	lp_sent	34802
1781350476	snap	3800	sdk	socialgraph	cp_dropped	0
1781350476	snap	3800	sdk	socialgraph	lp_dropped	2822
1781350476	snap	3800	sdk	text	spans_received	4525991
1781350476	snap	3800	sdk	text	spans_sent	3853475
1781350476	snap	3800	sdk	text	spans_dropped	672516
1781350476	snap	3800	sdk	text	spans_flushed	4525991
1781350476	snap	3800	sdk	text	batches_sent	17267
1781350476	snap	3800	sdk	text	batches_dropped	2043
1781350476	snap	3800	sdk	text	send_unavailable	2043
1781350476	snap	3800	sdk	text	send_deadline	0
1781350476	snap	3800	sdk	text	send_exhausted	0
1781350476	snap	3800	sdk	text	send_canceled	0
1781350476	snap	3800	sdk	text	send_other	0
1781350476	snap	3800	sdk	text	buffer_depth	0
0
1781350476	snap	3800	sdk	text	cp_received	0
1781350476	snap	3800	sdk	text	lp_received	4525991
1781350476	snap	3800	sdk	text	cp_sent	0
1781350476	snap	3800	sdk	text	lp_sent	3853475
1781350476	snap	3800	sdk	text	cp_dropped	0
1781350476	snap	3800	sdk	text	lp_dropped	672516
1781350476	snap	3800	sdk	uniqueid	spans_received	1508661
1781350476	snap	3800	sdk	uniqueid	spans_sent	1508661
1781350476	snap	3800	sdk	uniqueid	spans_dropped	0
1781350476	snap	3800	sdk	uniqueid	spans_flushed	1508661
1781350476	snap	3800	sdk	uniqueid	batches_sent	6442
1781350476	snap	3800	sdk	uniqueid	batches_dropped	0
1781350476	snap	3800	sdk	uniqueid	send_unavailable	0
1781350476	snap	3800	sdk	uniqueid	send_deadline	0
1781350476	snap	3800	sdk	uniqueid	send_exhausted	0
1781350476	snap	3800	sdk	uniqueid	send_canceled	0
1781350476	snap	3800	sdk	uniqueid	send_other	0
1781350476	snap	3800	sdk	uniqueid	buffer_depth	0
0
1781350476	snap	3800	sdk	uniqueid	cp_received	1508661
1781350476	snap	3800	sdk	uniqueid	lp_received	0
1781350476	snap	3800	sdk	uniqueid	cp_sent	1508661
1781350476	snap	3800	sdk	uniqueid	lp_sent	0
1781350476	snap	3800	sdk	uniqueid	cp_dropped	0
1781350476	snap	3800	sdk	uniqueid	lp_dropped	0
1781350476	snap	3800	sdk	urlshorten	spans_received	1508661
1781350476	snap	3800	sdk	urlshorten	spans_sent	1508661
1781350476	snap	3800	sdk	urlshorten	spans_dropped	0
1781350476	snap	3800	sdk	urlshorten	spans_flushed	1508661
1781350476	snap	3800	sdk	urlshorten	batches_sent	6439
1781350476	snap	3800	sdk	urlshorten	batches_dropped	0
1781350476	snap	3800	sdk	urlshorten	send_unavailable	0
1781350476	snap	3800	sdk	urlshorten	send_deadline	0
1781350476	snap	3800	sdk	urlshorten	send_exhausted	0
1781350476	snap	3800	sdk	urlshorten	send_canceled	0
1781350476	snap	3800	sdk	urlshorten	send_other	0
1781350476	snap	3800	sdk	urlshorten	buffer_depth	0
0
1781350476	snap	3800	sdk	urlshorten	cp_received	1508661
1781350476	snap	3800	sdk	urlshorten	lp_received	0
1781350476	snap	3800	sdk	urlshorten	cp_sent	1508661
1781350476	snap	3800	sdk	urlshorten	lp_sent	0
1781350476	snap	3800	sdk	urlshorten	cp_dropped	0
1781350476	snap	3800	sdk	urlshorten	lp_dropped	0
1781350476	snap	3800	sdk	user	spans_received	1510585
1781350476	snap	3800	sdk	user	spans_sent	1510585
1781350476	snap	3800	sdk	user	spans_dropped	0
1781350476	snap	3800	sdk	user	spans_flushed	1510585
1781350476	snap	3800	sdk	user	batches_sent	6454
1781350476	snap	3800	sdk	user	batches_dropped	0
1781350476	snap	3800	sdk	user	send_unavailable	0
1781350476	snap	3800	sdk	user	send_deadline	0
1781350476	snap	3800	sdk	user	send_exhausted	0
1781350476	snap	3800	sdk	user	send_canceled	0
1781350476	snap	3800	sdk	user	send_other	0
1781350476	snap	3800	sdk	user	buffer_depth	0
0
1781350476	snap	3800	sdk	user	cp_received	1509623
1781350476	snap	3800	sdk	user	lp_received	962
1781350476	snap	3800	sdk	user	cp_sent	1509623
1781350476	snap	3800	sdk	user	lp_sent	962
1781350476	snap	3800	sdk	user	cp_dropped	0
1781350476	snap	3800	sdk	user	lp_dropped	0
1781350476	snap	3800	sdk	userid	spans_received	75248
1781350476	snap	3800	sdk	userid	spans_sent	75248
1781350476	snap	3800	sdk	userid	spans_dropped	0
1781350476	snap	3800	sdk	userid	spans_flushed	75248
1781350476	snap	3800	sdk	userid	batches_sent	247
1781350476	snap	3800	sdk	userid	batches_dropped	0
1781350476	snap	3800	sdk	userid	send_unavailable	0
1781350476	snap	3800	sdk	userid	send_deadline	0
1781350476	snap	3800	sdk	userid	send_exhausted	0
1781350476	snap	3800	sdk	userid	send_canceled	0
1781350476	snap	3800	sdk	userid	send_other	0
1781350476	snap	3800	sdk	userid	buffer_depth	0
0
1781350476	snap	3800	sdk	userid	cp_received	75248
1781350476	snap	3800	sdk	userid	lp_received	0
1781350476	snap	3800	sdk	userid	cp_sent	75248
1781350476	snap	3800	sdk	userid	lp_sent	0
1781350476	snap	3800	sdk	userid	cp_dropped	0
1781350476	snap	3800	sdk	userid	lp_dropped	0
1781350476	snap	3800	sdk	usermention	spans_received	1508661
1781350476	snap	3800	sdk	usermention	spans_sent	1508661
1781350476	snap	3800	sdk	usermention	spans_dropped	0
1781350476	snap	3800	sdk	usermention	spans_flushed	1508661
1781350476	snap	3800	sdk	usermention	batches_sent	6439
1781350476	snap	3800	sdk	usermention	batches_dropped	0
1781350476	snap	3800	sdk	usermention	send_unavailable	0
1781350476	snap	3800	sdk	usermention	send_deadline	0
1781350476	snap	3800	sdk	usermention	send_exhausted	0
1781350476	snap	3800	sdk	usermention	send_canceled	0
1781350476	snap	3800	sdk	usermention	send_other	0
1781350476	snap	3800	sdk	usermention	buffer_depth	0
0
1781350476	snap	3800	sdk	usermention	cp_received	1508661
1781350476	snap	3800	sdk	usermention	lp_received	0
1781350476	snap	3800	sdk	usermention	cp_sent	1508661
1781350476	snap	3800	sdk	usermention	lp_sent	0
1781350476	snap	3800	sdk	usermention	cp_dropped	0
1781350476	snap	3800	sdk	usermention	lp_dropped	0
1781350476	snap	3800	sdk	usertimeline	spans_received	1508657
1781350476	snap	3800	sdk	usertimeline	spans_sent	1508657
1781350476	snap	3800	sdk	usertimeline	spans_dropped	0
1781350476	snap	3800	sdk	usertimeline	spans_flushed	1508657
1781350476	snap	3800	sdk	usertimeline	batches_sent	6410
1781350476	snap	3800	sdk	usertimeline	batches_dropped	0
1781350476	snap	3800	sdk	usertimeline	send_unavailable	0
1781350476	snap	3800	sdk	usertimeline	send_deadline	0
1781350476	snap	3800	sdk	usertimeline	send_exhausted	0
1781350476	snap	3800	sdk	usertimeline	send_canceled	0
1781350476	snap	3800	sdk	usertimeline	send_other	0
1781350476	snap	3800	sdk	usertimeline	buffer_depth	0
0
1781350476	snap	3800	sdk	usertimeline	cp_received	1508657
1781350476	snap	3800	sdk	usertimeline	lp_received	0
1781350476	snap	3800	sdk	usertimeline	cp_sent	1508657
1781350476	snap	3800	sdk	usertimeline	lp_sent	0
1781350476	snap	3800	sdk	usertimeline	cp_dropped	0
1781350476	snap	3800	sdk	usertimeline	lp_dropped	0
1781350544	snap	3800	otelcol	otelcol-sb-esrev0-ctr-hj4v4	otelcol_process_uptime	920
1781350544	snap	3800	otelcol	otelcol-sb-esrev0-ctr-hj4v4	otelcol_exporter_sent_spans	3521174
1781350544	snap	3800	otelcol	otelcol-sb-esrev0-ctr-hj4v4	otelcol_process_runtime_total_sys_memory_bytes	184441128
1781350544	snap	3800	otelcol	otelcol-sb-esrev0-ctr-hj4v4	otelcol_process_runtime_total_alloc_bytes	2558646064
1781350544	snap	3800	otelcol	otelcol-sb-esrev0-ctr-hj4v4	otelcol_exporter_queue_capacity	1001
1781350544	snap	3800	otelcol	otelcol-sb-esrev0-ctr-hj4v4	otelcol_receiver_failed_spans	0
1781350544	snap	3800	otelcol	otelcol-sb-esrev0-ctr-hj4v4	otelcol_processor_batch_metadata_cardinality	1
1781350544	snap	3800	otelcol	otelcol-sb-esrev0-ctr-hj4v4	otelcol_processor_batch_batch_send_size_sum	3640271
1781350544	snap	3800	otelcol	otelcol-sb-esrev0-ctr-hj4v4	otelcol_receiver_refused_spans	211477
1781350544	snap	3800	otelcol	otelcol-sb-esrev0-ctr-hj4v4	otelcol_processor_batch_timeout_trigger_send	3645
1781350544	snap	3800	otelcol	otelcol-sb-esrev0-ctr-hj4v4	otelcol_exporter_send_failed_spans	0
1781350544	snap	3800	otelcol	otelcol-sb-esrev0-ctr-hj4v4	otelcol_exporter_queue_size	77
1781350544	snap	3800	otelcol	otelcol-sb-esrev0-ctr-hj4v4	otelcol_exporter_queue_batch_send_size_sum	3640271
1781350544	snap	3800	otelcol	otelcol-sb-esrev0-ctr-hj4v4	otelcol_processor_incoming_items	3851748
1781350544	snap	3800	otelcol	otelcol-sb-esrev0-ctr-hj4v4	otelcol_process_runtime_heap_alloc_bytes	86229464
1781350544	snap	3800	otelcol	otelcol-sb-esrev0-ctr-hj4v4	otelcol_process_memory_rss	262164480
1781350544	snap	3800	otelcol	otelcol-sb-esrev0-ctr-hj4v4	otelcol_receiver_accepted_spans	3640271
1781350544	snap	3800	otelcol	otelcol-sb-esrev0-ctr-hj4v4	otelcol_processor_outgoing_items	3640271
1781350544	snap	3800	otelcol	otelcol-sb-esrev0-ctr-hj4v4	otelcol_process_cpu_seconds	73
1781350544	snap	3800	otelcol	otelcol-sb-esrev0-ctr-bgnq8	otelcol_processor_batch_batch_send_size_sum	2103312
1781350544	snap	3800	otelcol	otelcol-sb-esrev0-ctr-bgnq8	otelcol_exporter_sent_spans	2047734
1781350544	snap	3800	otelcol	otelcol-sb-esrev0-ctr-bgnq8	otelcol_processor_batch_metadata_cardinality	1
1781350544	snap	3800	otelcol	otelcol-sb-esrev0-ctr-bgnq8	otelcol_receiver_accepted_spans	2103312
1781350544	snap	3800	otelcol	otelcol-sb-esrev0-ctr-bgnq8	otelcol_process_uptime	922
1781350544	snap	3800	otelcol	otelcol-sb-esrev0-ctr-bgnq8	otelcol_process_memory_rss	247492608
1781350544	snap	3800	otelcol	otelcol-sb-esrev0-ctr-bgnq8	otelcol_exporter_queue_size	64
1781350544	snap	3800	otelcol	otelcol-sb-esrev0-ctr-bgnq8	otelcol_processor_incoming_items	2124482
1781350544	snap	3800	otelcol	otelcol-sb-esrev0-ctr-bgnq8	otelcol_exporter_queue_capacity	1001
1781350544	snap	3800	otelcol	otelcol-sb-esrev0-ctr-bgnq8	otelcol_processor_batch_timeout_trigger_send	3662
1781350544	snap	3800	otelcol	otelcol-sb-esrev0-ctr-bgnq8	otelcol_process_runtime_total_alloc_bytes	1542731680
1781350544	snap	3800	otelcol	otelcol-sb-esrev0-ctr-bgnq8	otelcol_receiver_refused_spans	21170
1781350544	snap	3800	otelcol	otelcol-sb-esrev0-ctr-bgnq8	otelcol_process_runtime_total_sys_memory_bytes	141359400
1781350544	snap	3800	otelcol	otelcol-sb-esrev0-ctr-bgnq8	otelcol_receiver_failed_spans	0
1781350544	snap	3800	otelcol	otelcol-sb-esrev0-ctr-bgnq8	otelcol_process_runtime_heap_alloc_bytes	79305720
1781350544	snap	3800	otelcol	otelcol-sb-esrev0-ctr-bgnq8	otelcol_exporter_send_failed_spans	0
1781350544	snap	3800	otelcol	otelcol-sb-esrev0-ctr-bgnq8	otelcol_processor_outgoing_items	2103312
1781350544	snap	3800	otelcol	otelcol-sb-esrev0-ctr-bgnq8	otelcol_process_cpu_seconds	49
1781350544	snap	3800	otelcol	otelcol-sb-esrev0-ctr-bgnq8	otelcol_exporter_queue_batch_send_size_sum	2103312
1781350544	snap	3800	otelcol	otelcol-sb-esrev0-ctr-vb2mk	otelcol_process_uptime	922
1781350544	snap	3800	otelcol	otelcol-sb-esrev0-ctr-vb2mk	otelcol_process_memory_rss	244314112
1781350544	snap	3800	otelcol	otelcol-sb-esrev0-ctr-vb2mk	otelcol_exporter_send_failed_spans	0
1781350544	snap	3800	otelcol	otelcol-sb-esrev0-ctr-vb2mk	otelcol_receiver_accepted_spans	2103010
1781350544	snap	3800	otelcol	otelcol-sb-esrev0-ctr-vb2mk	otelcol_process_runtime_total_sys_memory_bytes	140892456
1781350544	snap	3800	otelcol	otelcol-sb-esrev0-ctr-vb2mk	otelcol_exporter_queue_batch_send_size_sum	2103010
1781350544	snap	3800	otelcol	otelcol-sb-esrev0-ctr-vb2mk	otelcol_process_cpu_seconds	50
1781350544	snap	3800	otelcol	otelcol-sb-esrev0-ctr-vb2mk	otelcol_process_runtime_heap_alloc_bytes	73070456
1781350544	snap	3800	otelcol	otelcol-sb-esrev0-ctr-vb2mk	otelcol_exporter_sent_spans	2066320
1781350544	snap	3800	otelcol	otelcol-sb-esrev0-ctr-vb2mk	otelcol_exporter_queue_capacity	1001
1781350544	snap	3800	otelcol	otelcol-sb-esrev0-ctr-vb2mk	otelcol_receiver_refused_spans	19109
1781350544	snap	3800	otelcol	otelcol-sb-esrev0-ctr-vb2mk	otelcol_processor_incoming_items	2122119
1781350544	snap	3800	otelcol	otelcol-sb-esrev0-ctr-vb2mk	otelcol_processor_outgoing_items	2103010
1781350544	snap	3800	otelcol	otelcol-sb-esrev0-ctr-vb2mk	otelcol_exporter_queue_size	42
1781350544	snap	3800	otelcol	otelcol-sb-esrev0-ctr-vb2mk	otelcol_processor_batch_metadata_cardinality	1
1781350544	snap	3800	otelcol	otelcol-sb-esrev0-ctr-vb2mk	otelcol_receiver_failed_spans	0
1781350544	snap	3800	otelcol	otelcol-sb-esrev0-ctr-vb2mk	otelcol_processor_batch_timeout_trigger_send	3658
1781350544	snap	3800	otelcol	otelcol-sb-esrev0-ctr-vb2mk	otelcol_processor_batch_batch_send_size_sum	2103010
1781350544	snap	3800	otelcol	otelcol-sb-esrev0-ctr-vb2mk	otelcol_process_runtime_total_alloc_bytes	1514268792
1781350544	snap	3800	otelcol	otelcol-sb-esrev0-ctr-j6v9t	otelcol_processor_incoming_items	16614333
1781350544	snap	3800	otelcol	otelcol-sb-esrev0-ctr-j6v9t	otelcol_process_cpu_seconds	214
1781350544	snap	3800	otelcol	otelcol-sb-esrev0-ctr-j6v9t	otelcol_process_uptime	921
1781350544	snap	3800	otelcol	otelcol-sb-esrev0-ctr-j6v9t	otelcol_process_runtime_heap_alloc_bytes	128450192
1781350544	snap	3800	otelcol	otelcol-sb-esrev0-ctr-j6v9t	otelcol_exporter_sent_spans	9151893
1781350544	snap	3800	otelcol	otelcol-sb-esrev0-ctr-j6v9t	otelcol_exporter_send_failed_spans	0
1781350544	snap	3800	otelcol	otelcol-sb-esrev0-ctr-j6v9t	otelcol_receiver_failed_spans	0
1781350544	snap	3800	otelcol	otelcol-sb-esrev0-ctr-j6v9t	otelcol_processor_outgoing_items	9329678
1781350544	snap	3800	otelcol	otelcol-sb-esrev0-ctr-j6v9t	otelcol_processor_batch_batch_send_size_sum	9329678
1781350544	snap	3800	otelcol	otelcol-sb-esrev0-ctr-j6v9t	otelcol_process_runtime_total_sys_memory_bytes	232323400
1781350544	snap	3800	otelcol	otelcol-sb-esrev0-ctr-j6v9t	otelcol_process_runtime_total_alloc_bytes	11771443128
1781350544	snap	3800	otelcol	otelcol-sb-esrev0-ctr-j6v9t	otelcol_processor_batch_batch_size_trigger_send	7
1781350544	snap	3800	otelcol	otelcol-sb-esrev0-ctr-j6v9t	otelcol_processor_batch_metadata_cardinality	1
1781350544	snap	3800	otelcol	otelcol-sb-esrev0-ctr-j6v9t	otelcol_processor_batch_timeout_trigger_send	3029
1781350544	snap	3800	otelcol	otelcol-sb-esrev0-ctr-j6v9t	otelcol_exporter_queue_size	34
1781350544	snap	3800	otelcol	otelcol-sb-esrev0-ctr-j6v9t	otelcol_receiver_accepted_spans	9329678
1781350544	snap	3800	otelcol	otelcol-sb-esrev0-ctr-j6v9t	otelcol_process_memory_rss	320909312
1781350544	snap	3800	otelcol	otelcol-sb-esrev0-ctr-j6v9t	otelcol_receiver_refused_spans	7284655
1781350544	snap	3800	otelcol	otelcol-sb-esrev0-ctr-j6v9t	otelcol_exporter_queue_capacity	1001
1781350544	snap	3800	otelcol	otelcol-sb-esrev0-ctr-j6v9t	otelcol_exporter_queue_batch_send_size_sum	9329678
1781350544	snap	3800	otelcol	otelcol-sb-esrev0-ctr-5tpmc	otelcol_processor_batch_timeout_trigger_send	3530
1781350544	snap	3800	otelcol	otelcol-sb-esrev0-ctr-5tpmc	otelcol_process_runtime_heap_alloc_bytes	130234560
1781350544	snap	3800	otelcol	otelcol-sb-esrev0-ctr-5tpmc	otelcol_processor_outgoing_items	6306320
1781350544	snap	3800	otelcol	otelcol-sb-esrev0-ctr-5tpmc	otelcol_receiver_accepted_spans	6306320
1781350544	snap	3800	otelcol	otelcol-sb-esrev0-ctr-5tpmc	otelcol_process_uptime	921
1781350544	snap	3800	otelcol	otelcol-sb-esrev0-ctr-5tpmc	otelcol_process_runtime_total_alloc_bytes	3784321760
1781350544	snap	3800	otelcol	otelcol-sb-esrev0-ctr-5tpmc	otelcol_exporter_queue_capacity	1001
1781350544	snap	3800	otelcol	otelcol-sb-esrev0-ctr-5tpmc	otelcol_receiver_refused_spans	1081851
1781350544	snap	3800	otelcol	otelcol-sb-esrev0-ctr-5tpmc	otelcol_exporter_queue_batch_send_size_sum	6306320
1781350544	snap	3800	otelcol	otelcol-sb-esrev0-ctr-5tpmc	otelcol_receiver_failed_spans	0
1781350544	snap	3800	otelcol	otelcol-sb-esrev0-ctr-5tpmc	otelcol_process_cpu_seconds	93
1781350544	snap	3800	otelcol	otelcol-sb-esrev0-ctr-5tpmc	otelcol_processor_batch_batch_send_size_sum	6306320
1781350544	snap	3800	otelcol	otelcol-sb-esrev0-ctr-5tpmc	otelcol_exporter_send_failed_spans	0
1781350544	snap	3800	otelcol	otelcol-sb-esrev0-ctr-5tpmc	otelcol_processor_batch_metadata_cardinality	1
1781350544	snap	3800	otelcol	otelcol-sb-esrev0-ctr-5tpmc	otelcol_process_runtime_total_sys_memory_bytes	192915768
1781350544	snap	3800	otelcol	otelcol-sb-esrev0-ctr-5tpmc	otelcol_process_memory_rss	322555904
1781350544	snap	3800	otelcol	otelcol-sb-esrev0-ctr-5tpmc	otelcol_exporter_sent_spans	6150860
1781350544	snap	3800	otelcol	otelcol-sb-esrev0-ctr-5tpmc	otelcol_processor_incoming_items	7388171
1781350544	snap	3800	otelcol	otelcol-sb-esrev0-ctr-5tpmc	otelcol_exporter_queue_size	105
1781350544	snap	3800	otelcol	otelcol-sb-esrev0-ctr-mg8jm	otelcol_processor_outgoing_items	392137
1781350544	snap	3800	otelcol	otelcol-sb-esrev0-ctr-mg8jm	otelcol_process_memory_rss	217624576
1781350544	snap	3800	otelcol	otelcol-sb-esrev0-ctr-mg8jm	otelcol_exporter_queue_batch_send_size_sum	392137
1781350544	snap	3800	otelcol	otelcol-sb-esrev0-ctr-mg8jm	otelcol_process_runtime_heap_alloc_bytes	29420256
1781350544	snap	3800	otelcol	otelcol-sb-esrev0-ctr-mg8jm	otelcol_receiver_failed_spans	0
1781350544	snap	3800	otelcol	otelcol-sb-esrev0-ctr-mg8jm	otelcol_process_runtime_total_sys_memory_bytes	76106008
1781350544	snap	3800	otelcol	otelcol-sb-esrev0-ctr-mg8jm	otelcol_process_cpu_seconds	35
1781350544	snap	3800	otelcol	otelcol-sb-esrev0-ctr-mg8jm	otelcol_receiver_refused_spans	0
1781350544	snap	3800	otelcol	otelcol-sb-esrev0-ctr-mg8jm	otelcol_processor_batch_batch_send_size_sum	392137
1781350544	snap	3800	otelcol	otelcol-sb-esrev0-ctr-mg8jm	otelcol_process_runtime_total_alloc_bytes	513498416
1781350544	snap	3800	otelcol	otelcol-sb-esrev0-ctr-mg8jm	otelcol_receiver_accepted_spans	392137
1781350544	snap	3800	otelcol	otelcol-sb-esrev0-ctr-mg8jm	otelcol_exporter_send_failed_spans	0
1781350544	snap	3800	otelcol	otelcol-sb-esrev0-ctr-mg8jm	otelcol_processor_batch_metadata_cardinality	1
1781350544	snap	3800	otelcol	otelcol-sb-esrev0-ctr-mg8jm	otelcol_exporter_sent_spans	380354
1781350544	snap	3800	otelcol	otelcol-sb-esrev0-ctr-mg8jm	otelcol_exporter_queue_capacity	1001
1781350544	snap	3800	otelcol	otelcol-sb-esrev0-ctr-mg8jm	otelcol_processor_incoming_items	392137
1781350544	snap	3800	otelcol	otelcol-sb-esrev0-ctr-mg8jm	otelcol_processor_batch_timeout_trigger_send	3647
1781350544	snap	3800	otelcol	otelcol-sb-esrev0-ctr-mg8jm	otelcol_process_uptime	915
1781350544	snap	3800	otelcol	otelcol-sb-esrev0-ctr-mg8jm	otelcol_exporter_queue_size	72
1781350544	snap	3800	otelcol	otelcol-sb-esrev0-ctr-bxzgg	otelcol_exporter_queue_capacity	1001
1781350544	snap	3800	otelcol	otelcol-sb-esrev0-ctr-bxzgg	otelcol_processor_batch_metadata_cardinality	1
1781350544	snap	3800	otelcol	otelcol-sb-esrev0-ctr-bxzgg	otelcol_processor_batch_timeout_trigger_send	3656
1781350544	snap	3800	otelcol	otelcol-sb-esrev0-ctr-bxzgg	otelcol_processor_incoming_items	2122442
1781350544	snap	3800	otelcol	otelcol-sb-esrev0-ctr-bxzgg	otelcol_exporter_queue_batch_send_size_sum	2107963
1781350544	snap	3800	otelcol	otelcol-sb-esrev0-ctr-bxzgg	otelcol_process_memory_rss	262905856
1781350544	snap	3800	otelcol	otelcol-sb-esrev0-ctr-bxzgg	otelcol_exporter_send_failed_spans	0
1781350544	snap	3800	otelcol	otelcol-sb-esrev0-ctr-bxzgg	otelcol_processor_outgoing_items	2107963
1781350544	snap	3800	otelcol	otelcol-sb-esrev0-ctr-bxzgg	otelcol_process_cpu_seconds	52
1781350544	snap	3800	otelcol	otelcol-sb-esrev0-ctr-bxzgg	otelcol_process_uptime	921
1781350544	snap	3800	otelcol	otelcol-sb-esrev0-ctr-bxzgg	otelcol_process_runtime_total_alloc_bytes	1499312224
1781350544	snap	3800	otelcol	otelcol-sb-esrev0-ctr-bxzgg	otelcol_processor_batch_batch_send_size_sum	2107963
1781350544	snap	3800	otelcol	otelcol-sb-esrev0-ctr-bxzgg	otelcol_process_runtime_total_sys_memory_bytes	132122904
1781350544	snap	3800	otelcol	otelcol-sb-esrev0-ctr-bxzgg	otelcol_process_runtime_heap_alloc_bytes	80850600
1781350544	snap	3800	otelcol	otelcol-sb-esrev0-ctr-bxzgg	otelcol_receiver_refused_spans	14479
1781350544	snap	3800	otelcol	otelcol-sb-esrev0-ctr-bxzgg	otelcol_receiver_failed_spans	0
1781350544	snap	3800	otelcol	otelcol-sb-esrev0-ctr-bxzgg	otelcol_exporter_sent_spans	2086269
1781350544	snap	3800	otelcol	otelcol-sb-esrev0-ctr-bxzgg	otelcol_receiver_accepted_spans	2107963
1781350544	snap	3800	otelcol	otelcol-sb-esrev0-ctr-bxzgg	otelcol_exporter_queue_size	26
1781350544	snap	3800	otelcol	otelcol-sb-esrev0-ctr-8ncml	otelcol_processor_outgoing_items	2088576
1781350544	snap	3800	otelcol	otelcol-sb-esrev0-ctr-8ncml	otelcol_process_cpu_seconds	54
1781350544	snap	3800	otelcol	otelcol-sb-esrev0-ctr-8ncml	otelcol_process_uptime	922
1781350544	snap	3800	otelcol	otelcol-sb-esrev0-ctr-8ncml	otelcol_exporter_queue_batch_send_size_sum	2088576
1781350544	snap	3800	otelcol	otelcol-sb-esrev0-ctr-8ncml	otelcol_receiver_failed_spans	0
1781350544	snap	3800	otelcol	otelcol-sb-esrev0-ctr-8ncml	otelcol_receiver_refused_spans	33781
1781350544	snap	3800	otelcol	otelcol-sb-esrev0-ctr-8ncml	otelcol_process_runtime_heap_alloc_bytes	78311272
1781350544	snap	3800	otelcol	otelcol-sb-esrev0-ctr-8ncml	otelcol_processor_batch_batch_send_size_sum	2088576
1781350544	snap	3800	otelcol	otelcol-sb-esrev0-ctr-8ncml	otelcol_process_runtime_total_sys_memory_bytes	136165672
1781350544	snap	3800	otelcol	otelcol-sb-esrev0-ctr-8ncml	otelcol_exporter_sent_spans	2006171
1781350544	snap	3800	otelcol	otelcol-sb-esrev0-ctr-8ncml	otelcol_exporter_queue_size	97
1781350544	snap	3800	otelcol	otelcol-sb-esrev0-ctr-8ncml	otelcol_exporter_send_failed_spans	0
1781350544	snap	3800	otelcol	otelcol-sb-esrev0-ctr-8ncml	otelcol_receiver_accepted_spans	2088576
1781350544	snap	3800	otelcol	otelcol-sb-esrev0-ctr-8ncml	otelcol_processor_batch_metadata_cardinality	1
1781350544	snap	3800	otelcol	otelcol-sb-esrev0-ctr-8ncml	otelcol_processor_incoming_items	2122357
1781350544	snap	3800	otelcol	otelcol-sb-esrev0-ctr-8ncml	otelcol_processor_batch_timeout_trigger_send	3654
1781350544	snap	3800	otelcol	otelcol-sb-esrev0-ctr-8ncml	otelcol_exporter_queue_capacity	1001
1781350544	snap	3800	otelcol	otelcol-sb-esrev0-ctr-8ncml	otelcol_process_runtime_total_alloc_bytes	1532460032
1781350544	snap	3800	otelcol	otelcol-sb-esrev0-ctr-8ncml	otelcol_process_memory_rss	265744384
1781350544	snap	3800	otelcol	otelcol-sb-esrev0-ctr-t4pj5	otelcol_exporter_send_failed_spans	0
1781350544	snap	3800	otelcol	otelcol-sb-esrev0-ctr-t4pj5	otelcol_exporter_queue_size	137
1781350544	snap	3800	otelcol	otelcol-sb-esrev0-ctr-t4pj5	otelcol_processor_incoming_items	2237163
1781350544	snap	3800	otelcol	otelcol-sb-esrev0-ctr-t4pj5	otelcol_processor_outgoing_items	2214530
1781350544	snap	3800	otelcol	otelcol-sb-esrev0-ctr-t4pj5	otelcol_process_runtime_total_sys_memory_bytes	132372776
1781350544	snap	3800	otelcol	otelcol-sb-esrev0-ctr-t4pj5	otelcol_processor_batch_metadata_cardinality	1
1781350544	snap	3800	otelcol	otelcol-sb-esrev0-ctr-t4pj5	otelcol_processor_batch_timeout_trigger_send	3657
1781350544	snap	3800	otelcol	otelcol-sb-esrev0-ctr-t4pj5	otelcol_process_memory_rss	264282112
1781350544	snap	3800	otelcol	otelcol-sb-esrev0-ctr-t4pj5	otelcol_exporter_queue_batch_send_size_sum	2214530
1781350544	snap	3800	otelcol	otelcol-sb-esrev0-ctr-t4pj5	otelcol_receiver_failed_spans	0
1781350544	snap	3800	otelcol	otelcol-sb-esrev0-ctr-t4pj5	otelcol_process_cpu_seconds	49
1781350544	snap	3800	otelcol	otelcol-sb-esrev0-ctr-t4pj5	otelcol_receiver_accepted_spans	2214530
1781350544	snap	3800	otelcol	otelcol-sb-esrev0-ctr-t4pj5	otelcol_process_runtime_heap_alloc_bytes	72018440
1781350544	snap	3800	otelcol	otelcol-sb-esrev0-ctr-t4pj5	otelcol_exporter_sent_spans	2096493
1781350544	snap	3800	otelcol	otelcol-sb-esrev0-ctr-t4pj5	otelcol_processor_batch_batch_send_size_sum	2214530
1781350544	snap	3800	otelcol	otelcol-sb-esrev0-ctr-t4pj5	otelcol_process_uptime	926
1781350544	snap	3800	otelcol	otelcol-sb-esrev0-ctr-t4pj5	otelcol_process_runtime_total_alloc_bytes	1558451456
1781350544	snap	3800	otelcol	otelcol-sb-esrev0-ctr-t4pj5	otelcol_exporter_queue_capacity	1001
1781350544	snap	3800	otelcol	otelcol-sb-esrev0-ctr-t4pj5	otelcol_receiver_refused_spans	22633
1781350544	snap	3800	k8s	otelcol-sb-esrev0-ctr-5tpmc	restart_count	0
1781350544	snap	3800	k8s	otelcol-sb-esrev0-ctr-8ncml	restart_count	0
1781350544	snap	3800	k8s	otelcol-sb-esrev0-ctr-bgnq8	restart_count	0
1781350544	snap	3800	k8s	otelcol-sb-esrev0-ctr-bxzgg	restart_count	0
1781350544	snap	3800	k8s	otelcol-sb-esrev0-ctr-hj4v4	restart_count	0
1781350544	snap	3800	k8s	otelcol-sb-esrev0-ctr-j6v9t	restart_count	0
1781350544	snap	3800	k8s	otelcol-sb-esrev0-ctr-mg8jm	restart_count	0
1781350544	snap	3800	k8s	otelcol-sb-esrev0-ctr-t4pj5	restart_count	0
1781350544	snap	3800	k8s	otelcol-sb-esrev0-ctr-vb2mk	restart_count	0
1781350544	snap	3800	sdk	wrk2api	spans_received	392548
1781350544	snap	3800	sdk	wrk2api	spans_sent	373439
1781350544	snap	3800	sdk	wrk2api	spans_dropped	19109
1781350544	snap	3800	sdk	wrk2api	spans_flushed	392548
1781350544	snap	3800	sdk	wrk2api	batches_sent	13980
1781350544	snap	3800	sdk	wrk2api	batches_dropped	494
1781350544	snap	3800	sdk	wrk2api	send_unavailable	494
1781350544	snap	3800	sdk	wrk2api	send_deadline	0
1781350544	snap	3800	sdk	wrk2api	send_exhausted	0
1781350544	snap	3800	sdk	wrk2api	send_canceled	0
1781350544	snap	3800	sdk	wrk2api	send_other	0
1781350544	snap	3800	sdk	wrk2api	buffer_depth	0
0
1781350544	snap	3800	sdk	wrk2api	cp_received	196274
1781350544	snap	3800	sdk	wrk2api	lp_received	196274
1781350544	snap	3800	sdk	wrk2api	cp_sent	196274
1781350544	snap	3800	sdk	wrk2api	lp_sent	177165
1781350544	snap	3800	sdk	wrk2api	cp_dropped	0
1781350544	snap	3800	sdk	wrk2api	lp_dropped	19109
1781350544	snap	3800	sdk	composepost	spans_received	13836564
1781350544	snap	3800	sdk	composepost	spans_sent	9050649
1781350544	snap	3800	sdk	composepost	spans_dropped	4785915
1781350544	snap	3800	sdk	composepost	spans_flushed	13836564
1781350544	snap	3800	sdk	composepost	batches_sent	41598
1781350544	snap	3800	sdk	composepost	batches_dropped	15283
1781350544	snap	3800	sdk	composepost	send_unavailable	9957
1781350544	snap	3800	sdk	composepost	send_deadline	5326
1781350544	snap	3800	sdk	composepost	send_exhausted	0
1781350544	snap	3800	sdk	composepost	send_canceled	0
1781350544	snap	3800	sdk	composepost	send_other	0
1781350544	snap	3800	sdk	composepost	buffer_depth	0
0
1781350544	snap	3800	sdk	composepost	cp_received	12106993
1781350544	snap	3800	sdk	composepost	lp_received	1729571
1781350544	snap	3800	sdk	composepost	cp_sent	8990752
1781350544	snap	3800	sdk	composepost	lp_sent	59897
1781350544	snap	3800	sdk	composepost	cp_dropped	3116241
1781350544	snap	3800	sdk	composepost	lp_dropped	1669674
1781350544	snap	3800	sdk	hometimeline	spans_received	3459134
1781350544	snap	3800	sdk	hometimeline	spans_sent	116100
1781350544	snap	3800	sdk	hometimeline	spans_dropped	3343034
1781350544	snap	3800	sdk	hometimeline	spans_flushed	3459134
1781350544	snap	3800	sdk	hometimeline	batches_sent	2462
1781350544	snap	3800	sdk	hometimeline	batches_dropped	11814
1781350544	snap	3800	sdk	hometimeline	send_unavailable	11674
1781350544	snap	3800	sdk	hometimeline	send_deadline	140
1781350544	snap	3800	sdk	hometimeline	send_exhausted	0
1781350544	snap	3800	sdk	hometimeline	send_canceled	0
1781350544	snap	3800	sdk	hometimeline	send_other	0
1781350544	snap	3800	sdk	hometimeline	buffer_depth	0
0
1781350544	snap	3800	sdk	hometimeline	cp_received	0
1781350544	snap	3800	sdk	hometimeline	lp_received	3459134
1781350544	snap	3800	sdk	hometimeline	cp_sent	0
1781350544	snap	3800	sdk	hometimeline	lp_sent	116100
1781350544	snap	3800	sdk	hometimeline	cp_dropped	0
1781350544	snap	3800	sdk	hometimeline	lp_dropped	3343034
1781350544	snap	3800	sdk	media	spans_received	1729571
1781350544	snap	3800	sdk	media	spans_sent	1631088
1781350544	snap	3800	sdk	media	spans_dropped	98483
1781350544	snap	3800	sdk	media	spans_flushed	1729571
1781350544	snap	3800	sdk	media	batches_sent	6806
1781350544	snap	3800	sdk	media	batches_dropped	299
1781350544	snap	3800	sdk	media	send_unavailable	299
1781350544	snap	3800	sdk	media	send_deadline	0
1781350544	snap	3800	sdk	media	send_exhausted	0
1781350544	snap	3800	sdk	media	send_canceled	0
1781350544	snap	3800	sdk	media	send_other	0
1781350544	snap	3800	sdk	media	buffer_depth	0
0
1781350544	snap	3800	sdk	media	cp_received	1729571
1781350544	snap	3800	sdk	media	lp_received	0
1781350544	snap	3800	sdk	media	cp_sent	1631088
1781350544	snap	3800	sdk	media	lp_sent	0
1781350544	snap	3800	sdk	media	cp_dropped	98483
1781350544	snap	3800	sdk	media	lp_dropped	0
1781350544	snap	3800	sdk	post-storage	spans_received	1729567
1781350544	snap	3800	sdk	post-storage	spans_sent	1729567
1781350544	snap	3800	sdk	post-storage	spans_dropped	0
1781350544	snap	3800	sdk	post-storage	spans_flushed	1729567
1781350544	snap	3800	sdk	post-storage	batches_sent	7092
1781350544	snap	3800	sdk	post-storage	batches_dropped	0
1781350544	snap	3800	sdk	post-storage	send_unavailable	0
1781350544	snap	3800	sdk	post-storage	send_deadline	0
1781350544	snap	3800	sdk	post-storage	send_exhausted	0
1781350544	snap	3800	sdk	post-storage	send_canceled	0
1781350544	snap	3800	sdk	post-storage	send_other	0
1781350544	snap	3800	sdk	post-storage	buffer_depth	0
0
1781350544	snap	3800	sdk	post-storage	cp_received	1729567
1781350544	snap	3800	sdk	post-storage	lp_received	0
1781350544	snap	3800	sdk	post-storage	cp_sent	1729567
1781350544	snap	3800	sdk	post-storage	lp_sent	0
1781350544	snap	3800	sdk	post-storage	cp_dropped	0
1781350544	snap	3800	sdk	post-storage	lp_dropped	0
1781350544	snap	3800	sdk	socialgraph	spans_received	1843401
1781350544	snap	3800	sdk	socialgraph	spans_sent	1840579
1781350544	snap	3800	sdk	socialgraph	spans_dropped	2822
1781350544	snap	3800	sdk	socialgraph	spans_flushed	1843401
1781350544	snap	3800	sdk	socialgraph	batches_sent	7567
1781350544	snap	3800	sdk	socialgraph	batches_dropped	14
1781350544	snap	3800	sdk	socialgraph	send_unavailable	14
1781350544	snap	3800	sdk	socialgraph	send_deadline	0
1781350544	snap	3800	sdk	socialgraph	send_exhausted	0
1781350544	snap	3800	sdk	socialgraph	send_canceled	0
1781350544	snap	3800	sdk	socialgraph	send_other	0
1781350544	snap	3800	sdk	socialgraph	buffer_depth	0
0
1781350544	snap	3800	sdk	socialgraph	cp_received	1805777
1781350544	snap	3800	sdk	socialgraph	lp_received	37624
1781350544	snap	3800	sdk	socialgraph	cp_sent	1805777
1781350544	snap	3800	sdk	socialgraph	lp_sent	34802
1781350544	snap	3800	sdk	socialgraph	cp_dropped	0
1781350544	snap	3800	sdk	socialgraph	lp_dropped	2822
1781350544	snap	3800	sdk	text	spans_received	5188721
1781350544	snap	3800	sdk	text	spans_sent	4250762
1781350544	snap	3800	sdk	text	spans_dropped	937959
1781350544	snap	3800	sdk	text	spans_flushed	5188721
1781350544	snap	3800	sdk	text	batches_sent	18448
1781350544	snap	3800	sdk	text	batches_dropped	2847
1781350544	snap	3800	sdk	text	send_unavailable	2847
1781350544	snap	3800	sdk	text	send_deadline	0
1781350544	snap	3800	sdk	text	send_exhausted	0
1781350544	snap	3800	sdk	text	send_canceled	0
1781350544	snap	3800	sdk	text	send_other	0
1781350544	snap	3800	sdk	text	buffer_depth	0
0
1781350544	snap	3800	sdk	text	cp_received	0
1781350544	snap	3800	sdk	text	lp_received	5188721
1781350544	snap	3800	sdk	text	cp_sent	0
1781350544	snap	3800	sdk	text	lp_sent	4250762
1781350544	snap	3800	sdk	text	cp_dropped	0
1781350544	snap	3800	sdk	text	lp_dropped	937959
1781350544	snap	3800	sdk	uniqueid	spans_received	1729571
1781350544	snap	3800	sdk	uniqueid	spans_sent	1718717
1781350544	snap	3800	sdk	uniqueid	spans_dropped	10854
1781350544	snap	3800	sdk	uniqueid	spans_flushed	1729571
1781350544	snap	3800	sdk	uniqueid	batches_sent	7065
1781350544	snap	3800	sdk	uniqueid	batches_dropped	33
1781350544	snap	3800	sdk	uniqueid	send_unavailable	33
1781350544	snap	3800	sdk	uniqueid	send_deadline	0
1781350544	snap	3800	sdk	uniqueid	send_exhausted	0
1781350544	snap	3800	sdk	uniqueid	send_canceled	0
1781350544	snap	3800	sdk	uniqueid	send_other	0
1781350544	snap	3800	sdk	uniqueid	buffer_depth	0
0
1781350544	snap	3800	sdk	uniqueid	cp_received	1729571
1781350544	snap	3800	sdk	uniqueid	lp_received	0
1781350544	snap	3800	sdk	uniqueid	cp_sent	1718717
1781350544	snap	3800	sdk	uniqueid	lp_sent	0
1781350544	snap	3800	sdk	uniqueid	cp_dropped	10854
1781350544	snap	3800	sdk	uniqueid	lp_dropped	0
1781350544	snap	3800	sdk	urlshorten	spans_received	1729571
1781350544	snap	3800	sdk	urlshorten	spans_sent	1729571
1781350544	snap	3800	sdk	urlshorten	spans_dropped	0
1781350544	snap	3800	sdk	urlshorten	spans_flushed	1729571
1781350544	snap	3800	sdk	urlshorten	batches_sent	7097
1781350544	snap	3800	sdk	urlshorten	batches_dropped	0
1781350544	snap	3800	sdk	urlshorten	send_unavailable	0
1781350544	snap	3800	sdk	urlshorten	send_deadline	0
1781350544	snap	3800	sdk	urlshorten	send_exhausted	0
1781350544	snap	3800	sdk	urlshorten	send_canceled	0
1781350544	snap	3800	sdk	urlshorten	send_other	0
1781350544	snap	3800	sdk	urlshorten	buffer_depth	0
0
1781350544	snap	3800	sdk	urlshorten	cp_received	1729571
1781350544	snap	3800	sdk	urlshorten	lp_received	0
1781350544	snap	3800	sdk	urlshorten	cp_sent	1729571
1781350544	snap	3800	sdk	urlshorten	lp_sent	0
1781350544	snap	3800	sdk	urlshorten	cp_dropped	0
1781350544	snap	3800	sdk	urlshorten	lp_dropped	0
1781350544	snap	3800	sdk	user	spans_received	1731495
1781350544	snap	3800	sdk	user	spans_sent	1731495
1781350544	snap	3800	sdk	user	spans_dropped	0
1781350544	snap	3800	sdk	user	spans_flushed	1731495
1781350544	snap	3800	sdk	user	batches_sent	7108
1781350544	snap	3800	sdk	user	batches_dropped	0
1781350544	snap	3800	sdk	user	send_unavailable	0
1781350544	snap	3800	sdk	user	send_deadline	0
1781350544	snap	3800	sdk	user	send_exhausted	0
1781350544	snap	3800	sdk	user	send_canceled	0
1781350544	snap	3800	sdk	user	send_other	0
1781350544	snap	3800	sdk	user	buffer_depth	0
0
1781350544	snap	3800	sdk	user	cp_received	1730533
1781350544	snap	3800	sdk	user	lp_received	962
1781350544	snap	3800	sdk	user	cp_sent	1730533
1781350544	snap	3800	sdk	user	lp_sent	962
1781350544	snap	3800	sdk	user	cp_dropped	0
1781350544	snap	3800	sdk	user	lp_dropped	0
1781350544	snap	3800	sdk	userid	spans_received	75248
1781350544	snap	3800	sdk	userid	spans_sent	75248
1781350544	snap	3800	sdk	userid	spans_dropped	0
1781350544	snap	3800	sdk	userid	spans_flushed	75248
1781350544	snap	3800	sdk	userid	batches_sent	247
1781350544	snap	3800	sdk	userid	batches_dropped	0
1781350544	snap	3800	sdk	userid	send_unavailable	0
1781350544	snap	3800	sdk	userid	send_deadline	0
1781350544	snap	3800	sdk	userid	send_exhausted	0
1781350544	snap	3800	sdk	userid	send_canceled	0
1781350544	snap	3800	sdk	userid	send_other	0
1781350544	snap	3800	sdk	userid	buffer_depth	0
0
1781350544	snap	3800	sdk	userid	cp_received	75248
1781350544	snap	3800	sdk	userid	lp_received	0
1781350544	snap	3800	sdk	userid	cp_sent	75248
1781350544	snap	3800	sdk	userid	lp_sent	0
1781350544	snap	3800	sdk	userid	cp_dropped	0
1781350544	snap	3800	sdk	userid	lp_dropped	0
1781350544	snap	3800	sdk	usermention	spans_received	1729571
1781350544	snap	3800	sdk	usermention	spans_sent	1718717
1781350544	snap	3800	sdk	usermention	spans_dropped	10854
1781350544	snap	3800	sdk	usermention	spans_flushed	1729571
1781350544	snap	3800	sdk	usermention	batches_sent	7072
1781350544	snap	3800	sdk	usermention	batches_dropped	33
1781350544	snap	3800	sdk	usermention	send_unavailable	33
1781350544	snap	3800	sdk	usermention	send_deadline	0
1781350544	snap	3800	sdk	usermention	send_exhausted	0
1781350544	snap	3800	sdk	usermention	send_canceled	0
1781350544	snap	3800	sdk	usermention	send_other	0
1781350544	snap	3800	sdk	usermention	buffer_depth	0
0
1781350544	snap	3800	sdk	usermention	cp_received	1729571
1781350544	snap	3800	sdk	usermention	lp_received	0
1781350544	snap	3800	sdk	usermention	cp_sent	1718717
1781350544	snap	3800	sdk	usermention	lp_sent	0
1781350544	snap	3800	sdk	usermention	cp_dropped	10854
1781350544	snap	3800	sdk	usermention	lp_dropped	0
1781350544	snap	3800	sdk	usertimeline	spans_received	1729567
1781350544	snap	3800	sdk	usertimeline	spans_sent	1729567
1781350544	snap	3800	sdk	usertimeline	spans_dropped	0
1781350544	snap	3800	sdk	usertimeline	spans_flushed	1729567
1781350544	snap	3800	sdk	usertimeline	batches_sent	7035
1781350544	snap	3800	sdk	usertimeline	batches_dropped	0
1781350544	snap	3800	sdk	usertimeline	send_unavailable	0
1781350544	snap	3800	sdk	usertimeline	send_deadline	0
1781350544	snap	3800	sdk	usertimeline	send_exhausted	0
1781350544	snap	3800	sdk	usertimeline	send_canceled	0
1781350544	snap	3800	sdk	usertimeline	send_other	0
1781350544	snap	3800	sdk	usertimeline	buffer_depth	0
0
1781350544	snap	3800	sdk	usertimeline	cp_received	1729567
1781350544	snap	3800	sdk	usertimeline	lp_received	0
1781350544	snap	3800	sdk	usertimeline	cp_sent	1729567
1781350544	snap	3800	sdk	usertimeline	lp_sent	0
1781350544	snap	3800	sdk	usertimeline	cp_dropped	0
1781350544	snap	3800	sdk	usertimeline	lp_dropped	0
1781350551	snap	4000	otelcol	otelcol-sb-esrev0-ctr-hj4v4	otelcol_process_uptime	927
1781350551	snap	4000	otelcol	otelcol-sb-esrev0-ctr-hj4v4	otelcol_exporter_sent_spans	3532738
1781350551	snap	4000	otelcol	otelcol-sb-esrev0-ctr-hj4v4	otelcol_process_runtime_total_sys_memory_bytes	184441128
1781350551	snap	4000	otelcol	otelcol-sb-esrev0-ctr-hj4v4	otelcol_process_runtime_total_alloc_bytes	2561408328
1781350551	snap	4000	otelcol	otelcol-sb-esrev0-ctr-hj4v4	otelcol_exporter_queue_capacity	1001
1781350551	snap	4000	otelcol	otelcol-sb-esrev0-ctr-hj4v4	otelcol_receiver_failed_spans	0
1781350551	snap	4000	otelcol	otelcol-sb-esrev0-ctr-hj4v4	otelcol_processor_batch_metadata_cardinality	1
1781350551	snap	4000	otelcol	otelcol-sb-esrev0-ctr-hj4v4	otelcol_processor_batch_batch_send_size_sum	3640271
1781350551	snap	4000	otelcol	otelcol-sb-esrev0-ctr-hj4v4	otelcol_receiver_refused_spans	211477
1781350551	snap	4000	otelcol	otelcol-sb-esrev0-ctr-hj4v4	otelcol_processor_batch_timeout_trigger_send	3645
1781350551	snap	4000	otelcol	otelcol-sb-esrev0-ctr-hj4v4	otelcol_exporter_send_failed_spans	0
1781350551	snap	4000	otelcol	otelcol-sb-esrev0-ctr-hj4v4	otelcol_exporter_queue_size	69
1781350551	snap	4000	otelcol	otelcol-sb-esrev0-ctr-hj4v4	otelcol_exporter_queue_batch_send_size_sum	3640271
1781350551	snap	4000	otelcol	otelcol-sb-esrev0-ctr-hj4v4	otelcol_processor_incoming_items	3851748
1781350551	snap	4000	otelcol	otelcol-sb-esrev0-ctr-hj4v4	otelcol_process_runtime_heap_alloc_bytes	88991728
1781350551	snap	4000	otelcol	otelcol-sb-esrev0-ctr-hj4v4	otelcol_process_memory_rss	263159808
1781350551	snap	4000	otelcol	otelcol-sb-esrev0-ctr-hj4v4	otelcol_receiver_accepted_spans	3640271
1781350551	snap	4000	otelcol	otelcol-sb-esrev0-ctr-hj4v4	otelcol_processor_outgoing_items	3640271
1781350551	snap	4000	otelcol	otelcol-sb-esrev0-ctr-hj4v4	otelcol_process_cpu_seconds	74
1781350551	snap	4000	otelcol	otelcol-sb-esrev0-ctr-bgnq8	otelcol_processor_batch_batch_send_size_sum	2103312
1781350551	snap	4000	otelcol	otelcol-sb-esrev0-ctr-bgnq8	otelcol_exporter_sent_spans	2065420
1781350551	snap	4000	otelcol	otelcol-sb-esrev0-ctr-bgnq8	otelcol_processor_batch_metadata_cardinality	1
1781350551	snap	4000	otelcol	otelcol-sb-esrev0-ctr-bgnq8	otelcol_receiver_accepted_spans	2103312
1781350551	snap	4000	otelcol	otelcol-sb-esrev0-ctr-bgnq8	otelcol_process_uptime	930
1781350551	snap	4000	otelcol	otelcol-sb-esrev0-ctr-bgnq8	otelcol_process_memory_rss	250126336
1781350551	snap	4000	otelcol	otelcol-sb-esrev0-ctr-bgnq8	otelcol_exporter_queue_size	44
1781350551	snap	4000	otelcol	otelcol-sb-esrev0-ctr-bgnq8	otelcol_processor_incoming_items	2124482
1781350551	snap	4000	otelcol	otelcol-sb-esrev0-ctr-bgnq8	otelcol_exporter_queue_capacity	1001
1781350551	snap	4000	otelcol	otelcol-sb-esrev0-ctr-bgnq8	otelcol_processor_batch_timeout_trigger_send	3662
1781350551	snap	4000	otelcol	otelcol-sb-esrev0-ctr-bgnq8	otelcol_process_runtime_total_alloc_bytes	1545569112
1781350551	snap	4000	otelcol	otelcol-sb-esrev0-ctr-bgnq8	otelcol_receiver_refused_spans	21170
1781350551	snap	4000	otelcol	otelcol-sb-esrev0-ctr-bgnq8	otelcol_process_runtime_total_sys_memory_bytes	141359400
1781350551	snap	4000	otelcol	otelcol-sb-esrev0-ctr-bgnq8	otelcol_receiver_failed_spans	0
1781350551	snap	4000	otelcol	otelcol-sb-esrev0-ctr-bgnq8	otelcol_process_runtime_heap_alloc_bytes	82143152
1781350551	snap	4000	otelcol	otelcol-sb-esrev0-ctr-bgnq8	otelcol_exporter_send_failed_spans	0
1781350551	snap	4000	otelcol	otelcol-sb-esrev0-ctr-bgnq8	otelcol_processor_outgoing_items	2103312
1781350551	snap	4000	otelcol	otelcol-sb-esrev0-ctr-bgnq8	otelcol_process_cpu_seconds	49
1781350551	snap	4000	otelcol	otelcol-sb-esrev0-ctr-bgnq8	otelcol_exporter_queue_batch_send_size_sum	2103312
1781350551	snap	4000	otelcol	otelcol-sb-esrev0-ctr-vb2mk	otelcol_process_uptime	930
1781350551	snap	4000	otelcol	otelcol-sb-esrev0-ctr-vb2mk	otelcol_process_memory_rss	244047872
1781350551	snap	4000	otelcol	otelcol-sb-esrev0-ctr-vb2mk	otelcol_exporter_send_failed_spans	0
1781350551	snap	4000	otelcol	otelcol-sb-esrev0-ctr-vb2mk	otelcol_receiver_accepted_spans	2103010
1781350551	snap	4000	otelcol	otelcol-sb-esrev0-ctr-vb2mk	otelcol_process_runtime_total_sys_memory_bytes	140892456
1781350551	snap	4000	otelcol	otelcol-sb-esrev0-ctr-vb2mk	otelcol_exporter_queue_batch_send_size_sum	2103010
1781350551	snap	4000	otelcol	otelcol-sb-esrev0-ctr-vb2mk	otelcol_process_cpu_seconds	51
1781350551	snap	4000	otelcol	otelcol-sb-esrev0-ctr-vb2mk	otelcol_process_runtime_heap_alloc_bytes	37654456
1781350551	snap	4000	otelcol	otelcol-sb-esrev0-ctr-vb2mk	otelcol_exporter_sent_spans	2092445
1781350551	snap	4000	otelcol	otelcol-sb-esrev0-ctr-vb2mk	otelcol_exporter_queue_capacity	1001
1781350551	snap	4000	otelcol	otelcol-sb-esrev0-ctr-vb2mk	otelcol_receiver_refused_spans	19109
1781350551	snap	4000	otelcol	otelcol-sb-esrev0-ctr-vb2mk	otelcol_processor_incoming_items	2122119
1781350551	snap	4000	otelcol	otelcol-sb-esrev0-ctr-vb2mk	otelcol_processor_outgoing_items	2103010
1781350551	snap	4000	otelcol	otelcol-sb-esrev0-ctr-vb2mk	otelcol_exporter_queue_size	13
1781350551	snap	4000	otelcol	otelcol-sb-esrev0-ctr-vb2mk	otelcol_processor_batch_metadata_cardinality	1
1781350551	snap	4000	otelcol	otelcol-sb-esrev0-ctr-vb2mk	otelcol_receiver_failed_spans	0
1781350551	snap	4000	otelcol	otelcol-sb-esrev0-ctr-vb2mk	otelcol_processor_batch_timeout_trigger_send	3658
1781350551	snap	4000	otelcol	otelcol-sb-esrev0-ctr-vb2mk	otelcol_processor_batch_batch_send_size_sum	2103010
1781350551	snap	4000	otelcol	otelcol-sb-esrev0-ctr-vb2mk	otelcol_process_runtime_total_alloc_bytes	1518137384
1781350551	snap	4000	otelcol	otelcol-sb-esrev0-ctr-j6v9t	otelcol_processor_incoming_items	16614333
1781350551	snap	4000	otelcol	otelcol-sb-esrev0-ctr-j6v9t	otelcol_process_cpu_seconds	215
1781350551	snap	4000	otelcol	otelcol-sb-esrev0-ctr-j6v9t	otelcol_process_uptime	928
1781350551	snap	4000	otelcol	otelcol-sb-esrev0-ctr-j6v9t	otelcol_process_runtime_heap_alloc_bytes	114162328
1781350551	snap	4000	otelcol	otelcol-sb-esrev0-ctr-j6v9t	otelcol_exporter_sent_spans	9208827
1781350551	snap	4000	otelcol	otelcol-sb-esrev0-ctr-j6v9t	otelcol_exporter_send_failed_spans	0
1781350551	snap	4000	otelcol	otelcol-sb-esrev0-ctr-j6v9t	otelcol_receiver_failed_spans	0
1781350551	snap	4000	otelcol	otelcol-sb-esrev0-ctr-j6v9t	otelcol_processor_outgoing_items	9329678
1781350551	snap	4000	otelcol	otelcol-sb-esrev0-ctr-j6v9t	otelcol_processor_batch_batch_send_size_sum	9329678
1781350551	snap	4000	otelcol	otelcol-sb-esrev0-ctr-j6v9t	otelcol_process_runtime_total_sys_memory_bytes	232323400
1781350551	snap	4000	otelcol	otelcol-sb-esrev0-ctr-j6v9t	otelcol_process_runtime_total_alloc_bytes	11797887984
1781350551	snap	4000	otelcol	otelcol-sb-esrev0-ctr-j6v9t	otelcol_processor_batch_batch_size_trigger_send	7
1781350551	snap	4000	otelcol	otelcol-sb-esrev0-ctr-j6v9t	otelcol_processor_batch_metadata_cardinality	1
1781350551	snap	4000	otelcol	otelcol-sb-esrev0-ctr-j6v9t	otelcol_processor_batch_timeout_trigger_send	3029
1781350551	snap	4000	otelcol	otelcol-sb-esrev0-ctr-j6v9t	otelcol_exporter_queue_size	23
1781350551	snap	4000	otelcol	otelcol-sb-esrev0-ctr-j6v9t	otelcol_receiver_accepted_spans	9329678
1781350551	snap	4000	otelcol	otelcol-sb-esrev0-ctr-j6v9t	otelcol_process_memory_rss	322674688
1781350551	snap	4000	otelcol	otelcol-sb-esrev0-ctr-j6v9t	otelcol_receiver_refused_spans	7284655
1781350551	snap	4000	otelcol	otelcol-sb-esrev0-ctr-j6v9t	otelcol_exporter_queue_capacity	1001
1781350551	snap	4000	otelcol	otelcol-sb-esrev0-ctr-j6v9t	otelcol_exporter_queue_batch_send_size_sum	9329678
1781350551	snap	4000	otelcol	otelcol-sb-esrev0-ctr-5tpmc	otelcol_processor_batch_timeout_trigger_send	3530
1781350551	snap	4000	otelcol	otelcol-sb-esrev0-ctr-5tpmc	otelcol_process_runtime_heap_alloc_bytes	136045048
1781350551	snap	4000	otelcol	otelcol-sb-esrev0-ctr-5tpmc	otelcol_processor_outgoing_items	6306320
1781350551	snap	4000	otelcol	otelcol-sb-esrev0-ctr-5tpmc	otelcol_receiver_accepted_spans	6306320
1781350551	snap	4000	otelcol	otelcol-sb-esrev0-ctr-5tpmc	otelcol_process_uptime	928
1781350551	snap	4000	otelcol	otelcol-sb-esrev0-ctr-5tpmc	otelcol_process_runtime_total_alloc_bytes	3790132248
1781350551	snap	4000	otelcol	otelcol-sb-esrev0-ctr-5tpmc	otelcol_exporter_queue_capacity	1001
1781350551	snap	4000	otelcol	otelcol-sb-esrev0-ctr-5tpmc	otelcol_receiver_refused_spans	1081851
1781350551	snap	4000	otelcol	otelcol-sb-esrev0-ctr-5tpmc	otelcol_exporter_queue_batch_send_size_sum	6306320
1781350551	snap	4000	otelcol	otelcol-sb-esrev0-ctr-5tpmc	otelcol_receiver_failed_spans	0
1781350551	snap	4000	otelcol	otelcol-sb-esrev0-ctr-5tpmc	otelcol_process_cpu_seconds	93
1781350551	snap	4000	otelcol	otelcol-sb-esrev0-ctr-5tpmc	otelcol_processor_batch_batch_send_size_sum	6306320
1781350551	snap	4000	otelcol	otelcol-sb-esrev0-ctr-5tpmc	otelcol_exporter_send_failed_spans	0
1781350551	snap	4000	otelcol	otelcol-sb-esrev0-ctr-5tpmc	otelcol_processor_batch_metadata_cardinality	1
1781350551	snap	4000	otelcol	otelcol-sb-esrev0-ctr-5tpmc	otelcol_process_runtime_total_sys_memory_bytes	192915768
1781350551	snap	4000	otelcol	otelcol-sb-esrev0-ctr-5tpmc	otelcol_process_memory_rss	322555904
1781350551	snap	4000	otelcol	otelcol-sb-esrev0-ctr-5tpmc	otelcol_exporter_sent_spans	6205875
1781350551	snap	4000	otelcol	otelcol-sb-esrev0-ctr-5tpmc	otelcol_processor_incoming_items	7388171
1781350551	snap	4000	otelcol	otelcol-sb-esrev0-ctr-5tpmc	otelcol_exporter_queue_size	73
1781350551	snap	4000	otelcol	otelcol-sb-esrev0-ctr-mg8jm	otelcol_processor_outgoing_items	392137
1781350551	snap	4000	otelcol	otelcol-sb-esrev0-ctr-mg8jm	otelcol_process_memory_rss	217624576
1781350551	snap	4000	otelcol	otelcol-sb-esrev0-ctr-mg8jm	otelcol_exporter_queue_batch_send_size_sum	392137
1781350551	snap	4000	otelcol	otelcol-sb-esrev0-ctr-mg8jm	otelcol_process_runtime_heap_alloc_bytes	30391816
1781350551	snap	4000	otelcol	otelcol-sb-esrev0-ctr-mg8jm	otelcol_receiver_failed_spans	0
1781350551	snap	4000	otelcol	otelcol-sb-esrev0-ctr-mg8jm	otelcol_process_runtime_total_sys_memory_bytes	76106008
1781350551	snap	4000	otelcol	otelcol-sb-esrev0-ctr-mg8jm	otelcol_process_cpu_seconds	35
1781350551	snap	4000	otelcol	otelcol-sb-esrev0-ctr-mg8jm	otelcol_receiver_refused_spans	0
1781350551	snap	4000	otelcol	otelcol-sb-esrev0-ctr-mg8jm	otelcol_processor_batch_batch_send_size_sum	392137
1781350551	snap	4000	otelcol	otelcol-sb-esrev0-ctr-mg8jm	otelcol_process_runtime_total_alloc_bytes	514469976
1781350551	snap	4000	otelcol	otelcol-sb-esrev0-ctr-mg8jm	otelcol_receiver_accepted_spans	392137
1781350551	snap	4000	otelcol	otelcol-sb-esrev0-ctr-mg8jm	otelcol_exporter_send_failed_spans	0
1781350551	snap	4000	otelcol	otelcol-sb-esrev0-ctr-mg8jm	otelcol_processor_batch_metadata_cardinality	1
1781350551	snap	4000	otelcol	otelcol-sb-esrev0-ctr-mg8jm	otelcol_exporter_sent_spans	381886
1781350551	snap	4000	otelcol	otelcol-sb-esrev0-ctr-mg8jm	otelcol_exporter_queue_capacity	1001
1781350551	snap	4000	otelcol	otelcol-sb-esrev0-ctr-mg8jm	otelcol_processor_incoming_items	392137
1781350551	snap	4000	otelcol	otelcol-sb-esrev0-ctr-mg8jm	otelcol_processor_batch_timeout_trigger_send	3647
1781350551	snap	4000	otelcol	otelcol-sb-esrev0-ctr-mg8jm	otelcol_process_uptime	922
1781350551	snap	4000	otelcol	otelcol-sb-esrev0-ctr-mg8jm	otelcol_exporter_queue_size	62
1781350551	snap	4000	otelcol	otelcol-sb-esrev0-ctr-bxzgg	otelcol_exporter_queue_capacity	1001
1781350551	snap	4000	otelcol	otelcol-sb-esrev0-ctr-bxzgg	otelcol_processor_batch_metadata_cardinality	1
1781350551	snap	4000	otelcol	otelcol-sb-esrev0-ctr-bxzgg	otelcol_processor_batch_timeout_trigger_send	3656
1781350551	snap	4000	otelcol	otelcol-sb-esrev0-ctr-bxzgg	otelcol_processor_incoming_items	2122442
1781350551	snap	4000	otelcol	otelcol-sb-esrev0-ctr-bxzgg	otelcol_exporter_queue_batch_send_size_sum	2107963
1781350551	snap	4000	otelcol	otelcol-sb-esrev0-ctr-bxzgg	otelcol_process_memory_rss	262905856
1781350551	snap	4000	otelcol	otelcol-sb-esrev0-ctr-bxzgg	otelcol_exporter_send_failed_spans	0
1781350551	snap	4000	otelcol	otelcol-sb-esrev0-ctr-bxzgg	otelcol_processor_outgoing_items	2107963
1781350551	snap	4000	otelcol	otelcol-sb-esrev0-ctr-bxzgg	otelcol_process_cpu_seconds	52
1781350551	snap	4000	otelcol	otelcol-sb-esrev0-ctr-bxzgg	otelcol_process_uptime	928
1781350551	snap	4000	otelcol	otelcol-sb-esrev0-ctr-bxzgg	otelcol_process_runtime_total_alloc_bytes	1501807688
1781350551	snap	4000	otelcol	otelcol-sb-esrev0-ctr-bxzgg	otelcol_processor_batch_batch_send_size_sum	2107963
1781350551	snap	4000	otelcol	otelcol-sb-esrev0-ctr-bxzgg	otelcol_process_runtime_total_sys_memory_bytes	132122904
1781350551	snap	4000	otelcol	otelcol-sb-esrev0-ctr-bxzgg	otelcol_process_runtime_heap_alloc_bytes	83346064
1781350551	snap	4000	otelcol	otelcol-sb-esrev0-ctr-bxzgg	otelcol_receiver_refused_spans	14479
1781350551	snap	4000	otelcol	otelcol-sb-esrev0-ctr-bxzgg	otelcol_receiver_failed_spans	0
1781350551	snap	4000	otelcol	otelcol-sb-esrev0-ctr-bxzgg	otelcol_exporter_sent_spans	2102176
1781350551	snap	4000	otelcol	otelcol-sb-esrev0-ctr-bxzgg	otelcol_receiver_accepted_spans	2107963
1781350551	snap	4000	otelcol	otelcol-sb-esrev0-ctr-bxzgg	otelcol_exporter_queue_size	7
1781350551	snap	4000	otelcol	otelcol-sb-esrev0-ctr-8ncml	otelcol_processor_outgoing_items	2088576
1781350551	snap	4000	otelcol	otelcol-sb-esrev0-ctr-8ncml	otelcol_process_cpu_seconds	54
1781350551	snap	4000	otelcol	otelcol-sb-esrev0-ctr-8ncml	otelcol_process_uptime	929
1781350551	snap	4000	otelcol	otelcol-sb-esrev0-ctr-8ncml	otelcol_exporter_queue_batch_send_size_sum	2088576
1781350551	snap	4000	otelcol	otelcol-sb-esrev0-ctr-8ncml	otelcol_receiver_failed_spans	0
1781350551	snap	4000	otelcol	otelcol-sb-esrev0-ctr-8ncml	otelcol_receiver_refused_spans	33781
1781350551	snap	4000	otelcol	otelcol-sb-esrev0-ctr-8ncml	otelcol_process_runtime_heap_alloc_bytes	80338456
1781350551	snap	4000	otelcol	otelcol-sb-esrev0-ctr-8ncml	otelcol_processor_batch_batch_send_size_sum	2088576
1781350551	snap	4000	otelcol	otelcol-sb-esrev0-ctr-8ncml	otelcol_process_runtime_total_sys_memory_bytes	136165672
1781350551	snap	4000	otelcol	otelcol-sb-esrev0-ctr-8ncml	otelcol_exporter_sent_spans	2016147
1781350551	snap	4000	otelcol	otelcol-sb-esrev0-ctr-8ncml	otelcol_exporter_queue_size	87
1781350551	snap	4000	otelcol	otelcol-sb-esrev0-ctr-8ncml	otelcol_exporter_send_failed_spans	0
1781350551	snap	4000	otelcol	otelcol-sb-esrev0-ctr-8ncml	otelcol_receiver_accepted_spans	2088576
1781350551	snap	4000	otelcol	otelcol-sb-esrev0-ctr-8ncml	otelcol_processor_batch_metadata_cardinality	1
1781350551	snap	4000	otelcol	otelcol-sb-esrev0-ctr-8ncml	otelcol_processor_incoming_items	2122357
1781350551	snap	4000	otelcol	otelcol-sb-esrev0-ctr-8ncml	otelcol_processor_batch_timeout_trigger_send	3654
1781350551	snap	4000	otelcol	otelcol-sb-esrev0-ctr-8ncml	otelcol_exporter_queue_capacity	1001
1781350551	snap	4000	otelcol	otelcol-sb-esrev0-ctr-8ncml	otelcol_process_runtime_total_alloc_bytes	1534487216
1781350551	snap	4000	otelcol	otelcol-sb-esrev0-ctr-8ncml	otelcol_process_memory_rss	265744384
1781350551	snap	4000	otelcol	otelcol-sb-esrev0-ctr-t4pj5	otelcol_exporter_send_failed_spans	0
1781350551	snap	4000	otelcol	otelcol-sb-esrev0-ctr-t4pj5	otelcol_exporter_queue_size	121
1781350551	snap	4000	otelcol	otelcol-sb-esrev0-ctr-t4pj5	otelcol_processor_incoming_items	2237163
1781350551	snap	4000	otelcol	otelcol-sb-esrev0-ctr-t4pj5	otelcol_processor_outgoing_items	2214530
1781350551	snap	4000	otelcol	otelcol-sb-esrev0-ctr-t4pj5	otelcol_process_runtime_total_sys_memory_bytes	132372776
1781350551	snap	4000	otelcol	otelcol-sb-esrev0-ctr-t4pj5	otelcol_processor_batch_metadata_cardinality	1
1781350551	snap	4000	otelcol	otelcol-sb-esrev0-ctr-t4pj5	otelcol_processor_batch_timeout_trigger_send	3657
1781350551	snap	4000	otelcol	otelcol-sb-esrev0-ctr-t4pj5	otelcol_process_memory_rss	264282112
1781350551	snap	4000	otelcol	otelcol-sb-esrev0-ctr-t4pj5	otelcol_exporter_queue_batch_send_size_sum	2214530
1781350551	snap	4000	otelcol	otelcol-sb-esrev0-ctr-t4pj5	otelcol_receiver_failed_spans	0
1781350551	snap	4000	otelcol	otelcol-sb-esrev0-ctr-t4pj5	otelcol_process_cpu_seconds	49
1781350551	snap	4000	otelcol	otelcol-sb-esrev0-ctr-t4pj5	otelcol_receiver_accepted_spans	2214530
1781350551	snap	4000	otelcol	otelcol-sb-esrev0-ctr-t4pj5	otelcol_process_runtime_heap_alloc_bytes	74430336
1781350551	snap	4000	otelcol	otelcol-sb-esrev0-ctr-t4pj5	otelcol_exporter_sent_spans	2109847
1781350551	snap	4000	otelcol	otelcol-sb-esrev0-ctr-t4pj5	otelcol_processor_batch_batch_send_size_sum	2214530
1781350551	snap	4000	otelcol	otelcol-sb-esrev0-ctr-t4pj5	otelcol_process_uptime	933
1781350551	snap	4000	otelcol	otelcol-sb-esrev0-ctr-t4pj5	otelcol_process_runtime_total_alloc_bytes	1560863352
1781350551	snap	4000	otelcol	otelcol-sb-esrev0-ctr-t4pj5	otelcol_exporter_queue_capacity	1001
1781350551	snap	4000	otelcol	otelcol-sb-esrev0-ctr-t4pj5	otelcol_receiver_refused_spans	22633
1781350551	snap	4000	k8s	otelcol-sb-esrev0-ctr-5tpmc	restart_count	0
1781350551	snap	4000	k8s	otelcol-sb-esrev0-ctr-8ncml	restart_count	0
1781350551	snap	4000	k8s	otelcol-sb-esrev0-ctr-bgnq8	restart_count	0
1781350551	snap	4000	k8s	otelcol-sb-esrev0-ctr-bxzgg	restart_count	0
1781350551	snap	4000	k8s	otelcol-sb-esrev0-ctr-hj4v4	restart_count	0
1781350551	snap	4000	k8s	otelcol-sb-esrev0-ctr-j6v9t	restart_count	0
1781350551	snap	4000	k8s	otelcol-sb-esrev0-ctr-mg8jm	restart_count	0
1781350551	snap	4000	k8s	otelcol-sb-esrev0-ctr-t4pj5	restart_count	0
1781350551	snap	4000	k8s	otelcol-sb-esrev0-ctr-vb2mk	restart_count	0
1781350551	snap	4000	sdk	wrk2api	spans_received	392548
1781350551	snap	4000	sdk	wrk2api	spans_sent	373439
1781350551	snap	4000	sdk	wrk2api	spans_dropped	19109
1781350551	snap	4000	sdk	wrk2api	spans_flushed	392548
1781350551	snap	4000	sdk	wrk2api	batches_sent	13980
1781350551	snap	4000	sdk	wrk2api	batches_dropped	494
1781350551	snap	4000	sdk	wrk2api	send_unavailable	494
1781350551	snap	4000	sdk	wrk2api	send_deadline	0
1781350551	snap	4000	sdk	wrk2api	send_exhausted	0
1781350551	snap	4000	sdk	wrk2api	send_canceled	0
1781350551	snap	4000	sdk	wrk2api	send_other	0
1781350551	snap	4000	sdk	wrk2api	buffer_depth	0
0
1781350551	snap	4000	sdk	wrk2api	cp_received	196274
1781350551	snap	4000	sdk	wrk2api	lp_received	196274
1781350551	snap	4000	sdk	wrk2api	cp_sent	196274
1781350551	snap	4000	sdk	wrk2api	lp_sent	177165
1781350551	snap	4000	sdk	wrk2api	cp_dropped	0
1781350551	snap	4000	sdk	wrk2api	lp_dropped	19109
1781350551	snap	4000	sdk	composepost	spans_received	13836564
1781350551	snap	4000	sdk	composepost	spans_sent	9050649
1781350551	snap	4000	sdk	composepost	spans_dropped	4785915
1781350551	snap	4000	sdk	composepost	spans_flushed	13836564
1781350551	snap	4000	sdk	composepost	batches_sent	41598
1781350551	snap	4000	sdk	composepost	batches_dropped	15283
1781350551	snap	4000	sdk	composepost	send_unavailable	9957
1781350551	snap	4000	sdk	composepost	send_deadline	5326
1781350551	snap	4000	sdk	composepost	send_exhausted	0
1781350551	snap	4000	sdk	composepost	send_canceled	0
1781350551	snap	4000	sdk	composepost	send_other	0
1781350551	snap	4000	sdk	composepost	buffer_depth	0
0
1781350551	snap	4000	sdk	composepost	cp_received	12106993
1781350551	snap	4000	sdk	composepost	lp_received	1729571
1781350551	snap	4000	sdk	composepost	cp_sent	8990752
1781350551	snap	4000	sdk	composepost	lp_sent	59897
1781350551	snap	4000	sdk	composepost	cp_dropped	3116241
1781350551	snap	4000	sdk	composepost	lp_dropped	1669674
1781350551	snap	4000	sdk	hometimeline	spans_received	3459134
1781350551	snap	4000	sdk	hometimeline	spans_sent	116100
1781350551	snap	4000	sdk	hometimeline	spans_dropped	3343034
1781350551	snap	4000	sdk	hometimeline	spans_flushed	3459134
1781350551	snap	4000	sdk	hometimeline	batches_sent	2462
1781350551	snap	4000	sdk	hometimeline	batches_dropped	11814
1781350551	snap	4000	sdk	hometimeline	send_unavailable	11674
1781350551	snap	4000	sdk	hometimeline	send_deadline	140
1781350551	snap	4000	sdk	hometimeline	send_exhausted	0
1781350551	snap	4000	sdk	hometimeline	send_canceled	0
1781350551	snap	4000	sdk	hometimeline	send_other	0
1781350551	snap	4000	sdk	hometimeline	buffer_depth	0
0
1781350551	snap	4000	sdk	hometimeline	cp_received	0
1781350551	snap	4000	sdk	hometimeline	lp_received	3459134
1781350551	snap	4000	sdk	hometimeline	cp_sent	0
1781350551	snap	4000	sdk	hometimeline	lp_sent	116100
1781350551	snap	4000	sdk	hometimeline	cp_dropped	0
1781350551	snap	4000	sdk	hometimeline	lp_dropped	3343034
1781350551	snap	4000	sdk	media	spans_received	1729571
1781350551	snap	4000	sdk	media	spans_sent	1631088
1781350551	snap	4000	sdk	media	spans_dropped	98483
1781350551	snap	4000	sdk	media	spans_flushed	1729571
1781350551	snap	4000	sdk	media	batches_sent	6806
1781350551	snap	4000	sdk	media	batches_dropped	299
1781350551	snap	4000	sdk	media	send_unavailable	299
1781350551	snap	4000	sdk	media	send_deadline	0
1781350551	snap	4000	sdk	media	send_exhausted	0
1781350551	snap	4000	sdk	media	send_canceled	0
1781350551	snap	4000	sdk	media	send_other	0
1781350551	snap	4000	sdk	media	buffer_depth	0
0
1781350551	snap	4000	sdk	media	cp_received	1729571
1781350551	snap	4000	sdk	media	lp_received	0
1781350551	snap	4000	sdk	media	cp_sent	1631088
1781350551	snap	4000	sdk	media	lp_sent	0
1781350551	snap	4000	sdk	media	cp_dropped	98483
1781350551	snap	4000	sdk	media	lp_dropped	0
1781350551	snap	4000	sdk	post-storage	spans_received	1729567
1781350551	snap	4000	sdk	post-storage	spans_sent	1729567
1781350551	snap	4000	sdk	post-storage	spans_dropped	0
1781350551	snap	4000	sdk	post-storage	spans_flushed	1729567
1781350551	snap	4000	sdk	post-storage	batches_sent	7092
1781350551	snap	4000	sdk	post-storage	batches_dropped	0
1781350551	snap	4000	sdk	post-storage	send_unavailable	0
1781350551	snap	4000	sdk	post-storage	send_deadline	0
1781350551	snap	4000	sdk	post-storage	send_exhausted	0
1781350551	snap	4000	sdk	post-storage	send_canceled	0
1781350551	snap	4000	sdk	post-storage	send_other	0
1781350551	snap	4000	sdk	post-storage	buffer_depth	0
0
1781350551	snap	4000	sdk	post-storage	cp_received	1729567
1781350551	snap	4000	sdk	post-storage	lp_received	0
1781350551	snap	4000	sdk	post-storage	cp_sent	1729567
1781350551	snap	4000	sdk	post-storage	lp_sent	0
1781350551	snap	4000	sdk	post-storage	cp_dropped	0
1781350551	snap	4000	sdk	post-storage	lp_dropped	0
1781350551	snap	4000	sdk	socialgraph	spans_received	1843401
1781350551	snap	4000	sdk	socialgraph	spans_sent	1840579
1781350551	snap	4000	sdk	socialgraph	spans_dropped	2822
1781350551	snap	4000	sdk	socialgraph	spans_flushed	1843401
1781350551	snap	4000	sdk	socialgraph	batches_sent	7567
1781350551	snap	4000	sdk	socialgraph	batches_dropped	14
1781350551	snap	4000	sdk	socialgraph	send_unavailable	14
1781350551	snap	4000	sdk	socialgraph	send_deadline	0
1781350551	snap	4000	sdk	socialgraph	send_exhausted	0
1781350551	snap	4000	sdk	socialgraph	send_canceled	0
1781350551	snap	4000	sdk	socialgraph	send_other	0
1781350551	snap	4000	sdk	socialgraph	buffer_depth	0
0
1781350551	snap	4000	sdk	socialgraph	cp_received	1805777
1781350551	snap	4000	sdk	socialgraph	lp_received	37624
1781350551	snap	4000	sdk	socialgraph	cp_sent	1805777
1781350551	snap	4000	sdk	socialgraph	lp_sent	34802
1781350551	snap	4000	sdk	socialgraph	cp_dropped	0
1781350551	snap	4000	sdk	socialgraph	lp_dropped	2822
1781350551	snap	4000	sdk	text	spans_received	5188721
1781350551	snap	4000	sdk	text	spans_sent	4250762
1781350551	snap	4000	sdk	text	spans_dropped	937959
1781350551	snap	4000	sdk	text	spans_flushed	5188721
1781350551	snap	4000	sdk	text	batches_sent	18448
1781350551	snap	4000	sdk	text	batches_dropped	2847
1781350551	snap	4000	sdk	text	send_unavailable	2847
1781350551	snap	4000	sdk	text	send_deadline	0
1781350551	snap	4000	sdk	text	send_exhausted	0
1781350551	snap	4000	sdk	text	send_canceled	0
1781350551	snap	4000	sdk	text	send_other	0
1781350551	snap	4000	sdk	text	buffer_depth	0
0
1781350551	snap	4000	sdk	text	cp_received	0
1781350551	snap	4000	sdk	text	lp_received	5188721
1781350551	snap	4000	sdk	text	cp_sent	0
1781350551	snap	4000	sdk	text	lp_sent	4250762
1781350551	snap	4000	sdk	text	cp_dropped	0
1781350551	snap	4000	sdk	text	lp_dropped	937959
1781350551	snap	4000	sdk	uniqueid	spans_received	1729571
1781350551	snap	4000	sdk	uniqueid	spans_sent	1718717
1781350551	snap	4000	sdk	uniqueid	spans_dropped	10854
1781350551	snap	4000	sdk	uniqueid	spans_flushed	1729571
1781350551	snap	4000	sdk	uniqueid	batches_sent	7065
1781350551	snap	4000	sdk	uniqueid	batches_dropped	33
1781350551	snap	4000	sdk	uniqueid	send_unavailable	33
1781350551	snap	4000	sdk	uniqueid	send_deadline	0
1781350551	snap	4000	sdk	uniqueid	send_exhausted	0
1781350551	snap	4000	sdk	uniqueid	send_canceled	0
1781350551	snap	4000	sdk	uniqueid	send_other	0
1781350551	snap	4000	sdk	uniqueid	buffer_depth	0
0
1781350551	snap	4000	sdk	uniqueid	cp_received	1729571
1781350551	snap	4000	sdk	uniqueid	lp_received	0
1781350551	snap	4000	sdk	uniqueid	cp_sent	1718717
1781350551	snap	4000	sdk	uniqueid	lp_sent	0
1781350551	snap	4000	sdk	uniqueid	cp_dropped	10854
1781350551	snap	4000	sdk	uniqueid	lp_dropped	0
1781350551	snap	4000	sdk	urlshorten	spans_received	1729571
1781350551	snap	4000	sdk	urlshorten	spans_sent	1729571
1781350551	snap	4000	sdk	urlshorten	spans_dropped	0
1781350551	snap	4000	sdk	urlshorten	spans_flushed	1729571
1781350551	snap	4000	sdk	urlshorten	batches_sent	7097
1781350551	snap	4000	sdk	urlshorten	batches_dropped	0
1781350551	snap	4000	sdk	urlshorten	send_unavailable	0
1781350551	snap	4000	sdk	urlshorten	send_deadline	0
1781350551	snap	4000	sdk	urlshorten	send_exhausted	0
1781350551	snap	4000	sdk	urlshorten	send_canceled	0
1781350551	snap	4000	sdk	urlshorten	send_other	0
1781350551	snap	4000	sdk	urlshorten	buffer_depth	0
0
1781350551	snap	4000	sdk	urlshorten	cp_received	1729571
1781350551	snap	4000	sdk	urlshorten	lp_received	0
1781350551	snap	4000	sdk	urlshorten	cp_sent	1729571
1781350551	snap	4000	sdk	urlshorten	lp_sent	0
1781350551	snap	4000	sdk	urlshorten	cp_dropped	0
1781350551	snap	4000	sdk	urlshorten	lp_dropped	0
1781350551	snap	4000	sdk	user	spans_received	1731495
1781350551	snap	4000	sdk	user	spans_sent	1731495
1781350551	snap	4000	sdk	user	spans_dropped	0
1781350551	snap	4000	sdk	user	spans_flushed	1731495
1781350551	snap	4000	sdk	user	batches_sent	7108
1781350551	snap	4000	sdk	user	batches_dropped	0
1781350551	snap	4000	sdk	user	send_unavailable	0
1781350551	snap	4000	sdk	user	send_deadline	0
1781350551	snap	4000	sdk	user	send_exhausted	0
1781350551	snap	4000	sdk	user	send_canceled	0
1781350551	snap	4000	sdk	user	send_other	0
1781350551	snap	4000	sdk	user	buffer_depth	0
0
1781350551	snap	4000	sdk	user	cp_received	1730533
1781350551	snap	4000	sdk	user	lp_received	962
1781350551	snap	4000	sdk	user	cp_sent	1730533
1781350551	snap	4000	sdk	user	lp_sent	962
1781350551	snap	4000	sdk	user	cp_dropped	0
1781350551	snap	4000	sdk	user	lp_dropped	0
1781350551	snap	4000	sdk	userid	spans_received	75248
1781350551	snap	4000	sdk	userid	spans_sent	75248
1781350551	snap	4000	sdk	userid	spans_dropped	0
1781350551	snap	4000	sdk	userid	spans_flushed	75248
1781350551	snap	4000	sdk	userid	batches_sent	247
1781350551	snap	4000	sdk	userid	batches_dropped	0
1781350551	snap	4000	sdk	userid	send_unavailable	0
1781350551	snap	4000	sdk	userid	send_deadline	0
1781350551	snap	4000	sdk	userid	send_exhausted	0
1781350551	snap	4000	sdk	userid	send_canceled	0
1781350551	snap	4000	sdk	userid	send_other	0
1781350551	snap	4000	sdk	userid	buffer_depth	0
0
1781350551	snap	4000	sdk	userid	cp_received	75248
1781350551	snap	4000	sdk	userid	lp_received	0
1781350551	snap	4000	sdk	userid	cp_sent	75248
1781350551	snap	4000	sdk	userid	lp_sent	0
1781350551	snap	4000	sdk	userid	cp_dropped	0
1781350551	snap	4000	sdk	userid	lp_dropped	0
1781350551	snap	4000	sdk	usermention	spans_received	1729571
1781350551	snap	4000	sdk	usermention	spans_sent	1718717
1781350551	snap	4000	sdk	usermention	spans_dropped	10854
1781350551	snap	4000	sdk	usermention	spans_flushed	1729571
1781350551	snap	4000	sdk	usermention	batches_sent	7072
1781350551	snap	4000	sdk	usermention	batches_dropped	33
1781350551	snap	4000	sdk	usermention	send_unavailable	33
1781350551	snap	4000	sdk	usermention	send_deadline	0
1781350551	snap	4000	sdk	usermention	send_exhausted	0
1781350551	snap	4000	sdk	usermention	send_canceled	0
1781350551	snap	4000	sdk	usermention	send_other	0
1781350551	snap	4000	sdk	usermention	buffer_depth	0
0
1781350551	snap	4000	sdk	usermention	cp_received	1729571
1781350551	snap	4000	sdk	usermention	lp_received	0
1781350551	snap	4000	sdk	usermention	cp_sent	1718717
1781350551	snap	4000	sdk	usermention	lp_sent	0
1781350551	snap	4000	sdk	usermention	cp_dropped	10854
1781350551	snap	4000	sdk	usermention	lp_dropped	0
1781350551	snap	4000	sdk	usertimeline	spans_received	1729567
1781350551	snap	4000	sdk	usertimeline	spans_sent	1729567
1781350551	snap	4000	sdk	usertimeline	spans_dropped	0
1781350551	snap	4000	sdk	usertimeline	spans_flushed	1729567
1781350551	snap	4000	sdk	usertimeline	batches_sent	7035
1781350551	snap	4000	sdk	usertimeline	batches_dropped	0
1781350551	snap	4000	sdk	usertimeline	send_unavailable	0
1781350551	snap	4000	sdk	usertimeline	send_deadline	0
1781350551	snap	4000	sdk	usertimeline	send_exhausted	0
1781350551	snap	4000	sdk	usertimeline	send_canceled	0
1781350551	snap	4000	sdk	usertimeline	send_other	0
1781350551	snap	4000	sdk	usertimeline	buffer_depth	0
0
1781350551	snap	4000	sdk	usertimeline	cp_received	1729567
1781350551	snap	4000	sdk	usertimeline	lp_received	0
1781350551	snap	4000	sdk	usertimeline	cp_sent	1729567
1781350551	snap	4000	sdk	usertimeline	lp_sent	0
1781350551	snap	4000	sdk	usertimeline	cp_dropped	0
1781350551	snap	4000	sdk	usertimeline	lp_dropped	0
1781350618	snap	4000	otelcol	otelcol-sb-esrev0-ctr-hj4v4	otelcol_process_uptime	995
1781350618	snap	4000	otelcol	otelcol-sb-esrev0-ctr-hj4v4	otelcol_exporter_sent_spans	3925016
1781350618	snap	4000	otelcol	otelcol-sb-esrev0-ctr-hj4v4	otelcol_process_runtime_total_sys_memory_bytes	193026344
1781350618	snap	4000	otelcol	otelcol-sb-esrev0-ctr-hj4v4	otelcol_process_runtime_total_alloc_bytes	2827739072
1781350618	snap	4000	otelcol	otelcol-sb-esrev0-ctr-hj4v4	otelcol_exporter_queue_capacity	1001
1781350618	snap	4000	otelcol	otelcol-sb-esrev0-ctr-hj4v4	otelcol_receiver_failed_spans	0
1781350618	snap	4000	otelcol	otelcol-sb-esrev0-ctr-hj4v4	otelcol_processor_batch_metadata_cardinality	1
1781350618	snap	4000	otelcol	otelcol-sb-esrev0-ctr-hj4v4	otelcol_processor_batch_batch_send_size_sum	3995025
1781350618	snap	4000	otelcol	otelcol-sb-esrev0-ctr-hj4v4	otelcol_receiver_refused_spans	301315
1781350618	snap	4000	otelcol	otelcol-sb-esrev0-ctr-hj4v4	otelcol_processor_batch_timeout_trigger_send	3898
1781350618	snap	4000	otelcol	otelcol-sb-esrev0-ctr-hj4v4	otelcol_exporter_send_failed_spans	0
1781350618	snap	4000	otelcol	otelcol-sb-esrev0-ctr-hj4v4	otelcol_exporter_queue_size	49
1781350618	snap	4000	otelcol	otelcol-sb-esrev0-ctr-hj4v4	otelcol_exporter_queue_batch_send_size_sum	3995025
1781350618	snap	4000	otelcol	otelcol-sb-esrev0-ctr-hj4v4	otelcol_processor_incoming_items	4296340
1781350618	snap	4000	otelcol	otelcol-sb-esrev0-ctr-hj4v4	otelcol_process_runtime_heap_alloc_bytes	139370992
1781350618	snap	4000	otelcol	otelcol-sb-esrev0-ctr-hj4v4	otelcol_process_memory_rss	328171520
1781350618	snap	4000	otelcol	otelcol-sb-esrev0-ctr-hj4v4	otelcol_receiver_accepted_spans	3995025
1781350618	snap	4000	otelcol	otelcol-sb-esrev0-ctr-hj4v4	otelcol_processor_outgoing_items	3995025
1781350618	snap	4000	otelcol	otelcol-sb-esrev0-ctr-hj4v4	otelcol_process_cpu_seconds	81
1781350618	snap	4000	otelcol	otelcol-sb-esrev0-ctr-bgnq8	otelcol_processor_batch_batch_send_size_sum	2344953
1781350618	snap	4000	otelcol	otelcol-sb-esrev0-ctr-bgnq8	otelcol_exporter_sent_spans	2332903
1781350618	snap	4000	otelcol	otelcol-sb-esrev0-ctr-bgnq8	otelcol_processor_batch_metadata_cardinality	1
1781350618	snap	4000	otelcol	otelcol-sb-esrev0-ctr-bgnq8	otelcol_receiver_accepted_spans	2344953
1781350618	snap	4000	otelcol	otelcol-sb-esrev0-ctr-bgnq8	otelcol_process_uptime	997
1781350618	snap	4000	otelcol	otelcol-sb-esrev0-ctr-bgnq8	otelcol_process_memory_rss	243367936
1781350618	snap	4000	otelcol	otelcol-sb-esrev0-ctr-bgnq8	otelcol_exporter_queue_size	15
1781350618	snap	4000	otelcol	otelcol-sb-esrev0-ctr-bgnq8	otelcol_processor_incoming_items	2369627
1781350618	snap	4000	otelcol	otelcol-sb-esrev0-ctr-bgnq8	otelcol_exporter_queue_capacity	1001
1781350618	snap	4000	otelcol	otelcol-sb-esrev0-ctr-bgnq8	otelcol_processor_batch_timeout_trigger_send	3962
1781350618	snap	4000	otelcol	otelcol-sb-esrev0-ctr-bgnq8	otelcol_process_runtime_total_alloc_bytes	1713958248
1781350618	snap	4000	otelcol	otelcol-sb-esrev0-ctr-bgnq8	otelcol_receiver_refused_spans	24674
1781350618	snap	4000	otelcol	otelcol-sb-esrev0-ctr-bgnq8	otelcol_process_runtime_total_sys_memory_bytes	141367592
1781350618	snap	4000	otelcol	otelcol-sb-esrev0-ctr-bgnq8	otelcol_receiver_failed_spans	0
1781350618	snap	4000	otelcol	otelcol-sb-esrev0-ctr-bgnq8	otelcol_process_runtime_heap_alloc_bytes	58100600
1781350618	snap	4000	otelcol	otelcol-sb-esrev0-ctr-bgnq8	otelcol_exporter_send_failed_spans	0
1781350618	snap	4000	otelcol	otelcol-sb-esrev0-ctr-bgnq8	otelcol_processor_outgoing_items	2344953
1781350618	snap	4000	otelcol	otelcol-sb-esrev0-ctr-bgnq8	otelcol_process_cpu_seconds	55
1781350618	snap	4000	otelcol	otelcol-sb-esrev0-ctr-bgnq8	otelcol_exporter_queue_batch_send_size_sum	2344953
1781350618	snap	4000	otelcol	otelcol-sb-esrev0-ctr-vb2mk	otelcol_process_uptime	997
1781350618	snap	4000	otelcol	otelcol-sb-esrev0-ctr-vb2mk	otelcol_process_memory_rss	247734272
1781350618	snap	4000	otelcol	otelcol-sb-esrev0-ctr-vb2mk	otelcol_exporter_send_failed_spans	0
1781350618	snap	4000	otelcol	otelcol-sb-esrev0-ctr-vb2mk	otelcol_receiver_accepted_spans	2346810
1781350618	snap	4000	otelcol	otelcol-sb-esrev0-ctr-vb2mk	otelcol_process_runtime_total_sys_memory_bytes	140900648
1781350618	snap	4000	otelcol	otelcol-sb-esrev0-ctr-vb2mk	otelcol_exporter_queue_batch_send_size_sum	2346810
1781350618	snap	4000	otelcol	otelcol-sb-esrev0-ctr-vb2mk	otelcol_process_cpu_seconds	56
1781350618	snap	4000	otelcol	otelcol-sb-esrev0-ctr-vb2mk	otelcol_process_runtime_heap_alloc_bytes	67216112
1781350618	snap	4000	otelcol	otelcol-sb-esrev0-ctr-vb2mk	otelcol_exporter_sent_spans	2340422
1781350618	snap	4000	otelcol	otelcol-sb-esrev0-ctr-vb2mk	otelcol_exporter_queue_capacity	1001
1781350618	snap	4000	otelcol	otelcol-sb-esrev0-ctr-vb2mk	otelcol_receiver_refused_spans	20418
1781350618	snap	4000	otelcol	otelcol-sb-esrev0-ctr-vb2mk	otelcol_processor_incoming_items	2367228
1781350618	snap	4000	otelcol	otelcol-sb-esrev0-ctr-vb2mk	otelcol_processor_outgoing_items	2346810
1781350618	snap	4000	otelcol	otelcol-sb-esrev0-ctr-vb2mk	otelcol_exporter_queue_size	8
1781350618	snap	4000	otelcol	otelcol-sb-esrev0-ctr-vb2mk	otelcol_processor_batch_metadata_cardinality	1
1781350618	snap	4000	otelcol	otelcol-sb-esrev0-ctr-vb2mk	otelcol_receiver_failed_spans	0
1781350618	snap	4000	otelcol	otelcol-sb-esrev0-ctr-vb2mk	otelcol_processor_batch_timeout_trigger_send	3959
1781350618	snap	4000	otelcol	otelcol-sb-esrev0-ctr-vb2mk	otelcol_processor_batch_batch_send_size_sum	2346810
1781350618	snap	4000	otelcol	otelcol-sb-esrev0-ctr-vb2mk	otelcol_process_runtime_total_alloc_bytes	1682084440
1781350618	snap	4000	otelcol	otelcol-sb-esrev0-ctr-j6v9t	otelcol_processor_incoming_items	17931301
1781350618	snap	4000	otelcol	otelcol-sb-esrev0-ctr-j6v9t	otelcol_process_cpu_seconds	245
1781350618	snap	4000	otelcol	otelcol-sb-esrev0-ctr-j6v9t	otelcol_process_uptime	995
1781350618	snap	4000	otelcol	otelcol-sb-esrev0-ctr-j6v9t	otelcol_process_runtime_heap_alloc_bytes	127052504
1781350618	snap	4000	otelcol	otelcol-sb-esrev0-ctr-j6v9t	otelcol_exporter_sent_spans	9414468
1781350618	snap	4000	otelcol	otelcol-sb-esrev0-ctr-j6v9t	otelcol_exporter_send_failed_spans	0
1781350618	snap	4000	otelcol	otelcol-sb-esrev0-ctr-j6v9t	otelcol_receiver_failed_spans	0
1781350618	snap	4000	otelcol	otelcol-sb-esrev0-ctr-j6v9t	otelcol_processor_outgoing_items	9577695
1781350618	snap	4000	otelcol	otelcol-sb-esrev0-ctr-j6v9t	otelcol_processor_batch_batch_send_size_sum	9577695
1781350618	snap	4000	otelcol	otelcol-sb-esrev0-ctr-j6v9t	otelcol_process_runtime_total_sys_memory_bytes	232585544
1781350618	snap	4000	otelcol	otelcol-sb-esrev0-ctr-j6v9t	otelcol_process_runtime_total_alloc_bytes	13006706040
1781350618	snap	4000	otelcol	otelcol-sb-esrev0-ctr-j6v9t	otelcol_processor_batch_batch_size_trigger_send	8
1781350618	snap	4000	otelcol	otelcol-sb-esrev0-ctr-j6v9t	otelcol_processor_batch_metadata_cardinality	1
1781350618	snap	4000	otelcol	otelcol-sb-esrev0-ctr-j6v9t	otelcol_processor_batch_timeout_trigger_send	3079
1781350618	snap	4000	otelcol	otelcol-sb-esrev0-ctr-j6v9t	otelcol_exporter_queue_size	33
1781350618	snap	4000	otelcol	otelcol-sb-esrev0-ctr-j6v9t	otelcol_receiver_accepted_spans	9577695
1781350618	snap	4000	otelcol	otelcol-sb-esrev0-ctr-j6v9t	otelcol_process_memory_rss	323739648
1781350618	snap	4000	otelcol	otelcol-sb-esrev0-ctr-j6v9t	otelcol_receiver_refused_spans	8353606
1781350618	snap	4000	otelcol	otelcol-sb-esrev0-ctr-j6v9t	otelcol_exporter_queue_capacity	1001
1781350618	snap	4000	otelcol	otelcol-sb-esrev0-ctr-j6v9t	otelcol_exporter_queue_batch_send_size_sum	9577695
1781350618	snap	4000	otelcol	otelcol-sb-esrev0-ctr-5tpmc	otelcol_processor_batch_timeout_trigger_send	3783
1781350618	snap	4000	otelcol	otelcol-sb-esrev0-ctr-5tpmc	otelcol_process_runtime_heap_alloc_bytes	127051552
1781350618	snap	4000	otelcol	otelcol-sb-esrev0-ctr-5tpmc	otelcol_processor_outgoing_items	6743117
1781350618	snap	4000	otelcol	otelcol-sb-esrev0-ctr-5tpmc	otelcol_receiver_accepted_spans	6743117
1781350618	snap	4000	otelcol	otelcol-sb-esrev0-ctr-5tpmc	otelcol_process_uptime	996
1781350618	snap	4000	otelcol	otelcol-sb-esrev0-ctr-5tpmc	otelcol_process_runtime_total_alloc_bytes	4179066464
1781350618	snap	4000	otelcol	otelcol-sb-esrev0-ctr-5tpmc	otelcol_exporter_queue_capacity	1001
1781350618	snap	4000	otelcol	otelcol-sb-esrev0-ctr-5tpmc	otelcol_receiver_refused_spans	1490344
1781350618	snap	4000	otelcol	otelcol-sb-esrev0-ctr-5tpmc	otelcol_exporter_queue_batch_send_size_sum	6743117
1781350618	snap	4000	otelcol	otelcol-sb-esrev0-ctr-5tpmc	otelcol_receiver_failed_spans	0
1781350618	snap	4000	otelcol	otelcol-sb-esrev0-ctr-5tpmc	otelcol_process_cpu_seconds	101
1781350618	snap	4000	otelcol	otelcol-sb-esrev0-ctr-5tpmc	otelcol_processor_batch_batch_send_size_sum	6743117
1781350618	snap	4000	otelcol	otelcol-sb-esrev0-ctr-5tpmc	otelcol_exporter_send_failed_spans	0
1781350618	snap	4000	otelcol	otelcol-sb-esrev0-ctr-5tpmc	otelcol_processor_batch_metadata_cardinality	1
1781350618	snap	4000	otelcol	otelcol-sb-esrev0-ctr-5tpmc	otelcol_process_runtime_total_sys_memory_bytes	193177912
1781350618	snap	4000	otelcol	otelcol-sb-esrev0-ctr-5tpmc	otelcol_process_memory_rss	326819840
1781350618	snap	4000	otelcol	otelcol-sb-esrev0-ctr-5tpmc	otelcol_exporter_sent_spans	6540619
1781350618	snap	4000	otelcol	otelcol-sb-esrev0-ctr-5tpmc	otelcol_processor_incoming_items	8233461
1781350618	snap	4000	otelcol	otelcol-sb-esrev0-ctr-5tpmc	otelcol_exporter_queue_size	142
1781350618	snap	4000	otelcol	otelcol-sb-esrev0-ctr-mg8jm	otelcol_processor_outgoing_items	436353
1781350618	snap	4000	otelcol	otelcol-sb-esrev0-ctr-mg8jm	otelcol_process_memory_rss	219770880
1781350618	snap	4000	otelcol	otelcol-sb-esrev0-ctr-mg8jm	otelcol_exporter_queue_batch_send_size_sum	436353
1781350618	snap	4000	otelcol	otelcol-sb-esrev0-ctr-mg8jm	otelcol_process_runtime_heap_alloc_bytes	31690824
1781350618	snap	4000	otelcol	otelcol-sb-esrev0-ctr-mg8jm	otelcol_receiver_failed_spans	0
1781350618	snap	4000	otelcol	otelcol-sb-esrev0-ctr-mg8jm	otelcol_process_runtime_total_sys_memory_bytes	80300312
1781350618	snap	4000	otelcol	otelcol-sb-esrev0-ctr-mg8jm	otelcol_process_cpu_seconds	38
1781350618	snap	4000	otelcol	otelcol-sb-esrev0-ctr-mg8jm	otelcol_receiver_refused_spans	0
1781350618	snap	4000	otelcol	otelcol-sb-esrev0-ctr-mg8jm	otelcol_processor_batch_batch_send_size_sum	436353
1781350618	snap	4000	otelcol	otelcol-sb-esrev0-ctr-mg8jm	otelcol_process_runtime_total_alloc_bytes	563779304
1781350618	snap	4000	otelcol	otelcol-sb-esrev0-ctr-mg8jm	otelcol_receiver_accepted_spans	436353
1781350618	snap	4000	otelcol	otelcol-sb-esrev0-ctr-mg8jm	otelcol_exporter_send_failed_spans	0
1781350618	snap	4000	otelcol	otelcol-sb-esrev0-ctr-mg8jm	otelcol_processor_batch_metadata_cardinality	1
1781350618	snap	4000	otelcol	otelcol-sb-esrev0-ctr-mg8jm	otelcol_exporter_sent_spans	432355
1781350618	snap	4000	otelcol	otelcol-sb-esrev0-ctr-mg8jm	otelcol_exporter_queue_capacity	1001
1781350618	snap	4000	otelcol	otelcol-sb-esrev0-ctr-mg8jm	otelcol_processor_incoming_items	436353
1781350618	snap	4000	otelcol	otelcol-sb-esrev0-ctr-mg8jm	otelcol_processor_batch_timeout_trigger_send	3947
1781350618	snap	4000	otelcol	otelcol-sb-esrev0-ctr-mg8jm	otelcol_process_uptime	990
1781350618	snap	4000	otelcol	otelcol-sb-esrev0-ctr-mg8jm	otelcol_exporter_queue_size	26
1781350618	snap	4000	otelcol	otelcol-sb-esrev0-ctr-bxzgg	otelcol_exporter_queue_capacity	1001
1781350618	snap	4000	otelcol	otelcol-sb-esrev0-ctr-bxzgg	otelcol_processor_batch_metadata_cardinality	1
1781350618	snap	4000	otelcol	otelcol-sb-esrev0-ctr-bxzgg	otelcol_processor_batch_timeout_trigger_send	3956
1781350618	snap	4000	otelcol	otelcol-sb-esrev0-ctr-bxzgg	otelcol_processor_incoming_items	2367433
1781350618	snap	4000	otelcol	otelcol-sb-esrev0-ctr-bxzgg	otelcol_exporter_queue_batch_send_size_sum	2345885
1781350618	snap	4000	otelcol	otelcol-sb-esrev0-ctr-bxzgg	otelcol_process_memory_rss	246202368
1781350618	snap	4000	otelcol	otelcol-sb-esrev0-ctr-bxzgg	otelcol_exporter_send_failed_spans	0
1781350618	snap	4000	otelcol	otelcol-sb-esrev0-ctr-bxzgg	otelcol_processor_outgoing_items	2345885
1781350618	snap	4000	otelcol	otelcol-sb-esrev0-ctr-bxzgg	otelcol_process_cpu_seconds	58
1781350618	snap	4000	otelcol	otelcol-sb-esrev0-ctr-bxzgg	otelcol_process_uptime	996
1781350618	snap	4000	otelcol	otelcol-sb-esrev0-ctr-bxzgg	otelcol_process_runtime_total_alloc_bytes	1670481984
1781350618	snap	4000	otelcol	otelcol-sb-esrev0-ctr-bxzgg	otelcol_processor_batch_batch_send_size_sum	2345885
1781350618	snap	4000	otelcol	otelcol-sb-esrev0-ctr-bxzgg	otelcol_process_runtime_total_sys_memory_bytes	136386856
1781350618	snap	4000	otelcol	otelcol-sb-esrev0-ctr-bxzgg	otelcol_process_runtime_heap_alloc_bytes	42292976
1781350618	snap	4000	otelcol	otelcol-sb-esrev0-ctr-bxzgg	otelcol_receiver_refused_spans	21548
1781350618	snap	4000	otelcol	otelcol-sb-esrev0-ctr-bxzgg	otelcol_receiver_failed_spans	0
1781350618	snap	4000	otelcol	otelcol-sb-esrev0-ctr-bxzgg	otelcol_exporter_sent_spans	2338662
1781350618	snap	4000	otelcol	otelcol-sb-esrev0-ctr-bxzgg	otelcol_receiver_accepted_spans	2345885
1781350618	snap	4000	otelcol	otelcol-sb-esrev0-ctr-bxzgg	otelcol_exporter_queue_size	9
1781350618	snap	4000	otelcol	otelcol-sb-esrev0-ctr-8ncml	otelcol_processor_outgoing_items	2321372
1781350618	snap	4000	otelcol	otelcol-sb-esrev0-ctr-8ncml	otelcol_process_cpu_seconds	61
1781350618	snap	4000	otelcol	otelcol-sb-esrev0-ctr-8ncml	otelcol_process_uptime	996
1781350618	snap	4000	otelcol	otelcol-sb-esrev0-ctr-8ncml	otelcol_exporter_queue_batch_send_size_sum	2321372
1781350618	snap	4000	otelcol	otelcol-sb-esrev0-ctr-8ncml	otelcol_receiver_failed_spans	0
1781350618	snap	4000	otelcol	otelcol-sb-esrev0-ctr-8ncml	otelcol_receiver_refused_spans	44106
1781350618	snap	4000	otelcol	otelcol-sb-esrev0-ctr-8ncml	otelcol_process_runtime_heap_alloc_bytes	60421328
1781350618	snap	4000	otelcol	otelcol-sb-esrev0-ctr-8ncml	otelcol_processor_batch_batch_send_size_sum	2321372
1781350618	snap	4000	otelcol	otelcol-sb-esrev0-ctr-8ncml	otelcol_process_runtime_total_sys_memory_bytes	153598248
1781350618	snap	4000	otelcol	otelcol-sb-esrev0-ctr-8ncml	otelcol_exporter_sent_spans	2308360
1781350618	snap	4000	otelcol	otelcol-sb-esrev0-ctr-8ncml	otelcol_exporter_queue_size	17
1781350618	snap	4000	otelcol	otelcol-sb-esrev0-ctr-8ncml	otelcol_exporter_send_failed_spans	0
1781350618	snap	4000	otelcol	otelcol-sb-esrev0-ctr-8ncml	otelcol_receiver_accepted_spans	2321372
1781350618	snap	4000	otelcol	otelcol-sb-esrev0-ctr-8ncml	otelcol_processor_batch_metadata_cardinality	1
1781350618	snap	4000	otelcol	otelcol-sb-esrev0-ctr-8ncml	otelcol_processor_incoming_items	2365478
1781350618	snap	4000	otelcol	otelcol-sb-esrev0-ctr-8ncml	otelcol_processor_batch_timeout_trigger_send	3952
1781350618	snap	4000	otelcol	otelcol-sb-esrev0-ctr-8ncml	otelcol_exporter_queue_capacity	1001
1781350618	snap	4000	otelcol	otelcol-sb-esrev0-ctr-8ncml	otelcol_process_runtime_total_alloc_bytes	1703155728
1781350618	snap	4000	otelcol	otelcol-sb-esrev0-ctr-8ncml	otelcol_process_memory_rss	241156096
1781350618	snap	4000	otelcol	otelcol-sb-esrev0-ctr-t4pj5	otelcol_exporter_send_failed_spans	0
1781350618	snap	4000	otelcol	otelcol-sb-esrev0-ctr-t4pj5	otelcol_exporter_queue_size	78
1781350618	snap	4000	otelcol	otelcol-sb-esrev0-ctr-t4pj5	otelcol_processor_incoming_items	2482256
1781350618	snap	4000	otelcol	otelcol-sb-esrev0-ctr-t4pj5	otelcol_processor_outgoing_items	2437458
1781350618	snap	4000	otelcol	otelcol-sb-esrev0-ctr-t4pj5	otelcol_process_runtime_total_sys_memory_bytes	171362616
1781350618	snap	4000	otelcol	otelcol-sb-esrev0-ctr-t4pj5	otelcol_processor_batch_metadata_cardinality	1
1781350618	snap	4000	otelcol	otelcol-sb-esrev0-ctr-t4pj5	otelcol_processor_batch_timeout_trigger_send	3957
1781350618	snap	4000	otelcol	otelcol-sb-esrev0-ctr-t4pj5	otelcol_process_memory_rss	305356800
1781350618	snap	4000	otelcol	otelcol-sb-esrev0-ctr-t4pj5	otelcol_exporter_queue_batch_send_size_sum	2437458
1781350618	snap	4000	otelcol	otelcol-sb-esrev0-ctr-t4pj5	otelcol_receiver_failed_spans	0
1781350618	snap	4000	otelcol	otelcol-sb-esrev0-ctr-t4pj5	otelcol_process_cpu_seconds	55
1781350618	snap	4000	otelcol	otelcol-sb-esrev0-ctr-t4pj5	otelcol_receiver_accepted_spans	2437458
1781350618	snap	4000	otelcol	otelcol-sb-esrev0-ctr-t4pj5	otelcol_process_runtime_heap_alloc_bytes	123465880
1781350618	snap	4000	otelcol	otelcol-sb-esrev0-ctr-t4pj5	otelcol_exporter_sent_spans	2378637
1781350618	snap	4000	otelcol	otelcol-sb-esrev0-ctr-t4pj5	otelcol_processor_batch_batch_send_size_sum	2437458
1781350618	snap	4000	otelcol	otelcol-sb-esrev0-ctr-t4pj5	otelcol_process_uptime	1001
1781350618	snap	4000	otelcol	otelcol-sb-esrev0-ctr-t4pj5	otelcol_process_runtime_total_alloc_bytes	1717891544
1781350618	snap	4000	otelcol	otelcol-sb-esrev0-ctr-t4pj5	otelcol_exporter_queue_capacity	1001
1781350618	snap	4000	otelcol	otelcol-sb-esrev0-ctr-t4pj5	otelcol_receiver_refused_spans	44798
1781350618	snap	4000	k8s	otelcol-sb-esrev0-ctr-5tpmc	restart_count	0
1781350618	snap	4000	k8s	otelcol-sb-esrev0-ctr-8ncml	restart_count	0
1781350618	snap	4000	k8s	otelcol-sb-esrev0-ctr-bgnq8	restart_count	0
1781350618	snap	4000	k8s	otelcol-sb-esrev0-ctr-bxzgg	restart_count	0
1781350618	snap	4000	k8s	otelcol-sb-esrev0-ctr-hj4v4	restart_count	0
1781350618	snap	4000	k8s	otelcol-sb-esrev0-ctr-j6v9t	restart_count	0
1781350618	snap	4000	k8s	otelcol-sb-esrev0-ctr-mg8jm	restart_count	0
1781350618	snap	4000	k8s	otelcol-sb-esrev0-ctr-t4pj5	restart_count	0
1781350618	snap	4000	k8s	otelcol-sb-esrev0-ctr-vb2mk	restart_count	0
1781350618	snap	4000	sdk	wrk2api	spans_received	437574
1781350618	snap	4000	sdk	wrk2api	spans_sent	417156
1781350618	snap	4000	sdk	wrk2api	spans_dropped	20418
1781350618	snap	4000	sdk	wrk2api	spans_flushed	437574
1781350618	snap	4000	sdk	wrk2api	batches_sent	15085
1781350618	snap	4000	sdk	wrk2api	batches_dropped	527
1781350618	snap	4000	sdk	wrk2api	send_unavailable	527
1781350618	snap	4000	sdk	wrk2api	send_deadline	0
1781350618	snap	4000	sdk	wrk2api	send_exhausted	0
1781350618	snap	4000	sdk	wrk2api	send_canceled	0
1781350618	snap	4000	sdk	wrk2api	send_other	0
1781350618	snap	4000	sdk	wrk2api	buffer_depth	0
0
1781350618	snap	4000	sdk	wrk2api	cp_received	218787
1781350618	snap	4000	sdk	wrk2api	lp_received	218787
1781350618	snap	4000	sdk	wrk2api	cp_sent	218787
1781350618	snap	4000	sdk	wrk2api	lp_sent	198369
1781350618	snap	4000	sdk	wrk2api	cp_dropped	0
1781350618	snap	4000	sdk	wrk2api	lp_dropped	20418
1781350618	snap	4000	sdk	composepost	spans_received	15437228
1781350618	snap	4000	sdk	composepost	spans_sent	9292261
1781350618	snap	4000	sdk	composepost	spans_dropped	6144967
1781350618	snap	4000	sdk	composepost	spans_flushed	15437228
1781350618	snap	4000	sdk	composepost	batches_sent	42284
1781350618	snap	4000	sdk	composepost	batches_dropped	19285
1781350618	snap	4000	sdk	composepost	send_unavailable	10954
1781350618	snap	4000	sdk	composepost	send_deadline	8331
1781350618	snap	4000	sdk	composepost	send_exhausted	0
1781350618	snap	4000	sdk	composepost	send_canceled	0
1781350618	snap	4000	sdk	composepost	send_other	0
1781350618	snap	4000	sdk	composepost	buffer_depth	0
0
1781350618	snap	4000	sdk	composepost	cp_received	13507574
1781350618	snap	4000	sdk	composepost	lp_received	1929654
1781350618	snap	4000	sdk	composepost	cp_sent	9232364
1781350618	snap	4000	sdk	composepost	lp_sent	59897
1781350618	snap	4000	sdk	composepost	cp_dropped	4275210
1781350618	snap	4000	sdk	composepost	lp_dropped	1869757
1781350618	snap	4000	sdk	hometimeline	spans_received	3859300
1781350618	snap	4000	sdk	hometimeline	spans_sent	116100
1781350618	snap	4000	sdk	hometimeline	spans_dropped	3743200
1781350618	snap	4000	sdk	hometimeline	spans_flushed	3859300
1781350618	snap	4000	sdk	hometimeline	batches_sent	2462
1781350618	snap	4000	sdk	hometimeline	batches_dropped	12982
1781350618	snap	4000	sdk	hometimeline	send_unavailable	12718
1781350618	snap	4000	sdk	hometimeline	send_deadline	264
1781350618	snap	4000	sdk	hometimeline	send_exhausted	0
1781350618	snap	4000	sdk	hometimeline	send_canceled	0
1781350618	snap	4000	sdk	hometimeline	send_other	0
1781350618	snap	4000	sdk	hometimeline	buffer_depth	0
0
1781350618	snap	4000	sdk	hometimeline	cp_received	0
1781350618	snap	4000	sdk	hometimeline	lp_received	3859300
1781350618	snap	4000	sdk	hometimeline	cp_sent	0
1781350618	snap	4000	sdk	hometimeline	lp_sent	116100
1781350618	snap	4000	sdk	hometimeline	cp_dropped	0
1781350618	snap	4000	sdk	hometimeline	lp_dropped	3743200
1781350618	snap	4000	sdk	media	spans_received	1929654
1781350618	snap	4000	sdk	media	spans_sent	1797047
1781350618	snap	4000	sdk	media	spans_dropped	132607
1781350618	snap	4000	sdk	media	spans_flushed	1929654
1781350618	snap	4000	sdk	media	batches_sent	7305
1781350618	snap	4000	sdk	media	batches_dropped	399
1781350618	snap	4000	sdk	media	send_unavailable	399
1781350618	snap	4000	sdk	media	send_deadline	0
1781350618	snap	4000	sdk	media	send_exhausted	0
1781350618	snap	4000	sdk	media	send_canceled	0
1781350618	snap	4000	sdk	media	send_other	0
1781350618	snap	4000	sdk	media	buffer_depth	0
0
1781350618	snap	4000	sdk	media	cp_received	1929654
1781350618	snap	4000	sdk	media	lp_received	0
1781350618	snap	4000	sdk	media	cp_sent	1797047
1781350618	snap	4000	sdk	media	lp_sent	0
1781350618	snap	4000	sdk	media	cp_dropped	132607
1781350618	snap	4000	sdk	media	lp_dropped	0
1781350618	snap	4000	sdk	post-storage	spans_received	1929650
1781350618	snap	4000	sdk	post-storage	spans_sent	1929650
1781350618	snap	4000	sdk	post-storage	spans_dropped	0
1781350618	snap	4000	sdk	post-storage	spans_flushed	1929650
1781350618	snap	4000	sdk	post-storage	batches_sent	7682
1781350618	snap	4000	sdk	post-storage	batches_dropped	0
1781350618	snap	4000	sdk	post-storage	send_unavailable	0
1781350618	snap	4000	sdk	post-storage	send_deadline	0
1781350618	snap	4000	sdk	post-storage	send_exhausted	0
1781350618	snap	4000	sdk	post-storage	send_canceled	0
1781350618	snap	4000	sdk	post-storage	send_other	0
1781350618	snap	4000	sdk	post-storage	buffer_depth	0
0
1781350618	snap	4000	sdk	post-storage	cp_received	1929650
1781350618	snap	4000	sdk	post-storage	lp_received	0
1781350618	snap	4000	sdk	post-storage	cp_sent	1929650
1781350618	snap	4000	sdk	post-storage	lp_sent	0
1781350618	snap	4000	sdk	post-storage	cp_dropped	0
1781350618	snap	4000	sdk	post-storage	lp_dropped	0
1781350618	snap	4000	sdk	socialgraph	spans_received	2043484
1781350618	snap	4000	sdk	socialgraph	spans_sent	2040662
1781350618	snap	4000	sdk	socialgraph	spans_dropped	2822
1781350618	snap	4000	sdk	socialgraph	spans_flushed	2043484
1781350618	snap	4000	sdk	socialgraph	batches_sent	8182
1781350618	snap	4000	sdk	socialgraph	batches_dropped	14
1781350618	snap	4000	sdk	socialgraph	send_unavailable	14
1781350618	snap	4000	sdk	socialgraph	send_deadline	0
1781350618	snap	4000	sdk	socialgraph	send_exhausted	0
1781350618	snap	4000	sdk	socialgraph	send_canceled	0
1781350618	snap	4000	sdk	socialgraph	send_other	0
1781350618	snap	4000	sdk	socialgraph	buffer_depth	0
0
1781350618	snap	4000	sdk	socialgraph	cp_received	2005860
1781350618	snap	4000	sdk	socialgraph	lp_received	37624
1781350618	snap	4000	sdk	socialgraph	cp_sent	2005860
1781350618	snap	4000	sdk	socialgraph	lp_sent	34802
1781350618	snap	4000	sdk	socialgraph	cp_dropped	0
1781350618	snap	4000	sdk	socialgraph	lp_dropped	2822
1781350618	snap	4000	sdk	text	spans_received	5788970
1781350618	snap	4000	sdk	text	spans_sent	4493615
1781350618	snap	4000	sdk	text	spans_dropped	1295355
1781350618	snap	4000	sdk	text	spans_flushed	5788970
1781350618	snap	4000	sdk	text	batches_sent	19159
1781350618	snap	4000	sdk	text	batches_dropped	3906
1781350618	snap	4000	sdk	text	send_unavailable	3906
1781350618	snap	4000	sdk	text	send_deadline	0
1781350618	snap	4000	sdk	text	send_exhausted	0
1781350618	snap	4000	sdk	text	send_canceled	0
1781350618	snap	4000	sdk	text	send_other	0
1781350618	snap	4000	sdk	text	buffer_depth	0
0
1781350618	snap	4000	sdk	text	cp_received	0
1781350618	snap	4000	sdk	text	lp_received	5788970
1781350618	snap	4000	sdk	text	cp_sent	0
1781350618	snap	4000	sdk	text	lp_sent	4493615
1781350618	snap	4000	sdk	text	cp_dropped	0
1781350618	snap	4000	sdk	text	lp_dropped	1295355
1781350618	snap	4000	sdk	uniqueid	spans_received	1929654
1781350618	snap	4000	sdk	uniqueid	spans_sent	1886856
1781350618	snap	4000	sdk	uniqueid	spans_dropped	42798
1781350618	snap	4000	sdk	uniqueid	spans_flushed	1929654
1781350618	snap	4000	sdk	uniqueid	batches_sent	7558
1781350618	snap	4000	sdk	uniqueid	batches_dropped	129
1781350618	snap	4000	sdk	uniqueid	send_unavailable	129
1781350618	snap	4000	sdk	uniqueid	send_deadline	0
1781350618	snap	4000	sdk	uniqueid	send_exhausted	0
1781350618	snap	4000	sdk	uniqueid	send_canceled	0
1781350618	snap	4000	sdk	uniqueid	send_other	0
1781350618	snap	4000	sdk	uniqueid	buffer_depth	0
0
1781350618	snap	4000	sdk	uniqueid	cp_received	1929654
1781350618	snap	4000	sdk	uniqueid	lp_received	0
1781350618	snap	4000	sdk	uniqueid	cp_sent	1886856
1781350618	snap	4000	sdk	uniqueid	lp_sent	0
1781350618	snap	4000	sdk	uniqueid	cp_dropped	42798
1781350618	snap	4000	sdk	uniqueid	lp_dropped	0
1781350618	snap	4000	sdk	urlshorten	spans_received	1929654
1781350618	snap	4000	sdk	urlshorten	spans_sent	1929654
1781350618	snap	4000	sdk	urlshorten	spans_dropped	0
1781350618	snap	4000	sdk	urlshorten	spans_flushed	1929654
1781350618	snap	4000	sdk	urlshorten	batches_sent	7684
1781350618	snap	4000	sdk	urlshorten	batches_dropped	0
1781350618	snap	4000	sdk	urlshorten	send_unavailable	0
1781350618	snap	4000	sdk	urlshorten	send_deadline	0
1781350618	snap	4000	sdk	urlshorten	send_exhausted	0
1781350618	snap	4000	sdk	urlshorten	send_canceled	0
1781350618	snap	4000	sdk	urlshorten	send_other	0
1781350618	snap	4000	sdk	urlshorten	buffer_depth	0
0
1781350618	snap	4000	sdk	urlshorten	cp_received	1929654
1781350618	snap	4000	sdk	urlshorten	lp_received	0
1781350618	snap	4000	sdk	urlshorten	cp_sent	1929654
1781350618	snap	4000	sdk	urlshorten	lp_sent	0
1781350618	snap	4000	sdk	urlshorten	cp_dropped	0
1781350618	snap	4000	sdk	urlshorten	lp_dropped	0
1781350618	snap	4000	sdk	user	spans_received	1931578
1781350618	snap	4000	sdk	user	spans_sent	1931578
1781350618	snap	4000	sdk	user	spans_dropped	0
1781350618	snap	4000	sdk	user	spans_flushed	1931578
1781350618	snap	4000	sdk	user	batches_sent	7699
1781350618	snap	4000	sdk	user	batches_dropped	0
1781350618	snap	4000	sdk	user	send_unavailable	0
1781350618	snap	4000	sdk	user	send_deadline	0
1781350618	snap	4000	sdk	user	send_exhausted	0
1781350618	snap	4000	sdk	user	send_canceled	0
1781350618	snap	4000	sdk	user	send_other	0
1781350618	snap	4000	sdk	user	buffer_depth	0
0
1781350618	snap	4000	sdk	user	cp_received	1930616
1781350618	snap	4000	sdk	user	lp_received	962
1781350618	snap	4000	sdk	user	cp_sent	1930616
1781350618	snap	4000	sdk	user	lp_sent	962
1781350618	snap	4000	sdk	user	cp_dropped	0
1781350618	snap	4000	sdk	user	lp_dropped	0
1781350618	snap	4000	sdk	userid	spans_received	75248
1781350618	snap	4000	sdk	userid	spans_sent	75248
1781350618	snap	4000	sdk	userid	spans_dropped	0
1781350618	snap	4000	sdk	userid	spans_flushed	75248
1781350618	snap	4000	sdk	userid	batches_sent	247
1781350618	snap	4000	sdk	userid	batches_dropped	0
1781350618	snap	4000	sdk	userid	send_unavailable	0
1781350618	snap	4000	sdk	userid	send_deadline	0
1781350618	snap	4000	sdk	userid	send_exhausted	0
1781350618	snap	4000	sdk	userid	send_canceled	0
1781350618	snap	4000	sdk	userid	send_other	0
1781350618	snap	4000	sdk	userid	buffer_depth	0
0
1781350618	snap	4000	sdk	userid	cp_received	75248
1781350618	snap	4000	sdk	userid	lp_received	0
1781350618	snap	4000	sdk	userid	cp_sent	75248
1781350618	snap	4000	sdk	userid	lp_sent	0
1781350618	snap	4000	sdk	userid	cp_dropped	0
1781350618	snap	4000	sdk	userid	lp_dropped	0
1781350618	snap	4000	sdk	usermention	spans_received	1929654
1781350618	snap	4000	sdk	usermention	spans_sent	1886764
1781350618	snap	4000	sdk	usermention	spans_dropped	42890
1781350618	snap	4000	sdk	usermention	spans_flushed	1929654
1781350618	snap	4000	sdk	usermention	batches_sent	7564
1781350618	snap	4000	sdk	usermention	batches_dropped	130
1781350618	snap	4000	sdk	usermention	send_unavailable	130
1781350618	snap	4000	sdk	usermention	send_deadline	0
1781350618	snap	4000	sdk	usermention	send_exhausted	0
1781350618	snap	4000	sdk	usermention	send_canceled	0
1781350618	snap	4000	sdk	usermention	send_other	0
1781350618	snap	4000	sdk	usermention	buffer_depth	0
0
1781350618	snap	4000	sdk	usermention	cp_received	1929654
1781350618	snap	4000	sdk	usermention	lp_received	0
1781350618	snap	4000	sdk	usermention	cp_sent	1886764
1781350618	snap	4000	sdk	usermention	lp_sent	0
1781350618	snap	4000	sdk	usermention	cp_dropped	42890
1781350618	snap	4000	sdk	usermention	lp_dropped	0
1781350618	snap	4000	sdk	usertimeline	spans_received	1929650
1781350618	snap	4000	sdk	usertimeline	spans_sent	1929650
1781350618	snap	4000	sdk	usertimeline	spans_dropped	0
1781350618	snap	4000	sdk	usertimeline	spans_flushed	1929650
1781350618	snap	4000	sdk	usertimeline	batches_sent	7657
1781350618	snap	4000	sdk	usertimeline	batches_dropped	0
1781350618	snap	4000	sdk	usertimeline	send_unavailable	0
1781350618	snap	4000	sdk	usertimeline	send_deadline	0
1781350618	snap	4000	sdk	usertimeline	send_exhausted	0
1781350618	snap	4000	sdk	usertimeline	send_canceled	0
1781350618	snap	4000	sdk	usertimeline	send_other	0
1781350618	snap	4000	sdk	usertimeline	buffer_depth	0
0
1781350618	snap	4000	sdk	usertimeline	cp_received	1929650
1781350618	snap	4000	sdk	usertimeline	lp_received	0
1781350618	snap	4000	sdk	usertimeline	cp_sent	1929650
1781350618	snap	4000	sdk	usertimeline	lp_sent	0
1781350618	snap	4000	sdk	usertimeline	cp_dropped	0
1781350618	snap	4000	sdk	usertimeline	lp_dropped	0
