setup: assigned thread_id=1
init: final thread_id=1, base_seed=nil
script_want_response
Running 2m test @ http://10.10.1.1:3541
  1 threads and 10 connections

  Thread calibration: mean lat.: 61.949ms, rate sampling interval: 105ms

-----------------------------------------------------------------------
Test Results @ http://10.10.1.1:3541 
  Thread Stats   Avg      Stdev     99%   +/- Stdev
    Latency     7.66ms    0.86ms   9.91ms   71.05%
    Req/Sec   100.28     14.63   163.00     91.00%
  Latency Distribution (HdrHistogram - Recorded Latency)
 50.000%    7.59ms
 75.000%    8.18ms
 90.000%    8.75ms
 99.000%    9.91ms
 99.900%   11.33ms
 99.990%   12.58ms
 99.999%   12.72ms
100.000%   12.72ms

  Detailed Percentile spectrum:
       Value   Percentile   TotalCount 1/(1-Percentile)

       4.383     0.000000            1         1.00
       6.663     0.100000          901         1.11
       6.975     0.200000         1812         1.25
       7.203     0.300000         2700         1.43
       7.403     0.400000         3609         1.67
       7.591     0.500000         4517         2.00
       7.699     0.550000         4960         2.22
       7.811     0.600000         5415         2.50
       7.927     0.650000         5859         2.86
       8.055     0.700000         6311         3.33
       8.183     0.750000         6751         4.00
       8.263     0.775000         6999         4.44
       8.343     0.800000         7220         5.00
       8.423     0.825000         7447         5.71
       8.511     0.850000         7650         6.67
       8.623     0.875000         7887         8.00
       8.679     0.887500         8003         8.89
       8.751     0.900000         8105        10.00
       8.831     0.912500         8219        11.43
       8.911     0.925000         8328        13.33
       9.007     0.937500         8443        16.00
       9.055     0.943750         8495        17.78
       9.111     0.950000         8554        20.00
       9.183     0.956250         8607        22.86
       9.263     0.962500         8667        26.67
       9.359     0.968750         8719        32.00
       9.423     0.971875         8746        35.56
       9.503     0.975000         8778        40.00
       9.551     0.978125         8803        45.71
       9.631     0.981250         8833        53.33
       9.719     0.984375         8859        64.00
       9.775     0.985938         8873        71.11
       9.815     0.987500         8887        80.00
       9.887     0.989062         8904        91.43
       9.935     0.990625         8916       106.67
      10.031     0.992188         8929       128.00
      10.071     0.992969         8936       142.22
      10.127     0.993750         8943       160.00
      10.183     0.994531         8950       182.86
      10.239     0.995313         8957       213.33
      10.327     0.996094         8964       256.00
      10.463     0.996484         8968       284.44
      10.511     0.996875         8971       320.00
      10.583     0.997266         8975       365.71
      10.711     0.997656         8978       426.67
      10.807     0.998047         8982       512.00
      10.903     0.998242         8984       568.89
      10.911     0.998437         8985       640.00
      11.071     0.998633         8987       731.43
      11.255     0.998828         8989       853.33
      11.511     0.999023         8992      1024.00
      11.511     0.999121         8992      1137.78
      11.511     0.999219         8992      1280.00
      11.615     0.999316         8993      1462.86
      11.687     0.999414         8994      1706.67
      12.071     0.999512         8995      2048.00
      12.479     0.999561         8996      2275.56
      12.479     0.999609         8996      2560.00
      12.479     0.999658         8996      2925.71
      12.503     0.999707         8997      3413.33
      12.503     0.999756         8997      4096.00
      12.583     0.999780         8998      4551.11
      12.583     0.999805         8998      5120.00
      12.583     0.999829         8998      5851.43
      12.583     0.999854         8998      6826.67
      12.583     0.999878         8998      8192.00
      12.719     0.999890         8999      9102.22
      12.719     1.000000         8999          inf
#[Mean    =        7.658, StdDeviation   =        0.857]
#[Max     =       12.712, Total count    =         8999]
#[Buckets =           27, SubBuckets     =         2048]
-----------------------------------------------------------------------
  9990 requests in 1.67m, 1.55MB read
Requests/sec:     99.89  
Transfer/sec:     15.86KB

=== rps=2000 c=200 t=20 url=http://10.10.1.1:3541 ===
setup: assigned thread_id=1
init: final thread_id=1, base_seed=nil
setup: assigned thread_id=2
init: final thread_id=2, base_seed=nil
setup: assigned thread_id=3
init: final thread_id=3, base_seed=nil
setup: assigned thread_id=4
init: final thread_id=4, base_seed=nil
setup: assigned thread_id=5
init: final thread_id=5, base_seed=nil
setup: assigned thread_id=6
init: final thread_id=6, base_seed=nil
setup: assigned thread_id=7
init: final thread_id=7, base_seed=nil
setup: assigned thread_id=8
init: final thread_id=8, base_seed=nil
setup: assigned thread_id=9
init: final thread_id=9, base_seed=nil
setup: assigned thread_id=10
init: final thread_id=10, base_seed=nil
setup: assigned thread_id=11
init: final thread_id=11, base_seed=nil
setup: assigned thread_id=12
init: final thread_id=12, base_seed=nil
setup: assigned thread_id=13
init: final thread_id=13, base_seed=nil
setup: assigned thread_id=14
init: final thread_id=14, base_seed=nil
setup: assigned thread_id=15
init: final thread_id=15, base_seed=nil
setup: assigned thread_id=16
init: final thread_id=16, base_seed=nil
setup: assigned thread_id=17
init: final thread_id=17, base_seed=nil
setup: assigned thread_id=18
init: final thread_id=18, base_seed=nil
setup: assigned thread_id=19
init: final thread_id=19, base_seed=nil
setup: assigned thread_id=20
init: final thread_id=20, base_seed=nil
script_want_response
Running 1m test @ http://10.10.1.1:3541
  20 threads and 200 connections

  Thread calibration: mean lat.: 8.970ms, rate sampling interval: 23ms
  Thread calibration: mean lat.: 9.080ms, rate sampling interval: 23ms
  Thread calibration: mean lat.: 9.423ms, rate sampling interval: 24ms
  Thread calibration: mean lat.: 9.575ms, rate sampling interval: 24ms
  Thread calibration: mean lat.: 9.879ms, rate sampling interval: 26ms
  Thread calibration: mean lat.: 10.430ms, rate sampling interval: 27ms
  Thread calibration: mean lat.: 10.817ms, rate sampling interval: 28ms
  Thread calibration: mean lat.: 10.948ms, rate sampling interval: 28ms
  Thread calibration: mean lat.: 10.997ms, rate sampling interval: 28ms
  Thread calibration: mean lat.: 11.271ms, rate sampling interval: 28ms
  Thread calibration: mean lat.: 11.307ms, rate sampling interval: 29ms
  Thread calibration: mean lat.: 11.632ms, rate sampling interval: 30ms
  Thread calibration: mean lat.: 11.841ms, rate sampling interval: 32ms
  Thread calibration: mean lat.: 12.202ms, rate sampling interval: 33ms
  Thread calibration: mean lat.: 13.266ms, rate sampling interval: 34ms
  Thread calibration: mean lat.: 13.555ms, rate sampling interval: 35ms
  Thread calibration: mean lat.: 13.428ms, rate sampling interval: 35ms
  Thread calibration: mean lat.: 13.074ms, rate sampling interval: 34ms
  Thread calibration: mean lat.: 12.624ms, rate sampling interval: 33ms
  Thread calibration: mean lat.: 12.162ms, rate sampling interval: 32ms

-----------------------------------------------------------------------
Test Results @ http://10.10.1.1:3541 
  Thread Stats   Avg      Stdev     99%   +/- Stdev
    Latency    12.65ms    5.20ms  35.01ms   86.82%
    Req/Sec   101.57    117.92   434.00     81.33%
  Latency Distribution (HdrHistogram - Recorded Latency)
 50.000%   11.53ms
 75.000%   14.22ms
 90.000%   17.50ms
 99.000%   35.01ms
 99.900%   57.98ms
 99.990%   66.62ms
 99.999%   69.25ms
100.000%   69.44ms

  Detailed Percentile spectrum:
       Value   Percentile   TotalCount 1/(1-Percentile)

       5.927     0.000000            1         1.00
       8.199     0.100000         9995         1.11
       9.207     0.200000        20017         1.25
       9.991     0.300000        30040         1.43
      10.735     0.400000        40036         1.67
      11.535     0.500000        49988         2.00
      11.967     0.550000        54947         2.22
      12.439     0.600000        59949         2.50
      12.967     0.650000        64951         2.86
      13.551     0.700000        69940         3.33
      14.223     0.750000        74930         4.00
      14.591     0.775000        77440         4.44
      14.991     0.800000        79942         5.00
      15.447     0.825000        82423         5.71
      15.991     0.850000        84944         6.67
      16.639     0.875000        87412         8.00
      17.039     0.887500        88676         8.89
      17.503     0.900000        89923        10.00
      18.015     0.912500        91176        11.43
      18.655     0.925000        92410        13.33
      19.519     0.937500        93672        16.00
      20.063     0.943750        94284        17.78
      20.671     0.950000        94915        20.00
      21.471     0.956250        95532        22.86
      22.351     0.962500        96155        26.67
      23.727     0.968750        96777        32.00
      24.511     0.971875        97088        35.56
      25.487     0.975000        97400        40.00
      26.591     0.978125        97715        45.71
      28.207     0.981250        98024        53.33
      30.239     0.984375        98335        64.00
      31.391     0.985938        98493        71.11
      32.719     0.987500        98647        80.00
      34.079     0.989062        98803        91.43
      35.807     0.990625        98964       106.67
      37.727     0.992188        99115       128.00
      38.655     0.992969        99195       142.22
      39.807     0.993750        99271       160.00
      41.503     0.994531        99351       182.86
      43.167     0.995313        99429       213.33
      44.927     0.996094        99505       256.00
      45.855     0.996484        99544       284.44
      46.527     0.996875        99583       320.00
      47.615     0.997266        99622       365.71
      49.567     0.997656        99663       426.67
      51.135     0.998047        99700       512.00
      51.935     0.998242        99721       568.89
      52.927     0.998437        99739       640.00
      54.239     0.998633        99760       731.43
      56.063     0.998828        99778       853.33
      58.207     0.999023        99799      1024.00
      58.943     0.999121        99808      1137.78
      59.423     0.999219        99817      1280.00
      59.775     0.999316        99827      1462.86
      60.639     0.999414        99837      1706.67
      62.079     0.999512        99847      2048.00
      62.655     0.999561        99852      2275.56
      62.911     0.999609        99856      2560.00
      63.647     0.999658        99861      2925.71
      64.159     0.999707        99866      3413.33
      64.575     0.999756        99871      4096.00
      65.439     0.999780        99874      4551.11
      65.727     0.999805        99876      5120.00
      65.855     0.999829        99878      5851.43
      66.175     0.999854        99882      6826.67
      66.239     0.999878        99883      8192.00
      66.623     0.999890        99885      9102.22
      66.751     0.999902        99886     10240.00
      66.879     0.999915        99887     11702.86
      67.007     0.999927        99889     13653.33
      67.007     0.999939        99889     16384.00
      67.263     0.999945        99890     18204.44
      67.327     0.999951        99891     20480.00
      67.327     0.999957        99891     23405.71
      67.903     0.999963        99892     27306.67
      67.903     0.999969        99892     32768.00
      68.287     0.999973        99893     36408.89
      68.287     0.999976        99893     40960.00
      68.287     0.999979        99893     46811.43
      69.247     0.999982        99894     54613.33
      69.247     0.999985        99894     65536.00
      69.247     0.999986        99894     72817.78
      69.247     0.999988        99894     81920.00
      69.247     0.999989        99894     93622.86
      69.439     0.999991        99895    109226.67
      69.439     1.000000        99895          inf
#[Mean    =       12.649, StdDeviation   =        5.205]
#[Max     =       69.376, Total count    =        99895]
#[Buckets =           27, SubBuckets     =         2048]
-----------------------------------------------------------------------
  119728 requests in 1.00m, 18.56MB read
Requests/sec:   1998.12  
Transfer/sec:    317.21KB

=== rps=2200 c=242 t=25 url=http://10.10.1.1:3541 ===
setup: assigned thread_id=1
init: final thread_id=1, base_seed=nil
setup: assigned thread_id=2
init: final thread_id=2, base_seed=nil
setup: assigned thread_id=3
init: final thread_id=3, base_seed=nil
setup: assigned thread_id=4
init: final thread_id=4, base_seed=nil
setup: assigned thread_id=5
init: final thread_id=5, base_seed=nil
setup: assigned thread_id=6
init: final thread_id=6, base_seed=nil
setup: assigned thread_id=7
init: final thread_id=7, base_seed=nil
setup: assigned thread_id=8
init: final thread_id=8, base_seed=nil
setup: assigned thread_id=9
init: final thread_id=9, base_seed=nil
setup: assigned thread_id=10
init: final thread_id=10, base_seed=nil
setup: assigned thread_id=11
init: final thread_id=11, base_seed=nil
setup: assigned thread_id=12
init: final thread_id=12, base_seed=nil
setup: assigned thread_id=13
init: final thread_id=13, base_seed=nil
setup: assigned thread_id=14
init: final thread_id=14, base_seed=nil
setup: assigned thread_id=15
init: final thread_id=15, base_seed=nil
setup: assigned thread_id=16
init: final thread_id=16, base_seed=nil
setup: assigned thread_id=17
init: final thread_id=17, base_seed=nil
setup: assigned thread_id=18
init: final thread_id=18, base_seed=nil
setup: assigned thread_id=19
init: final thread_id=19, base_seed=nil
setup: assigned thread_id=20
init: final thread_id=20, base_seed=nil
setup: assigned thread_id=21
init: final thread_id=21, base_seed=nil
setup: assigned thread_id=22
init: final thread_id=22, base_seed=nil
setup: assigned thread_id=23
init: final thread_id=23, base_seed=nil
setup: assigned thread_id=24
init: final thread_id=24, base_seed=nil
setup: assigned thread_id=25
init: final thread_id=25, base_seed=nil
script_want_response
Running 1m test @ http://10.10.1.1:3541
  25 threads and 242 connections

  Thread calibration: mean lat.: 24.348ms, rate sampling interval: 72ms
  Thread calibration: mean lat.: 25.570ms, rate sampling interval: 73ms
  Thread calibration: mean lat.: 26.558ms, rate sampling interval: 73ms
  Thread calibration: mean lat.: 23.635ms, rate sampling interval: 71ms
  Thread calibration: mean lat.: 24.551ms, rate sampling interval: 73ms
  Thread calibration: mean lat.: 23.080ms, rate sampling interval: 70ms
  Thread calibration: mean lat.: 21.527ms, rate sampling interval: 68ms
  Thread calibration: mean lat.: 18.074ms, rate sampling interval: 62ms
  Thread calibration: mean lat.: 16.119ms, rate sampling interval: 58ms
  Thread calibration: mean lat.: 16.183ms, rate sampling interval: 56ms
  Thread calibration: mean lat.: 12.654ms, rate sampling interval: 33ms
  Thread calibration: mean lat.: 13.079ms, rate sampling interval: 34ms
  Thread calibration: mean lat.: 13.173ms, rate sampling interval: 35ms
  Thread calibration: mean lat.: 12.810ms, rate sampling interval: 34ms
  Thread calibration: mean lat.: 13.338ms, rate sampling interval: 35ms
  Thread calibration: mean lat.: 13.854ms, rate sampling interval: 39ms
  Thread calibration: mean lat.: 20.500ms, rate sampling interval: 66ms
  Thread calibration: mean lat.: 22.121ms, rate sampling interval: 67ms
  Thread calibration: mean lat.: 24.282ms, rate sampling interval: 71ms
  Thread calibration: mean lat.: 25.326ms, rate sampling interval: 73ms
  Thread calibration: mean lat.: 26.532ms, rate sampling interval: 74ms
  Thread calibration: mean lat.: 27.282ms, rate sampling interval: 74ms
  Thread calibration: mean lat.: 27.576ms, rate sampling interval: 74ms
  Thread calibration: mean lat.: 28.195ms, rate sampling interval: 76ms
  Thread calibration: mean lat.: 27.924ms, rate sampling interval: 75ms

-----------------------------------------------------------------------
Test Results @ http://10.10.1.1:3541 
  Thread Stats   Avg      Stdev     99%   +/- Stdev
    Latency    23.02ms   11.10ms  54.43ms   64.74%
    Req/Sec    88.50     55.71   212.00     65.63%
  Latency Distribution (HdrHistogram - Recorded Latency)
 50.000%   21.33ms
 75.000%   30.86ms
 90.000%   37.79ms
 99.000%   54.43ms
 99.900%   64.89ms
 99.990%   73.60ms
 99.999%   87.55ms
100.000%   88.06ms

  Detailed Percentile spectrum:
       Value   Percentile   TotalCount 1/(1-Percentile)

       6.539     0.000000            1         1.00
      10.295     0.100000        10994         1.11
      12.175     0.200000        21972         1.25
      14.423     0.300000        32966         1.43
      17.407     0.400000        43967         1.67
      21.327     0.500000        54941         2.00
      23.503     0.550000        60432         2.22
      25.567     0.600000        65921         2.50
      27.471     0.650000        71422         2.86
      29.167     0.700000        76917         3.33
      30.863     0.750000        82444         4.00
      31.727     0.775000        85168         4.44
      32.671     0.800000        87910         5.00
      33.727     0.825000        90679         5.71
      34.911     0.850000        93452         6.67
      36.255     0.875000        96169         8.00
      36.959     0.887500        97500         8.89
      37.791     0.900000        98904        10.00
      38.719     0.912500       100266        11.43
      39.775     0.925000       101642        13.33
      41.023     0.937500       103006        16.00
      41.759     0.943750       103683        17.78
      42.591     0.950000       104386        20.00
      43.487     0.956250       105061        22.86
      44.575     0.962500       105744        26.67
      45.823     0.968750       106433        32.00
      46.463     0.971875       106772        35.56
      47.263     0.975000       107124        40.00
      48.287     0.978125       107465        45.71
      49.471     0.981250       107806        53.33
      50.847     0.984375       108150        64.00
      51.647     0.985938       108320        71.11
      52.639     0.987500       108487        80.00
      53.663     0.989062       108659        91.43
      54.911     0.990625       108832       106.67
      56.127     0.992188       109001       128.00
      56.863     0.992969       109087       142.22
      57.631     0.993750       109173       160.00
      58.303     0.994531       109259       182.86
      59.007     0.995313       109346       213.33
      59.999     0.996094       109432       256.00
      60.511     0.996484       109474       284.44
      61.151     0.996875       109517       320.00
      61.631     0.997266       109560       365.71
      62.239     0.997656       109605       426.67
      62.783     0.998047       109646       512.00
      63.135     0.998242       109666       568.89
      63.455     0.998437       109690       640.00
      63.807     0.998633       109709       731.43
      64.319     0.998828       109731       853.33
      64.959     0.999023       109752      1024.00
      65.311     0.999121       109763      1137.78
      65.727     0.999219       109776      1280.00
      66.367     0.999316       109786      1462.86
      66.623     0.999414       109795      1706.67
      68.031     0.999512       109806      2048.00
      68.415     0.999561       109811      2275.56
      69.055     0.999609       109817      2560.00
      69.759     0.999658       109822      2925.71
      70.079     0.999707       109827      3413.33
      71.359     0.999756       109833      4096.00
      71.487     0.999780       109836      4551.11
      71.807     0.999805       109838      5120.00
      72.703     0.999829       109842      5851.43
      73.023     0.999854       109843      6826.67
      73.215     0.999878       109846      8192.00
      73.343     0.999890       109847      9102.22
      73.855     0.999902       109849     10240.00
      74.367     0.999915       109850     11702.86
      75.327     0.999927       109851     13653.33
      76.095     0.999939       109853     16384.00
      76.095     0.999945       109853     18204.44
      76.479     0.999951       109854     20480.00
      76.799     0.999957       109855     23405.71
      76.799     0.999963       109855     27306.67
      76.927     0.999969       109856     32768.00
      76.927     0.999973       109856     36408.89
      77.439     0.999976       109857     40960.00
      77.439     0.999979       109857     46811.43
      77.439     0.999982       109857     54613.33
      87.551     0.999985       109858     65536.00
      87.551     0.999986       109858     72817.78
      87.551     0.999988       109858     81920.00
      87.551     0.999989       109858     93622.86
      87.551     0.999991       109858    109226.67
      88.063     0.999992       109859    131072.00
      88.063     1.000000       109859          inf
#[Mean    =       23.025, StdDeviation   =       11.100]
#[Max     =       88.000, Total count    =       109859]
#[Buckets =           27, SubBuckets     =         2048]
-----------------------------------------------------------------------
  131699 requests in 1.00m, 20.42MB read
Requests/sec:   2196.59  
Transfer/sec:    348.70KB

=== rps=2400 c=288 t=29 url=http://10.10.1.1:3541 ===
setup: assigned thread_id=1
init: final thread_id=1, base_seed=nil
setup: assigned thread_id=2
init: final thread_id=2, base_seed=nil
setup: assigned thread_id=3
init: final thread_id=3, base_seed=nil
setup: assigned thread_id=4
init: final thread_id=4, base_seed=nil
setup: assigned thread_id=5
init: final thread_id=5, base_seed=nil
setup: assigned thread_id=6
init: final thread_id=6, base_seed=nil
setup: assigned thread_id=7
init: final thread_id=7, base_seed=nil
setup: assigned thread_id=8
init: final thread_id=8, base_seed=nil
setup: assigned thread_id=9
init: final thread_id=9, base_seed=nil
setup: assigned thread_id=10
init: final thread_id=10, base_seed=nil
setup: assigned thread_id=11
init: final thread_id=11, base_seed=nil
setup: assigned thread_id=12
init: final thread_id=12, base_seed=nil
setup: assigned thread_id=13
init: final thread_id=13, base_seed=nil
setup: assigned thread_id=14
init: final thread_id=14, base_seed=nil
setup: assigned thread_id=15
init: final thread_id=15, base_seed=nil
setup: assigned thread_id=16
init: final thread_id=16, base_seed=nil
setup: assigned thread_id=17
init: final thread_id=17, base_seed=nil
setup: assigned thread_id=18
init: final thread_id=18, base_seed=nil
setup: assigned thread_id=19
init: final thread_id=19, base_seed=nil
setup: assigned thread_id=20
init: final thread_id=20, base_seed=nil
setup: assigned thread_id=21
init: final thread_id=21, base_seed=nil
setup: assigned thread_id=22
init: final thread_id=22, base_seed=nil
setup: assigned thread_id=23
init: final thread_id=23, base_seed=nil
setup: assigned thread_id=24
init: final thread_id=24, base_seed=nil
setup: assigned thread_id=25
init: final thread_id=25, base_seed=nil
setup: assigned thread_id=26
init: final thread_id=26, base_seed=nil
setup: assigned thread_id=27
init: final thread_id=27, base_seed=nil
setup: assigned thread_id=28
init: final thread_id=28, base_seed=nil
setup: assigned thread_id=29
init: final thread_id=29, base_seed=nil
script_want_response
Running 1m test @ http://10.10.1.1:3541
  29 threads and 288 connections

  Thread calibration: mean lat.: 22.416ms, rate sampling interval: 70ms
  Thread calibration: mean lat.: 22.044ms, rate sampling interval: 70ms
  Thread calibration: mean lat.: 21.030ms, rate sampling interval: 67ms
  Thread calibration: mean lat.: 20.053ms, rate sampling interval: 63ms
  Thread calibration: mean lat.: 19.525ms, rate sampling interval: 62ms
  Thread calibration: mean lat.: 18.777ms, rate sampling interval: 59ms
  Thread calibration: mean lat.: 17.824ms, rate sampling interval: 56ms
  Thread calibration: mean lat.: 17.416ms, rate sampling interval: 53ms
  Thread calibration: mean lat.: 16.519ms, rate sampling interval: 51ms
  Thread calibration: mean lat.: 16.244ms, rate sampling interval: 50ms
  Thread calibration: mean lat.: 16.035ms, rate sampling interval: 48ms
  Thread calibration: mean lat.: 14.591ms, rate sampling interval: 42ms
  Thread calibration: mean lat.: 14.525ms, rate sampling interval: 41ms
  Thread calibration: mean lat.: 14.660ms, rate sampling interval: 40ms
  Thread calibration: mean lat.: 14.272ms, rate sampling interval: 38ms
  Thread calibration: mean lat.: 14.282ms, rate sampling interval: 40ms
  Thread calibration: mean lat.: 19.115ms, rate sampling interval: 61ms
  Thread calibration: mean lat.: 20.414ms, rate sampling interval: 64ms
  Thread calibration: mean lat.: 21.334ms, rate sampling interval: 63ms
  Thread calibration: mean lat.: 22.172ms, rate sampling interval: 65ms
  Thread calibration: mean lat.: 22.972ms, rate sampling interval: 65ms
  Thread calibration: mean lat.: 23.148ms, rate sampling interval: 67ms
  Thread calibration: mean lat.: 22.494ms, rate sampling interval: 65ms
  Thread calibration: mean lat.: 19.573ms, rate sampling interval: 60ms
  Thread calibration: mean lat.: 20.198ms, rate sampling interval: 61ms
  Thread calibration: mean lat.: 18.960ms, rate sampling interval: 59ms
  Thread calibration: mean lat.: 17.737ms, rate sampling interval: 56ms
  Thread calibration: mean lat.: 16.626ms, rate sampling interval: 53ms
  Thread calibration: mean lat.: 15.078ms, rate sampling interval: 46ms

-----------------------------------------------------------------------
Test Results @ http://10.10.1.1:3541 
  Thread Stats   Avg      Stdev     99%   +/- Stdev
    Latency    19.65ms    9.09ms  48.32ms   75.75%
    Req/Sec    82.49     60.70   200.00     58.72%
  Latency Distribution (HdrHistogram - Recorded Latency)
 50.000%   17.92ms
 75.000%   24.25ms
 90.000%   30.51ms
 99.000%   48.32ms
 99.900%   90.75ms
 99.990%  115.78ms
 99.999%  121.79ms
100.000%  121.98ms

  Detailed Percentile spectrum:
       Value   Percentile   TotalCount 1/(1-Percentile)

       6.911     0.000000            1         1.00
      10.327     0.100000        11914         1.11
      12.151     0.200000        23790         1.25
      13.959     0.300000        35644         1.43
      15.855     0.400000        47534         1.67
      17.919     0.500000        59416         2.00
      19.055     0.550000        65393         2.22
      20.255     0.600000        71333         2.50
      21.519     0.650000        77246         2.86
      22.815     0.700000        83175         3.33
      24.255     0.750000        89133         4.00
      25.055     0.775000        92109         4.44
      25.887     0.800000        95098         5.00
      26.767     0.825000        98028         5.71
      27.807     0.850000       101008         6.67
      29.007     0.875000       103966         8.00
      29.743     0.887500       105468         8.89
      30.511     0.900000       106939        10.00
      31.407     0.912500       108427        11.43
      32.415     0.925000       109912        13.33
      33.599     0.937500       111397        16.00
      34.303     0.943750       112129        17.78
      35.135     0.950000       112875        20.00
      35.967     0.956250       113619        22.86
      37.055     0.962500       114355        26.67
      38.367     0.968750       115107        32.00
      39.135     0.971875       115474        35.56
      40.063     0.975000       115848        40.00
      40.959     0.978125       116216        45.71
      42.143     0.981250       116587        53.33
      43.487     0.984375       116953        64.00
      44.543     0.985938       117140        71.11
      45.663     0.987500       117326        80.00
      47.167     0.989062       117510        91.43
      49.215     0.990625       117696       106.67
      51.935     0.992188       117881       128.00
      53.823     0.992969       117974       142.22
      55.775     0.993750       118067       160.00
      57.215     0.994531       118163       182.86
      59.775     0.995313       118253       213.33
      62.399     0.996094       118346       256.00
      63.775     0.996484       118392       284.44
      66.687     0.996875       118438       320.00
      69.119     0.997266       118485       365.71
      71.679     0.997656       118531       426.67
      75.199     0.998047       118578       512.00
      76.095     0.998242       118602       568.89
      77.375     0.998437       118624       640.00
      79.807     0.998633       118647       731.43
      84.287     0.998828       118670       853.33
      90.943     0.999023       118693      1024.00
      95.039     0.999121       118705      1137.78
      97.855     0.999219       118717      1280.00
     100.223     0.999316       118728      1462.86
     101.695     0.999414       118740      1706.67
     103.295     0.999512       118751      2048.00
     104.959     0.999561       118757      2275.56
     107.903     0.999609       118763      2560.00
     110.719     0.999658       118769      2925.71
     112.191     0.999707       118775      3413.33
     112.895     0.999756       118780      4096.00
     113.599     0.999780       118783      4551.11
     113.919     0.999805       118786      5120.00
     114.559     0.999829       118790      5851.43
     114.879     0.999854       118792      6826.67
     115.327     0.999878       118795      8192.00
     115.583     0.999890       118796      9102.22
     115.967     0.999902       118798     10240.00
     116.159     0.999915       118799     11702.86
     116.863     0.999927       118801     13653.33
     118.079     0.999939       118802     16384.00
     118.655     0.999945       118803     18204.44
     118.783     0.999951       118804     20480.00
     118.783     0.999957       118804     23405.71
     119.871     0.999963       118805     27306.67
     120.447     0.999969       118806     32768.00
     120.447     0.999973       118806     36408.89
     121.023     0.999976       118807     40960.00
     121.023     0.999979       118807     46811.43
     121.023     0.999982       118807     54613.33
     121.791     0.999985       118808     65536.00
     121.791     0.999986       118808     72817.78
     121.791     0.999988       118808     81920.00
     121.791     0.999989       118808     93622.86
     121.791     0.999991       118808    109226.67
     121.983     0.999992       118809    131072.00
     121.983     1.000000       118809          inf
#[Mean    =       19.649, StdDeviation   =        9.090]
#[Max     =      121.920, Total count    =       118809]
#[Buckets =           27, SubBuckets     =         2048]
-----------------------------------------------------------------------
  142357 requests in 1.00m, 22.08MB read
Requests/sec:   2374.53  
Transfer/sec:    377.08KB

=== rps=2600 c=338 t=34 url=http://10.10.1.1:3541 ===
setup: assigned thread_id=1
init: final thread_id=1, base_seed=nil
setup: assigned thread_id=2
init: final thread_id=2, base_seed=nil
setup: assigned thread_id=3
init: final thread_id=3, base_seed=nil
setup: assigned thread_id=4
init: final thread_id=4, base_seed=nil
setup: assigned thread_id=5
init: final thread_id=5, base_seed=nil
setup: assigned thread_id=6
init: final thread_id=6, base_seed=nil
setup: assigned thread_id=7
init: final thread_id=7, base_seed=nil
setup: assigned thread_id=8
init: final thread_id=8, base_seed=nil
setup: assigned thread_id=9
init: final thread_id=9, base_seed=nil
setup: assigned thread_id=10
init: final thread_id=10, base_seed=nil
setup: assigned thread_id=11
init: final thread_id=11, base_seed=nil
setup: assigned thread_id=12
init: final thread_id=12, base_seed=nil
setup: assigned thread_id=13
init: final thread_id=13, base_seed=nil
setup: assigned thread_id=14
init: final thread_id=14, base_seed=nil
setup: assigned thread_id=15
init: final thread_id=15, base_seed=nil
setup: assigned thread_id=16
init: final thread_id=16, base_seed=nil
setup: assigned thread_id=17
init: final thread_id=17, base_seed=nil
setup: assigned thread_id=18
init: final thread_id=18, base_seed=nil
setup: assigned thread_id=19
init: final thread_id=19, base_seed=nil
setup: assigned thread_id=20
init: final thread_id=20, base_seed=nil
setup: assigned thread_id=21
init: final thread_id=21, base_seed=nil
setup: assigned thread_id=22
init: final thread_id=22, base_seed=nil
setup: assigned thread_id=23
init: final thread_id=23, base_seed=nil
setup: assigned thread_id=24
init: final thread_id=24, base_seed=nil
setup: assigned thread_id=25
init: final thread_id=25, base_seed=nil
setup: assigned thread_id=26
init: final thread_id=26, base_seed=nil
setup: assigned thread_id=27
init: final thread_id=27, base_seed=nil
setup: assigned thread_id=28
init: final thread_id=28, base_seed=nil
setup: assigned thread_id=29
init: final thread_id=29, base_seed=nil
setup: assigned thread_id=30
init: final thread_id=30, base_seed=nil
setup: assigned thread_id=31
init: final thread_id=31, base_seed=nil
setup: assigned thread_id=32
init: final thread_id=32, base_seed=nil
setup: assigned thread_id=33
init: final thread_id=33, base_seed=nil
setup: assigned thread_id=34
init: final thread_id=34, base_seed=nil
script_want_response
Running 1m test @ http://10.10.1.1:3541
  34 threads and 338 connections

  Thread calibration: mean lat.: 30.617ms, rate sampling interval: 76ms
  Thread calibration: mean lat.: 30.220ms, rate sampling interval: 75ms
  Thread calibration: mean lat.: 29.953ms, rate sampling interval: 74ms
  Thread calibration: mean lat.: 28.192ms, rate sampling interval: 71ms
  Thread calibration: mean lat.: 26.291ms, rate sampling interval: 70ms
  Thread calibration: mean lat.: 25.657ms, rate sampling interval: 67ms
  Thread calibration: mean lat.: 24.630ms, rate sampling interval: 65ms
  Thread calibration: mean lat.: 22.501ms, rate sampling interval: 62ms
  Thread calibration: mean lat.: 21.671ms, rate sampling interval: 60ms
  Thread calibration: mean lat.: 20.605ms, rate sampling interval: 57ms
  Thread calibration: mean lat.: 17.329ms, rate sampling interval: 48ms
  Thread calibration: mean lat.: 17.151ms, rate sampling interval: 47ms
  Thread calibration: mean lat.: 16.746ms, rate sampling interval: 46ms
  Thread calibration: mean lat.: 17.059ms, rate sampling interval: 47ms
  Thread calibration: mean lat.: 17.601ms, rate sampling interval: 49ms
  Thread calibration: mean lat.: 17.022ms, rate sampling interval: 46ms
  Thread calibration: mean lat.: 17.237ms, rate sampling interval: 51ms
  Thread calibration: mean lat.: 23.803ms, rate sampling interval: 72ms
  Thread calibration: mean lat.: 25.065ms, rate sampling interval: 74ms
  Thread calibration: mean lat.: 25.928ms, rate sampling interval: 76ms
  Thread calibration: mean lat.: 26.811ms, rate sampling interval: 78ms
  Thread calibration: mean lat.: 28.274ms, rate sampling interval: 79ms
  Thread calibration: mean lat.: 26.794ms, rate sampling interval: 78ms
  Thread calibration: mean lat.: 23.292ms, rate sampling interval: 75ms
  Thread calibration: mean lat.: 23.897ms, rate sampling interval: 76ms
  Thread calibration: mean lat.: 23.096ms, rate sampling interval: 76ms
  Thread calibration: mean lat.: 22.775ms, rate sampling interval: 74ms
  Thread calibration: mean lat.: 18.553ms, rate sampling interval: 64ms
  Thread calibration: mean lat.: 18.286ms, rate sampling interval: 64ms
  Thread calibration: mean lat.: 17.096ms, rate sampling interval: 54ms
  Thread calibration: mean lat.: 16.708ms, rate sampling interval: 47ms
  Thread calibration: mean lat.: 16.979ms, rate sampling interval: 48ms
  Thread calibration: mean lat.: 17.129ms, rate sampling interval: 50ms
  Thread calibration: mean lat.: 17.451ms, rate sampling interval: 52ms

-----------------------------------------------------------------------
Test Results @ http://10.10.1.1:3541 
  Thread Stats   Avg      Stdev     99%   +/- Stdev
    Latency    22.30ms    9.37ms  48.58ms   68.87%
    Req/Sec    76.23     58.57   195.00     60.20%
  Latency Distribution (HdrHistogram - Recorded Latency)
 50.000%   20.64ms
 75.000%   28.11ms
 90.000%   34.75ms
 99.000%   48.58ms
 99.900%   78.72ms
 99.990%   94.91ms
 99.999%  116.16ms
100.000%  119.68ms

  Detailed Percentile spectrum:
       Value   Percentile   TotalCount 1/(1-Percentile)

       7.343     0.000000            1         1.00
      11.775     0.100000        12950         1.11
      13.903     0.200000        25831         1.25
      16.023     0.300000        38694         1.43
      18.223     0.400000        51619         1.67
      20.639     0.500000        64505         2.00
      21.999     0.550000        70988         2.22
      23.375     0.600000        77441         2.50
      24.847     0.650000        83818         2.86
      26.447     0.700000        90268         3.33
      28.111     0.750000        96716         4.00
      28.975     0.775000        99942         4.44
      29.935     0.800000       103198         5.00
      30.911     0.825000       106391         5.71
      32.031     0.850000       109606         6.67
      33.279     0.875000       112828         8.00
      33.983     0.887500       114462         8.89
      34.751     0.900000       116071        10.00
      35.583     0.912500       117665        11.43
      36.543     0.925000       119314        13.33
      37.599     0.937500       120916        16.00
      38.239     0.943750       121722        17.78
      38.943     0.950000       122522        20.00
      39.711     0.956250       123311        22.86
      40.639     0.962500       124118        26.67
      41.887     0.968750       124931        32.00
      42.495     0.971875       125342        35.56
      43.135     0.975000       125721        40.00
      43.935     0.978125       126137        45.71
      44.831     0.981250       126533        53.33
      46.015     0.984375       126935        64.00
      46.623     0.985938       127137        71.11
      47.359     0.987500       127335        80.00
      48.159     0.989062       127541        91.43
      48.927     0.990625       127739       106.67
      50.047     0.992188       127941       128.00
      50.687     0.992969       128038       142.22
      51.551     0.993750       128141       160.00
      52.607     0.994531       128240       182.86
      54.015     0.995313       128342       213.33
      55.583     0.996094       128443       256.00
      56.543     0.996484       128493       284.44
      57.791     0.996875       128543       320.00
      59.711     0.997266       128592       365.71
      62.143     0.997656       128642       426.67
      69.183     0.998047       128693       512.00
      71.359     0.998242       128718       568.89
      73.343     0.998437       128744       640.00
      75.391     0.998633       128768       731.43
      76.927     0.998828       128793       853.33
      79.295     0.999023       128819      1024.00
      80.447     0.999121       128831      1137.78
      81.279     0.999219       128844      1280.00
      81.663     0.999316       128856      1462.86
      82.559     0.999414       128869      1706.67
      84.351     0.999512       128883      2048.00
      84.863     0.999561       128888      2275.56
      85.183     0.999609       128894      2560.00
      86.463     0.999658       128900      2925.71
      87.487     0.999707       128907      3413.33
      88.447     0.999756       128913      4096.00
      88.831     0.999780       128916      4551.11
      90.047     0.999805       128919      5120.00
      90.815     0.999829       128922      5851.43
      91.839     0.999854       128926      6826.67
      92.991     0.999878       128929      8192.00
      94.271     0.999890       128930      9102.22
      95.103     0.999902       128932     10240.00
      95.231     0.999915       128933     11702.86
      95.679     0.999927       128935     13653.33
     102.143     0.999939       128937     16384.00
     102.143     0.999945       128937     18204.44
     102.783     0.999951       128938     20480.00
     103.999     0.999957       128939     23405.71
     107.455     0.999963       128940     27306.67
     108.159     0.999969       128941     32768.00
     108.159     0.999973       128941     36408.89
     108.159     0.999976       128941     40960.00
     110.079     0.999979       128942     46811.43
     110.079     0.999982       128942     54613.33
     116.159     0.999985       128943     65536.00
     116.159     0.999986       128943     72817.78
     116.159     0.999988       128943     81920.00
     116.159     0.999989       128943     93622.86
     116.159     0.999991       128943    109226.67
     119.679     0.999992       128944    131072.00
     119.679     1.000000       128944          inf
#[Mean    =       22.304, StdDeviation   =        9.374]
#[Max     =      119.616, Total count    =       128944]
#[Buckets =           27, SubBuckets     =         2048]
-----------------------------------------------------------------------
  154620 requests in 1.00m, 23.97MB read
Requests/sec:   2579.94  
Transfer/sec:    409.59KB

=== rps=2800 c=392 t=40 url=http://10.10.1.1:3541 ===
setup: assigned thread_id=1
init: final thread_id=1, base_seed=nil
setup: assigned thread_id=2
init: final thread_id=2, base_seed=nil
setup: assigned thread_id=3
init: final thread_id=3, base_seed=nil
setup: assigned thread_id=4
init: final thread_id=4, base_seed=nil
setup: assigned thread_id=5
init: final thread_id=5, base_seed=nil
setup: assigned thread_id=6
init: final thread_id=6, base_seed=nil
setup: assigned thread_id=7
init: final thread_id=7, base_seed=nil
setup: assigned thread_id=8
init: final thread_id=8, base_seed=nil
setup: assigned thread_id=9
init: final thread_id=9, base_seed=nil
setup: assigned thread_id=10
init: final thread_id=10, base_seed=nil
setup: assigned thread_id=11
init: final thread_id=11, base_seed=nil
setup: assigned thread_id=12
init: final thread_id=12, base_seed=nil
setup: assigned thread_id=13
init: final thread_id=13, base_seed=nil
setup: assigned thread_id=14
init: final thread_id=14, base_seed=nil
setup: assigned thread_id=15
init: final thread_id=15, base_seed=nil
setup: assigned thread_id=16
init: final thread_id=16, base_seed=nil
setup: assigned thread_id=17
init: final thread_id=17, base_seed=nil
setup: assigned thread_id=18
init: final thread_id=18, base_seed=nil
setup: assigned thread_id=19
init: final thread_id=19, base_seed=nil
setup: assigned thread_id=20
init: final thread_id=20, base_seed=nil
setup: assigned thread_id=21
init: final thread_id=21, base_seed=nil
setup: assigned thread_id=22
init: final thread_id=22, base_seed=nil
setup: assigned thread_id=23
init: final thread_id=23, base_seed=nil
setup: assigned thread_id=24
init: final thread_id=24, base_seed=nil
setup: assigned thread_id=25
init: final thread_id=25, base_seed=nil
setup: assigned thread_id=26
init: final thread_id=26, base_seed=nil
setup: assigned thread_id=27
init: final thread_id=27, base_seed=nil
setup: assigned thread_id=28
init: final thread_id=28, base_seed=nil
setup: assigned thread_id=29
init: final thread_id=29, base_seed=nil
setup: assigned thread_id=30
init: final thread_id=30, base_seed=nil
setup: assigned thread_id=31
init: final thread_id=31, base_seed=nil
setup: assigned thread_id=32
init: final thread_id=32, base_seed=nil
setup: assigned thread_id=33
init: final thread_id=33, base_seed=nil
setup: assigned thread_id=34
init: final thread_id=34, base_seed=nil
setup: assigned thread_id=35
init: final thread_id=35, base_seed=nil
setup: assigned thread_id=36
init: final thread_id=36, base_seed=nil
setup: assigned thread_id=37
init: final thread_id=37, base_seed=nil
setup: assigned thread_id=38
init: final thread_id=38, base_seed=nil
setup: assigned thread_id=39
init: final thread_id=39, base_seed=nil
setup: assigned thread_id=40
init: final thread_id=40, base_seed=nil
script_want_response
Running 1m test @ http://10.10.1.1:3541
  40 threads and 392 connections

  Thread calibration: mean lat.: 13.393ms, rate sampling interval: 42ms
  Thread calibration: mean lat.: 13.595ms, rate sampling interval: 42ms
  Thread calibration: mean lat.: 16.222ms, rate sampling interval: 58ms
  Thread calibration: mean lat.: 18.569ms, rate sampling interval: 65ms
  Thread calibration: mean lat.: 19.028ms, rate sampling interval: 65ms
  Thread calibration: mean lat.: 21.130ms, rate sampling interval: 70ms
  Thread calibration: mean lat.: 22.971ms, rate sampling interval: 75ms
  Thread calibration: mean lat.: 24.871ms, rate sampling interval: 78ms
  Thread calibration: mean lat.: 26.649ms, rate sampling interval: 80ms
  Thread calibration: mean lat.: 29.706ms, rate sampling interval: 81ms
  Thread calibration: mean lat.: 23.421ms, rate sampling interval: 73ms
  Thread calibration: mean lat.: 22.971ms, rate sampling interval: 71ms
  Thread calibration: mean lat.: 21.376ms, rate sampling interval: 68ms
  Thread calibration: mean lat.: 19.436ms, rate sampling interval: 63ms
  Thread calibration: mean lat.: 18.244ms, rate sampling interval: 59ms
  Thread calibration: mean lat.: 18.624ms, rate sampling interval: 57ms
  Thread calibration: mean lat.: 20.205ms, rate sampling interval: 63ms
  Thread calibration: mean lat.: 21.119ms, rate sampling interval: 63ms
  Thread calibration: mean lat.: 22.535ms, rate sampling interval: 65ms
  Thread calibration: mean lat.: 23.524ms, rate sampling interval: 66ms
  Thread calibration: mean lat.: 23.953ms, rate sampling interval: 66ms
  Thread calibration: mean lat.: 24.565ms, rate sampling interval: 65ms
  Thread calibration: mean lat.: 23.602ms, rate sampling interval: 64ms
  Thread calibration: mean lat.: 22.129ms, rate sampling interval: 61ms
  Thread calibration: mean lat.: 21.934ms, rate sampling interval: 60ms
  Thread calibration: mean lat.: 20.901ms, rate sampling interval: 58ms
  Thread calibration: mean lat.: 19.758ms, rate sampling interval: 55ms
  Thread calibration: mean lat.: 19.717ms, rate sampling interval: 56ms
  Thread calibration: mean lat.: 19.269ms, rate sampling interval: 54ms
  Thread calibration: mean lat.: 20.201ms, rate sampling interval: 58ms
  Thread calibration: mean lat.: 26.318ms, rate sampling interval: 81ms
  Thread calibration: mean lat.: 27.406ms, rate sampling interval: 81ms
  Thread calibration: mean lat.: 27.893ms, rate sampling interval: 82ms
  Thread calibration: mean lat.: 29.018ms, rate sampling interval: 83ms
  Thread calibration: mean lat.: 29.623ms, rate sampling interval: 83ms
  Thread calibration: mean lat.: 29.796ms, rate sampling interval: 84ms
  Thread calibration: mean lat.: 31.178ms, rate sampling interval: 85ms
  Thread calibration: mean lat.: 30.984ms, rate sampling interval: 83ms
  Thread calibration: mean lat.: 31.574ms, rate sampling interval: 85ms
  Thread calibration: mean lat.: 31.770ms, rate sampling interval: 86ms

-----------------------------------------------------------------------
Test Results @ http://10.10.1.1:3541 
  Thread Stats   Avg      Stdev     99%   +/- Stdev
    Latency    22.18ms   10.22ms  51.68ms   70.76%
    Req/Sec    70.17     55.47   214.00     57.81%
  Latency Distribution (HdrHistogram - Recorded Latency)
 50.000%   20.51ms
 75.000%   28.22ms
 90.000%   35.01ms
 99.000%   51.68ms
 99.900%   93.63ms
 99.990%  133.89ms
 99.999%  177.15ms
100.000%  177.15ms

  Detailed Percentile spectrum:
       Value   Percentile   TotalCount 1/(1-Percentile)

       7.275     0.000000            1         1.00
      10.919     0.100000        14004         1.11
      13.223     0.200000        27953         1.25
      15.495     0.300000        41914         1.43
      17.903     0.400000        55891         1.67
      20.511     0.500000        69846         2.00
      21.903     0.550000        76859         2.22
      23.343     0.600000        83809         2.50
      24.863     0.650000        90794         2.86
      26.447     0.700000        97789         3.33
      28.223     0.750000       104812         4.00
      29.119     0.775000       108253         4.44
      30.079     0.800000       111781         5.00
      31.087     0.825000       115244         5.71
      32.271     0.850000       118766         6.67
      33.535     0.875000       122300         8.00
      34.239     0.887500       124020         8.89
      35.007     0.900000       125768        10.00
      35.839     0.912500       127522        11.43
      36.735     0.925000       129245        13.33
      37.855     0.937500       130975        16.00
      38.495     0.943750       131844        17.78
      39.199     0.950000       132731        20.00
      40.063     0.956250       133600        22.86
      41.055     0.962500       134448        26.67
      42.175     0.968750       135325        32.00
      42.847     0.971875       135766        35.56
      43.679     0.975000       136195        40.00
      44.575     0.978125       136631        45.71
      45.823     0.981250       137069        53.33
      47.423     0.984375       137501        64.00
      48.383     0.985938       137719        71.11
      49.599     0.987500       137937        80.00
      50.879     0.989062       138158        91.43
      52.383     0.990625       138371       106.67
      54.239     0.992188       138591       128.00
      55.359     0.992969       138701       142.22
      56.799     0.993750       138809       160.00
      58.719     0.994531       138918       182.86
      61.311     0.995313       139026       213.33
      64.383     0.996094       139135       256.00
      66.943     0.996484       139190       284.44
      68.735     0.996875       139245       320.00
      70.719     0.997266       139299       365.71
      73.343     0.997656       139353       426.67
      77.311     0.998047       139409       512.00
      79.551     0.998242       139435       568.89
      83.903     0.998437       139462       640.00
      87.551     0.998633       139491       731.43
      90.559     0.998828       139517       853.33
      93.823     0.999023       139544      1024.00
      95.295     0.999121       139558      1137.78
      96.575     0.999219       139571      1280.00
      97.919     0.999316       139586      1462.86
      99.519     0.999414       139600      1706.67
     105.471     0.999512       139612      2048.00
     107.071     0.999561       139619      2275.56
     110.463     0.999609       139626      2560.00
     116.159     0.999658       139633      2925.71
     119.103     0.999707       139640      3413.33
     121.407     0.999756       139646      4096.00
     123.519     0.999780       139650      4551.11
     129.151     0.999805       139654      5120.00
     130.879     0.999829       139657      5851.43
     132.607     0.999854       139660      6826.67
     133.119     0.999878       139663      8192.00
     133.631     0.999890       139665      9102.22
     136.831     0.999902       139667     10240.00
     139.647     0.999915       139669     11702.86
     148.735     0.999927       139670     13653.33
     173.567     0.999939       139672     16384.00
     175.103     0.999945       139673     18204.44
     175.615     0.999951       139674     20480.00
     175.743     0.999957       139675     23405.71
     175.743     0.999963       139675     27306.67
     175.999     0.999969       139676     32768.00
     176.383     0.999973       139677     36408.89
     176.383     0.999976       139677     40960.00
     177.023     0.999979       139678     46811.43
     177.023     0.999982       139678     54613.33
     177.023     0.999985       139678     65536.00
     177.151     0.999986       139680     72817.78
     177.151     1.000000       139680          inf
#[Mean    =       22.179, StdDeviation   =       10.215]
#[Max     =      177.024, Total count    =       139680]
#[Buckets =           27, SubBuckets     =         2048]
-----------------------------------------------------------------------
  167439 requests in 1.00m, 25.97MB read
Requests/sec:   2796.09  
Transfer/sec:    444.01KB

=== rps=3000 c=450 t=45 url=http://10.10.1.1:3541 ===
setup: assigned thread_id=1
init: final thread_id=1, base_seed=nil
setup: assigned thread_id=2
init: final thread_id=2, base_seed=nil
setup: assigned thread_id=3
init: final thread_id=3, base_seed=nil
setup: assigned thread_id=4
init: final thread_id=4, base_seed=nil
setup: assigned thread_id=5
init: final thread_id=5, base_seed=nil
setup: assigned thread_id=6
init: final thread_id=6, base_seed=nil
setup: assigned thread_id=7
init: final thread_id=7, base_seed=nil
setup: assigned thread_id=8
init: final thread_id=8, base_seed=nil
setup: assigned thread_id=9
init: final thread_id=9, base_seed=nil
setup: assigned thread_id=10
init: final thread_id=10, base_seed=nil
setup: assigned thread_id=11
init: final thread_id=11, base_seed=nil
setup: assigned thread_id=12
init: final thread_id=12, base_seed=nil
setup: assigned thread_id=13
init: final thread_id=13, base_seed=nil
setup: assigned thread_id=14
init: final thread_id=14, base_seed=nil
setup: assigned thread_id=15
init: final thread_id=15, base_seed=nil
setup: assigned thread_id=16
init: final thread_id=16, base_seed=nil
setup: assigned thread_id=17
init: final thread_id=17, base_seed=nil
setup: assigned thread_id=18
init: final thread_id=18, base_seed=nil
setup: assigned thread_id=19
init: final thread_id=19, base_seed=nil
setup: assigned thread_id=20
init: final thread_id=20, base_seed=nil
setup: assigned thread_id=21
init: final thread_id=21, base_seed=nil
setup: assigned thread_id=22
init: final thread_id=22, base_seed=nil
setup: assigned thread_id=23
init: final thread_id=23, base_seed=nil
setup: assigned thread_id=24
init: final thread_id=24, base_seed=nil
setup: assigned thread_id=25
init: final thread_id=25, base_seed=nil
setup: assigned thread_id=26
init: final thread_id=26, base_seed=nil
setup: assigned thread_id=27
init: final thread_id=27, base_seed=nil
setup: assigned thread_id=28
init: final thread_id=28, base_seed=nil
setup: assigned thread_id=29
init: final thread_id=29, base_seed=nil
setup: assigned thread_id=30
init: final thread_id=30, base_seed=nil
setup: assigned thread_id=31
init: final thread_id=31, base_seed=nil
setup: assigned thread_id=32
init: final thread_id=32, base_seed=nil
setup: assigned thread_id=33
init: final thread_id=33, base_seed=nil
setup: assigned thread_id=34
init: final thread_id=34, base_seed=nil
setup: assigned thread_id=35
init: final thread_id=35, base_seed=nil
setup: assigned thread_id=36
init: final thread_id=36, base_seed=nil
setup: assigned thread_id=37
init: final thread_id=37, base_seed=nil
setup: assigned thread_id=38
init: final thread_id=38, base_seed=nil
setup: assigned thread_id=39
init: final thread_id=39, base_seed=nil
setup: assigned thread_id=40
init: final thread_id=40, base_seed=nil
setup: assigned thread_id=41
init: final thread_id=41, base_seed=nil
setup: assigned thread_id=42
init: final thread_id=42, base_seed=nil
setup: assigned thread_id=43
init: final thread_id=43, base_seed=nil
setup: assigned thread_id=44
init: final thread_id=44, base_seed=nil
setup: assigned thread_id=45
init: final thread_id=45, base_seed=nil
script_want_response
Running 1m test @ http://10.10.1.1:3541
  45 threads and 450 connections

  Thread calibration: mean lat.: 59.490ms, rate sampling interval: 148ms
  Thread calibration: mean lat.: 58.910ms, rate sampling interval: 152ms
  Thread calibration: mean lat.: 59.265ms, rate sampling interval: 153ms
  Thread calibration: mean lat.: 56.849ms, rate sampling interval: 148ms
  Thread calibration: mean lat.: 56.437ms, rate sampling interval: 151ms
  Thread calibration: mean lat.: 52.705ms, rate sampling interval: 144ms
  Thread calibration: mean lat.: 50.898ms, rate sampling interval: 138ms
  Thread calibration: mean lat.: 51.123ms, rate sampling interval: 144ms
  Thread calibration: mean lat.: 47.160ms, rate sampling interval: 117ms
  Thread calibration: mean lat.: 45.496ms, rate sampling interval: 113ms
  Thread calibration: mean lat.: 31.803ms, rate sampling interval: 94ms
  Thread calibration: mean lat.: 29.893ms, rate sampling interval: 90ms
  Thread calibration: mean lat.: 27.933ms, rate sampling interval: 87ms
  Thread calibration: mean lat.: 27.205ms, rate sampling interval: 85ms
  Thread calibration: mean lat.: 25.133ms, rate sampling interval: 82ms
  Thread calibration: mean lat.: 31.058ms, rate sampling interval: 85ms
  Thread calibration: mean lat.: 31.148ms, rate sampling interval: 84ms
  Thread calibration: mean lat.: 31.884ms, rate sampling interval: 83ms
  Thread calibration: mean lat.: 32.319ms, rate sampling interval: 84ms
  Thread calibration: mean lat.: 31.153ms, rate sampling interval: 81ms
  Thread calibration: mean lat.: 31.082ms, rate sampling interval: 81ms
  Thread calibration: mean lat.: 30.904ms, rate sampling interval: 81ms
  Thread calibration: mean lat.: 29.980ms, rate sampling interval: 78ms
  Thread calibration: mean lat.: 30.719ms, rate sampling interval: 82ms
  Thread calibration: mean lat.: 30.204ms, rate sampling interval: 82ms
  Thread calibration: mean lat.: 29.712ms, rate sampling interval: 80ms
  Thread calibration: mean lat.: 29.900ms, rate sampling interval: 84ms
  Thread calibration: mean lat.: 30.838ms, rate sampling interval: 95ms
  Thread calibration: mean lat.: 45.561ms, rate sampling interval: 145ms
  Thread calibration: mean lat.: 48.270ms, rate sampling interval: 144ms
  Thread calibration: mean lat.: 49.344ms, rate sampling interval: 146ms
  Thread calibration: mean lat.: 52.701ms, rate sampling interval: 146ms
  Thread calibration: mean lat.: 53.878ms, rate sampling interval: 146ms
  Thread calibration: mean lat.: 56.781ms, rate sampling interval: 147ms
  Thread calibration: mean lat.: 57.165ms, rate sampling interval: 146ms
  Thread calibration: mean lat.: 58.131ms, rate sampling interval: 146ms
  Thread calibration: mean lat.: 58.463ms, rate sampling interval: 145ms
  Thread calibration: mean lat.: 59.362ms, rate sampling interval: 145ms
  Thread calibration: mean lat.: 59.668ms, rate sampling interval: 149ms
  Thread calibration: mean lat.: 10.563ms, rate sampling interval: 26ms
  Thread calibration: mean lat.: 60.377ms, rate sampling interval: 150ms
  Thread calibration: mean lat.: 61.049ms, rate sampling interval: 152ms
  Thread calibration: mean lat.: 61.050ms, rate sampling interval: 151ms
  Thread calibration: mean lat.: 14.205ms, rate sampling interval: 44ms
  Thread calibration: mean lat.: 16.266ms, rate sampling interval: 50ms

-----------------------------------------------------------------------
Test Results @ http://10.10.1.1:3541 
  Thread Stats   Avg      Stdev     99%   +/- Stdev
    Latency    38.77ms   19.64ms  87.23ms   65.93%
    Req/Sec    66.07     60.94   384.00     72.33%
  Latency Distribution (HdrHistogram - Recorded Latency)
 50.000%   35.87ms
 75.000%   51.65ms
 90.000%   66.37ms
 99.000%   87.23ms
 99.900%  119.81ms
 99.990%  241.41ms
 99.999%  274.69ms
100.000%  277.76ms

  Detailed Percentile spectrum:
       Value   Percentile   TotalCount 1/(1-Percentile)

       7.787     0.000000            1         1.00
      15.895     0.100000        14836         1.11
      20.719     0.200000        29656         1.25
      25.711     0.300000        44466         1.43
      31.023     0.400000        59299         1.67
      35.871     0.500000        74125         2.00
      38.335     0.550000        81567         2.22
      40.991     0.600000        88955         2.50
      43.999     0.650000        96329         2.86
      47.519     0.700000       103749         3.33
      51.647     0.750000       111193         4.00
      53.855     0.775000       114892         4.44
      56.191     0.800000       118576         5.00
      58.559     0.825000       122278         5.71
      61.023     0.850000       125986         6.67
      63.519     0.875000       129668         8.00
      64.895     0.887500       131541         8.89
      66.367     0.900000       133445        10.00
      67.967     0.912500       135289        11.43
      69.695     0.925000       137090        13.33
      71.807     0.937500       138945        16.00
      72.895     0.943750       139888        17.78
      74.047     0.950000       140827        20.00
      75.263     0.956250       141745        22.86
      76.479     0.962500       142677        26.67
      77.823     0.968750       143573        32.00
      78.591     0.971875       144046        35.56
      79.423     0.975000       144511        40.00
      80.319     0.978125       144953        45.71
      81.471     0.981250       145412        53.33
      83.071     0.984375       145890        64.00
      83.903     0.985938       146125        71.11
      84.991     0.987500       146344        80.00
      86.207     0.989062       146575        91.43
      87.743     0.990625       146806       106.67
      89.535     0.992188       147034       128.00
      90.815     0.992969       147152       142.22
      92.351     0.993750       147268       160.00
      93.951     0.994531       147381       182.86
      95.807     0.995313       147498       213.33
      98.047     0.996094       147613       256.00
      99.263     0.996484       147675       284.44
     100.607     0.996875       147728       320.00
     102.271     0.997266       147785       365.71
     104.319     0.997656       147845       426.67
     107.391     0.998047       147901       512.00
     108.671     0.998242       147930       568.89
     111.295     0.998437       147960       640.00
     113.407     0.998633       147989       731.43
     117.375     0.998828       148017       853.33
     119.935     0.999023       148047      1024.00
     121.343     0.999121       148060      1137.78
     122.623     0.999219       148076      1280.00
     123.647     0.999316       148089      1462.86
     144.383     0.999414       148105      1706.67
     148.351     0.999512       148118      2048.00
     174.207     0.999561       148125      2275.56
     180.095     0.999609       148134      2560.00
     206.079     0.999658       148141      2925.71
     228.735     0.999707       148148      3413.33
     231.935     0.999756       148155      4096.00
     233.727     0.999780       148158      4551.11
     236.543     0.999805       148162      5120.00
     238.463     0.999829       148166      5851.43
     239.871     0.999854       148170      6826.67
     240.383     0.999878       148173      8192.00
     240.511     0.999890       148174      9102.22
     245.119     0.999902       148176     10240.00
     251.263     0.999915       148178     11702.86
     251.903     0.999927       148180     13653.33
     252.799     0.999939       148181     16384.00
     253.311     0.999945       148182     18204.44
     253.439     0.999951       148183     20480.00
     254.207     0.999957       148184     23405.71
     259.839     0.999963       148185     27306.67
     262.399     0.999969       148186     32768.00
     262.399     0.999973       148186     36408.89
     273.407     0.999976       148187     40960.00
     273.407     0.999979       148187     46811.43
     273.663     0.999982       148188     54613.33
     273.663     0.999985       148188     65536.00
     273.663     0.999986       148188     72817.78
     274.687     0.999988       148189     81920.00
     274.687     0.999989       148189     93622.86
     274.687     0.999991       148189    109226.67
     274.687     0.999992       148189    131072.00
     274.687     0.999993       148189    145635.56
     277.759     0.999994       148190    163840.00
     277.759     1.000000       148190          inf
#[Mean    =       38.772, StdDeviation   =       19.639]
#[Max     =      277.504, Total count    =       148190]
#[Buckets =           27, SubBuckets     =         2048]
-----------------------------------------------------------------------
  177300 requests in 1.00m, 27.49MB read
Requests/sec:   2957.42  
Transfer/sec:    469.60KB

=== rps=3200 c=512 t=52 url=http://10.10.1.1:3541 ===
setup: assigned thread_id=1
init: final thread_id=1, base_seed=nil
setup: assigned thread_id=2
init: final thread_id=2, base_seed=nil
setup: assigned thread_id=3
init: final thread_id=3, base_seed=nil
setup: assigned thread_id=4
init: final thread_id=4, base_seed=nil
setup: assigned thread_id=5
init: final thread_id=5, base_seed=nil
setup: assigned thread_id=6
init: final thread_id=6, base_seed=nil
setup: assigned thread_id=7
init: final thread_id=7, base_seed=nil
setup: assigned thread_id=8
init: final thread_id=8, base_seed=nil
setup: assigned thread_id=9
init: final thread_id=9, base_seed=nil
setup: assigned thread_id=10
init: final thread_id=10, base_seed=nil
setup: assigned thread_id=11
init: final thread_id=11, base_seed=nil
setup: assigned thread_id=12
init: final thread_id=12, base_seed=nil
setup: assigned thread_id=13
init: final thread_id=13, base_seed=nil
setup: assigned thread_id=14
init: final thread_id=14, base_seed=nil
setup: assigned thread_id=15
init: final thread_id=15, base_seed=nil
setup: assigned thread_id=16
init: final thread_id=16, base_seed=nil
setup: assigned thread_id=17
init: final thread_id=17, base_seed=nil
setup: assigned thread_id=18
init: final thread_id=18, base_seed=nil
setup: assigned thread_id=19
init: final thread_id=19, base_seed=nil
setup: assigned thread_id=20
init: final thread_id=20, base_seed=nil
setup: assigned thread_id=21
init: final thread_id=21, base_seed=nil
setup: assigned thread_id=22
init: final thread_id=22, base_seed=nil
setup: assigned thread_id=23
init: final thread_id=23, base_seed=nil
setup: assigned thread_id=24
init: final thread_id=24, base_seed=nil
setup: assigned thread_id=25
init: final thread_id=25, base_seed=nil
setup: assigned thread_id=26
init: final thread_id=26, base_seed=nil
setup: assigned thread_id=27
init: final thread_id=27, base_seed=nil
setup: assigned thread_id=28
init: final thread_id=28, base_seed=nil
setup: assigned thread_id=29
init: final thread_id=29, base_seed=nil
setup: assigned thread_id=30
init: final thread_id=30, base_seed=nil
setup: assigned thread_id=31
init: final thread_id=31, base_seed=nil
setup: assigned thread_id=32
init: final thread_id=32, base_seed=nil
setup: assigned thread_id=33
init: final thread_id=33, base_seed=nil
setup: assigned thread_id=34
init: final thread_id=34, base_seed=nil
setup: assigned thread_id=35
init: final thread_id=35, base_seed=nil
setup: assigned thread_id=36
init: final thread_id=36, base_seed=nil
setup: assigned thread_id=37
init: final thread_id=37, base_seed=nil
setup: assigned thread_id=38
init: final thread_id=38, base_seed=nil
setup: assigned thread_id=39
init: final thread_id=39, base_seed=nil
setup: assigned thread_id=40
init: final thread_id=40, base_seed=nil
setup: assigned thread_id=41
init: final thread_id=41, base_seed=nil
setup: assigned thread_id=42
init: final thread_id=42, base_seed=nil
setup: assigned thread_id=43
init: final thread_id=43, base_seed=nil
setup: assigned thread_id=44
init: final thread_id=44, base_seed=nil
setup: assigned thread_id=45
init: final thread_id=45, base_seed=nil
setup: assigned thread_id=46
init: final thread_id=46, base_seed=nil
setup: assigned thread_id=47
init: final thread_id=47, base_seed=nil
setup: assigned thread_id=48
init: final thread_id=48, base_seed=nil
setup: assigned thread_id=49
init: final thread_id=49, base_seed=nil
setup: assigned thread_id=50
init: final thread_id=50, base_seed=nil
setup: assigned thread_id=51
init: final thread_id=51, base_seed=nil
setup: assigned thread_id=52
init: final thread_id=52, base_seed=nil
script_want_response
Running 1m test @ http://10.10.1.1:3541
  52 threads and 512 connections

  Thread calibration: mean lat.: 65.982ms, rate sampling interval: 160ms
  Thread calibration: mean lat.: 66.713ms, rate sampling interval: 160ms
  Thread calibration: mean lat.: 65.456ms, rate sampling interval: 159ms
  Thread calibration: mean lat.: 65.025ms, rate sampling interval: 157ms
  Thread calibration: mean lat.: 63.443ms, rate sampling interval: 155ms
  Thread calibration: mean lat.: 61.662ms, rate sampling interval: 156ms
  Thread calibration: mean lat.: 59.123ms, rate sampling interval: 148ms
  Thread calibration: mean lat.: 54.922ms, rate sampling interval: 142ms
  Thread calibration: mean lat.: 54.603ms, rate sampling interval: 140ms
  Thread calibration: mean lat.: 22.247ms, rate sampling interval: 107ms
  Thread calibration: mean lat.: 41.037ms, rate sampling interval: 113ms
  Thread calibration: mean lat.: 40.304ms, rate sampling interval: 109ms
  Thread calibration: mean lat.: 37.671ms, rate sampling interval: 107ms
  Thread calibration: mean lat.: 35.560ms, rate sampling interval: 105ms
  Thread calibration: mean lat.: 33.465ms, rate sampling interval: 103ms
  Thread calibration: mean lat.: 29.301ms, rate sampling interval: 98ms
  Thread calibration: mean lat.: 29.272ms, rate sampling interval: 95ms
  Thread calibration: mean lat.: 29.206ms, rate sampling interval: 87ms
  Thread calibration: mean lat.: 30.043ms, rate sampling interval: 87ms
  Thread calibration: mean lat.: 30.968ms, rate sampling interval: 87ms
  Thread calibration: mean lat.: 31.846ms, rate sampling interval: 84ms
  Thread calibration: mean lat.: 31.888ms, rate sampling interval: 84ms
  Thread calibration: mean lat.: 31.044ms, rate sampling interval: 83ms
  Thread calibration: mean lat.: 30.931ms, rate sampling interval: 82ms
  Thread calibration: mean lat.: 30.141ms, rate sampling interval: 82ms
  Thread calibration: mean lat.: 29.295ms, rate sampling interval: 82ms
  Thread calibration: mean lat.: 28.797ms, rate sampling interval: 83ms
  Thread calibration: mean lat.: 27.287ms, rate sampling interval: 83ms
  Thread calibration: mean lat.: 27.125ms, rate sampling interval: 83ms
  Thread calibration: mean lat.: 27.058ms, rate sampling interval: 83ms
  Thread calibration: mean lat.: 35.849ms, rate sampling interval: 112ms
  Thread calibration: mean lat.: 37.834ms, rate sampling interval: 114ms
  Thread calibration: mean lat.: 42.058ms, rate sampling interval: 129ms
  Thread calibration: mean lat.: 43.343ms, rate sampling interval: 135ms
  Thread calibration: mean lat.: 47.215ms, rate sampling interval: 157ms
  Thread calibration: mean lat.: 49.703ms, rate sampling interval: 159ms
  Thread calibration: mean lat.: 52.253ms, rate sampling interval: 163ms
  Thread calibration: mean lat.: 57.583ms, rate sampling interval: 167ms
  Thread calibration: mean lat.: 59.480ms, rate sampling interval: 168ms
  Thread calibration: mean lat.: 59.085ms, rate sampling interval: 165ms
  Thread calibration: mean lat.: 61.146ms, rate sampling interval: 165ms
  Thread calibration: mean lat.: 63.231ms, rate sampling interval: 165ms
  Thread calibration: mean lat.: 64.944ms, rate sampling interval: 166ms
  Thread calibration: mean lat.: 64.858ms, rate sampling interval: 162ms
  Thread calibration: mean lat.: 66.003ms, rate sampling interval: 161ms
  Thread calibration: mean lat.: 66.903ms, rate sampling interval: 160ms
  Thread calibration: mean lat.: 66.547ms, rate sampling interval: 159ms
  Thread calibration: mean lat.: 68.420ms, rate sampling interval: 164ms
  Thread calibration: mean lat.: 20.455ms, rate sampling interval: 81ms
  Thread calibration: mean lat.: 67.172ms, rate sampling interval: 162ms
  Thread calibration: mean lat.: 66.589ms, rate sampling interval: 162ms
  Thread calibration: mean lat.: 66.526ms, rate sampling interval: 165ms

-----------------------------------------------------------------------
Test Results @ http://10.10.1.1:3541 
  Thread Stats   Avg      Stdev     99%   +/- Stdev
    Latency    47.60ms   30.26ms 151.55ms   74.47%
    Req/Sec    60.80     33.17   111.00     61.83%
  Latency Distribution (HdrHistogram - Recorded Latency)
 50.000%   42.05ms
 75.000%   62.17ms
 90.000%   85.31ms
 99.000%  151.55ms
 99.900%  173.82ms
 99.990%  219.26ms
 99.999%  237.18ms
100.000%  239.10ms

  Detailed Percentile spectrum:
       Value   Percentile   TotalCount 1/(1-Percentile)

       8.191     0.000000            1         1.00
      16.111     0.100000        15844         1.11
      21.215     0.200000        31657         1.25
      27.615     0.300000        47503         1.43
      35.327     0.400000        63319         1.67
      42.047     0.500000        79157         2.00
      45.023     0.550000        87035         2.22
      48.287     0.600000        94955         2.50
      52.159     0.650000       102884         2.86
      56.959     0.700000       110786         3.33
      62.175     0.750000       118698         4.00
      64.927     0.775000       122670         4.44
      67.903     0.800000       126654         5.00
      70.911     0.825000       130559         5.71
      74.367     0.850000       134537         6.67
      79.103     0.875000       138495         8.00
      81.919     0.887500       140448         8.89
      85.311     0.900000       142438        10.00
      89.023     0.912500       144392        11.43
      94.079     0.925000       146378        13.33
     101.823     0.937500       148361        16.00
     106.111     0.943750       149343        17.78
     109.951     0.950000       150335        20.00
     114.111     0.956250       151321        22.86
     119.807     0.962500       152310        26.67
     126.079     0.968750       153298        32.00
     129.599     0.971875       153796        35.56
     133.119     0.975000       154295        40.00
     136.319     0.978125       154776        45.71
     139.647     0.981250       155286        53.33
     143.231     0.984375       155776        64.00
     145.151     0.985938       156012        71.11
     147.711     0.987500       156267        80.00
     150.271     0.989062       156521        91.43
     152.447     0.990625       156768       106.67
     154.751     0.992188       157007       128.00
     156.287     0.992969       157126       142.22
     157.695     0.993750       157254       160.00
     158.975     0.994531       157377       182.86
     160.639     0.995313       157501       213.33
     163.071     0.996094       157623       256.00
     164.095     0.996484       157682       284.44
     165.119     0.996875       157752       320.00
     166.399     0.997266       157811       365.71
     167.551     0.997656       157871       426.67
     168.831     0.998047       157933       512.00
     169.599     0.998242       157959       568.89
     170.623     0.998437       157991       640.00
     171.647     0.998633       158025       731.43
     172.671     0.998828       158057       853.33
     173.951     0.999023       158090      1024.00
     174.335     0.999121       158098      1137.78
     175.103     0.999219       158117      1280.00
     175.743     0.999316       158133      1462.86
     176.639     0.999414       158147      1706.67
     177.535     0.999512       158161      2048.00
     178.303     0.999561       158170      2275.56
     178.943     0.999609       158177      2560.00
     179.455     0.999658       158183      2925.71
     180.735     0.999707       158192      3413.33
     183.935     0.999756       158199      4096.00
     185.087     0.999780       158203      4551.11
     193.023     0.999805       158207      5120.00
     196.479     0.999829       158210      5851.43
     201.599     0.999854       158214      6826.67
     204.287     0.999878       158218      8192.00
     217.727     0.999890       158220      9102.22
     219.903     0.999902       158222     10240.00
     224.895     0.999915       158224     11702.86
     229.375     0.999927       158226     13653.33
     231.295     0.999939       158228     16384.00
     231.935     0.999945       158229     18204.44
     232.191     0.999951       158231     20480.00
     232.191     0.999957       158231     23405.71
     232.319     0.999963       158232     27306.67
     232.831     0.999969       158233     32768.00
     232.831     0.999973       158233     36408.89
     237.183     0.999976       158235     40960.00
     237.183     0.999979       158235     46811.43
     237.183     0.999982       158235     54613.33
     237.183     0.999985       158235     65536.00
     237.183     0.999986       158235     72817.78
     238.207     0.999988       158236     81920.00
     238.207     0.999989       158236     93622.86
     238.207     0.999991       158236    109226.67
     238.207     0.999992       158236    131072.00
     238.207     0.999993       158236    145635.56
     239.103     0.999994       158237    163840.00
     239.103     1.000000       158237          inf
#[Mean    =       47.601, StdDeviation   =       30.262]
#[Max     =      238.976, Total count    =       158237]
#[Buckets =           27, SubBuckets     =         2048]
-----------------------------------------------------------------------
  189511 requests in 1.00m, 29.38MB read
Requests/sec:   3161.52  
Transfer/sec:    501.98KB

=== rps=3400 c=578 t=58 url=http://10.10.1.1:3541 ===
setup: assigned thread_id=1
init: final thread_id=1, base_seed=nil
setup: assigned thread_id=2
init: final thread_id=2, base_seed=nil
setup: assigned thread_id=3
init: final thread_id=3, base_seed=nil
setup: assigned thread_id=4
init: final thread_id=4, base_seed=nil
setup: assigned thread_id=5
init: final thread_id=5, base_seed=nil
setup: assigned thread_id=6
init: final thread_id=6, base_seed=nil
setup: assigned thread_id=7
init: final thread_id=7, base_seed=nil
setup: assigned thread_id=8
init: final thread_id=8, base_seed=nil
setup: assigned thread_id=9
init: final thread_id=9, base_seed=nil
setup: assigned thread_id=10
init: final thread_id=10, base_seed=nil
setup: assigned thread_id=11
init: final thread_id=11, base_seed=nil
setup: assigned thread_id=12
init: final thread_id=12, base_seed=nil
setup: assigned thread_id=13
init: final thread_id=13, base_seed=nil
setup: assigned thread_id=14
init: final thread_id=14, base_seed=nil
setup: assigned thread_id=15
init: final thread_id=15, base_seed=nil
setup: assigned thread_id=16
init: final thread_id=16, base_seed=nil
setup: assigned thread_id=17
init: final thread_id=17, base_seed=nil
setup: assigned thread_id=18
init: final thread_id=18, base_seed=nil
setup: assigned thread_id=19
init: final thread_id=19, base_seed=nil
setup: assigned thread_id=20
init: final thread_id=20, base_seed=nil
setup: assigned thread_id=21
init: final thread_id=21, base_seed=nil
setup: assigned thread_id=22
init: final thread_id=22, base_seed=nil
setup: assigned thread_id=23
init: final thread_id=23, base_seed=nil
setup: assigned thread_id=24
init: final thread_id=24, base_seed=nil
setup: assigned thread_id=25
init: final thread_id=25, base_seed=nil
setup: assigned thread_id=26
init: final thread_id=26, base_seed=nil
setup: assigned thread_id=27
init: final thread_id=27, base_seed=nil
setup: assigned thread_id=28
init: final thread_id=28, base_seed=nil
setup: assigned thread_id=29
init: final thread_id=29, base_seed=nil
setup: assigned thread_id=30
init: final thread_id=30, base_seed=nil
setup: assigned thread_id=31
init: final thread_id=31, base_seed=nil
setup: assigned thread_id=32
init: final thread_id=32, base_seed=nil
setup: assigned thread_id=33
init: final thread_id=33, base_seed=nil
setup: assigned thread_id=34
init: final thread_id=34, base_seed=nil
setup: assigned thread_id=35
init: final thread_id=35, base_seed=nil
setup: assigned thread_id=36
init: final thread_id=36, base_seed=nil
setup: assigned thread_id=37
init: final thread_id=37, base_seed=nil
setup: assigned thread_id=38
init: final thread_id=38, base_seed=nil
setup: assigned thread_id=39
init: final thread_id=39, base_seed=nil
setup: assigned thread_id=40
init: final thread_id=40, base_seed=nil
setup: assigned thread_id=41
init: final thread_id=41, base_seed=nil
setup: assigned thread_id=42
init: final thread_id=42, base_seed=nil
setup: assigned thread_id=43
init: final thread_id=43, base_seed=nil
setup: assigned thread_id=44
init: final thread_id=44, base_seed=nil
setup: assigned thread_id=45
init: final thread_id=45, base_seed=nil
setup: assigned thread_id=46
init: final thread_id=46, base_seed=nil
setup: assigned thread_id=47
init: final thread_id=47, base_seed=nil
setup: assigned thread_id=48
init: final thread_id=48, base_seed=nil
setup: assigned thread_id=49
init: final thread_id=49, base_seed=nil
setup: assigned thread_id=50
init: final thread_id=50, base_seed=nil
setup: assigned thread_id=51
init: final thread_id=51, base_seed=nil
setup: assigned thread_id=52
init: final thread_id=52, base_seed=nil
setup: assigned thread_id=53
init: final thread_id=53, base_seed=nil
setup: assigned thread_id=54
init: final thread_id=54, base_seed=nil
setup: assigned thread_id=55
init: final thread_id=55, base_seed=nil
setup: assigned thread_id=56
init: final thread_id=56, base_seed=nil
setup: assigned thread_id=57
init: final thread_id=57, base_seed=nil
setup: assigned thread_id=58
init: final thread_id=58, base_seed=nil
script_want_response
Running 1m test @ http://10.10.1.1:3541
  58 threads and 578 connections

  Thread calibration: mean lat.: 119.313ms, rate sampling interval: 415ms
  Thread calibration: mean lat.: 116.942ms, rate sampling interval: 411ms
  Thread calibration: mean lat.: 119.618ms, rate sampling interval: 410ms
  Thread calibration: mean lat.: 120.108ms, rate sampling interval: 409ms
  Thread calibration: mean lat.: 124.554ms, rate sampling interval: 421ms
  Thread calibration: mean lat.: 126.541ms, rate sampling interval: 424ms
  Thread calibration: mean lat.: 127.468ms, rate sampling interval: 424ms
  Thread calibration: mean lat.: 131.049ms, rate sampling interval: 438ms
  Thread calibration: mean lat.: 133.415ms, rate sampling interval: 438ms
  Thread calibration: mean lat.: 136.154ms, rate sampling interval: 453ms
  Thread calibration: mean lat.: 125.696ms, rate sampling interval: 417ms
  Thread calibration: mean lat.: 130.068ms, rate sampling interval: 433ms
  Thread calibration: mean lat.: 122.414ms, rate sampling interval: 393ms
  Thread calibration: mean lat.: 121.551ms, rate sampling interval: 360ms
  Thread calibration: mean lat.: 118.066ms, rate sampling interval: 344ms
  Thread calibration: mean lat.: 119.600ms, rate sampling interval: 345ms
  Thread calibration: mean lat.: 116.734ms, rate sampling interval: 340ms
  Thread calibration: mean lat.: 114.280ms, rate sampling interval: 334ms
  Thread calibration: mean lat.: 113.190ms, rate sampling interval: 330ms
  Thread calibration: mean lat.: 114.273ms, rate sampling interval: 330ms
  Thread calibration: mean lat.: 113.949ms, rate sampling interval: 329ms
  Thread calibration: mean lat.: 112.347ms, rate sampling interval: 326ms
  Thread calibration: mean lat.: 113.718ms, rate sampling interval: 333ms
  Thread calibration: mean lat.: 108.392ms, rate sampling interval: 323ms
  Thread calibration: mean lat.: 113.067ms, rate sampling interval: 338ms
  Thread calibration: mean lat.: 111.644ms, rate sampling interval: 340ms
  Thread calibration: mean lat.: 109.462ms, rate sampling interval: 342ms
  Thread calibration: mean lat.: 112.523ms, rate sampling interval: 350ms
  Thread calibration: mean lat.: 107.164ms, rate sampling interval: 348ms
  Thread calibration: mean lat.: 107.473ms, rate sampling interval: 345ms
  Thread calibration: mean lat.: 106.913ms, rate sampling interval: 342ms
  Thread calibration: mean lat.: 110.054ms, rate sampling interval: 343ms
  Thread calibration: mean lat.: 109.980ms, rate sampling interval: 341ms
  Thread calibration: mean lat.: 134.427ms, rate sampling interval: 367ms
  Thread calibration: mean lat.: 133.740ms, rate sampling interval: 363ms
  Thread calibration: mean lat.: 137.068ms, rate sampling interval: 368ms
  Thread calibration: mean lat.: 110.081ms, rate sampling interval: 331ms
  Thread calibration: mean lat.: 109.578ms, rate sampling interval: 327ms
  Thread calibration: mean lat.: 131.590ms, rate sampling interval: 358ms
  Thread calibration: mean lat.: 113.216ms, rate sampling interval: 327ms
  Thread calibration: mean lat.: 113.805ms, rate sampling interval: 324ms
  Thread calibration: mean lat.: 129.923ms, rate sampling interval: 352ms
  Thread calibration: mean lat.: 113.990ms, rate sampling interval: 320ms
  Thread calibration: mean lat.: 114.535ms, rate sampling interval: 317ms
  Thread calibration: mean lat.: 115.084ms, rate sampling interval: 316ms
  Thread calibration: mean lat.: 115.186ms, rate sampling interval: 315ms
  Thread calibration: mean lat.: 125.055ms, rate sampling interval: 393ms
  Thread calibration: mean lat.: 121.340ms, rate sampling interval: 329ms
  Thread calibration: mean lat.: 126.916ms, rate sampling interval: 423ms
  Thread calibration: mean lat.: 128.438ms, rate sampling interval: 430ms
  Thread calibration: mean lat.: 132.888ms, rate sampling interval: 439ms
  Thread calibration: mean lat.: 135.470ms, rate sampling interval: 455ms
  Thread calibration: mean lat.: 140.088ms, rate sampling interval: 452ms
  Thread calibration: mean lat.: 134.869ms, rate sampling interval: 439ms
  Thread calibration: mean lat.: 139.972ms, rate sampling interval: 449ms
  Thread calibration: mean lat.: 138.468ms, rate sampling interval: 428ms
  Thread calibration: mean lat.: 138.672ms, rate sampling interval: 415ms
  Thread calibration: mean lat.: 134.671ms, rate sampling interval: 400ms

-----------------------------------------------------------------------
Test Results @ http://10.10.1.1:3541 
  Thread Stats   Avg      Stdev     99%   +/- Stdev
    Latency    73.78ms   52.22ms 186.75ms   57.75%
    Req/Sec    57.70      8.79    82.00     80.48%
  Latency Distribution (HdrHistogram - Recorded Latency)
 50.000%   61.15ms
 75.000%  118.65ms
 90.000%  148.48ms
 99.000%  186.75ms
 99.900%  210.94ms
 99.990%  248.45ms
 99.999%  256.38ms
100.000%  258.56ms

  Detailed Percentile spectrum:
       Value   Percentile   TotalCount 1/(1-Percentile)

       8.975     0.000000            1         1.00
      14.287     0.100000        16835         1.11
      20.943     0.200000        33651         1.25
      30.559     0.300000        50450         1.43
      40.671     0.400000        67288         1.67
      61.151     0.500000        84064         2.00
      76.607     0.550000        92480         2.22
      87.935     0.600000       100904         2.50
      99.583     0.650000       109312         2.86
     109.567     0.700000       117726         3.33
     118.655     0.750000       126116         4.00
     123.775     0.775000       130342         4.44
     128.831     0.800000       134503         5.00
     133.375     0.825000       138748         5.71
     137.855     0.850000       143001         6.67
     142.719     0.875000       147124         8.00
     145.407     0.887500       149309         8.89
     148.479     0.900000       151340        10.00
     151.679     0.912500       153489        11.43
     155.647     0.925000       155552        13.33
     158.847     0.937500       157647        16.00
     160.767     0.943750       158687        17.78
     162.943     0.950000       159740        20.00
     165.375     0.956250       160803        22.86
     168.191     0.962500       161842        26.67
     171.135     0.968750       162879        32.00
     173.055     0.971875       163403        35.56
     174.975     0.975000       163944        40.00
     177.023     0.978125       164469        45.71
     179.199     0.981250       164975        53.33
     181.631     0.984375       165530        64.00
     182.783     0.985938       165761        71.11
     184.191     0.987500       166020        80.00
     185.855     0.989062       166304        91.43
     187.263     0.990625       166550       106.67
     189.055     0.992188       166810       128.00
     190.335     0.992969       166950       142.22
     191.743     0.993750       167072       160.00
     193.535     0.994531       167205       182.86
     195.711     0.995313       167339       213.33
     197.375     0.996094       167467       256.00
     198.399     0.996484       167541       284.44
     199.039     0.996875       167596       320.00
     200.063     0.997266       167672       365.71
     201.087     0.997656       167734       426.67
     202.495     0.998047       167794       512.00
     203.135     0.998242       167830       568.89
     204.031     0.998437       167860       640.00
     206.079     0.998633       167892       731.43
     209.407     0.998828       167924       853.33
     211.071     0.999023       167957      1024.00
     211.967     0.999121       167975      1137.78
     213.247     0.999219       167991      1280.00
     214.783     0.999316       168009      1462.86
     216.063     0.999414       168026      1706.67
     217.599     0.999512       168040      2048.00
     219.775     0.999561       168048      2275.56
     222.207     0.999609       168056      2560.00
     224.383     0.999658       168064      2925.71
     228.735     0.999707       168072      3413.33
     236.287     0.999756       168080      4096.00
     239.231     0.999780       168085      4551.11
     243.967     0.999805       168089      5120.00
     245.247     0.999829       168093      5851.43
     246.271     0.999854       168097      6826.67
     248.319     0.999878       168103      8192.00
     248.319     0.999890       168103      9102.22
     248.831     0.999902       168105     10240.00
     249.087     0.999915       168107     11702.86
     250.367     0.999927       168109     13653.33
     250.623     0.999939       168112     16384.00
     250.623     0.999945       168112     18204.44
     251.135     0.999951       168113     20480.00
     251.391     0.999957       168114     23405.71
     252.415     0.999963       168115     27306.67
     254.207     0.999969       168116     32768.00
     255.871     0.999973       168118     36408.89
     255.871     0.999976       168118     40960.00
     255.871     0.999979       168118     46811.43
     255.871     0.999982       168118     54613.33
     256.383     0.999985       168119     65536.00
     256.383     0.999986       168119     72817.78
     256.383     0.999988       168119     81920.00
     257.663     0.999989       168120     93622.86
     257.663     0.999991       168120    109226.67
     257.663     0.999992       168120    131072.00
     257.663     0.999993       168120    145635.56
     257.663     0.999994       168120    163840.00
     258.559     0.999995       168121    187245.71
     258.559     1.000000       168121          inf
#[Mean    =       73.783, StdDeviation   =       52.218]
#[Max     =      258.432, Total count    =       168121]
#[Buckets =           27, SubBuckets     =         2048]
-----------------------------------------------------------------------
  200790 requests in 1.00m, 31.13MB read
Requests/sec:   3351.58  
Transfer/sec:    532.10KB

=== rps=3600 c=648 t=65 url=http://10.10.1.1:3541 ===
setup: assigned thread_id=1
init: final thread_id=1, base_seed=nil
setup: assigned thread_id=2
init: final thread_id=2, base_seed=nil
setup: assigned thread_id=3
init: final thread_id=3, base_seed=nil
setup: assigned thread_id=4
init: final thread_id=4, base_seed=nil
setup: assigned thread_id=5
init: final thread_id=5, base_seed=nil
setup: assigned thread_id=6
init: final thread_id=6, base_seed=nil
setup: assigned thread_id=7
init: final thread_id=7, base_seed=nil
setup: assigned thread_id=8
init: final thread_id=8, base_seed=nil
setup: assigned thread_id=9
init: final thread_id=9, base_seed=nil
setup: assigned thread_id=10
init: final thread_id=10, base_seed=nil
setup: assigned thread_id=11
init: final thread_id=11, base_seed=nil
setup: assigned thread_id=12
init: final thread_id=12, base_seed=nil
setup: assigned thread_id=13
init: final thread_id=13, base_seed=nil
setup: assigned thread_id=14
init: final thread_id=14, base_seed=nil
setup: assigned thread_id=15
init: final thread_id=15, base_seed=nil
setup: assigned thread_id=16
init: final thread_id=16, base_seed=nil
setup: assigned thread_id=17
init: final thread_id=17, base_seed=nil
setup: assigned thread_id=18
init: final thread_id=18, base_seed=nil
setup: assigned thread_id=19
init: final thread_id=19, base_seed=nil
setup: assigned thread_id=20
init: final thread_id=20, base_seed=nil
setup: assigned thread_id=21
init: final thread_id=21, base_seed=nil
setup: assigned thread_id=22
init: final thread_id=22, base_seed=nil
setup: assigned thread_id=23
init: final thread_id=23, base_seed=nil
setup: assigned thread_id=24
init: final thread_id=24, base_seed=nil
setup: assigned thread_id=25
init: final thread_id=25, base_seed=nil
setup: assigned thread_id=26
init: final thread_id=26, base_seed=nil
setup: assigned thread_id=27
init: final thread_id=27, base_seed=nil
setup: assigned thread_id=28
init: final thread_id=28, base_seed=nil
setup: assigned thread_id=29
init: final thread_id=29, base_seed=nil
setup: assigned thread_id=30
init: final thread_id=30, base_seed=nil
setup: assigned thread_id=31
init: final thread_id=31, base_seed=nil
setup: assigned thread_id=32
init: final thread_id=32, base_seed=nil
setup: assigned thread_id=33
init: final thread_id=33, base_seed=nil
setup: assigned thread_id=34
init: final thread_id=34, base_seed=nil
setup: assigned thread_id=35
init: final thread_id=35, base_seed=nil
setup: assigned thread_id=36
init: final thread_id=36, base_seed=nil
setup: assigned thread_id=37
init: final thread_id=37, base_seed=nil
setup: assigned thread_id=38
init: final thread_id=38, base_seed=nil
setup: assigned thread_id=39
init: final thread_id=39, base_seed=nil
setup: assigned thread_id=40
init: final thread_id=40, base_seed=nil
setup: assigned thread_id=41
init: final thread_id=41, base_seed=nil
setup: assigned thread_id=42
init: final thread_id=42, base_seed=nil
setup: assigned thread_id=43
init: final thread_id=43, base_seed=nil
setup: assigned thread_id=44
init: final thread_id=44, base_seed=nil
setup: assigned thread_id=45
init: final thread_id=45, base_seed=nil
setup: assigned thread_id=46
init: final thread_id=46, base_seed=nil
setup: assigned thread_id=47
init: final thread_id=47, base_seed=nil
setup: assigned thread_id=48
init: final thread_id=48, base_seed=nil
setup: assigned thread_id=49
init: final thread_id=49, base_seed=nil
setup: assigned thread_id=50
init: final thread_id=50, base_seed=nil
setup: assigned thread_id=51
init: final thread_id=51, base_seed=nil
setup: assigned thread_id=52
init: final thread_id=52, base_seed=nil
setup: assigned thread_id=53
init: final thread_id=53, base_seed=nil
setup: assigned thread_id=54
init: final thread_id=54, base_seed=nil
setup: assigned thread_id=55
init: final thread_id=55, base_seed=nil
setup: assigned thread_id=56
init: final thread_id=56, base_seed=nil
setup: assigned thread_id=57
init: final thread_id=57, base_seed=nil
setup: assigned thread_id=58
init: final thread_id=58, base_seed=nil
setup: assigned thread_id=59
init: final thread_id=59, base_seed=nil
setup: assigned thread_id=60
init: final thread_id=60, base_seed=nil
setup: assigned thread_id=61
init: final thread_id=61, base_seed=nil
setup: assigned thread_id=62
init: final thread_id=62, base_seed=nil
setup: assigned thread_id=63
init: final thread_id=63, base_seed=nil
setup: assigned thread_id=64
init: final thread_id=64, base_seed=nil
setup: assigned thread_id=65
init: final thread_id=65, base_seed=nil
script_want_response
Running 1m test @ http://10.10.1.1:3541
  65 threads and 648 connections

  Thread calibration: mean lat.: 377.266ms, rate sampling interval: 1133ms
  Thread calibration: mean lat.: 357.451ms, rate sampling interval: 1115ms
  Thread calibration: mean lat.: 389.692ms, rate sampling interval: 1128ms
  Thread calibration: mean lat.: 398.606ms, rate sampling interval: 1093ms
  Thread calibration: mean lat.: 366.891ms, rate sampling interval: 1084ms
  Thread calibration: mean lat.: 398.206ms, rate sampling interval: 1087ms
  Thread calibration: mean lat.: 406.015ms, rate sampling interval: 1124ms
  Thread calibration: mean lat.: 390.405ms, rate sampling interval: 1084ms
  Thread calibration: mean lat.: 360.358ms, rate sampling interval: 1116ms
  Thread calibration: mean lat.: 375.823ms, rate sampling interval: 1112ms
  Thread calibration: mean lat.: 406.550ms, rate sampling interval: 1195ms
  Thread calibration: mean lat.: 430.933ms, rate sampling interval: 1211ms
  Thread calibration: mean lat.: 363.674ms, rate sampling interval: 1161ms
  Thread calibration: mean lat.: 365.679ms, rate sampling interval: 1137ms
  Thread calibration: mean lat.: 385.735ms, rate sampling interval: 1175ms
  Thread calibration: mean lat.: 372.370ms, rate sampling interval: 1169ms
  Thread calibration: mean lat.: 393.894ms, rate sampling interval: 1185ms
  Thread calibration: mean lat.: 385.383ms, rate sampling interval: 1162ms
  Thread calibration: mean lat.: 382.989ms, rate sampling interval: 1160ms
  Thread calibration: mean lat.: 376.473ms, rate sampling interval: 1144ms
  Thread calibration: mean lat.: 366.137ms, rate sampling interval: 1104ms
  Thread calibration: mean lat.: 364.329ms, rate sampling interval: 1099ms
  Thread calibration: mean lat.: 359.745ms, rate sampling interval: 1097ms
  Thread calibration: mean lat.: 378.287ms, rate sampling interval: 1103ms
  Thread calibration: mean lat.: 365.707ms, rate sampling interval: 1090ms
  Thread calibration: mean lat.: 347.792ms, rate sampling interval: 1086ms
  Thread calibration: mean lat.: 361.348ms, rate sampling interval: 1093ms
  Thread calibration: mean lat.: 357.262ms, rate sampling interval: 1085ms
  Thread calibration: mean lat.: 369.121ms, rate sampling interval: 1084ms
  Thread calibration: mean lat.: 364.379ms, rate sampling interval: 1169ms
  Thread calibration: mean lat.: 377.745ms, rate sampling interval: 1126ms
  Thread calibration: mean lat.: 354.191ms, rate sampling interval: 1071ms
  Thread calibration: mean lat.: 386.285ms, rate sampling interval: 1168ms
  Thread calibration: mean lat.: 362.855ms, rate sampling interval: 1161ms
  Thread calibration: mean lat.: 401.107ms, rate sampling interval: 1184ms
  Thread calibration: mean lat.: 386.698ms, rate sampling interval: 1178ms
  Thread calibration: mean lat.: 376.810ms, rate sampling interval: 1173ms
  Thread calibration: mean lat.: 404.302ms, rate sampling interval: 1177ms
  Thread calibration: mean lat.: 392.613ms, rate sampling interval: 1166ms
  Thread calibration: mean lat.: 389.537ms, rate sampling interval: 1164ms
  Thread calibration: mean lat.: 390.854ms, rate sampling interval: 1160ms
  Thread calibration: mean lat.: 397.766ms, rate sampling interval: 1163ms
  Thread calibration: mean lat.: 408.107ms, rate sampling interval: 1180ms
  Thread calibration: mean lat.: 374.298ms, rate sampling interval: 1157ms
  Thread calibration: mean lat.: 400.053ms, rate sampling interval: 1164ms
  Thread calibration: mean lat.: 397.475ms, rate sampling interval: 1163ms
  Thread calibration: mean lat.: 395.116ms, rate sampling interval: 1156ms
  Thread calibration: mean lat.: 379.689ms, rate sampling interval: 1151ms
  Thread calibration: mean lat.: 391.135ms, rate sampling interval: 1155ms
  Thread calibration: mean lat.: 341.024ms, rate sampling interval: 1132ms
  Thread calibration: mean lat.: 376.791ms, rate sampling interval: 1144ms
  Thread calibration: mean lat.: 367.128ms, rate sampling interval: 1137ms
  Thread calibration: mean lat.: 350.324ms, rate sampling interval: 1125ms
  Thread calibration: mean lat.: 355.415ms, rate sampling interval: 1127ms
  Thread calibration: mean lat.: 368.243ms, rate sampling interval: 1131ms
  Thread calibration: mean lat.: 385.587ms, rate sampling interval: 1140ms
  Thread calibration: mean lat.: 364.864ms, rate sampling interval: 1124ms
  Thread calibration: mean lat.: 349.218ms, rate sampling interval: 1116ms
  Thread calibration: mean lat.: 374.247ms, rate sampling interval: 1119ms
  Thread calibration: mean lat.: 393.280ms, rate sampling interval: 1139ms
  Thread calibration: mean lat.: 355.372ms, rate sampling interval: 1095ms
  Thread calibration: mean lat.: 384.968ms, rate sampling interval: 1207ms
  Thread calibration: mean lat.: 370.077ms, rate sampling interval: 1075ms
  Thread calibration: mean lat.: 388.288ms, rate sampling interval: 1185ms
  Thread calibration: mean lat.: 400.996ms, rate sampling interval: 1209ms

-----------------------------------------------------------------------
Test Results @ http://10.10.1.1:3541 
  Thread Stats   Avg      Stdev     99%   +/- Stdev
    Latency   208.72ms  146.03ms 583.17ms   59.76%
    Req/Sec    55.09      3.77    64.00     76.21%
  Latency Distribution (HdrHistogram - Recorded Latency)
 50.000%  192.00ms
 75.000%  303.10ms
 90.000%  416.00ms
 99.000%  583.17ms
 99.900%  678.40ms
 99.990%  728.58ms
 99.999%  775.68ms
100.000%  781.82ms

  Detailed Percentile spectrum:
       Value   Percentile   TotalCount 1/(1-Percentile)

      10.047     0.000000            1         1.00
      35.519     0.100000        18044         1.11
      55.199     0.200000        36045         1.25
     105.023     0.300000        54066         1.43
     147.967     0.400000        72142         1.67
     191.999     0.500000        90125         2.00
     214.271     0.550000        99125         2.22
     237.311     0.600000       108154         2.50
     257.919     0.650000       117173         2.86
     279.039     0.700000       126164         3.33
     303.103     0.750000       135162         4.00
     317.951     0.775000       139676         4.44
     333.823     0.800000       144150         5.00
     353.023     0.825000       148710         5.71
     373.503     0.850000       153194         6.67
     393.215     0.875000       157663         8.00
     403.967     0.887500       159937         8.89
     415.999     0.900000       162165        10.00
     428.031     0.912500       164437        11.43
     441.855     0.925000       166670        13.33
     457.471     0.937500       168936        16.00
     466.175     0.943750       170066        17.78
     476.159     0.950000       171182        20.00
     489.727     0.956250       172313        22.86
     508.671     0.962500       173422        26.67
     530.431     0.968750       174557        32.00
     538.111     0.971875       175153        35.56
     544.767     0.975000       175704        40.00
     551.935     0.978125       176259        45.71
     560.127     0.981250       176816        53.33
     569.343     0.984375       177374        64.00
     573.439     0.985938       177686        71.11
     577.023     0.987500       177958        80.00
     580.607     0.989062       178217        91.43
     584.703     0.990625       178496       106.67
     590.335     0.992188       178776       128.00
     593.407     0.992969       178916       142.22
     597.503     0.993750       179060       160.00
     602.623     0.994531       179198       182.86
     612.863     0.995313       179335       213.33
     622.079     0.996094       179479       256.00
     625.151     0.996484       179546       284.44
     629.247     0.996875       179620       320.00
     634.367     0.997266       179693       365.71
     639.999     0.997656       179768       426.67
     645.631     0.998047       179834       512.00
     651.775     0.998242       179867       568.89
     658.431     0.998437       179897       640.00
     668.159     0.998633       179933       731.43
     674.303     0.998828       179970       853.33
     678.911     0.999023       180004      1024.00
     681.471     0.999121       180021      1137.78
     684.543     0.999219       180040      1280.00
     686.591     0.999316       180056      1462.86
     688.639     0.999414       180074      1706.67
     693.247     0.999512       180091      2048.00
     695.295     0.999561       180100      2275.56
     698.367     0.999609       180110      2560.00
     700.927     0.999658       180119      2925.71
     702.463     0.999707       180126      3413.33
     705.535     0.999756       180136      4096.00
     707.071     0.999780       180141      4551.11
     709.631     0.999805       180143      5120.00
     712.191     0.999829       180150      5851.43
     713.727     0.999854       180152      6826.67
     724.479     0.999878       180158      8192.00
     725.503     0.999890       180159      9102.22
     729.087     0.999902       180161     10240.00
     731.647     0.999915       180163     11702.86
     733.183     0.999927       180165     13653.33
     738.303     0.999939       180168     16384.00
     744.447     0.999945       180169     18204.44
     745.983     0.999951       180170     20480.00
     747.007     0.999957       180171     23405.71
     750.079     0.999963       180172     27306.67
     753.663     0.999969       180173     32768.00
     757.247     0.999973       180174     36408.89
     757.247     0.999976       180174     40960.00
     767.999     0.999979       180175     46811.43
     767.999     0.999982       180175     54613.33
     775.679     0.999985       180176     65536.00
     775.679     0.999986       180176     72817.78
     775.679     0.999988       180176     81920.00
     776.191     0.999989       180177     93622.86
     776.191     0.999991       180177    109226.67
     776.191     0.999992       180177    131072.00
     776.191     0.999993       180177    145635.56
     776.191     0.999994       180177    163840.00
     781.823     0.999995       180178    187245.71
     781.823     1.000000       180178          inf
#[Mean    =      208.723, StdDeviation   =      146.031]
#[Max     =      781.312, Total count    =       180178]
#[Buckets =           27, SubBuckets     =         2048]
-----------------------------------------------------------------------
  213338 requests in 1.00m, 33.09MB read
Requests/sec:   3561.19  
Transfer/sec:    565.55KB

=== rps=3800 c=722 t=73 url=http://10.10.1.1:3541 ===
setup: assigned thread_id=1
init: final thread_id=1, base_seed=nil
setup: assigned thread_id=2
init: final thread_id=2, base_seed=nil
setup: assigned thread_id=3
init: final thread_id=3, base_seed=nil
setup: assigned thread_id=4
init: final thread_id=4, base_seed=nil
setup: assigned thread_id=5
init: final thread_id=5, base_seed=nil
setup: assigned thread_id=6
init: final thread_id=6, base_seed=nil
setup: assigned thread_id=7
init: final thread_id=7, base_seed=nil
setup: assigned thread_id=8
init: final thread_id=8, base_seed=nil
setup: assigned thread_id=9
init: final thread_id=9, base_seed=nil
setup: assigned thread_id=10
init: final thread_id=10, base_seed=nil
setup: assigned thread_id=11
init: final thread_id=11, base_seed=nil
setup: assigned thread_id=12
init: final thread_id=12, base_seed=nil
setup: assigned thread_id=13
init: final thread_id=13, base_seed=nil
setup: assigned thread_id=14
init: final thread_id=14, base_seed=nil
setup: assigned thread_id=15
init: final thread_id=15, base_seed=nil
setup: assigned thread_id=16
init: final thread_id=16, base_seed=nil
setup: assigned thread_id=17
init: final thread_id=17, base_seed=nil
setup: assigned thread_id=18
init: final thread_id=18, base_seed=nil
setup: assigned thread_id=19
init: final thread_id=19, base_seed=nil
setup: assigned thread_id=20
init: final thread_id=20, base_seed=nil
setup: assigned thread_id=21
init: final thread_id=21, base_seed=nil
setup: assigned thread_id=22
init: final thread_id=22, base_seed=nil
setup: assigned thread_id=23
init: final thread_id=23, base_seed=nil
setup: assigned thread_id=24
init: final thread_id=24, base_seed=nil
setup: assigned thread_id=25
init: final thread_id=25, base_seed=nil
setup: assigned thread_id=26
init: final thread_id=26, base_seed=nil
setup: assigned thread_id=27
init: final thread_id=27, base_seed=nil
setup: assigned thread_id=28
init: final thread_id=28, base_seed=nil
setup: assigned thread_id=29
init: final thread_id=29, base_seed=nil
setup: assigned thread_id=30
init: final thread_id=30, base_seed=nil
setup: assigned thread_id=31
init: final thread_id=31, base_seed=nil
setup: assigned thread_id=32
init: final thread_id=32, base_seed=nil
setup: assigned thread_id=33
init: final thread_id=33, base_seed=nil
setup: assigned thread_id=34
init: final thread_id=34, base_seed=nil
setup: assigned thread_id=35
init: final thread_id=35, base_seed=nil
setup: assigned thread_id=36
init: final thread_id=36, base_seed=nil
setup: assigned thread_id=37
init: final thread_id=37, base_seed=nil
setup: assigned thread_id=38
init: final thread_id=38, base_seed=nil
setup: assigned thread_id=39
init: final thread_id=39, base_seed=nil
setup: assigned thread_id=40
init: final thread_id=40, base_seed=nil
setup: assigned thread_id=41
init: final thread_id=41, base_seed=nil
setup: assigned thread_id=42
init: final thread_id=42, base_seed=nil
setup: assigned thread_id=43
init: final thread_id=43, base_seed=nil
setup: assigned thread_id=44
init: final thread_id=44, base_seed=nil
setup: assigned thread_id=45
init: final thread_id=45, base_seed=nil
setup: assigned thread_id=46
init: final thread_id=46, base_seed=nil
setup: assigned thread_id=47
init: final thread_id=47, base_seed=nil
setup: assigned thread_id=48
init: final thread_id=48, base_seed=nil
setup: assigned thread_id=49
init: final thread_id=49, base_seed=nil
setup: assigned thread_id=50
init: final thread_id=50, base_seed=nil
setup: assigned thread_id=51
init: final thread_id=51, base_seed=nil
setup: assigned thread_id=52
init: final thread_id=52, base_seed=nil
setup: assigned thread_id=53
init: final thread_id=53, base_seed=nil
setup: assigned thread_id=54
init: final thread_id=54, base_seed=nil
setup: assigned thread_id=55
init: final thread_id=55, base_seed=nil
setup: assigned thread_id=56
init: final thread_id=56, base_seed=nil
setup: assigned thread_id=57
init: final thread_id=57, base_seed=nil
setup: assigned thread_id=58
init: final thread_id=58, base_seed=nil
setup: assigned thread_id=59
init: final thread_id=59, base_seed=nil
setup: assigned thread_id=60
init: final thread_id=60, base_seed=nil
setup: assigned thread_id=61
init: final thread_id=61, base_seed=nil
setup: assigned thread_id=62
init: final thread_id=62, base_seed=nil
setup: assigned thread_id=63
init: final thread_id=63, base_seed=nil
setup: assigned thread_id=64
init: final thread_id=64, base_seed=nil
setup: assigned thread_id=65
init: final thread_id=65, base_seed=nil
setup: assigned thread_id=66
init: final thread_id=66, base_seed=nil
setup: assigned thread_id=67
init: final thread_id=67, base_seed=nil
setup: assigned thread_id=68
init: final thread_id=68, base_seed=nil
setup: assigned thread_id=69
init: final thread_id=69, base_seed=nil
setup: assigned thread_id=70
init: final thread_id=70, base_seed=nil
setup: assigned thread_id=71
init: final thread_id=71, base_seed=nil
setup: assigned thread_id=72
init: final thread_id=72, base_seed=nil
setup: assigned thread_id=73
init: final thread_id=73, base_seed=nil
script_want_response
Running 1m test @ http://10.10.1.1:3541
  73 threads and 722 connections

  Thread calibration: mean lat.: 478.433ms, rate sampling interval: 1511ms
  Thread calibration: mean lat.: 499.971ms, rate sampling interval: 1659ms
  Thread calibration: mean lat.: 500.451ms, rate sampling interval: 1568ms
  Thread calibration: mean lat.: 521.624ms, rate sampling interval: 1691ms
  Thread calibration: mean lat.: 468.155ms, rate sampling interval: 1507ms
  Thread calibration: mean lat.: 509.861ms, rate sampling interval: 1647ms
  Thread calibration: mean lat.: 505.793ms, rate sampling interval: 1615ms
  Thread calibration: mean lat.: 471.081ms, rate sampling interval: 1503ms
  Thread calibration: mean lat.: 500.240ms, rate sampling interval: 1624ms
  Thread calibration: mean lat.: 491.841ms, rate sampling interval: 1575ms
  Thread calibration: mean lat.: 516.461ms, rate sampling interval: 1728ms
  Thread calibration: mean lat.: 463.145ms, rate sampling interval: 1530ms
  Thread calibration: mean lat.: 488.799ms, rate sampling interval: 1613ms
  Thread calibration: mean lat.: 517.430ms, rate sampling interval: 1726ms
  Thread calibration: mean lat.: 539.855ms, rate sampling interval: 1612ms
  Thread calibration: mean lat.: 528.540ms, rate sampling interval: 1605ms
  Thread calibration: mean lat.: 524.551ms, rate sampling interval: 1608ms
  Thread calibration: mean lat.: 469.051ms, rate sampling interval: 1607ms
  Thread calibration: mean lat.: 492.284ms, rate sampling interval: 1619ms
  Thread calibration: mean lat.: 475.600ms, rate sampling interval: 1579ms
  Thread calibration: mean lat.: 504.815ms, rate sampling interval: 1647ms
  Thread calibration: mean lat.: 466.052ms, rate sampling interval: 1580ms
  Thread calibration: mean lat.: 500.660ms, rate sampling interval: 1637ms
  Thread calibration: mean lat.: 452.927ms, rate sampling interval: 1471ms
  Thread calibration: mean lat.: 472.503ms, rate sampling interval: 1595ms
  Thread calibration: mean lat.: 500.852ms, rate sampling interval: 1624ms
  Thread calibration: mean lat.: 464.876ms, rate sampling interval: 1553ms
  Thread calibration: mean lat.: 495.019ms, rate sampling interval: 1608ms
  Thread calibration: mean lat.: 457.419ms, rate sampling interval: 1537ms
  Thread calibration: mean lat.: 470.852ms, rate sampling interval: 1564ms
  Thread calibration: mean lat.: 461.040ms, rate sampling interval: 1553ms
  Thread calibration: mean lat.: 517.494ms, rate sampling interval: 1633ms
  Thread calibration: mean lat.: 475.357ms, rate sampling interval: 1518ms
  Thread calibration: mean lat.: 467.262ms, rate sampling interval: 1492ms
  Thread calibration: mean lat.: 530.632ms, rate sampling interval: 1704ms
  Thread calibration: mean lat.: 460.239ms, rate sampling interval: 1521ms
  Thread calibration: mean lat.: 489.592ms, rate sampling interval: 1598ms
  Thread calibration: mean lat.: 500.757ms, rate sampling interval: 1607ms
  Thread calibration: mean lat.: 497.385ms, rate sampling interval: 1558ms
  Thread calibration: mean lat.: 481.054ms, rate sampling interval: 1552ms
  Thread calibration: mean lat.: 473.098ms, rate sampling interval: 1521ms
  Thread calibration: mean lat.: 505.869ms, rate sampling interval: 1682ms
  Thread calibration: mean lat.: 488.142ms, rate sampling interval: 1537ms
  Thread calibration: mean lat.: 512.563ms, rate sampling interval: 1631ms
  Thread calibration: mean lat.: 498.040ms, rate sampling interval: 1646ms
  Thread calibration: mean lat.: 484.745ms, rate sampling interval: 1542ms
  Thread calibration: mean lat.: 503.520ms, rate sampling interval: 1602ms
  Thread calibration: mean lat.: 476.317ms, rate sampling interval: 1506ms
  Thread calibration: mean lat.: 514.148ms, rate sampling interval: 1676ms
  Thread calibration: mean lat.: 532.627ms, rate sampling interval: 1730ms
  Thread calibration: mean lat.: 561.307ms, rate sampling interval: 1760ms
  Thread calibration: mean lat.: 517.153ms, rate sampling interval: 1640ms
  Thread calibration: mean lat.: 545.068ms, rate sampling interval: 1690ms
  Thread calibration: mean lat.: 514.627ms, rate sampling interval: 1649ms
  Thread calibration: mean lat.: 513.559ms, rate sampling interval: 1668ms
  Thread calibration: mean lat.: 487.458ms, rate sampling interval: 1600ms
  Thread calibration: mean lat.: 492.650ms, rate sampling interval: 1570ms
  Thread calibration: mean lat.: 500.277ms, rate sampling interval: 1618ms
  Thread calibration: mean lat.: 490.611ms, rate sampling interval: 1556ms
  Thread calibration: mean lat.: 503.873ms, rate sampling interval: 1585ms
  Thread calibration: mean lat.: 530.937ms, rate sampling interval: 1724ms
  Thread calibration: mean lat.: 491.188ms, rate sampling interval: 1542ms
  Thread calibration: mean lat.: 500.302ms, rate sampling interval: 1552ms
  Thread calibration: mean lat.: 502.767ms, rate sampling interval: 1554ms
  Thread calibration: mean lat.: 493.447ms, rate sampling interval: 1561ms
  Thread calibration: mean lat.: 522.799ms, rate sampling interval: 1701ms
  Thread calibration: mean lat.: 504.874ms, rate sampling interval: 1674ms
  Thread calibration: mean lat.: 515.344ms, rate sampling interval: 1701ms
  Thread calibration: mean lat.: 503.108ms, rate sampling interval: 1564ms
  Thread calibration: mean lat.: 504.454ms, rate sampling interval: 1583ms
  Thread calibration: mean lat.: 523.262ms, rate sampling interval: 1680ms
  Thread calibration: mean lat.: 557.379ms, rate sampling interval: 1727ms
  Thread calibration: mean lat.: 516.442ms, rate sampling interval: 1703ms

-----------------------------------------------------------------------
Test Results @ http://10.10.1.1:3541 
  Thread Stats   Avg      Stdev     99%   +/- Stdev
    Latency   884.27ms  417.39ms   2.28s    73.32%
    Req/Sec    50.76      3.74    58.00     79.88%
  Latency Distribution (HdrHistogram - Recorded Latency)
 50.000%  860.16ms
 75.000%    1.07s 
 90.000%    1.40s 
 99.000%    2.28s 
 99.900%    2.74s 
 99.990%    2.95s 
 99.999%    3.02s 
100.000%    3.21s 

  Detailed Percentile spectrum:
       Value   Percentile   TotalCount 1/(1-Percentile)

      23.615     0.000000            1         1.00
     384.511     0.100000        18665         1.11
     582.655     0.200000        37326         1.25
     706.047     0.300000        55987         1.43
     787.967     0.400000        74642         1.67
     860.159     0.500000        93297         2.00
     895.999     0.550000       102606         2.22
     931.327     0.600000       112021         2.50
     970.239     0.650000       121340         2.86
    1016.319     0.700000       130644         3.33
    1074.175     0.750000       139945         4.00
    1108.991     0.775000       144673         4.44
    1147.903     0.800000       149302         5.00
    1192.959     0.825000       153963         5.71
    1252.351     0.850000       158538         6.67
    1320.959     0.875000       163225         8.00
    1356.799     0.887500       165562         8.89
    1395.711     0.900000       167871        10.00
    1437.695     0.912500       170219        11.43
    1487.871     0.925000       172551        13.33
    1542.143     0.937500       174874        16.00
    1576.959     0.943750       176055        17.78
    1610.751     0.950000       177212        20.00
    1653.759     0.956250       178356        22.86
    1701.887     0.962500       179523        26.67
    1772.543     0.968750       180685        32.00
    1810.431     0.971875       181273        35.56
    1855.487     0.975000       181850        40.00
    1913.855     0.978125       182439        45.71
    1996.799     0.981250       183022        53.33
    2103.295     0.984375       183607        64.00
    2154.495     0.985938       183894        71.11
    2205.695     0.987500       184196        80.00
    2242.559     0.989062       184473        91.43
    2293.759     0.990625       184765       106.67
    2351.103     0.992188       185060       128.00
    2379.775     0.992969       185206       142.22
    2402.303     0.993750       185358       160.00
    2433.023     0.994531       185494       182.86
    2467.839     0.995313       185646       213.33
    2514.943     0.996094       185785       256.00
    2545.663     0.996484       185857       284.44
    2568.191     0.996875       185930       320.00
    2596.863     0.997266       186004       365.71
    2625.535     0.997656       186076       426.67
    2656.255     0.998047       186151       512.00
    2668.543     0.998242       186186       568.89
    2686.975     0.998437       186225       640.00
    2697.215     0.998633       186258       731.43
    2721.791     0.998828       186294       853.33
    2748.415     0.999023       186330      1024.00
    2758.655     0.999121       186349      1137.78
    2783.231     0.999219       186367      1280.00
    2801.663     0.999316       186390      1462.86
    2815.999     0.999414       186405      1706.67
    2830.335     0.999512       186421      2048.00
    2842.623     0.999561       186432      2275.56
    2848.767     0.999609       186444      2560.00
    2856.959     0.999658       186449      2925.71
    2883.583     0.999707       186459      3413.33
    2893.823     0.999756       186467      4096.00
    2908.159     0.999780       186472      4551.11
    2916.351     0.999805       186476      5120.00
    2926.591     0.999829       186483      5851.43
    2928.639     0.999854       186485      6826.67
    2936.831     0.999878       186490      8192.00
    2938.879     0.999890       186492      9102.22
    2947.071     0.999902       186494     10240.00
    2955.263     0.999915       186497     11702.86
    2961.407     0.999927       186499     13653.33
    2967.551     0.999939       186503     16384.00
    2967.551     0.999945       186503     18204.44
    2967.551     0.999951       186503     20480.00
    2981.887     0.999957       186505     23405.71
    2985.983     0.999963       186506     27306.67
    2998.271     0.999969       186507     32768.00
    2998.271     0.999973       186507     36408.89
    3002.367     0.999976       186508     40960.00
    3016.703     0.999979       186509     46811.43
    3016.703     0.999982       186509     54613.33
    3018.751     0.999985       186510     65536.00
    3018.751     0.999986       186510     72817.78
    3018.751     0.999988       186510     81920.00
    3192.831     0.999989       186511     93622.86
    3192.831     0.999991       186511    109226.67
    3192.831     0.999992       186511    131072.00
    3192.831     0.999993       186511    145635.56
    3192.831     0.999994       186511    163840.00
    3207.167     0.999995       186512    187245.71
    3207.167     1.000000       186512          inf
#[Mean    =      884.269, StdDeviation   =      417.385]
#[Max     =     3205.120, Total count    =       186512]
#[Buckets =           27, SubBuckets     =         2048]
-----------------------------------------------------------------------
  220933 requests in 1.00m, 34.26MB read
Requests/sec:   3694.28  
Transfer/sec:    586.68KB

=== rps=4000 c=800 t=80 url=http://10.10.1.1:3541 ===
setup: assigned thread_id=1
init: final thread_id=1, base_seed=nil
setup: assigned thread_id=2
init: final thread_id=2, base_seed=nil
setup: assigned thread_id=3
init: final thread_id=3, base_seed=nil
setup: assigned thread_id=4
init: final thread_id=4, base_seed=nil
setup: assigned thread_id=5
init: final thread_id=5, base_seed=nil
setup: assigned thread_id=6
init: final thread_id=6, base_seed=nil
setup: assigned thread_id=7
init: final thread_id=7, base_seed=nil
setup: assigned thread_id=8
init: final thread_id=8, base_seed=nil
setup: assigned thread_id=9
init: final thread_id=9, base_seed=nil
setup: assigned thread_id=10
init: final thread_id=10, base_seed=nil
setup: assigned thread_id=11
init: final thread_id=11, base_seed=nil
setup: assigned thread_id=12
init: final thread_id=12, base_seed=nil
setup: assigned thread_id=13
init: final thread_id=13, base_seed=nil
setup: assigned thread_id=14
init: final thread_id=14, base_seed=nil
setup: assigned thread_id=15
init: final thread_id=15, base_seed=nil
setup: assigned thread_id=16
init: final thread_id=16, base_seed=nil
setup: assigned thread_id=17
init: final thread_id=17, base_seed=nil
setup: assigned thread_id=18
init: final thread_id=18, base_seed=nil
setup: assigned thread_id=19
init: final thread_id=19, base_seed=nil
setup: assigned thread_id=20
init: final thread_id=20, base_seed=nil
setup: assigned thread_id=21
init: final thread_id=21, base_seed=nil
setup: assigned thread_id=22
init: final thread_id=22, base_seed=nil
setup: assigned thread_id=23
init: final thread_id=23, base_seed=nil
setup: assigned thread_id=24
init: final thread_id=24, base_seed=nil
setup: assigned thread_id=25
init: final thread_id=25, base_seed=nil
setup: assigned thread_id=26
init: final thread_id=26, base_seed=nil
setup: assigned thread_id=27
init: final thread_id=27, base_seed=nil
setup: assigned thread_id=28
init: final thread_id=28, base_seed=nil
setup: assigned thread_id=29
init: final thread_id=29, base_seed=nil
setup: assigned thread_id=30
init: final thread_id=30, base_seed=nil
setup: assigned thread_id=31
init: final thread_id=31, base_seed=nil
setup: assigned thread_id=32
init: final thread_id=32, base_seed=nil
setup: assigned thread_id=33
init: final thread_id=33, base_seed=nil
setup: assigned thread_id=34
init: final thread_id=34, base_seed=nil
setup: assigned thread_id=35
init: final thread_id=35, base_seed=nil
setup: assigned thread_id=36
init: final thread_id=36, base_seed=nil
setup: assigned thread_id=37
init: final thread_id=37, base_seed=nil
setup: assigned thread_id=38
init: final thread_id=38, base_seed=nil
setup: assigned thread_id=39
init: final thread_id=39, base_seed=nil
setup: assigned thread_id=40
init: final thread_id=40, base_seed=nil
setup: assigned thread_id=41
init: final thread_id=41, base_seed=nil
setup: assigned thread_id=42
init: final thread_id=42, base_seed=nil
setup: assigned thread_id=43
init: final thread_id=43, base_seed=nil
setup: assigned thread_id=44
init: final thread_id=44, base_seed=nil
setup: assigned thread_id=45
init: final thread_id=45, base_seed=nil
setup: assigned thread_id=46
init: final thread_id=46, base_seed=nil
setup: assigned thread_id=47
init: final thread_id=47, base_seed=nil
setup: assigned thread_id=48
init: final thread_id=48, base_seed=nil
setup: assigned thread_id=49
init: final thread_id=49, base_seed=nil
setup: assigned thread_id=50
init: final thread_id=50, base_seed=nil
setup: assigned thread_id=51
init: final thread_id=51, base_seed=nil
setup: assigned thread_id=52
init: final thread_id=52, base_seed=nil
setup: assigned thread_id=53
init: final thread_id=53, base_seed=nil
setup: assigned thread_id=54
init: final thread_id=54, base_seed=nil
setup: assigned thread_id=55
init: final thread_id=55, base_seed=nil
setup: assigned thread_id=56
init: final thread_id=56, base_seed=nil
setup: assigned thread_id=57
init: final thread_id=57, base_seed=nil
setup: assigned thread_id=58
init: final thread_id=58, base_seed=nil
setup: assigned thread_id=59
init: final thread_id=59, base_seed=nil
setup: assigned thread_id=60
init: final thread_id=60, base_seed=nil
setup: assigned thread_id=61
init: final thread_id=61, base_seed=nil
setup: assigned thread_id=62
init: final thread_id=62, base_seed=nil
setup: assigned thread_id=63
init: final thread_id=63, base_seed=nil
setup: assigned thread_id=64
init: final thread_id=64, base_seed=nil
setup: assigned thread_id=65
init: final thread_id=65, base_seed=nil
setup: assigned thread_id=66
init: final thread_id=66, base_seed=nil
setup: assigned thread_id=67
init: final thread_id=67, base_seed=nil
setup: assigned thread_id=68
init: final thread_id=68, base_seed=nil
setup: assigned thread_id=69
init: final thread_id=69, base_seed=nil
setup: assigned thread_id=70
init: final thread_id=70, base_seed=nil
setup: assigned thread_id=71
init: final thread_id=71, base_seed=nil
setup: assigned thread_id=72
init: final thread_id=72, base_seed=nil
setup: assigned thread_id=73
init: final thread_id=73, base_seed=nil
setup: assigned thread_id=74
init: final thread_id=74, base_seed=nil
setup: assigned thread_id=75
init: final thread_id=75, base_seed=nil
setup: assigned thread_id=76
init: final thread_id=76, base_seed=nil
setup: assigned thread_id=77
init: final thread_id=77, base_seed=nil
setup: assigned thread_id=78
init: final thread_id=78, base_seed=nil
setup: assigned thread_id=79
init: final thread_id=79, base_seed=nil
setup: assigned thread_id=80
init: final thread_id=80, base_seed=nil
script_want_response
Running 1m test @ http://10.10.1.1:3541
  80 threads and 800 connections

  Thread calibration: mean lat.: 259.313ms, rate sampling interval: 826ms
  Thread calibration: mean lat.: 257.519ms, rate sampling interval: 858ms
  Thread calibration: mean lat.: 267.495ms, rate sampling interval: 924ms
  Thread calibration: mean lat.: 277.317ms, rate sampling interval: 974ms
  Thread calibration: mean lat.: 263.199ms, rate sampling interval: 884ms
  Thread calibration: mean lat.: 282.300ms, rate sampling interval: 1012ms
  Thread calibration: mean lat.: 268.254ms, rate sampling interval: 885ms
  Thread calibration: mean lat.: 272.012ms, rate sampling interval: 867ms
  Thread calibration: mean lat.: 262.758ms, rate sampling interval: 819ms
  Thread calibration: mean lat.: 264.348ms, rate sampling interval: 896ms
  Thread calibration: mean lat.: 269.972ms, rate sampling interval: 848ms
  Thread calibration: mean lat.: 248.919ms, rate sampling interval: 807ms
  Thread calibration: mean lat.: 257.163ms, rate sampling interval: 879ms
  Thread calibration: mean lat.: 250.393ms, rate sampling interval: 843ms
  Thread calibration: mean lat.: 272.296ms, rate sampling interval: 982ms
  Thread calibration: mean lat.: 257.689ms, rate sampling interval: 827ms
  Thread calibration: mean lat.: 246.415ms, rate sampling interval: 819ms
  Thread calibration: mean lat.: 265.172ms, rate sampling interval: 953ms
  Thread calibration: mean lat.: 284.504ms, rate sampling interval: 1021ms
  Thread calibration: mean lat.: 272.348ms, rate sampling interval: 944ms
  Thread calibration: mean lat.: 269.975ms, rate sampling interval: 922ms
  Thread calibration: mean lat.: 242.947ms, rate sampling interval: 775ms
  Thread calibration: mean lat.: 248.846ms, rate sampling interval: 853ms
  Thread calibration: mean lat.: 248.949ms, rate sampling interval: 861ms
  Thread calibration: mean lat.: 236.117ms, rate sampling interval: 772ms
  Thread calibration: mean lat.: 257.690ms, rate sampling interval: 891ms
  Thread calibration: mean lat.: 274.624ms, rate sampling interval: 1063ms
  Thread calibration: mean lat.: 233.305ms, rate sampling interval: 775ms
  Thread calibration: mean lat.: 245.860ms, rate sampling interval: 818ms
  Thread calibration: mean lat.: 283.670ms, rate sampling interval: 1055ms
  Thread calibration: mean lat.: 252.997ms, rate sampling interval: 874ms
  Thread calibration: mean lat.: 235.142ms, rate sampling interval: 799ms
  Thread calibration: mean lat.: 228.660ms, rate sampling interval: 743ms
  Thread calibration: mean lat.: 277.741ms, rate sampling interval: 1044ms
  Thread calibration: mean lat.: 251.664ms, rate sampling interval: 898ms
  Thread calibration: mean lat.: 259.256ms, rate sampling interval: 843ms
  Thread calibration: mean lat.: 257.030ms, rate sampling interval: 938ms
  Thread calibration: mean lat.: 245.699ms, rate sampling interval: 895ms
  Thread calibration: mean lat.: 253.677ms, rate sampling interval: 861ms
  Thread calibration: mean lat.: 278.395ms, rate sampling interval: 978ms
  Thread calibration: mean lat.: 254.131ms, rate sampling interval: 855ms
  Thread calibration: mean lat.: 249.376ms, rate sampling interval: 828ms
  Thread calibration: mean lat.: 248.679ms, rate sampling interval: 824ms
  Thread calibration: mean lat.: 254.178ms, rate sampling interval: 897ms
  Thread calibration: mean lat.: 286.750ms, rate sampling interval: 955ms
  Thread calibration: mean lat.: 274.678ms, rate sampling interval: 978ms
  Thread calibration: mean lat.: 283.712ms, rate sampling interval: 1017ms
  Thread calibration: mean lat.: 239.932ms, rate sampling interval: 830ms
  Thread calibration: mean lat.: 252.184ms, rate sampling interval: 861ms
  Thread calibration: mean lat.: 249.212ms, rate sampling interval: 824ms
  Thread calibration: mean lat.: 262.006ms, rate sampling interval: 920ms
  Thread calibration: mean lat.: 332.153ms, rate sampling interval: 1291ms
  Thread calibration: mean lat.: 259.185ms, rate sampling interval: 867ms
  Thread calibration: mean lat.: 255.988ms, rate sampling interval: 828ms
  Thread calibration: mean lat.: 255.701ms, rate sampling interval: 800ms
  Thread calibration: mean lat.: 255.753ms, rate sampling interval: 820ms
  Thread calibration: mean lat.: 258.920ms, rate sampling interval: 890ms
  Thread calibration: mean lat.: 254.882ms, rate sampling interval: 792ms
  Thread calibration: mean lat.: 277.744ms, rate sampling interval: 952ms
  Thread calibration: mean lat.: 282.750ms, rate sampling interval: 1004ms
  Thread calibration: mean lat.: 297.701ms, rate sampling interval: 1075ms
  Thread calibration: mean lat.: 258.148ms, rate sampling interval: 842ms
  Thread calibration: mean lat.: 287.540ms, rate sampling interval: 1032ms
  Thread calibration: mean lat.: 281.072ms, rate sampling interval: 930ms
  Thread calibration: mean lat.: 270.825ms, rate sampling interval: 884ms
  Thread calibration: mean lat.: 274.423ms, rate sampling interval: 867ms
  Thread calibration: mean lat.: 282.842ms, rate sampling interval: 906ms
  Thread calibration: mean lat.: 266.134ms, rate sampling interval: 843ms
  Thread calibration: mean lat.: 263.214ms, rate sampling interval: 847ms
  Thread calibration: mean lat.: 277.160ms, rate sampling interval: 837ms
  Thread calibration: mean lat.: 275.994ms, rate sampling interval: 911ms
  Thread calibration: mean lat.: 274.496ms, rate sampling interval: 885ms
  Thread calibration: mean lat.: 283.945ms, rate sampling interval: 928ms
  Thread calibration: mean lat.: 275.571ms, rate sampling interval: 875ms
  Thread calibration: mean lat.: 294.295ms, rate sampling interval: 982ms
  Thread calibration: mean lat.: 271.270ms, rate sampling interval: 858ms
  Thread calibration: mean lat.: 284.617ms, rate sampling interval: 928ms
  Thread calibration: mean lat.: 303.232ms, rate sampling interval: 1079ms
  Thread calibration: mean lat.: 316.334ms, rate sampling interval: 995ms
  Thread calibration: mean lat.: 314.309ms, rate sampling interval: 904ms

-----------------------------------------------------------------------
Test Results @ http://10.10.1.1:3541 
  Thread Stats   Avg      Stdev     99%   +/- Stdev
    Latency     3.33s     1.86s    8.69s    64.61%
    Req/Sec    43.87      3.54    51.00     83.42%
  Latency Distribution (HdrHistogram - Recorded Latency)
 50.000%    3.25s 
 75.000%    4.73s 
 90.000%    5.62s 
 99.000%    8.69s 
 99.900%    9.57s 
 99.990%    9.99s 
 99.999%   10.40s 
100.000%   10.40s 

  Detailed Percentile spectrum:
       Value   Percentile   TotalCount 1/(1-Percentile)

     244.351     0.000000            1         1.00
    1027.071     0.100000        17676         1.11
    1526.783     0.200000        35386         1.25
    1958.911     0.300000        53029         1.43
    2535.423     0.400000        70702         1.67
    3252.223     0.500000        88429         2.00
    3522.559     0.550000        97234         2.22
    3790.847     0.600000       106096         2.50
    4087.807     0.650000       114931         2.86
    4427.775     0.700000       123755         3.33
    4726.783     0.750000       132627         4.00
    4866.047     0.775000       137032         4.44
    5001.215     0.800000       141445         5.00
    5136.383     0.825000       145837         5.71
    5279.743     0.850000       150262         6.67
    5439.487     0.875000       154683         8.00
    5525.503     0.887500       156924         8.89
    5619.711     0.900000       159132        10.00
    5726.207     0.912500       161310        11.43
    5861.375     0.925000       163530        13.33
    6033.407     0.937500       165711        16.00
    6148.095     0.943750       166822        17.78
    6283.263     0.950000       167932        20.00
    6443.007     0.956250       169028        22.86
    6668.287     0.962500       170128        26.67
    6987.775     0.968750       171237        32.00
    7249.919     0.971875       171789        35.56
    7524.351     0.975000       172341        40.00
    7790.591     0.978125       172891        45.71
    8073.215     0.981250       173444        53.33
    8302.591     0.984375       173995        64.00
    8413.183     0.985938       174271        71.11
    8519.679     0.987500       174558        80.00
    8626.175     0.989062       174833        91.43
    8732.671     0.990625       175106       106.67
    8839.167     0.992188       175382       128.00
    8896.511     0.992969       175545       142.22
    8937.471     0.993750       175653       160.00
    9003.007     0.994531       175790       182.86
    9076.735     0.995313       175942       213.33
    9150.463     0.996094       176068       256.00
    9191.423     0.996484       176139       284.44
    9232.383     0.996875       176203       320.00
    9281.535     0.997266       176272       365.71
    9347.071     0.997656       176344       426.67
    9404.415     0.998047       176417       512.00
    9428.991     0.998242       176448       568.89
    9461.759     0.998437       176482       640.00
    9494.527     0.998633       176514       731.43
    9535.487     0.998828       176555       853.33
    9568.255     0.999023       176584      1024.00
    9592.831     0.999121       176605      1137.78
    9617.407     0.999219       176620      1280.00
    9633.791     0.999316       176635      1462.86
    9666.559     0.999414       176652      1706.67
    9707.519     0.999512       176669      2048.00
    9723.903     0.999561       176680      2275.56
    9748.479     0.999609       176686      2560.00
    9764.863     0.999658       176696      2925.71
    9781.247     0.999707       176704      3413.33
    9814.015     0.999756       176712      4096.00
    9863.167     0.999780       176718      4551.11
    9871.359     0.999805       176721      5120.00
    9904.127     0.999829       176726      5851.43
    9928.703     0.999854       176730      6826.67
    9977.855     0.999878       176735      8192.00
    9986.047     0.999890       176736      9102.22
    9994.239     0.999902       176739     10240.00
   10002.431     0.999915       176740     11702.86
   10018.815     0.999927       176746     13653.33
   10018.815     0.999939       176746     16384.00
   10018.815     0.999945       176746     18204.44
   10043.391     0.999951       176747     20480.00
   10133.503     0.999957       176748     23405.71
   10141.695     0.999963       176749     27306.67
   10256.383     0.999969       176750     32768.00
   10272.767     0.999973       176751     36408.89
   10272.767     0.999976       176751     40960.00
   10305.535     0.999979       176752     46811.43
   10305.535     0.999982       176752     54613.33
   10395.647     0.999985       176753     65536.00
   10395.647     0.999986       176753     72817.78
   10395.647     0.999988       176753     81920.00
   10403.839     0.999989       176755     93622.86
   10403.839     1.000000       176755          inf
#[Mean    =     3326.927, StdDeviation   =     1861.399]
#[Max     =    10395.648, Total count    =       176755]
#[Buckets =           27, SubBuckets     =         2048]
-----------------------------------------------------------------------
  214284 requests in 1.00m, 33.23MB read
Requests/sec:   3580.66  
Transfer/sec:    568.63KB
