time	phase	step_rps	category	source	metric	value
1781256195	snap	0	otelcol	otelcol-sb-esrev0-ctr-s4p4v	otelcol_exporter_queue_size	0
1781256195	snap	0	otelcol	otelcol-sb-esrev0-ctr-s4p4v	otelcol_process_cpu_seconds	1
1781256195	snap	0	otelcol	otelcol-sb-esrev0-ctr-s4p4v	otelcol_processor_batch_batch_send_size_sum	8866
1781256195	snap	0	otelcol	otelcol-sb-esrev0-ctr-s4p4v	otelcol_process_runtime_total_alloc_bytes	54179576
1781256195	snap	0	otelcol	otelcol-sb-esrev0-ctr-s4p4v	otelcol_exporter_send_failed_spans	0
1781256195	snap	0	otelcol	otelcol-sb-esrev0-ctr-s4p4v	otelcol_receiver_failed_spans	0
1781256195	snap	0	otelcol	otelcol-sb-esrev0-ctr-s4p4v	otelcol_processor_outgoing_items	8866
1781256195	snap	0	otelcol	otelcol-sb-esrev0-ctr-s4p4v	otelcol_receiver_accepted_spans	8866
1781256195	snap	0	otelcol	otelcol-sb-esrev0-ctr-s4p4v	otelcol_exporter_queue_batch_send_size_sum	8866
1781256195	snap	0	otelcol	otelcol-sb-esrev0-ctr-s4p4v	otelcol_receiver_refused_spans	0
1781256195	snap	0	otelcol	otelcol-sb-esrev0-ctr-s4p4v	otelcol_process_uptime	71
1781256195	snap	0	otelcol	otelcol-sb-esrev0-ctr-s4p4v	otelcol_exporter_sent_spans	8866
1781256195	snap	0	otelcol	otelcol-sb-esrev0-ctr-s4p4v	otelcol_processor_batch_metadata_cardinality	1
1781256195	snap	0	otelcol	otelcol-sb-esrev0-ctr-s4p4v	otelcol_processor_batch_timeout_trigger_send	159
1781256195	snap	0	otelcol	otelcol-sb-esrev0-ctr-s4p4v	otelcol_process_runtime_heap_alloc_bytes	33800304
1781256195	snap	0	otelcol	otelcol-sb-esrev0-ctr-s4p4v	otelcol_processor_incoming_items	8866
1781256195	snap	0	otelcol	otelcol-sb-esrev0-ctr-s4p4v	otelcol_process_runtime_total_sys_memory_bytes	61139224
1781256195	snap	0	otelcol	otelcol-sb-esrev0-ctr-s4p4v	otelcol_process_memory_rss	191803392
1781256195	snap	0	otelcol	otelcol-sb-esrev0-ctr-s4p4v	otelcol_exporter_queue_capacity	1001
1781256195	snap	0	otelcol	otelcol-sb-esrev0-ctr-lbwgk	otelcol_receiver_refused_spans	0
1781256195	snap	0	otelcol	otelcol-sb-esrev0-ctr-lbwgk	otelcol_process_uptime	70
1781256195	snap	0	otelcol	otelcol-sb-esrev0-ctr-lbwgk	otelcol_exporter_queue_size	0
1781256195	snap	0	otelcol	otelcol-sb-esrev0-ctr-lbwgk	otelcol_exporter_queue_batch_send_size_sum	8492
1781256195	snap	0	otelcol	otelcol-sb-esrev0-ctr-lbwgk	otelcol_processor_outgoing_items	8492
1781256195	snap	0	otelcol	otelcol-sb-esrev0-ctr-lbwgk	otelcol_process_runtime_total_alloc_bytes	51051656
1781256195	snap	0	otelcol	otelcol-sb-esrev0-ctr-lbwgk	otelcol_processor_batch_batch_send_size_sum	8492
1781256195	snap	0	otelcol	otelcol-sb-esrev0-ctr-lbwgk	otelcol_exporter_send_failed_spans	0
1781256195	snap	0	otelcol	otelcol-sb-esrev0-ctr-lbwgk	otelcol_processor_batch_metadata_cardinality	1
1781256195	snap	0	otelcol	otelcol-sb-esrev0-ctr-lbwgk	otelcol_process_memory_rss	188633088
1781256195	snap	0	otelcol	otelcol-sb-esrev0-ctr-lbwgk	otelcol_receiver_accepted_spans	8492
1781256195	snap	0	otelcol	otelcol-sb-esrev0-ctr-lbwgk	otelcol_processor_batch_timeout_trigger_send	162
1781256195	snap	0	otelcol	otelcol-sb-esrev0-ctr-lbwgk	otelcol_process_runtime_heap_alloc_bytes	29323712
1781256195	snap	0	otelcol	otelcol-sb-esrev0-ctr-lbwgk	otelcol_process_cpu_seconds	2
1781256195	snap	0	otelcol	otelcol-sb-esrev0-ctr-lbwgk	otelcol_processor_incoming_items	8492
1781256195	snap	0	otelcol	otelcol-sb-esrev0-ctr-lbwgk	otelcol_process_runtime_total_sys_memory_bytes	57366792
1781256195	snap	0	otelcol	otelcol-sb-esrev0-ctr-lbwgk	otelcol_exporter_sent_spans	8492
1781256195	snap	0	otelcol	otelcol-sb-esrev0-ctr-lbwgk	otelcol_exporter_queue_capacity	1001
1781256195	snap	0	otelcol	otelcol-sb-esrev0-ctr-lbwgk	otelcol_receiver_failed_spans	0
1781256195	snap	0	otelcol	otelcol-sb-esrev0-ctr-4qc2z	otelcol_receiver_failed_spans	0
1781256195	snap	0	otelcol	otelcol-sb-esrev0-ctr-4qc2z	otelcol_process_cpu_seconds	1
1781256195	snap	0	otelcol	otelcol-sb-esrev0-ctr-4qc2z	otelcol_receiver_refused_spans	0
1781256195	snap	0	otelcol	otelcol-sb-esrev0-ctr-4qc2z	otelcol_process_runtime_heap_alloc_bytes	33172376
1781256195	snap	0	otelcol	otelcol-sb-esrev0-ctr-4qc2z	otelcol_process_memory_rss	191397888
1781256195	snap	0	otelcol	otelcol-sb-esrev0-ctr-4qc2z	otelcol_exporter_send_failed_spans	0
1781256195	snap	0	otelcol	otelcol-sb-esrev0-ctr-4qc2z	otelcol_process_runtime_total_alloc_bytes	53357368
1781256195	snap	0	otelcol	otelcol-sb-esrev0-ctr-4qc2z	otelcol_processor_batch_metadata_cardinality	1
1781256195	snap	0	otelcol	otelcol-sb-esrev0-ctr-4qc2z	otelcol_processor_incoming_items	8496
1781256195	snap	0	otelcol	otelcol-sb-esrev0-ctr-4qc2z	otelcol_processor_batch_timeout_trigger_send	162
1781256195	snap	0	otelcol	otelcol-sb-esrev0-ctr-4qc2z	otelcol_processor_batch_batch_send_size_sum	8496
1781256195	snap	0	otelcol	otelcol-sb-esrev0-ctr-4qc2z	otelcol_process_runtime_total_sys_memory_bytes	61856008
1781256195	snap	0	otelcol	otelcol-sb-esrev0-ctr-4qc2z	otelcol_exporter_sent_spans	8496
1781256195	snap	0	otelcol	otelcol-sb-esrev0-ctr-4qc2z	otelcol_receiver_accepted_spans	8496
1781256195	snap	0	otelcol	otelcol-sb-esrev0-ctr-4qc2z	otelcol_processor_outgoing_items	8496
1781256195	snap	0	otelcol	otelcol-sb-esrev0-ctr-4qc2z	otelcol_exporter_queue_size	0
1781256195	snap	0	otelcol	otelcol-sb-esrev0-ctr-4qc2z	otelcol_exporter_queue_batch_send_size_sum	8496
1781256195	snap	0	otelcol	otelcol-sb-esrev0-ctr-4qc2z	otelcol_process_uptime	71
1781256195	snap	0	otelcol	otelcol-sb-esrev0-ctr-4qc2z	otelcol_exporter_queue_capacity	1001
1781256195	snap	0	otelcol	otelcol-sb-esrev0-ctr-stlt9	otelcol_processor_incoming_items	8494
1781256195	snap	0	otelcol	otelcol-sb-esrev0-ctr-stlt9	otelcol_receiver_accepted_spans	8494
1781256195	snap	0	otelcol	otelcol-sb-esrev0-ctr-stlt9	otelcol_processor_outgoing_items	8494
1781256195	snap	0	otelcol	otelcol-sb-esrev0-ctr-stlt9	otelcol_processor_batch_metadata_cardinality	1
1781256195	snap	0	otelcol	otelcol-sb-esrev0-ctr-stlt9	otelcol_processor_batch_timeout_trigger_send	163
1781256195	snap	0	otelcol	otelcol-sb-esrev0-ctr-stlt9	otelcol_processor_batch_batch_send_size_sum	8494
1781256195	snap	0	otelcol	otelcol-sb-esrev0-ctr-stlt9	otelcol_process_memory_rss	192184320
1781256195	snap	0	otelcol	otelcol-sb-esrev0-ctr-stlt9	otelcol_exporter_queue_capacity	1001
1781256195	snap	0	otelcol	otelcol-sb-esrev0-ctr-stlt9	otelcol_exporter_sent_spans	8494
1781256195	snap	0	otelcol	otelcol-sb-esrev0-ctr-stlt9	otelcol_process_runtime_total_sys_memory_bytes	57161992
1781256195	snap	0	otelcol	otelcol-sb-esrev0-ctr-stlt9	otelcol_exporter_queue_size	0
1781256195	snap	0	otelcol	otelcol-sb-esrev0-ctr-stlt9	otelcol_receiver_refused_spans	0
1781256195	snap	0	otelcol	otelcol-sb-esrev0-ctr-stlt9	otelcol_receiver_failed_spans	0
1781256195	snap	0	otelcol	otelcol-sb-esrev0-ctr-stlt9	otelcol_process_uptime	71
1781256195	snap	0	otelcol	otelcol-sb-esrev0-ctr-stlt9	otelcol_process_runtime_heap_alloc_bytes	34314304
1781256195	snap	0	otelcol	otelcol-sb-esrev0-ctr-stlt9	otelcol_exporter_send_failed_spans	0
1781256195	snap	0	otelcol	otelcol-sb-esrev0-ctr-stlt9	otelcol_exporter_queue_batch_send_size_sum	8494
1781256195	snap	0	otelcol	otelcol-sb-esrev0-ctr-stlt9	otelcol_process_runtime_total_alloc_bytes	54162808
1781256195	snap	0	otelcol	otelcol-sb-esrev0-ctr-stlt9	otelcol_process_cpu_seconds	1
1781256195	snap	0	otelcol	otelcol-sb-esrev0-ctr-f8wkx	otelcol_receiver_failed_spans	0
1781256195	snap	0	otelcol	otelcol-sb-esrev0-ctr-f8wkx	otelcol_process_runtime_total_sys_memory_bytes	84183320
1781256195	snap	0	otelcol	otelcol-sb-esrev0-ctr-f8wkx	otelcol_exporter_queue_size	0
1781256195	snap	0	otelcol	otelcol-sb-esrev0-ctr-f8wkx	otelcol_process_runtime_total_alloc_bytes	101867992
1781256195	snap	0	otelcol	otelcol-sb-esrev0-ctr-f8wkx	otelcol_exporter_send_failed_spans	0
1781256195	snap	0	otelcol	otelcol-sb-esrev0-ctr-f8wkx	otelcol_processor_batch_metadata_cardinality	1
1781256195	snap	0	otelcol	otelcol-sb-esrev0-ctr-f8wkx	otelcol_exporter_queue_batch_send_size_sum	83738
1781256195	snap	0	otelcol	otelcol-sb-esrev0-ctr-f8wkx	otelcol_processor_batch_timeout_trigger_send	172
1781256195	snap	0	otelcol	otelcol-sb-esrev0-ctr-f8wkx	otelcol_processor_incoming_items	83738
1781256195	snap	0	otelcol	otelcol-sb-esrev0-ctr-f8wkx	otelcol_process_cpu_seconds	2
1781256195	snap	0	otelcol	otelcol-sb-esrev0-ctr-f8wkx	otelcol_processor_batch_batch_send_size_sum	83738
1781256195	snap	0	otelcol	otelcol-sb-esrev0-ctr-f8wkx	otelcol_process_uptime	70
1781256195	snap	0	otelcol	otelcol-sb-esrev0-ctr-f8wkx	otelcol_process_runtime_heap_alloc_bytes	33363128
1781256195	snap	0	otelcol	otelcol-sb-esrev0-ctr-f8wkx	otelcol_exporter_sent_spans	83738
1781256195	snap	0	otelcol	otelcol-sb-esrev0-ctr-f8wkx	otelcol_receiver_refused_spans	0
1781256195	snap	0	otelcol	otelcol-sb-esrev0-ctr-f8wkx	otelcol_processor_outgoing_items	83738
1781256195	snap	0	otelcol	otelcol-sb-esrev0-ctr-f8wkx	otelcol_receiver_accepted_spans	83738
1781256195	snap	0	otelcol	otelcol-sb-esrev0-ctr-f8wkx	otelcol_process_memory_rss	217866240
1781256195	snap	0	otelcol	otelcol-sb-esrev0-ctr-f8wkx	otelcol_exporter_queue_capacity	1001
1781256195	snap	0	otelcol	otelcol-sb-esrev0-ctr-r2dsm	otelcol_receiver_refused_spans	0
1781256195	snap	0	otelcol	otelcol-sb-esrev0-ctr-r2dsm	otelcol_receiver_failed_spans	0
1781256195	snap	0	otelcol	otelcol-sb-esrev0-ctr-r2dsm	otelcol_processor_outgoing_items	8494
1781256195	snap	0	otelcol	otelcol-sb-esrev0-ctr-r2dsm	otelcol_process_uptime	70
1781256195	snap	0	otelcol	otelcol-sb-esrev0-ctr-r2dsm	otelcol_process_runtime_total_alloc_bytes	54334416
1781256195	snap	0	otelcol	otelcol-sb-esrev0-ctr-r2dsm	otelcol_process_memory_rss	194281472
1781256195	snap	0	otelcol	otelcol-sb-esrev0-ctr-r2dsm	otelcol_exporter_send_failed_spans	0
1781256195	snap	0	otelcol	otelcol-sb-esrev0-ctr-r2dsm	otelcol_exporter_queue_batch_send_size_sum	8494
1781256195	snap	0	otelcol	otelcol-sb-esrev0-ctr-r2dsm	otelcol_receiver_accepted_spans	8494
1781256195	snap	0	otelcol	otelcol-sb-esrev0-ctr-r2dsm	otelcol_processor_batch_metadata_cardinality	1
1781256195	snap	0	otelcol	otelcol-sb-esrev0-ctr-r2dsm	otelcol_processor_batch_timeout_trigger_send	162
1781256195	snap	0	otelcol	otelcol-sb-esrev0-ctr-r2dsm	otelcol_processor_batch_batch_send_size_sum	8494
1781256195	snap	0	otelcol	otelcol-sb-esrev0-ctr-r2dsm	otelcol_process_cpu_seconds	1
1781256195	snap	0	otelcol	otelcol-sb-esrev0-ctr-r2dsm	otelcol_exporter_queue_capacity	1001
1781256195	snap	0	otelcol	otelcol-sb-esrev0-ctr-r2dsm	otelcol_process_runtime_heap_alloc_bytes	33799776
1781256195	snap	0	otelcol	otelcol-sb-esrev0-ctr-r2dsm	otelcol_exporter_sent_spans	8494
1781256195	snap	0	otelcol	otelcol-sb-esrev0-ctr-r2dsm	otelcol_exporter_queue_size	0
1781256195	snap	0	otelcol	otelcol-sb-esrev0-ctr-r2dsm	otelcol_processor_incoming_items	8494
1781256195	snap	0	otelcol	otelcol-sb-esrev0-ctr-r2dsm	otelcol_process_runtime_total_sys_memory_bytes	56944920
1781256195	snap	0	otelcol	otelcol-sb-esrev0-ctr-knvlf	otelcol_receiver_accepted_spans	8478
1781256195	snap	0	otelcol	otelcol-sb-esrev0-ctr-knvlf	otelcol_process_runtime_total_sys_memory_bytes	66042120
1781256195	snap	0	otelcol	otelcol-sb-esrev0-ctr-knvlf	otelcol_process_runtime_heap_alloc_bytes	35536416
1781256195	snap	0	otelcol	otelcol-sb-esrev0-ctr-knvlf	otelcol_processor_batch_metadata_cardinality	1
1781256195	snap	0	otelcol	otelcol-sb-esrev0-ctr-knvlf	otelcol_processor_batch_timeout_trigger_send	163
1781256195	snap	0	otelcol	otelcol-sb-esrev0-ctr-knvlf	otelcol_processor_batch_batch_send_size_sum	8478
1781256195	snap	0	otelcol	otelcol-sb-esrev0-ctr-knvlf	otelcol_process_cpu_seconds	1
1781256195	snap	0	otelcol	otelcol-sb-esrev0-ctr-knvlf	otelcol_exporter_queue_capacity	1001
1781256195	snap	0	otelcol	otelcol-sb-esrev0-ctr-knvlf	otelcol_exporter_queue_batch_send_size_sum	8478
1781256195	snap	0	otelcol	otelcol-sb-esrev0-ctr-knvlf	otelcol_receiver_refused_spans	0
1781256195	snap	0	otelcol	otelcol-sb-esrev0-ctr-knvlf	otelcol_process_memory_rss	196026368
1781256195	snap	0	otelcol	otelcol-sb-esrev0-ctr-knvlf	otelcol_process_uptime	71
1781256195	snap	0	otelcol	otelcol-sb-esrev0-ctr-knvlf	otelcol_process_runtime_total_alloc_bytes	57817976
1781256195	snap	0	otelcol	otelcol-sb-esrev0-ctr-knvlf	otelcol_exporter_sent_spans	8478
1781256195	snap	0	otelcol	otelcol-sb-esrev0-ctr-knvlf	otelcol_exporter_queue_size	0
1781256195	snap	0	otelcol	otelcol-sb-esrev0-ctr-knvlf	otelcol_processor_incoming_items	8478
1781256195	snap	0	otelcol	otelcol-sb-esrev0-ctr-knvlf	otelcol_receiver_failed_spans	0
1781256195	snap	0	otelcol	otelcol-sb-esrev0-ctr-knvlf	otelcol_processor_outgoing_items	8478
1781256195	snap	0	otelcol	otelcol-sb-esrev0-ctr-knvlf	otelcol_exporter_send_failed_spans	0
1781256195	snap	0	otelcol	otelcol-sb-esrev0-ctr-fb877	otelcol_exporter_send_failed_spans	0
1781256195	snap	0	otelcol	otelcol-sb-esrev0-ctr-fb877	otelcol_process_uptime	71
1781256195	snap	0	otelcol	otelcol-sb-esrev0-ctr-fb877	otelcol_process_runtime_heap_alloc_bytes	39990864
1781256195	snap	0	otelcol	otelcol-sb-esrev0-ctr-fb877	otelcol_process_cpu_seconds	1
1781256195	snap	0	otelcol	otelcol-sb-esrev0-ctr-fb877	otelcol_exporter_queue_capacity	1001
1781256195	snap	0	otelcol	otelcol-sb-esrev0-ctr-fb877	otelcol_exporter_sent_spans	10796
1781256195	snap	0	otelcol	otelcol-sb-esrev0-ctr-fb877	otelcol_exporter_queue_batch_send_size_sum	10796
1781256195	snap	0	otelcol	otelcol-sb-esrev0-ctr-fb877	otelcol_processor_incoming_items	10796
1781256195	snap	0	otelcol	otelcol-sb-esrev0-ctr-fb877	otelcol_receiver_failed_spans	0
1781256195	snap	0	otelcol	otelcol-sb-esrev0-ctr-fb877	otelcol_processor_batch_batch_send_size_sum	10796
1781256195	snap	0	otelcol	otelcol-sb-esrev0-ctr-fb877	otelcol_processor_outgoing_items	10796
1781256195	snap	0	otelcol	otelcol-sb-esrev0-ctr-fb877	otelcol_processor_batch_metadata_cardinality	1
1781256195	snap	0	otelcol	otelcol-sb-esrev0-ctr-fb877	otelcol_process_runtime_total_sys_memory_bytes	62109960
1781256195	snap	0	otelcol	otelcol-sb-esrev0-ctr-fb877	otelcol_exporter_queue_size	0
1781256195	snap	0	otelcol	otelcol-sb-esrev0-ctr-fb877	otelcol_processor_batch_timeout_trigger_send	166
1781256195	snap	0	otelcol	otelcol-sb-esrev0-ctr-fb877	otelcol_receiver_refused_spans	0
1781256195	snap	0	otelcol	otelcol-sb-esrev0-ctr-fb877	otelcol_receiver_accepted_spans	10796
1781256195	snap	0	otelcol	otelcol-sb-esrev0-ctr-fb877	otelcol_process_runtime_total_alloc_bytes	59987752
1781256195	snap	0	otelcol	otelcol-sb-esrev0-ctr-fb877	otelcol_process_memory_rss	198144000
1781256195	snap	0	otelcol	otelcol-sb-esrev0-ctr-b7q4j	otelcol_processor_batch_timeout_trigger_send	170
1781256195	snap	0	otelcol	otelcol-sb-esrev0-ctr-b7q4j	otelcol_exporter_queue_capacity	1001
1781256195	snap	0	otelcol	otelcol-sb-esrev0-ctr-b7q4j	otelcol_receiver_failed_spans	0
1781256195	snap	0	otelcol	otelcol-sb-esrev0-ctr-b7q4j	otelcol_processor_batch_batch_send_size_sum	122324
1781256195	snap	0	otelcol	otelcol-sb-esrev0-ctr-b7q4j	otelcol_exporter_queue_batch_send_size_sum	122324
1781256195	snap	0	otelcol	otelcol-sb-esrev0-ctr-b7q4j	otelcol_process_runtime_heap_alloc_bytes	39374608
1781256195	snap	0	otelcol	otelcol-sb-esrev0-ctr-b7q4j	otelcol_process_cpu_seconds	2
1781256195	snap	0	otelcol	otelcol-sb-esrev0-ctr-b7q4j	otelcol_exporter_send_failed_spans	0
1781256195	snap	0	otelcol	otelcol-sb-esrev0-ctr-b7q4j	otelcol_process_memory_rss	218308608
1781256195	snap	0	otelcol	otelcol-sb-esrev0-ctr-b7q4j	otelcol_exporter_sent_spans	122324
1781256195	snap	0	otelcol	otelcol-sb-esrev0-ctr-b7q4j	otelcol_processor_incoming_items	122324
1781256195	snap	0	otelcol	otelcol-sb-esrev0-ctr-b7q4j	otelcol_process_uptime	73
1781256195	snap	0	otelcol	otelcol-sb-esrev0-ctr-b7q4j	otelcol_process_runtime_total_alloc_bytes	110425528
1781256195	snap	0	otelcol	otelcol-sb-esrev0-ctr-b7q4j	otelcol_receiver_refused_spans	0
1781256195	snap	0	otelcol	otelcol-sb-esrev0-ctr-b7q4j	otelcol_processor_outgoing_items	122324
1781256195	snap	0	otelcol	otelcol-sb-esrev0-ctr-b7q4j	otelcol_receiver_accepted_spans	122324
1781256195	snap	0	otelcol	otelcol-sb-esrev0-ctr-b7q4j	otelcol_processor_batch_metadata_cardinality	1
1781256195	snap	0	otelcol	otelcol-sb-esrev0-ctr-b7q4j	otelcol_process_runtime_total_sys_memory_bytes	88131864
1781256195	snap	0	otelcol	otelcol-sb-esrev0-ctr-b7q4j	otelcol_exporter_queue_size	0
1781256195	snap	0	k8s	otelcol-sb-esrev0-ctr-4qc2z	restart_count	0
1781256195	snap	0	k8s	otelcol-sb-esrev0-ctr-b7q4j	restart_count	0
1781256195	snap	0	k8s	otelcol-sb-esrev0-ctr-f8wkx	restart_count	0
1781256195	snap	0	k8s	otelcol-sb-esrev0-ctr-fb877	restart_count	0
1781256195	snap	0	k8s	otelcol-sb-esrev0-ctr-knvlf	restart_count	0
1781256195	snap	0	k8s	otelcol-sb-esrev0-ctr-lbwgk	restart_count	0
1781256195	snap	0	k8s	otelcol-sb-esrev0-ctr-r2dsm	restart_count	0
1781256195	snap	0	k8s	otelcol-sb-esrev0-ctr-s4p4v	restart_count	0
1781256195	snap	0	k8s	otelcol-sb-esrev0-ctr-stlt9	restart_count	0
1781256195	snap	0	sdk	wrk2api	spans_received	8492
1781256195	snap	0	sdk	wrk2api	spans_sent	8492
1781256195	snap	0	sdk	wrk2api	spans_dropped	0
1781256195	snap	0	sdk	wrk2api	spans_flushed	8492
1781256195	snap	0	sdk	wrk2api	batches_sent	460
1781256195	snap	0	sdk	wrk2api	batches_dropped	0
1781256195	snap	0	sdk	wrk2api	send_unavailable	0
1781256195	snap	0	sdk	wrk2api	send_deadline	0
1781256195	snap	0	sdk	wrk2api	send_exhausted	0
1781256195	snap	0	sdk	wrk2api	send_canceled	0
1781256195	snap	0	sdk	wrk2api	send_other	0
1781256195	snap	0	sdk	wrk2api	buffer_depth	0
0
1781256195	snap	0	sdk	wrk2api	cp_received	4246
1781256195	snap	0	sdk	wrk2api	lp_received	4246
1781256195	snap	0	sdk	wrk2api	cp_sent	4246
1781256195	snap	0	sdk	wrk2api	lp_sent	4246
1781256195	snap	0	sdk	wrk2api	cp_dropped	0
1781256195	snap	0	sdk	wrk2api	lp_dropped	0
1781256195	snap	0	sdk	composepost	spans_received	0
1781256195	snap	0	sdk	composepost	spans_sent	0
1781256195	snap	0	sdk	composepost	spans_dropped	0
1781256195	snap	0	sdk	composepost	spans_flushed	0
1781256195	snap	0	sdk	composepost	batches_sent	0
1781256195	snap	0	sdk	composepost	batches_dropped	0
1781256195	snap	0	sdk	composepost	send_unavailable	0
1781256195	snap	0	sdk	composepost	send_deadline	0
1781256195	snap	0	sdk	composepost	send_exhausted	0
1781256195	snap	0	sdk	composepost	send_canceled	0
1781256195	snap	0	sdk	composepost	send_other	0
1781256195	snap	0	sdk	composepost	buffer_depth	0
0
1781256195	snap	0	sdk	composepost	cp_received	0
1781256195	snap	0	sdk	composepost	lp_received	0
1781256195	snap	0	sdk	composepost	cp_sent	0
1781256195	snap	0	sdk	composepost	lp_sent	0
1781256195	snap	0	sdk	composepost	cp_dropped	0
1781256195	snap	0	sdk	composepost	lp_dropped	0
1781256195	snap	0	sdk	hometimeline	spans_received	0
1781256195	snap	0	sdk	hometimeline	spans_sent	0
1781256195	snap	0	sdk	hometimeline	spans_dropped	0
1781256195	snap	0	sdk	hometimeline	spans_flushed	0
1781256195	snap	0	sdk	hometimeline	batches_sent	0
1781256195	snap	0	sdk	hometimeline	batches_dropped	0
1781256195	snap	0	sdk	hometimeline	send_unavailable	0
1781256195	snap	0	sdk	hometimeline	send_deadline	0
1781256195	snap	0	sdk	hometimeline	send_exhausted	0
1781256195	snap	0	sdk	hometimeline	send_canceled	0
1781256195	snap	0	sdk	hometimeline	send_other	0
1781256195	snap	0	sdk	hometimeline	buffer_depth	0
0
1781256195	snap	0	sdk	hometimeline	cp_received	0
1781256195	snap	0	sdk	hometimeline	lp_received	0
1781256195	snap	0	sdk	hometimeline	cp_sent	0
1781256195	snap	0	sdk	hometimeline	lp_sent	0
1781256195	snap	0	sdk	hometimeline	cp_dropped	0
1781256195	snap	0	sdk	hometimeline	lp_dropped	0
1781256195	snap	0	sdk	media	spans_received	0
1781256195	snap	0	sdk	media	spans_sent	0
1781256195	snap	0	sdk	media	spans_dropped	0
1781256195	snap	0	sdk	media	spans_flushed	0
1781256195	snap	0	sdk	media	batches_sent	0
1781256195	snap	0	sdk	media	batches_dropped	0
1781256195	snap	0	sdk	media	send_unavailable	0
1781256195	snap	0	sdk	media	send_deadline	0
1781256195	snap	0	sdk	media	send_exhausted	0
1781256195	snap	0	sdk	media	send_canceled	0
1781256195	snap	0	sdk	media	send_other	0
1781256195	snap	0	sdk	media	buffer_depth	0
0
1781256195	snap	0	sdk	media	cp_received	0
1781256195	snap	0	sdk	media	lp_received	0
1781256195	snap	0	sdk	media	cp_sent	0
1781256195	snap	0	sdk	media	lp_sent	0
1781256195	snap	0	sdk	media	cp_dropped	0
1781256195	snap	0	sdk	media	lp_dropped	0
1781256195	snap	0	sdk	post-storage	spans_received	0
1781256195	snap	0	sdk	post-storage	spans_sent	0
1781256195	snap	0	sdk	post-storage	spans_dropped	0
1781256195	snap	0	sdk	post-storage	spans_flushed	0
1781256195	snap	0	sdk	post-storage	batches_sent	0
1781256195	snap	0	sdk	post-storage	batches_dropped	0
1781256195	snap	0	sdk	post-storage	send_unavailable	0
1781256195	snap	0	sdk	post-storage	send_deadline	0
1781256195	snap	0	sdk	post-storage	send_exhausted	0
1781256195	snap	0	sdk	post-storage	send_canceled	0
1781256195	snap	0	sdk	post-storage	send_other	0
1781256195	snap	0	sdk	post-storage	buffer_depth	0
0
1781256195	snap	0	sdk	post-storage	cp_received	0
1781256195	snap	0	sdk	post-storage	lp_received	0
1781256195	snap	0	sdk	post-storage	cp_sent	0
1781256195	snap	0	sdk	post-storage	lp_sent	0
1781256195	snap	0	sdk	post-storage	cp_dropped	0
1781256195	snap	0	sdk	post-storage	lp_dropped	0
1781256195	snap	0	sdk	socialgraph	spans_received	113834
1781256195	snap	0	sdk	socialgraph	spans_sent	113834
1781256195	snap	0	sdk	socialgraph	spans_dropped	0
1781256195	snap	0	sdk	socialgraph	spans_flushed	113834
1781256195	snap	0	sdk	socialgraph	batches_sent	507
1781256195	snap	0	sdk	socialgraph	batches_dropped	0
1781256195	snap	0	sdk	socialgraph	send_unavailable	0
1781256195	snap	0	sdk	socialgraph	send_deadline	0
1781256195	snap	0	sdk	socialgraph	send_exhausted	0
1781256195	snap	0	sdk	socialgraph	send_canceled	0
1781256195	snap	0	sdk	socialgraph	send_other	0
1781256195	snap	0	sdk	socialgraph	buffer_depth	0
0
1781256195	snap	0	sdk	socialgraph	cp_received	962
1781256195	snap	0	sdk	socialgraph	lp_received	112872
1781256195	snap	0	sdk	socialgraph	cp_sent	962
1781256195	snap	0	sdk	socialgraph	lp_sent	112872
1781256195	snap	0	sdk	socialgraph	cp_dropped	0
1781256195	snap	0	sdk	socialgraph	lp_dropped	0
1781256195	snap	0	sdk	text	spans_received	0
1781256195	snap	0	sdk	text	spans_sent	0
1781256195	snap	0	sdk	text	spans_dropped	0
1781256195	snap	0	sdk	text	spans_flushed	0
1781256195	snap	0	sdk	text	batches_sent	0
1781256195	snap	0	sdk	text	batches_dropped	0
1781256195	snap	0	sdk	text	send_unavailable	0
1781256195	snap	0	sdk	text	send_deadline	0
1781256195	snap	0	sdk	text	send_exhausted	0
1781256195	snap	0	sdk	text	send_canceled	0
1781256195	snap	0	sdk	text	send_other	0
1781256195	snap	0	sdk	text	buffer_depth	0
0
1781256195	snap	0	sdk	text	cp_received	0
1781256195	snap	0	sdk	text	lp_received	0
1781256195	snap	0	sdk	text	cp_sent	0
1781256195	snap	0	sdk	text	lp_sent	0
1781256195	snap	0	sdk	text	cp_dropped	0
1781256195	snap	0	sdk	text	lp_dropped	0
1781256195	snap	0	sdk	uniqueid	spans_received	0
1781256195	snap	0	sdk	uniqueid	spans_sent	0
1781256195	snap	0	sdk	uniqueid	spans_dropped	0
1781256195	snap	0	sdk	uniqueid	spans_flushed	0
1781256195	snap	0	sdk	uniqueid	batches_sent	0
1781256195	snap	0	sdk	uniqueid	batches_dropped	0
1781256195	snap	0	sdk	uniqueid	send_unavailable	0
1781256195	snap	0	sdk	uniqueid	send_deadline	0
1781256195	snap	0	sdk	uniqueid	send_exhausted	0
1781256195	snap	0	sdk	uniqueid	send_canceled	0
1781256195	snap	0	sdk	uniqueid	send_other	0
1781256195	snap	0	sdk	uniqueid	buffer_depth	0
0
1781256195	snap	0	sdk	uniqueid	cp_received	0
1781256195	snap	0	sdk	uniqueid	lp_received	0
1781256195	snap	0	sdk	uniqueid	cp_sent	0
1781256195	snap	0	sdk	uniqueid	lp_sent	0
1781256195	snap	0	sdk	uniqueid	cp_dropped	0
1781256195	snap	0	sdk	uniqueid	lp_dropped	0
1781256195	snap	0	sdk	urlshorten	spans_received	0
1781256195	snap	0	sdk	urlshorten	spans_sent	0
1781256195	snap	0	sdk	urlshorten	spans_dropped	0
1781256195	snap	0	sdk	urlshorten	spans_flushed	0
1781256195	snap	0	sdk	urlshorten	batches_sent	0
1781256195	snap	0	sdk	urlshorten	batches_dropped	0
1781256195	snap	0	sdk	urlshorten	send_unavailable	0
1781256195	snap	0	sdk	urlshorten	send_deadline	0
1781256195	snap	0	sdk	urlshorten	send_exhausted	0
1781256195	snap	0	sdk	urlshorten	send_canceled	0
1781256195	snap	0	sdk	urlshorten	send_other	0
1781256195	snap	0	sdk	urlshorten	buffer_depth	0
0
1781256195	snap	0	sdk	urlshorten	cp_received	0
1781256195	snap	0	sdk	urlshorten	lp_received	0
1781256195	snap	0	sdk	urlshorten	cp_sent	0
1781256195	snap	0	sdk	urlshorten	lp_sent	0
1781256195	snap	0	sdk	urlshorten	cp_dropped	0
1781256195	snap	0	sdk	urlshorten	lp_dropped	0
1781256195	snap	0	sdk	user	spans_received	1924
1781256195	snap	0	sdk	user	spans_sent	1924
1781256195	snap	0	sdk	user	spans_dropped	0
1781256195	snap	0	sdk	user	spans_flushed	1924
1781256195	snap	0	sdk	user	batches_sent	10
1781256195	snap	0	sdk	user	batches_dropped	0
1781256195	snap	0	sdk	user	send_unavailable	0
1781256195	snap	0	sdk	user	send_deadline	0
1781256195	snap	0	sdk	user	send_exhausted	0
1781256195	snap	0	sdk	user	send_canceled	0
1781256195	snap	0	sdk	user	send_other	0
1781256195	snap	0	sdk	user	buffer_depth	0
0
1781256195	snap	0	sdk	user	cp_received	0
1781256195	snap	0	sdk	user	lp_received	1924
1781256195	snap	0	sdk	user	cp_sent	0
1781256195	snap	0	sdk	user	lp_sent	1924
1781256195	snap	0	sdk	user	cp_dropped	0
1781256195	snap	0	sdk	user	lp_dropped	0
1781256195	snap	0	sdk	userid	spans_received	75248
1781256195	snap	0	sdk	userid	spans_sent	75248
1781256195	snap	0	sdk	userid	spans_dropped	0
1781256195	snap	0	sdk	userid	spans_flushed	75248
1781256195	snap	0	sdk	userid	batches_sent	239
1781256195	snap	0	sdk	userid	batches_dropped	0
1781256195	snap	0	sdk	userid	send_unavailable	0
1781256195	snap	0	sdk	userid	send_deadline	0
1781256195	snap	0	sdk	userid	send_exhausted	0
1781256195	snap	0	sdk	userid	send_canceled	0
1781256195	snap	0	sdk	userid	send_other	0
1781256195	snap	0	sdk	userid	buffer_depth	0
0
1781256195	snap	0	sdk	userid	cp_received	75248
1781256195	snap	0	sdk	userid	lp_received	0
1781256195	snap	0	sdk	userid	cp_sent	75248
1781256195	snap	0	sdk	userid	lp_sent	0
1781256195	snap	0	sdk	userid	cp_dropped	0
1781256195	snap	0	sdk	userid	lp_dropped	0
1781256195	snap	0	sdk	usermention	spans_received	0
1781256195	snap	0	sdk	usermention	spans_sent	0
1781256195	snap	0	sdk	usermention	spans_dropped	0
1781256195	snap	0	sdk	usermention	spans_flushed	0
1781256195	snap	0	sdk	usermention	batches_sent	0
1781256195	snap	0	sdk	usermention	batches_dropped	0
1781256195	snap	0	sdk	usermention	send_unavailable	0
1781256195	snap	0	sdk	usermention	send_deadline	0
1781256195	snap	0	sdk	usermention	send_exhausted	0
1781256195	snap	0	sdk	usermention	send_canceled	0
1781256195	snap	0	sdk	usermention	send_other	0
1781256195	snap	0	sdk	usermention	buffer_depth	0
0
1781256195	snap	0	sdk	usermention	cp_received	0
1781256195	snap	0	sdk	usermention	lp_received	0
1781256195	snap	0	sdk	usermention	cp_sent	0
1781256195	snap	0	sdk	usermention	lp_sent	0
1781256195	snap	0	sdk	usermention	cp_dropped	0
1781256195	snap	0	sdk	usermention	lp_dropped	0
1781256195	snap	0	sdk	usertimeline	spans_received	0
1781256195	snap	0	sdk	usertimeline	spans_sent	0
1781256195	snap	0	sdk	usertimeline	spans_dropped	0
1781256195	snap	0	sdk	usertimeline	spans_flushed	0
1781256195	snap	0	sdk	usertimeline	batches_sent	0
1781256195	snap	0	sdk	usertimeline	batches_dropped	0
1781256195	snap	0	sdk	usertimeline	send_unavailable	0
1781256195	snap	0	sdk	usertimeline	send_deadline	0
1781256195	snap	0	sdk	usertimeline	send_exhausted	0
1781256195	snap	0	sdk	usertimeline	send_canceled	0
1781256195	snap	0	sdk	usertimeline	send_other	0
1781256195	snap	0	sdk	usertimeline	buffer_depth	0
0
1781256195	snap	0	sdk	usertimeline	cp_received	0
1781256195	snap	0	sdk	usertimeline	lp_received	0
1781256195	snap	0	sdk	usertimeline	cp_sent	0
1781256195	snap	0	sdk	usertimeline	lp_sent	0
1781256195	snap	0	sdk	usertimeline	cp_dropped	0
1781256195	snap	0	sdk	usertimeline	lp_dropped	0
1781256302	snap	0	otelcol	otelcol-sb-esrev0-ctr-s4p4v	otelcol_exporter_queue_size	0
1781256302	snap	0	otelcol	otelcol-sb-esrev0-ctr-s4p4v	otelcol_process_cpu_seconds	5
1781256302	snap	0	otelcol	otelcol-sb-esrev0-ctr-s4p4v	otelcol_processor_batch_batch_send_size_sum	20867
1781256302	snap	0	otelcol	otelcol-sb-esrev0-ctr-s4p4v	otelcol_process_runtime_total_alloc_bytes	116970808
1781256302	snap	0	otelcol	otelcol-sb-esrev0-ctr-s4p4v	otelcol_exporter_send_failed_spans	0
1781256302	snap	0	otelcol	otelcol-sb-esrev0-ctr-s4p4v	otelcol_receiver_failed_spans	0
1781256302	snap	0	otelcol	otelcol-sb-esrev0-ctr-s4p4v	otelcol_processor_outgoing_items	20867
1781256302	snap	0	otelcol	otelcol-sb-esrev0-ctr-s4p4v	otelcol_receiver_accepted_spans	20867
1781256302	snap	0	otelcol	otelcol-sb-esrev0-ctr-s4p4v	otelcol_exporter_queue_batch_send_size_sum	20867
1781256302	snap	0	otelcol	otelcol-sb-esrev0-ctr-s4p4v	otelcol_receiver_refused_spans	0
1781256302	snap	0	otelcol	otelcol-sb-esrev0-ctr-s4p4v	otelcol_process_uptime	178
1781256302	snap	0	otelcol	otelcol-sb-esrev0-ctr-s4p4v	otelcol_exporter_sent_spans	20867
1781256302	snap	0	otelcol	otelcol-sb-esrev0-ctr-s4p4v	otelcol_processor_batch_metadata_cardinality	1
1781256302	snap	0	otelcol	otelcol-sb-esrev0-ctr-s4p4v	otelcol_processor_batch_timeout_trigger_send	654
1781256302	snap	0	otelcol	otelcol-sb-esrev0-ctr-s4p4v	otelcol_process_runtime_heap_alloc_bytes	38066872
1781256302	snap	0	otelcol	otelcol-sb-esrev0-ctr-s4p4v	otelcol_processor_incoming_items	20867
1781256302	snap	0	otelcol	otelcol-sb-esrev0-ctr-s4p4v	otelcol_process_runtime_total_sys_memory_bytes	74991896
1781256302	snap	0	otelcol	otelcol-sb-esrev0-ctr-s4p4v	otelcol_process_memory_rss	209063936
1781256302	snap	0	otelcol	otelcol-sb-esrev0-ctr-s4p4v	otelcol_exporter_queue_capacity	1001
1781256302	snap	0	otelcol	otelcol-sb-esrev0-ctr-lbwgk	otelcol_receiver_refused_spans	0
1781256302	snap	0	otelcol	otelcol-sb-esrev0-ctr-lbwgk	otelcol_process_uptime	177
1781256302	snap	0	otelcol	otelcol-sb-esrev0-ctr-lbwgk	otelcol_exporter_queue_size	0
1781256302	snap	0	otelcol	otelcol-sb-esrev0-ctr-lbwgk	otelcol_exporter_queue_batch_send_size_sum	10493
1781256302	snap	0	otelcol	otelcol-sb-esrev0-ctr-lbwgk	otelcol_processor_outgoing_items	10493
1781256302	snap	0	otelcol	otelcol-sb-esrev0-ctr-lbwgk	otelcol_process_runtime_total_alloc_bytes	90655768
1781256302	snap	0	otelcol	otelcol-sb-esrev0-ctr-lbwgk	otelcol_processor_batch_batch_send_size_sum	10493
1781256302	snap	0	otelcol	otelcol-sb-esrev0-ctr-lbwgk	otelcol_exporter_send_failed_spans	0
1781256302	snap	0	otelcol	otelcol-sb-esrev0-ctr-lbwgk	otelcol_processor_batch_metadata_cardinality	1
1781256302	snap	0	otelcol	otelcol-sb-esrev0-ctr-lbwgk	otelcol_process_memory_rss	199233536
1781256302	snap	0	otelcol	otelcol-sb-esrev0-ctr-lbwgk	otelcol_receiver_accepted_spans	10493
1781256302	snap	0	otelcol	otelcol-sb-esrev0-ctr-lbwgk	otelcol_processor_batch_timeout_trigger_send	656
1781256302	snap	0	otelcol	otelcol-sb-esrev0-ctr-lbwgk	otelcol_process_runtime_heap_alloc_bytes	37628216
1781256302	snap	0	otelcol	otelcol-sb-esrev0-ctr-lbwgk	otelcol_process_cpu_seconds	7
1781256302	snap	0	otelcol	otelcol-sb-esrev0-ctr-lbwgk	otelcol_processor_incoming_items	10493
1781256302	snap	0	otelcol	otelcol-sb-esrev0-ctr-lbwgk	otelcol_process_runtime_total_sys_memory_bytes	71059736
1781256302	snap	0	otelcol	otelcol-sb-esrev0-ctr-lbwgk	otelcol_exporter_sent_spans	10493
1781256302	snap	0	otelcol	otelcol-sb-esrev0-ctr-lbwgk	otelcol_exporter_queue_capacity	1001
1781256302	snap	0	otelcol	otelcol-sb-esrev0-ctr-lbwgk	otelcol_receiver_failed_spans	0
1781256302	snap	0	otelcol	otelcol-sb-esrev0-ctr-4qc2z	otelcol_receiver_failed_spans	0
1781256302	snap	0	otelcol	otelcol-sb-esrev0-ctr-4qc2z	otelcol_process_cpu_seconds	5
1781256302	snap	0	otelcol	otelcol-sb-esrev0-ctr-4qc2z	otelcol_receiver_refused_spans	0
1781256302	snap	0	otelcol	otelcol-sb-esrev0-ctr-4qc2z	otelcol_process_runtime_heap_alloc_bytes	41684552
1781256302	snap	0	otelcol	otelcol-sb-esrev0-ctr-4qc2z	otelcol_process_memory_rss	206057472
1781256302	snap	0	otelcol	otelcol-sb-esrev0-ctr-4qc2z	otelcol_exporter_send_failed_spans	0
1781256302	snap	0	otelcol	otelcol-sb-esrev0-ctr-4qc2z	otelcol_process_runtime_total_alloc_bytes	118344168
1781256302	snap	0	otelcol	otelcol-sb-esrev0-ctr-4qc2z	otelcol_processor_batch_metadata_cardinality	1
1781256302	snap	0	otelcol	otelcol-sb-esrev0-ctr-4qc2z	otelcol_processor_incoming_items	20506
1781256302	snap	0	otelcol	otelcol-sb-esrev0-ctr-4qc2z	otelcol_processor_batch_timeout_trigger_send	658
1781256302	snap	0	otelcol	otelcol-sb-esrev0-ctr-4qc2z	otelcol_processor_batch_batch_send_size_sum	20506
1781256302	snap	0	otelcol	otelcol-sb-esrev0-ctr-4qc2z	otelcol_process_runtime_total_sys_memory_bytes	74762520
1781256302	snap	0	otelcol	otelcol-sb-esrev0-ctr-4qc2z	otelcol_exporter_sent_spans	20506
1781256302	snap	0	otelcol	otelcol-sb-esrev0-ctr-4qc2z	otelcol_receiver_accepted_spans	20506
1781256302	snap	0	otelcol	otelcol-sb-esrev0-ctr-4qc2z	otelcol_processor_outgoing_items	20506
1781256302	snap	0	otelcol	otelcol-sb-esrev0-ctr-4qc2z	otelcol_exporter_queue_size	0
1781256302	snap	0	otelcol	otelcol-sb-esrev0-ctr-4qc2z	otelcol_exporter_queue_batch_send_size_sum	20506
1781256302	snap	0	otelcol	otelcol-sb-esrev0-ctr-4qc2z	otelcol_process_uptime	179
1781256302	snap	0	otelcol	otelcol-sb-esrev0-ctr-4qc2z	otelcol_exporter_queue_capacity	1001
1781256302	snap	0	otelcol	otelcol-sb-esrev0-ctr-stlt9	otelcol_processor_incoming_items	30513
1781256302	snap	0	otelcol	otelcol-sb-esrev0-ctr-stlt9	otelcol_receiver_accepted_spans	30513
1781256302	snap	0	otelcol	otelcol-sb-esrev0-ctr-stlt9	otelcol_processor_outgoing_items	30513
1781256302	snap	0	otelcol	otelcol-sb-esrev0-ctr-stlt9	otelcol_processor_batch_metadata_cardinality	1
1781256302	snap	0	otelcol	otelcol-sb-esrev0-ctr-stlt9	otelcol_processor_batch_timeout_trigger_send	660
1781256302	snap	0	otelcol	otelcol-sb-esrev0-ctr-stlt9	otelcol_processor_batch_batch_send_size_sum	30513
1781256302	snap	0	otelcol	otelcol-sb-esrev0-ctr-stlt9	otelcol_process_memory_rss	210239488
1781256302	snap	0	otelcol	otelcol-sb-esrev0-ctr-stlt9	otelcol_exporter_queue_capacity	1001
1781256302	snap	0	otelcol	otelcol-sb-esrev0-ctr-stlt9	otelcol_exporter_sent_spans	30513
1781256302	snap	0	otelcol	otelcol-sb-esrev0-ctr-stlt9	otelcol_process_runtime_total_sys_memory_bytes	79194392
1781256302	snap	0	otelcol	otelcol-sb-esrev0-ctr-stlt9	otelcol_exporter_queue_size	0
1781256302	snap	0	otelcol	otelcol-sb-esrev0-ctr-stlt9	otelcol_receiver_refused_spans	0
1781256302	snap	0	otelcol	otelcol-sb-esrev0-ctr-stlt9	otelcol_receiver_failed_spans	0
1781256302	snap	0	otelcol	otelcol-sb-esrev0-ctr-stlt9	otelcol_process_uptime	179
1781256302	snap	0	otelcol	otelcol-sb-esrev0-ctr-stlt9	otelcol_process_runtime_heap_alloc_bytes	39153392
1781256302	snap	0	otelcol	otelcol-sb-esrev0-ctr-stlt9	otelcol_exporter_send_failed_spans	0
1781256302	snap	0	otelcol	otelcol-sb-esrev0-ctr-stlt9	otelcol_exporter_queue_batch_send_size_sum	30513
1781256302	snap	0	otelcol	otelcol-sb-esrev0-ctr-stlt9	otelcol_process_runtime_total_alloc_bytes	141734392
1781256302	snap	0	otelcol	otelcol-sb-esrev0-ctr-stlt9	otelcol_process_cpu_seconds	6
1781256302	snap	0	otelcol	otelcol-sb-esrev0-ctr-f8wkx	otelcol_receiver_failed_spans	0
1781256302	snap	0	otelcol	otelcol-sb-esrev0-ctr-f8wkx	otelcol_process_runtime_total_sys_memory_bytes	84592920
1781256302	snap	0	otelcol	otelcol-sb-esrev0-ctr-f8wkx	otelcol_exporter_queue_size	0
1781256302	snap	0	otelcol	otelcol-sb-esrev0-ctr-f8wkx	otelcol_process_runtime_total_alloc_bytes	220439664
1781256302	snap	0	otelcol	otelcol-sb-esrev0-ctr-f8wkx	otelcol_exporter_send_failed_spans	0
1781256302	snap	0	otelcol	otelcol-sb-esrev0-ctr-f8wkx	otelcol_processor_batch_metadata_cardinality	1
1781256302	snap	0	otelcol	otelcol-sb-esrev0-ctr-f8wkx	otelcol_exporter_queue_batch_send_size_sum	127794
1781256302	snap	0	otelcol	otelcol-sb-esrev0-ctr-f8wkx	otelcol_processor_batch_timeout_trigger_send	670
1781256302	snap	0	otelcol	otelcol-sb-esrev0-ctr-f8wkx	otelcol_processor_incoming_items	127794
1781256302	snap	0	otelcol	otelcol-sb-esrev0-ctr-f8wkx	otelcol_process_cpu_seconds	8
1781256302	snap	0	otelcol	otelcol-sb-esrev0-ctr-f8wkx	otelcol_processor_batch_batch_send_size_sum	127794
1781256302	snap	0	otelcol	otelcol-sb-esrev0-ctr-f8wkx	otelcol_process_uptime	178
1781256302	snap	0	otelcol	otelcol-sb-esrev0-ctr-f8wkx	otelcol_process_runtime_heap_alloc_bytes	38470832
1781256302	snap	0	otelcol	otelcol-sb-esrev0-ctr-f8wkx	otelcol_exporter_sent_spans	127794
1781256302	snap	0	otelcol	otelcol-sb-esrev0-ctr-f8wkx	otelcol_receiver_refused_spans	0
1781256302	snap	0	otelcol	otelcol-sb-esrev0-ctr-f8wkx	otelcol_processor_outgoing_items	127794
1781256302	snap	0	otelcol	otelcol-sb-esrev0-ctr-f8wkx	otelcol_receiver_accepted_spans	127794
1781256302	snap	0	otelcol	otelcol-sb-esrev0-ctr-f8wkx	otelcol_process_memory_rss	214851584
1781256302	snap	0	otelcol	otelcol-sb-esrev0-ctr-f8wkx	otelcol_exporter_queue_capacity	1001
1781256302	snap	0	otelcol	otelcol-sb-esrev0-ctr-r2dsm	otelcol_receiver_refused_spans	0
1781256302	snap	0	otelcol	otelcol-sb-esrev0-ctr-r2dsm	otelcol_receiver_failed_spans	0
1781256302	snap	0	otelcol	otelcol-sb-esrev0-ctr-r2dsm	otelcol_processor_outgoing_items	110558
1781256302	snap	0	otelcol	otelcol-sb-esrev0-ctr-r2dsm	otelcol_process_uptime	177
1781256302	snap	0	otelcol	otelcol-sb-esrev0-ctr-r2dsm	otelcol_process_runtime_total_alloc_bytes	305573224
1781256302	snap	0	otelcol	otelcol-sb-esrev0-ctr-r2dsm	otelcol_process_memory_rss	221810688
1781256302	snap	0	otelcol	otelcol-sb-esrev0-ctr-r2dsm	otelcol_exporter_send_failed_spans	0
1781256302	snap	0	otelcol	otelcol-sb-esrev0-ctr-r2dsm	otelcol_exporter_queue_batch_send_size_sum	110558
1781256302	snap	0	otelcol	otelcol-sb-esrev0-ctr-r2dsm	otelcol_receiver_accepted_spans	110558
1781256302	snap	0	otelcol	otelcol-sb-esrev0-ctr-r2dsm	otelcol_processor_batch_metadata_cardinality	1
1781256302	snap	0	otelcol	otelcol-sb-esrev0-ctr-r2dsm	otelcol_processor_batch_timeout_trigger_send	659
1781256302	snap	0	otelcol	otelcol-sb-esrev0-ctr-r2dsm	otelcol_processor_batch_batch_send_size_sum	110558
1781256302	snap	0	otelcol	otelcol-sb-esrev0-ctr-r2dsm	otelcol_process_cpu_seconds	9
1781256302	snap	0	otelcol	otelcol-sb-esrev0-ctr-r2dsm	otelcol_exporter_queue_capacity	1001
1781256302	snap	0	otelcol	otelcol-sb-esrev0-ctr-r2dsm	otelcol_process_runtime_heap_alloc_bytes	47041104
1781256302	snap	0	otelcol	otelcol-sb-esrev0-ctr-r2dsm	otelcol_exporter_sent_spans	110558
1781256302	snap	0	otelcol	otelcol-sb-esrev0-ctr-r2dsm	otelcol_exporter_queue_size	0
1781256302	snap	0	otelcol	otelcol-sb-esrev0-ctr-r2dsm	otelcol_processor_incoming_items	110558
1781256302	snap	0	otelcol	otelcol-sb-esrev0-ctr-r2dsm	otelcol_process_runtime_total_sys_memory_bytes	88123672
1781256302	snap	0	otelcol	otelcol-sb-esrev0-ctr-knvlf	otelcol_receiver_accepted_spans	20479
1781256302	snap	0	otelcol	otelcol-sb-esrev0-ctr-knvlf	otelcol_process_runtime_total_sys_memory_bytes	75540760
1781256302	snap	0	otelcol	otelcol-sb-esrev0-ctr-knvlf	otelcol_process_runtime_heap_alloc_bytes	36588808
1781256302	snap	0	otelcol	otelcol-sb-esrev0-ctr-knvlf	otelcol_processor_batch_metadata_cardinality	1
1781256302	snap	0	otelcol	otelcol-sb-esrev0-ctr-knvlf	otelcol_processor_batch_timeout_trigger_send	658
1781256302	snap	0	otelcol	otelcol-sb-esrev0-ctr-knvlf	otelcol_processor_batch_batch_send_size_sum	20479
1781256302	snap	0	otelcol	otelcol-sb-esrev0-ctr-knvlf	otelcol_process_cpu_seconds	5
1781256302	snap	0	otelcol	otelcol-sb-esrev0-ctr-knvlf	otelcol_exporter_queue_capacity	1001
1781256302	snap	0	otelcol	otelcol-sb-esrev0-ctr-knvlf	otelcol_exporter_queue_batch_send_size_sum	20479
1781256302	snap	0	otelcol	otelcol-sb-esrev0-ctr-knvlf	otelcol_receiver_refused_spans	0
1781256302	snap	0	otelcol	otelcol-sb-esrev0-ctr-knvlf	otelcol_process_memory_rss	207540224
1781256302	snap	0	otelcol	otelcol-sb-esrev0-ctr-knvlf	otelcol_process_uptime	179
1781256302	snap	0	otelcol	otelcol-sb-esrev0-ctr-knvlf	otelcol_process_runtime_total_alloc_bytes	118590352
1781256302	snap	0	otelcol	otelcol-sb-esrev0-ctr-knvlf	otelcol_exporter_sent_spans	20479
1781256302	snap	0	otelcol	otelcol-sb-esrev0-ctr-knvlf	otelcol_exporter_queue_size	0
1781256302	snap	0	otelcol	otelcol-sb-esrev0-ctr-knvlf	otelcol_processor_incoming_items	20479
1781256302	snap	0	otelcol	otelcol-sb-esrev0-ctr-knvlf	otelcol_receiver_failed_spans	0
1781256302	snap	0	otelcol	otelcol-sb-esrev0-ctr-knvlf	otelcol_processor_outgoing_items	20479
1781256302	snap	0	otelcol	otelcol-sb-esrev0-ctr-knvlf	otelcol_exporter_send_failed_spans	0
1781256302	snap	0	otelcol	otelcol-sb-esrev0-ctr-fb877	otelcol_exporter_send_failed_spans	0
1781256302	snap	0	otelcol	otelcol-sb-esrev0-ctr-fb877	otelcol_process_uptime	179
1781256302	snap	0	otelcol	otelcol-sb-esrev0-ctr-fb877	otelcol_process_runtime_heap_alloc_bytes	44129632
1781256302	snap	0	otelcol	otelcol-sb-esrev0-ctr-fb877	otelcol_process_cpu_seconds	5
1781256302	snap	0	otelcol	otelcol-sb-esrev0-ctr-fb877	otelcol_exporter_queue_capacity	1001
1781256302	snap	0	otelcol	otelcol-sb-esrev0-ctr-fb877	otelcol_exporter_sent_spans	22806
1781256302	snap	0	otelcol	otelcol-sb-esrev0-ctr-fb877	otelcol_exporter_queue_batch_send_size_sum	22806
1781256302	snap	0	otelcol	otelcol-sb-esrev0-ctr-fb877	otelcol_processor_incoming_items	22806
1781256302	snap	0	otelcol	otelcol-sb-esrev0-ctr-fb877	otelcol_receiver_failed_spans	0
1781256302	snap	0	otelcol	otelcol-sb-esrev0-ctr-fb877	otelcol_processor_batch_batch_send_size_sum	22806
1781256302	snap	0	otelcol	otelcol-sb-esrev0-ctr-fb877	otelcol_processor_outgoing_items	22806
1781256302	snap	0	otelcol	otelcol-sb-esrev0-ctr-fb877	otelcol_processor_batch_metadata_cardinality	1
1781256302	snap	0	otelcol	otelcol-sb-esrev0-ctr-fb877	otelcol_process_runtime_total_sys_memory_bytes	80181512
1781256302	snap	0	otelcol	otelcol-sb-esrev0-ctr-fb877	otelcol_exporter_queue_size	0
1781256302	snap	0	otelcol	otelcol-sb-esrev0-ctr-fb877	otelcol_processor_batch_timeout_trigger_send	662
1781256302	snap	0	otelcol	otelcol-sb-esrev0-ctr-fb877	otelcol_receiver_refused_spans	0
1781256302	snap	0	otelcol	otelcol-sb-esrev0-ctr-fb877	otelcol_receiver_accepted_spans	22806
1781256302	snap	0	otelcol	otelcol-sb-esrev0-ctr-fb877	otelcol_process_runtime_total_alloc_bytes	133044864
1781256302	snap	0	otelcol	otelcol-sb-esrev0-ctr-fb877	otelcol_process_memory_rss	208314368
1781256302	snap	0	otelcol	otelcol-sb-esrev0-ctr-b7q4j	otelcol_processor_batch_timeout_trigger_send	666
1781256302	snap	0	otelcol	otelcol-sb-esrev0-ctr-b7q4j	otelcol_exporter_queue_capacity	1001
1781256302	snap	0	otelcol	otelcol-sb-esrev0-ctr-b7q4j	otelcol_receiver_failed_spans	0
1781256302	snap	0	otelcol	otelcol-sb-esrev0-ctr-b7q4j	otelcol_processor_batch_batch_send_size_sum	134324
1781256302	snap	0	otelcol	otelcol-sb-esrev0-ctr-b7q4j	otelcol_exporter_queue_batch_send_size_sum	134324
1781256302	snap	0	otelcol	otelcol-sb-esrev0-ctr-b7q4j	otelcol_process_runtime_heap_alloc_bytes	37204640
1781256302	snap	0	otelcol	otelcol-sb-esrev0-ctr-b7q4j	otelcol_process_cpu_seconds	6
1781256302	snap	0	otelcol	otelcol-sb-esrev0-ctr-b7q4j	otelcol_exporter_send_failed_spans	0
1781256302	snap	0	otelcol	otelcol-sb-esrev0-ctr-b7q4j	otelcol_process_memory_rss	206815232
1781256302	snap	0	otelcol	otelcol-sb-esrev0-ctr-b7q4j	otelcol_exporter_sent_spans	134324
1781256302	snap	0	otelcol	otelcol-sb-esrev0-ctr-b7q4j	otelcol_processor_incoming_items	134324
1781256302	snap	0	otelcol	otelcol-sb-esrev0-ctr-b7q4j	otelcol_process_uptime	181
1781256302	snap	0	otelcol	otelcol-sb-esrev0-ctr-b7q4j	otelcol_process_runtime_total_alloc_bytes	177297152
1781256302	snap	0	otelcol	otelcol-sb-esrev0-ctr-b7q4j	otelcol_receiver_refused_spans	0
1781256302	snap	0	otelcol	otelcol-sb-esrev0-ctr-b7q4j	otelcol_processor_outgoing_items	134324
1781256302	snap	0	otelcol	otelcol-sb-esrev0-ctr-b7q4j	otelcol_receiver_accepted_spans	134324
1781256302	snap	0	otelcol	otelcol-sb-esrev0-ctr-b7q4j	otelcol_processor_batch_metadata_cardinality	1
1781256302	snap	0	otelcol	otelcol-sb-esrev0-ctr-b7q4j	otelcol_process_runtime_total_sys_memory_bytes	88148248
1781256302	snap	0	otelcol	otelcol-sb-esrev0-ctr-b7q4j	otelcol_exporter_queue_size	0
1781256302	snap	0	k8s	otelcol-sb-esrev0-ctr-4qc2z	restart_count	0
1781256302	snap	0	k8s	otelcol-sb-esrev0-ctr-b7q4j	restart_count	0
1781256302	snap	0	k8s	otelcol-sb-esrev0-ctr-f8wkx	restart_count	0
1781256302	snap	0	k8s	otelcol-sb-esrev0-ctr-fb877	restart_count	0
1781256302	snap	0	k8s	otelcol-sb-esrev0-ctr-knvlf	restart_count	0
1781256302	snap	0	k8s	otelcol-sb-esrev0-ctr-lbwgk	restart_count	0
1781256302	snap	0	k8s	otelcol-sb-esrev0-ctr-r2dsm	restart_count	0
1781256302	snap	0	k8s	otelcol-sb-esrev0-ctr-s4p4v	restart_count	0
1781256302	snap	0	k8s	otelcol-sb-esrev0-ctr-stlt9	restart_count	0
1781256302	snap	0	sdk	wrk2api	spans_received	10493
1781256302	snap	0	sdk	wrk2api	spans_sent	10493
1781256302	snap	0	sdk	wrk2api	spans_dropped	0
1781256302	snap	0	sdk	wrk2api	spans_flushed	10493
1781256302	snap	0	sdk	wrk2api	batches_sent	2430
1781256302	snap	0	sdk	wrk2api	batches_dropped	0
1781256302	snap	0	sdk	wrk2api	send_unavailable	0
1781256302	snap	0	sdk	wrk2api	send_deadline	0
1781256302	snap	0	sdk	wrk2api	send_exhausted	0
1781256302	snap	0	sdk	wrk2api	send_canceled	0
1781256302	snap	0	sdk	wrk2api	send_other	0
1781256302	snap	0	sdk	wrk2api	buffer_depth	0
0
1781256302	snap	0	sdk	wrk2api	cp_received	5246
1781256302	snap	0	sdk	wrk2api	lp_received	5247
1781256302	snap	0	sdk	wrk2api	cp_sent	5246
1781256302	snap	0	sdk	wrk2api	lp_sent	5247
1781256302	snap	0	sdk	wrk2api	cp_dropped	0
1781256302	snap	0	sdk	wrk2api	lp_dropped	0
1781256302	snap	0	sdk	composepost	spans_received	80063
1781256302	snap	0	sdk	composepost	spans_sent	80063
1781256302	snap	0	sdk	composepost	spans_dropped	0
1781256302	snap	0	sdk	composepost	spans_flushed	80063
1781256302	snap	0	sdk	composepost	batches_sent	7955
1781256302	snap	0	sdk	composepost	batches_dropped	0
1781256302	snap	0	sdk	composepost	send_unavailable	0
1781256302	snap	0	sdk	composepost	send_deadline	0
1781256302	snap	0	sdk	composepost	send_exhausted	0
1781256302	snap	0	sdk	composepost	send_canceled	0
1781256302	snap	0	sdk	composepost	send_other	0
1781256302	snap	0	sdk	composepost	buffer_depth	0
0
1781256302	snap	0	sdk	composepost	cp_received	0
1781256302	snap	0	sdk	composepost	lp_received	80063
1781256302	snap	0	sdk	composepost	cp_sent	0
1781256302	snap	0	sdk	composepost	lp_sent	80063
1781256302	snap	0	sdk	composepost	cp_dropped	0
1781256302	snap	0	sdk	composepost	lp_dropped	0
1781256302	snap	0	sdk	hometimeline	spans_received	20000
1781256302	snap	0	sdk	hometimeline	spans_sent	20000
1781256302	snap	0	sdk	hometimeline	spans_dropped	0
1781256302	snap	0	sdk	hometimeline	spans_flushed	20000
1781256302	snap	0	sdk	hometimeline	batches_sent	1988
1781256302	snap	0	sdk	hometimeline	batches_dropped	0
1781256302	snap	0	sdk	hometimeline	send_unavailable	0
1781256302	snap	0	sdk	hometimeline	send_deadline	0
1781256302	snap	0	sdk	hometimeline	send_exhausted	0
1781256302	snap	0	sdk	hometimeline	send_canceled	0
1781256302	snap	0	sdk	hometimeline	send_other	0
1781256302	snap	0	sdk	hometimeline	buffer_depth	0
0
1781256302	snap	0	sdk	hometimeline	cp_received	10000
1781256302	snap	0	sdk	hometimeline	lp_received	10000
1781256302	snap	0	sdk	hometimeline	cp_sent	10000
1781256302	snap	0	sdk	hometimeline	lp_sent	10000
1781256302	snap	0	sdk	hometimeline	cp_dropped	0
1781256302	snap	0	sdk	hometimeline	lp_dropped	0
1781256302	snap	0	sdk	media	spans_received	10009
1781256302	snap	0	sdk	media	spans_sent	10009
1781256302	snap	0	sdk	media	spans_dropped	0
1781256302	snap	0	sdk	media	spans_flushed	10009
1781256302	snap	0	sdk	media	batches_sent	994
1781256302	snap	0	sdk	media	batches_dropped	0
1781256302	snap	0	sdk	media	send_unavailable	0
1781256302	snap	0	sdk	media	send_deadline	0
1781256302	snap	0	sdk	media	send_exhausted	0
1781256302	snap	0	sdk	media	send_canceled	0
1781256302	snap	0	sdk	media	send_other	0
1781256302	snap	0	sdk	media	buffer_depth	0
0
1781256302	snap	0	sdk	media	cp_received	10009
1781256302	snap	0	sdk	media	lp_received	0
1781256302	snap	0	sdk	media	cp_sent	10009
1781256302	snap	0	sdk	media	lp_sent	0
1781256302	snap	0	sdk	media	cp_dropped	0
1781256302	snap	0	sdk	media	lp_dropped	0
1781256302	snap	0	sdk	post-storage	spans_received	10000
1781256302	snap	0	sdk	post-storage	spans_sent	10000
1781256302	snap	0	sdk	post-storage	spans_dropped	0
1781256302	snap	0	sdk	post-storage	spans_flushed	10000
1781256302	snap	0	sdk	post-storage	batches_sent	993
1781256302	snap	0	sdk	post-storage	batches_dropped	0
1781256302	snap	0	sdk	post-storage	send_unavailable	0
1781256302	snap	0	sdk	post-storage	send_deadline	0
1781256302	snap	0	sdk	post-storage	send_exhausted	0
1781256302	snap	0	sdk	post-storage	send_canceled	0
1781256302	snap	0	sdk	post-storage	send_other	0
1781256302	snap	0	sdk	post-storage	buffer_depth	0
0
1781256302	snap	0	sdk	post-storage	cp_received	10000
1781256302	snap	0	sdk	post-storage	lp_received	0
1781256302	snap	0	sdk	post-storage	cp_sent	10000
1781256302	snap	0	sdk	post-storage	lp_sent	0
1781256302	snap	0	sdk	post-storage	cp_dropped	0
1781256302	snap	0	sdk	post-storage	lp_dropped	0
1781256302	snap	0	sdk	socialgraph	spans_received	123834
1781256302	snap	0	sdk	socialgraph	spans_sent	123834
1781256302	snap	0	sdk	socialgraph	spans_dropped	0
1781256302	snap	0	sdk	socialgraph	spans_flushed	123834
1781256302	snap	0	sdk	socialgraph	batches_sent	1501
1781256302	snap	0	sdk	socialgraph	batches_dropped	0
1781256302	snap	0	sdk	socialgraph	send_unavailable	0
1781256302	snap	0	sdk	socialgraph	send_deadline	0
1781256302	snap	0	sdk	socialgraph	send_exhausted	0
1781256302	snap	0	sdk	socialgraph	send_canceled	0
1781256302	snap	0	sdk	socialgraph	send_other	0
1781256302	snap	0	sdk	socialgraph	buffer_depth	0
0
1781256302	snap	0	sdk	socialgraph	cp_received	10962
1781256302	snap	0	sdk	socialgraph	lp_received	112872
1781256302	snap	0	sdk	socialgraph	cp_sent	10962
1781256302	snap	0	sdk	socialgraph	lp_sent	112872
1781256302	snap	0	sdk	socialgraph	cp_dropped	0
1781256302	snap	0	sdk	socialgraph	lp_dropped	0
1781256302	snap	0	sdk	text	spans_received	30045
1781256302	snap	0	sdk	text	spans_sent	30045
1781256302	snap	0	sdk	text	spans_dropped	0
1781256302	snap	0	sdk	text	spans_flushed	30045
1781256302	snap	0	sdk	text	batches_sent	2982
1781256302	snap	0	sdk	text	batches_dropped	0
1781256302	snap	0	sdk	text	send_unavailable	0
1781256302	snap	0	sdk	text	send_deadline	0
1781256302	snap	0	sdk	text	send_exhausted	0
1781256302	snap	0	sdk	text	send_canceled	0
1781256302	snap	0	sdk	text	send_other	0
1781256302	snap	0	sdk	text	buffer_depth	0
0
1781256302	snap	0	sdk	text	cp_received	10009
1781256302	snap	0	sdk	text	lp_received	20036
1781256302	snap	0	sdk	text	cp_sent	10009
1781256302	snap	0	sdk	text	lp_sent	20036
1781256302	snap	0	sdk	text	cp_dropped	0
1781256302	snap	0	sdk	text	lp_dropped	0
1781256302	snap	0	sdk	uniqueid	spans_received	10009
1781256302	snap	0	sdk	uniqueid	spans_sent	10009
1781256302	snap	0	sdk	uniqueid	spans_dropped	0
1781256302	snap	0	sdk	uniqueid	spans_flushed	10009
1781256302	snap	0	sdk	uniqueid	batches_sent	994
1781256302	snap	0	sdk	uniqueid	batches_dropped	0
1781256302	snap	0	sdk	uniqueid	send_unavailable	0
1781256302	snap	0	sdk	uniqueid	send_deadline	0
1781256302	snap	0	sdk	uniqueid	send_exhausted	0
1781256302	snap	0	sdk	uniqueid	send_canceled	0
1781256302	snap	0	sdk	uniqueid	send_other	0
1781256302	snap	0	sdk	uniqueid	buffer_depth	0
0
1781256302	snap	0	sdk	uniqueid	cp_received	10009
1781256302	snap	0	sdk	uniqueid	lp_received	0
1781256302	snap	0	sdk	uniqueid	cp_sent	10009
1781256302	snap	0	sdk	uniqueid	lp_sent	0
1781256302	snap	0	sdk	uniqueid	cp_dropped	0
1781256302	snap	0	sdk	uniqueid	lp_dropped	0
1781256302	snap	0	sdk	urlshorten	spans_received	10009
1781256302	snap	0	sdk	urlshorten	spans_sent	10009
1781256302	snap	0	sdk	urlshorten	spans_dropped	0
1781256302	snap	0	sdk	urlshorten	spans_flushed	10009
1781256302	snap	0	sdk	urlshorten	batches_sent	994
1781256302	snap	0	sdk	urlshorten	batches_dropped	0
1781256302	snap	0	sdk	urlshorten	send_unavailable	0
1781256302	snap	0	sdk	urlshorten	send_deadline	0
1781256302	snap	0	sdk	urlshorten	send_exhausted	0
1781256302	snap	0	sdk	urlshorten	send_canceled	0
1781256302	snap	0	sdk	urlshorten	send_other	0
1781256302	snap	0	sdk	urlshorten	buffer_depth	0
0
1781256302	snap	0	sdk	urlshorten	cp_received	10009
1781256302	snap	0	sdk	urlshorten	lp_received	0
1781256302	snap	0	sdk	urlshorten	cp_sent	10009
1781256302	snap	0	sdk	urlshorten	lp_sent	0
1781256302	snap	0	sdk	urlshorten	cp_dropped	0
1781256302	snap	0	sdk	urlshorten	lp_dropped	0
1781256302	snap	0	sdk	user	spans_received	11933
1781256302	snap	0	sdk	user	spans_sent	11933
1781256302	snap	0	sdk	user	spans_dropped	0
1781256302	snap	0	sdk	user	spans_flushed	11933
1781256302	snap	0	sdk	user	batches_sent	1004
1781256302	snap	0	sdk	user	batches_dropped	0
1781256302	snap	0	sdk	user	send_unavailable	0
1781256302	snap	0	sdk	user	send_deadline	0
1781256302	snap	0	sdk	user	send_exhausted	0
1781256302	snap	0	sdk	user	send_canceled	0
1781256302	snap	0	sdk	user	send_other	0
1781256302	snap	0	sdk	user	buffer_depth	0
0
1781256302	snap	0	sdk	user	cp_received	10009
1781256302	snap	0	sdk	user	lp_received	1924
1781256302	snap	0	sdk	user	cp_sent	10009
1781256302	snap	0	sdk	user	lp_sent	1924
1781256302	snap	0	sdk	user	cp_dropped	0
1781256302	snap	0	sdk	user	lp_dropped	0
1781256302	snap	0	sdk	userid	spans_received	75248
1781256302	snap	0	sdk	userid	spans_sent	75248
1781256302	snap	0	sdk	userid	spans_dropped	0
1781256302	snap	0	sdk	userid	spans_flushed	75248
1781256302	snap	0	sdk	userid	batches_sent	239
1781256302	snap	0	sdk	userid	batches_dropped	0
1781256302	snap	0	sdk	userid	send_unavailable	0
1781256302	snap	0	sdk	userid	send_deadline	0
1781256302	snap	0	sdk	userid	send_exhausted	0
1781256302	snap	0	sdk	userid	send_canceled	0
1781256302	snap	0	sdk	userid	send_other	0
1781256302	snap	0	sdk	userid	buffer_depth	0
0
1781256302	snap	0	sdk	userid	cp_received	75248
1781256302	snap	0	sdk	userid	lp_received	0
1781256302	snap	0	sdk	userid	cp_sent	75248
1781256302	snap	0	sdk	userid	lp_sent	0
1781256302	snap	0	sdk	userid	cp_dropped	0
1781256302	snap	0	sdk	userid	lp_dropped	0
1781256302	snap	0	sdk	usermention	spans_received	10009
1781256302	snap	0	sdk	usermention	spans_sent	10009
1781256302	snap	0	sdk	usermention	spans_dropped	0
1781256302	snap	0	sdk	usermention	spans_flushed	10009
1781256302	snap	0	sdk	usermention	batches_sent	995
1781256302	snap	0	sdk	usermention	batches_dropped	0
1781256302	snap	0	sdk	usermention	send_unavailable	0
1781256302	snap	0	sdk	usermention	send_deadline	0
1781256302	snap	0	sdk	usermention	send_exhausted	0
1781256302	snap	0	sdk	usermention	send_canceled	0
1781256302	snap	0	sdk	usermention	send_other	0
1781256302	snap	0	sdk	usermention	buffer_depth	0
0
1781256302	snap	0	sdk	usermention	cp_received	10009
1781256302	snap	0	sdk	usermention	lp_received	0
1781256302	snap	0	sdk	usermention	cp_sent	10009
1781256302	snap	0	sdk	usermention	lp_sent	0
1781256302	snap	0	sdk	usermention	cp_dropped	0
1781256302	snap	0	sdk	usermention	lp_dropped	0
1781256302	snap	0	sdk	usertimeline	spans_received	10000
1781256302	snap	0	sdk	usertimeline	spans_sent	10000
1781256302	snap	0	sdk	usertimeline	spans_dropped	0
1781256302	snap	0	sdk	usertimeline	spans_flushed	10000
1781256302	snap	0	sdk	usertimeline	batches_sent	993
1781256302	snap	0	sdk	usertimeline	batches_dropped	0
1781256302	snap	0	sdk	usertimeline	send_unavailable	0
1781256302	snap	0	sdk	usertimeline	send_deadline	0
1781256302	snap	0	sdk	usertimeline	send_exhausted	0
1781256302	snap	0	sdk	usertimeline	send_canceled	0
1781256302	snap	0	sdk	usertimeline	send_other	0
1781256302	snap	0	sdk	usertimeline	buffer_depth	0
0
1781256302	snap	0	sdk	usertimeline	cp_received	10000
1781256302	snap	0	sdk	usertimeline	lp_received	0
1781256302	snap	0	sdk	usertimeline	cp_sent	10000
1781256302	snap	0	sdk	usertimeline	lp_sent	0
1781256302	snap	0	sdk	usertimeline	cp_dropped	0
1781256302	snap	0	sdk	usertimeline	lp_dropped	0
1781256309	snap	2000	otelcol	otelcol-sb-esrev0-ctr-s4p4v	otelcol_exporter_queue_size	0
1781256309	snap	2000	otelcol	otelcol-sb-esrev0-ctr-s4p4v	otelcol_process_cpu_seconds	5
1781256309	snap	2000	otelcol	otelcol-sb-esrev0-ctr-s4p4v	otelcol_processor_batch_batch_send_size_sum	20867
1781256309	snap	2000	otelcol	otelcol-sb-esrev0-ctr-s4p4v	otelcol_process_runtime_total_alloc_bytes	117540680
1781256309	snap	2000	otelcol	otelcol-sb-esrev0-ctr-s4p4v	otelcol_exporter_send_failed_spans	0
1781256309	snap	2000	otelcol	otelcol-sb-esrev0-ctr-s4p4v	otelcol_receiver_failed_spans	0
1781256309	snap	2000	otelcol	otelcol-sb-esrev0-ctr-s4p4v	otelcol_processor_outgoing_items	20867
1781256309	snap	2000	otelcol	otelcol-sb-esrev0-ctr-s4p4v	otelcol_receiver_accepted_spans	20867
1781256309	snap	2000	otelcol	otelcol-sb-esrev0-ctr-s4p4v	otelcol_exporter_queue_batch_send_size_sum	20867
1781256309	snap	2000	otelcol	otelcol-sb-esrev0-ctr-s4p4v	otelcol_receiver_refused_spans	0
1781256309	snap	2000	otelcol	otelcol-sb-esrev0-ctr-s4p4v	otelcol_process_uptime	185
1781256309	snap	2000	otelcol	otelcol-sb-esrev0-ctr-s4p4v	otelcol_exporter_sent_spans	20867
1781256309	snap	2000	otelcol	otelcol-sb-esrev0-ctr-s4p4v	otelcol_processor_batch_metadata_cardinality	1
1781256309	snap	2000	otelcol	otelcol-sb-esrev0-ctr-s4p4v	otelcol_processor_batch_timeout_trigger_send	654
1781256309	snap	2000	otelcol	otelcol-sb-esrev0-ctr-s4p4v	otelcol_process_runtime_heap_alloc_bytes	38636744
1781256309	snap	2000	otelcol	otelcol-sb-esrev0-ctr-s4p4v	otelcol_processor_incoming_items	20867
1781256309	snap	2000	otelcol	otelcol-sb-esrev0-ctr-s4p4v	otelcol_process_runtime_total_sys_memory_bytes	74991896
1781256309	snap	2000	otelcol	otelcol-sb-esrev0-ctr-s4p4v	otelcol_process_memory_rss	209063936
1781256309	snap	2000	otelcol	otelcol-sb-esrev0-ctr-s4p4v	otelcol_exporter_queue_capacity	1001
1781256309	snap	2000	otelcol	otelcol-sb-esrev0-ctr-lbwgk	otelcol_receiver_refused_spans	0
1781256309	snap	2000	otelcol	otelcol-sb-esrev0-ctr-lbwgk	otelcol_process_uptime	184
1781256309	snap	2000	otelcol	otelcol-sb-esrev0-ctr-lbwgk	otelcol_exporter_queue_size	0
1781256309	snap	2000	otelcol	otelcol-sb-esrev0-ctr-lbwgk	otelcol_exporter_queue_batch_send_size_sum	10493
1781256309	snap	2000	otelcol	otelcol-sb-esrev0-ctr-lbwgk	otelcol_processor_outgoing_items	10493
1781256309	snap	2000	otelcol	otelcol-sb-esrev0-ctr-lbwgk	otelcol_process_runtime_total_alloc_bytes	91231848
1781256309	snap	2000	otelcol	otelcol-sb-esrev0-ctr-lbwgk	otelcol_processor_batch_batch_send_size_sum	10493
1781256309	snap	2000	otelcol	otelcol-sb-esrev0-ctr-lbwgk	otelcol_exporter_send_failed_spans	0
1781256309	snap	2000	otelcol	otelcol-sb-esrev0-ctr-lbwgk	otelcol_processor_batch_metadata_cardinality	1
1781256309	snap	2000	otelcol	otelcol-sb-esrev0-ctr-lbwgk	otelcol_process_memory_rss	199233536
1781256309	snap	2000	otelcol	otelcol-sb-esrev0-ctr-lbwgk	otelcol_receiver_accepted_spans	10493
1781256309	snap	2000	otelcol	otelcol-sb-esrev0-ctr-lbwgk	otelcol_processor_batch_timeout_trigger_send	656
1781256309	snap	2000	otelcol	otelcol-sb-esrev0-ctr-lbwgk	otelcol_process_runtime_heap_alloc_bytes	38204296
1781256309	snap	2000	otelcol	otelcol-sb-esrev0-ctr-lbwgk	otelcol_process_cpu_seconds	7
1781256309	snap	2000	otelcol	otelcol-sb-esrev0-ctr-lbwgk	otelcol_processor_incoming_items	10493
1781256309	snap	2000	otelcol	otelcol-sb-esrev0-ctr-lbwgk	otelcol_process_runtime_total_sys_memory_bytes	71059736
1781256309	snap	2000	otelcol	otelcol-sb-esrev0-ctr-lbwgk	otelcol_exporter_sent_spans	10493
1781256309	snap	2000	otelcol	otelcol-sb-esrev0-ctr-lbwgk	otelcol_exporter_queue_capacity	1001
1781256309	snap	2000	otelcol	otelcol-sb-esrev0-ctr-lbwgk	otelcol_receiver_failed_spans	0
1781256309	snap	2000	otelcol	otelcol-sb-esrev0-ctr-4qc2z	otelcol_receiver_failed_spans	0
1781256309	snap	2000	otelcol	otelcol-sb-esrev0-ctr-4qc2z	otelcol_process_cpu_seconds	5
1781256309	snap	2000	otelcol	otelcol-sb-esrev0-ctr-4qc2z	otelcol_receiver_refused_spans	0
1781256309	snap	2000	otelcol	otelcol-sb-esrev0-ctr-4qc2z	otelcol_process_runtime_heap_alloc_bytes	42260040
1781256309	snap	2000	otelcol	otelcol-sb-esrev0-ctr-4qc2z	otelcol_process_memory_rss	206057472
1781256309	snap	2000	otelcol	otelcol-sb-esrev0-ctr-4qc2z	otelcol_exporter_send_failed_spans	0
1781256309	snap	2000	otelcol	otelcol-sb-esrev0-ctr-4qc2z	otelcol_process_runtime_total_alloc_bytes	118919656
1781256309	snap	2000	otelcol	otelcol-sb-esrev0-ctr-4qc2z	otelcol_processor_batch_metadata_cardinality	1
1781256309	snap	2000	otelcol	otelcol-sb-esrev0-ctr-4qc2z	otelcol_processor_incoming_items	20506
1781256309	snap	2000	otelcol	otelcol-sb-esrev0-ctr-4qc2z	otelcol_processor_batch_timeout_trigger_send	658
1781256309	snap	2000	otelcol	otelcol-sb-esrev0-ctr-4qc2z	otelcol_processor_batch_batch_send_size_sum	20506
1781256309	snap	2000	otelcol	otelcol-sb-esrev0-ctr-4qc2z	otelcol_process_runtime_total_sys_memory_bytes	74762520
1781256309	snap	2000	otelcol	otelcol-sb-esrev0-ctr-4qc2z	otelcol_exporter_sent_spans	20506
1781256309	snap	2000	otelcol	otelcol-sb-esrev0-ctr-4qc2z	otelcol_receiver_accepted_spans	20506
1781256309	snap	2000	otelcol	otelcol-sb-esrev0-ctr-4qc2z	otelcol_processor_outgoing_items	20506
1781256309	snap	2000	otelcol	otelcol-sb-esrev0-ctr-4qc2z	otelcol_exporter_queue_size	0
1781256309	snap	2000	otelcol	otelcol-sb-esrev0-ctr-4qc2z	otelcol_exporter_queue_batch_send_size_sum	20506
1781256309	snap	2000	otelcol	otelcol-sb-esrev0-ctr-4qc2z	otelcol_process_uptime	186
1781256309	snap	2000	otelcol	otelcol-sb-esrev0-ctr-4qc2z	otelcol_exporter_queue_capacity	1001
1781256309	snap	2000	otelcol	otelcol-sb-esrev0-ctr-stlt9	otelcol_processor_incoming_items	30513
1781256309	snap	2000	otelcol	otelcol-sb-esrev0-ctr-stlt9	otelcol_receiver_accepted_spans	30513
1781256309	snap	2000	otelcol	otelcol-sb-esrev0-ctr-stlt9	otelcol_processor_outgoing_items	30513
1781256309	snap	2000	otelcol	otelcol-sb-esrev0-ctr-stlt9	otelcol_processor_batch_metadata_cardinality	1
1781256309	snap	2000	otelcol	otelcol-sb-esrev0-ctr-stlt9	otelcol_processor_batch_timeout_trigger_send	660
1781256309	snap	2000	otelcol	otelcol-sb-esrev0-ctr-stlt9	otelcol_processor_batch_batch_send_size_sum	30513
1781256309	snap	2000	otelcol	otelcol-sb-esrev0-ctr-stlt9	otelcol_process_memory_rss	210239488
1781256309	snap	2000	otelcol	otelcol-sb-esrev0-ctr-stlt9	otelcol_exporter_queue_capacity	1001
1781256309	snap	2000	otelcol	otelcol-sb-esrev0-ctr-stlt9	otelcol_exporter_sent_spans	30513
1781256309	snap	2000	otelcol	otelcol-sb-esrev0-ctr-stlt9	otelcol_process_runtime_total_sys_memory_bytes	79194392
1781256309	snap	2000	otelcol	otelcol-sb-esrev0-ctr-stlt9	otelcol_exporter_queue_size	0
1781256309	snap	2000	otelcol	otelcol-sb-esrev0-ctr-stlt9	otelcol_receiver_refused_spans	0
1781256309	snap	2000	otelcol	otelcol-sb-esrev0-ctr-stlt9	otelcol_receiver_failed_spans	0
1781256309	snap	2000	otelcol	otelcol-sb-esrev0-ctr-stlt9	otelcol_process_uptime	186
1781256309	snap	2000	otelcol	otelcol-sb-esrev0-ctr-stlt9	otelcol_process_runtime_heap_alloc_bytes	39727048
1781256309	snap	2000	otelcol	otelcol-sb-esrev0-ctr-stlt9	otelcol_exporter_send_failed_spans	0
1781256309	snap	2000	otelcol	otelcol-sb-esrev0-ctr-stlt9	otelcol_exporter_queue_batch_send_size_sum	30513
1781256309	snap	2000	otelcol	otelcol-sb-esrev0-ctr-stlt9	otelcol_process_runtime_total_alloc_bytes	142308048
1781256309	snap	2000	otelcol	otelcol-sb-esrev0-ctr-stlt9	otelcol_process_cpu_seconds	6
1781256309	snap	2000	otelcol	otelcol-sb-esrev0-ctr-f8wkx	otelcol_receiver_failed_spans	0
1781256309	snap	2000	otelcol	otelcol-sb-esrev0-ctr-f8wkx	otelcol_process_runtime_total_sys_memory_bytes	84592920
1781256309	snap	2000	otelcol	otelcol-sb-esrev0-ctr-f8wkx	otelcol_exporter_queue_size	0
1781256309	snap	2000	otelcol	otelcol-sb-esrev0-ctr-f8wkx	otelcol_process_runtime_total_alloc_bytes	221017952
1781256309	snap	2000	otelcol	otelcol-sb-esrev0-ctr-f8wkx	otelcol_exporter_send_failed_spans	0
1781256309	snap	2000	otelcol	otelcol-sb-esrev0-ctr-f8wkx	otelcol_processor_batch_metadata_cardinality	1
1781256309	snap	2000	otelcol	otelcol-sb-esrev0-ctr-f8wkx	otelcol_exporter_queue_batch_send_size_sum	127794
1781256309	snap	2000	otelcol	otelcol-sb-esrev0-ctr-f8wkx	otelcol_processor_batch_timeout_trigger_send	670
1781256309	snap	2000	otelcol	otelcol-sb-esrev0-ctr-f8wkx	otelcol_processor_incoming_items	127794
1781256309	snap	2000	otelcol	otelcol-sb-esrev0-ctr-f8wkx	otelcol_process_cpu_seconds	8
1781256309	snap	2000	otelcol	otelcol-sb-esrev0-ctr-f8wkx	otelcol_processor_batch_batch_send_size_sum	127794
1781256309	snap	2000	otelcol	otelcol-sb-esrev0-ctr-f8wkx	otelcol_process_uptime	185
1781256309	snap	2000	otelcol	otelcol-sb-esrev0-ctr-f8wkx	otelcol_process_runtime_heap_alloc_bytes	39049120
1781256309	snap	2000	otelcol	otelcol-sb-esrev0-ctr-f8wkx	otelcol_exporter_sent_spans	127794
1781256309	snap	2000	otelcol	otelcol-sb-esrev0-ctr-f8wkx	otelcol_receiver_refused_spans	0
1781256309	snap	2000	otelcol	otelcol-sb-esrev0-ctr-f8wkx	otelcol_processor_outgoing_items	127794
1781256309	snap	2000	otelcol	otelcol-sb-esrev0-ctr-f8wkx	otelcol_receiver_accepted_spans	127794
1781256309	snap	2000	otelcol	otelcol-sb-esrev0-ctr-f8wkx	otelcol_process_memory_rss	214851584
1781256309	snap	2000	otelcol	otelcol-sb-esrev0-ctr-f8wkx	otelcol_exporter_queue_capacity	1001
1781256309	snap	2000	otelcol	otelcol-sb-esrev0-ctr-r2dsm	otelcol_receiver_refused_spans	0
1781256309	snap	2000	otelcol	otelcol-sb-esrev0-ctr-r2dsm	otelcol_receiver_failed_spans	0
1781256309	snap	2000	otelcol	otelcol-sb-esrev0-ctr-r2dsm	otelcol_processor_outgoing_items	110558
1781256309	snap	2000	otelcol	otelcol-sb-esrev0-ctr-r2dsm	otelcol_process_uptime	184
1781256309	snap	2000	otelcol	otelcol-sb-esrev0-ctr-r2dsm	otelcol_process_runtime_total_alloc_bytes	306150168
1781256309	snap	2000	otelcol	otelcol-sb-esrev0-ctr-r2dsm	otelcol_process_memory_rss	221810688
1781256309	snap	2000	otelcol	otelcol-sb-esrev0-ctr-r2dsm	otelcol_exporter_send_failed_spans	0
1781256309	snap	2000	otelcol	otelcol-sb-esrev0-ctr-r2dsm	otelcol_exporter_queue_batch_send_size_sum	110558
1781256309	snap	2000	otelcol	otelcol-sb-esrev0-ctr-r2dsm	otelcol_receiver_accepted_spans	110558
1781256309	snap	2000	otelcol	otelcol-sb-esrev0-ctr-r2dsm	otelcol_processor_batch_metadata_cardinality	1
1781256309	snap	2000	otelcol	otelcol-sb-esrev0-ctr-r2dsm	otelcol_processor_batch_timeout_trigger_send	659
1781256309	snap	2000	otelcol	otelcol-sb-esrev0-ctr-r2dsm	otelcol_processor_batch_batch_send_size_sum	110558
1781256309	snap	2000	otelcol	otelcol-sb-esrev0-ctr-r2dsm	otelcol_process_cpu_seconds	9
1781256309	snap	2000	otelcol	otelcol-sb-esrev0-ctr-r2dsm	otelcol_exporter_queue_capacity	1001
1781256309	snap	2000	otelcol	otelcol-sb-esrev0-ctr-r2dsm	otelcol_process_runtime_heap_alloc_bytes	47618048
1781256309	snap	2000	otelcol	otelcol-sb-esrev0-ctr-r2dsm	otelcol_exporter_sent_spans	110558
1781256309	snap	2000	otelcol	otelcol-sb-esrev0-ctr-r2dsm	otelcol_exporter_queue_size	0
1781256309	snap	2000	otelcol	otelcol-sb-esrev0-ctr-r2dsm	otelcol_processor_incoming_items	110558
1781256309	snap	2000	otelcol	otelcol-sb-esrev0-ctr-r2dsm	otelcol_process_runtime_total_sys_memory_bytes	88123672
1781256309	snap	2000	otelcol	otelcol-sb-esrev0-ctr-knvlf	otelcol_receiver_accepted_spans	20479
1781256309	snap	2000	otelcol	otelcol-sb-esrev0-ctr-knvlf	otelcol_process_runtime_total_sys_memory_bytes	75540760
1781256309	snap	2000	otelcol	otelcol-sb-esrev0-ctr-knvlf	otelcol_process_runtime_heap_alloc_bytes	37156064
1781256309	snap	2000	otelcol	otelcol-sb-esrev0-ctr-knvlf	otelcol_processor_batch_metadata_cardinality	1
1781256309	snap	2000	otelcol	otelcol-sb-esrev0-ctr-knvlf	otelcol_processor_batch_timeout_trigger_send	658
1781256309	snap	2000	otelcol	otelcol-sb-esrev0-ctr-knvlf	otelcol_processor_batch_batch_send_size_sum	20479
1781256309	snap	2000	otelcol	otelcol-sb-esrev0-ctr-knvlf	otelcol_process_cpu_seconds	5
1781256309	snap	2000	otelcol	otelcol-sb-esrev0-ctr-knvlf	otelcol_exporter_queue_capacity	1001
1781256309	snap	2000	otelcol	otelcol-sb-esrev0-ctr-knvlf	otelcol_exporter_queue_batch_send_size_sum	20479
1781256309	snap	2000	otelcol	otelcol-sb-esrev0-ctr-knvlf	otelcol_receiver_refused_spans	0
1781256309	snap	2000	otelcol	otelcol-sb-esrev0-ctr-knvlf	otelcol_process_memory_rss	207540224
1781256309	snap	2000	otelcol	otelcol-sb-esrev0-ctr-knvlf	otelcol_process_uptime	186
1781256309	snap	2000	otelcol	otelcol-sb-esrev0-ctr-knvlf	otelcol_process_runtime_total_alloc_bytes	119157608
1781256309	snap	2000	otelcol	otelcol-sb-esrev0-ctr-knvlf	otelcol_exporter_sent_spans	20479
1781256309	snap	2000	otelcol	otelcol-sb-esrev0-ctr-knvlf	otelcol_exporter_queue_size	0
1781256309	snap	2000	otelcol	otelcol-sb-esrev0-ctr-knvlf	otelcol_processor_incoming_items	20479
1781256309	snap	2000	otelcol	otelcol-sb-esrev0-ctr-knvlf	otelcol_receiver_failed_spans	0
1781256309	snap	2000	otelcol	otelcol-sb-esrev0-ctr-knvlf	otelcol_processor_outgoing_items	20479
1781256309	snap	2000	otelcol	otelcol-sb-esrev0-ctr-knvlf	otelcol_exporter_send_failed_spans	0
1781256309	snap	2000	otelcol	otelcol-sb-esrev0-ctr-fb877	otelcol_exporter_send_failed_spans	0
1781256309	snap	2000	otelcol	otelcol-sb-esrev0-ctr-fb877	otelcol_process_uptime	186
1781256309	snap	2000	otelcol	otelcol-sb-esrev0-ctr-fb877	otelcol_process_runtime_heap_alloc_bytes	44707480
1781256309	snap	2000	otelcol	otelcol-sb-esrev0-ctr-fb877	otelcol_process_cpu_seconds	5
1781256309	snap	2000	otelcol	otelcol-sb-esrev0-ctr-fb877	otelcol_exporter_queue_capacity	1001
1781256309	snap	2000	otelcol	otelcol-sb-esrev0-ctr-fb877	otelcol_exporter_sent_spans	22806
1781256309	snap	2000	otelcol	otelcol-sb-esrev0-ctr-fb877	otelcol_exporter_queue_batch_send_size_sum	22806
1781256309	snap	2000	otelcol	otelcol-sb-esrev0-ctr-fb877	otelcol_processor_incoming_items	22806
1781256309	snap	2000	otelcol	otelcol-sb-esrev0-ctr-fb877	otelcol_receiver_failed_spans	0
1781256309	snap	2000	otelcol	otelcol-sb-esrev0-ctr-fb877	otelcol_processor_batch_batch_send_size_sum	22806
1781256309	snap	2000	otelcol	otelcol-sb-esrev0-ctr-fb877	otelcol_processor_outgoing_items	22806
1781256309	snap	2000	otelcol	otelcol-sb-esrev0-ctr-fb877	otelcol_processor_batch_metadata_cardinality	1
1781256309	snap	2000	otelcol	otelcol-sb-esrev0-ctr-fb877	otelcol_process_runtime_total_sys_memory_bytes	80181512
1781256309	snap	2000	otelcol	otelcol-sb-esrev0-ctr-fb877	otelcol_exporter_queue_size	0
1781256309	snap	2000	otelcol	otelcol-sb-esrev0-ctr-fb877	otelcol_processor_batch_timeout_trigger_send	662
1781256309	snap	2000	otelcol	otelcol-sb-esrev0-ctr-fb877	otelcol_receiver_refused_spans	0
1781256309	snap	2000	otelcol	otelcol-sb-esrev0-ctr-fb877	otelcol_receiver_accepted_spans	22806
1781256309	snap	2000	otelcol	otelcol-sb-esrev0-ctr-fb877	otelcol_process_runtime_total_alloc_bytes	133622712
1781256309	snap	2000	otelcol	otelcol-sb-esrev0-ctr-fb877	otelcol_process_memory_rss	208314368
1781256309	snap	2000	otelcol	otelcol-sb-esrev0-ctr-b7q4j	otelcol_processor_batch_timeout_trigger_send	666
1781256309	snap	2000	otelcol	otelcol-sb-esrev0-ctr-b7q4j	otelcol_exporter_queue_capacity	1001
1781256309	snap	2000	otelcol	otelcol-sb-esrev0-ctr-b7q4j	otelcol_receiver_failed_spans	0
1781256309	snap	2000	otelcol	otelcol-sb-esrev0-ctr-b7q4j	otelcol_processor_batch_batch_send_size_sum	134324
1781256309	snap	2000	otelcol	otelcol-sb-esrev0-ctr-b7q4j	otelcol_exporter_queue_batch_send_size_sum	134324
1781256309	snap	2000	otelcol	otelcol-sb-esrev0-ctr-b7q4j	otelcol_process_runtime_heap_alloc_bytes	37775376
1781256309	snap	2000	otelcol	otelcol-sb-esrev0-ctr-b7q4j	otelcol_process_cpu_seconds	6
1781256309	snap	2000	otelcol	otelcol-sb-esrev0-ctr-b7q4j	otelcol_exporter_send_failed_spans	0
1781256309	snap	2000	otelcol	otelcol-sb-esrev0-ctr-b7q4j	otelcol_process_memory_rss	206815232
1781256309	snap	2000	otelcol	otelcol-sb-esrev0-ctr-b7q4j	otelcol_exporter_sent_spans	134324
1781256309	snap	2000	otelcol	otelcol-sb-esrev0-ctr-b7q4j	otelcol_processor_incoming_items	134324
1781256309	snap	2000	otelcol	otelcol-sb-esrev0-ctr-b7q4j	otelcol_process_uptime	188
1781256309	snap	2000	otelcol	otelcol-sb-esrev0-ctr-b7q4j	otelcol_process_runtime_total_alloc_bytes	177867888
1781256309	snap	2000	otelcol	otelcol-sb-esrev0-ctr-b7q4j	otelcol_receiver_refused_spans	0
1781256309	snap	2000	otelcol	otelcol-sb-esrev0-ctr-b7q4j	otelcol_processor_outgoing_items	134324
1781256309	snap	2000	otelcol	otelcol-sb-esrev0-ctr-b7q4j	otelcol_receiver_accepted_spans	134324
1781256309	snap	2000	otelcol	otelcol-sb-esrev0-ctr-b7q4j	otelcol_processor_batch_metadata_cardinality	1
1781256309	snap	2000	otelcol	otelcol-sb-esrev0-ctr-b7q4j	otelcol_process_runtime_total_sys_memory_bytes	88148248
1781256309	snap	2000	otelcol	otelcol-sb-esrev0-ctr-b7q4j	otelcol_exporter_queue_size	0
1781256309	snap	2000	k8s	otelcol-sb-esrev0-ctr-4qc2z	restart_count	0
1781256309	snap	2000	k8s	otelcol-sb-esrev0-ctr-b7q4j	restart_count	0
1781256309	snap	2000	k8s	otelcol-sb-esrev0-ctr-f8wkx	restart_count	0
1781256309	snap	2000	k8s	otelcol-sb-esrev0-ctr-fb877	restart_count	0
1781256309	snap	2000	k8s	otelcol-sb-esrev0-ctr-knvlf	restart_count	0
1781256309	snap	2000	k8s	otelcol-sb-esrev0-ctr-lbwgk	restart_count	0
1781256309	snap	2000	k8s	otelcol-sb-esrev0-ctr-r2dsm	restart_count	0
1781256309	snap	2000	k8s	otelcol-sb-esrev0-ctr-s4p4v	restart_count	0
1781256309	snap	2000	k8s	otelcol-sb-esrev0-ctr-stlt9	restart_count	0
1781256309	snap	2000	sdk	wrk2api	spans_received	10493
1781256309	snap	2000	sdk	wrk2api	spans_sent	10493
1781256309	snap	2000	sdk	wrk2api	spans_dropped	0
1781256309	snap	2000	sdk	wrk2api	spans_flushed	10493
1781256309	snap	2000	sdk	wrk2api	batches_sent	2430
1781256309	snap	2000	sdk	wrk2api	batches_dropped	0
1781256309	snap	2000	sdk	wrk2api	send_unavailable	0
1781256309	snap	2000	sdk	wrk2api	send_deadline	0
1781256309	snap	2000	sdk	wrk2api	send_exhausted	0
1781256309	snap	2000	sdk	wrk2api	send_canceled	0
1781256309	snap	2000	sdk	wrk2api	send_other	0
1781256309	snap	2000	sdk	wrk2api	buffer_depth	0
0
1781256309	snap	2000	sdk	wrk2api	cp_received	5246
1781256309	snap	2000	sdk	wrk2api	lp_received	5247
1781256309	snap	2000	sdk	wrk2api	cp_sent	5246
1781256309	snap	2000	sdk	wrk2api	lp_sent	5247
1781256309	snap	2000	sdk	wrk2api	cp_dropped	0
1781256309	snap	2000	sdk	wrk2api	lp_dropped	0
1781256309	snap	2000	sdk	composepost	spans_received	80063
1781256309	snap	2000	sdk	composepost	spans_sent	80063
1781256309	snap	2000	sdk	composepost	spans_dropped	0
1781256309	snap	2000	sdk	composepost	spans_flushed	80063
1781256309	snap	2000	sdk	composepost	batches_sent	7955
1781256309	snap	2000	sdk	composepost	batches_dropped	0
1781256309	snap	2000	sdk	composepost	send_unavailable	0
1781256309	snap	2000	sdk	composepost	send_deadline	0
1781256309	snap	2000	sdk	composepost	send_exhausted	0
1781256309	snap	2000	sdk	composepost	send_canceled	0
1781256309	snap	2000	sdk	composepost	send_other	0
1781256309	snap	2000	sdk	composepost	buffer_depth	0
0
1781256309	snap	2000	sdk	composepost	cp_received	0
1781256309	snap	2000	sdk	composepost	lp_received	80063
1781256309	snap	2000	sdk	composepost	cp_sent	0
1781256309	snap	2000	sdk	composepost	lp_sent	80063
1781256309	snap	2000	sdk	composepost	cp_dropped	0
1781256309	snap	2000	sdk	composepost	lp_dropped	0
1781256309	snap	2000	sdk	hometimeline	spans_received	20000
1781256309	snap	2000	sdk	hometimeline	spans_sent	20000
1781256309	snap	2000	sdk	hometimeline	spans_dropped	0
1781256309	snap	2000	sdk	hometimeline	spans_flushed	20000
1781256309	snap	2000	sdk	hometimeline	batches_sent	1988
1781256309	snap	2000	sdk	hometimeline	batches_dropped	0
1781256309	snap	2000	sdk	hometimeline	send_unavailable	0
1781256309	snap	2000	sdk	hometimeline	send_deadline	0
1781256309	snap	2000	sdk	hometimeline	send_exhausted	0
1781256309	snap	2000	sdk	hometimeline	send_canceled	0
1781256309	snap	2000	sdk	hometimeline	send_other	0
1781256309	snap	2000	sdk	hometimeline	buffer_depth	0
0
1781256309	snap	2000	sdk	hometimeline	cp_received	10000
1781256309	snap	2000	sdk	hometimeline	lp_received	10000
1781256309	snap	2000	sdk	hometimeline	cp_sent	10000
1781256309	snap	2000	sdk	hometimeline	lp_sent	10000
1781256309	snap	2000	sdk	hometimeline	cp_dropped	0
1781256309	snap	2000	sdk	hometimeline	lp_dropped	0
1781256309	snap	2000	sdk	media	spans_received	10009
1781256309	snap	2000	sdk	media	spans_sent	10009
1781256309	snap	2000	sdk	media	spans_dropped	0
1781256309	snap	2000	sdk	media	spans_flushed	10009
1781256309	snap	2000	sdk	media	batches_sent	994
1781256309	snap	2000	sdk	media	batches_dropped	0
1781256309	snap	2000	sdk	media	send_unavailable	0
1781256309	snap	2000	sdk	media	send_deadline	0
1781256309	snap	2000	sdk	media	send_exhausted	0
1781256309	snap	2000	sdk	media	send_canceled	0
1781256309	snap	2000	sdk	media	send_other	0
1781256309	snap	2000	sdk	media	buffer_depth	0
0
1781256309	snap	2000	sdk	media	cp_received	10009
1781256309	snap	2000	sdk	media	lp_received	0
1781256309	snap	2000	sdk	media	cp_sent	10009
1781256309	snap	2000	sdk	media	lp_sent	0
1781256309	snap	2000	sdk	media	cp_dropped	0
1781256309	snap	2000	sdk	media	lp_dropped	0
1781256309	snap	2000	sdk	post-storage	spans_received	10000
1781256309	snap	2000	sdk	post-storage	spans_sent	10000
1781256309	snap	2000	sdk	post-storage	spans_dropped	0
1781256309	snap	2000	sdk	post-storage	spans_flushed	10000
1781256309	snap	2000	sdk	post-storage	batches_sent	993
1781256309	snap	2000	sdk	post-storage	batches_dropped	0
1781256309	snap	2000	sdk	post-storage	send_unavailable	0
1781256309	snap	2000	sdk	post-storage	send_deadline	0
1781256309	snap	2000	sdk	post-storage	send_exhausted	0
1781256309	snap	2000	sdk	post-storage	send_canceled	0
1781256309	snap	2000	sdk	post-storage	send_other	0
1781256309	snap	2000	sdk	post-storage	buffer_depth	0
0
1781256309	snap	2000	sdk	post-storage	cp_received	10000
1781256309	snap	2000	sdk	post-storage	lp_received	0
1781256309	snap	2000	sdk	post-storage	cp_sent	10000
1781256309	snap	2000	sdk	post-storage	lp_sent	0
1781256309	snap	2000	sdk	post-storage	cp_dropped	0
1781256309	snap	2000	sdk	post-storage	lp_dropped	0
1781256309	snap	2000	sdk	socialgraph	spans_received	123834
1781256309	snap	2000	sdk	socialgraph	spans_sent	123834
1781256309	snap	2000	sdk	socialgraph	spans_dropped	0
1781256309	snap	2000	sdk	socialgraph	spans_flushed	123834
1781256309	snap	2000	sdk	socialgraph	batches_sent	1501
1781256309	snap	2000	sdk	socialgraph	batches_dropped	0
1781256309	snap	2000	sdk	socialgraph	send_unavailable	0
1781256309	snap	2000	sdk	socialgraph	send_deadline	0
1781256309	snap	2000	sdk	socialgraph	send_exhausted	0
1781256309	snap	2000	sdk	socialgraph	send_canceled	0
1781256309	snap	2000	sdk	socialgraph	send_other	0
1781256309	snap	2000	sdk	socialgraph	buffer_depth	0
0
1781256309	snap	2000	sdk	socialgraph	cp_received	10962
1781256309	snap	2000	sdk	socialgraph	lp_received	112872
1781256309	snap	2000	sdk	socialgraph	cp_sent	10962
1781256309	snap	2000	sdk	socialgraph	lp_sent	112872
1781256309	snap	2000	sdk	socialgraph	cp_dropped	0
1781256309	snap	2000	sdk	socialgraph	lp_dropped	0
1781256309	snap	2000	sdk	text	spans_received	30045
1781256309	snap	2000	sdk	text	spans_sent	30045
1781256309	snap	2000	sdk	text	spans_dropped	0
1781256309	snap	2000	sdk	text	spans_flushed	30045
1781256309	snap	2000	sdk	text	batches_sent	2982
1781256309	snap	2000	sdk	text	batches_dropped	0
1781256309	snap	2000	sdk	text	send_unavailable	0
1781256309	snap	2000	sdk	text	send_deadline	0
1781256309	snap	2000	sdk	text	send_exhausted	0
1781256309	snap	2000	sdk	text	send_canceled	0
1781256309	snap	2000	sdk	text	send_other	0
1781256309	snap	2000	sdk	text	buffer_depth	0
0
1781256309	snap	2000	sdk	text	cp_received	10009
1781256309	snap	2000	sdk	text	lp_received	20036
1781256309	snap	2000	sdk	text	cp_sent	10009
1781256309	snap	2000	sdk	text	lp_sent	20036
1781256309	snap	2000	sdk	text	cp_dropped	0
1781256309	snap	2000	sdk	text	lp_dropped	0
1781256309	snap	2000	sdk	uniqueid	spans_received	10009
1781256309	snap	2000	sdk	uniqueid	spans_sent	10009
1781256309	snap	2000	sdk	uniqueid	spans_dropped	0
1781256309	snap	2000	sdk	uniqueid	spans_flushed	10009
1781256309	snap	2000	sdk	uniqueid	batches_sent	994
1781256309	snap	2000	sdk	uniqueid	batches_dropped	0
1781256309	snap	2000	sdk	uniqueid	send_unavailable	0
1781256309	snap	2000	sdk	uniqueid	send_deadline	0
1781256309	snap	2000	sdk	uniqueid	send_exhausted	0
1781256309	snap	2000	sdk	uniqueid	send_canceled	0
1781256309	snap	2000	sdk	uniqueid	send_other	0
1781256309	snap	2000	sdk	uniqueid	buffer_depth	0
0
1781256309	snap	2000	sdk	uniqueid	cp_received	10009
1781256309	snap	2000	sdk	uniqueid	lp_received	0
1781256309	snap	2000	sdk	uniqueid	cp_sent	10009
1781256309	snap	2000	sdk	uniqueid	lp_sent	0
1781256309	snap	2000	sdk	uniqueid	cp_dropped	0
1781256309	snap	2000	sdk	uniqueid	lp_dropped	0
1781256309	snap	2000	sdk	urlshorten	spans_received	10009
1781256309	snap	2000	sdk	urlshorten	spans_sent	10009
1781256309	snap	2000	sdk	urlshorten	spans_dropped	0
1781256309	snap	2000	sdk	urlshorten	spans_flushed	10009
1781256309	snap	2000	sdk	urlshorten	batches_sent	994
1781256309	snap	2000	sdk	urlshorten	batches_dropped	0
1781256309	snap	2000	sdk	urlshorten	send_unavailable	0
1781256309	snap	2000	sdk	urlshorten	send_deadline	0
1781256309	snap	2000	sdk	urlshorten	send_exhausted	0
1781256309	snap	2000	sdk	urlshorten	send_canceled	0
1781256309	snap	2000	sdk	urlshorten	send_other	0
1781256309	snap	2000	sdk	urlshorten	buffer_depth	0
0
1781256309	snap	2000	sdk	urlshorten	cp_received	10009
1781256309	snap	2000	sdk	urlshorten	lp_received	0
1781256309	snap	2000	sdk	urlshorten	cp_sent	10009
1781256309	snap	2000	sdk	urlshorten	lp_sent	0
1781256309	snap	2000	sdk	urlshorten	cp_dropped	0
1781256309	snap	2000	sdk	urlshorten	lp_dropped	0
1781256309	snap	2000	sdk	user	spans_received	11933
1781256309	snap	2000	sdk	user	spans_sent	11933
1781256309	snap	2000	sdk	user	spans_dropped	0
1781256309	snap	2000	sdk	user	spans_flushed	11933
1781256309	snap	2000	sdk	user	batches_sent	1004
1781256309	snap	2000	sdk	user	batches_dropped	0
1781256309	snap	2000	sdk	user	send_unavailable	0
1781256309	snap	2000	sdk	user	send_deadline	0
1781256309	snap	2000	sdk	user	send_exhausted	0
1781256309	snap	2000	sdk	user	send_canceled	0
1781256309	snap	2000	sdk	user	send_other	0
1781256309	snap	2000	sdk	user	buffer_depth	0
0
1781256309	snap	2000	sdk	user	cp_received	10009
1781256309	snap	2000	sdk	user	lp_received	1924
1781256309	snap	2000	sdk	user	cp_sent	10009
1781256309	snap	2000	sdk	user	lp_sent	1924
1781256309	snap	2000	sdk	user	cp_dropped	0
1781256309	snap	2000	sdk	user	lp_dropped	0
1781256309	snap	2000	sdk	userid	spans_received	75248
1781256309	snap	2000	sdk	userid	spans_sent	75248
1781256309	snap	2000	sdk	userid	spans_dropped	0
1781256309	snap	2000	sdk	userid	spans_flushed	75248
1781256309	snap	2000	sdk	userid	batches_sent	239
1781256309	snap	2000	sdk	userid	batches_dropped	0
1781256309	snap	2000	sdk	userid	send_unavailable	0
1781256309	snap	2000	sdk	userid	send_deadline	0
1781256309	snap	2000	sdk	userid	send_exhausted	0
1781256309	snap	2000	sdk	userid	send_canceled	0
1781256309	snap	2000	sdk	userid	send_other	0
1781256309	snap	2000	sdk	userid	buffer_depth	0
0
1781256309	snap	2000	sdk	userid	cp_received	75248
1781256309	snap	2000	sdk	userid	lp_received	0
1781256309	snap	2000	sdk	userid	cp_sent	75248
1781256309	snap	2000	sdk	userid	lp_sent	0
1781256309	snap	2000	sdk	userid	cp_dropped	0
1781256309	snap	2000	sdk	userid	lp_dropped	0
1781256309	snap	2000	sdk	usermention	spans_received	10009
1781256309	snap	2000	sdk	usermention	spans_sent	10009
1781256309	snap	2000	sdk	usermention	spans_dropped	0
1781256309	snap	2000	sdk	usermention	spans_flushed	10009
1781256309	snap	2000	sdk	usermention	batches_sent	995
1781256309	snap	2000	sdk	usermention	batches_dropped	0
1781256309	snap	2000	sdk	usermention	send_unavailable	0
1781256309	snap	2000	sdk	usermention	send_deadline	0
1781256309	snap	2000	sdk	usermention	send_exhausted	0
1781256309	snap	2000	sdk	usermention	send_canceled	0
1781256309	snap	2000	sdk	usermention	send_other	0
1781256309	snap	2000	sdk	usermention	buffer_depth	0
0
1781256309	snap	2000	sdk	usermention	cp_received	10009
1781256309	snap	2000	sdk	usermention	lp_received	0
1781256309	snap	2000	sdk	usermention	cp_sent	10009
1781256309	snap	2000	sdk	usermention	lp_sent	0
1781256309	snap	2000	sdk	usermention	cp_dropped	0
1781256309	snap	2000	sdk	usermention	lp_dropped	0
1781256309	snap	2000	sdk	usertimeline	spans_received	10000
1781256309	snap	2000	sdk	usertimeline	spans_sent	10000
1781256309	snap	2000	sdk	usertimeline	spans_dropped	0
1781256309	snap	2000	sdk	usertimeline	spans_flushed	10000
1781256309	snap	2000	sdk	usertimeline	batches_sent	993
1781256309	snap	2000	sdk	usertimeline	batches_dropped	0
1781256309	snap	2000	sdk	usertimeline	send_unavailable	0
1781256309	snap	2000	sdk	usertimeline	send_deadline	0
1781256309	snap	2000	sdk	usertimeline	send_exhausted	0
1781256309	snap	2000	sdk	usertimeline	send_canceled	0
1781256309	snap	2000	sdk	usertimeline	send_other	0
1781256309	snap	2000	sdk	usertimeline	buffer_depth	0
0
1781256309	snap	2000	sdk	usertimeline	cp_received	10000
1781256309	snap	2000	sdk	usertimeline	lp_received	0
1781256309	snap	2000	sdk	usertimeline	cp_sent	10000
1781256309	snap	2000	sdk	usertimeline	lp_sent	0
1781256309	snap	2000	sdk	usertimeline	cp_dropped	0
1781256309	snap	2000	sdk	usertimeline	lp_dropped	0
1781256377	snap	2000	otelcol	otelcol-sb-esrev0-ctr-s4p4v	otelcol_exporter_queue_size	0
1781256377	snap	2000	otelcol	otelcol-sb-esrev0-ctr-s4p4v	otelcol_process_cpu_seconds	9
1781256377	snap	2000	otelcol	otelcol-sb-esrev0-ctr-s4p4v	otelcol_processor_batch_batch_send_size_sum	166989
1781256377	snap	2000	otelcol	otelcol-sb-esrev0-ctr-s4p4v	otelcol_process_runtime_total_alloc_bytes	234126976
1781256377	snap	2000	otelcol	otelcol-sb-esrev0-ctr-s4p4v	otelcol_exporter_send_failed_spans	0
1781256377	snap	2000	otelcol	otelcol-sb-esrev0-ctr-s4p4v	otelcol_receiver_failed_spans	0
1781256377	snap	2000	otelcol	otelcol-sb-esrev0-ctr-s4p4v	otelcol_processor_outgoing_items	166989
1781256377	snap	2000	otelcol	otelcol-sb-esrev0-ctr-s4p4v	otelcol_receiver_accepted_spans	166989
1781256377	snap	2000	otelcol	otelcol-sb-esrev0-ctr-s4p4v	otelcol_exporter_queue_batch_send_size_sum	166989
1781256377	snap	2000	otelcol	otelcol-sb-esrev0-ctr-s4p4v	otelcol_receiver_refused_spans	0
1781256377	snap	2000	otelcol	otelcol-sb-esrev0-ctr-s4p4v	otelcol_process_uptime	253
1781256377	snap	2000	otelcol	otelcol-sb-esrev0-ctr-s4p4v	otelcol_exporter_sent_spans	166989
1781256377	snap	2000	otelcol	otelcol-sb-esrev0-ctr-s4p4v	otelcol_processor_batch_metadata_cardinality	1
1781256377	snap	2000	otelcol	otelcol-sb-esrev0-ctr-s4p4v	otelcol_processor_batch_timeout_trigger_send	954
1781256377	snap	2000	otelcol	otelcol-sb-esrev0-ctr-s4p4v	otelcol_process_runtime_heap_alloc_bytes	34911824
1781256377	snap	2000	otelcol	otelcol-sb-esrev0-ctr-s4p4v	otelcol_processor_incoming_items	166989
1781256377	snap	2000	otelcol	otelcol-sb-esrev0-ctr-s4p4v	otelcol_process_runtime_total_sys_memory_bytes	88156440
1781256377	snap	2000	otelcol	otelcol-sb-esrev0-ctr-s4p4v	otelcol_process_memory_rss	223322112
1781256377	snap	2000	otelcol	otelcol-sb-esrev0-ctr-s4p4v	otelcol_exporter_queue_capacity	1001
1781256377	snap	2000	otelcol	otelcol-sb-esrev0-ctr-lbwgk	otelcol_receiver_refused_spans	0
1781256377	snap	2000	otelcol	otelcol-sb-esrev0-ctr-lbwgk	otelcol_process_uptime	252
1781256377	snap	2000	otelcol	otelcol-sb-esrev0-ctr-lbwgk	otelcol_exporter_queue_size	0
1781256377	snap	2000	otelcol	otelcol-sb-esrev0-ctr-lbwgk	otelcol_exporter_queue_batch_send_size_sum	36843
1781256377	snap	2000	otelcol	otelcol-sb-esrev0-ctr-lbwgk	otelcol_processor_outgoing_items	36843
1781256377	snap	2000	otelcol	otelcol-sb-esrev0-ctr-lbwgk	otelcol_process_runtime_total_alloc_bytes	128164584
1781256377	snap	2000	otelcol	otelcol-sb-esrev0-ctr-lbwgk	otelcol_processor_batch_batch_send_size_sum	36843
1781256377	snap	2000	otelcol	otelcol-sb-esrev0-ctr-lbwgk	otelcol_exporter_send_failed_spans	0
1781256377	snap	2000	otelcol	otelcol-sb-esrev0-ctr-lbwgk	otelcol_processor_batch_metadata_cardinality	1
1781256377	snap	2000	otelcol	otelcol-sb-esrev0-ctr-lbwgk	otelcol_process_memory_rss	208527360
1781256377	snap	2000	otelcol	otelcol-sb-esrev0-ctr-lbwgk	otelcol_receiver_accepted_spans	36843
1781256377	snap	2000	otelcol	otelcol-sb-esrev0-ctr-lbwgk	otelcol_processor_batch_timeout_trigger_send	955
1781256377	snap	2000	otelcol	otelcol-sb-esrev0-ctr-lbwgk	otelcol_process_runtime_heap_alloc_bytes	41470520
1781256377	snap	2000	otelcol	otelcol-sb-esrev0-ctr-lbwgk	otelcol_process_cpu_seconds	10
1781256377	snap	2000	otelcol	otelcol-sb-esrev0-ctr-lbwgk	otelcol_processor_incoming_items	36843
1781256377	snap	2000	otelcol	otelcol-sb-esrev0-ctr-lbwgk	otelcol_process_runtime_total_sys_memory_bytes	75254040
1781256377	snap	2000	otelcol	otelcol-sb-esrev0-ctr-lbwgk	otelcol_exporter_sent_spans	36843
1781256377	snap	2000	otelcol	otelcol-sb-esrev0-ctr-lbwgk	otelcol_exporter_queue_capacity	1001
1781256377	snap	2000	otelcol	otelcol-sb-esrev0-ctr-lbwgk	otelcol_receiver_failed_spans	0
1781256377	snap	2000	otelcol	otelcol-sb-esrev0-ctr-4qc2z	otelcol_receiver_failed_spans	0
1781256377	snap	2000	otelcol	otelcol-sb-esrev0-ctr-4qc2z	otelcol_process_cpu_seconds	9
1781256377	snap	2000	otelcol	otelcol-sb-esrev0-ctr-4qc2z	otelcol_receiver_refused_spans	0
1781256377	snap	2000	otelcol	otelcol-sb-esrev0-ctr-4qc2z	otelcol_process_runtime_heap_alloc_bytes	33666272
1781256377	snap	2000	otelcol	otelcol-sb-esrev0-ctr-4qc2z	otelcol_process_memory_rss	219672576
1781256377	snap	2000	otelcol	otelcol-sb-esrev0-ctr-4qc2z	otelcol_exporter_send_failed_spans	0
1781256377	snap	2000	otelcol	otelcol-sb-esrev0-ctr-4qc2z	otelcol_process_runtime_total_alloc_bytes	231493520
1781256377	snap	2000	otelcol	otelcol-sb-esrev0-ctr-4qc2z	otelcol_processor_batch_metadata_cardinality	1
1781256377	snap	2000	otelcol	otelcol-sb-esrev0-ctr-4qc2z	otelcol_processor_incoming_items	166628
1781256377	snap	2000	otelcol	otelcol-sb-esrev0-ctr-4qc2z	otelcol_processor_batch_timeout_trigger_send	958
1781256377	snap	2000	otelcol	otelcol-sb-esrev0-ctr-4qc2z	otelcol_processor_batch_batch_send_size_sum	166628
1781256377	snap	2000	otelcol	otelcol-sb-esrev0-ctr-4qc2z	otelcol_process_runtime_total_sys_memory_bytes	84805912
1781256377	snap	2000	otelcol	otelcol-sb-esrev0-ctr-4qc2z	otelcol_exporter_sent_spans	166628
1781256377	snap	2000	otelcol	otelcol-sb-esrev0-ctr-4qc2z	otelcol_receiver_accepted_spans	166628
1781256377	snap	2000	otelcol	otelcol-sb-esrev0-ctr-4qc2z	otelcol_processor_outgoing_items	166628
1781256377	snap	2000	otelcol	otelcol-sb-esrev0-ctr-4qc2z	otelcol_exporter_queue_size	0
1781256377	snap	2000	otelcol	otelcol-sb-esrev0-ctr-4qc2z	otelcol_exporter_queue_batch_send_size_sum	166628
1781256377	snap	2000	otelcol	otelcol-sb-esrev0-ctr-4qc2z	otelcol_process_uptime	253
1781256377	snap	2000	otelcol	otelcol-sb-esrev0-ctr-4qc2z	otelcol_exporter_queue_capacity	1001
1781256377	snap	2000	otelcol	otelcol-sb-esrev0-ctr-stlt9	otelcol_processor_incoming_items	296405
1781256377	snap	2000	otelcol	otelcol-sb-esrev0-ctr-stlt9	otelcol_receiver_accepted_spans	296405
1781256377	snap	2000	otelcol	otelcol-sb-esrev0-ctr-stlt9	otelcol_processor_outgoing_items	296405
1781256377	snap	2000	otelcol	otelcol-sb-esrev0-ctr-stlt9	otelcol_processor_batch_metadata_cardinality	1
1781256377	snap	2000	otelcol	otelcol-sb-esrev0-ctr-stlt9	otelcol_processor_batch_timeout_trigger_send	959
1781256377	snap	2000	otelcol	otelcol-sb-esrev0-ctr-stlt9	otelcol_processor_batch_batch_send_size_sum	296405
1781256377	snap	2000	otelcol	otelcol-sb-esrev0-ctr-stlt9	otelcol_process_memory_rss	221409280
1781256377	snap	2000	otelcol	otelcol-sb-esrev0-ctr-stlt9	otelcol_exporter_queue_capacity	1001
1781256377	snap	2000	otelcol	otelcol-sb-esrev0-ctr-stlt9	otelcol_exporter_sent_spans	296405
1781256377	snap	2000	otelcol	otelcol-sb-esrev0-ctr-stlt9	otelcol_process_runtime_total_sys_memory_bytes	88066328
1781256377	snap	2000	otelcol	otelcol-sb-esrev0-ctr-stlt9	otelcol_exporter_queue_size	0
1781256377	snap	2000	otelcol	otelcol-sb-esrev0-ctr-stlt9	otelcol_receiver_refused_spans	0
1781256377	snap	2000	otelcol	otelcol-sb-esrev0-ctr-stlt9	otelcol_receiver_failed_spans	0
1781256377	snap	2000	otelcol	otelcol-sb-esrev0-ctr-stlt9	otelcol_process_uptime	253
1781256377	snap	2000	otelcol	otelcol-sb-esrev0-ctr-stlt9	otelcol_process_runtime_heap_alloc_bytes	34319752
1781256377	snap	2000	otelcol	otelcol-sb-esrev0-ctr-stlt9	otelcol_exporter_send_failed_spans	0
1781256377	snap	2000	otelcol	otelcol-sb-esrev0-ctr-stlt9	otelcol_exporter_queue_batch_send_size_sum	296405
1781256377	snap	2000	otelcol	otelcol-sb-esrev0-ctr-stlt9	otelcol_process_runtime_total_alloc_bytes	314314856
1781256377	snap	2000	otelcol	otelcol-sb-esrev0-ctr-stlt9	otelcol_process_cpu_seconds	11
1781256377	snap	2000	otelcol	otelcol-sb-esrev0-ctr-f8wkx	otelcol_receiver_failed_spans	0
1781256377	snap	2000	otelcol	otelcol-sb-esrev0-ctr-f8wkx	otelcol_process_runtime_total_sys_memory_bytes	93587736
1781256377	snap	2000	otelcol	otelcol-sb-esrev0-ctr-f8wkx	otelcol_exporter_queue_size	0
1781256377	snap	2000	otelcol	otelcol-sb-esrev0-ctr-f8wkx	otelcol_process_runtime_total_alloc_bytes	495965464
1781256377	snap	2000	otelcol	otelcol-sb-esrev0-ctr-f8wkx	otelcol_exporter_send_failed_spans	0
1781256377	snap	2000	otelcol	otelcol-sb-esrev0-ctr-f8wkx	otelcol_processor_batch_metadata_cardinality	1
1781256377	snap	2000	otelcol	otelcol-sb-esrev0-ctr-f8wkx	otelcol_exporter_queue_batch_send_size_sum	633224
1781256377	snap	2000	otelcol	otelcol-sb-esrev0-ctr-f8wkx	otelcol_processor_batch_timeout_trigger_send	969
1781256377	snap	2000	otelcol	otelcol-sb-esrev0-ctr-f8wkx	otelcol_processor_incoming_items	633224
1781256377	snap	2000	otelcol	otelcol-sb-esrev0-ctr-f8wkx	otelcol_process_cpu_seconds	15
1781256377	snap	2000	otelcol	otelcol-sb-esrev0-ctr-f8wkx	otelcol_processor_batch_batch_send_size_sum	633224
1781256377	snap	2000	otelcol	otelcol-sb-esrev0-ctr-f8wkx	otelcol_process_uptime	252
1781256377	snap	2000	otelcol	otelcol-sb-esrev0-ctr-f8wkx	otelcol_process_runtime_heap_alloc_bytes	33071400
1781256377	snap	2000	otelcol	otelcol-sb-esrev0-ctr-f8wkx	otelcol_exporter_sent_spans	633224
1781256377	snap	2000	otelcol	otelcol-sb-esrev0-ctr-f8wkx	otelcol_receiver_refused_spans	0
1781256377	snap	2000	otelcol	otelcol-sb-esrev0-ctr-f8wkx	otelcol_processor_outgoing_items	633224
1781256377	snap	2000	otelcol	otelcol-sb-esrev0-ctr-f8wkx	otelcol_receiver_accepted_spans	633224
1781256377	snap	2000	otelcol	otelcol-sb-esrev0-ctr-f8wkx	otelcol_process_memory_rss	229711872
1781256377	snap	2000	otelcol	otelcol-sb-esrev0-ctr-f8wkx	otelcol_exporter_queue_capacity	1001
1781256377	snap	2000	otelcol	otelcol-sb-esrev0-ctr-r2dsm	otelcol_receiver_refused_spans	0
1781256377	snap	2000	otelcol	otelcol-sb-esrev0-ctr-r2dsm	otelcol_receiver_failed_spans	0
1781256377	snap	2000	otelcol	otelcol-sb-esrev0-ctr-r2dsm	otelcol_processor_outgoing_items	1334608
1781256377	snap	2000	otelcol	otelcol-sb-esrev0-ctr-r2dsm	otelcol_process_uptime	252
1781256377	snap	2000	otelcol	otelcol-sb-esrev0-ctr-r2dsm	otelcol_process_runtime_total_alloc_bytes	1002789448
1781256377	snap	2000	otelcol	otelcol-sb-esrev0-ctr-r2dsm	otelcol_process_memory_rss	241205248
1781256377	snap	2000	otelcol	otelcol-sb-esrev0-ctr-r2dsm	otelcol_exporter_send_failed_spans	0
1781256377	snap	2000	otelcol	otelcol-sb-esrev0-ctr-r2dsm	otelcol_exporter_queue_batch_send_size_sum	1334608
1781256377	snap	2000	otelcol	otelcol-sb-esrev0-ctr-r2dsm	otelcol_receiver_accepted_spans	1334608
1781256377	snap	2000	otelcol	otelcol-sb-esrev0-ctr-r2dsm	otelcol_processor_batch_metadata_cardinality	1
1781256377	snap	2000	otelcol	otelcol-sb-esrev0-ctr-r2dsm	otelcol_processor_batch_timeout_trigger_send	959
1781256377	snap	2000	otelcol	otelcol-sb-esrev0-ctr-r2dsm	otelcol_processor_batch_batch_send_size_sum	1334608
1781256377	snap	2000	otelcol	otelcol-sb-esrev0-ctr-r2dsm	otelcol_process_cpu_seconds	21
1781256377	snap	2000	otelcol	otelcol-sb-esrev0-ctr-r2dsm	otelcol_exporter_queue_capacity	1001
1781256377	snap	2000	otelcol	otelcol-sb-esrev0-ctr-r2dsm	otelcol_process_runtime_heap_alloc_bytes	67559568
1781256377	snap	2000	otelcol	otelcol-sb-esrev0-ctr-r2dsm	otelcol_exporter_sent_spans	1334608
1781256377	snap	2000	otelcol	otelcol-sb-esrev0-ctr-r2dsm	otelcol_exporter_queue_size	0
1781256377	snap	2000	otelcol	otelcol-sb-esrev0-ctr-r2dsm	otelcol_processor_incoming_items	1334608
1781256377	snap	2000	otelcol	otelcol-sb-esrev0-ctr-r2dsm	otelcol_process_runtime_total_sys_memory_bytes	101255448
1781256377	snap	2000	otelcol	otelcol-sb-esrev0-ctr-knvlf	otelcol_receiver_accepted_spans	167799
1781256377	snap	2000	otelcol	otelcol-sb-esrev0-ctr-knvlf	otelcol_process_runtime_total_sys_memory_bytes	84330776
1781256377	snap	2000	otelcol	otelcol-sb-esrev0-ctr-knvlf	otelcol_process_runtime_heap_alloc_bytes	49584936
1781256377	snap	2000	otelcol	otelcol-sb-esrev0-ctr-knvlf	otelcol_processor_batch_metadata_cardinality	1
1781256377	snap	2000	otelcol	otelcol-sb-esrev0-ctr-knvlf	otelcol_processor_batch_timeout_trigger_send	958
1781256377	snap	2000	otelcol	otelcol-sb-esrev0-ctr-knvlf	otelcol_processor_batch_batch_send_size_sum	167799
1781256377	snap	2000	otelcol	otelcol-sb-esrev0-ctr-knvlf	otelcol_process_cpu_seconds	9
1781256377	snap	2000	otelcol	otelcol-sb-esrev0-ctr-knvlf	otelcol_exporter_queue_capacity	1001
1781256377	snap	2000	otelcol	otelcol-sb-esrev0-ctr-knvlf	otelcol_exporter_queue_batch_send_size_sum	167799
1781256377	snap	2000	otelcol	otelcol-sb-esrev0-ctr-knvlf	otelcol_receiver_refused_spans	0
1781256377	snap	2000	otelcol	otelcol-sb-esrev0-ctr-knvlf	otelcol_process_memory_rss	215433216
1781256377	snap	2000	otelcol	otelcol-sb-esrev0-ctr-knvlf	otelcol_process_uptime	253
1781256377	snap	2000	otelcol	otelcol-sb-esrev0-ctr-knvlf	otelcol_process_runtime_total_alloc_bytes	223942240
1781256377	snap	2000	otelcol	otelcol-sb-esrev0-ctr-knvlf	otelcol_exporter_sent_spans	167799
1781256377	snap	2000	otelcol	otelcol-sb-esrev0-ctr-knvlf	otelcol_exporter_queue_size	0
1781256377	snap	2000	otelcol	otelcol-sb-esrev0-ctr-knvlf	otelcol_processor_incoming_items	167799
1781256377	snap	2000	otelcol	otelcol-sb-esrev0-ctr-knvlf	otelcol_receiver_failed_spans	0
1781256377	snap	2000	otelcol	otelcol-sb-esrev0-ctr-knvlf	otelcol_processor_outgoing_items	167799
1781256377	snap	2000	otelcol	otelcol-sb-esrev0-ctr-knvlf	otelcol_exporter_send_failed_spans	0
1781256377	snap	2000	otelcol	otelcol-sb-esrev0-ctr-fb877	otelcol_exporter_send_failed_spans	0
1781256377	snap	2000	otelcol	otelcol-sb-esrev0-ctr-fb877	otelcol_process_uptime	253
1781256377	snap	2000	otelcol	otelcol-sb-esrev0-ctr-fb877	otelcol_process_runtime_heap_alloc_bytes	38508440
1781256377	snap	2000	otelcol	otelcol-sb-esrev0-ctr-fb877	otelcol_process_cpu_seconds	9
1781256377	snap	2000	otelcol	otelcol-sb-esrev0-ctr-fb877	otelcol_exporter_queue_capacity	1001
1781256377	snap	2000	otelcol	otelcol-sb-esrev0-ctr-fb877	otelcol_exporter_sent_spans	168928
1781256377	snap	2000	otelcol	otelcol-sb-esrev0-ctr-fb877	otelcol_exporter_queue_batch_send_size_sum	168928
1781256377	snap	2000	otelcol	otelcol-sb-esrev0-ctr-fb877	otelcol_processor_incoming_items	168928
1781256377	snap	2000	otelcol	otelcol-sb-esrev0-ctr-fb877	otelcol_receiver_failed_spans	0
1781256377	snap	2000	otelcol	otelcol-sb-esrev0-ctr-fb877	otelcol_processor_batch_batch_send_size_sum	168928
1781256377	snap	2000	otelcol	otelcol-sb-esrev0-ctr-fb877	otelcol_processor_outgoing_items	168928
1781256377	snap	2000	otelcol	otelcol-sb-esrev0-ctr-fb877	otelcol_processor_batch_metadata_cardinality	1
1781256377	snap	2000	otelcol	otelcol-sb-esrev0-ctr-fb877	otelcol_process_runtime_total_sys_memory_bytes	85109016
1781256377	snap	2000	otelcol	otelcol-sb-esrev0-ctr-fb877	otelcol_exporter_queue_size	0
1781256377	snap	2000	otelcol	otelcol-sb-esrev0-ctr-fb877	otelcol_processor_batch_timeout_trigger_send	962
1781256377	snap	2000	otelcol	otelcol-sb-esrev0-ctr-fb877	otelcol_receiver_refused_spans	0
1781256377	snap	2000	otelcol	otelcol-sb-esrev0-ctr-fb877	otelcol_receiver_accepted_spans	168928
1781256377	snap	2000	otelcol	otelcol-sb-esrev0-ctr-fb877	otelcol_process_runtime_total_alloc_bytes	244785032
1781256377	snap	2000	otelcol	otelcol-sb-esrev0-ctr-fb877	otelcol_process_memory_rss	219107328
1781256377	snap	2000	otelcol	otelcol-sb-esrev0-ctr-b7q4j	otelcol_processor_batch_timeout_trigger_send	965
1781256377	snap	2000	otelcol	otelcol-sb-esrev0-ctr-b7q4j	otelcol_exporter_queue_capacity	1001
1781256377	snap	2000	otelcol	otelcol-sb-esrev0-ctr-b7q4j	otelcol_receiver_failed_spans	0
1781256377	snap	2000	otelcol	otelcol-sb-esrev0-ctr-b7q4j	otelcol_processor_batch_batch_send_size_sum	281626
1781256377	snap	2000	otelcol	otelcol-sb-esrev0-ctr-b7q4j	otelcol_exporter_queue_batch_send_size_sum	281626
1781256377	snap	2000	otelcol	otelcol-sb-esrev0-ctr-b7q4j	otelcol_process_runtime_heap_alloc_bytes	47387080
1781256377	snap	2000	otelcol	otelcol-sb-esrev0-ctr-b7q4j	otelcol_process_cpu_seconds	10
1781256377	snap	2000	otelcol	otelcol-sb-esrev0-ctr-b7q4j	otelcol_exporter_send_failed_spans	0
1781256377	snap	2000	otelcol	otelcol-sb-esrev0-ctr-b7q4j	otelcol_process_memory_rss	213929984
1781256377	snap	2000	otelcol	otelcol-sb-esrev0-ctr-b7q4j	otelcol_exporter_sent_spans	281626
1781256377	snap	2000	otelcol	otelcol-sb-esrev0-ctr-b7q4j	otelcol_processor_incoming_items	281626
1781256377	snap	2000	otelcol	otelcol-sb-esrev0-ctr-b7q4j	otelcol_process_uptime	255
1781256377	snap	2000	otelcol	otelcol-sb-esrev0-ctr-b7q4j	otelcol_process_runtime_total_alloc_bytes	277345840
1781256377	snap	2000	otelcol	otelcol-sb-esrev0-ctr-b7q4j	otelcol_receiver_refused_spans	0
1781256377	snap	2000	otelcol	otelcol-sb-esrev0-ctr-b7q4j	otelcol_processor_outgoing_items	281626
1781256377	snap	2000	otelcol	otelcol-sb-esrev0-ctr-b7q4j	otelcol_receiver_accepted_spans	281626
1781256377	snap	2000	otelcol	otelcol-sb-esrev0-ctr-b7q4j	otelcol_processor_batch_metadata_cardinality	1
1781256377	snap	2000	otelcol	otelcol-sb-esrev0-ctr-b7q4j	otelcol_process_runtime_total_sys_memory_bytes	88549656
1781256377	snap	2000	otelcol	otelcol-sb-esrev0-ctr-b7q4j	otelcol_exporter_queue_size	0
1781256377	snap	2000	k8s	otelcol-sb-esrev0-ctr-4qc2z	restart_count	0
1781256377	snap	2000	k8s	otelcol-sb-esrev0-ctr-b7q4j	restart_count	0
1781256377	snap	2000	k8s	otelcol-sb-esrev0-ctr-f8wkx	restart_count	0
1781256377	snap	2000	k8s	otelcol-sb-esrev0-ctr-fb877	restart_count	0
1781256377	snap	2000	k8s	otelcol-sb-esrev0-ctr-knvlf	restart_count	0
1781256377	snap	2000	k8s	otelcol-sb-esrev0-ctr-lbwgk	restart_count	0
1781256377	snap	2000	k8s	otelcol-sb-esrev0-ctr-r2dsm	restart_count	0
1781256377	snap	2000	k8s	otelcol-sb-esrev0-ctr-s4p4v	restart_count	0
1781256377	snap	2000	k8s	otelcol-sb-esrev0-ctr-stlt9	restart_count	0
1781256377	snap	2000	sdk	wrk2api	spans_received	36843
1781256377	snap	2000	sdk	wrk2api	spans_sent	36843
1781256377	snap	2000	sdk	wrk2api	spans_dropped	0
1781256377	snap	2000	sdk	wrk2api	spans_flushed	36843
1781256377	snap	2000	sdk	wrk2api	batches_sent	3630
1781256377	snap	2000	sdk	wrk2api	batches_dropped	0
1781256377	snap	2000	sdk	wrk2api	send_unavailable	0
1781256377	snap	2000	sdk	wrk2api	send_deadline	0
1781256377	snap	2000	sdk	wrk2api	send_exhausted	0
1781256377	snap	2000	sdk	wrk2api	send_canceled	0
1781256377	snap	2000	sdk	wrk2api	send_other	0
1781256377	snap	2000	sdk	wrk2api	buffer_depth	0
0
1781256377	snap	2000	sdk	wrk2api	cp_received	18421
1781256377	snap	2000	sdk	wrk2api	lp_received	18422
1781256377	snap	2000	sdk	wrk2api	cp_sent	18421
1781256377	snap	2000	sdk	wrk2api	lp_sent	18422
1781256377	snap	2000	sdk	wrk2api	cp_dropped	0
1781256377	snap	2000	sdk	wrk2api	lp_dropped	0
1781256377	snap	2000	sdk	composepost	spans_received	1038223
1781256377	snap	2000	sdk	composepost	spans_sent	1038223
1781256377	snap	2000	sdk	composepost	spans_dropped	0
1781256377	snap	2000	sdk	composepost	spans_flushed	1038223
1781256377	snap	2000	sdk	composepost	batches_sent	12755
1781256377	snap	2000	sdk	composepost	batches_dropped	0
1781256377	snap	2000	sdk	composepost	send_unavailable	0
1781256377	snap	2000	sdk	composepost	send_deadline	0
1781256377	snap	2000	sdk	composepost	send_exhausted	0
1781256377	snap	2000	sdk	composepost	send_canceled	0
1781256377	snap	2000	sdk	composepost	send_other	0
1781256377	snap	2000	sdk	composepost	buffer_depth	0
0
1781256377	snap	2000	sdk	composepost	cp_received	0
1781256377	snap	2000	sdk	composepost	lp_received	1038223
1781256377	snap	2000	sdk	composepost	cp_sent	0
1781256377	snap	2000	sdk	composepost	lp_sent	1038223
1781256377	snap	2000	sdk	composepost	cp_dropped	0
1781256377	snap	2000	sdk	composepost	lp_dropped	0
1781256377	snap	2000	sdk	hometimeline	spans_received	259540
1781256377	snap	2000	sdk	hometimeline	spans_sent	259540
1781256377	snap	2000	sdk	hometimeline	spans_dropped	0
1781256377	snap	2000	sdk	hometimeline	spans_flushed	259540
1781256377	snap	2000	sdk	hometimeline	batches_sent	3188
1781256377	snap	2000	sdk	hometimeline	batches_dropped	0
1781256377	snap	2000	sdk	hometimeline	send_unavailable	0
1781256377	snap	2000	sdk	hometimeline	send_deadline	0
1781256377	snap	2000	sdk	hometimeline	send_exhausted	0
1781256377	snap	2000	sdk	hometimeline	send_canceled	0
1781256377	snap	2000	sdk	hometimeline	send_other	0
1781256377	snap	2000	sdk	hometimeline	buffer_depth	0
0
1781256377	snap	2000	sdk	hometimeline	cp_received	129770
1781256377	snap	2000	sdk	hometimeline	lp_received	129770
1781256377	snap	2000	sdk	hometimeline	cp_sent	129770
1781256377	snap	2000	sdk	hometimeline	lp_sent	129770
1781256377	snap	2000	sdk	hometimeline	cp_dropped	0
1781256377	snap	2000	sdk	hometimeline	lp_dropped	0
1781256377	snap	2000	sdk	media	spans_received	129779
1781256377	snap	2000	sdk	media	spans_sent	129779
1781256377	snap	2000	sdk	media	spans_dropped	0
1781256377	snap	2000	sdk	media	spans_flushed	129779
1781256377	snap	2000	sdk	media	batches_sent	1594
1781256377	snap	2000	sdk	media	batches_dropped	0
1781256377	snap	2000	sdk	media	send_unavailable	0
1781256377	snap	2000	sdk	media	send_deadline	0
1781256377	snap	2000	sdk	media	send_exhausted	0
1781256377	snap	2000	sdk	media	send_canceled	0
1781256377	snap	2000	sdk	media	send_other	0
1781256377	snap	2000	sdk	media	buffer_depth	0
0
1781256377	snap	2000	sdk	media	cp_received	129779
1781256377	snap	2000	sdk	media	lp_received	0
1781256377	snap	2000	sdk	media	cp_sent	129779
1781256377	snap	2000	sdk	media	lp_sent	0
1781256377	snap	2000	sdk	media	cp_dropped	0
1781256377	snap	2000	sdk	media	lp_dropped	0
1781256377	snap	2000	sdk	post-storage	spans_received	129770
1781256377	snap	2000	sdk	post-storage	spans_sent	129770
1781256377	snap	2000	sdk	post-storage	spans_dropped	0
1781256377	snap	2000	sdk	post-storage	spans_flushed	129770
1781256377	snap	2000	sdk	post-storage	batches_sent	1593
1781256377	snap	2000	sdk	post-storage	batches_dropped	0
1781256377	snap	2000	sdk	post-storage	send_unavailable	0
1781256377	snap	2000	sdk	post-storage	send_deadline	0
1781256377	snap	2000	sdk	post-storage	send_exhausted	0
1781256377	snap	2000	sdk	post-storage	send_canceled	0
1781256377	snap	2000	sdk	post-storage	send_other	0
1781256377	snap	2000	sdk	post-storage	buffer_depth	0
0
1781256377	snap	2000	sdk	post-storage	cp_received	129770
1781256377	snap	2000	sdk	post-storage	lp_received	0
1781256377	snap	2000	sdk	post-storage	cp_sent	129770
1781256377	snap	2000	sdk	post-storage	lp_sent	0
1781256377	snap	2000	sdk	post-storage	cp_dropped	0
1781256377	snap	2000	sdk	post-storage	lp_dropped	0
1781256377	snap	2000	sdk	socialgraph	spans_received	243604
1781256377	snap	2000	sdk	socialgraph	spans_sent	243604
1781256377	snap	2000	sdk	socialgraph	spans_dropped	0
1781256377	snap	2000	sdk	socialgraph	spans_flushed	243604
1781256377	snap	2000	sdk	socialgraph	batches_sent	2101
1781256377	snap	2000	sdk	socialgraph	batches_dropped	0
1781256377	snap	2000	sdk	socialgraph	send_unavailable	0
1781256377	snap	2000	sdk	socialgraph	send_deadline	0
1781256377	snap	2000	sdk	socialgraph	send_exhausted	0
1781256377	snap	2000	sdk	socialgraph	send_canceled	0
1781256377	snap	2000	sdk	socialgraph	send_other	0
1781256377	snap	2000	sdk	socialgraph	buffer_depth	0
0
1781256377	snap	2000	sdk	socialgraph	cp_received	130732
1781256377	snap	2000	sdk	socialgraph	lp_received	112872
1781256377	snap	2000	sdk	socialgraph	cp_sent	130732
1781256377	snap	2000	sdk	socialgraph	lp_sent	112872
1781256377	snap	2000	sdk	socialgraph	cp_dropped	0
1781256377	snap	2000	sdk	socialgraph	lp_dropped	0
1781256377	snap	2000	sdk	text	spans_received	389355
1781256377	snap	2000	sdk	text	spans_sent	389355
1781256377	snap	2000	sdk	text	spans_dropped	0
1781256377	snap	2000	sdk	text	spans_flushed	389355
1781256377	snap	2000	sdk	text	batches_sent	4785
1781256377	snap	2000	sdk	text	batches_dropped	0
1781256377	snap	2000	sdk	text	send_unavailable	0
1781256377	snap	2000	sdk	text	send_deadline	0
1781256377	snap	2000	sdk	text	send_exhausted	0
1781256377	snap	2000	sdk	text	send_canceled	0
1781256377	snap	2000	sdk	text	send_other	0
1781256377	snap	2000	sdk	text	buffer_depth	0
0
1781256377	snap	2000	sdk	text	cp_received	129779
1781256377	snap	2000	sdk	text	lp_received	259576
1781256377	snap	2000	sdk	text	cp_sent	129779
1781256377	snap	2000	sdk	text	lp_sent	259576
1781256377	snap	2000	sdk	text	cp_dropped	0
1781256377	snap	2000	sdk	text	lp_dropped	0
1781256377	snap	2000	sdk	uniqueid	spans_received	129779
1781256377	snap	2000	sdk	uniqueid	spans_sent	129779
1781256377	snap	2000	sdk	uniqueid	spans_dropped	0
1781256377	snap	2000	sdk	uniqueid	spans_flushed	129779
1781256377	snap	2000	sdk	uniqueid	batches_sent	1594
1781256377	snap	2000	sdk	uniqueid	batches_dropped	0
1781256377	snap	2000	sdk	uniqueid	send_unavailable	0
1781256377	snap	2000	sdk	uniqueid	send_deadline	0
1781256377	snap	2000	sdk	uniqueid	send_exhausted	0
1781256377	snap	2000	sdk	uniqueid	send_canceled	0
1781256377	snap	2000	sdk	uniqueid	send_other	0
1781256377	snap	2000	sdk	uniqueid	buffer_depth	0
0
1781256377	snap	2000	sdk	uniqueid	cp_received	129779
1781256377	snap	2000	sdk	uniqueid	lp_received	0
1781256377	snap	2000	sdk	uniqueid	cp_sent	129779
1781256377	snap	2000	sdk	uniqueid	lp_sent	0
1781256377	snap	2000	sdk	uniqueid	cp_dropped	0
1781256377	snap	2000	sdk	uniqueid	lp_dropped	0
1781256377	snap	2000	sdk	urlshorten	spans_received	129779
1781256377	snap	2000	sdk	urlshorten	spans_sent	129779
1781256377	snap	2000	sdk	urlshorten	spans_dropped	0
1781256377	snap	2000	sdk	urlshorten	spans_flushed	129779
1781256377	snap	2000	sdk	urlshorten	batches_sent	1594
1781256377	snap	2000	sdk	urlshorten	batches_dropped	0
1781256377	snap	2000	sdk	urlshorten	send_unavailable	0
1781256377	snap	2000	sdk	urlshorten	send_deadline	0
1781256377	snap	2000	sdk	urlshorten	send_exhausted	0
1781256377	snap	2000	sdk	urlshorten	send_canceled	0
1781256377	snap	2000	sdk	urlshorten	send_other	0
1781256377	snap	2000	sdk	urlshorten	buffer_depth	0
0
1781256377	snap	2000	sdk	urlshorten	cp_received	129779
1781256377	snap	2000	sdk	urlshorten	lp_received	0
1781256377	snap	2000	sdk	urlshorten	cp_sent	129779
1781256377	snap	2000	sdk	urlshorten	lp_sent	0
1781256377	snap	2000	sdk	urlshorten	cp_dropped	0
1781256377	snap	2000	sdk	urlshorten	lp_dropped	0
1781256377	snap	2000	sdk	user	spans_received	131703
1781256377	snap	2000	sdk	user	spans_sent	131703
1781256377	snap	2000	sdk	user	spans_dropped	0
1781256377	snap	2000	sdk	user	spans_flushed	131703
1781256377	snap	2000	sdk	user	batches_sent	1604
1781256377	snap	2000	sdk	user	batches_dropped	0
1781256377	snap	2000	sdk	user	send_unavailable	0
1781256377	snap	2000	sdk	user	send_deadline	0
1781256377	snap	2000	sdk	user	send_exhausted	0
1781256377	snap	2000	sdk	user	send_canceled	0
1781256377	snap	2000	sdk	user	send_other	0
1781256377	snap	2000	sdk	user	buffer_depth	0
0
1781256377	snap	2000	sdk	user	cp_received	129779
1781256377	snap	2000	sdk	user	lp_received	1924
1781256377	snap	2000	sdk	user	cp_sent	129779
1781256377	snap	2000	sdk	user	lp_sent	1924
1781256377	snap	2000	sdk	user	cp_dropped	0
1781256377	snap	2000	sdk	user	lp_dropped	0
1781256377	snap	2000	sdk	userid	spans_received	75248
1781256377	snap	2000	sdk	userid	spans_sent	75248
1781256377	snap	2000	sdk	userid	spans_dropped	0
1781256377	snap	2000	sdk	userid	spans_flushed	75248
1781256377	snap	2000	sdk	userid	batches_sent	239
1781256377	snap	2000	sdk	userid	batches_dropped	0
1781256377	snap	2000	sdk	userid	send_unavailable	0
1781256377	snap	2000	sdk	userid	send_deadline	0
1781256377	snap	2000	sdk	userid	send_exhausted	0
1781256377	snap	2000	sdk	userid	send_canceled	0
1781256377	snap	2000	sdk	userid	send_other	0
1781256377	snap	2000	sdk	userid	buffer_depth	0
0
1781256377	snap	2000	sdk	userid	cp_received	75248
1781256377	snap	2000	sdk	userid	lp_received	0
1781256377	snap	2000	sdk	userid	cp_sent	75248
1781256377	snap	2000	sdk	userid	lp_sent	0
1781256377	snap	2000	sdk	userid	cp_dropped	0
1781256377	snap	2000	sdk	userid	lp_dropped	0
1781256377	snap	2000	sdk	usermention	spans_received	129779
1781256377	snap	2000	sdk	usermention	spans_sent	129779
1781256377	snap	2000	sdk	usermention	spans_dropped	0
1781256377	snap	2000	sdk	usermention	spans_flushed	129779
1781256377	snap	2000	sdk	usermention	batches_sent	1595
1781256377	snap	2000	sdk	usermention	batches_dropped	0
1781256377	snap	2000	sdk	usermention	send_unavailable	0
1781256377	snap	2000	sdk	usermention	send_deadline	0
1781256377	snap	2000	sdk	usermention	send_exhausted	0
1781256377	snap	2000	sdk	usermention	send_canceled	0
1781256377	snap	2000	sdk	usermention	send_other	0
1781256377	snap	2000	sdk	usermention	buffer_depth	0
0
1781256377	snap	2000	sdk	usermention	cp_received	129779
1781256377	snap	2000	sdk	usermention	lp_received	0
1781256377	snap	2000	sdk	usermention	cp_sent	129779
1781256377	snap	2000	sdk	usermention	lp_sent	0
1781256377	snap	2000	sdk	usermention	cp_dropped	0
1781256377	snap	2000	sdk	usermention	lp_dropped	0
1781256377	snap	2000	sdk	usertimeline	spans_received	129770
1781256377	snap	2000	sdk	usertimeline	spans_sent	129770
1781256377	snap	2000	sdk	usertimeline	spans_dropped	0
1781256377	snap	2000	sdk	usertimeline	spans_flushed	129770
1781256377	snap	2000	sdk	usertimeline	batches_sent	1593
1781256377	snap	2000	sdk	usertimeline	batches_dropped	0
1781256377	snap	2000	sdk	usertimeline	send_unavailable	0
1781256377	snap	2000	sdk	usertimeline	send_deadline	0
1781256377	snap	2000	sdk	usertimeline	send_exhausted	0
1781256377	snap	2000	sdk	usertimeline	send_canceled	0
1781256377	snap	2000	sdk	usertimeline	send_other	0
1781256377	snap	2000	sdk	usertimeline	buffer_depth	0
0
1781256377	snap	2000	sdk	usertimeline	cp_received	129770
1781256377	snap	2000	sdk	usertimeline	lp_received	0
1781256377	snap	2000	sdk	usertimeline	cp_sent	129770
1781256377	snap	2000	sdk	usertimeline	lp_sent	0
1781256377	snap	2000	sdk	usertimeline	cp_dropped	0
1781256377	snap	2000	sdk	usertimeline	lp_dropped	0
1781256384	snap	2200	otelcol	otelcol-sb-esrev0-ctr-s4p4v	otelcol_exporter_queue_size	0
1781256384	snap	2200	otelcol	otelcol-sb-esrev0-ctr-s4p4v	otelcol_process_cpu_seconds	9
1781256384	snap	2200	otelcol	otelcol-sb-esrev0-ctr-s4p4v	otelcol_processor_batch_batch_send_size_sum	166989
1781256384	snap	2200	otelcol	otelcol-sb-esrev0-ctr-s4p4v	otelcol_process_runtime_total_alloc_bytes	234692288
1781256384	snap	2200	otelcol	otelcol-sb-esrev0-ctr-s4p4v	otelcol_exporter_send_failed_spans	0
1781256384	snap	2200	otelcol	otelcol-sb-esrev0-ctr-s4p4v	otelcol_receiver_failed_spans	0
1781256384	snap	2200	otelcol	otelcol-sb-esrev0-ctr-s4p4v	otelcol_processor_outgoing_items	166989
1781256384	snap	2200	otelcol	otelcol-sb-esrev0-ctr-s4p4v	otelcol_receiver_accepted_spans	166989
1781256384	snap	2200	otelcol	otelcol-sb-esrev0-ctr-s4p4v	otelcol_exporter_queue_batch_send_size_sum	166989
1781256384	snap	2200	otelcol	otelcol-sb-esrev0-ctr-s4p4v	otelcol_receiver_refused_spans	0
1781256384	snap	2200	otelcol	otelcol-sb-esrev0-ctr-s4p4v	otelcol_process_uptime	260
1781256384	snap	2200	otelcol	otelcol-sb-esrev0-ctr-s4p4v	otelcol_exporter_sent_spans	166989
1781256384	snap	2200	otelcol	otelcol-sb-esrev0-ctr-s4p4v	otelcol_processor_batch_metadata_cardinality	1
1781256384	snap	2200	otelcol	otelcol-sb-esrev0-ctr-s4p4v	otelcol_processor_batch_timeout_trigger_send	954
1781256384	snap	2200	otelcol	otelcol-sb-esrev0-ctr-s4p4v	otelcol_process_runtime_heap_alloc_bytes	35477136
1781256384	snap	2200	otelcol	otelcol-sb-esrev0-ctr-s4p4v	otelcol_processor_incoming_items	166989
1781256384	snap	2200	otelcol	otelcol-sb-esrev0-ctr-s4p4v	otelcol_process_runtime_total_sys_memory_bytes	88156440
1781256384	snap	2200	otelcol	otelcol-sb-esrev0-ctr-s4p4v	otelcol_process_memory_rss	223322112
1781256384	snap	2200	otelcol	otelcol-sb-esrev0-ctr-s4p4v	otelcol_exporter_queue_capacity	1001
1781256384	snap	2200	otelcol	otelcol-sb-esrev0-ctr-lbwgk	otelcol_receiver_refused_spans	0
1781256384	snap	2200	otelcol	otelcol-sb-esrev0-ctr-lbwgk	otelcol_process_uptime	259
1781256384	snap	2200	otelcol	otelcol-sb-esrev0-ctr-lbwgk	otelcol_exporter_queue_size	0
1781256384	snap	2200	otelcol	otelcol-sb-esrev0-ctr-lbwgk	otelcol_exporter_queue_batch_send_size_sum	36843
1781256384	snap	2200	otelcol	otelcol-sb-esrev0-ctr-lbwgk	otelcol_processor_outgoing_items	36843
1781256384	snap	2200	otelcol	otelcol-sb-esrev0-ctr-lbwgk	otelcol_process_runtime_total_alloc_bytes	128742304
1781256384	snap	2200	otelcol	otelcol-sb-esrev0-ctr-lbwgk	otelcol_processor_batch_batch_send_size_sum	36843
1781256384	snap	2200	otelcol	otelcol-sb-esrev0-ctr-lbwgk	otelcol_exporter_send_failed_spans	0
1781256384	snap	2200	otelcol	otelcol-sb-esrev0-ctr-lbwgk	otelcol_processor_batch_metadata_cardinality	1
1781256384	snap	2200	otelcol	otelcol-sb-esrev0-ctr-lbwgk	otelcol_process_memory_rss	208625664
1781256384	snap	2200	otelcol	otelcol-sb-esrev0-ctr-lbwgk	otelcol_receiver_accepted_spans	36843
1781256384	snap	2200	otelcol	otelcol-sb-esrev0-ctr-lbwgk	otelcol_processor_batch_timeout_trigger_send	955
1781256384	snap	2200	otelcol	otelcol-sb-esrev0-ctr-lbwgk	otelcol_process_runtime_heap_alloc_bytes	42048240
1781256384	snap	2200	otelcol	otelcol-sb-esrev0-ctr-lbwgk	otelcol_process_cpu_seconds	10
1781256384	snap	2200	otelcol	otelcol-sb-esrev0-ctr-lbwgk	otelcol_processor_incoming_items	36843
1781256384	snap	2200	otelcol	otelcol-sb-esrev0-ctr-lbwgk	otelcol_process_runtime_total_sys_memory_bytes	75254040
1781256384	snap	2200	otelcol	otelcol-sb-esrev0-ctr-lbwgk	otelcol_exporter_sent_spans	36843
1781256384	snap	2200	otelcol	otelcol-sb-esrev0-ctr-lbwgk	otelcol_exporter_queue_capacity	1001
1781256384	snap	2200	otelcol	otelcol-sb-esrev0-ctr-lbwgk	otelcol_receiver_failed_spans	0
1781256384	snap	2200	otelcol	otelcol-sb-esrev0-ctr-4qc2z	otelcol_receiver_failed_spans	0
1781256384	snap	2200	otelcol	otelcol-sb-esrev0-ctr-4qc2z	otelcol_process_cpu_seconds	9
1781256384	snap	2200	otelcol	otelcol-sb-esrev0-ctr-4qc2z	otelcol_receiver_refused_spans	0
1781256384	snap	2200	otelcol	otelcol-sb-esrev0-ctr-4qc2z	otelcol_process_runtime_heap_alloc_bytes	34243992
1781256384	snap	2200	otelcol	otelcol-sb-esrev0-ctr-4qc2z	otelcol_process_memory_rss	219738112
1781256384	snap	2200	otelcol	otelcol-sb-esrev0-ctr-4qc2z	otelcol_exporter_send_failed_spans	0
1781256384	snap	2200	otelcol	otelcol-sb-esrev0-ctr-4qc2z	otelcol_process_runtime_total_alloc_bytes	232071240
1781256384	snap	2200	otelcol	otelcol-sb-esrev0-ctr-4qc2z	otelcol_processor_batch_metadata_cardinality	1
1781256384	snap	2200	otelcol	otelcol-sb-esrev0-ctr-4qc2z	otelcol_processor_incoming_items	166628
1781256384	snap	2200	otelcol	otelcol-sb-esrev0-ctr-4qc2z	otelcol_processor_batch_timeout_trigger_send	958
1781256384	snap	2200	otelcol	otelcol-sb-esrev0-ctr-4qc2z	otelcol_processor_batch_batch_send_size_sum	166628
1781256384	snap	2200	otelcol	otelcol-sb-esrev0-ctr-4qc2z	otelcol_process_runtime_total_sys_memory_bytes	84805912
1781256384	snap	2200	otelcol	otelcol-sb-esrev0-ctr-4qc2z	otelcol_exporter_sent_spans	166628
1781256384	snap	2200	otelcol	otelcol-sb-esrev0-ctr-4qc2z	otelcol_receiver_accepted_spans	166628
1781256384	snap	2200	otelcol	otelcol-sb-esrev0-ctr-4qc2z	otelcol_processor_outgoing_items	166628
1781256384	snap	2200	otelcol	otelcol-sb-esrev0-ctr-4qc2z	otelcol_exporter_queue_size	0
1781256384	snap	2200	otelcol	otelcol-sb-esrev0-ctr-4qc2z	otelcol_exporter_queue_batch_send_size_sum	166628
1781256384	snap	2200	otelcol	otelcol-sb-esrev0-ctr-4qc2z	otelcol_process_uptime	261
1781256384	snap	2200	otelcol	otelcol-sb-esrev0-ctr-4qc2z	otelcol_exporter_queue_capacity	1001
1781256384	snap	2200	otelcol	otelcol-sb-esrev0-ctr-stlt9	otelcol_processor_incoming_items	296405
1781256384	snap	2200	otelcol	otelcol-sb-esrev0-ctr-stlt9	otelcol_receiver_accepted_spans	296405
1781256384	snap	2200	otelcol	otelcol-sb-esrev0-ctr-stlt9	otelcol_processor_outgoing_items	296405
1781256384	snap	2200	otelcol	otelcol-sb-esrev0-ctr-stlt9	otelcol_processor_batch_metadata_cardinality	1
1781256384	snap	2200	otelcol	otelcol-sb-esrev0-ctr-stlt9	otelcol_processor_batch_timeout_trigger_send	959
1781256384	snap	2200	otelcol	otelcol-sb-esrev0-ctr-stlt9	otelcol_processor_batch_batch_send_size_sum	296405
1781256384	snap	2200	otelcol	otelcol-sb-esrev0-ctr-stlt9	otelcol_process_memory_rss	221409280
1781256384	snap	2200	otelcol	otelcol-sb-esrev0-ctr-stlt9	otelcol_exporter_queue_capacity	1001
1781256384	snap	2200	otelcol	otelcol-sb-esrev0-ctr-stlt9	otelcol_exporter_sent_spans	296405
1781256384	snap	2200	otelcol	otelcol-sb-esrev0-ctr-stlt9	otelcol_process_runtime_total_sys_memory_bytes	88066328
1781256384	snap	2200	otelcol	otelcol-sb-esrev0-ctr-stlt9	otelcol_exporter_queue_size	0
1781256384	snap	2200	otelcol	otelcol-sb-esrev0-ctr-stlt9	otelcol_receiver_refused_spans	0
1781256384	snap	2200	otelcol	otelcol-sb-esrev0-ctr-stlt9	otelcol_receiver_failed_spans	0
1781256384	snap	2200	otelcol	otelcol-sb-esrev0-ctr-stlt9	otelcol_process_uptime	261
1781256384	snap	2200	otelcol	otelcol-sb-esrev0-ctr-stlt9	otelcol_process_runtime_heap_alloc_bytes	34898816
1781256384	snap	2200	otelcol	otelcol-sb-esrev0-ctr-stlt9	otelcol_exporter_send_failed_spans	0
1781256384	snap	2200	otelcol	otelcol-sb-esrev0-ctr-stlt9	otelcol_exporter_queue_batch_send_size_sum	296405
1781256384	snap	2200	otelcol	otelcol-sb-esrev0-ctr-stlt9	otelcol_process_runtime_total_alloc_bytes	314893920
1781256384	snap	2200	otelcol	otelcol-sb-esrev0-ctr-stlt9	otelcol_process_cpu_seconds	11
1781256384	snap	2200	otelcol	otelcol-sb-esrev0-ctr-f8wkx	otelcol_receiver_failed_spans	0
1781256384	snap	2200	otelcol	otelcol-sb-esrev0-ctr-f8wkx	otelcol_process_runtime_total_sys_memory_bytes	93587736
1781256384	snap	2200	otelcol	otelcol-sb-esrev0-ctr-f8wkx	otelcol_exporter_queue_size	0
1781256384	snap	2200	otelcol	otelcol-sb-esrev0-ctr-f8wkx	otelcol_process_runtime_total_alloc_bytes	496534992
1781256384	snap	2200	otelcol	otelcol-sb-esrev0-ctr-f8wkx	otelcol_exporter_send_failed_spans	0
1781256384	snap	2200	otelcol	otelcol-sb-esrev0-ctr-f8wkx	otelcol_processor_batch_metadata_cardinality	1
1781256384	snap	2200	otelcol	otelcol-sb-esrev0-ctr-f8wkx	otelcol_exporter_queue_batch_send_size_sum	633224
1781256384	snap	2200	otelcol	otelcol-sb-esrev0-ctr-f8wkx	otelcol_processor_batch_timeout_trigger_send	969
1781256384	snap	2200	otelcol	otelcol-sb-esrev0-ctr-f8wkx	otelcol_processor_incoming_items	633224
1781256384	snap	2200	otelcol	otelcol-sb-esrev0-ctr-f8wkx	otelcol_process_cpu_seconds	15
1781256384	snap	2200	otelcol	otelcol-sb-esrev0-ctr-f8wkx	otelcol_processor_batch_batch_send_size_sum	633224
1781256384	snap	2200	otelcol	otelcol-sb-esrev0-ctr-f8wkx	otelcol_process_uptime	260
1781256384	snap	2200	otelcol	otelcol-sb-esrev0-ctr-f8wkx	otelcol_process_runtime_heap_alloc_bytes	33640928
1781256384	snap	2200	otelcol	otelcol-sb-esrev0-ctr-f8wkx	otelcol_exporter_sent_spans	633224
1781256384	snap	2200	otelcol	otelcol-sb-esrev0-ctr-f8wkx	otelcol_receiver_refused_spans	0
1781256384	snap	2200	otelcol	otelcol-sb-esrev0-ctr-f8wkx	otelcol_processor_outgoing_items	633224
1781256384	snap	2200	otelcol	otelcol-sb-esrev0-ctr-f8wkx	otelcol_receiver_accepted_spans	633224
1781256384	snap	2200	otelcol	otelcol-sb-esrev0-ctr-f8wkx	otelcol_process_memory_rss	229711872
1781256384	snap	2200	otelcol	otelcol-sb-esrev0-ctr-f8wkx	otelcol_exporter_queue_capacity	1001
1781256384	snap	2200	otelcol	otelcol-sb-esrev0-ctr-r2dsm	otelcol_receiver_refused_spans	0
1781256384	snap	2200	otelcol	otelcol-sb-esrev0-ctr-r2dsm	otelcol_receiver_failed_spans	0
1781256384	snap	2200	otelcol	otelcol-sb-esrev0-ctr-r2dsm	otelcol_processor_outgoing_items	1334608
1781256384	snap	2200	otelcol	otelcol-sb-esrev0-ctr-r2dsm	otelcol_process_uptime	259
1781256384	snap	2200	otelcol	otelcol-sb-esrev0-ctr-r2dsm	otelcol_process_runtime_total_alloc_bytes	1003365392
1781256384	snap	2200	otelcol	otelcol-sb-esrev0-ctr-r2dsm	otelcol_process_memory_rss	241205248
1781256384	snap	2200	otelcol	otelcol-sb-esrev0-ctr-r2dsm	otelcol_exporter_send_failed_spans	0
1781256384	snap	2200	otelcol	otelcol-sb-esrev0-ctr-r2dsm	otelcol_exporter_queue_batch_send_size_sum	1334608
1781256384	snap	2200	otelcol	otelcol-sb-esrev0-ctr-r2dsm	otelcol_receiver_accepted_spans	1334608
1781256384	snap	2200	otelcol	otelcol-sb-esrev0-ctr-r2dsm	otelcol_processor_batch_metadata_cardinality	1
1781256384	snap	2200	otelcol	otelcol-sb-esrev0-ctr-r2dsm	otelcol_processor_batch_timeout_trigger_send	959
1781256384	snap	2200	otelcol	otelcol-sb-esrev0-ctr-r2dsm	otelcol_processor_batch_batch_send_size_sum	1334608
1781256384	snap	2200	otelcol	otelcol-sb-esrev0-ctr-r2dsm	otelcol_process_cpu_seconds	22
1781256384	snap	2200	otelcol	otelcol-sb-esrev0-ctr-r2dsm	otelcol_exporter_queue_capacity	1001
1781256384	snap	2200	otelcol	otelcol-sb-esrev0-ctr-r2dsm	otelcol_process_runtime_heap_alloc_bytes	68135512
1781256384	snap	2200	otelcol	otelcol-sb-esrev0-ctr-r2dsm	otelcol_exporter_sent_spans	1334608
1781256384	snap	2200	otelcol	otelcol-sb-esrev0-ctr-r2dsm	otelcol_exporter_queue_size	0
1781256384	snap	2200	otelcol	otelcol-sb-esrev0-ctr-r2dsm	otelcol_processor_incoming_items	1334608
1781256384	snap	2200	otelcol	otelcol-sb-esrev0-ctr-r2dsm	otelcol_process_runtime_total_sys_memory_bytes	101255448
1781256384	snap	2200	otelcol	otelcol-sb-esrev0-ctr-knvlf	otelcol_receiver_accepted_spans	167799
1781256384	snap	2200	otelcol	otelcol-sb-esrev0-ctr-knvlf	otelcol_process_runtime_total_sys_memory_bytes	84330776
1781256384	snap	2200	otelcol	otelcol-sb-esrev0-ctr-knvlf	otelcol_process_runtime_heap_alloc_bytes	50154384
1781256384	snap	2200	otelcol	otelcol-sb-esrev0-ctr-knvlf	otelcol_processor_batch_metadata_cardinality	1
1781256384	snap	2200	otelcol	otelcol-sb-esrev0-ctr-knvlf	otelcol_processor_batch_timeout_trigger_send	958
1781256384	snap	2200	otelcol	otelcol-sb-esrev0-ctr-knvlf	otelcol_processor_batch_batch_send_size_sum	167799
1781256384	snap	2200	otelcol	otelcol-sb-esrev0-ctr-knvlf	otelcol_process_cpu_seconds	9
1781256384	snap	2200	otelcol	otelcol-sb-esrev0-ctr-knvlf	otelcol_exporter_queue_capacity	1001
1781256384	snap	2200	otelcol	otelcol-sb-esrev0-ctr-knvlf	otelcol_exporter_queue_batch_send_size_sum	167799
1781256384	snap	2200	otelcol	otelcol-sb-esrev0-ctr-knvlf	otelcol_receiver_refused_spans	0
1781256384	snap	2200	otelcol	otelcol-sb-esrev0-ctr-knvlf	otelcol_process_memory_rss	215654400
1781256384	snap	2200	otelcol	otelcol-sb-esrev0-ctr-knvlf	otelcol_process_uptime	261
1781256384	snap	2200	otelcol	otelcol-sb-esrev0-ctr-knvlf	otelcol_process_runtime_total_alloc_bytes	224511688
1781256384	snap	2200	otelcol	otelcol-sb-esrev0-ctr-knvlf	otelcol_exporter_sent_spans	167799
1781256384	snap	2200	otelcol	otelcol-sb-esrev0-ctr-knvlf	otelcol_exporter_queue_size	0
1781256384	snap	2200	otelcol	otelcol-sb-esrev0-ctr-knvlf	otelcol_processor_incoming_items	167799
1781256384	snap	2200	otelcol	otelcol-sb-esrev0-ctr-knvlf	otelcol_receiver_failed_spans	0
1781256384	snap	2200	otelcol	otelcol-sb-esrev0-ctr-knvlf	otelcol_processor_outgoing_items	167799
1781256384	snap	2200	otelcol	otelcol-sb-esrev0-ctr-knvlf	otelcol_exporter_send_failed_spans	0
1781256384	snap	2200	otelcol	otelcol-sb-esrev0-ctr-fb877	otelcol_exporter_send_failed_spans	0
1781256384	snap	2200	otelcol	otelcol-sb-esrev0-ctr-fb877	otelcol_process_uptime	261
1781256384	snap	2200	otelcol	otelcol-sb-esrev0-ctr-fb877	otelcol_process_runtime_heap_alloc_bytes	39086640
1781256384	snap	2200	otelcol	otelcol-sb-esrev0-ctr-fb877	otelcol_process_cpu_seconds	9
1781256384	snap	2200	otelcol	otelcol-sb-esrev0-ctr-fb877	otelcol_exporter_queue_capacity	1001
1781256384	snap	2200	otelcol	otelcol-sb-esrev0-ctr-fb877	otelcol_exporter_sent_spans	168928
1781256384	snap	2200	otelcol	otelcol-sb-esrev0-ctr-fb877	otelcol_exporter_queue_batch_send_size_sum	168928
1781256384	snap	2200	otelcol	otelcol-sb-esrev0-ctr-fb877	otelcol_processor_incoming_items	168928
1781256384	snap	2200	otelcol	otelcol-sb-esrev0-ctr-fb877	otelcol_receiver_failed_spans	0
1781256384	snap	2200	otelcol	otelcol-sb-esrev0-ctr-fb877	otelcol_processor_batch_batch_send_size_sum	168928
1781256384	snap	2200	otelcol	otelcol-sb-esrev0-ctr-fb877	otelcol_processor_outgoing_items	168928
1781256384	snap	2200	otelcol	otelcol-sb-esrev0-ctr-fb877	otelcol_processor_batch_metadata_cardinality	1
1781256384	snap	2200	otelcol	otelcol-sb-esrev0-ctr-fb877	otelcol_process_runtime_total_sys_memory_bytes	85109016
1781256384	snap	2200	otelcol	otelcol-sb-esrev0-ctr-fb877	otelcol_exporter_queue_size	0
1781256384	snap	2200	otelcol	otelcol-sb-esrev0-ctr-fb877	otelcol_processor_batch_timeout_trigger_send	962
1781256384	snap	2200	otelcol	otelcol-sb-esrev0-ctr-fb877	otelcol_receiver_refused_spans	0
1781256384	snap	2200	otelcol	otelcol-sb-esrev0-ctr-fb877	otelcol_receiver_accepted_spans	168928
1781256384	snap	2200	otelcol	otelcol-sb-esrev0-ctr-fb877	otelcol_process_runtime_total_alloc_bytes	245363232
1781256384	snap	2200	otelcol	otelcol-sb-esrev0-ctr-fb877	otelcol_process_memory_rss	219107328
1781256384	snap	2200	otelcol	otelcol-sb-esrev0-ctr-b7q4j	otelcol_processor_batch_timeout_trigger_send	965
1781256384	snap	2200	otelcol	otelcol-sb-esrev0-ctr-b7q4j	otelcol_exporter_queue_capacity	1001
1781256384	snap	2200	otelcol	otelcol-sb-esrev0-ctr-b7q4j	otelcol_receiver_failed_spans	0
1781256384	snap	2200	otelcol	otelcol-sb-esrev0-ctr-b7q4j	otelcol_processor_batch_batch_send_size_sum	281626
1781256384	snap	2200	otelcol	otelcol-sb-esrev0-ctr-b7q4j	otelcol_exporter_queue_batch_send_size_sum	281626
1781256384	snap	2200	otelcol	otelcol-sb-esrev0-ctr-b7q4j	otelcol_process_runtime_heap_alloc_bytes	47963440
1781256384	snap	2200	otelcol	otelcol-sb-esrev0-ctr-b7q4j	otelcol_process_cpu_seconds	10
1781256384	snap	2200	otelcol	otelcol-sb-esrev0-ctr-b7q4j	otelcol_exporter_send_failed_spans	0
1781256384	snap	2200	otelcol	otelcol-sb-esrev0-ctr-b7q4j	otelcol_process_memory_rss	214028288
1781256384	snap	2200	otelcol	otelcol-sb-esrev0-ctr-b7q4j	otelcol_exporter_sent_spans	281626
1781256384	snap	2200	otelcol	otelcol-sb-esrev0-ctr-b7q4j	otelcol_processor_incoming_items	281626
1781256384	snap	2200	otelcol	otelcol-sb-esrev0-ctr-b7q4j	otelcol_process_uptime	263
1781256384	snap	2200	otelcol	otelcol-sb-esrev0-ctr-b7q4j	otelcol_process_runtime_total_alloc_bytes	277922200
1781256384	snap	2200	otelcol	otelcol-sb-esrev0-ctr-b7q4j	otelcol_receiver_refused_spans	0
1781256384	snap	2200	otelcol	otelcol-sb-esrev0-ctr-b7q4j	otelcol_processor_outgoing_items	281626
1781256384	snap	2200	otelcol	otelcol-sb-esrev0-ctr-b7q4j	otelcol_receiver_accepted_spans	281626
1781256384	snap	2200	otelcol	otelcol-sb-esrev0-ctr-b7q4j	otelcol_processor_batch_metadata_cardinality	1
1781256384	snap	2200	otelcol	otelcol-sb-esrev0-ctr-b7q4j	otelcol_process_runtime_total_sys_memory_bytes	88549656
1781256384	snap	2200	otelcol	otelcol-sb-esrev0-ctr-b7q4j	otelcol_exporter_queue_size	0
1781256384	snap	2200	k8s	otelcol-sb-esrev0-ctr-4qc2z	restart_count	0
1781256384	snap	2200	k8s	otelcol-sb-esrev0-ctr-b7q4j	restart_count	0
1781256384	snap	2200	k8s	otelcol-sb-esrev0-ctr-f8wkx	restart_count	0
1781256384	snap	2200	k8s	otelcol-sb-esrev0-ctr-fb877	restart_count	0
1781256384	snap	2200	k8s	otelcol-sb-esrev0-ctr-knvlf	restart_count	0
1781256384	snap	2200	k8s	otelcol-sb-esrev0-ctr-lbwgk	restart_count	0
1781256384	snap	2200	k8s	otelcol-sb-esrev0-ctr-r2dsm	restart_count	0
1781256384	snap	2200	k8s	otelcol-sb-esrev0-ctr-s4p4v	restart_count	0
1781256384	snap	2200	k8s	otelcol-sb-esrev0-ctr-stlt9	restart_count	0
1781256384	snap	2200	sdk	wrk2api	spans_received	36843
1781256384	snap	2200	sdk	wrk2api	spans_sent	36843
1781256384	snap	2200	sdk	wrk2api	spans_dropped	0
1781256384	snap	2200	sdk	wrk2api	spans_flushed	36843
1781256384	snap	2200	sdk	wrk2api	batches_sent	3630
1781256384	snap	2200	sdk	wrk2api	batches_dropped	0
1781256384	snap	2200	sdk	wrk2api	send_unavailable	0
1781256384	snap	2200	sdk	wrk2api	send_deadline	0
1781256384	snap	2200	sdk	wrk2api	send_exhausted	0
1781256384	snap	2200	sdk	wrk2api	send_canceled	0
1781256384	snap	2200	sdk	wrk2api	send_other	0
1781256384	snap	2200	sdk	wrk2api	buffer_depth	0
0
1781256384	snap	2200	sdk	wrk2api	cp_received	18421
1781256384	snap	2200	sdk	wrk2api	lp_received	18422
1781256384	snap	2200	sdk	wrk2api	cp_sent	18421
1781256384	snap	2200	sdk	wrk2api	lp_sent	18422
1781256384	snap	2200	sdk	wrk2api	cp_dropped	0
1781256384	snap	2200	sdk	wrk2api	lp_dropped	0
1781256384	snap	2200	sdk	composepost	spans_received	1038223
1781256384	snap	2200	sdk	composepost	spans_sent	1038223
1781256384	snap	2200	sdk	composepost	spans_dropped	0
1781256384	snap	2200	sdk	composepost	spans_flushed	1038223
1781256384	snap	2200	sdk	composepost	batches_sent	12755
1781256384	snap	2200	sdk	composepost	batches_dropped	0
1781256384	snap	2200	sdk	composepost	send_unavailable	0
1781256384	snap	2200	sdk	composepost	send_deadline	0
1781256384	snap	2200	sdk	composepost	send_exhausted	0
1781256384	snap	2200	sdk	composepost	send_canceled	0
1781256384	snap	2200	sdk	composepost	send_other	0
1781256384	snap	2200	sdk	composepost	buffer_depth	0
0
1781256384	snap	2200	sdk	composepost	cp_received	0
1781256384	snap	2200	sdk	composepost	lp_received	1038223
1781256384	snap	2200	sdk	composepost	cp_sent	0
1781256384	snap	2200	sdk	composepost	lp_sent	1038223
1781256384	snap	2200	sdk	composepost	cp_dropped	0
1781256384	snap	2200	sdk	composepost	lp_dropped	0
1781256384	snap	2200	sdk	hometimeline	spans_received	259540
1781256384	snap	2200	sdk	hometimeline	spans_sent	259540
1781256384	snap	2200	sdk	hometimeline	spans_dropped	0
1781256384	snap	2200	sdk	hometimeline	spans_flushed	259540
1781256384	snap	2200	sdk	hometimeline	batches_sent	3188
1781256384	snap	2200	sdk	hometimeline	batches_dropped	0
1781256384	snap	2200	sdk	hometimeline	send_unavailable	0
1781256384	snap	2200	sdk	hometimeline	send_deadline	0
1781256384	snap	2200	sdk	hometimeline	send_exhausted	0
1781256384	snap	2200	sdk	hometimeline	send_canceled	0
1781256384	snap	2200	sdk	hometimeline	send_other	0
1781256384	snap	2200	sdk	hometimeline	buffer_depth	0
0
1781256384	snap	2200	sdk	hometimeline	cp_received	129770
1781256384	snap	2200	sdk	hometimeline	lp_received	129770
1781256384	snap	2200	sdk	hometimeline	cp_sent	129770
1781256384	snap	2200	sdk	hometimeline	lp_sent	129770
1781256384	snap	2200	sdk	hometimeline	cp_dropped	0
1781256384	snap	2200	sdk	hometimeline	lp_dropped	0
1781256384	snap	2200	sdk	media	spans_received	129779
1781256384	snap	2200	sdk	media	spans_sent	129779
1781256384	snap	2200	sdk	media	spans_dropped	0
1781256384	snap	2200	sdk	media	spans_flushed	129779
1781256384	snap	2200	sdk	media	batches_sent	1594
1781256384	snap	2200	sdk	media	batches_dropped	0
1781256384	snap	2200	sdk	media	send_unavailable	0
1781256384	snap	2200	sdk	media	send_deadline	0
1781256384	snap	2200	sdk	media	send_exhausted	0
1781256384	snap	2200	sdk	media	send_canceled	0
1781256384	snap	2200	sdk	media	send_other	0
1781256384	snap	2200	sdk	media	buffer_depth	0
0
1781256384	snap	2200	sdk	media	cp_received	129779
1781256384	snap	2200	sdk	media	lp_received	0
1781256384	snap	2200	sdk	media	cp_sent	129779
1781256384	snap	2200	sdk	media	lp_sent	0
1781256384	snap	2200	sdk	media	cp_dropped	0
1781256384	snap	2200	sdk	media	lp_dropped	0
1781256384	snap	2200	sdk	post-storage	spans_received	129770
1781256384	snap	2200	sdk	post-storage	spans_sent	129770
1781256384	snap	2200	sdk	post-storage	spans_dropped	0
1781256384	snap	2200	sdk	post-storage	spans_flushed	129770
1781256384	snap	2200	sdk	post-storage	batches_sent	1593
1781256384	snap	2200	sdk	post-storage	batches_dropped	0
1781256384	snap	2200	sdk	post-storage	send_unavailable	0
1781256384	snap	2200	sdk	post-storage	send_deadline	0
1781256384	snap	2200	sdk	post-storage	send_exhausted	0
1781256384	snap	2200	sdk	post-storage	send_canceled	0
1781256384	snap	2200	sdk	post-storage	send_other	0
1781256384	snap	2200	sdk	post-storage	buffer_depth	0
0
1781256384	snap	2200	sdk	post-storage	cp_received	129770
1781256384	snap	2200	sdk	post-storage	lp_received	0
1781256384	snap	2200	sdk	post-storage	cp_sent	129770
1781256384	snap	2200	sdk	post-storage	lp_sent	0
1781256384	snap	2200	sdk	post-storage	cp_dropped	0
1781256384	snap	2200	sdk	post-storage	lp_dropped	0
1781256384	snap	2200	sdk	socialgraph	spans_received	243604
1781256384	snap	2200	sdk	socialgraph	spans_sent	243604
1781256384	snap	2200	sdk	socialgraph	spans_dropped	0
1781256384	snap	2200	sdk	socialgraph	spans_flushed	243604
1781256384	snap	2200	sdk	socialgraph	batches_sent	2101
1781256384	snap	2200	sdk	socialgraph	batches_dropped	0
1781256384	snap	2200	sdk	socialgraph	send_unavailable	0
1781256384	snap	2200	sdk	socialgraph	send_deadline	0
1781256384	snap	2200	sdk	socialgraph	send_exhausted	0
1781256384	snap	2200	sdk	socialgraph	send_canceled	0
1781256384	snap	2200	sdk	socialgraph	send_other	0
1781256384	snap	2200	sdk	socialgraph	buffer_depth	0
0
1781256384	snap	2200	sdk	socialgraph	cp_received	130732
1781256384	snap	2200	sdk	socialgraph	lp_received	112872
1781256384	snap	2200	sdk	socialgraph	cp_sent	130732
1781256384	snap	2200	sdk	socialgraph	lp_sent	112872
1781256384	snap	2200	sdk	socialgraph	cp_dropped	0
1781256384	snap	2200	sdk	socialgraph	lp_dropped	0
1781256384	snap	2200	sdk	text	spans_received	389355
1781256384	snap	2200	sdk	text	spans_sent	389355
1781256384	snap	2200	sdk	text	spans_dropped	0
1781256384	snap	2200	sdk	text	spans_flushed	389355
1781256384	snap	2200	sdk	text	batches_sent	4785
1781256384	snap	2200	sdk	text	batches_dropped	0
1781256384	snap	2200	sdk	text	send_unavailable	0
1781256384	snap	2200	sdk	text	send_deadline	0
1781256384	snap	2200	sdk	text	send_exhausted	0
1781256384	snap	2200	sdk	text	send_canceled	0
1781256384	snap	2200	sdk	text	send_other	0
1781256384	snap	2200	sdk	text	buffer_depth	0
0
1781256384	snap	2200	sdk	text	cp_received	129779
1781256384	snap	2200	sdk	text	lp_received	259576
1781256384	snap	2200	sdk	text	cp_sent	129779
1781256384	snap	2200	sdk	text	lp_sent	259576
1781256384	snap	2200	sdk	text	cp_dropped	0
1781256384	snap	2200	sdk	text	lp_dropped	0
1781256384	snap	2200	sdk	uniqueid	spans_received	129779
1781256384	snap	2200	sdk	uniqueid	spans_sent	129779
1781256384	snap	2200	sdk	uniqueid	spans_dropped	0
1781256384	snap	2200	sdk	uniqueid	spans_flushed	129779
1781256384	snap	2200	sdk	uniqueid	batches_sent	1594
1781256384	snap	2200	sdk	uniqueid	batches_dropped	0
1781256384	snap	2200	sdk	uniqueid	send_unavailable	0
1781256384	snap	2200	sdk	uniqueid	send_deadline	0
1781256384	snap	2200	sdk	uniqueid	send_exhausted	0
1781256384	snap	2200	sdk	uniqueid	send_canceled	0
1781256384	snap	2200	sdk	uniqueid	send_other	0
1781256384	snap	2200	sdk	uniqueid	buffer_depth	0
0
1781256384	snap	2200	sdk	uniqueid	cp_received	129779
1781256384	snap	2200	sdk	uniqueid	lp_received	0
1781256384	snap	2200	sdk	uniqueid	cp_sent	129779
1781256384	snap	2200	sdk	uniqueid	lp_sent	0
1781256384	snap	2200	sdk	uniqueid	cp_dropped	0
1781256384	snap	2200	sdk	uniqueid	lp_dropped	0
1781256384	snap	2200	sdk	urlshorten	spans_received	129779
1781256384	snap	2200	sdk	urlshorten	spans_sent	129779
1781256384	snap	2200	sdk	urlshorten	spans_dropped	0
1781256384	snap	2200	sdk	urlshorten	spans_flushed	129779
1781256384	snap	2200	sdk	urlshorten	batches_sent	1594
1781256384	snap	2200	sdk	urlshorten	batches_dropped	0
1781256384	snap	2200	sdk	urlshorten	send_unavailable	0
1781256384	snap	2200	sdk	urlshorten	send_deadline	0
1781256384	snap	2200	sdk	urlshorten	send_exhausted	0
1781256384	snap	2200	sdk	urlshorten	send_canceled	0
1781256384	snap	2200	sdk	urlshorten	send_other	0
1781256384	snap	2200	sdk	urlshorten	buffer_depth	0
0
1781256384	snap	2200	sdk	urlshorten	cp_received	129779
1781256384	snap	2200	sdk	urlshorten	lp_received	0
1781256384	snap	2200	sdk	urlshorten	cp_sent	129779
1781256384	snap	2200	sdk	urlshorten	lp_sent	0
1781256384	snap	2200	sdk	urlshorten	cp_dropped	0
1781256384	snap	2200	sdk	urlshorten	lp_dropped	0
1781256384	snap	2200	sdk	user	spans_received	131703
1781256384	snap	2200	sdk	user	spans_sent	131703
1781256384	snap	2200	sdk	user	spans_dropped	0
1781256384	snap	2200	sdk	user	spans_flushed	131703
1781256384	snap	2200	sdk	user	batches_sent	1604
1781256384	snap	2200	sdk	user	batches_dropped	0
1781256384	snap	2200	sdk	user	send_unavailable	0
1781256384	snap	2200	sdk	user	send_deadline	0
1781256384	snap	2200	sdk	user	send_exhausted	0
1781256384	snap	2200	sdk	user	send_canceled	0
1781256384	snap	2200	sdk	user	send_other	0
1781256384	snap	2200	sdk	user	buffer_depth	0
0
1781256384	snap	2200	sdk	user	cp_received	129779
1781256384	snap	2200	sdk	user	lp_received	1924
1781256384	snap	2200	sdk	user	cp_sent	129779
1781256384	snap	2200	sdk	user	lp_sent	1924
1781256384	snap	2200	sdk	user	cp_dropped	0
1781256384	snap	2200	sdk	user	lp_dropped	0
1781256384	snap	2200	sdk	userid	spans_received	75248
1781256384	snap	2200	sdk	userid	spans_sent	75248
1781256384	snap	2200	sdk	userid	spans_dropped	0
1781256384	snap	2200	sdk	userid	spans_flushed	75248
1781256384	snap	2200	sdk	userid	batches_sent	239
1781256384	snap	2200	sdk	userid	batches_dropped	0
1781256384	snap	2200	sdk	userid	send_unavailable	0
1781256384	snap	2200	sdk	userid	send_deadline	0
1781256384	snap	2200	sdk	userid	send_exhausted	0
1781256384	snap	2200	sdk	userid	send_canceled	0
1781256384	snap	2200	sdk	userid	send_other	0
1781256384	snap	2200	sdk	userid	buffer_depth	0
0
1781256384	snap	2200	sdk	userid	cp_received	75248
1781256384	snap	2200	sdk	userid	lp_received	0
1781256384	snap	2200	sdk	userid	cp_sent	75248
1781256384	snap	2200	sdk	userid	lp_sent	0
1781256384	snap	2200	sdk	userid	cp_dropped	0
1781256384	snap	2200	sdk	userid	lp_dropped	0
1781256384	snap	2200	sdk	usermention	spans_received	129779
1781256384	snap	2200	sdk	usermention	spans_sent	129779
1781256384	snap	2200	sdk	usermention	spans_dropped	0
1781256384	snap	2200	sdk	usermention	spans_flushed	129779
1781256384	snap	2200	sdk	usermention	batches_sent	1595
1781256384	snap	2200	sdk	usermention	batches_dropped	0
1781256384	snap	2200	sdk	usermention	send_unavailable	0
1781256384	snap	2200	sdk	usermention	send_deadline	0
1781256384	snap	2200	sdk	usermention	send_exhausted	0
1781256384	snap	2200	sdk	usermention	send_canceled	0
1781256384	snap	2200	sdk	usermention	send_other	0
1781256384	snap	2200	sdk	usermention	buffer_depth	0
0
1781256384	snap	2200	sdk	usermention	cp_received	129779
1781256384	snap	2200	sdk	usermention	lp_received	0
1781256384	snap	2200	sdk	usermention	cp_sent	129779
1781256384	snap	2200	sdk	usermention	lp_sent	0
1781256384	snap	2200	sdk	usermention	cp_dropped	0
1781256384	snap	2200	sdk	usermention	lp_dropped	0
1781256384	snap	2200	sdk	usertimeline	spans_received	129770
1781256384	snap	2200	sdk	usertimeline	spans_sent	129770
1781256384	snap	2200	sdk	usertimeline	spans_dropped	0
1781256384	snap	2200	sdk	usertimeline	spans_flushed	129770
1781256384	snap	2200	sdk	usertimeline	batches_sent	1593
1781256384	snap	2200	sdk	usertimeline	batches_dropped	0
1781256384	snap	2200	sdk	usertimeline	send_unavailable	0
1781256384	snap	2200	sdk	usertimeline	send_deadline	0
1781256384	snap	2200	sdk	usertimeline	send_exhausted	0
1781256384	snap	2200	sdk	usertimeline	send_canceled	0
1781256384	snap	2200	sdk	usertimeline	send_other	0
1781256384	snap	2200	sdk	usertimeline	buffer_depth	0
0
1781256384	snap	2200	sdk	usertimeline	cp_received	129770
1781256384	snap	2200	sdk	usertimeline	lp_received	0
1781256384	snap	2200	sdk	usertimeline	cp_sent	129770
1781256384	snap	2200	sdk	usertimeline	lp_sent	0
1781256384	snap	2200	sdk	usertimeline	cp_dropped	0
1781256384	snap	2200	sdk	usertimeline	lp_dropped	0
1781256451	snap	2200	otelcol	otelcol-sb-esrev0-ctr-s4p4v	otelcol_exporter_queue_size	0
1781256451	snap	2200	otelcol	otelcol-sb-esrev0-ctr-s4p4v	otelcol_process_cpu_seconds	12
1781256451	snap	2200	otelcol	otelcol-sb-esrev0-ctr-s4p4v	otelcol_processor_batch_batch_send_size_sum	328029
1781256451	snap	2200	otelcol	otelcol-sb-esrev0-ctr-s4p4v	otelcol_process_runtime_total_alloc_bytes	340846184
1781256451	snap	2200	otelcol	otelcol-sb-esrev0-ctr-s4p4v	otelcol_exporter_send_failed_spans	0
1781256451	snap	2200	otelcol	otelcol-sb-esrev0-ctr-s4p4v	otelcol_receiver_failed_spans	0
1781256451	snap	2200	otelcol	otelcol-sb-esrev0-ctr-s4p4v	otelcol_processor_outgoing_items	328029
1781256451	snap	2200	otelcol	otelcol-sb-esrev0-ctr-s4p4v	otelcol_receiver_accepted_spans	328029
1781256451	snap	2200	otelcol	otelcol-sb-esrev0-ctr-s4p4v	otelcol_exporter_queue_batch_send_size_sum	328029
1781256451	snap	2200	otelcol	otelcol-sb-esrev0-ctr-s4p4v	otelcol_receiver_refused_spans	0
1781256451	snap	2200	otelcol	otelcol-sb-esrev0-ctr-s4p4v	otelcol_process_uptime	327
1781256451	snap	2200	otelcol	otelcol-sb-esrev0-ctr-s4p4v	otelcol_exporter_sent_spans	328029
1781256451	snap	2200	otelcol	otelcol-sb-esrev0-ctr-s4p4v	otelcol_processor_batch_metadata_cardinality	1
1781256451	snap	2200	otelcol	otelcol-sb-esrev0-ctr-s4p4v	otelcol_processor_batch_timeout_trigger_send	1253
1781256451	snap	2200	otelcol	otelcol-sb-esrev0-ctr-s4p4v	otelcol_process_runtime_heap_alloc_bytes	39420920
1781256451	snap	2200	otelcol	otelcol-sb-esrev0-ctr-s4p4v	otelcol_processor_incoming_items	328029
1781256451	snap	2200	otelcol	otelcol-sb-esrev0-ctr-s4p4v	otelcol_process_runtime_total_sys_memory_bytes	88549656
1781256451	snap	2200	otelcol	otelcol-sb-esrev0-ctr-s4p4v	otelcol_process_memory_rss	220479488
1781256451	snap	2200	otelcol	otelcol-sb-esrev0-ctr-s4p4v	otelcol_exporter_queue_capacity	1001
1781256451	snap	2200	otelcol	otelcol-sb-esrev0-ctr-lbwgk	otelcol_receiver_refused_spans	0
1781256451	snap	2200	otelcol	otelcol-sb-esrev0-ctr-lbwgk	otelcol_process_uptime	326
1781256451	snap	2200	otelcol	otelcol-sb-esrev0-ctr-lbwgk	otelcol_exporter_queue_size	0
1781256451	snap	2200	otelcol	otelcol-sb-esrev0-ctr-lbwgk	otelcol_exporter_queue_batch_send_size_sum	66123
1781256451	snap	2200	otelcol	otelcol-sb-esrev0-ctr-lbwgk	otelcol_processor_outgoing_items	66123
1781256451	snap	2200	otelcol	otelcol-sb-esrev0-ctr-lbwgk	otelcol_process_runtime_total_alloc_bytes	162482792
1781256451	snap	2200	otelcol	otelcol-sb-esrev0-ctr-lbwgk	otelcol_processor_batch_batch_send_size_sum	66123
1781256451	snap	2200	otelcol	otelcol-sb-esrev0-ctr-lbwgk	otelcol_exporter_send_failed_spans	0
1781256451	snap	2200	otelcol	otelcol-sb-esrev0-ctr-lbwgk	otelcol_processor_batch_metadata_cardinality	1
1781256451	snap	2200	otelcol	otelcol-sb-esrev0-ctr-lbwgk	otelcol_process_memory_rss	208707584
1781256451	snap	2200	otelcol	otelcol-sb-esrev0-ctr-lbwgk	otelcol_receiver_accepted_spans	66123
1781256451	snap	2200	otelcol	otelcol-sb-esrev0-ctr-lbwgk	otelcol_processor_batch_timeout_trigger_send	1254
1781256451	snap	2200	otelcol	otelcol-sb-esrev0-ctr-lbwgk	otelcol_process_runtime_heap_alloc_bytes	37467672
1781256451	snap	2200	otelcol	otelcol-sb-esrev0-ctr-lbwgk	otelcol_process_cpu_seconds	12
1781256451	snap	2200	otelcol	otelcol-sb-esrev0-ctr-lbwgk	otelcol_processor_incoming_items	66123
1781256451	snap	2200	otelcol	otelcol-sb-esrev0-ctr-lbwgk	otelcol_process_runtime_total_sys_memory_bytes	75270424
1781256451	snap	2200	otelcol	otelcol-sb-esrev0-ctr-lbwgk	otelcol_exporter_sent_spans	66123
1781256451	snap	2200	otelcol	otelcol-sb-esrev0-ctr-lbwgk	otelcol_exporter_queue_capacity	1001
1781256451	snap	2200	otelcol	otelcol-sb-esrev0-ctr-lbwgk	otelcol_receiver_failed_spans	0
1781256451	snap	2200	otelcol	otelcol-sb-esrev0-ctr-4qc2z	otelcol_receiver_failed_spans	0
1781256451	snap	2200	otelcol	otelcol-sb-esrev0-ctr-4qc2z	otelcol_process_cpu_seconds	12
1781256451	snap	2200	otelcol	otelcol-sb-esrev0-ctr-4qc2z	otelcol_receiver_refused_spans	0
1781256451	snap	2200	otelcol	otelcol-sb-esrev0-ctr-4qc2z	otelcol_process_runtime_heap_alloc_bytes	39806104
1781256451	snap	2200	otelcol	otelcol-sb-esrev0-ctr-4qc2z	otelcol_process_memory_rss	219029504
1781256451	snap	2200	otelcol	otelcol-sb-esrev0-ctr-4qc2z	otelcol_exporter_send_failed_spans	0
1781256451	snap	2200	otelcol	otelcol-sb-esrev0-ctr-4qc2z	otelcol_process_runtime_total_alloc_bytes	334632168
1781256451	snap	2200	otelcol	otelcol-sb-esrev0-ctr-4qc2z	otelcol_processor_batch_metadata_cardinality	1
1781256451	snap	2200	otelcol	otelcol-sb-esrev0-ctr-4qc2z	otelcol_processor_incoming_items	327668
1781256451	snap	2200	otelcol	otelcol-sb-esrev0-ctr-4qc2z	otelcol_processor_batch_timeout_trigger_send	1258
1781256451	snap	2200	otelcol	otelcol-sb-esrev0-ctr-4qc2z	otelcol_processor_batch_batch_send_size_sum	327668
1781256451	snap	2200	otelcol	otelcol-sb-esrev0-ctr-4qc2z	otelcol_process_runtime_total_sys_memory_bytes	84945176
1781256451	snap	2200	otelcol	otelcol-sb-esrev0-ctr-4qc2z	otelcol_exporter_sent_spans	327668
1781256451	snap	2200	otelcol	otelcol-sb-esrev0-ctr-4qc2z	otelcol_receiver_accepted_spans	327668
1781256451	snap	2200	otelcol	otelcol-sb-esrev0-ctr-4qc2z	otelcol_processor_outgoing_items	327668
1781256451	snap	2200	otelcol	otelcol-sb-esrev0-ctr-4qc2z	otelcol_exporter_queue_size	0
1781256451	snap	2200	otelcol	otelcol-sb-esrev0-ctr-4qc2z	otelcol_exporter_queue_batch_send_size_sum	327668
1781256451	snap	2200	otelcol	otelcol-sb-esrev0-ctr-4qc2z	otelcol_process_uptime	328
1781256451	snap	2200	otelcol	otelcol-sb-esrev0-ctr-4qc2z	otelcol_exporter_queue_capacity	1001
1781256451	snap	2200	otelcol	otelcol-sb-esrev0-ctr-stlt9	otelcol_processor_incoming_items	589205
1781256451	snap	2200	otelcol	otelcol-sb-esrev0-ctr-stlt9	otelcol_receiver_accepted_spans	589205
1781256451	snap	2200	otelcol	otelcol-sb-esrev0-ctr-stlt9	otelcol_processor_outgoing_items	589205
1781256451	snap	2200	otelcol	otelcol-sb-esrev0-ctr-stlt9	otelcol_processor_batch_metadata_cardinality	1
1781256451	snap	2200	otelcol	otelcol-sb-esrev0-ctr-stlt9	otelcol_processor_batch_timeout_trigger_send	1258
1781256451	snap	2200	otelcol	otelcol-sb-esrev0-ctr-stlt9	otelcol_processor_batch_batch_send_size_sum	589205
1781256451	snap	2200	otelcol	otelcol-sb-esrev0-ctr-stlt9	otelcol_process_memory_rss	221405184
1781256451	snap	2200	otelcol	otelcol-sb-esrev0-ctr-stlt9	otelcol_exporter_queue_capacity	1001
1781256451	snap	2200	otelcol	otelcol-sb-esrev0-ctr-stlt9	otelcol_exporter_sent_spans	589205
1781256451	snap	2200	otelcol	otelcol-sb-esrev0-ctr-stlt9	otelcol_process_runtime_total_sys_memory_bytes	88336664
1781256451	snap	2200	otelcol	otelcol-sb-esrev0-ctr-stlt9	otelcol_exporter_queue_size	0
1781256451	snap	2200	otelcol	otelcol-sb-esrev0-ctr-stlt9	otelcol_receiver_refused_spans	0
1781256451	snap	2200	otelcol	otelcol-sb-esrev0-ctr-stlt9	otelcol_receiver_failed_spans	0
1781256451	snap	2200	otelcol	otelcol-sb-esrev0-ctr-stlt9	otelcol_process_uptime	328
1781256451	snap	2200	otelcol	otelcol-sb-esrev0-ctr-stlt9	otelcol_process_runtime_heap_alloc_bytes	29658680
1781256451	snap	2200	otelcol	otelcol-sb-esrev0-ctr-stlt9	otelcol_exporter_send_failed_spans	0
1781256451	snap	2200	otelcol	otelcol-sb-esrev0-ctr-stlt9	otelcol_exporter_queue_batch_send_size_sum	589205
1781256451	snap	2200	otelcol	otelcol-sb-esrev0-ctr-stlt9	otelcol_process_runtime_total_alloc_bytes	503559240
1781256451	snap	2200	otelcol	otelcol-sb-esrev0-ctr-stlt9	otelcol_process_cpu_seconds	16
1781256451	snap	2200	otelcol	otelcol-sb-esrev0-ctr-f8wkx	otelcol_receiver_failed_spans	0
1781256451	snap	2200	otelcol	otelcol-sb-esrev0-ctr-f8wkx	otelcol_process_runtime_total_sys_memory_bytes	93604120
1781256451	snap	2200	otelcol	otelcol-sb-esrev0-ctr-f8wkx	otelcol_exporter_queue_size	0
1781256451	snap	2200	otelcol	otelcol-sb-esrev0-ctr-f8wkx	otelcol_process_runtime_total_alloc_bytes	802674632
1781256451	snap	2200	otelcol	otelcol-sb-esrev0-ctr-f8wkx	otelcol_exporter_send_failed_spans	0
1781256451	snap	2200	otelcol	otelcol-sb-esrev0-ctr-f8wkx	otelcol_processor_batch_metadata_cardinality	1
1781256451	snap	2200	otelcol	otelcol-sb-esrev0-ctr-f8wkx	otelcol_exporter_queue_batch_send_size_sum	1189544
1781256451	snap	2200	otelcol	otelcol-sb-esrev0-ctr-f8wkx	otelcol_processor_batch_timeout_trigger_send	1269
1781256451	snap	2200	otelcol	otelcol-sb-esrev0-ctr-f8wkx	otelcol_processor_incoming_items	1189544
1781256451	snap	2200	otelcol	otelcol-sb-esrev0-ctr-f8wkx	otelcol_process_cpu_seconds	22
1781256451	snap	2200	otelcol	otelcol-sb-esrev0-ctr-f8wkx	otelcol_processor_batch_batch_send_size_sum	1189544
1781256451	snap	2200	otelcol	otelcol-sb-esrev0-ctr-f8wkx	otelcol_process_uptime	327
1781256451	snap	2200	otelcol	otelcol-sb-esrev0-ctr-f8wkx	otelcol_process_runtime_heap_alloc_bytes	54073480
1781256451	snap	2200	otelcol	otelcol-sb-esrev0-ctr-f8wkx	otelcol_exporter_sent_spans	1189544
1781256451	snap	2200	otelcol	otelcol-sb-esrev0-ctr-f8wkx	otelcol_receiver_refused_spans	0
1781256451	snap	2200	otelcol	otelcol-sb-esrev0-ctr-f8wkx	otelcol_processor_outgoing_items	1189544
1781256451	snap	2200	otelcol	otelcol-sb-esrev0-ctr-f8wkx	otelcol_receiver_accepted_spans	1189544
1781256451	snap	2200	otelcol	otelcol-sb-esrev0-ctr-f8wkx	otelcol_process_memory_rss	227667968
1781256451	snap	2200	otelcol	otelcol-sb-esrev0-ctr-f8wkx	otelcol_exporter_queue_capacity	1001
1781256451	snap	2200	otelcol	otelcol-sb-esrev0-ctr-r2dsm	otelcol_receiver_refused_spans	0
1781256451	snap	2200	otelcol	otelcol-sb-esrev0-ctr-r2dsm	otelcol_receiver_failed_spans	0
1781256451	snap	2200	otelcol	otelcol-sb-esrev0-ctr-r2dsm	otelcol_processor_outgoing_items	2681488
1781256451	snap	2200	otelcol	otelcol-sb-esrev0-ctr-r2dsm	otelcol_process_uptime	326
1781256451	snap	2200	otelcol	otelcol-sb-esrev0-ctr-r2dsm	otelcol_process_runtime_total_alloc_bytes	1738976144
1781256451	snap	2200	otelcol	otelcol-sb-esrev0-ctr-r2dsm	otelcol_process_memory_rss	237871104
1781256451	snap	2200	otelcol	otelcol-sb-esrev0-ctr-r2dsm	otelcol_exporter_send_failed_spans	0
1781256451	snap	2200	otelcol	otelcol-sb-esrev0-ctr-r2dsm	otelcol_exporter_queue_batch_send_size_sum	2681488
1781256451	snap	2200	otelcol	otelcol-sb-esrev0-ctr-r2dsm	otelcol_receiver_accepted_spans	2681488
1781256451	snap	2200	otelcol	otelcol-sb-esrev0-ctr-r2dsm	otelcol_processor_batch_metadata_cardinality	1
1781256451	snap	2200	otelcol	otelcol-sb-esrev0-ctr-r2dsm	otelcol_processor_batch_timeout_trigger_send	1258
1781256451	snap	2200	otelcol	otelcol-sb-esrev0-ctr-r2dsm	otelcol_processor_batch_batch_send_size_sum	2681488
1781256451	snap	2200	otelcol	otelcol-sb-esrev0-ctr-r2dsm	otelcol_process_cpu_seconds	35
1781256451	snap	2200	otelcol	otelcol-sb-esrev0-ctr-r2dsm	otelcol_exporter_queue_capacity	1001
1781256451	snap	2200	otelcol	otelcol-sb-esrev0-ctr-r2dsm	otelcol_process_runtime_heap_alloc_bytes	49246312
1781256451	snap	2200	otelcol	otelcol-sb-esrev0-ctr-r2dsm	otelcol_exporter_sent_spans	2681488
1781256451	snap	2200	otelcol	otelcol-sb-esrev0-ctr-r2dsm	otelcol_exporter_queue_size	0
1781256451	snap	2200	otelcol	otelcol-sb-esrev0-ctr-r2dsm	otelcol_processor_incoming_items	2681488
1781256451	snap	2200	otelcol	otelcol-sb-esrev0-ctr-r2dsm	otelcol_process_runtime_total_sys_memory_bytes	105449752
1781256451	snap	2200	otelcol	otelcol-sb-esrev0-ctr-knvlf	otelcol_receiver_accepted_spans	328839
1781256451	snap	2200	otelcol	otelcol-sb-esrev0-ctr-knvlf	otelcol_process_runtime_total_sys_memory_bytes	84404504
1781256451	snap	2200	otelcol	otelcol-sb-esrev0-ctr-knvlf	otelcol_process_runtime_heap_alloc_bytes	35648360
1781256451	snap	2200	otelcol	otelcol-sb-esrev0-ctr-knvlf	otelcol_processor_batch_metadata_cardinality	1
1781256451	snap	2200	otelcol	otelcol-sb-esrev0-ctr-knvlf	otelcol_processor_batch_timeout_trigger_send	1257
1781256451	snap	2200	otelcol	otelcol-sb-esrev0-ctr-knvlf	otelcol_processor_batch_batch_send_size_sum	328839
1781256451	snap	2200	otelcol	otelcol-sb-esrev0-ctr-knvlf	otelcol_process_cpu_seconds	13
1781256451	snap	2200	otelcol	otelcol-sb-esrev0-ctr-knvlf	otelcol_exporter_queue_capacity	1001
1781256451	snap	2200	otelcol	otelcol-sb-esrev0-ctr-knvlf	otelcol_exporter_queue_batch_send_size_sum	328839
1781256451	snap	2200	otelcol	otelcol-sb-esrev0-ctr-knvlf	otelcol_receiver_refused_spans	0
1781256451	snap	2200	otelcol	otelcol-sb-esrev0-ctr-knvlf	otelcol_process_memory_rss	220041216
1781256451	snap	2200	otelcol	otelcol-sb-esrev0-ctr-knvlf	otelcol_process_uptime	328
1781256451	snap	2200	otelcol	otelcol-sb-esrev0-ctr-knvlf	otelcol_process_runtime_total_alloc_bytes	336418208
1781256451	snap	2200	otelcol	otelcol-sb-esrev0-ctr-knvlf	otelcol_exporter_sent_spans	328839
1781256451	snap	2200	otelcol	otelcol-sb-esrev0-ctr-knvlf	otelcol_exporter_queue_size	0
1781256451	snap	2200	otelcol	otelcol-sb-esrev0-ctr-knvlf	otelcol_processor_incoming_items	328839
1781256451	snap	2200	otelcol	otelcol-sb-esrev0-ctr-knvlf	otelcol_receiver_failed_spans	0
1781256451	snap	2200	otelcol	otelcol-sb-esrev0-ctr-knvlf	otelcol_processor_outgoing_items	328839
1781256451	snap	2200	otelcol	otelcol-sb-esrev0-ctr-knvlf	otelcol_exporter_send_failed_spans	0
1781256451	snap	2200	otelcol	otelcol-sb-esrev0-ctr-fb877	otelcol_exporter_send_failed_spans	0
1781256451	snap	2200	otelcol	otelcol-sb-esrev0-ctr-fb877	otelcol_process_uptime	328
1781256451	snap	2200	otelcol	otelcol-sb-esrev0-ctr-fb877	otelcol_process_runtime_heap_alloc_bytes	46083128
1781256451	snap	2200	otelcol	otelcol-sb-esrev0-ctr-fb877	otelcol_process_cpu_seconds	12
1781256451	snap	2200	otelcol	otelcol-sb-esrev0-ctr-fb877	otelcol_exporter_queue_capacity	1001
1781256451	snap	2200	otelcol	otelcol-sb-esrev0-ctr-fb877	otelcol_exporter_sent_spans	329968
1781256451	snap	2200	otelcol	otelcol-sb-esrev0-ctr-fb877	otelcol_exporter_queue_batch_send_size_sum	329968
1781256451	snap	2200	otelcol	otelcol-sb-esrev0-ctr-fb877	otelcol_processor_incoming_items	329968
1781256451	snap	2200	otelcol	otelcol-sb-esrev0-ctr-fb877	otelcol_receiver_failed_spans	0
1781256451	snap	2200	otelcol	otelcol-sb-esrev0-ctr-fb877	otelcol_processor_batch_batch_send_size_sum	329968
1781256451	snap	2200	otelcol	otelcol-sb-esrev0-ctr-fb877	otelcol_processor_outgoing_items	329968
1781256451	snap	2200	otelcol	otelcol-sb-esrev0-ctr-fb877	otelcol_processor_batch_metadata_cardinality	1
1781256451	snap	2200	otelcol	otelcol-sb-esrev0-ctr-fb877	otelcol_process_runtime_total_sys_memory_bytes	85174552
1781256451	snap	2200	otelcol	otelcol-sb-esrev0-ctr-fb877	otelcol_exporter_queue_size	0
1781256451	snap	2200	otelcol	otelcol-sb-esrev0-ctr-fb877	otelcol_processor_batch_timeout_trigger_send	1262
1781256451	snap	2200	otelcol	otelcol-sb-esrev0-ctr-fb877	otelcol_receiver_refused_spans	0
1781256451	snap	2200	otelcol	otelcol-sb-esrev0-ctr-fb877	otelcol_receiver_accepted_spans	329968
1781256451	snap	2200	otelcol	otelcol-sb-esrev0-ctr-fb877	otelcol_process_runtime_total_alloc_bytes	356977648
1781256451	snap	2200	otelcol	otelcol-sb-esrev0-ctr-fb877	otelcol_process_memory_rss	220602368
1781256451	snap	2200	otelcol	otelcol-sb-esrev0-ctr-b7q4j	otelcol_processor_batch_timeout_trigger_send	1265
1781256451	snap	2200	otelcol	otelcol-sb-esrev0-ctr-b7q4j	otelcol_exporter_queue_capacity	1001
1781256451	snap	2200	otelcol	otelcol-sb-esrev0-ctr-b7q4j	otelcol_receiver_failed_spans	0
1781256451	snap	2200	otelcol	otelcol-sb-esrev0-ctr-b7q4j	otelcol_processor_batch_batch_send_size_sum	442666
1781256451	snap	2200	otelcol	otelcol-sb-esrev0-ctr-b7q4j	otelcol_exporter_queue_batch_send_size_sum	442666
1781256451	snap	2200	otelcol	otelcol-sb-esrev0-ctr-b7q4j	otelcol_process_runtime_heap_alloc_bytes	41889904
1781256451	snap	2200	otelcol	otelcol-sb-esrev0-ctr-b7q4j	otelcol_process_cpu_seconds	13
1781256451	snap	2200	otelcol	otelcol-sb-esrev0-ctr-b7q4j	otelcol_exporter_send_failed_spans	0
1781256451	snap	2200	otelcol	otelcol-sb-esrev0-ctr-b7q4j	otelcol_process_memory_rss	222461952
1781256451	snap	2200	otelcol	otelcol-sb-esrev0-ctr-b7q4j	otelcol_exporter_sent_spans	442666
1781256451	snap	2200	otelcol	otelcol-sb-esrev0-ctr-b7q4j	otelcol_processor_incoming_items	442666
1781256451	snap	2200	otelcol	otelcol-sb-esrev0-ctr-b7q4j	otelcol_process_uptime	330
1781256451	snap	2200	otelcol	otelcol-sb-esrev0-ctr-b7q4j	otelcol_process_runtime_total_alloc_bytes	399026336
1781256451	snap	2200	otelcol	otelcol-sb-esrev0-ctr-b7q4j	otelcol_receiver_refused_spans	0
1781256451	snap	2200	otelcol	otelcol-sb-esrev0-ctr-b7q4j	otelcol_processor_outgoing_items	442666
1781256451	snap	2200	otelcol	otelcol-sb-esrev0-ctr-b7q4j	otelcol_receiver_accepted_spans	442666
1781256451	snap	2200	otelcol	otelcol-sb-esrev0-ctr-b7q4j	otelcol_processor_batch_metadata_cardinality	1
1781256451	snap	2200	otelcol	otelcol-sb-esrev0-ctr-b7q4j	otelcol_process_runtime_total_sys_memory_bytes	88615192
1781256451	snap	2200	otelcol	otelcol-sb-esrev0-ctr-b7q4j	otelcol_exporter_queue_size	0
1781256451	snap	2200	k8s	otelcol-sb-esrev0-ctr-4qc2z	restart_count	0
1781256451	snap	2200	k8s	otelcol-sb-esrev0-ctr-b7q4j	restart_count	0
1781256451	snap	2200	k8s	otelcol-sb-esrev0-ctr-f8wkx	restart_count	0
1781256451	snap	2200	k8s	otelcol-sb-esrev0-ctr-fb877	restart_count	0
1781256451	snap	2200	k8s	otelcol-sb-esrev0-ctr-knvlf	restart_count	0
1781256451	snap	2200	k8s	otelcol-sb-esrev0-ctr-lbwgk	restart_count	0
1781256451	snap	2200	k8s	otelcol-sb-esrev0-ctr-r2dsm	restart_count	0
1781256451	snap	2200	k8s	otelcol-sb-esrev0-ctr-s4p4v	restart_count	0
1781256451	snap	2200	k8s	otelcol-sb-esrev0-ctr-stlt9	restart_count	0
1781256451	snap	2200	sdk	wrk2api	spans_received	66123
1781256451	snap	2200	sdk	wrk2api	spans_sent	66123
1781256451	snap	2200	sdk	wrk2api	spans_dropped	0
1781256451	snap	2200	sdk	wrk2api	spans_flushed	66123
1781256451	snap	2200	sdk	wrk2api	batches_sent	4830
1781256451	snap	2200	sdk	wrk2api	batches_dropped	0
1781256451	snap	2200	sdk	wrk2api	send_unavailable	0
1781256451	snap	2200	sdk	wrk2api	send_deadline	0
1781256451	snap	2200	sdk	wrk2api	send_exhausted	0
1781256451	snap	2200	sdk	wrk2api	send_canceled	0
1781256451	snap	2200	sdk	wrk2api	send_other	0
1781256451	snap	2200	sdk	wrk2api	buffer_depth	0
0
1781256451	snap	2200	sdk	wrk2api	cp_received	33061
1781256451	snap	2200	sdk	wrk2api	lp_received	33062
1781256451	snap	2200	sdk	wrk2api	cp_sent	33061
1781256451	snap	2200	sdk	wrk2api	lp_sent	33062
1781256451	snap	2200	sdk	wrk2api	cp_dropped	0
1781256451	snap	2200	sdk	wrk2api	lp_dropped	0
1781256451	snap	2200	sdk	composepost	spans_received	2092303
1781256451	snap	2200	sdk	composepost	spans_sent	2092303
1781256451	snap	2200	sdk	composepost	spans_dropped	0
1781256451	snap	2200	sdk	composepost	spans_flushed	2092303
1781256451	snap	2200	sdk	composepost	batches_sent	17555
1781256451	snap	2200	sdk	composepost	batches_dropped	0
1781256451	snap	2200	sdk	composepost	send_unavailable	0
1781256451	snap	2200	sdk	composepost	send_deadline	0
1781256451	snap	2200	sdk	composepost	send_exhausted	0
1781256451	snap	2200	sdk	composepost	send_canceled	0
1781256451	snap	2200	sdk	composepost	send_other	0
1781256451	snap	2200	sdk	composepost	buffer_depth	0
0
1781256451	snap	2200	sdk	composepost	cp_received	0
1781256451	snap	2200	sdk	composepost	lp_received	2092303
1781256451	snap	2200	sdk	composepost	cp_sent	0
1781256451	snap	2200	sdk	composepost	lp_sent	2092303
1781256451	snap	2200	sdk	composepost	cp_dropped	0
1781256451	snap	2200	sdk	composepost	lp_dropped	0
1781256451	snap	2200	sdk	hometimeline	spans_received	523060
1781256451	snap	2200	sdk	hometimeline	spans_sent	523060
1781256451	snap	2200	sdk	hometimeline	spans_dropped	0
1781256451	snap	2200	sdk	hometimeline	spans_flushed	523060
1781256451	snap	2200	sdk	hometimeline	batches_sent	4389
1781256451	snap	2200	sdk	hometimeline	batches_dropped	0
1781256451	snap	2200	sdk	hometimeline	send_unavailable	0
1781256451	snap	2200	sdk	hometimeline	send_deadline	0
1781256451	snap	2200	sdk	hometimeline	send_exhausted	0
1781256451	snap	2200	sdk	hometimeline	send_canceled	0
1781256451	snap	2200	sdk	hometimeline	send_other	0
1781256451	snap	2200	sdk	hometimeline	buffer_depth	0
0
1781256451	snap	2200	sdk	hometimeline	cp_received	261530
1781256451	snap	2200	sdk	hometimeline	lp_received	261530
1781256451	snap	2200	sdk	hometimeline	cp_sent	261530
1781256451	snap	2200	sdk	hometimeline	lp_sent	261530
1781256451	snap	2200	sdk	hometimeline	cp_dropped	0
1781256451	snap	2200	sdk	hometimeline	lp_dropped	0
1781256451	snap	2200	sdk	media	spans_received	261539
1781256451	snap	2200	sdk	media	spans_sent	261539
1781256451	snap	2200	sdk	media	spans_dropped	0
1781256451	snap	2200	sdk	media	spans_flushed	261539
1781256451	snap	2200	sdk	media	batches_sent	2195
1781256451	snap	2200	sdk	media	batches_dropped	0
1781256451	snap	2200	sdk	media	send_unavailable	0
1781256451	snap	2200	sdk	media	send_deadline	0
1781256451	snap	2200	sdk	media	send_exhausted	0
1781256451	snap	2200	sdk	media	send_canceled	0
1781256451	snap	2200	sdk	media	send_other	0
1781256451	snap	2200	sdk	media	buffer_depth	0
0
1781256451	snap	2200	sdk	media	cp_received	261539
1781256451	snap	2200	sdk	media	lp_received	0
1781256451	snap	2200	sdk	media	cp_sent	261539
1781256451	snap	2200	sdk	media	lp_sent	0
1781256451	snap	2200	sdk	media	cp_dropped	0
1781256451	snap	2200	sdk	media	lp_dropped	0
1781256451	snap	2200	sdk	post-storage	spans_received	261530
1781256451	snap	2200	sdk	post-storage	spans_sent	261530
1781256451	snap	2200	sdk	post-storage	spans_dropped	0
1781256451	snap	2200	sdk	post-storage	spans_flushed	261530
1781256451	snap	2200	sdk	post-storage	batches_sent	2193
1781256451	snap	2200	sdk	post-storage	batches_dropped	0
1781256451	snap	2200	sdk	post-storage	send_unavailable	0
1781256451	snap	2200	sdk	post-storage	send_deadline	0
1781256451	snap	2200	sdk	post-storage	send_exhausted	0
1781256451	snap	2200	sdk	post-storage	send_canceled	0
1781256451	snap	2200	sdk	post-storage	send_other	0
1781256451	snap	2200	sdk	post-storage	buffer_depth	0
0
1781256451	snap	2200	sdk	post-storage	cp_received	261530
1781256451	snap	2200	sdk	post-storage	lp_received	0
1781256451	snap	2200	sdk	post-storage	cp_sent	261530
1781256451	snap	2200	sdk	post-storage	lp_sent	0
1781256451	snap	2200	sdk	post-storage	cp_dropped	0
1781256451	snap	2200	sdk	post-storage	lp_dropped	0
1781256451	snap	2200	sdk	socialgraph	spans_received	375364
1781256451	snap	2200	sdk	socialgraph	spans_sent	375364
1781256451	snap	2200	sdk	socialgraph	spans_dropped	0
1781256451	snap	2200	sdk	socialgraph	spans_flushed	375364
1781256451	snap	2200	sdk	socialgraph	batches_sent	2702
1781256451	snap	2200	sdk	socialgraph	batches_dropped	0
1781256451	snap	2200	sdk	socialgraph	send_unavailable	0
1781256451	snap	2200	sdk	socialgraph	send_deadline	0
1781256451	snap	2200	sdk	socialgraph	send_exhausted	0
1781256451	snap	2200	sdk	socialgraph	send_canceled	0
1781256451	snap	2200	sdk	socialgraph	send_other	0
1781256451	snap	2200	sdk	socialgraph	buffer_depth	0
0
1781256451	snap	2200	sdk	socialgraph	cp_received	262492
1781256451	snap	2200	sdk	socialgraph	lp_received	112872
1781256451	snap	2200	sdk	socialgraph	cp_sent	262492
1781256451	snap	2200	sdk	socialgraph	lp_sent	112872
1781256451	snap	2200	sdk	socialgraph	cp_dropped	0
1781256451	snap	2200	sdk	socialgraph	lp_dropped	0
1781256451	snap	2200	sdk	text	spans_received	784635
1781256451	snap	2200	sdk	text	spans_sent	784635
1781256451	snap	2200	sdk	text	spans_dropped	0
1781256451	snap	2200	sdk	text	spans_flushed	784635
1781256451	snap	2200	sdk	text	batches_sent	6585
1781256451	snap	2200	sdk	text	batches_dropped	0
1781256451	snap	2200	sdk	text	send_unavailable	0
1781256451	snap	2200	sdk	text	send_deadline	0
1781256451	snap	2200	sdk	text	send_exhausted	0
1781256451	snap	2200	sdk	text	send_canceled	0
1781256451	snap	2200	sdk	text	send_other	0
1781256451	snap	2200	sdk	text	buffer_depth	0
0
1781256451	snap	2200	sdk	text	cp_received	261539
1781256451	snap	2200	sdk	text	lp_received	523096
1781256451	snap	2200	sdk	text	cp_sent	261539
1781256451	snap	2200	sdk	text	lp_sent	523096
1781256451	snap	2200	sdk	text	cp_dropped	0
1781256451	snap	2200	sdk	text	lp_dropped	0
1781256451	snap	2200	sdk	uniqueid	spans_received	261539
1781256451	snap	2200	sdk	uniqueid	spans_sent	261539
1781256451	snap	2200	sdk	uniqueid	spans_dropped	0
1781256451	snap	2200	sdk	uniqueid	spans_flushed	261539
1781256451	snap	2200	sdk	uniqueid	batches_sent	2194
1781256451	snap	2200	sdk	uniqueid	batches_dropped	0
1781256451	snap	2200	sdk	uniqueid	send_unavailable	0
1781256451	snap	2200	sdk	uniqueid	send_deadline	0
1781256451	snap	2200	sdk	uniqueid	send_exhausted	0
1781256451	snap	2200	sdk	uniqueid	send_canceled	0
1781256451	snap	2200	sdk	uniqueid	send_other	0
1781256451	snap	2200	sdk	uniqueid	buffer_depth	0
0
1781256451	snap	2200	sdk	uniqueid	cp_received	261539
1781256451	snap	2200	sdk	uniqueid	lp_received	0
1781256451	snap	2200	sdk	uniqueid	cp_sent	261539
1781256451	snap	2200	sdk	uniqueid	lp_sent	0
1781256451	snap	2200	sdk	uniqueid	cp_dropped	0
1781256451	snap	2200	sdk	uniqueid	lp_dropped	0
1781256451	snap	2200	sdk	urlshorten	spans_received	261539
1781256451	snap	2200	sdk	urlshorten	spans_sent	261539
1781256451	snap	2200	sdk	urlshorten	spans_dropped	0
1781256451	snap	2200	sdk	urlshorten	spans_flushed	261539
1781256451	snap	2200	sdk	urlshorten	batches_sent	2194
1781256451	snap	2200	sdk	urlshorten	batches_dropped	0
1781256451	snap	2200	sdk	urlshorten	send_unavailable	0
1781256451	snap	2200	sdk	urlshorten	send_deadline	0
1781256451	snap	2200	sdk	urlshorten	send_exhausted	0
1781256451	snap	2200	sdk	urlshorten	send_canceled	0
1781256451	snap	2200	sdk	urlshorten	send_other	0
1781256451	snap	2200	sdk	urlshorten	buffer_depth	0
0
1781256451	snap	2200	sdk	urlshorten	cp_received	261539
1781256451	snap	2200	sdk	urlshorten	lp_received	0
1781256451	snap	2200	sdk	urlshorten	cp_sent	261539
1781256451	snap	2200	sdk	urlshorten	lp_sent	0
1781256451	snap	2200	sdk	urlshorten	cp_dropped	0
1781256451	snap	2200	sdk	urlshorten	lp_dropped	0
1781256451	snap	2200	sdk	user	spans_received	263463
1781256451	snap	2200	sdk	user	spans_sent	263463
1781256451	snap	2200	sdk	user	spans_dropped	0
1781256451	snap	2200	sdk	user	spans_flushed	263463
1781256451	snap	2200	sdk	user	batches_sent	2204
1781256451	snap	2200	sdk	user	batches_dropped	0
1781256451	snap	2200	sdk	user	send_unavailable	0
1781256451	snap	2200	sdk	user	send_deadline	0
1781256451	snap	2200	sdk	user	send_exhausted	0
1781256451	snap	2200	sdk	user	send_canceled	0
1781256451	snap	2200	sdk	user	send_other	0
1781256451	snap	2200	sdk	user	buffer_depth	0
0
1781256451	snap	2200	sdk	user	cp_received	261539
1781256451	snap	2200	sdk	user	lp_received	1924
1781256451	snap	2200	sdk	user	cp_sent	261539
1781256451	snap	2200	sdk	user	lp_sent	1924
1781256451	snap	2200	sdk	user	cp_dropped	0
1781256451	snap	2200	sdk	user	lp_dropped	0
1781256451	snap	2200	sdk	userid	spans_received	75248
1781256451	snap	2200	sdk	userid	spans_sent	75248
1781256451	snap	2200	sdk	userid	spans_dropped	0
1781256451	snap	2200	sdk	userid	spans_flushed	75248
1781256451	snap	2200	sdk	userid	batches_sent	239
1781256451	snap	2200	sdk	userid	batches_dropped	0
1781256451	snap	2200	sdk	userid	send_unavailable	0
1781256451	snap	2200	sdk	userid	send_deadline	0
1781256451	snap	2200	sdk	userid	send_exhausted	0
1781256451	snap	2200	sdk	userid	send_canceled	0
1781256451	snap	2200	sdk	userid	send_other	0
1781256451	snap	2200	sdk	userid	buffer_depth	0
0
1781256451	snap	2200	sdk	userid	cp_received	75248
1781256451	snap	2200	sdk	userid	lp_received	0
1781256451	snap	2200	sdk	userid	cp_sent	75248
1781256451	snap	2200	sdk	userid	lp_sent	0
1781256451	snap	2200	sdk	userid	cp_dropped	0
1781256451	snap	2200	sdk	userid	lp_dropped	0
1781256451	snap	2200	sdk	usermention	spans_received	261539
1781256451	snap	2200	sdk	usermention	spans_sent	261539
1781256451	snap	2200	sdk	usermention	spans_dropped	0
1781256451	snap	2200	sdk	usermention	spans_flushed	261539
1781256451	snap	2200	sdk	usermention	batches_sent	2195
1781256451	snap	2200	sdk	usermention	batches_dropped	0
1781256451	snap	2200	sdk	usermention	send_unavailable	0
1781256451	snap	2200	sdk	usermention	send_deadline	0
1781256451	snap	2200	sdk	usermention	send_exhausted	0
1781256451	snap	2200	sdk	usermention	send_canceled	0
1781256451	snap	2200	sdk	usermention	send_other	0
1781256451	snap	2200	sdk	usermention	buffer_depth	0
0
1781256451	snap	2200	sdk	usermention	cp_received	261539
1781256451	snap	2200	sdk	usermention	lp_received	0
1781256451	snap	2200	sdk	usermention	cp_sent	261539
1781256451	snap	2200	sdk	usermention	lp_sent	0
1781256451	snap	2200	sdk	usermention	cp_dropped	0
1781256451	snap	2200	sdk	usermention	lp_dropped	0
1781256451	snap	2200	sdk	usertimeline	spans_received	261530
1781256451	snap	2200	sdk	usertimeline	spans_sent	261530
1781256451	snap	2200	sdk	usertimeline	spans_dropped	0
1781256451	snap	2200	sdk	usertimeline	spans_flushed	261530
1781256451	snap	2200	sdk	usertimeline	batches_sent	2193
1781256451	snap	2200	sdk	usertimeline	batches_dropped	0
1781256451	snap	2200	sdk	usertimeline	send_unavailable	0
1781256451	snap	2200	sdk	usertimeline	send_deadline	0
1781256451	snap	2200	sdk	usertimeline	send_exhausted	0
1781256451	snap	2200	sdk	usertimeline	send_canceled	0
1781256451	snap	2200	sdk	usertimeline	send_other	0
1781256451	snap	2200	sdk	usertimeline	buffer_depth	0
0
1781256451	snap	2200	sdk	usertimeline	cp_received	261530
1781256451	snap	2200	sdk	usertimeline	lp_received	0
1781256451	snap	2200	sdk	usertimeline	cp_sent	261530
1781256451	snap	2200	sdk	usertimeline	lp_sent	0
1781256451	snap	2200	sdk	usertimeline	cp_dropped	0
1781256451	snap	2200	sdk	usertimeline	lp_dropped	0
1781256459	snap	2400	otelcol	otelcol-sb-esrev0-ctr-s4p4v	otelcol_exporter_queue_size	0
1781256459	snap	2400	otelcol	otelcol-sb-esrev0-ctr-s4p4v	otelcol_process_cpu_seconds	12
1781256459	snap	2400	otelcol	otelcol-sb-esrev0-ctr-s4p4v	otelcol_processor_batch_batch_send_size_sum	328029
1781256459	snap	2400	otelcol	otelcol-sb-esrev0-ctr-s4p4v	otelcol_process_runtime_total_alloc_bytes	341427752
1781256459	snap	2400	otelcol	otelcol-sb-esrev0-ctr-s4p4v	otelcol_exporter_send_failed_spans	0
1781256459	snap	2400	otelcol	otelcol-sb-esrev0-ctr-s4p4v	otelcol_receiver_failed_spans	0
1781256459	snap	2400	otelcol	otelcol-sb-esrev0-ctr-s4p4v	otelcol_processor_outgoing_items	328029
1781256459	snap	2400	otelcol	otelcol-sb-esrev0-ctr-s4p4v	otelcol_receiver_accepted_spans	328029
1781256459	snap	2400	otelcol	otelcol-sb-esrev0-ctr-s4p4v	otelcol_exporter_queue_batch_send_size_sum	328029
1781256459	snap	2400	otelcol	otelcol-sb-esrev0-ctr-s4p4v	otelcol_receiver_refused_spans	0
1781256459	snap	2400	otelcol	otelcol-sb-esrev0-ctr-s4p4v	otelcol_process_uptime	334
1781256459	snap	2400	otelcol	otelcol-sb-esrev0-ctr-s4p4v	otelcol_exporter_sent_spans	328029
1781256459	snap	2400	otelcol	otelcol-sb-esrev0-ctr-s4p4v	otelcol_processor_batch_metadata_cardinality	1
1781256459	snap	2400	otelcol	otelcol-sb-esrev0-ctr-s4p4v	otelcol_processor_batch_timeout_trigger_send	1253
1781256459	snap	2400	otelcol	otelcol-sb-esrev0-ctr-s4p4v	otelcol_process_runtime_heap_alloc_bytes	40002488
1781256459	snap	2400	otelcol	otelcol-sb-esrev0-ctr-s4p4v	otelcol_processor_incoming_items	328029
1781256459	snap	2400	otelcol	otelcol-sb-esrev0-ctr-s4p4v	otelcol_process_runtime_total_sys_memory_bytes	88549656
1781256459	snap	2400	otelcol	otelcol-sb-esrev0-ctr-s4p4v	otelcol_process_memory_rss	220479488
1781256459	snap	2400	otelcol	otelcol-sb-esrev0-ctr-s4p4v	otelcol_exporter_queue_capacity	1001
1781256459	snap	2400	otelcol	otelcol-sb-esrev0-ctr-lbwgk	otelcol_receiver_refused_spans	0
1781256459	snap	2400	otelcol	otelcol-sb-esrev0-ctr-lbwgk	otelcol_process_uptime	334
1781256459	snap	2400	otelcol	otelcol-sb-esrev0-ctr-lbwgk	otelcol_exporter_queue_size	0
1781256459	snap	2400	otelcol	otelcol-sb-esrev0-ctr-lbwgk	otelcol_exporter_queue_batch_send_size_sum	66123
1781256459	snap	2400	otelcol	otelcol-sb-esrev0-ctr-lbwgk	otelcol_processor_outgoing_items	66123
1781256459	snap	2400	otelcol	otelcol-sb-esrev0-ctr-lbwgk	otelcol_process_runtime_total_alloc_bytes	163050008
1781256459	snap	2400	otelcol	otelcol-sb-esrev0-ctr-lbwgk	otelcol_processor_batch_batch_send_size_sum	66123
1781256459	snap	2400	otelcol	otelcol-sb-esrev0-ctr-lbwgk	otelcol_exporter_send_failed_spans	0
1781256459	snap	2400	otelcol	otelcol-sb-esrev0-ctr-lbwgk	otelcol_processor_batch_metadata_cardinality	1
1781256459	snap	2400	otelcol	otelcol-sb-esrev0-ctr-lbwgk	otelcol_process_memory_rss	208711680
1781256459	snap	2400	otelcol	otelcol-sb-esrev0-ctr-lbwgk	otelcol_receiver_accepted_spans	66123
1781256459	snap	2400	otelcol	otelcol-sb-esrev0-ctr-lbwgk	otelcol_processor_batch_timeout_trigger_send	1254
1781256459	snap	2400	otelcol	otelcol-sb-esrev0-ctr-lbwgk	otelcol_process_runtime_heap_alloc_bytes	38034888
1781256459	snap	2400	otelcol	otelcol-sb-esrev0-ctr-lbwgk	otelcol_process_cpu_seconds	12
1781256459	snap	2400	otelcol	otelcol-sb-esrev0-ctr-lbwgk	otelcol_processor_incoming_items	66123
1781256459	snap	2400	otelcol	otelcol-sb-esrev0-ctr-lbwgk	otelcol_process_runtime_total_sys_memory_bytes	75270424
1781256459	snap	2400	otelcol	otelcol-sb-esrev0-ctr-lbwgk	otelcol_exporter_sent_spans	66123
1781256459	snap	2400	otelcol	otelcol-sb-esrev0-ctr-lbwgk	otelcol_exporter_queue_capacity	1001
1781256459	snap	2400	otelcol	otelcol-sb-esrev0-ctr-lbwgk	otelcol_receiver_failed_spans	0
1781256459	snap	2400	otelcol	otelcol-sb-esrev0-ctr-4qc2z	otelcol_receiver_failed_spans	0
1781256459	snap	2400	otelcol	otelcol-sb-esrev0-ctr-4qc2z	otelcol_process_cpu_seconds	12
1781256459	snap	2400	otelcol	otelcol-sb-esrev0-ctr-4qc2z	otelcol_receiver_refused_spans	0
1781256459	snap	2400	otelcol	otelcol-sb-esrev0-ctr-4qc2z	otelcol_process_runtime_heap_alloc_bytes	40386728
1781256459	snap	2400	otelcol	otelcol-sb-esrev0-ctr-4qc2z	otelcol_process_memory_rss	219029504
1781256459	snap	2400	otelcol	otelcol-sb-esrev0-ctr-4qc2z	otelcol_exporter_send_failed_spans	0
1781256459	snap	2400	otelcol	otelcol-sb-esrev0-ctr-4qc2z	otelcol_process_runtime_total_alloc_bytes	335212792
1781256459	snap	2400	otelcol	otelcol-sb-esrev0-ctr-4qc2z	otelcol_processor_batch_metadata_cardinality	1
1781256459	snap	2400	otelcol	otelcol-sb-esrev0-ctr-4qc2z	otelcol_processor_incoming_items	327668
1781256459	snap	2400	otelcol	otelcol-sb-esrev0-ctr-4qc2z	otelcol_processor_batch_timeout_trigger_send	1258
1781256459	snap	2400	otelcol	otelcol-sb-esrev0-ctr-4qc2z	otelcol_processor_batch_batch_send_size_sum	327668
1781256459	snap	2400	otelcol	otelcol-sb-esrev0-ctr-4qc2z	otelcol_process_runtime_total_sys_memory_bytes	84945176
1781256459	snap	2400	otelcol	otelcol-sb-esrev0-ctr-4qc2z	otelcol_exporter_sent_spans	327668
1781256459	snap	2400	otelcol	otelcol-sb-esrev0-ctr-4qc2z	otelcol_receiver_accepted_spans	327668
1781256459	snap	2400	otelcol	otelcol-sb-esrev0-ctr-4qc2z	otelcol_processor_outgoing_items	327668
1781256459	snap	2400	otelcol	otelcol-sb-esrev0-ctr-4qc2z	otelcol_exporter_queue_size	0
1781256459	snap	2400	otelcol	otelcol-sb-esrev0-ctr-4qc2z	otelcol_exporter_queue_batch_send_size_sum	327668
1781256459	snap	2400	otelcol	otelcol-sb-esrev0-ctr-4qc2z	otelcol_process_uptime	335
1781256459	snap	2400	otelcol	otelcol-sb-esrev0-ctr-4qc2z	otelcol_exporter_queue_capacity	1001
1781256459	snap	2400	otelcol	otelcol-sb-esrev0-ctr-stlt9	otelcol_processor_incoming_items	589205
1781256459	snap	2400	otelcol	otelcol-sb-esrev0-ctr-stlt9	otelcol_receiver_accepted_spans	589205
1781256459	snap	2400	otelcol	otelcol-sb-esrev0-ctr-stlt9	otelcol_processor_outgoing_items	589205
1781256459	snap	2400	otelcol	otelcol-sb-esrev0-ctr-stlt9	otelcol_processor_batch_metadata_cardinality	1
1781256459	snap	2400	otelcol	otelcol-sb-esrev0-ctr-stlt9	otelcol_processor_batch_timeout_trigger_send	1258
1781256459	snap	2400	otelcol	otelcol-sb-esrev0-ctr-stlt9	otelcol_processor_batch_batch_send_size_sum	589205
1781256459	snap	2400	otelcol	otelcol-sb-esrev0-ctr-stlt9	otelcol_process_memory_rss	221409280
1781256459	snap	2400	otelcol	otelcol-sb-esrev0-ctr-stlt9	otelcol_exporter_queue_capacity	1001
1781256459	snap	2400	otelcol	otelcol-sb-esrev0-ctr-stlt9	otelcol_exporter_sent_spans	589205
1781256459	snap	2400	otelcol	otelcol-sb-esrev0-ctr-stlt9	otelcol_process_runtime_total_sys_memory_bytes	88336664
1781256459	snap	2400	otelcol	otelcol-sb-esrev0-ctr-stlt9	otelcol_exporter_queue_size	0
1781256459	snap	2400	otelcol	otelcol-sb-esrev0-ctr-stlt9	otelcol_receiver_refused_spans	0
1781256459	snap	2400	otelcol	otelcol-sb-esrev0-ctr-stlt9	otelcol_receiver_failed_spans	0
1781256459	snap	2400	otelcol	otelcol-sb-esrev0-ctr-stlt9	otelcol_process_uptime	335
1781256459	snap	2400	otelcol	otelcol-sb-esrev0-ctr-stlt9	otelcol_process_runtime_heap_alloc_bytes	30240560
1781256459	snap	2400	otelcol	otelcol-sb-esrev0-ctr-stlt9	otelcol_exporter_send_failed_spans	0
1781256459	snap	2400	otelcol	otelcol-sb-esrev0-ctr-stlt9	otelcol_exporter_queue_batch_send_size_sum	589205
1781256459	snap	2400	otelcol	otelcol-sb-esrev0-ctr-stlt9	otelcol_process_runtime_total_alloc_bytes	504141120
1781256459	snap	2400	otelcol	otelcol-sb-esrev0-ctr-stlt9	otelcol_process_cpu_seconds	16
1781256459	snap	2400	otelcol	otelcol-sb-esrev0-ctr-f8wkx	otelcol_receiver_failed_spans	0
1781256459	snap	2400	otelcol	otelcol-sb-esrev0-ctr-f8wkx	otelcol_process_runtime_total_sys_memory_bytes	93604120
1781256459	snap	2400	otelcol	otelcol-sb-esrev0-ctr-f8wkx	otelcol_exporter_queue_size	0
1781256459	snap	2400	otelcol	otelcol-sb-esrev0-ctr-f8wkx	otelcol_process_runtime_total_alloc_bytes	803257528
1781256459	snap	2400	otelcol	otelcol-sb-esrev0-ctr-f8wkx	otelcol_exporter_send_failed_spans	0
1781256459	snap	2400	otelcol	otelcol-sb-esrev0-ctr-f8wkx	otelcol_processor_batch_metadata_cardinality	1
1781256459	snap	2400	otelcol	otelcol-sb-esrev0-ctr-f8wkx	otelcol_exporter_queue_batch_send_size_sum	1189544
1781256459	snap	2400	otelcol	otelcol-sb-esrev0-ctr-f8wkx	otelcol_processor_batch_timeout_trigger_send	1269
1781256459	snap	2400	otelcol	otelcol-sb-esrev0-ctr-f8wkx	otelcol_processor_incoming_items	1189544
1781256459	snap	2400	otelcol	otelcol-sb-esrev0-ctr-f8wkx	otelcol_process_cpu_seconds	22
1781256459	snap	2400	otelcol	otelcol-sb-esrev0-ctr-f8wkx	otelcol_processor_batch_batch_send_size_sum	1189544
1781256459	snap	2400	otelcol	otelcol-sb-esrev0-ctr-f8wkx	otelcol_process_uptime	334
1781256459	snap	2400	otelcol	otelcol-sb-esrev0-ctr-f8wkx	otelcol_process_runtime_heap_alloc_bytes	54656376
1781256459	snap	2400	otelcol	otelcol-sb-esrev0-ctr-f8wkx	otelcol_exporter_sent_spans	1189544
1781256459	snap	2400	otelcol	otelcol-sb-esrev0-ctr-f8wkx	otelcol_receiver_refused_spans	0
1781256459	snap	2400	otelcol	otelcol-sb-esrev0-ctr-f8wkx	otelcol_processor_outgoing_items	1189544
1781256459	snap	2400	otelcol	otelcol-sb-esrev0-ctr-f8wkx	otelcol_receiver_accepted_spans	1189544
1781256459	snap	2400	otelcol	otelcol-sb-esrev0-ctr-f8wkx	otelcol_process_memory_rss	227667968
1781256459	snap	2400	otelcol	otelcol-sb-esrev0-ctr-f8wkx	otelcol_exporter_queue_capacity	1001
1781256459	snap	2400	otelcol	otelcol-sb-esrev0-ctr-r2dsm	otelcol_receiver_refused_spans	0
1781256459	snap	2400	otelcol	otelcol-sb-esrev0-ctr-r2dsm	otelcol_receiver_failed_spans	0
1781256459	snap	2400	otelcol	otelcol-sb-esrev0-ctr-r2dsm	otelcol_processor_outgoing_items	2681488
1781256459	snap	2400	otelcol	otelcol-sb-esrev0-ctr-r2dsm	otelcol_process_uptime	334
1781256459	snap	2400	otelcol	otelcol-sb-esrev0-ctr-r2dsm	otelcol_process_runtime_total_alloc_bytes	1739555104
1781256459	snap	2400	otelcol	otelcol-sb-esrev0-ctr-r2dsm	otelcol_process_memory_rss	237871104
1781256459	snap	2400	otelcol	otelcol-sb-esrev0-ctr-r2dsm	otelcol_exporter_send_failed_spans	0
1781256459	snap	2400	otelcol	otelcol-sb-esrev0-ctr-r2dsm	otelcol_exporter_queue_batch_send_size_sum	2681488
1781256459	snap	2400	otelcol	otelcol-sb-esrev0-ctr-r2dsm	otelcol_receiver_accepted_spans	2681488
1781256459	snap	2400	otelcol	otelcol-sb-esrev0-ctr-r2dsm	otelcol_processor_batch_metadata_cardinality	1
1781256459	snap	2400	otelcol	otelcol-sb-esrev0-ctr-r2dsm	otelcol_processor_batch_timeout_trigger_send	1258
1781256459	snap	2400	otelcol	otelcol-sb-esrev0-ctr-r2dsm	otelcol_processor_batch_batch_send_size_sum	2681488
1781256459	snap	2400	otelcol	otelcol-sb-esrev0-ctr-r2dsm	otelcol_process_cpu_seconds	35
1781256459	snap	2400	otelcol	otelcol-sb-esrev0-ctr-r2dsm	otelcol_exporter_queue_capacity	1001
1781256459	snap	2400	otelcol	otelcol-sb-esrev0-ctr-r2dsm	otelcol_process_runtime_heap_alloc_bytes	49825272
1781256459	snap	2400	otelcol	otelcol-sb-esrev0-ctr-r2dsm	otelcol_exporter_sent_spans	2681488
1781256459	snap	2400	otelcol	otelcol-sb-esrev0-ctr-r2dsm	otelcol_exporter_queue_size	0
1781256459	snap	2400	otelcol	otelcol-sb-esrev0-ctr-r2dsm	otelcol_processor_incoming_items	2681488
1781256459	snap	2400	otelcol	otelcol-sb-esrev0-ctr-r2dsm	otelcol_process_runtime_total_sys_memory_bytes	105449752
1781256459	snap	2400	otelcol	otelcol-sb-esrev0-ctr-knvlf	otelcol_receiver_accepted_spans	328839
1781256459	snap	2400	otelcol	otelcol-sb-esrev0-ctr-knvlf	otelcol_process_runtime_total_sys_memory_bytes	84404504
1781256459	snap	2400	otelcol	otelcol-sb-esrev0-ctr-knvlf	otelcol_process_runtime_heap_alloc_bytes	36228816
1781256459	snap	2400	otelcol	otelcol-sb-esrev0-ctr-knvlf	otelcol_processor_batch_metadata_cardinality	1
1781256459	snap	2400	otelcol	otelcol-sb-esrev0-ctr-knvlf	otelcol_processor_batch_timeout_trigger_send	1257
1781256459	snap	2400	otelcol	otelcol-sb-esrev0-ctr-knvlf	otelcol_processor_batch_batch_send_size_sum	328839
1781256459	snap	2400	otelcol	otelcol-sb-esrev0-ctr-knvlf	otelcol_process_cpu_seconds	13
1781256459	snap	2400	otelcol	otelcol-sb-esrev0-ctr-knvlf	otelcol_exporter_queue_capacity	1001
1781256459	snap	2400	otelcol	otelcol-sb-esrev0-ctr-knvlf	otelcol_exporter_queue_batch_send_size_sum	328839
1781256459	snap	2400	otelcol	otelcol-sb-esrev0-ctr-knvlf	otelcol_receiver_refused_spans	0
1781256459	snap	2400	otelcol	otelcol-sb-esrev0-ctr-knvlf	otelcol_process_memory_rss	220041216
1781256459	snap	2400	otelcol	otelcol-sb-esrev0-ctr-knvlf	otelcol_process_uptime	335
1781256459	snap	2400	otelcol	otelcol-sb-esrev0-ctr-knvlf	otelcol_process_runtime_total_alloc_bytes	336998664
1781256459	snap	2400	otelcol	otelcol-sb-esrev0-ctr-knvlf	otelcol_exporter_sent_spans	328839
1781256459	snap	2400	otelcol	otelcol-sb-esrev0-ctr-knvlf	otelcol_exporter_queue_size	0
1781256459	snap	2400	otelcol	otelcol-sb-esrev0-ctr-knvlf	otelcol_processor_incoming_items	328839
1781256459	snap	2400	otelcol	otelcol-sb-esrev0-ctr-knvlf	otelcol_receiver_failed_spans	0
1781256459	snap	2400	otelcol	otelcol-sb-esrev0-ctr-knvlf	otelcol_processor_outgoing_items	328839
1781256459	snap	2400	otelcol	otelcol-sb-esrev0-ctr-knvlf	otelcol_exporter_send_failed_spans	0
1781256459	snap	2400	otelcol	otelcol-sb-esrev0-ctr-fb877	otelcol_exporter_send_failed_spans	0
1781256459	snap	2400	otelcol	otelcol-sb-esrev0-ctr-fb877	otelcol_process_uptime	335
1781256459	snap	2400	otelcol	otelcol-sb-esrev0-ctr-fb877	otelcol_process_runtime_heap_alloc_bytes	46653288
1781256459	snap	2400	otelcol	otelcol-sb-esrev0-ctr-fb877	otelcol_process_cpu_seconds	12
1781256459	snap	2400	otelcol	otelcol-sb-esrev0-ctr-fb877	otelcol_exporter_queue_capacity	1001
1781256459	snap	2400	otelcol	otelcol-sb-esrev0-ctr-fb877	otelcol_exporter_sent_spans	329968
1781256459	snap	2400	otelcol	otelcol-sb-esrev0-ctr-fb877	otelcol_exporter_queue_batch_send_size_sum	329968
1781256459	snap	2400	otelcol	otelcol-sb-esrev0-ctr-fb877	otelcol_processor_incoming_items	329968
1781256459	snap	2400	otelcol	otelcol-sb-esrev0-ctr-fb877	otelcol_receiver_failed_spans	0
1781256459	snap	2400	otelcol	otelcol-sb-esrev0-ctr-fb877	otelcol_processor_batch_batch_send_size_sum	329968
1781256459	snap	2400	otelcol	otelcol-sb-esrev0-ctr-fb877	otelcol_processor_outgoing_items	329968
1781256459	snap	2400	otelcol	otelcol-sb-esrev0-ctr-fb877	otelcol_processor_batch_metadata_cardinality	1
1781256459	snap	2400	otelcol	otelcol-sb-esrev0-ctr-fb877	otelcol_process_runtime_total_sys_memory_bytes	85174552
1781256459	snap	2400	otelcol	otelcol-sb-esrev0-ctr-fb877	otelcol_exporter_queue_size	0
1781256459	snap	2400	otelcol	otelcol-sb-esrev0-ctr-fb877	otelcol_processor_batch_timeout_trigger_send	1262
1781256459	snap	2400	otelcol	otelcol-sb-esrev0-ctr-fb877	otelcol_receiver_refused_spans	0
1781256459	snap	2400	otelcol	otelcol-sb-esrev0-ctr-fb877	otelcol_receiver_accepted_spans	329968
1781256459	snap	2400	otelcol	otelcol-sb-esrev0-ctr-fb877	otelcol_process_runtime_total_alloc_bytes	357547808
1781256459	snap	2400	otelcol	otelcol-sb-esrev0-ctr-fb877	otelcol_process_memory_rss	220782592
1781256459	snap	2400	otelcol	otelcol-sb-esrev0-ctr-b7q4j	otelcol_processor_batch_timeout_trigger_send	1265
1781256459	snap	2400	otelcol	otelcol-sb-esrev0-ctr-b7q4j	otelcol_exporter_queue_capacity	1001
1781256459	snap	2400	otelcol	otelcol-sb-esrev0-ctr-b7q4j	otelcol_receiver_failed_spans	0
1781256459	snap	2400	otelcol	otelcol-sb-esrev0-ctr-b7q4j	otelcol_processor_batch_batch_send_size_sum	442666
1781256459	snap	2400	otelcol	otelcol-sb-esrev0-ctr-b7q4j	otelcol_exporter_queue_batch_send_size_sum	442666
1781256459	snap	2400	otelcol	otelcol-sb-esrev0-ctr-b7q4j	otelcol_process_runtime_heap_alloc_bytes	42457240
1781256459	snap	2400	otelcol	otelcol-sb-esrev0-ctr-b7q4j	otelcol_process_cpu_seconds	13
1781256459	snap	2400	otelcol	otelcol-sb-esrev0-ctr-b7q4j	otelcol_exporter_send_failed_spans	0
1781256459	snap	2400	otelcol	otelcol-sb-esrev0-ctr-b7q4j	otelcol_process_memory_rss	222461952
1781256459	snap	2400	otelcol	otelcol-sb-esrev0-ctr-b7q4j	otelcol_exporter_sent_spans	442666
1781256459	snap	2400	otelcol	otelcol-sb-esrev0-ctr-b7q4j	otelcol_processor_incoming_items	442666
1781256459	snap	2400	otelcol	otelcol-sb-esrev0-ctr-b7q4j	otelcol_process_uptime	337
1781256459	snap	2400	otelcol	otelcol-sb-esrev0-ctr-b7q4j	otelcol_process_runtime_total_alloc_bytes	399593672
1781256459	snap	2400	otelcol	otelcol-sb-esrev0-ctr-b7q4j	otelcol_receiver_refused_spans	0
1781256459	snap	2400	otelcol	otelcol-sb-esrev0-ctr-b7q4j	otelcol_processor_outgoing_items	442666
1781256459	snap	2400	otelcol	otelcol-sb-esrev0-ctr-b7q4j	otelcol_receiver_accepted_spans	442666
1781256459	snap	2400	otelcol	otelcol-sb-esrev0-ctr-b7q4j	otelcol_processor_batch_metadata_cardinality	1
1781256459	snap	2400	otelcol	otelcol-sb-esrev0-ctr-b7q4j	otelcol_process_runtime_total_sys_memory_bytes	88615192
1781256459	snap	2400	otelcol	otelcol-sb-esrev0-ctr-b7q4j	otelcol_exporter_queue_size	0
1781256459	snap	2400	k8s	otelcol-sb-esrev0-ctr-4qc2z	restart_count	0
1781256459	snap	2400	k8s	otelcol-sb-esrev0-ctr-b7q4j	restart_count	0
1781256459	snap	2400	k8s	otelcol-sb-esrev0-ctr-f8wkx	restart_count	0
1781256459	snap	2400	k8s	otelcol-sb-esrev0-ctr-fb877	restart_count	0
1781256459	snap	2400	k8s	otelcol-sb-esrev0-ctr-knvlf	restart_count	0
1781256459	snap	2400	k8s	otelcol-sb-esrev0-ctr-lbwgk	restart_count	0
1781256459	snap	2400	k8s	otelcol-sb-esrev0-ctr-r2dsm	restart_count	0
1781256459	snap	2400	k8s	otelcol-sb-esrev0-ctr-s4p4v	restart_count	0
1781256459	snap	2400	k8s	otelcol-sb-esrev0-ctr-stlt9	restart_count	0
1781256459	snap	2400	sdk	wrk2api	spans_received	66123
1781256459	snap	2400	sdk	wrk2api	spans_sent	66123
1781256459	snap	2400	sdk	wrk2api	spans_dropped	0
1781256459	snap	2400	sdk	wrk2api	spans_flushed	66123
1781256459	snap	2400	sdk	wrk2api	batches_sent	4830
1781256459	snap	2400	sdk	wrk2api	batches_dropped	0
1781256459	snap	2400	sdk	wrk2api	send_unavailable	0
1781256459	snap	2400	sdk	wrk2api	send_deadline	0
1781256459	snap	2400	sdk	wrk2api	send_exhausted	0
1781256459	snap	2400	sdk	wrk2api	send_canceled	0
1781256459	snap	2400	sdk	wrk2api	send_other	0
1781256459	snap	2400	sdk	wrk2api	buffer_depth	0
0
1781256459	snap	2400	sdk	wrk2api	cp_received	33061
1781256459	snap	2400	sdk	wrk2api	lp_received	33062
1781256459	snap	2400	sdk	wrk2api	cp_sent	33061
1781256459	snap	2400	sdk	wrk2api	lp_sent	33062
1781256459	snap	2400	sdk	wrk2api	cp_dropped	0
1781256459	snap	2400	sdk	wrk2api	lp_dropped	0
1781256459	snap	2400	sdk	composepost	spans_received	2092303
1781256459	snap	2400	sdk	composepost	spans_sent	2092303
1781256459	snap	2400	sdk	composepost	spans_dropped	0
1781256459	snap	2400	sdk	composepost	spans_flushed	2092303
1781256459	snap	2400	sdk	composepost	batches_sent	17555
1781256459	snap	2400	sdk	composepost	batches_dropped	0
1781256459	snap	2400	sdk	composepost	send_unavailable	0
1781256459	snap	2400	sdk	composepost	send_deadline	0
1781256459	snap	2400	sdk	composepost	send_exhausted	0
1781256459	snap	2400	sdk	composepost	send_canceled	0
1781256459	snap	2400	sdk	composepost	send_other	0
1781256459	snap	2400	sdk	composepost	buffer_depth	0
0
1781256459	snap	2400	sdk	composepost	cp_received	0
1781256459	snap	2400	sdk	composepost	lp_received	2092303
1781256459	snap	2400	sdk	composepost	cp_sent	0
1781256459	snap	2400	sdk	composepost	lp_sent	2092303
1781256459	snap	2400	sdk	composepost	cp_dropped	0
1781256459	snap	2400	sdk	composepost	lp_dropped	0
1781256459	snap	2400	sdk	hometimeline	spans_received	523060
1781256459	snap	2400	sdk	hometimeline	spans_sent	523060
1781256459	snap	2400	sdk	hometimeline	spans_dropped	0
1781256459	snap	2400	sdk	hometimeline	spans_flushed	523060
1781256459	snap	2400	sdk	hometimeline	batches_sent	4389
1781256459	snap	2400	sdk	hometimeline	batches_dropped	0
1781256459	snap	2400	sdk	hometimeline	send_unavailable	0
1781256459	snap	2400	sdk	hometimeline	send_deadline	0
1781256459	snap	2400	sdk	hometimeline	send_exhausted	0
1781256459	snap	2400	sdk	hometimeline	send_canceled	0
1781256459	snap	2400	sdk	hometimeline	send_other	0
1781256459	snap	2400	sdk	hometimeline	buffer_depth	0
0
1781256459	snap	2400	sdk	hometimeline	cp_received	261530
1781256459	snap	2400	sdk	hometimeline	lp_received	261530
1781256459	snap	2400	sdk	hometimeline	cp_sent	261530
1781256459	snap	2400	sdk	hometimeline	lp_sent	261530
1781256459	snap	2400	sdk	hometimeline	cp_dropped	0
1781256459	snap	2400	sdk	hometimeline	lp_dropped	0
1781256459	snap	2400	sdk	media	spans_received	261539
1781256459	snap	2400	sdk	media	spans_sent	261539
1781256459	snap	2400	sdk	media	spans_dropped	0
1781256459	snap	2400	sdk	media	spans_flushed	261539
1781256459	snap	2400	sdk	media	batches_sent	2195
1781256459	snap	2400	sdk	media	batches_dropped	0
1781256459	snap	2400	sdk	media	send_unavailable	0
1781256459	snap	2400	sdk	media	send_deadline	0
1781256459	snap	2400	sdk	media	send_exhausted	0
1781256459	snap	2400	sdk	media	send_canceled	0
1781256459	snap	2400	sdk	media	send_other	0
1781256459	snap	2400	sdk	media	buffer_depth	0
0
1781256459	snap	2400	sdk	media	cp_received	261539
1781256459	snap	2400	sdk	media	lp_received	0
1781256459	snap	2400	sdk	media	cp_sent	261539
1781256459	snap	2400	sdk	media	lp_sent	0
1781256459	snap	2400	sdk	media	cp_dropped	0
1781256459	snap	2400	sdk	media	lp_dropped	0
1781256459	snap	2400	sdk	post-storage	spans_received	261530
1781256459	snap	2400	sdk	post-storage	spans_sent	261530
1781256459	snap	2400	sdk	post-storage	spans_dropped	0
1781256459	snap	2400	sdk	post-storage	spans_flushed	261530
1781256459	snap	2400	sdk	post-storage	batches_sent	2193
1781256459	snap	2400	sdk	post-storage	batches_dropped	0
1781256459	snap	2400	sdk	post-storage	send_unavailable	0
1781256459	snap	2400	sdk	post-storage	send_deadline	0
1781256459	snap	2400	sdk	post-storage	send_exhausted	0
1781256459	snap	2400	sdk	post-storage	send_canceled	0
1781256459	snap	2400	sdk	post-storage	send_other	0
1781256459	snap	2400	sdk	post-storage	buffer_depth	0
0
1781256459	snap	2400	sdk	post-storage	cp_received	261530
1781256459	snap	2400	sdk	post-storage	lp_received	0
1781256459	snap	2400	sdk	post-storage	cp_sent	261530
1781256459	snap	2400	sdk	post-storage	lp_sent	0
1781256459	snap	2400	sdk	post-storage	cp_dropped	0
1781256459	snap	2400	sdk	post-storage	lp_dropped	0
1781256459	snap	2400	sdk	socialgraph	spans_received	375364
1781256459	snap	2400	sdk	socialgraph	spans_sent	375364
1781256459	snap	2400	sdk	socialgraph	spans_dropped	0
1781256459	snap	2400	sdk	socialgraph	spans_flushed	375364
1781256459	snap	2400	sdk	socialgraph	batches_sent	2702
1781256459	snap	2400	sdk	socialgraph	batches_dropped	0
1781256459	snap	2400	sdk	socialgraph	send_unavailable	0
1781256459	snap	2400	sdk	socialgraph	send_deadline	0
1781256459	snap	2400	sdk	socialgraph	send_exhausted	0
1781256459	snap	2400	sdk	socialgraph	send_canceled	0
1781256459	snap	2400	sdk	socialgraph	send_other	0
1781256459	snap	2400	sdk	socialgraph	buffer_depth	0
0
1781256459	snap	2400	sdk	socialgraph	cp_received	262492
1781256459	snap	2400	sdk	socialgraph	lp_received	112872
1781256459	snap	2400	sdk	socialgraph	cp_sent	262492
1781256459	snap	2400	sdk	socialgraph	lp_sent	112872
1781256459	snap	2400	sdk	socialgraph	cp_dropped	0
1781256459	snap	2400	sdk	socialgraph	lp_dropped	0
1781256459	snap	2400	sdk	text	spans_received	784635
1781256459	snap	2400	sdk	text	spans_sent	784635
1781256459	snap	2400	sdk	text	spans_dropped	0
1781256459	snap	2400	sdk	text	spans_flushed	784635
1781256459	snap	2400	sdk	text	batches_sent	6585
1781256459	snap	2400	sdk	text	batches_dropped	0
1781256459	snap	2400	sdk	text	send_unavailable	0
1781256459	snap	2400	sdk	text	send_deadline	0
1781256459	snap	2400	sdk	text	send_exhausted	0
1781256459	snap	2400	sdk	text	send_canceled	0
1781256459	snap	2400	sdk	text	send_other	0
1781256459	snap	2400	sdk	text	buffer_depth	0
0
1781256459	snap	2400	sdk	text	cp_received	261539
1781256459	snap	2400	sdk	text	lp_received	523096
1781256459	snap	2400	sdk	text	cp_sent	261539
1781256459	snap	2400	sdk	text	lp_sent	523096
1781256459	snap	2400	sdk	text	cp_dropped	0
1781256459	snap	2400	sdk	text	lp_dropped	0
1781256459	snap	2400	sdk	uniqueid	spans_received	261539
1781256459	snap	2400	sdk	uniqueid	spans_sent	261539
1781256459	snap	2400	sdk	uniqueid	spans_dropped	0
1781256459	snap	2400	sdk	uniqueid	spans_flushed	261539
1781256459	snap	2400	sdk	uniqueid	batches_sent	2194
1781256459	snap	2400	sdk	uniqueid	batches_dropped	0
1781256459	snap	2400	sdk	uniqueid	send_unavailable	0
1781256459	snap	2400	sdk	uniqueid	send_deadline	0
1781256459	snap	2400	sdk	uniqueid	send_exhausted	0
1781256459	snap	2400	sdk	uniqueid	send_canceled	0
1781256459	snap	2400	sdk	uniqueid	send_other	0
1781256459	snap	2400	sdk	uniqueid	buffer_depth	0
0
1781256459	snap	2400	sdk	uniqueid	cp_received	261539
1781256459	snap	2400	sdk	uniqueid	lp_received	0
1781256459	snap	2400	sdk	uniqueid	cp_sent	261539
1781256459	snap	2400	sdk	uniqueid	lp_sent	0
1781256459	snap	2400	sdk	uniqueid	cp_dropped	0
1781256459	snap	2400	sdk	uniqueid	lp_dropped	0
1781256459	snap	2400	sdk	urlshorten	spans_received	261539
1781256459	snap	2400	sdk	urlshorten	spans_sent	261539
1781256459	snap	2400	sdk	urlshorten	spans_dropped	0
1781256459	snap	2400	sdk	urlshorten	spans_flushed	261539
1781256459	snap	2400	sdk	urlshorten	batches_sent	2194
1781256459	snap	2400	sdk	urlshorten	batches_dropped	0
1781256459	snap	2400	sdk	urlshorten	send_unavailable	0
1781256459	snap	2400	sdk	urlshorten	send_deadline	0
1781256459	snap	2400	sdk	urlshorten	send_exhausted	0
1781256459	snap	2400	sdk	urlshorten	send_canceled	0
1781256459	snap	2400	sdk	urlshorten	send_other	0
1781256459	snap	2400	sdk	urlshorten	buffer_depth	0
0
1781256459	snap	2400	sdk	urlshorten	cp_received	261539
1781256459	snap	2400	sdk	urlshorten	lp_received	0
1781256459	snap	2400	sdk	urlshorten	cp_sent	261539
1781256459	snap	2400	sdk	urlshorten	lp_sent	0
1781256459	snap	2400	sdk	urlshorten	cp_dropped	0
1781256459	snap	2400	sdk	urlshorten	lp_dropped	0
1781256459	snap	2400	sdk	user	spans_received	263463
1781256459	snap	2400	sdk	user	spans_sent	263463
1781256459	snap	2400	sdk	user	spans_dropped	0
1781256459	snap	2400	sdk	user	spans_flushed	263463
1781256459	snap	2400	sdk	user	batches_sent	2204
1781256459	snap	2400	sdk	user	batches_dropped	0
1781256459	snap	2400	sdk	user	send_unavailable	0
1781256459	snap	2400	sdk	user	send_deadline	0
1781256459	snap	2400	sdk	user	send_exhausted	0
1781256459	snap	2400	sdk	user	send_canceled	0
1781256459	snap	2400	sdk	user	send_other	0
1781256459	snap	2400	sdk	user	buffer_depth	0
0
1781256459	snap	2400	sdk	user	cp_received	261539
1781256459	snap	2400	sdk	user	lp_received	1924
1781256459	snap	2400	sdk	user	cp_sent	261539
1781256459	snap	2400	sdk	user	lp_sent	1924
1781256459	snap	2400	sdk	user	cp_dropped	0
1781256459	snap	2400	sdk	user	lp_dropped	0
1781256459	snap	2400	sdk	userid	spans_received	75248
1781256459	snap	2400	sdk	userid	spans_sent	75248
1781256459	snap	2400	sdk	userid	spans_dropped	0
1781256459	snap	2400	sdk	userid	spans_flushed	75248
1781256459	snap	2400	sdk	userid	batches_sent	239
1781256459	snap	2400	sdk	userid	batches_dropped	0
1781256459	snap	2400	sdk	userid	send_unavailable	0
1781256459	snap	2400	sdk	userid	send_deadline	0
1781256459	snap	2400	sdk	userid	send_exhausted	0
1781256459	snap	2400	sdk	userid	send_canceled	0
1781256459	snap	2400	sdk	userid	send_other	0
1781256459	snap	2400	sdk	userid	buffer_depth	0
0
1781256459	snap	2400	sdk	userid	cp_received	75248
1781256459	snap	2400	sdk	userid	lp_received	0
1781256459	snap	2400	sdk	userid	cp_sent	75248
1781256459	snap	2400	sdk	userid	lp_sent	0
1781256459	snap	2400	sdk	userid	cp_dropped	0
1781256459	snap	2400	sdk	userid	lp_dropped	0
1781256459	snap	2400	sdk	usermention	spans_received	261539
1781256459	snap	2400	sdk	usermention	spans_sent	261539
1781256459	snap	2400	sdk	usermention	spans_dropped	0
1781256459	snap	2400	sdk	usermention	spans_flushed	261539
1781256459	snap	2400	sdk	usermention	batches_sent	2195
1781256459	snap	2400	sdk	usermention	batches_dropped	0
1781256459	snap	2400	sdk	usermention	send_unavailable	0
1781256459	snap	2400	sdk	usermention	send_deadline	0
1781256459	snap	2400	sdk	usermention	send_exhausted	0
1781256459	snap	2400	sdk	usermention	send_canceled	0
1781256459	snap	2400	sdk	usermention	send_other	0
1781256459	snap	2400	sdk	usermention	buffer_depth	0
0
1781256459	snap	2400	sdk	usermention	cp_received	261539
1781256459	snap	2400	sdk	usermention	lp_received	0
1781256459	snap	2400	sdk	usermention	cp_sent	261539
1781256459	snap	2400	sdk	usermention	lp_sent	0
1781256459	snap	2400	sdk	usermention	cp_dropped	0
1781256459	snap	2400	sdk	usermention	lp_dropped	0
1781256459	snap	2400	sdk	usertimeline	spans_received	261530
1781256459	snap	2400	sdk	usertimeline	spans_sent	261530
1781256459	snap	2400	sdk	usertimeline	spans_dropped	0
1781256459	snap	2400	sdk	usertimeline	spans_flushed	261530
1781256459	snap	2400	sdk	usertimeline	batches_sent	2193
1781256459	snap	2400	sdk	usertimeline	batches_dropped	0
1781256459	snap	2400	sdk	usertimeline	send_unavailable	0
1781256459	snap	2400	sdk	usertimeline	send_deadline	0
1781256459	snap	2400	sdk	usertimeline	send_exhausted	0
1781256459	snap	2400	sdk	usertimeline	send_canceled	0
1781256459	snap	2400	sdk	usertimeline	send_other	0
1781256459	snap	2400	sdk	usertimeline	buffer_depth	0
0
1781256459	snap	2400	sdk	usertimeline	cp_received	261530
1781256459	snap	2400	sdk	usertimeline	lp_received	0
1781256459	snap	2400	sdk	usertimeline	cp_sent	261530
1781256459	snap	2400	sdk	usertimeline	lp_sent	0
1781256459	snap	2400	sdk	usertimeline	cp_dropped	0
1781256459	snap	2400	sdk	usertimeline	lp_dropped	0
1781256526	snap	2400	otelcol	otelcol-sb-esrev0-ctr-s4p4v	otelcol_exporter_queue_size	0
1781256526	snap	2400	otelcol	otelcol-sb-esrev0-ctr-s4p4v	otelcol_process_cpu_seconds	16
1781256526	snap	2400	otelcol	otelcol-sb-esrev0-ctr-s4p4v	otelcol_processor_batch_batch_send_size_sum	502079
1781256526	snap	2400	otelcol	otelcol-sb-esrev0-ctr-s4p4v	otelcol_process_runtime_total_alloc_bytes	458116712
1781256526	snap	2400	otelcol	otelcol-sb-esrev0-ctr-s4p4v	otelcol_exporter_send_failed_spans	0
1781256526	snap	2400	otelcol	otelcol-sb-esrev0-ctr-s4p4v	otelcol_receiver_failed_spans	0
1781256526	snap	2400	otelcol	otelcol-sb-esrev0-ctr-s4p4v	otelcol_processor_outgoing_items	502079
1781256526	snap	2400	otelcol	otelcol-sb-esrev0-ctr-s4p4v	otelcol_receiver_accepted_spans	502079
1781256526	snap	2400	otelcol	otelcol-sb-esrev0-ctr-s4p4v	otelcol_exporter_queue_batch_send_size_sum	502079
1781256526	snap	2400	otelcol	otelcol-sb-esrev0-ctr-s4p4v	otelcol_receiver_refused_spans	0
1781256526	snap	2400	otelcol	otelcol-sb-esrev0-ctr-s4p4v	otelcol_process_uptime	402
1781256526	snap	2400	otelcol	otelcol-sb-esrev0-ctr-s4p4v	otelcol_exporter_sent_spans	502079
1781256526	snap	2400	otelcol	otelcol-sb-esrev0-ctr-s4p4v	otelcol_processor_batch_metadata_cardinality	1
1781256526	snap	2400	otelcol	otelcol-sb-esrev0-ctr-s4p4v	otelcol_processor_batch_timeout_trigger_send	1553
1781256526	snap	2400	otelcol	otelcol-sb-esrev0-ctr-s4p4v	otelcol_process_runtime_heap_alloc_bytes	29258912
1781256526	snap	2400	otelcol	otelcol-sb-esrev0-ctr-s4p4v	otelcol_processor_incoming_items	502079
1781256526	snap	2400	otelcol	otelcol-sb-esrev0-ctr-s4p4v	otelcol_process_runtime_total_sys_memory_bytes	88615192
1781256526	snap	2400	otelcol	otelcol-sb-esrev0-ctr-s4p4v	otelcol_process_memory_rss	220717056
1781256526	snap	2400	otelcol	otelcol-sb-esrev0-ctr-s4p4v	otelcol_exporter_queue_capacity	1001
1781256526	snap	2400	otelcol	otelcol-sb-esrev0-ctr-lbwgk	otelcol_receiver_refused_spans	0
1781256526	snap	2400	otelcol	otelcol-sb-esrev0-ctr-lbwgk	otelcol_process_uptime	401
1781256526	snap	2400	otelcol	otelcol-sb-esrev0-ctr-lbwgk	otelcol_exporter_queue_size	0
1781256526	snap	2400	otelcol	otelcol-sb-esrev0-ctr-lbwgk	otelcol_exporter_queue_batch_send_size_sum	97771
1781256526	snap	2400	otelcol	otelcol-sb-esrev0-ctr-lbwgk	otelcol_processor_outgoing_items	97771
1781256526	snap	2400	otelcol	otelcol-sb-esrev0-ctr-lbwgk	otelcol_process_runtime_total_alloc_bytes	202038576
1781256526	snap	2400	otelcol	otelcol-sb-esrev0-ctr-lbwgk	otelcol_processor_batch_batch_send_size_sum	97771
1781256526	snap	2400	otelcol	otelcol-sb-esrev0-ctr-lbwgk	otelcol_exporter_send_failed_spans	0
1781256526	snap	2400	otelcol	otelcol-sb-esrev0-ctr-lbwgk	otelcol_processor_batch_metadata_cardinality	1
1781256526	snap	2400	otelcol	otelcol-sb-esrev0-ctr-lbwgk	otelcol_process_memory_rss	212013056
1781256526	snap	2400	otelcol	otelcol-sb-esrev0-ctr-lbwgk	otelcol_receiver_accepted_spans	97771
1781256526	snap	2400	otelcol	otelcol-sb-esrev0-ctr-lbwgk	otelcol_processor_batch_timeout_trigger_send	1553
1781256526	snap	2400	otelcol	otelcol-sb-esrev0-ctr-lbwgk	otelcol_process_runtime_heap_alloc_bytes	39117832
1781256526	snap	2400	otelcol	otelcol-sb-esrev0-ctr-lbwgk	otelcol_process_cpu_seconds	15
1781256526	snap	2400	otelcol	otelcol-sb-esrev0-ctr-lbwgk	otelcol_processor_incoming_items	97771
1781256526	snap	2400	otelcol	otelcol-sb-esrev0-ctr-lbwgk	otelcol_process_runtime_total_sys_memory_bytes	75278616
1781256526	snap	2400	otelcol	otelcol-sb-esrev0-ctr-lbwgk	otelcol_exporter_sent_spans	97771
1781256526	snap	2400	otelcol	otelcol-sb-esrev0-ctr-lbwgk	otelcol_exporter_queue_capacity	1001
1781256526	snap	2400	otelcol	otelcol-sb-esrev0-ctr-lbwgk	otelcol_receiver_failed_spans	0
1781256526	snap	2400	otelcol	otelcol-sb-esrev0-ctr-4qc2z	otelcol_receiver_failed_spans	0
1781256526	snap	2400	otelcol	otelcol-sb-esrev0-ctr-4qc2z	otelcol_process_cpu_seconds	16
1781256526	snap	2400	otelcol	otelcol-sb-esrev0-ctr-4qc2z	otelcol_receiver_refused_spans	0
1781256526	snap	2400	otelcol	otelcol-sb-esrev0-ctr-4qc2z	otelcol_process_runtime_heap_alloc_bytes	27121808
1781256526	snap	2400	otelcol	otelcol-sb-esrev0-ctr-4qc2z	otelcol_process_memory_rss	221081600
1781256526	snap	2400	otelcol	otelcol-sb-esrev0-ctr-4qc2z	otelcol_exporter_send_failed_spans	0
1781256526	snap	2400	otelcol	otelcol-sb-esrev0-ctr-4qc2z	otelcol_process_runtime_total_alloc_bytes	449573872
1781256526	snap	2400	otelcol	otelcol-sb-esrev0-ctr-4qc2z	otelcol_processor_batch_metadata_cardinality	1
1781256526	snap	2400	otelcol	otelcol-sb-esrev0-ctr-4qc2z	otelcol_processor_incoming_items	501716
1781256526	snap	2400	otelcol	otelcol-sb-esrev0-ctr-4qc2z	otelcol_processor_batch_timeout_trigger_send	1557
1781256526	snap	2400	otelcol	otelcol-sb-esrev0-ctr-4qc2z	otelcol_processor_batch_batch_send_size_sum	501716
1781256526	snap	2400	otelcol	otelcol-sb-esrev0-ctr-4qc2z	otelcol_process_runtime_total_sys_memory_bytes	85207320
1781256526	snap	2400	otelcol	otelcol-sb-esrev0-ctr-4qc2z	otelcol_exporter_sent_spans	501716
1781256526	snap	2400	otelcol	otelcol-sb-esrev0-ctr-4qc2z	otelcol_receiver_accepted_spans	501716
1781256526	snap	2400	otelcol	otelcol-sb-esrev0-ctr-4qc2z	otelcol_processor_outgoing_items	501716
1781256526	snap	2400	otelcol	otelcol-sb-esrev0-ctr-4qc2z	otelcol_exporter_queue_size	0
1781256526	snap	2400	otelcol	otelcol-sb-esrev0-ctr-4qc2z	otelcol_exporter_queue_batch_send_size_sum	501716
1781256526	snap	2400	otelcol	otelcol-sb-esrev0-ctr-4qc2z	otelcol_process_uptime	402
1781256526	snap	2400	otelcol	otelcol-sb-esrev0-ctr-4qc2z	otelcol_exporter_queue_capacity	1001
1781256526	snap	2400	otelcol	otelcol-sb-esrev0-ctr-stlt9	otelcol_processor_incoming_items	905657
1781256526	snap	2400	otelcol	otelcol-sb-esrev0-ctr-stlt9	otelcol_receiver_accepted_spans	905657
1781256526	snap	2400	otelcol	otelcol-sb-esrev0-ctr-stlt9	otelcol_processor_outgoing_items	905657
1781256526	snap	2400	otelcol	otelcol-sb-esrev0-ctr-stlt9	otelcol_processor_batch_metadata_cardinality	1
1781256526	snap	2400	otelcol	otelcol-sb-esrev0-ctr-stlt9	otelcol_processor_batch_timeout_trigger_send	1558
1781256526	snap	2400	otelcol	otelcol-sb-esrev0-ctr-stlt9	otelcol_processor_batch_batch_send_size_sum	905657
1781256526	snap	2400	otelcol	otelcol-sb-esrev0-ctr-stlt9	otelcol_process_memory_rss	223842304
1781256526	snap	2400	otelcol	otelcol-sb-esrev0-ctr-stlt9	otelcol_exporter_queue_capacity	1001
1781256526	snap	2400	otelcol	otelcol-sb-esrev0-ctr-stlt9	otelcol_exporter_sent_spans	905657
1781256526	snap	2400	otelcol	otelcol-sb-esrev0-ctr-stlt9	otelcol_process_runtime_total_sys_memory_bytes	88598808
1781256526	snap	2400	otelcol	otelcol-sb-esrev0-ctr-stlt9	otelcol_exporter_queue_size	0
1781256526	snap	2400	otelcol	otelcol-sb-esrev0-ctr-stlt9	otelcol_receiver_refused_spans	0
1781256526	snap	2400	otelcol	otelcol-sb-esrev0-ctr-stlt9	otelcol_receiver_failed_spans	0
1781256526	snap	2400	otelcol	otelcol-sb-esrev0-ctr-stlt9	otelcol_process_uptime	403
1781256526	snap	2400	otelcol	otelcol-sb-esrev0-ctr-stlt9	otelcol_process_runtime_heap_alloc_bytes	45171376
1781256526	snap	2400	otelcol	otelcol-sb-esrev0-ctr-stlt9	otelcol_exporter_send_failed_spans	0
1781256526	snap	2400	otelcol	otelcol-sb-esrev0-ctr-stlt9	otelcol_exporter_queue_batch_send_size_sum	905657
1781256526	snap	2400	otelcol	otelcol-sb-esrev0-ctr-stlt9	otelcol_process_runtime_total_alloc_bytes	705246048
1781256526	snap	2400	otelcol	otelcol-sb-esrev0-ctr-stlt9	otelcol_process_cpu_seconds	22
1781256526	snap	2400	otelcol	otelcol-sb-esrev0-ctr-f8wkx	otelcol_receiver_failed_spans	0
1781256526	snap	2400	otelcol	otelcol-sb-esrev0-ctr-f8wkx	otelcol_process_runtime_total_sys_memory_bytes	93604120
1781256526	snap	2400	otelcol	otelcol-sb-esrev0-ctr-f8wkx	otelcol_exporter_queue_size	0
1781256526	snap	2400	otelcol	otelcol-sb-esrev0-ctr-f8wkx	otelcol_process_runtime_total_alloc_bytes	1121215736
1781256526	snap	2400	otelcol	otelcol-sb-esrev0-ctr-f8wkx	otelcol_exporter_send_failed_spans	0
1781256526	snap	2400	otelcol	otelcol-sb-esrev0-ctr-f8wkx	otelcol_processor_batch_metadata_cardinality	1
1781256526	snap	2400	otelcol	otelcol-sb-esrev0-ctr-f8wkx	otelcol_exporter_queue_batch_send_size_sum	1790806
1781256526	snap	2400	otelcol	otelcol-sb-esrev0-ctr-f8wkx	otelcol_processor_batch_timeout_trigger_send	1569
1781256526	snap	2400	otelcol	otelcol-sb-esrev0-ctr-f8wkx	otelcol_processor_incoming_items	1790806
1781256526	snap	2400	otelcol	otelcol-sb-esrev0-ctr-f8wkx	otelcol_process_cpu_seconds	31
1781256526	snap	2400	otelcol	otelcol-sb-esrev0-ctr-f8wkx	otelcol_processor_batch_batch_send_size_sum	1790806
1781256526	snap	2400	otelcol	otelcol-sb-esrev0-ctr-f8wkx	otelcol_process_uptime	401
1781256526	snap	2400	otelcol	otelcol-sb-esrev0-ctr-f8wkx	otelcol_process_runtime_heap_alloc_bytes	48112560
1781256526	snap	2400	otelcol	otelcol-sb-esrev0-ctr-f8wkx	otelcol_exporter_sent_spans	1790806
1781256526	snap	2400	otelcol	otelcol-sb-esrev0-ctr-f8wkx	otelcol_receiver_refused_spans	0
1781256526	snap	2400	otelcol	otelcol-sb-esrev0-ctr-f8wkx	otelcol_processor_outgoing_items	1790806
1781256526	snap	2400	otelcol	otelcol-sb-esrev0-ctr-f8wkx	otelcol_receiver_accepted_spans	1790806
1781256526	snap	2400	otelcol	otelcol-sb-esrev0-ctr-f8wkx	otelcol_process_memory_rss	232534016
1781256526	snap	2400	otelcol	otelcol-sb-esrev0-ctr-f8wkx	otelcol_exporter_queue_capacity	1001
1781256526	snap	2400	otelcol	otelcol-sb-esrev0-ctr-r2dsm	otelcol_receiver_refused_spans	0
1781256526	snap	2400	otelcol	otelcol-sb-esrev0-ctr-r2dsm	otelcol_receiver_failed_spans	0
1781256526	snap	2400	otelcol	otelcol-sb-esrev0-ctr-r2dsm	otelcol_processor_outgoing_items	4137174
1781256526	snap	2400	otelcol	otelcol-sb-esrev0-ctr-r2dsm	otelcol_process_uptime	401
1781256526	snap	2400	otelcol	otelcol-sb-esrev0-ctr-r2dsm	otelcol_process_runtime_total_alloc_bytes	2579706768
1781256526	snap	2400	otelcol	otelcol-sb-esrev0-ctr-r2dsm	otelcol_process_memory_rss	250589184
1781256526	snap	2400	otelcol	otelcol-sb-esrev0-ctr-r2dsm	otelcol_exporter_send_failed_spans	0
1781256526	snap	2400	otelcol	otelcol-sb-esrev0-ctr-r2dsm	otelcol_exporter_queue_batch_send_size_sum	4137174
1781256526	snap	2400	otelcol	otelcol-sb-esrev0-ctr-r2dsm	otelcol_receiver_accepted_spans	4137174
1781256526	snap	2400	otelcol	otelcol-sb-esrev0-ctr-r2dsm	otelcol_processor_batch_metadata_cardinality	1
1781256526	snap	2400	otelcol	otelcol-sb-esrev0-ctr-r2dsm	otelcol_processor_batch_timeout_trigger_send	1557
1781256526	snap	2400	otelcol	otelcol-sb-esrev0-ctr-r2dsm	otelcol_processor_batch_batch_send_size_sum	4137174
1781256526	snap	2400	otelcol	otelcol-sb-esrev0-ctr-r2dsm	otelcol_process_cpu_seconds	50
1781256526	snap	2400	otelcol	otelcol-sb-esrev0-ctr-r2dsm	otelcol_exporter_queue_capacity	1001
1781256526	snap	2400	otelcol	otelcol-sb-esrev0-ctr-r2dsm	otelcol_process_runtime_heap_alloc_bytes	42903208
1781256526	snap	2400	otelcol	otelcol-sb-esrev0-ctr-r2dsm	otelcol_exporter_sent_spans	4137174
1781256526	snap	2400	otelcol	otelcol-sb-esrev0-ctr-r2dsm	otelcol_exporter_queue_size	0
1781256526	snap	2400	otelcol	otelcol-sb-esrev0-ctr-r2dsm	otelcol_processor_incoming_items	4137174
1781256526	snap	2400	otelcol	otelcol-sb-esrev0-ctr-r2dsm	otelcol_process_runtime_total_sys_memory_bytes	122800408
1781256526	snap	2400	otelcol	otelcol-sb-esrev0-ctr-knvlf	otelcol_receiver_accepted_spans	502887
1781256526	snap	2400	otelcol	otelcol-sb-esrev0-ctr-knvlf	otelcol_process_runtime_total_sys_memory_bytes	84412696
1781256526	snap	2400	otelcol	otelcol-sb-esrev0-ctr-knvlf	otelcol_process_runtime_heap_alloc_bytes	48959752
1781256526	snap	2400	otelcol	otelcol-sb-esrev0-ctr-knvlf	otelcol_processor_batch_metadata_cardinality	1
1781256526	snap	2400	otelcol	otelcol-sb-esrev0-ctr-knvlf	otelcol_processor_batch_timeout_trigger_send	1556
1781256526	snap	2400	otelcol	otelcol-sb-esrev0-ctr-knvlf	otelcol_processor_batch_batch_send_size_sum	502887
1781256526	snap	2400	otelcol	otelcol-sb-esrev0-ctr-knvlf	otelcol_process_cpu_seconds	17
1781256526	snap	2400	otelcol	otelcol-sb-esrev0-ctr-knvlf	otelcol_exporter_queue_capacity	1001
1781256526	snap	2400	otelcol	otelcol-sb-esrev0-ctr-knvlf	otelcol_exporter_queue_batch_send_size_sum	502887
1781256526	snap	2400	otelcol	otelcol-sb-esrev0-ctr-knvlf	otelcol_receiver_refused_spans	0
1781256526	snap	2400	otelcol	otelcol-sb-esrev0-ctr-knvlf	otelcol_process_memory_rss	220827648
1781256526	snap	2400	otelcol	otelcol-sb-esrev0-ctr-knvlf	otelcol_process_uptime	403
1781256526	snap	2400	otelcol	otelcol-sb-esrev0-ctr-knvlf	otelcol_process_runtime_total_alloc_bytes	448543392
1781256526	snap	2400	otelcol	otelcol-sb-esrev0-ctr-knvlf	otelcol_exporter_sent_spans	502887
1781256526	snap	2400	otelcol	otelcol-sb-esrev0-ctr-knvlf	otelcol_exporter_queue_size	0
1781256526	snap	2400	otelcol	otelcol-sb-esrev0-ctr-knvlf	otelcol_processor_incoming_items	502887
1781256526	snap	2400	otelcol	otelcol-sb-esrev0-ctr-knvlf	otelcol_receiver_failed_spans	0
1781256526	snap	2400	otelcol	otelcol-sb-esrev0-ctr-knvlf	otelcol_processor_outgoing_items	502887
1781256526	snap	2400	otelcol	otelcol-sb-esrev0-ctr-knvlf	otelcol_exporter_send_failed_spans	0
1781256526	snap	2400	otelcol	otelcol-sb-esrev0-ctr-fb877	otelcol_exporter_send_failed_spans	0
1781256526	snap	2400	otelcol	otelcol-sb-esrev0-ctr-fb877	otelcol_process_uptime	402
1781256526	snap	2400	otelcol	otelcol-sb-esrev0-ctr-fb877	otelcol_process_runtime_heap_alloc_bytes	36326784
1781256526	snap	2400	otelcol	otelcol-sb-esrev0-ctr-fb877	otelcol_process_cpu_seconds	16
1781256526	snap	2400	otelcol	otelcol-sb-esrev0-ctr-fb877	otelcol_exporter_queue_capacity	1001
1781256526	snap	2400	otelcol	otelcol-sb-esrev0-ctr-fb877	otelcol_exporter_sent_spans	504018
1781256526	snap	2400	otelcol	otelcol-sb-esrev0-ctr-fb877	otelcol_exporter_queue_batch_send_size_sum	504018
1781256526	snap	2400	otelcol	otelcol-sb-esrev0-ctr-fb877	otelcol_processor_incoming_items	504018
1781256526	snap	2400	otelcol	otelcol-sb-esrev0-ctr-fb877	otelcol_receiver_failed_spans	0
1781256526	snap	2400	otelcol	otelcol-sb-esrev0-ctr-fb877	otelcol_processor_batch_batch_send_size_sum	504018
1781256526	snap	2400	otelcol	otelcol-sb-esrev0-ctr-fb877	otelcol_processor_outgoing_items	504018
1781256526	snap	2400	otelcol	otelcol-sb-esrev0-ctr-fb877	otelcol_processor_batch_metadata_cardinality	1
1781256526	snap	2400	otelcol	otelcol-sb-esrev0-ctr-fb877	otelcol_process_runtime_total_sys_memory_bytes	85182744
1781256526	snap	2400	otelcol	otelcol-sb-esrev0-ctr-fb877	otelcol_exporter_queue_size	0
1781256526	snap	2400	otelcol	otelcol-sb-esrev0-ctr-fb877	otelcol_processor_batch_timeout_trigger_send	1562
1781256526	snap	2400	otelcol	otelcol-sb-esrev0-ctr-fb877	otelcol_receiver_refused_spans	0
1781256526	snap	2400	otelcol	otelcol-sb-esrev0-ctr-fb877	otelcol_receiver_accepted_spans	504018
1781256526	snap	2400	otelcol	otelcol-sb-esrev0-ctr-fb877	otelcol_process_runtime_total_alloc_bytes	473257208
1781256526	snap	2400	otelcol	otelcol-sb-esrev0-ctr-fb877	otelcol_process_memory_rss	221556736
1781256526	snap	2400	otelcol	otelcol-sb-esrev0-ctr-b7q4j	otelcol_processor_batch_timeout_trigger_send	1564
1781256526	snap	2400	otelcol	otelcol-sb-esrev0-ctr-b7q4j	otelcol_exporter_queue_capacity	1001
1781256526	snap	2400	otelcol	otelcol-sb-esrev0-ctr-b7q4j	otelcol_receiver_failed_spans	0
1781256526	snap	2400	otelcol	otelcol-sb-esrev0-ctr-b7q4j	otelcol_processor_batch_batch_send_size_sum	616714
1781256526	snap	2400	otelcol	otelcol-sb-esrev0-ctr-b7q4j	otelcol_exporter_queue_batch_send_size_sum	616714
1781256526	snap	2400	otelcol	otelcol-sb-esrev0-ctr-b7q4j	otelcol_process_runtime_heap_alloc_bytes	43022704
1781256526	snap	2400	otelcol	otelcol-sb-esrev0-ctr-b7q4j	otelcol_process_cpu_seconds	17
1781256526	snap	2400	otelcol	otelcol-sb-esrev0-ctr-b7q4j	otelcol_exporter_send_failed_spans	0
1781256526	snap	2400	otelcol	otelcol-sb-esrev0-ctr-b7q4j	otelcol_process_memory_rss	220811264
1781256526	snap	2400	otelcol	otelcol-sb-esrev0-ctr-b7q4j	otelcol_exporter_sent_spans	616714
1781256526	snap	2400	otelcol	otelcol-sb-esrev0-ctr-b7q4j	otelcol_processor_incoming_items	616714
1781256526	snap	2400	otelcol	otelcol-sb-esrev0-ctr-b7q4j	otelcol_process_uptime	405
1781256526	snap	2400	otelcol	otelcol-sb-esrev0-ctr-b7q4j	otelcol_process_runtime_total_alloc_bytes	524680792
1781256526	snap	2400	otelcol	otelcol-sb-esrev0-ctr-b7q4j	otelcol_receiver_refused_spans	0
1781256526	snap	2400	otelcol	otelcol-sb-esrev0-ctr-b7q4j	otelcol_processor_outgoing_items	616714
1781256526	snap	2400	otelcol	otelcol-sb-esrev0-ctr-b7q4j	otelcol_receiver_accepted_spans	616714
1781256526	snap	2400	otelcol	otelcol-sb-esrev0-ctr-b7q4j	otelcol_processor_batch_metadata_cardinality	1
1781256526	snap	2400	otelcol	otelcol-sb-esrev0-ctr-b7q4j	otelcol_process_runtime_total_sys_memory_bytes	88615192
1781256526	snap	2400	otelcol	otelcol-sb-esrev0-ctr-b7q4j	otelcol_exporter_queue_size	0
1781256526	snap	2400	k8s	otelcol-sb-esrev0-ctr-4qc2z	restart_count	0
1781256526	snap	2400	k8s	otelcol-sb-esrev0-ctr-b7q4j	restart_count	0
1781256526	snap	2400	k8s	otelcol-sb-esrev0-ctr-f8wkx	restart_count	0
1781256526	snap	2400	k8s	otelcol-sb-esrev0-ctr-fb877	restart_count	0
1781256526	snap	2400	k8s	otelcol-sb-esrev0-ctr-knvlf	restart_count	0
1781256526	snap	2400	k8s	otelcol-sb-esrev0-ctr-lbwgk	restart_count	0
1781256526	snap	2400	k8s	otelcol-sb-esrev0-ctr-r2dsm	restart_count	0
1781256526	snap	2400	k8s	otelcol-sb-esrev0-ctr-s4p4v	restart_count	0
1781256526	snap	2400	k8s	otelcol-sb-esrev0-ctr-stlt9	restart_count	0
1781256526	snap	2400	sdk	wrk2api	spans_received	97771
1781256526	snap	2400	sdk	wrk2api	spans_sent	97771
1781256526	snap	2400	sdk	wrk2api	spans_dropped	0
1781256526	snap	2400	sdk	wrk2api	spans_flushed	97771
1781256526	snap	2400	sdk	wrk2api	batches_sent	6032
1781256526	snap	2400	sdk	wrk2api	batches_dropped	0
1781256526	snap	2400	sdk	wrk2api	send_unavailable	0
1781256526	snap	2400	sdk	wrk2api	send_deadline	0
1781256526	snap	2400	sdk	wrk2api	send_exhausted	0
1781256526	snap	2400	sdk	wrk2api	send_canceled	0
1781256526	snap	2400	sdk	wrk2api	send_other	0
1781256526	snap	2400	sdk	wrk2api	buffer_depth	0
0
1781256526	snap	2400	sdk	wrk2api	cp_received	48885
1781256526	snap	2400	sdk	wrk2api	lp_received	48886
1781256526	snap	2400	sdk	wrk2api	cp_sent	48885
1781256526	snap	2400	sdk	wrk2api	lp_sent	48886
1781256526	snap	2400	sdk	wrk2api	cp_dropped	0
1781256526	snap	2400	sdk	wrk2api	lp_dropped	0
1781256526	snap	2400	sdk	composepost	spans_received	3231535
1781256526	snap	2400	sdk	composepost	spans_sent	3231535
1781256526	snap	2400	sdk	composepost	spans_dropped	0
1781256526	snap	2400	sdk	composepost	spans_flushed	3231535
1781256526	snap	2400	sdk	composepost	batches_sent	22363
1781256526	snap	2400	sdk	composepost	batches_dropped	0
1781256526	snap	2400	sdk	composepost	send_unavailable	0
1781256526	snap	2400	sdk	composepost	send_deadline	0
1781256526	snap	2400	sdk	composepost	send_exhausted	0
1781256526	snap	2400	sdk	composepost	send_canceled	0
1781256526	snap	2400	sdk	composepost	send_other	0
1781256526	snap	2400	sdk	composepost	buffer_depth	0
0
1781256526	snap	2400	sdk	composepost	cp_received	0
1781256526	snap	2400	sdk	composepost	lp_received	3231535
1781256526	snap	2400	sdk	composepost	cp_sent	0
1781256526	snap	2400	sdk	composepost	lp_sent	3231535
1781256526	snap	2400	sdk	composepost	cp_dropped	0
1781256526	snap	2400	sdk	composepost	lp_dropped	0
1781256526	snap	2400	sdk	hometimeline	spans_received	807868
1781256526	snap	2400	sdk	hometimeline	spans_sent	807868
1781256526	snap	2400	sdk	hometimeline	spans_dropped	0
1781256526	snap	2400	sdk	hometimeline	spans_flushed	807868
1781256526	snap	2400	sdk	hometimeline	batches_sent	5589
1781256526	snap	2400	sdk	hometimeline	batches_dropped	0
1781256526	snap	2400	sdk	hometimeline	send_unavailable	0
1781256526	snap	2400	sdk	hometimeline	send_deadline	0
1781256526	snap	2400	sdk	hometimeline	send_exhausted	0
1781256526	snap	2400	sdk	hometimeline	send_canceled	0
1781256526	snap	2400	sdk	hometimeline	send_other	0
1781256526	snap	2400	sdk	hometimeline	buffer_depth	0
0
1781256526	snap	2400	sdk	hometimeline	cp_received	403934
1781256526	snap	2400	sdk	hometimeline	lp_received	403934
1781256526	snap	2400	sdk	hometimeline	cp_sent	403934
1781256526	snap	2400	sdk	hometimeline	lp_sent	403934
1781256526	snap	2400	sdk	hometimeline	cp_dropped	0
1781256526	snap	2400	sdk	hometimeline	lp_dropped	0
1781256526	snap	2400	sdk	media	spans_received	403943
1781256526	snap	2400	sdk	media	spans_sent	403943
1781256526	snap	2400	sdk	media	spans_dropped	0
1781256526	snap	2400	sdk	media	spans_flushed	403943
1781256526	snap	2400	sdk	media	batches_sent	2795
1781256526	snap	2400	sdk	media	batches_dropped	0
1781256526	snap	2400	sdk	media	send_unavailable	0
1781256526	snap	2400	sdk	media	send_deadline	0
1781256526	snap	2400	sdk	media	send_exhausted	0
1781256526	snap	2400	sdk	media	send_canceled	0
1781256526	snap	2400	sdk	media	send_other	0
1781256526	snap	2400	sdk	media	buffer_depth	0
0
1781256526	snap	2400	sdk	media	cp_received	403943
1781256526	snap	2400	sdk	media	lp_received	0
1781256526	snap	2400	sdk	media	cp_sent	403943
1781256526	snap	2400	sdk	media	lp_sent	0
1781256526	snap	2400	sdk	media	cp_dropped	0
1781256526	snap	2400	sdk	media	lp_dropped	0
1781256526	snap	2400	sdk	post-storage	spans_received	403934
1781256526	snap	2400	sdk	post-storage	spans_sent	403934
1781256526	snap	2400	sdk	post-storage	spans_dropped	0
1781256526	snap	2400	sdk	post-storage	spans_flushed	403934
1781256526	snap	2400	sdk	post-storage	batches_sent	2793
1781256526	snap	2400	sdk	post-storage	batches_dropped	0
1781256526	snap	2400	sdk	post-storage	send_unavailable	0
1781256526	snap	2400	sdk	post-storage	send_deadline	0
1781256526	snap	2400	sdk	post-storage	send_exhausted	0
1781256526	snap	2400	sdk	post-storage	send_canceled	0
1781256526	snap	2400	sdk	post-storage	send_other	0
1781256526	snap	2400	sdk	post-storage	buffer_depth	0
0
1781256526	snap	2400	sdk	post-storage	cp_received	403934
1781256526	snap	2400	sdk	post-storage	lp_received	0
1781256526	snap	2400	sdk	post-storage	cp_sent	403934
1781256526	snap	2400	sdk	post-storage	lp_sent	0
1781256526	snap	2400	sdk	post-storage	cp_dropped	0
1781256526	snap	2400	sdk	post-storage	lp_dropped	0
1781256526	snap	2400	sdk	socialgraph	spans_received	517768
1781256526	snap	2400	sdk	socialgraph	spans_sent	517768
1781256526	snap	2400	sdk	socialgraph	spans_dropped	0
1781256526	snap	2400	sdk	socialgraph	spans_flushed	517768
1781256526	snap	2400	sdk	socialgraph	batches_sent	3302
1781256526	snap	2400	sdk	socialgraph	batches_dropped	0
1781256526	snap	2400	sdk	socialgraph	send_unavailable	0
1781256526	snap	2400	sdk	socialgraph	send_deadline	0
1781256526	snap	2400	sdk	socialgraph	send_exhausted	0
1781256526	snap	2400	sdk	socialgraph	send_canceled	0
1781256526	snap	2400	sdk	socialgraph	send_other	0
1781256526	snap	2400	sdk	socialgraph	buffer_depth	0
0
1781256526	snap	2400	sdk	socialgraph	cp_received	404896
1781256526	snap	2400	sdk	socialgraph	lp_received	112872
1781256526	snap	2400	sdk	socialgraph	cp_sent	404896
1781256526	snap	2400	sdk	socialgraph	lp_sent	112872
1781256526	snap	2400	sdk	socialgraph	cp_dropped	0
1781256526	snap	2400	sdk	socialgraph	lp_dropped	0
1781256526	snap	2400	sdk	text	spans_received	1211847
1781256526	snap	2400	sdk	text	spans_sent	1211847
1781256526	snap	2400	sdk	text	spans_dropped	0
1781256526	snap	2400	sdk	text	spans_flushed	1211847
1781256526	snap	2400	sdk	text	batches_sent	8388
1781256526	snap	2400	sdk	text	batches_dropped	0
1781256526	snap	2400	sdk	text	send_unavailable	0
1781256526	snap	2400	sdk	text	send_deadline	0
1781256526	snap	2400	sdk	text	send_exhausted	0
1781256526	snap	2400	sdk	text	send_canceled	0
1781256526	snap	2400	sdk	text	send_other	0
1781256526	snap	2400	sdk	text	buffer_depth	0
0
1781256526	snap	2400	sdk	text	cp_received	403943
1781256526	snap	2400	sdk	text	lp_received	807904
1781256526	snap	2400	sdk	text	cp_sent	403943
1781256526	snap	2400	sdk	text	lp_sent	807904
1781256526	snap	2400	sdk	text	cp_dropped	0
1781256526	snap	2400	sdk	text	lp_dropped	0
1781256526	snap	2400	sdk	uniqueid	spans_received	403943
1781256526	snap	2400	sdk	uniqueid	spans_sent	403943
1781256526	snap	2400	sdk	uniqueid	spans_dropped	0
1781256526	snap	2400	sdk	uniqueid	spans_flushed	403943
1781256526	snap	2400	sdk	uniqueid	batches_sent	2794
1781256526	snap	2400	sdk	uniqueid	batches_dropped	0
1781256526	snap	2400	sdk	uniqueid	send_unavailable	0
1781256526	snap	2400	sdk	uniqueid	send_deadline	0
1781256526	snap	2400	sdk	uniqueid	send_exhausted	0
1781256526	snap	2400	sdk	uniqueid	send_canceled	0
1781256526	snap	2400	sdk	uniqueid	send_other	0
1781256526	snap	2400	sdk	uniqueid	buffer_depth	0
0
1781256526	snap	2400	sdk	uniqueid	cp_received	403943
1781256526	snap	2400	sdk	uniqueid	lp_received	0
1781256526	snap	2400	sdk	uniqueid	cp_sent	403943
1781256526	snap	2400	sdk	uniqueid	lp_sent	0
1781256526	snap	2400	sdk	uniqueid	cp_dropped	0
1781256526	snap	2400	sdk	uniqueid	lp_dropped	0
1781256526	snap	2400	sdk	urlshorten	spans_received	403943
1781256526	snap	2400	sdk	urlshorten	spans_sent	403943
1781256526	snap	2400	sdk	urlshorten	spans_dropped	0
1781256526	snap	2400	sdk	urlshorten	spans_flushed	403943
1781256526	snap	2400	sdk	urlshorten	batches_sent	2794
1781256526	snap	2400	sdk	urlshorten	batches_dropped	0
1781256526	snap	2400	sdk	urlshorten	send_unavailable	0
1781256526	snap	2400	sdk	urlshorten	send_deadline	0
1781256526	snap	2400	sdk	urlshorten	send_exhausted	0
1781256526	snap	2400	sdk	urlshorten	send_canceled	0
1781256526	snap	2400	sdk	urlshorten	send_other	0
1781256526	snap	2400	sdk	urlshorten	buffer_depth	0
0
1781256526	snap	2400	sdk	urlshorten	cp_received	403943
1781256526	snap	2400	sdk	urlshorten	lp_received	0
1781256526	snap	2400	sdk	urlshorten	cp_sent	403943
1781256526	snap	2400	sdk	urlshorten	lp_sent	0
1781256526	snap	2400	sdk	urlshorten	cp_dropped	0
1781256526	snap	2400	sdk	urlshorten	lp_dropped	0
1781256526	snap	2400	sdk	user	spans_received	405867
1781256526	snap	2400	sdk	user	spans_sent	405867
1781256526	snap	2400	sdk	user	spans_dropped	0
1781256526	snap	2400	sdk	user	spans_flushed	405867
1781256526	snap	2400	sdk	user	batches_sent	2804
1781256526	snap	2400	sdk	user	batches_dropped	0
1781256526	snap	2400	sdk	user	send_unavailable	0
1781256526	snap	2400	sdk	user	send_deadline	0
1781256526	snap	2400	sdk	user	send_exhausted	0
1781256526	snap	2400	sdk	user	send_canceled	0
1781256526	snap	2400	sdk	user	send_other	0
1781256526	snap	2400	sdk	user	buffer_depth	0
0
1781256526	snap	2400	sdk	user	cp_received	403943
1781256526	snap	2400	sdk	user	lp_received	1924
1781256526	snap	2400	sdk	user	cp_sent	403943
1781256526	snap	2400	sdk	user	lp_sent	1924
1781256526	snap	2400	sdk	user	cp_dropped	0
1781256526	snap	2400	sdk	user	lp_dropped	0
1781256526	snap	2400	sdk	userid	spans_received	75248
1781256526	snap	2400	sdk	userid	spans_sent	75248
1781256526	snap	2400	sdk	userid	spans_dropped	0
1781256526	snap	2400	sdk	userid	spans_flushed	75248
1781256526	snap	2400	sdk	userid	batches_sent	239
1781256526	snap	2400	sdk	userid	batches_dropped	0
1781256526	snap	2400	sdk	userid	send_unavailable	0
1781256526	snap	2400	sdk	userid	send_deadline	0
1781256526	snap	2400	sdk	userid	send_exhausted	0
1781256526	snap	2400	sdk	userid	send_canceled	0
1781256526	snap	2400	sdk	userid	send_other	0
1781256526	snap	2400	sdk	userid	buffer_depth	0
0
1781256526	snap	2400	sdk	userid	cp_received	75248
1781256526	snap	2400	sdk	userid	lp_received	0
1781256526	snap	2400	sdk	userid	cp_sent	75248
1781256526	snap	2400	sdk	userid	lp_sent	0
1781256526	snap	2400	sdk	userid	cp_dropped	0
1781256526	snap	2400	sdk	userid	lp_dropped	0
1781256526	snap	2400	sdk	usermention	spans_received	403943
1781256526	snap	2400	sdk	usermention	spans_sent	403943
1781256526	snap	2400	sdk	usermention	spans_dropped	0
1781256526	snap	2400	sdk	usermention	spans_flushed	403943
1781256526	snap	2400	sdk	usermention	batches_sent	2796
1781256526	snap	2400	sdk	usermention	batches_dropped	0
1781256526	snap	2400	sdk	usermention	send_unavailable	0
1781256526	snap	2400	sdk	usermention	send_deadline	0
1781256526	snap	2400	sdk	usermention	send_exhausted	0
1781256526	snap	2400	sdk	usermention	send_canceled	0
1781256526	snap	2400	sdk	usermention	send_other	0
1781256526	snap	2400	sdk	usermention	buffer_depth	0
0
1781256526	snap	2400	sdk	usermention	cp_received	403943
1781256526	snap	2400	sdk	usermention	lp_received	0
1781256526	snap	2400	sdk	usermention	cp_sent	403943
1781256526	snap	2400	sdk	usermention	lp_sent	0
1781256526	snap	2400	sdk	usermention	cp_dropped	0
1781256526	snap	2400	sdk	usermention	lp_dropped	0
1781256526	snap	2400	sdk	usertimeline	spans_received	403934
1781256526	snap	2400	sdk	usertimeline	spans_sent	403934
1781256526	snap	2400	sdk	usertimeline	spans_dropped	0
1781256526	snap	2400	sdk	usertimeline	spans_flushed	403934
1781256526	snap	2400	sdk	usertimeline	batches_sent	2793
1781256526	snap	2400	sdk	usertimeline	batches_dropped	0
1781256526	snap	2400	sdk	usertimeline	send_unavailable	0
1781256526	snap	2400	sdk	usertimeline	send_deadline	0
1781256526	snap	2400	sdk	usertimeline	send_exhausted	0
1781256526	snap	2400	sdk	usertimeline	send_canceled	0
1781256526	snap	2400	sdk	usertimeline	send_other	0
1781256526	snap	2400	sdk	usertimeline	buffer_depth	0
0
1781256526	snap	2400	sdk	usertimeline	cp_received	403934
1781256526	snap	2400	sdk	usertimeline	lp_received	0
1781256526	snap	2400	sdk	usertimeline	cp_sent	403934
1781256526	snap	2400	sdk	usertimeline	lp_sent	0
1781256526	snap	2400	sdk	usertimeline	cp_dropped	0
1781256526	snap	2400	sdk	usertimeline	lp_dropped	0
1781256533	snap	2600	otelcol	otelcol-sb-esrev0-ctr-s4p4v	otelcol_exporter_queue_size	0
1781256533	snap	2600	otelcol	otelcol-sb-esrev0-ctr-s4p4v	otelcol_process_cpu_seconds	16
1781256533	snap	2600	otelcol	otelcol-sb-esrev0-ctr-s4p4v	otelcol_processor_batch_batch_send_size_sum	502079
1781256533	snap	2600	otelcol	otelcol-sb-esrev0-ctr-s4p4v	otelcol_process_runtime_total_alloc_bytes	458685008
1781256533	snap	2600	otelcol	otelcol-sb-esrev0-ctr-s4p4v	otelcol_exporter_send_failed_spans	0
1781256533	snap	2600	otelcol	otelcol-sb-esrev0-ctr-s4p4v	otelcol_receiver_failed_spans	0
1781256533	snap	2600	otelcol	otelcol-sb-esrev0-ctr-s4p4v	otelcol_processor_outgoing_items	502079
1781256533	snap	2600	otelcol	otelcol-sb-esrev0-ctr-s4p4v	otelcol_receiver_accepted_spans	502079
1781256533	snap	2600	otelcol	otelcol-sb-esrev0-ctr-s4p4v	otelcol_exporter_queue_batch_send_size_sum	502079
1781256533	snap	2600	otelcol	otelcol-sb-esrev0-ctr-s4p4v	otelcol_receiver_refused_spans	0
1781256533	snap	2600	otelcol	otelcol-sb-esrev0-ctr-s4p4v	otelcol_process_uptime	409
1781256533	snap	2600	otelcol	otelcol-sb-esrev0-ctr-s4p4v	otelcol_exporter_sent_spans	502079
1781256533	snap	2600	otelcol	otelcol-sb-esrev0-ctr-s4p4v	otelcol_processor_batch_metadata_cardinality	1
1781256533	snap	2600	otelcol	otelcol-sb-esrev0-ctr-s4p4v	otelcol_processor_batch_timeout_trigger_send	1553
1781256533	snap	2600	otelcol	otelcol-sb-esrev0-ctr-s4p4v	otelcol_process_runtime_heap_alloc_bytes	29827208
1781256533	snap	2600	otelcol	otelcol-sb-esrev0-ctr-s4p4v	otelcol_processor_incoming_items	502079
1781256533	snap	2600	otelcol	otelcol-sb-esrev0-ctr-s4p4v	otelcol_process_runtime_total_sys_memory_bytes	88615192
1781256533	snap	2600	otelcol	otelcol-sb-esrev0-ctr-s4p4v	otelcol_process_memory_rss	220717056
1781256533	snap	2600	otelcol	otelcol-sb-esrev0-ctr-s4p4v	otelcol_exporter_queue_capacity	1001
1781256533	snap	2600	otelcol	otelcol-sb-esrev0-ctr-lbwgk	otelcol_receiver_refused_spans	0
1781256533	snap	2600	otelcol	otelcol-sb-esrev0-ctr-lbwgk	otelcol_process_uptime	408
1781256533	snap	2600	otelcol	otelcol-sb-esrev0-ctr-lbwgk	otelcol_exporter_queue_size	0
1781256533	snap	2600	otelcol	otelcol-sb-esrev0-ctr-lbwgk	otelcol_exporter_queue_batch_send_size_sum	97771
1781256533	snap	2600	otelcol	otelcol-sb-esrev0-ctr-lbwgk	otelcol_processor_outgoing_items	97771
1781256533	snap	2600	otelcol	otelcol-sb-esrev0-ctr-lbwgk	otelcol_process_runtime_total_alloc_bytes	202609248
1781256533	snap	2600	otelcol	otelcol-sb-esrev0-ctr-lbwgk	otelcol_processor_batch_batch_send_size_sum	97771
1781256533	snap	2600	otelcol	otelcol-sb-esrev0-ctr-lbwgk	otelcol_exporter_send_failed_spans	0
1781256533	snap	2600	otelcol	otelcol-sb-esrev0-ctr-lbwgk	otelcol_processor_batch_metadata_cardinality	1
1781256533	snap	2600	otelcol	otelcol-sb-esrev0-ctr-lbwgk	otelcol_process_memory_rss	212013056
1781256533	snap	2600	otelcol	otelcol-sb-esrev0-ctr-lbwgk	otelcol_receiver_accepted_spans	97771
1781256533	snap	2600	otelcol	otelcol-sb-esrev0-ctr-lbwgk	otelcol_processor_batch_timeout_trigger_send	1553
1781256533	snap	2600	otelcol	otelcol-sb-esrev0-ctr-lbwgk	otelcol_process_runtime_heap_alloc_bytes	39688504
1781256533	snap	2600	otelcol	otelcol-sb-esrev0-ctr-lbwgk	otelcol_process_cpu_seconds	15
1781256533	snap	2600	otelcol	otelcol-sb-esrev0-ctr-lbwgk	otelcol_processor_incoming_items	97771
1781256533	snap	2600	otelcol	otelcol-sb-esrev0-ctr-lbwgk	otelcol_process_runtime_total_sys_memory_bytes	75278616
1781256533	snap	2600	otelcol	otelcol-sb-esrev0-ctr-lbwgk	otelcol_exporter_sent_spans	97771
1781256533	snap	2600	otelcol	otelcol-sb-esrev0-ctr-lbwgk	otelcol_exporter_queue_capacity	1001
1781256533	snap	2600	otelcol	otelcol-sb-esrev0-ctr-lbwgk	otelcol_receiver_failed_spans	0
1781256533	snap	2600	otelcol	otelcol-sb-esrev0-ctr-4qc2z	otelcol_receiver_failed_spans	0
1781256533	snap	2600	otelcol	otelcol-sb-esrev0-ctr-4qc2z	otelcol_process_cpu_seconds	16
1781256533	snap	2600	otelcol	otelcol-sb-esrev0-ctr-4qc2z	otelcol_receiver_refused_spans	0
1781256533	snap	2600	otelcol	otelcol-sb-esrev0-ctr-4qc2z	otelcol_process_runtime_heap_alloc_bytes	27697416
1781256533	snap	2600	otelcol	otelcol-sb-esrev0-ctr-4qc2z	otelcol_process_memory_rss	221081600
1781256533	snap	2600	otelcol	otelcol-sb-esrev0-ctr-4qc2z	otelcol_exporter_send_failed_spans	0
1781256533	snap	2600	otelcol	otelcol-sb-esrev0-ctr-4qc2z	otelcol_process_runtime_total_alloc_bytes	450149480
1781256533	snap	2600	otelcol	otelcol-sb-esrev0-ctr-4qc2z	otelcol_processor_batch_metadata_cardinality	1
1781256533	snap	2600	otelcol	otelcol-sb-esrev0-ctr-4qc2z	otelcol_processor_incoming_items	501716
1781256533	snap	2600	otelcol	otelcol-sb-esrev0-ctr-4qc2z	otelcol_processor_batch_timeout_trigger_send	1557
1781256533	snap	2600	otelcol	otelcol-sb-esrev0-ctr-4qc2z	otelcol_processor_batch_batch_send_size_sum	501716
1781256533	snap	2600	otelcol	otelcol-sb-esrev0-ctr-4qc2z	otelcol_process_runtime_total_sys_memory_bytes	85207320
1781256533	snap	2600	otelcol	otelcol-sb-esrev0-ctr-4qc2z	otelcol_exporter_sent_spans	501716
1781256533	snap	2600	otelcol	otelcol-sb-esrev0-ctr-4qc2z	otelcol_receiver_accepted_spans	501716
1781256533	snap	2600	otelcol	otelcol-sb-esrev0-ctr-4qc2z	otelcol_processor_outgoing_items	501716
1781256533	snap	2600	otelcol	otelcol-sb-esrev0-ctr-4qc2z	otelcol_exporter_queue_size	0
1781256533	snap	2600	otelcol	otelcol-sb-esrev0-ctr-4qc2z	otelcol_exporter_queue_batch_send_size_sum	501716
1781256533	snap	2600	otelcol	otelcol-sb-esrev0-ctr-4qc2z	otelcol_process_uptime	410
1781256533	snap	2600	otelcol	otelcol-sb-esrev0-ctr-4qc2z	otelcol_exporter_queue_capacity	1001
1781256533	snap	2600	otelcol	otelcol-sb-esrev0-ctr-stlt9	otelcol_processor_incoming_items	905657
1781256533	snap	2600	otelcol	otelcol-sb-esrev0-ctr-stlt9	otelcol_receiver_accepted_spans	905657
1781256533	snap	2600	otelcol	otelcol-sb-esrev0-ctr-stlt9	otelcol_processor_outgoing_items	905657
1781256533	snap	2600	otelcol	otelcol-sb-esrev0-ctr-stlt9	otelcol_processor_batch_metadata_cardinality	1
1781256533	snap	2600	otelcol	otelcol-sb-esrev0-ctr-stlt9	otelcol_processor_batch_timeout_trigger_send	1558
1781256533	snap	2600	otelcol	otelcol-sb-esrev0-ctr-stlt9	otelcol_processor_batch_batch_send_size_sum	905657
1781256533	snap	2600	otelcol	otelcol-sb-esrev0-ctr-stlt9	otelcol_process_memory_rss	223842304
1781256533	snap	2600	otelcol	otelcol-sb-esrev0-ctr-stlt9	otelcol_exporter_queue_capacity	1001
1781256533	snap	2600	otelcol	otelcol-sb-esrev0-ctr-stlt9	otelcol_exporter_sent_spans	905657
1781256533	snap	2600	otelcol	otelcol-sb-esrev0-ctr-stlt9	otelcol_process_runtime_total_sys_memory_bytes	88598808
1781256533	snap	2600	otelcol	otelcol-sb-esrev0-ctr-stlt9	otelcol_exporter_queue_size	0
1781256533	snap	2600	otelcol	otelcol-sb-esrev0-ctr-stlt9	otelcol_receiver_refused_spans	0
1781256533	snap	2600	otelcol	otelcol-sb-esrev0-ctr-stlt9	otelcol_receiver_failed_spans	0
1781256533	snap	2600	otelcol	otelcol-sb-esrev0-ctr-stlt9	otelcol_process_uptime	410
1781256533	snap	2600	otelcol	otelcol-sb-esrev0-ctr-stlt9	otelcol_process_runtime_heap_alloc_bytes	45739496
1781256533	snap	2600	otelcol	otelcol-sb-esrev0-ctr-stlt9	otelcol_exporter_send_failed_spans	0
1781256533	snap	2600	otelcol	otelcol-sb-esrev0-ctr-stlt9	otelcol_exporter_queue_batch_send_size_sum	905657
1781256533	snap	2600	otelcol	otelcol-sb-esrev0-ctr-stlt9	otelcol_process_runtime_total_alloc_bytes	705814168
1781256533	snap	2600	otelcol	otelcol-sb-esrev0-ctr-stlt9	otelcol_process_cpu_seconds	22
1781256533	snap	2600	otelcol	otelcol-sb-esrev0-ctr-f8wkx	otelcol_receiver_failed_spans	0
1781256533	snap	2600	otelcol	otelcol-sb-esrev0-ctr-f8wkx	otelcol_process_runtime_total_sys_memory_bytes	93604120
1781256533	snap	2600	otelcol	otelcol-sb-esrev0-ctr-f8wkx	otelcol_exporter_queue_size	0
1781256533	snap	2600	otelcol	otelcol-sb-esrev0-ctr-f8wkx	otelcol_process_runtime_total_alloc_bytes	1121793824
1781256533	snap	2600	otelcol	otelcol-sb-esrev0-ctr-f8wkx	otelcol_exporter_send_failed_spans	0
1781256533	snap	2600	otelcol	otelcol-sb-esrev0-ctr-f8wkx	otelcol_processor_batch_metadata_cardinality	1
1781256533	snap	2600	otelcol	otelcol-sb-esrev0-ctr-f8wkx	otelcol_exporter_queue_batch_send_size_sum	1790806
1781256533	snap	2600	otelcol	otelcol-sb-esrev0-ctr-f8wkx	otelcol_processor_batch_timeout_trigger_send	1569
1781256533	snap	2600	otelcol	otelcol-sb-esrev0-ctr-f8wkx	otelcol_processor_incoming_items	1790806
1781256533	snap	2600	otelcol	otelcol-sb-esrev0-ctr-f8wkx	otelcol_process_cpu_seconds	31
1781256533	snap	2600	otelcol	otelcol-sb-esrev0-ctr-f8wkx	otelcol_processor_batch_batch_send_size_sum	1790806
1781256533	snap	2600	otelcol	otelcol-sb-esrev0-ctr-f8wkx	otelcol_process_uptime	409
1781256533	snap	2600	otelcol	otelcol-sb-esrev0-ctr-f8wkx	otelcol_process_runtime_heap_alloc_bytes	48690648
1781256533	snap	2600	otelcol	otelcol-sb-esrev0-ctr-f8wkx	otelcol_exporter_sent_spans	1790806
1781256533	snap	2600	otelcol	otelcol-sb-esrev0-ctr-f8wkx	otelcol_receiver_refused_spans	0
1781256533	snap	2600	otelcol	otelcol-sb-esrev0-ctr-f8wkx	otelcol_processor_outgoing_items	1790806
1781256533	snap	2600	otelcol	otelcol-sb-esrev0-ctr-f8wkx	otelcol_receiver_accepted_spans	1790806
1781256533	snap	2600	otelcol	otelcol-sb-esrev0-ctr-f8wkx	otelcol_process_memory_rss	232534016
1781256533	snap	2600	otelcol	otelcol-sb-esrev0-ctr-f8wkx	otelcol_exporter_queue_capacity	1001
1781256533	snap	2600	otelcol	otelcol-sb-esrev0-ctr-r2dsm	otelcol_receiver_refused_spans	0
1781256533	snap	2600	otelcol	otelcol-sb-esrev0-ctr-r2dsm	otelcol_receiver_failed_spans	0
1781256533	snap	2600	otelcol	otelcol-sb-esrev0-ctr-r2dsm	otelcol_processor_outgoing_items	4137174
1781256533	snap	2600	otelcol	otelcol-sb-esrev0-ctr-r2dsm	otelcol_process_uptime	408
1781256533	snap	2600	otelcol	otelcol-sb-esrev0-ctr-r2dsm	otelcol_process_runtime_total_alloc_bytes	2580288960
1781256533	snap	2600	otelcol	otelcol-sb-esrev0-ctr-r2dsm	otelcol_process_memory_rss	250589184
1781256533	snap	2600	otelcol	otelcol-sb-esrev0-ctr-r2dsm	otelcol_exporter_send_failed_spans	0
1781256533	snap	2600	otelcol	otelcol-sb-esrev0-ctr-r2dsm	otelcol_exporter_queue_batch_send_size_sum	4137174
1781256533	snap	2600	otelcol	otelcol-sb-esrev0-ctr-r2dsm	otelcol_receiver_accepted_spans	4137174
1781256533	snap	2600	otelcol	otelcol-sb-esrev0-ctr-r2dsm	otelcol_processor_batch_metadata_cardinality	1
1781256533	snap	2600	otelcol	otelcol-sb-esrev0-ctr-r2dsm	otelcol_processor_batch_timeout_trigger_send	1557
1781256533	snap	2600	otelcol	otelcol-sb-esrev0-ctr-r2dsm	otelcol_processor_batch_batch_send_size_sum	4137174
1781256533	snap	2600	otelcol	otelcol-sb-esrev0-ctr-r2dsm	otelcol_process_cpu_seconds	50
1781256533	snap	2600	otelcol	otelcol-sb-esrev0-ctr-r2dsm	otelcol_exporter_queue_capacity	1001
1781256533	snap	2600	otelcol	otelcol-sb-esrev0-ctr-r2dsm	otelcol_process_runtime_heap_alloc_bytes	43485400
1781256533	snap	2600	otelcol	otelcol-sb-esrev0-ctr-r2dsm	otelcol_exporter_sent_spans	4137174
1781256533	snap	2600	otelcol	otelcol-sb-esrev0-ctr-r2dsm	otelcol_exporter_queue_size	0
1781256533	snap	2600	otelcol	otelcol-sb-esrev0-ctr-r2dsm	otelcol_processor_incoming_items	4137174
1781256533	snap	2600	otelcol	otelcol-sb-esrev0-ctr-r2dsm	otelcol_process_runtime_total_sys_memory_bytes	122800408
1781256533	snap	2600	otelcol	otelcol-sb-esrev0-ctr-knvlf	otelcol_receiver_accepted_spans	502887
1781256533	snap	2600	otelcol	otelcol-sb-esrev0-ctr-knvlf	otelcol_process_runtime_total_sys_memory_bytes	84412696
1781256533	snap	2600	otelcol	otelcol-sb-esrev0-ctr-knvlf	otelcol_process_runtime_heap_alloc_bytes	49537536
1781256533	snap	2600	otelcol	otelcol-sb-esrev0-ctr-knvlf	otelcol_processor_batch_metadata_cardinality	1
1781256533	snap	2600	otelcol	otelcol-sb-esrev0-ctr-knvlf	otelcol_processor_batch_timeout_trigger_send	1556
1781256533	snap	2600	otelcol	otelcol-sb-esrev0-ctr-knvlf	otelcol_processor_batch_batch_send_size_sum	502887
1781256533	snap	2600	otelcol	otelcol-sb-esrev0-ctr-knvlf	otelcol_process_cpu_seconds	17
1781256533	snap	2600	otelcol	otelcol-sb-esrev0-ctr-knvlf	otelcol_exporter_queue_capacity	1001
1781256533	snap	2600	otelcol	otelcol-sb-esrev0-ctr-knvlf	otelcol_exporter_queue_batch_send_size_sum	502887
1781256533	snap	2600	otelcol	otelcol-sb-esrev0-ctr-knvlf	otelcol_receiver_refused_spans	0
1781256533	snap	2600	otelcol	otelcol-sb-esrev0-ctr-knvlf	otelcol_process_memory_rss	220827648
1781256533	snap	2600	otelcol	otelcol-sb-esrev0-ctr-knvlf	otelcol_process_uptime	410
1781256533	snap	2600	otelcol	otelcol-sb-esrev0-ctr-knvlf	otelcol_process_runtime_total_alloc_bytes	449121176
1781256533	snap	2600	otelcol	otelcol-sb-esrev0-ctr-knvlf	otelcol_exporter_sent_spans	502887
1781256533	snap	2600	otelcol	otelcol-sb-esrev0-ctr-knvlf	otelcol_exporter_queue_size	0
1781256533	snap	2600	otelcol	otelcol-sb-esrev0-ctr-knvlf	otelcol_processor_incoming_items	502887
1781256533	snap	2600	otelcol	otelcol-sb-esrev0-ctr-knvlf	otelcol_receiver_failed_spans	0
1781256533	snap	2600	otelcol	otelcol-sb-esrev0-ctr-knvlf	otelcol_processor_outgoing_items	502887
1781256533	snap	2600	otelcol	otelcol-sb-esrev0-ctr-knvlf	otelcol_exporter_send_failed_spans	0
1781256533	snap	2600	otelcol	otelcol-sb-esrev0-ctr-fb877	otelcol_exporter_send_failed_spans	0
1781256533	snap	2600	otelcol	otelcol-sb-esrev0-ctr-fb877	otelcol_process_uptime	410
1781256533	snap	2600	otelcol	otelcol-sb-esrev0-ctr-fb877	otelcol_process_runtime_heap_alloc_bytes	36891888
1781256533	snap	2600	otelcol	otelcol-sb-esrev0-ctr-fb877	otelcol_process_cpu_seconds	16
1781256533	snap	2600	otelcol	otelcol-sb-esrev0-ctr-fb877	otelcol_exporter_queue_capacity	1001
1781256533	snap	2600	otelcol	otelcol-sb-esrev0-ctr-fb877	otelcol_exporter_sent_spans	504018
1781256533	snap	2600	otelcol	otelcol-sb-esrev0-ctr-fb877	otelcol_exporter_queue_batch_send_size_sum	504018
1781256533	snap	2600	otelcol	otelcol-sb-esrev0-ctr-fb877	otelcol_processor_incoming_items	504018
1781256533	snap	2600	otelcol	otelcol-sb-esrev0-ctr-fb877	otelcol_receiver_failed_spans	0
1781256533	snap	2600	otelcol	otelcol-sb-esrev0-ctr-fb877	otelcol_processor_batch_batch_send_size_sum	504018
1781256533	snap	2600	otelcol	otelcol-sb-esrev0-ctr-fb877	otelcol_processor_outgoing_items	504018
1781256533	snap	2600	otelcol	otelcol-sb-esrev0-ctr-fb877	otelcol_processor_batch_metadata_cardinality	1
1781256533	snap	2600	otelcol	otelcol-sb-esrev0-ctr-fb877	otelcol_process_runtime_total_sys_memory_bytes	85182744
1781256533	snap	2600	otelcol	otelcol-sb-esrev0-ctr-fb877	otelcol_exporter_queue_size	0
1781256533	snap	2600	otelcol	otelcol-sb-esrev0-ctr-fb877	otelcol_processor_batch_timeout_trigger_send	1562
1781256533	snap	2600	otelcol	otelcol-sb-esrev0-ctr-fb877	otelcol_receiver_refused_spans	0
1781256533	snap	2600	otelcol	otelcol-sb-esrev0-ctr-fb877	otelcol_receiver_accepted_spans	504018
1781256533	snap	2600	otelcol	otelcol-sb-esrev0-ctr-fb877	otelcol_process_runtime_total_alloc_bytes	473822312
1781256533	snap	2600	otelcol	otelcol-sb-esrev0-ctr-fb877	otelcol_process_memory_rss	221556736
1781256533	snap	2600	otelcol	otelcol-sb-esrev0-ctr-b7q4j	otelcol_processor_batch_timeout_trigger_send	1564
1781256533	snap	2600	otelcol	otelcol-sb-esrev0-ctr-b7q4j	otelcol_exporter_queue_capacity	1001
1781256533	snap	2600	otelcol	otelcol-sb-esrev0-ctr-b7q4j	otelcol_receiver_failed_spans	0
1781256533	snap	2600	otelcol	otelcol-sb-esrev0-ctr-b7q4j	otelcol_processor_batch_batch_send_size_sum	616714
1781256533	snap	2600	otelcol	otelcol-sb-esrev0-ctr-b7q4j	otelcol_exporter_queue_batch_send_size_sum	616714
1781256533	snap	2600	otelcol	otelcol-sb-esrev0-ctr-b7q4j	otelcol_process_runtime_heap_alloc_bytes	43601016
1781256533	snap	2600	otelcol	otelcol-sb-esrev0-ctr-b7q4j	otelcol_process_cpu_seconds	17
1781256533	snap	2600	otelcol	otelcol-sb-esrev0-ctr-b7q4j	otelcol_exporter_send_failed_spans	0
1781256533	snap	2600	otelcol	otelcol-sb-esrev0-ctr-b7q4j	otelcol_process_memory_rss	220811264
1781256533	snap	2600	otelcol	otelcol-sb-esrev0-ctr-b7q4j	otelcol_exporter_sent_spans	616714
1781256533	snap	2600	otelcol	otelcol-sb-esrev0-ctr-b7q4j	otelcol_processor_incoming_items	616714
1781256533	snap	2600	otelcol	otelcol-sb-esrev0-ctr-b7q4j	otelcol_process_uptime	412
1781256533	snap	2600	otelcol	otelcol-sb-esrev0-ctr-b7q4j	otelcol_process_runtime_total_alloc_bytes	525259104
1781256533	snap	2600	otelcol	otelcol-sb-esrev0-ctr-b7q4j	otelcol_receiver_refused_spans	0
1781256533	snap	2600	otelcol	otelcol-sb-esrev0-ctr-b7q4j	otelcol_processor_outgoing_items	616714
1781256533	snap	2600	otelcol	otelcol-sb-esrev0-ctr-b7q4j	otelcol_receiver_accepted_spans	616714
1781256533	snap	2600	otelcol	otelcol-sb-esrev0-ctr-b7q4j	otelcol_processor_batch_metadata_cardinality	1
1781256533	snap	2600	otelcol	otelcol-sb-esrev0-ctr-b7q4j	otelcol_process_runtime_total_sys_memory_bytes	88615192
1781256533	snap	2600	otelcol	otelcol-sb-esrev0-ctr-b7q4j	otelcol_exporter_queue_size	0
1781256533	snap	2600	k8s	otelcol-sb-esrev0-ctr-4qc2z	restart_count	0
1781256533	snap	2600	k8s	otelcol-sb-esrev0-ctr-b7q4j	restart_count	0
1781256533	snap	2600	k8s	otelcol-sb-esrev0-ctr-f8wkx	restart_count	0
1781256533	snap	2600	k8s	otelcol-sb-esrev0-ctr-fb877	restart_count	0
1781256533	snap	2600	k8s	otelcol-sb-esrev0-ctr-knvlf	restart_count	0
1781256533	snap	2600	k8s	otelcol-sb-esrev0-ctr-lbwgk	restart_count	0
1781256533	snap	2600	k8s	otelcol-sb-esrev0-ctr-r2dsm	restart_count	0
1781256533	snap	2600	k8s	otelcol-sb-esrev0-ctr-s4p4v	restart_count	0
1781256533	snap	2600	k8s	otelcol-sb-esrev0-ctr-stlt9	restart_count	0
1781256533	snap	2600	sdk	wrk2api	spans_received	97771
1781256533	snap	2600	sdk	wrk2api	spans_sent	97771
1781256533	snap	2600	sdk	wrk2api	spans_dropped	0
1781256533	snap	2600	sdk	wrk2api	spans_flushed	97771
1781256533	snap	2600	sdk	wrk2api	batches_sent	6032
1781256533	snap	2600	sdk	wrk2api	batches_dropped	0
1781256533	snap	2600	sdk	wrk2api	send_unavailable	0
1781256533	snap	2600	sdk	wrk2api	send_deadline	0
1781256533	snap	2600	sdk	wrk2api	send_exhausted	0
1781256533	snap	2600	sdk	wrk2api	send_canceled	0
1781256533	snap	2600	sdk	wrk2api	send_other	0
1781256533	snap	2600	sdk	wrk2api	buffer_depth	0
0
1781256533	snap	2600	sdk	wrk2api	cp_received	48885
1781256533	snap	2600	sdk	wrk2api	lp_received	48886
1781256533	snap	2600	sdk	wrk2api	cp_sent	48885
1781256533	snap	2600	sdk	wrk2api	lp_sent	48886
1781256533	snap	2600	sdk	wrk2api	cp_dropped	0
1781256533	snap	2600	sdk	wrk2api	lp_dropped	0
1781256533	snap	2600	sdk	composepost	spans_received	3231535
1781256533	snap	2600	sdk	composepost	spans_sent	3231535
1781256533	snap	2600	sdk	composepost	spans_dropped	0
1781256533	snap	2600	sdk	composepost	spans_flushed	3231535
1781256533	snap	2600	sdk	composepost	batches_sent	22363
1781256533	snap	2600	sdk	composepost	batches_dropped	0
1781256533	snap	2600	sdk	composepost	send_unavailable	0
1781256533	snap	2600	sdk	composepost	send_deadline	0
1781256533	snap	2600	sdk	composepost	send_exhausted	0
1781256533	snap	2600	sdk	composepost	send_canceled	0
1781256533	snap	2600	sdk	composepost	send_other	0
1781256533	snap	2600	sdk	composepost	buffer_depth	0
0
1781256533	snap	2600	sdk	composepost	cp_received	0
1781256533	snap	2600	sdk	composepost	lp_received	3231535
1781256533	snap	2600	sdk	composepost	cp_sent	0
1781256533	snap	2600	sdk	composepost	lp_sent	3231535
1781256533	snap	2600	sdk	composepost	cp_dropped	0
1781256533	snap	2600	sdk	composepost	lp_dropped	0
1781256533	snap	2600	sdk	hometimeline	spans_received	807868
1781256533	snap	2600	sdk	hometimeline	spans_sent	807868
1781256533	snap	2600	sdk	hometimeline	spans_dropped	0
1781256533	snap	2600	sdk	hometimeline	spans_flushed	807868
1781256533	snap	2600	sdk	hometimeline	batches_sent	5589
1781256533	snap	2600	sdk	hometimeline	batches_dropped	0
1781256533	snap	2600	sdk	hometimeline	send_unavailable	0
1781256533	snap	2600	sdk	hometimeline	send_deadline	0
1781256533	snap	2600	sdk	hometimeline	send_exhausted	0
1781256533	snap	2600	sdk	hometimeline	send_canceled	0
1781256533	snap	2600	sdk	hometimeline	send_other	0
1781256533	snap	2600	sdk	hometimeline	buffer_depth	0
0
1781256533	snap	2600	sdk	hometimeline	cp_received	403934
1781256533	snap	2600	sdk	hometimeline	lp_received	403934
1781256533	snap	2600	sdk	hometimeline	cp_sent	403934
1781256533	snap	2600	sdk	hometimeline	lp_sent	403934
1781256533	snap	2600	sdk	hometimeline	cp_dropped	0
1781256533	snap	2600	sdk	hometimeline	lp_dropped	0
1781256533	snap	2600	sdk	media	spans_received	403943
1781256533	snap	2600	sdk	media	spans_sent	403943
1781256533	snap	2600	sdk	media	spans_dropped	0
1781256533	snap	2600	sdk	media	spans_flushed	403943
1781256533	snap	2600	sdk	media	batches_sent	2795
1781256533	snap	2600	sdk	media	batches_dropped	0
1781256533	snap	2600	sdk	media	send_unavailable	0
1781256533	snap	2600	sdk	media	send_deadline	0
1781256533	snap	2600	sdk	media	send_exhausted	0
1781256533	snap	2600	sdk	media	send_canceled	0
1781256533	snap	2600	sdk	media	send_other	0
1781256533	snap	2600	sdk	media	buffer_depth	0
0
1781256533	snap	2600	sdk	media	cp_received	403943
1781256533	snap	2600	sdk	media	lp_received	0
1781256533	snap	2600	sdk	media	cp_sent	403943
1781256533	snap	2600	sdk	media	lp_sent	0
1781256533	snap	2600	sdk	media	cp_dropped	0
1781256533	snap	2600	sdk	media	lp_dropped	0
1781256533	snap	2600	sdk	post-storage	spans_received	403934
1781256533	snap	2600	sdk	post-storage	spans_sent	403934
1781256533	snap	2600	sdk	post-storage	spans_dropped	0
1781256533	snap	2600	sdk	post-storage	spans_flushed	403934
1781256533	snap	2600	sdk	post-storage	batches_sent	2793
1781256533	snap	2600	sdk	post-storage	batches_dropped	0
1781256533	snap	2600	sdk	post-storage	send_unavailable	0
1781256533	snap	2600	sdk	post-storage	send_deadline	0
1781256533	snap	2600	sdk	post-storage	send_exhausted	0
1781256533	snap	2600	sdk	post-storage	send_canceled	0
1781256533	snap	2600	sdk	post-storage	send_other	0
1781256533	snap	2600	sdk	post-storage	buffer_depth	0
0
1781256533	snap	2600	sdk	post-storage	cp_received	403934
1781256533	snap	2600	sdk	post-storage	lp_received	0
1781256533	snap	2600	sdk	post-storage	cp_sent	403934
1781256533	snap	2600	sdk	post-storage	lp_sent	0
1781256533	snap	2600	sdk	post-storage	cp_dropped	0
1781256533	snap	2600	sdk	post-storage	lp_dropped	0
1781256533	snap	2600	sdk	socialgraph	spans_received	517768
1781256533	snap	2600	sdk	socialgraph	spans_sent	517768
1781256533	snap	2600	sdk	socialgraph	spans_dropped	0
1781256533	snap	2600	sdk	socialgraph	spans_flushed	517768
1781256533	snap	2600	sdk	socialgraph	batches_sent	3302
1781256533	snap	2600	sdk	socialgraph	batches_dropped	0
1781256533	snap	2600	sdk	socialgraph	send_unavailable	0
1781256533	snap	2600	sdk	socialgraph	send_deadline	0
1781256533	snap	2600	sdk	socialgraph	send_exhausted	0
1781256533	snap	2600	sdk	socialgraph	send_canceled	0
1781256533	snap	2600	sdk	socialgraph	send_other	0
1781256533	snap	2600	sdk	socialgraph	buffer_depth	0
0
1781256533	snap	2600	sdk	socialgraph	cp_received	404896
1781256533	snap	2600	sdk	socialgraph	lp_received	112872
1781256533	snap	2600	sdk	socialgraph	cp_sent	404896
1781256533	snap	2600	sdk	socialgraph	lp_sent	112872
1781256533	snap	2600	sdk	socialgraph	cp_dropped	0
1781256533	snap	2600	sdk	socialgraph	lp_dropped	0
1781256533	snap	2600	sdk	text	spans_received	1211847
1781256533	snap	2600	sdk	text	spans_sent	1211847
1781256533	snap	2600	sdk	text	spans_dropped	0
1781256533	snap	2600	sdk	text	spans_flushed	1211847
1781256533	snap	2600	sdk	text	batches_sent	8388
1781256533	snap	2600	sdk	text	batches_dropped	0
1781256533	snap	2600	sdk	text	send_unavailable	0
1781256533	snap	2600	sdk	text	send_deadline	0
1781256533	snap	2600	sdk	text	send_exhausted	0
1781256533	snap	2600	sdk	text	send_canceled	0
1781256533	snap	2600	sdk	text	send_other	0
1781256533	snap	2600	sdk	text	buffer_depth	0
0
1781256533	snap	2600	sdk	text	cp_received	403943
1781256533	snap	2600	sdk	text	lp_received	807904
1781256533	snap	2600	sdk	text	cp_sent	403943
1781256533	snap	2600	sdk	text	lp_sent	807904
1781256533	snap	2600	sdk	text	cp_dropped	0
1781256533	snap	2600	sdk	text	lp_dropped	0
1781256533	snap	2600	sdk	uniqueid	spans_received	403943
1781256533	snap	2600	sdk	uniqueid	spans_sent	403943
1781256533	snap	2600	sdk	uniqueid	spans_dropped	0
1781256533	snap	2600	sdk	uniqueid	spans_flushed	403943
1781256533	snap	2600	sdk	uniqueid	batches_sent	2794
1781256533	snap	2600	sdk	uniqueid	batches_dropped	0
1781256533	snap	2600	sdk	uniqueid	send_unavailable	0
1781256533	snap	2600	sdk	uniqueid	send_deadline	0
1781256533	snap	2600	sdk	uniqueid	send_exhausted	0
1781256533	snap	2600	sdk	uniqueid	send_canceled	0
1781256533	snap	2600	sdk	uniqueid	send_other	0
1781256533	snap	2600	sdk	uniqueid	buffer_depth	0
0
1781256533	snap	2600	sdk	uniqueid	cp_received	403943
1781256533	snap	2600	sdk	uniqueid	lp_received	0
1781256533	snap	2600	sdk	uniqueid	cp_sent	403943
1781256533	snap	2600	sdk	uniqueid	lp_sent	0
1781256533	snap	2600	sdk	uniqueid	cp_dropped	0
1781256533	snap	2600	sdk	uniqueid	lp_dropped	0
1781256533	snap	2600	sdk	urlshorten	spans_received	403943
1781256533	snap	2600	sdk	urlshorten	spans_sent	403943
1781256533	snap	2600	sdk	urlshorten	spans_dropped	0
1781256533	snap	2600	sdk	urlshorten	spans_flushed	403943
1781256533	snap	2600	sdk	urlshorten	batches_sent	2794
1781256533	snap	2600	sdk	urlshorten	batches_dropped	0
1781256533	snap	2600	sdk	urlshorten	send_unavailable	0
1781256533	snap	2600	sdk	urlshorten	send_deadline	0
1781256533	snap	2600	sdk	urlshorten	send_exhausted	0
1781256533	snap	2600	sdk	urlshorten	send_canceled	0
1781256533	snap	2600	sdk	urlshorten	send_other	0
1781256533	snap	2600	sdk	urlshorten	buffer_depth	0
0
1781256533	snap	2600	sdk	urlshorten	cp_received	403943
1781256533	snap	2600	sdk	urlshorten	lp_received	0
1781256533	snap	2600	sdk	urlshorten	cp_sent	403943
1781256533	snap	2600	sdk	urlshorten	lp_sent	0
1781256533	snap	2600	sdk	urlshorten	cp_dropped	0
1781256533	snap	2600	sdk	urlshorten	lp_dropped	0
1781256533	snap	2600	sdk	user	spans_received	405867
1781256533	snap	2600	sdk	user	spans_sent	405867
1781256533	snap	2600	sdk	user	spans_dropped	0
1781256533	snap	2600	sdk	user	spans_flushed	405867
1781256533	snap	2600	sdk	user	batches_sent	2804
1781256533	snap	2600	sdk	user	batches_dropped	0
1781256533	snap	2600	sdk	user	send_unavailable	0
1781256533	snap	2600	sdk	user	send_deadline	0
1781256533	snap	2600	sdk	user	send_exhausted	0
1781256533	snap	2600	sdk	user	send_canceled	0
1781256533	snap	2600	sdk	user	send_other	0
1781256533	snap	2600	sdk	user	buffer_depth	0
0
1781256533	snap	2600	sdk	user	cp_received	403943
1781256533	snap	2600	sdk	user	lp_received	1924
1781256533	snap	2600	sdk	user	cp_sent	403943
1781256533	snap	2600	sdk	user	lp_sent	1924
1781256533	snap	2600	sdk	user	cp_dropped	0
1781256533	snap	2600	sdk	user	lp_dropped	0
1781256533	snap	2600	sdk	userid	spans_received	75248
1781256533	snap	2600	sdk	userid	spans_sent	75248
1781256533	snap	2600	sdk	userid	spans_dropped	0
1781256533	snap	2600	sdk	userid	spans_flushed	75248
1781256533	snap	2600	sdk	userid	batches_sent	239
1781256533	snap	2600	sdk	userid	batches_dropped	0
1781256533	snap	2600	sdk	userid	send_unavailable	0
1781256533	snap	2600	sdk	userid	send_deadline	0
1781256533	snap	2600	sdk	userid	send_exhausted	0
1781256533	snap	2600	sdk	userid	send_canceled	0
1781256533	snap	2600	sdk	userid	send_other	0
1781256533	snap	2600	sdk	userid	buffer_depth	0
0
1781256533	snap	2600	sdk	userid	cp_received	75248
1781256533	snap	2600	sdk	userid	lp_received	0
1781256533	snap	2600	sdk	userid	cp_sent	75248
1781256533	snap	2600	sdk	userid	lp_sent	0
1781256533	snap	2600	sdk	userid	cp_dropped	0
1781256533	snap	2600	sdk	userid	lp_dropped	0
1781256533	snap	2600	sdk	usermention	spans_received	403943
1781256533	snap	2600	sdk	usermention	spans_sent	403943
1781256533	snap	2600	sdk	usermention	spans_dropped	0
1781256533	snap	2600	sdk	usermention	spans_flushed	403943
1781256533	snap	2600	sdk	usermention	batches_sent	2796
1781256533	snap	2600	sdk	usermention	batches_dropped	0
1781256533	snap	2600	sdk	usermention	send_unavailable	0
1781256533	snap	2600	sdk	usermention	send_deadline	0
1781256533	snap	2600	sdk	usermention	send_exhausted	0
1781256533	snap	2600	sdk	usermention	send_canceled	0
1781256533	snap	2600	sdk	usermention	send_other	0
1781256533	snap	2600	sdk	usermention	buffer_depth	0
0
1781256533	snap	2600	sdk	usermention	cp_received	403943
1781256533	snap	2600	sdk	usermention	lp_received	0
1781256533	snap	2600	sdk	usermention	cp_sent	403943
1781256533	snap	2600	sdk	usermention	lp_sent	0
1781256533	snap	2600	sdk	usermention	cp_dropped	0
1781256533	snap	2600	sdk	usermention	lp_dropped	0
1781256533	snap	2600	sdk	usertimeline	spans_received	403934
1781256533	snap	2600	sdk	usertimeline	spans_sent	403934
1781256533	snap	2600	sdk	usertimeline	spans_dropped	0
1781256533	snap	2600	sdk	usertimeline	spans_flushed	403934
1781256533	snap	2600	sdk	usertimeline	batches_sent	2793
1781256533	snap	2600	sdk	usertimeline	batches_dropped	0
1781256533	snap	2600	sdk	usertimeline	send_unavailable	0
1781256533	snap	2600	sdk	usertimeline	send_deadline	0
1781256533	snap	2600	sdk	usertimeline	send_exhausted	0
1781256533	snap	2600	sdk	usertimeline	send_canceled	0
1781256533	snap	2600	sdk	usertimeline	send_other	0
1781256533	snap	2600	sdk	usertimeline	buffer_depth	0
0
1781256533	snap	2600	sdk	usertimeline	cp_received	403934
1781256533	snap	2600	sdk	usertimeline	lp_received	0
1781256533	snap	2600	sdk	usertimeline	cp_sent	403934
1781256533	snap	2600	sdk	usertimeline	lp_sent	0
1781256533	snap	2600	sdk	usertimeline	cp_dropped	0
1781256533	snap	2600	sdk	usertimeline	lp_dropped	0
1781256601	snap	2600	otelcol	otelcol-sb-esrev0-ctr-s4p4v	otelcol_exporter_queue_size	0
1781256601	snap	2600	otelcol	otelcol-sb-esrev0-ctr-s4p4v	otelcol_process_cpu_seconds	20
1781256601	snap	2600	otelcol	otelcol-sb-esrev0-ctr-s4p4v	otelcol_processor_batch_batch_send_size_sum	691081
1781256601	snap	2600	otelcol	otelcol-sb-esrev0-ctr-s4p4v	otelcol_process_runtime_total_alloc_bytes	582696056
1781256601	snap	2600	otelcol	otelcol-sb-esrev0-ctr-s4p4v	otelcol_exporter_send_failed_spans	0
1781256601	snap	2600	otelcol	otelcol-sb-esrev0-ctr-s4p4v	otelcol_receiver_failed_spans	0
1781256601	snap	2600	otelcol	otelcol-sb-esrev0-ctr-s4p4v	otelcol_processor_outgoing_items	691081
1781256601	snap	2600	otelcol	otelcol-sb-esrev0-ctr-s4p4v	otelcol_receiver_accepted_spans	691081
1781256601	snap	2600	otelcol	otelcol-sb-esrev0-ctr-s4p4v	otelcol_exporter_queue_batch_send_size_sum	691081
1781256601	snap	2600	otelcol	otelcol-sb-esrev0-ctr-s4p4v	otelcol_receiver_refused_spans	0
1781256601	snap	2600	otelcol	otelcol-sb-esrev0-ctr-s4p4v	otelcol_process_uptime	476
1781256601	snap	2600	otelcol	otelcol-sb-esrev0-ctr-s4p4v	otelcol_exporter_sent_spans	691081
1781256601	snap	2600	otelcol	otelcol-sb-esrev0-ctr-s4p4v	otelcol_processor_batch_metadata_cardinality	1
1781256601	snap	2600	otelcol	otelcol-sb-esrev0-ctr-s4p4v	otelcol_processor_batch_timeout_trigger_send	1852
1781256601	snap	2600	otelcol	otelcol-sb-esrev0-ctr-s4p4v	otelcol_process_runtime_heap_alloc_bytes	50880128
1781256601	snap	2600	otelcol	otelcol-sb-esrev0-ctr-s4p4v	otelcol_processor_incoming_items	691081
1781256601	snap	2600	otelcol	otelcol-sb-esrev0-ctr-s4p4v	otelcol_process_runtime_total_sys_memory_bytes	88615192
1781256601	snap	2600	otelcol	otelcol-sb-esrev0-ctr-s4p4v	otelcol_process_memory_rss	221364224
1781256601	snap	2600	otelcol	otelcol-sb-esrev0-ctr-s4p4v	otelcol_exporter_queue_capacity	1001
1781256601	snap	2600	otelcol	otelcol-sb-esrev0-ctr-lbwgk	otelcol_receiver_refused_spans	0
1781256601	snap	2600	otelcol	otelcol-sb-esrev0-ctr-lbwgk	otelcol_process_uptime	475
1781256601	snap	2600	otelcol	otelcol-sb-esrev0-ctr-lbwgk	otelcol_exporter_queue_size	0
1781256601	snap	2600	otelcol	otelcol-sb-esrev0-ctr-lbwgk	otelcol_exporter_queue_batch_send_size_sum	132137
1781256601	snap	2600	otelcol	otelcol-sb-esrev0-ctr-lbwgk	otelcol_processor_outgoing_items	132137
1781256601	snap	2600	otelcol	otelcol-sb-esrev0-ctr-lbwgk	otelcol_process_runtime_total_alloc_bytes	243927600
1781256601	snap	2600	otelcol	otelcol-sb-esrev0-ctr-lbwgk	otelcol_processor_batch_batch_send_size_sum	132137
1781256601	snap	2600	otelcol	otelcol-sb-esrev0-ctr-lbwgk	otelcol_exporter_send_failed_spans	0
1781256601	snap	2600	otelcol	otelcol-sb-esrev0-ctr-lbwgk	otelcol_processor_batch_metadata_cardinality	1
1781256601	snap	2600	otelcol	otelcol-sb-esrev0-ctr-lbwgk	otelcol_process_memory_rss	214097920
1781256601	snap	2600	otelcol	otelcol-sb-esrev0-ctr-lbwgk	otelcol_receiver_accepted_spans	132137
1781256601	snap	2600	otelcol	otelcol-sb-esrev0-ctr-lbwgk	otelcol_processor_batch_timeout_trigger_send	1852
1781256601	snap	2600	otelcol	otelcol-sb-esrev0-ctr-lbwgk	otelcol_process_runtime_heap_alloc_bytes	40920592
1781256601	snap	2600	otelcol	otelcol-sb-esrev0-ctr-lbwgk	otelcol_process_cpu_seconds	18
1781256601	snap	2600	otelcol	otelcol-sb-esrev0-ctr-lbwgk	otelcol_processor_incoming_items	132137
1781256601	snap	2600	otelcol	otelcol-sb-esrev0-ctr-lbwgk	otelcol_process_runtime_total_sys_memory_bytes	76073240
1781256601	snap	2600	otelcol	otelcol-sb-esrev0-ctr-lbwgk	otelcol_exporter_sent_spans	132137
1781256601	snap	2600	otelcol	otelcol-sb-esrev0-ctr-lbwgk	otelcol_exporter_queue_capacity	1001
1781256601	snap	2600	otelcol	otelcol-sb-esrev0-ctr-lbwgk	otelcol_receiver_failed_spans	0
1781256601	snap	2600	otelcol	otelcol-sb-esrev0-ctr-4qc2z	otelcol_receiver_failed_spans	0
1781256601	snap	2600	otelcol	otelcol-sb-esrev0-ctr-4qc2z	otelcol_process_cpu_seconds	20
1781256601	snap	2600	otelcol	otelcol-sb-esrev0-ctr-4qc2z	otelcol_receiver_refused_spans	0
1781256601	snap	2600	otelcol	otelcol-sb-esrev0-ctr-4qc2z	otelcol_process_runtime_heap_alloc_bytes	49062632
1781256601	snap	2600	otelcol	otelcol-sb-esrev0-ctr-4qc2z	otelcol_process_memory_rss	224169984
1781256601	snap	2600	otelcol	otelcol-sb-esrev0-ctr-4qc2z	otelcol_exporter_send_failed_spans	0
1781256601	snap	2600	otelcol	otelcol-sb-esrev0-ctr-4qc2z	otelcol_process_runtime_total_alloc_bytes	575865800
1781256601	snap	2600	otelcol	otelcol-sb-esrev0-ctr-4qc2z	otelcol_processor_batch_metadata_cardinality	1
1781256601	snap	2600	otelcol	otelcol-sb-esrev0-ctr-4qc2z	otelcol_processor_incoming_items	690712
1781256601	snap	2600	otelcol	otelcol-sb-esrev0-ctr-4qc2z	otelcol_processor_batch_timeout_trigger_send	1857
1781256601	snap	2600	otelcol	otelcol-sb-esrev0-ctr-4qc2z	otelcol_processor_batch_batch_send_size_sum	690712
1781256601	snap	2600	otelcol	otelcol-sb-esrev0-ctr-4qc2z	otelcol_process_runtime_total_sys_memory_bytes	85215512
1781256601	snap	2600	otelcol	otelcol-sb-esrev0-ctr-4qc2z	otelcol_exporter_sent_spans	690712
1781256601	snap	2600	otelcol	otelcol-sb-esrev0-ctr-4qc2z	otelcol_receiver_accepted_spans	690712
1781256601	snap	2600	otelcol	otelcol-sb-esrev0-ctr-4qc2z	otelcol_processor_outgoing_items	690712
1781256601	snap	2600	otelcol	otelcol-sb-esrev0-ctr-4qc2z	otelcol_exporter_queue_size	0
1781256601	snap	2600	otelcol	otelcol-sb-esrev0-ctr-4qc2z	otelcol_exporter_queue_batch_send_size_sum	690712
1781256601	snap	2600	otelcol	otelcol-sb-esrev0-ctr-4qc2z	otelcol_process_uptime	477
1781256601	snap	2600	otelcol	otelcol-sb-esrev0-ctr-4qc2z	otelcol_exporter_queue_capacity	1001
1781256601	snap	2600	otelcol	otelcol-sb-esrev0-ctr-stlt9	otelcol_processor_incoming_items	1249295
1781256601	snap	2600	otelcol	otelcol-sb-esrev0-ctr-stlt9	otelcol_receiver_accepted_spans	1249295
1781256601	snap	2600	otelcol	otelcol-sb-esrev0-ctr-stlt9	otelcol_processor_outgoing_items	1249295
1781256601	snap	2600	otelcol	otelcol-sb-esrev0-ctr-stlt9	otelcol_processor_batch_metadata_cardinality	1
1781256601	snap	2600	otelcol	otelcol-sb-esrev0-ctr-stlt9	otelcol_processor_batch_timeout_trigger_send	1858
1781256601	snap	2600	otelcol	otelcol-sb-esrev0-ctr-stlt9	otelcol_processor_batch_batch_send_size_sum	1249295
1781256601	snap	2600	otelcol	otelcol-sb-esrev0-ctr-stlt9	otelcol_process_memory_rss	223125504
1781256601	snap	2600	otelcol	otelcol-sb-esrev0-ctr-stlt9	otelcol_exporter_queue_capacity	1001
1781256601	snap	2600	otelcol	otelcol-sb-esrev0-ctr-stlt9	otelcol_exporter_sent_spans	1249295
1781256601	snap	2600	otelcol	otelcol-sb-esrev0-ctr-stlt9	otelcol_process_runtime_total_sys_memory_bytes	88598808
1781256601	snap	2600	otelcol	otelcol-sb-esrev0-ctr-stlt9	otelcol_exporter_queue_size	0
1781256601	snap	2600	otelcol	otelcol-sb-esrev0-ctr-stlt9	otelcol_receiver_refused_spans	0
1781256601	snap	2600	otelcol	otelcol-sb-esrev0-ctr-stlt9	otelcol_receiver_failed_spans	0
1781256601	snap	2600	otelcol	otelcol-sb-esrev0-ctr-stlt9	otelcol_process_uptime	477
1781256601	snap	2600	otelcol	otelcol-sb-esrev0-ctr-stlt9	otelcol_process_runtime_heap_alloc_bytes	38101696
1781256601	snap	2600	otelcol	otelcol-sb-esrev0-ctr-stlt9	otelcol_exporter_send_failed_spans	0
1781256601	snap	2600	otelcol	otelcol-sb-esrev0-ctr-stlt9	otelcol_exporter_queue_batch_send_size_sum	1249295
1781256601	snap	2600	otelcol	otelcol-sb-esrev0-ctr-stlt9	otelcol_process_runtime_total_alloc_bytes	914702368
1781256601	snap	2600	otelcol	otelcol-sb-esrev0-ctr-stlt9	otelcol_process_cpu_seconds	28
1781256601	snap	2600	otelcol	otelcol-sb-esrev0-ctr-f8wkx	otelcol_receiver_failed_spans	0
1781256601	snap	2600	otelcol	otelcol-sb-esrev0-ctr-f8wkx	otelcol_process_runtime_total_sys_memory_bytes	93866264
1781256601	snap	2600	otelcol	otelcol-sb-esrev0-ctr-f8wkx	otelcol_exporter_queue_size	0
1781256601	snap	2600	otelcol	otelcol-sb-esrev0-ctr-f8wkx	otelcol_process_runtime_total_alloc_bytes	1485374920
1781256601	snap	2600	otelcol	otelcol-sb-esrev0-ctr-f8wkx	otelcol_exporter_send_failed_spans	0
1781256601	snap	2600	otelcol	otelcol-sb-esrev0-ctr-f8wkx	otelcol_processor_batch_metadata_cardinality	1
1781256601	snap	2600	otelcol	otelcol-sb-esrev0-ctr-f8wkx	otelcol_exporter_queue_batch_send_size_sum	2443710
1781256601	snap	2600	otelcol	otelcol-sb-esrev0-ctr-f8wkx	otelcol_processor_batch_timeout_trigger_send	1869
1781256601	snap	2600	otelcol	otelcol-sb-esrev0-ctr-f8wkx	otelcol_processor_incoming_items	2443710
1781256601	snap	2600	otelcol	otelcol-sb-esrev0-ctr-f8wkx	otelcol_process_cpu_seconds	39
1781256601	snap	2600	otelcol	otelcol-sb-esrev0-ctr-f8wkx	otelcol_processor_batch_batch_send_size_sum	2443710
1781256601	snap	2600	otelcol	otelcol-sb-esrev0-ctr-f8wkx	otelcol_process_uptime	476
1781256601	snap	2600	otelcol	otelcol-sb-esrev0-ctr-f8wkx	otelcol_process_runtime_heap_alloc_bytes	49536936
1781256601	snap	2600	otelcol	otelcol-sb-esrev0-ctr-f8wkx	otelcol_exporter_sent_spans	2443710
1781256601	snap	2600	otelcol	otelcol-sb-esrev0-ctr-f8wkx	otelcol_receiver_refused_spans	0
1781256601	snap	2600	otelcol	otelcol-sb-esrev0-ctr-f8wkx	otelcol_processor_outgoing_items	2443710
1781256601	snap	2600	otelcol	otelcol-sb-esrev0-ctr-f8wkx	otelcol_receiver_accepted_spans	2443710
1781256601	snap	2600	otelcol	otelcol-sb-esrev0-ctr-f8wkx	otelcol_process_memory_rss	230346752
1781256601	snap	2600	otelcol	otelcol-sb-esrev0-ctr-f8wkx	otelcol_exporter_queue_capacity	1001
1781256601	snap	2600	otelcol	otelcol-sb-esrev0-ctr-r2dsm	otelcol_receiver_refused_spans	0
1781256601	snap	2600	otelcol	otelcol-sb-esrev0-ctr-r2dsm	otelcol_receiver_failed_spans	0
1781256601	snap	2600	otelcol	otelcol-sb-esrev0-ctr-r2dsm	otelcol_processor_outgoing_items	5717896
1781256601	snap	2600	otelcol	otelcol-sb-esrev0-ctr-r2dsm	otelcol_process_uptime	475
1781256601	snap	2600	otelcol	otelcol-sb-esrev0-ctr-r2dsm	otelcol_process_runtime_total_alloc_bytes	3466614552
1781256601	snap	2600	otelcol	otelcol-sb-esrev0-ctr-r2dsm	otelcol_process_memory_rss	256073728
1781256601	snap	2600	otelcol	otelcol-sb-esrev0-ctr-r2dsm	otelcol_exporter_send_failed_spans	0
1781256601	snap	2600	otelcol	otelcol-sb-esrev0-ctr-r2dsm	otelcol_exporter_queue_batch_send_size_sum	5717896
1781256601	snap	2600	otelcol	otelcol-sb-esrev0-ctr-r2dsm	otelcol_receiver_accepted_spans	5717896
1781256601	snap	2600	otelcol	otelcol-sb-esrev0-ctr-r2dsm	otelcol_processor_batch_metadata_cardinality	1
1781256601	snap	2600	otelcol	otelcol-sb-esrev0-ctr-r2dsm	otelcol_processor_batch_timeout_trigger_send	1857
1781256601	snap	2600	otelcol	otelcol-sb-esrev0-ctr-r2dsm	otelcol_processor_batch_batch_send_size_sum	5717896
1781256601	snap	2600	otelcol	otelcol-sb-esrev0-ctr-r2dsm	otelcol_process_cpu_seconds	65
1781256601	snap	2600	otelcol	otelcol-sb-esrev0-ctr-r2dsm	otelcol_exporter_queue_capacity	1001
1781256601	snap	2600	otelcol	otelcol-sb-esrev0-ctr-r2dsm	otelcol_process_runtime_heap_alloc_bytes	69807232
1781256601	snap	2600	otelcol	otelcol-sb-esrev0-ctr-r2dsm	otelcol_exporter_sent_spans	5717896
1781256601	snap	2600	otelcol	otelcol-sb-esrev0-ctr-r2dsm	otelcol_exporter_queue_size	0
1781256601	snap	2600	otelcol	otelcol-sb-esrev0-ctr-r2dsm	otelcol_processor_incoming_items	5717896
1781256601	snap	2600	otelcol	otelcol-sb-esrev0-ctr-r2dsm	otelcol_process_runtime_total_sys_memory_bytes	123349272
1781256601	snap	2600	otelcol	otelcol-sb-esrev0-ctr-knvlf	otelcol_receiver_accepted_spans	691887
1781256601	snap	2600	otelcol	otelcol-sb-esrev0-ctr-knvlf	otelcol_process_runtime_total_sys_memory_bytes	84412696
1781256601	snap	2600	otelcol	otelcol-sb-esrev0-ctr-knvlf	otelcol_process_runtime_heap_alloc_bytes	42152152
1781256601	snap	2600	otelcol	otelcol-sb-esrev0-ctr-knvlf	otelcol_processor_batch_metadata_cardinality	1
1781256601	snap	2600	otelcol	otelcol-sb-esrev0-ctr-knvlf	otelcol_processor_batch_timeout_trigger_send	1856
1781256601	snap	2600	otelcol	otelcol-sb-esrev0-ctr-knvlf	otelcol_processor_batch_batch_send_size_sum	691887
1781256601	snap	2600	otelcol	otelcol-sb-esrev0-ctr-knvlf	otelcol_process_cpu_seconds	21
1781256601	snap	2600	otelcol	otelcol-sb-esrev0-ctr-knvlf	otelcol_exporter_queue_capacity	1001
1781256601	snap	2600	otelcol	otelcol-sb-esrev0-ctr-knvlf	otelcol_exporter_queue_batch_send_size_sum	691887
1781256601	snap	2600	otelcol	otelcol-sb-esrev0-ctr-knvlf	otelcol_receiver_refused_spans	0
1781256601	snap	2600	otelcol	otelcol-sb-esrev0-ctr-knvlf	otelcol_process_memory_rss	222826496
1781256601	snap	2600	otelcol	otelcol-sb-esrev0-ctr-knvlf	otelcol_process_uptime	477
1781256601	snap	2600	otelcol	otelcol-sb-esrev0-ctr-knvlf	otelcol_process_runtime_total_alloc_bytes	569195552
1781256601	snap	2600	otelcol	otelcol-sb-esrev0-ctr-knvlf	otelcol_exporter_sent_spans	691887
1781256601	snap	2600	otelcol	otelcol-sb-esrev0-ctr-knvlf	otelcol_exporter_queue_size	0
1781256601	snap	2600	otelcol	otelcol-sb-esrev0-ctr-knvlf	otelcol_processor_incoming_items	691887
1781256601	snap	2600	otelcol	otelcol-sb-esrev0-ctr-knvlf	otelcol_receiver_failed_spans	0
1781256601	snap	2600	otelcol	otelcol-sb-esrev0-ctr-knvlf	otelcol_processor_outgoing_items	691887
1781256601	snap	2600	otelcol	otelcol-sb-esrev0-ctr-knvlf	otelcol_exporter_send_failed_spans	0
1781256601	snap	2600	otelcol	otelcol-sb-esrev0-ctr-fb877	otelcol_exporter_send_failed_spans	0
1781256601	snap	2600	otelcol	otelcol-sb-esrev0-ctr-fb877	otelcol_process_uptime	477
1781256601	snap	2600	otelcol	otelcol-sb-esrev0-ctr-fb877	otelcol_process_runtime_heap_alloc_bytes	44036096
1781256601	snap	2600	otelcol	otelcol-sb-esrev0-ctr-fb877	otelcol_process_cpu_seconds	20
1781256601	snap	2600	otelcol	otelcol-sb-esrev0-ctr-fb877	otelcol_exporter_queue_capacity	1001
1781256601	snap	2600	otelcol	otelcol-sb-esrev0-ctr-fb877	otelcol_exporter_sent_spans	693018
1781256601	snap	2600	otelcol	otelcol-sb-esrev0-ctr-fb877	otelcol_exporter_queue_batch_send_size_sum	693018
1781256601	snap	2600	otelcol	otelcol-sb-esrev0-ctr-fb877	otelcol_processor_incoming_items	693018
1781256601	snap	2600	otelcol	otelcol-sb-esrev0-ctr-fb877	otelcol_receiver_failed_spans	0
1781256601	snap	2600	otelcol	otelcol-sb-esrev0-ctr-fb877	otelcol_processor_batch_batch_send_size_sum	693018
1781256601	snap	2600	otelcol	otelcol-sb-esrev0-ctr-fb877	otelcol_processor_outgoing_items	693018
1781256601	snap	2600	otelcol	otelcol-sb-esrev0-ctr-fb877	otelcol_processor_batch_metadata_cardinality	1
1781256601	snap	2600	otelcol	otelcol-sb-esrev0-ctr-fb877	otelcol_process_runtime_total_sys_memory_bytes	85190936
1781256601	snap	2600	otelcol	otelcol-sb-esrev0-ctr-fb877	otelcol_exporter_queue_size	0
1781256601	snap	2600	otelcol	otelcol-sb-esrev0-ctr-fb877	otelcol_processor_batch_timeout_trigger_send	1862
1781256601	snap	2600	otelcol	otelcol-sb-esrev0-ctr-fb877	otelcol_receiver_refused_spans	0
1781256601	snap	2600	otelcol	otelcol-sb-esrev0-ctr-fb877	otelcol_receiver_accepted_spans	693018
1781256601	snap	2600	otelcol	otelcol-sb-esrev0-ctr-fb877	otelcol_process_runtime_total_alloc_bytes	610955240
1781256601	snap	2600	otelcol	otelcol-sb-esrev0-ctr-fb877	otelcol_process_memory_rss	226029568
1781256601	snap	2600	otelcol	otelcol-sb-esrev0-ctr-b7q4j	otelcol_processor_batch_timeout_trigger_send	1864
1781256601	snap	2600	otelcol	otelcol-sb-esrev0-ctr-b7q4j	otelcol_exporter_queue_capacity	1001
1781256601	snap	2600	otelcol	otelcol-sb-esrev0-ctr-b7q4j	otelcol_receiver_failed_spans	0
1781256601	snap	2600	otelcol	otelcol-sb-esrev0-ctr-b7q4j	otelcol_processor_batch_batch_send_size_sum	805714
1781256601	snap	2600	otelcol	otelcol-sb-esrev0-ctr-b7q4j	otelcol_exporter_queue_batch_send_size_sum	805714
1781256601	snap	2600	otelcol	otelcol-sb-esrev0-ctr-b7q4j	otelcol_process_runtime_heap_alloc_bytes	47157048
1781256601	snap	2600	otelcol	otelcol-sb-esrev0-ctr-b7q4j	otelcol_process_cpu_seconds	21
1781256601	snap	2600	otelcol	otelcol-sb-esrev0-ctr-b7q4j	otelcol_exporter_send_failed_spans	0
1781256601	snap	2600	otelcol	otelcol-sb-esrev0-ctr-b7q4j	otelcol_process_memory_rss	222404608
1781256601	snap	2600	otelcol	otelcol-sb-esrev0-ctr-b7q4j	otelcol_exporter_sent_spans	805714
1781256601	snap	2600	otelcol	otelcol-sb-esrev0-ctr-b7q4j	otelcol_processor_incoming_items	805714
1781256601	snap	2600	otelcol	otelcol-sb-esrev0-ctr-b7q4j	otelcol_process_uptime	479
1781256601	snap	2600	otelcol	otelcol-sb-esrev0-ctr-b7q4j	otelcol_process_runtime_total_alloc_bytes	653753720
1781256601	snap	2600	otelcol	otelcol-sb-esrev0-ctr-b7q4j	otelcol_receiver_refused_spans	0
1781256601	snap	2600	otelcol	otelcol-sb-esrev0-ctr-b7q4j	otelcol_processor_outgoing_items	805714
1781256601	snap	2600	otelcol	otelcol-sb-esrev0-ctr-b7q4j	otelcol_receiver_accepted_spans	805714
1781256601	snap	2600	otelcol	otelcol-sb-esrev0-ctr-b7q4j	otelcol_processor_batch_metadata_cardinality	1
1781256601	snap	2600	otelcol	otelcol-sb-esrev0-ctr-b7q4j	otelcol_process_runtime_total_sys_memory_bytes	88877336
1781256601	snap	2600	otelcol	otelcol-sb-esrev0-ctr-b7q4j	otelcol_exporter_queue_size	0
1781256601	snap	2600	k8s	otelcol-sb-esrev0-ctr-4qc2z	restart_count	0
1781256601	snap	2600	k8s	otelcol-sb-esrev0-ctr-b7q4j	restart_count	0
1781256601	snap	2600	k8s	otelcol-sb-esrev0-ctr-f8wkx	restart_count	0
1781256601	snap	2600	k8s	otelcol-sb-esrev0-ctr-fb877	restart_count	0
1781256601	snap	2600	k8s	otelcol-sb-esrev0-ctr-knvlf	restart_count	0
1781256601	snap	2600	k8s	otelcol-sb-esrev0-ctr-lbwgk	restart_count	0
1781256601	snap	2600	k8s	otelcol-sb-esrev0-ctr-r2dsm	restart_count	0
1781256601	snap	2600	k8s	otelcol-sb-esrev0-ctr-s4p4v	restart_count	0
1781256601	snap	2600	k8s	otelcol-sb-esrev0-ctr-stlt9	restart_count	0
1781256601	snap	2600	sdk	wrk2api	spans_received	132137
1781256601	snap	2600	sdk	wrk2api	spans_sent	132137
1781256601	snap	2600	sdk	wrk2api	spans_dropped	0
1781256601	snap	2600	sdk	wrk2api	spans_flushed	132137
1781256601	snap	2600	sdk	wrk2api	batches_sent	7232
1781256601	snap	2600	sdk	wrk2api	batches_dropped	0
1781256601	snap	2600	sdk	wrk2api	send_unavailable	0
1781256601	snap	2600	sdk	wrk2api	send_deadline	0
1781256601	snap	2600	sdk	wrk2api	send_exhausted	0
1781256601	snap	2600	sdk	wrk2api	send_canceled	0
1781256601	snap	2600	sdk	wrk2api	send_other	0
1781256601	snap	2600	sdk	wrk2api	buffer_depth	0
0
1781256601	snap	2600	sdk	wrk2api	cp_received	66068
1781256601	snap	2600	sdk	wrk2api	lp_received	66069
1781256601	snap	2600	sdk	wrk2api	cp_sent	66068
1781256601	snap	2600	sdk	wrk2api	lp_sent	66069
1781256601	snap	2600	sdk	wrk2api	cp_dropped	0
1781256601	snap	2600	sdk	wrk2api	lp_dropped	0
1781256601	snap	2600	sdk	composepost	spans_received	4468623
1781256601	snap	2600	sdk	composepost	spans_sent	4468623
1781256601	snap	2600	sdk	composepost	spans_dropped	0
1781256601	snap	2600	sdk	composepost	spans_flushed	4468623
1781256601	snap	2600	sdk	composepost	batches_sent	27163
1781256601	snap	2600	sdk	composepost	batches_dropped	0
1781256601	snap	2600	sdk	composepost	send_unavailable	0
1781256601	snap	2600	sdk	composepost	send_deadline	0
1781256601	snap	2600	sdk	composepost	send_exhausted	0
1781256601	snap	2600	sdk	composepost	send_canceled	0
1781256601	snap	2600	sdk	composepost	send_other	0
1781256601	snap	2600	sdk	composepost	buffer_depth	0
0
1781256601	snap	2600	sdk	composepost	cp_received	0
1781256601	snap	2600	sdk	composepost	lp_received	4468623
1781256601	snap	2600	sdk	composepost	cp_sent	0
1781256601	snap	2600	sdk	composepost	lp_sent	4468623
1781256601	snap	2600	sdk	composepost	cp_dropped	0
1781256601	snap	2600	sdk	composepost	lp_dropped	0
1781256601	snap	2600	sdk	hometimeline	spans_received	1117140
1781256601	snap	2600	sdk	hometimeline	spans_sent	1117140
1781256601	snap	2600	sdk	hometimeline	spans_dropped	0
1781256601	snap	2600	sdk	hometimeline	spans_flushed	1117140
1781256601	snap	2600	sdk	hometimeline	batches_sent	6791
1781256601	snap	2600	sdk	hometimeline	batches_dropped	0
1781256601	snap	2600	sdk	hometimeline	send_unavailable	0
1781256601	snap	2600	sdk	hometimeline	send_deadline	0
1781256601	snap	2600	sdk	hometimeline	send_exhausted	0
1781256601	snap	2600	sdk	hometimeline	send_canceled	0
1781256601	snap	2600	sdk	hometimeline	send_other	0
1781256601	snap	2600	sdk	hometimeline	buffer_depth	0
0
1781256601	snap	2600	sdk	hometimeline	cp_received	558570
1781256601	snap	2600	sdk	hometimeline	lp_received	558570
1781256601	snap	2600	sdk	hometimeline	cp_sent	558570
1781256601	snap	2600	sdk	hometimeline	lp_sent	558570
1781256601	snap	2600	sdk	hometimeline	cp_dropped	0
1781256601	snap	2600	sdk	hometimeline	lp_dropped	0
1781256601	snap	2600	sdk	media	spans_received	558579
1781256601	snap	2600	sdk	media	spans_sent	558579
1781256601	snap	2600	sdk	media	spans_dropped	0
1781256601	snap	2600	sdk	media	spans_flushed	558579
1781256601	snap	2600	sdk	media	batches_sent	3396
1781256601	snap	2600	sdk	media	batches_dropped	0
1781256601	snap	2600	sdk	media	send_unavailable	0
1781256601	snap	2600	sdk	media	send_deadline	0
1781256601	snap	2600	sdk	media	send_exhausted	0
1781256601	snap	2600	sdk	media	send_canceled	0
1781256601	snap	2600	sdk	media	send_other	0
1781256601	snap	2600	sdk	media	buffer_depth	0
0
1781256601	snap	2600	sdk	media	cp_received	558579
1781256601	snap	2600	sdk	media	lp_received	0
1781256601	snap	2600	sdk	media	cp_sent	558579
1781256601	snap	2600	sdk	media	lp_sent	0
1781256601	snap	2600	sdk	media	cp_dropped	0
1781256601	snap	2600	sdk	media	lp_dropped	0
1781256601	snap	2600	sdk	post-storage	spans_received	558570
1781256601	snap	2600	sdk	post-storage	spans_sent	558570
1781256601	snap	2600	sdk	post-storage	spans_dropped	0
1781256601	snap	2600	sdk	post-storage	spans_flushed	558570
1781256601	snap	2600	sdk	post-storage	batches_sent	3394
1781256601	snap	2600	sdk	post-storage	batches_dropped	0
1781256601	snap	2600	sdk	post-storage	send_unavailable	0
1781256601	snap	2600	sdk	post-storage	send_deadline	0
1781256601	snap	2600	sdk	post-storage	send_exhausted	0
1781256601	snap	2600	sdk	post-storage	send_canceled	0
1781256601	snap	2600	sdk	post-storage	send_other	0
1781256601	snap	2600	sdk	post-storage	buffer_depth	0
0
1781256601	snap	2600	sdk	post-storage	cp_received	558570
1781256601	snap	2600	sdk	post-storage	lp_received	0
1781256601	snap	2600	sdk	post-storage	cp_sent	558570
1781256601	snap	2600	sdk	post-storage	lp_sent	0
1781256601	snap	2600	sdk	post-storage	cp_dropped	0
1781256601	snap	2600	sdk	post-storage	lp_dropped	0
1781256601	snap	2600	sdk	socialgraph	spans_received	672404
1781256601	snap	2600	sdk	socialgraph	spans_sent	672404
1781256601	snap	2600	sdk	socialgraph	spans_dropped	0
1781256601	snap	2600	sdk	socialgraph	spans_flushed	672404
1781256601	snap	2600	sdk	socialgraph	batches_sent	3903
1781256601	snap	2600	sdk	socialgraph	batches_dropped	0
1781256601	snap	2600	sdk	socialgraph	send_unavailable	0
1781256601	snap	2600	sdk	socialgraph	send_deadline	0
1781256601	snap	2600	sdk	socialgraph	send_exhausted	0
1781256601	snap	2600	sdk	socialgraph	send_canceled	0
1781256601	snap	2600	sdk	socialgraph	send_other	0
1781256601	snap	2600	sdk	socialgraph	buffer_depth	0
0
1781256601	snap	2600	sdk	socialgraph	cp_received	559532
1781256601	snap	2600	sdk	socialgraph	lp_received	112872
1781256601	snap	2600	sdk	socialgraph	cp_sent	559532
1781256601	snap	2600	sdk	socialgraph	lp_sent	112872
1781256601	snap	2600	sdk	socialgraph	cp_dropped	0
1781256601	snap	2600	sdk	socialgraph	lp_dropped	0
1781256601	snap	2600	sdk	text	spans_received	1675755
1781256601	snap	2600	sdk	text	spans_sent	1675755
1781256601	snap	2600	sdk	text	spans_dropped	0
1781256601	snap	2600	sdk	text	spans_flushed	1675755
1781256601	snap	2600	sdk	text	batches_sent	10188
1781256601	snap	2600	sdk	text	batches_dropped	0
1781256601	snap	2600	sdk	text	send_unavailable	0
1781256601	snap	2600	sdk	text	send_deadline	0
1781256601	snap	2600	sdk	text	send_exhausted	0
1781256601	snap	2600	sdk	text	send_canceled	0
1781256601	snap	2600	sdk	text	send_other	0
1781256601	snap	2600	sdk	text	buffer_depth	0
0
1781256601	snap	2600	sdk	text	cp_received	558579
1781256601	snap	2600	sdk	text	lp_received	1117176
1781256601	snap	2600	sdk	text	cp_sent	558579
1781256601	snap	2600	sdk	text	lp_sent	1117176
1781256601	snap	2600	sdk	text	cp_dropped	0
1781256601	snap	2600	sdk	text	lp_dropped	0
1781256601	snap	2600	sdk	uniqueid	spans_received	558579
1781256601	snap	2600	sdk	uniqueid	spans_sent	558579
1781256601	snap	2600	sdk	uniqueid	spans_dropped	0
1781256601	snap	2600	sdk	uniqueid	spans_flushed	558579
1781256601	snap	2600	sdk	uniqueid	batches_sent	3395
1781256601	snap	2600	sdk	uniqueid	batches_dropped	0
1781256601	snap	2600	sdk	uniqueid	send_unavailable	0
1781256601	snap	2600	sdk	uniqueid	send_deadline	0
1781256601	snap	2600	sdk	uniqueid	send_exhausted	0
1781256601	snap	2600	sdk	uniqueid	send_canceled	0
1781256601	snap	2600	sdk	uniqueid	send_other	0
1781256601	snap	2600	sdk	uniqueid	buffer_depth	0
0
1781256601	snap	2600	sdk	uniqueid	cp_received	558579
1781256601	snap	2600	sdk	uniqueid	lp_received	0
1781256601	snap	2600	sdk	uniqueid	cp_sent	558579
1781256601	snap	2600	sdk	uniqueid	lp_sent	0
1781256601	snap	2600	sdk	uniqueid	cp_dropped	0
1781256601	snap	2600	sdk	uniqueid	lp_dropped	0
1781256601	snap	2600	sdk	urlshorten	spans_received	558579
1781256601	snap	2600	sdk	urlshorten	spans_sent	558579
1781256601	snap	2600	sdk	urlshorten	spans_dropped	0
1781256601	snap	2600	sdk	urlshorten	spans_flushed	558579
1781256601	snap	2600	sdk	urlshorten	batches_sent	3395
1781256601	snap	2600	sdk	urlshorten	batches_dropped	0
1781256601	snap	2600	sdk	urlshorten	send_unavailable	0
1781256601	snap	2600	sdk	urlshorten	send_deadline	0
1781256601	snap	2600	sdk	urlshorten	send_exhausted	0
1781256601	snap	2600	sdk	urlshorten	send_canceled	0
1781256601	snap	2600	sdk	urlshorten	send_other	0
1781256601	snap	2600	sdk	urlshorten	buffer_depth	0
0
1781256601	snap	2600	sdk	urlshorten	cp_received	558579
1781256601	snap	2600	sdk	urlshorten	lp_received	0
1781256601	snap	2600	sdk	urlshorten	cp_sent	558579
1781256601	snap	2600	sdk	urlshorten	lp_sent	0
1781256601	snap	2600	sdk	urlshorten	cp_dropped	0
1781256601	snap	2600	sdk	urlshorten	lp_dropped	0
1781256601	snap	2600	sdk	user	spans_received	560503
1781256601	snap	2600	sdk	user	spans_sent	560503
1781256601	snap	2600	sdk	user	spans_dropped	0
1781256601	snap	2600	sdk	user	spans_flushed	560503
1781256601	snap	2600	sdk	user	batches_sent	3405
1781256601	snap	2600	sdk	user	batches_dropped	0
1781256601	snap	2600	sdk	user	send_unavailable	0
1781256601	snap	2600	sdk	user	send_deadline	0
1781256601	snap	2600	sdk	user	send_exhausted	0
1781256601	snap	2600	sdk	user	send_canceled	0
1781256601	snap	2600	sdk	user	send_other	0
1781256601	snap	2600	sdk	user	buffer_depth	0
0
1781256601	snap	2600	sdk	user	cp_received	558579
1781256601	snap	2600	sdk	user	lp_received	1924
1781256601	snap	2600	sdk	user	cp_sent	558579
1781256601	snap	2600	sdk	user	lp_sent	1924
1781256601	snap	2600	sdk	user	cp_dropped	0
1781256601	snap	2600	sdk	user	lp_dropped	0
1781256601	snap	2600	sdk	userid	spans_received	75248
1781256601	snap	2600	sdk	userid	spans_sent	75248
1781256601	snap	2600	sdk	userid	spans_dropped	0
1781256601	snap	2600	sdk	userid	spans_flushed	75248
1781256601	snap	2600	sdk	userid	batches_sent	239
1781256601	snap	2600	sdk	userid	batches_dropped	0
1781256601	snap	2600	sdk	userid	send_unavailable	0
1781256601	snap	2600	sdk	userid	send_deadline	0
1781256601	snap	2600	sdk	userid	send_exhausted	0
1781256601	snap	2600	sdk	userid	send_canceled	0
1781256601	snap	2600	sdk	userid	send_other	0
1781256601	snap	2600	sdk	userid	buffer_depth	0
0
1781256601	snap	2600	sdk	userid	cp_received	75248
1781256601	snap	2600	sdk	userid	lp_received	0
1781256601	snap	2600	sdk	userid	cp_sent	75248
1781256601	snap	2600	sdk	userid	lp_sent	0
1781256601	snap	2600	sdk	userid	cp_dropped	0
1781256601	snap	2600	sdk	userid	lp_dropped	0
1781256601	snap	2600	sdk	usermention	spans_received	558579
1781256601	snap	2600	sdk	usermention	spans_sent	558579
1781256601	snap	2600	sdk	usermention	spans_dropped	0
1781256601	snap	2600	sdk	usermention	spans_flushed	558579
1781256601	snap	2600	sdk	usermention	batches_sent	3396
1781256601	snap	2600	sdk	usermention	batches_dropped	0
1781256601	snap	2600	sdk	usermention	send_unavailable	0
1781256601	snap	2600	sdk	usermention	send_deadline	0
1781256601	snap	2600	sdk	usermention	send_exhausted	0
1781256601	snap	2600	sdk	usermention	send_canceled	0
1781256601	snap	2600	sdk	usermention	send_other	0
1781256601	snap	2600	sdk	usermention	buffer_depth	0
0
1781256601	snap	2600	sdk	usermention	cp_received	558579
1781256601	snap	2600	sdk	usermention	lp_received	0
1781256601	snap	2600	sdk	usermention	cp_sent	558579
1781256601	snap	2600	sdk	usermention	lp_sent	0
1781256601	snap	2600	sdk	usermention	cp_dropped	0
1781256601	snap	2600	sdk	usermention	lp_dropped	0
1781256601	snap	2600	sdk	usertimeline	spans_received	558570
1781256601	snap	2600	sdk	usertimeline	spans_sent	558570
1781256601	snap	2600	sdk	usertimeline	spans_dropped	0
1781256601	snap	2600	sdk	usertimeline	spans_flushed	558570
1781256601	snap	2600	sdk	usertimeline	batches_sent	3394
1781256601	snap	2600	sdk	usertimeline	batches_dropped	0
1781256601	snap	2600	sdk	usertimeline	send_unavailable	0
1781256601	snap	2600	sdk	usertimeline	send_deadline	0
1781256601	snap	2600	sdk	usertimeline	send_exhausted	0
1781256601	snap	2600	sdk	usertimeline	send_canceled	0
1781256601	snap	2600	sdk	usertimeline	send_other	0
1781256601	snap	2600	sdk	usertimeline	buffer_depth	0
0
1781256601	snap	2600	sdk	usertimeline	cp_received	558570
1781256601	snap	2600	sdk	usertimeline	lp_received	0
1781256601	snap	2600	sdk	usertimeline	cp_sent	558570
1781256601	snap	2600	sdk	usertimeline	lp_sent	0
1781256601	snap	2600	sdk	usertimeline	cp_dropped	0
1781256601	snap	2600	sdk	usertimeline	lp_dropped	0
1781256608	snap	2800	otelcol	otelcol-sb-esrev0-ctr-s4p4v	otelcol_exporter_queue_size	0
1781256608	snap	2800	otelcol	otelcol-sb-esrev0-ctr-s4p4v	otelcol_process_cpu_seconds	21
1781256608	snap	2800	otelcol	otelcol-sb-esrev0-ctr-s4p4v	otelcol_processor_batch_batch_send_size_sum	691081
1781256608	snap	2800	otelcol	otelcol-sb-esrev0-ctr-s4p4v	otelcol_process_runtime_total_alloc_bytes	583345232
1781256608	snap	2800	otelcol	otelcol-sb-esrev0-ctr-s4p4v	otelcol_exporter_send_failed_spans	0
1781256608	snap	2800	otelcol	otelcol-sb-esrev0-ctr-s4p4v	otelcol_receiver_failed_spans	0
1781256608	snap	2800	otelcol	otelcol-sb-esrev0-ctr-s4p4v	otelcol_processor_outgoing_items	691081
1781256608	snap	2800	otelcol	otelcol-sb-esrev0-ctr-s4p4v	otelcol_receiver_accepted_spans	691081
1781256608	snap	2800	otelcol	otelcol-sb-esrev0-ctr-s4p4v	otelcol_exporter_queue_batch_send_size_sum	691081
1781256608	snap	2800	otelcol	otelcol-sb-esrev0-ctr-s4p4v	otelcol_receiver_refused_spans	0
1781256608	snap	2800	otelcol	otelcol-sb-esrev0-ctr-s4p4v	otelcol_process_uptime	484
1781256608	snap	2800	otelcol	otelcol-sb-esrev0-ctr-s4p4v	otelcol_exporter_sent_spans	691081
1781256608	snap	2800	otelcol	otelcol-sb-esrev0-ctr-s4p4v	otelcol_processor_batch_metadata_cardinality	1
1781256608	snap	2800	otelcol	otelcol-sb-esrev0-ctr-s4p4v	otelcol_processor_batch_timeout_trigger_send	1852
1781256608	snap	2800	otelcol	otelcol-sb-esrev0-ctr-s4p4v	otelcol_process_runtime_heap_alloc_bytes	27575768
1781256608	snap	2800	otelcol	otelcol-sb-esrev0-ctr-s4p4v	otelcol_processor_incoming_items	691081
1781256608	snap	2800	otelcol	otelcol-sb-esrev0-ctr-s4p4v	otelcol_process_runtime_total_sys_memory_bytes	88615192
1781256608	snap	2800	otelcol	otelcol-sb-esrev0-ctr-s4p4v	otelcol_process_memory_rss	221495296
1781256608	snap	2800	otelcol	otelcol-sb-esrev0-ctr-s4p4v	otelcol_exporter_queue_capacity	1001
1781256608	snap	2800	otelcol	otelcol-sb-esrev0-ctr-lbwgk	otelcol_receiver_refused_spans	0
1781256608	snap	2800	otelcol	otelcol-sb-esrev0-ctr-lbwgk	otelcol_process_uptime	483
1781256608	snap	2800	otelcol	otelcol-sb-esrev0-ctr-lbwgk	otelcol_exporter_queue_size	0
1781256608	snap	2800	otelcol	otelcol-sb-esrev0-ctr-lbwgk	otelcol_exporter_queue_batch_send_size_sum	132137
1781256608	snap	2800	otelcol	otelcol-sb-esrev0-ctr-lbwgk	otelcol_processor_outgoing_items	132137
1781256608	snap	2800	otelcol	otelcol-sb-esrev0-ctr-lbwgk	otelcol_process_runtime_total_alloc_bytes	244505992
1781256608	snap	2800	otelcol	otelcol-sb-esrev0-ctr-lbwgk	otelcol_processor_batch_batch_send_size_sum	132137
1781256608	snap	2800	otelcol	otelcol-sb-esrev0-ctr-lbwgk	otelcol_exporter_send_failed_spans	0
1781256608	snap	2800	otelcol	otelcol-sb-esrev0-ctr-lbwgk	otelcol_processor_batch_metadata_cardinality	1
1781256608	snap	2800	otelcol	otelcol-sb-esrev0-ctr-lbwgk	otelcol_process_memory_rss	214097920
1781256608	snap	2800	otelcol	otelcol-sb-esrev0-ctr-lbwgk	otelcol_receiver_accepted_spans	132137
1781256608	snap	2800	otelcol	otelcol-sb-esrev0-ctr-lbwgk	otelcol_processor_batch_timeout_trigger_send	1852
1781256608	snap	2800	otelcol	otelcol-sb-esrev0-ctr-lbwgk	otelcol_process_runtime_heap_alloc_bytes	41498984
1781256608	snap	2800	otelcol	otelcol-sb-esrev0-ctr-lbwgk	otelcol_process_cpu_seconds	18
1781256608	snap	2800	otelcol	otelcol-sb-esrev0-ctr-lbwgk	otelcol_processor_incoming_items	132137
1781256608	snap	2800	otelcol	otelcol-sb-esrev0-ctr-lbwgk	otelcol_process_runtime_total_sys_memory_bytes	76073240
1781256608	snap	2800	otelcol	otelcol-sb-esrev0-ctr-lbwgk	otelcol_exporter_sent_spans	132137
1781256608	snap	2800	otelcol	otelcol-sb-esrev0-ctr-lbwgk	otelcol_exporter_queue_capacity	1001
1781256608	snap	2800	otelcol	otelcol-sb-esrev0-ctr-lbwgk	otelcol_receiver_failed_spans	0
1781256608	snap	2800	otelcol	otelcol-sb-esrev0-ctr-4qc2z	otelcol_receiver_failed_spans	0
1781256608	snap	2800	otelcol	otelcol-sb-esrev0-ctr-4qc2z	otelcol_process_cpu_seconds	20
1781256608	snap	2800	otelcol	otelcol-sb-esrev0-ctr-4qc2z	otelcol_receiver_refused_spans	0
1781256608	snap	2800	otelcol	otelcol-sb-esrev0-ctr-4qc2z	otelcol_process_runtime_heap_alloc_bytes	49641632
1781256608	snap	2800	otelcol	otelcol-sb-esrev0-ctr-4qc2z	otelcol_process_memory_rss	224169984
1781256608	snap	2800	otelcol	otelcol-sb-esrev0-ctr-4qc2z	otelcol_exporter_send_failed_spans	0
1781256608	snap	2800	otelcol	otelcol-sb-esrev0-ctr-4qc2z	otelcol_process_runtime_total_alloc_bytes	576444800
1781256608	snap	2800	otelcol	otelcol-sb-esrev0-ctr-4qc2z	otelcol_processor_batch_metadata_cardinality	1
1781256608	snap	2800	otelcol	otelcol-sb-esrev0-ctr-4qc2z	otelcol_processor_incoming_items	690712
1781256608	snap	2800	otelcol	otelcol-sb-esrev0-ctr-4qc2z	otelcol_processor_batch_timeout_trigger_send	1857
1781256608	snap	2800	otelcol	otelcol-sb-esrev0-ctr-4qc2z	otelcol_processor_batch_batch_send_size_sum	690712
1781256608	snap	2800	otelcol	otelcol-sb-esrev0-ctr-4qc2z	otelcol_process_runtime_total_sys_memory_bytes	85215512
1781256608	snap	2800	otelcol	otelcol-sb-esrev0-ctr-4qc2z	otelcol_exporter_sent_spans	690712
1781256608	snap	2800	otelcol	otelcol-sb-esrev0-ctr-4qc2z	otelcol_receiver_accepted_spans	690712
1781256608	snap	2800	otelcol	otelcol-sb-esrev0-ctr-4qc2z	otelcol_processor_outgoing_items	690712
1781256608	snap	2800	otelcol	otelcol-sb-esrev0-ctr-4qc2z	otelcol_exporter_queue_size	0
1781256608	snap	2800	otelcol	otelcol-sb-esrev0-ctr-4qc2z	otelcol_exporter_queue_batch_send_size_sum	690712
1781256608	snap	2800	otelcol	otelcol-sb-esrev0-ctr-4qc2z	otelcol_process_uptime	484
1781256608	snap	2800	otelcol	otelcol-sb-esrev0-ctr-4qc2z	otelcol_exporter_queue_capacity	1001
1781256608	snap	2800	otelcol	otelcol-sb-esrev0-ctr-stlt9	otelcol_processor_incoming_items	1249295
1781256608	snap	2800	otelcol	otelcol-sb-esrev0-ctr-stlt9	otelcol_receiver_accepted_spans	1249295
1781256608	snap	2800	otelcol	otelcol-sb-esrev0-ctr-stlt9	otelcol_processor_outgoing_items	1249295
1781256608	snap	2800	otelcol	otelcol-sb-esrev0-ctr-stlt9	otelcol_processor_batch_metadata_cardinality	1
1781256608	snap	2800	otelcol	otelcol-sb-esrev0-ctr-stlt9	otelcol_processor_batch_timeout_trigger_send	1858
1781256608	snap	2800	otelcol	otelcol-sb-esrev0-ctr-stlt9	otelcol_processor_batch_batch_send_size_sum	1249295
1781256608	snap	2800	otelcol	otelcol-sb-esrev0-ctr-stlt9	otelcol_process_memory_rss	223125504
1781256608	snap	2800	otelcol	otelcol-sb-esrev0-ctr-stlt9	otelcol_exporter_queue_capacity	1001
1781256608	snap	2800	otelcol	otelcol-sb-esrev0-ctr-stlt9	otelcol_exporter_sent_spans	1249295
1781256608	snap	2800	otelcol	otelcol-sb-esrev0-ctr-stlt9	otelcol_process_runtime_total_sys_memory_bytes	88598808
1781256608	snap	2800	otelcol	otelcol-sb-esrev0-ctr-stlt9	otelcol_exporter_queue_size	0
1781256608	snap	2800	otelcol	otelcol-sb-esrev0-ctr-stlt9	otelcol_receiver_refused_spans	0
1781256608	snap	2800	otelcol	otelcol-sb-esrev0-ctr-stlt9	otelcol_receiver_failed_spans	0
1781256608	snap	2800	otelcol	otelcol-sb-esrev0-ctr-stlt9	otelcol_process_uptime	484
1781256608	snap	2800	otelcol	otelcol-sb-esrev0-ctr-stlt9	otelcol_process_runtime_heap_alloc_bytes	38667656
1781256608	snap	2800	otelcol	otelcol-sb-esrev0-ctr-stlt9	otelcol_exporter_send_failed_spans	0
1781256608	snap	2800	otelcol	otelcol-sb-esrev0-ctr-stlt9	otelcol_exporter_queue_batch_send_size_sum	1249295
1781256608	snap	2800	otelcol	otelcol-sb-esrev0-ctr-stlt9	otelcol_process_runtime_total_alloc_bytes	915268328
1781256608	snap	2800	otelcol	otelcol-sb-esrev0-ctr-stlt9	otelcol_process_cpu_seconds	28
1781256608	snap	2800	otelcol	otelcol-sb-esrev0-ctr-f8wkx	otelcol_receiver_failed_spans	0
1781256608	snap	2800	otelcol	otelcol-sb-esrev0-ctr-f8wkx	otelcol_process_runtime_total_sys_memory_bytes	93866264
1781256608	snap	2800	otelcol	otelcol-sb-esrev0-ctr-f8wkx	otelcol_exporter_queue_size	0
1781256608	snap	2800	otelcol	otelcol-sb-esrev0-ctr-f8wkx	otelcol_process_runtime_total_alloc_bytes	1485954408
1781256608	snap	2800	otelcol	otelcol-sb-esrev0-ctr-f8wkx	otelcol_exporter_send_failed_spans	0
1781256608	snap	2800	otelcol	otelcol-sb-esrev0-ctr-f8wkx	otelcol_processor_batch_metadata_cardinality	1
1781256608	snap	2800	otelcol	otelcol-sb-esrev0-ctr-f8wkx	otelcol_exporter_queue_batch_send_size_sum	2443710
1781256608	snap	2800	otelcol	otelcol-sb-esrev0-ctr-f8wkx	otelcol_processor_batch_timeout_trigger_send	1869
1781256608	snap	2800	otelcol	otelcol-sb-esrev0-ctr-f8wkx	otelcol_processor_incoming_items	2443710
1781256608	snap	2800	otelcol	otelcol-sb-esrev0-ctr-f8wkx	otelcol_process_cpu_seconds	39
1781256608	snap	2800	otelcol	otelcol-sb-esrev0-ctr-f8wkx	otelcol_processor_batch_batch_send_size_sum	2443710
1781256608	snap	2800	otelcol	otelcol-sb-esrev0-ctr-f8wkx	otelcol_process_uptime	483
1781256608	snap	2800	otelcol	otelcol-sb-esrev0-ctr-f8wkx	otelcol_process_runtime_heap_alloc_bytes	50116424
1781256608	snap	2800	otelcol	otelcol-sb-esrev0-ctr-f8wkx	otelcol_exporter_sent_spans	2443710
1781256608	snap	2800	otelcol	otelcol-sb-esrev0-ctr-f8wkx	otelcol_receiver_refused_spans	0
1781256608	snap	2800	otelcol	otelcol-sb-esrev0-ctr-f8wkx	otelcol_processor_outgoing_items	2443710
1781256608	snap	2800	otelcol	otelcol-sb-esrev0-ctr-f8wkx	otelcol_receiver_accepted_spans	2443710
1781256608	snap	2800	otelcol	otelcol-sb-esrev0-ctr-f8wkx	otelcol_process_memory_rss	230346752
1781256608	snap	2800	otelcol	otelcol-sb-esrev0-ctr-f8wkx	otelcol_exporter_queue_capacity	1001
1781256608	snap	2800	otelcol	otelcol-sb-esrev0-ctr-r2dsm	otelcol_receiver_refused_spans	0
1781256608	snap	2800	otelcol	otelcol-sb-esrev0-ctr-r2dsm	otelcol_receiver_failed_spans	0
1781256608	snap	2800	otelcol	otelcol-sb-esrev0-ctr-r2dsm	otelcol_processor_outgoing_items	5717896
1781256608	snap	2800	otelcol	otelcol-sb-esrev0-ctr-r2dsm	otelcol_process_uptime	483
1781256608	snap	2800	otelcol	otelcol-sb-esrev0-ctr-r2dsm	otelcol_process_runtime_total_alloc_bytes	3467193232
1781256608	snap	2800	otelcol	otelcol-sb-esrev0-ctr-r2dsm	otelcol_process_memory_rss	256073728
1781256608	snap	2800	otelcol	otelcol-sb-esrev0-ctr-r2dsm	otelcol_exporter_send_failed_spans	0
1781256608	snap	2800	otelcol	otelcol-sb-esrev0-ctr-r2dsm	otelcol_exporter_queue_batch_send_size_sum	5717896
1781256608	snap	2800	otelcol	otelcol-sb-esrev0-ctr-r2dsm	otelcol_receiver_accepted_spans	5717896
1781256608	snap	2800	otelcol	otelcol-sb-esrev0-ctr-r2dsm	otelcol_processor_batch_metadata_cardinality	1
1781256608	snap	2800	otelcol	otelcol-sb-esrev0-ctr-r2dsm	otelcol_processor_batch_timeout_trigger_send	1857
1781256608	snap	2800	otelcol	otelcol-sb-esrev0-ctr-r2dsm	otelcol_processor_batch_batch_send_size_sum	5717896
1781256608	snap	2800	otelcol	otelcol-sb-esrev0-ctr-r2dsm	otelcol_process_cpu_seconds	65
1781256608	snap	2800	otelcol	otelcol-sb-esrev0-ctr-r2dsm	otelcol_exporter_queue_capacity	1001
1781256608	snap	2800	otelcol	otelcol-sb-esrev0-ctr-r2dsm	otelcol_process_runtime_heap_alloc_bytes	70385912
1781256608	snap	2800	otelcol	otelcol-sb-esrev0-ctr-r2dsm	otelcol_exporter_sent_spans	5717896
1781256608	snap	2800	otelcol	otelcol-sb-esrev0-ctr-r2dsm	otelcol_exporter_queue_size	0
1781256608	snap	2800	otelcol	otelcol-sb-esrev0-ctr-r2dsm	otelcol_processor_incoming_items	5717896
1781256608	snap	2800	otelcol	otelcol-sb-esrev0-ctr-r2dsm	otelcol_process_runtime_total_sys_memory_bytes	123349272
1781256608	snap	2800	otelcol	otelcol-sb-esrev0-ctr-knvlf	otelcol_receiver_accepted_spans	691887
1781256608	snap	2800	otelcol	otelcol-sb-esrev0-ctr-knvlf	otelcol_process_runtime_total_sys_memory_bytes	84412696
1781256608	snap	2800	otelcol	otelcol-sb-esrev0-ctr-knvlf	otelcol_process_runtime_heap_alloc_bytes	42728232
1781256608	snap	2800	otelcol	otelcol-sb-esrev0-ctr-knvlf	otelcol_processor_batch_metadata_cardinality	1
1781256608	snap	2800	otelcol	otelcol-sb-esrev0-ctr-knvlf	otelcol_processor_batch_timeout_trigger_send	1856
1781256608	snap	2800	otelcol	otelcol-sb-esrev0-ctr-knvlf	otelcol_processor_batch_batch_send_size_sum	691887
1781256608	snap	2800	otelcol	otelcol-sb-esrev0-ctr-knvlf	otelcol_process_cpu_seconds	21
1781256608	snap	2800	otelcol	otelcol-sb-esrev0-ctr-knvlf	otelcol_exporter_queue_capacity	1001
1781256608	snap	2800	otelcol	otelcol-sb-esrev0-ctr-knvlf	otelcol_exporter_queue_batch_send_size_sum	691887
1781256608	snap	2800	otelcol	otelcol-sb-esrev0-ctr-knvlf	otelcol_receiver_refused_spans	0
1781256608	snap	2800	otelcol	otelcol-sb-esrev0-ctr-knvlf	otelcol_process_memory_rss	222830592
1781256608	snap	2800	otelcol	otelcol-sb-esrev0-ctr-knvlf	otelcol_process_uptime	484
1781256608	snap	2800	otelcol	otelcol-sb-esrev0-ctr-knvlf	otelcol_process_runtime_total_alloc_bytes	569771632
1781256608	snap	2800	otelcol	otelcol-sb-esrev0-ctr-knvlf	otelcol_exporter_sent_spans	691887
1781256608	snap	2800	otelcol	otelcol-sb-esrev0-ctr-knvlf	otelcol_exporter_queue_size	0
1781256608	snap	2800	otelcol	otelcol-sb-esrev0-ctr-knvlf	otelcol_processor_incoming_items	691887
1781256608	snap	2800	otelcol	otelcol-sb-esrev0-ctr-knvlf	otelcol_receiver_failed_spans	0
1781256608	snap	2800	otelcol	otelcol-sb-esrev0-ctr-knvlf	otelcol_processor_outgoing_items	691887
1781256608	snap	2800	otelcol	otelcol-sb-esrev0-ctr-knvlf	otelcol_exporter_send_failed_spans	0
1781256608	snap	2800	otelcol	otelcol-sb-esrev0-ctr-fb877	otelcol_exporter_send_failed_spans	0
1781256608	snap	2800	otelcol	otelcol-sb-esrev0-ctr-fb877	otelcol_process_uptime	484
1781256608	snap	2800	otelcol	otelcol-sb-esrev0-ctr-fb877	otelcol_process_runtime_heap_alloc_bytes	44613848
1781256608	snap	2800	otelcol	otelcol-sb-esrev0-ctr-fb877	otelcol_process_cpu_seconds	20
1781256608	snap	2800	otelcol	otelcol-sb-esrev0-ctr-fb877	otelcol_exporter_queue_capacity	1001
1781256608	snap	2800	otelcol	otelcol-sb-esrev0-ctr-fb877	otelcol_exporter_sent_spans	693018
1781256608	snap	2800	otelcol	otelcol-sb-esrev0-ctr-fb877	otelcol_exporter_queue_batch_send_size_sum	693018
1781256608	snap	2800	otelcol	otelcol-sb-esrev0-ctr-fb877	otelcol_processor_incoming_items	693018
1781256608	snap	2800	otelcol	otelcol-sb-esrev0-ctr-fb877	otelcol_receiver_failed_spans	0
1781256608	snap	2800	otelcol	otelcol-sb-esrev0-ctr-fb877	otelcol_processor_batch_batch_send_size_sum	693018
1781256608	snap	2800	otelcol	otelcol-sb-esrev0-ctr-fb877	otelcol_processor_outgoing_items	693018
1781256608	snap	2800	otelcol	otelcol-sb-esrev0-ctr-fb877	otelcol_processor_batch_metadata_cardinality	1
1781256608	snap	2800	otelcol	otelcol-sb-esrev0-ctr-fb877	otelcol_process_runtime_total_sys_memory_bytes	85190936
1781256608	snap	2800	otelcol	otelcol-sb-esrev0-ctr-fb877	otelcol_exporter_queue_size	0
1781256608	snap	2800	otelcol	otelcol-sb-esrev0-ctr-fb877	otelcol_processor_batch_timeout_trigger_send	1862
1781256608	snap	2800	otelcol	otelcol-sb-esrev0-ctr-fb877	otelcol_receiver_refused_spans	0
1781256608	snap	2800	otelcol	otelcol-sb-esrev0-ctr-fb877	otelcol_receiver_accepted_spans	693018
1781256608	snap	2800	otelcol	otelcol-sb-esrev0-ctr-fb877	otelcol_process_runtime_total_alloc_bytes	611532992
1781256608	snap	2800	otelcol	otelcol-sb-esrev0-ctr-fb877	otelcol_process_memory_rss	226029568
1781256608	snap	2800	otelcol	otelcol-sb-esrev0-ctr-b7q4j	otelcol_processor_batch_timeout_trigger_send	1864
1781256608	snap	2800	otelcol	otelcol-sb-esrev0-ctr-b7q4j	otelcol_exporter_queue_capacity	1001
1781256608	snap	2800	otelcol	otelcol-sb-esrev0-ctr-b7q4j	otelcol_receiver_failed_spans	0
1781256608	snap	2800	otelcol	otelcol-sb-esrev0-ctr-b7q4j	otelcol_processor_batch_batch_send_size_sum	805714
1781256608	snap	2800	otelcol	otelcol-sb-esrev0-ctr-b7q4j	otelcol_exporter_queue_batch_send_size_sum	805714
1781256608	snap	2800	otelcol	otelcol-sb-esrev0-ctr-b7q4j	otelcol_process_runtime_heap_alloc_bytes	47724800
1781256608	snap	2800	otelcol	otelcol-sb-esrev0-ctr-b7q4j	otelcol_process_cpu_seconds	21
1781256608	snap	2800	otelcol	otelcol-sb-esrev0-ctr-b7q4j	otelcol_exporter_send_failed_spans	0
1781256608	snap	2800	otelcol	otelcol-sb-esrev0-ctr-b7q4j	otelcol_process_memory_rss	222404608
1781256608	snap	2800	otelcol	otelcol-sb-esrev0-ctr-b7q4j	otelcol_exporter_sent_spans	805714
1781256608	snap	2800	otelcol	otelcol-sb-esrev0-ctr-b7q4j	otelcol_processor_incoming_items	805714
1781256608	snap	2800	otelcol	otelcol-sb-esrev0-ctr-b7q4j	otelcol_process_uptime	486
1781256608	snap	2800	otelcol	otelcol-sb-esrev0-ctr-b7q4j	otelcol_process_runtime_total_alloc_bytes	654321472
1781256608	snap	2800	otelcol	otelcol-sb-esrev0-ctr-b7q4j	otelcol_receiver_refused_spans	0
1781256608	snap	2800	otelcol	otelcol-sb-esrev0-ctr-b7q4j	otelcol_processor_outgoing_items	805714
1781256608	snap	2800	otelcol	otelcol-sb-esrev0-ctr-b7q4j	otelcol_receiver_accepted_spans	805714
1781256608	snap	2800	otelcol	otelcol-sb-esrev0-ctr-b7q4j	otelcol_processor_batch_metadata_cardinality	1
1781256608	snap	2800	otelcol	otelcol-sb-esrev0-ctr-b7q4j	otelcol_process_runtime_total_sys_memory_bytes	88877336
1781256608	snap	2800	otelcol	otelcol-sb-esrev0-ctr-b7q4j	otelcol_exporter_queue_size	0
1781256608	snap	2800	k8s	otelcol-sb-esrev0-ctr-4qc2z	restart_count	0
1781256608	snap	2800	k8s	otelcol-sb-esrev0-ctr-b7q4j	restart_count	0
1781256608	snap	2800	k8s	otelcol-sb-esrev0-ctr-f8wkx	restart_count	0
1781256608	snap	2800	k8s	otelcol-sb-esrev0-ctr-fb877	restart_count	0
1781256608	snap	2800	k8s	otelcol-sb-esrev0-ctr-knvlf	restart_count	0
1781256608	snap	2800	k8s	otelcol-sb-esrev0-ctr-lbwgk	restart_count	0
1781256608	snap	2800	k8s	otelcol-sb-esrev0-ctr-r2dsm	restart_count	0
1781256608	snap	2800	k8s	otelcol-sb-esrev0-ctr-s4p4v	restart_count	0
1781256608	snap	2800	k8s	otelcol-sb-esrev0-ctr-stlt9	restart_count	0
1781256608	snap	2800	sdk	wrk2api	spans_received	132137
1781256608	snap	2800	sdk	wrk2api	spans_sent	132137
1781256608	snap	2800	sdk	wrk2api	spans_dropped	0
1781256608	snap	2800	sdk	wrk2api	spans_flushed	132137
1781256608	snap	2800	sdk	wrk2api	batches_sent	7232
1781256608	snap	2800	sdk	wrk2api	batches_dropped	0
1781256608	snap	2800	sdk	wrk2api	send_unavailable	0
1781256608	snap	2800	sdk	wrk2api	send_deadline	0
1781256608	snap	2800	sdk	wrk2api	send_exhausted	0
1781256608	snap	2800	sdk	wrk2api	send_canceled	0
1781256608	snap	2800	sdk	wrk2api	send_other	0
1781256608	snap	2800	sdk	wrk2api	buffer_depth	0
0
1781256608	snap	2800	sdk	wrk2api	cp_received	66068
1781256608	snap	2800	sdk	wrk2api	lp_received	66069
1781256608	snap	2800	sdk	wrk2api	cp_sent	66068
1781256608	snap	2800	sdk	wrk2api	lp_sent	66069
1781256608	snap	2800	sdk	wrk2api	cp_dropped	0
1781256608	snap	2800	sdk	wrk2api	lp_dropped	0
1781256608	snap	2800	sdk	composepost	spans_received	4468623
1781256608	snap	2800	sdk	composepost	spans_sent	4468623
1781256608	snap	2800	sdk	composepost	spans_dropped	0
1781256608	snap	2800	sdk	composepost	spans_flushed	4468623
1781256608	snap	2800	sdk	composepost	batches_sent	27163
1781256608	snap	2800	sdk	composepost	batches_dropped	0
1781256608	snap	2800	sdk	composepost	send_unavailable	0
1781256608	snap	2800	sdk	composepost	send_deadline	0
1781256608	snap	2800	sdk	composepost	send_exhausted	0
1781256608	snap	2800	sdk	composepost	send_canceled	0
1781256608	snap	2800	sdk	composepost	send_other	0
1781256608	snap	2800	sdk	composepost	buffer_depth	0
0
1781256608	snap	2800	sdk	composepost	cp_received	0
1781256608	snap	2800	sdk	composepost	lp_received	4468623
1781256608	snap	2800	sdk	composepost	cp_sent	0
1781256608	snap	2800	sdk	composepost	lp_sent	4468623
1781256608	snap	2800	sdk	composepost	cp_dropped	0
1781256608	snap	2800	sdk	composepost	lp_dropped	0
1781256608	snap	2800	sdk	hometimeline	spans_received	1117140
1781256608	snap	2800	sdk	hometimeline	spans_sent	1117140
1781256608	snap	2800	sdk	hometimeline	spans_dropped	0
1781256608	snap	2800	sdk	hometimeline	spans_flushed	1117140
1781256608	snap	2800	sdk	hometimeline	batches_sent	6791
1781256608	snap	2800	sdk	hometimeline	batches_dropped	0
1781256608	snap	2800	sdk	hometimeline	send_unavailable	0
1781256608	snap	2800	sdk	hometimeline	send_deadline	0
1781256608	snap	2800	sdk	hometimeline	send_exhausted	0
1781256608	snap	2800	sdk	hometimeline	send_canceled	0
1781256608	snap	2800	sdk	hometimeline	send_other	0
1781256608	snap	2800	sdk	hometimeline	buffer_depth	0
0
1781256608	snap	2800	sdk	hometimeline	cp_received	558570
1781256608	snap	2800	sdk	hometimeline	lp_received	558570
1781256608	snap	2800	sdk	hometimeline	cp_sent	558570
1781256608	snap	2800	sdk	hometimeline	lp_sent	558570
1781256608	snap	2800	sdk	hometimeline	cp_dropped	0
1781256608	snap	2800	sdk	hometimeline	lp_dropped	0
1781256608	snap	2800	sdk	media	spans_received	558579
1781256608	snap	2800	sdk	media	spans_sent	558579
1781256608	snap	2800	sdk	media	spans_dropped	0
1781256608	snap	2800	sdk	media	spans_flushed	558579
1781256608	snap	2800	sdk	media	batches_sent	3396
1781256608	snap	2800	sdk	media	batches_dropped	0
1781256608	snap	2800	sdk	media	send_unavailable	0
1781256608	snap	2800	sdk	media	send_deadline	0
1781256608	snap	2800	sdk	media	send_exhausted	0
1781256608	snap	2800	sdk	media	send_canceled	0
1781256608	snap	2800	sdk	media	send_other	0
1781256608	snap	2800	sdk	media	buffer_depth	0
0
1781256608	snap	2800	sdk	media	cp_received	558579
1781256608	snap	2800	sdk	media	lp_received	0
1781256608	snap	2800	sdk	media	cp_sent	558579
1781256608	snap	2800	sdk	media	lp_sent	0
1781256608	snap	2800	sdk	media	cp_dropped	0
1781256608	snap	2800	sdk	media	lp_dropped	0
1781256608	snap	2800	sdk	post-storage	spans_received	558570
1781256608	snap	2800	sdk	post-storage	spans_sent	558570
1781256608	snap	2800	sdk	post-storage	spans_dropped	0
1781256608	snap	2800	sdk	post-storage	spans_flushed	558570
1781256608	snap	2800	sdk	post-storage	batches_sent	3394
1781256608	snap	2800	sdk	post-storage	batches_dropped	0
1781256608	snap	2800	sdk	post-storage	send_unavailable	0
1781256608	snap	2800	sdk	post-storage	send_deadline	0
1781256608	snap	2800	sdk	post-storage	send_exhausted	0
1781256608	snap	2800	sdk	post-storage	send_canceled	0
1781256608	snap	2800	sdk	post-storage	send_other	0
1781256608	snap	2800	sdk	post-storage	buffer_depth	0
0
1781256608	snap	2800	sdk	post-storage	cp_received	558570
1781256608	snap	2800	sdk	post-storage	lp_received	0
1781256608	snap	2800	sdk	post-storage	cp_sent	558570
1781256608	snap	2800	sdk	post-storage	lp_sent	0
1781256608	snap	2800	sdk	post-storage	cp_dropped	0
1781256608	snap	2800	sdk	post-storage	lp_dropped	0
1781256608	snap	2800	sdk	socialgraph	spans_received	672404
1781256608	snap	2800	sdk	socialgraph	spans_sent	672404
1781256608	snap	2800	sdk	socialgraph	spans_dropped	0
1781256608	snap	2800	sdk	socialgraph	spans_flushed	672404
1781256608	snap	2800	sdk	socialgraph	batches_sent	3903
1781256608	snap	2800	sdk	socialgraph	batches_dropped	0
1781256608	snap	2800	sdk	socialgraph	send_unavailable	0
1781256608	snap	2800	sdk	socialgraph	send_deadline	0
1781256608	snap	2800	sdk	socialgraph	send_exhausted	0
1781256608	snap	2800	sdk	socialgraph	send_canceled	0
1781256608	snap	2800	sdk	socialgraph	send_other	0
1781256608	snap	2800	sdk	socialgraph	buffer_depth	0
0
1781256608	snap	2800	sdk	socialgraph	cp_received	559532
1781256608	snap	2800	sdk	socialgraph	lp_received	112872
1781256608	snap	2800	sdk	socialgraph	cp_sent	559532
1781256608	snap	2800	sdk	socialgraph	lp_sent	112872
1781256608	snap	2800	sdk	socialgraph	cp_dropped	0
1781256608	snap	2800	sdk	socialgraph	lp_dropped	0
1781256608	snap	2800	sdk	text	spans_received	1675755
1781256608	snap	2800	sdk	text	spans_sent	1675755
1781256608	snap	2800	sdk	text	spans_dropped	0
1781256608	snap	2800	sdk	text	spans_flushed	1675755
1781256608	snap	2800	sdk	text	batches_sent	10188
1781256608	snap	2800	sdk	text	batches_dropped	0
1781256608	snap	2800	sdk	text	send_unavailable	0
1781256608	snap	2800	sdk	text	send_deadline	0
1781256608	snap	2800	sdk	text	send_exhausted	0
1781256608	snap	2800	sdk	text	send_canceled	0
1781256608	snap	2800	sdk	text	send_other	0
1781256608	snap	2800	sdk	text	buffer_depth	0
0
1781256608	snap	2800	sdk	text	cp_received	558579
1781256608	snap	2800	sdk	text	lp_received	1117176
1781256608	snap	2800	sdk	text	cp_sent	558579
1781256608	snap	2800	sdk	text	lp_sent	1117176
1781256608	snap	2800	sdk	text	cp_dropped	0
1781256608	snap	2800	sdk	text	lp_dropped	0
1781256608	snap	2800	sdk	uniqueid	spans_received	558579
1781256608	snap	2800	sdk	uniqueid	spans_sent	558579
1781256608	snap	2800	sdk	uniqueid	spans_dropped	0
1781256608	snap	2800	sdk	uniqueid	spans_flushed	558579
1781256608	snap	2800	sdk	uniqueid	batches_sent	3395
1781256608	snap	2800	sdk	uniqueid	batches_dropped	0
1781256608	snap	2800	sdk	uniqueid	send_unavailable	0
1781256608	snap	2800	sdk	uniqueid	send_deadline	0
1781256608	snap	2800	sdk	uniqueid	send_exhausted	0
1781256608	snap	2800	sdk	uniqueid	send_canceled	0
1781256608	snap	2800	sdk	uniqueid	send_other	0
1781256608	snap	2800	sdk	uniqueid	buffer_depth	0
0
1781256608	snap	2800	sdk	uniqueid	cp_received	558579
1781256608	snap	2800	sdk	uniqueid	lp_received	0
1781256608	snap	2800	sdk	uniqueid	cp_sent	558579
1781256608	snap	2800	sdk	uniqueid	lp_sent	0
1781256608	snap	2800	sdk	uniqueid	cp_dropped	0
1781256608	snap	2800	sdk	uniqueid	lp_dropped	0
1781256608	snap	2800	sdk	urlshorten	spans_received	558579
1781256608	snap	2800	sdk	urlshorten	spans_sent	558579
1781256608	snap	2800	sdk	urlshorten	spans_dropped	0
1781256608	snap	2800	sdk	urlshorten	spans_flushed	558579
1781256608	snap	2800	sdk	urlshorten	batches_sent	3395
1781256608	snap	2800	sdk	urlshorten	batches_dropped	0
1781256608	snap	2800	sdk	urlshorten	send_unavailable	0
1781256608	snap	2800	sdk	urlshorten	send_deadline	0
1781256608	snap	2800	sdk	urlshorten	send_exhausted	0
1781256608	snap	2800	sdk	urlshorten	send_canceled	0
1781256608	snap	2800	sdk	urlshorten	send_other	0
1781256608	snap	2800	sdk	urlshorten	buffer_depth	0
0
1781256608	snap	2800	sdk	urlshorten	cp_received	558579
1781256608	snap	2800	sdk	urlshorten	lp_received	0
1781256608	snap	2800	sdk	urlshorten	cp_sent	558579
1781256608	snap	2800	sdk	urlshorten	lp_sent	0
1781256608	snap	2800	sdk	urlshorten	cp_dropped	0
1781256608	snap	2800	sdk	urlshorten	lp_dropped	0
1781256608	snap	2800	sdk	user	spans_received	560503
1781256608	snap	2800	sdk	user	spans_sent	560503
1781256608	snap	2800	sdk	user	spans_dropped	0
1781256608	snap	2800	sdk	user	spans_flushed	560503
1781256608	snap	2800	sdk	user	batches_sent	3405
1781256608	snap	2800	sdk	user	batches_dropped	0
1781256608	snap	2800	sdk	user	send_unavailable	0
1781256608	snap	2800	sdk	user	send_deadline	0
1781256608	snap	2800	sdk	user	send_exhausted	0
1781256608	snap	2800	sdk	user	send_canceled	0
1781256608	snap	2800	sdk	user	send_other	0
1781256608	snap	2800	sdk	user	buffer_depth	0
0
1781256608	snap	2800	sdk	user	cp_received	558579
1781256608	snap	2800	sdk	user	lp_received	1924
1781256608	snap	2800	sdk	user	cp_sent	558579
1781256608	snap	2800	sdk	user	lp_sent	1924
1781256608	snap	2800	sdk	user	cp_dropped	0
1781256608	snap	2800	sdk	user	lp_dropped	0
1781256608	snap	2800	sdk	userid	spans_received	75248
1781256608	snap	2800	sdk	userid	spans_sent	75248
1781256608	snap	2800	sdk	userid	spans_dropped	0
1781256608	snap	2800	sdk	userid	spans_flushed	75248
1781256608	snap	2800	sdk	userid	batches_sent	239
1781256608	snap	2800	sdk	userid	batches_dropped	0
1781256608	snap	2800	sdk	userid	send_unavailable	0
1781256608	snap	2800	sdk	userid	send_deadline	0
1781256608	snap	2800	sdk	userid	send_exhausted	0
1781256608	snap	2800	sdk	userid	send_canceled	0
1781256608	snap	2800	sdk	userid	send_other	0
1781256608	snap	2800	sdk	userid	buffer_depth	0
0
1781256608	snap	2800	sdk	userid	cp_received	75248
1781256608	snap	2800	sdk	userid	lp_received	0
1781256608	snap	2800	sdk	userid	cp_sent	75248
1781256608	snap	2800	sdk	userid	lp_sent	0
1781256608	snap	2800	sdk	userid	cp_dropped	0
1781256608	snap	2800	sdk	userid	lp_dropped	0
1781256608	snap	2800	sdk	usermention	spans_received	558579
1781256608	snap	2800	sdk	usermention	spans_sent	558579
1781256608	snap	2800	sdk	usermention	spans_dropped	0
1781256608	snap	2800	sdk	usermention	spans_flushed	558579
1781256608	snap	2800	sdk	usermention	batches_sent	3396
1781256608	snap	2800	sdk	usermention	batches_dropped	0
1781256608	snap	2800	sdk	usermention	send_unavailable	0
1781256608	snap	2800	sdk	usermention	send_deadline	0
1781256608	snap	2800	sdk	usermention	send_exhausted	0
1781256608	snap	2800	sdk	usermention	send_canceled	0
1781256608	snap	2800	sdk	usermention	send_other	0
1781256608	snap	2800	sdk	usermention	buffer_depth	0
0
1781256608	snap	2800	sdk	usermention	cp_received	558579
1781256608	snap	2800	sdk	usermention	lp_received	0
1781256608	snap	2800	sdk	usermention	cp_sent	558579
1781256608	snap	2800	sdk	usermention	lp_sent	0
1781256608	snap	2800	sdk	usermention	cp_dropped	0
1781256608	snap	2800	sdk	usermention	lp_dropped	0
1781256608	snap	2800	sdk	usertimeline	spans_received	558570
1781256608	snap	2800	sdk	usertimeline	spans_sent	558570
1781256608	snap	2800	sdk	usertimeline	spans_dropped	0
1781256608	snap	2800	sdk	usertimeline	spans_flushed	558570
1781256608	snap	2800	sdk	usertimeline	batches_sent	3394
1781256608	snap	2800	sdk	usertimeline	batches_dropped	0
1781256608	snap	2800	sdk	usertimeline	send_unavailable	0
1781256608	snap	2800	sdk	usertimeline	send_deadline	0
1781256608	snap	2800	sdk	usertimeline	send_exhausted	0
1781256608	snap	2800	sdk	usertimeline	send_canceled	0
1781256608	snap	2800	sdk	usertimeline	send_other	0
1781256608	snap	2800	sdk	usertimeline	buffer_depth	0
0
1781256608	snap	2800	sdk	usertimeline	cp_received	558570
1781256608	snap	2800	sdk	usertimeline	lp_received	0
1781256608	snap	2800	sdk	usertimeline	cp_sent	558570
1781256608	snap	2800	sdk	usertimeline	lp_sent	0
1781256608	snap	2800	sdk	usertimeline	cp_dropped	0
1781256608	snap	2800	sdk	usertimeline	lp_dropped	0
1781256675	snap	2800	otelcol	otelcol-sb-esrev0-ctr-s4p4v	otelcol_exporter_queue_size	6
1781256675	snap	2800	otelcol	otelcol-sb-esrev0-ctr-s4p4v	otelcol_process_cpu_seconds	25
1781256675	snap	2800	otelcol	otelcol-sb-esrev0-ctr-s4p4v	otelcol_processor_batch_batch_send_size_sum	895593
1781256675	snap	2800	otelcol	otelcol-sb-esrev0-ctr-s4p4v	otelcol_process_runtime_total_alloc_bytes	718277160
1781256675	snap	2800	otelcol	otelcol-sb-esrev0-ctr-s4p4v	otelcol_exporter_send_failed_spans	0
1781256675	snap	2800	otelcol	otelcol-sb-esrev0-ctr-s4p4v	otelcol_receiver_failed_spans	0
1781256675	snap	2800	otelcol	otelcol-sb-esrev0-ctr-s4p4v	otelcol_processor_outgoing_items	895593
1781256675	snap	2800	otelcol	otelcol-sb-esrev0-ctr-s4p4v	otelcol_receiver_accepted_spans	895593
1781256675	snap	2800	otelcol	otelcol-sb-esrev0-ctr-s4p4v	otelcol_exporter_queue_batch_send_size_sum	895593
1781256675	snap	2800	otelcol	otelcol-sb-esrev0-ctr-s4p4v	otelcol_receiver_refused_spans	0
1781256675	snap	2800	otelcol	otelcol-sb-esrev0-ctr-s4p4v	otelcol_process_uptime	551
1781256675	snap	2800	otelcol	otelcol-sb-esrev0-ctr-s4p4v	otelcol_exporter_sent_spans	892023
1781256675	snap	2800	otelcol	otelcol-sb-esrev0-ctr-s4p4v	otelcol_processor_batch_metadata_cardinality	1
1781256675	snap	2800	otelcol	otelcol-sb-esrev0-ctr-s4p4v	otelcol_processor_batch_timeout_trigger_send	2152
1781256675	snap	2800	otelcol	otelcol-sb-esrev0-ctr-s4p4v	otelcol_process_runtime_heap_alloc_bytes	36961632
1781256675	snap	2800	otelcol	otelcol-sb-esrev0-ctr-s4p4v	otelcol_processor_incoming_items	895593
1781256675	snap	2800	otelcol	otelcol-sb-esrev0-ctr-s4p4v	otelcol_process_runtime_total_sys_memory_bytes	88615192
1781256675	snap	2800	otelcol	otelcol-sb-esrev0-ctr-s4p4v	otelcol_process_memory_rss	226693120
1781256675	snap	2800	otelcol	otelcol-sb-esrev0-ctr-s4p4v	otelcol_exporter_queue_capacity	1001
1781256675	snap	2800	otelcol	otelcol-sb-esrev0-ctr-lbwgk	otelcol_receiver_refused_spans	0
1781256675	snap	2800	otelcol	otelcol-sb-esrev0-ctr-lbwgk	otelcol_process_uptime	550
1781256675	snap	2800	otelcol	otelcol-sb-esrev0-ctr-lbwgk	otelcol_exporter_queue_size	8
1781256675	snap	2800	otelcol	otelcol-sb-esrev0-ctr-lbwgk	otelcol_exporter_queue_batch_send_size_sum	169321
1781256675	snap	2800	otelcol	otelcol-sb-esrev0-ctr-lbwgk	otelcol_processor_outgoing_items	169321
1781256675	snap	2800	otelcol	otelcol-sb-esrev0-ctr-lbwgk	otelcol_process_runtime_total_alloc_bytes	291867072
1781256675	snap	2800	otelcol	otelcol-sb-esrev0-ctr-lbwgk	otelcol_processor_batch_batch_send_size_sum	169321
1781256675	snap	2800	otelcol	otelcol-sb-esrev0-ctr-lbwgk	otelcol_exporter_send_failed_spans	0
1781256675	snap	2800	otelcol	otelcol-sb-esrev0-ctr-lbwgk	otelcol_processor_batch_metadata_cardinality	1
1781256675	snap	2800	otelcol	otelcol-sb-esrev0-ctr-lbwgk	otelcol_process_memory_rss	215379968
1781256675	snap	2800	otelcol	otelcol-sb-esrev0-ctr-lbwgk	otelcol_receiver_accepted_spans	169321
1781256675	snap	2800	otelcol	otelcol-sb-esrev0-ctr-lbwgk	otelcol_processor_batch_timeout_trigger_send	2151
1781256675	snap	2800	otelcol	otelcol-sb-esrev0-ctr-lbwgk	otelcol_process_runtime_heap_alloc_bytes	46958608
1781256675	snap	2800	otelcol	otelcol-sb-esrev0-ctr-lbwgk	otelcol_process_cpu_seconds	21
1781256675	snap	2800	otelcol	otelcol-sb-esrev0-ctr-lbwgk	otelcol_processor_incoming_items	169321
1781256675	snap	2800	otelcol	otelcol-sb-esrev0-ctr-lbwgk	otelcol_process_runtime_total_sys_memory_bytes	76073240
1781256675	snap	2800	otelcol	otelcol-sb-esrev0-ctr-lbwgk	otelcol_exporter_sent_spans	168353
1781256675	snap	2800	otelcol	otelcol-sb-esrev0-ctr-lbwgk	otelcol_exporter_queue_capacity	1001
1781256675	snap	2800	otelcol	otelcol-sb-esrev0-ctr-lbwgk	otelcol_receiver_failed_spans	0
1781256675	snap	2800	otelcol	otelcol-sb-esrev0-ctr-4qc2z	otelcol_receiver_failed_spans	0
1781256675	snap	2800	otelcol	otelcol-sb-esrev0-ctr-4qc2z	otelcol_process_cpu_seconds	25
1781256675	snap	2800	otelcol	otelcol-sb-esrev0-ctr-4qc2z	otelcol_receiver_refused_spans	0
1781256675	snap	2800	otelcol	otelcol-sb-esrev0-ctr-4qc2z	otelcol_process_runtime_heap_alloc_bytes	31060720
1781256675	snap	2800	otelcol	otelcol-sb-esrev0-ctr-4qc2z	otelcol_process_memory_rss	225738752
1781256675	snap	2800	otelcol	otelcol-sb-esrev0-ctr-4qc2z	otelcol_exporter_send_failed_spans	0
1781256675	snap	2800	otelcol	otelcol-sb-esrev0-ctr-4qc2z	otelcol_process_runtime_total_alloc_bytes	718241816
1781256675	snap	2800	otelcol	otelcol-sb-esrev0-ctr-4qc2z	otelcol_processor_batch_metadata_cardinality	1
1781256675	snap	2800	otelcol	otelcol-sb-esrev0-ctr-4qc2z	otelcol_processor_incoming_items	895224
1781256675	snap	2800	otelcol	otelcol-sb-esrev0-ctr-4qc2z	otelcol_processor_batch_timeout_trigger_send	2157
1781256675	snap	2800	otelcol	otelcol-sb-esrev0-ctr-4qc2z	otelcol_processor_batch_batch_send_size_sum	895224
1781256675	snap	2800	otelcol	otelcol-sb-esrev0-ctr-4qc2z	otelcol_process_runtime_total_sys_memory_bytes	93612312
1781256675	snap	2800	otelcol	otelcol-sb-esrev0-ctr-4qc2z	otelcol_exporter_sent_spans	893588
1781256675	snap	2800	otelcol	otelcol-sb-esrev0-ctr-4qc2z	otelcol_receiver_accepted_spans	895224
1781256675	snap	2800	otelcol	otelcol-sb-esrev0-ctr-4qc2z	otelcol_processor_outgoing_items	895224
1781256675	snap	2800	otelcol	otelcol-sb-esrev0-ctr-4qc2z	otelcol_exporter_queue_size	3
1781256675	snap	2800	otelcol	otelcol-sb-esrev0-ctr-4qc2z	otelcol_exporter_queue_batch_send_size_sum	895224
1781256675	snap	2800	otelcol	otelcol-sb-esrev0-ctr-4qc2z	otelcol_process_uptime	552
1781256675	snap	2800	otelcol	otelcol-sb-esrev0-ctr-4qc2z	otelcol_exporter_queue_capacity	1001
1781256675	snap	2800	otelcol	otelcol-sb-esrev0-ctr-stlt9	otelcol_processor_incoming_items	1621135
1781256675	snap	2800	otelcol	otelcol-sb-esrev0-ctr-stlt9	otelcol_receiver_accepted_spans	1621135
1781256675	snap	2800	otelcol	otelcol-sb-esrev0-ctr-stlt9	otelcol_processor_outgoing_items	1621135
1781256675	snap	2800	otelcol	otelcol-sb-esrev0-ctr-stlt9	otelcol_processor_batch_metadata_cardinality	1
1781256675	snap	2800	otelcol	otelcol-sb-esrev0-ctr-stlt9	otelcol_processor_batch_timeout_trigger_send	2158
1781256675	snap	2800	otelcol	otelcol-sb-esrev0-ctr-stlt9	otelcol_processor_batch_batch_send_size_sum	1621135
1781256675	snap	2800	otelcol	otelcol-sb-esrev0-ctr-stlt9	otelcol_process_memory_rss	225734656
1781256675	snap	2800	otelcol	otelcol-sb-esrev0-ctr-stlt9	otelcol_exporter_queue_capacity	1001
1781256675	snap	2800	otelcol	otelcol-sb-esrev0-ctr-stlt9	otelcol_exporter_sent_spans	1618120
1781256675	snap	2800	otelcol	otelcol-sb-esrev0-ctr-stlt9	otelcol_process_runtime_total_sys_memory_bytes	88615192
1781256675	snap	2800	otelcol	otelcol-sb-esrev0-ctr-stlt9	otelcol_exporter_queue_size	3
1781256675	snap	2800	otelcol	otelcol-sb-esrev0-ctr-stlt9	otelcol_receiver_refused_spans	0
1781256675	snap	2800	otelcol	otelcol-sb-esrev0-ctr-stlt9	otelcol_receiver_failed_spans	0
1781256675	snap	2800	otelcol	otelcol-sb-esrev0-ctr-stlt9	otelcol_process_uptime	552
1781256675	snap	2800	otelcol	otelcol-sb-esrev0-ctr-stlt9	otelcol_process_runtime_heap_alloc_bytes	56068904
1781256675	snap	2800	otelcol	otelcol-sb-esrev0-ctr-stlt9	otelcol_exporter_send_failed_spans	0
1781256675	snap	2800	otelcol	otelcol-sb-esrev0-ctr-stlt9	otelcol_exporter_queue_batch_send_size_sum	1621135
1781256675	snap	2800	otelcol	otelcol-sb-esrev0-ctr-stlt9	otelcol_process_runtime_total_alloc_bytes	1154699336
1781256675	snap	2800	otelcol	otelcol-sb-esrev0-ctr-stlt9	otelcol_process_cpu_seconds	34
1781256675	snap	2800	otelcol	otelcol-sb-esrev0-ctr-f8wkx	otelcol_receiver_failed_spans	0
1781256675	snap	2800	otelcol	otelcol-sb-esrev0-ctr-f8wkx	otelcol_process_runtime_total_sys_memory_bytes	98060568
1781256675	snap	2800	otelcol	otelcol-sb-esrev0-ctr-f8wkx	otelcol_exporter_queue_size	9
1781256675	snap	2800	otelcol	otelcol-sb-esrev0-ctr-f8wkx	otelcol_process_runtime_total_alloc_bytes	1867984936
1781256675	snap	2800	otelcol	otelcol-sb-esrev0-ctr-f8wkx	otelcol_exporter_send_failed_spans	0
1781256675	snap	2800	otelcol	otelcol-sb-esrev0-ctr-f8wkx	otelcol_processor_batch_metadata_cardinality	1
1781256675	snap	2800	otelcol	otelcol-sb-esrev0-ctr-f8wkx	otelcol_exporter_queue_batch_send_size_sum	3150206
1781256675	snap	2800	otelcol	otelcol-sb-esrev0-ctr-f8wkx	otelcol_processor_batch_timeout_trigger_send	2169
1781256675	snap	2800	otelcol	otelcol-sb-esrev0-ctr-f8wkx	otelcol_processor_incoming_items	3150206
1781256675	snap	2800	otelcol	otelcol-sb-esrev0-ctr-f8wkx	otelcol_process_cpu_seconds	49
1781256675	snap	2800	otelcol	otelcol-sb-esrev0-ctr-f8wkx	otelcol_processor_batch_batch_send_size_sum	3150206
1781256675	snap	2800	otelcol	otelcol-sb-esrev0-ctr-f8wkx	otelcol_process_uptime	551
1781256675	snap	2800	otelcol	otelcol-sb-esrev0-ctr-f8wkx	otelcol_process_runtime_heap_alloc_bytes	67542592
1781256675	snap	2800	otelcol	otelcol-sb-esrev0-ctr-f8wkx	otelcol_exporter_sent_spans	3131278
1781256675	snap	2800	otelcol	otelcol-sb-esrev0-ctr-f8wkx	otelcol_receiver_refused_spans	0
1781256675	snap	2800	otelcol	otelcol-sb-esrev0-ctr-f8wkx	otelcol_processor_outgoing_items	3150206
1781256675	snap	2800	otelcol	otelcol-sb-esrev0-ctr-f8wkx	otelcol_receiver_accepted_spans	3150206
1781256675	snap	2800	otelcol	otelcol-sb-esrev0-ctr-f8wkx	otelcol_process_memory_rss	235073536
1781256675	snap	2800	otelcol	otelcol-sb-esrev0-ctr-f8wkx	otelcol_exporter_queue_capacity	1001
1781256675	snap	2800	otelcol	otelcol-sb-esrev0-ctr-r2dsm	otelcol_receiver_refused_spans	15833
1781256675	snap	2800	otelcol	otelcol-sb-esrev0-ctr-r2dsm	otelcol_receiver_failed_spans	0
1781256675	snap	2800	otelcol	otelcol-sb-esrev0-ctr-r2dsm	otelcol_processor_outgoing_items	7412527
1781256675	snap	2800	otelcol	otelcol-sb-esrev0-ctr-r2dsm	otelcol_process_uptime	550
1781256675	snap	2800	otelcol	otelcol-sb-esrev0-ctr-r2dsm	otelcol_process_runtime_total_alloc_bytes	4463098864
1781256675	snap	2800	otelcol	otelcol-sb-esrev0-ctr-r2dsm	otelcol_process_memory_rss	270712832
1781256675	snap	2800	otelcol	otelcol-sb-esrev0-ctr-r2dsm	otelcol_exporter_send_failed_spans	0
1781256675	snap	2800	otelcol	otelcol-sb-esrev0-ctr-r2dsm	otelcol_exporter_queue_batch_send_size_sum	7412527
1781256675	snap	2800	otelcol	otelcol-sb-esrev0-ctr-r2dsm	otelcol_receiver_accepted_spans	7412527
1781256675	snap	2800	otelcol	otelcol-sb-esrev0-ctr-r2dsm	otelcol_processor_batch_metadata_cardinality	1
1781256675	snap	2800	otelcol	otelcol-sb-esrev0-ctr-r2dsm	otelcol_processor_batch_timeout_trigger_send	2157
1781256675	snap	2800	otelcol	otelcol-sb-esrev0-ctr-r2dsm	otelcol_processor_batch_batch_send_size_sum	7412527
1781256675	snap	2800	otelcol	otelcol-sb-esrev0-ctr-r2dsm	otelcol_process_cpu_seconds	82
1781256675	snap	2800	otelcol	otelcol-sb-esrev0-ctr-r2dsm	otelcol_exporter_queue_capacity	1001
1781256675	snap	2800	otelcol	otelcol-sb-esrev0-ctr-r2dsm	otelcol_process_runtime_heap_alloc_bytes	78610280
1781256675	snap	2800	otelcol	otelcol-sb-esrev0-ctr-r2dsm	otelcol_exporter_sent_spans	7377722
1781256675	snap	2800	otelcol	otelcol-sb-esrev0-ctr-r2dsm	otelcol_exporter_queue_size	7
1781256675	snap	2800	otelcol	otelcol-sb-esrev0-ctr-r2dsm	otelcol_processor_incoming_items	7428360
1781256675	snap	2800	otelcol	otelcol-sb-esrev0-ctr-r2dsm	otelcol_process_runtime_total_sys_memory_bytes	136018216
1781256675	snap	2800	otelcol	otelcol-sb-esrev0-ctr-knvlf	otelcol_receiver_accepted_spans	896399
1781256675	snap	2800	otelcol	otelcol-sb-esrev0-ctr-knvlf	otelcol_process_runtime_total_sys_memory_bytes	84412696
1781256675	snap	2800	otelcol	otelcol-sb-esrev0-ctr-knvlf	otelcol_process_runtime_heap_alloc_bytes	49659640
1781256675	snap	2800	otelcol	otelcol-sb-esrev0-ctr-knvlf	otelcol_processor_batch_metadata_cardinality	1
1781256675	snap	2800	otelcol	otelcol-sb-esrev0-ctr-knvlf	otelcol_processor_batch_timeout_trigger_send	2156
1781256675	snap	2800	otelcol	otelcol-sb-esrev0-ctr-knvlf	otelcol_processor_batch_batch_send_size_sum	896399
1781256675	snap	2800	otelcol	otelcol-sb-esrev0-ctr-knvlf	otelcol_process_cpu_seconds	26
1781256675	snap	2800	otelcol	otelcol-sb-esrev0-ctr-knvlf	otelcol_exporter_queue_capacity	1001
1781256675	snap	2800	otelcol	otelcol-sb-esrev0-ctr-knvlf	otelcol_exporter_queue_batch_send_size_sum	896399
1781256675	snap	2800	otelcol	otelcol-sb-esrev0-ctr-knvlf	otelcol_receiver_refused_spans	0
1781256675	snap	2800	otelcol	otelcol-sb-esrev0-ctr-knvlf	otelcol_process_memory_rss	222887936
1781256675	snap	2800	otelcol	otelcol-sb-esrev0-ctr-knvlf	otelcol_process_uptime	552
1781256675	snap	2800	otelcol	otelcol-sb-esrev0-ctr-knvlf	otelcol_process_runtime_total_alloc_bytes	703185128
1781256675	snap	2800	otelcol	otelcol-sb-esrev0-ctr-knvlf	otelcol_exporter_sent_spans	892235
1781256675	snap	2800	otelcol	otelcol-sb-esrev0-ctr-knvlf	otelcol_exporter_queue_size	7
1781256675	snap	2800	otelcol	otelcol-sb-esrev0-ctr-knvlf	otelcol_processor_incoming_items	896399
1781256675	snap	2800	otelcol	otelcol-sb-esrev0-ctr-knvlf	otelcol_receiver_failed_spans	0
1781256675	snap	2800	otelcol	otelcol-sb-esrev0-ctr-knvlf	otelcol_processor_outgoing_items	896399
1781256675	snap	2800	otelcol	otelcol-sb-esrev0-ctr-knvlf	otelcol_exporter_send_failed_spans	0
1781256675	snap	2800	otelcol	otelcol-sb-esrev0-ctr-fb877	otelcol_exporter_send_failed_spans	0
1781256675	snap	2800	otelcol	otelcol-sb-esrev0-ctr-fb877	otelcol_process_uptime	552
1781256675	snap	2800	otelcol	otelcol-sb-esrev0-ctr-fb877	otelcol_process_runtime_heap_alloc_bytes	47790160
1781256675	snap	2800	otelcol	otelcol-sb-esrev0-ctr-fb877	otelcol_process_cpu_seconds	24
1781256675	snap	2800	otelcol	otelcol-sb-esrev0-ctr-fb877	otelcol_exporter_queue_capacity	1001
1781256675	snap	2800	otelcol	otelcol-sb-esrev0-ctr-fb877	otelcol_exporter_sent_spans	894815
1781256675	snap	2800	otelcol	otelcol-sb-esrev0-ctr-fb877	otelcol_exporter_queue_batch_send_size_sum	897530
1781256675	snap	2800	otelcol	otelcol-sb-esrev0-ctr-fb877	otelcol_processor_incoming_items	897530
1781256675	snap	2800	otelcol	otelcol-sb-esrev0-ctr-fb877	otelcol_receiver_failed_spans	0
1781256675	snap	2800	otelcol	otelcol-sb-esrev0-ctr-fb877	otelcol_processor_batch_batch_send_size_sum	897530
1781256675	snap	2800	otelcol	otelcol-sb-esrev0-ctr-fb877	otelcol_processor_outgoing_items	897530
1781256675	snap	2800	otelcol	otelcol-sb-esrev0-ctr-fb877	otelcol_processor_batch_metadata_cardinality	1
1781256675	snap	2800	otelcol	otelcol-sb-esrev0-ctr-fb877	otelcol_process_runtime_total_sys_memory_bytes	85190936
1781256675	snap	2800	otelcol	otelcol-sb-esrev0-ctr-fb877	otelcol_exporter_queue_size	4
1781256675	snap	2800	otelcol	otelcol-sb-esrev0-ctr-fb877	otelcol_processor_batch_timeout_trigger_send	2161
1781256675	snap	2800	otelcol	otelcol-sb-esrev0-ctr-fb877	otelcol_receiver_refused_spans	0
1781256675	snap	2800	otelcol	otelcol-sb-esrev0-ctr-fb877	otelcol_receiver_accepted_spans	897530
1781256675	snap	2800	otelcol	otelcol-sb-esrev0-ctr-fb877	otelcol_process_runtime_total_alloc_bytes	746946824
1781256675	snap	2800	otelcol	otelcol-sb-esrev0-ctr-fb877	otelcol_process_memory_rss	222736384
1781256675	snap	2800	otelcol	otelcol-sb-esrev0-ctr-b7q4j	otelcol_processor_batch_timeout_trigger_send	2164
1781256675	snap	2800	otelcol	otelcol-sb-esrev0-ctr-b7q4j	otelcol_exporter_queue_capacity	1001
1781256675	snap	2800	otelcol	otelcol-sb-esrev0-ctr-b7q4j	otelcol_receiver_failed_spans	0
1781256675	snap	2800	otelcol	otelcol-sb-esrev0-ctr-b7q4j	otelcol_processor_batch_batch_send_size_sum	1010226
1781256675	snap	2800	otelcol	otelcol-sb-esrev0-ctr-b7q4j	otelcol_exporter_queue_batch_send_size_sum	1010226
1781256675	snap	2800	otelcol	otelcol-sb-esrev0-ctr-b7q4j	otelcol_process_runtime_heap_alloc_bytes	52215632
1781256675	snap	2800	otelcol	otelcol-sb-esrev0-ctr-b7q4j	otelcol_process_cpu_seconds	25
1781256675	snap	2800	otelcol	otelcol-sb-esrev0-ctr-b7q4j	otelcol_exporter_send_failed_spans	0
1781256675	snap	2800	otelcol	otelcol-sb-esrev0-ctr-b7q4j	otelcol_process_memory_rss	222232576
1781256675	snap	2800	otelcol	otelcol-sb-esrev0-ctr-b7q4j	otelcol_exporter_sent_spans	1007847
1781256675	snap	2800	otelcol	otelcol-sb-esrev0-ctr-b7q4j	otelcol_processor_incoming_items	1010226
1781256675	snap	2800	otelcol	otelcol-sb-esrev0-ctr-b7q4j	otelcol_process_uptime	554
1781256675	snap	2800	otelcol	otelcol-sb-esrev0-ctr-b7q4j	otelcol_process_runtime_total_alloc_bytes	785471112
1781256675	snap	2800	otelcol	otelcol-sb-esrev0-ctr-b7q4j	otelcol_receiver_refused_spans	0
1781256675	snap	2800	otelcol	otelcol-sb-esrev0-ctr-b7q4j	otelcol_processor_outgoing_items	1010226
1781256675	snap	2800	otelcol	otelcol-sb-esrev0-ctr-b7q4j	otelcol_receiver_accepted_spans	1010226
1781256675	snap	2800	otelcol	otelcol-sb-esrev0-ctr-b7q4j	otelcol_processor_batch_metadata_cardinality	1
1781256675	snap	2800	otelcol	otelcol-sb-esrev0-ctr-b7q4j	otelcol_process_runtime_total_sys_memory_bytes	88877336
1781256675	snap	2800	otelcol	otelcol-sb-esrev0-ctr-b7q4j	otelcol_exporter_queue_size	4
1781256675	snap	2800	k8s	otelcol-sb-esrev0-ctr-4qc2z	restart_count	0
1781256675	snap	2800	k8s	otelcol-sb-esrev0-ctr-b7q4j	restart_count	0
1781256675	snap	2800	k8s	otelcol-sb-esrev0-ctr-f8wkx	restart_count	0
1781256675	snap	2800	k8s	otelcol-sb-esrev0-ctr-fb877	restart_count	0
1781256675	snap	2800	k8s	otelcol-sb-esrev0-ctr-knvlf	restart_count	0
1781256675	snap	2800	k8s	otelcol-sb-esrev0-ctr-lbwgk	restart_count	0
1781256675	snap	2800	k8s	otelcol-sb-esrev0-ctr-r2dsm	restart_count	0
1781256675	snap	2800	k8s	otelcol-sb-esrev0-ctr-s4p4v	restart_count	0
1781256675	snap	2800	k8s	otelcol-sb-esrev0-ctr-stlt9	restart_count	0
1781256675	snap	2800	sdk	wrk2api	spans_received	169321
1781256675	snap	2800	sdk	wrk2api	spans_sent	169321
1781256675	snap	2800	sdk	wrk2api	spans_dropped	0
1781256675	snap	2800	sdk	wrk2api	spans_flushed	169321
1781256675	snap	2800	sdk	wrk2api	batches_sent	8434
1781256675	snap	2800	sdk	wrk2api	batches_dropped	0
1781256675	snap	2800	sdk	wrk2api	send_unavailable	0
1781256675	snap	2800	sdk	wrk2api	send_deadline	0
1781256675	snap	2800	sdk	wrk2api	send_exhausted	0
1781256675	snap	2800	sdk	wrk2api	send_canceled	0
1781256675	snap	2800	sdk	wrk2api	send_other	0
1781256675	snap	2800	sdk	wrk2api	buffer_depth	0
0
1781256675	snap	2800	sdk	wrk2api	cp_received	84660
1781256675	snap	2800	sdk	wrk2api	lp_received	84661
1781256675	snap	2800	sdk	wrk2api	cp_sent	84660
1781256675	snap	2800	sdk	wrk2api	lp_sent	84661
1781256675	snap	2800	sdk	wrk2api	cp_dropped	0
1781256675	snap	2800	sdk	wrk2api	lp_dropped	0
1781256675	snap	2800	sdk	composepost	spans_received	5807247
1781256675	snap	2800	sdk	composepost	spans_sent	5793395
1781256675	snap	2800	sdk	composepost	spans_dropped	13852
1781256675	snap	2800	sdk	composepost	spans_flushed	5807247
1781256675	snap	2800	sdk	composepost	batches_sent	31915
1781256675	snap	2800	sdk	composepost	batches_dropped	48
1781256675	snap	2800	sdk	composepost	send_unavailable	48
1781256675	snap	2800	sdk	composepost	send_deadline	0
1781256675	snap	2800	sdk	composepost	send_exhausted	0
1781256675	snap	2800	sdk	composepost	send_canceled	0
1781256675	snap	2800	sdk	composepost	send_other	0
1781256675	snap	2800	sdk	composepost	buffer_depth	0
0
1781256675	snap	2800	sdk	composepost	cp_received	0
1781256675	snap	2800	sdk	composepost	lp_received	5807247
1781256675	snap	2800	sdk	composepost	cp_sent	0
1781256675	snap	2800	sdk	composepost	lp_sent	5793395
1781256675	snap	2800	sdk	composepost	cp_dropped	0
1781256675	snap	2800	sdk	composepost	lp_dropped	13852
1781256675	snap	2800	sdk	hometimeline	spans_received	1451796
1781256675	snap	2800	sdk	hometimeline	spans_sent	1450020
1781256675	snap	2800	sdk	hometimeline	spans_dropped	1776
1781256675	snap	2800	sdk	hometimeline	spans_flushed	1451796
1781256675	snap	2800	sdk	hometimeline	batches_sent	7985
1781256675	snap	2800	sdk	hometimeline	batches_dropped	6
1781256675	snap	2800	sdk	hometimeline	send_unavailable	6
1781256675	snap	2800	sdk	hometimeline	send_deadline	0
1781256675	snap	2800	sdk	hometimeline	send_exhausted	0
1781256675	snap	2800	sdk	hometimeline	send_canceled	0
1781256675	snap	2800	sdk	hometimeline	send_other	0
1781256675	snap	2800	sdk	hometimeline	buffer_depth	0
0
1781256675	snap	2800	sdk	hometimeline	cp_received	725898
1781256675	snap	2800	sdk	hometimeline	lp_received	725898
1781256675	snap	2800	sdk	hometimeline	cp_sent	725898
1781256675	snap	2800	sdk	hometimeline	lp_sent	724122
1781256675	snap	2800	sdk	hometimeline	cp_dropped	0
1781256675	snap	2800	sdk	hometimeline	lp_dropped	1776
1781256675	snap	2800	sdk	media	spans_received	725907
1781256675	snap	2800	sdk	media	spans_sent	725907
1781256675	snap	2800	sdk	media	spans_dropped	0
1781256675	snap	2800	sdk	media	spans_flushed	725907
1781256675	snap	2800	sdk	media	batches_sent	3996
1781256675	snap	2800	sdk	media	batches_dropped	0
1781256675	snap	2800	sdk	media	send_unavailable	0
1781256675	snap	2800	sdk	media	send_deadline	0
1781256675	snap	2800	sdk	media	send_exhausted	0
1781256675	snap	2800	sdk	media	send_canceled	0
1781256675	snap	2800	sdk	media	send_other	0
1781256675	snap	2800	sdk	media	buffer_depth	0
0
1781256675	snap	2800	sdk	media	cp_received	725907
1781256675	snap	2800	sdk	media	lp_received	0
1781256675	snap	2800	sdk	media	cp_sent	725907
1781256675	snap	2800	sdk	media	lp_sent	0
1781256675	snap	2800	sdk	media	cp_dropped	0
1781256675	snap	2800	sdk	media	lp_dropped	0
1781256675	snap	2800	sdk	post-storage	spans_received	725898
1781256675	snap	2800	sdk	post-storage	spans_sent	725898
1781256675	snap	2800	sdk	post-storage	spans_dropped	0
1781256675	snap	2800	sdk	post-storage	spans_flushed	725898
1781256675	snap	2800	sdk	post-storage	batches_sent	3994
1781256675	snap	2800	sdk	post-storage	batches_dropped	0
1781256675	snap	2800	sdk	post-storage	send_unavailable	0
1781256675	snap	2800	sdk	post-storage	send_deadline	0
1781256675	snap	2800	sdk	post-storage	send_exhausted	0
1781256675	snap	2800	sdk	post-storage	send_canceled	0
1781256675	snap	2800	sdk	post-storage	send_other	0
1781256675	snap	2800	sdk	post-storage	buffer_depth	0
0
1781256675	snap	2800	sdk	post-storage	cp_received	725898
1781256675	snap	2800	sdk	post-storage	lp_received	0
1781256675	snap	2800	sdk	post-storage	cp_sent	725898
1781256675	snap	2800	sdk	post-storage	lp_sent	0
1781256675	snap	2800	sdk	post-storage	cp_dropped	0
1781256675	snap	2800	sdk	post-storage	lp_dropped	0
1781256675	snap	2800	sdk	socialgraph	spans_received	839732
1781256675	snap	2800	sdk	socialgraph	spans_sent	839732
1781256675	snap	2800	sdk	socialgraph	spans_dropped	0
1781256675	snap	2800	sdk	socialgraph	spans_flushed	839732
1781256675	snap	2800	sdk	socialgraph	batches_sent	4503
1781256675	snap	2800	sdk	socialgraph	batches_dropped	0
1781256675	snap	2800	sdk	socialgraph	send_unavailable	0
1781256675	snap	2800	sdk	socialgraph	send_deadline	0
1781256675	snap	2800	sdk	socialgraph	send_exhausted	0
1781256675	snap	2800	sdk	socialgraph	send_canceled	0
1781256675	snap	2800	sdk	socialgraph	send_other	0
1781256675	snap	2800	sdk	socialgraph	buffer_depth	0
0
1781256675	snap	2800	sdk	socialgraph	cp_received	726860
1781256675	snap	2800	sdk	socialgraph	lp_received	112872
1781256675	snap	2800	sdk	socialgraph	cp_sent	726860
1781256675	snap	2800	sdk	socialgraph	lp_sent	112872
1781256675	snap	2800	sdk	socialgraph	cp_dropped	0
1781256675	snap	2800	sdk	socialgraph	lp_dropped	0
1781256675	snap	2800	sdk	text	spans_received	2177739
1781256675	snap	2800	sdk	text	spans_sent	2177739
1781256675	snap	2800	sdk	text	spans_dropped	0
1781256675	snap	2800	sdk	text	spans_flushed	2177739
1781256675	snap	2800	sdk	text	batches_sent	11988
1781256675	snap	2800	sdk	text	batches_dropped	0
1781256675	snap	2800	sdk	text	send_unavailable	0
1781256675	snap	2800	sdk	text	send_deadline	0
1781256675	snap	2800	sdk	text	send_exhausted	0
1781256675	snap	2800	sdk	text	send_canceled	0
1781256675	snap	2800	sdk	text	send_other	0
1781256675	snap	2800	sdk	text	buffer_depth	0
0
1781256675	snap	2800	sdk	text	cp_received	725907
1781256675	snap	2800	sdk	text	lp_received	1451832
1781256675	snap	2800	sdk	text	cp_sent	725907
1781256675	snap	2800	sdk	text	lp_sent	1451832
1781256675	snap	2800	sdk	text	cp_dropped	0
1781256675	snap	2800	sdk	text	lp_dropped	0
1781256675	snap	2800	sdk	uniqueid	spans_received	725907
1781256675	snap	2800	sdk	uniqueid	spans_sent	725907
1781256675	snap	2800	sdk	uniqueid	spans_dropped	0
1781256675	snap	2800	sdk	uniqueid	spans_flushed	725907
1781256675	snap	2800	sdk	uniqueid	batches_sent	3995
1781256675	snap	2800	sdk	uniqueid	batches_dropped	0
1781256675	snap	2800	sdk	uniqueid	send_unavailable	0
1781256675	snap	2800	sdk	uniqueid	send_deadline	0
1781256675	snap	2800	sdk	uniqueid	send_exhausted	0
1781256675	snap	2800	sdk	uniqueid	send_canceled	0
1781256675	snap	2800	sdk	uniqueid	send_other	0
1781256675	snap	2800	sdk	uniqueid	buffer_depth	0
0
1781256675	snap	2800	sdk	uniqueid	cp_received	725907
1781256675	snap	2800	sdk	uniqueid	lp_received	0
1781256675	snap	2800	sdk	uniqueid	cp_sent	725907
1781256675	snap	2800	sdk	uniqueid	lp_sent	0
1781256675	snap	2800	sdk	uniqueid	cp_dropped	0
1781256675	snap	2800	sdk	uniqueid	lp_dropped	0
1781256675	snap	2800	sdk	urlshorten	spans_received	725907
1781256675	snap	2800	sdk	urlshorten	spans_sent	725907
1781256675	snap	2800	sdk	urlshorten	spans_dropped	0
1781256675	snap	2800	sdk	urlshorten	spans_flushed	725907
1781256675	snap	2800	sdk	urlshorten	batches_sent	3995
1781256675	snap	2800	sdk	urlshorten	batches_dropped	0
1781256675	snap	2800	sdk	urlshorten	send_unavailable	0
1781256675	snap	2800	sdk	urlshorten	send_deadline	0
1781256675	snap	2800	sdk	urlshorten	send_exhausted	0
1781256675	snap	2800	sdk	urlshorten	send_canceled	0
1781256675	snap	2800	sdk	urlshorten	send_other	0
1781256675	snap	2800	sdk	urlshorten	buffer_depth	0
0
1781256675	snap	2800	sdk	urlshorten	cp_received	725907
1781256675	snap	2800	sdk	urlshorten	lp_received	0
1781256675	snap	2800	sdk	urlshorten	cp_sent	725907
1781256675	snap	2800	sdk	urlshorten	lp_sent	0
1781256675	snap	2800	sdk	urlshorten	cp_dropped	0
1781256675	snap	2800	sdk	urlshorten	lp_dropped	0
1781256675	snap	2800	sdk	user	spans_received	727831
1781256675	snap	2800	sdk	user	spans_sent	727831
1781256675	snap	2800	sdk	user	spans_dropped	0
1781256675	snap	2800	sdk	user	spans_flushed	727831
1781256675	snap	2800	sdk	user	batches_sent	4005
1781256675	snap	2800	sdk	user	batches_dropped	0
1781256675	snap	2800	sdk	user	send_unavailable	0
1781256675	snap	2800	sdk	user	send_deadline	0
1781256675	snap	2800	sdk	user	send_exhausted	0
1781256675	snap	2800	sdk	user	send_canceled	0
1781256675	snap	2800	sdk	user	send_other	0
1781256675	snap	2800	sdk	user	buffer_depth	0
0
1781256675	snap	2800	sdk	user	cp_received	725907
1781256675	snap	2800	sdk	user	lp_received	1924
1781256675	snap	2800	sdk	user	cp_sent	725907
1781256675	snap	2800	sdk	user	lp_sent	1924
1781256675	snap	2800	sdk	user	cp_dropped	0
1781256675	snap	2800	sdk	user	lp_dropped	0
1781256675	snap	2800	sdk	userid	spans_received	75248
1781256675	snap	2800	sdk	userid	spans_sent	75248
1781256675	snap	2800	sdk	userid	spans_dropped	0
1781256675	snap	2800	sdk	userid	spans_flushed	75248
1781256675	snap	2800	sdk	userid	batches_sent	239
1781256675	snap	2800	sdk	userid	batches_dropped	0
1781256675	snap	2800	sdk	userid	send_unavailable	0
1781256675	snap	2800	sdk	userid	send_deadline	0
1781256675	snap	2800	sdk	userid	send_exhausted	0
1781256675	snap	2800	sdk	userid	send_canceled	0
1781256675	snap	2800	sdk	userid	send_other	0
1781256675	snap	2800	sdk	userid	buffer_depth	0
0
1781256675	snap	2800	sdk	userid	cp_received	75248
1781256675	snap	2800	sdk	userid	lp_received	0
1781256675	snap	2800	sdk	userid	cp_sent	75248
1781256675	snap	2800	sdk	userid	lp_sent	0
1781256675	snap	2800	sdk	userid	cp_dropped	0
1781256675	snap	2800	sdk	userid	lp_dropped	0
1781256675	snap	2800	sdk	usermention	spans_received	725907
1781256675	snap	2800	sdk	usermention	spans_sent	725907
1781256675	snap	2800	sdk	usermention	spans_dropped	0
1781256675	snap	2800	sdk	usermention	spans_flushed	725907
1781256675	snap	2800	sdk	usermention	batches_sent	3996
1781256675	snap	2800	sdk	usermention	batches_dropped	0
1781256675	snap	2800	sdk	usermention	send_unavailable	0
1781256675	snap	2800	sdk	usermention	send_deadline	0
1781256675	snap	2800	sdk	usermention	send_exhausted	0
1781256675	snap	2800	sdk	usermention	send_canceled	0
1781256675	snap	2800	sdk	usermention	send_other	0
1781256675	snap	2800	sdk	usermention	buffer_depth	0
0
1781256675	snap	2800	sdk	usermention	cp_received	725907
1781256675	snap	2800	sdk	usermention	lp_received	0
1781256675	snap	2800	sdk	usermention	cp_sent	725907
1781256675	snap	2800	sdk	usermention	lp_sent	0
1781256675	snap	2800	sdk	usermention	cp_dropped	0
1781256675	snap	2800	sdk	usermention	lp_dropped	0
1781256675	snap	2800	sdk	usertimeline	spans_received	725898
1781256675	snap	2800	sdk	usertimeline	spans_sent	725898
1781256675	snap	2800	sdk	usertimeline	spans_dropped	0
1781256675	snap	2800	sdk	usertimeline	spans_flushed	725898
1781256675	snap	2800	sdk	usertimeline	batches_sent	3994
1781256675	snap	2800	sdk	usertimeline	batches_dropped	0
1781256675	snap	2800	sdk	usertimeline	send_unavailable	0
1781256675	snap	2800	sdk	usertimeline	send_deadline	0
1781256675	snap	2800	sdk	usertimeline	send_exhausted	0
1781256675	snap	2800	sdk	usertimeline	send_canceled	0
1781256675	snap	2800	sdk	usertimeline	send_other	0
1781256675	snap	2800	sdk	usertimeline	buffer_depth	0
0
1781256675	snap	2800	sdk	usertimeline	cp_received	725898
1781256675	snap	2800	sdk	usertimeline	lp_received	0
1781256675	snap	2800	sdk	usertimeline	cp_sent	725898
1781256675	snap	2800	sdk	usertimeline	lp_sent	0
1781256675	snap	2800	sdk	usertimeline	cp_dropped	0
1781256675	snap	2800	sdk	usertimeline	lp_dropped	0
1781256682	snap	3000	otelcol	otelcol-sb-esrev0-ctr-s4p4v	otelcol_exporter_queue_size	0
1781256682	snap	3000	otelcol	otelcol-sb-esrev0-ctr-s4p4v	otelcol_process_cpu_seconds	25
1781256682	snap	3000	otelcol	otelcol-sb-esrev0-ctr-s4p4v	otelcol_processor_batch_batch_send_size_sum	895593
1781256682	snap	3000	otelcol	otelcol-sb-esrev0-ctr-s4p4v	otelcol_process_runtime_total_alloc_bytes	719200440
1781256682	snap	3000	otelcol	otelcol-sb-esrev0-ctr-s4p4v	otelcol_exporter_send_failed_spans	0
1781256682	snap	3000	otelcol	otelcol-sb-esrev0-ctr-s4p4v	otelcol_receiver_failed_spans	0
1781256682	snap	3000	otelcol	otelcol-sb-esrev0-ctr-s4p4v	otelcol_processor_outgoing_items	895593
1781256682	snap	3000	otelcol	otelcol-sb-esrev0-ctr-s4p4v	otelcol_receiver_accepted_spans	895593
1781256682	snap	3000	otelcol	otelcol-sb-esrev0-ctr-s4p4v	otelcol_exporter_queue_batch_send_size_sum	895593
1781256682	snap	3000	otelcol	otelcol-sb-esrev0-ctr-s4p4v	otelcol_receiver_refused_spans	0
1781256682	snap	3000	otelcol	otelcol-sb-esrev0-ctr-s4p4v	otelcol_process_uptime	558
1781256682	snap	3000	otelcol	otelcol-sb-esrev0-ctr-s4p4v	otelcol_exporter_sent_spans	895593
1781256682	snap	3000	otelcol	otelcol-sb-esrev0-ctr-s4p4v	otelcol_processor_batch_metadata_cardinality	1
1781256682	snap	3000	otelcol	otelcol-sb-esrev0-ctr-s4p4v	otelcol_processor_batch_timeout_trigger_send	2152
1781256682	snap	3000	otelcol	otelcol-sb-esrev0-ctr-s4p4v	otelcol_process_runtime_heap_alloc_bytes	37884912
1781256682	snap	3000	otelcol	otelcol-sb-esrev0-ctr-s4p4v	otelcol_processor_incoming_items	895593
1781256682	snap	3000	otelcol	otelcol-sb-esrev0-ctr-s4p4v	otelcol_process_runtime_total_sys_memory_bytes	88615192
1781256682	snap	3000	otelcol	otelcol-sb-esrev0-ctr-s4p4v	otelcol_process_memory_rss	226693120
1781256682	snap	3000	otelcol	otelcol-sb-esrev0-ctr-s4p4v	otelcol_exporter_queue_capacity	1001
1781256682	snap	3000	otelcol	otelcol-sb-esrev0-ctr-lbwgk	otelcol_receiver_refused_spans	0
1781256682	snap	3000	otelcol	otelcol-sb-esrev0-ctr-lbwgk	otelcol_process_uptime	557
1781256682	snap	3000	otelcol	otelcol-sb-esrev0-ctr-lbwgk	otelcol_exporter_queue_size	0
1781256682	snap	3000	otelcol	otelcol-sb-esrev0-ctr-lbwgk	otelcol_exporter_queue_batch_send_size_sum	169321
1781256682	snap	3000	otelcol	otelcol-sb-esrev0-ctr-lbwgk	otelcol_processor_outgoing_items	169321
1781256682	snap	3000	otelcol	otelcol-sb-esrev0-ctr-lbwgk	otelcol_process_runtime_total_alloc_bytes	292722872
1781256682	snap	3000	otelcol	otelcol-sb-esrev0-ctr-lbwgk	otelcol_processor_batch_batch_send_size_sum	169321
1781256682	snap	3000	otelcol	otelcol-sb-esrev0-ctr-lbwgk	otelcol_exporter_send_failed_spans	0
1781256682	snap	3000	otelcol	otelcol-sb-esrev0-ctr-lbwgk	otelcol_processor_batch_metadata_cardinality	1
1781256682	snap	3000	otelcol	otelcol-sb-esrev0-ctr-lbwgk	otelcol_process_memory_rss	215379968
1781256682	snap	3000	otelcol	otelcol-sb-esrev0-ctr-lbwgk	otelcol_receiver_accepted_spans	169321
1781256682	snap	3000	otelcol	otelcol-sb-esrev0-ctr-lbwgk	otelcol_processor_batch_timeout_trigger_send	2151
1781256682	snap	3000	otelcol	otelcol-sb-esrev0-ctr-lbwgk	otelcol_process_runtime_heap_alloc_bytes	26532840
1781256682	snap	3000	otelcol	otelcol-sb-esrev0-ctr-lbwgk	otelcol_process_cpu_seconds	21
1781256682	snap	3000	otelcol	otelcol-sb-esrev0-ctr-lbwgk	otelcol_processor_incoming_items	169321
1781256682	snap	3000	otelcol	otelcol-sb-esrev0-ctr-lbwgk	otelcol_process_runtime_total_sys_memory_bytes	76073240
1781256682	snap	3000	otelcol	otelcol-sb-esrev0-ctr-lbwgk	otelcol_exporter_sent_spans	169321
1781256682	snap	3000	otelcol	otelcol-sb-esrev0-ctr-lbwgk	otelcol_exporter_queue_capacity	1001
1781256682	snap	3000	otelcol	otelcol-sb-esrev0-ctr-lbwgk	otelcol_receiver_failed_spans	0
1781256682	snap	3000	otelcol	otelcol-sb-esrev0-ctr-4qc2z	otelcol_receiver_failed_spans	0
1781256682	snap	3000	otelcol	otelcol-sb-esrev0-ctr-4qc2z	otelcol_process_cpu_seconds	25
1781256682	snap	3000	otelcol	otelcol-sb-esrev0-ctr-4qc2z	otelcol_receiver_refused_spans	0
1781256682	snap	3000	otelcol	otelcol-sb-esrev0-ctr-4qc2z	otelcol_process_runtime_heap_alloc_bytes	31787168
1781256682	snap	3000	otelcol	otelcol-sb-esrev0-ctr-4qc2z	otelcol_process_memory_rss	225742848
1781256682	snap	3000	otelcol	otelcol-sb-esrev0-ctr-4qc2z	otelcol_exporter_send_failed_spans	0
1781256682	snap	3000	otelcol	otelcol-sb-esrev0-ctr-4qc2z	otelcol_process_runtime_total_alloc_bytes	718968264
1781256682	snap	3000	otelcol	otelcol-sb-esrev0-ctr-4qc2z	otelcol_processor_batch_metadata_cardinality	1
1781256682	snap	3000	otelcol	otelcol-sb-esrev0-ctr-4qc2z	otelcol_processor_incoming_items	895224
1781256682	snap	3000	otelcol	otelcol-sb-esrev0-ctr-4qc2z	otelcol_processor_batch_timeout_trigger_send	2157
1781256682	snap	3000	otelcol	otelcol-sb-esrev0-ctr-4qc2z	otelcol_processor_batch_batch_send_size_sum	895224
1781256682	snap	3000	otelcol	otelcol-sb-esrev0-ctr-4qc2z	otelcol_process_runtime_total_sys_memory_bytes	93612312
1781256682	snap	3000	otelcol	otelcol-sb-esrev0-ctr-4qc2z	otelcol_exporter_sent_spans	895224
1781256682	snap	3000	otelcol	otelcol-sb-esrev0-ctr-4qc2z	otelcol_receiver_accepted_spans	895224
1781256682	snap	3000	otelcol	otelcol-sb-esrev0-ctr-4qc2z	otelcol_processor_outgoing_items	895224
1781256682	snap	3000	otelcol	otelcol-sb-esrev0-ctr-4qc2z	otelcol_exporter_queue_size	0
1781256682	snap	3000	otelcol	otelcol-sb-esrev0-ctr-4qc2z	otelcol_exporter_queue_batch_send_size_sum	895224
1781256682	snap	3000	otelcol	otelcol-sb-esrev0-ctr-4qc2z	otelcol_process_uptime	559
1781256682	snap	3000	otelcol	otelcol-sb-esrev0-ctr-4qc2z	otelcol_exporter_queue_capacity	1001
1781256682	snap	3000	otelcol	otelcol-sb-esrev0-ctr-stlt9	otelcol_processor_incoming_items	1621135
1781256682	snap	3000	otelcol	otelcol-sb-esrev0-ctr-stlt9	otelcol_receiver_accepted_spans	1621135
1781256682	snap	3000	otelcol	otelcol-sb-esrev0-ctr-stlt9	otelcol_processor_outgoing_items	1621135
1781256682	snap	3000	otelcol	otelcol-sb-esrev0-ctr-stlt9	otelcol_processor_batch_metadata_cardinality	1
1781256682	snap	3000	otelcol	otelcol-sb-esrev0-ctr-stlt9	otelcol_processor_batch_timeout_trigger_send	2158
1781256682	snap	3000	otelcol	otelcol-sb-esrev0-ctr-stlt9	otelcol_processor_batch_batch_send_size_sum	1621135
1781256682	snap	3000	otelcol	otelcol-sb-esrev0-ctr-stlt9	otelcol_process_memory_rss	225738752
1781256682	snap	3000	otelcol	otelcol-sb-esrev0-ctr-stlt9	otelcol_exporter_queue_capacity	1001
1781256682	snap	3000	otelcol	otelcol-sb-esrev0-ctr-stlt9	otelcol_exporter_sent_spans	1619939
1781256682	snap	3000	otelcol	otelcol-sb-esrev0-ctr-stlt9	otelcol_process_runtime_total_sys_memory_bytes	88615192
1781256682	snap	3000	otelcol	otelcol-sb-esrev0-ctr-stlt9	otelcol_exporter_queue_size	1
1781256682	snap	3000	otelcol	otelcol-sb-esrev0-ctr-stlt9	otelcol_receiver_refused_spans	0
1781256682	snap	3000	otelcol	otelcol-sb-esrev0-ctr-stlt9	otelcol_receiver_failed_spans	0
1781256682	snap	3000	otelcol	otelcol-sb-esrev0-ctr-stlt9	otelcol_process_uptime	559
1781256682	snap	3000	otelcol	otelcol-sb-esrev0-ctr-stlt9	otelcol_process_runtime_heap_alloc_bytes	56809256
1781256682	snap	3000	otelcol	otelcol-sb-esrev0-ctr-stlt9	otelcol_exporter_send_failed_spans	0
1781256682	snap	3000	otelcol	otelcol-sb-esrev0-ctr-stlt9	otelcol_exporter_queue_batch_send_size_sum	1621135
1781256682	snap	3000	otelcol	otelcol-sb-esrev0-ctr-stlt9	otelcol_process_runtime_total_alloc_bytes	1155439688
1781256682	snap	3000	otelcol	otelcol-sb-esrev0-ctr-stlt9	otelcol_process_cpu_seconds	34
1781256682	snap	3000	otelcol	otelcol-sb-esrev0-ctr-f8wkx	otelcol_receiver_failed_spans	0
1781256682	snap	3000	otelcol	otelcol-sb-esrev0-ctr-f8wkx	otelcol_process_runtime_total_sys_memory_bytes	98330904
1781256682	snap	3000	otelcol	otelcol-sb-esrev0-ctr-f8wkx	otelcol_exporter_queue_size	0
1781256682	snap	3000	otelcol	otelcol-sb-esrev0-ctr-f8wkx	otelcol_process_runtime_total_alloc_bytes	1870898944
1781256682	snap	3000	otelcol	otelcol-sb-esrev0-ctr-f8wkx	otelcol_exporter_send_failed_spans	0
1781256682	snap	3000	otelcol	otelcol-sb-esrev0-ctr-f8wkx	otelcol_processor_batch_metadata_cardinality	1
1781256682	snap	3000	otelcol	otelcol-sb-esrev0-ctr-f8wkx	otelcol_exporter_queue_batch_send_size_sum	3150206
1781256682	snap	3000	otelcol	otelcol-sb-esrev0-ctr-f8wkx	otelcol_processor_batch_timeout_trigger_send	2169
1781256682	snap	3000	otelcol	otelcol-sb-esrev0-ctr-f8wkx	otelcol_processor_incoming_items	3150206
1781256682	snap	3000	otelcol	otelcol-sb-esrev0-ctr-f8wkx	otelcol_process_cpu_seconds	49
1781256682	snap	3000	otelcol	otelcol-sb-esrev0-ctr-f8wkx	otelcol_processor_batch_batch_send_size_sum	3150206
1781256682	snap	3000	otelcol	otelcol-sb-esrev0-ctr-f8wkx	otelcol_process_uptime	558
1781256682	snap	3000	otelcol	otelcol-sb-esrev0-ctr-f8wkx	otelcol_process_runtime_heap_alloc_bytes	37389800
1781256682	snap	3000	otelcol	otelcol-sb-esrev0-ctr-f8wkx	otelcol_exporter_sent_spans	3150206
1781256682	snap	3000	otelcol	otelcol-sb-esrev0-ctr-f8wkx	otelcol_receiver_refused_spans	0
1781256682	snap	3000	otelcol	otelcol-sb-esrev0-ctr-f8wkx	otelcol_processor_outgoing_items	3150206
1781256682	snap	3000	otelcol	otelcol-sb-esrev0-ctr-f8wkx	otelcol_receiver_accepted_spans	3150206
1781256682	snap	3000	otelcol	otelcol-sb-esrev0-ctr-f8wkx	otelcol_process_memory_rss	235401216
1781256682	snap	3000	otelcol	otelcol-sb-esrev0-ctr-f8wkx	otelcol_exporter_queue_capacity	1001
1781256682	snap	3000	otelcol	otelcol-sb-esrev0-ctr-r2dsm	otelcol_receiver_refused_spans	15833
1781256682	snap	3000	otelcol	otelcol-sb-esrev0-ctr-r2dsm	otelcol_receiver_failed_spans	0
1781256682	snap	3000	otelcol	otelcol-sb-esrev0-ctr-r2dsm	otelcol_processor_outgoing_items	7412527
1781256682	snap	3000	otelcol	otelcol-sb-esrev0-ctr-r2dsm	otelcol_process_uptime	557
1781256682	snap	3000	otelcol	otelcol-sb-esrev0-ctr-r2dsm	otelcol_process_runtime_total_alloc_bytes	4465966320
1781256682	snap	3000	otelcol	otelcol-sb-esrev0-ctr-r2dsm	otelcol_process_memory_rss	271794176
1781256682	snap	3000	otelcol	otelcol-sb-esrev0-ctr-r2dsm	otelcol_exporter_send_failed_spans	0
1781256682	snap	3000	otelcol	otelcol-sb-esrev0-ctr-r2dsm	otelcol_exporter_queue_batch_send_size_sum	7412527
1781256682	snap	3000	otelcol	otelcol-sb-esrev0-ctr-r2dsm	otelcol_receiver_accepted_spans	7412527
1781256682	snap	3000	otelcol	otelcol-sb-esrev0-ctr-r2dsm	otelcol_processor_batch_metadata_cardinality	1
1781256682	snap	3000	otelcol	otelcol-sb-esrev0-ctr-r2dsm	otelcol_processor_batch_timeout_trigger_send	2157
1781256682	snap	3000	otelcol	otelcol-sb-esrev0-ctr-r2dsm	otelcol_processor_batch_batch_send_size_sum	7412527
1781256682	snap	3000	otelcol	otelcol-sb-esrev0-ctr-r2dsm	otelcol_process_cpu_seconds	82
1781256682	snap	3000	otelcol	otelcol-sb-esrev0-ctr-r2dsm	otelcol_exporter_queue_capacity	1001
1781256682	snap	3000	otelcol	otelcol-sb-esrev0-ctr-r2dsm	otelcol_process_runtime_heap_alloc_bytes	81477736
1781256682	snap	3000	otelcol	otelcol-sb-esrev0-ctr-r2dsm	otelcol_exporter_sent_spans	7401112
1781256682	snap	3000	otelcol	otelcol-sb-esrev0-ctr-r2dsm	otelcol_exporter_queue_size	2
1781256682	snap	3000	otelcol	otelcol-sb-esrev0-ctr-r2dsm	otelcol_processor_incoming_items	7428360
1781256682	snap	3000	otelcol	otelcol-sb-esrev0-ctr-r2dsm	otelcol_process_runtime_total_sys_memory_bytes	136018216
1781256682	snap	3000	otelcol	otelcol-sb-esrev0-ctr-knvlf	otelcol_receiver_accepted_spans	896399
1781256682	snap	3000	otelcol	otelcol-sb-esrev0-ctr-knvlf	otelcol_process_runtime_total_sys_memory_bytes	84412696
1781256682	snap	3000	otelcol	otelcol-sb-esrev0-ctr-knvlf	otelcol_process_runtime_heap_alloc_bytes	50640488
1781256682	snap	3000	otelcol	otelcol-sb-esrev0-ctr-knvlf	otelcol_processor_batch_metadata_cardinality	1
1781256682	snap	3000	otelcol	otelcol-sb-esrev0-ctr-knvlf	otelcol_processor_batch_timeout_trigger_send	2156
1781256682	snap	3000	otelcol	otelcol-sb-esrev0-ctr-knvlf	otelcol_processor_batch_batch_send_size_sum	896399
1781256682	snap	3000	otelcol	otelcol-sb-esrev0-ctr-knvlf	otelcol_process_cpu_seconds	26
1781256682	snap	3000	otelcol	otelcol-sb-esrev0-ctr-knvlf	otelcol_exporter_queue_capacity	1001
1781256682	snap	3000	otelcol	otelcol-sb-esrev0-ctr-knvlf	otelcol_exporter_queue_batch_send_size_sum	896399
1781256682	snap	3000	otelcol	otelcol-sb-esrev0-ctr-knvlf	otelcol_receiver_refused_spans	0
1781256682	snap	3000	otelcol	otelcol-sb-esrev0-ctr-knvlf	otelcol_process_memory_rss	222887936
1781256682	snap	3000	otelcol	otelcol-sb-esrev0-ctr-knvlf	otelcol_process_uptime	559
1781256682	snap	3000	otelcol	otelcol-sb-esrev0-ctr-knvlf	otelcol_process_runtime_total_alloc_bytes	704165976
1781256682	snap	3000	otelcol	otelcol-sb-esrev0-ctr-knvlf	otelcol_exporter_sent_spans	896399
1781256682	snap	3000	otelcol	otelcol-sb-esrev0-ctr-knvlf	otelcol_exporter_queue_size	0
1781256682	snap	3000	otelcol	otelcol-sb-esrev0-ctr-knvlf	otelcol_processor_incoming_items	896399
1781256682	snap	3000	otelcol	otelcol-sb-esrev0-ctr-knvlf	otelcol_receiver_failed_spans	0
1781256682	snap	3000	otelcol	otelcol-sb-esrev0-ctr-knvlf	otelcol_processor_outgoing_items	896399
1781256682	snap	3000	otelcol	otelcol-sb-esrev0-ctr-knvlf	otelcol_exporter_send_failed_spans	0
1781256682	snap	3000	otelcol	otelcol-sb-esrev0-ctr-fb877	otelcol_exporter_send_failed_spans	0
1781256682	snap	3000	otelcol	otelcol-sb-esrev0-ctr-fb877	otelcol_process_uptime	559
1781256682	snap	3000	otelcol	otelcol-sb-esrev0-ctr-fb877	otelcol_process_runtime_heap_alloc_bytes	48619744
1781256682	snap	3000	otelcol	otelcol-sb-esrev0-ctr-fb877	otelcol_process_cpu_seconds	24
1781256682	snap	3000	otelcol	otelcol-sb-esrev0-ctr-fb877	otelcol_exporter_queue_capacity	1001
1781256682	snap	3000	otelcol	otelcol-sb-esrev0-ctr-fb877	otelcol_exporter_sent_spans	897530
1781256682	snap	3000	otelcol	otelcol-sb-esrev0-ctr-fb877	otelcol_exporter_queue_batch_send_size_sum	897530
1781256682	snap	3000	otelcol	otelcol-sb-esrev0-ctr-fb877	otelcol_processor_incoming_items	897530
1781256682	snap	3000	otelcol	otelcol-sb-esrev0-ctr-fb877	otelcol_receiver_failed_spans	0
1781256682	snap	3000	otelcol	otelcol-sb-esrev0-ctr-fb877	otelcol_processor_batch_batch_send_size_sum	897530
1781256682	snap	3000	otelcol	otelcol-sb-esrev0-ctr-fb877	otelcol_processor_outgoing_items	897530
1781256682	snap	3000	otelcol	otelcol-sb-esrev0-ctr-fb877	otelcol_processor_batch_metadata_cardinality	1
1781256682	snap	3000	otelcol	otelcol-sb-esrev0-ctr-fb877	otelcol_process_runtime_total_sys_memory_bytes	85190936
1781256682	snap	3000	otelcol	otelcol-sb-esrev0-ctr-fb877	otelcol_exporter_queue_size	0
1781256682	snap	3000	otelcol	otelcol-sb-esrev0-ctr-fb877	otelcol_processor_batch_timeout_trigger_send	2161
1781256682	snap	3000	otelcol	otelcol-sb-esrev0-ctr-fb877	otelcol_receiver_refused_spans	0
1781256682	snap	3000	otelcol	otelcol-sb-esrev0-ctr-fb877	otelcol_receiver_accepted_spans	897530
1781256682	snap	3000	otelcol	otelcol-sb-esrev0-ctr-fb877	otelcol_process_runtime_total_alloc_bytes	747776408
1781256682	snap	3000	otelcol	otelcol-sb-esrev0-ctr-fb877	otelcol_process_memory_rss	222736384
1781256682	snap	3000	otelcol	otelcol-sb-esrev0-ctr-b7q4j	otelcol_processor_batch_timeout_trigger_send	2164
1781256682	snap	3000	otelcol	otelcol-sb-esrev0-ctr-b7q4j	otelcol_exporter_queue_capacity	1001
1781256682	snap	3000	otelcol	otelcol-sb-esrev0-ctr-b7q4j	otelcol_receiver_failed_spans	0
1781256682	snap	3000	otelcol	otelcol-sb-esrev0-ctr-b7q4j	otelcol_processor_batch_batch_send_size_sum	1010226
1781256682	snap	3000	otelcol	otelcol-sb-esrev0-ctr-b7q4j	otelcol_exporter_queue_batch_send_size_sum	1010226
1781256682	snap	3000	otelcol	otelcol-sb-esrev0-ctr-b7q4j	otelcol_process_runtime_heap_alloc_bytes	28026976
1781256682	snap	3000	otelcol	otelcol-sb-esrev0-ctr-b7q4j	otelcol_process_cpu_seconds	25
1781256682	snap	3000	otelcol	otelcol-sb-esrev0-ctr-b7q4j	otelcol_exporter_send_failed_spans	0
1781256682	snap	3000	otelcol	otelcol-sb-esrev0-ctr-b7q4j	otelcol_process_memory_rss	222232576
1781256682	snap	3000	otelcol	otelcol-sb-esrev0-ctr-b7q4j	otelcol_exporter_sent_spans	1010226
1781256682	snap	3000	otelcol	otelcol-sb-esrev0-ctr-b7q4j	otelcol_processor_incoming_items	1010226
1781256682	snap	3000	otelcol	otelcol-sb-esrev0-ctr-b7q4j	otelcol_process_uptime	561
1781256682	snap	3000	otelcol	otelcol-sb-esrev0-ctr-b7q4j	otelcol_process_runtime_total_alloc_bytes	786397312
1781256682	snap	3000	otelcol	otelcol-sb-esrev0-ctr-b7q4j	otelcol_receiver_refused_spans	0
1781256682	snap	3000	otelcol	otelcol-sb-esrev0-ctr-b7q4j	otelcol_processor_outgoing_items	1010226
1781256682	snap	3000	otelcol	otelcol-sb-esrev0-ctr-b7q4j	otelcol_receiver_accepted_spans	1010226
1781256682	snap	3000	otelcol	otelcol-sb-esrev0-ctr-b7q4j	otelcol_processor_batch_metadata_cardinality	1
1781256682	snap	3000	otelcol	otelcol-sb-esrev0-ctr-b7q4j	otelcol_process_runtime_total_sys_memory_bytes	88877336
1781256682	snap	3000	otelcol	otelcol-sb-esrev0-ctr-b7q4j	otelcol_exporter_queue_size	0
1781256682	snap	3000	k8s	otelcol-sb-esrev0-ctr-4qc2z	restart_count	0
1781256682	snap	3000	k8s	otelcol-sb-esrev0-ctr-b7q4j	restart_count	0
1781256682	snap	3000	k8s	otelcol-sb-esrev0-ctr-f8wkx	restart_count	0
1781256682	snap	3000	k8s	otelcol-sb-esrev0-ctr-fb877	restart_count	0
1781256682	snap	3000	k8s	otelcol-sb-esrev0-ctr-knvlf	restart_count	0
1781256682	snap	3000	k8s	otelcol-sb-esrev0-ctr-lbwgk	restart_count	0
1781256682	snap	3000	k8s	otelcol-sb-esrev0-ctr-r2dsm	restart_count	0
1781256682	snap	3000	k8s	otelcol-sb-esrev0-ctr-s4p4v	restart_count	0
1781256682	snap	3000	k8s	otelcol-sb-esrev0-ctr-stlt9	restart_count	0
1781256682	snap	3000	sdk	wrk2api	spans_received	169321
1781256682	snap	3000	sdk	wrk2api	spans_sent	169321
1781256682	snap	3000	sdk	wrk2api	spans_dropped	0
1781256682	snap	3000	sdk	wrk2api	spans_flushed	169321
1781256682	snap	3000	sdk	wrk2api	batches_sent	8434
1781256682	snap	3000	sdk	wrk2api	batches_dropped	0
1781256682	snap	3000	sdk	wrk2api	send_unavailable	0
1781256682	snap	3000	sdk	wrk2api	send_deadline	0
1781256682	snap	3000	sdk	wrk2api	send_exhausted	0
1781256682	snap	3000	sdk	wrk2api	send_canceled	0
1781256682	snap	3000	sdk	wrk2api	send_other	0
1781256682	snap	3000	sdk	wrk2api	buffer_depth	0
0
1781256682	snap	3000	sdk	wrk2api	cp_received	84660
1781256682	snap	3000	sdk	wrk2api	lp_received	84661
1781256682	snap	3000	sdk	wrk2api	cp_sent	84660
1781256682	snap	3000	sdk	wrk2api	lp_sent	84661
1781256682	snap	3000	sdk	wrk2api	cp_dropped	0
1781256682	snap	3000	sdk	wrk2api	lp_dropped	0
1781256682	snap	3000	sdk	composepost	spans_received	5807247
1781256682	snap	3000	sdk	composepost	spans_sent	5793395
1781256682	snap	3000	sdk	composepost	spans_dropped	13852
1781256682	snap	3000	sdk	composepost	spans_flushed	5807247
1781256682	snap	3000	sdk	composepost	batches_sent	31915
1781256682	snap	3000	sdk	composepost	batches_dropped	48
1781256682	snap	3000	sdk	composepost	send_unavailable	48
1781256682	snap	3000	sdk	composepost	send_deadline	0
1781256682	snap	3000	sdk	composepost	send_exhausted	0
1781256682	snap	3000	sdk	composepost	send_canceled	0
1781256682	snap	3000	sdk	composepost	send_other	0
1781256682	snap	3000	sdk	composepost	buffer_depth	0
0
1781256682	snap	3000	sdk	composepost	cp_received	0
1781256682	snap	3000	sdk	composepost	lp_received	5807247
1781256682	snap	3000	sdk	composepost	cp_sent	0
1781256682	snap	3000	sdk	composepost	lp_sent	5793395
1781256682	snap	3000	sdk	composepost	cp_dropped	0
1781256682	snap	3000	sdk	composepost	lp_dropped	13852
1781256682	snap	3000	sdk	hometimeline	spans_received	1451796
1781256682	snap	3000	sdk	hometimeline	spans_sent	1450020
1781256682	snap	3000	sdk	hometimeline	spans_dropped	1776
1781256682	snap	3000	sdk	hometimeline	spans_flushed	1451796
1781256682	snap	3000	sdk	hometimeline	batches_sent	7985
1781256682	snap	3000	sdk	hometimeline	batches_dropped	6
1781256682	snap	3000	sdk	hometimeline	send_unavailable	6
1781256682	snap	3000	sdk	hometimeline	send_deadline	0
1781256682	snap	3000	sdk	hometimeline	send_exhausted	0
1781256682	snap	3000	sdk	hometimeline	send_canceled	0
1781256682	snap	3000	sdk	hometimeline	send_other	0
1781256682	snap	3000	sdk	hometimeline	buffer_depth	0
0
1781256682	snap	3000	sdk	hometimeline	cp_received	725898
1781256682	snap	3000	sdk	hometimeline	lp_received	725898
1781256682	snap	3000	sdk	hometimeline	cp_sent	725898
1781256682	snap	3000	sdk	hometimeline	lp_sent	724122
1781256682	snap	3000	sdk	hometimeline	cp_dropped	0
1781256682	snap	3000	sdk	hometimeline	lp_dropped	1776
1781256682	snap	3000	sdk	media	spans_received	725907
1781256682	snap	3000	sdk	media	spans_sent	725907
1781256682	snap	3000	sdk	media	spans_dropped	0
1781256682	snap	3000	sdk	media	spans_flushed	725907
1781256682	snap	3000	sdk	media	batches_sent	3996
1781256682	snap	3000	sdk	media	batches_dropped	0
1781256682	snap	3000	sdk	media	send_unavailable	0
1781256682	snap	3000	sdk	media	send_deadline	0
1781256682	snap	3000	sdk	media	send_exhausted	0
1781256682	snap	3000	sdk	media	send_canceled	0
1781256682	snap	3000	sdk	media	send_other	0
1781256682	snap	3000	sdk	media	buffer_depth	0
0
1781256682	snap	3000	sdk	media	cp_received	725907
1781256682	snap	3000	sdk	media	lp_received	0
1781256682	snap	3000	sdk	media	cp_sent	725907
1781256682	snap	3000	sdk	media	lp_sent	0
1781256682	snap	3000	sdk	media	cp_dropped	0
1781256682	snap	3000	sdk	media	lp_dropped	0
1781256682	snap	3000	sdk	post-storage	spans_received	725898
1781256682	snap	3000	sdk	post-storage	spans_sent	725898
1781256682	snap	3000	sdk	post-storage	spans_dropped	0
1781256682	snap	3000	sdk	post-storage	spans_flushed	725898
1781256682	snap	3000	sdk	post-storage	batches_sent	3994
1781256682	snap	3000	sdk	post-storage	batches_dropped	0
1781256682	snap	3000	sdk	post-storage	send_unavailable	0
1781256682	snap	3000	sdk	post-storage	send_deadline	0
1781256682	snap	3000	sdk	post-storage	send_exhausted	0
1781256682	snap	3000	sdk	post-storage	send_canceled	0
1781256682	snap	3000	sdk	post-storage	send_other	0
1781256682	snap	3000	sdk	post-storage	buffer_depth	0
0
1781256682	snap	3000	sdk	post-storage	cp_received	725898
1781256682	snap	3000	sdk	post-storage	lp_received	0
1781256682	snap	3000	sdk	post-storage	cp_sent	725898
1781256682	snap	3000	sdk	post-storage	lp_sent	0
1781256682	snap	3000	sdk	post-storage	cp_dropped	0
1781256682	snap	3000	sdk	post-storage	lp_dropped	0
1781256682	snap	3000	sdk	socialgraph	spans_received	839732
1781256682	snap	3000	sdk	socialgraph	spans_sent	839732
1781256682	snap	3000	sdk	socialgraph	spans_dropped	0
1781256682	snap	3000	sdk	socialgraph	spans_flushed	839732
1781256682	snap	3000	sdk	socialgraph	batches_sent	4503
1781256682	snap	3000	sdk	socialgraph	batches_dropped	0
1781256682	snap	3000	sdk	socialgraph	send_unavailable	0
1781256682	snap	3000	sdk	socialgraph	send_deadline	0
1781256682	snap	3000	sdk	socialgraph	send_exhausted	0
1781256682	snap	3000	sdk	socialgraph	send_canceled	0
1781256682	snap	3000	sdk	socialgraph	send_other	0
1781256682	snap	3000	sdk	socialgraph	buffer_depth	0
0
1781256682	snap	3000	sdk	socialgraph	cp_received	726860
1781256682	snap	3000	sdk	socialgraph	lp_received	112872
1781256682	snap	3000	sdk	socialgraph	cp_sent	726860
1781256682	snap	3000	sdk	socialgraph	lp_sent	112872
1781256682	snap	3000	sdk	socialgraph	cp_dropped	0
1781256682	snap	3000	sdk	socialgraph	lp_dropped	0
1781256682	snap	3000	sdk	text	spans_received	2177739
1781256682	snap	3000	sdk	text	spans_sent	2177739
1781256682	snap	3000	sdk	text	spans_dropped	0
1781256682	snap	3000	sdk	text	spans_flushed	2177739
1781256682	snap	3000	sdk	text	batches_sent	11988
1781256682	snap	3000	sdk	text	batches_dropped	0
1781256682	snap	3000	sdk	text	send_unavailable	0
1781256682	snap	3000	sdk	text	send_deadline	0
1781256682	snap	3000	sdk	text	send_exhausted	0
1781256682	snap	3000	sdk	text	send_canceled	0
1781256682	snap	3000	sdk	text	send_other	0
1781256682	snap	3000	sdk	text	buffer_depth	0
0
1781256682	snap	3000	sdk	text	cp_received	725907
1781256682	snap	3000	sdk	text	lp_received	1451832
1781256682	snap	3000	sdk	text	cp_sent	725907
1781256682	snap	3000	sdk	text	lp_sent	1451832
1781256682	snap	3000	sdk	text	cp_dropped	0
1781256682	snap	3000	sdk	text	lp_dropped	0
1781256682	snap	3000	sdk	uniqueid	spans_received	725907
1781256682	snap	3000	sdk	uniqueid	spans_sent	725907
1781256682	snap	3000	sdk	uniqueid	spans_dropped	0
1781256682	snap	3000	sdk	uniqueid	spans_flushed	725907
1781256682	snap	3000	sdk	uniqueid	batches_sent	3995
1781256682	snap	3000	sdk	uniqueid	batches_dropped	0
1781256682	snap	3000	sdk	uniqueid	send_unavailable	0
1781256682	snap	3000	sdk	uniqueid	send_deadline	0
1781256682	snap	3000	sdk	uniqueid	send_exhausted	0
1781256682	snap	3000	sdk	uniqueid	send_canceled	0
1781256682	snap	3000	sdk	uniqueid	send_other	0
1781256682	snap	3000	sdk	uniqueid	buffer_depth	0
0
1781256682	snap	3000	sdk	uniqueid	cp_received	725907
1781256682	snap	3000	sdk	uniqueid	lp_received	0
1781256682	snap	3000	sdk	uniqueid	cp_sent	725907
1781256682	snap	3000	sdk	uniqueid	lp_sent	0
1781256682	snap	3000	sdk	uniqueid	cp_dropped	0
1781256682	snap	3000	sdk	uniqueid	lp_dropped	0
1781256682	snap	3000	sdk	urlshorten	spans_received	725907
1781256682	snap	3000	sdk	urlshorten	spans_sent	725907
1781256682	snap	3000	sdk	urlshorten	spans_dropped	0
1781256682	snap	3000	sdk	urlshorten	spans_flushed	725907
1781256682	snap	3000	sdk	urlshorten	batches_sent	3995
1781256682	snap	3000	sdk	urlshorten	batches_dropped	0
1781256682	snap	3000	sdk	urlshorten	send_unavailable	0
1781256682	snap	3000	sdk	urlshorten	send_deadline	0
1781256682	snap	3000	sdk	urlshorten	send_exhausted	0
1781256682	snap	3000	sdk	urlshorten	send_canceled	0
1781256682	snap	3000	sdk	urlshorten	send_other	0
1781256682	snap	3000	sdk	urlshorten	buffer_depth	0
0
1781256682	snap	3000	sdk	urlshorten	cp_received	725907
1781256682	snap	3000	sdk	urlshorten	lp_received	0
1781256682	snap	3000	sdk	urlshorten	cp_sent	725907
1781256682	snap	3000	sdk	urlshorten	lp_sent	0
1781256682	snap	3000	sdk	urlshorten	cp_dropped	0
1781256682	snap	3000	sdk	urlshorten	lp_dropped	0
1781256682	snap	3000	sdk	user	spans_received	727831
1781256682	snap	3000	sdk	user	spans_sent	727831
1781256682	snap	3000	sdk	user	spans_dropped	0
1781256682	snap	3000	sdk	user	spans_flushed	727831
1781256682	snap	3000	sdk	user	batches_sent	4005
1781256682	snap	3000	sdk	user	batches_dropped	0
1781256682	snap	3000	sdk	user	send_unavailable	0
1781256682	snap	3000	sdk	user	send_deadline	0
1781256682	snap	3000	sdk	user	send_exhausted	0
1781256682	snap	3000	sdk	user	send_canceled	0
1781256682	snap	3000	sdk	user	send_other	0
1781256682	snap	3000	sdk	user	buffer_depth	0
0
1781256682	snap	3000	sdk	user	cp_received	725907
1781256682	snap	3000	sdk	user	lp_received	1924
1781256682	snap	3000	sdk	user	cp_sent	725907
1781256682	snap	3000	sdk	user	lp_sent	1924
1781256682	snap	3000	sdk	user	cp_dropped	0
1781256682	snap	3000	sdk	user	lp_dropped	0
1781256682	snap	3000	sdk	userid	spans_received	75248
1781256682	snap	3000	sdk	userid	spans_sent	75248
1781256682	snap	3000	sdk	userid	spans_dropped	0
1781256682	snap	3000	sdk	userid	spans_flushed	75248
1781256682	snap	3000	sdk	userid	batches_sent	239
1781256682	snap	3000	sdk	userid	batches_dropped	0
1781256682	snap	3000	sdk	userid	send_unavailable	0
1781256682	snap	3000	sdk	userid	send_deadline	0
1781256682	snap	3000	sdk	userid	send_exhausted	0
1781256682	snap	3000	sdk	userid	send_canceled	0
1781256682	snap	3000	sdk	userid	send_other	0
1781256682	snap	3000	sdk	userid	buffer_depth	0
0
1781256682	snap	3000	sdk	userid	cp_received	75248
1781256682	snap	3000	sdk	userid	lp_received	0
1781256682	snap	3000	sdk	userid	cp_sent	75248
1781256682	snap	3000	sdk	userid	lp_sent	0
1781256682	snap	3000	sdk	userid	cp_dropped	0
1781256682	snap	3000	sdk	userid	lp_dropped	0
1781256682	snap	3000	sdk	usermention	spans_received	725907
1781256682	snap	3000	sdk	usermention	spans_sent	725907
1781256682	snap	3000	sdk	usermention	spans_dropped	0
1781256682	snap	3000	sdk	usermention	spans_flushed	725907
1781256682	snap	3000	sdk	usermention	batches_sent	3996
1781256682	snap	3000	sdk	usermention	batches_dropped	0
1781256682	snap	3000	sdk	usermention	send_unavailable	0
1781256682	snap	3000	sdk	usermention	send_deadline	0
1781256682	snap	3000	sdk	usermention	send_exhausted	0
1781256682	snap	3000	sdk	usermention	send_canceled	0
1781256682	snap	3000	sdk	usermention	send_other	0
1781256682	snap	3000	sdk	usermention	buffer_depth	0
0
1781256682	snap	3000	sdk	usermention	cp_received	725907
1781256682	snap	3000	sdk	usermention	lp_received	0
1781256682	snap	3000	sdk	usermention	cp_sent	725907
1781256682	snap	3000	sdk	usermention	lp_sent	0
1781256682	snap	3000	sdk	usermention	cp_dropped	0
1781256682	snap	3000	sdk	usermention	lp_dropped	0
1781256682	snap	3000	sdk	usertimeline	spans_received	725898
1781256682	snap	3000	sdk	usertimeline	spans_sent	725898
1781256682	snap	3000	sdk	usertimeline	spans_dropped	0
1781256682	snap	3000	sdk	usertimeline	spans_flushed	725898
1781256682	snap	3000	sdk	usertimeline	batches_sent	3994
1781256682	snap	3000	sdk	usertimeline	batches_dropped	0
1781256682	snap	3000	sdk	usertimeline	send_unavailable	0
1781256682	snap	3000	sdk	usertimeline	send_deadline	0
1781256682	snap	3000	sdk	usertimeline	send_exhausted	0
1781256682	snap	3000	sdk	usertimeline	send_canceled	0
1781256682	snap	3000	sdk	usertimeline	send_other	0
1781256682	snap	3000	sdk	usertimeline	buffer_depth	0
0
1781256682	snap	3000	sdk	usertimeline	cp_received	725898
1781256682	snap	3000	sdk	usertimeline	lp_received	0
1781256682	snap	3000	sdk	usertimeline	cp_sent	725898
1781256682	snap	3000	sdk	usertimeline	lp_sent	0
1781256682	snap	3000	sdk	usertimeline	cp_dropped	0
1781256682	snap	3000	sdk	usertimeline	lp_dropped	0
1781256750	snap	3000	otelcol	otelcol-sb-esrev0-ctr-s4p4v	otelcol_exporter_queue_size	21
1781256750	snap	3000	otelcol	otelcol-sb-esrev0-ctr-s4p4v	otelcol_process_cpu_seconds	30
1781256750	snap	3000	otelcol	otelcol-sb-esrev0-ctr-s4p4v	otelcol_processor_batch_batch_send_size_sum	1112914
1781256750	snap	3000	otelcol	otelcol-sb-esrev0-ctr-s4p4v	otelcol_process_runtime_total_alloc_bytes	868372800
1781256750	snap	3000	otelcol	otelcol-sb-esrev0-ctr-s4p4v	otelcol_exporter_send_failed_spans	0
1781256750	snap	3000	otelcol	otelcol-sb-esrev0-ctr-s4p4v	otelcol_receiver_failed_spans	0
1781256750	snap	3000	otelcol	otelcol-sb-esrev0-ctr-s4p4v	otelcol_processor_outgoing_items	1112914
1781256750	snap	3000	otelcol	otelcol-sb-esrev0-ctr-s4p4v	otelcol_receiver_accepted_spans	1112914
1781256750	snap	3000	otelcol	otelcol-sb-esrev0-ctr-s4p4v	otelcol_exporter_queue_batch_send_size_sum	1112914
1781256750	snap	3000	otelcol	otelcol-sb-esrev0-ctr-s4p4v	otelcol_receiver_refused_spans	0
1781256750	snap	3000	otelcol	otelcol-sb-esrev0-ctr-s4p4v	otelcol_process_uptime	626
1781256750	snap	3000	otelcol	otelcol-sb-esrev0-ctr-s4p4v	otelcol_exporter_sent_spans	1098671
1781256750	snap	3000	otelcol	otelcol-sb-esrev0-ctr-s4p4v	otelcol_processor_batch_metadata_cardinality	1
1781256750	snap	3000	otelcol	otelcol-sb-esrev0-ctr-s4p4v	otelcol_processor_batch_timeout_trigger_send	2452
1781256750	snap	3000	otelcol	otelcol-sb-esrev0-ctr-s4p4v	otelcol_process_runtime_heap_alloc_bytes	44141192
1781256750	snap	3000	otelcol	otelcol-sb-esrev0-ctr-s4p4v	otelcol_processor_incoming_items	1112914
1781256750	snap	3000	otelcol	otelcol-sb-esrev0-ctr-s4p4v	otelcol_process_runtime_total_sys_memory_bytes	97343784
1781256750	snap	3000	otelcol	otelcol-sb-esrev0-ctr-s4p4v	otelcol_process_memory_rss	231104512
1781256750	snap	3000	otelcol	otelcol-sb-esrev0-ctr-s4p4v	otelcol_exporter_queue_capacity	1001
1781256750	snap	3000	otelcol	otelcol-sb-esrev0-ctr-lbwgk	otelcol_receiver_refused_spans	0
1781256750	snap	3000	otelcol	otelcol-sb-esrev0-ctr-lbwgk	otelcol_process_uptime	625
1781256750	snap	3000	otelcol	otelcol-sb-esrev0-ctr-lbwgk	otelcol_exporter_queue_size	52
1781256750	snap	3000	otelcol	otelcol-sb-esrev0-ctr-lbwgk	otelcol_exporter_queue_batch_send_size_sum	208833
1781256750	snap	3000	otelcol	otelcol-sb-esrev0-ctr-lbwgk	otelcol_processor_outgoing_items	208833
1781256750	snap	3000	otelcol	otelcol-sb-esrev0-ctr-lbwgk	otelcol_process_runtime_total_alloc_bytes	330413008
1781256750	snap	3000	otelcol	otelcol-sb-esrev0-ctr-lbwgk	otelcol_processor_batch_batch_send_size_sum	208833
1781256750	snap	3000	otelcol	otelcol-sb-esrev0-ctr-lbwgk	otelcol_exporter_send_failed_spans	0
1781256750	snap	3000	otelcol	otelcol-sb-esrev0-ctr-lbwgk	otelcol_processor_batch_metadata_cardinality	1
1781256750	snap	3000	otelcol	otelcol-sb-esrev0-ctr-lbwgk	otelcol_process_memory_rss	213544960
1781256750	snap	3000	otelcol	otelcol-sb-esrev0-ctr-lbwgk	otelcol_receiver_accepted_spans	208833
1781256750	snap	3000	otelcol	otelcol-sb-esrev0-ctr-lbwgk	otelcol_processor_batch_timeout_trigger_send	2450
1781256750	snap	3000	otelcol	otelcol-sb-esrev0-ctr-lbwgk	otelcol_process_runtime_heap_alloc_bytes	41643768
1781256750	snap	3000	otelcol	otelcol-sb-esrev0-ctr-lbwgk	otelcol_process_cpu_seconds	23
1781256750	snap	3000	otelcol	otelcol-sb-esrev0-ctr-lbwgk	otelcol_processor_incoming_items	208833
1781256750	snap	3000	otelcol	otelcol-sb-esrev0-ctr-lbwgk	otelcol_process_runtime_total_sys_memory_bytes	76073240
1781256750	snap	3000	otelcol	otelcol-sb-esrev0-ctr-lbwgk	otelcol_exporter_sent_spans	202111
1781256750	snap	3000	otelcol	otelcol-sb-esrev0-ctr-lbwgk	otelcol_exporter_queue_capacity	1001
1781256750	snap	3000	otelcol	otelcol-sb-esrev0-ctr-lbwgk	otelcol_receiver_failed_spans	0
1781256750	snap	3000	otelcol	otelcol-sb-esrev0-ctr-4qc2z	otelcol_receiver_failed_spans	0
1781256750	snap	3000	otelcol	otelcol-sb-esrev0-ctr-4qc2z	otelcol_process_cpu_seconds	29
1781256750	snap	3000	otelcol	otelcol-sb-esrev0-ctr-4qc2z	otelcol_receiver_refused_spans	0
1781256750	snap	3000	otelcol	otelcol-sb-esrev0-ctr-4qc2z	otelcol_process_runtime_heap_alloc_bytes	63661656
1781256750	snap	3000	otelcol	otelcol-sb-esrev0-ctr-4qc2z	otelcol_process_memory_rss	231198720
1781256750	snap	3000	otelcol	otelcol-sb-esrev0-ctr-4qc2z	otelcol_exporter_send_failed_spans	0
1781256750	snap	3000	otelcol	otelcol-sb-esrev0-ctr-4qc2z	otelcol_process_runtime_total_alloc_bytes	857755776
1781256750	snap	3000	otelcol	otelcol-sb-esrev0-ctr-4qc2z	otelcol_processor_batch_metadata_cardinality	1
1781256750	snap	3000	otelcol	otelcol-sb-esrev0-ctr-4qc2z	otelcol_processor_incoming_items	1112545
1781256750	snap	3000	otelcol	otelcol-sb-esrev0-ctr-4qc2z	otelcol_processor_batch_timeout_trigger_send	2457
1781256750	snap	3000	otelcol	otelcol-sb-esrev0-ctr-4qc2z	otelcol_processor_batch_batch_send_size_sum	1112545
1781256750	snap	3000	otelcol	otelcol-sb-esrev0-ctr-4qc2z	otelcol_process_runtime_total_sys_memory_bytes	97806616
1781256750	snap	3000	otelcol	otelcol-sb-esrev0-ctr-4qc2z	otelcol_exporter_sent_spans	1078155
1781256750	snap	3000	otelcol	otelcol-sb-esrev0-ctr-4qc2z	otelcol_receiver_accepted_spans	1112545
1781256750	snap	3000	otelcol	otelcol-sb-esrev0-ctr-4qc2z	otelcol_processor_outgoing_items	1112545
1781256750	snap	3000	otelcol	otelcol-sb-esrev0-ctr-4qc2z	otelcol_exporter_queue_size	48
1781256750	snap	3000	otelcol	otelcol-sb-esrev0-ctr-4qc2z	otelcol_exporter_queue_batch_send_size_sum	1112545
1781256750	snap	3000	otelcol	otelcol-sb-esrev0-ctr-4qc2z	otelcol_process_uptime	626
1781256750	snap	3000	otelcol	otelcol-sb-esrev0-ctr-4qc2z	otelcol_exporter_queue_capacity	1001
1781256750	snap	3000	otelcol	otelcol-sb-esrev0-ctr-stlt9	otelcol_processor_incoming_items	2016267
1781256750	snap	3000	otelcol	otelcol-sb-esrev0-ctr-stlt9	otelcol_receiver_accepted_spans	2016139
1781256750	snap	3000	otelcol	otelcol-sb-esrev0-ctr-stlt9	otelcol_processor_outgoing_items	2016139
1781256750	snap	3000	otelcol	otelcol-sb-esrev0-ctr-stlt9	otelcol_processor_batch_metadata_cardinality	1
1781256750	snap	3000	otelcol	otelcol-sb-esrev0-ctr-stlt9	otelcol_processor_batch_timeout_trigger_send	2457
1781256750	snap	3000	otelcol	otelcol-sb-esrev0-ctr-stlt9	otelcol_processor_batch_batch_send_size_sum	2016139
1781256750	snap	3000	otelcol	otelcol-sb-esrev0-ctr-stlt9	otelcol_process_memory_rss	263188480
1781256750	snap	3000	otelcol	otelcol-sb-esrev0-ctr-stlt9	otelcol_exporter_queue_capacity	1001
1781256750	snap	3000	otelcol	otelcol-sb-esrev0-ctr-stlt9	otelcol_exporter_sent_spans	1943985
1781256750	snap	3000	otelcol	otelcol-sb-esrev0-ctr-stlt9	otelcol_process_runtime_total_sys_memory_bytes	136751384
1781256750	snap	3000	otelcol	otelcol-sb-esrev0-ctr-stlt9	otelcol_exporter_queue_size	55
1781256750	snap	3000	otelcol	otelcol-sb-esrev0-ctr-stlt9	otelcol_receiver_refused_spans	128
1781256750	snap	3000	otelcol	otelcol-sb-esrev0-ctr-stlt9	otelcol_receiver_failed_spans	0
1781256750	snap	3000	otelcol	otelcol-sb-esrev0-ctr-stlt9	otelcol_process_uptime	626
1781256750	snap	3000	otelcol	otelcol-sb-esrev0-ctr-stlt9	otelcol_process_runtime_heap_alloc_bytes	87990824
1781256750	snap	3000	otelcol	otelcol-sb-esrev0-ctr-stlt9	otelcol_exporter_send_failed_spans	0
1781256750	snap	3000	otelcol	otelcol-sb-esrev0-ctr-stlt9	otelcol_exporter_queue_batch_send_size_sum	2016139
1781256750	snap	3000	otelcol	otelcol-sb-esrev0-ctr-stlt9	otelcol_process_runtime_total_alloc_bytes	1422347704
1781256750	snap	3000	otelcol	otelcol-sb-esrev0-ctr-stlt9	otelcol_process_cpu_seconds	41
1781256750	snap	3000	otelcol	otelcol-sb-esrev0-ctr-f8wkx	otelcol_receiver_failed_spans	0
1781256750	snap	3000	otelcol	otelcol-sb-esrev0-ctr-f8wkx	otelcol_process_runtime_total_sys_memory_bytes	133765416
1781256750	snap	3000	otelcol	otelcol-sb-esrev0-ctr-f8wkx	otelcol_exporter_queue_size	49
1781256750	snap	3000	otelcol	otelcol-sb-esrev0-ctr-f8wkx	otelcol_process_runtime_total_alloc_bytes	2282916704
1781256750	snap	3000	otelcol	otelcol-sb-esrev0-ctr-f8wkx	otelcol_exporter_send_failed_spans	0
1781256750	snap	3000	otelcol	otelcol-sb-esrev0-ctr-f8wkx	otelcol_processor_batch_metadata_cardinality	1
1781256750	snap	3000	otelcol	otelcol-sb-esrev0-ctr-f8wkx	otelcol_exporter_queue_batch_send_size_sum	3885680
1781256750	snap	3000	otelcol	otelcol-sb-esrev0-ctr-f8wkx	otelcol_processor_batch_timeout_trigger_send	2468
1781256750	snap	3000	otelcol	otelcol-sb-esrev0-ctr-f8wkx	otelcol_processor_incoming_items	3900956
1781256750	snap	3000	otelcol	otelcol-sb-esrev0-ctr-f8wkx	otelcol_process_cpu_seconds	59
1781256750	snap	3000	otelcol	otelcol-sb-esrev0-ctr-f8wkx	otelcol_processor_batch_batch_send_size_sum	3885680
1781256750	snap	3000	otelcol	otelcol-sb-esrev0-ctr-f8wkx	otelcol_process_uptime	625
1781256750	snap	3000	otelcol	otelcol-sb-esrev0-ctr-f8wkx	otelcol_process_runtime_heap_alloc_bytes	100821528
1781256750	snap	3000	otelcol	otelcol-sb-esrev0-ctr-f8wkx	otelcol_exporter_sent_spans	3771350
1781256750	snap	3000	otelcol	otelcol-sb-esrev0-ctr-f8wkx	otelcol_receiver_refused_spans	15276
1781256750	snap	3000	otelcol	otelcol-sb-esrev0-ctr-f8wkx	otelcol_processor_outgoing_items	3885680
1781256750	snap	3000	otelcol	otelcol-sb-esrev0-ctr-f8wkx	otelcol_receiver_accepted_spans	3885680
1781256750	snap	3000	otelcol	otelcol-sb-esrev0-ctr-f8wkx	otelcol_process_memory_rss	268779520
1781256750	snap	3000	otelcol	otelcol-sb-esrev0-ctr-f8wkx	otelcol_exporter_queue_capacity	1001
1781256750	snap	3000	otelcol	otelcol-sb-esrev0-ctr-r2dsm	otelcol_receiver_refused_spans	830432
1781256750	snap	3000	otelcol	otelcol-sb-esrev0-ctr-r2dsm	otelcol_receiver_failed_spans	0
1781256750	snap	3000	otelcol	otelcol-sb-esrev0-ctr-r2dsm	otelcol_processor_outgoing_items	8415532
1781256750	snap	3000	otelcol	otelcol-sb-esrev0-ctr-r2dsm	otelcol_process_uptime	625
1781256750	snap	3000	otelcol	otelcol-sb-esrev0-ctr-r2dsm	otelcol_process_runtime_total_alloc_bytes	5442935376
1781256750	snap	3000	otelcol	otelcol-sb-esrev0-ctr-r2dsm	otelcol_process_memory_rss	323788800
1781256750	snap	3000	otelcol	otelcol-sb-esrev0-ctr-r2dsm	otelcol_exporter_send_failed_spans	0
1781256750	snap	3000	otelcol	otelcol-sb-esrev0-ctr-r2dsm	otelcol_exporter_queue_batch_send_size_sum	8415532
1781256750	snap	3000	otelcol	otelcol-sb-esrev0-ctr-r2dsm	otelcol_receiver_accepted_spans	8415532
1781256750	snap	3000	otelcol	otelcol-sb-esrev0-ctr-r2dsm	otelcol_processor_batch_metadata_cardinality	1
1781256750	snap	3000	otelcol	otelcol-sb-esrev0-ctr-r2dsm	otelcol_processor_batch_timeout_trigger_send	2442
1781256750	snap	3000	otelcol	otelcol-sb-esrev0-ctr-r2dsm	otelcol_processor_batch_batch_size_trigger_send	2
1781256750	snap	3000	otelcol	otelcol-sb-esrev0-ctr-r2dsm	otelcol_processor_batch_batch_send_size_sum	8415532
1781256750	snap	3000	otelcol	otelcol-sb-esrev0-ctr-r2dsm	otelcol_process_cpu_seconds	97
1781256750	snap	3000	otelcol	otelcol-sb-esrev0-ctr-r2dsm	otelcol_exporter_queue_capacity	1001
1781256750	snap	3000	otelcol	otelcol-sb-esrev0-ctr-r2dsm	otelcol_process_runtime_heap_alloc_bytes	134600936
1781256750	snap	3000	otelcol	otelcol-sb-esrev0-ctr-r2dsm	otelcol_exporter_sent_spans	8243767
1781256750	snap	3000	otelcol	otelcol-sb-esrev0-ctr-r2dsm	otelcol_exporter_queue_size	118
1781256750	snap	3000	otelcol	otelcol-sb-esrev0-ctr-r2dsm	otelcol_processor_incoming_items	9245964
1781256750	snap	3000	otelcol	otelcol-sb-esrev0-ctr-r2dsm	otelcol_process_runtime_total_sys_memory_bytes	188053800
1781256750	snap	3000	otelcol	otelcol-sb-esrev0-ctr-knvlf	otelcol_receiver_accepted_spans	1113722
1781256750	snap	3000	otelcol	otelcol-sb-esrev0-ctr-knvlf	otelcol_process_runtime_total_sys_memory_bytes	97003800
1781256750	snap	3000	otelcol	otelcol-sb-esrev0-ctr-knvlf	otelcol_process_runtime_heap_alloc_bytes	48134696
1781256750	snap	3000	otelcol	otelcol-sb-esrev0-ctr-knvlf	otelcol_processor_batch_metadata_cardinality	1
1781256750	snap	3000	otelcol	otelcol-sb-esrev0-ctr-knvlf	otelcol_processor_batch_timeout_trigger_send	2455
1781256750	snap	3000	otelcol	otelcol-sb-esrev0-ctr-knvlf	otelcol_processor_batch_batch_send_size_sum	1113722
1781256750	snap	3000	otelcol	otelcol-sb-esrev0-ctr-knvlf	otelcol_process_cpu_seconds	30
1781256750	snap	3000	otelcol	otelcol-sb-esrev0-ctr-knvlf	otelcol_exporter_queue_capacity	1001
1781256750	snap	3000	otelcol	otelcol-sb-esrev0-ctr-knvlf	otelcol_exporter_queue_batch_send_size_sum	1113722
1781256750	snap	3000	otelcol	otelcol-sb-esrev0-ctr-knvlf	otelcol_receiver_refused_spans	0
1781256750	snap	3000	otelcol	otelcol-sb-esrev0-ctr-knvlf	otelcol_process_memory_rss	230887424
1781256750	snap	3000	otelcol	otelcol-sb-esrev0-ctr-knvlf	otelcol_process_uptime	626
1781256750	snap	3000	otelcol	otelcol-sb-esrev0-ctr-knvlf	otelcol_process_runtime_total_alloc_bytes	853448408
1781256750	snap	3000	otelcol	otelcol-sb-esrev0-ctr-knvlf	otelcol_exporter_sent_spans	1075091
1781256750	snap	3000	otelcol	otelcol-sb-esrev0-ctr-knvlf	otelcol_exporter_queue_size	54
1781256750	snap	3000	otelcol	otelcol-sb-esrev0-ctr-knvlf	otelcol_processor_incoming_items	1113722
1781256750	snap	3000	otelcol	otelcol-sb-esrev0-ctr-knvlf	otelcol_receiver_failed_spans	0
1781256750	snap	3000	otelcol	otelcol-sb-esrev0-ctr-knvlf	otelcol_processor_outgoing_items	1113722
1781256750	snap	3000	otelcol	otelcol-sb-esrev0-ctr-knvlf	otelcol_exporter_send_failed_spans	0
1781256750	snap	3000	otelcol	otelcol-sb-esrev0-ctr-fb877	otelcol_exporter_send_failed_spans	0
1781256750	snap	3000	otelcol	otelcol-sb-esrev0-ctr-fb877	otelcol_process_uptime	626
1781256750	snap	3000	otelcol	otelcol-sb-esrev0-ctr-fb877	otelcol_process_runtime_heap_alloc_bytes	66659752
1781256750	snap	3000	otelcol	otelcol-sb-esrev0-ctr-fb877	otelcol_process_cpu_seconds	28
1781256750	snap	3000	otelcol	otelcol-sb-esrev0-ctr-fb877	otelcol_exporter_queue_capacity	1001
1781256750	snap	3000	otelcol	otelcol-sb-esrev0-ctr-fb877	otelcol_exporter_sent_spans	1023048
1781256750	snap	3000	otelcol	otelcol-sb-esrev0-ctr-fb877	otelcol_exporter_queue_batch_send_size_sum	1114851
1781256750	snap	3000	otelcol	otelcol-sb-esrev0-ctr-fb877	otelcol_processor_incoming_items	1114851
1781256750	snap	3000	otelcol	otelcol-sb-esrev0-ctr-fb877	otelcol_receiver_failed_spans	0
1781256750	snap	3000	otelcol	otelcol-sb-esrev0-ctr-fb877	otelcol_processor_batch_batch_send_size_sum	1114851
1781256750	snap	3000	otelcol	otelcol-sb-esrev0-ctr-fb877	otelcol_processor_outgoing_items	1114851
1781256750	snap	3000	otelcol	otelcol-sb-esrev0-ctr-fb877	otelcol_processor_batch_metadata_cardinality	1
1781256750	snap	3000	otelcol	otelcol-sb-esrev0-ctr-fb877	otelcol_process_runtime_total_sys_memory_bytes	102271256
1781256750	snap	3000	otelcol	otelcol-sb-esrev0-ctr-fb877	otelcol_exporter_queue_size	128
1781256750	snap	3000	otelcol	otelcol-sb-esrev0-ctr-fb877	otelcol_processor_batch_timeout_trigger_send	2461
1781256750	snap	3000	otelcol	otelcol-sb-esrev0-ctr-fb877	otelcol_receiver_refused_spans	0
1781256750	snap	3000	otelcol	otelcol-sb-esrev0-ctr-fb877	otelcol_receiver_accepted_spans	1114851
1781256750	snap	3000	otelcol	otelcol-sb-esrev0-ctr-fb877	otelcol_process_runtime_total_alloc_bytes	873444744
1781256750	snap	3000	otelcol	otelcol-sb-esrev0-ctr-fb877	otelcol_process_memory_rss	235937792
1781256750	snap	3000	otelcol	otelcol-sb-esrev0-ctr-b7q4j	otelcol_processor_batch_timeout_trigger_send	2464
1781256750	snap	3000	otelcol	otelcol-sb-esrev0-ctr-b7q4j	otelcol_exporter_queue_capacity	1001
1781256750	snap	3000	otelcol	otelcol-sb-esrev0-ctr-b7q4j	otelcol_receiver_failed_spans	0
1781256750	snap	3000	otelcol	otelcol-sb-esrev0-ctr-b7q4j	otelcol_processor_batch_batch_send_size_sum	1227549
1781256750	snap	3000	otelcol	otelcol-sb-esrev0-ctr-b7q4j	otelcol_exporter_queue_batch_send_size_sum	1227549
1781256750	snap	3000	otelcol	otelcol-sb-esrev0-ctr-b7q4j	otelcol_process_runtime_heap_alloc_bytes	61825368
1781256750	snap	3000	otelcol	otelcol-sb-esrev0-ctr-b7q4j	otelcol_process_cpu_seconds	29
1781256750	snap	3000	otelcol	otelcol-sb-esrev0-ctr-b7q4j	otelcol_exporter_send_failed_spans	0
1781256750	snap	3000	otelcol	otelcol-sb-esrev0-ctr-b7q4j	otelcol_process_memory_rss	234651648
1781256750	snap	3000	otelcol	otelcol-sb-esrev0-ctr-b7q4j	otelcol_exporter_sent_spans	1190614
1781256750	snap	3000	otelcol	otelcol-sb-esrev0-ctr-b7q4j	otelcol_processor_incoming_items	1227549
1781256750	snap	3000	otelcol	otelcol-sb-esrev0-ctr-b7q4j	otelcol_process_uptime	629
1781256750	snap	3000	otelcol	otelcol-sb-esrev0-ctr-b7q4j	otelcol_process_runtime_total_alloc_bytes	922789584
1781256750	snap	3000	otelcol	otelcol-sb-esrev0-ctr-b7q4j	otelcol_receiver_refused_spans	0
1781256750	snap	3000	otelcol	otelcol-sb-esrev0-ctr-b7q4j	otelcol_processor_outgoing_items	1227549
1781256750	snap	3000	otelcol	otelcol-sb-esrev0-ctr-b7q4j	otelcol_receiver_accepted_spans	1227549
1781256750	snap	3000	otelcol	otelcol-sb-esrev0-ctr-b7q4j	otelcol_processor_batch_metadata_cardinality	1
1781256750	snap	3000	otelcol	otelcol-sb-esrev0-ctr-b7q4j	otelcol_process_runtime_total_sys_memory_bytes	102533400
1781256750	snap	3000	otelcol	otelcol-sb-esrev0-ctr-b7q4j	otelcol_exporter_queue_size	52
1781256750	snap	3000	k8s	otelcol-sb-esrev0-ctr-4qc2z	restart_count	0
1781256750	snap	3000	k8s	otelcol-sb-esrev0-ctr-b7q4j	restart_count	0
1781256750	snap	3000	k8s	otelcol-sb-esrev0-ctr-f8wkx	restart_count	0
1781256750	snap	3000	k8s	otelcol-sb-esrev0-ctr-fb877	restart_count	0
1781256750	snap	3000	k8s	otelcol-sb-esrev0-ctr-knvlf	restart_count	0
1781256750	snap	3000	k8s	otelcol-sb-esrev0-ctr-lbwgk	restart_count	0
1781256750	snap	3000	k8s	otelcol-sb-esrev0-ctr-r2dsm	restart_count	0
1781256750	snap	3000	k8s	otelcol-sb-esrev0-ctr-s4p4v	restart_count	0
1781256750	snap	3000	k8s	otelcol-sb-esrev0-ctr-stlt9	restart_count	0
1781256750	snap	3000	sdk	wrk2api	spans_received	208833
1781256750	snap	3000	sdk	wrk2api	spans_sent	208833
1781256750	snap	3000	sdk	wrk2api	spans_dropped	0
1781256750	snap	3000	sdk	wrk2api	spans_flushed	208833
1781256750	snap	3000	sdk	wrk2api	batches_sent	9632
1781256750	snap	3000	sdk	wrk2api	batches_dropped	0
1781256750	snap	3000	sdk	wrk2api	send_unavailable	0
1781256750	snap	3000	sdk	wrk2api	send_deadline	0
1781256750	snap	3000	sdk	wrk2api	send_exhausted	0
1781256750	snap	3000	sdk	wrk2api	send_canceled	0
1781256750	snap	3000	sdk	wrk2api	send_other	0
1781256750	snap	3000	sdk	wrk2api	buffer_depth	0
0
1781256750	snap	3000	sdk	wrk2api	cp_received	104416
1781256750	snap	3000	sdk	wrk2api	lp_received	104417
1781256750	snap	3000	sdk	wrk2api	cp_sent	104416
1781256750	snap	3000	sdk	wrk2api	lp_sent	104417
1781256750	snap	3000	sdk	wrk2api	cp_dropped	0
1781256750	snap	3000	sdk	wrk2api	lp_dropped	0
1781256750	snap	3000	sdk	composepost	spans_received	7229719
1781256750	snap	3000	sdk	composepost	spans_sent	6508882
1781256750	snap	3000	sdk	composepost	spans_dropped	720837
1781256750	snap	3000	sdk	composepost	spans_flushed	7229719
1781256750	snap	3000	sdk	composepost	batches_sent	34335
1781256750	snap	3000	sdk	composepost	batches_dropped	2428
1781256750	snap	3000	sdk	composepost	send_unavailable	2428
1781256750	snap	3000	sdk	composepost	send_deadline	0
1781256750	snap	3000	sdk	composepost	send_exhausted	0
1781256750	snap	3000	sdk	composepost	send_canceled	0
1781256750	snap	3000	sdk	composepost	send_other	0
1781256750	snap	3000	sdk	composepost	buffer_depth	0
0
1781256750	snap	3000	sdk	composepost	cp_received	0
1781256750	snap	3000	sdk	composepost	lp_received	7229719
1781256750	snap	3000	sdk	composepost	cp_sent	0
1781256750	snap	3000	sdk	composepost	lp_sent	6508882
1781256750	snap	3000	sdk	composepost	cp_dropped	0
1781256750	snap	3000	sdk	composepost	lp_dropped	720837
1781256750	snap	3000	sdk	hometimeline	spans_received	1807414
1781256750	snap	3000	sdk	hometimeline	spans_sent	1708979
1781256750	snap	3000	sdk	hometimeline	spans_dropped	98435
1781256750	snap	3000	sdk	hometimeline	spans_flushed	1807414
1781256750	snap	3000	sdk	hometimeline	batches_sent	8860
1781256750	snap	3000	sdk	hometimeline	batches_dropped	332
1781256750	snap	3000	sdk	hometimeline	send_unavailable	332
1781256750	snap	3000	sdk	hometimeline	send_deadline	0
1781256750	snap	3000	sdk	hometimeline	send_exhausted	0
1781256750	snap	3000	sdk	hometimeline	send_canceled	0
1781256750	snap	3000	sdk	hometimeline	send_other	0
1781256750	snap	3000	sdk	hometimeline	buffer_depth	0
0
1781256750	snap	3000	sdk	hometimeline	cp_received	903707
1781256750	snap	3000	sdk	hometimeline	lp_received	903707
1781256750	snap	3000	sdk	hometimeline	cp_sent	894488
1781256750	snap	3000	sdk	hometimeline	lp_sent	814491
1781256750	snap	3000	sdk	hometimeline	cp_dropped	9219
1781256750	snap	3000	sdk	hometimeline	lp_dropped	89216
1781256750	snap	3000	sdk	media	spans_received	903716
1781256750	snap	3000	sdk	media	spans_sent	903716
1781256750	snap	3000	sdk	media	spans_dropped	0
1781256750	snap	3000	sdk	media	spans_flushed	903716
1781256750	snap	3000	sdk	media	batches_sent	4596
1781256750	snap	3000	sdk	media	batches_dropped	0
1781256750	snap	3000	sdk	media	send_unavailable	0
1781256750	snap	3000	sdk	media	send_deadline	0
1781256750	snap	3000	sdk	media	send_exhausted	0
1781256750	snap	3000	sdk	media	send_canceled	0
1781256750	snap	3000	sdk	media	send_other	0
1781256750	snap	3000	sdk	media	buffer_depth	0
0
1781256750	snap	3000	sdk	media	cp_received	903716
1781256750	snap	3000	sdk	media	lp_received	0
1781256750	snap	3000	sdk	media	cp_sent	903716
1781256750	snap	3000	sdk	media	lp_sent	0
1781256750	snap	3000	sdk	media	cp_dropped	0
1781256750	snap	3000	sdk	media	lp_dropped	0
1781256750	snap	3000	sdk	post-storage	spans_received	903707
1781256750	snap	3000	sdk	post-storage	spans_sent	903707
1781256750	snap	3000	sdk	post-storage	spans_dropped	0
1781256750	snap	3000	sdk	post-storage	spans_flushed	903707
1781256750	snap	3000	sdk	post-storage	batches_sent	4594
1781256750	snap	3000	sdk	post-storage	batches_dropped	0
1781256750	snap	3000	sdk	post-storage	send_unavailable	0
1781256750	snap	3000	sdk	post-storage	send_deadline	0
1781256750	snap	3000	sdk	post-storage	send_exhausted	0
1781256750	snap	3000	sdk	post-storage	send_canceled	0
1781256750	snap	3000	sdk	post-storage	send_other	0
1781256750	snap	3000	sdk	post-storage	buffer_depth	0
0
1781256750	snap	3000	sdk	post-storage	cp_received	903707
1781256750	snap	3000	sdk	post-storage	lp_received	0
1781256750	snap	3000	sdk	post-storage	cp_sent	903707
1781256750	snap	3000	sdk	post-storage	lp_sent	0
1781256750	snap	3000	sdk	post-storage	cp_dropped	0
1781256750	snap	3000	sdk	post-storage	lp_dropped	0
1781256750	snap	3000	sdk	socialgraph	spans_received	1017541
1781256750	snap	3000	sdk	socialgraph	spans_sent	1017541
1781256750	snap	3000	sdk	socialgraph	spans_dropped	0
1781256750	snap	3000	sdk	socialgraph	spans_flushed	1017541
1781256750	snap	3000	sdk	socialgraph	batches_sent	5103
1781256750	snap	3000	sdk	socialgraph	batches_dropped	0
1781256750	snap	3000	sdk	socialgraph	send_unavailable	0
1781256750	snap	3000	sdk	socialgraph	send_deadline	0
1781256750	snap	3000	sdk	socialgraph	send_exhausted	0
1781256750	snap	3000	sdk	socialgraph	send_canceled	0
1781256750	snap	3000	sdk	socialgraph	send_other	0
1781256750	snap	3000	sdk	socialgraph	buffer_depth	0
0
1781256750	snap	3000	sdk	socialgraph	cp_received	904669
1781256750	snap	3000	sdk	socialgraph	lp_received	112872
1781256750	snap	3000	sdk	socialgraph	cp_sent	904669
1781256750	snap	3000	sdk	socialgraph	lp_sent	112872
1781256750	snap	3000	sdk	socialgraph	cp_dropped	0
1781256750	snap	3000	sdk	socialgraph	lp_dropped	0
1781256750	snap	3000	sdk	text	spans_received	2711166
1781256750	snap	3000	sdk	text	spans_sent	2696734
1781256750	snap	3000	sdk	text	spans_dropped	14432
1781256750	snap	3000	sdk	text	spans_flushed	2711166
1781256750	snap	3000	sdk	text	batches_sent	13736
1781256750	snap	3000	sdk	text	batches_dropped	49
1781256750	snap	3000	sdk	text	send_unavailable	49
1781256750	snap	3000	sdk	text	send_deadline	0
1781256750	snap	3000	sdk	text	send_exhausted	0
1781256750	snap	3000	sdk	text	send_canceled	0
1781256750	snap	3000	sdk	text	send_other	0
1781256750	snap	3000	sdk	text	buffer_depth	0
0
1781256750	snap	3000	sdk	text	cp_received	903716
1781256750	snap	3000	sdk	text	lp_received	1807450
1781256750	snap	3000	sdk	text	cp_sent	903716
1781256750	snap	3000	sdk	text	lp_sent	1793018
1781256750	snap	3000	sdk	text	cp_dropped	0
1781256750	snap	3000	sdk	text	lp_dropped	14432
1781256750	snap	3000	sdk	uniqueid	spans_received	903716
1781256750	snap	3000	sdk	uniqueid	spans_sent	903716
1781256750	snap	3000	sdk	uniqueid	spans_dropped	0
1781256750	snap	3000	sdk	uniqueid	spans_flushed	903716
1781256750	snap	3000	sdk	uniqueid	batches_sent	4595
1781256750	snap	3000	sdk	uniqueid	batches_dropped	0
1781256750	snap	3000	sdk	uniqueid	send_unavailable	0
1781256750	snap	3000	sdk	uniqueid	send_deadline	0
1781256750	snap	3000	sdk	uniqueid	send_exhausted	0
1781256750	snap	3000	sdk	uniqueid	send_canceled	0
1781256750	snap	3000	sdk	uniqueid	send_other	0
1781256750	snap	3000	sdk	uniqueid	buffer_depth	0
0
1781256750	snap	3000	sdk	uniqueid	cp_received	903716
1781256750	snap	3000	sdk	uniqueid	lp_received	0
1781256750	snap	3000	sdk	uniqueid	cp_sent	903716
1781256750	snap	3000	sdk	uniqueid	lp_sent	0
1781256750	snap	3000	sdk	uniqueid	cp_dropped	0
1781256750	snap	3000	sdk	uniqueid	lp_dropped	0
1781256750	snap	3000	sdk	urlshorten	spans_received	903716
1781256750	snap	3000	sdk	urlshorten	spans_sent	903716
1781256750	snap	3000	sdk	urlshorten	spans_dropped	0
1781256750	snap	3000	sdk	urlshorten	spans_flushed	903716
1781256750	snap	3000	sdk	urlshorten	batches_sent	4595
1781256750	snap	3000	sdk	urlshorten	batches_dropped	0
1781256750	snap	3000	sdk	urlshorten	send_unavailable	0
1781256750	snap	3000	sdk	urlshorten	send_deadline	0
1781256750	snap	3000	sdk	urlshorten	send_exhausted	0
1781256750	snap	3000	sdk	urlshorten	send_canceled	0
1781256750	snap	3000	sdk	urlshorten	send_other	0
1781256750	snap	3000	sdk	urlshorten	buffer_depth	0
0
1781256750	snap	3000	sdk	urlshorten	cp_received	903716
1781256750	snap	3000	sdk	urlshorten	lp_received	0
1781256750	snap	3000	sdk	urlshorten	cp_sent	903716
1781256750	snap	3000	sdk	urlshorten	lp_sent	0
1781256750	snap	3000	sdk	urlshorten	cp_dropped	0
1781256750	snap	3000	sdk	urlshorten	lp_dropped	0
1781256750	snap	3000	sdk	user	spans_received	905640
1781256750	snap	3000	sdk	user	spans_sent	905640
1781256750	snap	3000	sdk	user	spans_dropped	0
1781256750	snap	3000	sdk	user	spans_flushed	905640
1781256750	snap	3000	sdk	user	batches_sent	4605
1781256750	snap	3000	sdk	user	batches_dropped	0
1781256750	snap	3000	sdk	user	send_unavailable	0
1781256750	snap	3000	sdk	user	send_deadline	0
1781256750	snap	3000	sdk	user	send_exhausted	0
1781256750	snap	3000	sdk	user	send_canceled	0
1781256750	snap	3000	sdk	user	send_other	0
1781256750	snap	3000	sdk	user	buffer_depth	0
0
1781256750	snap	3000	sdk	user	cp_received	903716
1781256750	snap	3000	sdk	user	lp_received	1924
1781256750	snap	3000	sdk	user	cp_sent	903716
1781256750	snap	3000	sdk	user	lp_sent	1924
1781256750	snap	3000	sdk	user	cp_dropped	0
1781256750	snap	3000	sdk	user	lp_dropped	0
1781256750	snap	3000	sdk	userid	spans_received	75248
1781256750	snap	3000	sdk	userid	spans_sent	75248
1781256750	snap	3000	sdk	userid	spans_dropped	0
1781256750	snap	3000	sdk	userid	spans_flushed	75248
1781256750	snap	3000	sdk	userid	batches_sent	239
1781256750	snap	3000	sdk	userid	batches_dropped	0
1781256750	snap	3000	sdk	userid	send_unavailable	0
1781256750	snap	3000	sdk	userid	send_deadline	0
1781256750	snap	3000	sdk	userid	send_exhausted	0
1781256750	snap	3000	sdk	userid	send_canceled	0
1781256750	snap	3000	sdk	userid	send_other	0
1781256750	snap	3000	sdk	userid	buffer_depth	0
0
1781256750	snap	3000	sdk	userid	cp_received	75248
1781256750	snap	3000	sdk	userid	lp_received	0
1781256750	snap	3000	sdk	userid	cp_sent	75248
1781256750	snap	3000	sdk	userid	lp_sent	0
1781256750	snap	3000	sdk	userid	cp_dropped	0
1781256750	snap	3000	sdk	userid	lp_dropped	0
1781256750	snap	3000	sdk	usermention	spans_received	903716
1781256750	snap	3000	sdk	usermention	spans_sent	903716
1781256750	snap	3000	sdk	usermention	spans_dropped	0
1781256750	snap	3000	sdk	usermention	spans_flushed	903716
1781256750	snap	3000	sdk	usermention	batches_sent	4596
1781256750	snap	3000	sdk	usermention	batches_dropped	0
1781256750	snap	3000	sdk	usermention	send_unavailable	0
1781256750	snap	3000	sdk	usermention	send_deadline	0
1781256750	snap	3000	sdk	usermention	send_exhausted	0
1781256750	snap	3000	sdk	usermention	send_canceled	0
1781256750	snap	3000	sdk	usermention	send_other	0
1781256750	snap	3000	sdk	usermention	buffer_depth	0
0
1781256750	snap	3000	sdk	usermention	cp_received	903716
1781256750	snap	3000	sdk	usermention	lp_received	0
1781256750	snap	3000	sdk	usermention	cp_sent	903716
1781256750	snap	3000	sdk	usermention	lp_sent	0
1781256750	snap	3000	sdk	usermention	cp_dropped	0
1781256750	snap	3000	sdk	usermention	lp_dropped	0
1781256750	snap	3000	sdk	usertimeline	spans_received	903707
1781256750	snap	3000	sdk	usertimeline	spans_sent	903707
1781256750	snap	3000	sdk	usertimeline	spans_dropped	0
1781256750	snap	3000	sdk	usertimeline	spans_flushed	903707
1781256750	snap	3000	sdk	usertimeline	batches_sent	4595
1781256750	snap	3000	sdk	usertimeline	batches_dropped	0
1781256750	snap	3000	sdk	usertimeline	send_unavailable	0
1781256750	snap	3000	sdk	usertimeline	send_deadline	0
1781256750	snap	3000	sdk	usertimeline	send_exhausted	0
1781256750	snap	3000	sdk	usertimeline	send_canceled	0
1781256750	snap	3000	sdk	usertimeline	send_other	0
1781256750	snap	3000	sdk	usertimeline	buffer_depth	0
0
1781256750	snap	3000	sdk	usertimeline	cp_received	903707
1781256750	snap	3000	sdk	usertimeline	lp_received	0
1781256750	snap	3000	sdk	usertimeline	cp_sent	903707
1781256750	snap	3000	sdk	usertimeline	lp_sent	0
1781256750	snap	3000	sdk	usertimeline	cp_dropped	0
1781256750	snap	3000	sdk	usertimeline	lp_dropped	0
1781256757	snap	3200	otelcol	otelcol-sb-esrev0-ctr-s4p4v	otelcol_exporter_queue_size	8
1781256757	snap	3200	otelcol	otelcol-sb-esrev0-ctr-s4p4v	otelcol_process_cpu_seconds	30
1781256757	snap	3200	otelcol	otelcol-sb-esrev0-ctr-s4p4v	otelcol_processor_batch_batch_send_size_sum	1112914
1781256757	snap	3200	otelcol	otelcol-sb-esrev0-ctr-s4p4v	otelcol_process_runtime_total_alloc_bytes	870275240
1781256757	snap	3200	otelcol	otelcol-sb-esrev0-ctr-s4p4v	otelcol_exporter_send_failed_spans	0
1781256757	snap	3200	otelcol	otelcol-sb-esrev0-ctr-s4p4v	otelcol_receiver_failed_spans	0
1781256757	snap	3200	otelcol	otelcol-sb-esrev0-ctr-s4p4v	otelcol_processor_outgoing_items	1112914
1781256757	snap	3200	otelcol	otelcol-sb-esrev0-ctr-s4p4v	otelcol_receiver_accepted_spans	1112914
1781256757	snap	3200	otelcol	otelcol-sb-esrev0-ctr-s4p4v	otelcol_exporter_queue_batch_send_size_sum	1112914
1781256757	snap	3200	otelcol	otelcol-sb-esrev0-ctr-s4p4v	otelcol_receiver_refused_spans	0
1781256757	snap	3200	otelcol	otelcol-sb-esrev0-ctr-s4p4v	otelcol_process_uptime	633
1781256757	snap	3200	otelcol	otelcol-sb-esrev0-ctr-s4p4v	otelcol_exporter_sent_spans	1107251
1781256757	snap	3200	otelcol	otelcol-sb-esrev0-ctr-s4p4v	otelcol_processor_batch_metadata_cardinality	1
1781256757	snap	3200	otelcol	otelcol-sb-esrev0-ctr-s4p4v	otelcol_processor_batch_timeout_trigger_send	2452
1781256757	snap	3200	otelcol	otelcol-sb-esrev0-ctr-s4p4v	otelcol_process_runtime_heap_alloc_bytes	46043632
1781256757	snap	3200	otelcol	otelcol-sb-esrev0-ctr-s4p4v	otelcol_processor_incoming_items	1112914
1781256757	snap	3200	otelcol	otelcol-sb-esrev0-ctr-s4p4v	otelcol_process_runtime_total_sys_memory_bytes	97343784
1781256757	snap	3200	otelcol	otelcol-sb-esrev0-ctr-s4p4v	otelcol_process_memory_rss	231104512
1781256757	snap	3200	otelcol	otelcol-sb-esrev0-ctr-s4p4v	otelcol_exporter_queue_capacity	1001
1781256757	snap	3200	otelcol	otelcol-sb-esrev0-ctr-lbwgk	otelcol_receiver_refused_spans	0
1781256757	snap	3200	otelcol	otelcol-sb-esrev0-ctr-lbwgk	otelcol_process_uptime	632
1781256757	snap	3200	otelcol	otelcol-sb-esrev0-ctr-lbwgk	otelcol_exporter_queue_size	8
1781256757	snap	3200	otelcol	otelcol-sb-esrev0-ctr-lbwgk	otelcol_exporter_queue_batch_send_size_sum	208833
1781256757	snap	3200	otelcol	otelcol-sb-esrev0-ctr-lbwgk	otelcol_processor_outgoing_items	208833
1781256757	snap	3200	otelcol	otelcol-sb-esrev0-ctr-lbwgk	otelcol_process_runtime_total_alloc_bytes	331841352
1781256757	snap	3200	otelcol	otelcol-sb-esrev0-ctr-lbwgk	otelcol_processor_batch_batch_send_size_sum	208833
1781256757	snap	3200	otelcol	otelcol-sb-esrev0-ctr-lbwgk	otelcol_exporter_send_failed_spans	0
1781256757	snap	3200	otelcol	otelcol-sb-esrev0-ctr-lbwgk	otelcol_processor_batch_metadata_cardinality	1
1781256757	snap	3200	otelcol	otelcol-sb-esrev0-ctr-lbwgk	otelcol_process_memory_rss	213544960
1781256757	snap	3200	otelcol	otelcol-sb-esrev0-ctr-lbwgk	otelcol_receiver_accepted_spans	208833
1781256757	snap	3200	otelcol	otelcol-sb-esrev0-ctr-lbwgk	otelcol_processor_batch_timeout_trigger_send	2450
1781256757	snap	3200	otelcol	otelcol-sb-esrev0-ctr-lbwgk	otelcol_process_runtime_heap_alloc_bytes	43072112
1781256757	snap	3200	otelcol	otelcol-sb-esrev0-ctr-lbwgk	otelcol_process_cpu_seconds	23
1781256757	snap	3200	otelcol	otelcol-sb-esrev0-ctr-lbwgk	otelcol_processor_incoming_items	208833
1781256757	snap	3200	otelcol	otelcol-sb-esrev0-ctr-lbwgk	otelcol_process_runtime_total_sys_memory_bytes	76073240
1781256757	snap	3200	otelcol	otelcol-sb-esrev0-ctr-lbwgk	otelcol_exporter_sent_spans	207835
1781256757	snap	3200	otelcol	otelcol-sb-esrev0-ctr-lbwgk	otelcol_exporter_queue_capacity	1001
1781256757	snap	3200	otelcol	otelcol-sb-esrev0-ctr-lbwgk	otelcol_receiver_failed_spans	0
1781256757	snap	3200	otelcol	otelcol-sb-esrev0-ctr-4qc2z	otelcol_receiver_failed_spans	0
1781256757	snap	3200	otelcol	otelcol-sb-esrev0-ctr-4qc2z	otelcol_process_cpu_seconds	29
1781256757	snap	3200	otelcol	otelcol-sb-esrev0-ctr-4qc2z	otelcol_receiver_refused_spans	0
1781256757	snap	3200	otelcol	otelcol-sb-esrev0-ctr-4qc2z	otelcol_process_runtime_heap_alloc_bytes	38618616
1781256757	snap	3200	otelcol	otelcol-sb-esrev0-ctr-4qc2z	otelcol_process_memory_rss	231436288
1781256757	snap	3200	otelcol	otelcol-sb-esrev0-ctr-4qc2z	otelcol_exporter_send_failed_spans	0
1781256757	snap	3200	otelcol	otelcol-sb-esrev0-ctr-4qc2z	otelcol_process_runtime_total_alloc_bytes	860621904
1781256757	snap	3200	otelcol	otelcol-sb-esrev0-ctr-4qc2z	otelcol_processor_batch_metadata_cardinality	1
1781256757	snap	3200	otelcol	otelcol-sb-esrev0-ctr-4qc2z	otelcol_processor_incoming_items	1112545
1781256757	snap	3200	otelcol	otelcol-sb-esrev0-ctr-4qc2z	otelcol_processor_batch_timeout_trigger_send	2457
1781256757	snap	3200	otelcol	otelcol-sb-esrev0-ctr-4qc2z	otelcol_processor_batch_batch_send_size_sum	1112545
1781256757	snap	3200	otelcol	otelcol-sb-esrev0-ctr-4qc2z	otelcol_process_runtime_total_sys_memory_bytes	97806616
1781256757	snap	3200	otelcol	otelcol-sb-esrev0-ctr-4qc2z	otelcol_exporter_sent_spans	1094867
1781256757	snap	3200	otelcol	otelcol-sb-esrev0-ctr-4qc2z	otelcol_receiver_accepted_spans	1112545
1781256757	snap	3200	otelcol	otelcol-sb-esrev0-ctr-4qc2z	otelcol_processor_outgoing_items	1112545
1781256757	snap	3200	otelcol	otelcol-sb-esrev0-ctr-4qc2z	otelcol_exporter_queue_size	25
1781256757	snap	3200	otelcol	otelcol-sb-esrev0-ctr-4qc2z	otelcol_exporter_queue_batch_send_size_sum	1112545
1781256757	snap	3200	otelcol	otelcol-sb-esrev0-ctr-4qc2z	otelcol_process_uptime	633
1781256757	snap	3200	otelcol	otelcol-sb-esrev0-ctr-4qc2z	otelcol_exporter_queue_capacity	1001
1781256757	snap	3200	otelcol	otelcol-sb-esrev0-ctr-stlt9	otelcol_processor_incoming_items	2016267
1781256757	snap	3200	otelcol	otelcol-sb-esrev0-ctr-stlt9	otelcol_receiver_accepted_spans	2016139
1781256757	snap	3200	otelcol	otelcol-sb-esrev0-ctr-stlt9	otelcol_processor_outgoing_items	2016139
1781256757	snap	3200	otelcol	otelcol-sb-esrev0-ctr-stlt9	otelcol_processor_batch_metadata_cardinality	1
1781256757	snap	3200	otelcol	otelcol-sb-esrev0-ctr-stlt9	otelcol_processor_batch_timeout_trigger_send	2457
1781256757	snap	3200	otelcol	otelcol-sb-esrev0-ctr-stlt9	otelcol_processor_batch_batch_send_size_sum	2016139
1781256757	snap	3200	otelcol	otelcol-sb-esrev0-ctr-stlt9	otelcol_process_memory_rss	263188480
1781256757	snap	3200	otelcol	otelcol-sb-esrev0-ctr-stlt9	otelcol_exporter_queue_capacity	1001
1781256757	snap	3200	otelcol	otelcol-sb-esrev0-ctr-stlt9	otelcol_exporter_sent_spans	1983088
1781256757	snap	3200	otelcol	otelcol-sb-esrev0-ctr-stlt9	otelcol_process_runtime_total_sys_memory_bytes	136751384
1781256757	snap	3200	otelcol	otelcol-sb-esrev0-ctr-stlt9	otelcol_exporter_queue_size	25
1781256757	snap	3200	otelcol	otelcol-sb-esrev0-ctr-stlt9	otelcol_receiver_refused_spans	128
1781256757	snap	3200	otelcol	otelcol-sb-esrev0-ctr-stlt9	otelcol_receiver_failed_spans	0
1781256757	snap	3200	otelcol	otelcol-sb-esrev0-ctr-stlt9	otelcol_process_uptime	634
1781256757	snap	3200	otelcol	otelcol-sb-esrev0-ctr-stlt9	otelcol_process_runtime_heap_alloc_bytes	92859904
1781256757	snap	3200	otelcol	otelcol-sb-esrev0-ctr-stlt9	otelcol_exporter_send_failed_spans	0
1781256757	snap	3200	otelcol	otelcol-sb-esrev0-ctr-stlt9	otelcol_exporter_queue_batch_send_size_sum	2016139
1781256757	snap	3200	otelcol	otelcol-sb-esrev0-ctr-stlt9	otelcol_process_runtime_total_alloc_bytes	1427216784
1781256757	snap	3200	otelcol	otelcol-sb-esrev0-ctr-stlt9	otelcol_process_cpu_seconds	42
1781256757	snap	3200	otelcol	otelcol-sb-esrev0-ctr-f8wkx	otelcol_receiver_failed_spans	0
1781256757	snap	3200	otelcol	otelcol-sb-esrev0-ctr-f8wkx	otelcol_process_runtime_total_sys_memory_bytes	137959720
1781256757	snap	3200	otelcol	otelcol-sb-esrev0-ctr-f8wkx	otelcol_exporter_queue_size	7
1781256757	snap	3200	otelcol	otelcol-sb-esrev0-ctr-f8wkx	otelcol_process_runtime_total_alloc_bytes	2291507376
1781256757	snap	3200	otelcol	otelcol-sb-esrev0-ctr-f8wkx	otelcol_exporter_send_failed_spans	0
1781256757	snap	3200	otelcol	otelcol-sb-esrev0-ctr-f8wkx	otelcol_processor_batch_metadata_cardinality	1
1781256757	snap	3200	otelcol	otelcol-sb-esrev0-ctr-f8wkx	otelcol_exporter_queue_batch_send_size_sum	3885680
1781256757	snap	3200	otelcol	otelcol-sb-esrev0-ctr-f8wkx	otelcol_processor_batch_timeout_trigger_send	2468
1781256757	snap	3200	otelcol	otelcol-sb-esrev0-ctr-f8wkx	otelcol_processor_incoming_items	3900956
1781256757	snap	3200	otelcol	otelcol-sb-esrev0-ctr-f8wkx	otelcol_process_cpu_seconds	59
1781256757	snap	3200	otelcol	otelcol-sb-esrev0-ctr-f8wkx	otelcol_processor_batch_batch_send_size_sum	3885680
1781256757	snap	3200	otelcol	otelcol-sb-esrev0-ctr-f8wkx	otelcol_process_uptime	632
1781256757	snap	3200	otelcol	otelcol-sb-esrev0-ctr-f8wkx	otelcol_process_runtime_heap_alloc_bytes	109412200
1781256757	snap	3200	otelcol	otelcol-sb-esrev0-ctr-f8wkx	otelcol_exporter_sent_spans	3872145
1781256757	snap	3200	otelcol	otelcol-sb-esrev0-ctr-f8wkx	otelcol_receiver_refused_spans	15276
1781256757	snap	3200	otelcol	otelcol-sb-esrev0-ctr-f8wkx	otelcol_processor_outgoing_items	3885680
1781256757	snap	3200	otelcol	otelcol-sb-esrev0-ctr-f8wkx	otelcol_receiver_accepted_spans	3885680
1781256757	snap	3200	otelcol	otelcol-sb-esrev0-ctr-f8wkx	otelcol_process_memory_rss	275955712
1781256757	snap	3200	otelcol	otelcol-sb-esrev0-ctr-f8wkx	otelcol_exporter_queue_capacity	1001
1781256757	snap	3200	otelcol	otelcol-sb-esrev0-ctr-r2dsm	otelcol_receiver_refused_spans	830432
1781256757	snap	3200	otelcol	otelcol-sb-esrev0-ctr-r2dsm	otelcol_receiver_failed_spans	0
1781256757	snap	3200	otelcol	otelcol-sb-esrev0-ctr-r2dsm	otelcol_processor_outgoing_items	8415532
1781256757	snap	3200	otelcol	otelcol-sb-esrev0-ctr-r2dsm	otelcol_process_uptime	632
1781256757	snap	3200	otelcol	otelcol-sb-esrev0-ctr-r2dsm	otelcol_process_runtime_total_alloc_bytes	5451864496
1781256757	snap	3200	otelcol	otelcol-sb-esrev0-ctr-r2dsm	otelcol_process_memory_rss	325586944
1781256757	snap	3200	otelcol	otelcol-sb-esrev0-ctr-r2dsm	otelcol_exporter_send_failed_spans	0
1781256757	snap	3200	otelcol	otelcol-sb-esrev0-ctr-r2dsm	otelcol_exporter_queue_batch_send_size_sum	8415532
1781256757	snap	3200	otelcol	otelcol-sb-esrev0-ctr-r2dsm	otelcol_receiver_accepted_spans	8415532
1781256757	snap	3200	otelcol	otelcol-sb-esrev0-ctr-r2dsm	otelcol_processor_batch_metadata_cardinality	1
1781256757	snap	3200	otelcol	otelcol-sb-esrev0-ctr-r2dsm	otelcol_processor_batch_timeout_trigger_send	2442
1781256757	snap	3200	otelcol	otelcol-sb-esrev0-ctr-r2dsm	otelcol_processor_batch_batch_size_trigger_send	2
1781256757	snap	3200	otelcol	otelcol-sb-esrev0-ctr-r2dsm	otelcol_processor_batch_batch_send_size_sum	8415532
1781256757	snap	3200	otelcol	otelcol-sb-esrev0-ctr-r2dsm	otelcol_process_cpu_seconds	97
1781256757	snap	3200	otelcol	otelcol-sb-esrev0-ctr-r2dsm	otelcol_exporter_queue_capacity	1001
1781256757	snap	3200	otelcol	otelcol-sb-esrev0-ctr-r2dsm	otelcol_process_runtime_heap_alloc_bytes	143530056
1781256757	snap	3200	otelcol	otelcol-sb-esrev0-ctr-r2dsm	otelcol_exporter_sent_spans	8294384
1781256757	snap	3200	otelcol	otelcol-sb-esrev0-ctr-r2dsm	otelcol_exporter_queue_size	96
1781256757	snap	3200	otelcol	otelcol-sb-esrev0-ctr-r2dsm	otelcol_processor_incoming_items	9245964
1781256757	snap	3200	otelcol	otelcol-sb-esrev0-ctr-r2dsm	otelcol_process_runtime_total_sys_memory_bytes	188053800
1781256757	snap	3200	otelcol	otelcol-sb-esrev0-ctr-knvlf	otelcol_receiver_accepted_spans	1113722
1781256757	snap	3200	otelcol	otelcol-sb-esrev0-ctr-knvlf	otelcol_process_runtime_total_sys_memory_bytes	97003800
1781256757	snap	3200	otelcol	otelcol-sb-esrev0-ctr-knvlf	otelcol_process_runtime_heap_alloc_bytes	50044024
1781256757	snap	3200	otelcol	otelcol-sb-esrev0-ctr-knvlf	otelcol_processor_batch_metadata_cardinality	1
1781256757	snap	3200	otelcol	otelcol-sb-esrev0-ctr-knvlf	otelcol_processor_batch_timeout_trigger_send	2455
1781256757	snap	3200	otelcol	otelcol-sb-esrev0-ctr-knvlf	otelcol_processor_batch_batch_send_size_sum	1113722
1781256757	snap	3200	otelcol	otelcol-sb-esrev0-ctr-knvlf	otelcol_process_cpu_seconds	30
1781256757	snap	3200	otelcol	otelcol-sb-esrev0-ctr-knvlf	otelcol_exporter_queue_capacity	1001
1781256757	snap	3200	otelcol	otelcol-sb-esrev0-ctr-knvlf	otelcol_exporter_queue_batch_send_size_sum	1113722
1781256757	snap	3200	otelcol	otelcol-sb-esrev0-ctr-knvlf	otelcol_receiver_refused_spans	0
1781256757	snap	3200	otelcol	otelcol-sb-esrev0-ctr-knvlf	otelcol_process_memory_rss	231034880
1781256757	snap	3200	otelcol	otelcol-sb-esrev0-ctr-knvlf	otelcol_process_uptime	634
1781256757	snap	3200	otelcol	otelcol-sb-esrev0-ctr-knvlf	otelcol_process_runtime_total_alloc_bytes	855357736
1781256757	snap	3200	otelcol	otelcol-sb-esrev0-ctr-knvlf	otelcol_exporter_sent_spans	1080163
1781256757	snap	3200	otelcol	otelcol-sb-esrev0-ctr-knvlf	otelcol_exporter_queue_size	47
1781256757	snap	3200	otelcol	otelcol-sb-esrev0-ctr-knvlf	otelcol_processor_incoming_items	1113722
1781256757	snap	3200	otelcol	otelcol-sb-esrev0-ctr-knvlf	otelcol_receiver_failed_spans	0
1781256757	snap	3200	otelcol	otelcol-sb-esrev0-ctr-knvlf	otelcol_processor_outgoing_items	1113722
1781256757	snap	3200	otelcol	otelcol-sb-esrev0-ctr-knvlf	otelcol_exporter_send_failed_spans	0
1781256757	snap	3200	otelcol	otelcol-sb-esrev0-ctr-fb877	otelcol_exporter_send_failed_spans	0
1781256757	snap	3200	otelcol	otelcol-sb-esrev0-ctr-fb877	otelcol_process_uptime	634
1781256757	snap	3200	otelcol	otelcol-sb-esrev0-ctr-fb877	otelcol_process_runtime_heap_alloc_bytes	70089192
1781256757	snap	3200	otelcol	otelcol-sb-esrev0-ctr-fb877	otelcol_process_cpu_seconds	28
1781256757	snap	3200	otelcol	otelcol-sb-esrev0-ctr-fb877	otelcol_exporter_queue_capacity	1001
1781256757	snap	3200	otelcol	otelcol-sb-esrev0-ctr-fb877	otelcol_exporter_sent_spans	1049630
1781256757	snap	3200	otelcol	otelcol-sb-esrev0-ctr-fb877	otelcol_exporter_queue_batch_send_size_sum	1114851
1781256757	snap	3200	otelcol	otelcol-sb-esrev0-ctr-fb877	otelcol_processor_incoming_items	1114851
1781256757	snap	3200	otelcol	otelcol-sb-esrev0-ctr-fb877	otelcol_receiver_failed_spans	0
1781256757	snap	3200	otelcol	otelcol-sb-esrev0-ctr-fb877	otelcol_processor_batch_batch_send_size_sum	1114851
1781256757	snap	3200	otelcol	otelcol-sb-esrev0-ctr-fb877	otelcol_processor_outgoing_items	1114851
1781256757	snap	3200	otelcol	otelcol-sb-esrev0-ctr-fb877	otelcol_processor_batch_metadata_cardinality	1
1781256757	snap	3200	otelcol	otelcol-sb-esrev0-ctr-fb877	otelcol_process_runtime_total_sys_memory_bytes	102271256
1781256757	snap	3200	otelcol	otelcol-sb-esrev0-ctr-fb877	otelcol_exporter_queue_size	91
1781256757	snap	3200	otelcol	otelcol-sb-esrev0-ctr-fb877	otelcol_processor_batch_timeout_trigger_send	2461
1781256757	snap	3200	otelcol	otelcol-sb-esrev0-ctr-fb877	otelcol_receiver_refused_spans	0
1781256757	snap	3200	otelcol	otelcol-sb-esrev0-ctr-fb877	otelcol_receiver_accepted_spans	1114851
1781256757	snap	3200	otelcol	otelcol-sb-esrev0-ctr-fb877	otelcol_process_runtime_total_alloc_bytes	876874184
1781256757	snap	3200	otelcol	otelcol-sb-esrev0-ctr-fb877	otelcol_process_memory_rss	236474368
1781256757	snap	3200	otelcol	otelcol-sb-esrev0-ctr-b7q4j	otelcol_processor_batch_timeout_trigger_send	2464
1781256757	snap	3200	otelcol	otelcol-sb-esrev0-ctr-b7q4j	otelcol_exporter_queue_capacity	1001
1781256757	snap	3200	otelcol	otelcol-sb-esrev0-ctr-b7q4j	otelcol_receiver_failed_spans	0
1781256757	snap	3200	otelcol	otelcol-sb-esrev0-ctr-b7q4j	otelcol_processor_batch_batch_send_size_sum	1227549
1781256757	snap	3200	otelcol	otelcol-sb-esrev0-ctr-b7q4j	otelcol_exporter_queue_batch_send_size_sum	1227549
1781256757	snap	3200	otelcol	otelcol-sb-esrev0-ctr-b7q4j	otelcol_process_runtime_heap_alloc_bytes	64249408
1781256757	snap	3200	otelcol	otelcol-sb-esrev0-ctr-b7q4j	otelcol_process_cpu_seconds	29
1781256757	snap	3200	otelcol	otelcol-sb-esrev0-ctr-b7q4j	otelcol_exporter_send_failed_spans	0
1781256757	snap	3200	otelcol	otelcol-sb-esrev0-ctr-b7q4j	otelcol_process_memory_rss	234651648
1781256757	snap	3200	otelcol	otelcol-sb-esrev0-ctr-b7q4j	otelcol_exporter_sent_spans	1205124
1781256757	snap	3200	otelcol	otelcol-sb-esrev0-ctr-b7q4j	otelcol_processor_incoming_items	1227549
1781256757	snap	3200	otelcol	otelcol-sb-esrev0-ctr-b7q4j	otelcol_process_uptime	636
1781256757	snap	3200	otelcol	otelcol-sb-esrev0-ctr-b7q4j	otelcol_process_runtime_total_alloc_bytes	925213624
1781256757	snap	3200	otelcol	otelcol-sb-esrev0-ctr-b7q4j	otelcol_receiver_refused_spans	0
1781256757	snap	3200	otelcol	otelcol-sb-esrev0-ctr-b7q4j	otelcol_processor_outgoing_items	1227549
1781256757	snap	3200	otelcol	otelcol-sb-esrev0-ctr-b7q4j	otelcol_receiver_accepted_spans	1227549
1781256757	snap	3200	otelcol	otelcol-sb-esrev0-ctr-b7q4j	otelcol_processor_batch_metadata_cardinality	1
1781256757	snap	3200	otelcol	otelcol-sb-esrev0-ctr-b7q4j	otelcol_process_runtime_total_sys_memory_bytes	102533400
1781256757	snap	3200	otelcol	otelcol-sb-esrev0-ctr-b7q4j	otelcol_exporter_queue_size	32
1781256757	snap	3200	k8s	otelcol-sb-esrev0-ctr-4qc2z	restart_count	0
1781256757	snap	3200	k8s	otelcol-sb-esrev0-ctr-b7q4j	restart_count	0
1781256757	snap	3200	k8s	otelcol-sb-esrev0-ctr-f8wkx	restart_count	0
1781256757	snap	3200	k8s	otelcol-sb-esrev0-ctr-fb877	restart_count	0
1781256757	snap	3200	k8s	otelcol-sb-esrev0-ctr-knvlf	restart_count	0
1781256757	snap	3200	k8s	otelcol-sb-esrev0-ctr-lbwgk	restart_count	0
1781256757	snap	3200	k8s	otelcol-sb-esrev0-ctr-r2dsm	restart_count	0
1781256757	snap	3200	k8s	otelcol-sb-esrev0-ctr-s4p4v	restart_count	0
1781256757	snap	3200	k8s	otelcol-sb-esrev0-ctr-stlt9	restart_count	0
1781256757	snap	3200	sdk	wrk2api	spans_received	208833
1781256757	snap	3200	sdk	wrk2api	spans_sent	208833
1781256757	snap	3200	sdk	wrk2api	spans_dropped	0
1781256757	snap	3200	sdk	wrk2api	spans_flushed	208833
1781256757	snap	3200	sdk	wrk2api	batches_sent	9632
1781256757	snap	3200	sdk	wrk2api	batches_dropped	0
1781256757	snap	3200	sdk	wrk2api	send_unavailable	0
1781256757	snap	3200	sdk	wrk2api	send_deadline	0
1781256757	snap	3200	sdk	wrk2api	send_exhausted	0
1781256757	snap	3200	sdk	wrk2api	send_canceled	0
1781256757	snap	3200	sdk	wrk2api	send_other	0
1781256757	snap	3200	sdk	wrk2api	buffer_depth	0
0
1781256757	snap	3200	sdk	wrk2api	cp_received	104416
1781256757	snap	3200	sdk	wrk2api	lp_received	104417
1781256757	snap	3200	sdk	wrk2api	cp_sent	104416
1781256757	snap	3200	sdk	wrk2api	lp_sent	104417
1781256757	snap	3200	sdk	wrk2api	cp_dropped	0
1781256757	snap	3200	sdk	wrk2api	lp_dropped	0
1781256757	snap	3200	sdk	composepost	spans_received	7229719
1781256757	snap	3200	sdk	composepost	spans_sent	6508882
1781256757	snap	3200	sdk	composepost	spans_dropped	720837
1781256757	snap	3200	sdk	composepost	spans_flushed	7229719
1781256757	snap	3200	sdk	composepost	batches_sent	34335
1781256757	snap	3200	sdk	composepost	batches_dropped	2428
1781256757	snap	3200	sdk	composepost	send_unavailable	2428
1781256757	snap	3200	sdk	composepost	send_deadline	0
1781256757	snap	3200	sdk	composepost	send_exhausted	0
1781256757	snap	3200	sdk	composepost	send_canceled	0
1781256757	snap	3200	sdk	composepost	send_other	0
1781256757	snap	3200	sdk	composepost	buffer_depth	0
0
1781256757	snap	3200	sdk	composepost	cp_received	0
1781256757	snap	3200	sdk	composepost	lp_received	7229719
1781256757	snap	3200	sdk	composepost	cp_sent	0
1781256757	snap	3200	sdk	composepost	lp_sent	6508882
1781256757	snap	3200	sdk	composepost	cp_dropped	0
1781256757	snap	3200	sdk	composepost	lp_dropped	720837
1781256757	snap	3200	sdk	hometimeline	spans_received	1807414
1781256757	snap	3200	sdk	hometimeline	spans_sent	1708979
1781256757	snap	3200	sdk	hometimeline	spans_dropped	98435
1781256757	snap	3200	sdk	hometimeline	spans_flushed	1807414
1781256757	snap	3200	sdk	hometimeline	batches_sent	8860
1781256757	snap	3200	sdk	hometimeline	batches_dropped	332
1781256757	snap	3200	sdk	hometimeline	send_unavailable	332
1781256757	snap	3200	sdk	hometimeline	send_deadline	0
1781256757	snap	3200	sdk	hometimeline	send_exhausted	0
1781256757	snap	3200	sdk	hometimeline	send_canceled	0
1781256757	snap	3200	sdk	hometimeline	send_other	0
1781256757	snap	3200	sdk	hometimeline	buffer_depth	0
0
1781256757	snap	3200	sdk	hometimeline	cp_received	903707
1781256757	snap	3200	sdk	hometimeline	lp_received	903707
1781256757	snap	3200	sdk	hometimeline	cp_sent	894488
1781256757	snap	3200	sdk	hometimeline	lp_sent	814491
1781256757	snap	3200	sdk	hometimeline	cp_dropped	9219
1781256757	snap	3200	sdk	hometimeline	lp_dropped	89216
1781256757	snap	3200	sdk	media	spans_received	903716
1781256757	snap	3200	sdk	media	spans_sent	903716
1781256757	snap	3200	sdk	media	spans_dropped	0
1781256757	snap	3200	sdk	media	spans_flushed	903716
1781256757	snap	3200	sdk	media	batches_sent	4596
1781256757	snap	3200	sdk	media	batches_dropped	0
1781256757	snap	3200	sdk	media	send_unavailable	0
1781256757	snap	3200	sdk	media	send_deadline	0
1781256757	snap	3200	sdk	media	send_exhausted	0
1781256757	snap	3200	sdk	media	send_canceled	0
1781256757	snap	3200	sdk	media	send_other	0
1781256757	snap	3200	sdk	media	buffer_depth	0
0
1781256757	snap	3200	sdk	media	cp_received	903716
1781256757	snap	3200	sdk	media	lp_received	0
1781256757	snap	3200	sdk	media	cp_sent	903716
1781256757	snap	3200	sdk	media	lp_sent	0
1781256757	snap	3200	sdk	media	cp_dropped	0
1781256757	snap	3200	sdk	media	lp_dropped	0
1781256757	snap	3200	sdk	post-storage	spans_received	903707
1781256757	snap	3200	sdk	post-storage	spans_sent	903707
1781256757	snap	3200	sdk	post-storage	spans_dropped	0
1781256757	snap	3200	sdk	post-storage	spans_flushed	903707
1781256757	snap	3200	sdk	post-storage	batches_sent	4594
1781256757	snap	3200	sdk	post-storage	batches_dropped	0
1781256757	snap	3200	sdk	post-storage	send_unavailable	0
1781256757	snap	3200	sdk	post-storage	send_deadline	0
1781256757	snap	3200	sdk	post-storage	send_exhausted	0
1781256757	snap	3200	sdk	post-storage	send_canceled	0
1781256757	snap	3200	sdk	post-storage	send_other	0
1781256757	snap	3200	sdk	post-storage	buffer_depth	0
0
1781256757	snap	3200	sdk	post-storage	cp_received	903707
1781256757	snap	3200	sdk	post-storage	lp_received	0
1781256757	snap	3200	sdk	post-storage	cp_sent	903707
1781256757	snap	3200	sdk	post-storage	lp_sent	0
1781256757	snap	3200	sdk	post-storage	cp_dropped	0
1781256757	snap	3200	sdk	post-storage	lp_dropped	0
1781256757	snap	3200	sdk	socialgraph	spans_received	1017541
1781256757	snap	3200	sdk	socialgraph	spans_sent	1017541
1781256757	snap	3200	sdk	socialgraph	spans_dropped	0
1781256757	snap	3200	sdk	socialgraph	spans_flushed	1017541
1781256757	snap	3200	sdk	socialgraph	batches_sent	5103
1781256757	snap	3200	sdk	socialgraph	batches_dropped	0
1781256757	snap	3200	sdk	socialgraph	send_unavailable	0
1781256757	snap	3200	sdk	socialgraph	send_deadline	0
1781256757	snap	3200	sdk	socialgraph	send_exhausted	0
1781256757	snap	3200	sdk	socialgraph	send_canceled	0
1781256757	snap	3200	sdk	socialgraph	send_other	0
1781256757	snap	3200	sdk	socialgraph	buffer_depth	0
0
1781256757	snap	3200	sdk	socialgraph	cp_received	904669
1781256757	snap	3200	sdk	socialgraph	lp_received	112872
1781256757	snap	3200	sdk	socialgraph	cp_sent	904669
1781256757	snap	3200	sdk	socialgraph	lp_sent	112872
1781256757	snap	3200	sdk	socialgraph	cp_dropped	0
1781256757	snap	3200	sdk	socialgraph	lp_dropped	0
1781256757	snap	3200	sdk	text	spans_received	2711166
1781256757	snap	3200	sdk	text	spans_sent	2696734
1781256757	snap	3200	sdk	text	spans_dropped	14432
1781256757	snap	3200	sdk	text	spans_flushed	2711166
1781256757	snap	3200	sdk	text	batches_sent	13736
1781256757	snap	3200	sdk	text	batches_dropped	49
1781256757	snap	3200	sdk	text	send_unavailable	49
1781256757	snap	3200	sdk	text	send_deadline	0
1781256757	snap	3200	sdk	text	send_exhausted	0
1781256757	snap	3200	sdk	text	send_canceled	0
1781256757	snap	3200	sdk	text	send_other	0
1781256757	snap	3200	sdk	text	buffer_depth	0
0
1781256757	snap	3200	sdk	text	cp_received	903716
1781256757	snap	3200	sdk	text	lp_received	1807450
1781256757	snap	3200	sdk	text	cp_sent	903716
1781256757	snap	3200	sdk	text	lp_sent	1793018
1781256757	snap	3200	sdk	text	cp_dropped	0
1781256757	snap	3200	sdk	text	lp_dropped	14432
1781256757	snap	3200	sdk	uniqueid	spans_received	903716
1781256757	snap	3200	sdk	uniqueid	spans_sent	903716
1781256757	snap	3200	sdk	uniqueid	spans_dropped	0
1781256757	snap	3200	sdk	uniqueid	spans_flushed	903716
1781256757	snap	3200	sdk	uniqueid	batches_sent	4595
1781256757	snap	3200	sdk	uniqueid	batches_dropped	0
1781256757	snap	3200	sdk	uniqueid	send_unavailable	0
1781256757	snap	3200	sdk	uniqueid	send_deadline	0
1781256757	snap	3200	sdk	uniqueid	send_exhausted	0
1781256757	snap	3200	sdk	uniqueid	send_canceled	0
1781256757	snap	3200	sdk	uniqueid	send_other	0
1781256757	snap	3200	sdk	uniqueid	buffer_depth	0
0
1781256757	snap	3200	sdk	uniqueid	cp_received	903716
1781256757	snap	3200	sdk	uniqueid	lp_received	0
1781256757	snap	3200	sdk	uniqueid	cp_sent	903716
1781256757	snap	3200	sdk	uniqueid	lp_sent	0
1781256757	snap	3200	sdk	uniqueid	cp_dropped	0
1781256757	snap	3200	sdk	uniqueid	lp_dropped	0
1781256757	snap	3200	sdk	urlshorten	spans_received	903716
1781256757	snap	3200	sdk	urlshorten	spans_sent	903716
1781256757	snap	3200	sdk	urlshorten	spans_dropped	0
1781256757	snap	3200	sdk	urlshorten	spans_flushed	903716
1781256757	snap	3200	sdk	urlshorten	batches_sent	4595
1781256757	snap	3200	sdk	urlshorten	batches_dropped	0
1781256757	snap	3200	sdk	urlshorten	send_unavailable	0
1781256757	snap	3200	sdk	urlshorten	send_deadline	0
1781256757	snap	3200	sdk	urlshorten	send_exhausted	0
1781256757	snap	3200	sdk	urlshorten	send_canceled	0
1781256757	snap	3200	sdk	urlshorten	send_other	0
1781256757	snap	3200	sdk	urlshorten	buffer_depth	0
0
1781256757	snap	3200	sdk	urlshorten	cp_received	903716
1781256757	snap	3200	sdk	urlshorten	lp_received	0
1781256757	snap	3200	sdk	urlshorten	cp_sent	903716
1781256757	snap	3200	sdk	urlshorten	lp_sent	0
1781256757	snap	3200	sdk	urlshorten	cp_dropped	0
1781256757	snap	3200	sdk	urlshorten	lp_dropped	0
1781256757	snap	3200	sdk	user	spans_received	905640
1781256757	snap	3200	sdk	user	spans_sent	905640
1781256757	snap	3200	sdk	user	spans_dropped	0
1781256757	snap	3200	sdk	user	spans_flushed	905640
1781256757	snap	3200	sdk	user	batches_sent	4605
1781256757	snap	3200	sdk	user	batches_dropped	0
1781256757	snap	3200	sdk	user	send_unavailable	0
1781256757	snap	3200	sdk	user	send_deadline	0
1781256757	snap	3200	sdk	user	send_exhausted	0
1781256757	snap	3200	sdk	user	send_canceled	0
1781256757	snap	3200	sdk	user	send_other	0
1781256757	snap	3200	sdk	user	buffer_depth	0
0
1781256757	snap	3200	sdk	user	cp_received	903716
1781256757	snap	3200	sdk	user	lp_received	1924
1781256757	snap	3200	sdk	user	cp_sent	903716
1781256757	snap	3200	sdk	user	lp_sent	1924
1781256757	snap	3200	sdk	user	cp_dropped	0
1781256757	snap	3200	sdk	user	lp_dropped	0
1781256757	snap	3200	sdk	userid	spans_received	75248
1781256757	snap	3200	sdk	userid	spans_sent	75248
1781256757	snap	3200	sdk	userid	spans_dropped	0
1781256757	snap	3200	sdk	userid	spans_flushed	75248
1781256757	snap	3200	sdk	userid	batches_sent	239
1781256757	snap	3200	sdk	userid	batches_dropped	0
1781256757	snap	3200	sdk	userid	send_unavailable	0
1781256757	snap	3200	sdk	userid	send_deadline	0
1781256757	snap	3200	sdk	userid	send_exhausted	0
1781256757	snap	3200	sdk	userid	send_canceled	0
1781256757	snap	3200	sdk	userid	send_other	0
1781256757	snap	3200	sdk	userid	buffer_depth	0
0
1781256757	snap	3200	sdk	userid	cp_received	75248
1781256757	snap	3200	sdk	userid	lp_received	0
1781256757	snap	3200	sdk	userid	cp_sent	75248
1781256757	snap	3200	sdk	userid	lp_sent	0
1781256757	snap	3200	sdk	userid	cp_dropped	0
1781256757	snap	3200	sdk	userid	lp_dropped	0
1781256757	snap	3200	sdk	usermention	spans_received	903716
1781256757	snap	3200	sdk	usermention	spans_sent	903716
1781256757	snap	3200	sdk	usermention	spans_dropped	0
1781256757	snap	3200	sdk	usermention	spans_flushed	903716
1781256757	snap	3200	sdk	usermention	batches_sent	4596
1781256757	snap	3200	sdk	usermention	batches_dropped	0
1781256757	snap	3200	sdk	usermention	send_unavailable	0
1781256757	snap	3200	sdk	usermention	send_deadline	0
1781256757	snap	3200	sdk	usermention	send_exhausted	0
1781256757	snap	3200	sdk	usermention	send_canceled	0
1781256757	snap	3200	sdk	usermention	send_other	0
1781256757	snap	3200	sdk	usermention	buffer_depth	0
0
1781256757	snap	3200	sdk	usermention	cp_received	903716
1781256757	snap	3200	sdk	usermention	lp_received	0
1781256757	snap	3200	sdk	usermention	cp_sent	903716
1781256757	snap	3200	sdk	usermention	lp_sent	0
1781256757	snap	3200	sdk	usermention	cp_dropped	0
1781256757	snap	3200	sdk	usermention	lp_dropped	0
1781256757	snap	3200	sdk	usertimeline	spans_received	903707
1781256757	snap	3200	sdk	usertimeline	spans_sent	903707
1781256757	snap	3200	sdk	usertimeline	spans_dropped	0
1781256757	snap	3200	sdk	usertimeline	spans_flushed	903707
1781256757	snap	3200	sdk	usertimeline	batches_sent	4595
1781256757	snap	3200	sdk	usertimeline	batches_dropped	0
1781256757	snap	3200	sdk	usertimeline	send_unavailable	0
1781256757	snap	3200	sdk	usertimeline	send_deadline	0
1781256757	snap	3200	sdk	usertimeline	send_exhausted	0
1781256757	snap	3200	sdk	usertimeline	send_canceled	0
1781256757	snap	3200	sdk	usertimeline	send_other	0
1781256757	snap	3200	sdk	usertimeline	buffer_depth	0
0
1781256757	snap	3200	sdk	usertimeline	cp_received	903707
1781256757	snap	3200	sdk	usertimeline	lp_received	0
1781256757	snap	3200	sdk	usertimeline	cp_sent	903707
1781256757	snap	3200	sdk	usertimeline	lp_sent	0
1781256757	snap	3200	sdk	usertimeline	cp_dropped	0
1781256757	snap	3200	sdk	usertimeline	lp_dropped	0
1781256825	snap	3200	otelcol	otelcol-sb-esrev0-ctr-s4p4v	otelcol_exporter_queue_size	87
1781256825	snap	3200	otelcol	otelcol-sb-esrev0-ctr-s4p4v	otelcol_process_cpu_seconds	34
1781256825	snap	3200	otelcol	otelcol-sb-esrev0-ctr-s4p4v	otelcol_processor_batch_batch_send_size_sum	1345030
1781256825	snap	3200	otelcol	otelcol-sb-esrev0-ctr-s4p4v	otelcol_process_runtime_total_alloc_bytes	1007751112
1781256825	snap	3200	otelcol	otelcol-sb-esrev0-ctr-s4p4v	otelcol_exporter_send_failed_spans	0
1781256825	snap	3200	otelcol	otelcol-sb-esrev0-ctr-s4p4v	otelcol_receiver_failed_spans	0
1781256825	snap	3200	otelcol	otelcol-sb-esrev0-ctr-s4p4v	otelcol_processor_outgoing_items	1345030
1781256825	snap	3200	otelcol	otelcol-sb-esrev0-ctr-s4p4v	otelcol_receiver_accepted_spans	1345030
1781256825	snap	3200	otelcol	otelcol-sb-esrev0-ctr-s4p4v	otelcol_exporter_queue_batch_send_size_sum	1345030
1781256825	snap	3200	otelcol	otelcol-sb-esrev0-ctr-s4p4v	otelcol_receiver_refused_spans	0
1781256825	snap	3200	otelcol	otelcol-sb-esrev0-ctr-s4p4v	otelcol_process_uptime	700
1781256825	snap	3200	otelcol	otelcol-sb-esrev0-ctr-s4p4v	otelcol_exporter_sent_spans	1277305
1781256825	snap	3200	otelcol	otelcol-sb-esrev0-ctr-s4p4v	otelcol_processor_batch_metadata_cardinality	1
1781256825	snap	3200	otelcol	otelcol-sb-esrev0-ctr-s4p4v	otelcol_processor_batch_timeout_trigger_send	2751
1781256825	snap	3200	otelcol	otelcol-sb-esrev0-ctr-s4p4v	otelcol_process_runtime_heap_alloc_bytes	68723448
1781256825	snap	3200	otelcol	otelcol-sb-esrev0-ctr-s4p4v	otelcol_processor_incoming_items	1345030
1781256825	snap	3200	otelcol	otelcol-sb-esrev0-ctr-s4p4v	otelcol_process_runtime_total_sys_memory_bytes	106027304
1781256825	snap	3200	otelcol	otelcol-sb-esrev0-ctr-s4p4v	otelcol_process_memory_rss	240947200
1781256825	snap	3200	otelcol	otelcol-sb-esrev0-ctr-s4p4v	otelcol_exporter_queue_capacity	1001
1781256825	snap	3200	otelcol	otelcol-sb-esrev0-ctr-lbwgk	otelcol_receiver_refused_spans	0
1781256825	snap	3200	otelcol	otelcol-sb-esrev0-ctr-lbwgk	otelcol_process_uptime	699
1781256825	snap	3200	otelcol	otelcol-sb-esrev0-ctr-lbwgk	otelcol_exporter_queue_size	9
1781256825	snap	3200	otelcol	otelcol-sb-esrev0-ctr-lbwgk	otelcol_exporter_queue_batch_send_size_sum	251035
1781256825	snap	3200	otelcol	otelcol-sb-esrev0-ctr-lbwgk	otelcol_processor_outgoing_items	251035
1781256825	snap	3200	otelcol	otelcol-sb-esrev0-ctr-lbwgk	otelcol_process_runtime_total_alloc_bytes	378723536
1781256825	snap	3200	otelcol	otelcol-sb-esrev0-ctr-lbwgk	otelcol_processor_batch_batch_send_size_sum	251035
1781256825	snap	3200	otelcol	otelcol-sb-esrev0-ctr-lbwgk	otelcol_exporter_send_failed_spans	0
1781256825	snap	3200	otelcol	otelcol-sb-esrev0-ctr-lbwgk	otelcol_processor_batch_metadata_cardinality	1
1781256825	snap	3200	otelcol	otelcol-sb-esrev0-ctr-lbwgk	otelcol_process_memory_rss	216215552
1781256825	snap	3200	otelcol	otelcol-sb-esrev0-ctr-lbwgk	otelcol_receiver_accepted_spans	251035
1781256825	snap	3200	otelcol	otelcol-sb-esrev0-ctr-lbwgk	otelcol_processor_batch_timeout_trigger_send	2749
1781256825	snap	3200	otelcol	otelcol-sb-esrev0-ctr-lbwgk	otelcol_process_runtime_heap_alloc_bytes	28624672
1781256825	snap	3200	otelcol	otelcol-sb-esrev0-ctr-lbwgk	otelcol_process_cpu_seconds	26
1781256825	snap	3200	otelcol	otelcol-sb-esrev0-ctr-lbwgk	otelcol_processor_incoming_items	251035
1781256825	snap	3200	otelcol	otelcol-sb-esrev0-ctr-lbwgk	otelcol_process_runtime_total_sys_memory_bytes	80267544
1781256825	snap	3200	otelcol	otelcol-sb-esrev0-ctr-lbwgk	otelcol_exporter_sent_spans	249803
1781256825	snap	3200	otelcol	otelcol-sb-esrev0-ctr-lbwgk	otelcol_exporter_queue_capacity	1001
1781256825	snap	3200	otelcol	otelcol-sb-esrev0-ctr-lbwgk	otelcol_receiver_failed_spans	0
1781256825	snap	3200	otelcol	otelcol-sb-esrev0-ctr-4qc2z	otelcol_receiver_failed_spans	0
1781256825	snap	3200	otelcol	otelcol-sb-esrev0-ctr-4qc2z	otelcol_process_cpu_seconds	34
1781256825	snap	3200	otelcol	otelcol-sb-esrev0-ctr-4qc2z	otelcol_receiver_refused_spans	0
1781256825	snap	3200	otelcol	otelcol-sb-esrev0-ctr-4qc2z	otelcol_process_runtime_heap_alloc_bytes	40924344
1781256825	snap	3200	otelcol	otelcol-sb-esrev0-ctr-4qc2z	otelcol_process_memory_rss	247947264
1781256825	snap	3200	otelcol	otelcol-sb-esrev0-ctr-4qc2z	otelcol_exporter_send_failed_spans	0
1781256825	snap	3200	otelcol	otelcol-sb-esrev0-ctr-4qc2z	otelcol_process_runtime_total_alloc_bytes	1013210440
1781256825	snap	3200	otelcol	otelcol-sb-esrev0-ctr-4qc2z	otelcol_processor_batch_metadata_cardinality	1
1781256825	snap	3200	otelcol	otelcol-sb-esrev0-ctr-4qc2z	otelcol_processor_incoming_items	1344661
1781256825	snap	3200	otelcol	otelcol-sb-esrev0-ctr-4qc2z	otelcol_processor_batch_timeout_trigger_send	2756
1781256825	snap	3200	otelcol	otelcol-sb-esrev0-ctr-4qc2z	otelcol_processor_batch_batch_send_size_sum	1344661
1781256825	snap	3200	otelcol	otelcol-sb-esrev0-ctr-4qc2z	otelcol_process_runtime_total_sys_memory_bytes	123988248
1781256825	snap	3200	otelcol	otelcol-sb-esrev0-ctr-4qc2z	otelcol_exporter_sent_spans	1313516
1781256825	snap	3200	otelcol	otelcol-sb-esrev0-ctr-4qc2z	otelcol_receiver_accepted_spans	1344661
1781256825	snap	3200	otelcol	otelcol-sb-esrev0-ctr-4qc2z	otelcol_processor_outgoing_items	1344661
1781256825	snap	3200	otelcol	otelcol-sb-esrev0-ctr-4qc2z	otelcol_exporter_queue_size	40
1781256825	snap	3200	otelcol	otelcol-sb-esrev0-ctr-4qc2z	otelcol_exporter_queue_batch_send_size_sum	1344661
1781256825	snap	3200	otelcol	otelcol-sb-esrev0-ctr-4qc2z	otelcol_process_uptime	701
1781256825	snap	3200	otelcol	otelcol-sb-esrev0-ctr-4qc2z	otelcol_exporter_queue_capacity	1001
1781256825	snap	3200	otelcol	otelcol-sb-esrev0-ctr-stlt9	otelcol_processor_incoming_items	2438299
1781256825	snap	3200	otelcol	otelcol-sb-esrev0-ctr-stlt9	otelcol_receiver_accepted_spans	2433945
1781256825	snap	3200	otelcol	otelcol-sb-esrev0-ctr-stlt9	otelcol_processor_outgoing_items	2433945
1781256825	snap	3200	otelcol	otelcol-sb-esrev0-ctr-stlt9	otelcol_processor_batch_metadata_cardinality	1
1781256825	snap	3200	otelcol	otelcol-sb-esrev0-ctr-stlt9	otelcol_processor_batch_timeout_trigger_send	2756
1781256825	snap	3200	otelcol	otelcol-sb-esrev0-ctr-stlt9	otelcol_processor_batch_batch_send_size_sum	2433945
1781256825	snap	3200	otelcol	otelcol-sb-esrev0-ctr-stlt9	otelcol_process_memory_rss	277479424
1781256825	snap	3200	otelcol	otelcol-sb-esrev0-ctr-stlt9	otelcol_exporter_queue_capacity	1001
1781256825	snap	3200	otelcol	otelcol-sb-esrev0-ctr-stlt9	otelcol_exporter_sent_spans	2313201
1781256825	snap	3200	otelcol	otelcol-sb-esrev0-ctr-stlt9	otelcol_process_runtime_total_sys_memory_bytes	149911848
1781256825	snap	3200	otelcol	otelcol-sb-esrev0-ctr-stlt9	otelcol_exporter_queue_size	88
1781256825	snap	3200	otelcol	otelcol-sb-esrev0-ctr-stlt9	otelcol_receiver_refused_spans	4354
1781256825	snap	3200	otelcol	otelcol-sb-esrev0-ctr-stlt9	otelcol_receiver_failed_spans	0
1781256825	snap	3200	otelcol	otelcol-sb-esrev0-ctr-stlt9	otelcol_process_uptime	701
1781256825	snap	3200	otelcol	otelcol-sb-esrev0-ctr-stlt9	otelcol_process_runtime_heap_alloc_bytes	108443544
1781256825	snap	3200	otelcol	otelcol-sb-esrev0-ctr-stlt9	otelcol_exporter_send_failed_spans	0
1781256825	snap	3200	otelcol	otelcol-sb-esrev0-ctr-stlt9	otelcol_exporter_queue_batch_send_size_sum	2433945
1781256825	snap	3200	otelcol	otelcol-sb-esrev0-ctr-stlt9	otelcol_process_runtime_total_alloc_bytes	1688972088
1781256825	snap	3200	otelcol	otelcol-sb-esrev0-ctr-stlt9	otelcol_process_cpu_seconds	49
1781256825	snap	3200	otelcol	otelcol-sb-esrev0-ctr-f8wkx	otelcol_receiver_failed_spans	0
1781256825	snap	3200	otelcol	otelcol-sb-esrev0-ctr-f8wkx	otelcol_process_runtime_total_sys_memory_bytes	189466936
1781256825	snap	3200	otelcol	otelcol-sb-esrev0-ctr-f8wkx	otelcol_exporter_queue_size	45
1781256825	snap	3200	otelcol	otelcol-sb-esrev0-ctr-f8wkx	otelcol_process_runtime_total_alloc_bytes	2692640960
1781256825	snap	3200	otelcol	otelcol-sb-esrev0-ctr-f8wkx	otelcol_exporter_send_failed_spans	0
1781256825	snap	3200	otelcol	otelcol-sb-esrev0-ctr-f8wkx	otelcol_processor_batch_metadata_cardinality	1
1781256825	snap	3200	otelcol	otelcol-sb-esrev0-ctr-f8wkx	otelcol_exporter_queue_batch_send_size_sum	4368942
1781256825	snap	3200	otelcol	otelcol-sb-esrev0-ctr-f8wkx	otelcol_processor_batch_timeout_trigger_send	2741
1781256825	snap	3200	otelcol	otelcol-sb-esrev0-ctr-f8wkx	otelcol_processor_incoming_items	4702814
1781256825	snap	3200	otelcol	otelcol-sb-esrev0-ctr-f8wkx	otelcol_process_cpu_seconds	68
1781256825	snap	3200	otelcol	otelcol-sb-esrev0-ctr-f8wkx	otelcol_processor_batch_batch_send_size_sum	4368942
1781256825	snap	3200	otelcol	otelcol-sb-esrev0-ctr-f8wkx	otelcol_process_uptime	700
1781256825	snap	3200	otelcol	otelcol-sb-esrev0-ctr-f8wkx	otelcol_process_runtime_heap_alloc_bytes	124794496
1781256825	snap	3200	otelcol	otelcol-sb-esrev0-ctr-f8wkx	otelcol_exporter_sent_spans	4289593
1781256825	snap	3200	otelcol	otelcol-sb-esrev0-ctr-f8wkx	otelcol_receiver_refused_spans	333872
1781256825	snap	3200	otelcol	otelcol-sb-esrev0-ctr-f8wkx	otelcol_processor_outgoing_items	4368942
1781256825	snap	3200	otelcol	otelcol-sb-esrev0-ctr-f8wkx	otelcol_receiver_accepted_spans	4368942
1781256825	snap	3200	otelcol	otelcol-sb-esrev0-ctr-f8wkx	otelcol_process_memory_rss	319758336
1781256825	snap	3200	otelcol	otelcol-sb-esrev0-ctr-f8wkx	otelcol_exporter_queue_capacity	1001
1781256825	snap	3200	otelcol	otelcol-sb-esrev0-ctr-r2dsm	otelcol_receiver_refused_spans	2127432
1781256825	snap	3200	otelcol	otelcol-sb-esrev0-ctr-r2dsm	otelcol_receiver_failed_spans	0
1781256825	snap	3200	otelcol	otelcol-sb-esrev0-ctr-r2dsm	otelcol_processor_outgoing_items	9059876
1781256825	snap	3200	otelcol	otelcol-sb-esrev0-ctr-r2dsm	otelcol_process_uptime	699
1781256825	snap	3200	otelcol	otelcol-sb-esrev0-ctr-r2dsm	otelcol_process_runtime_total_alloc_bytes	6385843584
1781256825	snap	3200	otelcol	otelcol-sb-esrev0-ctr-r2dsm	otelcol_process_memory_rss	310923264
1781256825	snap	3200	otelcol	otelcol-sb-esrev0-ctr-r2dsm	otelcol_exporter_send_failed_spans	0
1781256825	snap	3200	otelcol	otelcol-sb-esrev0-ctr-r2dsm	otelcol_exporter_queue_batch_send_size_sum	9059876
1781256825	snap	3200	otelcol	otelcol-sb-esrev0-ctr-r2dsm	otelcol_receiver_accepted_spans	9059876
1781256825	snap	3200	otelcol	otelcol-sb-esrev0-ctr-r2dsm	otelcol_processor_batch_metadata_cardinality	1
1781256825	snap	3200	otelcol	otelcol-sb-esrev0-ctr-r2dsm	otelcol_processor_batch_timeout_trigger_send	2710
1781256825	snap	3200	otelcol	otelcol-sb-esrev0-ctr-r2dsm	otelcol_processor_batch_batch_size_trigger_send	2
1781256825	snap	3200	otelcol	otelcol-sb-esrev0-ctr-r2dsm	otelcol_processor_batch_batch_send_size_sum	9059876
1781256825	snap	3200	otelcol	otelcol-sb-esrev0-ctr-r2dsm	otelcol_process_cpu_seconds	111
1781256825	snap	3200	otelcol	otelcol-sb-esrev0-ctr-r2dsm	otelcol_exporter_queue_capacity	1001
1781256825	snap	3200	otelcol	otelcol-sb-esrev0-ctr-r2dsm	otelcol_process_runtime_heap_alloc_bytes	120813976
1781256825	snap	3200	otelcol	otelcol-sb-esrev0-ctr-r2dsm	otelcol_exporter_sent_spans	8927453
1781256825	snap	3200	otelcol	otelcol-sb-esrev0-ctr-r2dsm	otelcol_exporter_queue_size	45
1781256825	snap	3200	otelcol	otelcol-sb-esrev0-ctr-r2dsm	otelcol_processor_incoming_items	11187308
1781256825	snap	3200	otelcol	otelcol-sb-esrev0-ctr-r2dsm	otelcol_process_runtime_total_sys_memory_bytes	209373496
1781256825	snap	3200	otelcol	otelcol-sb-esrev0-ctr-knvlf	otelcol_receiver_accepted_spans	1345840
1781256825	snap	3200	otelcol	otelcol-sb-esrev0-ctr-knvlf	otelcol_process_runtime_total_sys_memory_bytes	110405912
1781256825	snap	3200	otelcol	otelcol-sb-esrev0-ctr-knvlf	otelcol_process_runtime_heap_alloc_bytes	32869784
1781256825	snap	3200	otelcol	otelcol-sb-esrev0-ctr-knvlf	otelcol_processor_batch_metadata_cardinality	1
1781256825	snap	3200	otelcol	otelcol-sb-esrev0-ctr-knvlf	otelcol_processor_batch_timeout_trigger_send	2754
1781256825	snap	3200	otelcol	otelcol-sb-esrev0-ctr-knvlf	otelcol_processor_batch_batch_send_size_sum	1345840
1781256825	snap	3200	otelcol	otelcol-sb-esrev0-ctr-knvlf	otelcol_process_cpu_seconds	36
1781256825	snap	3200	otelcol	otelcol-sb-esrev0-ctr-knvlf	otelcol_exporter_queue_capacity	1001
1781256825	snap	3200	otelcol	otelcol-sb-esrev0-ctr-knvlf	otelcol_exporter_queue_batch_send_size_sum	1345840
1781256825	snap	3200	otelcol	otelcol-sb-esrev0-ctr-knvlf	otelcol_receiver_refused_spans	0
1781256825	snap	3200	otelcol	otelcol-sb-esrev0-ctr-knvlf	otelcol_process_memory_rss	244330496
1781256825	snap	3200	otelcol	otelcol-sb-esrev0-ctr-knvlf	otelcol_process_uptime	701
1781256825	snap	3200	otelcol	otelcol-sb-esrev0-ctr-knvlf	otelcol_process_runtime_total_alloc_bytes	1013251832
1781256825	snap	3200	otelcol	otelcol-sb-esrev0-ctr-knvlf	otelcol_exporter_sent_spans	1339052
1781256825	snap	3200	otelcol	otelcol-sb-esrev0-ctr-knvlf	otelcol_exporter_queue_size	9
1781256825	snap	3200	otelcol	otelcol-sb-esrev0-ctr-knvlf	otelcol_processor_incoming_items	1345840
1781256825	snap	3200	otelcol	otelcol-sb-esrev0-ctr-knvlf	otelcol_receiver_failed_spans	0
1781256825	snap	3200	otelcol	otelcol-sb-esrev0-ctr-knvlf	otelcol_processor_outgoing_items	1345840
1781256825	snap	3200	otelcol	otelcol-sb-esrev0-ctr-knvlf	otelcol_exporter_send_failed_spans	0
1781256825	snap	3200	otelcol	otelcol-sb-esrev0-ctr-fb877	otelcol_exporter_send_failed_spans	0
1781256825	snap	3200	otelcol	otelcol-sb-esrev0-ctr-fb877	otelcol_process_uptime	701
1781256825	snap	3200	otelcol	otelcol-sb-esrev0-ctr-fb877	otelcol_process_runtime_heap_alloc_bytes	47945352
1781256825	snap	3200	otelcol	otelcol-sb-esrev0-ctr-fb877	otelcol_process_cpu_seconds	34
1781256825	snap	3200	otelcol	otelcol-sb-esrev0-ctr-fb877	otelcol_exporter_queue_capacity	1001
1781256825	snap	3200	otelcol	otelcol-sb-esrev0-ctr-fb877	otelcol_exporter_sent_spans	1325192
1781256825	snap	3200	otelcol	otelcol-sb-esrev0-ctr-fb877	otelcol_exporter_queue_batch_send_size_sum	1343129
1781256825	snap	3200	otelcol	otelcol-sb-esrev0-ctr-fb877	otelcol_processor_incoming_items	1346969
1781256825	snap	3200	otelcol	otelcol-sb-esrev0-ctr-fb877	otelcol_receiver_failed_spans	0
1781256825	snap	3200	otelcol	otelcol-sb-esrev0-ctr-fb877	otelcol_processor_batch_batch_send_size_sum	1343129
1781256825	snap	3200	otelcol	otelcol-sb-esrev0-ctr-fb877	otelcol_processor_outgoing_items	1343129
1781256825	snap	3200	otelcol	otelcol-sb-esrev0-ctr-fb877	otelcol_processor_batch_metadata_cardinality	1
1781256825	snap	3200	otelcol	otelcol-sb-esrev0-ctr-fb877	otelcol_process_runtime_total_sys_memory_bytes	145656088
1781256825	snap	3200	otelcol	otelcol-sb-esrev0-ctr-fb877	otelcol_exporter_queue_size	24
1781256825	snap	3200	otelcol	otelcol-sb-esrev0-ctr-fb877	otelcol_processor_batch_timeout_trigger_send	2760
1781256825	snap	3200	otelcol	otelcol-sb-esrev0-ctr-fb877	otelcol_receiver_refused_spans	3840
1781256825	snap	3200	otelcol	otelcol-sb-esrev0-ctr-fb877	otelcol_receiver_accepted_spans	1343129
1781256825	snap	3200	otelcol	otelcol-sb-esrev0-ctr-fb877	otelcol_process_runtime_total_alloc_bytes	1041435480
1781256825	snap	3200	otelcol	otelcol-sb-esrev0-ctr-fb877	otelcol_process_memory_rss	242675712
1781256825	snap	3200	otelcol	otelcol-sb-esrev0-ctr-b7q4j	otelcol_processor_batch_timeout_trigger_send	2764
1781256825	snap	3200	otelcol	otelcol-sb-esrev0-ctr-b7q4j	otelcol_exporter_queue_capacity	1001
1781256825	snap	3200	otelcol	otelcol-sb-esrev0-ctr-b7q4j	otelcol_receiver_failed_spans	0
1781256825	snap	3200	otelcol	otelcol-sb-esrev0-ctr-b7q4j	otelcol_processor_batch_batch_send_size_sum	1459306
1781256825	snap	3200	otelcol	otelcol-sb-esrev0-ctr-b7q4j	otelcol_exporter_queue_batch_send_size_sum	1459306
1781256825	snap	3200	otelcol	otelcol-sb-esrev0-ctr-b7q4j	otelcol_process_runtime_heap_alloc_bytes	74597352
1781256825	snap	3200	otelcol	otelcol-sb-esrev0-ctr-b7q4j	otelcol_process_cpu_seconds	34
1781256825	snap	3200	otelcol	otelcol-sb-esrev0-ctr-b7q4j	otelcol_exporter_send_failed_spans	0
1781256825	snap	3200	otelcol	otelcol-sb-esrev0-ctr-b7q4j	otelcol_process_memory_rss	264482816
1781256825	snap	3200	otelcol	otelcol-sb-esrev0-ctr-b7q4j	otelcol_exporter_sent_spans	1426645
1781256825	snap	3200	otelcol	otelcol-sb-esrev0-ctr-b7q4j	otelcol_processor_incoming_items	1459667
1781256825	snap	3200	otelcol	otelcol-sb-esrev0-ctr-b7q4j	otelcol_process_uptime	703
1781256825	snap	3200	otelcol	otelcol-sb-esrev0-ctr-b7q4j	otelcol_process_runtime_total_alloc_bytes	1076601072
1781256825	snap	3200	otelcol	otelcol-sb-esrev0-ctr-b7q4j	otelcol_receiver_refused_spans	361
1781256825	snap	3200	otelcol	otelcol-sb-esrev0-ctr-b7q4j	otelcol_processor_outgoing_items	1459306
1781256825	snap	3200	otelcol	otelcol-sb-esrev0-ctr-b7q4j	otelcol_receiver_accepted_spans	1459306
1781256825	snap	3200	otelcol	otelcol-sb-esrev0-ctr-b7q4j	otelcol_processor_batch_metadata_cardinality	1
1781256825	snap	3200	otelcol	otelcol-sb-esrev0-ctr-b7q4j	otelcol_process_runtime_total_sys_memory_bytes	132131096
1781256825	snap	3200	otelcol	otelcol-sb-esrev0-ctr-b7q4j	otelcol_exporter_queue_size	43
1781256825	snap	3200	k8s	otelcol-sb-esrev0-ctr-4qc2z	restart_count	0
1781256825	snap	3200	k8s	otelcol-sb-esrev0-ctr-b7q4j	restart_count	0
1781256825	snap	3200	k8s	otelcol-sb-esrev0-ctr-f8wkx	restart_count	0
1781256825	snap	3200	k8s	otelcol-sb-esrev0-ctr-fb877	restart_count	0
1781256825	snap	3200	k8s	otelcol-sb-esrev0-ctr-knvlf	restart_count	0
1781256825	snap	3200	k8s	otelcol-sb-esrev0-ctr-lbwgk	restart_count	0
1781256825	snap	3200	k8s	otelcol-sb-esrev0-ctr-r2dsm	restart_count	0
1781256825	snap	3200	k8s	otelcol-sb-esrev0-ctr-s4p4v	restart_count	0
1781256825	snap	3200	k8s	otelcol-sb-esrev0-ctr-stlt9	restart_count	0
1781256825	snap	3200	sdk	wrk2api	spans_received	251035
1781256825	snap	3200	sdk	wrk2api	spans_sent	251035
1781256825	snap	3200	sdk	wrk2api	spans_dropped	0
1781256825	snap	3200	sdk	wrk2api	spans_flushed	251035
1781256825	snap	3200	sdk	wrk2api	batches_sent	10832
1781256825	snap	3200	sdk	wrk2api	batches_dropped	0
1781256825	snap	3200	sdk	wrk2api	send_unavailable	0
1781256825	snap	3200	sdk	wrk2api	send_deadline	0
1781256825	snap	3200	sdk	wrk2api	send_exhausted	0
1781256825	snap	3200	sdk	wrk2api	send_canceled	0
1781256825	snap	3200	sdk	wrk2api	send_other	0
1781256825	snap	3200	sdk	wrk2api	buffer_depth	0
0
1781256825	snap	3200	sdk	wrk2api	cp_received	125517
1781256825	snap	3200	sdk	wrk2api	lp_received	125518
1781256825	snap	3200	sdk	wrk2api	cp_sent	125517
1781256825	snap	3200	sdk	wrk2api	lp_sent	125518
1781256825	snap	3200	sdk	wrk2api	cp_dropped	0
1781256825	snap	3200	sdk	wrk2api	lp_dropped	0
1781256825	snap	3200	sdk	composepost	spans_received	8749031
1781256825	snap	3200	sdk	composepost	spans_sent	6913881
1781256825	snap	3200	sdk	composepost	spans_dropped	1835150
1781256825	snap	3200	sdk	composepost	spans_flushed	8749031
1781256825	snap	3200	sdk	composepost	batches_sent	35607
1781256825	snap	3200	sdk	composepost	batches_dropped	5961
1781256825	snap	3200	sdk	composepost	send_unavailable	5961
1781256825	snap	3200	sdk	composepost	send_deadline	0
1781256825	snap	3200	sdk	composepost	send_exhausted	0
1781256825	snap	3200	sdk	composepost	send_canceled	0
1781256825	snap	3200	sdk	composepost	send_other	0
1781256825	snap	3200	sdk	composepost	buffer_depth	0
0
1781256825	snap	3200	sdk	composepost	cp_received	0
1781256825	snap	3200	sdk	composepost	lp_received	8749031
1781256825	snap	3200	sdk	composepost	cp_sent	0
1781256825	snap	3200	sdk	composepost	lp_sent	6913881
1781256825	snap	3200	sdk	composepost	cp_dropped	0
1781256825	snap	3200	sdk	composepost	lp_dropped	1835150
1781256825	snap	3200	sdk	hometimeline	spans_received	2187242
1781256825	snap	3200	sdk	hometimeline	spans_sent	1924367
1781256825	snap	3200	sdk	hometimeline	spans_dropped	262875
1781256825	snap	3200	sdk	hometimeline	spans_flushed	2187242
1781256825	snap	3200	sdk	hometimeline	batches_sent	9544
1781256825	snap	3200	sdk	hometimeline	batches_dropped	850
1781256825	snap	3200	sdk	hometimeline	send_unavailable	850
1781256825	snap	3200	sdk	hometimeline	send_deadline	0
1781256825	snap	3200	sdk	hometimeline	send_exhausted	0
1781256825	snap	3200	sdk	hometimeline	send_canceled	0
1781256825	snap	3200	sdk	hometimeline	send_other	0
1781256825	snap	3200	sdk	hometimeline	buffer_depth	0
0
1781256825	snap	3200	sdk	hometimeline	cp_received	1093621
1781256825	snap	3200	sdk	hometimeline	lp_received	1093621
1781256825	snap	3200	sdk	hometimeline	cp_sent	1059441
1781256825	snap	3200	sdk	hometimeline	lp_sent	864926
1781256825	snap	3200	sdk	hometimeline	cp_dropped	34180
1781256825	snap	3200	sdk	hometimeline	lp_dropped	228695
1781256825	snap	3200	sdk	media	spans_received	1093630
1781256825	snap	3200	sdk	media	spans_sent	1075475
1781256825	snap	3200	sdk	media	spans_dropped	18155
1781256825	snap	3200	sdk	media	spans_flushed	1093630
1781256825	snap	3200	sdk	media	batches_sent	5139
1781256825	snap	3200	sdk	media	batches_dropped	58
1781256825	snap	3200	sdk	media	send_unavailable	58
1781256825	snap	3200	sdk	media	send_deadline	0
1781256825	snap	3200	sdk	media	send_exhausted	0
1781256825	snap	3200	sdk	media	send_canceled	0
1781256825	snap	3200	sdk	media	send_other	0
1781256825	snap	3200	sdk	media	buffer_depth	0
0
1781256825	snap	3200	sdk	media	cp_received	1093630
1781256825	snap	3200	sdk	media	lp_received	0
1781256825	snap	3200	sdk	media	cp_sent	1075475
1781256825	snap	3200	sdk	media	lp_sent	0
1781256825	snap	3200	sdk	media	cp_dropped	18155
1781256825	snap	3200	sdk	media	lp_dropped	0
1781256825	snap	3200	sdk	post-storage	spans_received	1093621
1781256825	snap	3200	sdk	post-storage	spans_sent	1093621
1781256825	snap	3200	sdk	post-storage	spans_dropped	0
1781256825	snap	3200	sdk	post-storage	spans_flushed	1093621
1781256825	snap	3200	sdk	post-storage	batches_sent	5194
1781256825	snap	3200	sdk	post-storage	batches_dropped	0
1781256825	snap	3200	sdk	post-storage	send_unavailable	0
1781256825	snap	3200	sdk	post-storage	send_deadline	0
1781256825	snap	3200	sdk	post-storage	send_exhausted	0
1781256825	snap	3200	sdk	post-storage	send_canceled	0
1781256825	snap	3200	sdk	post-storage	send_other	0
1781256825	snap	3200	sdk	post-storage	buffer_depth	0
0
1781256825	snap	3200	sdk	post-storage	cp_received	1093621
1781256825	snap	3200	sdk	post-storage	lp_received	0
1781256825	snap	3200	sdk	post-storage	cp_sent	1093621
1781256825	snap	3200	sdk	post-storage	lp_sent	0
1781256825	snap	3200	sdk	post-storage	cp_dropped	0
1781256825	snap	3200	sdk	post-storage	lp_dropped	0
1781256825	snap	3200	sdk	socialgraph	spans_received	1207455
1781256825	snap	3200	sdk	socialgraph	spans_sent	1207455
1781256825	snap	3200	sdk	socialgraph	spans_dropped	0
1781256825	snap	3200	sdk	socialgraph	spans_flushed	1207455
1781256825	snap	3200	sdk	socialgraph	batches_sent	5704
1781256825	snap	3200	sdk	socialgraph	batches_dropped	0
1781256825	snap	3200	sdk	socialgraph	send_unavailable	0
1781256825	snap	3200	sdk	socialgraph	send_deadline	0
1781256825	snap	3200	sdk	socialgraph	send_exhausted	0
1781256825	snap	3200	sdk	socialgraph	send_canceled	0
1781256825	snap	3200	sdk	socialgraph	send_other	0
1781256825	snap	3200	sdk	socialgraph	buffer_depth	0
0
1781256825	snap	3200	sdk	socialgraph	cp_received	1094583
1781256825	snap	3200	sdk	socialgraph	lp_received	112872
1781256825	snap	3200	sdk	socialgraph	cp_sent	1094583
1781256825	snap	3200	sdk	socialgraph	lp_sent	112872
1781256825	snap	3200	sdk	socialgraph	cp_dropped	0
1781256825	snap	3200	sdk	socialgraph	lp_dropped	0
1781256825	snap	3200	sdk	text	spans_received	3280908
1781256825	snap	3200	sdk	text	spans_sent	2982842
1781256825	snap	3200	sdk	text	spans_dropped	298066
1781256825	snap	3200	sdk	text	spans_flushed	3280908
1781256825	snap	3200	sdk	text	batches_sent	14639
1781256825	snap	3200	sdk	text	batches_dropped	946
1781256825	snap	3200	sdk	text	send_unavailable	946
1781256825	snap	3200	sdk	text	send_deadline	0
1781256825	snap	3200	sdk	text	send_exhausted	0
1781256825	snap	3200	sdk	text	send_canceled	0
1781256825	snap	3200	sdk	text	send_other	0
1781256825	snap	3200	sdk	text	buffer_depth	0
0
1781256825	snap	3200	sdk	text	cp_received	1093630
1781256825	snap	3200	sdk	text	lp_received	2187278
1781256825	snap	3200	sdk	text	cp_sent	1075572
1781256825	snap	3200	sdk	text	lp_sent	1907270
1781256825	snap	3200	sdk	text	cp_dropped	18058
1781256825	snap	3200	sdk	text	lp_dropped	280008
1781256825	snap	3200	sdk	uniqueid	spans_received	1093630
1781256825	snap	3200	sdk	uniqueid	spans_sent	1093630
1781256825	snap	3200	sdk	uniqueid	spans_dropped	0
1781256825	snap	3200	sdk	uniqueid	spans_flushed	1093630
1781256825	snap	3200	sdk	uniqueid	batches_sent	5195
1781256825	snap	3200	sdk	uniqueid	batches_dropped	0
1781256825	snap	3200	sdk	uniqueid	send_unavailable	0
1781256825	snap	3200	sdk	uniqueid	send_deadline	0
1781256825	snap	3200	sdk	uniqueid	send_exhausted	0
1781256825	snap	3200	sdk	uniqueid	send_canceled	0
1781256825	snap	3200	sdk	uniqueid	send_other	0
1781256825	snap	3200	sdk	uniqueid	buffer_depth	0
0
1781256825	snap	3200	sdk	uniqueid	cp_received	1093630
1781256825	snap	3200	sdk	uniqueid	lp_received	0
1781256825	snap	3200	sdk	uniqueid	cp_sent	1093630
1781256825	snap	3200	sdk	uniqueid	lp_sent	0
1781256825	snap	3200	sdk	uniqueid	cp_dropped	0
1781256825	snap	3200	sdk	uniqueid	lp_dropped	0
1781256825	snap	3200	sdk	urlshorten	spans_received	1093630
1781256825	snap	3200	sdk	urlshorten	spans_sent	1093630
1781256825	snap	3200	sdk	urlshorten	spans_dropped	0
1781256825	snap	3200	sdk	urlshorten	spans_flushed	1093630
1781256825	snap	3200	sdk	urlshorten	batches_sent	5195
1781256825	snap	3200	sdk	urlshorten	batches_dropped	0
1781256825	snap	3200	sdk	urlshorten	send_unavailable	0
1781256825	snap	3200	sdk	urlshorten	send_deadline	0
1781256825	snap	3200	sdk	urlshorten	send_exhausted	0
1781256825	snap	3200	sdk	urlshorten	send_canceled	0
1781256825	snap	3200	sdk	urlshorten	send_other	0
1781256825	snap	3200	sdk	urlshorten	buffer_depth	0
0
1781256825	snap	3200	sdk	urlshorten	cp_received	1093630
1781256825	snap	3200	sdk	urlshorten	lp_received	0
1781256825	snap	3200	sdk	urlshorten	cp_sent	1093630
1781256825	snap	3200	sdk	urlshorten	lp_sent	0
1781256825	snap	3200	sdk	urlshorten	cp_dropped	0
1781256825	snap	3200	sdk	urlshorten	lp_dropped	0
1781256825	snap	3200	sdk	user	spans_received	1095554
1781256825	snap	3200	sdk	user	spans_sent	1095554
1781256825	snap	3200	sdk	user	spans_dropped	0
1781256825	snap	3200	sdk	user	spans_flushed	1095554
1781256825	snap	3200	sdk	user	batches_sent	5205
1781256825	snap	3200	sdk	user	batches_dropped	0
1781256825	snap	3200	sdk	user	send_unavailable	0
1781256825	snap	3200	sdk	user	send_deadline	0
1781256825	snap	3200	sdk	user	send_exhausted	0
1781256825	snap	3200	sdk	user	send_canceled	0
1781256825	snap	3200	sdk	user	send_other	0
1781256825	snap	3200	sdk	user	buffer_depth	0
0
1781256825	snap	3200	sdk	user	cp_received	1093630
1781256825	snap	3200	sdk	user	lp_received	1924
1781256825	snap	3200	sdk	user	cp_sent	1093630
1781256825	snap	3200	sdk	user	lp_sent	1924
1781256825	snap	3200	sdk	user	cp_dropped	0
1781256825	snap	3200	sdk	user	lp_dropped	0
1781256825	snap	3200	sdk	userid	spans_received	75248
1781256825	snap	3200	sdk	userid	spans_sent	75248
1781256825	snap	3200	sdk	userid	spans_dropped	0
1781256825	snap	3200	sdk	userid	spans_flushed	75248
1781256825	snap	3200	sdk	userid	batches_sent	239
1781256825	snap	3200	sdk	userid	batches_dropped	0
1781256825	snap	3200	sdk	userid	send_unavailable	0
1781256825	snap	3200	sdk	userid	send_deadline	0
1781256825	snap	3200	sdk	userid	send_exhausted	0
1781256825	snap	3200	sdk	userid	send_canceled	0
1781256825	snap	3200	sdk	userid	send_other	0
1781256825	snap	3200	sdk	userid	buffer_depth	0
0
1781256825	snap	3200	sdk	userid	cp_received	75248
1781256825	snap	3200	sdk	userid	lp_received	0
1781256825	snap	3200	sdk	userid	cp_sent	75248
1781256825	snap	3200	sdk	userid	lp_sent	0
1781256825	snap	3200	sdk	userid	cp_dropped	0
1781256825	snap	3200	sdk	userid	lp_dropped	0
1781256825	snap	3200	sdk	usermention	spans_received	1093630
1781256825	snap	3200	sdk	usermention	spans_sent	1093630
1781256825	snap	3200	sdk	usermention	spans_dropped	0
1781256825	snap	3200	sdk	usermention	spans_flushed	1093630
1781256825	snap	3200	sdk	usermention	batches_sent	5196
1781256825	snap	3200	sdk	usermention	batches_dropped	0
1781256825	snap	3200	sdk	usermention	send_unavailable	0
1781256825	snap	3200	sdk	usermention	send_deadline	0
1781256825	snap	3200	sdk	usermention	send_exhausted	0
1781256825	snap	3200	sdk	usermention	send_canceled	0
1781256825	snap	3200	sdk	usermention	send_other	0
1781256825	snap	3200	sdk	usermention	buffer_depth	0
0
1781256825	snap	3200	sdk	usermention	cp_received	1093630
1781256825	snap	3200	sdk	usermention	lp_received	0
1781256825	snap	3200	sdk	usermention	cp_sent	1093630
1781256825	snap	3200	sdk	usermention	lp_sent	0
1781256825	snap	3200	sdk	usermention	cp_dropped	0
1781256825	snap	3200	sdk	usermention	lp_dropped	0
1781256825	snap	3200	sdk	usertimeline	spans_received	1093621
1781256825	snap	3200	sdk	usertimeline	spans_sent	1093621
1781256825	snap	3200	sdk	usertimeline	spans_dropped	0
1781256825	snap	3200	sdk	usertimeline	spans_flushed	1093621
1781256825	snap	3200	sdk	usertimeline	batches_sent	5196
1781256825	snap	3200	sdk	usertimeline	batches_dropped	0
1781256825	snap	3200	sdk	usertimeline	send_unavailable	0
1781256825	snap	3200	sdk	usertimeline	send_deadline	0
1781256825	snap	3200	sdk	usertimeline	send_exhausted	0
1781256825	snap	3200	sdk	usertimeline	send_canceled	0
1781256825	snap	3200	sdk	usertimeline	send_other	0
1781256825	snap	3200	sdk	usertimeline	buffer_depth	0
0
1781256825	snap	3200	sdk	usertimeline	cp_received	1093621
1781256825	snap	3200	sdk	usertimeline	lp_received	0
1781256825	snap	3200	sdk	usertimeline	cp_sent	1093621
1781256825	snap	3200	sdk	usertimeline	lp_sent	0
1781256825	snap	3200	sdk	usertimeline	cp_dropped	0
1781256825	snap	3200	sdk	usertimeline	lp_dropped	0
1781256832	snap	3400	otelcol	otelcol-sb-esrev0-ctr-s4p4v	otelcol_exporter_queue_size	7
1781256832	snap	3400	otelcol	otelcol-sb-esrev0-ctr-s4p4v	otelcol_process_cpu_seconds	35
1781256832	snap	3400	otelcol	otelcol-sb-esrev0-ctr-s4p4v	otelcol_processor_batch_batch_send_size_sum	1345030
1781256832	snap	3400	otelcol	otelcol-sb-esrev0-ctr-s4p4v	otelcol_process_runtime_total_alloc_bytes	1014317416
1781256832	snap	3400	otelcol	otelcol-sb-esrev0-ctr-s4p4v	otelcol_exporter_send_failed_spans	0
1781256832	snap	3400	otelcol	otelcol-sb-esrev0-ctr-s4p4v	otelcol_receiver_failed_spans	0
1781256832	snap	3400	otelcol	otelcol-sb-esrev0-ctr-s4p4v	otelcol_processor_outgoing_items	1345030
1781256832	snap	3400	otelcol	otelcol-sb-esrev0-ctr-s4p4v	otelcol_receiver_accepted_spans	1345030
1781256832	snap	3400	otelcol	otelcol-sb-esrev0-ctr-s4p4v	otelcol_exporter_queue_batch_send_size_sum	1345030
1781256832	snap	3400	otelcol	otelcol-sb-esrev0-ctr-s4p4v	otelcol_receiver_refused_spans	0
1781256832	snap	3400	otelcol	otelcol-sb-esrev0-ctr-s4p4v	otelcol_process_uptime	708
1781256832	snap	3400	otelcol	otelcol-sb-esrev0-ctr-s4p4v	otelcol_exporter_sent_spans	1339848
1781256832	snap	3400	otelcol	otelcol-sb-esrev0-ctr-s4p4v	otelcol_processor_batch_metadata_cardinality	1
1781256832	snap	3400	otelcol	otelcol-sb-esrev0-ctr-s4p4v	otelcol_processor_batch_timeout_trigger_send	2751
1781256832	snap	3400	otelcol	otelcol-sb-esrev0-ctr-s4p4v	otelcol_process_runtime_heap_alloc_bytes	75289752
1781256832	snap	3400	otelcol	otelcol-sb-esrev0-ctr-s4p4v	otelcol_processor_incoming_items	1345030
1781256832	snap	3400	otelcol	otelcol-sb-esrev0-ctr-s4p4v	otelcol_process_runtime_total_sys_memory_bytes	106027304
1781256832	snap	3400	otelcol	otelcol-sb-esrev0-ctr-s4p4v	otelcol_process_memory_rss	240967680
1781256832	snap	3400	otelcol	otelcol-sb-esrev0-ctr-s4p4v	otelcol_exporter_queue_capacity	1001
1781256832	snap	3400	otelcol	otelcol-sb-esrev0-ctr-lbwgk	otelcol_receiver_refused_spans	0
1781256832	snap	3400	otelcol	otelcol-sb-esrev0-ctr-lbwgk	otelcol_process_uptime	707
1781256832	snap	3400	otelcol	otelcol-sb-esrev0-ctr-lbwgk	otelcol_exporter_queue_size	2
1781256832	snap	3400	otelcol	otelcol-sb-esrev0-ctr-lbwgk	otelcol_exporter_queue_batch_send_size_sum	251035
1781256832	snap	3400	otelcol	otelcol-sb-esrev0-ctr-lbwgk	otelcol_processor_outgoing_items	251035
1781256832	snap	3400	otelcol	otelcol-sb-esrev0-ctr-lbwgk	otelcol_process_runtime_total_alloc_bytes	379461608
1781256832	snap	3400	otelcol	otelcol-sb-esrev0-ctr-lbwgk	otelcol_processor_batch_batch_send_size_sum	251035
1781256832	snap	3400	otelcol	otelcol-sb-esrev0-ctr-lbwgk	otelcol_exporter_send_failed_spans	0
1781256832	snap	3400	otelcol	otelcol-sb-esrev0-ctr-lbwgk	otelcol_processor_batch_metadata_cardinality	1
1781256832	snap	3400	otelcol	otelcol-sb-esrev0-ctr-lbwgk	otelcol_process_memory_rss	216219648
1781256832	snap	3400	otelcol	otelcol-sb-esrev0-ctr-lbwgk	otelcol_receiver_accepted_spans	251035
1781256832	snap	3400	otelcol	otelcol-sb-esrev0-ctr-lbwgk	otelcol_processor_batch_timeout_trigger_send	2749
1781256832	snap	3400	otelcol	otelcol-sb-esrev0-ctr-lbwgk	otelcol_process_runtime_heap_alloc_bytes	29362744
1781256832	snap	3400	otelcol	otelcol-sb-esrev0-ctr-lbwgk	otelcol_process_cpu_seconds	26
1781256832	snap	3400	otelcol	otelcol-sb-esrev0-ctr-lbwgk	otelcol_processor_incoming_items	251035
1781256832	snap	3400	otelcol	otelcol-sb-esrev0-ctr-lbwgk	otelcol_process_runtime_total_sys_memory_bytes	80267544
1781256832	snap	3400	otelcol	otelcol-sb-esrev0-ctr-lbwgk	otelcol_exporter_sent_spans	250781
1781256832	snap	3400	otelcol	otelcol-sb-esrev0-ctr-lbwgk	otelcol_exporter_queue_capacity	1001
1781256832	snap	3400	otelcol	otelcol-sb-esrev0-ctr-lbwgk	otelcol_receiver_failed_spans	0
1781256832	snap	3400	otelcol	otelcol-sb-esrev0-ctr-4qc2z	otelcol_receiver_failed_spans	0
1781256832	snap	3400	otelcol	otelcol-sb-esrev0-ctr-4qc2z	otelcol_process_cpu_seconds	34
1781256832	snap	3400	otelcol	otelcol-sb-esrev0-ctr-4qc2z	otelcol_receiver_refused_spans	0
1781256832	snap	3400	otelcol	otelcol-sb-esrev0-ctr-4qc2z	otelcol_process_runtime_heap_alloc_bytes	44794192
1781256832	snap	3400	otelcol	otelcol-sb-esrev0-ctr-4qc2z	otelcol_process_memory_rss	247947264
1781256832	snap	3400	otelcol	otelcol-sb-esrev0-ctr-4qc2z	otelcol_exporter_send_failed_spans	0
1781256832	snap	3400	otelcol	otelcol-sb-esrev0-ctr-4qc2z	otelcol_process_runtime_total_alloc_bytes	1017080288
1781256832	snap	3400	otelcol	otelcol-sb-esrev0-ctr-4qc2z	otelcol_processor_batch_metadata_cardinality	1
1781256832	snap	3400	otelcol	otelcol-sb-esrev0-ctr-4qc2z	otelcol_processor_incoming_items	1344661
1781256832	snap	3400	otelcol	otelcol-sb-esrev0-ctr-4qc2z	otelcol_processor_batch_timeout_trigger_send	2756
1781256832	snap	3400	otelcol	otelcol-sb-esrev0-ctr-4qc2z	otelcol_processor_batch_batch_send_size_sum	1344661
1781256832	snap	3400	otelcol	otelcol-sb-esrev0-ctr-4qc2z	otelcol_process_runtime_total_sys_memory_bytes	123988248
1781256832	snap	3400	otelcol	otelcol-sb-esrev0-ctr-4qc2z	otelcol_exporter_sent_spans	1341258
1781256832	snap	3400	otelcol	otelcol-sb-esrev0-ctr-4qc2z	otelcol_receiver_accepted_spans	1344661
1781256832	snap	3400	otelcol	otelcol-sb-esrev0-ctr-4qc2z	otelcol_processor_outgoing_items	1344661
1781256832	snap	3400	otelcol	otelcol-sb-esrev0-ctr-4qc2z	otelcol_exporter_queue_size	4
1781256832	snap	3400	otelcol	otelcol-sb-esrev0-ctr-4qc2z	otelcol_exporter_queue_batch_send_size_sum	1344661
1781256832	snap	3400	otelcol	otelcol-sb-esrev0-ctr-4qc2z	otelcol_process_uptime	708
1781256832	snap	3400	otelcol	otelcol-sb-esrev0-ctr-4qc2z	otelcol_exporter_queue_capacity	1001
1781256832	snap	3400	otelcol	otelcol-sb-esrev0-ctr-stlt9	otelcol_processor_incoming_items	2438299
1781256832	snap	3400	otelcol	otelcol-sb-esrev0-ctr-stlt9	otelcol_receiver_accepted_spans	2433945
1781256832	snap	3400	otelcol	otelcol-sb-esrev0-ctr-stlt9	otelcol_processor_outgoing_items	2433945
1781256832	snap	3400	otelcol	otelcol-sb-esrev0-ctr-stlt9	otelcol_processor_batch_metadata_cardinality	1
1781256832	snap	3400	otelcol	otelcol-sb-esrev0-ctr-stlt9	otelcol_processor_batch_timeout_trigger_send	2756
1781256832	snap	3400	otelcol	otelcol-sb-esrev0-ctr-stlt9	otelcol_processor_batch_batch_send_size_sum	2433945
1781256832	snap	3400	otelcol	otelcol-sb-esrev0-ctr-stlt9	otelcol_process_memory_rss	277614592
1781256832	snap	3400	otelcol	otelcol-sb-esrev0-ctr-stlt9	otelcol_exporter_queue_capacity	1001
1781256832	snap	3400	otelcol	otelcol-sb-esrev0-ctr-stlt9	otelcol_exporter_sent_spans	2317136
1781256832	snap	3400	otelcol	otelcol-sb-esrev0-ctr-stlt9	otelcol_process_runtime_total_sys_memory_bytes	149911848
1781256832	snap	3400	otelcol	otelcol-sb-esrev0-ctr-stlt9	otelcol_exporter_queue_size	85
1781256832	snap	3400	otelcol	otelcol-sb-esrev0-ctr-stlt9	otelcol_receiver_refused_spans	4354
1781256832	snap	3400	otelcol	otelcol-sb-esrev0-ctr-stlt9	otelcol_receiver_failed_spans	0
1781256832	snap	3400	otelcol	otelcol-sb-esrev0-ctr-stlt9	otelcol_process_uptime	708
1781256832	snap	3400	otelcol	otelcol-sb-esrev0-ctr-stlt9	otelcol_process_runtime_heap_alloc_bytes	109785280
1781256832	snap	3400	otelcol	otelcol-sb-esrev0-ctr-stlt9	otelcol_exporter_send_failed_spans	0
1781256832	snap	3400	otelcol	otelcol-sb-esrev0-ctr-stlt9	otelcol_exporter_queue_batch_send_size_sum	2433945
1781256832	snap	3400	otelcol	otelcol-sb-esrev0-ctr-stlt9	otelcol_process_runtime_total_alloc_bytes	1690313824
1781256832	snap	3400	otelcol	otelcol-sb-esrev0-ctr-stlt9	otelcol_process_cpu_seconds	49
1781256832	snap	3400	otelcol	otelcol-sb-esrev0-ctr-f8wkx	otelcol_receiver_failed_spans	0
1781256832	snap	3400	otelcol	otelcol-sb-esrev0-ctr-f8wkx	otelcol_process_runtime_total_sys_memory_bytes	189466936
1781256832	snap	3400	otelcol	otelcol-sb-esrev0-ctr-f8wkx	otelcol_exporter_queue_size	7
1781256832	snap	3400	otelcol	otelcol-sb-esrev0-ctr-f8wkx	otelcol_process_runtime_total_alloc_bytes	2699307576
1781256832	snap	3400	otelcol	otelcol-sb-esrev0-ctr-f8wkx	otelcol_exporter_send_failed_spans	0
1781256832	snap	3400	otelcol	otelcol-sb-esrev0-ctr-f8wkx	otelcol_processor_batch_metadata_cardinality	1
1781256832	snap	3400	otelcol	otelcol-sb-esrev0-ctr-f8wkx	otelcol_exporter_queue_batch_send_size_sum	4368942
1781256832	snap	3400	otelcol	otelcol-sb-esrev0-ctr-f8wkx	otelcol_processor_batch_timeout_trigger_send	2741
1781256832	snap	3400	otelcol	otelcol-sb-esrev0-ctr-f8wkx	otelcol_processor_incoming_items	4702814
1781256832	snap	3400	otelcol	otelcol-sb-esrev0-ctr-f8wkx	otelcol_process_cpu_seconds	69
1781256832	snap	3400	otelcol	otelcol-sb-esrev0-ctr-f8wkx	otelcol_processor_batch_batch_send_size_sum	4368942
1781256832	snap	3400	otelcol	otelcol-sb-esrev0-ctr-f8wkx	otelcol_process_uptime	707
1781256832	snap	3400	otelcol	otelcol-sb-esrev0-ctr-f8wkx	otelcol_process_runtime_heap_alloc_bytes	131461112
1781256832	snap	3400	otelcol	otelcol-sb-esrev0-ctr-f8wkx	otelcol_exporter_sent_spans	4356895
1781256832	snap	3400	otelcol	otelcol-sb-esrev0-ctr-f8wkx	otelcol_receiver_refused_spans	333872
1781256832	snap	3400	otelcol	otelcol-sb-esrev0-ctr-f8wkx	otelcol_processor_outgoing_items	4368942
1781256832	snap	3400	otelcol	otelcol-sb-esrev0-ctr-f8wkx	otelcol_receiver_accepted_spans	4368942
1781256832	snap	3400	otelcol	otelcol-sb-esrev0-ctr-f8wkx	otelcol_process_memory_rss	319758336
1781256832	snap	3400	otelcol	otelcol-sb-esrev0-ctr-f8wkx	otelcol_exporter_queue_capacity	1001
1781256832	snap	3400	otelcol	otelcol-sb-esrev0-ctr-r2dsm	otelcol_receiver_refused_spans	2127432
1781256832	snap	3400	otelcol	otelcol-sb-esrev0-ctr-r2dsm	otelcol_receiver_failed_spans	0
1781256832	snap	3400	otelcol	otelcol-sb-esrev0-ctr-r2dsm	otelcol_processor_outgoing_items	9059876
1781256832	snap	3400	otelcol	otelcol-sb-esrev0-ctr-r2dsm	otelcol_process_uptime	707
1781256832	snap	3400	otelcol	otelcol-sb-esrev0-ctr-r2dsm	otelcol_process_runtime_total_alloc_bytes	6399748168
1781256832	snap	3400	otelcol	otelcol-sb-esrev0-ctr-r2dsm	otelcol_process_memory_rss	298803200
1781256832	snap	3400	otelcol	otelcol-sb-esrev0-ctr-r2dsm	otelcol_exporter_send_failed_spans	0
1781256832	snap	3400	otelcol	otelcol-sb-esrev0-ctr-r2dsm	otelcol_exporter_queue_batch_send_size_sum	9059876
1781256832	snap	3400	otelcol	otelcol-sb-esrev0-ctr-r2dsm	otelcol_receiver_accepted_spans	9059876
1781256832	snap	3400	otelcol	otelcol-sb-esrev0-ctr-r2dsm	otelcol_processor_batch_metadata_cardinality	1
1781256832	snap	3400	otelcol	otelcol-sb-esrev0-ctr-r2dsm	otelcol_processor_batch_timeout_trigger_send	2710
1781256832	snap	3400	otelcol	otelcol-sb-esrev0-ctr-r2dsm	otelcol_processor_batch_batch_size_trigger_send	2
1781256832	snap	3400	otelcol	otelcol-sb-esrev0-ctr-r2dsm	otelcol_processor_batch_batch_send_size_sum	9059876
1781256832	snap	3400	otelcol	otelcol-sb-esrev0-ctr-r2dsm	otelcol_process_cpu_seconds	112
1781256832	snap	3400	otelcol	otelcol-sb-esrev0-ctr-r2dsm	otelcol_exporter_queue_capacity	1001
1781256832	snap	3400	otelcol	otelcol-sb-esrev0-ctr-r2dsm	otelcol_process_runtime_heap_alloc_bytes	66934248
1781256832	snap	3400	otelcol	otelcol-sb-esrev0-ctr-r2dsm	otelcol_exporter_sent_spans	9040297
1781256832	snap	3400	otelcol	otelcol-sb-esrev0-ctr-r2dsm	otelcol_exporter_queue_size	3
1781256832	snap	3400	otelcol	otelcol-sb-esrev0-ctr-r2dsm	otelcol_processor_incoming_items	11187308
1781256832	snap	3400	otelcol	otelcol-sb-esrev0-ctr-r2dsm	otelcol_process_runtime_total_sys_memory_bytes	209373496
1781256832	snap	3400	otelcol	otelcol-sb-esrev0-ctr-knvlf	otelcol_receiver_accepted_spans	1345840
1781256832	snap	3400	otelcol	otelcol-sb-esrev0-ctr-knvlf	otelcol_process_runtime_total_sys_memory_bytes	110405912
1781256832	snap	3400	otelcol	otelcol-sb-esrev0-ctr-knvlf	otelcol_process_runtime_heap_alloc_bytes	33895600
1781256832	snap	3400	otelcol	otelcol-sb-esrev0-ctr-knvlf	otelcol_processor_batch_metadata_cardinality	1
1781256832	snap	3400	otelcol	otelcol-sb-esrev0-ctr-knvlf	otelcol_processor_batch_timeout_trigger_send	2754
1781256832	snap	3400	otelcol	otelcol-sb-esrev0-ctr-knvlf	otelcol_processor_batch_batch_send_size_sum	1345840
1781256832	snap	3400	otelcol	otelcol-sb-esrev0-ctr-knvlf	otelcol_process_cpu_seconds	36
1781256832	snap	3400	otelcol	otelcol-sb-esrev0-ctr-knvlf	otelcol_exporter_queue_capacity	1001
1781256832	snap	3400	otelcol	otelcol-sb-esrev0-ctr-knvlf	otelcol_exporter_queue_batch_send_size_sum	1345840
1781256832	snap	3400	otelcol	otelcol-sb-esrev0-ctr-knvlf	otelcol_receiver_refused_spans	0
1781256832	snap	3400	otelcol	otelcol-sb-esrev0-ctr-knvlf	otelcol_process_memory_rss	244391936
1781256832	snap	3400	otelcol	otelcol-sb-esrev0-ctr-knvlf	otelcol_process_uptime	708
1781256832	snap	3400	otelcol	otelcol-sb-esrev0-ctr-knvlf	otelcol_process_runtime_total_alloc_bytes	1014277648
1781256832	snap	3400	otelcol	otelcol-sb-esrev0-ctr-knvlf	otelcol_exporter_sent_spans	1340746
1781256832	snap	3400	otelcol	otelcol-sb-esrev0-ctr-knvlf	otelcol_exporter_queue_size	6
1781256832	snap	3400	otelcol	otelcol-sb-esrev0-ctr-knvlf	otelcol_processor_incoming_items	1345840
1781256832	snap	3400	otelcol	otelcol-sb-esrev0-ctr-knvlf	otelcol_receiver_failed_spans	0
1781256832	snap	3400	otelcol	otelcol-sb-esrev0-ctr-knvlf	otelcol_processor_outgoing_items	1345840
1781256832	snap	3400	otelcol	otelcol-sb-esrev0-ctr-knvlf	otelcol_exporter_send_failed_spans	0
1781256832	snap	3400	otelcol	otelcol-sb-esrev0-ctr-fb877	otelcol_exporter_send_failed_spans	0
1781256832	snap	3400	otelcol	otelcol-sb-esrev0-ctr-fb877	otelcol_process_uptime	708
1781256832	snap	3400	otelcol	otelcol-sb-esrev0-ctr-fb877	otelcol_process_runtime_heap_alloc_bytes	50773904
1781256832	snap	3400	otelcol	otelcol-sb-esrev0-ctr-fb877	otelcol_process_cpu_seconds	34
1781256832	snap	3400	otelcol	otelcol-sb-esrev0-ctr-fb877	otelcol_exporter_queue_capacity	1001
1781256832	snap	3400	otelcol	otelcol-sb-esrev0-ctr-fb877	otelcol_exporter_sent_spans	1340376
1781256832	snap	3400	otelcol	otelcol-sb-esrev0-ctr-fb877	otelcol_exporter_queue_batch_send_size_sum	1343129
1781256832	snap	3400	otelcol	otelcol-sb-esrev0-ctr-fb877	otelcol_processor_incoming_items	1346969
1781256832	snap	3400	otelcol	otelcol-sb-esrev0-ctr-fb877	otelcol_receiver_failed_spans	0
1781256832	snap	3400	otelcol	otelcol-sb-esrev0-ctr-fb877	otelcol_processor_batch_batch_send_size_sum	1343129
1781256832	snap	3400	otelcol	otelcol-sb-esrev0-ctr-fb877	otelcol_processor_outgoing_items	1343129
1781256832	snap	3400	otelcol	otelcol-sb-esrev0-ctr-fb877	otelcol_processor_batch_metadata_cardinality	1
1781256832	snap	3400	otelcol	otelcol-sb-esrev0-ctr-fb877	otelcol_process_runtime_total_sys_memory_bytes	145656088
1781256832	snap	3400	otelcol	otelcol-sb-esrev0-ctr-fb877	otelcol_exporter_queue_size	4
1781256832	snap	3400	otelcol	otelcol-sb-esrev0-ctr-fb877	otelcol_processor_batch_timeout_trigger_send	2760
1781256832	snap	3400	otelcol	otelcol-sb-esrev0-ctr-fb877	otelcol_receiver_refused_spans	3840
1781256832	snap	3400	otelcol	otelcol-sb-esrev0-ctr-fb877	otelcol_receiver_accepted_spans	1343129
1781256832	snap	3400	otelcol	otelcol-sb-esrev0-ctr-fb877	otelcol_process_runtime_total_alloc_bytes	1044264032
1781256832	snap	3400	otelcol	otelcol-sb-esrev0-ctr-fb877	otelcol_process_memory_rss	243200000
1781256832	snap	3400	otelcol	otelcol-sb-esrev0-ctr-b7q4j	otelcol_processor_batch_timeout_trigger_send	2764
1781256832	snap	3400	otelcol	otelcol-sb-esrev0-ctr-b7q4j	otelcol_exporter_queue_capacity	1001
1781256832	snap	3400	otelcol	otelcol-sb-esrev0-ctr-b7q4j	otelcol_receiver_failed_spans	0
1781256832	snap	3400	otelcol	otelcol-sb-esrev0-ctr-b7q4j	otelcol_processor_batch_batch_send_size_sum	1459306
1781256832	snap	3400	otelcol	otelcol-sb-esrev0-ctr-b7q4j	otelcol_exporter_queue_batch_send_size_sum	1459306
1781256832	snap	3400	otelcol	otelcol-sb-esrev0-ctr-b7q4j	otelcol_process_runtime_heap_alloc_bytes	78327072
1781256832	snap	3400	otelcol	otelcol-sb-esrev0-ctr-b7q4j	otelcol_process_cpu_seconds	34
1781256832	snap	3400	otelcol	otelcol-sb-esrev0-ctr-b7q4j	otelcol_exporter_send_failed_spans	0
1781256832	snap	3400	otelcol	otelcol-sb-esrev0-ctr-b7q4j	otelcol_process_memory_rss	264663040
1781256832	snap	3400	otelcol	otelcol-sb-esrev0-ctr-b7q4j	otelcol_exporter_sent_spans	1457754
1781256832	snap	3400	otelcol	otelcol-sb-esrev0-ctr-b7q4j	otelcol_processor_incoming_items	1459667
1781256832	snap	3400	otelcol	otelcol-sb-esrev0-ctr-b7q4j	otelcol_process_uptime	710
1781256832	snap	3400	otelcol	otelcol-sb-esrev0-ctr-b7q4j	otelcol_process_runtime_total_alloc_bytes	1080330792
1781256832	snap	3400	otelcol	otelcol-sb-esrev0-ctr-b7q4j	otelcol_receiver_refused_spans	361
1781256832	snap	3400	otelcol	otelcol-sb-esrev0-ctr-b7q4j	otelcol_processor_outgoing_items	1459306
1781256832	snap	3400	otelcol	otelcol-sb-esrev0-ctr-b7q4j	otelcol_receiver_accepted_spans	1459306
1781256832	snap	3400	otelcol	otelcol-sb-esrev0-ctr-b7q4j	otelcol_processor_batch_metadata_cardinality	1
1781256832	snap	3400	otelcol	otelcol-sb-esrev0-ctr-b7q4j	otelcol_process_runtime_total_sys_memory_bytes	132131096
1781256832	snap	3400	otelcol	otelcol-sb-esrev0-ctr-b7q4j	otelcol_exporter_queue_size	2
1781256832	snap	3400	k8s	otelcol-sb-esrev0-ctr-4qc2z	restart_count	0
1781256832	snap	3400	k8s	otelcol-sb-esrev0-ctr-b7q4j	restart_count	0
1781256832	snap	3400	k8s	otelcol-sb-esrev0-ctr-f8wkx	restart_count	0
1781256832	snap	3400	k8s	otelcol-sb-esrev0-ctr-fb877	restart_count	0
1781256832	snap	3400	k8s	otelcol-sb-esrev0-ctr-knvlf	restart_count	0
1781256832	snap	3400	k8s	otelcol-sb-esrev0-ctr-lbwgk	restart_count	0
1781256832	snap	3400	k8s	otelcol-sb-esrev0-ctr-r2dsm	restart_count	0
1781256832	snap	3400	k8s	otelcol-sb-esrev0-ctr-s4p4v	restart_count	0
1781256832	snap	3400	k8s	otelcol-sb-esrev0-ctr-stlt9	restart_count	0
1781256832	snap	3400	sdk	wrk2api	spans_received	251035
1781256832	snap	3400	sdk	wrk2api	spans_sent	251035
1781256832	snap	3400	sdk	wrk2api	spans_dropped	0
1781256832	snap	3400	sdk	wrk2api	spans_flushed	251035
1781256832	snap	3400	sdk	wrk2api	batches_sent	10832
1781256832	snap	3400	sdk	wrk2api	batches_dropped	0
1781256832	snap	3400	sdk	wrk2api	send_unavailable	0
1781256832	snap	3400	sdk	wrk2api	send_deadline	0
1781256832	snap	3400	sdk	wrk2api	send_exhausted	0
1781256832	snap	3400	sdk	wrk2api	send_canceled	0
1781256832	snap	3400	sdk	wrk2api	send_other	0
1781256832	snap	3400	sdk	wrk2api	buffer_depth	0
0
1781256832	snap	3400	sdk	wrk2api	cp_received	125517
1781256832	snap	3400	sdk	wrk2api	lp_received	125518
1781256832	snap	3400	sdk	wrk2api	cp_sent	125517
1781256832	snap	3400	sdk	wrk2api	lp_sent	125518
1781256832	snap	3400	sdk	wrk2api	cp_dropped	0
1781256832	snap	3400	sdk	wrk2api	lp_dropped	0
1781256832	snap	3400	sdk	composepost	spans_received	8749031
1781256832	snap	3400	sdk	composepost	spans_sent	6913881
1781256832	snap	3400	sdk	composepost	spans_dropped	1835150
1781256832	snap	3400	sdk	composepost	spans_flushed	8749031
1781256832	snap	3400	sdk	composepost	batches_sent	35607
1781256832	snap	3400	sdk	composepost	batches_dropped	5961
1781256832	snap	3400	sdk	composepost	send_unavailable	5961
1781256832	snap	3400	sdk	composepost	send_deadline	0
1781256832	snap	3400	sdk	composepost	send_exhausted	0
1781256832	snap	3400	sdk	composepost	send_canceled	0
1781256832	snap	3400	sdk	composepost	send_other	0
1781256832	snap	3400	sdk	composepost	buffer_depth	0
0
1781256832	snap	3400	sdk	composepost	cp_received	0
1781256832	snap	3400	sdk	composepost	lp_received	8749031
1781256832	snap	3400	sdk	composepost	cp_sent	0
1781256832	snap	3400	sdk	composepost	lp_sent	6913881
1781256832	snap	3400	sdk	composepost	cp_dropped	0
1781256832	snap	3400	sdk	composepost	lp_dropped	1835150
1781256832	snap	3400	sdk	hometimeline	spans_received	2187242
1781256832	snap	3400	sdk	hometimeline	spans_sent	1924367
1781256832	snap	3400	sdk	hometimeline	spans_dropped	262875
1781256832	snap	3400	sdk	hometimeline	spans_flushed	2187242
1781256832	snap	3400	sdk	hometimeline	batches_sent	9544
1781256832	snap	3400	sdk	hometimeline	batches_dropped	850
1781256832	snap	3400	sdk	hometimeline	send_unavailable	850
1781256832	snap	3400	sdk	hometimeline	send_deadline	0
1781256832	snap	3400	sdk	hometimeline	send_exhausted	0
1781256832	snap	3400	sdk	hometimeline	send_canceled	0
1781256832	snap	3400	sdk	hometimeline	send_other	0
1781256832	snap	3400	sdk	hometimeline	buffer_depth	0
0
1781256832	snap	3400	sdk	hometimeline	cp_received	1093621
1781256832	snap	3400	sdk	hometimeline	lp_received	1093621
1781256832	snap	3400	sdk	hometimeline	cp_sent	1059441
1781256832	snap	3400	sdk	hometimeline	lp_sent	864926
1781256832	snap	3400	sdk	hometimeline	cp_dropped	34180
1781256832	snap	3400	sdk	hometimeline	lp_dropped	228695
1781256832	snap	3400	sdk	media	spans_received	1093630
1781256832	snap	3400	sdk	media	spans_sent	1075475
1781256832	snap	3400	sdk	media	spans_dropped	18155
1781256832	snap	3400	sdk	media	spans_flushed	1093630
1781256832	snap	3400	sdk	media	batches_sent	5139
1781256832	snap	3400	sdk	media	batches_dropped	58
1781256832	snap	3400	sdk	media	send_unavailable	58
1781256832	snap	3400	sdk	media	send_deadline	0
1781256832	snap	3400	sdk	media	send_exhausted	0
1781256832	snap	3400	sdk	media	send_canceled	0
1781256832	snap	3400	sdk	media	send_other	0
1781256832	snap	3400	sdk	media	buffer_depth	0
0
1781256832	snap	3400	sdk	media	cp_received	1093630
1781256832	snap	3400	sdk	media	lp_received	0
1781256832	snap	3400	sdk	media	cp_sent	1075475
1781256832	snap	3400	sdk	media	lp_sent	0
1781256832	snap	3400	sdk	media	cp_dropped	18155
1781256832	snap	3400	sdk	media	lp_dropped	0
1781256832	snap	3400	sdk	post-storage	spans_received	1093621
1781256832	snap	3400	sdk	post-storage	spans_sent	1093621
1781256832	snap	3400	sdk	post-storage	spans_dropped	0
1781256832	snap	3400	sdk	post-storage	spans_flushed	1093621
1781256832	snap	3400	sdk	post-storage	batches_sent	5194
1781256832	snap	3400	sdk	post-storage	batches_dropped	0
1781256832	snap	3400	sdk	post-storage	send_unavailable	0
1781256832	snap	3400	sdk	post-storage	send_deadline	0
1781256832	snap	3400	sdk	post-storage	send_exhausted	0
1781256832	snap	3400	sdk	post-storage	send_canceled	0
1781256832	snap	3400	sdk	post-storage	send_other	0
1781256832	snap	3400	sdk	post-storage	buffer_depth	0
0
1781256832	snap	3400	sdk	post-storage	cp_received	1093621
1781256832	snap	3400	sdk	post-storage	lp_received	0
1781256832	snap	3400	sdk	post-storage	cp_sent	1093621
1781256832	snap	3400	sdk	post-storage	lp_sent	0
1781256832	snap	3400	sdk	post-storage	cp_dropped	0
1781256832	snap	3400	sdk	post-storage	lp_dropped	0
1781256832	snap	3400	sdk	socialgraph	spans_received	1207455
1781256832	snap	3400	sdk	socialgraph	spans_sent	1207455
1781256832	snap	3400	sdk	socialgraph	spans_dropped	0
1781256832	snap	3400	sdk	socialgraph	spans_flushed	1207455
1781256832	snap	3400	sdk	socialgraph	batches_sent	5704
1781256832	snap	3400	sdk	socialgraph	batches_dropped	0
1781256832	snap	3400	sdk	socialgraph	send_unavailable	0
1781256832	snap	3400	sdk	socialgraph	send_deadline	0
1781256832	snap	3400	sdk	socialgraph	send_exhausted	0
1781256832	snap	3400	sdk	socialgraph	send_canceled	0
1781256832	snap	3400	sdk	socialgraph	send_other	0
1781256832	snap	3400	sdk	socialgraph	buffer_depth	0
0
1781256832	snap	3400	sdk	socialgraph	cp_received	1094583
1781256832	snap	3400	sdk	socialgraph	lp_received	112872
1781256832	snap	3400	sdk	socialgraph	cp_sent	1094583
1781256832	snap	3400	sdk	socialgraph	lp_sent	112872
1781256832	snap	3400	sdk	socialgraph	cp_dropped	0
1781256832	snap	3400	sdk	socialgraph	lp_dropped	0
1781256832	snap	3400	sdk	text	spans_received	3280908
1781256832	snap	3400	sdk	text	spans_sent	2982842
1781256832	snap	3400	sdk	text	spans_dropped	298066
1781256832	snap	3400	sdk	text	spans_flushed	3280908
1781256832	snap	3400	sdk	text	batches_sent	14639
1781256832	snap	3400	sdk	text	batches_dropped	946
1781256832	snap	3400	sdk	text	send_unavailable	946
1781256832	snap	3400	sdk	text	send_deadline	0
1781256832	snap	3400	sdk	text	send_exhausted	0
1781256832	snap	3400	sdk	text	send_canceled	0
1781256832	snap	3400	sdk	text	send_other	0
1781256832	snap	3400	sdk	text	buffer_depth	0
0
1781256832	snap	3400	sdk	text	cp_received	1093630
1781256832	snap	3400	sdk	text	lp_received	2187278
1781256832	snap	3400	sdk	text	cp_sent	1075572
1781256832	snap	3400	sdk	text	lp_sent	1907270
1781256832	snap	3400	sdk	text	cp_dropped	18058
1781256832	snap	3400	sdk	text	lp_dropped	280008
1781256832	snap	3400	sdk	uniqueid	spans_received	1093630
1781256832	snap	3400	sdk	uniqueid	spans_sent	1093630
1781256832	snap	3400	sdk	uniqueid	spans_dropped	0
1781256832	snap	3400	sdk	uniqueid	spans_flushed	1093630
1781256832	snap	3400	sdk	uniqueid	batches_sent	5195
1781256832	snap	3400	sdk	uniqueid	batches_dropped	0
1781256832	snap	3400	sdk	uniqueid	send_unavailable	0
1781256832	snap	3400	sdk	uniqueid	send_deadline	0
1781256832	snap	3400	sdk	uniqueid	send_exhausted	0
1781256832	snap	3400	sdk	uniqueid	send_canceled	0
1781256832	snap	3400	sdk	uniqueid	send_other	0
1781256832	snap	3400	sdk	uniqueid	buffer_depth	0
0
1781256832	snap	3400	sdk	uniqueid	cp_received	1093630
1781256832	snap	3400	sdk	uniqueid	lp_received	0
1781256832	snap	3400	sdk	uniqueid	cp_sent	1093630
1781256832	snap	3400	sdk	uniqueid	lp_sent	0
1781256832	snap	3400	sdk	uniqueid	cp_dropped	0
1781256832	snap	3400	sdk	uniqueid	lp_dropped	0
1781256832	snap	3400	sdk	urlshorten	spans_received	1093630
1781256832	snap	3400	sdk	urlshorten	spans_sent	1093630
1781256832	snap	3400	sdk	urlshorten	spans_dropped	0
1781256832	snap	3400	sdk	urlshorten	spans_flushed	1093630
1781256832	snap	3400	sdk	urlshorten	batches_sent	5195
1781256832	snap	3400	sdk	urlshorten	batches_dropped	0
1781256832	snap	3400	sdk	urlshorten	send_unavailable	0
1781256832	snap	3400	sdk	urlshorten	send_deadline	0
1781256832	snap	3400	sdk	urlshorten	send_exhausted	0
1781256832	snap	3400	sdk	urlshorten	send_canceled	0
1781256832	snap	3400	sdk	urlshorten	send_other	0
1781256832	snap	3400	sdk	urlshorten	buffer_depth	0
0
1781256832	snap	3400	sdk	urlshorten	cp_received	1093630
1781256832	snap	3400	sdk	urlshorten	lp_received	0
1781256832	snap	3400	sdk	urlshorten	cp_sent	1093630
1781256832	snap	3400	sdk	urlshorten	lp_sent	0
1781256832	snap	3400	sdk	urlshorten	cp_dropped	0
1781256832	snap	3400	sdk	urlshorten	lp_dropped	0
1781256832	snap	3400	sdk	user	spans_received	1095554
1781256832	snap	3400	sdk	user	spans_sent	1095554
1781256832	snap	3400	sdk	user	spans_dropped	0
1781256832	snap	3400	sdk	user	spans_flushed	1095554
1781256832	snap	3400	sdk	user	batches_sent	5205
1781256832	snap	3400	sdk	user	batches_dropped	0
1781256832	snap	3400	sdk	user	send_unavailable	0
1781256832	snap	3400	sdk	user	send_deadline	0
1781256832	snap	3400	sdk	user	send_exhausted	0
1781256832	snap	3400	sdk	user	send_canceled	0
1781256832	snap	3400	sdk	user	send_other	0
1781256832	snap	3400	sdk	user	buffer_depth	0
0
1781256832	snap	3400	sdk	user	cp_received	1093630
1781256832	snap	3400	sdk	user	lp_received	1924
1781256832	snap	3400	sdk	user	cp_sent	1093630
1781256832	snap	3400	sdk	user	lp_sent	1924
1781256832	snap	3400	sdk	user	cp_dropped	0
1781256832	snap	3400	sdk	user	lp_dropped	0
1781256832	snap	3400	sdk	userid	spans_received	75248
1781256832	snap	3400	sdk	userid	spans_sent	75248
1781256832	snap	3400	sdk	userid	spans_dropped	0
1781256832	snap	3400	sdk	userid	spans_flushed	75248
1781256832	snap	3400	sdk	userid	batches_sent	239
1781256832	snap	3400	sdk	userid	batches_dropped	0
1781256832	snap	3400	sdk	userid	send_unavailable	0
1781256832	snap	3400	sdk	userid	send_deadline	0
1781256832	snap	3400	sdk	userid	send_exhausted	0
1781256832	snap	3400	sdk	userid	send_canceled	0
1781256832	snap	3400	sdk	userid	send_other	0
1781256832	snap	3400	sdk	userid	buffer_depth	0
0
1781256832	snap	3400	sdk	userid	cp_received	75248
1781256832	snap	3400	sdk	userid	lp_received	0
1781256832	snap	3400	sdk	userid	cp_sent	75248
1781256832	snap	3400	sdk	userid	lp_sent	0
1781256832	snap	3400	sdk	userid	cp_dropped	0
1781256832	snap	3400	sdk	userid	lp_dropped	0
1781256832	snap	3400	sdk	usermention	spans_received	1093630
1781256832	snap	3400	sdk	usermention	spans_sent	1093630
1781256832	snap	3400	sdk	usermention	spans_dropped	0
1781256832	snap	3400	sdk	usermention	spans_flushed	1093630
1781256832	snap	3400	sdk	usermention	batches_sent	5196
1781256832	snap	3400	sdk	usermention	batches_dropped	0
1781256832	snap	3400	sdk	usermention	send_unavailable	0
1781256832	snap	3400	sdk	usermention	send_deadline	0
1781256832	snap	3400	sdk	usermention	send_exhausted	0
1781256832	snap	3400	sdk	usermention	send_canceled	0
1781256832	snap	3400	sdk	usermention	send_other	0
1781256832	snap	3400	sdk	usermention	buffer_depth	0
0
1781256832	snap	3400	sdk	usermention	cp_received	1093630
1781256832	snap	3400	sdk	usermention	lp_received	0
1781256832	snap	3400	sdk	usermention	cp_sent	1093630
1781256832	snap	3400	sdk	usermention	lp_sent	0
1781256832	snap	3400	sdk	usermention	cp_dropped	0
1781256832	snap	3400	sdk	usermention	lp_dropped	0
1781256832	snap	3400	sdk	usertimeline	spans_received	1093621
1781256832	snap	3400	sdk	usertimeline	spans_sent	1093621
1781256832	snap	3400	sdk	usertimeline	spans_dropped	0
1781256832	snap	3400	sdk	usertimeline	spans_flushed	1093621
1781256832	snap	3400	sdk	usertimeline	batches_sent	5196
1781256832	snap	3400	sdk	usertimeline	batches_dropped	0
1781256832	snap	3400	sdk	usertimeline	send_unavailable	0
1781256832	snap	3400	sdk	usertimeline	send_deadline	0
1781256832	snap	3400	sdk	usertimeline	send_exhausted	0
1781256832	snap	3400	sdk	usertimeline	send_canceled	0
1781256832	snap	3400	sdk	usertimeline	send_other	0
1781256832	snap	3400	sdk	usertimeline	buffer_depth	0
0
1781256832	snap	3400	sdk	usertimeline	cp_received	1093621
1781256832	snap	3400	sdk	usertimeline	lp_received	0
1781256832	snap	3400	sdk	usertimeline	cp_sent	1093621
1781256832	snap	3400	sdk	usertimeline	lp_sent	0
1781256832	snap	3400	sdk	usertimeline	cp_dropped	0
1781256832	snap	3400	sdk	usertimeline	lp_dropped	0
1781256899	snap	3400	otelcol	otelcol-sb-esrev0-ctr-s4p4v	otelcol_exporter_queue_size	95
1781256899	snap	3400	otelcol	otelcol-sb-esrev0-ctr-s4p4v	otelcol_process_cpu_seconds	39
1781256899	snap	3400	otelcol	otelcol-sb-esrev0-ctr-s4p4v	otelcol_processor_batch_batch_send_size_sum	1591222
1781256899	snap	3400	otelcol	otelcol-sb-esrev0-ctr-s4p4v	otelcol_process_runtime_total_alloc_bytes	1164330960
1781256899	snap	3400	otelcol	otelcol-sb-esrev0-ctr-s4p4v	otelcol_exporter_send_failed_spans	0
1781256899	snap	3400	otelcol	otelcol-sb-esrev0-ctr-s4p4v	otelcol_receiver_failed_spans	0
1781256899	snap	3400	otelcol	otelcol-sb-esrev0-ctr-s4p4v	otelcol_processor_outgoing_items	1591222
1781256899	snap	3400	otelcol	otelcol-sb-esrev0-ctr-s4p4v	otelcol_receiver_accepted_spans	1591222
1781256899	snap	3400	otelcol	otelcol-sb-esrev0-ctr-s4p4v	otelcol_exporter_queue_batch_send_size_sum	1591222
1781256899	snap	3400	otelcol	otelcol-sb-esrev0-ctr-s4p4v	otelcol_receiver_refused_spans	0
1781256899	snap	3400	otelcol	otelcol-sb-esrev0-ctr-s4p4v	otelcol_process_uptime	775
1781256899	snap	3400	otelcol	otelcol-sb-esrev0-ctr-s4p4v	otelcol_exporter_sent_spans	1511508
1781256899	snap	3400	otelcol	otelcol-sb-esrev0-ctr-s4p4v	otelcol_processor_batch_metadata_cardinality	1
1781256899	snap	3400	otelcol	otelcol-sb-esrev0-ctr-s4p4v	otelcol_processor_batch_timeout_trigger_send	3051
1781256899	snap	3400	otelcol	otelcol-sb-esrev0-ctr-s4p4v	otelcol_process_runtime_heap_alloc_bytes	64111976
1781256899	snap	3400	otelcol	otelcol-sb-esrev0-ctr-s4p4v	otelcol_processor_incoming_items	1591222
1781256899	snap	3400	otelcol	otelcol-sb-esrev0-ctr-s4p4v	otelcol_process_runtime_total_sys_memory_bytes	128391464
1781256899	snap	3400	otelcol	otelcol-sb-esrev0-ctr-s4p4v	otelcol_process_memory_rss	257458176
1781256899	snap	3400	otelcol	otelcol-sb-esrev0-ctr-s4p4v	otelcol_exporter_queue_capacity	1001
1781256899	snap	3400	otelcol	otelcol-sb-esrev0-ctr-lbwgk	otelcol_receiver_refused_spans	0
1781256899	snap	3400	otelcol	otelcol-sb-esrev0-ctr-lbwgk	otelcol_process_uptime	774
1781256899	snap	3400	otelcol	otelcol-sb-esrev0-ctr-lbwgk	otelcol_exporter_queue_size	95
1781256899	snap	3400	otelcol	otelcol-sb-esrev0-ctr-lbwgk	otelcol_exporter_queue_batch_send_size_sum	295797
1781256899	snap	3400	otelcol	otelcol-sb-esrev0-ctr-lbwgk	otelcol_processor_outgoing_items	295797
1781256899	snap	3400	otelcol	otelcol-sb-esrev0-ctr-lbwgk	otelcol_process_runtime_total_alloc_bytes	424713408
1781256899	snap	3400	otelcol	otelcol-sb-esrev0-ctr-lbwgk	otelcol_processor_batch_batch_send_size_sum	295797
1781256899	snap	3400	otelcol	otelcol-sb-esrev0-ctr-lbwgk	otelcol_exporter_send_failed_spans	0
1781256899	snap	3400	otelcol	otelcol-sb-esrev0-ctr-lbwgk	otelcol_processor_batch_metadata_cardinality	1
1781256899	snap	3400	otelcol	otelcol-sb-esrev0-ctr-lbwgk	otelcol_process_memory_rss	218394624
1781256899	snap	3400	otelcol	otelcol-sb-esrev0-ctr-lbwgk	otelcol_receiver_accepted_spans	295797
1781256899	snap	3400	otelcol	otelcol-sb-esrev0-ctr-lbwgk	otelcol_processor_batch_timeout_trigger_send	3048
1781256899	snap	3400	otelcol	otelcol-sb-esrev0-ctr-lbwgk	otelcol_process_runtime_heap_alloc_bytes	31806256
1781256899	snap	3400	otelcol	otelcol-sb-esrev0-ctr-lbwgk	otelcol_process_cpu_seconds	29
1781256899	snap	3400	otelcol	otelcol-sb-esrev0-ctr-lbwgk	otelcol_processor_incoming_items	295797
1781256899	snap	3400	otelcol	otelcol-sb-esrev0-ctr-lbwgk	otelcol_process_runtime_total_sys_memory_bytes	80267544
1781256899	snap	3400	otelcol	otelcol-sb-esrev0-ctr-lbwgk	otelcol_exporter_sent_spans	280989
1781256899	snap	3400	otelcol	otelcol-sb-esrev0-ctr-lbwgk	otelcol_exporter_queue_capacity	1001
1781256899	snap	3400	otelcol	otelcol-sb-esrev0-ctr-lbwgk	otelcol_receiver_failed_spans	0
1781256899	snap	3400	otelcol	otelcol-sb-esrev0-ctr-4qc2z	otelcol_receiver_failed_spans	0
1781256899	snap	3400	otelcol	otelcol-sb-esrev0-ctr-4qc2z	otelcol_process_cpu_seconds	39
1781256899	snap	3400	otelcol	otelcol-sb-esrev0-ctr-4qc2z	otelcol_receiver_refused_spans	0
1781256899	snap	3400	otelcol	otelcol-sb-esrev0-ctr-4qc2z	otelcol_process_runtime_heap_alloc_bytes	70511376
1781256899	snap	3400	otelcol	otelcol-sb-esrev0-ctr-4qc2z	otelcol_process_memory_rss	243060736
1781256899	snap	3400	otelcol	otelcol-sb-esrev0-ctr-4qc2z	otelcol_exporter_send_failed_spans	0
1781256899	snap	3400	otelcol	otelcol-sb-esrev0-ctr-4qc2z	otelcol_process_runtime_total_alloc_bytes	1165848856
1781256899	snap	3400	otelcol	otelcol-sb-esrev0-ctr-4qc2z	otelcol_processor_batch_metadata_cardinality	1
1781256899	snap	3400	otelcol	otelcol-sb-esrev0-ctr-4qc2z	otelcol_processor_incoming_items	1590853
1781256899	snap	3400	otelcol	otelcol-sb-esrev0-ctr-4qc2z	otelcol_processor_batch_timeout_trigger_send	3056
1781256899	snap	3400	otelcol	otelcol-sb-esrev0-ctr-4qc2z	otelcol_processor_batch_batch_send_size_sum	1590853
1781256899	snap	3400	otelcol	otelcol-sb-esrev0-ctr-4qc2z	otelcol_process_runtime_total_sys_memory_bytes	123988248
1781256899	snap	3400	otelcol	otelcol-sb-esrev0-ctr-4qc2z	otelcol_exporter_sent_spans	1529305
1781256899	snap	3400	otelcol	otelcol-sb-esrev0-ctr-4qc2z	otelcol_receiver_accepted_spans	1590853
1781256899	snap	3400	otelcol	otelcol-sb-esrev0-ctr-4qc2z	otelcol_processor_outgoing_items	1590853
1781256899	snap	3400	otelcol	otelcol-sb-esrev0-ctr-4qc2z	otelcol_exporter_queue_size	70
1781256899	snap	3400	otelcol	otelcol-sb-esrev0-ctr-4qc2z	otelcol_exporter_queue_batch_send_size_sum	1590853
1781256899	snap	3400	otelcol	otelcol-sb-esrev0-ctr-4qc2z	otelcol_process_uptime	776
1781256899	snap	3400	otelcol	otelcol-sb-esrev0-ctr-4qc2z	otelcol_exporter_queue_capacity	1001
1781256899	snap	3400	otelcol	otelcol-sb-esrev0-ctr-stlt9	otelcol_processor_incoming_items	2885921
1781256899	snap	3400	otelcol	otelcol-sb-esrev0-ctr-stlt9	otelcol_receiver_accepted_spans	2868392
1781256899	snap	3400	otelcol	otelcol-sb-esrev0-ctr-stlt9	otelcol_processor_outgoing_items	2868392
1781256899	snap	3400	otelcol	otelcol-sb-esrev0-ctr-stlt9	otelcol_processor_batch_metadata_cardinality	1
1781256899	snap	3400	otelcol	otelcol-sb-esrev0-ctr-stlt9	otelcol_processor_batch_timeout_trigger_send	3051
1781256899	snap	3400	otelcol	otelcol-sb-esrev0-ctr-stlt9	otelcol_processor_batch_batch_send_size_sum	2868392
1781256899	snap	3400	otelcol	otelcol-sb-esrev0-ctr-stlt9	otelcol_process_memory_rss	288296960
1781256899	snap	3400	otelcol	otelcol-sb-esrev0-ctr-stlt9	otelcol_exporter_queue_capacity	1001
1781256899	snap	3400	otelcol	otelcol-sb-esrev0-ctr-stlt9	otelcol_exporter_sent_spans	2673938
1781256899	snap	3400	otelcol	otelcol-sb-esrev0-ctr-stlt9	otelcol_process_runtime_total_sys_memory_bytes	171866408
1781256899	snap	3400	otelcol	otelcol-sb-esrev0-ctr-stlt9	otelcol_exporter_queue_size	132
1781256899	snap	3400	otelcol	otelcol-sb-esrev0-ctr-stlt9	otelcol_receiver_refused_spans	17529
1781256899	snap	3400	otelcol	otelcol-sb-esrev0-ctr-stlt9	otelcol_receiver_failed_spans	0
1781256899	snap	3400	otelcol	otelcol-sb-esrev0-ctr-stlt9	otelcol_process_uptime	776
1781256899	snap	3400	otelcol	otelcol-sb-esrev0-ctr-stlt9	otelcol_process_runtime_heap_alloc_bytes	120561448
1781256899	snap	3400	otelcol	otelcol-sb-esrev0-ctr-stlt9	otelcol_exporter_send_failed_spans	0
1781256899	snap	3400	otelcol	otelcol-sb-esrev0-ctr-stlt9	otelcol_exporter_queue_batch_send_size_sum	2868392
1781256899	snap	3400	otelcol	otelcol-sb-esrev0-ctr-stlt9	otelcol_process_runtime_total_alloc_bytes	1940913200
1781256899	snap	3400	otelcol	otelcol-sb-esrev0-ctr-stlt9	otelcol_process_cpu_seconds	56
1781256899	snap	3400	otelcol	otelcol-sb-esrev0-ctr-f8wkx	otelcol_receiver_failed_spans	0
1781256899	snap	3400	otelcol	otelcol-sb-esrev0-ctr-f8wkx	otelcol_process_runtime_total_sys_memory_bytes	190171448
1781256899	snap	3400	otelcol	otelcol-sb-esrev0-ctr-f8wkx	otelcol_exporter_queue_size	141
1781256899	snap	3400	otelcol	otelcol-sb-esrev0-ctr-f8wkx	otelcol_process_runtime_total_alloc_bytes	3128802656
1781256899	snap	3400	otelcol	otelcol-sb-esrev0-ctr-f8wkx	otelcol_exporter_send_failed_spans	0
1781256899	snap	3400	otelcol	otelcol-sb-esrev0-ctr-f8wkx	otelcol_processor_batch_metadata_cardinality	1
1781256899	snap	3400	otelcol	otelcol-sb-esrev0-ctr-f8wkx	otelcol_exporter_queue_batch_send_size_sum	4921780
1781256899	snap	3400	otelcol	otelcol-sb-esrev0-ctr-f8wkx	otelcol_processor_batch_timeout_trigger_send	3009
1781256899	snap	3400	otelcol	otelcol-sb-esrev0-ctr-f8wkx	otelcol_processor_incoming_items	5553296
1781256899	snap	3400	otelcol	otelcol-sb-esrev0-ctr-f8wkx	otelcol_process_cpu_seconds	77
1781256899	snap	3400	otelcol	otelcol-sb-esrev0-ctr-f8wkx	otelcol_processor_batch_batch_send_size_sum	4921780
1781256899	snap	3400	otelcol	otelcol-sb-esrev0-ctr-f8wkx	otelcol_process_uptime	775
1781256899	snap	3400	otelcol	otelcol-sb-esrev0-ctr-f8wkx	otelcol_process_runtime_heap_alloc_bytes	124069472
1781256899	snap	3400	otelcol	otelcol-sb-esrev0-ctr-f8wkx	otelcol_exporter_sent_spans	4707605
1781256899	snap	3400	otelcol	otelcol-sb-esrev0-ctr-f8wkx	otelcol_receiver_refused_spans	631516
1781256899	snap	3400	otelcol	otelcol-sb-esrev0-ctr-f8wkx	otelcol_processor_outgoing_items	4921780
1781256899	snap	3400	otelcol	otelcol-sb-esrev0-ctr-f8wkx	otelcol_receiver_accepted_spans	4921780
1781256899	snap	3400	otelcol	otelcol-sb-esrev0-ctr-f8wkx	otelcol_process_memory_rss	320045056
1781256899	snap	3400	otelcol	otelcol-sb-esrev0-ctr-f8wkx	otelcol_exporter_queue_capacity	1001
1781256899	snap	3400	otelcol	otelcol-sb-esrev0-ctr-r2dsm	otelcol_receiver_refused_spans	3266249
1781256899	snap	3400	otelcol	otelcol-sb-esrev0-ctr-r2dsm	otelcol_receiver_failed_spans	0
1781256899	snap	3400	otelcol	otelcol-sb-esrev0-ctr-r2dsm	otelcol_processor_outgoing_items	9980121
1781256899	snap	3400	otelcol	otelcol-sb-esrev0-ctr-r2dsm	otelcol_process_uptime	774
1781256899	snap	3400	otelcol	otelcol-sb-esrev0-ctr-r2dsm	otelcol_process_runtime_total_alloc_bytes	7416668088
1781256899	snap	3400	otelcol	otelcol-sb-esrev0-ctr-r2dsm	otelcol_process_memory_rss	324837376
1781256899	snap	3400	otelcol	otelcol-sb-esrev0-ctr-r2dsm	otelcol_exporter_send_failed_spans	0
1781256899	snap	3400	otelcol	otelcol-sb-esrev0-ctr-r2dsm	otelcol_exporter_queue_batch_send_size_sum	9980121
1781256899	snap	3400	otelcol	otelcol-sb-esrev0-ctr-r2dsm	otelcol_receiver_accepted_spans	9980121
1781256899	snap	3400	otelcol	otelcol-sb-esrev0-ctr-r2dsm	otelcol_processor_batch_metadata_cardinality	1
1781256899	snap	3400	otelcol	otelcol-sb-esrev0-ctr-r2dsm	otelcol_processor_batch_timeout_trigger_send	2979
1781256899	snap	3400	otelcol	otelcol-sb-esrev0-ctr-r2dsm	otelcol_processor_batch_batch_size_trigger_send	13
1781256899	snap	3400	otelcol	otelcol-sb-esrev0-ctr-r2dsm	otelcol_processor_batch_batch_send_size_sum	9980121
1781256899	snap	3400	otelcol	otelcol-sb-esrev0-ctr-r2dsm	otelcol_process_cpu_seconds	127
1781256899	snap	3400	otelcol	otelcol-sb-esrev0-ctr-r2dsm	otelcol_exporter_queue_capacity	1001
1781256899	snap	3400	otelcol	otelcol-sb-esrev0-ctr-r2dsm	otelcol_process_runtime_heap_alloc_bytes	113253408
1781256899	snap	3400	otelcol	otelcol-sb-esrev0-ctr-r2dsm	otelcol_exporter_sent_spans	9796394
1781256899	snap	3400	otelcol	otelcol-sb-esrev0-ctr-r2dsm	otelcol_exporter_queue_size	70
1781256899	snap	3400	otelcol	otelcol-sb-esrev0-ctr-r2dsm	otelcol_processor_incoming_items	13246370
1781256899	snap	3400	otelcol	otelcol-sb-esrev0-ctr-r2dsm	otelcol_process_runtime_total_sys_memory_bytes	209373496
1781256899	snap	3400	otelcol	otelcol-sb-esrev0-ctr-knvlf	otelcol_receiver_accepted_spans	1592032
1781256899	snap	3400	otelcol	otelcol-sb-esrev0-ctr-knvlf	otelcol_process_runtime_total_sys_memory_bytes	110405912
1781256899	snap	3400	otelcol	otelcol-sb-esrev0-ctr-knvlf	otelcol_process_runtime_heap_alloc_bytes	62944608
1781256899	snap	3400	otelcol	otelcol-sb-esrev0-ctr-knvlf	otelcol_processor_batch_metadata_cardinality	1
1781256899	snap	3400	otelcol	otelcol-sb-esrev0-ctr-knvlf	otelcol_processor_batch_timeout_trigger_send	3052
1781256899	snap	3400	otelcol	otelcol-sb-esrev0-ctr-knvlf	otelcol_processor_batch_batch_send_size_sum	1592032
1781256899	snap	3400	otelcol	otelcol-sb-esrev0-ctr-knvlf	otelcol_process_cpu_seconds	41
1781256899	snap	3400	otelcol	otelcol-sb-esrev0-ctr-knvlf	otelcol_exporter_queue_capacity	1001
1781256899	snap	3400	otelcol	otelcol-sb-esrev0-ctr-knvlf	otelcol_exporter_queue_batch_send_size_sum	1592032
1781256899	snap	3400	otelcol	otelcol-sb-esrev0-ctr-knvlf	otelcol_receiver_refused_spans	0
1781256899	snap	3400	otelcol	otelcol-sb-esrev0-ctr-knvlf	otelcol_process_memory_rss	246181888
1781256899	snap	3400	otelcol	otelcol-sb-esrev0-ctr-knvlf	otelcol_process_uptime	776
1781256899	snap	3400	otelcol	otelcol-sb-esrev0-ctr-knvlf	otelcol_process_runtime_total_alloc_bytes	1169390776
1781256899	snap	3400	otelcol	otelcol-sb-esrev0-ctr-knvlf	otelcol_exporter_sent_spans	1509159
1781256899	snap	3400	otelcol	otelcol-sb-esrev0-ctr-knvlf	otelcol_exporter_queue_size	97
1781256899	snap	3400	otelcol	otelcol-sb-esrev0-ctr-knvlf	otelcol_processor_incoming_items	1592032
1781256899	snap	3400	otelcol	otelcol-sb-esrev0-ctr-knvlf	otelcol_receiver_failed_spans	0
1781256899	snap	3400	otelcol	otelcol-sb-esrev0-ctr-knvlf	otelcol_processor_outgoing_items	1592032
1781256899	snap	3400	otelcol	otelcol-sb-esrev0-ctr-knvlf	otelcol_exporter_send_failed_spans	0
1781256899	snap	3400	otelcol	otelcol-sb-esrev0-ctr-fb877	otelcol_exporter_send_failed_spans	0
1781256899	snap	3400	otelcol	otelcol-sb-esrev0-ctr-fb877	otelcol_process_uptime	776
1781256899	snap	3400	otelcol	otelcol-sb-esrev0-ctr-fb877	otelcol_process_runtime_heap_alloc_bytes	49328848
1781256899	snap	3400	otelcol	otelcol-sb-esrev0-ctr-fb877	otelcol_process_cpu_seconds	39
1781256899	snap	3400	otelcol	otelcol-sb-esrev0-ctr-fb877	otelcol_exporter_queue_capacity	1001
1781256899	snap	3400	otelcol	otelcol-sb-esrev0-ctr-fb877	otelcol_exporter_sent_spans	1568778
1781256899	snap	3400	otelcol	otelcol-sb-esrev0-ctr-fb877	otelcol_exporter_queue_batch_send_size_sum	1589321
1781256899	snap	3400	otelcol	otelcol-sb-esrev0-ctr-fb877	otelcol_processor_incoming_items	1593161
1781256899	snap	3400	otelcol	otelcol-sb-esrev0-ctr-fb877	otelcol_receiver_failed_spans	0
1781256899	snap	3400	otelcol	otelcol-sb-esrev0-ctr-fb877	otelcol_processor_batch_batch_send_size_sum	1589321
1781256899	snap	3400	otelcol	otelcol-sb-esrev0-ctr-fb877	otelcol_processor_outgoing_items	1589321
1781256899	snap	3400	otelcol	otelcol-sb-esrev0-ctr-fb877	otelcol_processor_batch_metadata_cardinality	1
1781256899	snap	3400	otelcol	otelcol-sb-esrev0-ctr-fb877	otelcol_process_runtime_total_sys_memory_bytes	145656088
1781256899	snap	3400	otelcol	otelcol-sb-esrev0-ctr-fb877	otelcol_exporter_queue_size	26
1781256899	snap	3400	otelcol	otelcol-sb-esrev0-ctr-fb877	otelcol_processor_batch_timeout_trigger_send	3060
1781256899	snap	3400	otelcol	otelcol-sb-esrev0-ctr-fb877	otelcol_receiver_refused_spans	3840
1781256899	snap	3400	otelcol	otelcol-sb-esrev0-ctr-fb877	otelcol_receiver_accepted_spans	1589321
1781256899	snap	3400	otelcol	otelcol-sb-esrev0-ctr-fb877	otelcol_process_runtime_total_alloc_bytes	1198403304
1781256899	snap	3400	otelcol	otelcol-sb-esrev0-ctr-fb877	otelcol_process_memory_rss	238116864
1781256899	snap	3400	otelcol	otelcol-sb-esrev0-ctr-b7q4j	otelcol_processor_batch_timeout_trigger_send	3064
1781256899	snap	3400	otelcol	otelcol-sb-esrev0-ctr-b7q4j	otelcol_exporter_queue_capacity	1001
1781256899	snap	3400	otelcol	otelcol-sb-esrev0-ctr-b7q4j	otelcol_receiver_failed_spans	0
1781256899	snap	3400	otelcol	otelcol-sb-esrev0-ctr-b7q4j	otelcol_processor_batch_batch_send_size_sum	1704662
1781256899	snap	3400	otelcol	otelcol-sb-esrev0-ctr-b7q4j	otelcol_exporter_queue_batch_send_size_sum	1704662
1781256899	snap	3400	otelcol	otelcol-sb-esrev0-ctr-b7q4j	otelcol_process_runtime_heap_alloc_bytes	100963696
1781256899	snap	3400	otelcol	otelcol-sb-esrev0-ctr-b7q4j	otelcol_process_cpu_seconds	38
1781256899	snap	3400	otelcol	otelcol-sb-esrev0-ctr-b7q4j	otelcol_exporter_send_failed_spans	0
1781256899	snap	3400	otelcol	otelcol-sb-esrev0-ctr-b7q4j	otelcol_process_memory_rss	265801728
1781256899	snap	3400	otelcol	otelcol-sb-esrev0-ctr-b7q4j	otelcol_exporter_sent_spans	1615319
1781256899	snap	3400	otelcol	otelcol-sb-esrev0-ctr-b7q4j	otelcol_processor_incoming_items	1705861
1781256899	snap	3400	otelcol	otelcol-sb-esrev0-ctr-b7q4j	otelcol_process_uptime	778
1781256899	snap	3400	otelcol	otelcol-sb-esrev0-ctr-b7q4j	otelcol_process_runtime_total_alloc_bytes	1235136784
1781256899	snap	3400	otelcol	otelcol-sb-esrev0-ctr-b7q4j	otelcol_receiver_refused_spans	1199
1781256899	snap	3400	otelcol	otelcol-sb-esrev0-ctr-b7q4j	otelcol_processor_outgoing_items	1704662
1781256899	snap	3400	otelcol	otelcol-sb-esrev0-ctr-b7q4j	otelcol_receiver_accepted_spans	1704662
1781256899	snap	3400	otelcol	otelcol-sb-esrev0-ctr-b7q4j	otelcol_processor_batch_metadata_cardinality	1
1781256899	snap	3400	otelcol	otelcol-sb-esrev0-ctr-b7q4j	otelcol_process_runtime_total_sys_memory_bytes	132131096
1781256899	snap	3400	otelcol	otelcol-sb-esrev0-ctr-b7q4j	otelcol_exporter_queue_size	110
1781256899	snap	3400	k8s	otelcol-sb-esrev0-ctr-4qc2z	restart_count	0
1781256899	snap	3400	k8s	otelcol-sb-esrev0-ctr-b7q4j	restart_count	0
1781256899	snap	3400	k8s	otelcol-sb-esrev0-ctr-f8wkx	restart_count	0
1781256899	snap	3400	k8s	otelcol-sb-esrev0-ctr-fb877	restart_count	0
1781256899	snap	3400	k8s	otelcol-sb-esrev0-ctr-knvlf	restart_count	0
1781256899	snap	3400	k8s	otelcol-sb-esrev0-ctr-lbwgk	restart_count	0
1781256899	snap	3400	k8s	otelcol-sb-esrev0-ctr-r2dsm	restart_count	0
1781256899	snap	3400	k8s	otelcol-sb-esrev0-ctr-s4p4v	restart_count	0
1781256899	snap	3400	k8s	otelcol-sb-esrev0-ctr-stlt9	restart_count	0
1781256899	snap	3400	sdk	wrk2api	spans_received	295797
1781256899	snap	3400	sdk	wrk2api	spans_sent	295797
1781256899	snap	3400	sdk	wrk2api	spans_dropped	0
1781256899	snap	3400	sdk	wrk2api	spans_flushed	295797
1781256899	snap	3400	sdk	wrk2api	batches_sent	12026
1781256899	snap	3400	sdk	wrk2api	batches_dropped	0
1781256899	snap	3400	sdk	wrk2api	send_unavailable	0
1781256899	snap	3400	sdk	wrk2api	send_deadline	0
1781256899	snap	3400	sdk	wrk2api	send_exhausted	0
1781256899	snap	3400	sdk	wrk2api	send_canceled	0
1781256899	snap	3400	sdk	wrk2api	send_other	0
1781256899	snap	3400	sdk	wrk2api	buffer_depth	0
0
1781256899	snap	3400	sdk	wrk2api	cp_received	147898
1781256899	snap	3400	sdk	wrk2api	lp_received	147899
1781256899	snap	3400	sdk	wrk2api	cp_sent	147898
1781256899	snap	3400	sdk	wrk2api	lp_sent	147899
1781256899	snap	3400	sdk	wrk2api	cp_dropped	0
1781256899	snap	3400	sdk	wrk2api	lp_dropped	0
1781256899	snap	3400	sdk	composepost	spans_received	10360471
1781256899	snap	3400	sdk	composepost	spans_sent	7540609
1781256899	snap	3400	sdk	composepost	spans_dropped	2819862
1781256899	snap	3400	sdk	composepost	spans_flushed	10360471
1781256899	snap	3400	sdk	composepost	batches_sent	37678
1781256899	snap	3400	sdk	composepost	batches_dropped	9106
1781256899	snap	3400	sdk	composepost	send_unavailable	9106
1781256899	snap	3400	sdk	composepost	send_deadline	0
1781256899	snap	3400	sdk	composepost	send_exhausted	0
1781256899	snap	3400	sdk	composepost	send_canceled	0
1781256899	snap	3400	sdk	composepost	send_other	0
1781256899	snap	3400	sdk	composepost	buffer_depth	0
0
1781256899	snap	3400	sdk	composepost	cp_received	0
1781256899	snap	3400	sdk	composepost	lp_received	10360471
1781256899	snap	3400	sdk	composepost	cp_sent	0
1781256899	snap	3400	sdk	composepost	lp_sent	7540609
1781256899	snap	3400	sdk	composepost	cp_dropped	0
1781256899	snap	3400	sdk	composepost	lp_dropped	2819862
1781256899	snap	3400	sdk	hometimeline	spans_received	2590102
1781256899	snap	3400	sdk	hometimeline	spans_sent	2188548
1781256899	snap	3400	sdk	hometimeline	spans_dropped	401554
1781256899	snap	3400	sdk	hometimeline	spans_flushed	2590102
1781256899	snap	3400	sdk	hometimeline	batches_sent	10427
1781256899	snap	3400	sdk	hometimeline	batches_dropped	1291
1781256899	snap	3400	sdk	hometimeline	send_unavailable	1291
1781256899	snap	3400	sdk	hometimeline	send_deadline	0
1781256899	snap	3400	sdk	hometimeline	send_exhausted	0
1781256899	snap	3400	sdk	hometimeline	send_canceled	0
1781256899	snap	3400	sdk	hometimeline	send_other	0
1781256899	snap	3400	sdk	hometimeline	buffer_depth	0
0
1781256899	snap	3400	sdk	hometimeline	cp_received	1295051
1781256899	snap	3400	sdk	hometimeline	lp_received	1295051
1781256899	snap	3400	sdk	hometimeline	cp_sent	1245860
1781256899	snap	3400	sdk	hometimeline	lp_sent	942688
1781256899	snap	3400	sdk	hometimeline	cp_dropped	49191
1781256899	snap	3400	sdk	hometimeline	lp_dropped	352363
1781256899	snap	3400	sdk	media	spans_received	1295060
1781256899	snap	3400	sdk	media	spans_sent	1252278
1781256899	snap	3400	sdk	media	spans_dropped	42782
1781256899	snap	3400	sdk	media	spans_flushed	1295060
1781256899	snap	3400	sdk	media	batches_sent	5696
1781256899	snap	3400	sdk	media	batches_dropped	134
1781256899	snap	3400	sdk	media	send_unavailable	134
1781256899	snap	3400	sdk	media	send_deadline	0
1781256899	snap	3400	sdk	media	send_exhausted	0
1781256899	snap	3400	sdk	media	send_canceled	0
1781256899	snap	3400	sdk	media	send_other	0
1781256899	snap	3400	sdk	media	buffer_depth	0
0
1781256899	snap	3400	sdk	media	cp_received	1295060
1781256899	snap	3400	sdk	media	lp_received	0
1781256899	snap	3400	sdk	media	cp_sent	1252278
1781256899	snap	3400	sdk	media	lp_sent	0
1781256899	snap	3400	sdk	media	cp_dropped	42782
1781256899	snap	3400	sdk	media	lp_dropped	0
1781256899	snap	3400	sdk	post-storage	spans_received	1295051
1781256899	snap	3400	sdk	post-storage	spans_sent	1295051
1781256899	snap	3400	sdk	post-storage	spans_dropped	0
1781256899	snap	3400	sdk	post-storage	spans_flushed	1295051
1781256899	snap	3400	sdk	post-storage	batches_sent	5840
1781256899	snap	3400	sdk	post-storage	batches_dropped	0
1781256899	snap	3400	sdk	post-storage	send_unavailable	0
1781256899	snap	3400	sdk	post-storage	send_deadline	0
1781256899	snap	3400	sdk	post-storage	send_exhausted	0
1781256899	snap	3400	sdk	post-storage	send_canceled	0
1781256899	snap	3400	sdk	post-storage	send_other	0
1781256899	snap	3400	sdk	post-storage	buffer_depth	0
0
1781256899	snap	3400	sdk	post-storage	cp_received	1295051
1781256899	snap	3400	sdk	post-storage	lp_received	0
1781256899	snap	3400	sdk	post-storage	cp_sent	1295051
1781256899	snap	3400	sdk	post-storage	lp_sent	0
1781256899	snap	3400	sdk	post-storage	cp_dropped	0
1781256899	snap	3400	sdk	post-storage	lp_dropped	0
1781256899	snap	3400	sdk	socialgraph	spans_received	1408885
1781256899	snap	3400	sdk	socialgraph	spans_sent	1408885
1781256899	snap	3400	sdk	socialgraph	spans_dropped	0
1781256899	snap	3400	sdk	socialgraph	spans_flushed	1408885
1781256899	snap	3400	sdk	socialgraph	batches_sent	6334
1781256899	snap	3400	sdk	socialgraph	batches_dropped	0
1781256899	snap	3400	sdk	socialgraph	send_unavailable	0
1781256899	snap	3400	sdk	socialgraph	send_deadline	0
1781256899	snap	3400	sdk	socialgraph	send_exhausted	0
1781256899	snap	3400	sdk	socialgraph	send_canceled	0
1781256899	snap	3400	sdk	socialgraph	send_other	0
1781256899	snap	3400	sdk	socialgraph	buffer_depth	0
0
1781256899	snap	3400	sdk	socialgraph	cp_received	1296013
1781256899	snap	3400	sdk	socialgraph	lp_received	112872
1781256899	snap	3400	sdk	socialgraph	cp_sent	1296013
1781256899	snap	3400	sdk	socialgraph	lp_sent	112872
1781256899	snap	3400	sdk	socialgraph	cp_dropped	0
1781256899	snap	3400	sdk	socialgraph	lp_dropped	0
1781256899	snap	3400	sdk	text	spans_received	3885198
1781256899	snap	3400	sdk	text	spans_sent	3329778
1781256899	snap	3400	sdk	text	spans_dropped	555420
1781256899	snap	3400	sdk	text	spans_flushed	3885198
1781256899	snap	3400	sdk	text	batches_sent	15735
1781256899	snap	3400	sdk	text	batches_dropped	1748
1781256899	snap	3400	sdk	text	send_unavailable	1748
1781256899	snap	3400	sdk	text	send_deadline	0
1781256899	snap	3400	sdk	text	send_exhausted	0
1781256899	snap	3400	sdk	text	send_canceled	0
1781256899	snap	3400	sdk	text	send_other	0
1781256899	snap	3400	sdk	text	buffer_depth	0
0
1781256899	snap	3400	sdk	text	cp_received	1295060
1781256899	snap	3400	sdk	text	lp_received	2590138
1781256899	snap	3400	sdk	text	cp_sent	1252631
1781256899	snap	3400	sdk	text	lp_sent	2077147
1781256899	snap	3400	sdk	text	cp_dropped	42429
1781256899	snap	3400	sdk	text	lp_dropped	512991
1781256899	snap	3400	sdk	uniqueid	spans_received	1295060
1781256899	snap	3400	sdk	uniqueid	spans_sent	1291453
1781256899	snap	3400	sdk	uniqueid	spans_dropped	3607
1781256899	snap	3400	sdk	uniqueid	spans_flushed	1295060
1781256899	snap	3400	sdk	uniqueid	batches_sent	5826
1781256899	snap	3400	sdk	uniqueid	batches_dropped	13
1781256899	snap	3400	sdk	uniqueid	send_unavailable	13
1781256899	snap	3400	sdk	uniqueid	send_deadline	0
1781256899	snap	3400	sdk	uniqueid	send_exhausted	0
1781256899	snap	3400	sdk	uniqueid	send_canceled	0
1781256899	snap	3400	sdk	uniqueid	send_other	0
1781256899	snap	3400	sdk	uniqueid	buffer_depth	0
0
1781256899	snap	3400	sdk	uniqueid	cp_received	1295060
1781256899	snap	3400	sdk	uniqueid	lp_received	0
1781256899	snap	3400	sdk	uniqueid	cp_sent	1291453
1781256899	snap	3400	sdk	uniqueid	lp_sent	0
1781256899	snap	3400	sdk	uniqueid	cp_dropped	3607
1781256899	snap	3400	sdk	uniqueid	lp_dropped	0
1781256899	snap	3400	sdk	urlshorten	spans_received	1295060
1781256899	snap	3400	sdk	urlshorten	spans_sent	1295060
1781256899	snap	3400	sdk	urlshorten	spans_dropped	0
1781256899	snap	3400	sdk	urlshorten	spans_flushed	1295060
1781256899	snap	3400	sdk	urlshorten	batches_sent	5833
1781256899	snap	3400	sdk	urlshorten	batches_dropped	0
1781256899	snap	3400	sdk	urlshorten	send_unavailable	0
1781256899	snap	3400	sdk	urlshorten	send_deadline	0
1781256899	snap	3400	sdk	urlshorten	send_exhausted	0
1781256899	snap	3400	sdk	urlshorten	send_canceled	0
1781256899	snap	3400	sdk	urlshorten	send_other	0
1781256899	snap	3400	sdk	urlshorten	buffer_depth	0
0
1781256899	snap	3400	sdk	urlshorten	cp_received	1295060
1781256899	snap	3400	sdk	urlshorten	lp_received	0
1781256899	snap	3400	sdk	urlshorten	cp_sent	1295060
1781256899	snap	3400	sdk	urlshorten	lp_sent	0
1781256899	snap	3400	sdk	urlshorten	cp_dropped	0
1781256899	snap	3400	sdk	urlshorten	lp_dropped	0
1781256899	snap	3400	sdk	user	spans_received	1296984
1781256899	snap	3400	sdk	user	spans_sent	1296984
1781256899	snap	3400	sdk	user	spans_dropped	0
1781256899	snap	3400	sdk	user	spans_flushed	1296984
1781256899	snap	3400	sdk	user	batches_sent	5854
1781256899	snap	3400	sdk	user	batches_dropped	0
1781256899	snap	3400	sdk	user	send_unavailable	0
1781256899	snap	3400	sdk	user	send_deadline	0
1781256899	snap	3400	sdk	user	send_exhausted	0
1781256899	snap	3400	sdk	user	send_canceled	0
1781256899	snap	3400	sdk	user	send_other	0
1781256899	snap	3400	sdk	user	buffer_depth	0
0
1781256899	snap	3400	sdk	user	cp_received	1295060
1781256899	snap	3400	sdk	user	lp_received	1924
1781256899	snap	3400	sdk	user	cp_sent	1295060
1781256899	snap	3400	sdk	user	lp_sent	1924
1781256899	snap	3400	sdk	user	cp_dropped	0
1781256899	snap	3400	sdk	user	lp_dropped	0
1781256899	snap	3400	sdk	userid	spans_received	75248
1781256899	snap	3400	sdk	userid	spans_sent	75248
1781256899	snap	3400	sdk	userid	spans_dropped	0
1781256899	snap	3400	sdk	userid	spans_flushed	75248
1781256899	snap	3400	sdk	userid	batches_sent	239
1781256899	snap	3400	sdk	userid	batches_dropped	0
1781256899	snap	3400	sdk	userid	send_unavailable	0
1781256899	snap	3400	sdk	userid	send_deadline	0
1781256899	snap	3400	sdk	userid	send_exhausted	0
1781256899	snap	3400	sdk	userid	send_canceled	0
1781256899	snap	3400	sdk	userid	send_other	0
1781256899	snap	3400	sdk	userid	buffer_depth	0
0
1781256899	snap	3400	sdk	userid	cp_received	75248
1781256899	snap	3400	sdk	userid	lp_received	0
1781256899	snap	3400	sdk	userid	cp_sent	75248
1781256899	snap	3400	sdk	userid	lp_sent	0
1781256899	snap	3400	sdk	userid	cp_dropped	0
1781256899	snap	3400	sdk	userid	lp_dropped	0
1781256899	snap	3400	sdk	usermention	spans_received	1295060
1781256899	snap	3400	sdk	usermention	spans_sent	1291570
1781256899	snap	3400	sdk	usermention	spans_dropped	3490
1781256899	snap	3400	sdk	usermention	spans_flushed	1295060
1781256899	snap	3400	sdk	usermention	batches_sent	5824
1781256899	snap	3400	sdk	usermention	batches_dropped	14
1781256899	snap	3400	sdk	usermention	send_unavailable	14
1781256899	snap	3400	sdk	usermention	send_deadline	0
1781256899	snap	3400	sdk	usermention	send_exhausted	0
1781256899	snap	3400	sdk	usermention	send_canceled	0
1781256899	snap	3400	sdk	usermention	send_other	0
1781256899	snap	3400	sdk	usermention	buffer_depth	0
0
1781256899	snap	3400	sdk	usermention	cp_received	1295060
1781256899	snap	3400	sdk	usermention	lp_received	0
1781256899	snap	3400	sdk	usermention	cp_sent	1291570
1781256899	snap	3400	sdk	usermention	lp_sent	0
1781256899	snap	3400	sdk	usermention	cp_dropped	3490
1781256899	snap	3400	sdk	usermention	lp_dropped	0
1781256899	snap	3400	sdk	usertimeline	spans_received	1295051
1781256899	snap	3400	sdk	usertimeline	spans_sent	1295051
1781256899	snap	3400	sdk	usertimeline	spans_dropped	0
1781256899	snap	3400	sdk	usertimeline	spans_flushed	1295051
1781256899	snap	3400	sdk	usertimeline	batches_sent	5803
1781256899	snap	3400	sdk	usertimeline	batches_dropped	0
1781256899	snap	3400	sdk	usertimeline	send_unavailable	0
1781256899	snap	3400	sdk	usertimeline	send_deadline	0
1781256899	snap	3400	sdk	usertimeline	send_exhausted	0
1781256899	snap	3400	sdk	usertimeline	send_canceled	0
1781256899	snap	3400	sdk	usertimeline	send_other	0
1781256899	snap	3400	sdk	usertimeline	buffer_depth	0
0
1781256899	snap	3400	sdk	usertimeline	cp_received	1295051
1781256899	snap	3400	sdk	usertimeline	lp_received	0
1781256899	snap	3400	sdk	usertimeline	cp_sent	1295051
1781256899	snap	3400	sdk	usertimeline	lp_sent	0
1781256899	snap	3400	sdk	usertimeline	cp_dropped	0
1781256899	snap	3400	sdk	usertimeline	lp_dropped	0
1781256906	snap	3600	otelcol	otelcol-sb-esrev0-ctr-s4p4v	otelcol_exporter_queue_size	51
1781256906	snap	3600	otelcol	otelcol-sb-esrev0-ctr-s4p4v	otelcol_process_cpu_seconds	40
1781256906	snap	3600	otelcol	otelcol-sb-esrev0-ctr-s4p4v	otelcol_processor_batch_batch_send_size_sum	1591222
1781256906	snap	3600	otelcol	otelcol-sb-esrev0-ctr-s4p4v	otelcol_process_runtime_total_alloc_bytes	1168950136
1781256906	snap	3600	otelcol	otelcol-sb-esrev0-ctr-s4p4v	otelcol_exporter_send_failed_spans	0
1781256906	snap	3600	otelcol	otelcol-sb-esrev0-ctr-s4p4v	otelcol_receiver_failed_spans	0
1781256906	snap	3600	otelcol	otelcol-sb-esrev0-ctr-s4p4v	otelcol_processor_outgoing_items	1591222
1781256906	snap	3600	otelcol	otelcol-sb-esrev0-ctr-s4p4v	otelcol_receiver_accepted_spans	1591222
1781256906	snap	3600	otelcol	otelcol-sb-esrev0-ctr-s4p4v	otelcol_exporter_queue_batch_send_size_sum	1591222
1781256906	snap	3600	otelcol	otelcol-sb-esrev0-ctr-s4p4v	otelcol_receiver_refused_spans	0
1781256906	snap	3600	otelcol	otelcol-sb-esrev0-ctr-s4p4v	otelcol_process_uptime	782
1781256906	snap	3600	otelcol	otelcol-sb-esrev0-ctr-s4p4v	otelcol_exporter_sent_spans	1550193
1781256906	snap	3600	otelcol	otelcol-sb-esrev0-ctr-s4p4v	otelcol_processor_batch_metadata_cardinality	1
1781256906	snap	3600	otelcol	otelcol-sb-esrev0-ctr-s4p4v	otelcol_processor_batch_timeout_trigger_send	3051
1781256906	snap	3600	otelcol	otelcol-sb-esrev0-ctr-s4p4v	otelcol_process_runtime_heap_alloc_bytes	68731152
1781256906	snap	3600	otelcol	otelcol-sb-esrev0-ctr-s4p4v	otelcol_processor_incoming_items	1591222
1781256906	snap	3600	otelcol	otelcol-sb-esrev0-ctr-s4p4v	otelcol_process_runtime_total_sys_memory_bytes	128391464
1781256906	snap	3600	otelcol	otelcol-sb-esrev0-ctr-s4p4v	otelcol_process_memory_rss	257458176
1781256906	snap	3600	otelcol	otelcol-sb-esrev0-ctr-s4p4v	otelcol_exporter_queue_capacity	1001
1781256906	snap	3600	otelcol	otelcol-sb-esrev0-ctr-lbwgk	otelcol_receiver_refused_spans	0
1781256906	snap	3600	otelcol	otelcol-sb-esrev0-ctr-lbwgk	otelcol_process_uptime	781
1781256906	snap	3600	otelcol	otelcol-sb-esrev0-ctr-lbwgk	otelcol_exporter_queue_size	16
1781256906	snap	3600	otelcol	otelcol-sb-esrev0-ctr-lbwgk	otelcol_exporter_queue_batch_send_size_sum	295797
1781256906	snap	3600	otelcol	otelcol-sb-esrev0-ctr-lbwgk	otelcol_processor_outgoing_items	295797
1781256906	snap	3600	otelcol	otelcol-sb-esrev0-ctr-lbwgk	otelcol_process_runtime_total_alloc_bytes	427043328
1781256906	snap	3600	otelcol	otelcol-sb-esrev0-ctr-lbwgk	otelcol_processor_batch_batch_send_size_sum	295797
1781256906	snap	3600	otelcol	otelcol-sb-esrev0-ctr-lbwgk	otelcol_exporter_send_failed_spans	0
1781256906	snap	3600	otelcol	otelcol-sb-esrev0-ctr-lbwgk	otelcol_processor_batch_metadata_cardinality	1
1781256906	snap	3600	otelcol	otelcol-sb-esrev0-ctr-lbwgk	otelcol_process_memory_rss	218435584
1781256906	snap	3600	otelcol	otelcol-sb-esrev0-ctr-lbwgk	otelcol_receiver_accepted_spans	295797
1781256906	snap	3600	otelcol	otelcol-sb-esrev0-ctr-lbwgk	otelcol_processor_batch_timeout_trigger_send	3048
1781256906	snap	3600	otelcol	otelcol-sb-esrev0-ctr-lbwgk	otelcol_process_runtime_heap_alloc_bytes	34136176
1781256906	snap	3600	otelcol	otelcol-sb-esrev0-ctr-lbwgk	otelcol_process_cpu_seconds	29
1781256906	snap	3600	otelcol	otelcol-sb-esrev0-ctr-lbwgk	otelcol_processor_incoming_items	295797
1781256906	snap	3600	otelcol	otelcol-sb-esrev0-ctr-lbwgk	otelcol_process_runtime_total_sys_memory_bytes	80267544
1781256906	snap	3600	otelcol	otelcol-sb-esrev0-ctr-lbwgk	otelcol_exporter_sent_spans	293521
1781256906	snap	3600	otelcol	otelcol-sb-esrev0-ctr-lbwgk	otelcol_exporter_queue_capacity	1001
1781256906	snap	3600	otelcol	otelcol-sb-esrev0-ctr-lbwgk	otelcol_receiver_failed_spans	0
1781256906	snap	3600	otelcol	otelcol-sb-esrev0-ctr-4qc2z	otelcol_receiver_failed_spans	0
1781256906	snap	3600	otelcol	otelcol-sb-esrev0-ctr-4qc2z	otelcol_process_cpu_seconds	39
1781256906	snap	3600	otelcol	otelcol-sb-esrev0-ctr-4qc2z	otelcol_receiver_refused_spans	0
1781256906	snap	3600	otelcol	otelcol-sb-esrev0-ctr-4qc2z	otelcol_process_runtime_heap_alloc_bytes	74040376
1781256906	snap	3600	otelcol	otelcol-sb-esrev0-ctr-4qc2z	otelcol_process_memory_rss	243060736
1781256906	snap	3600	otelcol	otelcol-sb-esrev0-ctr-4qc2z	otelcol_exporter_send_failed_spans	0
1781256906	snap	3600	otelcol	otelcol-sb-esrev0-ctr-4qc2z	otelcol_process_runtime_total_alloc_bytes	1169377856
1781256906	snap	3600	otelcol	otelcol-sb-esrev0-ctr-4qc2z	otelcol_processor_batch_metadata_cardinality	1
1781256906	snap	3600	otelcol	otelcol-sb-esrev0-ctr-4qc2z	otelcol_processor_incoming_items	1590853
1781256906	snap	3600	otelcol	otelcol-sb-esrev0-ctr-4qc2z	otelcol_processor_batch_timeout_trigger_send	3056
1781256906	snap	3600	otelcol	otelcol-sb-esrev0-ctr-4qc2z	otelcol_processor_batch_batch_send_size_sum	1590853
1781256906	snap	3600	otelcol	otelcol-sb-esrev0-ctr-4qc2z	otelcol_process_runtime_total_sys_memory_bytes	123988248
1781256906	snap	3600	otelcol	otelcol-sb-esrev0-ctr-4qc2z	otelcol_exporter_sent_spans	1557201
1781256906	snap	3600	otelcol	otelcol-sb-esrev0-ctr-4qc2z	otelcol_receiver_accepted_spans	1590853
1781256906	snap	3600	otelcol	otelcol-sb-esrev0-ctr-4qc2z	otelcol_processor_outgoing_items	1590853
1781256906	snap	3600	otelcol	otelcol-sb-esrev0-ctr-4qc2z	otelcol_exporter_queue_size	41
1781256906	snap	3600	otelcol	otelcol-sb-esrev0-ctr-4qc2z	otelcol_exporter_queue_batch_send_size_sum	1590853
1781256906	snap	3600	otelcol	otelcol-sb-esrev0-ctr-4qc2z	otelcol_process_uptime	783
1781256906	snap	3600	otelcol	otelcol-sb-esrev0-ctr-4qc2z	otelcol_exporter_queue_capacity	1001
1781256906	snap	3600	otelcol	otelcol-sb-esrev0-ctr-stlt9	otelcol_processor_incoming_items	2885921
1781256906	snap	3600	otelcol	otelcol-sb-esrev0-ctr-stlt9	otelcol_receiver_accepted_spans	2868392
1781256906	snap	3600	otelcol	otelcol-sb-esrev0-ctr-stlt9	otelcol_processor_outgoing_items	2868392
1781256906	snap	3600	otelcol	otelcol-sb-esrev0-ctr-stlt9	otelcol_processor_batch_metadata_cardinality	1
1781256906	snap	3600	otelcol	otelcol-sb-esrev0-ctr-stlt9	otelcol_processor_batch_timeout_trigger_send	3051
1781256906	snap	3600	otelcol	otelcol-sb-esrev0-ctr-stlt9	otelcol_processor_batch_batch_send_size_sum	2868392
1781256906	snap	3600	otelcol	otelcol-sb-esrev0-ctr-stlt9	otelcol_process_memory_rss	289964032
1781256906	snap	3600	otelcol	otelcol-sb-esrev0-ctr-stlt9	otelcol_exporter_queue_capacity	1001
1781256906	snap	3600	otelcol	otelcol-sb-esrev0-ctr-stlt9	otelcol_exporter_sent_spans	2682638
1781256906	snap	3600	otelcol	otelcol-sb-esrev0-ctr-stlt9	otelcol_process_runtime_total_sys_memory_bytes	171866408
1781256906	snap	3600	otelcol	otelcol-sb-esrev0-ctr-stlt9	otelcol_exporter_queue_size	126
1781256906	snap	3600	otelcol	otelcol-sb-esrev0-ctr-stlt9	otelcol_receiver_refused_spans	17529
1781256906	snap	3600	otelcol	otelcol-sb-esrev0-ctr-stlt9	otelcol_receiver_failed_spans	0
1781256906	snap	3600	otelcol	otelcol-sb-esrev0-ctr-stlt9	otelcol_process_uptime	783
1781256906	snap	3600	otelcol	otelcol-sb-esrev0-ctr-stlt9	otelcol_process_runtime_heap_alloc_bytes	122951376
1781256906	snap	3600	otelcol	otelcol-sb-esrev0-ctr-stlt9	otelcol_exporter_send_failed_spans	0
1781256906	snap	3600	otelcol	otelcol-sb-esrev0-ctr-stlt9	otelcol_exporter_queue_batch_send_size_sum	2868392
1781256906	snap	3600	otelcol	otelcol-sb-esrev0-ctr-stlt9	otelcol_process_runtime_total_alloc_bytes	1943303128
1781256906	snap	3600	otelcol	otelcol-sb-esrev0-ctr-stlt9	otelcol_process_cpu_seconds	56
1781256906	snap	3600	otelcol	otelcol-sb-esrev0-ctr-f8wkx	otelcol_receiver_failed_spans	0
1781256906	snap	3600	otelcol	otelcol-sb-esrev0-ctr-f8wkx	otelcol_process_runtime_total_sys_memory_bytes	190171448
1781256906	snap	3600	otelcol	otelcol-sb-esrev0-ctr-f8wkx	otelcol_exporter_queue_size	124
1781256906	snap	3600	otelcol	otelcol-sb-esrev0-ctr-f8wkx	otelcol_process_runtime_total_alloc_bytes	3132972184
1781256906	snap	3600	otelcol	otelcol-sb-esrev0-ctr-f8wkx	otelcol_exporter_send_failed_spans	0
1781256906	snap	3600	otelcol	otelcol-sb-esrev0-ctr-f8wkx	otelcol_processor_batch_metadata_cardinality	1
1781256906	snap	3600	otelcol	otelcol-sb-esrev0-ctr-f8wkx	otelcol_exporter_queue_batch_send_size_sum	4921780
1781256906	snap	3600	otelcol	otelcol-sb-esrev0-ctr-f8wkx	otelcol_processor_batch_timeout_trigger_send	3009
1781256906	snap	3600	otelcol	otelcol-sb-esrev0-ctr-f8wkx	otelcol_processor_incoming_items	5553296
1781256906	snap	3600	otelcol	otelcol-sb-esrev0-ctr-f8wkx	otelcol_process_cpu_seconds	78
1781256906	snap	3600	otelcol	otelcol-sb-esrev0-ctr-f8wkx	otelcol_processor_batch_batch_send_size_sum	4921780
1781256906	snap	3600	otelcol	otelcol-sb-esrev0-ctr-f8wkx	otelcol_process_uptime	782
1781256906	snap	3600	otelcol	otelcol-sb-esrev0-ctr-f8wkx	otelcol_process_runtime_heap_alloc_bytes	128239000
1781256906	snap	3600	otelcol	otelcol-sb-esrev0-ctr-f8wkx	otelcol_exporter_sent_spans	4741716
1781256906	snap	3600	otelcol	otelcol-sb-esrev0-ctr-f8wkx	otelcol_receiver_refused_spans	631516
1781256906	snap	3600	otelcol	otelcol-sb-esrev0-ctr-f8wkx	otelcol_processor_outgoing_items	4921780
1781256906	snap	3600	otelcol	otelcol-sb-esrev0-ctr-f8wkx	otelcol_receiver_accepted_spans	4921780
1781256906	snap	3600	otelcol	otelcol-sb-esrev0-ctr-f8wkx	otelcol_process_memory_rss	320045056
1781256906	snap	3600	otelcol	otelcol-sb-esrev0-ctr-f8wkx	otelcol_exporter_queue_capacity	1001
1781256906	snap	3600	otelcol	otelcol-sb-esrev0-ctr-r2dsm	otelcol_receiver_refused_spans	3266249
1781256906	snap	3600	otelcol	otelcol-sb-esrev0-ctr-r2dsm	otelcol_receiver_failed_spans	0
1781256906	snap	3600	otelcol	otelcol-sb-esrev0-ctr-r2dsm	otelcol_processor_outgoing_items	9980121
1781256906	snap	3600	otelcol	otelcol-sb-esrev0-ctr-r2dsm	otelcol_process_uptime	781
1781256906	snap	3600	otelcol	otelcol-sb-esrev0-ctr-r2dsm	otelcol_process_runtime_total_alloc_bytes	7429114048
1781256906	snap	3600	otelcol	otelcol-sb-esrev0-ctr-r2dsm	otelcol_process_memory_rss	326057984
1781256906	snap	3600	otelcol	otelcol-sb-esrev0-ctr-r2dsm	otelcol_exporter_send_failed_spans	0
1781256906	snap	3600	otelcol	otelcol-sb-esrev0-ctr-r2dsm	otelcol_exporter_queue_batch_send_size_sum	9980121
1781256906	snap	3600	otelcol	otelcol-sb-esrev0-ctr-r2dsm	otelcol_receiver_accepted_spans	9980121
1781256906	snap	3600	otelcol	otelcol-sb-esrev0-ctr-r2dsm	otelcol_processor_batch_metadata_cardinality	1
1781256906	snap	3600	otelcol	otelcol-sb-esrev0-ctr-r2dsm	otelcol_processor_batch_timeout_trigger_send	2979
1781256906	snap	3600	otelcol	otelcol-sb-esrev0-ctr-r2dsm	otelcol_processor_batch_batch_size_trigger_send	13
1781256906	snap	3600	otelcol	otelcol-sb-esrev0-ctr-r2dsm	otelcol_processor_batch_batch_send_size_sum	9980121
1781256906	snap	3600	otelcol	otelcol-sb-esrev0-ctr-r2dsm	otelcol_process_cpu_seconds	128
1781256906	snap	3600	otelcol	otelcol-sb-esrev0-ctr-r2dsm	otelcol_exporter_queue_capacity	1001
1781256906	snap	3600	otelcol	otelcol-sb-esrev0-ctr-r2dsm	otelcol_process_runtime_heap_alloc_bytes	125699368
1781256906	snap	3600	otelcol	otelcol-sb-esrev0-ctr-r2dsm	otelcol_exporter_sent_spans	9911165
1781256906	snap	3600	otelcol	otelcol-sb-esrev0-ctr-r2dsm	otelcol_exporter_queue_size	35
1781256906	snap	3600	otelcol	otelcol-sb-esrev0-ctr-r2dsm	otelcol_processor_incoming_items	13246370
1781256906	snap	3600	otelcol	otelcol-sb-esrev0-ctr-r2dsm	otelcol_process_runtime_total_sys_memory_bytes	209373496
1781256906	snap	3600	otelcol	otelcol-sb-esrev0-ctr-knvlf	otelcol_receiver_accepted_spans	1592032
1781256906	snap	3600	otelcol	otelcol-sb-esrev0-ctr-knvlf	otelcol_process_runtime_total_sys_memory_bytes	110405912
1781256906	snap	3600	otelcol	otelcol-sb-esrev0-ctr-knvlf	otelcol_process_runtime_heap_alloc_bytes	64084248
1781256906	snap	3600	otelcol	otelcol-sb-esrev0-ctr-knvlf	otelcol_processor_batch_metadata_cardinality	1
1781256906	snap	3600	otelcol	otelcol-sb-esrev0-ctr-knvlf	otelcol_processor_batch_timeout_trigger_send	3052
1781256906	snap	3600	otelcol	otelcol-sb-esrev0-ctr-knvlf	otelcol_processor_batch_batch_send_size_sum	1592032
1781256906	snap	3600	otelcol	otelcol-sb-esrev0-ctr-knvlf	otelcol_process_cpu_seconds	41
1781256906	snap	3600	otelcol	otelcol-sb-esrev0-ctr-knvlf	otelcol_exporter_queue_capacity	1001
1781256906	snap	3600	otelcol	otelcol-sb-esrev0-ctr-knvlf	otelcol_exporter_queue_batch_send_size_sum	1592032
1781256906	snap	3600	otelcol	otelcol-sb-esrev0-ctr-knvlf	otelcol_receiver_refused_spans	0
1781256906	snap	3600	otelcol	otelcol-sb-esrev0-ctr-knvlf	otelcol_process_memory_rss	246411264
1781256906	snap	3600	otelcol	otelcol-sb-esrev0-ctr-knvlf	otelcol_process_uptime	783
1781256906	snap	3600	otelcol	otelcol-sb-esrev0-ctr-knvlf	otelcol_process_runtime_total_alloc_bytes	1170530416
1781256906	snap	3600	otelcol	otelcol-sb-esrev0-ctr-knvlf	otelcol_exporter_sent_spans	1509159
1781256906	snap	3600	otelcol	otelcol-sb-esrev0-ctr-knvlf	otelcol_exporter_queue_size	97
1781256906	snap	3600	otelcol	otelcol-sb-esrev0-ctr-knvlf	otelcol_processor_incoming_items	1592032
1781256906	snap	3600	otelcol	otelcol-sb-esrev0-ctr-knvlf	otelcol_receiver_failed_spans	0
1781256906	snap	3600	otelcol	otelcol-sb-esrev0-ctr-knvlf	otelcol_processor_outgoing_items	1592032
1781256906	snap	3600	otelcol	otelcol-sb-esrev0-ctr-knvlf	otelcol_exporter_send_failed_spans	0
1781256906	snap	3600	otelcol	otelcol-sb-esrev0-ctr-fb877	otelcol_exporter_send_failed_spans	0
1781256906	snap	3600	otelcol	otelcol-sb-esrev0-ctr-fb877	otelcol_process_uptime	783
1781256906	snap	3600	otelcol	otelcol-sb-esrev0-ctr-fb877	otelcol_process_runtime_heap_alloc_bytes	51466312
1781256906	snap	3600	otelcol	otelcol-sb-esrev0-ctr-fb877	otelcol_process_cpu_seconds	39
1781256906	snap	3600	otelcol	otelcol-sb-esrev0-ctr-fb877	otelcol_exporter_queue_capacity	1001
1781256906	snap	3600	otelcol	otelcol-sb-esrev0-ctr-fb877	otelcol_exporter_sent_spans	1583577
1781256906	snap	3600	otelcol	otelcol-sb-esrev0-ctr-fb877	otelcol_exporter_queue_batch_send_size_sum	1589321
1781256906	snap	3600	otelcol	otelcol-sb-esrev0-ctr-fb877	otelcol_processor_incoming_items	1593161
1781256906	snap	3600	otelcol	otelcol-sb-esrev0-ctr-fb877	otelcol_receiver_failed_spans	0
1781256906	snap	3600	otelcol	otelcol-sb-esrev0-ctr-fb877	otelcol_processor_batch_batch_send_size_sum	1589321
1781256906	snap	3600	otelcol	otelcol-sb-esrev0-ctr-fb877	otelcol_processor_outgoing_items	1589321
1781256906	snap	3600	otelcol	otelcol-sb-esrev0-ctr-fb877	otelcol_processor_batch_metadata_cardinality	1
1781256906	snap	3600	otelcol	otelcol-sb-esrev0-ctr-fb877	otelcol_process_runtime_total_sys_memory_bytes	145656088
1781256906	snap	3600	otelcol	otelcol-sb-esrev0-ctr-fb877	otelcol_exporter_queue_size	7
1781256906	snap	3600	otelcol	otelcol-sb-esrev0-ctr-fb877	otelcol_processor_batch_timeout_trigger_send	3060
1781256906	snap	3600	otelcol	otelcol-sb-esrev0-ctr-fb877	otelcol_receiver_refused_spans	3840
1781256906	snap	3600	otelcol	otelcol-sb-esrev0-ctr-fb877	otelcol_receiver_accepted_spans	1589321
1781256906	snap	3600	otelcol	otelcol-sb-esrev0-ctr-fb877	otelcol_process_runtime_total_alloc_bytes	1200540768
1781256906	snap	3600	otelcol	otelcol-sb-esrev0-ctr-fb877	otelcol_process_memory_rss	238116864
1781256906	snap	3600	otelcol	otelcol-sb-esrev0-ctr-b7q4j	otelcol_processor_batch_timeout_trigger_send	3064
1781256906	snap	3600	otelcol	otelcol-sb-esrev0-ctr-b7q4j	otelcol_exporter_queue_capacity	1001
1781256906	snap	3600	otelcol	otelcol-sb-esrev0-ctr-b7q4j	otelcol_receiver_failed_spans	0
1781256906	snap	3600	otelcol	otelcol-sb-esrev0-ctr-b7q4j	otelcol_processor_batch_batch_send_size_sum	1704662
1781256906	snap	3600	otelcol	otelcol-sb-esrev0-ctr-b7q4j	otelcol_exporter_queue_batch_send_size_sum	1704662
1781256906	snap	3600	otelcol	otelcol-sb-esrev0-ctr-b7q4j	otelcol_process_runtime_heap_alloc_bytes	102333360
1781256906	snap	3600	otelcol	otelcol-sb-esrev0-ctr-b7q4j	otelcol_process_cpu_seconds	38
1781256906	snap	3600	otelcol	otelcol-sb-esrev0-ctr-b7q4j	otelcol_exporter_send_failed_spans	0
1781256906	snap	3600	otelcol	otelcol-sb-esrev0-ctr-b7q4j	otelcol_process_memory_rss	266571776
1781256906	snap	3600	otelcol	otelcol-sb-esrev0-ctr-b7q4j	otelcol_exporter_sent_spans	1618863
1781256906	snap	3600	otelcol	otelcol-sb-esrev0-ctr-b7q4j	otelcol_processor_incoming_items	1705861
1781256906	snap	3600	otelcol	otelcol-sb-esrev0-ctr-b7q4j	otelcol_process_uptime	785
1781256906	snap	3600	otelcol	otelcol-sb-esrev0-ctr-b7q4j	otelcol_process_runtime_total_alloc_bytes	1236506448
1781256906	snap	3600	otelcol	otelcol-sb-esrev0-ctr-b7q4j	otelcol_receiver_refused_spans	1199
1781256906	snap	3600	otelcol	otelcol-sb-esrev0-ctr-b7q4j	otelcol_processor_outgoing_items	1704662
1781256906	snap	3600	otelcol	otelcol-sb-esrev0-ctr-b7q4j	otelcol_receiver_accepted_spans	1704662
1781256906	snap	3600	otelcol	otelcol-sb-esrev0-ctr-b7q4j	otelcol_processor_batch_metadata_cardinality	1
1781256906	snap	3600	otelcol	otelcol-sb-esrev0-ctr-b7q4j	otelcol_process_runtime_total_sys_memory_bytes	132393240
1781256906	snap	3600	otelcol	otelcol-sb-esrev0-ctr-b7q4j	otelcol_exporter_queue_size	105
1781256906	snap	3600	k8s	otelcol-sb-esrev0-ctr-4qc2z	restart_count	0
1781256906	snap	3600	k8s	otelcol-sb-esrev0-ctr-b7q4j	restart_count	0
1781256906	snap	3600	k8s	otelcol-sb-esrev0-ctr-f8wkx	restart_count	0
1781256906	snap	3600	k8s	otelcol-sb-esrev0-ctr-fb877	restart_count	0
1781256906	snap	3600	k8s	otelcol-sb-esrev0-ctr-knvlf	restart_count	0
1781256906	snap	3600	k8s	otelcol-sb-esrev0-ctr-lbwgk	restart_count	0
1781256906	snap	3600	k8s	otelcol-sb-esrev0-ctr-r2dsm	restart_count	0
1781256906	snap	3600	k8s	otelcol-sb-esrev0-ctr-s4p4v	restart_count	0
1781256906	snap	3600	k8s	otelcol-sb-esrev0-ctr-stlt9	restart_count	0
1781256906	snap	3600	sdk	wrk2api	spans_received	295797
1781256906	snap	3600	sdk	wrk2api	spans_sent	295797
1781256906	snap	3600	sdk	wrk2api	spans_dropped	0
1781256906	snap	3600	sdk	wrk2api	spans_flushed	295797
1781256906	snap	3600	sdk	wrk2api	batches_sent	12026
1781256906	snap	3600	sdk	wrk2api	batches_dropped	0
1781256906	snap	3600	sdk	wrk2api	send_unavailable	0
1781256906	snap	3600	sdk	wrk2api	send_deadline	0
1781256906	snap	3600	sdk	wrk2api	send_exhausted	0
1781256906	snap	3600	sdk	wrk2api	send_canceled	0
1781256906	snap	3600	sdk	wrk2api	send_other	0
1781256906	snap	3600	sdk	wrk2api	buffer_depth	0
0
1781256906	snap	3600	sdk	wrk2api	cp_received	147898
1781256906	snap	3600	sdk	wrk2api	lp_received	147899
1781256906	snap	3600	sdk	wrk2api	cp_sent	147898
1781256906	snap	3600	sdk	wrk2api	lp_sent	147899
1781256906	snap	3600	sdk	wrk2api	cp_dropped	0
1781256906	snap	3600	sdk	wrk2api	lp_dropped	0
1781256906	snap	3600	sdk	composepost	spans_received	10360471
1781256906	snap	3600	sdk	composepost	spans_sent	7540609
1781256906	snap	3600	sdk	composepost	spans_dropped	2819862
1781256906	snap	3600	sdk	composepost	spans_flushed	10360471
1781256906	snap	3600	sdk	composepost	batches_sent	37678
1781256906	snap	3600	sdk	composepost	batches_dropped	9106
1781256906	snap	3600	sdk	composepost	send_unavailable	9106
1781256906	snap	3600	sdk	composepost	send_deadline	0
1781256906	snap	3600	sdk	composepost	send_exhausted	0
1781256906	snap	3600	sdk	composepost	send_canceled	0
1781256906	snap	3600	sdk	composepost	send_other	0
1781256906	snap	3600	sdk	composepost	buffer_depth	0
0
1781256906	snap	3600	sdk	composepost	cp_received	0
1781256906	snap	3600	sdk	composepost	lp_received	10360471
1781256906	snap	3600	sdk	composepost	cp_sent	0
1781256906	snap	3600	sdk	composepost	lp_sent	7540609
1781256906	snap	3600	sdk	composepost	cp_dropped	0
1781256906	snap	3600	sdk	composepost	lp_dropped	2819862
1781256906	snap	3600	sdk	hometimeline	spans_received	2590102
1781256906	snap	3600	sdk	hometimeline	spans_sent	2188548
1781256906	snap	3600	sdk	hometimeline	spans_dropped	401554
1781256906	snap	3600	sdk	hometimeline	spans_flushed	2590102
1781256906	snap	3600	sdk	hometimeline	batches_sent	10427
1781256906	snap	3600	sdk	hometimeline	batches_dropped	1291
1781256906	snap	3600	sdk	hometimeline	send_unavailable	1291
1781256906	snap	3600	sdk	hometimeline	send_deadline	0
1781256906	snap	3600	sdk	hometimeline	send_exhausted	0
1781256906	snap	3600	sdk	hometimeline	send_canceled	0
1781256906	snap	3600	sdk	hometimeline	send_other	0
1781256906	snap	3600	sdk	hometimeline	buffer_depth	0
0
1781256906	snap	3600	sdk	hometimeline	cp_received	1295051
1781256906	snap	3600	sdk	hometimeline	lp_received	1295051
1781256906	snap	3600	sdk	hometimeline	cp_sent	1245860
1781256906	snap	3600	sdk	hometimeline	lp_sent	942688
1781256906	snap	3600	sdk	hometimeline	cp_dropped	49191
1781256906	snap	3600	sdk	hometimeline	lp_dropped	352363
1781256906	snap	3600	sdk	media	spans_received	1295060
1781256906	snap	3600	sdk	media	spans_sent	1252278
1781256906	snap	3600	sdk	media	spans_dropped	42782
1781256906	snap	3600	sdk	media	spans_flushed	1295060
1781256906	snap	3600	sdk	media	batches_sent	5696
1781256906	snap	3600	sdk	media	batches_dropped	134
1781256906	snap	3600	sdk	media	send_unavailable	134
1781256906	snap	3600	sdk	media	send_deadline	0
1781256906	snap	3600	sdk	media	send_exhausted	0
1781256906	snap	3600	sdk	media	send_canceled	0
1781256906	snap	3600	sdk	media	send_other	0
1781256906	snap	3600	sdk	media	buffer_depth	0
0
1781256906	snap	3600	sdk	media	cp_received	1295060
1781256906	snap	3600	sdk	media	lp_received	0
1781256906	snap	3600	sdk	media	cp_sent	1252278
1781256906	snap	3600	sdk	media	lp_sent	0
1781256906	snap	3600	sdk	media	cp_dropped	42782
1781256906	snap	3600	sdk	media	lp_dropped	0
1781256906	snap	3600	sdk	post-storage	spans_received	1295051
1781256906	snap	3600	sdk	post-storage	spans_sent	1295051
1781256906	snap	3600	sdk	post-storage	spans_dropped	0
1781256906	snap	3600	sdk	post-storage	spans_flushed	1295051
1781256906	snap	3600	sdk	post-storage	batches_sent	5840
1781256906	snap	3600	sdk	post-storage	batches_dropped	0
1781256906	snap	3600	sdk	post-storage	send_unavailable	0
1781256906	snap	3600	sdk	post-storage	send_deadline	0
1781256906	snap	3600	sdk	post-storage	send_exhausted	0
1781256906	snap	3600	sdk	post-storage	send_canceled	0
1781256906	snap	3600	sdk	post-storage	send_other	0
1781256906	snap	3600	sdk	post-storage	buffer_depth	0
0
1781256906	snap	3600	sdk	post-storage	cp_received	1295051
1781256906	snap	3600	sdk	post-storage	lp_received	0
1781256906	snap	3600	sdk	post-storage	cp_sent	1295051
1781256906	snap	3600	sdk	post-storage	lp_sent	0
1781256906	snap	3600	sdk	post-storage	cp_dropped	0
1781256906	snap	3600	sdk	post-storage	lp_dropped	0
1781256906	snap	3600	sdk	socialgraph	spans_received	1408885
1781256906	snap	3600	sdk	socialgraph	spans_sent	1408885
1781256906	snap	3600	sdk	socialgraph	spans_dropped	0
1781256906	snap	3600	sdk	socialgraph	spans_flushed	1408885
1781256906	snap	3600	sdk	socialgraph	batches_sent	6334
1781256906	snap	3600	sdk	socialgraph	batches_dropped	0
1781256906	snap	3600	sdk	socialgraph	send_unavailable	0
1781256906	snap	3600	sdk	socialgraph	send_deadline	0
1781256906	snap	3600	sdk	socialgraph	send_exhausted	0
1781256906	snap	3600	sdk	socialgraph	send_canceled	0
1781256906	snap	3600	sdk	socialgraph	send_other	0
1781256906	snap	3600	sdk	socialgraph	buffer_depth	0
0
1781256906	snap	3600	sdk	socialgraph	cp_received	1296013
1781256906	snap	3600	sdk	socialgraph	lp_received	112872
1781256906	snap	3600	sdk	socialgraph	cp_sent	1296013
1781256906	snap	3600	sdk	socialgraph	lp_sent	112872
1781256906	snap	3600	sdk	socialgraph	cp_dropped	0
1781256906	snap	3600	sdk	socialgraph	lp_dropped	0
1781256906	snap	3600	sdk	text	spans_received	3885198
1781256906	snap	3600	sdk	text	spans_sent	3329778
1781256906	snap	3600	sdk	text	spans_dropped	555420
1781256906	snap	3600	sdk	text	spans_flushed	3885198
1781256906	snap	3600	sdk	text	batches_sent	15735
1781256906	snap	3600	sdk	text	batches_dropped	1748
1781256906	snap	3600	sdk	text	send_unavailable	1748
1781256906	snap	3600	sdk	text	send_deadline	0
1781256906	snap	3600	sdk	text	send_exhausted	0
1781256906	snap	3600	sdk	text	send_canceled	0
1781256906	snap	3600	sdk	text	send_other	0
1781256906	snap	3600	sdk	text	buffer_depth	0
0
1781256906	snap	3600	sdk	text	cp_received	1295060
1781256906	snap	3600	sdk	text	lp_received	2590138
1781256906	snap	3600	sdk	text	cp_sent	1252631
1781256906	snap	3600	sdk	text	lp_sent	2077147
1781256906	snap	3600	sdk	text	cp_dropped	42429
1781256906	snap	3600	sdk	text	lp_dropped	512991
1781256906	snap	3600	sdk	uniqueid	spans_received	1295060
1781256906	snap	3600	sdk	uniqueid	spans_sent	1291453
1781256906	snap	3600	sdk	uniqueid	spans_dropped	3607
1781256906	snap	3600	sdk	uniqueid	spans_flushed	1295060
1781256906	snap	3600	sdk	uniqueid	batches_sent	5826
1781256906	snap	3600	sdk	uniqueid	batches_dropped	13
1781256906	snap	3600	sdk	uniqueid	send_unavailable	13
1781256906	snap	3600	sdk	uniqueid	send_deadline	0
1781256906	snap	3600	sdk	uniqueid	send_exhausted	0
1781256906	snap	3600	sdk	uniqueid	send_canceled	0
1781256906	snap	3600	sdk	uniqueid	send_other	0
1781256906	snap	3600	sdk	uniqueid	buffer_depth	0
0
1781256906	snap	3600	sdk	uniqueid	cp_received	1295060
1781256906	snap	3600	sdk	uniqueid	lp_received	0
1781256906	snap	3600	sdk	uniqueid	cp_sent	1291453
1781256906	snap	3600	sdk	uniqueid	lp_sent	0
1781256906	snap	3600	sdk	uniqueid	cp_dropped	3607
1781256906	snap	3600	sdk	uniqueid	lp_dropped	0
1781256906	snap	3600	sdk	urlshorten	spans_received	1295060
1781256906	snap	3600	sdk	urlshorten	spans_sent	1295060
1781256906	snap	3600	sdk	urlshorten	spans_dropped	0
1781256906	snap	3600	sdk	urlshorten	spans_flushed	1295060
1781256906	snap	3600	sdk	urlshorten	batches_sent	5833
1781256906	snap	3600	sdk	urlshorten	batches_dropped	0
1781256906	snap	3600	sdk	urlshorten	send_unavailable	0
1781256906	snap	3600	sdk	urlshorten	send_deadline	0
1781256906	snap	3600	sdk	urlshorten	send_exhausted	0
1781256906	snap	3600	sdk	urlshorten	send_canceled	0
1781256906	snap	3600	sdk	urlshorten	send_other	0
1781256906	snap	3600	sdk	urlshorten	buffer_depth	0
0
1781256906	snap	3600	sdk	urlshorten	cp_received	1295060
1781256906	snap	3600	sdk	urlshorten	lp_received	0
1781256906	snap	3600	sdk	urlshorten	cp_sent	1295060
1781256906	snap	3600	sdk	urlshorten	lp_sent	0
1781256906	snap	3600	sdk	urlshorten	cp_dropped	0
1781256906	snap	3600	sdk	urlshorten	lp_dropped	0
1781256906	snap	3600	sdk	user	spans_received	1296984
1781256906	snap	3600	sdk	user	spans_sent	1296984
1781256906	snap	3600	sdk	user	spans_dropped	0
1781256906	snap	3600	sdk	user	spans_flushed	1296984
1781256906	snap	3600	sdk	user	batches_sent	5854
1781256906	snap	3600	sdk	user	batches_dropped	0
1781256906	snap	3600	sdk	user	send_unavailable	0
1781256906	snap	3600	sdk	user	send_deadline	0
1781256906	snap	3600	sdk	user	send_exhausted	0
1781256906	snap	3600	sdk	user	send_canceled	0
1781256906	snap	3600	sdk	user	send_other	0
1781256906	snap	3600	sdk	user	buffer_depth	0
0
1781256906	snap	3600	sdk	user	cp_received	1295060
1781256906	snap	3600	sdk	user	lp_received	1924
1781256906	snap	3600	sdk	user	cp_sent	1295060
1781256906	snap	3600	sdk	user	lp_sent	1924
1781256906	snap	3600	sdk	user	cp_dropped	0
1781256906	snap	3600	sdk	user	lp_dropped	0
1781256906	snap	3600	sdk	userid	spans_received	75248
1781256906	snap	3600	sdk	userid	spans_sent	75248
1781256906	snap	3600	sdk	userid	spans_dropped	0
1781256906	snap	3600	sdk	userid	spans_flushed	75248
1781256906	snap	3600	sdk	userid	batches_sent	239
1781256906	snap	3600	sdk	userid	batches_dropped	0
1781256906	snap	3600	sdk	userid	send_unavailable	0
1781256906	snap	3600	sdk	userid	send_deadline	0
1781256906	snap	3600	sdk	userid	send_exhausted	0
1781256906	snap	3600	sdk	userid	send_canceled	0
1781256906	snap	3600	sdk	userid	send_other	0
1781256906	snap	3600	sdk	userid	buffer_depth	0
0
1781256906	snap	3600	sdk	userid	cp_received	75248
1781256906	snap	3600	sdk	userid	lp_received	0
1781256906	snap	3600	sdk	userid	cp_sent	75248
1781256906	snap	3600	sdk	userid	lp_sent	0
1781256906	snap	3600	sdk	userid	cp_dropped	0
1781256906	snap	3600	sdk	userid	lp_dropped	0
1781256906	snap	3600	sdk	usermention	spans_received	1295060
1781256906	snap	3600	sdk	usermention	spans_sent	1291570
1781256906	snap	3600	sdk	usermention	spans_dropped	3490
1781256906	snap	3600	sdk	usermention	spans_flushed	1295060
1781256906	snap	3600	sdk	usermention	batches_sent	5824
1781256906	snap	3600	sdk	usermention	batches_dropped	14
1781256906	snap	3600	sdk	usermention	send_unavailable	14
1781256906	snap	3600	sdk	usermention	send_deadline	0
1781256906	snap	3600	sdk	usermention	send_exhausted	0
1781256906	snap	3600	sdk	usermention	send_canceled	0
1781256906	snap	3600	sdk	usermention	send_other	0
1781256906	snap	3600	sdk	usermention	buffer_depth	0
0
1781256906	snap	3600	sdk	usermention	cp_received	1295060
1781256906	snap	3600	sdk	usermention	lp_received	0
1781256906	snap	3600	sdk	usermention	cp_sent	1291570
1781256906	snap	3600	sdk	usermention	lp_sent	0
1781256906	snap	3600	sdk	usermention	cp_dropped	3490
1781256906	snap	3600	sdk	usermention	lp_dropped	0
1781256906	snap	3600	sdk	usertimeline	spans_received	1295051
1781256906	snap	3600	sdk	usertimeline	spans_sent	1295051
1781256906	snap	3600	sdk	usertimeline	spans_dropped	0
1781256906	snap	3600	sdk	usertimeline	spans_flushed	1295051
1781256906	snap	3600	sdk	usertimeline	batches_sent	5803
1781256906	snap	3600	sdk	usertimeline	batches_dropped	0
1781256906	snap	3600	sdk	usertimeline	send_unavailable	0
1781256906	snap	3600	sdk	usertimeline	send_deadline	0
1781256906	snap	3600	sdk	usertimeline	send_exhausted	0
1781256906	snap	3600	sdk	usertimeline	send_canceled	0
1781256906	snap	3600	sdk	usertimeline	send_other	0
1781256906	snap	3600	sdk	usertimeline	buffer_depth	0
0
1781256906	snap	3600	sdk	usertimeline	cp_received	1295051
1781256906	snap	3600	sdk	usertimeline	lp_received	0
1781256906	snap	3600	sdk	usertimeline	cp_sent	1295051
1781256906	snap	3600	sdk	usertimeline	lp_sent	0
1781256906	snap	3600	sdk	usertimeline	cp_dropped	0
1781256906	snap	3600	sdk	usertimeline	lp_dropped	0
1781256974	snap	3600	otelcol	otelcol-sb-esrev0-ctr-s4p4v	otelcol_exporter_queue_size	14
1781256974	snap	3600	otelcol	otelcol-sb-esrev0-ctr-s4p4v	otelcol_process_cpu_seconds	45
1781256974	snap	3600	otelcol	otelcol-sb-esrev0-ctr-s4p4v	otelcol_processor_batch_batch_send_size_sum	1844433
1781256974	snap	3600	otelcol	otelcol-sb-esrev0-ctr-s4p4v	otelcol_process_runtime_total_alloc_bytes	1337004000
1781256974	snap	3600	otelcol	otelcol-sb-esrev0-ctr-s4p4v	otelcol_exporter_send_failed_spans	0
1781256974	snap	3600	otelcol	otelcol-sb-esrev0-ctr-s4p4v	otelcol_receiver_failed_spans	0
1781256974	snap	3600	otelcol	otelcol-sb-esrev0-ctr-s4p4v	otelcol_processor_outgoing_items	1844433
1781256974	snap	3600	otelcol	otelcol-sb-esrev0-ctr-s4p4v	otelcol_receiver_accepted_spans	1844433
1781256974	snap	3600	otelcol	otelcol-sb-esrev0-ctr-s4p4v	otelcol_exporter_queue_batch_send_size_sum	1844433
1781256974	snap	3600	otelcol	otelcol-sb-esrev0-ctr-s4p4v	otelcol_receiver_refused_spans	2058
1781256974	snap	3600	otelcol	otelcol-sb-esrev0-ctr-s4p4v	otelcol_process_uptime	850
1781256974	snap	3600	otelcol	otelcol-sb-esrev0-ctr-s4p4v	otelcol_exporter_sent_spans	1831450
1781256974	snap	3600	otelcol	otelcol-sb-esrev0-ctr-s4p4v	otelcol_processor_batch_metadata_cardinality	1
1781256974	snap	3600	otelcol	otelcol-sb-esrev0-ctr-s4p4v	otelcol_processor_batch_timeout_trigger_send	3350
1781256974	snap	3600	otelcol	otelcol-sb-esrev0-ctr-s4p4v	otelcol_process_runtime_heap_alloc_bytes	71989208
1781256974	snap	3600	otelcol	otelcol-sb-esrev0-ctr-s4p4v	otelcol_processor_incoming_items	1846491
1781256974	snap	3600	otelcol	otelcol-sb-esrev0-ctr-s4p4v	otelcol_process_runtime_total_sys_memory_bytes	149805352
1781256974	snap	3600	otelcol	otelcol-sb-esrev0-ctr-s4p4v	otelcol_process_memory_rss	242618368
1781256974	snap	3600	otelcol	otelcol-sb-esrev0-ctr-s4p4v	otelcol_exporter_queue_capacity	1001
1781256974	snap	3600	otelcol	otelcol-sb-esrev0-ctr-lbwgk	otelcol_receiver_refused_spans	0
1781256974	snap	3600	otelcol	otelcol-sb-esrev0-ctr-lbwgk	otelcol_process_uptime	849
1781256974	snap	3600	otelcol	otelcol-sb-esrev0-ctr-lbwgk	otelcol_exporter_queue_size	15
1781256974	snap	3600	otelcol	otelcol-sb-esrev0-ctr-lbwgk	otelcol_exporter_queue_batch_send_size_sum	341947
1781256974	snap	3600	otelcol	otelcol-sb-esrev0-ctr-lbwgk	otelcol_processor_outgoing_items	341947
1781256974	snap	3600	otelcol	otelcol-sb-esrev0-ctr-lbwgk	otelcol_process_runtime_total_alloc_bytes	468283640
1781256974	snap	3600	otelcol	otelcol-sb-esrev0-ctr-lbwgk	otelcol_processor_batch_batch_send_size_sum	341947
1781256974	snap	3600	otelcol	otelcol-sb-esrev0-ctr-lbwgk	otelcol_exporter_send_failed_spans	0
1781256974	snap	3600	otelcol	otelcol-sb-esrev0-ctr-lbwgk	otelcol_processor_batch_metadata_cardinality	1
1781256974	snap	3600	otelcol	otelcol-sb-esrev0-ctr-lbwgk	otelcol_process_memory_rss	219750400
1781256974	snap	3600	otelcol	otelcol-sb-esrev0-ctr-lbwgk	otelcol_receiver_accepted_spans	341947
1781256974	snap	3600	otelcol	otelcol-sb-esrev0-ctr-lbwgk	otelcol_processor_batch_timeout_trigger_send	3348
1781256974	snap	3600	otelcol	otelcol-sb-esrev0-ctr-lbwgk	otelcol_process_runtime_heap_alloc_bytes	46221440
1781256974	snap	3600	otelcol	otelcol-sb-esrev0-ctr-lbwgk	otelcol_process_cpu_seconds	32
1781256974	snap	3600	otelcol	otelcol-sb-esrev0-ctr-lbwgk	otelcol_processor_incoming_items	341947
1781256974	snap	3600	otelcol	otelcol-sb-esrev0-ctr-lbwgk	otelcol_process_runtime_total_sys_memory_bytes	84723992
1781256974	snap	3600	otelcol	otelcol-sb-esrev0-ctr-lbwgk	otelcol_exporter_sent_spans	339404
1781256974	snap	3600	otelcol	otelcol-sb-esrev0-ctr-lbwgk	otelcol_exporter_queue_capacity	1001
1781256974	snap	3600	otelcol	otelcol-sb-esrev0-ctr-lbwgk	otelcol_receiver_failed_spans	0
1781256974	snap	3600	otelcol	otelcol-sb-esrev0-ctr-4qc2z	otelcol_receiver_failed_spans	0
1781256974	snap	3600	otelcol	otelcol-sb-esrev0-ctr-4qc2z	otelcol_process_cpu_seconds	45
1781256974	snap	3600	otelcol	otelcol-sb-esrev0-ctr-4qc2z	otelcol_receiver_refused_spans	0
1781256974	snap	3600	otelcol	otelcol-sb-esrev0-ctr-4qc2z	otelcol_process_runtime_heap_alloc_bytes	45499312
1781256974	snap	3600	otelcol	otelcol-sb-esrev0-ctr-4qc2z	otelcol_process_memory_rss	236720128
1781256974	snap	3600	otelcol	otelcol-sb-esrev0-ctr-4qc2z	otelcol_exporter_send_failed_spans	0
1781256974	snap	3600	otelcol	otelcol-sb-esrev0-ctr-4qc2z	otelcol_process_runtime_total_alloc_bytes	1334554888
1781256974	snap	3600	otelcol	otelcol-sb-esrev0-ctr-4qc2z	otelcol_processor_batch_metadata_cardinality	1
1781256974	snap	3600	otelcol	otelcol-sb-esrev0-ctr-4qc2z	otelcol_processor_incoming_items	1846104
1781256974	snap	3600	otelcol	otelcol-sb-esrev0-ctr-4qc2z	otelcol_processor_batch_timeout_trigger_send	3356
1781256974	snap	3600	otelcol	otelcol-sb-esrev0-ctr-4qc2z	otelcol_processor_batch_batch_send_size_sum	1846104
1781256974	snap	3600	otelcol	otelcol-sb-esrev0-ctr-4qc2z	otelcol_process_runtime_total_sys_memory_bytes	123988248
1781256974	snap	3600	otelcol	otelcol-sb-esrev0-ctr-4qc2z	otelcol_exporter_sent_spans	1839295
1781256974	snap	3600	otelcol	otelcol-sb-esrev0-ctr-4qc2z	otelcol_receiver_accepted_spans	1846104
1781256974	snap	3600	otelcol	otelcol-sb-esrev0-ctr-4qc2z	otelcol_processor_outgoing_items	1846104
1781256974	snap	3600	otelcol	otelcol-sb-esrev0-ctr-4qc2z	otelcol_exporter_queue_size	8
1781256974	snap	3600	otelcol	otelcol-sb-esrev0-ctr-4qc2z	otelcol_exporter_queue_batch_send_size_sum	1846104
1781256974	snap	3600	otelcol	otelcol-sb-esrev0-ctr-4qc2z	otelcol_process_uptime	850
1781256974	snap	3600	otelcol	otelcol-sb-esrev0-ctr-4qc2z	otelcol_exporter_queue_capacity	1001
1781256974	snap	3600	otelcol	otelcol-sb-esrev0-ctr-stlt9	otelcol_processor_incoming_items	3349885
1781256974	snap	3600	otelcol	otelcol-sb-esrev0-ctr-stlt9	otelcol_receiver_accepted_spans	3169648
1781256974	snap	3600	otelcol	otelcol-sb-esrev0-ctr-stlt9	otelcol_processor_outgoing_items	3169648
1781256974	snap	3600	otelcol	otelcol-sb-esrev0-ctr-stlt9	otelcol_processor_batch_metadata_cardinality	1
1781256974	snap	3600	otelcol	otelcol-sb-esrev0-ctr-stlt9	otelcol_processor_batch_timeout_trigger_send	3259
1781256974	snap	3600	otelcol	otelcol-sb-esrev0-ctr-stlt9	otelcol_processor_batch_batch_send_size_sum	3169648
1781256974	snap	3600	otelcol	otelcol-sb-esrev0-ctr-stlt9	otelcol_process_memory_rss	319254528
1781256974	snap	3600	otelcol	otelcol-sb-esrev0-ctr-stlt9	otelcol_exporter_queue_capacity	1001
1781256974	snap	3600	otelcol	otelcol-sb-esrev0-ctr-stlt9	otelcol_exporter_sent_spans	2989622
1781256974	snap	3600	otelcol	otelcol-sb-esrev0-ctr-stlt9	otelcol_process_runtime_total_sys_memory_bytes	189905192
1781256974	snap	3600	otelcol	otelcol-sb-esrev0-ctr-stlt9	otelcol_exporter_queue_size	119
1781256974	snap	3600	otelcol	otelcol-sb-esrev0-ctr-stlt9	otelcol_receiver_refused_spans	180237
1781256974	snap	3600	otelcol	otelcol-sb-esrev0-ctr-stlt9	otelcol_receiver_failed_spans	0
1781256974	snap	3600	otelcol	otelcol-sb-esrev0-ctr-stlt9	otelcol_process_uptime	850
1781256974	snap	3600	otelcol	otelcol-sb-esrev0-ctr-stlt9	otelcol_process_runtime_heap_alloc_bytes	115960696
1781256974	snap	3600	otelcol	otelcol-sb-esrev0-ctr-stlt9	otelcol_exporter_send_failed_spans	0
1781256974	snap	3600	otelcol	otelcol-sb-esrev0-ctr-stlt9	otelcol_exporter_queue_batch_send_size_sum	3169648
1781256974	snap	3600	otelcol	otelcol-sb-esrev0-ctr-stlt9	otelcol_process_runtime_total_alloc_bytes	2206962928
1781256974	snap	3600	otelcol	otelcol-sb-esrev0-ctr-stlt9	otelcol_process_cpu_seconds	63
1781256974	snap	3600	otelcol	otelcol-sb-esrev0-ctr-f8wkx	otelcol_receiver_failed_spans	0
1781256974	snap	3600	otelcol	otelcol-sb-esrev0-ctr-f8wkx	otelcol_process_runtime_total_sys_memory_bytes	202754360
1781256974	snap	3600	otelcol	otelcol-sb-esrev0-ctr-f8wkx	otelcol_exporter_queue_size	136
1781256974	snap	3600	otelcol	otelcol-sb-esrev0-ctr-f8wkx	otelcol_process_runtime_total_alloc_bytes	3662048400
1781256974	snap	3600	otelcol	otelcol-sb-esrev0-ctr-f8wkx	otelcol_exporter_send_failed_spans	0
1781256974	snap	3600	otelcol	otelcol-sb-esrev0-ctr-f8wkx	otelcol_processor_batch_metadata_cardinality	1
1781256974	snap	3600	otelcol	otelcol-sb-esrev0-ctr-f8wkx	otelcol_exporter_queue_batch_send_size_sum	5176418
1781256974	snap	3600	otelcol	otelcol-sb-esrev0-ctr-f8wkx	otelcol_processor_batch_timeout_trigger_send	3198
1781256974	snap	3600	otelcol	otelcol-sb-esrev0-ctr-f8wkx	otelcol_processor_incoming_items	6434638
1781256974	snap	3600	otelcol	otelcol-sb-esrev0-ctr-f8wkx	otelcol_process_cpu_seconds	87
1781256974	snap	3600	otelcol	otelcol-sb-esrev0-ctr-f8wkx	otelcol_processor_batch_batch_send_size_sum	5176418
1781256974	snap	3600	otelcol	otelcol-sb-esrev0-ctr-f8wkx	otelcol_process_uptime	849
1781256974	snap	3600	otelcol	otelcol-sb-esrev0-ctr-f8wkx	otelcol_process_runtime_heap_alloc_bytes	124246424
1781256974	snap	3600	otelcol	otelcol-sb-esrev0-ctr-f8wkx	otelcol_exporter_sent_spans	4985339
1781256974	snap	3600	otelcol	otelcol-sb-esrev0-ctr-f8wkx	otelcol_receiver_refused_spans	1258220
1781256974	snap	3600	otelcol	otelcol-sb-esrev0-ctr-f8wkx	otelcol_processor_outgoing_items	5176418
1781256974	snap	3600	otelcol	otelcol-sb-esrev0-ctr-f8wkx	otelcol_receiver_accepted_spans	5176418
1781256974	snap	3600	otelcol	otelcol-sb-esrev0-ctr-f8wkx	otelcol_process_memory_rss	324644864
1781256974	snap	3600	otelcol	otelcol-sb-esrev0-ctr-f8wkx	otelcol_exporter_queue_capacity	1001
1781256974	snap	3600	otelcol	otelcol-sb-esrev0-ctr-r2dsm	otelcol_receiver_refused_spans	4864787
1781256974	snap	3600	otelcol	otelcol-sb-esrev0-ctr-r2dsm	otelcol_receiver_failed_spans	0
1781256974	snap	3600	otelcol	otelcol-sb-esrev0-ctr-r2dsm	otelcol_processor_outgoing_items	10514839
1781256974	snap	3600	otelcol	otelcol-sb-esrev0-ctr-r2dsm	otelcol_process_uptime	849
1781256974	snap	3600	otelcol	otelcol-sb-esrev0-ctr-r2dsm	otelcol_process_runtime_total_alloc_bytes	8473875824
1781256974	snap	3600	otelcol	otelcol-sb-esrev0-ctr-r2dsm	otelcol_process_memory_rss	309620736
1781256974	snap	3600	otelcol	otelcol-sb-esrev0-ctr-r2dsm	otelcol_exporter_send_failed_spans	0
1781256974	snap	3600	otelcol	otelcol-sb-esrev0-ctr-r2dsm	otelcol_exporter_queue_batch_send_size_sum	10514839
1781256974	snap	3600	otelcol	otelcol-sb-esrev0-ctr-r2dsm	otelcol_receiver_accepted_spans	10514839
1781256974	snap	3600	otelcol	otelcol-sb-esrev0-ctr-r2dsm	otelcol_processor_batch_metadata_cardinality	1
1781256974	snap	3600	otelcol	otelcol-sb-esrev0-ctr-r2dsm	otelcol_processor_batch_timeout_trigger_send	3237
1781256974	snap	3600	otelcol	otelcol-sb-esrev0-ctr-r2dsm	otelcol_processor_batch_batch_size_trigger_send	16
1781256974	snap	3600	otelcol	otelcol-sb-esrev0-ctr-r2dsm	otelcol_processor_batch_batch_send_size_sum	10514839
1781256974	snap	3600	otelcol	otelcol-sb-esrev0-ctr-r2dsm	otelcol_process_cpu_seconds	141
1781256974	snap	3600	otelcol	otelcol-sb-esrev0-ctr-r2dsm	otelcol_exporter_queue_capacity	1001
1781256974	snap	3600	otelcol	otelcol-sb-esrev0-ctr-r2dsm	otelcol_process_runtime_heap_alloc_bytes	81066152
1781256974	snap	3600	otelcol	otelcol-sb-esrev0-ctr-r2dsm	otelcol_exporter_sent_spans	10446833
1781256974	snap	3600	otelcol	otelcol-sb-esrev0-ctr-r2dsm	otelcol_exporter_queue_size	25
1781256974	snap	3600	otelcol	otelcol-sb-esrev0-ctr-r2dsm	otelcol_processor_incoming_items	15379626
1781256974	snap	3600	otelcol	otelcol-sb-esrev0-ctr-r2dsm	otelcol_process_runtime_total_sys_memory_bytes	209373496
1781256974	snap	3600	otelcol	otelcol-sb-esrev0-ctr-knvlf	otelcol_receiver_accepted_spans	1844830
1781256974	snap	3600	otelcol	otelcol-sb-esrev0-ctr-knvlf	otelcol_process_runtime_total_sys_memory_bytes	136276248
1781256974	snap	3600	otelcol	otelcol-sb-esrev0-ctr-knvlf	otelcol_process_runtime_heap_alloc_bytes	65616336
1781256974	snap	3600	otelcol	otelcol-sb-esrev0-ctr-knvlf	otelcol_processor_batch_metadata_cardinality	1
1781256974	snap	3600	otelcol	otelcol-sb-esrev0-ctr-knvlf	otelcol_processor_batch_timeout_trigger_send	3351
1781256974	snap	3600	otelcol	otelcol-sb-esrev0-ctr-knvlf	otelcol_processor_batch_batch_send_size_sum	1844830
1781256974	snap	3600	otelcol	otelcol-sb-esrev0-ctr-knvlf	otelcol_process_cpu_seconds	47
1781256974	snap	3600	otelcol	otelcol-sb-esrev0-ctr-knvlf	otelcol_exporter_queue_capacity	1001
1781256974	snap	3600	otelcol	otelcol-sb-esrev0-ctr-knvlf	otelcol_exporter_queue_batch_send_size_sum	1844830
1781256974	snap	3600	otelcol	otelcol-sb-esrev0-ctr-knvlf	otelcol_receiver_refused_spans	1951
1781256974	snap	3600	otelcol	otelcol-sb-esrev0-ctr-knvlf	otelcol_process_memory_rss	240263168
1781256974	snap	3600	otelcol	otelcol-sb-esrev0-ctr-knvlf	otelcol_process_uptime	850
1781256974	snap	3600	otelcol	otelcol-sb-esrev0-ctr-knvlf	otelcol_process_runtime_total_alloc_bytes	1338230264
1781256974	snap	3600	otelcol	otelcol-sb-esrev0-ctr-knvlf	otelcol_exporter_sent_spans	1817013
1781256974	snap	3600	otelcol	otelcol-sb-esrev0-ctr-knvlf	otelcol_exporter_queue_size	30
1781256974	snap	3600	otelcol	otelcol-sb-esrev0-ctr-knvlf	otelcol_processor_incoming_items	1846781
1781256974	snap	3600	otelcol	otelcol-sb-esrev0-ctr-knvlf	otelcol_receiver_failed_spans	0
1781256974	snap	3600	otelcol	otelcol-sb-esrev0-ctr-knvlf	otelcol_processor_outgoing_items	1844830
1781256974	snap	3600	otelcol	otelcol-sb-esrev0-ctr-knvlf	otelcol_exporter_send_failed_spans	0
1781256974	snap	3600	otelcol	otelcol-sb-esrev0-ctr-fb877	otelcol_exporter_send_failed_spans	0
1781256974	snap	3600	otelcol	otelcol-sb-esrev0-ctr-fb877	otelcol_process_uptime	850
1781256974	snap	3600	otelcol	otelcol-sb-esrev0-ctr-fb877	otelcol_process_runtime_heap_alloc_bytes	34933064
1781256974	snap	3600	otelcol	otelcol-sb-esrev0-ctr-fb877	otelcol_process_cpu_seconds	44
1781256974	snap	3600	otelcol	otelcol-sb-esrev0-ctr-fb877	otelcol_exporter_queue_capacity	1001
1781256974	snap	3600	otelcol	otelcol-sb-esrev0-ctr-fb877	otelcol_exporter_sent_spans	1837037
1781256974	snap	3600	otelcol	otelcol-sb-esrev0-ctr-fb877	otelcol_exporter_queue_batch_send_size_sum	1844640
1781256974	snap	3600	otelcol	otelcol-sb-esrev0-ctr-fb877	otelcol_processor_incoming_items	1848480
1781256974	snap	3600	otelcol	otelcol-sb-esrev0-ctr-fb877	otelcol_receiver_failed_spans	0
1781256974	snap	3600	otelcol	otelcol-sb-esrev0-ctr-fb877	otelcol_processor_batch_batch_send_size_sum	1844640
1781256974	snap	3600	otelcol	otelcol-sb-esrev0-ctr-fb877	otelcol_processor_outgoing_items	1844640
1781256974	snap	3600	otelcol	otelcol-sb-esrev0-ctr-fb877	otelcol_processor_batch_metadata_cardinality	1
1781256974	snap	3600	otelcol	otelcol-sb-esrev0-ctr-fb877	otelcol_process_runtime_total_sys_memory_bytes	145664280
1781256974	snap	3600	otelcol	otelcol-sb-esrev0-ctr-fb877	otelcol_exporter_queue_size	9
1781256974	snap	3600	otelcol	otelcol-sb-esrev0-ctr-fb877	otelcol_processor_batch_timeout_trigger_send	3360
1781256974	snap	3600	otelcol	otelcol-sb-esrev0-ctr-fb877	otelcol_receiver_refused_spans	3840
1781256974	snap	3600	otelcol	otelcol-sb-esrev0-ctr-fb877	otelcol_receiver_accepted_spans	1844640
1781256974	snap	3600	otelcol	otelcol-sb-esrev0-ctr-fb877	otelcol_process_runtime_total_alloc_bytes	1383514168
1781256974	snap	3600	otelcol	otelcol-sb-esrev0-ctr-fb877	otelcol_process_memory_rss	235470848
1781256974	snap	3600	otelcol	otelcol-sb-esrev0-ctr-b7q4j	otelcol_processor_batch_timeout_trigger_send	3364
1781256974	snap	3600	otelcol	otelcol-sb-esrev0-ctr-b7q4j	otelcol_exporter_queue_capacity	1001
1781256974	snap	3600	otelcol	otelcol-sb-esrev0-ctr-b7q4j	otelcol_receiver_failed_spans	0
1781256974	snap	3600	otelcol	otelcol-sb-esrev0-ctr-b7q4j	otelcol_processor_batch_batch_send_size_sum	1957806
1781256974	snap	3600	otelcol	otelcol-sb-esrev0-ctr-b7q4j	otelcol_exporter_queue_batch_send_size_sum	1957806
1781256974	snap	3600	otelcol	otelcol-sb-esrev0-ctr-b7q4j	otelcol_process_runtime_heap_alloc_bytes	36347408
1781256974	snap	3600	otelcol	otelcol-sb-esrev0-ctr-b7q4j	otelcol_process_cpu_seconds	44
1781256974	snap	3600	otelcol	otelcol-sb-esrev0-ctr-b7q4j	otelcol_exporter_send_failed_spans	0
1781256974	snap	3600	otelcol	otelcol-sb-esrev0-ctr-b7q4j	otelcol_process_memory_rss	246902784
1781256974	snap	3600	otelcol	otelcol-sb-esrev0-ctr-b7q4j	otelcol_exporter_sent_spans	1949879
1781256974	snap	3600	otelcol	otelcol-sb-esrev0-ctr-b7q4j	otelcol_processor_incoming_items	1961098
1781256974	snap	3600	otelcol	otelcol-sb-esrev0-ctr-b7q4j	otelcol_process_uptime	853
1781256974	snap	3600	otelcol	otelcol-sb-esrev0-ctr-b7q4j	otelcol_process_runtime_total_alloc_bytes	1412828464
1781256974	snap	3600	otelcol	otelcol-sb-esrev0-ctr-b7q4j	otelcol_receiver_refused_spans	3292
1781256974	snap	3600	otelcol	otelcol-sb-esrev0-ctr-b7q4j	otelcol_processor_outgoing_items	1957806
1781256974	snap	3600	otelcol	otelcol-sb-esrev0-ctr-b7q4j	otelcol_receiver_accepted_spans	1957806
1781256974	snap	3600	otelcol	otelcol-sb-esrev0-ctr-b7q4j	otelcol_processor_batch_metadata_cardinality	1
1781256974	snap	3600	otelcol	otelcol-sb-esrev0-ctr-b7q4j	otelcol_process_runtime_total_sys_memory_bytes	149883160
1781256974	snap	3600	otelcol	otelcol-sb-esrev0-ctr-b7q4j	otelcol_exporter_queue_size	10
1781256974	snap	3600	k8s	otelcol-sb-esrev0-ctr-4qc2z	restart_count	0
1781256974	snap	3600	k8s	otelcol-sb-esrev0-ctr-b7q4j	restart_count	0
1781256974	snap	3600	k8s	otelcol-sb-esrev0-ctr-f8wkx	restart_count	0
1781256974	snap	3600	k8s	otelcol-sb-esrev0-ctr-fb877	restart_count	0
1781256974	snap	3600	k8s	otelcol-sb-esrev0-ctr-knvlf	restart_count	0
1781256974	snap	3600	k8s	otelcol-sb-esrev0-ctr-lbwgk	restart_count	0
1781256974	snap	3600	k8s	otelcol-sb-esrev0-ctr-r2dsm	restart_count	0
1781256974	snap	3600	k8s	otelcol-sb-esrev0-ctr-s4p4v	restart_count	0
1781256974	snap	3600	k8s	otelcol-sb-esrev0-ctr-stlt9	restart_count	0
1781256974	snap	3600	sdk	wrk2api	spans_received	341947
1781256974	snap	3600	sdk	wrk2api	spans_sent	341947
1781256974	snap	3600	sdk	wrk2api	spans_dropped	0
1781256974	snap	3600	sdk	wrk2api	spans_flushed	341947
1781256974	snap	3600	sdk	wrk2api	batches_sent	13230
1781256974	snap	3600	sdk	wrk2api	batches_dropped	0
1781256974	snap	3600	sdk	wrk2api	send_unavailable	0
1781256974	snap	3600	sdk	wrk2api	send_deadline	0
1781256974	snap	3600	sdk	wrk2api	send_exhausted	0
1781256974	snap	3600	sdk	wrk2api	send_canceled	0
1781256974	snap	3600	sdk	wrk2api	send_other	0
1781256974	snap	3600	sdk	wrk2api	buffer_depth	0
0
1781256974	snap	3600	sdk	wrk2api	cp_received	170973
1781256974	snap	3600	sdk	wrk2api	lp_received	170974
1781256974	snap	3600	sdk	wrk2api	cp_sent	170973
1781256974	snap	3600	sdk	wrk2api	lp_sent	170974
1781256974	snap	3600	sdk	wrk2api	cp_dropped	0
1781256974	snap	3600	sdk	wrk2api	lp_dropped	0
1781256974	snap	3600	sdk	composepost	spans_received	12030223
1781256974	snap	3600	sdk	composepost	spans_sent	7838757
1781256974	snap	3600	sdk	composepost	spans_dropped	4191466
1781256974	snap	3600	sdk	composepost	spans_flushed	12030223
1781256974	snap	3600	sdk	composepost	batches_sent	38648
1781256974	snap	3600	sdk	composepost	batches_dropped	13475
1781256974	snap	3600	sdk	composepost	send_unavailable	13475
1781256974	snap	3600	sdk	composepost	send_deadline	0
1781256974	snap	3600	sdk	composepost	send_exhausted	0
1781256974	snap	3600	sdk	composepost	send_canceled	0
1781256974	snap	3600	sdk	composepost	send_other	0
1781256974	snap	3600	sdk	composepost	buffer_depth	0
0
1781256974	snap	3600	sdk	composepost	cp_received	0
1781256974	snap	3600	sdk	composepost	lp_received	12030223
1781256974	snap	3600	sdk	composepost	cp_sent	0
1781256974	snap	3600	sdk	composepost	lp_sent	7838757
1781256974	snap	3600	sdk	composepost	cp_dropped	0
1781256974	snap	3600	sdk	composepost	lp_dropped	4191466
1781256974	snap	3600	sdk	hometimeline	spans_received	3007540
1781256974	snap	3600	sdk	hometimeline	spans_sent	2401717
1781256974	snap	3600	sdk	hometimeline	spans_dropped	605823
1781256974	snap	3600	sdk	hometimeline	spans_flushed	3007540
1781256974	snap	3600	sdk	hometimeline	batches_sent	11129
1781256974	snap	3600	sdk	hometimeline	batches_dropped	1956
1781256974	snap	3600	sdk	hometimeline	send_unavailable	1956
1781256974	snap	3600	sdk	hometimeline	send_deadline	0
1781256974	snap	3600	sdk	hometimeline	send_exhausted	0
1781256974	snap	3600	sdk	hometimeline	send_canceled	0
1781256974	snap	3600	sdk	hometimeline	send_other	0
1781256974	snap	3600	sdk	hometimeline	buffer_depth	0
0
1781256974	snap	3600	sdk	hometimeline	cp_received	1503770
1781256974	snap	3600	sdk	hometimeline	lp_received	1503770
1781256974	snap	3600	sdk	hometimeline	cp_sent	1421863
1781256974	snap	3600	sdk	hometimeline	lp_sent	979854
1781256974	snap	3600	sdk	hometimeline	cp_dropped	81907
1781256974	snap	3600	sdk	hometimeline	lp_dropped	523916
1781256974	snap	3600	sdk	media	spans_received	1503779
1781256974	snap	3600	sdk	media	spans_sent	1373571
1781256974	snap	3600	sdk	media	spans_dropped	130208
1781256974	snap	3600	sdk	media	spans_flushed	1503779
1781256974	snap	3600	sdk	media	batches_sent	6083
1781256974	snap	3600	sdk	media	batches_dropped	407
1781256974	snap	3600	sdk	media	send_unavailable	407
1781256974	snap	3600	sdk	media	send_deadline	0
1781256974	snap	3600	sdk	media	send_exhausted	0
1781256974	snap	3600	sdk	media	send_canceled	0
1781256974	snap	3600	sdk	media	send_other	0
1781256974	snap	3600	sdk	media	buffer_depth	0
0
1781256974	snap	3600	sdk	media	cp_received	1503779
1781256974	snap	3600	sdk	media	lp_received	0
1781256974	snap	3600	sdk	media	cp_sent	1373571
1781256974	snap	3600	sdk	media	lp_sent	0
1781256974	snap	3600	sdk	media	cp_dropped	130208
1781256974	snap	3600	sdk	media	lp_dropped	0
1781256974	snap	3600	sdk	post-storage	spans_received	1503770
1781256974	snap	3600	sdk	post-storage	spans_sent	1503770
1781256974	snap	3600	sdk	post-storage	spans_dropped	0
1781256974	snap	3600	sdk	post-storage	spans_flushed	1503770
1781256974	snap	3600	sdk	post-storage	batches_sent	6525
1781256974	snap	3600	sdk	post-storage	batches_dropped	0
1781256974	snap	3600	sdk	post-storage	send_unavailable	0
1781256974	snap	3600	sdk	post-storage	send_deadline	0
1781256974	snap	3600	sdk	post-storage	send_exhausted	0
1781256974	snap	3600	sdk	post-storage	send_canceled	0
1781256974	snap	3600	sdk	post-storage	send_other	0
1781256974	snap	3600	sdk	post-storage	buffer_depth	0
0
1781256974	snap	3600	sdk	post-storage	cp_received	1503770
1781256974	snap	3600	sdk	post-storage	lp_received	0
1781256974	snap	3600	sdk	post-storage	cp_sent	1503770
1781256974	snap	3600	sdk	post-storage	lp_sent	0
1781256974	snap	3600	sdk	post-storage	cp_dropped	0
1781256974	snap	3600	sdk	post-storage	lp_dropped	0
1781256974	snap	3600	sdk	socialgraph	spans_received	1617604
1781256974	snap	3600	sdk	socialgraph	spans_sent	1617604
1781256974	snap	3600	sdk	socialgraph	spans_dropped	0
1781256974	snap	3600	sdk	socialgraph	spans_flushed	1617604
1781256974	snap	3600	sdk	socialgraph	batches_sent	6991
1781256974	snap	3600	sdk	socialgraph	batches_dropped	0
1781256974	snap	3600	sdk	socialgraph	send_unavailable	0
1781256974	snap	3600	sdk	socialgraph	send_deadline	0
1781256974	snap	3600	sdk	socialgraph	send_exhausted	0
1781256974	snap	3600	sdk	socialgraph	send_canceled	0
1781256974	snap	3600	sdk	socialgraph	send_other	0
1781256974	snap	3600	sdk	socialgraph	buffer_depth	0
0
1781256974	snap	3600	sdk	socialgraph	cp_received	1504732
1781256974	snap	3600	sdk	socialgraph	lp_received	112872
1781256974	snap	3600	sdk	socialgraph	cp_sent	1504732
1781256974	snap	3600	sdk	socialgraph	lp_sent	112872
1781256974	snap	3600	sdk	socialgraph	cp_dropped	0
1781256974	snap	3600	sdk	socialgraph	lp_dropped	0
1781256974	snap	3600	sdk	text	spans_received	4511355
1781256974	snap	3600	sdk	text	spans_sent	3449629
1781256974	snap	3600	sdk	text	spans_dropped	1061726
1781256974	snap	3600	sdk	text	spans_flushed	4511355
1781256974	snap	3600	sdk	text	batches_sent	16119
1781256974	snap	3600	sdk	text	batches_dropped	3343
1781256974	snap	3600	sdk	text	send_unavailable	3343
1781256974	snap	3600	sdk	text	send_deadline	0
1781256974	snap	3600	sdk	text	send_exhausted	0
1781256974	snap	3600	sdk	text	send_canceled	0
1781256974	snap	3600	sdk	text	send_other	0
1781256974	snap	3600	sdk	text	buffer_depth	0
0
1781256974	snap	3600	sdk	text	cp_received	1503779
1781256974	snap	3600	sdk	text	lp_received	3007576
1781256974	snap	3600	sdk	text	cp_sent	1372482
1781256974	snap	3600	sdk	text	lp_sent	2077147
1781256974	snap	3600	sdk	text	cp_dropped	131297
1781256974	snap	3600	sdk	text	lp_dropped	930429
1781256974	snap	3600	sdk	uniqueid	spans_received	1503779
1781256974	snap	3600	sdk	uniqueid	spans_sent	1433921
1781256974	snap	3600	sdk	uniqueid	spans_dropped	69858
1781256974	snap	3600	sdk	uniqueid	spans_flushed	1503779
1781256974	snap	3600	sdk	uniqueid	batches_sent	6290
1781256974	snap	3600	sdk	uniqueid	batches_dropped	231
1781256974	snap	3600	sdk	uniqueid	send_unavailable	231
1781256974	snap	3600	sdk	uniqueid	send_deadline	0
1781256974	snap	3600	sdk	uniqueid	send_exhausted	0
1781256974	snap	3600	sdk	uniqueid	send_canceled	0
1781256974	snap	3600	sdk	uniqueid	send_other	0
1781256974	snap	3600	sdk	uniqueid	buffer_depth	0
0
1781256974	snap	3600	sdk	uniqueid	cp_received	1503779
1781256974	snap	3600	sdk	uniqueid	lp_received	0
1781256974	snap	3600	sdk	uniqueid	cp_sent	1433921
1781256974	snap	3600	sdk	uniqueid	lp_sent	0
1781256974	snap	3600	sdk	uniqueid	cp_dropped	69858
1781256974	snap	3600	sdk	uniqueid	lp_dropped	0
1781256974	snap	3600	sdk	urlshorten	spans_received	1503779
1781256974	snap	3600	sdk	urlshorten	spans_sent	1503779
1781256974	snap	3600	sdk	urlshorten	spans_dropped	0
1781256974	snap	3600	sdk	urlshorten	spans_flushed	1503779
1781256974	snap	3600	sdk	urlshorten	batches_sent	6503
1781256974	snap	3600	sdk	urlshorten	batches_dropped	0
1781256974	snap	3600	sdk	urlshorten	send_unavailable	0
1781256974	snap	3600	sdk	urlshorten	send_deadline	0
1781256974	snap	3600	sdk	urlshorten	send_exhausted	0
1781256974	snap	3600	sdk	urlshorten	send_canceled	0
1781256974	snap	3600	sdk	urlshorten	send_other	0
1781256974	snap	3600	sdk	urlshorten	buffer_depth	0
0
1781256974	snap	3600	sdk	urlshorten	cp_received	1503779
1781256974	snap	3600	sdk	urlshorten	lp_received	0
1781256974	snap	3600	sdk	urlshorten	cp_sent	1503779
1781256974	snap	3600	sdk	urlshorten	lp_sent	0
1781256974	snap	3600	sdk	urlshorten	cp_dropped	0
1781256974	snap	3600	sdk	urlshorten	lp_dropped	0
1781256974	snap	3600	sdk	user	spans_received	1505703
1781256974	snap	3600	sdk	user	spans_sent	1505703
1781256974	snap	3600	sdk	user	spans_dropped	0
1781256974	snap	3600	sdk	user	spans_flushed	1505703
1781256974	snap	3600	sdk	user	batches_sent	6540
1781256974	snap	3600	sdk	user	batches_dropped	0
1781256974	snap	3600	sdk	user	send_unavailable	0
1781256974	snap	3600	sdk	user	send_deadline	0
1781256974	snap	3600	sdk	user	send_exhausted	0
1781256974	snap	3600	sdk	user	send_canceled	0
1781256974	snap	3600	sdk	user	send_other	0
1781256974	snap	3600	sdk	user	buffer_depth	0
0
1781256974	snap	3600	sdk	user	cp_received	1503779
1781256974	snap	3600	sdk	user	lp_received	1924
1781256974	snap	3600	sdk	user	cp_sent	1503779
1781256974	snap	3600	sdk	user	lp_sent	1924
1781256974	snap	3600	sdk	user	cp_dropped	0
1781256974	snap	3600	sdk	user	lp_dropped	0
1781256974	snap	3600	sdk	userid	spans_received	75248
1781256974	snap	3600	sdk	userid	spans_sent	75248
1781256974	snap	3600	sdk	userid	spans_dropped	0
1781256974	snap	3600	sdk	userid	spans_flushed	75248
1781256974	snap	3600	sdk	userid	batches_sent	239
1781256974	snap	3600	sdk	userid	batches_dropped	0
1781256974	snap	3600	sdk	userid	send_unavailable	0
1781256974	snap	3600	sdk	userid	send_deadline	0
1781256974	snap	3600	sdk	userid	send_exhausted	0
1781256974	snap	3600	sdk	userid	send_canceled	0
1781256974	snap	3600	sdk	userid	send_other	0
1781256974	snap	3600	sdk	userid	buffer_depth	0
0
1781256974	snap	3600	sdk	userid	cp_received	75248
1781256974	snap	3600	sdk	userid	lp_received	0
1781256974	snap	3600	sdk	userid	cp_sent	75248
1781256974	snap	3600	sdk	userid	lp_sent	0
1781256974	snap	3600	sdk	userid	cp_dropped	0
1781256974	snap	3600	sdk	userid	lp_dropped	0
1781256974	snap	3600	sdk	usermention	spans_received	1503779
1781256974	snap	3600	sdk	usermention	spans_sent	1434260
1781256974	snap	3600	sdk	usermention	spans_dropped	69519
1781256974	snap	3600	sdk	usermention	spans_flushed	1503779
1781256974	snap	3600	sdk	usermention	batches_sent	6274
1781256974	snap	3600	sdk	usermention	batches_dropped	229
1781256974	snap	3600	sdk	usermention	send_unavailable	229
1781256974	snap	3600	sdk	usermention	send_deadline	0
1781256974	snap	3600	sdk	usermention	send_exhausted	0
1781256974	snap	3600	sdk	usermention	send_canceled	0
1781256974	snap	3600	sdk	usermention	send_other	0
1781256974	snap	3600	sdk	usermention	buffer_depth	0
0
1781256974	snap	3600	sdk	usermention	cp_received	1503779
1781256974	snap	3600	sdk	usermention	lp_received	0
1781256974	snap	3600	sdk	usermention	cp_sent	1434260
1781256974	snap	3600	sdk	usermention	lp_sent	0
1781256974	snap	3600	sdk	usermention	cp_dropped	69519
1781256974	snap	3600	sdk	usermention	lp_dropped	0
1781256974	snap	3600	sdk	usertimeline	spans_received	1503770
1781256974	snap	3600	sdk	usertimeline	spans_sent	1503770
1781256974	snap	3600	sdk	usertimeline	spans_dropped	0
1781256974	snap	3600	sdk	usertimeline	spans_flushed	1503770
1781256974	snap	3600	sdk	usertimeline	batches_sent	6438
1781256974	snap	3600	sdk	usertimeline	batches_dropped	0
1781256974	snap	3600	sdk	usertimeline	send_unavailable	0
1781256974	snap	3600	sdk	usertimeline	send_deadline	0
1781256974	snap	3600	sdk	usertimeline	send_exhausted	0
1781256974	snap	3600	sdk	usertimeline	send_canceled	0
1781256974	snap	3600	sdk	usertimeline	send_other	0
1781256974	snap	3600	sdk	usertimeline	buffer_depth	0
0
1781256974	snap	3600	sdk	usertimeline	cp_received	1503770
1781256974	snap	3600	sdk	usertimeline	lp_received	0
1781256974	snap	3600	sdk	usertimeline	cp_sent	1503770
1781256974	snap	3600	sdk	usertimeline	lp_sent	0
1781256974	snap	3600	sdk	usertimeline	cp_dropped	0
1781256974	snap	3600	sdk	usertimeline	lp_dropped	0
1781256981	snap	3800	otelcol	otelcol-sb-esrev0-ctr-s4p4v	otelcol_exporter_queue_size	5
1781256981	snap	3800	otelcol	otelcol-sb-esrev0-ctr-s4p4v	otelcol_process_cpu_seconds	45
1781256981	snap	3800	otelcol	otelcol-sb-esrev0-ctr-s4p4v	otelcol_processor_batch_batch_send_size_sum	1844433
1781256981	snap	3800	otelcol	otelcol-sb-esrev0-ctr-s4p4v	otelcol_process_runtime_total_alloc_bytes	1338566088
1781256981	snap	3800	otelcol	otelcol-sb-esrev0-ctr-s4p4v	otelcol_exporter_send_failed_spans	0
1781256981	snap	3800	otelcol	otelcol-sb-esrev0-ctr-s4p4v	otelcol_receiver_failed_spans	0
1781256981	snap	3800	otelcol	otelcol-sb-esrev0-ctr-s4p4v	otelcol_processor_outgoing_items	1844433
1781256981	snap	3800	otelcol	otelcol-sb-esrev0-ctr-s4p4v	otelcol_receiver_accepted_spans	1844433
1781256981	snap	3800	otelcol	otelcol-sb-esrev0-ctr-s4p4v	otelcol_exporter_queue_batch_send_size_sum	1844433
1781256981	snap	3800	otelcol	otelcol-sb-esrev0-ctr-s4p4v	otelcol_receiver_refused_spans	2058
1781256981	snap	3800	otelcol	otelcol-sb-esrev0-ctr-s4p4v	otelcol_process_uptime	857
1781256981	snap	3800	otelcol	otelcol-sb-esrev0-ctr-s4p4v	otelcol_exporter_sent_spans	1840318
1781256981	snap	3800	otelcol	otelcol-sb-esrev0-ctr-s4p4v	otelcol_processor_batch_metadata_cardinality	1
1781256981	snap	3800	otelcol	otelcol-sb-esrev0-ctr-s4p4v	otelcol_processor_batch_timeout_trigger_send	3350
1781256981	snap	3800	otelcol	otelcol-sb-esrev0-ctr-s4p4v	otelcol_process_runtime_heap_alloc_bytes	73551296
1781256981	snap	3800	otelcol	otelcol-sb-esrev0-ctr-s4p4v	otelcol_processor_incoming_items	1846491
1781256981	snap	3800	otelcol	otelcol-sb-esrev0-ctr-s4p4v	otelcol_process_runtime_total_sys_memory_bytes	149805352
1781256981	snap	3800	otelcol	otelcol-sb-esrev0-ctr-s4p4v	otelcol_process_memory_rss	243855360
1781256981	snap	3800	otelcol	otelcol-sb-esrev0-ctr-s4p4v	otelcol_exporter_queue_capacity	1001
1781256981	snap	3800	otelcol	otelcol-sb-esrev0-ctr-lbwgk	otelcol_receiver_refused_spans	0
1781256981	snap	3800	otelcol	otelcol-sb-esrev0-ctr-lbwgk	otelcol_process_uptime	856
1781256981	snap	3800	otelcol	otelcol-sb-esrev0-ctr-lbwgk	otelcol_exporter_queue_size	7
1781256981	snap	3800	otelcol	otelcol-sb-esrev0-ctr-lbwgk	otelcol_exporter_queue_batch_send_size_sum	341947
1781256981	snap	3800	otelcol	otelcol-sb-esrev0-ctr-lbwgk	otelcol_processor_outgoing_items	341947
1781256981	snap	3800	otelcol	otelcol-sb-esrev0-ctr-lbwgk	otelcol_process_runtime_total_alloc_bytes	470332024
1781256981	snap	3800	otelcol	otelcol-sb-esrev0-ctr-lbwgk	otelcol_processor_batch_batch_send_size_sum	341947
1781256981	snap	3800	otelcol	otelcol-sb-esrev0-ctr-lbwgk	otelcol_exporter_send_failed_spans	0
1781256981	snap	3800	otelcol	otelcol-sb-esrev0-ctr-lbwgk	otelcol_processor_batch_metadata_cardinality	1
1781256981	snap	3800	otelcol	otelcol-sb-esrev0-ctr-lbwgk	otelcol_process_memory_rss	217354240
1781256981	snap	3800	otelcol	otelcol-sb-esrev0-ctr-lbwgk	otelcol_receiver_accepted_spans	341947
1781256981	snap	3800	otelcol	otelcol-sb-esrev0-ctr-lbwgk	otelcol_processor_batch_timeout_trigger_send	3348
1781256981	snap	3800	otelcol	otelcol-sb-esrev0-ctr-lbwgk	otelcol_process_runtime_heap_alloc_bytes	27156424
1781256981	snap	3800	otelcol	otelcol-sb-esrev0-ctr-lbwgk	otelcol_process_cpu_seconds	32
1781256981	snap	3800	otelcol	otelcol-sb-esrev0-ctr-lbwgk	otelcol_processor_incoming_items	341947
1781256981	snap	3800	otelcol	otelcol-sb-esrev0-ctr-lbwgk	otelcol_process_runtime_total_sys_memory_bytes	84723992
1781256981	snap	3800	otelcol	otelcol-sb-esrev0-ctr-lbwgk	otelcol_exporter_sent_spans	340816
1781256981	snap	3800	otelcol	otelcol-sb-esrev0-ctr-lbwgk	otelcol_exporter_queue_capacity	1001
1781256981	snap	3800	otelcol	otelcol-sb-esrev0-ctr-lbwgk	otelcol_receiver_failed_spans	0
1781256981	snap	3800	otelcol	otelcol-sb-esrev0-ctr-4qc2z	otelcol_receiver_failed_spans	0
1781256981	snap	3800	otelcol	otelcol-sb-esrev0-ctr-4qc2z	otelcol_process_cpu_seconds	45
1781256981	snap	3800	otelcol	otelcol-sb-esrev0-ctr-4qc2z	otelcol_receiver_refused_spans	0
1781256981	snap	3800	otelcol	otelcol-sb-esrev0-ctr-4qc2z	otelcol_process_runtime_heap_alloc_bytes	46511600
1781256981	snap	3800	otelcol	otelcol-sb-esrev0-ctr-4qc2z	otelcol_process_memory_rss	236720128
1781256981	snap	3800	otelcol	otelcol-sb-esrev0-ctr-4qc2z	otelcol_exporter_send_failed_spans	0
1781256981	snap	3800	otelcol	otelcol-sb-esrev0-ctr-4qc2z	otelcol_process_runtime_total_alloc_bytes	1335567176
1781256981	snap	3800	otelcol	otelcol-sb-esrev0-ctr-4qc2z	otelcol_processor_batch_metadata_cardinality	1
1781256981	snap	3800	otelcol	otelcol-sb-esrev0-ctr-4qc2z	otelcol_processor_incoming_items	1846104
1781256981	snap	3800	otelcol	otelcol-sb-esrev0-ctr-4qc2z	otelcol_processor_batch_timeout_trigger_send	3356
1781256981	snap	3800	otelcol	otelcol-sb-esrev0-ctr-4qc2z	otelcol_processor_batch_batch_send_size_sum	1846104
1781256981	snap	3800	otelcol	otelcol-sb-esrev0-ctr-4qc2z	otelcol_process_runtime_total_sys_memory_bytes	123988248
1781256981	snap	3800	otelcol	otelcol-sb-esrev0-ctr-4qc2z	otelcol_exporter_sent_spans	1842233
1781256981	snap	3800	otelcol	otelcol-sb-esrev0-ctr-4qc2z	otelcol_receiver_accepted_spans	1846104
1781256981	snap	3800	otelcol	otelcol-sb-esrev0-ctr-4qc2z	otelcol_processor_outgoing_items	1846104
1781256981	snap	3800	otelcol	otelcol-sb-esrev0-ctr-4qc2z	otelcol_exporter_queue_size	5
1781256981	snap	3800	otelcol	otelcol-sb-esrev0-ctr-4qc2z	otelcol_exporter_queue_batch_send_size_sum	1846104
1781256981	snap	3800	otelcol	otelcol-sb-esrev0-ctr-4qc2z	otelcol_process_uptime	858
1781256981	snap	3800	otelcol	otelcol-sb-esrev0-ctr-4qc2z	otelcol_exporter_queue_capacity	1001
1781256981	snap	3800	otelcol	otelcol-sb-esrev0-ctr-stlt9	otelcol_processor_incoming_items	3349885
1781256981	snap	3800	otelcol	otelcol-sb-esrev0-ctr-stlt9	otelcol_receiver_accepted_spans	3169648
1781256981	snap	3800	otelcol	otelcol-sb-esrev0-ctr-stlt9	otelcol_processor_outgoing_items	3169648
1781256981	snap	3800	otelcol	otelcol-sb-esrev0-ctr-stlt9	otelcol_processor_batch_metadata_cardinality	1
1781256981	snap	3800	otelcol	otelcol-sb-esrev0-ctr-stlt9	otelcol_processor_batch_timeout_trigger_send	3259
1781256981	snap	3800	otelcol	otelcol-sb-esrev0-ctr-stlt9	otelcol_processor_batch_batch_send_size_sum	3169648
1781256981	snap	3800	otelcol	otelcol-sb-esrev0-ctr-stlt9	otelcol_process_memory_rss	319254528
1781256981	snap	3800	otelcol	otelcol-sb-esrev0-ctr-stlt9	otelcol_exporter_queue_capacity	1001
1781256981	snap	3800	otelcol	otelcol-sb-esrev0-ctr-stlt9	otelcol_exporter_sent_spans	3052036
1781256981	snap	3800	otelcol	otelcol-sb-esrev0-ctr-stlt9	otelcol_process_runtime_total_sys_memory_bytes	189905192
1781256981	snap	3800	otelcol	otelcol-sb-esrev0-ctr-stlt9	otelcol_exporter_queue_size	75
1781256981	snap	3800	otelcol	otelcol-sb-esrev0-ctr-stlt9	otelcol_receiver_refused_spans	180237
1781256981	snap	3800	otelcol	otelcol-sb-esrev0-ctr-stlt9	otelcol_receiver_failed_spans	0
1781256981	snap	3800	otelcol	otelcol-sb-esrev0-ctr-stlt9	otelcol_process_uptime	858
1781256981	snap	3800	otelcol	otelcol-sb-esrev0-ctr-stlt9	otelcol_process_runtime_heap_alloc_bytes	123045520
1781256981	snap	3800	otelcol	otelcol-sb-esrev0-ctr-stlt9	otelcol_exporter_send_failed_spans	0
1781256981	snap	3800	otelcol	otelcol-sb-esrev0-ctr-stlt9	otelcol_exporter_queue_batch_send_size_sum	3169648
1781256981	snap	3800	otelcol	otelcol-sb-esrev0-ctr-stlt9	otelcol_process_runtime_total_alloc_bytes	2214047752
1781256981	snap	3800	otelcol	otelcol-sb-esrev0-ctr-stlt9	otelcol_process_cpu_seconds	64
1781256981	snap	3800	otelcol	otelcol-sb-esrev0-ctr-f8wkx	otelcol_receiver_failed_spans	0
1781256981	snap	3800	otelcol	otelcol-sb-esrev0-ctr-f8wkx	otelcol_process_runtime_total_sys_memory_bytes	202754360
1781256981	snap	3800	otelcol	otelcol-sb-esrev0-ctr-f8wkx	otelcol_exporter_queue_size	136
1781256981	snap	3800	otelcol	otelcol-sb-esrev0-ctr-f8wkx	otelcol_process_runtime_total_alloc_bytes	3664424736
1781256981	snap	3800	otelcol	otelcol-sb-esrev0-ctr-f8wkx	otelcol_exporter_send_failed_spans	0
1781256981	snap	3800	otelcol	otelcol-sb-esrev0-ctr-f8wkx	otelcol_processor_batch_metadata_cardinality	1
1781256981	snap	3800	otelcol	otelcol-sb-esrev0-ctr-f8wkx	otelcol_exporter_queue_batch_send_size_sum	5176418
1781256981	snap	3800	otelcol	otelcol-sb-esrev0-ctr-f8wkx	otelcol_processor_batch_timeout_trigger_send	3198
1781256981	snap	3800	otelcol	otelcol-sb-esrev0-ctr-f8wkx	otelcol_processor_incoming_items	6434638
1781256981	snap	3800	otelcol	otelcol-sb-esrev0-ctr-f8wkx	otelcol_process_cpu_seconds	87
1781256981	snap	3800	otelcol	otelcol-sb-esrev0-ctr-f8wkx	otelcol_processor_batch_batch_send_size_sum	5176418
1781256981	snap	3800	otelcol	otelcol-sb-esrev0-ctr-f8wkx	otelcol_process_uptime	857
1781256981	snap	3800	otelcol	otelcol-sb-esrev0-ctr-f8wkx	otelcol_process_runtime_heap_alloc_bytes	126622760
1781256981	snap	3800	otelcol	otelcol-sb-esrev0-ctr-f8wkx	otelcol_exporter_sent_spans	4985339
1781256981	snap	3800	otelcol	otelcol-sb-esrev0-ctr-f8wkx	otelcol_receiver_refused_spans	1258220
1781256981	snap	3800	otelcol	otelcol-sb-esrev0-ctr-f8wkx	otelcol_processor_outgoing_items	5176418
1781256981	snap	3800	otelcol	otelcol-sb-esrev0-ctr-f8wkx	otelcol_receiver_accepted_spans	5176418
1781256981	snap	3800	otelcol	otelcol-sb-esrev0-ctr-f8wkx	otelcol_process_memory_rss	325238784
1781256981	snap	3800	otelcol	otelcol-sb-esrev0-ctr-f8wkx	otelcol_exporter_queue_capacity	1001
1781256981	snap	3800	otelcol	otelcol-sb-esrev0-ctr-r2dsm	otelcol_receiver_refused_spans	4864787
1781256981	snap	3800	otelcol	otelcol-sb-esrev0-ctr-r2dsm	otelcol_receiver_failed_spans	0
1781256981	snap	3800	otelcol	otelcol-sb-esrev0-ctr-r2dsm	otelcol_processor_outgoing_items	10514839
1781256981	snap	3800	otelcol	otelcol-sb-esrev0-ctr-r2dsm	otelcol_process_uptime	856
1781256981	snap	3800	otelcol	otelcol-sb-esrev0-ctr-r2dsm	otelcol_process_runtime_total_alloc_bytes	8481121960
1781256981	snap	3800	otelcol	otelcol-sb-esrev0-ctr-r2dsm	otelcol_process_memory_rss	310894592
1781256981	snap	3800	otelcol	otelcol-sb-esrev0-ctr-r2dsm	otelcol_exporter_send_failed_spans	0
1781256981	snap	3800	otelcol	otelcol-sb-esrev0-ctr-r2dsm	otelcol_exporter_queue_batch_send_size_sum	10514839
1781256981	snap	3800	otelcol	otelcol-sb-esrev0-ctr-r2dsm	otelcol_receiver_accepted_spans	10514839
1781256981	snap	3800	otelcol	otelcol-sb-esrev0-ctr-r2dsm	otelcol_processor_batch_metadata_cardinality	1
1781256981	snap	3800	otelcol	otelcol-sb-esrev0-ctr-r2dsm	otelcol_processor_batch_timeout_trigger_send	3237
1781256981	snap	3800	otelcol	otelcol-sb-esrev0-ctr-r2dsm	otelcol_processor_batch_batch_size_trigger_send	16
1781256981	snap	3800	otelcol	otelcol-sb-esrev0-ctr-r2dsm	otelcol_processor_batch_batch_send_size_sum	10514839
1781256981	snap	3800	otelcol	otelcol-sb-esrev0-ctr-r2dsm	otelcol_process_cpu_seconds	142
1781256981	snap	3800	otelcol	otelcol-sb-esrev0-ctr-r2dsm	otelcol_exporter_queue_capacity	1001
1781256981	snap	3800	otelcol	otelcol-sb-esrev0-ctr-r2dsm	otelcol_process_runtime_heap_alloc_bytes	88312288
1781256981	snap	3800	otelcol	otelcol-sb-esrev0-ctr-r2dsm	otelcol_exporter_sent_spans	10505169
1781256981	snap	3800	otelcol	otelcol-sb-esrev0-ctr-r2dsm	otelcol_exporter_queue_size	4
1781256981	snap	3800	otelcol	otelcol-sb-esrev0-ctr-r2dsm	otelcol_processor_incoming_items	15379626
1781256981	snap	3800	otelcol	otelcol-sb-esrev0-ctr-r2dsm	otelcol_process_runtime_total_sys_memory_bytes	209373496
1781256981	snap	3800	otelcol	otelcol-sb-esrev0-ctr-knvlf	otelcol_receiver_accepted_spans	1844830
1781256981	snap	3800	otelcol	otelcol-sb-esrev0-ctr-knvlf	otelcol_process_runtime_total_sys_memory_bytes	136276248
1781256981	snap	3800	otelcol	otelcol-sb-esrev0-ctr-knvlf	otelcol_process_runtime_heap_alloc_bytes	68252024
1781256981	snap	3800	otelcol	otelcol-sb-esrev0-ctr-knvlf	otelcol_processor_batch_metadata_cardinality	1
1781256981	snap	3800	otelcol	otelcol-sb-esrev0-ctr-knvlf	otelcol_processor_batch_timeout_trigger_send	3351
1781256981	snap	3800	otelcol	otelcol-sb-esrev0-ctr-knvlf	otelcol_processor_batch_batch_send_size_sum	1844830
1781256981	snap	3800	otelcol	otelcol-sb-esrev0-ctr-knvlf	otelcol_process_cpu_seconds	47
1781256981	snap	3800	otelcol	otelcol-sb-esrev0-ctr-knvlf	otelcol_exporter_queue_capacity	1001
1781256981	snap	3800	otelcol	otelcol-sb-esrev0-ctr-knvlf	otelcol_exporter_queue_batch_send_size_sum	1844830
1781256981	snap	3800	otelcol	otelcol-sb-esrev0-ctr-knvlf	otelcol_receiver_refused_spans	1951
1781256981	snap	3800	otelcol	otelcol-sb-esrev0-ctr-knvlf	otelcol_process_memory_rss	240263168
1781256981	snap	3800	otelcol	otelcol-sb-esrev0-ctr-knvlf	otelcol_process_uptime	858
1781256981	snap	3800	otelcol	otelcol-sb-esrev0-ctr-knvlf	otelcol_process_runtime_total_alloc_bytes	1340865952
1781256981	snap	3800	otelcol	otelcol-sb-esrev0-ctr-knvlf	otelcol_exporter_sent_spans	1836943
1781256981	snap	3800	otelcol	otelcol-sb-esrev0-ctr-knvlf	otelcol_exporter_queue_size	8
1781256981	snap	3800	otelcol	otelcol-sb-esrev0-ctr-knvlf	otelcol_processor_incoming_items	1846781
1781256981	snap	3800	otelcol	otelcol-sb-esrev0-ctr-knvlf	otelcol_receiver_failed_spans	0
1781256981	snap	3800	otelcol	otelcol-sb-esrev0-ctr-knvlf	otelcol_processor_outgoing_items	1844830
1781256981	snap	3800	otelcol	otelcol-sb-esrev0-ctr-knvlf	otelcol_exporter_send_failed_spans	0
1781256981	snap	3800	otelcol	otelcol-sb-esrev0-ctr-fb877	otelcol_exporter_send_failed_spans	0
1781256981	snap	3800	otelcol	otelcol-sb-esrev0-ctr-fb877	otelcol_process_uptime	858
1781256981	snap	3800	otelcol	otelcol-sb-esrev0-ctr-fb877	otelcol_process_runtime_heap_alloc_bytes	35894336
1781256981	snap	3800	otelcol	otelcol-sb-esrev0-ctr-fb877	otelcol_process_cpu_seconds	44
1781256981	snap	3800	otelcol	otelcol-sb-esrev0-ctr-fb877	otelcol_exporter_queue_capacity	1001
1781256981	snap	3800	otelcol	otelcol-sb-esrev0-ctr-fb877	otelcol_exporter_sent_spans	1838848
1781256981	snap	3800	otelcol	otelcol-sb-esrev0-ctr-fb877	otelcol_exporter_queue_batch_send_size_sum	1844640
1781256981	snap	3800	otelcol	otelcol-sb-esrev0-ctr-fb877	otelcol_processor_incoming_items	1848480
1781256981	snap	3800	otelcol	otelcol-sb-esrev0-ctr-fb877	otelcol_receiver_failed_spans	0
1781256981	snap	3800	otelcol	otelcol-sb-esrev0-ctr-fb877	otelcol_processor_batch_batch_send_size_sum	1844640
1781256981	snap	3800	otelcol	otelcol-sb-esrev0-ctr-fb877	otelcol_processor_outgoing_items	1844640
1781256981	snap	3800	otelcol	otelcol-sb-esrev0-ctr-fb877	otelcol_processor_batch_metadata_cardinality	1
1781256981	snap	3800	otelcol	otelcol-sb-esrev0-ctr-fb877	otelcol_process_runtime_total_sys_memory_bytes	145664280
1781256981	snap	3800	otelcol	otelcol-sb-esrev0-ctr-fb877	otelcol_exporter_queue_size	7
1781256981	snap	3800	otelcol	otelcol-sb-esrev0-ctr-fb877	otelcol_processor_batch_timeout_trigger_send	3360
1781256981	snap	3800	otelcol	otelcol-sb-esrev0-ctr-fb877	otelcol_receiver_refused_spans	3840
1781256981	snap	3800	otelcol	otelcol-sb-esrev0-ctr-fb877	otelcol_receiver_accepted_spans	1844640
1781256981	snap	3800	otelcol	otelcol-sb-esrev0-ctr-fb877	otelcol_process_runtime_total_alloc_bytes	1384475440
1781256981	snap	3800	otelcol	otelcol-sb-esrev0-ctr-fb877	otelcol_process_memory_rss	235470848
1781256981	snap	3800	otelcol	otelcol-sb-esrev0-ctr-b7q4j	otelcol_processor_batch_timeout_trigger_send	3364
1781256981	snap	3800	otelcol	otelcol-sb-esrev0-ctr-b7q4j	otelcol_exporter_queue_capacity	1001
1781256981	snap	3800	otelcol	otelcol-sb-esrev0-ctr-b7q4j	otelcol_receiver_failed_spans	0
1781256981	snap	3800	otelcol	otelcol-sb-esrev0-ctr-b7q4j	otelcol_processor_batch_batch_send_size_sum	1957806
1781256981	snap	3800	otelcol	otelcol-sb-esrev0-ctr-b7q4j	otelcol_exporter_queue_batch_send_size_sum	1957806
1781256981	snap	3800	otelcol	otelcol-sb-esrev0-ctr-b7q4j	otelcol_process_runtime_heap_alloc_bytes	37696376
1781256981	snap	3800	otelcol	otelcol-sb-esrev0-ctr-b7q4j	otelcol_process_cpu_seconds	44
1781256981	snap	3800	otelcol	otelcol-sb-esrev0-ctr-b7q4j	otelcol_exporter_send_failed_spans	0
1781256981	snap	3800	otelcol	otelcol-sb-esrev0-ctr-b7q4j	otelcol_process_memory_rss	246902784
1781256981	snap	3800	otelcol	otelcol-sb-esrev0-ctr-b7q4j	otelcol_exporter_sent_spans	1953678
1781256981	snap	3800	otelcol	otelcol-sb-esrev0-ctr-b7q4j	otelcol_processor_incoming_items	1961098
1781256981	snap	3800	otelcol	otelcol-sb-esrev0-ctr-b7q4j	otelcol_process_uptime	860
1781256981	snap	3800	otelcol	otelcol-sb-esrev0-ctr-b7q4j	otelcol_process_runtime_total_alloc_bytes	1414177432
1781256981	snap	3800	otelcol	otelcol-sb-esrev0-ctr-b7q4j	otelcol_receiver_refused_spans	3292
1781256981	snap	3800	otelcol	otelcol-sb-esrev0-ctr-b7q4j	otelcol_processor_outgoing_items	1957806
1781256981	snap	3800	otelcol	otelcol-sb-esrev0-ctr-b7q4j	otelcol_receiver_accepted_spans	1957806
1781256981	snap	3800	otelcol	otelcol-sb-esrev0-ctr-b7q4j	otelcol_processor_batch_metadata_cardinality	1
1781256981	snap	3800	otelcol	otelcol-sb-esrev0-ctr-b7q4j	otelcol_process_runtime_total_sys_memory_bytes	149883160
1781256981	snap	3800	otelcol	otelcol-sb-esrev0-ctr-b7q4j	otelcol_exporter_queue_size	5
1781256981	snap	3800	k8s	otelcol-sb-esrev0-ctr-4qc2z	restart_count	0
1781256981	snap	3800	k8s	otelcol-sb-esrev0-ctr-b7q4j	restart_count	0
1781256981	snap	3800	k8s	otelcol-sb-esrev0-ctr-f8wkx	restart_count	0
1781256981	snap	3800	k8s	otelcol-sb-esrev0-ctr-fb877	restart_count	0
1781256981	snap	3800	k8s	otelcol-sb-esrev0-ctr-knvlf	restart_count	0
1781256981	snap	3800	k8s	otelcol-sb-esrev0-ctr-lbwgk	restart_count	0
1781256981	snap	3800	k8s	otelcol-sb-esrev0-ctr-r2dsm	restart_count	0
1781256981	snap	3800	k8s	otelcol-sb-esrev0-ctr-s4p4v	restart_count	0
1781256981	snap	3800	k8s	otelcol-sb-esrev0-ctr-stlt9	restart_count	0
1781256981	snap	3800	sdk	wrk2api	spans_received	341947
1781256981	snap	3800	sdk	wrk2api	spans_sent	341947
1781256981	snap	3800	sdk	wrk2api	spans_dropped	0
1781256981	snap	3800	sdk	wrk2api	spans_flushed	341947
1781256981	snap	3800	sdk	wrk2api	batches_sent	13230
1781256981	snap	3800	sdk	wrk2api	batches_dropped	0
1781256981	snap	3800	sdk	wrk2api	send_unavailable	0
1781256981	snap	3800	sdk	wrk2api	send_deadline	0
1781256981	snap	3800	sdk	wrk2api	send_exhausted	0
1781256981	snap	3800	sdk	wrk2api	send_canceled	0
1781256981	snap	3800	sdk	wrk2api	send_other	0
1781256981	snap	3800	sdk	wrk2api	buffer_depth	0
0
1781256981	snap	3800	sdk	wrk2api	cp_received	170973
1781256981	snap	3800	sdk	wrk2api	lp_received	170974
1781256981	snap	3800	sdk	wrk2api	cp_sent	170973
1781256981	snap	3800	sdk	wrk2api	lp_sent	170974
1781256981	snap	3800	sdk	wrk2api	cp_dropped	0
1781256981	snap	3800	sdk	wrk2api	lp_dropped	0
1781256981	snap	3800	sdk	composepost	spans_received	12030223
1781256981	snap	3800	sdk	composepost	spans_sent	7838757
1781256981	snap	3800	sdk	composepost	spans_dropped	4191466
1781256981	snap	3800	sdk	composepost	spans_flushed	12030223
1781256981	snap	3800	sdk	composepost	batches_sent	38648
1781256981	snap	3800	sdk	composepost	batches_dropped	13475
1781256981	snap	3800	sdk	composepost	send_unavailable	13475
1781256981	snap	3800	sdk	composepost	send_deadline	0
1781256981	snap	3800	sdk	composepost	send_exhausted	0
1781256981	snap	3800	sdk	composepost	send_canceled	0
1781256981	snap	3800	sdk	composepost	send_other	0
1781256981	snap	3800	sdk	composepost	buffer_depth	0
0
1781256981	snap	3800	sdk	composepost	cp_received	0
1781256981	snap	3800	sdk	composepost	lp_received	12030223
1781256981	snap	3800	sdk	composepost	cp_sent	0
1781256981	snap	3800	sdk	composepost	lp_sent	7838757
1781256981	snap	3800	sdk	composepost	cp_dropped	0
1781256981	snap	3800	sdk	composepost	lp_dropped	4191466
1781256981	snap	3800	sdk	hometimeline	spans_received	3007540
1781256981	snap	3800	sdk	hometimeline	spans_sent	2401717
1781256981	snap	3800	sdk	hometimeline	spans_dropped	605823
1781256981	snap	3800	sdk	hometimeline	spans_flushed	3007540
1781256981	snap	3800	sdk	hometimeline	batches_sent	11129
1781256981	snap	3800	sdk	hometimeline	batches_dropped	1956
1781256981	snap	3800	sdk	hometimeline	send_unavailable	1956
1781256981	snap	3800	sdk	hometimeline	send_deadline	0
1781256981	snap	3800	sdk	hometimeline	send_exhausted	0
1781256981	snap	3800	sdk	hometimeline	send_canceled	0
1781256981	snap	3800	sdk	hometimeline	send_other	0
1781256981	snap	3800	sdk	hometimeline	buffer_depth	0
0
1781256981	snap	3800	sdk	hometimeline	cp_received	1503770
1781256981	snap	3800	sdk	hometimeline	lp_received	1503770
1781256981	snap	3800	sdk	hometimeline	cp_sent	1421863
1781256981	snap	3800	sdk	hometimeline	lp_sent	979854
1781256981	snap	3800	sdk	hometimeline	cp_dropped	81907
1781256981	snap	3800	sdk	hometimeline	lp_dropped	523916
1781256981	snap	3800	sdk	media	spans_received	1503779
1781256981	snap	3800	sdk	media	spans_sent	1373571
1781256981	snap	3800	sdk	media	spans_dropped	130208
1781256981	snap	3800	sdk	media	spans_flushed	1503779
1781256981	snap	3800	sdk	media	batches_sent	6083
1781256981	snap	3800	sdk	media	batches_dropped	407
1781256981	snap	3800	sdk	media	send_unavailable	407
1781256981	snap	3800	sdk	media	send_deadline	0
1781256981	snap	3800	sdk	media	send_exhausted	0
1781256981	snap	3800	sdk	media	send_canceled	0
1781256981	snap	3800	sdk	media	send_other	0
1781256981	snap	3800	sdk	media	buffer_depth	0
0
1781256981	snap	3800	sdk	media	cp_received	1503779
1781256981	snap	3800	sdk	media	lp_received	0
1781256981	snap	3800	sdk	media	cp_sent	1373571
1781256981	snap	3800	sdk	media	lp_sent	0
1781256981	snap	3800	sdk	media	cp_dropped	130208
1781256981	snap	3800	sdk	media	lp_dropped	0
1781256981	snap	3800	sdk	post-storage	spans_received	1503770
1781256981	snap	3800	sdk	post-storage	spans_sent	1503770
1781256981	snap	3800	sdk	post-storage	spans_dropped	0
1781256981	snap	3800	sdk	post-storage	spans_flushed	1503770
1781256981	snap	3800	sdk	post-storage	batches_sent	6525
1781256981	snap	3800	sdk	post-storage	batches_dropped	0
1781256981	snap	3800	sdk	post-storage	send_unavailable	0
1781256981	snap	3800	sdk	post-storage	send_deadline	0
1781256981	snap	3800	sdk	post-storage	send_exhausted	0
1781256981	snap	3800	sdk	post-storage	send_canceled	0
1781256981	snap	3800	sdk	post-storage	send_other	0
1781256981	snap	3800	sdk	post-storage	buffer_depth	0
0
1781256981	snap	3800	sdk	post-storage	cp_received	1503770
1781256981	snap	3800	sdk	post-storage	lp_received	0
1781256981	snap	3800	sdk	post-storage	cp_sent	1503770
1781256981	snap	3800	sdk	post-storage	lp_sent	0
1781256981	snap	3800	sdk	post-storage	cp_dropped	0
1781256981	snap	3800	sdk	post-storage	lp_dropped	0
1781256981	snap	3800	sdk	socialgraph	spans_received	1617604
1781256981	snap	3800	sdk	socialgraph	spans_sent	1617604
1781256981	snap	3800	sdk	socialgraph	spans_dropped	0
1781256981	snap	3800	sdk	socialgraph	spans_flushed	1617604
1781256981	snap	3800	sdk	socialgraph	batches_sent	6991
1781256981	snap	3800	sdk	socialgraph	batches_dropped	0
1781256981	snap	3800	sdk	socialgraph	send_unavailable	0
1781256981	snap	3800	sdk	socialgraph	send_deadline	0
1781256981	snap	3800	sdk	socialgraph	send_exhausted	0
1781256981	snap	3800	sdk	socialgraph	send_canceled	0
1781256981	snap	3800	sdk	socialgraph	send_other	0
1781256981	snap	3800	sdk	socialgraph	buffer_depth	0
0
1781256981	snap	3800	sdk	socialgraph	cp_received	1504732
1781256981	snap	3800	sdk	socialgraph	lp_received	112872
1781256981	snap	3800	sdk	socialgraph	cp_sent	1504732
1781256981	snap	3800	sdk	socialgraph	lp_sent	112872
1781256981	snap	3800	sdk	socialgraph	cp_dropped	0
1781256981	snap	3800	sdk	socialgraph	lp_dropped	0
1781256981	snap	3800	sdk	text	spans_received	4511355
1781256981	snap	3800	sdk	text	spans_sent	3449629
1781256981	snap	3800	sdk	text	spans_dropped	1061726
1781256981	snap	3800	sdk	text	spans_flushed	4511355
1781256981	snap	3800	sdk	text	batches_sent	16119
1781256981	snap	3800	sdk	text	batches_dropped	3343
1781256981	snap	3800	sdk	text	send_unavailable	3343
1781256981	snap	3800	sdk	text	send_deadline	0
1781256981	snap	3800	sdk	text	send_exhausted	0
1781256981	snap	3800	sdk	text	send_canceled	0
1781256981	snap	3800	sdk	text	send_other	0
1781256981	snap	3800	sdk	text	buffer_depth	0
0
1781256981	snap	3800	sdk	text	cp_received	1503779
1781256981	snap	3800	sdk	text	lp_received	3007576
1781256981	snap	3800	sdk	text	cp_sent	1372482
1781256981	snap	3800	sdk	text	lp_sent	2077147
1781256981	snap	3800	sdk	text	cp_dropped	131297
1781256981	snap	3800	sdk	text	lp_dropped	930429
1781256981	snap	3800	sdk	uniqueid	spans_received	1503779
1781256981	snap	3800	sdk	uniqueid	spans_sent	1433921
1781256981	snap	3800	sdk	uniqueid	spans_dropped	69858
1781256981	snap	3800	sdk	uniqueid	spans_flushed	1503779
1781256981	snap	3800	sdk	uniqueid	batches_sent	6290
1781256981	snap	3800	sdk	uniqueid	batches_dropped	231
1781256981	snap	3800	sdk	uniqueid	send_unavailable	231
1781256981	snap	3800	sdk	uniqueid	send_deadline	0
1781256981	snap	3800	sdk	uniqueid	send_exhausted	0
1781256981	snap	3800	sdk	uniqueid	send_canceled	0
1781256981	snap	3800	sdk	uniqueid	send_other	0
1781256981	snap	3800	sdk	uniqueid	buffer_depth	0
0
1781256981	snap	3800	sdk	uniqueid	cp_received	1503779
1781256981	snap	3800	sdk	uniqueid	lp_received	0
1781256981	snap	3800	sdk	uniqueid	cp_sent	1433921
1781256981	snap	3800	sdk	uniqueid	lp_sent	0
1781256981	snap	3800	sdk	uniqueid	cp_dropped	69858
1781256981	snap	3800	sdk	uniqueid	lp_dropped	0
1781256981	snap	3800	sdk	urlshorten	spans_received	1503779
1781256981	snap	3800	sdk	urlshorten	spans_sent	1503779
1781256981	snap	3800	sdk	urlshorten	spans_dropped	0
1781256981	snap	3800	sdk	urlshorten	spans_flushed	1503779
1781256981	snap	3800	sdk	urlshorten	batches_sent	6503
1781256981	snap	3800	sdk	urlshorten	batches_dropped	0
1781256981	snap	3800	sdk	urlshorten	send_unavailable	0
1781256981	snap	3800	sdk	urlshorten	send_deadline	0
1781256981	snap	3800	sdk	urlshorten	send_exhausted	0
1781256981	snap	3800	sdk	urlshorten	send_canceled	0
1781256981	snap	3800	sdk	urlshorten	send_other	0
1781256981	snap	3800	sdk	urlshorten	buffer_depth	0
0
1781256981	snap	3800	sdk	urlshorten	cp_received	1503779
1781256981	snap	3800	sdk	urlshorten	lp_received	0
1781256981	snap	3800	sdk	urlshorten	cp_sent	1503779
1781256981	snap	3800	sdk	urlshorten	lp_sent	0
1781256981	snap	3800	sdk	urlshorten	cp_dropped	0
1781256981	snap	3800	sdk	urlshorten	lp_dropped	0
1781256981	snap	3800	sdk	user	spans_received	1505703
1781256981	snap	3800	sdk	user	spans_sent	1505703
1781256981	snap	3800	sdk	user	spans_dropped	0
1781256981	snap	3800	sdk	user	spans_flushed	1505703
1781256981	snap	3800	sdk	user	batches_sent	6540
1781256981	snap	3800	sdk	user	batches_dropped	0
1781256981	snap	3800	sdk	user	send_unavailable	0
1781256981	snap	3800	sdk	user	send_deadline	0
1781256981	snap	3800	sdk	user	send_exhausted	0
1781256981	snap	3800	sdk	user	send_canceled	0
1781256981	snap	3800	sdk	user	send_other	0
1781256981	snap	3800	sdk	user	buffer_depth	0
0
1781256981	snap	3800	sdk	user	cp_received	1503779
1781256981	snap	3800	sdk	user	lp_received	1924
1781256981	snap	3800	sdk	user	cp_sent	1503779
1781256981	snap	3800	sdk	user	lp_sent	1924
1781256981	snap	3800	sdk	user	cp_dropped	0
1781256981	snap	3800	sdk	user	lp_dropped	0
1781256981	snap	3800	sdk	userid	spans_received	75248
1781256981	snap	3800	sdk	userid	spans_sent	75248
1781256981	snap	3800	sdk	userid	spans_dropped	0
1781256981	snap	3800	sdk	userid	spans_flushed	75248
1781256981	snap	3800	sdk	userid	batches_sent	239
1781256981	snap	3800	sdk	userid	batches_dropped	0
1781256981	snap	3800	sdk	userid	send_unavailable	0
1781256981	snap	3800	sdk	userid	send_deadline	0
1781256981	snap	3800	sdk	userid	send_exhausted	0
1781256981	snap	3800	sdk	userid	send_canceled	0
1781256981	snap	3800	sdk	userid	send_other	0
1781256981	snap	3800	sdk	userid	buffer_depth	0
0
1781256981	snap	3800	sdk	userid	cp_received	75248
1781256981	snap	3800	sdk	userid	lp_received	0
1781256981	snap	3800	sdk	userid	cp_sent	75248
1781256981	snap	3800	sdk	userid	lp_sent	0
1781256981	snap	3800	sdk	userid	cp_dropped	0
1781256981	snap	3800	sdk	userid	lp_dropped	0
1781256981	snap	3800	sdk	usermention	spans_received	1503779
1781256981	snap	3800	sdk	usermention	spans_sent	1434260
1781256981	snap	3800	sdk	usermention	spans_dropped	69519
1781256981	snap	3800	sdk	usermention	spans_flushed	1503779
1781256981	snap	3800	sdk	usermention	batches_sent	6274
1781256981	snap	3800	sdk	usermention	batches_dropped	229
1781256981	snap	3800	sdk	usermention	send_unavailable	229
1781256981	snap	3800	sdk	usermention	send_deadline	0
1781256981	snap	3800	sdk	usermention	send_exhausted	0
1781256981	snap	3800	sdk	usermention	send_canceled	0
1781256981	snap	3800	sdk	usermention	send_other	0
1781256981	snap	3800	sdk	usermention	buffer_depth	0
0
1781256981	snap	3800	sdk	usermention	cp_received	1503779
1781256981	snap	3800	sdk	usermention	lp_received	0
1781256981	snap	3800	sdk	usermention	cp_sent	1434260
1781256981	snap	3800	sdk	usermention	lp_sent	0
1781256981	snap	3800	sdk	usermention	cp_dropped	69519
1781256981	snap	3800	sdk	usermention	lp_dropped	0
1781256981	snap	3800	sdk	usertimeline	spans_received	1503770
1781256981	snap	3800	sdk	usertimeline	spans_sent	1503770
1781256981	snap	3800	sdk	usertimeline	spans_dropped	0
1781256981	snap	3800	sdk	usertimeline	spans_flushed	1503770
1781256981	snap	3800	sdk	usertimeline	batches_sent	6438
1781256981	snap	3800	sdk	usertimeline	batches_dropped	0
1781256981	snap	3800	sdk	usertimeline	send_unavailable	0
1781256981	snap	3800	sdk	usertimeline	send_deadline	0
1781256981	snap	3800	sdk	usertimeline	send_exhausted	0
1781256981	snap	3800	sdk	usertimeline	send_canceled	0
1781256981	snap	3800	sdk	usertimeline	send_other	0
1781256981	snap	3800	sdk	usertimeline	buffer_depth	0
0
1781256981	snap	3800	sdk	usertimeline	cp_received	1503770
1781256981	snap	3800	sdk	usertimeline	lp_received	0
1781256981	snap	3800	sdk	usertimeline	cp_sent	1503770
1781256981	snap	3800	sdk	usertimeline	lp_sent	0
1781256981	snap	3800	sdk	usertimeline	cp_dropped	0
1781256981	snap	3800	sdk	usertimeline	lp_dropped	0
1781257049	snap	3800	otelcol	otelcol-sb-esrev0-ctr-s4p4v	otelcol_exporter_queue_size	111
1781257049	snap	3800	otelcol	otelcol-sb-esrev0-ctr-s4p4v	otelcol_process_cpu_seconds	50
1781257049	snap	3800	otelcol	otelcol-sb-esrev0-ctr-s4p4v	otelcol_processor_batch_batch_send_size_sum	2105225
1781257049	snap	3800	otelcol	otelcol-sb-esrev0-ctr-s4p4v	otelcol_process_runtime_total_alloc_bytes	1499939152
1781257049	snap	3800	otelcol	otelcol-sb-esrev0-ctr-s4p4v	otelcol_exporter_send_failed_spans	0
1781257049	snap	3800	otelcol	otelcol-sb-esrev0-ctr-s4p4v	otelcol_receiver_failed_spans	0
1781257049	snap	3800	otelcol	otelcol-sb-esrev0-ctr-s4p4v	otelcol_processor_outgoing_items	2105225
1781257049	snap	3800	otelcol	otelcol-sb-esrev0-ctr-s4p4v	otelcol_receiver_accepted_spans	2105225
1781257049	snap	3800	otelcol	otelcol-sb-esrev0-ctr-s4p4v	otelcol_exporter_queue_batch_send_size_sum	2105225
1781257049	snap	3800	otelcol	otelcol-sb-esrev0-ctr-s4p4v	otelcol_receiver_refused_spans	2058
1781257049	snap	3800	otelcol	otelcol-sb-esrev0-ctr-s4p4v	otelcol_process_uptime	924
1781257049	snap	3800	otelcol	otelcol-sb-esrev0-ctr-s4p4v	otelcol_exporter_sent_spans	2006908
1781257049	snap	3800	otelcol	otelcol-sb-esrev0-ctr-s4p4v	otelcol_processor_batch_metadata_cardinality	1
1781257049	snap	3800	otelcol	otelcol-sb-esrev0-ctr-s4p4v	otelcol_processor_batch_timeout_trigger_send	3651
1781257049	snap	3800	otelcol	otelcol-sb-esrev0-ctr-s4p4v	otelcol_process_runtime_heap_alloc_bytes	77070368
1781257049	snap	3800	otelcol	otelcol-sb-esrev0-ctr-s4p4v	otelcol_processor_incoming_items	2107283
1781257049	snap	3800	otelcol	otelcol-sb-esrev0-ctr-s4p4v	otelcol_process_runtime_total_sys_memory_bytes	149805352
1781257049	snap	3800	otelcol	otelcol-sb-esrev0-ctr-s4p4v	otelcol_process_memory_rss	252039168
1781257049	snap	3800	otelcol	otelcol-sb-esrev0-ctr-s4p4v	otelcol_exporter_queue_capacity	1001
1781257049	snap	3800	otelcol	otelcol-sb-esrev0-ctr-lbwgk	otelcol_receiver_refused_spans	0
1781257049	snap	3800	otelcol	otelcol-sb-esrev0-ctr-lbwgk	otelcol_process_uptime	924
1781257049	snap	3800	otelcol	otelcol-sb-esrev0-ctr-lbwgk	otelcol_exporter_queue_size	82
1781257049	snap	3800	otelcol	otelcol-sb-esrev0-ctr-lbwgk	otelcol_exporter_queue_batch_send_size_sum	388997
1781257049	snap	3800	otelcol	otelcol-sb-esrev0-ctr-lbwgk	otelcol_processor_outgoing_items	388997
1781257049	snap	3800	otelcol	otelcol-sb-esrev0-ctr-lbwgk	otelcol_process_runtime_total_alloc_bytes	518264688
1781257049	snap	3800	otelcol	otelcol-sb-esrev0-ctr-lbwgk	otelcol_processor_batch_batch_send_size_sum	388997
1781257049	snap	3800	otelcol	otelcol-sb-esrev0-ctr-lbwgk	otelcol_exporter_send_failed_spans	0
1781257049	snap	3800	otelcol	otelcol-sb-esrev0-ctr-lbwgk	otelcol_processor_batch_metadata_cardinality	1
1781257049	snap	3800	otelcol	otelcol-sb-esrev0-ctr-lbwgk	otelcol_process_memory_rss	220483584
1781257049	snap	3800	otelcol	otelcol-sb-esrev0-ctr-lbwgk	otelcol_receiver_accepted_spans	388997
1781257049	snap	3800	otelcol	otelcol-sb-esrev0-ctr-lbwgk	otelcol_processor_batch_timeout_trigger_send	3648
1781257049	snap	3800	otelcol	otelcol-sb-esrev0-ctr-lbwgk	otelcol_process_runtime_heap_alloc_bytes	33796200
1781257049	snap	3800	otelcol	otelcol-sb-esrev0-ctr-lbwgk	otelcol_process_cpu_seconds	35
1781257049	snap	3800	otelcol	otelcol-sb-esrev0-ctr-lbwgk	otelcol_processor_incoming_items	388997
1781257049	snap	3800	otelcol	otelcol-sb-esrev0-ctr-lbwgk	otelcol_process_runtime_total_sys_memory_bytes	84723992
1781257049	snap	3800	otelcol	otelcol-sb-esrev0-ctr-lbwgk	otelcol_exporter_sent_spans	375759
1781257049	snap	3800	otelcol	otelcol-sb-esrev0-ctr-lbwgk	otelcol_exporter_queue_capacity	1001
1781257049	snap	3800	otelcol	otelcol-sb-esrev0-ctr-lbwgk	otelcol_receiver_failed_spans	0
1781257049	snap	3800	otelcol	otelcol-sb-esrev0-ctr-4qc2z	otelcol_receiver_failed_spans	0
1781257049	snap	3800	otelcol	otelcol-sb-esrev0-ctr-4qc2z	otelcol_process_cpu_seconds	50
1781257049	snap	3800	otelcol	otelcol-sb-esrev0-ctr-4qc2z	otelcol_receiver_refused_spans	0
1781257049	snap	3800	otelcol	otelcol-sb-esrev0-ctr-4qc2z	otelcol_process_runtime_heap_alloc_bytes	64692944
1781257049	snap	3800	otelcol	otelcol-sb-esrev0-ctr-4qc2z	otelcol_process_memory_rss	254509056
1781257049	snap	3800	otelcol	otelcol-sb-esrev0-ctr-4qc2z	otelcol_exporter_send_failed_spans	0
1781257049	snap	3800	otelcol	otelcol-sb-esrev0-ctr-4qc2z	otelcol_process_runtime_total_alloc_bytes	1499598768
1781257049	snap	3800	otelcol	otelcol-sb-esrev0-ctr-4qc2z	otelcol_processor_batch_metadata_cardinality	1
1781257049	snap	3800	otelcol	otelcol-sb-esrev0-ctr-4qc2z	otelcol_processor_incoming_items	2106874
1781257049	snap	3800	otelcol	otelcol-sb-esrev0-ctr-4qc2z	otelcol_processor_batch_timeout_trigger_send	3656
1781257049	snap	3800	otelcol	otelcol-sb-esrev0-ctr-4qc2z	otelcol_processor_batch_batch_send_size_sum	2106874
1781257049	snap	3800	otelcol	otelcol-sb-esrev0-ctr-4qc2z	otelcol_process_runtime_total_sys_memory_bytes	123988248
1781257049	snap	3800	otelcol	otelcol-sb-esrev0-ctr-4qc2z	otelcol_exporter_sent_spans	2054660
1781257049	snap	3800	otelcol	otelcol-sb-esrev0-ctr-4qc2z	otelcol_receiver_accepted_spans	2106874
1781257049	snap	3800	otelcol	otelcol-sb-esrev0-ctr-4qc2z	otelcol_processor_outgoing_items	2106874
1781257049	snap	3800	otelcol	otelcol-sb-esrev0-ctr-4qc2z	otelcol_exporter_queue_size	58
1781257049	snap	3800	otelcol	otelcol-sb-esrev0-ctr-4qc2z	otelcol_exporter_queue_batch_send_size_sum	2106874
1781257049	snap	3800	otelcol	otelcol-sb-esrev0-ctr-4qc2z	otelcol_process_uptime	925
1781257049	snap	3800	otelcol	otelcol-sb-esrev0-ctr-4qc2z	otelcol_exporter_queue_capacity	1001
1781257049	snap	3800	otelcol	otelcol-sb-esrev0-ctr-stlt9	otelcol_processor_incoming_items	3823735
1781257049	snap	3800	otelcol	otelcol-sb-esrev0-ctr-stlt9	otelcol_receiver_accepted_spans	3612492
1781257049	snap	3800	otelcol	otelcol-sb-esrev0-ctr-stlt9	otelcol_processor_outgoing_items	3612492
1781257049	snap	3800	otelcol	otelcol-sb-esrev0-ctr-stlt9	otelcol_processor_batch_metadata_cardinality	1
1781257049	snap	3800	otelcol	otelcol-sb-esrev0-ctr-stlt9	otelcol_processor_batch_timeout_trigger_send	3543
1781257049	snap	3800	otelcol	otelcol-sb-esrev0-ctr-stlt9	otelcol_processor_batch_batch_send_size_sum	3612492
1781257049	snap	3800	otelcol	otelcol-sb-esrev0-ctr-stlt9	otelcol_process_memory_rss	302993408
1781257049	snap	3800	otelcol	otelcol-sb-esrev0-ctr-stlt9	otelcol_exporter_queue_capacity	1001
1781257049	snap	3800	otelcol	otelcol-sb-esrev0-ctr-stlt9	otelcol_exporter_sent_spans	3418411
1781257049	snap	3800	otelcol	otelcol-sb-esrev0-ctr-stlt9	otelcol_process_runtime_total_sys_memory_bytes	189905192
1781257049	snap	3800	otelcol	otelcol-sb-esrev0-ctr-stlt9	otelcol_exporter_queue_size	124
1781257049	snap	3800	otelcol	otelcol-sb-esrev0-ctr-stlt9	otelcol_receiver_refused_spans	211243
1781257049	snap	3800	otelcol	otelcol-sb-esrev0-ctr-stlt9	otelcol_receiver_failed_spans	0
1781257049	snap	3800	otelcol	otelcol-sb-esrev0-ctr-stlt9	otelcol_process_uptime	925
1781257049	snap	3800	otelcol	otelcol-sb-esrev0-ctr-stlt9	otelcol_process_runtime_heap_alloc_bytes	128562800
1781257049	snap	3800	otelcol	otelcol-sb-esrev0-ctr-stlt9	otelcol_exporter_send_failed_spans	0
1781257049	snap	3800	otelcol	otelcol-sb-esrev0-ctr-stlt9	otelcol_exporter_queue_batch_send_size_sum	3612492
1781257049	snap	3800	otelcol	otelcol-sb-esrev0-ctr-stlt9	otelcol_process_runtime_total_alloc_bytes	2484898536
1781257049	snap	3800	otelcol	otelcol-sb-esrev0-ctr-stlt9	otelcol_process_cpu_seconds	71
1781257049	snap	3800	otelcol	otelcol-sb-esrev0-ctr-f8wkx	otelcol_receiver_failed_spans	0
1781257049	snap	3800	otelcol	otelcol-sb-esrev0-ctr-f8wkx	otelcol_process_runtime_total_sys_memory_bytes	202754360
1781257049	snap	3800	otelcol	otelcol-sb-esrev0-ctr-f8wkx	otelcol_exporter_queue_size	120
1781257049	snap	3800	otelcol	otelcol-sb-esrev0-ctr-f8wkx	otelcol_process_runtime_total_alloc_bytes	4157261992
1781257049	snap	3800	otelcol	otelcol-sb-esrev0-ctr-f8wkx	otelcol_exporter_send_failed_spans	0
1781257049	snap	3800	otelcol	otelcol-sb-esrev0-ctr-f8wkx	otelcol_processor_batch_metadata_cardinality	1
1781257049	snap	3800	otelcol	otelcol-sb-esrev0-ctr-f8wkx	otelcol_exporter_queue_batch_send_size_sum	5782712
1781257049	snap	3800	otelcol	otelcol-sb-esrev0-ctr-f8wkx	otelcol_processor_batch_timeout_trigger_send	3467
1781257049	snap	3800	otelcol	otelcol-sb-esrev0-ctr-f8wkx	otelcol_processor_incoming_items	7334786
1781257049	snap	3800	otelcol	otelcol-sb-esrev0-ctr-f8wkx	otelcol_process_cpu_seconds	98
1781257049	snap	3800	otelcol	otelcol-sb-esrev0-ctr-f8wkx	otelcol_processor_batch_batch_send_size_sum	5782712
1781257049	snap	3800	otelcol	otelcol-sb-esrev0-ctr-f8wkx	otelcol_process_uptime	924
1781257049	snap	3800	otelcol	otelcol-sb-esrev0-ctr-f8wkx	otelcol_process_runtime_heap_alloc_bytes	122967608
1781257049	snap	3800	otelcol	otelcol-sb-esrev0-ctr-f8wkx	otelcol_exporter_sent_spans	5596758
1781257049	snap	3800	otelcol	otelcol-sb-esrev0-ctr-f8wkx	otelcol_receiver_refused_spans	1552074
1781257049	snap	3800	otelcol	otelcol-sb-esrev0-ctr-f8wkx	otelcol_processor_outgoing_items	5782712
1781257049	snap	3800	otelcol	otelcol-sb-esrev0-ctr-f8wkx	otelcol_receiver_accepted_spans	5782712
1781257049	snap	3800	otelcol	otelcol-sb-esrev0-ctr-f8wkx	otelcol_process_memory_rss	323973120
1781257049	snap	3800	otelcol	otelcol-sb-esrev0-ctr-f8wkx	otelcol_exporter_queue_capacity	1001
1781257049	snap	3800	otelcol	otelcol-sb-esrev0-ctr-r2dsm	otelcol_receiver_refused_spans	6352501
1781257049	snap	3800	otelcol	otelcol-sb-esrev0-ctr-r2dsm	otelcol_receiver_failed_spans	0
1781257049	snap	3800	otelcol	otelcol-sb-esrev0-ctr-r2dsm	otelcol_processor_outgoing_items	11205363
1781257049	snap	3800	otelcol	otelcol-sb-esrev0-ctr-r2dsm	otelcol_process_uptime	923
1781257049	snap	3800	otelcol	otelcol-sb-esrev0-ctr-r2dsm	otelcol_process_runtime_total_alloc_bytes	9548616528
1781257049	snap	3800	otelcol	otelcol-sb-esrev0-ctr-r2dsm	otelcol_process_memory_rss	321323008
1781257049	snap	3800	otelcol	otelcol-sb-esrev0-ctr-r2dsm	otelcol_exporter_send_failed_spans	0
1781257049	snap	3800	otelcol	otelcol-sb-esrev0-ctr-r2dsm	otelcol_exporter_queue_batch_send_size_sum	11205363
1781257049	snap	3800	otelcol	otelcol-sb-esrev0-ctr-r2dsm	otelcol_receiver_accepted_spans	11205363
1781257049	snap	3800	otelcol	otelcol-sb-esrev0-ctr-r2dsm	otelcol_processor_batch_metadata_cardinality	1
1781257049	snap	3800	otelcol	otelcol-sb-esrev0-ctr-r2dsm	otelcol_processor_batch_timeout_trigger_send	3491
1781257049	snap	3800	otelcol	otelcol-sb-esrev0-ctr-r2dsm	otelcol_processor_batch_batch_size_trigger_send	26
1781257049	snap	3800	otelcol	otelcol-sb-esrev0-ctr-r2dsm	otelcol_processor_batch_batch_send_size_sum	11205363
1781257049	snap	3800	otelcol	otelcol-sb-esrev0-ctr-r2dsm	otelcol_process_cpu_seconds	156
1781257049	snap	3800	otelcol	otelcol-sb-esrev0-ctr-r2dsm	otelcol_exporter_queue_capacity	1001
1781257049	snap	3800	otelcol	otelcol-sb-esrev0-ctr-r2dsm	otelcol_process_runtime_heap_alloc_bytes	115090264
1781257049	snap	3800	otelcol	otelcol-sb-esrev0-ctr-r2dsm	otelcol_exporter_sent_spans	11052531
1781257049	snap	3800	otelcol	otelcol-sb-esrev0-ctr-r2dsm	otelcol_exporter_queue_size	131
1781257049	snap	3800	otelcol	otelcol-sb-esrev0-ctr-r2dsm	otelcol_processor_incoming_items	17557864
1781257049	snap	3800	otelcol	otelcol-sb-esrev0-ctr-r2dsm	otelcol_process_runtime_total_sys_memory_bytes	209373496
1781257049	snap	3800	otelcol	otelcol-sb-esrev0-ctr-knvlf	otelcol_receiver_accepted_spans	2104542
1781257049	snap	3800	otelcol	otelcol-sb-esrev0-ctr-knvlf	otelcol_process_runtime_total_sys_memory_bytes	136276248
1781257049	snap	3800	otelcol	otelcol-sb-esrev0-ctr-knvlf	otelcol_process_runtime_heap_alloc_bytes	78166840
1781257049	snap	3800	otelcol	otelcol-sb-esrev0-ctr-knvlf	otelcol_processor_batch_metadata_cardinality	1
1781257049	snap	3800	otelcol	otelcol-sb-esrev0-ctr-knvlf	otelcol_processor_batch_timeout_trigger_send	3650
1781257049	snap	3800	otelcol	otelcol-sb-esrev0-ctr-knvlf	otelcol_processor_batch_batch_send_size_sum	2104542
1781257049	snap	3800	otelcol	otelcol-sb-esrev0-ctr-knvlf	otelcol_process_cpu_seconds	52
1781257049	snap	3800	otelcol	otelcol-sb-esrev0-ctr-knvlf	otelcol_exporter_queue_capacity	1001
1781257049	snap	3800	otelcol	otelcol-sb-esrev0-ctr-knvlf	otelcol_exporter_queue_batch_send_size_sum	2104542
1781257049	snap	3800	otelcol	otelcol-sb-esrev0-ctr-knvlf	otelcol_receiver_refused_spans	1951
1781257049	snap	3800	otelcol	otelcol-sb-esrev0-ctr-knvlf	otelcol_process_memory_rss	255188992
1781257049	snap	3800	otelcol	otelcol-sb-esrev0-ctr-knvlf	otelcol_process_uptime	925
1781257049	snap	3800	otelcol	otelcol-sb-esrev0-ctr-knvlf	otelcol_process_runtime_total_alloc_bytes	1498016504
1781257049	snap	3800	otelcol	otelcol-sb-esrev0-ctr-knvlf	otelcol_exporter_sent_spans	2010616
1781257049	snap	3800	otelcol	otelcol-sb-esrev0-ctr-knvlf	otelcol_exporter_queue_size	106
1781257049	snap	3800	otelcol	otelcol-sb-esrev0-ctr-knvlf	otelcol_processor_incoming_items	2106493
1781257049	snap	3800	otelcol	otelcol-sb-esrev0-ctr-knvlf	otelcol_receiver_failed_spans	0
1781257049	snap	3800	otelcol	otelcol-sb-esrev0-ctr-knvlf	otelcol_processor_outgoing_items	2104542
1781257049	snap	3800	otelcol	otelcol-sb-esrev0-ctr-knvlf	otelcol_exporter_send_failed_spans	0
1781257049	snap	3800	otelcol	otelcol-sb-esrev0-ctr-fb877	otelcol_exporter_send_failed_spans	0
1781257049	snap	3800	otelcol	otelcol-sb-esrev0-ctr-fb877	otelcol_process_uptime	925
1781257049	snap	3800	otelcol	otelcol-sb-esrev0-ctr-fb877	otelcol_process_runtime_heap_alloc_bytes	86843352
1781257049	snap	3800	otelcol	otelcol-sb-esrev0-ctr-fb877	otelcol_process_cpu_seconds	48
1781257049	snap	3800	otelcol	otelcol-sb-esrev0-ctr-fb877	otelcol_exporter_queue_capacity	1001
1781257049	snap	3800	otelcol	otelcol-sb-esrev0-ctr-fb877	otelcol_exporter_sent_spans	1975202
1781257049	snap	3800	otelcol	otelcol-sb-esrev0-ctr-fb877	otelcol_exporter_queue_batch_send_size_sum	2105031
1781257049	snap	3800	otelcol	otelcol-sb-esrev0-ctr-fb877	otelcol_processor_incoming_items	2109280
1781257049	snap	3800	otelcol	otelcol-sb-esrev0-ctr-fb877	otelcol_receiver_failed_spans	0
1781257049	snap	3800	otelcol	otelcol-sb-esrev0-ctr-fb877	otelcol_processor_batch_batch_send_size_sum	2105031
1781257049	snap	3800	otelcol	otelcol-sb-esrev0-ctr-fb877	otelcol_processor_outgoing_items	2105031
1781257049	snap	3800	otelcol	otelcol-sb-esrev0-ctr-fb877	otelcol_processor_batch_metadata_cardinality	1
1781257049	snap	3800	otelcol	otelcol-sb-esrev0-ctr-fb877	otelcol_process_runtime_total_sys_memory_bytes	145664280
1781257049	snap	3800	otelcol	otelcol-sb-esrev0-ctr-fb877	otelcol_exporter_queue_size	149
1781257049	snap	3800	otelcol	otelcol-sb-esrev0-ctr-fb877	otelcol_processor_batch_timeout_trigger_send	3660
1781257049	snap	3800	otelcol	otelcol-sb-esrev0-ctr-fb877	otelcol_receiver_refused_spans	4249
1781257049	snap	3800	otelcol	otelcol-sb-esrev0-ctr-fb877	otelcol_receiver_accepted_spans	2105031
1781257049	snap	3800	otelcol	otelcol-sb-esrev0-ctr-fb877	otelcol_process_runtime_total_alloc_bytes	1534263544
1781257049	snap	3800	otelcol	otelcol-sb-esrev0-ctr-fb877	otelcol_process_memory_rss	264790016
1781257049	snap	3800	otelcol	otelcol-sb-esrev0-ctr-b7q4j	otelcol_processor_batch_timeout_trigger_send	3665
1781257049	snap	3800	otelcol	otelcol-sb-esrev0-ctr-b7q4j	otelcol_exporter_queue_capacity	1001
1781257049	snap	3800	otelcol	otelcol-sb-esrev0-ctr-b7q4j	otelcol_receiver_failed_spans	0
1781257049	snap	3800	otelcol	otelcol-sb-esrev0-ctr-b7q4j	otelcol_processor_batch_batch_send_size_sum	2218574
1781257049	snap	3800	otelcol	otelcol-sb-esrev0-ctr-b7q4j	otelcol_exporter_queue_batch_send_size_sum	2218574
1781257049	snap	3800	otelcol	otelcol-sb-esrev0-ctr-b7q4j	otelcol_process_runtime_heap_alloc_bytes	57725096
1781257049	snap	3800	otelcol	otelcol-sb-esrev0-ctr-b7q4j	otelcol_process_cpu_seconds	49
1781257049	snap	3800	otelcol	otelcol-sb-esrev0-ctr-b7q4j	otelcol_exporter_send_failed_spans	0
1781257049	snap	3800	otelcol	otelcol-sb-esrev0-ctr-b7q4j	otelcol_process_memory_rss	242040832
1781257049	snap	3800	otelcol	otelcol-sb-esrev0-ctr-b7q4j	otelcol_exporter_sent_spans	2187513
1781257049	snap	3800	otelcol	otelcol-sb-esrev0-ctr-b7q4j	otelcol_processor_incoming_items	2221866
1781257049	snap	3800	otelcol	otelcol-sb-esrev0-ctr-b7q4j	otelcol_process_uptime	927
1781257049	snap	3800	otelcol	otelcol-sb-esrev0-ctr-b7q4j	otelcol_process_runtime_total_alloc_bytes	1583185872
1781257049	snap	3800	otelcol	otelcol-sb-esrev0-ctr-b7q4j	otelcol_receiver_refused_spans	3292
1781257049	snap	3800	otelcol	otelcol-sb-esrev0-ctr-b7q4j	otelcol_processor_outgoing_items	2218574
1781257049	snap	3800	otelcol	otelcol-sb-esrev0-ctr-b7q4j	otelcol_receiver_accepted_spans	2218574
1781257049	snap	3800	otelcol	otelcol-sb-esrev0-ctr-b7q4j	otelcol_processor_batch_metadata_cardinality	1
1781257049	snap	3800	otelcol	otelcol-sb-esrev0-ctr-b7q4j	otelcol_process_runtime_total_sys_memory_bytes	149883160
1781257049	snap	3800	otelcol	otelcol-sb-esrev0-ctr-b7q4j	otelcol_exporter_queue_size	35
1781257049	snap	3800	k8s	otelcol-sb-esrev0-ctr-4qc2z	restart_count	0
1781257049	snap	3800	k8s	otelcol-sb-esrev0-ctr-b7q4j	restart_count	0
1781257049	snap	3800	k8s	otelcol-sb-esrev0-ctr-f8wkx	restart_count	0
1781257049	snap	3800	k8s	otelcol-sb-esrev0-ctr-fb877	restart_count	0
1781257049	snap	3800	k8s	otelcol-sb-esrev0-ctr-knvlf	restart_count	0
1781257049	snap	3800	k8s	otelcol-sb-esrev0-ctr-lbwgk	restart_count	0
1781257049	snap	3800	k8s	otelcol-sb-esrev0-ctr-r2dsm	restart_count	0
1781257049	snap	3800	k8s	otelcol-sb-esrev0-ctr-s4p4v	restart_count	0
1781257049	snap	3800	k8s	otelcol-sb-esrev0-ctr-stlt9	restart_count	0
1781257049	snap	3800	sdk	wrk2api	spans_received	388997
1781257049	snap	3800	sdk	wrk2api	spans_sent	388997
1781257049	snap	3800	sdk	wrk2api	spans_dropped	0
1781257049	snap	3800	sdk	wrk2api	spans_flushed	388997
1781257049	snap	3800	sdk	wrk2api	batches_sent	14432
1781257049	snap	3800	sdk	wrk2api	batches_dropped	0
1781257049	snap	3800	sdk	wrk2api	send_unavailable	0
1781257049	snap	3800	sdk	wrk2api	send_deadline	0
1781257049	snap	3800	sdk	wrk2api	send_exhausted	0
1781257049	snap	3800	sdk	wrk2api	send_canceled	0
1781257049	snap	3800	sdk	wrk2api	send_other	0
1781257049	snap	3800	sdk	wrk2api	buffer_depth	0
0
1781257049	snap	3800	sdk	wrk2api	cp_received	194498
1781257049	snap	3800	sdk	wrk2api	lp_received	194499
1781257049	snap	3800	sdk	wrk2api	cp_sent	194498
1781257049	snap	3800	sdk	wrk2api	lp_sent	194499
1781257049	snap	3800	sdk	wrk2api	cp_dropped	0
1781257049	snap	3800	sdk	wrk2api	lp_dropped	0
1781257049	snap	3800	sdk	composepost	spans_received	13735311
1781257049	snap	3800	sdk	composepost	spans_sent	8265206
1781257049	snap	3800	sdk	composepost	spans_dropped	5470105
1781257049	snap	3800	sdk	composepost	spans_flushed	13735311
1781257049	snap	3800	sdk	composepost	batches_sent	39890
1781257049	snap	3800	sdk	composepost	batches_dropped	17316
1781257049	snap	3800	sdk	composepost	send_unavailable	17316
1781257049	snap	3800	sdk	composepost	send_deadline	0
1781257049	snap	3800	sdk	composepost	send_exhausted	0
1781257049	snap	3800	sdk	composepost	send_canceled	0
1781257049	snap	3800	sdk	composepost	send_other	0
1781257049	snap	3800	sdk	composepost	buffer_depth	0
0
1781257049	snap	3800	sdk	composepost	cp_received	0
1781257049	snap	3800	sdk	composepost	lp_received	13735311
1781257049	snap	3800	sdk	composepost	cp_sent	0
1781257049	snap	3800	sdk	composepost	lp_sent	8265206
1781257049	snap	3800	sdk	composepost	cp_dropped	0
1781257049	snap	3800	sdk	composepost	lp_dropped	5470105
1781257049	snap	3800	sdk	hometimeline	spans_received	3433812
1781257049	snap	3800	sdk	hometimeline	spans_sent	2639922
1781257049	snap	3800	sdk	hometimeline	spans_dropped	793890
1781257049	snap	3800	sdk	hometimeline	spans_flushed	3433812
1781257049	snap	3800	sdk	hometimeline	batches_sent	11842
1781257049	snap	3800	sdk	hometimeline	batches_dropped	2521
1781257049	snap	3800	sdk	hometimeline	send_unavailable	2521
1781257049	snap	3800	sdk	hometimeline	send_deadline	0
1781257049	snap	3800	sdk	hometimeline	send_exhausted	0
1781257049	snap	3800	sdk	hometimeline	send_canceled	0
1781257049	snap	3800	sdk	hometimeline	send_other	0
1781257049	snap	3800	sdk	hometimeline	buffer_depth	0
0
1781257049	snap	3800	sdk	hometimeline	cp_received	1716906
1781257049	snap	3800	sdk	hometimeline	lp_received	1716906
1781257049	snap	3800	sdk	hometimeline	cp_sent	1605775
1781257049	snap	3800	sdk	hometimeline	lp_sent	1034147
1781257049	snap	3800	sdk	hometimeline	cp_dropped	111131
1781257049	snap	3800	sdk	hometimeline	lp_dropped	682759
1781257049	snap	3800	sdk	media	spans_received	1716915
1781257049	snap	3800	sdk	media	spans_sent	1562166
1781257049	snap	3800	sdk	media	spans_dropped	154749
1781257049	snap	3800	sdk	media	spans_flushed	1716915
1781257049	snap	3800	sdk	media	batches_sent	6639
1781257049	snap	3800	sdk	media	batches_dropped	480
1781257049	snap	3800	sdk	media	send_unavailable	480
1781257049	snap	3800	sdk	media	send_deadline	0
1781257049	snap	3800	sdk	media	send_exhausted	0
1781257049	snap	3800	sdk	media	send_canceled	0
1781257049	snap	3800	sdk	media	send_other	0
1781257049	snap	3800	sdk	media	buffer_depth	0
0
1781257049	snap	3800	sdk	media	cp_received	1716915
1781257049	snap	3800	sdk	media	lp_received	0
1781257049	snap	3800	sdk	media	cp_sent	1562166
1781257049	snap	3800	sdk	media	lp_sent	0
1781257049	snap	3800	sdk	media	cp_dropped	154749
1781257049	snap	3800	sdk	media	lp_dropped	0
1781257049	snap	3800	sdk	post-storage	spans_received	1716906
1781257049	snap	3800	sdk	post-storage	spans_sent	1716906
1781257049	snap	3800	sdk	post-storage	spans_dropped	0
1781257049	snap	3800	sdk	post-storage	spans_flushed	1716906
1781257049	snap	3800	sdk	post-storage	batches_sent	7161
1781257049	snap	3800	sdk	post-storage	batches_dropped	0
1781257049	snap	3800	sdk	post-storage	send_unavailable	0
1781257049	snap	3800	sdk	post-storage	send_deadline	0
1781257049	snap	3800	sdk	post-storage	send_exhausted	0
1781257049	snap	3800	sdk	post-storage	send_canceled	0
1781257049	snap	3800	sdk	post-storage	send_other	0
1781257049	snap	3800	sdk	post-storage	buffer_depth	0
0
1781257049	snap	3800	sdk	post-storage	cp_received	1716906
1781257049	snap	3800	sdk	post-storage	lp_received	0
1781257049	snap	3800	sdk	post-storage	cp_sent	1716906
1781257049	snap	3800	sdk	post-storage	lp_sent	0
1781257049	snap	3800	sdk	post-storage	cp_dropped	0
1781257049	snap	3800	sdk	post-storage	lp_dropped	0
1781257049	snap	3800	sdk	socialgraph	spans_received	1830740
1781257049	snap	3800	sdk	socialgraph	spans_sent	1830740
1781257049	snap	3800	sdk	socialgraph	spans_dropped	0
1781257049	snap	3800	sdk	socialgraph	spans_flushed	1830740
1781257049	snap	3800	sdk	socialgraph	batches_sent	7613
1781257049	snap	3800	sdk	socialgraph	batches_dropped	0
1781257049	snap	3800	sdk	socialgraph	send_unavailable	0
1781257049	snap	3800	sdk	socialgraph	send_deadline	0
1781257049	snap	3800	sdk	socialgraph	send_exhausted	0
1781257049	snap	3800	sdk	socialgraph	send_canceled	0
1781257049	snap	3800	sdk	socialgraph	send_other	0
1781257049	snap	3800	sdk	socialgraph	buffer_depth	0
0
1781257049	snap	3800	sdk	socialgraph	cp_received	1717868
1781257049	snap	3800	sdk	socialgraph	lp_received	112872
1781257049	snap	3800	sdk	socialgraph	cp_sent	1717868
1781257049	snap	3800	sdk	socialgraph	lp_sent	112872
1781257049	snap	3800	sdk	socialgraph	cp_dropped	0
1781257049	snap	3800	sdk	socialgraph	lp_dropped	0
1781257049	snap	3800	sdk	text	spans_received	5150763
1781257049	snap	3800	sdk	text	spans_sent	3835371
1781257049	snap	3800	sdk	text	spans_dropped	1315392
1781257049	snap	3800	sdk	text	spans_flushed	5150763
1781257049	snap	3800	sdk	text	batches_sent	17249
1781257049	snap	3800	sdk	text	batches_dropped	4086
1781257049	snap	3800	sdk	text	send_unavailable	4086
1781257049	snap	3800	sdk	text	send_deadline	0
1781257049	snap	3800	sdk	text	send_exhausted	0
1781257049	snap	3800	sdk	text	send_canceled	0
1781257049	snap	3800	sdk	text	send_other	0
1781257049	snap	3800	sdk	text	buffer_depth	0
0
1781257049	snap	3800	sdk	text	cp_received	1716915
1781257049	snap	3800	sdk	text	lp_received	3433848
1781257049	snap	3800	sdk	text	cp_sent	1562008
1781257049	snap	3800	sdk	text	lp_sent	2273363
1781257049	snap	3800	sdk	text	cp_dropped	154907
1781257049	snap	3800	sdk	text	lp_dropped	1160485
1781257049	snap	3800	sdk	uniqueid	spans_received	1716915
1781257049	snap	3800	sdk	uniqueid	spans_sent	1635046
1781257049	snap	3800	sdk	uniqueid	spans_dropped	81869
1781257049	snap	3800	sdk	uniqueid	spans_flushed	1716915
1781257049	snap	3800	sdk	uniqueid	batches_sent	6886
1781257049	snap	3800	sdk	uniqueid	batches_dropped	264
1781257049	snap	3800	sdk	uniqueid	send_unavailable	264
1781257049	snap	3800	sdk	uniqueid	send_deadline	0
1781257049	snap	3800	sdk	uniqueid	send_exhausted	0
1781257049	snap	3800	sdk	uniqueid	send_canceled	0
1781257049	snap	3800	sdk	uniqueid	send_other	0
1781257049	snap	3800	sdk	uniqueid	buffer_depth	0
0
1781257049	snap	3800	sdk	uniqueid	cp_received	1716915
1781257049	snap	3800	sdk	uniqueid	lp_received	0
1781257049	snap	3800	sdk	uniqueid	cp_sent	1635046
1781257049	snap	3800	sdk	uniqueid	lp_sent	0
1781257049	snap	3800	sdk	uniqueid	cp_dropped	81869
1781257049	snap	3800	sdk	uniqueid	lp_dropped	0
1781257049	snap	3800	sdk	urlshorten	spans_received	1716915
1781257049	snap	3800	sdk	urlshorten	spans_sent	1716915
1781257049	snap	3800	sdk	urlshorten	spans_dropped	0
1781257049	snap	3800	sdk	urlshorten	spans_flushed	1716915
1781257049	snap	3800	sdk	urlshorten	batches_sent	7134
1781257049	snap	3800	sdk	urlshorten	batches_dropped	0
1781257049	snap	3800	sdk	urlshorten	send_unavailable	0
1781257049	snap	3800	sdk	urlshorten	send_deadline	0
1781257049	snap	3800	sdk	urlshorten	send_exhausted	0
1781257049	snap	3800	sdk	urlshorten	send_canceled	0
1781257049	snap	3800	sdk	urlshorten	send_other	0
1781257049	snap	3800	sdk	urlshorten	buffer_depth	0
0
1781257049	snap	3800	sdk	urlshorten	cp_received	1716915
1781257049	snap	3800	sdk	urlshorten	lp_received	0
1781257049	snap	3800	sdk	urlshorten	cp_sent	1716915
1781257049	snap	3800	sdk	urlshorten	lp_sent	0
1781257049	snap	3800	sdk	urlshorten	cp_dropped	0
1781257049	snap	3800	sdk	urlshorten	lp_dropped	0
1781257049	snap	3800	sdk	user	spans_received	1718839
1781257049	snap	3800	sdk	user	spans_sent	1718839
1781257049	snap	3800	sdk	user	spans_dropped	0
1781257049	snap	3800	sdk	user	spans_flushed	1718839
1781257049	snap	3800	sdk	user	batches_sent	7173
1781257049	snap	3800	sdk	user	batches_dropped	0
1781257049	snap	3800	sdk	user	send_unavailable	0
1781257049	snap	3800	sdk	user	send_deadline	0
1781257049	snap	3800	sdk	user	send_exhausted	0
1781257049	snap	3800	sdk	user	send_canceled	0
1781257049	snap	3800	sdk	user	send_other	0
1781257049	snap	3800	sdk	user	buffer_depth	0
0
1781257049	snap	3800	sdk	user	cp_received	1716915
1781257049	snap	3800	sdk	user	lp_received	1924
1781257049	snap	3800	sdk	user	cp_sent	1716915
1781257049	snap	3800	sdk	user	lp_sent	1924
1781257049	snap	3800	sdk	user	cp_dropped	0
1781257049	snap	3800	sdk	user	lp_dropped	0
1781257049	snap	3800	sdk	userid	spans_received	75248
1781257049	snap	3800	sdk	userid	spans_sent	75248
1781257049	snap	3800	sdk	userid	spans_dropped	0
1781257049	snap	3800	sdk	userid	spans_flushed	75248
1781257049	snap	3800	sdk	userid	batches_sent	239
1781257049	snap	3800	sdk	userid	batches_dropped	0
1781257049	snap	3800	sdk	userid	send_unavailable	0
1781257049	snap	3800	sdk	userid	send_deadline	0
1781257049	snap	3800	sdk	userid	send_exhausted	0
1781257049	snap	3800	sdk	userid	send_canceled	0
1781257049	snap	3800	sdk	userid	send_other	0
1781257049	snap	3800	sdk	userid	buffer_depth	0
0
1781257049	snap	3800	sdk	userid	cp_received	75248
1781257049	snap	3800	sdk	userid	lp_received	0
1781257049	snap	3800	sdk	userid	cp_sent	75248
1781257049	snap	3800	sdk	userid	lp_sent	0
1781257049	snap	3800	sdk	userid	cp_dropped	0
1781257049	snap	3800	sdk	userid	lp_dropped	0
1781257049	snap	3800	sdk	usermention	spans_received	1716915
1781257049	snap	3800	sdk	usermention	spans_sent	1635390
1781257049	snap	3800	sdk	usermention	spans_dropped	81525
1781257049	snap	3800	sdk	usermention	spans_flushed	1716915
1781257049	snap	3800	sdk	usermention	batches_sent	6871
1781257049	snap	3800	sdk	usermention	batches_dropped	262
1781257049	snap	3800	sdk	usermention	send_unavailable	262
1781257049	snap	3800	sdk	usermention	send_deadline	0
1781257049	snap	3800	sdk	usermention	send_exhausted	0
1781257049	snap	3800	sdk	usermention	send_canceled	0
1781257049	snap	3800	sdk	usermention	send_other	0
1781257049	snap	3800	sdk	usermention	buffer_depth	0
0
1781257049	snap	3800	sdk	usermention	cp_received	1716915
1781257049	snap	3800	sdk	usermention	lp_received	0
1781257049	snap	3800	sdk	usermention	cp_sent	1635390
1781257049	snap	3800	sdk	usermention	lp_sent	0
1781257049	snap	3800	sdk	usermention	cp_dropped	81525
1781257049	snap	3800	sdk	usermention	lp_dropped	0
1781257049	snap	3800	sdk	usertimeline	spans_received	1716906
1781257049	snap	3800	sdk	usertimeline	spans_sent	1716906
1781257049	snap	3800	sdk	usertimeline	spans_dropped	0
1781257049	snap	3800	sdk	usertimeline	spans_flushed	1716906
1781257049	snap	3800	sdk	usertimeline	batches_sent	7060
1781257049	snap	3800	sdk	usertimeline	batches_dropped	0
1781257049	snap	3800	sdk	usertimeline	send_unavailable	0
1781257049	snap	3800	sdk	usertimeline	send_deadline	0
1781257049	snap	3800	sdk	usertimeline	send_exhausted	0
1781257049	snap	3800	sdk	usertimeline	send_canceled	0
1781257049	snap	3800	sdk	usertimeline	send_other	0
1781257049	snap	3800	sdk	usertimeline	buffer_depth	0
0
1781257049	snap	3800	sdk	usertimeline	cp_received	1716906
1781257049	snap	3800	sdk	usertimeline	lp_received	0
1781257049	snap	3800	sdk	usertimeline	cp_sent	1716906
1781257049	snap	3800	sdk	usertimeline	lp_sent	0
1781257049	snap	3800	sdk	usertimeline	cp_dropped	0
1781257049	snap	3800	sdk	usertimeline	lp_dropped	0
1781257056	snap	4000	otelcol	otelcol-sb-esrev0-ctr-s4p4v	otelcol_exporter_queue_size	79
1781257056	snap	4000	otelcol	otelcol-sb-esrev0-ctr-s4p4v	otelcol_process_cpu_seconds	50
1781257056	snap	4000	otelcol	otelcol-sb-esrev0-ctr-s4p4v	otelcol_processor_batch_batch_send_size_sum	2105225
1781257056	snap	4000	otelcol	otelcol-sb-esrev0-ctr-s4p4v	otelcol_process_runtime_total_alloc_bytes	1503595568
1781257056	snap	4000	otelcol	otelcol-sb-esrev0-ctr-s4p4v	otelcol_exporter_send_failed_spans	0
1781257056	snap	4000	otelcol	otelcol-sb-esrev0-ctr-s4p4v	otelcol_receiver_failed_spans	0
1781257056	snap	4000	otelcol	otelcol-sb-esrev0-ctr-s4p4v	otelcol_processor_outgoing_items	2105225
1781257056	snap	4000	otelcol	otelcol-sb-esrev0-ctr-s4p4v	otelcol_receiver_accepted_spans	2105225
1781257056	snap	4000	otelcol	otelcol-sb-esrev0-ctr-s4p4v	otelcol_exporter_queue_batch_send_size_sum	2105225
1781257056	snap	4000	otelcol	otelcol-sb-esrev0-ctr-s4p4v	otelcol_receiver_refused_spans	2058
1781257056	snap	4000	otelcol	otelcol-sb-esrev0-ctr-s4p4v	otelcol_process_uptime	932
1781257056	snap	4000	otelcol	otelcol-sb-esrev0-ctr-s4p4v	otelcol_exporter_sent_spans	2035110
1781257056	snap	4000	otelcol	otelcol-sb-esrev0-ctr-s4p4v	otelcol_processor_batch_metadata_cardinality	1
1781257056	snap	4000	otelcol	otelcol-sb-esrev0-ctr-s4p4v	otelcol_processor_batch_timeout_trigger_send	3651
1781257056	snap	4000	otelcol	otelcol-sb-esrev0-ctr-s4p4v	otelcol_process_runtime_heap_alloc_bytes	80726784
1781257056	snap	4000	otelcol	otelcol-sb-esrev0-ctr-s4p4v	otelcol_processor_incoming_items	2107283
1781257056	snap	4000	otelcol	otelcol-sb-esrev0-ctr-s4p4v	otelcol_process_runtime_total_sys_memory_bytes	149805352
1781257056	snap	4000	otelcol	otelcol-sb-esrev0-ctr-s4p4v	otelcol_process_memory_rss	252297216
1781257056	snap	4000	otelcol	otelcol-sb-esrev0-ctr-s4p4v	otelcol_exporter_queue_capacity	1001
1781257056	snap	4000	otelcol	otelcol-sb-esrev0-ctr-lbwgk	otelcol_receiver_refused_spans	0
1781257056	snap	4000	otelcol	otelcol-sb-esrev0-ctr-lbwgk	otelcol_process_uptime	931
1781257056	snap	4000	otelcol	otelcol-sb-esrev0-ctr-lbwgk	otelcol_exporter_queue_size	79
1781257056	snap	4000	otelcol	otelcol-sb-esrev0-ctr-lbwgk	otelcol_exporter_queue_batch_send_size_sum	388997
1781257056	snap	4000	otelcol	otelcol-sb-esrev0-ctr-lbwgk	otelcol_processor_outgoing_items	388997
1781257056	snap	4000	otelcol	otelcol-sb-esrev0-ctr-lbwgk	otelcol_process_runtime_total_alloc_bytes	518997280
1781257056	snap	4000	otelcol	otelcol-sb-esrev0-ctr-lbwgk	otelcol_processor_batch_batch_send_size_sum	388997
1781257056	snap	4000	otelcol	otelcol-sb-esrev0-ctr-lbwgk	otelcol_exporter_send_failed_spans	0
1781257056	snap	4000	otelcol	otelcol-sb-esrev0-ctr-lbwgk	otelcol_processor_batch_metadata_cardinality	1
1781257056	snap	4000	otelcol	otelcol-sb-esrev0-ctr-lbwgk	otelcol_process_memory_rss	220483584
1781257056	snap	4000	otelcol	otelcol-sb-esrev0-ctr-lbwgk	otelcol_receiver_accepted_spans	388997
1781257056	snap	4000	otelcol	otelcol-sb-esrev0-ctr-lbwgk	otelcol_processor_batch_timeout_trigger_send	3648
1781257056	snap	4000	otelcol	otelcol-sb-esrev0-ctr-lbwgk	otelcol_process_runtime_heap_alloc_bytes	34528792
1781257056	snap	4000	otelcol	otelcol-sb-esrev0-ctr-lbwgk	otelcol_process_cpu_seconds	35
1781257056	snap	4000	otelcol	otelcol-sb-esrev0-ctr-lbwgk	otelcol_processor_incoming_items	388997
1781257056	snap	4000	otelcol	otelcol-sb-esrev0-ctr-lbwgk	otelcol_process_runtime_total_sys_memory_bytes	84723992
1781257056	snap	4000	otelcol	otelcol-sb-esrev0-ctr-lbwgk	otelcol_exporter_sent_spans	376239
1781257056	snap	4000	otelcol	otelcol-sb-esrev0-ctr-lbwgk	otelcol_exporter_queue_capacity	1001
1781257056	snap	4000	otelcol	otelcol-sb-esrev0-ctr-lbwgk	otelcol_receiver_failed_spans	0
1781257056	snap	4000	otelcol	otelcol-sb-esrev0-ctr-4qc2z	otelcol_receiver_failed_spans	0
1781257056	snap	4000	otelcol	otelcol-sb-esrev0-ctr-4qc2z	otelcol_process_cpu_seconds	50
1781257056	snap	4000	otelcol	otelcol-sb-esrev0-ctr-4qc2z	otelcol_receiver_refused_spans	0
1781257056	snap	4000	otelcol	otelcol-sb-esrev0-ctr-4qc2z	otelcol_process_runtime_heap_alloc_bytes	65733080
1781257056	snap	4000	otelcol	otelcol-sb-esrev0-ctr-4qc2z	otelcol_process_memory_rss	254509056
1781257056	snap	4000	otelcol	otelcol-sb-esrev0-ctr-4qc2z	otelcol_exporter_send_failed_spans	0
1781257056	snap	4000	otelcol	otelcol-sb-esrev0-ctr-4qc2z	otelcol_process_runtime_total_alloc_bytes	1500638904
1781257056	snap	4000	otelcol	otelcol-sb-esrev0-ctr-4qc2z	otelcol_processor_batch_metadata_cardinality	1
1781257056	snap	4000	otelcol	otelcol-sb-esrev0-ctr-4qc2z	otelcol_processor_incoming_items	2106874
1781257056	snap	4000	otelcol	otelcol-sb-esrev0-ctr-4qc2z	otelcol_processor_batch_timeout_trigger_send	3656
1781257056	snap	4000	otelcol	otelcol-sb-esrev0-ctr-4qc2z	otelcol_processor_batch_batch_send_size_sum	2106874
1781257056	snap	4000	otelcol	otelcol-sb-esrev0-ctr-4qc2z	otelcol_process_runtime_total_sys_memory_bytes	123988248
1781257056	snap	4000	otelcol	otelcol-sb-esrev0-ctr-4qc2z	otelcol_exporter_sent_spans	2054660
1781257056	snap	4000	otelcol	otelcol-sb-esrev0-ctr-4qc2z	otelcol_receiver_accepted_spans	2106874
1781257056	snap	4000	otelcol	otelcol-sb-esrev0-ctr-4qc2z	otelcol_processor_outgoing_items	2106874
1781257056	snap	4000	otelcol	otelcol-sb-esrev0-ctr-4qc2z	otelcol_exporter_queue_size	58
1781257056	snap	4000	otelcol	otelcol-sb-esrev0-ctr-4qc2z	otelcol_exporter_queue_batch_send_size_sum	2106874
1781257056	snap	4000	otelcol	otelcol-sb-esrev0-ctr-4qc2z	otelcol_process_uptime	932
1781257056	snap	4000	otelcol	otelcol-sb-esrev0-ctr-4qc2z	otelcol_exporter_queue_capacity	1001
1781257056	snap	4000	otelcol	otelcol-sb-esrev0-ctr-stlt9	otelcol_processor_incoming_items	3823735
1781257056	snap	4000	otelcol	otelcol-sb-esrev0-ctr-stlt9	otelcol_receiver_accepted_spans	3612492
1781257056	snap	4000	otelcol	otelcol-sb-esrev0-ctr-stlt9	otelcol_processor_outgoing_items	3612492
1781257056	snap	4000	otelcol	otelcol-sb-esrev0-ctr-stlt9	otelcol_processor_batch_metadata_cardinality	1
1781257056	snap	4000	otelcol	otelcol-sb-esrev0-ctr-stlt9	otelcol_processor_batch_timeout_trigger_send	3543
1781257056	snap	4000	otelcol	otelcol-sb-esrev0-ctr-stlt9	otelcol_processor_batch_batch_send_size_sum	3612492
1781257056	snap	4000	otelcol	otelcol-sb-esrev0-ctr-stlt9	otelcol_process_memory_rss	304214016
1781257056	snap	4000	otelcol	otelcol-sb-esrev0-ctr-stlt9	otelcol_exporter_queue_capacity	1001
1781257056	snap	4000	otelcol	otelcol-sb-esrev0-ctr-stlt9	otelcol_exporter_sent_spans	3423309
1781257056	snap	4000	otelcol	otelcol-sb-esrev0-ctr-stlt9	otelcol_process_runtime_total_sys_memory_bytes	189905192
1781257056	snap	4000	otelcol	otelcol-sb-esrev0-ctr-stlt9	otelcol_exporter_queue_size	121
1781257056	snap	4000	otelcol	otelcol-sb-esrev0-ctr-stlt9	otelcol_receiver_refused_spans	211243
1781257056	snap	4000	otelcol	otelcol-sb-esrev0-ctr-stlt9	otelcol_receiver_failed_spans	0
1781257056	snap	4000	otelcol	otelcol-sb-esrev0-ctr-stlt9	otelcol_process_uptime	932
1781257056	snap	4000	otelcol	otelcol-sb-esrev0-ctr-stlt9	otelcol_process_runtime_heap_alloc_bytes	130277280
1781257056	snap	4000	otelcol	otelcol-sb-esrev0-ctr-stlt9	otelcol_exporter_send_failed_spans	0
1781257056	snap	4000	otelcol	otelcol-sb-esrev0-ctr-stlt9	otelcol_exporter_queue_batch_send_size_sum	3612492
1781257056	snap	4000	otelcol	otelcol-sb-esrev0-ctr-stlt9	otelcol_process_runtime_total_alloc_bytes	2486613016
1781257056	snap	4000	otelcol	otelcol-sb-esrev0-ctr-stlt9	otelcol_process_cpu_seconds	71
1781257056	snap	4000	otelcol	otelcol-sb-esrev0-ctr-f8wkx	otelcol_receiver_failed_spans	0
1781257056	snap	4000	otelcol	otelcol-sb-esrev0-ctr-f8wkx	otelcol_process_runtime_total_sys_memory_bytes	202754360
1781257056	snap	4000	otelcol	otelcol-sb-esrev0-ctr-f8wkx	otelcol_exporter_queue_size	81
1781257056	snap	4000	otelcol	otelcol-sb-esrev0-ctr-f8wkx	otelcol_process_runtime_total_alloc_bytes	4164932032
1781257056	snap	4000	otelcol	otelcol-sb-esrev0-ctr-f8wkx	otelcol_exporter_send_failed_spans	0
1781257056	snap	4000	otelcol	otelcol-sb-esrev0-ctr-f8wkx	otelcol_processor_batch_metadata_cardinality	1
1781257056	snap	4000	otelcol	otelcol-sb-esrev0-ctr-f8wkx	otelcol_exporter_queue_batch_send_size_sum	5782712
1781257056	snap	4000	otelcol	otelcol-sb-esrev0-ctr-f8wkx	otelcol_processor_batch_timeout_trigger_send	3467
1781257056	snap	4000	otelcol	otelcol-sb-esrev0-ctr-f8wkx	otelcol_processor_incoming_items	7334786
1781257056	snap	4000	otelcol	otelcol-sb-esrev0-ctr-f8wkx	otelcol_process_cpu_seconds	99
1781257056	snap	4000	otelcol	otelcol-sb-esrev0-ctr-f8wkx	otelcol_processor_batch_batch_send_size_sum	5782712
1781257056	snap	4000	otelcol	otelcol-sb-esrev0-ctr-f8wkx	otelcol_process_uptime	931
1781257056	snap	4000	otelcol	otelcol-sb-esrev0-ctr-f8wkx	otelcol_process_runtime_heap_alloc_bytes	130637648
1781257056	snap	4000	otelcol	otelcol-sb-esrev0-ctr-f8wkx	otelcol_exporter_sent_spans	5657572
1781257056	snap	4000	otelcol	otelcol-sb-esrev0-ctr-f8wkx	otelcol_receiver_refused_spans	1552074
1781257056	snap	4000	otelcol	otelcol-sb-esrev0-ctr-f8wkx	otelcol_processor_outgoing_items	5782712
1781257056	snap	4000	otelcol	otelcol-sb-esrev0-ctr-f8wkx	otelcol_receiver_accepted_spans	5782712
1781257056	snap	4000	otelcol	otelcol-sb-esrev0-ctr-f8wkx	otelcol_process_memory_rss	323973120
1781257056	snap	4000	otelcol	otelcol-sb-esrev0-ctr-f8wkx	otelcol_exporter_queue_capacity	1001
1781257056	snap	4000	otelcol	otelcol-sb-esrev0-ctr-r2dsm	otelcol_receiver_refused_spans	6352501
1781257056	snap	4000	otelcol	otelcol-sb-esrev0-ctr-r2dsm	otelcol_receiver_failed_spans	0
1781257056	snap	4000	otelcol	otelcol-sb-esrev0-ctr-r2dsm	otelcol_processor_outgoing_items	11205363
1781257056	snap	4000	otelcol	otelcol-sb-esrev0-ctr-r2dsm	otelcol_process_uptime	931
1781257056	snap	4000	otelcol	otelcol-sb-esrev0-ctr-r2dsm	otelcol_process_runtime_total_alloc_bytes	9550138592
1781257056	snap	4000	otelcol	otelcol-sb-esrev0-ctr-r2dsm	otelcol_process_memory_rss	321323008
1781257056	snap	4000	otelcol	otelcol-sb-esrev0-ctr-r2dsm	otelcol_exporter_send_failed_spans	0
1781257056	snap	4000	otelcol	otelcol-sb-esrev0-ctr-r2dsm	otelcol_exporter_queue_batch_send_size_sum	11205363
1781257056	snap	4000	otelcol	otelcol-sb-esrev0-ctr-r2dsm	otelcol_receiver_accepted_spans	11205363
1781257056	snap	4000	otelcol	otelcol-sb-esrev0-ctr-r2dsm	otelcol_processor_batch_metadata_cardinality	1
1781257056	snap	4000	otelcol	otelcol-sb-esrev0-ctr-r2dsm	otelcol_processor_batch_timeout_trigger_send	3491
1781257056	snap	4000	otelcol	otelcol-sb-esrev0-ctr-r2dsm	otelcol_processor_batch_batch_size_trigger_send	26
1781257056	snap	4000	otelcol	otelcol-sb-esrev0-ctr-r2dsm	otelcol_processor_batch_batch_send_size_sum	11205363
1781257056	snap	4000	otelcol	otelcol-sb-esrev0-ctr-r2dsm	otelcol_process_cpu_seconds	156
1781257056	snap	4000	otelcol	otelcol-sb-esrev0-ctr-r2dsm	otelcol_exporter_queue_capacity	1001
1781257056	snap	4000	otelcol	otelcol-sb-esrev0-ctr-r2dsm	otelcol_process_runtime_heap_alloc_bytes	116612328
1781257056	snap	4000	otelcol	otelcol-sb-esrev0-ctr-r2dsm	otelcol_exporter_sent_spans	11059431
1781257056	snap	4000	otelcol	otelcol-sb-esrev0-ctr-r2dsm	otelcol_exporter_queue_size	122
1781257056	snap	4000	otelcol	otelcol-sb-esrev0-ctr-r2dsm	otelcol_processor_incoming_items	17557864
1781257056	snap	4000	otelcol	otelcol-sb-esrev0-ctr-r2dsm	otelcol_process_runtime_total_sys_memory_bytes	209373496
1781257056	snap	4000	otelcol	otelcol-sb-esrev0-ctr-knvlf	otelcol_receiver_accepted_spans	2104542
1781257056	snap	4000	otelcol	otelcol-sb-esrev0-ctr-knvlf	otelcol_process_runtime_total_sys_memory_bytes	136276248
1781257056	snap	4000	otelcol	otelcol-sb-esrev0-ctr-knvlf	otelcol_process_runtime_heap_alloc_bytes	82313216
1781257056	snap	4000	otelcol	otelcol-sb-esrev0-ctr-knvlf	otelcol_processor_batch_metadata_cardinality	1
1781257056	snap	4000	otelcol	otelcol-sb-esrev0-ctr-knvlf	otelcol_processor_batch_timeout_trigger_send	3650
1781257056	snap	4000	otelcol	otelcol-sb-esrev0-ctr-knvlf	otelcol_processor_batch_batch_send_size_sum	2104542
1781257056	snap	4000	otelcol	otelcol-sb-esrev0-ctr-knvlf	otelcol_process_cpu_seconds	52
1781257056	snap	4000	otelcol	otelcol-sb-esrev0-ctr-knvlf	otelcol_exporter_queue_capacity	1001
1781257056	snap	4000	otelcol	otelcol-sb-esrev0-ctr-knvlf	otelcol_exporter_queue_batch_send_size_sum	2104542
1781257056	snap	4000	otelcol	otelcol-sb-esrev0-ctr-knvlf	otelcol_receiver_refused_spans	1951
1781257056	snap	4000	otelcol	otelcol-sb-esrev0-ctr-knvlf	otelcol_process_memory_rss	255389696
1781257056	snap	4000	otelcol	otelcol-sb-esrev0-ctr-knvlf	otelcol_process_uptime	932
1781257056	snap	4000	otelcol	otelcol-sb-esrev0-ctr-knvlf	otelcol_process_runtime_total_alloc_bytes	1502162880
1781257056	snap	4000	otelcol	otelcol-sb-esrev0-ctr-knvlf	otelcol_exporter_sent_spans	2044700
1781257056	snap	4000	otelcol	otelcol-sb-esrev0-ctr-knvlf	otelcol_exporter_queue_size	67
1781257056	snap	4000	otelcol	otelcol-sb-esrev0-ctr-knvlf	otelcol_processor_incoming_items	2106493
1781257056	snap	4000	otelcol	otelcol-sb-esrev0-ctr-knvlf	otelcol_receiver_failed_spans	0
1781257056	snap	4000	otelcol	otelcol-sb-esrev0-ctr-knvlf	otelcol_processor_outgoing_items	2104542
1781257056	snap	4000	otelcol	otelcol-sb-esrev0-ctr-knvlf	otelcol_exporter_send_failed_spans	0
1781257056	snap	4000	otelcol	otelcol-sb-esrev0-ctr-fb877	otelcol_exporter_send_failed_spans	0
1781257056	snap	4000	otelcol	otelcol-sb-esrev0-ctr-fb877	otelcol_process_uptime	932
1781257056	snap	4000	otelcol	otelcol-sb-esrev0-ctr-fb877	otelcol_process_runtime_heap_alloc_bytes	89703744
1781257056	snap	4000	otelcol	otelcol-sb-esrev0-ctr-fb877	otelcol_process_cpu_seconds	48
1781257056	snap	4000	otelcol	otelcol-sb-esrev0-ctr-fb877	otelcol_exporter_queue_capacity	1001
1781257056	snap	4000	otelcol	otelcol-sb-esrev0-ctr-fb877	otelcol_exporter_sent_spans	1996039
1781257056	snap	4000	otelcol	otelcol-sb-esrev0-ctr-fb877	otelcol_exporter_queue_batch_send_size_sum	2105031
1781257056	snap	4000	otelcol	otelcol-sb-esrev0-ctr-fb877	otelcol_processor_incoming_items	2109280
1781257056	snap	4000	otelcol	otelcol-sb-esrev0-ctr-fb877	otelcol_receiver_failed_spans	0
1781257056	snap	4000	otelcol	otelcol-sb-esrev0-ctr-fb877	otelcol_processor_batch_batch_send_size_sum	2105031
1781257056	snap	4000	otelcol	otelcol-sb-esrev0-ctr-fb877	otelcol_processor_outgoing_items	2105031
1781257056	snap	4000	otelcol	otelcol-sb-esrev0-ctr-fb877	otelcol_processor_batch_metadata_cardinality	1
1781257056	snap	4000	otelcol	otelcol-sb-esrev0-ctr-fb877	otelcol_process_runtime_total_sys_memory_bytes	145664280
1781257056	snap	4000	otelcol	otelcol-sb-esrev0-ctr-fb877	otelcol_exporter_queue_size	124
1781257056	snap	4000	otelcol	otelcol-sb-esrev0-ctr-fb877	otelcol_processor_batch_timeout_trigger_send	3660
1781257056	snap	4000	otelcol	otelcol-sb-esrev0-ctr-fb877	otelcol_receiver_refused_spans	4249
1781257056	snap	4000	otelcol	otelcol-sb-esrev0-ctr-fb877	otelcol_receiver_accepted_spans	2105031
1781257056	snap	4000	otelcol	otelcol-sb-esrev0-ctr-fb877	otelcol_process_runtime_total_alloc_bytes	1537123936
1781257056	snap	4000	otelcol	otelcol-sb-esrev0-ctr-fb877	otelcol_process_memory_rss	264790016
1781257056	snap	4000	otelcol	otelcol-sb-esrev0-ctr-b7q4j	otelcol_processor_batch_timeout_trigger_send	3665
1781257056	snap	4000	otelcol	otelcol-sb-esrev0-ctr-b7q4j	otelcol_exporter_queue_capacity	1001
1781257056	snap	4000	otelcol	otelcol-sb-esrev0-ctr-b7q4j	otelcol_receiver_failed_spans	0
1781257056	snap	4000	otelcol	otelcol-sb-esrev0-ctr-b7q4j	otelcol_processor_batch_batch_send_size_sum	2218574
1781257056	snap	4000	otelcol	otelcol-sb-esrev0-ctr-b7q4j	otelcol_exporter_queue_batch_send_size_sum	2218574
1781257056	snap	4000	otelcol	otelcol-sb-esrev0-ctr-b7q4j	otelcol_process_runtime_heap_alloc_bytes	59072000
1781257056	snap	4000	otelcol	otelcol-sb-esrev0-ctr-b7q4j	otelcol_process_cpu_seconds	49
1781257056	snap	4000	otelcol	otelcol-sb-esrev0-ctr-b7q4j	otelcol_exporter_send_failed_spans	0
1781257056	snap	4000	otelcol	otelcol-sb-esrev0-ctr-b7q4j	otelcol_process_memory_rss	242040832
1781257056	snap	4000	otelcol	otelcol-sb-esrev0-ctr-b7q4j	otelcol_exporter_sent_spans	2191053
1781257056	snap	4000	otelcol	otelcol-sb-esrev0-ctr-b7q4j	otelcol_processor_incoming_items	2221866
1781257056	snap	4000	otelcol	otelcol-sb-esrev0-ctr-b7q4j	otelcol_process_uptime	934
1781257056	snap	4000	otelcol	otelcol-sb-esrev0-ctr-b7q4j	otelcol_process_runtime_total_alloc_bytes	1584532776
1781257056	snap	4000	otelcol	otelcol-sb-esrev0-ctr-b7q4j	otelcol_receiver_refused_spans	3292
1781257056	snap	4000	otelcol	otelcol-sb-esrev0-ctr-b7q4j	otelcol_processor_outgoing_items	2218574
1781257056	snap	4000	otelcol	otelcol-sb-esrev0-ctr-b7q4j	otelcol_receiver_accepted_spans	2218574
1781257056	snap	4000	otelcol	otelcol-sb-esrev0-ctr-b7q4j	otelcol_processor_batch_metadata_cardinality	1
1781257056	snap	4000	otelcol	otelcol-sb-esrev0-ctr-b7q4j	otelcol_process_runtime_total_sys_memory_bytes	149883160
1781257056	snap	4000	otelcol	otelcol-sb-esrev0-ctr-b7q4j	otelcol_exporter_queue_size	31
1781257056	snap	4000	k8s	otelcol-sb-esrev0-ctr-4qc2z	restart_count	0
1781257056	snap	4000	k8s	otelcol-sb-esrev0-ctr-b7q4j	restart_count	0
1781257056	snap	4000	k8s	otelcol-sb-esrev0-ctr-f8wkx	restart_count	0
1781257056	snap	4000	k8s	otelcol-sb-esrev0-ctr-fb877	restart_count	0
1781257056	snap	4000	k8s	otelcol-sb-esrev0-ctr-knvlf	restart_count	0
1781257056	snap	4000	k8s	otelcol-sb-esrev0-ctr-lbwgk	restart_count	0
1781257056	snap	4000	k8s	otelcol-sb-esrev0-ctr-r2dsm	restart_count	0
1781257056	snap	4000	k8s	otelcol-sb-esrev0-ctr-s4p4v	restart_count	0
1781257056	snap	4000	k8s	otelcol-sb-esrev0-ctr-stlt9	restart_count	0
1781257056	snap	4000	sdk	wrk2api	spans_received	388997
1781257056	snap	4000	sdk	wrk2api	spans_sent	388997
1781257056	snap	4000	sdk	wrk2api	spans_dropped	0
1781257056	snap	4000	sdk	wrk2api	spans_flushed	388997
1781257056	snap	4000	sdk	wrk2api	batches_sent	14432
1781257056	snap	4000	sdk	wrk2api	batches_dropped	0
1781257056	snap	4000	sdk	wrk2api	send_unavailable	0
1781257056	snap	4000	sdk	wrk2api	send_deadline	0
1781257056	snap	4000	sdk	wrk2api	send_exhausted	0
1781257056	snap	4000	sdk	wrk2api	send_canceled	0
1781257056	snap	4000	sdk	wrk2api	send_other	0
1781257056	snap	4000	sdk	wrk2api	buffer_depth	0
0
1781257056	snap	4000	sdk	wrk2api	cp_received	194498
1781257056	snap	4000	sdk	wrk2api	lp_received	194499
1781257056	snap	4000	sdk	wrk2api	cp_sent	194498
1781257056	snap	4000	sdk	wrk2api	lp_sent	194499
1781257056	snap	4000	sdk	wrk2api	cp_dropped	0
1781257056	snap	4000	sdk	wrk2api	lp_dropped	0
1781257056	snap	4000	sdk	composepost	spans_received	13735311
1781257056	snap	4000	sdk	composepost	spans_sent	8265206
1781257056	snap	4000	sdk	composepost	spans_dropped	5470105
1781257056	snap	4000	sdk	composepost	spans_flushed	13735311
1781257056	snap	4000	sdk	composepost	batches_sent	39890
1781257056	snap	4000	sdk	composepost	batches_dropped	17316
1781257056	snap	4000	sdk	composepost	send_unavailable	17316
1781257056	snap	4000	sdk	composepost	send_deadline	0
1781257056	snap	4000	sdk	composepost	send_exhausted	0
1781257056	snap	4000	sdk	composepost	send_canceled	0
1781257056	snap	4000	sdk	composepost	send_other	0
1781257056	snap	4000	sdk	composepost	buffer_depth	0
0
1781257056	snap	4000	sdk	composepost	cp_received	0
1781257056	snap	4000	sdk	composepost	lp_received	13735311
1781257056	snap	4000	sdk	composepost	cp_sent	0
1781257056	snap	4000	sdk	composepost	lp_sent	8265206
1781257056	snap	4000	sdk	composepost	cp_dropped	0
1781257056	snap	4000	sdk	composepost	lp_dropped	5470105
1781257056	snap	4000	sdk	hometimeline	spans_received	3433812
1781257056	snap	4000	sdk	hometimeline	spans_sent	2639922
1781257056	snap	4000	sdk	hometimeline	spans_dropped	793890
1781257056	snap	4000	sdk	hometimeline	spans_flushed	3433812
1781257056	snap	4000	sdk	hometimeline	batches_sent	11842
1781257056	snap	4000	sdk	hometimeline	batches_dropped	2521
1781257056	snap	4000	sdk	hometimeline	send_unavailable	2521
1781257056	snap	4000	sdk	hometimeline	send_deadline	0
1781257056	snap	4000	sdk	hometimeline	send_exhausted	0
1781257056	snap	4000	sdk	hometimeline	send_canceled	0
1781257056	snap	4000	sdk	hometimeline	send_other	0
1781257056	snap	4000	sdk	hometimeline	buffer_depth	0
0
1781257056	snap	4000	sdk	hometimeline	cp_received	1716906
1781257056	snap	4000	sdk	hometimeline	lp_received	1716906
1781257056	snap	4000	sdk	hometimeline	cp_sent	1605775
1781257056	snap	4000	sdk	hometimeline	lp_sent	1034147
1781257056	snap	4000	sdk	hometimeline	cp_dropped	111131
1781257056	snap	4000	sdk	hometimeline	lp_dropped	682759
1781257056	snap	4000	sdk	media	spans_received	1716915
1781257056	snap	4000	sdk	media	spans_sent	1562166
1781257056	snap	4000	sdk	media	spans_dropped	154749
1781257056	snap	4000	sdk	media	spans_flushed	1716915
1781257056	snap	4000	sdk	media	batches_sent	6639
1781257056	snap	4000	sdk	media	batches_dropped	480
1781257056	snap	4000	sdk	media	send_unavailable	480
1781257056	snap	4000	sdk	media	send_deadline	0
1781257056	snap	4000	sdk	media	send_exhausted	0
1781257056	snap	4000	sdk	media	send_canceled	0
1781257056	snap	4000	sdk	media	send_other	0
1781257056	snap	4000	sdk	media	buffer_depth	0
0
1781257056	snap	4000	sdk	media	cp_received	1716915
1781257056	snap	4000	sdk	media	lp_received	0
1781257056	snap	4000	sdk	media	cp_sent	1562166
1781257056	snap	4000	sdk	media	lp_sent	0
1781257056	snap	4000	sdk	media	cp_dropped	154749
1781257056	snap	4000	sdk	media	lp_dropped	0
1781257056	snap	4000	sdk	post-storage	spans_received	1716906
1781257056	snap	4000	sdk	post-storage	spans_sent	1716906
1781257056	snap	4000	sdk	post-storage	spans_dropped	0
1781257056	snap	4000	sdk	post-storage	spans_flushed	1716906
1781257056	snap	4000	sdk	post-storage	batches_sent	7161
1781257056	snap	4000	sdk	post-storage	batches_dropped	0
1781257056	snap	4000	sdk	post-storage	send_unavailable	0
1781257056	snap	4000	sdk	post-storage	send_deadline	0
1781257056	snap	4000	sdk	post-storage	send_exhausted	0
1781257056	snap	4000	sdk	post-storage	send_canceled	0
1781257056	snap	4000	sdk	post-storage	send_other	0
1781257056	snap	4000	sdk	post-storage	buffer_depth	0
0
1781257056	snap	4000	sdk	post-storage	cp_received	1716906
1781257056	snap	4000	sdk	post-storage	lp_received	0
1781257056	snap	4000	sdk	post-storage	cp_sent	1716906
1781257056	snap	4000	sdk	post-storage	lp_sent	0
1781257056	snap	4000	sdk	post-storage	cp_dropped	0
1781257056	snap	4000	sdk	post-storage	lp_dropped	0
1781257056	snap	4000	sdk	socialgraph	spans_received	1830740
1781257056	snap	4000	sdk	socialgraph	spans_sent	1830740
1781257056	snap	4000	sdk	socialgraph	spans_dropped	0
1781257056	snap	4000	sdk	socialgraph	spans_flushed	1830740
1781257056	snap	4000	sdk	socialgraph	batches_sent	7613
1781257056	snap	4000	sdk	socialgraph	batches_dropped	0
1781257056	snap	4000	sdk	socialgraph	send_unavailable	0
1781257056	snap	4000	sdk	socialgraph	send_deadline	0
1781257056	snap	4000	sdk	socialgraph	send_exhausted	0
1781257056	snap	4000	sdk	socialgraph	send_canceled	0
1781257056	snap	4000	sdk	socialgraph	send_other	0
1781257056	snap	4000	sdk	socialgraph	buffer_depth	0
0
1781257056	snap	4000	sdk	socialgraph	cp_received	1717868
1781257056	snap	4000	sdk	socialgraph	lp_received	112872
1781257056	snap	4000	sdk	socialgraph	cp_sent	1717868
1781257056	snap	4000	sdk	socialgraph	lp_sent	112872
1781257056	snap	4000	sdk	socialgraph	cp_dropped	0
1781257056	snap	4000	sdk	socialgraph	lp_dropped	0
1781257056	snap	4000	sdk	text	spans_received	5150763
1781257056	snap	4000	sdk	text	spans_sent	3835371
1781257056	snap	4000	sdk	text	spans_dropped	1315392
1781257056	snap	4000	sdk	text	spans_flushed	5150763
1781257056	snap	4000	sdk	text	batches_sent	17249
1781257056	snap	4000	sdk	text	batches_dropped	4086
1781257056	snap	4000	sdk	text	send_unavailable	4086
1781257056	snap	4000	sdk	text	send_deadline	0
1781257056	snap	4000	sdk	text	send_exhausted	0
1781257056	snap	4000	sdk	text	send_canceled	0
1781257056	snap	4000	sdk	text	send_other	0
1781257056	snap	4000	sdk	text	buffer_depth	0
0
1781257056	snap	4000	sdk	text	cp_received	1716915
1781257056	snap	4000	sdk	text	lp_received	3433848
1781257056	snap	4000	sdk	text	cp_sent	1562008
1781257056	snap	4000	sdk	text	lp_sent	2273363
1781257056	snap	4000	sdk	text	cp_dropped	154907
1781257056	snap	4000	sdk	text	lp_dropped	1160485
1781257056	snap	4000	sdk	uniqueid	spans_received	1716915
1781257056	snap	4000	sdk	uniqueid	spans_sent	1635046
1781257056	snap	4000	sdk	uniqueid	spans_dropped	81869
1781257056	snap	4000	sdk	uniqueid	spans_flushed	1716915
1781257056	snap	4000	sdk	uniqueid	batches_sent	6886
1781257056	snap	4000	sdk	uniqueid	batches_dropped	264
1781257056	snap	4000	sdk	uniqueid	send_unavailable	264
1781257056	snap	4000	sdk	uniqueid	send_deadline	0
1781257056	snap	4000	sdk	uniqueid	send_exhausted	0
1781257056	snap	4000	sdk	uniqueid	send_canceled	0
1781257056	snap	4000	sdk	uniqueid	send_other	0
1781257056	snap	4000	sdk	uniqueid	buffer_depth	0
0
1781257056	snap	4000	sdk	uniqueid	cp_received	1716915
1781257056	snap	4000	sdk	uniqueid	lp_received	0
1781257056	snap	4000	sdk	uniqueid	cp_sent	1635046
1781257056	snap	4000	sdk	uniqueid	lp_sent	0
1781257056	snap	4000	sdk	uniqueid	cp_dropped	81869
1781257056	snap	4000	sdk	uniqueid	lp_dropped	0
1781257056	snap	4000	sdk	urlshorten	spans_received	1716915
1781257056	snap	4000	sdk	urlshorten	spans_sent	1716915
1781257056	snap	4000	sdk	urlshorten	spans_dropped	0
1781257056	snap	4000	sdk	urlshorten	spans_flushed	1716915
1781257056	snap	4000	sdk	urlshorten	batches_sent	7134
1781257056	snap	4000	sdk	urlshorten	batches_dropped	0
1781257056	snap	4000	sdk	urlshorten	send_unavailable	0
1781257056	snap	4000	sdk	urlshorten	send_deadline	0
1781257056	snap	4000	sdk	urlshorten	send_exhausted	0
1781257056	snap	4000	sdk	urlshorten	send_canceled	0
1781257056	snap	4000	sdk	urlshorten	send_other	0
1781257056	snap	4000	sdk	urlshorten	buffer_depth	0
0
1781257056	snap	4000	sdk	urlshorten	cp_received	1716915
1781257056	snap	4000	sdk	urlshorten	lp_received	0
1781257056	snap	4000	sdk	urlshorten	cp_sent	1716915
1781257056	snap	4000	sdk	urlshorten	lp_sent	0
1781257056	snap	4000	sdk	urlshorten	cp_dropped	0
1781257056	snap	4000	sdk	urlshorten	lp_dropped	0
1781257056	snap	4000	sdk	user	spans_received	1718839
1781257056	snap	4000	sdk	user	spans_sent	1718839
1781257056	snap	4000	sdk	user	spans_dropped	0
1781257056	snap	4000	sdk	user	spans_flushed	1718839
1781257056	snap	4000	sdk	user	batches_sent	7173
1781257056	snap	4000	sdk	user	batches_dropped	0
1781257056	snap	4000	sdk	user	send_unavailable	0
1781257056	snap	4000	sdk	user	send_deadline	0
1781257056	snap	4000	sdk	user	send_exhausted	0
1781257056	snap	4000	sdk	user	send_canceled	0
1781257056	snap	4000	sdk	user	send_other	0
1781257056	snap	4000	sdk	user	buffer_depth	0
0
1781257056	snap	4000	sdk	user	cp_received	1716915
1781257056	snap	4000	sdk	user	lp_received	1924
1781257056	snap	4000	sdk	user	cp_sent	1716915
1781257056	snap	4000	sdk	user	lp_sent	1924
1781257056	snap	4000	sdk	user	cp_dropped	0
1781257056	snap	4000	sdk	user	lp_dropped	0
1781257056	snap	4000	sdk	userid	spans_received	75248
1781257056	snap	4000	sdk	userid	spans_sent	75248
1781257056	snap	4000	sdk	userid	spans_dropped	0
1781257056	snap	4000	sdk	userid	spans_flushed	75248
1781257056	snap	4000	sdk	userid	batches_sent	239
1781257056	snap	4000	sdk	userid	batches_dropped	0
1781257056	snap	4000	sdk	userid	send_unavailable	0
1781257056	snap	4000	sdk	userid	send_deadline	0
1781257056	snap	4000	sdk	userid	send_exhausted	0
1781257056	snap	4000	sdk	userid	send_canceled	0
1781257056	snap	4000	sdk	userid	send_other	0
1781257056	snap	4000	sdk	userid	buffer_depth	0
0
1781257056	snap	4000	sdk	userid	cp_received	75248
1781257056	snap	4000	sdk	userid	lp_received	0
1781257056	snap	4000	sdk	userid	cp_sent	75248
1781257056	snap	4000	sdk	userid	lp_sent	0
1781257056	snap	4000	sdk	userid	cp_dropped	0
1781257056	snap	4000	sdk	userid	lp_dropped	0
1781257056	snap	4000	sdk	usermention	spans_received	1716915
1781257056	snap	4000	sdk	usermention	spans_sent	1635390
1781257056	snap	4000	sdk	usermention	spans_dropped	81525
1781257056	snap	4000	sdk	usermention	spans_flushed	1716915
1781257056	snap	4000	sdk	usermention	batches_sent	6871
1781257056	snap	4000	sdk	usermention	batches_dropped	262
1781257056	snap	4000	sdk	usermention	send_unavailable	262
1781257056	snap	4000	sdk	usermention	send_deadline	0
1781257056	snap	4000	sdk	usermention	send_exhausted	0
1781257056	snap	4000	sdk	usermention	send_canceled	0
1781257056	snap	4000	sdk	usermention	send_other	0
1781257056	snap	4000	sdk	usermention	buffer_depth	0
0
1781257056	snap	4000	sdk	usermention	cp_received	1716915
1781257056	snap	4000	sdk	usermention	lp_received	0
1781257056	snap	4000	sdk	usermention	cp_sent	1635390
1781257056	snap	4000	sdk	usermention	lp_sent	0
1781257056	snap	4000	sdk	usermention	cp_dropped	81525
1781257056	snap	4000	sdk	usermention	lp_dropped	0
1781257056	snap	4000	sdk	usertimeline	spans_received	1716906
1781257056	snap	4000	sdk	usertimeline	spans_sent	1716906
1781257056	snap	4000	sdk	usertimeline	spans_dropped	0
1781257056	snap	4000	sdk	usertimeline	spans_flushed	1716906
1781257056	snap	4000	sdk	usertimeline	batches_sent	7060
1781257056	snap	4000	sdk	usertimeline	batches_dropped	0
1781257056	snap	4000	sdk	usertimeline	send_unavailable	0
1781257056	snap	4000	sdk	usertimeline	send_deadline	0
1781257056	snap	4000	sdk	usertimeline	send_exhausted	0
1781257056	snap	4000	sdk	usertimeline	send_canceled	0
1781257056	snap	4000	sdk	usertimeline	send_other	0
1781257056	snap	4000	sdk	usertimeline	buffer_depth	0
0
1781257056	snap	4000	sdk	usertimeline	cp_received	1716906
1781257056	snap	4000	sdk	usertimeline	lp_received	0
1781257056	snap	4000	sdk	usertimeline	cp_sent	1716906
1781257056	snap	4000	sdk	usertimeline	lp_sent	0
1781257056	snap	4000	sdk	usertimeline	cp_dropped	0
1781257056	snap	4000	sdk	usertimeline	lp_dropped	0
1781257123	snap	4000	otelcol	otelcol-sb-esrev0-ctr-s4p4v	otelcol_exporter_queue_size	12
1781257123	snap	4000	otelcol	otelcol-sb-esrev0-ctr-s4p4v	otelcol_process_cpu_seconds	56
1781257123	snap	4000	otelcol	otelcol-sb-esrev0-ctr-s4p4v	otelcol_processor_batch_batch_send_size_sum	2355917
1781257123	snap	4000	otelcol	otelcol-sb-esrev0-ctr-s4p4v	otelcol_process_runtime_total_alloc_bytes	1668859608
1781257123	snap	4000	otelcol	otelcol-sb-esrev0-ctr-s4p4v	otelcol_exporter_send_failed_spans	0
1781257123	snap	4000	otelcol	otelcol-sb-esrev0-ctr-s4p4v	otelcol_receiver_failed_spans	0
1781257123	snap	4000	otelcol	otelcol-sb-esrev0-ctr-s4p4v	otelcol_processor_outgoing_items	2355917
1781257123	snap	4000	otelcol	otelcol-sb-esrev0-ctr-s4p4v	otelcol_receiver_accepted_spans	2355917
1781257123	snap	4000	otelcol	otelcol-sb-esrev0-ctr-s4p4v	otelcol_exporter_queue_batch_send_size_sum	2355917
1781257123	snap	4000	otelcol	otelcol-sb-esrev0-ctr-s4p4v	otelcol_receiver_refused_spans	6396
1781257123	snap	4000	otelcol	otelcol-sb-esrev0-ctr-s4p4v	otelcol_process_uptime	999
1781257123	snap	4000	otelcol	otelcol-sb-esrev0-ctr-s4p4v	otelcol_exporter_sent_spans	2346436
1781257123	snap	4000	otelcol	otelcol-sb-esrev0-ctr-s4p4v	otelcol_processor_batch_metadata_cardinality	1
1781257123	snap	4000	otelcol	otelcol-sb-esrev0-ctr-s4p4v	otelcol_processor_batch_timeout_trigger_send	3951
1781257123	snap	4000	otelcol	otelcol-sb-esrev0-ctr-s4p4v	otelcol_process_runtime_heap_alloc_bytes	52775368
1781257123	snap	4000	otelcol	otelcol-sb-esrev0-ctr-s4p4v	otelcol_processor_incoming_items	2362313
1781257123	snap	4000	otelcol	otelcol-sb-esrev0-ctr-s4p4v	otelcol_process_runtime_total_sys_memory_bytes	150067496
1781257123	snap	4000	otelcol	otelcol-sb-esrev0-ctr-s4p4v	otelcol_process_memory_rss	259362816
1781257123	snap	4000	otelcol	otelcol-sb-esrev0-ctr-s4p4v	otelcol_exporter_queue_capacity	1001
1781257123	snap	4000	otelcol	otelcol-sb-esrev0-ctr-lbwgk	otelcol_receiver_refused_spans	0
1781257123	snap	4000	otelcol	otelcol-sb-esrev0-ctr-lbwgk	otelcol_process_uptime	998
1781257123	snap	4000	otelcol	otelcol-sb-esrev0-ctr-lbwgk	otelcol_exporter_queue_size	86
1781257123	snap	4000	otelcol	otelcol-sb-esrev0-ctr-lbwgk	otelcol_exporter_queue_batch_send_size_sum	435127
1781257123	snap	4000	otelcol	otelcol-sb-esrev0-ctr-lbwgk	otelcol_processor_outgoing_items	435127
1781257123	snap	4000	otelcol	otelcol-sb-esrev0-ctr-lbwgk	otelcol_process_runtime_total_alloc_bytes	568139816
1781257123	snap	4000	otelcol	otelcol-sb-esrev0-ctr-lbwgk	otelcol_processor_batch_batch_send_size_sum	435127
1781257123	snap	4000	otelcol	otelcol-sb-esrev0-ctr-lbwgk	otelcol_exporter_send_failed_spans	0
1781257123	snap	4000	otelcol	otelcol-sb-esrev0-ctr-lbwgk	otelcol_processor_batch_metadata_cardinality	1
1781257123	snap	4000	otelcol	otelcol-sb-esrev0-ctr-lbwgk	otelcol_process_memory_rss	222965760
1781257123	snap	4000	otelcol	otelcol-sb-esrev0-ctr-lbwgk	otelcol_receiver_accepted_spans	435127
1781257123	snap	4000	otelcol	otelcol-sb-esrev0-ctr-lbwgk	otelcol_processor_batch_timeout_trigger_send	3947
1781257123	snap	4000	otelcol	otelcol-sb-esrev0-ctr-lbwgk	otelcol_process_runtime_heap_alloc_bytes	32114712
1781257123	snap	4000	otelcol	otelcol-sb-esrev0-ctr-lbwgk	otelcol_process_cpu_seconds	37
1781257123	snap	4000	otelcol	otelcol-sb-esrev0-ctr-lbwgk	otelcol_processor_incoming_items	435127
1781257123	snap	4000	otelcol	otelcol-sb-esrev0-ctr-lbwgk	otelcol_process_runtime_total_sys_memory_bytes	88918296
1781257123	snap	4000	otelcol	otelcol-sb-esrev0-ctr-lbwgk	otelcol_exporter_sent_spans	421831
1781257123	snap	4000	otelcol	otelcol-sb-esrev0-ctr-lbwgk	otelcol_exporter_queue_capacity	1001
1781257123	snap	4000	otelcol	otelcol-sb-esrev0-ctr-lbwgk	otelcol_receiver_failed_spans	0
1781257123	snap	4000	otelcol	otelcol-sb-esrev0-ctr-4qc2z	otelcol_receiver_failed_spans	0
1781257123	snap	4000	otelcol	otelcol-sb-esrev0-ctr-4qc2z	otelcol_process_cpu_seconds	55
1781257123	snap	4000	otelcol	otelcol-sb-esrev0-ctr-4qc2z	otelcol_receiver_refused_spans	1666
1781257123	snap	4000	otelcol	otelcol-sb-esrev0-ctr-4qc2z	otelcol_process_runtime_heap_alloc_bytes	55259384
1781257123	snap	4000	otelcol	otelcol-sb-esrev0-ctr-4qc2z	otelcol_process_memory_rss	272130048
1781257123	snap	4000	otelcol	otelcol-sb-esrev0-ctr-4qc2z	otelcol_exporter_send_failed_spans	0
1781257123	snap	4000	otelcol	otelcol-sb-esrev0-ctr-4qc2z	otelcol_process_runtime_total_alloc_bytes	1664591584
1781257123	snap	4000	otelcol	otelcol-sb-esrev0-ctr-4qc2z	otelcol_processor_batch_metadata_cardinality	1
1781257123	snap	4000	otelcol	otelcol-sb-esrev0-ctr-4qc2z	otelcol_processor_incoming_items	2361970
1781257123	snap	4000	otelcol	otelcol-sb-esrev0-ctr-4qc2z	otelcol_processor_batch_timeout_trigger_send	3957
1781257123	snap	4000	otelcol	otelcol-sb-esrev0-ctr-4qc2z	otelcol_processor_batch_batch_send_size_sum	2360304
1781257123	snap	4000	otelcol	otelcol-sb-esrev0-ctr-4qc2z	otelcol_process_runtime_total_sys_memory_bytes	136640808
1781257123	snap	4000	otelcol	otelcol-sb-esrev0-ctr-4qc2z	otelcol_exporter_sent_spans	2308360
1781257123	snap	4000	otelcol	otelcol-sb-esrev0-ctr-4qc2z	otelcol_receiver_accepted_spans	2360304
1781257123	snap	4000	otelcol	otelcol-sb-esrev0-ctr-4qc2z	otelcol_processor_outgoing_items	2360304
1781257123	snap	4000	otelcol	otelcol-sb-esrev0-ctr-4qc2z	otelcol_exporter_queue_size	64
1781257123	snap	4000	otelcol	otelcol-sb-esrev0-ctr-4qc2z	otelcol_exporter_queue_batch_send_size_sum	2360304
1781257123	snap	4000	otelcol	otelcol-sb-esrev0-ctr-4qc2z	otelcol_process_uptime	1000
1781257123	snap	4000	otelcol	otelcol-sb-esrev0-ctr-4qc2z	otelcol_exporter_queue_capacity	1001
1781257123	snap	4000	otelcol	otelcol-sb-esrev0-ctr-stlt9	otelcol_processor_incoming_items	4286365
1781257123	snap	4000	otelcol	otelcol-sb-esrev0-ctr-stlt9	otelcol_receiver_accepted_spans	3940613
1781257123	snap	4000	otelcol	otelcol-sb-esrev0-ctr-stlt9	otelcol_processor_outgoing_items	3940613
1781257123	snap	4000	otelcol	otelcol-sb-esrev0-ctr-stlt9	otelcol_processor_batch_metadata_cardinality	1
1781257123	snap	4000	otelcol	otelcol-sb-esrev0-ctr-stlt9	otelcol_processor_batch_timeout_trigger_send	3766
1781257123	snap	4000	otelcol	otelcol-sb-esrev0-ctr-stlt9	otelcol_processor_batch_batch_send_size_sum	3940613
1781257123	snap	4000	otelcol	otelcol-sb-esrev0-ctr-stlt9	otelcol_process_memory_rss	313913344
1781257123	snap	4000	otelcol	otelcol-sb-esrev0-ctr-stlt9	otelcol_exporter_queue_capacity	1001
1781257123	snap	4000	otelcol	otelcol-sb-esrev0-ctr-stlt9	otelcol_exporter_sent_spans	3869952
1781257123	snap	4000	otelcol	otelcol-sb-esrev0-ctr-stlt9	otelcol_process_runtime_total_sys_memory_bytes	190167336
1781257123	snap	4000	otelcol	otelcol-sb-esrev0-ctr-stlt9	otelcol_exporter_queue_size	47
1781257123	snap	4000	otelcol	otelcol-sb-esrev0-ctr-stlt9	otelcol_receiver_refused_spans	345752
1781257123	snap	4000	otelcol	otelcol-sb-esrev0-ctr-stlt9	otelcol_receiver_failed_spans	0
1781257123	snap	4000	otelcol	otelcol-sb-esrev0-ctr-stlt9	otelcol_process_uptime	1000
1781257123	snap	4000	otelcol	otelcol-sb-esrev0-ctr-stlt9	otelcol_process_runtime_heap_alloc_bytes	87370096
1781257123	snap	4000	otelcol	otelcol-sb-esrev0-ctr-stlt9	otelcol_exporter_send_failed_spans	0
1781257123	snap	4000	otelcol	otelcol-sb-esrev0-ctr-stlt9	otelcol_exporter_queue_batch_send_size_sum	3940613
1781257123	snap	4000	otelcol	otelcol-sb-esrev0-ctr-stlt9	otelcol_process_runtime_total_alloc_bytes	2758643848
1781257123	snap	4000	otelcol	otelcol-sb-esrev0-ctr-stlt9	otelcol_process_cpu_seconds	79
1781257123	snap	4000	otelcol	otelcol-sb-esrev0-ctr-f8wkx	otelcol_receiver_failed_spans	0
1781257123	snap	4000	otelcol	otelcol-sb-esrev0-ctr-f8wkx	otelcol_process_runtime_total_sys_memory_bytes	202754360
1781257123	snap	4000	otelcol	otelcol-sb-esrev0-ctr-f8wkx	otelcol_exporter_queue_size	95
1781257123	snap	4000	otelcol	otelcol-sb-esrev0-ctr-f8wkx	otelcol_process_runtime_total_alloc_bytes	4607440664
1781257123	snap	4000	otelcol	otelcol-sb-esrev0-ctr-f8wkx	otelcol_exporter_send_failed_spans	0
1781257123	snap	4000	otelcol	otelcol-sb-esrev0-ctr-f8wkx	otelcol_processor_batch_metadata_cardinality	1
1781257123	snap	4000	otelcol	otelcol-sb-esrev0-ctr-f8wkx	otelcol_exporter_queue_batch_send_size_sum	6190640
1781257123	snap	4000	otelcol	otelcol-sb-esrev0-ctr-f8wkx	otelcol_processor_batch_timeout_trigger_send	3709
1781257123	snap	4000	otelcol	otelcol-sb-esrev0-ctr-f8wkx	otelcol_processor_incoming_items	8214302
1781257123	snap	4000	otelcol	otelcol-sb-esrev0-ctr-f8wkx	otelcol_process_cpu_seconds	108
1781257123	snap	4000	otelcol	otelcol-sb-esrev0-ctr-f8wkx	otelcol_processor_batch_batch_send_size_sum	6190640
1781257123	snap	4000	otelcol	otelcol-sb-esrev0-ctr-f8wkx	otelcol_process_uptime	999
1781257123	snap	4000	otelcol	otelcol-sb-esrev0-ctr-f8wkx	otelcol_process_runtime_heap_alloc_bytes	138545120
1781257123	snap	4000	otelcol	otelcol-sb-esrev0-ctr-f8wkx	otelcol_exporter_sent_spans	6028946
1781257123	snap	4000	otelcol	otelcol-sb-esrev0-ctr-f8wkx	otelcol_receiver_refused_spans	2023662
1781257123	snap	4000	otelcol	otelcol-sb-esrev0-ctr-f8wkx	otelcol_processor_outgoing_items	6190640
1781257123	snap	4000	otelcol	otelcol-sb-esrev0-ctr-f8wkx	otelcol_receiver_accepted_spans	6190640
1781257123	snap	4000	otelcol	otelcol-sb-esrev0-ctr-f8wkx	otelcol_process_memory_rss	322318336
1781257123	snap	4000	otelcol	otelcol-sb-esrev0-ctr-f8wkx	otelcol_exporter_queue_capacity	1001
1781257123	snap	4000	otelcol	otelcol-sb-esrev0-ctr-r2dsm	otelcol_receiver_refused_spans	8177562
1781257123	snap	4000	otelcol	otelcol-sb-esrev0-ctr-r2dsm	otelcol_receiver_failed_spans	0
1781257123	snap	4000	otelcol	otelcol-sb-esrev0-ctr-r2dsm	otelcol_processor_outgoing_items	11507722
1781257123	snap	4000	otelcol	otelcol-sb-esrev0-ctr-r2dsm	otelcol_process_uptime	998
1781257123	snap	4000	otelcol	otelcol-sb-esrev0-ctr-r2dsm	otelcol_process_runtime_total_alloc_bytes	10513991616
1781257123	snap	4000	otelcol	otelcol-sb-esrev0-ctr-r2dsm	otelcol_process_memory_rss	321187840
1781257123	snap	4000	otelcol	otelcol-sb-esrev0-ctr-r2dsm	otelcol_exporter_send_failed_spans	0
1781257123	snap	4000	otelcol	otelcol-sb-esrev0-ctr-r2dsm	otelcol_exporter_queue_batch_send_size_sum	11507722
1781257123	snap	4000	otelcol	otelcol-sb-esrev0-ctr-r2dsm	otelcol_receiver_accepted_spans	11507722
1781257123	snap	4000	otelcol	otelcol-sb-esrev0-ctr-r2dsm	otelcol_processor_batch_metadata_cardinality	1
1781257123	snap	4000	otelcol	otelcol-sb-esrev0-ctr-r2dsm	otelcol_processor_batch_timeout_trigger_send	3738
1781257123	snap	4000	otelcol	otelcol-sb-esrev0-ctr-r2dsm	otelcol_processor_batch_batch_size_trigger_send	27
1781257123	snap	4000	otelcol	otelcol-sb-esrev0-ctr-r2dsm	otelcol_processor_batch_batch_send_size_sum	11507722
1781257123	snap	4000	otelcol	otelcol-sb-esrev0-ctr-r2dsm	otelcol_process_cpu_seconds	168
1781257123	snap	4000	otelcol	otelcol-sb-esrev0-ctr-r2dsm	otelcol_exporter_queue_capacity	1001
1781257123	snap	4000	otelcol	otelcol-sb-esrev0-ctr-r2dsm	otelcol_process_runtime_heap_alloc_bytes	125307448
1781257123	snap	4000	otelcol	otelcol-sb-esrev0-ctr-r2dsm	otelcol_exporter_sent_spans	11346571
1781257123	snap	4000	otelcol	otelcol-sb-esrev0-ctr-r2dsm	otelcol_exporter_queue_size	149
1781257123	snap	4000	otelcol	otelcol-sb-esrev0-ctr-r2dsm	otelcol_processor_incoming_items	19685284
1781257123	snap	4000	otelcol	otelcol-sb-esrev0-ctr-r2dsm	otelcol_process_runtime_total_sys_memory_bytes	209635640
1781257123	snap	4000	otelcol	otelcol-sb-esrev0-ctr-knvlf	otelcol_receiver_accepted_spans	2351815
1781257123	snap	4000	otelcol	otelcol-sb-esrev0-ctr-knvlf	otelcol_process_runtime_total_sys_memory_bytes	153581864
1781257123	snap	4000	otelcol	otelcol-sb-esrev0-ctr-knvlf	otelcol_process_runtime_heap_alloc_bytes	100537232
1781257123	snap	4000	otelcol	otelcol-sb-esrev0-ctr-knvlf	otelcol_processor_batch_metadata_cardinality	1
1781257123	snap	4000	otelcol	otelcol-sb-esrev0-ctr-knvlf	otelcol_processor_batch_timeout_trigger_send	3949
1781257123	snap	4000	otelcol	otelcol-sb-esrev0-ctr-knvlf	otelcol_processor_batch_batch_send_size_sum	2351815
1781257123	snap	4000	otelcol	otelcol-sb-esrev0-ctr-knvlf	otelcol_process_cpu_seconds	58
1781257123	snap	4000	otelcol	otelcol-sb-esrev0-ctr-knvlf	otelcol_exporter_queue_capacity	1001
1781257123	snap	4000	otelcol	otelcol-sb-esrev0-ctr-knvlf	otelcol_exporter_queue_batch_send_size_sum	2351815
1781257123	snap	4000	otelcol	otelcol-sb-esrev0-ctr-knvlf	otelcol_receiver_refused_spans	6602
1781257123	snap	4000	otelcol	otelcol-sb-esrev0-ctr-knvlf	otelcol_process_memory_rss	270385152
1781257123	snap	4000	otelcol	otelcol-sb-esrev0-ctr-knvlf	otelcol_process_uptime	1000
1781257123	snap	4000	otelcol	otelcol-sb-esrev0-ctr-knvlf	otelcol_process_runtime_total_alloc_bytes	1660268616
1781257123	snap	4000	otelcol	otelcol-sb-esrev0-ctr-knvlf	otelcol_exporter_sent_spans	2274849
1781257123	snap	4000	otelcol	otelcol-sb-esrev0-ctr-knvlf	otelcol_exporter_queue_size	93
1781257123	snap	4000	otelcol	otelcol-sb-esrev0-ctr-knvlf	otelcol_processor_incoming_items	2358417
1781257123	snap	4000	otelcol	otelcol-sb-esrev0-ctr-knvlf	otelcol_receiver_failed_spans	0
1781257123	snap	4000	otelcol	otelcol-sb-esrev0-ctr-knvlf	otelcol_processor_outgoing_items	2351815
1781257123	snap	4000	otelcol	otelcol-sb-esrev0-ctr-knvlf	otelcol_exporter_send_failed_spans	0
1781257123	snap	4000	otelcol	otelcol-sb-esrev0-ctr-fb877	otelcol_exporter_send_failed_spans	0
1781257123	snap	4000	otelcol	otelcol-sb-esrev0-ctr-fb877	otelcol_process_uptime	1000
1781257123	snap	4000	otelcol	otelcol-sb-esrev0-ctr-fb877	otelcol_process_runtime_heap_alloc_bytes	117770472
1781257123	snap	4000	otelcol	otelcol-sb-esrev0-ctr-fb877	otelcol_process_cpu_seconds	53
1781257123	snap	4000	otelcol	otelcol-sb-esrev0-ctr-fb877	otelcol_exporter_queue_capacity	1001
1781257123	snap	4000	otelcol	otelcol-sb-esrev0-ctr-fb877	otelcol_exporter_sent_spans	2254937
1781257123	snap	4000	otelcol	otelcol-sb-esrev0-ctr-fb877	otelcol_exporter_queue_batch_send_size_sum	2334713
1781257123	snap	4000	otelcol	otelcol-sb-esrev0-ctr-fb877	otelcol_processor_incoming_items	2364358
1781257123	snap	4000	otelcol	otelcol-sb-esrev0-ctr-fb877	otelcol_receiver_failed_spans	0
1781257123	snap	4000	otelcol	otelcol-sb-esrev0-ctr-fb877	otelcol_processor_batch_batch_send_size_sum	2334713
1781257123	snap	4000	otelcol	otelcol-sb-esrev0-ctr-fb877	otelcol_processor_outgoing_items	2334713
1781257123	snap	4000	otelcol	otelcol-sb-esrev0-ctr-fb877	otelcol_processor_batch_metadata_cardinality	1
1781257123	snap	4000	otelcol	otelcol-sb-esrev0-ctr-fb877	otelcol_process_runtime_total_sys_memory_bytes	180271400
1781257123	snap	4000	otelcol	otelcol-sb-esrev0-ctr-fb877	otelcol_exporter_queue_size	99
1781257123	snap	4000	otelcol	otelcol-sb-esrev0-ctr-fb877	otelcol_processor_batch_timeout_trigger_send	3950
1781257123	snap	4000	otelcol	otelcol-sb-esrev0-ctr-fb877	otelcol_receiver_refused_spans	29645
1781257123	snap	4000	otelcol	otelcol-sb-esrev0-ctr-fb877	otelcol_receiver_accepted_spans	2334713
1781257123	snap	4000	otelcol	otelcol-sb-esrev0-ctr-fb877	otelcol_process_runtime_total_alloc_bytes	1697353920
1781257123	snap	4000	otelcol	otelcol-sb-esrev0-ctr-fb877	otelcol_process_memory_rss	312889344
1781257123	snap	4000	otelcol	otelcol-sb-esrev0-ctr-b7q4j	otelcol_processor_batch_timeout_trigger_send	3966
1781257123	snap	4000	otelcol	otelcol-sb-esrev0-ctr-b7q4j	otelcol_exporter_queue_capacity	1001
1781257123	snap	4000	otelcol	otelcol-sb-esrev0-ctr-b7q4j	otelcol_receiver_failed_spans	0
1781257123	snap	4000	otelcol	otelcol-sb-esrev0-ctr-b7q4j	otelcol_processor_batch_batch_send_size_sum	2473614
1781257123	snap	4000	otelcol	otelcol-sb-esrev0-ctr-b7q4j	otelcol_exporter_queue_batch_send_size_sum	2473614
1781257123	snap	4000	otelcol	otelcol-sb-esrev0-ctr-b7q4j	otelcol_process_runtime_heap_alloc_bytes	50347288
1781257123	snap	4000	otelcol	otelcol-sb-esrev0-ctr-b7q4j	otelcol_process_cpu_seconds	54
1781257123	snap	4000	otelcol	otelcol-sb-esrev0-ctr-b7q4j	otelcol_exporter_send_failed_spans	0
1781257123	snap	4000	otelcol	otelcol-sb-esrev0-ctr-b7q4j	otelcol_process_memory_rss	240427008
1781257123	snap	4000	otelcol	otelcol-sb-esrev0-ctr-b7q4j	otelcol_exporter_sent_spans	2455523
1781257123	snap	4000	otelcol	otelcol-sb-esrev0-ctr-b7q4j	otelcol_processor_incoming_items	2476906
1781257123	snap	4000	otelcol	otelcol-sb-esrev0-ctr-b7q4j	otelcol_process_uptime	1002
1781257123	snap	4000	otelcol	otelcol-sb-esrev0-ctr-b7q4j	otelcol_process_runtime_total_alloc_bytes	1746610592
1781257123	snap	4000	otelcol	otelcol-sb-esrev0-ctr-b7q4j	otelcol_receiver_refused_spans	3292
1781257123	snap	4000	otelcol	otelcol-sb-esrev0-ctr-b7q4j	otelcol_processor_outgoing_items	2473614
1781257123	snap	4000	otelcol	otelcol-sb-esrev0-ctr-b7q4j	otelcol_receiver_accepted_spans	2473614
1781257123	snap	4000	otelcol	otelcol-sb-esrev0-ctr-b7q4j	otelcol_processor_batch_metadata_cardinality	1
1781257123	snap	4000	otelcol	otelcol-sb-esrev0-ctr-b7q4j	otelcol_process_runtime_total_sys_memory_bytes	149883160
1781257123	snap	4000	otelcol	otelcol-sb-esrev0-ctr-b7q4j	otelcol_exporter_queue_size	22
1781257123	snap	4000	k8s	otelcol-sb-esrev0-ctr-4qc2z	restart_count	0
1781257123	snap	4000	k8s	otelcol-sb-esrev0-ctr-b7q4j	restart_count	0
1781257123	snap	4000	k8s	otelcol-sb-esrev0-ctr-f8wkx	restart_count	0
1781257123	snap	4000	k8s	otelcol-sb-esrev0-ctr-fb877	restart_count	0
1781257123	snap	4000	k8s	otelcol-sb-esrev0-ctr-knvlf	restart_count	0
1781257123	snap	4000	k8s	otelcol-sb-esrev0-ctr-lbwgk	restart_count	0
1781257123	snap	4000	k8s	otelcol-sb-esrev0-ctr-r2dsm	restart_count	0
1781257123	snap	4000	k8s	otelcol-sb-esrev0-ctr-s4p4v	restart_count	0
1781257123	snap	4000	k8s	otelcol-sb-esrev0-ctr-stlt9	restart_count	0
1781257123	snap	4000	sdk	wrk2api	spans_received	435127
1781257123	snap	4000	sdk	wrk2api	spans_sent	435127
1781257123	snap	4000	sdk	wrk2api	spans_dropped	0
1781257123	snap	4000	sdk	wrk2api	spans_flushed	435127
1781257123	snap	4000	sdk	wrk2api	batches_sent	15590
1781257123	snap	4000	sdk	wrk2api	batches_dropped	0
1781257123	snap	4000	sdk	wrk2api	send_unavailable	0
1781257123	snap	4000	sdk	wrk2api	send_deadline	0
1781257123	snap	4000	sdk	wrk2api	send_exhausted	0
1781257123	snap	4000	sdk	wrk2api	send_canceled	0
1781257123	snap	4000	sdk	wrk2api	send_other	0
1781257123	snap	4000	sdk	wrk2api	buffer_depth	0
0
1781257123	snap	4000	sdk	wrk2api	cp_received	217563
1781257123	snap	4000	sdk	wrk2api	lp_received	217564
1781257123	snap	4000	sdk	wrk2api	cp_sent	217563
1781257123	snap	4000	sdk	wrk2api	lp_sent	217564
1781257123	snap	4000	sdk	wrk2api	cp_dropped	0
1781257123	snap	4000	sdk	wrk2api	lp_dropped	0
1781257123	snap	4000	sdk	composepost	spans_received	15400655
1781257123	snap	4000	sdk	composepost	spans_sent	8368618
1781257123	snap	4000	sdk	composepost	spans_dropped	7032037
1781257123	snap	4000	sdk	composepost	spans_flushed	15400655
1781257123	snap	4000	sdk	composepost	batches_sent	40178
1781257123	snap	4000	sdk	composepost	batches_dropped	21908
1781257123	snap	4000	sdk	composepost	send_unavailable	21908
1781257123	snap	4000	sdk	composepost	send_deadline	0
1781257123	snap	4000	sdk	composepost	send_exhausted	0
1781257123	snap	4000	sdk	composepost	send_canceled	0
1781257123	snap	4000	sdk	composepost	send_other	0
1781257123	snap	4000	sdk	composepost	buffer_depth	0
0
1781257123	snap	4000	sdk	composepost	cp_received	0
1781257123	snap	4000	sdk	composepost	lp_received	15400655
1781257123	snap	4000	sdk	composepost	cp_sent	0
1781257123	snap	4000	sdk	composepost	lp_sent	8368618
1781257123	snap	4000	sdk	composepost	cp_dropped	0
1781257123	snap	4000	sdk	composepost	lp_dropped	7032037
1781257123	snap	4000	sdk	hometimeline	spans_received	3850148
1781257123	snap	4000	sdk	hometimeline	spans_sent	2819170
1781257123	snap	4000	sdk	hometimeline	spans_dropped	1030978
1781257123	snap	4000	sdk	hometimeline	spans_flushed	3850148
1781257123	snap	4000	sdk	hometimeline	batches_sent	12351
1781257123	snap	4000	sdk	hometimeline	batches_dropped	3215
1781257123	snap	4000	sdk	hometimeline	send_unavailable	3215
1781257123	snap	4000	sdk	hometimeline	send_deadline	0
1781257123	snap	4000	sdk	hometimeline	send_exhausted	0
1781257123	snap	4000	sdk	hometimeline	send_canceled	0
1781257123	snap	4000	sdk	hometimeline	send_other	0
1781257123	snap	4000	sdk	hometimeline	buffer_depth	0
0
1781257123	snap	4000	sdk	hometimeline	cp_received	1925074
1781257123	snap	4000	sdk	hometimeline	lp_received	1925074
1781257123	snap	4000	sdk	hometimeline	cp_sent	1772380
1781257123	snap	4000	sdk	hometimeline	lp_sent	1046790
1781257123	snap	4000	sdk	hometimeline	cp_dropped	152694
1781257123	snap	4000	sdk	hometimeline	lp_dropped	878284
1781257123	snap	4000	sdk	media	spans_received	1925083
1781257123	snap	4000	sdk	media	spans_sent	1730806
1781257123	snap	4000	sdk	media	spans_dropped	194277
1781257123	snap	4000	sdk	media	spans_flushed	1925083
1781257123	snap	4000	sdk	media	batches_sent	7130
1781257123	snap	4000	sdk	media	batches_dropped	597
1781257123	snap	4000	sdk	media	send_unavailable	597
1781257123	snap	4000	sdk	media	send_deadline	0
1781257123	snap	4000	sdk	media	send_exhausted	0
1781257123	snap	4000	sdk	media	send_canceled	0
1781257123	snap	4000	sdk	media	send_other	0
1781257123	snap	4000	sdk	media	buffer_depth	0
0
1781257123	snap	4000	sdk	media	cp_received	1925083
1781257123	snap	4000	sdk	media	lp_received	0
1781257123	snap	4000	sdk	media	cp_sent	1730806
1781257123	snap	4000	sdk	media	lp_sent	0
1781257123	snap	4000	sdk	media	cp_dropped	194277
1781257123	snap	4000	sdk	media	lp_dropped	0
1781257123	snap	4000	sdk	post-storage	spans_received	1925074
1781257123	snap	4000	sdk	post-storage	spans_sent	1925074
1781257123	snap	4000	sdk	post-storage	spans_dropped	0
1781257123	snap	4000	sdk	post-storage	spans_flushed	1925074
1781257123	snap	4000	sdk	post-storage	batches_sent	7770
1781257123	snap	4000	sdk	post-storage	batches_dropped	0
1781257123	snap	4000	sdk	post-storage	send_unavailable	0
1781257123	snap	4000	sdk	post-storage	send_deadline	0
1781257123	snap	4000	sdk	post-storage	send_exhausted	0
1781257123	snap	4000	sdk	post-storage	send_canceled	0
1781257123	snap	4000	sdk	post-storage	send_other	0
1781257123	snap	4000	sdk	post-storage	buffer_depth	0
0
1781257123	snap	4000	sdk	post-storage	cp_received	1925074
1781257123	snap	4000	sdk	post-storage	lp_received	0
1781257123	snap	4000	sdk	post-storage	cp_sent	1925074
1781257123	snap	4000	sdk	post-storage	lp_sent	0
1781257123	snap	4000	sdk	post-storage	cp_dropped	0
1781257123	snap	4000	sdk	post-storage	lp_dropped	0
1781257123	snap	4000	sdk	socialgraph	spans_received	2038908
1781257123	snap	4000	sdk	socialgraph	spans_sent	2038908
1781257123	snap	4000	sdk	socialgraph	spans_dropped	0
1781257123	snap	4000	sdk	socialgraph	spans_flushed	2038908
1781257123	snap	4000	sdk	socialgraph	batches_sent	8220
1781257123	snap	4000	sdk	socialgraph	batches_dropped	0
1781257123	snap	4000	sdk	socialgraph	send_unavailable	0
1781257123	snap	4000	sdk	socialgraph	send_deadline	0
1781257123	snap	4000	sdk	socialgraph	send_exhausted	0
1781257123	snap	4000	sdk	socialgraph	send_canceled	0
1781257123	snap	4000	sdk	socialgraph	send_other	0
1781257123	snap	4000	sdk	socialgraph	buffer_depth	0
0
1781257123	snap	4000	sdk	socialgraph	cp_received	1926036
1781257123	snap	4000	sdk	socialgraph	lp_received	112872
1781257123	snap	4000	sdk	socialgraph	cp_sent	1926036
1781257123	snap	4000	sdk	socialgraph	lp_sent	112872
1781257123	snap	4000	sdk	socialgraph	cp_dropped	0
1781257123	snap	4000	sdk	socialgraph	lp_dropped	0
1781257123	snap	4000	sdk	text	spans_received	5775267
1781257123	snap	4000	sdk	text	spans_sent	4052891
1781257123	snap	4000	sdk	text	spans_dropped	1722376
1781257123	snap	4000	sdk	text	spans_flushed	5775267
1781257123	snap	4000	sdk	text	batches_sent	17880
1781257123	snap	4000	sdk	text	batches_dropped	5299
1781257123	snap	4000	sdk	text	send_unavailable	5299
1781257123	snap	4000	sdk	text	send_deadline	0
1781257123	snap	4000	sdk	text	send_exhausted	0
1781257123	snap	4000	sdk	text	send_canceled	0
1781257123	snap	4000	sdk	text	send_other	0
1781257123	snap	4000	sdk	text	buffer_depth	0
0
1781257123	snap	4000	sdk	text	cp_received	1925083
1781257123	snap	4000	sdk	text	lp_received	3850184
1781257123	snap	4000	sdk	text	cp_sent	1729632
1781257123	snap	4000	sdk	text	lp_sent	2323259
1781257123	snap	4000	sdk	text	cp_dropped	195451
1781257123	snap	4000	sdk	text	lp_dropped	1526925
1781257123	snap	4000	sdk	uniqueid	spans_received	1925083
1781257123	snap	4000	sdk	uniqueid	spans_sent	1789119
1781257123	snap	4000	sdk	uniqueid	spans_dropped	135964
1781257123	snap	4000	sdk	uniqueid	spans_flushed	1925083
1781257123	snap	4000	sdk	uniqueid	batches_sent	7336
1781257123	snap	4000	sdk	uniqueid	batches_dropped	426
1781257123	snap	4000	sdk	uniqueid	send_unavailable	426
1781257123	snap	4000	sdk	uniqueid	send_deadline	0
1781257123	snap	4000	sdk	uniqueid	send_exhausted	0
1781257123	snap	4000	sdk	uniqueid	send_canceled	0
1781257123	snap	4000	sdk	uniqueid	send_other	0
1781257123	snap	4000	sdk	uniqueid	buffer_depth	0
0
1781257123	snap	4000	sdk	uniqueid	cp_received	1925083
1781257123	snap	4000	sdk	uniqueid	lp_received	0
1781257123	snap	4000	sdk	uniqueid	cp_sent	1789119
1781257123	snap	4000	sdk	uniqueid	lp_sent	0
1781257123	snap	4000	sdk	uniqueid	cp_dropped	135964
1781257123	snap	4000	sdk	uniqueid	lp_dropped	0
1781257123	snap	4000	sdk	urlshorten	spans_received	1925083
1781257123	snap	4000	sdk	urlshorten	spans_sent	1925083
1781257123	snap	4000	sdk	urlshorten	spans_dropped	0
1781257123	snap	4000	sdk	urlshorten	spans_flushed	1925083
1781257123	snap	4000	sdk	urlshorten	batches_sent	7732
1781257123	snap	4000	sdk	urlshorten	batches_dropped	0
1781257123	snap	4000	sdk	urlshorten	send_unavailable	0
1781257123	snap	4000	sdk	urlshorten	send_deadline	0
1781257123	snap	4000	sdk	urlshorten	send_exhausted	0
1781257123	snap	4000	sdk	urlshorten	send_canceled	0
1781257123	snap	4000	sdk	urlshorten	send_other	0
1781257123	snap	4000	sdk	urlshorten	buffer_depth	0
0
1781257123	snap	4000	sdk	urlshorten	cp_received	1925083
1781257123	snap	4000	sdk	urlshorten	lp_received	0
1781257123	snap	4000	sdk	urlshorten	cp_sent	1925083
1781257123	snap	4000	sdk	urlshorten	lp_sent	0
1781257123	snap	4000	sdk	urlshorten	cp_dropped	0
1781257123	snap	4000	sdk	urlshorten	lp_dropped	0
1781257123	snap	4000	sdk	user	spans_received	1927007
1781257123	snap	4000	sdk	user	spans_sent	1918694
1781257123	snap	4000	sdk	user	spans_dropped	8313
1781257123	snap	4000	sdk	user	spans_flushed	1927007
1781257123	snap	4000	sdk	user	batches_sent	7755
1781257123	snap	4000	sdk	user	batches_dropped	22
1781257123	snap	4000	sdk	user	send_unavailable	22
1781257123	snap	4000	sdk	user	send_deadline	0
1781257123	snap	4000	sdk	user	send_exhausted	0
1781257123	snap	4000	sdk	user	send_canceled	0
1781257123	snap	4000	sdk	user	send_other	0
1781257123	snap	4000	sdk	user	buffer_depth	0
0
1781257123	snap	4000	sdk	user	cp_received	1925083
1781257123	snap	4000	sdk	user	lp_received	1924
1781257123	snap	4000	sdk	user	cp_sent	1916770
1781257123	snap	4000	sdk	user	lp_sent	1924
1781257123	snap	4000	sdk	user	cp_dropped	8313
1781257123	snap	4000	sdk	user	lp_dropped	0
1781257123	snap	4000	sdk	userid	spans_received	75248
1781257123	snap	4000	sdk	userid	spans_sent	75248
1781257123	snap	4000	sdk	userid	spans_dropped	0
1781257123	snap	4000	sdk	userid	spans_flushed	75248
1781257123	snap	4000	sdk	userid	batches_sent	239
1781257123	snap	4000	sdk	userid	batches_dropped	0
1781257123	snap	4000	sdk	userid	send_unavailable	0
1781257123	snap	4000	sdk	userid	send_deadline	0
1781257123	snap	4000	sdk	userid	send_exhausted	0
1781257123	snap	4000	sdk	userid	send_canceled	0
1781257123	snap	4000	sdk	userid	send_other	0
1781257123	snap	4000	sdk	userid	buffer_depth	0
0
1781257123	snap	4000	sdk	userid	cp_received	75248
1781257123	snap	4000	sdk	userid	lp_received	0
1781257123	snap	4000	sdk	userid	cp_sent	75248
1781257123	snap	4000	sdk	userid	lp_sent	0
1781257123	snap	4000	sdk	userid	cp_dropped	0
1781257123	snap	4000	sdk	userid	lp_dropped	0
1781257123	snap	4000	sdk	usermention	spans_received	1925083
1781257123	snap	4000	sdk	usermention	spans_sent	1789702
1781257123	snap	4000	sdk	usermention	spans_dropped	135381
1781257123	snap	4000	sdk	usermention	spans_flushed	1925083
1781257123	snap	4000	sdk	usermention	batches_sent	7324
1781257123	snap	4000	sdk	usermention	batches_dropped	418
1781257123	snap	4000	sdk	usermention	send_unavailable	418
1781257123	snap	4000	sdk	usermention	send_deadline	0
1781257123	snap	4000	sdk	usermention	send_exhausted	0
1781257123	snap	4000	sdk	usermention	send_canceled	0
1781257123	snap	4000	sdk	usermention	send_other	0
1781257123	snap	4000	sdk	usermention	buffer_depth	0
0
1781257123	snap	4000	sdk	usermention	cp_received	1925083
1781257123	snap	4000	sdk	usermention	lp_received	0
1781257123	snap	4000	sdk	usermention	cp_sent	1789702
1781257123	snap	4000	sdk	usermention	lp_sent	0
1781257123	snap	4000	sdk	usermention	cp_dropped	135381
1781257123	snap	4000	sdk	usermention	lp_dropped	0
1781257123	snap	4000	sdk	usertimeline	spans_received	1925074
1781257123	snap	4000	sdk	usertimeline	spans_sent	1925074
1781257123	snap	4000	sdk	usertimeline	spans_dropped	0
1781257123	snap	4000	sdk	usertimeline	spans_flushed	1925074
1781257123	snap	4000	sdk	usertimeline	batches_sent	7671
1781257123	snap	4000	sdk	usertimeline	batches_dropped	0
1781257123	snap	4000	sdk	usertimeline	send_unavailable	0
1781257123	snap	4000	sdk	usertimeline	send_deadline	0
1781257123	snap	4000	sdk	usertimeline	send_exhausted	0
1781257123	snap	4000	sdk	usertimeline	send_canceled	0
1781257123	snap	4000	sdk	usertimeline	send_other	0
1781257123	snap	4000	sdk	usertimeline	buffer_depth	0
0
1781257123	snap	4000	sdk	usertimeline	cp_received	1925074
1781257123	snap	4000	sdk	usertimeline	lp_received	0
1781257123	snap	4000	sdk	usertimeline	cp_sent	1925074
1781257123	snap	4000	sdk	usertimeline	lp_sent	0
1781257123	snap	4000	sdk	usertimeline	cp_dropped	0
1781257123	snap	4000	sdk	usertimeline	lp_dropped	0
