setup: assigned thread_id=1
init: final thread_id=1, base_seed=nil
script_want_response
Running 2m test @ http://10.10.1.1:33282
  1 threads and 10 connections

  Thread calibration: mean lat.: 61.040ms, rate sampling interval: 112ms

-----------------------------------------------------------------------
Test Results @ http://10.10.1.1:33282 
  Thread Stats   Avg      Stdev     99%   +/- Stdev
    Latency     7.74ms    0.87ms  10.01ms   75.58%
    Req/Sec   100.17     24.22   178.00     85.93%
  Latency Distribution (HdrHistogram - Recorded Latency)
 50.000%    7.64ms
 75.000%    8.20ms
 90.000%    8.83ms
 99.000%   10.01ms
 99.900%   13.23ms
 99.990%   14.79ms
 99.999%   16.24ms
100.000%   16.24ms

  Detailed Percentile spectrum:
       Value   Percentile   TotalCount 1/(1-Percentile)

       4.783     0.000000            1         1.00
       6.863     0.100000          910         1.11
       7.123     0.200000         1821         1.25
       7.303     0.300000         2703         1.43
       7.471     0.400000         3602         1.67
       7.639     0.500000         4503         2.00
       7.731     0.550000         4973         2.22
       7.827     0.600000         5402         2.50
       7.935     0.650000         5856         2.86
       8.059     0.700000         6307         3.33
       8.199     0.750000         6756         4.00
       8.279     0.775000         6992         4.44
       8.367     0.800000         7208         5.00
       8.463     0.825000         7423         5.71
       8.567     0.850000         7667         6.67
       8.687     0.875000         7880         8.00
       8.759     0.887500         7996         8.89
       8.831     0.900000         8101        10.00
       8.903     0.912500         8210        11.43
       8.983     0.925000         8333        13.33
       9.071     0.937500         8442        16.00
       9.119     0.943750         8497        17.78
       9.167     0.950000         8550        20.00
       9.231     0.956250         8607        22.86
       9.311     0.962500         8670        26.67
       9.407     0.968750         8718        32.00
       9.455     0.971875         8746        35.56
       9.511     0.975000         8773        40.00
       9.575     0.978125         8803        45.71
       9.655     0.981250         8832        53.33
       9.743     0.984375         8857        64.00
       9.815     0.985938         8875        71.11
       9.855     0.987500         8885        80.00
       9.975     0.989062         8899        91.43
      10.047     0.990625         8913       106.67
      10.191     0.992188         8927       128.00
      10.287     0.992969         8934       142.22
      10.399     0.993750         8942       160.00
      10.535     0.994531         8948       182.86
      11.111     0.995313         8955       213.33
      11.727     0.996094         8962       256.00
      12.023     0.996484         8966       284.44
      12.311     0.996875         8970       320.00
      12.551     0.997266         8974       365.71
      12.599     0.997656         8976       426.67
      12.935     0.998047         8980       512.00
      13.023     0.998242         8982       568.89
      13.055     0.998437         8983       640.00
      13.095     0.998633         8985       731.43
      13.215     0.998828         8987       853.33
      13.239     0.999023         8989      1024.00
      13.327     0.999121         8991      1137.78
      13.327     0.999219         8991      1280.00
      13.327     0.999316         8991      1462.86
      13.479     0.999414         8992      1706.67
      13.495     0.999512         8993      2048.00
      13.687     0.999561         8994      2275.56
      13.687     0.999609         8994      2560.00
      13.687     0.999658         8994      2925.71
      14.551     0.999707         8995      3413.33
      14.551     0.999756         8995      4096.00
      14.791     0.999780         8996      4551.11
      14.791     0.999805         8996      5120.00
      14.791     0.999829         8996      5851.43
      14.791     0.999854         8996      6826.67
      14.791     0.999878         8996      8192.00
      16.239     0.999890         8997      9102.22
      16.239     1.000000         8997          inf
#[Mean    =        7.743, StdDeviation   =        0.865]
#[Max     =       16.232, Total count    =         8997]
#[Buckets =           27, SubBuckets     =         2048]
-----------------------------------------------------------------------
  9991 requests in 1.67m, 1.55MB read
Requests/sec:     99.90  
Transfer/sec:     15.87KB

=== rps=2000 c=200 t=20 url=http://10.10.1.1:33282 ===
setup: assigned thread_id=1
init: final thread_id=1, base_seed=nil
setup: assigned thread_id=2
init: final thread_id=2, base_seed=nil
setup: assigned thread_id=3
init: final thread_id=3, base_seed=nil
setup: assigned thread_id=4
init: final thread_id=4, base_seed=nil
setup: assigned thread_id=5
init: final thread_id=5, base_seed=nil
setup: assigned thread_id=6
init: final thread_id=6, base_seed=nil
setup: assigned thread_id=7
init: final thread_id=7, base_seed=nil
setup: assigned thread_id=8
init: final thread_id=8, base_seed=nil
setup: assigned thread_id=9
init: final thread_id=9, base_seed=nil
setup: assigned thread_id=10
init: final thread_id=10, base_seed=nil
setup: assigned thread_id=11
init: final thread_id=11, base_seed=nil
setup: assigned thread_id=12
init: final thread_id=12, base_seed=nil
setup: assigned thread_id=13
init: final thread_id=13, base_seed=nil
setup: assigned thread_id=14
init: final thread_id=14, base_seed=nil
setup: assigned thread_id=15
init: final thread_id=15, base_seed=nil
setup: assigned thread_id=16
init: final thread_id=16, base_seed=nil
setup: assigned thread_id=17
init: final thread_id=17, base_seed=nil
setup: assigned thread_id=18
init: final thread_id=18, base_seed=nil
setup: assigned thread_id=19
init: final thread_id=19, base_seed=nil
setup: assigned thread_id=20
init: final thread_id=20, base_seed=nil
script_want_response
Running 1m test @ http://10.10.1.1:33282
  20 threads and 200 connections

  Thread calibration: mean lat.: 9.200ms, rate sampling interval: 23ms
  Thread calibration: mean lat.: 9.427ms, rate sampling interval: 23ms
  Thread calibration: mean lat.: 9.576ms, rate sampling interval: 24ms
  Thread calibration: mean lat.: 10.231ms, rate sampling interval: 28ms
  Thread calibration: mean lat.: 10.486ms, rate sampling interval: 28ms
  Thread calibration: mean lat.: 11.359ms, rate sampling interval: 31ms
  Thread calibration: mean lat.: 11.549ms, rate sampling interval: 31ms
  Thread calibration: mean lat.: 11.971ms, rate sampling interval: 32ms
  Thread calibration: mean lat.: 12.465ms, rate sampling interval: 32ms
  Thread calibration: mean lat.: 13.328ms, rate sampling interval: 34ms
  Thread calibration: mean lat.: 12.567ms, rate sampling interval: 34ms
  Thread calibration: mean lat.: 12.251ms, rate sampling interval: 32ms
  Thread calibration: mean lat.: 12.415ms, rate sampling interval: 34ms
  Thread calibration: mean lat.: 12.543ms, rate sampling interval: 34ms
  Thread calibration: mean lat.: 13.548ms, rate sampling interval: 36ms
  Thread calibration: mean lat.: 13.923ms, rate sampling interval: 35ms
  Thread calibration: mean lat.: 14.169ms, rate sampling interval: 35ms
  Thread calibration: mean lat.: 15.639ms, rate sampling interval: 39ms
  Thread calibration: mean lat.: 15.551ms, rate sampling interval: 38ms
  Thread calibration: mean lat.: 12.110ms, rate sampling interval: 32ms

-----------------------------------------------------------------------
Test Results @ http://10.10.1.1:33282 
  Thread Stats   Avg      Stdev     99%   +/- Stdev
    Latency    13.51ms    5.99ms  40.13ms   87.70%
    Req/Sec   101.42    109.83   409.00     81.07%
  Latency Distribution (HdrHistogram - Recorded Latency)
 50.000%   12.09ms
 75.000%   15.49ms
 90.000%   19.60ms
 99.000%   40.13ms
 99.900%   55.39ms
 99.990%   61.06ms
 99.999%   67.46ms
100.000%   73.54ms

  Detailed Percentile spectrum:
       Value   Percentile   TotalCount 1/(1-Percentile)

       6.451     0.000000            1         1.00
       8.311     0.100000        10001         1.11
       9.183     0.200000        20050         1.25
      10.159     0.300000        30027         1.43
      11.119     0.400000        40030         1.67
      12.087     0.500000        49971         2.00
      12.623     0.550000        54956         2.22
      13.199     0.600000        59968         2.50
      13.855     0.650000        64978         2.86
      14.615     0.700000        69974         3.33
      15.487     0.750000        74932         4.00
      15.991     0.775000        77457         4.44
      16.527     0.800000        79953         5.00
      17.119     0.825000        82449         5.71
      17.759     0.850000        84928         6.67
      18.591     0.875000        87454         8.00
      19.071     0.887500        88697         8.89
      19.599     0.900000        89922        10.00
      20.223     0.912500        91176        11.43
      20.975     0.925000        92431        13.33
      21.935     0.937500        93677        16.00
      22.591     0.943750        94290        17.78
      23.359     0.950000        94917        20.00
      24.175     0.956250        95549        22.86
      25.327     0.962500        96163        26.67
      26.943     0.968750        96787        32.00
      27.919     0.971875        97104        35.56
      29.119     0.975000        97418        40.00
      30.719     0.978125        97727        45.71
      32.751     0.981250        98036        53.33
      35.039     0.984375        98349        64.00
      36.351     0.985938        98508        71.11
      37.727     0.987500        98661        80.00
      39.199     0.989062        98817        91.43
      40.767     0.990625        98973       106.67
      42.815     0.992188        99129       128.00
      43.935     0.992969        99207       142.22
      45.055     0.993750        99285       160.00
      46.207     0.994531        99363       182.86
      47.423     0.995313        99442       213.33
      48.959     0.996094        99521       256.00
      49.663     0.996484        99558       284.44
      50.495     0.996875        99599       320.00
      50.911     0.997266        99636       365.71
      51.647     0.997656        99676       426.67
      52.287     0.998047        99716       512.00
      52.575     0.998242        99734       568.89
      53.279     0.998437        99754       640.00
      54.047     0.998633        99773       731.43
      54.815     0.998828        99792       853.33
      55.487     0.999023        99812      1024.00
      55.999     0.999121        99823      1137.78
      56.319     0.999219        99831      1280.00
      56.607     0.999316        99841      1462.86
      57.151     0.999414        99851      1706.67
      57.599     0.999512        99863      2048.00
      57.919     0.999561        99866      2275.56
      58.047     0.999609        99870      2560.00
      58.495     0.999658        99875      2925.71
      59.007     0.999707        99880      3413.33
      59.647     0.999756        99885      4096.00
      60.127     0.999780        99888      4551.11
      60.415     0.999805        99890      5120.00
      60.575     0.999829        99892      5851.43
      60.831     0.999854        99896      6826.67
      60.959     0.999878        99897      8192.00
      61.055     0.999890        99899      9102.22
      61.311     0.999902        99900     10240.00
      61.343     0.999915        99901     11702.86
      61.439     0.999927        99904     13653.33
      61.439     0.999939        99904     16384.00
      61.439     0.999945        99904     18204.44
      63.615     0.999951        99905     20480.00
      63.615     0.999957        99905     23405.71
      63.807     0.999963        99906     27306.67
      63.807     0.999969        99906     32768.00
      65.855     0.999973        99907     36408.89
      65.855     0.999976        99907     40960.00
      65.855     0.999979        99907     46811.43
      67.455     0.999982        99908     54613.33
      67.455     0.999985        99908     65536.00
      67.455     0.999986        99908     72817.78
      67.455     0.999988        99908     81920.00
      67.455     0.999989        99908     93622.86
      73.535     0.999991        99909    109226.67
      73.535     1.000000        99909          inf
#[Mean    =       13.515, StdDeviation   =        5.990]
#[Max     =       73.472, Total count    =        99909]
#[Buckets =           27, SubBuckets     =         2048]
-----------------------------------------------------------------------
  119533 requests in 1.00m, 18.54MB read
Requests/sec:   1994.82  
Transfer/sec:    316.83KB

=== rps=2200 c=242 t=25 url=http://10.10.1.1:33282 ===
setup: assigned thread_id=1
init: final thread_id=1, base_seed=nil
setup: assigned thread_id=2
init: final thread_id=2, base_seed=nil
setup: assigned thread_id=3
init: final thread_id=3, base_seed=nil
setup: assigned thread_id=4
init: final thread_id=4, base_seed=nil
setup: assigned thread_id=5
init: final thread_id=5, base_seed=nil
setup: assigned thread_id=6
init: final thread_id=6, base_seed=nil
setup: assigned thread_id=7
init: final thread_id=7, base_seed=nil
setup: assigned thread_id=8
init: final thread_id=8, base_seed=nil
setup: assigned thread_id=9
init: final thread_id=9, base_seed=nil
setup: assigned thread_id=10
init: final thread_id=10, base_seed=nil
setup: assigned thread_id=11
init: final thread_id=11, base_seed=nil
setup: assigned thread_id=12
init: final thread_id=12, base_seed=nil
setup: assigned thread_id=13
init: final thread_id=13, base_seed=nil
setup: assigned thread_id=14
init: final thread_id=14, base_seed=nil
setup: assigned thread_id=15
init: final thread_id=15, base_seed=nil
setup: assigned thread_id=16
init: final thread_id=16, base_seed=nil
setup: assigned thread_id=17
init: final thread_id=17, base_seed=nil
setup: assigned thread_id=18
init: final thread_id=18, base_seed=nil
setup: assigned thread_id=19
init: final thread_id=19, base_seed=nil
setup: assigned thread_id=20
init: final thread_id=20, base_seed=nil
setup: assigned thread_id=21
init: final thread_id=21, base_seed=nil
setup: assigned thread_id=22
init: final thread_id=22, base_seed=nil
setup: assigned thread_id=23
init: final thread_id=23, base_seed=nil
setup: assigned thread_id=24
init: final thread_id=24, base_seed=nil
setup: assigned thread_id=25
init: final thread_id=25, base_seed=nil
script_want_response
Running 1m test @ http://10.10.1.1:33282
  25 threads and 242 connections

  Thread calibration: mean lat.: 10.227ms, rate sampling interval: 27ms
  Thread calibration: mean lat.: 10.531ms, rate sampling interval: 29ms
  Thread calibration: mean lat.: 10.839ms, rate sampling interval: 30ms
  Thread calibration: mean lat.: 11.286ms, rate sampling interval: 30ms
  Thread calibration: mean lat.: 11.589ms, rate sampling interval: 31ms
  Thread calibration: mean lat.: 12.180ms, rate sampling interval: 34ms
  Thread calibration: mean lat.: 12.695ms, rate sampling interval: 35ms
  Thread calibration: mean lat.: 12.964ms, rate sampling interval: 35ms
  Thread calibration: mean lat.: 13.446ms, rate sampling interval: 36ms
  Thread calibration: mean lat.: 13.476ms, rate sampling interval: 37ms
  Thread calibration: mean lat.: 13.409ms, rate sampling interval: 36ms
  Thread calibration: mean lat.: 13.718ms, rate sampling interval: 37ms
  Thread calibration: mean lat.: 13.409ms, rate sampling interval: 36ms
  Thread calibration: mean lat.: 13.554ms, rate sampling interval: 37ms
  Thread calibration: mean lat.: 13.738ms, rate sampling interval: 37ms
  Thread calibration: mean lat.: 13.770ms, rate sampling interval: 37ms
  Thread calibration: mean lat.: 16.698ms, rate sampling interval: 49ms
  Thread calibration: mean lat.: 17.329ms, rate sampling interval: 52ms
  Thread calibration: mean lat.: 17.733ms, rate sampling interval: 52ms
  Thread calibration: mean lat.: 17.944ms, rate sampling interval: 52ms
  Thread calibration: mean lat.: 18.224ms, rate sampling interval: 52ms
  Thread calibration: mean lat.: 18.370ms, rate sampling interval: 52ms
  Thread calibration: mean lat.: 18.172ms, rate sampling interval: 51ms
  Thread calibration: mean lat.: 17.759ms, rate sampling interval: 48ms
  Thread calibration: mean lat.: 17.371ms, rate sampling interval: 47ms

-----------------------------------------------------------------------
Test Results @ http://10.10.1.1:33282 
  Thread Stats   Avg      Stdev     99%   +/- Stdev
    Latency    15.54ms    6.22ms  36.61ms   75.96%
    Req/Sec    88.94     83.72   321.00     49.32%
  Latency Distribution (HdrHistogram - Recorded Latency)
 50.000%   14.03ms
 75.000%   18.51ms
 90.000%   23.65ms
 99.000%   36.61ms
 99.900%   48.19ms
 99.990%   79.29ms
 99.999%  114.75ms
100.000%  118.78ms

  Detailed Percentile spectrum:
       Value   Percentile   TotalCount 1/(1-Percentile)

       6.783     0.000000            1         1.00
       9.311     0.100000        11057         1.11
      10.431     0.200000        22046         1.25
      11.551     0.300000        32972         1.43
      12.751     0.400000        43972         1.67
      14.031     0.500000        54974         2.00
      14.743     0.550000        60426         2.22
      15.527     0.600000        65919         2.50
      16.415     0.650000        71466         2.86
      17.391     0.700000        76975         3.33
      18.511     0.750000        82467         4.00
      19.151     0.775000        85197         4.44
      19.839     0.800000        87963         5.00
      20.575     0.825000        90657         5.71
      21.407     0.850000        93427         6.67
      22.399     0.875000        96146         8.00
      23.007     0.887500        97547         8.89
      23.647     0.900000        98890        10.00
      24.335     0.912500       100250        11.43
      25.183     0.925000       101635        13.33
      26.127     0.937500       102997        16.00
      26.703     0.943750       103692        17.78
      27.343     0.950000       104378        20.00
      27.999     0.956250       105054        22.86
      28.847     0.962500       105745        26.67
      29.919     0.968750       106427        32.00
      30.511     0.971875       106777        35.56
      31.215     0.975000       107116        40.00
      31.999     0.978125       107461        45.71
      32.831     0.981250       107802        53.33
      33.855     0.984375       108153        64.00
      34.495     0.985938       108321        71.11
      35.231     0.987500       108490        80.00
      36.063     0.989062       108663        91.43
      37.023     0.990625       108831       106.67
      38.079     0.992188       109001       128.00
      38.719     0.992969       109088       142.22
      39.647     0.993750       109177       160.00
      40.447     0.994531       109260       182.86
      41.407     0.995313       109349       213.33
      42.335     0.996094       109432       256.00
      42.847     0.996484       109473       284.44
      43.615     0.996875       109516       320.00
      44.351     0.997266       109559       365.71
      44.959     0.997656       109603       426.67
      45.919     0.998047       109645       512.00
      46.335     0.998242       109666       568.89
      46.911     0.998437       109689       640.00
      47.359     0.998633       109709       731.43
      47.743     0.998828       109731       853.33
      48.351     0.999023       109753      1024.00
      48.575     0.999121       109764      1137.78
      48.927     0.999219       109775      1280.00
      49.215     0.999316       109786      1462.86
      49.663     0.999414       109795      1706.67
      50.303     0.999512       109806      2048.00
      50.527     0.999561       109811      2275.56
      51.071     0.999609       109818      2560.00
      52.671     0.999658       109822      2925.71
      54.815     0.999707       109827      3413.33
      71.487     0.999756       109833      4096.00
      72.511     0.999780       109835      4551.11
      74.111     0.999805       109838      5120.00
      76.671     0.999829       109841      5851.43
      78.207     0.999854       109843      6826.67
      78.783     0.999878       109846      8192.00
      79.231     0.999890       109847      9102.22
      79.551     0.999902       109849     10240.00
      79.999     0.999915       109850     11702.86
      80.319     0.999927       109851     13653.33
      83.839     0.999939       109853     16384.00
      83.839     0.999945       109853     18204.44
      84.799     0.999951       109854     20480.00
      85.055     0.999957       109855     23405.71
      85.055     0.999963       109855     27306.67
      89.663     0.999969       109856     32768.00
      89.663     0.999973       109856     36408.89
     114.495     0.999976       109857     40960.00
     114.495     0.999979       109857     46811.43
     114.495     0.999982       109857     54613.33
     114.751     0.999985       109858     65536.00
     114.751     0.999986       109858     72817.78
     114.751     0.999988       109858     81920.00
     114.751     0.999989       109858     93622.86
     114.751     0.999991       109858    109226.67
     118.783     0.999992       109859    131072.00
     118.783     1.000000       109859          inf
#[Mean    =       15.536, StdDeviation   =        6.225]
#[Max     =      118.720, Total count    =       109859]
#[Buckets =           27, SubBuckets     =         2048]
-----------------------------------------------------------------------
  131706 requests in 1.00m, 20.42MB read
Requests/sec:   2197.22  
Transfer/sec:    348.90KB

=== rps=2400 c=288 t=29 url=http://10.10.1.1:33282 ===
setup: assigned thread_id=1
init: final thread_id=1, base_seed=nil
setup: assigned thread_id=2
init: final thread_id=2, base_seed=nil
setup: assigned thread_id=3
init: final thread_id=3, base_seed=nil
setup: assigned thread_id=4
init: final thread_id=4, base_seed=nil
setup: assigned thread_id=5
init: final thread_id=5, base_seed=nil
setup: assigned thread_id=6
init: final thread_id=6, base_seed=nil
setup: assigned thread_id=7
init: final thread_id=7, base_seed=nil
setup: assigned thread_id=8
init: final thread_id=8, base_seed=nil
setup: assigned thread_id=9
init: final thread_id=9, base_seed=nil
setup: assigned thread_id=10
init: final thread_id=10, base_seed=nil
setup: assigned thread_id=11
init: final thread_id=11, base_seed=nil
setup: assigned thread_id=12
init: final thread_id=12, base_seed=nil
setup: assigned thread_id=13
init: final thread_id=13, base_seed=nil
setup: assigned thread_id=14
init: final thread_id=14, base_seed=nil
setup: assigned thread_id=15
init: final thread_id=15, base_seed=nil
setup: assigned thread_id=16
init: final thread_id=16, base_seed=nil
setup: assigned thread_id=17
init: final thread_id=17, base_seed=nil
setup: assigned thread_id=18
init: final thread_id=18, base_seed=nil
setup: assigned thread_id=19
init: final thread_id=19, base_seed=nil
setup: assigned thread_id=20
init: final thread_id=20, base_seed=nil
setup: assigned thread_id=21
init: final thread_id=21, base_seed=nil
setup: assigned thread_id=22
init: final thread_id=22, base_seed=nil
setup: assigned thread_id=23
init: final thread_id=23, base_seed=nil
setup: assigned thread_id=24
init: final thread_id=24, base_seed=nil
setup: assigned thread_id=25
init: final thread_id=25, base_seed=nil
setup: assigned thread_id=26
init: final thread_id=26, base_seed=nil
setup: assigned thread_id=27
init: final thread_id=27, base_seed=nil
setup: assigned thread_id=28
init: final thread_id=28, base_seed=nil
setup: assigned thread_id=29
init: final thread_id=29, base_seed=nil
script_want_response
Running 1m test @ http://10.10.1.1:33282
  29 threads and 288 connections

  Thread calibration: mean lat.: 25.996ms, rate sampling interval: 78ms
  Thread calibration: mean lat.: 25.713ms, rate sampling interval: 76ms
  Thread calibration: mean lat.: 25.384ms, rate sampling interval: 74ms
  Thread calibration: mean lat.: 22.567ms, rate sampling interval: 72ms
  Thread calibration: mean lat.: 22.333ms, rate sampling interval: 70ms
  Thread calibration: mean lat.: 18.070ms, rate sampling interval: 58ms
  Thread calibration: mean lat.: 20.067ms, rate sampling interval: 65ms
  Thread calibration: mean lat.: 19.779ms, rate sampling interval: 65ms
  Thread calibration: mean lat.: 18.682ms, rate sampling interval: 59ms
  Thread calibration: mean lat.: 17.669ms, rate sampling interval: 56ms
  Thread calibration: mean lat.: 15.821ms, rate sampling interval: 45ms
  Thread calibration: mean lat.: 14.905ms, rate sampling interval: 40ms
  Thread calibration: mean lat.: 15.286ms, rate sampling interval: 41ms
  Thread calibration: mean lat.: 14.835ms, rate sampling interval: 39ms
  Thread calibration: mean lat.: 14.892ms, rate sampling interval: 39ms
  Thread calibration: mean lat.: 15.945ms, rate sampling interval: 47ms
  Thread calibration: mean lat.: 16.440ms, rate sampling interval: 48ms
  Thread calibration: mean lat.: 21.450ms, rate sampling interval: 67ms
  Thread calibration: mean lat.: 22.611ms, rate sampling interval: 68ms
  Thread calibration: mean lat.: 23.452ms, rate sampling interval: 69ms
  Thread calibration: mean lat.: 24.065ms, rate sampling interval: 70ms
  Thread calibration: mean lat.: 25.204ms, rate sampling interval: 72ms
  Thread calibration: mean lat.: 25.999ms, rate sampling interval: 75ms
  Thread calibration: mean lat.: 24.742ms, rate sampling interval: 72ms
  Thread calibration: mean lat.: 24.844ms, rate sampling interval: 74ms
  Thread calibration: mean lat.: 22.233ms, rate sampling interval: 69ms
  Thread calibration: mean lat.: 22.277ms, rate sampling interval: 71ms
  Thread calibration: mean lat.: 26.566ms, rate sampling interval: 78ms
  Thread calibration: mean lat.: 19.029ms, rate sampling interval: 61ms

-----------------------------------------------------------------------
Test Results @ http://10.10.1.1:33282 
  Thread Stats   Avg      Stdev     99%   +/- Stdev
    Latency    20.53ms    8.95ms  48.42ms   72.32%
    Req/Sec    82.40     56.75   200.00     63.23%
  Latency Distribution (HdrHistogram - Recorded Latency)
 50.000%   18.69ms
 75.000%   25.52ms
 90.000%   32.05ms
 99.000%   48.42ms
 99.900%   67.07ms
 99.990%   81.98ms
 99.999%  110.27ms
100.000%  111.81ms

  Detailed Percentile spectrum:
       Value   Percentile   TotalCount 1/(1-Percentile)

       6.831     0.000000            1         1.00
      10.975     0.100000        11929         1.11
      12.799     0.200000        23803         1.25
      14.631     0.300000        35693         1.43
      16.527     0.400000        47628         1.67
      18.687     0.500000        59502         2.00
      19.919     0.550000        65372         2.22
      21.199     0.600000        71336         2.50
      22.559     0.650000        77306         2.86
      23.983     0.700000        83202         3.33
      25.519     0.750000        89141         4.00
      26.351     0.775000        92105         4.44
      27.215     0.800000        95114         5.00
      28.175     0.825000        98074         5.71
      29.231     0.850000       101053         6.67
      30.479     0.875000       104007         8.00
      31.247     0.887500       105509         8.89
      32.047     0.900000       106973        10.00
      32.927     0.912500       108452        11.43
      34.047     0.925000       109960        13.33
      35.423     0.937500       111430        16.00
      36.255     0.943750       112163        17.78
      37.119     0.950000       112914        20.00
      38.143     0.956250       113661        22.86
      39.487     0.962500       114403        26.67
      40.991     0.968750       115145        32.00
      41.791     0.971875       115513        35.56
      42.687     0.975000       115875        40.00
      43.583     0.978125       116248        45.71
      44.607     0.981250       116619        53.33
      45.759     0.984375       116997        64.00
      46.399     0.985938       117177        71.11
      47.039     0.987500       117362        80.00
      47.871     0.989062       117551        91.43
      48.895     0.990625       117736       106.67
      50.271     0.992188       117920       128.00
      51.135     0.992969       118013       142.22
      52.255     0.993750       118101       160.00
      53.471     0.994531       118198       182.86
      54.751     0.995313       118288       213.33
      56.543     0.996094       118380       256.00
      57.919     0.996484       118427       284.44
      59.359     0.996875       118472       320.00
      60.895     0.997266       118519       365.71
      62.431     0.997656       118565       426.67
      64.287     0.998047       118612       512.00
      64.927     0.998242       118635       568.89
      65.535     0.998437       118658       640.00
      66.047     0.998633       118681       731.43
      66.431     0.998828       118704       853.33
      67.071     0.999023       118727      1024.00
      67.391     0.999121       118739      1137.78
      67.967     0.999219       118751      1280.00
      68.351     0.999316       118765      1462.86
      68.863     0.999414       118774      1706.67
      69.567     0.999512       118787      2048.00
      69.887     0.999561       118791      2275.56
      70.719     0.999609       118797      2560.00
      71.487     0.999658       118803      2925.71
      72.767     0.999707       118809      3413.33
      74.943     0.999756       118814      4096.00
      76.159     0.999780       118817      4551.11
      79.167     0.999805       118820      5120.00
      80.191     0.999829       118823      5851.43
      81.023     0.999854       118826      6826.67
      81.663     0.999878       118829      8192.00
      81.791     0.999890       118830      9102.22
      83.327     0.999902       118832     10240.00
      84.863     0.999915       118833     11702.86
      88.959     0.999927       118835     13653.33
      99.967     0.999939       118836     16384.00
     103.231     0.999945       118837     18204.44
     103.871     0.999951       118838     20480.00
     103.871     0.999957       118838     23405.71
     105.151     0.999963       118839     27306.67
     107.327     0.999969       118840     32768.00
     107.327     0.999973       118840     36408.89
     107.519     0.999976       118841     40960.00
     107.519     0.999979       118841     46811.43
     107.519     0.999982       118841     54613.33
     110.271     0.999985       118842     65536.00
     110.271     0.999986       118842     72817.78
     110.271     0.999988       118842     81920.00
     110.271     0.999989       118842     93622.86
     110.271     0.999991       118842    109226.67
     111.807     0.999992       118843    131072.00
     111.807     1.000000       118843          inf
#[Mean    =       20.529, StdDeviation   =        8.952]
#[Max     =      111.744, Total count    =       118843]
#[Buckets =           27, SubBuckets     =         2048]
-----------------------------------------------------------------------
  142225 requests in 1.00m, 22.06MB read
Requests/sec:   2372.33  
Transfer/sec:    376.72KB

=== rps=2600 c=338 t=34 url=http://10.10.1.1:33282 ===
setup: assigned thread_id=1
init: final thread_id=1, base_seed=nil
setup: assigned thread_id=2
init: final thread_id=2, base_seed=nil
setup: assigned thread_id=3
init: final thread_id=3, base_seed=nil
setup: assigned thread_id=4
init: final thread_id=4, base_seed=nil
setup: assigned thread_id=5
init: final thread_id=5, base_seed=nil
setup: assigned thread_id=6
init: final thread_id=6, base_seed=nil
setup: assigned thread_id=7
init: final thread_id=7, base_seed=nil
setup: assigned thread_id=8
init: final thread_id=8, base_seed=nil
setup: assigned thread_id=9
init: final thread_id=9, base_seed=nil
setup: assigned thread_id=10
init: final thread_id=10, base_seed=nil
setup: assigned thread_id=11
init: final thread_id=11, base_seed=nil
setup: assigned thread_id=12
init: final thread_id=12, base_seed=nil
setup: assigned thread_id=13
init: final thread_id=13, base_seed=nil
setup: assigned thread_id=14
init: final thread_id=14, base_seed=nil
setup: assigned thread_id=15
init: final thread_id=15, base_seed=nil
setup: assigned thread_id=16
init: final thread_id=16, base_seed=nil
setup: assigned thread_id=17
init: final thread_id=17, base_seed=nil
setup: assigned thread_id=18
init: final thread_id=18, base_seed=nil
setup: assigned thread_id=19
init: final thread_id=19, base_seed=nil
setup: assigned thread_id=20
init: final thread_id=20, base_seed=nil
setup: assigned thread_id=21
init: final thread_id=21, base_seed=nil
setup: assigned thread_id=22
init: final thread_id=22, base_seed=nil
setup: assigned thread_id=23
init: final thread_id=23, base_seed=nil
setup: assigned thread_id=24
init: final thread_id=24, base_seed=nil
setup: assigned thread_id=25
init: final thread_id=25, base_seed=nil
setup: assigned thread_id=26
init: final thread_id=26, base_seed=nil
setup: assigned thread_id=27
init: final thread_id=27, base_seed=nil
setup: assigned thread_id=28
init: final thread_id=28, base_seed=nil
setup: assigned thread_id=29
init: final thread_id=29, base_seed=nil
setup: assigned thread_id=30
init: final thread_id=30, base_seed=nil
setup: assigned thread_id=31
init: final thread_id=31, base_seed=nil
setup: assigned thread_id=32
init: final thread_id=32, base_seed=nil
setup: assigned thread_id=33
init: final thread_id=33, base_seed=nil
setup: assigned thread_id=34
init: final thread_id=34, base_seed=nil
script_want_response
Running 1m test @ http://10.10.1.1:33282
  34 threads and 338 connections

  Thread calibration: mean lat.: 23.536ms, rate sampling interval: 68ms
  Thread calibration: mean lat.: 23.325ms, rate sampling interval: 66ms
  Thread calibration: mean lat.: 22.927ms, rate sampling interval: 65ms
  Thread calibration: mean lat.: 21.499ms, rate sampling interval: 62ms
  Thread calibration: mean lat.: 21.499ms, rate sampling interval: 62ms
  Thread calibration: mean lat.: 20.672ms, rate sampling interval: 59ms
  Thread calibration: mean lat.: 20.752ms, rate sampling interval: 58ms
  Thread calibration: mean lat.: 20.181ms, rate sampling interval: 57ms
  Thread calibration: mean lat.: 20.127ms, rate sampling interval: 56ms
  Thread calibration: mean lat.: 19.716ms, rate sampling interval: 55ms
  Thread calibration: mean lat.: 19.155ms, rate sampling interval: 54ms
  Thread calibration: mean lat.: 16.391ms, rate sampling interval: 47ms
  Thread calibration: mean lat.: 15.969ms, rate sampling interval: 46ms
  Thread calibration: mean lat.: 15.378ms, rate sampling interval: 44ms
  Thread calibration: mean lat.: 15.117ms, rate sampling interval: 44ms
  Thread calibration: mean lat.: 19.354ms, rate sampling interval: 63ms
  Thread calibration: mean lat.: 21.000ms, rate sampling interval: 64ms
  Thread calibration: mean lat.: 22.135ms, rate sampling interval: 67ms
  Thread calibration: mean lat.: 23.587ms, rate sampling interval: 68ms
  Thread calibration: mean lat.: 24.796ms, rate sampling interval: 69ms
  Thread calibration: mean lat.: 25.519ms, rate sampling interval: 69ms
  Thread calibration: mean lat.: 26.311ms, rate sampling interval: 71ms
  Thread calibration: mean lat.: 25.422ms, rate sampling interval: 70ms
  Thread calibration: mean lat.: 24.313ms, rate sampling interval: 67ms
  Thread calibration: mean lat.: 23.512ms, rate sampling interval: 67ms
  Thread calibration: mean lat.: 22.098ms, rate sampling interval: 64ms
  Thread calibration: mean lat.: 20.940ms, rate sampling interval: 61ms
  Thread calibration: mean lat.: 19.656ms, rate sampling interval: 58ms
  Thread calibration: mean lat.: 17.289ms, rate sampling interval: 52ms
  Thread calibration: mean lat.: 13.666ms, rate sampling interval: 49ms
  Thread calibration: mean lat.: 9.103ms, rate sampling interval: 21ms
  Thread calibration: mean lat.: 15.612ms, rate sampling interval: 45ms
  Thread calibration: mean lat.: 15.117ms, rate sampling interval: 44ms
  Thread calibration: mean lat.: 14.919ms, rate sampling interval: 45ms

-----------------------------------------------------------------------
Test Results @ http://10.10.1.1:33282 
  Thread Stats   Avg      Stdev     99%   +/- Stdev
    Latency    19.59ms    8.29ms  43.97ms   67.52%
    Req/Sec    76.42     75.58   428.00     88.52%
  Latency Distribution (HdrHistogram - Recorded Latency)
 50.000%   18.17ms
 75.000%   24.88ms
 90.000%   30.53ms
 99.000%   43.97ms
 99.900%   57.44ms
 99.990%   75.46ms
 99.999%   77.25ms
100.000%   93.12ms

  Detailed Percentile spectrum:
       Value   Percentile   TotalCount 1/(1-Percentile)

       7.355     0.000000            1         1.00
      10.175     0.100000        12956         1.11
      11.903     0.200000        25831         1.25
      13.815     0.300000        38737         1.43
      15.887     0.400000        51635         1.67
      18.175     0.500000        64515         2.00
      19.423     0.550000        70950         2.22
      20.719     0.600000        77444         2.50
      22.079     0.650000        83912         2.86
      23.439     0.700000        90293         3.33
      24.879     0.750000        96797         4.00
      25.647     0.775000        99996         4.44
      26.447     0.800000       103237         5.00
      27.279     0.825000       106415         5.71
      28.207     0.850000       109644         6.67
      29.295     0.875000       112876         8.00
      29.903     0.887500       114505         8.89
      30.527     0.900000       116084        10.00
      31.247     0.912500       117719        11.43
      32.063     0.925000       119311        13.33
      33.119     0.937500       120955        16.00
      33.695     0.943750       121744        17.78
      34.399     0.950000       122538        20.00
      35.199     0.956250       123358        22.86
      36.095     0.962500       124155        26.67
      37.215     0.968750       124973        32.00
      37.855     0.971875       125371        35.56
      38.559     0.975000       125761        40.00
      39.327     0.978125       126175        45.71
      40.255     0.981250       126577        53.33
      41.279     0.984375       126972        64.00
      41.887     0.985938       127176        71.11
      42.527     0.987500       127371        80.00
      43.487     0.989062       127576        91.43
      44.351     0.990625       127774       106.67
      45.439     0.992188       127979       128.00
      46.111     0.992969       128075       142.22
      46.815     0.993750       128177       160.00
      47.519     0.994531       128278       182.86
      48.511     0.995313       128379       213.33
      49.791     0.996094       128480       256.00
      50.559     0.996484       128528       284.44
      51.455     0.996875       128582       320.00
      52.223     0.997266       128632       365.71
      52.991     0.997656       128681       426.67
      53.823     0.998047       128730       512.00
      54.271     0.998242       128756       568.89
      54.847     0.998437       128782       640.00
      55.455     0.998633       128806       731.43
      56.351     0.998828       128830       853.33
      57.663     0.999023       128856      1024.00
      58.527     0.999121       128868      1137.78
      59.295     0.999219       128881      1280.00
      62.655     0.999316       128894      1462.86
      63.647     0.999414       128906      1706.67
      64.831     0.999512       128919      2048.00
      65.247     0.999561       128925      2275.56
      70.079     0.999609       128931      2560.00
      71.295     0.999658       128937      2925.71
      71.935     0.999707       128944      3413.33
      73.215     0.999756       128951      4096.00
      73.791     0.999780       128953      4551.11
      73.983     0.999805       128956      5120.00
      74.431     0.999829       128959      5851.43
      74.687     0.999854       128963      6826.67
      75.135     0.999878       128966      8192.00
      75.391     0.999890       128967      9102.22
      75.711     0.999902       128969     10240.00
      75.903     0.999915       128970     11702.86
      76.223     0.999927       128972     13653.33
      76.799     0.999939       128976     16384.00
      76.799     0.999945       128976     18204.44
      76.799     0.999951       128976     20480.00
      76.799     0.999957       128976     23405.71
      76.863     0.999963       128977     27306.67
      76.991     0.999969       128978     32768.00
      76.991     0.999973       128978     36408.89
      76.991     0.999976       128978     40960.00
      77.119     0.999979       128979     46811.43
      77.119     0.999982       128979     54613.33
      77.247     0.999985       128980     65536.00
      77.247     0.999986       128980     72817.78
      77.247     0.999988       128980     81920.00
      77.247     0.999989       128980     93622.86
      77.247     0.999991       128980    109226.67
      93.119     0.999992       128981    131072.00
      93.119     1.000000       128981          inf
#[Mean    =       19.589, StdDeviation   =        8.293]
#[Max     =       93.056, Total count    =       128981]
#[Buckets =           27, SubBuckets     =         2048]
-----------------------------------------------------------------------
  154513 requests in 1.00m, 23.95MB read
Requests/sec:   2577.65  
Transfer/sec:    409.21KB

=== rps=2800 c=392 t=40 url=http://10.10.1.1:33282 ===
setup: assigned thread_id=1
init: final thread_id=1, base_seed=nil
setup: assigned thread_id=2
init: final thread_id=2, base_seed=nil
setup: assigned thread_id=3
init: final thread_id=3, base_seed=nil
setup: assigned thread_id=4
init: final thread_id=4, base_seed=nil
setup: assigned thread_id=5
init: final thread_id=5, base_seed=nil
setup: assigned thread_id=6
init: final thread_id=6, base_seed=nil
setup: assigned thread_id=7
init: final thread_id=7, base_seed=nil
setup: assigned thread_id=8
init: final thread_id=8, base_seed=nil
setup: assigned thread_id=9
init: final thread_id=9, base_seed=nil
setup: assigned thread_id=10
init: final thread_id=10, base_seed=nil
setup: assigned thread_id=11
init: final thread_id=11, base_seed=nil
setup: assigned thread_id=12
init: final thread_id=12, base_seed=nil
setup: assigned thread_id=13
init: final thread_id=13, base_seed=nil
setup: assigned thread_id=14
init: final thread_id=14, base_seed=nil
setup: assigned thread_id=15
init: final thread_id=15, base_seed=nil
setup: assigned thread_id=16
init: final thread_id=16, base_seed=nil
setup: assigned thread_id=17
init: final thread_id=17, base_seed=nil
setup: assigned thread_id=18
init: final thread_id=18, base_seed=nil
setup: assigned thread_id=19
init: final thread_id=19, base_seed=nil
setup: assigned thread_id=20
init: final thread_id=20, base_seed=nil
setup: assigned thread_id=21
init: final thread_id=21, base_seed=nil
setup: assigned thread_id=22
init: final thread_id=22, base_seed=nil
setup: assigned thread_id=23
init: final thread_id=23, base_seed=nil
setup: assigned thread_id=24
init: final thread_id=24, base_seed=nil
setup: assigned thread_id=25
init: final thread_id=25, base_seed=nil
setup: assigned thread_id=26
init: final thread_id=26, base_seed=nil
setup: assigned thread_id=27
init: final thread_id=27, base_seed=nil
setup: assigned thread_id=28
init: final thread_id=28, base_seed=nil
setup: assigned thread_id=29
init: final thread_id=29, base_seed=nil
setup: assigned thread_id=30
init: final thread_id=30, base_seed=nil
setup: assigned thread_id=31
init: final thread_id=31, base_seed=nil
setup: assigned thread_id=32
init: final thread_id=32, base_seed=nil
setup: assigned thread_id=33
init: final thread_id=33, base_seed=nil
setup: assigned thread_id=34
init: final thread_id=34, base_seed=nil
setup: assigned thread_id=35
init: final thread_id=35, base_seed=nil
setup: assigned thread_id=36
init: final thread_id=36, base_seed=nil
setup: assigned thread_id=37
init: final thread_id=37, base_seed=nil
setup: assigned thread_id=38
init: final thread_id=38, base_seed=nil
setup: assigned thread_id=39
init: final thread_id=39, base_seed=nil
setup: assigned thread_id=40
init: final thread_id=40, base_seed=nil
script_want_response
Running 1m test @ http://10.10.1.1:33282
  40 threads and 392 connections

  Thread calibration: mean lat.: 32.248ms, rate sampling interval: 124ms
  Thread calibration: mean lat.: 37.329ms, rate sampling interval: 126ms
  Thread calibration: mean lat.: 37.495ms, rate sampling interval: 125ms
  Thread calibration: mean lat.: 39.007ms, rate sampling interval: 125ms
  Thread calibration: mean lat.: 42.722ms, rate sampling interval: 126ms
  Thread calibration: mean lat.: 40.414ms, rate sampling interval: 124ms
  Thread calibration: mean lat.: 41.515ms, rate sampling interval: 124ms
  Thread calibration: mean lat.: 39.462ms, rate sampling interval: 121ms
  Thread calibration: mean lat.: 34.943ms, rate sampling interval: 114ms
  Thread calibration: mean lat.: 34.784ms, rate sampling interval: 112ms
  Thread calibration: mean lat.: 25.178ms, rate sampling interval: 72ms
  Thread calibration: mean lat.: 23.356ms, rate sampling interval: 69ms
  Thread calibration: mean lat.: 22.150ms, rate sampling interval: 67ms
  Thread calibration: mean lat.: 21.601ms, rate sampling interval: 65ms
  Thread calibration: mean lat.: 20.489ms, rate sampling interval: 61ms
  Thread calibration: mean lat.: 20.070ms, rate sampling interval: 60ms
  Thread calibration: mean lat.: 25.139ms, rate sampling interval: 77ms
  Thread calibration: mean lat.: 26.441ms, rate sampling interval: 77ms
  Thread calibration: mean lat.: 27.679ms, rate sampling interval: 78ms
  Thread calibration: mean lat.: 29.096ms, rate sampling interval: 79ms
  Thread calibration: mean lat.: 29.605ms, rate sampling interval: 77ms
  Thread calibration: mean lat.: 30.170ms, rate sampling interval: 77ms
  Thread calibration: mean lat.: 29.912ms, rate sampling interval: 79ms
  Thread calibration: mean lat.: 30.164ms, rate sampling interval: 80ms
  Thread calibration: mean lat.: 30.483ms, rate sampling interval: 79ms
  Thread calibration: mean lat.: 31.478ms, rate sampling interval: 91ms
  Thread calibration: mean lat.: 32.569ms, rate sampling interval: 103ms
  Thread calibration: mean lat.: 33.110ms, rate sampling interval: 117ms
  Thread calibration: mean lat.: 36.950ms, rate sampling interval: 125ms
  Thread calibration: mean lat.: 37.494ms, rate sampling interval: 126ms
  Thread calibration: mean lat.: 48.609ms, rate sampling interval: 127ms
  Thread calibration: mean lat.: 51.633ms, rate sampling interval: 126ms
  Thread calibration: mean lat.: 51.993ms, rate sampling interval: 126ms
  Thread calibration: mean lat.: 51.777ms, rate sampling interval: 125ms
  Thread calibration: mean lat.: 51.121ms, rate sampling interval: 122ms
  Thread calibration: mean lat.: 51.054ms, rate sampling interval: 121ms
  Thread calibration: mean lat.: 50.815ms, rate sampling interval: 121ms
  Thread calibration: mean lat.: 50.278ms, rate sampling interval: 121ms
  Thread calibration: mean lat.: 49.700ms, rate sampling interval: 122ms
  Thread calibration: mean lat.: 49.043ms, rate sampling interval: 123ms

-----------------------------------------------------------------------
Test Results @ http://10.10.1.1:33282 
  Thread Stats   Avg      Stdev     99%   +/- Stdev
    Latency    32.83ms   15.38ms  73.73ms   65.57%
    Req/Sec    69.95     36.54   147.00     63.40%
  Latency Distribution (HdrHistogram - Recorded Latency)
 50.000%   30.14ms
 75.000%   43.10ms
 90.000%   54.46ms
 99.000%   73.73ms
 99.900%  104.38ms
 99.990%  127.61ms
 99.999%  133.12ms
100.000%  145.54ms

  Detailed Percentile spectrum:
       Value   Percentile   TotalCount 1/(1-Percentile)

       8.091     0.000000            1         1.00
      15.039     0.100000        13991         1.11
      18.751     0.200000        27966         1.25
      22.383     0.300000        41985         1.43
      26.271     0.400000        55929         1.67
      30.143     0.500000        69946         2.00
      32.239     0.550000        76947         2.22
      34.399     0.600000        83933         2.50
      36.895     0.650000        90889         2.86
      39.839     0.700000        97880         3.33
      43.103     0.750000       104894         4.00
      44.895     0.775000       108380         4.44
      46.655     0.800000       111849         5.00
      48.479     0.825000       115392         5.71
      50.367     0.850000       118847         6.67
      52.319     0.875000       122354         8.00
      53.343     0.887500       124096         8.89
      54.463     0.900000       125843        10.00
      55.679     0.912500       127584        11.43
      57.023     0.925000       129327        13.33
      58.559     0.937500       131068        16.00
      59.391     0.943750       131947        17.78
      60.319     0.950000       132817        20.00
      61.311     0.956250       133688        22.86
      62.399     0.962500       134555        26.67
      63.743     0.968750       135428        32.00
      64.543     0.971875       135875        35.56
      65.471     0.975000       136300        40.00
      66.495     0.978125       136752        45.71
      67.647     0.981250       137183        53.33
      69.055     0.984375       137622        64.00
      70.143     0.985938       137839        71.11
      71.231     0.987500       138059        80.00
      72.703     0.989062       138267        91.43
      74.431     0.990625       138494       106.67
      76.031     0.992188       138709       128.00
      76.927     0.992969       138812       142.22
      77.823     0.993750       138924       160.00
      79.167     0.994531       139030       182.86
      80.383     0.995313       139144       213.33
      82.175     0.996094       139250       256.00
      83.775     0.996484       139307       284.44
      86.399     0.996875       139358       320.00
      90.111     0.997266       139414       365.71
      92.671     0.997656       139468       426.67
      95.615     0.998047       139521       512.00
      97.215     0.998242       139550       568.89
      99.775     0.998437       139578       640.00
     101.311     0.998633       139603       731.43
     103.359     0.998828       139631       853.33
     104.383     0.999023       139659      1024.00
     105.087     0.999121       139672      1137.78
     105.919     0.999219       139686      1280.00
     107.583     0.999316       139699      1462.86
     114.303     0.999414       139714      1706.67
     116.095     0.999512       139726      2048.00
     119.103     0.999561       139733      2275.56
     121.279     0.999609       139740      2560.00
     122.303     0.999658       139747      2925.71
     123.263     0.999707       139755      3413.33
     123.711     0.999756       139760      4096.00
     124.351     0.999780       139764      4551.11
     124.863     0.999805       139767      5120.00
     125.375     0.999829       139771      5851.43
     126.271     0.999854       139774      6826.67
     126.783     0.999878       139777      8192.00
     127.103     0.999890       139779      9102.22
     127.743     0.999902       139781     10240.00
     127.935     0.999915       139783     11702.86
     128.127     0.999927       139784     13653.33
     128.767     0.999939       139787     16384.00
     128.767     0.999945       139787     18204.44
     128.959     0.999951       139788     20480.00
     129.023     0.999957       139789     23405.71
     129.023     0.999963       139789     27306.67
     129.471     0.999969       139790     32768.00
     131.583     0.999973       139792     36408.89
     131.583     0.999976       139792     40960.00
     131.583     0.999979       139792     46811.43
     131.583     0.999982       139792     54613.33
     131.583     0.999985       139792     65536.00
     133.119     0.999986       139793     72817.78
     133.119     0.999988       139793     81920.00
     133.119     0.999989       139793     93622.86
     133.119     0.999991       139793    109226.67
     133.119     0.999992       139793    131072.00
     145.535     0.999993       139794    145635.56
     145.535     1.000000       139794          inf
#[Mean    =       32.835, StdDeviation   =       15.380]
#[Max     =      145.408, Total count    =       139794]
#[Buckets =           27, SubBuckets     =         2048]
-----------------------------------------------------------------------
  167545 requests in 1.00m, 25.98MB read
Requests/sec:   2794.90  
Transfer/sec:    443.81KB

=== rps=3000 c=450 t=45 url=http://10.10.1.1:33282 ===
setup: assigned thread_id=1
init: final thread_id=1, base_seed=nil
setup: assigned thread_id=2
init: final thread_id=2, base_seed=nil
setup: assigned thread_id=3
init: final thread_id=3, base_seed=nil
setup: assigned thread_id=4
init: final thread_id=4, base_seed=nil
setup: assigned thread_id=5
init: final thread_id=5, base_seed=nil
setup: assigned thread_id=6
init: final thread_id=6, base_seed=nil
setup: assigned thread_id=7
init: final thread_id=7, base_seed=nil
setup: assigned thread_id=8
init: final thread_id=8, base_seed=nil
setup: assigned thread_id=9
init: final thread_id=9, base_seed=nil
setup: assigned thread_id=10
init: final thread_id=10, base_seed=nil
setup: assigned thread_id=11
init: final thread_id=11, base_seed=nil
setup: assigned thread_id=12
init: final thread_id=12, base_seed=nil
setup: assigned thread_id=13
init: final thread_id=13, base_seed=nil
setup: assigned thread_id=14
init: final thread_id=14, base_seed=nil
setup: assigned thread_id=15
init: final thread_id=15, base_seed=nil
setup: assigned thread_id=16
init: final thread_id=16, base_seed=nil
setup: assigned thread_id=17
init: final thread_id=17, base_seed=nil
setup: assigned thread_id=18
init: final thread_id=18, base_seed=nil
setup: assigned thread_id=19
init: final thread_id=19, base_seed=nil
setup: assigned thread_id=20
init: final thread_id=20, base_seed=nil
setup: assigned thread_id=21
init: final thread_id=21, base_seed=nil
setup: assigned thread_id=22
init: final thread_id=22, base_seed=nil
setup: assigned thread_id=23
init: final thread_id=23, base_seed=nil
setup: assigned thread_id=24
init: final thread_id=24, base_seed=nil
setup: assigned thread_id=25
init: final thread_id=25, base_seed=nil
setup: assigned thread_id=26
init: final thread_id=26, base_seed=nil
setup: assigned thread_id=27
init: final thread_id=27, base_seed=nil
setup: assigned thread_id=28
init: final thread_id=28, base_seed=nil
setup: assigned thread_id=29
init: final thread_id=29, base_seed=nil
setup: assigned thread_id=30
init: final thread_id=30, base_seed=nil
setup: assigned thread_id=31
init: final thread_id=31, base_seed=nil
setup: assigned thread_id=32
init: final thread_id=32, base_seed=nil
setup: assigned thread_id=33
init: final thread_id=33, base_seed=nil
setup: assigned thread_id=34
init: final thread_id=34, base_seed=nil
setup: assigned thread_id=35
init: final thread_id=35, base_seed=nil
setup: assigned thread_id=36
init: final thread_id=36, base_seed=nil
setup: assigned thread_id=37
init: final thread_id=37, base_seed=nil
setup: assigned thread_id=38
init: final thread_id=38, base_seed=nil
setup: assigned thread_id=39
init: final thread_id=39, base_seed=nil
setup: assigned thread_id=40
init: final thread_id=40, base_seed=nil
setup: assigned thread_id=41
init: final thread_id=41, base_seed=nil
setup: assigned thread_id=42
init: final thread_id=42, base_seed=nil
setup: assigned thread_id=43
init: final thread_id=43, base_seed=nil
setup: assigned thread_id=44
init: final thread_id=44, base_seed=nil
setup: assigned thread_id=45
init: final thread_id=45, base_seed=nil
script_want_response
Running 1m test @ http://10.10.1.1:33282
  45 threads and 450 connections

  Thread calibration: mean lat.: 65.535ms, rate sampling interval: 168ms
  Thread calibration: mean lat.: 67.107ms, rate sampling interval: 171ms
  Thread calibration: mean lat.: 64.496ms, rate sampling interval: 165ms
  Thread calibration: mean lat.: 64.455ms, rate sampling interval: 164ms
  Thread calibration: mean lat.: 61.358ms, rate sampling interval: 159ms
  Thread calibration: mean lat.: 60.172ms, rate sampling interval: 156ms
  Thread calibration: mean lat.: 60.182ms, rate sampling interval: 155ms
  Thread calibration: mean lat.: 58.627ms, rate sampling interval: 152ms
  Thread calibration: mean lat.: 54.885ms, rate sampling interval: 134ms
  Thread calibration: mean lat.: 52.913ms, rate sampling interval: 128ms
  Thread calibration: mean lat.: 34.608ms, rate sampling interval: 111ms
  Thread calibration: mean lat.: 31.839ms, rate sampling interval: 106ms
  Thread calibration: mean lat.: 28.981ms, rate sampling interval: 103ms
  Thread calibration: mean lat.: 26.693ms, rate sampling interval: 100ms
  Thread calibration: mean lat.: 27.297ms, rate sampling interval: 83ms
  Thread calibration: mean lat.: 27.882ms, rate sampling interval: 81ms
  Thread calibration: mean lat.: 29.528ms, rate sampling interval: 82ms
  Thread calibration: mean lat.: 30.080ms, rate sampling interval: 81ms
  Thread calibration: mean lat.: 30.400ms, rate sampling interval: 81ms
  Thread calibration: mean lat.: 29.916ms, rate sampling interval: 80ms
  Thread calibration: mean lat.: 29.688ms, rate sampling interval: 80ms
  Thread calibration: mean lat.: 28.402ms, rate sampling interval: 80ms
  Thread calibration: mean lat.: 28.460ms, rate sampling interval: 79ms
  Thread calibration: mean lat.: 28.368ms, rate sampling interval: 78ms
  Thread calibration: mean lat.: 27.777ms, rate sampling interval: 77ms
  Thread calibration: mean lat.: 28.456ms, rate sampling interval: 83ms
  Thread calibration: mean lat.: 28.536ms, rate sampling interval: 84ms
  Thread calibration: mean lat.: 28.752ms, rate sampling interval: 89ms
  Thread calibration: mean lat.: 40.315ms, rate sampling interval: 127ms
  Thread calibration: mean lat.: 42.893ms, rate sampling interval: 141ms
  Thread calibration: mean lat.: 45.485ms, rate sampling interval: 145ms
  Thread calibration: mean lat.: 48.527ms, rate sampling interval: 155ms
  Thread calibration: mean lat.: 51.951ms, rate sampling interval: 159ms
  Thread calibration: mean lat.: 55.389ms, rate sampling interval: 162ms
  Thread calibration: mean lat.: 56.852ms, rate sampling interval: 163ms
  Thread calibration: mean lat.: 60.144ms, rate sampling interval: 166ms
  Thread calibration: mean lat.: 62.289ms, rate sampling interval: 168ms
  Thread calibration: mean lat.: 64.315ms, rate sampling interval: 168ms
  Thread calibration: mean lat.: 65.590ms, rate sampling interval: 169ms
  Thread calibration: mean lat.: 66.845ms, rate sampling interval: 169ms
  Thread calibration: mean lat.: 67.433ms, rate sampling interval: 168ms
  Thread calibration: mean lat.: 67.920ms, rate sampling interval: 168ms
  Thread calibration: mean lat.: 68.241ms, rate sampling interval: 168ms
  Thread calibration: mean lat.: 67.979ms, rate sampling interval: 167ms
  Thread calibration: mean lat.: 68.175ms, rate sampling interval: 167ms

-----------------------------------------------------------------------
Test Results @ http://10.10.1.1:33282 
  Thread Stats   Avg      Stdev     99%   +/- Stdev
    Latency    46.18ms   25.04ms 102.59ms   72.03%
    Req/Sec    65.75     36.65   128.00     64.88%
  Latency Distribution (HdrHistogram - Recorded Latency)
 50.000%   43.42ms
 75.000%   61.18ms
 90.000%   75.90ms
 99.000%  102.59ms
 99.900%  266.75ms
 99.990%  482.82ms
 99.999%  556.54ms
100.000%  558.08ms

  Detailed Percentile spectrum:
       Value   Percentile   TotalCount 1/(1-Percentile)

       9.615     0.000000            1         1.00
      19.231     0.100000        14786         1.11
      24.559     0.200000        29606         1.25
      30.287     0.300000        44353         1.43
      36.735     0.400000        59198         1.67
      43.423     0.500000        73990         2.00
      46.687     0.550000        81367         2.22
      49.887     0.600000        88730         2.50
      53.183     0.650000        96138         2.86
      56.895     0.700000       103485         3.33
      61.183     0.750000       110925         4.00
      63.423     0.775000       114592         4.44
      65.791     0.800000       118315         5.00
      68.159     0.825000       121979         5.71
      70.591     0.850000       125706         6.67
      73.151     0.875000       129402         8.00
      74.495     0.887500       131260         8.89
      75.903     0.900000       133072        10.00
      77.439     0.912500       134919        11.43
      79.231     0.925000       136765        13.33
      81.343     0.937500       138594        16.00
      82.495     0.943750       139525        17.78
      83.775     0.950000       140465        20.00
      85.247     0.956250       141377        22.86
      86.847     0.962500       142288        26.67
      88.703     0.968750       143221        32.00
      89.791     0.971875       143682        35.56
      91.071     0.975000       144138        40.00
      92.351     0.978125       144612        45.71
      93.951     0.981250       145060        53.33
      95.807     0.984375       145525        64.00
      97.023     0.985938       145756        71.11
      98.687     0.987500       145990        80.00
     100.927     0.989062       146215        91.43
     103.743     0.990625       146446       106.67
     107.711     0.992188       146678       128.00
     110.847     0.992969       146794       142.22
     116.927     0.993750       146907       160.00
     124.607     0.994531       147023       182.86
     135.039     0.995313       147141       213.33
     140.415     0.996094       147258       256.00
     144.383     0.996484       147314       284.44
     146.815     0.996875       147370       320.00
     150.783     0.997266       147428       365.71
     156.031     0.997656       147484       426.67
     177.663     0.998047       147543       512.00
     181.375     0.998242       147573       568.89
     196.991     0.998437       147601       640.00
     223.743     0.998633       147629       731.43
     253.183     0.998828       147657       853.33
     277.759     0.999023       147686      1024.00
     301.567     0.999121       147701      1137.78
     306.687     0.999219       147716      1280.00
     331.007     0.999316       147729      1462.86
     348.159     0.999414       147744      1706.67
     352.767     0.999512       147758      2048.00
     375.039     0.999561       147767      2275.56
     402.175     0.999609       147773      2560.00
     406.015     0.999658       147780      2925.71
     415.743     0.999707       147788      3413.33
     452.863     0.999756       147794      4096.00
     454.143     0.999780       147799      4551.11
     455.679     0.999805       147802      5120.00
     456.447     0.999829       147805      5851.43
     457.983     0.999854       147809      6826.67
     459.775     0.999878       147812      8192.00
     482.815     0.999890       147815      9102.22
     485.375     0.999902       147816     10240.00
     499.199     0.999915       147818     11702.86
     499.967     0.999927       147821     13653.33
     499.967     0.999939       147821     16384.00
     500.223     0.999945       147823     18204.44
     500.223     0.999951       147823     20480.00
     503.551     0.999957       147824     23405.71
     503.807     0.999963       147825     27306.67
     504.063     0.999969       147826     32768.00
     504.063     0.999973       147826     36408.89
     556.031     0.999976       147828     40960.00
     556.031     0.999979       147828     46811.43
     556.031     0.999982       147828     54613.33
     556.031     0.999985       147828     65536.00
     556.031     0.999986       147828     72817.78
     556.543     0.999988       147829     81920.00
     556.543     0.999989       147829     93622.86
     556.543     0.999991       147829    109226.67
     556.543     0.999992       147829    131072.00
     556.543     0.999993       147829    145635.56
     558.079     0.999994       147830    163840.00
     558.079     1.000000       147830          inf
#[Mean    =       46.182, StdDeviation   =       25.043]
#[Max     =      557.568, Total count    =       147830]
#[Buckets =           27, SubBuckets     =         2048]
-----------------------------------------------------------------------
  177120 requests in 1.00m, 27.47MB read
Requests/sec:   2955.67  
Transfer/sec:    469.36KB

=== rps=3200 c=512 t=52 url=http://10.10.1.1:33282 ===
setup: assigned thread_id=1
init: final thread_id=1, base_seed=nil
setup: assigned thread_id=2
init: final thread_id=2, base_seed=nil
setup: assigned thread_id=3
init: final thread_id=3, base_seed=nil
setup: assigned thread_id=4
init: final thread_id=4, base_seed=nil
setup: assigned thread_id=5
init: final thread_id=5, base_seed=nil
setup: assigned thread_id=6
init: final thread_id=6, base_seed=nil
setup: assigned thread_id=7
init: final thread_id=7, base_seed=nil
setup: assigned thread_id=8
init: final thread_id=8, base_seed=nil
setup: assigned thread_id=9
init: final thread_id=9, base_seed=nil
setup: assigned thread_id=10
init: final thread_id=10, base_seed=nil
setup: assigned thread_id=11
init: final thread_id=11, base_seed=nil
setup: assigned thread_id=12
init: final thread_id=12, base_seed=nil
setup: assigned thread_id=13
init: final thread_id=13, base_seed=nil
setup: assigned thread_id=14
init: final thread_id=14, base_seed=nil
setup: assigned thread_id=15
init: final thread_id=15, base_seed=nil
setup: assigned thread_id=16
init: final thread_id=16, base_seed=nil
setup: assigned thread_id=17
init: final thread_id=17, base_seed=nil
setup: assigned thread_id=18
init: final thread_id=18, base_seed=nil
setup: assigned thread_id=19
init: final thread_id=19, base_seed=nil
setup: assigned thread_id=20
init: final thread_id=20, base_seed=nil
setup: assigned thread_id=21
init: final thread_id=21, base_seed=nil
setup: assigned thread_id=22
init: final thread_id=22, base_seed=nil
setup: assigned thread_id=23
init: final thread_id=23, base_seed=nil
setup: assigned thread_id=24
init: final thread_id=24, base_seed=nil
setup: assigned thread_id=25
init: final thread_id=25, base_seed=nil
setup: assigned thread_id=26
init: final thread_id=26, base_seed=nil
setup: assigned thread_id=27
init: final thread_id=27, base_seed=nil
setup: assigned thread_id=28
init: final thread_id=28, base_seed=nil
setup: assigned thread_id=29
init: final thread_id=29, base_seed=nil
setup: assigned thread_id=30
init: final thread_id=30, base_seed=nil
setup: assigned thread_id=31
init: final thread_id=31, base_seed=nil
setup: assigned thread_id=32
init: final thread_id=32, base_seed=nil
setup: assigned thread_id=33
init: final thread_id=33, base_seed=nil
setup: assigned thread_id=34
init: final thread_id=34, base_seed=nil
setup: assigned thread_id=35
init: final thread_id=35, base_seed=nil
setup: assigned thread_id=36
init: final thread_id=36, base_seed=nil
setup: assigned thread_id=37
init: final thread_id=37, base_seed=nil
setup: assigned thread_id=38
init: final thread_id=38, base_seed=nil
setup: assigned thread_id=39
init: final thread_id=39, base_seed=nil
setup: assigned thread_id=40
init: final thread_id=40, base_seed=nil
setup: assigned thread_id=41
init: final thread_id=41, base_seed=nil
setup: assigned thread_id=42
init: final thread_id=42, base_seed=nil
setup: assigned thread_id=43
init: final thread_id=43, base_seed=nil
setup: assigned thread_id=44
init: final thread_id=44, base_seed=nil
setup: assigned thread_id=45
init: final thread_id=45, base_seed=nil
setup: assigned thread_id=46
init: final thread_id=46, base_seed=nil
setup: assigned thread_id=47
init: final thread_id=47, base_seed=nil
setup: assigned thread_id=48
init: final thread_id=48, base_seed=nil
setup: assigned thread_id=49
init: final thread_id=49, base_seed=nil
setup: assigned thread_id=50
init: final thread_id=50, base_seed=nil
setup: assigned thread_id=51
init: final thread_id=51, base_seed=nil
setup: assigned thread_id=52
init: final thread_id=52, base_seed=nil
script_want_response
Running 1m test @ http://10.10.1.1:33282
  52 threads and 512 connections

  Thread calibration: mean lat.: 70.117ms, rate sampling interval: 204ms
  Thread calibration: mean lat.: 70.950ms, rate sampling interval: 202ms
  Thread calibration: mean lat.: 26.686ms, rate sampling interval: 92ms
  Thread calibration: mean lat.: 71.498ms, rate sampling interval: 200ms
  Thread calibration: mean lat.: 71.346ms, rate sampling interval: 204ms
  Thread calibration: mean lat.: 69.315ms, rate sampling interval: 205ms
  Thread calibration: mean lat.: 69.612ms, rate sampling interval: 206ms
  Thread calibration: mean lat.: 67.365ms, rate sampling interval: 209ms
  Thread calibration: mean lat.: 66.309ms, rate sampling interval: 215ms
  Thread calibration: mean lat.: 66.156ms, rate sampling interval: 213ms
  Thread calibration: mean lat.: 64.060ms, rate sampling interval: 232ms
  Thread calibration: mean lat.: 53.272ms, rate sampling interval: 200ms
  Thread calibration: mean lat.: 50.753ms, rate sampling interval: 189ms
  Thread calibration: mean lat.: 50.232ms, rate sampling interval: 185ms
  Thread calibration: mean lat.: 45.995ms, rate sampling interval: 166ms
  Thread calibration: mean lat.: 44.198ms, rate sampling interval: 163ms
  Thread calibration: mean lat.: 44.052ms, rate sampling interval: 165ms
  Thread calibration: mean lat.: 42.269ms, rate sampling interval: 149ms
  Thread calibration: mean lat.: 42.678ms, rate sampling interval: 150ms
  Thread calibration: mean lat.: 43.174ms, rate sampling interval: 150ms
  Thread calibration: mean lat.: 43.757ms, rate sampling interval: 149ms
  Thread calibration: mean lat.: 43.541ms, rate sampling interval: 147ms
  Thread calibration: mean lat.: 43.590ms, rate sampling interval: 147ms
  Thread calibration: mean lat.: 43.283ms, rate sampling interval: 145ms
  Thread calibration: mean lat.: 41.642ms, rate sampling interval: 146ms
  Thread calibration: mean lat.: 38.752ms, rate sampling interval: 131ms
  Thread calibration: mean lat.: 37.738ms, rate sampling interval: 128ms
  Thread calibration: mean lat.: 39.859ms, rate sampling interval: 149ms
  Thread calibration: mean lat.: 39.176ms, rate sampling interval: 149ms
  Thread calibration: mean lat.: 38.134ms, rate sampling interval: 147ms
  Thread calibration: mean lat.: 37.278ms, rate sampling interval: 174ms
  Thread calibration: mean lat.: 42.205ms, rate sampling interval: 217ms
  Thread calibration: mean lat.: 45.382ms, rate sampling interval: 219ms
  Thread calibration: mean lat.: 48.315ms, rate sampling interval: 217ms
  Thread calibration: mean lat.: 50.271ms, rate sampling interval: 220ms
  Thread calibration: mean lat.: 52.268ms, rate sampling interval: 219ms
  Thread calibration: mean lat.: 55.262ms, rate sampling interval: 217ms
  Thread calibration: mean lat.: 58.874ms, rate sampling interval: 217ms
  Thread calibration: mean lat.: 60.526ms, rate sampling interval: 215ms
  Thread calibration: mean lat.: 63.304ms, rate sampling interval: 211ms
  Thread calibration: mean lat.: 64.725ms, rate sampling interval: 210ms
  Thread calibration: mean lat.: 34.191ms, rate sampling interval: 135ms
  Thread calibration: mean lat.: 61.991ms, rate sampling interval: 172ms
  Thread calibration: mean lat.: 68.187ms, rate sampling interval: 203ms
  Thread calibration: mean lat.: 69.461ms, rate sampling interval: 203ms
  Thread calibration: mean lat.: 70.229ms, rate sampling interval: 204ms
  Thread calibration: mean lat.: 71.514ms, rate sampling interval: 206ms
  Thread calibration: mean lat.: 72.005ms, rate sampling interval: 200ms
  Thread calibration: mean lat.: 72.072ms, rate sampling interval: 203ms
  Thread calibration: mean lat.: 72.405ms, rate sampling interval: 203ms
  Thread calibration: mean lat.: 72.230ms, rate sampling interval: 200ms
  Thread calibration: mean lat.: 71.761ms, rate sampling interval: 199ms

-----------------------------------------------------------------------
Test Results @ http://10.10.1.1:33282 
  Thread Stats   Avg      Stdev     99%   +/- Stdev
    Latency    62.50ms   52.28ms 267.52ms   87.13%
    Req/Sec    60.78     19.19    98.00     76.75%
  Latency Distribution (HdrHistogram - Recorded Latency)
 50.000%   48.35ms
 75.000%   72.96ms
 90.000%  129.41ms
 99.000%  267.52ms
 99.900%  313.09ms
 99.990%  342.02ms
 99.999%  359.17ms
100.000%  365.05ms

  Detailed Percentile spectrum:
       Value   Percentile   TotalCount 1/(1-Percentile)

       8.631     0.000000            1         1.00
      17.583     0.100000        15866         1.11
      24.575     0.200000        31680         1.25
      32.703     0.300000        47544         1.43
      41.183     0.400000        63411         1.67
      48.351     0.500000        79263         2.00
      52.255     0.550000        87166         2.22
      56.863     0.600000        95056         2.50
      61.631     0.650000       102979         2.86
      66.815     0.700000       110899         3.33
      72.959     0.750000       118813         4.00
      76.671     0.775000       122753         4.44
      81.343     0.800000       126722         5.00
      87.743     0.825000       130675         5.71
      98.175     0.850000       134637         6.67
     112.767     0.875000       138595         8.00
     120.959     0.887500       140568         8.89
     129.407     0.900000       142549        10.00
     138.495     0.912500       144543        11.43
     150.655     0.925000       146522        13.33
     164.991     0.937500       148495        16.00
     172.031     0.943750       149478        17.78
     179.967     0.950000       150480        20.00
     188.543     0.956250       151470        22.86
     197.759     0.962500       152450        26.67
     211.711     0.968750       153447        32.00
     219.775     0.971875       153936        35.56
     226.431     0.975000       154425        40.00
     233.599     0.978125       154920        45.71
     241.407     0.981250       155416        53.33
     251.647     0.984375       155911        64.00
     256.127     0.985938       156163        71.11
     260.223     0.987500       156407        80.00
     265.215     0.989062       156667        91.43
     269.311     0.990625       156904       106.67
     274.431     0.992188       157149       128.00
     277.759     0.992969       157279       142.22
     282.111     0.993750       157405       160.00
     285.951     0.994531       157524       182.86
     289.023     0.995313       157645       213.33
     291.839     0.996094       157772       256.00
     293.631     0.996484       157828       284.44
     296.447     0.996875       157893       320.00
     299.775     0.997266       157953       365.71
     302.591     0.997656       158013       426.67
     304.895     0.998047       158080       512.00
     306.175     0.998242       158107       568.89
     307.711     0.998437       158137       640.00
     310.015     0.998633       158169       731.43
     311.807     0.998828       158202       853.33
     313.087     0.999023       158231      1024.00
     313.855     0.999121       158245      1137.78
     315.135     0.999219       158264      1280.00
     316.159     0.999316       158278      1462.86
     317.951     0.999414       158293      1706.67
     320.511     0.999512       158308      2048.00
     321.535     0.999561       158315      2275.56
     323.839     0.999609       158323      2560.00
     325.119     0.999658       158331      2925.71
     326.143     0.999707       158339      3413.33
     328.191     0.999756       158347      4096.00
     329.471     0.999780       158350      4551.11
     330.495     0.999805       158354      5120.00
     332.543     0.999829       158357      5851.43
     337.407     0.999854       158362      6826.67
     339.455     0.999878       158365      8192.00
     340.735     0.999890       158367      9102.22
     342.527     0.999902       158370     10240.00
     342.783     0.999915       158372     11702.86
     343.039     0.999927       158373     13653.33
     344.831     0.999939       158375     16384.00
     345.087     0.999945       158376     18204.44
     345.343     0.999951       158377     20480.00
     348.927     0.999957       158378     23405.71
     349.439     0.999963       158379     27306.67
     356.863     0.999969       158380     32768.00
     356.863     0.999973       158380     36408.89
     357.119     0.999976       158381     40960.00
     357.119     0.999979       158381     46811.43
     359.167     0.999982       158382     54613.33
     359.167     0.999985       158382     65536.00
     359.167     0.999986       158382     72817.78
     360.703     0.999988       158383     81920.00
     360.703     0.999989       158383     93622.86
     360.703     0.999991       158383    109226.67
     360.703     0.999992       158383    131072.00
     360.703     0.999993       158383    145635.56
     365.055     0.999994       158384    163840.00
     365.055     1.000000       158384          inf
#[Mean    =       62.503, StdDeviation   =       52.276]
#[Max     =      364.800, Total count    =       158384]
#[Buckets =           27, SubBuckets     =         2048]
-----------------------------------------------------------------------
  189404 requests in 1.00m, 29.37MB read
Requests/sec:   3159.07  
Transfer/sec:    501.59KB

=== rps=3400 c=578 t=58 url=http://10.10.1.1:33282 ===
setup: assigned thread_id=1
init: final thread_id=1, base_seed=nil
setup: assigned thread_id=2
init: final thread_id=2, base_seed=nil
setup: assigned thread_id=3
init: final thread_id=3, base_seed=nil
setup: assigned thread_id=4
init: final thread_id=4, base_seed=nil
setup: assigned thread_id=5
init: final thread_id=5, base_seed=nil
setup: assigned thread_id=6
init: final thread_id=6, base_seed=nil
setup: assigned thread_id=7
init: final thread_id=7, base_seed=nil
setup: assigned thread_id=8
init: final thread_id=8, base_seed=nil
setup: assigned thread_id=9
init: final thread_id=9, base_seed=nil
setup: assigned thread_id=10
init: final thread_id=10, base_seed=nil
setup: assigned thread_id=11
init: final thread_id=11, base_seed=nil
setup: assigned thread_id=12
init: final thread_id=12, base_seed=nil
setup: assigned thread_id=13
init: final thread_id=13, base_seed=nil
setup: assigned thread_id=14
init: final thread_id=14, base_seed=nil
setup: assigned thread_id=15
init: final thread_id=15, base_seed=nil
setup: assigned thread_id=16
init: final thread_id=16, base_seed=nil
setup: assigned thread_id=17
init: final thread_id=17, base_seed=nil
setup: assigned thread_id=18
init: final thread_id=18, base_seed=nil
setup: assigned thread_id=19
init: final thread_id=19, base_seed=nil
setup: assigned thread_id=20
init: final thread_id=20, base_seed=nil
setup: assigned thread_id=21
init: final thread_id=21, base_seed=nil
setup: assigned thread_id=22
init: final thread_id=22, base_seed=nil
setup: assigned thread_id=23
init: final thread_id=23, base_seed=nil
setup: assigned thread_id=24
init: final thread_id=24, base_seed=nil
setup: assigned thread_id=25
init: final thread_id=25, base_seed=nil
setup: assigned thread_id=26
init: final thread_id=26, base_seed=nil
setup: assigned thread_id=27
init: final thread_id=27, base_seed=nil
setup: assigned thread_id=28
init: final thread_id=28, base_seed=nil
setup: assigned thread_id=29
init: final thread_id=29, base_seed=nil
setup: assigned thread_id=30
init: final thread_id=30, base_seed=nil
setup: assigned thread_id=31
init: final thread_id=31, base_seed=nil
setup: assigned thread_id=32
init: final thread_id=32, base_seed=nil
setup: assigned thread_id=33
init: final thread_id=33, base_seed=nil
setup: assigned thread_id=34
init: final thread_id=34, base_seed=nil
setup: assigned thread_id=35
init: final thread_id=35, base_seed=nil
setup: assigned thread_id=36
init: final thread_id=36, base_seed=nil
setup: assigned thread_id=37
init: final thread_id=37, base_seed=nil
setup: assigned thread_id=38
init: final thread_id=38, base_seed=nil
setup: assigned thread_id=39
init: final thread_id=39, base_seed=nil
setup: assigned thread_id=40
init: final thread_id=40, base_seed=nil
setup: assigned thread_id=41
init: final thread_id=41, base_seed=nil
setup: assigned thread_id=42
init: final thread_id=42, base_seed=nil
setup: assigned thread_id=43
init: final thread_id=43, base_seed=nil
setup: assigned thread_id=44
init: final thread_id=44, base_seed=nil
setup: assigned thread_id=45
init: final thread_id=45, base_seed=nil
setup: assigned thread_id=46
init: final thread_id=46, base_seed=nil
setup: assigned thread_id=47
init: final thread_id=47, base_seed=nil
setup: assigned thread_id=48
init: final thread_id=48, base_seed=nil
setup: assigned thread_id=49
init: final thread_id=49, base_seed=nil
setup: assigned thread_id=50
init: final thread_id=50, base_seed=nil
setup: assigned thread_id=51
init: final thread_id=51, base_seed=nil
setup: assigned thread_id=52
init: final thread_id=52, base_seed=nil
setup: assigned thread_id=53
init: final thread_id=53, base_seed=nil
setup: assigned thread_id=54
init: final thread_id=54, base_seed=nil
setup: assigned thread_id=55
init: final thread_id=55, base_seed=nil
setup: assigned thread_id=56
init: final thread_id=56, base_seed=nil
setup: assigned thread_id=57
init: final thread_id=57, base_seed=nil
setup: assigned thread_id=58
init: final thread_id=58, base_seed=nil
script_want_response
Running 1m test @ http://10.10.1.1:33282
  58 threads and 578 connections

  Thread calibration: mean lat.: 203.091ms, rate sampling interval: 640ms
  Thread calibration: mean lat.: 203.697ms, rate sampling interval: 638ms
  Thread calibration: mean lat.: 202.896ms, rate sampling interval: 628ms
  Thread calibration: mean lat.: 204.743ms, rate sampling interval: 637ms
  Thread calibration: mean lat.: 202.052ms, rate sampling interval: 645ms
  Thread calibration: mean lat.: 208.830ms, rate sampling interval: 648ms
  Thread calibration: mean lat.: 212.154ms, rate sampling interval: 663ms
  Thread calibration: mean lat.: 214.957ms, rate sampling interval: 663ms
  Thread calibration: mean lat.: 216.577ms, rate sampling interval: 666ms
  Thread calibration: mean lat.: 218.477ms, rate sampling interval: 668ms
  Thread calibration: mean lat.: 213.525ms, rate sampling interval: 659ms
  Thread calibration: mean lat.: 210.548ms, rate sampling interval: 652ms
  Thread calibration: mean lat.: 205.165ms, rate sampling interval: 634ms
  Thread calibration: mean lat.: 202.373ms, rate sampling interval: 629ms
  Thread calibration: mean lat.: 199.922ms, rate sampling interval: 623ms
  Thread calibration: mean lat.: 200.206ms, rate sampling interval: 623ms
  Thread calibration: mean lat.: 191.370ms, rate sampling interval: 595ms
  Thread calibration: mean lat.: 191.047ms, rate sampling interval: 597ms
  Thread calibration: mean lat.: 188.939ms, rate sampling interval: 588ms
  Thread calibration: mean lat.: 188.960ms, rate sampling interval: 590ms
  Thread calibration: mean lat.: 188.553ms, rate sampling interval: 591ms
  Thread calibration: mean lat.: 186.943ms, rate sampling interval: 589ms
  Thread calibration: mean lat.: 189.104ms, rate sampling interval: 592ms
  Thread calibration: mean lat.: 198.354ms, rate sampling interval: 624ms
  Thread calibration: mean lat.: 191.771ms, rate sampling interval: 604ms
  Thread calibration: mean lat.: 194.220ms, rate sampling interval: 608ms
  Thread calibration: mean lat.: 188.969ms, rate sampling interval: 607ms
  Thread calibration: mean lat.: 196.581ms, rate sampling interval: 625ms
  Thread calibration: mean lat.: 201.640ms, rate sampling interval: 628ms
  Thread calibration: mean lat.: 205.093ms, rate sampling interval: 632ms
  Thread calibration: mean lat.: 203.669ms, rate sampling interval: 628ms
  Thread calibration: mean lat.: 201.170ms, rate sampling interval: 627ms
  Thread calibration: mean lat.: 196.274ms, rate sampling interval: 621ms
  Thread calibration: mean lat.: 203.288ms, rate sampling interval: 624ms
  Thread calibration: mean lat.: 201.438ms, rate sampling interval: 619ms
  Thread calibration: mean lat.: 201.551ms, rate sampling interval: 620ms
  Thread calibration: mean lat.: 201.177ms, rate sampling interval: 620ms
  Thread calibration: mean lat.: 195.125ms, rate sampling interval: 612ms
  Thread calibration: mean lat.: 187.764ms, rate sampling interval: 607ms
  Thread calibration: mean lat.: 198.202ms, rate sampling interval: 609ms
  Thread calibration: mean lat.: 198.967ms, rate sampling interval: 607ms
  Thread calibration: mean lat.: 159.815ms, rate sampling interval: 475ms
  Thread calibration: mean lat.: 192.572ms, rate sampling interval: 614ms
  Thread calibration: mean lat.: 191.860ms, rate sampling interval: 596ms
  Thread calibration: mean lat.: 197.294ms, rate sampling interval: 600ms
  Thread calibration: mean lat.: 200.633ms, rate sampling interval: 608ms
  Thread calibration: mean lat.: 189.796ms, rate sampling interval: 592ms
  Thread calibration: mean lat.: 193.760ms, rate sampling interval: 587ms
  Thread calibration: mean lat.: 189.927ms, rate sampling interval: 586ms
  Thread calibration: mean lat.: 196.752ms, rate sampling interval: 606ms
  Thread calibration: mean lat.: 197.503ms, rate sampling interval: 607ms
  Thread calibration: mean lat.: 195.572ms, rate sampling interval: 608ms
  Thread calibration: mean lat.: 201.119ms, rate sampling interval: 614ms
  Thread calibration: mean lat.: 197.211ms, rate sampling interval: 614ms
  Thread calibration: mean lat.: 205.139ms, rate sampling interval: 625ms
  Thread calibration: mean lat.: 206.267ms, rate sampling interval: 625ms
  Thread calibration: mean lat.: 204.077ms, rate sampling interval: 628ms
  Thread calibration: mean lat.: 203.964ms, rate sampling interval: 622ms

-----------------------------------------------------------------------
Test Results @ http://10.10.1.1:33282 
  Thread Stats   Avg      Stdev     99%   +/- Stdev
    Latency   102.62ms   49.67ms 210.82ms   61.83%
    Req/Sec    57.67      5.20    72.00     82.28%
  Latency Distribution (HdrHistogram - Recorded Latency)
 50.000%  109.38ms
 75.000%  140.41ms
 90.000%  163.84ms
 99.000%  210.82ms
 99.900%  251.52ms
 99.990%  275.71ms
 99.999%  283.65ms
100.000%  284.93ms

  Detailed Percentile spectrum:
       Value   Percentile   TotalCount 1/(1-Percentile)

      10.543     0.000000            1         1.00
      32.831     0.100000        16823         1.11
      50.495     0.200000        33645         1.25
      65.663     0.300000        50442         1.43
      90.687     0.400000        67280         1.67
     109.375     0.500000        84126         2.00
     116.287     0.550000        92563         2.22
     122.111     0.600000       100941         2.50
     127.871     0.650000       109300         2.86
     134.271     0.700000       117805         3.33
     140.415     0.750000       126248         4.00
     143.743     0.775000       130372         4.44
     147.199     0.800000       134615         5.00
     150.783     0.825000       138779         5.71
     154.879     0.850000       143009         6.67
     158.975     0.875000       147221         8.00
     161.279     0.887500       149285         8.89
     163.839     0.900000       151337        10.00
     167.039     0.912500       153490        11.43
     170.623     0.925000       155578        13.33
     174.719     0.937500       157664        16.00
     177.023     0.943750       158721        17.78
     179.327     0.950000       159776        20.00
     181.631     0.956250       160787        22.86
     184.319     0.962500       161833        26.67
     187.391     0.968750       162887        32.00
     189.055     0.971875       163435        35.56
     190.847     0.975000       163949        40.00
     193.023     0.978125       164461        45.71
     196.223     0.981250       164991        53.33
     200.319     0.984375       165514        64.00
     203.135     0.985938       165777        71.11
     206.207     0.987500       166040        80.00
     209.151     0.989062       166299        91.43
     211.967     0.990625       166562       106.67
     215.807     0.992188       166830       128.00
     217.855     0.992969       166964       142.22
     221.183     0.993750       167090       160.00
     224.639     0.994531       167218       182.86
     228.095     0.995313       167351       213.33
     231.423     0.996094       167485       256.00
     232.831     0.996484       167546       284.44
     234.623     0.996875       167616       320.00
     236.415     0.997266       167682       365.71
     238.719     0.997656       167748       426.67
     241.023     0.998047       167809       512.00
     242.431     0.998242       167843       568.89
     243.455     0.998437       167876       640.00
     245.247     0.998633       167908       731.43
     247.807     0.998828       167940       853.33
     251.775     0.999023       167973      1024.00
     254.079     0.999121       167990      1137.78
     255.615     0.999219       168006      1280.00
     257.663     0.999316       168025      1462.86
     258.687     0.999414       168042      1706.67
     260.095     0.999512       168057      2048.00
     261.375     0.999561       168064      2275.56
     262.655     0.999609       168076      2560.00
     263.679     0.999658       168080      2925.71
     264.959     0.999707       168089      3413.33
     266.495     0.999756       168096      4096.00
     267.263     0.999780       168102      4551.11
     268.031     0.999805       168106      5120.00
     269.311     0.999829       168110      5851.43
     271.615     0.999854       168113      6826.67
     273.151     0.999878       168117      8192.00
     275.455     0.999890       168119      9102.22
     276.223     0.999902       168121     10240.00
     276.991     0.999915       168125     11702.86
     276.991     0.999927       168125     13653.33
     278.527     0.999939       168127     16384.00
     279.551     0.999945       168128     18204.44
     279.807     0.999951       168129     20480.00
     280.319     0.999957       168130     23405.71
     280.575     0.999963       168131     27306.67
     280.831     0.999969       168132     32768.00
     281.343     0.999973       168134     36408.89
     281.343     0.999976       168134     40960.00
     281.343     0.999979       168134     46811.43
     281.343     0.999982       168134     54613.33
     283.647     0.999985       168135     65536.00
     283.647     0.999986       168135     72817.78
     283.647     0.999988       168135     81920.00
     284.415     0.999989       168136     93622.86
     284.415     0.999991       168136    109226.67
     284.415     0.999992       168136    131072.00
     284.415     0.999993       168136    145635.56
     284.415     0.999994       168136    163840.00
     284.927     0.999995       168137    187245.71
     284.927     1.000000       168137          inf
#[Mean    =      102.619, StdDeviation   =       49.667]
#[Max     =      284.672, Total count    =       168137]
#[Buckets =           27, SubBuckets     =         2048]
-----------------------------------------------------------------------
  201018 requests in 1.00m, 31.17MB read
Requests/sec:   3357.84  
Transfer/sec:    533.19KB

=== rps=3600 c=648 t=65 url=http://10.10.1.1:33282 ===
setup: assigned thread_id=1
init: final thread_id=1, base_seed=nil
setup: assigned thread_id=2
init: final thread_id=2, base_seed=nil
setup: assigned thread_id=3
init: final thread_id=3, base_seed=nil
setup: assigned thread_id=4
init: final thread_id=4, base_seed=nil
setup: assigned thread_id=5
init: final thread_id=5, base_seed=nil
setup: assigned thread_id=6
init: final thread_id=6, base_seed=nil
setup: assigned thread_id=7
init: final thread_id=7, base_seed=nil
setup: assigned thread_id=8
init: final thread_id=8, base_seed=nil
setup: assigned thread_id=9
init: final thread_id=9, base_seed=nil
setup: assigned thread_id=10
init: final thread_id=10, base_seed=nil
setup: assigned thread_id=11
init: final thread_id=11, base_seed=nil
setup: assigned thread_id=12
init: final thread_id=12, base_seed=nil
setup: assigned thread_id=13
init: final thread_id=13, base_seed=nil
setup: assigned thread_id=14
init: final thread_id=14, base_seed=nil
setup: assigned thread_id=15
init: final thread_id=15, base_seed=nil
setup: assigned thread_id=16
init: final thread_id=16, base_seed=nil
setup: assigned thread_id=17
init: final thread_id=17, base_seed=nil
setup: assigned thread_id=18
init: final thread_id=18, base_seed=nil
setup: assigned thread_id=19
init: final thread_id=19, base_seed=nil
setup: assigned thread_id=20
init: final thread_id=20, base_seed=nil
setup: assigned thread_id=21
init: final thread_id=21, base_seed=nil
setup: assigned thread_id=22
init: final thread_id=22, base_seed=nil
setup: assigned thread_id=23
init: final thread_id=23, base_seed=nil
setup: assigned thread_id=24
init: final thread_id=24, base_seed=nil
setup: assigned thread_id=25
init: final thread_id=25, base_seed=nil
setup: assigned thread_id=26
init: final thread_id=26, base_seed=nil
setup: assigned thread_id=27
init: final thread_id=27, base_seed=nil
setup: assigned thread_id=28
init: final thread_id=28, base_seed=nil
setup: assigned thread_id=29
init: final thread_id=29, base_seed=nil
setup: assigned thread_id=30
init: final thread_id=30, base_seed=nil
setup: assigned thread_id=31
init: final thread_id=31, base_seed=nil
setup: assigned thread_id=32
init: final thread_id=32, base_seed=nil
setup: assigned thread_id=33
init: final thread_id=33, base_seed=nil
setup: assigned thread_id=34
init: final thread_id=34, base_seed=nil
setup: assigned thread_id=35
init: final thread_id=35, base_seed=nil
setup: assigned thread_id=36
init: final thread_id=36, base_seed=nil
setup: assigned thread_id=37
init: final thread_id=37, base_seed=nil
setup: assigned thread_id=38
init: final thread_id=38, base_seed=nil
setup: assigned thread_id=39
init: final thread_id=39, base_seed=nil
setup: assigned thread_id=40
init: final thread_id=40, base_seed=nil
setup: assigned thread_id=41
init: final thread_id=41, base_seed=nil
setup: assigned thread_id=42
init: final thread_id=42, base_seed=nil
setup: assigned thread_id=43
init: final thread_id=43, base_seed=nil
setup: assigned thread_id=44
init: final thread_id=44, base_seed=nil
setup: assigned thread_id=45
init: final thread_id=45, base_seed=nil
setup: assigned thread_id=46
init: final thread_id=46, base_seed=nil
setup: assigned thread_id=47
init: final thread_id=47, base_seed=nil
setup: assigned thread_id=48
init: final thread_id=48, base_seed=nil
setup: assigned thread_id=49
init: final thread_id=49, base_seed=nil
setup: assigned thread_id=50
init: final thread_id=50, base_seed=nil
setup: assigned thread_id=51
init: final thread_id=51, base_seed=nil
setup: assigned thread_id=52
init: final thread_id=52, base_seed=nil
setup: assigned thread_id=53
init: final thread_id=53, base_seed=nil
setup: assigned thread_id=54
init: final thread_id=54, base_seed=nil
setup: assigned thread_id=55
init: final thread_id=55, base_seed=nil
setup: assigned thread_id=56
init: final thread_id=56, base_seed=nil
setup: assigned thread_id=57
init: final thread_id=57, base_seed=nil
setup: assigned thread_id=58
init: final thread_id=58, base_seed=nil
setup: assigned thread_id=59
init: final thread_id=59, base_seed=nil
setup: assigned thread_id=60
init: final thread_id=60, base_seed=nil
setup: assigned thread_id=61
init: final thread_id=61, base_seed=nil
setup: assigned thread_id=62
init: final thread_id=62, base_seed=nil
setup: assigned thread_id=63
init: final thread_id=63, base_seed=nil
setup: assigned thread_id=64
init: final thread_id=64, base_seed=nil
setup: assigned thread_id=65
init: final thread_id=65, base_seed=nil
script_want_response
Running 1m test @ http://10.10.1.1:33282
  65 threads and 648 connections

  Thread calibration: mean lat.: 274.676ms, rate sampling interval: 719ms
  Thread calibration: mean lat.: 282.897ms, rate sampling interval: 774ms
  Thread calibration: mean lat.: 290.346ms, rate sampling interval: 843ms
  Thread calibration: mean lat.: 280.050ms, rate sampling interval: 779ms
  Thread calibration: mean lat.: 282.263ms, rate sampling interval: 784ms
  Thread calibration: mean lat.: 296.333ms, rate sampling interval: 841ms
  Thread calibration: mean lat.: 291.407ms, rate sampling interval: 834ms
  Thread calibration: mean lat.: 300.775ms, rate sampling interval: 804ms
  Thread calibration: mean lat.: 286.326ms, rate sampling interval: 778ms
  Thread calibration: mean lat.: 283.512ms, rate sampling interval: 776ms
  Thread calibration: mean lat.: 287.307ms, rate sampling interval: 779ms
  Thread calibration: mean lat.: 273.948ms, rate sampling interval: 764ms
  Thread calibration: mean lat.: 271.308ms, rate sampling interval: 769ms
  Thread calibration: mean lat.: 252.317ms, rate sampling interval: 687ms
  Thread calibration: mean lat.: 270.256ms, rate sampling interval: 739ms
  Thread calibration: mean lat.: 262.929ms, rate sampling interval: 713ms
  Thread calibration: mean lat.: 258.008ms, rate sampling interval: 697ms
  Thread calibration: mean lat.: 257.653ms, rate sampling interval: 690ms
  Thread calibration: mean lat.: 251.156ms, rate sampling interval: 684ms
  Thread calibration: mean lat.: 251.364ms, rate sampling interval: 683ms
  Thread calibration: mean lat.: 253.413ms, rate sampling interval: 681ms
  Thread calibration: mean lat.: 253.538ms, rate sampling interval: 688ms
  Thread calibration: mean lat.: 275.452ms, rate sampling interval: 791ms
  Thread calibration: mean lat.: 272.615ms, rate sampling interval: 768ms
  Thread calibration: mean lat.: 260.203ms, rate sampling interval: 697ms
  Thread calibration: mean lat.: 271.858ms, rate sampling interval: 760ms
  Thread calibration: mean lat.: 266.437ms, rate sampling interval: 765ms
  Thread calibration: mean lat.: 284.721ms, rate sampling interval: 773ms
  Thread calibration: mean lat.: 290.792ms, rate sampling interval: 777ms
  Thread calibration: mean lat.: 280.155ms, rate sampling interval: 764ms
  Thread calibration: mean lat.: 280.369ms, rate sampling interval: 758ms
  Thread calibration: mean lat.: 272.944ms, rate sampling interval: 758ms
  Thread calibration: mean lat.: 261.734ms, rate sampling interval: 746ms
  Thread calibration: mean lat.: 279.595ms, rate sampling interval: 756ms
  Thread calibration: mean lat.: 275.283ms, rate sampling interval: 753ms
  Thread calibration: mean lat.: 266.943ms, rate sampling interval: 748ms
  Thread calibration: mean lat.: 276.562ms, rate sampling interval: 751ms
  Thread calibration: mean lat.: 272.746ms, rate sampling interval: 744ms
  Thread calibration: mean lat.: 266.532ms, rate sampling interval: 742ms
  Thread calibration: mean lat.: 258.552ms, rate sampling interval: 739ms
  Thread calibration: mean lat.: 278.278ms, rate sampling interval: 742ms
  Thread calibration: mean lat.: 280.413ms, rate sampling interval: 741ms
  Thread calibration: mean lat.: 271.709ms, rate sampling interval: 736ms
  Thread calibration: mean lat.: 282.385ms, rate sampling interval: 737ms
  Thread calibration: mean lat.: 275.651ms, rate sampling interval: 736ms
  Thread calibration: mean lat.: 302.787ms, rate sampling interval: 748ms
  Thread calibration: mean lat.: 276.643ms, rate sampling interval: 730ms
  Thread calibration: mean lat.: 277.130ms, rate sampling interval: 731ms
  Thread calibration: mean lat.: 282.789ms, rate sampling interval: 729ms
  Thread calibration: mean lat.: 289.458ms, rate sampling interval: 749ms
  Thread calibration: mean lat.: 285.680ms, rate sampling interval: 741ms
  Thread calibration: mean lat.: 293.288ms, rate sampling interval: 816ms
  Thread calibration: mean lat.: 299.080ms, rate sampling interval: 825ms
  Thread calibration: mean lat.: 297.665ms, rate sampling interval: 819ms
  Thread calibration: mean lat.: 308.416ms, rate sampling interval: 825ms
  Thread calibration: mean lat.: 315.018ms, rate sampling interval: 827ms
  Thread calibration: mean lat.: 304.373ms, rate sampling interval: 817ms
  Thread calibration: mean lat.: 324.213ms, rate sampling interval: 793ms
  Thread calibration: mean lat.: 309.523ms, rate sampling interval: 790ms
  Thread calibration: mean lat.: 306.870ms, rate sampling interval: 818ms
  Thread calibration: mean lat.: 320.599ms, rate sampling interval: 822ms
  Thread calibration: mean lat.: 307.122ms, rate sampling interval: 810ms
  Thread calibration: mean lat.: 316.317ms, rate sampling interval: 814ms
  Thread calibration: mean lat.: 308.917ms, rate sampling interval: 811ms
  Thread calibration: mean lat.: 317.070ms, rate sampling interval: 814ms

-----------------------------------------------------------------------
Test Results @ http://10.10.1.1:33282 
  Thread Stats   Avg      Stdev     99%   +/- Stdev
    Latency   275.44ms  134.08ms 561.15ms   65.21%
    Req/Sec    54.83      5.28    68.00     78.57%
  Latency Distribution (HdrHistogram - Recorded Latency)
 50.000%  281.86ms
 75.000%  371.45ms
 90.000%  449.28ms
 99.000%  561.15ms
 99.900%  633.85ms
 99.990%  701.95ms
 99.999%  720.38ms
100.000%  724.48ms

  Detailed Percentile spectrum:
       Value   Percentile   TotalCount 1/(1-Percentile)

      11.623     0.000000            1         1.00
      71.551     0.100000        17933         1.11
     154.239     0.200000        35863         1.25
     203.135     0.300000        53816         1.43
     245.759     0.400000        71735         1.67
     281.855     0.500000        89746         2.00
     299.519     0.550000        98662         2.22
     315.647     0.600000       107586         2.50
     332.543     0.650000       116564         2.86
     351.999     0.700000       125589         3.33
     371.455     0.750000       134524         4.00
     382.207     0.775000       138959         4.44
     394.239     0.800000       143516         5.00
     406.783     0.825000       147977         5.71
     419.327     0.850000       152472         6.67
     432.383     0.875000       156891         8.00
     440.319     0.887500       159137         8.89
     449.279     0.900000       161401        10.00
     457.727     0.912500       163607        11.43
     467.711     0.925000       165856        13.33
     478.463     0.937500       168126        16.00
     485.119     0.943750       169239        17.78
     492.031     0.950000       170351        20.00
     498.943     0.956250       171450        22.86
     506.623     0.962500       172559        26.67
     516.607     0.968750       173691        32.00
     521.471     0.971875       174252        35.56
     526.847     0.975000       174821        40.00
     531.967     0.978125       175362        45.71
     538.623     0.981250       175952        53.33
     545.791     0.984375       176488        64.00
     549.887     0.985938       176783        71.11
     553.983     0.987500       177069        80.00
     558.079     0.989062       177331        91.43
     562.687     0.990625       177605       106.67
     568.831     0.992188       177887       128.00
     572.415     0.992969       178032       142.22
     576.511     0.993750       178165       160.00
     581.119     0.994531       178313       182.86
     585.727     0.995313       178450       213.33
     592.383     0.996094       178592       256.00
     595.455     0.996484       178656       284.44
     599.551     0.996875       178726       320.00
     603.135     0.997266       178792       365.71
     608.255     0.997656       178864       426.67
     613.375     0.998047       178934       512.00
     615.935     0.998242       178968       568.89
     619.519     0.998437       179002       640.00
     624.639     0.998633       179040       731.43
     628.735     0.998828       179071       853.33
     635.391     0.999023       179107      1024.00
     639.487     0.999121       179124      1137.78
     643.071     0.999219       179143      1280.00
     648.191     0.999316       179160      1462.86
     654.335     0.999414       179176      1706.67
     660.991     0.999512       179194      2048.00
     667.135     0.999561       179203      2275.56
     673.279     0.999609       179211      2560.00
     676.863     0.999658       179220      2925.71
     682.495     0.999707       179229      3413.33
     686.591     0.999756       179238      4096.00
     689.151     0.999780       179242      4551.11
     690.175     0.999805       179246      5120.00
     695.295     0.999829       179251      5851.43
     698.879     0.999854       179255      6826.67
     700.415     0.999878       179260      8192.00
     701.951     0.999890       179264      9102.22
     701.951     0.999902       179264     10240.00
     702.975     0.999915       179266     11702.86
     706.559     0.999927       179269     13653.33
     708.095     0.999939       179271     16384.00
     708.607     0.999945       179272     18204.44
     709.631     0.999951       179273     20480.00
     711.679     0.999957       179274     23405.71
     712.191     0.999963       179276     27306.67
     712.191     0.999969       179276     32768.00
     713.215     0.999973       179277     36408.89
     713.215     0.999976       179277     40960.00
     720.383     0.999979       179279     46811.43
     720.383     0.999982       179279     54613.33
     720.383     0.999985       179279     65536.00
     720.383     0.999986       179279     72817.78
     720.383     0.999988       179279     81920.00
     723.455     0.999989       179280     93622.86
     723.455     0.999991       179280    109226.67
     723.455     0.999992       179280    131072.00
     723.455     0.999993       179280    145635.56
     723.455     0.999994       179280    163840.00
     724.479     0.999995       179281    187245.71
     724.479     1.000000       179281          inf
#[Mean    =      275.436, StdDeviation   =      134.075]
#[Max     =      723.968, Total count    =       179281]
#[Buckets =           27, SubBuckets     =         2048]
-----------------------------------------------------------------------
  213535 requests in 1.00m, 33.11MB read
Requests/sec:   3563.77  
Transfer/sec:    565.86KB

=== rps=3800 c=722 t=73 url=http://10.10.1.1:33282 ===
setup: assigned thread_id=1
init: final thread_id=1, base_seed=nil
setup: assigned thread_id=2
init: final thread_id=2, base_seed=nil
setup: assigned thread_id=3
init: final thread_id=3, base_seed=nil
setup: assigned thread_id=4
init: final thread_id=4, base_seed=nil
setup: assigned thread_id=5
init: final thread_id=5, base_seed=nil
setup: assigned thread_id=6
init: final thread_id=6, base_seed=nil
setup: assigned thread_id=7
init: final thread_id=7, base_seed=nil
setup: assigned thread_id=8
init: final thread_id=8, base_seed=nil
setup: assigned thread_id=9
init: final thread_id=9, base_seed=nil
setup: assigned thread_id=10
init: final thread_id=10, base_seed=nil
setup: assigned thread_id=11
init: final thread_id=11, base_seed=nil
setup: assigned thread_id=12
init: final thread_id=12, base_seed=nil
setup: assigned thread_id=13
init: final thread_id=13, base_seed=nil
setup: assigned thread_id=14
init: final thread_id=14, base_seed=nil
setup: assigned thread_id=15
init: final thread_id=15, base_seed=nil
setup: assigned thread_id=16
init: final thread_id=16, base_seed=nil
setup: assigned thread_id=17
init: final thread_id=17, base_seed=nil
setup: assigned thread_id=18
init: final thread_id=18, base_seed=nil
setup: assigned thread_id=19
init: final thread_id=19, base_seed=nil
setup: assigned thread_id=20
init: final thread_id=20, base_seed=nil
setup: assigned thread_id=21
init: final thread_id=21, base_seed=nil
setup: assigned thread_id=22
init: final thread_id=22, base_seed=nil
setup: assigned thread_id=23
init: final thread_id=23, base_seed=nil
setup: assigned thread_id=24
init: final thread_id=24, base_seed=nil
setup: assigned thread_id=25
init: final thread_id=25, base_seed=nil
setup: assigned thread_id=26
init: final thread_id=26, base_seed=nil
setup: assigned thread_id=27
init: final thread_id=27, base_seed=nil
setup: assigned thread_id=28
init: final thread_id=28, base_seed=nil
setup: assigned thread_id=29
init: final thread_id=29, base_seed=nil
setup: assigned thread_id=30
init: final thread_id=30, base_seed=nil
setup: assigned thread_id=31
init: final thread_id=31, base_seed=nil
setup: assigned thread_id=32
init: final thread_id=32, base_seed=nil
setup: assigned thread_id=33
init: final thread_id=33, base_seed=nil
setup: assigned thread_id=34
init: final thread_id=34, base_seed=nil
setup: assigned thread_id=35
init: final thread_id=35, base_seed=nil
setup: assigned thread_id=36
init: final thread_id=36, base_seed=nil
setup: assigned thread_id=37
init: final thread_id=37, base_seed=nil
setup: assigned thread_id=38
init: final thread_id=38, base_seed=nil
setup: assigned thread_id=39
init: final thread_id=39, base_seed=nil
setup: assigned thread_id=40
init: final thread_id=40, base_seed=nil
setup: assigned thread_id=41
init: final thread_id=41, base_seed=nil
setup: assigned thread_id=42
init: final thread_id=42, base_seed=nil
setup: assigned thread_id=43
init: final thread_id=43, base_seed=nil
setup: assigned thread_id=44
init: final thread_id=44, base_seed=nil
setup: assigned thread_id=45
init: final thread_id=45, base_seed=nil
setup: assigned thread_id=46
init: final thread_id=46, base_seed=nil
setup: assigned thread_id=47
init: final thread_id=47, base_seed=nil
setup: assigned thread_id=48
init: final thread_id=48, base_seed=nil
setup: assigned thread_id=49
init: final thread_id=49, base_seed=nil
setup: assigned thread_id=50
init: final thread_id=50, base_seed=nil
setup: assigned thread_id=51
init: final thread_id=51, base_seed=nil
setup: assigned thread_id=52
init: final thread_id=52, base_seed=nil
setup: assigned thread_id=53
init: final thread_id=53, base_seed=nil
setup: assigned thread_id=54
init: final thread_id=54, base_seed=nil
setup: assigned thread_id=55
init: final thread_id=55, base_seed=nil
setup: assigned thread_id=56
init: final thread_id=56, base_seed=nil
setup: assigned thread_id=57
init: final thread_id=57, base_seed=nil
setup: assigned thread_id=58
init: final thread_id=58, base_seed=nil
setup: assigned thread_id=59
init: final thread_id=59, base_seed=nil
setup: assigned thread_id=60
init: final thread_id=60, base_seed=nil
setup: assigned thread_id=61
init: final thread_id=61, base_seed=nil
setup: assigned thread_id=62
init: final thread_id=62, base_seed=nil
setup: assigned thread_id=63
init: final thread_id=63, base_seed=nil
setup: assigned thread_id=64
init: final thread_id=64, base_seed=nil
setup: assigned thread_id=65
init: final thread_id=65, base_seed=nil
setup: assigned thread_id=66
init: final thread_id=66, base_seed=nil
setup: assigned thread_id=67
init: final thread_id=67, base_seed=nil
setup: assigned thread_id=68
init: final thread_id=68, base_seed=nil
setup: assigned thread_id=69
init: final thread_id=69, base_seed=nil
setup: assigned thread_id=70
init: final thread_id=70, base_seed=nil
setup: assigned thread_id=71
init: final thread_id=71, base_seed=nil
setup: assigned thread_id=72
init: final thread_id=72, base_seed=nil
setup: assigned thread_id=73
init: final thread_id=73, base_seed=nil
script_want_response
Running 1m test @ http://10.10.1.1:33282
  73 threads and 722 connections

  Thread calibration: mean lat.: 265.141ms, rate sampling interval: 1911ms
  Thread calibration: mean lat.: 271.112ms, rate sampling interval: 1916ms
  Thread calibration: mean lat.: 276.368ms, rate sampling interval: 1975ms
  Thread calibration: mean lat.: 278.124ms, rate sampling interval: 1947ms
  Thread calibration: mean lat.: 280.727ms, rate sampling interval: 1945ms
  Thread calibration: mean lat.: 290.553ms, rate sampling interval: 1986ms
  Thread calibration: mean lat.: 288.716ms, rate sampling interval: 1985ms
  Thread calibration: mean lat.: 292.714ms, rate sampling interval: 1978ms
  Thread calibration: mean lat.: 292.087ms, rate sampling interval: 1960ms
  Thread calibration: mean lat.: 293.039ms, rate sampling interval: 2000ms
  Thread calibration: mean lat.: 293.369ms, rate sampling interval: 1992ms
  Thread calibration: mean lat.: 293.947ms, rate sampling interval: 1997ms
  Thread calibration: mean lat.: 293.720ms, rate sampling interval: 1988ms
  Thread calibration: mean lat.: 294.207ms, rate sampling interval: 2008ms
  Thread calibration: mean lat.: 295.888ms, rate sampling interval: 1986ms
  Thread calibration: mean lat.: 295.598ms, rate sampling interval: 2034ms
  Thread calibration: mean lat.: 294.918ms, rate sampling interval: 2035ms
  Thread calibration: mean lat.: 295.766ms, rate sampling interval: 2027ms
  Thread calibration: mean lat.: 293.153ms, rate sampling interval: 2014ms
  Thread calibration: mean lat.: 294.254ms, rate sampling interval: 2008ms
  Thread calibration: mean lat.: 296.937ms, rate sampling interval: 2069ms
  Thread calibration: mean lat.: 294.169ms, rate sampling interval: 2012ms
  Thread calibration: mean lat.: 288.031ms, rate sampling interval: 2002ms
  Thread calibration: mean lat.: 288.134ms, rate sampling interval: 1972ms
  Thread calibration: mean lat.: 280.013ms, rate sampling interval: 1969ms
  Thread calibration: mean lat.: 274.634ms, rate sampling interval: 1937ms
  Thread calibration: mean lat.: 274.478ms, rate sampling interval: 1946ms
  Thread calibration: mean lat.: 269.049ms, rate sampling interval: 1916ms
  Thread calibration: mean lat.: 266.230ms, rate sampling interval: 1889ms
  Thread calibration: mean lat.: 265.710ms, rate sampling interval: 1906ms
  Thread calibration: mean lat.: 282.034ms, rate sampling interval: 1960ms
  Thread calibration: mean lat.: 281.487ms, rate sampling interval: 1957ms
  Thread calibration: mean lat.: 284.814ms, rate sampling interval: 1974ms
  Thread calibration: mean lat.: 285.909ms, rate sampling interval: 1966ms
  Thread calibration: mean lat.: 279.639ms, rate sampling interval: 1901ms
  Thread calibration: mean lat.: 285.627ms, rate sampling interval: 1961ms
  Thread calibration: mean lat.: 286.863ms, rate sampling interval: 1949ms
  Thread calibration: mean lat.: 288.974ms, rate sampling interval: 1964ms
  Thread calibration: mean lat.: 288.882ms, rate sampling interval: 1960ms
  Thread calibration: mean lat.: 289.848ms, rate sampling interval: 1957ms
  Thread calibration: mean lat.: 289.969ms, rate sampling interval: 1959ms
  Thread calibration: mean lat.: 287.640ms, rate sampling interval: 1950ms
  Thread calibration: mean lat.: 286.559ms, rate sampling interval: 1913ms
  Thread calibration: mean lat.: 289.895ms, rate sampling interval: 1952ms
  Thread calibration: mean lat.: 289.210ms, rate sampling interval: 1947ms
  Thread calibration: mean lat.: 289.390ms, rate sampling interval: 1941ms
  Thread calibration: mean lat.: 289.189ms, rate sampling interval: 1943ms
  Thread calibration: mean lat.: 288.821ms, rate sampling interval: 1942ms
  Thread calibration: mean lat.: 287.318ms, rate sampling interval: 1958ms
  Thread calibration: mean lat.: 289.010ms, rate sampling interval: 1941ms
  Thread calibration: mean lat.: 287.978ms, rate sampling interval: 1941ms
  Thread calibration: mean lat.: 290.487ms, rate sampling interval: 1976ms
  Thread calibration: mean lat.: 290.441ms, rate sampling interval: 1975ms
  Thread calibration: mean lat.: 288.382ms, rate sampling interval: 1968ms
  Thread calibration: mean lat.: 290.292ms, rate sampling interval: 1967ms
  Thread calibration: mean lat.: 306.268ms, rate sampling interval: 2026ms
  Thread calibration: mean lat.: 307.516ms, rate sampling interval: 2031ms
  Thread calibration: mean lat.: 306.438ms, rate sampling interval: 2019ms
  Thread calibration: mean lat.: 308.001ms, rate sampling interval: 2017ms
  Thread calibration: mean lat.: 309.709ms, rate sampling interval: 2022ms
  Thread calibration: mean lat.: 308.694ms, rate sampling interval: 2015ms
  Thread calibration: mean lat.: 313.185ms, rate sampling interval: 2023ms
  Thread calibration: mean lat.: 313.103ms, rate sampling interval: 2029ms
  Thread calibration: mean lat.: 312.625ms, rate sampling interval: 2008ms
  Thread calibration: mean lat.: 313.628ms, rate sampling interval: 2012ms
  Thread calibration: mean lat.: 313.896ms, rate sampling interval: 2013ms
  Thread calibration: mean lat.: 311.617ms, rate sampling interval: 2006ms
  Thread calibration: mean lat.: 313.122ms, rate sampling interval: 2011ms
  Thread calibration: mean lat.: 312.518ms, rate sampling interval: 1998ms
  Thread calibration: mean lat.: 314.036ms, rate sampling interval: 2010ms
  Thread calibration: mean lat.: 314.401ms, rate sampling interval: 2015ms
  Thread calibration: mean lat.: 313.430ms, rate sampling interval: 1997ms
  Thread calibration: mean lat.: 312.967ms, rate sampling interval: 2007ms

-----------------------------------------------------------------------
Test Results @ http://10.10.1.1:33282 
  Thread Stats   Avg      Stdev     99%   +/- Stdev
    Latency     2.17s   421.51ms   3.28s    70.99%
    Req/Sec    49.45      4.29    57.00     72.96%
  Latency Distribution (HdrHistogram - Recorded Latency)
 50.000%    2.19s 
 75.000%    2.38s 
 90.000%    2.72s 
 99.000%    3.28s 
 99.900%    3.53s 
 99.990%    3.82s 
 99.999%    3.89s 
100.000%    3.90s 

  Detailed Percentile spectrum:
       Value   Percentile   TotalCount 1/(1-Percentile)

     823.807     0.000000            1         1.00
    1631.231     0.100000        18169         1.11
    1827.839     0.200000        36405         1.25
    1988.607     0.300000        54629         1.43
    2099.199     0.400000        72835         1.67
    2193.407     0.500000        91175         2.00
    2232.319     0.550000       100011         2.22
    2267.135     0.600000       109200         2.50
    2299.903     0.650000       118118         2.86
    2340.863     0.700000       127425         3.33
    2377.727     0.750000       136483         4.00
    2402.303     0.775000       140924         4.44
    2437.119     0.800000       145416         5.00
    2473.983     0.825000       149858         5.71
    2539.519     0.850000       154498         6.67
    2619.391     0.875000       159054         8.00
    2660.351     0.887500       161236         8.89
    2715.647     0.900000       163484        10.00
    2772.991     0.912500       165802        11.43
    2832.383     0.925000       168058        13.33
    2897.919     0.937500       170307        16.00
    2930.687     0.943750       171454        17.78
    2963.455     0.950000       172608        20.00
    3000.319     0.956250       173752        22.86
    3035.135     0.962500       174886        26.67
    3078.143     0.968750       175994        32.00
    3098.623     0.971875       176570        35.56
    3121.151     0.975000       177130        40.00
    3145.727     0.978125       177710        45.71
    3174.399     0.981250       178240        53.33
    3205.119     0.984375       178832        64.00
    3227.647     0.985938       179121        71.11
    3248.127     0.987500       179382        80.00
    3270.655     0.989062       179668        91.43
    3293.183     0.990625       179959       106.67
    3319.807     0.992188       180237       128.00
    3334.143     0.992969       180375       142.22
    3350.527     0.993750       180523       160.00
    3364.863     0.994531       180666       182.86
    3379.199     0.995313       180803       213.33
    3403.775     0.996094       180941       256.00
    3416.063     0.996484       181008       284.44
    3428.351     0.996875       181089       320.00
    3434.495     0.997266       181149       365.71
    3450.879     0.997656       181221       426.67
    3469.311     0.998047       181298       512.00
    3477.503     0.998242       181333       568.89
    3489.791     0.998437       181366       640.00
    3504.127     0.998633       181399       731.43
    3520.511     0.998828       181442       853.33
    3530.751     0.999023       181475      1024.00
    3534.847     0.999121       181491      1137.78
    3543.039     0.999219       181509      1280.00
    3547.135     0.999316       181521      1462.86
    3555.327     0.999414       181541      1706.67
    3579.903     0.999512       181559      2048.00
    3588.095     0.999561       181567      2275.56
    3596.287     0.999609       181575      2560.00
    3608.575     0.999658       181583      2925.71
    3622.911     0.999707       181593      3413.33
    3696.639     0.999756       181601      4096.00
    3743.743     0.999780       181606      4551.11
    3762.175     0.999805       181610      5120.00
    3778.559     0.999829       181614      5851.43
    3790.847     0.999854       181619      6826.67
    3809.279     0.999878       181623      8192.00
    3817.471     0.999890       181627      9102.22
    3819.519     0.999902       181630     10240.00
    3819.519     0.999915       181630     11702.86
    3829.759     0.999927       181632     13653.33
    3842.047     0.999939       181634     16384.00
    3856.383     0.999945       181636     18204.44
    3866.623     0.999951       181637     20480.00
    3868.671     0.999957       181638     23405.71
    3870.719     0.999963       181639     27306.67
    3876.863     0.999969       181640     32768.00
    3878.911     0.999973       181641     36408.89
    3878.911     0.999976       181641     40960.00
    3883.007     0.999979       181642     46811.43
    3883.007     0.999982       181642     54613.33
    3889.151     0.999985       181643     65536.00
    3889.151     0.999986       181643     72817.78
    3889.151     0.999988       181643     81920.00
    3895.295     0.999989       181645     93622.86
    3895.295     1.000000       181645          inf
#[Mean    =     2173.377, StdDeviation   =      421.506]
#[Max     =     3893.248, Total count    =       181645]
#[Buckets =           27, SubBuckets     =         2048]
-----------------------------------------------------------------------
  215090 requests in 1.00m, 33.35MB read
Requests/sec:   3596.49  
Transfer/sec:    571.07KB

=== rps=4000 c=800 t=80 url=http://10.10.1.1:33282 ===
setup: assigned thread_id=1
init: final thread_id=1, base_seed=nil
setup: assigned thread_id=2
init: final thread_id=2, base_seed=nil
setup: assigned thread_id=3
init: final thread_id=3, base_seed=nil
setup: assigned thread_id=4
init: final thread_id=4, base_seed=nil
setup: assigned thread_id=5
init: final thread_id=5, base_seed=nil
setup: assigned thread_id=6
init: final thread_id=6, base_seed=nil
setup: assigned thread_id=7
init: final thread_id=7, base_seed=nil
setup: assigned thread_id=8
init: final thread_id=8, base_seed=nil
setup: assigned thread_id=9
init: final thread_id=9, base_seed=nil
setup: assigned thread_id=10
init: final thread_id=10, base_seed=nil
setup: assigned thread_id=11
init: final thread_id=11, base_seed=nil
setup: assigned thread_id=12
init: final thread_id=12, base_seed=nil
setup: assigned thread_id=13
init: final thread_id=13, base_seed=nil
setup: assigned thread_id=14
init: final thread_id=14, base_seed=nil
setup: assigned thread_id=15
init: final thread_id=15, base_seed=nil
setup: assigned thread_id=16
init: final thread_id=16, base_seed=nil
setup: assigned thread_id=17
init: final thread_id=17, base_seed=nil
setup: assigned thread_id=18
init: final thread_id=18, base_seed=nil
setup: assigned thread_id=19
init: final thread_id=19, base_seed=nil
setup: assigned thread_id=20
init: final thread_id=20, base_seed=nil
setup: assigned thread_id=21
init: final thread_id=21, base_seed=nil
setup: assigned thread_id=22
init: final thread_id=22, base_seed=nil
setup: assigned thread_id=23
init: final thread_id=23, base_seed=nil
setup: assigned thread_id=24
init: final thread_id=24, base_seed=nil
setup: assigned thread_id=25
init: final thread_id=25, base_seed=nil
setup: assigned thread_id=26
init: final thread_id=26, base_seed=nil
setup: assigned thread_id=27
init: final thread_id=27, base_seed=nil
setup: assigned thread_id=28
init: final thread_id=28, base_seed=nil
setup: assigned thread_id=29
init: final thread_id=29, base_seed=nil
setup: assigned thread_id=30
init: final thread_id=30, base_seed=nil
setup: assigned thread_id=31
init: final thread_id=31, base_seed=nil
setup: assigned thread_id=32
init: final thread_id=32, base_seed=nil
setup: assigned thread_id=33
init: final thread_id=33, base_seed=nil
setup: assigned thread_id=34
init: final thread_id=34, base_seed=nil
setup: assigned thread_id=35
init: final thread_id=35, base_seed=nil
setup: assigned thread_id=36
init: final thread_id=36, base_seed=nil
setup: assigned thread_id=37
init: final thread_id=37, base_seed=nil
setup: assigned thread_id=38
init: final thread_id=38, base_seed=nil
setup: assigned thread_id=39
init: final thread_id=39, base_seed=nil
setup: assigned thread_id=40
init: final thread_id=40, base_seed=nil
setup: assigned thread_id=41
init: final thread_id=41, base_seed=nil
setup: assigned thread_id=42
init: final thread_id=42, base_seed=nil
setup: assigned thread_id=43
init: final thread_id=43, base_seed=nil
setup: assigned thread_id=44
init: final thread_id=44, base_seed=nil
setup: assigned thread_id=45
init: final thread_id=45, base_seed=nil
setup: assigned thread_id=46
init: final thread_id=46, base_seed=nil
setup: assigned thread_id=47
init: final thread_id=47, base_seed=nil
setup: assigned thread_id=48
init: final thread_id=48, base_seed=nil
setup: assigned thread_id=49
init: final thread_id=49, base_seed=nil
setup: assigned thread_id=50
init: final thread_id=50, base_seed=nil
setup: assigned thread_id=51
init: final thread_id=51, base_seed=nil
setup: assigned thread_id=52
init: final thread_id=52, base_seed=nil
setup: assigned thread_id=53
init: final thread_id=53, base_seed=nil
setup: assigned thread_id=54
init: final thread_id=54, base_seed=nil
setup: assigned thread_id=55
init: final thread_id=55, base_seed=nil
setup: assigned thread_id=56
init: final thread_id=56, base_seed=nil
setup: assigned thread_id=57
init: final thread_id=57, base_seed=nil
setup: assigned thread_id=58
init: final thread_id=58, base_seed=nil
setup: assigned thread_id=59
init: final thread_id=59, base_seed=nil
setup: assigned thread_id=60
init: final thread_id=60, base_seed=nil
setup: assigned thread_id=61
init: final thread_id=61, base_seed=nil
setup: assigned thread_id=62
init: final thread_id=62, base_seed=nil
setup: assigned thread_id=63
init: final thread_id=63, base_seed=nil
setup: assigned thread_id=64
init: final thread_id=64, base_seed=nil
setup: assigned thread_id=65
init: final thread_id=65, base_seed=nil
setup: assigned thread_id=66
init: final thread_id=66, base_seed=nil
setup: assigned thread_id=67
init: final thread_id=67, base_seed=nil
setup: assigned thread_id=68
init: final thread_id=68, base_seed=nil
setup: assigned thread_id=69
init: final thread_id=69, base_seed=nil
setup: assigned thread_id=70
init: final thread_id=70, base_seed=nil
setup: assigned thread_id=71
init: final thread_id=71, base_seed=nil
setup: assigned thread_id=72
init: final thread_id=72, base_seed=nil
setup: assigned thread_id=73
init: final thread_id=73, base_seed=nil
setup: assigned thread_id=74
init: final thread_id=74, base_seed=nil
setup: assigned thread_id=75
init: final thread_id=75, base_seed=nil
setup: assigned thread_id=76
init: final thread_id=76, base_seed=nil
setup: assigned thread_id=77
init: final thread_id=77, base_seed=nil
setup: assigned thread_id=78
init: final thread_id=78, base_seed=nil
setup: assigned thread_id=79
init: final thread_id=79, base_seed=nil
setup: assigned thread_id=80
init: final thread_id=80, base_seed=nil
script_want_response
Running 1m test @ http://10.10.1.1:33282
  80 threads and 800 connections

  Thread calibration: mean lat.: 358.468ms, rate sampling interval: 1163ms
  Thread calibration: mean lat.: 396.573ms, rate sampling interval: 1367ms
  Thread calibration: mean lat.: 404.402ms, rate sampling interval: 1312ms
  Thread calibration: mean lat.: 383.797ms, rate sampling interval: 1253ms
  Thread calibration: mean lat.: 381.122ms, rate sampling interval: 1231ms
  Thread calibration: mean lat.: 372.443ms, rate sampling interval: 1080ms
  Thread calibration: mean lat.: 387.105ms, rate sampling interval: 1161ms
  Thread calibration: mean lat.: 364.997ms, rate sampling interval: 1184ms
  Thread calibration: mean lat.: 397.327ms, rate sampling interval: 1370ms
  Thread calibration: mean lat.: 366.291ms, rate sampling interval: 1223ms
  Thread calibration: mean lat.: 353.908ms, rate sampling interval: 1101ms
  Thread calibration: mean lat.: 358.491ms, rate sampling interval: 1127ms
  Thread calibration: mean lat.: 371.069ms, rate sampling interval: 1151ms
  Thread calibration: mean lat.: 355.987ms, rate sampling interval: 1131ms
  Thread calibration: mean lat.: 378.213ms, rate sampling interval: 1295ms
  Thread calibration: mean lat.: 358.607ms, rate sampling interval: 1147ms
  Thread calibration: mean lat.: 336.050ms, rate sampling interval: 1068ms
  Thread calibration: mean lat.: 347.453ms, rate sampling interval: 1171ms
  Thread calibration: mean lat.: 369.193ms, rate sampling interval: 1155ms
  Thread calibration: mean lat.: 366.610ms, rate sampling interval: 1218ms
  Thread calibration: mean lat.: 355.062ms, rate sampling interval: 1125ms
  Thread calibration: mean lat.: 357.077ms, rate sampling interval: 1112ms
  Thread calibration: mean lat.: 364.693ms, rate sampling interval: 1090ms
  Thread calibration: mean lat.: 401.389ms, rate sampling interval: 1307ms
  Thread calibration: mean lat.: 382.945ms, rate sampling interval: 1225ms
  Thread calibration: mean lat.: 350.041ms, rate sampling interval: 1120ms
  Thread calibration: mean lat.: 355.258ms, rate sampling interval: 1151ms
  Thread calibration: mean lat.: 374.866ms, rate sampling interval: 1174ms
  Thread calibration: mean lat.: 337.403ms, rate sampling interval: 1112ms
  Thread calibration: mean lat.: 396.134ms, rate sampling interval: 1368ms
  Thread calibration: mean lat.: 347.062ms, rate sampling interval: 1136ms
  Thread calibration: mean lat.: 337.111ms, rate sampling interval: 1124ms
  Thread calibration: mean lat.: 289.620ms, rate sampling interval: 865ms
  Thread calibration: mean lat.: 338.727ms, rate sampling interval: 1076ms
  Thread calibration: mean lat.: 368.097ms, rate sampling interval: 1131ms
  Thread calibration: mean lat.: 352.923ms, rate sampling interval: 1158ms
  Thread calibration: mean lat.: 346.753ms, rate sampling interval: 1087ms
  Thread calibration: mean lat.: 356.522ms, rate sampling interval: 1211ms
  Thread calibration: mean lat.: 347.281ms, rate sampling interval: 1065ms
  Thread calibration: mean lat.: 333.113ms, rate sampling interval: 1056ms
  Thread calibration: mean lat.: 388.848ms, rate sampling interval: 1347ms
  Thread calibration: mean lat.: 365.193ms, rate sampling interval: 1275ms
  Thread calibration: mean lat.: 366.226ms, rate sampling interval: 1232ms
  Thread calibration: mean lat.: 368.173ms, rate sampling interval: 1219ms
  Thread calibration: mean lat.: 380.987ms, rate sampling interval: 1153ms
  Thread calibration: mean lat.: 371.121ms, rate sampling interval: 1227ms
  Thread calibration: mean lat.: 350.349ms, rate sampling interval: 1217ms
  Thread calibration: mean lat.: 355.600ms, rate sampling interval: 1141ms
  Thread calibration: mean lat.: 409.206ms, rate sampling interval: 1277ms
  Thread calibration: mean lat.: 376.092ms, rate sampling interval: 1155ms
  Thread calibration: mean lat.: 409.845ms, rate sampling interval: 1364ms
  Thread calibration: mean lat.: 321.731ms, rate sampling interval: 988ms
  Thread calibration: mean lat.: 323.932ms, rate sampling interval: 1036ms
  Thread calibration: mean lat.: 405.949ms, rate sampling interval: 1294ms
  Thread calibration: mean lat.: 319.963ms, rate sampling interval: 958ms
  Thread calibration: mean lat.: 339.912ms, rate sampling interval: 1119ms
  Thread calibration: mean lat.: 370.788ms, rate sampling interval: 1182ms
  Thread calibration: mean lat.: 361.873ms, rate sampling interval: 1255ms
  Thread calibration: mean lat.: 350.195ms, rate sampling interval: 1111ms
  Thread calibration: mean lat.: 415.090ms, rate sampling interval: 1397ms
  Thread calibration: mean lat.: 417.914ms, rate sampling interval: 1489ms
  Thread calibration: mean lat.: 370.118ms, rate sampling interval: 1153ms
  Thread calibration: mean lat.: 365.516ms, rate sampling interval: 1091ms
  Thread calibration: mean lat.: 419.212ms, rate sampling interval: 1318ms
  Thread calibration: mean lat.: 417.838ms, rate sampling interval: 1309ms
  Thread calibration: mean lat.: 393.412ms, rate sampling interval: 1207ms
  Thread calibration: mean lat.: 392.090ms, rate sampling interval: 1241ms
  Thread calibration: mean lat.: 413.565ms, rate sampling interval: 1269ms
  Thread calibration: mean lat.: 413.349ms, rate sampling interval: 1239ms
  Thread calibration: mean lat.: 424.515ms, rate sampling interval: 1315ms
  Thread calibration: mean lat.: 369.507ms, rate sampling interval: 1135ms
  Thread calibration: mean lat.: 430.703ms, rate sampling interval: 1478ms
  Thread calibration: mean lat.: 397.697ms, rate sampling interval: 1222ms
  Thread calibration: mean lat.: 380.564ms, rate sampling interval: 1138ms
  Thread calibration: mean lat.: 410.219ms, rate sampling interval: 1301ms
  Thread calibration: mean lat.: 397.159ms, rate sampling interval: 1227ms
  Thread calibration: mean lat.: 355.355ms, rate sampling interval: 1138ms
  Thread calibration: mean lat.: 412.378ms, rate sampling interval: 1384ms
  Thread calibration: mean lat.: 405.241ms, rate sampling interval: 1244ms
  Thread calibration: mean lat.: 446.943ms, rate sampling interval: 1428ms

-----------------------------------------------------------------------
Test Results @ http://10.10.1.1:33282 
  Thread Stats   Avg      Stdev     99%   +/- Stdev
    Latency     2.85s     1.68s    5.96s    52.24%
    Req/Sec    44.40      3.48    51.00     78.86%
  Latency Distribution (HdrHistogram - Recorded Latency)
 50.000%    2.97s 
 75.000%    4.18s 
 90.000%    5.27s 
 99.000%    5.96s 
 99.900%    6.33s 
 99.990%    6.57s 
 99.999%    6.75s 
100.000%    6.76s 

  Detailed Percentile spectrum:
       Value   Percentile   TotalCount 1/(1-Percentile)

     247.039     0.000000            1         1.00
     719.871     0.100000        17946         1.11
     940.543     0.200000        35849         1.25
    1318.911     0.300000        53747         1.43
    2316.287     0.400000        71678         1.67
    2969.599     0.500000        89586         2.00
    3186.687     0.550000        98596         2.22
    3381.247     0.600000       107555         2.50
    3581.951     0.650000       116446         2.86
    3833.855     0.700000       125410         3.33
    4184.063     0.750000       134381         4.00
    4390.911     0.775000       138846         4.44
    4599.807     0.800000       143326         5.00
    4792.319     0.825000       147818         5.71
    4964.351     0.850000       152338         6.67
    5124.095     0.875000       156771         8.00
    5201.919     0.887500       159062         8.89
    5271.551     0.900000       161341        10.00
    5345.279     0.912500       163559        11.43
    5419.007     0.925000       165795        13.33
    5492.735     0.937500       167983        16.00
    5533.695     0.943750       169124        17.78
    5570.559     0.950000       170208        20.00
    5615.615     0.956250       171345        22.86
    5660.671     0.962500       172523        26.67
    5709.823     0.968750       173604        32.00
    5734.399     0.971875       174141        35.56
    5763.071     0.975000       174744        40.00
    5795.839     0.978125       175270        45.71
    5832.703     0.981250       175813        53.33
    5865.471     0.984375       176368        64.00
    5890.047     0.985938       176652        71.11
    5914.623     0.987500       176929        80.00
    5939.199     0.989062       177191        91.43
    5967.871     0.990625       177489       106.67
    6004.735     0.992188       177756       128.00
    6021.119     0.992969       177897       142.22
    6045.695     0.993750       178053       160.00
    6057.983     0.994531       178165       182.86
    6078.463     0.995313       178304       213.33
    6119.423     0.996094       178456       256.00
    6131.711     0.996484       178517       284.44
    6152.191     0.996875       178593       320.00
    6168.575     0.997266       178656       365.71
    6197.247     0.997656       178724       426.67
    6230.015     0.998047       178800       512.00
    6242.303     0.998242       178829       568.89
    6262.783     0.998437       178874       640.00
    6279.167     0.998633       178900       731.43
    6307.839     0.998828       178934       853.33
    6328.319     0.999023       178971      1024.00
    6340.607     0.999121       178985      1137.78
    6361.087     0.999219       179006      1280.00
    6369.279     0.999316       179021      1462.86
    6397.951     0.999414       179039      1706.67
    6418.431     0.999512       179056      2048.00
    6430.719     0.999561       179066      2275.56
    6438.911     0.999609       179073      2560.00
    6459.391     0.999658       179082      2925.71
    6483.967     0.999707       179092      3413.33
    6512.639     0.999756       179100      4096.00
    6516.735     0.999780       179105      4551.11
    6524.927     0.999805       179108      5120.00
    6529.023     0.999829       179113      5851.43
    6541.311     0.999854       179119      6826.67
    6553.599     0.999878       179121      8192.00
    6565.887     0.999890       179124      9102.22
    6574.079     0.999902       179125     10240.00
    6602.751     0.999915       179127     11702.86
    6610.943     0.999927       179129     13653.33
    6619.135     0.999939       179132     16384.00
    6684.671     0.999945       179133     18204.44
    6701.055     0.999951       179134     20480.00
    6721.535     0.999957       179135     23405.71
    6729.727     0.999963       179136     27306.67
    6742.015     0.999969       179137     32768.00
    6746.111     0.999973       179138     36408.89
    6746.111     0.999976       179138     40960.00
    6750.207     0.999979       179139     46811.43
    6750.207     0.999982       179139     54613.33
    6754.303     0.999985       179140     65536.00
    6754.303     0.999986       179140     72817.78
    6754.303     0.999988       179140     81920.00
    6758.399     0.999989       179141     93622.86
    6758.399     0.999991       179141    109226.67
    6758.399     0.999992       179141    131072.00
    6758.399     0.999993       179141    145635.56
    6758.399     0.999994       179141    163840.00
    6762.495     0.999995       179142    187245.71
    6762.495     1.000000       179142          inf
#[Mean    =     2851.492, StdDeviation   =     1681.556]
#[Max     =     6758.400, Total count    =       179142]
#[Buckets =           27, SubBuckets     =         2048]
-----------------------------------------------------------------------
  216293 requests in 1.00m, 33.54MB read
Requests/sec:   3613.92  
Transfer/sec:    573.91KB
