setup: assigned thread_id=1
init: final thread_id=1, base_seed=nil
script_want_response
Running 2m test @ http://10.10.1.1:34270
  1 threads and 10 connections

  Thread calibration: mean lat.: 60.953ms, rate sampling interval: 112ms

-----------------------------------------------------------------------
Test Results @ http://10.10.1.1:34270 
  Thread Stats   Avg      Stdev     99%   +/- Stdev
    Latency     7.50ms    0.86ms   9.78ms   73.09%
    Req/Sec   100.21     24.84   180.00     87.05%
  Latency Distribution (HdrHistogram - Recorded Latency)
 50.000%    7.38ms
 75.000%    7.97ms
 90.000%    8.69ms
 99.000%    9.78ms
 99.900%   10.96ms
 99.990%   11.69ms
 99.999%   11.85ms
100.000%   11.85ms

  Detailed Percentile spectrum:
       Value   Percentile   TotalCount 1/(1-Percentile)

       4.319     0.000000            1         1.00
       6.587     0.100000          900         1.11
       6.863     0.200000         1807         1.25
       7.051     0.300000         2709         1.43
       7.215     0.400000         3602         1.67
       7.383     0.500000         4506         2.00
       7.479     0.550000         4949         2.22
       7.575     0.600000         5407         2.50
       7.687     0.650000         5852         2.86
       7.815     0.700000         6306         3.33
       7.971     0.750000         6752         4.00
       8.059     0.775000         6982         4.44
       8.159     0.800000         7200         5.00
       8.279     0.825000         7439         5.71
       8.391     0.850000         7655         6.67
       8.527     0.875000         7876         8.00
       8.607     0.887500         7999         8.89
       8.687     0.900000         8102        10.00
       8.783     0.912500         8219        11.43
       8.871     0.925000         8324        13.33
       8.983     0.937500         8436        16.00
       9.047     0.943750         8495        17.78
       9.103     0.950000         8550        20.00
       9.175     0.956250         8609        22.86
       9.255     0.962500         8666        26.67
       9.359     0.968750         8721        32.00
       9.399     0.971875         8749        35.56
       9.439     0.975000         8774        40.00
       9.511     0.978125         8808        45.71
       9.559     0.981250         8830        53.33
       9.639     0.984375         8858        64.00
       9.679     0.985938         8872        71.11
       9.719     0.987500         8888        80.00
       9.751     0.989062         8902        91.43
       9.831     0.990625         8917       106.67
       9.903     0.992188         8928       128.00
       9.927     0.992969         8935       142.22
       9.959     0.993750         8942       160.00
      10.023     0.994531         8949       182.86
      10.143     0.995313         8956       213.33
      10.199     0.996094         8963       256.00
      10.255     0.996484         8967       284.44
      10.343     0.996875         8970       320.00
      10.431     0.997266         8974       365.71
      10.599     0.997656         8977       426.67
      10.647     0.998047         8981       512.00
      10.735     0.998242         8983       568.89
      10.751     0.998437         8984       640.00
      10.823     0.998633         8986       731.43
      10.935     0.998828         8988       853.33
      11.063     0.999023         8990      1024.00
      11.159     0.999121         8991      1137.78
      11.159     0.999219         8991      1280.00
      11.191     0.999316         8992      1462.86
      11.343     0.999414         8993      1706.67
      11.383     0.999512         8994      2048.00
      11.471     0.999561         8995      2275.56
      11.471     0.999609         8995      2560.00
      11.471     0.999658         8995      2925.71
      11.687     0.999707         8996      3413.33
      11.687     0.999756         8996      4096.00
      11.695     0.999780         8997      4551.11
      11.695     0.999805         8997      5120.00
      11.695     0.999829         8997      5851.43
      11.695     0.999854         8997      6826.67
      11.695     0.999878         8997      8192.00
      11.847     0.999890         8998      9102.22
      11.847     1.000000         8998          inf
#[Mean    =        7.503, StdDeviation   =        0.863]
#[Max     =       11.840, Total count    =         8998]
#[Buckets =           27, SubBuckets     =         2048]
-----------------------------------------------------------------------
  9990 requests in 1.67m, 1.55MB read
Requests/sec:     99.89  
Transfer/sec:     15.86KB

=== rps=2000 c=200 t=20 url=http://10.10.1.1:34270 ===
setup: assigned thread_id=1
init: final thread_id=1, base_seed=nil
setup: assigned thread_id=2
init: final thread_id=2, base_seed=nil
setup: assigned thread_id=3
init: final thread_id=3, base_seed=nil
setup: assigned thread_id=4
init: final thread_id=4, base_seed=nil
setup: assigned thread_id=5
init: final thread_id=5, base_seed=nil
setup: assigned thread_id=6
init: final thread_id=6, base_seed=nil
setup: assigned thread_id=7
init: final thread_id=7, base_seed=nil
setup: assigned thread_id=8
init: final thread_id=8, base_seed=nil
setup: assigned thread_id=9
init: final thread_id=9, base_seed=nil
setup: assigned thread_id=10
init: final thread_id=10, base_seed=nil
setup: assigned thread_id=11
init: final thread_id=11, base_seed=nil
setup: assigned thread_id=12
init: final thread_id=12, base_seed=nil
setup: assigned thread_id=13
init: final thread_id=13, base_seed=nil
setup: assigned thread_id=14
init: final thread_id=14, base_seed=nil
setup: assigned thread_id=15
init: final thread_id=15, base_seed=nil
setup: assigned thread_id=16
init: final thread_id=16, base_seed=nil
setup: assigned thread_id=17
init: final thread_id=17, base_seed=nil
setup: assigned thread_id=18
init: final thread_id=18, base_seed=nil
setup: assigned thread_id=19
init: final thread_id=19, base_seed=nil
setup: assigned thread_id=20
init: final thread_id=20, base_seed=nil
script_want_response
Running 1m test @ http://10.10.1.1:34270
  20 threads and 200 connections

  Thread calibration: mean lat.: 10.369ms, rate sampling interval: 26ms
  Thread calibration: mean lat.: 10.779ms, rate sampling interval: 27ms
  Thread calibration: mean lat.: 10.498ms, rate sampling interval: 26ms
  Thread calibration: mean lat.: 10.776ms, rate sampling interval: 27ms
  Thread calibration: mean lat.: 11.026ms, rate sampling interval: 27ms
  Thread calibration: mean lat.: 11.185ms, rate sampling interval: 28ms
  Thread calibration: mean lat.: 11.397ms, rate sampling interval: 29ms
  Thread calibration: mean lat.: 11.693ms, rate sampling interval: 30ms
  Thread calibration: mean lat.: 11.866ms, rate sampling interval: 30ms
  Thread calibration: mean lat.: 11.849ms, rate sampling interval: 30ms
  Thread calibration: mean lat.: 10.329ms, rate sampling interval: 26ms
  Thread calibration: mean lat.: 10.001ms, rate sampling interval: 26ms
  Thread calibration: mean lat.: 9.621ms, rate sampling interval: 25ms
  Thread calibration: mean lat.: 11.088ms, rate sampling interval: 26ms
  Thread calibration: mean lat.: 9.156ms, rate sampling interval: 23ms
  Thread calibration: mean lat.: 9.266ms, rate sampling interval: 24ms
  Thread calibration: mean lat.: 9.307ms, rate sampling interval: 25ms
  Thread calibration: mean lat.: 9.376ms, rate sampling interval: 26ms
  Thread calibration: mean lat.: 9.253ms, rate sampling interval: 25ms
  Thread calibration: mean lat.: 9.333ms, rate sampling interval: 25ms

-----------------------------------------------------------------------
Test Results @ http://10.10.1.1:34270 
  Thread Stats   Avg      Stdev     99%   +/- Stdev
    Latency    11.71ms    5.49ms  34.91ms   91.31%
    Req/Sec   101.75    129.86   416.00     82.00%
  Latency Distribution (HdrHistogram - Recorded Latency)
 50.000%   10.47ms
 75.000%   12.98ms
 90.000%   16.51ms
 99.000%   34.91ms
 99.900%   68.35ms
 99.990%   83.84ms
 99.999%   86.01ms
100.000%  122.37ms

  Detailed Percentile spectrum:
       Value   Percentile   TotalCount 1/(1-Percentile)

       5.719     0.000000            1         1.00
       7.531     0.100000         9993         1.11
       8.231     0.200000        20029         1.25
       8.943     0.300000        30068         1.43
       9.703     0.400000        40069         1.67
      10.471     0.500000        50011         2.00
      10.871     0.550000        55006         2.22
      11.295     0.600000        59987         2.50
      11.767     0.650000        64965         2.86
      12.319     0.700000        69988         3.33
      12.975     0.750000        74980         4.00
      13.351     0.775000        77481         4.44
      13.775     0.800000        79993         5.00
      14.263     0.825000        82444         5.71
      14.855     0.850000        84956         6.67
      15.567     0.875000        87443         8.00
      15.999     0.887500        88688         8.89
      16.511     0.900000        89957        10.00
      17.071     0.912500        91188        11.43
      17.823     0.925000        92444        13.33
      18.719     0.937500        93689        16.00
      19.247     0.943750        94323        17.78
      19.903     0.950000        94935        20.00
      20.767     0.956250        95563        22.86
      22.015     0.962500        96186        26.67
      23.807     0.968750        96808        32.00
      24.863     0.971875        97124        35.56
      25.967     0.975000        97433        40.00
      27.327     0.978125        97746        45.71
      28.703     0.981250        98059        53.33
      30.687     0.984375        98370        64.00
      31.679     0.985938        98527        71.11
      32.831     0.987500        98683        80.00
      34.015     0.989062        98840        91.43
      35.583     0.990625        98998       106.67
      37.119     0.992188        99154       128.00
      38.015     0.992969        99229       142.22
      39.103     0.993750        99308       160.00
      40.127     0.994531        99384       182.86
      41.727     0.995313        99462       213.33
      43.679     0.996094        99540       256.00
      44.607     0.996484        99579       284.44
      46.527     0.996875        99618       320.00
      48.735     0.997266        99658       365.71
      50.591     0.997656        99696       426.67
      52.991     0.998047        99735       512.00
      54.911     0.998242        99755       568.89
      58.847     0.998437        99774       640.00
      61.375     0.998633        99795       731.43
      64.095     0.998828        99814       853.33
      69.183     0.999023        99833      1024.00
      70.975     0.999121        99845      1137.78
      71.487     0.999219        99853      1280.00
      72.511     0.999316        99862      1462.86
      73.471     0.999414        99872      1706.67
      74.751     0.999512        99882      2048.00
      75.199     0.999561        99889      2275.56
      75.455     0.999609        99891      2560.00
      76.927     0.999658        99896      2925.71
      77.311     0.999707        99901      3413.33
      78.911     0.999756        99906      4096.00
      80.959     0.999780        99910      4551.11
      81.343     0.999805        99911      5120.00
      82.687     0.999829        99913      5851.43
      83.263     0.999854        99917      6826.67
      83.455     0.999878        99918      8192.00
      83.839     0.999890        99920      9102.22
      84.351     0.999902        99921     10240.00
      84.415     0.999915        99922     11702.86
      84.607     0.999927        99923     13653.33
      84.735     0.999939        99924     16384.00
      84.863     0.999945        99926     18204.44
      84.863     0.999951        99926     20480.00
      84.863     0.999957        99926     23405.71
      84.927     0.999963        99927     27306.67
      84.927     0.999969        99927     32768.00
      85.119     0.999973        99928     36408.89
      85.119     0.999976        99928     40960.00
      85.119     0.999979        99928     46811.43
      86.015     0.999982        99929     54613.33
      86.015     0.999985        99929     65536.00
      86.015     0.999986        99929     72817.78
      86.015     0.999988        99929     81920.00
      86.015     0.999989        99929     93622.86
     122.367     0.999991        99930    109226.67
     122.367     1.000000        99930          inf
#[Mean    =       11.713, StdDeviation   =        5.485]
#[Max     =      122.304, Total count    =        99930]
#[Buckets =           27, SubBuckets     =         2048]
-----------------------------------------------------------------------
  119654 requests in 1.00m, 18.56MB read
Requests/sec:   1995.19  
Transfer/sec:    316.84KB

=== rps=2200 c=242 t=25 url=http://10.10.1.1:34270 ===
setup: assigned thread_id=1
init: final thread_id=1, base_seed=nil
setup: assigned thread_id=2
init: final thread_id=2, base_seed=nil
setup: assigned thread_id=3
init: final thread_id=3, base_seed=nil
setup: assigned thread_id=4
init: final thread_id=4, base_seed=nil
setup: assigned thread_id=5
init: final thread_id=5, base_seed=nil
setup: assigned thread_id=6
init: final thread_id=6, base_seed=nil
setup: assigned thread_id=7
init: final thread_id=7, base_seed=nil
setup: assigned thread_id=8
init: final thread_id=8, base_seed=nil
setup: assigned thread_id=9
init: final thread_id=9, base_seed=nil
setup: assigned thread_id=10
init: final thread_id=10, base_seed=nil
setup: assigned thread_id=11
init: final thread_id=11, base_seed=nil
setup: assigned thread_id=12
init: final thread_id=12, base_seed=nil
setup: assigned thread_id=13
init: final thread_id=13, base_seed=nil
setup: assigned thread_id=14
init: final thread_id=14, base_seed=nil
setup: assigned thread_id=15
init: final thread_id=15, base_seed=nil
setup: assigned thread_id=16
init: final thread_id=16, base_seed=nil
setup: assigned thread_id=17
init: final thread_id=17, base_seed=nil
setup: assigned thread_id=18
init: final thread_id=18, base_seed=nil
setup: assigned thread_id=19
init: final thread_id=19, base_seed=nil
setup: assigned thread_id=20
init: final thread_id=20, base_seed=nil
setup: assigned thread_id=21
init: final thread_id=21, base_seed=nil
setup: assigned thread_id=22
init: final thread_id=22, base_seed=nil
setup: assigned thread_id=23
init: final thread_id=23, base_seed=nil
setup: assigned thread_id=24
init: final thread_id=24, base_seed=nil
setup: assigned thread_id=25
init: final thread_id=25, base_seed=nil
script_want_response
Running 1m test @ http://10.10.1.1:34270
  25 threads and 242 connections

  Thread calibration: mean lat.: 26.351ms, rate sampling interval: 81ms
  Thread calibration: mean lat.: 26.925ms, rate sampling interval: 80ms
  Thread calibration: mean lat.: 26.915ms, rate sampling interval: 79ms
  Thread calibration: mean lat.: 23.803ms, rate sampling interval: 75ms
  Thread calibration: mean lat.: 23.411ms, rate sampling interval: 74ms
  Thread calibration: mean lat.: 21.689ms, rate sampling interval: 69ms
  Thread calibration: mean lat.: 20.271ms, rate sampling interval: 65ms
  Thread calibration: mean lat.: 17.410ms, rate sampling interval: 58ms
  Thread calibration: mean lat.: 15.846ms, rate sampling interval: 54ms
  Thread calibration: mean lat.: 7.834ms, rate sampling interval: 18ms
  Thread calibration: mean lat.: 14.250ms, rate sampling interval: 46ms
  Thread calibration: mean lat.: 12.505ms, rate sampling interval: 36ms
  Thread calibration: mean lat.: 12.836ms, rate sampling interval: 37ms
  Thread calibration: mean lat.: 12.909ms, rate sampling interval: 38ms
  Thread calibration: mean lat.: 12.624ms, rate sampling interval: 38ms
  Thread calibration: mean lat.: 13.149ms, rate sampling interval: 40ms
  Thread calibration: mean lat.: 13.839ms, rate sampling interval: 42ms
  Thread calibration: mean lat.: 18.739ms, rate sampling interval: 70ms
  Thread calibration: mean lat.: 20.770ms, rate sampling interval: 73ms
  Thread calibration: mean lat.: 22.737ms, rate sampling interval: 75ms
  Thread calibration: mean lat.: 23.686ms, rate sampling interval: 77ms
  Thread calibration: mean lat.: 24.870ms, rate sampling interval: 81ms
  Thread calibration: mean lat.: 25.843ms, rate sampling interval: 82ms
  Thread calibration: mean lat.: 26.519ms, rate sampling interval: 81ms
  Thread calibration: mean lat.: 27.189ms, rate sampling interval: 81ms

-----------------------------------------------------------------------
Test Results @ http://10.10.1.1:34270 
  Thread Stats   Avg      Stdev     99%   +/- Stdev
    Latency    21.84ms   11.65ms  57.25ms   68.54%
    Req/Sec    88.72     81.89   500.00     73.34%
  Latency Distribution (HdrHistogram - Recorded Latency)
 50.000%   19.34ms
 75.000%   29.26ms
 90.000%   37.76ms
 99.000%   57.25ms
 99.900%   68.35ms
 99.990%   78.33ms
 99.999%   79.74ms
100.000%   81.98ms

  Detailed Percentile spectrum:
       Value   Percentile   TotalCount 1/(1-Percentile)

       6.079     0.000000            1         1.00
       9.303     0.100000        11030         1.11
      11.063     0.200000        22013         1.25
      13.111     0.300000        32985         1.43
      15.767     0.400000        43963         1.67
      19.343     0.500000        54991         2.00
      21.391     0.550000        60457         2.22
      23.359     0.600000        65954         2.50
      25.231     0.650000        71467         2.86
      27.135     0.700000        76967         3.33
      29.263     0.750000        82465         4.00
      30.351     0.775000        85186         4.44
      31.519     0.800000        87930         5.00
      32.831     0.825000        90725         5.71
      34.239     0.850000        93439         6.67
      35.839     0.875000        96180         8.00
      36.767     0.887500        97563         8.89
      37.759     0.900000        98928        10.00
      38.911     0.912500       100302        11.43
      40.159     0.925000       101695        13.33
      41.631     0.937500       103044        16.00
      42.527     0.943750       103726        17.78
      43.487     0.950000       104415        20.00
      44.671     0.956250       105109        22.86
      46.015     0.962500       105795        26.67
      47.487     0.968750       106486        32.00
      48.415     0.971875       106827        35.56
      49.311     0.975000       107163        40.00
      50.399     0.978125       107503        45.71
      51.743     0.981250       107855        53.33
      53.375     0.984375       108194        64.00
      54.399     0.985938       108368        71.11
      55.519     0.987500       108534        80.00
      56.575     0.989062       108705        91.43
      57.759     0.990625       108881       106.67
      58.847     0.992188       109048       128.00
      59.455     0.992969       109134       142.22
      60.159     0.993750       109221       160.00
      60.895     0.994531       109305       182.86
      61.759     0.995313       109393       213.33
      62.623     0.996094       109480       256.00
      63.039     0.996484       109523       284.44
      63.615     0.996875       109566       320.00
      64.255     0.997266       109609       365.71
      64.767     0.997656       109649       426.67
      65.727     0.998047       109695       512.00
      66.175     0.998242       109715       568.89
      66.687     0.998437       109737       640.00
      67.327     0.998633       109758       731.43
      67.711     0.998828       109778       853.33
      68.479     0.999023       109800      1024.00
      68.927     0.999121       109812      1137.78
      69.183     0.999219       109824      1280.00
      69.439     0.999316       109831      1462.86
      70.143     0.999414       109842      1706.67
      72.063     0.999512       109853      2048.00
      72.767     0.999561       109858      2275.56
      73.663     0.999609       109864      2560.00
      74.303     0.999658       109870      2925.71
      74.815     0.999707       109875      3413.33
      75.711     0.999756       109880      4096.00
      75.967     0.999780       109882      4551.11
      77.119     0.999805       109885      5120.00
      77.439     0.999829       109888      5851.43
      77.567     0.999854       109890      6826.67
      77.951     0.999878       109893      8192.00
      78.143     0.999890       109894      9102.22
      78.399     0.999902       109896     10240.00
      78.719     0.999915       109898     11702.86
      78.719     0.999927       109898     13653.33
      79.103     0.999939       109900     16384.00
      79.103     0.999945       109900     18204.44
      79.167     0.999951       109901     20480.00
      79.231     0.999957       109902     23405.71
      79.231     0.999963       109902     27306.67
      79.487     0.999969       109903     32768.00
      79.487     0.999973       109903     36408.89
      79.615     0.999976       109904     40960.00
      79.615     0.999979       109904     46811.43
      79.615     0.999982       109904     54613.33
      79.743     0.999985       109905     65536.00
      79.743     0.999986       109905     72817.78
      79.743     0.999988       109905     81920.00
      79.743     0.999989       109905     93622.86
      79.743     0.999991       109905    109226.67
      81.983     0.999992       109906    131072.00
      81.983     1.000000       109906          inf
#[Mean    =       21.836, StdDeviation   =       11.647]
#[Max     =       81.920, Total count    =       109906]
#[Buckets =           27, SubBuckets     =         2048]
-----------------------------------------------------------------------
  131659 requests in 1.00m, 20.42MB read
Requests/sec:   2196.36  
Transfer/sec:    348.77KB

=== rps=2400 c=288 t=29 url=http://10.10.1.1:34270 ===
setup: assigned thread_id=1
init: final thread_id=1, base_seed=nil
setup: assigned thread_id=2
init: final thread_id=2, base_seed=nil
setup: assigned thread_id=3
init: final thread_id=3, base_seed=nil
setup: assigned thread_id=4
init: final thread_id=4, base_seed=nil
setup: assigned thread_id=5
init: final thread_id=5, base_seed=nil
setup: assigned thread_id=6
init: final thread_id=6, base_seed=nil
setup: assigned thread_id=7
init: final thread_id=7, base_seed=nil
setup: assigned thread_id=8
init: final thread_id=8, base_seed=nil
setup: assigned thread_id=9
init: final thread_id=9, base_seed=nil
setup: assigned thread_id=10
init: final thread_id=10, base_seed=nil
setup: assigned thread_id=11
init: final thread_id=11, base_seed=nil
setup: assigned thread_id=12
init: final thread_id=12, base_seed=nil
setup: assigned thread_id=13
init: final thread_id=13, base_seed=nil
setup: assigned thread_id=14
init: final thread_id=14, base_seed=nil
setup: assigned thread_id=15
init: final thread_id=15, base_seed=nil
setup: assigned thread_id=16
init: final thread_id=16, base_seed=nil
setup: assigned thread_id=17
init: final thread_id=17, base_seed=nil
setup: assigned thread_id=18
init: final thread_id=18, base_seed=nil
setup: assigned thread_id=19
init: final thread_id=19, base_seed=nil
setup: assigned thread_id=20
init: final thread_id=20, base_seed=nil
setup: assigned thread_id=21
init: final thread_id=21, base_seed=nil
setup: assigned thread_id=22
init: final thread_id=22, base_seed=nil
setup: assigned thread_id=23
init: final thread_id=23, base_seed=nil
setup: assigned thread_id=24
init: final thread_id=24, base_seed=nil
setup: assigned thread_id=25
init: final thread_id=25, base_seed=nil
setup: assigned thread_id=26
init: final thread_id=26, base_seed=nil
setup: assigned thread_id=27
init: final thread_id=27, base_seed=nil
setup: assigned thread_id=28
init: final thread_id=28, base_seed=nil
setup: assigned thread_id=29
init: final thread_id=29, base_seed=nil
script_want_response
Running 1m test @ http://10.10.1.1:34270
  29 threads and 288 connections

  Thread calibration: mean lat.: 25.067ms, rate sampling interval: 87ms
  Thread calibration: mean lat.: 27.989ms, rate sampling interval: 93ms
  Thread calibration: mean lat.: 30.948ms, rate sampling interval: 97ms
  Thread calibration: mean lat.: 28.090ms, rate sampling interval: 93ms
  Thread calibration: mean lat.: 29.271ms, rate sampling interval: 94ms
  Thread calibration: mean lat.: 25.851ms, rate sampling interval: 89ms
  Thread calibration: mean lat.: 25.054ms, rate sampling interval: 87ms
  Thread calibration: mean lat.: 25.806ms, rate sampling interval: 90ms
  Thread calibration: mean lat.: 22.087ms, rate sampling interval: 77ms
  Thread calibration: mean lat.: 22.322ms, rate sampling interval: 78ms
  Thread calibration: mean lat.: 20.458ms, rate sampling interval: 68ms
  Thread calibration: mean lat.: 16.647ms, rate sampling interval: 46ms
  Thread calibration: mean lat.: 16.448ms, rate sampling interval: 45ms
  Thread calibration: mean lat.: 15.990ms, rate sampling interval: 45ms
  Thread calibration: mean lat.: 16.261ms, rate sampling interval: 47ms
  Thread calibration: mean lat.: 25.911ms, rate sampling interval: 90ms
  Thread calibration: mean lat.: 28.385ms, rate sampling interval: 92ms
  Thread calibration: mean lat.: 35.524ms, rate sampling interval: 94ms
  Thread calibration: mean lat.: 34.439ms, rate sampling interval: 98ms
  Thread calibration: mean lat.: 35.837ms, rate sampling interval: 99ms
  Thread calibration: mean lat.: 37.106ms, rate sampling interval: 100ms
  Thread calibration: mean lat.: 37.541ms, rate sampling interval: 101ms
  Thread calibration: mean lat.: 37.447ms, rate sampling interval: 101ms
  Thread calibration: mean lat.: 37.574ms, rate sampling interval: 101ms
  Thread calibration: mean lat.: 33.183ms, rate sampling interval: 94ms
  Thread calibration: mean lat.: 30.791ms, rate sampling interval: 89ms
  Thread calibration: mean lat.: 28.762ms, rate sampling interval: 85ms
  Thread calibration: mean lat.: 26.634ms, rate sampling interval: 81ms
  Thread calibration: mean lat.: 27.259ms, rate sampling interval: 75ms

-----------------------------------------------------------------------
Test Results @ http://10.10.1.1:34270 
  Thread Stats   Avg      Stdev     99%   +/- Stdev
    Latency    26.77ms   11.66ms  58.05ms   65.62%
    Req/Sec    82.10     34.04   152.00     72.52%
  Latency Distribution (HdrHistogram - Recorded Latency)
 50.000%   25.28ms
 75.000%   34.85ms
 90.000%   42.21ms
 99.000%   58.05ms
 99.900%   69.50ms
 99.990%  114.82ms
 99.999%  130.82ms
100.000%  130.82ms

  Detailed Percentile spectrum:
       Value   Percentile   TotalCount 1/(1-Percentile)

       7.359     0.000000            1         1.00
      12.903     0.100000        11880         1.11
      15.743     0.200000        23784         1.25
      18.511     0.300000        35651         1.43
      21.615     0.400000        47543         1.67
      25.279     0.500000        59442         2.00
      27.231     0.550000        65379         2.22
      29.183     0.600000        71316         2.50
      31.071     0.650000        77210         2.86
      32.895     0.700000        83155         3.33
      34.847     0.750000        89102         4.00
      35.871     0.775000        92123         4.44
      36.927     0.800000        95052         5.00
      38.047     0.825000        97999         5.71
      39.263     0.850000       100976         6.67
      40.575     0.875000       103945         8.00
      41.343     0.887500       105465         8.89
      42.207     0.900000       106961        10.00
      43.135     0.912500       108398        11.43
      44.255     0.925000       109903        13.33
      45.599     0.937500       111372        16.00
      46.367     0.943750       112109        17.78
      47.295     0.950000       112870        20.00
      48.255     0.956250       113592        22.86
      49.439     0.962500       114350        26.67
      50.751     0.968750       115071        32.00
      51.519     0.971875       115452        35.56
      52.319     0.975000       115814        40.00
      53.375     0.978125       116188        45.71
      54.335     0.981250       116569        53.33
      55.359     0.984375       116936        64.00
      56.031     0.985938       117114        71.11
      56.671     0.987500       117308        80.00
      57.503     0.989062       117493        91.43
      58.591     0.990625       117676       106.67
      59.743     0.992188       117865       128.00
      60.351     0.992969       117950       142.22
      60.927     0.993750       118045       160.00
      61.567     0.994531       118134       182.86
      62.303     0.995313       118227       213.33
      63.199     0.996094       118321       256.00
      63.647     0.996484       118368       284.44
      64.031     0.996875       118411       320.00
      64.575     0.997266       118459       365.71
      65.311     0.997656       118505       426.67
      66.047     0.998047       118551       512.00
      66.559     0.998242       118576       568.89
      67.135     0.998437       118600       640.00
      67.775     0.998633       118620       731.43
      68.735     0.998828       118645       853.33
      69.759     0.999023       118667      1024.00
      70.463     0.999121       118678      1137.78
      70.975     0.999219       118691      1280.00
      71.871     0.999316       118701      1462.86
      72.383     0.999414       118713      1706.67
      83.903     0.999512       118725      2048.00
      86.783     0.999561       118730      2275.56
      92.095     0.999609       118736      2560.00
      94.463     0.999658       118742      2925.71
     104.255     0.999707       118748      3413.33
     105.663     0.999756       118754      4096.00
     105.791     0.999780       118756      4551.11
     106.047     0.999805       118759      5120.00
     106.431     0.999829       118762      5851.43
     106.943     0.999854       118765      6826.67
     113.855     0.999878       118768      8192.00
     114.687     0.999890       118769      9102.22
     115.903     0.999902       118771     10240.00
     116.223     0.999915       118772     11702.86
     117.439     0.999927       118774     13653.33
     117.631     0.999939       118775     16384.00
     129.727     0.999945       118776     18204.44
     129.791     0.999951       118777     20480.00
     129.791     0.999957       118777     23405.71
     130.303     0.999963       118780     27306.67
     130.303     0.999969       118780     32768.00
     130.303     0.999973       118780     36408.89
     130.303     0.999976       118780     40960.00
     130.303     0.999979       118780     46811.43
     130.303     0.999982       118780     54613.33
     130.815     0.999985       118782     65536.00
     130.815     1.000000       118782          inf
#[Mean    =       26.774, StdDeviation   =       11.664]
#[Max     =      130.752, Total count    =       118782]
#[Buckets =           27, SubBuckets     =         2048]
-----------------------------------------------------------------------
  142163 requests in 1.00m, 22.05MB read
Requests/sec:   2371.43  
Transfer/sec:    376.59KB

=== rps=2600 c=338 t=34 url=http://10.10.1.1:34270 ===
setup: assigned thread_id=1
init: final thread_id=1, base_seed=nil
setup: assigned thread_id=2
init: final thread_id=2, base_seed=nil
setup: assigned thread_id=3
init: final thread_id=3, base_seed=nil
setup: assigned thread_id=4
init: final thread_id=4, base_seed=nil
setup: assigned thread_id=5
init: final thread_id=5, base_seed=nil
setup: assigned thread_id=6
init: final thread_id=6, base_seed=nil
setup: assigned thread_id=7
init: final thread_id=7, base_seed=nil
setup: assigned thread_id=8
init: final thread_id=8, base_seed=nil
setup: assigned thread_id=9
init: final thread_id=9, base_seed=nil
setup: assigned thread_id=10
init: final thread_id=10, base_seed=nil
setup: assigned thread_id=11
init: final thread_id=11, base_seed=nil
setup: assigned thread_id=12
init: final thread_id=12, base_seed=nil
setup: assigned thread_id=13
init: final thread_id=13, base_seed=nil
setup: assigned thread_id=14
init: final thread_id=14, base_seed=nil
setup: assigned thread_id=15
init: final thread_id=15, base_seed=nil
setup: assigned thread_id=16
init: final thread_id=16, base_seed=nil
setup: assigned thread_id=17
init: final thread_id=17, base_seed=nil
setup: assigned thread_id=18
init: final thread_id=18, base_seed=nil
setup: assigned thread_id=19
init: final thread_id=19, base_seed=nil
setup: assigned thread_id=20
init: final thread_id=20, base_seed=nil
setup: assigned thread_id=21
init: final thread_id=21, base_seed=nil
setup: assigned thread_id=22
init: final thread_id=22, base_seed=nil
setup: assigned thread_id=23
init: final thread_id=23, base_seed=nil
setup: assigned thread_id=24
init: final thread_id=24, base_seed=nil
setup: assigned thread_id=25
init: final thread_id=25, base_seed=nil
setup: assigned thread_id=26
init: final thread_id=26, base_seed=nil
setup: assigned thread_id=27
init: final thread_id=27, base_seed=nil
setup: assigned thread_id=28
init: final thread_id=28, base_seed=nil
setup: assigned thread_id=29
init: final thread_id=29, base_seed=nil
setup: assigned thread_id=30
init: final thread_id=30, base_seed=nil
setup: assigned thread_id=31
init: final thread_id=31, base_seed=nil
setup: assigned thread_id=32
init: final thread_id=32, base_seed=nil
setup: assigned thread_id=33
init: final thread_id=33, base_seed=nil
setup: assigned thread_id=34
init: final thread_id=34, base_seed=nil
script_want_response
Running 1m test @ http://10.10.1.1:34270
  34 threads and 338 connections

  Thread calibration: mean lat.: 37.116ms, rate sampling interval: 101ms
  Thread calibration: mean lat.: 37.689ms, rate sampling interval: 100ms
  Thread calibration: mean lat.: 37.537ms, rate sampling interval: 98ms
  Thread calibration: mean lat.: 27.345ms, rate sampling interval: 97ms
  Thread calibration: mean lat.: 39.151ms, rate sampling interval: 96ms
  Thread calibration: mean lat.: 37.711ms, rate sampling interval: 96ms
  Thread calibration: mean lat.: 38.093ms, rate sampling interval: 94ms
  Thread calibration: mean lat.: 37.129ms, rate sampling interval: 91ms
  Thread calibration: mean lat.: 36.249ms, rate sampling interval: 85ms
  Thread calibration: mean lat.: 35.068ms, rate sampling interval: 87ms
  Thread calibration: mean lat.: 32.114ms, rate sampling interval: 83ms
  Thread calibration: mean lat.: 34.366ms, rate sampling interval: 71ms
  Thread calibration: mean lat.: 32.152ms, rate sampling interval: 70ms
  Thread calibration: mean lat.: 33.309ms, rate sampling interval: 68ms
  Thread calibration: mean lat.: 29.534ms, rate sampling interval: 66ms
  Thread calibration: mean lat.: 27.974ms, rate sampling interval: 68ms
  Thread calibration: mean lat.: 26.472ms, rate sampling interval: 65ms
  Thread calibration: mean lat.: 30.752ms, rate sampling interval: 99ms
  Thread calibration: mean lat.: 32.104ms, rate sampling interval: 102ms
  Thread calibration: mean lat.: 33.543ms, rate sampling interval: 100ms
  Thread calibration: mean lat.: 35.097ms, rate sampling interval: 101ms
  Thread calibration: mean lat.: 37.647ms, rate sampling interval: 101ms
  Thread calibration: mean lat.: 37.541ms, rate sampling interval: 100ms
  Thread calibration: mean lat.: 36.185ms, rate sampling interval: 100ms
  Thread calibration: mean lat.: 36.918ms, rate sampling interval: 97ms
  Thread calibration: mean lat.: 30.637ms, rate sampling interval: 94ms
  Thread calibration: mean lat.: 31.836ms, rate sampling interval: 93ms
  Thread calibration: mean lat.: 27.492ms, rate sampling interval: 90ms
  Thread calibration: mean lat.: 26.463ms, rate sampling interval: 88ms
  Thread calibration: mean lat.: 24.849ms, rate sampling interval: 82ms
  Thread calibration: mean lat.: 26.276ms, rate sampling interval: 88ms
  Thread calibration: mean lat.: 27.323ms, rate sampling interval: 90ms
  Thread calibration: mean lat.: 27.908ms, rate sampling interval: 87ms
  Thread calibration: mean lat.: 30.363ms, rate sampling interval: 87ms

-----------------------------------------------------------------------
Test Results @ http://10.10.1.1:34270 
  Thread Stats   Avg      Stdev     99%   +/- Stdev
    Latency    27.84ms   12.53ms  65.92ms   66.79%
    Req/Sec    75.98     33.71   138.00     73.47%
  Latency Distribution (HdrHistogram - Recorded Latency)
 50.000%   25.95ms
 75.000%   36.38ms
 90.000%   44.03ms
 99.000%   65.92ms
 99.900%   76.29ms
 99.990%   82.82ms
 99.999%  122.18ms
100.000%  125.95ms

  Detailed Percentile spectrum:
       Value   Percentile   TotalCount 1/(1-Percentile)

       7.643     0.000000            1         1.00
      12.983     0.100000        12900         1.11
      16.231     0.200000        25797         1.25
      19.455     0.300000        38719         1.43
      22.735     0.400000        51602         1.67
      25.951     0.500000        64537         2.00
      27.583     0.550000        70938         2.22
      29.519     0.600000        77404         2.50
      31.695     0.650000        83860         2.86
      34.143     0.700000        90335         3.33
      36.383     0.750000        96750         4.00
      37.471     0.775000        99970         4.44
      38.559     0.800000       103251         5.00
      39.711     0.825000       106461         5.71
      40.959     0.850000       109678         6.67
      42.303     0.875000       112893         8.00
      43.071     0.887500       114448         8.89
      44.031     0.900000       116097        10.00
      45.055     0.912500       117708        11.43
      46.335     0.925000       119299        13.33
      47.839     0.937500       120915        16.00
      48.671     0.943750       121705        17.78
      49.727     0.950000       122508        20.00
      50.975     0.956250       123326        22.86
      52.479     0.962500       124119        26.67
      54.463     0.968750       124941        32.00
      55.487     0.971875       125330        35.56
      56.639     0.975000       125733        40.00
      57.951     0.978125       126143        45.71
      59.327     0.981250       126537        53.33
      61.247     0.984375       126942        64.00
      62.463     0.985938       127146        71.11
      63.935     0.987500       127343        80.00
      65.119     0.989062       127546        91.43
      66.559     0.990625       127748       106.67
      67.903     0.992188       127947       128.00
      68.543     0.992969       128051       142.22
      69.183     0.993750       128149       160.00
      69.887     0.994531       128251       182.86
      70.719     0.995313       128357       213.33
      71.551     0.996094       128451       256.00
      72.063     0.996484       128508       284.44
      72.447     0.996875       128554       320.00
      72.895     0.997266       128603       365.71
      73.279     0.997656       128652       426.67
      73.983     0.998047       128707       512.00
      74.367     0.998242       128729       568.89
      74.751     0.998437       128754       640.00
      75.071     0.998633       128780       731.43
      75.839     0.998828       128806       853.33
      76.351     0.999023       128832      1024.00
      76.543     0.999121       128841      1137.78
      77.055     0.999219       128855      1280.00
      77.375     0.999316       128867      1462.86
      78.015     0.999414       128879      1706.67
      78.975     0.999512       128893      2048.00
      79.423     0.999561       128898      2275.56
      80.063     0.999609       128904      2560.00
      80.511     0.999658       128910      2925.71
      81.151     0.999707       128917      3413.33
      81.599     0.999756       128923      4096.00
      81.791     0.999780       128928      4551.11
      81.919     0.999805       128929      5120.00
      82.047     0.999829       128932      5851.43
      82.303     0.999854       128936      6826.67
      82.559     0.999878       128939      8192.00
      82.751     0.999890       128940      9102.22
      82.815     0.999902       128942     10240.00
      83.135     0.999915       128943     11702.86
      83.199     0.999927       128945     13653.33
      90.751     0.999939       128947     16384.00
      90.751     0.999945       128947     18204.44
     113.471     0.999951       128948     20480.00
     115.135     0.999957       128949     23405.71
     118.463     0.999963       128950     27306.67
     121.279     0.999969       128951     32768.00
     121.279     0.999973       128951     36408.89
     121.279     0.999976       128951     40960.00
     121.599     0.999979       128952     46811.43
     121.599     0.999982       128952     54613.33
     122.175     0.999985       128953     65536.00
     122.175     0.999986       128953     72817.78
     122.175     0.999988       128953     81920.00
     122.175     0.999989       128953     93622.86
     122.175     0.999991       128953    109226.67
     125.951     0.999992       128954    131072.00
     125.951     1.000000       128954          inf
#[Mean    =       27.837, StdDeviation   =       12.529]
#[Max     =      125.888, Total count    =       128954]
#[Buckets =           27, SubBuckets     =         2048]
-----------------------------------------------------------------------
  154538 requests in 1.00m, 23.96MB read
Requests/sec:   2580.35  
Transfer/sec:    409.72KB

=== rps=2800 c=392 t=40 url=http://10.10.1.1:34270 ===
setup: assigned thread_id=1
init: final thread_id=1, base_seed=nil
setup: assigned thread_id=2
init: final thread_id=2, base_seed=nil
setup: assigned thread_id=3
init: final thread_id=3, base_seed=nil
setup: assigned thread_id=4
init: final thread_id=4, base_seed=nil
setup: assigned thread_id=5
init: final thread_id=5, base_seed=nil
setup: assigned thread_id=6
init: final thread_id=6, base_seed=nil
setup: assigned thread_id=7
init: final thread_id=7, base_seed=nil
setup: assigned thread_id=8
init: final thread_id=8, base_seed=nil
setup: assigned thread_id=9
init: final thread_id=9, base_seed=nil
setup: assigned thread_id=10
init: final thread_id=10, base_seed=nil
setup: assigned thread_id=11
init: final thread_id=11, base_seed=nil
setup: assigned thread_id=12
init: final thread_id=12, base_seed=nil
setup: assigned thread_id=13
init: final thread_id=13, base_seed=nil
setup: assigned thread_id=14
init: final thread_id=14, base_seed=nil
setup: assigned thread_id=15
init: final thread_id=15, base_seed=nil
setup: assigned thread_id=16
init: final thread_id=16, base_seed=nil
setup: assigned thread_id=17
init: final thread_id=17, base_seed=nil
setup: assigned thread_id=18
init: final thread_id=18, base_seed=nil
setup: assigned thread_id=19
init: final thread_id=19, base_seed=nil
setup: assigned thread_id=20
init: final thread_id=20, base_seed=nil
setup: assigned thread_id=21
init: final thread_id=21, base_seed=nil
setup: assigned thread_id=22
init: final thread_id=22, base_seed=nil
setup: assigned thread_id=23
init: final thread_id=23, base_seed=nil
setup: assigned thread_id=24
init: final thread_id=24, base_seed=nil
setup: assigned thread_id=25
init: final thread_id=25, base_seed=nil
setup: assigned thread_id=26
init: final thread_id=26, base_seed=nil
setup: assigned thread_id=27
init: final thread_id=27, base_seed=nil
setup: assigned thread_id=28
init: final thread_id=28, base_seed=nil
setup: assigned thread_id=29
init: final thread_id=29, base_seed=nil
setup: assigned thread_id=30
init: final thread_id=30, base_seed=nil
setup: assigned thread_id=31
init: final thread_id=31, base_seed=nil
setup: assigned thread_id=32
init: final thread_id=32, base_seed=nil
setup: assigned thread_id=33
init: final thread_id=33, base_seed=nil
setup: assigned thread_id=34
init: final thread_id=34, base_seed=nil
setup: assigned thread_id=35
init: final thread_id=35, base_seed=nil
setup: assigned thread_id=36
init: final thread_id=36, base_seed=nil
setup: assigned thread_id=37
init: final thread_id=37, base_seed=nil
setup: assigned thread_id=38
init: final thread_id=38, base_seed=nil
setup: assigned thread_id=39
init: final thread_id=39, base_seed=nil
setup: assigned thread_id=40
init: final thread_id=40, base_seed=nil
script_want_response
Running 1m test @ http://10.10.1.1:34270
  40 threads and 392 connections

  Thread calibration: mean lat.: 20.177ms, rate sampling interval: 63ms
  Thread calibration: mean lat.: 20.206ms, rate sampling interval: 61ms
  Thread calibration: mean lat.: 20.522ms, rate sampling interval: 62ms
  Thread calibration: mean lat.: 22.922ms, rate sampling interval: 69ms
  Thread calibration: mean lat.: 24.230ms, rate sampling interval: 71ms
  Thread calibration: mean lat.: 25.455ms, rate sampling interval: 72ms
  Thread calibration: mean lat.: 25.607ms, rate sampling interval: 71ms
  Thread calibration: mean lat.: 26.215ms, rate sampling interval: 72ms
  Thread calibration: mean lat.: 28.040ms, rate sampling interval: 73ms
  Thread calibration: mean lat.: 27.878ms, rate sampling interval: 73ms
  Thread calibration: mean lat.: 28.611ms, rate sampling interval: 72ms
  Thread calibration: mean lat.: 24.393ms, rate sampling interval: 68ms
  Thread calibration: mean lat.: 23.096ms, rate sampling interval: 67ms
  Thread calibration: mean lat.: 22.324ms, rate sampling interval: 66ms
  Thread calibration: mean lat.: 21.606ms, rate sampling interval: 63ms
  Thread calibration: mean lat.: 21.359ms, rate sampling interval: 66ms
  Thread calibration: mean lat.: 26.598ms, rate sampling interval: 78ms
  Thread calibration: mean lat.: 28.363ms, rate sampling interval: 78ms
  Thread calibration: mean lat.: 29.253ms, rate sampling interval: 79ms
  Thread calibration: mean lat.: 30.177ms, rate sampling interval: 79ms
  Thread calibration: mean lat.: 30.563ms, rate sampling interval: 80ms
  Thread calibration: mean lat.: 30.918ms, rate sampling interval: 78ms
  Thread calibration: mean lat.: 30.297ms, rate sampling interval: 79ms
  Thread calibration: mean lat.: 28.658ms, rate sampling interval: 78ms
  Thread calibration: mean lat.: 28.335ms, rate sampling interval: 75ms
  Thread calibration: mean lat.: 28.016ms, rate sampling interval: 76ms
  Thread calibration: mean lat.: 27.415ms, rate sampling interval: 76ms
  Thread calibration: mean lat.: 26.700ms, rate sampling interval: 79ms
  Thread calibration: mean lat.: 26.390ms, rate sampling interval: 77ms
  Thread calibration: mean lat.: 28.426ms, rate sampling interval: 85ms
  Thread calibration: mean lat.: 29.778ms, rate sampling interval: 88ms
  Thread calibration: mean lat.: 30.207ms, rate sampling interval: 87ms
  Thread calibration: mean lat.: 31.077ms, rate sampling interval: 88ms
  Thread calibration: mean lat.: 31.584ms, rate sampling interval: 87ms
  Thread calibration: mean lat.: 32.284ms, rate sampling interval: 87ms
  Thread calibration: mean lat.: 32.503ms, rate sampling interval: 88ms
  Thread calibration: mean lat.: 33.141ms, rate sampling interval: 89ms
  Thread calibration: mean lat.: 19.116ms, rate sampling interval: 65ms
  Thread calibration: mean lat.: 33.321ms, rate sampling interval: 89ms
  Thread calibration: mean lat.: 33.106ms, rate sampling interval: 90ms

-----------------------------------------------------------------------
Test Results @ http://10.10.1.1:34270 
  Thread Stats   Avg      Stdev     99%   +/- Stdev
    Latency    39.60ms   54.38ms 327.42ms   92.60%
    Req/Sec    70.07     47.36   147.00     63.42%
  Latency Distribution (HdrHistogram - Recorded Latency)
 50.000%   24.77ms
 75.000%   34.40ms
 90.000%   64.45ms
 99.000%  327.42ms
 99.900%  387.07ms
 99.990%  398.08ms
 99.999%  425.98ms
100.000%  435.45ms

  Detailed Percentile spectrum:
       Value   Percentile   TotalCount 1/(1-Percentile)

       7.695     0.000000            1         1.00
      12.479     0.100000        13977         1.11
      15.559     0.200000        27989         1.25
      18.479     0.300000        41922         1.43
      21.503     0.400000        55903         1.67
      24.767     0.500000        69929         2.00
      26.415     0.550000        76862         2.22
      28.031     0.600000        83843         2.50
      29.855     0.650000        90878         2.86
      31.903     0.700000        97817         3.33
      34.399     0.750000       104847         4.00
      35.903     0.775000       108301         4.44
      37.823     0.800000       111807         5.00
      40.543     0.825000       115309         5.71
      44.735     0.850000       118779         6.67
      51.999     0.875000       122277         8.00
      57.247     0.887500       124020         8.89
      64.447     0.900000       125766        10.00
      77.823     0.912500       127516        11.43
      92.991     0.925000       129261        13.33
     117.055     0.937500       131006        16.00
     133.631     0.943750       131879        17.78
     150.399     0.950000       132751        20.00
     166.655     0.956250       133626        22.86
     184.703     0.962500       134499        26.67
     205.567     0.968750       135373        32.00
     214.911     0.971875       135808        35.56
     235.903     0.975000       136244        40.00
     251.647     0.978125       136683        45.71
     272.895     0.981250       137122        53.33
     294.399     0.984375       137557        64.00
     303.103     0.985938       137782        71.11
     313.343     0.987500       137997        80.00
     323.327     0.989062       138213        91.43
     330.239     0.990625       138427       106.67
     341.247     0.992188       138646       128.00
     344.063     0.992969       138756       142.22
     347.135     0.993750       138869       160.00
     351.487     0.994531       138975       182.86
     356.095     0.995313       139087       213.33
     363.007     0.996094       139193       256.00
     365.823     0.996484       139250       284.44
     368.895     0.996875       139304       320.00
     371.199     0.997266       139356       365.71
     374.783     0.997656       139410       426.67
     378.111     0.998047       139469       512.00
     379.391     0.998242       139496       568.89
     381.695     0.998437       139523       640.00
     383.231     0.998633       139546       731.43
     385.535     0.998828       139576       853.33
     387.071     0.999023       139602      1024.00
     387.839     0.999121       139619      1137.78
     388.095     0.999219       139629      1280.00
     388.863     0.999316       139644      1462.86
     389.631     0.999414       139657      1706.67
     390.399     0.999512       139669      2048.00
     391.167     0.999561       139676      2275.56
     392.447     0.999609       139686      2560.00
     393.215     0.999658       139690      2925.71
     394.495     0.999707       139699      3413.33
     394.751     0.999756       139703      4096.00
     395.263     0.999780       139708      4551.11
     395.519     0.999805       139710      5120.00
     396.799     0.999829       139717      5851.43
     396.799     0.999854       139717      6826.67
     397.311     0.999878       139720      8192.00
     398.079     0.999890       139723      9102.22
     398.335     0.999902       139724     10240.00
     398.847     0.999915       139726     11702.86
     399.103     0.999927       139728     13653.33
     399.615     0.999939       139730     16384.00
     399.615     0.999945       139730     18204.44
     400.127     0.999951       139732     20480.00
     400.127     0.999957       139732     23405.71
     400.127     0.999963       139732     27306.67
     400.383     0.999969       139733     32768.00
     400.895     0.999973       139734     36408.89
     400.895     0.999976       139734     40960.00
     404.223     0.999979       139735     46811.43
     404.223     0.999982       139735     54613.33
     404.223     0.999985       139735     65536.00
     425.983     0.999986       139736     72817.78
     425.983     0.999988       139736     81920.00
     425.983     0.999989       139736     93622.86
     425.983     0.999991       139736    109226.67
     425.983     0.999992       139736    131072.00
     435.455     0.999993       139737    145635.56
     435.455     1.000000       139737          inf
#[Mean    =       39.596, StdDeviation   =       54.379]
#[Max     =      435.200, Total count    =       139737]
#[Buckets =           27, SubBuckets     =         2048]
-----------------------------------------------------------------------
  167429 requests in 1.00m, 25.96MB read
Requests/sec:   2793.09  
Transfer/sec:    443.50KB

=== rps=3000 c=450 t=45 url=http://10.10.1.1:34270 ===
setup: assigned thread_id=1
init: final thread_id=1, base_seed=nil
setup: assigned thread_id=2
init: final thread_id=2, base_seed=nil
setup: assigned thread_id=3
init: final thread_id=3, base_seed=nil
setup: assigned thread_id=4
init: final thread_id=4, base_seed=nil
setup: assigned thread_id=5
init: final thread_id=5, base_seed=nil
setup: assigned thread_id=6
init: final thread_id=6, base_seed=nil
setup: assigned thread_id=7
init: final thread_id=7, base_seed=nil
setup: assigned thread_id=8
init: final thread_id=8, base_seed=nil
setup: assigned thread_id=9
init: final thread_id=9, base_seed=nil
setup: assigned thread_id=10
init: final thread_id=10, base_seed=nil
setup: assigned thread_id=11
init: final thread_id=11, base_seed=nil
setup: assigned thread_id=12
init: final thread_id=12, base_seed=nil
setup: assigned thread_id=13
init: final thread_id=13, base_seed=nil
setup: assigned thread_id=14
init: final thread_id=14, base_seed=nil
setup: assigned thread_id=15
init: final thread_id=15, base_seed=nil
setup: assigned thread_id=16
init: final thread_id=16, base_seed=nil
setup: assigned thread_id=17
init: final thread_id=17, base_seed=nil
setup: assigned thread_id=18
init: final thread_id=18, base_seed=nil
setup: assigned thread_id=19
init: final thread_id=19, base_seed=nil
setup: assigned thread_id=20
init: final thread_id=20, base_seed=nil
setup: assigned thread_id=21
init: final thread_id=21, base_seed=nil
setup: assigned thread_id=22
init: final thread_id=22, base_seed=nil
setup: assigned thread_id=23
init: final thread_id=23, base_seed=nil
setup: assigned thread_id=24
init: final thread_id=24, base_seed=nil
setup: assigned thread_id=25
init: final thread_id=25, base_seed=nil
setup: assigned thread_id=26
init: final thread_id=26, base_seed=nil
setup: assigned thread_id=27
init: final thread_id=27, base_seed=nil
setup: assigned thread_id=28
init: final thread_id=28, base_seed=nil
setup: assigned thread_id=29
init: final thread_id=29, base_seed=nil
setup: assigned thread_id=30
init: final thread_id=30, base_seed=nil
setup: assigned thread_id=31
init: final thread_id=31, base_seed=nil
setup: assigned thread_id=32
init: final thread_id=32, base_seed=nil
setup: assigned thread_id=33
init: final thread_id=33, base_seed=nil
setup: assigned thread_id=34
init: final thread_id=34, base_seed=nil
setup: assigned thread_id=35
init: final thread_id=35, base_seed=nil
setup: assigned thread_id=36
init: final thread_id=36, base_seed=nil
setup: assigned thread_id=37
init: final thread_id=37, base_seed=nil
setup: assigned thread_id=38
init: final thread_id=38, base_seed=nil
setup: assigned thread_id=39
init: final thread_id=39, base_seed=nil
setup: assigned thread_id=40
init: final thread_id=40, base_seed=nil
setup: assigned thread_id=41
init: final thread_id=41, base_seed=nil
setup: assigned thread_id=42
init: final thread_id=42, base_seed=nil
setup: assigned thread_id=43
init: final thread_id=43, base_seed=nil
setup: assigned thread_id=44
init: final thread_id=44, base_seed=nil
setup: assigned thread_id=45
init: final thread_id=45, base_seed=nil
script_want_response
Running 1m test @ http://10.10.1.1:34270
  45 threads and 450 connections

  Thread calibration: mean lat.: 85.064ms, rate sampling interval: 359ms
  Thread calibration: mean lat.: 89.052ms, rate sampling interval: 403ms
  Thread calibration: mean lat.: 86.895ms, rate sampling interval: 433ms
  Thread calibration: mean lat.: 88.625ms, rate sampling interval: 444ms
  Thread calibration: mean lat.: 87.563ms, rate sampling interval: 410ms
  Thread calibration: mean lat.: 82.168ms, rate sampling interval: 416ms
  Thread calibration: mean lat.: 81.692ms, rate sampling interval: 410ms
  Thread calibration: mean lat.: 71.725ms, rate sampling interval: 380ms
  Thread calibration: mean lat.: 71.676ms, rate sampling interval: 402ms
  Thread calibration: mean lat.: 73.802ms, rate sampling interval: 404ms
  Thread calibration: mean lat.: 68.488ms, rate sampling interval: 402ms
  Thread calibration: mean lat.: 46.643ms, rate sampling interval: 327ms
  Thread calibration: mean lat.: 44.714ms, rate sampling interval: 326ms
  Thread calibration: mean lat.: 47.703ms, rate sampling interval: 310ms
  Thread calibration: mean lat.: 51.207ms, rate sampling interval: 300ms
  Thread calibration: mean lat.: 48.522ms, rate sampling interval: 274ms
  Thread calibration: mean lat.: 49.457ms, rate sampling interval: 263ms
  Thread calibration: mean lat.: 49.722ms, rate sampling interval: 254ms
  Thread calibration: mean lat.: 52.691ms, rate sampling interval: 306ms
  Thread calibration: mean lat.: 51.587ms, rate sampling interval: 293ms
  Thread calibration: mean lat.: 56.452ms, rate sampling interval: 302ms
  Thread calibration: mean lat.: 54.434ms, rate sampling interval: 319ms
  Thread calibration: mean lat.: 54.884ms, rate sampling interval: 314ms
  Thread calibration: mean lat.: 56.439ms, rate sampling interval: 322ms
  Thread calibration: mean lat.: 56.705ms, rate sampling interval: 350ms
  Thread calibration: mean lat.: 56.713ms, rate sampling interval: 351ms
  Thread calibration: mean lat.: 59.084ms, rate sampling interval: 370ms
  Thread calibration: mean lat.: 60.587ms, rate sampling interval: 364ms
  Thread calibration: mean lat.: 69.139ms, rate sampling interval: 360ms
  Thread calibration: mean lat.: 70.987ms, rate sampling interval: 353ms
  Thread calibration: mean lat.: 71.994ms, rate sampling interval: 349ms
  Thread calibration: mean lat.: 73.413ms, rate sampling interval: 348ms
  Thread calibration: mean lat.: 76.404ms, rate sampling interval: 350ms
  Thread calibration: mean lat.: 76.459ms, rate sampling interval: 340ms
  Thread calibration: mean lat.: 76.974ms, rate sampling interval: 335ms
  Thread calibration: mean lat.: 78.494ms, rate sampling interval: 339ms
  Thread calibration: mean lat.: 76.702ms, rate sampling interval: 317ms
  Thread calibration: mean lat.: 75.888ms, rate sampling interval: 295ms
  Thread calibration: mean lat.: 77.437ms, rate sampling interval: 301ms
  Thread calibration: mean lat.: 78.607ms, rate sampling interval: 318ms
  Thread calibration: mean lat.: 80.967ms, rate sampling interval: 332ms
  Thread calibration: mean lat.: 78.728ms, rate sampling interval: 305ms
  Thread calibration: mean lat.: 78.539ms, rate sampling interval: 313ms
  Thread calibration: mean lat.: 76.478ms, rate sampling interval: 283ms
  Thread calibration: mean lat.: 79.097ms, rate sampling interval: 310ms

-----------------------------------------------------------------------
Test Results @ http://10.10.1.1:34270 
  Thread Stats   Avg      Stdev     99%   +/- Stdev
    Latency    55.72ms   68.14ms 358.91ms   91.56%
    Req/Sec    65.41     10.81    91.00     78.09%
  Latency Distribution (HdrHistogram - Recorded Latency)
 50.000%   35.55ms
 75.000%   54.59ms
 90.000%   87.29ms
 99.000%  358.91ms
 99.900%  438.27ms
 99.990%  455.93ms
 99.999%  459.52ms
100.000%  460.54ms

  Detailed Percentile spectrum:
       Value   Percentile   TotalCount 1/(1-Percentile)

       7.887     0.000000            1         1.00
      15.279     0.100000        14792         1.11
      20.543     0.200000        29612         1.25
      25.887     0.300000        44373         1.43
      30.543     0.400000        59174         1.67
      35.551     0.500000        73950         2.00
      38.559     0.550000        81367         2.22
      42.175     0.600000        88733         2.50
      46.111     0.650000        96152         2.86
      50.111     0.700000       103548         3.33
      54.591     0.750000       110940         4.00
      57.119     0.775000       114611         4.44
      60.255     0.800000       118305         5.00
      63.903     0.825000       122003         5.71
      67.903     0.850000       125710         6.67
      73.215     0.875000       129407         8.00
      77.823     0.887500       131241         8.89
      87.295     0.900000       133091        10.00
     117.887     0.912500       134937        11.43
     161.663     0.925000       136793        13.33
     197.119     0.937500       138637        16.00
     210.431     0.943750       139560        17.78
     232.063     0.950000       140483        20.00
     247.679     0.956250       141419        22.86
     270.591     0.962500       142338        26.67
     282.879     0.968750       143261        32.00
     290.047     0.971875       143729        35.56
     298.495     0.975000       144189        40.00
     308.223     0.978125       144646        45.71
     319.743     0.981250       145107        53.33
     330.751     0.984375       145570        64.00
     341.503     0.985938       145798        71.11
     348.415     0.987500       146035        80.00
     354.559     0.989062       146260        91.43
     362.751     0.990625       146495       106.67
     371.711     0.992188       146725       128.00
     378.879     0.992969       146838       142.22
     383.999     0.993750       146952       160.00
     390.911     0.994531       147073       182.86
     397.311     0.995313       147185       213.33
     408.063     0.996094       147300       256.00
     412.927     0.996484       147358       284.44
     416.255     0.996875       147414       320.00
     419.327     0.997266       147475       365.71
     422.655     0.997656       147530       426.67
     428.543     0.998047       147589       512.00
     431.103     0.998242       147617       568.89
     433.151     0.998437       147647       640.00
     435.199     0.998633       147680       731.43
     436.735     0.998828       147703       853.33
     439.039     0.999023       147733      1024.00
     440.575     0.999121       147748      1137.78
     442.367     0.999219       147762      1280.00
     443.903     0.999316       147776      1462.86
     445.695     0.999414       147790      1706.67
     447.487     0.999512       147804      2048.00
     448.511     0.999561       147813      2275.56
     449.279     0.999609       147821      2560.00
     449.791     0.999658       147826      2925.71
     451.327     0.999707       147833      3413.33
     453.119     0.999756       147840      4096.00
     453.887     0.999780       147844      4551.11
     454.399     0.999805       147848      5120.00
     454.655     0.999829       147851      5851.43
     455.679     0.999854       147857      6826.67
     455.935     0.999878       147861      8192.00
     455.935     0.999890       147861      9102.22
     456.191     0.999902       147863     10240.00
     456.447     0.999915       147864     11702.86
     457.215     0.999927       147867     13653.33
     457.215     0.999939       147867     16384.00
     457.727     0.999945       147869     18204.44
     457.727     0.999951       147869     20480.00
     457.983     0.999957       147870     23405.71
     458.239     0.999963       147871     27306.67
     458.495     0.999969       147872     32768.00
     458.495     0.999973       147872     36408.89
     459.007     0.999976       147874     40960.00
     459.007     0.999979       147874     46811.43
     459.007     0.999982       147874     54613.33
     459.007     0.999985       147874     65536.00
     459.007     0.999986       147874     72817.78
     459.519     0.999988       147875     81920.00
     459.519     0.999989       147875     93622.86
     459.519     0.999991       147875    109226.67
     459.519     0.999992       147875    131072.00
     459.519     0.999993       147875    145635.56
     460.543     0.999994       147876    163840.00
     460.543     1.000000       147876          inf
#[Mean    =       55.721, StdDeviation   =       68.141]
#[Max     =      460.288, Total count    =       147876]
#[Buckets =           27, SubBuckets     =         2048]
-----------------------------------------------------------------------
  177160 requests in 1.00m, 27.47MB read
Requests/sec:   2955.19  
Transfer/sec:    469.27KB

=== rps=3200 c=512 t=52 url=http://10.10.1.1:34270 ===
setup: assigned thread_id=1
init: final thread_id=1, base_seed=nil
setup: assigned thread_id=2
init: final thread_id=2, base_seed=nil
setup: assigned thread_id=3
init: final thread_id=3, base_seed=nil
setup: assigned thread_id=4
init: final thread_id=4, base_seed=nil
setup: assigned thread_id=5
init: final thread_id=5, base_seed=nil
setup: assigned thread_id=6
init: final thread_id=6, base_seed=nil
setup: assigned thread_id=7
init: final thread_id=7, base_seed=nil
setup: assigned thread_id=8
init: final thread_id=8, base_seed=nil
setup: assigned thread_id=9
init: final thread_id=9, base_seed=nil
setup: assigned thread_id=10
init: final thread_id=10, base_seed=nil
setup: assigned thread_id=11
init: final thread_id=11, base_seed=nil
setup: assigned thread_id=12
init: final thread_id=12, base_seed=nil
setup: assigned thread_id=13
init: final thread_id=13, base_seed=nil
setup: assigned thread_id=14
init: final thread_id=14, base_seed=nil
setup: assigned thread_id=15
init: final thread_id=15, base_seed=nil
setup: assigned thread_id=16
init: final thread_id=16, base_seed=nil
setup: assigned thread_id=17
init: final thread_id=17, base_seed=nil
setup: assigned thread_id=18
init: final thread_id=18, base_seed=nil
setup: assigned thread_id=19
init: final thread_id=19, base_seed=nil
setup: assigned thread_id=20
init: final thread_id=20, base_seed=nil
setup: assigned thread_id=21
init: final thread_id=21, base_seed=nil
setup: assigned thread_id=22
init: final thread_id=22, base_seed=nil
setup: assigned thread_id=23
init: final thread_id=23, base_seed=nil
setup: assigned thread_id=24
init: final thread_id=24, base_seed=nil
setup: assigned thread_id=25
init: final thread_id=25, base_seed=nil
setup: assigned thread_id=26
init: final thread_id=26, base_seed=nil
setup: assigned thread_id=27
init: final thread_id=27, base_seed=nil
setup: assigned thread_id=28
init: final thread_id=28, base_seed=nil
setup: assigned thread_id=29
init: final thread_id=29, base_seed=nil
setup: assigned thread_id=30
init: final thread_id=30, base_seed=nil
setup: assigned thread_id=31
init: final thread_id=31, base_seed=nil
setup: assigned thread_id=32
init: final thread_id=32, base_seed=nil
setup: assigned thread_id=33
init: final thread_id=33, base_seed=nil
setup: assigned thread_id=34
init: final thread_id=34, base_seed=nil
setup: assigned thread_id=35
init: final thread_id=35, base_seed=nil
setup: assigned thread_id=36
init: final thread_id=36, base_seed=nil
setup: assigned thread_id=37
init: final thread_id=37, base_seed=nil
setup: assigned thread_id=38
init: final thread_id=38, base_seed=nil
setup: assigned thread_id=39
init: final thread_id=39, base_seed=nil
setup: assigned thread_id=40
init: final thread_id=40, base_seed=nil
setup: assigned thread_id=41
init: final thread_id=41, base_seed=nil
setup: assigned thread_id=42
init: final thread_id=42, base_seed=nil
setup: assigned thread_id=43
init: final thread_id=43, base_seed=nil
setup: assigned thread_id=44
init: final thread_id=44, base_seed=nil
setup: assigned thread_id=45
init: final thread_id=45, base_seed=nil
setup: assigned thread_id=46
init: final thread_id=46, base_seed=nil
setup: assigned thread_id=47
init: final thread_id=47, base_seed=nil
setup: assigned thread_id=48
init: final thread_id=48, base_seed=nil
setup: assigned thread_id=49
init: final thread_id=49, base_seed=nil
setup: assigned thread_id=50
init: final thread_id=50, base_seed=nil
setup: assigned thread_id=51
init: final thread_id=51, base_seed=nil
setup: assigned thread_id=52
init: final thread_id=52, base_seed=nil
script_want_response
Running 1m test @ http://10.10.1.1:34270
  52 threads and 512 connections

  Thread calibration: mean lat.: 67.936ms, rate sampling interval: 269ms
  Thread calibration: mean lat.: 70.861ms, rate sampling interval: 267ms
  Thread calibration: mean lat.: 72.649ms, rate sampling interval: 265ms
  Thread calibration: mean lat.: 71.888ms, rate sampling interval: 266ms
  Thread calibration: mean lat.: 71.866ms, rate sampling interval: 267ms
  Thread calibration: mean lat.: 73.769ms, rate sampling interval: 266ms
  Thread calibration: mean lat.: 71.603ms, rate sampling interval: 270ms
  Thread calibration: mean lat.: 71.926ms, rate sampling interval: 269ms
  Thread calibration: mean lat.: 70.439ms, rate sampling interval: 271ms
  Thread calibration: mean lat.: 68.005ms, rate sampling interval: 271ms
  Thread calibration: mean lat.: 64.048ms, rate sampling interval: 260ms
  Thread calibration: mean lat.: 62.732ms, rate sampling interval: 249ms
  Thread calibration: mean lat.: 62.897ms, rate sampling interval: 247ms
  Thread calibration: mean lat.: 61.903ms, rate sampling interval: 231ms
  Thread calibration: mean lat.: 60.853ms, rate sampling interval: 222ms
  Thread calibration: mean lat.: 60.998ms, rate sampling interval: 224ms
  Thread calibration: mean lat.: 57.818ms, rate sampling interval: 211ms
  Thread calibration: mean lat.: 57.501ms, rate sampling interval: 210ms
  Thread calibration: mean lat.: 57.000ms, rate sampling interval: 207ms
  Thread calibration: mean lat.: 69.980ms, rate sampling interval: 279ms
  Thread calibration: mean lat.: 56.428ms, rate sampling interval: 206ms
  Thread calibration: mean lat.: 55.659ms, rate sampling interval: 205ms
  Thread calibration: mean lat.: 54.394ms, rate sampling interval: 205ms
  Thread calibration: mean lat.: 53.796ms, rate sampling interval: 206ms
  Thread calibration: mean lat.: 54.140ms, rate sampling interval: 209ms
  Thread calibration: mean lat.: 52.945ms, rate sampling interval: 225ms
  Thread calibration: mean lat.: 52.147ms, rate sampling interval: 222ms
  Thread calibration: mean lat.: 51.779ms, rate sampling interval: 229ms
  Thread calibration: mean lat.: 52.419ms, rate sampling interval: 274ms
  Thread calibration: mean lat.: 50.774ms, rate sampling interval: 269ms
  Thread calibration: mean lat.: 63.032ms, rate sampling interval: 271ms
  Thread calibration: mean lat.: 66.164ms, rate sampling interval: 268ms
  Thread calibration: mean lat.: 70.523ms, rate sampling interval: 268ms
  Thread calibration: mean lat.: 72.423ms, rate sampling interval: 265ms
  Thread calibration: mean lat.: 73.017ms, rate sampling interval: 263ms
  Thread calibration: mean lat.: 75.158ms, rate sampling interval: 260ms
  Thread calibration: mean lat.: 76.368ms, rate sampling interval: 259ms
  Thread calibration: mean lat.: 78.568ms, rate sampling interval: 253ms
  Thread calibration: mean lat.: 77.016ms, rate sampling interval: 251ms
  Thread calibration: mean lat.: 76.874ms, rate sampling interval: 249ms
  Thread calibration: mean lat.: 78.127ms, rate sampling interval: 245ms
  Thread calibration: mean lat.: 79.656ms, rate sampling interval: 246ms
  Thread calibration: mean lat.: 79.207ms, rate sampling interval: 242ms
  Thread calibration: mean lat.: 79.331ms, rate sampling interval: 243ms
  Thread calibration: mean lat.: 80.918ms, rate sampling interval: 241ms
  Thread calibration: mean lat.: 80.685ms, rate sampling interval: 240ms
  Thread calibration: mean lat.: 80.391ms, rate sampling interval: 240ms
  Thread calibration: mean lat.: 80.903ms, rate sampling interval: 240ms
  Thread calibration: mean lat.: 80.788ms, rate sampling interval: 240ms
  Thread calibration: mean lat.: 79.984ms, rate sampling interval: 238ms
  Thread calibration: mean lat.: 80.059ms, rate sampling interval: 237ms
  Thread calibration: mean lat.: 78.872ms, rate sampling interval: 240ms

-----------------------------------------------------------------------
Test Results @ http://10.10.1.1:34270 
  Thread Stats   Avg      Stdev     99%   +/- Stdev
    Latency    50.36ms   24.44ms 127.29ms   69.07%
    Req/Sec    60.61     14.77    87.00     66.06%
  Latency Distribution (HdrHistogram - Recorded Latency)
 50.000%   48.13ms
 75.000%   62.59ms
 90.000%   80.83ms
 99.000%  127.29ms
 99.900%  137.09ms
 99.990%  175.10ms
 99.999%  181.63ms
100.000%  183.29ms

  Detailed Percentile spectrum:
       Value   Percentile   TotalCount 1/(1-Percentile)

       8.927     0.000000            1         1.00
      19.055     0.100000        15834         1.11
      28.943     0.200000        31652         1.25
      38.399     0.300000        47519         1.43
      43.935     0.400000        63423         1.67
      48.127     0.500000        79212         2.00
      50.271     0.550000        87075         2.22
      52.607     0.600000        94989         2.50
      55.263     0.650000       102947         2.86
      58.559     0.700000       110810         3.33
      62.591     0.750000       118695         4.00
      64.831     0.775000       122678         4.44
      67.071     0.800000       126603         5.00
      69.631     0.825000       130648         5.71
      72.383     0.850000       134519         6.67
      76.095     0.875000       138516         8.00
      78.271     0.887500       140450         8.89
      80.831     0.900000       142467        10.00
      84.031     0.912500       144436        11.43
      87.615     0.925000       146380        13.33
      91.711     0.937500       148372        16.00
      94.207     0.943750       149365        17.78
      97.087     0.950000       150349        20.00
     100.607     0.956250       151330        22.86
     105.535     0.962500       152320        26.67
     110.335     0.968750       153306        32.00
     112.639     0.971875       153811        35.56
     114.879     0.975000       154299        40.00
     117.503     0.978125       154794        45.71
     120.447     0.981250       155285        53.33
     122.943     0.984375       155786        64.00
     123.967     0.985938       156024        71.11
     125.247     0.987500       156276        80.00
     126.527     0.989062       156521        91.43
     127.743     0.990625       156772       106.67
     128.895     0.992188       157014       128.00
     129.535     0.992969       157157       142.22
     130.047     0.993750       157264       160.00
     130.751     0.994531       157388       182.86
     131.455     0.995313       157526       213.33
     132.223     0.996094       157633       256.00
     132.863     0.996484       157708       284.44
     133.247     0.996875       157755       320.00
     133.887     0.997266       157829       365.71
     134.271     0.997656       157878       426.67
     135.039     0.998047       157948       512.00
     135.295     0.998242       157975       568.89
     135.551     0.998437       158004       640.00
     135.935     0.998633       158040       731.43
     136.319     0.998828       158064       853.33
     137.343     0.999023       158094      1024.00
     137.727     0.999121       158109      1137.78
     138.239     0.999219       158125      1280.00
     139.519     0.999316       158140      1462.86
     143.743     0.999414       158156      1706.67
     148.223     0.999512       158171      2048.00
     152.831     0.999561       158179      2275.56
     158.847     0.999609       158187      2560.00
     161.919     0.999658       158195      2925.71
     164.607     0.999707       158202      3413.33
     167.423     0.999756       158210      4096.00
     168.703     0.999780       158214      4551.11
     169.471     0.999805       158218      5120.00
     170.623     0.999829       158221      5851.43
     172.799     0.999854       158225      6826.67
     173.951     0.999878       158229      8192.00
     174.591     0.999890       158231      9102.22
     175.231     0.999902       158233     10240.00
     176.511     0.999915       158235     11702.86
     177.279     0.999927       158237     13653.33
     178.559     0.999939       158239     16384.00
     178.687     0.999945       158241     18204.44
     178.687     0.999951       158241     20480.00
     180.479     0.999957       158242     23405.71
     180.607     0.999963       158243     27306.67
     180.735     0.999969       158245     32768.00
     180.735     0.999973       158245     36408.89
     180.735     0.999976       158245     40960.00
     180.735     0.999979       158245     46811.43
     181.631     0.999982       158246     54613.33
     181.631     0.999985       158246     65536.00
     181.631     0.999986       158246     72817.78
     183.295     0.999988       158248     81920.00
     183.295     1.000000       158248          inf
#[Mean    =       50.357, StdDeviation   =       24.444]
#[Max     =      183.168, Total count    =       158248]
#[Buckets =           27, SubBuckets     =         2048]
-----------------------------------------------------------------------
  189608 requests in 1.00m, 29.41MB read
Requests/sec:   3162.77  
Transfer/sec:    502.34KB

=== rps=3400 c=578 t=58 url=http://10.10.1.1:34270 ===
setup: assigned thread_id=1
init: final thread_id=1, base_seed=nil
setup: assigned thread_id=2
init: final thread_id=2, base_seed=nil
setup: assigned thread_id=3
init: final thread_id=3, base_seed=nil
setup: assigned thread_id=4
init: final thread_id=4, base_seed=nil
setup: assigned thread_id=5
init: final thread_id=5, base_seed=nil
setup: assigned thread_id=6
init: final thread_id=6, base_seed=nil
setup: assigned thread_id=7
init: final thread_id=7, base_seed=nil
setup: assigned thread_id=8
init: final thread_id=8, base_seed=nil
setup: assigned thread_id=9
init: final thread_id=9, base_seed=nil
setup: assigned thread_id=10
init: final thread_id=10, base_seed=nil
setup: assigned thread_id=11
init: final thread_id=11, base_seed=nil
setup: assigned thread_id=12
init: final thread_id=12, base_seed=nil
setup: assigned thread_id=13
init: final thread_id=13, base_seed=nil
setup: assigned thread_id=14
init: final thread_id=14, base_seed=nil
setup: assigned thread_id=15
init: final thread_id=15, base_seed=nil
setup: assigned thread_id=16
init: final thread_id=16, base_seed=nil
setup: assigned thread_id=17
init: final thread_id=17, base_seed=nil
setup: assigned thread_id=18
init: final thread_id=18, base_seed=nil
setup: assigned thread_id=19
init: final thread_id=19, base_seed=nil
setup: assigned thread_id=20
init: final thread_id=20, base_seed=nil
setup: assigned thread_id=21
init: final thread_id=21, base_seed=nil
setup: assigned thread_id=22
init: final thread_id=22, base_seed=nil
setup: assigned thread_id=23
init: final thread_id=23, base_seed=nil
setup: assigned thread_id=24
init: final thread_id=24, base_seed=nil
setup: assigned thread_id=25
init: final thread_id=25, base_seed=nil
setup: assigned thread_id=26
init: final thread_id=26, base_seed=nil
setup: assigned thread_id=27
init: final thread_id=27, base_seed=nil
setup: assigned thread_id=28
init: final thread_id=28, base_seed=nil
setup: assigned thread_id=29
init: final thread_id=29, base_seed=nil
setup: assigned thread_id=30
init: final thread_id=30, base_seed=nil
setup: assigned thread_id=31
init: final thread_id=31, base_seed=nil
setup: assigned thread_id=32
init: final thread_id=32, base_seed=nil
setup: assigned thread_id=33
init: final thread_id=33, base_seed=nil
setup: assigned thread_id=34
init: final thread_id=34, base_seed=nil
setup: assigned thread_id=35
init: final thread_id=35, base_seed=nil
setup: assigned thread_id=36
init: final thread_id=36, base_seed=nil
setup: assigned thread_id=37
init: final thread_id=37, base_seed=nil
setup: assigned thread_id=38
init: final thread_id=38, base_seed=nil
setup: assigned thread_id=39
init: final thread_id=39, base_seed=nil
setup: assigned thread_id=40
init: final thread_id=40, base_seed=nil
setup: assigned thread_id=41
init: final thread_id=41, base_seed=nil
setup: assigned thread_id=42
init: final thread_id=42, base_seed=nil
setup: assigned thread_id=43
init: final thread_id=43, base_seed=nil
setup: assigned thread_id=44
init: final thread_id=44, base_seed=nil
setup: assigned thread_id=45
init: final thread_id=45, base_seed=nil
setup: assigned thread_id=46
init: final thread_id=46, base_seed=nil
setup: assigned thread_id=47
init: final thread_id=47, base_seed=nil
setup: assigned thread_id=48
init: final thread_id=48, base_seed=nil
setup: assigned thread_id=49
init: final thread_id=49, base_seed=nil
setup: assigned thread_id=50
init: final thread_id=50, base_seed=nil
setup: assigned thread_id=51
init: final thread_id=51, base_seed=nil
setup: assigned thread_id=52
init: final thread_id=52, base_seed=nil
setup: assigned thread_id=53
init: final thread_id=53, base_seed=nil
setup: assigned thread_id=54
init: final thread_id=54, base_seed=nil
setup: assigned thread_id=55
init: final thread_id=55, base_seed=nil
setup: assigned thread_id=56
init: final thread_id=56, base_seed=nil
setup: assigned thread_id=57
init: final thread_id=57, base_seed=nil
setup: assigned thread_id=58
init: final thread_id=58, base_seed=nil
script_want_response
Running 1m test @ http://10.10.1.1:34270
  58 threads and 578 connections

  Thread calibration: mean lat.: 126.910ms, rate sampling interval: 332ms
  Thread calibration: mean lat.: 124.308ms, rate sampling interval: 327ms
  Thread calibration: mean lat.: 129.585ms, rate sampling interval: 359ms
  Thread calibration: mean lat.: 122.109ms, rate sampling interval: 330ms
  Thread calibration: mean lat.: 120.115ms, rate sampling interval: 325ms
  Thread calibration: mean lat.: 117.123ms, rate sampling interval: 325ms
  Thread calibration: mean lat.: 120.101ms, rate sampling interval: 348ms
  Thread calibration: mean lat.: 120.500ms, rate sampling interval: 367ms
  Thread calibration: mean lat.: 116.952ms, rate sampling interval: 374ms
  Thread calibration: mean lat.: 119.720ms, rate sampling interval: 382ms
  Thread calibration: mean lat.: 115.196ms, rate sampling interval: 355ms
  Thread calibration: mean lat.: 115.868ms, rate sampling interval: 346ms
  Thread calibration: mean lat.: 115.516ms, rate sampling interval: 346ms
  Thread calibration: mean lat.: 116.634ms, rate sampling interval: 335ms
  Thread calibration: mean lat.: 116.371ms, rate sampling interval: 333ms
  Thread calibration: mean lat.: 116.921ms, rate sampling interval: 333ms
  Thread calibration: mean lat.: 117.347ms, rate sampling interval: 331ms
  Thread calibration: mean lat.: 116.172ms, rate sampling interval: 322ms
  Thread calibration: mean lat.: 115.126ms, rate sampling interval: 321ms
  Thread calibration: mean lat.: 114.329ms, rate sampling interval: 318ms
  Thread calibration: mean lat.: 113.356ms, rate sampling interval: 317ms
  Thread calibration: mean lat.: 115.348ms, rate sampling interval: 322ms
  Thread calibration: mean lat.: 113.070ms, rate sampling interval: 318ms
  Thread calibration: mean lat.: 112.091ms, rate sampling interval: 318ms
  Thread calibration: mean lat.: 113.277ms, rate sampling interval: 321ms
  Thread calibration: mean lat.: 108.600ms, rate sampling interval: 311ms
  Thread calibration: mean lat.: 114.638ms, rate sampling interval: 370ms
  Thread calibration: mean lat.: 107.068ms, rate sampling interval: 317ms
  Thread calibration: mean lat.: 111.142ms, rate sampling interval: 347ms
  Thread calibration: mean lat.: 113.251ms, rate sampling interval: 382ms
  Thread calibration: mean lat.: 111.775ms, rate sampling interval: 379ms
  Thread calibration: mean lat.: 111.605ms, rate sampling interval: 381ms
  Thread calibration: mean lat.: 114.516ms, rate sampling interval: 382ms
  Thread calibration: mean lat.: 112.491ms, rate sampling interval: 380ms
  Thread calibration: mean lat.: 113.504ms, rate sampling interval: 378ms
  Thread calibration: mean lat.: 119.590ms, rate sampling interval: 380ms
  Thread calibration: mean lat.: 118.098ms, rate sampling interval: 377ms
  Thread calibration: mean lat.: 120.611ms, rate sampling interval: 375ms
  Thread calibration: mean lat.: 120.582ms, rate sampling interval: 375ms
  Thread calibration: mean lat.: 123.878ms, rate sampling interval: 372ms
  Thread calibration: mean lat.: 124.817ms, rate sampling interval: 372ms
  Thread calibration: mean lat.: 126.675ms, rate sampling interval: 371ms
  Thread calibration: mean lat.: 129.812ms, rate sampling interval: 372ms
  Thread calibration: mean lat.: 131.252ms, rate sampling interval: 369ms
  Thread calibration: mean lat.: 136.993ms, rate sampling interval: 369ms
  Thread calibration: mean lat.: 134.074ms, rate sampling interval: 366ms
  Thread calibration: mean lat.: 136.346ms, rate sampling interval: 368ms
  Thread calibration: mean lat.: 134.278ms, rate sampling interval: 368ms
  Thread calibration: mean lat.: 132.142ms, rate sampling interval: 367ms
  Thread calibration: mean lat.: 134.043ms, rate sampling interval: 363ms
  Thread calibration: mean lat.: 128.794ms, rate sampling interval: 378ms
  Thread calibration: mean lat.: 129.762ms, rate sampling interval: 366ms
  Thread calibration: mean lat.: 129.099ms, rate sampling interval: 371ms
  Thread calibration: mean lat.: 129.846ms, rate sampling interval: 404ms
  Thread calibration: mean lat.: 125.524ms, rate sampling interval: 403ms
  Thread calibration: mean lat.: 124.619ms, rate sampling interval: 401ms
  Thread calibration: mean lat.: 124.124ms, rate sampling interval: 399ms
  Thread calibration: mean lat.: 120.873ms, rate sampling interval: 390ms

-----------------------------------------------------------------------
Test Results @ http://10.10.1.1:34270 
  Thread Stats   Avg      Stdev     99%   +/- Stdev
    Latency    79.07ms   60.96ms 239.74ms   71.66%
    Req/Sec    57.74      9.64    81.00     71.07%
  Latency Distribution (HdrHistogram - Recorded Latency)
 50.000%   58.05ms
 75.000%  119.49ms
 90.000%  174.59ms
 99.000%  239.74ms
 99.900%  262.65ms
 99.990%  280.58ms
 99.999%  286.46ms
100.000%  290.56ms

  Detailed Percentile spectrum:
       Value   Percentile   TotalCount 1/(1-Percentile)

       9.351     0.000000            1         1.00
      18.127     0.100000        16858         1.11
      24.031     0.200000        33668         1.25
      31.839     0.300000        50482         1.43
      41.887     0.400000        67301         1.67
      58.047     0.500000        84126         2.00
      68.799     0.550000        92539         2.22
      80.831     0.600000       100947         2.50
      93.823     0.650000       109359         2.86
     106.367     0.700000       117767         3.33
     119.487     0.750000       126188         4.00
     126.399     0.775000       130398         4.44
     134.527     0.800000       134599         5.00
     142.975     0.825000       138801         5.71
     152.191     0.850000       142992         6.67
     162.047     0.875000       147194         8.00
     168.831     0.887500       149329         8.89
     174.591     0.900000       151401        10.00
     180.223     0.912500       153509        11.43
     186.111     0.925000       155606        13.33
     192.639     0.937500       157715        16.00
     196.095     0.943750       158795        17.78
     200.319     0.950000       159811        20.00
     205.311     0.956250       160892        22.86
     210.175     0.962500       161932        26.67
     216.063     0.968750       162981        32.00
     219.391     0.971875       163492        35.56
     223.231     0.975000       164016        40.00
     226.815     0.978125       164542        45.71
     229.887     0.981250       165066        53.33
     232.703     0.984375       165596        64.00
     234.495     0.985938       165867        71.11
     236.159     0.987500       166136        80.00
     238.207     0.989062       166386        91.43
     240.767     0.990625       166650       106.67
     243.455     0.992188       166912       128.00
     245.503     0.992969       167045       142.22
     247.295     0.993750       167169       160.00
     249.087     0.994531       167301       182.86
     251.007     0.995313       167433       213.33
     252.799     0.996094       167563       256.00
     253.695     0.996484       167631       284.44
     254.847     0.996875       167699       320.00
     255.871     0.997266       167766       365.71
     257.023     0.997656       167831       426.67
     258.303     0.998047       167894       512.00
     258.943     0.998242       167924       568.89
     259.967     0.998437       167960       640.00
     260.863     0.998633       167991       731.43
     261.759     0.998828       168025       853.33
     262.911     0.999023       168058      1024.00
     263.679     0.999121       168073      1137.78
     264.703     0.999219       168089      1280.00
     265.471     0.999316       168108      1462.86
     266.239     0.999414       168121      1706.67
     267.519     0.999512       168137      2048.00
     268.799     0.999561       168148      2275.56
     269.311     0.999609       168154      2560.00
     270.591     0.999658       168163      2925.71
     272.127     0.999707       168170      3413.33
     274.687     0.999756       168179      4096.00
     275.967     0.999780       168183      4551.11
     276.479     0.999805       168187      5120.00
     277.759     0.999829       168191      5851.43
     278.783     0.999854       168196      6826.67
     279.039     0.999878       168199      8192.00
     280.319     0.999890       168201      9102.22
     280.831     0.999902       168203     10240.00
     281.599     0.999915       168206     11702.86
     281.855     0.999927       168208     13653.33
     282.111     0.999939       168210     16384.00
     282.111     0.999945       168210     18204.44
     283.391     0.999951       168211     20480.00
     284.415     0.999957       168214     23405.71
     284.415     0.999963       168214     27306.67
     284.415     0.999969       168214     32768.00
     284.927     0.999973       168215     36408.89
     284.927     0.999976       168215     40960.00
     286.463     0.999979       168217     46811.43
     286.463     0.999982       168217     54613.33
     286.463     0.999985       168217     65536.00
     286.463     0.999986       168217     72817.78
     286.463     0.999988       168217     81920.00
     287.231     0.999989       168218     93622.86
     287.231     0.999991       168218    109226.67
     287.231     0.999992       168218    131072.00
     287.231     0.999993       168218    145635.56
     287.231     0.999994       168218    163840.00
     290.559     0.999995       168219    187245.71
     290.559     1.000000       168219          inf
#[Mean    =       79.071, StdDeviation   =       60.963]
#[Max     =      290.304, Total count    =       168219]
#[Buckets =           27, SubBuckets     =         2048]
-----------------------------------------------------------------------
  201153 requests in 1.00m, 31.19MB read
Requests/sec:   3357.63  
Transfer/sec:    533.13KB

=== rps=3600 c=648 t=65 url=http://10.10.1.1:34270 ===
setup: assigned thread_id=1
init: final thread_id=1, base_seed=nil
setup: assigned thread_id=2
init: final thread_id=2, base_seed=nil
setup: assigned thread_id=3
init: final thread_id=3, base_seed=nil
setup: assigned thread_id=4
init: final thread_id=4, base_seed=nil
setup: assigned thread_id=5
init: final thread_id=5, base_seed=nil
setup: assigned thread_id=6
init: final thread_id=6, base_seed=nil
setup: assigned thread_id=7
init: final thread_id=7, base_seed=nil
setup: assigned thread_id=8
init: final thread_id=8, base_seed=nil
setup: assigned thread_id=9
init: final thread_id=9, base_seed=nil
setup: assigned thread_id=10
init: final thread_id=10, base_seed=nil
setup: assigned thread_id=11
init: final thread_id=11, base_seed=nil
setup: assigned thread_id=12
init: final thread_id=12, base_seed=nil
setup: assigned thread_id=13
init: final thread_id=13, base_seed=nil
setup: assigned thread_id=14
init: final thread_id=14, base_seed=nil
setup: assigned thread_id=15
init: final thread_id=15, base_seed=nil
setup: assigned thread_id=16
init: final thread_id=16, base_seed=nil
setup: assigned thread_id=17
init: final thread_id=17, base_seed=nil
setup: assigned thread_id=18
init: final thread_id=18, base_seed=nil
setup: assigned thread_id=19
init: final thread_id=19, base_seed=nil
setup: assigned thread_id=20
init: final thread_id=20, base_seed=nil
setup: assigned thread_id=21
init: final thread_id=21, base_seed=nil
setup: assigned thread_id=22
init: final thread_id=22, base_seed=nil
setup: assigned thread_id=23
init: final thread_id=23, base_seed=nil
setup: assigned thread_id=24
init: final thread_id=24, base_seed=nil
setup: assigned thread_id=25
init: final thread_id=25, base_seed=nil
setup: assigned thread_id=26
init: final thread_id=26, base_seed=nil
setup: assigned thread_id=27
init: final thread_id=27, base_seed=nil
setup: assigned thread_id=28
init: final thread_id=28, base_seed=nil
setup: assigned thread_id=29
init: final thread_id=29, base_seed=nil
setup: assigned thread_id=30
init: final thread_id=30, base_seed=nil
setup: assigned thread_id=31
init: final thread_id=31, base_seed=nil
setup: assigned thread_id=32
init: final thread_id=32, base_seed=nil
setup: assigned thread_id=33
init: final thread_id=33, base_seed=nil
setup: assigned thread_id=34
init: final thread_id=34, base_seed=nil
setup: assigned thread_id=35
init: final thread_id=35, base_seed=nil
setup: assigned thread_id=36
init: final thread_id=36, base_seed=nil
setup: assigned thread_id=37
init: final thread_id=37, base_seed=nil
setup: assigned thread_id=38
init: final thread_id=38, base_seed=nil
setup: assigned thread_id=39
init: final thread_id=39, base_seed=nil
setup: assigned thread_id=40
init: final thread_id=40, base_seed=nil
setup: assigned thread_id=41
init: final thread_id=41, base_seed=nil
setup: assigned thread_id=42
init: final thread_id=42, base_seed=nil
setup: assigned thread_id=43
init: final thread_id=43, base_seed=nil
setup: assigned thread_id=44
init: final thread_id=44, base_seed=nil
setup: assigned thread_id=45
init: final thread_id=45, base_seed=nil
setup: assigned thread_id=46
init: final thread_id=46, base_seed=nil
setup: assigned thread_id=47
init: final thread_id=47, base_seed=nil
setup: assigned thread_id=48
init: final thread_id=48, base_seed=nil
setup: assigned thread_id=49
init: final thread_id=49, base_seed=nil
setup: assigned thread_id=50
init: final thread_id=50, base_seed=nil
setup: assigned thread_id=51
init: final thread_id=51, base_seed=nil
setup: assigned thread_id=52
init: final thread_id=52, base_seed=nil
setup: assigned thread_id=53
init: final thread_id=53, base_seed=nil
setup: assigned thread_id=54
init: final thread_id=54, base_seed=nil
setup: assigned thread_id=55
init: final thread_id=55, base_seed=nil
setup: assigned thread_id=56
init: final thread_id=56, base_seed=nil
setup: assigned thread_id=57
init: final thread_id=57, base_seed=nil
setup: assigned thread_id=58
init: final thread_id=58, base_seed=nil
setup: assigned thread_id=59
init: final thread_id=59, base_seed=nil
setup: assigned thread_id=60
init: final thread_id=60, base_seed=nil
setup: assigned thread_id=61
init: final thread_id=61, base_seed=nil
setup: assigned thread_id=62
init: final thread_id=62, base_seed=nil
setup: assigned thread_id=63
init: final thread_id=63, base_seed=nil
setup: assigned thread_id=64
init: final thread_id=64, base_seed=nil
setup: assigned thread_id=65
init: final thread_id=65, base_seed=nil
script_want_response
Running 1m test @ http://10.10.1.1:34270
  65 threads and 648 connections

  Thread calibration: mean lat.: 253.766ms, rate sampling interval: 709ms
  Thread calibration: mean lat.: 255.597ms, rate sampling interval: 698ms
  Thread calibration: mean lat.: 248.648ms, rate sampling interval: 704ms
  Thread calibration: mean lat.: 263.958ms, rate sampling interval: 701ms
  Thread calibration: mean lat.: 271.220ms, rate sampling interval: 763ms
  Thread calibration: mean lat.: 268.117ms, rate sampling interval: 762ms
  Thread calibration: mean lat.: 266.357ms, rate sampling interval: 740ms
  Thread calibration: mean lat.: 269.322ms, rate sampling interval: 767ms
  Thread calibration: mean lat.: 282.122ms, rate sampling interval: 761ms
  Thread calibration: mean lat.: 294.205ms, rate sampling interval: 783ms
  Thread calibration: mean lat.: 255.269ms, rate sampling interval: 708ms
  Thread calibration: mean lat.: 266.207ms, rate sampling interval: 748ms
  Thread calibration: mean lat.: 255.160ms, rate sampling interval: 716ms
  Thread calibration: mean lat.: 254.391ms, rate sampling interval: 692ms
  Thread calibration: mean lat.: 252.796ms, rate sampling interval: 701ms
  Thread calibration: mean lat.: 253.598ms, rate sampling interval: 695ms
  Thread calibration: mean lat.: 248.539ms, rate sampling interval: 698ms
  Thread calibration: mean lat.: 235.364ms, rate sampling interval: 680ms
  Thread calibration: mean lat.: 250.263ms, rate sampling interval: 678ms
  Thread calibration: mean lat.: 246.577ms, rate sampling interval: 692ms
  Thread calibration: mean lat.: 225.636ms, rate sampling interval: 656ms
  Thread calibration: mean lat.: 245.379ms, rate sampling interval: 670ms
  Thread calibration: mean lat.: 255.848ms, rate sampling interval: 686ms
  Thread calibration: mean lat.: 266.994ms, rate sampling interval: 727ms
  Thread calibration: mean lat.: 253.131ms, rate sampling interval: 695ms
  Thread calibration: mean lat.: 228.125ms, rate sampling interval: 653ms
  Thread calibration: mean lat.: 266.651ms, rate sampling interval: 746ms
  Thread calibration: mean lat.: 256.329ms, rate sampling interval: 732ms
  Thread calibration: mean lat.: 260.230ms, rate sampling interval: 731ms
  Thread calibration: mean lat.: 260.661ms, rate sampling interval: 751ms
  Thread calibration: mean lat.: 263.891ms, rate sampling interval: 727ms
  Thread calibration: mean lat.: 254.907ms, rate sampling interval: 735ms
  Thread calibration: mean lat.: 277.518ms, rate sampling interval: 797ms
  Thread calibration: mean lat.: 264.687ms, rate sampling interval: 726ms
  Thread calibration: mean lat.: 263.872ms, rate sampling interval: 721ms
  Thread calibration: mean lat.: 248.298ms, rate sampling interval: 712ms
  Thread calibration: mean lat.: 266.401ms, rate sampling interval: 721ms
  Thread calibration: mean lat.: 269.044ms, rate sampling interval: 736ms
  Thread calibration: mean lat.: 263.302ms, rate sampling interval: 715ms
  Thread calibration: mean lat.: 248.698ms, rate sampling interval: 705ms
  Thread calibration: mean lat.: 265.197ms, rate sampling interval: 720ms
  Thread calibration: mean lat.: 256.204ms, rate sampling interval: 711ms
  Thread calibration: mean lat.: 272.332ms, rate sampling interval: 714ms
  Thread calibration: mean lat.: 265.931ms, rate sampling interval: 722ms
  Thread calibration: mean lat.: 254.377ms, rate sampling interval: 701ms
  Thread calibration: mean lat.: 259.848ms, rate sampling interval: 706ms
  Thread calibration: mean lat.: 260.575ms, rate sampling interval: 708ms
  Thread calibration: mean lat.: 252.729ms, rate sampling interval: 707ms
  Thread calibration: mean lat.: 255.311ms, rate sampling interval: 710ms
  Thread calibration: mean lat.: 244.340ms, rate sampling interval: 709ms
  Thread calibration: mean lat.: 275.792ms, rate sampling interval: 774ms
  Thread calibration: mean lat.: 265.176ms, rate sampling interval: 746ms
  Thread calibration: mean lat.: 275.154ms, rate sampling interval: 729ms
  Thread calibration: mean lat.: 264.576ms, rate sampling interval: 748ms
  Thread calibration: mean lat.: 265.375ms, rate sampling interval: 753ms
  Thread calibration: mean lat.: 284.793ms, rate sampling interval: 761ms
  Thread calibration: mean lat.: 273.035ms, rate sampling interval: 737ms
  Thread calibration: mean lat.: 304.598ms, rate sampling interval: 831ms
  Thread calibration: mean lat.: 281.882ms, rate sampling interval: 750ms
  Thread calibration: mean lat.: 283.174ms, rate sampling interval: 751ms
  Thread calibration: mean lat.: 267.025ms, rate sampling interval: 730ms
  Thread calibration: mean lat.: 261.480ms, rate sampling interval: 731ms
  Thread calibration: mean lat.: 267.099ms, rate sampling interval: 727ms
  Thread calibration: mean lat.: 286.542ms, rate sampling interval: 744ms
  Thread calibration: mean lat.: 274.390ms, rate sampling interval: 739ms

-----------------------------------------------------------------------
Test Results @ http://10.10.1.1:34270 
  Thread Stats   Avg      Stdev     99%   +/- Stdev
    Latency   166.37ms  112.65ms 412.42ms   56.26%
    Req/Sec    54.74      5.16    67.00     75.65%
  Latency Distribution (HdrHistogram - Recorded Latency)
 50.000%  144.13ms
 75.000%  264.96ms
 90.000%  323.58ms
 99.000%  412.42ms
 99.900%  469.76ms
 99.990%  490.75ms
 99.999%  542.72ms
100.000%  546.82ms

  Detailed Percentile spectrum:
       Value   Percentile   TotalCount 1/(1-Percentile)

      10.223     0.000000            1         1.00
      34.815     0.100000        17873         1.11
      48.607     0.200000        35752         1.25
      72.639     0.300000        53596         1.43
     107.263     0.400000        71467         1.67
     144.127     0.500000        89371         2.00
     171.903     0.550000        98259         2.22
     198.015     0.600000       107222         2.50
     219.647     0.650000       116159         2.86
     241.791     0.700000       125065         3.33
     264.959     0.750000       134064         4.00
     273.407     0.775000       138585         4.44
     282.623     0.800000       142984         5.00
     291.839     0.825000       147476         5.71
     301.055     0.850000       151924         6.67
     311.039     0.875000       156432         8.00
     316.671     0.887500       158611         8.89
     323.583     0.900000       160857        10.00
     331.263     0.912500       163062        11.43
     339.199     0.925000       165292        13.33
     348.159     0.937500       167493        16.00
     353.535     0.943750       168622        17.78
     359.423     0.950000       169775        20.00
     365.055     0.956250       170838        22.86
     371.199     0.962500       171966        26.67
     377.855     0.968750       173077        32.00
     381.183     0.971875       173634        35.56
     385.535     0.975000       174219        40.00
     389.631     0.978125       174759        45.71
     394.239     0.981250       175326        53.33
     399.103     0.984375       175861        64.00
     402.431     0.985938       176159        71.11
     405.759     0.987500       176432        80.00
     409.855     0.989062       176716        91.43
     414.463     0.990625       176988       106.67
     420.095     0.992188       177257       128.00
     423.167     0.992969       177402       142.22
     426.495     0.993750       177537       160.00
     430.335     0.994531       177678       182.86
     435.199     0.995313       177820       213.33
     440.063     0.996094       177954       256.00
     442.879     0.996484       178027       284.44
     446.719     0.996875       178094       320.00
     451.071     0.997266       178168       365.71
     454.911     0.997656       178238       426.67
     459.775     0.998047       178304       512.00
     462.591     0.998242       178344       568.89
     464.383     0.998437       178378       640.00
     466.431     0.998633       178412       731.43
     468.479     0.998828       178446       853.33
     470.015     0.999023       178481      1024.00
     470.783     0.999121       178494      1137.78
     471.807     0.999219       178513      1280.00
     473.343     0.999316       178532      1462.86
     474.623     0.999414       178548      1706.67
     475.647     0.999512       178564      2048.00
     476.671     0.999561       178573      2275.56
     477.951     0.999609       178583      2560.00
     478.975     0.999658       178591      2925.71
     480.255     0.999707       178599      3413.33
     481.791     0.999756       178608      4096.00
     482.303     0.999780       178612      4551.11
     483.071     0.999805       178617      5120.00
     483.839     0.999829       178621      5851.43
     485.375     0.999854       178625      6826.67
     488.191     0.999878       178630      8192.00
     489.983     0.999890       178632      9102.22
     492.543     0.999902       178635     10240.00
     493.311     0.999915       178636     11702.86
     494.847     0.999927       178638     13653.33
     503.295     0.999939       178641     16384.00
     507.135     0.999945       178642     18204.44
     509.439     0.999951       178644     20480.00
     509.439     0.999957       178644     23405.71
     509.695     0.999963       178645     27306.67
     520.191     0.999969       178646     32768.00
     525.311     0.999973       178647     36408.89
     525.311     0.999976       178647     40960.00
     536.575     0.999979       178648     46811.43
     536.575     0.999982       178648     54613.33
     542.719     0.999985       178649     65536.00
     542.719     0.999986       178649     72817.78
     542.719     0.999988       178649     81920.00
     546.303     0.999989       178650     93622.86
     546.303     0.999991       178650    109226.67
     546.303     0.999992       178650    131072.00
     546.303     0.999993       178650    145635.56
     546.303     0.999994       178650    163840.00
     546.815     0.999995       178651    187245.71
     546.815     1.000000       178651          inf
#[Mean    =      166.371, StdDeviation   =      112.650]
#[Max     =      546.304, Total count    =       178651]
#[Buckets =           27, SubBuckets     =         2048]
-----------------------------------------------------------------------
  213300 requests in 1.00m, 33.08MB read
Requests/sec:   3560.22  
Transfer/sec:    565.33KB

=== rps=3800 c=722 t=73 url=http://10.10.1.1:34270 ===
setup: assigned thread_id=1
init: final thread_id=1, base_seed=nil
setup: assigned thread_id=2
init: final thread_id=2, base_seed=nil
setup: assigned thread_id=3
init: final thread_id=3, base_seed=nil
setup: assigned thread_id=4
init: final thread_id=4, base_seed=nil
setup: assigned thread_id=5
init: final thread_id=5, base_seed=nil
setup: assigned thread_id=6
init: final thread_id=6, base_seed=nil
setup: assigned thread_id=7
init: final thread_id=7, base_seed=nil
setup: assigned thread_id=8
init: final thread_id=8, base_seed=nil
setup: assigned thread_id=9
init: final thread_id=9, base_seed=nil
setup: assigned thread_id=10
init: final thread_id=10, base_seed=nil
setup: assigned thread_id=11
init: final thread_id=11, base_seed=nil
setup: assigned thread_id=12
init: final thread_id=12, base_seed=nil
setup: assigned thread_id=13
init: final thread_id=13, base_seed=nil
setup: assigned thread_id=14
init: final thread_id=14, base_seed=nil
setup: assigned thread_id=15
init: final thread_id=15, base_seed=nil
setup: assigned thread_id=16
init: final thread_id=16, base_seed=nil
setup: assigned thread_id=17
init: final thread_id=17, base_seed=nil
setup: assigned thread_id=18
init: final thread_id=18, base_seed=nil
setup: assigned thread_id=19
init: final thread_id=19, base_seed=nil
setup: assigned thread_id=20
init: final thread_id=20, base_seed=nil
setup: assigned thread_id=21
init: final thread_id=21, base_seed=nil
setup: assigned thread_id=22
init: final thread_id=22, base_seed=nil
setup: assigned thread_id=23
init: final thread_id=23, base_seed=nil
setup: assigned thread_id=24
init: final thread_id=24, base_seed=nil
setup: assigned thread_id=25
init: final thread_id=25, base_seed=nil
setup: assigned thread_id=26
init: final thread_id=26, base_seed=nil
setup: assigned thread_id=27
init: final thread_id=27, base_seed=nil
setup: assigned thread_id=28
init: final thread_id=28, base_seed=nil
setup: assigned thread_id=29
init: final thread_id=29, base_seed=nil
setup: assigned thread_id=30
init: final thread_id=30, base_seed=nil
setup: assigned thread_id=31
init: final thread_id=31, base_seed=nil
setup: assigned thread_id=32
init: final thread_id=32, base_seed=nil
setup: assigned thread_id=33
init: final thread_id=33, base_seed=nil
setup: assigned thread_id=34
init: final thread_id=34, base_seed=nil
setup: assigned thread_id=35
init: final thread_id=35, base_seed=nil
setup: assigned thread_id=36
init: final thread_id=36, base_seed=nil
setup: assigned thread_id=37
init: final thread_id=37, base_seed=nil
setup: assigned thread_id=38
init: final thread_id=38, base_seed=nil
setup: assigned thread_id=39
init: final thread_id=39, base_seed=nil
setup: assigned thread_id=40
init: final thread_id=40, base_seed=nil
setup: assigned thread_id=41
init: final thread_id=41, base_seed=nil
setup: assigned thread_id=42
init: final thread_id=42, base_seed=nil
setup: assigned thread_id=43
init: final thread_id=43, base_seed=nil
setup: assigned thread_id=44
init: final thread_id=44, base_seed=nil
setup: assigned thread_id=45
init: final thread_id=45, base_seed=nil
setup: assigned thread_id=46
init: final thread_id=46, base_seed=nil
setup: assigned thread_id=47
init: final thread_id=47, base_seed=nil
setup: assigned thread_id=48
init: final thread_id=48, base_seed=nil
setup: assigned thread_id=49
init: final thread_id=49, base_seed=nil
setup: assigned thread_id=50
init: final thread_id=50, base_seed=nil
setup: assigned thread_id=51
init: final thread_id=51, base_seed=nil
setup: assigned thread_id=52
init: final thread_id=52, base_seed=nil
setup: assigned thread_id=53
init: final thread_id=53, base_seed=nil
setup: assigned thread_id=54
init: final thread_id=54, base_seed=nil
setup: assigned thread_id=55
init: final thread_id=55, base_seed=nil
setup: assigned thread_id=56
init: final thread_id=56, base_seed=nil
setup: assigned thread_id=57
init: final thread_id=57, base_seed=nil
setup: assigned thread_id=58
init: final thread_id=58, base_seed=nil
setup: assigned thread_id=59
init: final thread_id=59, base_seed=nil
setup: assigned thread_id=60
init: final thread_id=60, base_seed=nil
setup: assigned thread_id=61
init: final thread_id=61, base_seed=nil
setup: assigned thread_id=62
init: final thread_id=62, base_seed=nil
setup: assigned thread_id=63
init: final thread_id=63, base_seed=nil
setup: assigned thread_id=64
init: final thread_id=64, base_seed=nil
setup: assigned thread_id=65
init: final thread_id=65, base_seed=nil
setup: assigned thread_id=66
init: final thread_id=66, base_seed=nil
setup: assigned thread_id=67
init: final thread_id=67, base_seed=nil
setup: assigned thread_id=68
init: final thread_id=68, base_seed=nil
setup: assigned thread_id=69
init: final thread_id=69, base_seed=nil
setup: assigned thread_id=70
init: final thread_id=70, base_seed=nil
setup: assigned thread_id=71
init: final thread_id=71, base_seed=nil
setup: assigned thread_id=72
init: final thread_id=72, base_seed=nil
setup: assigned thread_id=73
init: final thread_id=73, base_seed=nil
script_want_response
Running 1m test @ http://10.10.1.1:34270
  73 threads and 722 connections

  Thread calibration: mean lat.: 509.008ms, rate sampling interval: 1623ms
  Thread calibration: mean lat.: 502.229ms, rate sampling interval: 1605ms
  Thread calibration: mean lat.: 512.853ms, rate sampling interval: 1547ms
  Thread calibration: mean lat.: 528.136ms, rate sampling interval: 1694ms
  Thread calibration: mean lat.: 479.906ms, rate sampling interval: 1486ms
  Thread calibration: mean lat.: 485.294ms, rate sampling interval: 1474ms
  Thread calibration: mean lat.: 498.583ms, rate sampling interval: 1576ms
  Thread calibration: mean lat.: 498.295ms, rate sampling interval: 1572ms
  Thread calibration: mean lat.: 489.689ms, rate sampling interval: 1499ms
  Thread calibration: mean lat.: 493.748ms, rate sampling interval: 1548ms
  Thread calibration: mean lat.: 477.352ms, rate sampling interval: 1526ms
  Thread calibration: mean lat.: 487.790ms, rate sampling interval: 1525ms
  Thread calibration: mean lat.: 547.536ms, rate sampling interval: 1626ms
  Thread calibration: mean lat.: 507.026ms, rate sampling interval: 1612ms
  Thread calibration: mean lat.: 508.142ms, rate sampling interval: 1618ms
  Thread calibration: mean lat.: 572.433ms, rate sampling interval: 1614ms
  Thread calibration: mean lat.: 499.246ms, rate sampling interval: 1588ms
  Thread calibration: mean lat.: 506.394ms, rate sampling interval: 1584ms
  Thread calibration: mean lat.: 515.244ms, rate sampling interval: 1615ms
  Thread calibration: mean lat.: 511.797ms, rate sampling interval: 1609ms
  Thread calibration: mean lat.: 505.626ms, rate sampling interval: 1622ms
  Thread calibration: mean lat.: 502.753ms, rate sampling interval: 1595ms
  Thread calibration: mean lat.: 516.261ms, rate sampling interval: 1745ms
  Thread calibration: mean lat.: 519.279ms, rate sampling interval: 1611ms
  Thread calibration: mean lat.: 486.278ms, rate sampling interval: 1543ms
  Thread calibration: mean lat.: 478.945ms, rate sampling interval: 1540ms
  Thread calibration: mean lat.: 487.511ms, rate sampling interval: 1565ms
  Thread calibration: mean lat.: 488.784ms, rate sampling interval: 1538ms
  Thread calibration: mean lat.: 506.366ms, rate sampling interval: 1599ms
  Thread calibration: mean lat.: 493.081ms, rate sampling interval: 1596ms
  Thread calibration: mean lat.: 498.843ms, rate sampling interval: 1552ms
  Thread calibration: mean lat.: 468.747ms, rate sampling interval: 1509ms
  Thread calibration: mean lat.: 465.760ms, rate sampling interval: 1500ms
  Thread calibration: mean lat.: 493.484ms, rate sampling interval: 1667ms
  Thread calibration: mean lat.: 461.985ms, rate sampling interval: 1500ms
  Thread calibration: mean lat.: 453.275ms, rate sampling interval: 1393ms
  Thread calibration: mean lat.: 492.361ms, rate sampling interval: 1543ms
  Thread calibration: mean lat.: 496.149ms, rate sampling interval: 1532ms
  Thread calibration: mean lat.: 519.142ms, rate sampling interval: 1663ms
  Thread calibration: mean lat.: 502.554ms, rate sampling interval: 1571ms
  Thread calibration: mean lat.: 485.867ms, rate sampling interval: 1503ms
  Thread calibration: mean lat.: 524.621ms, rate sampling interval: 1666ms
  Thread calibration: mean lat.: 514.728ms, rate sampling interval: 1627ms
  Thread calibration: mean lat.: 558.280ms, rate sampling interval: 1668ms
  Thread calibration: mean lat.: 502.003ms, rate sampling interval: 1637ms
  Thread calibration: mean lat.: 524.346ms, rate sampling interval: 1645ms
  Thread calibration: mean lat.: 520.390ms, rate sampling interval: 1646ms
  Thread calibration: mean lat.: 486.281ms, rate sampling interval: 1489ms
  Thread calibration: mean lat.: 554.459ms, rate sampling interval: 1574ms
  Thread calibration: mean lat.: 479.744ms, rate sampling interval: 1486ms
  Thread calibration: mean lat.: 531.319ms, rate sampling interval: 1663ms
  Thread calibration: mean lat.: 469.437ms, rate sampling interval: 1478ms
  Thread calibration: mean lat.: 491.984ms, rate sampling interval: 1533ms
  Thread calibration: mean lat.: 491.293ms, rate sampling interval: 1557ms
  Thread calibration: mean lat.: 531.499ms, rate sampling interval: 1595ms
  Thread calibration: mean lat.: 519.513ms, rate sampling interval: 1637ms
  Thread calibration: mean lat.: 495.802ms, rate sampling interval: 1571ms
  Thread calibration: mean lat.: 484.035ms, rate sampling interval: 1532ms
  Thread calibration: mean lat.: 490.294ms, rate sampling interval: 1528ms
  Thread calibration: mean lat.: 523.602ms, rate sampling interval: 1622ms
  Thread calibration: mean lat.: 507.092ms, rate sampling interval: 1543ms
  Thread calibration: mean lat.: 495.571ms, rate sampling interval: 1526ms
  Thread calibration: mean lat.: 495.555ms, rate sampling interval: 1544ms
  Thread calibration: mean lat.: 563.549ms, rate sampling interval: 1614ms
  Thread calibration: mean lat.: 510.103ms, rate sampling interval: 1544ms
  Thread calibration: mean lat.: 487.154ms, rate sampling interval: 1532ms
  Thread calibration: mean lat.: 522.989ms, rate sampling interval: 1710ms
  Thread calibration: mean lat.: 516.285ms, rate sampling interval: 1698ms
  Thread calibration: mean lat.: 489.796ms, rate sampling interval: 1512ms
  Thread calibration: mean lat.: 485.466ms, rate sampling interval: 1420ms
  Thread calibration: mean lat.: 536.712ms, rate sampling interval: 1687ms
  Thread calibration: mean lat.: 506.865ms, rate sampling interval: 1699ms
  Thread calibration: mean lat.: 531.867ms, rate sampling interval: 1471ms

-----------------------------------------------------------------------
Test Results @ http://10.10.1.1:34270 
  Thread Stats   Avg      Stdev     99%   +/- Stdev
    Latency     1.01s   572.59ms   2.58s    67.10%
    Req/Sec    50.24      3.37    57.00     81.93%
  Latency Distribution (HdrHistogram - Recorded Latency)
 50.000%  865.79ms
 75.000%    1.38s 
 90.000%    1.87s 
 99.000%    2.58s 
 99.900%    3.05s 
 99.990%    3.24s 
 99.999%    3.33s 
100.000%    3.35s 

  Detailed Percentile spectrum:
       Value   Percentile   TotalCount 1/(1-Percentile)

      24.895     0.000000            1         1.00
     354.047     0.100000        18468         1.11
     545.791     0.200000        36955         1.25
     677.375     0.300000        55462         1.43
     771.583     0.400000        73938         1.67
     865.791     0.500000        92369         2.00
     916.479     0.550000       101645         2.22
     979.967     0.600000       110829         2.50
    1073.151     0.650000       120051         2.86
    1216.511     0.700000       129267         3.33
    1378.303     0.750000       138498         4.00
    1462.271     0.775000       143132         4.44
    1546.239     0.800000       147759         5.00
    1628.159     0.825000       152350         5.71
    1708.031     0.850000       157000         6.67
    1790.975     0.875000       161631         8.00
    1829.887     0.887500       163913         8.89
    1872.895     0.900000       166246        10.00
    1914.879     0.912500       168538        11.43
    1961.983     0.925000       170830        13.33
    2014.207     0.937500       173146        16.00
    2044.927     0.943750       174304        17.78
    2080.767     0.950000       175431        20.00
    2119.679     0.956250       176623        22.86
    2162.687     0.962500       177783        26.67
    2220.031     0.968750       178919        32.00
    2254.847     0.971875       179468        35.56
    2297.855     0.975000       180077        40.00
    2342.911     0.978125       180635        45.71
    2398.207     0.981250       181203        53.33
    2457.599     0.984375       181786        64.00
    2486.271     0.985938       182071        71.11
    2519.039     0.987500       182357        80.00
    2555.903     0.989062       182648        91.43
    2600.959     0.990625       182944       106.67
    2650.111     0.992188       183220       128.00
    2674.687     0.992969       183367       142.22
    2705.407     0.993750       183515       160.00
    2740.223     0.994531       183658       182.86
    2781.183     0.995313       183796       213.33
    2820.095     0.996094       183947       256.00
    2838.527     0.996484       184012       284.44
    2859.007     0.996875       184087       320.00
    2883.583     0.997266       184157       365.71
    2910.207     0.997656       184236       426.67
    2951.167     0.998047       184301       512.00
    2975.743     0.998242       184340       568.89
    2998.271     0.998437       184374       640.00
    3016.703     0.998633       184409       731.43
    3031.039     0.998828       184446       853.33
    3053.567     0.999023       184483      1024.00
    3059.711     0.999121       184503      1137.78
    3069.951     0.999219       184519      1280.00
    3082.239     0.999316       184536      1462.86
    3092.479     0.999414       184554      1706.67
    3112.959     0.999512       184571      2048.00
    3121.151     0.999561       184580      2275.56
    3127.295     0.999609       184589      2560.00
    3139.583     0.999658       184600      2925.71
    3147.775     0.999707       184607      3413.33
    3160.063     0.999756       184616      4096.00
    3172.351     0.999780       184621      4551.11
    3188.735     0.999805       184626      5120.00
    3198.975     0.999829       184630      5851.43
    3207.167     0.999854       184634      6826.67
    3213.311     0.999878       184639      8192.00
    3225.599     0.999890       184641      9102.22
    3235.839     0.999902       184643     10240.00
    3244.031     0.999915       184647     11702.86
    3246.079     0.999927       184649     13653.33
    3252.223     0.999939       184650     16384.00
    3266.559     0.999945       184651     18204.44
    3272.703     0.999951       184652     20480.00
    3287.039     0.999957       184654     23405.71
    3289.087     0.999963       184655     27306.67
    3309.567     0.999969       184656     32768.00
    3309.567     0.999973       184656     36408.89
    3317.759     0.999976       184657     40960.00
    3319.807     0.999979       184658     46811.43
    3319.807     0.999982       184658     54613.33
    3332.095     0.999985       184659     65536.00
    3332.095     0.999986       184659     72817.78
    3332.095     0.999988       184659     81920.00
    3348.479     0.999989       184660     93622.86
    3348.479     0.999991       184660    109226.67
    3348.479     0.999992       184660    131072.00
    3348.479     0.999993       184660    145635.56
    3348.479     0.999994       184660    163840.00
    3350.527     0.999995       184661    187245.71
    3350.527     1.000000       184661          inf
#[Mean    =     1010.410, StdDeviation   =      572.587]
#[Max     =     3348.480, Total count    =       184661]
#[Buckets =           27, SubBuckets     =         2048]
-----------------------------------------------------------------------
  219180 requests in 1.00m, 33.99MB read
Requests/sec:   3663.62  
Transfer/sec:    581.78KB

=== rps=4000 c=800 t=80 url=http://10.10.1.1:34270 ===
setup: assigned thread_id=1
init: final thread_id=1, base_seed=nil
setup: assigned thread_id=2
init: final thread_id=2, base_seed=nil
setup: assigned thread_id=3
init: final thread_id=3, base_seed=nil
setup: assigned thread_id=4
init: final thread_id=4, base_seed=nil
setup: assigned thread_id=5
init: final thread_id=5, base_seed=nil
setup: assigned thread_id=6
init: final thread_id=6, base_seed=nil
setup: assigned thread_id=7
init: final thread_id=7, base_seed=nil
setup: assigned thread_id=8
init: final thread_id=8, base_seed=nil
setup: assigned thread_id=9
init: final thread_id=9, base_seed=nil
setup: assigned thread_id=10
init: final thread_id=10, base_seed=nil
setup: assigned thread_id=11
init: final thread_id=11, base_seed=nil
setup: assigned thread_id=12
init: final thread_id=12, base_seed=nil
setup: assigned thread_id=13
init: final thread_id=13, base_seed=nil
setup: assigned thread_id=14
init: final thread_id=14, base_seed=nil
setup: assigned thread_id=15
init: final thread_id=15, base_seed=nil
setup: assigned thread_id=16
init: final thread_id=16, base_seed=nil
setup: assigned thread_id=17
init: final thread_id=17, base_seed=nil
setup: assigned thread_id=18
init: final thread_id=18, base_seed=nil
setup: assigned thread_id=19
init: final thread_id=19, base_seed=nil
setup: assigned thread_id=20
init: final thread_id=20, base_seed=nil
setup: assigned thread_id=21
init: final thread_id=21, base_seed=nil
setup: assigned thread_id=22
init: final thread_id=22, base_seed=nil
setup: assigned thread_id=23
init: final thread_id=23, base_seed=nil
setup: assigned thread_id=24
init: final thread_id=24, base_seed=nil
setup: assigned thread_id=25
init: final thread_id=25, base_seed=nil
setup: assigned thread_id=26
init: final thread_id=26, base_seed=nil
setup: assigned thread_id=27
init: final thread_id=27, base_seed=nil
setup: assigned thread_id=28
init: final thread_id=28, base_seed=nil
setup: assigned thread_id=29
init: final thread_id=29, base_seed=nil
setup: assigned thread_id=30
init: final thread_id=30, base_seed=nil
setup: assigned thread_id=31
init: final thread_id=31, base_seed=nil
setup: assigned thread_id=32
init: final thread_id=32, base_seed=nil
setup: assigned thread_id=33
init: final thread_id=33, base_seed=nil
setup: assigned thread_id=34
init: final thread_id=34, base_seed=nil
setup: assigned thread_id=35
init: final thread_id=35, base_seed=nil
setup: assigned thread_id=36
init: final thread_id=36, base_seed=nil
setup: assigned thread_id=37
init: final thread_id=37, base_seed=nil
setup: assigned thread_id=38
init: final thread_id=38, base_seed=nil
setup: assigned thread_id=39
init: final thread_id=39, base_seed=nil
setup: assigned thread_id=40
init: final thread_id=40, base_seed=nil
setup: assigned thread_id=41
init: final thread_id=41, base_seed=nil
setup: assigned thread_id=42
init: final thread_id=42, base_seed=nil
setup: assigned thread_id=43
init: final thread_id=43, base_seed=nil
setup: assigned thread_id=44
init: final thread_id=44, base_seed=nil
setup: assigned thread_id=45
init: final thread_id=45, base_seed=nil
setup: assigned thread_id=46
init: final thread_id=46, base_seed=nil
setup: assigned thread_id=47
init: final thread_id=47, base_seed=nil
setup: assigned thread_id=48
init: final thread_id=48, base_seed=nil
setup: assigned thread_id=49
init: final thread_id=49, base_seed=nil
setup: assigned thread_id=50
init: final thread_id=50, base_seed=nil
setup: assigned thread_id=51
init: final thread_id=51, base_seed=nil
setup: assigned thread_id=52
init: final thread_id=52, base_seed=nil
setup: assigned thread_id=53
init: final thread_id=53, base_seed=nil
setup: assigned thread_id=54
init: final thread_id=54, base_seed=nil
setup: assigned thread_id=55
init: final thread_id=55, base_seed=nil
setup: assigned thread_id=56
init: final thread_id=56, base_seed=nil
setup: assigned thread_id=57
init: final thread_id=57, base_seed=nil
setup: assigned thread_id=58
init: final thread_id=58, base_seed=nil
setup: assigned thread_id=59
init: final thread_id=59, base_seed=nil
setup: assigned thread_id=60
init: final thread_id=60, base_seed=nil
setup: assigned thread_id=61
init: final thread_id=61, base_seed=nil
setup: assigned thread_id=62
init: final thread_id=62, base_seed=nil
setup: assigned thread_id=63
init: final thread_id=63, base_seed=nil
setup: assigned thread_id=64
init: final thread_id=64, base_seed=nil
setup: assigned thread_id=65
init: final thread_id=65, base_seed=nil
setup: assigned thread_id=66
init: final thread_id=66, base_seed=nil
setup: assigned thread_id=67
init: final thread_id=67, base_seed=nil
setup: assigned thread_id=68
init: final thread_id=68, base_seed=nil
setup: assigned thread_id=69
init: final thread_id=69, base_seed=nil
setup: assigned thread_id=70
init: final thread_id=70, base_seed=nil
setup: assigned thread_id=71
init: final thread_id=71, base_seed=nil
setup: assigned thread_id=72
init: final thread_id=72, base_seed=nil
setup: assigned thread_id=73
init: final thread_id=73, base_seed=nil
setup: assigned thread_id=74
init: final thread_id=74, base_seed=nil
setup: assigned thread_id=75
init: final thread_id=75, base_seed=nil
setup: assigned thread_id=76
init: final thread_id=76, base_seed=nil
setup: assigned thread_id=77
init: final thread_id=77, base_seed=nil
setup: assigned thread_id=78
init: final thread_id=78, base_seed=nil
setup: assigned thread_id=79
init: final thread_id=79, base_seed=nil
setup: assigned thread_id=80
init: final thread_id=80, base_seed=nil
script_want_response
Running 1m test @ http://10.10.1.1:34270
  80 threads and 800 connections

  Thread calibration: mean lat.: 346.441ms, rate sampling interval: 1610ms
  Thread calibration: mean lat.: 361.423ms, rate sampling interval: 1600ms
  Thread calibration: mean lat.: 360.426ms, rate sampling interval: 1628ms
  Thread calibration: mean lat.: 368.360ms, rate sampling interval: 1693ms
  Thread calibration: mean lat.: 369.326ms, rate sampling interval: 1630ms
  Thread calibration: mean lat.: 338.477ms, rate sampling interval: 1512ms
  Thread calibration: mean lat.: 363.650ms, rate sampling interval: 1544ms
  Thread calibration: mean lat.: 381.984ms, rate sampling interval: 1715ms
  Thread calibration: mean lat.: 369.402ms, rate sampling interval: 1661ms
  Thread calibration: mean lat.: 394.268ms, rate sampling interval: 1701ms
  Thread calibration: mean lat.: 360.092ms, rate sampling interval: 1590ms
  Thread calibration: mean lat.: 352.184ms, rate sampling interval: 1616ms
  Thread calibration: mean lat.: 360.671ms, rate sampling interval: 1696ms
  Thread calibration: mean lat.: 356.915ms, rate sampling interval: 1629ms
  Thread calibration: mean lat.: 350.966ms, rate sampling interval: 1619ms
  Thread calibration: mean lat.: 359.952ms, rate sampling interval: 1660ms
  Thread calibration: mean lat.: 395.130ms, rate sampling interval: 1780ms
  Thread calibration: mean lat.: 344.751ms, rate sampling interval: 1624ms
  Thread calibration: mean lat.: 354.272ms, rate sampling interval: 1599ms
  Thread calibration: mean lat.: 348.118ms, rate sampling interval: 1661ms
  Thread calibration: mean lat.: 340.218ms, rate sampling interval: 1579ms
  Thread calibration: mean lat.: 344.771ms, rate sampling interval: 1604ms
  Thread calibration: mean lat.: 356.758ms, rate sampling interval: 1654ms
  Thread calibration: mean lat.: 352.283ms, rate sampling interval: 1660ms
  Thread calibration: mean lat.: 354.122ms, rate sampling interval: 1657ms
  Thread calibration: mean lat.: 354.593ms, rate sampling interval: 1692ms
  Thread calibration: mean lat.: 328.809ms, rate sampling interval: 1577ms
  Thread calibration: mean lat.: 330.446ms, rate sampling interval: 1510ms
  Thread calibration: mean lat.: 329.152ms, rate sampling interval: 1523ms
  Thread calibration: mean lat.: 378.641ms, rate sampling interval: 1865ms
  Thread calibration: mean lat.: 355.122ms, rate sampling interval: 1566ms
  Thread calibration: mean lat.: 334.263ms, rate sampling interval: 1539ms
  Thread calibration: mean lat.: 356.334ms, rate sampling interval: 1640ms
  Thread calibration: mean lat.: 326.141ms, rate sampling interval: 1524ms
  Thread calibration: mean lat.: 341.060ms, rate sampling interval: 1630ms
  Thread calibration: mean lat.: 366.375ms, rate sampling interval: 1651ms
  Thread calibration: mean lat.: 347.289ms, rate sampling interval: 1622ms
  Thread calibration: mean lat.: 342.579ms, rate sampling interval: 1637ms
  Thread calibration: mean lat.: 400.022ms, rate sampling interval: 1855ms
  Thread calibration: mean lat.: 375.785ms, rate sampling interval: 1680ms
  Thread calibration: mean lat.: 366.999ms, rate sampling interval: 1729ms
  Thread calibration: mean lat.: 350.584ms, rate sampling interval: 1616ms
  Thread calibration: mean lat.: 379.479ms, rate sampling interval: 1775ms
  Thread calibration: mean lat.: 365.609ms, rate sampling interval: 1675ms
  Thread calibration: mean lat.: 348.353ms, rate sampling interval: 1567ms
  Thread calibration: mean lat.: 371.645ms, rate sampling interval: 1735ms
  Thread calibration: mean lat.: 384.141ms, rate sampling interval: 1761ms
  Thread calibration: mean lat.: 339.261ms, rate sampling interval: 1608ms
  Thread calibration: mean lat.: 369.621ms, rate sampling interval: 1663ms
  Thread calibration: mean lat.: 321.213ms, rate sampling interval: 1537ms
  Thread calibration: mean lat.: 353.838ms, rate sampling interval: 1665ms
  Thread calibration: mean lat.: 349.521ms, rate sampling interval: 1577ms
  Thread calibration: mean lat.: 341.415ms, rate sampling interval: 1638ms
  Thread calibration: mean lat.: 388.931ms, rate sampling interval: 1638ms
  Thread calibration: mean lat.: 380.212ms, rate sampling interval: 1585ms
  Thread calibration: mean lat.: 388.549ms, rate sampling interval: 1727ms
  Thread calibration: mean lat.: 410.701ms, rate sampling interval: 1733ms
  Thread calibration: mean lat.: 399.977ms, rate sampling interval: 1636ms
  Thread calibration: mean lat.: 353.750ms, rate sampling interval: 1665ms
  Thread calibration: mean lat.: 369.991ms, rate sampling interval: 1753ms
  Thread calibration: mean lat.: 336.461ms, rate sampling interval: 1552ms
  Thread calibration: mean lat.: 360.754ms, rate sampling interval: 1720ms
  Thread calibration: mean lat.: 416.986ms, rate sampling interval: 1785ms
  Thread calibration: mean lat.: 338.220ms, rate sampling interval: 1543ms
  Thread calibration: mean lat.: 422.649ms, rate sampling interval: 1883ms
  Thread calibration: mean lat.: 372.558ms, rate sampling interval: 1637ms
  Thread calibration: mean lat.: 361.112ms, rate sampling interval: 1640ms
  Thread calibration: mean lat.: 390.611ms, rate sampling interval: 1822ms
  Thread calibration: mean lat.: 337.180ms, rate sampling interval: 1542ms
  Thread calibration: mean lat.: 380.432ms, rate sampling interval: 1712ms
  Thread calibration: mean lat.: 390.228ms, rate sampling interval: 1721ms
  Thread calibration: mean lat.: 364.743ms, rate sampling interval: 1695ms
  Thread calibration: mean lat.: 404.497ms, rate sampling interval: 1750ms
  Thread calibration: mean lat.: 362.932ms, rate sampling interval: 1630ms
  Thread calibration: mean lat.: 340.055ms, rate sampling interval: 1502ms
  Thread calibration: mean lat.: 402.510ms, rate sampling interval: 1801ms
  Thread calibration: mean lat.: 394.236ms, rate sampling interval: 1737ms
  Thread calibration: mean lat.: 380.665ms, rate sampling interval: 1676ms
  Thread calibration: mean lat.: 360.988ms, rate sampling interval: 1657ms
  Thread calibration: mean lat.: 389.177ms, rate sampling interval: 1753ms

-----------------------------------------------------------------------
Test Results @ http://10.10.1.1:34270 
  Thread Stats   Avg      Stdev     99%   +/- Stdev
    Latency     3.95s     1.52s    8.44s    67.77%
    Req/Sec    44.05      2.50    48.00     87.59%
  Latency Distribution (HdrHistogram - Recorded Latency)
 50.000%    3.89s 
 75.000%    4.94s 
 90.000%    5.78s 
 99.000%    8.44s 
 99.900%    9.54s 
 99.990%   10.05s 
 99.999%   10.31s 
100.000%   10.34s 

  Detailed Percentile spectrum:
       Value   Percentile   TotalCount 1/(1-Percentile)

     793.599     0.000000            1         1.00
    1922.047     0.100000        17661         1.11
    2557.951     0.200000        35321         1.25
    3125.247     0.300000        52958         1.43
    3518.463     0.400000        70599         1.67
    3893.247     0.500000        88280         2.00
    4112.383     0.550000        97111         2.22
    4329.471     0.600000       106012         2.50
    4530.175     0.650000       114840         2.86
    4722.687     0.700000       123523         3.33
    4939.775     0.750000       132475         4.00
    5050.367     0.775000       136844         4.44
    5173.247     0.800000       141278         5.00
    5304.319     0.825000       145629         5.71
    5439.487     0.850000       150096         6.67
    5591.039     0.875000       154422         8.00
    5677.055     0.887500       156586         8.89
    5775.359     0.900000       158812        10.00
    5885.951     0.912500       161039        11.43
    6021.119     0.925000       163222        13.33
    6180.863     0.937500       165410        16.00
    6283.263     0.943750       166546        17.78
    6410.239     0.950000       167606        20.00
    6574.079     0.956250       168717        22.86
    6774.783     0.962500       169823        26.67
    7016.447     0.968750       170919        32.00
    7147.519     0.971875       171466        35.56
    7311.359     0.975000       172019        40.00
    7499.775     0.978125       172568        45.71
    7700.479     0.981250       173121        53.33
    7942.143     0.984375       173672        64.00
    8073.215     0.985938       173955        71.11
    8200.191     0.987500       174231        80.00
    8343.551     0.989062       174499        91.43
    8495.103     0.990625       174779       106.67
    8658.943     0.992188       175067       128.00
    8732.671     0.992969       175194       142.22
    8822.783     0.993750       175328       160.00
    8904.703     0.994531       175475       182.86
    8994.815     0.995313       175604       213.33
    9076.735     0.996094       175744       256.00
    9125.887     0.996484       175812       284.44
    9183.231     0.996875       175881       320.00
    9224.191     0.997266       175950       365.71
    9265.151     0.997656       176015       426.67
    9347.071     0.998047       176085       512.00
    9388.031     0.998242       176119       568.89
    9437.183     0.998437       176158       640.00
    9461.759     0.998633       176187       731.43
    9510.911     0.998828       176222       853.33
    9551.871     0.999023       176256      1024.00
    9584.639     0.999121       176273      1137.78
    9609.215     0.999219       176290      1280.00
    9641.983     0.999316       176307      1462.86
    9674.751     0.999414       176324      1706.67
    9723.903     0.999512       176340      2048.00
    9740.287     0.999561       176349      2275.56
    9789.439     0.999609       176359      2560.00
    9822.207     0.999658       176367      2925.71
    9854.975     0.999707       176375      3413.33
    9912.319     0.999756       176385      4096.00
    9928.703     0.999780       176390      4551.11
    9936.895     0.999805       176392      5120.00
    9953.279     0.999829       176396      5851.43
    9994.239     0.999854       176403      6826.67
   10018.815     0.999878       176405      8192.00
   10051.583     0.999890       176409      9102.22
   10051.583     0.999902       176409     10240.00
   10076.159     0.999915       176411     11702.86
   10133.503     0.999927       176415     13653.33
   10158.079     0.999939       176417     16384.00
   10158.079     0.999945       176417     18204.44
   10166.271     0.999951       176418     20480.00
   10174.463     0.999957       176419     23405.71
   10190.847     0.999963       176420     27306.67
   10248.191     0.999969       176421     32768.00
   10264.575     0.999973       176422     36408.89
   10264.575     0.999976       176422     40960.00
   10272.767     0.999979       176423     46811.43
   10272.767     0.999982       176423     54613.33
   10305.535     0.999985       176424     65536.00
   10305.535     0.999986       176424     72817.78
   10305.535     0.999988       176424     81920.00
   10321.919     0.999989       176425     93622.86
   10321.919     0.999991       176425    109226.67
   10321.919     0.999992       176425    131072.00
   10321.919     0.999993       176425    145635.56
   10321.919     0.999994       176425    163840.00
   10338.303     0.999995       176426    187245.71
   10338.303     1.000000       176426          inf
#[Mean    =     3948.654, StdDeviation   =     1523.632]
#[Max     =    10330.112, Total count    =       176426]
#[Buckets =           27, SubBuckets     =         2048]
-----------------------------------------------------------------------
  211687 requests in 1.00m, 32.82MB read
Requests/sec:   3533.25  
Transfer/sec:    561.01KB
