setup: assigned thread_id=1
init: final thread_id=1, base_seed=nil
script_want_response
Running 2m test @ http://10.10.1.1:26040
  1 threads and 10 connections

  Thread calibration: mean lat.: 58.022ms, rate sampling interval: 87ms

-----------------------------------------------------------------------
Test Results @ http://10.10.1.1:26040 
  Thread Stats   Avg      Stdev     99%   +/- Stdev
    Latency     7.62ms    0.94ms   9.94ms   71.87%
    Req/Sec    99.98     33.57   116.00     86.06%
  Latency Distribution (HdrHistogram - Recorded Latency)
 50.000%    7.52ms
 75.000%    8.18ms
 90.000%    8.86ms
 99.000%    9.94ms
 99.900%   12.72ms
 99.990%   13.15ms
 99.999%   13.24ms
100.000%   13.24ms

  Detailed Percentile spectrum:
       Value   Percentile   TotalCount 1/(1-Percentile)

       4.503     0.000000            1         1.00
       6.575     0.100000          907         1.11
       6.895     0.200000         1807         1.25
       7.115     0.300000         2707         1.43
       7.307     0.400000         3600         1.67
       7.523     0.500000         4508         2.00
       7.627     0.550000         4950         2.22
       7.747     0.600000         5405         2.50
       7.875     0.650000         5850         2.86
       8.023     0.700000         6311         3.33
       8.179     0.750000         6753         4.00
       8.271     0.775000         6983         4.44
       8.375     0.800000         7216         5.00
       8.471     0.825000         7432         5.71
       8.591     0.850000         7666         6.67
       8.711     0.875000         7886         8.00
       8.783     0.887500         7996         8.89
       8.863     0.900000         8108        10.00
       8.935     0.912500         8217        11.43
       9.031     0.925000         8335        13.33
       9.119     0.937500         8439        16.00
       9.159     0.943750         8495        17.78
       9.223     0.950000         8557        20.00
       9.279     0.956250         8606        22.86
       9.367     0.962500         8665        26.67
       9.447     0.968750         8720        32.00
       9.495     0.971875         8749        35.56
       9.551     0.975000         8779        40.00
       9.607     0.978125         8803        45.71
       9.679     0.981250         8833        53.33
       9.759     0.984375         8860        64.00
       9.791     0.985938         8873        71.11
       9.831     0.987500         8888        80.00
       9.903     0.989062         8902        91.43
       9.959     0.990625         8916       106.67
      10.063     0.992188         8929       128.00
      10.223     0.992969         8936       142.22
      10.351     0.993750         8943       160.00
      10.599     0.994531         8950       182.86
      10.951     0.995313         8957       213.33
      11.431     0.996094         8964       256.00
      11.623     0.996484         8968       284.44
      11.975     0.996875         8971       320.00
      12.279     0.997266         8975       365.71
      12.375     0.997656         8979       426.67
      12.447     0.998047         8983       512.00
      12.495     0.998242         8985       568.89
      12.495     0.998437         8985       640.00
      12.583     0.998633         8987       731.43
      12.639     0.998828         8989       853.33
      12.727     0.999023         8991      1024.00
      12.775     0.999121         8992      1137.78
      12.775     0.999219         8992      1280.00
      12.839     0.999316         8994      1462.86
      12.839     0.999414         8994      1706.67
      12.887     0.999512         8995      2048.00
      12.967     0.999561         8996      2275.56
      12.967     0.999609         8996      2560.00
      12.967     0.999658         8996      2925.71
      12.983     0.999707         8997      3413.33
      12.983     0.999756         8997      4096.00
      13.151     0.999780         8998      4551.11
      13.151     0.999805         8998      5120.00
      13.151     0.999829         8998      5851.43
      13.151     0.999854         8998      6826.67
      13.151     0.999878         8998      8192.00
      13.239     0.999890         8999      9102.22
      13.239     1.000000         8999          inf
#[Mean    =        7.624, StdDeviation   =        0.941]
#[Max     =       13.232, Total count    =         8999]
#[Buckets =           27, SubBuckets     =         2048]
-----------------------------------------------------------------------
  9990 requests in 1.67m, 1.55MB read
Requests/sec:     99.89  
Transfer/sec:     15.86KB

=== rps=2000 c=200 t=20 url=http://10.10.1.1:26040 ===
setup: assigned thread_id=1
init: final thread_id=1, base_seed=nil
setup: assigned thread_id=2
init: final thread_id=2, base_seed=nil
setup: assigned thread_id=3
init: final thread_id=3, base_seed=nil
setup: assigned thread_id=4
init: final thread_id=4, base_seed=nil
setup: assigned thread_id=5
init: final thread_id=5, base_seed=nil
setup: assigned thread_id=6
init: final thread_id=6, base_seed=nil
setup: assigned thread_id=7
init: final thread_id=7, base_seed=nil
setup: assigned thread_id=8
init: final thread_id=8, base_seed=nil
setup: assigned thread_id=9
init: final thread_id=9, base_seed=nil
setup: assigned thread_id=10
init: final thread_id=10, base_seed=nil
setup: assigned thread_id=11
init: final thread_id=11, base_seed=nil
setup: assigned thread_id=12
init: final thread_id=12, base_seed=nil
setup: assigned thread_id=13
init: final thread_id=13, base_seed=nil
setup: assigned thread_id=14
init: final thread_id=14, base_seed=nil
setup: assigned thread_id=15
init: final thread_id=15, base_seed=nil
setup: assigned thread_id=16
init: final thread_id=16, base_seed=nil
setup: assigned thread_id=17
init: final thread_id=17, base_seed=nil
setup: assigned thread_id=18
init: final thread_id=18, base_seed=nil
setup: assigned thread_id=19
init: final thread_id=19, base_seed=nil
setup: assigned thread_id=20
init: final thread_id=20, base_seed=nil
script_want_response
Running 30s test @ http://10.10.1.1:26040
  20 threads and 200 connections

  Thread calibration: mean lat.: 9.076ms, rate sampling interval: 25ms
  Thread calibration: mean lat.: 9.071ms, rate sampling interval: 25ms
  Thread calibration: mean lat.: 9.555ms, rate sampling interval: 27ms
  Thread calibration: mean lat.: 9.560ms, rate sampling interval: 26ms
  Thread calibration: mean lat.: 10.252ms, rate sampling interval: 28ms
  Thread calibration: mean lat.: 10.523ms, rate sampling interval: 28ms
  Thread calibration: mean lat.: 11.008ms, rate sampling interval: 29ms
  Thread calibration: mean lat.: 11.468ms, rate sampling interval: 30ms
  Thread calibration: mean lat.: 11.817ms, rate sampling interval: 30ms
  Thread calibration: mean lat.: 11.581ms, rate sampling interval: 29ms
  Thread calibration: mean lat.: 11.391ms, rate sampling interval: 31ms
  Thread calibration: mean lat.: 11.430ms, rate sampling interval: 32ms
  Thread calibration: mean lat.: 11.463ms, rate sampling interval: 34ms
  Thread calibration: mean lat.: 11.446ms, rate sampling interval: 34ms
  Thread calibration: mean lat.: 12.299ms, rate sampling interval: 37ms
  Thread calibration: mean lat.: 12.532ms, rate sampling interval: 38ms
  Thread calibration: mean lat.: 12.405ms, rate sampling interval: 37ms
  Thread calibration: mean lat.: 12.296ms, rate sampling interval: 37ms
  Thread calibration: mean lat.: 11.975ms, rate sampling interval: 36ms
  Thread calibration: mean lat.: 11.617ms, rate sampling interval: 35ms

-----------------------------------------------------------------------
Test Results @ http://10.10.1.1:26040 
  Thread Stats   Avg      Stdev     99%   +/- Stdev
    Latency    12.19ms    6.34ms  43.07ms   91.00%
    Req/Sec   101.44    109.18   400.00     78.87%
  Latency Distribution (HdrHistogram - Recorded Latency)
 50.000%   10.57ms
 75.000%   13.75ms
 90.000%   17.95ms
 99.000%   43.07ms
 99.900%   60.77ms
 99.990%   65.66ms
 99.999%   66.37ms
100.000%   66.37ms

  Detailed Percentile spectrum:
       Value   Percentile   TotalCount 1/(1-Percentile)

       5.627     0.000000            1         1.00
       7.315     0.100000         3994         1.11
       8.087     0.200000         7990         1.25
       8.823     0.300000        11973         1.43
       9.631     0.400000        15975         1.67
      10.575     0.500000        19952         2.00
      11.087     0.550000        21967         2.22
      11.663     0.600000        23961         2.50
      12.287     0.650000        25930         2.86
      12.983     0.700000        27934         3.33
      13.751     0.750000        29945         4.00
      14.175     0.775000        30927         4.44
      14.703     0.800000        31919         5.00
      15.287     0.825000        32919         5.71
      15.967     0.850000        33911         6.67
      16.815     0.875000        34919         8.00
      17.327     0.887500        35421         8.89
      17.951     0.900000        35911        10.00
      18.687     0.912500        36404        11.43
      19.583     0.925000        36902        13.33
      20.687     0.937500        37405        16.00
      21.199     0.943750        37650        17.78
      21.951     0.950000        37898        20.00
      22.927     0.956250        38150        22.86
      24.031     0.962500        38399        26.67
      25.391     0.968750        38646        32.00
      26.479     0.971875        38773        35.56
      27.855     0.975000        38897        40.00
      30.271     0.978125        39020        45.71
      34.367     0.981250        39145        53.33
      37.631     0.984375        39269        64.00
      39.199     0.985938        39334        71.11
      40.511     0.987500        39395        80.00
      42.175     0.989062        39457        91.43
      44.127     0.990625        39519       106.67
      46.239     0.992188        39581       128.00
      47.295     0.992969        39612       142.22
      48.575     0.993750        39643       160.00
      49.631     0.994531        39674       182.86
      50.719     0.995313        39706       213.33
      51.935     0.996094        39739       256.00
      52.703     0.996484        39752       284.44
      53.695     0.996875        39768       320.00
      54.463     0.997266        39783       365.71
      55.487     0.997656        39800       426.67
      56.191     0.998047        39815       512.00
      56.671     0.998242        39822       568.89
      57.567     0.998437        39830       640.00
      58.879     0.998633        39838       731.43
      59.871     0.998828        39846       853.33
      60.895     0.999023        39854      1024.00
      61.087     0.999121        39857      1137.78
      61.535     0.999219        39861      1280.00
      62.367     0.999316        39865      1462.86
      63.167     0.999414        39869      1706.67
      63.647     0.999512        39873      2048.00
      64.191     0.999561        39875      2275.56
      64.479     0.999609        39877      2560.00
      64.863     0.999658        39879      2925.71
      65.087     0.999707        39881      3413.33
      65.279     0.999756        39883      4096.00
      65.471     0.999780        39884      4551.11
      65.599     0.999805        39886      5120.00
      65.599     0.999829        39886      5851.43
      65.663     0.999854        39888      6826.67
      65.663     0.999878        39888      8192.00
      65.663     0.999890        39888      9102.22
      65.791     0.999902        39889     10240.00
      65.791     0.999915        39889     11702.86
      65.919     0.999927        39890     13653.33
      65.919     0.999939        39890     16384.00
      65.919     0.999945        39890     18204.44
      66.111     0.999951        39891     20480.00
      66.111     0.999957        39891     23405.71
      66.111     0.999963        39891     27306.67
      66.111     0.999969        39891     32768.00
      66.111     0.999973        39891     36408.89
      66.367     0.999976        39892     40960.00
      66.367     1.000000        39892          inf
#[Mean    =       12.191, StdDeviation   =        6.345]
#[Max     =       66.304, Total count    =        39892]
#[Buckets =           27, SubBuckets     =         2048]
-----------------------------------------------------------------------
  59732 requests in 29.92s, 9.26MB read
Requests/sec:   1996.68  
Transfer/sec:    317.07KB

=== rps=2200 c=242 t=25 url=http://10.10.1.1:26040 ===
setup: assigned thread_id=1
init: final thread_id=1, base_seed=nil
setup: assigned thread_id=2
init: final thread_id=2, base_seed=nil
setup: assigned thread_id=3
init: final thread_id=3, base_seed=nil
setup: assigned thread_id=4
init: final thread_id=4, base_seed=nil
setup: assigned thread_id=5
init: final thread_id=5, base_seed=nil
setup: assigned thread_id=6
init: final thread_id=6, base_seed=nil
setup: assigned thread_id=7
init: final thread_id=7, base_seed=nil
setup: assigned thread_id=8
init: final thread_id=8, base_seed=nil
setup: assigned thread_id=9
init: final thread_id=9, base_seed=nil
setup: assigned thread_id=10
init: final thread_id=10, base_seed=nil
setup: assigned thread_id=11
init: final thread_id=11, base_seed=nil
setup: assigned thread_id=12
init: final thread_id=12, base_seed=nil
setup: assigned thread_id=13
init: final thread_id=13, base_seed=nil
setup: assigned thread_id=14
init: final thread_id=14, base_seed=nil
setup: assigned thread_id=15
init: final thread_id=15, base_seed=nil
setup: assigned thread_id=16
init: final thread_id=16, base_seed=nil
setup: assigned thread_id=17
init: final thread_id=17, base_seed=nil
setup: assigned thread_id=18
init: final thread_id=18, base_seed=nil
setup: assigned thread_id=19
init: final thread_id=19, base_seed=nil
setup: assigned thread_id=20
init: final thread_id=20, base_seed=nil
setup: assigned thread_id=21
init: final thread_id=21, base_seed=nil
setup: assigned thread_id=22
init: final thread_id=22, base_seed=nil
setup: assigned thread_id=23
init: final thread_id=23, base_seed=nil
setup: assigned thread_id=24
init: final thread_id=24, base_seed=nil
setup: assigned thread_id=25
init: final thread_id=25, base_seed=nil
script_want_response
Running 30s test @ http://10.10.1.1:26040
  25 threads and 242 connections

  Thread calibration: mean lat.: 13.160ms, rate sampling interval: 54ms
  Thread calibration: mean lat.: 13.364ms, rate sampling interval: 52ms
  Thread calibration: mean lat.: 13.098ms, rate sampling interval: 51ms
  Thread calibration: mean lat.: 12.726ms, rate sampling interval: 47ms
  Thread calibration: mean lat.: 12.555ms, rate sampling interval: 45ms
  Thread calibration: mean lat.: 12.708ms, rate sampling interval: 42ms
  Thread calibration: mean lat.: 12.069ms, rate sampling interval: 37ms
  Thread calibration: mean lat.: 12.320ms, rate sampling interval: 35ms
  Thread calibration: mean lat.: 12.404ms, rate sampling interval: 35ms
  Thread calibration: mean lat.: 11.720ms, rate sampling interval: 30ms
  Thread calibration: mean lat.: 11.732ms, rate sampling interval: 31ms
  Thread calibration: mean lat.: 11.516ms, rate sampling interval: 31ms
  Thread calibration: mean lat.: 11.953ms, rate sampling interval: 34ms
  Thread calibration: mean lat.: 12.203ms, rate sampling interval: 35ms
  Thread calibration: mean lat.: 13.135ms, rate sampling interval: 38ms
  Thread calibration: mean lat.: 12.734ms, rate sampling interval: 36ms
  Thread calibration: mean lat.: 13.687ms, rate sampling interval: 39ms
  Thread calibration: mean lat.: 17.144ms, rate sampling interval: 57ms
  Thread calibration: mean lat.: 17.511ms, rate sampling interval: 57ms
  Thread calibration: mean lat.: 17.911ms, rate sampling interval: 57ms
  Thread calibration: mean lat.: 18.126ms, rate sampling interval: 57ms
  Thread calibration: mean lat.: 18.156ms, rate sampling interval: 58ms
  Thread calibration: mean lat.: 18.233ms, rate sampling interval: 58ms
  Thread calibration: mean lat.: 18.074ms, rate sampling interval: 57ms
  Thread calibration: mean lat.: 17.577ms, rate sampling interval: 57ms

-----------------------------------------------------------------------
Test Results @ http://10.10.1.1:26040 
  Thread Stats   Avg      Stdev     99%   +/- Stdev
    Latency    14.23ms    7.33ms  44.80ms   86.97%
    Req/Sec    88.75     76.65   266.00     53.63%
  Latency Distribution (HdrHistogram - Recorded Latency)
 50.000%   12.07ms
 75.000%   16.16ms
 90.000%   22.70ms
 99.000%   44.80ms
 99.900%   59.90ms
 99.990%   70.78ms
 99.999%   72.13ms
100.000%   72.13ms

  Detailed Percentile spectrum:
       Value   Percentile   TotalCount 1/(1-Percentile)

       5.875     0.000000            1         1.00
       8.179     0.100000         4397         1.11
       9.143     0.200000         8787         1.25
      10.047     0.300000        13189         1.43
      11.007     0.400000        17582         1.67
      12.071     0.500000        21974         2.00
      12.711     0.550000        24187         2.22
      13.375     0.600000        26373         2.50
      14.143     0.650000        28574         2.86
      15.063     0.700000        30763         3.33
      16.159     0.750000        32958         4.00
      16.863     0.775000        34063         4.44
      17.663     0.800000        35167         5.00
      18.559     0.825000        36254         5.71
      19.727     0.850000        37346         6.67
      21.087     0.875000        38447         8.00
      21.839     0.887500        38997         8.89
      22.703     0.900000        39542        10.00
      23.679     0.912500        40094        11.43
      24.975     0.925000        40643        13.33
      26.639     0.937500        41193        16.00
      27.503     0.943750        41463        17.78
      28.607     0.950000        41740        20.00
      29.983     0.956250        42015        22.86
      31.471     0.962500        42287        26.67
      33.183     0.968750        42565        32.00
      34.143     0.971875        42703        35.56
      35.071     0.975000        42841        40.00
      36.383     0.978125        42974        45.71
      38.303     0.981250        43111        53.33
      40.447     0.984375        43248        64.00
      41.471     0.985938        43318        71.11
      42.687     0.987500        43385        80.00
      44.063     0.989062        43456        91.43
      45.343     0.990625        43526       106.67
      46.975     0.992188        43591       128.00
      47.647     0.992969        43627       142.22
      48.575     0.993750        43660       160.00
      49.535     0.994531        43695       182.86
      50.559     0.995313        43730       213.33
      51.743     0.996094        43763       256.00
      52.255     0.996484        43781       284.44
      53.183     0.996875        43797       320.00
      54.047     0.997266        43815       365.71
      54.943     0.997656        43833       426.67
      55.999     0.998047        43849       512.00
      56.415     0.998242        43857       568.89
      57.215     0.998437        43866       640.00
      58.431     0.998633        43874       731.43
      59.167     0.998828        43883       853.33
      59.999     0.999023        43892      1024.00
      60.383     0.999121        43896      1137.78
      61.311     0.999219        43900      1280.00
      61.599     0.999316        43905      1462.86
      63.199     0.999414        43909      1706.67
      63.551     0.999512        43913      2048.00
      64.479     0.999561        43915      2275.56
      65.087     0.999609        43917      2560.00
      65.919     0.999658        43919      2925.71
      66.303     0.999707        43922      3413.33
      66.623     0.999756        43924      4096.00
      67.071     0.999780        43925      4551.11
      67.327     0.999805        43926      5120.00
      67.455     0.999829        43927      5851.43
      67.519     0.999854        43928      6826.67
      68.095     0.999878        43929      8192.00
      70.783     0.999890        43930      9102.22
      70.783     0.999902        43930     10240.00
      70.847     0.999915        43931     11702.86
      70.847     0.999927        43931     13653.33
      71.103     0.999939        43932     16384.00
      71.103     0.999945        43932     18204.44
      71.103     0.999951        43932     20480.00
      71.679     0.999957        43933     23405.71
      71.679     0.999963        43933     27306.67
      71.679     0.999969        43933     32768.00
      71.679     0.999973        43933     36408.89
      71.679     0.999976        43933     40960.00
      72.127     0.999979        43934     46811.43
      72.127     1.000000        43934          inf
#[Mean    =       14.233, StdDeviation   =        7.331]
#[Max     =       72.064, Total count    =        43934]
#[Buckets =           27, SubBuckets     =         2048]
-----------------------------------------------------------------------
  65776 requests in 29.98s, 10.20MB read
Requests/sec:   2194.15  
Transfer/sec:    348.40KB

=== rps=2400 c=288 t=29 url=http://10.10.1.1:26040 ===
setup: assigned thread_id=1
init: final thread_id=1, base_seed=nil
setup: assigned thread_id=2
init: final thread_id=2, base_seed=nil
setup: assigned thread_id=3
init: final thread_id=3, base_seed=nil
setup: assigned thread_id=4
init: final thread_id=4, base_seed=nil
setup: assigned thread_id=5
init: final thread_id=5, base_seed=nil
setup: assigned thread_id=6
init: final thread_id=6, base_seed=nil
setup: assigned thread_id=7
init: final thread_id=7, base_seed=nil
setup: assigned thread_id=8
init: final thread_id=8, base_seed=nil
setup: assigned thread_id=9
init: final thread_id=9, base_seed=nil
setup: assigned thread_id=10
init: final thread_id=10, base_seed=nil
setup: assigned thread_id=11
init: final thread_id=11, base_seed=nil
setup: assigned thread_id=12
init: final thread_id=12, base_seed=nil
setup: assigned thread_id=13
init: final thread_id=13, base_seed=nil
setup: assigned thread_id=14
init: final thread_id=14, base_seed=nil
setup: assigned thread_id=15
init: final thread_id=15, base_seed=nil
setup: assigned thread_id=16
init: final thread_id=16, base_seed=nil
setup: assigned thread_id=17
init: final thread_id=17, base_seed=nil
setup: assigned thread_id=18
init: final thread_id=18, base_seed=nil
setup: assigned thread_id=19
init: final thread_id=19, base_seed=nil
setup: assigned thread_id=20
init: final thread_id=20, base_seed=nil
setup: assigned thread_id=21
init: final thread_id=21, base_seed=nil
setup: assigned thread_id=22
init: final thread_id=22, base_seed=nil
setup: assigned thread_id=23
init: final thread_id=23, base_seed=nil
setup: assigned thread_id=24
init: final thread_id=24, base_seed=nil
setup: assigned thread_id=25
init: final thread_id=25, base_seed=nil
setup: assigned thread_id=26
init: final thread_id=26, base_seed=nil
setup: assigned thread_id=27
init: final thread_id=27, base_seed=nil
setup: assigned thread_id=28
init: final thread_id=28, base_seed=nil
setup: assigned thread_id=29
init: final thread_id=29, base_seed=nil
script_want_response
Running 30s test @ http://10.10.1.1:26040
  29 threads and 288 connections

  Thread calibration: mean lat.: 24.313ms, rate sampling interval: 74ms
  Thread calibration: mean lat.: 26.010ms, rate sampling interval: 79ms
  Thread calibration: mean lat.: 27.037ms, rate sampling interval: 78ms
  Thread calibration: mean lat.: 26.020ms, rate sampling interval: 78ms
  Thread calibration: mean lat.: 25.611ms, rate sampling interval: 79ms
  Thread calibration: mean lat.: 25.973ms, rate sampling interval: 68ms
  Thread calibration: mean lat.: 24.272ms, rate sampling interval: 77ms
  Thread calibration: mean lat.: 19.390ms, rate sampling interval: 68ms
  Thread calibration: mean lat.: 19.818ms, rate sampling interval: 69ms
  Thread calibration: mean lat.: 17.772ms, rate sampling interval: 64ms
  Thread calibration: mean lat.: 15.739ms, rate sampling interval: 60ms
  Thread calibration: mean lat.: 13.797ms, rate sampling interval: 37ms
  Thread calibration: mean lat.: 13.390ms, rate sampling interval: 36ms
  Thread calibration: mean lat.: 13.032ms, rate sampling interval: 35ms
  Thread calibration: mean lat.: 13.875ms, rate sampling interval: 39ms
  Thread calibration: mean lat.: 13.338ms, rate sampling interval: 36ms
  Thread calibration: mean lat.: 14.506ms, rate sampling interval: 41ms
  Thread calibration: mean lat.: 23.203ms, rate sampling interval: 73ms
  Thread calibration: mean lat.: 24.353ms, rate sampling interval: 74ms
  Thread calibration: mean lat.: 26.309ms, rate sampling interval: 79ms
  Thread calibration: mean lat.: 27.305ms, rate sampling interval: 79ms
  Thread calibration: mean lat.: 29.238ms, rate sampling interval: 82ms
  Thread calibration: mean lat.: 30.127ms, rate sampling interval: 81ms
  Thread calibration: mean lat.: 30.778ms, rate sampling interval: 81ms
  Thread calibration: mean lat.: 26.695ms, rate sampling interval: 78ms
  Thread calibration: mean lat.: 24.642ms, rate sampling interval: 77ms
  Thread calibration: mean lat.: 21.925ms, rate sampling interval: 75ms
  Thread calibration: mean lat.: 17.585ms, rate sampling interval: 67ms
  Thread calibration: mean lat.: 15.129ms, rate sampling interval: 62ms

-----------------------------------------------------------------------
Test Results @ http://10.10.1.1:26040 
  Thread Stats   Avg      Stdev     99%   +/- Stdev
    Latency    23.98ms   12.73ms  58.27ms   65.38%
    Req/Sec    82.43     52.85   195.00     62.88%
  Latency Distribution (HdrHistogram - Recorded Latency)
 50.000%   21.53ms
 75.000%   33.09ms
 90.000%   41.18ms
 99.000%   58.27ms
 99.900%   76.61ms
 99.990%   82.24ms
 99.999%   83.84ms
100.000%   83.84ms

  Detailed Percentile spectrum:
       Value   Percentile   TotalCount 1/(1-Percentile)

       6.319     0.000000            1         1.00
       9.687     0.100000         4754         1.11
      11.775     0.200000         9491         1.25
      14.207     0.300000        14241         1.43
      17.247     0.400000        18988         1.67
      21.535     0.500000        23729         2.00
      23.967     0.550000        26100         2.22
      26.319     0.600000        28478         2.50
      28.559     0.650000        30846         2.86
      30.815     0.700000        33221         3.33
      33.087     0.750000        35588         4.00
      34.239     0.775000        36781         4.44
      35.391     0.800000        37976         5.00
      36.575     0.825000        39151         5.71
      37.951     0.850000        40336         6.67
      39.519     0.875000        41523         8.00
      40.319     0.887500        42128         8.89
      41.183     0.900000        42708        10.00
      42.175     0.912500        43297        11.43
      43.519     0.925000        43893        13.33
      45.119     0.937500        44484        16.00
      46.079     0.943750        44793        17.78
      47.039     0.950000        45077        20.00
      48.127     0.956250        45374        22.86
      49.247     0.962500        45674        26.67
      50.623     0.968750        45969        32.00
      51.327     0.971875        46114        35.56
      52.095     0.975000        46265        40.00
      53.215     0.978125        46412        45.71
      54.303     0.981250        46559        53.33
      55.615     0.984375        46709        64.00
      56.351     0.985938        46785        71.11
      57.055     0.987500        46858        80.00
      57.759     0.989062        46930        91.43
      58.815     0.990625        47004       106.67
      60.031     0.992188        47078       128.00
      60.831     0.992969        47116       142.22
      61.535     0.993750        47152       160.00
      62.399     0.994531        47189       182.86
      63.647     0.995313        47227       213.33
      65.599     0.996094        47263       256.00
      66.367     0.996484        47284       284.44
      67.967     0.996875        47300       320.00
      70.015     0.997266        47321       365.71
      71.167     0.997656        47337       426.67
      72.447     0.998047        47356       512.00
      73.279     0.998242        47365       568.89
      74.239     0.998437        47374       640.00
      75.007     0.998633        47384       731.43
      76.031     0.998828        47393       853.33
      76.671     0.999023        47402      1024.00
      76.991     0.999121        47407      1137.78
      77.375     0.999219        47411      1280.00
      78.399     0.999316        47416      1462.86
      78.911     0.999414        47421      1706.67
      79.359     0.999512        47425      2048.00
      79.935     0.999561        47428      2275.56
      80.127     0.999609        47430      2560.00
      80.255     0.999658        47432      2925.71
      80.959     0.999707        47435      3413.33
      81.407     0.999756        47437      4096.00
      81.535     0.999780        47438      4551.11
      81.663     0.999805        47439      5120.00
      81.791     0.999829        47440      5851.43
      82.239     0.999854        47443      6826.67
      82.239     0.999878        47443      8192.00
      82.239     0.999890        47443      9102.22
      82.815     0.999902        47445     10240.00
      82.815     0.999915        47445     11702.86
      82.815     0.999927        47445     13653.33
      82.943     0.999939        47446     16384.00
      82.943     0.999945        47446     18204.44
      82.943     0.999951        47446     20480.00
      82.943     0.999957        47446     23405.71
      83.135     0.999963        47447     27306.67
      83.135     0.999969        47447     32768.00
      83.135     0.999973        47447     36408.89
      83.135     0.999976        47447     40960.00
      83.135     0.999979        47447     46811.43
      83.839     0.999982        47448     54613.33
      83.839     1.000000        47448          inf
#[Mean    =       23.980, StdDeviation   =       12.735]
#[Max     =       83.776, Total count    =        47448]
#[Buckets =           27, SubBuckets     =         2048]
-----------------------------------------------------------------------
  70899 requests in 29.92s, 10.99MB read
Requests/sec:   2369.88  
Transfer/sec:    376.24KB

=== rps=2600 c=338 t=34 url=http://10.10.1.1:26040 ===
setup: assigned thread_id=1
init: final thread_id=1, base_seed=nil
setup: assigned thread_id=2
init: final thread_id=2, base_seed=nil
setup: assigned thread_id=3
init: final thread_id=3, base_seed=nil
setup: assigned thread_id=4
init: final thread_id=4, base_seed=nil
setup: assigned thread_id=5
init: final thread_id=5, base_seed=nil
setup: assigned thread_id=6
init: final thread_id=6, base_seed=nil
setup: assigned thread_id=7
init: final thread_id=7, base_seed=nil
setup: assigned thread_id=8
init: final thread_id=8, base_seed=nil
setup: assigned thread_id=9
init: final thread_id=9, base_seed=nil
setup: assigned thread_id=10
init: final thread_id=10, base_seed=nil
setup: assigned thread_id=11
init: final thread_id=11, base_seed=nil
setup: assigned thread_id=12
init: final thread_id=12, base_seed=nil
setup: assigned thread_id=13
init: final thread_id=13, base_seed=nil
setup: assigned thread_id=14
init: final thread_id=14, base_seed=nil
setup: assigned thread_id=15
init: final thread_id=15, base_seed=nil
setup: assigned thread_id=16
init: final thread_id=16, base_seed=nil
setup: assigned thread_id=17
init: final thread_id=17, base_seed=nil
setup: assigned thread_id=18
init: final thread_id=18, base_seed=nil
setup: assigned thread_id=19
init: final thread_id=19, base_seed=nil
setup: assigned thread_id=20
init: final thread_id=20, base_seed=nil
setup: assigned thread_id=21
init: final thread_id=21, base_seed=nil
setup: assigned thread_id=22
init: final thread_id=22, base_seed=nil
setup: assigned thread_id=23
init: final thread_id=23, base_seed=nil
setup: assigned thread_id=24
init: final thread_id=24, base_seed=nil
setup: assigned thread_id=25
init: final thread_id=25, base_seed=nil
setup: assigned thread_id=26
init: final thread_id=26, base_seed=nil
setup: assigned thread_id=27
init: final thread_id=27, base_seed=nil
setup: assigned thread_id=28
init: final thread_id=28, base_seed=nil
setup: assigned thread_id=29
init: final thread_id=29, base_seed=nil
setup: assigned thread_id=30
init: final thread_id=30, base_seed=nil
setup: assigned thread_id=31
init: final thread_id=31, base_seed=nil
setup: assigned thread_id=32
init: final thread_id=32, base_seed=nil
setup: assigned thread_id=33
init: final thread_id=33, base_seed=nil
setup: assigned thread_id=34
init: final thread_id=34, base_seed=nil
script_want_response
Running 30s test @ http://10.10.1.1:26040
  34 threads and 338 connections

  Thread calibration: mean lat.: 29.024ms, rate sampling interval: 84ms
  Thread calibration: mean lat.: 29.543ms, rate sampling interval: 84ms
  Thread calibration: mean lat.: 28.056ms, rate sampling interval: 82ms
  Thread calibration: mean lat.: 26.421ms, rate sampling interval: 79ms
  Thread calibration: mean lat.: 25.438ms, rate sampling interval: 76ms
  Thread calibration: mean lat.: 25.248ms, rate sampling interval: 76ms
  Thread calibration: mean lat.: 24.784ms, rate sampling interval: 75ms
  Thread calibration: mean lat.: 22.912ms, rate sampling interval: 68ms
  Thread calibration: mean lat.: 22.672ms, rate sampling interval: 69ms
  Thread calibration: mean lat.: 22.979ms, rate sampling interval: 68ms
  Thread calibration: mean lat.: 23.079ms, rate sampling interval: 68ms
  Thread calibration: mean lat.: 20.681ms, rate sampling interval: 67ms
  Thread calibration: mean lat.: 20.343ms, rate sampling interval: 66ms
  Thread calibration: mean lat.: 17.695ms, rate sampling interval: 61ms
  Thread calibration: mean lat.: 18.232ms, rate sampling interval: 62ms
  Thread calibration: mean lat.: 17.124ms, rate sampling interval: 57ms
  Thread calibration: mean lat.: 19.760ms, rate sampling interval: 61ms
  Thread calibration: mean lat.: 21.502ms, rate sampling interval: 69ms
  Thread calibration: mean lat.: 22.970ms, rate sampling interval: 81ms
  Thread calibration: mean lat.: 24.012ms, rate sampling interval: 83ms
  Thread calibration: mean lat.: 25.494ms, rate sampling interval: 84ms
  Thread calibration: mean lat.: 26.732ms, rate sampling interval: 85ms
  Thread calibration: mean lat.: 26.271ms, rate sampling interval: 84ms
  Thread calibration: mean lat.: 26.881ms, rate sampling interval: 84ms
  Thread calibration: mean lat.: 27.633ms, rate sampling interval: 84ms
  Thread calibration: mean lat.: 28.349ms, rate sampling interval: 83ms
  Thread calibration: mean lat.: 27.602ms, rate sampling interval: 79ms
  Thread calibration: mean lat.: 28.651ms, rate sampling interval: 82ms
  Thread calibration: mean lat.: 27.919ms, rate sampling interval: 80ms
  Thread calibration: mean lat.: 27.600ms, rate sampling interval: 74ms
  Thread calibration: mean lat.: 27.503ms, rate sampling interval: 71ms
  Thread calibration: mean lat.: 26.851ms, rate sampling interval: 71ms
  Thread calibration: mean lat.: 26.315ms, rate sampling interval: 69ms
  Thread calibration: mean lat.: 25.307ms, rate sampling interval: 66ms

-----------------------------------------------------------------------
Test Results @ http://10.10.1.1:26040 
  Thread Stats   Avg      Stdev     99%   +/- Stdev
    Latency    24.65ms    9.59ms  52.58ms   68.53%
    Req/Sec    76.04     45.91   150.00     61.54%
  Latency Distribution (HdrHistogram - Recorded Latency)
 50.000%   23.90ms
 75.000%   30.51ms
 90.000%   36.77ms
 99.000%   52.58ms
 99.900%   69.38ms
 99.990%   79.42ms
 99.999%   82.05ms
100.000%   85.76ms

  Detailed Percentile spectrum:
       Value   Percentile   TotalCount 1/(1-Percentile)

       7.023     0.000000            1         1.00
      12.487     0.100000         5141         1.11
      16.047     0.200000        10285         1.25
      19.247     0.300000        15428         1.43
      21.695     0.400000        20556         1.67
      23.903     0.500000        25693         2.00
      25.071     0.550000        28272         2.22
      26.239     0.600000        30855         2.50
      27.583     0.650000        33412         2.86
      29.023     0.700000        35975         3.33
      30.511     0.750000        38558         4.00
      31.263     0.775000        39814         4.44
      32.095     0.800000        41105         5.00
      32.959     0.825000        42419         5.71
      33.983     0.850000        43701         6.67
      35.231     0.875000        44964         8.00
      35.967     0.887500        45607         8.89
      36.767     0.900000        46233        10.00
      37.631     0.912500        46883        11.43
      38.559     0.925000        47530        13.33
      39.583     0.937500        48161        16.00
      40.191     0.943750        48488        17.78
      40.831     0.950000        48806        20.00
      41.663     0.956250        49124        22.86
      42.719     0.962500        49448        26.67
      43.999     0.968750        49768        32.00
      44.607     0.971875        49928        35.56
      45.439     0.975000        50091        40.00
      46.335     0.978125        50249        45.71
      47.391     0.981250        50410        53.33
      49.087     0.984375        50569        64.00
      49.919     0.985938        50648        71.11
      50.911     0.987500        50728        80.00
      52.031     0.989062        50810        91.43
      53.279     0.990625        50890       106.67
      55.231     0.992188        50970       128.00
      56.703     0.992969        51010       142.22
      58.111     0.993750        51049       160.00
      59.359     0.994531        51091       182.86
      60.415     0.995313        51131       213.33
      61.887     0.996094        51171       256.00
      62.751     0.996484        51190       284.44
      63.487     0.996875        51211       320.00
      64.735     0.997266        51231       365.71
      65.727     0.997656        51250       426.67
      66.367     0.998047        51270       512.00
      66.815     0.998242        51281       568.89
      67.263     0.998437        51293       640.00
      67.583     0.998633        51301       731.43
      68.223     0.998828        51310       853.33
      69.375     0.999023        51320      1024.00
      70.079     0.999121        51325      1137.78
      71.807     0.999219        51330      1280.00
      73.279     0.999316        51335      1462.86
      74.303     0.999414        51340      1706.67
      75.647     0.999512        51345      2048.00
      75.839     0.999561        51349      2275.56
      76.479     0.999609        51350      2560.00
      77.055     0.999658        51353      2925.71
      77.311     0.999707        51355      3413.33
      77.887     0.999756        51358      4096.00
      78.079     0.999780        51359      4551.11
      78.271     0.999805        51360      5120.00
      79.167     0.999829        51362      5851.43
      79.423     0.999854        51365      6826.67
      79.423     0.999878        51365      8192.00
      79.423     0.999890        51365      9102.22
      79.423     0.999902        51365     10240.00
      80.063     0.999915        51366     11702.86
      80.383     0.999927        51367     13653.33
      80.383     0.999939        51367     16384.00
      80.639     0.999945        51368     18204.44
      80.639     0.999951        51368     20480.00
      80.639     0.999957        51368     23405.71
      82.047     0.999963        51369     27306.67
      82.047     0.999969        51369     32768.00
      82.047     0.999973        51369     36408.89
      82.047     0.999976        51369     40960.00
      82.047     0.999979        51369     46811.43
      85.759     0.999982        51370     54613.33
      85.759     1.000000        51370          inf
#[Mean    =       24.655, StdDeviation   =        9.593]
#[Max     =       85.696, Total count    =        51370]
#[Buckets =           27, SubBuckets     =         2048]
-----------------------------------------------------------------------
  77023 requests in 29.85s, 11.94MB read
Requests/sec:   2580.17  
Transfer/sec:    409.71KB

=== rps=2800 c=392 t=40 url=http://10.10.1.1:26040 ===
setup: assigned thread_id=1
init: final thread_id=1, base_seed=nil
setup: assigned thread_id=2
init: final thread_id=2, base_seed=nil
setup: assigned thread_id=3
init: final thread_id=3, base_seed=nil
setup: assigned thread_id=4
init: final thread_id=4, base_seed=nil
setup: assigned thread_id=5
init: final thread_id=5, base_seed=nil
setup: assigned thread_id=6
init: final thread_id=6, base_seed=nil
setup: assigned thread_id=7
init: final thread_id=7, base_seed=nil
setup: assigned thread_id=8
init: final thread_id=8, base_seed=nil
setup: assigned thread_id=9
init: final thread_id=9, base_seed=nil
setup: assigned thread_id=10
init: final thread_id=10, base_seed=nil
setup: assigned thread_id=11
init: final thread_id=11, base_seed=nil
setup: assigned thread_id=12
init: final thread_id=12, base_seed=nil
setup: assigned thread_id=13
init: final thread_id=13, base_seed=nil
setup: assigned thread_id=14
init: final thread_id=14, base_seed=nil
setup: assigned thread_id=15
init: final thread_id=15, base_seed=nil
setup: assigned thread_id=16
init: final thread_id=16, base_seed=nil
setup: assigned thread_id=17
init: final thread_id=17, base_seed=nil
setup: assigned thread_id=18
init: final thread_id=18, base_seed=nil
setup: assigned thread_id=19
init: final thread_id=19, base_seed=nil
setup: assigned thread_id=20
init: final thread_id=20, base_seed=nil
setup: assigned thread_id=21
init: final thread_id=21, base_seed=nil
setup: assigned thread_id=22
init: final thread_id=22, base_seed=nil
setup: assigned thread_id=23
init: final thread_id=23, base_seed=nil
setup: assigned thread_id=24
init: final thread_id=24, base_seed=nil
setup: assigned thread_id=25
init: final thread_id=25, base_seed=nil
setup: assigned thread_id=26
init: final thread_id=26, base_seed=nil
setup: assigned thread_id=27
init: final thread_id=27, base_seed=nil
setup: assigned thread_id=28
init: final thread_id=28, base_seed=nil
setup: assigned thread_id=29
init: final thread_id=29, base_seed=nil
setup: assigned thread_id=30
init: final thread_id=30, base_seed=nil
setup: assigned thread_id=31
init: final thread_id=31, base_seed=nil
setup: assigned thread_id=32
init: final thread_id=32, base_seed=nil
setup: assigned thread_id=33
init: final thread_id=33, base_seed=nil
setup: assigned thread_id=34
init: final thread_id=34, base_seed=nil
setup: assigned thread_id=35
init: final thread_id=35, base_seed=nil
setup: assigned thread_id=36
init: final thread_id=36, base_seed=nil
setup: assigned thread_id=37
init: final thread_id=37, base_seed=nil
setup: assigned thread_id=38
init: final thread_id=38, base_seed=nil
setup: assigned thread_id=39
init: final thread_id=39, base_seed=nil
setup: assigned thread_id=40
init: final thread_id=40, base_seed=nil
script_want_response
Running 30s test @ http://10.10.1.1:26040
  40 threads and 392 connections

  Thread calibration: mean lat.: 13.974ms, rate sampling interval: 51ms
  Thread calibration: mean lat.: 14.376ms, rate sampling interval: 50ms
  Thread calibration: mean lat.: 14.810ms, rate sampling interval: 51ms
  Thread calibration: mean lat.: 14.971ms, rate sampling interval: 50ms
  Thread calibration: mean lat.: 15.398ms, rate sampling interval: 50ms
  Thread calibration: mean lat.: 16.020ms, rate sampling interval: 51ms
  Thread calibration: mean lat.: 15.565ms, rate sampling interval: 48ms
  Thread calibration: mean lat.: 15.833ms, rate sampling interval: 49ms
  Thread calibration: mean lat.: 16.222ms, rate sampling interval: 49ms
  Thread calibration: mean lat.: 16.191ms, rate sampling interval: 49ms
  Thread calibration: mean lat.: 16.327ms, rate sampling interval: 49ms
  Thread calibration: mean lat.: 13.904ms, rate sampling interval: 41ms
  Thread calibration: mean lat.: 13.201ms, rate sampling interval: 38ms
  Thread calibration: mean lat.: 12.767ms, rate sampling interval: 38ms
  Thread calibration: mean lat.: 12.298ms, rate sampling interval: 36ms
  Thread calibration: mean lat.: 21.853ms, rate sampling interval: 65ms
  Thread calibration: mean lat.: 16.755ms, rate sampling interval: 54ms
  Thread calibration: mean lat.: 17.170ms, rate sampling interval: 56ms
  Thread calibration: mean lat.: 17.770ms, rate sampling interval: 58ms
  Thread calibration: mean lat.: 18.415ms, rate sampling interval: 60ms
  Thread calibration: mean lat.: 19.859ms, rate sampling interval: 62ms
  Thread calibration: mean lat.: 8.924ms, rate sampling interval: 24ms
  Thread calibration: mean lat.: 19.983ms, rate sampling interval: 60ms
  Thread calibration: mean lat.: 20.599ms, rate sampling interval: 62ms
  Thread calibration: mean lat.: 20.682ms, rate sampling interval: 61ms
  Thread calibration: mean lat.: 21.097ms, rate sampling interval: 63ms
  Thread calibration: mean lat.: 20.143ms, rate sampling interval: 60ms
  Thread calibration: mean lat.: 19.732ms, rate sampling interval: 61ms
  Thread calibration: mean lat.: 19.339ms, rate sampling interval: 58ms
  Thread calibration: mean lat.: 18.923ms, rate sampling interval: 59ms
  Thread calibration: mean lat.: 19.129ms, rate sampling interval: 66ms
  Thread calibration: mean lat.: 21.726ms, rate sampling interval: 72ms
  Thread calibration: mean lat.: 22.349ms, rate sampling interval: 73ms
  Thread calibration: mean lat.: 22.604ms, rate sampling interval: 72ms
  Thread calibration: mean lat.: 23.028ms, rate sampling interval: 71ms
  Thread calibration: mean lat.: 23.664ms, rate sampling interval: 73ms
  Thread calibration: mean lat.: 12.836ms, rate sampling interval: 61ms
  Thread calibration: mean lat.: 23.434ms, rate sampling interval: 71ms
  Thread calibration: mean lat.: 23.093ms, rate sampling interval: 69ms
  Thread calibration: mean lat.: 22.784ms, rate sampling interval: 68ms

-----------------------------------------------------------------------
Test Results @ http://10.10.1.1:26040 
  Thread Stats   Avg      Stdev     99%   +/- Stdev
    Latency    17.74ms    8.21ms  42.94ms   71.15%
    Req/Sec    70.47     69.79   260.00     83.26%
  Latency Distribution (HdrHistogram - Recorded Latency)
 50.000%   15.96ms
 75.000%   22.05ms
 90.000%   29.47ms
 99.000%   42.94ms
 99.900%   56.19ms
 99.990%   63.33ms
 99.999%   63.87ms
100.000%   64.96ms

  Detailed Percentile spectrum:
       Value   Percentile   TotalCount 1/(1-Percentile)

       6.367     0.000000            1         1.00
       8.959     0.100000         5593         1.11
      10.567     0.200000        11171         1.25
      12.287     0.300000        16756         1.43
      14.039     0.400000        22324         1.67
      15.959     0.500000        27912         2.00
      16.975     0.550000        30704         2.22
      18.047     0.600000        33478         2.50
      19.247     0.650000        36306         2.86
      20.511     0.700000        39077         3.33
      22.047     0.750000        41866         4.00
      22.831     0.775000        43245         4.44
      23.775     0.800000        44657         5.00
      24.831     0.825000        46038         5.71
      26.111     0.850000        47435         6.67
      27.663     0.875000        48829         8.00
      28.559     0.887500        49526         8.89
      29.471     0.900000        50213        10.00
      30.319     0.912500        50918        11.43
      31.343     0.925000        51617        13.33
      32.431     0.937500        52315        16.00
      33.023     0.943750        52656        17.78
      33.695     0.950000        53011        20.00
      34.431     0.956250        53355        22.86
      35.391     0.962500        53709        26.67
      36.383     0.968750        54053        32.00
      36.991     0.971875        54223        35.56
      37.727     0.975000        54399        40.00
      38.527     0.978125        54577        45.71
      39.519     0.981250        54748        53.33
      40.607     0.984375        54925        64.00
      41.151     0.985938        55007        71.11
      41.823     0.987500        55097        80.00
      42.495     0.989062        55183        91.43
      43.391     0.990625        55269       106.67
      44.511     0.992188        55356       128.00
      45.247     0.992969        55400       142.22
      45.695     0.993750        55443       160.00
      46.399     0.994531        55487       182.86
      47.327     0.995313        55531       213.33
      49.055     0.996094        55574       256.00
      50.015     0.996484        55595       284.44
      50.911     0.996875        55617       320.00
      51.711     0.997266        55639       365.71
      53.087     0.997656        55661       426.67
      53.759     0.998047        55683       512.00
      54.207     0.998242        55693       568.89
      54.495     0.998437        55704       640.00
      55.263     0.998633        55715       731.43
      55.743     0.998828        55726       853.33
      56.479     0.999023        55737      1024.00
      57.631     0.999121        55742      1137.78
      58.719     0.999219        55748      1280.00
      59.775     0.999316        55753      1462.86
      60.415     0.999414        55759      1706.67
      61.119     0.999512        55764      2048.00
      61.471     0.999561        55767      2275.56
      61.791     0.999609        55770      2560.00
      61.951     0.999658        55772      2925.71
      62.175     0.999707        55775      3413.33
      62.303     0.999756        55778      4096.00
      62.463     0.999780        55779      4551.11
      62.655     0.999805        55781      5120.00
      62.751     0.999829        55782      5851.43
      63.071     0.999854        55783      6826.67
      63.327     0.999878        55785      8192.00
      63.327     0.999890        55785      9102.22
      63.423     0.999902        55786     10240.00
      63.455     0.999915        55787     11702.86
      63.455     0.999927        55787     13653.33
      63.583     0.999939        55788     16384.00
      63.583     0.999945        55788     18204.44
      63.775     0.999951        55789     20480.00
      63.775     0.999957        55789     23405.71
      63.775     0.999963        55789     27306.67
      63.871     0.999969        55790     32768.00
      63.871     0.999973        55790     36408.89
      63.871     0.999976        55790     40960.00
      63.871     0.999979        55790     46811.43
      63.871     0.999982        55790     54613.33
      64.959     0.999985        55791     65536.00
      64.959     1.000000        55791          inf
#[Mean    =       17.739, StdDeviation   =        8.211]
#[Max     =       64.928, Total count    =        55791]
#[Buckets =           27, SubBuckets     =         2048]
-----------------------------------------------------------------------
  83325 requests in 29.93s, 12.92MB read
Requests/sec:   2783.56  
Transfer/sec:    442.02KB

=== rps=3000 c=450 t=45 url=http://10.10.1.1:26040 ===
setup: assigned thread_id=1
init: final thread_id=1, base_seed=nil
setup: assigned thread_id=2
init: final thread_id=2, base_seed=nil
setup: assigned thread_id=3
init: final thread_id=3, base_seed=nil
setup: assigned thread_id=4
init: final thread_id=4, base_seed=nil
setup: assigned thread_id=5
init: final thread_id=5, base_seed=nil
setup: assigned thread_id=6
init: final thread_id=6, base_seed=nil
setup: assigned thread_id=7
init: final thread_id=7, base_seed=nil
setup: assigned thread_id=8
init: final thread_id=8, base_seed=nil
setup: assigned thread_id=9
init: final thread_id=9, base_seed=nil
setup: assigned thread_id=10
init: final thread_id=10, base_seed=nil
setup: assigned thread_id=11
init: final thread_id=11, base_seed=nil
setup: assigned thread_id=12
init: final thread_id=12, base_seed=nil
setup: assigned thread_id=13
init: final thread_id=13, base_seed=nil
setup: assigned thread_id=14
init: final thread_id=14, base_seed=nil
setup: assigned thread_id=15
init: final thread_id=15, base_seed=nil
setup: assigned thread_id=16
init: final thread_id=16, base_seed=nil
setup: assigned thread_id=17
init: final thread_id=17, base_seed=nil
setup: assigned thread_id=18
init: final thread_id=18, base_seed=nil
setup: assigned thread_id=19
init: final thread_id=19, base_seed=nil
setup: assigned thread_id=20
init: final thread_id=20, base_seed=nil
setup: assigned thread_id=21
init: final thread_id=21, base_seed=nil
setup: assigned thread_id=22
init: final thread_id=22, base_seed=nil
setup: assigned thread_id=23
init: final thread_id=23, base_seed=nil
setup: assigned thread_id=24
init: final thread_id=24, base_seed=nil
setup: assigned thread_id=25
init: final thread_id=25, base_seed=nil
setup: assigned thread_id=26
init: final thread_id=26, base_seed=nil
setup: assigned thread_id=27
init: final thread_id=27, base_seed=nil
setup: assigned thread_id=28
init: final thread_id=28, base_seed=nil
setup: assigned thread_id=29
init: final thread_id=29, base_seed=nil
setup: assigned thread_id=30
init: final thread_id=30, base_seed=nil
setup: assigned thread_id=31
init: final thread_id=31, base_seed=nil
setup: assigned thread_id=32
init: final thread_id=32, base_seed=nil
setup: assigned thread_id=33
init: final thread_id=33, base_seed=nil
setup: assigned thread_id=34
init: final thread_id=34, base_seed=nil
setup: assigned thread_id=35
init: final thread_id=35, base_seed=nil
setup: assigned thread_id=36
init: final thread_id=36, base_seed=nil
setup: assigned thread_id=37
init: final thread_id=37, base_seed=nil
setup: assigned thread_id=38
init: final thread_id=38, base_seed=nil
setup: assigned thread_id=39
init: final thread_id=39, base_seed=nil
setup: assigned thread_id=40
init: final thread_id=40, base_seed=nil
setup: assigned thread_id=41
init: final thread_id=41, base_seed=nil
setup: assigned thread_id=42
init: final thread_id=42, base_seed=nil
setup: assigned thread_id=43
init: final thread_id=43, base_seed=nil
setup: assigned thread_id=44
init: final thread_id=44, base_seed=nil
setup: assigned thread_id=45
init: final thread_id=45, base_seed=nil
script_want_response
Running 30s test @ http://10.10.1.1:26040
  45 threads and 450 connections

  Thread calibration: mean lat.: 12.811ms, rate sampling interval: 40ms
  Thread calibration: mean lat.: 15.850ms, rate sampling interval: 65ms
  Thread calibration: mean lat.: 16.663ms, rate sampling interval: 69ms
  Thread calibration: mean lat.: 22.171ms, rate sampling interval: 89ms
  Thread calibration: mean lat.: 23.338ms, rate sampling interval: 91ms
  Thread calibration: mean lat.: 25.367ms, rate sampling interval: 93ms
  Thread calibration: mean lat.: 30.636ms, rate sampling interval: 99ms
  Thread calibration: mean lat.: 30.992ms, rate sampling interval: 96ms
  Thread calibration: mean lat.: 33.890ms, rate sampling interval: 99ms
  Thread calibration: mean lat.: 37.856ms, rate sampling interval: 101ms
  Thread calibration: mean lat.: 26.202ms, rate sampling interval: 90ms
  Thread calibration: mean lat.: 23.683ms, rate sampling interval: 87ms
  Thread calibration: mean lat.: 21.208ms, rate sampling interval: 82ms
  Thread calibration: mean lat.: 19.231ms, rate sampling interval: 73ms
  Thread calibration: mean lat.: 20.613ms, rate sampling interval: 65ms
  Thread calibration: mean lat.: 22.036ms, rate sampling interval: 66ms
  Thread calibration: mean lat.: 22.735ms, rate sampling interval: 66ms
  Thread calibration: mean lat.: 23.395ms, rate sampling interval: 67ms
  Thread calibration: mean lat.: 24.585ms, rate sampling interval: 67ms
  Thread calibration: mean lat.: 24.831ms, rate sampling interval: 68ms
  Thread calibration: mean lat.: 25.136ms, rate sampling interval: 70ms
  Thread calibration: mean lat.: 26.214ms, rate sampling interval: 72ms
  Thread calibration: mean lat.: 26.721ms, rate sampling interval: 73ms
  Thread calibration: mean lat.: 27.282ms, rate sampling interval: 74ms
  Thread calibration: mean lat.: 27.490ms, rate sampling interval: 74ms
  Thread calibration: mean lat.: 28.485ms, rate sampling interval: 75ms
  Thread calibration: mean lat.: 28.307ms, rate sampling interval: 76ms
  Thread calibration: mean lat.: 28.978ms, rate sampling interval: 76ms
  Thread calibration: mean lat.: 37.740ms, rate sampling interval: 122ms
  Thread calibration: mean lat.: 39.886ms, rate sampling interval: 122ms
  Thread calibration: mean lat.: 43.389ms, rate sampling interval: 129ms
  Thread calibration: mean lat.: 43.994ms, rate sampling interval: 128ms
  Thread calibration: mean lat.: 46.571ms, rate sampling interval: 128ms
  Thread calibration: mean lat.: 45.121ms, rate sampling interval: 127ms
  Thread calibration: mean lat.: 48.346ms, rate sampling interval: 127ms
  Thread calibration: mean lat.: 48.247ms, rate sampling interval: 126ms
  Thread calibration: mean lat.: 49.616ms, rate sampling interval: 125ms
  Thread calibration: mean lat.: 49.724ms, rate sampling interval: 124ms
  Thread calibration: mean lat.: 49.708ms, rate sampling interval: 125ms
  Thread calibration: mean lat.: 49.402ms, rate sampling interval: 124ms
  Thread calibration: mean lat.: 49.425ms, rate sampling interval: 124ms
  Thread calibration: mean lat.: 48.634ms, rate sampling interval: 122ms
  Thread calibration: mean lat.: 48.338ms, rate sampling interval: 123ms
  Thread calibration: mean lat.: 48.542ms, rate sampling interval: 125ms
  Thread calibration: mean lat.: 47.982ms, rate sampling interval: 124ms

-----------------------------------------------------------------------
Test Results @ http://10.10.1.1:26040 
  Thread Stats   Avg      Stdev     99%   +/- Stdev
    Latency    31.71ms   16.04ms  73.86ms   63.02%
    Req/Sec    66.11     48.75   179.00     60.13%
  Latency Distribution (HdrHistogram - Recorded Latency)
 50.000%   29.50ms
 75.000%   43.17ms
 90.000%   53.66ms
 99.000%   73.86ms
 99.900%   93.18ms
 99.990%  104.38ms
 99.999%  108.10ms
100.000%  109.82ms

  Detailed Percentile spectrum:
       Value   Percentile   TotalCount 1/(1-Percentile)

       6.887     0.000000            1         1.00
      11.695     0.100000         5927         1.11
      16.143     0.200000        11847         1.25
      20.991     0.300000        17775         1.43
      25.039     0.400000        23677         1.67
      29.503     0.500000        29600         2.00
      32.047     0.550000        32560         2.22
      34.911     0.600000        35508         2.50
      37.631     0.650000        38498         2.86
      40.319     0.700000        41440         3.33
      43.167     0.750000        44410         4.00
      44.799     0.775000        45878         4.44
      46.495     0.800000        47341         5.00
      48.095     0.825000        48842         5.71
      49.951     0.850000        50306         6.67
      51.679     0.875000        51780         8.00
      52.607     0.887500        52543         8.89
      53.663     0.900000        53267        10.00
      54.911     0.912500        54004        11.43
      56.159     0.925000        54737        13.33
      57.567     0.937500        55482        16.00
      58.399     0.943750        55854        17.78
      59.231     0.950000        56221        20.00
      60.191     0.956250        56594        22.86
      61.407     0.962500        56957        26.67
      62.879     0.968750        57330        32.00
      63.583     0.971875        57509        35.56
      64.511     0.975000        57696        40.00
      65.599     0.978125        57887        45.71
      67.071     0.981250        58065        53.33
      69.055     0.984375        58249        64.00
      70.399     0.985938        58343        71.11
      71.615     0.987500        58435        80.00
      73.023     0.989062        58528        91.43
      74.623     0.990625        58622       106.67
      75.967     0.992188        58711       128.00
      76.671     0.992969        58758       142.22
      77.567     0.993750        58807       160.00
      78.271     0.994531        58850       182.86
      78.911     0.995313        58896       213.33
      80.447     0.996094        58941       256.00
      81.855     0.996484        58965       284.44
      83.775     0.996875        58988       320.00
      85.311     0.997266        59011       365.71
      87.231     0.997656        59034       426.67
      88.639     0.998047        59057       512.00
      89.407     0.998242        59068       568.89
      90.367     0.998437        59080       640.00
      91.135     0.998633        59092       731.43
      91.967     0.998828        59104       853.33
      93.247     0.999023        59115      1024.00
      93.823     0.999121        59120      1137.78
      94.591     0.999219        59126      1280.00
      95.295     0.999316        59132      1462.86
      96.575     0.999414        59139      1706.67
      97.023     0.999512        59144      2048.00
      97.279     0.999561        59147      2275.56
      97.407     0.999609        59150      2560.00
      97.471     0.999658        59153      2925.71
      97.663     0.999707        59157      3413.33
      97.791     0.999756        59158      4096.00
      98.111     0.999780        59159      4551.11
      98.367     0.999805        59161      5120.00
      99.775     0.999829        59162      5851.43
     103.935     0.999854        59164      6826.67
     104.319     0.999878        59165      8192.00
     104.383     0.999890        59166      9102.22
     104.511     0.999902        59167     10240.00
     104.511     0.999915        59167     11702.86
     105.023     0.999927        59168     13653.33
     107.583     0.999939        59169     16384.00
     107.583     0.999945        59169     18204.44
     108.095     0.999951        59171     20480.00
     108.095     0.999957        59171     23405.71
     108.095     0.999963        59171     27306.67
     108.095     0.999969        59171     32768.00
     108.095     0.999973        59171     36408.89
     108.095     0.999976        59171     40960.00
     108.095     0.999979        59171     46811.43
     108.095     0.999982        59171     54613.33
     109.823     0.999985        59172     65536.00
     109.823     1.000000        59172          inf
#[Mean    =       31.714, StdDeviation   =       16.040]
#[Max     =      109.760, Total count    =        59172]
#[Buckets =           27, SubBuckets     =         2048]
-----------------------------------------------------------------------
  88460 requests in 29.94s, 13.71MB read
Requests/sec:   2954.43  
Transfer/sec:    469.00KB

=== rps=3200 c=512 t=52 url=http://10.10.1.1:26040 ===
setup: assigned thread_id=1
init: final thread_id=1, base_seed=nil
setup: assigned thread_id=2
init: final thread_id=2, base_seed=nil
setup: assigned thread_id=3
init: final thread_id=3, base_seed=nil
setup: assigned thread_id=4
init: final thread_id=4, base_seed=nil
setup: assigned thread_id=5
init: final thread_id=5, base_seed=nil
setup: assigned thread_id=6
init: final thread_id=6, base_seed=nil
setup: assigned thread_id=7
init: final thread_id=7, base_seed=nil
setup: assigned thread_id=8
init: final thread_id=8, base_seed=nil
setup: assigned thread_id=9
init: final thread_id=9, base_seed=nil
setup: assigned thread_id=10
init: final thread_id=10, base_seed=nil
setup: assigned thread_id=11
init: final thread_id=11, base_seed=nil
setup: assigned thread_id=12
init: final thread_id=12, base_seed=nil
setup: assigned thread_id=13
init: final thread_id=13, base_seed=nil
setup: assigned thread_id=14
init: final thread_id=14, base_seed=nil
setup: assigned thread_id=15
init: final thread_id=15, base_seed=nil
setup: assigned thread_id=16
init: final thread_id=16, base_seed=nil
setup: assigned thread_id=17
init: final thread_id=17, base_seed=nil
setup: assigned thread_id=18
init: final thread_id=18, base_seed=nil
setup: assigned thread_id=19
init: final thread_id=19, base_seed=nil
setup: assigned thread_id=20
init: final thread_id=20, base_seed=nil
setup: assigned thread_id=21
init: final thread_id=21, base_seed=nil
setup: assigned thread_id=22
init: final thread_id=22, base_seed=nil
setup: assigned thread_id=23
init: final thread_id=23, base_seed=nil
setup: assigned thread_id=24
init: final thread_id=24, base_seed=nil
setup: assigned thread_id=25
init: final thread_id=25, base_seed=nil
setup: assigned thread_id=26
init: final thread_id=26, base_seed=nil
setup: assigned thread_id=27
init: final thread_id=27, base_seed=nil
setup: assigned thread_id=28
init: final thread_id=28, base_seed=nil
setup: assigned thread_id=29
init: final thread_id=29, base_seed=nil
setup: assigned thread_id=30
init: final thread_id=30, base_seed=nil
setup: assigned thread_id=31
init: final thread_id=31, base_seed=nil
setup: assigned thread_id=32
init: final thread_id=32, base_seed=nil
setup: assigned thread_id=33
init: final thread_id=33, base_seed=nil
setup: assigned thread_id=34
init: final thread_id=34, base_seed=nil
setup: assigned thread_id=35
init: final thread_id=35, base_seed=nil
setup: assigned thread_id=36
init: final thread_id=36, base_seed=nil
setup: assigned thread_id=37
init: final thread_id=37, base_seed=nil
setup: assigned thread_id=38
init: final thread_id=38, base_seed=nil
setup: assigned thread_id=39
init: final thread_id=39, base_seed=nil
setup: assigned thread_id=40
init: final thread_id=40, base_seed=nil
setup: assigned thread_id=41
init: final thread_id=41, base_seed=nil
setup: assigned thread_id=42
init: final thread_id=42, base_seed=nil
setup: assigned thread_id=43
init: final thread_id=43, base_seed=nil
setup: assigned thread_id=44
init: final thread_id=44, base_seed=nil
setup: assigned thread_id=45
init: final thread_id=45, base_seed=nil
setup: assigned thread_id=46
init: final thread_id=46, base_seed=nil
setup: assigned thread_id=47
init: final thread_id=47, base_seed=nil
setup: assigned thread_id=48
init: final thread_id=48, base_seed=nil
setup: assigned thread_id=49
init: final thread_id=49, base_seed=nil
setup: assigned thread_id=50
init: final thread_id=50, base_seed=nil
setup: assigned thread_id=51
init: final thread_id=51, base_seed=nil
setup: assigned thread_id=52
init: final thread_id=52, base_seed=nil
script_want_response
Running 30s test @ http://10.10.1.1:26040
  52 threads and 512 connections

  Thread calibration: mean lat.: 46.252ms, rate sampling interval: 126ms
  Thread calibration: mean lat.: 46.399ms, rate sampling interval: 125ms
  Thread calibration: mean lat.: 47.071ms, rate sampling interval: 124ms
  Thread calibration: mean lat.: 43.178ms, rate sampling interval: 121ms
  Thread calibration: mean lat.: 43.109ms, rate sampling interval: 120ms
  Thread calibration: mean lat.: 41.064ms, rate sampling interval: 118ms
  Thread calibration: mean lat.: 39.107ms, rate sampling interval: 114ms
  Thread calibration: mean lat.: 37.002ms, rate sampling interval: 111ms
  Thread calibration: mean lat.: 32.759ms, rate sampling interval: 101ms
  Thread calibration: mean lat.: 30.487ms, rate sampling interval: 97ms
  Thread calibration: mean lat.: 24.216ms, rate sampling interval: 84ms
  Thread calibration: mean lat.: 22.932ms, rate sampling interval: 81ms
  Thread calibration: mean lat.: 20.725ms, rate sampling interval: 77ms
  Thread calibration: mean lat.: 19.565ms, rate sampling interval: 75ms
  Thread calibration: mean lat.: 19.202ms, rate sampling interval: 73ms
  Thread calibration: mean lat.: 17.862ms, rate sampling interval: 67ms
  Thread calibration: mean lat.: 18.845ms, rate sampling interval: 63ms
  Thread calibration: mean lat.: 22.998ms, rate sampling interval: 78ms
  Thread calibration: mean lat.: 19.368ms, rate sampling interval: 62ms
  Thread calibration: mean lat.: 19.847ms, rate sampling interval: 63ms
  Thread calibration: mean lat.: 20.351ms, rate sampling interval: 62ms
  Thread calibration: mean lat.: 20.731ms, rate sampling interval: 63ms
  Thread calibration: mean lat.: 20.889ms, rate sampling interval: 63ms
  Thread calibration: mean lat.: 18.911ms, rate sampling interval: 60ms
  Thread calibration: mean lat.: 19.586ms, rate sampling interval: 61ms
  Thread calibration: mean lat.: 18.361ms, rate sampling interval: 58ms
  Thread calibration: mean lat.: 17.625ms, rate sampling interval: 55ms
  Thread calibration: mean lat.: 17.159ms, rate sampling interval: 53ms
  Thread calibration: mean lat.: 16.455ms, rate sampling interval: 50ms
  Thread calibration: mean lat.: 16.692ms, rate sampling interval: 49ms
  Thread calibration: mean lat.: 20.065ms, rate sampling interval: 65ms
  Thread calibration: mean lat.: 22.318ms, rate sampling interval: 72ms
  Thread calibration: mean lat.: 23.899ms, rate sampling interval: 75ms
  Thread calibration: mean lat.: 25.909ms, rate sampling interval: 79ms
  Thread calibration: mean lat.: 28.445ms, rate sampling interval: 92ms
  Thread calibration: mean lat.: 30.428ms, rate sampling interval: 101ms
  Thread calibration: mean lat.: 33.038ms, rate sampling interval: 114ms
  Thread calibration: mean lat.: 35.047ms, rate sampling interval: 119ms
  Thread calibration: mean lat.: 36.473ms, rate sampling interval: 122ms
  Thread calibration: mean lat.: 38.464ms, rate sampling interval: 124ms
  Thread calibration: mean lat.: 41.030ms, rate sampling interval: 128ms
  Thread calibration: mean lat.: 42.617ms, rate sampling interval: 127ms
  Thread calibration: mean lat.: 44.548ms, rate sampling interval: 127ms
  Thread calibration: mean lat.: 45.332ms, rate sampling interval: 127ms
  Thread calibration: mean lat.: 46.548ms, rate sampling interval: 128ms
  Thread calibration: mean lat.: 47.033ms, rate sampling interval: 126ms
  Thread calibration: mean lat.: 47.220ms, rate sampling interval: 125ms
  Thread calibration: mean lat.: 47.604ms, rate sampling interval: 124ms
  Thread calibration: mean lat.: 47.853ms, rate sampling interval: 124ms
  Thread calibration: mean lat.: 8.810ms, rate sampling interval: 19ms
  Thread calibration: mean lat.: 45.854ms, rate sampling interval: 120ms
  Thread calibration: mean lat.: 45.257ms, rate sampling interval: 121ms

-----------------------------------------------------------------------
Test Results @ http://10.10.1.1:26040 
  Thread Stats   Avg      Stdev     99%   +/- Stdev
    Latency    41.99ms   18.97ms  82.69ms   62.52%
    Req/Sec    61.11     65.45   315.00     88.52%
  Latency Distribution (HdrHistogram - Recorded Latency)
 50.000%   40.42ms
 75.000%   57.22ms
 90.000%   67.39ms
 99.000%   82.69ms
 99.900%   98.69ms
 99.990%  111.68ms
 99.999%  115.14ms
100.000%  115.52ms

  Detailed Percentile spectrum:
       Value   Percentile   TotalCount 1/(1-Percentile)

       6.991     0.000000            1         1.00
      16.607     0.100000         6317         1.11
      24.383     0.200000        12633         1.25
      30.095     0.300000        18937         1.43
      34.815     0.400000        25262         1.67
      40.415     0.500000        31568         2.00
      43.615     0.550000        34746         2.22
      47.135     0.600000        37862         2.50
      50.495     0.650000        41024         2.86
      53.791     0.700000        44190         3.33
      57.215     0.750000        47363         4.00
      58.911     0.775000        48923         4.44
      60.575     0.800000        50500         5.00
      62.143     0.825000        52061         5.71
      63.775     0.850000        53638         6.67
      65.471     0.875000        55215         8.00
      66.431     0.887500        56020         8.89
      67.391     0.900000        56802        10.00
      68.479     0.912500        57599        11.43
      69.631     0.925000        58372        13.33
      71.167     0.937500        59183        16.00
      71.935     0.943750        59570        17.78
      72.895     0.950000        59961        20.00
      73.919     0.956250        60360        22.86
      75.071     0.962500        60741        26.67
      76.351     0.968750        61143        32.00
      76.991     0.971875        61331        35.56
      77.823     0.975000        61535        40.00
      78.655     0.978125        61730        45.71
      79.487     0.981250        61925        53.33
      80.575     0.984375        62117        64.00
      81.087     0.985938        62218        71.11
      81.663     0.987500        62318        80.00
      82.239     0.989062        62413        91.43
      82.943     0.990625        62510       106.67
      83.903     0.992188        62610       128.00
      84.543     0.992969        62660       142.22
      85.311     0.993750        62710       160.00
      86.399     0.994531        62756       182.86
      88.127     0.995313        62806       213.33
      90.047     0.996094        62854       256.00
      90.879     0.996484        62879       284.44
      91.647     0.996875        62907       320.00
      92.863     0.997266        62928       365.71
      94.399     0.997656        62954       426.67
      95.679     0.998047        62977       512.00
      96.511     0.998242        62990       568.89
      96.959     0.998437        63003       640.00
      97.471     0.998633        63014       731.43
      97.983     0.998828        63027       853.33
      98.751     0.999023        63039      1024.00
      99.327     0.999121        63045      1137.78
     100.287     0.999219        63052      1280.00
     101.183     0.999316        63060      1462.86
     101.759     0.999414        63064      1706.67
     102.655     0.999512        63070      2048.00
     103.039     0.999561        63073      2275.56
     103.487     0.999609        63076      2560.00
     103.871     0.999658        63079      2925.71
     106.303     0.999707        63082      3413.33
     106.623     0.999756        63085      4096.00
     107.135     0.999780        63087      4551.11
     107.327     0.999805        63088      5120.00
     110.015     0.999829        63090      5851.43
     110.207     0.999854        63091      6826.67
     110.847     0.999878        63093      8192.00
     111.679     0.999890        63094      9102.22
     111.679     0.999902        63094     10240.00
     111.743     0.999915        63095     11702.86
     114.495     0.999927        63096     13653.33
     114.879     0.999939        63097     16384.00
     114.879     0.999945        63097     18204.44
     114.879     0.999951        63097     20480.00
     114.943     0.999957        63098     23405.71
     114.943     0.999963        63098     27306.67
     115.135     0.999969        63099     32768.00
     115.135     0.999973        63099     36408.89
     115.135     0.999976        63099     40960.00
     115.135     0.999979        63099     46811.43
     115.135     0.999982        63099     54613.33
     115.519     0.999985        63100     65536.00
     115.519     1.000000        63100          inf
#[Mean    =       41.986, StdDeviation   =       18.969]
#[Max     =      115.456, Total count    =        63100]
#[Buckets =           27, SubBuckets     =         2048]
-----------------------------------------------------------------------
  94377 requests in 29.95s, 14.63MB read
Requests/sec:   3151.68  
Transfer/sec:    500.42KB

=== rps=3400 c=578 t=58 url=http://10.10.1.1:26040 ===
setup: assigned thread_id=1
init: final thread_id=1, base_seed=nil
setup: assigned thread_id=2
init: final thread_id=2, base_seed=nil
setup: assigned thread_id=3
init: final thread_id=3, base_seed=nil
setup: assigned thread_id=4
init: final thread_id=4, base_seed=nil
setup: assigned thread_id=5
init: final thread_id=5, base_seed=nil
setup: assigned thread_id=6
init: final thread_id=6, base_seed=nil
setup: assigned thread_id=7
init: final thread_id=7, base_seed=nil
setup: assigned thread_id=8
init: final thread_id=8, base_seed=nil
setup: assigned thread_id=9
init: final thread_id=9, base_seed=nil
setup: assigned thread_id=10
init: final thread_id=10, base_seed=nil
setup: assigned thread_id=11
init: final thread_id=11, base_seed=nil
setup: assigned thread_id=12
init: final thread_id=12, base_seed=nil
setup: assigned thread_id=13
init: final thread_id=13, base_seed=nil
setup: assigned thread_id=14
init: final thread_id=14, base_seed=nil
setup: assigned thread_id=15
init: final thread_id=15, base_seed=nil
setup: assigned thread_id=16
init: final thread_id=16, base_seed=nil
setup: assigned thread_id=17
init: final thread_id=17, base_seed=nil
setup: assigned thread_id=18
init: final thread_id=18, base_seed=nil
setup: assigned thread_id=19
init: final thread_id=19, base_seed=nil
setup: assigned thread_id=20
init: final thread_id=20, base_seed=nil
setup: assigned thread_id=21
init: final thread_id=21, base_seed=nil
setup: assigned thread_id=22
init: final thread_id=22, base_seed=nil
setup: assigned thread_id=23
init: final thread_id=23, base_seed=nil
setup: assigned thread_id=24
init: final thread_id=24, base_seed=nil
setup: assigned thread_id=25
init: final thread_id=25, base_seed=nil
setup: assigned thread_id=26
init: final thread_id=26, base_seed=nil
setup: assigned thread_id=27
init: final thread_id=27, base_seed=nil
setup: assigned thread_id=28
init: final thread_id=28, base_seed=nil
setup: assigned thread_id=29
init: final thread_id=29, base_seed=nil
setup: assigned thread_id=30
init: final thread_id=30, base_seed=nil
setup: assigned thread_id=31
init: final thread_id=31, base_seed=nil
setup: assigned thread_id=32
init: final thread_id=32, base_seed=nil
setup: assigned thread_id=33
init: final thread_id=33, base_seed=nil
setup: assigned thread_id=34
init: final thread_id=34, base_seed=nil
setup: assigned thread_id=35
init: final thread_id=35, base_seed=nil
setup: assigned thread_id=36
init: final thread_id=36, base_seed=nil
setup: assigned thread_id=37
init: final thread_id=37, base_seed=nil
setup: assigned thread_id=38
init: final thread_id=38, base_seed=nil
setup: assigned thread_id=39
init: final thread_id=39, base_seed=nil
setup: assigned thread_id=40
init: final thread_id=40, base_seed=nil
setup: assigned thread_id=41
init: final thread_id=41, base_seed=nil
setup: assigned thread_id=42
init: final thread_id=42, base_seed=nil
setup: assigned thread_id=43
init: final thread_id=43, base_seed=nil
setup: assigned thread_id=44
init: final thread_id=44, base_seed=nil
setup: assigned thread_id=45
init: final thread_id=45, base_seed=nil
setup: assigned thread_id=46
init: final thread_id=46, base_seed=nil
setup: assigned thread_id=47
init: final thread_id=47, base_seed=nil
setup: assigned thread_id=48
init: final thread_id=48, base_seed=nil
setup: assigned thread_id=49
init: final thread_id=49, base_seed=nil
setup: assigned thread_id=50
init: final thread_id=50, base_seed=nil
setup: assigned thread_id=51
init: final thread_id=51, base_seed=nil
setup: assigned thread_id=52
init: final thread_id=52, base_seed=nil
setup: assigned thread_id=53
init: final thread_id=53, base_seed=nil
setup: assigned thread_id=54
init: final thread_id=54, base_seed=nil
setup: assigned thread_id=55
init: final thread_id=55, base_seed=nil
setup: assigned thread_id=56
init: final thread_id=56, base_seed=nil
setup: assigned thread_id=57
init: final thread_id=57, base_seed=nil
setup: assigned thread_id=58
init: final thread_id=58, base_seed=nil
script_want_response
Running 30s test @ http://10.10.1.1:26040
  58 threads and 578 connections

  Thread calibration: mean lat.: 37.035ms, rate sampling interval: 120ms
  Thread calibration: mean lat.: 40.099ms, rate sampling interval: 133ms
  Thread calibration: mean lat.: 45.471ms, rate sampling interval: 146ms
  Thread calibration: mean lat.: 49.099ms, rate sampling interval: 157ms
  Thread calibration: mean lat.: 52.203ms, rate sampling interval: 159ms
  Thread calibration: mean lat.: 54.391ms, rate sampling interval: 161ms
  Thread calibration: mean lat.: 57.215ms, rate sampling interval: 163ms
  Thread calibration: mean lat.: 58.636ms, rate sampling interval: 162ms
  Thread calibration: mean lat.: 59.657ms, rate sampling interval: 160ms
  Thread calibration: mean lat.: 60.508ms, rate sampling interval: 161ms
  Thread calibration: mean lat.: 55.595ms, rate sampling interval: 154ms
  Thread calibration: mean lat.: 53.428ms, rate sampling interval: 152ms
  Thread calibration: mean lat.: 49.475ms, rate sampling interval: 147ms
  Thread calibration: mean lat.: 49.176ms, rate sampling interval: 145ms
  Thread calibration: mean lat.: 45.525ms, rate sampling interval: 134ms
  Thread calibration: mean lat.: 42.998ms, rate sampling interval: 128ms
  Thread calibration: mean lat.: 41.253ms, rate sampling interval: 119ms
  Thread calibration: mean lat.: 40.706ms, rate sampling interval: 117ms
  Thread calibration: mean lat.: 40.726ms, rate sampling interval: 116ms
  Thread calibration: mean lat.: 40.171ms, rate sampling interval: 114ms
  Thread calibration: mean lat.: 39.749ms, rate sampling interval: 112ms
  Thread calibration: mean lat.: 39.265ms, rate sampling interval: 110ms
  Thread calibration: mean lat.: 36.976ms, rate sampling interval: 108ms
  Thread calibration: mean lat.: 34.794ms, rate sampling interval: 104ms
  Thread calibration: mean lat.: 32.026ms, rate sampling interval: 100ms
  Thread calibration: mean lat.: 32.241ms, rate sampling interval: 99ms
  Thread calibration: mean lat.: 32.221ms, rate sampling interval: 100ms
  Thread calibration: mean lat.: 30.280ms, rate sampling interval: 97ms
  Thread calibration: mean lat.: 31.809ms, rate sampling interval: 99ms
  Thread calibration: mean lat.: 31.732ms, rate sampling interval: 101ms
  Thread calibration: mean lat.: 45.554ms, rate sampling interval: 148ms
  Thread calibration: mean lat.: 50.299ms, rate sampling interval: 133ms
  Thread calibration: mean lat.: 52.181ms, rate sampling interval: 161ms
  Thread calibration: mean lat.: 56.123ms, rate sampling interval: 162ms
  Thread calibration: mean lat.: 57.313ms, rate sampling interval: 165ms
  Thread calibration: mean lat.: 58.574ms, rate sampling interval: 165ms
  Thread calibration: mean lat.: 60.657ms, rate sampling interval: 167ms
  Thread calibration: mean lat.: 61.019ms, rate sampling interval: 166ms
  Thread calibration: mean lat.: 62.053ms, rate sampling interval: 170ms
  Thread calibration: mean lat.: 63.005ms, rate sampling interval: 170ms
  Thread calibration: mean lat.: 64.076ms, rate sampling interval: 169ms
  Thread calibration: mean lat.: 63.904ms, rate sampling interval: 169ms
  Thread calibration: mean lat.: 64.383ms, rate sampling interval: 169ms
  Thread calibration: mean lat.: 66.182ms, rate sampling interval: 170ms
  Thread calibration: mean lat.: 66.191ms, rate sampling interval: 169ms
  Thread calibration: mean lat.: 66.515ms, rate sampling interval: 167ms
  Thread calibration: mean lat.: 66.221ms, rate sampling interval: 166ms
  Thread calibration: mean lat.: 67.526ms, rate sampling interval: 168ms
  Thread calibration: mean lat.: 67.058ms, rate sampling interval: 167ms
  Thread calibration: mean lat.: 64.576ms, rate sampling interval: 164ms
  Thread calibration: mean lat.: 64.321ms, rate sampling interval: 163ms
  Thread calibration: mean lat.: 61.185ms, rate sampling interval: 155ms
  Thread calibration: mean lat.: 59.753ms, rate sampling interval: 152ms
  Thread calibration: mean lat.: 59.305ms, rate sampling interval: 151ms
  Thread calibration: mean lat.: 56.719ms, rate sampling interval: 147ms
  Thread calibration: mean lat.: 54.756ms, rate sampling interval: 142ms
  Thread calibration: mean lat.: 52.102ms, rate sampling interval: 136ms
  Thread calibration: mean lat.: 51.521ms, rate sampling interval: 137ms

-----------------------------------------------------------------------
Test Results @ http://10.10.1.1:26040 
  Thread Stats   Avg      Stdev     99%   +/- Stdev
    Latency    47.47ms   21.84ms 103.23ms   66.85%
    Req/Sec    57.75     21.38   103.00     76.02%
  Latency Distribution (HdrHistogram - Recorded Latency)
 50.000%   45.82ms
 75.000%   61.25ms
 90.000%   75.71ms
 99.000%  103.23ms
 99.900%  137.47ms
 99.990%  235.26ms
 99.999%  296.45ms
100.000%  296.96ms

  Detailed Percentile spectrum:
       Value   Percentile   TotalCount 1/(1-Percentile)

       7.679     0.000000            1         1.00
      19.215     0.100000         6690         1.11
      28.143     0.200000        13360         1.25
      34.975     0.300000        20038         1.43
      40.703     0.400000        26740         1.67
      45.823     0.500000        33416         2.00
      48.575     0.550000        36748         2.22
      51.391     0.600000        40094         2.50
      54.335     0.650000        43415         2.86
      57.599     0.700000        46759         3.33
      61.247     0.750000        50087         4.00
      63.423     0.775000        51773         4.44
      65.599     0.800000        53447         5.00
      67.903     0.825000        55125         5.71
      70.271     0.850000        56790         6.67
      72.767     0.875000        58450         8.00
      74.111     0.887500        59288         8.89
      75.711     0.900000        60123        10.00
      77.503     0.912500        60959        11.43
      79.487     0.925000        61766        13.33
      81.983     0.937500        62603        16.00
      83.263     0.943750        63030        17.78
      84.543     0.950000        63435        20.00
      86.143     0.956250        63853        22.86
      88.255     0.962500        64273        26.67
      90.623     0.968750        64689        32.00
      91.711     0.971875        64901        35.56
      92.927     0.975000        65107        40.00
      94.271     0.978125        65312        45.71
      96.127     0.981250        65524        53.33
      98.303     0.984375        65729        64.00
      99.647     0.985938        65840        71.11
     101.055     0.987500        65940        80.00
     102.271     0.989062        66044        91.43
     103.935     0.990625        66151       106.67
     106.175     0.992188        66252       128.00
     107.903     0.992969        66306       142.22
     109.183     0.993750        66355       160.00
     110.463     0.994531        66407       182.86
     111.935     0.995313        66463       213.33
     114.111     0.996094        66512       256.00
     116.735     0.996484        66538       284.44
     123.391     0.996875        66565       320.00
     126.015     0.997266        66590       365.71
     128.063     0.997656        66617       426.67
     129.599     0.998047        66642       512.00
     130.431     0.998242        66655       568.89
     131.199     0.998437        66668       640.00
     131.967     0.998633        66681       731.43
     134.399     0.998828        66694       853.33
     142.719     0.999023        66707      1024.00
     145.535     0.999121        66714      1137.78
     158.591     0.999219        66720      1280.00
     182.527     0.999316        66727      1462.86
     187.903     0.999414        66733      1706.67
     201.471     0.999512        66741      2048.00
     201.983     0.999561        66743      2275.56
     203.775     0.999609        66746      2560.00
     222.591     0.999658        66750      2925.71
     229.247     0.999707        66753      3413.33
     232.447     0.999756        66756      4096.00
     234.495     0.999780        66758      4551.11
     234.879     0.999805        66760      5120.00
     235.007     0.999829        66763      5851.43
     235.007     0.999854        66763      6826.67
     235.135     0.999878        66764      8192.00
     235.263     0.999890        66765      9102.22
     235.391     0.999902        66767     10240.00
     235.391     0.999915        66767     11702.86
     295.423     0.999927        66768     13653.33
     295.423     0.999939        66768     16384.00
     295.935     0.999945        66770     18204.44
     295.935     0.999951        66770     20480.00
     295.935     0.999957        66770     23405.71
     295.935     0.999963        66770     27306.67
     295.935     0.999969        66770     32768.00
     296.447     0.999973        66771     36408.89
     296.447     0.999976        66771     40960.00
     296.447     0.999979        66771     46811.43
     296.447     0.999982        66771     54613.33
     296.447     0.999985        66771     65536.00
     296.959     0.999986        66772     72817.78
     296.959     1.000000        66772          inf
#[Mean    =       47.469, StdDeviation   =       21.838]
#[Max     =      296.704, Total count    =        66772]
#[Buckets =           27, SubBuckets     =         2048]
-----------------------------------------------------------------------
  100018 requests in 29.85s, 15.51MB read
Requests/sec:   3350.17  
Transfer/sec:    531.99KB

=== rps=3600 c=648 t=65 url=http://10.10.1.1:26040 ===
setup: assigned thread_id=1
init: final thread_id=1, base_seed=nil
setup: assigned thread_id=2
init: final thread_id=2, base_seed=nil
setup: assigned thread_id=3
init: final thread_id=3, base_seed=nil
setup: assigned thread_id=4
init: final thread_id=4, base_seed=nil
setup: assigned thread_id=5
init: final thread_id=5, base_seed=nil
setup: assigned thread_id=6
init: final thread_id=6, base_seed=nil
setup: assigned thread_id=7
init: final thread_id=7, base_seed=nil
setup: assigned thread_id=8
init: final thread_id=8, base_seed=nil
setup: assigned thread_id=9
init: final thread_id=9, base_seed=nil
setup: assigned thread_id=10
init: final thread_id=10, base_seed=nil
setup: assigned thread_id=11
init: final thread_id=11, base_seed=nil
setup: assigned thread_id=12
init: final thread_id=12, base_seed=nil
setup: assigned thread_id=13
init: final thread_id=13, base_seed=nil
setup: assigned thread_id=14
init: final thread_id=14, base_seed=nil
setup: assigned thread_id=15
init: final thread_id=15, base_seed=nil
setup: assigned thread_id=16
init: final thread_id=16, base_seed=nil
setup: assigned thread_id=17
init: final thread_id=17, base_seed=nil
setup: assigned thread_id=18
init: final thread_id=18, base_seed=nil
setup: assigned thread_id=19
init: final thread_id=19, base_seed=nil
setup: assigned thread_id=20
init: final thread_id=20, base_seed=nil
setup: assigned thread_id=21
init: final thread_id=21, base_seed=nil
setup: assigned thread_id=22
init: final thread_id=22, base_seed=nil
setup: assigned thread_id=23
init: final thread_id=23, base_seed=nil
setup: assigned thread_id=24
init: final thread_id=24, base_seed=nil
setup: assigned thread_id=25
init: final thread_id=25, base_seed=nil
setup: assigned thread_id=26
init: final thread_id=26, base_seed=nil
setup: assigned thread_id=27
init: final thread_id=27, base_seed=nil
setup: assigned thread_id=28
init: final thread_id=28, base_seed=nil
setup: assigned thread_id=29
init: final thread_id=29, base_seed=nil
setup: assigned thread_id=30
init: final thread_id=30, base_seed=nil
setup: assigned thread_id=31
init: final thread_id=31, base_seed=nil
setup: assigned thread_id=32
init: final thread_id=32, base_seed=nil
setup: assigned thread_id=33
init: final thread_id=33, base_seed=nil
setup: assigned thread_id=34
init: final thread_id=34, base_seed=nil
setup: assigned thread_id=35
init: final thread_id=35, base_seed=nil
setup: assigned thread_id=36
init: final thread_id=36, base_seed=nil
setup: assigned thread_id=37
init: final thread_id=37, base_seed=nil
setup: assigned thread_id=38
init: final thread_id=38, base_seed=nil
setup: assigned thread_id=39
init: final thread_id=39, base_seed=nil
setup: assigned thread_id=40
init: final thread_id=40, base_seed=nil
setup: assigned thread_id=41
init: final thread_id=41, base_seed=nil
setup: assigned thread_id=42
init: final thread_id=42, base_seed=nil
setup: assigned thread_id=43
init: final thread_id=43, base_seed=nil
setup: assigned thread_id=44
init: final thread_id=44, base_seed=nil
setup: assigned thread_id=45
init: final thread_id=45, base_seed=nil
setup: assigned thread_id=46
init: final thread_id=46, base_seed=nil
setup: assigned thread_id=47
init: final thread_id=47, base_seed=nil
setup: assigned thread_id=48
init: final thread_id=48, base_seed=nil
setup: assigned thread_id=49
init: final thread_id=49, base_seed=nil
setup: assigned thread_id=50
init: final thread_id=50, base_seed=nil
setup: assigned thread_id=51
init: final thread_id=51, base_seed=nil
setup: assigned thread_id=52
init: final thread_id=52, base_seed=nil
setup: assigned thread_id=53
init: final thread_id=53, base_seed=nil
setup: assigned thread_id=54
init: final thread_id=54, base_seed=nil
setup: assigned thread_id=55
init: final thread_id=55, base_seed=nil
setup: assigned thread_id=56
init: final thread_id=56, base_seed=nil
setup: assigned thread_id=57
init: final thread_id=57, base_seed=nil
setup: assigned thread_id=58
init: final thread_id=58, base_seed=nil
setup: assigned thread_id=59
init: final thread_id=59, base_seed=nil
setup: assigned thread_id=60
init: final thread_id=60, base_seed=nil
setup: assigned thread_id=61
init: final thread_id=61, base_seed=nil
setup: assigned thread_id=62
init: final thread_id=62, base_seed=nil
setup: assigned thread_id=63
init: final thread_id=63, base_seed=nil
setup: assigned thread_id=64
init: final thread_id=64, base_seed=nil
setup: assigned thread_id=65
init: final thread_id=65, base_seed=nil
script_want_response
Running 30s test @ http://10.10.1.1:26040
  65 threads and 648 connections

  Thread calibration: mean lat.: 103.604ms, rate sampling interval: 405ms
  Thread calibration: mean lat.: 113.881ms, rate sampling interval: 418ms
  Thread calibration: mean lat.: 109.781ms, rate sampling interval: 408ms
  Thread calibration: mean lat.: 110.646ms, rate sampling interval: 419ms
  Thread calibration: mean lat.: 109.974ms, rate sampling interval: 418ms
  Thread calibration: mean lat.: 107.468ms, rate sampling interval: 407ms
  Thread calibration: mean lat.: 107.786ms, rate sampling interval: 417ms
  Thread calibration: mean lat.: 110.789ms, rate sampling interval: 418ms
  Thread calibration: mean lat.: 113.205ms, rate sampling interval: 437ms
  Thread calibration: mean lat.: 109.479ms, rate sampling interval: 441ms
  Thread calibration: mean lat.: 102.270ms, rate sampling interval: 404ms
  Thread calibration: mean lat.: 101.350ms, rate sampling interval: 400ms
  Thread calibration: mean lat.: 99.260ms, rate sampling interval: 391ms
  Thread calibration: mean lat.: 99.524ms, rate sampling interval: 394ms
  Thread calibration: mean lat.: 95.539ms, rate sampling interval: 386ms
  Thread calibration: mean lat.: 94.649ms, rate sampling interval: 388ms
  Thread calibration: mean lat.: 92.052ms, rate sampling interval: 373ms
  Thread calibration: mean lat.: 92.349ms, rate sampling interval: 373ms
  Thread calibration: mean lat.: 90.953ms, rate sampling interval: 368ms
  Thread calibration: mean lat.: 88.713ms, rate sampling interval: 367ms
  Thread calibration: mean lat.: 89.627ms, rate sampling interval: 367ms
  Thread calibration: mean lat.: 92.566ms, rate sampling interval: 370ms
  Thread calibration: mean lat.: 92.167ms, rate sampling interval: 371ms
  Thread calibration: mean lat.: 92.881ms, rate sampling interval: 377ms
  Thread calibration: mean lat.: 92.442ms, rate sampling interval: 380ms
  Thread calibration: mean lat.: 95.934ms, rate sampling interval: 408ms
  Thread calibration: mean lat.: 90.075ms, rate sampling interval: 339ms
  Thread calibration: mean lat.: 92.076ms, rate sampling interval: 341ms
  Thread calibration: mean lat.: 92.224ms, rate sampling interval: 339ms
  Thread calibration: mean lat.: 94.972ms, rate sampling interval: 439ms
  Thread calibration: mean lat.: 100.766ms, rate sampling interval: 444ms
  Thread calibration: mean lat.: 94.735ms, rate sampling interval: 435ms
  Thread calibration: mean lat.: 100.784ms, rate sampling interval: 439ms
  Thread calibration: mean lat.: 98.481ms, rate sampling interval: 426ms
  Thread calibration: mean lat.: 98.047ms, rate sampling interval: 424ms
  Thread calibration: mean lat.: 103.551ms, rate sampling interval: 433ms
  Thread calibration: mean lat.: 103.637ms, rate sampling interval: 429ms
  Thread calibration: mean lat.: 105.962ms, rate sampling interval: 427ms
  Thread calibration: mean lat.: 105.313ms, rate sampling interval: 427ms
  Thread calibration: mean lat.: 108.865ms, rate sampling interval: 430ms
  Thread calibration: mean lat.: 111.773ms, rate sampling interval: 430ms
  Thread calibration: mean lat.: 113.707ms, rate sampling interval: 428ms
  Thread calibration: mean lat.: 109.596ms, rate sampling interval: 421ms
  Thread calibration: mean lat.: 113.492ms, rate sampling interval: 425ms
  Thread calibration: mean lat.: 112.175ms, rate sampling interval: 415ms
  Thread calibration: mean lat.: 110.484ms, rate sampling interval: 411ms
  Thread calibration: mean lat.: 112.589ms, rate sampling interval: 412ms
  Thread calibration: mean lat.: 115.919ms, rate sampling interval: 417ms
  Thread calibration: mean lat.: 110.919ms, rate sampling interval: 409ms
  Thread calibration: mean lat.: 114.359ms, rate sampling interval: 407ms
  Thread calibration: mean lat.: 115.561ms, rate sampling interval: 407ms
  Thread calibration: mean lat.: 108.168ms, rate sampling interval: 392ms
  Thread calibration: mean lat.: 109.006ms, rate sampling interval: 392ms
  Thread calibration: mean lat.: 116.291ms, rate sampling interval: 417ms
  Thread calibration: mean lat.: 114.213ms, rate sampling interval: 409ms
  Thread calibration: mean lat.: 121.101ms, rate sampling interval: 446ms
  Thread calibration: mean lat.: 123.283ms, rate sampling interval: 477ms
  Thread calibration: mean lat.: 116.779ms, rate sampling interval: 460ms
  Thread calibration: mean lat.: 119.602ms, rate sampling interval: 473ms
  Thread calibration: mean lat.: 123.029ms, rate sampling interval: 477ms
  Thread calibration: mean lat.: 115.186ms, rate sampling interval: 458ms
  Thread calibration: mean lat.: 115.883ms, rate sampling interval: 465ms
  Thread calibration: mean lat.: 114.357ms, rate sampling interval: 456ms
  Thread calibration: mean lat.: 109.222ms, rate sampling interval: 421ms
  Thread calibration: mean lat.: 114.806ms, rate sampling interval: 465ms

-----------------------------------------------------------------------
Test Results @ http://10.10.1.1:26040 
  Thread Stats   Avg      Stdev     99%   +/- Stdev
    Latency    65.76ms   25.06ms 127.29ms   67.84%
    Req/Sec    54.65      8.94    73.00     69.59%
  Latency Distribution (HdrHistogram - Recorded Latency)
 50.000%   65.28ms
 75.000%   82.62ms
 90.000%   98.18ms
 99.000%  127.29ms
 99.900%  145.92ms
 99.990%  159.62ms
 99.999%  179.07ms
100.000%  180.86ms

  Detailed Percentile spectrum:
       Value   Percentile   TotalCount 1/(1-Percentile)

       8.151     0.000000            1         1.00
      33.279     0.100000         7120         1.11
      44.223     0.200000        14254         1.25
      51.807     0.300000        21356         1.43
      58.207     0.400000        28483         1.67
      65.279     0.500000        35595         2.00
      68.799     0.550000        39189         2.22
      72.127     0.600000        42741         2.50
      75.455     0.650000        46303         2.86
      78.911     0.700000        49839         3.33
      82.623     0.750000        53377         4.00
      84.735     0.775000        55182         4.44
      86.975     0.800000        56956         5.00
      89.343     0.825000        58712         5.71
      91.711     0.850000        60498         6.67
      94.719     0.875000        62288         8.00
      96.319     0.887500        63161         8.89
      98.175     0.900000        64048        10.00
     100.223     0.912500        64952        11.43
     102.463     0.925000        65841        13.33
     104.959     0.937500        66721        16.00
     106.495     0.943750        67177        17.78
     108.351     0.950000        67608        20.00
     110.207     0.956250        68053        22.86
     111.999     0.962500        68507        26.67
     114.239     0.968750        68942        32.00
     115.391     0.971875        69162        35.56
     116.543     0.975000        69389        40.00
     118.015     0.978125        69612        45.71
     119.487     0.981250        69832        53.33
     121.407     0.984375        70049        64.00
     122.687     0.985938        70163        71.11
     124.159     0.987500        70271        80.00
     125.951     0.989062        70382        91.43
     128.127     0.990625        70496       106.67
     130.815     0.992188        70605       128.00
     131.839     0.992969        70664       142.22
     132.735     0.993750        70716       160.00
     134.015     0.994531        70772       182.86
     135.295     0.995313        70831       213.33
     136.575     0.996094        70883       256.00
     137.215     0.996484        70915       284.44
     137.855     0.996875        70940       320.00
     138.879     0.997266        70968       365.71
     139.903     0.997656        70994       426.67
     141.055     0.998047        71026       512.00
     141.439     0.998242        71035       568.89
     142.079     0.998437        71050       640.00
     143.231     0.998633        71063       731.43
     144.639     0.998828        71078       853.33
     146.175     0.999023        71092      1024.00
     146.815     0.999121        71098      1137.78
     147.327     0.999219        71107      1280.00
     147.967     0.999316        71112      1462.86
     148.479     0.999414        71119      1706.67
     149.759     0.999512        71126      2048.00
     150.911     0.999561        71130      2275.56
     152.575     0.999609        71133      2560.00
     153.727     0.999658        71137      2925.71
     157.823     0.999707        71141      3413.33
     157.951     0.999756        71143      4096.00
     158.335     0.999780        71145      4551.11
     158.847     0.999805        71147      5120.00
     158.975     0.999829        71149      5851.43
     159.103     0.999854        71150      6826.67
     159.487     0.999878        71152      8192.00
     159.615     0.999890        71153      9102.22
     160.127     0.999902        71154     10240.00
     160.127     0.999915        71154     11702.86
     160.255     0.999927        71155     13653.33
     160.383     0.999939        71156     16384.00
     162.303     0.999945        71157     18204.44
     162.303     0.999951        71157     20480.00
     162.303     0.999957        71157     23405.71
     162.943     0.999963        71158     27306.67
     162.943     0.999969        71158     32768.00
     179.071     0.999973        71159     36408.89
     179.071     0.999976        71159     40960.00
     179.071     0.999979        71159     46811.43
     179.071     0.999982        71159     54613.33
     179.071     0.999985        71159     65536.00
     180.863     0.999986        71160     72817.78
     180.863     1.000000        71160          inf
#[Mean    =       65.759, StdDeviation   =       25.056]
#[Max     =      180.736, Total count    =        71160]
#[Buckets =           27, SubBuckets     =         2048]
-----------------------------------------------------------------------
  106153 requests in 29.92s, 16.46MB read
Requests/sec:   3548.43  
Transfer/sec:    563.43KB

=== rps=3800 c=722 t=73 url=http://10.10.1.1:26040 ===
setup: assigned thread_id=1
init: final thread_id=1, base_seed=nil
setup: assigned thread_id=2
init: final thread_id=2, base_seed=nil
setup: assigned thread_id=3
init: final thread_id=3, base_seed=nil
setup: assigned thread_id=4
init: final thread_id=4, base_seed=nil
setup: assigned thread_id=5
init: final thread_id=5, base_seed=nil
setup: assigned thread_id=6
init: final thread_id=6, base_seed=nil
setup: assigned thread_id=7
init: final thread_id=7, base_seed=nil
setup: assigned thread_id=8
init: final thread_id=8, base_seed=nil
setup: assigned thread_id=9
init: final thread_id=9, base_seed=nil
setup: assigned thread_id=10
init: final thread_id=10, base_seed=nil
setup: assigned thread_id=11
init: final thread_id=11, base_seed=nil
setup: assigned thread_id=12
init: final thread_id=12, base_seed=nil
setup: assigned thread_id=13
init: final thread_id=13, base_seed=nil
setup: assigned thread_id=14
init: final thread_id=14, base_seed=nil
setup: assigned thread_id=15
init: final thread_id=15, base_seed=nil
setup: assigned thread_id=16
init: final thread_id=16, base_seed=nil
setup: assigned thread_id=17
init: final thread_id=17, base_seed=nil
setup: assigned thread_id=18
init: final thread_id=18, base_seed=nil
setup: assigned thread_id=19
init: final thread_id=19, base_seed=nil
setup: assigned thread_id=20
init: final thread_id=20, base_seed=nil
setup: assigned thread_id=21
init: final thread_id=21, base_seed=nil
setup: assigned thread_id=22
init: final thread_id=22, base_seed=nil
setup: assigned thread_id=23
init: final thread_id=23, base_seed=nil
setup: assigned thread_id=24
init: final thread_id=24, base_seed=nil
setup: assigned thread_id=25
init: final thread_id=25, base_seed=nil
setup: assigned thread_id=26
init: final thread_id=26, base_seed=nil
setup: assigned thread_id=27
init: final thread_id=27, base_seed=nil
setup: assigned thread_id=28
init: final thread_id=28, base_seed=nil
setup: assigned thread_id=29
init: final thread_id=29, base_seed=nil
setup: assigned thread_id=30
init: final thread_id=30, base_seed=nil
setup: assigned thread_id=31
init: final thread_id=31, base_seed=nil
setup: assigned thread_id=32
init: final thread_id=32, base_seed=nil
setup: assigned thread_id=33
init: final thread_id=33, base_seed=nil
setup: assigned thread_id=34
init: final thread_id=34, base_seed=nil
setup: assigned thread_id=35
init: final thread_id=35, base_seed=nil
setup: assigned thread_id=36
init: final thread_id=36, base_seed=nil
setup: assigned thread_id=37
init: final thread_id=37, base_seed=nil
setup: assigned thread_id=38
init: final thread_id=38, base_seed=nil
setup: assigned thread_id=39
init: final thread_id=39, base_seed=nil
setup: assigned thread_id=40
init: final thread_id=40, base_seed=nil
setup: assigned thread_id=41
init: final thread_id=41, base_seed=nil
setup: assigned thread_id=42
init: final thread_id=42, base_seed=nil
setup: assigned thread_id=43
init: final thread_id=43, base_seed=nil
setup: assigned thread_id=44
init: final thread_id=44, base_seed=nil
setup: assigned thread_id=45
init: final thread_id=45, base_seed=nil
setup: assigned thread_id=46
init: final thread_id=46, base_seed=nil
setup: assigned thread_id=47
init: final thread_id=47, base_seed=nil
setup: assigned thread_id=48
init: final thread_id=48, base_seed=nil
setup: assigned thread_id=49
init: final thread_id=49, base_seed=nil
setup: assigned thread_id=50
init: final thread_id=50, base_seed=nil
setup: assigned thread_id=51
init: final thread_id=51, base_seed=nil
setup: assigned thread_id=52
init: final thread_id=52, base_seed=nil
setup: assigned thread_id=53
init: final thread_id=53, base_seed=nil
setup: assigned thread_id=54
init: final thread_id=54, base_seed=nil
setup: assigned thread_id=55
init: final thread_id=55, base_seed=nil
setup: assigned thread_id=56
init: final thread_id=56, base_seed=nil
setup: assigned thread_id=57
init: final thread_id=57, base_seed=nil
setup: assigned thread_id=58
init: final thread_id=58, base_seed=nil
setup: assigned thread_id=59
init: final thread_id=59, base_seed=nil
setup: assigned thread_id=60
init: final thread_id=60, base_seed=nil
setup: assigned thread_id=61
init: final thread_id=61, base_seed=nil
setup: assigned thread_id=62
init: final thread_id=62, base_seed=nil
setup: assigned thread_id=63
init: final thread_id=63, base_seed=nil
setup: assigned thread_id=64
init: final thread_id=64, base_seed=nil
setup: assigned thread_id=65
init: final thread_id=65, base_seed=nil
setup: assigned thread_id=66
init: final thread_id=66, base_seed=nil
setup: assigned thread_id=67
init: final thread_id=67, base_seed=nil
setup: assigned thread_id=68
init: final thread_id=68, base_seed=nil
setup: assigned thread_id=69
init: final thread_id=69, base_seed=nil
setup: assigned thread_id=70
init: final thread_id=70, base_seed=nil
setup: assigned thread_id=71
init: final thread_id=71, base_seed=nil
setup: assigned thread_id=72
init: final thread_id=72, base_seed=nil
setup: assigned thread_id=73
init: final thread_id=73, base_seed=nil
script_want_response
Running 30s test @ http://10.10.1.1:26040
  73 threads and 722 connections

  Thread calibration: mean lat.: 102.484ms, rate sampling interval: 367ms
  Thread calibration: mean lat.: 101.038ms, rate sampling interval: 364ms
  Thread calibration: mean lat.: 100.172ms, rate sampling interval: 364ms
  Thread calibration: mean lat.: 105.517ms, rate sampling interval: 369ms
  Thread calibration: mean lat.: 104.222ms, rate sampling interval: 371ms
  Thread calibration: mean lat.: 101.503ms, rate sampling interval: 374ms
  Thread calibration: mean lat.: 101.993ms, rate sampling interval: 376ms
  Thread calibration: mean lat.: 97.584ms, rate sampling interval: 379ms
  Thread calibration: mean lat.: 98.587ms, rate sampling interval: 390ms
  Thread calibration: mean lat.: 96.740ms, rate sampling interval: 389ms
  Thread calibration: mean lat.: 88.354ms, rate sampling interval: 381ms
  Thread calibration: mean lat.: 85.865ms, rate sampling interval: 368ms
  Thread calibration: mean lat.: 85.019ms, rate sampling interval: 367ms
  Thread calibration: mean lat.: 83.651ms, rate sampling interval: 360ms
  Thread calibration: mean lat.: 80.233ms, rate sampling interval: 320ms
  Thread calibration: mean lat.: 79.135ms, rate sampling interval: 319ms
  Thread calibration: mean lat.: 75.983ms, rate sampling interval: 310ms
  Thread calibration: mean lat.: 75.445ms, rate sampling interval: 309ms
  Thread calibration: mean lat.: 75.405ms, rate sampling interval: 306ms
  Thread calibration: mean lat.: 75.031ms, rate sampling interval: 305ms
  Thread calibration: mean lat.: 74.886ms, rate sampling interval: 303ms
  Thread calibration: mean lat.: 74.331ms, rate sampling interval: 302ms
  Thread calibration: mean lat.: 74.428ms, rate sampling interval: 300ms
  Thread calibration: mean lat.: 78.674ms, rate sampling interval: 333ms
  Thread calibration: mean lat.: 80.458ms, rate sampling interval: 348ms
  Thread calibration: mean lat.: 82.178ms, rate sampling interval: 385ms
  Thread calibration: mean lat.: 78.316ms, rate sampling interval: 346ms
  Thread calibration: mean lat.: 82.359ms, rate sampling interval: 389ms
  Thread calibration: mean lat.: 85.808ms, rate sampling interval: 397ms
  Thread calibration: mean lat.: 87.820ms, rate sampling interval: 402ms
  Thread calibration: mean lat.: 90.951ms, rate sampling interval: 396ms
  Thread calibration: mean lat.: 85.710ms, rate sampling interval: 390ms
  Thread calibration: mean lat.: 74.315ms, rate sampling interval: 295ms
  Thread calibration: mean lat.: 86.451ms, rate sampling interval: 377ms
  Thread calibration: mean lat.: 89.986ms, rate sampling interval: 382ms
  Thread calibration: mean lat.: 90.131ms, rate sampling interval: 375ms
  Thread calibration: mean lat.: 91.979ms, rate sampling interval: 376ms
  Thread calibration: mean lat.: 91.283ms, rate sampling interval: 374ms
  Thread calibration: mean lat.: 95.773ms, rate sampling interval: 373ms
  Thread calibration: mean lat.: 94.169ms, rate sampling interval: 375ms
  Thread calibration: mean lat.: 70.584ms, rate sampling interval: 281ms
  Thread calibration: mean lat.: 68.461ms, rate sampling interval: 279ms
  Thread calibration: mean lat.: 96.229ms, rate sampling interval: 368ms
  Thread calibration: mean lat.: 98.322ms, rate sampling interval: 369ms
  Thread calibration: mean lat.: 101.877ms, rate sampling interval: 373ms
  Thread calibration: mean lat.: 101.597ms, rate sampling interval: 369ms
  Thread calibration: mean lat.: 101.874ms, rate sampling interval: 365ms
  Thread calibration: mean lat.: 103.364ms, rate sampling interval: 366ms
  Thread calibration: mean lat.: 104.681ms, rate sampling interval: 365ms
  Thread calibration: mean lat.: 106.210ms, rate sampling interval: 364ms
  Thread calibration: mean lat.: 104.133ms, rate sampling interval: 356ms
  Thread calibration: mean lat.: 107.808ms, rate sampling interval: 362ms
  Thread calibration: mean lat.: 102.749ms, rate sampling interval: 348ms
  Thread calibration: mean lat.: 102.519ms, rate sampling interval: 349ms
  Thread calibration: mean lat.: 101.521ms, rate sampling interval: 339ms
  Thread calibration: mean lat.: 101.897ms, rate sampling interval: 337ms
  Thread calibration: mean lat.: 101.884ms, rate sampling interval: 330ms
  Thread calibration: mean lat.: 101.548ms, rate sampling interval: 324ms
  Thread calibration: mean lat.: 95.622ms, rate sampling interval: 383ms
  Thread calibration: mean lat.: 96.445ms, rate sampling interval: 378ms
  Thread calibration: mean lat.: 97.260ms, rate sampling interval: 312ms
  Thread calibration: mean lat.: 93.404ms, rate sampling interval: 370ms
  Thread calibration: mean lat.: 99.222ms, rate sampling interval: 324ms
  Thread calibration: mean lat.: 98.874ms, rate sampling interval: 325ms
  Thread calibration: mean lat.: 99.609ms, rate sampling interval: 349ms
  Thread calibration: mean lat.: 98.904ms, rate sampling interval: 347ms
  Thread calibration: mean lat.: 104.345ms, rate sampling interval: 425ms
  Thread calibration: mean lat.: 104.357ms, rate sampling interval: 429ms
  Thread calibration: mean lat.: 101.966ms, rate sampling interval: 415ms
  Thread calibration: mean lat.: 103.852ms, rate sampling interval: 427ms
  Thread calibration: mean lat.: 105.940ms, rate sampling interval: 429ms
  Thread calibration: mean lat.: 108.498ms, rate sampling interval: 433ms
  Thread calibration: mean lat.: 108.771ms, rate sampling interval: 429ms

-----------------------------------------------------------------------
Test Results @ http://10.10.1.1:26040 
  Thread Stats   Avg      Stdev     99%   +/- Stdev
    Latency   108.17ms   75.07ms 297.47ms   62.14%
    Req/Sec    51.32      8.86    71.00     78.67%
  Latency Distribution (HdrHistogram - Recorded Latency)
 50.000%   94.91ms
 75.000%  171.52ms
 90.000%  212.86ms
 99.000%  297.47ms
 99.900%  337.15ms
 99.990%  355.33ms
 99.999%  362.75ms
100.000%  364.54ms

  Detailed Percentile spectrum:
       Value   Percentile   TotalCount 1/(1-Percentile)

       8.623     0.000000            1         1.00
      21.023     0.100000         7492         1.11
      35.551     0.200000        14970         1.25
      47.647     0.300000        22440         1.43
      60.863     0.400000        29926         1.67
      94.911     0.500000        37398         2.00
     111.295     0.550000        41139         2.22
     128.831     0.600000        44878         2.50
     141.439     0.650000        48640         2.86
     156.287     0.700000        52365         3.33
     171.519     0.750000        56107         4.00
     176.895     0.775000        57997         4.44
     182.527     0.800000        59859         5.00
     188.799     0.825000        61708         5.71
     196.607     0.850000        63593         6.67
     204.927     0.875000        65453         8.00
     209.023     0.887500        66387         8.89
     212.863     0.900000        67316        10.00
     217.087     0.912500        68262        11.43
     221.439     0.925000        69187        13.33
     226.175     0.937500        70124        16.00
     228.735     0.943750        70593        17.78
     231.935     0.950000        71067        20.00
     235.391     0.956250        71528        22.86
     239.999     0.962500        71991        26.67
     247.551     0.968750        72459        32.00
     252.799     0.971875        72691        35.56
     259.071     0.975000        72930        40.00
     265.983     0.978125        73164        45.71
     274.431     0.981250        73392        53.33
     284.415     0.984375        73627        64.00
     288.511     0.985938        73751        71.11
     292.095     0.987500        73867        80.00
     295.423     0.989062        73980        91.43
     298.495     0.990625        74096       106.67
     302.335     0.992188        74215       128.00
     304.639     0.992969        74273       142.22
     306.687     0.993750        74329       160.00
     310.015     0.994531        74386       182.86
     313.343     0.995313        74444       213.33
     317.951     0.996094        74503       256.00
     320.767     0.996484        74533       284.44
     323.583     0.996875        74563       320.00
     325.631     0.997266        74592       365.71
     328.191     0.997656        74620       426.67
     330.495     0.998047        74649       512.00
     331.775     0.998242        74667       568.89
     333.311     0.998437        74679       640.00
     334.847     0.998633        74693       731.43
     335.871     0.998828        74709       853.33
     337.407     0.999023        74721      1024.00
     338.431     0.999121        74732      1137.78
     338.943     0.999219        74736      1280.00
     339.967     0.999316        74744      1462.86
     340.479     0.999414        74753      1706.67
     341.247     0.999512        74758      2048.00
     342.783     0.999561        74765      2275.56
     342.783     0.999609        74765      2560.00
     344.319     0.999658        74769      2925.71
     346.111     0.999707        74773      3413.33
     346.879     0.999756        74776      4096.00
     347.391     0.999780        74778      4551.11
     348.927     0.999805        74780      5120.00
     349.951     0.999829        74782      5851.43
     351.231     0.999854        74784      6826.67
     351.487     0.999878        74786      8192.00
     351.487     0.999890        74786      9102.22
     355.327     0.999902        74787     10240.00
     356.863     0.999915        74789     11702.86
     356.863     0.999927        74789     13653.33
     361.215     0.999939        74790     16384.00
     361.215     0.999945        74790     18204.44
     361.983     0.999951        74791     20480.00
     361.983     0.999957        74791     23405.71
     362.239     0.999963        74792     27306.67
     362.239     0.999969        74792     32768.00
     362.239     0.999973        74792     36408.89
     362.751     0.999976        74793     40960.00
     362.751     0.999979        74793     46811.43
     362.751     0.999982        74793     54613.33
     362.751     0.999985        74793     65536.00
     362.751     0.999986        74793     72817.78
     364.543     0.999988        74794     81920.00
     364.543     1.000000        74794          inf
#[Mean    =      108.168, StdDeviation   =       75.073]
#[Max     =      364.288, Total count    =        74794]
#[Buckets =           27, SubBuckets     =         2048]
-----------------------------------------------------------------------
  111996 requests in 29.88s, 17.37MB read
Requests/sec:   3748.13  
Transfer/sec:    595.10KB

=== rps=4000 c=800 t=80 url=http://10.10.1.1:26040 ===
setup: assigned thread_id=1
init: final thread_id=1, base_seed=nil
setup: assigned thread_id=2
init: final thread_id=2, base_seed=nil
setup: assigned thread_id=3
init: final thread_id=3, base_seed=nil
setup: assigned thread_id=4
init: final thread_id=4, base_seed=nil
setup: assigned thread_id=5
init: final thread_id=5, base_seed=nil
setup: assigned thread_id=6
init: final thread_id=6, base_seed=nil
setup: assigned thread_id=7
init: final thread_id=7, base_seed=nil
setup: assigned thread_id=8
init: final thread_id=8, base_seed=nil
setup: assigned thread_id=9
init: final thread_id=9, base_seed=nil
setup: assigned thread_id=10
init: final thread_id=10, base_seed=nil
setup: assigned thread_id=11
init: final thread_id=11, base_seed=nil
setup: assigned thread_id=12
init: final thread_id=12, base_seed=nil
setup: assigned thread_id=13
init: final thread_id=13, base_seed=nil
setup: assigned thread_id=14
init: final thread_id=14, base_seed=nil
setup: assigned thread_id=15
init: final thread_id=15, base_seed=nil
setup: assigned thread_id=16
init: final thread_id=16, base_seed=nil
setup: assigned thread_id=17
init: final thread_id=17, base_seed=nil
setup: assigned thread_id=18
init: final thread_id=18, base_seed=nil
setup: assigned thread_id=19
init: final thread_id=19, base_seed=nil
setup: assigned thread_id=20
init: final thread_id=20, base_seed=nil
setup: assigned thread_id=21
init: final thread_id=21, base_seed=nil
setup: assigned thread_id=22
init: final thread_id=22, base_seed=nil
setup: assigned thread_id=23
init: final thread_id=23, base_seed=nil
setup: assigned thread_id=24
init: final thread_id=24, base_seed=nil
setup: assigned thread_id=25
init: final thread_id=25, base_seed=nil
setup: assigned thread_id=26
init: final thread_id=26, base_seed=nil
setup: assigned thread_id=27
init: final thread_id=27, base_seed=nil
setup: assigned thread_id=28
init: final thread_id=28, base_seed=nil
setup: assigned thread_id=29
init: final thread_id=29, base_seed=nil
setup: assigned thread_id=30
init: final thread_id=30, base_seed=nil
setup: assigned thread_id=31
init: final thread_id=31, base_seed=nil
setup: assigned thread_id=32
init: final thread_id=32, base_seed=nil
setup: assigned thread_id=33
init: final thread_id=33, base_seed=nil
setup: assigned thread_id=34
init: final thread_id=34, base_seed=nil
setup: assigned thread_id=35
init: final thread_id=35, base_seed=nil
setup: assigned thread_id=36
init: final thread_id=36, base_seed=nil
setup: assigned thread_id=37
init: final thread_id=37, base_seed=nil
setup: assigned thread_id=38
init: final thread_id=38, base_seed=nil
setup: assigned thread_id=39
init: final thread_id=39, base_seed=nil
setup: assigned thread_id=40
init: final thread_id=40, base_seed=nil
setup: assigned thread_id=41
init: final thread_id=41, base_seed=nil
setup: assigned thread_id=42
init: final thread_id=42, base_seed=nil
setup: assigned thread_id=43
init: final thread_id=43, base_seed=nil
setup: assigned thread_id=44
init: final thread_id=44, base_seed=nil
setup: assigned thread_id=45
init: final thread_id=45, base_seed=nil
setup: assigned thread_id=46
init: final thread_id=46, base_seed=nil
setup: assigned thread_id=47
init: final thread_id=47, base_seed=nil
setup: assigned thread_id=48
init: final thread_id=48, base_seed=nil
setup: assigned thread_id=49
init: final thread_id=49, base_seed=nil
setup: assigned thread_id=50
init: final thread_id=50, base_seed=nil
setup: assigned thread_id=51
init: final thread_id=51, base_seed=nil
setup: assigned thread_id=52
init: final thread_id=52, base_seed=nil
setup: assigned thread_id=53
init: final thread_id=53, base_seed=nil
setup: assigned thread_id=54
init: final thread_id=54, base_seed=nil
setup: assigned thread_id=55
init: final thread_id=55, base_seed=nil
setup: assigned thread_id=56
init: final thread_id=56, base_seed=nil
setup: assigned thread_id=57
init: final thread_id=57, base_seed=nil
setup: assigned thread_id=58
init: final thread_id=58, base_seed=nil
setup: assigned thread_id=59
init: final thread_id=59, base_seed=nil
setup: assigned thread_id=60
init: final thread_id=60, base_seed=nil
setup: assigned thread_id=61
init: final thread_id=61, base_seed=nil
setup: assigned thread_id=62
init: final thread_id=62, base_seed=nil
setup: assigned thread_id=63
init: final thread_id=63, base_seed=nil
setup: assigned thread_id=64
init: final thread_id=64, base_seed=nil
setup: assigned thread_id=65
init: final thread_id=65, base_seed=nil
setup: assigned thread_id=66
init: final thread_id=66, base_seed=nil
setup: assigned thread_id=67
init: final thread_id=67, base_seed=nil
setup: assigned thread_id=68
init: final thread_id=68, base_seed=nil
setup: assigned thread_id=69
init: final thread_id=69, base_seed=nil
setup: assigned thread_id=70
init: final thread_id=70, base_seed=nil
setup: assigned thread_id=71
init: final thread_id=71, base_seed=nil
setup: assigned thread_id=72
init: final thread_id=72, base_seed=nil
setup: assigned thread_id=73
init: final thread_id=73, base_seed=nil
setup: assigned thread_id=74
init: final thread_id=74, base_seed=nil
setup: assigned thread_id=75
init: final thread_id=75, base_seed=nil
setup: assigned thread_id=76
init: final thread_id=76, base_seed=nil
setup: assigned thread_id=77
init: final thread_id=77, base_seed=nil
setup: assigned thread_id=78
init: final thread_id=78, base_seed=nil
setup: assigned thread_id=79
init: final thread_id=79, base_seed=nil
setup: assigned thread_id=80
init: final thread_id=80, base_seed=nil
script_want_response
Running 30s test @ http://10.10.1.1:26040
  80 threads and 800 connections

  Thread calibration: mean lat.: 246.219ms, rate sampling interval: 734ms
  Thread calibration: mean lat.: 253.480ms, rate sampling interval: 791ms
  Thread calibration: mean lat.: 264.965ms, rate sampling interval: 780ms
  Thread calibration: mean lat.: 245.918ms, rate sampling interval: 715ms
  Thread calibration: mean lat.: 308.158ms, rate sampling interval: 1001ms
  Thread calibration: mean lat.: 269.557ms, rate sampling interval: 842ms
  Thread calibration: mean lat.: 259.265ms, rate sampling interval: 770ms
  Thread calibration: mean lat.: 295.312ms, rate sampling interval: 930ms
  Thread calibration: mean lat.: 307.268ms, rate sampling interval: 904ms
  Thread calibration: mean lat.: 295.561ms, rate sampling interval: 902ms
  Thread calibration: mean lat.: 330.505ms, rate sampling interval: 911ms
  Thread calibration: mean lat.: 294.048ms, rate sampling interval: 934ms
  Thread calibration: mean lat.: 290.618ms, rate sampling interval: 886ms
  Thread calibration: mean lat.: 264.874ms, rate sampling interval: 805ms
  Thread calibration: mean lat.: 259.520ms, rate sampling interval: 796ms
  Thread calibration: mean lat.: 302.927ms, rate sampling interval: 1044ms
  Thread calibration: mean lat.: 292.482ms, rate sampling interval: 851ms
  Thread calibration: mean lat.: 274.342ms, rate sampling interval: 838ms
  Thread calibration: mean lat.: 279.106ms, rate sampling interval: 813ms
  Thread calibration: mean lat.: 274.772ms, rate sampling interval: 933ms
  Thread calibration: mean lat.: 282.076ms, rate sampling interval: 940ms
  Thread calibration: mean lat.: 257.111ms, rate sampling interval: 760ms
  Thread calibration: mean lat.: 268.958ms, rate sampling interval: 750ms
  Thread calibration: mean lat.: 241.730ms, rate sampling interval: 748ms
  Thread calibration: mean lat.: 228.593ms, rate sampling interval: 650ms
  Thread calibration: mean lat.: 247.809ms, rate sampling interval: 756ms
  Thread calibration: mean lat.: 246.819ms, rate sampling interval: 767ms
  Thread calibration: mean lat.: 250.870ms, rate sampling interval: 757ms
  Thread calibration: mean lat.: 236.579ms, rate sampling interval: 727ms
  Thread calibration: mean lat.: 218.072ms, rate sampling interval: 617ms
  Thread calibration: mean lat.: 245.904ms, rate sampling interval: 760ms
  Thread calibration: mean lat.: 251.612ms, rate sampling interval: 819ms
  Thread calibration: mean lat.: 248.984ms, rate sampling interval: 735ms
  Thread calibration: mean lat.: 230.486ms, rate sampling interval: 681ms
  Thread calibration: mean lat.: 229.391ms, rate sampling interval: 650ms
  Thread calibration: mean lat.: 237.999ms, rate sampling interval: 724ms
  Thread calibration: mean lat.: 265.467ms, rate sampling interval: 811ms
  Thread calibration: mean lat.: 243.771ms, rate sampling interval: 708ms
  Thread calibration: mean lat.: 233.386ms, rate sampling interval: 662ms
  Thread calibration: mean lat.: 276.737ms, rate sampling interval: 839ms
  Thread calibration: mean lat.: 260.528ms, rate sampling interval: 823ms
  Thread calibration: mean lat.: 291.755ms, rate sampling interval: 953ms
  Thread calibration: mean lat.: 266.070ms, rate sampling interval: 754ms
  Thread calibration: mean lat.: 290.178ms, rate sampling interval: 863ms
  Thread calibration: mean lat.: 282.007ms, rate sampling interval: 899ms
  Thread calibration: mean lat.: 273.729ms, rate sampling interval: 827ms
  Thread calibration: mean lat.: 284.717ms, rate sampling interval: 946ms
  Thread calibration: mean lat.: 278.642ms, rate sampling interval: 988ms
  Thread calibration: mean lat.: 297.265ms, rate sampling interval: 1014ms
  Thread calibration: mean lat.: 258.771ms, rate sampling interval: 773ms
  Thread calibration: mean lat.: 263.605ms, rate sampling interval: 786ms
  Thread calibration: mean lat.: 276.572ms, rate sampling interval: 819ms
  Thread calibration: mean lat.: 276.801ms, rate sampling interval: 911ms
  Thread calibration: mean lat.: 269.777ms, rate sampling interval: 855ms
  Thread calibration: mean lat.: 270.399ms, rate sampling interval: 803ms
  Thread calibration: mean lat.: 300.085ms, rate sampling interval: 930ms
  Thread calibration: mean lat.: 265.188ms, rate sampling interval: 755ms
  Thread calibration: mean lat.: 275.678ms, rate sampling interval: 843ms
  Thread calibration: mean lat.: 268.826ms, rate sampling interval: 746ms
  Thread calibration: mean lat.: 250.473ms, rate sampling interval: 718ms
  Thread calibration: mean lat.: 314.698ms, rate sampling interval: 1074ms
  Thread calibration: mean lat.: 278.209ms, rate sampling interval: 797ms
  Thread calibration: mean lat.: 293.562ms, rate sampling interval: 835ms
  Thread calibration: mean lat.: 278.676ms, rate sampling interval: 958ms
  Thread calibration: mean lat.: 285.726ms, rate sampling interval: 1003ms
  Thread calibration: mean lat.: 275.785ms, rate sampling interval: 779ms
  Thread calibration: mean lat.: 267.273ms, rate sampling interval: 746ms
  Thread calibration: mean lat.: 304.007ms, rate sampling interval: 901ms
  Thread calibration: mean lat.: 283.028ms, rate sampling interval: 870ms
  Thread calibration: mean lat.: 263.530ms, rate sampling interval: 788ms
  Thread calibration: mean lat.: 262.940ms, rate sampling interval: 760ms
  Thread calibration: mean lat.: 285.774ms, rate sampling interval: 792ms
  Thread calibration: mean lat.: 303.815ms, rate sampling interval: 884ms
  Thread calibration: mean lat.: 269.875ms, rate sampling interval: 761ms
  Thread calibration: mean lat.: 259.683ms, rate sampling interval: 731ms
  Thread calibration: mean lat.: 284.010ms, rate sampling interval: 836ms
  Thread calibration: mean lat.: 268.448ms, rate sampling interval: 813ms
  Thread calibration: mean lat.: 281.182ms, rate sampling interval: 799ms
  Thread calibration: mean lat.: 301.150ms, rate sampling interval: 936ms
  Thread calibration: mean lat.: 289.893ms, rate sampling interval: 821ms

-----------------------------------------------------------------------
Test Results @ http://10.10.1.1:26040 
  Thread Stats   Avg      Stdev     99%   +/- Stdev
    Latency   365.10ms  212.10ms 938.49ms   67.97%
    Req/Sec    49.39      4.68    60.00     81.58%
  Latency Distribution (HdrHistogram - Recorded Latency)
 50.000%  343.30ms
 75.000%  507.65ms
 90.000%  642.05ms
 99.000%  938.49ms
 99.900%    1.20s 
 99.990%    1.50s 
 99.999%    1.54s 
100.000%    1.54s 

  Detailed Percentile spectrum:
       Value   Percentile   TotalCount 1/(1-Percentile)

       8.871     0.000000            1         1.00
     116.479     0.100000         7938         1.11
     170.367     0.200000        15881         1.25
     214.143     0.300000        23810         1.43
     273.919     0.400000        31743         1.67
     343.295     0.500000        39682         2.00
     381.695     0.550000        43666         2.22
     414.207     0.600000        47632         2.50
     440.575     0.650000        51581         2.86
     475.647     0.700000        55549         3.33
     507.647     0.750000        59524         4.00
     524.799     0.775000        61546         4.44
     540.159     0.800000        63500         5.00
     563.711     0.825000        65489         5.71
     585.727     0.850000        67480         6.67
     613.887     0.875000        69453         8.00
     627.711     0.887500        70465         8.89
     642.047     0.900000        71452        10.00
     665.599     0.912500        72416        11.43
     685.567     0.925000        73408        13.33
     713.727     0.937500        74406        16.00
     727.039     0.943750        74905        17.78
     741.887     0.950000        75395        20.00
     763.391     0.956250        75890        22.86
     783.871     0.962500        76384        26.67
     809.983     0.968750        76887        32.00
     821.247     0.971875        77132        35.56
     834.559     0.975000        77377        40.00
     849.407     0.978125        77622        45.71
     868.863     0.981250        77871        53.33
     885.247     0.984375        78122        64.00
     896.511     0.985938        78240        71.11
     910.335     0.987500        78365        80.00
     927.743     0.989062        78492        91.43
     946.175     0.990625        78614       106.67
     971.775     0.992188        78739       128.00
     984.063     0.992969        78799       142.22
     997.887     0.993750        78860       160.00
    1016.319     0.994531        78922       182.86
    1028.095     0.995313        78984       213.33
    1045.503     0.996094        79046       256.00
    1058.815     0.996484        79077       284.44
    1071.103     0.996875        79109       320.00
    1086.463     0.997266        79142       365.71
    1099.775     0.997656        79171       426.67
    1114.111     0.998047        79202       512.00
    1124.351     0.998242        79216       568.89
    1130.495     0.998437        79232       640.00
    1142.783     0.998633        79247       731.43
    1162.239     0.998828        79263       853.33
    1217.535     0.999023        79278      1024.00
    1244.159     0.999121        79286      1137.78
    1256.447     0.999219        79294      1280.00
    1275.903     0.999316        79301      1462.86
    1292.287     0.999414        79309      1706.67
    1306.623     0.999512        79317      2048.00
    1319.935     0.999561        79322      2275.56
    1338.367     0.999609        79325      2560.00
    1359.871     0.999658        79328      2925.71
    1394.687     0.999707        79332      3413.33
    1425.407     0.999756        79336      4096.00
    1447.935     0.999780        79338      4551.11
    1456.127     0.999805        79340      5120.00
    1468.415     0.999829        79342      5851.43
    1480.703     0.999854        79344      6826.67
    1494.015     0.999878        79346      8192.00
    1500.159     0.999890        79348      9102.22
    1500.159     0.999902        79348     10240.00
    1503.231     0.999915        79349     11702.86
    1504.255     0.999927        79350     13653.33
    1505.279     0.999939        79351     16384.00
    1505.279     0.999945        79351     18204.44
    1518.591     0.999951        79352     20480.00
    1518.591     0.999957        79352     23405.71
    1524.735     0.999963        79353     27306.67
    1524.735     0.999969        79353     32768.00
    1524.735     0.999973        79353     36408.89
    1538.047     0.999976        79354     40960.00
    1538.047     0.999979        79354     46811.43
    1538.047     0.999982        79354     54613.33
    1538.047     0.999985        79354     65536.00
    1538.047     0.999986        79354     72817.78
    1541.119     0.999988        79355     81920.00
    1541.119     1.000000        79355          inf
#[Mean    =      365.102, StdDeviation   =      212.101]
#[Max     =     1540.096, Total count    =        79355]
#[Buckets =           27, SubBuckets     =         2048]
-----------------------------------------------------------------------
  117673 requests in 29.92s, 18.25MB read
Requests/sec:   3933.49  
Transfer/sec:    624.54KB

=== rps=4200 c=882 t=89 url=http://10.10.1.1:26040 ===
setup: assigned thread_id=1
init: final thread_id=1, base_seed=nil
setup: assigned thread_id=2
init: final thread_id=2, base_seed=nil
setup: assigned thread_id=3
init: final thread_id=3, base_seed=nil
setup: assigned thread_id=4
init: final thread_id=4, base_seed=nil
setup: assigned thread_id=5
init: final thread_id=5, base_seed=nil
setup: assigned thread_id=6
init: final thread_id=6, base_seed=nil
setup: assigned thread_id=7
init: final thread_id=7, base_seed=nil
setup: assigned thread_id=8
init: final thread_id=8, base_seed=nil
setup: assigned thread_id=9
init: final thread_id=9, base_seed=nil
setup: assigned thread_id=10
init: final thread_id=10, base_seed=nil
setup: assigned thread_id=11
init: final thread_id=11, base_seed=nil
setup: assigned thread_id=12
init: final thread_id=12, base_seed=nil
setup: assigned thread_id=13
init: final thread_id=13, base_seed=nil
setup: assigned thread_id=14
init: final thread_id=14, base_seed=nil
setup: assigned thread_id=15
init: final thread_id=15, base_seed=nil
setup: assigned thread_id=16
init: final thread_id=16, base_seed=nil
setup: assigned thread_id=17
init: final thread_id=17, base_seed=nil
setup: assigned thread_id=18
init: final thread_id=18, base_seed=nil
setup: assigned thread_id=19
init: final thread_id=19, base_seed=nil
setup: assigned thread_id=20
init: final thread_id=20, base_seed=nil
setup: assigned thread_id=21
init: final thread_id=21, base_seed=nil
setup: assigned thread_id=22
init: final thread_id=22, base_seed=nil
setup: assigned thread_id=23
init: final thread_id=23, base_seed=nil
setup: assigned thread_id=24
init: final thread_id=24, base_seed=nil
setup: assigned thread_id=25
init: final thread_id=25, base_seed=nil
setup: assigned thread_id=26
init: final thread_id=26, base_seed=nil
setup: assigned thread_id=27
init: final thread_id=27, base_seed=nil
setup: assigned thread_id=28
init: final thread_id=28, base_seed=nil
setup: assigned thread_id=29
init: final thread_id=29, base_seed=nil
setup: assigned thread_id=30
init: final thread_id=30, base_seed=nil
setup: assigned thread_id=31
init: final thread_id=31, base_seed=nil
setup: assigned thread_id=32
init: final thread_id=32, base_seed=nil
setup: assigned thread_id=33
init: final thread_id=33, base_seed=nil
setup: assigned thread_id=34
init: final thread_id=34, base_seed=nil
setup: assigned thread_id=35
init: final thread_id=35, base_seed=nil
setup: assigned thread_id=36
init: final thread_id=36, base_seed=nil
setup: assigned thread_id=37
init: final thread_id=37, base_seed=nil
setup: assigned thread_id=38
init: final thread_id=38, base_seed=nil
setup: assigned thread_id=39
init: final thread_id=39, base_seed=nil
setup: assigned thread_id=40
init: final thread_id=40, base_seed=nil
setup: assigned thread_id=41
init: final thread_id=41, base_seed=nil
setup: assigned thread_id=42
init: final thread_id=42, base_seed=nil
setup: assigned thread_id=43
init: final thread_id=43, base_seed=nil
setup: assigned thread_id=44
init: final thread_id=44, base_seed=nil
setup: assigned thread_id=45
init: final thread_id=45, base_seed=nil
setup: assigned thread_id=46
init: final thread_id=46, base_seed=nil
setup: assigned thread_id=47
init: final thread_id=47, base_seed=nil
setup: assigned thread_id=48
init: final thread_id=48, base_seed=nil
setup: assigned thread_id=49
init: final thread_id=49, base_seed=nil
setup: assigned thread_id=50
init: final thread_id=50, base_seed=nil
setup: assigned thread_id=51
init: final thread_id=51, base_seed=nil
setup: assigned thread_id=52
init: final thread_id=52, base_seed=nil
setup: assigned thread_id=53
init: final thread_id=53, base_seed=nil
setup: assigned thread_id=54
init: final thread_id=54, base_seed=nil
setup: assigned thread_id=55
init: final thread_id=55, base_seed=nil
setup: assigned thread_id=56
init: final thread_id=56, base_seed=nil
setup: assigned thread_id=57
init: final thread_id=57, base_seed=nil
setup: assigned thread_id=58
init: final thread_id=58, base_seed=nil
setup: assigned thread_id=59
init: final thread_id=59, base_seed=nil
setup: assigned thread_id=60
init: final thread_id=60, base_seed=nil
setup: assigned thread_id=61
init: final thread_id=61, base_seed=nil
setup: assigned thread_id=62
init: final thread_id=62, base_seed=nil
setup: assigned thread_id=63
init: final thread_id=63, base_seed=nil
setup: assigned thread_id=64
init: final thread_id=64, base_seed=nil
setup: assigned thread_id=65
init: final thread_id=65, base_seed=nil
setup: assigned thread_id=66
init: final thread_id=66, base_seed=nil
setup: assigned thread_id=67
init: final thread_id=67, base_seed=nil
setup: assigned thread_id=68
init: final thread_id=68, base_seed=nil
setup: assigned thread_id=69
init: final thread_id=69, base_seed=nil
setup: assigned thread_id=70
init: final thread_id=70, base_seed=nil
setup: assigned thread_id=71
init: final thread_id=71, base_seed=nil
setup: assigned thread_id=72
init: final thread_id=72, base_seed=nil
setup: assigned thread_id=73
init: final thread_id=73, base_seed=nil
setup: assigned thread_id=74
init: final thread_id=74, base_seed=nil
setup: assigned thread_id=75
init: final thread_id=75, base_seed=nil
setup: assigned thread_id=76
init: final thread_id=76, base_seed=nil
setup: assigned thread_id=77
init: final thread_id=77, base_seed=nil
setup: assigned thread_id=78
init: final thread_id=78, base_seed=nil
setup: assigned thread_id=79
init: final thread_id=79, base_seed=nil
setup: assigned thread_id=80
init: final thread_id=80, base_seed=nil
setup: assigned thread_id=81
init: final thread_id=81, base_seed=nil
setup: assigned thread_id=82
init: final thread_id=82, base_seed=nil
setup: assigned thread_id=83
init: final thread_id=83, base_seed=nil
setup: assigned thread_id=84
init: final thread_id=84, base_seed=nil
setup: assigned thread_id=85
init: final thread_id=85, base_seed=nil
setup: assigned thread_id=86
init: final thread_id=86, base_seed=nil
setup: assigned thread_id=87
init: final thread_id=87, base_seed=nil
setup: assigned thread_id=88
init: final thread_id=88, base_seed=nil
setup: assigned thread_id=89
init: final thread_id=89, base_seed=nil
script_want_response
Running 30s test @ http://10.10.1.1:26040
  89 threads and 882 connections

  Thread calibration: mean lat.: 201.925ms, rate sampling interval: 1061ms
  Thread calibration: mean lat.: 199.467ms, rate sampling interval: 987ms
  Thread calibration: mean lat.: 207.881ms, rate sampling interval: 1096ms
  Thread calibration: mean lat.: 212.136ms, rate sampling interval: 1138ms
  Thread calibration: mean lat.: 209.341ms, rate sampling interval: 1041ms
  Thread calibration: mean lat.: 201.998ms, rate sampling interval: 1019ms
  Thread calibration: mean lat.: 199.665ms, rate sampling interval: 1009ms
  Thread calibration: mean lat.: 210.999ms, rate sampling interval: 1073ms
  Thread calibration: mean lat.: 205.744ms, rate sampling interval: 1057ms
  Thread calibration: mean lat.: 210.102ms, rate sampling interval: 1136ms
  Thread calibration: mean lat.: 214.258ms, rate sampling interval: 1128ms
  Thread calibration: mean lat.: 227.176ms, rate sampling interval: 1151ms
  Thread calibration: mean lat.: 236.190ms, rate sampling interval: 1230ms
  Thread calibration: mean lat.: 214.790ms, rate sampling interval: 1078ms
  Thread calibration: mean lat.: 249.645ms, rate sampling interval: 1163ms
  Thread calibration: mean lat.: 250.316ms, rate sampling interval: 1292ms
  Thread calibration: mean lat.: 242.808ms, rate sampling interval: 1159ms
  Thread calibration: mean lat.: 236.700ms, rate sampling interval: 1123ms
  Thread calibration: mean lat.: 234.357ms, rate sampling interval: 1129ms
  Thread calibration: mean lat.: 238.715ms, rate sampling interval: 1207ms
  Thread calibration: mean lat.: 228.667ms, rate sampling interval: 1093ms
  Thread calibration: mean lat.: 234.478ms, rate sampling interval: 1189ms
  Thread calibration: mean lat.: 242.571ms, rate sampling interval: 1153ms
  Thread calibration: mean lat.: 229.224ms, rate sampling interval: 1105ms
  Thread calibration: mean lat.: 222.957ms, rate sampling interval: 1043ms
  Thread calibration: mean lat.: 229.475ms, rate sampling interval: 1184ms
  Thread calibration: mean lat.: 211.298ms, rate sampling interval: 1051ms
  Thread calibration: mean lat.: 219.482ms, rate sampling interval: 1093ms
  Thread calibration: mean lat.: 214.730ms, rate sampling interval: 1035ms
  Thread calibration: mean lat.: 219.283ms, rate sampling interval: 1136ms
  Thread calibration: mean lat.: 204.490ms, rate sampling interval: 1076ms
  Thread calibration: mean lat.: 209.854ms, rate sampling interval: 1104ms
  Thread calibration: mean lat.: 197.623ms, rate sampling interval: 957ms
  Thread calibration: mean lat.: 220.047ms, rate sampling interval: 1160ms
  Thread calibration: mean lat.: 232.799ms, rate sampling interval: 1210ms
  Thread calibration: mean lat.: 213.164ms, rate sampling interval: 1025ms
  Thread calibration: mean lat.: 217.365ms, rate sampling interval: 1104ms
  Thread calibration: mean lat.: 225.912ms, rate sampling interval: 1156ms
  Thread calibration: mean lat.: 223.989ms, rate sampling interval: 1114ms
  Thread calibration: mean lat.: 211.718ms, rate sampling interval: 1028ms
  Thread calibration: mean lat.: 210.299ms, rate sampling interval: 1039ms
  Thread calibration: mean lat.: 219.431ms, rate sampling interval: 1102ms
  Thread calibration: mean lat.: 228.939ms, rate sampling interval: 1156ms
  Thread calibration: mean lat.: 217.538ms, rate sampling interval: 1048ms
  Thread calibration: mean lat.: 224.352ms, rate sampling interval: 1131ms
  Thread calibration: mean lat.: 226.955ms, rate sampling interval: 1132ms
  Thread calibration: mean lat.: 228.705ms, rate sampling interval: 1123ms
  Thread calibration: mean lat.: 238.115ms, rate sampling interval: 1214ms
  Thread calibration: mean lat.: 230.047ms, rate sampling interval: 1114ms
  Thread calibration: mean lat.: 223.629ms, rate sampling interval: 1116ms
  Thread calibration: mean lat.: 229.229ms, rate sampling interval: 1120ms
  Thread calibration: mean lat.: 238.184ms, rate sampling interval: 1173ms
  Thread calibration: mean lat.: 242.772ms, rate sampling interval: 1244ms
  Thread calibration: mean lat.: 236.122ms, rate sampling interval: 1216ms
  Thread calibration: mean lat.: 236.722ms, rate sampling interval: 1266ms
  Thread calibration: mean lat.: 235.972ms, rate sampling interval: 1195ms
  Thread calibration: mean lat.: 237.586ms, rate sampling interval: 1264ms
  Thread calibration: mean lat.: 230.119ms, rate sampling interval: 1173ms
  Thread calibration: mean lat.: 225.818ms, rate sampling interval: 1131ms
  Thread calibration: mean lat.: 237.891ms, rate sampling interval: 1229ms
  Thread calibration: mean lat.: 218.582ms, rate sampling interval: 1161ms
  Thread calibration: mean lat.: 237.858ms, rate sampling interval: 1223ms
  Thread calibration: mean lat.: 233.041ms, rate sampling interval: 1223ms
  Thread calibration: mean lat.: 226.890ms, rate sampling interval: 1122ms
  Thread calibration: mean lat.: 232.404ms, rate sampling interval: 1148ms
  Thread calibration: mean lat.: 234.279ms, rate sampling interval: 1206ms
  Thread calibration: mean lat.: 226.767ms, rate sampling interval: 1147ms
  Thread calibration: mean lat.: 211.340ms, rate sampling interval: 1024ms
  Thread calibration: mean lat.: 230.396ms, rate sampling interval: 1127ms
  Thread calibration: mean lat.: 235.515ms, rate sampling interval: 1176ms
  Thread calibration: mean lat.: 231.874ms, rate sampling interval: 1191ms
  Thread calibration: mean lat.: 237.382ms, rate sampling interval: 1187ms
  Thread calibration: mean lat.: 228.480ms, rate sampling interval: 1069ms
  Thread calibration: mean lat.: 244.182ms, rate sampling interval: 1221ms
  Thread calibration: mean lat.: 241.079ms, rate sampling interval: 1179ms
  Thread calibration: mean lat.: 235.324ms, rate sampling interval: 1144ms
  Thread calibration: mean lat.: 242.055ms, rate sampling interval: 1205ms
  Thread calibration: mean lat.: 231.108ms, rate sampling interval: 1137ms
  Thread calibration: mean lat.: 228.212ms, rate sampling interval: 1101ms
  Thread calibration: mean lat.: 233.681ms, rate sampling interval: 1168ms
  Thread calibration: mean lat.: 247.347ms, rate sampling interval: 1193ms
  Thread calibration: mean lat.: 235.174ms, rate sampling interval: 1123ms
  Thread calibration: mean lat.: 232.757ms, rate sampling interval: 1117ms
  Thread calibration: mean lat.: 237.403ms, rate sampling interval: 1169ms
  Thread calibration: mean lat.: 260.560ms, rate sampling interval: 1310ms
  Thread calibration: mean lat.: 232.571ms, rate sampling interval: 1072ms
  Thread calibration: mean lat.: 263.694ms, rate sampling interval: 1229ms
  Thread calibration: mean lat.: 243.657ms, rate sampling interval: 1108ms
  Thread calibration: mean lat.: 252.040ms, rate sampling interval: 1157ms

-----------------------------------------------------------------------
Test Results @ http://10.10.1.1:26040 
  Thread Stats   Avg      Stdev     99%   +/- Stdev
    Latency   734.48ms  316.63ms   1.49s    66.97%
    Req/Sec    47.22      3.10    54.00     80.11%
  Latency Distribution (HdrHistogram - Recorded Latency)
 50.000%  752.64ms
 75.000%  935.42ms
 90.000%    1.13s 
 99.000%    1.49s 
 99.900%    1.67s 
 99.990%    1.81s 
 99.999%    1.84s 
100.000%    1.85s 

  Detailed Percentile spectrum:
       Value   Percentile   TotalCount 1/(1-Percentile)

     114.943     0.000000            1         1.00
     227.711     0.100000         8419         1.11
     461.567     0.200000        16832         1.25
     598.527     0.300000        25289         1.43
     682.495     0.400000        33681         1.67
     752.639     0.500000        42089         2.00
     781.823     0.550000        46363         2.22
     815.103     0.600000        50522         2.50
     851.455     0.650000        54738         2.86
     888.319     0.700000        58925         3.33
     935.423     0.750000        63113         4.00
     962.047     0.775000        65227         4.44
     988.671     0.800000        67332         5.00
    1021.439     0.825000        69448         5.71
    1054.719     0.850000        71524         6.67
    1090.559     0.875000        73624         8.00
    1111.039     0.887500        74711         8.89
    1133.567     0.900000        75763        10.00
    1157.119     0.912500        76802        11.43
    1184.767     0.925000        77855        13.33
    1217.535     0.937500        78904        16.00
    1235.967     0.943750        79422        17.78
    1257.471     0.950000        79946        20.00
    1278.975     0.956250        80460        22.86
    1305.599     0.962500        81010        26.67
    1332.223     0.968750        81513        32.00
    1348.607     0.971875        81789        35.56
    1366.015     0.975000        82048        40.00
    1386.495     0.978125        82311        45.71
    1409.023     0.981250        82569        53.33
    1432.575     0.984375        82829        64.00
    1446.911     0.985938        82960        71.11
    1462.271     0.987500        83091        80.00
    1476.607     0.989062        83223        91.43
    1492.991     0.990625        83354       106.67
    1512.447     0.992188        83485       128.00
    1524.735     0.992969        83551       142.22
    1535.999     0.993750        83620       160.00
    1550.335     0.994531        83684       182.86
    1572.863     0.995313        83747       213.33
    1592.319     0.996094        83815       256.00
    1601.535     0.996484        83847       284.44
    1611.775     0.996875        83882       320.00
    1619.967     0.997266        83912       365.71
    1631.231     0.997656        83945       426.67
    1641.471     0.998047        83977       512.00
    1647.615     0.998242        83996       568.89
    1652.735     0.998437        84010       640.00
    1660.927     0.998633        84030       731.43
    1667.071     0.998828        84044       853.33
    1672.191     0.999023        84063      1024.00
    1675.263     0.999121        84068      1137.78
    1680.383     0.999219        84076      1280.00
    1684.479     0.999316        84086      1462.86
    1688.575     0.999414        84092      1706.67
    1696.767     0.999512        84100      2048.00
    1701.887     0.999561        84106      2275.56
    1702.911     0.999609        84110      2560.00
    1707.007     0.999658        84113      2925.71
    1714.175     0.999707        84118      3413.33
    1724.415     0.999756        84122      4096.00
    1740.799     0.999780        84123      4551.11
    1763.327     0.999805        84125      5120.00
    1774.591     0.999829        84127      5851.43
    1788.927     0.999854        84129      6826.67
    1793.023     0.999878        84131      8192.00
    1796.095     0.999890        84132      9102.22
    1808.383     0.999902        84133     10240.00
    1810.431     0.999915        84134     11702.86
    1816.575     0.999927        84135     13653.33
    1819.647     0.999939        84136     16384.00
    1821.695     0.999945        84137     18204.44
    1821.695     0.999951        84137     20480.00
    1823.743     0.999957        84138     23405.71
    1823.743     0.999963        84138     27306.67
    1824.767     0.999969        84139     32768.00
    1824.767     0.999973        84139     36408.89
    1824.767     0.999976        84139     40960.00
    1842.175     0.999979        84140     46811.43
    1842.175     0.999982        84140     54613.33
    1842.175     0.999985        84140     65536.00
    1842.175     0.999986        84140     72817.78
    1842.175     0.999988        84140     81920.00
    1845.247     0.999989        84141     93622.86
    1845.247     1.000000        84141          inf
#[Mean    =      734.479, StdDeviation   =      316.629]
#[Max     =     1844.224, Total count    =        84141]
#[Buckets =           27, SubBuckets     =         2048]
-----------------------------------------------------------------------
  122805 requests in 29.83s, 19.04MB read
Requests/sec:   4116.48  
Transfer/sec:    653.68KB

=== rps=4400 c=968 t=97 url=http://10.10.1.1:26040 ===
setup: assigned thread_id=1
init: final thread_id=1, base_seed=nil
setup: assigned thread_id=2
init: final thread_id=2, base_seed=nil
setup: assigned thread_id=3
init: final thread_id=3, base_seed=nil
setup: assigned thread_id=4
init: final thread_id=4, base_seed=nil
setup: assigned thread_id=5
init: final thread_id=5, base_seed=nil
setup: assigned thread_id=6
init: final thread_id=6, base_seed=nil
setup: assigned thread_id=7
init: final thread_id=7, base_seed=nil
setup: assigned thread_id=8
init: final thread_id=8, base_seed=nil
setup: assigned thread_id=9
init: final thread_id=9, base_seed=nil
setup: assigned thread_id=10
init: final thread_id=10, base_seed=nil
setup: assigned thread_id=11
init: final thread_id=11, base_seed=nil
setup: assigned thread_id=12
init: final thread_id=12, base_seed=nil
setup: assigned thread_id=13
init: final thread_id=13, base_seed=nil
setup: assigned thread_id=14
init: final thread_id=14, base_seed=nil
setup: assigned thread_id=15
init: final thread_id=15, base_seed=nil
setup: assigned thread_id=16
init: final thread_id=16, base_seed=nil
setup: assigned thread_id=17
init: final thread_id=17, base_seed=nil
setup: assigned thread_id=18
init: final thread_id=18, base_seed=nil
setup: assigned thread_id=19
init: final thread_id=19, base_seed=nil
setup: assigned thread_id=20
init: final thread_id=20, base_seed=nil
setup: assigned thread_id=21
init: final thread_id=21, base_seed=nil
setup: assigned thread_id=22
init: final thread_id=22, base_seed=nil
setup: assigned thread_id=23
init: final thread_id=23, base_seed=nil
setup: assigned thread_id=24
init: final thread_id=24, base_seed=nil
setup: assigned thread_id=25
init: final thread_id=25, base_seed=nil
setup: assigned thread_id=26
init: final thread_id=26, base_seed=nil
setup: assigned thread_id=27
init: final thread_id=27, base_seed=nil
setup: assigned thread_id=28
init: final thread_id=28, base_seed=nil
setup: assigned thread_id=29
init: final thread_id=29, base_seed=nil
setup: assigned thread_id=30
init: final thread_id=30, base_seed=nil
setup: assigned thread_id=31
init: final thread_id=31, base_seed=nil
setup: assigned thread_id=32
init: final thread_id=32, base_seed=nil
setup: assigned thread_id=33
init: final thread_id=33, base_seed=nil
setup: assigned thread_id=34
init: final thread_id=34, base_seed=nil
setup: assigned thread_id=35
init: final thread_id=35, base_seed=nil
setup: assigned thread_id=36
init: final thread_id=36, base_seed=nil
setup: assigned thread_id=37
init: final thread_id=37, base_seed=nil
setup: assigned thread_id=38
init: final thread_id=38, base_seed=nil
setup: assigned thread_id=39
init: final thread_id=39, base_seed=nil
setup: assigned thread_id=40
init: final thread_id=40, base_seed=nil
setup: assigned thread_id=41
init: final thread_id=41, base_seed=nil
setup: assigned thread_id=42
init: final thread_id=42, base_seed=nil
setup: assigned thread_id=43
init: final thread_id=43, base_seed=nil
setup: assigned thread_id=44
init: final thread_id=44, base_seed=nil
setup: assigned thread_id=45
init: final thread_id=45, base_seed=nil
setup: assigned thread_id=46
init: final thread_id=46, base_seed=nil
setup: assigned thread_id=47
init: final thread_id=47, base_seed=nil
setup: assigned thread_id=48
init: final thread_id=48, base_seed=nil
setup: assigned thread_id=49
init: final thread_id=49, base_seed=nil
setup: assigned thread_id=50
init: final thread_id=50, base_seed=nil
setup: assigned thread_id=51
init: final thread_id=51, base_seed=nil
setup: assigned thread_id=52
init: final thread_id=52, base_seed=nil
setup: assigned thread_id=53
init: final thread_id=53, base_seed=nil
setup: assigned thread_id=54
init: final thread_id=54, base_seed=nil
setup: assigned thread_id=55
init: final thread_id=55, base_seed=nil
setup: assigned thread_id=56
init: final thread_id=56, base_seed=nil
setup: assigned thread_id=57
init: final thread_id=57, base_seed=nil
setup: assigned thread_id=58
init: final thread_id=58, base_seed=nil
setup: assigned thread_id=59
init: final thread_id=59, base_seed=nil
setup: assigned thread_id=60
init: final thread_id=60, base_seed=nil
setup: assigned thread_id=61
init: final thread_id=61, base_seed=nil
setup: assigned thread_id=62
init: final thread_id=62, base_seed=nil
setup: assigned thread_id=63
init: final thread_id=63, base_seed=nil
setup: assigned thread_id=64
init: final thread_id=64, base_seed=nil
setup: assigned thread_id=65
init: final thread_id=65, base_seed=nil
setup: assigned thread_id=66
init: final thread_id=66, base_seed=nil
setup: assigned thread_id=67
init: final thread_id=67, base_seed=nil
setup: assigned thread_id=68
init: final thread_id=68, base_seed=nil
setup: assigned thread_id=69
init: final thread_id=69, base_seed=nil
setup: assigned thread_id=70
init: final thread_id=70, base_seed=nil
setup: assigned thread_id=71
init: final thread_id=71, base_seed=nil
setup: assigned thread_id=72
init: final thread_id=72, base_seed=nil
setup: assigned thread_id=73
init: final thread_id=73, base_seed=nil
setup: assigned thread_id=74
init: final thread_id=74, base_seed=nil
setup: assigned thread_id=75
init: final thread_id=75, base_seed=nil
setup: assigned thread_id=76
init: final thread_id=76, base_seed=nil
setup: assigned thread_id=77
init: final thread_id=77, base_seed=nil
setup: assigned thread_id=78
init: final thread_id=78, base_seed=nil
setup: assigned thread_id=79
init: final thread_id=79, base_seed=nil
setup: assigned thread_id=80
init: final thread_id=80, base_seed=nil
setup: assigned thread_id=81
init: final thread_id=81, base_seed=nil
setup: assigned thread_id=82
init: final thread_id=82, base_seed=nil
setup: assigned thread_id=83
init: final thread_id=83, base_seed=nil
setup: assigned thread_id=84
init: final thread_id=84, base_seed=nil
setup: assigned thread_id=85
init: final thread_id=85, base_seed=nil
setup: assigned thread_id=86
init: final thread_id=86, base_seed=nil
setup: assigned thread_id=87
init: final thread_id=87, base_seed=nil
setup: assigned thread_id=88
init: final thread_id=88, base_seed=nil
setup: assigned thread_id=89
init: final thread_id=89, base_seed=nil
setup: assigned thread_id=90
init: final thread_id=90, base_seed=nil
setup: assigned thread_id=91
init: final thread_id=91, base_seed=nil
setup: assigned thread_id=92
init: final thread_id=92, base_seed=nil
setup: assigned thread_id=93
init: final thread_id=93, base_seed=nil
setup: assigned thread_id=94
init: final thread_id=94, base_seed=nil
setup: assigned thread_id=95
init: final thread_id=95, base_seed=nil
setup: assigned thread_id=96
init: final thread_id=96, base_seed=nil
setup: assigned thread_id=97
init: final thread_id=97, base_seed=nil
script_want_response
Running 30s test @ http://10.10.1.1:26040
  97 threads and 968 connections

  Thread calibration: mean lat.: 778.606ms, rate sampling interval: 2506ms
  Thread calibration: mean lat.: 779.224ms, rate sampling interval: 2510ms
  Thread calibration: mean lat.: 741.916ms, rate sampling interval: 2482ms
  Thread calibration: mean lat.: 776.691ms, rate sampling interval: 2578ms
  Thread calibration: mean lat.: 781.129ms, rate sampling interval: 2703ms
  Thread calibration: mean lat.: 794.196ms, rate sampling interval: 2611ms
  Thread calibration: mean lat.: 827.205ms, rate sampling interval: 2674ms
  Thread calibration: mean lat.: 864.682ms, rate sampling interval: 2568ms
  Thread calibration: mean lat.: 790.025ms, rate sampling interval: 2547ms
  Thread calibration: mean lat.: 771.529ms, rate sampling interval: 2496ms
  Thread calibration: mean lat.: 882.983ms, rate sampling interval: 2942ms
  Thread calibration: mean lat.: 836.409ms, rate sampling interval: 2709ms
  Thread calibration: mean lat.: 835.376ms, rate sampling interval: 2699ms
  Thread calibration: mean lat.: 832.239ms, rate sampling interval: 2697ms
  Thread calibration: mean lat.: 824.936ms, rate sampling interval: 2672ms
  Thread calibration: mean lat.: 820.036ms, rate sampling interval: 2607ms
  Thread calibration: mean lat.: 797.069ms, rate sampling interval: 2619ms
  Thread calibration: mean lat.: 860.027ms, rate sampling interval: 2897ms
  Thread calibration: mean lat.: 850.832ms, rate sampling interval: 2807ms
  Thread calibration: mean lat.: 788.816ms, rate sampling interval: 2553ms
  Thread calibration: mean lat.: 833.149ms, rate sampling interval: 2668ms
  Thread calibration: mean lat.: 863.549ms, rate sampling interval: 2801ms
  Thread calibration: mean lat.: 812.764ms, rate sampling interval: 2547ms
  Thread calibration: mean lat.: 800.574ms, rate sampling interval: 2510ms
  Thread calibration: mean lat.: 807.700ms, rate sampling interval: 2672ms
  Thread calibration: mean lat.: 775.125ms, rate sampling interval: 2453ms
  Thread calibration: mean lat.: 775.592ms, rate sampling interval: 2615ms
  Thread calibration: mean lat.: 815.166ms, rate sampling interval: 2639ms
  Thread calibration: mean lat.: 881.290ms, rate sampling interval: 2877ms
  Thread calibration: mean lat.: 785.216ms, rate sampling interval: 2535ms
  Thread calibration: mean lat.: 757.910ms, rate sampling interval: 2433ms
  Thread calibration: mean lat.: 815.927ms, rate sampling interval: 2670ms
  Thread calibration: mean lat.: 791.929ms, rate sampling interval: 2654ms
  Thread calibration: mean lat.: 781.563ms, rate sampling interval: 2543ms
  Thread calibration: mean lat.: 777.086ms, rate sampling interval: 2527ms
  Thread calibration: mean lat.: 768.562ms, rate sampling interval: 2512ms
  Thread calibration: mean lat.: 821.925ms, rate sampling interval: 2631ms
  Thread calibration: mean lat.: 789.240ms, rate sampling interval: 2621ms
  Thread calibration: mean lat.: 811.458ms, rate sampling interval: 2633ms
  Thread calibration: mean lat.: 783.790ms, rate sampling interval: 2535ms
  Thread calibration: mean lat.: 838.690ms, rate sampling interval: 2815ms
  Thread calibration: mean lat.: 855.569ms, rate sampling interval: 2719ms
  Thread calibration: mean lat.: 768.156ms, rate sampling interval: 2400ms
  Thread calibration: mean lat.: 795.647ms, rate sampling interval: 2527ms
  Thread calibration: mean lat.: 831.040ms, rate sampling interval: 2691ms
  Thread calibration: mean lat.: 849.872ms, rate sampling interval: 2705ms
  Thread calibration: mean lat.: 838.725ms, rate sampling interval: 2684ms
  Thread calibration: mean lat.: 855.496ms, rate sampling interval: 2764ms
  Thread calibration: mean lat.: 801.573ms, rate sampling interval: 2498ms
  Thread calibration: mean lat.: 853.267ms, rate sampling interval: 2777ms
  Thread calibration: mean lat.: 791.603ms, rate sampling interval: 2508ms
  Thread calibration: mean lat.: 850.290ms, rate sampling interval: 2811ms
  Thread calibration: mean lat.: 821.969ms, rate sampling interval: 2621ms
  Thread calibration: mean lat.: 753.457ms, rate sampling interval: 2416ms
  Thread calibration: mean lat.: 870.667ms, rate sampling interval: 2777ms
  Thread calibration: mean lat.: 826.839ms, rate sampling interval: 2689ms
  Thread calibration: mean lat.: 783.360ms, rate sampling interval: 2496ms
  Thread calibration: mean lat.: 838.981ms, rate sampling interval: 2852ms
  Thread calibration: mean lat.: 771.163ms, rate sampling interval: 2451ms
  Thread calibration: mean lat.: 771.632ms, rate sampling interval: 2445ms
  Thread calibration: mean lat.: 855.973ms, rate sampling interval: 2854ms
  Thread calibration: mean lat.: 797.939ms, rate sampling interval: 2580ms
  Thread calibration: mean lat.: 820.512ms, rate sampling interval: 2676ms
  Thread calibration: mean lat.: 808.702ms, rate sampling interval: 2557ms
  Thread calibration: mean lat.: 833.546ms, rate sampling interval: 2516ms
  Thread calibration: mean lat.: 862.960ms, rate sampling interval: 2557ms
  Thread calibration: mean lat.: 827.075ms, rate sampling interval: 2672ms
  Thread calibration: mean lat.: 804.028ms, rate sampling interval: 2557ms
  Thread calibration: mean lat.: 817.242ms, rate sampling interval: 2654ms
  Thread calibration: mean lat.: 791.406ms, rate sampling interval: 2566ms
  Thread calibration: mean lat.: 845.199ms, rate sampling interval: 2705ms
  Thread calibration: mean lat.: 779.278ms, rate sampling interval: 2506ms
  Thread calibration: mean lat.: 855.201ms, rate sampling interval: 2762ms
  Thread calibration: mean lat.: 826.073ms, rate sampling interval: 2656ms
  Thread calibration: mean lat.: 855.818ms, rate sampling interval: 2703ms
  Thread calibration: mean lat.: 814.261ms, rate sampling interval: 2641ms
  Thread calibration: mean lat.: 862.762ms, rate sampling interval: 2717ms
  Thread calibration: mean lat.: 802.650ms, rate sampling interval: 2541ms
  Thread calibration: mean lat.: 809.540ms, rate sampling interval: 2527ms
  Thread calibration: mean lat.: 853.945ms, rate sampling interval: 2713ms
  Thread calibration: mean lat.: 844.906ms, rate sampling interval: 2629ms
  Thread calibration: mean lat.: 818.960ms, rate sampling interval: 2656ms
  Thread calibration: mean lat.: 825.648ms, rate sampling interval: 2596ms
  Thread calibration: mean lat.: 774.892ms, rate sampling interval: 2449ms
  Thread calibration: mean lat.: 823.296ms, rate sampling interval: 2594ms
  Thread calibration: mean lat.: 822.034ms, rate sampling interval: 2578ms
  Thread calibration: mean lat.: 856.578ms, rate sampling interval: 2742ms
  Thread calibration: mean lat.: 824.844ms, rate sampling interval: 2600ms
  Thread calibration: mean lat.: 829.060ms, rate sampling interval: 2611ms
  Thread calibration: mean lat.: 873.892ms, rate sampling interval: 2789ms
  Thread calibration: mean lat.: 872.918ms, rate sampling interval: 2775ms
  Thread calibration: mean lat.: 823.874ms, rate sampling interval: 2574ms
  Thread calibration: mean lat.: 837.753ms, rate sampling interval: 2623ms
  Thread calibration: mean lat.: 854.185ms, rate sampling interval: 2648ms
  Thread calibration: mean lat.: 806.702ms, rate sampling interval: 2525ms
  Thread calibration: mean lat.: 843.698ms, rate sampling interval: 2576ms
  Thread calibration: mean lat.: 869.852ms, rate sampling interval: 2822ms

-----------------------------------------------------------------------
Test Results @ http://10.10.1.1:26040 
  Thread Stats   Avg      Stdev     99%   +/- Stdev
    Latency     1.63s   400.34ms   2.60s    68.49%
    Req/Sec    44.54      3.18    50.00     82.58%
  Latency Distribution (HdrHistogram - Recorded Latency)
 50.000%    1.60s 
 75.000%    1.89s 
 90.000%    2.17s 
 99.000%    2.60s 
 99.900%    2.85s 
 99.990%    3.06s 
 99.999%    3.10s 
100.000%    3.11s 

  Detailed Percentile spectrum:
       Value   Percentile   TotalCount 1/(1-Percentile)

     241.919     0.000000            1         1.00
    1140.735     0.100000         8718         1.11
    1302.527     0.200000        17426         1.25
    1414.143     0.300000        26141         1.43
    1507.327     0.400000        34822         1.67
    1600.511     0.500000        43563         2.00
    1646.591     0.550000        47898         2.22
    1698.815     0.600000        52304         2.50
    1753.087     0.650000        56592         2.86
    1817.599     0.700000        60960         3.33
    1890.303     0.750000        65272         4.00
    1931.263     0.775000        67504         4.44
    1970.175     0.800000        69654         5.00
    2014.207     0.825000        71828         5.71
    2060.287     0.850000        73976         6.67
    2115.583     0.875000        76192         8.00
    2142.207     0.887500        77284         8.89
    2170.879     0.900000        78379        10.00
    2203.647     0.912500        79433        11.43
    2236.415     0.925000        80514        13.33
    2275.327     0.937500        81632        16.00
    2295.807     0.943750        82141        17.78
    2318.335     0.950000        82682        20.00
    2347.007     0.956250        83244        22.86
    2377.727     0.962500        83783        26.67
    2412.543     0.968750        84314        32.00
    2433.023     0.971875        84588        35.56
    2457.599     0.975000        84855        40.00
    2486.271     0.978125        85145        45.71
    2514.943     0.981250        85405        53.33
    2543.615     0.984375        85685        64.00
    2557.951     0.985938        85816        71.11
    2576.383     0.987500        85948        80.00
    2594.815     0.989062        86090        91.43
    2613.247     0.990625        86231       106.67
    2633.727     0.992188        86360       128.00
    2648.063     0.992969        86429       142.22
    2660.351     0.993750        86493       160.00
    2676.735     0.994531        86556       182.86
    2693.119     0.995313        86623       213.33
    2709.503     0.996094        86693       256.00
    2721.791     0.996484        86724       284.44
    2736.127     0.996875        86760       320.00
    2750.463     0.997266        86796       365.71
    2768.895     0.997656        86827       426.67
    2791.423     0.998047        86860       512.00
    2801.663     0.998242        86879       568.89
    2813.951     0.998437        86897       640.00
    2826.239     0.998633        86912       731.43
    2842.623     0.998828        86929       853.33
    2856.959     0.999023        86945      1024.00
    2869.247     0.999121        86953      1137.78
    2881.535     0.999219        86962      1280.00
    2893.823     0.999316        86971      1462.86
    2908.159     0.999414        86980      1706.67
    2938.879     0.999512        86987      2048.00
    2947.071     0.999561        86991      2275.56
    2959.359     0.999609        86996      2560.00
    2979.839     0.999658        87000      2925.71
    3000.319     0.999707        87005      3413.33
    3010.559     0.999756        87008      4096.00
    3020.799     0.999780        87010      4551.11
    3028.991     0.999805        87013      5120.00
    3035.135     0.999829        87017      5851.43
    3035.135     0.999854        87017      6826.67
    3039.231     0.999878        87019      8192.00
    3063.807     0.999890        87020      9102.22
    3065.855     0.999902        87021     10240.00
    3067.903     0.999915        87023     11702.86
    3067.903     0.999927        87023     13653.33
    3069.951     0.999939        87024     16384.00
    3071.999     0.999945        87025     18204.44
    3071.999     0.999951        87025     20480.00
    3076.095     0.999957        87026     23405.71
    3076.095     0.999963        87026     27306.67
    3080.191     0.999969        87027     32768.00
    3080.191     0.999973        87027     36408.89
    3080.191     0.999976        87027     40960.00
    3104.767     0.999979        87028     46811.43
    3104.767     0.999982        87028     54613.33
    3104.767     0.999985        87028     65536.00
    3104.767     0.999986        87028     72817.78
    3104.767     0.999988        87028     81920.00
    3106.815     0.999989        87029     93622.86
    3106.815     1.000000        87029          inf
#[Mean    =     1627.745, StdDeviation   =      400.343]
#[Max     =     3104.768, Total count    =        87029]
#[Buckets =           27, SubBuckets     =         2048]
-----------------------------------------------------------------------
  124278 requests in 29.83s, 19.27MB read
Requests/sec:   4166.09  
Transfer/sec:    661.59KB

=== rps=4600 c=1058 t=106 url=http://10.10.1.1:26040 ===
setup: assigned thread_id=1
init: final thread_id=1, base_seed=nil
setup: assigned thread_id=2
init: final thread_id=2, base_seed=nil
setup: assigned thread_id=3
init: final thread_id=3, base_seed=nil
setup: assigned thread_id=4
init: final thread_id=4, base_seed=nil
setup: assigned thread_id=5
init: final thread_id=5, base_seed=nil
setup: assigned thread_id=6
init: final thread_id=6, base_seed=nil
setup: assigned thread_id=7
init: final thread_id=7, base_seed=nil
setup: assigned thread_id=8
init: final thread_id=8, base_seed=nil
setup: assigned thread_id=9
init: final thread_id=9, base_seed=nil
setup: assigned thread_id=10
init: final thread_id=10, base_seed=nil
setup: assigned thread_id=11
init: final thread_id=11, base_seed=nil
setup: assigned thread_id=12
init: final thread_id=12, base_seed=nil
setup: assigned thread_id=13
init: final thread_id=13, base_seed=nil
setup: assigned thread_id=14
init: final thread_id=14, base_seed=nil
setup: assigned thread_id=15
init: final thread_id=15, base_seed=nil
setup: assigned thread_id=16
init: final thread_id=16, base_seed=nil
setup: assigned thread_id=17
init: final thread_id=17, base_seed=nil
setup: assigned thread_id=18
init: final thread_id=18, base_seed=nil
setup: assigned thread_id=19
init: final thread_id=19, base_seed=nil
setup: assigned thread_id=20
init: final thread_id=20, base_seed=nil
setup: assigned thread_id=21
init: final thread_id=21, base_seed=nil
setup: assigned thread_id=22
init: final thread_id=22, base_seed=nil
setup: assigned thread_id=23
init: final thread_id=23, base_seed=nil
setup: assigned thread_id=24
init: final thread_id=24, base_seed=nil
setup: assigned thread_id=25
init: final thread_id=25, base_seed=nil
setup: assigned thread_id=26
init: final thread_id=26, base_seed=nil
setup: assigned thread_id=27
init: final thread_id=27, base_seed=nil
setup: assigned thread_id=28
init: final thread_id=28, base_seed=nil
setup: assigned thread_id=29
init: final thread_id=29, base_seed=nil
setup: assigned thread_id=30
init: final thread_id=30, base_seed=nil
setup: assigned thread_id=31
init: final thread_id=31, base_seed=nil
setup: assigned thread_id=32
init: final thread_id=32, base_seed=nil
setup: assigned thread_id=33
init: final thread_id=33, base_seed=nil
setup: assigned thread_id=34
init: final thread_id=34, base_seed=nil
setup: assigned thread_id=35
init: final thread_id=35, base_seed=nil
setup: assigned thread_id=36
init: final thread_id=36, base_seed=nil
setup: assigned thread_id=37
init: final thread_id=37, base_seed=nil
setup: assigned thread_id=38
init: final thread_id=38, base_seed=nil
setup: assigned thread_id=39
init: final thread_id=39, base_seed=nil
setup: assigned thread_id=40
init: final thread_id=40, base_seed=nil
setup: assigned thread_id=41
init: final thread_id=41, base_seed=nil
setup: assigned thread_id=42
init: final thread_id=42, base_seed=nil
setup: assigned thread_id=43
init: final thread_id=43, base_seed=nil
setup: assigned thread_id=44
init: final thread_id=44, base_seed=nil
setup: assigned thread_id=45
init: final thread_id=45, base_seed=nil
setup: assigned thread_id=46
init: final thread_id=46, base_seed=nil
setup: assigned thread_id=47
init: final thread_id=47, base_seed=nil
setup: assigned thread_id=48
init: final thread_id=48, base_seed=nil
setup: assigned thread_id=49
init: final thread_id=49, base_seed=nil
setup: assigned thread_id=50
init: final thread_id=50, base_seed=nil
setup: assigned thread_id=51
init: final thread_id=51, base_seed=nil
setup: assigned thread_id=52
init: final thread_id=52, base_seed=nil
setup: assigned thread_id=53
init: final thread_id=53, base_seed=nil
setup: assigned thread_id=54
init: final thread_id=54, base_seed=nil
setup: assigned thread_id=55
init: final thread_id=55, base_seed=nil
setup: assigned thread_id=56
init: final thread_id=56, base_seed=nil
setup: assigned thread_id=57
init: final thread_id=57, base_seed=nil
setup: assigned thread_id=58
init: final thread_id=58, base_seed=nil
setup: assigned thread_id=59
init: final thread_id=59, base_seed=nil
setup: assigned thread_id=60
init: final thread_id=60, base_seed=nil
setup: assigned thread_id=61
init: final thread_id=61, base_seed=nil
setup: assigned thread_id=62
init: final thread_id=62, base_seed=nil
setup: assigned thread_id=63
init: final thread_id=63, base_seed=nil
setup: assigned thread_id=64
init: final thread_id=64, base_seed=nil
setup: assigned thread_id=65
init: final thread_id=65, base_seed=nil
setup: assigned thread_id=66
init: final thread_id=66, base_seed=nil
setup: assigned thread_id=67
init: final thread_id=67, base_seed=nil
setup: assigned thread_id=68
init: final thread_id=68, base_seed=nil
setup: assigned thread_id=69
init: final thread_id=69, base_seed=nil
setup: assigned thread_id=70
init: final thread_id=70, base_seed=nil
setup: assigned thread_id=71
init: final thread_id=71, base_seed=nil
setup: assigned thread_id=72
init: final thread_id=72, base_seed=nil
setup: assigned thread_id=73
init: final thread_id=73, base_seed=nil
setup: assigned thread_id=74
init: final thread_id=74, base_seed=nil
setup: assigned thread_id=75
init: final thread_id=75, base_seed=nil
setup: assigned thread_id=76
init: final thread_id=76, base_seed=nil
setup: assigned thread_id=77
init: final thread_id=77, base_seed=nil
setup: assigned thread_id=78
init: final thread_id=78, base_seed=nil
setup: assigned thread_id=79
init: final thread_id=79, base_seed=nil
setup: assigned thread_id=80
init: final thread_id=80, base_seed=nil
setup: assigned thread_id=81
init: final thread_id=81, base_seed=nil
setup: assigned thread_id=82
init: final thread_id=82, base_seed=nil
setup: assigned thread_id=83
init: final thread_id=83, base_seed=nil
setup: assigned thread_id=84
init: final thread_id=84, base_seed=nil
setup: assigned thread_id=85
init: final thread_id=85, base_seed=nil
setup: assigned thread_id=86
init: final thread_id=86, base_seed=nil
setup: assigned thread_id=87
init: final thread_id=87, base_seed=nil
setup: assigned thread_id=88
init: final thread_id=88, base_seed=nil
setup: assigned thread_id=89
init: final thread_id=89, base_seed=nil
setup: assigned thread_id=90
init: final thread_id=90, base_seed=nil
setup: assigned thread_id=91
init: final thread_id=91, base_seed=nil
setup: assigned thread_id=92
init: final thread_id=92, base_seed=nil
setup: assigned thread_id=93
init: final thread_id=93, base_seed=nil
setup: assigned thread_id=94
init: final thread_id=94, base_seed=nil
setup: assigned thread_id=95
init: final thread_id=95, base_seed=nil
setup: assigned thread_id=96
init: final thread_id=96, base_seed=nil
setup: assigned thread_id=97
init: final thread_id=97, base_seed=nil
setup: assigned thread_id=98
init: final thread_id=98, base_seed=nil
setup: assigned thread_id=99
init: final thread_id=99, base_seed=nil
setup: assigned thread_id=100
init: final thread_id=100, base_seed=nil
setup: assigned thread_id=101
init: final thread_id=101, base_seed=nil
setup: assigned thread_id=102
init: final thread_id=102, base_seed=nil
setup: assigned thread_id=103
init: final thread_id=103, base_seed=nil
setup: assigned thread_id=104
init: final thread_id=104, base_seed=nil
setup: assigned thread_id=105
init: final thread_id=105, base_seed=nil
setup: assigned thread_id=106
init: final thread_id=106, base_seed=nil
script_want_response
Running 30s test @ http://10.10.1.1:26040
  106 threads and 1058 connections

  Thread calibration: mean lat.: 812.540ms, rate sampling interval: 2893ms
  Thread calibration: mean lat.: 778.134ms, rate sampling interval: 2713ms
  Thread calibration: mean lat.: 786.045ms, rate sampling interval: 2674ms
  Thread calibration: mean lat.: 772.654ms, rate sampling interval: 2559ms
  Thread calibration: mean lat.: 801.741ms, rate sampling interval: 2707ms
  Thread calibration: mean lat.: 770.612ms, rate sampling interval: 2600ms
  Thread calibration: mean lat.: 785.802ms, rate sampling interval: 2658ms
  Thread calibration: mean lat.: 820.339ms, rate sampling interval: 2693ms
  Thread calibration: mean lat.: 775.288ms, rate sampling interval: 2598ms
  Thread calibration: mean lat.: 811.879ms, rate sampling interval: 2783ms
  Thread calibration: mean lat.: 896.850ms, rate sampling interval: 3002ms
  Thread calibration: mean lat.: 797.706ms, rate sampling interval: 2609ms
  Thread calibration: mean lat.: 829.479ms, rate sampling interval: 2795ms
  Thread calibration: mean lat.: 843.759ms, rate sampling interval: 2807ms
  Thread calibration: mean lat.: 858.206ms, rate sampling interval: 2877ms
  Thread calibration: mean lat.: 839.104ms, rate sampling interval: 2891ms
  Thread calibration: mean lat.: 808.014ms, rate sampling interval: 2709ms
  Thread calibration: mean lat.: 804.161ms, rate sampling interval: 2691ms
  Thread calibration: mean lat.: 863.497ms, rate sampling interval: 2922ms
  Thread calibration: mean lat.: 817.899ms, rate sampling interval: 2725ms
  Thread calibration: mean lat.: 768.697ms, rate sampling interval: 2494ms
  Thread calibration: mean lat.: 859.051ms, rate sampling interval: 2932ms
  Thread calibration: mean lat.: 873.397ms, rate sampling interval: 2924ms
  Thread calibration: mean lat.: 807.304ms, rate sampling interval: 2721ms
  Thread calibration: mean lat.: 860.626ms, rate sampling interval: 2670ms
  Thread calibration: mean lat.: 869.372ms, rate sampling interval: 2748ms
  Thread calibration: mean lat.: 875.190ms, rate sampling interval: 2617ms
  Thread calibration: mean lat.: 914.595ms, rate sampling interval: 2803ms
  Thread calibration: mean lat.: 857.073ms, rate sampling interval: 2621ms
  Thread calibration: mean lat.: 813.163ms, rate sampling interval: 2791ms
  Thread calibration: mean lat.: 828.966ms, rate sampling interval: 2732ms
  Thread calibration: mean lat.: 804.640ms, rate sampling interval: 2713ms
  Thread calibration: mean lat.: 777.784ms, rate sampling interval: 2617ms
  Thread calibration: mean lat.: 782.772ms, rate sampling interval: 2672ms
  Thread calibration: mean lat.: 789.622ms, rate sampling interval: 2693ms
  Thread calibration: mean lat.: 787.053ms, rate sampling interval: 2627ms
  Thread calibration: mean lat.: 862.180ms, rate sampling interval: 2930ms
  Thread calibration: mean lat.: 769.189ms, rate sampling interval: 2600ms
  Thread calibration: mean lat.: 784.126ms, rate sampling interval: 2662ms
  Thread calibration: mean lat.: 787.103ms, rate sampling interval: 2693ms
  Thread calibration: mean lat.: 813.685ms, rate sampling interval: 2719ms
  Thread calibration: mean lat.: 796.016ms, rate sampling interval: 2680ms
  Thread calibration: mean lat.: 822.249ms, rate sampling interval: 2809ms
  Thread calibration: mean lat.: 836.475ms, rate sampling interval: 2779ms
  Thread calibration: mean lat.: 825.372ms, rate sampling interval: 2758ms
  Thread calibration: mean lat.: 794.267ms, rate sampling interval: 2727ms
  Thread calibration: mean lat.: 840.403ms, rate sampling interval: 2779ms
  Thread calibration: mean lat.: 782.881ms, rate sampling interval: 2664ms
  Thread calibration: mean lat.: 830.433ms, rate sampling interval: 2797ms
  Thread calibration: mean lat.: 821.681ms, rate sampling interval: 2783ms
  Thread calibration: mean lat.: 802.674ms, rate sampling interval: 2670ms
  Thread calibration: mean lat.: 764.623ms, rate sampling interval: 2588ms
  Thread calibration: mean lat.: 845.414ms, rate sampling interval: 2795ms
  Thread calibration: mean lat.: 768.580ms, rate sampling interval: 2582ms
  Thread calibration: mean lat.: 793.324ms, rate sampling interval: 2686ms
  Thread calibration: mean lat.: 823.101ms, rate sampling interval: 2826ms
  Thread calibration: mean lat.: 802.765ms, rate sampling interval: 2764ms
  Thread calibration: mean lat.: 773.477ms, rate sampling interval: 2562ms
  Thread calibration: mean lat.: 759.590ms, rate sampling interval: 2537ms
  Thread calibration: mean lat.: 816.337ms, rate sampling interval: 2717ms
  Thread calibration: mean lat.: 808.703ms, rate sampling interval: 2770ms
  Thread calibration: mean lat.: 801.239ms, rate sampling interval: 2711ms
  Thread calibration: mean lat.: 790.770ms, rate sampling interval: 2635ms
  Thread calibration: mean lat.: 892.605ms, rate sampling interval: 2750ms
  Thread calibration: mean lat.: 813.819ms, rate sampling interval: 2686ms
  Thread calibration: mean lat.: 810.086ms, rate sampling interval: 2670ms
  Thread calibration: mean lat.: 840.507ms, rate sampling interval: 2809ms
  Thread calibration: mean lat.: 810.031ms, rate sampling interval: 2678ms
  Thread calibration: mean lat.: 819.759ms, rate sampling interval: 2803ms
  Thread calibration: mean lat.: 802.557ms, rate sampling interval: 2654ms
  Thread calibration: mean lat.: 785.755ms, rate sampling interval: 2643ms
  Thread calibration: mean lat.: 852.697ms, rate sampling interval: 2830ms
  Thread calibration: mean lat.: 823.836ms, rate sampling interval: 2818ms
  Thread calibration: mean lat.: 825.200ms, rate sampling interval: 2777ms
  Thread calibration: mean lat.: 804.107ms, rate sampling interval: 2670ms
  Thread calibration: mean lat.: 842.447ms, rate sampling interval: 2791ms
  Thread calibration: mean lat.: 821.389ms, rate sampling interval: 2668ms
  Thread calibration: mean lat.: 859.030ms, rate sampling interval: 2791ms
  Thread calibration: mean lat.: 837.524ms, rate sampling interval: 2693ms
  Thread calibration: mean lat.: 849.876ms, rate sampling interval: 2748ms
  Thread calibration: mean lat.: 808.175ms, rate sampling interval: 2668ms
  Thread calibration: mean lat.: 832.887ms, rate sampling interval: 2813ms
  Thread calibration: mean lat.: 792.622ms, rate sampling interval: 2639ms
  Thread calibration: mean lat.: 826.345ms, rate sampling interval: 2818ms
  Thread calibration: mean lat.: 873.219ms, rate sampling interval: 2895ms
  Thread calibration: mean lat.: 864.414ms, rate sampling interval: 2838ms
  Thread calibration: mean lat.: 840.196ms, rate sampling interval: 2803ms
  Thread calibration: mean lat.: 852.028ms, rate sampling interval: 2842ms
  Thread calibration: mean lat.: 816.338ms, rate sampling interval: 2650ms
  Thread calibration: mean lat.: 855.163ms, rate sampling interval: 2822ms
  Thread calibration: mean lat.: 818.421ms, rate sampling interval: 2699ms
  Thread calibration: mean lat.: 826.785ms, rate sampling interval: 2838ms
  Thread calibration: mean lat.: 854.448ms, rate sampling interval: 2811ms
  Thread calibration: mean lat.: 891.456ms, rate sampling interval: 2992ms
  Thread calibration: mean lat.: 888.649ms, rate sampling interval: 2865ms
  Thread calibration: mean lat.: 854.391ms, rate sampling interval: 2828ms
  Thread calibration: mean lat.: 883.806ms, rate sampling interval: 2895ms
  Thread calibration: mean lat.: 839.279ms, rate sampling interval: 2885ms
  Thread calibration: mean lat.: 892.356ms, rate sampling interval: 2852ms
  Thread calibration: mean lat.: 812.101ms, rate sampling interval: 2639ms
  Thread calibration: mean lat.: 821.373ms, rate sampling interval: 2691ms
  Thread calibration: mean lat.: 831.975ms, rate sampling interval: 2775ms
  Thread calibration: mean lat.: 845.290ms, rate sampling interval: 2801ms
  Thread calibration: mean lat.: 887.381ms, rate sampling interval: 2971ms
  Thread calibration: mean lat.: 833.265ms, rate sampling interval: 2699ms
  Thread calibration: mean lat.: 837.089ms, rate sampling interval: 2697ms

-----------------------------------------------------------------------
Test Results @ http://10.10.1.1:26040 
  Thread Stats   Avg      Stdev     99%   +/- Stdev
    Latency     2.18s   488.23ms   3.78s    74.21%
    Req/Sec    40.26      1.68    43.00     87.00%
  Latency Distribution (HdrHistogram - Recorded Latency)
 50.000%    2.07s 
 75.000%    2.41s 
 90.000%    2.85s 
 99.000%    3.78s 
 99.900%    4.16s 
 99.990%    4.44s 
 99.999%    4.76s 
100.000%    4.81s 

  Detailed Percentile spectrum:
       Value   Percentile   TotalCount 1/(1-Percentile)

    1044.991     0.000000            1         1.00
    1665.023     0.100000         8602         1.11
    1800.191     0.200000        17245         1.25
    1896.447     0.300000        25882         1.43
    1982.463     0.400000        34456         1.67
    2069.503     0.500000        43023         2.00
    2117.631     0.550000        47331         2.22
    2172.927     0.600000        51602         2.50
    2238.463     0.650000        55906         2.86
    2316.287     0.700000        60318         3.33
    2408.447     0.750000        64521         4.00
    2455.551     0.775000        66655         4.44
    2508.799     0.800000        68811         5.00
    2572.287     0.825000        70975         5.71
    2646.015     0.850000        73108         6.67
    2732.031     0.875000        75290         8.00
    2789.375     0.887500        76357         8.89
    2852.863     0.900000        77414        10.00
    2918.399     0.912500        78491        11.43
    2983.935     0.925000        79575        13.33
    3061.759     0.937500        80643        16.00
    3110.911     0.943750        81173        17.78
    3155.967     0.950000        81704        20.00
    3213.311     0.956250        82252        22.86
    3280.895     0.962500        82781        26.67
    3356.671     0.968750        83322        32.00
    3397.631     0.971875        83591        35.56
    3457.023     0.975000        83857        40.00
    3512.319     0.978125        84123        45.71
    3571.711     0.981250        84400        53.33
    3643.391     0.984375        84667        64.00
    3684.351     0.985938        84801        71.11
    3717.119     0.987500        84929        80.00
    3756.031     0.989062        85064        91.43
    3796.991     0.990625        85197       106.67
    3835.903     0.992188        85332       128.00
    3858.431     0.992969        85401       142.22
    3887.103     0.993750        85467       160.00
    3911.679     0.994531        85535       182.86
    3934.207     0.995313        85600       213.33
    3964.927     0.996094        85669       256.00
    3987.455     0.996484        85704       284.44
    4007.935     0.996875        85742       320.00
    4032.511     0.997266        85768       365.71
    4055.039     0.997656        85802       426.67
    4083.711     0.998047        85837       512.00
    4098.047     0.998242        85852       568.89
    4112.383     0.998437        85870       640.00
    4126.719     0.998633        85887       731.43
    4143.103     0.998828        85903       853.33
    4161.535     0.999023        85920      1024.00
    4171.775     0.999121        85932      1137.78
    4188.159     0.999219        85936      1280.00
    4202.495     0.999316        85945      1462.86
    4210.687     0.999414        85953      1706.67
    4243.455     0.999512        85963      2048.00
    4251.647     0.999561        85967      2275.56
    4259.839     0.999609        85971      2560.00
    4276.223     0.999658        85974      2925.71
    4300.799     0.999707        85978      3413.33
    4325.375     0.999756        85984      4096.00
    4329.471     0.999780        85985      4551.11
    4341.759     0.999805        85988      5120.00
    4345.855     0.999829        85990      5851.43
    4382.719     0.999854        85991      6826.67
    4423.679     0.999878        85993      8192.00
    4440.063     0.999890        85994      9102.22
    4464.639     0.999902        85995     10240.00
    4489.215     0.999915        85996     11702.86
    4550.655     0.999927        85997     13653.33
    4587.519     0.999939        85998     16384.00
    4632.575     0.999945        85999     18204.44
    4632.575     0.999951        85999     20480.00
    4681.727     0.999957        86000     23405.71
    4681.727     0.999963        86000     27306.67
    4722.687     0.999969        86001     32768.00
    4722.687     0.999973        86001     36408.89
    4722.687     0.999976        86001     40960.00
    4763.647     0.999979        86002     46811.43
    4763.647     0.999982        86002     54613.33
    4763.647     0.999985        86002     65536.00
    4763.647     0.999986        86002     72817.78
    4763.647     0.999988        86002     81920.00
    4812.799     0.999989        86003     93622.86
    4812.799     1.000000        86003          inf
#[Mean    =     2176.218, StdDeviation   =      488.229]
#[Max     =     4808.704, Total count    =        86003]
#[Buckets =           27, SubBuckets     =         2048]
-----------------------------------------------------------------------
  124032 requests in 29.86s, 19.23MB read
Requests/sec:   4153.16  
Transfer/sec:    659.47KB

=== rps=4800 c=1152 t=116 url=http://10.10.1.1:26040 ===
setup: assigned thread_id=1
init: final thread_id=1, base_seed=nil
setup: assigned thread_id=2
init: final thread_id=2, base_seed=nil
setup: assigned thread_id=3
init: final thread_id=3, base_seed=nil
setup: assigned thread_id=4
init: final thread_id=4, base_seed=nil
setup: assigned thread_id=5
init: final thread_id=5, base_seed=nil
setup: assigned thread_id=6
init: final thread_id=6, base_seed=nil
setup: assigned thread_id=7
init: final thread_id=7, base_seed=nil
setup: assigned thread_id=8
init: final thread_id=8, base_seed=nil
setup: assigned thread_id=9
init: final thread_id=9, base_seed=nil
setup: assigned thread_id=10
init: final thread_id=10, base_seed=nil
setup: assigned thread_id=11
init: final thread_id=11, base_seed=nil
setup: assigned thread_id=12
init: final thread_id=12, base_seed=nil
setup: assigned thread_id=13
init: final thread_id=13, base_seed=nil
setup: assigned thread_id=14
init: final thread_id=14, base_seed=nil
setup: assigned thread_id=15
init: final thread_id=15, base_seed=nil
setup: assigned thread_id=16
init: final thread_id=16, base_seed=nil
setup: assigned thread_id=17
init: final thread_id=17, base_seed=nil
setup: assigned thread_id=18
init: final thread_id=18, base_seed=nil
setup: assigned thread_id=19
init: final thread_id=19, base_seed=nil
setup: assigned thread_id=20
init: final thread_id=20, base_seed=nil
setup: assigned thread_id=21
init: final thread_id=21, base_seed=nil
setup: assigned thread_id=22
init: final thread_id=22, base_seed=nil
setup: assigned thread_id=23
init: final thread_id=23, base_seed=nil
setup: assigned thread_id=24
init: final thread_id=24, base_seed=nil
setup: assigned thread_id=25
init: final thread_id=25, base_seed=nil
setup: assigned thread_id=26
init: final thread_id=26, base_seed=nil
setup: assigned thread_id=27
init: final thread_id=27, base_seed=nil
setup: assigned thread_id=28
init: final thread_id=28, base_seed=nil
setup: assigned thread_id=29
init: final thread_id=29, base_seed=nil
setup: assigned thread_id=30
init: final thread_id=30, base_seed=nil
setup: assigned thread_id=31
init: final thread_id=31, base_seed=nil
setup: assigned thread_id=32
init: final thread_id=32, base_seed=nil
setup: assigned thread_id=33
init: final thread_id=33, base_seed=nil
setup: assigned thread_id=34
init: final thread_id=34, base_seed=nil
setup: assigned thread_id=35
init: final thread_id=35, base_seed=nil
setup: assigned thread_id=36
init: final thread_id=36, base_seed=nil
setup: assigned thread_id=37
init: final thread_id=37, base_seed=nil
setup: assigned thread_id=38
init: final thread_id=38, base_seed=nil
setup: assigned thread_id=39
init: final thread_id=39, base_seed=nil
setup: assigned thread_id=40
init: final thread_id=40, base_seed=nil
setup: assigned thread_id=41
init: final thread_id=41, base_seed=nil
setup: assigned thread_id=42
init: final thread_id=42, base_seed=nil
setup: assigned thread_id=43
init: final thread_id=43, base_seed=nil
setup: assigned thread_id=44
init: final thread_id=44, base_seed=nil
setup: assigned thread_id=45
init: final thread_id=45, base_seed=nil
setup: assigned thread_id=46
init: final thread_id=46, base_seed=nil
setup: assigned thread_id=47
init: final thread_id=47, base_seed=nil
setup: assigned thread_id=48
init: final thread_id=48, base_seed=nil
setup: assigned thread_id=49
init: final thread_id=49, base_seed=nil
setup: assigned thread_id=50
init: final thread_id=50, base_seed=nil
setup: assigned thread_id=51
init: final thread_id=51, base_seed=nil
setup: assigned thread_id=52
init: final thread_id=52, base_seed=nil
setup: assigned thread_id=53
init: final thread_id=53, base_seed=nil
setup: assigned thread_id=54
init: final thread_id=54, base_seed=nil
setup: assigned thread_id=55
init: final thread_id=55, base_seed=nil
setup: assigned thread_id=56
init: final thread_id=56, base_seed=nil
setup: assigned thread_id=57
init: final thread_id=57, base_seed=nil
setup: assigned thread_id=58
init: final thread_id=58, base_seed=nil
setup: assigned thread_id=59
init: final thread_id=59, base_seed=nil
setup: assigned thread_id=60
init: final thread_id=60, base_seed=nil
setup: assigned thread_id=61
init: final thread_id=61, base_seed=nil
setup: assigned thread_id=62
init: final thread_id=62, base_seed=nil
setup: assigned thread_id=63
init: final thread_id=63, base_seed=nil
setup: assigned thread_id=64
init: final thread_id=64, base_seed=nil
setup: assigned thread_id=65
init: final thread_id=65, base_seed=nil
setup: assigned thread_id=66
init: final thread_id=66, base_seed=nil
setup: assigned thread_id=67
init: final thread_id=67, base_seed=nil
setup: assigned thread_id=68
init: final thread_id=68, base_seed=nil
setup: assigned thread_id=69
init: final thread_id=69, base_seed=nil
setup: assigned thread_id=70
init: final thread_id=70, base_seed=nil
setup: assigned thread_id=71
init: final thread_id=71, base_seed=nil
setup: assigned thread_id=72
init: final thread_id=72, base_seed=nil
setup: assigned thread_id=73
init: final thread_id=73, base_seed=nil
setup: assigned thread_id=74
init: final thread_id=74, base_seed=nil
setup: assigned thread_id=75
init: final thread_id=75, base_seed=nil
setup: assigned thread_id=76
init: final thread_id=76, base_seed=nil
setup: assigned thread_id=77
init: final thread_id=77, base_seed=nil
setup: assigned thread_id=78
init: final thread_id=78, base_seed=nil
setup: assigned thread_id=79
init: final thread_id=79, base_seed=nil
setup: assigned thread_id=80
init: final thread_id=80, base_seed=nil
setup: assigned thread_id=81
init: final thread_id=81, base_seed=nil
setup: assigned thread_id=82
init: final thread_id=82, base_seed=nil
setup: assigned thread_id=83
init: final thread_id=83, base_seed=nil
setup: assigned thread_id=84
init: final thread_id=84, base_seed=nil
setup: assigned thread_id=85
init: final thread_id=85, base_seed=nil
setup: assigned thread_id=86
init: final thread_id=86, base_seed=nil
setup: assigned thread_id=87
init: final thread_id=87, base_seed=nil
setup: assigned thread_id=88
init: final thread_id=88, base_seed=nil
setup: assigned thread_id=89
init: final thread_id=89, base_seed=nil
setup: assigned thread_id=90
init: final thread_id=90, base_seed=nil
setup: assigned thread_id=91
init: final thread_id=91, base_seed=nil
setup: assigned thread_id=92
init: final thread_id=92, base_seed=nil
setup: assigned thread_id=93
init: final thread_id=93, base_seed=nil
setup: assigned thread_id=94
init: final thread_id=94, base_seed=nil
setup: assigned thread_id=95
init: final thread_id=95, base_seed=nil
setup: assigned thread_id=96
init: final thread_id=96, base_seed=nil
setup: assigned thread_id=97
init: final thread_id=97, base_seed=nil
setup: assigned thread_id=98
init: final thread_id=98, base_seed=nil
setup: assigned thread_id=99
init: final thread_id=99, base_seed=nil
setup: assigned thread_id=100
init: final thread_id=100, base_seed=nil
setup: assigned thread_id=101
init: final thread_id=101, base_seed=nil
setup: assigned thread_id=102
init: final thread_id=102, base_seed=nil
setup: assigned thread_id=103
init: final thread_id=103, base_seed=nil
setup: assigned thread_id=104
init: final thread_id=104, base_seed=nil
setup: assigned thread_id=105
init: final thread_id=105, base_seed=nil
setup: assigned thread_id=106
init: final thread_id=106, base_seed=nil
setup: assigned thread_id=107
init: final thread_id=107, base_seed=nil
setup: assigned thread_id=108
init: final thread_id=108, base_seed=nil
setup: assigned thread_id=109
init: final thread_id=109, base_seed=nil
setup: assigned thread_id=110
init: final thread_id=110, base_seed=nil
setup: assigned thread_id=111
init: final thread_id=111, base_seed=nil
setup: assigned thread_id=112
init: final thread_id=112, base_seed=nil
setup: assigned thread_id=113
init: final thread_id=113, base_seed=nil
setup: assigned thread_id=114
init: final thread_id=114, base_seed=nil
setup: assigned thread_id=115
init: final thread_id=115, base_seed=nil
setup: assigned thread_id=116
init: final thread_id=116, base_seed=nil
script_want_response
Running 30s test @ http://10.10.1.1:26040
  116 threads and 1152 connections

  Thread calibration: mean lat.: 1036.406ms, rate sampling interval: 3565ms
  Thread calibration: mean lat.: 1063.276ms, rate sampling interval: 3700ms
  Thread calibration: mean lat.: 1029.375ms, rate sampling interval: 3459ms
  Thread calibration: mean lat.: 1051.201ms, rate sampling interval: 3583ms
  Thread calibration: mean lat.: 1028.577ms, rate sampling interval: 3459ms
  Thread calibration: mean lat.: 1050.938ms, rate sampling interval: 3581ms
  Thread calibration: mean lat.: 1110.659ms, rate sampling interval: 3774ms
  Thread calibration: mean lat.: 1071.618ms, rate sampling interval: 3616ms
  Thread calibration: mean lat.: 1074.075ms, rate sampling interval: 3536ms
  Thread calibration: mean lat.: 1050.882ms, rate sampling interval: 3442ms
  Thread calibration: mean lat.: 1082.303ms, rate sampling interval: 3614ms
  Thread calibration: mean lat.: 1089.428ms, rate sampling interval: 3663ms
  Thread calibration: mean lat.: 1118.197ms, rate sampling interval: 3667ms
  Thread calibration: mean lat.: 1036.091ms, rate sampling interval: 3397ms
  Thread calibration: mean lat.: 1100.281ms, rate sampling interval: 3702ms
  Thread calibration: mean lat.: 1081.621ms, rate sampling interval: 3553ms
  Thread calibration: mean lat.: 1111.280ms, rate sampling interval: 3692ms
  Thread calibration: mean lat.: 1113.478ms, rate sampling interval: 3631ms
  Thread calibration: mean lat.: 1077.414ms, rate sampling interval: 3557ms
  Thread calibration: mean lat.: 1078.557ms, rate sampling interval: 3561ms
  Thread calibration: mean lat.: 1115.845ms, rate sampling interval: 3735ms
  Thread calibration: mean lat.: 1155.636ms, rate sampling interval: 3823ms
  Thread calibration: mean lat.: 1142.692ms, rate sampling interval: 3796ms
  Thread calibration: mean lat.: 1076.815ms, rate sampling interval: 3588ms
  Thread calibration: mean lat.: 1084.130ms, rate sampling interval: 3592ms
  Thread calibration: mean lat.: 1067.451ms, rate sampling interval: 3536ms
  Thread calibration: mean lat.: 1059.889ms, rate sampling interval: 3549ms
  Thread calibration: mean lat.: 1113.175ms, rate sampling interval: 3647ms
  Thread calibration: mean lat.: 1066.757ms, rate sampling interval: 3518ms
  Thread calibration: mean lat.: 1077.731ms, rate sampling interval: 3717ms
  Thread calibration: mean lat.: 1120.525ms, rate sampling interval: 3721ms
  Thread calibration: mean lat.: 1074.531ms, rate sampling interval: 3590ms
  Thread calibration: mean lat.: 1092.538ms, rate sampling interval: 3635ms
  Thread calibration: mean lat.: 1038.994ms, rate sampling interval: 3399ms
  Thread calibration: mean lat.: 1108.257ms, rate sampling interval: 3702ms
  Thread calibration: mean lat.: 1114.540ms, rate sampling interval: 3706ms
  Thread calibration: mean lat.: 1121.622ms, rate sampling interval: 3768ms
  Thread calibration: mean lat.: 1025.216ms, rate sampling interval: 3395ms
  Thread calibration: mean lat.: 1097.197ms, rate sampling interval: 3624ms
  Thread calibration: mean lat.: 1104.752ms, rate sampling interval: 3653ms
  Thread calibration: mean lat.: 1089.703ms, rate sampling interval: 3567ms
  Thread calibration: mean lat.: 1152.108ms, rate sampling interval: 3786ms
  Thread calibration: mean lat.: 1097.554ms, rate sampling interval: 3674ms
  Thread calibration: mean lat.: 1069.245ms, rate sampling interval: 3631ms
  Thread calibration: mean lat.: 1114.833ms, rate sampling interval: 3682ms
  Thread calibration: mean lat.: 1085.471ms, rate sampling interval: 3553ms
  Thread calibration: mean lat.: 1082.313ms, rate sampling interval: 3555ms
  Thread calibration: mean lat.: 1058.374ms, rate sampling interval: 3440ms
  Thread calibration: mean lat.: 1093.976ms, rate sampling interval: 3602ms
  Thread calibration: mean lat.: 1093.845ms, rate sampling interval: 3690ms
  Thread calibration: mean lat.: 1075.148ms, rate sampling interval: 3629ms
  Thread calibration: mean lat.: 1077.632ms, rate sampling interval: 3536ms
  Thread calibration: mean lat.: 1061.401ms, rate sampling interval: 3475ms
  Thread calibration: mean lat.: 1096.575ms, rate sampling interval: 3643ms
  Thread calibration: mean lat.: 1060.863ms, rate sampling interval: 3635ms
  Thread calibration: mean lat.: 1118.121ms, rate sampling interval: 3721ms
  Thread calibration: mean lat.: 1108.818ms, rate sampling interval: 3694ms
  Thread calibration: mean lat.: 1035.896ms, rate sampling interval: 3340ms
  Thread calibration: mean lat.: 1109.590ms, rate sampling interval: 3704ms
  Thread calibration: mean lat.: 1133.167ms, rate sampling interval: 3696ms
  Thread calibration: mean lat.: 1120.967ms, rate sampling interval: 3721ms
  Thread calibration: mean lat.: 1097.089ms, rate sampling interval: 3590ms
  Thread calibration: mean lat.: 1097.202ms, rate sampling interval: 3620ms
  Thread calibration: mean lat.: 1081.734ms, rate sampling interval: 3528ms
  Thread calibration: mean lat.: 1071.184ms, rate sampling interval: 3516ms
  Thread calibration: mean lat.: 1176.747ms, rate sampling interval: 3862ms
  Thread calibration: mean lat.: 1133.220ms, rate sampling interval: 3672ms
  Thread calibration: mean lat.: 1062.559ms, rate sampling interval: 3506ms
  Thread calibration: mean lat.: 1114.646ms, rate sampling interval: 3674ms
  Thread calibration: mean lat.: 1115.932ms, rate sampling interval: 3700ms
  Thread calibration: mean lat.: 1084.422ms, rate sampling interval: 3538ms
  Thread calibration: mean lat.: 1135.246ms, rate sampling interval: 3713ms
  Thread calibration: mean lat.: 1096.498ms, rate sampling interval: 3575ms
  Thread calibration: mean lat.: 1139.647ms, rate sampling interval: 3692ms
  Thread calibration: mean lat.: 1126.055ms, rate sampling interval: 3674ms
  Thread calibration: mean lat.: 1095.015ms, rate sampling interval: 3432ms
  Thread calibration: mean lat.: 1144.892ms, rate sampling interval: 3801ms
  Thread calibration: mean lat.: 1105.734ms, rate sampling interval: 3608ms
  Thread calibration: mean lat.: 1177.894ms, rate sampling interval: 3807ms
  Thread calibration: mean lat.: 1160.159ms, rate sampling interval: 3885ms
  Thread calibration: mean lat.: 1118.072ms, rate sampling interval: 3651ms
  Thread calibration: mean lat.: 1135.822ms, rate sampling interval: 3727ms
  Thread calibration: mean lat.: 1102.873ms, rate sampling interval: 3581ms
  Thread calibration: mean lat.: 1121.515ms, rate sampling interval: 3672ms
  Thread calibration: mean lat.: 1122.018ms, rate sampling interval: 3647ms
  Thread calibration: mean lat.: 1138.769ms, rate sampling interval: 3801ms
  Thread calibration: mean lat.: 1102.250ms, rate sampling interval: 3627ms
  Thread calibration: mean lat.: 1147.768ms, rate sampling interval: 3756ms
  Thread calibration: mean lat.: 1112.491ms, rate sampling interval: 3555ms
  Thread calibration: mean lat.: 1080.569ms, rate sampling interval: 3516ms
  Thread calibration: mean lat.: 1157.527ms, rate sampling interval: 3733ms
  Thread calibration: mean lat.: 1140.304ms, rate sampling interval: 3753ms
  Thread calibration: mean lat.: 1127.198ms, rate sampling interval: 3612ms
  Thread calibration: mean lat.: 1145.940ms, rate sampling interval: 3776ms
  Thread calibration: mean lat.: 1122.381ms, rate sampling interval: 3637ms
  Thread calibration: mean lat.: 1128.263ms, rate sampling interval: 3616ms
  Thread calibration: mean lat.: 1155.402ms, rate sampling interval: 3737ms
  Thread calibration: mean lat.: 1101.777ms, rate sampling interval: 3667ms
  Thread calibration: mean lat.: 1138.699ms, rate sampling interval: 3735ms
  Thread calibration: mean lat.: 1160.726ms, rate sampling interval: 3756ms
  Thread calibration: mean lat.: 1110.284ms, rate sampling interval: 3655ms
  Thread calibration: mean lat.: 1091.421ms, rate sampling interval: 3520ms
  Thread calibration: mean lat.: 1167.560ms, rate sampling interval: 3788ms
  Thread calibration: mean lat.: 1132.542ms, rate sampling interval: 3743ms
  Thread calibration: mean lat.: 1125.457ms, rate sampling interval: 3674ms
  Thread calibration: mean lat.: 1111.249ms, rate sampling interval: 3663ms
  Thread calibration: mean lat.: 1167.459ms, rate sampling interval: 3833ms
  Thread calibration: mean lat.: 1129.258ms, rate sampling interval: 3620ms
  Thread calibration: mean lat.: 1126.317ms, rate sampling interval: 3692ms
  Thread calibration: mean lat.: 1116.347ms, rate sampling interval: 3571ms
  Thread calibration: mean lat.: 1126.802ms, rate sampling interval: 3659ms
  Thread calibration: mean lat.: 1173.274ms, rate sampling interval: 3766ms
  Thread calibration: mean lat.: 1185.663ms, rate sampling interval: 3897ms
  Thread calibration: mean lat.: 1132.119ms, rate sampling interval: 3665ms
  Thread calibration: mean lat.: 1210.936ms, rate sampling interval: 3938ms
  Thread calibration: mean lat.: 1194.399ms, rate sampling interval: 3860ms

-----------------------------------------------------------------------
Test Results @ http://10.10.1.1:26040 
  Thread Stats   Avg      Stdev     99%   +/- Stdev
    Latency     3.13s   793.18ms   5.11s    63.39%
    Req/Sec    35.24      1.44    38.00     93.78%
  Latency Distribution (HdrHistogram - Recorded Latency)
 50.000%    3.03s 
 75.000%    3.70s 
 90.000%    4.26s 
 99.000%    5.11s 
 99.900%    5.71s 
 99.990%    5.97s 
 99.999%    6.44s 
100.000%    6.45s 

  Detailed Percentile spectrum:
       Value   Percentile   TotalCount 1/(1-Percentile)

    1689.599     0.000000            1         1.00
    2183.167     0.100000         8138         1.11
    2365.439     0.200000        16248         1.25
    2557.951     0.300000        24343         1.43
    2779.135     0.400000        32438         1.67
    3031.039     0.500000        40524         2.00
    3151.871     0.550000        44561         2.22
    3278.847     0.600000        48603         2.50
    3414.015     0.650000        52674         2.86
    3557.375     0.700000        56711         3.33
    3700.735     0.750000        60765         4.00
    3778.559     0.775000        62784         4.44
    3858.431     0.800000        64833         5.00
    3942.399     0.825000        66827         5.71
    4034.559     0.850000        68863         6.67
    4136.959     0.875000        70876         8.00
    4192.255     0.887500        71872         8.89
    4255.743     0.900000        72927        10.00
    4321.279     0.912500        73934        11.43
    4399.103     0.925000        74947        13.33
    4481.023     0.937500        75925        16.00
    4526.079     0.943750        76444        17.78
    4575.231     0.950000        76937        20.00
    4628.479     0.956250        77470        22.86
    4681.727     0.962500        77948        26.67
    4747.263     0.968750        78446        32.00
    4788.223     0.971875        78700        35.56
    4829.183     0.975000        78963        40.00
    4866.047     0.978125        79229        45.71
    4911.103     0.981250        79478        53.33
    4964.351     0.984375        79719        64.00
    4997.119     0.985938        79839        71.11
    5033.983     0.987500        79964        80.00
    5079.039     0.989062        80097        91.43
    5124.095     0.990625        80223       106.67
    5177.343     0.992188        80346       128.00
    5206.015     0.992969        80406       142.22
    5238.783     0.993750        80470       160.00
    5275.647     0.994531        80534       182.86
    5316.607     0.995313        80597       213.33
    5365.759     0.996094        80664       256.00
    5394.431     0.996484        80696       284.44
    5423.103     0.996875        80722       320.00
    5455.871     0.997266        80753       365.71
    5496.831     0.997656        80789       426.67
    5525.503     0.998047        80818       512.00
    5558.271     0.998242        80832       568.89
    5603.327     0.998437        80849       640.00
    5636.095     0.998633        80867       731.43
    5672.959     0.998828        80882       853.33
    5709.823     0.999023        80897      1024.00
    5730.303     0.999121        80905      1137.78
    5746.687     0.999219        80911      1280.00
    5763.071     0.999316        80919      1462.86
    5804.031     0.999414        80928      1706.67
    5828.607     0.999512        80936      2048.00
    5840.895     0.999561        80939      2275.56
    5861.375     0.999609        80943      2560.00
    5890.047     0.999658        80947      2925.71
    5906.431     0.999707        80951      3413.33
    5918.719     0.999756        80955      4096.00
    5935.103     0.999780        80958      4551.11
    5939.199     0.999805        80960      5120.00
    5943.295     0.999829        80962      5851.43
    5951.487     0.999854        80963      6826.67
    5967.871     0.999878        80966      8192.00
    5967.871     0.999890        80966      9102.22
    5976.063     0.999902        80967     10240.00
    5980.159     0.999915        80968     11702.86
    5992.447     0.999927        80969     13653.33
    6004.735     0.999939        80970     16384.00
    6004.735     0.999945        80970     18204.44
    6037.503     0.999951        80971     20480.00
    6037.503     0.999957        80971     23405.71
    6062.079     0.999963        80972     27306.67
    6062.079     0.999969        80972     32768.00
    6062.079     0.999973        80972     36408.89
    6443.007     0.999976        80973     40960.00
    6443.007     0.999979        80973     46811.43
    6443.007     0.999982        80973     54613.33
    6443.007     0.999985        80973     65536.00
    6443.007     0.999986        80973     72817.78
    6447.103     0.999988        80974     81920.00
    6447.103     1.000000        80974          inf
#[Mean    =     3132.461, StdDeviation   =      793.184]
#[Max     =     6443.008, Total count    =        80974]
#[Buckets =           27, SubBuckets     =         2048]
-----------------------------------------------------------------------
  118479 requests in 29.80s, 18.37MB read
Requests/sec:   3976.12  
Transfer/sec:    631.42KB

=== rps=5000 c=1250 t=125 url=http://10.10.1.1:26040 ===
setup: assigned thread_id=1
init: final thread_id=1, base_seed=nil
setup: assigned thread_id=2
init: final thread_id=2, base_seed=nil
setup: assigned thread_id=3
init: final thread_id=3, base_seed=nil
setup: assigned thread_id=4
init: final thread_id=4, base_seed=nil
setup: assigned thread_id=5
init: final thread_id=5, base_seed=nil
setup: assigned thread_id=6
init: final thread_id=6, base_seed=nil
setup: assigned thread_id=7
init: final thread_id=7, base_seed=nil
setup: assigned thread_id=8
init: final thread_id=8, base_seed=nil
setup: assigned thread_id=9
init: final thread_id=9, base_seed=nil
setup: assigned thread_id=10
init: final thread_id=10, base_seed=nil
setup: assigned thread_id=11
init: final thread_id=11, base_seed=nil
setup: assigned thread_id=12
init: final thread_id=12, base_seed=nil
setup: assigned thread_id=13
init: final thread_id=13, base_seed=nil
setup: assigned thread_id=14
init: final thread_id=14, base_seed=nil
setup: assigned thread_id=15
init: final thread_id=15, base_seed=nil
setup: assigned thread_id=16
init: final thread_id=16, base_seed=nil
setup: assigned thread_id=17
init: final thread_id=17, base_seed=nil
setup: assigned thread_id=18
init: final thread_id=18, base_seed=nil
setup: assigned thread_id=19
init: final thread_id=19, base_seed=nil
setup: assigned thread_id=20
init: final thread_id=20, base_seed=nil
setup: assigned thread_id=21
init: final thread_id=21, base_seed=nil
setup: assigned thread_id=22
init: final thread_id=22, base_seed=nil
setup: assigned thread_id=23
init: final thread_id=23, base_seed=nil
setup: assigned thread_id=24
init: final thread_id=24, base_seed=nil
setup: assigned thread_id=25
init: final thread_id=25, base_seed=nil
setup: assigned thread_id=26
init: final thread_id=26, base_seed=nil
setup: assigned thread_id=27
init: final thread_id=27, base_seed=nil
setup: assigned thread_id=28
init: final thread_id=28, base_seed=nil
setup: assigned thread_id=29
init: final thread_id=29, base_seed=nil
setup: assigned thread_id=30
init: final thread_id=30, base_seed=nil
setup: assigned thread_id=31
init: final thread_id=31, base_seed=nil
setup: assigned thread_id=32
init: final thread_id=32, base_seed=nil
setup: assigned thread_id=33
init: final thread_id=33, base_seed=nil
setup: assigned thread_id=34
init: final thread_id=34, base_seed=nil
setup: assigned thread_id=35
init: final thread_id=35, base_seed=nil
setup: assigned thread_id=36
init: final thread_id=36, base_seed=nil
setup: assigned thread_id=37
init: final thread_id=37, base_seed=nil
setup: assigned thread_id=38
init: final thread_id=38, base_seed=nil
setup: assigned thread_id=39
init: final thread_id=39, base_seed=nil
setup: assigned thread_id=40
init: final thread_id=40, base_seed=nil
setup: assigned thread_id=41
init: final thread_id=41, base_seed=nil
setup: assigned thread_id=42
init: final thread_id=42, base_seed=nil
setup: assigned thread_id=43
init: final thread_id=43, base_seed=nil
setup: assigned thread_id=44
init: final thread_id=44, base_seed=nil
setup: assigned thread_id=45
init: final thread_id=45, base_seed=nil
setup: assigned thread_id=46
init: final thread_id=46, base_seed=nil
setup: assigned thread_id=47
init: final thread_id=47, base_seed=nil
setup: assigned thread_id=48
init: final thread_id=48, base_seed=nil
setup: assigned thread_id=49
init: final thread_id=49, base_seed=nil
setup: assigned thread_id=50
init: final thread_id=50, base_seed=nil
setup: assigned thread_id=51
init: final thread_id=51, base_seed=nil
setup: assigned thread_id=52
init: final thread_id=52, base_seed=nil
setup: assigned thread_id=53
init: final thread_id=53, base_seed=nil
setup: assigned thread_id=54
init: final thread_id=54, base_seed=nil
setup: assigned thread_id=55
init: final thread_id=55, base_seed=nil
setup: assigned thread_id=56
init: final thread_id=56, base_seed=nil
setup: assigned thread_id=57
init: final thread_id=57, base_seed=nil
setup: assigned thread_id=58
init: final thread_id=58, base_seed=nil
setup: assigned thread_id=59
init: final thread_id=59, base_seed=nil
setup: assigned thread_id=60
init: final thread_id=60, base_seed=nil
setup: assigned thread_id=61
init: final thread_id=61, base_seed=nil
setup: assigned thread_id=62
init: final thread_id=62, base_seed=nil
setup: assigned thread_id=63
init: final thread_id=63, base_seed=nil
setup: assigned thread_id=64
init: final thread_id=64, base_seed=nil
setup: assigned thread_id=65
init: final thread_id=65, base_seed=nil
setup: assigned thread_id=66
init: final thread_id=66, base_seed=nil
setup: assigned thread_id=67
init: final thread_id=67, base_seed=nil
setup: assigned thread_id=68
init: final thread_id=68, base_seed=nil
setup: assigned thread_id=69
init: final thread_id=69, base_seed=nil
setup: assigned thread_id=70
init: final thread_id=70, base_seed=nil
setup: assigned thread_id=71
init: final thread_id=71, base_seed=nil
setup: assigned thread_id=72
init: final thread_id=72, base_seed=nil
setup: assigned thread_id=73
init: final thread_id=73, base_seed=nil
setup: assigned thread_id=74
init: final thread_id=74, base_seed=nil
setup: assigned thread_id=75
init: final thread_id=75, base_seed=nil
setup: assigned thread_id=76
init: final thread_id=76, base_seed=nil
setup: assigned thread_id=77
init: final thread_id=77, base_seed=nil
setup: assigned thread_id=78
init: final thread_id=78, base_seed=nil
setup: assigned thread_id=79
init: final thread_id=79, base_seed=nil
setup: assigned thread_id=80
init: final thread_id=80, base_seed=nil
setup: assigned thread_id=81
init: final thread_id=81, base_seed=nil
setup: assigned thread_id=82
init: final thread_id=82, base_seed=nil
setup: assigned thread_id=83
init: final thread_id=83, base_seed=nil
setup: assigned thread_id=84
init: final thread_id=84, base_seed=nil
setup: assigned thread_id=85
init: final thread_id=85, base_seed=nil
setup: assigned thread_id=86
init: final thread_id=86, base_seed=nil
setup: assigned thread_id=87
init: final thread_id=87, base_seed=nil
setup: assigned thread_id=88
init: final thread_id=88, base_seed=nil
setup: assigned thread_id=89
init: final thread_id=89, base_seed=nil
setup: assigned thread_id=90
init: final thread_id=90, base_seed=nil
setup: assigned thread_id=91
init: final thread_id=91, base_seed=nil
setup: assigned thread_id=92
init: final thread_id=92, base_seed=nil
setup: assigned thread_id=93
init: final thread_id=93, base_seed=nil
setup: assigned thread_id=94
init: final thread_id=94, base_seed=nil
setup: assigned thread_id=95
init: final thread_id=95, base_seed=nil
setup: assigned thread_id=96
init: final thread_id=96, base_seed=nil
setup: assigned thread_id=97
init: final thread_id=97, base_seed=nil
setup: assigned thread_id=98
init: final thread_id=98, base_seed=nil
setup: assigned thread_id=99
init: final thread_id=99, base_seed=nil
setup: assigned thread_id=100
init: final thread_id=100, base_seed=nil
setup: assigned thread_id=101
init: final thread_id=101, base_seed=nil
setup: assigned thread_id=102
init: final thread_id=102, base_seed=nil
setup: assigned thread_id=103
init: final thread_id=103, base_seed=nil
setup: assigned thread_id=104
init: final thread_id=104, base_seed=nil
setup: assigned thread_id=105
init: final thread_id=105, base_seed=nil
setup: assigned thread_id=106
init: final thread_id=106, base_seed=nil
setup: assigned thread_id=107
init: final thread_id=107, base_seed=nil
setup: assigned thread_id=108
init: final thread_id=108, base_seed=nil
setup: assigned thread_id=109
init: final thread_id=109, base_seed=nil
setup: assigned thread_id=110
init: final thread_id=110, base_seed=nil
setup: assigned thread_id=111
init: final thread_id=111, base_seed=nil
setup: assigned thread_id=112
init: final thread_id=112, base_seed=nil
setup: assigned thread_id=113
init: final thread_id=113, base_seed=nil
setup: assigned thread_id=114
init: final thread_id=114, base_seed=nil
setup: assigned thread_id=115
init: final thread_id=115, base_seed=nil
setup: assigned thread_id=116
init: final thread_id=116, base_seed=nil
setup: assigned thread_id=117
init: final thread_id=117, base_seed=nil
setup: assigned thread_id=118
init: final thread_id=118, base_seed=nil
setup: assigned thread_id=119
init: final thread_id=119, base_seed=nil
setup: assigned thread_id=120
init: final thread_id=120, base_seed=nil
setup: assigned thread_id=121
init: final thread_id=121, base_seed=nil
setup: assigned thread_id=122
init: final thread_id=122, base_seed=nil
setup: assigned thread_id=123
init: final thread_id=123, base_seed=nil
setup: assigned thread_id=124
init: final thread_id=124, base_seed=nil
setup: assigned thread_id=125
init: final thread_id=125, base_seed=nil
script_want_response
Running 30s test @ http://10.10.1.1:26040
  125 threads and 1250 connections

  Thread calibration: mean lat.: 1421.940ms, rate sampling interval: 5365ms
  Thread calibration: mean lat.: 1432.323ms, rate sampling interval: 5386ms
  Thread calibration: mean lat.: 1619.015ms, rate sampling interval: 5464ms
  Thread calibration: mean lat.: 1416.514ms, rate sampling interval: 5246ms
  Thread calibration: mean lat.: 1476.150ms, rate sampling interval: 5476ms
  Thread calibration: mean lat.: 1457.001ms, rate sampling interval: 5402ms
  Thread calibration: mean lat.: 1460.235ms, rate sampling interval: 5394ms
  Thread calibration: mean lat.: 1470.148ms, rate sampling interval: 5455ms
  Thread calibration: mean lat.: 1448.041ms, rate sampling interval: 5341ms
  Thread calibration: mean lat.: 1437.523ms, rate sampling interval: 5414ms
  Thread calibration: mean lat.: 1458.943ms, rate sampling interval: 5472ms
  Thread calibration: mean lat.: 1485.937ms, rate sampling interval: 5480ms
  Thread calibration: mean lat.: 1457.683ms, rate sampling interval: 5443ms
  Thread calibration: mean lat.: 1507.561ms, rate sampling interval: 5496ms
  Thread calibration: mean lat.: 1495.056ms, rate sampling interval: 5455ms
  Thread calibration: mean lat.: 1534.901ms, rate sampling interval: 5595ms
  Thread calibration: mean lat.: 1537.161ms, rate sampling interval: 5529ms
  Thread calibration: mean lat.: 1512.252ms, rate sampling interval: 5500ms
  Thread calibration: mean lat.: 1572.660ms, rate sampling interval: 5668ms
  Thread calibration: mean lat.: 1527.905ms, rate sampling interval: 5525ms
  Thread calibration: mean lat.: 1533.582ms, rate sampling interval: 5570ms
  Thread calibration: mean lat.: 1530.604ms, rate sampling interval: 5496ms
  Thread calibration: mean lat.: 1508.289ms, rate sampling interval: 5496ms
  Thread calibration: mean lat.: 1516.767ms, rate sampling interval: 5484ms
  Thread calibration: mean lat.: 1478.963ms, rate sampling interval: 5492ms
  Thread calibration: mean lat.: 1505.802ms, rate sampling interval: 5558ms
  Thread calibration: mean lat.: 1460.847ms, rate sampling interval: 5345ms
  Thread calibration: mean lat.: 1479.487ms, rate sampling interval: 5484ms
  Thread calibration: mean lat.: 1439.686ms, rate sampling interval: 5345ms
  Thread calibration: mean lat.: 1477.358ms, rate sampling interval: 5394ms
  Thread calibration: mean lat.: 1483.318ms, rate sampling interval: 5545ms
  Thread calibration: mean lat.: 1468.253ms, rate sampling interval: 5423ms
  Thread calibration: mean lat.: 1468.019ms, rate sampling interval: 5402ms
  Thread calibration: mean lat.: 1464.820ms, rate sampling interval: 5455ms
  Thread calibration: mean lat.: 1525.466ms, rate sampling interval: 5582ms
  Thread calibration: mean lat.: 1484.359ms, rate sampling interval: 5459ms
  Thread calibration: mean lat.: 1486.448ms, rate sampling interval: 5529ms
  Thread calibration: mean lat.: 1484.480ms, rate sampling interval: 5406ms
  Thread calibration: mean lat.: 1489.948ms, rate sampling interval: 5464ms
  Thread calibration: mean lat.: 1496.200ms, rate sampling interval: 5529ms
  Thread calibration: mean lat.: 1479.566ms, rate sampling interval: 5414ms
  Thread calibration: mean lat.: 1477.841ms, rate sampling interval: 5451ms
  Thread calibration: mean lat.: 1491.428ms, rate sampling interval: 5533ms
  Thread calibration: mean lat.: 1481.143ms, rate sampling interval: 5378ms
  Thread calibration: mean lat.: 1634.832ms, rate sampling interval: 5267ms
  Thread calibration: mean lat.: 1474.705ms, rate sampling interval: 5459ms
  Thread calibration: mean lat.: 1518.245ms, rate sampling interval: 5537ms
  Thread calibration: mean lat.: 1493.780ms, rate sampling interval: 5500ms
  Thread calibration: mean lat.: 1432.017ms, rate sampling interval: 5246ms
  Thread calibration: mean lat.: 1503.768ms, rate sampling interval: 5537ms
  Thread calibration: mean lat.: 1478.157ms, rate sampling interval: 5427ms
  Thread calibration: mean lat.: 1530.353ms, rate sampling interval: 5550ms
  Thread calibration: mean lat.: 1476.321ms, rate sampling interval: 5402ms
  Thread calibration: mean lat.: 1522.678ms, rate sampling interval: 5529ms
  Thread calibration: mean lat.: 1513.272ms, rate sampling interval: 5488ms
  Thread calibration: mean lat.: 1481.925ms, rate sampling interval: 5394ms
  Thread calibration: mean lat.: 1517.159ms, rate sampling interval: 5509ms
  Thread calibration: mean lat.: 1484.011ms, rate sampling interval: 5414ms
  Thread calibration: mean lat.: 1466.693ms, rate sampling interval: 5398ms
  Thread calibration: mean lat.: 1468.353ms, rate sampling interval: 5406ms
  Thread calibration: mean lat.: 1504.332ms, rate sampling interval: 5451ms
  Thread calibration: mean lat.: 1485.482ms, rate sampling interval: 5419ms
  Thread calibration: mean lat.: 1501.078ms, rate sampling interval: 5484ms
  Thread calibration: mean lat.: 1518.790ms, rate sampling interval: 5423ms
  Thread calibration: mean lat.: 1489.057ms, rate sampling interval: 5390ms
  Thread calibration: mean lat.: 1686.642ms, rate sampling interval: 5476ms
  Thread calibration: mean lat.: 1508.715ms, rate sampling interval: 5521ms
  Thread calibration: mean lat.: 1496.455ms, rate sampling interval: 5484ms
  Thread calibration: mean lat.: 1478.055ms, rate sampling interval: 5410ms
  Thread calibration: mean lat.: 1519.288ms, rate sampling interval: 5488ms
  Thread calibration: mean lat.: 1517.389ms, rate sampling interval: 5582ms
  Thread calibration: mean lat.: 1511.108ms, rate sampling interval: 5492ms
  Thread calibration: mean lat.: 1690.223ms, rate sampling interval: 5496ms
  Thread calibration: mean lat.: 1501.580ms, rate sampling interval: 5492ms
  Thread calibration: mean lat.: 1521.632ms, rate sampling interval: 5513ms
  Thread calibration: mean lat.: 1526.162ms, rate sampling interval: 5599ms
  Thread calibration: mean lat.: 1545.083ms, rate sampling interval: 5562ms
  Thread calibration: mean lat.: 1542.737ms, rate sampling interval: 5623ms
  Thread calibration: mean lat.: 1492.150ms, rate sampling interval: 5439ms
  Thread calibration: mean lat.: 1669.951ms, rate sampling interval: 5459ms
  Thread calibration: mean lat.: 1546.181ms, rate sampling interval: 5636ms
  Thread calibration: mean lat.: 1497.714ms, rate sampling interval: 5373ms
  Thread calibration: mean lat.: 1497.549ms, rate sampling interval: 5361ms
  Thread calibration: mean lat.: 1539.375ms, rate sampling interval: 5570ms
  Thread calibration: mean lat.: 1634.456ms, rate sampling interval: 5353ms
  Thread calibration: mean lat.: 1553.559ms, rate sampling interval: 5615ms
  Thread calibration: mean lat.: 1530.687ms, rate sampling interval: 5550ms
  Thread calibration: mean lat.: 1545.907ms, rate sampling interval: 5607ms
  Thread calibration: mean lat.: 1568.194ms, rate sampling interval: 5623ms
  Thread calibration: mean lat.: 1493.658ms, rate sampling interval: 5427ms
  Thread calibration: mean lat.: 1609.587ms, rate sampling interval: 5353ms
  Thread calibration: mean lat.: 1549.980ms, rate sampling interval: 5591ms
  Thread calibration: mean lat.: 1574.812ms, rate sampling interval: 5599ms
  Thread calibration: mean lat.: 1569.782ms, rate sampling interval: 5611ms
  Thread calibration: mean lat.: 1563.560ms, rate sampling interval: 5537ms
  Thread calibration: mean lat.: 1652.971ms, rate sampling interval: 5382ms
  Thread calibration: mean lat.: 1572.763ms, rate sampling interval: 5599ms
  Thread calibration: mean lat.: 1538.303ms, rate sampling interval: 5521ms
  Thread calibration: mean lat.: 1546.472ms, rate sampling interval: 5541ms
  Thread calibration: mean lat.: 1537.868ms, rate sampling interval: 5558ms
  Thread calibration: mean lat.: 1555.824ms, rate sampling interval: 5505ms
  Thread calibration: mean lat.: 1610.332ms, rate sampling interval: 5648ms
  Thread calibration: mean lat.: 1517.411ms, rate sampling interval: 5431ms
  Thread calibration: mean lat.: 1577.253ms, rate sampling interval: 5636ms
  Thread calibration: mean lat.: 1591.724ms, rate sampling interval: 5595ms
  Thread calibration: mean lat.: 1559.998ms, rate sampling interval: 5558ms
  Thread calibration: mean lat.: 1627.425ms, rate sampling interval: 5648ms
  Thread calibration: mean lat.: 1566.849ms, rate sampling interval: 5562ms
  Thread calibration: mean lat.: 1574.672ms, rate sampling interval: 5586ms
  Thread calibration: mean lat.: 1673.981ms, rate sampling interval: 5492ms
  Thread calibration: mean lat.: 1538.321ms, rate sampling interval: 5496ms
  Thread calibration: mean lat.: 1576.998ms, rate sampling interval: 5562ms
  Thread calibration: mean lat.: 1611.449ms, rate sampling interval: 5697ms
  Thread calibration: mean lat.: 1599.916ms, rate sampling interval: 5640ms
  Thread calibration: mean lat.: 1612.772ms, rate sampling interval: 5681ms
  Thread calibration: mean lat.: 1597.536ms, rate sampling interval: 5701ms
  Thread calibration: mean lat.: 1610.369ms, rate sampling interval: 5726ms
  Thread calibration: mean lat.: 1566.124ms, rate sampling interval: 5603ms
  Thread calibration: mean lat.: 1550.138ms, rate sampling interval: 5537ms
  Thread calibration: mean lat.: 1592.374ms, rate sampling interval: 5677ms
  Thread calibration: mean lat.: 1565.142ms, rate sampling interval: 5611ms
  Thread calibration: mean lat.: 1582.767ms, rate sampling interval: 5595ms
  Thread calibration: mean lat.: 1541.776ms, rate sampling interval: 5521ms
  Thread calibration: mean lat.: 1601.101ms, rate sampling interval: 5615ms
  Thread calibration: mean lat.: 1573.732ms, rate sampling interval: 5603ms

-----------------------------------------------------------------------
Test Results @ http://10.10.1.1:26040 
  Thread Stats   Avg      Stdev     99%   +/- Stdev
    Latency     5.44s     1.50s    8.31s    57.78%
    Req/Sec    29.25      1.02    31.00     97.60%
  Latency Distribution (HdrHistogram - Recorded Latency)
 50.000%    5.32s 
 75.000%    6.74s 
 90.000%    7.54s 
 99.000%    8.31s 
 99.900%    8.76s 
 99.990%    9.02s 
 99.999%    9.10s 
100.000%    9.16s 

  Detailed Percentile spectrum:
       Value   Percentile   TotalCount 1/(1-Percentile)

    2684.927     0.000000            1         1.00
    3461.119     0.100000         7415         1.11
    3909.631     0.200000        14837         1.25
    4345.855     0.300000        22254         1.43
    4820.991     0.400000        29664         1.67
    5320.703     0.500000        37073         2.00
    5599.231     0.550000        40748         2.22
    5898.239     0.600000        44496         2.50
    6168.575     0.650000        48176         2.86
    6451.199     0.700000        51897         3.33
    6742.015     0.750000        55613         4.00
    6885.375     0.775000        57437         4.44
    7028.735     0.800000        59310         5.00
    7159.807     0.825000        61128         5.71
    7290.879     0.850000        62993         6.67
    7417.855     0.875000        64889         8.00
    7479.295     0.887500        65794         8.89
    7544.831     0.900000        66743        10.00
    7606.271     0.912500        67643        11.43
    7679.999     0.925000        68590        13.33
    7753.727     0.937500        69501        16.00
    7794.687     0.943750        69942        17.78
    7831.551     0.950000        70384        20.00
    7880.703     0.956250        70846        22.86
    7929.855     0.962500        71314        26.67
    7987.199     0.968750        71782        32.00
    8019.967     0.971875        72024        35.56
    8060.927     0.975000        72259        40.00
    8093.695     0.978125        72476        45.71
    8146.943     0.981250        72712        53.33
    8191.999     0.984375        72945        64.00
    8216.575     0.985938        73061        71.11
    8249.343     0.987500        73167        80.00
    8286.207     0.989062        73289        91.43
    8327.167     0.990625        73398       106.67
    8368.127     0.992188        73509       128.00
    8396.799     0.992969        73572       142.22
    8421.375     0.993750        73638       160.00
    8445.951     0.994531        73687       182.86
    8478.719     0.995313        73748       213.33
    8519.679     0.996094        73810       256.00
    8536.063     0.996484        73829       284.44
    8560.639     0.996875        73858       320.00
    8593.407     0.997266        73889       365.71
    8634.367     0.997656        73917       426.67
    8667.135     0.998047        73945       512.00
    8683.519     0.998242        73963       568.89
    8699.903     0.998437        73973       640.00
    8724.479     0.998633        73993       731.43
    8740.863     0.998828        74004       853.33
    8765.439     0.999023        74015      1024.00
    8781.823     0.999121        74023      1137.78
    8806.399     0.999219        74034      1280.00
    8822.783     0.999316        74038      1462.86
    8839.167     0.999414        74049      1706.67
    8855.551     0.999512        74052      2048.00
    8880.127     0.999561        74055      2275.56
    8896.511     0.999609        74060      2560.00
    8904.703     0.999658        74062      2925.71
    8921.087     0.999707        74067      3413.33
    8937.471     0.999756        74069      4096.00
    8962.047     0.999780        74071      4551.11
    8970.239     0.999805        74074      5120.00
    8978.431     0.999829        74076      5851.43
    8986.623     0.999854        74077      6826.67
    9003.007     0.999878        74079      8192.00
    9003.007     0.999890        74079      9102.22
    9019.391     0.999902        74082     10240.00
    9019.391     0.999915        74082     11702.86
    9019.391     0.999927        74082     13653.33
    9027.583     0.999939        74083     16384.00
    9027.583     0.999945        74083     18204.44
    9060.351     0.999951        74084     20480.00
    9060.351     0.999957        74084     23405.71
    9068.543     0.999963        74085     27306.67
    9068.543     0.999969        74085     32768.00
    9068.543     0.999973        74085     36408.89
    9101.311     0.999976        74086     40960.00
    9101.311     0.999979        74086     46811.43
    9101.311     0.999982        74086     54613.33
    9101.311     0.999985        74086     65536.00
    9101.311     0.999986        74086     72817.78
    9158.655     0.999988        74087     81920.00
    9158.655     1.000000        74087          inf
#[Mean    =     5437.242, StdDeviation   =     1502.832]
#[Max     =     9150.464, Total count    =        74087]
#[Buckets =           27, SubBuckets     =         2048]
-----------------------------------------------------------------------
  108254 requests in 29.84s, 16.78MB read
Requests/sec:   3628.01  
Transfer/sec:    576.02KB

=== rps=5200 c=1352 t=136 url=http://10.10.1.1:26040 ===
setup: assigned thread_id=1
init: final thread_id=1, base_seed=nil
setup: assigned thread_id=2
init: final thread_id=2, base_seed=nil
setup: assigned thread_id=3
init: final thread_id=3, base_seed=nil
setup: assigned thread_id=4
init: final thread_id=4, base_seed=nil
setup: assigned thread_id=5
init: final thread_id=5, base_seed=nil
setup: assigned thread_id=6
init: final thread_id=6, base_seed=nil
setup: assigned thread_id=7
init: final thread_id=7, base_seed=nil
setup: assigned thread_id=8
init: final thread_id=8, base_seed=nil
setup: assigned thread_id=9
init: final thread_id=9, base_seed=nil
setup: assigned thread_id=10
init: final thread_id=10, base_seed=nil
setup: assigned thread_id=11
init: final thread_id=11, base_seed=nil
setup: assigned thread_id=12
init: final thread_id=12, base_seed=nil
setup: assigned thread_id=13
init: final thread_id=13, base_seed=nil
setup: assigned thread_id=14
init: final thread_id=14, base_seed=nil
setup: assigned thread_id=15
init: final thread_id=15, base_seed=nil
setup: assigned thread_id=16
init: final thread_id=16, base_seed=nil
setup: assigned thread_id=17
init: final thread_id=17, base_seed=nil
setup: assigned thread_id=18
init: final thread_id=18, base_seed=nil
setup: assigned thread_id=19
init: final thread_id=19, base_seed=nil
setup: assigned thread_id=20
init: final thread_id=20, base_seed=nil
setup: assigned thread_id=21
init: final thread_id=21, base_seed=nil
setup: assigned thread_id=22
init: final thread_id=22, base_seed=nil
setup: assigned thread_id=23
init: final thread_id=23, base_seed=nil
setup: assigned thread_id=24
init: final thread_id=24, base_seed=nil
setup: assigned thread_id=25
init: final thread_id=25, base_seed=nil
setup: assigned thread_id=26
init: final thread_id=26, base_seed=nil
setup: assigned thread_id=27
init: final thread_id=27, base_seed=nil
setup: assigned thread_id=28
init: final thread_id=28, base_seed=nil
setup: assigned thread_id=29
init: final thread_id=29, base_seed=nil
setup: assigned thread_id=30
init: final thread_id=30, base_seed=nil
setup: assigned thread_id=31
init: final thread_id=31, base_seed=nil
setup: assigned thread_id=32
init: final thread_id=32, base_seed=nil
setup: assigned thread_id=33
init: final thread_id=33, base_seed=nil
setup: assigned thread_id=34
init: final thread_id=34, base_seed=nil
setup: assigned thread_id=35
init: final thread_id=35, base_seed=nil
setup: assigned thread_id=36
init: final thread_id=36, base_seed=nil
setup: assigned thread_id=37
init: final thread_id=37, base_seed=nil
setup: assigned thread_id=38
init: final thread_id=38, base_seed=nil
setup: assigned thread_id=39
init: final thread_id=39, base_seed=nil
setup: assigned thread_id=40
init: final thread_id=40, base_seed=nil
setup: assigned thread_id=41
init: final thread_id=41, base_seed=nil
setup: assigned thread_id=42
init: final thread_id=42, base_seed=nil
setup: assigned thread_id=43
init: final thread_id=43, base_seed=nil
setup: assigned thread_id=44
init: final thread_id=44, base_seed=nil
setup: assigned thread_id=45
init: final thread_id=45, base_seed=nil
setup: assigned thread_id=46
init: final thread_id=46, base_seed=nil
setup: assigned thread_id=47
init: final thread_id=47, base_seed=nil
setup: assigned thread_id=48
init: final thread_id=48, base_seed=nil
setup: assigned thread_id=49
init: final thread_id=49, base_seed=nil
setup: assigned thread_id=50
init: final thread_id=50, base_seed=nil
setup: assigned thread_id=51
init: final thread_id=51, base_seed=nil
setup: assigned thread_id=52
init: final thread_id=52, base_seed=nil
setup: assigned thread_id=53
init: final thread_id=53, base_seed=nil
setup: assigned thread_id=54
init: final thread_id=54, base_seed=nil
setup: assigned thread_id=55
init: final thread_id=55, base_seed=nil
setup: assigned thread_id=56
init: final thread_id=56, base_seed=nil
setup: assigned thread_id=57
init: final thread_id=57, base_seed=nil
setup: assigned thread_id=58
init: final thread_id=58, base_seed=nil
setup: assigned thread_id=59
init: final thread_id=59, base_seed=nil
setup: assigned thread_id=60
init: final thread_id=60, base_seed=nil
setup: assigned thread_id=61
init: final thread_id=61, base_seed=nil
setup: assigned thread_id=62
init: final thread_id=62, base_seed=nil
setup: assigned thread_id=63
init: final thread_id=63, base_seed=nil
setup: assigned thread_id=64
init: final thread_id=64, base_seed=nil
setup: assigned thread_id=65
init: final thread_id=65, base_seed=nil
setup: assigned thread_id=66
init: final thread_id=66, base_seed=nil
setup: assigned thread_id=67
init: final thread_id=67, base_seed=nil
setup: assigned thread_id=68
init: final thread_id=68, base_seed=nil
setup: assigned thread_id=69
init: final thread_id=69, base_seed=nil
setup: assigned thread_id=70
init: final thread_id=70, base_seed=nil
setup: assigned thread_id=71
init: final thread_id=71, base_seed=nil
setup: assigned thread_id=72
init: final thread_id=72, base_seed=nil
setup: assigned thread_id=73
init: final thread_id=73, base_seed=nil
setup: assigned thread_id=74
init: final thread_id=74, base_seed=nil
setup: assigned thread_id=75
init: final thread_id=75, base_seed=nil
setup: assigned thread_id=76
init: final thread_id=76, base_seed=nil
setup: assigned thread_id=77
init: final thread_id=77, base_seed=nil
setup: assigned thread_id=78
init: final thread_id=78, base_seed=nil
setup: assigned thread_id=79
init: final thread_id=79, base_seed=nil
setup: assigned thread_id=80
init: final thread_id=80, base_seed=nil
setup: assigned thread_id=81
init: final thread_id=81, base_seed=nil
setup: assigned thread_id=82
init: final thread_id=82, base_seed=nil
setup: assigned thread_id=83
init: final thread_id=83, base_seed=nil
setup: assigned thread_id=84
init: final thread_id=84, base_seed=nil
setup: assigned thread_id=85
init: final thread_id=85, base_seed=nil
setup: assigned thread_id=86
init: final thread_id=86, base_seed=nil
setup: assigned thread_id=87
init: final thread_id=87, base_seed=nil
setup: assigned thread_id=88
init: final thread_id=88, base_seed=nil
setup: assigned thread_id=89
init: final thread_id=89, base_seed=nil
setup: assigned thread_id=90
init: final thread_id=90, base_seed=nil
setup: assigned thread_id=91
init: final thread_id=91, base_seed=nil
setup: assigned thread_id=92
init: final thread_id=92, base_seed=nil
setup: assigned thread_id=93
init: final thread_id=93, base_seed=nil
setup: assigned thread_id=94
init: final thread_id=94, base_seed=nil
setup: assigned thread_id=95
init: final thread_id=95, base_seed=nil
setup: assigned thread_id=96
init: final thread_id=96, base_seed=nil
setup: assigned thread_id=97
init: final thread_id=97, base_seed=nil
setup: assigned thread_id=98
init: final thread_id=98, base_seed=nil
setup: assigned thread_id=99
init: final thread_id=99, base_seed=nil
setup: assigned thread_id=100
init: final thread_id=100, base_seed=nil
setup: assigned thread_id=101
init: final thread_id=101, base_seed=nil
setup: assigned thread_id=102
init: final thread_id=102, base_seed=nil
setup: assigned thread_id=103
init: final thread_id=103, base_seed=nil
setup: assigned thread_id=104
init: final thread_id=104, base_seed=nil
setup: assigned thread_id=105
init: final thread_id=105, base_seed=nil
setup: assigned thread_id=106
init: final thread_id=106, base_seed=nil
setup: assigned thread_id=107
init: final thread_id=107, base_seed=nil
setup: assigned thread_id=108
init: final thread_id=108, base_seed=nil
setup: assigned thread_id=109
init: final thread_id=109, base_seed=nil
setup: assigned thread_id=110
init: final thread_id=110, base_seed=nil
setup: assigned thread_id=111
init: final thread_id=111, base_seed=nil
setup: assigned thread_id=112
init: final thread_id=112, base_seed=nil
setup: assigned thread_id=113
init: final thread_id=113, base_seed=nil
setup: assigned thread_id=114
init: final thread_id=114, base_seed=nil
setup: assigned thread_id=115
init: final thread_id=115, base_seed=nil
setup: assigned thread_id=116
init: final thread_id=116, base_seed=nil
setup: assigned thread_id=117
init: final thread_id=117, base_seed=nil
setup: assigned thread_id=118
init: final thread_id=118, base_seed=nil
setup: assigned thread_id=119
init: final thread_id=119, base_seed=nil
setup: assigned thread_id=120
init: final thread_id=120, base_seed=nil
setup: assigned thread_id=121
init: final thread_id=121, base_seed=nil
setup: assigned thread_id=122
init: final thread_id=122, base_seed=nil
setup: assigned thread_id=123
init: final thread_id=123, base_seed=nil
setup: assigned thread_id=124
init: final thread_id=124, base_seed=nil
setup: assigned thread_id=125
init: final thread_id=125, base_seed=nil
setup: assigned thread_id=126
init: final thread_id=126, base_seed=nil
setup: assigned thread_id=127
init: final thread_id=127, base_seed=nil
setup: assigned thread_id=128
init: final thread_id=128, base_seed=nil
setup: assigned thread_id=129
init: final thread_id=129, base_seed=nil
setup: assigned thread_id=130
init: final thread_id=130, base_seed=nil
setup: assigned thread_id=131
init: final thread_id=131, base_seed=nil
setup: assigned thread_id=132
init: final thread_id=132, base_seed=nil
setup: assigned thread_id=133
init: final thread_id=133, base_seed=nil
setup: assigned thread_id=134
init: final thread_id=134, base_seed=nil
setup: assigned thread_id=135
init: final thread_id=135, base_seed=nil
setup: assigned thread_id=136
init: final thread_id=136, base_seed=nil
script_want_response
Running 30s test @ http://10.10.1.1:26040
  136 threads and 1352 connections

  Thread calibration: mean lat.: 1485.509ms, rate sampling interval: 4861ms
  Thread calibration: mean lat.: 1478.601ms, rate sampling interval: 4886ms
  Thread calibration: mean lat.: 1473.310ms, rate sampling interval: 4820ms
  Thread calibration: mean lat.: 1537.400ms, rate sampling interval: 4628ms
  Thread calibration: mean lat.: 1545.632ms, rate sampling interval: 5038ms
  Thread calibration: mean lat.: 1458.913ms, rate sampling interval: 4804ms
  Thread calibration: mean lat.: 1478.089ms, rate sampling interval: 4816ms
  Thread calibration: mean lat.: 1502.993ms, rate sampling interval: 4931ms
  Thread calibration: mean lat.: 1458.634ms, rate sampling interval: 4739ms
  Thread calibration: mean lat.: 1487.884ms, rate sampling interval: 4882ms
  Thread calibration: mean lat.: 1501.490ms, rate sampling interval: 4878ms
  Thread calibration: mean lat.: 1482.735ms, rate sampling interval: 4804ms
  Thread calibration: mean lat.: 1490.868ms, rate sampling interval: 4857ms
  Thread calibration: mean lat.: 1488.557ms, rate sampling interval: 4890ms
  Thread calibration: mean lat.: 1470.399ms, rate sampling interval: 4825ms
  Thread calibration: mean lat.: 1500.162ms, rate sampling interval: 4878ms
  Thread calibration: mean lat.: 1539.804ms, rate sampling interval: 5029ms
  Thread calibration: mean lat.: 1486.441ms, rate sampling interval: 4800ms
  Thread calibration: mean lat.: 1479.638ms, rate sampling interval: 4829ms
  Thread calibration: mean lat.: 1501.449ms, rate sampling interval: 4874ms
  Thread calibration: mean lat.: 1516.936ms, rate sampling interval: 4911ms
  Thread calibration: mean lat.: 1521.174ms, rate sampling interval: 4952ms
  Thread calibration: mean lat.: 1531.685ms, rate sampling interval: 4931ms
  Thread calibration: mean lat.: 1488.134ms, rate sampling interval: 4902ms
  Thread calibration: mean lat.: 1538.547ms, rate sampling interval: 5009ms
  Thread calibration: mean lat.: 1501.505ms, rate sampling interval: 4816ms
  Thread calibration: mean lat.: 1514.903ms, rate sampling interval: 4841ms
  Thread calibration: mean lat.: 1571.010ms, rate sampling interval: 5099ms
  Thread calibration: mean lat.: 1467.122ms, rate sampling interval: 4759ms
  Thread calibration: mean lat.: 1531.670ms, rate sampling interval: 4943ms
  Thread calibration: mean lat.: 1501.613ms, rate sampling interval: 4886ms
  Thread calibration: mean lat.: 1513.988ms, rate sampling interval: 4964ms
  Thread calibration: mean lat.: 1465.388ms, rate sampling interval: 4722ms
  Thread calibration: mean lat.: 1516.963ms, rate sampling interval: 4595ms
  Thread calibration: mean lat.: 1531.139ms, rate sampling interval: 4939ms
  Thread calibration: mean lat.: 1486.735ms, rate sampling interval: 4804ms
  Thread calibration: mean lat.: 1544.728ms, rate sampling interval: 4960ms
  Thread calibration: mean lat.: 1546.414ms, rate sampling interval: 5025ms
  Thread calibration: mean lat.: 1549.633ms, rate sampling interval: 5013ms
  Thread calibration: mean lat.: 1529.457ms, rate sampling interval: 4960ms
  Thread calibration: mean lat.: 1512.484ms, rate sampling interval: 4943ms
  Thread calibration: mean lat.: 1550.318ms, rate sampling interval: 4931ms
  Thread calibration: mean lat.: 1548.084ms, rate sampling interval: 4984ms
  Thread calibration: mean lat.: 1550.055ms, rate sampling interval: 5029ms
  Thread calibration: mean lat.: 1566.141ms, rate sampling interval: 4984ms
  Thread calibration: mean lat.: 1523.617ms, rate sampling interval: 4984ms
  Thread calibration: mean lat.: 1527.834ms, rate sampling interval: 4907ms
  Thread calibration: mean lat.: 1482.987ms, rate sampling interval: 4845ms
  Thread calibration: mean lat.: 1489.765ms, rate sampling interval: 4796ms
  Thread calibration: mean lat.: 1558.886ms, rate sampling interval: 5070ms
  Thread calibration: mean lat.: 1524.770ms, rate sampling interval: 4919ms
  Thread calibration: mean lat.: 1491.453ms, rate sampling interval: 4771ms
  Thread calibration: mean lat.: 1507.337ms, rate sampling interval: 4878ms
  Thread calibration: mean lat.: 1503.934ms, rate sampling interval: 4595ms
  Thread calibration: mean lat.: 1541.307ms, rate sampling interval: 4968ms
  Thread calibration: mean lat.: 1462.082ms, rate sampling interval: 4755ms
  Thread calibration: mean lat.: 1518.114ms, rate sampling interval: 4956ms
  Thread calibration: mean lat.: 1522.992ms, rate sampling interval: 4898ms
  Thread calibration: mean lat.: 1491.255ms, rate sampling interval: 4837ms
  Thread calibration: mean lat.: 1490.359ms, rate sampling interval: 4837ms
  Thread calibration: mean lat.: 1484.688ms, rate sampling interval: 4780ms
  Thread calibration: mean lat.: 1470.011ms, rate sampling interval: 4775ms
  Thread calibration: mean lat.: 1500.353ms, rate sampling interval: 4878ms
  Thread calibration: mean lat.: 1534.082ms, rate sampling interval: 4980ms
  Thread calibration: mean lat.: 1523.599ms, rate sampling interval: 4993ms
  Thread calibration: mean lat.: 1535.366ms, rate sampling interval: 5005ms
  Thread calibration: mean lat.: 1492.323ms, rate sampling interval: 4784ms
  Thread calibration: mean lat.: 1501.833ms, rate sampling interval: 4775ms
  Thread calibration: mean lat.: 1575.701ms, rate sampling interval: 5087ms
  Thread calibration: mean lat.: 1562.082ms, rate sampling interval: 4722ms
  Thread calibration: mean lat.: 1494.812ms, rate sampling interval: 4829ms
  Thread calibration: mean lat.: 1500.362ms, rate sampling interval: 4796ms
  Thread calibration: mean lat.: 1522.221ms, rate sampling interval: 4923ms
  Thread calibration: mean lat.: 1525.390ms, rate sampling interval: 4890ms
  Thread calibration: mean lat.: 1533.607ms, rate sampling interval: 4968ms
  Thread calibration: mean lat.: 1557.488ms, rate sampling interval: 4984ms
  Thread calibration: mean lat.: 1571.071ms, rate sampling interval: 5079ms
  Thread calibration: mean lat.: 1553.324ms, rate sampling interval: 4874ms
  Thread calibration: mean lat.: 1550.738ms, rate sampling interval: 4923ms
  Thread calibration: mean lat.: 1508.457ms, rate sampling interval: 4796ms
  Thread calibration: mean lat.: 1543.785ms, rate sampling interval: 4980ms
  Thread calibration: mean lat.: 1508.707ms, rate sampling interval: 4882ms
  Thread calibration: mean lat.: 1585.156ms, rate sampling interval: 5107ms
  Thread calibration: mean lat.: 1542.644ms, rate sampling interval: 4939ms
  Thread calibration: mean lat.: 1552.720ms, rate sampling interval: 5005ms
  Thread calibration: mean lat.: 1581.390ms, rate sampling interval: 5038ms
  Thread calibration: mean lat.: 1509.770ms, rate sampling interval: 4845ms
  Thread calibration: mean lat.: 1556.027ms, rate sampling interval: 4902ms
  Thread calibration: mean lat.: 1540.221ms, rate sampling interval: 4894ms
  Thread calibration: mean lat.: 1536.498ms, rate sampling interval: 4956ms
  Thread calibration: mean lat.: 1532.751ms, rate sampling interval: 4931ms
  Thread calibration: mean lat.: 1541.186ms, rate sampling interval: 4919ms
  Thread calibration: mean lat.: 1611.117ms, rate sampling interval: 5083ms
  Thread calibration: mean lat.: 1522.880ms, rate sampling interval: 4607ms
  Thread calibration: mean lat.: 1540.315ms, rate sampling interval: 4939ms
  Thread calibration: mean lat.: 1493.353ms, rate sampling interval: 4800ms
  Thread calibration: mean lat.: 1538.415ms, rate sampling interval: 4935ms
  Thread calibration: mean lat.: 1534.619ms, rate sampling interval: 4882ms
  Thread calibration: mean lat.: 1628.650ms, rate sampling interval: 5173ms
  Thread calibration: mean lat.: 1619.216ms, rate sampling interval: 5156ms
  Thread calibration: mean lat.: 1529.726ms, rate sampling interval: 4915ms
  Thread calibration: mean lat.: 1509.944ms, rate sampling interval: 4837ms
  Thread calibration: mean lat.: 1575.303ms, rate sampling interval: 5058ms
  Thread calibration: mean lat.: 1634.766ms, rate sampling interval: 5156ms
  Thread calibration: mean lat.: 1602.875ms, rate sampling interval: 5079ms
  Thread calibration: mean lat.: 1527.081ms, rate sampling interval: 4886ms
  Thread calibration: mean lat.: 1528.517ms, rate sampling interval: 4923ms
  Thread calibration: mean lat.: 1535.143ms, rate sampling interval: 4833ms
  Thread calibration: mean lat.: 1554.331ms, rate sampling interval: 4931ms
  Thread calibration: mean lat.: 1557.346ms, rate sampling interval: 4964ms
  Thread calibration: mean lat.: 1551.272ms, rate sampling interval: 4923ms
  Thread calibration: mean lat.: 1531.495ms, rate sampling interval: 4874ms
  Thread calibration: mean lat.: 1576.905ms, rate sampling interval: 4960ms
  Thread calibration: mean lat.: 1573.535ms, rate sampling interval: 4960ms
  Thread calibration: mean lat.: 1603.234ms, rate sampling interval: 5038ms
  Thread calibration: mean lat.: 1560.593ms, rate sampling interval: 4681ms
  Thread calibration: mean lat.: 1602.338ms, rate sampling interval: 5001ms
  Thread calibration: mean lat.: 1567.827ms, rate sampling interval: 4939ms
  Thread calibration: mean lat.: 1570.027ms, rate sampling interval: 4960ms
  Thread calibration: mean lat.: 1617.385ms, rate sampling interval: 5197ms
  Thread calibration: mean lat.: 1603.453ms, rate sampling interval: 5058ms
  Thread calibration: mean lat.: 1548.016ms, rate sampling interval: 4857ms
  Thread calibration: mean lat.: 1563.876ms, rate sampling interval: 4988ms
  Thread calibration: mean lat.: 1604.328ms, rate sampling interval: 5074ms
  Thread calibration: mean lat.: 1564.374ms, rate sampling interval: 4923ms
  Thread calibration: mean lat.: 1605.000ms, rate sampling interval: 5066ms
  Thread calibration: mean lat.: 1582.949ms, rate sampling interval: 4980ms
  Thread calibration: mean lat.: 1582.598ms, rate sampling interval: 4960ms
  Thread calibration: mean lat.: 1562.187ms, rate sampling interval: 5029ms
  Thread calibration: mean lat.: 1562.444ms, rate sampling interval: 4968ms
  Thread calibration: mean lat.: 1555.734ms, rate sampling interval: 4923ms
  Thread calibration: mean lat.: 1596.324ms, rate sampling interval: 5087ms
  Thread calibration: mean lat.: 1567.545ms, rate sampling interval: 5025ms
  Thread calibration: mean lat.: 1551.421ms, rate sampling interval: 4923ms
  Thread calibration: mean lat.: 1642.927ms, rate sampling interval: 5156ms
  Thread calibration: mean lat.: 1602.856ms, rate sampling interval: 5017ms

-----------------------------------------------------------------------
Test Results @ http://10.10.1.1:26040 
  Thread Stats   Avg      Stdev     99%   +/- Stdev
    Latency     5.37s     1.63s    8.32s    58.74%
    Req/Sec    27.05      0.99    28.00     90.28%
  Latency Distribution (HdrHistogram - Recorded Latency)
 50.000%    5.23s 
 75.000%    6.84s 
 90.000%    7.58s 
 99.000%    8.32s 
 99.900%    8.86s 
 99.990%    9.10s 
 99.999%    9.19s 
100.000%    9.26s 

  Detailed Percentile spectrum:
       Value   Percentile   TotalCount 1/(1-Percentile)

    2377.727     0.000000            2         1.00
    3108.863     0.100000         7466         1.11
    3770.367     0.200000        14887         1.25
    4227.071     0.300000        22336         1.43
    4743.167     0.400000        29804         1.67
    5234.687     0.500000        37253         2.00
    5492.735     0.550000        40945         2.22
    5988.351     0.600000        44633         2.50
    6316.031     0.650000        48389         2.86
    6578.175     0.700000        52101         3.33
    6844.415     0.750000        55825         4.00
    6971.391     0.775000        57676         4.44
    7090.175     0.800000        59536         5.00
    7208.959     0.825000        61368         5.71
    7331.839     0.850000        63248         6.67
    7454.719     0.875000        65118         8.00
    7516.159     0.887500        66059         8.89
    7581.695     0.900000        66993        10.00
    7647.231     0.912500        67913        11.43
    7716.863     0.925000        68857        13.33
    7786.495     0.937500        69776        16.00
    7823.359     0.943750        70214        17.78
    7860.223     0.950000        70677        20.00
    7901.183     0.956250        71162        22.86
    7946.239     0.962500        71608        26.67
    7991.295     0.968750        72063        32.00
    8019.967     0.971875        72299        35.56
    8052.735     0.975000        72532        40.00
    8085.503     0.978125        72771        45.71
    8130.559     0.981250        73016        53.33
    8171.519     0.984375        73223        64.00
    8208.383     0.985938        73348        71.11
    8241.151     0.987500        73458        80.00
    8290.303     0.989062        73578        91.43
    8339.455     0.990625        73693       106.67
    8404.991     0.992188        73813       128.00
    8437.759     0.992969        73870       142.22
    8470.527     0.993750        73922       160.00
    8519.679     0.994531        73987       182.86
    8560.639     0.995313        74039       213.33
    8609.791     0.996094        74097       256.00
    8634.367     0.996484        74128       284.44
    8658.943     0.996875        74156       320.00
    8691.711     0.997266        74187       365.71
    8716.287     0.997656        74217       426.67
    8749.055     0.998047        74240       512.00
    8773.631     0.998242        74254       568.89
    8790.015     0.998437        74269       640.00
    8814.591     0.998633        74289       731.43
    8830.975     0.998828        74298       853.33
    8863.743     0.999023        74316      1024.00
    8871.935     0.999121        74321      1137.78
    8888.319     0.999219        74328      1280.00
    8896.511     0.999316        74335      1462.86
    8912.895     0.999414        74341      1706.67
    8945.663     0.999512        74348      2048.00
    8953.855     0.999561        74352      2275.56
    8970.239     0.999609        74357      2560.00
    8994.815     0.999658        74361      2925.71
    9003.007     0.999707        74364      3413.33
    9019.391     0.999756        74366      4096.00
    9035.775     0.999780        74369      4551.11
    9043.967     0.999805        74370      5120.00
    9068.543     0.999829        74375      5851.43
    9068.543     0.999854        74375      6826.67
    9068.543     0.999878        74375      8192.00
    9084.927     0.999890        74376      9102.22
    9101.311     0.999902        74377     10240.00
    9109.503     0.999915        74378     11702.86
    9117.695     0.999927        74379     13653.33
    9158.655     0.999939        74382     16384.00
    9158.655     0.999945        74382     18204.44
    9158.655     0.999951        74382     20480.00
    9158.655     0.999957        74382     23405.71
    9158.655     0.999963        74382     27306.67
    9158.655     0.999969        74382     32768.00
    9158.655     0.999973        74382     36408.89
    9191.423     0.999976        74383     40960.00
    9191.423     0.999979        74383     46811.43
    9191.423     0.999982        74383     54613.33
    9191.423     0.999985        74383     65536.00
    9191.423     0.999986        74383     72817.78
    9256.959     0.999988        74384     81920.00
    9256.959     1.000000        74384          inf
#[Mean    =     5368.991, StdDeviation   =     1630.746]
#[Max     =     9248.768, Total count    =        74384]
#[Buckets =           27, SubBuckets     =         2048]
-----------------------------------------------------------------------
  111504 requests in 29.83s, 17.29MB read
Requests/sec:   3738.02  
Transfer/sec:    593.52KB

=== rps=5400 c=1458 t=146 url=http://10.10.1.1:26040 ===
setup: assigned thread_id=1
init: final thread_id=1, base_seed=nil
setup: assigned thread_id=2
init: final thread_id=2, base_seed=nil
setup: assigned thread_id=3
init: final thread_id=3, base_seed=nil
setup: assigned thread_id=4
init: final thread_id=4, base_seed=nil
setup: assigned thread_id=5
init: final thread_id=5, base_seed=nil
setup: assigned thread_id=6
init: final thread_id=6, base_seed=nil
setup: assigned thread_id=7
init: final thread_id=7, base_seed=nil
setup: assigned thread_id=8
init: final thread_id=8, base_seed=nil
setup: assigned thread_id=9
init: final thread_id=9, base_seed=nil
setup: assigned thread_id=10
init: final thread_id=10, base_seed=nil
setup: assigned thread_id=11
init: final thread_id=11, base_seed=nil
setup: assigned thread_id=12
init: final thread_id=12, base_seed=nil
setup: assigned thread_id=13
init: final thread_id=13, base_seed=nil
setup: assigned thread_id=14
init: final thread_id=14, base_seed=nil
setup: assigned thread_id=15
init: final thread_id=15, base_seed=nil
setup: assigned thread_id=16
init: final thread_id=16, base_seed=nil
setup: assigned thread_id=17
init: final thread_id=17, base_seed=nil
setup: assigned thread_id=18
init: final thread_id=18, base_seed=nil
setup: assigned thread_id=19
init: final thread_id=19, base_seed=nil
setup: assigned thread_id=20
init: final thread_id=20, base_seed=nil
setup: assigned thread_id=21
init: final thread_id=21, base_seed=nil
setup: assigned thread_id=22
init: final thread_id=22, base_seed=nil
setup: assigned thread_id=23
init: final thread_id=23, base_seed=nil
setup: assigned thread_id=24
init: final thread_id=24, base_seed=nil
setup: assigned thread_id=25
init: final thread_id=25, base_seed=nil
setup: assigned thread_id=26
init: final thread_id=26, base_seed=nil
setup: assigned thread_id=27
init: final thread_id=27, base_seed=nil
setup: assigned thread_id=28
init: final thread_id=28, base_seed=nil
setup: assigned thread_id=29
init: final thread_id=29, base_seed=nil
setup: assigned thread_id=30
init: final thread_id=30, base_seed=nil
setup: assigned thread_id=31
init: final thread_id=31, base_seed=nil
setup: assigned thread_id=32
init: final thread_id=32, base_seed=nil
setup: assigned thread_id=33
init: final thread_id=33, base_seed=nil
setup: assigned thread_id=34
init: final thread_id=34, base_seed=nil
setup: assigned thread_id=35
init: final thread_id=35, base_seed=nil
setup: assigned thread_id=36
init: final thread_id=36, base_seed=nil
setup: assigned thread_id=37
init: final thread_id=37, base_seed=nil
setup: assigned thread_id=38
init: final thread_id=38, base_seed=nil
setup: assigned thread_id=39
init: final thread_id=39, base_seed=nil
setup: assigned thread_id=40
init: final thread_id=40, base_seed=nil
setup: assigned thread_id=41
init: final thread_id=41, base_seed=nil
setup: assigned thread_id=42
init: final thread_id=42, base_seed=nil
setup: assigned thread_id=43
init: final thread_id=43, base_seed=nil
setup: assigned thread_id=44
init: final thread_id=44, base_seed=nil
setup: assigned thread_id=45
init: final thread_id=45, base_seed=nil
setup: assigned thread_id=46
init: final thread_id=46, base_seed=nil
setup: assigned thread_id=47
init: final thread_id=47, base_seed=nil
setup: assigned thread_id=48
init: final thread_id=48, base_seed=nil
setup: assigned thread_id=49
init: final thread_id=49, base_seed=nil
setup: assigned thread_id=50
init: final thread_id=50, base_seed=nil
setup: assigned thread_id=51
init: final thread_id=51, base_seed=nil
setup: assigned thread_id=52
init: final thread_id=52, base_seed=nil
setup: assigned thread_id=53
init: final thread_id=53, base_seed=nil
setup: assigned thread_id=54
init: final thread_id=54, base_seed=nil
setup: assigned thread_id=55
init: final thread_id=55, base_seed=nil
setup: assigned thread_id=56
init: final thread_id=56, base_seed=nil
setup: assigned thread_id=57
init: final thread_id=57, base_seed=nil
setup: assigned thread_id=58
init: final thread_id=58, base_seed=nil
setup: assigned thread_id=59
init: final thread_id=59, base_seed=nil
setup: assigned thread_id=60
init: final thread_id=60, base_seed=nil
setup: assigned thread_id=61
init: final thread_id=61, base_seed=nil
setup: assigned thread_id=62
init: final thread_id=62, base_seed=nil
setup: assigned thread_id=63
init: final thread_id=63, base_seed=nil
setup: assigned thread_id=64
init: final thread_id=64, base_seed=nil
setup: assigned thread_id=65
init: final thread_id=65, base_seed=nil
setup: assigned thread_id=66
init: final thread_id=66, base_seed=nil
setup: assigned thread_id=67
init: final thread_id=67, base_seed=nil
setup: assigned thread_id=68
init: final thread_id=68, base_seed=nil
setup: assigned thread_id=69
init: final thread_id=69, base_seed=nil
setup: assigned thread_id=70
init: final thread_id=70, base_seed=nil
setup: assigned thread_id=71
init: final thread_id=71, base_seed=nil
setup: assigned thread_id=72
init: final thread_id=72, base_seed=nil
setup: assigned thread_id=73
init: final thread_id=73, base_seed=nil
setup: assigned thread_id=74
init: final thread_id=74, base_seed=nil
setup: assigned thread_id=75
init: final thread_id=75, base_seed=nil
setup: assigned thread_id=76
init: final thread_id=76, base_seed=nil
setup: assigned thread_id=77
init: final thread_id=77, base_seed=nil
setup: assigned thread_id=78
init: final thread_id=78, base_seed=nil
setup: assigned thread_id=79
init: final thread_id=79, base_seed=nil
setup: assigned thread_id=80
init: final thread_id=80, base_seed=nil
setup: assigned thread_id=81
init: final thread_id=81, base_seed=nil
setup: assigned thread_id=82
init: final thread_id=82, base_seed=nil
setup: assigned thread_id=83
init: final thread_id=83, base_seed=nil
setup: assigned thread_id=84
init: final thread_id=84, base_seed=nil
setup: assigned thread_id=85
init: final thread_id=85, base_seed=nil
setup: assigned thread_id=86
init: final thread_id=86, base_seed=nil
setup: assigned thread_id=87
init: final thread_id=87, base_seed=nil
setup: assigned thread_id=88
init: final thread_id=88, base_seed=nil
setup: assigned thread_id=89
init: final thread_id=89, base_seed=nil
setup: assigned thread_id=90
init: final thread_id=90, base_seed=nil
setup: assigned thread_id=91
init: final thread_id=91, base_seed=nil
setup: assigned thread_id=92
init: final thread_id=92, base_seed=nil
setup: assigned thread_id=93
init: final thread_id=93, base_seed=nil
setup: assigned thread_id=94
init: final thread_id=94, base_seed=nil
setup: assigned thread_id=95
init: final thread_id=95, base_seed=nil
setup: assigned thread_id=96
init: final thread_id=96, base_seed=nil
setup: assigned thread_id=97
init: final thread_id=97, base_seed=nil
setup: assigned thread_id=98
init: final thread_id=98, base_seed=nil
setup: assigned thread_id=99
init: final thread_id=99, base_seed=nil
setup: assigned thread_id=100
init: final thread_id=100, base_seed=nil
setup: assigned thread_id=101
init: final thread_id=101, base_seed=nil
setup: assigned thread_id=102
init: final thread_id=102, base_seed=nil
setup: assigned thread_id=103
init: final thread_id=103, base_seed=nil
setup: assigned thread_id=104
init: final thread_id=104, base_seed=nil
setup: assigned thread_id=105
init: final thread_id=105, base_seed=nil
setup: assigned thread_id=106
init: final thread_id=106, base_seed=nil
setup: assigned thread_id=107
init: final thread_id=107, base_seed=nil
setup: assigned thread_id=108
init: final thread_id=108, base_seed=nil
setup: assigned thread_id=109
init: final thread_id=109, base_seed=nil
setup: assigned thread_id=110
init: final thread_id=110, base_seed=nil
setup: assigned thread_id=111
init: final thread_id=111, base_seed=nil
setup: assigned thread_id=112
init: final thread_id=112, base_seed=nil
setup: assigned thread_id=113
init: final thread_id=113, base_seed=nil
setup: assigned thread_id=114
init: final thread_id=114, base_seed=nil
setup: assigned thread_id=115
init: final thread_id=115, base_seed=nil
setup: assigned thread_id=116
init: final thread_id=116, base_seed=nil
setup: assigned thread_id=117
init: final thread_id=117, base_seed=nil
setup: assigned thread_id=118
init: final thread_id=118, base_seed=nil
setup: assigned thread_id=119
init: final thread_id=119, base_seed=nil
setup: assigned thread_id=120
init: final thread_id=120, base_seed=nil
setup: assigned thread_id=121
init: final thread_id=121, base_seed=nil
setup: assigned thread_id=122
init: final thread_id=122, base_seed=nil
setup: assigned thread_id=123
init: final thread_id=123, base_seed=nil
setup: assigned thread_id=124
init: final thread_id=124, base_seed=nil
setup: assigned thread_id=125
init: final thread_id=125, base_seed=nil
setup: assigned thread_id=126
init: final thread_id=126, base_seed=nil
setup: assigned thread_id=127
init: final thread_id=127, base_seed=nil
setup: assigned thread_id=128
init: final thread_id=128, base_seed=nil
setup: assigned thread_id=129
init: final thread_id=129, base_seed=nil
setup: assigned thread_id=130
init: final thread_id=130, base_seed=nil
setup: assigned thread_id=131
init: final thread_id=131, base_seed=nil
setup: assigned thread_id=132
init: final thread_id=132, base_seed=nil
setup: assigned thread_id=133
init: final thread_id=133, base_seed=nil
setup: assigned thread_id=134
init: final thread_id=134, base_seed=nil
setup: assigned thread_id=135
init: final thread_id=135, base_seed=nil
setup: assigned thread_id=136
init: final thread_id=136, base_seed=nil
setup: assigned thread_id=137
init: final thread_id=137, base_seed=nil
setup: assigned thread_id=138
init: final thread_id=138, base_seed=nil
setup: assigned thread_id=139
init: final thread_id=139, base_seed=nil
setup: assigned thread_id=140
init: final thread_id=140, base_seed=nil
setup: assigned thread_id=141
init: final thread_id=141, base_seed=nil
setup: assigned thread_id=142
init: final thread_id=142, base_seed=nil
setup: assigned thread_id=143
init: final thread_id=143, base_seed=nil
setup: assigned thread_id=144
init: final thread_id=144, base_seed=nil
setup: assigned thread_id=145
init: final thread_id=145, base_seed=nil
setup: assigned thread_id=146
init: final thread_id=146, base_seed=nil
script_want_response
Running 30s test @ http://10.10.1.1:26040
  146 threads and 1458 connections

  Thread calibration: mean lat.: 1621.794ms, rate sampling interval: 5586ms
  Thread calibration: mean lat.: 1650.042ms, rate sampling interval: 5738ms
  Thread calibration: mean lat.: 1681.518ms, rate sampling interval: 5869ms
  Thread calibration: mean lat.: 1710.668ms, rate sampling interval: 5926ms
  Thread calibration: mean lat.: 1654.175ms, rate sampling interval: 5779ms
  Thread calibration: mean lat.: 1663.628ms, rate sampling interval: 5742ms
  Thread calibration: mean lat.: 1631.747ms, rate sampling interval: 5648ms
  Thread calibration: mean lat.: 1694.193ms, rate sampling interval: 5890ms
  Thread calibration: mean lat.: 1623.977ms, rate sampling interval: 5660ms
  Thread calibration: mean lat.: 1638.706ms, rate sampling interval: 5672ms
  Thread calibration: mean lat.: 1659.343ms, rate sampling interval: 5758ms
  Thread calibration: mean lat.: 1658.829ms, rate sampling interval: 5795ms
  Thread calibration: mean lat.: 1676.242ms, rate sampling interval: 5808ms
  Thread calibration: mean lat.: 1694.383ms, rate sampling interval: 5898ms
  Thread calibration: mean lat.: 1669.214ms, rate sampling interval: 5787ms
  Thread calibration: mean lat.: 1654.778ms, rate sampling interval: 5664ms
  Thread calibration: mean lat.: 1689.909ms, rate sampling interval: 5791ms
  Thread calibration: mean lat.: 1682.728ms, rate sampling interval: 5787ms
  Thread calibration: mean lat.: 1742.923ms, rate sampling interval: 5939ms
  Thread calibration: mean lat.: 1717.316ms, rate sampling interval: 5890ms
  Thread calibration: mean lat.: 1667.174ms, rate sampling interval: 5713ms
  Thread calibration: mean lat.: 1742.741ms, rate sampling interval: 5935ms
  Thread calibration: mean lat.: 1666.468ms, rate sampling interval: 5718ms
  Thread calibration: mean lat.: 1724.782ms, rate sampling interval: 5844ms
  Thread calibration: mean lat.: 1707.677ms, rate sampling interval: 5828ms
  Thread calibration: mean lat.: 1706.579ms, rate sampling interval: 5734ms
  Thread calibration: mean lat.: 1747.043ms, rate sampling interval: 5918ms
  Thread calibration: mean lat.: 1730.958ms, rate sampling interval: 5918ms
  Thread calibration: mean lat.: 1721.145ms, rate sampling interval: 5799ms
  Thread calibration: mean lat.: 1733.070ms, rate sampling interval: 5509ms
  Thread calibration: mean lat.: 1744.520ms, rate sampling interval: 5947ms
  Thread calibration: mean lat.: 1754.607ms, rate sampling interval: 5984ms
  Thread calibration: mean lat.: 1702.542ms, rate sampling interval: 5820ms
  Thread calibration: mean lat.: 1715.161ms, rate sampling interval: 5775ms
  Thread calibration: mean lat.: 1724.806ms, rate sampling interval: 5885ms
  Thread calibration: mean lat.: 1697.880ms, rate sampling interval: 5795ms
  Thread calibration: mean lat.: 1683.741ms, rate sampling interval: 5734ms
  Thread calibration: mean lat.: 1718.264ms, rate sampling interval: 5767ms
  Thread calibration: mean lat.: 1715.055ms, rate sampling interval: 5787ms
  Thread calibration: mean lat.: 1706.561ms, rate sampling interval: 5791ms
  Thread calibration: mean lat.: 1727.624ms, rate sampling interval: 5881ms
  Thread calibration: mean lat.: 1691.497ms, rate sampling interval: 5730ms
  Thread calibration: mean lat.: 1745.530ms, rate sampling interval: 5865ms
  Thread calibration: mean lat.: 1714.326ms, rate sampling interval: 5808ms
  Thread calibration: mean lat.: 1721.785ms, rate sampling interval: 5853ms
  Thread calibration: mean lat.: 1746.816ms, rate sampling interval: 5869ms
  Thread calibration: mean lat.: 1719.178ms, rate sampling interval: 5857ms
  Thread calibration: mean lat.: 1726.397ms, rate sampling interval: 5869ms
  Thread calibration: mean lat.: 1749.471ms, rate sampling interval: 5898ms
  Thread calibration: mean lat.: 1693.138ms, rate sampling interval: 5787ms
  Thread calibration: mean lat.: 1737.913ms, rate sampling interval: 5963ms
  Thread calibration: mean lat.: 1695.647ms, rate sampling interval: 5689ms
  Thread calibration: mean lat.: 1710.794ms, rate sampling interval: 5943ms
  Thread calibration: mean lat.: 1726.319ms, rate sampling interval: 5951ms
  Thread calibration: mean lat.: 1680.468ms, rate sampling interval: 5652ms
  Thread calibration: mean lat.: 1679.049ms, rate sampling interval: 5689ms
  Thread calibration: mean lat.: 1695.223ms, rate sampling interval: 5844ms
  Thread calibration: mean lat.: 1652.771ms, rate sampling interval: 5685ms
  Thread calibration: mean lat.: 1692.192ms, rate sampling interval: 5742ms
  Thread calibration: mean lat.: 1637.298ms, rate sampling interval: 5636ms
  Thread calibration: mean lat.: 1660.638ms, rate sampling interval: 5668ms
  Thread calibration: mean lat.: 1745.074ms, rate sampling interval: 6049ms
  Thread calibration: mean lat.: 1736.006ms, rate sampling interval: 6029ms
  Thread calibration: mean lat.: 1701.968ms, rate sampling interval: 5746ms
  Thread calibration: mean lat.: 1695.887ms, rate sampling interval: 5730ms
  Thread calibration: mean lat.: 1705.337ms, rate sampling interval: 5758ms
  Thread calibration: mean lat.: 1674.540ms, rate sampling interval: 5652ms
  Thread calibration: mean lat.: 1724.269ms, rate sampling interval: 5812ms
  Thread calibration: mean lat.: 1700.197ms, rate sampling interval: 5812ms
  Thread calibration: mean lat.: 1677.424ms, rate sampling interval: 5656ms
  Thread calibration: mean lat.: 1708.554ms, rate sampling interval: 5935ms
  Thread calibration: mean lat.: 1711.529ms, rate sampling interval: 5750ms
  Thread calibration: mean lat.: 1719.336ms, rate sampling interval: 5795ms
  Thread calibration: mean lat.: 1710.080ms, rate sampling interval: 5758ms
  Thread calibration: mean lat.: 1740.485ms, rate sampling interval: 5902ms
  Thread calibration: mean lat.: 1694.961ms, rate sampling interval: 5730ms
  Thread calibration: mean lat.: 1686.412ms, rate sampling interval: 5701ms
  Thread calibration: mean lat.: 1762.494ms, rate sampling interval: 5939ms
  Thread calibration: mean lat.: 1701.537ms, rate sampling interval: 5713ms
  Thread calibration: mean lat.: 1778.494ms, rate sampling interval: 6004ms
  Thread calibration: mean lat.: 1749.718ms, rate sampling interval: 5914ms
  Thread calibration: mean lat.: 1692.291ms, rate sampling interval: 5697ms
  Thread calibration: mean lat.: 1730.546ms, rate sampling interval: 5910ms
  Thread calibration: mean lat.: 1736.249ms, rate sampling interval: 5779ms
  Thread calibration: mean lat.: 1756.461ms, rate sampling interval: 5914ms
  Thread calibration: mean lat.: 1692.873ms, rate sampling interval: 5619ms
  Thread calibration: mean lat.: 1716.113ms, rate sampling interval: 5767ms
  Thread calibration: mean lat.: 1742.746ms, rate sampling interval: 5877ms
  Thread calibration: mean lat.: 1732.747ms, rate sampling interval: 5816ms
  Thread calibration: mean lat.: 1757.502ms, rate sampling interval: 5898ms
  Thread calibration: mean lat.: 1716.725ms, rate sampling interval: 5767ms
  Thread calibration: mean lat.: 1795.057ms, rate sampling interval: 6053ms
  Thread calibration: mean lat.: 1727.325ms, rate sampling interval: 5763ms
  Thread calibration: mean lat.: 1776.733ms, rate sampling interval: 5959ms
  Thread calibration: mean lat.: 1742.652ms, rate sampling interval: 5869ms
  Thread calibration: mean lat.: 1739.889ms, rate sampling interval: 5758ms
  Thread calibration: mean lat.: 1746.021ms, rate sampling interval: 5877ms
  Thread calibration: mean lat.: 1743.668ms, rate sampling interval: 5844ms
  Thread calibration: mean lat.: 1762.882ms, rate sampling interval: 5873ms
  Thread calibration: mean lat.: 1751.744ms, rate sampling interval: 5849ms
  Thread calibration: mean lat.: 1741.566ms, rate sampling interval: 5865ms
  Thread calibration: mean lat.: 1731.938ms, rate sampling interval: 5754ms
  Thread calibration: mean lat.: 1761.031ms, rate sampling interval: 5861ms
  Thread calibration: mean lat.: 1760.119ms, rate sampling interval: 5881ms
  Thread calibration: mean lat.: 1757.938ms, rate sampling interval: 5865ms
  Thread calibration: mean lat.: 1784.869ms, rate sampling interval: 6004ms
  Thread calibration: mean lat.: 1759.578ms, rate sampling interval: 5849ms
  Thread calibration: mean lat.: 1753.150ms, rate sampling interval: 5914ms
  Thread calibration: mean lat.: 1747.241ms, rate sampling interval: 5861ms
  Thread calibration: mean lat.: 1737.420ms, rate sampling interval: 5525ms
  Thread calibration: mean lat.: 1710.073ms, rate sampling interval: 5767ms
  Thread calibration: mean lat.: 1771.645ms, rate sampling interval: 5976ms
  Thread calibration: mean lat.: 1731.334ms, rate sampling interval: 5754ms
  Thread calibration: mean lat.: 1791.263ms, rate sampling interval: 5918ms
  Thread calibration: mean lat.: 1805.107ms, rate sampling interval: 6025ms
  Thread calibration: mean lat.: 1812.414ms, rate sampling interval: 6017ms
  Thread calibration: mean lat.: 1757.571ms, rate sampling interval: 5758ms
  Thread calibration: mean lat.: 1794.229ms, rate sampling interval: 5955ms
  Thread calibration: mean lat.: 1783.227ms, rate sampling interval: 5873ms
  Thread calibration: mean lat.: 1789.899ms, rate sampling interval: 5906ms
  Thread calibration: mean lat.: 1772.706ms, rate sampling interval: 5808ms
  Thread calibration: mean lat.: 1770.395ms, rate sampling interval: 5836ms
  Thread calibration: mean lat.: 1856.994ms, rate sampling interval: 6135ms
  Thread calibration: mean lat.: 1785.951ms, rate sampling interval: 5844ms
  Thread calibration: mean lat.: 1829.295ms, rate sampling interval: 6086ms
  Thread calibration: mean lat.: 1746.788ms, rate sampling interval: 5513ms
  Thread calibration: mean lat.: 1796.918ms, rate sampling interval: 5922ms
  Thread calibration: mean lat.: 1767.775ms, rate sampling interval: 5857ms
  Thread calibration: mean lat.: 1827.379ms, rate sampling interval: 6082ms
  Thread calibration: mean lat.: 1805.460ms, rate sampling interval: 5976ms
  Thread calibration: mean lat.: 1814.050ms, rate sampling interval: 5931ms
  Thread calibration: mean lat.: 1757.852ms, rate sampling interval: 5873ms
  Thread calibration: mean lat.: 1799.489ms, rate sampling interval: 5959ms
  Thread calibration: mean lat.: 1785.841ms, rate sampling interval: 5865ms
  Thread calibration: mean lat.: 1766.914ms, rate sampling interval: 5881ms
  Thread calibration: mean lat.: 1772.501ms, rate sampling interval: 5828ms
  Thread calibration: mean lat.: 1825.952ms, rate sampling interval: 6062ms
  Thread calibration: mean lat.: 1841.953ms, rate sampling interval: 6057ms
  Thread calibration: mean lat.: 1790.334ms, rate sampling interval: 5943ms
  Thread calibration: mean lat.: 1779.702ms, rate sampling interval: 5853ms
  Thread calibration: mean lat.: 1829.393ms, rate sampling interval: 5992ms
  Thread calibration: mean lat.: 1821.260ms, rate sampling interval: 6094ms
  Thread calibration: mean lat.: 1733.347ms, rate sampling interval: 5459ms
  Thread calibration: mean lat.: 1770.764ms, rate sampling interval: 5787ms
  Thread calibration: mean lat.: 1810.568ms, rate sampling interval: 5947ms
  Thread calibration: mean lat.: 1770.148ms, rate sampling interval: 5877ms

-----------------------------------------------------------------------
Test Results @ http://10.10.1.1:26040 
  Thread Stats   Avg      Stdev     99%   +/- Stdev
    Latency     5.89s     1.67s    9.50s    60.57%
    Req/Sec    25.15      1.06    27.00     92.69%
  Latency Distribution (HdrHistogram - Recorded Latency)
 50.000%    5.73s 
 75.000%    7.21s 
 90.000%    8.29s 
 99.000%    9.50s 
 99.900%   10.22s 
 99.990%   10.46s 
 99.999%   10.55s 
100.000%   10.59s 

  Detailed Percentile spectrum:
       Value   Percentile   TotalCount 1/(1-Percentile)

    2836.479     0.000000            1         1.00
    3729.407     0.100000         7338         1.11
    4263.935     0.200000        14700         1.25
    4734.975     0.300000        21985         1.43
    5222.399     0.400000        29315         1.67
    5726.207     0.500000        36627         2.00
    6004.735     0.550000        40274         2.22
    6287.359     0.600000        43930         2.50
    6602.751     0.650000        47586         2.86
    6901.759     0.700000        51237         3.33
    7208.959     0.750000        54912         4.00
    7397.375     0.775000        56723         4.44
    7585.791     0.800000        58574         5.00
    7757.823     0.825000        60367         5.71
    7925.759     0.850000        62225         6.67
    8105.983     0.875000        64040         8.00
    8191.999     0.887500        64968         8.89
    8286.207     0.900000        65869        10.00
    8380.415     0.912500        66784        11.43
    8478.719     0.925000        67735        13.33
    8577.023     0.937500        68676        16.00
    8617.983     0.943750        69061        17.78
    8675.327     0.950000        69526        20.00
    8732.671     0.956250        70001        22.86
    8798.207     0.962500        70438        26.67
    8863.743     0.968750        70888        32.00
    8912.895     0.971875        71116        35.56
    8962.047     0.975000        71353        40.00
    9027.583     0.978125        71585        45.71
    9084.927     0.981250        71805        53.33
    9183.231     0.984375        72037        64.00
    9248.767     0.985938        72146        71.11
    9322.495     0.987500        72265        80.00
    9420.799     0.989062        72370        91.43
    9551.871     0.990625        72488       106.67
    9674.751     0.992188        72603       128.00
    9740.287     0.992969        72662       142.22
    9797.631     0.993750        72715       160.00
    9854.975     0.994531        72775       182.86
    9912.319     0.995313        72830       213.33
    9969.663     0.996094        72889       256.00
    9994.239     0.996484        72911       284.44
   10027.007     0.996875        72940       320.00
   10059.775     0.997266        72971       365.71
   10092.543     0.997656        72998       426.67
   10125.311     0.998047        73028       512.00
   10149.887     0.998242        73046       568.89
   10158.079     0.998437        73055       640.00
   10174.463     0.998633        73069       731.43
   10207.231     0.998828        73085       853.33
   10223.615     0.999023        73101      1024.00
   10231.807     0.999121        73106      1137.78
   10239.999     0.999219        73111      1280.00
   10264.575     0.999316        73118      1462.86
   10305.535     0.999414        73129      1706.67
   10313.727     0.999512        73133      2048.00
   10330.111     0.999561        73139      2275.56
   10338.303     0.999609        73143      2560.00
   10338.303     0.999658        73143      2925.71
   10379.263     0.999707        73148      3413.33
   10403.839     0.999756        73151      4096.00
   10412.031     0.999780        73154      4551.11
   10412.031     0.999805        73154      5120.00
   10420.223     0.999829        73157      5851.43
   10436.607     0.999854        73160      6826.67
   10436.607     0.999878        73160      8192.00
   10436.607     0.999890        73160      9102.22
   10461.183     0.999902        73161     10240.00
   10469.375     0.999915        73162     11702.86
   10477.567     0.999927        73163     13653.33
   10485.759     0.999939        73164     16384.00
   10485.759     0.999945        73164     18204.44
   10502.143     0.999951        73165     20480.00
   10502.143     0.999957        73165     23405.71
   10510.335     0.999963        73166     27306.67
   10510.335     0.999969        73166     32768.00
   10510.335     0.999973        73166     36408.89
   10551.295     0.999976        73167     40960.00
   10551.295     0.999979        73167     46811.43
   10551.295     0.999982        73167     54613.33
   10551.295     0.999985        73167     65536.00
   10551.295     0.999986        73167     72817.78
   10592.255     0.999988        73168     81920.00
   10592.255     1.000000        73168          inf
#[Mean    =     5892.926, StdDeviation   =     1670.748]
#[Max     =    10584.064, Total count    =        73168]
#[Buckets =           27, SubBuckets     =         2048]
-----------------------------------------------------------------------
  108184 requests in 29.78s, 16.77MB read
Requests/sec:   3633.10  
Transfer/sec:    576.87KB

=== rps=5600 c=1568 t=157 url=http://10.10.1.1:26040 ===
setup: assigned thread_id=1
init: final thread_id=1, base_seed=nil
setup: assigned thread_id=2
init: final thread_id=2, base_seed=nil
setup: assigned thread_id=3
init: final thread_id=3, base_seed=nil
setup: assigned thread_id=4
init: final thread_id=4, base_seed=nil
setup: assigned thread_id=5
init: final thread_id=5, base_seed=nil
setup: assigned thread_id=6
init: final thread_id=6, base_seed=nil
setup: assigned thread_id=7
init: final thread_id=7, base_seed=nil
setup: assigned thread_id=8
init: final thread_id=8, base_seed=nil
setup: assigned thread_id=9
init: final thread_id=9, base_seed=nil
setup: assigned thread_id=10
init: final thread_id=10, base_seed=nil
setup: assigned thread_id=11
init: final thread_id=11, base_seed=nil
setup: assigned thread_id=12
init: final thread_id=12, base_seed=nil
setup: assigned thread_id=13
init: final thread_id=13, base_seed=nil
setup: assigned thread_id=14
init: final thread_id=14, base_seed=nil
setup: assigned thread_id=15
init: final thread_id=15, base_seed=nil
setup: assigned thread_id=16
init: final thread_id=16, base_seed=nil
setup: assigned thread_id=17
init: final thread_id=17, base_seed=nil
setup: assigned thread_id=18
init: final thread_id=18, base_seed=nil
setup: assigned thread_id=19
init: final thread_id=19, base_seed=nil
setup: assigned thread_id=20
init: final thread_id=20, base_seed=nil
setup: assigned thread_id=21
init: final thread_id=21, base_seed=nil
setup: assigned thread_id=22
init: final thread_id=22, base_seed=nil
setup: assigned thread_id=23
init: final thread_id=23, base_seed=nil
setup: assigned thread_id=24
init: final thread_id=24, base_seed=nil
setup: assigned thread_id=25
init: final thread_id=25, base_seed=nil
setup: assigned thread_id=26
init: final thread_id=26, base_seed=nil
setup: assigned thread_id=27
init: final thread_id=27, base_seed=nil
setup: assigned thread_id=28
init: final thread_id=28, base_seed=nil
setup: assigned thread_id=29
init: final thread_id=29, base_seed=nil
setup: assigned thread_id=30
init: final thread_id=30, base_seed=nil
setup: assigned thread_id=31
init: final thread_id=31, base_seed=nil
setup: assigned thread_id=32
init: final thread_id=32, base_seed=nil
setup: assigned thread_id=33
init: final thread_id=33, base_seed=nil
setup: assigned thread_id=34
init: final thread_id=34, base_seed=nil
setup: assigned thread_id=35
init: final thread_id=35, base_seed=nil
setup: assigned thread_id=36
init: final thread_id=36, base_seed=nil
setup: assigned thread_id=37
init: final thread_id=37, base_seed=nil
setup: assigned thread_id=38
init: final thread_id=38, base_seed=nil
setup: assigned thread_id=39
init: final thread_id=39, base_seed=nil
setup: assigned thread_id=40
init: final thread_id=40, base_seed=nil
setup: assigned thread_id=41
init: final thread_id=41, base_seed=nil
setup: assigned thread_id=42
init: final thread_id=42, base_seed=nil
setup: assigned thread_id=43
init: final thread_id=43, base_seed=nil
setup: assigned thread_id=44
init: final thread_id=44, base_seed=nil
setup: assigned thread_id=45
init: final thread_id=45, base_seed=nil
setup: assigned thread_id=46
init: final thread_id=46, base_seed=nil
setup: assigned thread_id=47
init: final thread_id=47, base_seed=nil
setup: assigned thread_id=48
init: final thread_id=48, base_seed=nil
setup: assigned thread_id=49
init: final thread_id=49, base_seed=nil
setup: assigned thread_id=50
init: final thread_id=50, base_seed=nil
setup: assigned thread_id=51
init: final thread_id=51, base_seed=nil
setup: assigned thread_id=52
init: final thread_id=52, base_seed=nil
setup: assigned thread_id=53
init: final thread_id=53, base_seed=nil
setup: assigned thread_id=54
init: final thread_id=54, base_seed=nil
setup: assigned thread_id=55
init: final thread_id=55, base_seed=nil
setup: assigned thread_id=56
init: final thread_id=56, base_seed=nil
setup: assigned thread_id=57
init: final thread_id=57, base_seed=nil
setup: assigned thread_id=58
init: final thread_id=58, base_seed=nil
setup: assigned thread_id=59
init: final thread_id=59, base_seed=nil
setup: assigned thread_id=60
init: final thread_id=60, base_seed=nil
setup: assigned thread_id=61
init: final thread_id=61, base_seed=nil
setup: assigned thread_id=62
init: final thread_id=62, base_seed=nil
setup: assigned thread_id=63
init: final thread_id=63, base_seed=nil
setup: assigned thread_id=64
init: final thread_id=64, base_seed=nil
setup: assigned thread_id=65
init: final thread_id=65, base_seed=nil
setup: assigned thread_id=66
init: final thread_id=66, base_seed=nil
setup: assigned thread_id=67
init: final thread_id=67, base_seed=nil
setup: assigned thread_id=68
init: final thread_id=68, base_seed=nil
setup: assigned thread_id=69
init: final thread_id=69, base_seed=nil
setup: assigned thread_id=70
init: final thread_id=70, base_seed=nil
setup: assigned thread_id=71
init: final thread_id=71, base_seed=nil
setup: assigned thread_id=72
init: final thread_id=72, base_seed=nil
setup: assigned thread_id=73
init: final thread_id=73, base_seed=nil
setup: assigned thread_id=74
init: final thread_id=74, base_seed=nil
setup: assigned thread_id=75
init: final thread_id=75, base_seed=nil
setup: assigned thread_id=76
init: final thread_id=76, base_seed=nil
setup: assigned thread_id=77
init: final thread_id=77, base_seed=nil
setup: assigned thread_id=78
init: final thread_id=78, base_seed=nil
setup: assigned thread_id=79
init: final thread_id=79, base_seed=nil
setup: assigned thread_id=80
init: final thread_id=80, base_seed=nil
setup: assigned thread_id=81
init: final thread_id=81, base_seed=nil
setup: assigned thread_id=82
init: final thread_id=82, base_seed=nil
setup: assigned thread_id=83
init: final thread_id=83, base_seed=nil
setup: assigned thread_id=84
init: final thread_id=84, base_seed=nil
setup: assigned thread_id=85
init: final thread_id=85, base_seed=nil
setup: assigned thread_id=86
init: final thread_id=86, base_seed=nil
setup: assigned thread_id=87
init: final thread_id=87, base_seed=nil
setup: assigned thread_id=88
init: final thread_id=88, base_seed=nil
setup: assigned thread_id=89
init: final thread_id=89, base_seed=nil
setup: assigned thread_id=90
init: final thread_id=90, base_seed=nil
setup: assigned thread_id=91
init: final thread_id=91, base_seed=nil
setup: assigned thread_id=92
init: final thread_id=92, base_seed=nil
setup: assigned thread_id=93
init: final thread_id=93, base_seed=nil
setup: assigned thread_id=94
init: final thread_id=94, base_seed=nil
setup: assigned thread_id=95
init: final thread_id=95, base_seed=nil
setup: assigned thread_id=96
init: final thread_id=96, base_seed=nil
setup: assigned thread_id=97
init: final thread_id=97, base_seed=nil
setup: assigned thread_id=98
init: final thread_id=98, base_seed=nil
setup: assigned thread_id=99
init: final thread_id=99, base_seed=nil
setup: assigned thread_id=100
init: final thread_id=100, base_seed=nil
setup: assigned thread_id=101
init: final thread_id=101, base_seed=nil
setup: assigned thread_id=102
init: final thread_id=102, base_seed=nil
setup: assigned thread_id=103
init: final thread_id=103, base_seed=nil
setup: assigned thread_id=104
init: final thread_id=104, base_seed=nil
setup: assigned thread_id=105
init: final thread_id=105, base_seed=nil
setup: assigned thread_id=106
init: final thread_id=106, base_seed=nil
setup: assigned thread_id=107
init: final thread_id=107, base_seed=nil
setup: assigned thread_id=108
init: final thread_id=108, base_seed=nil
setup: assigned thread_id=109
init: final thread_id=109, base_seed=nil
setup: assigned thread_id=110
init: final thread_id=110, base_seed=nil
setup: assigned thread_id=111
init: final thread_id=111, base_seed=nil
setup: assigned thread_id=112
init: final thread_id=112, base_seed=nil
setup: assigned thread_id=113
init: final thread_id=113, base_seed=nil
setup: assigned thread_id=114
init: final thread_id=114, base_seed=nil
setup: assigned thread_id=115
init: final thread_id=115, base_seed=nil
setup: assigned thread_id=116
init: final thread_id=116, base_seed=nil
setup: assigned thread_id=117
init: final thread_id=117, base_seed=nil
setup: assigned thread_id=118
init: final thread_id=118, base_seed=nil
setup: assigned thread_id=119
init: final thread_id=119, base_seed=nil
setup: assigned thread_id=120
init: final thread_id=120, base_seed=nil
setup: assigned thread_id=121
init: final thread_id=121, base_seed=nil
setup: assigned thread_id=122
init: final thread_id=122, base_seed=nil
setup: assigned thread_id=123
init: final thread_id=123, base_seed=nil
setup: assigned thread_id=124
init: final thread_id=124, base_seed=nil
setup: assigned thread_id=125
init: final thread_id=125, base_seed=nil
setup: assigned thread_id=126
init: final thread_id=126, base_seed=nil
setup: assigned thread_id=127
init: final thread_id=127, base_seed=nil
setup: assigned thread_id=128
init: final thread_id=128, base_seed=nil
setup: assigned thread_id=129
init: final thread_id=129, base_seed=nil
setup: assigned thread_id=130
init: final thread_id=130, base_seed=nil
setup: assigned thread_id=131
init: final thread_id=131, base_seed=nil
setup: assigned thread_id=132
init: final thread_id=132, base_seed=nil
setup: assigned thread_id=133
init: final thread_id=133, base_seed=nil
setup: assigned thread_id=134
init: final thread_id=134, base_seed=nil
setup: assigned thread_id=135
init: final thread_id=135, base_seed=nil
setup: assigned thread_id=136
init: final thread_id=136, base_seed=nil
setup: assigned thread_id=137
init: final thread_id=137, base_seed=nil
setup: assigned thread_id=138
init: final thread_id=138, base_seed=nil
setup: assigned thread_id=139
init: final thread_id=139, base_seed=nil
setup: assigned thread_id=140
init: final thread_id=140, base_seed=nil
setup: assigned thread_id=141
init: final thread_id=141, base_seed=nil
setup: assigned thread_id=142
init: final thread_id=142, base_seed=nil
setup: assigned thread_id=143
init: final thread_id=143, base_seed=nil
setup: assigned thread_id=144
init: final thread_id=144, base_seed=nil
setup: assigned thread_id=145
init: final thread_id=145, base_seed=nil
setup: assigned thread_id=146
init: final thread_id=146, base_seed=nil
setup: assigned thread_id=147
init: final thread_id=147, base_seed=nil
setup: assigned thread_id=148
init: final thread_id=148, base_seed=nil
setup: assigned thread_id=149
init: final thread_id=149, base_seed=nil
setup: assigned thread_id=150
init: final thread_id=150, base_seed=nil
setup: assigned thread_id=151
init: final thread_id=151, base_seed=nil
setup: assigned thread_id=152
init: final thread_id=152, base_seed=nil
setup: assigned thread_id=153
init: final thread_id=153, base_seed=nil
setup: assigned thread_id=154
init: final thread_id=154, base_seed=nil
setup: assigned thread_id=155
init: final thread_id=155, base_seed=nil
setup: assigned thread_id=156
init: final thread_id=156, base_seed=nil
setup: assigned thread_id=157
init: final thread_id=157, base_seed=nil
script_want_response
Running 30s test @ http://10.10.1.1:26040
  157 threads and 1568 connections

  Thread calibration: mean lat.: 1662.798ms, rate sampling interval: 5820ms
  Thread calibration: mean lat.: 1673.341ms, rate sampling interval: 5836ms
  Thread calibration: mean lat.: 1710.267ms, rate sampling interval: 5971ms
  Thread calibration: mean lat.: 1663.632ms, rate sampling interval: 5828ms
  Thread calibration: mean lat.: 1638.889ms, rate sampling interval: 5767ms
  Thread calibration: mean lat.: 1667.047ms, rate sampling interval: 5836ms
  Thread calibration: mean lat.: 1669.649ms, rate sampling interval: 5824ms
  Thread calibration: mean lat.: 1692.563ms, rate sampling interval: 5922ms
  Thread calibration: mean lat.: 1643.687ms, rate sampling interval: 5742ms
  Thread calibration: mean lat.: 1663.694ms, rate sampling interval: 5828ms
  Thread calibration: mean lat.: 1696.404ms, rate sampling interval: 5914ms
  Thread calibration: mean lat.: 1705.442ms, rate sampling interval: 5967ms
  Thread calibration: mean lat.: 1685.559ms, rate sampling interval: 5816ms
  Thread calibration: mean lat.: 1704.059ms, rate sampling interval: 5840ms
  Thread calibration: mean lat.: 1737.432ms, rate sampling interval: 5971ms
  Thread calibration: mean lat.: 1745.945ms, rate sampling interval: 5984ms
  Thread calibration: mean lat.: 1754.756ms, rate sampling interval: 6021ms
  Thread calibration: mean lat.: 1717.077ms, rate sampling interval: 5918ms
  Thread calibration: mean lat.: 1724.210ms, rate sampling interval: 5947ms
  Thread calibration: mean lat.: 1736.657ms, rate sampling interval: 5976ms
  Thread calibration: mean lat.: 1719.249ms, rate sampling interval: 5902ms
  Thread calibration: mean lat.: 1727.374ms, rate sampling interval: 5951ms
  Thread calibration: mean lat.: 1718.128ms, rate sampling interval: 5664ms
  Thread calibration: mean lat.: 1803.869ms, rate sampling interval: 6213ms
  Thread calibration: mean lat.: 1702.931ms, rate sampling interval: 5898ms
  Thread calibration: mean lat.: 1685.291ms, rate sampling interval: 5791ms
  Thread calibration: mean lat.: 1718.915ms, rate sampling interval: 5881ms
  Thread calibration: mean lat.: 1725.668ms, rate sampling interval: 5951ms
  Thread calibration: mean lat.: 1739.362ms, rate sampling interval: 5984ms
  Thread calibration: mean lat.: 1727.753ms, rate sampling interval: 6033ms
  Thread calibration: mean lat.: 1713.409ms, rate sampling interval: 5898ms
  Thread calibration: mean lat.: 1748.006ms, rate sampling interval: 6017ms
  Thread calibration: mean lat.: 1699.813ms, rate sampling interval: 5849ms
  Thread calibration: mean lat.: 1711.258ms, rate sampling interval: 5971ms
  Thread calibration: mean lat.: 1720.268ms, rate sampling interval: 6033ms
  Thread calibration: mean lat.: 1694.734ms, rate sampling interval: 5844ms
  Thread calibration: mean lat.: 1674.609ms, rate sampling interval: 5525ms
  Thread calibration: mean lat.: 1710.786ms, rate sampling interval: 5926ms
  Thread calibration: mean lat.: 1715.409ms, rate sampling interval: 5926ms
  Thread calibration: mean lat.: 1699.669ms, rate sampling interval: 5885ms
  Thread calibration: mean lat.: 1741.683ms, rate sampling interval: 6004ms
  Thread calibration: mean lat.: 1725.329ms, rate sampling interval: 5943ms
  Thread calibration: mean lat.: 1700.612ms, rate sampling interval: 5922ms
  Thread calibration: mean lat.: 1717.401ms, rate sampling interval: 5918ms
  Thread calibration: mean lat.: 1686.235ms, rate sampling interval: 5849ms
  Thread calibration: mean lat.: 1739.888ms, rate sampling interval: 5988ms
  Thread calibration: mean lat.: 1708.821ms, rate sampling interval: 5849ms
  Thread calibration: mean lat.: 1709.922ms, rate sampling interval: 5959ms
  Thread calibration: mean lat.: 1702.229ms, rate sampling interval: 5873ms
  Thread calibration: mean lat.: 1626.010ms, rate sampling interval: 5459ms
  Thread calibration: mean lat.: 1794.580ms, rate sampling interval: 6197ms
  Thread calibration: mean lat.: 1688.448ms, rate sampling interval: 5873ms
  Thread calibration: mean lat.: 1677.423ms, rate sampling interval: 5763ms
  Thread calibration: mean lat.: 1736.401ms, rate sampling interval: 5984ms
  Thread calibration: mean lat.: 1749.212ms, rate sampling interval: 5996ms
  Thread calibration: mean lat.: 1776.159ms, rate sampling interval: 6107ms
  Thread calibration: mean lat.: 1699.610ms, rate sampling interval: 5910ms
  Thread calibration: mean lat.: 1748.937ms, rate sampling interval: 5943ms
  Thread calibration: mean lat.: 1693.369ms, rate sampling interval: 5853ms
  Thread calibration: mean lat.: 1700.615ms, rate sampling interval: 5935ms
  Thread calibration: mean lat.: 1682.093ms, rate sampling interval: 5853ms
  Thread calibration: mean lat.: 1725.070ms, rate sampling interval: 5931ms
  Thread calibration: mean lat.: 1700.743ms, rate sampling interval: 5890ms
  Thread calibration: mean lat.: 1752.861ms, rate sampling interval: 6004ms
  Thread calibration: mean lat.: 1696.961ms, rate sampling interval: 5857ms
  Thread calibration: mean lat.: 1724.705ms, rate sampling interval: 5918ms
  Thread calibration: mean lat.: 1706.610ms, rate sampling interval: 5959ms
  Thread calibration: mean lat.: 1738.471ms, rate sampling interval: 6029ms
  Thread calibration: mean lat.: 1717.825ms, rate sampling interval: 5902ms
  Thread calibration: mean lat.: 1727.968ms, rate sampling interval: 5918ms
  Thread calibration: mean lat.: 1776.487ms, rate sampling interval: 6156ms
  Thread calibration: mean lat.: 1720.923ms, rate sampling interval: 5935ms
  Thread calibration: mean lat.: 1740.064ms, rate sampling interval: 5984ms
  Thread calibration: mean lat.: 1692.059ms, rate sampling interval: 5861ms
  Thread calibration: mean lat.: 1729.375ms, rate sampling interval: 5926ms
  Thread calibration: mean lat.: 1765.664ms, rate sampling interval: 6070ms
  Thread calibration: mean lat.: 1812.967ms, rate sampling interval: 6217ms
  Thread calibration: mean lat.: 1772.715ms, rate sampling interval: 6053ms
  Thread calibration: mean lat.: 1692.277ms, rate sampling interval: 5595ms
  Thread calibration: mean lat.: 1717.485ms, rate sampling interval: 5890ms
  Thread calibration: mean lat.: 1764.728ms, rate sampling interval: 6053ms
  Thread calibration: mean lat.: 1747.826ms, rate sampling interval: 6041ms
  Thread calibration: mean lat.: 1734.464ms, rate sampling interval: 5939ms
  Thread calibration: mean lat.: 1796.423ms, rate sampling interval: 6283ms
  Thread calibration: mean lat.: 1704.832ms, rate sampling interval: 5873ms
  Thread calibration: mean lat.: 1713.535ms, rate sampling interval: 5881ms
  Thread calibration: mean lat.: 1713.676ms, rate sampling interval: 5873ms
  Thread calibration: mean lat.: 1673.829ms, rate sampling interval: 5582ms
  Thread calibration: mean lat.: 1750.692ms, rate sampling interval: 6033ms
  Thread calibration: mean lat.: 1742.786ms, rate sampling interval: 5947ms
  Thread calibration: mean lat.: 1742.260ms, rate sampling interval: 6017ms
  Thread calibration: mean lat.: 1780.326ms, rate sampling interval: 6107ms
  Thread calibration: mean lat.: 1791.973ms, rate sampling interval: 6074ms
  Thread calibration: mean lat.: 1763.591ms, rate sampling interval: 6021ms
  Thread calibration: mean lat.: 1765.748ms, rate sampling interval: 5967ms
  Thread calibration: mean lat.: 1758.670ms, rate sampling interval: 5980ms
  Thread calibration: mean lat.: 1754.972ms, rate sampling interval: 6021ms
  Thread calibration: mean lat.: 1745.602ms, rate sampling interval: 5967ms
  Thread calibration: mean lat.: 1777.586ms, rate sampling interval: 6008ms
  Thread calibration: mean lat.: 1776.622ms, rate sampling interval: 6053ms
  Thread calibration: mean lat.: 1806.227ms, rate sampling interval: 6131ms
  Thread calibration: mean lat.: 1795.673ms, rate sampling interval: 6017ms
  Thread calibration: mean lat.: 1802.063ms, rate sampling interval: 6135ms
  Thread calibration: mean lat.: 1802.409ms, rate sampling interval: 6082ms
  Thread calibration: mean lat.: 1769.173ms, rate sampling interval: 5996ms
  Thread calibration: mean lat.: 1830.201ms, rate sampling interval: 6230ms
  Thread calibration: mean lat.: 1780.901ms, rate sampling interval: 5984ms
  Thread calibration: mean lat.: 1871.518ms, rate sampling interval: 6238ms
  Thread calibration: mean lat.: 1801.156ms, rate sampling interval: 6090ms
  Thread calibration: mean lat.: 1726.827ms, rate sampling interval: 5840ms
  Thread calibration: mean lat.: 1848.444ms, rate sampling interval: 6283ms
  Thread calibration: mean lat.: 1794.757ms, rate sampling interval: 6156ms
  Thread calibration: mean lat.: 1773.490ms, rate sampling interval: 6000ms
  Thread calibration: mean lat.: 1814.977ms, rate sampling interval: 6053ms
  Thread calibration: mean lat.: 1769.429ms, rate sampling interval: 6131ms
  Thread calibration: mean lat.: 1802.596ms, rate sampling interval: 6103ms
  Thread calibration: mean lat.: 1782.354ms, rate sampling interval: 5992ms
  Thread calibration: mean lat.: 1796.737ms, rate sampling interval: 6148ms
  Thread calibration: mean lat.: 1753.014ms, rate sampling interval: 6017ms
  Thread calibration: mean lat.: 1758.171ms, rate sampling interval: 6004ms
  Thread calibration: mean lat.: 1735.891ms, rate sampling interval: 5689ms
  Thread calibration: mean lat.: 1822.393ms, rate sampling interval: 6139ms
  Thread calibration: mean lat.: 1797.583ms, rate sampling interval: 6131ms
  Thread calibration: mean lat.: 1785.949ms, rate sampling interval: 6004ms
  Thread calibration: mean lat.: 1793.301ms, rate sampling interval: 6127ms
  Thread calibration: mean lat.: 1754.681ms, rate sampling interval: 6008ms
  Thread calibration: mean lat.: 1765.276ms, rate sampling interval: 6090ms
  Thread calibration: mean lat.: 1782.500ms, rate sampling interval: 6045ms
  Thread calibration: mean lat.: 1914.005ms, rate sampling interval: 6324ms
  Thread calibration: mean lat.: 1682.898ms, rate sampling interval: 5537ms
  Thread calibration: mean lat.: 1836.470ms, rate sampling interval: 6135ms
  Thread calibration: mean lat.: 1799.236ms, rate sampling interval: 6082ms
  Thread calibration: mean lat.: 1821.275ms, rate sampling interval: 6107ms
  Thread calibration: mean lat.: 1880.234ms, rate sampling interval: 6266ms
  Thread calibration: mean lat.: 1843.155ms, rate sampling interval: 6238ms
  Thread calibration: mean lat.: 1792.375ms, rate sampling interval: 5984ms
  Thread calibration: mean lat.: 1868.613ms, rate sampling interval: 6172ms
  Thread calibration: mean lat.: 1831.498ms, rate sampling interval: 6184ms
  Thread calibration: mean lat.: 1796.528ms, rate sampling interval: 6086ms
  Thread calibration: mean lat.: 1850.376ms, rate sampling interval: 6189ms
  Thread calibration: mean lat.: 1839.122ms, rate sampling interval: 6160ms
  Thread calibration: mean lat.: 1833.588ms, rate sampling interval: 6156ms
  Thread calibration: mean lat.: 1858.863ms, rate sampling interval: 6250ms
  Thread calibration: mean lat.: 1871.311ms, rate sampling interval: 6311ms
  Thread calibration: mean lat.: 1817.436ms, rate sampling interval: 6082ms
  Thread calibration: mean lat.: 1810.298ms, rate sampling interval: 6074ms
  Thread calibration: mean lat.: 1801.758ms, rate sampling interval: 6086ms
  Thread calibration: mean lat.: 1857.827ms, rate sampling interval: 6176ms
  Thread calibration: mean lat.: 1843.627ms, rate sampling interval: 6180ms
  Thread calibration: mean lat.: 1868.693ms, rate sampling interval: 6197ms
  Thread calibration: mean lat.: 1878.926ms, rate sampling interval: 6201ms
  Thread calibration: mean lat.: 1862.465ms, rate sampling interval: 6172ms
  Thread calibration: mean lat.: 1874.044ms, rate sampling interval: 6246ms
  Thread calibration: mean lat.: 1814.319ms, rate sampling interval: 6053ms
  Thread calibration: mean lat.: 1841.819ms, rate sampling interval: 6074ms
  Thread calibration: mean lat.: 1875.425ms, rate sampling interval: 6230ms
  Thread calibration: mean lat.: 1828.784ms, rate sampling interval: 6078ms

-----------------------------------------------------------------------
Test Results @ http://10.10.1.1:26040 
  Thread Stats   Avg      Stdev     99%   +/- Stdev
    Latency     6.65s     1.94s   10.08s    58.19%
    Req/Sec    22.58      0.50    23.00    100.00%
  Latency Distribution (HdrHistogram - Recorded Latency)
 50.000%    6.68s 
 75.000%    8.27s 
 90.000%    9.36s 
 99.000%   10.08s 
 99.900%   10.58s 
 99.990%   10.79s 
 99.999%   10.89s 
100.000%   10.90s 

  Detailed Percentile spectrum:
       Value   Percentile   TotalCount 1/(1-Percentile)

    2883.583     0.000000            1         1.00
    3973.119     0.100000         7163         1.11
    4640.767     0.200000        14366         1.25
    5267.455     0.300000        21490         1.43
    6008.831     0.400000        28659         1.67
    6684.671     0.500000        35844         2.00
    6995.967     0.550000        39402         2.22
    7294.975     0.600000        42988         2.50
    7606.271     0.650000        46563         2.86
    7933.951     0.700000        50144         3.33
    8265.727     0.750000        53748         4.00
    8445.951     0.775000        55554         4.44
    8650.751     0.800000        57318         5.00
    8847.359     0.825000        59116         5.71
    9011.199     0.850000        60886         6.67
    9183.231     0.875000        62731         8.00
    9265.151     0.887500        63589         8.89
    9355.263     0.900000        64500        10.00
    9437.183     0.912500        65395        11.43
    9519.103     0.925000        66264        13.33
    9609.215     0.937500        67197        16.00
    9650.175     0.943750        67640        17.78
    9691.135     0.950000        68059        20.00
    9740.287     0.956250        68545        22.86
    9781.247     0.962500        68975        26.67
    9830.399     0.968750        69418        32.00
    9854.975     0.971875        69620        35.56
    9879.551     0.975000        69822        40.00
    9912.319     0.978125        70066        45.71
    9945.087     0.981250        70282        53.33
    9986.047     0.984375        70509        64.00
   10018.815     0.985938        70640        71.11
   10043.391     0.987500        70737        80.00
   10067.967     0.989062        70847        91.43
   10100.735     0.990625        70953       106.67
   10158.079     0.992188        71073       128.00
   10174.463     0.992969        71112       142.22
   10215.423     0.993750        71175       160.00
   10248.191     0.994531        71224       182.86
   10297.343     0.995313        71283       213.33
   10346.495     0.996094        71341       256.00
   10362.879     0.996484        71367       284.44
   10387.455     0.996875        71391       320.00
   10412.031     0.997266        71418       365.71
   10436.607     0.997656        71447       426.67
   10469.375     0.998047        71473       512.00
   10493.951     0.998242        71488       568.89
   10510.335     0.998437        71501       640.00
   10534.911     0.998633        71515       731.43
   10559.487     0.998828        71529       853.33
   10584.063     0.999023        71546      1024.00
   10592.255     0.999121        71551      1137.78
   10608.639     0.999219        71561      1280.00
   10616.831     0.999316        71565      1462.86
   10649.599     0.999414        71574      1706.67
   10657.791     0.999512        71579      2048.00
   10665.983     0.999561        71582      2275.56
   10682.367     0.999609        71585      2560.00
   10698.751     0.999658        71588      2925.71
   10715.135     0.999707        71593      3413.33
   10731.519     0.999756        71597      4096.00
   10731.519     0.999780        71597      4551.11
   10739.711     0.999805        71600      5120.00
   10739.711     0.999829        71600      5851.43
   10756.095     0.999854        71602      6826.67
   10780.671     0.999878        71604      8192.00
   10788.863     0.999890        71605      9102.22
   10829.823     0.999902        71606     10240.00
   10829.823     0.999915        71606     11702.86
   10838.015     0.999927        71607     13653.33
   10846.207     0.999939        71608     16384.00
   10854.399     0.999945        71609     18204.44
   10854.399     0.999951        71609     20480.00
   10854.399     0.999957        71609     23405.71
   10887.167     0.999963        71611     27306.67
   10887.167     0.999969        71611     32768.00
   10887.167     0.999973        71611     36408.89
   10887.167     0.999976        71611     40960.00
   10887.167     0.999979        71611     46811.43
   10887.167     0.999982        71611     54613.33
   10887.167     0.999985        71611     65536.00
   10895.359     0.999986        71612     72817.78
   10895.359     1.000000        71612          inf
#[Mean    =     6647.601, StdDeviation   =     1943.695]
#[Max     =    10887.168, Total count    =        71612]
#[Buckets =           27, SubBuckets     =         2048]
-----------------------------------------------------------------------
  107703 requests in 29.85s, 16.70MB read
Requests/sec:   3608.71  
Transfer/sec:    573.07KB

=== rps=5800 c=1682 t=169 url=http://10.10.1.1:26040 ===
setup: assigned thread_id=1
init: final thread_id=1, base_seed=nil
setup: assigned thread_id=2
init: final thread_id=2, base_seed=nil
setup: assigned thread_id=3
init: final thread_id=3, base_seed=nil
setup: assigned thread_id=4
init: final thread_id=4, base_seed=nil
setup: assigned thread_id=5
init: final thread_id=5, base_seed=nil
setup: assigned thread_id=6
init: final thread_id=6, base_seed=nil
setup: assigned thread_id=7
init: final thread_id=7, base_seed=nil
setup: assigned thread_id=8
init: final thread_id=8, base_seed=nil
setup: assigned thread_id=9
init: final thread_id=9, base_seed=nil
setup: assigned thread_id=10
init: final thread_id=10, base_seed=nil
setup: assigned thread_id=11
init: final thread_id=11, base_seed=nil
setup: assigned thread_id=12
init: final thread_id=12, base_seed=nil
setup: assigned thread_id=13
init: final thread_id=13, base_seed=nil
setup: assigned thread_id=14
init: final thread_id=14, base_seed=nil
setup: assigned thread_id=15
init: final thread_id=15, base_seed=nil
setup: assigned thread_id=16
init: final thread_id=16, base_seed=nil
setup: assigned thread_id=17
init: final thread_id=17, base_seed=nil
setup: assigned thread_id=18
init: final thread_id=18, base_seed=nil
setup: assigned thread_id=19
init: final thread_id=19, base_seed=nil
setup: assigned thread_id=20
init: final thread_id=20, base_seed=nil
setup: assigned thread_id=21
init: final thread_id=21, base_seed=nil
setup: assigned thread_id=22
init: final thread_id=22, base_seed=nil
setup: assigned thread_id=23
init: final thread_id=23, base_seed=nil
setup: assigned thread_id=24
init: final thread_id=24, base_seed=nil
setup: assigned thread_id=25
init: final thread_id=25, base_seed=nil
setup: assigned thread_id=26
init: final thread_id=26, base_seed=nil
setup: assigned thread_id=27
init: final thread_id=27, base_seed=nil
setup: assigned thread_id=28
init: final thread_id=28, base_seed=nil
setup: assigned thread_id=29
init: final thread_id=29, base_seed=nil
setup: assigned thread_id=30
init: final thread_id=30, base_seed=nil
setup: assigned thread_id=31
init: final thread_id=31, base_seed=nil
setup: assigned thread_id=32
init: final thread_id=32, base_seed=nil
setup: assigned thread_id=33
init: final thread_id=33, base_seed=nil
setup: assigned thread_id=34
init: final thread_id=34, base_seed=nil
setup: assigned thread_id=35
init: final thread_id=35, base_seed=nil
setup: assigned thread_id=36
init: final thread_id=36, base_seed=nil
setup: assigned thread_id=37
init: final thread_id=37, base_seed=nil
setup: assigned thread_id=38
init: final thread_id=38, base_seed=nil
setup: assigned thread_id=39
init: final thread_id=39, base_seed=nil
setup: assigned thread_id=40
init: final thread_id=40, base_seed=nil
setup: assigned thread_id=41
init: final thread_id=41, base_seed=nil
setup: assigned thread_id=42
init: final thread_id=42, base_seed=nil
setup: assigned thread_id=43
init: final thread_id=43, base_seed=nil
setup: assigned thread_id=44
init: final thread_id=44, base_seed=nil
setup: assigned thread_id=45
init: final thread_id=45, base_seed=nil
setup: assigned thread_id=46
init: final thread_id=46, base_seed=nil
setup: assigned thread_id=47
init: final thread_id=47, base_seed=nil
setup: assigned thread_id=48
init: final thread_id=48, base_seed=nil
setup: assigned thread_id=49
init: final thread_id=49, base_seed=nil
setup: assigned thread_id=50
init: final thread_id=50, base_seed=nil
setup: assigned thread_id=51
init: final thread_id=51, base_seed=nil
setup: assigned thread_id=52
init: final thread_id=52, base_seed=nil
setup: assigned thread_id=53
init: final thread_id=53, base_seed=nil
setup: assigned thread_id=54
init: final thread_id=54, base_seed=nil
setup: assigned thread_id=55
init: final thread_id=55, base_seed=nil
setup: assigned thread_id=56
init: final thread_id=56, base_seed=nil
setup: assigned thread_id=57
init: final thread_id=57, base_seed=nil
setup: assigned thread_id=58
init: final thread_id=58, base_seed=nil
setup: assigned thread_id=59
init: final thread_id=59, base_seed=nil
setup: assigned thread_id=60
init: final thread_id=60, base_seed=nil
setup: assigned thread_id=61
init: final thread_id=61, base_seed=nil
setup: assigned thread_id=62
init: final thread_id=62, base_seed=nil
setup: assigned thread_id=63
init: final thread_id=63, base_seed=nil
setup: assigned thread_id=64
init: final thread_id=64, base_seed=nil
setup: assigned thread_id=65
init: final thread_id=65, base_seed=nil
setup: assigned thread_id=66
init: final thread_id=66, base_seed=nil
setup: assigned thread_id=67
init: final thread_id=67, base_seed=nil
setup: assigned thread_id=68
init: final thread_id=68, base_seed=nil
setup: assigned thread_id=69
init: final thread_id=69, base_seed=nil
setup: assigned thread_id=70
init: final thread_id=70, base_seed=nil
setup: assigned thread_id=71
init: final thread_id=71, base_seed=nil
setup: assigned thread_id=72
init: final thread_id=72, base_seed=nil
setup: assigned thread_id=73
init: final thread_id=73, base_seed=nil
setup: assigned thread_id=74
init: final thread_id=74, base_seed=nil
setup: assigned thread_id=75
init: final thread_id=75, base_seed=nil
setup: assigned thread_id=76
init: final thread_id=76, base_seed=nil
setup: assigned thread_id=77
init: final thread_id=77, base_seed=nil
setup: assigned thread_id=78
init: final thread_id=78, base_seed=nil
setup: assigned thread_id=79
init: final thread_id=79, base_seed=nil
setup: assigned thread_id=80
init: final thread_id=80, base_seed=nil
setup: assigned thread_id=81
init: final thread_id=81, base_seed=nil
setup: assigned thread_id=82
init: final thread_id=82, base_seed=nil
setup: assigned thread_id=83
init: final thread_id=83, base_seed=nil
setup: assigned thread_id=84
init: final thread_id=84, base_seed=nil
setup: assigned thread_id=85
init: final thread_id=85, base_seed=nil
setup: assigned thread_id=86
init: final thread_id=86, base_seed=nil
setup: assigned thread_id=87
init: final thread_id=87, base_seed=nil
setup: assigned thread_id=88
init: final thread_id=88, base_seed=nil
setup: assigned thread_id=89
init: final thread_id=89, base_seed=nil
setup: assigned thread_id=90
init: final thread_id=90, base_seed=nil
setup: assigned thread_id=91
init: final thread_id=91, base_seed=nil
setup: assigned thread_id=92
init: final thread_id=92, base_seed=nil
setup: assigned thread_id=93
init: final thread_id=93, base_seed=nil
setup: assigned thread_id=94
init: final thread_id=94, base_seed=nil
setup: assigned thread_id=95
init: final thread_id=95, base_seed=nil
setup: assigned thread_id=96
init: final thread_id=96, base_seed=nil
setup: assigned thread_id=97
init: final thread_id=97, base_seed=nil
setup: assigned thread_id=98
init: final thread_id=98, base_seed=nil
setup: assigned thread_id=99
init: final thread_id=99, base_seed=nil
setup: assigned thread_id=100
init: final thread_id=100, base_seed=nil
setup: assigned thread_id=101
init: final thread_id=101, base_seed=nil
setup: assigned thread_id=102
init: final thread_id=102, base_seed=nil
setup: assigned thread_id=103
init: final thread_id=103, base_seed=nil
setup: assigned thread_id=104
init: final thread_id=104, base_seed=nil
setup: assigned thread_id=105
init: final thread_id=105, base_seed=nil
setup: assigned thread_id=106
init: final thread_id=106, base_seed=nil
setup: assigned thread_id=107
init: final thread_id=107, base_seed=nil
setup: assigned thread_id=108
init: final thread_id=108, base_seed=nil
setup: assigned thread_id=109
init: final thread_id=109, base_seed=nil
setup: assigned thread_id=110
init: final thread_id=110, base_seed=nil
setup: assigned thread_id=111
init: final thread_id=111, base_seed=nil
setup: assigned thread_id=112
init: final thread_id=112, base_seed=nil
setup: assigned thread_id=113
init: final thread_id=113, base_seed=nil
setup: assigned thread_id=114
init: final thread_id=114, base_seed=nil
setup: assigned thread_id=115
init: final thread_id=115, base_seed=nil
setup: assigned thread_id=116
init: final thread_id=116, base_seed=nil
setup: assigned thread_id=117
init: final thread_id=117, base_seed=nil
setup: assigned thread_id=118
init: final thread_id=118, base_seed=nil
setup: assigned thread_id=119
init: final thread_id=119, base_seed=nil
setup: assigned thread_id=120
init: final thread_id=120, base_seed=nil
setup: assigned thread_id=121
init: final thread_id=121, base_seed=nil
setup: assigned thread_id=122
init: final thread_id=122, base_seed=nil
setup: assigned thread_id=123
init: final thread_id=123, base_seed=nil
setup: assigned thread_id=124
init: final thread_id=124, base_seed=nil
setup: assigned thread_id=125
init: final thread_id=125, base_seed=nil
setup: assigned thread_id=126
init: final thread_id=126, base_seed=nil
setup: assigned thread_id=127
init: final thread_id=127, base_seed=nil
setup: assigned thread_id=128
init: final thread_id=128, base_seed=nil
setup: assigned thread_id=129
init: final thread_id=129, base_seed=nil
setup: assigned thread_id=130
init: final thread_id=130, base_seed=nil
setup: assigned thread_id=131
init: final thread_id=131, base_seed=nil
setup: assigned thread_id=132
init: final thread_id=132, base_seed=nil
setup: assigned thread_id=133
init: final thread_id=133, base_seed=nil
setup: assigned thread_id=134
init: final thread_id=134, base_seed=nil
setup: assigned thread_id=135
init: final thread_id=135, base_seed=nil
setup: assigned thread_id=136
init: final thread_id=136, base_seed=nil
setup: assigned thread_id=137
init: final thread_id=137, base_seed=nil
setup: assigned thread_id=138
init: final thread_id=138, base_seed=nil
setup: assigned thread_id=139
init: final thread_id=139, base_seed=nil
setup: assigned thread_id=140
init: final thread_id=140, base_seed=nil
setup: assigned thread_id=141
init: final thread_id=141, base_seed=nil
setup: assigned thread_id=142
init: final thread_id=142, base_seed=nil
setup: assigned thread_id=143
init: final thread_id=143, base_seed=nil
setup: assigned thread_id=144
init: final thread_id=144, base_seed=nil
setup: assigned thread_id=145
init: final thread_id=145, base_seed=nil
setup: assigned thread_id=146
init: final thread_id=146, base_seed=nil
setup: assigned thread_id=147
init: final thread_id=147, base_seed=nil
setup: assigned thread_id=148
init: final thread_id=148, base_seed=nil
setup: assigned thread_id=149
init: final thread_id=149, base_seed=nil
setup: assigned thread_id=150
init: final thread_id=150, base_seed=nil
setup: assigned thread_id=151
init: final thread_id=151, base_seed=nil
setup: assigned thread_id=152
init: final thread_id=152, base_seed=nil
setup: assigned thread_id=153
init: final thread_id=153, base_seed=nil
setup: assigned thread_id=154
init: final thread_id=154, base_seed=nil
setup: assigned thread_id=155
init: final thread_id=155, base_seed=nil
setup: assigned thread_id=156
init: final thread_id=156, base_seed=nil
setup: assigned thread_id=157
init: final thread_id=157, base_seed=nil
setup: assigned thread_id=158
init: final thread_id=158, base_seed=nil
setup: assigned thread_id=159
init: final thread_id=159, base_seed=nil
setup: assigned thread_id=160
init: final thread_id=160, base_seed=nil
setup: assigned thread_id=161
init: final thread_id=161, base_seed=nil
setup: assigned thread_id=162
init: final thread_id=162, base_seed=nil
setup: assigned thread_id=163
init: final thread_id=163, base_seed=nil
setup: assigned thread_id=164
init: final thread_id=164, base_seed=nil
setup: assigned thread_id=165
init: final thread_id=165, base_seed=nil
setup: assigned thread_id=166
init: final thread_id=166, base_seed=nil
setup: assigned thread_id=167
init: final thread_id=167, base_seed=nil
setup: assigned thread_id=168
init: final thread_id=168, base_seed=nil
setup: assigned thread_id=169
init: final thread_id=169, base_seed=nil
script_want_response
Running 30s test @ http://10.10.1.1:26040
  169 threads and 1682 connections

  Thread calibration: mean lat.: 1887.078ms, rate sampling interval: 6823ms
  Thread calibration: mean lat.: 1947.878ms, rate sampling interval: 7143ms
  Thread calibration: mean lat.: 1919.429ms, rate sampling interval: 7036ms
  Thread calibration: mean lat.: 1901.013ms, rate sampling interval: 6909ms
  Thread calibration: mean lat.: 1895.562ms, rate sampling interval: 6922ms
  Thread calibration: mean lat.: 1916.592ms, rate sampling interval: 7020ms
  Thread calibration: mean lat.: 1922.357ms, rate sampling interval: 7024ms
  Thread calibration: mean lat.: 1928.925ms, rate sampling interval: 7049ms
  Thread calibration: mean lat.: 1892.552ms, rate sampling interval: 6938ms
  Thread calibration: mean lat.: 1933.414ms, rate sampling interval: 7041ms
  Thread calibration: mean lat.: 1974.772ms, rate sampling interval: 7086ms
  Thread calibration: mean lat.: 1939.291ms, rate sampling interval: 6946ms
  Thread calibration: mean lat.: 1964.317ms, rate sampling interval: 7057ms
  Thread calibration: mean lat.: 2018.780ms, rate sampling interval: 7270ms
  Thread calibration: mean lat.: 2000.672ms, rate sampling interval: 7196ms
  Thread calibration: mean lat.: 2016.582ms, rate sampling interval: 7163ms
  Thread calibration: mean lat.: 2007.328ms, rate sampling interval: 7188ms
  Thread calibration: mean lat.: 2031.975ms, rate sampling interval: 7208ms
  Thread calibration: mean lat.: 2018.465ms, rate sampling interval: 7249ms
  Thread calibration: mean lat.: 2032.109ms, rate sampling interval: 7163ms
  Thread calibration: mean lat.: 2022.986ms, rate sampling interval: 7159ms
  Thread calibration: mean lat.: 1998.037ms, rate sampling interval: 7143ms
  Thread calibration: mean lat.: 2023.857ms, rate sampling interval: 7147ms
  Thread calibration: mean lat.: 1986.164ms, rate sampling interval: 7139ms
  Thread calibration: mean lat.: 2032.174ms, rate sampling interval: 7188ms
  Thread calibration: mean lat.: 1964.749ms, rate sampling interval: 6946ms
  Thread calibration: mean lat.: 2000.426ms, rate sampling interval: 7155ms
  Thread calibration: mean lat.: 2002.510ms, rate sampling interval: 7061ms
  Thread calibration: mean lat.: 2032.632ms, rate sampling interval: 7159ms
  Thread calibration: mean lat.: 2033.246ms, rate sampling interval: 7172ms
  Thread calibration: mean lat.: 2050.443ms, rate sampling interval: 7172ms
  Thread calibration: mean lat.: 2025.472ms, rate sampling interval: 7266ms
  Thread calibration: mean lat.: 2043.111ms, rate sampling interval: 7163ms
  Thread calibration: mean lat.: 2028.110ms, rate sampling interval: 7131ms
  Thread calibration: mean lat.: 2033.459ms, rate sampling interval: 7143ms
  Thread calibration: mean lat.: 2045.948ms, rate sampling interval: 7241ms
  Thread calibration: mean lat.: 2132.204ms, rate sampling interval: 6967ms
  Thread calibration: mean lat.: 2075.868ms, rate sampling interval: 7364ms
  Thread calibration: mean lat.: 2084.913ms, rate sampling interval: 7356ms
  Thread calibration: mean lat.: 2033.902ms, rate sampling interval: 7225ms
  Thread calibration: mean lat.: 2069.927ms, rate sampling interval: 7356ms
  Thread calibration: mean lat.: 2024.465ms, rate sampling interval: 7139ms
  Thread calibration: mean lat.: 2065.313ms, rate sampling interval: 7233ms
  Thread calibration: mean lat.: 2048.622ms, rate sampling interval: 7229ms
  Thread calibration: mean lat.: 2041.781ms, rate sampling interval: 7139ms
  Thread calibration: mean lat.: 2075.163ms, rate sampling interval: 7356ms
  Thread calibration: mean lat.: 2066.195ms, rate sampling interval: 7331ms
  Thread calibration: mean lat.: 2060.124ms, rate sampling interval: 7208ms
  Thread calibration: mean lat.: 2042.992ms, rate sampling interval: 7135ms
  Thread calibration: mean lat.: 2054.578ms, rate sampling interval: 7221ms
  Thread calibration: mean lat.: 2039.523ms, rate sampling interval: 7122ms
  Thread calibration: mean lat.: 2049.621ms, rate sampling interval: 7118ms
  Thread calibration: mean lat.: 2051.205ms, rate sampling interval: 7127ms
  Thread calibration: mean lat.: 2056.549ms, rate sampling interval: 7155ms
  Thread calibration: mean lat.: 2061.255ms, rate sampling interval: 7254ms
  Thread calibration: mean lat.: 2032.106ms, rate sampling interval: 7110ms
  Thread calibration: mean lat.: 2126.959ms, rate sampling interval: 6836ms
  Thread calibration: mean lat.: 2045.279ms, rate sampling interval: 7217ms
  Thread calibration: mean lat.: 2016.438ms, rate sampling interval: 7213ms
  Thread calibration: mean lat.: 2036.777ms, rate sampling interval: 7090ms
  Thread calibration: mean lat.: 2042.492ms, rate sampling interval: 7204ms
  Thread calibration: mean lat.: 2040.201ms, rate sampling interval: 7098ms
  Thread calibration: mean lat.: 2048.582ms, rate sampling interval: 7217ms
  Thread calibration: mean lat.: 2046.887ms, rate sampling interval: 7102ms
  Thread calibration: mean lat.: 2049.082ms, rate sampling interval: 7204ms
  Thread calibration: mean lat.: 2088.744ms, rate sampling interval: 7213ms
  Thread calibration: mean lat.: 2066.413ms, rate sampling interval: 7204ms
  Thread calibration: mean lat.: 2145.889ms, rate sampling interval: 7426ms
  Thread calibration: mean lat.: 2078.578ms, rate sampling interval: 7196ms
  Thread calibration: mean lat.: 2097.623ms, rate sampling interval: 7208ms
  Thread calibration: mean lat.: 2117.905ms, rate sampling interval: 7290ms
  Thread calibration: mean lat.: 2098.281ms, rate sampling interval: 7286ms
  Thread calibration: mean lat.: 2073.528ms, rate sampling interval: 7196ms
  Thread calibration: mean lat.: 2087.461ms, rate sampling interval: 7172ms
  Thread calibration: mean lat.: 2121.665ms, rate sampling interval: 7278ms
  Thread calibration: mean lat.: 2092.898ms, rate sampling interval: 7266ms
  Thread calibration: mean lat.: 2099.447ms, rate sampling interval: 7200ms
  Thread calibration: mean lat.: 2100.593ms, rate sampling interval: 7278ms
  Thread calibration: mean lat.: 2119.395ms, rate sampling interval: 7270ms
  Thread calibration: mean lat.: 2111.393ms, rate sampling interval: 7258ms
  Thread calibration: mean lat.: 2100.542ms, rate sampling interval: 7274ms
  Thread calibration: mean lat.: 2077.176ms, rate sampling interval: 7241ms
  Thread calibration: mean lat.: 2070.235ms, rate sampling interval: 7163ms
  Thread calibration: mean lat.: 2058.855ms, rate sampling interval: 7249ms
  Thread calibration: mean lat.: 2098.513ms, rate sampling interval: 7270ms
  Thread calibration: mean lat.: 2068.188ms, rate sampling interval: 7159ms
  Thread calibration: mean lat.: 2113.021ms, rate sampling interval: 6848ms
  Thread calibration: mean lat.: 2105.541ms, rate sampling interval: 7262ms
  Thread calibration: mean lat.: 2079.267ms, rate sampling interval: 7286ms
  Thread calibration: mean lat.: 2029.190ms, rate sampling interval: 7233ms
  Thread calibration: mean lat.: 2068.895ms, rate sampling interval: 7163ms
  Thread calibration: mean lat.: 2052.554ms, rate sampling interval: 7172ms
  Thread calibration: mean lat.: 2086.001ms, rate sampling interval: 7385ms
  Thread calibration: mean lat.: 2096.051ms, rate sampling interval: 7380ms
  Thread calibration: mean lat.: 2070.152ms, rate sampling interval: 7237ms
  Thread calibration: mean lat.: 2075.681ms, rate sampling interval: 7225ms
  Thread calibration: mean lat.: 2076.726ms, rate sampling interval: 7233ms
  Thread calibration: mean lat.: 2054.271ms, rate sampling interval: 7229ms
  Thread calibration: mean lat.: 2077.420ms, rate sampling interval: 7217ms
  Thread calibration: mean lat.: 2135.993ms, rate sampling interval: 6946ms
  Thread calibration: mean lat.: 2100.914ms, rate sampling interval: 7409ms
  Thread calibration: mean lat.: 2073.251ms, rate sampling interval: 7213ms
  Thread calibration: mean lat.: 2042.715ms, rate sampling interval: 7131ms
  Thread calibration: mean lat.: 2057.476ms, rate sampling interval: 7208ms
  Thread calibration: mean lat.: 2066.275ms, rate sampling interval: 7196ms
  Thread calibration: mean lat.: 2077.781ms, rate sampling interval: 7319ms
  Thread calibration: mean lat.: 2060.335ms, rate sampling interval: 7135ms
  Thread calibration: mean lat.: 2101.973ms, rate sampling interval: 7327ms
  Thread calibration: mean lat.: 2094.860ms, rate sampling interval: 7262ms
  Thread calibration: mean lat.: 2115.724ms, rate sampling interval: 7327ms
  Thread calibration: mean lat.: 2065.407ms, rate sampling interval: 7249ms
  Thread calibration: mean lat.: 2092.412ms, rate sampling interval: 7192ms
  Thread calibration: mean lat.: 2120.041ms, rate sampling interval: 7360ms
  Thread calibration: mean lat.: 2092.626ms, rate sampling interval: 7241ms
  Thread calibration: mean lat.: 2087.738ms, rate sampling interval: 7249ms
  Thread calibration: mean lat.: 2117.768ms, rate sampling interval: 7254ms
  Thread calibration: mean lat.: 2124.273ms, rate sampling interval: 7307ms
  Thread calibration: mean lat.: 2131.802ms, rate sampling interval: 7303ms
  Thread calibration: mean lat.: 2107.216ms, rate sampling interval: 7307ms
  Thread calibration: mean lat.: 2149.669ms, rate sampling interval: 7307ms
  Thread calibration: mean lat.: 2127.909ms, rate sampling interval: 7311ms
  Thread calibration: mean lat.: 2099.126ms, rate sampling interval: 7233ms
  Thread calibration: mean lat.: 2129.615ms, rate sampling interval: 7233ms
  Thread calibration: mean lat.: 2141.056ms, rate sampling interval: 7290ms
  Thread calibration: mean lat.: 2109.089ms, rate sampling interval: 7282ms
  Thread calibration: mean lat.: 2113.221ms, rate sampling interval: 7225ms
  Thread calibration: mean lat.: 2137.971ms, rate sampling interval: 7286ms
  Thread calibration: mean lat.: 2140.151ms, rate sampling interval: 7319ms
  Thread calibration: mean lat.: 2178.611ms, rate sampling interval: 7434ms
  Thread calibration: mean lat.: 2151.135ms, rate sampling interval: 7315ms
  Thread calibration: mean lat.: 2139.210ms, rate sampling interval: 7278ms
  Thread calibration: mean lat.: 2154.680ms, rate sampling interval: 7385ms
  Thread calibration: mean lat.: 2134.118ms, rate sampling interval: 7270ms
  Thread calibration: mean lat.: 2100.813ms, rate sampling interval: 7196ms
  Thread calibration: mean lat.: 2164.034ms, rate sampling interval: 7409ms
  Thread calibration: mean lat.: 2187.148ms, rate sampling interval: 7417ms
  Thread calibration: mean lat.: 2170.643ms, rate sampling interval: 7405ms
  Thread calibration: mean lat.: 2175.071ms, rate sampling interval: 7270ms
  Thread calibration: mean lat.: 2121.718ms, rate sampling interval: 6909ms
  Thread calibration: mean lat.: 2155.901ms, rate sampling interval: 7405ms
  Thread calibration: mean lat.: 2170.364ms, rate sampling interval: 7401ms
  Thread calibration: mean lat.: 2116.338ms, rate sampling interval: 6881ms
  Thread calibration: mean lat.: 2163.030ms, rate sampling interval: 7368ms
  Thread calibration: mean lat.: 2126.760ms, rate sampling interval: 6963ms
  Thread calibration: mean lat.: 2167.575ms, rate sampling interval: 7397ms
  Thread calibration: mean lat.: 2176.196ms, rate sampling interval: 7389ms
  Thread calibration: mean lat.: 2157.723ms, rate sampling interval: 7372ms
  Thread calibration: mean lat.: 2196.592ms, rate sampling interval: 7479ms
  Thread calibration: mean lat.: 2142.648ms, rate sampling interval: 7327ms
  Thread calibration: mean lat.: 2147.009ms, rate sampling interval: 7446ms
  Thread calibration: mean lat.: 2167.635ms, rate sampling interval: 7254ms
  Thread calibration: mean lat.: 2180.229ms, rate sampling interval: 7450ms
  Thread calibration: mean lat.: 2174.597ms, rate sampling interval: 7454ms
  Thread calibration: mean lat.: 2197.254ms, rate sampling interval: 6959ms
  Thread calibration: mean lat.: 2201.648ms, rate sampling interval: 7471ms
  Thread calibration: mean lat.: 2165.447ms, rate sampling interval: 7438ms
  Thread calibration: mean lat.: 2145.923ms, rate sampling interval: 7352ms
  Thread calibration: mean lat.: 2133.778ms, rate sampling interval: 7225ms
  Thread calibration: mean lat.: 2161.991ms, rate sampling interval: 7331ms
  Thread calibration: mean lat.: 2196.511ms, rate sampling interval: 7434ms
  Thread calibration: mean lat.: 2160.870ms, rate sampling interval: 6946ms
  Thread calibration: mean lat.: 2213.947ms, rate sampling interval: 7536ms
  Thread calibration: mean lat.: 2183.593ms, rate sampling interval: 7553ms
  Thread calibration: mean lat.: 2156.163ms, rate sampling interval: 7335ms
  Thread calibration: mean lat.: 2138.454ms, rate sampling interval: 7299ms
  Thread calibration: mean lat.: 2155.387ms, rate sampling interval: 7213ms
  Thread calibration: mean lat.: 2144.099ms, rate sampling interval: 7413ms
  Thread calibration: mean lat.: 2159.584ms, rate sampling interval: 7430ms
  Thread calibration: mean lat.: 2226.266ms, rate sampling interval: 7544ms

-----------------------------------------------------------------------
Test Results @ http://10.10.1.1:26040 
  Thread Stats   Avg      Stdev     99%   +/- Stdev
    Latency     7.70s     2.28s   11.78s    57.25%
    Req/Sec    20.40      0.57    21.00    100.00%
  Latency Distribution (HdrHistogram - Recorded Latency)
 50.000%    7.58s 
 75.000%    9.68s 
 90.000%   10.94s 
 99.000%   11.78s 
 99.900%   12.26s 
 99.990%   12.45s 
 99.999%   12.54s 
100.000%   12.64s 

  Detailed Percentile spectrum:
       Value   Percentile   TotalCount 1/(1-Percentile)

    3698.687     0.000000            1         1.00
    4628.479     0.100000         6929         1.11
    5320.703     0.200000        13790         1.25
    6098.943     0.300000        20696         1.43
    6844.415     0.400000        27597         1.67
    7581.695     0.500000        34472         2.00
    7991.295     0.550000        37943         2.22
    8359.935     0.600000        41388         2.50
    8790.015     0.650000        44848         2.86
    9256.959     0.700000        48290         3.33
    9682.943     0.750000        51716         4.00
    9920.511     0.775000        53471         4.44
   10141.695     0.800000        55190         5.00
   10338.303     0.825000        56870         5.71
   10543.103     0.850000        58599         6.67
   10747.903     0.875000        60350         8.00
   10846.207     0.887500        61192         8.89
   10944.511     0.900000        62039        10.00
   11051.007     0.912500        62918        11.43
   11149.311     0.925000        63766        13.33
   11255.807     0.937500        64676        16.00
   11304.959     0.943750        65115        17.78
   11345.919     0.950000        65494        20.00
   11395.071     0.956250        65935        22.86
   11452.415     0.962500        66421        26.67
   11493.375     0.968750        66787        32.00
   11526.143     0.971875        67025        35.56
   11558.911     0.975000        67267        40.00
   11583.487     0.978125        67446        45.71
   11624.447     0.981250        67674        53.33
   11665.407     0.984375        67879        64.00
   11689.983     0.985938        67982        71.11
   11714.559     0.987500        68074        80.00
   11755.519     0.989062        68196        91.43
   11796.479     0.990625        68291       106.67
   11845.631     0.992188        68407       128.00
   11870.207     0.992969        68453       142.22
   11911.167     0.993750        68515       160.00
   11952.127     0.994531        68559       182.86
   11993.087     0.995313        68616       213.33
   12042.239     0.996094        68664       256.00
   12075.007     0.996484        68690       284.44
   12099.583     0.996875        68722       320.00
   12124.159     0.997266        68749       365.71
   12156.927     0.997656        68780       426.67
   12181.503     0.998047        68799       512.00
   12206.079     0.998242        68814       568.89
   12222.463     0.998437        68825       640.00
   12238.847     0.998633        68841       731.43
   12255.231     0.998828        68854       853.33
   12271.615     0.999023        68867      1024.00
   12279.807     0.999121        68873      1137.78
   12296.191     0.999219        68880      1280.00
   12312.575     0.999316        68885      1462.86
   12328.959     0.999414        68892      1706.67
   12353.535     0.999512        68900      2048.00
   12361.727     0.999561        68903      2275.56
   12369.919     0.999609        68907      2560.00
   12378.111     0.999658        68911      2925.71
   12386.303     0.999707        68914      3413.33
   12394.495     0.999756        68916      4096.00
   12402.687     0.999780        68920      4551.11
   12402.687     0.999805        68920      5120.00
   12410.879     0.999829        68921      5851.43
   12419.071     0.999854        68922      6826.67
   12451.839     0.999878        68925      8192.00
   12451.839     0.999890        68925      9102.22
   12468.223     0.999902        68926     10240.00
   12476.415     0.999915        68927     11702.86
   12476.415     0.999927        68927     13653.33
   12492.799     0.999939        68930     16384.00
   12492.799     0.999945        68930     18204.44
   12492.799     0.999951        68930     20480.00
   12492.799     0.999957        68930     23405.71
   12492.799     0.999963        68930     27306.67
   12492.799     0.999969        68930     32768.00
   12541.951     0.999973        68931     36408.89
   12541.951     0.999976        68931     40960.00
   12541.951     0.999979        68931     46811.43
   12541.951     0.999982        68931     54613.33
   12541.951     0.999985        68931     65536.00
   12640.255     0.999986        68932     72817.78
   12640.255     1.000000        68932          inf
#[Mean    =     7703.706, StdDeviation   =     2283.070]
#[Max     =    12632.064, Total count    =        68932]
#[Buckets =           27, SubBuckets     =         2048]
-----------------------------------------------------------------------
  102640 requests in 29.76s, 15.91MB read
Requests/sec:   3449.37  
Transfer/sec:    547.59KB

=== rps=6000 c=1800 t=180 url=http://10.10.1.1:26040 ===
setup: assigned thread_id=1
init: final thread_id=1, base_seed=nil
setup: assigned thread_id=2
init: final thread_id=2, base_seed=nil
setup: assigned thread_id=3
init: final thread_id=3, base_seed=nil
setup: assigned thread_id=4
init: final thread_id=4, base_seed=nil
setup: assigned thread_id=5
init: final thread_id=5, base_seed=nil
setup: assigned thread_id=6
init: final thread_id=6, base_seed=nil
setup: assigned thread_id=7
init: final thread_id=7, base_seed=nil
setup: assigned thread_id=8
init: final thread_id=8, base_seed=nil
setup: assigned thread_id=9
init: final thread_id=9, base_seed=nil
setup: assigned thread_id=10
init: final thread_id=10, base_seed=nil
setup: assigned thread_id=11
init: final thread_id=11, base_seed=nil
setup: assigned thread_id=12
init: final thread_id=12, base_seed=nil
setup: assigned thread_id=13
init: final thread_id=13, base_seed=nil
setup: assigned thread_id=14
init: final thread_id=14, base_seed=nil
setup: assigned thread_id=15
init: final thread_id=15, base_seed=nil
setup: assigned thread_id=16
init: final thread_id=16, base_seed=nil
setup: assigned thread_id=17
init: final thread_id=17, base_seed=nil
setup: assigned thread_id=18
init: final thread_id=18, base_seed=nil
setup: assigned thread_id=19
init: final thread_id=19, base_seed=nil
setup: assigned thread_id=20
init: final thread_id=20, base_seed=nil
setup: assigned thread_id=21
init: final thread_id=21, base_seed=nil
setup: assigned thread_id=22
init: final thread_id=22, base_seed=nil
setup: assigned thread_id=23
init: final thread_id=23, base_seed=nil
setup: assigned thread_id=24
init: final thread_id=24, base_seed=nil
setup: assigned thread_id=25
init: final thread_id=25, base_seed=nil
setup: assigned thread_id=26
init: final thread_id=26, base_seed=nil
setup: assigned thread_id=27
init: final thread_id=27, base_seed=nil
setup: assigned thread_id=28
init: final thread_id=28, base_seed=nil
setup: assigned thread_id=29
init: final thread_id=29, base_seed=nil
setup: assigned thread_id=30
init: final thread_id=30, base_seed=nil
setup: assigned thread_id=31
init: final thread_id=31, base_seed=nil
setup: assigned thread_id=32
init: final thread_id=32, base_seed=nil
setup: assigned thread_id=33
init: final thread_id=33, base_seed=nil
setup: assigned thread_id=34
init: final thread_id=34, base_seed=nil
setup: assigned thread_id=35
init: final thread_id=35, base_seed=nil
setup: assigned thread_id=36
init: final thread_id=36, base_seed=nil
setup: assigned thread_id=37
init: final thread_id=37, base_seed=nil
setup: assigned thread_id=38
init: final thread_id=38, base_seed=nil
setup: assigned thread_id=39
init: final thread_id=39, base_seed=nil
setup: assigned thread_id=40
init: final thread_id=40, base_seed=nil
setup: assigned thread_id=41
init: final thread_id=41, base_seed=nil
setup: assigned thread_id=42
init: final thread_id=42, base_seed=nil
setup: assigned thread_id=43
init: final thread_id=43, base_seed=nil
setup: assigned thread_id=44
init: final thread_id=44, base_seed=nil
setup: assigned thread_id=45
init: final thread_id=45, base_seed=nil
setup: assigned thread_id=46
init: final thread_id=46, base_seed=nil
setup: assigned thread_id=47
init: final thread_id=47, base_seed=nil
setup: assigned thread_id=48
init: final thread_id=48, base_seed=nil
setup: assigned thread_id=49
init: final thread_id=49, base_seed=nil
setup: assigned thread_id=50
init: final thread_id=50, base_seed=nil
setup: assigned thread_id=51
init: final thread_id=51, base_seed=nil
setup: assigned thread_id=52
init: final thread_id=52, base_seed=nil
setup: assigned thread_id=53
init: final thread_id=53, base_seed=nil
setup: assigned thread_id=54
init: final thread_id=54, base_seed=nil
setup: assigned thread_id=55
init: final thread_id=55, base_seed=nil
setup: assigned thread_id=56
init: final thread_id=56, base_seed=nil
setup: assigned thread_id=57
init: final thread_id=57, base_seed=nil
setup: assigned thread_id=58
init: final thread_id=58, base_seed=nil
setup: assigned thread_id=59
init: final thread_id=59, base_seed=nil
setup: assigned thread_id=60
init: final thread_id=60, base_seed=nil
setup: assigned thread_id=61
init: final thread_id=61, base_seed=nil
setup: assigned thread_id=62
init: final thread_id=62, base_seed=nil
setup: assigned thread_id=63
init: final thread_id=63, base_seed=nil
setup: assigned thread_id=64
init: final thread_id=64, base_seed=nil
setup: assigned thread_id=65
init: final thread_id=65, base_seed=nil
setup: assigned thread_id=66
init: final thread_id=66, base_seed=nil
setup: assigned thread_id=67
init: final thread_id=67, base_seed=nil
setup: assigned thread_id=68
init: final thread_id=68, base_seed=nil
setup: assigned thread_id=69
init: final thread_id=69, base_seed=nil
setup: assigned thread_id=70
init: final thread_id=70, base_seed=nil
setup: assigned thread_id=71
init: final thread_id=71, base_seed=nil
setup: assigned thread_id=72
init: final thread_id=72, base_seed=nil
setup: assigned thread_id=73
init: final thread_id=73, base_seed=nil
setup: assigned thread_id=74
init: final thread_id=74, base_seed=nil
setup: assigned thread_id=75
init: final thread_id=75, base_seed=nil
setup: assigned thread_id=76
init: final thread_id=76, base_seed=nil
setup: assigned thread_id=77
init: final thread_id=77, base_seed=nil
setup: assigned thread_id=78
init: final thread_id=78, base_seed=nil
setup: assigned thread_id=79
init: final thread_id=79, base_seed=nil
setup: assigned thread_id=80
init: final thread_id=80, base_seed=nil
setup: assigned thread_id=81
init: final thread_id=81, base_seed=nil
setup: assigned thread_id=82
init: final thread_id=82, base_seed=nil
setup: assigned thread_id=83
init: final thread_id=83, base_seed=nil
setup: assigned thread_id=84
init: final thread_id=84, base_seed=nil
setup: assigned thread_id=85
init: final thread_id=85, base_seed=nil
setup: assigned thread_id=86
init: final thread_id=86, base_seed=nil
setup: assigned thread_id=87
init: final thread_id=87, base_seed=nil
setup: assigned thread_id=88
init: final thread_id=88, base_seed=nil
setup: assigned thread_id=89
init: final thread_id=89, base_seed=nil
setup: assigned thread_id=90
init: final thread_id=90, base_seed=nil
setup: assigned thread_id=91
init: final thread_id=91, base_seed=nil
setup: assigned thread_id=92
init: final thread_id=92, base_seed=nil
setup: assigned thread_id=93
init: final thread_id=93, base_seed=nil
setup: assigned thread_id=94
init: final thread_id=94, base_seed=nil
setup: assigned thread_id=95
init: final thread_id=95, base_seed=nil
setup: assigned thread_id=96
init: final thread_id=96, base_seed=nil
setup: assigned thread_id=97
init: final thread_id=97, base_seed=nil
setup: assigned thread_id=98
init: final thread_id=98, base_seed=nil
setup: assigned thread_id=99
init: final thread_id=99, base_seed=nil
setup: assigned thread_id=100
init: final thread_id=100, base_seed=nil
setup: assigned thread_id=101
init: final thread_id=101, base_seed=nil
setup: assigned thread_id=102
init: final thread_id=102, base_seed=nil
setup: assigned thread_id=103
init: final thread_id=103, base_seed=nil
setup: assigned thread_id=104
init: final thread_id=104, base_seed=nil
setup: assigned thread_id=105
init: final thread_id=105, base_seed=nil
setup: assigned thread_id=106
init: final thread_id=106, base_seed=nil
setup: assigned thread_id=107
init: final thread_id=107, base_seed=nil
setup: assigned thread_id=108
init: final thread_id=108, base_seed=nil
setup: assigned thread_id=109
init: final thread_id=109, base_seed=nil
setup: assigned thread_id=110
init: final thread_id=110, base_seed=nil
setup: assigned thread_id=111
init: final thread_id=111, base_seed=nil
setup: assigned thread_id=112
init: final thread_id=112, base_seed=nil
setup: assigned thread_id=113
init: final thread_id=113, base_seed=nil
setup: assigned thread_id=114
init: final thread_id=114, base_seed=nil
setup: assigned thread_id=115
init: final thread_id=115, base_seed=nil
setup: assigned thread_id=116
init: final thread_id=116, base_seed=nil
setup: assigned thread_id=117
init: final thread_id=117, base_seed=nil
setup: assigned thread_id=118
init: final thread_id=118, base_seed=nil
setup: assigned thread_id=119
init: final thread_id=119, base_seed=nil
setup: assigned thread_id=120
init: final thread_id=120, base_seed=nil
setup: assigned thread_id=121
init: final thread_id=121, base_seed=nil
setup: assigned thread_id=122
init: final thread_id=122, base_seed=nil
setup: assigned thread_id=123
init: final thread_id=123, base_seed=nil
setup: assigned thread_id=124
init: final thread_id=124, base_seed=nil
setup: assigned thread_id=125
init: final thread_id=125, base_seed=nil
setup: assigned thread_id=126
init: final thread_id=126, base_seed=nil
setup: assigned thread_id=127
init: final thread_id=127, base_seed=nil
setup: assigned thread_id=128
init: final thread_id=128, base_seed=nil
setup: assigned thread_id=129
init: final thread_id=129, base_seed=nil
setup: assigned thread_id=130
init: final thread_id=130, base_seed=nil
setup: assigned thread_id=131
init: final thread_id=131, base_seed=nil
setup: assigned thread_id=132
init: final thread_id=132, base_seed=nil
setup: assigned thread_id=133
init: final thread_id=133, base_seed=nil
setup: assigned thread_id=134
init: final thread_id=134, base_seed=nil
setup: assigned thread_id=135
init: final thread_id=135, base_seed=nil
setup: assigned thread_id=136
init: final thread_id=136, base_seed=nil
setup: assigned thread_id=137
init: final thread_id=137, base_seed=nil
setup: assigned thread_id=138
init: final thread_id=138, base_seed=nil
setup: assigned thread_id=139
init: final thread_id=139, base_seed=nil
setup: assigned thread_id=140
init: final thread_id=140, base_seed=nil
setup: assigned thread_id=141
init: final thread_id=141, base_seed=nil
setup: assigned thread_id=142
init: final thread_id=142, base_seed=nil
setup: assigned thread_id=143
init: final thread_id=143, base_seed=nil
setup: assigned thread_id=144
init: final thread_id=144, base_seed=nil
setup: assigned thread_id=145
init: final thread_id=145, base_seed=nil
setup: assigned thread_id=146
init: final thread_id=146, base_seed=nil
setup: assigned thread_id=147
init: final thread_id=147, base_seed=nil
setup: assigned thread_id=148
init: final thread_id=148, base_seed=nil
setup: assigned thread_id=149
init: final thread_id=149, base_seed=nil
setup: assigned thread_id=150
init: final thread_id=150, base_seed=nil
setup: assigned thread_id=151
init: final thread_id=151, base_seed=nil
setup: assigned thread_id=152
init: final thread_id=152, base_seed=nil
setup: assigned thread_id=153
init: final thread_id=153, base_seed=nil
setup: assigned thread_id=154
init: final thread_id=154, base_seed=nil
setup: assigned thread_id=155
init: final thread_id=155, base_seed=nil
setup: assigned thread_id=156
init: final thread_id=156, base_seed=nil
setup: assigned thread_id=157
init: final thread_id=157, base_seed=nil
setup: assigned thread_id=158
init: final thread_id=158, base_seed=nil
setup: assigned thread_id=159
init: final thread_id=159, base_seed=nil
setup: assigned thread_id=160
init: final thread_id=160, base_seed=nil
setup: assigned thread_id=161
init: final thread_id=161, base_seed=nil
setup: assigned thread_id=162
init: final thread_id=162, base_seed=nil
setup: assigned thread_id=163
init: final thread_id=163, base_seed=nil
setup: assigned thread_id=164
init: final thread_id=164, base_seed=nil
setup: assigned thread_id=165
init: final thread_id=165, base_seed=nil
setup: assigned thread_id=166
init: final thread_id=166, base_seed=nil
setup: assigned thread_id=167
init: final thread_id=167, base_seed=nil
setup: assigned thread_id=168
init: final thread_id=168, base_seed=nil
setup: assigned thread_id=169
init: final thread_id=169, base_seed=nil
setup: assigned thread_id=170
init: final thread_id=170, base_seed=nil
setup: assigned thread_id=171
init: final thread_id=171, base_seed=nil
setup: assigned thread_id=172
init: final thread_id=172, base_seed=nil
setup: assigned thread_id=173
init: final thread_id=173, base_seed=nil
setup: assigned thread_id=174
init: final thread_id=174, base_seed=nil
setup: assigned thread_id=175
init: final thread_id=175, base_seed=nil
setup: assigned thread_id=176
init: final thread_id=176, base_seed=nil
setup: assigned thread_id=177
init: final thread_id=177, base_seed=nil
setup: assigned thread_id=178
init: final thread_id=178, base_seed=nil
setup: assigned thread_id=179
init: final thread_id=179, base_seed=nil
setup: assigned thread_id=180
init: final thread_id=180, base_seed=nil
script_want_response
Running 30s test @ http://10.10.1.1:26040
  180 threads and 1800 connections

  Thread calibration: mean lat.: 1949.622ms, rate sampling interval: 7278ms
  Thread calibration: mean lat.: 1910.603ms, rate sampling interval: 7217ms
  Thread calibration: mean lat.: 1916.380ms, rate sampling interval: 7204ms
  Thread calibration: mean lat.: 1932.737ms, rate sampling interval: 7176ms
  Thread calibration: mean lat.: 1966.955ms, rate sampling interval: 7290ms
  Thread calibration: mean lat.: 1944.466ms, rate sampling interval: 7262ms
  Thread calibration: mean lat.: 1956.997ms, rate sampling interval: 7262ms
  Thread calibration: mean lat.: 1983.609ms, rate sampling interval: 7286ms
  Thread calibration: mean lat.: 2054.647ms, rate sampling interval: 7544ms
  Thread calibration: mean lat.: 2053.311ms, rate sampling interval: 7512ms
  Thread calibration: mean lat.: 2062.196ms, rate sampling interval: 7483ms
  Thread calibration: mean lat.: 2044.263ms, rate sampling interval: 7335ms
  Thread calibration: mean lat.: 2072.808ms, rate sampling interval: 7512ms
  Thread calibration: mean lat.: 2054.954ms, rate sampling interval: 7536ms
  Thread calibration: mean lat.: 2056.794ms, rate sampling interval: 7446ms
  Thread calibration: mean lat.: 2113.472ms, rate sampling interval: 7569ms
  Thread calibration: mean lat.: 2101.130ms, rate sampling interval: 7581ms
  Thread calibration: mean lat.: 2100.280ms, rate sampling interval: 7569ms
  Thread calibration: mean lat.: 2080.931ms, rate sampling interval: 7491ms
  Thread calibration: mean lat.: 2058.646ms, rate sampling interval: 7348ms
  Thread calibration: mean lat.: 2058.890ms, rate sampling interval: 7520ms
  Thread calibration: mean lat.: 2082.841ms, rate sampling interval: 7548ms
  Thread calibration: mean lat.: 2052.135ms, rate sampling interval: 7507ms
  Thread calibration: mean lat.: 2066.202ms, rate sampling interval: 7512ms
  Thread calibration: mean lat.: 2082.038ms, rate sampling interval: 7548ms
  Thread calibration: mean lat.: 2077.663ms, rate sampling interval: 7479ms
  Thread calibration: mean lat.: 2078.689ms, rate sampling interval: 7426ms
  Thread calibration: mean lat.: 2052.091ms, rate sampling interval: 7503ms
  Thread calibration: mean lat.: 2090.297ms, rate sampling interval: 7585ms
  Thread calibration: mean lat.: 2059.249ms, rate sampling interval: 7536ms
  Thread calibration: mean lat.: 2099.001ms, rate sampling interval: 7708ms
  Thread calibration: mean lat.: 2086.955ms, rate sampling interval: 7577ms
  Thread calibration: mean lat.: 2088.741ms, rate sampling interval: 7589ms
  Thread calibration: mean lat.: 2119.639ms, rate sampling interval: 7585ms
  Thread calibration: mean lat.: 2101.426ms, rate sampling interval: 7606ms
  Thread calibration: mean lat.: 2101.689ms, rate sampling interval: 7532ms
  Thread calibration: mean lat.: 2067.277ms, rate sampling interval: 7512ms
  Thread calibration: mean lat.: 2082.125ms, rate sampling interval: 7532ms
  Thread calibration: mean lat.: 2096.487ms, rate sampling interval: 7716ms
  Thread calibration: mean lat.: 2092.429ms, rate sampling interval: 7544ms
  Thread calibration: mean lat.: 2075.286ms, rate sampling interval: 7442ms
  Thread calibration: mean lat.: 2102.611ms, rate sampling interval: 7516ms
  Thread calibration: mean lat.: 2100.479ms, rate sampling interval: 7520ms
  Thread calibration: mean lat.: 2093.673ms, rate sampling interval: 7573ms
  Thread calibration: mean lat.: 2086.065ms, rate sampling interval: 7520ms
  Thread calibration: mean lat.: 2080.795ms, rate sampling interval: 7557ms
  Thread calibration: mean lat.: 2050.151ms, rate sampling interval: 7393ms
  Thread calibration: mean lat.: 2099.456ms, rate sampling interval: 7573ms
  Thread calibration: mean lat.: 2077.772ms, rate sampling interval: 7503ms
  Thread calibration: mean lat.: 2117.897ms, rate sampling interval: 7036ms
  Thread calibration: mean lat.: 2082.299ms, rate sampling interval: 7589ms
  Thread calibration: mean lat.: 2068.177ms, rate sampling interval: 7553ms
  Thread calibration: mean lat.: 2092.292ms, rate sampling interval: 7655ms
  Thread calibration: mean lat.: 2077.277ms, rate sampling interval: 7524ms
  Thread calibration: mean lat.: 2103.104ms, rate sampling interval: 7536ms
  Thread calibration: mean lat.: 2079.252ms, rate sampling interval: 7544ms
  Thread calibration: mean lat.: 2104.657ms, rate sampling interval: 7540ms
  Thread calibration: mean lat.: 2111.810ms, rate sampling interval: 7565ms
  Thread calibration: mean lat.: 2105.492ms, rate sampling interval: 7655ms
  Thread calibration: mean lat.: 2100.208ms, rate sampling interval: 7606ms
  Thread calibration: mean lat.: 2104.183ms, rate sampling interval: 7630ms
  Thread calibration: mean lat.: 2102.724ms, rate sampling interval: 7520ms
  Thread calibration: mean lat.: 2103.056ms, rate sampling interval: 7606ms
  Thread calibration: mean lat.: 2079.798ms, rate sampling interval: 7512ms
  Thread calibration: mean lat.: 2120.280ms, rate sampling interval: 7786ms
  Thread calibration: mean lat.: 2095.578ms, rate sampling interval: 7495ms
  Thread calibration: mean lat.: 2113.049ms, rate sampling interval: 7561ms
  Thread calibration: mean lat.: 2117.262ms, rate sampling interval: 7528ms
  Thread calibration: mean lat.: 2100.495ms, rate sampling interval: 7499ms
  Thread calibration: mean lat.: 2121.995ms, rate sampling interval: 7495ms
  Thread calibration: mean lat.: 2120.565ms, rate sampling interval: 7565ms
  Thread calibration: mean lat.: 2121.031ms, rate sampling interval: 7557ms
  Thread calibration: mean lat.: 2133.203ms, rate sampling interval: 7626ms
  Thread calibration: mean lat.: 2126.864ms, rate sampling interval: 7528ms
  Thread calibration: mean lat.: 2103.416ms, rate sampling interval: 7516ms
  Thread calibration: mean lat.: 2104.209ms, rate sampling interval: 7532ms
  Thread calibration: mean lat.: 2162.095ms, rate sampling interval: 7569ms
  Thread calibration: mean lat.: 2122.923ms, rate sampling interval: 7503ms
  Thread calibration: mean lat.: 2130.822ms, rate sampling interval: 7643ms
  Thread calibration: mean lat.: 2128.837ms, rate sampling interval: 7544ms
  Thread calibration: mean lat.: 2126.172ms, rate sampling interval: 7634ms
  Thread calibration: mean lat.: 2132.727ms, rate sampling interval: 7598ms
  Thread calibration: mean lat.: 2148.944ms, rate sampling interval: 7610ms
  Thread calibration: mean lat.: 2098.042ms, rate sampling interval: 7421ms
  Thread calibration: mean lat.: 2113.278ms, rate sampling interval: 7548ms
  Thread calibration: mean lat.: 2128.102ms, rate sampling interval: 7733ms
  Thread calibration: mean lat.: 2134.000ms, rate sampling interval: 7679ms
  Thread calibration: mean lat.: 2120.783ms, rate sampling interval: 7553ms
  Thread calibration: mean lat.: 2150.032ms, rate sampling interval: 7749ms
  Thread calibration: mean lat.: 2141.689ms, rate sampling interval: 7553ms
  Thread calibration: mean lat.: 2124.171ms, rate sampling interval: 7503ms
  Thread calibration: mean lat.: 2115.670ms, rate sampling interval: 7471ms
  Thread calibration: mean lat.: 2133.652ms, rate sampling interval: 7655ms
  Thread calibration: mean lat.: 2104.586ms, rate sampling interval: 7548ms
  Thread calibration: mean lat.: 2079.613ms, rate sampling interval: 7438ms
  Thread calibration: mean lat.: 2123.160ms, rate sampling interval: 7630ms
  Thread calibration: mean lat.: 2125.020ms, rate sampling interval: 7704ms
  Thread calibration: mean lat.: 2109.492ms, rate sampling interval: 7614ms
  Thread calibration: mean lat.: 2149.262ms, rate sampling interval: 7651ms
  Thread calibration: mean lat.: 2151.362ms, rate sampling interval: 7626ms
  Thread calibration: mean lat.: 2157.274ms, rate sampling interval: 7761ms
  Thread calibration: mean lat.: 2129.245ms, rate sampling interval: 7626ms
  Thread calibration: mean lat.: 2158.377ms, rate sampling interval: 7704ms
  Thread calibration: mean lat.: 2163.692ms, rate sampling interval: 7634ms
  Thread calibration: mean lat.: 2148.950ms, rate sampling interval: 7639ms
  Thread calibration: mean lat.: 2177.644ms, rate sampling interval: 7618ms
  Thread calibration: mean lat.: 2194.827ms, rate sampling interval: 7782ms
  Thread calibration: mean lat.: 2180.242ms, rate sampling interval: 7667ms
  Thread calibration: mean lat.: 2190.906ms, rate sampling interval: 7712ms
  Thread calibration: mean lat.: 2183.159ms, rate sampling interval: 7737ms
  Thread calibration: mean lat.: 2170.147ms, rate sampling interval: 7659ms
  Thread calibration: mean lat.: 2200.242ms, rate sampling interval: 7663ms
  Thread calibration: mean lat.: 2199.273ms, rate sampling interval: 7782ms
  Thread calibration: mean lat.: 2183.387ms, rate sampling interval: 7811ms
  Thread calibration: mean lat.: 2164.220ms, rate sampling interval: 7733ms
  Thread calibration: mean lat.: 2199.985ms, rate sampling interval: 7802ms
  Thread calibration: mean lat.: 2207.286ms, rate sampling interval: 7774ms
  Thread calibration: mean lat.: 2201.585ms, rate sampling interval: 7737ms
  Thread calibration: mean lat.: 2183.575ms, rate sampling interval: 7688ms
  Thread calibration: mean lat.: 2156.369ms, rate sampling interval: 7606ms
  Thread calibration: mean lat.: 2199.842ms, rate sampling interval: 7647ms
  Thread calibration: mean lat.: 2230.478ms, rate sampling interval: 7888ms
  Thread calibration: mean lat.: 2178.747ms, rate sampling interval: 7675ms
  Thread calibration: mean lat.: 2208.265ms, rate sampling interval: 7786ms
  Thread calibration: mean lat.: 2182.519ms, rate sampling interval: 7647ms
  Thread calibration: mean lat.: 2230.936ms, rate sampling interval: 7917ms
  Thread calibration: mean lat.: 2241.519ms, rate sampling interval: 7823ms
  Thread calibration: mean lat.: 2197.645ms, rate sampling interval: 7757ms
  Thread calibration: mean lat.: 2165.219ms, rate sampling interval: 7610ms
  Thread calibration: mean lat.: 2208.728ms, rate sampling interval: 7708ms
  Thread calibration: mean lat.: 2235.811ms, rate sampling interval: 7843ms
  Thread calibration: mean lat.: 2205.958ms, rate sampling interval: 7720ms
  Thread calibration: mean lat.: 2248.902ms, rate sampling interval: 7954ms
  Thread calibration: mean lat.: 2241.836ms, rate sampling interval: 7835ms
  Thread calibration: mean lat.: 2203.888ms, rate sampling interval: 7708ms
  Thread calibration: mean lat.: 2220.331ms, rate sampling interval: 7852ms
  Thread calibration: mean lat.: 2252.418ms, rate sampling interval: 7933ms
  Thread calibration: mean lat.: 2215.269ms, rate sampling interval: 7741ms
  Thread calibration: mean lat.: 2244.468ms, rate sampling interval: 7827ms
  Thread calibration: mean lat.: 2220.981ms, rate sampling interval: 7798ms
  Thread calibration: mean lat.: 2235.849ms, rate sampling interval: 7852ms
  Thread calibration: mean lat.: 2248.048ms, rate sampling interval: 7806ms
  Thread calibration: mean lat.: 2246.599ms, rate sampling interval: 7917ms
  Thread calibration: mean lat.: 2249.583ms, rate sampling interval: 7823ms
  Thread calibration: mean lat.: 2289.374ms, rate sampling interval: 7974ms
  Thread calibration: mean lat.: 2218.742ms, rate sampling interval: 7761ms
  Thread calibration: mean lat.: 2231.072ms, rate sampling interval: 7802ms
  Thread calibration: mean lat.: 2266.548ms, rate sampling interval: 7921ms
  Thread calibration: mean lat.: 2242.978ms, rate sampling interval: 7786ms
  Thread calibration: mean lat.: 2264.420ms, rate sampling interval: 8007ms
  Thread calibration: mean lat.: 2252.052ms, rate sampling interval: 7954ms
  Thread calibration: mean lat.: 2215.811ms, rate sampling interval: 7733ms
  Thread calibration: mean lat.: 2261.829ms, rate sampling interval: 7938ms
  Thread calibration: mean lat.: 2291.480ms, rate sampling interval: 7995ms
  Thread calibration: mean lat.: 2226.785ms, rate sampling interval: 7806ms
  Thread calibration: mean lat.: 2170.156ms, rate sampling interval: 7307ms
  Thread calibration: mean lat.: 2225.970ms, rate sampling interval: 7790ms
  Thread calibration: mean lat.: 2265.293ms, rate sampling interval: 7942ms
  Thread calibration: mean lat.: 2248.877ms, rate sampling interval: 7839ms
  Thread calibration: mean lat.: 2239.131ms, rate sampling interval: 7782ms
  Thread calibration: mean lat.: 2263.636ms, rate sampling interval: 7876ms
  Thread calibration: mean lat.: 2245.277ms, rate sampling interval: 7794ms
  Thread calibration: mean lat.: 2244.518ms, rate sampling interval: 7852ms
  Thread calibration: mean lat.: 2229.314ms, rate sampling interval: 7798ms
  Thread calibration: mean lat.: 2271.134ms, rate sampling interval: 7921ms
  Thread calibration: mean lat.: 2270.132ms, rate sampling interval: 7794ms
  Thread calibration: mean lat.: 2155.372ms, rate sampling interval: 7286ms
  Thread calibration: mean lat.: 2279.158ms, rate sampling interval: 7954ms
  Thread calibration: mean lat.: 2261.305ms, rate sampling interval: 7815ms
  Thread calibration: mean lat.: 2276.743ms, rate sampling interval: 7954ms
  Thread calibration: mean lat.: 2253.186ms, rate sampling interval: 7897ms
  Thread calibration: mean lat.: 2290.419ms, rate sampling interval: 7966ms
  Thread calibration: mean lat.: 2277.048ms, rate sampling interval: 7929ms
  Thread calibration: mean lat.: 2249.081ms, rate sampling interval: 7872ms
  Thread calibration: mean lat.: 2251.312ms, rate sampling interval: 7868ms
  Thread calibration: mean lat.: 2245.644ms, rate sampling interval: 7774ms
  Thread calibration: mean lat.: 2265.918ms, rate sampling interval: 7987ms
  Thread calibration: mean lat.: 2288.856ms, rate sampling interval: 7950ms
  Thread calibration: mean lat.: 2277.327ms, rate sampling interval: 7954ms
  Thread calibration: mean lat.: 2289.518ms, rate sampling interval: 7954ms

-----------------------------------------------------------------------
Test Results @ http://10.10.1.1:26040 
  Thread Stats   Avg      Stdev     99%   +/- Stdev
    Latency     8.56s     2.42s   12.76s    57.44%
    Req/Sec    18.18      0.59    19.00    100.00%
  Latency Distribution (HdrHistogram - Recorded Latency)
 50.000%    8.59s 
 75.000%   10.67s 
 90.000%   11.90s 
 99.000%   12.76s 
 99.900%   13.13s 
 99.990%   13.30s 
 99.999%   13.54s 
100.000%   13.56s 

  Detailed Percentile spectrum:
       Value   Percentile   TotalCount 1/(1-Percentile)

    3889.151     0.000000            1         1.00
    5193.727     0.100000         6674         1.11
    6041.599     0.200000        13346         1.25
    6889.471     0.300000        19996         1.43
    7794.687     0.400000        26655         1.67
    8585.215     0.500000        33302         2.00
    8962.047     0.550000        36625         2.22
    9347.071     0.600000        39981         2.50
    9740.287     0.650000        43306         2.86
   10149.887     0.700000        46633         3.33
   10674.175     0.750000        49997         4.00
   10895.359     0.775000        51618         4.44
   11100.159     0.800000        53268         5.00
   11304.959     0.825000        54976         5.71
   11501.567     0.850000        56623         6.67
   11698.175     0.875000        58276         8.00
   11804.671     0.887500        59128         8.89
   11902.975     0.900000        59958        10.00
   12001.279     0.912500        60763        11.43
   12107.775     0.925000        61638        13.33
   12214.271     0.937500        62460        16.00
   12263.423     0.943750        62842        17.78
   12320.767     0.950000        63291        20.00
   12378.111     0.956250        63713        22.86
   12435.455     0.962500        64105        26.67
   12500.991     0.968750        64522        32.00
   12533.759     0.971875        64718        35.56
   12566.527     0.975000        64940        40.00
   12599.295     0.978125        65151        45.71
   12632.063     0.981250        65346        53.33
   12673.023     0.984375        65554        64.00
   12697.599     0.985938        65666        71.11
   12722.175     0.987500        65769        80.00
   12746.751     0.989062        65873        91.43
   12771.327     0.990625        65970       106.67
   12804.095     0.992188        66080       128.00
   12820.479     0.992969        66131       142.22
   12836.863     0.993750        66177       160.00
   12853.247     0.994531        66219       182.86
   12877.823     0.995313        66270       213.33
   12910.591     0.996094        66333       256.00
   12918.783     0.996484        66349       284.44
   12943.359     0.996875        66381       320.00
   12967.935     0.997266        66400       365.71
   12992.511     0.997656        66430       426.67
   13033.471     0.998047        66458       512.00
   13041.663     0.998242        66464       568.89
   13066.239     0.998437        66480       640.00
   13082.623     0.998633        66497       731.43
   13107.199     0.998828        66506       853.33
   13139.967     0.999023        66516      1024.00
   13156.351     0.999121        66525      1137.78
   13164.543     0.999219        66533      1280.00
   13172.735     0.999316        66538      1462.86
   13197.311     0.999414        66546      1706.67
   13205.503     0.999512        66551      2048.00
   13213.695     0.999561        66554      2275.56
   13221.887     0.999609        66557      2560.00
   13230.079     0.999658        66560      2925.71
   13238.271     0.999707        66564      3413.33
   13254.655     0.999756        66566      4096.00
   13262.847     0.999780        66567      4551.11
   13271.039     0.999805        66568      5120.00
   13287.423     0.999829        66571      5851.43
   13295.615     0.999854        66574      6826.67
   13295.615     0.999878        66574      8192.00
   13295.615     0.999890        66574      9102.22
   13303.807     0.999902        66575     10240.00
   13311.999     0.999915        66576     11702.86
   13377.535     0.999927        66577     13653.33
   13377.535     0.999939        66577     16384.00
   13402.111     0.999945        66578     18204.44
   13402.111     0.999951        66578     20480.00
   13467.647     0.999957        66579     23405.71
   13467.647     0.999963        66579     27306.67
   13467.647     0.999969        66579     32768.00
   13541.375     0.999973        66580     36408.89
   13541.375     0.999976        66580     40960.00
   13541.375     0.999979        66580     46811.43
   13541.375     0.999982        66580     54613.33
   13541.375     0.999985        66580     65536.00
   13557.759     0.999986        66581     72817.78
   13557.759     1.000000        66581          inf
#[Mean    =     8556.414, StdDeviation   =     2424.833]
#[Max     =    13549.568, Total count    =        66581]
#[Buckets =           27, SubBuckets     =         2048]
-----------------------------------------------------------------------
  100124 requests in 29.80s, 15.53MB read
Requests/sec:   3359.80  
Transfer/sec:    533.53KB
