setup: assigned thread_id=1
init: final thread_id=1, base_seed=nil
script_want_response
Running 2m test @ http://10.10.1.1:19076
  1 threads and 10 connections

  Thread calibration: mean lat.: 60.413ms, rate sampling interval: 108ms

-----------------------------------------------------------------------
Test Results @ http://10.10.1.1:19076 
  Thread Stats   Avg      Stdev     99%   +/- Stdev
    Latency     7.55ms  803.74us   9.49ms   69.88%
    Req/Sec   100.00     19.72   177.00     87.74%
  Latency Distribution (HdrHistogram - Recorded Latency)
 50.000%    7.49ms
 75.000%    8.06ms
 90.000%    8.62ms
 99.000%    9.49ms
 99.900%   10.66ms
 99.990%   11.60ms
 99.999%   12.77ms
100.000%   12.77ms

  Detailed Percentile spectrum:
       Value   Percentile   TotalCount 1/(1-Percentile)

       4.635     0.000000            1         1.00
       6.635     0.100000          910         1.11
       6.919     0.200000         1810         1.25
       7.127     0.300000         2712         1.43
       7.311     0.400000         3600         1.67
       7.491     0.500000         4500         2.00
       7.591     0.550000         4967         2.22
       7.687     0.600000         5408         2.50
       7.799     0.650000         5854         2.86
       7.923     0.700000         6302         3.33
       8.059     0.750000         6751         4.00
       8.143     0.775000         6984         4.44
       8.223     0.800000         7207         5.00
       8.311     0.825000         7426         5.71
       8.407     0.850000         7661         6.67
       8.503     0.875000         7879         8.00
       8.559     0.887500         7994         8.89
       8.623     0.900000         8109        10.00
       8.679     0.912500         8215        11.43
       8.759     0.925000         8330        13.33
       8.831     0.937500         8444        16.00
       8.871     0.943750         8496        17.78
       8.919     0.950000         8553        20.00
       8.983     0.956250         8613        22.86
       9.039     0.962500         8663        26.67
       9.103     0.968750         8719        32.00
       9.143     0.971875         8748        35.56
       9.191     0.975000         8774        40.00
       9.247     0.978125         8807        45.71
       9.311     0.981250         8833        53.33
       9.391     0.984375         8861        64.00
       9.415     0.985938         8873        71.11
       9.439     0.987500         8890        80.00
       9.471     0.989062         8901        91.43
       9.527     0.990625         8915       106.67
       9.591     0.992188         8928       128.00
       9.631     0.992969         8935       142.22
       9.679     0.993750         8942       160.00
       9.735     0.994531         8949       182.86
       9.807     0.995313         8956       213.33
       9.871     0.996094         8963       256.00
       9.935     0.996484         8968       284.44
       9.959     0.996875         8971       320.00
      10.015     0.997266         8974       365.71
      10.039     0.997656         8977       426.67
      10.239     0.998047         8981       512.00
      10.343     0.998242         8984       568.89
      10.343     0.998437         8984       640.00
      10.439     0.998633         8986       731.43
      10.583     0.998828         8988       853.33
      10.775     0.999023         8990      1024.00
      10.863     0.999121         8991      1137.78
      10.863     0.999219         8991      1280.00
      10.871     0.999316         8992      1462.86
      10.967     0.999414         8993      1706.67
      11.239     0.999512         8994      2048.00
      11.471     0.999561         8995      2275.56
      11.471     0.999609         8995      2560.00
      11.471     0.999658         8995      2925.71
      11.511     0.999707         8996      3413.33
      11.511     0.999756         8996      4096.00
      11.599     0.999780         8997      4551.11
      11.599     0.999805         8997      5120.00
      11.599     0.999829         8997      5851.43
      11.599     0.999854         8997      6826.67
      11.599     0.999878         8997      8192.00
      12.767     0.999890         8998      9102.22
      12.767     1.000000         8998          inf
#[Mean    =        7.554, StdDeviation   =        0.804]
#[Max     =       12.760, Total count    =         8998]
#[Buckets =           27, SubBuckets     =         2048]
-----------------------------------------------------------------------
  9991 requests in 1.67m, 1.55MB read
Requests/sec:     99.90  
Transfer/sec:     15.87KB

=== rps=2000 c=200 t=20 url=http://10.10.1.1:19076 ===
setup: assigned thread_id=1
init: final thread_id=1, base_seed=nil
setup: assigned thread_id=2
init: final thread_id=2, base_seed=nil
setup: assigned thread_id=3
init: final thread_id=3, base_seed=nil
setup: assigned thread_id=4
init: final thread_id=4, base_seed=nil
setup: assigned thread_id=5
init: final thread_id=5, base_seed=nil
setup: assigned thread_id=6
init: final thread_id=6, base_seed=nil
setup: assigned thread_id=7
init: final thread_id=7, base_seed=nil
setup: assigned thread_id=8
init: final thread_id=8, base_seed=nil
setup: assigned thread_id=9
init: final thread_id=9, base_seed=nil
setup: assigned thread_id=10
init: final thread_id=10, base_seed=nil
setup: assigned thread_id=11
init: final thread_id=11, base_seed=nil
setup: assigned thread_id=12
init: final thread_id=12, base_seed=nil
setup: assigned thread_id=13
init: final thread_id=13, base_seed=nil
setup: assigned thread_id=14
init: final thread_id=14, base_seed=nil
setup: assigned thread_id=15
init: final thread_id=15, base_seed=nil
setup: assigned thread_id=16
init: final thread_id=16, base_seed=nil
setup: assigned thread_id=17
init: final thread_id=17, base_seed=nil
setup: assigned thread_id=18
init: final thread_id=18, base_seed=nil
setup: assigned thread_id=19
init: final thread_id=19, base_seed=nil
setup: assigned thread_id=20
init: final thread_id=20, base_seed=nil
script_want_response
Running 1m test @ http://10.10.1.1:19076
  20 threads and 200 connections

  Thread calibration: mean lat.: 14.706ms, rate sampling interval: 49ms
  Thread calibration: mean lat.: 16.172ms, rate sampling interval: 52ms
  Thread calibration: mean lat.: 16.314ms, rate sampling interval: 51ms
  Thread calibration: mean lat.: 16.324ms, rate sampling interval: 52ms
  Thread calibration: mean lat.: 16.766ms, rate sampling interval: 51ms
  Thread calibration: mean lat.: 15.841ms, rate sampling interval: 50ms
  Thread calibration: mean lat.: 15.308ms, rate sampling interval: 49ms
  Thread calibration: mean lat.: 15.647ms, rate sampling interval: 49ms
  Thread calibration: mean lat.: 13.723ms, rate sampling interval: 45ms
  Thread calibration: mean lat.: 12.797ms, rate sampling interval: 36ms
  Thread calibration: mean lat.: 13.929ms, rate sampling interval: 44ms
  Thread calibration: mean lat.: 14.398ms, rate sampling interval: 46ms
  Thread calibration: mean lat.: 15.434ms, rate sampling interval: 49ms
  Thread calibration: mean lat.: 16.716ms, rate sampling interval: 52ms
  Thread calibration: mean lat.: 17.325ms, rate sampling interval: 52ms
  Thread calibration: mean lat.: 21.489ms, rate sampling interval: 54ms
  Thread calibration: mean lat.: 21.210ms, rate sampling interval: 53ms
  Thread calibration: mean lat.: 20.978ms, rate sampling interval: 53ms
  Thread calibration: mean lat.: 20.371ms, rate sampling interval: 51ms
  Thread calibration: mean lat.: 21.838ms, rate sampling interval: 52ms

-----------------------------------------------------------------------
Test Results @ http://10.10.1.1:19076 
  Thread Stats   Avg      Stdev     99%   +/- Stdev
    Latency    19.26ms    8.93ms  50.75ms   72.34%
    Req/Sec   100.73     68.55   250.00     56.45%
  Latency Distribution (HdrHistogram - Recorded Latency)
 50.000%   18.16ms
 75.000%   24.38ms
 90.000%   29.47ms
 99.000%   50.75ms
 99.900%   67.52ms
 99.990%   79.29ms
 99.999%   84.22ms
100.000%  127.55ms

  Detailed Percentile spectrum:
       Value   Percentile   TotalCount 1/(1-Percentile)

       5.927     0.000000            1         1.00
       9.535     0.100000        10010         1.11
      11.175     0.200000        20019         1.25
      13.175     0.300000        29988         1.43
      15.559     0.400000        39985         1.67
      18.159     0.500000        49982         2.00
      19.423     0.550000        55013         2.22
      20.655     0.600000        59995         2.50
      21.887     0.650000        64973         2.86
      23.103     0.700000        69962         3.33
      24.383     0.750000        74960         4.00
      25.071     0.775000        77439         4.44
      25.775     0.800000        79928         5.00
      26.527     0.825000        82430         5.71
      27.343     0.850000        84936         6.67
      28.303     0.875000        87426         8.00
      28.863     0.887500        88700         8.89
      29.471     0.900000        89920        10.00
      30.207     0.912500        91187        11.43
      31.135     0.925000        92418        13.33
      32.287     0.937500        93671        16.00
      33.055     0.943750        94318        17.78
      33.919     0.950000        94930        20.00
      34.911     0.956250        95545        22.86
      36.191     0.962500        96170        26.67
      37.599     0.968750        96795        32.00
      38.559     0.971875        97104        35.56
      39.839     0.975000        97420        40.00
      41.695     0.978125        97725        45.71
      43.551     0.981250        98040        53.33
      45.503     0.984375        98352        64.00
      46.495     0.985938        98505        71.11
      47.583     0.987500        98661        80.00
      49.311     0.989062        98821        91.43
      51.519     0.990625        98973       106.67
      54.271     0.992188        99131       128.00
      55.743     0.992969        99207       142.22
      57.535     0.993750        99285       160.00
      59.103     0.994531        99363       182.86
      60.511     0.995313        99442       213.33
      61.791     0.996094        99520       256.00
      62.431     0.996484        99558       284.44
      63.007     0.996875        99598       320.00
      63.423     0.997266        99639       365.71
      63.967     0.997656        99678       426.67
      64.799     0.998047        99714       512.00
      65.247     0.998242        99734       568.89
      65.599     0.998437        99754       640.00
      66.175     0.998633        99774       731.43
      66.943     0.998828        99792       853.33
      67.583     0.999023        99812      1024.00
      67.903     0.999121        99822      1137.78
      68.607     0.999219        99831      1280.00
      69.695     0.999316        99841      1462.86
      70.783     0.999414        99851      1706.67
      71.807     0.999512        99863      2048.00
      72.063     0.999561        99866      2275.56
      72.831     0.999609        99870      2560.00
      73.215     0.999658        99877      2925.71
      73.471     0.999707        99880      3413.33
      73.727     0.999756        99885      4096.00
      74.303     0.999780        99888      4551.11
      74.495     0.999805        99891      5120.00
      74.815     0.999829        99892      5851.43
      76.543     0.999854        99895      6826.67
      76.607     0.999878        99897      8192.00
      79.295     0.999890        99899      9102.22
      79.807     0.999902        99900     10240.00
      80.895     0.999915        99901     11702.86
      81.215     0.999927        99902     13653.33
      81.791     0.999939        99903     16384.00
      82.175     0.999945        99904     18204.44
      82.495     0.999951        99905     20480.00
      82.495     0.999957        99905     23405.71
      82.879     0.999963        99906     27306.67
      82.879     0.999969        99906     32768.00
      83.391     0.999973        99907     36408.89
      83.391     0.999976        99907     40960.00
      83.391     0.999979        99907     46811.43
      84.223     0.999982        99908     54613.33
      84.223     0.999985        99908     65536.00
      84.223     0.999986        99908     72817.78
      84.223     0.999988        99908     81920.00
      84.223     0.999989        99908     93622.86
     127.551     0.999991        99909    109226.67
     127.551     1.000000        99909          inf
#[Mean    =       19.259, StdDeviation   =        8.930]
#[Max     =      127.488, Total count    =        99909]
#[Buckets =           27, SubBuckets     =         2048]
-----------------------------------------------------------------------
  119628 requests in 1.00m, 18.55MB read
Requests/sec:   1996.31  
Transfer/sec:    316.96KB

=== rps=2200 c=242 t=25 url=http://10.10.1.1:19076 ===
setup: assigned thread_id=1
init: final thread_id=1, base_seed=nil
setup: assigned thread_id=2
init: final thread_id=2, base_seed=nil
setup: assigned thread_id=3
init: final thread_id=3, base_seed=nil
setup: assigned thread_id=4
init: final thread_id=4, base_seed=nil
setup: assigned thread_id=5
init: final thread_id=5, base_seed=nil
setup: assigned thread_id=6
init: final thread_id=6, base_seed=nil
setup: assigned thread_id=7
init: final thread_id=7, base_seed=nil
setup: assigned thread_id=8
init: final thread_id=8, base_seed=nil
setup: assigned thread_id=9
init: final thread_id=9, base_seed=nil
setup: assigned thread_id=10
init: final thread_id=10, base_seed=nil
setup: assigned thread_id=11
init: final thread_id=11, base_seed=nil
setup: assigned thread_id=12
init: final thread_id=12, base_seed=nil
setup: assigned thread_id=13
init: final thread_id=13, base_seed=nil
setup: assigned thread_id=14
init: final thread_id=14, base_seed=nil
setup: assigned thread_id=15
init: final thread_id=15, base_seed=nil
setup: assigned thread_id=16
init: final thread_id=16, base_seed=nil
setup: assigned thread_id=17
init: final thread_id=17, base_seed=nil
setup: assigned thread_id=18
init: final thread_id=18, base_seed=nil
setup: assigned thread_id=19
init: final thread_id=19, base_seed=nil
setup: assigned thread_id=20
init: final thread_id=20, base_seed=nil
setup: assigned thread_id=21
init: final thread_id=21, base_seed=nil
setup: assigned thread_id=22
init: final thread_id=22, base_seed=nil
setup: assigned thread_id=23
init: final thread_id=23, base_seed=nil
setup: assigned thread_id=24
init: final thread_id=24, base_seed=nil
setup: assigned thread_id=25
init: final thread_id=25, base_seed=nil
script_want_response
Running 1m test @ http://10.10.1.1:19076
  25 threads and 242 connections

  Thread calibration: mean lat.: 26.797ms, rate sampling interval: 72ms
  Thread calibration: mean lat.: 26.634ms, rate sampling interval: 72ms
  Thread calibration: mean lat.: 26.440ms, rate sampling interval: 71ms
  Thread calibration: mean lat.: 24.454ms, rate sampling interval: 69ms
  Thread calibration: mean lat.: 21.425ms, rate sampling interval: 67ms
  Thread calibration: mean lat.: 20.900ms, rate sampling interval: 65ms
  Thread calibration: mean lat.: 17.938ms, rate sampling interval: 61ms
  Thread calibration: mean lat.: 17.707ms, rate sampling interval: 60ms
  Thread calibration: mean lat.: 16.200ms, rate sampling interval: 56ms
  Thread calibration: mean lat.: 12.942ms, rate sampling interval: 35ms
  Thread calibration: mean lat.: 13.251ms, rate sampling interval: 36ms
  Thread calibration: mean lat.: 13.681ms, rate sampling interval: 39ms
  Thread calibration: mean lat.: 14.117ms, rate sampling interval: 41ms
  Thread calibration: mean lat.: 14.363ms, rate sampling interval: 41ms
  Thread calibration: mean lat.: 15.759ms, rate sampling interval: 46ms
  Thread calibration: mean lat.: 15.559ms, rate sampling interval: 46ms
  Thread calibration: mean lat.: 16.572ms, rate sampling interval: 47ms
  Thread calibration: mean lat.: 22.616ms, rate sampling interval: 68ms
  Thread calibration: mean lat.: 23.518ms, rate sampling interval: 70ms
  Thread calibration: mean lat.: 24.176ms, rate sampling interval: 71ms
  Thread calibration: mean lat.: 25.025ms, rate sampling interval: 74ms
  Thread calibration: mean lat.: 25.216ms, rate sampling interval: 72ms
  Thread calibration: mean lat.: 25.752ms, rate sampling interval: 74ms
  Thread calibration: mean lat.: 26.279ms, rate sampling interval: 75ms
  Thread calibration: mean lat.: 26.254ms, rate sampling interval: 74ms

-----------------------------------------------------------------------
Test Results @ http://10.10.1.1:19076 
  Thread Stats   Avg      Stdev     99%   +/- Stdev
    Latency    21.63ms    9.92ms  51.87ms   67.14%
    Req/Sec    88.46     58.09   228.00     62.68%
  Latency Distribution (HdrHistogram - Recorded Latency)
 50.000%   20.50ms
 75.000%   27.79ms
 90.000%   34.49ms
 99.000%   51.87ms
 99.900%   65.25ms
 99.990%   71.23ms
 99.999%   89.47ms
100.000%  104.57ms

  Detailed Percentile spectrum:
       Value   Percentile   TotalCount 1/(1-Percentile)

       6.591     0.000000            1         1.00
      10.127     0.100000        11028         1.11
      12.215     0.200000        21988         1.25
      14.591     0.300000        32985         1.43
      17.551     0.400000        43996         1.67
      20.495     0.500000        55027         2.00
      21.919     0.550000        60502         2.22
      23.279     0.600000        65958         2.50
      24.671     0.650000        71460         2.86
      26.175     0.700000        76981         3.33
      27.791     0.750000        82473         4.00
      28.655     0.775000        85204         4.44
      29.551     0.800000        87939         5.00
      30.575     0.825000        90690         5.71
      31.663     0.850000        93454         6.67
      32.959     0.875000        96240         8.00
      33.663     0.887500        97557         8.89
      34.495     0.900000        98955        10.00
      35.359     0.912500       100322        11.43
      36.415     0.925000       101695        13.33
      37.695     0.937500       103054        16.00
      38.399     0.943750       103740        17.78
      39.199     0.950000       104445        20.00
      40.095     0.956250       105116        22.86
      41.151     0.962500       105796        26.67
      42.591     0.968750       106490        32.00
      43.487     0.971875       106833        35.56
      44.575     0.975000       107178        40.00
      45.823     0.978125       107510        45.71
      47.199     0.981250       107858        53.33
      48.703     0.984375       108207        64.00
      49.503     0.985938       108371        71.11
      50.431     0.987500       108541        80.00
      51.327     0.989062       108715        91.43
      52.415     0.990625       108888       106.67
      53.631     0.992188       109057       128.00
      54.303     0.992969       109146       142.22
      55.039     0.993750       109230       160.00
      55.903     0.994531       109314       182.86
      56.863     0.995313       109400       213.33
      58.079     0.996094       109486       256.00
      58.879     0.996484       109530       284.44
      59.327     0.996875       109571       320.00
      60.127     0.997266       109617       365.71
      60.831     0.997656       109657       426.67
      62.047     0.998047       109700       512.00
      62.783     0.998242       109721       568.89
      63.391     0.998437       109743       640.00
      63.967     0.998633       109764       731.43
      64.735     0.998828       109787       853.33
      65.343     0.999023       109807      1024.00
      65.855     0.999121       109818      1137.78
      66.495     0.999219       109831      1280.00
      66.751     0.999316       109840      1462.86
      67.327     0.999414       109851      1706.67
      67.711     0.999512       109861      2048.00
      68.159     0.999561       109866      2275.56
      68.479     0.999609       109872      2560.00
      68.863     0.999658       109877      2925.71
      69.055     0.999707       109883      3413.33
      69.247     0.999756       109888      4096.00
      69.439     0.999780       109890      4551.11
      69.695     0.999805       109893      5120.00
      69.951     0.999829       109896      5851.43
      70.335     0.999854       109899      6826.67
      70.975     0.999878       109901      8192.00
      71.167     0.999890       109902      9102.22
      71.359     0.999902       109904     10240.00
      71.679     0.999915       109905     11702.86
      71.999     0.999927       109906     13653.33
      72.127     0.999939       109908     16384.00
      72.127     0.999945       109908     18204.44
      72.383     0.999951       109909     20480.00
      73.087     0.999957       109910     23405.71
      73.087     0.999963       109910     27306.67
      73.215     0.999969       109912     32768.00
      73.215     0.999973       109912     36408.89
      73.215     0.999976       109912     40960.00
      73.215     0.999979       109912     46811.43
      73.215     0.999982       109912     54613.33
      89.471     0.999985       109913     65536.00
      89.471     0.999986       109913     72817.78
      89.471     0.999988       109913     81920.00
      89.471     0.999989       109913     93622.86
      89.471     0.999991       109913    109226.67
     104.575     0.999992       109914    131072.00
     104.575     1.000000       109914          inf
#[Mean    =       21.628, StdDeviation   =        9.916]
#[Max     =      104.512, Total count    =       109914]
#[Buckets =           27, SubBuckets     =         2048]
-----------------------------------------------------------------------
  131755 requests in 1.00m, 20.43MB read
Requests/sec:   2197.45  
Transfer/sec:    348.95KB

=== rps=2400 c=288 t=29 url=http://10.10.1.1:19076 ===
setup: assigned thread_id=1
init: final thread_id=1, base_seed=nil
setup: assigned thread_id=2
init: final thread_id=2, base_seed=nil
setup: assigned thread_id=3
init: final thread_id=3, base_seed=nil
setup: assigned thread_id=4
init: final thread_id=4, base_seed=nil
setup: assigned thread_id=5
init: final thread_id=5, base_seed=nil
setup: assigned thread_id=6
init: final thread_id=6, base_seed=nil
setup: assigned thread_id=7
init: final thread_id=7, base_seed=nil
setup: assigned thread_id=8
init: final thread_id=8, base_seed=nil
setup: assigned thread_id=9
init: final thread_id=9, base_seed=nil
setup: assigned thread_id=10
init: final thread_id=10, base_seed=nil
setup: assigned thread_id=11
init: final thread_id=11, base_seed=nil
setup: assigned thread_id=12
init: final thread_id=12, base_seed=nil
setup: assigned thread_id=13
init: final thread_id=13, base_seed=nil
setup: assigned thread_id=14
init: final thread_id=14, base_seed=nil
setup: assigned thread_id=15
init: final thread_id=15, base_seed=nil
setup: assigned thread_id=16
init: final thread_id=16, base_seed=nil
setup: assigned thread_id=17
init: final thread_id=17, base_seed=nil
setup: assigned thread_id=18
init: final thread_id=18, base_seed=nil
setup: assigned thread_id=19
init: final thread_id=19, base_seed=nil
setup: assigned thread_id=20
init: final thread_id=20, base_seed=nil
setup: assigned thread_id=21
init: final thread_id=21, base_seed=nil
setup: assigned thread_id=22
init: final thread_id=22, base_seed=nil
setup: assigned thread_id=23
init: final thread_id=23, base_seed=nil
setup: assigned thread_id=24
init: final thread_id=24, base_seed=nil
setup: assigned thread_id=25
init: final thread_id=25, base_seed=nil
setup: assigned thread_id=26
init: final thread_id=26, base_seed=nil
setup: assigned thread_id=27
init: final thread_id=27, base_seed=nil
setup: assigned thread_id=28
init: final thread_id=28, base_seed=nil
setup: assigned thread_id=29
init: final thread_id=29, base_seed=nil
script_want_response
Running 1m test @ http://10.10.1.1:19076
  29 threads and 288 connections

  Thread calibration: mean lat.: 32.588ms, rate sampling interval: 99ms
  Thread calibration: mean lat.: 37.200ms, rate sampling interval: 97ms
  Thread calibration: mean lat.: 34.741ms, rate sampling interval: 99ms
  Thread calibration: mean lat.: 35.693ms, rate sampling interval: 100ms
  Thread calibration: mean lat.: 32.649ms, rate sampling interval: 97ms
  Thread calibration: mean lat.: 35.121ms, rate sampling interval: 92ms
  Thread calibration: mean lat.: 29.910ms, rate sampling interval: 94ms
  Thread calibration: mean lat.: 28.075ms, rate sampling interval: 92ms
  Thread calibration: mean lat.: 28.532ms, rate sampling interval: 91ms
  Thread calibration: mean lat.: 22.676ms, rate sampling interval: 86ms
  Thread calibration: mean lat.: 20.133ms, rate sampling interval: 80ms
  Thread calibration: mean lat.: 15.504ms, rate sampling interval: 43ms
  Thread calibration: mean lat.: 15.552ms, rate sampling interval: 42ms
  Thread calibration: mean lat.: 16.082ms, rate sampling interval: 43ms
  Thread calibration: mean lat.: 16.004ms, rate sampling interval: 43ms
  Thread calibration: mean lat.: 16.481ms, rate sampling interval: 46ms
  Thread calibration: mean lat.: 16.488ms, rate sampling interval: 45ms
  Thread calibration: mean lat.: 18.082ms, rate sampling interval: 57ms
  Thread calibration: mean lat.: 29.006ms, rate sampling interval: 96ms
  Thread calibration: mean lat.: 31.283ms, rate sampling interval: 97ms
  Thread calibration: mean lat.: 32.821ms, rate sampling interval: 98ms
  Thread calibration: mean lat.: 34.895ms, rate sampling interval: 99ms
  Thread calibration: mean lat.: 36.633ms, rate sampling interval: 100ms
  Thread calibration: mean lat.: 37.477ms, rate sampling interval: 101ms
  Thread calibration: mean lat.: 35.861ms, rate sampling interval: 99ms
  Thread calibration: mean lat.: 36.893ms, rate sampling interval: 97ms
  Thread calibration: mean lat.: 33.087ms, rate sampling interval: 94ms
  Thread calibration: mean lat.: 30.780ms, rate sampling interval: 92ms
  Thread calibration: mean lat.: 28.411ms, rate sampling interval: 89ms

-----------------------------------------------------------------------
Test Results @ http://10.10.1.1:19076 
  Thread Stats   Avg      Stdev     99%   +/- Stdev
    Latency    29.00ms   14.11ms  62.59ms   60.87%
    Req/Sec    82.11     40.86   170.00     73.10%
  Latency Distribution (HdrHistogram - Recorded Latency)
 50.000%   27.87ms
 75.000%   40.16ms
 90.000%   47.84ms
 99.000%   62.59ms
 99.900%   70.27ms
 99.990%   92.99ms
 99.999%  100.35ms
100.000%  101.89ms

  Detailed Percentile spectrum:
       Value   Percentile   TotalCount 1/(1-Percentile)

       7.179     0.000000            1         1.00
      11.727     0.100000        11891         1.11
      14.607     0.200000        23768         1.25
      17.695     0.300000        35668         1.43
      21.999     0.400000        47526         1.67
      27.871     0.500000        59411         2.00
      30.959     0.550000        65366         2.22
      33.663     0.600000        71301         2.50
      36.063     0.650000        77297         2.86
      38.143     0.700000        83169         3.33
      40.159     0.750000        89101         4.00
      41.215     0.775000        92104         4.44
      42.271     0.800000        95056         5.00
      43.423     0.825000        98026         5.71
      44.671     0.850000       100988         6.67
      46.111     0.875000       103951         8.00
      46.911     0.887500       105442         8.89
      47.839     0.900000       106922        10.00
      48.863     0.912500       108430        11.43
      49.951     0.925000       109890        13.33
      51.231     0.937500       111401        16.00
      51.935     0.943750       112125        17.78
      52.703     0.950000       112854        20.00
      53.567     0.956250       113607        22.86
      54.527     0.962500       114361        26.67
      55.743     0.968750       115091        32.00
      56.415     0.971875       115457        35.56
      57.183     0.975000       115832        40.00
      57.951     0.978125       116195        45.71
      58.911     0.981250       116575        53.33
      59.999     0.984375       116938        64.00
      60.639     0.985938       117125        71.11
      61.439     0.987500       117315        80.00
      62.111     0.989062       117494        91.43
      62.879     0.990625       117679       106.67
      63.679     0.992188       117864       128.00
      64.127     0.992969       117960       142.22
      64.703     0.993750       118050       160.00
      65.183     0.994531       118148       182.86
      65.727     0.995313       118236       213.33
      66.367     0.996094       118333       256.00
      66.687     0.996484       118384       284.44
      67.007     0.996875       118425       320.00
      67.391     0.997266       118468       365.71
      67.839     0.997656       118514       426.67
      68.287     0.998047       118560       512.00
      68.671     0.998242       118584       568.89
      68.927     0.998437       118610       640.00
      69.375     0.998633       118630       731.43
      69.695     0.998828       118657       853.33
      70.271     0.999023       118676      1024.00
      70.655     0.999121       118690      1137.78
      70.911     0.999219       118700      1280.00
      71.359     0.999316       118712      1462.86
      71.743     0.999414       118723      1706.67
      72.511     0.999512       118734      2048.00
      73.151     0.999561       118742      2275.56
      73.855     0.999609       118746      2560.00
      74.175     0.999658       118752      2925.71
      75.263     0.999707       118758      3413.33
      76.415     0.999756       118763      4096.00
      78.591     0.999780       118766      4551.11
      79.871     0.999805       118769      5120.00
      84.863     0.999829       118772      5851.43
      86.271     0.999854       118775      6826.67
      88.959     0.999878       118778      8192.00
      90.559     0.999890       118779      9102.22
      93.311     0.999902       118781     10240.00
      93.951     0.999915       118782     11702.86
      95.679     0.999927       118784     13653.33
      96.895     0.999939       118785     16384.00
      96.959     0.999945       118786     18204.44
      97.215     0.999951       118787     20480.00
      97.215     0.999957       118787     23405.71
      97.855     0.999963       118788     27306.67
      98.431     0.999969       118789     32768.00
      98.431     0.999973       118789     36408.89
      99.647     0.999976       118790     40960.00
      99.647     0.999979       118790     46811.43
      99.647     0.999982       118790     54613.33
     100.351     0.999985       118791     65536.00
     100.351     0.999986       118791     72817.78
     100.351     0.999988       118791     81920.00
     100.351     0.999989       118791     93622.86
     100.351     0.999991       118791    109226.67
     101.887     0.999992       118792    131072.00
     101.887     1.000000       118792          inf
#[Mean    =       29.002, StdDeviation   =       14.108]
#[Max     =      101.824, Total count    =       118792]
#[Buckets =           27, SubBuckets     =         2048]
-----------------------------------------------------------------------
  142185 requests in 1.00m, 22.05MB read
Requests/sec:   2371.84  
Transfer/sec:    376.65KB

=== rps=2600 c=338 t=34 url=http://10.10.1.1:19076 ===
setup: assigned thread_id=1
init: final thread_id=1, base_seed=nil
setup: assigned thread_id=2
init: final thread_id=2, base_seed=nil
setup: assigned thread_id=3
init: final thread_id=3, base_seed=nil
setup: assigned thread_id=4
init: final thread_id=4, base_seed=nil
setup: assigned thread_id=5
init: final thread_id=5, base_seed=nil
setup: assigned thread_id=6
init: final thread_id=6, base_seed=nil
setup: assigned thread_id=7
init: final thread_id=7, base_seed=nil
setup: assigned thread_id=8
init: final thread_id=8, base_seed=nil
setup: assigned thread_id=9
init: final thread_id=9, base_seed=nil
setup: assigned thread_id=10
init: final thread_id=10, base_seed=nil
setup: assigned thread_id=11
init: final thread_id=11, base_seed=nil
setup: assigned thread_id=12
init: final thread_id=12, base_seed=nil
setup: assigned thread_id=13
init: final thread_id=13, base_seed=nil
setup: assigned thread_id=14
init: final thread_id=14, base_seed=nil
setup: assigned thread_id=15
init: final thread_id=15, base_seed=nil
setup: assigned thread_id=16
init: final thread_id=16, base_seed=nil
setup: assigned thread_id=17
init: final thread_id=17, base_seed=nil
setup: assigned thread_id=18
init: final thread_id=18, base_seed=nil
setup: assigned thread_id=19
init: final thread_id=19, base_seed=nil
setup: assigned thread_id=20
init: final thread_id=20, base_seed=nil
setup: assigned thread_id=21
init: final thread_id=21, base_seed=nil
setup: assigned thread_id=22
init: final thread_id=22, base_seed=nil
setup: assigned thread_id=23
init: final thread_id=23, base_seed=nil
setup: assigned thread_id=24
init: final thread_id=24, base_seed=nil
setup: assigned thread_id=25
init: final thread_id=25, base_seed=nil
setup: assigned thread_id=26
init: final thread_id=26, base_seed=nil
setup: assigned thread_id=27
init: final thread_id=27, base_seed=nil
setup: assigned thread_id=28
init: final thread_id=28, base_seed=nil
setup: assigned thread_id=29
init: final thread_id=29, base_seed=nil
setup: assigned thread_id=30
init: final thread_id=30, base_seed=nil
setup: assigned thread_id=31
init: final thread_id=31, base_seed=nil
setup: assigned thread_id=32
init: final thread_id=32, base_seed=nil
setup: assigned thread_id=33
init: final thread_id=33, base_seed=nil
setup: assigned thread_id=34
init: final thread_id=34, base_seed=nil
script_want_response
Running 1m test @ http://10.10.1.1:19076
  34 threads and 338 connections

  Thread calibration: mean lat.: 35.168ms, rate sampling interval: 96ms
  Thread calibration: mean lat.: 37.124ms, rate sampling interval: 97ms
  Thread calibration: mean lat.: 35.355ms, rate sampling interval: 97ms
  Thread calibration: mean lat.: 35.374ms, rate sampling interval: 95ms
  Thread calibration: mean lat.: 30.810ms, rate sampling interval: 92ms
  Thread calibration: mean lat.: 28.666ms, rate sampling interval: 91ms
  Thread calibration: mean lat.: 28.354ms, rate sampling interval: 89ms
  Thread calibration: mean lat.: 23.882ms, rate sampling interval: 82ms
  Thread calibration: mean lat.: 21.730ms, rate sampling interval: 77ms
  Thread calibration: mean lat.: 21.790ms, rate sampling interval: 74ms
  Thread calibration: mean lat.: 19.340ms, rate sampling interval: 63ms
  Thread calibration: mean lat.: 15.256ms, rate sampling interval: 42ms
  Thread calibration: mean lat.: 15.146ms, rate sampling interval: 41ms
  Thread calibration: mean lat.: 15.039ms, rate sampling interval: 42ms
  Thread calibration: mean lat.: 15.474ms, rate sampling interval: 44ms
  Thread calibration: mean lat.: 22.896ms, rate sampling interval: 76ms
  Thread calibration: mean lat.: 25.263ms, rate sampling interval: 85ms
  Thread calibration: mean lat.: 28.264ms, rate sampling interval: 90ms
  Thread calibration: mean lat.: 29.517ms, rate sampling interval: 92ms
  Thread calibration: mean lat.: 31.974ms, rate sampling interval: 94ms
  Thread calibration: mean lat.: 33.886ms, rate sampling interval: 97ms
  Thread calibration: mean lat.: 35.024ms, rate sampling interval: 96ms
  Thread calibration: mean lat.: 35.452ms, rate sampling interval: 97ms
  Thread calibration: mean lat.: 35.719ms, rate sampling interval: 96ms
  Thread calibration: mean lat.: 32.763ms, rate sampling interval: 93ms
  Thread calibration: mean lat.: 31.233ms, rate sampling interval: 91ms
  Thread calibration: mean lat.: 27.308ms, rate sampling interval: 85ms
  Thread calibration: mean lat.: 25.185ms, rate sampling interval: 80ms
  Thread calibration: mean lat.: 23.054ms, rate sampling interval: 73ms
  Thread calibration: mean lat.: 9.797ms, rate sampling interval: 24ms
  Thread calibration: mean lat.: 10.010ms, rate sampling interval: 25ms
  Thread calibration: mean lat.: 17.130ms, rate sampling interval: 52ms
  Thread calibration: mean lat.: 10.031ms, rate sampling interval: 25ms
  Thread calibration: mean lat.: 16.285ms, rate sampling interval: 51ms

-----------------------------------------------------------------------
Test Results @ http://10.10.1.1:19076 
  Thread Stats   Avg      Stdev     99%   +/- Stdev
    Latency    26.76ms   14.43ms  62.97ms   62.27%
    Req/Sec    76.43     80.52   375.00     90.69%
  Latency Distribution (HdrHistogram - Recorded Latency)
 50.000%   23.87ms
 75.000%   37.63ms
 90.000%   47.13ms
 99.000%   62.97ms
 99.900%   81.60ms
 99.990%  108.35ms
 99.999%  119.49ms
100.000%  130.30ms

  Detailed Percentile spectrum:
       Value   Percentile   TotalCount 1/(1-Percentile)

       6.943     0.000000            1         1.00
       9.943     0.100000        12937         1.11
      12.743     0.200000        25797         1.25
      16.047     0.300000        38666         1.43
      19.567     0.400000        51596         1.67
      23.871     0.500000        64446         2.00
      26.287     0.550000        70915         2.22
      28.911     0.600000        77356         2.50
      31.695     0.650000        83808         2.86
      34.591     0.700000        90227         3.33
      37.631     0.750000        96690         4.00
      39.167     0.775000        99894         4.44
      40.639     0.800000       103149         5.00
      42.175     0.825000       106351         5.71
      43.711     0.850000       109585         6.67
      45.343     0.875000       112801         8.00
      46.207     0.887500       114421         8.89
      47.135     0.900000       116039        10.00
      48.159     0.912500       117626        11.43
      49.279     0.925000       119220        13.33
      50.559     0.937500       120841        16.00
      51.295     0.943750       121653        17.78
      52.063     0.950000       122446        20.00
      52.959     0.956250       123250        22.86
      54.015     0.962500       124069        26.67
      55.199     0.968750       124861        32.00
      55.903     0.971875       125271        35.56
      56.703     0.975000       125673        40.00
      57.567     0.978125       126067        45.71
      58.623     0.981250       126474        53.33
      59.903     0.984375       126873        64.00
      60.703     0.985938       127082        71.11
      61.503     0.987500       127285        80.00
      62.399     0.989062       127483        91.43
      63.391     0.990625       127679       106.67
      64.927     0.992188       127881       128.00
      65.599     0.992969       127983       142.22
      66.495     0.993750       128081       160.00
      67.391     0.994531       128183       182.86
      68.863     0.995313       128289       213.33
      70.527     0.996094       128385       256.00
      71.743     0.996484       128434       284.44
      72.831     0.996875       128487       320.00
      73.663     0.997266       128534       365.71
      74.815     0.997656       128584       426.67
      76.095     0.998047       128635       512.00
      76.799     0.998242       128661       568.89
      77.375     0.998437       128685       640.00
      78.527     0.998633       128710       731.43
      79.935     0.998828       128735       853.33
      82.175     0.999023       128762      1024.00
      84.287     0.999121       128773      1137.78
      88.831     0.999219       128786      1280.00
      90.687     0.999316       128798      1462.86
      92.287     0.999414       128811      1706.67
      94.527     0.999512       128824      2048.00
      94.847     0.999561       128831      2275.56
      95.551     0.999609       128836      2560.00
      95.871     0.999658       128843      2925.71
      96.255     0.999707       128849      3413.33
      96.511     0.999756       128855      4096.00
      97.151     0.999780       128858      4551.11
      97.279     0.999805       128861      5120.00
      97.471     0.999829       128864      5851.43
      97.855     0.999854       128868      6826.67
     107.135     0.999878       128871      8192.00
     108.223     0.999890       128872      9102.22
     108.735     0.999902       128874     10240.00
     109.311     0.999915       128875     11702.86
     109.695     0.999927       128877     13653.33
     109.823     0.999939       128879     16384.00
     109.823     0.999945       128879     18204.44
     110.975     0.999951       128880     20480.00
     117.631     0.999957       128881     23405.71
     118.335     0.999963       128882     27306.67
     119.231     0.999969       128884     32768.00
     119.231     0.999973       128884     36408.89
     119.231     0.999976       128884     40960.00
     119.231     0.999979       128884     46811.43
     119.231     0.999982       128884     54613.33
     119.487     0.999985       128885     65536.00
     119.487     0.999986       128885     72817.78
     119.487     0.999988       128885     81920.00
     119.487     0.999989       128885     93622.86
     119.487     0.999991       128885    109226.67
     130.303     0.999992       128886    131072.00
     130.303     1.000000       128886          inf
#[Mean    =       26.758, StdDeviation   =       14.427]
#[Max     =      130.240, Total count    =       128886]
#[Buckets =           27, SubBuckets     =         2048]
-----------------------------------------------------------------------
  154326 requests in 1.00m, 23.94MB read
Requests/sec:   2576.22  
Transfer/sec:    409.16KB

=== rps=2800 c=392 t=40 url=http://10.10.1.1:19076 ===
setup: assigned thread_id=1
init: final thread_id=1, base_seed=nil
setup: assigned thread_id=2
init: final thread_id=2, base_seed=nil
setup: assigned thread_id=3
init: final thread_id=3, base_seed=nil
setup: assigned thread_id=4
init: final thread_id=4, base_seed=nil
setup: assigned thread_id=5
init: final thread_id=5, base_seed=nil
setup: assigned thread_id=6
init: final thread_id=6, base_seed=nil
setup: assigned thread_id=7
init: final thread_id=7, base_seed=nil
setup: assigned thread_id=8
init: final thread_id=8, base_seed=nil
setup: assigned thread_id=9
init: final thread_id=9, base_seed=nil
setup: assigned thread_id=10
init: final thread_id=10, base_seed=nil
setup: assigned thread_id=11
init: final thread_id=11, base_seed=nil
setup: assigned thread_id=12
init: final thread_id=12, base_seed=nil
setup: assigned thread_id=13
init: final thread_id=13, base_seed=nil
setup: assigned thread_id=14
init: final thread_id=14, base_seed=nil
setup: assigned thread_id=15
init: final thread_id=15, base_seed=nil
setup: assigned thread_id=16
init: final thread_id=16, base_seed=nil
setup: assigned thread_id=17
init: final thread_id=17, base_seed=nil
setup: assigned thread_id=18
init: final thread_id=18, base_seed=nil
setup: assigned thread_id=19
init: final thread_id=19, base_seed=nil
setup: assigned thread_id=20
init: final thread_id=20, base_seed=nil
setup: assigned thread_id=21
init: final thread_id=21, base_seed=nil
setup: assigned thread_id=22
init: final thread_id=22, base_seed=nil
setup: assigned thread_id=23
init: final thread_id=23, base_seed=nil
setup: assigned thread_id=24
init: final thread_id=24, base_seed=nil
setup: assigned thread_id=25
init: final thread_id=25, base_seed=nil
setup: assigned thread_id=26
init: final thread_id=26, base_seed=nil
setup: assigned thread_id=27
init: final thread_id=27, base_seed=nil
setup: assigned thread_id=28
init: final thread_id=28, base_seed=nil
setup: assigned thread_id=29
init: final thread_id=29, base_seed=nil
setup: assigned thread_id=30
init: final thread_id=30, base_seed=nil
setup: assigned thread_id=31
init: final thread_id=31, base_seed=nil
setup: assigned thread_id=32
init: final thread_id=32, base_seed=nil
setup: assigned thread_id=33
init: final thread_id=33, base_seed=nil
setup: assigned thread_id=34
init: final thread_id=34, base_seed=nil
setup: assigned thread_id=35
init: final thread_id=35, base_seed=nil
setup: assigned thread_id=36
init: final thread_id=36, base_seed=nil
setup: assigned thread_id=37
init: final thread_id=37, base_seed=nil
setup: assigned thread_id=38
init: final thread_id=38, base_seed=nil
setup: assigned thread_id=39
init: final thread_id=39, base_seed=nil
setup: assigned thread_id=40
init: final thread_id=40, base_seed=nil
script_want_response
Running 1m test @ http://10.10.1.1:19076
  40 threads and 392 connections

  Thread calibration: mean lat.: 38.248ms, rate sampling interval: 122ms
  Thread calibration: mean lat.: 42.102ms, rate sampling interval: 125ms
  Thread calibration: mean lat.: 44.132ms, rate sampling interval: 124ms
  Thread calibration: mean lat.: 46.338ms, rate sampling interval: 125ms
  Thread calibration: mean lat.: 48.066ms, rate sampling interval: 126ms
  Thread calibration: mean lat.: 47.697ms, rate sampling interval: 123ms
  Thread calibration: mean lat.: 48.813ms, rate sampling interval: 123ms
  Thread calibration: mean lat.: 48.572ms, rate sampling interval: 121ms
  Thread calibration: mean lat.: 47.304ms, rate sampling interval: 119ms
  Thread calibration: mean lat.: 47.343ms, rate sampling interval: 119ms
  Thread calibration: mean lat.: 38.631ms, rate sampling interval: 107ms
  Thread calibration: mean lat.: 35.996ms, rate sampling interval: 105ms
  Thread calibration: mean lat.: 31.606ms, rate sampling interval: 101ms
  Thread calibration: mean lat.: 31.358ms, rate sampling interval: 99ms
  Thread calibration: mean lat.: 27.522ms, rate sampling interval: 91ms
  Thread calibration: mean lat.: 25.426ms, rate sampling interval: 85ms
  Thread calibration: mean lat.: 28.052ms, rate sampling interval: 81ms
  Thread calibration: mean lat.: 29.014ms, rate sampling interval: 81ms
  Thread calibration: mean lat.: 29.914ms, rate sampling interval: 81ms
  Thread calibration: mean lat.: 30.278ms, rate sampling interval: 79ms
  Thread calibration: mean lat.: 30.887ms, rate sampling interval: 79ms
  Thread calibration: mean lat.: 31.098ms, rate sampling interval: 80ms
  Thread calibration: mean lat.: 29.706ms, rate sampling interval: 78ms
  Thread calibration: mean lat.: 29.204ms, rate sampling interval: 79ms
  Thread calibration: mean lat.: 28.436ms, rate sampling interval: 78ms
  Thread calibration: mean lat.: 28.664ms, rate sampling interval: 78ms
  Thread calibration: mean lat.: 28.850ms, rate sampling interval: 81ms
  Thread calibration: mean lat.: 29.145ms, rate sampling interval: 82ms
  Thread calibration: mean lat.: 29.844ms, rate sampling interval: 97ms
  Thread calibration: mean lat.: 43.623ms, rate sampling interval: 126ms
  Thread calibration: mean lat.: 45.337ms, rate sampling interval: 124ms
  Thread calibration: mean lat.: 48.834ms, rate sampling interval: 128ms
  Thread calibration: mean lat.: 50.469ms, rate sampling interval: 129ms
  Thread calibration: mean lat.: 51.486ms, rate sampling interval: 129ms
  Thread calibration: mean lat.: 51.658ms, rate sampling interval: 129ms
  Thread calibration: mean lat.: 52.319ms, rate sampling interval: 131ms
  Thread calibration: mean lat.: 52.522ms, rate sampling interval: 134ms
  Thread calibration: mean lat.: 53.162ms, rate sampling interval: 137ms
  Thread calibration: mean lat.: 52.361ms, rate sampling interval: 135ms
  Thread calibration: mean lat.: 52.449ms, rate sampling interval: 133ms

-----------------------------------------------------------------------
Test Results @ http://10.10.1.1:19076 
  Thread Stats   Avg      Stdev     99%   +/- Stdev
    Latency    48.68ms   38.06ms 188.80ms   89.62%
    Req/Sec    69.78     32.16   116.00     67.50%
  Latency Distribution (HdrHistogram - Recorded Latency)
 50.000%   40.51ms
 75.000%   54.91ms
 90.000%   84.54ms
 99.000%  188.80ms
 99.900%  410.88ms
 99.990%  551.42ms
 99.999%  600.06ms
100.000%  601.09ms

  Detailed Percentile spectrum:
       Value   Percentile   TotalCount 1/(1-Percentile)

       8.135     0.000000            1         1.00
      18.783     0.100000        13969         1.11
      24.655     0.200000        27913         1.25
      30.063     0.300000        41912         1.43
      35.391     0.400000        55914         1.67
      40.511     0.500000        69787         2.00
      42.975     0.550000        76791         2.22
      45.567     0.600000        83787         2.50
      48.351     0.650000        90752         2.86
      51.391     0.700000        97736         3.33
      54.911     0.750000       104701         4.00
      56.831     0.775000       108199         4.44
      58.943     0.800000       111703         5.00
      61.311     0.825000       115139         5.71
      64.575     0.850000       118641         6.67
      70.271     0.875000       122118         8.00
      75.903     0.887500       123869         8.89
      84.543     0.900000       125603        10.00
      98.111     0.912500       127342        11.43
     109.759     0.925000       129090        13.33
     117.695     0.937500       130830        16.00
     121.279     0.943750       131708        17.78
     125.119     0.950000       132583        20.00
     129.471     0.956250       133451        22.86
     135.039     0.962500       134324        26.67
     143.103     0.968750       135198        32.00
     147.711     0.971875       135628        35.56
     153.599     0.975000       136076        40.00
     158.207     0.978125       136504        45.71
     161.791     0.981250       136941        53.33
     171.903     0.984375       137375        64.00
     177.151     0.985938       137595        71.11
     181.375     0.987500       137811        80.00
     185.727     0.989062       138029        91.43
     190.847     0.990625       138246       106.67
     195.583     0.992188       138462       128.00
     198.271     0.992969       138573       142.22
     200.831     0.993750       138682       160.00
     204.799     0.994531       138790       182.86
     208.255     0.995313       138898       213.33
     224.767     0.996094       139007       256.00
     243.711     0.996484       139062       284.44
     265.983     0.996875       139116       320.00
     293.631     0.997266       139171       365.71
     305.919     0.997656       139225       426.67
     339.455     0.998047       139280       512.00
     347.135     0.998242       139307       568.89
     364.031     0.998437       139335       640.00
     384.767     0.998633       139364       731.43
     400.639     0.998828       139390       853.33
     421.119     0.999023       139416      1024.00
     426.751     0.999121       139431      1137.78
     455.167     0.999219       139443      1280.00
     464.127     0.999316       139457      1462.86
     467.711     0.999414       139471      1706.67
     472.575     0.999512       139484      2048.00
     491.007     0.999561       139491      2275.56
     502.783     0.999609       139498      2560.00
     511.487     0.999658       139505      2925.71
     514.559     0.999707       139512      3413.33
     521.727     0.999756       139518      4096.00
     526.335     0.999780       139522      4551.11
     526.847     0.999805       139525      5120.00
     533.503     0.999829       139529      5851.43
     534.015     0.999854       139532      6826.67
     541.695     0.999878       139535      8192.00
     550.399     0.999890       139537      9102.22
     552.447     0.999902       139539     10240.00
     575.999     0.999915       139541     11702.86
     580.607     0.999927       139542     13653.33
     582.143     0.999939       139544     16384.00
     584.703     0.999945       139545     18204.44
     586.751     0.999951       139546     20480.00
     587.263     0.999957       139547     23405.71
     587.263     0.999963       139547     27306.67
     588.287     0.999969       139548     32768.00
     597.503     0.999973       139549     36408.89
     597.503     0.999976       139549     40960.00
     599.551     0.999979       139550     46811.43
     599.551     0.999982       139550     54613.33
     599.551     0.999985       139550     65536.00
     600.063     0.999986       139551     72817.78
     600.063     0.999988       139551     81920.00
     600.063     0.999989       139551     93622.86
     600.063     0.999991       139551    109226.67
     600.063     0.999992       139551    131072.00
     601.087     0.999993       139552    145635.56
     601.087     1.000000       139552          inf
#[Mean    =       48.679, StdDeviation   =       38.055]
#[Max     =      600.576, Total count    =       139552]
#[Buckets =           27, SubBuckets     =         2048]
-----------------------------------------------------------------------
  167299 requests in 1.00m, 25.94MB read
Requests/sec:   2790.48  
Transfer/sec:    443.10KB

=== rps=3000 c=450 t=45 url=http://10.10.1.1:19076 ===
setup: assigned thread_id=1
init: final thread_id=1, base_seed=nil
setup: assigned thread_id=2
init: final thread_id=2, base_seed=nil
setup: assigned thread_id=3
init: final thread_id=3, base_seed=nil
setup: assigned thread_id=4
init: final thread_id=4, base_seed=nil
setup: assigned thread_id=5
init: final thread_id=5, base_seed=nil
setup: assigned thread_id=6
init: final thread_id=6, base_seed=nil
setup: assigned thread_id=7
init: final thread_id=7, base_seed=nil
setup: assigned thread_id=8
init: final thread_id=8, base_seed=nil
setup: assigned thread_id=9
init: final thread_id=9, base_seed=nil
setup: assigned thread_id=10
init: final thread_id=10, base_seed=nil
setup: assigned thread_id=11
init: final thread_id=11, base_seed=nil
setup: assigned thread_id=12
init: final thread_id=12, base_seed=nil
setup: assigned thread_id=13
init: final thread_id=13, base_seed=nil
setup: assigned thread_id=14
init: final thread_id=14, base_seed=nil
setup: assigned thread_id=15
init: final thread_id=15, base_seed=nil
setup: assigned thread_id=16
init: final thread_id=16, base_seed=nil
setup: assigned thread_id=17
init: final thread_id=17, base_seed=nil
setup: assigned thread_id=18
init: final thread_id=18, base_seed=nil
setup: assigned thread_id=19
init: final thread_id=19, base_seed=nil
setup: assigned thread_id=20
init: final thread_id=20, base_seed=nil
setup: assigned thread_id=21
init: final thread_id=21, base_seed=nil
setup: assigned thread_id=22
init: final thread_id=22, base_seed=nil
setup: assigned thread_id=23
init: final thread_id=23, base_seed=nil
setup: assigned thread_id=24
init: final thread_id=24, base_seed=nil
setup: assigned thread_id=25
init: final thread_id=25, base_seed=nil
setup: assigned thread_id=26
init: final thread_id=26, base_seed=nil
setup: assigned thread_id=27
init: final thread_id=27, base_seed=nil
setup: assigned thread_id=28
init: final thread_id=28, base_seed=nil
setup: assigned thread_id=29
init: final thread_id=29, base_seed=nil
setup: assigned thread_id=30
init: final thread_id=30, base_seed=nil
setup: assigned thread_id=31
init: final thread_id=31, base_seed=nil
setup: assigned thread_id=32
init: final thread_id=32, base_seed=nil
setup: assigned thread_id=33
init: final thread_id=33, base_seed=nil
setup: assigned thread_id=34
init: final thread_id=34, base_seed=nil
setup: assigned thread_id=35
init: final thread_id=35, base_seed=nil
setup: assigned thread_id=36
init: final thread_id=36, base_seed=nil
setup: assigned thread_id=37
init: final thread_id=37, base_seed=nil
setup: assigned thread_id=38
init: final thread_id=38, base_seed=nil
setup: assigned thread_id=39
init: final thread_id=39, base_seed=nil
setup: assigned thread_id=40
init: final thread_id=40, base_seed=nil
setup: assigned thread_id=41
init: final thread_id=41, base_seed=nil
setup: assigned thread_id=42
init: final thread_id=42, base_seed=nil
setup: assigned thread_id=43
init: final thread_id=43, base_seed=nil
setup: assigned thread_id=44
init: final thread_id=44, base_seed=nil
setup: assigned thread_id=45
init: final thread_id=45, base_seed=nil
script_want_response
Running 1m test @ http://10.10.1.1:19076
  45 threads and 450 connections

  Thread calibration: mean lat.: 126.795ms, rate sampling interval: 408ms
  Thread calibration: mean lat.: 126.008ms, rate sampling interval: 410ms
  Thread calibration: mean lat.: 127.154ms, rate sampling interval: 412ms
  Thread calibration: mean lat.: 130.737ms, rate sampling interval: 415ms
  Thread calibration: mean lat.: 132.640ms, rate sampling interval: 415ms
  Thread calibration: mean lat.: 135.655ms, rate sampling interval: 425ms
  Thread calibration: mean lat.: 134.541ms, rate sampling interval: 423ms
  Thread calibration: mean lat.: 139.086ms, rate sampling interval: 432ms
  Thread calibration: mean lat.: 140.519ms, rate sampling interval: 437ms
  Thread calibration: mean lat.: 139.817ms, rate sampling interval: 435ms
  Thread calibration: mean lat.: 125.180ms, rate sampling interval: 412ms
  Thread calibration: mean lat.: 122.174ms, rate sampling interval: 405ms
  Thread calibration: mean lat.: 115.427ms, rate sampling interval: 374ms
  Thread calibration: mean lat.: 114.950ms, rate sampling interval: 377ms
  Thread calibration: mean lat.: 112.510ms, rate sampling interval: 370ms
  Thread calibration: mean lat.: 106.541ms, rate sampling interval: 357ms
  Thread calibration: mean lat.: 105.350ms, rate sampling interval: 355ms
  Thread calibration: mean lat.: 104.394ms, rate sampling interval: 350ms
  Thread calibration: mean lat.: 104.509ms, rate sampling interval: 350ms
  Thread calibration: mean lat.: 106.973ms, rate sampling interval: 356ms
  Thread calibration: mean lat.: 109.773ms, rate sampling interval: 360ms
  Thread calibration: mean lat.: 109.797ms, rate sampling interval: 358ms
  Thread calibration: mean lat.: 113.396ms, rate sampling interval: 378ms
  Thread calibration: mean lat.: 115.846ms, rate sampling interval: 386ms
  Thread calibration: mean lat.: 119.099ms, rate sampling interval: 391ms
  Thread calibration: mean lat.: 120.668ms, rate sampling interval: 391ms
  Thread calibration: mean lat.: 125.623ms, rate sampling interval: 399ms
  Thread calibration: mean lat.: 128.331ms, rate sampling interval: 393ms
  Thread calibration: mean lat.: 129.831ms, rate sampling interval: 393ms
  Thread calibration: mean lat.: 129.665ms, rate sampling interval: 388ms
  Thread calibration: mean lat.: 130.661ms, rate sampling interval: 388ms
  Thread calibration: mean lat.: 133.611ms, rate sampling interval: 389ms
  Thread calibration: mean lat.: 130.113ms, rate sampling interval: 387ms
  Thread calibration: mean lat.: 131.092ms, rate sampling interval: 383ms
  Thread calibration: mean lat.: 131.992ms, rate sampling interval: 384ms
  Thread calibration: mean lat.: 132.412ms, rate sampling interval: 389ms
  Thread calibration: mean lat.: 127.699ms, rate sampling interval: 379ms
  Thread calibration: mean lat.: 127.566ms, rate sampling interval: 377ms
  Thread calibration: mean lat.: 129.976ms, rate sampling interval: 380ms
  Thread calibration: mean lat.: 126.275ms, rate sampling interval: 374ms
  Thread calibration: mean lat.: 130.629ms, rate sampling interval: 385ms
  Thread calibration: mean lat.: 137.015ms, rate sampling interval: 443ms
  Thread calibration: mean lat.: 135.733ms, rate sampling interval: 399ms
  Thread calibration: mean lat.: 132.665ms, rate sampling interval: 419ms
  Thread calibration: mean lat.: 131.766ms, rate sampling interval: 388ms

-----------------------------------------------------------------------
Test Results @ http://10.10.1.1:19076 
  Thread Stats   Avg      Stdev     99%   +/- Stdev
    Latency   122.04ms  112.73ms 476.67ms   86.75%
    Req/Sec    65.68     10.87    86.00     66.73%
  Latency Distribution (HdrHistogram - Recorded Latency)
 50.000%   82.75ms
 75.000%  151.93ms
 90.000%  301.05ms
 99.000%  476.67ms
 99.900%  512.51ms
 99.990%  524.29ms
 99.999%  557.57ms
100.000%  561.15ms

  Detailed Percentile spectrum:
       Value   Percentile   TotalCount 1/(1-Percentile)

       8.143     0.000000            1         1.00
      24.511     0.100000        14845         1.11
      37.983     0.200000        29695         1.25
      50.079     0.300000        44546         1.43
      63.903     0.400000        59348         1.67
      82.751     0.500000        74209         2.00
      97.151     0.550000        81623         2.22
     111.039     0.600000        89049         2.50
     124.159     0.650000        96446         2.86
     137.215     0.700000       103891         3.33
     151.935     0.750000       111294         4.00
     160.511     0.775000       115005         4.44
     171.263     0.800000       118718         5.00
     187.647     0.825000       122408         5.71
     212.607     0.850000       126123         6.67
     244.095     0.875000       129826         8.00
     266.495     0.887500       131677         8.89
     301.055     0.900000       133535        10.00
     339.455     0.912500       135404        11.43
     364.543     0.925000       137271        13.33
     388.607     0.937500       139101        16.00
     400.383     0.943750       140057        17.78
     409.855     0.950000       140975        20.00
     416.511     0.956250       141900        22.86
     422.911     0.962500       142815        26.67
     430.847     0.968750       143730        32.00
     435.711     0.971875       144213        35.56
     441.855     0.975000       144669        40.00
     449.023     0.978125       145127        45.71
     456.191     0.981250       145595        53.33
     463.103     0.984375       146057        64.00
     466.175     0.985938       146291        71.11
     469.759     0.987500       146522        80.00
     474.111     0.989062       146750        91.43
     478.207     0.990625       146976       106.67
     483.071     0.992188       147211       128.00
     485.631     0.992969       147331       142.22
     488.191     0.993750       147446       160.00
     490.751     0.994531       147565       182.86
     492.799     0.995313       147673       213.33
     495.103     0.996094       147795       256.00
     496.639     0.996484       147847       284.44
     498.431     0.996875       147908       320.00
     499.967     0.997266       147965       365.71
     501.247     0.997656       148019       426.67
     503.551     0.998047       148076       512.00
     505.343     0.998242       148112       568.89
     506.623     0.998437       148134       640.00
     509.183     0.998633       148163       731.43
     511.231     0.998828       148194       853.33
     513.023     0.999023       148222      1024.00
     514.047     0.999121       148237      1137.78
     514.815     0.999219       148251      1280.00
     515.583     0.999316       148270      1462.86
     516.095     0.999414       148279      1706.67
     517.119     0.999512       148295      2048.00
     517.631     0.999561       148304      2275.56
     518.143     0.999609       148308      2560.00
     519.167     0.999658       148317      2925.71
     520.191     0.999707       148323      3413.33
     521.215     0.999756       148330      4096.00
     521.983     0.999780       148335      4551.11
     522.495     0.999805       148340      5120.00
     522.495     0.999829       148340      5851.43
     523.263     0.999854       148344      6826.67
     523.775     0.999878       148347      8192.00
     524.031     0.999890       148349      9102.22
     524.287     0.999902       148351     10240.00
     525.823     0.999915       148353     11702.86
     526.335     0.999927       148355     13653.33
     526.847     0.999939       148356     16384.00
     527.871     0.999945       148357     18204.44
     528.383     0.999951       148358     20480.00
     530.431     0.999957       148359     23405.71
     532.479     0.999963       148360     27306.67
     539.647     0.999969       148361     32768.00
     539.647     0.999973       148361     36408.89
     551.423     0.999976       148362     40960.00
     551.423     0.999979       148362     46811.43
     551.935     0.999982       148363     54613.33
     551.935     0.999985       148363     65536.00
     551.935     0.999986       148363     72817.78
     557.567     0.999988       148364     81920.00
     557.567     0.999989       148364     93622.86
     557.567     0.999991       148364    109226.67
     557.567     0.999992       148364    131072.00
     557.567     0.999993       148364    145635.56
     561.151     0.999994       148365    163840.00
     561.151     1.000000       148365          inf
#[Mean    =      122.035, StdDeviation   =      112.729]
#[Max     =      560.640, Total count    =       148365]
#[Buckets =           27, SubBuckets     =         2048]
-----------------------------------------------------------------------
  177199 requests in 1.00m, 27.48MB read
Requests/sec:   2956.09  
Transfer/sec:    469.41KB

=== rps=3200 c=512 t=52 url=http://10.10.1.1:19076 ===
setup: assigned thread_id=1
init: final thread_id=1, base_seed=nil
setup: assigned thread_id=2
init: final thread_id=2, base_seed=nil
setup: assigned thread_id=3
init: final thread_id=3, base_seed=nil
setup: assigned thread_id=4
init: final thread_id=4, base_seed=nil
setup: assigned thread_id=5
init: final thread_id=5, base_seed=nil
setup: assigned thread_id=6
init: final thread_id=6, base_seed=nil
setup: assigned thread_id=7
init: final thread_id=7, base_seed=nil
setup: assigned thread_id=8
init: final thread_id=8, base_seed=nil
setup: assigned thread_id=9
init: final thread_id=9, base_seed=nil
setup: assigned thread_id=10
init: final thread_id=10, base_seed=nil
setup: assigned thread_id=11
init: final thread_id=11, base_seed=nil
setup: assigned thread_id=12
init: final thread_id=12, base_seed=nil
setup: assigned thread_id=13
init: final thread_id=13, base_seed=nil
setup: assigned thread_id=14
init: final thread_id=14, base_seed=nil
setup: assigned thread_id=15
init: final thread_id=15, base_seed=nil
setup: assigned thread_id=16
init: final thread_id=16, base_seed=nil
setup: assigned thread_id=17
init: final thread_id=17, base_seed=nil
setup: assigned thread_id=18
init: final thread_id=18, base_seed=nil
setup: assigned thread_id=19
init: final thread_id=19, base_seed=nil
setup: assigned thread_id=20
init: final thread_id=20, base_seed=nil
setup: assigned thread_id=21
init: final thread_id=21, base_seed=nil
setup: assigned thread_id=22
init: final thread_id=22, base_seed=nil
setup: assigned thread_id=23
init: final thread_id=23, base_seed=nil
setup: assigned thread_id=24
init: final thread_id=24, base_seed=nil
setup: assigned thread_id=25
init: final thread_id=25, base_seed=nil
setup: assigned thread_id=26
init: final thread_id=26, base_seed=nil
setup: assigned thread_id=27
init: final thread_id=27, base_seed=nil
setup: assigned thread_id=28
init: final thread_id=28, base_seed=nil
setup: assigned thread_id=29
init: final thread_id=29, base_seed=nil
setup: assigned thread_id=30
init: final thread_id=30, base_seed=nil
setup: assigned thread_id=31
init: final thread_id=31, base_seed=nil
setup: assigned thread_id=32
init: final thread_id=32, base_seed=nil
setup: assigned thread_id=33
init: final thread_id=33, base_seed=nil
setup: assigned thread_id=34
init: final thread_id=34, base_seed=nil
setup: assigned thread_id=35
init: final thread_id=35, base_seed=nil
setup: assigned thread_id=36
init: final thread_id=36, base_seed=nil
setup: assigned thread_id=37
init: final thread_id=37, base_seed=nil
setup: assigned thread_id=38
init: final thread_id=38, base_seed=nil
setup: assigned thread_id=39
init: final thread_id=39, base_seed=nil
setup: assigned thread_id=40
init: final thread_id=40, base_seed=nil
setup: assigned thread_id=41
init: final thread_id=41, base_seed=nil
setup: assigned thread_id=42
init: final thread_id=42, base_seed=nil
setup: assigned thread_id=43
init: final thread_id=43, base_seed=nil
setup: assigned thread_id=44
init: final thread_id=44, base_seed=nil
setup: assigned thread_id=45
init: final thread_id=45, base_seed=nil
setup: assigned thread_id=46
init: final thread_id=46, base_seed=nil
setup: assigned thread_id=47
init: final thread_id=47, base_seed=nil
setup: assigned thread_id=48
init: final thread_id=48, base_seed=nil
setup: assigned thread_id=49
init: final thread_id=49, base_seed=nil
setup: assigned thread_id=50
init: final thread_id=50, base_seed=nil
setup: assigned thread_id=51
init: final thread_id=51, base_seed=nil
setup: assigned thread_id=52
init: final thread_id=52, base_seed=nil
script_want_response
Running 1m test @ http://10.10.1.1:19076
  52 threads and 512 connections

  Thread calibration: mean lat.: 99.144ms, rate sampling interval: 363ms
  Thread calibration: mean lat.: 99.599ms, rate sampling interval: 367ms
  Thread calibration: mean lat.: 99.729ms, rate sampling interval: 298ms
  Thread calibration: mean lat.: 100.063ms, rate sampling interval: 294ms
  Thread calibration: mean lat.: 99.709ms, rate sampling interval: 294ms
  Thread calibration: mean lat.: 99.808ms, rate sampling interval: 303ms
  Thread calibration: mean lat.: 102.037ms, rate sampling interval: 325ms
  Thread calibration: mean lat.: 103.496ms, rate sampling interval: 331ms
  Thread calibration: mean lat.: 106.909ms, rate sampling interval: 346ms
  Thread calibration: mean lat.: 102.324ms, rate sampling interval: 343ms
  Thread calibration: mean lat.: 105.970ms, rate sampling interval: 367ms
  Thread calibration: mean lat.: 104.114ms, rate sampling interval: 371ms
  Thread calibration: mean lat.: 97.090ms, rate sampling interval: 347ms
  Thread calibration: mean lat.: 90.823ms, rate sampling interval: 322ms
  Thread calibration: mean lat.: 89.000ms, rate sampling interval: 320ms
  Thread calibration: mean lat.: 82.454ms, rate sampling interval: 305ms
  Thread calibration: mean lat.: 79.254ms, rate sampling interval: 300ms
  Thread calibration: mean lat.: 74.736ms, rate sampling interval: 274ms
  Thread calibration: mean lat.: 98.856ms, rate sampling interval: 326ms
  Thread calibration: mean lat.: 74.453ms, rate sampling interval: 283ms
  Thread calibration: mean lat.: 74.303ms, rate sampling interval: 285ms
  Thread calibration: mean lat.: 97.780ms, rate sampling interval: 339ms
  Thread calibration: mean lat.: 95.104ms, rate sampling interval: 317ms
  Thread calibration: mean lat.: 75.552ms, rate sampling interval: 281ms
  Thread calibration: mean lat.: 75.676ms, rate sampling interval: 279ms
  Thread calibration: mean lat.: 76.128ms, rate sampling interval: 278ms
  Thread calibration: mean lat.: 75.974ms, rate sampling interval: 279ms
  Thread calibration: mean lat.: 78.786ms, rate sampling interval: 287ms
  Thread calibration: mean lat.: 85.131ms, rate sampling interval: 327ms
  Thread calibration: mean lat.: 82.897ms, rate sampling interval: 298ms
  Thread calibration: mean lat.: 85.289ms, rate sampling interval: 304ms
  Thread calibration: mean lat.: 91.088ms, rate sampling interval: 322ms
  Thread calibration: mean lat.: 85.852ms, rate sampling interval: 302ms
  Thread calibration: mean lat.: 92.095ms, rate sampling interval: 314ms
  Thread calibration: mean lat.: 87.718ms, rate sampling interval: 289ms
  Thread calibration: mean lat.: 90.821ms, rate sampling interval: 292ms
  Thread calibration: mean lat.: 94.715ms, rate sampling interval: 300ms
  Thread calibration: mean lat.: 90.294ms, rate sampling interval: 282ms
  Thread calibration: mean lat.: 93.178ms, rate sampling interval: 285ms
  Thread calibration: mean lat.: 96.014ms, rate sampling interval: 290ms
  Thread calibration: mean lat.: 98.401ms, rate sampling interval: 296ms
  Thread calibration: mean lat.: 97.623ms, rate sampling interval: 288ms
  Thread calibration: mean lat.: 92.588ms, rate sampling interval: 350ms
  Thread calibration: mean lat.: 98.463ms, rate sampling interval: 288ms
  Thread calibration: mean lat.: 98.645ms, rate sampling interval: 353ms
  Thread calibration: mean lat.: 101.781ms, rate sampling interval: 299ms
  Thread calibration: mean lat.: 124.037ms, rate sampling interval: 423ms
  Thread calibration: mean lat.: 101.939ms, rate sampling interval: 298ms
  Thread calibration: mean lat.: 104.741ms, rate sampling interval: 308ms
  Thread calibration: mean lat.: 101.480ms, rate sampling interval: 295ms
  Thread calibration: mean lat.: 102.568ms, rate sampling interval: 303ms
  Thread calibration: mean lat.: 102.387ms, rate sampling interval: 303ms

-----------------------------------------------------------------------
Test Results @ http://10.10.1.1:19076 
  Thread Stats   Avg      Stdev     99%   +/- Stdev
    Latency    93.77ms   78.81ms 320.77ms   77.64%
    Req/Sec    60.61      9.96    89.00     78.65%
  Latency Distribution (HdrHistogram - Recorded Latency)
 50.000%   66.94ms
 75.000%  136.83ms
 90.000%  215.55ms
 99.000%  320.77ms
 99.900%  362.24ms
 99.990%  386.56ms
 99.999%  407.30ms
100.000%  424.70ms

  Detailed Percentile spectrum:
       Value   Percentile   TotalCount 1/(1-Percentile)

       8.287     0.000000            1         1.00
      17.951     0.100000        15840         1.11
      25.967     0.200000        31655         1.25
      36.159     0.300000        47464         1.43
      47.391     0.400000        63314         1.67
      66.943     0.500000        79121         2.00
      78.591     0.550000        87022         2.22
      93.375     0.600000        94920         2.50
     106.239     0.650000       102837         2.86
     123.071     0.700000       110763         3.33
     136.831     0.750000       118660         4.00
     144.127     0.775000       122629         4.44
     153.599     0.800000       126580         5.00
     165.759     0.825000       130512         5.71
     179.455     0.850000       134475         6.67
     195.583     0.875000       138434         8.00
     206.207     0.887500       140399         8.89
     215.551     0.900000       142404        10.00
     225.407     0.912500       144365        11.43
     237.311     0.925000       146332        13.33
     250.111     0.937500       148307        16.00
     255.999     0.943750       149313        17.78
     262.655     0.950000       150281        20.00
     270.335     0.956250       151278        22.86
     278.783     0.962500       152267        26.67
     286.975     0.968750       153275        32.00
     291.071     0.971875       153746        35.56
     295.935     0.975000       154257        40.00
     299.775     0.978125       154729        45.71
     304.127     0.981250       155235        53.33
     308.991     0.984375       155719        64.00
     311.551     0.985938       155975        71.11
     314.111     0.987500       156220        80.00
     318.207     0.989062       156463        91.43
     322.815     0.990625       156713       106.67
     328.447     0.992188       156964       128.00
     331.007     0.992969       157087       142.22
     333.823     0.993750       157210       160.00
     336.383     0.994531       157329       182.86
     339.199     0.995313       157448       213.33
     342.015     0.996094       157574       256.00
     343.807     0.996484       157635       284.44
     345.599     0.996875       157699       320.00
     348.671     0.997266       157762       365.71
     350.719     0.997656       157819       426.67
     353.023     0.998047       157883       512.00
     354.303     0.998242       157913       568.89
     355.839     0.998437       157946       640.00
     357.887     0.998633       157973       731.43
     360.447     0.998828       158005       853.33
     362.239     0.999023       158035      1024.00
     363.263     0.999121       158050      1137.78
     365.311     0.999219       158068      1280.00
     367.103     0.999316       158083      1462.86
     368.639     0.999414       158098      1706.67
     372.223     0.999512       158113      2048.00
     372.991     0.999561       158120      2275.56
     375.551     0.999609       158128      2560.00
     376.575     0.999658       158135      2925.71
     377.855     0.999707       158143      3413.33
     379.135     0.999756       158151      4096.00
     379.903     0.999780       158155      4551.11
     381.439     0.999805       158159      5120.00
     382.975     0.999829       158162      5851.43
     384.767     0.999854       158166      6826.67
     385.791     0.999878       158170      8192.00
     386.303     0.999890       158172      9102.22
     386.559     0.999902       158174     10240.00
     387.071     0.999915       158176     11702.86
     387.583     0.999927       158179     13653.33
     391.423     0.999939       158180     16384.00
     392.703     0.999945       158181     18204.44
     393.215     0.999951       158182     20480.00
     395.263     0.999957       158183     23405.71
     395.519     0.999963       158184     27306.67
     396.287     0.999969       158185     32768.00
     396.287     0.999973       158185     36408.89
     397.311     0.999976       158186     40960.00
     397.311     0.999979       158186     46811.43
     407.295     0.999982       158187     54613.33
     407.295     0.999985       158187     65536.00
     407.295     0.999986       158187     72817.78
     412.415     0.999988       158188     81920.00
     412.415     0.999989       158188     93622.86
     412.415     0.999991       158188    109226.67
     412.415     0.999992       158188    131072.00
     412.415     0.999993       158188    145635.56
     424.703     0.999994       158189    163840.00
     424.703     1.000000       158189          inf
#[Mean    =       93.766, StdDeviation   =       78.811]
#[Max     =      424.448, Total count    =       158189]
#[Buckets =           27, SubBuckets     =         2048]
-----------------------------------------------------------------------
  189085 requests in 1.00m, 29.32MB read
Requests/sec:   3155.91  
Transfer/sec:    501.13KB

=== rps=3400 c=578 t=58 url=http://10.10.1.1:19076 ===
setup: assigned thread_id=1
init: final thread_id=1, base_seed=nil
setup: assigned thread_id=2
init: final thread_id=2, base_seed=nil
setup: assigned thread_id=3
init: final thread_id=3, base_seed=nil
setup: assigned thread_id=4
init: final thread_id=4, base_seed=nil
setup: assigned thread_id=5
init: final thread_id=5, base_seed=nil
setup: assigned thread_id=6
init: final thread_id=6, base_seed=nil
setup: assigned thread_id=7
init: final thread_id=7, base_seed=nil
setup: assigned thread_id=8
init: final thread_id=8, base_seed=nil
setup: assigned thread_id=9
init: final thread_id=9, base_seed=nil
setup: assigned thread_id=10
init: final thread_id=10, base_seed=nil
setup: assigned thread_id=11
init: final thread_id=11, base_seed=nil
setup: assigned thread_id=12
init: final thread_id=12, base_seed=nil
setup: assigned thread_id=13
init: final thread_id=13, base_seed=nil
setup: assigned thread_id=14
init: final thread_id=14, base_seed=nil
setup: assigned thread_id=15
init: final thread_id=15, base_seed=nil
setup: assigned thread_id=16
init: final thread_id=16, base_seed=nil
setup: assigned thread_id=17
init: final thread_id=17, base_seed=nil
setup: assigned thread_id=18
init: final thread_id=18, base_seed=nil
setup: assigned thread_id=19
init: final thread_id=19, base_seed=nil
setup: assigned thread_id=20
init: final thread_id=20, base_seed=nil
setup: assigned thread_id=21
init: final thread_id=21, base_seed=nil
setup: assigned thread_id=22
init: final thread_id=22, base_seed=nil
setup: assigned thread_id=23
init: final thread_id=23, base_seed=nil
setup: assigned thread_id=24
init: final thread_id=24, base_seed=nil
setup: assigned thread_id=25
init: final thread_id=25, base_seed=nil
setup: assigned thread_id=26
init: final thread_id=26, base_seed=nil
setup: assigned thread_id=27
init: final thread_id=27, base_seed=nil
setup: assigned thread_id=28
init: final thread_id=28, base_seed=nil
setup: assigned thread_id=29
init: final thread_id=29, base_seed=nil
setup: assigned thread_id=30
init: final thread_id=30, base_seed=nil
setup: assigned thread_id=31
init: final thread_id=31, base_seed=nil
setup: assigned thread_id=32
init: final thread_id=32, base_seed=nil
setup: assigned thread_id=33
init: final thread_id=33, base_seed=nil
setup: assigned thread_id=34
init: final thread_id=34, base_seed=nil
setup: assigned thread_id=35
init: final thread_id=35, base_seed=nil
setup: assigned thread_id=36
init: final thread_id=36, base_seed=nil
setup: assigned thread_id=37
init: final thread_id=37, base_seed=nil
setup: assigned thread_id=38
init: final thread_id=38, base_seed=nil
setup: assigned thread_id=39
init: final thread_id=39, base_seed=nil
setup: assigned thread_id=40
init: final thread_id=40, base_seed=nil
setup: assigned thread_id=41
init: final thread_id=41, base_seed=nil
setup: assigned thread_id=42
init: final thread_id=42, base_seed=nil
setup: assigned thread_id=43
init: final thread_id=43, base_seed=nil
setup: assigned thread_id=44
init: final thread_id=44, base_seed=nil
setup: assigned thread_id=45
init: final thread_id=45, base_seed=nil
setup: assigned thread_id=46
init: final thread_id=46, base_seed=nil
setup: assigned thread_id=47
init: final thread_id=47, base_seed=nil
setup: assigned thread_id=48
init: final thread_id=48, base_seed=nil
setup: assigned thread_id=49
init: final thread_id=49, base_seed=nil
setup: assigned thread_id=50
init: final thread_id=50, base_seed=nil
setup: assigned thread_id=51
init: final thread_id=51, base_seed=nil
setup: assigned thread_id=52
init: final thread_id=52, base_seed=nil
setup: assigned thread_id=53
init: final thread_id=53, base_seed=nil
setup: assigned thread_id=54
init: final thread_id=54, base_seed=nil
setup: assigned thread_id=55
init: final thread_id=55, base_seed=nil
setup: assigned thread_id=56
init: final thread_id=56, base_seed=nil
setup: assigned thread_id=57
init: final thread_id=57, base_seed=nil
setup: assigned thread_id=58
init: final thread_id=58, base_seed=nil
script_want_response
Running 1m test @ http://10.10.1.1:19076
  58 threads and 578 connections

  Thread calibration: mean lat.: 215.689ms, rate sampling interval: 629ms
  Thread calibration: mean lat.: 190.802ms, rate sampling interval: 546ms
  Thread calibration: mean lat.: 171.046ms, rate sampling interval: 536ms
  Thread calibration: mean lat.: 198.864ms, rate sampling interval: 553ms
  Thread calibration: mean lat.: 196.748ms, rate sampling interval: 551ms
  Thread calibration: mean lat.: 218.364ms, rate sampling interval: 633ms
  Thread calibration: mean lat.: 204.936ms, rate sampling interval: 614ms
  Thread calibration: mean lat.: 194.952ms, rate sampling interval: 603ms
  Thread calibration: mean lat.: 184.592ms, rate sampling interval: 538ms
  Thread calibration: mean lat.: 214.720ms, rate sampling interval: 623ms
  Thread calibration: mean lat.: 205.714ms, rate sampling interval: 565ms
  Thread calibration: mean lat.: 216.774ms, rate sampling interval: 637ms
  Thread calibration: mean lat.: 235.806ms, rate sampling interval: 635ms
  Thread calibration: mean lat.: 249.771ms, rate sampling interval: 683ms
  Thread calibration: mean lat.: 247.373ms, rate sampling interval: 677ms
  Thread calibration: mean lat.: 237.343ms, rate sampling interval: 647ms
  Thread calibration: mean lat.: 240.218ms, rate sampling interval: 665ms
  Thread calibration: mean lat.: 236.346ms, rate sampling interval: 637ms
  Thread calibration: mean lat.: 218.870ms, rate sampling interval: 611ms
  Thread calibration: mean lat.: 236.391ms, rate sampling interval: 644ms
  Thread calibration: mean lat.: 222.828ms, rate sampling interval: 616ms
  Thread calibration: mean lat.: 222.126ms, rate sampling interval: 627ms
  Thread calibration: mean lat.: 217.558ms, rate sampling interval: 603ms
  Thread calibration: mean lat.: 216.812ms, rate sampling interval: 631ms
  Thread calibration: mean lat.: 226.429ms, rate sampling interval: 633ms
  Thread calibration: mean lat.: 231.685ms, rate sampling interval: 656ms
  Thread calibration: mean lat.: 183.004ms, rate sampling interval: 542ms
  Thread calibration: mean lat.: 217.534ms, rate sampling interval: 635ms
  Thread calibration: mean lat.: 188.133ms, rate sampling interval: 537ms
  Thread calibration: mean lat.: 199.735ms, rate sampling interval: 582ms
  Thread calibration: mean lat.: 194.924ms, rate sampling interval: 559ms
  Thread calibration: mean lat.: 206.284ms, rate sampling interval: 575ms
  Thread calibration: mean lat.: 182.252ms, rate sampling interval: 539ms
  Thread calibration: mean lat.: 241.140ms, rate sampling interval: 641ms
  Thread calibration: mean lat.: 213.469ms, rate sampling interval: 578ms
  Thread calibration: mean lat.: 223.990ms, rate sampling interval: 642ms
  Thread calibration: mean lat.: 222.591ms, rate sampling interval: 629ms
  Thread calibration: mean lat.: 221.224ms, rate sampling interval: 633ms
  Thread calibration: mean lat.: 219.504ms, rate sampling interval: 605ms
  Thread calibration: mean lat.: 222.939ms, rate sampling interval: 648ms
  Thread calibration: mean lat.: 218.631ms, rate sampling interval: 640ms
  Thread calibration: mean lat.: 192.823ms, rate sampling interval: 562ms
  Thread calibration: mean lat.: 210.149ms, rate sampling interval: 617ms
  Thread calibration: mean lat.: 237.916ms, rate sampling interval: 629ms
  Thread calibration: mean lat.: 209.292ms, rate sampling interval: 589ms
  Thread calibration: mean lat.: 214.249ms, rate sampling interval: 593ms
  Thread calibration: mean lat.: 218.913ms, rate sampling interval: 674ms
  Thread calibration: mean lat.: 203.802ms, rate sampling interval: 560ms
  Thread calibration: mean lat.: 197.682ms, rate sampling interval: 585ms
  Thread calibration: mean lat.: 214.389ms, rate sampling interval: 614ms
  Thread calibration: mean lat.: 211.388ms, rate sampling interval: 595ms
  Thread calibration: mean lat.: 209.225ms, rate sampling interval: 593ms
  Thread calibration: mean lat.: 208.229ms, rate sampling interval: 591ms
  Thread calibration: mean lat.: 211.211ms, rate sampling interval: 584ms
  Thread calibration: mean lat.: 185.725ms, rate sampling interval: 533ms
  Thread calibration: mean lat.: 200.941ms, rate sampling interval: 570ms
  Thread calibration: mean lat.: 176.871ms, rate sampling interval: 491ms
  Thread calibration: mean lat.: 199.886ms, rate sampling interval: 570ms

-----------------------------------------------------------------------
Test Results @ http://10.10.1.1:19076 
  Thread Stats   Avg      Stdev     99%   +/- Stdev
    Latency   163.22ms  113.35ms 415.23ms   59.64%
    Req/Sec    57.67      5.71    71.00     78.04%
  Latency Distribution (HdrHistogram - Recorded Latency)
 50.000%  142.46ms
 75.000%  247.04ms
 90.000%  335.61ms
 99.000%  415.23ms
 99.900%  439.04ms
 99.990%  448.77ms
 99.999%  462.85ms
100.000%  471.55ms

  Detailed Percentile spectrum:
       Value   Percentile   TotalCount 1/(1-Percentile)

       9.623     0.000000            1         1.00
      33.471     0.100000        16821         1.11
      49.951     0.200000        33639         1.25
      69.823     0.300000        50458         1.43
     109.247     0.400000        67258         1.67
     142.463     0.500000        84080         2.00
     156.799     0.550000        92487         2.22
     175.871     0.600000       100907         2.50
     203.391     0.650000       109334         2.86
     224.767     0.700000       117703         3.33
     247.039     0.750000       126139         4.00
     262.911     0.775000       130351         4.44
     279.039     0.800000       134512         5.00
     293.119     0.825000       138748         5.71
     305.663     0.850000       142954         6.67
     318.463     0.875000       147162         8.00
     326.655     0.887500       149235         8.89
     335.615     0.900000       151364        10.00
     344.575     0.912500       153425        11.43
     355.583     0.925000       155573        13.33
     365.055     0.937500       157674        16.00
     369.919     0.943750       158737        17.78
     374.527     0.950000       159734        20.00
     379.903     0.956250       160827        22.86
     385.023     0.962500       161880        26.67
     390.143     0.968750       162896        32.00
     392.703     0.971875       163417        35.56
     395.519     0.975000       163944        40.00
     398.847     0.978125       164482        45.71
     402.175     0.981250       165007        53.33
     406.527     0.984375       165523        64.00
     408.831     0.985938       165773        71.11
     411.391     0.987500       166051        80.00
     413.695     0.989062       166314        91.43
     416.255     0.990625       166563       106.67
     418.815     0.992188       166822       128.00
     420.095     0.992969       166954       142.22
     421.375     0.993750       167096       160.00
     422.655     0.994531       167215       182.86
     424.447     0.995313       167369       213.33
     426.239     0.996094       167487       256.00
     427.263     0.996484       167543       284.44
     428.543     0.996875       167613       320.00
     429.823     0.997266       167686       365.71
     431.359     0.997656       167745       426.67
     433.151     0.998047       167810       512.00
     433.919     0.998242       167838       568.89
     435.455     0.998437       167878       640.00
     436.479     0.998633       167909       731.43
     437.759     0.998828       167940       853.33
     439.295     0.999023       167975      1024.00
     439.807     0.999121       167994      1137.78
     440.063     0.999219       168003      1280.00
     441.087     0.999316       168020      1462.86
     442.111     0.999414       168035      1706.67
     443.135     0.999512       168051      2048.00
     443.647     0.999561       168061      2275.56
     444.415     0.999609       168068      2560.00
     445.183     0.999658       168078      2925.71
     445.951     0.999707       168084      3413.33
     446.719     0.999756       168093      4096.00
     447.231     0.999780       168102      4551.11
     447.231     0.999805       168102      5120.00
     447.487     0.999829       168106      5851.43
     447.743     0.999854       168109      6826.67
     448.255     0.999878       168113      8192.00
     448.767     0.999890       168117      9102.22
     448.767     0.999902       168117     10240.00
     450.303     0.999915       168119     11702.86
     451.071     0.999927       168121     13653.33
     451.583     0.999939       168123     16384.00
     451.839     0.999945       168124     18204.44
     452.351     0.999951       168125     20480.00
     452.607     0.999957       168128     23405.71
     452.607     0.999963       168128     27306.67
     452.607     0.999969       168128     32768.00
     454.655     0.999973       168129     36408.89
     454.655     0.999976       168129     40960.00
     461.567     0.999979       168130     46811.43
     461.567     0.999982       168130     54613.33
     462.847     0.999985       168131     65536.00
     462.847     0.999986       168131     72817.78
     462.847     0.999988       168131     81920.00
     463.871     0.999989       168132     93622.86
     463.871     0.999991       168132    109226.67
     463.871     0.999992       168132    131072.00
     463.871     0.999993       168132    145635.56
     463.871     0.999994       168132    163840.00
     471.551     0.999995       168133    187245.71
     471.551     1.000000       168133          inf
#[Mean    =      163.217, StdDeviation   =      113.354]
#[Max     =      471.296, Total count    =       168133]
#[Buckets =           27, SubBuckets     =         2048]
-----------------------------------------------------------------------
  200971 requests in 1.00m, 31.16MB read
Requests/sec:   3356.59  
Transfer/sec:    533.00KB

=== rps=3600 c=648 t=65 url=http://10.10.1.1:19076 ===
setup: assigned thread_id=1
init: final thread_id=1, base_seed=nil
setup: assigned thread_id=2
init: final thread_id=2, base_seed=nil
setup: assigned thread_id=3
init: final thread_id=3, base_seed=nil
setup: assigned thread_id=4
init: final thread_id=4, base_seed=nil
setup: assigned thread_id=5
init: final thread_id=5, base_seed=nil
setup: assigned thread_id=6
init: final thread_id=6, base_seed=nil
setup: assigned thread_id=7
init: final thread_id=7, base_seed=nil
setup: assigned thread_id=8
init: final thread_id=8, base_seed=nil
setup: assigned thread_id=9
init: final thread_id=9, base_seed=nil
setup: assigned thread_id=10
init: final thread_id=10, base_seed=nil
setup: assigned thread_id=11
init: final thread_id=11, base_seed=nil
setup: assigned thread_id=12
init: final thread_id=12, base_seed=nil
setup: assigned thread_id=13
init: final thread_id=13, base_seed=nil
setup: assigned thread_id=14
init: final thread_id=14, base_seed=nil
setup: assigned thread_id=15
init: final thread_id=15, base_seed=nil
setup: assigned thread_id=16
init: final thread_id=16, base_seed=nil
setup: assigned thread_id=17
init: final thread_id=17, base_seed=nil
setup: assigned thread_id=18
init: final thread_id=18, base_seed=nil
setup: assigned thread_id=19
init: final thread_id=19, base_seed=nil
setup: assigned thread_id=20
init: final thread_id=20, base_seed=nil
setup: assigned thread_id=21
init: final thread_id=21, base_seed=nil
setup: assigned thread_id=22
init: final thread_id=22, base_seed=nil
setup: assigned thread_id=23
init: final thread_id=23, base_seed=nil
setup: assigned thread_id=24
init: final thread_id=24, base_seed=nil
setup: assigned thread_id=25
init: final thread_id=25, base_seed=nil
setup: assigned thread_id=26
init: final thread_id=26, base_seed=nil
setup: assigned thread_id=27
init: final thread_id=27, base_seed=nil
setup: assigned thread_id=28
init: final thread_id=28, base_seed=nil
setup: assigned thread_id=29
init: final thread_id=29, base_seed=nil
setup: assigned thread_id=30
init: final thread_id=30, base_seed=nil
setup: assigned thread_id=31
init: final thread_id=31, base_seed=nil
setup: assigned thread_id=32
init: final thread_id=32, base_seed=nil
setup: assigned thread_id=33
init: final thread_id=33, base_seed=nil
setup: assigned thread_id=34
init: final thread_id=34, base_seed=nil
setup: assigned thread_id=35
init: final thread_id=35, base_seed=nil
setup: assigned thread_id=36
init: final thread_id=36, base_seed=nil
setup: assigned thread_id=37
init: final thread_id=37, base_seed=nil
setup: assigned thread_id=38
init: final thread_id=38, base_seed=nil
setup: assigned thread_id=39
init: final thread_id=39, base_seed=nil
setup: assigned thread_id=40
init: final thread_id=40, base_seed=nil
setup: assigned thread_id=41
init: final thread_id=41, base_seed=nil
setup: assigned thread_id=42
init: final thread_id=42, base_seed=nil
setup: assigned thread_id=43
init: final thread_id=43, base_seed=nil
setup: assigned thread_id=44
init: final thread_id=44, base_seed=nil
setup: assigned thread_id=45
init: final thread_id=45, base_seed=nil
setup: assigned thread_id=46
init: final thread_id=46, base_seed=nil
setup: assigned thread_id=47
init: final thread_id=47, base_seed=nil
setup: assigned thread_id=48
init: final thread_id=48, base_seed=nil
setup: assigned thread_id=49
init: final thread_id=49, base_seed=nil
setup: assigned thread_id=50
init: final thread_id=50, base_seed=nil
setup: assigned thread_id=51
init: final thread_id=51, base_seed=nil
setup: assigned thread_id=52
init: final thread_id=52, base_seed=nil
setup: assigned thread_id=53
init: final thread_id=53, base_seed=nil
setup: assigned thread_id=54
init: final thread_id=54, base_seed=nil
setup: assigned thread_id=55
init: final thread_id=55, base_seed=nil
setup: assigned thread_id=56
init: final thread_id=56, base_seed=nil
setup: assigned thread_id=57
init: final thread_id=57, base_seed=nil
setup: assigned thread_id=58
init: final thread_id=58, base_seed=nil
setup: assigned thread_id=59
init: final thread_id=59, base_seed=nil
setup: assigned thread_id=60
init: final thread_id=60, base_seed=nil
setup: assigned thread_id=61
init: final thread_id=61, base_seed=nil
setup: assigned thread_id=62
init: final thread_id=62, base_seed=nil
setup: assigned thread_id=63
init: final thread_id=63, base_seed=nil
setup: assigned thread_id=64
init: final thread_id=64, base_seed=nil
setup: assigned thread_id=65
init: final thread_id=65, base_seed=nil
script_want_response
Running 1m test @ http://10.10.1.1:19076
  65 threads and 648 connections

  Thread calibration: mean lat.: 813.418ms, rate sampling interval: 3088ms
  Thread calibration: mean lat.: 784.713ms, rate sampling interval: 2940ms
  Thread calibration: mean lat.: 802.445ms, rate sampling interval: 2961ms
  Thread calibration: mean lat.: 875.857ms, rate sampling interval: 2963ms
  Thread calibration: mean lat.: 823.298ms, rate sampling interval: 3088ms
  Thread calibration: mean lat.: 787.929ms, rate sampling interval: 2940ms
  Thread calibration: mean lat.: 823.973ms, rate sampling interval: 3065ms
  Thread calibration: mean lat.: 810.666ms, rate sampling interval: 3049ms
  Thread calibration: mean lat.: 798.711ms, rate sampling interval: 2971ms
  Thread calibration: mean lat.: 807.204ms, rate sampling interval: 3024ms
  Thread calibration: mean lat.: 815.399ms, rate sampling interval: 3024ms
  Thread calibration: mean lat.: 804.876ms, rate sampling interval: 3016ms
  Thread calibration: mean lat.: 812.017ms, rate sampling interval: 3022ms
  Thread calibration: mean lat.: 803.839ms, rate sampling interval: 2985ms
  Thread calibration: mean lat.: 810.622ms, rate sampling interval: 2985ms
  Thread calibration: mean lat.: 809.211ms, rate sampling interval: 3024ms
  Thread calibration: mean lat.: 809.182ms, rate sampling interval: 3014ms
  Thread calibration: mean lat.: 802.288ms, rate sampling interval: 3024ms
  Thread calibration: mean lat.: 788.133ms, rate sampling interval: 2969ms
  Thread calibration: mean lat.: 795.840ms, rate sampling interval: 2990ms
  Thread calibration: mean lat.: 794.718ms, rate sampling interval: 2969ms
  Thread calibration: mean lat.: 798.924ms, rate sampling interval: 3008ms
  Thread calibration: mean lat.: 804.467ms, rate sampling interval: 3018ms
  Thread calibration: mean lat.: 795.490ms, rate sampling interval: 3006ms
  Thread calibration: mean lat.: 802.126ms, rate sampling interval: 2983ms
  Thread calibration: mean lat.: 795.508ms, rate sampling interval: 2961ms
  Thread calibration: mean lat.: 808.702ms, rate sampling interval: 3004ms
  Thread calibration: mean lat.: 799.413ms, rate sampling interval: 2971ms
  Thread calibration: mean lat.: 824.754ms, rate sampling interval: 2998ms
  Thread calibration: mean lat.: 831.935ms, rate sampling interval: 3090ms
  Thread calibration: mean lat.: 845.821ms, rate sampling interval: 3092ms
  Thread calibration: mean lat.: 916.881ms, rate sampling interval: 3051ms
  Thread calibration: mean lat.: 829.175ms, rate sampling interval: 3039ms
  Thread calibration: mean lat.: 828.253ms, rate sampling interval: 3018ms
  Thread calibration: mean lat.: 823.731ms, rate sampling interval: 2979ms
  Thread calibration: mean lat.: 837.229ms, rate sampling interval: 3059ms
  Thread calibration: mean lat.: 823.006ms, rate sampling interval: 2975ms
  Thread calibration: mean lat.: 814.746ms, rate sampling interval: 2963ms
  Thread calibration: mean lat.: 835.318ms, rate sampling interval: 3078ms
  Thread calibration: mean lat.: 912.286ms, rate sampling interval: 3031ms
  Thread calibration: mean lat.: 830.610ms, rate sampling interval: 3028ms
  Thread calibration: mean lat.: 829.054ms, rate sampling interval: 3047ms
  Thread calibration: mean lat.: 821.478ms, rate sampling interval: 2996ms
  Thread calibration: mean lat.: 833.713ms, rate sampling interval: 3069ms
  Thread calibration: mean lat.: 811.461ms, rate sampling interval: 2955ms
  Thread calibration: mean lat.: 828.183ms, rate sampling interval: 3049ms
  Thread calibration: mean lat.: 805.772ms, rate sampling interval: 2963ms
  Thread calibration: mean lat.: 808.334ms, rate sampling interval: 2985ms
  Thread calibration: mean lat.: 806.831ms, rate sampling interval: 2947ms
  Thread calibration: mean lat.: 800.787ms, rate sampling interval: 2932ms
  Thread calibration: mean lat.: 814.811ms, rate sampling interval: 2996ms
  Thread calibration: mean lat.: 830.764ms, rate sampling interval: 3020ms
  Thread calibration: mean lat.: 841.688ms, rate sampling interval: 3059ms
  Thread calibration: mean lat.: 826.289ms, rate sampling interval: 3033ms
  Thread calibration: mean lat.: 838.361ms, rate sampling interval: 3059ms
  Thread calibration: mean lat.: 832.014ms, rate sampling interval: 3057ms
  Thread calibration: mean lat.: 833.306ms, rate sampling interval: 2971ms
  Thread calibration: mean lat.: 841.121ms, rate sampling interval: 3078ms
  Thread calibration: mean lat.: 854.258ms, rate sampling interval: 3094ms
  Thread calibration: mean lat.: 820.477ms, rate sampling interval: 2969ms
  Thread calibration: mean lat.: 843.920ms, rate sampling interval: 3071ms
  Thread calibration: mean lat.: 861.172ms, rate sampling interval: 3135ms
  Thread calibration: mean lat.: 845.827ms, rate sampling interval: 3039ms
  Thread calibration: mean lat.: 854.633ms, rate sampling interval: 3104ms
  Thread calibration: mean lat.: 839.438ms, rate sampling interval: 3043ms

-----------------------------------------------------------------------
Test Results @ http://10.10.1.1:19076 
  Thread Stats   Avg      Stdev     99%   +/- Stdev
    Latency     2.21s   346.89ms   2.98s    65.25%
    Req/Sec    54.07      3.31    65.00     86.65%
  Latency Distribution (HdrHistogram - Recorded Latency)
 50.000%    2.17s 
 75.000%    2.48s 
 90.000%    2.70s 
 99.000%    2.98s 
 99.900%    3.12s 
 99.990%    3.21s 
 99.999%    3.23s 
100.000%    3.23s 

  Detailed Percentile spectrum:
       Value   Percentile   TotalCount 1/(1-Percentile)

     866.303     0.000000            1         1.00
    1795.071     0.100000        17837         1.11
    1905.663     0.200000        35557         1.25
    1987.583     0.300000        53405         1.43
    2072.575     0.400000        71058         1.67
    2170.879     0.500000        89010         2.00
    2222.079     0.550000        97773         2.22
    2283.519     0.600000       106702         2.50
    2351.103     0.650000       115389         2.86
    2420.735     0.700000       124427         3.33
    2484.223     0.750000       133144         4.00
    2514.943     0.775000       137607         4.44
    2547.711     0.800000       142098         5.00
    2580.479     0.825000       146444         5.71
    2617.343     0.850000       150975         6.67
    2654.207     0.875000       155358         8.00
    2674.687     0.887500       157577         8.89
    2695.167     0.900000       159770        10.00
    2717.695     0.912500       162013        11.43
    2744.319     0.925000       164288        13.33
    2772.991     0.937500       166489        16.00
    2787.327     0.943750       167618        17.78
    2801.663     0.950000       168623        20.00
    2822.143     0.956250       169790        22.86
    2842.623     0.962500       170859        26.67
    2865.151     0.968750       171956        32.00
    2879.487     0.971875       172582        35.56
    2889.727     0.975000       173037        40.00
    2904.063     0.978125       173608        45.71
    2922.495     0.981250       174147        53.33
    2940.927     0.984375       174720        64.00
    2949.119     0.985938       174968        71.11
    2959.359     0.987500       175279        80.00
    2969.599     0.989062       175545        91.43
    2983.935     0.990625       175830       106.67
    3000.319     0.992188       176106       128.00
    3008.511     0.992969       176218       142.22
    3016.703     0.993750       176359       160.00
    3026.943     0.994531       176514       182.86
    3037.183     0.995313       176645       213.33
    3049.471     0.996094       176792       256.00
    3053.567     0.996484       176850       284.44
    3059.711     0.996875       176931       320.00
    3065.855     0.997266       177002       365.71
    3071.999     0.997656       177058       426.67
    3084.287     0.998047       177122       512.00
    3094.527     0.998242       177154       568.89
    3102.719     0.998437       177189       640.00
    3108.863     0.998633       177224       731.43
    3115.007     0.998828       177258       853.33
    3121.151     0.999023       177292      1024.00
    3125.247     0.999121       177313      1137.78
    3129.343     0.999219       177336      1280.00
    3131.391     0.999316       177349      1462.86
    3135.487     0.999414       177360      1706.67
    3153.919     0.999512       177380      2048.00
    3158.015     0.999561       177387      2275.56
    3162.111     0.999609       177395      2560.00
    3166.207     0.999658       177403      2925.71
    3174.399     0.999707       177412      3413.33
    3182.591     0.999756       177420      4096.00
    3186.687     0.999780       177425      4551.11
    3190.783     0.999805       177430      5120.00
    3194.879     0.999829       177435      5851.43
    3198.975     0.999854       177439      6826.67
    3201.023     0.999878       177442      8192.00
    3203.071     0.999890       177444      9102.22
    3207.167     0.999902       177446     10240.00
    3213.311     0.999915       177448     11702.86
    3215.359     0.999927       177452     13653.33
    3217.407     0.999939       177454     16384.00
    3217.407     0.999945       177454     18204.44
    3219.455     0.999951       177456     20480.00
    3219.455     0.999957       177456     23405.71
    3221.503     0.999963       177457     27306.67
    3223.551     0.999969       177460     32768.00
    3223.551     0.999973       177460     36408.89
    3223.551     0.999976       177460     40960.00
    3223.551     0.999979       177460     46811.43
    3223.551     0.999982       177460     54613.33
    3225.599     0.999985       177462     65536.00
    3225.599     0.999986       177462     72817.78
    3225.599     0.999988       177462     81920.00
    3225.599     0.999989       177462     93622.86
    3225.599     0.999991       177462    109226.67
    3225.599     0.999992       177462    131072.00
    3225.599     0.999993       177462    145635.56
    3225.599     0.999994       177462    163840.00
    3229.695     0.999995       177463    187245.71
    3229.695     1.000000       177463          inf
#[Mean    =     2211.985, StdDeviation   =      346.886]
#[Max     =     3227.648, Total count    =       177463]
#[Buckets =           27, SubBuckets     =         2048]
-----------------------------------------------------------------------
  207101 requests in 1.00m, 32.11MB read
Requests/sec:   3462.28  
Transfer/sec:    549.72KB

=== rps=3800 c=722 t=73 url=http://10.10.1.1:19076 ===
setup: assigned thread_id=1
init: final thread_id=1, base_seed=nil
setup: assigned thread_id=2
init: final thread_id=2, base_seed=nil
setup: assigned thread_id=3
init: final thread_id=3, base_seed=nil
setup: assigned thread_id=4
init: final thread_id=4, base_seed=nil
setup: assigned thread_id=5
init: final thread_id=5, base_seed=nil
setup: assigned thread_id=6
init: final thread_id=6, base_seed=nil
setup: assigned thread_id=7
init: final thread_id=7, base_seed=nil
setup: assigned thread_id=8
init: final thread_id=8, base_seed=nil
setup: assigned thread_id=9
init: final thread_id=9, base_seed=nil
setup: assigned thread_id=10
init: final thread_id=10, base_seed=nil
setup: assigned thread_id=11
init: final thread_id=11, base_seed=nil
setup: assigned thread_id=12
init: final thread_id=12, base_seed=nil
setup: assigned thread_id=13
init: final thread_id=13, base_seed=nil
setup: assigned thread_id=14
init: final thread_id=14, base_seed=nil
setup: assigned thread_id=15
init: final thread_id=15, base_seed=nil
setup: assigned thread_id=16
init: final thread_id=16, base_seed=nil
setup: assigned thread_id=17
init: final thread_id=17, base_seed=nil
setup: assigned thread_id=18
init: final thread_id=18, base_seed=nil
setup: assigned thread_id=19
init: final thread_id=19, base_seed=nil
setup: assigned thread_id=20
init: final thread_id=20, base_seed=nil
setup: assigned thread_id=21
init: final thread_id=21, base_seed=nil
setup: assigned thread_id=22
init: final thread_id=22, base_seed=nil
setup: assigned thread_id=23
init: final thread_id=23, base_seed=nil
setup: assigned thread_id=24
init: final thread_id=24, base_seed=nil
setup: assigned thread_id=25
init: final thread_id=25, base_seed=nil
setup: assigned thread_id=26
init: final thread_id=26, base_seed=nil
setup: assigned thread_id=27
init: final thread_id=27, base_seed=nil
setup: assigned thread_id=28
init: final thread_id=28, base_seed=nil
setup: assigned thread_id=29
init: final thread_id=29, base_seed=nil
setup: assigned thread_id=30
init: final thread_id=30, base_seed=nil
setup: assigned thread_id=31
init: final thread_id=31, base_seed=nil
setup: assigned thread_id=32
init: final thread_id=32, base_seed=nil
setup: assigned thread_id=33
init: final thread_id=33, base_seed=nil
setup: assigned thread_id=34
init: final thread_id=34, base_seed=nil
setup: assigned thread_id=35
init: final thread_id=35, base_seed=nil
setup: assigned thread_id=36
init: final thread_id=36, base_seed=nil
setup: assigned thread_id=37
init: final thread_id=37, base_seed=nil
setup: assigned thread_id=38
init: final thread_id=38, base_seed=nil
setup: assigned thread_id=39
init: final thread_id=39, base_seed=nil
setup: assigned thread_id=40
init: final thread_id=40, base_seed=nil
setup: assigned thread_id=41
init: final thread_id=41, base_seed=nil
setup: assigned thread_id=42
init: final thread_id=42, base_seed=nil
setup: assigned thread_id=43
init: final thread_id=43, base_seed=nil
setup: assigned thread_id=44
init: final thread_id=44, base_seed=nil
setup: assigned thread_id=45
init: final thread_id=45, base_seed=nil
setup: assigned thread_id=46
init: final thread_id=46, base_seed=nil
setup: assigned thread_id=47
init: final thread_id=47, base_seed=nil
setup: assigned thread_id=48
init: final thread_id=48, base_seed=nil
setup: assigned thread_id=49
init: final thread_id=49, base_seed=nil
setup: assigned thread_id=50
init: final thread_id=50, base_seed=nil
setup: assigned thread_id=51
init: final thread_id=51, base_seed=nil
setup: assigned thread_id=52
init: final thread_id=52, base_seed=nil
setup: assigned thread_id=53
init: final thread_id=53, base_seed=nil
setup: assigned thread_id=54
init: final thread_id=54, base_seed=nil
setup: assigned thread_id=55
init: final thread_id=55, base_seed=nil
setup: assigned thread_id=56
init: final thread_id=56, base_seed=nil
setup: assigned thread_id=57
init: final thread_id=57, base_seed=nil
setup: assigned thread_id=58
init: final thread_id=58, base_seed=nil
setup: assigned thread_id=59
init: final thread_id=59, base_seed=nil
setup: assigned thread_id=60
init: final thread_id=60, base_seed=nil
setup: assigned thread_id=61
init: final thread_id=61, base_seed=nil
setup: assigned thread_id=62
init: final thread_id=62, base_seed=nil
setup: assigned thread_id=63
init: final thread_id=63, base_seed=nil
setup: assigned thread_id=64
init: final thread_id=64, base_seed=nil
setup: assigned thread_id=65
init: final thread_id=65, base_seed=nil
setup: assigned thread_id=66
init: final thread_id=66, base_seed=nil
setup: assigned thread_id=67
init: final thread_id=67, base_seed=nil
setup: assigned thread_id=68
init: final thread_id=68, base_seed=nil
setup: assigned thread_id=69
init: final thread_id=69, base_seed=nil
setup: assigned thread_id=70
init: final thread_id=70, base_seed=nil
setup: assigned thread_id=71
init: final thread_id=71, base_seed=nil
setup: assigned thread_id=72
init: final thread_id=72, base_seed=nil
setup: assigned thread_id=73
init: final thread_id=73, base_seed=nil
script_want_response
Running 1m test @ http://10.10.1.1:19076
  73 threads and 722 connections

  Thread calibration: mean lat.: 296.671ms, rate sampling interval: 1260ms
  Thread calibration: mean lat.: 306.311ms, rate sampling interval: 1303ms
  Thread calibration: mean lat.: 304.894ms, rate sampling interval: 1308ms
  Thread calibration: mean lat.: 314.592ms, rate sampling interval: 1328ms
  Thread calibration: mean lat.: 315.479ms, rate sampling interval: 1367ms
  Thread calibration: mean lat.: 318.012ms, rate sampling interval: 1331ms
  Thread calibration: mean lat.: 326.738ms, rate sampling interval: 1419ms
  Thread calibration: mean lat.: 315.207ms, rate sampling interval: 1333ms
  Thread calibration: mean lat.: 304.822ms, rate sampling interval: 1316ms
  Thread calibration: mean lat.: 307.504ms, rate sampling interval: 1260ms
  Thread calibration: mean lat.: 315.469ms, rate sampling interval: 1312ms
  Thread calibration: mean lat.: 319.839ms, rate sampling interval: 1278ms
  Thread calibration: mean lat.: 316.107ms, rate sampling interval: 1281ms
  Thread calibration: mean lat.: 303.030ms, rate sampling interval: 1243ms
  Thread calibration: mean lat.: 310.320ms, rate sampling interval: 1264ms
  Thread calibration: mean lat.: 327.415ms, rate sampling interval: 1364ms
  Thread calibration: mean lat.: 318.799ms, rate sampling interval: 1320ms
  Thread calibration: mean lat.: 303.267ms, rate sampling interval: 1291ms
  Thread calibration: mean lat.: 293.532ms, rate sampling interval: 1262ms
  Thread calibration: mean lat.: 296.459ms, rate sampling interval: 1234ms
  Thread calibration: mean lat.: 312.749ms, rate sampling interval: 1305ms
  Thread calibration: mean lat.: 291.290ms, rate sampling interval: 1186ms
  Thread calibration: mean lat.: 303.203ms, rate sampling interval: 1251ms
  Thread calibration: mean lat.: 294.628ms, rate sampling interval: 1191ms
  Thread calibration: mean lat.: 306.812ms, rate sampling interval: 1295ms
  Thread calibration: mean lat.: 301.992ms, rate sampling interval: 1226ms
  Thread calibration: mean lat.: 289.898ms, rate sampling interval: 1197ms
  Thread calibration: mean lat.: 311.978ms, rate sampling interval: 1343ms
  Thread calibration: mean lat.: 303.777ms, rate sampling interval: 1241ms
  Thread calibration: mean lat.: 313.695ms, rate sampling interval: 1326ms
  Thread calibration: mean lat.: 331.596ms, rate sampling interval: 1371ms
  Thread calibration: mean lat.: 317.739ms, rate sampling interval: 1298ms
  Thread calibration: mean lat.: 333.246ms, rate sampling interval: 1415ms
  Thread calibration: mean lat.: 336.472ms, rate sampling interval: 1412ms
  Thread calibration: mean lat.: 332.639ms, rate sampling interval: 1392ms
  Thread calibration: mean lat.: 316.754ms, rate sampling interval: 1350ms
  Thread calibration: mean lat.: 315.928ms, rate sampling interval: 1329ms
  Thread calibration: mean lat.: 327.664ms, rate sampling interval: 1374ms
  Thread calibration: mean lat.: 341.583ms, rate sampling interval: 1416ms
  Thread calibration: mean lat.: 340.127ms, rate sampling interval: 1394ms
  Thread calibration: mean lat.: 337.899ms, rate sampling interval: 1428ms
  Thread calibration: mean lat.: 331.118ms, rate sampling interval: 1379ms
  Thread calibration: mean lat.: 340.091ms, rate sampling interval: 1386ms
  Thread calibration: mean lat.: 320.597ms, rate sampling interval: 1307ms
  Thread calibration: mean lat.: 321.546ms, rate sampling interval: 1352ms
  Thread calibration: mean lat.: 343.271ms, rate sampling interval: 1468ms
  Thread calibration: mean lat.: 321.835ms, rate sampling interval: 1345ms
  Thread calibration: mean lat.: 332.048ms, rate sampling interval: 1398ms
  Thread calibration: mean lat.: 330.334ms, rate sampling interval: 1366ms
  Thread calibration: mean lat.: 331.217ms, rate sampling interval: 1370ms
  Thread calibration: mean lat.: 330.114ms, rate sampling interval: 1373ms
  Thread calibration: mean lat.: 334.833ms, rate sampling interval: 1357ms
  Thread calibration: mean lat.: 345.942ms, rate sampling interval: 1391ms
  Thread calibration: mean lat.: 338.463ms, rate sampling interval: 1385ms
  Thread calibration: mean lat.: 343.838ms, rate sampling interval: 1431ms
  Thread calibration: mean lat.: 328.356ms, rate sampling interval: 1328ms
  Thread calibration: mean lat.: 350.866ms, rate sampling interval: 1395ms
  Thread calibration: mean lat.: 350.117ms, rate sampling interval: 1461ms
  Thread calibration: mean lat.: 330.099ms, rate sampling interval: 1307ms
  Thread calibration: mean lat.: 323.251ms, rate sampling interval: 1291ms
  Thread calibration: mean lat.: 313.364ms, rate sampling interval: 1279ms
  Thread calibration: mean lat.: 334.575ms, rate sampling interval: 1355ms
  Thread calibration: mean lat.: 310.637ms, rate sampling interval: 1272ms
  Thread calibration: mean lat.: 346.194ms, rate sampling interval: 1377ms
  Thread calibration: mean lat.: 324.062ms, rate sampling interval: 1321ms
  Thread calibration: mean lat.: 336.394ms, rate sampling interval: 1370ms
  Thread calibration: mean lat.: 320.667ms, rate sampling interval: 1301ms
  Thread calibration: mean lat.: 339.594ms, rate sampling interval: 1338ms
  Thread calibration: mean lat.: 336.747ms, rate sampling interval: 1379ms
  Thread calibration: mean lat.: 344.165ms, rate sampling interval: 1421ms
  Thread calibration: mean lat.: 346.687ms, rate sampling interval: 1428ms
  Thread calibration: mean lat.: 332.614ms, rate sampling interval: 1329ms
  Thread calibration: mean lat.: 337.969ms, rate sampling interval: 1377ms

-----------------------------------------------------------------------
Test Results @ http://10.10.1.1:19076 
  Thread Stats   Avg      Stdev     99%   +/- Stdev
    Latency   662.14ms  356.92ms   1.50s    60.80%
    Req/Sec    51.37      2.99    58.00     81.22%
  Latency Distribution (HdrHistogram - Recorded Latency)
 50.000%  711.68ms
 75.000%  919.04ms
 90.000%    1.10s 
 99.000%    1.50s 
 99.900%    1.90s 
 99.990%    2.07s 
 99.999%    2.11s 
100.000%    2.12s 

  Detailed Percentile spectrum:
       Value   Percentile   TotalCount 1/(1-Percentile)

      60.287     0.000000            1         1.00
     157.311     0.100000        18910         1.11
     244.095     0.200000        37771         1.25
     417.791     0.300000        56642         1.43
     595.967     0.400000        75518         1.67
     711.679     0.500000        94398         2.00
     758.783     0.550000       103848         2.22
     798.719     0.600000       113302         2.50
     839.679     0.650000       122765         2.86
     876.031     0.700000       132261         3.33
     919.039     0.750000       141678         4.00
     942.079     0.775000       146386         4.44
     965.119     0.800000       151087         5.00
     992.767     0.825000       155814         5.71
    1022.975     0.850000       160505         6.67
    1055.743     0.875000       165302         8.00
    1074.175     0.887500       167584         8.89
    1096.703     0.900000       169949        10.00
    1119.231     0.912500       172307        11.43
    1143.807     0.925000       174671        13.33
    1172.479     0.937500       176995        16.00
    1189.887     0.943750       178202        17.78
    1207.295     0.950000       179385        20.00
    1224.703     0.956250       180523        22.86
    1247.231     0.962500       181733        26.67
    1276.927     0.968750       182906        32.00
    1291.263     0.971875       183483        35.56
    1311.743     0.975000       184082        40.00
    1333.247     0.978125       184652        45.71
    1360.895     0.981250       185238        53.33
    1403.903     0.984375       185830        64.00
    1422.335     0.985938       186122        71.11
    1447.935     0.987500       186420        80.00
    1476.607     0.989062       186717        91.43
    1511.423     0.990625       187012       106.67
    1549.311     0.992188       187309       128.00
    1568.767     0.992969       187453       142.22
    1591.295     0.993750       187601       160.00
    1618.943     0.994531       187745       182.86
    1648.639     0.995313       187892       213.33
    1686.527     0.996094       188041       256.00
    1704.959     0.996484       188113       284.44
    1734.655     0.996875       188190       320.00
    1754.111     0.997266       188262       365.71
    1770.495     0.997656       188342       426.67
    1802.239     0.998047       188409       512.00
    1820.671     0.998242       188447       568.89
    1841.151     0.998437       188483       640.00
    1857.535     0.998633       188520       731.43
    1872.895     0.998828       188556       853.33
    1902.591     0.999023       188593      1024.00
    1923.071     0.999121       188611      1137.78
    1938.431     0.999219       188629      1280.00
    1951.743     0.999316       188648      1462.86
    1965.055     0.999414       188666      1706.67
    1980.415     0.999512       188684      2048.00
    1986.559     0.999561       188694      2275.56
    1989.631     0.999609       188703      2560.00
    1993.727     0.999658       188714      2925.71
    1997.823     0.999707       188721      3413.33
    2007.039     0.999756       188731      4096.00
    2016.255     0.999780       188735      4551.11
    2024.447     0.999805       188740      5120.00
    2027.519     0.999829       188745      5851.43
    2033.663     0.999854       188749      6826.67
    2042.879     0.999878       188753      8192.00
    2065.407     0.999890       188756      9102.22
    2070.527     0.999902       188758     10240.00
    2073.599     0.999915       188760     11702.86
    2085.887     0.999927       188763     13653.33
    2095.103     0.999939       188765     16384.00
    2099.199     0.999945       188767     18204.44
    2099.199     0.999951       188767     20480.00
    2101.247     0.999957       188768     23405.71
    2103.295     0.999963       188773     27306.67
    2103.295     0.999969       188773     32768.00
    2103.295     0.999973       188773     36408.89
    2103.295     0.999976       188773     40960.00
    2103.295     0.999979       188773     46811.43
    2103.295     0.999982       188773     54613.33
    2109.439     0.999985       188774     65536.00
    2109.439     0.999986       188774     72817.78
    2109.439     0.999988       188774     81920.00
    2109.439     0.999989       188774     93622.86
    2111.487     0.999991       188775    109226.67
    2111.487     0.999992       188775    131072.00
    2111.487     0.999993       188775    145635.56
    2111.487     0.999994       188775    163840.00
    2111.487     0.999995       188775    187245.71
    2121.727     0.999995       188776    218453.33
    2121.727     1.000000       188776          inf
#[Mean    =      662.144, StdDeviation   =      356.918]
#[Max     =     2119.680, Total count    =       188776]
#[Buckets =           27, SubBuckets     =         2048]
-----------------------------------------------------------------------
  223592 requests in 1.00m, 34.67MB read
Requests/sec:   3736.87  
Transfer/sec:    593.42KB

=== rps=4000 c=800 t=80 url=http://10.10.1.1:19076 ===
setup: assigned thread_id=1
init: final thread_id=1, base_seed=nil
setup: assigned thread_id=2
init: final thread_id=2, base_seed=nil
setup: assigned thread_id=3
init: final thread_id=3, base_seed=nil
setup: assigned thread_id=4
init: final thread_id=4, base_seed=nil
setup: assigned thread_id=5
init: final thread_id=5, base_seed=nil
setup: assigned thread_id=6
init: final thread_id=6, base_seed=nil
setup: assigned thread_id=7
init: final thread_id=7, base_seed=nil
setup: assigned thread_id=8
init: final thread_id=8, base_seed=nil
setup: assigned thread_id=9
init: final thread_id=9, base_seed=nil
setup: assigned thread_id=10
init: final thread_id=10, base_seed=nil
setup: assigned thread_id=11
init: final thread_id=11, base_seed=nil
setup: assigned thread_id=12
init: final thread_id=12, base_seed=nil
setup: assigned thread_id=13
init: final thread_id=13, base_seed=nil
setup: assigned thread_id=14
init: final thread_id=14, base_seed=nil
setup: assigned thread_id=15
init: final thread_id=15, base_seed=nil
setup: assigned thread_id=16
init: final thread_id=16, base_seed=nil
setup: assigned thread_id=17
init: final thread_id=17, base_seed=nil
setup: assigned thread_id=18
init: final thread_id=18, base_seed=nil
setup: assigned thread_id=19
init: final thread_id=19, base_seed=nil
setup: assigned thread_id=20
init: final thread_id=20, base_seed=nil
setup: assigned thread_id=21
init: final thread_id=21, base_seed=nil
setup: assigned thread_id=22
init: final thread_id=22, base_seed=nil
setup: assigned thread_id=23
init: final thread_id=23, base_seed=nil
setup: assigned thread_id=24
init: final thread_id=24, base_seed=nil
setup: assigned thread_id=25
init: final thread_id=25, base_seed=nil
setup: assigned thread_id=26
init: final thread_id=26, base_seed=nil
setup: assigned thread_id=27
init: final thread_id=27, base_seed=nil
setup: assigned thread_id=28
init: final thread_id=28, base_seed=nil
setup: assigned thread_id=29
init: final thread_id=29, base_seed=nil
setup: assigned thread_id=30
init: final thread_id=30, base_seed=nil
setup: assigned thread_id=31
init: final thread_id=31, base_seed=nil
setup: assigned thread_id=32
init: final thread_id=32, base_seed=nil
setup: assigned thread_id=33
init: final thread_id=33, base_seed=nil
setup: assigned thread_id=34
init: final thread_id=34, base_seed=nil
setup: assigned thread_id=35
init: final thread_id=35, base_seed=nil
setup: assigned thread_id=36
init: final thread_id=36, base_seed=nil
setup: assigned thread_id=37
init: final thread_id=37, base_seed=nil
setup: assigned thread_id=38
init: final thread_id=38, base_seed=nil
setup: assigned thread_id=39
init: final thread_id=39, base_seed=nil
setup: assigned thread_id=40
init: final thread_id=40, base_seed=nil
setup: assigned thread_id=41
init: final thread_id=41, base_seed=nil
setup: assigned thread_id=42
init: final thread_id=42, base_seed=nil
setup: assigned thread_id=43
init: final thread_id=43, base_seed=nil
setup: assigned thread_id=44
init: final thread_id=44, base_seed=nil
setup: assigned thread_id=45
init: final thread_id=45, base_seed=nil
setup: assigned thread_id=46
init: final thread_id=46, base_seed=nil
setup: assigned thread_id=47
init: final thread_id=47, base_seed=nil
setup: assigned thread_id=48
init: final thread_id=48, base_seed=nil
setup: assigned thread_id=49
init: final thread_id=49, base_seed=nil
setup: assigned thread_id=50
init: final thread_id=50, base_seed=nil
setup: assigned thread_id=51
init: final thread_id=51, base_seed=nil
setup: assigned thread_id=52
init: final thread_id=52, base_seed=nil
setup: assigned thread_id=53
init: final thread_id=53, base_seed=nil
setup: assigned thread_id=54
init: final thread_id=54, base_seed=nil
setup: assigned thread_id=55
init: final thread_id=55, base_seed=nil
setup: assigned thread_id=56
init: final thread_id=56, base_seed=nil
setup: assigned thread_id=57
init: final thread_id=57, base_seed=nil
setup: assigned thread_id=58
init: final thread_id=58, base_seed=nil
setup: assigned thread_id=59
init: final thread_id=59, base_seed=nil
setup: assigned thread_id=60
init: final thread_id=60, base_seed=nil
setup: assigned thread_id=61
init: final thread_id=61, base_seed=nil
setup: assigned thread_id=62
init: final thread_id=62, base_seed=nil
setup: assigned thread_id=63
init: final thread_id=63, base_seed=nil
setup: assigned thread_id=64
init: final thread_id=64, base_seed=nil
setup: assigned thread_id=65
init: final thread_id=65, base_seed=nil
setup: assigned thread_id=66
init: final thread_id=66, base_seed=nil
setup: assigned thread_id=67
init: final thread_id=67, base_seed=nil
setup: assigned thread_id=68
init: final thread_id=68, base_seed=nil
setup: assigned thread_id=69
init: final thread_id=69, base_seed=nil
setup: assigned thread_id=70
init: final thread_id=70, base_seed=nil
setup: assigned thread_id=71
init: final thread_id=71, base_seed=nil
setup: assigned thread_id=72
init: final thread_id=72, base_seed=nil
setup: assigned thread_id=73
init: final thread_id=73, base_seed=nil
setup: assigned thread_id=74
init: final thread_id=74, base_seed=nil
setup: assigned thread_id=75
init: final thread_id=75, base_seed=nil
setup: assigned thread_id=76
init: final thread_id=76, base_seed=nil
setup: assigned thread_id=77
init: final thread_id=77, base_seed=nil
setup: assigned thread_id=78
init: final thread_id=78, base_seed=nil
setup: assigned thread_id=79
init: final thread_id=79, base_seed=nil
setup: assigned thread_id=80
init: final thread_id=80, base_seed=nil
script_want_response
Running 1m test @ http://10.10.1.1:19076
  80 threads and 800 connections

  Thread calibration: mean lat.: 403.006ms, rate sampling interval: 1334ms
  Thread calibration: mean lat.: 366.627ms, rate sampling interval: 1195ms
  Thread calibration: mean lat.: 343.109ms, rate sampling interval: 1107ms
  Thread calibration: mean lat.: 394.577ms, rate sampling interval: 1258ms
  Thread calibration: mean lat.: 406.845ms, rate sampling interval: 1192ms
  Thread calibration: mean lat.: 394.336ms, rate sampling interval: 1182ms
  Thread calibration: mean lat.: 423.864ms, rate sampling interval: 1373ms
  Thread calibration: mean lat.: 441.694ms, rate sampling interval: 1651ms
  Thread calibration: mean lat.: 361.379ms, rate sampling interval: 1166ms
  Thread calibration: mean lat.: 345.615ms, rate sampling interval: 1022ms
  Thread calibration: mean lat.: 393.400ms, rate sampling interval: 1248ms
  Thread calibration: mean lat.: 407.895ms, rate sampling interval: 1359ms
  Thread calibration: mean lat.: 373.369ms, rate sampling interval: 1055ms
  Thread calibration: mean lat.: 416.164ms, rate sampling interval: 1318ms
  Thread calibration: mean lat.: 409.721ms, rate sampling interval: 1177ms
  Thread calibration: mean lat.: 417.237ms, rate sampling interval: 1410ms
  Thread calibration: mean lat.: 361.107ms, rate sampling interval: 1067ms
  Thread calibration: mean lat.: 412.401ms, rate sampling interval: 1358ms
  Thread calibration: mean lat.: 383.429ms, rate sampling interval: 1123ms
  Thread calibration: mean lat.: 405.479ms, rate sampling interval: 1307ms
  Thread calibration: mean lat.: 399.335ms, rate sampling interval: 1355ms
  Thread calibration: mean lat.: 397.395ms, rate sampling interval: 1420ms
  Thread calibration: mean lat.: 365.001ms, rate sampling interval: 1221ms
  Thread calibration: mean lat.: 381.897ms, rate sampling interval: 1260ms
  Thread calibration: mean lat.: 380.529ms, rate sampling interval: 1177ms
  Thread calibration: mean lat.: 381.968ms, rate sampling interval: 1211ms
  Thread calibration: mean lat.: 358.358ms, rate sampling interval: 1090ms
  Thread calibration: mean lat.: 300.563ms, rate sampling interval: 929ms
  Thread calibration: mean lat.: 361.543ms, rate sampling interval: 1225ms
  Thread calibration: mean lat.: 291.372ms, rate sampling interval: 929ms
  Thread calibration: mean lat.: 388.028ms, rate sampling interval: 1321ms
  Thread calibration: mean lat.: 356.626ms, rate sampling interval: 1156ms
  Thread calibration: mean lat.: 347.995ms, rate sampling interval: 1149ms
  Thread calibration: mean lat.: 351.047ms, rate sampling interval: 1142ms
  Thread calibration: mean lat.: 376.116ms, rate sampling interval: 1246ms
  Thread calibration: mean lat.: 365.128ms, rate sampling interval: 1161ms
  Thread calibration: mean lat.: 403.203ms, rate sampling interval: 1315ms
  Thread calibration: mean lat.: 351.886ms, rate sampling interval: 1091ms
  Thread calibration: mean lat.: 361.323ms, rate sampling interval: 1128ms
  Thread calibration: mean lat.: 345.906ms, rate sampling interval: 1026ms
  Thread calibration: mean lat.: 382.242ms, rate sampling interval: 1217ms
  Thread calibration: mean lat.: 394.223ms, rate sampling interval: 1330ms
  Thread calibration: mean lat.: 385.547ms, rate sampling interval: 1287ms
  Thread calibration: mean lat.: 428.243ms, rate sampling interval: 1373ms
  Thread calibration: mean lat.: 422.491ms, rate sampling interval: 1250ms
  Thread calibration: mean lat.: 332.730ms, rate sampling interval: 1034ms
  Thread calibration: mean lat.: 418.524ms, rate sampling interval: 1310ms
  Thread calibration: mean lat.: 380.061ms, rate sampling interval: 1143ms
  Thread calibration: mean lat.: 420.407ms, rate sampling interval: 1326ms
  Thread calibration: mean lat.: 369.446ms, rate sampling interval: 1185ms
  Thread calibration: mean lat.: 370.932ms, rate sampling interval: 1127ms
  Thread calibration: mean lat.: 447.392ms, rate sampling interval: 1498ms
  Thread calibration: mean lat.: 386.822ms, rate sampling interval: 1250ms
  Thread calibration: mean lat.: 359.671ms, rate sampling interval: 1052ms
  Thread calibration: mean lat.: 412.033ms, rate sampling interval: 1267ms
  Thread calibration: mean lat.: 345.518ms, rate sampling interval: 1077ms
  Thread calibration: mean lat.: 383.255ms, rate sampling interval: 1175ms
  Thread calibration: mean lat.: 372.593ms, rate sampling interval: 1092ms
  Thread calibration: mean lat.: 382.595ms, rate sampling interval: 1117ms
  Thread calibration: mean lat.: 425.046ms, rate sampling interval: 1362ms
  Thread calibration: mean lat.: 389.755ms, rate sampling interval: 1150ms
  Thread calibration: mean lat.: 381.490ms, rate sampling interval: 1148ms
  Thread calibration: mean lat.: 349.476ms, rate sampling interval: 1061ms
  Thread calibration: mean lat.: 392.422ms, rate sampling interval: 1106ms
  Thread calibration: mean lat.: 438.940ms, rate sampling interval: 1499ms
  Thread calibration: mean lat.: 430.268ms, rate sampling interval: 1298ms
  Thread calibration: mean lat.: 396.696ms, rate sampling interval: 1162ms
  Thread calibration: mean lat.: 415.462ms, rate sampling interval: 1210ms
  Thread calibration: mean lat.: 386.957ms, rate sampling interval: 1095ms
  Thread calibration: mean lat.: 415.377ms, rate sampling interval: 1255ms
  Thread calibration: mean lat.: 388.131ms, rate sampling interval: 1093ms
  Thread calibration: mean lat.: 442.559ms, rate sampling interval: 1492ms
  Thread calibration: mean lat.: 430.048ms, rate sampling interval: 1216ms
  Thread calibration: mean lat.: 449.284ms, rate sampling interval: 1432ms
  Thread calibration: mean lat.: 378.674ms, rate sampling interval: 1161ms
  Thread calibration: mean lat.: 420.098ms, rate sampling interval: 1251ms
  Thread calibration: mean lat.: 403.625ms, rate sampling interval: 1154ms
  Thread calibration: mean lat.: 408.440ms, rate sampling interval: 1242ms
  Thread calibration: mean lat.: 422.503ms, rate sampling interval: 1259ms
  Thread calibration: mean lat.: 414.732ms, rate sampling interval: 1229ms

-----------------------------------------------------------------------
Test Results @ http://10.10.1.1:19076 
  Thread Stats   Avg      Stdev     99%   +/- Stdev
    Latency     3.63s     2.16s    9.87s    63.17%
    Req/Sec    42.54      3.92    50.00     86.08%
  Latency Distribution (HdrHistogram - Recorded Latency)
 50.000%    3.29s 
 75.000%    5.12s 
 90.000%    6.66s 
 99.000%    9.87s 
 99.900%   10.89s 
 99.990%   11.30s 
 99.999%   11.62s 
100.000%   11.70s 

  Detailed Percentile spectrum:
       Value   Percentile   TotalCount 1/(1-Percentile)

     240.895     0.000000            1         1.00
     930.303     0.100000        17147         1.11
    1626.111     0.200000        34282         1.25
    2215.935     0.300000        51417         1.43
    2754.559     0.400000        68564         1.67
    3287.039     0.500000        85716         2.00
    3610.623     0.550000        94260         2.22
    3923.967     0.600000       102850         2.50
    4214.783     0.650000       111446         2.86
    4562.943     0.700000       119977         3.33
    5115.903     0.750000       128549         4.00
    5414.911     0.775000       132852         4.44
    5697.535     0.800000       137119         5.00
    5963.775     0.825000       141425         5.71
    6197.247     0.850000       145674         6.67
    6422.527     0.875000       149986         8.00
    6537.215     0.887500       152128         8.89
    6655.999     0.900000       154242        10.00
    6782.975     0.912500       156394        11.43
    6938.623     0.925000       158557        13.33
    7110.655     0.937500       160668        16.00
    7217.151     0.943750       161755        17.78
    7340.031     0.950000       162844        20.00
    7475.199     0.956250       163896        22.86
    7647.231     0.962500       164978        26.67
    7860.223     0.968750       166024        32.00
    8003.583     0.971875       166565        35.56
    8212.479     0.975000       167095        40.00
    8552.447     0.978125       167633        45.71
    8953.855     0.981250       168177        53.33
    9297.919     0.984375       168706        64.00
    9453.567     0.985938       168976        71.11
    9617.407     0.987500       169240        80.00
    9781.247     0.989062       169512        91.43
    9920.511     0.990625       169777       106.67
   10067.967     0.992188       170043       128.00
   10133.503     0.992969       170188       142.22
   10199.039     0.993750       170317       160.00
   10264.575     0.994531       170446       182.86
   10354.687     0.995313       170586       213.33
   10436.607     0.996094       170714       256.00
   10477.567     0.996484       170791       284.44
   10526.719     0.996875       170851       320.00
   10584.063     0.997266       170916       365.71
   10641.407     0.997656       170985       426.67
   10706.943     0.998047       171057       512.00
   10731.519     0.998242       171080       568.89
   10764.287     0.998437       171113       640.00
   10797.055     0.998633       171151       731.43
   10838.015     0.998828       171183       853.33
   10887.167     0.999023       171219      1024.00
   10911.743     0.999121       171231      1137.78
   10952.703     0.999219       171250      1280.00
   10977.279     0.999316       171265      1462.86
   11001.855     0.999414       171279      1706.67
   11042.815     0.999512       171296      2048.00
   11067.391     0.999561       171305      2275.56
   11083.775     0.999609       171314      2560.00
   11100.159     0.999658       171322      2925.71
   11116.543     0.999707       171329      3413.33
   11149.311     0.999756       171341      4096.00
   11165.695     0.999780       171343      4551.11
   11190.271     0.999805       171347      5120.00
   11206.655     0.999829       171351      5851.43
   11231.231     0.999854       171354      6826.67
   11288.575     0.999878       171360      8192.00
   11304.959     0.999890       171363      9102.22
   11304.959     0.999902       171363     10240.00
   11345.919     0.999915       171366     11702.86
   11362.303     0.999927       171367     13653.33
   11378.687     0.999939       171370     16384.00
   11378.687     0.999945       171370     18204.44
   11411.455     0.999951       171371     20480.00
   11419.647     0.999957       171372     23405.71
   11444.223     0.999963       171373     27306.67
   11452.415     0.999969       171374     32768.00
   11468.799     0.999973       171375     36408.89
   11468.799     0.999976       171375     40960.00
   11599.871     0.999979       171376     46811.43
   11599.871     0.999982       171376     54613.33
   11624.447     0.999985       171377     65536.00
   11624.447     0.999986       171377     72817.78
   11624.447     0.999988       171377     81920.00
   11673.599     0.999989       171378     93622.86
   11673.599     0.999991       171378    109226.67
   11673.599     0.999992       171378    131072.00
   11673.599     0.999993       171378    145635.56
   11673.599     0.999994       171378    163840.00
   11698.175     0.999995       171379    187245.71
   11698.175     1.000000       171379          inf
#[Mean    =     3633.498, StdDeviation   =     2164.650]
#[Max     =    11689.984, Total count    =       171379]
#[Buckets =           27, SubBuckets     =         2048]
-----------------------------------------------------------------------
  208353 requests in 1.00m, 32.31MB read
Requests/sec:   3484.91  
Transfer/sec:    553.36KB
