setup: assigned thread_id=1
init: final thread_id=1, base_seed=nil
script_want_response
Running 2m test @ http://10.10.1.1:17628
  1 threads and 10 connections

  Thread calibration: mean lat.: 61.703ms, rate sampling interval: 134ms

-----------------------------------------------------------------------
Test Results @ http://10.10.1.1:17628 
  Thread Stats   Avg      Stdev     99%   +/- Stdev
    Latency     7.69ms    0.93ms  10.18ms   74.34%
    Req/Sec   100.00     33.21   150.00     70.19%
  Latency Distribution (HdrHistogram - Recorded Latency)
 50.000%    7.50ms
 75.000%    8.15ms
 90.000%    9.01ms
 99.000%   10.18ms
 99.900%   13.23ms
 99.990%   14.26ms
 99.999%   14.69ms
100.000%   14.69ms

  Detailed Percentile spectrum:
       Value   Percentile   TotalCount 1/(1-Percentile)

       4.695     0.000000            1         1.00
       6.779     0.100000          908         1.11
       7.011     0.200000         1807         1.25
       7.179     0.300000         2706         1.43
       7.339     0.400000         3632         1.67
       7.499     0.500000         4503         2.00
       7.583     0.550000         4951         2.22
       7.699     0.600000         5404         2.50
       7.827     0.650000         5867         2.86
       7.975     0.700000         6315         3.33
       8.155     0.750000         6751         4.00
       8.287     0.775000         6977         4.44
       8.415     0.800000         7214         5.00
       8.559     0.825000         7435         5.71
       8.703     0.850000         7650         6.67
       8.863     0.875000         7880         8.00
       8.927     0.887500         7987         8.89
       9.015     0.900000         8109        10.00
       9.095     0.912500         8212        11.43
       9.183     0.925000         8333        13.33
       9.279     0.937500         8443        16.00
       9.335     0.943750         8502        17.78
       9.375     0.950000         8549        20.00
       9.439     0.956250         8607        22.86
       9.503     0.962500         8662        26.67
       9.591     0.968750         8717        32.00
       9.631     0.971875         8745        35.56
       9.703     0.975000         8774        40.00
       9.759     0.978125         8804        45.71
       9.823     0.981250         8830        53.33
       9.911     0.984375         8858        64.00
       9.951     0.985938         8874        71.11
      10.007     0.987500         8887        80.00
      10.071     0.989062         8900        91.43
      10.223     0.990625         8915       106.67
      10.375     0.992188         8929       128.00
      10.479     0.992969         8935       142.22
      10.575     0.993750         8942       160.00
      10.823     0.994531         8949       182.86
      11.383     0.995313         8957       213.33
      11.519     0.996094         8963       256.00
      11.631     0.996484         8967       284.44
      11.671     0.996875         8970       320.00
      11.903     0.997266         8974       365.71
      12.095     0.997656         8977       426.67
      12.831     0.998047         8981       512.00
      12.847     0.998242         8983       568.89
      12.919     0.998437         8984       640.00
      12.951     0.998633         8986       731.43
      13.119     0.998828         8988       853.33
      13.263     0.999023         8990      1024.00
      13.399     0.999121         8991      1137.78
      13.399     0.999219         8991      1280.00
      13.583     0.999316         8992      1462.86
      13.943     0.999414         8993      1706.67
      13.959     0.999512         8994      2048.00
      14.007     0.999561         8995      2275.56
      14.007     0.999609         8995      2560.00
      14.007     0.999658         8995      2925.71
      14.063     0.999707         8996      3413.33
      14.063     0.999756         8996      4096.00
      14.255     0.999780         8997      4551.11
      14.255     0.999805         8997      5120.00
      14.255     0.999829         8997      5851.43
      14.255     0.999854         8997      6826.67
      14.255     0.999878         8997      8192.00
      14.695     0.999890         8998      9102.22
      14.695     1.000000         8998          inf
#[Mean    =        7.693, StdDeviation   =        0.934]
#[Max     =       14.688, Total count    =         8998]
#[Buckets =           27, SubBuckets     =         2048]
-----------------------------------------------------------------------
  9991 requests in 1.67m, 1.55MB read
Requests/sec:     99.90  
Transfer/sec:     15.86KB

=== rps=2000 c=200 t=20 url=http://10.10.1.1:17628 ===
setup: assigned thread_id=1
init: final thread_id=1, base_seed=nil
setup: assigned thread_id=2
init: final thread_id=2, base_seed=nil
setup: assigned thread_id=3
init: final thread_id=3, base_seed=nil
setup: assigned thread_id=4
init: final thread_id=4, base_seed=nil
setup: assigned thread_id=5
init: final thread_id=5, base_seed=nil
setup: assigned thread_id=6
init: final thread_id=6, base_seed=nil
setup: assigned thread_id=7
init: final thread_id=7, base_seed=nil
setup: assigned thread_id=8
init: final thread_id=8, base_seed=nil
setup: assigned thread_id=9
init: final thread_id=9, base_seed=nil
setup: assigned thread_id=10
init: final thread_id=10, base_seed=nil
setup: assigned thread_id=11
init: final thread_id=11, base_seed=nil
setup: assigned thread_id=12
init: final thread_id=12, base_seed=nil
setup: assigned thread_id=13
init: final thread_id=13, base_seed=nil
setup: assigned thread_id=14
init: final thread_id=14, base_seed=nil
setup: assigned thread_id=15
init: final thread_id=15, base_seed=nil
setup: assigned thread_id=16
init: final thread_id=16, base_seed=nil
setup: assigned thread_id=17
init: final thread_id=17, base_seed=nil
setup: assigned thread_id=18
init: final thread_id=18, base_seed=nil
setup: assigned thread_id=19
init: final thread_id=19, base_seed=nil
setup: assigned thread_id=20
init: final thread_id=20, base_seed=nil
script_want_response
Running 1m test @ http://10.10.1.1:17628
  20 threads and 200 connections

  Thread calibration: mean lat.: 9.344ms, rate sampling interval: 24ms
  Thread calibration: mean lat.: 9.613ms, rate sampling interval: 25ms
  Thread calibration: mean lat.: 10.099ms, rate sampling interval: 27ms
  Thread calibration: mean lat.: 10.294ms, rate sampling interval: 27ms
  Thread calibration: mean lat.: 10.921ms, rate sampling interval: 30ms
  Thread calibration: mean lat.: 12.073ms, rate sampling interval: 34ms
  Thread calibration: mean lat.: 12.244ms, rate sampling interval: 34ms
  Thread calibration: mean lat.: 12.764ms, rate sampling interval: 34ms
  Thread calibration: mean lat.: 13.917ms, rate sampling interval: 34ms
  Thread calibration: mean lat.: 13.807ms, rate sampling interval: 34ms
  Thread calibration: mean lat.: 12.501ms, rate sampling interval: 33ms
  Thread calibration: mean lat.: 12.494ms, rate sampling interval: 32ms
  Thread calibration: mean lat.: 12.212ms, rate sampling interval: 30ms
  Thread calibration: mean lat.: 12.069ms, rate sampling interval: 30ms
  Thread calibration: mean lat.: 11.990ms, rate sampling interval: 31ms
  Thread calibration: mean lat.: 12.848ms, rate sampling interval: 34ms
  Thread calibration: mean lat.: 12.846ms, rate sampling interval: 34ms
  Thread calibration: mean lat.: 12.747ms, rate sampling interval: 33ms
  Thread calibration: mean lat.: 12.413ms, rate sampling interval: 33ms
  Thread calibration: mean lat.: 11.985ms, rate sampling interval: 32ms

-----------------------------------------------------------------------
Test Results @ http://10.10.1.1:17628 
  Thread Stats   Avg      Stdev     99%   +/- Stdev
    Latency    13.49ms    5.59ms  37.31ms   88.30%
    Req/Sec   101.43    111.23   375.00     80.90%
  Latency Distribution (HdrHistogram - Recorded Latency)
 50.000%   12.35ms
 75.000%   15.44ms
 90.000%   18.58ms
 99.000%   37.31ms
 99.900%   61.76ms
 99.990%   69.12ms
 99.999%   70.14ms
100.000%   81.02ms

  Detailed Percentile spectrum:
       Value   Percentile   TotalCount 1/(1-Percentile)

       6.323     0.000000            1         1.00
       8.663     0.100000        10044         1.11
       9.591     0.200000        20015         1.25
      10.503     0.300000        29976         1.43
      11.383     0.400000        39997         1.67
      12.351     0.500000        49977         2.00
      12.847     0.550000        55019         2.22
      13.367     0.600000        59952         2.50
      13.975     0.650000        64982         2.86
      14.671     0.700000        69945         3.33
      15.439     0.750000        74947         4.00
      15.831     0.775000        77441         4.44
      16.231     0.800000        79961         5.00
      16.655     0.825000        82442         5.71
      17.151     0.850000        84996         6.67
      17.759     0.875000        87439         8.00
      18.143     0.887500        88698         8.89
      18.575     0.900000        89950        10.00
      19.119     0.912500        91175        11.43
      19.775     0.925000        92421        13.33
      20.639     0.937500        93667        16.00
      21.151     0.943750        94295        17.78
      21.711     0.950000        94914        20.00
      22.383     0.956250        95543        22.86
      23.359     0.962500        96170        26.67
      24.735     0.968750        96786        32.00
      25.615     0.971875        97101        35.56
      26.815     0.975000        97416        40.00
      28.399     0.978125        97722        45.71
      30.543     0.981250        98033        53.33
      32.591     0.984375        98344        64.00
      33.759     0.985938        98504        71.11
      35.135     0.987500        98662        80.00
      36.511     0.989062        98816        91.43
      37.983     0.990625        98971       106.67
      39.647     0.992188        99127       128.00
      40.575     0.992969        99203       142.22
      42.207     0.993750        99282       160.00
      43.967     0.994531        99359       182.86
      46.335     0.995313        99439       213.33
      48.383     0.996094        99515       256.00
      49.695     0.996484        99554       284.44
      51.295     0.996875        99593       320.00
      53.759     0.997266        99632       365.71
      55.999     0.997656        99671       426.67
      57.727     0.998047        99710       512.00
      58.847     0.998242        99730       568.89
      60.255     0.998437        99749       640.00
      60.831     0.998633        99769       731.43
      61.471     0.998828        99788       853.33
      61.887     0.999023        99809      1024.00
      62.239     0.999121        99819      1137.78
      62.495     0.999219        99827      1280.00
      62.943     0.999316        99838      1462.86
      63.423     0.999414        99848      1706.67
      64.159     0.999512        99858      2048.00
      65.375     0.999561        99862      2275.56
      65.791     0.999609        99866      2560.00
      67.071     0.999658        99872      2925.71
      67.327     0.999707        99876      3413.33
      67.775     0.999756        99881      4096.00
      68.287     0.999780        99886      4551.11
      68.287     0.999805        99886      5120.00
      68.479     0.999829        99888      5851.43
      68.799     0.999854        99892      6826.67
      68.927     0.999878        99893      8192.00
      69.119     0.999890        99895      9102.22
      69.183     0.999902        99898     10240.00
      69.183     0.999915        99898     11702.86
      69.183     0.999927        99898     13653.33
      69.439     0.999939        99900     16384.00
      69.439     0.999945        99900     18204.44
      69.567     0.999951        99902     20480.00
      69.567     0.999957        99902     23405.71
      69.567     0.999963        99902     27306.67
      69.567     0.999969        99902     32768.00
      69.759     0.999973        99903     36408.89
      69.759     0.999976        99903     40960.00
      69.759     0.999979        99903     46811.43
      70.143     0.999982        99904     54613.33
      70.143     0.999985        99904     65536.00
      70.143     0.999986        99904     72817.78
      70.143     0.999988        99904     81920.00
      70.143     0.999989        99904     93622.86
      81.023     0.999991        99905    109226.67
      81.023     1.000000        99905          inf
#[Mean    =       13.493, StdDeviation   =        5.594]
#[Max     =       80.960, Total count    =        99905]
#[Buckets =           27, SubBuckets     =         2048]
-----------------------------------------------------------------------
  119735 requests in 1.00m, 18.57MB read
Requests/sec:   1998.34  
Transfer/sec:    317.33KB

=== rps=2200 c=242 t=25 url=http://10.10.1.1:17628 ===
setup: assigned thread_id=1
init: final thread_id=1, base_seed=nil
setup: assigned thread_id=2
init: final thread_id=2, base_seed=nil
setup: assigned thread_id=3
init: final thread_id=3, base_seed=nil
setup: assigned thread_id=4
init: final thread_id=4, base_seed=nil
setup: assigned thread_id=5
init: final thread_id=5, base_seed=nil
setup: assigned thread_id=6
init: final thread_id=6, base_seed=nil
setup: assigned thread_id=7
init: final thread_id=7, base_seed=nil
setup: assigned thread_id=8
init: final thread_id=8, base_seed=nil
setup: assigned thread_id=9
init: final thread_id=9, base_seed=nil
setup: assigned thread_id=10
init: final thread_id=10, base_seed=nil
setup: assigned thread_id=11
init: final thread_id=11, base_seed=nil
setup: assigned thread_id=12
init: final thread_id=12, base_seed=nil
setup: assigned thread_id=13
init: final thread_id=13, base_seed=nil
setup: assigned thread_id=14
init: final thread_id=14, base_seed=nil
setup: assigned thread_id=15
init: final thread_id=15, base_seed=nil
setup: assigned thread_id=16
init: final thread_id=16, base_seed=nil
setup: assigned thread_id=17
init: final thread_id=17, base_seed=nil
setup: assigned thread_id=18
init: final thread_id=18, base_seed=nil
setup: assigned thread_id=19
init: final thread_id=19, base_seed=nil
setup: assigned thread_id=20
init: final thread_id=20, base_seed=nil
setup: assigned thread_id=21
init: final thread_id=21, base_seed=nil
setup: assigned thread_id=22
init: final thread_id=22, base_seed=nil
setup: assigned thread_id=23
init: final thread_id=23, base_seed=nil
setup: assigned thread_id=24
init: final thread_id=24, base_seed=nil
setup: assigned thread_id=25
init: final thread_id=25, base_seed=nil
script_want_response
Running 1m test @ http://10.10.1.1:17628
  25 threads and 242 connections

  Thread calibration: mean lat.: 11.399ms, rate sampling interval: 31ms
  Thread calibration: mean lat.: 11.308ms, rate sampling interval: 31ms
  Thread calibration: mean lat.: 11.495ms, rate sampling interval: 31ms
  Thread calibration: mean lat.: 11.683ms, rate sampling interval: 32ms
  Thread calibration: mean lat.: 11.934ms, rate sampling interval: 32ms
  Thread calibration: mean lat.: 12.428ms, rate sampling interval: 34ms
  Thread calibration: mean lat.: 12.598ms, rate sampling interval: 34ms
  Thread calibration: mean lat.: 12.844ms, rate sampling interval: 35ms
  Thread calibration: mean lat.: 13.316ms, rate sampling interval: 35ms
  Thread calibration: mean lat.: 13.654ms, rate sampling interval: 36ms
  Thread calibration: mean lat.: 13.336ms, rate sampling interval: 36ms
  Thread calibration: mean lat.: 13.240ms, rate sampling interval: 35ms
  Thread calibration: mean lat.: 13.278ms, rate sampling interval: 35ms
  Thread calibration: mean lat.: 13.023ms, rate sampling interval: 34ms
  Thread calibration: mean lat.: 13.311ms, rate sampling interval: 36ms
  Thread calibration: mean lat.: 13.241ms, rate sampling interval: 35ms
  Thread calibration: mean lat.: 15.933ms, rate sampling interval: 47ms
  Thread calibration: mean lat.: 16.520ms, rate sampling interval: 48ms
  Thread calibration: mean lat.: 16.934ms, rate sampling interval: 49ms
  Thread calibration: mean lat.: 17.456ms, rate sampling interval: 50ms
  Thread calibration: mean lat.: 18.014ms, rate sampling interval: 51ms
  Thread calibration: mean lat.: 17.903ms, rate sampling interval: 51ms
  Thread calibration: mean lat.: 17.936ms, rate sampling interval: 50ms
  Thread calibration: mean lat.: 17.712ms, rate sampling interval: 49ms
  Thread calibration: mean lat.: 17.338ms, rate sampling interval: 48ms

-----------------------------------------------------------------------
Test Results @ http://10.10.1.1:17628 
  Thread Stats   Avg      Stdev     99%   +/- Stdev
    Latency    15.36ms    5.91ms  35.74ms   76.93%
    Req/Sec    88.92     90.41   290.00     78.14%
  Latency Distribution (HdrHistogram - Recorded Latency)
 50.000%   13.94ms
 75.000%   17.98ms
 90.000%   22.93ms
 99.000%   35.74ms
 99.900%   48.42ms
 99.990%   58.43ms
 99.999%   88.32ms
100.000%   92.80ms

  Detailed Percentile spectrum:
       Value   Percentile   TotalCount 1/(1-Percentile)

       6.823     0.000000            1         1.00
       9.519     0.100000        11040         1.11
      10.631     0.200000        22001         1.25
      11.695     0.300000        33031         1.43
      12.759     0.400000        43985         1.67
      13.943     0.500000        55014         2.00
      14.575     0.550000        60456         2.22
      15.287     0.600000        65998         2.50
      16.063     0.650000        71458         2.86
      16.975     0.700000        77034         3.33
      17.983     0.750000        82440         4.00
      18.559     0.775000        85188         4.44
      19.215     0.800000        87939         5.00
      19.935     0.825000        90709         5.71
      20.735     0.850000        93441         6.67
      21.727     0.875000        96208         8.00
      22.287     0.887500        97562         8.89
      22.927     0.900000        98936        10.00
      23.663     0.912500       100307        11.43
      24.543     0.925000       101677        13.33
      25.583     0.937500       103050        16.00
      26.223     0.943750       103742        17.78
      26.911     0.950000       104429        20.00
      27.679     0.956250       105114        22.86
      28.655     0.962500       105800        26.67
      29.887     0.968750       106487        32.00
      30.463     0.971875       106827        35.56
      31.151     0.975000       107174        40.00
      31.887     0.978125       107511        45.71
      32.671     0.981250       107856        53.33
      33.503     0.984375       108203        64.00
      34.015     0.985938       108374        71.11
      34.591     0.987500       108544        80.00
      35.263     0.989062       108713        91.43
      36.127     0.990625       108885       106.67
      37.023     0.992188       109057       128.00
      37.631     0.992969       109143       142.22
      38.207     0.993750       109228       160.00
      38.783     0.994531       109313       182.86
      39.423     0.995313       109401       213.33
      40.031     0.996094       109485       256.00
      40.511     0.996484       109529       284.44
      41.119     0.996875       109572       320.00
      41.727     0.997266       109617       365.71
      42.303     0.997656       109658       426.67
      43.359     0.998047       109702       512.00
      43.807     0.998242       109722       568.89
      44.671     0.998437       109744       640.00
      45.855     0.998633       109764       731.43
      47.071     0.998828       109787       853.33
      48.575     0.999023       109807      1024.00
      49.183     0.999121       109818      1137.78
      49.695     0.999219       109830      1280.00
      50.111     0.999316       109840      1462.86
      51.007     0.999414       109850      1706.67
      51.519     0.999512       109861      2048.00
      51.967     0.999561       109866      2275.56
      52.543     0.999609       109872      2560.00
      53.023     0.999658       109877      2925.71
      53.471     0.999707       109882      3413.33
      54.175     0.999756       109888      4096.00
      54.751     0.999780       109890      4551.11
      55.487     0.999805       109893      5120.00
      55.999     0.999829       109896      5851.43
      56.703     0.999854       109898      6826.67
      57.567     0.999878       109901      8192.00
      58.303     0.999890       109902      9102.22
      58.815     0.999902       109904     10240.00
      58.847     0.999915       109905     11702.86
      58.879     0.999927       109906     13653.33
      61.151     0.999939       109908     16384.00
      61.151     0.999945       109908     18204.44
      62.303     0.999951       109909     20480.00
      67.071     0.999957       109910     23405.71
      67.071     0.999963       109910     27306.67
      84.671     0.999969       109911     32768.00
      84.671     0.999973       109911     36408.89
      87.935     0.999976       109912     40960.00
      87.935     0.999979       109912     46811.43
      87.935     0.999982       109912     54613.33
      88.319     0.999985       109913     65536.00
      88.319     0.999986       109913     72817.78
      88.319     0.999988       109913     81920.00
      88.319     0.999989       109913     93622.86
      88.319     0.999991       109913    109226.67
      92.799     0.999992       109914    131072.00
      92.799     1.000000       109914          inf
#[Mean    =       15.363, StdDeviation   =        5.907]
#[Max     =       92.736, Total count    =       109914]
#[Buckets =           27, SubBuckets     =         2048]
-----------------------------------------------------------------------
  131754 requests in 1.00m, 20.43MB read
Requests/sec:   2197.37  
Transfer/sec:    348.98KB

=== rps=2400 c=288 t=29 url=http://10.10.1.1:17628 ===
setup: assigned thread_id=1
init: final thread_id=1, base_seed=nil
setup: assigned thread_id=2
init: final thread_id=2, base_seed=nil
setup: assigned thread_id=3
init: final thread_id=3, base_seed=nil
setup: assigned thread_id=4
init: final thread_id=4, base_seed=nil
setup: assigned thread_id=5
init: final thread_id=5, base_seed=nil
setup: assigned thread_id=6
init: final thread_id=6, base_seed=nil
setup: assigned thread_id=7
init: final thread_id=7, base_seed=nil
setup: assigned thread_id=8
init: final thread_id=8, base_seed=nil
setup: assigned thread_id=9
init: final thread_id=9, base_seed=nil
setup: assigned thread_id=10
init: final thread_id=10, base_seed=nil
setup: assigned thread_id=11
init: final thread_id=11, base_seed=nil
setup: assigned thread_id=12
init: final thread_id=12, base_seed=nil
setup: assigned thread_id=13
init: final thread_id=13, base_seed=nil
setup: assigned thread_id=14
init: final thread_id=14, base_seed=nil
setup: assigned thread_id=15
init: final thread_id=15, base_seed=nil
setup: assigned thread_id=16
init: final thread_id=16, base_seed=nil
setup: assigned thread_id=17
init: final thread_id=17, base_seed=nil
setup: assigned thread_id=18
init: final thread_id=18, base_seed=nil
setup: assigned thread_id=19
init: final thread_id=19, base_seed=nil
setup: assigned thread_id=20
init: final thread_id=20, base_seed=nil
setup: assigned thread_id=21
init: final thread_id=21, base_seed=nil
setup: assigned thread_id=22
init: final thread_id=22, base_seed=nil
setup: assigned thread_id=23
init: final thread_id=23, base_seed=nil
setup: assigned thread_id=24
init: final thread_id=24, base_seed=nil
setup: assigned thread_id=25
init: final thread_id=25, base_seed=nil
setup: assigned thread_id=26
init: final thread_id=26, base_seed=nil
setup: assigned thread_id=27
init: final thread_id=27, base_seed=nil
setup: assigned thread_id=28
init: final thread_id=28, base_seed=nil
setup: assigned thread_id=29
init: final thread_id=29, base_seed=nil
script_want_response
Running 1m test @ http://10.10.1.1:17628
  29 threads and 288 connections

  Thread calibration: mean lat.: 18.838ms, rate sampling interval: 63ms
  Thread calibration: mean lat.: 18.858ms, rate sampling interval: 62ms
  Thread calibration: mean lat.: 18.060ms, rate sampling interval: 60ms
  Thread calibration: mean lat.: 18.241ms, rate sampling interval: 59ms
  Thread calibration: mean lat.: 17.621ms, rate sampling interval: 57ms
  Thread calibration: mean lat.: 17.021ms, rate sampling interval: 56ms
  Thread calibration: mean lat.: 17.014ms, rate sampling interval: 54ms
  Thread calibration: mean lat.: 16.462ms, rate sampling interval: 52ms
  Thread calibration: mean lat.: 16.066ms, rate sampling interval: 48ms
  Thread calibration: mean lat.: 15.540ms, rate sampling interval: 44ms
  Thread calibration: mean lat.: 15.588ms, rate sampling interval: 44ms
  Thread calibration: mean lat.: 16.031ms, rate sampling interval: 47ms
  Thread calibration: mean lat.: 15.838ms, rate sampling interval: 45ms
  Thread calibration: mean lat.: 16.314ms, rate sampling interval: 48ms
  Thread calibration: mean lat.: 17.875ms, rate sampling interval: 54ms
  Thread calibration: mean lat.: 17.706ms, rate sampling interval: 54ms
  Thread calibration: mean lat.: 18.302ms, rate sampling interval: 55ms
  Thread calibration: mean lat.: 23.415ms, rate sampling interval: 69ms
  Thread calibration: mean lat.: 24.404ms, rate sampling interval: 71ms
  Thread calibration: mean lat.: 24.813ms, rate sampling interval: 71ms
  Thread calibration: mean lat.: 25.268ms, rate sampling interval: 71ms
  Thread calibration: mean lat.: 25.594ms, rate sampling interval: 70ms
  Thread calibration: mean lat.: 24.745ms, rate sampling interval: 70ms
  Thread calibration: mean lat.: 23.554ms, rate sampling interval: 68ms
  Thread calibration: mean lat.: 22.544ms, rate sampling interval: 66ms
  Thread calibration: mean lat.: 21.352ms, rate sampling interval: 63ms
  Thread calibration: mean lat.: 20.045ms, rate sampling interval: 61ms
  Thread calibration: mean lat.: 17.515ms, rate sampling interval: 54ms
  Thread calibration: mean lat.: 17.384ms, rate sampling interval: 53ms

-----------------------------------------------------------------------
Test Results @ http://10.10.1.1:17628 
  Thread Stats   Avg      Stdev     99%   +/- Stdev
    Latency    21.56ms   15.01ms  80.19ms   92.50%
    Req/Sec    82.36     59.24   191.00     57.17%
  Latency Distribution (HdrHistogram - Recorded Latency)
 50.000%   18.16ms
 75.000%   25.50ms
 90.000%   34.05ms
 99.000%   80.19ms
 99.900%  201.73ms
 99.990%  303.87ms
 99.999%  342.78ms
100.000%  342.78ms

  Detailed Percentile spectrum:
       Value   Percentile   TotalCount 1/(1-Percentile)

       7.131     0.000000            1         1.00
      10.631     0.100000        11930         1.11
      12.311     0.200000        23801         1.25
      14.103     0.300000        35659         1.43
      15.991     0.400000        47519         1.67
      18.159     0.500000        59444         2.00
      19.375     0.550000        65384         2.22
      20.639     0.600000        71336         2.50
      22.063     0.650000        77216         2.86
      23.679     0.700000        83170         3.33
      25.503     0.750000        89127         4.00
      26.463     0.775000        92066         4.44
      27.599     0.800000        95034         5.00
      28.815     0.825000        98026         5.71
      30.255     0.850000       100975         6.67
      31.983     0.875000       103957         8.00
      32.927     0.887500       105437         8.89
      34.047     0.900000       106949        10.00
      35.263     0.912500       108423        11.43
      36.607     0.925000       109915        13.33
      38.399     0.937500       111385        16.00
      39.551     0.943750       112114        17.78
      41.087     0.950000       112868        20.00
      43.071     0.956250       113599        22.86
      46.463     0.962500       114337        26.67
      51.455     0.968750       115081        32.00
      53.631     0.971875       115451        35.56
      55.807     0.975000       115822        40.00
      58.431     0.978125       116196        45.71
      61.343     0.981250       116565        53.33
      65.055     0.984375       116937        64.00
      67.903     0.985938       117122        71.11
      70.527     0.987500       117310        80.00
      74.751     0.989062       117492        91.43
      83.455     0.990625       117678       106.67
      88.063     0.992188       117864       128.00
      90.943     0.992969       117957       142.22
      93.375     0.993750       118050       160.00
     100.031     0.994531       118142       182.86
     104.767     0.995313       118237       213.33
     107.391     0.996094       118328       256.00
     108.991     0.996484       118374       284.44
     111.487     0.996875       118420       320.00
     118.975     0.997266       118467       365.71
     122.559     0.997656       118514       426.67
     125.695     0.998047       118560       512.00
     138.751     0.998242       118584       568.89
     144.511     0.998437       118606       640.00
     149.887     0.998633       118629       731.43
     173.183     0.998828       118653       853.33
     203.647     0.999023       118675      1024.00
     208.511     0.999121       118687      1137.78
     213.247     0.999219       118699      1280.00
     227.839     0.999316       118710      1462.86
     234.751     0.999414       118722      1706.67
     247.807     0.999512       118733      2048.00
     253.951     0.999561       118739      2275.56
     255.615     0.999609       118745      2560.00
     273.919     0.999658       118751      2925.71
     275.711     0.999707       118759      3413.33
     276.223     0.999756       118762      4096.00
     278.015     0.999780       118765      4551.11
     288.511     0.999805       118768      5120.00
     290.047     0.999829       118771      5851.43
     291.071     0.999854       118775      6826.67
     302.847     0.999878       118777      8192.00
     303.871     0.999890       118779      9102.22
     304.127     0.999902       118780     10240.00
     304.383     0.999915       118782     11702.86
     304.639     0.999927       118783     13653.33
     315.647     0.999939       118784     16384.00
     316.415     0.999945       118785     18204.44
     316.671     0.999951       118786     20480.00
     316.671     0.999957       118786     23405.71
     317.951     0.999963       118787     27306.67
     340.991     0.999969       118788     32768.00
     340.991     0.999973       118788     36408.89
     342.015     0.999976       118789     40960.00
     342.015     0.999979       118789     46811.43
     342.015     0.999982       118789     54613.33
     342.783     0.999985       118791     65536.00
     342.783     1.000000       118791          inf
#[Mean    =       21.559, StdDeviation   =       15.013]
#[Max     =      342.528, Total count    =       118791]
#[Buckets =           27, SubBuckets     =         2048]
-----------------------------------------------------------------------
  142379 requests in 1.00m, 22.08MB read
Requests/sec:   2375.11  
Transfer/sec:    377.18KB

=== rps=2600 c=338 t=34 url=http://10.10.1.1:17628 ===
setup: assigned thread_id=1
init: final thread_id=1, base_seed=nil
setup: assigned thread_id=2
init: final thread_id=2, base_seed=nil
setup: assigned thread_id=3
init: final thread_id=3, base_seed=nil
setup: assigned thread_id=4
init: final thread_id=4, base_seed=nil
setup: assigned thread_id=5
init: final thread_id=5, base_seed=nil
setup: assigned thread_id=6
init: final thread_id=6, base_seed=nil
setup: assigned thread_id=7
init: final thread_id=7, base_seed=nil
setup: assigned thread_id=8
init: final thread_id=8, base_seed=nil
setup: assigned thread_id=9
init: final thread_id=9, base_seed=nil
setup: assigned thread_id=10
init: final thread_id=10, base_seed=nil
setup: assigned thread_id=11
init: final thread_id=11, base_seed=nil
setup: assigned thread_id=12
init: final thread_id=12, base_seed=nil
setup: assigned thread_id=13
init: final thread_id=13, base_seed=nil
setup: assigned thread_id=14
init: final thread_id=14, base_seed=nil
setup: assigned thread_id=15
init: final thread_id=15, base_seed=nil
setup: assigned thread_id=16
init: final thread_id=16, base_seed=nil
setup: assigned thread_id=17
init: final thread_id=17, base_seed=nil
setup: assigned thread_id=18
init: final thread_id=18, base_seed=nil
setup: assigned thread_id=19
init: final thread_id=19, base_seed=nil
setup: assigned thread_id=20
init: final thread_id=20, base_seed=nil
setup: assigned thread_id=21
init: final thread_id=21, base_seed=nil
setup: assigned thread_id=22
init: final thread_id=22, base_seed=nil
setup: assigned thread_id=23
init: final thread_id=23, base_seed=nil
setup: assigned thread_id=24
init: final thread_id=24, base_seed=nil
setup: assigned thread_id=25
init: final thread_id=25, base_seed=nil
setup: assigned thread_id=26
init: final thread_id=26, base_seed=nil
setup: assigned thread_id=27
init: final thread_id=27, base_seed=nil
setup: assigned thread_id=28
init: final thread_id=28, base_seed=nil
setup: assigned thread_id=29
init: final thread_id=29, base_seed=nil
setup: assigned thread_id=30
init: final thread_id=30, base_seed=nil
setup: assigned thread_id=31
init: final thread_id=31, base_seed=nil
setup: assigned thread_id=32
init: final thread_id=32, base_seed=nil
setup: assigned thread_id=33
init: final thread_id=33, base_seed=nil
setup: assigned thread_id=34
init: final thread_id=34, base_seed=nil
script_want_response
Running 1m test @ http://10.10.1.1:17628
  34 threads and 338 connections

  Thread calibration: mean lat.: 50.660ms, rate sampling interval: 197ms
  Thread calibration: mean lat.: 46.080ms, rate sampling interval: 182ms
  Thread calibration: mean lat.: 46.017ms, rate sampling interval: 189ms
  Thread calibration: mean lat.: 42.812ms, rate sampling interval: 190ms
  Thread calibration: mean lat.: 41.391ms, rate sampling interval: 188ms
  Thread calibration: mean lat.: 39.589ms, rate sampling interval: 186ms
  Thread calibration: mean lat.: 38.994ms, rate sampling interval: 184ms
  Thread calibration: mean lat.: 37.118ms, rate sampling interval: 174ms
  Thread calibration: mean lat.: 36.187ms, rate sampling interval: 167ms
  Thread calibration: mean lat.: 36.146ms, rate sampling interval: 165ms
  Thread calibration: mean lat.: 31.551ms, rate sampling interval: 143ms
  Thread calibration: mean lat.: 31.126ms, rate sampling interval: 132ms
  Thread calibration: mean lat.: 30.499ms, rate sampling interval: 143ms
  Thread calibration: mean lat.: 29.349ms, rate sampling interval: 144ms
  Thread calibration: mean lat.: 29.069ms, rate sampling interval: 143ms
  Thread calibration: mean lat.: 28.698ms, rate sampling interval: 143ms
  Thread calibration: mean lat.: 33.155ms, rate sampling interval: 137ms
  Thread calibration: mean lat.: 35.487ms, rate sampling interval: 137ms
  Thread calibration: mean lat.: 38.123ms, rate sampling interval: 135ms
  Thread calibration: mean lat.: 35.788ms, rate sampling interval: 171ms
  Thread calibration: mean lat.: 38.825ms, rate sampling interval: 136ms
  Thread calibration: mean lat.: 40.569ms, rate sampling interval: 134ms
  Thread calibration: mean lat.: 40.716ms, rate sampling interval: 136ms
  Thread calibration: mean lat.: 45.000ms, rate sampling interval: 141ms
  Thread calibration: mean lat.: 44.020ms, rate sampling interval: 144ms
  Thread calibration: mean lat.: 39.604ms, rate sampling interval: 147ms
  Thread calibration: mean lat.: 43.333ms, rate sampling interval: 151ms
  Thread calibration: mean lat.: 42.142ms, rate sampling interval: 179ms
  Thread calibration: mean lat.: 37.910ms, rate sampling interval: 177ms
  Thread calibration: mean lat.: 38.129ms, rate sampling interval: 177ms
  Thread calibration: mean lat.: 33.845ms, rate sampling interval: 167ms
  Thread calibration: mean lat.: 33.555ms, rate sampling interval: 164ms
  Thread calibration: mean lat.: 33.865ms, rate sampling interval: 165ms
  Thread calibration: mean lat.: 35.528ms, rate sampling interval: 164ms

-----------------------------------------------------------------------
Test Results @ http://10.10.1.1:17628 
  Thread Stats   Avg      Stdev     99%   +/- Stdev
    Latency    24.48ms   16.48ms 103.23ms   93.06%
    Req/Sec    75.66     19.29   125.00     65.55%
  Latency Distribution (HdrHistogram - Recorded Latency)
 50.000%   20.67ms
 75.000%   28.33ms
 90.000%   37.09ms
 99.000%  103.23ms
 99.900%  147.58ms
 99.990%  164.22ms
 99.999%  167.04ms
100.000%  167.29ms

  Detailed Percentile spectrum:
       Value   Percentile   TotalCount 1/(1-Percentile)

       8.059     0.000000            1         1.00
      12.103     0.100000        12927         1.11
      14.039     0.200000        25802         1.25
      15.959     0.300000        38721         1.43
      18.143     0.400000        51598         1.67
      20.671     0.500000        64541         2.00
      22.015     0.550000        70928         2.22
      23.455     0.600000        77420         2.50
      24.943     0.650000        83842         2.86
      26.543     0.700000        90264         3.33
      28.335     0.750000        96731         4.00
      29.327     0.775000        99965         4.44
      30.431     0.800000       103171         5.00
      31.679     0.825000       106409         5.71
      33.183     0.850000       109617         6.67
      34.943     0.875000       112846         8.00
      35.935     0.887500       114459         8.89
      37.087     0.900000       116099        10.00
      38.399     0.912500       117678        11.43
      40.031     0.925000       119277        13.33
      42.335     0.937500       120898        16.00
      44.031     0.943750       121707        17.78
      46.399     0.950000       122503        20.00
      49.503     0.956250       123311        22.86
      54.591     0.962500       124112        26.67
      66.303     0.968750       124921        32.00
      71.423     0.971875       125321        35.56
      76.927     0.975000       125727        40.00
      83.711     0.978125       126128        45.71
      88.767     0.981250       126530        53.33
      94.207     0.984375       126933        64.00
      96.959     0.985938       127134        71.11
      99.519     0.987500       127337        80.00
     101.887     0.989062       127539        91.43
     104.895     0.990625       127739       106.67
     108.031     0.992188       127940       128.00
     110.335     0.992969       128040       142.22
     112.767     0.993750       128141       160.00
     118.591     0.994531       128243       182.86
     123.775     0.995313       128342       213.33
     129.407     0.996094       128445       256.00
     132.479     0.996484       128493       284.44
     134.527     0.996875       128545       320.00
     136.959     0.997266       128594       365.71
     138.751     0.997656       128646       426.67
     140.415     0.998047       128699       512.00
     141.567     0.998242       128722       568.89
     142.719     0.998437       128746       640.00
     143.999     0.998633       128770       731.43
     145.791     0.998828       128795       853.33
     148.095     0.999023       128821      1024.00
     149.375     0.999121       128834      1137.78
     150.783     0.999219       128846      1280.00
     151.423     0.999316       128859      1462.86
     152.959     0.999414       128872      1706.67
     155.135     0.999512       128884      2048.00
     156.927     0.999561       128891      2275.56
     157.695     0.999609       128896      2560.00
     158.719     0.999658       128903      2925.71
     159.743     0.999707       128909      3413.33
     160.639     0.999756       128915      4096.00
     161.023     0.999780       128918      4551.11
     161.535     0.999805       128922      5120.00
     162.431     0.999829       128924      5851.43
     162.815     0.999854       128928      6826.67
     163.967     0.999878       128931      8192.00
     164.095     0.999890       128932      9102.22
     164.351     0.999902       128936     10240.00
     164.351     0.999915       128936     11702.86
     164.479     0.999927       128937     13653.33
     164.863     0.999939       128939     16384.00
     164.863     0.999945       128939     18204.44
     165.119     0.999951       128940     20480.00
     165.375     0.999957       128941     23405.71
     166.015     0.999963       128942     27306.67
     166.911     0.999969       128944     32768.00
     166.911     0.999973       128944     36408.89
     166.911     0.999976       128944     40960.00
     166.911     0.999979       128944     46811.43
     166.911     0.999982       128944     54613.33
     167.039     0.999985       128945     65536.00
     167.039     0.999986       128945     72817.78
     167.039     0.999988       128945     81920.00
     167.039     0.999989       128945     93622.86
     167.039     0.999991       128945    109226.67
     167.295     0.999992       128946    131072.00
     167.295     1.000000       128946          inf
#[Mean    =       24.484, StdDeviation   =       16.483]
#[Max     =      167.168, Total count    =       128946]
#[Buckets =           27, SubBuckets     =         2048]
-----------------------------------------------------------------------
  154561 requests in 1.00m, 23.96MB read
Requests/sec:   2578.90  
Transfer/sec:    409.46KB

=== rps=2800 c=392 t=40 url=http://10.10.1.1:17628 ===
setup: assigned thread_id=1
init: final thread_id=1, base_seed=nil
setup: assigned thread_id=2
init: final thread_id=2, base_seed=nil
setup: assigned thread_id=3
init: final thread_id=3, base_seed=nil
setup: assigned thread_id=4
init: final thread_id=4, base_seed=nil
setup: assigned thread_id=5
init: final thread_id=5, base_seed=nil
setup: assigned thread_id=6
init: final thread_id=6, base_seed=nil
setup: assigned thread_id=7
init: final thread_id=7, base_seed=nil
setup: assigned thread_id=8
init: final thread_id=8, base_seed=nil
setup: assigned thread_id=9
init: final thread_id=9, base_seed=nil
setup: assigned thread_id=10
init: final thread_id=10, base_seed=nil
setup: assigned thread_id=11
init: final thread_id=11, base_seed=nil
setup: assigned thread_id=12
init: final thread_id=12, base_seed=nil
setup: assigned thread_id=13
init: final thread_id=13, base_seed=nil
setup: assigned thread_id=14
init: final thread_id=14, base_seed=nil
setup: assigned thread_id=15
init: final thread_id=15, base_seed=nil
setup: assigned thread_id=16
init: final thread_id=16, base_seed=nil
setup: assigned thread_id=17
init: final thread_id=17, base_seed=nil
setup: assigned thread_id=18
init: final thread_id=18, base_seed=nil
setup: assigned thread_id=19
init: final thread_id=19, base_seed=nil
setup: assigned thread_id=20
init: final thread_id=20, base_seed=nil
setup: assigned thread_id=21
init: final thread_id=21, base_seed=nil
setup: assigned thread_id=22
init: final thread_id=22, base_seed=nil
setup: assigned thread_id=23
init: final thread_id=23, base_seed=nil
setup: assigned thread_id=24
init: final thread_id=24, base_seed=nil
setup: assigned thread_id=25
init: final thread_id=25, base_seed=nil
setup: assigned thread_id=26
init: final thread_id=26, base_seed=nil
setup: assigned thread_id=27
init: final thread_id=27, base_seed=nil
setup: assigned thread_id=28
init: final thread_id=28, base_seed=nil
setup: assigned thread_id=29
init: final thread_id=29, base_seed=nil
setup: assigned thread_id=30
init: final thread_id=30, base_seed=nil
setup: assigned thread_id=31
init: final thread_id=31, base_seed=nil
setup: assigned thread_id=32
init: final thread_id=32, base_seed=nil
setup: assigned thread_id=33
init: final thread_id=33, base_seed=nil
setup: assigned thread_id=34
init: final thread_id=34, base_seed=nil
setup: assigned thread_id=35
init: final thread_id=35, base_seed=nil
setup: assigned thread_id=36
init: final thread_id=36, base_seed=nil
setup: assigned thread_id=37
init: final thread_id=37, base_seed=nil
setup: assigned thread_id=38
init: final thread_id=38, base_seed=nil
setup: assigned thread_id=39
init: final thread_id=39, base_seed=nil
setup: assigned thread_id=40
init: final thread_id=40, base_seed=nil
script_want_response
Running 1m test @ http://10.10.1.1:17628
  40 threads and 392 connections

  Thread calibration: mean lat.: 36.233ms, rate sampling interval: 106ms
  Thread calibration: mean lat.: 38.921ms, rate sampling interval: 107ms
  Thread calibration: mean lat.: 40.681ms, rate sampling interval: 108ms
  Thread calibration: mean lat.: 42.508ms, rate sampling interval: 108ms
  Thread calibration: mean lat.: 43.466ms, rate sampling interval: 108ms
  Thread calibration: mean lat.: 43.805ms, rate sampling interval: 105ms
  Thread calibration: mean lat.: 44.204ms, rate sampling interval: 106ms
  Thread calibration: mean lat.: 43.663ms, rate sampling interval: 104ms
  Thread calibration: mean lat.: 43.519ms, rate sampling interval: 104ms
  Thread calibration: mean lat.: 43.105ms, rate sampling interval: 104ms
  Thread calibration: mean lat.: 35.177ms, rate sampling interval: 97ms
  Thread calibration: mean lat.: 30.287ms, rate sampling interval: 93ms
  Thread calibration: mean lat.: 29.687ms, rate sampling interval: 91ms
  Thread calibration: mean lat.: 27.319ms, rate sampling interval: 89ms
  Thread calibration: mean lat.: 24.793ms, rate sampling interval: 85ms
  Thread calibration: mean lat.: 20.933ms, rate sampling interval: 70ms
  Thread calibration: mean lat.: 29.025ms, rate sampling interval: 104ms
  Thread calibration: mean lat.: 32.041ms, rate sampling interval: 105ms
  Thread calibration: mean lat.: 35.270ms, rate sampling interval: 107ms
  Thread calibration: mean lat.: 37.726ms, rate sampling interval: 108ms
  Thread calibration: mean lat.: 39.666ms, rate sampling interval: 108ms
  Thread calibration: mean lat.: 10.412ms, rate sampling interval: 25ms
  Thread calibration: mean lat.: 43.653ms, rate sampling interval: 106ms
  Thread calibration: mean lat.: 44.056ms, rate sampling interval: 108ms
  Thread calibration: mean lat.: 44.337ms, rate sampling interval: 111ms
  Thread calibration: mean lat.: 44.599ms, rate sampling interval: 115ms
  Thread calibration: mean lat.: 44.161ms, rate sampling interval: 117ms
  Thread calibration: mean lat.: 43.886ms, rate sampling interval: 117ms
  Thread calibration: mean lat.: 43.820ms, rate sampling interval: 118ms
  Thread calibration: mean lat.: 43.819ms, rate sampling interval: 118ms
  Thread calibration: mean lat.: 42.308ms, rate sampling interval: 115ms
  Thread calibration: mean lat.: 42.658ms, rate sampling interval: 116ms
  Thread calibration: mean lat.: 43.092ms, rate sampling interval: 116ms
  Thread calibration: mean lat.: 43.788ms, rate sampling interval: 117ms
  Thread calibration: mean lat.: 44.292ms, rate sampling interval: 120ms
  Thread calibration: mean lat.: 45.036ms, rate sampling interval: 121ms
  Thread calibration: mean lat.: 45.971ms, rate sampling interval: 122ms
  Thread calibration: mean lat.: 46.798ms, rate sampling interval: 119ms
  Thread calibration: mean lat.: 47.377ms, rate sampling interval: 121ms
  Thread calibration: mean lat.: 47.666ms, rate sampling interval: 121ms

-----------------------------------------------------------------------
Test Results @ http://10.10.1.1:17628 
  Thread Stats   Avg      Stdev     99%   +/- Stdev
    Latency    48.92ms   45.84ms 243.97ms   91.20%
    Req/Sec    69.99     50.89   360.00     83.06%
  Latency Distribution (HdrHistogram - Recorded Latency)
 50.000%   38.75ms
 75.000%   50.94ms
 90.000%   81.73ms
 99.000%  243.97ms
 99.900%  369.92ms
 99.990%  491.26ms
 99.999%  522.75ms
100.000%  523.01ms

  Detailed Percentile spectrum:
       Value   Percentile   TotalCount 1/(1-Percentile)

       7.731     0.000000            1         1.00
      16.271     0.100000        13971         1.11
      21.839     0.200000        27935         1.25
      27.663     0.300000        41913         1.43
      33.503     0.400000        55850         1.67
      38.751     0.500000        69871         2.00
      41.215     0.550000        76873         2.22
      43.583     0.600000        83837         2.50
      45.855     0.650000        90784         2.86
      48.255     0.700000        97744         3.33
      50.943     0.750000       104760         4.00
      52.543     0.775000       108207         4.44
      54.367     0.800000       111709         5.00
      56.703     0.825000       115203         5.71
      59.743     0.850000       118698         6.67
      64.575     0.875000       122181         8.00
      70.911     0.887500       123917         8.89
      81.727     0.900000       125659        10.00
      95.615     0.912500       127408        11.43
     116.159     0.925000       129151        13.33
     135.423     0.937500       130903        16.00
     146.431     0.943750       131782        17.78
     156.799     0.950000       132648        20.00
     169.087     0.956250       133516        22.86
     181.887     0.962500       134397        26.67
     192.895     0.968750       135263        32.00
     198.527     0.971875       135695        35.56
     204.159     0.975000       136135        40.00
     210.943     0.978125       136573        45.71
     218.367     0.981250       137010        53.33
     225.663     0.984375       137441        64.00
     229.631     0.985938       137666        71.11
     233.471     0.987500       137878        80.00
     239.359     0.989062       138094        91.43
     248.063     0.990625       138315       106.67
     254.463     0.992188       138533       128.00
     257.791     0.992969       138640       142.22
     263.167     0.993750       138754       160.00
     267.519     0.994531       138861       182.86
     273.663     0.995313       138970       213.33
     279.039     0.996094       139077       256.00
     282.111     0.996484       139134       284.44
     286.207     0.996875       139186       320.00
     295.167     0.997266       139241       365.71
     302.079     0.997656       139295       426.67
     306.175     0.998047       139349       512.00
     310.527     0.998242       139377       568.89
     318.463     0.998437       139403       640.00
     331.775     0.998633       139434       731.43
     340.991     0.998828       139458       853.33
     370.431     0.999023       139485      1024.00
     376.063     0.999121       139499      1137.78
     385.023     0.999219       139512      1280.00
     389.887     0.999316       139528      1462.86
     394.751     0.999414       139540      1706.67
     402.687     0.999512       139553      2048.00
     424.959     0.999561       139560      2275.56
     436.735     0.999609       139568      2560.00
     437.759     0.999658       139575      2925.71
     441.599     0.999707       139581      3413.33
     443.647     0.999756       139588      4096.00
     445.183     0.999780       139591      4551.11
     458.495     0.999805       139594      5120.00
     459.263     0.999829       139598      5851.43
     461.311     0.999854       139601      6826.67
     462.079     0.999878       139604      8192.00
     491.263     0.999890       139607      9102.22
     491.519     0.999902       139608     10240.00
     504.063     0.999915       139610     11702.86
     505.087     0.999927       139611     13653.33
     506.111     0.999939       139613     16384.00
     506.879     0.999945       139614     18204.44
     507.135     0.999951       139617     20480.00
     507.135     0.999957       139617     23405.71
     507.135     0.999963       139617     27306.67
     507.135     0.999969       139617     32768.00
     521.471     0.999973       139618     36408.89
     521.471     0.999976       139618     40960.00
     522.751     0.999979       139620     46811.43
     522.751     0.999982       139620     54613.33
     522.751     0.999985       139620     65536.00
     522.751     0.999986       139620     72817.78
     522.751     0.999988       139620     81920.00
     522.751     0.999989       139620     93622.86
     522.751     0.999991       139620    109226.67
     522.751     0.999992       139620    131072.00
     523.007     0.999993       139621    145635.56
     523.007     1.000000       139621          inf
#[Mean    =       48.918, StdDeviation   =       45.837]
#[Max     =      522.752, Total count    =       139621]
#[Buckets =           27, SubBuckets     =         2048]
-----------------------------------------------------------------------
  167300 requests in 1.00m, 25.94MB read
Requests/sec:   2793.55  
Transfer/sec:    443.55KB

=== rps=3000 c=450 t=45 url=http://10.10.1.1:17628 ===
setup: assigned thread_id=1
init: final thread_id=1, base_seed=nil
setup: assigned thread_id=2
init: final thread_id=2, base_seed=nil
setup: assigned thread_id=3
init: final thread_id=3, base_seed=nil
setup: assigned thread_id=4
init: final thread_id=4, base_seed=nil
setup: assigned thread_id=5
init: final thread_id=5, base_seed=nil
setup: assigned thread_id=6
init: final thread_id=6, base_seed=nil
setup: assigned thread_id=7
init: final thread_id=7, base_seed=nil
setup: assigned thread_id=8
init: final thread_id=8, base_seed=nil
setup: assigned thread_id=9
init: final thread_id=9, base_seed=nil
setup: assigned thread_id=10
init: final thread_id=10, base_seed=nil
setup: assigned thread_id=11
init: final thread_id=11, base_seed=nil
setup: assigned thread_id=12
init: final thread_id=12, base_seed=nil
setup: assigned thread_id=13
init: final thread_id=13, base_seed=nil
setup: assigned thread_id=14
init: final thread_id=14, base_seed=nil
setup: assigned thread_id=15
init: final thread_id=15, base_seed=nil
setup: assigned thread_id=16
init: final thread_id=16, base_seed=nil
setup: assigned thread_id=17
init: final thread_id=17, base_seed=nil
setup: assigned thread_id=18
init: final thread_id=18, base_seed=nil
setup: assigned thread_id=19
init: final thread_id=19, base_seed=nil
setup: assigned thread_id=20
init: final thread_id=20, base_seed=nil
setup: assigned thread_id=21
init: final thread_id=21, base_seed=nil
setup: assigned thread_id=22
init: final thread_id=22, base_seed=nil
setup: assigned thread_id=23
init: final thread_id=23, base_seed=nil
setup: assigned thread_id=24
init: final thread_id=24, base_seed=nil
setup: assigned thread_id=25
init: final thread_id=25, base_seed=nil
setup: assigned thread_id=26
init: final thread_id=26, base_seed=nil
setup: assigned thread_id=27
init: final thread_id=27, base_seed=nil
setup: assigned thread_id=28
init: final thread_id=28, base_seed=nil
setup: assigned thread_id=29
init: final thread_id=29, base_seed=nil
setup: assigned thread_id=30
init: final thread_id=30, base_seed=nil
setup: assigned thread_id=31
init: final thread_id=31, base_seed=nil
setup: assigned thread_id=32
init: final thread_id=32, base_seed=nil
setup: assigned thread_id=33
init: final thread_id=33, base_seed=nil
setup: assigned thread_id=34
init: final thread_id=34, base_seed=nil
setup: assigned thread_id=35
init: final thread_id=35, base_seed=nil
setup: assigned thread_id=36
init: final thread_id=36, base_seed=nil
setup: assigned thread_id=37
init: final thread_id=37, base_seed=nil
setup: assigned thread_id=38
init: final thread_id=38, base_seed=nil
setup: assigned thread_id=39
init: final thread_id=39, base_seed=nil
setup: assigned thread_id=40
init: final thread_id=40, base_seed=nil
setup: assigned thread_id=41
init: final thread_id=41, base_seed=nil
setup: assigned thread_id=42
init: final thread_id=42, base_seed=nil
setup: assigned thread_id=43
init: final thread_id=43, base_seed=nil
setup: assigned thread_id=44
init: final thread_id=44, base_seed=nil
setup: assigned thread_id=45
init: final thread_id=45, base_seed=nil
script_want_response
Running 1m test @ http://10.10.1.1:17628
  45 threads and 450 connections

  Thread calibration: mean lat.: 103.976ms, rate sampling interval: 606ms
  Thread calibration: mean lat.: 103.512ms, rate sampling interval: 602ms
  Thread calibration: mean lat.: 100.869ms, rate sampling interval: 591ms
  Thread calibration: mean lat.: 96.248ms, rate sampling interval: 569ms
  Thread calibration: mean lat.: 93.572ms, rate sampling interval: 565ms
  Thread calibration: mean lat.: 90.939ms, rate sampling interval: 563ms
  Thread calibration: mean lat.: 90.547ms, rate sampling interval: 556ms
  Thread calibration: mean lat.: 88.256ms, rate sampling interval: 553ms
  Thread calibration: mean lat.: 83.551ms, rate sampling interval: 535ms
  Thread calibration: mean lat.: 81.320ms, rate sampling interval: 527ms
  Thread calibration: mean lat.: 70.885ms, rate sampling interval: 460ms
  Thread calibration: mean lat.: 71.735ms, rate sampling interval: 489ms
  Thread calibration: mean lat.: 65.951ms, rate sampling interval: 443ms
  Thread calibration: mean lat.: 67.536ms, rate sampling interval: 448ms
  Thread calibration: mean lat.: 68.040ms, rate sampling interval: 454ms
  Thread calibration: mean lat.: 82.524ms, rate sampling interval: 543ms
  Thread calibration: mean lat.: 79.460ms, rate sampling interval: 529ms
  Thread calibration: mean lat.: 96.606ms, rate sampling interval: 594ms
  Thread calibration: mean lat.: 96.185ms, rate sampling interval: 589ms
  Thread calibration: mean lat.: 90.425ms, rate sampling interval: 595ms
  Thread calibration: mean lat.: 82.638ms, rate sampling interval: 531ms
  Thread calibration: mean lat.: 85.505ms, rate sampling interval: 545ms
  Thread calibration: mean lat.: 78.907ms, rate sampling interval: 474ms
  Thread calibration: mean lat.: 85.405ms, rate sampling interval: 535ms
  Thread calibration: mean lat.: 83.554ms, rate sampling interval: 517ms
  Thread calibration: mean lat.: 82.781ms, rate sampling interval: 491ms
  Thread calibration: mean lat.: 82.363ms, rate sampling interval: 496ms
  Thread calibration: mean lat.: 83.706ms, rate sampling interval: 518ms
  Thread calibration: mean lat.: 87.197ms, rate sampling interval: 542ms
  Thread calibration: mean lat.: 93.428ms, rate sampling interval: 538ms
  Thread calibration: mean lat.: 94.338ms, rate sampling interval: 538ms
  Thread calibration: mean lat.: 95.421ms, rate sampling interval: 537ms
  Thread calibration: mean lat.: 96.519ms, rate sampling interval: 536ms
  Thread calibration: mean lat.: 97.040ms, rate sampling interval: 530ms
  Thread calibration: mean lat.: 98.354ms, rate sampling interval: 532ms
  Thread calibration: mean lat.: 99.213ms, rate sampling interval: 527ms
  Thread calibration: mean lat.: 100.064ms, rate sampling interval: 525ms
  Thread calibration: mean lat.: 100.440ms, rate sampling interval: 522ms
  Thread calibration: mean lat.: 100.629ms, rate sampling interval: 522ms
  Thread calibration: mean lat.: 101.026ms, rate sampling interval: 521ms
  Thread calibration: mean lat.: 100.498ms, rate sampling interval: 519ms
  Thread calibration: mean lat.: 100.002ms, rate sampling interval: 516ms
  Thread calibration: mean lat.: 99.811ms, rate sampling interval: 516ms
  Thread calibration: mean lat.: 99.136ms, rate sampling interval: 512ms
  Thread calibration: mean lat.: 98.642ms, rate sampling interval: 513ms

-----------------------------------------------------------------------
Test Results @ http://10.10.1.1:17628 
  Thread Stats   Avg      Stdev     99%   +/- Stdev
    Latency    50.84ms   52.71ms 273.66ms   89.53%
    Req/Sec    65.53      8.02    84.00     69.57%
  Latency Distribution (HdrHistogram - Recorded Latency)
 50.000%   33.28ms
 75.000%   53.73ms
 90.000%  108.80ms
 99.000%  273.66ms
 99.900%  326.14ms
 99.990%  345.60ms
 99.999%  349.70ms
100.000%  351.23ms

  Detailed Percentile spectrum:
       Value   Percentile   TotalCount 1/(1-Percentile)

       8.639     0.000000            1         1.00
      15.559     0.100000        14840         1.11
      19.583     0.200000        29698         1.25
      24.159     0.300000        44472         1.43
      28.655     0.400000        59309         1.67
      33.279     0.500000        74148         2.00
      36.063     0.550000        81570         2.22
      39.423     0.600000        88978         2.50
      43.999     0.650000        96380         2.86
      48.671     0.700000       103794         3.33
      53.727     0.750000       111215         4.00
      56.511     0.775000       114889         4.44
      59.679     0.800000       118613         5.00
      63.359     0.825000       122307         5.71
      70.207     0.850000       126017         6.67
      86.847     0.875000       129712         8.00
      96.127     0.887500       131560         8.89
     108.799     0.900000       133418        10.00
     126.335     0.912500       135273        11.43
     139.391     0.925000       137129        13.33
     159.615     0.937500       138980        16.00
     168.831     0.943750       139902        17.78
     178.687     0.950000       140830        20.00
     193.663     0.956250       141756        22.86
     202.751     0.962500       142678        26.67
     213.247     0.968750       143604        32.00
     220.031     0.971875       144065        35.56
     227.711     0.975000       144535        40.00
     235.775     0.978125       144999        45.71
     244.479     0.981250       145458        53.33
     254.847     0.984375       145920        64.00
     259.711     0.985938       146155        71.11
     265.471     0.987500       146391        80.00
     270.079     0.989062       146619        91.43
     275.455     0.990625       146849       106.67
     281.599     0.992188       147082       128.00
     284.671     0.992969       147197       142.22
     289.279     0.993750       147309       160.00
     292.607     0.994531       147428       182.86
     297.215     0.995313       147547       213.33
     301.311     0.996094       147657       256.00
     303.615     0.996484       147713       284.44
     305.663     0.996875       147777       320.00
     309.247     0.997266       147831       365.71
     312.831     0.997656       147887       426.67
     315.903     0.998047       147945       512.00
     317.951     0.998242       147976       568.89
     319.231     0.998437       148004       640.00
     321.791     0.998633       148035       731.43
     323.583     0.998828       148064       853.33
     326.655     0.999023       148091      1024.00
     327.935     0.999121       148104      1137.78
     329.727     0.999219       148121      1280.00
     333.055     0.999316       148133      1462.86
     337.151     0.999414       148148      1706.67
     339.455     0.999512       148162      2048.00
     340.479     0.999561       148170      2275.56
     341.503     0.999609       148179      2560.00
     342.271     0.999658       148185      2925.71
     342.783     0.999707       148191      3413.33
     343.295     0.999756       148198      4096.00
     343.807     0.999780       148202      4551.11
     344.319     0.999805       148207      5120.00
     344.831     0.999829       148210      5851.43
     345.343     0.999854       148214      6826.67
     345.599     0.999878       148220      8192.00
     345.599     0.999890       148220      9102.22
     345.599     0.999902       148220     10240.00
     345.855     0.999915       148222     11702.86
     346.111     0.999927       148224     13653.33
     346.367     0.999939       148226     16384.00
     346.367     0.999945       148226     18204.44
     346.623     0.999951       148227     20480.00
     347.135     0.999957       148228     23405.71
     347.903     0.999963       148230     27306.67
     347.903     0.999969       148230     32768.00
     347.903     0.999973       148230     36408.89
     348.671     0.999976       148231     40960.00
     348.671     0.999979       148231     46811.43
     349.183     0.999982       148232     54613.33
     349.183     0.999985       148232     65536.00
     349.183     0.999986       148232     72817.78
     349.695     0.999988       148233     81920.00
     349.695     0.999989       148233     93622.86
     349.695     0.999991       148233    109226.67
     349.695     0.999992       148233    131072.00
     349.695     0.999993       148233    145635.56
     351.231     0.999994       148234    163840.00
     351.231     1.000000       148234          inf
#[Mean    =       50.837, StdDeviation   =       52.712]
#[Max     =      350.976, Total count    =       148234]
#[Buckets =           27, SubBuckets     =         2048]
-----------------------------------------------------------------------
  177325 requests in 1.00m, 27.49MB read
Requests/sec:   2956.77  
Transfer/sec:    469.41KB

=== rps=3200 c=512 t=52 url=http://10.10.1.1:17628 ===
setup: assigned thread_id=1
init: final thread_id=1, base_seed=nil
setup: assigned thread_id=2
init: final thread_id=2, base_seed=nil
setup: assigned thread_id=3
init: final thread_id=3, base_seed=nil
setup: assigned thread_id=4
init: final thread_id=4, base_seed=nil
setup: assigned thread_id=5
init: final thread_id=5, base_seed=nil
setup: assigned thread_id=6
init: final thread_id=6, base_seed=nil
setup: assigned thread_id=7
init: final thread_id=7, base_seed=nil
setup: assigned thread_id=8
init: final thread_id=8, base_seed=nil
setup: assigned thread_id=9
init: final thread_id=9, base_seed=nil
setup: assigned thread_id=10
init: final thread_id=10, base_seed=nil
setup: assigned thread_id=11
init: final thread_id=11, base_seed=nil
setup: assigned thread_id=12
init: final thread_id=12, base_seed=nil
setup: assigned thread_id=13
init: final thread_id=13, base_seed=nil
setup: assigned thread_id=14
init: final thread_id=14, base_seed=nil
setup: assigned thread_id=15
init: final thread_id=15, base_seed=nil
setup: assigned thread_id=16
init: final thread_id=16, base_seed=nil
setup: assigned thread_id=17
init: final thread_id=17, base_seed=nil
setup: assigned thread_id=18
init: final thread_id=18, base_seed=nil
setup: assigned thread_id=19
init: final thread_id=19, base_seed=nil
setup: assigned thread_id=20
init: final thread_id=20, base_seed=nil
setup: assigned thread_id=21
init: final thread_id=21, base_seed=nil
setup: assigned thread_id=22
init: final thread_id=22, base_seed=nil
setup: assigned thread_id=23
init: final thread_id=23, base_seed=nil
setup: assigned thread_id=24
init: final thread_id=24, base_seed=nil
setup: assigned thread_id=25
init: final thread_id=25, base_seed=nil
setup: assigned thread_id=26
init: final thread_id=26, base_seed=nil
setup: assigned thread_id=27
init: final thread_id=27, base_seed=nil
setup: assigned thread_id=28
init: final thread_id=28, base_seed=nil
setup: assigned thread_id=29
init: final thread_id=29, base_seed=nil
setup: assigned thread_id=30
init: final thread_id=30, base_seed=nil
setup: assigned thread_id=31
init: final thread_id=31, base_seed=nil
setup: assigned thread_id=32
init: final thread_id=32, base_seed=nil
setup: assigned thread_id=33
init: final thread_id=33, base_seed=nil
setup: assigned thread_id=34
init: final thread_id=34, base_seed=nil
setup: assigned thread_id=35
init: final thread_id=35, base_seed=nil
setup: assigned thread_id=36
init: final thread_id=36, base_seed=nil
setup: assigned thread_id=37
init: final thread_id=37, base_seed=nil
setup: assigned thread_id=38
init: final thread_id=38, base_seed=nil
setup: assigned thread_id=39
init: final thread_id=39, base_seed=nil
setup: assigned thread_id=40
init: final thread_id=40, base_seed=nil
setup: assigned thread_id=41
init: final thread_id=41, base_seed=nil
setup: assigned thread_id=42
init: final thread_id=42, base_seed=nil
setup: assigned thread_id=43
init: final thread_id=43, base_seed=nil
setup: assigned thread_id=44
init: final thread_id=44, base_seed=nil
setup: assigned thread_id=45
init: final thread_id=45, base_seed=nil
setup: assigned thread_id=46
init: final thread_id=46, base_seed=nil
setup: assigned thread_id=47
init: final thread_id=47, base_seed=nil
setup: assigned thread_id=48
init: final thread_id=48, base_seed=nil
setup: assigned thread_id=49
init: final thread_id=49, base_seed=nil
setup: assigned thread_id=50
init: final thread_id=50, base_seed=nil
setup: assigned thread_id=51
init: final thread_id=51, base_seed=nil
setup: assigned thread_id=52
init: final thread_id=52, base_seed=nil
script_want_response
Running 1m test @ http://10.10.1.1:17628
  52 threads and 512 connections

  Thread calibration: mean lat.: 76.356ms, rate sampling interval: 332ms
  Thread calibration: mean lat.: 81.091ms, rate sampling interval: 330ms
  Thread calibration: mean lat.: 82.711ms, rate sampling interval: 327ms
  Thread calibration: mean lat.: 85.370ms, rate sampling interval: 335ms
  Thread calibration: mean lat.: 88.404ms, rate sampling interval: 333ms
  Thread calibration: mean lat.: 88.900ms, rate sampling interval: 336ms
  Thread calibration: mean lat.: 89.247ms, rate sampling interval: 332ms
  Thread calibration: mean lat.: 91.420ms, rate sampling interval: 348ms
  Thread calibration: mean lat.: 90.796ms, rate sampling interval: 354ms
  Thread calibration: mean lat.: 91.017ms, rate sampling interval: 346ms
  Thread calibration: mean lat.: 82.038ms, rate sampling interval: 326ms
  Thread calibration: mean lat.: 76.663ms, rate sampling interval: 295ms
  Thread calibration: mean lat.: 73.850ms, rate sampling interval: 290ms
  Thread calibration: mean lat.: 73.444ms, rate sampling interval: 288ms
  Thread calibration: mean lat.: 70.518ms, rate sampling interval: 283ms
  Thread calibration: mean lat.: 65.731ms, rate sampling interval: 269ms
  Thread calibration: mean lat.: 62.285ms, rate sampling interval: 263ms
  Thread calibration: mean lat.: 62.104ms, rate sampling interval: 259ms
  Thread calibration: mean lat.: 62.252ms, rate sampling interval: 259ms
  Thread calibration: mean lat.: 62.234ms, rate sampling interval: 259ms
  Thread calibration: mean lat.: 62.295ms, rate sampling interval: 257ms
  Thread calibration: mean lat.: 62.082ms, rate sampling interval: 261ms
  Thread calibration: mean lat.: 61.819ms, rate sampling interval: 260ms
  Thread calibration: mean lat.: 60.592ms, rate sampling interval: 259ms
  Thread calibration: mean lat.: 63.393ms, rate sampling interval: 278ms
  Thread calibration: mean lat.: 61.633ms, rate sampling interval: 270ms
  Thread calibration: mean lat.: 63.477ms, rate sampling interval: 285ms
  Thread calibration: mean lat.: 64.634ms, rate sampling interval: 323ms
  Thread calibration: mean lat.: 66.179ms, rate sampling interval: 327ms
  Thread calibration: mean lat.: 66.581ms, rate sampling interval: 330ms
  Thread calibration: mean lat.: 79.939ms, rate sampling interval: 331ms
  Thread calibration: mean lat.: 82.854ms, rate sampling interval: 331ms
  Thread calibration: mean lat.: 86.161ms, rate sampling interval: 329ms
  Thread calibration: mean lat.: 90.238ms, rate sampling interval: 324ms
  Thread calibration: mean lat.: 93.005ms, rate sampling interval: 327ms
  Thread calibration: mean lat.: 93.445ms, rate sampling interval: 318ms
  Thread calibration: mean lat.: 94.531ms, rate sampling interval: 315ms
  Thread calibration: mean lat.: 94.901ms, rate sampling interval: 311ms
  Thread calibration: mean lat.: 94.937ms, rate sampling interval: 314ms
  Thread calibration: mean lat.: 93.585ms, rate sampling interval: 308ms
  Thread calibration: mean lat.: 93.255ms, rate sampling interval: 310ms
  Thread calibration: mean lat.: 92.499ms, rate sampling interval: 309ms
  Thread calibration: mean lat.: 92.109ms, rate sampling interval: 306ms
  Thread calibration: mean lat.: 91.778ms, rate sampling interval: 304ms
  Thread calibration: mean lat.: 91.433ms, rate sampling interval: 303ms
  Thread calibration: mean lat.: 91.592ms, rate sampling interval: 304ms
  Thread calibration: mean lat.: 90.900ms, rate sampling interval: 300ms
  Thread calibration: mean lat.: 90.959ms, rate sampling interval: 302ms
  Thread calibration: mean lat.: 90.808ms, rate sampling interval: 306ms
  Thread calibration: mean lat.: 89.478ms, rate sampling interval: 302ms
  Thread calibration: mean lat.: 86.943ms, rate sampling interval: 303ms
  Thread calibration: mean lat.: 88.098ms, rate sampling interval: 301ms

-----------------------------------------------------------------------
Test Results @ http://10.10.1.1:17628 
  Thread Stats   Avg      Stdev     99%   +/- Stdev
    Latency    87.00ms   71.21ms 365.82ms   85.60%
    Req/Sec    60.62     10.34    87.00     81.44%
  Latency Distribution (HdrHistogram - Recorded Latency)
 50.000%   64.99ms
 75.000%   90.69ms
 90.000%  190.08ms
 99.000%  365.82ms
 99.900%  414.72ms
 99.990%  425.47ms
 99.999%  429.31ms
100.000%  430.08ms

  Detailed Percentile spectrum:
       Value   Percentile   TotalCount 1/(1-Percentile)

      10.359     0.000000            1         1.00
      30.943     0.100000        15831         1.11
      42.399     0.200000        31691         1.25
      51.423     0.300000        47513         1.43
      58.655     0.400000        63342         1.67
      64.991     0.500000        79177         2.00
      68.607     0.550000        87142         2.22
      72.767     0.600000        95008         2.50
      77.759     0.650000       102918         2.86
      83.327     0.700000       110797         3.33
      90.687     0.750000       118728         4.00
      95.231     0.775000       122688         4.44
     101.631     0.800000       126612         5.00
     113.279     0.825000       130556         5.71
     138.751     0.850000       134521         6.67
     168.319     0.875000       138470         8.00
     179.455     0.887500       140447         8.89
     190.079     0.900000       142438        10.00
     200.447     0.912500       144411        11.43
     210.047     0.925000       146395        13.33
     222.079     0.937500       148352        16.00
     229.119     0.943750       149353        17.78
     242.303     0.950000       150332        20.00
     266.495     0.956250       151321        22.86
     287.231     0.962500       152317        26.67
     304.127     0.968750       153319        32.00
     311.039     0.971875       153810        35.56
     317.951     0.975000       154302        40.00
     325.631     0.978125       154786        45.71
     333.823     0.981250       155282        53.33
     344.831     0.984375       155775        64.00
     350.719     0.985938       156022        71.11
     356.863     0.987500       156270        80.00
     362.239     0.989062       156519        91.43
     368.127     0.990625       156765       106.67
     375.551     0.992188       157016       128.00
     378.879     0.992969       157131       142.22
     383.743     0.993750       157256       160.00
     389.631     0.994531       157380       182.86
     393.727     0.995313       157509       213.33
     397.055     0.996094       157626       256.00
     398.847     0.996484       157689       284.44
     400.639     0.996875       157750       320.00
     402.943     0.997266       157817       365.71
     404.991     0.997656       157872       426.67
     408.063     0.998047       157936       512.00
     409.599     0.998242       157964       568.89
     410.879     0.998437       158000       640.00
     412.415     0.998633       158031       731.43
     413.695     0.998828       158062       853.33
     415.231     0.999023       158090      1024.00
     416.255     0.999121       158103      1137.78
     417.279     0.999219       158123      1280.00
     418.047     0.999316       158138      1462.86
     419.071     0.999414       158153      1706.67
     419.839     0.999512       158166      2048.00
     420.607     0.999561       158173      2275.56
     421.375     0.999609       158182      2560.00
     421.887     0.999658       158191      2925.71
     422.655     0.999707       158199      3413.33
     423.167     0.999756       158204      4096.00
     423.423     0.999780       158209      4551.11
     423.679     0.999805       158212      5120.00
     424.447     0.999829       158215      5851.43
     424.959     0.999854       158222      6826.67
     425.215     0.999878       158225      8192.00
     425.215     0.999890       158225      9102.22
     425.727     0.999902       158228     10240.00
     425.983     0.999915       158229     11702.86
     426.495     0.999927       158232     13653.33
     426.751     0.999939       158233     16384.00
     427.007     0.999945       158234     18204.44
     427.519     0.999951       158236     20480.00
     427.519     0.999957       158236     23405.71
     428.287     0.999963       158238     27306.67
     428.287     0.999969       158238     32768.00
     428.287     0.999973       158238     36408.89
     429.055     0.999976       158239     40960.00
     429.055     0.999979       158239     46811.43
     429.311     0.999982       158240     54613.33
     429.311     0.999985       158240     65536.00
     429.311     0.999986       158240     72817.78
     429.567     0.999988       158241     81920.00
     429.567     0.999989       158241     93622.86
     429.567     0.999991       158241    109226.67
     429.567     0.999992       158241    131072.00
     429.567     0.999993       158241    145635.56
     430.079     0.999994       158242    163840.00
     430.079     1.000000       158242          inf
#[Mean    =       87.005, StdDeviation   =       71.207]
#[Max     =      429.824, Total count    =       158242]
#[Buckets =           27, SubBuckets     =         2048]
-----------------------------------------------------------------------
  189642 requests in 1.00m, 29.41MB read
Requests/sec:   3164.34  
Transfer/sec:    502.50KB

=== rps=3400 c=578 t=58 url=http://10.10.1.1:17628 ===
setup: assigned thread_id=1
init: final thread_id=1, base_seed=nil
setup: assigned thread_id=2
init: final thread_id=2, base_seed=nil
setup: assigned thread_id=3
init: final thread_id=3, base_seed=nil
setup: assigned thread_id=4
init: final thread_id=4, base_seed=nil
setup: assigned thread_id=5
init: final thread_id=5, base_seed=nil
setup: assigned thread_id=6
init: final thread_id=6, base_seed=nil
setup: assigned thread_id=7
init: final thread_id=7, base_seed=nil
setup: assigned thread_id=8
init: final thread_id=8, base_seed=nil
setup: assigned thread_id=9
init: final thread_id=9, base_seed=nil
setup: assigned thread_id=10
init: final thread_id=10, base_seed=nil
setup: assigned thread_id=11
init: final thread_id=11, base_seed=nil
setup: assigned thread_id=12
init: final thread_id=12, base_seed=nil
setup: assigned thread_id=13
init: final thread_id=13, base_seed=nil
setup: assigned thread_id=14
init: final thread_id=14, base_seed=nil
setup: assigned thread_id=15
init: final thread_id=15, base_seed=nil
setup: assigned thread_id=16
init: final thread_id=16, base_seed=nil
setup: assigned thread_id=17
init: final thread_id=17, base_seed=nil
setup: assigned thread_id=18
init: final thread_id=18, base_seed=nil
setup: assigned thread_id=19
init: final thread_id=19, base_seed=nil
setup: assigned thread_id=20
init: final thread_id=20, base_seed=nil
setup: assigned thread_id=21
init: final thread_id=21, base_seed=nil
setup: assigned thread_id=22
init: final thread_id=22, base_seed=nil
setup: assigned thread_id=23
init: final thread_id=23, base_seed=nil
setup: assigned thread_id=24
init: final thread_id=24, base_seed=nil
setup: assigned thread_id=25
init: final thread_id=25, base_seed=nil
setup: assigned thread_id=26
init: final thread_id=26, base_seed=nil
setup: assigned thread_id=27
init: final thread_id=27, base_seed=nil
setup: assigned thread_id=28
init: final thread_id=28, base_seed=nil
setup: assigned thread_id=29
init: final thread_id=29, base_seed=nil
setup: assigned thread_id=30
init: final thread_id=30, base_seed=nil
setup: assigned thread_id=31
init: final thread_id=31, base_seed=nil
setup: assigned thread_id=32
init: final thread_id=32, base_seed=nil
setup: assigned thread_id=33
init: final thread_id=33, base_seed=nil
setup: assigned thread_id=34
init: final thread_id=34, base_seed=nil
setup: assigned thread_id=35
init: final thread_id=35, base_seed=nil
setup: assigned thread_id=36
init: final thread_id=36, base_seed=nil
setup: assigned thread_id=37
init: final thread_id=37, base_seed=nil
setup: assigned thread_id=38
init: final thread_id=38, base_seed=nil
setup: assigned thread_id=39
init: final thread_id=39, base_seed=nil
setup: assigned thread_id=40
init: final thread_id=40, base_seed=nil
setup: assigned thread_id=41
init: final thread_id=41, base_seed=nil
setup: assigned thread_id=42
init: final thread_id=42, base_seed=nil
setup: assigned thread_id=43
init: final thread_id=43, base_seed=nil
setup: assigned thread_id=44
init: final thread_id=44, base_seed=nil
setup: assigned thread_id=45
init: final thread_id=45, base_seed=nil
setup: assigned thread_id=46
init: final thread_id=46, base_seed=nil
setup: assigned thread_id=47
init: final thread_id=47, base_seed=nil
setup: assigned thread_id=48
init: final thread_id=48, base_seed=nil
setup: assigned thread_id=49
init: final thread_id=49, base_seed=nil
setup: assigned thread_id=50
init: final thread_id=50, base_seed=nil
setup: assigned thread_id=51
init: final thread_id=51, base_seed=nil
setup: assigned thread_id=52
init: final thread_id=52, base_seed=nil
setup: assigned thread_id=53
init: final thread_id=53, base_seed=nil
setup: assigned thread_id=54
init: final thread_id=54, base_seed=nil
setup: assigned thread_id=55
init: final thread_id=55, base_seed=nil
setup: assigned thread_id=56
init: final thread_id=56, base_seed=nil
setup: assigned thread_id=57
init: final thread_id=57, base_seed=nil
setup: assigned thread_id=58
init: final thread_id=58, base_seed=nil
script_want_response
Running 1m test @ http://10.10.1.1:17628
  58 threads and 578 connections

  Thread calibration: mean lat.: 1072.800ms, rate sampling interval: 3033ms
  Thread calibration: mean lat.: 1078.925ms, rate sampling interval: 3039ms
  Thread calibration: mean lat.: 1069.761ms, rate sampling interval: 3028ms
  Thread calibration: mean lat.: 1065.549ms, rate sampling interval: 3020ms
  Thread calibration: mean lat.: 1061.561ms, rate sampling interval: 3008ms
  Thread calibration: mean lat.: 1064.129ms, rate sampling interval: 3012ms
  Thread calibration: mean lat.: 1051.382ms, rate sampling interval: 2996ms
  Thread calibration: mean lat.: 1045.024ms, rate sampling interval: 2975ms
  Thread calibration: mean lat.: 1044.277ms, rate sampling interval: 2975ms
  Thread calibration: mean lat.: 1034.543ms, rate sampling interval: 2965ms
  Thread calibration: mean lat.: 1045.617ms, rate sampling interval: 2961ms
  Thread calibration: mean lat.: 1049.763ms, rate sampling interval: 2961ms
  Thread calibration: mean lat.: 1055.458ms, rate sampling interval: 2973ms
  Thread calibration: mean lat.: 1054.155ms, rate sampling interval: 2973ms
  Thread calibration: mean lat.: 1041.194ms, rate sampling interval: 2967ms
  Thread calibration: mean lat.: 1052.876ms, rate sampling interval: 2971ms
  Thread calibration: mean lat.: 1055.531ms, rate sampling interval: 2971ms
  Thread calibration: mean lat.: 1037.622ms, rate sampling interval: 2953ms
  Thread calibration: mean lat.: 1054.379ms, rate sampling interval: 2965ms
  Thread calibration: mean lat.: 1045.564ms, rate sampling interval: 2959ms
  Thread calibration: mean lat.: 1043.818ms, rate sampling interval: 2957ms
  Thread calibration: mean lat.: 1051.327ms, rate sampling interval: 2961ms
  Thread calibration: mean lat.: 1057.737ms, rate sampling interval: 2967ms
  Thread calibration: mean lat.: 1046.485ms, rate sampling interval: 2951ms
  Thread calibration: mean lat.: 1060.314ms, rate sampling interval: 2969ms
  Thread calibration: mean lat.: 1069.341ms, rate sampling interval: 2998ms
  Thread calibration: mean lat.: 1066.882ms, rate sampling interval: 2992ms
  Thread calibration: mean lat.: 1071.243ms, rate sampling interval: 3020ms
  Thread calibration: mean lat.: 1095.160ms, rate sampling interval: 3041ms
  Thread calibration: mean lat.: 1085.402ms, rate sampling interval: 3024ms
  Thread calibration: mean lat.: 1088.254ms, rate sampling interval: 3031ms
  Thread calibration: mean lat.: 953.558ms, rate sampling interval: 2590ms
  Thread calibration: mean lat.: 969.769ms, rate sampling interval: 2592ms
  Thread calibration: mean lat.: 1096.534ms, rate sampling interval: 3031ms
  Thread calibration: mean lat.: 1093.034ms, rate sampling interval: 3028ms
  Thread calibration: mean lat.: 1095.297ms, rate sampling interval: 3035ms
  Thread calibration: mean lat.: 1071.294ms, rate sampling interval: 3002ms
  Thread calibration: mean lat.: 1102.122ms, rate sampling interval: 3031ms
  Thread calibration: mean lat.: 1097.424ms, rate sampling interval: 3018ms
  Thread calibration: mean lat.: 1100.154ms, rate sampling interval: 3022ms
  Thread calibration: mean lat.: 1072.945ms, rate sampling interval: 2998ms
  Thread calibration: mean lat.: 1072.436ms, rate sampling interval: 3000ms
  Thread calibration: mean lat.: 1070.659ms, rate sampling interval: 2990ms
  Thread calibration: mean lat.: 1089.471ms, rate sampling interval: 3008ms
  Thread calibration: mean lat.: 1085.528ms, rate sampling interval: 3008ms
  Thread calibration: mean lat.: 1079.927ms, rate sampling interval: 2996ms
  Thread calibration: mean lat.: 1068.923ms, rate sampling interval: 2992ms
  Thread calibration: mean lat.: 1071.223ms, rate sampling interval: 2992ms
  Thread calibration: mean lat.: 1066.813ms, rate sampling interval: 2981ms
  Thread calibration: mean lat.: 1077.108ms, rate sampling interval: 3002ms
  Thread calibration: mean lat.: 1077.695ms, rate sampling interval: 2994ms
  Thread calibration: mean lat.: 1083.916ms, rate sampling interval: 2992ms
  Thread calibration: mean lat.: 1093.120ms, rate sampling interval: 3004ms
  Thread calibration: mean lat.: 1068.487ms, rate sampling interval: 2992ms
  Thread calibration: mean lat.: 1089.621ms, rate sampling interval: 3000ms
  Thread calibration: mean lat.: 1089.070ms, rate sampling interval: 3000ms
  Thread calibration: mean lat.: 1084.106ms, rate sampling interval: 2996ms
  Thread calibration: mean lat.: 1089.094ms, rate sampling interval: 2996ms

-----------------------------------------------------------------------
Test Results @ http://10.10.1.1:17628 
  Thread Stats   Avg      Stdev     99%   +/- Stdev
    Latency   422.58ms  417.12ms   1.51s    82.88%
    Req/Sec    59.28      3.82    66.00     78.05%
  Latency Distribution (HdrHistogram - Recorded Latency)
 50.000%  301.05ms
 75.000%  494.33ms
 90.000%    1.23s 
 99.000%    1.51s 
 99.900%    1.53s 
 99.990%    1.56s 
 99.999%    1.58s 
100.000%    1.59s 

  Detailed Percentile spectrum:
       Value   Percentile   TotalCount 1/(1-Percentile)

      10.095     0.000000            1         1.00
      46.111     0.100000        17282         1.11
      73.919     0.200000        34562         1.25
     139.391     0.300000        51852         1.43
     213.759     0.400000        69095         1.67
     301.055     0.500000        86404         2.00
     336.895     0.550000        95006         2.22
     370.175     0.600000       103683         2.50
     414.207     0.650000       112304         2.86
     457.215     0.700000       120917         3.33
     494.335     0.750000       129573         4.00
     538.623     0.775000       133878         4.44
     668.671     0.800000       138194         5.00
     811.519     0.825000       142510         5.71
     954.367     0.850000       146828         6.67
    1093.631     0.875000       151161         8.00
    1162.239     0.887500       153324         8.89
    1227.775     0.900000       155473        10.00
    1277.951     0.912500       157661        11.43
    1307.647     0.925000       159790        13.33
    1349.631     0.937500       162017        16.00
    1361.919     0.943750       163023        17.78
    1376.255     0.950000       164107        20.00
    1396.735     0.956250       165214        22.86
    1419.263     0.962500       166285        26.67
    1442.815     0.968750       167367        32.00
    1457.151     0.971875       167877        35.56
    1471.487     0.975000       168451        40.00
    1480.703     0.978125       168982        45.71
    1488.895     0.981250       169513        53.33
    1497.087     0.984375       170126        64.00
    1500.159     0.985938       170400        71.11
    1502.207     0.987500       170583        80.00
    1506.303     0.989062       170929        91.43
    1509.375     0.990625       171178       106.67
    1512.447     0.992188       171415       128.00
    1514.495     0.992969       171553       142.22
    1516.543     0.993750       171681       160.00
    1518.591     0.994531       171844       182.86
    1519.615     0.995313       171923       213.33
    1521.663     0.996094       172060       256.00
    1523.711     0.996484       172169       284.44
    1524.735     0.996875       172228       320.00
    1525.759     0.997266       172281       365.71
    1527.807     0.997656       172373       426.67
    1528.831     0.998047       172411       512.00
    1529.855     0.998242       172438       568.89
    1530.879     0.998437       172475       640.00
    1531.903     0.998633       172511       731.43
    1532.927     0.998828       172545       853.33
    1533.951     0.999023       172565      1024.00
    1534.975     0.999121       172580      1137.78
    1535.999     0.999219       172609      1280.00
    1537.023     0.999316       172628      1462.86
    1538.047     0.999414       172641      1706.67
    1539.071     0.999512       172656      2048.00
    1539.071     0.999561       172656      2275.56
    1541.119     0.999609       172672      2560.00
    1541.119     0.999658       172672      2925.71
    1543.167     0.999707       172685      3413.33
    1545.215     0.999756       172693      4096.00
    1546.239     0.999780       172694      4551.11
    1552.383     0.999805       172700      5120.00
    1554.431     0.999829       172702      5851.43
    1556.479     0.999854       172706      6826.67
    1559.551     0.999878       172710      8192.00
    1562.623     0.999890       172713      9102.22
    1563.647     0.999902       172715     10240.00
    1564.671     0.999915       172722     11702.86
    1564.671     0.999927       172722     13653.33
    1564.671     0.999939       172722     16384.00
    1564.671     0.999945       172722     18204.44
    1566.719     0.999951       172724     20480.00
    1566.719     0.999957       172724     23405.71
    1567.743     0.999963       172725     27306.67
    1568.767     0.999969       172727     32768.00
    1568.767     0.999973       172727     36408.89
    1568.767     0.999976       172727     40960.00
    1572.863     0.999979       172728     46811.43
    1572.863     0.999982       172728     54613.33
    1576.959     0.999985       172729     65536.00
    1576.959     0.999986       172729     72817.78
    1576.959     0.999988       172729     81920.00
    1585.151     0.999989       172730     93622.86
    1585.151     0.999991       172730    109226.67
    1585.151     0.999992       172730    131072.00
    1585.151     0.999993       172730    145635.56
    1585.151     0.999994       172730    163840.00
    1593.343     0.999995       172731    187245.71
    1593.343     1.000000       172731          inf
#[Mean    =      422.584, StdDeviation   =      417.123]
#[Max     =     1592.320, Total count    =       172731]
#[Buckets =           27, SubBuckets     =         2048]
-----------------------------------------------------------------------
  200993 requests in 1.00m, 31.17MB read
Requests/sec:   3355.73  
Transfer/sec:    532.84KB

=== rps=3600 c=648 t=65 url=http://10.10.1.1:17628 ===
setup: assigned thread_id=1
init: final thread_id=1, base_seed=nil
setup: assigned thread_id=2
init: final thread_id=2, base_seed=nil
setup: assigned thread_id=3
init: final thread_id=3, base_seed=nil
setup: assigned thread_id=4
init: final thread_id=4, base_seed=nil
setup: assigned thread_id=5
init: final thread_id=5, base_seed=nil
setup: assigned thread_id=6
init: final thread_id=6, base_seed=nil
setup: assigned thread_id=7
init: final thread_id=7, base_seed=nil
setup: assigned thread_id=8
init: final thread_id=8, base_seed=nil
setup: assigned thread_id=9
init: final thread_id=9, base_seed=nil
setup: assigned thread_id=10
init: final thread_id=10, base_seed=nil
setup: assigned thread_id=11
init: final thread_id=11, base_seed=nil
setup: assigned thread_id=12
init: final thread_id=12, base_seed=nil
setup: assigned thread_id=13
init: final thread_id=13, base_seed=nil
setup: assigned thread_id=14
init: final thread_id=14, base_seed=nil
setup: assigned thread_id=15
init: final thread_id=15, base_seed=nil
setup: assigned thread_id=16
init: final thread_id=16, base_seed=nil
setup: assigned thread_id=17
init: final thread_id=17, base_seed=nil
setup: assigned thread_id=18
init: final thread_id=18, base_seed=nil
setup: assigned thread_id=19
init: final thread_id=19, base_seed=nil
setup: assigned thread_id=20
init: final thread_id=20, base_seed=nil
setup: assigned thread_id=21
init: final thread_id=21, base_seed=nil
setup: assigned thread_id=22
init: final thread_id=22, base_seed=nil
setup: assigned thread_id=23
init: final thread_id=23, base_seed=nil
setup: assigned thread_id=24
init: final thread_id=24, base_seed=nil
setup: assigned thread_id=25
init: final thread_id=25, base_seed=nil
setup: assigned thread_id=26
init: final thread_id=26, base_seed=nil
setup: assigned thread_id=27
init: final thread_id=27, base_seed=nil
setup: assigned thread_id=28
init: final thread_id=28, base_seed=nil
setup: assigned thread_id=29
init: final thread_id=29, base_seed=nil
setup: assigned thread_id=30
init: final thread_id=30, base_seed=nil
setup: assigned thread_id=31
init: final thread_id=31, base_seed=nil
setup: assigned thread_id=32
init: final thread_id=32, base_seed=nil
setup: assigned thread_id=33
init: final thread_id=33, base_seed=nil
setup: assigned thread_id=34
init: final thread_id=34, base_seed=nil
setup: assigned thread_id=35
init: final thread_id=35, base_seed=nil
setup: assigned thread_id=36
init: final thread_id=36, base_seed=nil
setup: assigned thread_id=37
init: final thread_id=37, base_seed=nil
setup: assigned thread_id=38
init: final thread_id=38, base_seed=nil
setup: assigned thread_id=39
init: final thread_id=39, base_seed=nil
setup: assigned thread_id=40
init: final thread_id=40, base_seed=nil
setup: assigned thread_id=41
init: final thread_id=41, base_seed=nil
setup: assigned thread_id=42
init: final thread_id=42, base_seed=nil
setup: assigned thread_id=43
init: final thread_id=43, base_seed=nil
setup: assigned thread_id=44
init: final thread_id=44, base_seed=nil
setup: assigned thread_id=45
init: final thread_id=45, base_seed=nil
setup: assigned thread_id=46
init: final thread_id=46, base_seed=nil
setup: assigned thread_id=47
init: final thread_id=47, base_seed=nil
setup: assigned thread_id=48
init: final thread_id=48, base_seed=nil
setup: assigned thread_id=49
init: final thread_id=49, base_seed=nil
setup: assigned thread_id=50
init: final thread_id=50, base_seed=nil
setup: assigned thread_id=51
init: final thread_id=51, base_seed=nil
setup: assigned thread_id=52
init: final thread_id=52, base_seed=nil
setup: assigned thread_id=53
init: final thread_id=53, base_seed=nil
setup: assigned thread_id=54
init: final thread_id=54, base_seed=nil
setup: assigned thread_id=55
init: final thread_id=55, base_seed=nil
setup: assigned thread_id=56
init: final thread_id=56, base_seed=nil
setup: assigned thread_id=57
init: final thread_id=57, base_seed=nil
setup: assigned thread_id=58
init: final thread_id=58, base_seed=nil
setup: assigned thread_id=59
init: final thread_id=59, base_seed=nil
setup: assigned thread_id=60
init: final thread_id=60, base_seed=nil
setup: assigned thread_id=61
init: final thread_id=61, base_seed=nil
setup: assigned thread_id=62
init: final thread_id=62, base_seed=nil
setup: assigned thread_id=63
init: final thread_id=63, base_seed=nil
setup: assigned thread_id=64
init: final thread_id=64, base_seed=nil
setup: assigned thread_id=65
init: final thread_id=65, base_seed=nil
script_want_response
Running 1m test @ http://10.10.1.1:17628
  65 threads and 648 connections

  Thread calibration: mean lat.: 667.080ms, rate sampling interval: 2043ms
  Thread calibration: mean lat.: 674.028ms, rate sampling interval: 2080ms
  Thread calibration: mean lat.: 653.773ms, rate sampling interval: 2012ms
  Thread calibration: mean lat.: 662.699ms, rate sampling interval: 2052ms
  Thread calibration: mean lat.: 653.595ms, rate sampling interval: 2013ms
  Thread calibration: mean lat.: 658.392ms, rate sampling interval: 2008ms
  Thread calibration: mean lat.: 641.309ms, rate sampling interval: 1992ms
  Thread calibration: mean lat.: 639.399ms, rate sampling interval: 1986ms
  Thread calibration: mean lat.: 635.696ms, rate sampling interval: 1950ms
  Thread calibration: mean lat.: 641.249ms, rate sampling interval: 1980ms
  Thread calibration: mean lat.: 659.146ms, rate sampling interval: 2035ms
  Thread calibration: mean lat.: 658.286ms, rate sampling interval: 2017ms
  Thread calibration: mean lat.: 663.161ms, rate sampling interval: 2052ms
  Thread calibration: mean lat.: 666.999ms, rate sampling interval: 2027ms
  Thread calibration: mean lat.: 657.409ms, rate sampling interval: 2028ms
  Thread calibration: mean lat.: 669.541ms, rate sampling interval: 2079ms
  Thread calibration: mean lat.: 681.894ms, rate sampling interval: 2088ms
  Thread calibration: mean lat.: 668.857ms, rate sampling interval: 2030ms
  Thread calibration: mean lat.: 669.270ms, rate sampling interval: 2026ms
  Thread calibration: mean lat.: 671.140ms, rate sampling interval: 2056ms
  Thread calibration: mean lat.: 666.383ms, rate sampling interval: 2026ms
  Thread calibration: mean lat.: 662.297ms, rate sampling interval: 1999ms
  Thread calibration: mean lat.: 668.880ms, rate sampling interval: 2038ms
  Thread calibration: mean lat.: 654.987ms, rate sampling interval: 1994ms
  Thread calibration: mean lat.: 650.971ms, rate sampling interval: 2015ms
  Thread calibration: mean lat.: 640.929ms, rate sampling interval: 1993ms
  Thread calibration: mean lat.: 642.071ms, rate sampling interval: 1988ms
  Thread calibration: mean lat.: 638.969ms, rate sampling interval: 2008ms
  Thread calibration: mean lat.: 622.497ms, rate sampling interval: 1933ms
  Thread calibration: mean lat.: 628.901ms, rate sampling interval: 1979ms
  Thread calibration: mean lat.: 637.106ms, rate sampling interval: 1977ms
  Thread calibration: mean lat.: 638.531ms, rate sampling interval: 1987ms
  Thread calibration: mean lat.: 657.750ms, rate sampling interval: 2030ms
  Thread calibration: mean lat.: 664.384ms, rate sampling interval: 2031ms
  Thread calibration: mean lat.: 650.340ms, rate sampling interval: 2000ms
  Thread calibration: mean lat.: 666.393ms, rate sampling interval: 2029ms
  Thread calibration: mean lat.: 675.290ms, rate sampling interval: 2060ms
  Thread calibration: mean lat.: 680.325ms, rate sampling interval: 2022ms
  Thread calibration: mean lat.: 711.028ms, rate sampling interval: 2119ms
  Thread calibration: mean lat.: 704.873ms, rate sampling interval: 2127ms
  Thread calibration: mean lat.: 703.207ms, rate sampling interval: 2131ms
  Thread calibration: mean lat.: 688.331ms, rate sampling interval: 2074ms
  Thread calibration: mean lat.: 677.501ms, rate sampling interval: 2074ms
  Thread calibration: mean lat.: 686.954ms, rate sampling interval: 2101ms
  Thread calibration: mean lat.: 684.979ms, rate sampling interval: 2033ms
  Thread calibration: mean lat.: 694.692ms, rate sampling interval: 2111ms
  Thread calibration: mean lat.: 688.906ms, rate sampling interval: 2067ms
  Thread calibration: mean lat.: 696.879ms, rate sampling interval: 2101ms
  Thread calibration: mean lat.: 653.294ms, rate sampling interval: 1912ms
  Thread calibration: mean lat.: 664.556ms, rate sampling interval: 2047ms
  Thread calibration: mean lat.: 687.431ms, rate sampling interval: 2076ms
  Thread calibration: mean lat.: 694.647ms, rate sampling interval: 2099ms
  Thread calibration: mean lat.: 681.563ms, rate sampling interval: 2062ms
  Thread calibration: mean lat.: 668.055ms, rate sampling interval: 2030ms
  Thread calibration: mean lat.: 655.612ms, rate sampling interval: 2010ms
  Thread calibration: mean lat.: 640.804ms, rate sampling interval: 1992ms
  Thread calibration: mean lat.: 633.177ms, rate sampling interval: 1929ms
  Thread calibration: mean lat.: 658.855ms, rate sampling interval: 2032ms
  Thread calibration: mean lat.: 657.754ms, rate sampling interval: 2021ms
  Thread calibration: mean lat.: 665.118ms, rate sampling interval: 2015ms
  Thread calibration: mean lat.: 680.365ms, rate sampling interval: 2057ms
  Thread calibration: mean lat.: 666.756ms, rate sampling interval: 2018ms
  Thread calibration: mean lat.: 670.926ms, rate sampling interval: 2009ms
  Thread calibration: mean lat.: 687.856ms, rate sampling interval: 2062ms
  Thread calibration: mean lat.: 708.079ms, rate sampling interval: 2127ms

-----------------------------------------------------------------------
Test Results @ http://10.10.1.1:17628 
  Thread Stats   Avg      Stdev     99%   +/- Stdev
    Latency   781.99ms  337.57ms   1.30s    61.52%
    Req/Sec    54.92      3.74    65.00     76.93%
  Latency Distribution (HdrHistogram - Recorded Latency)
 50.000%  827.90ms
 75.000%    1.06s 
 90.000%    1.20s 
 99.000%    1.30s 
 99.900%    1.33s 
 99.990%    1.38s 
 99.999%    1.39s 
100.000%    1.39s 

  Detailed Percentile spectrum:
       Value   Percentile   TotalCount 1/(1-Percentile)

      12.623     0.000000            1         1.00
     259.839     0.100000        18031         1.11
     473.599     0.200000        36037         1.25
     619.519     0.300000        54072         1.43
     716.287     0.400000        72131         1.67
     827.903     0.500000        90149         2.00
     876.543     0.550000        99119         2.22
     918.015     0.600000       108181         2.50
     956.927     0.650000       117108         2.86
    1005.055     0.700000       126140         3.33
    1061.887     0.750000       135165         4.00
    1092.607     0.775000       139681         4.44
    1118.207     0.800000       144247         5.00
    1140.735     0.825000       148795         5.71
    1161.215     0.850000       153152         6.67
    1183.743     0.875000       157791         8.00
    1192.959     0.887500       159903         8.89
    1203.199     0.900000       162189        10.00
    1213.439     0.912500       164549        11.43
    1223.679     0.925000       166770        13.33
    1235.967     0.937500       169037        16.00
    1244.159     0.943750       170033        17.78
    1252.351     0.950000       171274        20.00
    1258.495     0.956250       172403        22.86
    1264.639     0.962500       173451        26.67
    1273.855     0.968750       174569        32.00
    1281.023     0.971875       175136        35.56
    1287.167     0.975000       175747        40.00
    1291.263     0.978125       176262        45.71
    1294.335     0.981250       176832        53.33
    1297.407     0.984375       177408        64.00
    1299.455     0.985938       177809        71.11
    1300.479     0.987500       177982        80.00
    1302.527     0.989062       178304        91.43
    1304.575     0.990625       178604       106.67
    1305.599     0.992188       178756       128.00
    1307.647     0.992969       178953       142.22
    1308.671     0.993750       179045       160.00
    1310.719     0.994531       179206       182.86
    1312.767     0.995313       179349       213.33
    1315.839     0.996094       179488       256.00
    1316.863     0.996484       179532       284.44
    1318.911     0.996875       179608       320.00
    1320.959     0.997266       179679       365.71
    1323.007     0.997656       179744       426.67
    1326.079     0.998047       179830       512.00
    1327.103     0.998242       179852       568.89
    1329.151     0.998437       179893       640.00
    1330.175     0.998633       179915       731.43
    1332.223     0.998828       179955       853.33
    1334.271     0.999023       179995      1024.00
    1335.295     0.999121       180006      1137.78
    1336.319     0.999219       180017      1280.00
    1338.367     0.999316       180033      1462.86
    1341.439     0.999414       180057      1706.67
    1344.511     0.999512       180074      2048.00
    1345.535     0.999561       180078      2275.56
    1349.631     0.999609       180088      2560.00
    1353.727     0.999658       180096      2925.71
    1361.919     0.999707       180104      3413.33
    1370.111     0.999756       180114      4096.00
    1372.159     0.999780       180117      4551.11
    1373.183     0.999805       180121      5120.00
    1375.231     0.999829       180130      5851.43
    1375.231     0.999854       180130      6826.67
    1377.279     0.999878       180135      8192.00
    1378.303     0.999890       180140      9102.22
    1378.303     0.999902       180140     10240.00
    1379.327     0.999915       180143     11702.86
    1379.327     0.999927       180143     13653.33
    1382.399     0.999939       180146     16384.00
    1383.423     0.999945       180150     18204.44
    1383.423     0.999951       180150     20480.00
    1383.423     0.999957       180150     23405.71
    1383.423     0.999963       180150     27306.67
    1385.471     0.999969       180151     32768.00
    1386.495     0.999973       180153     36408.89
    1386.495     0.999976       180153     40960.00
    1386.495     0.999979       180153     46811.43
    1386.495     0.999982       180153     54613.33
    1387.519     0.999985       180154     65536.00
    1387.519     0.999986       180154     72817.78
    1387.519     0.999988       180154     81920.00
    1388.543     0.999989       180155     93622.86
    1388.543     0.999991       180155    109226.67
    1388.543     0.999992       180155    131072.00
    1388.543     0.999993       180155    145635.56
    1388.543     0.999994       180155    163840.00
    1392.639     0.999995       180156    187245.71
    1392.639     1.000000       180156          inf
#[Mean    =      781.994, StdDeviation   =      337.574]
#[Max     =     1391.616, Total count    =       180156]
#[Buckets =           27, SubBuckets     =         2048]
-----------------------------------------------------------------------
  211845 requests in 1.00m, 32.85MB read
Requests/sec:   3540.07  
Transfer/sec:    562.06KB

=== rps=3800 c=722 t=73 url=http://10.10.1.1:17628 ===
setup: assigned thread_id=1
init: final thread_id=1, base_seed=nil
setup: assigned thread_id=2
init: final thread_id=2, base_seed=nil
setup: assigned thread_id=3
init: final thread_id=3, base_seed=nil
setup: assigned thread_id=4
init: final thread_id=4, base_seed=nil
setup: assigned thread_id=5
init: final thread_id=5, base_seed=nil
setup: assigned thread_id=6
init: final thread_id=6, base_seed=nil
setup: assigned thread_id=7
init: final thread_id=7, base_seed=nil
setup: assigned thread_id=8
init: final thread_id=8, base_seed=nil
setup: assigned thread_id=9
init: final thread_id=9, base_seed=nil
setup: assigned thread_id=10
init: final thread_id=10, base_seed=nil
setup: assigned thread_id=11
init: final thread_id=11, base_seed=nil
setup: assigned thread_id=12
init: final thread_id=12, base_seed=nil
setup: assigned thread_id=13
init: final thread_id=13, base_seed=nil
setup: assigned thread_id=14
init: final thread_id=14, base_seed=nil
setup: assigned thread_id=15
init: final thread_id=15, base_seed=nil
setup: assigned thread_id=16
init: final thread_id=16, base_seed=nil
setup: assigned thread_id=17
init: final thread_id=17, base_seed=nil
setup: assigned thread_id=18
init: final thread_id=18, base_seed=nil
setup: assigned thread_id=19
init: final thread_id=19, base_seed=nil
setup: assigned thread_id=20
init: final thread_id=20, base_seed=nil
setup: assigned thread_id=21
init: final thread_id=21, base_seed=nil
setup: assigned thread_id=22
init: final thread_id=22, base_seed=nil
setup: assigned thread_id=23
init: final thread_id=23, base_seed=nil
setup: assigned thread_id=24
init: final thread_id=24, base_seed=nil
setup: assigned thread_id=25
init: final thread_id=25, base_seed=nil
setup: assigned thread_id=26
init: final thread_id=26, base_seed=nil
setup: assigned thread_id=27
init: final thread_id=27, base_seed=nil
setup: assigned thread_id=28
init: final thread_id=28, base_seed=nil
setup: assigned thread_id=29
init: final thread_id=29, base_seed=nil
setup: assigned thread_id=30
init: final thread_id=30, base_seed=nil
setup: assigned thread_id=31
init: final thread_id=31, base_seed=nil
setup: assigned thread_id=32
init: final thread_id=32, base_seed=nil
setup: assigned thread_id=33
init: final thread_id=33, base_seed=nil
setup: assigned thread_id=34
init: final thread_id=34, base_seed=nil
setup: assigned thread_id=35
init: final thread_id=35, base_seed=nil
setup: assigned thread_id=36
init: final thread_id=36, base_seed=nil
setup: assigned thread_id=37
init: final thread_id=37, base_seed=nil
setup: assigned thread_id=38
init: final thread_id=38, base_seed=nil
setup: assigned thread_id=39
init: final thread_id=39, base_seed=nil
setup: assigned thread_id=40
init: final thread_id=40, base_seed=nil
setup: assigned thread_id=41
init: final thread_id=41, base_seed=nil
setup: assigned thread_id=42
init: final thread_id=42, base_seed=nil
setup: assigned thread_id=43
init: final thread_id=43, base_seed=nil
setup: assigned thread_id=44
init: final thread_id=44, base_seed=nil
setup: assigned thread_id=45
init: final thread_id=45, base_seed=nil
setup: assigned thread_id=46
init: final thread_id=46, base_seed=nil
setup: assigned thread_id=47
init: final thread_id=47, base_seed=nil
setup: assigned thread_id=48
init: final thread_id=48, base_seed=nil
setup: assigned thread_id=49
init: final thread_id=49, base_seed=nil
setup: assigned thread_id=50
init: final thread_id=50, base_seed=nil
setup: assigned thread_id=51
init: final thread_id=51, base_seed=nil
setup: assigned thread_id=52
init: final thread_id=52, base_seed=nil
setup: assigned thread_id=53
init: final thread_id=53, base_seed=nil
setup: assigned thread_id=54
init: final thread_id=54, base_seed=nil
setup: assigned thread_id=55
init: final thread_id=55, base_seed=nil
setup: assigned thread_id=56
init: final thread_id=56, base_seed=nil
setup: assigned thread_id=57
init: final thread_id=57, base_seed=nil
setup: assigned thread_id=58
init: final thread_id=58, base_seed=nil
setup: assigned thread_id=59
init: final thread_id=59, base_seed=nil
setup: assigned thread_id=60
init: final thread_id=60, base_seed=nil
setup: assigned thread_id=61
init: final thread_id=61, base_seed=nil
setup: assigned thread_id=62
init: final thread_id=62, base_seed=nil
setup: assigned thread_id=63
init: final thread_id=63, base_seed=nil
setup: assigned thread_id=64
init: final thread_id=64, base_seed=nil
setup: assigned thread_id=65
init: final thread_id=65, base_seed=nil
setup: assigned thread_id=66
init: final thread_id=66, base_seed=nil
setup: assigned thread_id=67
init: final thread_id=67, base_seed=nil
setup: assigned thread_id=68
init: final thread_id=68, base_seed=nil
setup: assigned thread_id=69
init: final thread_id=69, base_seed=nil
setup: assigned thread_id=70
init: final thread_id=70, base_seed=nil
setup: assigned thread_id=71
init: final thread_id=71, base_seed=nil
setup: assigned thread_id=72
init: final thread_id=72, base_seed=nil
setup: assigned thread_id=73
init: final thread_id=73, base_seed=nil
script_want_response
Running 1m test @ http://10.10.1.1:17628
  73 threads and 722 connections

  Thread calibration: mean lat.: 325.783ms, rate sampling interval: 1041ms
  Thread calibration: mean lat.: 325.785ms, rate sampling interval: 1037ms
  Thread calibration: mean lat.: 325.672ms, rate sampling interval: 1038ms
  Thread calibration: mean lat.: 314.730ms, rate sampling interval: 1023ms
  Thread calibration: mean lat.: 322.800ms, rate sampling interval: 1035ms
  Thread calibration: mean lat.: 305.637ms, rate sampling interval: 1006ms
  Thread calibration: mean lat.: 300.045ms, rate sampling interval: 945ms
  Thread calibration: mean lat.: 299.081ms, rate sampling interval: 947ms
  Thread calibration: mean lat.: 302.840ms, rate sampling interval: 963ms
  Thread calibration: mean lat.: 302.445ms, rate sampling interval: 944ms
  Thread calibration: mean lat.: 297.207ms, rate sampling interval: 934ms
  Thread calibration: mean lat.: 302.294ms, rate sampling interval: 983ms
  Thread calibration: mean lat.: 299.712ms, rate sampling interval: 965ms
  Thread calibration: mean lat.: 307.792ms, rate sampling interval: 985ms
  Thread calibration: mean lat.: 316.554ms, rate sampling interval: 987ms
  Thread calibration: mean lat.: 312.594ms, rate sampling interval: 985ms
  Thread calibration: mean lat.: 319.054ms, rate sampling interval: 983ms
  Thread calibration: mean lat.: 325.942ms, rate sampling interval: 982ms
  Thread calibration: mean lat.: 317.512ms, rate sampling interval: 979ms
  Thread calibration: mean lat.: 321.469ms, rate sampling interval: 985ms
  Thread calibration: mean lat.: 322.220ms, rate sampling interval: 981ms
  Thread calibration: mean lat.: 313.317ms, rate sampling interval: 976ms
  Thread calibration: mean lat.: 319.087ms, rate sampling interval: 982ms
  Thread calibration: mean lat.: 308.689ms, rate sampling interval: 971ms
  Thread calibration: mean lat.: 311.475ms, rate sampling interval: 971ms
  Thread calibration: mean lat.: 301.775ms, rate sampling interval: 971ms
  Thread calibration: mean lat.: 302.513ms, rate sampling interval: 962ms
  Thread calibration: mean lat.: 296.670ms, rate sampling interval: 939ms
  Thread calibration: mean lat.: 298.532ms, rate sampling interval: 957ms
  Thread calibration: mean lat.: 291.696ms, rate sampling interval: 907ms
  Thread calibration: mean lat.: 292.039ms, rate sampling interval: 909ms
  Thread calibration: mean lat.: 306.196ms, rate sampling interval: 1004ms
  Thread calibration: mean lat.: 305.243ms, rate sampling interval: 996ms
  Thread calibration: mean lat.: 318.740ms, rate sampling interval: 1035ms
  Thread calibration: mean lat.: 314.881ms, rate sampling interval: 1016ms
  Thread calibration: mean lat.: 323.345ms, rate sampling interval: 1043ms
  Thread calibration: mean lat.: 322.508ms, rate sampling interval: 1042ms
  Thread calibration: mean lat.: 334.494ms, rate sampling interval: 1044ms
  Thread calibration: mean lat.: 332.327ms, rate sampling interval: 1043ms
  Thread calibration: mean lat.: 334.722ms, rate sampling interval: 1044ms
  Thread calibration: mean lat.: 324.218ms, rate sampling interval: 1035ms
  Thread calibration: mean lat.: 330.317ms, rate sampling interval: 1040ms
  Thread calibration: mean lat.: 332.993ms, rate sampling interval: 1035ms
  Thread calibration: mean lat.: 336.500ms, rate sampling interval: 1034ms
  Thread calibration: mean lat.: 341.070ms, rate sampling interval: 1044ms
  Thread calibration: mean lat.: 333.299ms, rate sampling interval: 1040ms
  Thread calibration: mean lat.: 340.588ms, rate sampling interval: 1044ms
  Thread calibration: mean lat.: 329.774ms, rate sampling interval: 1035ms
  Thread calibration: mean lat.: 329.641ms, rate sampling interval: 1041ms
  Thread calibration: mean lat.: 315.107ms, rate sampling interval: 1000ms
  Thread calibration: mean lat.: 316.396ms, rate sampling interval: 1021ms
  Thread calibration: mean lat.: 320.098ms, rate sampling interval: 1023ms
  Thread calibration: mean lat.: 312.394ms, rate sampling interval: 1004ms
  Thread calibration: mean lat.: 305.113ms, rate sampling interval: 946ms
  Thread calibration: mean lat.: 309.723ms, rate sampling interval: 934ms
  Thread calibration: mean lat.: 303.727ms, rate sampling interval: 914ms
  Thread calibration: mean lat.: 304.756ms, rate sampling interval: 913ms
  Thread calibration: mean lat.: 303.361ms, rate sampling interval: 911ms
  Thread calibration: mean lat.: 295.626ms, rate sampling interval: 909ms
  Thread calibration: mean lat.: 294.881ms, rate sampling interval: 904ms
  Thread calibration: mean lat.: 299.974ms, rate sampling interval: 922ms
  Thread calibration: mean lat.: 315.647ms, rate sampling interval: 1024ms
  Thread calibration: mean lat.: 322.107ms, rate sampling interval: 1035ms
  Thread calibration: mean lat.: 329.206ms, rate sampling interval: 1044ms
  Thread calibration: mean lat.: 332.371ms, rate sampling interval: 1041ms
  Thread calibration: mean lat.: 331.558ms, rate sampling interval: 1041ms
  Thread calibration: mean lat.: 337.854ms, rate sampling interval: 1041ms
  Thread calibration: mean lat.: 340.717ms, rate sampling interval: 1042ms
  Thread calibration: mean lat.: 335.659ms, rate sampling interval: 971ms
  Thread calibration: mean lat.: 340.685ms, rate sampling interval: 1034ms
  Thread calibration: mean lat.: 345.383ms, rate sampling interval: 1039ms
  Thread calibration: mean lat.: 342.125ms, rate sampling interval: 1037ms
  Thread calibration: mean lat.: 334.079ms, rate sampling interval: 1028ms

-----------------------------------------------------------------------
Test Results @ http://10.10.1.1:17628 
  Thread Stats   Avg      Stdev     99%   +/- Stdev
    Latency     2.57s   529.45ms   3.40s    73.67%
    Req/Sec    48.99      4.96    59.00     71.47%
  Latency Distribution (HdrHistogram - Recorded Latency)
 50.000%    2.62s 
 75.000%    2.97s 
 90.000%    3.16s 
 99.000%    3.40s 
 99.900%    3.54s 
 99.990%    3.62s 
 99.999%    3.68s 
100.000%    3.71s 

  Detailed Percentile spectrum:
       Value   Percentile   TotalCount 1/(1-Percentile)

     617.983     0.000000            1         1.00
    1943.551     0.100000        17994         1.11
    2236.415     0.200000        36083         1.25
    2404.351     0.300000        54001         1.43
    2535.423     0.400000        72217         1.67
    2623.487     0.500000        90147         2.00
    2670.591     0.550000        99135         2.22
    2725.887     0.600000       108028         2.50
    2805.759     0.650000       116958         2.86
    2893.823     0.700000       126134         3.33
    2965.503     0.750000       135129         4.00
    2998.271     0.775000       139530         4.44
    3033.087     0.800000       144161         5.00
    3061.759     0.825000       148554         5.71
    3094.527     0.850000       153058         6.67
    3131.391     0.875000       157610         8.00
    3145.727     0.887500       159648         8.89
    3162.111     0.900000       161983        10.00
    3180.543     0.912500       164124        11.43
    3205.119     0.925000       166474        13.33
    3227.647     0.937500       168733        16.00
    3237.887     0.943750       169925        17.78
    3248.127     0.950000       170933        20.00
    3262.463     0.956250       172075        22.86
    3280.895     0.962500       173222        26.67
    3301.375     0.968750       174273        32.00
    3311.615     0.971875       174864        35.56
    3321.855     0.975000       175393        40.00
    3334.143     0.978125       176013        45.71
    3346.431     0.981250       176555        53.33
    3362.815     0.984375       177061        64.00
    3375.103     0.985938       177354        71.11
    3387.391     0.987500       177635        80.00
    3397.631     0.989062       177927        91.43
    3405.823     0.990625       178223       106.67
    3416.063     0.992188       178474       128.00
    3422.207     0.992969       178598       142.22
    3430.399     0.993750       178760       160.00
    3438.591     0.994531       178889       182.86
    3448.831     0.995313       179019       213.33
    3463.167     0.996094       179165       256.00
    3471.359     0.996484       179235       284.44
    3479.551     0.996875       179314       320.00
    3485.695     0.997266       179366       365.71
    3493.887     0.997656       179449       426.67
    3504.127     0.998047       179520       512.00
    3508.223     0.998242       179541       568.89
    3516.415     0.998437       179591       640.00
    3524.607     0.998633       179616       731.43
    3532.799     0.998828       179655       853.33
    3543.039     0.999023       179682      1024.00
    3551.231     0.999121       179707      1137.78
    3555.327     0.999219       179725      1280.00
    3563.519     0.999316       179738      1462.86
    3567.615     0.999414       179753      1706.67
    3573.759     0.999512       179770      2048.00
    3577.855     0.999561       179783      2275.56
    3579.903     0.999609       179789      2560.00
    3581.951     0.999658       179799      2925.71
    3586.047     0.999707       179807      3413.33
    3590.143     0.999756       179816      4096.00
    3592.191     0.999780       179818      4551.11
    3596.287     0.999805       179824      5120.00
    3600.383     0.999829       179828      5851.43
    3604.479     0.999854       179831      6826.67
    3610.623     0.999878       179836      8192.00
    3614.719     0.999890       179838      9102.22
    3622.911     0.999902       179840     10240.00
    3627.007     0.999915       179842     11702.86
    3633.151     0.999927       179845     13653.33
    3641.343     0.999939       179847     16384.00
    3647.487     0.999945       179849     18204.44
    3647.487     0.999951       179849     20480.00
    3649.535     0.999957       179850     23405.71
    3657.727     0.999963       179851     27306.67
    3661.823     0.999969       179852     32768.00
    3665.919     0.999973       179854     36408.89
    3665.919     0.999976       179854     40960.00
    3665.919     0.999979       179854     46811.43
    3665.919     0.999982       179854     54613.33
    3680.255     0.999985       179855     65536.00
    3680.255     0.999986       179855     72817.78
    3680.255     0.999988       179855     81920.00
    3692.543     0.999989       179856     93622.86
    3692.543     0.999991       179856    109226.67
    3692.543     0.999992       179856    131072.00
    3692.543     0.999993       179856    145635.56
    3692.543     0.999994       179856    163840.00
    3710.975     0.999995       179857    187245.71
    3710.975     1.000000       179857          inf
#[Mean    =     2569.545, StdDeviation   =      529.446]
#[Max     =     3708.928, Total count    =       179857]
#[Buckets =           27, SubBuckets     =         2048]
-----------------------------------------------------------------------
  214682 requests in 1.00m, 33.29MB read
Requests/sec:   3587.52  
Transfer/sec:    569.58KB

=== rps=4000 c=800 t=80 url=http://10.10.1.1:17628 ===
setup: assigned thread_id=1
init: final thread_id=1, base_seed=nil
setup: assigned thread_id=2
init: final thread_id=2, base_seed=nil
setup: assigned thread_id=3
init: final thread_id=3, base_seed=nil
setup: assigned thread_id=4
init: final thread_id=4, base_seed=nil
setup: assigned thread_id=5
init: final thread_id=5, base_seed=nil
setup: assigned thread_id=6
init: final thread_id=6, base_seed=nil
setup: assigned thread_id=7
init: final thread_id=7, base_seed=nil
setup: assigned thread_id=8
init: final thread_id=8, base_seed=nil
setup: assigned thread_id=9
init: final thread_id=9, base_seed=nil
setup: assigned thread_id=10
init: final thread_id=10, base_seed=nil
setup: assigned thread_id=11
init: final thread_id=11, base_seed=nil
setup: assigned thread_id=12
init: final thread_id=12, base_seed=nil
setup: assigned thread_id=13
init: final thread_id=13, base_seed=nil
setup: assigned thread_id=14
init: final thread_id=14, base_seed=nil
setup: assigned thread_id=15
init: final thread_id=15, base_seed=nil
setup: assigned thread_id=16
init: final thread_id=16, base_seed=nil
setup: assigned thread_id=17
init: final thread_id=17, base_seed=nil
setup: assigned thread_id=18
init: final thread_id=18, base_seed=nil
setup: assigned thread_id=19
init: final thread_id=19, base_seed=nil
setup: assigned thread_id=20
init: final thread_id=20, base_seed=nil
setup: assigned thread_id=21
init: final thread_id=21, base_seed=nil
setup: assigned thread_id=22
init: final thread_id=22, base_seed=nil
setup: assigned thread_id=23
init: final thread_id=23, base_seed=nil
setup: assigned thread_id=24
init: final thread_id=24, base_seed=nil
setup: assigned thread_id=25
init: final thread_id=25, base_seed=nil
setup: assigned thread_id=26
init: final thread_id=26, base_seed=nil
setup: assigned thread_id=27
init: final thread_id=27, base_seed=nil
setup: assigned thread_id=28
init: final thread_id=28, base_seed=nil
setup: assigned thread_id=29
init: final thread_id=29, base_seed=nil
setup: assigned thread_id=30
init: final thread_id=30, base_seed=nil
setup: assigned thread_id=31
init: final thread_id=31, base_seed=nil
setup: assigned thread_id=32
init: final thread_id=32, base_seed=nil
setup: assigned thread_id=33
init: final thread_id=33, base_seed=nil
setup: assigned thread_id=34
init: final thread_id=34, base_seed=nil
setup: assigned thread_id=35
init: final thread_id=35, base_seed=nil
setup: assigned thread_id=36
init: final thread_id=36, base_seed=nil
setup: assigned thread_id=37
init: final thread_id=37, base_seed=nil
setup: assigned thread_id=38
init: final thread_id=38, base_seed=nil
setup: assigned thread_id=39
init: final thread_id=39, base_seed=nil
setup: assigned thread_id=40
init: final thread_id=40, base_seed=nil
setup: assigned thread_id=41
init: final thread_id=41, base_seed=nil
setup: assigned thread_id=42
init: final thread_id=42, base_seed=nil
setup: assigned thread_id=43
init: final thread_id=43, base_seed=nil
setup: assigned thread_id=44
init: final thread_id=44, base_seed=nil
setup: assigned thread_id=45
init: final thread_id=45, base_seed=nil
setup: assigned thread_id=46
init: final thread_id=46, base_seed=nil
setup: assigned thread_id=47
init: final thread_id=47, base_seed=nil
setup: assigned thread_id=48
init: final thread_id=48, base_seed=nil
setup: assigned thread_id=49
init: final thread_id=49, base_seed=nil
setup: assigned thread_id=50
init: final thread_id=50, base_seed=nil
setup: assigned thread_id=51
init: final thread_id=51, base_seed=nil
setup: assigned thread_id=52
init: final thread_id=52, base_seed=nil
setup: assigned thread_id=53
init: final thread_id=53, base_seed=nil
setup: assigned thread_id=54
init: final thread_id=54, base_seed=nil
setup: assigned thread_id=55
init: final thread_id=55, base_seed=nil
setup: assigned thread_id=56
init: final thread_id=56, base_seed=nil
setup: assigned thread_id=57
init: final thread_id=57, base_seed=nil
setup: assigned thread_id=58
init: final thread_id=58, base_seed=nil
setup: assigned thread_id=59
init: final thread_id=59, base_seed=nil
setup: assigned thread_id=60
init: final thread_id=60, base_seed=nil
setup: assigned thread_id=61
init: final thread_id=61, base_seed=nil
setup: assigned thread_id=62
init: final thread_id=62, base_seed=nil
setup: assigned thread_id=63
init: final thread_id=63, base_seed=nil
setup: assigned thread_id=64
init: final thread_id=64, base_seed=nil
setup: assigned thread_id=65
init: final thread_id=65, base_seed=nil
setup: assigned thread_id=66
init: final thread_id=66, base_seed=nil
setup: assigned thread_id=67
init: final thread_id=67, base_seed=nil
setup: assigned thread_id=68
init: final thread_id=68, base_seed=nil
setup: assigned thread_id=69
init: final thread_id=69, base_seed=nil
setup: assigned thread_id=70
init: final thread_id=70, base_seed=nil
setup: assigned thread_id=71
init: final thread_id=71, base_seed=nil
setup: assigned thread_id=72
init: final thread_id=72, base_seed=nil
setup: assigned thread_id=73
init: final thread_id=73, base_seed=nil
setup: assigned thread_id=74
init: final thread_id=74, base_seed=nil
setup: assigned thread_id=75
init: final thread_id=75, base_seed=nil
setup: assigned thread_id=76
init: final thread_id=76, base_seed=nil
setup: assigned thread_id=77
init: final thread_id=77, base_seed=nil
setup: assigned thread_id=78
init: final thread_id=78, base_seed=nil
setup: assigned thread_id=79
init: final thread_id=79, base_seed=nil
setup: assigned thread_id=80
init: final thread_id=80, base_seed=nil
script_want_response
Running 1m test @ http://10.10.1.1:17628
  80 threads and 800 connections

  Thread calibration: mean lat.: 335.661ms, rate sampling interval: 1035ms
  Thread calibration: mean lat.: 338.989ms, rate sampling interval: 1122ms
  Thread calibration: mean lat.: 337.223ms, rate sampling interval: 1048ms
  Thread calibration: mean lat.: 331.248ms, rate sampling interval: 958ms
  Thread calibration: mean lat.: 327.859ms, rate sampling interval: 972ms
  Thread calibration: mean lat.: 330.076ms, rate sampling interval: 1016ms
  Thread calibration: mean lat.: 335.883ms, rate sampling interval: 1046ms
  Thread calibration: mean lat.: 326.797ms, rate sampling interval: 964ms
  Thread calibration: mean lat.: 311.893ms, rate sampling interval: 895ms
  Thread calibration: mean lat.: 348.461ms, rate sampling interval: 1021ms
  Thread calibration: mean lat.: 352.490ms, rate sampling interval: 1149ms
  Thread calibration: mean lat.: 314.262ms, rate sampling interval: 947ms
  Thread calibration: mean lat.: 358.953ms, rate sampling interval: 1131ms
  Thread calibration: mean lat.: 356.551ms, rate sampling interval: 1177ms
  Thread calibration: mean lat.: 327.182ms, rate sampling interval: 1003ms
  Thread calibration: mean lat.: 313.569ms, rate sampling interval: 1044ms
  Thread calibration: mean lat.: 345.717ms, rate sampling interval: 1097ms
  Thread calibration: mean lat.: 343.196ms, rate sampling interval: 1126ms
  Thread calibration: mean lat.: 355.042ms, rate sampling interval: 1155ms
  Thread calibration: mean lat.: 334.846ms, rate sampling interval: 1034ms
  Thread calibration: mean lat.: 331.451ms, rate sampling interval: 1123ms
  Thread calibration: mean lat.: 319.272ms, rate sampling interval: 1026ms
  Thread calibration: mean lat.: 330.639ms, rate sampling interval: 1036ms
  Thread calibration: mean lat.: 331.979ms, rate sampling interval: 1096ms
  Thread calibration: mean lat.: 325.090ms, rate sampling interval: 1034ms
  Thread calibration: mean lat.: 321.431ms, rate sampling interval: 1028ms
  Thread calibration: mean lat.: 331.070ms, rate sampling interval: 1090ms
  Thread calibration: mean lat.: 335.226ms, rate sampling interval: 1078ms
  Thread calibration: mean lat.: 323.732ms, rate sampling interval: 1049ms
  Thread calibration: mean lat.: 343.382ms, rate sampling interval: 1136ms
  Thread calibration: mean lat.: 335.730ms, rate sampling interval: 1067ms
  Thread calibration: mean lat.: 334.163ms, rate sampling interval: 975ms
  Thread calibration: mean lat.: 347.478ms, rate sampling interval: 1200ms
  Thread calibration: mean lat.: 340.632ms, rate sampling interval: 1039ms
  Thread calibration: mean lat.: 336.038ms, rate sampling interval: 1068ms
  Thread calibration: mean lat.: 330.674ms, rate sampling interval: 998ms
  Thread calibration: mean lat.: 383.683ms, rate sampling interval: 1145ms
  Thread calibration: mean lat.: 360.973ms, rate sampling interval: 1145ms
  Thread calibration: mean lat.: 354.655ms, rate sampling interval: 1073ms
  Thread calibration: mean lat.: 355.752ms, rate sampling interval: 1120ms
  Thread calibration: mean lat.: 337.254ms, rate sampling interval: 1086ms
  Thread calibration: mean lat.: 345.027ms, rate sampling interval: 1020ms
  Thread calibration: mean lat.: 335.151ms, rate sampling interval: 1083ms
  Thread calibration: mean lat.: 344.897ms, rate sampling interval: 1053ms
  Thread calibration: mean lat.: 338.720ms, rate sampling interval: 1018ms
  Thread calibration: mean lat.: 334.399ms, rate sampling interval: 1095ms
  Thread calibration: mean lat.: 351.914ms, rate sampling interval: 1063ms
  Thread calibration: mean lat.: 330.591ms, rate sampling interval: 1044ms
  Thread calibration: mean lat.: 313.875ms, rate sampling interval: 981ms
  Thread calibration: mean lat.: 334.631ms, rate sampling interval: 1034ms
  Thread calibration: mean lat.: 327.699ms, rate sampling interval: 1016ms
  Thread calibration: mean lat.: 316.594ms, rate sampling interval: 991ms
  Thread calibration: mean lat.: 328.162ms, rate sampling interval: 1088ms
  Thread calibration: mean lat.: 335.030ms, rate sampling interval: 1057ms
  Thread calibration: mean lat.: 324.551ms, rate sampling interval: 1034ms
  Thread calibration: mean lat.: 354.799ms, rate sampling interval: 1203ms
  Thread calibration: mean lat.: 322.624ms, rate sampling interval: 955ms
  Thread calibration: mean lat.: 330.874ms, rate sampling interval: 990ms
  Thread calibration: mean lat.: 374.290ms, rate sampling interval: 1199ms
  Thread calibration: mean lat.: 327.840ms, rate sampling interval: 1073ms
  Thread calibration: mean lat.: 356.011ms, rate sampling interval: 1075ms
  Thread calibration: mean lat.: 359.223ms, rate sampling interval: 1132ms
  Thread calibration: mean lat.: 329.461ms, rate sampling interval: 944ms
  Thread calibration: mean lat.: 382.703ms, rate sampling interval: 1216ms
  Thread calibration: mean lat.: 363.109ms, rate sampling interval: 1165ms
  Thread calibration: mean lat.: 383.067ms, rate sampling interval: 1190ms
  Thread calibration: mean lat.: 349.503ms, rate sampling interval: 1018ms
  Thread calibration: mean lat.: 354.977ms, rate sampling interval: 1087ms
  Thread calibration: mean lat.: 370.314ms, rate sampling interval: 1211ms
  Thread calibration: mean lat.: 354.883ms, rate sampling interval: 1039ms
  Thread calibration: mean lat.: 378.472ms, rate sampling interval: 1079ms
  Thread calibration: mean lat.: 386.589ms, rate sampling interval: 1225ms
  Thread calibration: mean lat.: 373.724ms, rate sampling interval: 1081ms
  Thread calibration: mean lat.: 386.609ms, rate sampling interval: 1134ms
  Thread calibration: mean lat.: 376.623ms, rate sampling interval: 1121ms
  Thread calibration: mean lat.: 350.676ms, rate sampling interval: 1001ms
  Thread calibration: mean lat.: 355.434ms, rate sampling interval: 1043ms
  Thread calibration: mean lat.: 360.108ms, rate sampling interval: 1106ms
  Thread calibration: mean lat.: 347.993ms, rate sampling interval: 1024ms
  Thread calibration: mean lat.: 361.541ms, rate sampling interval: 1072ms

-----------------------------------------------------------------------
Test Results @ http://10.10.1.1:17628 
  Thread Stats   Avg      Stdev     99%   +/- Stdev
    Latency     2.81s     1.71s    6.18s    53.08%
    Req/Sec    43.98      3.49    51.00     80.18%
  Latency Distribution (HdrHistogram - Recorded Latency)
 50.000%    2.78s 
 75.000%    4.25s 
 90.000%    5.22s 
 99.000%    6.18s 
 99.900%    6.53s 
 99.990%    6.71s 
 99.999%    6.77s 
100.000%    6.82s 

  Detailed Percentile spectrum:
       Value   Percentile   TotalCount 1/(1-Percentile)

     201.855     0.000000            1         1.00
     693.247     0.100000        17760         1.11
     905.727     0.200000        35477         1.25
    1271.807     0.300000        53186         1.43
    2146.303     0.400000        70922         1.67
    2783.231     0.500000        88640         2.00
    3037.183     0.550000        97504         2.22
    3291.135     0.600000       106356         2.50
    3606.527     0.650000       115213         2.86
    3954.687     0.700000       124093         3.33
    4251.647     0.750000       132932         4.00
    4395.007     0.775000       137417         4.44
    4534.271     0.800000       141807         5.00
    4681.727     0.825000       146335         5.71
    4849.663     0.850000       150756         6.67
    5021.695     0.875000       155117         8.00
    5119.999     0.887500       157368         8.89
    5218.303     0.900000       159527        10.00
    5324.799     0.912500       161735        11.43
    5439.487     0.925000       163993        13.33
    5554.175     0.937500       166192        16.00
    5615.615     0.943750       167302        17.78
    5681.151     0.950000       168437        20.00
    5738.495     0.956250       169509        22.86
    5799.935     0.962500       170646        26.67
    5873.663     0.968750       171764        32.00
    5906.431     0.971875       172261        35.56
    5947.391     0.975000       172868        40.00
    5984.255     0.978125       173405        45.71
    6029.311     0.981250       173951        53.33
    6078.463     0.984375       174481        64.00
    6107.135     0.985938       174764        71.11
    6131.711     0.987500       175031        80.00
    6160.383     0.989062       175302        91.43
    6193.151     0.990625       175582       106.67
    6234.111     0.992188       175871       128.00
    6254.591     0.992969       176007       142.22
    6275.071     0.993750       176145       160.00
    6299.647     0.994531       176290       182.86
    6324.223     0.995313       176415       213.33
    6356.991     0.996094       176556       256.00
    6373.375     0.996484       176628       284.44
    6393.855     0.996875       176700       320.00
    6410.239     0.997266       176758       365.71
    6434.815     0.997656       176825       426.67
    6455.295     0.998047       176893       512.00
    6467.583     0.998242       176929       568.89
    6483.967     0.998437       176967       640.00
    6500.351     0.998633       177003       731.43
    6512.639     0.998828       177032       853.33
    6537.215     0.999023       177070      1024.00
    6549.503     0.999121       177091      1137.78
    6557.695     0.999219       177101      1280.00
    6569.983     0.999316       177119      1462.86
    6590.463     0.999414       177142      1706.67
    6602.751     0.999512       177154      2048.00
    6615.039     0.999561       177166      2275.56
    6623.231     0.999609       177173      2560.00
    6631.423     0.999658       177179      2925.71
    6647.807     0.999707       177188      3413.33
    6664.191     0.999756       177198      4096.00
    6668.287     0.999780       177202      4551.11
    6676.479     0.999805       177207      5120.00
    6680.575     0.999829       177209      5851.43
    6688.767     0.999854       177214      6826.67
    6701.055     0.999878       177218      8192.00
    6709.247     0.999890       177224      9102.22
    6709.247     0.999902       177224     10240.00
    6709.247     0.999915       177224     11702.86
    6725.631     0.999927       177228     13653.33
    6729.727     0.999939       177230     16384.00
    6729.727     0.999945       177230     18204.44
    6737.919     0.999951       177231     20480.00
    6746.111     0.999957       177233     23405.71
    6746.111     0.999963       177233     27306.67
    6750.207     0.999969       177234     32768.00
    6758.399     0.999973       177236     36408.89
    6758.399     0.999976       177236     40960.00
    6758.399     0.999979       177236     46811.43
    6758.399     0.999982       177236     54613.33
    6770.687     0.999985       177237     65536.00
    6770.687     0.999986       177237     72817.78
    6770.687     0.999988       177237     81920.00
    6791.167     0.999989       177238     93622.86
    6791.167     0.999991       177238    109226.67
    6791.167     0.999992       177238    131072.00
    6791.167     0.999993       177238    145635.56
    6791.167     0.999994       177238    163840.00
    6823.935     0.999995       177239    187245.71
    6823.935     1.000000       177239          inf
#[Mean    =     2806.713, StdDeviation   =     1709.566]
#[Max     =     6819.840, Total count    =       177239]
#[Buckets =           27, SubBuckets     =         2048]
-----------------------------------------------------------------------
  214753 requests in 1.00m, 33.30MB read
Requests/sec:   3587.95  
Transfer/sec:    569.67KB
